entity_type_id,entity_category,entity_name,synonyms,source_node_ids
ee9e720e-f8f7-515f-bd6b-ac18bf716e42,BUSINESS_TYPE,1차 금속 제조업,1차 금속 제조업,"lcell_1e71106fd4f8,lcell_59703316fad1,lcell_64ca24e28b16,lcell_88c9c211144c"
8a8e0f67-b361-51df-90cc-b92938989113,BUSINESS_TYPE,「광산안전법」 적용 사업,「광산안전법」 적용 사업,lcell_e1f1ef2cbd19
13b8e77e-0ab7-52ea-bfd0-74941ef3f306,BUSINESS_TYPE,「선박안전법」 적용 사업,「선박안전법」 적용 사업,lcell_d6e4fb5ac0b2
52d4a814-cc51-5709-a1c9-94a85b7111e3,BUSINESS_TYPE,가구 제조업,가구 제조업,"lcell_2edd5245b32f,lcell_5b6602097cb7,lcell_c240b21a186d"
539c1710-46f4-518d-abba-307b65a6da23,BUSINESS_TYPE,개인 및 소비용품수리업,개인 및 소비용품수리업,"lcell_37cc3f5cd943,lcell_4109f6d867fe"
4b3f5d2d-3b6b-5075-a41a-7772f9224f7e,BUSINESS_TYPE,건설업,"건설업,건설사업,건설공사","00260d39a5d5f073fbefc7ae5b7defa1e508aca3,00ada21a2e668ce5bb13ba1d08a94bd6cb8b570e,01299d252aca616c0af2e916c73630b0316e97c9,037993e1318f42e3699a0080c34eb3bb319bdcfb,072e448790bd98c77b3d653c799e7d0918d2cc59,0754d332fd260d3fa6407bc7822860d93daccb9a,0ad65858830074a5be83d0aaf8512533cdf242f8,0cfacf92d69809c2e1d6e6324c35c327982adfc3,0d4ae765f2ff8814974672ebdda19b9d498cf83d,0e25deea2a454cb389386fbbce0e2fafe9377f69,11ba9f2ad908a1560a2b9121a53e426158464263,11eb065da9c5a7ced226b209df105d364a6920a6,125900ef6ce210ffeb112b8f412ca5836f823e34,132c508f74c081c28ecf14c02ebaa42a38349d03,150c453fe9b5d7a7341a9c660448a9408b13c8e0,17cfe75a731234433990930c33bd8c0058d6947c,1a6600d74037ad34b822a0afef646edf8a103e33,1a85381bd85002233dbe5ba9d36c4ad14b689bc1,1bd522e28efa1ef4bf023d11b1bc6176a26add90,1c1bfedbe057a45368af3b7bc09743ca40a6aa83,203b3a9157766536b84feda40dfffb3a3d8b9dac,206396a0a448704b8bddf8a99a302e5db0446a70,21146f7223e868ed2aa4f5d88f24c6ae2ae238f9,2118036744b7bec3612d6faa3d5ecb3129c0234e,2256e03588fac58d1b0e8e1e9ee7a95235045f0f,2521dcb01caf8da8a083a598abb55069b3cbe9a2,277db02ed7cc96a671a156b45e9d705f2ba2b81e,2a42c5e85976e4397668c88079994b873b20770e,2d6ef29b2a4699dfd2c9cd5b09d26ad7b96bafb9,30d9a1a4b43443d96e128dda832bae7580edb5c2,332d27927cd0eacbab56835131f66676c7d3ca10,3384984e4c1b16a8a47c92343164605664324204,33bd3326601261945fadbd5646601549eadef5df,33ebb9c51750a05881eccf62afb73a39a9ba80bf,3475cc94b179e632893c60d233dbdecf2a489a09,34d3efde320a14bf898826546be5e44f1f61d6cf,35b1c2f152abed09003a94ff3894b06e1573147b,378232907a13a6844f848a9704a0623461be3b11,390f7b90f829e08cbd8f877b69711524b2241610,39680d61fc88c5928755b47b8c89699e933513ae,39ec77309e999461e3fa872261370c76afce4f07,3c7c6b553ad2ec9e1a744db5440c80be1608c56d,3e410e34452f55d80c90a4453e5be77b9c7d8882,3ecdf002bb7baef141ad3df128436eca485ff495,3f078260cf117770dfecd9052e72b527b004543f,3f9824fd33793a6d30d26a6518bc9a1460fbc77b,3ff6e24d24d9e7c44b3e6187b5337268550a9ad7,4069523f168191043fb1bef6ea38547c7861e94b,41c7348fce29c424c4a34a878b9923194a0dc256,42e93568fd71794a6390ecd383f0c7ac8c709436,42faee602c8d067b30d3450365ad11a569ac4108,436e9f6f6d8466018efd74c256379aaafd9df113,4479bd1cb9fccdb0cb918429ec8b6221f20ecb75,44ce7b83fa3fd12fd85a2857b810e234c52e7c57,48625cb76465294513fa06c51d1182f846698c1c,488c235461e909b263ac6871d06ca0d1df6516fe,4ca1bbb6dc7340f8decb86a92c89e40f81c0efdc,4e1cda9fe81abfbccc0e37da93ba30e18263f10b,4fe4adb59e279370de46d7b19be578db22a4b5cd,513bed6711254b66d5a22e25e7112c8e08614930,528fbec2795cdc391eb0ab0a75d04ae9036d7268,55f7e26ec92db9338f2f105c6d189af28424ccb9,56ff4768185454f63a1f5f4c946baa5cb13f7ad6,579a112b70cb6620bffb8d3f3580c73c4bf8041a,5b7e1b5bbb142e0ab964cc610ef78aabb6a283c1,5de26f61dbe9d40cf8b8d9502166b0f1a084268f,5de6e80ce23089ec9779e00dd230e5c40212faee,602daa2daf1255addeb75fe4653ff8dd0ac2df4e,6158f0fe9be158991eabc8ffdca9f55a87f5f5de,618e3766899fe71f2ff527f7181710bb840e6351,62b56d104b7b424b7a3ac2bc7ebefac3459c0fbb,63a9b718e05eb886e9a8ac362816bdbe6e17d769,64d9e0b9665a9eaf16677cd86ce6352be88e7e4e,660f611180c6df067a45b03dabbef49358739218,662ed0a9f761362ed9afb4510d6fc41d147d1370,67096c9b9d9a0ef1d7e623bfe08393ea9021490a,672b34d8f37c3caa37d1ae4c5e566a8c8aac0451,6abe1c9adfd9daa730c26a370683ab491edbb196,6b1b6e903ef30e4b7eaf4eafaba074ddbabf7b59,6b1bc0eab331467e65ec14653e8b258543a45245,6d7c90fca2ed0efb3402b2f12c813e5bafcac7a1,713069253a3c3f468f08c33b99cedbdb4beeee3c,71b510d40b7c33d5ed111b57c50cd89b58f069ac,71d2d2097ab0fd17a11cb68f75d077bbf9646670,725ccdcb9087e50bb2e435900e75772750c5209a,7725cafa4d4c29619984061036321095d9b74500,77a8cb4c35deca71df7006294b8e5264aedb2785,77c89ffdc9805e35c3a0e111f8503162dedf5b01,7876f1b540dc7f72351434cf59364648fbcb0016,789062a35118bbbd693fcba1f1d145cab9b5a14f,791142e4291a7da97166f67e51b0a755b9d38cb7,79872497b5931d034ad6797b620b1c198aa20cc8,7b111a2558939182224e17774ad8a90ac00ef246,7b9fcc4f8f685ce805bbe2b933b010b552f569bc,7c6c23d1fadd9c7cafe5446a3332f7c6e5defec0,7d1ac7473cf9011287ebd4fdcf90a47798b6755e,7dc8ad3587418c8a2318c4732577c9699cf357ee,8061e54f6a3b142969ec0ab308262f74eea7581f,8b1b0aa625874f746de26fc63ba100fb59f793df,8b241b7faede456b579eac01096dccc971e19955,8c86e77312ebcf2f09a9f8be98fd43dcd5ed7c83,8cf864997c512f8a1cef5c3e10b46aac69d90a22,9157d98e32ae143f2c1439939c940fe3fecc1c27,92ae0a255ccacf98365b9f2f371d5d86abdffcff,93f63f00b1cb12c50300e018a58b0f6c7e1672bc,94439af0d147788143ffae41cd7ca497b5497420,9477e4006aa817f3d0ff532cb4197e201ea42b0b,991c4857e3a77c3b0a70a18701ec004b5fb494d6,9c1343c3af776e51076672cc7af61829ffde54a2,9d5c32065c8d2cf3aa14932aa2b44dcc4d47580b,a186fb56832a647089af5ca41789451b35d46770,a33c022f36b9966b1931ef5245dc3d54717b4de9,a5750f10b58f2177737caf09e01a485be0edb792,ad2b6d908dcd80ffab79ba0d8574a78d5f55eded,ae18a088dde6a18688967fe37d2e25b673712637,ae49ab8870aa05dc885cb49fc01c66a6cef37377,af868d41a2d77f22b8a4c969e5c8901bbd28684f,b2095b1cfa6de00f25ed7aca79cb63d213be3e75,b260200d869fb5b407ca285ff95353c269e26697,b26b65537b3927318ead273169dc02167edc54f6,b3131bf4878a1e352af67f544e90863f6c5cc737,b323848e709dd59a4d87a6c8c31d12522d0128e1,b4cff56b59ef1fcc527e587d3b75264358a2035a,b56072d08936d91d62a725941a5ede6b2f90fe85,b5828289ae17d42c96552e6b4519c8a1ac2406ee,b621fe3261674a1cdaf798e09f74216171f7746e,b6b71c15541a93803fb4915a786829d59ba72859,b923913e548f0a4d039dd9419fde999e46c10f6f,bb0143078132ee42ef93c6d4a7c7a5f519c6a70c,c19422b0bb08231b4dfd2480ede76cd88a320875,c1da1dd248e8e978628de0c8c366b9a768f8714a,c1ffdc99d2133f3d52c1ccdedc40e9fec6f23cbf,c25979319f4768db1be654a0331d6b64a665eca1,c4ad94be82c65992624be5d0366fb652f50a249b,ca6dc7ea2c5bbb3d46130ec534c64ea4c44c3749,cd1e1d907e918f706bda77877d69ad79da2e911f,cd7fc810d513115dcaf07ab64c1b77aac5b20552,cefc70ccf635a11fab3c11c9c85ef9e7b2cabcc7,d0195e2361452c3b79ffacde7cf189851030d8b9,d0fc72abf79b68bdd6273fcfd1f7cd6620fc32fd,d3a465bc9a721d8ca000c1297a6db8f748dc6ae6,d42f4204dc29b70a1a1e148c2aa4fe566c62754f,d452a2772f8559470fdea8a266c67c59e2333b0d,d5ecf27d56b7745c66107d056bc9317c3fe906fb,d6422a5281b71b930972e696aaa4dc95af39f08d,d8d8fb5f8e72fbc6a0b3c6c91631059b08b679f8,dbd29464b7e655deb4832987b923032a117c5428,dcbc64a98d0d0894086fa5fbcd986abb44015064,dcd8d599864735766e0c1d10c70195f91ba39f93,dd1e5dae9efa5b53a91547e77363646045935838,dd81dbe06c56fd591590eb67ac86d1a7cda5e051,df32371b9e2269355a0fc2e32e9ba5526733b2cc,e325b96ecbe7e1422abdb86832c085c06d49d231,e336be71414926ca29435e88d15e14deeece399b,e3bf818bd207e6a479abb19b57ba6d8235992858,e7d0db33e14d5d01a0b66fe02124a704256391b9,e9f82f4f101797f857a73020294be2ec6f489fa9,ebae56b3fa95d7909970cc4cf5f3685cdf7f07c4,ebe44e1c448e3cd35fa790414164564f6919cc42,eefb107f5a971ae6079f011bf9abc3a6742d326f,f07ca8aec336e7fcbe21289769c82ec1d7599341,f20827c660c7e55d69a7505065c5f1b08a2f8dbf,f4fa7f8767facffd155490bf13342cf125a00c1b,f51085b109d1932723a12b50099765f19f0ec2e8,fa156fd4243ef5cae2f5f6350d33c2317130f138,fca22db02ac5cc3c6412c321f17ce0e5c23c2dc7,fec8a2a238dedf600620429858b6a2e0cdbfe374,ff101b85132b63e3cb5d99159f5704ea4ecad388,lcell_07bb0735fca5,lcell_11de027b0e31,lcell_158faf4cdad5,lcell_17d87eab86b6,lcell_222fd2c8aae8,lcell_3ae88a6a30d6,lcell_4e05a6f0ddd1,lcell_50331cde2a08,lcell_5627eb7b396a,lcell_5c3954252fb7,lcell_5ecb66d717d0,lcell_639fe3f033cc,lcell_641ae08358b6,lcell_6476211f8805,lcell_67412934400d,lcell_6ca10f1881fc,lcell_794b4825c75d,lcell_7c1dbc860814,lcell_81ea01d92c1b,lcell_8d1ed03af63d,lcell_8f790f6dc907,lcell_998c63f51c96,lcell_9c557d4eda65,lcell_a5659f9c0d73,lcell_a7b630e2f6cb,lcell_aa6c6dff1a06,lcell_acabc669f179,lcell_b06cca1f2cea,lcell_b6a1093b2dfd,lcell_bf14569636c5,lcell_ce7ba91f1e6e,lcell_d55bfb4a78c3,lcell_d5d6dcea6cb9,lcell_d864cb7f038b,lcell_e1e3788d52b5,lcell_face827a6a3c,lrow_06209fd59600,lrow_0a1d42acb088,lrow_0f55e485a2d8,lrow_11117aaeb677,lrow_122b90b047f2,lrow_17e6b5c3635c,lrow_180d62a20417,lrow_1bb335817b0f,lrow_1e53f7c48d1c,lrow_245d02223935,lrow_248693762983,lrow_26ead9b908d8,lrow_290cb590cddf,lrow_2a50862b89d7,lrow_313f74d6175a,lrow_3715bf027585,lrow_377d2624fb8a,lrow_399c48948023,lrow_3d3f7548df1d,lrow_4127b40f472c,lrow_417e2d4ddc93,lrow_42646a08ec23,lrow_4299987e530f,lrow_42f26f435cac,lrow_439283cba0a6,lrow_440b4dacf5d1,lrow_4477934ddec7,lrow_45d5c01a6623,lrow_45e97b19dbf1,lrow_46fe67656a55,lrow_4a2dd1e10eb7,lrow_4aacc72bcc11,lrow_502ac4223314,lrow_527d61450735,lrow_53015dd74f41,lrow_5641421e814c,lrow_5a88cf0ec41f,lrow_6099b314d6fd,lrow_60e805f3a443,lrow_614aa28f7f83,lrow_65256c124b4c,lrow_6988feb9017d,lrow_6dc0991f2d90,lrow_71cd2034356c,lrow_74f97b4954f5,lrow_775c0956d03c,lrow_77e67471fcb7,lrow_7975b2b81946,lrow_7f896a89c213,lrow_809040c1be77,lrow_8190ac1f636d,lrow_836bb3e08b50,lrow_88fc0a0fb63a,lrow_8b20bed2e0bc,lrow_8f3c67f177a0,lrow_8fa6e878734a,lrow_918c8723a59c,lrow_927b84bcb45f,lrow_92b020d99ae3,lrow_9d61fbe63698,lrow_9f857cc99d07,lrow_a1334d95229e,lrow_a16b73ccfb24,lrow_ab6f847c5e3d,lrow_ac525b16a1b4,lrow_b638e7e5326c,lrow_b649c768ce58,lrow_b71bc96d0584,lrow_bbaf4dcc24fb,lrow_c231262f6a89,lrow_c716e645620c,lrow_cd120bbb1819,lrow_cd31bef3e816,lrow_cf62639417f4,lrow_d7d81e661f52,lrow_da907eeb43e0,lrow_dced73955fde,lrow_ddac78687d84,lrow_deb92b5fc054,lrow_defb69374ac9,lrow_dfb5b794a037,lrow_e286a3b98d9d,lrow_e876e0c891ce,lrow_e97d10f6492b,lrow_ea629640b5b0,lrow_ebb18aa60302,lrow_f47ad72cc3e4,lrow_f6ca7c56a3d2,lrow_f7a9ff8207d6,lrow_fbc48cf10e5a,note_3b12cafe874f,note_67bf5cc358b8,note_693da2d12c65,note_97a0b6bccbe5,note_b1219031fee9"
962174f9-d978-56bf-b6e6-7ee2e8001a2f,BUSINESS_TYPE,"건축기술, 엔지니어링 및 기타 과학 기술 서비스업","건축기술, 엔지니어링 및 기타 과학 기술 서비스업",lcell_cf6709e5133d
2a3e4cd3-d489-59f6-bcab-3018024ee324,BUSINESS_TYPE,고무 및 플라스틱제품 제조,고무 및 플라스틱제품 제조,lcell_86a64c8509ad
24403881-3b8e-54c2-8652-4a65ea282afb,BUSINESS_TYPE,고무 및 플라스틱제품 제조업,고무 및 플라스틱제품 제조업,"lcell_6230978751c1,lcell_f17b89e64b5e"
ecc8f543-361f-5187-a69e-11e807abdb66,BUSINESS_TYPE,골프장 운영업,골프장 운영업,lcell_10b7c36cbe47
cbf70014-a6ce-5490-a516-899fb55c7b97,BUSINESS_TYPE,공 및 가죽 제조업은 제외한,공 및 가죽 제조업은 제외한,lcell_111e46e2dcd4
a9a4008b-458c-557f-ab23-f6cc064736f1,BUSINESS_TYPE,공공행정,공공행정,"lcell_75d69a2a3668,lcell_f412b2f4228a"
b700cee4-affd-55bb-9a44-b3e72c18e0ee,BUSINESS_TYPE,"공사금액 1,500","공사금액 1,500",lcell_6d545355010b
1307bd30-edd4-5d4a-b33e-dc2ff5b4f92f,BUSINESS_TYPE,공사금액 120,공사금액 120,lcell_c23daca484ef
be69c2cc-9eb9-5a82-9835-78844411350f,BUSINESS_TYPE,"공사금액 2,200","공사금액 2,200",lcell_3540e9c46194
e9ab7945-19cc-54c4-8faa-6b5243f3c28d,BUSINESS_TYPE,"공사금액 3,900","공사금액 3,900",lcell_d3143fe613b1
1940dc4b-548e-5357-a55b-ad738df7bdfd,BUSINESS_TYPE,공사금액 3천,공사금액 3천,lcell_94f99476ed40
5f222bd1-ffdf-5712-9bea-041edce8a293,BUSINESS_TYPE,"공사금액 4,900","공사금액 4,900",lcell_51289c6759b7
4cbd646c-5a63-5d18-9668-c857561fd56d,BUSINESS_TYPE,공사금액 50억,공사금액 50억,"lcell_56a9b9248f81,lcell_aa6c6dff1a06"
8d385557-183c-5ca0-80f6-6650e62b01fa,BUSINESS_TYPE,공사금액 6천,공사금액 6천,lcell_bc519d5e4f84
ef9624df-7010-5bf8-badd-c5bd65c05c9d,BUSINESS_TYPE,"공사금액 7,200","공사금액 7,200",lcell_e0061a6b730f
526b27af-f82a-5800-8032-83602b081f77,BUSINESS_TYPE,"공사금액 8,500","공사금액 8,500",lcell_6bb58505d206
1130e2c6-7202-5730-933e-007962ba5246,BUSINESS_TYPE,공사금액 800,공사금액 800,lcell_6b14bac3dca6
23620f9a-272d-548a-8262-bbfad6e46ec4,BUSINESS_TYPE,교·외국인학교 및 대안학교 외의 교,교·외국인학교 및 대안학교 외의 교,lcell_1ff8a51a2383
ce0d1f99-145a-5098-aa00-69a1ce9eb1a7,BUSINESS_TYPE,국제 및 외국기관,국제 및 외국기관,lcell_e4c3dc086eef
5c1666a8-ec05-5371-b40c-0cda46d38fbc,BUSINESS_TYPE,금속가공제품 제조업; 기,금속가공제품 제조업; 기,lcell_a311338e6e59
3639cc9a-6b23-50bb-af41-27bc420d1cb3,BUSINESS_TYPE,금속가공제품 제조업; 기계,금속가공제품 제조업; 기계,lcell_794b017fe7c4
5eb0c653-0211-5d50-bedb-ba47f86b9b67,BUSINESS_TYPE,금속가공제품 제조업; 기계 및 가구 제외,금속가공제품 제조업; 기계 및 가구 제외,"lcell_005b6717738b,lcell_104445004f94"
b810ab9b-7315-59c6-b131-0ed322f0aae2,BUSINESS_TYPE,금융 및 보험업,금융 및 보험업,"lcell_0e8257d20ac5,lcell_52e265424c7a,lcell_811052e6bac4,lcell_dc6a6ba639ca"
0edc043a-107f-5f6e-8e59-82699d4af85d,BUSINESS_TYPE,기본법 시행령」,기본법 시행령」,lcell_74e004a49d7d
2afc3e25-f49d-5389-a6e6-293c4e7de81c,BUSINESS_TYPE,기타 개인 서비스업,기타 개인 서비스업,"lcell_4d34d7ceb4f3,lcell_bbada087eec5"
1df76ec8-392e-5b1f-b214-9832d7e3cfc0,BUSINESS_TYPE,기타 기계 및 장비 제조업,기타 기계 및 장비 제조업,"lcell_ade9f1b13135,lcell_ae3ca81fe689,lcell_be7d6872a41b,lcell_e92777a7228f"
35a3a259-65e6-59a6-9f86-9797d4feb12c,BUSINESS_TYPE,기타 운송장비 제조업,기타 운송장비 제조업,"lcell_234329d53d71,lcell_9960a858eee8,lcell_a97d20de2240"
278a8ddd-3080-596a-8fef-161fa0020661,BUSINESS_TYPE,"기타 전문, 과학 및 기술 서비스업","기타 전문, 과학 및 기술 서비스업",lcell_e1c80cf21698
0b15a327-04a1-5225-abd5-f4bcd1ef08ee,BUSINESS_TYPE,기타 전문서비스업,기타 전문서비스업,lcell_849722562f4e
bfdfe165-bf36-582e-bc1f-7cdf62238a87,BUSINESS_TYPE,기타 제품 제조업,기타 제품 제조업,"lcell_5dd11142bf71,lcell_71b0a9feb2f2"
e697a311-40fd-5fcc-a214-3d3d83c83461,BUSINESS_TYPE,녀: ) 총 명,녀: ) 총 명,note_f8c45e75f00c
b7f480d7-ad8e-5f3e-ab17-1cdb561b7d3d,BUSINESS_TYPE,녹음시설 운영업,녹음시설 운영업,lcell_fb8a9dbc2eab
15b10ce4-6fa4-52fe-bb68-c51802118fe7,BUSINESS_TYPE,농업,농업,"lcell_0892965c6062,lcell_29ba380ecce9,lcell_b20b1639f2c7"
1ae5baeb-c17b-5f8b-bf94-2483f3576509,BUSINESS_TYPE,"농업, 임업 및 어업","농업, 임업 및 어업","lcell_0990dc0eebc4,lcell_c6097273a6db"
72051d2c-b2c1-53a6-bd4f-fe9f41403d48,BUSINESS_TYPE,대상 사업 또는 사업장,대상 사업 또는 사업장,lcell_f660d490d70c
f8fdb2a7-b02a-544d-89d3-7a3df4a2da29,BUSINESS_TYPE,도매 및 소매업,도매 및 소매업,"lcell_2df4c7cd8458,lcell_449bfa3cced2"
c5a68f59-ad92-5a2a-b680-bb9cda9ae6ed,BUSINESS_TYPE,"등의 공정으로 한정하며, 제조공정","등의 공정으로 한정하며, 제조공정",lcell_a9e106f509de
9d1a475e-9632-546e-a76e-f503c95ffab4,BUSINESS_TYPE,라디오 방송업 및 텔레비,라디오 방송업 및 텔레비,lcell_b6fc9a024fbc
1344e509-a7c9-53d3-b6fd-5385e98a73ba,BUSINESS_TYPE,라디오 방송업 및 텔레비전,라디오 방송업 및 텔레비전,lcell_24724aa307b9
519048f1-14a2-55db-a9d1-baefe5f1078b,BUSINESS_TYPE,라디오 방송업 및 텔레비전 방송업,라디오 방송업 및 텔레비전 방송업,lcell_4e5254bb8972
c4a413d7-e3be-52ee-b4b9-a6ad3dbf4eac,BUSINESS_TYPE,로 할 때 공사,로 할 때 공사,lcell_863d05a17d41
c3059aca-ebc8-594e-8bb3-59f9c5e7d08b,BUSINESS_TYPE,명까지만 포함될 수,명까지만 포함될 수,lcell_6cc538939756
6aaf4646-172d-5b1a-b70a-6a59b2748599,BUSINESS_TYPE,모피제품 제조업,모피제품 제조업,lcell_c79ccb1c9c2e
a6db8862-0058-5b75-8a2a-837e794ba01d,BUSINESS_TYPE,목공사업에 속하,목공사업에 속하,lcell_05b6b1441ce3
dcfc4d77-028c-5693-aa88-752b09f8d6f6,BUSINESS_TYPE,목재 및 나무제품 제조업,목재 및 나무제품 제조업,lcell_52588dea943c
0b1230ec-e4c5-5048-b31d-a82572dd1614,BUSINESS_TYPE,목재 및 나무제품 제조업; 가구 제외,목재 및 나무제품 제조업; 가구 제외,lcell_fa6ce503a0a5
34cb6e85-3e4c-5ba8-ba76-11a4a9eacb11,BUSINESS_TYPE,목재 및 나무제품 제조업; 가구제외,목재 및 나무제품 제조업; 가구제외,lcell_1c7e1cf3cbd6
32f8c5e1-d434-5d98-9964-38ede8d04eb5,BUSINESS_TYPE,발전업,발전업,lcell_75c6952f88ce
8af5bc3c-01cb-5bad-8140-d7004168b602,BUSINESS_TYPE,보건업,보건업,"lcell_28320d804147,lcell_4047e152c518,lcell_65e673155ce6"
d4523efe-f094-5071-9ab1-33f9732e31f0,BUSINESS_TYPE,부동산업,부동산업,lcell_68ec93aa7183
5f385a65-ccda-5ce7-9253-2ff9361d918e,BUSINESS_TYPE,비금속 광물제품 제조업,비금속 광물제품 제조업,"lcell_41ab76748e0a,lcell_51696b1eba91,lcell_d8c2b43ef86f,lcell_e43a923403db"
02a4e311-a5d8-5263-b2a5-48451c1de45d,BUSINESS_TYPE,사를 시공하는 업,사를 시공하는 업,lcell_9791f76c0221
78eae13e-cf8b-5ef8-8c6d-aa94739091cb,BUSINESS_TYPE,사무직에 종사하는 근로자만을 사 용하는 사업장,사무직에 종사하는 근로자만을 사 용하는 사업장,lcell_4f28e7921b50
22e2082b-fc7b-5ebf-9dc3-90e8708a166c,BUSINESS_TYPE,사업시설 관리 및 조경 서,사업시설 관리 및 조경 서,lcell_d884e5d6a4a9
3eb8cf28-df9e-5ed0-a4ad-37b723566b05,BUSINESS_TYPE,사업시설 관리 및 조경 서비,사업시설 관리 및 조경 서비,lcell_961fa612d09b
6fcb9ea2-275f-5843-9e8d-8a0420b73752,BUSINESS_TYPE,사업장의 상시근로자,사업장의 상시근로자,"lcell_29788da6520e,lcell_508a04cc2167"
b8743e88-6f80-5e90-84fd-bc7c6e09fff6,BUSINESS_TYPE,사업장의 상시근로자 수,사업장의 상시근로자 수,lcell_1a2bc8c4e39c
917d1287-1ee0-5960-91f5-dec357602209,BUSINESS_TYPE,사업지원 서비스업,사업지원 서비스업,"lcell_260ebeac6941,lcell_412de07780cb,lcell_8c59779a0891,lcell_c2cf0c373dd3"
a78157b5-0c56-5d28-b751-dc329b750d38,BUSINESS_TYPE,사진 처리업,사진 처리업,lcell_6289cbac4025
74ee164d-b5d9-5df0-a10d-ab2f8d3e2ae5,BUSINESS_TYPE,사진처리업,사진처리업,lcell_b27b27b410a6
9cd02498-ce26-503b-99e0-e833388d4bfa,BUSINESS_TYPE,사회복지 서비스업,사회복지 서비스업,"lcell_02760ef4cbdd,lcell_2d77f9390b92,lcell_6ea965214f4d,lcell_d11ce7ad8abd"
312bab76-a759-5e85-b8c3-47d934bee145,BUSINESS_TYPE,산업용 기계 및 장비 수리,산업용 기계 및 장비 수리,lcell_bf7eb193521c
e11672c7-e608-5492-a57a-4074ea4a8a88,BUSINESS_TYPE,상시근로자 1,상시근로자 1,lcell_ed93a0a02554
7267fb0e-b8d5-589a-a1ba-d18eb12cd412,BUSINESS_TYPE,상시근로자 1천명,상시근로자 1천명,lcell_78e3d4cf3ba2
96609d08-86e1-5f88-ace6-975307d9542a,BUSINESS_TYPE,상시근로자 2천명,상시근로자 2천명,lcell_e6935d747c2e
3bb63e64-7b6f-5812-bf40-4cf68a3f52b1,BUSINESS_TYPE,상시근로자 3천명,상시근로자 3천명,lcell_bc5ea42949c8
fddf7237-213d-5422-9c7a-03a28c312ab3,BUSINESS_TYPE,상시근로자 50,상시근로자 50,"lcell_1985b4ee67ad,lcell_bfa8be5f3535,lcell_d0e1f9db5366"
d8e1ca37-14c9-5a3e-95d2-31723f163adf,BUSINESS_TYPE,서비스업,"서비스업,서비스 사업","df4e363d52f8f18dce3a6e37514ca49056d74ec1,lcell_02760ef4cbdd,lcell_260ebeac6941,lcell_2940391f5e13,lcell_2d77f9390b92,lcell_366a78a61023,lcell_41165c56e873,lcell_412de07780cb,lcell_45bd332e9654,lcell_4aeac5c710ee,lcell_4c1cf91141cb,lcell_4d34d7ceb4f3,lcell_502c610c7b28,lcell_5550913d0c8a,lcell_6c9473d6d4a9,lcell_6ea965214f4d,lcell_7258f7319de0,lcell_849722562f4e,lcell_8b17af0daad7,lcell_8c282cfe80db,lcell_8c59779a0891,lcell_ae52b23a9dde,lcell_b5785c93c5ec,lcell_bbada087eec5,lcell_c0dc5b603d86,lcell_c2cf0c373dd3,lcell_c2f14fc6066c,lcell_c6dc6b8ce629,lcell_cf6709e5133d,lcell_d11ce7ad8abd,lcell_d717ae25c256,lcell_e1c80cf21698,lcell_f28396a018d6,lcell_f50c9c38d721,lrow_1534e76f1c66,lrow_1c118728bd45,lrow_3951d33df38c,lrow_3a7a382efee6,lrow_539d5dc83e36,lrow_60b99bd6eb6e,lrow_630634189957,lrow_732d1c3b34db,lrow_7675b44aff8a,lrow_7772d1bb4c86,lrow_795c9ea1b772,lrow_7f81a0b4f324,lrow_88986ac1f893,lrow_a623d908bcd1,lrow_a8ee423977c3,lrow_ac1a46539a9f,lrow_ac3d26d0b5aa,lrow_b5213749960b,lrow_be66f86e6b2e,lrow_cc9c9a37f39f,lrow_cd7f37c9ac97,lrow_d39e0a7ba296,lrow_dd52f971332e,lrow_e0e25be6ed39,lrow_e60dcc55fb9b,lrow_e6f35715d83e,lrow_e72e60304ef3,lrow_e91d9bdd581b,lrow_ec631d4a439e"
93f6b69f-b372-559a-b119-561c78e1cf54,BUSINESS_TYPE,"서적, 잡지 및 기타 인쇄물","서적, 잡지 및 기타 인쇄물",lcell_20d01c07b617
10a8ae84-a7ee-586c-93ec-474e052c3319,BUSINESS_TYPE,"서적, 잡지 및 기타 인쇄물 출판업","서적, 잡지 및 기타 인쇄물 출판업","lcell_3dd71e734d4e,lcell_b460a8a771ed"
5acc937e-c1a5-5bb6-ab01-4e9bc6900edc,BUSINESS_TYPE,"섬유제품 염색, 정리 및 마무","섬유제품 염색, 정리 및 마무",lcell_9e3744cbc94c
f763cbbd-2629-5217-927a-0f26698461d0,BUSINESS_TYPE,섬유제품 제조업; 의복 제외,섬유제품 제조업; 의복 제외,lcell_f8e2e269bd5f
371211c1-3f69-5b01-a7ae-0a40b3a2666b,BUSINESS_TYPE,세탁업,세탁업,lcell_a81294f1b254
98d159e3-abdd-5b70-99bc-485d0cc644d2,BUSINESS_TYPE,소매업; 자동차 제외,소매업; 자동차 제외,lcell_4eedd68498a1
b9e34f62-fa00-5007-9055-13fdbeb67b45,BUSINESS_TYPE,소프트웨어 개발 및 공급업,소프트웨어 개발 및 공급업,"lcell_212f0b60efb8,lcell_77e8d99349bd,lcell_922bc2aee15c,lcell_f69c80d71db3"
ab68d0ad-397b-534c-a5ae-aed1f2e8bf30,BUSINESS_TYPE,수급인은 100,수급인은 100,lcell_5942b2b66f93
d062c39b-e275-5068-a585-b902e8499aa0,BUSINESS_TYPE,숙박 및 음식점업,숙박 및 음식점업,"lcell_75d509ccae1e,lcell_c1d052d1a57e"
9e6ef367-8c19-5716-8530-7dc5b127389c,BUSINESS_TYPE,시작에서 15에,시작에서 15에,lcell_9fe7a1edf143
60240108-384e-5598-8e95-bb577299c737,BUSINESS_TYPE,"식료품 제조업, 음료 제조업","식료품 제조업, 음료 제조업","lcell_a7c6a2a1bc49,lcell_c629fad92803"
03ad7429-a28f-555c-be30-13e36aec4a46,BUSINESS_TYPE,신발 및 신발부분품 제조업,신발 및 신발부분품 제조업,lcell_95b2d4caa12f
5631eb83-55c6-5890-9c6a-7edf852c5f96,BUSINESS_TYPE,어업,어업,"lcell_6acfd70b2d60,lcell_6bd947189fb2,lcell_e2d5b04ff380"
19b1a091-be66-5502-b9c3-6ecc3a143c26,BUSINESS_TYPE,업 중 원자력 발전설비를 이용하여,업 중 원자력 발전설비를 이용하여,lcell_e8f66a9a7de8
0e8b76d1-c14c-5a9c-b429-90a6d2bba47d,BUSINESS_TYPE,업; 의약품 제외,업; 의약품 제외,lcell_4b1af77685bd
f64624e9-d46a-5b94-9969-016ac0da28cb,BUSINESS_TYPE,업을 제외한 제조업,업을 제외한 제조업,lcell_d0164ea3e26f
7d731bad-0eb8-559b-bff9-86dc083c5c99,BUSINESS_TYPE,여성: ) 총 명,여성: ) 총 명,note_ab8586c19eda
f46177c4-4afb-51c4-96f1-83a9ad2c0795,BUSINESS_TYPE,연구개발업,연구개발업,"lcell_11af22c915f0,lcell_1326e51cd2ec,lcell_fcadcacbe24f"
8262e8a4-8129-5a21-bcd7-e0b60bf94238,BUSINESS_TYPE,영상ㆍ오디오 기록물 제작,영상ㆍ오디오 기록물 제작,lcell_86072472ea8f
b8744169-157d-5610-a261-621dcb0f54eb,BUSINESS_TYPE,영상ㆍ오디오물 제공 서비스업,영상ㆍ오디오물 제공 서비스업,lcell_ae52b23a9dde
5a7d082f-64c9-5197-89fb-69c81e004650,BUSINESS_TYPE,"영화, 비디오물, 방송프로그램 제작 및 배급업","영화, 비디오물, 방송프로그램 제작 및 배급업",lcell_367268d40725
ffac2de8-f8f5-5a05-902d-16592e574ac9,BUSINESS_TYPE,"예술, 스포츠 및 여가 관련","예술, 스포츠 및 여가 관련",lcell_42fdb0239a2e
d0f314ad-035b-55d7-acb2-8c55bdd4254c,BUSINESS_TYPE,"예술, 스포츠 및 여가관련 서비스업","예술, 스포츠 및 여가관련 서비스업",lcell_6c9473d6d4a9
a4ffd615-1e96-5f09-8bb8-0f77a69cb897,BUSINESS_TYPE,우편 및 통신업,우편 및 통신업,"lcell_a1f47eb37db5,lcell_fc0f53947208"
1c5ae2a7-6cf1-5693-aca8-eff61a17634c,BUSINESS_TYPE,운수 및 창고업,운수 및 창고업,"lcell_91216824f24d,lcell_c65dac20af08"
8252970e-fe6f-5175-af8e-44d70aaed9e9,BUSINESS_TYPE,"의료, 정밀, 광학기기 및 시","의료, 정밀, 광학기기 및 시",lcell_d9aa369b779a
83aaeede-76f7-5a2e-8f57-144491fa7015,BUSINESS_TYPE,"의료, 정밀, 광학기기 및 시계 제조업","의료, 정밀, 광학기기 및 시계 제조업",lcell_e23c5749acc9
4981aecd-71eb-5be7-9971-51ca3064ea0b,BUSINESS_TYPE,의료용 물질 및 의약품 제조,의료용 물질 및 의약품 제조,"lcell_0eeca56d62f6,lcell_ed8665a1dc61"
5e9e3509-e682-524c-8164-c4741c6c3b20,BUSINESS_TYPE,의료용 물질 및 의약품 제조업,의료용 물질 및 의약품 제조업,lcell_53004bdbeae7
8af82428-8db2-55cd-b6ab-de56d8b24fc7,BUSINESS_TYPE,일반사업,"일반 사업,사업 또는 사업장,사업장","00260d39a5d5f073fbefc7ae5b7defa1e508aca3,004ea4f3611a8d701f2da76c62c5de47c5819944,00f9a856d8470c234e3ce5acc91263d352ad39ee,01fc41ec36a0f3fb7c3a5d512804fb263fc0de01,02e4fc9f2e1efc64716b7ffa184361ae3a4bb292,031a013bc128c57174baf88e70f7900547ff49b1,03806eaf40eb4df092fa708ec8563e850c3081d1,050a19eaeef240edce0abf7b2438a930b0a858eb,05d2813323d28fc523df22f0d909c5bf98206bad,064c8a2c752d98d6ef73f707394ba68ac33d16a5,06ce429384d15cf7fb379c47a94b35fd03c930e4,074d33b0ee7f3934429af78b8927ab568c0976eb,08dac5949893555f24a7a57dbd9b798ba3c88097,097b68ea73e6fe0b3022291d80a45d065ab99021,09d592a6ae751e2740bf2869b898a5797c333d9a,09f143c4f0ce1692714a73130c9d82f167f8e936,0c5dec2e69111499b2929c465e8336b544a17221,0c95bbda3013464bdb624bac1aa6ef5dafeed886,0d485be0868cbf0ce386a62789971fe797bc8029,0d4b2a602f5891ab9066a5fb8507bf476b92a43a,0e6ef8dc0b823e1d794db824ee4280c2483f1cab,1000e0d534c06e40183f788967605b5083d570a1,104d632072b70a2cddb10d5647aa7175a9cffc40,117364b603c9217da46b9eff2ed0daba51543330,11ba9f2ad908a1560a2b9121a53e426158464263,11c0620d5e1d1004a25ead49f1d90b227193fe92,125900ef6ce210ffeb112b8f412ca5836f823e34,12fabe1276ee702c08f242168b07737d882ae807,131a5b56cb7d23256b00a932b99b2905936dd474,138d267f84c64a578cbcb9c19179d44d86372a1d,14f3dbbe5c43c13a53aca0a49435e1e2ba6447be,15f959be67525e0b90200b8af287c85336329ee5,16016ed461c80983870c34448d3c5431a4f3fc9a,1648519d9e01618284ac532cb44182e5d73305ab,167e210289d904f44b155df95a1abe669249e4aa,1711cd12afaea64d928e1981b3bc4c01d247abd4,1799dca89201ffb34b146ebd9bd8fed1b7f1f1ac,17eaf0df8ba1c4bc6e4139cada407456e840edca,1820faab039d36934be63a0572603648e8743d0c,18edb4008b02d4e88361be6a5711c97c5aa665f2,1ae1cd852c81043e1774889290be2eebc360c1c7,1b90deb467c2a3566f9fd12237e347884cca34f5,1bc8e102c97ca2022b82216a9583f9266d983ba8,1bd522e28efa1ef4bf023d11b1bc6176a26add90,1c1bfedbe057a45368af3b7bc09743ca40a6aa83,1e19342211c7eae822eb1cac48788553be88391f,1f647bc2358ac80dbf43ee130f3e8163ab57ad94,201b9281417e6ff3dae358348d057dc0bca03cde,222f2fbe05603e76c2b9f5f98449ce2ecbc2fdc5,234210c1a07b7c6ae2614ed817eae4722f65c61b,234e90dc0d973488b680a59a6532dbe509511477,23b374030d66e95919362c0651359185a54af99b,245b65b12b238925cd7a1be0b8db975f23fd27fa,24a0537d107aa620f7457e68730094244d6606ee,24ea0471b4ed036f20ba778ae182bca920b12745,272679a1d05456ec9f1f5788b247f668a2554bbb,2829f2c20c6275f6dddcc872d56746d3184e3783,2873ba110e0aad02e3b98b85d4c0f95e42268539,28ee6232baf36526dc2a39eba5de4e7c560902e1,29c3a69a3d4a1a3dc4af917705f6fdbbd0fbdd28,2a03125c32872a145f9ce7cd7edc56784554990f,2d43e70b73f9aece5ca04e829f097ce2d7913891,30004e9820f0bc50da110cafd43d238feba4a727,313b8c8aacbba0d38c4b74bcbf95ed71919e99d0,317f6ef83fba4b7242350eb989fa70afcad139d0,331c73600425fed6f4d8774bf090d2f322c8d894,332d27927cd0eacbab56835131f66676c7d3ca10,3441ce6e880122cf34e67e8d91928974dc29626a,34d01611aa61e4921b21d6c168e7abfc49c72307,3503664fac3935e2f510f7c255d92dc153477941,35f935343c40c3fff1999e9d64a7f0992361e512,3611384d2e733d7b62572d60e9578f206372babe,36f053c23444f9acb18c776de55f9451845dee19,3782cb23f9df1868b2fc2342cc1c775bb5fd552a,385ec28ea9b940bb8978be0092de49be21e5918f,38fc8c6ba3f1afd2cec12e903e6bf7d51b225be8,3a69bf2cbc0dc96e691b30599d93ca6115a3a81b,3a6a4bac6789a1eaeba7d185850b9c67e01c6b9d,3f078260cf117770dfecd9052e72b527b004543f,3f6ebf006a0bbbf26d91bb4ee2b3da85b61cc664,3f7a91ee1be05ebcfad421bf6909af7d2ccec852,400067a96e3bd3c071aacd3b94c4fa177ab00d0d,42a1410b007c1b4f054f449eb17f02553b688f25,44bf9a0962b25636dba09c738fd37a8dd88e26df,46054a4fe12f943d3362f688c33dd06d7d4a9d35,466d53fe78c5a1818be21ac40c152ab0c4ec27b4,469fce185c8fa4dc90f931baabbd9536926f65a7,489684700cd3842db7a3896af8ec1b9e2c27790b,4c24e504f9465bef95b0341fbcb3f5440c51a46c,4c91675de911fd4c759cdd28c7f0349ab45f8e97,4fd28ae424fc2ea7171dba1812f23abc7bc2dce7,5012b2e14fcfb4bd60a7ed08494b82e00482a238,50892fb24ee2d6c81bc6f2b1ae49e5eef05350be,509077ba6e8a1e94f0a23eee01a40df992c8eaba,52a711ac17aee489da60fc4564acbf80a55988ad,52c38aa58ebe2f51eb5195ed9ce009e52029b2ba,536725ae75caa51bd3833e0d07ef9d4723584c83,540275f720450d2edf331a0103d756c3ab934825,5402ed04f4e614a15fcc9fe2b611f8822584ee25,544d899e0778bafad548b96e6315b2ab62032bbc,54c165b76dc8761f1d54d569074d8c24e7b3faa7,54c52751bd93a60776a7340ea278700695d0c9ef,55b675a2dc62d73ea6cac704a88857be3358db9f,55f7e26ec92db9338f2f105c6d189af28424ccb9,56132265dc7839f157926dcda0dc1945d4e8262d,566520b15a6874166f14d78ed857f48c51182660,57719fa0fbf2e3c023c3e653dac5c8d6c84593c2,579a112b70cb6620bffb8d3f3580c73c4bf8041a,5941d7c62cbbc3032cea6e39ed3532bd7f5c879a,596b53ab73364e5301da033e9b42bb4b73c210af,5a01c38ee27d1e80a53bfe8edd7692262af4a577,5a50085f9288f8661c717d4e2eb716d61edaef30,5a7485607590cefc0e87e784e4b722b60d636a2b,5ae5e7f0d0de827868b8ed2fc13e2a35d45fe8b7,5b2014bc547deb6e0b8ccac1082e0b05cf9963bf,5b685eec11d361a9bb7b62135a41cadd2ce885c8,5c9d117ab1b6f69b83b78960f10ee891fda90ae4,5cd67447c556e074a83776ca433a01d412c7bf21,5cf3d235e691e7f1f4c5d0853642455c6e43749f,5d20e76ec40457987122134d446974b7d1a6f252,5d3b7fb945f0f6cab8257488599cdb302e5ea31a,5db5badc701a078875de16970fac3ca1fffb47bd,5de26f61dbe9d40cf8b8d9502166b0f1a084268f,5de6e80ce23089ec9779e00dd230e5c40212faee,5e6b79bdc056a5d49564f5bd5ebb2f8de479357e,5e9d473ca05caa1688cb97f549cd48ff4c70be83,5ecff57daf66c097c79295e64ea0db3069f58e17,5efdf1971af789d546a8c1ac7829d2debfeb22e6,6088afe82b0940908a61ec77b4f0a6e3d8b73d06,618e3766899fe71f2ff527f7181710bb840e6351,61984a4458076c8eb54d1c70f0ecd85259d3c3a2,61ee6528fd4179736a974beabc245ede8b4c6af4,637a28c27a7cdf30e7413781b76387fbe5aa4351,63c436865ab0abf108c9e4645c6300d5aaf32a60,6488f1c89d0f6df07e1547b95b4e3100eddf8f2f,64971f675eebd8930697b0f865bf870db6911927,64fec39edfaac37f1684f9e75ae06243982b1ab7,66f23eb975c13069189b2c716e5e29d68cc12b9e,67a352da948fdfb74d7d5f6b494664f081c62640,6817029f501c5e850c4ec850da3be6a4028a4284,6837daff81975ec753f2c75203c79a172f01885c,685b91b94029dbcefd51b3c71238bbf3ff406854,699cac7d63db79629bca4b7034ae7fbfd116511e,6b1b6e903ef30e4b7eaf4eafaba074ddbabf7b59,6ba5f37a2647f1ebe9423f7dee4b5ea160bb6ee7,6c2fe2e5cf8e896289d80f9c95c1b41bcd4941f0,6c534b54b17327071183cbb3b57c8986ebe1ac04,6e1b2821fb6cbc82faeba67a6d0c2404c0a47794,6e302efb2d50e2136412bb1b7e193c569cb3c06f,6e4808acec4c58eae707ff03eec8ec9f90f80a52,6f692d7ad7537e504cbc4e9c31e8f56f6d41460b,6fbc068682c98a0640d73bc771f05ff17f21b87d,7078d24e25543d95613dffb678c6dd9e87c6ef0a,73034bf9c11ee0614985d59b911122d0dd3f55a0,730725e794d7854328544badc90d90c0f5dbb06b,73a68b333053468c504297a3f4eac87308f11378,73ccfd02f0e04d51fc7f16c2ae5ab3365904d211,73f7ac8c1087fba7c64b3585ac891fddee6ae99a,762b62951068f29c52c9f7f77dee4831787bf21f,76dcdc73107b0ec7b389183881253142a1a07b3f,7784a7d1eb6f919f3c60ee06080d955f30a51f3d,78be44bd647f877e8dd6e4a2dcdba1a3f7ea6af2,7905b913b3ce033b4d38ea08bf61e548b8a79496,791142e4291a7da97166f67e51b0a755b9d38cb7,7962a9f95eab6173baadd23e895d9cc158596b8b,7a736d961154557d6c59a6ab8c73134ebd4da5a5,7a75564fcd412986854828803fd3526d881a5e58,7aeafdddbb929573f90719db3d572c09bbf1e1ad,7b9adeee923bf40f48a1477503ce649c93f8da2d,7b9b7ce80a86d446c444a71aabc329bac041c455,7c7caf8f47c99bdaeee0ac6da6311586556b5d37,7d6a20a9145f42da2f96b5df32e58b39d9b8adf7,7daffdda103bb42d5859b02bd9e66908da3f141a,7dd5995f326a47b0c9546d2d1b5ccc6de729f2e9,7ef42f6e863ca20f04ff7718d73ae8e7465852cc,7f73b0880c1ec872113dc644482dae36fde65a4a,8057ff8c87080b545d5785249767c75914bed129,8123d239a57a100fe21842aa31c92fbf2800bfae,81daa26bb43a964ddcece5541477af2fbfe3659f,82b83222cf1c836eb3ff0243ba60496359abf4e8,830cb0dc597dfd0e72fd0ec29fc9885e7f3d913c,84448577f43763b399f405a7bdcf243b50ad4d2a,879c083fc395c3ed9d911ba5689668708f23c7df,882aafae3009b4935c58b7b7f2b480dabc945d07,895cf99897ad61bdda0343c5b5f53986d59b4b26,895feaf8626fd42e380ffe310022ed492d872297,8985a748316cadbf5c98f6508c00dc27d95d86b4,8a2fe3f5523b85c8cc0fc6fcd4b37136f20bfacc,8a88a9cf3eba805f4bb7088c248b1868db246ca6,8d2e6e3950fcf8511099c38f2ed859116b86b5b2,8d34665b4f08627bd5709a1c49788ba022e4aea6,8f1553c9d78cf9586cbf80dbc250884cef25d17a,900b8a04d8e5240349a7df0b381cf63e3a1291cc,90f41b86826ff7c3213ac096d4ade7a6e2fad3b4,918384deda5288e78c3a745dc3cd84e36701b9ff,92b52d7b8dccaac1429a4f6dbcd0ada34b5fe3ee,93cbcc52ea39c636f370367fe9bcc170ed7bc32a,94138ee684384535908dc9562073edbc897ff30f,945860ebde8e34e3cf2e634e0d63ccb43f27a2d2,9477e4006aa817f3d0ff532cb4197e201ea42b0b,951ebc0a3b477c373739ac4c71e44ea41c088e6e,96c8c6dd126b1028e62121f7827e24245fd99275,975f973d7dceebcdc253dcc88556347417a9855c,982fc7e9cc075ff9356e4030e99d722c388895de,987bced2f2c75a543b031bafd28e683a914e6e6f,993bdced4a16991be2dbcce1c748facc08943132,9be6a068500a415367796f3e6ead211404b112e2,9bec794a0225bee87dbb0138ffd0c3e6b15b49b0,9c51d730c1939610678f7f14b26db6cf17d777a9,9e9d1a444895918ca3381b27619d88592cf2ae2d,9f1e8e954d012127622f116ff832dff85ff4adb3,9fe71541374cc3251280d49217a6b17f16ea0c04,a1315803eb7ff73a5abe71d27583960dd7cab70b,a19431c12eb846473e2ab3f63134c0b59a259277,a45fcdfd8dcaa545f16d1e936b7d95648c6e3c67,a670f7d5a971fde8f9911c09a76ad9375381ef9b,a71f761113a77fc3c7e3e266dc1df3d6f066408e,a7433663d66e62ae8cb8f85999188f4a9e5d50f2,a84f0d68e15df6a699242fab37efa377b4f67b74,a88b6b1695d3a1b82ee65c03dd4d6e6a8365a2ae,a9d94708fac8106d4e589a8279836345c16b2018,aaa1f245c184f07588c00e99bc5ae870a55793d7,ab178714efd8652c4d7037068c33ab9b9d876f11,abcf377857edd1ac99f22729a8c47d8ccde992c7,ac0a9281bfb7ad42f29a193536164a65ce3d95dc,ac5a5196f38c938da03a837a8bf83d11e8ad2d7f,ac7f53c9592afc79083f12a7370bac2244abe5ba,ae54154af7bf4dfa4d4372776434ccef3551ffd7,aef6e40b0be90dcaccc83245aa2debf797587052,b0f02342dd32ff804041699b9d717b59754e5e19,b11eb3a8f7911fe99c0226688e56d6beb1e2f7d6,b17a57181d4998510364c1dcf928b834c26672c1,b23a89932879f1df295eda2b17f5faf330c2b25c,b23ae93eaf31ac5b7d19603f9db5f45fc807d159,b2ce0a324dd9197bcfc43d12f3e52aac6b55e48a,b42238ad1fafb8c8e07301130d0c16515ea7c014,b47656a15119dd8b9467d3162a6f9af0ed93fc2d,b4a0d174972553450b41cac67347819071415d56,b80b484869b2444e7f4a06890a5eebb04ab0a163,b92aeb86b05012d08e938b11281865d67fa2a83c,baab7a4b60da504419b7b15026a20d9f435a86c6,bab51b5f0cd1807a9ff4fd7a052a371d6af26b49,bb16dea0fa4cbce46d0798346c221aa4f6812b80,bb6f9b2d8684c0d9766c093b663d499cb7c90ec7,bc9d06cdfc691cf96874339dfb52cb87399a9191,bd58a798b3d16972103e2f03238a6b0e0e5d96d7,be2197b7ca4340ae0f134614e7824817699e70ce,be78284d2ac71df6bc1ac42a17aeaab1caf286e2,bfbac65b3423a778d01f01344a483fd0d3ae3abe,c05ebf163be60bc4a6f11b27d4ae14c80e10c3a7,c094dc502ef356659141cec16b193f75f6c5da8f,c31ec87be084e6d0fb1c3ee532f86035a05e0d15,c36d91affb5dcb89e9be3792a93dadfd914453df,c37b56a6a86428c645b93b7eeb5da190cae3b8ef,c40e1b2293e491b996b32fe1e896702f46656794,c6138d72c9a636faf0964d272073ba496a048eab,c6767f1367cee99e5313467c464d34872dc651ab,c687720e7ad7519b3e76fa405e270c3a0bbfe749,c692aad9497bc095d97158db1b4789adade899b0,c6ef4238c9faf151a31acd7ac9e81b5e8ee20c19,c7b8729c64dd7658d14d2c864dd071b920f22328,c8d9bb61db5041983f6c00196c4fa522f07b3411,c9be81587f104e0f85c9f9d351dae42a88d06cda,cab12072b334f85b05034a6b9a681ddf175b7a7a,caf16459303e56da8b853346418f2e3c7f944ab3,cb880d1b30f7257f5a7a1c52b61051ccf1243592,cba055f42c3f69f1a8d5885f792a0bcf8bdb0b13,cbc9df3f4aa80e36e1f8315e1097b852822f9f92,cc25fc18fb759fa66edf733f27998e0bd4a5efc9,cc62b4d983eb867c275ce5aab83548e1fc019c56,cce26bca1f0758c92ac294051851f938a1260151,cd1e1d907e918f706bda77877d69ad79da2e911f,ce471c235c0600c7445ffc20db3af3765d222a9b,ce8fa089102a82df9e87a341e0f69b0f97607939,cfc2d95d2b55a28c6dd9ec5d1af4b098a46b43ca,d0b745f000aafb311073e4195daa11f839ac0094,d285ee449751be70f2f10f80b0fbb2b995bc4d38,d2b321814b66d9c52da36a8280bfa66235e0468a,d2f8dbe06ac9114a50de4525cbd60c628171f29b,d3d86861e0ee30c0c95b66899ab248fddc8159a0,d452a2772f8559470fdea8a266c67c59e2333b0d,d4a68ae690c608b542be6980fe93fd05d85eb648,d5702dc661116757882089ea2065687d106d2fb3,d5dba3c2c621b9a96b1bd483546bd5b768163fe0,d5ffde39a28b7ce93559d121f4726b891c8ba55f,d6422a5281b71b930972e696aaa4dc95af39f08d,d6b3f7417055739973b70bd5a3c91187fbf8d8ca,d77f7e5bd113a2f7652a78b3dc8c13d19e21e538,d8142b56c4a0065d80f1d6736ac99935f789e093,d8d8fb5f8e72fbc6a0b3c6c91631059b08b679f8,daa367a5500ed60479d0c3f13c8765df980e1151,dab8e3771da0988497af867da277c4fe7e8e56eb,db3448350aa79d7bfaac737e7e9658107cf47908,dbeaca5c0f94de1284590100d93ae372ed68dee6,dcac9bd4a0125b0cf10775b63a937ec46dd691a7,dcba0552879c844a71eb375265de5b3467d99ddb,dcd8d599864735766e0c1d10c70195f91ba39f93,dd2672526ebdc67410a10fc5c918a034654f79c6,deeddc600b02efa878746bc95f6896628b005cec,df23584405d9884e89f070d8390f1e87cecf5bb8,df6b311b4f8435afa5b4f1ac8425a3ee5fa0db12,dfece8fd2c5bba0714717ca98d51c3311424e541,e16b071d3ebff4a468596edc1bd353195939ccb8,e1fcecf6acdc03995e9f00df82c0278e6d0b8f23,e23fda9881fc80308d942317a5abb6ca809d9d06,e29ba2df0be059d84ea7abe0dfdd929af0efec8a,e4aeb04bf33d8d315f72b1f118b450c8cdfa6855,e4cbd05f61378d5135f10971e2a8bf12f2bc723e,e5697cc7b38b1bf1a5fbe0d9e97b8935bffa72bf,e658fc09c690ead8f0db45f13fca25b6d9cc452e,e7bc7f26d3699c74eb96dc458fb7d98f5029cc97,ea66962cab3abbd5c37fc651c160884611eb25e5,eb92680a330ca401628e0161d38fd8e285887a41,ebae56b3fa95d7909970cc4cf5f3685cdf7f07c4,ec263de9d67524ce02f47e2fee9d6465ee98178b,edeaf36d18001d43c999f52aeb945537ec07e413,ee259aee6aabf904000e9b23c4e9d6e86c74fb5f,ef0befd87379c2274de2683378ee2ef5c0332ad0,ef33a82e51d47a73a61a06e43dcbd2479869f9a5,ef8d0febc79520861d994c415db4412d5273a311,efcda9a27ebdd3e0f3443729eeea28864c4f4d4f,f2401ea2c5f2ab9cff1e28d8853557b92cd260eb,f26aa80753926ab2b23ec916e843965f17558990,f2acffd3b2b39c0bef6658f8fe32bdd818b20dcc,f2d22e40c607393726845e98d2d65f959084f730,f49d976a235f2845394dbbb6f40cee7336ac0a4c,f52e626fb32d147394f6f034ba1d17c81c0447cc,f5388f24c3657cd2fedbf86b7414cd074de2b5e8,f550ffb90ad5a2b48896434fc0712102dd9e11b8,f5acbbb1e7ff1e5d4ff137f6988d0b725cec4281,f68731fee6492a0b41e9bf6bed7fac8ee4d6ca2d,f69e71b048f5c2ba9c0b657dabd9da0917cf02ab,f6f7b3c70bf092f5ea03442f007ceb38661b21b9,f783fffa2f69600060ecbc1ede57c4af30091454,f9a1ebe296826ca163bac6866296136f0f5bf49b,fa20bded2655fa2ff40f7f4e0d22f6582834b4ff,faf65ebc50537ffc91d2f69b160967c652fcb7ce,fb23356e31efe29bf13e7dcbfb5fa76c2535bb7d,fb8fb379524e913034ee99aad2b6c1fa4d47ebe8,fbdb29ca0f740b864a5505fab1cae63a7f950819,fca13f0bf3befe49f8bf3f31b620977e2620356f,fd2f6c05f73532bac05535ea7111b1bde2364c61,fda45ae2a1db2524378fdf2dc884bd91a4fc3c22,fdddcf384fe4aefa8dbf7dfee293895583ca1ffc,fe1052e321fcbed14e3b28e80141d99a02cda96f,feeebc92ae591018e1d91d752caa263336e88753,ff8efaf4e62c119a1b2d461f5e1a1be710ec7fb6,lcell_005b6717738b,lcell_02760ef4cbdd,lcell_05b6b1441ce3,lcell_0656b9eecd0d,lcell_068b598c46a5,lcell_073c386dd5df,lcell_07bb0735fca5,lcell_08ee52ffa201,lcell_0956102b92ad,lcell_0990dc0eebc4,lcell_0b7c173c20a5,lcell_0b868812862d,lcell_0c36c125838a,lcell_0ce9f560c16b,lcell_0dadc8edd9f5,lcell_0e353cc42843,lcell_0eeca56d62f6,lcell_0faac90b0688,lcell_0fb22f5e8ed5,lcell_104445004f94,lcell_10b7c36cbe47,lcell_111e46e2dcd4,lcell_11af22c915f0,lcell_11da1d48c90b,lcell_1326e51cd2ec,lcell_13ce316571b2,lcell_1535d8b86a09,lcell_1549252e0f7d,lcell_17ce265f21e5,lcell_17d87eab86b6,lcell_1801a6fea6da,lcell_18bfb05393c7,lcell_1985b4ee67ad,lcell_1a2bc8c4e39c,lcell_1c7e1cf3cbd6,lcell_1cc55ee2cc1b,lcell_1e71106fd4f8,lcell_1ff8a51a2383,lcell_20d01c07b617,lcell_212f0b60efb8,lcell_22de4cee85b0,lcell_234329d53d71,lcell_24724aa307b9,lcell_275d6a3ae492,lcell_281d0ef1a7b9,lcell_28320d804147,lcell_2940391f5e13,lcell_29788da6520e,lcell_29ba380ecce9,lcell_29bdea8ed2b5,lcell_29c1b3194421,lcell_2b1bc8590fd2,lcell_2b7f20c86ad0,lcell_2c5e45cf3223,lcell_2d01a65920b9,lcell_2d327d26ee9d,lcell_2d77f9390b92,lcell_2df4c7cd8458,lcell_2edd5245b32f,lcell_302c80fed063,lcell_3132844b982f,lcell_316d6ec0f880,lcell_329794cd7344,lcell_340d5006e853,lcell_3535aa23cf73,lcell_3540e9c46194,lcell_356a45b5b831,lcell_366a78a61023,lcell_367268d40725,lcell_37cc3f5cd943,lcell_39a5a295682a,lcell_3a4a7b5152c2,lcell_3bc00b0b77f4,lcell_3cbc4af96f7a,lcell_3dd71e734d4e,lcell_3dedbdcbd3ba,lcell_3fa3764c098a,lcell_4047e152c518,lcell_4109f6d867fe,lcell_41165c56e873,lcell_412de07780cb,lcell_41ab76748e0a,lcell_423f90f354fa,lcell_4260e15b0be0,lcell_428dc70a55aa,lcell_42d0e55b849b,lcell_42ed5b5f1b1d,lcell_42fdb0239a2e,lcell_43c79cf1ddee,lcell_449bfa3cced2,lcell_44abc0f711cd,lcell_45ab8d0d49c0,lcell_45bd332e9654,lcell_45c5a36d5291,lcell_45e0a03b5cae,lcell_464b90baf610,lcell_47119471e4ca,lcell_474c2bb8a2cb,lcell_4aeac5c710ee,lcell_4b1af77685bd,lcell_4c1cf91141cb,lcell_4c3ecdbc36db,lcell_4cdc30b6070b,lcell_4d34d7ceb4f3,lcell_4d7aaf9a536d,lcell_4e05a6f0ddd1,lcell_4e1e46304805,lcell_4e5254bb8972,lcell_4ebb36c3cd60,lcell_4eedd68498a1,lcell_4f28e7921b50,lcell_4fe759ab5fdb,lcell_502c610c7b28,lcell_505827217300,lcell_508a04cc2167,lcell_50f7aed7381d,lcell_51289c6759b7,lcell_51696b1eba91,lcell_517afc1b71fa,lcell_52447dd7802d,lcell_52588dea943c,lcell_52e265424c7a,lcell_52eb8999cb80,lcell_53004bdbeae7,lcell_53a0e03cce94,lcell_5459554ba58a,lcell_54fe1a97511b,lcell_5550913d0c8a,lcell_5662ad304ca1,lcell_5698716f6a33,lcell_56a9b9248f81,lcell_5746d8331fcd,lcell_593517192f22,lcell_5942b2b66f93,lcell_59703316fad1,lcell_5b6602097cb7,lcell_5d98647089e8,lcell_5dd11142bf71,lcell_5e3ff48596f9,lcell_5e9059c4cddc,lcell_5ecb66d717d0,lcell_5f2e247337cc,lcell_6024cf1ab589,lcell_60e4216d484f,lcell_61048c345da6,lcell_613478602fe5,lcell_6230978751c1,lcell_6289cbac4025,lcell_64540aa5a41a,lcell_64ca24e28b16,lcell_6528b9eb2e1e,lcell_6538060e158d,lcell_65e673155ce6,lcell_66503aea15c2,lcell_66b51d6801ea,lcell_683a05de4ec3,lcell_68dcfd4d79e1,lcell_68ea598d155a,lcell_68ec93aa7183,lcell_69d339624116,lcell_6acfd70b2d60,lcell_6b14bac3dca6,lcell_6b8129d6c260,lcell_6b94fa94ea08,lcell_6bb58505d206,lcell_6bb6c18e397f,lcell_6bd947189fb2,lcell_6bffddda2beb,lcell_6c36e2e3203b,lcell_6c9473d6d4a9,lcell_6ca10f1881fc,lcell_6cc538939756,lcell_6d545355010b,lcell_6ea965214f4d,lcell_7106f0415e55,lcell_71b0a9feb2f2,lcell_71c328145210,lcell_7258f7319de0,lcell_74c94c6e726c,lcell_74e004a49d7d,lcell_75263fab6cf9,lcell_759b3a49d8d5,lcell_75c6952f88ce,lcell_75d509ccae1e,lcell_75d69a2a3668,lcell_7618a946f1c2,lcell_76532ca17337,lcell_773da9aaa4f5,lcell_77e8d99349bd,lcell_78bad89c0a34,lcell_78e3d4cf3ba2,lcell_78fd2094fc9a,lcell_794b017fe7c4,lcell_794b4825c75d,lcell_7a04eea8e5c2,lcell_7a4e9a3ed0dc,lcell_7aec80469114,lcell_7c852e950395,lcell_7f95f3d35131,lcell_7fdc59f170fe,lcell_800c00c2feae,lcell_80106196e06a,lcell_802412dcb65a,lcell_80e0a0ccdcb8,lcell_811052e6bac4,lcell_84394c000ea7,lcell_849722562f4e,lcell_84cf99d91b06,lcell_8500983ac684,lcell_851b7a8eb040,lcell_85e9b86bf9a5,lcell_86072472ea8f,lcell_863d05a17d41,lcell_865c43cc04e4,lcell_86a64c8509ad,lcell_8760231be690,lcell_8780d41e94a5,lcell_885b5d2a2410,lcell_88c9c211144c,lcell_8b17af0daad7,lcell_8ba3d8c4dd8b,lcell_8c59779a0891,lcell_8c82609c5522,lcell_8d163629fd9b,lcell_8d7af40ab908,lcell_8ed17f03954a,lcell_8f63585c4f3a,lcell_8f790f6dc907,lcell_901d99115e8a,lcell_91216824f24d,lcell_919a0fca8bc2,lcell_922bc2aee15c,lcell_94f99476ed40,lcell_95b2d4caa12f,lcell_961fa612d09b,lcell_9791f76c0221,lcell_98817164725e,lcell_9960a858eee8,lcell_9b9ab11e4da1,lcell_9c557d4eda65,lcell_9cd1202ea229,lcell_9e3744cbc94c,lcell_9ed88f40aed8,lcell_9f6a68806c50,lcell_9fe7a1edf143,lcell_a1c70561e9d0,lcell_a1f47eb37db5,lcell_a311338e6e59,lcell_a46461caabaf,lcell_a5336cc0cfba,lcell_a55695f906fd,lcell_a5659f9c0d73,lcell_a5d8fe4eccbc,lcell_a5e4ba1cb76f,lcell_a7a22f9bbbc3,lcell_a7c6a2a1bc49,lcell_a81294f1b254,lcell_a89af76f0d76,lcell_a97d20de2240,lcell_a9e106f509de,lcell_aa1e0d824457,lcell_aa6c6dff1a06,lcell_ab2dba4a67ae,lcell_acabc669f179,lcell_ade9f1b13135,lcell_ae0c46159cb2,lcell_ae3ca81fe689,lcell_ae52b23a9dde,lcell_ae6c13d2bb8f,lcell_b20b1639f2c7,lcell_b27b27b410a6,lcell_b2c45ce5665a,lcell_b34220ccad5f,lcell_b460a8a771ed,lcell_b4ad9710d380,lcell_b5105700e9b1,lcell_b5e078396f43,lcell_b6a1093b2dfd,lcell_b6bde9867ca6,lcell_b6fc9a024fbc,lcell_b7291334e382,lcell_b98bd80c3066,lcell_babb61a45337,lcell_bb0b171c6d55,lcell_bbada087eec5,lcell_bbeeb7ae9565,lcell_bc519d5e4f84,lcell_bc5ea42949c8,lcell_bc6c135c5092,lcell_bdb4b07e38c8,lcell_be3b39fda0b8,lcell_be7d6872a41b,lcell_bf14569636c5,lcell_bf7eb193521c,lcell_bfa8be5f3535,lcell_c022857e10bc,lcell_c0dc5b603d86,lcell_c1d052d1a57e,lcell_c23daca484ef,lcell_c240b21a186d,lcell_c264601f3d65,lcell_c26cac817a56,lcell_c28db3f437e3,lcell_c2b68c46337d,lcell_c2cf0c373dd3,lcell_c2f14fc6066c,lcell_c3424b15b4ab,lcell_c36e406b243d,lcell_c3e37b9c0a01,lcell_c5dcacb7f239,lcell_c5ef0fc99d50,lcell_c6097273a6db,lcell_c629fad92803,lcell_c65dac20af08,lcell_c6dc6b8ce629,lcell_c6e6c2ba02f5,lcell_c79ccb1c9c2e,lcell_c82093fdfcaf,lcell_ca2bd1b9bc11,lcell_cad572df9d71,lcell_cb11e69c4870,lcell_cb127d146134,lcell_cc92c858db67,lcell_cf4c9a2f6adc,lcell_cf6709e5133d,lcell_cf8f21e80390,lcell_d0164ea3e26f,lcell_d0bd66784793,lcell_d0e1f9db5366,lcell_d2b8debc96a5,lcell_d2e3b9583f0f,lcell_d3143fe613b1,lcell_d39ae0b74284,lcell_d432fb0e8765,lcell_d490ca0d6b4c,lcell_d6e4fb5ac0b2,lcell_d737fdbffb05,lcell_d7b6997de0a3,lcell_d8291424c450,lcell_d864cb7f038b,lcell_d884e5d6a4a9,lcell_d8c2b43ef86f,lcell_d9aa369b779a,lcell_da3bb3a50162,lcell_da5b19308b9e,lcell_dc6a6ba639ca,lcell_dcdfb21b5750,lcell_dfb265b00525,lcell_e0061a6b730f,lcell_e0f629fa81b4,lcell_e1a667625e6d,lcell_e1c80cf21698,lcell_e1f1ef2cbd19,lcell_e23c5749acc9,lcell_e2f416eff51c,lcell_e43a923403db,lcell_e4c3dc086eef,lcell_e523179e411f,lcell_e6935d747c2e,lcell_e76d675962f1,lcell_e7da581d8bf1,lcell_e8deee746b2f,lcell_e8e445485833,lcell_e8f66a9a7de8,lcell_e92777a7228f,lcell_ea676e86970a,lcell_ea8efa72063f,lcell_eaafbe5fd6f9,lcell_ec18883b2cdc,lcell_ece6a82e2508,lcell_ed8665a1dc61,lcell_ed93a0a02554,lcell_edc84e82b79f,lcell_ee10001cca95,lcell_f02f58ce405d,lcell_f17b89e64b5e,lcell_f28396a018d6,lcell_f28cf9f603e5,lcell_f32ad9eba197,lcell_f412b2f4228a,lcell_f41a9d4e3b22,lcell_f44d900399ce,lcell_f491546e7d61,lcell_f50c9c38d721,lcell_f5be3424a20d,lcell_f660d490d70c,lcell_f6a366cb8bb1,lcell_f8e2e269bd5f,lcell_f955b4a2616d,lcell_f991241e21b3,lcell_f9dde7546a4a,lcell_fa6ce503a0a5,lcell_fb8a9dbc2eab,lcell_fb921ac759f5,lcell_fc0f53947208,lcell_fc660252ab92,lcell_fcadcacbe24f,lcell_fcbf7d807067,lcell_ff9cdbc6ec25,lcell_fff6a86c6477,lrow_031fd9f044f0,lrow_0396d56c9fe0,lrow_0399130d70ae,lrow_04db0550711d,lrow_05558382dba5,lrow_05c0ac3c35e7,lrow_06fce403f4e4,lrow_0747aabccbfa,lrow_077f97088194,lrow_078cc04b0da4,lrow_0911a4417e21,lrow_094f83df21d5,lrow_0959a76d3414,lrow_0a6af7a85e90,lrow_0c60c162ee79,lrow_0cd7885a3e70,lrow_0cec78770397,lrow_0d709fe93f6f,lrow_0d9235afa731,lrow_0e2d05fe7cbb,lrow_0f5cacececdf,lrow_102d492d6a4f,lrow_104f63d3198e,lrow_10ea9eb50a79,lrow_1118d51dcfb1,lrow_12ca8928079d,lrow_13927e989071,lrow_13fa176c1784,lrow_14d494764f78,lrow_150b708d483a,lrow_1534e76f1c66,lrow_15f0064dea07,lrow_1699eccdf547,lrow_175d484006f7,lrow_17e6b5c3635c,lrow_1923ecc1c64d,lrow_1a30d2d5cc0b,lrow_1b11146e96cf,lrow_1beaaaf45844,lrow_1c118728bd45,lrow_1dc31193cd5b,lrow_1efb8b984ad9,lrow_1f21ea4dc6e3,lrow_1f49e2d62854,lrow_1f506a5d3d90,lrow_206ce07b9156,lrow_2222c236f00d,lrow_225d165cc0dd,lrow_2558aa3782ac,lrow_267225e9b0a3,lrow_271809469b79,lrow_275090d6d61d,lrow_284a31b69c88,lrow_2a4516f36fa9,lrow_2a8dff265f45,lrow_2ce0302a25f5,lrow_2ce3e7f34215,lrow_2d29b1ec4700,lrow_2dae45084bf4,lrow_2de8e2eca593,lrow_2e53a49509dc,lrow_2f76faeda8e7,lrow_31a19f3cc4ea,lrow_320bf8fff204,lrow_35cc87a4ec98,lrow_3653cceb506f,lrow_36895e953b7b,lrow_37c7b444804d,lrow_37eb2efe1046,lrow_3951d33df38c,lrow_397a8b2741ab,lrow_399c48948023,lrow_39e2523c5c06,lrow_3a7a382efee6,lrow_40e8ba74c8b7,lrow_4112de5a7b7d,lrow_4351280713f2,lrow_4493d78a98d8,lrow_45e97b19dbf1,lrow_467619d9810d,lrow_48538962644a,lrow_486941636bb6,lrow_49ca525103f0,lrow_49e9980a762f,lrow_4a7b2b9e3c9e,lrow_4d38ec044f31,lrow_4e268a49a80d,lrow_502ac4223314,lrow_5118dab2c6e2,lrow_5147d28a81b5,lrow_5155a7488aaa,lrow_519d90ebfcda,lrow_51efd211ba63,lrow_545b308c9965,lrow_547babbfebb5,lrow_5562fbc57d61,lrow_55cdfee0c25a,lrow_5620b69e7a59,lrow_576d22c6d06a,lrow_586c83c7392a,lrow_5b78bb658835,lrow_5c9ab203a7bd,lrow_5cce31fa362a,lrow_5cfada8e85c2,lrow_5d85a363b5f2,lrow_5e85485f1def,lrow_605c0b0c3105,lrow_60676cd3bd47,lrow_60b99bd6eb6e,lrow_60e805f3a443,lrow_616ae30f31c7,lrow_61e3ea55076c,lrow_62108d31818e,lrow_63230c5f449b,lrow_664b827b29b2,lrow_66c8adcfef84,lrow_679f59dfa94e,lrow_684dd493bb02,lrow_68e0ec1ec245,lrow_69468984cc14,lrow_6993142cefee,lrow_6a61290483e9,lrow_6be23f114d47,lrow_6cfb35ba33ed,lrow_6e536ed9c821,lrow_6f43e9b1f44b,lrow_6f73bde74537,lrow_72061b3139e3,lrow_721bae2a463b,lrow_732d1c3b34db,lrow_74a7c869ee72,lrow_7500887e53c1,lrow_75cc137969b7,lrow_760a95aff897,lrow_7675b44aff8a,lrow_777a6b2f785b,lrow_778dd8387b3b,lrow_77c8d6d54617,lrow_795c9ea1b772,lrow_79f3a9566f70,lrow_7a2101a60613,lrow_7a5ec1ecca5f,lrow_7c14aa523608,lrow_7d2700801881,lrow_7dd1032c992e,lrow_7f4995582a99,lrow_7f61211c6aeb,lrow_7f68129137a9,lrow_7f81a0b4f324,lrow_7f896a89c213,lrow_7fc37f5206da,lrow_80ff567c5c99,lrow_81d4c3b03f59,lrow_8217f7fdf597,lrow_836bb3e08b50,lrow_83b713c4a7f9,lrow_84b51c00191b,lrow_85d6b6ca2cc5,lrow_860214873f08,lrow_86b6c6c477c8,lrow_86c3a653648a,lrow_86caec7bd43c,lrow_8810ec0d858c,lrow_889801112e6e,lrow_88986ac1f893,lrow_8a1b5e79d460,lrow_8a1d950e1738,lrow_8a207ef0e7eb,lrow_8bc0b3072015,lrow_8bd3a1a201bc,lrow_8c815e0e355a,lrow_8d74ed586e50,lrow_91d29b8d7b55,lrow_92e432ccfcc1,lrow_9480d7fb9b2e,lrow_949e76c6913d,lrow_9587519c1e17,lrow_95bb5f2aea22,lrow_96021209e74d,lrow_962f78d4f178,lrow_963b9e884878,lrow_97553614e130,lrow_9ad100c90c7b,lrow_9cd884474d84,lrow_9d82fadc0ae9,lrow_9e83ce5e15d8,lrow_9ea3b9b0a0ce,lrow_a0514f4a21a0,lrow_a0d09323b425,lrow_a11a4757c8fb,lrow_a1bd264fa4fc,lrow_a39e0fdd7da6,lrow_a40aff672cdf,lrow_a43c7065b260,lrow_a4a919482754,lrow_a52e175601aa,lrow_a623d908bcd1,lrow_a6e932754ba3,lrow_a701af0bd8eb,lrow_a79c2cee745e,lrow_a7cda1891f1c,lrow_a8ee423977c3,lrow_a91f1eed2ae1,lrow_a9272e45c07e,lrow_aaaca092f299,lrow_ab4c4dbe3023,lrow_abf8f03880b1,lrow_ac1a46539a9f,lrow_ac3d26d0b5aa,lrow_ac525b16a1b4,lrow_acb50bb24ac3,lrow_ad020789419c,lrow_ae55d2b83971,lrow_aea3568e5645,lrow_af616701a642,lrow_afc8aa0ddd19,lrow_aff3b3ba5772,lrow_b0c41d48e3f7,lrow_b126b788779d,lrow_b12f68b09258,lrow_b1fcb49cdd12,lrow_b3a2eb788ae4,lrow_b490a1ca040b,lrow_b5213749960b,lrow_b5b12f71636a,lrow_b5b5f5689366,lrow_b7148cf235b5,lrow_b72fd69698ec,lrow_b7f976377e65,lrow_b8460d0a8354,lrow_b940789c0f1d,lrow_ba2da9da7834,lrow_ba30085cc550,lrow_bbc0b9bbbec2,lrow_bbedd25382bf,lrow_bd74b60aac33,lrow_bd8f2f70670b,lrow_be153094e4c6,lrow_be66f86e6b2e,lrow_c038e2d9f0f6,lrow_c162783c5876,lrow_c2b5ef2a6710,lrow_c3795780cc59,lrow_c3a844ab3e4c,lrow_c42e0f2d72b0,lrow_c4fa04103993,lrow_c61416ce190c,lrow_c6d31e18067c,lrow_c8230f235468,lrow_c91d3ffc9a79,lrow_c974a8f2265f,lrow_ca06eca31604,lrow_ca67fdc5afe5,lrow_caafbc422599,lrow_cc15e06f3f56,lrow_cc23208eee51,lrow_cc9c9a37f39f,lrow_ccd23374d434,lrow_cd120bbb1819,lrow_cd7f37c9ac97,lrow_ce34c586a9a5,lrow_ceec69cf0a42,lrow_cf62639417f4,lrow_cf902a995b53,lrow_d0a98f2e4747,lrow_d1c479c338cb,lrow_d1f1c51b6559,lrow_d20ac6b64074,lrow_d21190f006b4,lrow_d2a58032ce58,lrow_d51ee24c329e,lrow_d52c66a586db,lrow_d61e1c5aa2de,lrow_d655110317f8,lrow_d7b8759ae51d,lrow_d7d38558481e,lrow_d8063f3293fd,lrow_d919fbc27e2c,lrow_dd52f971332e,lrow_df3dc81453c4,lrow_e0924da15aa3,lrow_e09fdefa1441,lrow_e0b380feb357,lrow_e0e25be6ed39,lrow_e36e7b62fbfb,lrow_e4bedb366142,lrow_e4eb19b89453,lrow_e60dcc55fb9b,lrow_e667cc4be224,lrow_e6f35715d83e,lrow_e72dd7b37132,lrow_e72e60304ef3,lrow_e876b070c2d4,lrow_e91d9bdd581b,lrow_e924cfe878d0,lrow_e96600edbe01,lrow_eac227f0ad2f,lrow_eaf758f98895,lrow_ec631d4a439e,lrow_ecd20cd6da36,lrow_ece9c2c4a6b3,lrow_ed4e60804954,lrow_edf522e66550,lrow_ee7ce64ec1ce,lrow_ee879fb43da7,lrow_eec94105b8f8,lrow_ef9c6bf3a11a,lrow_efc135b356c8,lrow_f020162b050b,lrow_f12316e1b769,lrow_f16aa819177b,lrow_f2bc15dd6396,lrow_f335b9a560f7,lrow_f3ba88513a92,lrow_f3fb872b731a,lrow_f597c98cd660,lrow_f5eabcc90729,lrow_f7146b3cc347,lrow_f7a6a80d16c2,lrow_f7a9ff8207d6,lrow_f821fc243a51,lrow_f9fe538424a0,lrow_fa03b66a4f27,lrow_fa9c948c916f,lrow_fcb24ed0ab4c,lrow_fea5132f00f0,note_34c0e46f3018,note_3566f1745da6,note_3b12cafe874f,note_571c96d5533f,note_652a213b9f17,note_67bf5cc358b8,note_6e52e6114148,note_84c9995553c0,note_8e8706147494,note_92008279d354,note_97a0b6bccbe5,note_a17712a66c6d,note_ab8586c19eda,note_b3357d03c74b,note_cae2fc11d8ed,note_d263d0a01846,note_e3343ad1ebf7,note_e5bae0fc0298,note_ee2071cf647a,note_f8c45e75f00c,note_fe679ae16bd6,note_ff8fa5affcc1"
38ef7b21-7270-5fd8-abec-a5c600df37bd,BUSINESS_TYPE,임대업; 부동산 제외,임대업; 부동산 제외,"lcell_0956102b92ad,lcell_bbeeb7ae9565,lcell_dcdfb21b5750,lcell_ee10001cca95,lcell_fb302f0406f6"
8be6ae79-1aee-55c3-9a63-e5cf16b8e0e3,BUSINESS_TYPE,자동차 및 트레일러 제조,자동차 및 트레일러 제조,lcell_bc6c135c5092
f1872480-a8b3-580b-89a1-8cd1a932076a,BUSINESS_TYPE,자동차 및 트레일러 제조업,자동차 및 트레일러 제조업,"lcell_53a0e03cce94,lcell_a1c70561e9d0,lcell_eaafbe5fd6f9"
cbab2402-2665-5b16-a83e-c45dfcae97d5,BUSINESS_TYPE,"자동차 종합 수리업, 자동 차 전문 수리업","자동차 종합 수리업, 자동 차 전문 수리업",lcell_1535d8b86a09
73c42238-6433-506d-8c81-980bbd0e7ab2,BUSINESS_TYPE,"자동차 종합 수리업, 자동차 전문 수리업","자동차 종합 수리업, 자동차 전문 수리업","lcell_2d01a65920b9,lcell_b7291334e382"
3da9418c-25cb-5fa8-8478-54e5e8c7fbbb,BUSINESS_TYPE,"전기, 가스, 증기 및 공기조","전기, 가스, 증기 및 공기조","lcell_8f63585c4f3a,lcell_d2e3b9583f0f"
b1b6d736-2aed-5f07-ac49-1d94ee3b4f7b,BUSINESS_TYPE,전기를 생산하는 사업장으로 한정한,전기를 생산하는 사업장으로 한정한,lcell_2c5e45cf3223
dfab9973-82b0-5a01-bfec-8326ed5470be,BUSINESS_TYPE,전기사의 자격을 취,전기사의 자격을 취,lcell_683a05de4ec3
5ca03fe5-cba1-550c-9cce-b75c7e25ac57,BUSINESS_TYPE,전기장비 제조업,전기장비 제조업,"lcell_1801a6fea6da,lcell_3bc00b0b77f4,lcell_3fa3764c098a"
d8408247-5c5a-57b6-b4e4-c324891b63b0,BUSINESS_TYPE,"전문, 과학 및 기술 서비스업","전문, 과학 및 기술 서비스업","lcell_45bd332e9654,lcell_8b17af0daad7,lcell_d717ae25c256"
91109f2a-f66e-5515-a02c-b25e3e56f4d1,BUSINESS_TYPE,전의 15에 해,전의 15에 해,lcell_69d339624116
d3d9b4ba-db50-5310-9f46-4575dbf72aac,BUSINESS_TYPE,"전자부품, 컴퓨터, 영상, 음","전자부품, 컴퓨터, 영상, 음",lcell_fb921ac759f5
d2b84c17-9e97-5819-b967-001bb37f933b,BUSINESS_TYPE,"전자부품, 컴퓨터, 영상, 음향 및 통신장비 제조업","전자부품, 컴퓨터, 영상, 음향 및 통신장비 제조업",lcell_9b9ab11e4da1
58b34245-baf9-53af-a214-56b46f5a8fbc,BUSINESS_TYPE,정보서비스업,정보서비스업,"lcell_5550913d0c8a,lcell_7258f7319de0,lcell_b5785c93c5ec,lcell_c2f14fc6066c"
5410020b-159e-510b-9841-79a6297719b3,BUSINESS_TYPE,제조업,"제조업,제조사업장","09b8e23f7438ff0351b3b66fc13aaf759370409f,12fabe1276ee702c08f242168b07737d882ae807,28ee6232baf36526dc2a39eba5de4e7c560902e1,466d53fe78c5a1818be21ac40c152ab0c4ec27b4,5012b2e14fcfb4bd60a7ed08494b82e00482a238,5cd67447c556e074a83776ca433a01d412c7bf21,5f5ad81193db79234567094fed2b29784f220c7b,6b1b6e903ef30e4b7eaf4eafaba074ddbabf7b59,abcf377857edd1ac99f22729a8c47d8ccde992c7,ae54154af7bf4dfa4d4372776434ccef3551ffd7,c9be81587f104e0f85c9f9d351dae42a88d06cda,edeaf36d18001d43c999f52aeb945537ec07e413,f49d976a235f2845394dbbb6f40cee7336ac0a4c,faf65ebc50537ffc91d2f69b160967c652fcb7ce,lcell_005b6717738b,lcell_08ee52ffa201,lcell_104445004f94,lcell_111e46e2dcd4,lcell_1801a6fea6da,lcell_1c7e1cf3cbd6,lcell_1e71106fd4f8,lcell_23242355c5f4,lcell_234329d53d71,lcell_2edd5245b32f,lcell_316d6ec0f880,lcell_32afcbdf3aa3,lcell_39d976220928,lcell_3bc00b0b77f4,lcell_3fa3764c098a,lcell_41ab76748e0a,lcell_4260e15b0be0,lcell_45c5a36d5291,lcell_51696b1eba91,lcell_517afc1b71fa,lcell_52588dea943c,lcell_53004bdbeae7,lcell_53945d6b1c8c,lcell_53a0e03cce94,lcell_59703316fad1,lcell_5b6602097cb7,lcell_5d7ce75bf0ae,lcell_5dd11142bf71,lcell_5def9c7dc240,lcell_6230978751c1,lcell_64ca24e28b16,lcell_68200f5acb3d,lcell_6bb6c18e397f,lcell_7106f0415e55,lcell_71b0a9feb2f2,lcell_794b017fe7c4,lcell_84cf99d91b06,lcell_885b5d2a2410,lcell_88c9c211144c,lcell_90a5d4dce6de,lcell_95b2d4caa12f,lcell_9960a858eee8,lcell_9b9ab11e4da1,lcell_a1c70561e9d0,lcell_a311338e6e59,lcell_a5e4ba1cb76f,lcell_a7a22f9bbbc3,lcell_a7c6a2a1bc49,lcell_a97d20de2240,lcell_ade9f1b13135,lcell_ae0c46159cb2,lcell_ae3ca81fe689,lcell_b6bde9867ca6,lcell_be7d6872a41b,lcell_c240b21a186d,lcell_c36e406b243d,lcell_c629fad92803,lcell_c6e6c2ba02f5,lcell_c79ccb1c9c2e,lcell_d0164ea3e26f,lcell_d0bd66784793,lcell_d0e1f9db5366,lcell_d7b6997de0a3,lcell_d8c2b43ef86f,lcell_e0f629fa81b4,lcell_e1a667625e6d,lcell_e23c5749acc9,lcell_e43a923403db,lcell_e8deee746b2f,lcell_e92777a7228f,lcell_ea676e86970a,lcell_eaafbe5fd6f9,lcell_ece6a82e2508,lcell_ed5c71ffa6fa,lcell_edc84e82b79f,lcell_f17b89e64b5e,lcell_f28cf9f603e5,lcell_f8e2e269bd5f,lcell_f955b4a2616d,lcell_fa6ce503a0a5,lcell_fbd0173f355d,lcell_fc660252ab92,lcell_fcbf7d807067,lrow_0512b93eda45,lrow_0cec78770397,lrow_12b167490044,lrow_12d00d6a6a19,lrow_15f0064dea07,lrow_1beaaaf45844,lrow_1efb8b984ad9,lrow_245d02223935,lrow_248693762983,lrow_2558aa3782ac,lrow_28c537870e4f,lrow_2e53a49509dc,lrow_2f76faeda8e7,lrow_30c0b5887d94,lrow_320bf8fff204,lrow_37c7b444804d,lrow_40e8ba74c8b7,lrow_4e268a49a80d,lrow_5147d28a81b5,lrow_51efd211ba63,lrow_547babbfebb5,lrow_5620b69e7a59,lrow_5ecb098bead8,lrow_616ae30f31c7,lrow_681f288c15f6,lrow_6f73bde74537,lrow_71d838168a87,lrow_757168a72982,lrow_75cc137969b7,lrow_78d6fa9b370a,lrow_7f4995582a99,lrow_80ff567c5c99,lrow_8217f7fdf597,lrow_8810ec0d858c,lrow_9587519c1e17,lrow_9ad100c90c7b,lrow_a0d09323b425,lrow_a40aff672cdf,lrow_a49cdee1eca9,lrow_ad020789419c,lrow_aea3568e5645,lrow_b1fcb49cdd12,lrow_b3a2eb788ae4,lrow_b5b5f5689366,lrow_b72fd69698ec,lrow_ba30085cc550,lrow_bbc0b9bbbec2,lrow_bd74b60aac33,lrow_c038e2d9f0f6,lrow_c3795780cc59,lrow_c3a844ab3e4c,lrow_c61416ce190c,lrow_c83b31bec731,lrow_ca06eca31604,lrow_ca67fdc5afe5,lrow_cc15e06f3f56,lrow_ccd23374d434,lrow_ceec69cf0a42,lrow_d0a98f2e4747,lrow_d1f1c51b6559,lrow_d8063f3293fd,lrow_da907eeb43e0,lrow_e72dd7b37132,lrow_e96600edbe01,lrow_ebfe46b43427,lrow_ee879fb43da7,lrow_eec94105b8f8,lrow_f22b4224fcce,lrow_f2bc15dd6396,lrow_f7146b3cc347,lrow_f7a6a80d16c2,note_44b0eff90ecf,note_97a0b6bccbe5"
5cbdd11b-c47c-5214-bb02-cb91c3dc4e9f,BUSINESS_TYPE,종의 건설업종란,종의 건설업종란,lcell_bf14569636c5
5f6ba050-4fe6-52db-a6c2-67e70ea7ad22,BUSINESS_TYPE,지의 사업을 제외한 사업,지의 사업을 제외한 사업,lcell_185fa9545dda
27d0163c-0fcd-5e2d-89fb-2f65283851b0,BUSINESS_TYPE,청소년 수련시설 운영업,청소년 수련시설 운영업,"lcell_18bfb05393c7,lcell_4ebb36c3cd60"
b5a41224-50fb-5ee1-bc22-39aa558d9332,BUSINESS_TYPE,"초등·중등·고등 교육기관, 특수학","초등·중등·고등 교육기관, 특수학",lcell_d2b8debc96a5
9f1383a9-8131-50ae-8d23-6b42f84b907e,BUSINESS_TYPE,측정 실시 사업장 일련번호,측정 실시 사업장 일련번호,"lcell_4fe759ab5fdb,lcell_b4ad9710d380"
5444faed-9a1a-5e3d-97f9-5700b7286889,BUSINESS_TYPE,"컴퓨터 프로그래밍, 시스템 통합 및 관리업","컴퓨터 프로그래밍, 시스템 통합 및 관리업",lcell_80e0a0ccdcb8
c186f0c6-be3d-5134-898c-56a2921bec09,BUSINESS_TYPE,"코크스, 연탄 및 석유정제품","코크스, 연탄 및 석유정제품","lcell_5e9059c4cddc,lcell_8d163629fd9b"
63701495-a9c4-5131-a781-736785de43a2,BUSINESS_TYPE,"코크스, 연탄 및 석유정제품 제조업","코크스, 연탄 및 석유정제품 제조업",lcell_fcbf7d807067
8464d0ec-ceff-583f-b46b-4f46a2f75db6,BUSINESS_TYPE,토사석 광업,토사석 광업,"lcell_5459554ba58a,lcell_ab2dba4a67ae,lcell_f491546e7d61"
8de34b35-b154-5dcb-9f37-c1cdc077cd41,BUSINESS_TYPE,파견사업주의 사업장명과 산재관리번호를 적습니다.,파견사업주의 사업장명과 산재관리번호를 적습니다.,note_652a213b9f17
22abe459-1d38-529e-adf9-e64e4337663b,BUSINESS_TYPE,"펄프, 종이 및 종이제품 제 조업","펄프, 종이 및 종이제품 제 조업",lcell_0656b9eecd0d
02ea2ce0-140b-5fc6-b3cf-268f77d4f933,BUSINESS_TYPE,"펄프, 종이 및 종이제품 제조업","펄프, 종이 및 종이제품 제조업",lcell_b6bde9867ca6
58e619fa-da1c-5377-b0f4-8f8468b28440,BUSINESS_TYPE,"폐기물 수집, 운반, 처리 및 원료 재생업","폐기물 수집, 운반, 처리 및 원료 재생업",lcell_ca2bd1b9bc11
898352a0-87e2-5927-9c26-7d350286fbfb,BUSINESS_TYPE,하는 기간은 2,하는 기간은 2,lcell_0faac90b0688
21933bc6-d957-5a0c-975e-289542707495,BUSINESS_TYPE,하는 사람을 선임 해야 한다.,하는 사람을 선임 해야 한다.,"lcell_60e4216d484f,lcell_f9dde7546a4a"
5f7f6f7a-e006-570c-a1e6-431275c6bf40,BUSINESS_TYPE,"해체, 선별 및 원료 재생업","해체, 선별 및 원료 재생업","lcell_4cdc30b6070b,lcell_7a04eea8e5c2"
932af810-1099-5504-b63e-5245c3b29f5c,BUSINESS_TYPE,향 및 통신장비 제조업,향 및 통신장비 제조업,lcell_a7a22f9bbbc3
85041929-b3f2-5c84-8ec8-86b03625962f,BUSINESS_TYPE,협회 및 단체,협회 및 단체,lcell_428dc70a55aa
9f7516e1-a4a4-5b0d-94db-3a537847670f,BUSINESS_TYPE,화학물질 및 화학제품 제조,화학물질 및 화학제품 제조,lcell_ea8efa72063f
8be8c95e-3eb9-5bd6-bd16-7a5b6ed76ec1,BUSINESS_TYPE,화학물질 및 화학제품 제조 업; 의약품 제외,화학물질 및 화학제품 제조 업; 의약품 제외,lcell_68dcfd4d79e1
04a79923-3f27-5b28-9025-e8d35856ee77,BUSINESS_TYPE,화학물질 및 화학제품 제조업; 의약품 제외,화학물질 및 화학제품 제조업; 의약품 제외,"lcell_a5e4ba1cb76f,lcell_fc660252ab92"
448ce3c0-0434-5c69-aec1-02c522c51ee1,BUSINESS_TYPE,환경 정화 및 복원업,환경 정화 및 복원업,"lcell_6528b9eb2e1e,lcell_f991241e21b3"
b17ef9f6-75d6-5cf3-bc92-f28526503854,BUSINESS_TYPE,후 15에 해당,후 15에 해당,lcell_cf4c9a2f6adc
e799090f-b25c-5323-9805-a37162097359,FACILITY_TYPE,「국가기술자격법」에 따른 관련 분야,「국가기술자격법」에 따른 관련 분야,lcell_3776033c0ac2
d7eca6a4-ed3a-5a4a-aea0-c196f1e61424,FACILITY_TYPE,"「산업안전보건법 시행규칙」, 「산업안전보건기준에 관한 규칙」","「산업안전보건법 시행규칙」, 「산업안전보건기준에 관한 규칙」",lcell_07acb098abc9
5b52aeef-079b-5be0-84ed-249eb4c82cd5,FACILITY_TYPE,가목부터 마목까지의 장,가목부터 마목까지의 장,lcell_ef2fd84b7030
628fba99-1541-5b64-85dd-2473fe18f6b4,FACILITY_TYPE,가목부터 바목까지의,가목부터 바목까지의,lcell_242edf347b96
88c20d25-e770-53ba-941b-0e99b88a5800,FACILITY_TYPE,가목부터 아목까지의 장비,가목부터 아목까지의 장비,lcell_6dffea5fa2dd
29f2a3d0-9667-5382-a13b-259fba3ac0e8,FACILITY_TYPE,가스농도측정기,가스농도측정기,"lcell_1c1989e61262,lcell_537c997187cc,lcell_551911c204f6,lcell_7d64ddb73d41,lcell_bcc48a213bde,lcell_e27d1d6e8df2"
e5a62560-1ed8-5ed9-8aca-9d42eea47e50,FACILITY_TYPE,가스누설탐지기,가스누설탐지기,lcell_3b1adf9b5b0a
38aef1a7-6870-503c-8783-838ab6f3f8d1,FACILITY_TYPE,가스누설탐지기 너. 절연저항측정기,가스누설탐지기 너. 절연저항측정기,lcell_f6a0591e74e0
9a91c072-c544-53c0-9275-9e01ee58033c,FACILITY_TYPE,가스탐지기,가스탐지기,lcell_669034867177
fd80b6dd-9b51-58bf-a9f7-a2b1a2834e72,FACILITY_TYPE,검사용 공구세트,검사용 공구세트,lcell_ac397a712645
2a80a8a1-3682-5b12-9946-6ff6a3a5169b,FACILITY_TYPE,경도측정기 10. 산소농도측정기,경도측정기 10. 산소농도측정기,lcell_6a90f09da74d
77af99e1-3801-57ed-80d7-6a6ebe4b172c,FACILITY_TYPE,공사계약서 사본,공사계약서 사본,lrow_54a3e2151c68
e3c20baa-d57d-58eb-b483-9872f286811f,FACILITY_TYPE,공중교통수단,공중교통수단,"0a8d527a518e7a4856897d6af6495a025eba4f7c,12b08cb01ee91774e48af66e07f6125ceec0037f,16405701ab74350e7e6457b73bc4a3d02fdaff5b,178908b73b4752ed872c7bcc15435c88328ee82b,1977629638b953eee631344ac7233e97fd38a4af,1e179fb27de1d27f02c3d8614910dddffef4444f,237e7bef3e9770b3e88efdfe49aa61e8bc8ba3a0,2cb1b07df5701c6077f69115579043fda76fd490,31d95be8551b3c6197d759d2653291bf3f42cdaa,3aae0910ba1619f4ae121e78dc04d748194e8997,51273789c33fb534005334009c68ebabcebe5e3c,5582b36b0f19461fe7b6b453e8596b976ebf545d,55b1d0cfe9192961b173f9b63fc267ea7721de5d,5ae5e7f0d0de827868b8ed2fc13e2a35d45fe8b7,66e1f8c2b37ca442df7897f99c9fea13510eb967,7779049c361bc9ae58aced3f718bee99b18bf9b0,8a53f0214489d4202dd1ddb07121457b972b981d,8aa32712b015526b84277aa694acba351825dad8,9e7d2dcd8aefc77a8739dbaa573141f5c45aad6d,a42244f55a31b823554c48d4c56d24f6c6d761fe,a50e67ba3b4ebced0b20c36013bd11b5850f9d9c,a53d4e657a60b0161b2298a0d3f419a2c3f42dab,a676e15bf719532c088a124e68f66046a81d1616,a912ec86f183acecbeb7daee3855f7a97c1220c7,b299eab3e913403d50871766946d897a39b84aee,b71f2e49548fc36c48fd93a7ae32c840f8932b45,b75fd4fac8bacd510c5c1ee250f4f6eb0cf3f514,b784774dad0bf3c7e156f9a44894dcbf45e964f1,c510cdb7d830a82247dd879c7289e30227e01ea1,d963ab69ef43eae70c7ca72ded403b192ffc532b,dc866cb611889fa17bdf2f81eedda76bc0260df9,df504bf28ee5632e882fc8545c6d888321838e3d,f3008cc52b6ac80fe7d315f24eaa232b93218820"
33df8208-efe7-528c-b0bc-3574f6fdb296,FACILITY_TYPE,공중이용시설,공중이용시설,"0a8d527a518e7a4856897d6af6495a025eba4f7c,16405701ab74350e7e6457b73bc4a3d02fdaff5b,178908b73b4752ed872c7bcc15435c88328ee82b,1977629638b953eee631344ac7233e97fd38a4af,1e179fb27de1d27f02c3d8614910dddffef4444f,237e7bef3e9770b3e88efdfe49aa61e8bc8ba3a0,3aae0910ba1619f4ae121e78dc04d748194e8997,51273789c33fb534005334009c68ebabcebe5e3c,55b1d0cfe9192961b173f9b63fc267ea7721de5d,566520b15a6874166f14d78ed857f48c51182660,5ae5e7f0d0de827868b8ed2fc13e2a35d45fe8b7,5e9d473ca05caa1688cb97f549cd48ff4c70be83,66e1f8c2b37ca442df7897f99c9fea13510eb967,8a53f0214489d4202dd1ddb07121457b972b981d,8aa32712b015526b84277aa694acba351825dad8,9e7d2dcd8aefc77a8739dbaa573141f5c45aad6d,a42244f55a31b823554c48d4c56d24f6c6d761fe,a50e67ba3b4ebced0b20c36013bd11b5850f9d9c,a912ec86f183acecbeb7daee3855f7a97c1220c7,b299eab3e913403d50871766946d897a39b84aee,b71f2e49548fc36c48fd93a7ae32c840f8932b45,b75fd4fac8bacd510c5c1ee250f4f6eb0cf3f514,b784774dad0bf3c7e156f9a44894dcbf45e964f1,c510cdb7d830a82247dd879c7289e30227e01ea1,c687720e7ad7519b3e76fa405e270c3a0bbfe749,d963ab69ef43eae70c7ca72ded403b192ffc532b,dc866cb611889fa17bdf2f81eedda76bc0260df9,df504bf28ee5632e882fc8545c6d888321838e3d,ec263de9d67524ce02f47e2fee9d6465ee98178b,f3008cc52b6ac80fe7d315f24eaa232b93218820,ff8efaf4e62c119a1b2d461f5e1a1be710ec7fb6,lcell_1f77e192e7cd,lcell_3c15bb6d6f99,lcell_4623d49283f7,lcell_4b1ebc82c5d0,lcell_4bdf17cf06b1,lcell_6c120ee7c59a,lcell_ca554478b78f,lcell_de1d4dd5110d,lrow_0ffb0829c2d9,lrow_16720832625c,lrow_196ad76a79b0,lrow_2455b1b71a8e,lrow_2688eb2409ed,lrow_34207d03ab84,lrow_36c2700c9cc6,lrow_3f7f41660f51,lrow_4d57d77aa002,lrow_64d956ef4ecf,lrow_6f7e78007486,lrow_7a59596da99f,lrow_806c35990279,lrow_807054ec68e2,lrow_9511cd9a3409,lrow_95716ca307dd,lrow_9ad1bb0cfbf9,lrow_9d3963d6e7d4,lrow_a2ec5c3f54f9,lrow_a44422de952e,lrow_acc936f7322e,lrow_ae0ee6095729,lrow_aed63f2f06b7,lrow_b91795af636f,lrow_bb0b03656a8b,lrow_bf9e3b31d86e,lrow_cfa10f50a865,lrow_d013a1c609b7,lrow_d17d61a272ed,lrow_d9841e59cb6b,lrow_e010fbd66ad0,lrow_e2ceb1332767,lrow_e4487cbdc74f,note_bc1fa0212900,note_cda01a353094"
22326e7b-ce7f-57c9-b0a8-721ca116bbef,FACILITY_TYPE,공통사항 1. 사무실,공통사항 1. 사무실,"lcell_1eb02f1440bb,lcell_9af5a99ce50f"
878c1d0f-b494-50fd-8c77-37988815e7b2,FACILITY_TYPE,관련 ③ 심혈관계: 심전도검사,관련 ③ 심혈관계: 심전도검사,lrow_2e107e5a96a3
b3e0d03a-21e4-5343-9453-97af8a679dd4,FACILITY_TYPE,관련 사 ④ 심혈관계: 심전도검사,관련 사 ④ 심혈관계: 심전도검사,lrow_9471b7f8860f
c128e78c-82a4-59d6-8e99-8c7ea214a933,FACILITY_TYPE,"금속열 증상 문진, 청","금속열 증상 문진, 청",lrow_68ce4ecb6cae
edbbeb06-b391-50f9-93e3-8ef26bb4b86d,FACILITY_TYPE,금속현미경,금속현미경,lcell_69a70ebd4ef3
b813dd59-fd5f-5600-a295-0c2b6d73011e,FACILITY_TYPE,기 퍼. 스모크테스터,기 퍼. 스모크테스터,lcell_57b0eabac95e
35d56d63-8f8b-5e28-903e-f3eac7d94cbb,FACILITY_TYPE,기밀시험장비,기밀시험장비,"lcell_57fbe3a321ba,lcell_a2b75d85606e,lcell_e17505509b5a"
4da6f3bd-8ac3-5776-a3db-02014b56de24,FACILITY_TYPE,기술사 자격을 취득한 사람 라. 경도계,기술사 자격을 취득한 사람 라. 경도계,lcell_6a5c7c8df4a8
cf481f36-41f7-53d3-9b8e-5b2a9536b3bc,FACILITY_TYPE,"단백뇨정량, 혈청 크","단백뇨정량, 혈청 크","lrow_200b250e3f9b,lrow_23a2aa0bf863,lrow_399df330f06b,lrow_4ad6ca93dcc9,lrow_5bf97ae24827,lrow_66b7cd3c4b6c,lrow_693e9618525c,lrow_8754a279a672,lrow_88a1f83bf8d9,lrow_8e49128cf927,lrow_9500bb9135a1,lrow_9877fcf0ea7c,lrow_a54d9d951f3d,lrow_b1a62f3a0ed4,lrow_b62bf53627f5,lrow_d56f883c0522,lrow_da68a91a3641,lrow_e3d4d07cc216,lrow_f0dbfa341b4a"
0bd61b62-3e4b-53d4-badb-d385dbfd647a,FACILITY_TYPE,"단백뇨정량, 혈청 크레","단백뇨정량, 혈청 크레","lrow_3a725b0de857,lrow_83f974b9bcce,lrow_f5c6a1623d76"
0f36ef04-973d-5ce8-a357-dd69b7fae9a3,FACILITY_TYPE,달린 열선풍속계,달린 열선풍속계,lcell_5c9fbd2197fe
bb2fc0e8-6072-5c53-842b-1d41bf89b675,FACILITY_TYPE,두께측정기 12. 가스농도측정기,두께측정기 12. 가스농도측정기,lcell_17f95c0ab46f
7c2d1b7c-1f6f-536c-bf39-ab03b81c62b3,FACILITY_TYPE,라목의 장비는 지부,라목의 장비는 지부,lcell_7381ebc429b7
ce8ec250-9319-5b39-ac45-669d14e1e4b2,FACILITY_TYPE,라인스피드미터,라인스피드미터,lcell_7962e4a60c85
16588e04-a12b-5d58-8f51-12604407604f,FACILITY_TYPE,력 보유 1. 재료강도시험기,력 보유 1. 재료강도시험기,lcell_6e9b0c2266fd
0da268f8-e0bf-5d86-a23a-9d843ba26f40,FACILITY_TYPE,로드셀 또는 분 동,로드셀 또는 분 동,lcell_2f064a15bff8
16251b37-2d58-5a5a-9321-726547431f0f,FACILITY_TYPE,만능회로시험기,만능회로시험기,"lcell_0479e4790e93,lcell_27051d59ba64,lcell_4944352bb2a7,lcell_7799659e4384,lcell_8bef1cb2131f"
6dc74d3a-c56c-5bc5-967c-af41ae623a41,FACILITY_TYPE,만능회로시험기 타. 수압시험기,만능회로시험기 타. 수압시험기,lcell_3c040e0caa43
a60c6046-a3f4-54ac-b604-47b3e176f316,FACILITY_TYPE,만능회로측정기 8. 산업용 내시경,만능회로측정기 8. 산업용 내시경,lcell_8a894f03e66e
fa0bfdd2-aec8-52ce-8226-6d94c100e9a7,FACILITY_TYPE,"망상적혈구 수, 혈액","망상적혈구 수, 혈액",lrow_ce4a38d8aff8
3cf423ba-192e-5ced-96d5-0b1e58bdcc4b,FACILITY_TYPE,"목, 하목, 버목부터","목, 하목, 버목부터",lcell_1236ee33d51d
43af4bbf-51e8-503c-b8d5-cffe96ff5217,FACILITY_TYPE,바목부터 아목까지의,바목부터 아목까지의,lcell_75bffbbdbb03
96f506ed-61f0-5bc4-99b2-f7abd5fe0a77,FACILITY_TYPE,분석실 및 조사준비실,분석실 및 조사준비실,lrow_41f71ff5a573
89f64206-008c-5f99-8cf8-598435410f61,FACILITY_TYPE,분진측정기 거. 풍속계,분진측정기 거. 풍속계,lcell_52268ac4e8ca
15ea0867-f1d6-5352-8d90-37edea808fe1,FACILITY_TYPE,비고: 가목부터 자목까지,비고: 가목부터 자목까지,lcell_b78096e85a8a
67ba4139-32fc-5dc3-bd55-a05b3bb5dabf,FACILITY_TYPE,비는 각 지부별로 보,비는 각 지부별로 보,lcell_b0ebfdb3ead9
1ecc918b-fac9-5441-a097-a584cc064974,FACILITY_TYPE,비는 본부 및 지부,비는 본부 및 지부,lcell_6cffc1c7120c
e8d6fd8e-aa58-5c51-b11d-661954fa50d2,FACILITY_TYPE,비는 본부 및 지부 공용,비는 본부 및 지부 공용,lcell_f933704cbc5b
668bb843-d257-514a-a67c-12da6c64ccaf,FACILITY_TYPE,비파괴시험장비,비파괴시험장비,lcell_d0005c2e9fba
e7d1b949-c417-56a1-be09-ae17c63680a1,FACILITY_TYPE,비파괴시험장비(UT,비파괴시험장비(UT,"lcell_7dbb3310049a,lcell_9b2cfd894cc1"
5885a2a3-2acd-56c2-bbde-2fc3347a5611,FACILITY_TYPE,사목부터 하목까지의,사목부터 하목까지의,lcell_8d5662816418
5aa2e7ff-090c-506e-aa91-61306892f3e7,FACILITY_TYPE,사무실,사무실,"lrow_5a8d5ef8003a,lrow_83c1de382885,lrow_8be8f8c7c443,lrow_961b4f10d783,lrow_e05484afa6b5"
071b3106-b49e-57fa-b4e6-740225763127,FACILITY_TYPE,산소농도측정기,산소농도측정기,"lcell_471a7d2d86e3,lcell_ad4ae2563401,lcell_d346e2ed40ff"
d186a859-74ab-561a-b6c5-c3daaec1f491,FACILITY_TYPE,산업용 내시경 처. 조도계,산업용 내시경 처. 조도계,lcell_551f1bacedf3
3acb5fe9-3600-506e-b171-24f9ed923fdd,FACILITY_TYPE,산업용내시경,산업용내시경,"lcell_7bca3848a680,lcell_8794d9d19389"
3de51c19-6750-57c1-9e81-d98f39812367,FACILITY_TYPE,소음측정기,소음측정기,"lcell_78d99a7f542a,lcell_e1c7f5f7ff20"
62f6b4f8-8d9b-549c-8cbd-55b86c0106e6,FACILITY_TYPE,시설기준,시설기준,"lcell_28b23b968a10,lcell_4110a8963421"
c397c95d-d13f-5510-9306-507e28e727b9,FACILITY_TYPE,안전검사대상 기계명,안전검사대상 기계명,lcell_7dae8e31a2e4
acae67f1-3d8c-5536-884b-f5f2035cf946,FACILITY_TYPE,안전밸브시험기구,안전밸브시험기구,"lcell_477178bb88b4,lcell_49fabb3eb7d9,lcell_9669b6da9f9f"
d7c0d172-79cc-5cd5-bf28-16d044f62793,FACILITY_TYPE,안전인증대상 기계ㆍ기구명,안전인증대상 기계ㆍ기구명,"lcell_1a1768a9cb75,lcell_5fcab3ae1e62"
1f9840e5-25ca-563a-ba62-26f73841aa0e,FACILITY_TYPE,"어캘리퍼스, 마이","어캘리퍼스, 마이",lcell_831b8cc709e8
aa89c3e7-6749-5951-8c1e-153c8c980862,FACILITY_TYPE,연소가스분석기,연소가스분석기,lcell_63b613693fb2
d680fd68-42b7-521e-baeb-750b2f595e64,FACILITY_TYPE,열선 풍속계,열선 풍속계,lcell_41b316ad14c6
fdcb7a30-b530-5c12-be02-4509546279e4,FACILITY_TYPE,와이어로프 테스,와이어로프 테스,lcell_e6fe98377d18
05a73843-d72c-5398-a5b6-a7c13476e61f,FACILITY_TYPE,"요검사 10종 ② 비뇨기계: 단백뇨정량, 혈청 크","요검사 10종 ② 비뇨기계: 단백뇨정량, 혈청 크","lrow_194e685f4984,lrow_8698197f4ece"
c692d0c6-af00-5af8-b9c9-b583f73d4d59,FACILITY_TYPE,요검사 10종 ③ 호흡기계: 흉부방사선,요검사 10종 ③ 호흡기계: 흉부방사선,lrow_29622c75ec56
3e5aee17-7928-54d1-9188-da59aa9cd4e9,FACILITY_TYPE,"요검사 10종 간염 표면항체, C형간염 항체","요검사 10종 간염 표면항체, C형간염 항체","lrow_43fd6a8de6ec,lrow_872791e1b6c2,lrow_8a5a2c701ccc"
4ade92ea-4b94-5c37-8bdf-7b8bb529661f,FACILITY_TYPE,"요검사 10종 레아티닌, 요소질소","요검사 10종 레아티닌, 요소질소","lrow_d75c29a45bee,lrow_e8160e0ae19c"
09b940f1-eab7-5a10-8cfa-ccb8ba53cdb5,FACILITY_TYPE,"요검사 10종 리검사, 신경학적 검사","요검사 10종 리검사, 신경학적 검사",lrow_07e45ac993a5
1f8a1827-a152-53c6-8a0d-d98ca6e49bf5,FACILITY_TYPE,"요검사 10종 염 표면항체, C형간염 항체, A","요검사 10종 염 표면항체, C형간염 항체, A","lrow_037953f94ed5,lrow_10ce91782adf,lrow_132950ea2a4b,lrow_29f6b41c5102,lrow_6dbe40325a4a,lrow_984f654006b0,lrow_9cd4e87d16c0,lrow_9de76a2a7f41,lrow_a5b86549c753,lrow_b1ec0c05472f,lrow_b7de7f516985,lrow_bfa8d5e89f0a,lrow_cd2e130f11a8,lrow_d2b76e7a526d,lrow_d989dbe1f442,lrow_dcf329c921b9,lrow_ff4abfeee5c8"
4a3e3580-0841-5ec2-9221-d18e22e19480,FACILITY_TYPE,"요검사 10종 폐활량검사, 흉부 전산화 단층촬","요검사 10종 폐활량검사, 흉부 전산화 단층촬",lrow_85c6c78f725b
a93500a1-8148-5c42-9497-90919d71c71a,FACILITY_TYPE,"요검사 10종 형간염 항체, A형간염 항체","요검사 10종 형간염 항체, A형간염 항체",lrow_b53bbda691e7
f6f1bd44-e31b-5eaf-a5b8-0acf6350cd54,FACILITY_TYPE,"요검사 10종 형간염 항체, 초음파 검사","요검사 10종 형간염 항체, 초음파 검사",lrow_84b5ca59d51f
0bd82c93-1d17-5b30-a652-ae5f0a02655e,FACILITY_TYPE,"요검사 10종, 소변세 ② 피부: 면역글로불린 정량","요검사 10종, 소변세 ② 피부: 면역글로불린 정량",lrow_dbeddd92cb31
8bdaf807-8a83-58ed-9c31-4d40b7c18dd5,FACILITY_TYPE,"요검사 10종, 소변세 진료","요검사 10종, 소변세 진료","lrow_160ffe377a4a,lrow_e67545f850d8"
0925a08d-82b3-50e7-8f55-e0827fce0443,FACILITY_TYPE,"요검사 10종, 소변세 표면항체, C형간염 항체, A형간","요검사 10종, 소변세 표면항체, C형간염 항체, A형간",lrow_5e8ebd34c204
f887e27c-0104-5d3a-a706-12c70b5f66bc,FACILITY_TYPE,"요검사 10종, 혈압 ② 신경계: 신경행동검사, 임상심","요검사 10종, 혈압 ② 신경계: 신경행동검사, 임상심",lrow_4b80c4c9d7fe
8face2fa-eea8-5190-9f67-b7e18539b5cf,FACILITY_TYPE,"요검사 10종, 혈압 측 불린","요검사 10종, 혈압 측 불린",lrow_7d37003f5fb5
d90bac60-e1ec-5e40-a40c-3b74f2ed004e,FACILITY_TYPE,"요검사 10종, 혈압측 검사, 신경행동검사, 임상심리검","요검사 10종, 혈압측 검사, 신경행동검사, 임상심리검",lrow_2f429fca6c3c
b7d84152-944f-59c2-b00e-db72b2e5bbc0,FACILITY_TYPE,"운드 게이지, 버니","운드 게이지, 버니",lcell_cc0a982ff13c
27bfed2a-409d-59a9-ada7-f51dad987151,FACILITY_TYPE,유해위험기계,"유해위험기계,유해ㆍ위험기계","05e991c5eec8cf3909c0917cc611e38d0d0ed40a,086a920d0dba3922555859fa4f0a1583c77593a3,0c5dec2e69111499b2929c465e8336b544a17221,2829f2c20c6275f6dddcc872d56746d3184e3783,2b95881b79fd034b1ce28e033a7a44af96c48e02,31b4da020999ad6456267172cfd64e0b82cf2935,3d9d4f3902c8ff7ce2f696e264be1d2d8f938664,42a1410b007c1b4f054f449eb17f02553b688f25,4f9cd88fd7c94e9e1f1f4577b6e240b5b1457227,5c9d117ab1b6f69b83b78960f10ee891fda90ae4,5f3beaec87c494c914a7fad0c8f3075fbf340601,608efa7f926efbc45ae43fca2f8e91d1eac50169,632f4faf4a095bc639da98a0b05f972079b94dd0,66d43b49dd15e2c23c2ea225e9b4e326ad2d3c05,6ae1c2c0762c40dd054f76b6ea667b2e0b5daa75,7492e7d0c4d80f043c7908a9ebf336ef084fbc4b,7f73b0880c1ec872113dc644482dae36fde65a4a,8257988c89559491316ed29affcf6c1c1bb2d4e0,8408be43389a8bd0e5cf7c45f2b8821842ecbd68,860719095d70f6895dd2c02d1afc188dac1f5b5d,8b350c7cfbe0916ba806e477b39d310a001381d9,8fb0313281bf3e5e431d20b9b875c63af6b3b1c5,9ea3d3ad64be9938db655024537ac41817c198f7,a41e3426743dcbd8085bb7552bd44c9bfe564ab2,b17a57181d4998510364c1dcf928b834c26672c1,b215c337b5211ec1ce84a0ff5e649006027da5ce,b484706e8e00909253406642ee340fe6eb26fc73,bb3d572559a504886b2553d2d0642217d6e7a834,bf76b3f49fb2e8c76c8be511bd6ad5af4649a38e,c6e372e2db6878caa924e4b42e37848b5ecc39b2,c8d9bb61db5041983f6c00196c4fa522f07b3411,cf74201697fc7d3016a91e927f08dc8d0308e3cc,cfc2d95d2b55a28c6dd9ec5d1af4b098a46b43ca,d0d86bed25c382e0ee568a49e2a72a7744203094,ddd5a83f56376f8dd1d834cc5a355b3b1a575938,e0b4c309415c92eaaa14bd8ee176ef48ea50c633,e360c1ba7a7c5b0ed7155299d756eb28f76c0884,f709d02d455748d4f6dc0abb7ca12e18cdff0e12,fbd954abf92b415dec08a957f34b3285ab225a18,fbdb29ca0f740b864a5505fab1cae63a7f950819,ff6ee26c4caf1b93190cc3bc9022084f9889d640,lcell_1cb8986a80c7,lcell_2ee6dfcec318,lcell_3dbc9e3b2a0c,lcell_75639967e764,lcell_87fbb50096fe,lcell_91a66c3f8ad8,lrow_33f2c9626ba9,lrow_4716d9b9ee72,lrow_4a222dfb1a13,lrow_4b1a1debc553,lrow_50f12591d9c9,lrow_5f5f1b4736fe,lrow_636789bfb7c7,lrow_6d0cffa7291f,lrow_721a28ad7085,lrow_a2d33f6fb729,lrow_b14c73ca9a56,lrow_bcb711ace74d,lrow_bf0dbf0d4c3a,lrow_c14b174cd780,lrow_ebfe46b43427,note_3e6b03e5bd7d,note_b192c8ee6d70"
f3e940d8-6ef1-59fe-9ca9-8bd0a05fe541,FACILITY_TYPE,자동 탐상비파괴시험기 은 제,자동 탐상비파괴시험기 은 제,lcell_5df8edaced78
7044836f-3670-5a37-81a8-5f63ff753381,FACILITY_TYPE,작업 중 최대날숨유량,작업 중 최대날숨유량,lrow_9bfd1b06f344
02cf66f7-1de5-5cc1-8bfa-616aa71b07fd,FACILITY_TYPE,작업환경측정 준비실 또는 분석실험실,작업환경측정 준비실 또는 분석실험실,lrow_09edbee11a2d
95d2b708-6ab0-5568-a36f-b9a01ec88bb5,FACILITY_TYPE,장비기준,장비기준,"lcell_23ef43cae248,lcell_4adbce94c102"
ec186c11-e4cd-5622-9f8a-298e38f7edb3,FACILITY_TYPE,장비는 본부 및 지부,장비는 본부 및 지부,"lcell_640855d3bef8,lcell_b750652cd41d"
a6c3add6-c2b8-51c7-8f91-5d0657be1345,FACILITY_TYPE,장비를 제외한 장비,장비를 제외한 장비,"lcell_9c0b737d5a0b,lcell_9ddb55752ef4"
c842818e-cba7-54e3-8099-bba9bba24d71,FACILITY_TYPE,"저목까지, 커목 및","저목까지, 커목 및",lcell_b6c3fad9cf8e
dd331b8e-8cd7-5f8b-a6d2-a861cb654328,FACILITY_TYPE,절연저항측정기,절연저항측정기,"lcell_0a325043c16f,lcell_2b69517e4d12,lcell_2d1b4e031769,lcell_87dcc5b7f97c,lcell_c26e38dbd2d3"
b3647b00-91da-5e87-9bd4-428985e2138f,FACILITY_TYPE,접지저항측정기,접지저항측정기,"lcell_19514ed9c18c,lcell_c938a8f3142f,lcell_cacf38c606c5,lcell_f3102dd920fd,lcell_f652cbd342da"
76c53519-0073-501c-88b2-9f2300598f95,FACILITY_TYPE,정압 프로브가,정압 프로브가,lcell_9efa656b1957
0df31e4e-8b3b-56a9-89dc-c8e5c755cc89,FACILITY_TYPE,정전기전하량측정,정전기전하량측정,lcell_fc6151e9bfda
93ef0a99-033e-574b-afeb-615f7868be81,FACILITY_TYPE,종류 인력기준 시설ㆍ장비 기준 대상,종류 인력기준 시설ㆍ장비 기준 대상,lcell_a24d3770e19b
efc3541d-d168-520e-a996-4feac5a9a6d2,FACILITY_TYPE,진동측정기,진동측정기,"lcell_95f485f8ec3a,lcell_d483b7575da2,lcell_f8b9827200b1"
17b5b58a-4032-5db2-9441-c684b236f570,FACILITY_TYPE,천식에 유의하여 진찰 민검사,천식에 유의하여 진찰 민검사,lrow_965095fddb2e
94e2b05a-530d-5dc7-8b2b-7315c2d7f509,FACILITY_TYPE,"청진 리검사, 신경학적 검사","청진 리검사, 신경학적 검사","lrow_029d47ae7e9b,lrow_0db52de5ab43"
d4653058-5a4e-53de-989c-bba21968b73e,FACILITY_TYPE,"청진 염 표면항체, C형간염 항체, A","청진 염 표면항체, C형간염 항체, A",lrow_09a9c0256a63
b6997e9e-367b-5a0f-a1f8-a5cda73b70bd,FACILITY_TYPE,"청진 형간염 항체, 초음파 검사","청진 형간염 항체, 초음파 검사",lrow_11dc8961f4d7
dad6d0e5-3e5a-5787-b7d0-9affaf48e892,FACILITY_TYPE,"청진, 폐활량검사 ② 피부: 면역글로불린 정량","청진, 폐활량검사 ② 피부: 면역글로불린 정량","lrow_d62ee72bf4df,lrow_f13f652adf66"
56e593a9-04cd-50b1-a6b5-991864b4a576,FACILITY_TYPE,"청진, 폐활량검사 과민검사","청진, 폐활량검사 과민검사",lrow_a11752470efb
011fb624-cce3-596a-adce-2553b8d1684a,FACILITY_TYPE,"청진, 폐활량검사 기도과민검사","청진, 폐활량검사 기도과민검사","lrow_14e1cde62939,lrow_7b086e8198d4,lrow_7b5626d36a5e,lrow_f06b3c5828f6"
64d58d75-ccdc-512f-be30-174603d8e96e,FACILITY_TYPE,"청진, 폐활량검사 민검사","청진, 폐활량검사 민검사","lrow_84e07a978e12,lrow_cc5163a331be"
12d93860-8a51-5e59-a1c4-e2ffc4b9e21a,FACILITY_TYPE,"청진, 폐활량검사 측정, 비특이 기도과민검사","청진, 폐활량검사 측정, 비특이 기도과민검사",lrow_92c5d3a42939
963301ba-7b2b-5cef-9cce-f1796deaff3d,FACILITY_TYPE,"청진, 흉부방사선","청진, 흉부방사선","lrow_88d1a9da2563,lrow_96f450c3a279,lrow_ef5b081e52e9"
8bad09be-2267-527b-9ec4-082322cbd060,FACILITY_TYPE,"청진, 흉부방사선 ① 심혈관: 흉부방사선 검사, 심전","청진, 흉부방사선 ① 심혈관: 흉부방사선 검사, 심전",lrow_6c6039d11e1c
786ad3a1-d6ea-5872-bd78-852303076931,FACILITY_TYPE,"청진, 흉부방사선 아부식증 검사","청진, 흉부방사선 아부식증 검사",lrow_873e0d8f08b7
e934f1b9-1c96-57c1-8f96-64c8aeab85ac,FACILITY_TYPE,초음파 두께측정,초음파 두께측정,lcell_141358c26d4c
91c71229-c88b-5552-a927-749c9d2feb70,FACILITY_TYPE,초음파두께측정기,초음파두께측정기,"lcell_9aa3df245aee,lcell_d0677ea486de"
4bf0696d-02e3-5a2c-ad9f-8aeb2889e79c,FACILITY_TYPE,클램프미터,클램프미터,"lcell_2fb4e771e084,lcell_53571a187f3c,lcell_b6a6e55f5e3c"
0a9e0471-e07d-55b0-9ae8-fc538a2a4db3,FACILITY_TYPE,퍼목부터 도목까지의,퍼목부터 도목까지의,lcell_19efe80e3e21
5ee169e3-d479-5bd1-9a7e-f98421b89337,FACILITY_TYPE,표면온도계,표면온도계,"lcell_16c3f442514b,lcell_904ec6ddafc7,lcell_bd8f202027e6"
69a96cd1-6244-5991-8c51-b3bd308820f9,FACILITY_TYPE,표면온도계 또는,표면온도계 또는,lcell_6bb1e4d17238
1ce48c7f-02ae-501f-bbab-c80dec2992f6,FACILITY_TYPE,표면온도계 및 내부,표면온도계 및 내부,lcell_e46983f0a916
a184b484-1b92-5c8a-abc9-819738883acc,FACILITY_TYPE,표준압력계,표준압력계,"lcell_95c1ab770585,lcell_a9d816e004a1,lcell_d8724a21b206,lcell_df0665606047"
629e68a9-d9ef-58d6-a9e0-3273f5509050,FACILITY_TYPE,프레스급정지성능 측정기,프레스급정지성능 측정기,lcell_e267b386ea12
6588d62a-4bd0-5ce2-b293-d57010d7f9b8,FACILITY_TYPE,"피치, 틈새 및 라","피치, 틈새 및 라",lcell_c5dc50775f09
acd27852-5f03-5822-9ff6-590f747e7e81,FACILITY_TYPE,피토 튜브,피토 튜브,lcell_4f0319245cd3
1bcaa1ec-df70-5d4c-a19e-926ab777b31c,FACILITY_TYPE,핀홀테스터기,핀홀테스터기,lcell_4fbce4ecfaf7
903e5ac4-57b4-5e8c-949b-476d19238d06,FACILITY_TYPE,항목 인력기준 시설 및 장비기준,항목 인력기준 시설 및 장비기준,"lcell_2375dc3ee75d,lcell_f37dc0edec88"
256d19ca-fb87-53f6-90f6-8ce84ee7811d,FACILITY_TYPE,허. 청음기 또는 청음,허. 청음기 또는 청음,lcell_a4e8871ebfc4
964eed0b-d90a-5fbd-9104-22a176c42ca0,FACILITY_TYPE,"혈색소량, 혈구용적 , γ-GTP, 총단백, 알부","혈색소량, 혈구용적 , γ-GTP, 총단백, 알부",lrow_8b7ef34be259
8bccd810-d68d-5b12-a105-98d592aa5a0d,FACILITY_TYPE,"혈색소량, 혈구용적 CA19-9, 간담도계 초음파 검사","혈색소량, 혈구용적 CA19-9, 간담도계 초음파 검사",lrow_e1ac8b64d7fa
80f742a2-b245-5ab8-842c-9f83c3183cd3,FACILITY_TYPE,"혈색소량, 혈구용적 ② 간담도계: AST, ALT","혈색소량, 혈구용적 ② 간담도계: AST, ALT","lrow_225834f0ad13,lrow_28384c0ca494,lrow_b5db9d38cef5,lrow_bce9f95a8cc0"
b2d5b1f2-2d1e-539b-a2b5-fa0791339de6,FACILITY_TYPE,"혈색소량, 혈구용적 ② 신경계: 신경행동검사, 임상심","혈색소량, 혈구용적 ② 신경계: 신경행동검사, 임상심",lrow_f052ab0648fd
d4c9dcf6-836b-5f62-89a6-d5bf6a327475,FACILITY_TYPE,"혈색소량, 혈구용적 레아티닌, 요소질소, 베타 2 마이","혈색소량, 혈구용적 레아티닌, 요소질소, 베타 2 마이",lrow_1d8269392d04
0e566a32-1543-59f3-89ce-41beb946ef00,FACILITY_TYPE,"혈색소량, 혈구용적 리검사, 신경학적 검사","혈색소량, 혈구용적 리검사, 신경학적 검사",lrow_3be71c7dd4f3
cb6b4d33-bc5c-5858-a34d-51688d4ec34e,FACILITY_TYPE,"혈색소량, 혈구용적 민, 총빌리루빈, 직접빌리루빈","혈색소량, 혈구용적 민, 총빌리루빈, 직접빌리루빈","lrow_4666c8534f48,lrow_af2dc7030a64"
f55bb612-2385-5d72-808c-ac96f16c13c1,FACILITY_TYPE,"혈색소량, 혈구용적 빈","혈색소량, 혈구용적 빈",lrow_05b98f3b76c1
c651f6d5-31f0-55ca-b9bc-a07e331ee55c,FACILITY_TYPE,"혈색소량, 혈구용적 스토스테론","혈색소량, 혈구용적 스토스테론","lrow_75470e1db71b,lrow_ac9663dafd8d"
4d260338-9f98-536d-ab05-adecf190ad8f,FACILITY_TYPE,"혈색소량, 혈구용적 알칼리포스파타아제, 알파피토","혈색소량, 혈구용적 알칼리포스파타아제, 알파피토","lrow_3f139ac693fe,lrow_7e283f563a40,lrow_e5b577c3a7c5"
99a0a26e-6e78-5dff-89df-621e38b25cec,FACILITY_TYPE,"혈색소량, 혈구용적 알칼리포스파타아제, 알파피토단","혈색소량, 혈구용적 알칼리포스파타아제, 알파피토단","lrow_2472bb09bc56,lrow_2dcbfdf859c9,lrow_32b03d0bae0a"
faca6315-44b6-5dd1-bf20-94ea909972b4,FACILITY_TYPE,"혈액도말검사, 망상","혈액도말검사, 망상","lrow_32a2a2045712,lrow_f51bff6ab39e"
91d50e09-ebe1-53f2-bedb-b120ca89780e,FACILITY_TYPE,"혈액도말검사, 유산","혈액도말검사, 유산","lrow_1e3bf287fd4e,lrow_26ee5b0a6c96,lrow_b4975a15ac58,lrow_f4d0838e39a7"
a0eafcd9-7fca-51cd-89ba-3525e41d7e9e,FACILITY_TYPE,"혈액도말검사, 유산 탈수소효소, 총빌리루빈, 직접빌","혈액도말검사, 유산 탈수소효소, 총빌리루빈, 직접빌",lrow_1e6b9e2230d4
3055ab66-4be2-5ced-b194-57a5a251d299,FACILITY_TYPE,"혈액도말검사, 철","혈액도말검사, 철",lrow_508db385400e
b57fecda-6a4c-5194-931d-646b0961daa7,FACILITY_TYPE,"혈액도말검사, 총철","혈액도말검사, 총철",lrow_164a1670f216
4096ef5e-7a13-5957-a355-cb6f004ab12d,FACILITY_TYPE,회전속도측정기,회전속도측정기,lcell_6ba912b1f2a0
be8d9955-a681-56e7-a726-64a7aa744cc2,FACILITY_TYPE,"흉부 방사선검사, 폐","흉부 방사선검사, 폐",lrow_36a826af0f8f
45eb4c67-3cef-55bb-acbb-82bea4918dbb,FACILITY_TYPE,흉부방사선,흉부방사선,"lrow_018eba583e26,lrow_06438a0395f1,lrow_0e5def327246,lrow_18e475e6f91d,lrow_2252f566164c,lrow_22d71939237c,lrow_2441af10fa53,lrow_2ff3a02c7869,lrow_41fc312673b8,lrow_497eefcf2f49,lrow_4e89e7cba9af,lrow_55e5b7483189,lrow_58d0e15b1c60,lrow_5e25e37befc0,lrow_677825709951,lrow_6d24da0ab95c,lrow_6d3cdbf15714,lrow_6ec567553902,lrow_6f5774f95d44,lrow_74d15d98703e,lrow_865e06f88ecb,lrow_8ffbbfb01567,lrow_95131e83b419,lrow_b4ce2c7dc383,lrow_c9c758a8a550,lrow_ce38b3e84749,lrow_df3b0205bc27,lrow_e97691ac3699,lrow_ee06174e84ce,lrow_ee5154b5cf5f,lrow_f76e7476cba3"
9ebbfc70-43cf-512f-9154-4bc734c49aa3,FACILITY_TYPE,"흉부방사선, 결핵","흉부방사선, 결핵","lrow_2ea11bc26d6b,lrow_865e6e67e540,lrow_9d2d0b657e6d"
77d28263-3b34-5451-9252-09a1aee9bde0,FACILITY_TYPE,"흉부방사선, 작 업 중 최대날숨유량 연속측정","흉부방사선, 작 업 중 최대날숨유량 연속측정",lrow_beb7d33c6b44
ec9d8ec7-da7a-5824-a34c-1e46cdee49bf,FACILITY_TYPE,"흉부방사선, 작업","흉부방사선, 작업",lrow_1991585c9329
d7ce845d-f76f-51f1-a6b4-019bc7243cb1,FACILITY_TYPE,"흉부방사선, 폐","흉부방사선, 폐","lrow_3fe684b115cc,lrow_47da5bb3e7fd,lrow_7ac661271b8b,lrow_90792dbb8af7,lrow_9ab52434da84,lrow_c2a69ad61fbf,lrow_ed10c1cec916,lrow_f94baa4d933b"
182e412d-e2c6-51f1-afb8-920e271ba281,FACILITY_TYPE,"흉부방사선, 폐활량검사","흉부방사선, 폐활량검사",lrow_02f433caad02
91595ab8-155e-5628-9ec9-2f496a51b014,FACILITY_TYPE,"흉부방사선, 흉","흉부방사선, 흉","lrow_8929eceb4eb6,lrow_8ab563434c12"
f960855e-7ebb-54ae-9186-1e4a876c0f80,FACILITY_TYPE,"흉부방사선, 흉부","흉부방사선, 흉부","lrow_1e498954c1a2,lrow_3210b5d3eec9,lrow_e6abb7615991"
b2e88836-03a0-5843-82c8-3ffad0d6c524,PERSON_ROLE,"「고등교육법」에 따른 대학에서 화학, 화","「고등교육법」에 따른 대학에서 화학, 화",lcell_903d8b3aa191
4b1aeb8d-4362-5976-8659-6c3748d0f894,PERSON_ROLE,가기술자격법」에,가기술자격법」에,lcell_5e3ff48596f9
8787bf4c-8659-58ed-92fd-52bc2208c131,PERSON_ROLE,건강보험자격득실확인서,건강보험자격득실확인서,lcell_a7f8e41f8098
014e566a-8413-5de7-9568-50077a57d6d0,PERSON_ROLE,경영책임자,"경영책임자등,경영책임자","007b22f65e16abff8dabef7cfc5fa6642264cd95,050a19eaeef240edce0abf7b2438a930b0a858eb,0a8d527a518e7a4856897d6af6495a025eba4f7c,16405701ab74350e7e6457b73bc4a3d02fdaff5b,189c2c40575f8f302f9e3f9415bac6f6ddf9ddcd,1e179fb27de1d27f02c3d8614910dddffef4444f,34d01611aa61e4921b21d6c168e7abfc49c72307,46054a4fe12f943d3362f688c33dd06d7d4a9d35,4b1b11c1158266f2fc933490798e36655ce19d6b,51273789c33fb534005334009c68ebabcebe5e3c,5582b36b0f19461fe7b6b453e8596b976ebf545d,5589f89e07968708e15a2beafe5bc9b6c5f9ebb9,5a7485607590cefc0e87e784e4b722b60d636a2b,5ae5e7f0d0de827868b8ed2fc13e2a35d45fe8b7,66e1f8c2b37ca442df7897f99c9fea13510eb967,6ce11d5cb4c07ada53b7939bac6d4989baf836cb,7b5278c80481faa59804b89c83c9a129a29bad0a,7cf8fb44f1e8c76a42a36b6572a5d6c4c6c4c68d,7d815ddf0944a73fd52abb32b3d304b41f8e06e0,84448577f43763b399f405a7bdcf243b50ad4d2a,8c0ed9fc7d3ccdb503942c531b0fc22ac12c70c8,96c8c6dd126b1028e62121f7827e24245fd99275,9e7d2dcd8aefc77a8739dbaa573141f5c45aad6d,a23dcde8670c48e95e3474b795afae076e69ae55,a912ec86f183acecbeb7daee3855f7a97c1220c7,ac5a5196f38c938da03a837a8bf83d11e8ad2d7f,b228216a2c8646d365683854d4067c9c4276ff07,b299eab3e913403d50871766946d897a39b84aee,b784774dad0bf3c7e156f9a44894dcbf45e964f1,baab7a4b60da504419b7b15026a20d9f435a86c6,bc9d06cdfc691cf96874339dfb52cb87399a9191,c63052e5cfe6098009748fe5d6032ff72c2688d3,cb880d1b30f7257f5a7a1c52b61051ccf1243592,cc86bb7fd2bc06082c9af42492ef91464e846fd6,d5dba3c2c621b9a96b1bd483546bd5b768163fe0,d963ab69ef43eae70c7ca72ded403b192ffc532b,dc866cb611889fa17bdf2f81eedda76bc0260df9,deeddc600b02efa878746bc95f6896628b005cec,df504bf28ee5632e882fc8545c6d888321838e3d,f3008cc52b6ac80fe7d315f24eaa232b93218820,lrow_42646a08ec23"
87181762-aa5b-5804-8e77-8c6961f72492,PERSON_ROLE,계획서 작성자 보유 자격,계획서 작성자 보유 자격,lcell_39d976220928
98acdb47-ae9a-50aa-b449-5adff077915e,PERSON_ROLE,관리감독자,관리감독자,"09f143c4f0ce1692714a73130c9d82f167f8e936,0a6c1cb52d5f27b94015073bb940cf5a9027b981,0e6ef8dc0b823e1d794db824ee4280c2483f1cab,110cd159d63f70019054d83b4343dbd76d577611,12aeba498bc0adc874df5ec0712d93db63e87487,1507015cd90d84ec31d86fba1d3599ddf198abde,1bc8e102c97ca2022b82216a9583f9266d983ba8,2248a89da586c71d580718d4cd5dae6cca7ddf4b,25791f31631fad82fd785c796d05473a066dc998,2d7bc44d6f4bfed906594175d211237f54f04c33,4291b1c8efc9a7031d1ae72cb3f03c60168b7b8a,469ed308e0d54545d04ff698a18ee03967c30c22,572e940b1c97bc37e2a35b79070b380314a8c967,5d9a82bac3c433be91ea3713c279385b88896127,5ecff57daf66c097c79295e64ea0db3069f58e17,6f692d7ad7537e504cbc4e9c31e8f56f6d41460b,71d2d2097ab0fd17a11cb68f75d077bbf9646670,7ae0eb10957c47db636891b6fe088a37b8dd0977,7d6a20a9145f42da2f96b5df32e58b39d9b8adf7,aca274f090ff9a265cd1033b5bc5c6abc0d8bf46,acc41a17e223b0f895e8da3e5833e6902f088652,ae114ed9f119c7f4f44345291e3e049c6c627510,b0308525193dc80f3b919cd8abeb74f5923da938,b72740787b58bd735d63aa414c5f37a128ebf32a,cd7cee1399503be35dfeffd953719f3a6a707095,d5702dc661116757882089ea2065687d106d2fb3,d5e942721beb46f195fcbd5f0aaee99b38592ef2,d8142b56c4a0065d80f1d6736ac99935f789e093,dab8e3771da0988497af867da277c4fe7e8e56eb,ddfc76b7623e8494e8b90fb7ebd148d43a252350,e1fcecf6acdc03995e9f00df82c0278e6d0b8f23,e2e4e008cd3614e64e48a72758732dc5b46301e5,f410df22615298cfd7d9fc9d9d2318fbae8bc3a4,f83d7999ed59b78a618985b16f55fe9543bd5000,lcell_aa1c42d8c94c,lcell_b6af3572981d,lrow_00fd3b76de55,lrow_04a3ce75eef0,lrow_10b42d9a1a7c,lrow_1f20cab454ba,lrow_26800bfb76a2,lrow_2dba35425dca,lrow_35169b05f772,lrow_35f876b413dd,lrow_3e173b6673b1,lrow_458eecbfe56a,lrow_502ac4223314,lrow_54675f16c610,lrow_55326e848571,lrow_59771d9a07db,lrow_5acc2ca11440,lrow_61fd94b75b6e,lrow_6e4d53479b57,lrow_78da2c864989,lrow_8f22da780449,lrow_9cbbb04a55eb,lrow_a4d912ff94c0,lrow_a7e4b7361de7,lrow_b22e00c0b625,lrow_c6d02c94594d,lrow_c7089787f680,lrow_cfc55dfdcb88,lrow_e1cd1a39c6e9,lrow_e67e4ab8259d,lrow_f7a9ff8207d6,lrow_f98b217c687e"
3471d223-b4f2-5c49-affc-665358254695,PERSON_ROLE,국민연금가입자가입증명 따름,국민연금가입자가입증명 따름,lcell_824ce591c92c
1a91e8fc-7108-5d84-b35f-4dfb710584c9,PERSON_ROLE,기사의 자격을 취득,기사의 자격을 취득,lcell_316d6ec0f880
e9628533-9dd2-586c-801a-7fd48b755a74,PERSON_ROLE,보건관리자,보건관리자,"07d54906c02656c4186a1b9f420a502f90c677a5,09f143c4f0ce1692714a73130c9d82f167f8e936,0a9bf20f44c1dd5858acd6230a395aa9ab7a8bbc,0c3f5a77158939ceaaf966c4d60333eabf224d47,0c95bbda3013464bdb624bac1aa6ef5dafeed886,117364b603c9217da46b9eff2ed0daba51543330,1602bf864a6e06a02ef7a614d03ec69dfe6210c5,1a6600d74037ad34b822a0afef646edf8a103e33,1d27ef6abf095916c417688f025bd72e9104382b,222f2fbe05603e76c2b9f5f98449ce2ecbc2fdc5,238850e5a022b680b7bcda316bdf7310f59b94d7,2a03125c32872a145f9ce7cd7edc56784554990f,2fa0a1a9234fa215317fb062c5c5a73b3ef27c8b,32ff5034b6fe6e2f4d9cb8de2c4a9df28541e66f,350afef6d6654880ab330e686aa9705548ac527f,36f053c23444f9acb18c776de55f9451845dee19,37c230edb9b1593dbf3be0038a148731a78bf835,40a353d35f119cf7da66bbd6d2119f1f672a00bd,41c7348fce29c424c4a34a878b9923194a0dc256,4b41181b35c5e99386cf59ec4f54f98fc5246a33,50892fb24ee2d6c81bc6f2b1ae49e5eef05350be,536725ae75caa51bd3833e0d07ef9d4723584c83,53e5855ed2388fd43ee685ac6c2af2348985caec,54c52751bd93a60776a7340ea278700695d0c9ef,55f752e0520a0e5d57a2426a7b87a08842aa6afc,57719fa0fbf2e3c023c3e653dac5c8d6c84593c2,5a01c38ee27d1e80a53bfe8edd7692262af4a577,5b1a4ae37efdbba249b957e99e044ac7dfd33033,61ee6528fd4179736a974beabc245ede8b4c6af4,63c436865ab0abf108c9e4645c6300d5aaf32a60,6ba5f37a2647f1ebe9423f7dee4b5ea160bb6ee7,6f692d7ad7537e504cbc4e9c31e8f56f6d41460b,73835ec48c874642d3f49e5d76c5e997a9ec9355,7c5318a58d5ac5747c3ad3fa21ac2cb6b26c7cf5,7cd1cf12fd60afd9ce50c5e6d90779a5060005bb,7efc7491db876252e47a8c8c3fcfbe8cc006daa7,7f9c93d0105c3c0b251449377c09847eb2c37bca,84bcf6d9902c837d8a68de0f4f06384b56931936,8be267c15519eaab05942dc5ba861a67648db56d,8d2e6e3950fcf8511099c38f2ed859116b86b5b2,8f1e925d45b7e8fc037614c2fa27c141d9ae4bff,917be8f4b54586987ca801f4edaad8ad29dd7ce2,918384deda5288e78c3a745dc3cd84e36701b9ff,951ebc0a3b477c373739ac4c71e44ea41c088e6e,96a4bb1ba523a03499889af93b986736df453f7e,97e241da93dbcd805098ec476a18e87ddf7ae320,9c51d730c1939610678f7f14b26db6cf17d777a9,a69a83c897932ce34ef25e7b487743e3f1e4ff3a,a7f3b0727f90199a52daed2299530560647e73d4,a9188bd6d4826153bf3ce109ce885043df9a1560,b0f02342dd32ff804041699b9d717b59754e5e19,b153f5c1be5541c009210e1aac53042ee4e7672f,b4a0d174972553450b41cac67347819071415d56,b5f15bb1e09f7a729506ca7c258c194bb3526d1c,bd353579d165f94102e875c03dd426a06954ccef,bfbac65b3423a778d01f01344a483fd0d3ae3abe,c291ee3a2dacaf354d3477f6343b2a3291b3968b,caf16459303e56da8b853346418f2e3c7f944ab3,ce8fa089102a82df9e87a341e0f69b0f97607939,da328afff0a79ce3b70a4ec4375234701dec03cd,dab8e3771da0988497af867da277c4fe7e8e56eb,dd1e5dae9efa5b53a91547e77363646045935838,e16b071d3ebff4a468596edc1bd353195939ccb8,e2fe2d23a59267a0b2536d20bdf3d79824f70cef,e36d985f8df39dc05bdedd3323b5fed7f453fae9,e58dcec96d6fc2d29228116929cd428ecfb6d138,ec54efe73b3a28e68116803a3ea5069510a29b9b,ed323a20e7f4a40c211ff3cad3a6466cc23417bf,eefb107f5a971ae6079f011bf9abc3a6742d326f,ef0c658f2dd18fc91281540e45d99a9aa7884654,f5388f24c3657cd2fedbf86b7414cd074de2b5e8,fa81a51db1aec66cfb2c489e5d369bb2c08b64ca,fa8fd92c5023fd423cd47cb1af448e3af071bf2f,fb23356e31efe29bf13e7dcbfb5fa76c2535bb7d,fca13f0bf3befe49f8bf3f31b620977e2620356f,ff39f5b4cabc4c6a14d897098aa3b0f3d543d02c,lcell_05b6b1441ce3,lcell_073c386dd5df,lcell_07bb0735fca5,lcell_0c36c125838a,lcell_0e2772081706,lcell_0e353cc42843,lcell_10b7c36cbe47,lcell_111e46e2dcd4,lcell_11af22c915f0,lcell_126568e2feba,lcell_13ce316571b2,lcell_158faf4cdad5,lcell_17ce265f21e5,lcell_18bfb05393c7,lcell_243f86e28b8b,lcell_24724aa307b9,lcell_2d01a65920b9,lcell_302c80fed063,lcell_340d5006e853,lcell_356a45b5b831,lcell_37cc3f5cd943,lcell_394a75f01a0b,lcell_3bc00b0b77f4,lcell_3d0e5c5b8d5e,lcell_3dd71e734d4e,lcell_4047e152c518,lcell_41165c56e873,lcell_41ab76748e0a,lcell_4260e15b0be0,lcell_449bfa3cced2,lcell_44abc0f711cd,lcell_45ab8d0d49c0,lcell_47119471e4ca,lcell_474c2bb8a2cb,lcell_4aeac5c710ee,lcell_502c610c7b28,lcell_53a0e03cce94,lcell_54fe1a97511b,lcell_5627eb7b396a,lcell_5b6602097cb7,lcell_5c3954252fb7,lcell_5d98647089e8,lcell_60e4216d484f,lcell_6230978751c1,lcell_6289cbac4025,lcell_639fe3f033cc,lcell_64540aa5a41a,lcell_64ca24e28b16,lcell_68dcfd4d79e1,lcell_68ec93aa7183,lcell_6b8129d6c260,lcell_74e004a49d7d,lcell_75d509ccae1e,lcell_75d69a2a3668,lcell_7618a946f1c2,lcell_773da9aaa4f5,lcell_78e3d4cf3ba2,lcell_794b017fe7c4,lcell_7a04eea8e5c2,lcell_80106196e06a,lcell_84cf99d91b06,lcell_885b5d2a2410,lcell_8d163629fd9b,lcell_8f63585c4f3a,lcell_8f790f6dc907,lcell_901d99115e8a,lcell_933de22638dc,lcell_95b2d4caa12f,lcell_961fa612d09b,lcell_9791f76c0221,lcell_98817164725e,lcell_9960a858eee8,lcell_9c557d4eda65,lcell_9e3744cbc94c,lcell_9f6a68806c50,lcell_a46461caabaf,lcell_a55695f906fd,lcell_a81294f1b254,lcell_b34220ccad5f,lcell_bba00e845241,lcell_bc5ea42949c8,lcell_be3b39fda0b8,lcell_bf14569636c5,lcell_c022857e10bc,lcell_c2b68c46337d,lcell_c3424b15b4ab,lcell_c6097273a6db,lcell_c65dac20af08,lcell_c79ccb1c9c2e,lcell_c82093fdfcaf,lcell_ce7ba91f1e6e,lcell_d0164ea3e26f,lcell_d490ca0d6b4c,lcell_d55bfb4a78c3,lcell_d737fdbffb05,lcell_e523179e411f,lcell_e6935d747c2e,lcell_e8deee746b2f,lcell_e92777a7228f,lcell_ecb1fd7ae14e,lcell_ed8665a1dc61,lcell_edf3b95fd60f,lcell_f02f58ce405d,lcell_f28cf9f603e5,lcell_f44d900399ce,lcell_f5be3424a20d,lcell_f955b4a2616d,lcell_f9dde7546a4a,lcell_fc0f53947208,lrow_031fd9f044f0,lrow_0396d56c9fe0,lrow_0c42d44b935e,lrow_0d9235afa731,lrow_0f5cacececdf,lrow_13927e989071,lrow_1beaaaf45844,lrow_213979e4d82c,lrow_284a31b69c88,lrow_2a4516f36fa9,lrow_2cfb47144e8b,lrow_2dc8e341964a,lrow_31a19f3cc4ea,lrow_366e9152fa54,lrow_37eb2efe1046,lrow_397a8b2741ab,lrow_3d3f7548df1d,lrow_49e9980a762f,lrow_4e268a49a80d,lrow_5147d28a81b5,lrow_527d61450735,lrow_547babbfebb5,lrow_59771d9a07db,lrow_5cfada8e85c2,lrow_5f4815bc34f4,lrow_60676cd3bd47,lrow_61e3ea55076c,lrow_62108d31818e,lrow_63230c5f449b,lrow_664b827b29b2,lrow_66c8adcfef84,lrow_71cd2034356c,lrow_72061b3139e3,lrow_74a7c869ee72,lrow_760a95aff897,lrow_778dd8387b3b,lrow_79f3a9566f70,lrow_7a2101a60613,lrow_7d7fd8e4423f,lrow_7f4995582a99,lrow_7f7d3b5275c4,lrow_7fc37f5206da,lrow_8217f7fdf597,lrow_83b713c4a7f9,lrow_8840cb504475,lrow_8a1b5e79d460,lrow_8a207ef0e7eb,lrow_8bd3a1a201bc,lrow_900c16d50197,lrow_92e432ccfcc1,lrow_96d89c0e2dc6,lrow_98ff8eba9bad,lrow_998cdec52278,lrow_9ad100c90c7b,lrow_9ea3b9b0a0ce,lrow_a0d09323b425,lrow_a4a919482754,lrow_a9272e45c07e,lrow_ab4c4dbe3023,lrow_ac525b16a1b4,lrow_ad182112d448,lrow_b0c41d48e3f7,lrow_b1fcb49cdd12,lrow_b72fd69698ec,lrow_b8460d0a8354,lrow_bbc0b9bbbec2,lrow_c038e2d9f0f6,lrow_c162783c5876,lrow_c8230f235468,lrow_cc15e06f3f56,lrow_cc23208eee51,lrow_d1c479c338cb,lrow_d2a58032ce58,lrow_da907eeb43e0,lrow_e09fdefa1441,lrow_e0e25be6ed39,lrow_e60dcc55fb9b,lrow_e96600edbe01,lrow_eadf26121ecf,lrow_eaf758f98895,lrow_f335b9a560f7,lrow_fbc48cf10e5a,lrow_fdc9b5474536,lrow_feb51c9597c5,note_3b881c10dbe8,note_693da2d12c65,note_7a5fa57bada0,note_84c9995553c0,note_b1219031fee9"
5c8cb9a0-3b63-57f0-b915-3824e2a638db,PERSON_ROLE,사업자등록증명,사업자등록증명,lrow_28c537870e4f
c4342da8-00f2-59eb-893d-ba84b2ceaca7,PERSON_ROLE,사업주,"사업주,개인사업주","00194b5f72373d13a7bec05332775fd416f8ff4c,004ea4f3611a8d701f2da76c62c5de47c5819944,007b22f65e16abff8dabef7cfc5fa6642264cd95,007b8cf47e1c91c240ddf8aa0741bb2524409178,00873b3e79f83c324cf49f61fd46012100b72c91,009cf5bd5d388a8e1561aab29a23fb92bc66f9c1,009e8bd7e7159d8ca9acc530c157978814428660,00ada21a2e668ce5bb13ba1d08a94bd6cb8b570e,00b14f4ca1b7eb6cea9376598f6e62f3edbff097,00bde023920fb4064792e3f9b68c9299a5a90430,00c298630875c653bf236cb9b4ee496f9f0d4d56,00d095bd61d1fb5c71a38c5cc0739a2749456abf,00dd9bf91a45a776e7e4716b2b3307f86838b53c,0115ded936aa20bec183f31daf4c31bc1080e479,011606c0b1077c21f6042c9a28d1bdc18a414c0a,012a9fe84cffba673f122914584cad58bae198dc,012ac1d4cc4a8bb880f6a9a01eb13c4ac3a29e97,012de8fe2672259a4cc82b50517c53648c37479b,016a6ed08ab10ffea4fb4ad199d6f47332b140df,01982ee312d70bf11797f56e44d805ac7b3f1f03,01f4e946f8e81f0bed3b4436030283f6d2464ce0,01fc41ec36a0f3fb7c3a5d512804fb263fc0de01,02440341c6c24d23785c731a48b71d4c91afb168,024a5eefe141b829c293ce67cc8c73699286f33b,0278981f5c73a4bf401e9c28e839fd42964be45e,027dedb0e7a0ae1d78647098f34956b8da169bef,02859228598d9e22d2d04ae36651769974e0be7d,029af1890ad6bd52d5b788817d47223aedb8cdbf,02e4fc9f2e1efc64716b7ffa184361ae3a4bb292,02eb8ddffdbc2e9735560454f0ed750074feb6cd,02f44a10ff7fcf3cc0539769d92f57135bbff9ba,02fb42d0daa291fbd85ef9b401df629b29763d02,034daa7df0cdf624b77f587f3765f229a36c0d39,03806eaf40eb4df092fa708ec8563e850c3081d1,03f287d28951ad4c63a3f9f96a2cdb57b7a67c8c,03f6d8a8dec6c2b8db1628dcf5b364a7564c23de,043d711f8abb28587230fb34c5ec02586b2978b9,0476656e7ba6619eb06e3dd49ead2a6cf3ca826e,047729e8659951170ee5773ab1104d17ca1152ee,049267d71eba2375b3381e7989c46145c62a08ef,04aadc0fa35a888042c48d7285a76792f97bb808,04c468d88ec7f7b7622292a52a371efd9fcb31d3,04d8fecb7f24ce20244bdb1044881e9456eecd3c,050a19eaeef240edce0abf7b2438a930b0a858eb,0564fef5b31e062f7e6608e098063a298ac60f66,05890851673d3d89afb7cf8e48ca758203e33f9a,059d4ccc0017ada0e02bbdf17f840377ef74cce7,05c9273ab4017664f640e43b140a38cb1e1bf389,064c8a2c752d98d6ef73f707394ba68ac33d16a5,0662523362eac0beda382383351d6af8430754d6,066d189842f23a80213df5f3975bf50587198b81,06828dae19a0aec568b6e920c32df650fe6928a4,06db00bba560196d2e2fd39fc50e5ea4440fffd3,0750ea58263b5463dc0766d4ed357d6d10265e90,078e77b6fc938875618d57d118c4d7bf45375d8a,07a057b80c65f8c7270be91f8aefccc6fd0bd808,07a58bc9aebae49f3fa20e77217306969ac01ada,07a9e49988a9a2b1c832fc57a009911b6d9d2d23,07bce102ac8924bc743fff72fb8e0ded4bc13aca,07c1019acd243d18c82f34a2259290c1e3e2fada,07c3a716187c90478972ee5e3f99b8ef891fd022,07fb10c806ada5809928b44c8c4305552dce841f,08189101e9e3a5923f3b9e80210f19920003a1ce,085e625310bc36a68d95eb153d9e1af428657e59,08852f795b10ef2bd7f8bd51c60b21861f255544,08b3ff3afe0c7447f40640a7d95abee87c96fefe,08b68ea84cb092bf57cda90b3bc46a04b76617f7,08ead6f5cd31e2e23946498f9831234cfabbe2c5,090595920c40d418b1eee3ce0f2d65dc993d36e9,0921279a6c92ba8a7f711e15c8b20e72bbea6bb3,092a99189c109fec9f090221b835bffce65f7519,095fa1f7c61d004142da3cdee0e660d392c4bb02,096262cb38eb86d17522e2ef9c78ff0a8b0bf744,0977daee8ab497ba19e0ef60517e25606368fa9e,0998c556fb8db3b2438cce9f91fca1dcba077996,09ab1f688aa3a3aece81a863995709c0628e9943,09f143c4f0ce1692714a73130c9d82f167f8e936,09f59f0f907dbc8385fea3cb118725e8e1ebc918,09f7e224ad7d4657e43fd4fe3177d833d5e10919,0a8d527a518e7a4856897d6af6495a025eba4f7c,0a9bf20f44c1dd5858acd6230a395aa9ab7a8bbc,0ac4a4ab48948de2ea3d221827297565c6e9c8d7,0ae400665dc71fd4671595f0623c25b952f22628,0ae86d2d4ce2c5d038426ba28ec304a143c9ae82,0aecd47d38ebbac53cd48a942fe4251b918deed7,0b44716ebc5a7748046c9c5aa42dafe0a082d7a9,0b4826c702b3e40d8396db2f547d8b8f102011cf,0b8954abd8a83e93211dad3fd8b882ff7c708936,0bc255e13dab03f2815afefa03b94ea3cdd63455,0bd9f2ae39e6c8ed41c016670e620fc6d7874cd7,0be84a41472699cfe3cee3365cd5bf1709b495ae,0c44b10079c28ad0892d5b64fab72699e863c0ee,0c48f9a6b5606ebb151f3ee5ca25fdf6b5a6ffd1,0cdd8f929f11e05bff324438c646c467ea4a92c5,0ce2db580961586fd596d4948857364e2405d2d7,0d24637d20f31bd78689d6997b09f776d4fb5b51,0d4682d6761a782892d58085907595b1dd76abfc,0d485be0868cbf0ce386a62789971fe797bc8029,0d4ae765f2ff8814974672ebdda19b9d498cf83d,0d4b2a602f5891ab9066a5fb8507bf476b92a43a,0d4bef354c8fabf69676c539bd4b53239fad1873,0d57aff4397b22c089db736668871191db9115db,0da7f414dbd385989b75d9e54651310aef1bbf01,0db4ea5d9e1df4772503afaf506c63e13d89de22,0db7fcfbe9b0b4551892e85828e1134a98fe238a,0dd97bcdb89b7879e112f21efee12f99a791799f,0ddf8e70ad70aed500416f8422696f7c67438fcf,0e1a8b54af51df4fc1e1a3251ca1d5b915616b21,0e2209db21dcfa1836c8c5b8dd174859c6b11a68,0e3acce3cfb09f251e95848c6364cc4e1abaaeac,0e6e64d4759ef812eb761a0f0d097f59a6723e5b,0e84814cb52eeb2fa1c34fa1c4352bd4ceb9ec63,0eabad9e6adad75b27de986850a6f273f63c3bbf,0eed40e5dd29f938286943cff7fb0c7f3b080d65,0f20982dc6f1d495d8daea214108bd912e9db45e,0f209c9eb9d54ecaeb1cde78b28892f0edf2f897,0f3e600dc605d7aaa483b6e9fd6ad397f03f7f35,0f4ba7d27ff3bbd35c26ec23ec013015b04358a2,0f61549464b06b36dff4eb4eafd115f6db1e02e0,0f6680a9ba9f2aa6b8cc8a8c30e44eeb5b778104,0f6ebed14877fd3db9c8581aff79cd58f31d1ff7,0f9abe24fe7776ee7d38b39bd1fafe5a1a3e3e36,1000e0d534c06e40183f788967605b5083d570a1,1063d49aad282a4603c5910d5a1d5ebb4fc518da,1085c76b8c16952401dc085c99637071ec62acc9,108b524964af47d44165edf689fb209056bce22e,109d958374bdda080d2517bb26b1dc5b2ebf3b19,10d2f42c7bb5ab33297f45309992f9929c76edb4,1124ce45f055006f600e41b68d847c8398aff007,118d91859860b4a267374616d9e8cbd165ef45bd,11967ec94323047005f614acf8af69afd13bd103,121dca50a024082aa676c3b4143f31d9b0cd67d6,125bf08c67d7f44a37f85dbda577ca43e84f7651,129b65832d52d8e0445fa69389f711abeed9f1ef,12a537dc4ba5bc520d5c2b95be81c31b90998ba9,12a97a700b338aec5074a471b96e55171179680a,12c93bd82fe757f1604ee3cacca7e28fba741d2d,12d31c22642684f86158f61cbe834158439404c3,12d6b682799b3566b0ec7a16164f87cb155bd4cf,12d7ad2f857c6567c9ab42d59ef77ba979389eb8,12fabe1276ee702c08f242168b07737d882ae807,13084ab4b1bf9da42db8e92406bdf82fa369cf42,1308b12ab81399fd62c996ecc01415654de86122,13144c25aa2ad8a54884d2debb4329222a613496,133b34ab227fb9e6c0fc1d68612b2abdb041f54a,136a1444d944f50dc334e2d58d0cd63d45c37a0d,139da525d6637cc185f4d430af7bba5313799a6f,1411b0d0fc4027609951b76c4c7c7df0e25d4856,142e4e6a16055ed98d912e889310e5518c4c9acc,143a47b227078accf1737823bda88348eb24f71a,144b1cee6250863427c50f0a8381ab6bb4cc2053,145e0be74f0ea9810750d19fdf190fee6c94c4f1,147d16479a1638f0f1d43abfaf8305d60d33ba9b,14817471500f9a11361655ba7723d5b66b2cb4fe,1497c91e0d3a213f556a4009bef3284c7ec31234,14aa079797cfac44ba6182b8a1dbe8399dd1410c,14ccbf361c7cf11b09da8a9c12a1b0f66f45d47c,14de43f15d4f9222d72875b2436b2c6d695264c9,14f3dbbe5c43c13a53aca0a49435e1e2ba6447be,14f683ccf8e918522658057908ce2d05495a1d21,14f6b816475353a08402ca140fcf831aebb3b8ff,1507015cd90d84ec31d86fba1d3599ddf198abde,15210d1388692128bbfb35bf1a7eabb8bef8bb06,1553449e1c9e756894815a0fc7e1660861603db0,156617e7199c5140674f1d21c5c089767a1f4ed8,15f959be67525e0b90200b8af287c85336329ee5,16016ed461c80983870c34448d3c5431a4f3fc9a,1602bf864a6e06a02ef7a614d03ec69dfe6210c5,1612ae6c438345fc4fb0a428f2fb25887c21cab9,16405701ab74350e7e6457b73bc4a3d02fdaff5b,169a812f4f4d55017dafc56e6455f261552d5228,16a1f35354f02045846677975cf3c1aadc8a41f5,16a7273dc41b18d58ebff2ded23547a24747e6fa,16abe7eb4a83acc7cd9d08976b077d6a2838d67c,16d56412d32bb4a25d4fb54f63c8b10d89bcc227,16e3adde27371adaa5a52dc78d530a74e65b420f,17101725436efb354fca5f53303a44a72c99e980,171e7f3cc76f993a2ded6cc0015803c05a6dcea7,175c7602b9c56364f33c62d7b2ef094378b12a88,175e6eb95fd62acca0a53593426dcfc02a7b1bfc,17771c0037af24dbc11fb05b7b624004966dcce0,1788f325c57570097a1aaeccd0ab437bad55e5fc,17eaf0df8ba1c4bc6e4139cada407456e840edca,18060dff401b6a61ea406c76150b0b4ca1ac610d,180c30ab5744a1dc68382005afa56e8b75b62238,1820faab039d36934be63a0572603648e8743d0c,186485ddd0f5fb65a1f1ef137c937e018b5dfad8,186e1d2db3917fcc7e8d5419ca31dd282f72509a,189c2c40575f8f302f9e3f9415bac6f6ddf9ddcd,18b2ace9f852acd8078ef1fcb028057ecb0feb2b,191eb27e56a49cb5bbc8eafe32c5d7bff96c8457,192f414eb7134d2c76f742f0e3eea14fc92d5991,194bdb2f1bf22032477f9d836ed9cebd6fbcba60,196137e8166ac5b5bd3b68e160cebe182af8d307,1998a02d658a0b8f270f0d2f5ab0c36e0ae66db9,19c478a6dec3312a65a1aebfc400096aea0d6e76,19d31e80b7d885892bfce68c3aabf4b163676469,19d69af8efdf2c8d2616506c99025b3a21c9df4a,1a40ce996d5c7abc01c4f1163ee7b19983c69765,1a4a49b68f78d61a85b3da3966b3a6a964978bdc,1a76a8b48c5053c6830ac39845c35496a552c3d2,1a8346b8291e0121369e1cf6aebc11ca4a53fec1,1a8d9f0edea9550dc4596e8f29c692e887bb97d9,1a93bc8db15d2458775016ef8c744881fac910e2,1a9500b03710be05020749dfeda6573ec3c2a9a8,1aa3fde551f08ce07457a5a45b01f34571f7226f,1aabaa1d9ce6e18b2c1675e8e41206714bdf8e55,1ab03e5e67822d005227ffbd0d9376b4f11e4850,1abfc85502d4e9789dd8eeb6297aea1ef75d6b7a,1ae804db7158b704d0c4df2f41d9d6c6ee4afbb8,1aeda4302f864e2c5440ba2b00510034fba7e346,1b4e969dd17b30ddbdfe84af98146df6b8e6cc29,1b7e5f4ef0bc30aa4b6a02c4a81b13b446a45756,1b866704a58edd1b26795d8e5ae15491472a5dbc,1bc8e102c97ca2022b82216a9583f9266d983ba8,1bdb1599d2e20e24f9da5bf40c8034f342ce4f0a,1bf49c21a85bdcb406e49d6c6677b9f2488e588f,1c052a6f3f82a9d24b24820b7aa43d6ffbb57572,1c0bdcbd36c0d5fcc2df44464329f0ddbd0735e5,1c8f5fb85ce4a66c4d78dd5ce90fac2b03925403,1cbf43a718083c956c28f77962a1ebaeb1944284,1cf5709afe0134f300552267067dd30bfe9e1126,1d1f444bb17efb74ee98dd3b5d390b7975fb97c6,1d27ef6abf095916c417688f025bd72e9104382b,1d526a9234e19bf8949f78ef616f485f4f2994f6,1d68ea630d6051f141f17d4b9db408c6e64054d7,1d6e66a629c17b0487539da2bb41f1a2d23f859a,1d76419155eef386b773470799101c9fbd280a5c,1dc6a1bc329a271f40fe53deedd47d745ee5c36a,1dfb4fff520e5e987e2b170f01a34b50e86a3243,1e06bbdee1fcc84baec324d6df0fae252a1dd397,1e179fb27de1d27f02c3d8614910dddffef4444f,1e20f0b8e17b5d0106ebec68871fbce8420b5dc6,1e2a5e6e6d8a9d609debb8375ec82a8480130ace,1e645f6de589ba10ad0f37c813661210a3bc1cb1,1e666b8885ee1921e74f3168e8bfa7c7f2a1a5ec,1e75919df8fccd08a467dcec2dfd1b132024275f,1ec535b1c9e8fd1ed3893ac53fdbc768765af4da,1ed3dfdccba39da269f81804448ffb845c7865c9,1ed860ae5d41ec5d0b325b0a79656bdb21ea994b,1edd8494396d983bfd087be509f2de82ec418663,1edf443f8059444610b2cf4533a6197ff55fde6d,1ee7477f7fbfa6c0357534da0c94133b7d8b075d,1fa5e608509cb57b12e7d9673dd4592955bb846e,1fe7f5c24b8beda8a61bd19163712ecaddec1424,201b9281417e6ff3dae358348d057dc0bca03cde,203b3a9157766536b84feda40dfffb3a3d8b9dac,2081e1a68aa14e2158db447e466d6df423121ed6,20c56e5cdfb89e106a3799b9297af6ff93d4ee0d,20da65c2c662907dfc7cb44ee309a7163effd94d,20e2ee2fae8837ffdeb406f0590bef6abb8c264b,21068cf7e9fc648e1e6b5288cfdfbaa451425233,210ce7a58b83cd155c300d06c2f1f2aeb5791b50,214c204be18f4163ac42f8e9ce411d49ea06caef,215316317b5b2aa597222fb793ba8d14380e046b,21faf0f02506e3f9085ad6135ffb0d738a973d82,222f2fbe05603e76c2b9f5f98449ce2ecbc2fdc5,22487bb183812ff13b5814f3e733c9a9474384d1,2259658c7d47651f15cdd43aab0285cc6283dc05,2263b10147ef943dc7b6629105e932830a68cd2f,22d38859579b45e25fb91ada2c42cf0016a16838,2322b2607287d22ff444ae1ed19cd6d611414553,234e90dc0d973488b680a59a6532dbe509511477,235aec04b614b1914e19730ced9d68df15d1f70a,2368a4d5bfc833b0671c18f8a306272e79af27f5,2371985f90ce5a1b6b3ca7faf0d26444d7f2c424,2371ee3191ad8f34435ce05fa59497225f57110c,23cbc6b9680c9b4b844c919e2a53c23ba34eb166,23e6b5547e524b0dd7afda1167cf8b34dbf7fff5,2400a4dc7d66716bb7e6077a98946f6edf7792eb,241e3ec943a8afdf5474493adce0d862ad4becf5,2422a8078cb802c5fdd476d45db6951dc980ffc3,2472474d7ab1414ed335e90c6c4e14b66edc16c8,249450635a6797cf49ac9b3250529aa4a49c1c9c,24a0537d107aa620f7457e68730094244d6606ee,24b11951cf6388c4efb914b92dcad5875f593ec7,24c431803f991b9210b75bf358273c0408a9cb34,24cdc74023925893472593e8b31dd5d8cd10ab2b,24d470fa6f7347e5a22ef52d9772d656cd0ca7d3,24d59f6a964a8d3c209e7d32a037016b719d4e05,24e14bb24062d34d5c601c885937bc221d95e323,24e27fdd7be93b6794c8433c5532ff458fa02915,250ee2da190c31e3356b76ee5ea0546d01731338,250f56da7867b535fdd1ab8c0c1f76fd4b18ff84,256c5221c18e1c8b96f95efdeccb367672afffcd,25730d8ef5fe0f43fece9a7731e6460f4a4b238b,25d573a9962d84a19b9a5f1987ef274e8ebf29b7,25ef0cd7efd9f8b77922ea36f30171ac28903e5c,25fcac34e50b29b0a82718db17454270df3ce029,2625bd4345bb48c25f0ae0f1e0f0b9223c60c6c4,263e4992a88b684411d760d6c8975c8739ab9ed9,265b4e98c65a3ef38273c33a1fb6b9c28e9fd5e9,26689914ae9b740e0ca8a4e765268668e7233c1d,268cb19bcc26aed28850212128e78f717388ce83,26b8bd7cac8a968d45f89e88296c62fc78b4dfbd,26cdb837866fbbebed1b6d488a1c22257a8cf96b,26dd85fa5417dc05bf1c2e99d51ea2ffabe02f7a,26e3a700b742520d42dab03d42c6a13c64fea7cb,2700acd9b479078f9280de5209dbb79678557b5d,270ff7fabc09a74e86b9097a3177669d09ca2171,283d54ae705943aa7a79f61b025fe656647f16b2,28459b8dc1842bb3faa7a16f793950eb615a9af2,284fb0a8e93d9f1eb8a8c15a5030ccb85b051f7e,2872456b89c1f4001b40521a8884d49246b305fd,28db29a0f2e984057eda03275ac519105772675c,28ee6232baf36526dc2a39eba5de4e7c560902e1,2931820ee947ad70926ee16a3950675bab513e0c,295f18b093d3652e419ee5c26f830808a01802a8,29a30ed98b2a7fad84dbcf8b2e6adf86b9c2e549,29d4b968a4bed721004c30218cc967e86f87e612,29d56e0f16e2da78d2a4e86380426103740bc864,29ee18d2d4bcaa0bad5ba3cd5377d9e421580077,29f0aa89251bb9c1561bbba27f0d22e243e42561,2a2299d4bce654d0e4eec65e9d3cdcc6fb5d1279,2a2fa202832083167c89a214b26e03bfee1deb0a,2a8e1ed9782774f4e44ac46fa256a7f27f4889ee,2ad40364e1137abb5df4331e2967f29c59efe966,2ae1d7bc6148df9f893324553e39e5a55f65edf4,2b25a11fec4050593d417f9c0051d8cf558c92e3,2b35f7426d9f6f0244c42c7d538d26d6e1752e07,2b45f7c2a4f653b0bac44956c0151f19e5f2fb29,2b97870ec660b9c1f2d863e59ad90013f052aa3a,2bb2dc24dae4ad143ec458d99a666e7a42061bce,2bebeb76d04592d8b45f314035d41e79909ab3a8,2c9e0ae1df398c0dbcb92d930b34e45d98c82bd6,2cfa94ef1c35d0bd890e6152a78fa0c64772a8a6,2d08c614f4078a4f61f2b227df21c199559a6f05,2d0ccd66d3ea800ace4556e1a753776801f8d039,2d29ecac16cbbd32887a517e45eb7007845e7ae6,2d7bc44d6f4bfed906594175d211237f54f04c33,2dbc7aeed40693689fa49f437bfff406094dd0e5,2e0ec3e3d05cbfe81300c410dbf721a84f6519cb,2e32dc6dce5721bd79b580203ea6cc84b4e1e077,2e6ab6ebd795ddcf499c77e1ba891c044a0e58c7,2ea027a360dd05d6e88a94c153593119624cf016,2ea0fa882ab3dc94923db1bc5bc6744873d5bd5a,2ec953e5acafbf60a3947b0c37e96f6dbb0aa189,2eeb620992fde94f784e8ca704ed8cddb96bb62a,2efb46d8cd070d59c4a1931e3992bc6e146e3509,2f881c20418dfdb5b9ac9a05b6c2668af9ced90d,2f8c5986d05e0f64a75865ea76c255dca12c0c97,2f965bfe15e226f7594abe125f026e5e327213be,2f9f8a40aeb7c10202976578dea37d42604a7742,2fa0a1a9234fa215317fb062c5c5a73b3ef27c8b,2fa6a59a351b4706b8e2a915c76f69a6f5f20839,2fb2f300ad4ce969781a1c2c76eab4e7877caffd,2fbb225fd689505d0bd1c33dd79cf50a1dca739f,2fe1481d7b49b6b7ecfa34b6f7b1db5b6440a7e7,300dadf4991a6cc06f21728bebe103423e8ba147,30563e2b291ce4c4dda7c5fd8ca3f8099780ce5f,30721cd5ee42bf90cbadfa10c7817b49a155b1e9,3082d6acc2970af9a5e936b9f70b623cbbdba80f,311982c647283cb4611ee10da812fe63c198c640,313b8c8aacbba0d38c4b74bcbf95ed71919e99d0,316804aa5518085a968ad1372091d1470b18bcb9,317f6ef83fba4b7242350eb989fa70afcad139d0,31880d27b3a26aa30f5454cc0167bd45c578e249,319f96e6dd7743f3086374ac5591d22f2cae9694,31cb9331f2ef54f81a762965db0d43ab30af37e2,324aaf832f0f999d69b05681d214c2b376775c16,328fb6c31e7ac0dd18536d7c28e3f348f3042efc,32c798e8e0d888c99c4b60193f10c73ade06f8d6,32e007f5460617317ed5fc37e190ecbb1b7149ed,32f39b7e7bf99358141c9d302350d8ad1e4254d3,32fe3c4b35ef41fe0199496f746493660cf12f0b,332d27927cd0eacbab56835131f66676c7d3ca10,33461394b2e0071b4fd48f6cf9a092c4c6f175ab,33cf81b2f5d50ceea0921546fab26220d59dfb15,3441ce6e880122cf34e67e8d91928974dc29626a,344beeac3976bccbacfd9fb21ad6cdf0b81f0e4e,34593d9e791754431be3949fb9a9c9807cbd4f50,345e4608ed8cd63667bcaded69b12f451b82cdcc,34b82571a9d4169c7a606f51bc4e3e1de2ba6f23,34d01611aa61e4921b21d6c168e7abfc49c72307,34f3f748ebb26a7157b198f386eeb4fc6e905282,34fa57f58a46d7d19961ca9cc133f07d5779dc50,3503664fac3935e2f510f7c255d92dc153477941,350afef6d6654880ab330e686aa9705548ac527f,35147a4a4cca71a1d0352df89cdc71baca9e0afd,357ae82d806ac1674ffff98959591cc59f648346,3588c7024daef900b3ad947b2fa60f5e528eedb8,35b1c2f152abed09003a94ff3894b06e1573147b,35d1aa7fdfc0b0b322f04c4e6938046549b1f167,35fac55a4df8cc412d8d78512bbc7bf811ec006a,3608ff5e449bcd49ee53702c73e53ed84344f6e2,3611384d2e733d7b62572d60e9578f206372babe,361ebc9a672b0baa3b00c0e185e52b74e4007df4,367c4718f30416451a16bfcac566025c0c001978,36b5f6835f3f6d2b7c61852699f03d4b6e337f32,36d5b96bafc32894a3746b641301bc51d5953c1a,36f053c23444f9acb18c776de55f9451845dee19,3730a22fa696626fd04b65a9bbcbe2d0c2fab913,3738cb3ea471c776ec1a8ba180816e6f92d1c327,375997d0d9f33019b539e76da6eec5eceaf7a712,3782cb23f9df1868b2fc2342cc1c775bb5fd552a,37b8663e3cee20dc74a22d25ba57618b63ac552a,3805658e1a976fe2829c422ff4637fe58b382aa6,382ba1996f6310ee960784bd0b885c151e5b8b13,38511330597ef11a45dd8daebdcd54aefdb750d1,385cc3b10feb1f6f141a721848aa1d616093de6c,385ec28ea9b940bb8978be0092de49be21e5918f,386cd03b78c930df3068aa343cce16204f99e1e0,3881f11dba4aa55e1e3b3b8395adee79d0479f86,3882d46672c7403b35ff6b2857fa4e2e9b3c73f9,38a9d13fa9c8600fc464fe5adcade9401dee9e89,38dfbe9836fcff9260be92508b069d19bab35d49,39680d61fc88c5928755b47b8c89699e933513ae,396859c1cdc47e212225f8989de176f8e7290678,397b9ce27a6c37343795ebaffeba49f2774b5823,397f754bb1b785a5e02f006cc397c333abdf961a,3996ecb6b8342613a0a63b989241e3f1360caf58,39d088de982743eabad0ea8becacea6aec9ed87c,39d43b2ff2d36736577fd3782c7c2781b767fd65,39d7c03c37feb11657322602243346e1ede919fc,39ec77309e999461e3fa872261370c76afce4f07,39f8719ab228d384159d8490edc1302447242bc1,3a0b9e7d69d31acb6c81e63499dcf5b411ad4ec3,3a0c79dffca8a691fce05b3bfae66b0131b01eed,3a0de29323d8be0e818f381ed1427067f5c8a92f,3a0e8a9dc523309a08c555ded49c3a5538d1eaa6,3a3e40e43f2033a9d449aef55b80cfecae271dea,3a4feefadf0e7c7ba36f9ba666d46829b4ab75ec,3a5a3396d43e7beab55853e284237d6b0865a4c9,3a62057126d8aface1bdefa761231838a63fc072,3a71a49fcda69c11396462508fa9aabb7a51ccea,3a75b0933fe0e22a5e23bd97667de101fc45a3cc,3a98e3d480920ac393c34e1a5544ee9c6d407f1e,3adfddfea4fc5e73b723dac64b8666748807d520,3b48dfc40ebd05c85e29af559f23bf3a27db38ed,3b621efb6d1b78a39ef74edb889ef3558fe53662,3bc5bd957ae9b7eb71af72682e1f53cd4937fad6,3c0557a43fff276aa195934236c7f74c2abe6cb0,3c33ab2b3a15b9cd38c47f48c46537ed1446f296,3c3cc9941e153d4f7030280811a6ff67f5aa6db6,3c90121e5244259268325f93fa3ac0de6771da99,3ce7ddd3e9f656514f68f7fd3cca27122c6dbd01,3cfaa005790137ce4a76da2e2a12c5f8ec6103ce,3cfb686c657bf665cc4ac7d89a9c2660e768634b,3d25df515af7dd2e5c636ab284225e04789cff60,3d31324b9d0dce7a78e13c97b2b1bf4082569cf5,3d3b6b44335bde0608e7157caa5b3c14abc1b2f3,3dff2ca36ccdab5015d09cf25a0832db20634108,3e0b3659618da733f19bd58becafb8798791f41f,3e1dc2ee97b0b2f80d161c7eb34fda25aaaaa14b,3e2f93918d9307bccd995bb3efc1f983e842f0b3,3e47f8f18625cfc425fc3c90d928c3043ad832cf,3ef1195c658d6579b7397be33dee4adf2a381832,3eff4aa3e23857244b8572ce4fa086fe21f901cb,3f4baa17cabd4f404efe3d63672e0c0f4d4f6835,3f861fbd97f3329ae8652eacd82a2c0ae5479ecd,40094cee82b9c6f6d19d2f4acb0b402cc7f8a0e9,402d4b5f6dec6137d40216cf5b5510d6c49481fc,405bb531119f898433e66ff4409938c4f5fd7078,4069523f168191043fb1bef6ea38547c7861e94b,406b3148f34c172aaea8b3861f6fd86a45c2694a,40d8086bc4f9f0d9151e6252ab05f489abeaccc7,411f7cafb83fb599b3b32d8505f6df4779fd1dee,41966b99d47c9b7f3e7342280771209b927dc5bd,41c7348fce29c424c4a34a878b9923194a0dc256,42173400edacdd881391a2725c2b781941ddda5c,423027cf2801699d242f8a21815511035ec87dd2,4233c8ae0792a0f163f4b72de14f7e0498ba6f85,423c75ec8e55ee2ac0945864072bd39df2079320,424c81f78b1ad62d3521a12396ce0932769a6838,42a0fefab720f596158b5920bee048289e4f3923,42a4819b7c9273520b51d12a96457fee7c1ee607,42aa6fd9a028e09ed707f7e1ea36c5df5f4d97f7,42b857c0b3a0299337e5588508acb6b3918c664d,42cda5d1fa87094135c0f044d8a18673fbb590d5,436e4486a11f834977538e5a81282c40646d46ea,43b933685651f3eaaf71d16baa49a75f2295e65a,43cd4add1063e4ea416ed98f04c65abb887e5b89,43f83acec154cd52e178b3274d2df45225312db9,43fbb889f1cff7439f84aea46e90b72b9e57a610,4405370870853e28ecb74eff19a1f24b4bb870bf,440567f0e94b473c584860aba30550c07b2dd7c1,4410382f340be68852eb07c643b9bcf767ccc687,4416e61dc80a1fc6bbf8b0f4663b9ff89b9e918d,4455ce489dd7bb481bd9d1c89acdaa086858264b,44b4e2966f84155508bac0994a83ba531302eb51,44d0cc3cb0ac8a28cd31d67e0ef654185e813828,44fad66cfb21efe578e53bf312c6f9a77c2f61f2,45aed1ef000a0735e2face112951104264eba932,45cfbdff5c95bef3fd9050f1d29437529ae800ec,45f62b9244f4c19512fe18c5caebad22c15488d1,46054a4fe12f943d3362f688c33dd06d7d4a9d35,460c965ecbbbd487c7da0e88907e9a22bd0575ef,4649f70de378d021b6d91888464ba2977bb3ef75,467f4b07087badfc0dc050c8dc5b41fd9908971a,468a07697be92e7de09fc2b74030b29e33a85fe3,4696912dccdcf95c8afbade1a0d60410f2953e56,46a3a1c90e5ad0f2c0e7e49d297f9bbb6ed7cdd0,46ac92e99f0b7a5f3eb3ae56cf229a4905fdd9e7,47047e4f80045e4b9b76c303109a88a4112eed1a,474697e4f36e4934d8e2e2164b10ee9bd3b959b8,47a369218369af09aa01a1344518be1c64ef2a36,47a70fd677696a1d0b9872265d8651a1b9218901,47c2b7d1667fa630ae9f9c85d1311274fe7bd620,47d5fdbcf524b62b5beb2bf965e2c6b01367c5e7,4829eee2a8dc92e608f0c92907d3cc604ca5299e,483284b4f058cdf04e47794960b9eb08643925ca,483a3788686f2993dfe6ad4612dcee3c3926331b,483c58903bf8e8cebea06394d8e166307a67a676,483eeaab36e61e20040d2db79b9548562fc61694,48571aa4e59c64299adb31cb0c9ef1a75205904c,486acd9217377d0d7823843925a6885ab7421e69,48ae4a200430fdce0c46e6da12a28a973ef6c57c,48b1dcc9a9e486a52d977b03d5407e0ee0980de4,48f2720e7b289b343899f6b26e21d1fc79b19af5,496faf0d4c366f7f17e2bac2507b20dd24560f32,4993e06c3839fd95dc65eaec355f0786c2c3f0b9,49a3e0c67d54e9298adf5da19a7b82ec2981a526,4a006a85b629293e54f1e48246a647ec586a55bb,4a2f9273125db8695f3f2855d5c487ddb030cc92,4a662eaa973bb5cef306c95498e3fac4feb34b0f,4a6edc8454ac13f5d63cfb980feb29db08ce47aa,4a7000d20c50d4308617b9054c6ebf951845d1a6,4a93c2de2b239201f52a305e7e0d523f246f53e3,4ab7a8e84e8ce0ba54642046c4688925a6bf27ff,4ab9ff3ca3a74e1401eb70c257aaeae325733aed,4ad16a5272a40cdf30ac057d28dedce9bb697302,4b1b11c1158266f2fc933490798e36655ce19d6b,4b41181b35c5e99386cf59ec4f54f98fc5246a33,4b4297097b53c3761c7ea69dbad814e67549d0fe,4b68c0df58f7f9e777371983d62330a73a15d1d0,4bccc9c8ab9a7df511728be72c7806b415218f2c,4bd2cfa4143992926875ab8eeea7309976998ee9,4be4f4ffe2fffabdf0f0286af5755c83d61671f2,4c18d9cc6b5272f28661c17dfec3067ae6f77c32,4c24e504f9465bef95b0341fbcb3f5440c51a46c,4c2f4b3d48720441cc26e67445aab762bf3aaff0,4c66272413883fa8109bdebd7008942d2bc9152a,4c80ecaeba6ab283631a762774af3a9ffd5250c3,4ca0f899b83803cb50752736a4c1113bfe04260d,4cac028f8be09b46b6370d7d7f0f56a9f53f2b2b,4cb5caca6649a5727ccb38ef6ef3c605badb3f6b,4cc043d5134c248fdb6b5eb1c6845909fd355912,4d4c8ae0debf1ff36abe1f3472180867cd907452,4d4d1900535819e0343affba46e6207cca1a7531,4d642966d4e4bd0f30be3e9648ed9bcf4182aa82,4d90c282db0dd426d4dde6e3fdc30a85ccffa62a,4de1af68a4c4e3980b4ecad3a0bd864456cffcbc,4def535bc2e69952e7014ae6451a07af39d30f75,4df56a24a8de5d98efdf6647c75e74511a0f5c4a,4e00ab7000cfefd4cbb24cf1ad50e108c581637c,4e1cda9fe81abfbccc0e37da93ba30e18263f10b,4e2e0350187e80b07a2f0540b510a11a8b75b3ea,4e5b6f88d7195c0b2dc9f9865a441c559352d0b6,4ec29ffd58135bcba5c9c9576efc7a20368253c9,4ef4f522a5f4d6e488fc799a476a292a60ec42f6,4ef96e0c99c8795cf5ea689619b4f7d5db70f416,4f433f3dfd6c42e32ffa17959d50c304874e0ab4,4f450f3ff04dd44216e29bfe333a930656f32048,4f82f41b97c78e1bc228aa5cd013bf02ae0f197f,4f971ffb1f7579bb5cbda077e1fba2fe33f4b442,50236347520df8f5edcb628ec3e52f8f0aab4643,5052c4ec6e05787e7c890eb993c86337a0d48d6c,509077ba6e8a1e94f0a23eee01a40df992c8eaba,50a8a38d55896d0fdf9b02265e53d9ee8d92df92,50b21c8d2637d79005c86abe003b8669deef9882,50f389e6fb3147b24c317e3a5e75135d66f8141b,51212f5e98e967fddcdc5fe2d90d73a28a306808,51273789c33fb534005334009c68ebabcebe5e3c,514793b2c84965113b809a428498ddfe8921ed7b,518f578be9126ba5765a8261ffb9bea087db7b57,51ac530af59ca7506c56f26a26ac5bde2669b073,51c4ec852649c024e129553df0c935debca9224d,51e04573fa73218964afd6065b0ab0871e5b2e30,51ea65e9b5dea047d616dd6b26254dcae24803be,522cea23db4ad60e46f5ad22c4d4f170a970f219,5246ca585c2b55832e3fe3d322f6fc3d8fc3ccb6,528236d14eb20b08871744f55a8e0a3aa3f6540e,52a0468454dcc915dfaf4044f7c3a582450e09c8,52a11681d8a1a5a2835a9b0cbc06dc6458000318,52a6a93d8d79c325cae03f32cbe85222cedb440a,531894d4e4b074ac81bd592a3b36f7beebfb63af,53451a75b485d235303a4d448d0e7170ef1bfc45,536725ae75caa51bd3833e0d07ef9d4723584c83,53a7c828a5dc8f96957afe7600b6e1b8423bcdfa,53cea4867804634914882d680d08caf2e54db363,53e80d0054f15fc15f2a39b2860d0ed4004bcb97,53ecb8a0a4a70597694ea45d8635faff53af85c2,540275f720450d2edf331a0103d756c3ab934825,543989c1e11ab053a82b7cae2ae751c5dab71251,544f2c4a0ada6b1bef8013086edbfd7c57e2dadd,5473f4d1a7202ad478de3d4370f9fc22e09c4b51,54a93e97194f3654908148df4ce1a26a205f1e0a,54c0310183394b44240ed1aba47c5604e80e87c5,54c52751bd93a60776a7340ea278700695d0c9ef,54cdfa586c213714b73f3ba1513df596a00b6748,5516f235f565ea17bcb6e91ab2b5aff354468776,554b614ea003b281e2a2382fb88b98dae171594a,5568f87cc215e1214bd96af04f2332167ae69b1a,557658ddfb476347d8fc06750190953b0c928a5a,557e96f3163176493d17206d92d0c002399b3dd4,5582b36b0f19461fe7b6b453e8596b976ebf545d,559f7bd64d57b7acf7b9b55b2d1236197fa20a03,559ffcf34a54781551214b5efa549cfda45a6825,55b675a2dc62d73ea6cac704a88857be3358db9f,55f6e449c604f7480abc93c0abf4ececd34cb4e9,55f752e0520a0e5d57a2426a7b87a08842aa6afc,55f7e26ec92db9338f2f105c6d189af28424ccb9,560d547079befc8d434821b87a55e9e84f8b27d3,5613916e22bc31979f32c31e1b335f7112b97966,561d6f523e00c66d2f853b055ec4e73c34243fab,563531a1814d824df3af627fdf624c0734897584,563e79cc39c3ac8c5cdf7f468d38432e6a50fcdb,5640960030b8746860e0d0b4759d84ccb2d20e2f,567080bc37f26d2982dbff845b1179c27f9cd510,56712ed008d7c8608f2dbdf67b3e34187d44d704,56af3bcd1849898e7caaab90b6ae1a2a8f9e027d,56ba53128713884550afc3b121a2bfd91ecd8705,572c3f65129140282e30ee68d94afc4bf01dba9c,572ff75fcdde00977d63fcccaebfb5ae8fd1aa6a,5753bee66e5ef5a521b7c1cfce6c276b1ad0d7ae,57719fa0fbf2e3c023c3e653dac5c8d6c84593c2,5798af1795aa2554b859426f96c400c99d0ce238,57f567ec1469e734db9679a2341ad450ab1b023b,5843cfa32554d341794dc61d40bdac9def7bda28,587c6a8385f91c52e805334bbaa0d861ffa42ba0,588a027b594001de4548a705c8df62516ebb297d,58f30a30c93d4f3e969878685ffe7966d65a98bc,590cbc051a84ab3a03a730b29d88e6cff57a0197,592d262665408cfb2d12d30c37ff8e48815aa9d7,5943980a74b5d2e1d5bfec5e5451e2b2598fa59a,5951444a89a1672c2701c0be643abc05bcae13ed,5953c69485b25113889d9c828e48f5538cec0bc4,596961db09bb42132c3e63d7250b3c2e87827223,596b53ab73364e5301da033e9b42bb4b73c210af,596d7b97c481ca571b68b80ab5e03d988ee7a0bd,59c6ca6996f434e8e0476a73c85ac32405a41b12,5a378d81da4066550a05d5587b9e137b5c1a5956,5a7485607590cefc0e87e784e4b722b60d636a2b,5a8b1b41d049a16cd22c05b5a4e8fd3f7364cdd2,5a92076898e014c37773a55b8f029ad3b96cd029,5ac68aab89ce45c17a452223ecb2b7d8350d233a,5ae5e7f0d0de827868b8ed2fc13e2a35d45fe8b7,5af9e75ee2d192ccda1ae8185ded62662f8d60d3,5b1a8fc251fcf12d76cdaa3c7ccef88eed573a37,5b7c7236c36fdff374c4b3448beacb919e60f5ce,5b8eee3e82500142e8fe154d3632688e223c6309,5b90054c06b8198ff29828858e569975dadc348d,5bdab3eeb43d5d105d662ea12d08e203ea77fc2d,5be938177565ba979fc2ae7bfb40629104cedf40,5c0498b84415920a502c5f598e62d4f0bcb22d30,5c5831a92b5741edab8224d0af29f021b5c9aeec,5c6422fd6e0a8e804f4383a8b987416e115fd0ee,5c7e7a65f32f3d79d489035a924c76b890f69871,5cb0d1388d3fa093ac9851a5886a60420d90912f,5cd67447c556e074a83776ca433a01d412c7bf21,5cf45497fe6655ad3cbf585d9aa26a5ba866fd4c,5d0f7f0f6aa8bbe1c693031cc4279294707db119,5d4e20ef83407478972fb0d59eb0f3d1b4537c3b,5d9d43526af120e97f907c8e9679e077d9131205,5da0c508cf02a4ce79ab947cc8bcce7d1a5d1520,5dacf21440bfc881c09bc39c0ded173f40573d93,5de26f61dbe9d40cf8b8d9502166b0f1a084268f,5de6e80ce23089ec9779e00dd230e5c40212faee,5dec6b3713ddf6b8e28c9273a7b5054064b27306,5df6e4063e3ab98e68abf1b3695935d04a8c51fd,5e182b04cd496c501bbe379bfe086a08221bfd77,5e4589a36b6c84a8c8264ccb4022c712892e901b,5eb548115dfab55482a57670e2c1cb3dddf85f5d,5ec85c2ecafd86812c8ff18af3b2be1efe9ac347,5eef0bc84974ea8938d893c1bf2b271943256e95,5f142e2925aafdcd6aff0388f4926c03e02193d7,5f2e56c0523765c415b9220fc40bd4f46da74005,5f68596cf1590c41b3f37ea3fdf38727e4aa371b,5f6ab026145be6ec935d588021c3d53b2e3bacc3,5f750b6de669e4d4bbda74db8841d51f1679aed9,5f7c14f684e9841824467e2c1f6f8ecb0e99b14e,5f947772aa52f5081fb39463e18616eb90567b15,5f9a70356965d7c7cda7e47204bdb2c8eb0f32a0,5fd488431f25f5569746d153b8b088910e78664b,5fe37d2c561532be0c34861b66ee347529105c53,602daa2daf1255addeb75fe4653ff8dd0ac2df4e,60300019472fed1cca4dd8d21aa039cb9642e64c,6078af24ffb832b6cdd243958fed174fad438b54,6088afe82b0940908a61ec77b4f0a6e3d8b73d06,60e9133f3255bc2c32731fb071669e6c46bc89d2,60f5d1098e20b3ea3f1015c7f29772669551a43a,6139c156c1cdab204d3e8f430c3771752e10f9b5,61407034185e6684c42ecb130291c6c7e81099ab,6158f0fe9be158991eabc8ffdca9f55a87f5f5de,6164acd380c243674d187f02b4b5747f1d34b012,6172e0bdf882498a901767f270091c00d5ce524d,618e3766899fe71f2ff527f7181710bb840e6351,61984a4458076c8eb54d1c70f0ecd85259d3c3a2,61bf046c70b9c9df3ec0b660605c0f5c23075c8a,61dbdcff5b4a50407981ee8379fc8e98ef587b8d,61efa34bc978eecfa0d570a85652a067360c42f9,620497ca2560b1728a3198965677a8ac91dc0f8d,620c1e42a8878dc9faae968fdd61d37bde643735,62260802f31e361dfc9edec25d60dc112f05e432,62bba4441f582e723a1c9bbbfc952f39a0416789,62e1cb6507ea485182b73eb1462a315a344f47b7,62fb1332bd87e6d902b03602aa9d99ec8fbbe22d,632f319a97a0006bda1f5f78ef1da1ec0933b888,633163b4b0409bdac68191d1af7117f6661851c9,634552981e22328c46bc612445e88aba93d65e43,6365617597cfe6c3e7afdb03ef2d009c8f43be9d,6369d69a1d7b05e6723a7ae010a767ef3f7dc83c,636ed388050b423656b0a3faa8f44e7f9115dd33,63c436865ab0abf108c9e4645c6300d5aaf32a60,63cc1465450f6ab86b3c37881d97020bf72d2ecb,63dd184e089aab7b7ef01e2b635e4b1c4d2b0dec,6405eff2889ba9f128dce7161ade1361ae6f5fc9,643b9cc79c12425857d823e6750859d7fecee086,64542360e5349cce2e65f65f07f54076b97d437c,6488f1c89d0f6df07e1547b95b4e3100eddf8f2f,64a2e7f154b114d4ad4c04ae4dbc987e8a4becd2,64af8c0c0bde3ccc618e5c35eda3485dc19bc8fb,64ba6f7077a9cb7a0510c4ce837fdd36d813d2ef,64fec39edfaac37f1684f9e75ae06243982b1ab7,653cf4a879dc39d838f2643b598dec127e61d2e7,65d94b5e7a5d927a6ddffc1af1236926a5b67ab0,665f66be410b70f621c8d6e5e936472837a413ba,6671c25ab5aaeb8522b99b443293b02a588ed5c2,668cf911018e457f2c9a64bcba06a8958b6e8c29,669008bd7c527fa0139bf3284965d28f889037e4,66c13727934f8174044060b0f2750aa2fd0b3a48,66d8183a60ec468496865f0ba1a3747ea9cbdf1f,66d8c87b9db04a794d3163e56b546990065fe358,66e1f8c2b37ca442df7897f99c9fea13510eb967,66f23eb975c13069189b2c716e5e29d68cc12b9e,6736b18498a6a0393f609ce1da488f01fbf4dbac,6773c925bf02cefc99ee6de28824601ab91e1a09,677ec43984c9fc85dd0395b60aca41134d1b9639,6786c201ed1a3736a0e57b3bd2fa1102da196447,679abcc4bbc2a51b7b0cf661418b97b6c8464add,67a2d9b2fdf385b8bfc87ac06ec9a42537dbb789,67c4eb15c1223ba0fc1f38c6cda2341d6e4b7213,67cd54a5b20645947830b4ff493d50e69126abbe,67ced69d92d910c3db6589180b78b75dbf62e5e6,6817029f501c5e850c4ec850da3be6a4028a4284,6819d5ad6e1841bf0db573c38abff77c24befcfe,68b135015c26b7de95fcc6567fb23292746891bb,68d4cf6bd75a7a145213b4bf23a3fcc5158422ba,69051c6494db04fff42599c0c96c478dd0644f44,690f2c452bb5475aac77ce0201776aa42dbd18a9,69640a690879fdccdf773c9a3f783f50abda1717,69868cfbabd32431595aec6882ecd1d0db285e17,69b19fcdc40cc9c1504f88ed19562b41c6de75f1,6a092d9ff60d045341b5c675263967e09b19198d,6a17160d15001990b0edd31b3b44833cca15874d,6a3a62985b5181c3240a36ee811bd7c884428381,6a552de4411bd36851fd8add9648218a319455a8,6ad915093522abb9bf8a2d6ad1590446be59f191,6ae4044a69e9a5d6562928e3d6a6c05b34e08935,6b14a2919d8f736d402bcbfc4bd60f903c8c3533,6b39931fc34526d969b321f31516a80ebbc45517,6b593c38dfbe957b40377c5b0179723515ffc54e,6b7d70cc8f724c537d408c93eea15c86cdd1bdd4,6b9f012cabf98142bc11bfdca2387d66c066224a,6bb54ea450598fa9e4486bfbb0caf4e98c45bd74,6c534b54b17327071183cbb3b57c8986ebe1ac04,6c6da2b0a75b19ce8ccd3831bce12b13d4a6ede6,6cac28232af54149e02e288a4d320bdcccd6fad6,6cdf29400ae821ae715a41ff7d89cc0fc83ef85b,6ce11d5cb4c07ada53b7939bac6d4989baf836cb,6cf61f85387d51c520c282e85963c03e007d12b4,6d06f716f0ead3e4c7d354aedfb4f4220990a151,6d48376420164be36977aa13007040fee4489197,6d6f546b69c56126b35ab732b971002eab271527,6dc65c9aad8442695e83686fa699e57e7d3fec33,6df12508e63baa76580111773d19195c8846f757,6e105d72c02718a4ecd535dd733691e8375a7c0d,6e302efb2d50e2136412bb1b7e193c569cb3c06f,6e5715d9444622fabe1eaa4a184967674c854de5,6ee14995d39541cca49e95ff247adf2422ada671,6f170d3086295d239229853889947dad66ad20f5,6f1973725e256c29c52a5ed17ed574a597783957,6f63b2a35d58012493554490f457196e37641317,6f66546135a726af91382e26cae92307ff1f3135,6f692d7ad7537e504cbc4e9c31e8f56f6d41460b,6fb9a5d35ad5c8d4e00ad3ada84fe28225abe69b,6fbc068682c98a0640d73bc771f05ff17f21b87d,6fe74dc6a1c9df5b0b09d072c286ab3a6982df05,701a61a3d44c09b60bf823e212034e5e6c0fe378,7049a6f1123508f23cc1d3f18bf47d857d07f6bc,7088c6ff085fd5aba3cbbb6f7cc21f58f2b662e5,7093e3449ed6233df4d0619e9cc24315947d06bd,7097dc82d85471dd5a47f193d2abd7ac9919e44b,70985d6205540d945a94cf6b030df8f5fe84276e,70a94292f51741733dcb7f7ae6ba77f934d2d68a,70e73ec2e2742f5a67784442c2f15e4da3ee1581,70ec6ad2aea66d0126413eeab0203994d7b8cc57,70fa2475e9df64525d25931735f479da72f16ae4,712bc8c05e2de461c01e8aea23918cc058d39f5d,7150f66025d6e0339eb492f47ad8b12443bca33c,71839f5650811b8931dc7020a9514da5b104bb34,71ad09e00445f279e33913ec84a876511547c6a1,71b510d40b7c33d5ed111b57c50cd89b58f069ac,71bf27e0e701f396a0abd1fc21c6ddbfbd5ba8a2,71ca399965ad5a34753aba33c3c760323b4fe5f2,71d23f9f1965a23afead35d1d71695653117ee9f,71d2d2097ab0fd17a11cb68f75d077bbf9646670,71df989c23b9bff5562db7db1fea2f49e03d02b0,71f3b598458ab05e04fb7293dd62ed1fec7bff2f,7210f39a7bafcb71137665dd70deab0f9390eb7f,7263ff61f850425e3316ac682b8fe90efeaf6c8b,72bbccd487c507b58145f438eddf6e9b6265e6b5,72c4a2b00236193c7a78408f44ee74296f6b7f08,72d67cbe7caff2ab4c14e679e052390d823e4ecc,72ddce0890fbb6f23ddc83b6402cd251f1c1584f,730725e794d7854328544badc90d90c0f5dbb06b,738382523317796572335711feca0e0bb5371573,73a08b183099445f55a2a03f62b13f0a6a55a17d,73a2c38fb6c9562402a780dc8218897386efef7a,740bb3fe7746723aa1e8e91b5d4f2719b8537db4,744269527a0157f102f9fe7beb52a7835e2e84ca,747d680726adefb38cd00da3d5c20422280987ff,74b0b6d05eb30216d1d7164b26178d3cfe934500,74b51fedc724269546ac92802953628e16e8b35b,74ccc1c093a449e5e197dc7a32e0c4f117d4ae70,74fd31518953098bc9ce2a213290ae77397a6e91,7530f0e15bda5056d9cbf3cec5c7879bcea0952d,7575761144bd999a2252c4278bb5db7b6fa6e7d5,75a938fbcbfc51869d836013097f05ed129cb13f,75b1192d1f8ca07c0072eb13461e7144c578ff3e,75ced5fd8ce6e2c1447888dd860f17923bf9e4d9,763157c780262959c8b21a2c26c8068b723f8a96,767b61bdb5bea00f03c76648393e88f611acdab9,7695732e0c59b67ab5b2f2208dca862265c1a2cb,769fdd40513cc9744b0b26cf1ec9f4f37ab4413e,770ae81566854a178e07c8d7e7f360f5673678a1,770ff4b8f899bd211d3ba974a5f7d80f54fdca99,771063637c684de793d6eece0f5cd6ba14b47c0e,77300ddae627afb33755d2fcb02ef1bdb1fa4de2,773384e91bf53af095d2e7379245eb5e721a06d9,7735c60877cb80bc3c789a51755a6b5d33b68d08,77389ee903010a9616eb772d44d262774d244aba,775af37d7f78ec4c22e80f46299cc037aa5f854a,775ce9e7bb5a4cc87c8ebc609bf4c11551ce2fe1,77677f33c7821dbea449bf9df5127ae83e0b7f51,77730cfecbb8cc1169721af9b38026a1da6cf04d,77a66a2d213303426d83f7e7690b1c86af0029cb,77bb8a44932508b166861e89e2ef6ab0d3fea4d0,77cf26b5f0e12f1ad4b135375f56e9d54390a16d,77f39d84d91b7ad02bbf632c6206164607e98799,780fbc60d3d269c8c18936341a3bff730a4426fe,782bb4a11894e87a110f675464d855913380d039,78754b949053b5c05c8e92af7307a12fd1a4e728,7877d1770e866f28b0b18e70bdea94eadb4c61de,78e913e59bfe7370caefdd70bfa936eea2bcdd6e,78edf154874bc411b5cc32a120123e1e8a5d2bf2,79288ce5b630d00caeab5d075cfe2e0a0ed13b65,796a0e237b2c7174d8766b1190de25350dcdcdc2,798437b45d8583612bd42b829a49c2181c7ec15b,79d669915903386d44b4064fcb65ee834e799252,7a141d284bd8a65610d2de4725f9e6d0851f6dab,7a34d4ceac304e6a740c33e2d6cc0a9d0728df30,7a4f5585bb498d22aa02fa271c201cac8fe150d3,7a75564fcd412986854828803fd3526d881a5e58,7ab7dff8f34786a7614ea2f4c185bec60df55f23,7ae0eb10957c47db636891b6fe088a37b8dd0977,7aeafdddbb929573f90719db3d572c09bbf1e1ad,7aee0540d220d80693f7115340b47fa794454ba8,7aeff692142fbd7d0a0a5bbd78c1de0fda9d532d,7b063c96429e5b57431d28f3714743944342a620,7b23d44a12a1dc3f8e2cdf4bc8668057328651d1,7b417cf80c0ba83f4609a08ae5dcff96b0e8b4cf,7b8ec72d756e5f69f8d1e7dd08d732354d1d9a2d,7b9b7ce80a86d446c444a71aabc329bac041c455,7bb0dd870a54fef50c321097037f16df33787f97,7c44b195822977b9239cb8d40e21dd4e8f4b017a,7c533ce6a84cb3c7eab625f31500eec2ef117a8d,7c66171aaf37754481ed3fa846a87fc457a67c9c,7c6c7e423d60d11fd06a60c3e3185c0324bf9daa,7c6e4a7c223fb53b5bab531bf03eec7110ff1491,7c7caf8f47c99bdaeee0ac6da6311586556b5d37,7cbc243a39156518498151fbd8f1eb80df9dd0fe,7d265856231c209a28a297e9492c9539249e2d3b,7d2f9a8095dc7fe3f0bec8e31d9294ca430fb78c,7d74a730e75fa3379592f07e78ff623448735246,7d80671fbc0a627a393c366fa1406aa58499ad6b,7d815ddf0944a73fd52abb32b3d304b41f8e06e0,7daffdda103bb42d5859b02bd9e66908da3f141a,7db6d8eeee6845a21da56986d63e6db0b99d1600,7e46d7f16258f88dda227fb794ea67d6aef67cdd,7e53355ead734cf170cb4d5c20203838da0b0423,7e685eae1fa50513050ff321c371ab0fd5608264,7e9d6ca17a27aa8c56ff1b5172c99f42cffd0609,7eaa9b586545a45cfc159d40740d1a68fa9f5230,7eb097ab1cc49f0399a89b629c0a8b56bc2db1b6,7efc7491db876252e47a8c8c3fcfbe8cc006daa7,7f079c2522d299380778b875d306890b81e6b6af,7f0f472b6de4a2afb7c95d7d42f26d38ff57a3e9,7f8c9913dd4be4e6e75343409599afbe7a3154e6,7faafcd9399a0844b12751a9c1ab4cce5a662156,7fad553c966303ec3ab6ff565498151c94ee539d,7fcda3e2328f7f45a10e83f194b5ec1584335e76,801fc52cc52aac22cfae1448d9f9b0119120a51a,8033cd28664ba20178b2cc4e28570231b5f965de,805533e2cc8cb70e778da205ed0614227d99404f,80ca24091a0ddf51257d07dfa9dc6e851998c6a3,812973ba81cdeda1446eb29c493ce0725a74e3b0,81565d494716bf509de3f12985749f7cb0cc5a01,817bf2a641518a1af6e2080bb46ad83f5f41243a,818445a9365c4536ed24c094a90d93e2ef0b0a93,819490888bf11122e54012b9f9fc5c1bf2576d91,81daa26bb43a964ddcece5541477af2fbfe3659f,81f55f056c3ee10da7695398c71eb832ccf2a3ec,8206e42134b3f212d8522c8bb0f0ff473c25bcf3,82418c4a1d08c2a39e89378fcdf665336055a18e,8289f8590e92f8a6ea4e53d36852728d28a7f8eb,82b83222cf1c836eb3ff0243ba60496359abf4e8,82c7b167e81bd135e7b5d078347cf7ffe25ee3f5,82ee3c16b92a5de811e84655bc9a50658d550df8,830cb0dc597dfd0e72fd0ec29fc9885e7f3d913c,8312e77973e69f99be09cab7b0ac18c15437f19b,831830496434356d14b899d0210e7e65f51a5803,8319f61b558ff6c8986f5a4f83bf265d571f9873,83369805e50e958a608a87ca09c8da4ee641c5fc,839f8fcc6608f58ccdb037f78a3ff10fbf1ef80f,839fd68a21555f25e0fcdfb94f42204ecad98fc5,83ad9cac0eb93e224fae3654c9089d1ab03d4798,83cb604138371e3a559511ad7bd01ea45789221e,83cd31c647b36b2edf0c7a181fce860eec3d1b31,83f544134cc5df4fa5b7c474bd71f448eaadccfb,83fb47c0fe818ca689c1fcc743c861d801d8ad11,84448577f43763b399f405a7bdcf243b50ad4d2a,845a6f804f9c893d6b7d98659946aa89bc3f6609,84ad64f9ed649f734c9f65d59435f0a6158f09b8,852f3f55335cd4ac9f3ac6a3b0c0380923579726,854da8beb4ed8db8aec07afe27d1685fd2ed13c1,859cb832e7c4226d50462da2bfaf55a948e5b95b,85ba58311a34d772a547cf201b303d0637baf39f,85fdc5b9c447a24d81259b460af0cbeee76cd3ff,862fb19221509af71288506280d73d0480d77345,863cb809e73470022c4a78a9c642c68a8ccd1f2a,866b9cd604065055fbca9b212ad99c1a200f0d32,869e47eb74132e14956dd7249dc5b2bc647e8db4,86bac628b1331adc72c4d336c4b3a145a4a5be59,86be61e2158de23794f6f9b11ed92b027e340eb5,8735a5dac3172f6476c42ab593217b1e674b4392,87796461924d118b40cb5f5c19479e1a504813cf,87e28e2d073ca9cf0565558c5ca9b19ec3c78f8e,87e559298ad457e7c6efde889aea8fb99c9d7ea9,87f13adbb14ceda52a461e842430de5029d94ca6,880248049f51306f1d1abedd41ce437b67d05a5c,8867d585294f6c2d06ce6be9940e92a3b5085925,887b5ba85a5a66a39df87531ebf2db9129ee14b6,88ab21dc536c1934d45aa8a9b526d38007364969,88adab5542929c915c3f2aac6b7eb3f54847161b,88dcce8479d289ab4e999647a5b522848c595162,88f0205fcfd4b3963ee3aa1314f8a7fef13e9a9b,89286252e7cf0aab2f75665326070206467501c9,894722636d6127e83bb553576a5ea91460de02d3,89525e57a17e47993108efb316ccb8feeeacaded,895feaf8626fd42e380ffe310022ed492d872297,896f6d0fe83bb049199fcd62b968dd368d3f5628,897d9677481660cb9ad37b9c34f1ade467ee3fe5,8985a748316cadbf5c98f6508c00dc27d95d86b4,89e5a89aea1c246c9140c57d3205a2f15b678cc6,8a5babc5f940166657ef554007a04001328f0fb2,8a8388bdda8386af745e9bda27947423dc0e0b74,8aa023426517286b116bec9861786ce30bd8054f,8aab5549c10da23d79709583db98aaf77ebe135e,8af01ba69b40828b2a9624a296501f87d737762f,8b005f4a135996a7c6a64b8c9546218b10153528,8b038e523c6776e437b0068579cdf0da795df915,8b1ce3dd1369b93f648ab5a3aa2ed7a234ccc93d,8b4e3d843c603f4ad88ea12bd60dc6e72dce3d2a,8b863d9d0972881b01bea8b7aec39e002e12fa08,8b87978fba081c114605085142f2e813746d5c13,8b99746aa516ec9cbdec01d54eb1a06850f1ca11,8bb3f82dcb391ccbade767218f82ebeb04c69ebf,8bb955e4ff92d284687153c01c83155d15759780,8bd55aa477d7deacbb81c0c7a6727bafaf7a4d2c,8bf07dd225be659a4b163d9152c8b9ad53e495a9,8c0ed9fc7d3ccdb503942c531b0fc22ac12c70c8,8c4fe867a0bc74da30a7de6381067b94e51a8bf0,8c6b279384664da6934e68399f359dc72919ae07,8c9b1efdf470bbfd6cf20c91638a620d400d718f,8ca24944c15684b186b958f3104747f17f56c486,8cca741b58228e936b7d0ad03613838111e1fdff,8cd99928c65d9d1571e51252ec696e7ba5e6353f,8cda1f2fcc5be8f148210063bbd7701d36309dd6,8cdd1f8be9bf8473874233bedf4088261fd04db1,8d0441220534cdd9b16682cbc2a36081e7b1d078,8d6ab00ac8184bd0c619f567b3af216cdadc9d1f,8d6e38f33385504d95cc904cc6e94d0a41114900,8d9083dff5b3efa5ddc9fb3a58e2d8a8f9c106ef,8db070a40400f5956bd07a6b33ae86e4aafa1ae5,8db23deeb0afb58bd6b7f7f1a484ea69f77a8f32,8db708cd2e814606bd167960265d24969f97a596,8dc8475218d9032ebc7fb0e31b11f02cdafd5499,8e0ad772c4b6dbb8845398e180c29445dc4e3fef,8e20f234c57bdda82a78dcc6808d2ec68b09c83a,8e53a4c7e83344b189e3a76487bcd9909fc6081f,8e6263587c9c4854f85d41de9c4b8eedb870ffab,8e71eee82a9be1927eaa786fae6f0a86b9deb990,8f1553c9d78cf9586cbf80dbc250884cef25d17a,8f1e925d45b7e8fc037614c2fa27c141d9ae4bff,8f372e3bae1be9b4e18b0876767aff1fb5b9d909,8f43a24d6dbb61e45cb679267533ab83bde8b86f,8f4418005d4e7f175e70bc36f19df591cd8920b7,8f9e2caeef6fee4832d7daeb28cb92b56ced98f6,904df2d687eca6ef2172c8890ee53520001d6a7d,90ae1f246c31ae72d939342f4dbaa6cefdc5ea70,90b097e105f168db08e8c29c104de8a5d44c47ee,90cb7bb513a23c118fa548d16dcdba55eca44109,90f41b86826ff7c3213ac096d4ade7a6e2fad3b4,912cd7c52156ff6bd39223c4dbec463355f48a95,914c186cc6ce4dbfe4abf02ab4a527744b4ef49c,9157d98e32ae143f2c1439939c940fe3fecc1c27,918384deda5288e78c3a745dc3cd84e36701b9ff,918b9a04e268aea3540e24b2cfabe60128989898,91d1906f3f2efa94852ed2ec3e0fff3ea54a0df2,9200dafa9a937ee1301404313853f394e665041f,9222ab7c42ec0b1fa3939a6e77c7ce050e9ef9ab,9258c28f9335fd7dfac06d82c5b216e6d566a4ea,9285b1024fa5a16ad2e1e228b46efc2d605da729,92a2331da433272692368048925073377467821e,92a7d013950dcb5404809583088e137bed973e93,92dcadd75e4625a1efde7e34cb7a688bd5c2e79d,92e4530f1ef0cb0d79da9801efa41c370f215526,930605e1249606da78115d9de3c3604c4f74b9f3,932f09c14503b73228dd56df13135ae6c368d843,935137435e073f629ddb423f4083a56d827d1577,935ac35b097c94d42b19794d27e4dddcd49fe9f7,935d3a53604f9e00bf75564cc238d5bd16a966f9,93723aa78685e7a726994a4f40b9b6b725f7ec91,9399b08f1b5aa64e25d6d45d18cb29fbba78d36d,93a636f0a6c3391dad9ab3950f9f3159f4bf29b9,93aede006ae68cd95c216d7bebf296a7f698c37f,93c4736b3a7f80307632544a5700064428895cc1,93c9fc462f83cad52fa7c142e8d7dd9730452ac9,9466695a0f30f2e2f069dba5fa291cefd548f873,9470f972047e27471201772c91ebcc329681e725,9477e4006aa817f3d0ff532cb4197e201ea42b0b,94821bd019d712aa78835750bc4b579679ed14dd,94c8b32e1305c648cfb33cc044ec30f3d47998a7,94cdf87eb76c87e228694a3e60865916f2d5206a,94df02545ae6c6ae339b7beeb5d4985a805d532a,951ebc0a3b477c373739ac4c71e44ea41c088e6e,9590644f9011d562f9cebbbbba33d0f5c6a7be75,95a4604959641c964cf2ef052d128366d73d2a3c,95ad878c920c6f302ba66c954a681474960d498a,95b5df7ebc4682e5fa0be624313e3b5b12e5d8df,95d03c13c4f072adcfe59711da2bbd126e7d1655,95d7acd1cd103b046b844719ac0d6b3b7f1b9670,9601bce2b4ba23890161594a32f42932b9f2c337,962bb063e1ea39ee0df81f8477bc9f18410ace17,963977b286577ed495f6a7c6b6ff9daf6dc351e2,964b3429748d4016e75ab2023bdc0c72e4afc897,965fe4c4af51466e9da57ba75b7e5ac52e72d10d,9678e77282fe864e9aa2b3e1ef347998c870a8de,967e67863e53f4848ba6630e2b1c8379903e5b60,969f213356271a6e194fe5ad44198d46aa281c9f,96c8c6dd126b1028e62121f7827e24245fd99275,96ccf8a2ca235c11ac6420da595bf65bd4ea276a,974ce49cca056fda78ff3c1d22bb4a0eeae22845,974e91cd8ba39b3fe2025f80cc91cb64dd0791e9,975f973d7dceebcdc253dcc88556347417a9855c,977075b868587a8d0c0bcc56c857a46a836cb391,979dcf2b7495da45e3235dae5e1f13aae31c509d,97ab3ccca9dcedde8064cc11f56b1bf2d8132a63,97ca63cebe5218f146cc9c8559587affa5b0259a,97d0b9908a23e206ff59560413040e7d73471d3e,97e241da93dbcd805098ec476a18e87ddf7ae320,9814b4b255fa1fad87776cda2fd65fe553ada6c7,981f2023db3e3d6443fcf82594bb2414e671e6d5,9844690ae099fdd0ef3438a29614baa6d002ddb0,985815186258cdc646e40edb680237e2ce996f64,985b70360f7b1097a92309e5abf1db50cc56b8b3,987bced2f2c75a543b031bafd28e683a914e6e6f,98fe820305e7e11d45da6c040a78f3981e7181f6,992b9edb97d2d32230979a0a4e19934d8c71a591,99bff612fc2fab865e5b563471ba3c2faf561615,9a09f0712ad9d4ff1da6a04faa7ab0568565e26e,9a62ff7b73ce508ebc920eb7d117c76f408c533d,9a7940cf5b7b7812bcce0991f3f55b8721bd5c71,9a988c2059e45e092ecffa0cc9e20d98786b3a38,9ad74e2ec732807e96c75462490db09eb33f511f,9adc625498ac3cce3beb0b275ecb266b462abbbc,9ae17d7ce60d2931bf5175ff901048429cdeee83,9b219581b8c99e51f6da0516ca4a363d62e38560,9b21fcc615b599821b59031bbe98373203c47f2c,9b2baedc1291558deb1694a25158ae54ecf62760,9b3b5fa94466ecee57c09e8a90e5d5ef5c903d0a,9b95eab1f69a2bba49a0b9e010b2b6bb0cf534b8,9ba00f5c46c64a5da7b63ef5c7700eeebb43a498,9bca667340e4cffe6d3819830edba40e46a56bb3,9bec794a0225bee87dbb0138ffd0c3e6b15b49b0,9cb6cb3e31619e9e52f2bc8bb8ddbb5f2d9ff2ed,9cb78496c762816ab1e118e77ee34705ce08fe8a,9d0991779e20f2bb7cc6afe083cb8ff2dc1945da,9d511fb56013f9b323df35ab190183804f1fe573,9d6100f727badae0d4972eccd0d027b14a6804a3,9d8bcc54f36cc14920a27a48e4a173114f747b13,9d90e298fc92e5baf98b619cc11102f7846399ee,9da835986a1a2ce7e69f45245febac78c2dd2ca8,9da93481208315519fc83c19e6f62d90bc45ad81,9dc6cda671a0ae8c9f9bbdab425734ada724ef7f,9dd17550059cef3de0be1b0adaf7ce46e51afc54,9dd263405647275d09224c72da04be86155f7447,9e266045a4921c5a2d1aa0029c5025218cd70ddb,9e5fe1d877d293cba7a3a5a7b273544e74abd129,9e634770b9c017b3c435d5d2517c950bef9cb64f,9e644f29cb718434f89c298d6a423af16229156a,9e6be82e9b9c84abeef975b749b56a5194df11e0,9e7b0f32cdb244d49f6c514a35d29cf6d29c36e1,9e7d2dcd8aefc77a8739dbaa573141f5c45aad6d,9ead800d1230a8cca7655e6e2b88c87edb98080a,9f1e8e954d012127622f116ff832dff85ff4adb3,9f3d85315b354bc9d366b33d7543f0549113a95e,9f6f264602ce714a5eb1e6016a6f490d59eacc94,9f9b5b15e5f582bdbe76589c35273d16730912b7,9fb729da68fe13775bf0ccb331fca53812498253,9fdd9f58c14987e0e2379883c308d38a5061d2b0,9fe1b02e610646d064a7c3dd0563c44f4e2e9c6e,9fe71541374cc3251280d49217a6b17f16ea0c04,9fec8737303e8f457223e7b0694ad819c76125bd,a07b7336be9b27735e69e688f620315c87553972,a0892f54bc948b85e2c4e438295a49aa01c6a9b1,a1553a401b531a3092a65d05692d5ba0eedb5a6f,a19431c12eb846473e2ab3f63134c0b59a259277,a1aca66d8bef4d11fb2d47971475d6ca33a6acd0,a1b0f7342b5964e02430cdf7793ba3074bbb0ce6,a1cf4f79086e0d2af90b710db771b523144db831,a1cff654e5d52d017feaa422116f36d361a7ffe2,a1e2591b5cb79831b5ce368451e5bb973fc8a9b5,a1e849c03520770e506ba2096fb4503bd666cfdb,a2013c15dab1acda4020939be95de4ee5ccd12b2,a2028f1bcdc5f4e503b60dcb1e34bdb139ea9266,a216f51bd7df1702ff7f7eff92476d809bede079,a23dcde8670c48e95e3474b795afae076e69ae55,a25ad567e30c1f5fc7ed8fbfb3d9f63353576e85,a262d58f8fb381a4df214b4e55486b094905d1c2,a2c5387e5d408f5fbe85c02522bac568ba205930,a2e0c7bbb298ca8780d9a631b58e7efe51a1a23e,a33b07b6551d186ac0d665d4d770ebb5ff35a214,a353e5c80ab8147f8fc6f416a9806ee089b26692,a3ce6428794037193dd5cc5f575d42b50489f6a7,a3f6df850a37a8929e192d1054fd9584830ce368,a3fd5a2339624694c9ae9f31707e630202da5d8b,a4018daf92873905015c399e867faf146237dc69,a40ca6852a77d02f0063cfa173be1ca2add9708c,a40d79223eda38768992d63d96db9a15d8a95558,a41dc53ceb41b824b56e8f1433cc06e08cea2ef6,a4977a70d350f06886a9ab52f96fb751572fa67a,a4bf02b6430ded9522714b9cadbca573ff873428,a4c031fc5d908ec835b046055cef2279744b6e42,a4dd0d4ebc33fee9bc7a0dcde9a303359b12d5b6,a5198da16160710ab3082ac7ee4fa3dedbbaec2e,a54f75015c721a38c9e547f629120b9b1fdae80d,a56ca09dc7e8d28049656f1e7c95e35e721f270f,a586f4ea1071689ee402f2dc898bf47a98c5d4ae,a5a83f83d561d940b8ff413b0014eeff2720bdc0,a5b4e819d7823c6fab0c20e15741b0803fd6cf76,a5c41a5fa5aabf67d90c4c0f9e54cc4b98f693d4,a670f7d5a971fde8f9911c09a76ad9375381ef9b,a696764971dcc608eff93d39879f482ab9328ad5,a6c2c4deddbf0abe79f44e6572e714cae8b3b633,a6c7721e89af83e91d56d0dd24ebe455b4f0d1be,a709126efb3972be4e135e2668482f54a1f6808d,a71f761113a77fc3c7e3e266dc1df3d6f066408e,a7433663d66e62ae8cb8f85999188f4a9e5d50f2,a772395b665bc732a63e6cb3c1701305fc2e6d06,a788314d1d6cd4be78e96a190daaed9311cf3387,a78e0195854c4694d751270d9d6dc37e1ed69489,a7953d377120fffb246b9ce56467162b1a43c60a,a7bb0411dc00c75b387417f405b9488954887979,a7d405923278341971db91adc33a4805b200142a,a7e20a95d26cd4cec87dcb5c7d4940745bd7d5b1,a84f0d68e15df6a699242fab37efa377b4f67b74,a84fb89679657c6e13a0e8982eddac3240f6eaba,a8620087e357cb8350bd6c2edaaa9b4ec1d763f8,a8666207e984bf847b9b7669edd15040c345a17f,a88b6b1695d3a1b82ee65c03dd4d6e6a8365a2ae,a8a4edbd1794fedeaa3d98d0b4715e274a4db3b7,a8f7036149da547d3a085a930486f3d3797bdabc,a912ec86f183acecbeb7daee3855f7a97c1220c7,a9188bd6d4826153bf3ce109ce885043df9a1560,a91f0c6271aae4821adac45444e4aa33b9ebc788,a9265ddb321c5c56914a386da678a8e38c77902d,a937275d56fcff343b9527e50dd996508fa09528,a9804f8f4192440a1d4c8e2fbe67790eedda1da3,a99cafefae22db539e0bc8d48d489fca561851ee,a9b3342b9728713ab75f3975c9d13e5d63c87546,a9b3e58200040ad9abe255ca04267e905265d206,a9badb89baa53a1da16d8ad5a8e9c8ef2891f890,a9bc062ccff9b3d66053a2f18dc1c3e2b292cb4f,a9e4ab5e87ec0963c7af951faed6e99f4c65964b,aa39b7da7c707e02fe6eec590eb60f36fb4c7cb2,aa57a8509b5151f0f20efc36ce8292c9244a3234,aa6e3530353c1d593c224e5cb320157cda178e01,aaa37c9f565d25452a556680b47566480ea8935f,aacaca34f1dba957959752d589471b0ea8d4af8d,ab123911ae4ee684d7b446bdda85bb49bc2e31d2,abcf377857edd1ac99f22729a8c47d8ccde992c7,abd0f1b6ae1728878d7933bc43465d61aff879ec,ac5a5196f38c938da03a837a8bf83d11e8ad2d7f,ac7f53c9592afc79083f12a7370bac2244abe5ba,ac8ab5483f67e1bd4060dc09cb52d023904d5027,ac9ff6e93cf26f8556f399e8cdb7640e0ebfc717,acdebd789f74b5520476bc0132a16c5abdbb16cc,ad36519e2f172422f93f6b0c7ba54db4f7e92f91,ad4d36b368d8c63dd3a6cbd9a22efae2d09acf28,ad530ebd9a2f5d4820ce10231ffb2c3b0fe5a57c,adcccde5fbd9eef1aa4a7bda5f1a803ac1293469,adec3be6e62ba9023bff4c1e0d2f1ca92493828e,ae15f9e65afbdda6521d9829d3c709cdd5d872e9,ae1e1e7957146ce6b7dc609e212a8122a7e76a8e,ae4d0af05f54d271dfa155657fe5462d07e6d85f,ae55dc814360a8316aa8698710ea41fe9f445551,ae684fbeb3abf6e27b6299fe41951dad36a068d9,ae80f774d143f3295615fd2a336ef4e0828a0380,ae978d948ca4c00ed6bd42b5338f98de964664fd,aeb64149ef2131580cf2d93d4f7f99884c7ac978,aef50eb76ab99af5f37b21e75b6bae7378b11492,af26989495bd86bae6e0ab9797875dbedfba2eb3,af8408ed09793e66c6740d8f694f79eafe4cc326,afa6e9da99fc2da9c5dbeaae8ad48b0aed599894,b00561da6843902f6b2ccb39cdd7213eea560f8e,b016c7f049ec6e67821cebb7562d0a70749d4ab1,b0308525193dc80f3b919cd8abeb74f5923da938,b060d80d96678d6ff16afb03a0c05124b4b66715,b1060879fe25fbd476f47ca8ffa13dd92f699385,b17b7d20cc74fb48f9e1fa1257512cf89805c757,b1bf9629c7f29fe8b8e43c42123dc5a163b90a26,b1da35d90cba6c13d65d494cfe726796b3e2c6e0,b1e4c1e1a7ee662905bee0306f976e380a2ee9e8,b2267a3a7bf6152b6468625445f8eff8d582ed9e,b299eab3e913403d50871766946d897a39b84aee,b2a3fa842247c02c5f9218b2af42c06b33c97756,b2a840cfea5287395fada058457f3811a730af8b,b2ce0a324dd9197bcfc43d12f3e52aac6b55e48a,b305f888b719d44781ffb86aa01d830b8556399f,b3115b17c210456c5dd75437885f487dadffda79,b3131bf4878a1e352af67f544e90863f6c5cc737,b327e036040e1744632b1c93149226018fa3f30e,b39ffbd0cb4764a627668ed78b8a5507c5bbaa8b,b3e2e53ed6bf10f49dd97b246344e4517f655c82,b410fa869aea641f0fbc343b86da4cc90b24402b,b4418f81ff2707bbd28ee47cdd59888c6d022d92,b450e447a98e9b0981181cebbcb28e4790aebe66,b485f070944ce29a6a524cde7670c369f0365112,b4a0d174972553450b41cac67347819071415d56,b4eb798c322de1c583b16d96b0d1631bc928b0c0,b569ee0fa3fdfed2da30a27e5d56846d36faeb04,b58b9c1ab3c2f3dcdd15979dc597fb42a4c0c4a1,b59c223a08fcf9edca88190bc32ecc12d991ee9e,b5c36c628d6d208ea55497132d75461b9b8a675d,b5c8932266b9b2506cdb03c087cff1e11afca874,b63ec3f6743d121562ced2a777cccfb0e0e16c06,b646b3a075b20c52ad033d334036361daf21e4b8,b65048bd4d2de876c86f8772a7a7b42ede38ca1f,b66d89221fc2ffb03bc132f9860e3cbcbe77e595,b6a8dca9fff38a0670721f3020fdc12a7a02cc08,b6a9dfb866fafa55539c6bc02777361eb949a65d,b6b71c15541a93803fb4915a786829d59ba72859,b6c87a7acfbdb7592144fbe9d8466676fc133a8e,b6cf17c75ab244f8b2b436df93b10d0c7d580b7e,b6dea2bc5305740aca167a4a117851a95355a856,b72740787b58bd735d63aa414c5f37a128ebf32a,b73959a4e1ea6ae92d10d5f83b1b34119e90324c,b757b2a38d6dff0c7701ccf1404af13ec6ce2794,b77cca3e117406009d69394147e2cd03f13bd855,b784774dad0bf3c7e156f9a44894dcbf45e964f1,b7c2bd26ba6dee0758b1f4a4067296b96ac92661,b7d5f3b21c3190ea0e77658ac9deabfa7decaadf,b7d641a841cddc60c9dd0de796cc7acd99caa056,b83a609abc03f3e34eb4e9f840e6c5df6174e39c,b850c5a826e3830eedca0b33035e3ada4b3d9ba5,b8669c9ffbfa2cf2b01522709d9b4f9016c56959,b86f6adebc099827194e7c2021dd686063853816,b8954544f465d8d266ad2c778414ee2c9bce5b67,b9ac55ac0c1853c62e9f104f92427e191df18624,b9aff7f372d80a4ac7fc24f12a7ca54f2275e8b4,ba3e9807a4de402bde3f3aba2f171b257524d4c4,ba56806bf0e5589ae97932910d387e2892f453a8,ba73b9cd417765156d138c5cec211b1eaca868b2,baab7a4b60da504419b7b15026a20d9f435a86c6,bab51b5f0cd1807a9ff4fd7a052a371d6af26b49,bac684d0fe3c67d9ddcf968f5f9fd35b5dc3989d,bae4caf8a641227d44e89b1cb107294b4616fab0,baf508a9633bd3c53c5fbc3900dc747482d31072,bb068720e320f04854c5a57f7c20a1c4ab17d462,bb3a076878eb65b633cb8af0fadbea03e2a8098d,bb6f9b2d8684c0d9766c093b663d499cb7c90ec7,bc9d06cdfc691cf96874339dfb52cb87399a9191,bcb0658bb7cf63d76fb5bbc05081db2d7710c1b7,bd02f73d0c159a24febc0f3b837098a73fd108d7,bd04654bac8762f1307552a2f9220e2d11b4c047,bd06f32090e9f6e60652882170e993f98239a4ae,bd0916ce160eff6b593db384e12f41444db18c7b,bd353579d165f94102e875c03dd426a06954ccef,bd42531ecc0e24ba2fed6e9e792914bd0b4ad54f,bd5635751eeebbb6d62755a3f31e1ae74a6cfe91,bd58a798b3d16972103e2f03238a6b0e0e5d96d7,bd69ec33b481b081dc864a1d562e91ac0eee855d,bd769b8eaeda7bbb91ecd6e09f9de25e11fe4cc6,bd9409b2ea1016fa3a966972bfc3d18826fbb9d4,bde84ad6878668241b187ee5601c5a951b0e9c2f,bdedc604bbe364b8c25817a9eb0fa2064c7ef7cb,bea20b93ffe8975aa72184f304aa69b367eba6e9,beb65bec608d82efd71385d0ba9ded753f655a56,bec43f879eb086d87b489ae016fe798165e31333,bed4fc5fc1788a762878fc1b947efd1945031945,bf66ac49cb567cda3f590b585d27a047d23d6a45,bfbc69bef7cd93fb9c20ff0081ef013e88c7c247,bfe8d3ef58d62ab44330e4e363ca808931f0617b,bffd805eaaaa92cd73ed867ef18143405cb27a72,bfff38c62ec88a6ec06bffface72bac1d2026334,bfffbffec558be00dca43add869ce63adb447e52,c035810a6d85bf5abb23c164c123e7a8135a41af,c05e1fd064ce00b20812d7ebef9675d61c79a6ad,c05ebf163be60bc4a6f11b27d4ae14c80e10c3a7,c0aa494016ad376caba79d8dd46a58c6a118452d,c0bd08c816fe296c70c6ab9fb926ce022d1ffc2b,c0c844370718c971c440d82231460275c58e55c1,c0d3ed8f86bd3ff7fa0797302ade0bdbd0cdbcd0,c0e5122aa1f740284c41d9ee16ca1bb848d6da69,c15139158512a39e700a5a7e06c0e02307d4161e,c1777cbf39ca23c3ffc768081b491b485e9a71c0,c1c176021600cdd1dcdb6cef66a1ff52e08bfa03,c1c6eb452733eabeb6068ae9e3d20cbd30f30cce,c1f9f236b9c3c5e0696d1e5def3bbe599d2919ba,c203f4570ad71f88e1f409173366a4a96d94f482,c20509445c0d1e4845c465cd8ab6871751a838f4,c21f913c1db81235395d58d36fae7a4460aa413e,c238de06f1eea5f9abe1ab738e1da361d5f9633f,c27733302d2e00660ce6ac49c07796ab36f17f59,c28165e33f9ae9e40a6ca1f50d4c4490f1d3cb8c,c28dc385d84bf50ceddaaf43eba7575df8aefe99,c2c95ca924a6aa05861f9512322ac74c1846e3c1,c2caf9ea9b5774b6da9abcbbd0f205851ab473c9,c2f9ba3c5b3bb0d9de2f96b3df3dfec832458792,c31e640448f3925452b099c892b000d3b00f11b8,c36d91affb5dcb89e9be3792a93dadfd914453df,c36fb535262a61eaca5b9f83ee76bfcefec9f539,c37b56a6a86428c645b93b7eeb5da190cae3b8ef,c381acee8eebc013092b210d36004b417a360441,c38dbf9525dbd2b47bcff33aaf8d1d658b2d9a07,c39a7bd69fb4ce248edceb04f06dbfe0ef8c5426,c3b38f7adba46b6a52a38f1e30ade8829e3f56ba,c3d0979a92352e1407ca413d815679a673d40106,c415d0b2af50df99b8662b2ac7986a88ef6750af,c4219edb642dcb02183264b43652303e2a3851b6,c4416ef071a55f47e3ec823e579b06aecd953a37,c4dfa96d3af21346e267890058f7a18aeadaeaad,c4ebd5b5f4d02e3ea38f7c1fc78c763b288884dd,c4fd7e40c3d09fc81d2713543e77e47c4bb4b341,c5310d735cf087f761a6ddbcb74edcb3c38e7e45,c5617a449d3343bd8fe76a5a62fd34a511250bee,c56c6de1db92bfabda7bbf25ffdade7ba4044227,c5faed57fb50de2b66bf0b9066cb4d336e619abd,c61cc00806f38f2e4a915c1f27666d6a496ed278,c62197b7a3e4d5dc702d55d146362491f83c7c2b,c62ebc19d1fb241719d10d0989a8968963d13289,c63052e5cfe6098009748fe5d6032ff72c2688d3,c6767f1367cee99e5313467c464d34872dc651ab,c7469ef8cadc8f879c666bf373e86a51947b2195,c7500a36cad97a1145ce32ed621cd480dc2c0108,c75870e69903b2228dceaeb20e37ae8885cfbff4,c77297c6d6f06243c7aeaf89eded10b119cb3226,c7e225e5d8f3e9714a1bf00a3b982d855057929b,c7e38410c0d0320b5a70a0531d4fb0ada04e785e,c80b34cfcd460c6f5b81b3486b57c7b159d6c5d6,c8218a20107e74f8e3d4d34005cc9dc5b4692796,c859a98f53a1ab4e640ab922b9bb6d88f3dc5f66,c85ae17d0ad2063333b940339b375a7906915230,c885098efeb5ddfeadec88c9592af682c5262d35,c88d293c4bdaedc3928b8d78f0dafa3bb6023eb1,c88ff3477ef5492d51dc4b62574bbeabcb8a1133,c8b70554a6cfca16a9211a876a08ea02ffde2e19,c8c0fbc79058ef5ab7839c5cd0a2b759f0498bb5,c8deecac535dd458d2a31b5b25b00ea3949a26fe,c8f94936bee4f9c07a553c6b5552cfd9395a0f41,c904048ae11683ef82ceb2af4b2fcb67b7cf4737,c952e92ce67dfbca693a3be7999eb468b1bf39e9,c9aabef4d8bc3a047405485c525600cc12856b51,c9c9acb615da80f191dd3a1262d0aa06de3fea33,c9d5fdf1152d9e2afaa811d17a86ff1376328229,c9ff324f73d7811c3f1955ee21c6ce4897306880,ca02f6b526c8b299f4ded1f67c60f153ce95a5e6,ca0e053eef1b7b0673e451546edb32b1f42ff19b,ca1008a7db77b5bcca4974ec8158272aafcdf6ef,ca7f60165a8ec29956e95e85ecb2182344c13a5b,ca85f29c28c0f5bb94c953d8097681ba873d1382,caac7e8dddd3c84b47a4e72475df42ea1235e3c0,cadd5166a2d24d32243c52e267e4c9ba4bb0439b,cae17863c7de8ec557042686e3ee68579cac4ce1,cb1d9fc5d7a4c95ecfe90621fd084e046e14a220,cb5634b01115ded4d91fe13edc62e819ab3bcf81,cb570cb06fe35a220b0f7ac1d3d852b09ae22560,cb5eeec26d5a7f771d8a0f1e7c1f2a3222c06d61,cb74934dfc66a35650423fe7ba6cd3bae1106318,cb83e636cdb6fdae175065c2b62a2675fd76346e,cb880d1b30f7257f5a7a1c52b61051ccf1243592,cba055f42c3f69f1a8d5885f792a0bcf8bdb0b13,cbdfb17a480b0b11d6824679a5a5bd245efd6f58,cbe8f15fbb2655d26e5d2ecec4fd83b55308291f,cbf2fed42a8ef149c317a2fef8284c21216b1421,cc17e21c7b44865e68cb91f578eff8ccacaefed8,cc25fc18fb759fa66edf733f27998e0bd4a5efc9,cc549c03b290321555eac348b8646c26e7833690,cc564f1644b1cab33af0bf5d502c2ccdece4f87e,cc65451a2a491ab70e9587e8b5e475870e6e9264,cc6a6cf8b00d0914baf0ca88bee07970c50c9fba,cc84eb4ddf77c4faac81539718538a4a1a6d10e4,cc86bb7fd2bc06082c9af42492ef91464e846fd6,cc9cd459694bf32c887cd3a144f5f9966f343e9a,cd3935e2b7fae91a72162074cf9eccfd0ce2d041,cd5d9252047b55bf90b21555b09ecdd616b80c66,cd76c0e1b9fd6153e468905b55f429a3f8bbc998,cd7fc810d513115dcaf07ab64c1b77aac5b20552,cd9c043fdcabb681fc0bef36e3f4af9d708180a0,cda3a166a80c3bc29477b2bbb6ab3f910dd7d6c3,cda86557a5369af8c6d84def72a8eb103faa054a,cdecdfc439921bdff481f4570973756565af434f,ce009da0f127faed695ab852987294b006f80e4d,ce1bcaf32b9d46f4bc6bafd65534dd941fa8f5c9,ce2f2c5a9784a1a7de6b323a6835d931579e772f,ce471c235c0600c7445ffc20db3af3765d222a9b,ceef73da15deb074fe2483b89e3e099f875967ff,cf190606e25194976231c786ee7f6c3b1247ecca,cf1a53f792e10616b0529759de83663f59dfb97b,cf373b802523652812fe35fc8cb73767b8f7b273,cf7f11007570460f3712409d9540bcca676bd33f,cf80863eea66f9dcc2f54deba2d3739e66a6a1da,cfa02ae545db32ad545763516c5177012ee8ebb8,cfc9e5012ddac7a02154f7a012b2aff5b1993b1c,d06adb16ed560c4d84af4bd4d8cec17b5f9fa8f4,d085f15c74d95d22b6cf1cf336375ca1d9276ed2,d09a8397053ac53e9c068ed91d0f765faff05556,d0b745f000aafb311073e4195daa11f839ac0094,d0bcad07cfd33918c84d4790caaeff784530d94e,d0c335593b10c3c970bd2828fd6e8fe597d7e720,d115516b6f0926d591e9bae72ecc5ec54034a9fb,d1372cc3f1c7826782fe452d62828e6cae929be5,d24497487683e6bf80bfeba02eaef943bd0c88e6,d257025acb0c9076999c760a1bec7bf4021d3a3c,d29716fc9a759e41e9a9a8317ca29aa21ec147eb,d2b0a6df2aebf808343870f743f49455a4cb93b9,d2f8dbe06ac9114a50de4525cbd60c628171f29b,d342f36436f8867830e427d87dfcb569f808fa93,d35091508e64a450447863d6beb5c3d0e21fe11e,d3616fa4e0c4af48e285638e74588ea06e1af68c,d3658a490c5e0dbc8f533bd15140b297f35c82e0,d37dda22f773c4ca95f650d64fbe64e5ff512c48,d3908add1b4c01e28040d85d6722b13562a6e57e,d3d86861e0ee30c0c95b66899ab248fddc8159a0,d3feb9a71e2d451aac6c3af3b5a84432553bcf6f,d4510d9a31c80d4c55b85c9155b10b46a1ff1502,d47d5033d91a3514073f4b43e60036037bc8d017,d4ade4b888402cc1e618ff6c6b72089aba96fc69,d4c0c7d80e67342856535923daac2de264adbea2,d4d64a0818e2194a639c74b27a6e8c3319c96412,d4da81da189f224e114daa227e49edc21bd545b4,d4f29adbd555f4c1bc775c78e54d0968f58be251,d504b5d6c7956030a519ca0961c288d576697744,d509d0cbee02b8e4128e4e869c15a25acfdafd71,d553f0f5dccade5091c791e507b5b084a96c5277,d581aff5c1da7529c17eeb321101058f5244e52f,d5dba3c2c621b9a96b1bd483546bd5b768163fe0,d5e53459ffb66631dfccc6548e37d3cc1d2fef33,d5e942721beb46f195fcbd5f0aaee99b38592ef2,d5ffde39a28b7ce93559d121f4726b891c8ba55f,d604a46648d30bb747af61bbe35b1d141841d3ac,d6083f62136bcbd72d9762cb41814f51c0641cfa,d60ca78d46b1febc9f18f4e9a5d54cce76d88f6c,d61881d01a474bbb0120953ee976fb2331ed019d,d6357e7f63fa909121a1c48c8c1964928cf82bdc,d660a903cf14303bd9467521e1c0b35c0f2de6e5,d6dbd2228ef763f9674bfa5af7566667e3588435,d6dbe5f0d6588a944a2625ab834a9efe2632e579,d70faf320a087a5bc8b9f57c31016a05338e90ad,d715b865365c277c73d7b66bbd6aea66a49f3161,d72b69f98f1a8fdd4317cd4166327bb564bd47c5,d748941b74fa7234982456ac7683e73ac05f7a62,d7be136749200225f1bbb2a6a4378670c6df0294,d7c10d79fa50279b45ce51a65aa46f8561a2450a,d7c19faa5f7a17dce56f444918c2997bf73fd3de,d80f260dbdc9fa95a4113eb4b154149660a5c660,d8142b56c4a0065d80f1d6736ac99935f789e093,d83a78dfc9cd61ace2b4ddf12190b32226de5a5f,d855d2009abb20272b085c3100a7a9f363b71963,d85a3c80c31eef6dadb7aa1fabf361d9eca16933,d86e15db80620d1361bc4b43b0ca829cccb456a2,d89fd3e6c25d46147f694d5ee17bc7688e4e7730,d8a04dd6cd846354a28f66ea4b81a27ddfbe3f9f,d8a841c9c11f0f121eff128289f252298e17524a,d8c487c5a81ff0540b69b25bd8eb57a52169cbff,d8c8152161f110d2368c3c1ca210fc7febc804d4,d9215343bf596932c5f45975fabd23b2a933ac1e,d9287fd6dda41e40f43ff006c24994cf22de6909,d93d1e3a33ef04e552e0e5c8120373af0ae6530d,d94cc6d9e6894f1db2ef78ed7d08546562ee5dd6,d94f7c4d6bd6c64133efe57c7d07f21ea74384da,d958234882b932e88319938b216e023d31710b17,d963ab69ef43eae70c7ca72ded403b192ffc532b,d9db7094e841c6a48873a7361a9af9a4fbb1206e,da280a40b75815a4f8561a0c84774c43989f20fa,da4ee82df9f737c80df33e98fe248914cc5cc206,da9b643c7dfb4098ba2a7f0ae0461c11b4dfa4b4,dab16ca7d8c38b4f8fb2c89c340c1f7122aa8d65,dab8e3771da0988497af867da277c4fe7e8e56eb,daea1ee40275d42c167593cd2ceb56a34b0682a6,db0fc96cf97624af475c8fde4d8d13b567605631,db188d9c0766354205424ed14dae998888b348f9,db3448350aa79d7bfaac737e7e9658107cf47908,db39998b1d2ab935cdccea7ceb5e7471e5478bc3,dbd72f522b4f4d489e49bd716541107ed713c43e,dbd9918db0cda7bffd4d628ec2bdc41b8855a018,dc10e377030d6a5527b5577700354b7543e5d911,dc5018c4a4f7cade7afb2b1ccfb297c6f9468869,dc866cb611889fa17bdf2f81eedda76bc0260df9,dc8dab9bc90b1b7e0f58c3c45cae20e2ba877e01,dcac52ee25dca6da0bb97cdfb7292fb53e8c3a2e,dcac9bd4a0125b0cf10775b63a937ec46dd691a7,dcbe51ede60412389449048c029eea8ef40e8847,dcfd2c93694f0fbcebc2e70e9b47a3960d2c2a1e,dd1e5dae9efa5b53a91547e77363646045935838,dd2672526ebdc67410a10fc5c918a034654f79c6,dd61512fb7abd05c9c1f840d77e29d9eb7468042,dde6cb799a586e050255b05fbfea4b12637f4f46,ddfc76b7623e8494e8b90fb7ebd148d43a252350,de0f9c8c839d802d97c3e9c4c9bdbafed0b9e92a,de15b085a7248a5e289e2c7d1c094948d5792d38,de3c9049ce46774a5eca8ce8ff44aaa47ce0f670,de8a0643196966e8145e08674c6e89ada6df617a,deaaf9151f93e8c3451545b423f47bc4aa505daf,deeddc600b02efa878746bc95f6896628b005cec,def47365c40078c55a1b32f72e1683a8c9bbe2b0,df139d84d261f0f8b7f5981c7b6fedf2faa4b041,df23584405d9884e89f070d8390f1e87cecf5bb8,df504bf28ee5632e882fc8545c6d888321838e3d,dfb8c8a1d55fba546d89f22e6d8f96bd7737ba52,dfbf66d7eb1e2383df2da4902782104e6cc8a2e4,dfe5ce6f07cca0125c6bd5450c3ff8d1eb0a420f,dfece8fd2c5bba0714717ca98d51c3311424e541,e00376d4aef4ad3b2fbf68b3a428bacab15a8e8a,e005e7fd6a06c68af00b20075a059ca452a50688,e04afcacfbdc079fcad69ef44e58dc4f4638c056,e0512212731216762c12bd0bd9dbc88182335cd0,e0bb0a9cee716441838cf5819a5bd731497a2a8a,e118ed59903f2e4b5929073002238585a0514e80,e1727a262928c9002d281ba7ec8277e2c8d1b3a2,e1969862a9132ec0f7bdcfa1d5a10c463bb7f056,e1eda188c0873c50806c8524e6e5827a5a8165c8,e1fcecf6acdc03995e9f00df82c0278e6d0b8f23,e2362a2f36318314d812f547f1ae30779251527b,e236a3bf28238aa1d6be9ec955c93abc88d99840,e2438260dbd37bdceb3ea1abb133dd305bf7c0b0,e24dbe316522a4542a332ddb5935f74af5d1d0a6,e26362e3a5a82c81fef7a4ef8e7d95c2a1d45aef,e2666a32f1e550209bea531e730224a024baa8d0,e28780b477cb87d0285afe2eaaa98ff3b97bf7b0,e29ba2df0be059d84ea7abe0dfdd929af0efec8a,e2b572d5cb62f78027ddacba63865c6624a11319,e2c9b96a6b891fd30dd877cf0f8578437060c200,e2e4e008cd3614e64e48a72758732dc5b46301e5,e34afd2aa7ee5ed083c91ddad59baad380e88b27,e36d4f32f63eed5401b6f560f703400fbef151e9,e37a45749ede7f7b297495e7fbf6ca87f32fce83,e3b0625d1809e41388f987fd6697dd5f0e5bb0e2,e3cef9a30faa302f9d7c488d80d1ce133239e045,e402aea7432a13a0b3164229f4d8a3b382f4ab6f,e482482298399021a6ecea7ffc5327894807b139,e4a1d8d0730dc4a165b23576e41794375261fa70,e4ba09074a82654683a23f2523a4ca4dcb209790,e553e06c88a81503b025b8d5fa517ca88b4906c7,e565ffcc0b3a520abaa713b297d109bfde083864,e585b8f3a52b330827cb3c84056a94c29b98a603,e58dcec96d6fc2d29228116929cd428ecfb6d138,e5b80ab9b6df9aaaa0688f12376167462b47707b,e62d4fcd33f01cf0b64fca9939ad3171efc7fa9d,e658fc09c690ead8f0db45f13fca25b6d9cc452e,e6a7f37b7cc0061bcb67e9b1a2ea39b911959247,e6aa3662c91ac26ceacdd0378147f78bdfb1553e,e6cfe2a0a255c82bfdc44b1518dcb5455f851bd8,e6e74669815589c89dcbf36dcf5f488d1109aeff,e6f19543fad5cadfd9865fcff64b55bd139d3621,e715247c26b69aec16b3e9abafa8e8c73aab0208,e7281e9bfa8d8399722c68fe58a50699367ecfe5,e7649ba4b17eb9dac6724468c8232eca32fc4569,e77318ee710ff01d56f48b664cff47db8d81421f,e7bc7f26d3699c74eb96dc458fb7d98f5029cc97,e7bd8abe3b2dcda2d53e6b48639c106772071d55,e7e3529a89f8dd623761b960667b4655d68dcb3d,e7eaefc2240f39f371df7343fdf2fb01fcd04c22,e812c434d1c5ed1992ff0f6f3b93927fc0873805,e83058d9cd94bd45646a8a3d1c45ae3cdf9fc1fc,e8361d57aa2dd019e7f0f2716da700c64cb1f2e3,e88e6eb217f86f8afd6c8121329a1a7fcdf1680e,e8c74b30af4f2c6cec1596fe5ca3dbfa652e0873,e8f9df546cf17a27c0f527a3b6170cc17372a7a4,e9619f7d9e20e08c685ba4269d185280d9786fd2,e98d08ba460d85b42bd84b07feb5442dd4eded6d,e9a0339ee6b6d51c3545409a7777e3173628ce59,ea0c2843d919405bf2175c65264b7a65a0ac79e8,ea10e7168e18e0f5f739f980023219f81e68c595,ea2fc3321f1e6ee0f3757ec59fb414634dd7de99,ea66962cab3abbd5c37fc651c160884611eb25e5,ea97e336a6516e03d0ff793d47e2aaa5881a67db,ea9abd4e72805a5c5317107b6ca752bcbf5f7134,eb0349643d134298cde5891c64e9117b08e27e09,eb05709e747e53f1df72f301bc6fd43502b9d879,eb0fa1b3c175b44f518dc183dfb9fee038ae7354,eb38a27dc1985832bfc32dd403bfc70db9193d6c,eb7b918d4f939c447e69372f9e1b804e38c977ae,eb7ef1606dd284af170571ae19378d289f9e3e93,eb92680a330ca401628e0161d38fd8e285887a41,eb991d7bc467e64a509f383d10f0e2857c93dcc1,ebb411711a5f8ad235c92a498a1ff62bba5413c3,ebc9a839f25ce277ea8430824545cc3f227f3a55,ec212c7b0472ab92270326f5f0214f2d9bd114c1,ec2449b7c81fb206513fc58fc8bfb94fa90844ae,ec32d03c45258d8af0d1feb12cee1f2431f8ee7f,ec50bf2ffe9663db5ccde569f47790145d2b7c9a,ec54efe73b3a28e68116803a3ea5069510a29b9b,ec8e86b0a409734c7e4f194adde05053aa860e4a,ece888867a1d71aa2d7518991871c4ef99581a78,ed5df85f919147b8cb1a64ce434926355d8bc3d5,ed6cf91830103cf2b3325b9b91b5d24bc5039404,ede8a998a36ae0e23ba9f637641a2f0ac3174622,ede8be3574b25d392dd6ca6cb39e9c9635b07be3,edeaf36d18001d43c999f52aeb945537ec07e413,ee4c6f6baf339503410758bece4be5fbea889986,ee79fb240b154aceac91c7f1de9915ec6650308b,eea7287a8048ad23e186ae771f278ff1bf987300,eeab1200dac8d2a2d18c3f9f7955d123cd8f75ad,eeabdbce16e4176f3486aacbcb0b0ae3be3475f0,eebdbd2416ccb4a4fafc12960f1a42f9a16cbd46,eed47a113cc0ccc7087f1fe8cd3f0da6e1229ba2,eefb107f5a971ae6079f011bf9abc3a6742d326f,ef203af281ab483d2d9f14ac9b54c2dc377959ea,ef33d98dda135261db939aeaab2baa081ed4833e,ef6eee6259a6aaa6bec1a0021827290011fa02f5,ef7159737bb49d55d6e1635fa0ef9db427698b2b,efe5c176ca90c3744764b34eba0497e1fd201a98,f04bf14ca68f0acab5578aacad0802520e1d4520,f05821558d28d649186921a6b219e02a59febaae,f070395229441c135ae9d8d98f731b38fdc82a74,f0ae00f4fcc72a9c0816a743f29ffde84a69f9c0,f0b1fc963bb16a96d05e7284c94d077deed4508e,f0bf3bf2aaa4efed52753a3ea2ebf07c586677de,f0e30433cf405ed87bd713cef59ca178734bb3c8,f0f67c71622b77f78b4c43dd03a2eb464004a212,f196c949ca6c045587865a75810a2a2bdc9fb2cb,f1da88fa0ec7616a8d2c72c780ba20fe7273dc5a,f1de2350b3fe579dd37dd45aacc4bd225a0e7a17,f1f175912541a4764bc0e6721c5d829aa5481277,f1fae5847e15d28a0512c812c74a820256984349,f20d670c90320ff3861bbd4831a4b51b2c039c2a,f2364f81c16a321aaf2aeb1982a03af05ae8c30c,f2681ff0503fc9748178ac46d4baa17d22ace748,f26aa80753926ab2b23ec916e843965f17558990,f2795768e21140fb4be5f8f135eca227f390d9eb,f2b7ac5671f06db0e4779d8cb626ffabd187efe8,f2dd19e314047d0e94e36376c856349efdac507a,f3008cc52b6ac80fe7d315f24eaa232b93218820,f313b10a9afb448588352f910d638682a90bb0d2,f36f54f15f8b2132ff7d6e58913e79dd3811e326,f371c084be8bd39a673d1d1f3efcaef9b5997d49,f374572a5c5934d0a773e29b2e7668fea6b3cef7,f3cae01c18ed8910000dc0fe5a4e154c3b1e472d,f401170e75457d01158edf1fbb2e6ac06018196c,f40533145b6820f62ca6cae26895d85372d0d77c,f409e6e5d30a2f4da9c5d15ee927e5566f5001c3,f41346d5ff4cbad9bed9ed8c345e89f12e693523,f4242bd7653729da963f03e884ca62953744e8b2,f4701769e9e3bf81c3df46f3d3c273c728cf7801,f4810d638e30aaab9d89a2949c52a4f1fc058a11,f499a26dab4e8f3f20e60a308dc89b956d872b73,f49d976a235f2845394dbbb6f40cee7336ac0a4c,f4e8fe05bbc221cb9a159f8bbec5d78b10f821ba,f4eff6f6f36a194f9acd6ad2d9313376f139e061,f50279a5b911829fa985914d425d2b97bd4c622b,f531c1f4101e47ac2b212252a5ec2c4280151e56,f5468e61a8453e073d16c42655cd56ac73856196,f54c81479df8aaf2f7ae59f5020903f9a19640db,f550ffb90ad5a2b48896434fc0712102dd9e11b8,f565807d6f4c1923d2db47f10b59756928f67492,f58524782af98b69880b1239f925e7118fc8ebe6,f5acbbb1e7ff1e5d4ff137f6988d0b725cec4281,f5c54b7b868d70a8029af548034779eb4a2232c6,f633f802ec89c784a9be6faaa2006b81af659f71,f637a7f326c677915c9debce8f1074576fcef8f7,f63b9a42f8130c8bfd727362da9c0cdc97edeb72,f650837b983ff273d92db759b1f9a30bb399579b,f66c06123e0923a4ecded53a0d44cc41436f62e3,f68731fee6492a0b41e9bf6bed7fac8ee4d6ca2d,f69e71b048f5c2ba9c0b657dabd9da0917cf02ab,f6a8b5590d61d3cf9b80c7932cb830d93a34eabd,f6dd129bcc256af46a064e3f4d86d37b0ec036bd,f6e4b71b49f393f5e06c5ee707b7b2fcd772d7ae,f6f7b3c70bf092f5ea03442f007ceb38661b21b9,f731d7c919adc4510ccb184993f146a65972794e,f783fffa2f69600060ecbc1ede57c4af30091454,f7a8598a361319271d66952c9528a20f7a2f1662,f7adb21b8046681774c74e6a298fd610e0ead7bc,f7af521c6c91944eb1edbb1a382eae93bd7f7717,f7e31fc377f27186445c84f47f935f8d0aa238f3,f8bac92fc3458f97e562be605e6adaa7506ec74a,f8f9f022f33c7d44aee2b957a2d55c10f2daa32e,f92512b1da8a9a03d381f65cfe725e264af1fe36,f926b7e74baff7909ed4f407b0353cd468254953,f96839a1ba984f1b8e369cac51baf3d59da09b6a,f96a0a3a3ea37d1c1d77f890d43c20e276f58fbe,f979c11c975b5b1d865ac6751aa1b90a673bc8e3,f98aa9f040148d3325cb6a55f9360ba259c10c92,f9a1ccdf04b0c192985dde8d9bd7923f8604bcbd,f9a1ebe296826ca163bac6866296136f0f5bf49b,f9a96f87658a6b2f8a6e78674fc4a6243b9cc642,f9aecdd4a48847214b5bb41c5ba5edff9adb3440,f9c5c8320d1f93faf22683f923cdc2feed929dba,f9c87aa7fb303621424a0eb1c8e6910259dc9ec2,f9c8b2c9046e9cc78edaff9070f85ed47b522e8b,f9e5f448d63d3a24d6d807a620fc344a00077e07,f9fb4348e8bfa2549f5522eab89c060a322a993a,fa2db358d96a73f979531e3275b8d6d2c6462ed2,fa4ece9e4d6da6867424a4d4fec1ececfd10e9b1,fa883f6d928b8b2e2381845bc01706369293249f,fa8c49e5decc249c316a8c02dab399df636ed436,fa9b605ae7a3bf6d332496734c23252ea7d3292f,fabad05b4dc241aee950e90a3a8b28eb40d1fd44,fad8af21012e96f6d2021221bb1a79700930c72f,fae0113a09a8ef7019d34e5bdda091e2ea14da07,faf65ebc50537ffc91d2f69b160967c652fcb7ce,fb43c35c6c1611fd0481a2fd73d7ff1db7164f82,fb74bdb0e5564560139a261bccd5b5da634e925d,fb78c45782956c1c523a6fb720c9a4706d3ceb6a,fb87a2cc6fd5661549fa23d71e578a7f9a98cee0,fba16524b1c975603c94e1b56f323a8b166cc621,fbb31d63c04a0e24d03d7d1188389b1b9adff88a,fbd477938f1f6f6d24c901b8913d356da036ea28,fbdacc759cdc2835f7b1fff7f1d3371460250742,fc02c8c826e4117740d3e444665dec076ac997ed,fc37fd032870568a57b71ec501d531d29d113086,fc6632b4525d9c9f134f4a9c3aea8a47b759df8c,fc9e9bce2d20d69672c9dc91cd587ff280c0c23a,fcc492924eb347113a682a412102571aa4058b5b,fd08c3d886c4b3495d5f044b63bb2d31811e588c,fd2f6c05f73532bac05535ea7111b1bde2364c61,fd411cf14d57033fc2f10a8e89c780cb44b1e299,fd6e6837072f591bc899305a96a1d734b1590fe2,fd6e8a0c0f7a848d59af4bbcf085792b8b8c4fd4,fd838a174ec8751dd114261c199541df76b26df1,fdc82eaceaa0f03ac2c48ecdf2cab72b097b4e19,fdd2771b0d4c336408eb10e2d9c0be6d9fcdcfcc,fdeaf34fdbeaf621ce6f9611828e00af93c16751,fdfd239a78ebe4bf669743731671041b2d480fd2,fe00137238cf241a1e5b25a4c7059bd3292c5700,fe0ebabdc8996d4fe3dd012ed3a7f3bb91557b6e,fe3f0d472098f61237606c936d6a568694c96db7,fea361ffdee83784ba020c1ecec716b02dfbf391,feacd4da8e2570569630673344fb0b52f5fcf4b7,ff19968c0a01586ed449382629167563ffd608c6,ff46ffc4a79cafcdf60beeaf7104c0466a495b0f,ff5f2087f7f8eb9c749087eca801322e481ac2d9,ff791121db4c528972dda5ba2cff189f37f710dd,ffa5d94972a8d7302c37b2513b43b8157a3af0b2,ffcf6b08d20731918594af0acfc78abbc75bbb54,lcell_34becc60de64,lcell_613478602fe5,lcell_65c8897746c7,lcell_68e283d53836,lcell_7395d0b95646,lcell_795dbb420f09,lcell_cf8f21e80390,lcell_d10470bad273,lcell_d4202223e741,lrow_0038d445ff46,lrow_0c84d4f80f82,lrow_1ffc71a24b14,lrow_42646a08ec23,lrow_605c0b0c3105,lrow_65d9228556b7,lrow_66c8adcfef84,lrow_68e0ec1ec245,lrow_81cce54b984a,lrow_a6e932754ba3,lrow_a71a7dfc6b86,lrow_ba7c56824cf1,lrow_defb69374ac9,note_571c96d5533f,note_652a213b9f17,note_67bf5cc358b8,note_88d4b8452689,note_97a0b6bccbe5,note_d263d0a01846,note_df1fa48116bc,note_ee2071cf647a"
58b41889-ac8b-5466-93d5-5ff2a0a67829,PERSON_ROLE,안전관리자,안전관리자,"00ada21a2e668ce5bb13ba1d08a94bd6cb8b570e,07d54906c02656c4186a1b9f420a502f90c677a5,09f143c4f0ce1692714a73130c9d82f167f8e936,0a9bf20f44c1dd5858acd6230a395aa9ab7a8bbc,0cb31e2f847fc912736fe030c5158f334832812b,0ddf8e70ad70aed500416f8422696f7c67438fcf,21146f7223e868ed2aa4f5d88f24c6ae2ae238f9,222f2fbe05603e76c2b9f5f98449ce2ecbc2fdc5,238850e5a022b680b7bcda316bdf7310f59b94d7,2931820ee947ad70926ee16a3950675bab513e0c,332d27927cd0eacbab56835131f66676c7d3ca10,36f053c23444f9acb18c776de55f9451845dee19,400067a96e3bd3c071aacd3b94c4fa177ab00d0d,40a353d35f119cf7da66bbd6d2119f1f672a00bd,41c7348fce29c424c4a34a878b9923194a0dc256,49b9e209942106c935886f4c00a66b35af842ac4,536725ae75caa51bd3833e0d07ef9d4723584c83,54c52751bd93a60776a7340ea278700695d0c9ef,55f7e26ec92db9338f2f105c6d189af28424ccb9,596b53ab73364e5301da033e9b42bb4b73c210af,5be938177565ba979fc2ae7bfb40629104cedf40,5de6e80ce23089ec9779e00dd230e5c40212faee,6817029f501c5e850c4ec850da3be6a4028a4284,6837daff81975ec753f2c75203c79a172f01885c,6e4808acec4c58eae707ff03eec8ec9f90f80a52,73835ec48c874642d3f49e5d76c5e997a9ec9355,73a68b333053468c504297a3f4eac87308f11378,8123d239a57a100fe21842aa31c92fbf2800bfae,917be8f4b54586987ca801f4edaad8ad29dd7ce2,951ebc0a3b477c373739ac4c71e44ea41c088e6e,97e241da93dbcd805098ec476a18e87ddf7ae320,a69a83c897932ce34ef25e7b487743e3f1e4ff3a,a8749b926c0501ac371a1b93b2606829112267a7,a9188bd6d4826153bf3ce109ce885043df9a1560,b153f5c1be5541c009210e1aac53042ee4e7672f,b42238ad1fafb8c8e07301130d0c16515ea7c014,b4a0d174972553450b41cac67347819071415d56,c20509445c0d1e4845c465cd8ab6871751a838f4,c291ee3a2dacaf354d3477f6343b2a3291b3968b,cce26bca1f0758c92ac294051851f938a1260151,d56b658886aa8461d1f2e11cc43734ba5a64b0f7,d5ffde39a28b7ce93559d121f4726b891c8ba55f,d602b5eef7c4337a27676f2f78dc1b0b4813329e,d61881d01a474bbb0120953ee976fb2331ed019d,d8142b56c4a0065d80f1d6736ac99935f789e093,dab8e3771da0988497af867da277c4fe7e8e56eb,dd1e5dae9efa5b53a91547e77363646045935838,e36d985f8df39dc05bdedd3323b5fed7f453fae9,e4aeb04bf33d8d315f72b1f118b450c8cdfa6855,e89d654dae6d9e7ea04afa7f23a33e401e82e2a8,ec15492a0930bacb42f31048f26a72f3b7e064de,ec54efe73b3a28e68116803a3ea5069510a29b9b,ed323a20e7f4a40c211ff3cad3a6466cc23417bf,eefb107f5a971ae6079f011bf9abc3a6742d326f,f52e626fb32d147394f6f034ba1d17c81c0447cc,f88aa14c0586c88baf15f8fb2aea2f5bc9afe8fd,fcc72aa20d289db07462667f45ef931a44ab723b,lcell_0656b9eecd0d,lcell_068b598c46a5,lcell_08ee52ffa201,lcell_0990dc0eebc4,lcell_0b868812862d,lcell_0ce9f560c16b,lcell_0dadc8edd9f5,lcell_0eeca56d62f6,lcell_0faac90b0688,lcell_0fb22f5e8ed5,lcell_1535d8b86a09,lcell_1549252e0f7d,lcell_158faf4cdad5,lcell_1985b4ee67ad,lcell_20d01c07b617,lcell_22de4cee85b0,lcell_243f86e28b8b,lcell_275d6a3ae492,lcell_28320d804147,lcell_2b7f20c86ad0,lcell_2d327d26ee9d,lcell_2df4c7cd8458,lcell_2fa119e249f6,lcell_316d6ec0f880,lcell_329794cd7344,lcell_3540e9c46194,lcell_366a78a61023,lcell_39a5a295682a,lcell_3a4a7b5152c2,lcell_3dde66fe90e4,lcell_3dedbdcbd3ba,lcell_3edd8212bfbe,lcell_3fa3764c098a,lcell_4109f6d867fe,lcell_423f90f354fa,lcell_42ed5b5f1b1d,lcell_42fdb0239a2e,lcell_43c79cf1ddee,lcell_446424b1a946,lcell_45c5a36d5291,lcell_45e0a03b5cae,lcell_464b90baf610,lcell_4b1af77685bd,lcell_4d34d7ceb4f3,lcell_4ebb36c3cd60,lcell_505827217300,lcell_50f7aed7381d,lcell_51289c6759b7,lcell_51696b1eba91,lcell_52588dea943c,lcell_52d357b5e4d9,lcell_52eb8999cb80,lcell_5459554ba58a,lcell_5627eb7b396a,lcell_563229cd86d9,lcell_5662ad304ca1,lcell_5698716f6a33,lcell_56a9b9248f81,lcell_593517192f22,lcell_5942b2b66f93,lcell_59703316fad1,lcell_5c3954252fb7,lcell_5e3ff48596f9,lcell_5e9059c4cddc,lcell_5ecb66d717d0,lcell_5f2e247337cc,lcell_639fe3f033cc,lcell_6528b9eb2e1e,lcell_6538060e158d,lcell_66503aea15c2,lcell_66b51d6801ea,lcell_683a05de4ec3,lcell_69d339624116,lcell_6b14bac3dca6,lcell_6bb58505d206,lcell_6bffddda2beb,lcell_6c36e2e3203b,lcell_6cc538939756,lcell_6d545355010b,lcell_6ec9c99ac2fb,lcell_70a6a80c8921,lcell_7106f0415e55,lcell_71b0a9feb2f2,lcell_71c328145210,lcell_74c94c6e726c,lcell_75263fab6cf9,lcell_7541bdfefa91,lcell_759b3a49d8d5,lcell_75c6952f88ce,lcell_76532ca17337,lcell_78365a990435,lcell_7aec80469114,lcell_7c852e950395,lcell_7f95f3d35131,lcell_802412dcb65a,lcell_84394c000ea7,lcell_8500983ac684,lcell_86072472ea8f,lcell_863d05a17d41,lcell_865c43cc04e4,lcell_86a64c8509ad,lcell_8760231be690,lcell_8780d41e94a5,lcell_8ba3d8c4dd8b,lcell_8c82609c5522,lcell_8ed17f03954a,lcell_91216824f24d,lcell_919a0fca8bc2,lcell_94f99476ed40,lcell_9cd1202ea229,lcell_9ed88f40aed8,lcell_9fe7a1edf143,lcell_a1beaf8356a7,lcell_a1f47eb37db5,lcell_a311338e6e59,lcell_a5336cc0cfba,lcell_a7a22f9bbbc3,lcell_a7c6a2a1bc49,lcell_a89af76f0d76,lcell_a97d20de2240,lcell_aa6c6dff1a06,lcell_ae0c46159cb2,lcell_ae3ca81fe689,lcell_b268829bf0d1,lcell_b27b27b410a6,lcell_b5105700e9b1,lcell_b5e078396f43,lcell_b6a1093b2dfd,lcell_b6fc9a024fbc,lcell_bc519d5e4f84,lcell_bc6c135c5092,lcell_bdb4b07e38c8,lcell_bf7eb193521c,lcell_bfa8be5f3535,lcell_c1d052d1a57e,lcell_c23daca484ef,lcell_c240b21a186d,lcell_c26cac817a56,lcell_c28db3f437e3,lcell_c36e406b243d,lcell_c3e37b9c0a01,lcell_c5dcacb7f239,lcell_ca2bd1b9bc11,lcell_cad572df9d71,lcell_cc92c858db67,lcell_ce7ba91f1e6e,lcell_cf4c9a2f6adc,lcell_d0bd66784793,lcell_d0e1f9db5366,lcell_d2e3b9583f0f,lcell_d3143fe613b1,lcell_d39ae0b74284,lcell_d55bfb4a78c3,lcell_d7b6997de0a3,lcell_d884e5d6a4a9,lcell_d9aa369b779a,lcell_da5b19308b9e,lcell_dcdfb21b5750,lcell_dfb265b00525,lcell_e0061a6b730f,lcell_e0f629fa81b4,lcell_e1a667625e6d,lcell_e8e445485833,lcell_ea676e86970a,lcell_ea8efa72063f,lcell_ec18883b2cdc,lcell_ece6a82e2508,lcell_ed93a0a02554,lcell_edc84e82b79f,lcell_f412b2f4228a,lcell_f41a9d4e3b22,lcell_f8e2e269bd5f,lcell_fb921ac759f5,lcell_fcadcacbe24f,lcell_fce3d402239e,lcell_fff6a86c6477,lrow_0399130d70ae,lrow_0747aabccbfa,lrow_077f97088194,lrow_0782832b0af6,lrow_078cc04b0da4,lrow_0911a4417e21,lrow_094f83df21d5,lrow_0959a76d3414,lrow_0a6af7a85e90,lrow_0c60c162ee79,lrow_0d709fe93f6f,lrow_0e2d05fe7cbb,lrow_104f63d3198e,lrow_10ea9eb50a79,lrow_14d494764f78,lrow_17e6b5c3635c,lrow_193dea4f2778,lrow_1dc31193cd5b,lrow_1f21ea4dc6e3,lrow_225d165cc0dd,lrow_2362f14ca926,lrow_245d02223935,lrow_271809469b79,lrow_275090d6d61d,lrow_2a8dff265f45,lrow_2ce0302a25f5,lrow_2ce3e7f34215,lrow_2de8e2eca593,lrow_2e53a49509dc,lrow_2f76faeda8e7,lrow_3052a5a6bf02,lrow_35cc87a4ec98,lrow_3653cceb506f,lrow_37c7b444804d,lrow_3951d33df38c,lrow_399c48948023,lrow_39e2523c5c06,lrow_3d3f7548df1d,lrow_3ddf227d4414,lrow_4112de5a7b7d,lrow_460fa71338e4,lrow_48538962644a,lrow_49ca525103f0,lrow_4d38ec044f31,lrow_502ac4223314,lrow_5155a7488aaa,lrow_527d61450735,lrow_53015dd74f41,lrow_5562fbc57d61,lrow_55cdfee0c25a,lrow_57ec1c6128fb,lrow_5898485addea,lrow_5d85a363b5f2,lrow_5e85485f1def,lrow_616ae30f31c7,lrow_6232fd64b931,lrow_62a3e757c510,lrow_66c8adcfef84,lrow_684dd493bb02,lrow_69468984cc14,lrow_6993142cefee,lrow_6c5049bc1c1e,lrow_6f43e9b1f44b,lrow_71cd2034356c,lrow_726fa8b4759a,lrow_7348490e5bda,lrow_7500887e53c1,lrow_75cc137969b7,lrow_777a6b2f785b,lrow_7dd1032c992e,lrow_7f68129137a9,lrow_7fff12f14320,lrow_80ff567c5c99,lrow_81d4c3b03f59,lrow_84d9d896eb71,lrow_86b6c6c477c8,lrow_889801112e6e,lrow_8a1d950e1738,lrow_8bc0b3072015,lrow_8c815e0e355a,lrow_900c16d50197,lrow_907a5f3c4608,lrow_910e50abc5e4,lrow_91d29b8d7b55,lrow_949e76c6913d,lrow_95bb5f2aea22,lrow_963b9e884878,lrow_998cdec52278,lrow_9e83ce5e15d8,lrow_a11a4757c8fb,lrow_a1bd264fa4fc,lrow_a39e0fdd7da6,lrow_a43c7065b260,lrow_a701af0bd8eb,lrow_a7cda1891f1c,lrow_a91a88a183d9,lrow_a91f1eed2ae1,lrow_abf8f03880b1,lrow_acb50bb24ac3,lrow_b097deb7c126,lrow_b126b788779d,lrow_b12f68b09258,lrow_b15a9f672312,lrow_b47c4381aaff,lrow_b490a1ca040b,lrow_b5213749960b,lrow_b5b5f5689366,lrow_b940789c0f1d,lrow_bbedd25382bf,lrow_be153094e4c6,lrow_be4f3e06fdb3,lrow_c3a844ab3e4c,lrow_c42e0f2d72b0,lrow_c4fa04103993,lrow_c61416ce190c,lrow_c91d3ffc9a79,lrow_c9557dd55175,lrow_c974a8f2265f,lrow_ca06eca31604,lrow_cd0469f7c98d,lrow_cf62639417f4,lrow_d0a98f2e4747,lrow_d51ee24c329e,lrow_d521b2573b5c,lrow_d52c66a586db,lrow_d61e1c5aa2de,lrow_d7b8759ae51d,lrow_d7d38558481e,lrow_da907eeb43e0,lrow_df3dc81453c4,lrow_e0924da15aa3,lrow_e36e7b62fbfb,lrow_e4eb19b89453,lrow_e667cc4be224,lrow_e72dd7b37132,lrow_e876b070c2d4,lrow_ec631d4a439e,lrow_ece9c2c4a6b3,lrow_edf522e66550,lrow_ee04ba836550,lrow_ee7ce64ec1ce,lrow_eec94105b8f8,lrow_efc135b356c8,lrow_f597c98cd660,lrow_f7a6a80d16c2,lrow_f7a9ff8207d6,lrow_f821fc243a51,lrow_f8d26ba862ba,lrow_f9fe538424a0,lrow_fa9c948c916f,lrow_fb30a3899b3e,lrow_fbc48cf10e5a,lrow_fcb24ed0ab4c,lrow_fea5132f00f0,lrow_feb51c9597c5,note_3b12cafe874f,note_3b881c10dbe8,note_693da2d12c65,note_7a5fa57bada0,note_84c9995553c0,note_b1219031fee9"
d9dc28c4-551e-5c96-9af6-1fe69bc58ed5,PERSON_ROLE,안전보건관리담당자,안전보건관리담당자,"03806eaf40eb4df092fa708ec8563e850c3081d1,09f143c4f0ce1692714a73130c9d82f167f8e936,0a9bf20f44c1dd5858acd6230a395aa9ab7a8bbc,1799dca89201ffb34b146ebd9bd8fed1b7f1f1ac,222f2fbe05603e76c2b9f5f98449ce2ecbc2fdc5,25791f31631fad82fd785c796d05473a066dc998,3a75b0933fe0e22a5e23bd97667de101fc45a3cc,536725ae75caa51bd3833e0d07ef9d4723584c83,54c52751bd93a60776a7340ea278700695d0c9ef,5e6b79bdc056a5d49564f5bd5ebb2f8de479357e,6ba5f37a2647f1ebe9423f7dee4b5ea160bb6ee7,73034bf9c11ee0614985d59b911122d0dd3f55a0,73835ec48c874642d3f49e5d76c5e997a9ec9355,82b83222cf1c836eb3ff0243ba60496359abf4e8,87bd56cb05f493783c4b4da7509cb814e13013a8,951ebc0a3b477c373739ac4c71e44ea41c088e6e,aaa1f245c184f07588c00e99bc5ae870a55793d7,ae1e1e7957146ce6b7dc609e212a8122a7e76a8e,b4a0d174972553450b41cac67347819071415d56,c6256a62e90dc34e68512cea8788217fafbded18,c6767f1367cee99e5313467c464d34872dc651ab,cce26bca1f0758c92ac294051851f938a1260151,cfeb1d6850b203faf3ac9a70a7baa7c6e31e23b1,d56b658886aa8461d1f2e11cc43734ba5a64b0f7,da328afff0a79ce3b70a4ec4375234701dec03cd,dd61512fb7abd05c9c1f840d77e29d9eb7468042,e36d985f8df39dc05bdedd3323b5fed7f453fae9,e4cbd05f61378d5135f10971e2a8bf12f2bc723e,lcell_33e018ac1a2c,lcell_6024cf1ab589,lcell_a94f2a5cde7e,lrow_1923ecc1c64d,lrow_28487b4428c2,lrow_59771d9a07db,lrow_66c8adcfef84,lrow_7d7fd8e4423f,lrow_96e3a2277819,lrow_d3e281c1a5cc,lrow_da907eeb43e0"
9a16c3f5-9c8f-58f7-a4a1-925fa3aaf4b8,PERSON_ROLE,응시자격,응시자격,lcell_368a273a1447
335c7386-6f3e-5865-a84b-b507d0964023,PERSON_ROLE,의사는 「의료법」에 따른 직업환경의학과 전문의,의사는 「의료법」에 따른 직업환경의학과 전문의,lcell_b62a47fffcac
a2beb057-9021-513f-bdd1-eb9acc22e122,PERSON_ROLE,자격 등록번호,자격 등록번호,lcell_0dbfbba4c3ce
62730d9d-b736-55b9-85ec-7e08d780ef97,PERSON_ROLE,자격 종목 및 등급,자격 종목 및 등급,lcell_4122ed87dca7
6a789006-d205-55e7-b3f8-1b8376be2801,PERSON_ROLE,자격/면허번호,자격/면허번호,lcell_5c3954252fb7
d5c20304-26b6-55d7-a284-46d91d5fc5a8,PERSON_ROLE,자격기준,자격기준,lcell_ad04227746b6
96309c20-36f3-5b67-b759-c7ef98140fab,PERSON_ROLE,자격등록번호,자격등록번호,lcell_d58c5e00d15b
9df5a444-92b8-502b-90ce-61f3236e03a1,PERSON_ROLE,자격종목 및 등급,자격종목 및 등급,lcell_200563345786
84ba021b-4f96-5df8-891e-82e3fd780607,PERSON_ROLE,자격증 발급,자격증 발급,lcell_7030329b24eb
929e7f60-3109-599e-b15a-772bc2d6732a,PERSON_ROLE,증명할 수 있는 서류,증명할 수 있는 서류,lcell_32e70d075f84
68c9fdd3-302a-513f-9c63-3307ff5e9b81,PERSON_ROLE,평가자의 자격을 증명할 수 있는 서류,평가자의 자격을 증명할 수 있는 서류,"lcell_1983e254e238,lcell_69c4701a0ea5"
de830c9e-cb23-5ef5-8c0b-490687598956,PERSON_ROLE,한 사람은 제외한,한 사람은 제외한,lcell_ae0c46159cb2
c02c350d-82cd-5666-a308-d3f677d669ac,PERSON_ROLE,확인자의 자격을 증명할 수 있는 서류,확인자의 자격을 증명할 수 있는 서류,lcell_8b3c459c5b63
0e230e49-affc-5b8b-9f8f-88d334f294cd,SUBSTANCE_TYPE,"1,2-디클로로프로판","1,2-디클로로프로판",lcell_a528450e0fe9
fc28168a-1c13-5c71-8795-7ecc4dc56930,SUBSTANCE_TYPE,2-브로모프로판,2-브로모프로판,lcell_a4c2db51c52a
4b928c86-d8e3-567f-9108-8731a7bb8c05,SUBSTANCE_TYPE,2-아미노피리딘ㆍ아조디이소부티로니트릴 등 LD50이,2-아미노피리딘ㆍ아조디이소부티로니트릴 등 LD50이,lcell_a554f10379c5
c68c4f35-b67b-587b-aa39-79f3f1464b4f,SUBSTANCE_TYPE,6가크롬,6가크롬,lcell_c849186e8da5
ca24de32-05bb-59d2-966f-e9a149b310d8,SUBSTANCE_TYPE,"N,N-디메틸아세트아미드","N,N-디메틸아세트아미드","lcell_1aa26c22fa21,lcell_512fd6dbc9cf"
da3e722a-f1a5-5d4f-bb21-fb13b3165b5f,SUBSTANCE_TYPE,n-헥산,n-헥산,lcell_14bcab0c978b
525ff0ff-1a47-5baa-9254-4637b1899187,SUBSTANCE_TYPE,"① 조혈기계: 혈색소량, 혈구용적","① 조혈기계: 혈색소량, 혈구용적","lcell_005630a0e64a,lcell_0be3c8d6e314,lcell_28f5eaec6bb7,lcell_af051b5e8f27,lcell_f499ea1c53dc"
47896199-d8d3-5777-8b0b-73f4534028d3,SUBSTANCE_TYPE,"① 조혈기계: 혈색소량, 혈구용적 스토스테론","① 조혈기계: 혈색소량, 혈구용적 스토스테론","lcell_23bfbdd6e830,lcell_36bf239bd1e7,lcell_5e6fc711f086"
abc1c917-9636-52c0-be57-142864ce0c62,SUBSTANCE_TYPE,"① 조혈기계: 혈색소량, 혈구용적 알칼리포스파타아제, 알파피토","① 조혈기계: 혈색소량, 혈구용적 알칼리포스파타아제, 알파피토","lcell_1070e5482877,lcell_4683da149701,lcell_fedea4b6c862"
df6e15b9-cee7-5a4a-97fb-6e4d95098bba,SUBSTANCE_TYPE,"① 조혈기계: 혈색소량, 혈구용적 알칼리포스파타아제, 알파피토단","① 조혈기계: 혈색소량, 혈구용적 알칼리포스파타아제, 알파피토단","lcell_50a074323174,lcell_58da62911296,lcell_c05f042f4f1e"
f702842e-ea97-572d-868b-16bf6f0b04fa,SUBSTANCE_TYPE,① 피부: 면역글로불린 정량,① 피부: 면역글로불린 정량,"lcell_121be8866691,lcell_8098641e560f"
6feaa9ce-e865-5526-9ace-9237d390ec3f,SUBSTANCE_TYPE,① 혈중 징크프로토포피린,① 혈중 징크프로토포피린,"lcell_61782c3c8fe1,lcell_c6576c44b8c9"
bde9c346-7544-5410-89b9-d33b534368e5,SUBSTANCE_TYPE,① 호흡기계: 청진,① 호흡기계: 청진,lcell_e84b0ea6dd2a
f90eed3b-37ce-50dd-b7a5-8fa9eeb23c36,SUBSTANCE_TYPE,"① 호흡기계: 청진, 흉부방사선","① 호흡기계: 청진, 흉부방사선",lcell_2e538dcf20c9
a9790251-dd40-5c4c-8652-f755aceda17e,SUBSTANCE_TYPE,"② 생식계: 에스트로겐, 황체","② 생식계: 에스트로겐, 황체",lcell_5ecda360a4af
d972e7a3-c473-5927-8e9d-54e265406394,SUBSTANCE_TYPE,"② 생식계: 에스트로겐, 황체형","② 생식계: 에스트로겐, 황체형",lcell_9d264a9bd974
543ee138-b595-5d04-80ff-a69bf78d3274,SUBSTANCE_TYPE,② 소변 중 델타아미노레불린산,② 소변 중 델타아미노레불린산,lcell_e4d7c0efcf9f
0f6d5bdd-c78e-5a4d-b056-32df949f6756,SUBSTANCE_TYPE,② 소변 중 델타아미노레뷸린산,② 소변 중 델타아미노레뷸린산,lcell_155a3ae7ff40
66c06122-75b5-5089-b14b-511f2f4aa050,SUBSTANCE_TYPE,"② 피부, 비강, 인두: 관련 증상","② 피부, 비강, 인두: 관련 증상",lcell_a895fa681b8d
ac1e7e17-8ccd-55d7-ad7b-87293f6ddc5e,SUBSTANCE_TYPE,"② 피부, 비강, 인두: 관련 증상 문","② 피부, 비강, 인두: 관련 증상 문",lcell_5df1ae0bb60e
eafbd5aa-e4f3-5c62-8fff-6c6d44d82d4b,SUBSTANCE_TYPE,② 피부: 관련 증상 문진,② 피부: 관련 증상 문진,lcell_40a5e25d2602
0459a02b-1963-59f4-9e87-74f9ff6bc9d3,SUBSTANCE_TYPE,"② 피부: 관련 증상 문진 피부첩포시험, 피부단자시험","② 피부: 관련 증상 문진 피부첩포시험, 피부단자시험","lcell_8883003c3c57,lcell_f02c63ec88d5"
08b87b0d-1c89-53c0-805c-6967340004ae,SUBSTANCE_TYPE,② 호흡기계: 흉부방사선,② 호흡기계: 흉부방사선,"lcell_298710cbe326,lcell_860bbcc03888,lcell_bde93749081f,lcell_c8cfe71da04f,lcell_d32c84731b96"
51917947-ba55-58b3-9e3b-e9052c25e1db,SUBSTANCE_TYPE,③ 근골격계: 골 및 관절 방사선검,③ 근골격계: 골 및 관절 방사선검,lcell_6708eef4bc45
1c9834f0-e8df-58d6-98b0-60768c244ed2,SUBSTANCE_TYPE,"③ 생식계: 에스트로겐, 황체","③ 생식계: 에스트로겐, 황체",lcell_c35f31fb50f4
2a618f99-681d-543a-ba47-434c753eb6f1,SUBSTANCE_TYPE,③ 소변 중 납,③ 소변 중 납,"lcell_63c7ce88c38f,lcell_f96cce9312de"
ee5e98b4-ccf5-507b-b4cb-7e0e42beead1,SUBSTANCE_TYPE,③ 악구강계: 치과의사에 의한 치,③ 악구강계: 치과의사에 의한 치,lcell_2ada626e2d09
6106d0f2-cbe2-554f-a93a-038e0b0fdbad,SUBSTANCE_TYPE,③ 피부: 면역글로불린 정량,③ 피부: 면역글로불린 정량,lcell_db11855688d6
9e02c165-2c00-5b8b-821d-a63875c7dcf1,SUBSTANCE_TYPE,③ 피부ㆍ비강ㆍ인두: 면역글로불,③ 피부ㆍ비강ㆍ인두: 면역글로불,lcell_678778c351e5
5512dbc0-edca-545b-8af1-5013171f1dc7,SUBSTANCE_TYPE,③ 호흡기계: 흉부방사선,③ 호흡기계: 흉부방사선,"lcell_0a1f5e6d34bf,lcell_6aea12a1ff0a,lcell_c2270bb075df,lcell_e152007c1f11"
1e9b56ad-8416-5d77-bdcb-30b0020736c0,SUBSTANCE_TYPE,"④ 생식계: 에스트로겐, 황체","④ 생식계: 에스트로겐, 황체",lcell_54d82a3cbafb
5b451392-e8ff-5a91-a948-ef5c42460ee9,SUBSTANCE_TYPE,"⑤ 생식계: 에스트로겐, 황체","⑤ 생식계: 에스트로겐, 황체",lcell_8c67944020d9
4e87f5fc-dbc6-59f1-859f-afcc71ea434e,SUBSTANCE_TYPE,⑤ 치과： 치과의사에 의한 치은,⑤ 치과： 치과의사에 의한 치은,lcell_7997ec06c73f
26075330-6f70-50ca-a99c-0c3da12ff7d0,SUBSTANCE_TYPE,과 관련된 질병력조사,과 관련된 질병력조사,lcell_9f75db007d60
63ef72ad-343c-5433-a097-e6e4e9aed69e,SUBSTANCE_TYPE,과 관련된 질병력조사 작업 중 최대날숨유량 연속측,과 관련된 질병력조사 작업 중 최대날숨유량 연속측,lcell_28f9c6f7562d
ca2ee6c0-293f-5e9d-9c13-4650e2567db5,SUBSTANCE_TYPE,과거병력조사： 주요 표적기관,과거병력조사： 주요 표적기관,lcell_09fc87ff5b84
c9795f98-ee3e-5e30-9b0f-985755aafc59,SUBSTANCE_TYPE,과거병력조사： 주요 표적기관 ① 호흡기계: 흉부방사선,과거병력조사： 주요 표적기관 ① 호흡기계: 흉부방사선,lcell_dd0a2230b1a7
9ad40342-35bf-5cc7-a49f-afb0f62e3f9e,SUBSTANCE_TYPE,"과거병력조사：주요 표적기관 호흡기계: 흉부방사선, 폐","과거병력조사：주요 표적기관 호흡기계: 흉부방사선, 폐",lcell_bbfa54bf3f6c
e30c973b-88f7-5d1c-bc97-a6b5bf58bb9d,SUBSTANCE_TYPE,과망간산 및 그 염류,과망간산 및 그 염류,lcell_c651a1e2298c
8b785344-6e04-5c15-b1c3-50b64a86d149,SUBSTANCE_TYPE,과산화수소,과산화수소,"lcell_6dc77db6e14a,lcell_aac65ee294d6"
f777935c-ae4a-541c-a3de-b63a065ed46b,SUBSTANCE_TYPE,과산화수소 및 무기 과산화물,과산화수소 및 무기 과산화물,lcell_96a4622b1117
f99e7e85-1d54-5b44-b615-e59d9f49931a,SUBSTANCE_TYPE,"과산화칼륨, 과산화나트륨, 과산화바륨, 그 밖의 무기 과산화물","과산화칼륨, 과산화나트륨, 과산화바륨, 그 밖의 무기 과산화물",lcell_97740307531a
b46edd58-5300-5597-88a7-c986e84bba38,SUBSTANCE_TYPE,과염소산,과염소산,lcell_643374ae226f
46e786df-0e05-5c55-a6e6-dce18ca35542,SUBSTANCE_TYPE,과염소산 및 그 염류,과염소산 및 그 염류,lcell_d255dbc2f573
fd2536bf-edd6-5cf5-8d4d-25609818d742,SUBSTANCE_TYPE,과염소산 암모늄,과염소산 암모늄,lcell_f0ecb8e6462d
fb891512-aeb0-5ec2-8f95-6ce21fb05185,SUBSTANCE_TYPE,"과염소산칼륨, 과염소산나트륨, 과염소산암모늄, 그 밖의 과염소산염류","과염소산칼륨, 과염소산나트륨, 과염소산암모늄, 그 밖의 과염소산염류",lcell_15cd119a3987
f809e7c5-6c6e-57b9-b047-b437b3df09b2,SUBSTANCE_TYPE,"과초산, 메틸에틸케톤 과산화물, 과산화벤조일 등","과초산, 메틸에틸케톤 과산화물, 과산화벤조일 등",lcell_e0b2125ef9e3
e1902a80-fb22-5a66-80ee-f88a1ea48ff9,SUBSTANCE_TYPE,"글로불린 정량, 피부첩포시","글로불린 정량, 피부첩포시",lcell_ac7e781461f9
1ff56488-dc5f-59dd-a526-3ef2a543f1a2,SUBSTANCE_TYPE,금속 분말,금속 분말,lcell_04371651bbbe
2952a30f-aff2-56f6-aeff-94335d97c571,SUBSTANCE_TYPE,금속의 수소화물,금속의 수소화물,lcell_f9cceb834688
15607a9e-b273-59c6-8f86-affecc4a364d,SUBSTANCE_TYPE,금속의 인화물,금속의 인화물,lcell_2b7aae898fe6
ee1a38a6-9be7-5c24-9da8-82c61a2cbf56,SUBSTANCE_TYPE,금지물질 명칭 및 화학물질 식별번호,금지물질 명칭 및 화학물질 식별번호,"lcell_5a3e8a011fd4,lcell_fd102220c4c2"
de6bacff-8629-59e9-b63f-cb3a873fac28,SUBSTANCE_TYPE,급성 독성 물질,급성 독성 물질,lcell_b62d4c444bc3
f1fa02d2-f274-5514-b354-3decd8d64032,SUBSTANCE_TYPE,"날숨유량 연속측정, 비특이 기도","날숨유량 연속측정, 비특이 기도",lcell_d32b8dec5ed7
8ece74e1-66a6-5236-8e04-49db9ff87b9d,SUBSTANCE_TYPE,납 및 그 무기화합,납 및 그 무기화합,lcell_718643ec2866
0d830e2b-eb9b-5265-b0ba-f43e736bd1d5,SUBSTANCE_TYPE,년 월 ~ 년 월,년 월 ~ 년 월,"lcell_4b462228e06b,lcell_c1ac41a694c0"
fd935956-9735-5134-9750-d512b1879ac3,SUBSTANCE_TYPE,노말헥산ㆍ아세톤ㆍ메틸에틸케톤ㆍ메틸알코올ㆍ에틸알코올ㆍ이,노말헥산ㆍ아세톤ㆍ메틸에틸케톤ㆍ메틸알코올ㆍ에틸알코올ㆍ이,lcell_9e32ec2b3be8
860f2fdf-53e9-5106-8bc3-5833f4067358,SUBSTANCE_TYPE,"눈, 피부: 점막자극증상 문진","눈, 피부: 점막자극증상 문진",lcell_e1846c4c5504
cfd61aa6-788c-5a2d-b506-4e98e104b175,SUBSTANCE_TYPE,"눈, 피부ㆍ비강ㆍ인: 점막자극증","눈, 피부ㆍ비강ㆍ인: 점막자극증",lcell_7c3e92134392
6a248cad-5e73-5427-b8f2-1de09acf11d0,SUBSTANCE_TYPE,니켈[7440,니켈[7440,lcell_75623e6c8731
9092b37f-497f-5457-ad55-1f69ff01b649,SUBSTANCE_TYPE,니트로 화합물,니트로 화합물,lcell_1158754a4ebc
5f47c0eb-dbf8-578f-b76e-a6bf2d70ba93,SUBSTANCE_TYPE,니트로글리콜ㆍ니트로글리세린ㆍ니트로셀룰로오스 등,니트로글리콜ㆍ니트로글리세린ㆍ니트로셀룰로오스 등,lcell_f8e3cbe9045d
6c594b04-b0df-5a8e-bad0-c9848faba6f0,SUBSTANCE_TYPE,니트로소 화합물,니트로소 화합물,lcell_538ddff21b66
a33893ee-2e4b-54a3-b4ec-e6a116dcc667,SUBSTANCE_TYPE,데카보란ㆍ디보란ㆍ포스핀ㆍ이산화질소ㆍ메틸이소시아네이,데카보란ㆍ디보란ㆍ포스핀ㆍ이산화질소ㆍ메틸이소시아네이,lcell_e13ce844d2f7
6176e02a-3b69-549c-84a1-73a7b0672369,SUBSTANCE_TYPE,드뮴ㆍ규산메틸ㆍ디페닐메탄디이소시아네이트ㆍ디페닐설페이트,드뮴ㆍ규산메틸ㆍ디페닐메탄디이소시아네이트ㆍ디페닐설페이트,lcell_a240aa53cd75
03126607-3984-5350-9709-ca65729c9f54,SUBSTANCE_TYPE,디메틸포름아미드,디메틸포름아미드,lcell_b99137482eff
b955551e-136b-5e9f-ae71-bbf42d65913e,SUBSTANCE_TYPE,디아조 화합물,디아조 화합물,lcell_d3c8c0537e7e
db4884cf-567e-5d58-90cb-efd7ae77e15f,SUBSTANCE_TYPE,디에틸 알루미늄 염화물,디에틸 알루미늄 염화물,lcell_bf5462012b33
ae4c8169-27fe-54c7-9bf7-26a6ba29d5f3,SUBSTANCE_TYPE,디이소프로필 퍼옥시디카보네이트,디이소프로필 퍼옥시디카보네이트,lcell_09a064ebd5fb
69b3ab96-eccf-5fce-a802-a7890b12b195,SUBSTANCE_TYPE,"레아티닌, 요소질소","레아티닌, 요소질소","lcell_0c986840db4f,lcell_1b10388bdb63,lcell_239ff530b93f,lcell_34d6283784f5,lcell_383db23092fc,lcell_3995b1ab2bad,lcell_566cea85b2aa,lcell_813fdb69acb3,lcell_96c54d24bbff,lcell_a6891af8d8d1,lcell_b252ad66cab1,lcell_b497446d49f1,lcell_de963bedd25e,lcell_f62ecac1a2ed,lcell_f663b4e02a6b"
fb0bffbd-f616-57ad-b303-d8b85081b577,SUBSTANCE_TYPE,"레아티닌, 요소질소, 비뇨기과","레아티닌, 요소질소, 비뇨기과",lcell_1e1f044215ab
1b1b87c0-76b5-5ddd-b0f1-74c4827cf7d4,SUBSTANCE_TYPE,"린 정량, 피부첩포시험, 피","린 정량, 피부첩포시험, 피","lcell_7a5be68f2d43,lcell_cf1312555706"
84f2248a-5c94-59b9-b459-68e454df1a2c,SUBSTANCE_TYPE,마그네슘 분말,마그네슘 분말,lcell_355c34b4c11f
f616a84a-f087-5212-a621-bb3bb4c0ea0d,SUBSTANCE_TYPE,망간 및 그 무기화,망간 및 그 무기화,lcell_f87ed2957bc1
2e573baf-fbf0-51d9-a526-dd1e65e5e68a,SUBSTANCE_TYPE,망간[7439,망간[7439,lcell_9a3bbf738e97
6b6f3752-e18c-5a15-aeeb-a9d725a16f07,SUBSTANCE_TYPE,메탄올,메탄올,lcell_0ee5ab167b48
ef57ae9d-a415-5c04-867e-396b757bfcad,SUBSTANCE_TYPE,메틸 이소시아네이트,메틸 이소시아네이트,lcell_99364059bd33
04753e7f-64a0-5e0c-a71c-40a8e2db149b,SUBSTANCE_TYPE,메틸에틸케톤과산화물,메틸에틸케톤과산화물,lcell_13d5c3fa4629
4754b541-6463-52e8-8efc-dce9b6801a3d,SUBSTANCE_TYPE,"면역글로불린 정량, 피부첩","면역글로불린 정량, 피부첩","lcell_0a085748fe99,lcell_13c99b4ea637,lcell_980e2940530f,lcell_c20cda3b82da,lcell_c9fe49b47c47"
3f344c63-6d77-59ca-965e-fc1ad76e1d0c,SUBSTANCE_TYPE,물반응성 물질 및 인화성 고체,물반응성 물질 및 인화성 고체,lcell_57f5c85f6ccc
db86fb28-af5d-574a-826a-a8420bed7b4d,SUBSTANCE_TYPE,"민, 총빌리루빈, 직접빌리루빈","민, 총빌리루빈, 직접빌리루빈","lcell_08be2b6c28dc,lcell_0a056ceb859a,lcell_191c86af6bbd,lcell_28ce43e71706,lcell_38e193b255d8,lcell_3f0ea0a7fa13,lcell_4135b0620e43,lcell_5c56858dd82e,lcell_5ee7f73d464e,lcell_85c655f3be90,lcell_87601b9b26a3,lcell_e259e4995781,lcell_f3a2ddc48005"
7c5bed00-69e7-5026-9b01-779043ee5419,SUBSTANCE_TYPE,베릴륨 및 그 화합,베릴륨 및 그 화합,lcell_8a33dc759ce1
6cb968f4-71b2-5e68-8ce0-53574c2875f6,SUBSTANCE_TYPE,벤젠,벤젠,lcell_7eeaf4642105
6d340649-7e6b-5017-b45f-f0a66350ff44,SUBSTANCE_TYPE,부식성 산류,부식성 산류,lcell_aa2958d5875f
65197895-c322-5986-8925-6a340369c5fa,SUBSTANCE_TYPE,부식성 염기류,부식성 염기류,lcell_86a88eea0ac8
103909df-317a-577f-9fed-d4dc379b5908,SUBSTANCE_TYPE,불산,불산,lcell_ab6e5cc4b30a
95cfce0b-df31-5a23-a1f3-ad3d160ab2c7,SUBSTANCE_TYPE,불화수소,불화수소,lcell_0290340aa819
f216f6c6-e0ea-521a-8e72-e8723d4064ed,SUBSTANCE_TYPE,불화수소ㆍ산화에틸렌ㆍ트리에틸아민ㆍ에틸아크릴산ㆍ브롬화수,불화수소ㆍ산화에틸렌ㆍ트리에틸아민ㆍ에틸아크릴산ㆍ브롬화수,lcell_ebc2151f4994
335b8425-e26c-5677-9b6e-74df690bf825,SUBSTANCE_TYPE,붕소 트리염화물,붕소 트리염화물,lcell_a7feafa3b138
5063059a-e9e8-5bba-9ff4-be11e6a26825,SUBSTANCE_TYPE,브롬산 및 그 염류,브롬산 및 그 염류,lcell_d02b1200276e
480b3a32-62f1-56f4-a2ee-07c5e745844a,SUBSTANCE_TYPE,비소[7440-,비소[7440-,lcell_f6f706576d7c
1e4080a0-3122-568d-8343-e7e4262e269f,SUBSTANCE_TYPE,"사 ② 생식계: 에스트로겐, 황체","사 ② 생식계: 에스트로겐, 황체","lcell_597e372f3b9e,lcell_6bfb45bac02f,lcell_febb1a31b7d5"
ad2cd097-2ce7-5d23-8683-f6a480d958bd,SUBSTANCE_TYPE,"사 레아티닌, 요소질소","사 레아티닌, 요소질소",lcell_4395b2396eef
d05db1f2-9258-5d87-a092-fb2986c21914,SUBSTANCE_TYPE,"사 레아티닌, 요소질소, 비뇨기과","사 레아티닌, 요소질소, 비뇨기과",lcell_8af005c61f7d
f32a67a0-bc94-587e-8bb2-c88ab1bbbfc9,SUBSTANCE_TYPE,"사 방사선, 작업 중 최대날","사 방사선, 작업 중 최대날","lcell_304864f9473f,lcell_9d9c87dcbe7d"
0783d5a2-9b5e-560c-a0e7-496c1c19aa95,SUBSTANCE_TYPE,"사 부방사선, 작업 중 최","사 부방사선, 작업 중 최",lcell_c2b77c39abfc
03f76997-5618-56ef-a472-ecfe0628e740,SUBSTANCE_TYPE,"사 부방사선, 작업 중 최대","사 부방사선, 작업 중 최대",lcell_1d4a4641a656
47c831eb-0c0a-5d77-a349-47d7b1a7697b,SUBSTANCE_TYPE,"사 아티닌, 요소질소, 비뇨기과 진료","사 아티닌, 요소질소, 비뇨기과 진료","lcell_5f447ca4d7a8,lcell_e69498d7278c"
870cf4cf-87e2-5a15-9b03-cf3e4d931fa1,SUBSTANCE_TYPE,사 작업 중 최대날숨유량 연속측,사 작업 중 최대날숨유량 연속측,lcell_0b951ff2a5b7
c3a1eaac-fa59-52b7-871d-a41e2cf81087,SUBSTANCE_TYPE,"사 탈수소효소, 총빌리루빈, 직접빌","사 탈수소효소, 총빌리루빈, 직접빌","lcell_146732cc8df3,lcell_9814533c9682,lcell_e4ef53cb273a"
ce574d7e-bbb2-59c9-97d9-249437386494,SUBSTANCE_TYPE,사 흉부 전산화 단층촬영,사 흉부 전산화 단층촬영,lcell_b6965d37f149
f187a47e-06ad-527c-8418-3153b0ecef8b,SUBSTANCE_TYPE,"사 흉부 전산화 단층촬영, 객담세","사 흉부 전산화 단층촬영, 객담세",lcell_a7f5d81cbb94
b6b6f138-ed50-535e-b4e7-adf2fccbe0d9,SUBSTANCE_TYPE,"사 흉부방사선, 작업 중 최","사 흉부방사선, 작업 중 최","lcell_9247ec41703b,lcell_c3a7436d7e2b,lcell_fbc14116e8df"
ec2273b7-0fd2-5579-a697-bb4a11300c05,SUBSTANCE_TYPE,산화성 액체 및 산화성 고체,산화성 액체 및 산화성 고체,lcell_e3e7d389586c
a9133787-464e-50f2-95a0-0861c571d98f,SUBSTANCE_TYPE,산화제2수은ㆍ시안화나트륨ㆍ시안화칼륨ㆍ폴리비닐알코올ㆍ 2-클로로아세트알데히드ㆍ염화제2수은 등 LD50이,산화제2수은ㆍ시안화나트륨ㆍ시안화칼륨ㆍ폴리비닐알코올ㆍ 2-클로로아세트알데히드ㆍ염화제2수은 등 LD50이,lcell_3e11a8e29052
48b65be5-915f-560b-bc52-d58d9d12297e,SUBSTANCE_TYPE,"석면, 면 분진","석면, 면 분진",lcell_79fc09930228
1a49991a-80c7-53c0-847a-c354e30e02d4,SUBSTANCE_TYPE,"선, 비특이 기도과","선, 비특이 기도과",lcell_8bf692c20188
41f80f9d-f234-559c-8f42-e8814c79f668,SUBSTANCE_TYPE,"성호르몬, 난포자극호르몬, 테스","성호르몬, 난포자극호르몬, 테스",lcell_e184a4067ba4
5a3e47f2-de8d-5d43-ad09-b414eab662d3,SUBSTANCE_TYPE,셀룰로이드류,셀룰로이드류,lcell_42c4414a4321
d3a3a969-b2af-502b-a061-3a12624ffa41,SUBSTANCE_TYPE,소ㆍ무수아세트산ㆍ황화불소ㆍ메틸프로필케톤ㆍ사이클로헥실아,소ㆍ무수아세트산ㆍ황화불소ㆍ메틸프로필케톤ㆍ사이클로헥실아,lcell_c334c882a13a
c6bef5a4-f94e-57f1-9762-522226acab78,SUBSTANCE_TYPE,"소판 수, 백혈구 백분율, 망상적","소판 수, 백혈구 백분율, 망상적",lcell_ecf452e11647
bdb93506-d16f-5bb9-957d-6e4662df7b0b,SUBSTANCE_TYPE,수은 및 그 무기화,수은 및 그 무기화,lcell_4a11fdb5b5c4
5f537c0f-9835-58fe-a9cb-d641c4608757,SUBSTANCE_TYPE,수은[7439,수은[7439,lcell_a35315609e05
018c62fa-b8ac-5bb8-99d6-e1cc4ac71467,SUBSTANCE_TYPE,스토스테론,스토스테론,"lcell_012e4aaf8c32,lcell_7a95ded155d9,lcell_90d4a6c50cb7,lcell_c987c77c04c5,lcell_d593a6fba045"
f652b653-d7ee-5917-9169-907f26bf3786,SUBSTANCE_TYPE,스티렌,스티렌,lcell_85b47e7e0b9a
4b331a1a-2de1-5d8c-8f5e-642f805d9069,SUBSTANCE_TYPE,스포러스펜톡사이드ㆍ벤질디메틸아민ㆍ피롤리딘 등 가스 LC50,스포러스펜톡사이드ㆍ벤질디메틸아민ㆍ피롤리딘 등 가스 LC50,lcell_4e3add8fb2f2
4d55ef05-9316-5f79-a607-f5ff08d1405c,SUBSTANCE_TYPE,시간가중평균값,시간가중평균값,lcell_85c287058106
088be839-cfab-5d7b-965e-8a50c211f365,SUBSTANCE_TYPE,시아누르 플루오르화물,시아누르 플루오르화물,lcell_976fa9b722b7
26d3d995-0a22-522e-83bd-721bc7c28ac1,SUBSTANCE_TYPE,시안화수소ㆍ플루오르아세트산 및 소디움염ㆍ디옥신 등,시안화수소ㆍ플루오르아세트산 및 소디움염ㆍ디옥신 등,lcell_83d2798ff367
4fed99b9-4cdc-5c9f-bb7f-4f60a6e5d7cc,SUBSTANCE_TYPE,실란,실란,lcell_e611785a8e5c
eca5fe94-9b02-52f5-9d98-3455964083f0,SUBSTANCE_TYPE,아닐린,아닐린,lcell_7676356a463e
b66ab1ef-dbcf-529e-97b1-2fd9ef476651,SUBSTANCE_TYPE,아염소산,아염소산,lcell_c1ae691ca803
5807f11b-085c-5d41-9141-326b6daede86,SUBSTANCE_TYPE,아염소산 및 그 염류,아염소산 및 그 염류,lcell_045b64281532
9208dfc5-4116-5f59-9ddd-3a89db42b403,SUBSTANCE_TYPE,"아염소산칼륨, 그 밖의 아염소산염류","아염소산칼륨, 그 밖의 아염소산염류",lcell_cf1ae0e01fc2
2f54b639-bff2-566a-bd12-e024b78ff55b,SUBSTANCE_TYPE,아조 화합물,아조 화합물,lcell_226ec1ffb000
a33f9392-98c1-5959-a8bb-1920668c2104,SUBSTANCE_TYPE,"알카리포스파타아제, 알파피토","알카리포스파타아제, 알파피토","lcell_0a3004d1da86,lcell_1dbff2112fce,lcell_a8738478c82c,lcell_e164e99e9bc3"
4ce30979-bd90-5f0e-a823-91a224a5fd31,SUBSTANCE_TYPE,"알카리포스파타아제, 알파피토단","알카리포스파타아제, 알파피토단",lcell_61ddfb0e2c94
85269860-2f22-56b7-8889-8cca336ef58a,SUBSTANCE_TYPE,"알카리포스파타아제, 유산탈수","알카리포스파타아제, 유산탈수",lcell_23603acd51e4
18c62935-3a6e-56d5-8b8e-7b5f20ff70af,SUBSTANCE_TYPE,알칼리금속,알칼리금속,lcell_817dc4f4f87d
746863ba-f483-5908-b62b-5ddc715b8f2f,SUBSTANCE_TYPE,"알칼리포스파타아제, 알파피토","알칼리포스파타아제, 알파피토","lcell_013e276d23c2,lcell_06ed59f0d628,lcell_1b344fe1a24a,lcell_3cbe99bb81c9,lcell_555d0fd812d9,lcell_601ea18b21dc,lcell_6484f242486e,lcell_64ee6cb2d3c9,lcell_6ab75d60b0db,lcell_6e8f152887aa,lcell_7bd527fae756,lcell_7d2a7e8eddb8,lcell_893ceb8a1017,lcell_938537a3687e,lcell_a2bf8ba6660e,lcell_b1e8ed0cda72,lcell_b90de0ee35d6,lcell_d4c0570cb207"
b75a6d45-7eda-59e8-871c-03aa74bf5855,SUBSTANCE_TYPE,"알칼리포스파타아제, 알파피토단","알칼리포스파타아제, 알파피토단",lcell_d5d939b0865c
8a2e5161-f994-5e42-a80e-e9238e541f06,SUBSTANCE_TYPE,알킬알루미늄ㆍ알킬리튬,알킬알루미늄ㆍ알킬리튬,lcell_b90bce4d58e8
9ececd69-3dd3-568c-b524-cd0f167bac28,SUBSTANCE_TYPE,암모니아수,암모니아수,lcell_f525350c1381
873a3a11-5a6d-5a32-b5fa-f9f092469729,SUBSTANCE_TYPE,야간작업,야간작업,lcell_41c050fa2572
547eefb9-c6da-544d-9279-ddb4bfeabb1a,SUBSTANCE_TYPE,업 종료 후 10 ～ 15분 이내,업 종료 후 10 ～ 15분 이내,lcell_ec1c5aaf3135
f079d3cc-5d74-54cd-b452-df008b6437b2,SUBSTANCE_TYPE,에틸렌디아민 등 LD50이 킬로그램당 200,에틸렌디아민 등 LD50이 킬로그램당 200,lcell_d22f235d9abc
8160d966-7385-5018-bbf2-515227391cd3,SUBSTANCE_TYPE,"에틸에테르ㆍ가솔린ㆍ아세트알데히드ㆍ산화프로필렌, 그 밖","에틸에테르ㆍ가솔린ㆍ아세트알데히드ㆍ산화프로필렌, 그 밖",lcell_9aac6ff03545
f458719b-6a73-5848-9b16-94ca40ce7546,SUBSTANCE_TYPE,염산,염산,lcell_662a0494d3f5
fb003ca7-ba00-5d29-940d-74bf50d3ff0a,SUBSTANCE_TYPE,염소,염소,lcell_3677280bf537
2807b200-dcd4-5268-b03c-ec656fc7a3fb,SUBSTANCE_TYPE,염소 트리플루오르화,염소 트리플루오르화,lcell_389129ffb5c4
a2c76156-ab3d-5e80-a226-2403547ee6e7,SUBSTANCE_TYPE,염소산,염소산,lcell_9bd561622d9d
8589dea9-085a-59b7-9cf5-a3683f204ab6,SUBSTANCE_TYPE,염소산 및 그 염류,염소산 및 그 염류,lcell_456d9389a60b
4c953e47-316b-505f-9d2b-bf72bddee059,SUBSTANCE_TYPE,"염소산칼륨, 염소산나트륨, 염소산암모늄, 그 밖의 염소산염","염소산칼륨, 염소산나트륨, 염소산암모늄, 그 밖의 염소산염",lcell_5f96824f21a2
16bcb145-9039-5853-88ca-eacc6e01a029,SUBSTANCE_TYPE,염화수소,염화수소,lcell_2c2d74a67d8e
2b6b9612-c3bd-5dac-af6b-54559e75126a,SUBSTANCE_TYPE,오린화 카보닐ㆍ헥사플루오로아세톤ㆍ트리플루오르화염소ㆍ푸르,오린화 카보닐ㆍ헥사플루오로아세톤ㆍ트리플루오르화염소ㆍ푸르,lcell_96910a14daba
b6d7ea36-5e33-5f95-a68f-db6716253a1a,SUBSTANCE_TYPE,요오드산 및 그 염류,요오드산 및 그 염류,lcell_7ed4f06578a5
0ad09700-77fb-5776-badd-60a29be617d4,SUBSTANCE_TYPE,유기과산화물,유기과산화물,lcell_c4bc6cd769de
5dea5cff-67cd-56a0-9f76-05ba4836bcd0,SUBSTANCE_TYPE,유기금속화합물,유기금속화합물,lcell_188966e5bd24
a2a07129-e6fa-5f20-a717-9a7c63924c66,SUBSTANCE_TYPE,유해물질,"유해물질,유해인자,화학물질","00a9658d449429af7e245def4904c88f36ed586a,00eaba88005fcd5ffd64f8b2072f5a23af823d8e,0101e8f4bea741f39cd1d9f6a4ff02d22f20926e,01587c9a3de59f9965037cbb38691d08fd701581,01b3b1e2c414476342deff1b74bf9ae2f5ba5424,02a6c05922139f8e7d417dd959c117c7923a95fd,02f44a10ff7fcf3cc0539769d92f57135bbff9ba,047729e8659951170ee5773ab1104d17ca1152ee,05d2813323d28fc523df22f0d909c5bf98206bad,067dfe8b110f1344a98283b8106b6c660839d3c9,070aee68ca789abd80df9b862f2f03b8ca4d5c80,075cc0a6fddc057b9e6811fff1f83f1d9a1c49db,079f8912158a30e33c3adc0ffd881050ed413c2f,07fb10c806ada5809928b44c8c4305552dce841f,08189101e9e3a5923f3b9e80210f19920003a1ce,081eff84a3100829058f2080059f90769f318e14,085dfef74b941ad763b3428a4ad22f7ef34a8b7d,08852f795b10ef2bd7f8bd51c60b21861f255544,0d4bef354c8fabf69676c539bd4b53239fad1873,0e1a8b54af51df4fc1e1a3251ca1d5b915616b21,0e6e64d4759ef812eb761a0f0d097f59a6723e5b,0eb25e1c85f70571484e4f67f7f292eb5721ee25,0f63fa18c35418f90eb6b445325da90b4958fe5c,12a97a700b338aec5074a471b96e55171179680a,12aeba498bc0adc874df5ec0712d93db63e87487,139e92d486cbf180715a1569bb28eb6ede4b9096,13a1b7ccee2fe379cddd4123169c88634b8c58f4,156617e7199c5140674f1d21c5c089767a1f4ed8,16b1910d1088280684cc2714fa4ed14579ffbb0f,1788f325c57570097a1aaeccd0ab437bad55e5fc,17d5c1d802d5f41c301586080b2502ed539db57c,1906fc968205a6f9c6a37cf1e4848f941e7523ea,1a40ce996d5c7abc01c4f1163ee7b19983c69765,1a7ad131a658c8289747fb9ecc7c51d9438cf49e,1a7c9ff25c5cf33b288b38e30582ef60ea0af102,1bf5a5de8b35604b0fa099d8a924c412ce9c5f7b,1c1bfedbe057a45368af3b7bc09743ca40a6aa83,1c318960bf0376b97efa8d31908b31b4633cba60,1db72d288d2b7895e5c55230ff6b40db32dfed56,1e19342211c7eae822eb1cac48788553be88391f,1eff70a1bac936e6bdd503457970bcb6a3492500,1fb097c16a13bde51092476c6bc8a2f8382a2d70,211700f59c1a299a1fa948182425d8363834c671,215316317b5b2aa597222fb793ba8d14380e046b,21ef5460bc54e64311f91b52aa50895cd806989f,22acb7d06c24fcdd495a9ffd86b18640b7af4763,241e3ec943a8afdf5474493adce0d862ad4becf5,24ea0471b4ed036f20ba778ae182bca920b12745,250a31b84e8c67f14d1f0030731e1193c7e43112,26cdb837866fbbebed1b6d488a1c22257a8cf96b,2710e01f57b643467571fb76dc214b73efed83e0,271dab9fb7c8183af10b20b68821809685e29856,273ece05607a10d9c2a0de9d71c2eafac3e6d074,27466898fec0eba1b0522e3e1605cbc20044b698,279ba87f005504475fe1f0a6b79f44939cc46567,280c71835569ce13b9aa9792fb6ba590b3de8ec4,2872456b89c1f4001b40521a8884d49246b305fd,28fa366097fefe6cb3893c057ef88b482bfbf89f,29ec659ae3dc75a3de7f809dd133b997ebd21c71,2a2fa202832083167c89a214b26e03bfee1deb0a,2a87f255fdc24e9b89e1066fc8fa5894f96be99b,2bb76e6f446b8662d19d45567d79b4bc16f68470,2c45d70d03d31d04616d38c3828c667da0745079,2dd09d20ef411f4d61ee20cd412ef71ac7830a22,2ea0fa882ab3dc94923db1bc5bc6744873d5bd5a,2efb46d8cd070d59c4a1931e3992bc6e146e3509,2f42026ce25f182f19e87515feb2b2cc652b7e5c,2f965bfe15e226f7594abe125f026e5e327213be,2fa0a1a9234fa215317fb062c5c5a73b3ef27c8b,2fbb225fd689505d0bd1c33dd79cf50a1dca739f,306d3b14dc570b822a6569eacbfdee3e28c894f3,319f96e6dd7743f3086374ac5591d22f2cae9694,32da705fe45209ab78dcee468fdf75ebcf0e3762,32f39b7e7bf99358141c9d302350d8ad1e4254d3,33b4a409fdebddff48b29ff69ed9f54a9226fa7f,33cf81b2f5d50ceea0921546fab26220d59dfb15,36041aea0468ed6b1b74a572fbd7914130b5c9ab,36bf6541bb3de3871d9d76ee976faa792185ab55,36d5b96bafc32894a3746b641301bc51d5953c1a,3740ef05326d2f21987893c49c36f3f6afdba4f8,39f8719ab228d384159d8490edc1302447242bc1,3a4feefadf0e7c7ba36f9ba666d46829b4ab75ec,3a69bf2cbc0dc96e691b30599d93ca6115a3a81b,3a731d0f29871ff08efc925c55d56f0b05c7ca3f,3b52d00af042f190764057df920dc66c18a6d4f9,3c68e946a53ac49345edd7aafbf681c99b36f2d3,3c73616557954ef85c6620f399e98f065ff94bf3,3c90121e5244259268325f93fa3ac0de6771da99,3d89094b9bd65dfd60c13bd9b938c70120cedbee,3d9a13e89a8da137bd4a91e8fde78fb5d542a137,40d8086bc4f9f0d9151e6252ab05f489abeaccc7,41ce029f8cc575ad03491d5349132fe134c627fd,43cd4add1063e4ea416ed98f04c65abb887e5b89,440567f0e94b473c584860aba30550c07b2dd7c1,4416e61dc80a1fc6bbf8b0f4663b9ff89b9e918d,4517828fc17a908feee5095458f3114686e11a83,46a3a1c90e5ad0f2c0e7e49d297f9bbb6ed7cdd0,46ac92e99f0b7a5f3eb3ae56cf229a4905fdd9e7,47047e4f80045e4b9b76c303109a88a4112eed1a,47e68b7bbfacb7d18397eeb91f6596256d2317f8,48403b9edf5dbd8310d035df8d45cd9862536457,49cfbeb57911ec8d170c78577e5b2378579ca21b,4a7000d20c50d4308617b9054c6ebf951845d1a6,4be18d7d5e416be9e28acf219f7054732f36fe3c,4ca0f899b83803cb50752736a4c1113bfe04260d,4d642966d4e4bd0f30be3e9648ed9bcf4182aa82,5011b4640119c4e5873b632828b06cb02d8da51e,5012b2e14fcfb4bd60a7ed08494b82e00482a238,514af74df90ab2dfaac95f01567dfe12049d3917,52ddaeb3dd9fcc6bf7100567e19451a01915eecb,53451a75b485d235303a4d448d0e7170ef1bfc45,540094f2e3e4f297d559db6c60c44821f0ad8b73,540275f720450d2edf331a0103d756c3ab934825,54df9de3e1fea9bc892bbcb139d80d546e88c4e6,567055ef76fc1fa2730352a3e345709ff1e2e1fb,56e281a1716c2c29a6e97956a62a92be4269f136,572c3f65129140282e30ee68d94afc4bf01dba9c,572ff75fcdde00977d63fcccaebfb5ae8fd1aa6a,587c6a8385f91c52e805334bbaa0d861ffa42ba0,588a027b594001de4548a705c8df62516ebb297d,58f30a30c93d4f3e969878685ffe7966d65a98bc,58f3e1517245f25aaaeaeab4d7228ace456771de,59a13a81ce5577f08fad713c63d3e14b164e993b,59c83cab1f0a399a05a2f57eb8935fbf51dc7157,5b2983b2a512f04b64c273cf41f8bb43221cc5f3,5d0f7f0f6aa8bbe1c693031cc4279294707db119,5d2df2d3cfb0a2a85ef0720c0783c5aeaafdd92a,5d3b7fb945f0f6cab8257488599cdb302e5ea31a,5e57cdaf2a68130cb4b9ffb2c5a7047f9342bbda,5eb331b35cad37b831226296a3574a0d9418ec11,5eea74b89475a62289bde44d1c29877b1ab3c6e5,5f750b6de669e4d4bbda74db8841d51f1679aed9,5f87dfce318901522dd026ecf4fb681d0116acc8,5fd488431f25f5569746d153b8b088910e78664b,620c1e42a8878dc9faae968fdd61d37bde643735,62fb1332bd87e6d902b03602aa9d99ec8fbbe22d,6365617597cfe6c3e7afdb03ef2d009c8f43be9d,63d3055c76f7eb407a33cbf177ff7b4f75c88245,65643a2123282a9bb28fe88fd3c04d2e928b289b,69c3f3127ac81bbd70ec14a01698677fe8568b13,6b1e8bb216c455ebe2f58645a6232eaa98bb35aa,6b39931fc34526d969b321f31516a80ebbc45517,6cac28232af54149e02e288a4d320bdcccd6fad6,6f66546135a726af91382e26cae92307ff1f3135,6fb9a5d35ad5c8d4e00ad3ada84fe28225abe69b,701885183a47c83fd03c5ffb60e41c688c00db31,73f7ac8c1087fba7c64b3585ac891fddee6ae99a,740bb3fe7746723aa1e8e91b5d4f2719b8537db4,744269527a0157f102f9fe7beb52a7835e2e84ca,75949c0b2905c34d4053252e43b95862961528a0,75bfbb52ef4ca9663f458a8c2e2b407f55986365,75f85e574f06879cf9dbe4c973abadecc16c7b92,76b7277517d0b56bb51d4efae0af0ce8c349e853,77f39d84d91b7ad02bbf632c6206164607e98799,7905b913b3ce033b4d38ea08bf61e548b8a79496,79288ce5b630d00caeab5d075cfe2e0a0ed13b65,7a1c35ffb1f1434bf5beb382dd9cc18946219c5e,7b808e2ad0b3b61b150171452bc0a19668aa638c,7b9adeee923bf40f48a1477503ce649c93f8da2d,7bf3752401c7e600e06ec8a2c6aa1870825c81a2,7d0d42dc9840f03f961c245e5f07121c26055635,7db6d8eeee6845a21da56986d63e6db0b99d1600,7ea9d9fc2de3c56412ffcc47b9ac8a791294e0eb,7fa08f92091e1eb0fbfb61759bbb06fc47342f99,7fad553c966303ec3ab6ff565498151c94ee539d,81565d494716bf509de3f12985749f7cb0cc5a01,81f55f056c3ee10da7695398c71eb832ccf2a3ec,8289f8590e92f8a6ea4e53d36852728d28a7f8eb,847328b10165174596b2b223881a3f2e82b16520,8570b934eea4a951b428a4146019127a50e136ef,894889abaa02c59f71104a7cf8b342bf9255fecc,8aab5549c10da23d79709583db98aaf77ebe135e,8b863d9d0972881b01bea8b7aec39e002e12fa08,8d03211074105ab34e6abec744442d8d7aac8074,8d9083dff5b3efa5ddc9fb3a58e2d8a8f9c106ef,8f43a24d6dbb61e45cb679267533ab83bde8b86f,8fe51f9e499e5e27b8df812ea084c9f72fcb5d2a,900b8a04d8e5240349a7df0b381cf63e3a1291cc,918b9a04e268aea3540e24b2cfabe60128989898,922e1ba076053048caf99b47bb57e8ce1ee548e9,92b85e164f0395e64df369db17f14a4abd69f3b0,93a636f0a6c3391dad9ab3950f9f3159f4bf29b9,95235f98cd7d76e65f6a1dd257d1c84743a1ea75,956bd583c1b49cfa4e992bb7a84d5bc7e20b92ff,963977b286577ed495f6a7c6b6ff9daf6dc351e2,963b6fdfecb35f425c3173bcbeb8e33bb4523786,97ca63cebe5218f146cc9c8559587affa5b0259a,987bced2f2c75a543b031bafd28e683a914e6e6f,98d6ae428f790e494b0fed5cd39c365bfb8162b5,98feb55acbbf5991f11826104a1ce2403721a851,9987b5d91cd1d4aad8882a2410c372e23bc3223b,9c20a4e7d10f8d1e769ef75f231169d9349420e3,9c44becb9f47f9e1c085ceb48b90f9b300298310,9ce4d461ef7d18d9eda2b3bd1a1b1fb9ae77687f,9d511fb56013f9b323df35ab190183804f1fe573,9da835986a1a2ce7e69f45245febac78c2dd2ca8,9e2016789483e57d660106da6626406c0233edbc,9e3263375adc360b40d9e6db45b25a71d2a16698,9e5fe1d877d293cba7a3a5a7b273544e74abd129,9f81ee2491eeeb845ff1a63e51bf33083b9c7c26,a08461f97886d1f4d75e7a41290f5ca71a963582,a0b26493d9d4e8246d122316ee4f407d0f82e873,a1b0f7342b5964e02430cdf7793ba3074bbb0ce6,a27c0ce9c25885499f9ef84e153b1772777e2bc1,a2f2a607e085b6c7903ae30d3af103b93fd2cc05,a2f840e184c72a11d1ef6f4db46908dc44a70041,a353e5c80ab8147f8fc6f416a9806ee089b26692,a49efe990feedc9b47f7c4fd3ef95292a926bb62,a4f7b684a50d4323cf821d71979c42cd5de8be7d,a63462e4d506a630679580c45425740cfe1c822f,a65091586b8f2fb58550fe7657a80cf6fa7a2078,a6d49117ed9da5d98e245a8556cd965a4182e21c,a6f149f0bff68f8a8602c0ab33aab1888c0b5d07,a74a11be40596152b0bd077047ceeb724a4b8e5c,a75195c430ed73bdae998b6e2f3071f90b1318c0,a784de132102a0f981038c19ad7f296c23370456,a7d8f9514a5e3708b844ce5ede39c758aaa7eeef,a9804f8f4192440a1d4c8e2fbe67790eedda1da3,ad5cfe5133a9dd3e478ffdc72962362ed9eaa63b,aeb64149ef2131580cf2d93d4f7f99884c7ac978,afa6e9da99fc2da9c5dbeaae8ad48b0aed599894,b0d70494d8dc2232f9d2ecec2fdff7ebb39b0fa8,b646b3a075b20c52ad033d334036361daf21e4b8,b66d89221fc2ffb03bc132f9860e3cbcbe77e595,b7996231daa2a6883c90517fb14c43d9f929e837,ba9a05c794030dd386d8aa2454c58579926c46f2,bc5bf1375abd2161525f662b7c19d99723c4109d,bd353579d165f94102e875c03dd426a06954ccef,bd4d4b3ed77e2bd0f9bdf7cab66cf9c0790d8130,bd6df1435e877759268bcae512a40733b1017fd5,bfff38c62ec88a6ec06bffface72bac1d2026334,c070100500f3fcda622c659519b98c46ffe6720a,c094dc502ef356659141cec16b193f75f6c5da8f,c0bd08c816fe296c70c6ab9fb926ce022d1ffc2b,c38dbf9525dbd2b47bcff33aaf8d1d658b2d9a07,c4f2eaddc3ae30a01a9fda5e840ef70918d1694f,c75870e69903b2228dceaeb20e37ae8885cfbff4,c8964404f131d09fa1ac74444d7bc4ace9f9f86c,c9392ab09c9091f46ede8c861db5fafc1308439f,c9772c28d03c378b846d14b1cfcfb762ddb11623,c9782183fc74902f4cb75c578987aca5dc73df38,c9aabef4d8bc3a047405485c525600cc12856b51,c9fac1f7bb1e029f67199b174edc6d355077ea2c,ca474f0f39e749493137d26ce187058566774d13,cb5917d871261b19300d7947e60ba96f7f66908c,cb5eeec26d5a7f771d8a0f1e7c1f2a3222c06d61,cbc002d5249d69a8e97909b1b2e69a347d8ab1f4,cbdfb17a480b0b11d6824679a5a5bd245efd6f58,cbf3323e8738f9f2d392b192489db4f95b6c4829,cd5d9252047b55bf90b21555b09ecdd616b80c66,ce90cc0d292ff9cb2dbbcf603abb4658bee69a83,cf764a05cfb0f451010086cb65ffd869980047f5,d0eedd5849cfca329fabfa2c97910c51a9325357,d11fd798849c0cba0678f6d20b01a13c04e87f97,d285ee449751be70f2f10f80b0fbb2b995bc4d38,d3fcff165aea598dc4db77fd4e90af16f74e5c7f,d430a0603513e6e7c3b5dc706aa61d93792b3775,d604a46648d30bb747af61bbe35b1d141841d3ac,d7d322c8dcc09f6d641dd17c0394c690dafcab45,d8a69764ec7a35eef79d2dfdf044578b8ddb1f32,d93d1e3a33ef04e552e0e5c8120373af0ae6530d,d9db7094e841c6a48873a7361a9af9a4fbb1206e,daecf83d65afc8ad67038d87f99114d85b913ce2,db07969978fc487206bbb5de66452b4953bb133d,db32ef3ca4ec2b36ea51bfc35f9faa8a1629d669,dbe5c0bc60dda03eaf9367257b2a32b6e7b7c8ab,dcfd2c93694f0fbcebc2e70e9b47a3960d2c2a1e,dfc5fe1714b78594e1bc6006c9ad7c4f8cd6e9a0,dfe8026bcb2a0a74007bde5ffc3e271c1d449469,e0f86f9d06e98cea4454e2f11df068a611d2fcf4,e1ad95dec1f03a13dc820ec6879ea783d8c2e834,e1fcb6da19b0573825582b19b489f9ea353c73d3,e26362e3a5a82c81fef7a4ef8e7d95c2a1d45aef,e460e7775c2a2caf45ffef3183756b75b502a63a,e5b29c286a65f885e9b921c563e953f0162838f2,e60328658dde7aaac1a1c4b8acce1924ba9893b8,e697c81ed2fb75aa1c04fc43710a593368a79b23,e6aa3662c91ac26ceacdd0378147f78bdfb1553e,e7eaefc2240f39f371df7343fdf2fb01fcd04c22,e82ba6e46394039a0f48b7641c65a9496995d011,e88376e88ceea0625920fca91d78c102f124075c,e89d52e17b9e9e7f864d46d0cab788e1d681956a,ea2fc3321f1e6ee0f3757ec59fb414634dd7de99,ea9abd4e72805a5c5317107b6ca752bcbf5f7134,eb788c4d51a64cf1ed9321d9d638a61873f561a4,ee475bf48a28801cd9a19f226451a86f82c51d6f,ef0c658f2dd18fc91281540e45d99a9aa7884654,ef203af281ab483d2d9f14ac9b54c2dc377959ea,ef3cbd99a85eda94df302f5a79b648ad48a1f047,f06cd2f7c37d44d5535936db3d74e2168eaf5c99,f0ae00f4fcc72a9c0816a743f29ffde84a69f9c0,f1fae5847e15d28a0512c812c74a820256984349,f315ac271f8e2c3a24db5820b54511dbabfedce6,f338ab14389d441879f27b7eb45394bb96ccc971,f33adff0068dc77e4b185d49d05e7051227c2b76,f531c1f4101e47ac2b212252a5ec2c4280151e56,f5c4838e94ea408f199e207a6a483e919bfcd5c9,f650837b983ff273d92db759b1f9a30bb399579b,f68731fee6492a0b41e9bf6bed7fac8ee4d6ca2d,f6dd78d7508a39ba5004afa4249bed69bc71eba4,f6f7b3c70bf092f5ea03442f007ceb38661b21b9,f7e31fc377f27186445c84f47f935f8d0aa238f3,f96839a1ba984f1b8e369cac51baf3d59da09b6a,f979c11c975b5b1d865ac6751aa1b90a673bc8e3,fa8c49e5decc249c316a8c02dab399df636ed436,fc13dab6cae20689f066164fc4a291cc7185ec59,fc6758d5e6e62c573c49c0c63f7648459564bac8,fc9e9bce2d20d69672c9dc91cd587ff280c0c23a,fd08c3d886c4b3495d5f044b63bb2d31811e588c,fe4eb457e52273cd2269f67ca28b9040a1122337,fea361ffdee83784ba020c1ecec716b02dfbf391,feacd4da8e2570569630673344fb0b52f5fcf4b7,feeebc92ae591018e1d91d752caa263336e88753,ff19968c0a01586ed449382629167563ffd608c6,lcell_0040ff05a43c,lcell_005630a0e64a,lcell_0091be72e5c5,lcell_00ff6d2bb573,lcell_012b2cad50fd,lcell_012e4aaf8c32,lcell_0139bef6308e,lcell_013e276d23c2,lcell_014f397d1d83,lcell_01b604117031,lcell_01b77c716997,lcell_01e4489ebbb2,lcell_01ed23c10265,lcell_02108d77f007,lcell_0253a9c1ccdd,lcell_0295336287de,lcell_02ba72999bcf,lcell_033d21fe9dce,lcell_03f8e2a68ca4,lcell_042dd70f9e25,lcell_043ebba0dbec,lcell_048fe303a9ab,lcell_0492df81ba71,lcell_04dfd7850241,lcell_04e1dab8f35c,lcell_04e88e809129,lcell_052eb52f599e,lcell_05706d250bd6,lcell_0587816f2892,lcell_05e8b7d8e5a7,lcell_05fcc5760c65,lcell_06658c3d06f1,lcell_0693e9ad12e1,lcell_06cf78ae52eb,lcell_06ed59f0d628,lcell_071b6211364f,lcell_076c96cee09f,lcell_07827c634cce,lcell_0816e0021809,lcell_08be2b6c28dc,lcell_098e11100d26,lcell_09be0b99c4f5,lcell_09c08160c545,lcell_09d21e900a9e,lcell_09dd7cc705d5,lcell_09fc87ff5b84,lcell_0a056ceb859a,lcell_0a085748fe99,lcell_0a1b111473c8,lcell_0a1f5e6d34bf,lcell_0a3004d1da86,lcell_0a657587fc54,lcell_0abd0311fbf8,lcell_0ac511188b58,lcell_0ae481f246f7,lcell_0b09dbc8b2dc,lcell_0b695030c3ae,lcell_0b951ff2a5b7,lcell_0bbcc01d9f66,lcell_0bdc0bfd4cf1,lcell_0bde7c464cec,lcell_0be3c8d6e314,lcell_0c58e48c845a,lcell_0c986840db4f,lcell_0c99f051fa26,lcell_0cc1e6f11777,lcell_0d16c634523a,lcell_0d5f712cf070,lcell_0d754a130246,lcell_0db5b6c63748,lcell_0e93400fef9c,lcell_0e942fe86bcb,lcell_0ebd1bc7f38a,lcell_0ec262877440,lcell_0ee5ab167b48,lcell_0f0247046021,lcell_0f3f36fc7efe,lcell_0fa8786dbb64,lcell_0fabad3dc570,lcell_0ff4691cd189,lcell_101306096dd7,lcell_101cfabcdebf,lcell_1024794f1418,lcell_1070e5482877,lcell_10e8259057d3,lcell_111e03112f9d,lcell_112b56b9bf52,lcell_11301b6544fe,lcell_1178421b9f90,lcell_118ca61e14ab,lcell_11aca6f343f7,lcell_11c4a0db1b09,lcell_1201d36a90d1,lcell_121be8866691,lcell_12826cbace97,lcell_1295cc58f41a,lcell_1309ad87d2a1,lcell_134ab6633112,lcell_13a1b39813bb,lcell_13be98e08e8e,lcell_13c99b4ea637,lcell_13f7d6071aaf,lcell_1406a00f72c6,lcell_1415721b0e1c,lcell_14212258f782,lcell_144fec67d48c,lcell_146732cc8df3,lcell_147674e0695d,lcell_14bcab0c978b,lcell_14c9e89175cf,lcell_14ce39e4d9f5,lcell_1555b10442f6,lcell_155a3ae7ff40,lcell_155d7b811991,lcell_1560785ba641,lcell_157edbbcd9d0,lcell_15cc08806f8e,lcell_15cc8f625f3a,lcell_15efdcf9e91e,lcell_1607514e4358,lcell_161eed1d2080,lcell_16259ef2b01f,lcell_162af9382fc7,lcell_1639dc87cb0a,lcell_16575ef3fcd7,lcell_16c269a32a3b,lcell_16df875bc04c,lcell_1742867a87c4,lcell_17473b2936c0,lcell_176e9e959d7f,lcell_17a66f991b33,lcell_17c34246e0cf,lcell_181495262e2a,lcell_1821033d77fa,lcell_18529498ae91,lcell_18a029929686,lcell_18aae066ff58,lcell_18c453594b17,lcell_18d377a567d6,lcell_191c86af6bbd,lcell_1941245444f1,lcell_19af0c749974,lcell_1a2a632f3b25,lcell_1a30feaa287a,lcell_1a7a2f8b4592,lcell_1aa26c22fa21,lcell_1aaf5d956fb9,lcell_1b10388bdb63,lcell_1b344fe1a24a,lcell_1b67d532fd5f,lcell_1b89b837a9f6,lcell_1bb05f83c398,lcell_1bc03c330888,lcell_1bc1170f26f8,lcell_1bd17ab822ab,lcell_1bdf3bb16c0d,lcell_1bdfb5e36603,lcell_1be88d3c8ed4,lcell_1c473fb52ad2,lcell_1c7e845b7f05,lcell_1cc0c8f49c8e,lcell_1d319defdcc9,lcell_1d4a4641a656,lcell_1d5b58af6c02,lcell_1d5ce8dd32b5,lcell_1d97a3fe1210,lcell_1da610b76cd3,lcell_1dbff2112fce,lcell_1e1f044215ab,lcell_1e348bd1073b,lcell_1e5c045a1f74,lcell_1e886a24f8e2,lcell_1ee5b30a1f00,lcell_1fa11cf10232,lcell_1fb01db91c4a,lcell_1fc2156d12d0,lcell_1fc8f4d4d795,lcell_202f4b172072,lcell_20b2cf4801c3,lcell_20c6d423e721,lcell_20d76ad4960c,lcell_20f668287ba5,lcell_210050032147,lcell_219521e906d4,lcell_21bea1147003,lcell_22d866ef3c80,lcell_22eebc11767b,lcell_234a1f698530,lcell_23603acd51e4,lcell_23835e8512b5,lcell_239ff530b93f,lcell_23aba87a5ef1,lcell_23bfbdd6e830,lcell_23c2505cf7b8,lcell_23c825855e93,lcell_23cca559a4fb,lcell_23e82a88b04d,lcell_24006eee7721,lcell_247f9d8287d4,lcell_24f5e4fc3a0f,lcell_2502024198f9,lcell_252675dab994,lcell_2532aed0eabe,lcell_2578c71e11a5,lcell_25b3ebbdfa2f,lcell_25f3655fdbe9,lcell_2612f01e4f18,lcell_2673249781eb,lcell_26e0de1c2239,lcell_26f343bde357,lcell_27045acb5c18,lcell_272c5d2c08e7,lcell_2757ec80d594,lcell_2784200ec581,lcell_27942b6b3d06,lcell_28092953bd93,lcell_286123b494e4,lcell_28791af4a08c,lcell_28913c54a118,lcell_28ae9701fef7,lcell_28c0fe096a1d,lcell_28c7993c1da0,lcell_28ce43e71706,lcell_28e11503dd04,lcell_28f5eaec6bb7,lcell_28f9c6f7562d,lcell_2906a59da111,lcell_294e6e0453a2,lcell_298710cbe326,lcell_2993bd861827,lcell_29a5ca0cdf09,lcell_29c77228a5ff,lcell_29fc8e960d5d,lcell_2a66ac33d660,lcell_2a91acff0a26,lcell_2ac255c04dff,lcell_2aca5159bfd3,lcell_2ada626e2d09,lcell_2b163dedc374,lcell_2b2b57f3c924,lcell_2b601e341beb,lcell_2b7b6973fd51,lcell_2bb9b10f362d,lcell_2c6d75baa86f,lcell_2cf61b104988,lcell_2d0ec78ac13b,lcell_2d90f9c04add,lcell_2d9b7597e696,lcell_2dc7b274b745,lcell_2e29dce91a6e,lcell_2e538dcf20c9,lcell_2e6e2a129f28,lcell_2efb37d56950,lcell_2f447ef91224,lcell_2f4e3a899252,lcell_2f53f9378b7c,lcell_2fb6ebd22017,lcell_2fb82bd126eb,lcell_2fc133fdde88,lcell_2fed740b32f0,lcell_303134e71142,lcell_304864f9473f,lcell_30797de415b9,lcell_3088f8f23a0d,lcell_309ec1cef8a3,lcell_30f6ced25e91,lcell_3103fcb6751a,lcell_31128fc9500a,lcell_311d12da4ec4,lcell_31228343967d,lcell_3143bdd239c1,lcell_318dd80594af,lcell_319f0c5172d7,lcell_325f065945ca,lcell_32bb7f1c890b,lcell_32c3f915e5b3,lcell_33816aa97600,lcell_3382881a4a8f,lcell_33ea67bea47b,lcell_33f338537527,lcell_340caaf83e94,lcell_34d6283784f5,lcell_350b6cd7c6ad,lcell_35744327a83f,lcell_35a943cfad95,lcell_35b8e9cbbd1e,lcell_35ba3f75e5d7,lcell_35ca4fb6bbb5,lcell_35ec76bb22c9,lcell_362f63525674,lcell_365404899232,lcell_365844343a76,lcell_3659ed7e2628,lcell_3661662f0d83,lcell_366f08b5c9db,lcell_36743d2f20b9,lcell_3677280bf537,lcell_3688d2bef68f,lcell_368ad5e326e9,lcell_36bf239bd1e7,lcell_36c52c79f9cc,lcell_36ce6716f2ae,lcell_36fe29470063,lcell_3791ed28eb5e,lcell_38059bba364b,lcell_3823b9efe7cf,lcell_383db23092fc,lcell_38e193b255d8,lcell_3995b1ab2bad,lcell_3a15a0077f78,lcell_3af9f12431ee,lcell_3b02855e1d6b,lcell_3b1733906f75,lcell_3b3181e35676,lcell_3ba840f2115c,lcell_3c47b8ac16b7,lcell_3c6825b8e41c,lcell_3c963b71d61b,lcell_3cb20524068b,lcell_3cbe99bb81c9,lcell_3ceca4c5277d,lcell_3d593233e4de,lcell_3dc91796e0c6,lcell_3ddaec0143d0,lcell_3e356d40c598,lcell_3e61bd8e0191,lcell_3e7df4c10ff9,lcell_3eb39d8068c7,lcell_3ee183520eff,lcell_3f0ea0a7fa13,lcell_3f31fc67de5c,lcell_3f9bd82c169a,lcell_3fe643eb0af3,lcell_40221efa95be,lcell_402dd936108e,lcell_4062fcc44999,lcell_40a5e25d2602,lcell_40a8b97f46d0,lcell_40bc89e8be73,lcell_40cf0aa24ffd,lcell_41183a517937,lcell_41220b1749b1,lcell_4135b0620e43,lcell_4167ff6c7d73,lcell_418d5d63b950,lcell_41a803814dc4,lcell_41c050fa2572,lcell_4240ab5f2b36,lcell_4241ec158252,lcell_4259b93c5711,lcell_4271011ca611,lcell_427f39f71c37,lcell_431c05760ca0,lcell_432f59c73621,lcell_435579244939,lcell_43598a5f1716,lcell_437f2f5aa1de,lcell_438b046536fe,lcell_4395b2396eef,lcell_43a03d496eb8,lcell_43b92dfa61c1,lcell_43ccaef6d79a,lcell_43fb35920109,lcell_44045eb05619,lcell_445d26847eba,lcell_44dfd0be2aa8,lcell_44f4ae7a8569,lcell_45b9f72fb746,lcell_4653487b5682,lcell_4683da149701,lcell_469c3b852f69,lcell_46b9544b6d99,lcell_46c051b5b9f7,lcell_46f30b9e80cc,lcell_470c3dc3fada,lcell_4754a4cc0388,lcell_47594c98e604,lcell_475e7d053827,lcell_4766ac82f832,lcell_482d436997d4,lcell_48aaa1003672,lcell_493b5aab79fb,lcell_495d33544785,lcell_49654cb99c0c,lcell_4a0b739e0215,lcell_4a11fdb5b5c4,lcell_4a175bb739b4,lcell_4a315fb52097,lcell_4a6b4e142c81,lcell_4a86b7355343,lcell_4aa43a41326e,lcell_4aba8acddc9f,lcell_4ad136a5275b,lcell_4ad78124ca83,lcell_4add768df65e,lcell_4b3666439460,lcell_4b3f540b6815,lcell_4b462228e06b,lcell_4bbe976baf0e,lcell_4c3595558137,lcell_4c40d5c6f85a,lcell_4c5f98956e75,lcell_4c7003828292,lcell_4c82ee4c65f5,lcell_4cae93e85c57,lcell_4cbc1358755c,lcell_4d39a4e98271,lcell_4d56070eeaf1,lcell_4d7320f8477c,lcell_4ddbe545f3db,lcell_4df05513c9e9,lcell_4e3a7182ff83,lcell_4e536222058f,lcell_4e589dd1f293,lcell_4ea18cd6dd77,lcell_4ecc6f777cb9,lcell_4ecfcfe03c54,lcell_4ed1cd85863d,lcell_4f240e8de111,lcell_4f6d6d818ed0,lcell_4ffa59c8f396,lcell_500be6bddece,lcell_50229c2928ff,lcell_5025797a4a96,lcell_505e072df331,lcell_508cf81bd9f0,lcell_50a074323174,lcell_50e00e336b90,lcell_50e8d3190642,lcell_512fd6dbc9cf,lcell_516c3558aeb4,lcell_518abe7a070b,lcell_519c6bc7a545,lcell_51a5b01bd1ca,lcell_5232f73e1d4d,lcell_526d3a1bcefb,lcell_526da280a8af,lcell_52bbd631324e,lcell_52f8434456c8,lcell_535d46ed1ef8,lcell_5365c1626cc4,lcell_53760bc71a8a,lcell_53a0b446d62a,lcell_53cde7315080,lcell_53e7d05982fc,lcell_5445bdb333b4,lcell_545a45eff103,lcell_54d82a3cbafb,lcell_54e0d62ef9cd,lcell_54e919c1a540,lcell_54f0d2bcdbc6,lcell_553b89d48f45,lcell_5550e37723a9,lcell_555278c5561f,lcell_555bc87699ec,lcell_555d0fd812d9,lcell_55a010e370cc,lcell_55ac831fada6,lcell_566cea85b2aa,lcell_56ccd597c6bc,lcell_56d7c8c4f4db,lcell_577ec04ed821,lcell_579ca8ca097b,lcell_57b8aa5eb01a,lcell_57c8a34ed9c9,lcell_589921ff9ea7,lcell_5899fc179c40,lcell_58da62911296,lcell_597e372f3b9e,lcell_59a549676653,lcell_59d882d86437,lcell_59dc30977372,lcell_5a3e8a011fd4,lcell_5a9406f4fbc4,lcell_5a993ca64bfe,lcell_5a9aa972df24,lcell_5ab6c022b637,lcell_5b2fc712ac90,lcell_5bccc23a1ee7,lcell_5bf596f8069b,lcell_5c13a6e5f4bd,lcell_5c411d46a916,lcell_5c47796e66d6,lcell_5c56858dd82e,lcell_5c7135df1750,lcell_5c9331698721,lcell_5ca59d3cd29d,lcell_5ca6045ea24d,lcell_5caee737d7e6,lcell_5cb41723d8db,lcell_5cce70b4e50b,lcell_5cd1a38eb47d,lcell_5d0937004c94,lcell_5d2e77058d73,lcell_5d49572242b6,lcell_5d785a9204d6,lcell_5dcea8cd55e5,lcell_5deaa356ef93,lcell_5df1ae0bb60e,lcell_5dfea96f879b,lcell_5e1354d4ee5b,lcell_5e6fc711f086,lcell_5ecda360a4af,lcell_5ed66c8b88b9,lcell_5ee7f73d464e,lcell_5f1e9381f22c,lcell_5f214bc01793,lcell_5f447ca4d7a8,lcell_5f5974a9b9d7,lcell_5f90a76937cc,lcell_5fa9f9954e51,lcell_5fb90750c247,lcell_5fbf9220f1b3,lcell_5ff433acf9d6,lcell_601ea18b21dc,lcell_608a87f28296,lcell_60a4114d134f,lcell_60b7492b5ade,lcell_60c475338fc0,lcell_610ae87530f6,lcell_6127dfe1d7c1,lcell_613eceb5a226,lcell_614e655b330f,lcell_6153349a6da0,lcell_6157584feafc,lcell_61782c3c8fe1,lcell_61ba1e9e273d,lcell_61bcbb1ceccc,lcell_61c96cd4a468,lcell_61ceb8437787,lcell_61ddfb0e2c94,lcell_61edc450517c,lcell_61fc465691e4,lcell_621fee1a88af,lcell_622c6e9cd26d,lcell_626abbde3f1a,lcell_62cbb73a462b,lcell_637122e40818,lcell_637fd3b93efe,lcell_63b47654b9a3,lcell_63c7ce88c38f,lcell_63fc03870951,lcell_6421b7d87b9e,lcell_6484f242486e,lcell_648c624bff12,lcell_64b0190d9632,lcell_64c42d14c751,lcell_64d57b3da400,lcell_64ee6cb2d3c9,lcell_64fac23e1119,lcell_6513ccc18172,lcell_6571dbe6e8e3,lcell_65803ab2683d,lcell_65b159cf9396,lcell_65c9cbbeb6ed,lcell_65e28da83d9a,lcell_660db2e1e896,lcell_6633cb2391b6,lcell_663a192ec44d,lcell_6646f76e5c17,lcell_66e05da18464,lcell_66e332ff9bf4,lcell_6708eef4bc45,lcell_670b21340e85,lcell_67190ba93938,lcell_671951b3ebd3,lcell_673d35ec4d93,lcell_676469b53026,lcell_677ae62e3e99,lcell_677d4a1f0637,lcell_678778c351e5,lcell_67970fd1d06e,lcell_67e1d7fa4eee,lcell_6898a4404c8c,lcell_68dcfd4d79e1,lcell_68f25f1749f8,lcell_69946f065631,lcell_69b8803f6328,lcell_69c82435f6d1,lcell_6a21562e8a73,lcell_6a64c282ecdd,lcell_6a6a468bc95b,lcell_6a6d60922e34,lcell_6a8398b673f0,lcell_6ab75d60b0db,lcell_6aea12a1ff0a,lcell_6b90d243bebe,lcell_6bb1357d8261,lcell_6bfb45bac02f,lcell_6c0ca5c4cac6,lcell_6c2a8c41e3bc,lcell_6c9d449c7764,lcell_6cee3c3e6018,lcell_6d9374dedcd9,lcell_6d9b56fbb30e,lcell_6e2582e169b0,lcell_6e346a067623,lcell_6e3c36ac135f,lcell_6e8f152887aa,lcell_6ebaf35c0fe7,lcell_6eebc26e55c4,lcell_6ef01aa7a5cb,lcell_6f28291cf4ac,lcell_6f38a7e88c2a,lcell_6f6125daca7e,lcell_6f6cd5dc0423,lcell_7007c361e1e1,lcell_7068586949b3,lcell_70733239d7e1,lcell_710c75a5a143,lcell_714477097f09,lcell_718643ec2866,lcell_719a2c6e16e2,lcell_71bb7e46a075,lcell_71c297c7494a,lcell_71d060552a56,lcell_71dd01802618,lcell_71fd390b4cf0,lcell_721de09e50cb,lcell_722e9aac7265,lcell_724b20596f55,lcell_72a95e8c701b,lcell_72c2e5edd18c,lcell_730c6de52e4a,lcell_735413e1f1da,lcell_736ec1a1cfba,lcell_7383284b6f3a,lcell_73a9cfc784a5,lcell_73d7e2f7ae6a,lcell_749a35d5ffad,lcell_75138f73b0b1,lcell_75623e6c8731,lcell_759a8b412c58,lcell_75b615ea86ad,lcell_75d3b36b5936,lcell_75f3f3b6fb12,lcell_7615fe9699e5,lcell_7625a664b7fe,lcell_763436a5d607,lcell_7645763398f2,lcell_7663d288090c,lcell_7676356a463e,lcell_76a943559b50,lcell_76ecedafecd3,lcell_76f03b349693,lcell_76ff09b4afc4,lcell_7707020885ec,lcell_7751c57d763c,lcell_778f75f72054,lcell_77aa7e405556,lcell_77ab8e879e46,lcell_78cb26c1ad7c,lcell_78ce9c836fad,lcell_78e8e866b3b3,lcell_792649e3c0ba,lcell_79486f37ac93,lcell_79697cd6def8,lcell_7997ec06c73f,lcell_79b8fe320dd5,lcell_79dffdfce570,lcell_79fc09930228,lcell_7a280e3c30bf,lcell_7a5be68f2d43,lcell_7a95ded155d9,lcell_7b0134c5554b,lcell_7b3b951a751d,lcell_7b5b793d41b5,lcell_7b61e3c82c69,lcell_7b6db2da9ae5,lcell_7b7f4018c782,lcell_7ba5aa253113,lcell_7bc1f2796bfd,lcell_7bd527fae756,lcell_7c3e92134392,lcell_7c69ea415a37,lcell_7c892a3c5122,lcell_7c8ef02a5e4f,lcell_7d2a7e8eddb8,lcell_7d3cc52d783c,lcell_7d40ca67b404,lcell_7d4eff6be9db,lcell_7d5da38ded8b,lcell_7d8a468e9305,lcell_7dc729007298,lcell_7df6ceac7182,lcell_7eb5f4d840c9,lcell_7eeaf4642105,lcell_7ef55675eeb4,lcell_7f764c369d98,lcell_7f83efc2c35b,lcell_7fa1552aa426,lcell_7fcc41baf77d,lcell_80106196e06a,lcell_80220c1d9b11,lcell_8025bb892eb1,lcell_8047515338aa,lcell_80889926300c,lcell_8098641e560f,lcell_80a5723c0a7e,lcell_81083ecb10e0,lcell_813fdb69acb3,lcell_81642ad7767a,lcell_81801736ff17,lcell_81f7220e8d9b,lcell_81fac54fe29f,lcell_82b67ecc8944,lcell_836c8db06e6a,lcell_83749775cfd1,lcell_8391d234431b,lcell_83b713a61973,lcell_8415eecd9e13,lcell_84351fae3c82,lcell_844569c0f093,lcell_84c59d1df7ca,lcell_84d1ca22dfb9,lcell_84e925d012c5,lcell_85587d1942b7,lcell_859b4090a72e,lcell_85ab3e10afbb,lcell_85b47e7e0b9a,lcell_85c287058106,lcell_85c655f3be90,lcell_85dcf893f871,lcell_86001db9db06,lcell_860bbcc03888,lcell_869625f1f6b4,lcell_86e4f225971d,lcell_86f900a4d87f,lcell_870b8752afbd,lcell_8725692649f0,lcell_8740a9ee2b73,lcell_875ab1beebe3,lcell_87601b9b26a3,lcell_8766b233386a,lcell_87bb4aae5659,lcell_87ead8eeb62e,lcell_88371919d4bd,lcell_8847daaeb71d,lcell_8883003c3c57,lcell_88f714dd3334,lcell_89103dd5b56a,lcell_89126a78116d,lcell_893ceb8a1017,lcell_89b00244d768,lcell_89bcc9e0012f,lcell_89c3aeafe519,lcell_89e5163baaab,lcell_8a1e296046e6,lcell_8a33dc759ce1,lcell_8a43f511ba21,lcell_8a47939c6214,lcell_8a740d5ce843,lcell_8a84145a6308,lcell_8ab8bcf3c006,lcell_8af005c61f7d,lcell_8b2152ff12fe,lcell_8bf689bc58aa,lcell_8bf692c20188,lcell_8c02bcc0e711,lcell_8c0bf8eba2f1,lcell_8c10b5da9d6d,lcell_8c3e2a0aecca,lcell_8c67944020d9,lcell_8c719251c809,lcell_8cb2d190712c,lcell_8cd66d8eddd4,lcell_8d388c1ddfd2,lcell_8d3deb3efc53,lcell_8d5a77f7f7d5,lcell_8d8ff2675f72,lcell_8db46b3489c0,lcell_8e0d933906b9,lcell_8e175a6f66ec,lcell_8e51b7515e5a,lcell_8ec28eb13fec,lcell_8ed4248044d8,lcell_8ee5c6cc3604,lcell_8f0a8805c6dd,lcell_8f666c6dd74a,lcell_8fc02da54100,lcell_8fc302acf88d,lcell_8feaadb06220,lcell_8fed92aaef1f,lcell_8ff55fc3db4b,lcell_901edec29569,lcell_90251f215b14,lcell_9092ff9d0568,lcell_90d4a6c50cb7,lcell_923fd1ad40c1,lcell_9247ec41703b,lcell_92559f9887de,lcell_9277df82f89c,lcell_92892dff8f84,lcell_929dcd69458c,lcell_92abb65e836f,lcell_92cf0f53f752,lcell_92f8cc5ea2f9,lcell_930756e9e379,lcell_9330e4e361b9,lcell_935b0270365d,lcell_93771df608fe,lcell_9377fbaf450e,lcell_938537a3687e,lcell_93ac2cf7c6d2,lcell_942179693150,lcell_94bf966b6ae5,lcell_953ff288dd08,lcell_9549e0bda4b1,lcell_956d82f5d609,lcell_95b60204582c,lcell_95dbb224724d,lcell_95f750eb1256,lcell_9623992017b7,lcell_963b913dd41d,lcell_969e766a1910,lcell_96c54d24bbff,lcell_972bda8f9a73,lcell_979066e35ee3,lcell_97c90e528522,lcell_980e2940530f,lcell_9814533c9682,lcell_981f0107461b,lcell_987e1c7c0f26,lcell_98ab13280efe,lcell_98d31d83b06a,lcell_9965755f7180,lcell_9980eacb2178,lcell_99b9be2ec5fd,lcell_99f668c273c5,lcell_9a0d55190477,lcell_9a3bbf738e97,lcell_9a3e9628dcec,lcell_9a67e756be5b,lcell_9ade71d58384,lcell_9ae640ee303e,lcell_9af0d2710891,lcell_9b438391710f,lcell_9b60599fcb00,lcell_9c134a10e974,lcell_9c576faf379a,lcell_9c6c866bfba5,lcell_9d0e7e7f1f46,lcell_9d264a9bd974,lcell_9d2860f00eea,lcell_9d451edfe20e,lcell_9d700426a577,lcell_9d9c87dcbe7d,lcell_9da7dba11cec,lcell_9db0c81d45d0,lcell_9db5a40d5945,lcell_9dbe66a3b426,lcell_9ddc2bd708d5,lcell_9e1b0c644794,lcell_9e893c3847aa,lcell_9eab7c924cba,lcell_9f10569c7f8a,lcell_9f75db007d60,lcell_9fccaa4c024e,lcell_a0122fb40e82,lcell_a08c5304afee,lcell_a08ce787214d,lcell_a0b593927bba,lcell_a0ff619f2194,lcell_a1236210237d,lcell_a15dff3e8829,lcell_a191dd95a51f,lcell_a19ab41be3a8,lcell_a1b9aca05e76,lcell_a20a276fca57,lcell_a23214c6ce0c,lcell_a286fff87c03,lcell_a2bf8ba6660e,lcell_a2e243ac0273,lcell_a32374b7e6b8,lcell_a35315609e05,lcell_a3d223083d45,lcell_a41e1671eea1,lcell_a420059767a5,lcell_a477b26e466b,lcell_a484c1504fc5,lcell_a4bae1232028,lcell_a4c2db51c52a,lcell_a528450e0fe9,lcell_a52a4c104370,lcell_a54450b84104,lcell_a552e93307ce,lcell_a58ef2cdee6c,lcell_a5908e817e60,lcell_a5e4ba1cb76f,lcell_a6891af8d8d1,lcell_a6985968e2fb,lcell_a69bd595611c,lcell_a6a640ceb93a,lcell_a6af455df4bd,lcell_a6bc18d11db8,lcell_a6c5607e8a56,lcell_a6f0f572fbb0,lcell_a6f65ae4e24b,lcell_a73a3ccc4d56,lcell_a7da9dd62b9b,lcell_a7f5d81cbb94,lcell_a855be4574d9,lcell_a8738478c82c,lcell_a88fbc04a2f1,lcell_a895fa681b8d,lcell_a8bd405d1d16,lcell_a8fcae63d5f5,lcell_a948cafaf23c,lcell_a94eea6e1b68,lcell_a98cd19f819a,lcell_a9a61250de21,lcell_aa28aedd2bca,lcell_aa4b3b8a6ff9,lcell_aa6465431d8b,lcell_aa9dd615b4c6,lcell_ab59c1652813,lcell_ab5cbff5740f,lcell_ab6913389255,lcell_ab8244692dec,lcell_abba22dc09ce,lcell_abbda8e67297,lcell_abcc4d1532b1,lcell_abd7ae126fca,lcell_ac145d7646eb,lcell_ac7e781461f9,lcell_ac9587eeba1b,lcell_aca9775e52c8,lcell_acc1636b009e,lcell_ad41d97fa2a0,lcell_ad4ae8823dfc,lcell_ad5e5b21db48,lcell_ad6606b54b95,lcell_ad6a9d9ecdf6,lcell_ae381661059b,lcell_ae67088ba900,lcell_aedcd573b990,lcell_aee1ada304f3,lcell_af02ba6d6c0b,lcell_af051b5e8f27,lcell_af21f1cf50c0,lcell_af91922b3aa6,lcell_afaed1515216,lcell_b0b5b9d601c4,lcell_b0dba434d6d8,lcell_b0ea26d983da,lcell_b10d429fd6a7,lcell_b1e8ed0cda72,lcell_b1ee625408ab,lcell_b1f7acf63da0,lcell_b21efe4b9184,lcell_b252ad66cab1,lcell_b25a5085bae4,lcell_b337da00dc00,lcell_b33adde1414b,lcell_b37a6e31692f,lcell_b38432c615d1,lcell_b393be92946d,lcell_b397a8d799e0,lcell_b3b0d97289e2,lcell_b4053b2d7514,lcell_b40b5d732331,lcell_b4674c45e20a,lcell_b477aca1c052,lcell_b497446d49f1,lcell_b4d485e765ef,lcell_b513f563bf78,lcell_b523ec225b22,lcell_b5af85d95555,lcell_b60b0f4067b4,lcell_b66e50645aea,lcell_b6942dd2f74e,lcell_b6965d37f149,lcell_b6b587c8c568,lcell_b6c5434817a6,lcell_b6caba69dde8,lcell_b6e219c4f07a,lcell_b73a8288a7e8,lcell_b766056713cd,lcell_b83e0cdd6ad5,lcell_b8749ac18706,lcell_b8a514d91a47,lcell_b8d89a2416b6,lcell_b90de0ee35d6,lcell_b967ca91be00,lcell_b99137482eff,lcell_b9a6ab3b872d,lcell_b9a750bfb111,lcell_b9ec57b835bc,lcell_ba01086db134,lcell_ba1026f90284,lcell_ba1e0012fa67,lcell_ba2ea86a4a95,lcell_ba3d8cf3284b,lcell_ba722c706517,lcell_bafa76862ef9,lcell_bb17d2122e5c,lcell_bb54b88d099a,lcell_bbbb1da8178a,lcell_bbfa54bf3f6c,lcell_bc2d9e7651ba,lcell_bc39aab1667f,lcell_bc507de6d496,lcell_bc8b1e9e426e,lcell_bce976aa961f,lcell_bcf1408f8613,lcell_bd5c483f57ba,lcell_bd7de1302ab3,lcell_bdae0d2fa6eb,lcell_bdc8cc9035b2,lcell_bdd55fdab332,lcell_bde2186f9d0f,lcell_bde93749081f,lcell_bdf654bb631e,lcell_be3d8162d4ab,lcell_bf10c6d313a6,lcell_bf1673899b2e,lcell_bf4f1f791ae8,lcell_bf58d8a699a0,lcell_bf6ef66ee46f,lcell_bf89f56ff36f,lcell_bf8f5ec4cc2a,lcell_c02e3c43eaef,lcell_c040572085ce,lcell_c053c8659e08,lcell_c05f042f4f1e,lcell_c067409df0c1,lcell_c0a508855f34,lcell_c0ac16780790,lcell_c0c38b137371,lcell_c12b984b029f,lcell_c13d050d7f15,lcell_c148d7bd886d,lcell_c16ab684e793,lcell_c1ac41a694c0,lcell_c20237b4ec61,lcell_c20cda3b82da,lcell_c21023b14ced,lcell_c213e8b85a00,lcell_c2270bb075df,lcell_c25fa6ebc87b,lcell_c2b77c39abfc,lcell_c2ee1408feef,lcell_c300a55404e6,lcell_c35f31fb50f4,lcell_c37a293a0336,lcell_c3a7436d7e2b,lcell_c3ec4efba535,lcell_c3ee03feabc0,lcell_c44c9a12d84a,lcell_c474ee3c0830,lcell_c562e3c60bc9,lcell_c58b509b1054,lcell_c5d24e2b564c,lcell_c5fee4e67626,lcell_c6576c44b8c9,lcell_c658e69cacf5,lcell_c66bfb6d1456,lcell_c6b3698ae415,lcell_c73f0247c30b,lcell_c75c0e144279,lcell_c7834f4df15c,lcell_c7b1073ee8e1,lcell_c7d9ef4abefe,lcell_c836b90b4621,lcell_c849186e8da5,lcell_c859fa2aaaa6,lcell_c89b2c742f32,lcell_c8be6f56946e,lcell_c8cfe71da04f,lcell_c926c0c0b25d,lcell_c938394463e4,lcell_c93f3e9f31e9,lcell_c987c77c04c5,lcell_c9d28f7d48d7,lcell_c9fe49b47c47,lcell_ca32d480d03c,lcell_ca40a95e9be0,lcell_ca43dc01db16,lcell_ca46553070fc,lcell_ca51e603182b,lcell_ca52d8cc3adc,lcell_ca54227be672,lcell_ca924cb2e73c,lcell_caf0feb56922,lcell_caf6198661cb,lcell_cb46822c417b,lcell_cb4b8a181541,lcell_cbbf6150ee4e,lcell_cbd586d9d9de,lcell_cc239a4158ec,lcell_cc3c3f5cc83c,lcell_cc43d6438f87,lcell_cc82082a8a0f,lcell_ccd533905102,lcell_cd4c5e6a6677,lcell_cd7304cc44e1,lcell_cd836794dfe3,lcell_cd8e4cec15ef,lcell_ce7d59063e21,lcell_cea07d80d1c4,lcell_cea136d8f37f,lcell_cee12a5567b6,lcell_cf1312555706,lcell_cf33f628b069,lcell_cf68563fb46f,lcell_cfa216390ddd,lcell_cfd3fadff6d8,lcell_d0314ea50e02,lcell_d05acc376c9e,lcell_d061a1fd0ea5,lcell_d067565a8fef,lcell_d0988a0874cc,lcell_d11530454056,lcell_d143a71684fe,lcell_d164f535d95a,lcell_d170971fbf75,lcell_d1831767f5c2,lcell_d1924a27c0a8,lcell_d1b37eeff55f,lcell_d2249f473c94,lcell_d25c2df6c71d,lcell_d2a4c5fb04ba,lcell_d2e062790b89,lcell_d32b8dec5ed7,lcell_d32c84731b96,lcell_d34b28aacc37,lcell_d35022de0148,lcell_d385c09220cd,lcell_d3ac499d2cc1,lcell_d3c3abf2c21a,lcell_d3f0401d2fc4,lcell_d3f590f020b1,lcell_d41732871d7c,lcell_d426b1785820,lcell_d42817a20f1f,lcell_d49080c5c514,lcell_d4ab66cfbe4f,lcell_d4c0570cb207,lcell_d4ce78492774,lcell_d4ce7d7e688e,lcell_d5291a4bf954,lcell_d5313a88460d,lcell_d545b1ff7662,lcell_d593a6fba045,lcell_d59c79435992,lcell_d5c6115bb7c1,lcell_d5d939b0865c,lcell_d61c1177bb77,lcell_d62b9ec9fe9e,lcell_d646d156ec68,lcell_d65c72fcde9c,lcell_d669083844f1,lcell_d6a864fbdc6c,lcell_d71095a34580,lcell_d75be1fe11e6,lcell_d77ecff9e4dd,lcell_d7b6fffe1a3b,lcell_d7d82f01356b,lcell_d81d9b91320d,lcell_d84c8d10ebf2,lcell_d87d590d7668,lcell_d882545ad4e3,lcell_d8a5141f248f,lcell_d8a919f3c61d,lcell_d8e8abf03c93,lcell_d967236fdce7,lcell_da1a80763e0c,lcell_da1fc22ab95b,lcell_da6068290b44,lcell_da7851a6fda4,lcell_da92ff14fac0,lcell_dab73c3c7ef8,lcell_db11855688d6,lcell_db5fb9a5a57a,lcell_db84db877ede,lcell_db9c2c5eb757,lcell_dbf45c6edcde,lcell_dc494c2c7a81,lcell_dc6edf6205c7,lcell_dc7d63ab31c5,lcell_dcb51b852a19,lcell_dd0a2230b1a7,lcell_dd682466417e,lcell_dd7842f7a2d6,lcell_dd9627f54a2b,lcell_ddff31b4882f,lcell_de55689f5237,lcell_de72dab6ec05,lcell_de963bedd25e,lcell_ded57350fe04,lcell_df14b89d5a6a,lcell_df2044d6963e,lcell_df4532be625e,lcell_df493fad7a86,lcell_df5ee2db9b56,lcell_df8bf05c373d,lcell_df938b6676df,lcell_dfe3e4ecd9ed,lcell_dfec931caf71,lcell_dff0424fca26,lcell_e0cc1dc80ea2,lcell_e100d94f26cd,lcell_e116da46840b,lcell_e149e8888815,lcell_e152007c1f11,lcell_e164e99e9bc3,lcell_e16a4df998f5,lcell_e1846c4c5504,lcell_e184a4067ba4,lcell_e1854ebccaec,lcell_e1dfd078154a,lcell_e2094d85cde7,lcell_e21f42b3b471,lcell_e233e67b71ec,lcell_e250a43f7bcc,lcell_e259e4995781,lcell_e265144e8289,lcell_e26593c34647,lcell_e276e9970298,lcell_e28e6a92ad68,lcell_e2900a8f2c67,lcell_e2d9aebd7c7d,lcell_e2eccc2c72fe,lcell_e2f0c7e5bd98,lcell_e2f6b2295699,lcell_e32672d4cd1a,lcell_e37603f3e156,lcell_e3836bcc213f,lcell_e3b7f4fbb66a,lcell_e3c859b47f6b,lcell_e3d7bcbd248b,lcell_e3f544720cf1,lcell_e41bb1d02e3f,lcell_e4751e7df287,lcell_e4bc30dfb834,lcell_e4d7c0efcf9f,lcell_e4e05ac704ac,lcell_e4ef53cb273a,lcell_e4f3ba6918e7,lcell_e510f5979bab,lcell_e534648124bd,lcell_e53782bd826e,lcell_e55af3024c30,lcell_e5601ff457e9,lcell_e5968c71d505,lcell_e5d50a5ddfb0,lcell_e61e954b3379,lcell_e62b9f88532c,lcell_e6426a1c9706,lcell_e659541386f5,lcell_e69498d7278c,lcell_e697664db8a3,lcell_e6b49c19e78f,lcell_e6f936c085e2,lcell_e7000fdff7a6,lcell_e706a37ae4a2,lcell_e71728b0d4ae,lcell_e74baa7fa2c5,lcell_e751671662b2,lcell_e780524db010,lcell_e79c2037e5b3,lcell_e7a1ab56324c,lcell_e7b7fb8e1b76,lcell_e7d7cfe79877,lcell_e81ca78a34b1,lcell_e84b0ea6dd2a,lcell_e84f79286ed6,lcell_e88da733a3bd,lcell_e8abf923855e,lcell_e8ea4957dc1d,lcell_e90d343de5e0,lcell_e9286bdcb217,lcell_e9747a9973b9,lcell_e9cbd382222f,lcell_ea8efa72063f,lcell_ead4c7da43fa,lcell_eb0c137cd41f,lcell_eb2bdda82737,lcell_eb7cbd47539c,lcell_eb88b076382f,lcell_ebbf8d2ad9e5,lcell_ec1c5aaf3135,lcell_ecb9208e527f,lcell_ecf452e11647,lcell_ecf9970e61fa,lcell_edb210cb11e5,lcell_edc31652b6d8,lcell_ee2890fc4a77,lcell_ee2b550ee60e,lcell_ee77657bb6ad,lcell_eec8e0db01ab,lcell_ef0fbe4a799d,lcell_efb498fe7cca,lcell_eff0086da82e,lcell_f01fd9c083b0,lcell_f02c63ec88d5,lcell_f071f8841db8,lcell_f092a1eb43d7,lcell_f0d550028abd,lcell_f0e3b99dec91,lcell_f0e41c78b62d,lcell_f0e4848bc363,lcell_f15ab0c2326c,lcell_f15e63d5bedd,lcell_f1a16405d28f,lcell_f1e8b2af6440,lcell_f22893e41526,lcell_f293d93a6979,lcell_f334c9d9d556,lcell_f35df19544cc,lcell_f36fa50f1bbe,lcell_f3a2ddc48005,lcell_f3a74f6bde52,lcell_f4934aa23418,lcell_f499ea1c53dc,lcell_f4a7ab3acb18,lcell_f4d81f5d4603,lcell_f50dd0dde959,lcell_f51560267ba3,lcell_f55436ac0cb3,lcell_f5688a8ec3c9,lcell_f5b56322c00f,lcell_f5d037bafee8,lcell_f5d2a260b9f5,lcell_f5ec80ad3e41,lcell_f626ab274573,lcell_f62ecac1a2ed,lcell_f64bcf4d1ca0,lcell_f64f800ae7a4,lcell_f656d63eaa4b,lcell_f663b4e02a6b,lcell_f666bfadf95f,lcell_f6ac08ab4b52,lcell_f6f706576d7c,lcell_f758a0c031c3,lcell_f785544e6871,lcell_f7e330bbcf03,lcell_f81b67e8416f,lcell_f82ee6d3c488,lcell_f835486d5306,lcell_f87ed2957bc1,lcell_f8a10d795a6c,lcell_f8e7bba967fe,lcell_f9021c6d4d22,lcell_f96cce9312de,lcell_f993cfbdb552,lcell_f9de5829f728,lcell_fa79afd6f170,lcell_faa341299ea6,lcell_fae6d2117db2,lcell_fb12dc1133ef,lcell_fb21af3c4975,lcell_fbb464c764a8,lcell_fbc14116e8df,lcell_fc073abfe6bd,lcell_fc4c18f8e87e,lcell_fc660252ab92,lcell_fd102220c4c2,lcell_fd2ff838172c,lcell_fd4a962a2d1a,lcell_fd72617c149b,lcell_fd7d6fabd0a0,lcell_fd9a8edfa347,lcell_fdc47cff12f9,lcell_fde8329be12d,lcell_fe18a6ed76ec,lcell_fe759640affa,lcell_fe92692a9c48,lcell_feb1ead72e12,lcell_febb1a31b7d5,lcell_febb9b370580,lcell_fedea4b6c862,lcell_ff34a700d669,lcell_ff481261f6e6,lcell_ffb7d8c56c10,lcell_ffba34f72abb,lrow_00c51f4714c2,lrow_02eb50d0df70,lrow_0adf8c88a62b,lrow_0be274867f4e,lrow_0c1ebd653ad3,lrow_0f0afa373f20,lrow_10b42d9a1a7c,lrow_125bdc3bf44e,lrow_14939ed91539,lrow_163c330b3004,lrow_16ba81dbd5ac,lrow_1d385c879c30,lrow_1d579370277a,lrow_1db92e5b9d3a,lrow_1e21d677c66b,lrow_1efb8b984ad9,lrow_1f20cab454ba,lrow_1fed46b3a8f0,lrow_217d2d1635e4,lrow_276115c1f467,lrow_27ba076141d7,lrow_29781326e186,lrow_2a49c99b4813,lrow_2c29ee454e06,lrow_2dba35425dca,lrow_2e90f8cef745,lrow_31a009c2785b,lrow_35785f470f7e,lrow_38212f8aecbd,lrow_3917cd16f557,lrow_3a8f6aad2716,lrow_3cc1ab36772c,lrow_3daeb0a5375d,lrow_3dde1d3d28ad,lrow_3f2203499afb,lrow_3fc5093d7e5b,lrow_41cf4230bd81,lrow_42d193ed4dbc,lrow_43a94e5509db,lrow_44117d69d370,lrow_4a6222edd453,lrow_4d420e6c8b16,lrow_4d878a69db63,lrow_4dc45773f0ad,lrow_4e98e7930b96,lrow_5047aec3bbf2,lrow_505f59c9169a,lrow_50796f7dc892,lrow_50d7c60a419e,lrow_53b509438ef9,lrow_5524c52f50fb,lrow_5616ddf2be0a,lrow_5620b69e7a59,lrow_586b625e531b,lrow_591fcfa418ff,lrow_5bd3b481190b,lrow_5ca4cc83138d,lrow_5eeb790bf3ae,lrow_60c6a42e2102,lrow_61e29ee9aa93,lrow_62108d31818e,lrow_62d852a7adb8,lrow_64422c7d88de,lrow_677d0ec7baf6,lrow_69c431a5de65,lrow_6b2833a00876,lrow_6e4d53479b57,lrow_6f0b8e129b9d,lrow_6fac0764b52b,lrow_72dc4773b62e,lrow_730760220a48,lrow_74749c5663c9,lrow_76db04e7330e,lrow_784501009e98,lrow_79df31ffd545,lrow_7c5e281a5ddd,lrow_80f95be676ec,lrow_8150bf88dbd2,lrow_830441b2e3cf,lrow_83ffe44baef9,lrow_875ad34d325a,lrow_89816d73f358,lrow_8ad4310642b0,lrow_8be327bf3bac,lrow_8c475ed2252c,lrow_8cf40be57e31,lrow_8d051986b0d1,lrow_8d1eacdb49c1,lrow_8d3b09671408,lrow_8d594afa6e51,lrow_8d74ed586e50,lrow_8edf633957ba,lrow_8f22da780449,lrow_901cd195190d,lrow_920ebb6671a2,lrow_926d1a48000b,lrow_9336855a014f,lrow_95d600566032,lrow_9780bc73d1bc,lrow_987a1f86503d,lrow_99303b48bf38,lrow_9a5a45535d78,lrow_9c1a6cbd2bb6,lrow_9c47fa7e1b45,lrow_9cbbb04a55eb,lrow_a13c8cabdac9,lrow_a1e8addea92c,lrow_a28da65a48dc,lrow_a2eca5a4e60a,lrow_a2ffbfe7bbc7,lrow_a33a2282d98e,lrow_a35b705b225d,lrow_a43db0beb097,lrow_aa3b43c3f78e,lrow_aa56baa101c8,lrow_aa6f908d97e1,lrow_b0d94a55ea1b,lrow_b1f5b48b833d,lrow_b22e00c0b625,lrow_b338a42c95d9,lrow_b4b1cee0b5fb,lrow_b4b4c04b5b0e,lrow_b843f3af4dc3,lrow_b97763359f13,lrow_ba2da9da7834,lrow_bcc968d3bcf0,lrow_bccdda63df1b,lrow_bd330ed4f6b0,lrow_be11eacfb213,lrow_c0c94d9b1701,lrow_c0f6cb68ad58,lrow_c58008e376a1,lrow_c743f2f0e9aa,lrow_c7fd94bc9c20,lrow_c8dba08a3104,lrow_c8edab0e5beb,lrow_c8fc6663390e,lrow_cb54d5fb6810,lrow_cbcb7e08dc0d,lrow_cc949ab54c40,lrow_cd22f23ffebb,lrow_cf1b742ced3c,lrow_cf77758b2a19,lrow_cfc55dfdcb88,lrow_d02fd8be222d,lrow_d14d2f960f19,lrow_d1c479c338cb,lrow_d4cfeae34818,lrow_d5fc41d11c15,lrow_d8d5d62065d7,lrow_db08e696e11e,lrow_dcc11a97483b,lrow_dd1586103e52,lrow_e191e5eef9fa,lrow_e1cd1a39c6e9,lrow_e3ed3311e38b,lrow_e6735adf5360,lrow_e6b954f9eab2,lrow_eda3aaa497cf,lrow_f03f296c6197,lrow_f104f03ad887,lrow_f1976c4d267d,lrow_f1a46105319b,lrow_f611b712b5c8,lrow_f616076f6d2c,lrow_f6493879d0f6,lrow_f710b9d9c19c,lrow_f8b8619b966c,lrow_fc53ff338584,lrow_fc90b0306bb7,note_0b00bdc4a210,note_1596825acb4e,note_2719d5bc9b6f,note_28e9cf7e5e23,note_2b7e04e8b5fc,note_3440093ecfb3,note_39cb0563b736,note_3ede30247337,note_4ccbf40830b2,note_8185ccbe8e38,note_92008279d354,note_9b2fe9375673,note_9d629e1da3a7,note_ab8586c19eda,note_c3b75a1ce8a5,note_cc8ad876eb26,note_ccdeacd6103f,note_e40b650a22d7,note_e68891082625,note_e9d1068aaee0,note_ea6f37aca88c,note_ebaf297df022,note_ebbd6405f15a,note_f8c45e75f00c,note_fe679ae16bd6"
18c2801a-22fd-5686-9846-840e82c5d693,SUBSTANCE_TYPE,이소프로필아민ㆍ염화카드뮴ㆍ산화제2코발트ㆍ사이클로헥실아민,이소프로필아민ㆍ염화카드뮴ㆍ산화제2코발트ㆍ사이클로헥실아민,lcell_c8f374d57969
c68d6f7d-b4b0-5ecb-ae68-1ad213f989ae,SUBSTANCE_TYPE,이트)[Methylene bis,이트)[Methylene bis,lcell_a1236210237d
67a74905-e9a0-59d1-9c16-306463282b74,SUBSTANCE_TYPE,인듐[7440,인듐[7440,lcell_17a66f991b33
feedd9b7-b770-5eda-a2f4-313eb374f90f,SUBSTANCE_TYPE,인화성 가스,인화성 가스,lcell_57ad977cb6dd
41973a06-3136-5b5b-88f2-6a32eb26c317,SUBSTANCE_TYPE,인화성 액체,인화성 액체,lcell_d5c0b620dabb
6da49d64-8252-5d03-abdf-25f83254eff4,SUBSTANCE_TYPE,"정, 전립선 증상 문진","정, 전립선 증상 문진",lcell_3eb39d8068c7
e289a12f-2662-5bdc-83ed-8185b47c7238,SUBSTANCE_TYPE,"정량, 피부첩포시험, 피부","정량, 피부첩포시험, 피부",lcell_a41e1671eea1
52fc09e1-1b1c-5a30-8f3e-dde76cda6554,SUBSTANCE_TYPE,"조사 탈수소효소, 총빌리루빈, 직접빌","조사 탈수소효소, 총빌리루빈, 직접빌",lcell_6eebc26e55c4
10267c6f-3d24-5290-8cbd-7909204b279a,SUBSTANCE_TYPE,주요 표적기관과 관련된 병력 ① 호흡기계: 흉부방사선,주요 표적기관과 관련된 병력 ① 호흡기계: 흉부방사선,"lcell_79dffdfce570,lcell_7f83efc2c35b,lcell_8c0bf8eba2f1,lcell_cee12a5567b6"
f41a7659-79e8-5fa2-a0da-640b3b72880a,SUBSTANCE_TYPE,주요 표적기관과 관련된 병력 조사,주요 표적기관과 관련된 병력 조사,lcell_0091be72e5c5
5af87986-87e7-5183-b39e-1302c3de70ec,SUBSTANCE_TYPE,"주요 표적기관과 관련된 병력 호흡기계: 흉부방사선, 폐","주요 표적기관과 관련된 병력 호흡기계: 흉부방사선, 폐","lcell_2f447ef91224,lcell_eb7cbd47539c,lcell_f35df19544cc,lcell_f5ec80ad3e41"
8d233daa-97ac-5e35-a251-70cf5bcd7f6f,SUBSTANCE_TYPE,주요 표적기관과 관련된 병력조,주요 표적기관과 관련된 병력조,"lcell_0c99f051fa26,lcell_0db5b6c63748,lcell_11301b6544fe,lcell_22d866ef3c80,lcell_365844343a76,lcell_4240ab5f2b36,lcell_43fb35920109,lcell_44f4ae7a8569,lcell_4ddbe545f3db,lcell_545a45eff103,lcell_555bc87699ec,lcell_5ca59d3cd29d,lcell_5d49572242b6,lcell_6e346a067623,lcell_71dd01802618,lcell_7383284b6f3a,lcell_7bc1f2796bfd,lcell_82b67ecc8944,lcell_8847daaeb71d,lcell_8feaadb06220,lcell_9c576faf379a,lcell_9d700426a577,lcell_a191dd95a51f,lcell_b21efe4b9184,lcell_b25a5085bae4,lcell_b8749ac18706,lcell_bb17d2122e5c,lcell_c66bfb6d1456,lcell_c859fa2aaaa6,lcell_cd8e4cec15ef,lcell_cea07d80d1c4,lcell_d7d82f01356b,lcell_e534648124bd,lcell_ebbf8d2ad9e5,lcell_ecf9970e61fa,lcell_f0d550028abd,lcell_f5d2a260b9f5,lcell_faa341299ea6,lcell_febb9b370580"
baff926c-0fa4-5d8c-a1bb-4dc4c7500c87,SUBSTANCE_TYPE,주요 표적기관과 관련된 병력조 ① 호흡기계: 흉부방사선,주요 표적기관과 관련된 병력조 ① 호흡기계: 흉부방사선,"lcell_0139bef6308e,lcell_014f397d1d83,lcell_161eed1d2080,lcell_4259b93c5711,lcell_4a315fb52097,lcell_577ec04ed821,lcell_6513ccc18172,lcell_8766b233386a,lcell_93771df608fe,lcell_d0314ea50e02,lcell_e71728b0d4ae"
71458758-1d62-55cf-8815-eee9a8585213,SUBSTANCE_TYPE,주요 표적기관과 관련된 병력조 사,주요 표적기관과 관련된 병력조 사,"lcell_8db46b3489c0,lcell_b397a8d799e0,lcell_cd4c5e6a6677,lcell_d061a1fd0ea5"
7b3756cc-4692-5eeb-b21e-08478ec2afe7,SUBSTANCE_TYPE,"주요 표적기관과 관련된 병력조 호흡기계: 흉부방사선, 결핵","주요 표적기관과 관련된 병력조 호흡기계: 흉부방사선, 결핵",lcell_0b09dbc8b2dc
c968f56f-1e84-5eab-bdf6-c3ef178df3b4,SUBSTANCE_TYPE,"주요 표적기관과 관련된 병력조 호흡기계: 흉부방사선, 흉","주요 표적기관과 관련된 병력조 호흡기계: 흉부방사선, 흉",lcell_ead4c7da43fa
3b19f27d-8ea2-5370-9f96-29a124573709,SUBSTANCE_TYPE,"주요 표적기관과 관련된 병력조 호흡기계: 흉부방사선, 흉부","주요 표적기관과 관련된 병력조 호흡기계: 흉부방사선, 흉부","lcell_2fc133fdde88,lcell_40bc89e8be73,lcell_5bf596f8069b"
cd6eddd6-79ac-514f-b105-b8e6e0ff8d01,SUBSTANCE_TYPE,주요 표적기관과 관련된 병력조사,주요 표적기관과 관련된 병력조사,lcell_d0988a0874cc
bbe0908a-dd11-5342-9ecb-4963119f9633,SUBSTANCE_TYPE,중 벤젠ㆍ소변 중 페놀ㆍ소변,중 벤젠ㆍ소변 중 페놀ㆍ소변,lcell_f0e4848bc363
a85a496c-819f-50bc-a38c-36ebe044131b,SUBSTANCE_TYPE,중크롬산 및 그 염류,중크롬산 및 그 염류,lcell_77bde35be2d5
0c7cf42e-c345-54ba-bff9-a5f2e8b46929,SUBSTANCE_TYPE,증상에 유의하여 진찰,증상에 유의하여 진찰,"lcell_18aae066ff58,lcell_663a192ec44d,lcell_c040572085ce,lcell_e6b49c19e78f"
bcbeb2ab-3df3-5f24-9f2a-b687218db447,SUBSTANCE_TYPE,"진, 흉부방사선","진, 흉부방사선",lcell_0816e0021809
344a27ff-76e4-5efb-b0aa-6d3fdf62497d,SUBSTANCE_TYPE,질산,질산,lcell_84ec8df95d7e
bf59b74b-35e9-546d-be6a-033f1be74a51,SUBSTANCE_TYPE,질산에스테르류,질산에스테르류,lcell_57f2b14ea1f2
240fd389-4a1e-5245-a3bb-3c25baddc225,SUBSTANCE_TYPE,질소 트리플루오르화물,질소 트리플루오르화물,lcell_5266cfb92b91
217e04c8-b51a-595c-9d40-782adb81e2bb,SUBSTANCE_TYPE,차아염소산,차아염소산,lcell_525c8bf9d78f
75461514-2864-5823-9453-08ce0f364350,SUBSTANCE_TYPE,차아염소산 및 그 염류,차아염소산 및 그 염류,lcell_68502a44d9b5
940ac0d7-c9e4-5ed2-8fe8-bf0365b9994f,SUBSTANCE_TYPE,"차아염소산칼륨, 그 밖의 차아염소산염류","차아염소산칼륨, 그 밖의 차아염소산염류",lcell_0d3dc303ef30
92cf97ca-ae9e-50c1-95bb-a81d483cf3ab,SUBSTANCE_TYPE,카드뮴 및 그 화합,카드뮴 및 그 화합,lcell_555278c5561f
77ed6bed-2e9e-58f8-a5ba-d09c3613fa45,SUBSTANCE_TYPE,칼륨ㆍ나트륨,칼륨ㆍ나트륨,lcell_c8897e2f2a58
9126ef3a-c2b0-5f38-98fa-d483891126b5,SUBSTANCE_TYPE,"칼슘 탄화물, 알루미늄 탄화물","칼슘 탄화물, 알루미늄 탄화물",lcell_7f25d8b84e9d
8c6d001a-4136-5ab1-9c42-5274a7ebb9df,SUBSTANCE_TYPE,코발트 및 그 무기,코발트 및 그 무기,lcell_e250a43f7bcc
a2427b7e-b0f4-5c84-9492-bd3007041755,SUBSTANCE_TYPE,"콜레스테롤, 트리글리세라이드","콜레스테롤, 트리글리세라이드",lcell_7fa1552aa426
99e4be8f-3f58-5047-a86d-f58dbcf3f58a,SUBSTANCE_TYPE,콜타르피치 휘발,콜타르피치 휘발,lcell_efb498fe7cca
3aaf1607-800b-5432-9ced-39df90697aec,SUBSTANCE_TYPE,크실렌ㆍ아세트산아밀ㆍ등유ㆍ경유ㆍ테레핀유ㆍ이소아밀알,크실렌ㆍ아세트산아밀ㆍ등유ㆍ경유ㆍ테레핀유ㆍ이소아밀알,lcell_021c1c6fb07c
7115b8c4-be11-56e9-a06c-d9aeee5f4670,SUBSTANCE_TYPE,클로로-2-부텐ㆍ메틸비닐케톤ㆍ벤조트라이클로라이드ㆍ산화카,클로로-2-부텐ㆍ메틸비닐케톤ㆍ벤조트라이클로라이드ㆍ산화카,lcell_a9e8965efb22
c615f19f-578b-5afc-8a1b-23db94d691ff,SUBSTANCE_TYPE,톨루엔,톨루엔,lcell_1941245444f1
5ff10f9c-faab-5c0c-b30d-3f52ebf734b1,SUBSTANCE_TYPE,톨루엔 디이소시아네이트,톨루엔 디이소시아네이트,lcell_90b5d4d8dcc5
3af18719-af53-5e0f-b552-36513f6e2828,SUBSTANCE_TYPE,"톨루엔-2,4-디이소시아네이트","톨루엔-2,4-디이소시아네이트",lcell_0253a9c1ccdd
78ad469d-537f-55d9-9c38-1e542aa62f39,SUBSTANCE_TYPE,"톨루엔-2,6-디이소시아네이트","톨루엔-2,6-디이소시아네이트",lcell_1309ad87d2a1
c8470868-84f9-5705-b7d4-3f34124dd81f,SUBSTANCE_TYPE,"트ㆍ디클로로아세틸렌ㆍ플루오로아세트아마이드ㆍ케텐ㆍ1,4-디","트ㆍ디클로로아세틸렌ㆍ플루오로아세트아마이드ㆍ케텐ㆍ1,4-디",lcell_86dbe5d187da
4a7235fb-b013-580d-8c35-2681f1137b8d,SUBSTANCE_TYPE,트리니트로벤젠ㆍ트리니트로톨루엔ㆍ피크린산 등,트리니트로벤젠ㆍ트리니트로톨루엔ㆍ피크린산 등,lcell_7e76f324bc0b
f5e069c1-08bc-5167-b86d-1ce6e979d573,SUBSTANCE_TYPE,트리니트로톨루엔,트리니트로톨루엔,lcell_d5c93879b90e
5e407af1-7932-5978-a80b-00e9674c128f,SUBSTANCE_TYPE,트리클로로메탄,트리클로로메탄,lcell_048fe303a9ab
0b503228-1b1d-52cd-a229-c14427bc3e03,SUBSTANCE_TYPE,트리클로로에틸렌,트리클로로에틸렌,lcell_7b5b793d41b5
21162a79-b38b-5898-aca2-daf30459fc51,SUBSTANCE_TYPE,틸에틸케톤 과산화물ㆍ디메틸에테르ㆍ페놀ㆍ벤질클로라이드ㆍ포,틸에틸케톤 과산화물ㆍ디메틸에테르ㆍ페놀ㆍ벤질클로라이드ㆍ포,lcell_6ffbb57cc94e
2998826f-abcd-526c-bd9c-a8bb087bbf3b,SUBSTANCE_TYPE,"판 수, 백혈구 백분율","판 수, 백혈구 백분율",lcell_ab59c1652813
6acb5349-5d5c-59f6-81b4-ebbbd84ffbbb,SUBSTANCE_TYPE,폭발성 물질 및 유기과산화물,폭발성 물질 및 유기과산화물,lcell_9792c61e9fc5
33cb43a2-5c46-53f1-8bff-4b8548d05035,SUBSTANCE_TYPE,푸릴알코올ㆍ아닐린ㆍ불소ㆍ카보닐플루오라이드ㆍ발연황산ㆍ메,푸릴알코올ㆍ아닐린ㆍ불소ㆍ카보닐플루오라이드ㆍ발연황산ㆍ메,lcell_764b8095a07a
74a07d31-0d38-5b26-bf59-ebeec1f6c535,SUBSTANCE_TYPE,"피부단자시험, 비강 및 인두 검","피부단자시험, 비강 및 인두 검",lcell_c16ab684e793
c1a55de2-a3e4-562f-b834-5fa518b4c8d7,SUBSTANCE_TYPE,"피부첩포시험, 피부단자","피부첩포시험, 피부단자","lcell_1639dc87cb0a,lcell_81801736ff17"
9fad9923-ce23-5edc-abc0-3fd1ec29c702,SUBSTANCE_TYPE,"피부첩포시험, 피부단자시험","피부첩포시험, 피부단자시험","lcell_1e5c045a1f74,lcell_81083ecb10e0,lcell_caf0feb56922"
ed93739b-7e41-5402-a91c-56830013e189,SUBSTANCE_TYPE,하이드라진 유도체,하이드라진 유도체,lcell_52a3bbeeaa43
d91b299a-506b-55c5-bbda-34fd3f165892,SUBSTANCE_TYPE,합물,합물,"lcell_4ecc6f777cb9,lcell_e9286bdcb217"
4b3cfe12-2c40-5458-b786-e9f75df3367d,SUBSTANCE_TYPE,"형성호르몬, 난포자극호르몬, 테","형성호르몬, 난포자극호르몬, 테","lcell_1d5b58af6c02,lcell_202f4b172072,lcell_7b7f4018c782,lcell_f9021c6d4d22"
0a77eb4a-a4ba-5b1d-b1c4-d2aca2aaca85,SUBSTANCE_TYPE,"형성호르몬, 난포자극호르몬, 테 스토스테론","형성호르몬, 난포자극호르몬, 테 스토스테론",lcell_61bcbb1ceccc
9a6370e1-c1c0-5a79-8f8a-aaa1a5d33ffd,SUBSTANCE_TYPE,"호흡기계: 금속열 증상 문진, 청","호흡기계: 금속열 증상 문진, 청",lcell_4d7320f8477c
719ee062-c055-5b9a-9513-b5c297165351,SUBSTANCE_TYPE,화학물질명,화학물질명,lcell_778f75f72054
b7a27d18-082a-5539-9cd5-421bc7264caf,SUBSTANCE_TYPE,화합물,화합물,lcell_98ab13280efe
5b901c82-a05b-5623-9bee-c41f7c46910c,SUBSTANCE_TYPE,황산,황산,"lcell_1e348bd1073b,lcell_70d595b09f71"
39c66673-b07f-5924-8925-63fd9b93056b,SUBSTANCE_TYPE,황화수소ㆍ황산ㆍ질산ㆍ테트라메틸납ㆍ디에틸렌트리아민ㆍ플루,황화수소ㆍ황산ㆍ질산ㆍ테트라메틸납ㆍ디에틸렌트리아민ㆍ플루,lcell_c65383faab0c
1f913b55-d495-5de8-82a4-939de15a91f6,SUBSTANCE_TYPE,황화인ㆍ적린,황화인ㆍ적린,lcell_3267e99967a7
4f250f9a-9ab6-5d28-bc47-abe4d55f0ff9,SUBSTANCE_TYPE,"흉부 전산화 단층촬영, 객담세포","흉부 전산화 단층촬영, 객담세포","lcell_7a280e3c30bf,lcell_c44c9a12d84a"
1f27598f-5715-523a-a80d-aa3db4c7d843,WORKER_TYPE,100분의 70,100분의 70,lrow_7321a7cc07ab
7df96a9f-00d7-5ea6-bf3f-89f702c82664,WORKER_TYPE,100분의 80,100분의 80,lrow_117c2ff754d2
25005031-0521-5ecd-8091-ea3ad6aff5d7,WORKER_TYPE,100분의 90,100분의 90,lrow_30fe0ad2123c
bdaf241c-8888-530e-8e64-e5abacd1e27d,WORKER_TYPE,건설재해예,건설재해예,lcell_1a0f1fb12467
9cc435a9-477e-5aea-b464-6b0f00e22dc5,WORKER_TYPE,건설재해예방전문지도기관의 종사자,건설재해예방전문지도기관의 종사자,lcell_8ca3d184d35b
d70d95f7-7646-55cc-b7aa-c582eecf3912,WORKER_TYPE,교육대상,교육대상,"lcell_194277fe8401,lcell_7f1de911f74c,lcell_bca43d99b860,lcell_c7bc653e5a7c"
e58484f7-9146-50ed-8a08-af02084d9426,WORKER_TYPE,교육대상 교육시간,교육대상 교육시간,lcell_7eb225ef6b71
235dd4b9-1de7-5508-8eba-f423e8fbb7f2,WORKER_TYPE,근로자,근로자,"00260d39a5d5f073fbefc7ae5b7defa1e508aca3,009cf5bd5d388a8e1561aab29a23fb92bc66f9c1,009e8bd7e7159d8ca9acc530c157978814428660,00bf550a064a9dceb2ec153f0b2ca8c57f237038,00f9a856d8470c234e3ce5acc91263d352ad39ee,012ac1d4cc4a8bb880f6a9a01eb13c4ac3a29e97,01772b29acba7e37b50e4a554e9ca5eae3316080,024932a1e718f2dcdb36e8ead8987b78df1904dc,024a5eefe141b829c293ce67cc8c73699286f33b,02859228598d9e22d2d04ae36651769974e0be7d,02a6c05922139f8e7d417dd959c117c7923a95fd,02e4fc9f2e1efc64716b7ffa184361ae3a4bb292,02f44a10ff7fcf3cc0539769d92f57135bbff9ba,031a013bc128c57174baf88e70f7900547ff49b1,037b247d98ddc4cc0ba8b6a4cc811aeca0f1f772,03806eaf40eb4df092fa708ec8563e850c3081d1,03aff0709d9a0a7cb0f9476d7b25066e2ff84a70,03f287d28951ad4c63a3f9f96a2cdb57b7a67c8c,0476656e7ba6619eb06e3dd49ead2a6cf3ca826e,047729e8659951170ee5773ab1104d17ca1152ee,049267d71eba2375b3381e7989c46145c62a08ef,04c468d88ec7f7b7622292a52a371efd9fcb31d3,05890851673d3d89afb7cf8e48ca758203e33f9a,059d4ccc0017ada0e02bbdf17f840377ef74cce7,05d2813323d28fc523df22f0d909c5bf98206bad,064c8a2c752d98d6ef73f707394ba68ac33d16a5,06ce429384d15cf7fb379c47a94b35fd03c930e4,06d458ad433e66ddeb5b02f791098c17468b7266,06db00bba560196d2e2fd39fc50e5ea4440fffd3,074d33b0ee7f3934429af78b8927ab568c0976eb,07a057b80c65f8c7270be91f8aefccc6fd0bd808,07a9e49988a9a2b1c832fc57a009911b6d9d2d23,07bce102ac8924bc743fff72fb8e0ded4bc13aca,07c1019acd243d18c82f34a2259290c1e3e2fada,07c3a716187c90478972ee5e3f99b8ef891fd022,07fb10c806ada5809928b44c8c4305552dce841f,08189101e9e3a5923f3b9e80210f19920003a1ce,085e625310bc36a68d95eb153d9e1af428657e59,08852f795b10ef2bd7f8bd51c60b21861f255544,08b3ff3afe0c7447f40640a7d95abee87c96fefe,08b68ea84cb092bf57cda90b3bc46a04b76617f7,091046cd829b03bfbff9be39717c7e388a0e5e38,097b68ea73e6fe0b3022291d80a45d065ab99021,09f59f0f907dbc8385fea3cb118725e8e1ebc918,0a3079ab601251270bc6ac4a1b6290996d9365e7,0ac4a4ab48948de2ea3d221827297565c6e9c8d7,0aecd47d38ebbac53cd48a942fe4251b918deed7,0b44716ebc5a7748046c9c5aa42dafe0a082d7a9,0b4826c702b3e40d8396db2f547d8b8f102011cf,0bc255e13dab03f2815afefa03b94ea3cdd63455,0bd9f2ae39e6c8ed41c016670e620fc6d7874cd7,0be84a41472699cfe3cee3365cd5bf1709b495ae,0c44b10079c28ad0892d5b64fab72699e863c0ee,0c48f9a6b5606ebb151f3ee5ca25fdf6b5a6ffd1,0c95bbda3013464bdb624bac1aa6ef5dafeed886,0cdd8f929f11e05bff324438c646c467ea4a92c5,0ce2db580961586fd596d4948857364e2405d2d7,0d24637d20f31bd78689d6997b09f776d4fb5b51,0d4ae765f2ff8814974672ebdda19b9d498cf83d,0db4ea5d9e1df4772503afaf506c63e13d89de22,0db7fcfbe9b0b4551892e85828e1134a98fe238a,0e1a8b54af51df4fc1e1a3251ca1d5b915616b21,0e6e64d4759ef812eb761a0f0d097f59a6723e5b,0e84814cb52eeb2fa1c34fa1c4352bd4ceb9ec63,0eabad9e6adad75b27de986850a6f273f63c3bbf,0eed40e5dd29f938286943cff7fb0c7f3b080d65,0f20982dc6f1d495d8daea214108bd912e9db45e,0f3e600dc605d7aaa483b6e9fd6ad397f03f7f35,0f4ba7d27ff3bbd35c26ec23ec013015b04358a2,0f61549464b06b36dff4eb4eafd115f6db1e02e0,1000e0d534c06e40183f788967605b5083d570a1,1041bfcf562662c73aa389c8c5bbe07013fc2aed,104d632072b70a2cddb10d5647aa7175a9cffc40,1085c76b8c16952401dc085c99637071ec62acc9,108b524964af47d44165edf689fb209056bce22e,10c66744f6251765917cddbb462906a1f26b5a02,110cd159d63f70019054d83b4343dbd76d577611,110d26fcb301070c1bef7e573cd89917cecbacdc,117364b603c9217da46b9eff2ed0daba51543330,118d91859860b4a267374616d9e8cbd165ef45bd,11967ec94323047005f614acf8af69afd13bd103,11ba9f2ad908a1560a2b9121a53e426158464263,125900ef6ce210ffeb112b8f412ca5836f823e34,129b65832d52d8e0445fa69389f711abeed9f1ef,12a97a700b338aec5074a471b96e55171179680a,12aeba498bc0adc874df5ec0712d93db63e87487,12d6b682799b3566b0ec7a16164f87cb155bd4cf,12d7ad2f857c6567c9ab42d59ef77ba979389eb8,13084ab4b1bf9da42db8e92406bdf82fa369cf42,131a5b56cb7d23256b00a932b99b2905936dd474,136a1444d944f50dc334e2d58d0cd63d45c37a0d,1411b0d0fc4027609951b76c4c7c7df0e25d4856,144b1cee6250863427c50f0a8381ab6bb4cc2053,145e0be74f0ea9810750d19fdf190fee6c94c4f1,14aa079797cfac44ba6182b8a1dbe8399dd1410c,14dd3cfeb3819c08ccd65c3e0319bbfbb7f77a12,14f3dbbe5c43c13a53aca0a49435e1e2ba6447be,1507015cd90d84ec31d86fba1d3599ddf198abde,150f71c7c32b0bcf20967c5753f91392fc66f74f,156617e7199c5140674f1d21c5c089767a1f4ed8,15ca6235a47195d7abaebe71db8af12cbc2ee45f,15f959be67525e0b90200b8af287c85336329ee5,16016ed461c80983870c34448d3c5431a4f3fc9a,1648519d9e01618284ac532cb44182e5d73305ab,169a812f4f4d55017dafc56e6455f261552d5228,16a7273dc41b18d58ebff2ded23547a24747e6fa,16d56412d32bb4a25d4fb54f63c8b10d89bcc227,171e7f3cc76f993a2ded6cc0015803c05a6dcea7,175e6eb95fd62acca0a53593426dcfc02a7b1bfc,1788f325c57570097a1aaeccd0ab437bad55e5fc,1799dca89201ffb34b146ebd9bd8fed1b7f1f1ac,17eaf0df8ba1c4bc6e4139cada407456e840edca,18060dff401b6a61ea406c76150b0b4ca1ac610d,180c30ab5744a1dc68382005afa56e8b75b62238,186e1d2db3917fcc7e8d5419ca31dd282f72509a,18c6dfc1542391c21baefc74c2cacb1c27112e31,191eb27e56a49cb5bbc8eafe32c5d7bff96c8457,192f414eb7134d2c76f742f0e3eea14fc92d5991,194bdb2f1bf22032477f9d836ed9cebd6fbcba60,196137e8166ac5b5bd3b68e160cebe182af8d307,19d31e80b7d885892bfce68c3aabf4b163676469,1a40ce996d5c7abc01c4f1163ee7b19983c69765,1a6600d74037ad34b822a0afef646edf8a103e33,1a8d9f0edea9550dc4596e8f29c692e887bb97d9,1a9500b03710be05020749dfeda6573ec3c2a9a8,1ab03e5e67822d005227ffbd0d9376b4f11e4850,1ae1cd852c81043e1774889290be2eebc360c1c7,1b4ef51b3d756d98c8444b9482c57d94ec4cfa46,1b5743e29aafbab9ed3bcfe748b06eea3882ff0f,1b90deb467c2a3566f9fd12237e347884cca34f5,1bc8e102c97ca2022b82216a9583f9266d983ba8,1bdb1599d2e20e24f9da5bf40c8034f342ce4f0a,1bf49c21a85bdcb406e49d6c6677b9f2488e588f,1bf5a5de8b35604b0fa099d8a924c412ce9c5f7b,1c052a6f3f82a9d24b24820b7aa43d6ffbb57572,1c0bdcbd36c0d5fcc2df44464329f0ddbd0735e5,1c1bfedbe057a45368af3b7bc09743ca40a6aa83,1c8d0af34eefac68b30d27c4791d4c986538d6f4,1cbf43a718083c956c28f77962a1ebaeb1944284,1cf5709afe0134f300552267067dd30bfe9e1126,1d1f444bb17efb74ee98dd3b5d390b7975fb97c6,1d76419155eef386b773470799101c9fbd280a5c,1dc6a1bc329a271f40fe53deedd47d745ee5c36a,1e19342211c7eae822eb1cac48788553be88391f,1e20f0b8e17b5d0106ebec68871fbce8420b5dc6,1e666b8885ee1921e74f3168e8bfa7c7f2a1a5ec,1ea8e9ae59a559186a417ccc30af6e0e532b3576,1ec535b1c9e8fd1ed3893ac53fdbc768765af4da,1ed3dfdccba39da269f81804448ffb845c7865c9,1ed860ae5d41ec5d0b325b0a79656bdb21ea994b,1fa5e608509cb57b12e7d9673dd4592955bb846e,1fe24fa71b36904f2a56d84dc2617a33695c69ac,201b9281417e6ff3dae358348d057dc0bca03cde,2081e1a68aa14e2158db447e466d6df423121ed6,20c56e5cdfb89e106a3799b9297af6ff93d4ee0d,20e2ee2fae8837ffdeb406f0590bef6abb8c264b,210ce7a58b83cd155c300d06c2f1f2aeb5791b50,215316317b5b2aa597222fb793ba8d14380e046b,21bae8e84e44a4e5adf49009eb574e364b2e6e12,22487bb183812ff13b5814f3e733c9a9474384d1,2371985f90ce5a1b6b3ca7faf0d26444d7f2c424,245b65b12b238925cd7a1be0b8db975f23fd27fa,246afb103d2722247ce1ce5d12b5318a5b78c79a,249450635a6797cf49ac9b3250529aa4a49c1c9c,24cdc74023925893472593e8b31dd5d8cd10ab2b,24d470fa6f7347e5a22ef52d9772d656cd0ca7d3,24d59f6a964a8d3c209e7d32a037016b719d4e05,256c5221c18e1c8b96f95efdeccb367672afffcd,25fcac34e50b29b0a82718db17454270df3ce029,2625bd4345bb48c25f0ae0f1e0f0b9223c60c6c4,264f37d6af23875a47c0214de276870173553a84,26689914ae9b740e0ca8a4e765268668e7233c1d,26a862592b812359937ec6f72ce86f8dda7a8fcc,26cdb837866fbbebed1b6d488a1c22257a8cf96b,2700acd9b479078f9280de5209dbb79678557b5d,273ece05607a10d9c2a0de9d71c2eafac3e6d074,274b9b66d1f0862d851edda92b0415608fb21dea,279ba87f005504475fe1f0a6b79f44939cc46567,2872456b89c1f4001b40521a8884d49246b305fd,2873ba110e0aad02e3b98b85d4c0f95e42268539,28db29a0f2e984057eda03275ac519105772675c,295f18b093d3652e419ee5c26f830808a01802a8,29a30ed98b2a7fad84dbcf8b2e6adf86b9c2e549,29ee18d2d4bcaa0bad5ba3cd5377d9e421580077,29f47e117908cbfaa487a1f754bb9955b64a9c60,2a03125c32872a145f9ce7cd7edc56784554990f,2a2299d4bce654d0e4eec65e9d3cdcc6fb5d1279,2a2fa202832083167c89a214b26e03bfee1deb0a,2ae1d7bc6148df9f893324553e39e5a55f65edf4,2b45f7c2a4f653b0bac44956c0151f19e5f2fb29,2bb2dc24dae4ad143ec458d99a666e7a42061bce,2cfa94ef1c35d0bd890e6152a78fa0c64772a8a6,2d0ccd66d3ea800ace4556e1a753776801f8d039,2d29ecac16cbbd32887a517e45eb7007845e7ae6,2d43e70b73f9aece5ca04e829f097ce2d7913891,2d7bc44d6f4bfed906594175d211237f54f04c33,2dbc7aeed40693689fa49f437bfff406094dd0e5,2e0ec3e3d05cbfe81300c410dbf721a84f6519cb,2e445ab60b9173c5a720234aebeaa7e9241a44b7,2e6ab6ebd795ddcf499c77e1ba891c044a0e58c7,2eb483a43b8698ef2ca0cbf17c6cdef4a92a474f,2ec953e5acafbf60a3947b0c37e96f6dbb0aa189,2ed5a441f625b979a7ffaf8929ad037e7afd4d32,2f881c20418dfdb5b9ac9a05b6c2668af9ced90d,2fa0a1a9234fa215317fb062c5c5a73b3ef27c8b,2fbb225fd689505d0bd1c33dd79cf50a1dca739f,2fe1481d7b49b6b7ecfa34b6f7b1db5b6440a7e7,30004e9820f0bc50da110cafd43d238feba4a727,3047a8bdab4957715e2623a34b82ca203a606960,30721cd5ee42bf90cbadfa10c7817b49a155b1e9,313b8c8aacbba0d38c4b74bcbf95ed71919e99d0,316804aa5518085a968ad1372091d1470b18bcb9,317f6ef83fba4b7242350eb989fa70afcad139d0,31880d27b3a26aa30f5454cc0167bd45c578e249,324aaf832f0f999d69b05681d214c2b376775c16,328fb6c31e7ac0dd18536d7c28e3f348f3042efc,32c798e8e0d888c99c4b60193f10c73ade06f8d6,32f39b7e7bf99358141c9d302350d8ad1e4254d3,332d27927cd0eacbab56835131f66676c7d3ca10,33461394b2e0071b4fd48f6cf9a092c4c6f175ab,3441ce6e880122cf34e67e8d91928974dc29626a,34b82571a9d4169c7a606f51bc4e3e1de2ba6f23,34fa57f58a46d7d19961ca9cc133f07d5779dc50,35d1aa7fdfc0b0b322f04c4e6938046549b1f167,35fac55a4df8cc412d8d78512bbc7bf811ec006a,361ebc9a672b0baa3b00c0e185e52b74e4007df4,367c4718f30416451a16bfcac566025c0c001978,37f24423eca19dc24e98a60cf7ed71302f97ab06,3805658e1a976fe2829c422ff4637fe58b382aa6,385cc3b10feb1f6f141a721848aa1d616093de6c,3882d46672c7403b35ff6b2857fa4e2e9b3c73f9,38dfbe9836fcff9260be92508b069d19bab35d49,38fc8c6ba3f1afd2cec12e903e6bf7d51b225be8,396859c1cdc47e212225f8989de176f8e7290678,397f754bb1b785a5e02f006cc397c333abdf961a,3996ecb6b8342613a0a63b989241e3f1360caf58,39f8719ab228d384159d8490edc1302447242bc1,3a0b9e7d69d31acb6c81e63499dcf5b411ad4ec3,3a0c79dffca8a691fce05b3bfae66b0131b01eed,3a0e8a9dc523309a08c555ded49c3a5538d1eaa6,3a4feefadf0e7c7ba36f9ba666d46829b4ab75ec,3a62057126d8aface1bdefa761231838a63fc072,3a69bf2cbc0dc96e691b30599d93ca6115a3a81b,3aecbd8a229d6f8d68db56172bee9e3e4b3929c7,3b3197b28e071e614617af6ec59681295a5d4280,3c0557a43fff276aa195934236c7f74c2abe6cb0,3c3cc9941e153d4f7030280811a6ff67f5aa6db6,3c5156abbfb682a18294e90ebfc099b46959e1ab,3c68e946a53ac49345edd7aafbf681c99b36f2d3,3c741dccfcffc28603e4ec22b5acb69b1259edf9,3c90121e5244259268325f93fa3ac0de6771da99,3cfaa005790137ce4a76da2e2a12c5f8ec6103ce,3cfb686c657bf665cc4ac7d89a9c2660e768634b,3d3b6b44335bde0608e7157caa5b3c14abc1b2f3,3df86c5962ab451de7ea084a5da0e2e48d20dc43,3e0b3659618da733f19bd58becafb8798791f41f,3e1dc2ee97b0b2f80d161c7eb34fda25aaaaa14b,3e47f8f18625cfc425fc3c90d928c3043ad832cf,3e6779acdbb9e9c30d243de48ba7fab42c681e8e,3ec3dd1388d4cf97eca868b493521705e54126f7,3ef1195c658d6579b7397be33dee4adf2a381832,3f078260cf117770dfecd9052e72b527b004543f,3fa0fe50419862d31fe71e830405aec465857ec3,40094cee82b9c6f6d19d2f4acb0b402cc7f8a0e9,401347a794a3a54ad2f59160c1ca54c475ffbc5b,4019d8c2acd4a1bd1c1d768150a83c2e9c7587bf,406b3148f34c172aaea8b3861f6fd86a45c2694a,41c7348fce29c424c4a34a878b9923194a0dc256,41ce029f8cc575ad03491d5349132fe134c627fd,423027cf2801699d242f8a21815511035ec87dd2,424c81f78b1ad62d3521a12396ce0932769a6838,42a4819b7c9273520b51d12a96457fee7c1ee607,42aa6fd9a028e09ed707f7e1ea36c5df5f4d97f7,43203c6236d7ccbf59920c2cc63e0ce6354ca181,436e9f6f6d8466018efd74c256379aaafd9df113,43b933685651f3eaaf71d16baa49a75f2295e65a,43cd4add1063e4ea416ed98f04c65abb887e5b89,43f83acec154cd52e178b3274d2df45225312db9,4405370870853e28ecb74eff19a1f24b4bb870bf,4410382f340be68852eb07c643b9bcf767ccc687,4416e61dc80a1fc6bbf8b0f4663b9ff89b9e918d,44b4e2966f84155508bac0994a83ba531302eb51,4523c527fe2f85bd67391afe6fc342f2a85e1e90,4526e56e8742cd0dea0d244470a55a0ef520151e,467f4b07087badfc0dc050c8dc5b41fd9908971a,468a07697be92e7de09fc2b74030b29e33a85fe3,469ed308e0d54545d04ff698a18ee03967c30c22,46ac92e99f0b7a5f3eb3ae56cf229a4905fdd9e7,47047e4f80045e4b9b76c303109a88a4112eed1a,470d8f5392f8a3958370b2553f772f0126efcca8,47a369218369af09aa01a1344518be1c64ef2a36,47a70fd677696a1d0b9872265d8651a1b9218901,483284b4f058cdf04e47794960b9eb08643925ca,483eeaab36e61e20040d2db79b9548562fc61694,48571aa4e59c64299adb31cb0c9ef1a75205904c,48625cb76465294513fa06c51d1182f846698c1c,486acd9217377d0d7823843925a6885ab7421e69,48ae4a200430fdce0c46e6da12a28a973ef6c57c,48b1dcc9a9e486a52d977b03d5407e0ee0980de4,49349e834948820203d42287a0605b7f6d682ee6,496faf0d4c366f7f17e2bac2507b20dd24560f32,4993e06c3839fd95dc65eaec355f0786c2c3f0b9,49a3e0c67d54e9298adf5da19a7b82ec2981a526,49cfbeb57911ec8d170c78577e5b2378579ca21b,4a006a85b629293e54f1e48246a647ec586a55bb,4a6edc8454ac13f5d63cfb980feb29db08ce47aa,4a7000d20c50d4308617b9054c6ebf951845d1a6,4ab9ff3ca3a74e1401eb70c257aaeae325733aed,4bd2cfa4143992926875ab8eeea7309976998ee9,4bd922b5bbf6321656ba283f297c035a32861286,4be18d7d5e416be9e28acf219f7054732f36fe3c,4be4f4ffe2fffabdf0f0286af5755c83d61671f2,4c18d9cc6b5272f28661c17dfec3067ae6f77c32,4ca0f899b83803cb50752736a4c1113bfe04260d,4cac028f8be09b46b6370d7d7f0f56a9f53f2b2b,4d4c8ae0debf1ff36abe1f3472180867cd907452,4d548832189d2d2a744fb24117d413dcf03ded1b,4d642966d4e4bd0f30be3e9648ed9bcf4182aa82,4d90c282db0dd426d4dde6e3fdc30a85ccffa62a,4dc388c5e96738de50e8308321a12094935ebb3d,4def535bc2e69952e7014ae6451a07af39d30f75,4e2e0350187e80b07a2f0540b510a11a8b75b3ea,4e55d797e454a6d64798cc00be7eba635337df2d,4e7e9ad9aea2174a1567bbad88870f99dd18ea8f,4eacdf6ddaf170839b73b29b8afc3d9623290af5,4ec29ffd58135bcba5c9c9576efc7a20368253c9,4f45b552905883b710dbef2f0eb3d7f565634825,4f82f41b97c78e1bc228aa5cd013bf02ae0f197f,4f971ffb1f7579bb5cbda077e1fba2fe33f4b442,4fd28ae424fc2ea7171dba1812f23abc7bc2dce7,4ffaf01ae6229e09103fae639df1cda1a8ca9a69,5052c4ec6e05787e7c890eb993c86337a0d48d6c,50892fb24ee2d6c81bc6f2b1ae49e5eef05350be,50f389e6fb3147b24c317e3a5e75135d66f8141b,51212f5e98e967fddcdc5fe2d90d73a28a306808,51a91117f0c10003e49b0b2730823ad0de670645,51ac530af59ca7506c56f26a26ac5bde2669b073,5246ca585c2b55832e3fe3d322f6fc3d8fc3ccb6,528236d14eb20b08871744f55a8e0a3aa3f6540e,528fbec2795cdc391eb0ab0a75d04ae9036d7268,53451a75b485d235303a4d448d0e7170ef1bfc45,53e80d0054f15fc15f2a39b2860d0ed4004bcb97,5402ed04f4e614a15fcc9fe2b611f8822584ee25,544d899e0778bafad548b96e6315b2ab62032bbc,544f2c4a0ada6b1bef8013086edbfd7c57e2dadd,5473f4d1a7202ad478de3d4370f9fc22e09c4b51,547f4c12a5c8282cf9bbb74720e124ca88d67486,54c0310183394b44240ed1aba47c5604e80e87c5,54cf1c9024991e419ef823cf109c3904b2b426ba,5516f235f565ea17bcb6e91ab2b5aff354468776,554b614ea003b281e2a2382fb88b98dae171594a,557658ddfb476347d8fc06750190953b0c928a5a,559f7bd64d57b7acf7b9b55b2d1236197fa20a03,55b675a2dc62d73ea6cac704a88857be3358db9f,55f7e26ec92db9338f2f105c6d189af28424ccb9,560d547079befc8d434821b87a55e9e84f8b27d3,5613916e22bc31979f32c31e1b335f7112b97966,563e79cc39c3ac8c5cdf7f468d38432e6a50fcdb,56712ed008d7c8608f2dbdf67b3e34187d44d704,57719fa0fbf2e3c023c3e653dac5c8d6c84593c2,5798af1795aa2554b859426f96c400c99d0ce238,579a112b70cb6620bffb8d3f3580c73c4bf8041a,588a027b594001de4548a705c8df62516ebb297d,58f3e1517245f25aaaeaeab4d7228ace456771de,592d262665408cfb2d12d30c37ff8e48815aa9d7,5953c69485b25113889d9c828e48f5538cec0bc4,596d7b97c481ca571b68b80ab5e03d988ee7a0bd,5a01c38ee27d1e80a53bfe8edd7692262af4a577,5a1b6d19491631790a91ffd761ee5a4926a67141,5a378d81da4066550a05d5587b9e137b5c1a5956,5a50085f9288f8661c717d4e2eb716d61edaef30,5a81a40f3ea6780f710eb38fda6293d6b61720db,5a8b1b41d049a16cd22c05b5a4e8fd3f7364cdd2,5a92076898e014c37773a55b8f029ad3b96cd029,5ac68aab89ce45c17a452223ecb2b7d8350d233a,5af9e75ee2d192ccda1ae8185ded62662f8d60d3,5b1a8fc251fcf12d76cdaa3c7ccef88eed573a37,5b2983b2a512f04b64c273cf41f8bb43221cc5f3,5b7c7236c36fdff374c4b3448beacb919e60f5ce,5c0498b84415920a502c5f598e62d4f0bcb22d30,5c5831a92b5741edab8224d0af29f021b5c9aeec,5c7e7a65f32f3d79d489035a924c76b890f69871,5c9d2a7deed0ffea72c68ec272734afd03bc05e5,5cf3d235e691e7f1f4c5d0853642455c6e43749f,5d09232f725d07cbdf2f9f7df4f141c380b87745,5d2df2d3cfb0a2a85ef0720c0783c5aeaafdd92a,5d3b7fb945f0f6cab8257488599cdb302e5ea31a,5d4e20ef83407478972fb0d59eb0f3d1b4537c3b,5da0c508cf02a4ce79ab947cc8bcce7d1a5d1520,5dacf21440bfc881c09bc39c0ded173f40573d93,5db5badc701a078875de16970fac3ca1fffb47bd,5de6e80ce23089ec9779e00dd230e5c40212faee,5df6e4063e3ab98e68abf1b3695935d04a8c51fd,5e182b04cd496c501bbe379bfe086a08221bfd77,5e6b79bdc056a5d49564f5bd5ebb2f8de479357e,5eb548115dfab55482a57670e2c1cb3dddf85f5d,5ec65e1d5b4863d1e96d236e585a416316881ba9,5efdf1971af789d546a8c1ac7829d2debfeb22e6,5f68596cf1590c41b3f37ea3fdf38727e4aa371b,5f6ab026145be6ec935d588021c3d53b2e3bacc3,5f750b6de669e4d4bbda74db8841d51f1679aed9,5f7c14f684e9841824467e2c1f6f8ecb0e99b14e,602daa2daf1255addeb75fe4653ff8dd0ac2df4e,60300019472fed1cca4dd8d21aa039cb9642e64c,6078af24ffb832b6cdd243958fed174fad438b54,6088afe82b0940908a61ec77b4f0a6e3d8b73d06,608efa7f926efbc45ae43fca2f8e91d1eac50169,60e9133f3255bc2c32731fb071669e6c46bc89d2,60f5d1098e20b3ea3f1015c7f29772669551a43a,61407034185e6684c42ecb130291c6c7e81099ab,6175366b14e30e0226f669f8416d19c4b0499866,618e3766899fe71f2ff527f7181710bb840e6351,61984a4458076c8eb54d1c70f0ecd85259d3c3a2,61bf046c70b9c9df3ec0b660605c0f5c23075c8a,61dbdcff5b4a50407981ee8379fc8e98ef587b8d,61ee6528fd4179736a974beabc245ede8b4c6af4,62bba4441f582e723a1c9bbbfc952f39a0416789,62e1cb6507ea485182b73eb1462a315a344f47b7,634552981e22328c46bc612445e88aba93d65e43,6369d69a1d7b05e6723a7ae010a767ef3f7dc83c,639d09f2adcdb4ecc100a7d325be8e77f3585378,63c436865ab0abf108c9e4645c6300d5aaf32a60,63dd184e089aab7b7ef01e2b635e4b1c4d2b0dec,648b28be376435e02c50a87d5f914fb4bc044b39,64a2e7f154b114d4ad4c04ae4dbc987e8a4becd2,64c7c5f473ac596a26d7f3190399d2c3f62aac8f,6524745ee030f2a6aba1d8563db5f6ee6bb5c71b,653cf4a879dc39d838f2643b598dec127e61d2e7,65643a2123282a9bb28fe88fd3c04d2e928b289b,669008bd7c527fa0139bf3284965d28f889037e4,66f23eb975c13069189b2c716e5e29d68cc12b9e,67096c9b9d9a0ef1d7e623bfe08393ea9021490a,6736b18498a6a0393f609ce1da488f01fbf4dbac,6773c925bf02cefc99ee6de28824601ab91e1a09,6786c201ed1a3736a0e57b3bd2fa1102da196447,679abcc4bbc2a51b7b0cf661418b97b6c8464add,67a352da948fdfb74d7d5f6b494664f081c62640,67c4eb15c1223ba0fc1f38c6cda2341d6e4b7213,67cd54a5b20645947830b4ff493d50e69126abbe,67ced69d92d910c3db6589180b78b75dbf62e5e6,6817029f501c5e850c4ec850da3be6a4028a4284,6819d5ad6e1841bf0db573c38abff77c24befcfe,68d6b9f658a1538c133ba6ec5a919ad15e7ff9d1,69051c6494db04fff42599c0c96c478dd0644f44,690f2c452bb5475aac77ce0201776aa42dbd18a9,69868cfbabd32431595aec6882ecd1d0db285e17,6a092d9ff60d045341b5c675263967e09b19198d,6a42fe3b19ca8e5b1a8658b0a169ad2e98038d2f,6ad915093522abb9bf8a2d6ad1590446be59f191,6b14a2919d8f736d402bcbfc4bd60f903c8c3533,6b1639e9c955e7183244fdae14879ba45d4880e0,6b1b6e903ef30e4b7eaf4eafaba074ddbabf7b59,6b593c38dfbe957b40377c5b0179723515ffc54e,6b7d70cc8f724c537d408c93eea15c86cdd1bdd4,6ba527f667f336e8cc01f59cf82849a18be16179,6ba5f37a2647f1ebe9423f7dee4b5ea160bb6ee7,6be465aa921bcbce49d0c354e48cac9798bd76f8,6cac28232af54149e02e288a4d320bdcccd6fad6,6cdf29400ae821ae715a41ff7d89cc0fc83ef85b,6d06f716f0ead3e4c7d354aedfb4f4220990a151,6dc65c9aad8442695e83686fa699e57e7d3fec33,6df12508e63baa76580111773d19195c8846f757,6e056593153085588a036e4839afb842de018328,6e105d72c02718a4ecd535dd733691e8375a7c0d,6e302efb2d50e2136412bb1b7e193c569cb3c06f,6e4808acec4c58eae707ff03eec8ec9f90f80a52,6f63b2a35d58012493554490f457196e37641317,6f66546135a726af91382e26cae92307ff1f3135,6f87d4159313afdba2e359e17cf4f1fb70df0896,6fb9a5d35ad5c8d4e00ad3ada84fe28225abe69b,6fed85f281c1a55371c413b3f14b56f765310dba,701885183a47c83fd03c5ffb60e41c688c00db31,701a61a3d44c09b60bf823e212034e5e6c0fe378,7049a6f1123508f23cc1d3f18bf47d857d07f6bc,706613f056536956d69ceebca53d3443a26c638b,7078d24e25543d95613dffb678c6dd9e87c6ef0a,7093e3449ed6233df4d0619e9cc24315947d06bd,7097dc82d85471dd5a47f193d2abd7ac9919e44b,70a94292f51741733dcb7f7ae6ba77f934d2d68a,70e73ec2e2742f5a67784442c2f15e4da3ee1581,70fa2475e9df64525d25931735f479da72f16ae4,712bc8c05e2de461c01e8aea23918cc058d39f5d,7150f66025d6e0339eb492f47ad8b12443bca33c,71ad09e00445f279e33913ec84a876511547c6a1,71bf27e0e701f396a0abd1fc21c6ddbfbd5ba8a2,71d23f9f1965a23afead35d1d71695653117ee9f,71df989c23b9bff5562db7db1fea2f49e03d02b0,7210f39a7bafcb71137665dd70deab0f9390eb7f,7263ff61f850425e3316ac682b8fe90efeaf6c8b,72a0874539f1a15391015a795acd5de6f687a8e1,72c4a2b00236193c7a78408f44ee74296f6b7f08,73034bf9c11ee0614985d59b911122d0dd3f55a0,732dc534202abc64c831a18d3744c34168551143,736319dd9417180ea331a863e8acb0cb1e18d511,738382523317796572335711feca0e0bb5371573,73a08b183099445f55a2a03f62b13f0a6a55a17d,73a2c38fb6c9562402a780dc8218897386efef7a,73a68b333053468c504297a3f4eac87308f11378,73f7ac8c1087fba7c64b3585ac891fddee6ae99a,740bb3fe7746723aa1e8e91b5d4f2719b8537db4,74b51fedc724269546ac92802953628e16e8b35b,7530f0e15bda5056d9cbf3cec5c7879bcea0952d,75949c0b2905c34d4053252e43b95862961528a0,75a938fbcbfc51869d836013097f05ed129cb13f,75b1192d1f8ca07c0072eb13461e7144c578ff3e,767b61bdb5bea00f03c76648393e88f611acdab9,769fdd40513cc9744b0b26cf1ec9f4f37ab4413e,77300ddae627afb33755d2fcb02ef1bdb1fa4de2,773384e91bf53af095d2e7379245eb5e721a06d9,7735c60877cb80bc3c789a51755a6b5d33b68d08,775ce9e7bb5a4cc87c8ebc609bf4c11551ce2fe1,77677f33c7821dbea449bf9df5127ae83e0b7f51,77bb8a44932508b166861e89e2ef6ab0d3fea4d0,77f39d84d91b7ad02bbf632c6206164607e98799,782bb4a11894e87a110f675464d855913380d039,7877d1770e866f28b0b18e70bdea94eadb4c61de,78be44bd647f877e8dd6e4a2dcdba1a3f7ea6af2,78edf154874bc411b5cc32a120123e1e8a5d2bf2,7905b913b3ce033b4d38ea08bf61e548b8a79496,79288ce5b630d00caeab5d075cfe2e0a0ed13b65,798437b45d8583612bd42b829a49c2181c7ec15b,7a167fac7daf80c5cdd594c64be99c6b88deffdc,7a34d4ceac304e6a740c33e2d6cc0a9d0728df30,7a424cf103bad6fd7f583cc45471e5fc67233470,7a4f5585bb498d22aa02fa271c201cac8fe150d3,7aa55ac862f2213b604afc80fb728c8345f2f1b7,7ab7dff8f34786a7614ea2f4c185bec60df55f23,7b23d44a12a1dc3f8e2cdf4bc8668057328651d1,7b8ec72d756e5f69f8d1e7dd08d732354d1d9a2d,7bb0dd870a54fef50c321097037f16df33787f97,7c44b195822977b9239cb8d40e21dd4e8f4b017a,7c6e4a7c223fb53b5bab531bf03eec7110ff1491,7c7caf8f47c99bdaeee0ac6da6311586556b5d37,7d265856231c209a28a297e9492c9539249e2d3b,7d2f9a8095dc7fe3f0bec8e31d9294ca430fb78c,7d74a730e75fa3379592f07e78ff623448735246,7d80671fbc0a627a393c366fa1406aa58499ad6b,7db6d8eeee6845a21da56986d63e6db0b99d1600,7e46d7f16258f88dda227fb794ea67d6aef67cdd,7e632fc04cc854d5d5de7e32c7e0e198efa25f35,7e9d6ca17a27aa8c56ff1b5172c99f42cffd0609,7ea9d9fc2de3c56412ffcc47b9ac8a791294e0eb,7eb097ab1cc49f0399a89b629c0a8b56bc2db1b6,7ef42f6e863ca20f04ff7718d73ae8e7465852cc,801fc52cc52aac22cfae1448d9f9b0119120a51a,8033cd28664ba20178b2cc4e28570231b5f965de,805533e2cc8cb70e778da205ed0614227d99404f,805db6dbf70ccb759cd74dd0d3d39fed43c70b6a,8123d239a57a100fe21842aa31c92fbf2800bfae,819490888bf11122e54012b9f9fc5c1bf2576d91,81c265bc73b5b705d41fe44895ef95bd617cfc3b,81f55f056c3ee10da7695398c71eb832ccf2a3ec,8206e42134b3f212d8522c8bb0f0ff473c25bcf3,82418c4a1d08c2a39e89378fcdf665336055a18e,827a2fe1efe472cc36162461510d602c4d350b3d,82b83222cf1c836eb3ff0243ba60496359abf4e8,8312e77973e69f99be09cab7b0ac18c15437f19b,83276b6104c0a4e202e2eb331ff386f192d8f7aa,83369805e50e958a608a87ca09c8da4ee641c5fc,837b0621dab0326cc4b9dba6eda5f2c98083e411,839f8fcc6608f58ccdb037f78a3ff10fbf1ef80f,83ad9cac0eb93e224fae3654c9089d1ab03d4798,83cd31c647b36b2edf0c7a181fce860eec3d1b31,83fb47c0fe818ca689c1fcc743c861d801d8ad11,84033ca31f319d76cedf84c47794853ec10a366b,845a6f804f9c893d6b7d98659946aa89bc3f6609,84cd5e35ea80e35226106cc8a51d85b597fa4912,852f3f55335cd4ac9f3ac6a3b0c0380923579726,855fd2badcb18f236a2eaea03e00893b42eeb343,859cb832e7c4226d50462da2bfaf55a948e5b95b,85bf4bc3f23db40ef8786f21e1deb82d6fc1d4d2,866b9cd604065055fbca9b212ad99c1a200f0d32,86e8bf706e8d77a6b8629ec2e69e0a4b0da78088,8735a5dac3172f6476c42ab593217b1e674b4392,87796461924d118b40cb5f5c19479e1a504813cf,879c083fc395c3ed9d911ba5689668708f23c7df,87e559298ad457e7c6efde889aea8fb99c9d7ea9,880248049f51306f1d1abedd41ce437b67d05a5c,882aafae3009b4935c58b7b7f2b480dabc945d07,8857764b255e38d91e43458ec7b38b1034a28b4a,887b5ba85a5a66a39df87531ebf2db9129ee14b6,88dcce8479d289ab4e999647a5b522848c595162,89525e57a17e47993108efb316ccb8feeeacaded,897d9677481660cb9ad37b9c34f1ade467ee3fe5,89e5a89aea1c246c9140c57d3205a2f15b678cc6,8a3a258d85c308fc7fb4d2876d4c330402e27e6b,8a5babc5f940166657ef554007a04001328f0fb2,8a8388bdda8386af745e9bda27947423dc0e0b74,8aab5549c10da23d79709583db98aaf77ebe135e,8b005f4a135996a7c6a64b8c9546218b10153528,8b4e3d843c603f4ad88ea12bd60dc6e72dce3d2a,8b99746aa516ec9cbdec01d54eb1a06850f1ca11,8bf07dd225be659a4b163d9152c8b9ad53e495a9,8c4d499ed1db6ebcd6e03bef0d71fd1c7f85b1ce,8c6b279384664da6934e68399f359dc72919ae07,8c80ab83f4564c3edc46947c241eeccd1f0c8c7e,8cd99928c65d9d1571e51252ec696e7ba5e6353f,8cda1f2fcc5be8f148210063bbd7701d36309dd6,8cdd1f8be9bf8473874233bedf4088261fd04db1,8d2e6e3950fcf8511099c38f2ed859116b86b5b2,8db070a40400f5956bd07a6b33ae86e4aafa1ae5,8db23deeb0afb58bd6b7f7f1a484ea69f77a8f32,8e0ad772c4b6dbb8845398e180c29445dc4e3fef,8e117063eb7826944cf029468f95342b5b1ef9f9,8e20f234c57bdda82a78dcc6808d2ec68b09c83a,8f1553c9d78cf9586cbf80dbc250884cef25d17a,8f1e925d45b7e8fc037614c2fa27c141d9ae4bff,8f372e3bae1be9b4e18b0876767aff1fb5b9d909,8f43a24d6dbb61e45cb679267533ab83bde8b86f,8f4418005d4e7f175e70bc36f19df591cd8920b7,8f93e921e25d1620f9501c6f34fc47cfea6522d3,8f9e2caeef6fee4832d7daeb28cb92b56ced98f6,8fb4e47dbf6fafa4b83090d4293c62df0c8c9ea4,8fcafba62ce37cce6e4457a560f8852edfb38e45,900b8a04d8e5240349a7df0b381cf63e3a1291cc,90306e2ab7092558e7cc6c052427be159d9170d2,904df2d687eca6ef2172c8890ee53520001d6a7d,906d95253f5792fe0542d9daa0ab5b14bae71c7e,90cb7bb513a23c118fa548d16dcdba55eca44109,90f41b86826ff7c3213ac096d4ade7a6e2fad3b4,9117674b5a345b99ad318d3b6739a5a2819f49aa,912cd7c52156ff6bd39223c4dbec463355f48a95,9157d98e32ae143f2c1439939c940fe3fecc1c27,918384deda5288e78c3a745dc3cd84e36701b9ff,9200dafa9a937ee1301404313853f394e665041f,9222ab7c42ec0b1fa3939a6e77c7ce050e9ef9ab,9258c28f9335fd7dfac06d82c5b216e6d566a4ea,92a2331da433272692368048925073377467821e,92a7d013950dcb5404809583088e137bed973e93,92b2b9d2efea4789e7b9ece13d3910d319972d72,92b52d7b8dccaac1429a4f6dbcd0ada34b5fe3ee,92dcadd75e4625a1efde7e34cb7a688bd5c2e79d,935ac35b097c94d42b19794d27e4dddcd49fe9f7,9399b08f1b5aa64e25d6d45d18cb29fbba78d36d,93a636f0a6c3391dad9ab3950f9f3159f4bf29b9,93aeda72ac814fff28d7b168561cb378efa45b52,93cbcc52ea39c636f370367fe9bcc170ed7bc32a,9470f972047e27471201772c91ebcc329681e725,94b4e2c8bdeef6170439a403cadc4e57e6380ab7,94c8b32e1305c648cfb33cc044ec30f3d47998a7,95235f98cd7d76e65f6a1dd257d1c84743a1ea75,95ad878c920c6f302ba66c954a681474960d498a,962bb063e1ea39ee0df81f8477bc9f18410ace17,963977b286577ed495f6a7c6b6ff9daf6dc351e2,965fe4c4af51466e9da57ba75b7e5ac52e72d10d,967e67863e53f4848ba6630e2b1c8379903e5b60,96ccf8a2ca235c11ac6420da595bf65bd4ea276a,96d90fcac213ee1ef8db64aff0e770af39098235,974e91cd8ba39b3fe2025f80cc91cb64dd0791e9,975f973d7dceebcdc253dcc88556347417a9855c,97ab3ccca9dcedde8064cc11f56b1bf2d8132a63,97ca63cebe5218f146cc9c8559587affa5b0259a,97d0b9908a23e206ff59560413040e7d73471d3e,9844690ae099fdd0ef3438a29614baa6d002ddb0,985b70360f7b1097a92309e5abf1db50cc56b8b3,988a746aef4ef897ee6b36c65bcf8ed0145526d6,98feb55acbbf5991f11826104a1ce2403721a851,991c4857e3a77c3b0a70a18701ec004b5fb494d6,992b9edb97d2d32230979a0a4e19934d8c71a591,9a62ff7b73ce508ebc920eb7d117c76f408c533d,9a988c2059e45e092ecffa0cc9e20d98786b3a38,9adc625498ac3cce3beb0b275ecb266b462abbbc,9b2baedc1291558deb1694a25158ae54ecf62760,9b3b5fa94466ecee57c09e8a90e5d5ef5c903d0a,9b9e4c8c6b40016d1449b90631f6126de2cda8ef,9bab756874cfe1a7950d351813aa80b27ed27623,9bec2bad2c19ec31c1f9baec8ec1fb0bc46d8229,9c51d730c1939610678f7f14b26db6cf17d777a9,9c8995aa87f393a8beca04f4911b0bbeddea679b,9cb78496c762816ab1e118e77ee34705ce08fe8a,9d511fb56013f9b323df35ab190183804f1fe573,9dd17550059cef3de0be1b0adaf7ce46e51afc54,9e2016789483e57d660106da6626406c0233edbc,9e266045a4921c5a2d1aa0029c5025218cd70ddb,9e644f29cb718434f89c298d6a423af16229156a,9e7b0f32cdb244d49f6c514a35d29cf6d29c36e1,9ead1feb6ab1561cf42bd52400af4629186216d6,9ead800d1230a8cca7655e6e2b88c87edb98080a,9f04733f9deb194ff9885fbf58ac455da9de9939,9f1e8e954d012127622f116ff832dff85ff4adb3,9f81ee2491eeeb845ff1a63e51bf33083b9c7c26,9f9b5b15e5f582bdbe76589c35273d16730912b7,9fb729da68fe13775bf0ccb331fca53812498253,9fe71541374cc3251280d49217a6b17f16ea0c04,9fec8737303e8f457223e7b0694ad819c76125bd,a19431c12eb846473e2ab3f63134c0b59a259277,a1aca66d8bef4d11fb2d47971475d6ca33a6acd0,a1b0f7342b5964e02430cdf7793ba3074bbb0ce6,a1e849c03520770e506ba2096fb4503bd666cfdb,a2028f1bcdc5f4e503b60dcb1e34bdb139ea9266,a216f51bd7df1702ff7f7eff92476d809bede079,a22158c2fa9c6cef9e2961389881c4b3f2841574,a22e3ca6e79409d43c0f831475a7dfcaf6dfdb60,a262d58f8fb381a4df214b4e55486b094905d1c2,a29c184895b4fbf911f6bb789cdf846934ab9a83,a2c5387e5d408f5fbe85c02522bac568ba205930,a33b07b6551d186ac0d665d4d770ebb5ff35a214,a353e5c80ab8147f8fc6f416a9806ee089b26692,a377f91f5515cbbceff12c2e65aa1339cdfc6cf3,a41dc53ceb41b824b56e8f1433cc06e08cea2ef6,a45fcdfd8dcaa545f16d1e936b7d95648c6e3c67,a4c031fc5d908ec835b046055cef2279744b6e42,a56ca09dc7e8d28049656f1e7c95e35e721f270f,a5b4e819d7823c6fab0c20e15741b0803fd6cf76,a5c41a5fa5aabf67d90c4c0f9e54cc4b98f693d4,a60d761866021ee51064f5f6db7e0694e5a15fea,a65091586b8f2fb58550fe7657a80cf6fa7a2078,a670f7d5a971fde8f9911c09a76ad9375381ef9b,a69826bf6224a8d51d3945b3121b50bc00952364,a69a83c897932ce34ef25e7b487743e3f1e4ff3a,a6c2c4deddbf0abe79f44e6572e714cae8b3b633,a71f761113a77fc3c7e3e266dc1df3d6f066408e,a7433663d66e62ae8cb8f85999188f4a9e5d50f2,a74a11be40596152b0bd077047ceeb724a4b8e5c,a75195c430ed73bdae998b6e2f3071f90b1318c0,a788314d1d6cd4be78e96a190daaed9311cf3387,a7953d377120fffb246b9ce56467162b1a43c60a,a7c1eb9eb73de0ef30331e6b6f464e00f9bec19b,a84fb89679657c6e13a0e8982eddac3240f6eaba,a88828e64d4eeb5f8ea01841b45bd6dd513183da,a8a4edbd1794fedeaa3d98d0b4715e274a4db3b7,a91f0c6271aae4821adac45444e4aa33b9ebc788,a9502e775c056b58f601b7f5c43023dcf732fc4b,a9804f8f4192440a1d4c8e2fbe67790eedda1da3,a9e4ab5e87ec0963c7af951faed6e99f4c65964b,aa2c31937bc0c8318e7e9825207aec8a6f24574d,aa431c7db44bace9b47b209b44acfa607290240d,aa57a8509b5151f0f20efc36ce8292c9244a3234,aacaca34f1dba957959752d589471b0ea8d4af8d,ab60293f4db7d1de35e7779c875728dbe9a2bdf1,abd0f1b6ae1728878d7933bc43465d61aff879ec,ac8ab5483f67e1bd4060dc09cb52d023904d5027,ac9ff6e93cf26f8556f399e8cdb7640e0ebfc717,aca274f090ff9a265cd1033b5bc5c6abc0d8bf46,acc41a17e223b0f895e8da3e5833e6902f088652,acdebd789f74b5520476bc0132a16c5abdbb16cc,adcccde5fbd9eef1aa4a7bda5f1a803ac1293469,ae05208c0e03bdc354d203f233bee0b19cd05f1b,ae684fbeb3abf6e27b6299fe41951dad36a068d9,ae80f774d143f3295615fd2a336ef4e0828a0380,aef6e40b0be90dcaccc83245aa2debf797587052,af129f1227c148098a2075a312a0d5c872a9a7d0,af26989495bd86bae6e0ab9797875dbedfba2eb3,af4133d9103321e60a3b97a436ba49aad465c603,afa6e9da99fc2da9c5dbeaae8ad48b0aed599894,b016c7f049ec6e67821cebb7562d0a70749d4ab1,b060d80d96678d6ff16afb03a0c05124b4b66715,b06b2ace9b8ad0a99722c9c63504e363c1a85334,b0d0bb3e0b72248f53a39d59e22fbf8bb4559e22,b11ce77ef46e684f89e9b4005746832284dffa87,b11eb3a8f7911fe99c0226688e56d6beb1e2f7d6,b39ffbd0cb4764a627668ed78b8a5507c5bbaa8b,b3c5fe2a1edfb4b0764f5df1c1c73fe84da02f3f,b3e2e53ed6bf10f49dd97b246344e4517f655c82,b410fa869aea641f0fbc343b86da4cc90b24402b,b419e3e798f7ef5b1d4bfb2f561b2bfe115c2ee3,b4c5eb9db92051a3e5dba8b4e04cf9026bbf3dfd,b4eb798c322de1c583b16d96b0d1631bc928b0c0,b59c223a08fcf9edca88190bc32ecc12d991ee9e,b5b3ab857a7ac8c541b4736e12d766670987a0aa,b5c8932266b9b2506cdb03c087cff1e11afca874,b5c98870c6c10196c2ca314ca6f7d1e05020ae78,b63591f4326b78fb1b911555563d31ac703bb134,b640f5bfcfb7564e94b828328b93570f79f24a54,b646b3a075b20c52ad033d334036361daf21e4b8,b66a6a7dee42db409e9cd50bf86e4ff8621ea469,b66d89221fc2ffb03bc132f9860e3cbcbe77e595,b68fd15c9ed936240f838fda2061c69d77e69ad0,b6a8dca9fff38a0670721f3020fdc12a7a02cc08,b6a9dfb866fafa55539c6bc02777361eb949a65d,b6dea2bc5305740aca167a4a117851a95355a856,b73959a4e1ea6ae92d10d5f83b1b34119e90324c,b757b2a38d6dff0c7701ccf1404af13ec6ce2794,b7996231daa2a6883c90517fb14c43d9f929e837,b7d5f3b21c3190ea0e77658ac9deabfa7decaadf,b83a609abc03f3e34eb4e9f840e6c5df6174e39c,b86f6adebc099827194e7c2021dd686063853816,ba73b9cd417765156d138c5cec211b1eaca868b2,baab7a4b60da504419b7b15026a20d9f435a86c6,bac684d0fe3c67d9ddcf968f5f9fd35b5dc3989d,bae4caf8a641227d44e89b1cb107294b4616fab0,bb16dea0fa4cbce46d0798346c221aa4f6812b80,bb3a076878eb65b633cb8af0fadbea03e2a8098d,bbc60b93c092f47e72cc6868a3ece1db42ff5919,bc17661824052aa7ff7c4f1a6ccb886c5462cf39,bd04654bac8762f1307552a2f9220e2d11b4c047,bd06f32090e9f6e60652882170e993f98239a4ae,bd353579d165f94102e875c03dd426a06954ccef,bd4d4b3ed77e2bd0f9bdf7cab66cf9c0790d8130,bd5635751eeebbb6d62755a3f31e1ae74a6cfe91,bd6df1435e877759268bcae512a40733b1017fd5,bd769b8eaeda7bbb91ecd6e09f9de25e11fe4cc6,bdcc110508232867f9cb2639d7f89bf8ffdb72f1,bde84ad6878668241b187ee5601c5a951b0e9c2f,bdedc604bbe364b8c25817a9eb0fa2064c7ef7cb,be3a53f0e9c48572f701c4a7977a732c1a2ec185,be78284d2ac71df6bc1ac42a17aeaab1caf286e2,be97cf89de8804a4b028c58fa3c84a1109bcfc8e,bed4fc5fc1788a762878fc1b947efd1945031945,bf5e8ea73d5ef2a4b2dab15d53c5098d14b64a42,bf66ac49cb567cda3f590b585d27a047d23d6a45,bfbac65b3423a778d01f01344a483fd0d3ae3abe,bfbc69bef7cd93fb9c20ff0081ef013e88c7c247,bfe8d3ef58d62ab44330e4e363ca808931f0617b,bffd805eaaaa92cd73ed867ef18143405cb27a72,bfff38c62ec88a6ec06bffface72bac1d2026334,c05e1fd064ce00b20812d7ebef9675d61c79a6ad,c094dc502ef356659141cec16b193f75f6c5da8f,c0bd08c816fe296c70c6ab9fb926ce022d1ffc2b,c0c844370718c971c440d82231460275c58e55c1,c0d3ed8f86bd3ff7fa0797302ade0bdbd0cdbcd0,c0e5122aa1f740284c41d9ee16ca1bb848d6da69,c1777cbf39ca23c3ffc768081b491b485e9a71c0,c1f9f236b9c3c5e0696d1e5def3bbe599d2919ba,c238de06f1eea5f9abe1ab738e1da361d5f9633f,c28165e33f9ae9e40a6ca1f50d4c4490f1d3cb8c,c283aaa3dfe4c89b8ba32024c210774da53ee81b,c28dc385d84bf50ceddaaf43eba7575df8aefe99,c2caf9ea9b5774b6da9abcbbd0f205851ab473c9,c2f9ba3c5b3bb0d9de2f96b3df3dfec832458792,c381acee8eebc013092b210d36004b417a360441,c38dbf9525dbd2b47bcff33aaf8d1d658b2d9a07,c415d0b2af50df99b8662b2ac7986a88ef6750af,c41d307182b1ec900457bb9f40de501142effa5c,c466ee4f02f81737f6a58ef12541a773d167fdc1,c4ebd5b5f4d02e3ea38f7c1fc78c763b288884dd,c4fd7e40c3d09fc81d2713543e77e47c4bb4b341,c5617a449d3343bd8fe76a5a62fd34a511250bee,c5cf4e868b3f095d66c035176fee4aeb9fd00916,c5f59e7a1de57c65d7daf3d50c1e949a37464977,c61cc00806f38f2e4a915c1f27666d6a496ed278,c62197b7a3e4d5dc702d55d146362491f83c7c2b,c6767f1367cee99e5313467c464d34872dc651ab,c692aad9497bc095d97158db1b4789adade899b0,c6ef4238c9faf151a31acd7ac9e81b5e8ee20c19,c75870e69903b2228dceaeb20e37ae8885cfbff4,c7b8729c64dd7658d14d2c864dd071b920f22328,c7e225e5d8f3e9714a1bf00a3b982d855057929b,c7e38410c0d0320b5a70a0531d4fb0ada04e785e,c859a98f53a1ab4e640ab922b9bb6d88f3dc5f66,c85ae17d0ad2063333b940339b375a7906915230,c88ff3477ef5492d51dc4b62574bbeabcb8a1133,c894c26e4affab94fea0ffc3020204166718c389,c8b70554a6cfca16a9211a876a08ea02ffde2e19,c8c0fbc79058ef5ab7839c5cd0a2b759f0498bb5,c8deecac535dd458d2a31b5b25b00ea3949a26fe,c9392ab09c9091f46ede8c861db5fafc1308439f,c952e92ce67dfbca693a3be7999eb468b1bf39e9,c9aabef4d8bc3a047405485c525600cc12856b51,c9d5fdf1152d9e2afaa811d17a86ff1376328229,c9e87672b9fbe809e0d89475c420280e5c0ee097,ca6c64a1926f891c15903ab43bfb5caf39fc844c,ca7f60165a8ec29956e95e85ecb2182344c13a5b,ca85f29c28c0f5bb94c953d8097681ba873d1382,cadd5166a2d24d32243c52e267e4c9ba4bb0439b,cae17863c7de8ec557042686e3ee68579cac4ce1,caf16459303e56da8b853346418f2e3c7f944ab3,cb5634b01115ded4d91fe13edc62e819ab3bcf81,cb570cb06fe35a220b0f7ac1d3d852b09ae22560,cb5dc6bddd269d8b94432625bbff09b567e617d1,cb5eeec26d5a7f771d8a0f1e7c1f2a3222c06d61,cb74934dfc66a35650423fe7ba6cd3bae1106318,cbc9df3f4aa80e36e1f8315e1097b852822f9f92,cc25fc18fb759fa66edf733f27998e0bd4a5efc9,cc65451a2a491ab70e9587e8b5e475870e6e9264,cc6a6cf8b00d0914baf0ca88bee07970c50c9fba,cc84eb4ddf77c4faac81539718538a4a1a6d10e4,cc9cd459694bf32c887cd3a144f5f9966f343e9a,cce26bca1f0758c92ac294051851f938a1260151,cd1e1d907e918f706bda77877d69ad79da2e911f,cd502bcb83dd37eed8d2e89c79c178c803946f98,cd5f5fecb5d747ca80c65c146cbba9332041a491,cd76c0e1b9fd6153e468905b55f429a3f8bbc998,cda3a166a80c3bc29477b2bbb6ab3f910dd7d6c3,ce009da0f127faed695ab852987294b006f80e4d,ce5452e9cf50b9b12993c7c845f194b2768911d7,ce6a2e8de29e9da251a57a59a6f77a8bb22b51ed,cfa02ae545db32ad545763516c5177012ee8ebb8,cfc2d95d2b55a28c6dd9ec5d1af4b098a46b43ca,cfc9e5012ddac7a02154f7a012b2aff5b1993b1c,d027a01aeaec954ce37b96c02eaeddb0d4b2bf8a,d06adb16ed560c4d84af4bd4d8cec17b5f9fa8f4,d09a8397053ac53e9c068ed91d0f765faff05556,d0bcad07cfd33918c84d4790caaeff784530d94e,d0c335593b10c3c970bd2828fd6e8fe597d7e720,d115516b6f0926d591e9bae72ecc5ec54034a9fb,d11fd798849c0cba0678f6d20b01a13c04e87f97,d1aded2291161f5d18e4bc2139ae466df1e1c897,d285ee449751be70f2f10f80b0fbb2b995bc4d38,d29716fc9a759e41e9a9a8317ca29aa21ec147eb,d2b0a6df2aebf808343870f743f49455a4cb93b9,d2e349591a0ac8b5cf8740fded51c45fc4f39a3f,d2f8ddd1e749737c5e81bd6752bb41c54a32287b,d342f36436f8867830e427d87dfcb569f808fa93,d3616fa4e0c4af48e285638e74588ea06e1af68c,d37dda22f773c4ca95f650d64fbe64e5ff512c48,d3908add1b4c01e28040d85d6722b13562a6e57e,d3d86861e0ee30c0c95b66899ab248fddc8159a0,d3feb9a71e2d451aac6c3af3b5a84432553bcf6f,d40ec751439c3b801c7f0e1adf11391769387425,d4510d9a31c80d4c55b85c9155b10b46a1ff1502,d452a2772f8559470fdea8a266c67c59e2333b0d,d48bb6bdedf21ee8f617f22bf08fd4e5b780efaf,d4a68ae690c608b542be6980fe93fd05d85eb648,d4ade4b888402cc1e618ff6c6b72089aba96fc69,d4d64a0818e2194a639c74b27a6e8c3319c96412,d4da81da189f224e114daa227e49edc21bd545b4,d504b5d6c7956030a519ca0961c288d576697744,d509d0cbee02b8e4128e4e869c15a25acfdafd71,d553f0f5dccade5091c791e507b5b084a96c5277,d5f0f173dc35a1ad4da9e76698716e91bcc2cdfb,d5ffde39a28b7ce93559d121f4726b891c8ba55f,d604a46648d30bb747af61bbe35b1d141841d3ac,d60ca78d46b1febc9f18f4e9a5d54cce76d88f6c,d6357e7f63fa909121a1c48c8c1964928cf82bdc,d6422a5281b71b930972e696aaa4dc95af39f08d,d660a903cf14303bd9467521e1c0b35c0f2de6e5,d6dbe5f0d6588a944a2625ab834a9efe2632e579,d715b865365c277c73d7b66bbd6aea66a49f3161,d72b69f98f1a8fdd4317cd4166327bb564bd47c5,d748941b74fa7234982456ac7683e73ac05f7a62,d7be136749200225f1bbb2a6a4378670c6df0294,d7befda95bc6b21e87dd3046ea6c6222a523d4ce,d7c19faa5f7a17dce56f444918c2997bf73fd3de,d80f260dbdc9fa95a4113eb4b154149660a5c660,d82e73dfdf3cfe4c6c23d8b2ce2953419caec45b,d83a78dfc9cd61ace2b4ddf12190b32226de5a5f,d855d2009abb20272b085c3100a7a9f363b71963,d85a3c80c31eef6dadb7aa1fabf361d9eca16933,d8a04dd6cd846354a28f66ea4b81a27ddfbe3f9f,d9215343bf596932c5f45975fabd23b2a933ac1e,d93d1e3a33ef04e552e0e5c8120373af0ae6530d,d94cc6d9e6894f1db2ef78ed7d08546562ee5dd6,d9c87d9ae42850a66d0fbb57a9c70dc63eedff41,da4ee82df9f737c80df33e98fe248914cc5cc206,da9b643c7dfb4098ba2a7f0ae0461c11b4dfa4b4,dab8e3771da0988497af867da277c4fe7e8e56eb,daea1ee40275d42c167593cd2ceb56a34b0682a6,db39998b1d2ab935cdccea7ceb5e7471e5478bc3,dbd72f522b4f4d489e49bd716541107ed713c43e,dbeaca5c0f94de1284590100d93ae372ed68dee6,dc5018c4a4f7cade7afb2b1ccfb297c6f9468869,dcba0552879c844a71eb375265de5b3467d99ddb,dcbe51ede60412389449048c029eea8ef40e8847,dcd8d599864735766e0c1d10c70195f91ba39f93,ddfc76b7623e8494e8b90fb7ebd148d43a252350,deaaf9151f93e8c3451545b423f47bc4aa505daf,def47365c40078c55a1b32f72e1683a8c9bbe2b0,df139d84d261f0f8b7f5981c7b6fedf2faa4b041,dfb8c8a1d55fba546d89f22e6d8f96bd7737ba52,dfbf66d7eb1e2383df2da4902782104e6cc8a2e4,dfe5ce6f07cca0125c6bd5450c3ff8d1eb0a420f,dfece8fd2c5bba0714717ca98d51c3311424e541,e04afcacfbdc079fcad69ef44e58dc4f4638c056,e0bb0a9cee716441838cf5819a5bd731497a2a8a,e118ed59903f2e4b5929073002238585a0514e80,e16b071d3ebff4a468596edc1bd353195939ccb8,e1df911745a376f23b565d4b4f13c68d7c19e23c,e26362e3a5a82c81fef7a4ef8e7d95c2a1d45aef,e2a9a35b6a6c177a50c1e7db672a437aee95daf7,e2b572d5cb62f78027ddacba63865c6624a11319,e326530fee9789436f26ec55eeb5472866abc3cd,e36d4f32f63eed5401b6f560f703400fbef151e9,e3bcbcf4066261a66b86ccb57120c258eccdb1df,e402aea7432a13a0b3164229f4d8a3b382f4ab6f,e4aeb04bf33d8d315f72b1f118b450c8cdfa6855,e4be553892754839b811fc0e006093efd8a15b54,e4cbd05f61378d5135f10971e2a8bf12f2bc723e,e50032caafc1465e5f298f96f2acf6005b636d61,e51529ee9a5546a6d83e0f17ee3bb798e6e051ca,e553e06c88a81503b025b8d5fa517ca88b4906c7,e5697cc7b38b1bf1a5fbe0d9e97b8935bffa72bf,e58dcec96d6fc2d29228116929cd428ecfb6d138,e5a3e044b41adb2c2eb1ac0c0f350d1011fb3586,e697c81ed2fb75aa1c04fc43710a593368a79b23,e6a7f37b7cc0061bcb67e9b1a2ea39b911959247,e6aa3662c91ac26ceacdd0378147f78bdfb1553e,e6e74669815589c89dcbf36dcf5f488d1109aeff,e7281e9bfa8d8399722c68fe58a50699367ecfe5,e76ae8311c546ec8e56223302fb8d518922b6f88,e77318ee710ff01d56f48b664cff47db8d81421f,e793cb8c6f5d12ed13283d2b8bd0d4a2c08fe22d,e7eaefc2240f39f371df7343fdf2fb01fcd04c22,e812c434d1c5ed1992ff0f6f3b93927fc0873805,e8e6d69c24e1608391745202b52ae83395100c14,e91b219cd12fec0ba498d7952f34a0b788b58d4f,e9619f7d9e20e08c685ba4269d185280d9786fd2,e98d08ba460d85b42bd84b07feb5442dd4eded6d,e9a0339ee6b6d51c3545409a7777e3173628ce59,ea0c2843d919405bf2175c65264b7a65a0ac79e8,ea2fc3321f1e6ee0f3757ec59fb414634dd7de99,ea66962cab3abbd5c37fc651c160884611eb25e5,ea9abd4e72805a5c5317107b6ca752bcbf5f7134,eb0349643d134298cde5891c64e9117b08e27e09,eb05709e747e53f1df72f301bc6fd43502b9d879,eb0fa1b3c175b44f518dc183dfb9fee038ae7354,eb38824debf228539bdefcf88f6de7d700120fc9,eb7b918d4f939c447e69372f9e1b804e38c977ae,eb7ef1606dd284af170571ae19378d289f9e3e93,ebae56b3fa95d7909970cc4cf5f3685cdf7f07c4,ebc9a839f25ce277ea8430824545cc3f227f3a55,ec212c7b0472ab92270326f5f0214f2d9bd114c1,ec32d03c45258d8af0d1feb12cee1f2431f8ee7f,ec50bf2ffe9663db5ccde569f47790145d2b7c9a,ed5df85f919147b8cb1a64ce434926355d8bc3d5,ed6cf91830103cf2b3325b9b91b5d24bc5039404,ed83cf8d37e7c0ced3f4ac1b84264449b0f467bc,edb2d920dabc5764d5923348154d67140e727485,ede8be3574b25d392dd6ca6cb39e9c9635b07be3,ee259aee6aabf904000e9b23c4e9d6e86c74fb5f,ee4c6f6baf339503410758bece4be5fbea889986,eea7287a8048ad23e186ae771f278ff1bf987300,eeabdbce16e4176f3486aacbcb0b0ae3be3475f0,eecd10ef0dac9da803f36cedff161cf3c95c224a,ef0befd87379c2274de2683378ee2ef5c0332ad0,ef33a82e51d47a73a61a06e43dcbd2479869f9a5,ef33d98dda135261db939aeaab2baa081ed4833e,ef7159737bb49d55d6e1635fa0ef9db427698b2b,ef8d0febc79520861d994c415db4412d5273a311,f026382d9d5d6905fa7a1d756540295255dff195,f04bf14ca68f0acab5578aacad0802520e1d4520,f0ae00f4fcc72a9c0816a743f29ffde84a69f9c0,f196c949ca6c045587865a75810a2a2bdc9fb2cb,f1de2350b3fe579dd37dd45aacc4bd225a0e7a17,f1fae5847e15d28a0512c812c74a820256984349,f20d670c90320ff3861bbd4831a4b51b2c039c2a,f222209e6969352681822a36b566874df44b5797,f2d22e40c607393726845e98d2d65f959084f730,f2dbfee85a8b4433f0e949e1a4ffe5e26b6dd82a,f315ac271f8e2c3a24db5820b54511dbabfedce6,f3669c109474d883f48aa2a1c2c3e414f24a7eb7,f36f54f15f8b2132ff7d6e58913e79dd3811e326,f3cae01c18ed8910000dc0fe5a4e154c3b1e472d,f410df22615298cfd7d9fc9d9d2318fbae8bc3a4,f41defdbba306c41367e8cfa9b46993927142c52,f4701769e9e3bf81c3df46f3d3c273c728cf7801,f5388f24c3657cd2fedbf86b7414cd074de2b5e8,f5468e61a8453e073d16c42655cd56ac73856196,f54c81479df8aaf2f7ae59f5020903f9a19640db,f550ffb90ad5a2b48896434fc0712102dd9e11b8,f637a7f326c677915c9debce8f1074576fcef8f7,f63b9a42f8130c8bfd727362da9c0cdc97edeb72,f69e71b048f5c2ba9c0b657dabd9da0917cf02ab,f6dd129bcc256af46a064e3f4d86d37b0ec036bd,f6ed56654521db39fe778c56a1d5c2803f196d7e,f76597000423de43d7f33b8b8f6552245db3eef2,f783fffa2f69600060ecbc1ede57c4af30091454,f7a8598a361319271d66952c9528a20f7a2f1662,f7aab21bb462032bc9fb24ffd76c013c1bba6f86,f7adb21b8046681774c74e6a298fd610e0ead7bc,f96839a1ba984f1b8e369cac51baf3d59da09b6a,f979c11c975b5b1d865ac6751aa1b90a673bc8e3,f98aa9f040148d3325cb6a55f9360ba259c10c92,f9a1ebe296826ca163bac6866296136f0f5bf49b,f9a96f87658a6b2f8a6e78674fc4a6243b9cc642,f9aecdd4a48847214b5bb41c5ba5edff9adb3440,f9c87aa7fb303621424a0eb1c8e6910259dc9ec2,f9c8b2c9046e9cc78edaff9070f85ed47b522e8b,fa462a7589db6c88bb8a8e58dad5c1f32f5f4cf0,fa4ece9e4d6da6867424a4d4fec1ececfd10e9b1,fa8c49e5decc249c316a8c02dab399df636ed436,fa9b605ae7a3bf6d332496734c23252ea7d3292f,fb23356e31efe29bf13e7dcbfb5fa76c2535bb7d,fb43c35c6c1611fd0481a2fd73d7ff1db7164f82,fb5067ce05a559b0776db020919bbdc1e5839450,fb91674cb64aed8805ce595accfac9e9b8699263,fba16524b1c975603c94e1b56f323a8b166cc621,fbb31d63c04a0e24d03d7d1188389b1b9adff88a,fbdacc759cdc2835f7b1fff7f1d3371460250742,fc37fd032870568a57b71ec501d531d29d113086,fc6632b4525d9c9f134f4a9c3aea8a47b759df8c,fd08c3d886c4b3495d5f044b63bb2d31811e588c,fd1f8ff32497fa0b5a2d4ab5b58224c42798fc81,fd411cf14d57033fc2f10a8e89c780cb44b1e299,fd6e6837072f591bc899305a96a1d734b1590fe2,fd7d2fbf16a92199d0584b041175683b6bc660fa,fdeaf34fdbeaf621ce6f9611828e00af93c16751,fe0ebabdc8996d4fe3dd012ed3a7f3bb91557b6e,fe2caa03cb9c4db8398c14a1170e3d41792416ec,fe3f0d472098f61237606c936d6a568694c96db7,fea361ffdee83784ba020c1ecec716b02dfbf391,feeebc92ae591018e1d91d752caa263336e88753,ff19968c0a01586ed449382629167563ffd608c6,ff791121db4c528972dda5ba2cff189f37f710dd,ffa81ea8fbadd32ce0b38954f9f46f5fe4a20a95,fff36a0a7bf542891cf09bc6588f6e4c0a7a41f1,lcell_005b6717738b,lcell_02760ef4cbdd,lcell_05b6b1441ce3,lcell_0656b9eecd0d,lcell_068b598c46a5,lcell_073c386dd5df,lcell_07bb0735fca5,lcell_0892965c6062,lcell_08edf95a6cf9,lcell_08ee52ffa201,lcell_0956102b92ad,lcell_0985974f3278,lcell_0990dc0eebc4,lcell_0b868812862d,lcell_0c36c125838a,lcell_0ce9f560c16b,lcell_0dadc8edd9f5,lcell_0e353cc42843,lcell_0e8257d20ac5,lcell_0eeca56d62f6,lcell_0faac90b0688,lcell_0fb22f5e8ed5,lcell_0ffa020c2f0b,lcell_104445004f94,lcell_10b7c36cbe47,lcell_111e46e2dcd4,lcell_11af22c915f0,lcell_11da1d48c90b,lcell_126568e2feba,lcell_13c4ac499e19,lcell_13ce316571b2,lcell_1535d8b86a09,lcell_1549252e0f7d,lcell_17ce265f21e5,lcell_17d87eab86b6,lcell_1801a6fea6da,lcell_185fa9545dda,lcell_18bfb05393c7,lcell_190f407604d4,lcell_1985b4ee67ad,lcell_1a2bc8c4e39c,lcell_1b1eb5341c57,lcell_1bad083cdce7,lcell_1bbd54700d84,lcell_1c0ef0c52993,lcell_1c7e1cf3cbd6,lcell_1cacf0921b64,lcell_1d3f54b29c07,lcell_1e14a1ecf3bc,lcell_1e71106fd4f8,lcell_1fcaf066462a,lcell_20c5d2161134,lcell_20d01c07b617,lcell_22de4cee85b0,lcell_234329d53d71,lcell_243e8932c70e,lcell_24724aa307b9,lcell_260ebeac6941,lcell_2746206ff60b,lcell_275d6a3ae492,lcell_28320d804147,lcell_2940391f5e13,lcell_29788da6520e,lcell_29ba380ecce9,lcell_29c1b3194421,lcell_2a361e15cec7,lcell_2b1bc8590fd2,lcell_2b7f20c86ad0,lcell_2bfcf54616d5,lcell_2d01a65920b9,lcell_2d327d26ee9d,lcell_2d77f9390b92,lcell_2df4c7cd8458,lcell_2edd5245b32f,lcell_302c80fed063,lcell_3075dba9d766,lcell_316d6ec0f880,lcell_329794cd7344,lcell_32ab25c9e9d9,lcell_340d5006e853,lcell_3540e9c46194,lcell_356a45b5b831,lcell_364d8d5197d8,lcell_366a78a61023,lcell_37cc3f5cd943,lcell_3964e106620d,lcell_39a5a295682a,lcell_3a4a7b5152c2,lcell_3ae88a6a30d6,lcell_3bc00b0b77f4,lcell_3cbc4af96f7a,lcell_3dd71e734d4e,lcell_3dedbdcbd3ba,lcell_3fa3764c098a,lcell_4047e152c518,lcell_4109f6d867fe,lcell_41165c56e873,lcell_412de07780cb,lcell_41ab76748e0a,lcell_423f90f354fa,lcell_4260e15b0be0,lcell_42ed5b5f1b1d,lcell_42fdb0239a2e,lcell_43c79cf1ddee,lcell_449bfa3cced2,lcell_44abc0f711cd,lcell_45ab8d0d49c0,lcell_45bd332e9654,lcell_45c5a36d5291,lcell_45e0a03b5cae,lcell_464b90baf610,lcell_47119471e4ca,lcell_474c2bb8a2cb,lcell_48597a227f4e,lcell_4987bd589153,lcell_4aeac5c710ee,lcell_4b1af77685bd,lcell_4b1d9886bf6b,lcell_4c3ecdbc36db,lcell_4cdc30b6070b,lcell_4d34d7ceb4f3,lcell_4e05a6f0ddd1,lcell_4ebb36c3cd60,lcell_4f28e7921b50,lcell_502c610c7b28,lcell_505827217300,lcell_508a04cc2167,lcell_50f7aed7381d,lcell_51289c6759b7,lcell_51696b1eba91,lcell_52588dea943c,lcell_52eb8999cb80,lcell_53004bdbeae7,lcell_53a0e03cce94,lcell_541c723019e0,lcell_5459554ba58a,lcell_54fe1a97511b,lcell_5550913d0c8a,lcell_5662ad304ca1,lcell_5698716f6a33,lcell_56a9b9248f81,lcell_5746d8331fcd,lcell_59209a813c85,lcell_593517192f22,lcell_5942b2b66f93,lcell_59703316fad1,lcell_5b6602097cb7,lcell_5d7ce75bf0ae,lcell_5d98647089e8,lcell_5dd11142bf71,lcell_5e3ff48596f9,lcell_5e9059c4cddc,lcell_5ecb66d717d0,lcell_5f2e247337cc,lcell_60e4216d484f,lcell_6230978751c1,lcell_6289cbac4025,lcell_64540aa5a41a,lcell_64ca24e28b16,lcell_6528b9eb2e1e,lcell_6538060e158d,lcell_66503aea15c2,lcell_66b51d6801ea,lcell_683a05de4ec3,lcell_68dcfd4d79e1,lcell_68ec93aa7183,lcell_693574482c5b,lcell_69d339624116,lcell_6a1def484a6d,lcell_6a47857d28d1,lcell_6a847f41030c,lcell_6acfd70b2d60,lcell_6b14bac3dca6,lcell_6b8129d6c260,lcell_6bb58505d206,lcell_6bb6c18e397f,lcell_6bd947189fb2,lcell_6bffddda2beb,lcell_6c36e2e3203b,lcell_6ca10f1881fc,lcell_6cc538939756,lcell_6d545355010b,lcell_6d59d542d7db,lcell_7007c361e1e1,lcell_70d2bbc4befd,lcell_7106f0415e55,lcell_71092438b90c,lcell_71b0a9feb2f2,lcell_71c328145210,lcell_7360f7d65a9f,lcell_74c94c6e726c,lcell_74e004a49d7d,lcell_75263fab6cf9,lcell_753c282ebc39,lcell_759b3a49d8d5,lcell_75c6952f88ce,lcell_75d509ccae1e,lcell_75d69a2a3668,lcell_7618a946f1c2,lcell_76532ca17337,lcell_773da9aaa4f5,lcell_77e8d99349bd,lcell_78e3d4cf3ba2,lcell_794b017fe7c4,lcell_794b4825c75d,lcell_7a04eea8e5c2,lcell_7aec80469114,lcell_7c852e950395,lcell_7e471730467d,lcell_7f95f3d35131,lcell_7fdc59f170fe,lcell_80106196e06a,lcell_802412dcb65a,lcell_811052e6bac4,lcell_8180e4434202,lcell_82f3b1d9349a,lcell_84394c000ea7,lcell_84ca783acc80,lcell_84cf99d91b06,lcell_8500983ac684,lcell_85e970443153,lcell_85e9b86bf9a5,lcell_86072472ea8f,lcell_863d05a17d41,lcell_865c43cc04e4,lcell_86a64c8509ad,lcell_8760231be690,lcell_8780d41e94a5,lcell_87c15a1b1a3a,lcell_885b5d2a2410,lcell_88c9c211144c,lcell_894c2944c7e2,lcell_8b17af0daad7,lcell_8ba3d8c4dd8b,lcell_8c282cfe80db,lcell_8c59779a0891,lcell_8c82609c5522,lcell_8cbcfd1854c8,lcell_8d163629fd9b,lcell_8d1ed03af63d,lcell_8ed17f03954a,lcell_8f63585c4f3a,lcell_8f790f6dc907,lcell_901d99115e8a,lcell_90e991cda376,lcell_91216824f24d,lcell_919a0fca8bc2,lcell_922bc2aee15c,lcell_94c640bfe121,lcell_94f99476ed40,lcell_95b2d4caa12f,lcell_961fa612d09b,lcell_9674be312dbd,lcell_9791f76c0221,lcell_98817164725e,lcell_9960a858eee8,lcell_9a2ca48a3804,lcell_9b9ab11e4da1,lcell_9c557d4eda65,lcell_9cd1202ea229,lcell_9e3744cbc94c,lcell_9e9a5d45875f,lcell_9ed88f40aed8,lcell_9f423e5e2cdf,lcell_9f6a68806c50,lcell_9fe7a1edf143,lcell_a1c70561e9d0,lcell_a1f47eb37db5,lcell_a3067da208dc,lcell_a311338e6e59,lcell_a46461caabaf,lcell_a5336cc0cfba,lcell_a55695f906fd,lcell_a5d8fe4eccbc,lcell_a5e4ba1cb76f,lcell_a7a22f9bbbc3,lcell_a7c6a2a1bc49,lcell_a81294f1b254,lcell_a89af76f0d76,lcell_a97d20de2240,lcell_aa6c6dff1a06,lcell_ab2dba4a67ae,lcell_acabc669f179,lcell_acd2ea498b47,lcell_ade9f1b13135,lcell_ae0c46159cb2,lcell_ae3ca81fe689,lcell_ae6c13d2bb8f,lcell_b20b1639f2c7,lcell_b27b27b410a6,lcell_b28229b7b323,lcell_b2c45ce5665a,lcell_b34220ccad5f,lcell_b460a8a771ed,lcell_b5105700e9b1,lcell_b5785c93c5ec,lcell_b5e078396f43,lcell_b63208d26bd6,lcell_b6a1093b2dfd,lcell_b6bde9867ca6,lcell_b6fc9a024fbc,lcell_b7291334e382,lcell_babb61a45337,lcell_bb0b171c6d55,lcell_bbeeb7ae9565,lcell_bc519d5e4f84,lcell_bc5ea42949c8,lcell_bc6c135c5092,lcell_bd620288ce20,lcell_bdb4b07e38c8,lcell_be3b39fda0b8,lcell_be7d6872a41b,lcell_bec030487983,lcell_bf14569636c5,lcell_bf7eb193521c,lcell_bfa8be5f3535,lcell_c022857e10bc,lcell_c1d052d1a57e,lcell_c23daca484ef,lcell_c240b21a186d,lcell_c26cac817a56,lcell_c28db3f437e3,lcell_c2b68c46337d,lcell_c2f14fc6066c,lcell_c3424b15b4ab,lcell_c36e406b243d,lcell_c3e37b9c0a01,lcell_c59f04eb794b,lcell_c5dcacb7f239,lcell_c6097273a6db,lcell_c6138e8d9e3a,lcell_c629fad92803,lcell_c65dac20af08,lcell_c6dc6b8ce629,lcell_c6e6c2ba02f5,lcell_c79ccb1c9c2e,lcell_c82093fdfcaf,lcell_ca2bd1b9bc11,lcell_cad572df9d71,lcell_cbd928facf93,lcell_cc92c858db67,lcell_ce7e7130248d,lcell_ce9babc4fc18,lcell_cf4c9a2f6adc,lcell_d0164ea3e26f,lcell_d0bd66784793,lcell_d0e1f9db5366,lcell_d11ce7ad8abd,lcell_d2e3b9583f0f,lcell_d3101cbd8225,lcell_d3143fe613b1,lcell_d39ae0b74284,lcell_d490ca0d6b4c,lcell_d6389b20a2e0,lcell_d6c7b2a407ee,lcell_d717ae25c256,lcell_d737fdbffb05,lcell_d7b6997de0a3,lcell_d864cb7f038b,lcell_d884e5d6a4a9,lcell_d8c2b43ef86f,lcell_d9aa369b779a,lcell_da15e3d0eaaa,lcell_da5b19308b9e,lcell_dc6a6ba639ca,lcell_dcdfb21b5750,lcell_dfb265b00525,lcell_e0061a6b730f,lcell_e0f629fa81b4,lcell_e1a667625e6d,lcell_e23c5749acc9,lcell_e2d5b04ff380,lcell_e43a923403db,lcell_e523179e411f,lcell_e6935d747c2e,lcell_e8deee746b2f,lcell_e8e445485833,lcell_e92777a7228f,lcell_ea676e86970a,lcell_ea8efa72063f,lcell_eaafbe5fd6f9,lcell_eaf7278650b7,lcell_ec18883b2cdc,lcell_eca553c98733,lcell_ece6a82e2508,lcell_ed8665a1dc61,lcell_ed93a0a02554,lcell_edc84e82b79f,lcell_eeb6343bac6e,lcell_f02f58ce405d,lcell_f17b89e64b5e,lcell_f28cf9f603e5,lcell_f32ad9eba197,lcell_f412b2f4228a,lcell_f41a9d4e3b22,lcell_f44d900399ce,lcell_f491546e7d61,lcell_f5be3424a20d,lcell_f69c80d71db3,lcell_f8e2e269bd5f,lcell_f8fab3af9d60,lcell_f955b4a2616d,lcell_f9dde7546a4a,lcell_fa6ce503a0a5,lcell_fb302f0406f6,lcell_fb921ac759f5,lcell_fc0f53947208,lcell_fc660252ab92,lcell_fcadcacbe24f,lcell_fcbf7d807067,lcell_fff6a86c6477,lrow_031fd9f044f0,lrow_0396d56c9fe0,lrow_0399130d70ae,lrow_03c1b14c15f7,lrow_05558382dba5,lrow_05c0ac3c35e7,lrow_0747aabccbfa,lrow_077f97088194,lrow_078cc04b0da4,lrow_0911a4417e21,lrow_094f83df21d5,lrow_0959a76d3414,lrow_0a6af7a85e90,lrow_0c60c162ee79,lrow_0cd7885a3e70,lrow_0cec78770397,lrow_0d709fe93f6f,lrow_0d9235afa731,lrow_0e2d05fe7cbb,lrow_0e45a6597dcc,lrow_0f5cacececdf,lrow_103f1986d779,lrow_104f63d3198e,lrow_10ea9eb50a79,lrow_1118d51dcfb1,lrow_112169a84b59,lrow_117c2ff754d2,lrow_12ca8928079d,lrow_13927e989071,lrow_14d494764f78,lrow_1534e76f1c66,lrow_15f0064dea07,lrow_1624fb49f62b,lrow_1699eccdf547,lrow_1beaaaf45844,lrow_1c49980cab56,lrow_1cf5178830b3,lrow_1dc31193cd5b,lrow_1efb8b984ad9,lrow_1f20cab454ba,lrow_1f21ea4dc6e3,lrow_204db2675a29,lrow_222471803ad7,lrow_225d165cc0dd,lrow_23cd3f084b5b,lrow_244052fdc676,lrow_248693762983,lrow_2558aa3782ac,lrow_26ead9b908d8,lrow_271809469b79,lrow_275090d6d61d,lrow_284a31b69c88,lrow_2a4516f36fa9,lrow_2a6fa1f51a40,lrow_2a86ecbb767e,lrow_2a8dff265f45,lrow_2ad0f3b6c556,lrow_2c1a8125eff8,lrow_2c483b53f802,lrow_2ce0302a25f5,lrow_2ce3e7f34215,lrow_2d29868b32bb,lrow_2de8e2eca593,lrow_2e207e270440,lrow_2e53a49509dc,lrow_2edb9028444c,lrow_2f76faeda8e7,lrow_30fe0ad2123c,lrow_31a19f3cc4ea,lrow_320bf8fff204,lrow_3270ceb92e96,lrow_3275b5b5478b,lrow_33207ac717e6,lrow_356133dfcbae,lrow_35cc87a4ec98,lrow_3653cceb506f,lrow_36ef3b33fb29,lrow_37c7b444804d,lrow_37eb2efe1046,lrow_3951d33df38c,lrow_397a8b2741ab,lrow_399c48948023,lrow_39e2523c5c06,lrow_3e2024f4501f,lrow_3e37e7129ea7,lrow_40e8ba74c8b7,lrow_4112de5a7b7d,lrow_41b75d09dccb,lrow_41cf4230bd81,lrow_441ef57398bf,lrow_45e97b19dbf1,lrow_460407a80c70,lrow_464fa5d8e102,lrow_46fe67656a55,lrow_48538962644a,lrow_486941636bb6,lrow_49ca525103f0,lrow_49e9980a762f,lrow_4a7b2b9e3c9e,lrow_4bd1e4192899,lrow_4bfdd65baa34,lrow_4d38ec044f31,lrow_4e268a49a80d,lrow_4e6778aa921b,lrow_502ac4223314,lrow_5118dab2c6e2,lrow_5147d28a81b5,lrow_5155a7488aaa,lrow_51efd211ba63,lrow_539d5dc83e36,lrow_545ec4553889,lrow_547babbfebb5,lrow_5499a7544b41,lrow_5562fbc57d61,lrow_55cdfee0c25a,lrow_5620b69e7a59,lrow_576d22c6d06a,lrow_586c83c7392a,lrow_5a85356b96fc,lrow_5c60b45e7f49,lrow_5c6faef117a1,lrow_5c9e5b12fbfb,lrow_5cce31fa362a,lrow_5cfada8e85c2,lrow_5d5fc13141dd,lrow_5d85a363b5f2,lrow_5e85485f1def,lrow_5f4815bc34f4,lrow_5f68c1951dd3,lrow_60b99bd6eb6e,lrow_60e805f3a443,lrow_616ae30f31c7,lrow_61e3ea55076c,lrow_62108d31818e,lrow_630634189957,lrow_63230c5f449b,lrow_63521d8e53a1,lrow_635fb05d2746,lrow_664b827b29b2,lrow_66de40f096d9,lrow_684dd493bb02,lrow_69468984cc14,lrow_6993142cefee,lrow_6a65f22c6021,lrow_6e4d53479b57,lrow_6e536ed9c821,lrow_6f0b8e129b9d,lrow_6f43e9b1f44b,lrow_6f73bde74537,lrow_7096318a506e,lrow_72061b3139e3,lrow_7321a7cc07ab,lrow_74155a690c8b,lrow_74a7c869ee72,lrow_7500887e53c1,lrow_757168a72982,lrow_75cc137969b7,lrow_760a95aff897,lrow_7772d1bb4c86,lrow_777a6b2f785b,lrow_778dd8387b3b,lrow_77c8d6d54617,lrow_78a9dbf22497,lrow_78da2c864989,lrow_795c9ea1b772,lrow_79a6ae3007e1,lrow_79b2ded78a99,lrow_79f3a9566f70,lrow_7a2101a60613,lrow_7a95249a0516,lrow_7d6cb9927b58,lrow_7dd1032c992e,lrow_7f4995582a99,lrow_7f68129137a9,lrow_7f81a0b4f324,lrow_7f896a89c213,lrow_7fc37f5206da,lrow_809040c1be77,lrow_80ff567c5c99,lrow_8150bd6bd22b,lrow_81d4c3b03f59,lrow_8217f7fdf597,lrow_82a554aa3337,lrow_83b713c4a7f9,lrow_83c54105c49e,lrow_8420a4b980c8,lrow_86b6c6c477c8,lrow_86c3a653648a,lrow_8810ec0d858c,lrow_889801112e6e,lrow_88fc0a0fb63a,lrow_8a1b5e79d460,lrow_8a1d950e1738,lrow_8a207ef0e7eb,lrow_8bc0b3072015,lrow_8bd3a1a201bc,lrow_8beb3ff7839f,lrow_8c815e0e355a,lrow_8f31d5d6418f,lrow_8f3c67f177a0,lrow_90b52edda1a3,lrow_91373d1a8b5c,lrow_91c2320d0b06,lrow_91d29b8d7b55,lrow_92e432ccfcc1,lrow_949e76c6913d,lrow_9587519c1e17,lrow_95bb5f2aea22,lrow_96021209e74d,lrow_963b9e884878,lrow_96c73c93ab62,lrow_97553614e130,lrow_98ba81c993b9,lrow_98d357d91655,lrow_9a95652799ac,lrow_9ad100c90c7b,lrow_9c4e3548198e,lrow_9cbbb04a55eb,lrow_9e83ce5e15d8,lrow_9ea3b9b0a0ce,lrow_9f4319d3a146,lrow_a0514f4a21a0,lrow_a07793c54b04,lrow_a0d09323b425,lrow_a11a4757c8fb,lrow_a1bd264fa4fc,lrow_a2de8431edd4,lrow_a365c548c77c,lrow_a39e0fdd7da6,lrow_a40aff672cdf,lrow_a43c7065b260,lrow_a4a919482754,lrow_a623d908bcd1,lrow_a701af0bd8eb,lrow_a72a20410a77,lrow_a79c2cee745e,lrow_a7cda1891f1c,lrow_a7e4b7361de7,lrow_a91f1eed2ae1,lrow_a9272e45c07e,lrow_aaaca092f299,lrow_ab4c4dbe3023,lrow_abf8f03880b1,lrow_ac1a46539a9f,lrow_ac3d26d0b5aa,lrow_ac525b16a1b4,lrow_acb50bb24ac3,lrow_ad020789419c,lrow_ade49fa2cd67,lrow_ae55d2b83971,lrow_aea3568e5645,lrow_afa3d58d909b,lrow_afe8daedc5f8,lrow_b01d2ae7e209,lrow_b0c41d48e3f7,lrow_b0c4e1a2d484,lrow_b1014e24b607,lrow_b107cfc62918,lrow_b126b788779d,lrow_b12f68b09258,lrow_b139e87292bf,lrow_b1fcb49cdd12,lrow_b2a93deb2b3a,lrow_b35e1e0b5d54,lrow_b3a2eb788ae4,lrow_b490a1ca040b,lrow_b5213749960b,lrow_b5b12f71636a,lrow_b5b5f5689366,lrow_b6b92a652c78,lrow_b72fd69698ec,lrow_b8460d0a8354,lrow_b940789c0f1d,lrow_ba30085cc550,lrow_bbc0b9bbbec2,lrow_bbedd25382bf,lrow_bd4eea7d4f10,lrow_bd74b60aac33,lrow_be153094e4c6,lrow_bef7ab42d72f,lrow_c038e2d9f0f6,lrow_c072510abff7,lrow_c1143d36c64c,lrow_c162783c5876,lrow_c19b754df695,lrow_c3795780cc59,lrow_c3a844ab3e4c,lrow_c3cd9ca52e63,lrow_c42e0f2d72b0,lrow_c4fa04103993,lrow_c61416ce190c,lrow_c6d31e18067c,lrow_c8230f235468,lrow_c91d3ffc9a79,lrow_c932304027e3,lrow_c974a8f2265f,lrow_ca06eca31604,lrow_caafbc422599,lrow_cc15e06f3f56,lrow_cc23208eee51,lrow_ccd23374d434,lrow_cd120bbb1819,lrow_ce34c586a9a5,lrow_cea853e26ac4,lrow_ceec69cf0a42,lrow_cf49cbe3cf5f,lrow_cf62639417f4,lrow_d0a98f2e4747,lrow_d1117812130b,lrow_d1ab9c841e72,lrow_d1c479c338cb,lrow_d1f1c51b6559,lrow_d2a58032ce58,lrow_d39e0a7ba296,lrow_d51ee24c329e,lrow_d521e04fb303,lrow_d52c66a586db,lrow_d5b8e615451b,lrow_d61e1c5aa2de,lrow_d7b8759ae51d,lrow_d7d38558481e,lrow_d8063f3293fd,lrow_d8e2cb279aa4,lrow_dd52f971332e,lrow_dd5f7de44a83,lrow_ddac78687d84,lrow_df3dc81453c4,lrow_df8b3c5b35f3,lrow_e08d7a9fa018,lrow_e0924da15aa3,lrow_e09fdefa1441,lrow_e0b380feb357,lrow_e0e25be6ed39,lrow_e1cd1a39c6e9,lrow_e36e7b62fbfb,lrow_e4bedb366142,lrow_e4eb19b89453,lrow_e60dcc55fb9b,lrow_e667cc4be224,lrow_e6f1342c1310,lrow_e72dd7b37132,lrow_e72e60304ef3,lrow_e876b070c2d4,lrow_e91d9bdd581b,lrow_e96600edbe01,lrow_e9d4a05a4d60,lrow_eadf26121ecf,lrow_eaf758f98895,lrow_ec51ec9a646c,lrow_ec631d4a439e,lrow_ece9c2c4a6b3,lrow_ed4e60804954,lrow_edf522e66550,lrow_ee1fd896c506,lrow_ee7ce64ec1ce,lrow_ee879fb43da7,lrow_eec94105b8f8,lrow_ef12c9234afb,lrow_ef9c6bf3a11a,lrow_efc135b356c8,lrow_f12316e1b769,lrow_f2bc15dd6396,lrow_f335b9a560f7,lrow_f33cf4319e90,lrow_f597c98cd660,lrow_f7146b3cc347,lrow_f7a6a80d16c2,lrow_f821fc243a51,lrow_f9fe538424a0,lrow_fa9c948c916f,lrow_fc499b73d4c3,lrow_fcb24ed0ab4c,lrow_fea5132f00f0,note_2631b4eeb3f6,note_26530f3e2013,note_34c0e46f3018,note_3566f1745da6,note_3b12cafe874f,note_40a2ba2f5991,note_4169cb89f36e,note_5017a9c8ae6e,note_571c96d5533f,note_652a213b9f17,note_67bf5cc358b8,note_6ac467e8625a,note_83c33db30c51,note_84c9995553c0,note_8576ab0043a3,note_97a0b6bccbe5,note_ab8586c19eda,note_b3357d03c74b,note_c02a806a8769,note_caa7f4e96560,note_cae2fc11d8ed,note_d263d0a01846,note_ded80751c3cf,note_e3343ad1ebf7,note_f5b7bbeb71d9,note_f8c45e75f00c,note_fe06fe6f64f1,note_fe679ae16bd6,note_ff8fa5affcc1"
d186c7ae-3267-5022-af53-e6f671450f2d,WORKER_TYPE,보건관리자,보건관리자,lcell_394a75f01a0b
906145d6-c203-544f-bd43-b39d51c31a23,WORKER_TYPE,"보건관리자, 보건관리전문기관의 종사자","보건관리자, 보건관리전문기관의 종사자",lcell_3d0e5c5b8d5e
9791fa78-6017-56f1-8619-bf7a21ec61f9,WORKER_TYPE,"석면 관련 법령 및 제도(법, 「석면","석면 관련 법령 및 제도(법, 「석면",lcell_4d87f9fd680c
cd06d378-4050-5114-8c65-e69732911eef,WORKER_TYPE,석면조사기,석면조사기,lcell_91125b6efe80
a63023bb-b52e-536b-9ad3-c88697caf51d,WORKER_TYPE,석면조사기관의 종사자,석면조사기관의 종사자,lcell_4a978c778dbf
a8440194-4891-507d-8310-c6c809029720,WORKER_TYPE,신규교육,신규교육,lcell_2b3ee80015a4
27cd4fca-3085-56ae-a692-0d7db3495198,WORKER_TYPE,안전검사기,안전검사기,lcell_da42c945c84b
3dbbcad5-ced3-52f8-a206-86d2d19ed852,WORKER_TYPE,"안전검사기관, 자율안전검사기관의 종사자","안전검사기관, 자율안전검사기관의 종사자",lcell_7c8c3c44dc2e
faa013e4-cc76-5ffa-95d7-f3bf740750ff,WORKER_TYPE,안전관리자,안전관리자,lcell_2fa119e249f6
4aa00ed6-b349-549f-9794-8df343745d04,WORKER_TYPE,"안전관리자, 안전관리전문기관의 종사자","안전관리자, 안전관리전문기관의 종사자",lcell_b268829bf0d1
a97f82bc-7553-5f9d-a454-52a521fe19aa,WORKER_TYPE,안전보건관,안전보건관,"lcell_6a3c83fa380a,lcell_b8ed158f1425"
18901bd1-130e-5436-b2d1-93896714a894,WORKER_TYPE,안전보건관리담당자,안전보건관리담당자,lcell_a94f2a5cde7e
572aafd2-1b4c-5349-a2a3-ef1238672138,WORKER_TYPE,안전보건관리책임자,안전보건관리책임자,lcell_9473cbd36655
7963683b-bd26-5bd1-b528-f437ba9950a9,WORKER_TYPE,외국인근로자,"외국인 근로자,외국인근로자",0eabad9e6adad75b27de986850a6f273f63c3bbf
e23f9142-f666-586f-9f08-91652328add2,WORKER_TYPE,일용근로자,"일용근로자,일용직","602daa2daf1255addeb75fe4653ff8dd0ac2df4e,6078af24ffb832b6cdd243958fed174fad438b54,991c4857e3a77c3b0a70a18701ec004b5fb494d6,lcell_1bad083cdce7,lcell_20c5d2161134,lcell_7e471730467d,lcell_84ca783acc80,lcell_8d1ed03af63d,lrow_46fe67656a55,lrow_4bd1e4192899,lrow_7a95249a0516,lrow_b2a93deb2b3a,lrow_e9d4a05a4d60,lrow_f33cf4319e90,note_97a0b6bccbe5"
7d108fb6-4da7-5464-a562-2e71081da625,WORKER_TYPE,자에 대한 관련 분야는,자에 대한 관련 분야는,"lcell_3ef54cf06a9e,lcell_e14428edc56f"
31ee4aa2-ecad-515b-8c27-f36e42d51e68,WORKER_TYPE,진·관리대상 유해물질 및 유해광선,진·관리대상 유해물질 및 유해광선,lcell_d84c8d10ebf2
dfa3a92a-ed8c-5f75-bc05-f4d3a66bdfce,WORKER_TYPE,코 드 코드 코드 코드,코 드 코드 코드 코드,lcell_7360f7d65a9f
23f9b977-8dad-51f0-b6d0-1279231d2a47,WORKER_TYPE,파견근로자,"파견근로자,파견 근로자","note_652a213b9f17,note_67bf5cc358b8,note_97a0b6bccbe5"
26e1b945-d985-52c8-87ed-9ec3311151ff,WORK_TYPE,가목의 작업에,가목의 작업에,lcell_b727853df174
030eaae2-1dff-54ed-9c6a-8026f7c1deb4,WORK_TYPE,가설공사 가. 터널굴진공법 1. 해당 작업공사 종,가설공사 가. 터널굴진공법 1. 해당 작업공사 종,lcell_916d14183125
7a567931-28ae-5408-883f-5c03425cd5b3,WORK_TYPE,각 목의 작업과,각 목의 작업과,lcell_3368affd3cd2
b1b9c142-938d-5ac1-ad56-2a94640ac960,WORK_TYPE,경우에는 세부계,경우에는 세부계,lcell_9a51d1a160ce
48c86b22-0660-541d-bdf3-b058d7665e1a,WORK_TYPE,계획에는 질식ㆍ화,계획에는 질식ㆍ화,lcell_acecaa5f4614
9869686f-d93e-5a30-a7e1-a62bb07aa9f2,WORK_TYPE,계획이 포함되어야,계획이 포함되어야,lcell_67b84fb18461
2e3b5df3-2d3b-5282-be54-45d577188d70,WORK_TYPE,공 립 및 해체 작업 재해예방 계획,공 립 및 해체 작업 재해예방 계획,lcell_1518122d2ce9
49f960fa-3968-5961-a66b-39489e107cc1,WORK_TYPE,과 같은 화기작업,과 같은 화기작업,lcell_c02372435ce0
3c828b14-62b6-51fd-b119-6ec94c71bc23,WORK_TYPE,"구부, 본선, 수직 갱, 수직구 등을","구부, 본선, 수직 갱, 수직구 등을",lcell_72b416a764b8
6b6dbc48-4924-587d-b479-3ba97700045e,WORK_TYPE,구조물공사 내 붕괴ㆍ낙석방지 계획 2. 위험물질의 종류,구조물공사 내 붕괴ㆍ낙석방지 계획 2. 위험물질의 종류,lcell_c4bb7b22f6fc
ad7d38e9-ff8e-5656-90fb-16c74c202068,WORK_TYPE,굴착 및 발 작업 류별 작업개요 및,굴착 및 발 작업 류별 작업개요 및,lcell_5cd1f56b9dd7
b221545c-3d43-5cbc-94e7-5e83c30539a1,WORK_TYPE,나목의 작업에,나목의 작업에,lcell_e8061ec526de
3efbb6f1-363f-5c6a-8225-b1d9479ae1a9,WORK_TYPE,내 붕괴ㆍ낙석 방 지 계획이 포함되,내 붕괴ㆍ낙석 방 지 계획이 포함되,lcell_a979a4519eb1
10934681-aad0-5dd0-a115-854eab2383c5,WORK_TYPE,내부나 설비 내부,내부나 설비 내부,lcell_93c64ff30e44
e184c2d4-da78-5f59-a2dc-d18d95caabbb,WORK_TYPE,대한 유해위험방지,대한 유해위험방지,"lcell_6fb845f20416,lcell_d6a0a5f88fa4"
34cef865-777b-5fd0-a962-7d9ff94e470f,WORK_TYPE,도급대상 작업의 공정관련 서류 일체,도급대상 작업의 공정관련 서류 일체,"lcell_2974e3968949,lcell_96e958d412bd,lcell_e8bf16cda89a"
a17aef27-683a-5636-9ba3-4d8c5654cb02,WORK_TYPE,바목의 작업에,바목의 작업에,lcell_0f499ae25ee2
de153a51-23dd-51b9-812b-6725a9c84265,WORK_TYPE,벽체를 포함한다] 조립 및 해 비고,벽체를 포함한다] 조립 및 해 비고,lcell_5cc0570b7e31
1ca538ad-ac6c-5104-ba49-55ca57bce0e6,WORK_TYPE,별 사용량과 저장,별 사용량과 저장,lcell_81288269d1c0
b19f5d9c-b0d9-5583-95ae-a137f508f5c9,WORK_TYPE,보관 및 사용 시,보관 및 사용 시,"lcell_66f80a0190b6,lcell_6eec5c89a2af,lcell_81750e94270c"
31323a11-9d9c-59b6-9032-79c7cbbad759,WORK_TYPE,설비 작업 ㆍ보관 및 사용 시,설비 작업 ㆍ보관 및 사용 시,lcell_9ee2baf775e1
d7a84499-ca21-5426-aec9-6c1b14fb92cc,WORK_TYPE,않거나 가연성 물,않거나 가연성 물,lcell_702b6f997a0d
a3447336-8b8d-5ef8-9cc2-1619a8356ea4,WORK_TYPE,양중기 설치ㆍ연장ㆍ해체 2. 위험물질의 종류,양중기 설치ㆍ연장ㆍ해체 2. 위험물질의 종류,lcell_c8eb832f05f0
19d3dcb7-59e6-5a8c-9ae3-809e71683a71,WORK_TYPE,에서 단열재 취급,에서 단열재 취급,lcell_2b26c30a002f
903d8172-b569-536e-8b7c-cff97b488fc9,WORK_TYPE,용접ㆍ용단 등,용접ㆍ용단 등,lcell_833887926cee
5870a1c8-af47-5ea6-b761-ed27d903a26c,WORK_TYPE,의 안전작업계획,의 안전작업계획,"lcell_1d4026b8a90c,lcell_8620ba1058dd,lcell_a2c083cf6a14"
73ce003d-a9bb-5545-8f6e-c4a411f97373,WORK_TYPE,작업,"작업,작업명,작업의 종류","0028cb819ad7913074c5ad8191652035a3689d9c,007b8cf47e1c91c240ddf8aa0741bb2524409178,009cf5bd5d388a8e1561aab29a23fb92bc66f9c1,00bde023920fb4064792e3f9b68c9299a5a90430,00d095bd61d1fb5c71a38c5cc0739a2749456abf,00f3bb80c19a10b823456afe1722790a9a193806,00f9a856d8470c234e3ce5acc91263d352ad39ee,011606c0b1077c21f6042c9a28d1bdc18a414c0a,012a9fe84cffba673f122914584cad58bae198dc,012ac1d4cc4a8bb880f6a9a01eb13c4ac3a29e97,012de8fe2672259a4cc82b50517c53648c37479b,01982ee312d70bf11797f56e44d805ac7b3f1f03,01b2995aafb4e59a86b66648240486ad5d770caa,02440341c6c24d23785c731a48b71d4c91afb168,024932a1e718f2dcdb36e8ead8987b78df1904dc,027dedb0e7a0ae1d78647098f34956b8da169bef,02859228598d9e22d2d04ae36651769974e0be7d,029af1890ad6bd52d5b788817d47223aedb8cdbf,02eb8ddffdbc2e9735560454f0ed750074feb6cd,031a013bc128c57174baf88e70f7900547ff49b1,0367f48ef5548d5efc4cefac2e5efd2177efafda,036d6c0e0a05df8fb233d98bf6b73893cc2dfbe3,037cad377811b0cd7d8832b83d1cb1cf43f8761c,03e44edcc75243e4c708446259e2cec5c315f002,03f287d28951ad4c63a3f9f96a2cdb57b7a67c8c,0476656e7ba6619eb06e3dd49ead2a6cf3ca826e,049267d71eba2375b3381e7989c46145c62a08ef,04aadc0fa35a888042c48d7285a76792f97bb808,04c468d88ec7f7b7622292a52a371efd9fcb31d3,04d8fecb7f24ce20244bdb1044881e9456eecd3c,04e088db27284ff0d5b4104f524c02cc33857ffa,0597ccc3519e4834ed32795063d760785c35c5a4,05e0889a8bdcf4b5d3e4beb88c01e150881599e8,05e991c5eec8cf3909c0917cc611e38d0d0ed40a,0617e33af19be697bc2cbf5f15a02938b8658054,062db93c7cd0051cc6f3c8160901cdeef6c24363,0657dd30cf13e4e804291339eecb7e0ddd8af73e,0662523362eac0beda382383351d6af8430754d6,06d458ad433e66ddeb5b02f791098c17468b7266,06db00bba560196d2e2fd39fc50e5ea4440fffd3,074d33b0ee7f3934429af78b8927ab568c0976eb,07a057b80c65f8c7270be91f8aefccc6fd0bd808,07a58bc9aebae49f3fa20e77217306969ac01ada,07a9e49988a9a2b1c832fc57a009911b6d9d2d23,07bce102ac8924bc743fff72fb8e0ded4bc13aca,07c1019acd243d18c82f34a2259290c1e3e2fada,07c3a716187c90478972ee5e3f99b8ef891fd022,07fb10c806ada5809928b44c8c4305552dce841f,08189101e9e3a5923f3b9e80210f19920003a1ce,085e625310bc36a68d95eb153d9e1af428657e59,08852f795b10ef2bd7f8bd51c60b21861f255544,08e54169f92c441ecc53b53b9d1a78271c332ecf,08ead6f5cd31e2e23946498f9831234cfabbe2c5,0921279a6c92ba8a7f711e15c8b20e72bbea6bb3,092a99189c109fec9f090221b835bffce65f7519,095002da53c11f5ce4f80fe617ae5a840246e7af,096262cb38eb86d17522e2ef9c78ff0a8b0bf744,0998c556fb8db3b2438cce9f91fca1dcba077996,09c156728447203bece769d11dd89d5e917bf700,0a3079ab601251270bc6ac4a1b6290996d9365e7,0ac4a4ab48948de2ea3d221827297565c6e9c8d7,0ae400665dc71fd4671595f0623c25b952f22628,0ae86d2d4ce2c5d038426ba28ec304a143c9ae82,0aecd47d38ebbac53cd48a942fe4251b918deed7,0b44716ebc5a7748046c9c5aa42dafe0a082d7a9,0b4826c702b3e40d8396db2f547d8b8f102011cf,0b8954abd8a83e93211dad3fd8b882ff7c708936,0bd9f2ae39e6c8ed41c016670e620fc6d7874cd7,0bfb6cbf0716700e04030d3f3ab489390fa4905c,0c44b10079c28ad0892d5b64fab72699e863c0ee,0c48f9a6b5606ebb151f3ee5ca25fdf6b5a6ffd1,0d24637d20f31bd78689d6997b09f776d4fb5b51,0d414ae5a3fb5be3db65bf384a0e21780b07ba8d,0d4bef354c8fabf69676c539bd4b53239fad1873,0d57aff4397b22c089db736668871191db9115db,0db4ea5d9e1df4772503afaf506c63e13d89de22,0dd97bcdb89b7879e112f21efee12f99a791799f,0e1a8b54af51df4fc1e1a3251ca1d5b915616b21,0e2a33167e0dd2ff80ea018db3ae8b34dd28e6bc,0e3acce3cfb09f251e95848c6364cc4e1abaaeac,0e6e64d4759ef812eb761a0f0d097f59a6723e5b,0e7113c372c6ca24e11df9a77ee09b4a39058a36,0e84814cb52eeb2fa1c34fa1c4352bd4ceb9ec63,0eb4e27d61b3f66c5d6e6e6c3bd25e78e3cd87d6,0eed40e5dd29f938286943cff7fb0c7f3b080d65,0ef97a7a4e09a10427e84f57f27db80940242f48,0f20982dc6f1d495d8daea214108bd912e9db45e,0f3e600dc605d7aaa483b6e9fd6ad397f03f7f35,0f4ba7d27ff3bbd35c26ec23ec013015b04358a2,0f61549464b06b36dff4eb4eafd115f6db1e02e0,0f6ebed14877fd3db9c8581aff79cd58f31d1ff7,0f9abe24fe7776ee7d38b39bd1fafe5a1a3e3e36,0fa32eb7eb7f1363e7a3cb4164e9963f9aefac23,0fcbedb1ad565b4de25f1df8e3eb084cfc1fac45,0ff72917e298db7bfa88de6ad8b5535ac4be336f,1063d49aad282a4603c5910d5a1d5ebb4fc518da,1085c76b8c16952401dc085c99637071ec62acc9,108b524964af47d44165edf689fb209056bce22e,109d958374bdda080d2517bb26b1dc5b2ebf3b19,10c66744f6251765917cddbb462906a1f26b5a02,10d2f42c7bb5ab33297f45309992f9929c76edb4,110cd159d63f70019054d83b4343dbd76d577611,118d91859860b4a267374616d9e8cbd165ef45bd,11967ec94323047005f614acf8af69afd13bd103,1242ffcbf0a187c6ade53f0d80ff01d005122cc5,125bf08c67d7f44a37f85dbda577ca43e84f7651,12a97a700b338aec5074a471b96e55171179680a,12aeba498bc0adc874df5ec0712d93db63e87487,12d6b682799b3566b0ec7a16164f87cb155bd4cf,12d7ad2f857c6567c9ab42d59ef77ba979389eb8,12fabe1276ee702c08f242168b07737d882ae807,13084ab4b1bf9da42db8e92406bdf82fa369cf42,1308b12ab81399fd62c996ecc01415654de86122,13144c25aa2ad8a54884d2debb4329222a613496,131d046b59162e4b4937aa9f30bd4bfcc3385f83,133b34ab227fb9e6c0fc1d68612b2abdb041f54a,136a1444d944f50dc334e2d58d0cd63d45c37a0d,138d267f84c64a578cbcb9c19179d44d86372a1d,142e3ff82d183581e514dfe74964e137573d5022,145e0be74f0ea9810750d19fdf190fee6c94c4f1,147d16479a1638f0f1d43abfaf8305d60d33ba9b,14ccbf361c7cf11b09da8a9c12a1b0f66f45d47c,14d13939efd11d46a63fdef041e5533713200e28,14dd3cfeb3819c08ccd65c3e0319bbfbb7f77a12,14de43f15d4f9222d72875b2436b2c6d695264c9,14f3dbbe5c43c13a53aca0a49435e1e2ba6447be,1507015cd90d84ec31d86fba1d3599ddf198abde,15d021e53223eb5dceef7f0505e7832f470a7c09,15d738520a786a4eea5b1ab0b19d809754dc5003,15f959be67525e0b90200b8af287c85336329ee5,16016ed461c80983870c34448d3c5431a4f3fc9a,169a812f4f4d55017dafc56e6455f261552d5228,16a7273dc41b18d58ebff2ded23547a24747e6fa,16abe7eb4a83acc7cd9d08976b077d6a2838d67c,16d53fc35d017fe409476d7dfc45ed2cb67695a3,16d56412d32bb4a25d4fb54f63c8b10d89bcc227,16e3adde27371adaa5a52dc78d530a74e65b420f,177c40322943b821918abcb747307c0e808aa67b,18060dff401b6a61ea406c76150b0b4ca1ac610d,180c30ab5744a1dc68382005afa56e8b75b62238,185de01b7b97583aa47829a6d9603e68408a4137,18c6dfc1542391c21baefc74c2cacb1c27112e31,18e3fa24490ca8a4d3fb63a2adacd7c4f8885528,191083af8ab85f45bce5f7bd3eb74622aed95ee5,194878c17fe12ea46136c014f6bf3c635ca2efed,196137e8166ac5b5bd3b68e160cebe182af8d307,197b8f981cc251fe550fe61980b9b9b549f3175a,199c6fc45ac5c3a274b44be27d126dc7af3b8915,19d31e80b7d885892bfce68c3aabf4b163676469,1a276b4e3f80744dfae7de255ecc1e1438cfe649,1a40ce996d5c7abc01c4f1163ee7b19983c69765,1a4a49b68f78d61a85b3da3966b3a6a964978bdc,1a76a8b48c5053c6830ac39845c35496a552c3d2,1a7c9ff25c5cf33b288b38e30582ef60ea0af102,1a8346b8291e0121369e1cf6aebc11ca4a53fec1,1a8d9f0edea9550dc4596e8f29c692e887bb97d9,1a9500b03710be05020749dfeda6573ec3c2a9a8,1aa3fde551f08ce07457a5a45b01f34571f7226f,1b4ef51b3d756d98c8444b9482c57d94ec4cfa46,1b8f4f7e17915e3791a197bd4ca15a81038c22de,1b9c9e129b8452e6591589b5f50a6eb692bd3d55,1bdb1599d2e20e24f9da5bf40c8034f342ce4f0a,1bf49c21a85bdcb406e49d6c6677b9f2488e588f,1bf5a5de8b35604b0fa099d8a924c412ce9c5f7b,1c052a6f3f82a9d24b24820b7aa43d6ffbb57572,1c6f968e16a1a62d7ed834581a0138f0d924d3e8,1c8722f50ce759f1b464089487f7bd15fdd0ff6f,1c8d0af34eefac68b30d27c4791d4c986538d6f4,1cac1f71c561f9837e4e455cd52f7e71a9aaaf01,1cad9506e09c957b40d5c764816675c6ff1bc961,1cbf43a718083c956c28f77962a1ebaeb1944284,1cf2ee22db3c2bc2fe06b670ba27bc639a5ff29c,1cf5709afe0134f300552267067dd30bfe9e1126,1d1f444bb17efb74ee98dd3b5d390b7975fb97c6,1d6e66a629c17b0487539da2bb41f1a2d23f859a,1e06bbdee1fcc84baec324d6df0fae252a1dd397,1e20f0b8e17b5d0106ebec68871fbce8420b5dc6,1e2a5e6e6d8a9d609debb8375ec82a8480130ace,1e42d26d2c1ee51d56b4e1fca1cbefcf0ff4924c,1e588c23b08435b414c56f33685b3fe20ea386fe,1e645f6de589ba10ad0f37c813661210a3bc1cb1,1ed3dfdccba39da269f81804448ffb845c7865c9,1edf443f8059444610b2cf4533a6197ff55fde6d,1f399915f0f4f65f29e34f00187e190da0e9dc09,1fa5e608509cb57b12e7d9673dd4592955bb846e,1fd3efad3e9cb58e0a2c6b42d55cb34e6683af8e,201b9281417e6ff3dae358348d057dc0bca03cde,20c56e5cdfb89e106a3799b9297af6ff93d4ee0d,20da65c2c662907dfc7cb44ee309a7163effd94d,20e2ee2fae8837ffdeb406f0590bef6abb8c264b,20e8d97bb0f560972a914e2d2d89f0d9a7946211,210ce7a58b83cd155c300d06c2f1f2aeb5791b50,215316317b5b2aa597222fb793ba8d14380e046b,217e9b8672a514a984dd08d1dd622735ebcd2c55,21bae8e84e44a4e5adf49009eb574e364b2e6e12,21faf0f02506e3f9085ad6135ffb0d738a973d82,22a3fcbc7f7e50538d98739d994e472c1f4a9810,231d47848edb4d124ca180d01f010e74eb1d386c,234e90dc0d973488b680a59a6532dbe509511477,235ef4e86ebedf6f154b2256ccd2613266fefd27,23cbc6b9680c9b4b844c919e2a53c23ba34eb166,241692cbd08a45b5be0622299bbf8850ed4cfd4c,241e3ec943a8afdf5474493adce0d862ad4becf5,249450635a6797cf49ac9b3250529aa4a49c1c9c,24a0537d107aa620f7457e68730094244d6606ee,24b11951cf6388c4efb914b92dcad5875f593ec7,24c431803f991b9210b75bf358273c0408a9cb34,24cdc74023925893472593e8b31dd5d8cd10ab2b,24d59f6a964a8d3c209e7d32a037016b719d4e05,250a31b84e8c67f14d1f0030731e1193c7e43112,25264be16884c4957a1c2eb6700b40f9fb2041e3,256c5221c18e1c8b96f95efdeccb367672afffcd,25730d8ef5fe0f43fece9a7731e6460f4a4b238b,25c2edace1ebc8f7f21a4d90e052d28e19def912,25fcac34e50b29b0a82718db17454270df3ce029,2625bd4345bb48c25f0ae0f1e0f0b9223c60c6c4,26a862592b812359937ec6f72ce86f8dda7a8fcc,26cdb837866fbbebed1b6d488a1c22257a8cf96b,26dd85fa5417dc05bf1c2e99d51ea2ffabe02f7a,2700acd9b479078f9280de5209dbb79678557b5d,272679a1d05456ec9f1f5788b247f668a2554bbb,277db02ed7cc96a671a156b45e9d705f2ba2b81e,279ba87f005504475fe1f0a6b79f44939cc46567,280c71835569ce13b9aa9792fb6ba590b3de8ec4,283dbd681c26ae0829ebd61b032b33ace808394a,2873ba110e0aad02e3b98b85d4c0f95e42268539,28db29a0f2e984057eda03275ac519105772675c,28ee6232baf36526dc2a39eba5de4e7c560902e1,295d8ccd48c77f07b50b910f5214c5d31262ee25,29a30ed98b2a7fad84dbcf8b2e6adf86b9c2e549,29ee18d2d4bcaa0bad5ba3cd5377d9e421580077,2a2fa202832083167c89a214b26e03bfee1deb0a,2a5fd2b9488d51e8cb4863d13de37dfc3608be74,2a6fe2fad4b861d008cd7defcb64f8c57fe9d637,2ae1d7bc6148df9f893324553e39e5a55f65edf4,2b35f7426d9f6f0244c42c7d538d26d6e1752e07,2b97870ec660b9c1f2d863e59ad90013f052aa3a,2bb2dc24dae4ad143ec458d99a666e7a42061bce,2c4fa711028ef75fb84631aa92e2208376f4146c,2c9e0ae1df398c0dbcb92d930b34e45d98c82bd6,2cfee071620f294c802807c7383c01c323ced714,2d0ccd66d3ea800ace4556e1a753776801f8d039,2d29ecac16cbbd32887a517e45eb7007845e7ae6,2d43e70b73f9aece5ca04e829f097ce2d7913891,2d7bc44d6f4bfed906594175d211237f54f04c33,2db84d7aa2fbdc5c43ce703c7d7fc2db47e605c8,2dbc7aeed40693689fa49f437bfff406094dd0e5,2e0ec3e3d05cbfe81300c410dbf721a84f6519cb,2ea027a360dd05d6e88a94c153593119624cf016,2ea5fa361d289685252dd89d2e4444ba514d49e4,2eb483a43b8698ef2ca0cbf17c6cdef4a92a474f,2ec953e5acafbf60a3947b0c37e96f6dbb0aa189,2f8c5986d05e0f64a75865ea76c255dca12c0c97,2fb2f300ad4ce969781a1c2c76eab4e7877caffd,2fbb225fd689505d0bd1c33dd79cf50a1dca739f,2fe1481d7b49b6b7ecfa34b6f7b1db5b6440a7e7,30721cd5ee42bf90cbadfa10c7817b49a155b1e9,3082d6acc2970af9a5e936b9f70b623cbbdba80f,3111f7b771a13388d9566b420f2d2c197ca4da07,311982c647283cb4611ee10da812fe63c198c640,316804aa5518085a968ad1372091d1470b18bcb9,31880d27b3a26aa30f5454cc0167bd45c578e249,319f96e6dd7743f3086374ac5591d22f2cae9694,31e0b638a70c40d669699e5b5f0e5b3b932e5d66,32198609643ecf7fab8eafd06abe3405b090f88f,324aaf832f0f999d69b05681d214c2b376775c16,328fb6c31e7ac0dd18536d7c28e3f348f3042efc,32da705fe45209ab78dcee468fdf75ebcf0e3762,32f39b7e7bf99358141c9d302350d8ad1e4254d3,32f893f39300fae027cb2ecca34286ed80a42d99,32fe3c4b35ef41fe0199496f746493660cf12f0b,32ff5034b6fe6e2f4d9cb8de2c4a9df28541e66f,331c73600425fed6f4d8774bf090d2f322c8d894,33461394b2e0071b4fd48f6cf9a092c4c6f175ab,339f93098db300e1c8db782c03da0619925db4ca,33cf81b2f5d50ceea0921546fab26220d59dfb15,33e19ac1eb580265447ab0ac39a38f2728436686,3441ce6e880122cf34e67e8d91928974dc29626a,34b82571a9d4169c7a606f51bc4e3e1de2ba6f23,35147a4a4cca71a1d0352df89cdc71baca9e0afd,35275cbdfa88a24d2a20bf8af7ac05ba9c224ded,35cceea0982b32a085bbff6f0f90f8f8bb29f2ff,35fac55a4df8cc412d8d78512bbc7bf811ec006a,361ebc9a672b0baa3b00c0e185e52b74e4007df4,367c4718f30416451a16bfcac566025c0c001978,3684aa0e5c0a0092d92123c69173a505eaaa2029,36b29b7fa2c98897f30af04fa439e976a73b91f2,36d5b96bafc32894a3746b641301bc51d5953c1a,370f832b02368300e0ae2ff5641c21159ea59cd1,3730a22fa696626fd04b65a9bbcbe2d0c2fab913,3738cb3ea471c776ec1a8ba180816e6f92d1c327,37cb70b84297100170b8aac3dda2681a10d545a3,37ccfd3f87593edbb733b57f9b4a230ceef5dfa0,3805658e1a976fe2829c422ff4637fe58b382aa6,380fcc95cf73a95961b52f3c0f84d1b774b214be,38511330597ef11a45dd8daebdcd54aefdb750d1,385cc3b10feb1f6f141a721848aa1d616093de6c,386cd03b78c930df3068aa343cce16204f99e1e0,3881f11dba4aa55e1e3b3b8395adee79d0479f86,3882d46672c7403b35ff6b2857fa4e2e9b3c73f9,388d267925088dfd86fa828866ce790261d6d9d3,38a9d13fa9c8600fc464fe5adcade9401dee9e89,38fc8c6ba3f1afd2cec12e903e6bf7d51b225be8,397f754bb1b785a5e02f006cc397c333abdf961a,39c870675d9fa41e3f441433bf3515342f66804e,39d43b2ff2d36736577fd3782c7c2781b767fd65,3a0c79dffca8a691fce05b3bfae66b0131b01eed,3a0de29323d8be0e818f381ed1427067f5c8a92f,3a0e8a9dc523309a08c555ded49c3a5538d1eaa6,3a4b16ce72a9d2b945897057f592caa96c7679f3,3a4feefadf0e7c7ba36f9ba666d46829b4ab75ec,3a69bf2cbc0dc96e691b30599d93ca6115a3a81b,3a71a49fcda69c11396462508fa9aabb7a51ccea,3a98e3d480920ac393c34e1a5544ee9c6d407f1e,3aecbd8a229d6f8d68db56172bee9e3e4b3929c7,3b48dfc40ebd05c85e29af559f23bf3a27db38ed,3b621efb6d1b78a39ef74edb889ef3558fe53662,3b96c86685475e6a3e45b5875f49d7d471b66e50,3c33ab2b3a15b9cd38c47f48c46537ed1446f296,3c3cc9941e153d4f7030280811a6ff67f5aa6db6,3c68e946a53ac49345edd7aafbf681c99b36f2d3,3ce7ddd3e9f656514f68f7fd3cca27122c6dbd01,3cfaa005790137ce4a76da2e2a12c5f8ec6103ce,3d25df515af7dd2e5c636ab284225e04789cff60,3d2ca7a7a1c8af4afb5c3d95a4594e14c8f65905,3d69cfb40a59ffc35fb06ecf0354542b737e24fa,3d89094b9bd65dfd60c13bd9b938c70120cedbee,3db3cfdf24e4f2ed1f6d90d49877db72a3c36f89,3e47f8f18625cfc425fc3c90d928c3043ad832cf,3ef1195c658d6579b7397be33dee4adf2a381832,3f4baa17cabd4f404efe3d63672e0c0f4d4f6835,3fa0fe50419862d31fe71e830405aec465857ec3,4019d8c2acd4a1bd1c1d768150a83c2e9c7587bf,41966b99d47c9b7f3e7342280771209b927dc5bd,420ffe85d20a91095ceaf361e4f3b8c875718e20,421dc6a5d83362275e60bba1241a9c521ca02425,423027cf2801699d242f8a21815511035ec87dd2,4233c8ae0792a0f163f4b72de14f7e0498ba6f85,424c81f78b1ad62d3521a12396ce0932769a6838,42a0fefab720f596158b5920bee048289e4f3923,42aa6fd9a028e09ed707f7e1ea36c5df5f4d97f7,42b857c0b3a0299337e5588508acb6b3918c664d,42cda5d1fa87094135c0f044d8a18673fbb590d5,4384ae75f466726e67c7133a39ad1c50eca6a152,43d91cb1d6263bc5410f7aa9bc1906e6ef63111e,43f83acec154cd52e178b3274d2df45225312db9,43fbb889f1cff7439f84aea46e90b72b9e57a610,440567f0e94b473c584860aba30550c07b2dd7c1,4416e61dc80a1fc6bbf8b0f4663b9ff89b9e918d,4417ee9533bdec7eacd7854dc94dfa253570c863,444111964965641b36d800f34b85e949380488b3,4455ce489dd7bb481bd9d1c89acdaa086858264b,44a03b3bdd7842f644a44a09c795a51163ad6300,44d0cc3cb0ac8a28cd31d67e0ef654185e813828,44f0ced647475fc25d92d941de6c3fe9b44d2ae3,45150aa3c77d8f895cb075d87dbfc97ba295fece,4517828fc17a908feee5095458f3114686e11a83,455acbc59821ea10345e21148c8c8b0aeb857800,45aed1ef000a0735e2face112951104264eba932,460c965ecbbbd487c7da0e88907e9a22bd0575ef,4648a811c356d0f82b171c5692398949960c8fc8,467f4b07087badfc0dc050c8dc5b41fd9908971a,468a07697be92e7de09fc2b74030b29e33a85fe3,469ed308e0d54545d04ff698a18ee03967c30c22,46ac92e99f0b7a5f3eb3ae56cf229a4905fdd9e7,47047e4f80045e4b9b76c303109a88a4112eed1a,477d069419347897130e9ea6c806252c45dd5ac2,4786390dc0036f18bb022666b81702f2c4823f99,47a70fd677696a1d0b9872265d8651a1b9218901,47c2b7d1667fa630ae9f9c85d1311274fe7bd620,47d5fdbcf524b62b5beb2bf965e2c6b01367c5e7,483284b4f058cdf04e47794960b9eb08643925ca,483a3788686f2993dfe6ad4612dcee3c3926331b,483c58903bf8e8cebea06394d8e166307a67a676,483eeaab36e61e20040d2db79b9548562fc61694,48571aa4e59c64299adb31cb0c9ef1a75205904c,48cb49c3bb028280d65978f92cb7002d97125dc7,48ec1d0d11167397972a41ba97f5afa55160bdcb,4917e80d960e3096a931439812bfe2923a73971c,49349e834948820203d42287a0605b7f6d682ee6,496faf0d4c366f7f17e2bac2507b20dd24560f32,49c2344d5b05759189457329ac38ac2449722759,4a006a85b629293e54f1e48246a647ec586a55bb,4a2f9273125db8695f3f2855d5c487ddb030cc92,4a6edc8454ac13f5d63cfb980feb29db08ce47aa,4a7000d20c50d4308617b9054c6ebf951845d1a6,4ab7a8e84e8ce0ba54642046c4688925a6bf27ff,4b68c0df58f7f9e777371983d62330a73a15d1d0,4b6c923f468fc43573e3c19e7c19905bb0cb30b0,4bccc9c8ab9a7df511728be72c7806b415218f2c,4bd2cfa4143992926875ab8eeea7309976998ee9,4be18d7d5e416be9e28acf219f7054732f36fe3c,4c66272413883fa8109bdebd7008942d2bc9152a,4ca0f899b83803cb50752736a4c1113bfe04260d,4cc043d5134c248fdb6b5eb1c6845909fd355912,4d4c8ae0debf1ff36abe1f3472180867cd907452,4d642966d4e4bd0f30be3e9648ed9bcf4182aa82,4dc388c5e96738de50e8308321a12094935ebb3d,4dd7c19a3e56a1ee3832f3c561bc0e16af523825,4def535bc2e69952e7014ae6451a07af39d30f75,4df44a0ce055947b970267703b44e2d016f1a67a,4df56a24a8de5d98efdf6647c75e74511a0f5c4a,4e2e0350187e80b07a2f0540b510a11a8b75b3ea,4e39d9927017e14a96a4b3119b90f3d9e347fd31,4e7e9ad9aea2174a1567bbad88870f99dd18ea8f,4ef96e0c99c8795cf5ea689619b4f7d5db70f416,4f433f3dfd6c42e32ffa17959d50c304874e0ab4,4f74e06b762247fdace9be720de4bacd509e0c52,4f82f41b97c78e1bc228aa5cd013bf02ae0f197f,500a4295d6337ce96ed1be1fe54e2b3f53310c11,50236347520df8f5edcb628ec3e52f8f0aab4643,5031ea40746df85eb50a5431b63ab42c22ae33fc,5052c4ec6e05787e7c890eb993c86337a0d48d6c,50f389e6fb3147b24c317e3a5e75135d66f8141b,50fa4bc4b9236c7540e52ec358d016ddb4a2a2f7,514793b2c84965113b809a428498ddfe8921ed7b,514af74df90ab2dfaac95f01567dfe12049d3917,51a91117f0c10003e49b0b2730823ad0de670645,51ac530af59ca7506c56f26a26ac5bde2669b073,51c4ec852649c024e129553df0c935debca9224d,5246ca585c2b55832e3fe3d322f6fc3d8fc3ccb6,5258257b229d73a61920da1c0669e01b195ea2b8,528236d14eb20b08871744f55a8e0a3aa3f6540e,528fbec2795cdc391eb0ab0a75d04ae9036d7268,52c5711c4e4d2bed6fb6d9182e36ba8935364cb7,53451a75b485d235303a4d448d0e7170ef1bfc45,5402ed04f4e614a15fcc9fe2b611f8822584ee25,543989c1e11ab053a82b7cae2ae751c5dab71251,544d899e0778bafad548b96e6315b2ab62032bbc,5473f4d1a7202ad478de3d4370f9fc22e09c4b51,550f52932cc2264b08bef3c3b4869f9d62353350,5516f235f565ea17bcb6e91ab2b5aff354468776,554b614ea003b281e2a2382fb88b98dae171594a,557658ddfb476347d8fc06750190953b0c928a5a,559ffcf34a54781551214b5efa549cfda45a6825,55d196ead687e0712c0ee43182e915575cbeafa5,55df6a61ecdf36e653efef32927d0cd580b7f359,560d547079befc8d434821b87a55e9e84f8b27d3,56132265dc7839f157926dcda0dc1945d4e8262d,5613916e22bc31979f32c31e1b335f7112b97966,561d6f523e00c66d2f853b055ec4e73c34243fab,563e79cc39c3ac8c5cdf7f468d38432e6a50fcdb,5640960030b8746860e0d0b4759d84ccb2d20e2f,56ba53128713884550afc3b121a2bfd91ecd8705,56ea4608cc35d3cc360dc193477f7288b4af076a,572ff75fcdde00977d63fcccaebfb5ae8fd1aa6a,5753bee66e5ef5a521b7c1cfce6c276b1ad0d7ae,5798af1795aa2554b859426f96c400c99d0ce238,5843cfa32554d341794dc61d40bdac9def7bda28,58523fa048f8d7c46aa02b89058cfb883a62b329,587c6a8385f91c52e805334bbaa0d861ffa42ba0,5889227db061e51cf5e97f5ddfc543d153a95335,592d262665408cfb2d12d30c37ff8e48815aa9d7,5941d7c62cbbc3032cea6e39ed3532bd7f5c879a,5943980a74b5d2e1d5bfec5e5451e2b2598fa59a,5951444a89a1672c2701c0be643abc05bcae13ed,5953c69485b25113889d9c828e48f5538cec0bc4,596b53ab73364e5301da033e9b42bb4b73c210af,596d7b97c481ca571b68b80ab5e03d988ee7a0bd,5a1b6d19491631790a91ffd761ee5a4926a67141,5a378d81da4066550a05d5587b9e137b5c1a5956,5a470b5643581189b3b21ed2da07dd40fffa32f8,5a50085f9288f8661c717d4e2eb716d61edaef30,5a92076898e014c37773a55b8f029ad3b96cd029,5ac68aab89ce45c17a452223ecb2b7d8350d233a,5b1a8fc251fcf12d76cdaa3c7ccef88eed573a37,5b7c7236c36fdff374c4b3448beacb919e60f5ce,5bdab3eeb43d5d105d662ea12d08e203ea77fc2d,5bedf8c594f0a6e449f96d0ec56b22801250543d,5c0498b84415920a502c5f598e62d4f0bcb22d30,5c22a7173866569ea476ea826d0047150131bf3a,5c5831a92b5741edab8224d0af29f021b5c9aeec,5c6422fd6e0a8e804f4383a8b987416e115fd0ee,5c7e7a65f32f3d79d489035a924c76b890f69871,5cc0b36940fbad08789c274c40776dca0fcdd846,5cd67447c556e074a83776ca433a01d412c7bf21,5d09232f725d07cbdf2f9f7df4f141c380b87745,5d20e76ec40457987122134d446974b7d1a6f252,5d353aa42564f83d40cc50d4d2786033f2dbf6a2,5d4e20ef83407478972fb0d59eb0f3d1b4537c3b,5da0c508cf02a4ce79ab947cc8bcce7d1a5d1520,5daea68fad1ed09de36ba4d76d05dcc8ba3cbfd8,5dec6b3713ddf6b8e28c9273a7b5054064b27306,5e182b04cd496c501bbe379bfe086a08221bfd77,5e4589a36b6c84a8c8264ccb4022c712892e901b,5eb548115dfab55482a57670e2c1cb3dddf85f5d,5ecff57daf66c097c79295e64ea0db3069f58e17,5f142e2925aafdcd6aff0388f4926c03e02193d7,5f3383902e780ae016a01b993de93ac9ca5050fb,5f5c352f5a3323d79abd8992220464286df032cc,5f65a66403527b6451a579e66ab0411c7f290455,5f68596cf1590c41b3f37ea3fdf38727e4aa371b,5f750b6de669e4d4bbda74db8841d51f1679aed9,5f7c14f684e9841824467e2c1f6f8ecb0e99b14e,5f947772aa52f5081fb39463e18616eb90567b15,5f9a70356965d7c7cda7e47204bdb2c8eb0f32a0,5fd488431f25f5569746d153b8b088910e78664b,5fe37d2c561532be0c34861b66ee347529105c53,600945c0c163dfb1ad56de9c9f969a8c1e7b863d,600d7d0fea50078de9f42928c15c373ae647e538,6078af24ffb832b6cdd243958fed174fad438b54,608a36e97c83129e352faf845864f0f1eaec214d,60f5d1098e20b3ea3f1015c7f29772669551a43a,61407034185e6684c42ecb130291c6c7e81099ab,6172e0bdf882498a901767f270091c00d5ce524d,61984a4458076c8eb54d1c70f0ecd85259d3c3a2,61a11c90b43783144a373a04d54c2e966c2593d4,61bf046c70b9c9df3ec0b660605c0f5c23075c8a,61dbdcff5b4a50407981ee8379fc8e98ef587b8d,61efa34bc978eecfa0d570a85652a067360c42f9,620497ca2560b1728a3198965677a8ac91dc0f8d,6295a830134730a4d9e109dcc69779d7acffcf46,62bba4441f582e723a1c9bbbfc952f39a0416789,634552981e22328c46bc612445e88aba93d65e43,635b635b6fae64e487074fc8b2c21802afd381d2,638c6eca4e1a4dcba09f3423af9e5379a2919503,63dd184e089aab7b7ef01e2b635e4b1c4d2b0dec,6405eff2889ba9f128dce7161ade1361ae6f5fc9,6443849b2efa76b50445e975cf4b709723373766,64542360e5349cce2e65f65f07f54076b97d437c,6465712af071054fcd4806d3b571b103cbd553b6,6488f1c89d0f6df07e1547b95b4e3100eddf8f2f,648b28be376435e02c50a87d5f914fb4bc044b39,64a194afc92a48871a70bf67c7025100142f0401,64a2e7f154b114d4ad4c04ae4dbc987e8a4becd2,64ba6f7077a9cb7a0510c4ce837fdd36d813d2ef,64c7c5f473ac596a26d7f3190399d2c3f62aac8f,64fec39edfaac37f1684f9e75ae06243982b1ab7,6524745ee030f2a6aba1d8563db5f6ee6bb5c71b,653cf4a879dc39d838f2643b598dec127e61d2e7,65643a2123282a9bb28fe88fd3c04d2e928b289b,669008bd7c527fa0139bf3284965d28f889037e4,66a3f5df99031e14c927cc866102af25761922f6,66d8183a60ec468496865f0ba1a3747ea9cbdf1f,672b34d8f37c3caa37d1ae4c5e566a8c8aac0451,6773c925bf02cefc99ee6de28824601ab91e1a09,677ec43984c9fc85dd0395b60aca41134d1b9639,6784a5037a11cad43bbf70382e3035e8e8393428,679abcc4bbc2a51b7b0cf661418b97b6c8464add,67a2d9b2fdf385b8bfc87ac06ec9a42537dbb789,67a352da948fdfb74d7d5f6b494664f081c62640,67cd54a5b20645947830b4ff493d50e69126abbe,67dd1868a4a242cf10df2da51240d42bdd7fd95e,67e6eb564e43b07f7133ed4bc1dc1c0a697f0aa5,6805f3c05405795ea5a8455f7b7bdca5580f709e,6819d5ad6e1841bf0db573c38abff77c24befcfe,685b91b94029dbcefd51b3c71238bbf3ff406854,68b135015c26b7de95fcc6567fb23292746891bb,68d4cf6bd75a7a145213b4bf23a3fcc5158422ba,68fab1a14d46f8b5ead92e10a3a9428574a7e7aa,69051c6494db04fff42599c0c96c478dd0644f44,69084b6c57a327dbd9ee82b605fdca8dfbe88c45,690f2c452bb5475aac77ce0201776aa42dbd18a9,69640a690879fdccdf773c9a3f783f50abda1717,69c011b494aef5b4461883bf8830825a8f7fbb90,69c3f3127ac81bbd70ec14a01698677fe8568b13,6a092d9ff60d045341b5c675263967e09b19198d,6a17160d15001990b0edd31b3b44833cca15874d,6a42fe3b19ca8e5b1a8658b0a169ad2e98038d2f,6aa0489bfc8c60a8479c827abdbf4485f52a56e4,6ae4044a69e9a5d6562928e3d6a6c05b34e08935,6b569ee7e92f35492953beea7befedc2e58ea5f8,6b7d70cc8f724c537d408c93eea15c86cdd1bdd4,6ba88c3635a9139949d73ddcfba34766a7e08a6e,6c2dddd6b38b406d52098d82b70df43f4193d97e,6cac28232af54149e02e288a4d320bdcccd6fad6,6cbf212b49cc2688b7d09079dd7e3becded549df,6cdf29400ae821ae715a41ff7d89cc0fc83ef85b,6d06f716f0ead3e4c7d354aedfb4f4220990a151,6d48376420164be36977aa13007040fee4489197,6d6f546b69c56126b35ab732b971002eab271527,6da7ada55fdb798c84768202bb382a7876f22c56,6df12508e63baa76580111773d19195c8846f757,6e30e90dc87a35631b73c72925bbb9ab175d0a0e,6ee14995d39541cca49e95ff247adf2422ada671,6f1a91e69d968346cf7f1f5e3a2b36226b7b009e,6f3c71f0308b23f33cd122f394efb084ed590b8d,6fdc0301cb4d5991ffc9fd96960fa4e594feb9ca,701a61a3d44c09b60bf823e212034e5e6c0fe378,7049a6f1123508f23cc1d3f18bf47d857d07f6bc,7078d24e25543d95613dffb678c6dd9e87c6ef0a,7088c6ff085fd5aba3cbbb6f7cc21f58f2b662e5,7093e3449ed6233df4d0619e9cc24315947d06bd,7097dc82d85471dd5a47f193d2abd7ac9919e44b,70985d6205540d945a94cf6b030df8f5fe84276e,70a94292f51741733dcb7f7ae6ba77f934d2d68a,70e22908cc7f6dca98db3d6d15c83fe1d7c0dac1,70ec6ad2aea66d0126413eeab0203994d7b8cc57,70fa2475e9df64525d25931735f479da72f16ae4,712bc8c05e2de461c01e8aea23918cc058d39f5d,7150f66025d6e0339eb492f47ad8b12443bca33c,71839f5650811b8931dc7020a9514da5b104bb34,71c33fb743fb8c2c15404139c0cff3fd2560aa93,71d23f9f1965a23afead35d1d71695653117ee9f,71d2d2097ab0fd17a11cb68f75d077bbf9646670,7210f39a7bafcb71137665dd70deab0f9390eb7f,7263ff61f850425e3316ac682b8fe90efeaf6c8b,72c4a2b00236193c7a78408f44ee74296f6b7f08,72d67cbe7caff2ab4c14e679e052390d823e4ecc,72ddce0890fbb6f23ddc83b6402cd251f1c1584f,7320addf07f1cd42453fe6a816309e18248c1199,738382523317796572335711feca0e0bb5371573,73a08b183099445f55a2a03f62b13f0a6a55a17d,73a2c38fb6c9562402a780dc8218897386efef7a,73a6c957a767c9aaddc617ee8993d31d20591ace,73be012a113692b89f877792cb038574b3381884,73f7ac8c1087fba7c64b3585ac891fddee6ae99a,743cefc0b44c8e12e280972e0323c0c77be5d0ec,744269527a0157f102f9fe7beb52a7835e2e84ca,747d680726adefb38cd00da3d5c20422280987ff,74b51fedc724269546ac92802953628e16e8b35b,74c07572ade709568a000e42ca9f14715fd9a4f4,75a938fbcbfc51869d836013097f05ed129cb13f,75b1192d1f8ca07c0072eb13461e7144c578ff3e,75f85e574f06879cf9dbe4c973abadecc16c7b92,767b61bdb5bea00f03c76648393e88f611acdab9,76dcdc73107b0ec7b389183881253142a1a07b3f,770ae81566854a178e07c8d7e7f360f5673678a1,770ff4b8f899bd211d3ba974a5f7d80f54fdca99,771063637c684de793d6eece0f5cd6ba14b47c0e,7735c60877cb80bc3c789a51755a6b5d33b68d08,77389ee903010a9616eb772d44d262774d244aba,775ce9e7bb5a4cc87c8ebc609bf4c11551ce2fe1,77677f33c7821dbea449bf9df5127ae83e0b7f51,77a66a2d213303426d83f7e7690b1c86af0029cb,77cf26b5f0e12f1ad4b135375f56e9d54390a16d,77dc6153005e9e6ab347966f1ec3ca4b4d9e4e13,77f39d84d91b7ad02bbf632c6206164607e98799,780fbc60d3d269c8c18936341a3bff730a4426fe,7877d1770e866f28b0b18e70bdea94eadb4c61de,787f24cfa5194c08c4219da82eabc2840264bb70,78e913e59bfe7370caefdd70bfa936eea2bcdd6e,7905b913b3ce033b4d38ea08bf61e548b8a79496,79288ce5b630d00caeab5d075cfe2e0a0ed13b65,7934380f4970da24c9805667b8b076169ffa3e30,7953019f05a2ced51834905f4c01b4490d5ea4ba,7962a9f95eab6173baadd23e895d9cc158596b8b,7a141d284bd8a65610d2de4725f9e6d0851f6dab,7a167fac7daf80c5cdd594c64be99c6b88deffdc,7a34d4ceac304e6a740c33e2d6cc0a9d0728df30,7a3be65bcb95982e160a5ff85723258d8785e199,7a4f5585bb498d22aa02fa271c201cac8fe150d3,7a75564fcd412986854828803fd3526d881a5e58,7ab7dff8f34786a7614ea2f4c185bec60df55f23,7ac72f8c85020f86c3121eceae3f559edcf86859,7ae0eb10957c47db636891b6fe088a37b8dd0977,7aeff692142fbd7d0a0a5bbd78c1de0fda9d532d,7afca1529cb987c63a71102537f0811e44ce816b,7b23d44a12a1dc3f8e2cdf4bc8668057328651d1,7b417cf80c0ba83f4609a08ae5dcff96b0e8b4cf,7b436aa9fbade81a8f16a0a3a873878fd6ab3e6a,7b4d2e2e9f0008820bc698551c7780045b6b4a15,7b808e2ad0b3b61b150171452bc0a19668aa638c,7b98f84c482f64a11870619b80e05596205968e8,7bb0dd870a54fef50c321097037f16df33787f97,7c44b195822977b9239cb8d40e21dd4e8f4b017a,7c533ce6a84cb3c7eab625f31500eec2ef117a8d,7c6c7e423d60d11fd06a60c3e3185c0324bf9daa,7c7caf8f47c99bdaeee0ac6da6311586556b5d37,7cbc243a39156518498151fbd8f1eb80df9dd0fe,7d265856231c209a28a297e9492c9539249e2d3b,7d74a730e75fa3379592f07e78ff623448735246,7db6d8eeee6845a21da56986d63e6db0b99d1600,7e29fedc3166ebd051406f103f12f390aa159bc6,7e53355ead734cf170cb4d5c20203838da0b0423,7e685eae1fa50513050ff321c371ab0fd5608264,7eb097ab1cc49f0399a89b629c0a8b56bc2db1b6,7ef42f6e863ca20f04ff7718d73ae8e7465852cc,7f079c2522d299380778b875d306890b81e6b6af,7f0f472b6de4a2afb7c95d7d42f26d38ff57a3e9,7faafcd9399a0844b12751a9c1ab4cce5a662156,801fc52cc52aac22cfae1448d9f9b0119120a51a,8033cd28664ba20178b2cc4e28570231b5f965de,805533e2cc8cb70e778da205ed0614227d99404f,8057ff8c87080b545d5785249767c75914bed129,805db6dbf70ccb759cd74dd0d3d39fed43c70b6a,80926e72953e76e6191f55b077c811df0c538bd7,80ca24091a0ddf51257d07dfa9dc6e851998c6a3,80d324c199226f35ad1a383751bf88f326de0380,812700be61010e3d560de602133b97926380dffa,812973ba81cdeda1446eb29c493ce0725a74e3b0,81565d494716bf509de3f12985749f7cb0cc5a01,81756e200e16172388fdf0a55640dd38174d6d77,819490888bf11122e54012b9f9fc5c1bf2576d91,81f55f056c3ee10da7695398c71eb832ccf2a3ec,8206e42134b3f212d8522c8bb0f0ff473c25bcf3,82353cd240a236b3545bade881b5e80875b30e00,82c7b167e81bd135e7b5d078347cf7ffe25ee3f5,82e83e932186ff03ad9dbd9a6f9a66687518a1b4,8308adb7abb54a87ac5f4f7b069b396ce2323514,830cb0dc597dfd0e72fd0ec29fc9885e7f3d913c,83276b6104c0a4e202e2eb331ff386f192d8f7aa,83ad9cac0eb93e224fae3654c9089d1ab03d4798,83eb0fe1fca228459c8f7c292f22d9e37fdecd3a,83fb47c0fe818ca689c1fcc743c861d801d8ad11,84033ca31f319d76cedf84c47794853ec10a366b,8428f90d77440d96de03eb20c45f05923e8789ef,84cd5e35ea80e35226106cc8a51d85b597fa4912,854da8beb4ed8db8aec07afe27d1685fd2ed13c1,855fd2badcb18f236a2eaea03e00893b42eeb343,8570b934eea4a951b428a4146019127a50e136ef,85ba58311a34d772a547cf201b303d0637baf39f,863cb809e73470022c4a78a9c642c68a8ccd1f2a,86625923c0ae9d3a1330803fb7b41d8a73526030,869e47eb74132e14956dd7249dc5b2bc647e8db4,86be61e2158de23794f6f9b11ed92b027e340eb5,8735a5dac3172f6476c42ab593217b1e674b4392,87796461924d118b40cb5f5c19479e1a504813cf,87ca7a31a03e0803cd7e528411c2fa385141ee8f,87cbfc98e5b99beb2927412e326f4e2f24b688a0,87e559298ad457e7c6efde889aea8fb99c9d7ea9,88020f6e0d729d71331f5d9b5c07684b84376f2f,880248049f51306f1d1abedd41ce437b67d05a5c,881c660aa8dab382dd991f24001973c61c12d82d,88ab21dc536c1934d45aa8a9b526d38007364969,88adab5542929c915c3f2aac6b7eb3f54847161b,88dcce8479d289ab4e999647a5b522848c595162,89525e57a17e47993108efb316ccb8feeeacaded,897d9677481660cb9ad37b9c34f1ade467ee3fe5,8995170fcd51f790caba9dfc9b6cc7ec6280fca6,89e5a89aea1c246c9140c57d3205a2f15b678cc6,8a36c95a0e21b5656b432a987ccb7e45a432e0b1,8a3a258d85c308fc7fb4d2876d4c330402e27e6b,8a5babc5f940166657ef554007a04001328f0fb2,8a8388bdda8386af745e9bda27947423dc0e0b74,8a88a9cf3eba805f4bb7088c248b1868db246ca6,8a9aac1feca7e29217c879fe9a7bee257c268adc,8aab5549c10da23d79709583db98aaf77ebe135e,8aac56e9e3f7c5333015bf4f6fc2785ea8ebb109,8b005f4a135996a7c6a64b8c9546218b10153528,8b1ce3dd1369b93f648ab5a3aa2ed7a234ccc93d,8b2ef7ee6fbaf3d9f16202da88f4c7ff5bb8c57a,8b863d9d0972881b01bea8b7aec39e002e12fa08,8b87978fba081c114605085142f2e813746d5c13,8b8d22d34df6749f4261e84269ef97c58108633b,8b99746aa516ec9cbdec01d54eb1a06850f1ca11,8be267c15519eaab05942dc5ba861a67648db56d,8bf07dd225be659a4b163d9152c8b9ad53e495a9,8c5c0fccb4c0d8f63618368de754d99d83641fd9,8c6b279384664da6934e68399f359dc72919ae07,8c80ab83f4564c3edc46947c241eeccd1f0c8c7e,8c9b1efdf470bbfd6cf20c91638a620d400d718f,8cd99928c65d9d1571e51252ec696e7ba5e6353f,8cdd1f8be9bf8473874233bedf4088261fd04db1,8d03211074105ab34e6abec744442d8d7aac8074,8d4efcfcf789e003aa09991b26cf9237a715d44e,8d6e38f33385504d95cc904cc6e94d0a41114900,8d7649e74fa446a730d99e55e6be9bef9eb0fff8,8d9083dff5b3efa5ddc9fb3a58e2d8a8f9c106ef,8db070a40400f5956bd07a6b33ae86e4aafa1ae5,8db23deeb0afb58bd6b7f7f1a484ea69f77a8f32,8db708cd2e814606bd167960265d24969f97a596,8e20f234c57bdda82a78dcc6808d2ec68b09c83a,8e71eee82a9be1927eaa786fae6f0a86b9deb990,8f1553c9d78cf9586cbf80dbc250884cef25d17a,8f1e925d45b7e8fc037614c2fa27c141d9ae4bff,8f372e3bae1be9b4e18b0876767aff1fb5b9d909,8f4418005d4e7f175e70bc36f19df591cd8920b7,8f569f3f4f3928ba5e809a9a6190036daf2c9650,8f93e921e25d1620f9501c6f34fc47cfea6522d3,8f9e2caeef6fee4832d7daeb28cb92b56ced98f6,900b8a04d8e5240349a7df0b381cf63e3a1291cc,90306e2ab7092558e7cc6c052427be159d9170d2,904df2d687eca6ef2172c8890ee53520001d6a7d,9057854f00b51423ca711ee7c9bc56597a793c9b,90cb7bb513a23c118fa548d16dcdba55eca44109,912cd7c52156ff6bd39223c4dbec463355f48a95,914c186cc6ce4dbfe4abf02ab4a527744b4ef49c,9157d98e32ae143f2c1439939c940fe3fecc1c27,918b9a04e268aea3540e24b2cfabe60128989898,9200dafa9a937ee1301404313853f394e665041f,9222ab7c42ec0b1fa3939a6e77c7ce050e9ef9ab,9231d5c031f132d8688e4ef0763c8b0a0d1cd43e,9265ef7a3435eaceba293d71a8afa9208c2bc6cd,92a2331da433272692368048925073377467821e,92a7d013950dcb5404809583088e137bed973e93,92b2b9d2efea4789e7b9ece13d3910d319972d72,92b52d7b8dccaac1429a4f6dbcd0ada34b5fe3ee,92dcadd75e4625a1efde7e34cb7a688bd5c2e79d,92e4530f1ef0cb0d79da9801efa41c370f215526,930605e1249606da78115d9de3c3604c4f74b9f3,932f09c14503b73228dd56df13135ae6c368d843,935d3a53604f9e00bf75564cc238d5bd16a966f9,9399b08f1b5aa64e25d6d45d18cb29fbba78d36d,93a636f0a6c3391dad9ab3950f9f3159f4bf29b9,93c4736b3a7f80307632544a5700064428895cc1,93c9fc462f83cad52fa7c142e8d7dd9730452ac9,93cbcc52ea39c636f370367fe9bcc170ed7bc32a,93cd8387bf1e50b7c940b0d4f9afda239893fe53,9416bcfe221360f39b8197fdf1c916d66dbf0b30,9470f972047e27471201772c91ebcc329681e725,94821bd019d712aa78835750bc4b579679ed14dd,948d8f733f0a4b1d55ae735613409b4a92d7c5da,94b4e2c8bdeef6170439a403cadc4e57e6380ab7,94c8b32e1305c648cfb33cc044ec30f3d47998a7,95316642437d8fd8dffbca8e3e26f20dc9ea7d95,95a4604959641c964cf2ef052d128366d73d2a3c,95ad878c920c6f302ba66c954a681474960d498a,95f099c0891556acbaf27f8e414608552f1ebaac,9601bce2b4ba23890161594a32f42932b9f2c337,962bb063e1ea39ee0df81f8477bc9f18410ace17,963977b286577ed495f6a7c6b6ff9daf6dc351e2,9641beb9e08765108f39bba6df07a13824c4d8aa,964b3429748d4016e75ab2023bdc0c72e4afc897,9678e77282fe864e9aa2b3e1ef347998c870a8de,96dda9e394720e879e995a4e034b3160d08c9d6e,96f086e4509251a5f1fd003a4dd74b898f189ca5,96fa742c9c1b03b4d22b4fe7a7a55266f62d63c4,974ce49cca056fda78ff3c1d22bb4a0eeae22845,974e91cd8ba39b3fe2025f80cc91cb64dd0791e9,97ab3ccca9dcedde8064cc11f56b1bf2d8132a63,97ca63cebe5218f146cc9c8559587affa5b0259a,97d0b9908a23e206ff59560413040e7d73471d3e,9818dcec7371ec53ec6b8da077c957fabe9b925c,981f2023db3e3d6443fcf82594bb2414e671e6d5,982fc7e9cc075ff9356e4030e99d722c388895de,9844690ae099fdd0ef3438a29614baa6d002ddb0,985815186258cdc646e40edb680237e2ce996f64,987484e86e8c29f23954f3e1646b7b46b52e1bf1,988331e3896746403e494baf143614925f2156a0,992b9edb97d2d32230979a0a4e19934d8c71a591,9a326f9d7e5ebce9ad113c7b0b5aae7ac13ed2af,9a856fb5c5536c93adb82c89a6cb1c0f0d376364,9accb0301136271da6168c3da0f6bcfb92495412,9acf5519879e6cbaa7e3443de8e632c88e57096e,9ae17d7ce60d2931bf5175ff901048429cdeee83,9af63cd1d85fcaa753ae4aad37a6125c132b92b3,9b2baedc1291558deb1694a25158ae54ecf62760,9b3b5fa94466ecee57c09e8a90e5d5ef5c903d0a,9b5ed41d99e7a66c41ee1b4246230ad737c5d5b4,9b95eab1f69a2bba49a0b9e010b2b6bb0cf534b8,9bde3aedee44e0fde8c7b30f0b2f1dd3c58861aa,9bec2bad2c19ec31c1f9baec8ec1fb0bc46d8229,9cb78496c762816ab1e118e77ee34705ce08fe8a,9cc6efee39b6313a8131a40170bdf79bbfdb4fef,9cc9c8c760892a57825bc3deb7da0151356aef17,9d511fb56013f9b323df35ab190183804f1fe573,9d749a3c805c366a7da4f62c6a782a516bdcaf87,9d8bcc54f36cc14920a27a48e4a173114f747b13,9dd263405647275d09224c72da04be86155f7447,9e54aa6284ccd0a5d1c4cdf369864499003000b2,9e634770b9c017b3c435d5d2517c950bef9cb64f,9e644f29cb718434f89c298d6a423af16229156a,9e7f275ee7da59928b1ab4771d7f1a6d23a81cf4,9ead1feb6ab1561cf42bd52400af4629186216d6,9f1e8e954d012127622f116ff832dff85ff4adb3,9f22b96323de6c6846d5dd49dd972829347445f1,9f3d85315b354bc9d366b33d7543f0549113a95e,9f497a2f8cdf1b8653b7be618dc5a5765b152630,9f9b5b15e5f582bdbe76589c35273d16730912b7,9fb729da68fe13775bf0ccb331fca53812498253,9fc316da4e589fb2da684688e1673562b22ca117,9fe71541374cc3251280d49217a6b17f16ea0c04,9fec8737303e8f457223e7b0694ad819c76125bd,a0413a0d85d0aa468bb8f57ee10647f393164a6e,a07b7336be9b27735e69e688f620315c87553972,a0892f54bc948b85e2c4e438295a49aa01c6a9b1,a090346b1d33c7ceb70fd1ce2ec46cfba2ab03ee,a0b26493d9d4e8246d122316ee4f407d0f82e873,a1315803eb7ff73a5abe71d27583960dd7cab70b,a13329f0776dbdf27245dd6e072622836ff82d80,a19431c12eb846473e2ab3f63134c0b59a259277,a1aca66d8bef4d11fb2d47971475d6ca33a6acd0,a1b0f7342b5964e02430cdf7793ba3074bbb0ce6,a1cf4f79086e0d2af90b710db771b523144db831,a1e2591b5cb79831b5ce368451e5bb973fc8a9b5,a1e849c03520770e506ba2096fb4503bd666cfdb,a2028f1bcdc5f4e503b60dcb1e34bdb139ea9266,a262d58f8fb381a4df214b4e55486b094905d1c2,a2c5387e5d408f5fbe85c02522bac568ba205930,a301d4cc210f21c03b3bbb01e51c7031e167c1b0,a31140b61038c04cd98a63f77b0d69aabcecfc16,a353e5c80ab8147f8fc6f416a9806ee089b26692,a3f6df850a37a8929e192d1054fd9584830ce368,a40d79223eda38768992d63d96db9a15d8a95558,a41dc53ceb41b824b56e8f1433cc06e08cea2ef6,a45fcdfd8dcaa545f16d1e936b7d95648c6e3c67,a4977a70d350f06886a9ab52f96fb751572fa67a,a4c031fc5d908ec835b046055cef2279744b6e42,a56ca09dc7e8d28049656f1e7c95e35e721f270f,a586f4ea1071689ee402f2dc898bf47a98c5d4ae,a5b4e819d7823c6fab0c20e15741b0803fd6cf76,a63f6ce422173210bd13a4ca5fa31dfbd1d586f6,a63f8b7f82f972c06b14efb9e9a30c11b4455dfa,a65c618ca6ce6fd9df922badb7495134905fc670,a6889d8ff1f8daaed4ef0016a44a16d4b56521ea,a696764971dcc608eff93d39879f482ab9328ad5,a6c25c9353b51aa3bf8a9bd39001f399c94c9e4a,a6c2c4deddbf0abe79f44e6572e714cae8b3b633,a6c7721e89af83e91d56d0dd24ebe455b4f0d1be,a6d49117ed9da5d98e245a8556cd965a4182e21c,a75033d106fc64cd77fa17882f5208f1abc91f5b,a788314d1d6cd4be78e96a190daaed9311cf3387,a7953d377120fffb246b9ce56467162b1a43c60a,a7ac16c71c6a554ece81c1b234bbfd983f985cdd,a7e20a95d26cd4cec87dcb5c7d4940745bd7d5b1,a7e3188a937a45b1c845cde2011bade637344848,a91f0c6271aae4821adac45444e4aa33b9ebc788,a9502e775c056b58f601b7f5c43023dcf732fc4b,a9804f8f4192440a1d4c8e2fbe67790eedda1da3,a9badb89baa53a1da16d8ad5a8e9c8ef2891f890,a9e4ab5e87ec0963c7af951faed6e99f4c65964b,aa2c57172a80603346246134d412084edad88f16,aa57a8509b5151f0f20efc36ce8292c9244a3234,aac66ef1f56094ed4006d34331f5fa22a7e0e24f,ab123911ae4ee684d7b446bdda85bb49bc2e31d2,abcf377857edd1ac99f22729a8c47d8ccde992c7,ac8ab5483f67e1bd4060dc09cb52d023904d5027,ac9ff6e93cf26f8556f399e8cdb7640e0ebfc717,aca274f090ff9a265cd1033b5bc5c6abc0d8bf46,acdebd789f74b5520476bc0132a16c5abdbb16cc,aced7357628d68f9cfb4c4964af60961fe141fce,ad2d5b96cfa882c92527bde1545ac817d361f09c,ad4d36b368d8c63dd3a6cbd9a22efae2d09acf28,ad530ebd9a2f5d4820ce10231ffb2c3b0fe5a57c,adec3be6e62ba9023bff4c1e0d2f1ca92493828e,ae05208c0e03bdc354d203f233bee0b19cd05f1b,ae15f9e65afbdda6521d9829d3c709cdd5d872e9,ae2df5db10ea452df156d850a4dc6c045be53017,ae4d0af05f54d271dfa155657fe5462d07e6d85f,ae55dc814360a8316aa8698710ea41fe9f445551,ae721648a2713d3a45895597976693973e88d0da,aef50eb76ab99af5f37b21e75b6bae7378b11492,af4133d9103321e60a3b97a436ba49aad465c603,afbdb1d19b69a81a48f2a7b9e94b7df907e59122,b016c7f049ec6e67821cebb7562d0a70749d4ab1,b060d80d96678d6ff16afb03a0c05124b4b66715,b06b2ace9b8ad0a99722c9c63504e363c1a85334,b07f72e3613611921a482f62e1faf0d813300329,b0d0bb3e0b72248f53a39d59e22fbf8bb4559e22,b1060879fe25fbd476f47ca8ffa13dd92f699385,b17b7d20cc74fb48f9e1fa1257512cf89805c757,b199c54aba38b47eedb14dfc4cbcb800497ee396,b21df74d3c7465dd880aae90290864bae9a0a4a9,b254a845a2db790af8daa2212b01ccd3d6adae46,b309262ace5a0c1b29b502cde4ec5a4b8b984c6f,b30e2e72a531d526ddad234eabbf852eeb1667ae,b39ffbd0cb4764a627668ed78b8a5507c5bbaa8b,b3b3f81b98106953478507744db057471144bdab,b3c5fe2a1edfb4b0764f5df1c1c73fe84da02f3f,b3e2e53ed6bf10f49dd97b246344e4517f655c82,b410fa869aea641f0fbc343b86da4cc90b24402b,b485f070944ce29a6a524cde7670c369f0365112,b4c5eb9db92051a3e5dba8b4e04cf9026bbf3dfd,b4cc37be611e89a29bd14a629f75481c06b928cb,b4d06994a9a621a494e8ecd5972ef75c7bc96bdc,b4eb798c322de1c583b16d96b0d1631bc928b0c0,b55ca8be11c4d4bfa89f96070ddec346c5105a1f,b58af58fde91768afc75e5ec1efa55ed7994fd42,b59c223a08fcf9edca88190bc32ecc12d991ee9e,b5b3ab857a7ac8c541b4736e12d766670987a0aa,b5c36c628d6d208ea55497132d75461b9b8a675d,b5c8932266b9b2506cdb03c087cff1e11afca874,b64d06bfdc7f14915386f315f5b8b04db2c65a8d,b66d89221fc2ffb03bc132f9860e3cbcbe77e595,b6a8dca9fff38a0670721f3020fdc12a7a02cc08,b6a9dfb866fafa55539c6bc02777361eb949a65d,b72740787b58bd735d63aa414c5f37a128ebf32a,b7c2bd26ba6dee0758b1f4a4067296b96ac92661,b7dc3d1cf8cc4effe0d1f12680a49b554da32ef1,b84a29b513e024ad622b2e373631a5226ca4e046,b89cc148b25594a03ec33191853a0f563cc6806e,b9ac55ac0c1853c62e9f104f92427e191df18624,b9aff7f372d80a4ac7fc24f12a7ca54f2275e8b4,b9d93071e3e8e13c094f0fa30d4cd534bff84761,ba56806bf0e5589ae97932910d387e2892f453a8,bab4b2c7fa2cf727fa2ba6b1612fcf67502ab737,bac684d0fe3c67d9ddcf968f5f9fd35b5dc3989d,bae4caf8a641227d44e89b1cb107294b4616fab0,bca7e594393293ed736e3ca043c15185861683a0,bcb0658bb7cf63d76fb5bbc05081db2d7710c1b7,bd065008392ca1a508e65e2d2ffdef45a9d8243f,bd06f32090e9f6e60652882170e993f98239a4ae,bd1581d1b2ccd5eb6ace339e457d861a7d05686c,bd42531ecc0e24ba2fed6e9e792914bd0b4ad54f,bd5635751eeebbb6d62755a3f31e1ae74a6cfe91,bd9409b2ea1016fa3a966972bfc3d18826fbb9d4,bde84ad6878668241b187ee5601c5a951b0e9c2f,bdedc604bbe364b8c25817a9eb0fa2064c7ef7cb,be39ef6e2c8fa814666ffba23e97e4f2764e1909,be69b61fe4ee432c27ef2c0c5bc67236f9dc3128,be8cc8131d3b5fbf01d96a2f455d739a37a2974c,be97cf89de8804a4b028c58fa3c84a1109bcfc8e,beb65bec608d82efd71385d0ba9ded753f655a56,befff3e841332a6c03c38c7a234906915b1f1c9a,bf1ed57292880809cd71c43c5e4f67255f0e9ec1,bf5e8ea73d5ef2a4b2dab15d53c5098d14b64a42,bfe8d3ef58d62ab44330e4e363ca808931f0617b,bffd805eaaaa92cd73ed867ef18143405cb27a72,bfff38c62ec88a6ec06bffface72bac1d2026334,c012ebe72fb0185137b5246dee748dce11071d22,c05e1fd064ce00b20812d7ebef9675d61c79a6ad,c05ebf163be60bc4a6f11b27d4ae14c80e10c3a7,c0a0604de7e36af1e8731b2ba260df27a297b2b8,c0bd08c816fe296c70c6ab9fb926ce022d1ffc2b,c0f07c51185a4a79d9133a6d98981aa4ad43940f,c0f7fa0720f1679c56ed2e9b661d7a09aca4ef13,c101ab9ee15c24bd238dc69e112755d73a8b460e,c1c6eb452733eabeb6068ae9e3d20cbd30f30cce,c1f9f236b9c3c5e0696d1e5def3bbe599d2919ba,c21f913c1db81235395d58d36fae7a4460aa413e,c238de06f1eea5f9abe1ab738e1da361d5f9633f,c283aaa3dfe4c89b8ba32024c210774da53ee81b,c2b72de34089151ca00ba6c9f8f0ace0ae1115e5,c2caf9ea9b5774b6da9abcbbd0f205851ab473c9,c2f9ba3c5b3bb0d9de2f96b3df3dfec832458792,c36d91affb5dcb89e9be3792a93dadfd914453df,c381acee8eebc013092b210d36004b417a360441,c38346a34d3be07ed67220c442deee9e256b28d4,c38dbf9525dbd2b47bcff33aaf8d1d658b2d9a07,c39a7bd69fb4ce248edceb04f06dbfe0ef8c5426,c415d0b2af50df99b8662b2ac7986a88ef6750af,c466ee4f02f81737f6a58ef12541a773d167fdc1,c47ec2d89aeab1de7d3d48bc0f2acc6725aa0858,c496b2869559e287d450d6d5878e8e7729e306ff,c4cb051f2685d423cafafd92877840a8b876c050,c4dfa96d3af21346e267890058f7a18aeadaeaad,c4ebd5b5f4d02e3ea38f7c1fc78c763b288884dd,c4fd7e40c3d09fc81d2713543e77e47c4bb4b341,c50ec7ab5e75d2fd7283deffaa9c9b31dc962053,c51102630dd0fd7f08480feec6eb8982f8ba725b,c5310d735cf087f761a6ddbcb74edcb3c38e7e45,c5617a449d3343bd8fe76a5a62fd34a511250bee,c5cf4e868b3f095d66c035176fee4aeb9fd00916,c5e3ca44f30721c7a4caab42c4a25f06dd313ddd,c5f59e7a1de57c65d7daf3d50c1e949a37464977,c5faed57fb50de2b66bf0b9066cb4d336e619abd,c62197b7a3e4d5dc702d55d146362491f83c7c2b,c62ebc19d1fb241719d10d0989a8968963d13289,c72725c5e48031bbf7d1d83db1aad8f093c05d01,c7469ef8cadc8f879c666bf373e86a51947b2195,c77297c6d6f06243c7aeaf89eded10b119cb3226,c7e225e5d8f3e9714a1bf00a3b982d855057929b,c7e38410c0d0320b5a70a0531d4fb0ada04e785e,c85ae17d0ad2063333b940339b375a7906915230,c860ee957ed0c8d117f1e36acaf15a60c56c1079,c88d293c4bdaedc3928b8d78f0dafa3bb6023eb1,c894c26e4affab94fea0ffc3020204166718c389,c8eb3a8d1dac64ad2c6e8e5b5aaf433e64f8431e,c904048ae11683ef82ceb2af4b2fcb67b7cf4737,c956df8e56f19bfb21ea7af6b82ab856f7f0ebe2,c9772c28d03c378b846d14b1cfcfb762ddb11623,c9fc2d81d86363bba9f7405eba69bb2223a0036b,c9ff324f73d7811c3f1955ee21c6ce4897306880,ca02f6b526c8b299f4ded1f67c60f153ce95a5e6,ca797832b3b398807c2326e1cb0e3e7d227de0da,ca85f29c28c0f5bb94c953d8097681ba873d1382,caac7e8dddd3c84b47a4e72475df42ea1235e3c0,cab8dd8353405c88ec051eed5ba8e33dd521f477,cae17863c7de8ec557042686e3ee68579cac4ce1,cb5634b01115ded4d91fe13edc62e819ab3bcf81,cb570cb06fe35a220b0f7ac1d3d852b09ae22560,cb74934dfc66a35650423fe7ba6cd3bae1106318,cba055f42c3f69f1a8d5885f792a0bcf8bdb0b13,cbc9df3f4aa80e36e1f8315e1097b852822f9f92,cbe8f15fbb2655d26e5d2ecec4fd83b55308291f,cbf2bb213e515e53d5f60a656589ed46cc6ee484,cc0b4cc37624b057763f72ca06fe4d3736444d57,cc25fc18fb759fa66edf733f27998e0bd4a5efc9,cc62b4d983eb867c275ce5aab83548e1fc019c56,cc65451a2a491ab70e9587e8b5e475870e6e9264,cc6a6cf8b00d0914baf0ca88bee07970c50c9fba,cc7ab19a3c272df5a759b7e1d1b3e0ee7753f23f,cc9cd459694bf32c887cd3a144f5f9966f343e9a,cd0c9d755389bea9bdc99545dae32e33bcd4ece6,cd502bcb83dd37eed8d2e89c79c178c803946f98,cd5d9252047b55bf90b21555b09ecdd616b80c66,cd76c0e1b9fd6153e468905b55f429a3f8bbc998,cda3a166a80c3bc29477b2bbb6ab3f910dd7d6c3,cda86557a5369af8c6d84def72a8eb103faa054a,cdc57a2bc01a448a68ac9bfabc3a578239d661f3,cdd8982103edd0e1444b59712238ac370cd3c334,ce009da0f127faed695ab852987294b006f80e4d,ce27bdbab98ce6c4e9b9c8497435ee5b07534f8a,ce5452e9cf50b9b12993c7c845f194b2768911d7,ce90cc0d292ff9cb2dbbcf603abb4658bee69a83,cf373b802523652812fe35fc8cb73767b8f7b273,cf37d28638f96548ccf15d41dabfe2af1fe77649,cf7b6fcf5114e3535c5a9d295b19d9379442801d,cf7f11007570460f3712409d9540bcca676bd33f,cf80863eea66f9dcc2f54deba2d3739e66a6a1da,cfc9e5012ddac7a02154f7a012b2aff5b1993b1c,cff082e2c7d9e7cf08fcc6392bec0a8f67fca5aa,d09a8397053ac53e9c068ed91d0f765faff05556,d0bcad07cfd33918c84d4790caaeff784530d94e,d0c335593b10c3c970bd2828fd6e8fe597d7e720,d0fc72abf79b68bdd6273fcfd1f7cd6620fc32fd,d115516b6f0926d591e9bae72ecc5ec54034a9fb,d1f399f3acdef2b68ff18482f0af265d04adf43d,d214cb9af199c75e52231e370a9afeda6b0b9b38,d25eadb17dfbd12fdac17669dc03f2d7d4b42b04,d285ee449751be70f2f10f80b0fbb2b995bc4d38,d29716fc9a759e41e9a9a8317ca29aa21ec147eb,d2b0a6df2aebf808343870f743f49455a4cb93b9,d2f8ddd1e749737c5e81bd6752bb41c54a32287b,d3616fa4e0c4af48e285638e74588ea06e1af68c,d3739a78c6fc948f3514865879e68c015b7a338b,d385889e668cd4c4edeebdab64dc3af6516e4084,d3908add1b4c01e28040d85d6722b13562a6e57e,d4510d9a31c80d4c55b85c9155b10b46a1ff1502,d4a68ae690c608b542be6980fe93fd05d85eb648,d4ade4b888402cc1e618ff6c6b72089aba96fc69,d509d0cbee02b8e4128e4e869c15a25acfdafd71,d553f0f5dccade5091c791e507b5b084a96c5277,d59192c1a23dce887c13137a0635ca565c342965,d5e53459ffb66631dfccc6548e37d3cc1d2fef33,d604a46648d30bb747af61bbe35b1d141841d3ac,d6083f62136bcbd72d9762cb41814f51c0641cfa,d6357e7f63fa909121a1c48c8c1964928cf82bdc,d65b01b8d48b6845cd946ce0387734c6e1e2719b,d6b3f7417055739973b70bd5a3c91187fbf8d8ca,d6cb4ceccc2445d1aa649a98269030aa302ae7cf,d6f84f5f5812a0671bfcfabb197069fee34d3ecd,d748941b74fa7234982456ac7683e73ac05f7a62,d77f7e5bd113a2f7652a78b3dc8c13d19e21e538,d7c10d79fa50279b45ce51a65aa46f8561a2450a,d83a78dfc9cd61ace2b4ddf12190b32226de5a5f,d855d2009abb20272b085c3100a7a9f363b71963,d85a3c80c31eef6dadb7aa1fabf361d9eca16933,d86e15db80620d1361bc4b43b0ca829cccb456a2,d8a04dd6cd846354a28f66ea4b81a27ddfbe3f9f,d8c2a1444932218e6bb23010df286a9bfe91c30b,d8d8fb5f8e72fbc6a0b3c6c91631059b08b679f8,d93d1e3a33ef04e552e0e5c8120373af0ae6530d,d94fb8c77f89c2b6e3c19711a0724b8d37acf2e1,d98ac37634544bcec47c9836d4fabea9c40418c3,d9db7094e841c6a48873a7361a9af9a4fbb1206e,da4d139eac9bfb799e7abf68e0e237498eee6380,dab16ca7d8c38b4f8fb2c89c340c1f7122aa8d65,daf0266daffe773fcb601713cb150ace46376d9d,daf3798aaa7b809da3ddb1e6a63bb908eea3281d,db0fc96cf97624af475c8fde4d8d13b567605631,db39998b1d2ab935cdccea7ceb5e7471e5478bc3,db8b2ac4e3f964bebd967a50b247ed4126b88c18,db925a307f0430fea73d14dd193c4565813b33a0,dbd72f522b4f4d489e49bd716541107ed713c43e,dc8dab9bc90b1b7e0f58c3c45cae20e2ba877e01,dd004286e2ab934e05670a16a1d837b7af2f8f50,dd63d254d97101cc66b56c4e6277a0b2b54e7607,dd9b634d0b00f0321e5898521e67fe7f3539cd41,ddcad069219e072aed3aec98c95d87e283a5403a,dde6cb799a586e050255b05fbfea4b12637f4f46,de0f9c8c839d802d97c3e9c4c9bdbafed0b9e92a,de15b085a7248a5e289e2c7d1c094948d5792d38,de61b640ccaa950f1707c5b62f9322ba38eba1de,de8a0643196966e8145e08674c6e89ada6df617a,de906755c2a46a1172e24f4ccac175503ede6cc4,df139d84d261f0f8b7f5981c7b6fedf2faa4b041,df32371b9e2269355a0fc2e32e9ba5526733b2cc,dfbf66d7eb1e2383df2da4902782104e6cc8a2e4,e00376d4aef4ad3b2fbf68b3a428bacab15a8e8a,e0295b8cc524a314a9af9c941a35716ece517e94,e02ad3a8a89cefa4b5ad12cef490bffcfea9435f,e0512212731216762c12bd0bd9dbc88182335cd0,e118ed59903f2e4b5929073002238585a0514e80,e12e12fd0414914895806d3162d55691230bb657,e1360708d8f56d905bb817680155f55ab9f6ee9b,e1969862a9132ec0f7bdcfa1d5a10c463bb7f056,e1c8ee097429bf00933fc1a920f7f88b2182f5d6,e1df911745a376f23b565d4b4f13c68d7c19e23c,e1fcb6da19b0573825582b19b489f9ea353c73d3,e2362a2f36318314d812f547f1ae30779251527b,e236a3bf28238aa1d6be9ec955c93abc88d99840,e236e9f12c9538219510377f394b2c184d8871ad,e23fda9881fc80308d942317a5abb6ca809d9d06,e2666a32f1e550209bea531e730224a024baa8d0,e2a9a35b6a6c177a50c1e7db672a437aee95daf7,e2caad3fd12a793e12c5e41efd66a84d0f0730f3,e2e4e008cd3614e64e48a72758732dc5b46301e5,e3170213ec54b4825ade9e8f2b4fc83f830daf73,e36d4f32f63eed5401b6f560f703400fbef151e9,e3b0625d1809e41388f987fd6697dd5f0e5bb0e2,e402aea7432a13a0b3164229f4d8a3b382f4ab6f,e46e0a5f47df6e2d6b3cd8b380fcf2990bd25fa9,e4714426ea883010954366daa32c7059454b5917,e4a1d8d0730dc4a165b23576e41794375261fa70,e4be553892754839b811fc0e006093efd8a15b54,e514c104210b3cc58b76318d834fd5cabe92c2dd,e5a3e044b41adb2c2eb1ac0c0f350d1011fb3586,e5b80ab9b6df9aaaa0688f12376167462b47707b,e62d4fcd33f01cf0b64fca9939ad3171efc7fa9d,e6758d6268203ef260297676fe4099a204d3932e,e697c81ed2fb75aa1c04fc43710a593368a79b23,e6dc3968582536b0fa6284144db4c4f7c96a0311,e6ecf1cae9680b3f90287145b13489222ed90240,e6f19543fad5cadfd9865fcff64b55bd139d3621,e715247c26b69aec16b3e9abafa8e8c73aab0208,e7281e9bfa8d8399722c68fe58a50699367ecfe5,e77318ee710ff01d56f48b664cff47db8d81421f,e777a78083bdffecd7f251ed3d3b6a5da177ad66,e7bc7f26d3699c74eb96dc458fb7d98f5029cc97,e7bd8abe3b2dcda2d53e6b48639c106772071d55,e7e3529a89f8dd623761b960667b4655d68dcb3d,e7eaefc2240f39f371df7343fdf2fb01fcd04c22,e8162d41e6105f977425844ef335a8e5604e1953,e81e2ec72fc861d699834598c91fe04f001cf516,e83058d9cd94bd45646a8a3d1c45ae3cdf9fc1fc,e86e9603b396363b413f40a2392fb36b5c7529cf,e88e6eb217f86f8afd6c8121329a1a7fcdf1680e,e9619f7d9e20e08c685ba4269d185280d9786fd2,e9a0339ee6b6d51c3545409a7777e3173628ce59,e9a13b2449d77ed44e7928a1ebc6172b1c0b7e59,ea0c2843d919405bf2175c65264b7a65a0ac79e8,ea4c345c0c1d505a59218745940eb67433ca84c2,ea66962cab3abbd5c37fc651c160884611eb25e5,ea69a3695813f641992c9fc76a3ac484b1638269,ea75808533ac335a19ab0e79848ad3ac63d9be67,ea9abd4e72805a5c5317107b6ca752bcbf5f7134,ead79bf8699011746a72a75687292351ceb17cbf,eb0349643d134298cde5891c64e9117b08e27e09,eb0fa1b3c175b44f518dc183dfb9fee038ae7354,eb20732ac84042423b16bf694a4bd5fa5061d0d0,eb38a27dc1985832bfc32dd403bfc70db9193d6c,eb7b918d4f939c447e69372f9e1b804e38c977ae,eb849e5d74ff1865793a2ca0ddd5be1498107cc7,ebb782631df31bd54d3d70a52d6dffc133e8d78b,ebc9a839f25ce277ea8430824545cc3f227f3a55,ebf782ccd5bec5bc42264d52ad55b0f037c59398,ec2449b7c81fb206513fc58fc8bfb94fa90844ae,ec313f9c2975a81ebb8be791bf7dffad6f4a8287,ec32d03c45258d8af0d1feb12cee1f2431f8ee7f,ece888867a1d71aa2d7518991871c4ef99581a78,ed0e957af9e0c5cae9be655f993021d9a9518084,ed6cf91830103cf2b3325b9b91b5d24bc5039404,edc45573f711804e8e08dfbc9798a41ff5d23d03,ede8a998a36ae0e23ba9f637641a2f0ac3174622,ede8be3574b25d392dd6ca6cb39e9c9635b07be3,edeaf36d18001d43c999f52aeb945537ec07e413,ee4c6f6baf339503410758bece4be5fbea889986,ee79fb240b154aceac91c7f1de9915ec6650308b,eea7287a8048ad23e186ae771f278ff1bf987300,eecbf89b815cfce892e0303883fdc9ad1ef6ffed,eed47a113cc0ccc7087f1fe8cd3f0da6e1229ba2,eeefb4594c8512b97c05ef1024944abcbe4b8df5,ef0befd87379c2274de2683378ee2ef5c0332ad0,ef203af281ab483d2d9f14ac9b54c2dc377959ea,ef33a82e51d47a73a61a06e43dcbd2479869f9a5,ef33d98dda135261db939aeaab2baa081ed4833e,ef6eee6259a6aaa6bec1a0021827290011fa02f5,ef7159737bb49d55d6e1635fa0ef9db427698b2b,ef8d0febc79520861d994c415db4412d5273a311,f05821558d28d649186921a6b219e02a59febaae,f0ae00f4fcc72a9c0816a743f29ffde84a69f9c0,f0b1fc963bb16a96d05e7284c94d077deed4508e,f0c7b19f92808b873cb2ec62efd99987b841235f,f0f87eaba1c0f0bd2daba8965a101d605c3b4341,f196c949ca6c045587865a75810a2a2bdc9fb2cb,f1c731cfeb029759afca5c20ebb3685c85c87171,f1de2350b3fe579dd37dd45aacc4bd225a0e7a17,f20d670c90320ff3861bbd4831a4b51b2c039c2a,f2363baa37e4283ffbfd018999b279036eb17fcd,f2364f81c16a321aaf2aeb1982a03af05ae8c30c,f2681ff0503fc9748178ac46d4baa17d22ace748,f273704d8eb926d9a909127c2011c1a3e46c4140,f2acffd3b2b39c0bef6658f8fe32bdd818b20dcc,f2b7ac5671f06db0e4779d8cb626ffabd187efe8,f300d5c4e4b38f7cab44aa9112af0b96e1a1e191,f315ac271f8e2c3a24db5820b54511dbabfedce6,f3223cfa08fdce02c2da3cc80b9d9553385be7a5,f3331b9cb72b7d52b38a5b82c4c34cdfa5140fea,f33bc10fc405586332c86fb5b690f63db1f20e4a,f36f54f15f8b2132ff7d6e58913e79dd3811e326,f3cae01c18ed8910000dc0fe5a4e154c3b1e472d,f4242bd7653729da963f03e884ca62953744e8b2,f4701769e9e3bf81c3df46f3d3c273c728cf7801,f499a26dab4e8f3f20e60a308dc89b956d872b73,f49d976a235f2845394dbbb6f40cee7336ac0a4c,f54c81479df8aaf2f7ae59f5020903f9a19640db,f58524782af98b69880b1239f925e7118fc8ebe6,f5c54b7b868d70a8029af548034779eb4a2232c6,f5d7ea4802c4e75edd92fbba1e21c82a05752381,f608aa8ad89e94fbbea98aa6ef581ca487cb8247,f637a7f326c677915c9debce8f1074576fcef8f7,f63b9a42f8130c8bfd727362da9c0cdc97edeb72,f68369a9e9700d747fc98d3af9e989064bbdd887,f6dd129bcc256af46a064e3f4d86d37b0ec036bd,f6dd78d7508a39ba5004afa4249bed69bc71eba4,f731d7c919adc4510ccb184993f146a65972794e,f78390f4687bbd9cc0e8050e64da2b6f769a71bc,f783fffa2f69600060ecbc1ede57c4af30091454,f79a00b14f0c54a790f6314762afac58a33f3a74,f7a8598a361319271d66952c9528a20f7a2f1662,f7aab21bb462032bc9fb24ffd76c013c1bba6f86,f7adb21b8046681774c74e6a298fd610e0ead7bc,f7af521c6c91944eb1edbb1a382eae93bd7f7717,f8e2807d3275931427d4781b1935535fa4b71747,f8f9f022f33c7d44aee2b957a2d55c10f2daa32e,f90b750dd15580b1675b0d55d186a1b502f1ddda,f92512b1da8a9a03d381f65cfe725e264af1fe36,f950e7ed4f98edc84dfcd310a02fc1ba5f4c874d,f959bb22817dd6c73f14a8fef1c1158b71e0ba8f,f96839a1ba984f1b8e369cac51baf3d59da09b6a,f96a0a3a3ea37d1c1d77f890d43c20e276f58fbe,f979c11c975b5b1d865ac6751aa1b90a673bc8e3,f98aa9f040148d3325cb6a55f9360ba259c10c92,f9a1ccdf04b0c192985dde8d9bd7923f8604bcbd,f9a1ebe296826ca163bac6866296136f0f5bf49b,f9a96f87658a6b2f8a6e78674fc4a6243b9cc642,f9aecdd4a48847214b5bb41c5ba5edff9adb3440,f9c5c8320d1f93faf22683f923cdc2feed929dba,fa5b283ee54d09182d88a4d20a5ca3731e559920,fa6d72146a54af9d83060817a29c9c93b622efd4,fa8c49e5decc249c316a8c02dab399df636ed436,fae0113a09a8ef7019d34e5bdda091e2ea14da07,faf65ebc50537ffc91d2f69b160967c652fcb7ce,fb43c35c6c1611fd0481a2fd73d7ff1db7164f82,fb5067ce05a559b0776db020919bbdc1e5839450,fbb31d63c04a0e24d03d7d1188389b1b9adff88a,fbdacc759cdc2835f7b1fff7f1d3371460250742,fc37fd032870568a57b71ec501d531d29d113086,fc54cbaf839dfd762c02b28b1e42d70f49b7a96c,fc6632b4525d9c9f134f4a9c3aea8a47b759df8c,fc9e9bce2d20d69672c9dc91cd587ff280c0c23a,fd19b7dd41424ea36de9f1768f6f9e1867a4dfba,fd411cf14d57033fc2f10a8e89c780cb44b1e299,fd4fe4b7908f74d9374d26a20c88d232209570fd,fd838a174ec8751dd114261c199541df76b26df1,fdc82eaceaa0f03ac2c48ecdf2cab72b097b4e19,fdeaf34fdbeaf621ce6f9611828e00af93c16751,fdfd239a78ebe4bf669743731671041b2d480fd2,fe0ebabdc8996d4fe3dd012ed3a7f3bb91557b6e,fe3f0d472098f61237606c936d6a568694c96db7,fe3f88f0ecced09b342797116a232e60213f11f7,fe4eb457e52273cd2269f67ca28b9040a1122337,fea361ffdee83784ba020c1ecec716b02dfbf391,feacd4da8e2570569630673344fb0b52f5fcf4b7,ff298a9654f53e6f20bae1caf2a0450aaeff74ae,ff5f2087f7f8eb9c749087eca801322e481ac2d9,ffa81ea8fbadd32ce0b38954f9f46f5fe4a20a95,fff36a0a7bf542891cf09bc6588f6e4c0a7a41f1,lcell_0770f06106f5,lcell_0985974f3278,lcell_0a1b111473c8,lcell_0b951ff2a5b7,lcell_0bac21957d81,lcell_0dbfbba4c3ce,lcell_0e14cde017d2,lcell_0f499ae25ee2,lcell_101306096dd7,lcell_13abd063c821,lcell_14be24b1d4a6,lcell_1518122d2ce9,lcell_16775286fcd2,lcell_1833eda7d89d,lcell_190f407604d4,lcell_1a40d72dcf14,lcell_1b1eb5341c57,lcell_1bad083cdce7,lcell_1c29cc4c6ccb,lcell_1c38b560edda,lcell_1d4026b8a90c,lcell_1d4a4641a656,lcell_1d9106a4805a,lcell_1f14f4abfab9,lcell_20514278c514,lcell_20c5d2161134,lcell_229e51cb5409,lcell_23462fab0365,lcell_24b27deb4d33,lcell_25148911df3a,lcell_258367654372,lcell_259c4f336394,lcell_2642999392ad,lcell_273b87af56c8,lcell_27cefdcf1539,lcell_28f9c6f7562d,lcell_2974e3968949,lcell_2b26c30a002f,lcell_2e64e8195ffe,lcell_304864f9473f,lcell_322a8f8ea83a,lcell_32afcbdf3aa3,lcell_32d6719b2028,lcell_3368affd3cd2,lcell_34a7a49b9be7,lcell_34f2c8b8e5d0,lcell_3505d54ae633,lcell_350d3f887b13,lcell_382ec89355e6,lcell_383db23092fc,lcell_394a75f01a0b,lcell_3995b1ab2bad,lcell_3b1b922be0b8,lcell_3e356d40c598,lcell_3f9bd82c169a,lcell_4085a32a2d19,lcell_4122ed87dca7,lcell_41a803814dc4,lcell_41c050fa2572,lcell_42b877df7698,lcell_42cd6572e2e1,lcell_42d0e55b849b,lcell_42f857aabf7a,lcell_432b81781f6d,lcell_469d827ff1b1,lcell_4987bd589153,lcell_4a63694ac61a,lcell_4acb77644c90,lcell_4ae1e0f2b191,lcell_4b3666439460,lcell_4cec54effe8c,lcell_4d4d3695ade1,lcell_4ddbe545f3db,lcell_4e1e46304805,lcell_4fe759ab5fdb,lcell_52447dd7802d,lcell_5a0ed0c9f79f,lcell_5ca6045ea24d,lcell_5cc0570b7e31,lcell_5ccb56501b2f,lcell_5cd1f56b9dd7,lcell_5f6fe43f9190,lcell_5fdb28159298,lcell_60c475338fc0,lcell_610ae87530f6,lcell_61279ccad7e8,lcell_61bcbb1ceccc,lcell_6333ac3fc068,lcell_63b47654b9a3,lcell_642a8b3e0ff6,lcell_66f80a0190b6,lcell_67b84fb18461,lcell_67f0d0ca933e,lcell_68200f5acb3d,lcell_6847ef900e6b,lcell_688ac88b54a6,lcell_6913cf90db84,lcell_6a682bd90d50,lcell_6a921379dc9c,lcell_6b28ec3a57d8,lcell_6b941bbeefb6,lcell_6b94fa94ea08,lcell_6ca381434fd3,lcell_6e38d9c88ddf,lcell_6e8c2f72a45b,lcell_6eec5c89a2af,lcell_6fb845f20416,lcell_7007c361e1e1,lcell_702b6f997a0d,lcell_71092438b90c,lcell_72b416a764b8,lcell_73039f309c8f,lcell_736659ad6c7a,lcell_745a18fef296,lcell_745e687ee20f,lcell_778f75f72054,lcell_78ceed0596d0,lcell_79829bf04272,lcell_7b10dac6aaee,lcell_7c4752a373ad,lcell_7ce783076513,lcell_7e471730467d,lcell_81288269d1c0,lcell_813dd6ea3859,lcell_81750e94270c,lcell_8180e4434202,lcell_8222520e9258,lcell_8310114e039c,lcell_833887926cee,lcell_84ca783acc80,lcell_8620ba1058dd,lcell_868abb07e098,lcell_876ae410cf1a,lcell_8a1e296046e6,lcell_8c2f4d55ead8,lcell_8d958f60aac3,lcell_8e4bcec75535,lcell_90860751c5e1,lcell_912b46de767e,lcell_916d14183125,lcell_9247ec41703b,lcell_929638422dbb,lcell_93c559e12d06,lcell_93c64ff30e44,lcell_93d8e8bd04e4,lcell_94e1e41c06db,lcell_967cd2f83b1f,lcell_96e958d412bd,lcell_96f940ce40db,lcell_979066e35ee3,lcell_984f82a32e64,lcell_9a24dbb20431,lcell_9a51d1a160ce,lcell_9aab56da99ff,lcell_9b438391710f,lcell_9d9c87dcbe7d,lcell_9ee2baf775e1,lcell_9f75db007d60,lcell_a01e3cd45460,lcell_a1da8558fba0,lcell_a2c083cf6a14,lcell_a3067da208dc,lcell_a4b32501722f,lcell_a4ecd77f0b0f,lcell_a5659f9c0d73,lcell_a6ae6aa73dfa,lcell_a6bc18d11db8,lcell_a849bafa470c,lcell_a979a4519eb1,lcell_ab90e2ccf27f,lcell_abbda8e67297,lcell_acb0a7c60cd3,lcell_acecaa5f4614,lcell_ae0f884c0d52,lcell_ae63792e8556,lcell_b4ad9710d380,lcell_b5680b1d63c3,lcell_b57b426af214,lcell_b6243048ac6c,lcell_b63208d26bd6,lcell_b67dfeb67e4c,lcell_b6e219c4f07a,lcell_b727853df174,lcell_bab4d634be7e,lcell_bd18446343d5,lcell_bd4258df762f,lcell_bd620288ce20,lcell_bdd5e71f2d5f,lcell_bed22dc262cc,lcell_bf4346198c18,lcell_c02372435ce0,lcell_c0c38b137371,lcell_c1d5010d65ec,lcell_c20cda3b82da,lcell_c2b77c39abfc,lcell_c36bbdff10b1,lcell_c3a7436d7e2b,lcell_c458eae1bbb3,lcell_c4bb7b22f6fc,lcell_c5d24e2b564c,lcell_c65fbe050ff1,lcell_c8eb832f05f0,lcell_c901b5c6b992,lcell_cc46ba482c2a,lcell_cddff9aa0070,lcell_ce06ccfffd57,lcell_cebe8411768f,lcell_d2719c0cbc90,lcell_d2eb6e55df8b,lcell_d3101cbd8225,lcell_d5289fcbb979,lcell_d5fbef897d8b,lcell_d5fcac9eb46f,lcell_d6a0a5f88fa4,lcell_d6c7b2a407ee,lcell_d70e891e9da7,lcell_d7d82f01356b,lcell_d862b729d136,lcell_d882545ad4e3,lcell_d88bc4125270,lcell_daf1a729d2db,lcell_db244009d06b,lcell_db79e9f8abfc,lcell_dd7267c03771,lcell_ddf6aa407e56,lcell_df0e8ba9c09b,lcell_e03b91312e5d,lcell_e268f143b242,lcell_e2f0c7e5bd98,lcell_e4ac6efc8009,lcell_e4fe46617957,lcell_e7da581d8bf1,lcell_e8061ec526de,lcell_e84f79286ed6,lcell_e88da733a3bd,lcell_e8bf16cda89a,lcell_e8ea4957dc1d,lcell_ec8ac8aed16e,lcell_eeb6343bac6e,lcell_f7f098ecf00a,lcell_fa79afd6f170,lcell_fbc14116e8df,lcell_fd8c52e9948c,lrow_002872fe211b,lrow_00fd3b76de55,lrow_01986774f8b3,lrow_01ecf71cc56b,lrow_01f992b4ea1a,lrow_02eb50d0df70,lrow_031590ebd749,lrow_03c1b14c15f7,lrow_04a342a8506d,lrow_04c6eb8c8d48,lrow_05f9bc4a872b,lrow_06642e5cddc6,lrow_06946397ac17,lrow_069bc88b1277,lrow_07d806c4dc77,lrow_07f9333c9e16,lrow_089e4f252746,lrow_09edbee11a2d,lrow_0b5c7ae08520,lrow_0bddd84dff4e,lrow_0be274867f4e,lrow_0c499b906526,lrow_0d62cd21264f,lrow_0e70e3725cce,lrow_0f428d631a62,lrow_0f7e291ac26e,lrow_102d492d6a4f,lrow_103f1986d779,lrow_1120456513f2,lrow_113226549b0d,lrow_11f578462cda,lrow_1267ec1941fe,lrow_12d00d6a6a19,lrow_12e81d6cd5a7,lrow_1350e998a553,lrow_13ca5e91cc55,lrow_13e1538bdea1,lrow_1460d4c105bc,lrow_15080f20ed83,lrow_15a306db447d,lrow_1624fb49f62b,lrow_16ba81dbd5ac,lrow_1782ee304ba2,lrow_18231d7fdebe,lrow_1877230894d8,lrow_190ac424e678,lrow_191167634b9f,lrow_1991585c9329,lrow_19e7e6082844,lrow_1a283908374f,lrow_1a30d2d5cc0b,lrow_1a53e54a8176,lrow_1b50208e19aa,lrow_1b8b0d374905,lrow_1b8c4ba617d6,lrow_1c19a1ae6c6e,lrow_1c49980cab56,lrow_1cb6bb4bbae7,lrow_1cb957bae394,lrow_1cf5178830b3,lrow_1d740371e091,lrow_1da64b6d84d3,lrow_1e021e7a8ad2,lrow_1e548e89e42b,lrow_1f20cab454ba,lrow_206ce07b9156,lrow_2150cc14c792,lrow_21dc891795bc,lrow_21f51d3998bb,lrow_221a2f5719ff,lrow_22d65dc03483,lrow_2351c2f1d7a8,lrow_23f1f7fccab8,lrow_241966f8ce4e,lrow_245241b310e4,lrow_248e69ea888d,lrow_24a0f85e4f86,lrow_250766aa96bb,lrow_2539265e5633,lrow_25803a2fbf26,lrow_2594b1af89c4,lrow_26800bfb76a2,lrow_2691aba7eafc,lrow_26d96c06ab51,lrow_27ba076141d7,lrow_2a0d802b9f1d,lrow_2aac2d817205,lrow_2b12012b9fb1,lrow_2b16081e4dcf,lrow_2b4cab07ad42,lrow_2c103405f97e,lrow_2dba35425dca,lrow_2dc8e341964a,lrow_2dde7acbbd56,lrow_2e207e270440,lrow_2e447d4ca864,lrow_2e8edf994738,lrow_2f0aadd3f693,lrow_2f5db1f6f4f9,lrow_2f896f58162b,lrow_30ae6a42dae5,lrow_318e3c970cde,lrow_321ba1144d26,lrow_3290741e6d34,lrow_332009f4996c,lrow_3371c071696f,lrow_35169b05f772,lrow_356133dfcbae,lrow_359157442dee,lrow_35f876b413dd,lrow_36ef3b33fb29,lrow_36fcae61f939,lrow_3742c9affd03,lrow_37d5ea900088,lrow_3838dfb57294,lrow_384e12754e7b,lrow_3af1b36dd234,lrow_3b8c89342edb,lrow_3be735f8826c,lrow_3ddf227d4414,lrow_3e4a9c7d0c0b,lrow_3e769453c8fa,lrow_3eb4bc6e3f1f,lrow_3eb71c51a55b,lrow_3f34cb8159b8,lrow_3fe0deb2a2b9,lrow_3fff6ddfeeaa,lrow_4055acde3399,lrow_4091349d8d77,lrow_40e24607432b,lrow_4119a2772b3a,lrow_416d4345a75c,lrow_42d193ed4dbc,lrow_42f5b218ef02,lrow_4351280713f2,lrow_43a94e5509db,lrow_44738e478c4e,lrow_4493d78a98d8,lrow_449d2640d8ce,lrow_458eecbfe56a,lrow_45fea771a7e4,lrow_46136e84324f,lrow_4618bbc9bd46,lrow_464fa5d8e102,lrow_4654dc8e24c5,lrow_4708c970a6b3,lrow_47b07202b114,lrow_490935a4d3b5,lrow_495564e48b47,lrow_4984b10f886f,lrow_4bd017b1d17f,lrow_4bd1e4192899,lrow_4bfdd65baa34,lrow_4c6b8c766af4,lrow_4d0d1c91afa9,lrow_4df16b74530d,lrow_4f6992492b72,lrow_5043772b765c,lrow_50580fc8859f,lrow_505f59c9169a,lrow_51f951c3a2b0,lrow_530d0d868e4d,lrow_55e2712c737c,lrow_560cff4f1e09,lrow_56cbc5ec19eb,lrow_56f3772d8ec5,lrow_5750204b5f7d,lrow_57b0a57b8684,lrow_586b625e531b,lrow_5929572923d6,lrow_5984542c10b5,lrow_5a10bbc7b75f,lrow_5ab2b0b5f52b,lrow_5bd3b481190b,lrow_5bf8dc871d9b,lrow_5c2918945e6d,lrow_5c3e59a3670a,lrow_5c80284e97e5,lrow_5cdba4af8d7e,lrow_5d5fc13141dd,lrow_5de52687de6a,lrow_5e2510fdfba3,lrow_5e66ba1b88a2,lrow_5ede668db8a4,lrow_60460c9e4e34,lrow_6095f86cebe2,lrow_6099b314d6fd,lrow_6192b869f9eb,lrow_61b4de1b0c05,lrow_62212360b919,lrow_6323abea4322,lrow_636f4c91acb5,lrow_637013430699,lrow_63821725b79d,lrow_63db19007c99,lrow_64422c7d88de,lrow_64853332c898,lrow_64da072130d5,lrow_6566edf80e16,lrow_66484c8d1152,lrow_679f59dfa94e,lrow_698b533d037a,lrow_699623a269a3,lrow_6be23f114d47,lrow_6d9acc2a2d3c,lrow_6dc67d1e761e,lrow_6e2883159c92,lrow_6e4d53479b57,lrow_7064d6fefcfd,lrow_711d4202357b,lrow_714bb5e8e3d5,lrow_72040a2c4f7f,lrow_720e406f7129,lrow_721bae2a463b,lrow_73176f36c0e0,lrow_73599b267adf,lrow_735d2846c04d,lrow_736bd49906da,lrow_74749c5663c9,lrow_75138e32e8ea,lrow_7552f2938aa5,lrow_762aa093b9a7,lrow_7686710bd88a,lrow_76c86ce8dfb9,lrow_7727cbaa5555,lrow_776a227e6378,lrow_78da2c864989,lrow_78f72d6fcea8,lrow_79a6ae3007e1,lrow_7a95249a0516,lrow_7bd5e41da1f3,lrow_7bdc9639e247,lrow_7c0c2dbd9fb6,lrow_7c5e281a5ddd,lrow_7ce287980d0b,lrow_7d51494ba204,lrow_7d6cb9927b58,lrow_7df55c158027,lrow_7e15056c572d,lrow_7e21a08a5026,lrow_7f7350569f80,lrow_7fc4a9848828,lrow_8077aace3fa6,lrow_8097a4cb30dd,lrow_80c4dfec32fa,lrow_8147a35b3ad5,lrow_8150bd6bd22b,lrow_818478b100af,lrow_822f273e15a5,lrow_84704da29bad,lrow_84b51c00191b,lrow_84fbd9cabfc0,lrow_8652bbe3b929,lrow_86590df67d1b,lrow_86c3a653648a,lrow_8768abcd2def,lrow_878250be8391,lrow_8783e2b1237a,lrow_8819cf76fcc5,lrow_882d3c7dbe36,lrow_88b60a19b434,lrow_88dcf1d15c98,lrow_890a28b1754d,lrow_89494f7f9b70,lrow_8956b6dd7a4c,lrow_8a685896accb,lrow_8a999835448f,lrow_8abebe918bcc,lrow_8b3542077182,lrow_8bc96709ccec,lrow_8beb3ff7839f,lrow_8c475ed2252c,lrow_8c5567a3a1c5,lrow_8ca627769d8a,lrow_8d051986b0d1,lrow_8d4f011d4f37,lrow_8d74ed586e50,lrow_8d80e23c3eba,lrow_8e895c5495d0,lrow_8eb1ba8e5607,lrow_8fd68446e558,lrow_92fa7f98df8d,lrow_931024931419,lrow_93dae0c26432,lrow_9554612835fd,lrow_95710755fcf1,lrow_9787d3abbbdc,lrow_97b2c2b9634b,lrow_987a1f86503d,lrow_98807055d4d9,lrow_989bc920161d,lrow_98ba81c993b9,lrow_98d357d91655,lrow_9937d1508225,lrow_9a23603e2e08,lrow_9a43b74c316e,lrow_9a5a45535d78,lrow_9a7f7ea7a9c8,lrow_9a9af6ba26e2,lrow_9b39244b56ea,lrow_9bd2cb319cd7,lrow_9bfd1b06f344,lrow_9d5308fa19c7,lrow_9d8c63fa69dd,lrow_9d8ce03c0c06,lrow_9efbaa843be5,lrow_a01d5b8e2861,lrow_a07793c54b04,lrow_a0bd6116e7da,lrow_a18b23366216,lrow_a1dcca80e93c,lrow_a2ffbfe7bbc7,lrow_a340ccca2ce2,lrow_a4d912ff94c0,lrow_a717f676148e,lrow_a7e4b7361de7,lrow_aa573a0f7f52,lrow_aa8e4661fc45,lrow_ac8ec39779de,lrow_ad2edaa34d81,lrow_ad69f2b4a327,lrow_afa3d58d909b,lrow_afa5d84ccecf,lrow_b1014e24b607,lrow_b139e87292bf,lrow_b21b5d1793c8,lrow_b3e4526954a4,lrow_b4aabfd961b7,lrow_b5f9385e07fb,lrow_b6ecfaf07d8e,lrow_b7772fe5b5cb,lrow_b7f976377e65,lrow_b804a06e8610,lrow_b8be6f44c6cd,lrow_b9af1bca25b5,lrow_ba2da9da7834,lrow_ba9a81de1411,lrow_bb049b7cc75f,lrow_bbddd4808431,lrow_bc53331c52e2,lrow_bcc60069db92,lrow_bd1294770fac,lrow_bd4eea7d4f10,lrow_be1dbd41e505,lrow_c006ca232590,lrow_c0f6cb68ad58,lrow_c1100db9de8e,lrow_c24211e9e913,lrow_c278939988c8,lrow_c2d5e957aa22,lrow_c32f907780f7,lrow_c3a5ba211bc8,lrow_c3cd9ca52e63,lrow_c6cae0a8fe82,lrow_c6fb24e4952c,lrow_c737c0322f6b,lrow_c81bb7fa0c32,lrow_c83b31bec731,lrow_c85616192803,lrow_c8dba08a3104,lrow_c8f3b4d5fcc1,lrow_c8fc6663390e,lrow_caab8211d649,lrow_cb3c445e338a,lrow_cb9cb96e5cb1,lrow_cc3e91c423f2,lrow_ccf9d34b0954,lrow_ce0cf57a0fad,lrow_cf1b742ced3c,lrow_cf49cbe3cf5f,lrow_cf6903004738,lrow_cfc55dfdcb88,lrow_d02fd8be222d,lrow_d14b2776b71d,lrow_d21190f006b4,lrow_d26204869e45,lrow_d26d56dbf81c,lrow_d364ea900362,lrow_d37134c98959,lrow_d3ee25f567fd,lrow_d4fb9679a96e,lrow_d7568da46da8,lrow_d76ff3f3e1f8,lrow_d8200b457390,lrow_d8571e980cf9,lrow_d8d5d62065d7,lrow_d8eea1aace26,lrow_d96a8660fedf,lrow_d9bda004bbe8,lrow_dbe0fbfac140,lrow_dd5f7de44a83,lrow_de7f4e8cfb21,lrow_df02288c8b21,lrow_df9351d04804,lrow_e2e81f9c2b63,lrow_e30c80d8fec1,lrow_e348a625bf30,lrow_e50613de04c0,lrow_e538358f0061,lrow_e57c84541e8a,lrow_e6b775d4ed09,lrow_e6f1342c1310,lrow_e9d4a05a4d60,lrow_e9ebf934ff95,lrow_eac3a93feadc,lrow_eb33a7d33daf,lrow_ec59d257655c,lrow_ec79b705633f,lrow_ecd20cd6da36,lrow_ed5711408f08,lrow_ed7b126b353c,lrow_eddf53fd971e,lrow_ee3c9259b9f7,lrow_ef50484dfb33,lrow_ef79f4b154b6,lrow_f0a54f76625a,lrow_f134b9778b47,lrow_f1bb47dc2f9c,lrow_f200080eb92f,lrow_f27e5248b8bf,lrow_f2c768a68975,lrow_f33cf4319e90,lrow_f39aa7076f88,lrow_f3e5f3950f7b,lrow_f480fe5c46eb,lrow_f50a7a694449,lrow_f5acc4fd5af1,lrow_f5eabcc90729,lrow_f609b02ff3d3,lrow_f616076f6d2c,lrow_f70dd8a8b22e,lrow_f75ce8d0be47,lrow_f8b5a43920cc,lrow_f9006776f7ee,lrow_fa7df1b9ab57,lrow_fa870b19eab8,lrow_fdb11127648f,lrow_fdfad2f6987e,lrow_fe59cb04fd04,lrow_ff803aab9279,lrow_ff8719504107,note_06f397006296,note_0b00bdc4a210,note_0ebb0a97a838,note_2631b4eeb3f6,note_26530f3e2013,note_2b7e04e8b5fc,note_310157c0c044,note_40a2ba2f5991,note_4ccbf40830b2,note_5017a9c8ae6e,note_571c96d5533f,note_5b964a927f38,note_5fcf52a82d46,note_6ac467e8625a,note_80296f11c6f5,note_83c33db30c51,note_8576ab0043a3,note_8e8706147494,note_95b10fb38fa9,note_97a0b6bccbe5,note_a82527dfcfc3,note_c02a806a8769,note_caa7f4e96560,note_cae2fc11d8ed,note_d263d0a01846,note_df9742b890e2,note_e3343ad1ebf7,note_e9d1068aaee0,note_ea6f37aca88c,note_ebaf297df022,note_fee1ff9d7eed"
cb5e7dd2-eb77-5e43-a464-7f7ad8789080,WORK_TYPE,작업 및 천공ㆍ항타 작업 별 사용량과 저장,작업 및 천공ㆍ항타 작업 별 사용량과 저장,"lcell_34a7a49b9be7,lcell_967cd2f83b1f"
4a168df8-474c-5045-aed2-ce108889e7b3,WORK_TYPE,작업시간,작업시간,lcell_7007c361e1e1
bb17eecb-950d-5ea7-a28f-46ec9924c9bd,WORK_TYPE,작업장 습도: 전회 측정일,작업장 습도: 전회 측정일,lrow_30ae6a42dae5
c1c8834e-01d8-5602-903c-a9fd97bb4427,WORK_TYPE,재 및 폭발 예방,재 및 폭발 예방,lcell_3505d54ae633
67880cd0-d4e0-5f67-a6f0-1acb36e52b60,WORK_TYPE,전기작업 근로자의 자격 및 적정,전기작업 근로자의 자격 및 적정,"lcell_1b1eb5341c57,lcell_4987bd589153"
b96d732f-ae1a-592f-a8cb-16145553e7bc,WORK_TYPE,정에서 통풍이나,정에서 통풍이나,lcell_e03b91312e5d
9fa70c9f-f16d-55c1-bc4f-1a9232378a2e,WORK_TYPE,질이 있는 건축물,질이 있는 건축물,lcell_469d827ff1b1
23f31502-1a5a-59f5-84df-ba15046445b3,WORK_TYPE,철근조립 작업 의 안전작업계획,철근조립 작업 의 안전작업계획,lcell_ddf6aa407e56
8e988a94-0067-5363-bf62-1310c813a2f7,WORK_TYPE,파 공사 포함한다] 작업 재해예방 계획,파 공사 포함한다] 작업 재해예방 계획,lcell_20514278c514
06f84114-4e07-5f4c-b995-52e8dad7d555,WORK_TYPE,허가 또는 관리 대상 유해,허가 또는 관리 대상 유해,lcell_6b941bbeefb6
5b3d20bd-879d-550b-8c67-bae73dfa883d,WORK_TYPE,환기가 충분하지,환기가 충분하지,lcell_c458eae1bbb3
262eb21a-ee09-59ee-9def-5751c8677f34,WORK_TYPE,획이 포함되어야,획이 포함되어야,lcell_b5680b1d63c3
