from_article_id,to_article_id,to_external_article_id,ref_article_no,ref_paragraph_no,resolved_in_same_law,rel,derived
"7dcb1c5094508f5431fac319dd77c8f796fbf2d9","7dcb1c5094508f5431fac319dd77c8f796fbf2d9",,"제1조",,"True","REFERS_TO","True"
"4d09bfa6422083a6539ecf39b61d44ebbda52e0b","4d09bfa6422083a6539ecf39b61d44ebbda52e0b",,"제2조",,"True","REFERS_TO","True"
"100a6a96f0657c4cc0db470261e9f9ac6bab773d","100a6a96f0657c4cc0db470261e9f9ac6bab773d",,"제3조",,"True","REFERS_TO","True"
"6adff12319a4d7e0a751a82637484faa48340d94","6adff12319a4d7e0a751a82637484faa48340d94",,"제4조",,"True","REFERS_TO","True"
"92869e797ef5f67a718714a16099f9b57e0f3d28","92869e797ef5f67a718714a16099f9b57e0f3d28",,"제5조",,"True","REFERS_TO","True"
"92869e797ef5f67a718714a16099f9b57e0f3d28","6adff12319a4d7e0a751a82637484faa48340d94",,"제4조",,"True","REFERS_TO","True"
"d02f22e754a8bd596b9ce34c6dbf30dcbb90de13","d02f22e754a8bd596b9ce34c6dbf30dcbb90de13",,"제6조",,"True","REFERS_TO","True"
"1f984f1f6bae52f7d9cd5fcb6c075e28b9ef6060","1f984f1f6bae52f7d9cd5fcb6c075e28b9ef6060",,"제7조",,"True","REFERS_TO","True"
"1f984f1f6bae52f7d9cd5fcb6c075e28b9ef6060","d02f22e754a8bd596b9ce34c6dbf30dcbb90de13",,"제6조",,"True","REFERS_TO","True"
"0ca724a85f2e9799570d8f082ea8105dade1f839","0ca724a85f2e9799570d8f082ea8105dade1f839",,"제8조",,"True","REFERS_TO","True"
"cc882a48ea9a913b24127b99fe0e8bec11b5af62","cc882a48ea9a913b24127b99fe0e8bec11b5af62",,"제9조",,"True","REFERS_TO","True"
"a74a32a852afc10f46c2c159628d46fd99720fd6","a74a32a852afc10f46c2c159628d46fd99720fd6",,"제10조",,"True","REFERS_TO","True"
"0035beb161048039ffbe1f20b889aac3032c943d","0035beb161048039ffbe1f20b889aac3032c943d",,"제11조",,"True","REFERS_TO","True"
"0035beb161048039ffbe1f20b889aac3032c943d","a74a32a852afc10f46c2c159628d46fd99720fd6",,"제10조",,"True","REFERS_TO","True"
"679dd7bcab9d282e7754bfdf73c6e32d4b05ac57","679dd7bcab9d282e7754bfdf73c6e32d4b05ac57",,"제12조",,"True","REFERS_TO","True"
"679dd7bcab9d282e7754bfdf73c6e32d4b05ac57","d02f22e754a8bd596b9ce34c6dbf30dcbb90de13",,"제6조",,"True","REFERS_TO","True"
"679dd7bcab9d282e7754bfdf73c6e32d4b05ac57","1f984f1f6bae52f7d9cd5fcb6c075e28b9ef6060",,"제7조",,"True","REFERS_TO","True"
"679dd7bcab9d282e7754bfdf73c6e32d4b05ac57","a74a32a852afc10f46c2c159628d46fd99720fd6",,"제10조",,"True","REFERS_TO","True"
"679dd7bcab9d282e7754bfdf73c6e32d4b05ac57","0035beb161048039ffbe1f20b889aac3032c943d",,"제11조",,"True","REFERS_TO","True"
"ac77da46f272d199a4b6261522df28a1a9df1349","ac77da46f272d199a4b6261522df28a1a9df1349",,"제13조",,"True","REFERS_TO","True"
"ef4f591f7d2c31a5542f2940855ba10c4120343e","ef4f591f7d2c31a5542f2940855ba10c4120343e",,"제14조",,"True","REFERS_TO","True"
"ba1dd8cce1506f8fdb0e5b642ef5549af350ed49","ba1dd8cce1506f8fdb0e5b642ef5549af350ed49",,"제15조",,"True","REFERS_TO","True"
"cb2773347ed66da2e1bbd656a89ffac4c74bdaa8","cb2773347ed66da2e1bbd656a89ffac4c74bdaa8",,"제16조",,"True","REFERS_TO","True"
"cfec1e71bc029c4cb8192f462df3456ca6596eb0","cfec1e71bc029c4cb8192f462df3456ca6596eb0",,"제1조",,"True","REFERS_TO","True"
"3449d2a6a929f6c2a59baf34414f95faa05a5c4d","3449d2a6a929f6c2a59baf34414f95faa05a5c4d",,"제2조",,"True","REFERS_TO","True"
"a34da013252df262abe62e0c56623b81d0b30012","a34da013252df262abe62e0c56623b81d0b30012",,"제3조",,"True","REFERS_TO","True"
"a34da013252df262abe62e0c56623b81d0b30012","3449d2a6a929f6c2a59baf34414f95faa05a5c4d",,"제2조",,"True","REFERS_TO","True"
"be7579a9e1bd6b4ce9cf84c4d215129b930eb0d7","be7579a9e1bd6b4ce9cf84c4d215129b930eb0d7",,"제4조",,"True","REFERS_TO","True"
"bc389777961286b36bee796f18e8e55ab66f32cb","bc389777961286b36bee796f18e8e55ab66f32cb",,"제5조",,"True","REFERS_TO","True"
"bc389777961286b36bee796f18e8e55ab66f32cb","d716fe45965cb33bfa4c3b73b6a5dccd2d71ce9d",,"제9조","제1항","True","REFERS_TO","True"
"9ad1a4e238ee059c6786c2a5a226278346f0a7f2","9ad1a4e238ee059c6786c2a5a226278346f0a7f2",,"제6조",,"True","REFERS_TO","True"
"9ad1a4e238ee059c6786c2a5a226278346f0a7f2","acb092a8ebd12f1566b92c4cc9fd30b62f67a902",,"제11조",,"True","REFERS_TO","True"
"2091030cb0c06ea06c5f49301515bd75c2e27a96","2091030cb0c06ea06c5f49301515bd75c2e27a96",,"제7조",,"True","REFERS_TO","True"
"4f34aae9cdf11fd800d2c8b9d6eaab04534eae68","4f34aae9cdf11fd800d2c8b9d6eaab04534eae68",,"제8조",,"True","REFERS_TO","True"
"4f34aae9cdf11fd800d2c8b9d6eaab04534eae68","3907833b4f02b822707e2a1900ebaabf2d9c085a",,"제10조","제1항","True","REFERS_TO","True"
"4f34aae9cdf11fd800d2c8b9d6eaab04534eae68","d716fe45965cb33bfa4c3b73b6a5dccd2d71ce9d",,"제9조","제1항","True","REFERS_TO","True"
"d716fe45965cb33bfa4c3b73b6a5dccd2d71ce9d","d716fe45965cb33bfa4c3b73b6a5dccd2d71ce9d",,"제9조",,"True","REFERS_TO","True"
"d716fe45965cb33bfa4c3b73b6a5dccd2d71ce9d","1a179283872dc209d8d27a9e370245dbcdd39756",,"제15조","제1항","True","REFERS_TO","True"
"d716fe45965cb33bfa4c3b73b6a5dccd2d71ce9d","538c944f3b4a88628620ddeca4fb48f367d3dee8",,"제36조",,"True","REFERS_TO","True"
"3907833b4f02b822707e2a1900ebaabf2d9c085a","3907833b4f02b822707e2a1900ebaabf2d9c085a",,"제10조",,"True","REFERS_TO","True"
"3907833b4f02b822707e2a1900ebaabf2d9c085a","f1754867c61521a8f53dc63e3fe13f87d2ef8b92",,"제16조","제5항","True","REFERS_TO","True"
"3907833b4f02b822707e2a1900ebaabf2d9c085a","95d153429465fa53e8e65a12c8d7dcd3d8ba60bf",,"제20조","제3항","True","REFERS_TO","True"
"acb092a8ebd12f1566b92c4cc9fd30b62f67a902","acb092a8ebd12f1566b92c4cc9fd30b62f67a902",,"제11조",,"True","REFERS_TO","True"
"7f9c4b671701b9dece247f99ac36b2f335a2986b","7f9c4b671701b9dece247f99ac36b2f335a2986b",,"제12조",,"True","REFERS_TO","True"
"fcb6afe56d85bb06045db4c7de12727e8f4d9937","fcb6afe56d85bb06045db4c7de12727e8f4d9937",,"제13조",,"True","REFERS_TO","True"
"fcb6afe56d85bb06045db4c7de12727e8f4d9937","d43be75ae1ff7d4d232eb5eff3cefb4840e80384",,"제21조","제1항","True","REFERS_TO","True"
"fcb6afe56d85bb06045db4c7de12727e8f4d9937","7bf78eeb682c38649abf2854db4845181bb43b1f",,"제17조","제5항","True","REFERS_TO","True"
"fcb6afe56d85bb06045db4c7de12727e8f4d9937","c47cb00b9ea1230bd2f9546beb594216f7e8aa06",,"제18조","제5항","True","REFERS_TO","True"
"de5df27e8092c51834e93ac5e603fc18fc797c1d","de5df27e8092c51834e93ac5e603fc18fc797c1d",,"제14조",,"True","REFERS_TO","True"
"de5df27e8092c51834e93ac5e603fc18fc797c1d","56cbc7a2af537f56cdca7a1b50c016b89223cfa9",,"제22조","제3항","True","REFERS_TO","True"
"1a179283872dc209d8d27a9e370245dbcdd39756","1a179283872dc209d8d27a9e370245dbcdd39756",,"제15조",,"True","REFERS_TO","True"
"f1754867c61521a8f53dc63e3fe13f87d2ef8b92","f1754867c61521a8f53dc63e3fe13f87d2ef8b92",,"제16조",,"True","REFERS_TO","True"
"7bf78eeb682c38649abf2854db4845181bb43b1f","7bf78eeb682c38649abf2854db4845181bb43b1f",,"제17조",,"True","REFERS_TO","True"
"c47cb00b9ea1230bd2f9546beb594216f7e8aa06","c47cb00b9ea1230bd2f9546beb594216f7e8aa06",,"제18조",,"True","REFERS_TO","True"
"c47cb00b9ea1230bd2f9546beb594216f7e8aa06","d43be75ae1ff7d4d232eb5eff3cefb4840e80384",,"제21조","제3항","True","REFERS_TO","True"
"bd348b2afa606d9db9019d49058f01c467012e35","bd348b2afa606d9db9019d49058f01c467012e35",,"제19조",,"True","REFERS_TO","True"
"bd348b2afa606d9db9019d49058f01c467012e35","d43be75ae1ff7d4d232eb5eff3cefb4840e80384",,"제21조","제3항","True","REFERS_TO","True"
"95d153429465fa53e8e65a12c8d7dcd3d8ba60bf","95d153429465fa53e8e65a12c8d7dcd3d8ba60bf",,"제20조",,"True","REFERS_TO","True"
"d43be75ae1ff7d4d232eb5eff3cefb4840e80384","d43be75ae1ff7d4d232eb5eff3cefb4840e80384",,"제21조",,"True","REFERS_TO","True"
"d43be75ae1ff7d4d232eb5eff3cefb4840e80384","d43be75ae1ff7d4d232eb5eff3cefb4840e80384",,"제21조","제3항","True","REFERS_TO","True"
"56cbc7a2af537f56cdca7a1b50c016b89223cfa9","56cbc7a2af537f56cdca7a1b50c016b89223cfa9",,"제22조",,"True","REFERS_TO","True"
"d0b50a4f97e86021c2e6f82be6412a6815e5e0c2","d0b50a4f97e86021c2e6f82be6412a6815e5e0c2",,"제23조",,"True","REFERS_TO","True"
"be103f08348440c404a3220e76175acc8be2ee51","be103f08348440c404a3220e76175acc8be2ee51",,"제24조",,"True","REFERS_TO","True"
"be103f08348440c404a3220e76175acc8be2ee51","a0ed0194af5ef075d293c9e03f56d3db11b2ee90",,"제35조","제1항","True","REFERS_TO","True"
"5ed8ed3d0ded3a4c05057875fd27ec41b360f941","5ed8ed3d0ded3a4c05057875fd27ec41b360f941",,"제25조",,"True","REFERS_TO","True"
"1911c8e5de17c506d90a34b569c0543feaa899dd","1911c8e5de17c506d90a34b569c0543feaa899dd",,"제26조",,"True","REFERS_TO","True"
"a8b0fa5f73299bdfd7e2dcb9b2a1865807531c2d","a8b0fa5f73299bdfd7e2dcb9b2a1865807531c2d",,"제27조",,"True","REFERS_TO","True"
"0b77517c0681380ce3d484f33149d33ede56916c","0b77517c0681380ce3d484f33149d33ede56916c",,"제28조",,"True","REFERS_TO","True"
"e3afb680446426c95833198e995e3b9560a1a420","e3afb680446426c95833198e995e3b9560a1a420",,"제29조",,"True","REFERS_TO","True"
"90300a2878ca69fede564bae4681e3b8ab1a30fa","90300a2878ca69fede564bae4681e3b8ab1a30fa",,"제30조",,"True","REFERS_TO","True"
"37bdaeee24c1e981f30db0a78cc480cd939289ee","37bdaeee24c1e981f30db0a78cc480cd939289ee",,"제31조",,"True","REFERS_TO","True"
"787b16c4ee215cf42e73cbb62a3799da65739fa8","787b16c4ee215cf42e73cbb62a3799da65739fa8",,"제32조",,"True","REFERS_TO","True"
"548ba3cc1d95ca76ea8cc4512508fdbccbd3620f","548ba3cc1d95ca76ea8cc4512508fdbccbd3620f",,"제33조",,"True","REFERS_TO","True"
"7fd7519b238315a4f935c5d1cea2f963a93beba0","7fd7519b238315a4f935c5d1cea2f963a93beba0",,"제34조",,"True","REFERS_TO","True"
"a0ed0194af5ef075d293c9e03f56d3db11b2ee90","a0ed0194af5ef075d293c9e03f56d3db11b2ee90",,"제35조",,"True","REFERS_TO","True"
"538c944f3b4a88628620ddeca4fb48f367d3dee8","538c944f3b4a88628620ddeca4fb48f367d3dee8",,"제36조",,"True","REFERS_TO","True"
"00c67606f836e177a7ed3c8247b0e4f0f1df2430","00c67606f836e177a7ed3c8247b0e4f0f1df2430",,"제37조",,"True","REFERS_TO","True"
"b0fab54d8829f7b9e2189711907910d1a5598c49","b0fab54d8829f7b9e2189711907910d1a5598c49",,"제38조",,"True","REFERS_TO","True"
"230dd83ce3adb21fcc8a9117555cc655a52382be","230dd83ce3adb21fcc8a9117555cc655a52382be",,"제39조",,"True","REFERS_TO","True"
"654f7659850485a21b6f728c70fa04509d29713c","654f7659850485a21b6f728c70fa04509d29713c",,"제40조",,"True","REFERS_TO","True"
"41a700d571ca973cb256d34513f757dfb674230c","41a700d571ca973cb256d34513f757dfb674230c",,"제41조",,"True","REFERS_TO","True"
"41a700d571ca973cb256d34513f757dfb674230c","41a700d571ca973cb256d34513f757dfb674230c",,"제41조","제1항","True","REFERS_TO","True"
"5df5622d321b967da50a30f17d17d32c5dda5437","5df5622d321b967da50a30f17d17d32c5dda5437",,"제42조",,"True","REFERS_TO","True"
"1a6e65c3a3c9513923c17e9841b0d94754940f80","1a6e65c3a3c9513923c17e9841b0d94754940f80",,"제43조",,"True","REFERS_TO","True"
"1a6e65c3a3c9513923c17e9841b0d94754940f80","5df5622d321b967da50a30f17d17d32c5dda5437",,"제42조","제2항","True","REFERS_TO","True"
"04679e407db7a9c7ece721d37fce005e70c87671","04679e407db7a9c7ece721d37fce005e70c87671",,"제44조",,"True","REFERS_TO","True"
"0b3d53a603948a0ce85283923f74629108b3eb87","0b3d53a603948a0ce85283923f74629108b3eb87",,"제45조",,"True","REFERS_TO","True"
"ae98da641895068b722ebadf2a6bfed5ad5cb114","ae98da641895068b722ebadf2a6bfed5ad5cb114",,"제46조",,"True","REFERS_TO","True"
"348e7a6153a43ded45ad86e7cfd831496b96541c","348e7a6153a43ded45ad86e7cfd831496b96541c",,"제47조",,"True","REFERS_TO","True"
"88c223295517a7ee3e12a21d6d00c1ffb51d660b","88c223295517a7ee3e12a21d6d00c1ffb51d660b",,"제48조",,"True","REFERS_TO","True"
"0033f57ddc656d3db6710112b9290e55209eb06c","0033f57ddc656d3db6710112b9290e55209eb06c",,"제49조",,"True","REFERS_TO","True"
"9c6222e62823c34a6ef527d6c0e5e07936a6631e","9c6222e62823c34a6ef527d6c0e5e07936a6631e",,"제50조",,"True","REFERS_TO","True"
"016bbfad31d21e1fb6b48ebf073eb30110b70032","016bbfad31d21e1fb6b48ebf073eb30110b70032",,"제51조",,"True","REFERS_TO","True"
"016bbfad31d21e1fb6b48ebf073eb30110b70032","0b3d53a603948a0ce85283923f74629108b3eb87",,"제45조","제1항","True","REFERS_TO","True"
"62869458abd2009aa9a5bb8d5d30f2b7f47113fe","62869458abd2009aa9a5bb8d5d30f2b7f47113fe",,"제52조",,"True","REFERS_TO","True"
"853613ac947e131f53d6cccff7e74c3bd7aae27b","853613ac947e131f53d6cccff7e74c3bd7aae27b",,"제53조",,"True","REFERS_TO","True"
"52c177a67d422138be495438405af087c3e7512e","52c177a67d422138be495438405af087c3e7512e",,"제54조",,"True","REFERS_TO","True"
"d58c569d01393aacaed19ac51497506f5918aac3","d58c569d01393aacaed19ac51497506f5918aac3",,"제55조",,"True","REFERS_TO","True"
"d58c569d01393aacaed19ac51497506f5918aac3","348e7a6153a43ded45ad86e7cfd831496b96541c",,"제47조","제1항","True","REFERS_TO","True"
"c17d462cd4afab2202f7f47b3ade82e898e21094","c17d462cd4afab2202f7f47b3ade82e898e21094",,"제56조",,"True","REFERS_TO","True"
"c17d462cd4afab2202f7f47b3ade82e898e21094","348e7a6153a43ded45ad86e7cfd831496b96541c",,"제47조","제2항","True","REFERS_TO","True"
"04dc48a0fe8299ec1739c16c0a5b3364f96c39df","04dc48a0fe8299ec1739c16c0a5b3364f96c39df",,"제57조",,"True","REFERS_TO","True"
"04dc48a0fe8299ec1739c16c0a5b3364f96c39df","348e7a6153a43ded45ad86e7cfd831496b96541c",,"제47조","제2항","True","REFERS_TO","True"
"0a7787a282f182da38bbc2e96f76a67317b1792e","0a7787a282f182da38bbc2e96f76a67317b1792e",,"제58조",,"True","REFERS_TO","True"
"e2a2111102be2383446cd15ccd82a1a097f9d033","e2a2111102be2383446cd15ccd82a1a097f9d033",,"제59조",,"True","REFERS_TO","True"
"4e5e3e559cbc52b96a8179a6ff16996ddb249918","4e5e3e559cbc52b96a8179a6ff16996ddb249918",,"제60조",,"True","REFERS_TO","True"
"4e5e3e559cbc52b96a8179a6ff16996ddb249918","0033f57ddc656d3db6710112b9290e55209eb06c",,"제49조","제1항","True","REFERS_TO","True"
"d466ffc41b71d9d96a8a3b9db13a10f99a6576c5","d466ffc41b71d9d96a8a3b9db13a10f99a6576c5",,"제61조",,"True","REFERS_TO","True"
"cc26970c3ccf6759f3d1271a321b6665e92316bb","cc26970c3ccf6759f3d1271a321b6665e92316bb",,"제62조",,"True","REFERS_TO","True"
"80d688104bef4e856a01805a6e38997e79131324","80d688104bef4e856a01805a6e38997e79131324",,"제63조",,"True","REFERS_TO","True"
"80d688104bef4e856a01805a6e38997e79131324","853613ac947e131f53d6cccff7e74c3bd7aae27b",,"제53조","제1항","True","REFERS_TO","True"
"4d153878e32e00858694184f59632ea2c1c1984e","4d153878e32e00858694184f59632ea2c1c1984e",,"제64조",,"True","REFERS_TO","True"
"163eecaa53a671327927d603f69378878eb32988","163eecaa53a671327927d603f69378878eb32988",,"제65조",,"True","REFERS_TO","True"
"22765f58f0261cbbc67eaff919a0d7731b285a42","22765f58f0261cbbc67eaff919a0d7731b285a42",,"제66조",,"True","REFERS_TO","True"
"22765f58f0261cbbc67eaff919a0d7731b285a42","853613ac947e131f53d6cccff7e74c3bd7aae27b",,"제53조","제1항","True","REFERS_TO","True"
"22765f58f0261cbbc67eaff919a0d7731b285a42","853613ac947e131f53d6cccff7e74c3bd7aae27b",,"제53조","제2항","True","REFERS_TO","True"
"3c5bab2a63c34692d4d6a18301acc0d8751d72f1","3c5bab2a63c34692d4d6a18301acc0d8751d72f1",,"제67조",,"True","REFERS_TO","True"
"3c5bab2a63c34692d4d6a18301acc0d8751d72f1","52c177a67d422138be495438405af087c3e7512e",,"제54조","제2항","True","REFERS_TO","True"
"214dbfa4852ccdf03d11e19b1918b1b9430bafc9","214dbfa4852ccdf03d11e19b1918b1b9430bafc9",,"제68조",,"True","REFERS_TO","True"
"214dbfa4852ccdf03d11e19b1918b1b9430bafc9","d58c569d01393aacaed19ac51497506f5918aac3",,"제55조","제1항","True","REFERS_TO","True"
"411686e62e8118c82485f9492eb445d5e7793500","411686e62e8118c82485f9492eb445d5e7793500",,"제69조",,"True","REFERS_TO","True"
"16bf573a08d6c78fd182d6bf39ff21d02815323c","16bf573a08d6c78fd182d6bf39ff21d02815323c",,"제70조",,"True","REFERS_TO","True"
"693d4aa3e5a04e59ab1e16e2ab4c5d5c3525e884","693d4aa3e5a04e59ab1e16e2ab4c5d5c3525e884",,"제71조",,"True","REFERS_TO","True"
"693d4aa3e5a04e59ab1e16e2ab4c5d5c3525e884","c17d462cd4afab2202f7f47b3ade82e898e21094",,"제56조","제1항","True","REFERS_TO","True"
"a3280fab18c1d28507d9df0459e4f0b1e747b469","a3280fab18c1d28507d9df0459e4f0b1e747b469",,"제72조",,"True","REFERS_TO","True"
"a3280fab18c1d28507d9df0459e4f0b1e747b469","04dc48a0fe8299ec1739c16c0a5b3364f96c39df",,"제57조","제2항","True","REFERS_TO","True"
"a3280fab18c1d28507d9df0459e4f0b1e747b469","2e6a1055dd814e8b42b51d683903faccef52e1cf",,"제73조","제1항","True","REFERS_TO","True"
"a3280fab18c1d28507d9df0459e4f0b1e747b469","2e6a1055dd814e8b42b51d683903faccef52e1cf",,"제73조","제5항","True","REFERS_TO","True"
"2e6a1055dd814e8b42b51d683903faccef52e1cf","2e6a1055dd814e8b42b51d683903faccef52e1cf",,"제73조",,"True","REFERS_TO","True"
"c16f78ece7f86026e53da85a741d6b7b06cbadda","c16f78ece7f86026e53da85a741d6b7b06cbadda",,"제74조",,"True","REFERS_TO","True"
"1eaec7987cfab812ab91c388fd6951f85eccc536","1eaec7987cfab812ab91c388fd6951f85eccc536",,"제75조",,"True","REFERS_TO","True"
"176d0850110004815e8b9bdfa31405e2ee9409be","176d0850110004815e8b9bdfa31405e2ee9409be",,"제76조",,"True","REFERS_TO","True"
"176d0850110004815e8b9bdfa31405e2ee9409be","0a7787a282f182da38bbc2e96f76a67317b1792e",,"제58조","제6항","True","REFERS_TO","True"
"22659b5cf37afb22171cd90608fd0a5eb0b33239","22659b5cf37afb22171cd90608fd0a5eb0b33239",,"제77조",,"True","REFERS_TO","True"
"22659b5cf37afb22171cd90608fd0a5eb0b33239","0a7787a282f182da38bbc2e96f76a67317b1792e",,"제58조","제2항","True","REFERS_TO","True"
"82007024ebe0cc3f6ac97d7551fee306d7b02593","82007024ebe0cc3f6ac97d7551fee306d7b02593",,"제78조",,"True","REFERS_TO","True"
"0e71dadc79920d207c40e5136af7bb94e0501952","0e71dadc79920d207c40e5136af7bb94e0501952",,"제79조",,"True","REFERS_TO","True"
"04af8ba79fc1d0bda2e86a8f6b6f5dd3e73999a2","04af8ba79fc1d0bda2e86a8f6b6f5dd3e73999a2",,"제80조",,"True","REFERS_TO","True"
"e0afb5fac872243d3c904735e6018c488de720ba","e0afb5fac872243d3c904735e6018c488de720ba",,"제81조",,"True","REFERS_TO","True"
"c25c111495abad9cfd3825eea21583383203b2ea","c25c111495abad9cfd3825eea21583383203b2ea",,"제82조",,"True","REFERS_TO","True"
"620ccd99af611d1629827475b1575c66e435436a","620ccd99af611d1629827475b1575c66e435436a",,"제83조",,"True","REFERS_TO","True"
"5768b271682528d2694d9c45c13b0480185c5b7a","5768b271682528d2694d9c45c13b0480185c5b7a",,"제84조",,"True","REFERS_TO","True"
"15548f2de29380896473bbee7ea7aea3340ae5a9","15548f2de29380896473bbee7ea7aea3340ae5a9",,"제85조",,"True","REFERS_TO","True"
"15548f2de29380896473bbee7ea7aea3340ae5a9","52c177a67d422138be495438405af087c3e7512e",,"제54조",,"True","REFERS_TO","True"
"121aa44be6ec7c1a30a4a56a66caf38e7688f922","121aa44be6ec7c1a30a4a56a66caf38e7688f922",,"제86조",,"True","REFERS_TO","True"
"06d1a0a1a87637fee083193f61d622b9bfcc75a1","06d1a0a1a87637fee083193f61d622b9bfcc75a1",,"제87조",,"True","REFERS_TO","True"
"96f7c467e040c129ac67e99c8045c9947137b2c0","96f7c467e040c129ac67e99c8045c9947137b2c0",,"제88조",,"True","REFERS_TO","True"
"3ae0c2798b8127a2076e17dc780e497ea441fb4c","242fe8425de91f41a29013ef9048d031a65dbdc7",,"제89조",,"True","REFERS_TO","True"
"242fe8425de91f41a29013ef9048d031a65dbdc7","242fe8425de91f41a29013ef9048d031a65dbdc7",,"제89조의2",,"True","REFERS_TO","True"
"996df2110b71c91f961a8deea4faf1ba33cba024","996df2110b71c91f961a8deea4faf1ba33cba024",,"제90조",,"True","REFERS_TO","True"
"3947be75ebaa61fb00b404ca998ec5712b636d25","3947be75ebaa61fb00b404ca998ec5712b636d25",,"제91조",,"True","REFERS_TO","True"
"4f2f139a9dfe08f9963dba786e1f50818c867bad","4f2f139a9dfe08f9963dba786e1f50818c867bad",,"제92조",,"True","REFERS_TO","True"
"4f2f139a9dfe08f9963dba786e1f50818c867bad","56cbc7a2af537f56cdca7a1b50c016b89223cfa9",,"제22조",,"True","REFERS_TO","True"
"9097a02a2ec8788b8b9a2042398be65eb363a6b9","9097a02a2ec8788b8b9a2042398be65eb363a6b9",,"제93조",,"True","REFERS_TO","True"
"9097a02a2ec8788b8b9a2042398be65eb363a6b9","1eaec7987cfab812ab91c388fd6951f85eccc536",,"제75조","제5항","True","REFERS_TO","True"
"8411f7e91b70ef88dec9fb1a6305f9918b6d1e24","8411f7e91b70ef88dec9fb1a6305f9918b6d1e24",,"제94조",,"True","REFERS_TO","True"
"8411f7e91b70ef88dec9fb1a6305f9918b6d1e24","176d0850110004815e8b9bdfa31405e2ee9409be",,"제76조",,"True","REFERS_TO","True"
"8411f7e91b70ef88dec9fb1a6305f9918b6d1e24","22765f58f0261cbbc67eaff919a0d7731b285a42",,"제66조",,"True","REFERS_TO","True"
"354c600d36f40e75488a04b58f0302f7de4e0d66","354c600d36f40e75488a04b58f0302f7de4e0d66",,"제95조",,"True","REFERS_TO","True"
"b41c89b083f6729eac91780867322dfa8f3b0b4c","b41c89b083f6729eac91780867322dfa8f3b0b4c",,"제96조",,"True","REFERS_TO","True"
"929077d212d8fc5875ed1f65465c6df8ac39073f","929077d212d8fc5875ed1f65465c6df8ac39073f",,"제97조",,"True","REFERS_TO","True"
"929077d212d8fc5875ed1f65465c6df8ac39073f","0e71dadc79920d207c40e5136af7bb94e0501952",,"제79조","제1항","True","REFERS_TO","True"
"89328834d01d4a06532ee73bdbfd0b221a196733","89328834d01d4a06532ee73bdbfd0b221a196733",,"제98조",,"True","REFERS_TO","True"
"44e25ca2adf5ee6578d78a08666d0e073892ee7f","44e25ca2adf5ee6578d78a08666d0e073892ee7f",,"제99조",,"True","REFERS_TO","True"
"41eef8dac881e5f3de5d16d0d92836f033b3a547","41eef8dac881e5f3de5d16d0d92836f033b3a547",,"제100조",,"True","REFERS_TO","True"
"41eef8dac881e5f3de5d16d0d92836f033b3a547","e0afb5fac872243d3c904735e6018c488de720ba",,"제81조",,"True","REFERS_TO","True"
"41eef8dac881e5f3de5d16d0d92836f033b3a547","693d4aa3e5a04e59ab1e16e2ab4c5d5c3525e884",,"제71조",,"True","REFERS_TO","True"
"d3593ec95257f228febdcfc4d3c8417710334cef","d3593ec95257f228febdcfc4d3c8417710334cef",,"제101조",,"True","REFERS_TO","True"
"c249bae1aa6981487acf9c42471d57baacf4b2b0","c249bae1aa6981487acf9c42471d57baacf4b2b0",,"제102조",,"True","REFERS_TO","True"
"c249bae1aa6981487acf9c42471d57baacf4b2b0","d3593ec95257f228febdcfc4d3c8417710334cef",,"제101조",,"True","REFERS_TO","True"
"0aa82db6db372b7bacb7d679122dae317b35778b","0aa82db6db372b7bacb7d679122dae317b35778b",,"제103조",,"True","REFERS_TO","True"
"7b94b01a20e24368bbb17fb264bf8ab5b41a821f","7b94b01a20e24368bbb17fb264bf8ab5b41a821f",,"제104조",,"True","REFERS_TO","True"
"3ca2ef45aa1c0e5e0e3159d3e0edb74a765df5fa","3ca2ef45aa1c0e5e0e3159d3e0edb74a765df5fa",,"제105조",,"True","REFERS_TO","True"
"8563be670af8234820466daa9083af848d647256","8563be670af8234820466daa9083af848d647256",,"제106조",,"True","REFERS_TO","True"
"4c8389cad8ff63d34185b483e9466002def8a651","4c8389cad8ff63d34185b483e9466002def8a651",,"제107조",,"True","REFERS_TO","True"
"4c8389cad8ff63d34185b483e9466002def8a651","5768b271682528d2694d9c45c13b0480185c5b7a",,"제84조","제1항","True","REFERS_TO","True"
"e10de61357f30d80f6e32f4a5a682b972ed11086","e10de61357f30d80f6e32f4a5a682b972ed11086",,"제108조",,"True","REFERS_TO","True"
"aa81b920ed6c6ca7e75a28529f730ce944abf5e1","aa81b920ed6c6ca7e75a28529f730ce944abf5e1",,"제109조",,"True","REFERS_TO","True"
"c923d6f52460a7366b443793fdb317846830f7be","c923d6f52460a7366b443793fdb317846830f7be",,"제110조",,"True","REFERS_TO","True"
"f91572d723d2b7c254bd65a3f247f34f8d109dce","f91572d723d2b7c254bd65a3f247f34f8d109dce",,"제111조",,"True","REFERS_TO","True"
"a551a39ddd5a36e9271250204313f22c74b4d080","a551a39ddd5a36e9271250204313f22c74b4d080",,"제112조",,"True","REFERS_TO","True"
"a551a39ddd5a36e9271250204313f22c74b4d080","5768b271682528d2694d9c45c13b0480185c5b7a",,"제84조","제5항","True","REFERS_TO","True"
"02f8c786dd29a39c3acd74fa6973153ff4201e37","02f8c786dd29a39c3acd74fa6973153ff4201e37",,"제113조",,"True","REFERS_TO","True"
"02f8c786dd29a39c3acd74fa6973153ff4201e37","5768b271682528d2694d9c45c13b0480185c5b7a",,"제84조","제6항","True","REFERS_TO","True"
"5623fb83e3b4f8e159b5f53f920384e46eefe943","5623fb83e3b4f8e159b5f53f920384e46eefe943",,"제114조",,"True","REFERS_TO","True"
"9ce907746a91b966b0fa52966a60a11babf73376","9ce907746a91b966b0fa52966a60a11babf73376",,"제115조",,"True","REFERS_TO","True"
"3a806b0f882554420a789812c58d2b0e3b3b6a47","3a806b0f882554420a789812c58d2b0e3b3b6a47",,"제116조",,"True","REFERS_TO","True"
"e04e5f09307290025fee03b3eef9ef03dbdbade5","e04e5f09307290025fee03b3eef9ef03dbdbade5",,"제117조",,"True","REFERS_TO","True"
"a305f761059427be7b0455268d3933d5fcc276fd","a305f761059427be7b0455268d3933d5fcc276fd",,"제118조",,"True","REFERS_TO","True"
"a3e2a1d696e5cc81165022465a33f37320ccb6d3","a3e2a1d696e5cc81165022465a33f37320ccb6d3",,"제119조",,"True","REFERS_TO","True"
"a3e2a1d696e5cc81165022465a33f37320ccb6d3","242fe8425de91f41a29013ef9048d031a65dbdc7",,"제89조","제1항","True","REFERS_TO","True"
"d93ee5ffb6fba6babe463cac775f74eb41b3d5f8","d93ee5ffb6fba6babe463cac775f74eb41b3d5f8",,"제120조",,"True","REFERS_TO","True"
"90216506b38b4eb64e68c0dcc1a165ec54a05fe0","90216506b38b4eb64e68c0dcc1a165ec54a05fe0",,"제121조",,"True","REFERS_TO","True"
"90216506b38b4eb64e68c0dcc1a165ec54a05fe0","996df2110b71c91f961a8deea4faf1ba33cba024",,"제90조","제1항","True","REFERS_TO","True"
"131f40e3f33771d2a9fa92796f3a2b8952555c7f","131f40e3f33771d2a9fa92796f3a2b8952555c7f",,"제122조",,"True","REFERS_TO","True"
"1965e246f67cf8d096e06e041ef4a484500a50de","1965e246f67cf8d096e06e041ef4a484500a50de",,"제123조",,"True","REFERS_TO","True"
"9d8a5db94cd67182d0a50c309550b3a64418189f","9d8a5db94cd67182d0a50c309550b3a64418189f",,"제124조",,"True","REFERS_TO","True"
"40b27d226b393acd9cbe2ee4ae908bbeecd835ce","40b27d226b393acd9cbe2ee4ae908bbeecd835ce",,"제125조",,"True","REFERS_TO","True"
"40b27d226b393acd9cbe2ee4ae908bbeecd835ce","9097a02a2ec8788b8b9a2042398be65eb363a6b9",,"제93조","제2항","True","REFERS_TO","True"
"00c1943f6248e066ff18ec14a8165835694b3d91","00c1943f6248e066ff18ec14a8165835694b3d91",,"제126조",,"True","REFERS_TO","True"
"744d9f0469e60a44ad61de35025eec20adfcf166","744d9f0469e60a44ad61de35025eec20adfcf166",,"제127조",,"True","REFERS_TO","True"
"744d9f0469e60a44ad61de35025eec20adfcf166","8411f7e91b70ef88dec9fb1a6305f9918b6d1e24",,"제94조",,"True","REFERS_TO","True"
"32be98310914ae767c0b90030ae5ddd52882c172","32be98310914ae767c0b90030ae5ddd52882c172",,"제128조",,"True","REFERS_TO","True"
"25244277eb4885fb5e5be29c6263d584c2c89e25","25244277eb4885fb5e5be29c6263d584c2c89e25",,"제129조",,"True","REFERS_TO","True"
"abb372106259aaa8e993c138dfe91b84da0414cc","abb372106259aaa8e993c138dfe91b84da0414cc",,"제130조",,"True","REFERS_TO","True"
"abb372106259aaa8e993c138dfe91b84da0414cc","89328834d01d4a06532ee73bdbfd0b221a196733",,"제98조","제1항","True","REFERS_TO","True"
"091f7e713e912684acdf9ea2f41a5431dc356c6e","091f7e713e912684acdf9ea2f41a5431dc356c6e",,"제131조",,"True","REFERS_TO","True"
"6eaeb55a2265f9da7f4524f5bc3166c57469a390","6eaeb55a2265f9da7f4524f5bc3166c57469a390",,"제132조",,"True","REFERS_TO","True"
"4055b66d62234ef7fc79194782ec7937e54690fc","4055b66d62234ef7fc79194782ec7937e54690fc",,"제133조",,"True","REFERS_TO","True"
"8ce4c913b844c2b9ea31abe20f59643be57c0d70","8ce4c913b844c2b9ea31abe20f59643be57c0d70",,"제134조",,"True","REFERS_TO","True"
"0aab92cc589f2a7ad229a14da5abd266387e6000","0aab92cc589f2a7ad229a14da5abd266387e6000",,"제135조",,"True","REFERS_TO","True"
"d4337e73f1ebec7be040967e55f853f2c8a38876","d4337e73f1ebec7be040967e55f853f2c8a38876",,"제136조",,"True","REFERS_TO","True"
"d4337e73f1ebec7be040967e55f853f2c8a38876","620ccd99af611d1629827475b1575c66e435436a",,"제83조",,"True","REFERS_TO","True"
"d4337e73f1ebec7be040967e55f853f2c8a38876","c923d6f52460a7366b443793fdb317846830f7be",,"제110조",,"True","REFERS_TO","True"
"d4337e73f1ebec7be040967e55f853f2c8a38876","f91572d723d2b7c254bd65a3f247f34f8d109dce",,"제111조","제1항","True","REFERS_TO","True"
"d4337e73f1ebec7be040967e55f853f2c8a38876","d93ee5ffb6fba6babe463cac775f74eb41b3d5f8",,"제120조",,"True","REFERS_TO","True"
"fe486a5d7ca450776ff4a1009481213d78f8d16a","fe486a5d7ca450776ff4a1009481213d78f8d16a",,"제137조",,"True","REFERS_TO","True"
"fe486a5d7ca450776ff4a1009481213d78f8d16a","c249bae1aa6981487acf9c42471d57baacf4b2b0",,"제102조","제2항","True","REFERS_TO","True"
"c0eff8d6b4e8aafb4ff37d200e80c5974b406482","c0eff8d6b4e8aafb4ff37d200e80c5974b406482",,"제138조",,"True","REFERS_TO","True"
"8d631c58080df88458ed1f7ffba3f924e7214fcf","8d631c58080df88458ed1f7ffba3f924e7214fcf",,"제139조",,"True","REFERS_TO","True"
"a0397abbe715558b51b38ecb5aa9ae3337a95d67","a0397abbe715558b51b38ecb5aa9ae3337a95d67",,"제140조",,"True","REFERS_TO","True"
"d252c8f9b2921039eb602bc8e04877f990467e0a","d252c8f9b2921039eb602bc8e04877f990467e0a",,"제141조",,"True","REFERS_TO","True"
"d252c8f9b2921039eb602bc8e04877f990467e0a","7b94b01a20e24368bbb17fb264bf8ab5b41a821f",,"제104조",,"True","REFERS_TO","True"
"87a6f79ad2bbc06ab5fea50597c2162a2927dd05","87a6f79ad2bbc06ab5fea50597c2162a2927dd05",,"제142조",,"True","REFERS_TO","True"
"be198b8b7450c3f2d665da393e9773ce53cb534c","be198b8b7450c3f2d665da393e9773ce53cb534c",,"제143조",,"True","REFERS_TO","True"
"5d9f3a9ebeb2f67eac0b03d5f759e7ce4226531a","5d9f3a9ebeb2f67eac0b03d5f759e7ce4226531a",,"제144조",,"True","REFERS_TO","True"
"5d9f3a9ebeb2f67eac0b03d5f759e7ce4226531a","8563be670af8234820466daa9083af848d647256",,"제106조",,"True","REFERS_TO","True"
"26eef9d26ee99fb6745facdd9b0c5186752d2b6b","26eef9d26ee99fb6745facdd9b0c5186752d2b6b",,"제145조",,"True","REFERS_TO","True"
"5f9d9131645ae60d4203b94c83fc17106fc0e578","5f9d9131645ae60d4203b94c83fc17106fc0e578",,"제146조",,"True","REFERS_TO","True"
"5f9d9131645ae60d4203b94c83fc17106fc0e578","4c8389cad8ff63d34185b483e9466002def8a651",,"제107조","제1항","True","REFERS_TO","True"
"5f9d9131645ae60d4203b94c83fc17106fc0e578",,"7af691a7842101e51bb22a1be4be760654eee59e","제420조",,"False","REFERS_TO","True"
"a9ddb86eacd8ea7490864b300725604e662598d4","a9ddb86eacd8ea7490864b300725604e662598d4",,"제147조",,"True","REFERS_TO","True"
"16ef48347d2b8fa709dc55a4114691455d14d095","16ef48347d2b8fa709dc55a4114691455d14d095",,"제148조",,"True","REFERS_TO","True"
"eb8ad8f0606045a3081bf7bef1fb512554048fd9","eb8ad8f0606045a3081bf7bef1fb512554048fd9",,"제149조",,"True","REFERS_TO","True"
"fa281e863f3249a240bace5dc7e09236d6631be2","fa281e863f3249a240bace5dc7e09236d6631be2",,"제150조",,"True","REFERS_TO","True"
"99cdbbd1bb4fefc8dd4109ea8f014212e0144fa7","99cdbbd1bb4fefc8dd4109ea8f014212e0144fa7",,"제151조",,"True","REFERS_TO","True"
"857c43948db8c415bdac787a737c5c5c98ccbda8","857c43948db8c415bdac787a737c5c5c98ccbda8",,"제152조",,"True","REFERS_TO","True"
"857c43948db8c415bdac787a737c5c5c98ccbda8","16ef48347d2b8fa709dc55a4114691455d14d095",,"제148조","제2항","True","REFERS_TO","True"
"857c43948db8c415bdac787a737c5c5c98ccbda8","eb8ad8f0606045a3081bf7bef1fb512554048fd9",,"제149조","제3항","True","REFERS_TO","True"
"857c43948db8c415bdac787a737c5c5c98ccbda8","fa281e863f3249a240bace5dc7e09236d6631be2",,"제150조","제2항","True","REFERS_TO","True"
"b133aaf5c3e074766f4dabc6cd6a6570c801eb40","b133aaf5c3e074766f4dabc6cd6a6570c801eb40",,"제153조",,"True","REFERS_TO","True"
"ea28ea38717748f4d5324bbf5184f8c13c1cf4d5","ea28ea38717748f4d5324bbf5184f8c13c1cf4d5",,"제154조",,"True","REFERS_TO","True"
"ea28ea38717748f4d5324bbf5184f8c13c1cf4d5","a9ddb86eacd8ea7490864b300725604e662598d4",,"제147조",,"True","REFERS_TO","True"
"ea28ea38717748f4d5324bbf5184f8c13c1cf4d5","a08930b0e9299de8b54e37f848f719c55c372529",,"제155조",,"True","REFERS_TO","True"
"a08930b0e9299de8b54e37f848f719c55c372529","a08930b0e9299de8b54e37f848f719c55c372529",,"제155조",,"True","REFERS_TO","True"
"35ddd63359a9e13c436c358364e0a62230a2b1d1","35ddd63359a9e13c436c358364e0a62230a2b1d1",,"제156조",,"True","REFERS_TO","True"
"494053c33d2a5b5c92152878bd5afe3544fc1a9a","494053c33d2a5b5c92152878bd5afe3544fc1a9a",,"제157조",,"True","REFERS_TO","True"
"10b0efcfe648a3aa49d104a2a660e3badbb0760e","10b0efcfe648a3aa49d104a2a660e3badbb0760e",,"제158조",,"True","REFERS_TO","True"
"10b0efcfe648a3aa49d104a2a660e3badbb0760e",,"7934d11326e9353081ef6ffabfa0da41098f0081","제35조의2",,"False","REFERS_TO","True"
"fba63e1b4beb83c8200bfe6c7e35c734dc5d1218","fba63e1b4beb83c8200bfe6c7e35c734dc5d1218",,"제159조",,"True","REFERS_TO","True"
"405d49a35f94f345ec30a1f520b9709a76373431","405d49a35f94f345ec30a1f520b9709a76373431",,"제160조",,"True","REFERS_TO","True"
"54b126fbc3445fee4a4f22c135e00def3d580a83","54b126fbc3445fee4a4f22c135e00def3d580a83",,"제161조",,"True","REFERS_TO","True"
"7d6b88e887e28967adeff17d2e9799414a26acb2","7d6b88e887e28967adeff17d2e9799414a26acb2",,"제162조",,"True","REFERS_TO","True"
"c4954d126cae28077d32be77b396569b51c37acf","c4954d126cae28077d32be77b396569b51c37acf",,"제163조",,"True","REFERS_TO","True"
"ea11905f520f89f07eb6c585d83f9c7939ee2d3e","ea11905f520f89f07eb6c585d83f9c7939ee2d3e",,"제164조",,"True","REFERS_TO","True"
"c4241e2f7360c60d36d1363ab3aec14ad844922e","c4241e2f7360c60d36d1363ab3aec14ad844922e",,"제165조",,"True","REFERS_TO","True"
"c4241e2f7360c60d36d1363ab3aec14ad844922e","a551a39ddd5a36e9271250204313f22c74b4d080",,"제112조","제10항","True","REFERS_TO","True"
"f550cc0808ee547ba4bd4941b1eb4cd55cf66c93","f550cc0808ee547ba4bd4941b1eb4cd55cf66c93",,"제166조",,"True","REFERS_TO","True"
"8d49ac4a472f378422a5329ba0fe329f885375e2","8d49ac4a472f378422a5329ba0fe329f885375e2",,"제167조",,"True","REFERS_TO","True"
"381c9afd2c15509492d64b63a60eaaf46099ef82","381c9afd2c15509492d64b63a60eaaf46099ef82",,"제168조",,"True","REFERS_TO","True"
"1fc8d9de93a325c612ae4331440f0dd015edec4f","1fc8d9de93a325c612ae4331440f0dd015edec4f",,"제169조",,"True","REFERS_TO","True"
"2da7190d16c3e269751b881d1d3b061f00d94dcc","2da7190d16c3e269751b881d1d3b061f00d94dcc",,"제170조",,"True","REFERS_TO","True"
"5fcf79cc97ea1cdadd01ab38ff59cda8b943bd14","5fcf79cc97ea1cdadd01ab38ff59cda8b943bd14",,"제171조",,"True","REFERS_TO","True"
"5fcf79cc97ea1cdadd01ab38ff59cda8b943bd14","3a806b0f882554420a789812c58d2b0e3b3b6a47",,"제116조",,"True","REFERS_TO","True"
"f5197c0e5e1c399b72a5aaff52de1375602e159d","f5197c0e5e1c399b72a5aaff52de1375602e159d",,"제172조",,"True","REFERS_TO","True"
"0ef60f1cc3080181b1bec48ad06d4853f6a4dd36","0ef60f1cc3080181b1bec48ad06d4853f6a4dd36",,"제173조",,"True","REFERS_TO","True"
"c84bdd97f1e185d65e0bdecc61c8c34771e33e48","c84bdd97f1e185d65e0bdecc61c8c34771e33e48",,"제174조",,"True","REFERS_TO","True"
"c84bdd97f1e185d65e0bdecc61c8c34771e33e48","a305f761059427be7b0455268d3933d5fcc276fd",,"제118조","제5항","True","REFERS_TO","True"
"f47eb07f1a2b72abe43a36f90743807230bba00f","f47eb07f1a2b72abe43a36f90743807230bba00f",,"제175조",,"True","REFERS_TO","True"
"d6e18c3f7acafbecb8541b421095b76e5d3347eb","d6e18c3f7acafbecb8541b421095b76e5d3347eb",,"제176조",,"True","REFERS_TO","True"
"81c57fd2e66c3b285977ba250ef66a3ff885cef3","81c57fd2e66c3b285977ba250ef66a3ff885cef3",,"제177조",,"True","REFERS_TO","True"
"251d058a74a4c58f750c3cab52e0b815b7aaa0c4","251d058a74a4c58f750c3cab52e0b815b7aaa0c4",,"제178조",,"True","REFERS_TO","True"
"49b195d98283dffe4f6c7d1c02834613237bdf40","49b195d98283dffe4f6c7d1c02834613237bdf40",,"제179조",,"True","REFERS_TO","True"
"716d049a92ba02e1110fffafcfda21043e98635a","716d049a92ba02e1110fffafcfda21043e98635a",,"제180조",,"True","REFERS_TO","True"
"c7810b33acf2197fcacff7b3a72e3cde43ee558d","c7810b33acf2197fcacff7b3a72e3cde43ee558d",,"제181조",,"True","REFERS_TO","True"
"0f786cbad98f46d7afd34c6e113be2a29107b891","0f786cbad98f46d7afd34c6e113be2a29107b891",,"제182조",,"True","REFERS_TO","True"
"0f786cbad98f46d7afd34c6e113be2a29107b891","9d8a5db94cd67182d0a50c309550b3a64418189f",,"제124조","제1항","True","REFERS_TO","True"
"936ae453a92b7d8d3348a895e05f789fd8cdc389","936ae453a92b7d8d3348a895e05f789fd8cdc389",,"제183조",,"True","REFERS_TO","True"
"936ae453a92b7d8d3348a895e05f789fd8cdc389","9d8a5db94cd67182d0a50c309550b3a64418189f",,"제124조","제1항","True","REFERS_TO","True"
"d8d10c4d900e0e26c166acdcfc02a4f5a756a337","d8d10c4d900e0e26c166acdcfc02a4f5a756a337",,"제184조",,"True","REFERS_TO","True"
"d8d10c4d900e0e26c166acdcfc02a4f5a756a337","9d8a5db94cd67182d0a50c309550b3a64418189f",,"제124조","제2항","True","REFERS_TO","True"
"e7b8b41dd0a8053b7fcf856dbac3d2e64393dd3e","e7b8b41dd0a8053b7fcf856dbac3d2e64393dd3e",,"제185조",,"True","REFERS_TO","True"
"42fc53a32dad3ffd325c7e9bfc2fdd71b13beb50","42fc53a32dad3ffd325c7e9bfc2fdd71b13beb50",,"제186조",,"True","REFERS_TO","True"
"6735cf522d3a823a6740c6ef603fe74dd4ba2e0f","6735cf522d3a823a6740c6ef603fe74dd4ba2e0f",,"제187조",,"True","REFERS_TO","True"
"6735cf522d3a823a6740c6ef603fe74dd4ba2e0f","40b27d226b393acd9cbe2ee4ae908bbeecd835ce",,"제125조","제1항","True","REFERS_TO","True"
"77bd73892ce5f99bd2489600b0d59f5ed914a9a9","77bd73892ce5f99bd2489600b0d59f5ed914a9a9",,"제188조",,"True","REFERS_TO","True"
"fde584be669d8d272086894fdbf46c7033d33658","fde584be669d8d272086894fdbf46c7033d33658",,"제189조",,"True","REFERS_TO","True"
"b8022d4ef1bbe6d5389f0af5b2e3455bf36f40c8","b8022d4ef1bbe6d5389f0af5b2e3455bf36f40c8",,"제190조",,"True","REFERS_TO","True"
"fd854f560e18e3cb6554b54be874c837a0f78ab1","fd854f560e18e3cb6554b54be874c837a0f78ab1",,"제191조",,"True","REFERS_TO","True"
"970a604b76de83f871b76fc4c7a6efba02d44ee0","970a604b76de83f871b76fc4c7a6efba02d44ee0",,"제192조",,"True","REFERS_TO","True"
"46b5c833713a59b23a18672f64eaa98d3d163908","46b5c833713a59b23a18672f64eaa98d3d163908",,"제193조",,"True","REFERS_TO","True"
"3ac5e0399933486f468f1fafb3957a6f227f519d","08dc39dcbdc26796567b71d3964e54a769089f30",,"제194조",,"True","REFERS_TO","True"
"08dc39dcbdc26796567b71d3964e54a769089f30","08dc39dcbdc26796567b71d3964e54a769089f30",,"제194조의2",,"True","REFERS_TO","True"
"08dc39dcbdc26796567b71d3964e54a769089f30",,"5fe5961f20a73741b0a168dab35ef4264f8f0895","제128조의2","제2항","False","REFERS_TO","True"
"46b906a61b2f36d66fedd5bfd74c166ada8540c2","46b906a61b2f36d66fedd5bfd74c166ada8540c2",,"제195조",,"True","REFERS_TO","True"
"84d31ec0a91ea925e5036fb6a2af887b82feb26e","84d31ec0a91ea925e5036fb6a2af887b82feb26e",,"제196조",,"True","REFERS_TO","True"
"84d31ec0a91ea925e5036fb6a2af887b82feb26e","25244277eb4885fb5e5be29c6263d584c2c89e25",,"제129조","제1항","True","REFERS_TO","True"
"a70c008db3987b0cf5d38f8282075a391947a81a","a70c008db3987b0cf5d38f8282075a391947a81a",,"제197조",,"True","REFERS_TO","True"
"436cc2a300bdb73be8d32c09cd272ebbb48540be","436cc2a300bdb73be8d32c09cd272ebbb48540be",,"제198조",,"True","REFERS_TO","True"
"c4fafc26b225890c1777c068757aa5b66ca8d19f","c4fafc26b225890c1777c068757aa5b66ca8d19f",,"제199조",,"True","REFERS_TO","True"
"f09eb837d2e12a6db5cd0ce37871f73fae143eb0","f09eb837d2e12a6db5cd0ce37871f73fae143eb0",,"제200조",,"True","REFERS_TO","True"
"f09eb837d2e12a6db5cd0ce37871f73fae143eb0","abb372106259aaa8e993c138dfe91b84da0414cc",,"제130조","제1항","True","REFERS_TO","True"
"6002280c0a78fb979ad64546d03a8927ef6b0e85","6002280c0a78fb979ad64546d03a8927ef6b0e85",,"제201조",,"True","REFERS_TO","True"
"6002280c0a78fb979ad64546d03a8927ef6b0e85","abb372106259aaa8e993c138dfe91b84da0414cc",,"제130조","제1항","True","REFERS_TO","True"
"1be0e274daea301a3578d3dc790b61b7d8ff4ccd","1be0e274daea301a3578d3dc790b61b7d8ff4ccd",,"제202조",,"True","REFERS_TO","True"
"66e5a702c4fdb6816e14b4e5a4f0499ad6681660","66e5a702c4fdb6816e14b4e5a4f0499ad6681660",,"제203조",,"True","REFERS_TO","True"
"66e5a702c4fdb6816e14b4e5a4f0499ad6681660","abb372106259aaa8e993c138dfe91b84da0414cc",,"제130조","제2항","True","REFERS_TO","True"
"3166953f47679cfcd5bfbf873b21f49bcbfad1ec","3166953f47679cfcd5bfbf873b21f49bcbfad1ec",,"제204조",,"True","REFERS_TO","True"
"aff45e477980121290b68bcc7d10b3e57a2c5dfe","aff45e477980121290b68bcc7d10b3e57a2c5dfe",,"제205조",,"True","REFERS_TO","True"
"e3bd386e1e564f842b206078dddbf85d64a3f220","e3bd386e1e564f842b206078dddbf85d64a3f220",,"제206조",,"True","REFERS_TO","True"
"1bee2abf3cf0719a1687fbcd78725f4c309ad53f","1bee2abf3cf0719a1687fbcd78725f4c309ad53f",,"제207조",,"True","REFERS_TO","True"
"f2395c81b65fe99a0baf1dfa9fb3ef1230cb926b","f2395c81b65fe99a0baf1dfa9fb3ef1230cb926b",,"제208조",,"True","REFERS_TO","True"
"0d6eefbd9d35795e3f7e601d9b79fae2416ebe88","0d6eefbd9d35795e3f7e601d9b79fae2416ebe88",,"제209조",,"True","REFERS_TO","True"
"eb0fb6df7df2b5f6a1aa142cdedd0a377f8f18cf","eb0fb6df7df2b5f6a1aa142cdedd0a377f8f18cf",,"제210조",,"True","REFERS_TO","True"
"847a5047db26c29f4d093c96068d80547606a894","847a5047db26c29f4d093c96068d80547606a894",,"제211조",,"True","REFERS_TO","True"
"fc75448335aa81c41a45a84748e1ea378a246a6e","fc75448335aa81c41a45a84748e1ea378a246a6e",,"제212조",,"True","REFERS_TO","True"
"1f77ddfc5d80644278620483201292dfdfc78149","1f77ddfc5d80644278620483201292dfdfc78149",,"제213조",,"True","REFERS_TO","True"
"1f77ddfc5d80644278620483201292dfdfc78149","d4337e73f1ebec7be040967e55f853f2c8a38876",,"제136조","제1항","True","REFERS_TO","True"
"438d26dd95f41e833095c0546c9bea825f5d714e","438d26dd95f41e833095c0546c9bea825f5d714e",,"제214조",,"True","REFERS_TO","True"
"438d26dd95f41e833095c0546c9bea825f5d714e","fe486a5d7ca450776ff4a1009481213d78f8d16a",,"제137조","제1항","True","REFERS_TO","True"
"8912ebb711b5ccf79fc6c3f456902c0208f5d32e","8912ebb711b5ccf79fc6c3f456902c0208f5d32e",,"제215조",,"True","REFERS_TO","True"
"5a94791d3d64e5ec4bf28f31642c4f51bbd3a2b8","5a94791d3d64e5ec4bf28f31642c4f51bbd3a2b8",,"제216조",,"True","REFERS_TO","True"
"5a94791d3d64e5ec4bf28f31642c4f51bbd3a2b8","fe486a5d7ca450776ff4a1009481213d78f8d16a",,"제137조","제5항","True","REFERS_TO","True"
"bb2ce44cad68b78be72a2c72fe994792d8165a69","bb2ce44cad68b78be72a2c72fe994792d8165a69",,"제217조",,"True","REFERS_TO","True"
"e319fed3bf61a24f6ea9aa0bc6d55c778fa94614","e319fed3bf61a24f6ea9aa0bc6d55c778fa94614",,"제218조",,"True","REFERS_TO","True"
"dbaad013da65719c285ca1153502cdc2da5c96ea","dbaad013da65719c285ca1153502cdc2da5c96ea",,"제219조",,"True","REFERS_TO","True"
"521b673de38341bfdae2bd666a72230712ba5904","521b673de38341bfdae2bd666a72230712ba5904",,"제220조",,"True","REFERS_TO","True"
"bb1c0ba44970080026af545a31560a77a9d9a976","bb1c0ba44970080026af545a31560a77a9d9a976",,"제221조",,"True","REFERS_TO","True"
"3b9ece07745c00c74cb38f24e539427c879224df","3b9ece07745c00c74cb38f24e539427c879224df",,"제222조",,"True","REFERS_TO","True"
"24a1fce52fc0c481a040691602982fc3c667169b","24a1fce52fc0c481a040691602982fc3c667169b",,"제223조",,"True","REFERS_TO","True"
"6599d32c1adaa231ee9b275c7dd2491509e6bef3","6599d32c1adaa231ee9b275c7dd2491509e6bef3",,"제224조",,"True","REFERS_TO","True"
"577286d0a61479375c511736e55d22399ed35b6c","577286d0a61479375c511736e55d22399ed35b6c",,"제225조",,"True","REFERS_TO","True"
"cd6902961e37eb8802b6adc486382691a1bf429d","cd6902961e37eb8802b6adc486382691a1bf429d",,"제226조",,"True","REFERS_TO","True"
"71583141a10c1ae8721e1aed7f5236691289b23f","71583141a10c1ae8721e1aed7f5236691289b23f",,"제227조",,"True","REFERS_TO","True"
"71583141a10c1ae8721e1aed7f5236691289b23f","7b94b01a20e24368bbb17fb264bf8ab5b41a821f",,"제104조","제1항","True","REFERS_TO","True"
"71583141a10c1ae8721e1aed7f5236691289b23f","cd6902961e37eb8802b6adc486382691a1bf429d",,"제226조","제1항","True","REFERS_TO","True"
"8a764da8bdd880981e573ea8c4938bfadb482c34","83284f096934c28886a5ca9cad86cb4754b951b3",,"제228조",,"True","REFERS_TO","True"
"8a764da8bdd880981e573ea8c4938bfadb482c34","3ca2ef45aa1c0e5e0e3159d3e0edb74a765df5fa",,"제105조",,"True","REFERS_TO","True"
"83284f096934c28886a5ca9cad86cb4754b951b3","83284f096934c28886a5ca9cad86cb4754b951b3",,"제228조의2",,"True","REFERS_TO","True"
"02223359bcf3585d13c1982555be8c492a0e3b0d","02223359bcf3585d13c1982555be8c492a0e3b0d",,"제229조",,"True","REFERS_TO","True"
"a9395f8d398d204082ab49a57d551625804786fe","a9395f8d398d204082ab49a57d551625804786fe",,"제230조",,"True","REFERS_TO","True"
"7c5d838b746ae28e1d770e8c9636e1a9e3e9d344","7c5d838b746ae28e1d770e8c9636e1a9e3e9d344",,"제231조",,"True","REFERS_TO","True"
"dd6cad72ce7b4ac965fcaf9f458e278001b95c89","dd6cad72ce7b4ac965fcaf9f458e278001b95c89",,"제232조",,"True","REFERS_TO","True"
"24bf02bdab5da7234aeb44d71e362a1fc7a7a06f","24bf02bdab5da7234aeb44d71e362a1fc7a7a06f",,"제233조",,"True","REFERS_TO","True"
"24bf02bdab5da7234aeb44d71e362a1fc7a7a06f","a9ddb86eacd8ea7490864b300725604e662598d4",,"제147조",,"True","REFERS_TO","True"
"0ac29d55e1383e6f62734545c6ece3bac4bafd07","0ac29d55e1383e6f62734545c6ece3bac4bafd07",,"제234조",,"True","REFERS_TO","True"
"64ee651022c14082b9e2ad5c93c83ac023be8848","64ee651022c14082b9e2ad5c93c83ac023be8848",,"제235조",,"True","REFERS_TO","True"
"64ee651022c14082b9e2ad5c93c83ac023be8848","a08930b0e9299de8b54e37f848f719c55c372529",,"제155조","제1항","True","REFERS_TO","True"
"186e6150388e91926f543d7383cfe44f3881feb0","186e6150388e91926f543d7383cfe44f3881feb0",,"제236조",,"True","REFERS_TO","True"
"99d4fdf7694bb21c8d9cfc0f245f5f3fbaabbb0c","99d4fdf7694bb21c8d9cfc0f245f5f3fbaabbb0c",,"제237조",,"True","REFERS_TO","True"
"894db0942ef7bc56dad927a5358bda57cd5f17ee","894db0942ef7bc56dad927a5358bda57cd5f17ee",,"제238조",,"True","REFERS_TO","True"
"45bb444500005ff640be4832ddeafb52ce619d1b","45bb444500005ff640be4832ddeafb52ce619d1b",,"제239조",,"True","REFERS_TO","True"
"8d36e2b3acc088314ee4c941f2185cee03e033ac","8d36e2b3acc088314ee4c941f2185cee03e033ac",,"제240조",,"True","REFERS_TO","True"
"2b241f2e1451bd2171ce1e8035b6f03752899df1","2b241f2e1451bd2171ce1e8035b6f03752899df1",,"제241조",,"True","REFERS_TO","True"
"1161f5df7ea832a1058ff2a2046495648d2ebf92","1161f5df7ea832a1058ff2a2046495648d2ebf92",,"제242조",,"True","REFERS_TO","True"
"1e2fbb8765db1a0d4b97f205ca0e3d313a33b3a4","1e2fbb8765db1a0d4b97f205ca0e3d313a33b3a4",,"제243조",,"True","REFERS_TO","True"
"fd8727ca0aafdacad11185bd7874cf2e985dbb5a","fd8727ca0aafdacad11185bd7874cf2e985dbb5a",,"제1조",,"True","REFERS_TO","True"
"681b92fa2f98e5ae75f0a032cdb18e4b6546314b","681b92fa2f98e5ae75f0a032cdb18e4b6546314b",,"제2조",,"True","REFERS_TO","True"
"c58d1962bd55c08d75a51f4213ef59b7aaef56e1","c58d1962bd55c08d75a51f4213ef59b7aaef56e1",,"제3조",,"True","REFERS_TO","True"
"1cb70f9965f6bb660b89ee67fc9cafff124b8f82","012377d151367208aacc31ac6244dc477afc9371",,"제4조",,"True","REFERS_TO","True"
"f8bd6a413e6db4964534602a3a23cfede0b9e104","f8bd6a413e6db4964534602a3a23cfede0b9e104",,"제4조의2",,"True","REFERS_TO","True"
"f8bd6a413e6db4964534602a3a23cfede0b9e104","012377d151367208aacc31ac6244dc477afc9371",,"제4조","제1항","True","REFERS_TO","True"
"012377d151367208aacc31ac6244dc477afc9371","012377d151367208aacc31ac6244dc477afc9371",,"제4조의3",,"True","REFERS_TO","True"
"3d50c30d889cea586e06cf1f47b7471649a69fb1","3d50c30d889cea586e06cf1f47b7471649a69fb1",,"제5조",,"True","REFERS_TO","True"
"042a0135cd05e6f0cba34dfb07cb183cb221d433","042a0135cd05e6f0cba34dfb07cb183cb221d433",,"제6조",,"True","REFERS_TO","True"
"042a0135cd05e6f0cba34dfb07cb183cb221d433","61a611a96d19ad2994819cc54ee813c239be4fcf",,"제101조",,"True","REFERS_TO","True"
"34562a69c8494cea9d324388a0ebc5e4d2aed265","34562a69c8494cea9d324388a0ebc5e4d2aed265",,"제7조",,"True","REFERS_TO","True"
"8e564784cc5001963dd1d24b517b41fc8068e602","8e564784cc5001963dd1d24b517b41fc8068e602",,"제8조",,"True","REFERS_TO","True"
"17d257c421ef2664a23f3065667ada99d70c9fee","17d257c421ef2664a23f3065667ada99d70c9fee",,"제9조",,"True","REFERS_TO","True"
"cc99066a20935cadfc9722a58cd931187c0ed61b","cc99066a20935cadfc9722a58cd931187c0ed61b",,"제10조",,"True","REFERS_TO","True"
"418a1a1721c2bfa7d5cad44a440d779d06695708","418a1a1721c2bfa7d5cad44a440d779d06695708",,"제11조",,"True","REFERS_TO","True"
"321ad3166b30fb08776e9560cb193ff04e0df29b","321ad3166b30fb08776e9560cb193ff04e0df29b",,"제12조",,"True","REFERS_TO","True"
"321ad3166b30fb08776e9560cb193ff04e0df29b","2a1be798f2a415ec986eb898dcf24a4bfe0b97c1",,"제95조","제1항","True","REFERS_TO","True"
"7b1d435e1b41c543d9d299bf7302cd2ee7d8d295","7b1d435e1b41c543d9d299bf7302cd2ee7d8d295",,"제13조",,"True","REFERS_TO","True"
"c228a5fbbd7770f30b2c0295b3a616ced71ad466","c228a5fbbd7770f30b2c0295b3a616ced71ad466",,"제14조",,"True","REFERS_TO","True"
"5f054ff0599644015098f8a6bd338aeffe2994c2","5f054ff0599644015098f8a6bd338aeffe2994c2",,"제15조",,"True","REFERS_TO","True"
"431d849c7b7fa2f88164df5d88c81790ee3ce11e","431d849c7b7fa2f88164df5d88c81790ee3ce11e",,"제16조",,"True","REFERS_TO","True"
"2b5babae49f511a0655d1d8a0ada96e39b49421f","2b5babae49f511a0655d1d8a0ada96e39b49421f",,"제17조",,"True","REFERS_TO","True"
"9fb440f0142715dc09e970451c24f4458db96e9b","9fb440f0142715dc09e970451c24f4458db96e9b",,"제18조",,"True","REFERS_TO","True"
"804b261c1e4ed1b19343a8fa36379ca87bcc5db7","804b261c1e4ed1b19343a8fa36379ca87bcc5db7",,"제19조",,"True","REFERS_TO","True"
"59fbbec80ed7ee67b1094036ec811be76183eff8","59fbbec80ed7ee67b1094036ec811be76183eff8",,"제20조",,"True","REFERS_TO","True"
"59fbbec80ed7ee67b1094036ec811be76183eff8","5f054ff0599644015098f8a6bd338aeffe2994c2",,"제15조","제1항","True","REFERS_TO","True"
"f11891f36a8680621d3ffc9de93f6d481aaddca9","f11891f36a8680621d3ffc9de93f6d481aaddca9",,"제21조",,"True","REFERS_TO","True"
"7f14227252c6dd98c7de052900409c0d6e72b871","7f14227252c6dd98c7de052900409c0d6e72b871",,"제22조",,"True","REFERS_TO","True"
"76f3564f2ccc4dc308ab26bb7519bd5877927dfe","76f3564f2ccc4dc308ab26bb7519bd5877927dfe",,"제23조",,"True","REFERS_TO","True"
"8a0202746f6e1bb69641e4a25c48bab98519093d","8a0202746f6e1bb69641e4a25c48bab98519093d",,"제24조",,"True","REFERS_TO","True"
"8786e5098260a8dc3304fdb4fd87d4a6fd83fa7d","8786e5098260a8dc3304fdb4fd87d4a6fd83fa7d",,"제25조",,"True","REFERS_TO","True"
"111bc26de603903b8ebd017c7ebb93d4dde9f4c5","111bc26de603903b8ebd017c7ebb93d4dde9f4c5",,"제26조",,"True","REFERS_TO","True"
"ca397877bd5b000e6a989e3ed951c05553303304","ca397877bd5b000e6a989e3ed951c05553303304",,"제27조",,"True","REFERS_TO","True"
"7655c9b54e8a90e81a507407d289713e3f64045c","7655c9b54e8a90e81a507407d289713e3f64045c",,"제28조",,"True","REFERS_TO","True"
"1deb2868d9d2ffb608353791dc0afd315b73f6bb","1deb2868d9d2ffb608353791dc0afd315b73f6bb",,"제29조",,"True","REFERS_TO","True"
"d2e49c1ead1fcc726da7fe9fd06f11a01c8e9702","d2e49c1ead1fcc726da7fe9fd06f11a01c8e9702",,"제30조",,"True","REFERS_TO","True"
"962968b05b474b5cff6c0a0dbf29e04f8e0ed7e7","962968b05b474b5cff6c0a0dbf29e04f8e0ed7e7",,"제31조",,"True","REFERS_TO","True"
"c5f7f82b578357ea0f2d51aed8228442ff71b984","c5f7f82b578357ea0f2d51aed8228442ff71b984",,"제32조",,"True","REFERS_TO","True"
"a970451dfb4da73385c8a7107348199317012bc4","a970451dfb4da73385c8a7107348199317012bc4",,"제33조",,"True","REFERS_TO","True"
"55b9af7e80aeee548f9af4bab502cca7d7647b1e","55b9af7e80aeee548f9af4bab502cca7d7647b1e",,"제34조",,"True","REFERS_TO","True"
"e3f0d23f1652fdffbfafa8d2139d66693b95b4e0","e3f0d23f1652fdffbfafa8d2139d66693b95b4e0",,"제35조",,"True","REFERS_TO","True"
"a01dd3331d442d8b8a9633b079f3014aea285b1c","a01dd3331d442d8b8a9633b079f3014aea285b1c",,"제36조",,"True","REFERS_TO","True"
"f6a1cccf3c9369c7f33e851a00dd67bd314947cb","f6a1cccf3c9369c7f33e851a00dd67bd314947cb",,"제37조",,"True","REFERS_TO","True"
"d74de011b7d4f95e5ef272b8d8cbb7da575f31e2","d74de011b7d4f95e5ef272b8d8cbb7da575f31e2",,"제38조",,"True","REFERS_TO","True"
"6a433b746abb26a5515d2f8727adc1311c53d444","6a433b746abb26a5515d2f8727adc1311c53d444",,"제39조",,"True","REFERS_TO","True"
"00e9044fc9bdb3d68966de49172d39c14ceec34a","00e9044fc9bdb3d68966de49172d39c14ceec34a",,"제40조",,"True","REFERS_TO","True"
"00e9044fc9bdb3d68966de49172d39c14ceec34a","d74de011b7d4f95e5ef272b8d8cbb7da575f31e2",,"제38조",,"True","REFERS_TO","True"
"00e9044fc9bdb3d68966de49172d39c14ceec34a","6a433b746abb26a5515d2f8727adc1311c53d444",,"제39조",,"True","REFERS_TO","True"
"43d8d022ce3d386a91574488247af2d5451db52e","43d8d022ce3d386a91574488247af2d5451db52e",,"제41조",,"True","REFERS_TO","True"
"86bdb0fd9d426f71c5d32fb712790b04a0345657","86bdb0fd9d426f71c5d32fb712790b04a0345657",,"제42조",,"True","REFERS_TO","True"
"0fc746c875660b8085159dd8126463e84d063af1","0fc746c875660b8085159dd8126463e84d063af1",,"제43조",,"True","REFERS_TO","True"
"64943ef9a417f255d5f1a7b72d3f142c203cd64a","64943ef9a417f255d5f1a7b72d3f142c203cd64a",,"제44조",,"True","REFERS_TO","True"
"cc00da0630429a233d2603e314646e156bd493d2","cc00da0630429a233d2603e314646e156bd493d2",,"제45조",,"True","REFERS_TO","True"
"a6062a4306f4af0f59beda1574ea51e5feb9b5e8","a6062a4306f4af0f59beda1574ea51e5feb9b5e8",,"제46조",,"True","REFERS_TO","True"
"18c8cc849ab2fd73d4699bbb604d4d18e505a5d3","18c8cc849ab2fd73d4699bbb604d4d18e505a5d3",,"제47조",,"True","REFERS_TO","True"
"0ea5a9d63873f965c2628f65dc9cd38dac192c0b","0ea5a9d63873f965c2628f65dc9cd38dac192c0b",,"제48조",,"True","REFERS_TO","True"
"7174ac2be945841c5554732f157070dac08b9619","7174ac2be945841c5554732f157070dac08b9619",,"제49조",,"True","REFERS_TO","True"
"c0ad999ecb04d823b960fb3a3f0e78f8d8e41be4","c0ad999ecb04d823b960fb3a3f0e78f8d8e41be4",,"제50조",,"True","REFERS_TO","True"
"9ab8db658375a1c77ea2be3e0e4e9c9d4734da4e","9ab8db658375a1c77ea2be3e0e4e9c9d4734da4e",,"제51조",,"True","REFERS_TO","True"
"04c60933250f9d59d13588a9a79d2a54898821fd","04c60933250f9d59d13588a9a79d2a54898821fd",,"제52조",,"True","REFERS_TO","True"
"d4fec31f408de0436ed83dbe96c467396c9643a0","d4fec31f408de0436ed83dbe96c467396c9643a0",,"제53조",,"True","REFERS_TO","True"
"f311c63e2fcaadef13fa7e95c9b170529dbecacd","f311c63e2fcaadef13fa7e95c9b170529dbecacd",,"제54조",,"True","REFERS_TO","True"
"14fac42e688f3580f80ce64ada22b74623b2558b","14fac42e688f3580f80ce64ada22b74623b2558b",,"제55조",,"True","REFERS_TO","True"
"15c942446a3010c1a59466edff638cfa9830b8bb","15c942446a3010c1a59466edff638cfa9830b8bb",,"제56조",,"True","REFERS_TO","True"
"5f76b2d316bbd16efd909d4d15c3c580d857ca46","5f76b2d316bbd16efd909d4d15c3c580d857ca46",,"제57조",,"True","REFERS_TO","True"
"e7aab432fe280eac1db60a3972fe346605b792fa","e7aab432fe280eac1db60a3972fe346605b792fa",,"제58조",,"True","REFERS_TO","True"
"f79926b4cf81a88abbd5d825955b0a61dfa0fefa","f79926b4cf81a88abbd5d825955b0a61dfa0fefa",,"제59조",,"True","REFERS_TO","True"
"328ef851627a601bbfc6dacb4d743971c5d86848","328ef851627a601bbfc6dacb4d743971c5d86848",,"제60조",,"True","REFERS_TO","True"
"328ef851627a601bbfc6dacb4d743971c5d86848","e7aab432fe280eac1db60a3972fe346605b792fa",,"제58조","제2항","True","REFERS_TO","True"
"328ef851627a601bbfc6dacb4d743971c5d86848","f79926b4cf81a88abbd5d825955b0a61dfa0fefa",,"제59조","제2항","True","REFERS_TO","True"
"328ef851627a601bbfc6dacb4d743971c5d86848","f79926b4cf81a88abbd5d825955b0a61dfa0fefa",,"제59조","제1항","True","REFERS_TO","True"
"8a3e23bb2ef8fe7ede19f0c36cd1fddcb3c04d55","8a3e23bb2ef8fe7ede19f0c36cd1fddcb3c04d55",,"제61조",,"True","REFERS_TO","True"
"a320d9061a7a005ef7540954a2024b66c5001053","a320d9061a7a005ef7540954a2024b66c5001053",,"제62조",,"True","REFERS_TO","True"
"fc5429436e027f19de152edd90066d939b547f35","fc5429436e027f19de152edd90066d939b547f35",,"제63조",,"True","REFERS_TO","True"
"a1faae09ef09336ec34d71374ff6b3c97cefb583","a1faae09ef09336ec34d71374ff6b3c97cefb583",,"제64조",,"True","REFERS_TO","True"
"a7ce9416e7d48a33717e8fb12900a30d11da3711","a7ce9416e7d48a33717e8fb12900a30d11da3711",,"제65조",,"True","REFERS_TO","True"
"0e488de95dbe2a43d691bd5401d67d604d5b076f","0e488de95dbe2a43d691bd5401d67d604d5b076f",,"제66조",,"True","REFERS_TO","True"
"8dc6b2d727bdb6f2f60752b8c1963dc085efb1dd","8dc6b2d727bdb6f2f60752b8c1963dc085efb1dd",,"제67조",,"True","REFERS_TO","True"
"43eb7c87ed907a337c412bf9dbe6a86dfc11baf6","43eb7c87ed907a337c412bf9dbe6a86dfc11baf6",,"제68조",,"True","REFERS_TO","True"
"c8b255aa42daa07611ad92dd3bbb4aa5ca4c94db","c8b255aa42daa07611ad92dd3bbb4aa5ca4c94db",,"제69조",,"True","REFERS_TO","True"
"3036262bb88ef718a622e78131b60c5d8943fb4f","3036262bb88ef718a622e78131b60c5d8943fb4f",,"제70조",,"True","REFERS_TO","True"
"6d4cf4f694a9be3c0fbf850d03c28bcd44447943","6d4cf4f694a9be3c0fbf850d03c28bcd44447943",,"제71조",,"True","REFERS_TO","True"
"7e6fd7fdc7e0ab778a6ac87059b5242e3e01cd3d","7e6fd7fdc7e0ab778a6ac87059b5242e3e01cd3d",,"제72조",,"True","REFERS_TO","True"
"70e7d3f37e3bc2c2572ea1ca611caa7b73738937","70e7d3f37e3bc2c2572ea1ca611caa7b73738937",,"제73조",,"True","REFERS_TO","True"
"d6586d78eab6a79640c385359254b13ae252b007","d6586d78eab6a79640c385359254b13ae252b007",,"제74조",,"True","REFERS_TO","True"
"8d70342a3480fa6bed5d463a0d756252d60f671f","8d70342a3480fa6bed5d463a0d756252d60f671f",,"제75조",,"True","REFERS_TO","True"
"acfd91b6f9715dad6613814f4a7ec6efcd85f128","acfd91b6f9715dad6613814f4a7ec6efcd85f128",,"제76조",,"True","REFERS_TO","True"
"25a08e39c4d85a2b14686107f993747524a647a2","25a08e39c4d85a2b14686107f993747524a647a2",,"제77조",,"True","REFERS_TO","True"
"e6beee46e0725c7b10e8da9c09703f8e12f388c9","e6beee46e0725c7b10e8da9c09703f8e12f388c9",,"제78조",,"True","REFERS_TO","True"
"e6beee46e0725c7b10e8da9c09703f8e12f388c9","681b92fa2f98e5ae75f0a032cdb18e4b6546314b",,"제2조",,"True","REFERS_TO","True"
"e6beee46e0725c7b10e8da9c09703f8e12f388c9","c58d1962bd55c08d75a51f4213ef59b7aaef56e1",,"제3조","제1항","True","REFERS_TO","True"
"d6ef4aa58f9c93907cf1ba5efab454a69f49b3b7","d6ef4aa58f9c93907cf1ba5efab454a69f49b3b7",,"제79조",,"True","REFERS_TO","True"
"2922aab1ec29b898825e235689f2a5bf7a8dea7d","2922aab1ec29b898825e235689f2a5bf7a8dea7d",,"제80조",,"True","REFERS_TO","True"
"6bcf92cb85b562da7d5ed45142edb1d0ee5ea0ba","6bcf92cb85b562da7d5ed45142edb1d0ee5ea0ba",,"제81조",,"True","REFERS_TO","True"
"81113036cdac23453b53f1b01ed8ea486623a385","81113036cdac23453b53f1b01ed8ea486623a385",,"제82조",,"True","REFERS_TO","True"
"2f35c3e09a3809ab74b7e8ca9552ea791be0cb61","2f35c3e09a3809ab74b7e8ca9552ea791be0cb61",,"제83조",,"True","REFERS_TO","True"
"4cb7787c32b0955c42440d8953938f7afbdf3add","4cb7787c32b0955c42440d8953938f7afbdf3add",,"제84조",,"True","REFERS_TO","True"
"22db1213eec3dd1326b664fd34384df3c60cdd33","22db1213eec3dd1326b664fd34384df3c60cdd33",,"제85조",,"True","REFERS_TO","True"
"1a9b37560340ca845a213e8db5a9141667270cba","1a9b37560340ca845a213e8db5a9141667270cba",,"제86조",,"True","REFERS_TO","True"
"9fc69366251ad274036f674ba099dedb743a2bd8","9fc69366251ad274036f674ba099dedb743a2bd8",,"제87조",,"True","REFERS_TO","True"
"453f6e9b494d42571e0ab5507a478247bd7213d3","453f6e9b494d42571e0ab5507a478247bd7213d3",,"제88조",,"True","REFERS_TO","True"
"c76bf125ab0fc6f9a15b2f86cf6e3bfd02bac414","c76bf125ab0fc6f9a15b2f86cf6e3bfd02bac414",,"제89조",,"True","REFERS_TO","True"
"fe17920eb6e140df8365219282c8dce9ff9caf80","fe17920eb6e140df8365219282c8dce9ff9caf80",,"제90조",,"True","REFERS_TO","True"
"d853a15427affdcd06dd1280c1b895f953dea339","d853a15427affdcd06dd1280c1b895f953dea339",,"제91조",,"True","REFERS_TO","True"
"794d51a5af3fa9a422cf0748ceda7db4a14d6381","794d51a5af3fa9a422cf0748ceda7db4a14d6381",,"제92조",,"True","REFERS_TO","True"
"9fe100e7a9b2032b85a93a459d115676725da2a7","9fe100e7a9b2032b85a93a459d115676725da2a7",,"제93조",,"True","REFERS_TO","True"
"5a0689f940451c319ea00edafbe148b5329bfc02","5a0689f940451c319ea00edafbe148b5329bfc02",,"제94조",,"True","REFERS_TO","True"
"2a1be798f2a415ec986eb898dcf24a4bfe0b97c1","2a1be798f2a415ec986eb898dcf24a4bfe0b97c1",,"제95조",,"True","REFERS_TO","True"
"5d73299aee8839c99679357c5451ed019cbf3735","5d73299aee8839c99679357c5451ed019cbf3735",,"제96조",,"True","REFERS_TO","True"
"61528e16a546cd721cced24fedef4e0dbfb32437","61528e16a546cd721cced24fedef4e0dbfb32437",,"제97조",,"True","REFERS_TO","True"
"61528e16a546cd721cced24fedef4e0dbfb32437","2a1be798f2a415ec986eb898dcf24a4bfe0b97c1",,"제95조",,"True","REFERS_TO","True"
"16e081420eb12c6c4e3b0d4a99d496961260da7d","16e081420eb12c6c4e3b0d4a99d496961260da7d",,"제98조",,"True","REFERS_TO","True"
"33c60d8069af6274a116f0fa2f2db6ab4be85d71","33c60d8069af6274a116f0fa2f2db6ab4be85d71",,"제99조",,"True","REFERS_TO","True"
"37b6e2b06c5de83c5708fab9bb4ecfc24e388ac3","37b6e2b06c5de83c5708fab9bb4ecfc24e388ac3",,"제100조",,"True","REFERS_TO","True"
"61a611a96d19ad2994819cc54ee813c239be4fcf","61a611a96d19ad2994819cc54ee813c239be4fcf",,"제101조",,"True","REFERS_TO","True"
"ac2e05421251965dcf4e482ba25dd1896b8df413","ac2e05421251965dcf4e482ba25dd1896b8df413",,"제102조",,"True","REFERS_TO","True"
"1dd8b4d7318cac6611e8cf0247d0deb39276b8b5","1dd8b4d7318cac6611e8cf0247d0deb39276b8b5",,"제103조",,"True","REFERS_TO","True"
"c3a6e6d0847fffecf1f5f2bcc34de0ff3b2f5156","c3a6e6d0847fffecf1f5f2bcc34de0ff3b2f5156",,"제104조",,"True","REFERS_TO","True"
"3cb26c1de198c2eb5fbc316442d0dd97b8e7def6","3cb26c1de198c2eb5fbc316442d0dd97b8e7def6",,"제105조",,"True","REFERS_TO","True"
"6bc72415c5c9adc9f2029fcc1d0bb6019722cd4c","6bc72415c5c9adc9f2029fcc1d0bb6019722cd4c",,"제106조",,"True","REFERS_TO","True"
"6bc72415c5c9adc9f2029fcc1d0bb6019722cd4c","3cb26c1de198c2eb5fbc316442d0dd97b8e7def6",,"제105조","제1항","True","REFERS_TO","True"
"6b831eabbdeac1d63bcd2d4e898e8ff19dd3c838","6b831eabbdeac1d63bcd2d4e898e8ff19dd3c838",,"제107조",,"True","REFERS_TO","True"
"2334a3c135e8d036ea22489b2a80670348cb3111","2334a3c135e8d036ea22489b2a80670348cb3111",,"제108조",,"True","REFERS_TO","True"
"72f69ca2a7baae251f1c30c7481eaf28d0a97090","72f69ca2a7baae251f1c30c7481eaf28d0a97090",,"제109조",,"True","REFERS_TO","True"
"8f249b84ae5cfa369311eaf0333ae0b7cc5f95b2","8f249b84ae5cfa369311eaf0333ae0b7cc5f95b2",,"제110조",,"True","REFERS_TO","True"
"4ca07b328622d63c8a52c1fed0a88c326658c894","4ca07b328622d63c8a52c1fed0a88c326658c894",,"제111조",,"True","REFERS_TO","True"
"827c451143117f2b200e5c52f8b4bc2c8a3f7503","06d80dfac9232afd131a9c5b8392d885f3032cd0",,"제112조",,"True","REFERS_TO","True"
"06d80dfac9232afd131a9c5b8392d885f3032cd0","06d80dfac9232afd131a9c5b8392d885f3032cd0",,"제112조의2",,"True","REFERS_TO","True"
"ab95df990035fb2e0d5c1fb0246ad6b41cfc65dd","ab95df990035fb2e0d5c1fb0246ad6b41cfc65dd",,"제113조",,"True","REFERS_TO","True"
"61462c3dda9b8158652079504ffd1b349379f2ac","61462c3dda9b8158652079504ffd1b349379f2ac",,"제114조",,"True","REFERS_TO","True"
"7f753a84dfe370d6ae2c56ec5b022497977f34fd","7f753a84dfe370d6ae2c56ec5b022497977f34fd",,"제115조",,"True","REFERS_TO","True"
"f34a793b9f075268a5f80b296906a546a74dedf0","f34a793b9f075268a5f80b296906a546a74dedf0",,"제116조",,"True","REFERS_TO","True"
"f72b78198c482279419c6a1c6085cb7e7029f2f1","f72b78198c482279419c6a1c6085cb7e7029f2f1",,"제117조",,"True","REFERS_TO","True"
"ba12140aab6fec12aef588fcad30ab688d8f6e1c","ba12140aab6fec12aef588fcad30ab688d8f6e1c",,"제118조",,"True","REFERS_TO","True"
"f383c26ce68660b3ff4ea235226f484ac8eda9e8","f383c26ce68660b3ff4ea235226f484ac8eda9e8",,"제119조",,"True","REFERS_TO","True"
"fed50d6e3b42701567680c0ba1cf66af14f2fe5e","fed50d6e3b42701567680c0ba1cf66af14f2fe5e",,"제120조",,"True","REFERS_TO","True"
"1fe765e3bb3c8d11224aa4c3ca63d526e85a3e0f","1fe765e3bb3c8d11224aa4c3ca63d526e85a3e0f",,"제121조",,"True","REFERS_TO","True"
"20555c7a16c145514f46d37e9d9bdd7e68edc6f0","20555c7a16c145514f46d37e9d9bdd7e68edc6f0",,"제122조",,"True","REFERS_TO","True"
"74be215fa50870feb13e4c9eb667f116c495169e","74be215fa50870feb13e4c9eb667f116c495169e",,"제123조",,"True","REFERS_TO","True"
"4475062b5a5bdb33ce5b2819cbd7f149dd12ca28","4475062b5a5bdb33ce5b2819cbd7f149dd12ca28",,"제124조",,"True","REFERS_TO","True"
"9433cc1042cdbcd504266f1d6eae81d190405e30","9433cc1042cdbcd504266f1d6eae81d190405e30",,"제125조",,"True","REFERS_TO","True"
"46a6244c7017e9ce3b0beeacecdec76407c3f3fe","46a6244c7017e9ce3b0beeacecdec76407c3f3fe",,"제126조",,"True","REFERS_TO","True"
"65c7876b067d094120d65e538509ca324e783b41","65c7876b067d094120d65e538509ca324e783b41",,"제127조",,"True","REFERS_TO","True"
"de0dc8a4c5568b00778c615b6ef653b2017dae61","9f01f2c771b312cdfe17f50ba4f7e6e38628d30d",,"제128조",,"True","REFERS_TO","True"
"9f01f2c771b312cdfe17f50ba4f7e6e38628d30d","9f01f2c771b312cdfe17f50ba4f7e6e38628d30d",,"제128조의2",,"True","REFERS_TO","True"
"76c97382511a1612b48eb1307116a320070a2151","76c97382511a1612b48eb1307116a320070a2151",,"제129조",,"True","REFERS_TO","True"
"9e27deb2d2a701c97ccbef3caa716b8d99edfe23","9e27deb2d2a701c97ccbef3caa716b8d99edfe23",,"제130조",,"True","REFERS_TO","True"
"74f1e675bb92c3c7387eb1e232844be1a60f23b8","74f1e675bb92c3c7387eb1e232844be1a60f23b8",,"제131조",,"True","REFERS_TO","True"
"cd0ffdc806d9f0a9e589c421181993be9f3aee91","cd0ffdc806d9f0a9e589c421181993be9f3aee91",,"제132조",,"True","REFERS_TO","True"
"e47c3202251cdc1a0a56f474c861a6c7f3433a52","e47c3202251cdc1a0a56f474c861a6c7f3433a52",,"제133조",,"True","REFERS_TO","True"
"e47c3202251cdc1a0a56f474c861a6c7f3433a52","76c97382511a1612b48eb1307116a320070a2151",,"제129조",,"True","REFERS_TO","True"
"e47c3202251cdc1a0a56f474c861a6c7f3433a52","74f1e675bb92c3c7387eb1e232844be1a60f23b8",,"제131조",,"True","REFERS_TO","True"
"2f34373d970db3668580039f6d0f68a53253b216","2f34373d970db3668580039f6d0f68a53253b216",,"제134조",,"True","REFERS_TO","True"
"0e1692626e7073f5b273caced87542d63c719e4d","0e1692626e7073f5b273caced87542d63c719e4d",,"제135조",,"True","REFERS_TO","True"
"5595f837211c045222e4cf0d8870932f7ab3dba9","5595f837211c045222e4cf0d8870932f7ab3dba9",,"제136조",,"True","REFERS_TO","True"
"c48d82eb2a8bd48b188a95b86b4fa49d0ec8919e","c48d82eb2a8bd48b188a95b86b4fa49d0ec8919e",,"제137조",,"True","REFERS_TO","True"
"9548c68d549736fbedaa3fdfe3ce23b0b0b79a47","9548c68d549736fbedaa3fdfe3ce23b0b0b79a47",,"제138조",,"True","REFERS_TO","True"
"db6a37924177f94251966d23e89ffc71d5ea84c4","db6a37924177f94251966d23e89ffc71d5ea84c4",,"제139조",,"True","REFERS_TO","True"
"40524191350c298427e4af1191830654ec4dfd53","40524191350c298427e4af1191830654ec4dfd53",,"제140조",,"True","REFERS_TO","True"
"55063bf9c9e0b1a571aca67317fcfe0526803349","55063bf9c9e0b1a571aca67317fcfe0526803349",,"제141조",,"True","REFERS_TO","True"
"ee100d2c6f27b55c6c4e107babe166aa565081d9","ee100d2c6f27b55c6c4e107babe166aa565081d9",,"제142조",,"True","REFERS_TO","True"
"9fa099a3642b0a4ca6399930362aa871a04d1284","9fa099a3642b0a4ca6399930362aa871a04d1284",,"제143조",,"True","REFERS_TO","True"
"1822429723232e113633f05495d1926045ff377b","1822429723232e113633f05495d1926045ff377b",,"제144조",,"True","REFERS_TO","True"
"aa4a774e3eb7f2d9bb32e5d72878a4c062d89303","aa4a774e3eb7f2d9bb32e5d72878a4c062d89303",,"제145조",,"True","REFERS_TO","True"
"18e9e06b02c5fb45e4fd76fc317d6d8e92779219","18e9e06b02c5fb45e4fd76fc317d6d8e92779219",,"제146조",,"True","REFERS_TO","True"
"18e9e06b02c5fb45e4fd76fc317d6d8e92779219","9fa099a3642b0a4ca6399930362aa871a04d1284",,"제143조","제2항","True","REFERS_TO","True"
"18e9e06b02c5fb45e4fd76fc317d6d8e92779219","aa4a774e3eb7f2d9bb32e5d72878a4c062d89303",,"제145조",,"True","REFERS_TO","True"
"9d4260e84cb781a21402a8a658f636983e568c73","9d4260e84cb781a21402a8a658f636983e568c73",,"제147조",,"True","REFERS_TO","True"
"0e0c8b56a64ea3ca462fce09820369bff6a83bf4","0e0c8b56a64ea3ca462fce09820369bff6a83bf4",,"제148조",,"True","REFERS_TO","True"
"e78e8542d940bac2afc2015ebcf1ac84c0f18500","e78e8542d940bac2afc2015ebcf1ac84c0f18500",,"제149조",,"True","REFERS_TO","True"
"e78e8542d940bac2afc2015ebcf1ac84c0f18500","aa4a774e3eb7f2d9bb32e5d72878a4c062d89303",,"제145조","제1항","True","REFERS_TO","True"
"30bae828e0367f8310fab9618e1f9d86c1113a34","30bae828e0367f8310fab9618e1f9d86c1113a34",,"제150조",,"True","REFERS_TO","True"
"e9309743afd2d660b88100b19f96d2158fedd1db","e9309743afd2d660b88100b19f96d2158fedd1db",,"제151조",,"True","REFERS_TO","True"
"d2795a8afd3d4993c8e0145aff36004c3dfd5bdb","d2795a8afd3d4993c8e0145aff36004c3dfd5bdb",,"제152조",,"True","REFERS_TO","True"
"d2795a8afd3d4993c8e0145aff36004c3dfd5bdb","ee100d2c6f27b55c6c4e107babe166aa565081d9",,"제142조","제1항","True","REFERS_TO","True"
"d7c18c7c34dd976ed8e98964d5111fd499c55193","d7c18c7c34dd976ed8e98964d5111fd499c55193",,"제153조",,"True","REFERS_TO","True"
"34f4dfa8242bc2d67147a8a118de68ac8cb6db2f","34f4dfa8242bc2d67147a8a118de68ac8cb6db2f",,"제154조",,"True","REFERS_TO","True"
"3e35312b143afc3dc18491b4645f5ddd6bf56640","3e35312b143afc3dc18491b4645f5ddd6bf56640",,"제155조",,"True","REFERS_TO","True"
"5c2c214d6b4e76879e52d14ed7844eec8c3436f7","5c2c214d6b4e76879e52d14ed7844eec8c3436f7",,"제156조",,"True","REFERS_TO","True"
"ab1fe208d00414ae53599506ceaf03aae3a2b117","ab1fe208d00414ae53599506ceaf03aae3a2b117",,"제157조",,"True","REFERS_TO","True"
"b41e19d5517bbecd6dcbd4d13a867f3579d71308","b41e19d5517bbecd6dcbd4d13a867f3579d71308",,"제158조",,"True","REFERS_TO","True"
"ba542c92b0cccb04e4862d9ab7b2cd358fbfcb7a","ba542c92b0cccb04e4862d9ab7b2cd358fbfcb7a",,"제159조",,"True","REFERS_TO","True"
"b694de298fe093849063f8fda5ee82755a2ffd84","b694de298fe093849063f8fda5ee82755a2ffd84",,"제160조",,"True","REFERS_TO","True"
"a0902bc65bdd4622caa089666586dfb915c9d8da","a0902bc65bdd4622caa089666586dfb915c9d8da",,"제161조",,"True","REFERS_TO","True"
"a4e75824f07ecee468ac579600f45532827c976a","a4e75824f07ecee468ac579600f45532827c976a",,"제162조",,"True","REFERS_TO","True"
"8109e78c556e5fa00aa44c04c6439fbe132f0cfe","8109e78c556e5fa00aa44c04c6439fbe132f0cfe",,"제163조",,"True","REFERS_TO","True"
"9c41f9957456543cde32df1bdd4d2c13729fa3e9","9c41f9957456543cde32df1bdd4d2c13729fa3e9",,"제164조",,"True","REFERS_TO","True"
"375c366e3a804f26898b652de8afd1751b2e1ee4","375c366e3a804f26898b652de8afd1751b2e1ee4",,"제165조",,"True","REFERS_TO","True"
"a06541ead4ae24abe3cb1a021be4fe34d14f588d","d1b1db1ea998930ca536559eb0b02b7d70d5a1c0",,"제166조",,"True","REFERS_TO","True"
"d1b1db1ea998930ca536559eb0b02b7d70d5a1c0","d1b1db1ea998930ca536559eb0b02b7d70d5a1c0",,"제166조의2",,"True","REFERS_TO","True"
"d1b1db1ea998930ca536559eb0b02b7d70d5a1c0","681b92fa2f98e5ae75f0a032cdb18e4b6546314b",,"제2조",,"True","REFERS_TO","True"
"d1b1db1ea998930ca536559eb0b02b7d70d5a1c0","3d50c30d889cea586e06cf1f47b7471649a69fb1",,"제5조",,"True","REFERS_TO","True"
"d1b1db1ea998930ca536559eb0b02b7d70d5a1c0","1deb2868d9d2ffb608353791dc0afd315b73f6bb",,"제29조",,"True","REFERS_TO","True"
"d1b1db1ea998930ca536559eb0b02b7d70d5a1c0","d74de011b7d4f95e5ef272b8d8cbb7da575f31e2",,"제38조",,"True","REFERS_TO","True"
"d1b1db1ea998930ca536559eb0b02b7d70d5a1c0","43d8d022ce3d386a91574488247af2d5451db52e",,"제41조",,"True","REFERS_TO","True"
"d1b1db1ea998930ca536559eb0b02b7d70d5a1c0","9ab8db658375a1c77ea2be3e0e4e9c9d4734da4e",,"제51조",,"True","REFERS_TO","True"
"d1b1db1ea998930ca536559eb0b02b7d70d5a1c0","5f76b2d316bbd16efd909d4d15c3c580d857ca46",,"제57조",,"True","REFERS_TO","True"
"d1b1db1ea998930ca536559eb0b02b7d70d5a1c0","fc5429436e027f19de152edd90066d939b547f35",,"제63조",,"True","REFERS_TO","True"
"d1b1db1ea998930ca536559eb0b02b7d70d5a1c0","61462c3dda9b8158652079504ffd1b349379f2ac",,"제114조","제3항","True","REFERS_TO","True"
"d1b1db1ea998930ca536559eb0b02b7d70d5a1c0","74f1e675bb92c3c7387eb1e232844be1a60f23b8",,"제131조",,"True","REFERS_TO","True"
"d1b1db1ea998930ca536559eb0b02b7d70d5a1c0","9548c68d549736fbedaa3fdfe3ce23b0b0b79a47",,"제138조","제1항","True","REFERS_TO","True"
"d1b1db1ea998930ca536559eb0b02b7d70d5a1c0","40524191350c298427e4af1191830654ec4dfd53",,"제140조",,"True","REFERS_TO","True"
"d1b1db1ea998930ca536559eb0b02b7d70d5a1c0","3e35312b143afc3dc18491b4645f5ddd6bf56640",,"제155조",,"True","REFERS_TO","True"
"d1b1db1ea998930ca536559eb0b02b7d70d5a1c0","ab1fe208d00414ae53599506ceaf03aae3a2b117",,"제157조",,"True","REFERS_TO","True"
"2c1bf02725d4151bb27817263e27702a4d3b762a","2c1bf02725d4151bb27817263e27702a4d3b762a",,"제167조",,"True","REFERS_TO","True"
"98b21c98eeefd69e5b5aff4247a832d529da5b7c","98b21c98eeefd69e5b5aff4247a832d529da5b7c",,"제168조",,"True","REFERS_TO","True"
"1340b90bd20e8ac3c70c74ea079c828d7ebb1027","1340b90bd20e8ac3c70c74ea079c828d7ebb1027",,"제169조",,"True","REFERS_TO","True"
"e1842f58406e2db056e16cb342126941620461ee","f3908364bea29d9ceab81c5704aa43cd619e3363",,"제170조",,"True","REFERS_TO","True"
"f3908364bea29d9ceab81c5704aa43cd619e3363","f3908364bea29d9ceab81c5704aa43cd619e3363",,"제170조의2",,"True","REFERS_TO","True"
"f3908364bea29d9ceab81c5704aa43cd619e3363","8c860549fb2cca66c9b41616171e927258fa4a86",,"제174조","제1항","True","REFERS_TO","True"
"18a65b7555d4047783179e19eea572463fba5e29","18a65b7555d4047783179e19eea572463fba5e29",,"제171조",,"True","REFERS_TO","True"
"5762afc327be8ccdaf013113872d9a9c4a0976fd","5762afc327be8ccdaf013113872d9a9c4a0976fd",,"제172조",,"True","REFERS_TO","True"
"5762afc327be8ccdaf013113872d9a9c4a0976fd","a1faae09ef09336ec34d71374ff6b3c97cefb583",,"제64조","제1항","True","REFERS_TO","True"
"94d5654ee4393291be86504d25706aa2a5006032","94d5654ee4393291be86504d25706aa2a5006032",,"제173조",,"True","REFERS_TO","True"
"94d5654ee4393291be86504d25706aa2a5006032","2c1bf02725d4151bb27817263e27702a4d3b762a",,"제167조","제1항","True","REFERS_TO","True"
"94d5654ee4393291be86504d25706aa2a5006032","98b21c98eeefd69e5b5aff4247a832d529da5b7c",,"제168조",,"True","REFERS_TO","True"
"94d5654ee4393291be86504d25706aa2a5006032","5762afc327be8ccdaf013113872d9a9c4a0976fd",,"제172조",,"True","REFERS_TO","True"
"8c860549fb2cca66c9b41616171e927258fa4a86","8c860549fb2cca66c9b41616171e927258fa4a86",,"제174조",,"True","REFERS_TO","True"
"e37e808aece2f59ff695910ee1007190f918d4b5","e37e808aece2f59ff695910ee1007190f918d4b5",,"제175조",,"True","REFERS_TO","True"
"76349be4d8d4e8e988b96be5f13be4c99f39ab40","76349be4d8d4e8e988b96be5f13be4c99f39ab40",,"제1조",,"True","REFERS_TO","True"
"94d2197b8888f14e5d7a38b9aee0a005aeb5486e","94d2197b8888f14e5d7a38b9aee0a005aeb5486e",,"제2조",,"True","REFERS_TO","True"
"863793f63d3576e84fe45c8ac7b496e7f8d7768c","863793f63d3576e84fe45c8ac7b496e7f8d7768c",,"제3조",,"True","REFERS_TO","True"
"863793f63d3576e84fe45c8ac7b496e7f8d7768c","8dba8191bbaafe387aeb002fd2673a42a4f31922",,"제4조","제1항","True","REFERS_TO","True"
"8dba8191bbaafe387aeb002fd2673a42a4f31922","8dba8191bbaafe387aeb002fd2673a42a4f31922",,"제4조",,"True","REFERS_TO","True"
"8dba8191bbaafe387aeb002fd2673a42a4f31922","8dba8191bbaafe387aeb002fd2673a42a4f31922",,"제4조","제1항","True","REFERS_TO","True"
"158e45224ce6ae5c06b0e37f55175a6e3aac2e3b","158e45224ce6ae5c06b0e37f55175a6e3aac2e3b",,"제5조",,"True","REFERS_TO","True"
"158e45224ce6ae5c06b0e37f55175a6e3aac2e3b","8dba8191bbaafe387aeb002fd2673a42a4f31922",,"제4조","제1항","True","REFERS_TO","True"
"4f12f5b42e7e0e98303c3c91cb5b508ecc750012","4f12f5b42e7e0e98303c3c91cb5b508ecc750012",,"제6조",,"True","REFERS_TO","True"
"4f12f5b42e7e0e98303c3c91cb5b508ecc750012","8dba8191bbaafe387aeb002fd2673a42a4f31922",,"제4조","제1항","True","REFERS_TO","True"
"74b4f18b9af185ca7056e3147a66f0eef00d3363","74b4f18b9af185ca7056e3147a66f0eef00d3363",,"제7조",,"True","REFERS_TO","True"
"74b4f18b9af185ca7056e3147a66f0eef00d3363","8dba8191bbaafe387aeb002fd2673a42a4f31922",,"제4조","제1항","True","REFERS_TO","True"
"0b28f4c2ee0a41058b8c56204133e684eeb35a5c","beb8e17c131d739fd1c4d1b6250a18844539d011",,"제8조",,"True","REFERS_TO","True"
"0b28f4c2ee0a41058b8c56204133e684eeb35a5c","027c1a868e337aa8b4d83a84ed9cda4fe8c8db55",,"제77조",,"True","REFERS_TO","True"
"0b28f4c2ee0a41058b8c56204133e684eeb35a5c","2e81e76d93d3ce911a53c818dd6f277548558a87",,"제78조",,"True","REFERS_TO","True"
"0b28f4c2ee0a41058b8c56204133e684eeb35a5c","863793f63d3576e84fe45c8ac7b496e7f8d7768c",,"제3조",,"True","REFERS_TO","True"
"0b28f4c2ee0a41058b8c56204133e684eeb35a5c","74b4f18b9af185ca7056e3147a66f0eef00d3363",,"제7조",,"True","REFERS_TO","True"
"beb8e17c131d739fd1c4d1b6250a18844539d011","beb8e17c131d739fd1c4d1b6250a18844539d011",,"제8조의2",,"True","REFERS_TO","True"
"beb8e17c131d739fd1c4d1b6250a18844539d011","beb8e17c131d739fd1c4d1b6250a18844539d011",,"제8조","제5항","True","REFERS_TO","True"
"e0213f54e572845f5dd378687bff3606a981dd42","e0213f54e572845f5dd378687bff3606a981dd42",,"제9조",,"True","REFERS_TO","True"
"eda5ac89043246ef33e14d13426b7a691d661c47","eda5ac89043246ef33e14d13426b7a691d661c47",,"제10조",,"True","REFERS_TO","True"
"66ab293985520b85ff68b79a32f57c68817e3298","66ab293985520b85ff68b79a32f57c68817e3298",,"제11조",,"True","REFERS_TO","True"
"66ab293985520b85ff68b79a32f57c68817e3298","eda5ac89043246ef33e14d13426b7a691d661c47",,"제10조","제2항","True","REFERS_TO","True"
"37df2985ab779b0b47745a4e734ef18d4e6aa050","37df2985ab779b0b47745a4e734ef18d4e6aa050",,"제12조",,"True","REFERS_TO","True"
"37df2985ab779b0b47745a4e734ef18d4e6aa050","eda5ac89043246ef33e14d13426b7a691d661c47",,"제10조","제2항","True","REFERS_TO","True"
"72edcae1adec2110cd1a34d678b27af4fd283198","72edcae1adec2110cd1a34d678b27af4fd283198",,"제13조",,"True","REFERS_TO","True"
"0e034fd2819df4fa05402a484d3fea7c3561b464","0e034fd2819df4fa05402a484d3fea7c3561b464",,"제14조",,"True","REFERS_TO","True"
"38707676f4172de7fb29e21665ffb0190987b1f2","38707676f4172de7fb29e21665ffb0190987b1f2",,"제15조",,"True","REFERS_TO","True"
"48454e4ef5f8303f5878642508ecc52de7e9b226","48454e4ef5f8303f5878642508ecc52de7e9b226",,"제16조",,"True","REFERS_TO","True"
"b5b096fa6cea213fba9b9ddbd099ca84463ccb65","b5b096fa6cea213fba9b9ddbd099ca84463ccb65",,"제17조",,"True","REFERS_TO","True"
"c97f9334f45d4d1b202bf7cdcb811f943003351f","c97f9334f45d4d1b202bf7cdcb811f943003351f",,"제18조",,"True","REFERS_TO","True"
"301b56e98392229fd1b628357935362f42a5007d","301b56e98392229fd1b628357935362f42a5007d",,"제19조",,"True","REFERS_TO","True"
"f27f08ee550a0ca7fd645544ab580d78f5f26a10","f27f08ee550a0ca7fd645544ab580d78f5f26a10",,"제20조",,"True","REFERS_TO","True"
"54bfa46029b5a2feb10896e01ad306ec9fd4abbd","54bfa46029b5a2feb10896e01ad306ec9fd4abbd",,"제21조",,"True","REFERS_TO","True"
"f8de801799e208f01dabbcf1459b095bce4d337c","f8de801799e208f01dabbcf1459b095bce4d337c",,"제22조",,"True","REFERS_TO","True"
"b6dd60be87d2436a47ff183072b0f8bc029e59ed","b6dd60be87d2436a47ff183072b0f8bc029e59ed",,"제23조",,"True","REFERS_TO","True"
"f402ec5cb44a49d033e1e55f459d48aef3c065d3","f402ec5cb44a49d033e1e55f459d48aef3c065d3",,"제24조",,"True","REFERS_TO","True"
"700e1f0a80b4c5385c5ec52f34c68cc82c4d2781","700e1f0a80b4c5385c5ec52f34c68cc82c4d2781",,"제25조",,"True","REFERS_TO","True"
"9a063f617c8436bd0c2252d8ea79534d77ceac9a","9a063f617c8436bd0c2252d8ea79534d77ceac9a",,"제26조",,"True","REFERS_TO","True"
"596e779f89ad46df4cf416057fc5a518790a94e0","596e779f89ad46df4cf416057fc5a518790a94e0",,"제27조",,"True","REFERS_TO","True"
"d111872b1a4023d5ab26eb2f649f0fd3b1b176be","d111872b1a4023d5ab26eb2f649f0fd3b1b176be",,"제28조",,"True","REFERS_TO","True"
"d111872b1a4023d5ab26eb2f649f0fd3b1b176be","54bfa46029b5a2feb10896e01ad306ec9fd4abbd",,"제21조","제4항","True","REFERS_TO","True"
"6623d60e7fba30a999575fc1b10285374fd61172","6623d60e7fba30a999575fc1b10285374fd61172",,"제29조",,"True","REFERS_TO","True"
"625b021c72b5383dd7b62761f2c175d800d8d18c","625b021c72b5383dd7b62761f2c175d800d8d18c",,"제30조",,"True","REFERS_TO","True"
"d6261b6670f632808d2fbff8fc84e6cb571eac37","d6261b6670f632808d2fbff8fc84e6cb571eac37",,"제31조",,"True","REFERS_TO","True"
"a600e07a5188d16b598b111de3dba97190cd5692","a600e07a5188d16b598b111de3dba97190cd5692",,"제32조",,"True","REFERS_TO","True"
"f5b49306f2d3a8ec1ddb81e4c338f95fc71ce669","f5b49306f2d3a8ec1ddb81e4c338f95fc71ce669",,"제33조",,"True","REFERS_TO","True"
"7c5d32204cb9467545e893fb25bb56e0b3a38f8f","7c5d32204cb9467545e893fb25bb56e0b3a38f8f",,"제34조",,"True","REFERS_TO","True"
"7c5d32204cb9467545e893fb25bb56e0b3a38f8f","f402ec5cb44a49d033e1e55f459d48aef3c065d3",,"제24조","제1항","True","REFERS_TO","True"
"b2839d229a8d109627bb592bf26eda73c03303c8","b2839d229a8d109627bb592bf26eda73c03303c8",,"제35조",,"True","REFERS_TO","True"
"3f9cd4e7c59f585d81ae21467e0f9d599c3b9d11","3f9cd4e7c59f585d81ae21467e0f9d599c3b9d11",,"제36조",,"True","REFERS_TO","True"
"050b352bab3a107a01f58ab8aba9edbeb49a3079","050b352bab3a107a01f58ab8aba9edbeb49a3079",,"제37조",,"True","REFERS_TO","True"
"a18387a6cec7c7b39e5275a46a9ba6792a0daa8c","a18387a6cec7c7b39e5275a46a9ba6792a0daa8c",,"제38조",,"True","REFERS_TO","True"
"c2ab4b8f86cc603ef8a91124dfbe83ac1e8a758f","c2ab4b8f86cc603ef8a91124dfbe83ac1e8a758f",,"제39조",,"True","REFERS_TO","True"
"63bf555344ff4119ed3ae63bf3381f74072fef7b","63bf555344ff4119ed3ae63bf3381f74072fef7b",,"제40조",,"True","REFERS_TO","True"
"6c2ab4f7958e59f3a4d30ca0d15919a9558ab0e2","6c2ab4f7958e59f3a4d30ca0d15919a9558ab0e2",,"제41조",,"True","REFERS_TO","True"
"6c2ab4f7958e59f3a4d30ca0d15919a9558ab0e2","6c2ab4f7958e59f3a4d30ca0d15919a9558ab0e2",,"제41조","제2항","True","REFERS_TO","True"
"f2554715c278982fd9169b875d8f7ee48866a059","f2554715c278982fd9169b875d8f7ee48866a059",,"제42조",,"True","REFERS_TO","True"
"c65a2467f322e81e38796b8dd6086fc139d38c41","c65a2467f322e81e38796b8dd6086fc139d38c41",,"제43조",,"True","REFERS_TO","True"
"10fbf247c034f940b735974277d5c3f9443939af","10fbf247c034f940b735974277d5c3f9443939af",,"제44조",,"True","REFERS_TO","True"
"48df93f32f351b349b974096979ed2e53d2f19f7","48df93f32f351b349b974096979ed2e53d2f19f7",,"제45조",,"True","REFERS_TO","True"
"e413d2dbf34fa15378f70665ca521023290ff405","e413d2dbf34fa15378f70665ca521023290ff405",,"제46조",,"True","REFERS_TO","True"
"fc165640a874b46b49b6f603e6be8a13e24522c7","fc165640a874b46b49b6f603e6be8a13e24522c7",,"제47조",,"True","REFERS_TO","True"
"fc165640a874b46b49b6f603e6be8a13e24522c7","12cd96269ac0d9cc15bd0ef5868a5757c22026a2",,"제48조","제1항","True","REFERS_TO","True"
"fc165640a874b46b49b6f603e6be8a13e24522c7","e413d2dbf34fa15378f70665ca521023290ff405",,"제46조","제1항","True","REFERS_TO","True"
"12cd96269ac0d9cc15bd0ef5868a5757c22026a2","12cd96269ac0d9cc15bd0ef5868a5757c22026a2",,"제48조",,"True","REFERS_TO","True"
"12cd96269ac0d9cc15bd0ef5868a5757c22026a2","12cd96269ac0d9cc15bd0ef5868a5757c22026a2",,"제48조","제4항","True","REFERS_TO","True"
"12cd96269ac0d9cc15bd0ef5868a5757c22026a2","54bfa46029b5a2feb10896e01ad306ec9fd4abbd",,"제21조","제4항","True","REFERS_TO","True"
"ea16120c4ca5d8b61aa9e11a2668e4a18ce9dded","ea16120c4ca5d8b61aa9e11a2668e4a18ce9dded",,"제49조",,"True","REFERS_TO","True"
"ea16120c4ca5d8b61aa9e11a2668e4a18ce9dded","ea16120c4ca5d8b61aa9e11a2668e4a18ce9dded",,"제49조","제1항","True","REFERS_TO","True"
"fddc095a0022ebffbca67f21e40f057e18dc283b","fddc095a0022ebffbca67f21e40f057e18dc283b",,"제50조",,"True","REFERS_TO","True"
"fddc095a0022ebffbca67f21e40f057e18dc283b","ea16120c4ca5d8b61aa9e11a2668e4a18ce9dded",,"제49조","제1항","True","REFERS_TO","True"
"efaff58ea796eda222a14c69b315eda34226f07c","efaff58ea796eda222a14c69b315eda34226f07c",,"제51조",,"True","REFERS_TO","True"
"efaff58ea796eda222a14c69b315eda34226f07c","8a3c23d7e5b70854996790f638c737722f246fc8",,"제59조","제1항","True","REFERS_TO","True"
"3d38c649c866932547adc8ea6167279bcd2765e9","3d38c649c866932547adc8ea6167279bcd2765e9",,"제52조",,"True","REFERS_TO","True"
"3d38c649c866932547adc8ea6167279bcd2765e9","a7668f6a89015640dd9c5186db1fa2070176610c",,"제62조","제1항","True","REFERS_TO","True"
"89adf522562a5514d319e93193a8f12b999c5e57","7892ccbaf2b92ef9a5604adaa73876c8f0064645",,"제53조",,"True","REFERS_TO","True"
"7892ccbaf2b92ef9a5604adaa73876c8f0064645","7892ccbaf2b92ef9a5604adaa73876c8f0064645",,"제53조의2",,"True","REFERS_TO","True"
"7892ccbaf2b92ef9a5604adaa73876c8f0064645","3ba9436e5364cb2152af2dc5f2a30f045ff4d6e9",,"제64조","제1항","True","REFERS_TO","True"
"e376c8330c8852e41b21f2f52e378ec640d36050","e376c8330c8852e41b21f2f52e378ec640d36050",,"제54조",,"True","REFERS_TO","True"
"e376c8330c8852e41b21f2f52e378ec640d36050","b62f6d24cee1e0047fe574977b91141ecfac64c9",,"제65조","제1항","True","REFERS_TO","True"
"9a851c962be7645cf05813e2c7cc80428c6fa4d6","7e7bdc6b5b271db0cbad72ff350350761fa4919b",,"제55조",,"True","REFERS_TO","True"
"9a851c962be7645cf05813e2c7cc80428c6fa4d6","858831b57019043176e6ba0518b05bd1a8b563bb",,"제67조","제1항","True","REFERS_TO","True"
"7e7bdc6b5b271db0cbad72ff350350761fa4919b","7e7bdc6b5b271db0cbad72ff350350761fa4919b",,"제55조의2",,"True","REFERS_TO","True"
"7e7bdc6b5b271db0cbad72ff350350761fa4919b","858831b57019043176e6ba0518b05bd1a8b563bb",,"제67조","제2항","True","REFERS_TO","True"
"74c4672e809ac81e49cee00e10e13784db8ae9da","74c4672e809ac81e49cee00e10e13784db8ae9da",,"제56조",,"True","REFERS_TO","True"
"ffeb23ed1a0995c1edac89c5cc81b61c5d9684fb","ffeb23ed1a0995c1edac89c5cc81b61c5d9684fb",,"제57조",,"True","REFERS_TO","True"
"bcb4323642f77d960d8c0909f4cdb49984888777","bcb4323642f77d960d8c0909f4cdb49984888777",,"제58조",,"True","REFERS_TO","True"
"8a3c23d7e5b70854996790f638c737722f246fc8","8a3c23d7e5b70854996790f638c737722f246fc8",,"제59조",,"True","REFERS_TO","True"
"47f070c58922795d2b453cecef6f31543107c65e","47f070c58922795d2b453cecef6f31543107c65e",,"제60조",,"True","REFERS_TO","True"
"47f070c58922795d2b453cecef6f31543107c65e","290a507c906e8187e68182e44b6db40ac8229822",,"제73조","제1항","True","REFERS_TO","True"
"8c600673846a2f26adc32911dd6f97246353bef5","8c600673846a2f26adc32911dd6f97246353bef5",,"제61조",,"True","REFERS_TO","True"
"8c600673846a2f26adc32911dd6f97246353bef5","bbb12489caf0a99995217afe23ff84a920624582",,"제74조","제1항","True","REFERS_TO","True"
"a7668f6a89015640dd9c5186db1fa2070176610c","a7668f6a89015640dd9c5186db1fa2070176610c",,"제62조",,"True","REFERS_TO","True"
"18d47de655166ccd88f6410b0334aa40ffc04b5d","18d47de655166ccd88f6410b0334aa40ffc04b5d",,"제63조",,"True","REFERS_TO","True"
"18d47de655166ccd88f6410b0334aa40ffc04b5d","44febbb24aabb6ffa683a5289cc3c5514b6bd66a",,"제75조","제1항","True","REFERS_TO","True"
"3ba9436e5364cb2152af2dc5f2a30f045ff4d6e9","3ba9436e5364cb2152af2dc5f2a30f045ff4d6e9",,"제64조",,"True","REFERS_TO","True"
"b62f6d24cee1e0047fe574977b91141ecfac64c9","b62f6d24cee1e0047fe574977b91141ecfac64c9",,"제65조",,"True","REFERS_TO","True"
"2d1ca18ec0aeb7c9b23c48eca9ab0d15e1ea39d3","2d1ca18ec0aeb7c9b23c48eca9ab0d15e1ea39d3",,"제66조",,"True","REFERS_TO","True"
"2d1ca18ec0aeb7c9b23c48eca9ab0d15e1ea39d3","592b6d3b0c50b515ddd35313da2cb077afd42601",,"제76조",,"True","REFERS_TO","True"
"858831b57019043176e6ba0518b05bd1a8b563bb","858831b57019043176e6ba0518b05bd1a8b563bb",,"제67조",,"True","REFERS_TO","True"
"858831b57019043176e6ba0518b05bd1a8b563bb","027c1a868e337aa8b4d83a84ed9cda4fe8c8db55",,"제77조","제1항","True","REFERS_TO","True"
"da83ce6d450c7fee6d4ec73098aa7cf19c1b2219","da83ce6d450c7fee6d4ec73098aa7cf19c1b2219",,"제68조",,"True","REFERS_TO","True"
"da83ce6d450c7fee6d4ec73098aa7cf19c1b2219","027c1a868e337aa8b4d83a84ed9cda4fe8c8db55",,"제77조","제2항","True","REFERS_TO","True"
"da83ce6d450c7fee6d4ec73098aa7cf19c1b2219","858831b57019043176e6ba0518b05bd1a8b563bb",,"제67조",,"True","REFERS_TO","True"
"c4b1f580c442b62a21f4e0a16d56720393d6d872","c4b1f580c442b62a21f4e0a16d56720393d6d872",,"제69조",,"True","REFERS_TO","True"
"c4b1f580c442b62a21f4e0a16d56720393d6d872","195db4b9a5810684bf4c055b73f5e65aa27ba48f",,"제79조","제1항","True","REFERS_TO","True"
"c4b1f580c442b62a21f4e0a16d56720393d6d872",,"e53a7c5649828992dd04bda6f937b1ab527e7960","제6조의2",,"False","REFERS_TO","True"
"ea99981b81ceaa70059edd1247edd553f5a4f9b3","ea99981b81ceaa70059edd1247edd553f5a4f9b3",,"제70조",,"True","REFERS_TO","True"
"ea99981b81ceaa70059edd1247edd553f5a4f9b3","f70526c9aa5ef4aacce075be140e2b9fb007e12d",,"제80조","제1항","True","REFERS_TO","True"
"ff4cac86992fed7c1af8cde713a98970b5541e24","ff4cac86992fed7c1af8cde713a98970b5541e24",,"제71조",,"True","REFERS_TO","True"
"ff4cac86992fed7c1af8cde713a98970b5541e24","a164da80a9b0d3bb26964a996b166183b15f136a",,"제81조",,"True","REFERS_TO","True"
"6c4eaaf20998ea04df01f29b76fbc55e2fe4e15a","6c4eaaf20998ea04df01f29b76fbc55e2fe4e15a",,"제72조",,"True","REFERS_TO","True"
"290a507c906e8187e68182e44b6db40ac8229822","290a507c906e8187e68182e44b6db40ac8229822",,"제73조",,"True","REFERS_TO","True"
"290a507c906e8187e68182e44b6db40ac8229822","c12b1bd325537fb93c9e0a556309db72f80cc64b",,"제82조","제4항","True","REFERS_TO","True"
"290a507c906e8187e68182e44b6db40ac8229822","54bfa46029b5a2feb10896e01ad306ec9fd4abbd",,"제21조","제4항","True","REFERS_TO","True"
"bbb12489caf0a99995217afe23ff84a920624582","bbb12489caf0a99995217afe23ff84a920624582",,"제74조",,"True","REFERS_TO","True"
"44febbb24aabb6ffa683a5289cc3c5514b6bd66a","44febbb24aabb6ffa683a5289cc3c5514b6bd66a",,"제75조",,"True","REFERS_TO","True"
"44febbb24aabb6ffa683a5289cc3c5514b6bd66a","afa2486d826b315f2e0c6af188d9a31f6e3ae102",,"제88조","제1항","True","REFERS_TO","True"
"592b6d3b0c50b515ddd35313da2cb077afd42601","592b6d3b0c50b515ddd35313da2cb077afd42601",,"제76조",,"True","REFERS_TO","True"
"592b6d3b0c50b515ddd35313da2cb077afd42601","afa2486d826b315f2e0c6af188d9a31f6e3ae102",,"제88조","제5항","True","REFERS_TO","True"
"592b6d3b0c50b515ddd35313da2cb077afd42601","54bfa46029b5a2feb10896e01ad306ec9fd4abbd",,"제21조","제4항","True","REFERS_TO","True"
"027c1a868e337aa8b4d83a84ed9cda4fe8c8db55","027c1a868e337aa8b4d83a84ed9cda4fe8c8db55",,"제77조",,"True","REFERS_TO","True"
"2e81e76d93d3ce911a53c818dd6f277548558a87","2e81e76d93d3ce911a53c818dd6f277548558a87",,"제78조",,"True","REFERS_TO","True"
"195db4b9a5810684bf4c055b73f5e65aa27ba48f","195db4b9a5810684bf4c055b73f5e65aa27ba48f",,"제79조",,"True","REFERS_TO","True"
"195db4b9a5810684bf4c055b73f5e65aa27ba48f","ee2dc5983e72bd21e03e25aa258361a0ab5e9995",,"제96조","제1항","True","REFERS_TO","True"
"f70526c9aa5ef4aacce075be140e2b9fb007e12d","f70526c9aa5ef4aacce075be140e2b9fb007e12d",,"제80조",,"True","REFERS_TO","True"
"f70526c9aa5ef4aacce075be140e2b9fb007e12d","ee2dc5983e72bd21e03e25aa258361a0ab5e9995",,"제96조","제5항","True","REFERS_TO","True"
"f70526c9aa5ef4aacce075be140e2b9fb007e12d","54bfa46029b5a2feb10896e01ad306ec9fd4abbd",,"제21조","제4항","True","REFERS_TO","True"
"a164da80a9b0d3bb26964a996b166183b15f136a","a164da80a9b0d3bb26964a996b166183b15f136a",,"제81조",,"True","REFERS_TO","True"
"a164da80a9b0d3bb26964a996b166183b15f136a","3bb12552ee4d840dc9f1bc293fc9d19ff614dbc1",,"제100조","제1항","True","REFERS_TO","True"
"c12b1bd325537fb93c9e0a556309db72f80cc64b","c12b1bd325537fb93c9e0a556309db72f80cc64b",,"제82조",,"True","REFERS_TO","True"
"c12b1bd325537fb93c9e0a556309db72f80cc64b","3bb12552ee4d840dc9f1bc293fc9d19ff614dbc1",,"제100조","제4항","True","REFERS_TO","True"
"c12b1bd325537fb93c9e0a556309db72f80cc64b","54bfa46029b5a2feb10896e01ad306ec9fd4abbd",,"제21조","제4항","True","REFERS_TO","True"
"ef2149e27ad6e6f486f1c81a189c54db34efe0b5","ef2149e27ad6e6f486f1c81a189c54db34efe0b5",,"제83조",,"True","REFERS_TO","True"
"56ba8f15a3381ea72960936c99861a6bdbcec9b5","56ba8f15a3381ea72960936c99861a6bdbcec9b5",,"제84조",,"True","REFERS_TO","True"
"56ba8f15a3381ea72960936c99861a6bdbcec9b5","13adba4e263f173719a62c59cd2af3aa33d3e15a",,"제107조","제1항","True","REFERS_TO","True"
"cac19f86a6b2f05a18b131ef465e8949cd85ff24","cac19f86a6b2f05a18b131ef465e8949cd85ff24",,"제85조",,"True","REFERS_TO","True"
"cac19f86a6b2f05a18b131ef465e8949cd85ff24","5bf86267073781ee2f2966adaa6b49c30b64ff6b",,"제108조","제1항","True","REFERS_TO","True"
"280cf8909ed6e26ec217e9ddfe5a82bf35e7e86c","280cf8909ed6e26ec217e9ddfe5a82bf35e7e86c",,"제86조",,"True","REFERS_TO","True"
"280cf8909ed6e26ec217e9ddfe5a82bf35e7e86c","e392bf5d12b3c0f523309a107dc0fcfdf55bff30",,"제110조","제1항","True","REFERS_TO","True"
"7bbf8b0fe2e1ee303f7994aee4e4097c3e26b14e","7bbf8b0fe2e1ee303f7994aee4e4097c3e26b14e",,"제87조",,"True","REFERS_TO","True"
"7bbf8b0fe2e1ee303f7994aee4e4097c3e26b14e","2572cc65ef297608a58f7021e4e6e02d8c3fd77d",,"제117조","제1항","True","REFERS_TO","True"
"afa2486d826b315f2e0c6af188d9a31f6e3ae102","afa2486d826b315f2e0c6af188d9a31f6e3ae102",,"제88조",,"True","REFERS_TO","True"
"afa2486d826b315f2e0c6af188d9a31f6e3ae102","9022aea1b1bdd8c391e89a56cd3e9634f98ca2be",,"제118조","제1항","True","REFERS_TO","True"
"088bedd060ef09ca5bae552516785d722c5e1b7b","088bedd060ef09ca5bae552516785d722c5e1b7b",,"제89조",,"True","REFERS_TO","True"
"809a6c2dc3d535e6face9509d0a84032eccc2ce8","809a6c2dc3d535e6face9509d0a84032eccc2ce8",,"제90조",,"True","REFERS_TO","True"
"809a6c2dc3d535e6face9509d0a84032eccc2ce8",,"0ff17b07f466b57b094039f61ab7770c5a3b48ac","제120조","제1항","False","REFERS_TO","True"
"809a6c2dc3d535e6face9509d0a84032eccc2ce8",,"0ff17b07f466b57b094039f61ab7770c5a3b48ac","제120조","제2항","False","REFERS_TO","True"
"8a977bdda7475a268670d0cfc7fae1b24be1171f","8a977bdda7475a268670d0cfc7fae1b24be1171f",,"제91조",,"True","REFERS_TO","True"
"8a977bdda7475a268670d0cfc7fae1b24be1171f",,"0ff17b07f466b57b094039f61ab7770c5a3b48ac","제120조","제5항","False","REFERS_TO","True"
"8a977bdda7475a268670d0cfc7fae1b24be1171f","54bfa46029b5a2feb10896e01ad306ec9fd4abbd",,"제21조","제4항","True","REFERS_TO","True"
"ddddc5cbfd7e2c837095f0986e50585d6c4f3648","ddddc5cbfd7e2c837095f0986e50585d6c4f3648",,"제92조",,"True","REFERS_TO","True"
"ddddc5cbfd7e2c837095f0986e50585d6c4f3648",,"04e98acc131494df581bad6ff94276730acc5b25","제121조","제1항","False","REFERS_TO","True"
"1f5ff33758e37681262cfa321362069ff7cbf218","1f5ff33758e37681262cfa321362069ff7cbf218",,"제93조",,"True","REFERS_TO","True"
"1f5ff33758e37681262cfa321362069ff7cbf218",,"04e98acc131494df581bad6ff94276730acc5b25","제121조","제4항","False","REFERS_TO","True"
"1f5ff33758e37681262cfa321362069ff7cbf218","54bfa46029b5a2feb10896e01ad306ec9fd4abbd",,"제21조","제4항","True","REFERS_TO","True"
"67f8bf89b47a6d13bd02124a5ad41494a708e901","67f8bf89b47a6d13bd02124a5ad41494a708e901",,"제94조",,"True","REFERS_TO","True"
"d6a71feac111f1bd5c98ee5d42271e593a4ef38c","d6a71feac111f1bd5c98ee5d42271e593a4ef38c",,"제95조",,"True","REFERS_TO","True"
"d6a71feac111f1bd5c98ee5d42271e593a4ef38c",,"30d636140d390dfe0516d409ccc85e5a7ebab81a","제126조","제1항","False","REFERS_TO","True"
"d6a71feac111f1bd5c98ee5d42271e593a4ef38c",,"30d636140d390dfe0516d409ccc85e5a7ebab81a","제126조","제2항","False","REFERS_TO","True"
"c87579f101440193b0bde34c8101e50db70109fc","ee2dc5983e72bd21e03e25aa258361a0ab5e9995",,"제96조",,"True","REFERS_TO","True"
"c87579f101440193b0bde34c8101e50db70109fc",,"30d636140d390dfe0516d409ccc85e5a7ebab81a","제126조","제5항","False","REFERS_TO","True"
"c87579f101440193b0bde34c8101e50db70109fc","54bfa46029b5a2feb10896e01ad306ec9fd4abbd",,"제21조","제4항","True","REFERS_TO","True"
"ee2dc5983e72bd21e03e25aa258361a0ab5e9995","ee2dc5983e72bd21e03e25aa258361a0ab5e9995",,"제96조의2",,"True","REFERS_TO","True"
"ee2dc5983e72bd21e03e25aa258361a0ab5e9995",,"9d901b620897b5bf52c3fa93e1a7fa32a294e64a","제128조의2","제2항","False","REFERS_TO","True"
"ec4864c8e8ac7164b71fb87aea7047c0fc3efa79","ec4864c8e8ac7164b71fb87aea7047c0fc3efa79",,"제97조",,"True","REFERS_TO","True"
"f81c6412d7940207a5178db1996442c43e11ed64","f81c6412d7940207a5178db1996442c43e11ed64",,"제98조",,"True","REFERS_TO","True"
"f81c6412d7940207a5178db1996442c43e11ed64",,"909b91d4cedac0f640101f75f0cfb85bc565585e","제135조","제6항","False","REFERS_TO","True"
"f81c6412d7940207a5178db1996442c43e11ed64","54bfa46029b5a2feb10896e01ad306ec9fd4abbd",,"제21조","제4항","True","REFERS_TO","True"
"6d3ffa5aa6e1b472ed0e886688e1875d580ee020","6d3ffa5aa6e1b472ed0e886688e1875d580ee020",,"제99조",,"True","REFERS_TO","True"
"3bb12552ee4d840dc9f1bc293fc9d19ff614dbc1","3bb12552ee4d840dc9f1bc293fc9d19ff614dbc1",,"제100조",,"True","REFERS_TO","True"
"3bb12552ee4d840dc9f1bc293fc9d19ff614dbc1",,"82ba2080eee56fb57f47ab80f45739df8db564d2","제140조","제4항","False","REFERS_TO","True"
"3bb12552ee4d840dc9f1bc293fc9d19ff614dbc1","54bfa46029b5a2feb10896e01ad306ec9fd4abbd",,"제21조","제4항","True","REFERS_TO","True"
"fe7959e5f4870257e7473593c97b33922432eeb5","fe7959e5f4870257e7473593c97b33922432eeb5",,"제101조",,"True","REFERS_TO","True"
"dbb96d44299b23cfa30418a886089cfbfda8e5e3","dbb96d44299b23cfa30418a886089cfbfda8e5e3",,"제102조",,"True","REFERS_TO","True"
"9da92bd53742210e93cb7b9fb8aaeab0c8a8f6a4","9da92bd53742210e93cb7b9fb8aaeab0c8a8f6a4",,"제103조",,"True","REFERS_TO","True"
"bb70060b699c0e50d03dd9f48bc0ba90ddbfdf90","bb70060b699c0e50d03dd9f48bc0ba90ddbfdf90",,"제104조",,"True","REFERS_TO","True"
"564497821cb66354fdb1505944c6f8a96b6c2bea","564497821cb66354fdb1505944c6f8a96b6c2bea",,"제105조",,"True","REFERS_TO","True"
"35dc1fc0ca855cbdcc4bb08285c4545d6af7b04e","35dc1fc0ca855cbdcc4bb08285c4545d6af7b04e",,"제106조",,"True","REFERS_TO","True"
"13adba4e263f173719a62c59cd2af3aa33d3e15a","13adba4e263f173719a62c59cd2af3aa33d3e15a",,"제107조",,"True","REFERS_TO","True"
"13adba4e263f173719a62c59cd2af3aa33d3e15a",,"01897f239b1186fddd668e16749337a2ede561e2","제146조",,"False","REFERS_TO","True"
"5bf86267073781ee2f2966adaa6b49c30b64ff6b","5bf86267073781ee2f2966adaa6b49c30b64ff6b",,"제108조",,"True","REFERS_TO","True"
"c22ebc86215e741c179834d82e9a4707b4f7a66f","68edcbe984db755f4d78f16e8a29dd301b318afb",,"제109조",,"True","REFERS_TO","True"
"c22ebc86215e741c179834d82e9a4707b4f7a66f",,"f0af0d83626884bccc68d2c43b620c69ccafb9c1","제158조","제1항","False","REFERS_TO","True"
"68edcbe984db755f4d78f16e8a29dd301b318afb","68edcbe984db755f4d78f16e8a29dd301b318afb",,"제109조의2",,"True","REFERS_TO","True"
"e392bf5d12b3c0f523309a107dc0fcfdf55bff30","e392bf5d12b3c0f523309a107dc0fcfdf55bff30",,"제110조",,"True","REFERS_TO","True"
"e392bf5d12b3c0f523309a107dc0fcfdf55bff30",,"a6eef09ebf773caa8eca86ee84ceaf0935b0dd54","제159조","제1항","False","REFERS_TO","True"
"489abf2ff01ca5f70e64e827372ca42d381c5053","489abf2ff01ca5f70e64e827372ca42d381c5053",,"제111조",,"True","REFERS_TO","True"
"489abf2ff01ca5f70e64e827372ca42d381c5053",,"354231a837669fce286601554762133342d86a94","제160조","제1항","False","REFERS_TO","True"
"c11921523e92b70782f1659b0f3b91488c759d8d","c11921523e92b70782f1659b0f3b91488c759d8d",,"제112조",,"True","REFERS_TO","True"
"1021cfa370a1f3c283804ad1dc4c126a8209b55a","1021cfa370a1f3c283804ad1dc4c126a8209b55a",,"제113조",,"True","REFERS_TO","True"
"b69ce4dd8fdc9f458dd73765b8c15c2896a4de00","b69ce4dd8fdc9f458dd73765b8c15c2896a4de00",,"제114조",,"True","REFERS_TO","True"
"b69ce4dd8fdc9f458dd73765b8c15c2896a4de00",,"f2ff4e56f90a4cecc3a5b358dfedac6aeac83367","제161조","제1항","False","REFERS_TO","True"
"b69ce4dd8fdc9f458dd73765b8c15c2896a4de00","c11921523e92b70782f1659b0f3b91488c759d8d",,"제112조",,"True","REFERS_TO","True"
"52e6d4b3800683c7f236fb9af6c134ceeddb3af2","52e6d4b3800683c7f236fb9af6c134ceeddb3af2",,"제115조",,"True","REFERS_TO","True"
"52e6d4b3800683c7f236fb9af6c134ceeddb3af2",,"57048635a41ed9adece01cc0a6ae2c4c065918d2","제165조","제1항","False","REFERS_TO","True"
"57a51acf2f2974a682c92308968fce6e33569edf","57a51acf2f2974a682c92308968fce6e33569edf",,"제116조",,"True","REFERS_TO","True"
"2572cc65ef297608a58f7021e4e6e02d8c3fd77d","2572cc65ef297608a58f7021e4e6e02d8c3fd77d",,"제117조",,"True","REFERS_TO","True"
"2572cc65ef297608a58f7021e4e6e02d8c3fd77d",,"5d1d50920359a62eedf1917dd6977ecfdfd12dd3","제143조","제3항","False","REFERS_TO","True"
"2572cc65ef297608a58f7021e4e6e02d8c3fd77d",,"57048635a41ed9adece01cc0a6ae2c4c065918d2","제165조",,"False","REFERS_TO","True"
"2572cc65ef297608a58f7021e4e6e02d8c3fd77d","57a51acf2f2974a682c92308968fce6e33569edf",,"제116조","제4항","True","REFERS_TO","True"
"2572cc65ef297608a58f7021e4e6e02d8c3fd77d","b6dd60be87d2436a47ff183072b0f8bc029e59ed",,"제23조",,"True","REFERS_TO","True"
"2572cc65ef297608a58f7021e4e6e02d8c3fd77d","c97f9334f45d4d1b202bf7cdcb811f943003351f",,"제18조",,"True","REFERS_TO","True"
"2572cc65ef297608a58f7021e4e6e02d8c3fd77d","301b56e98392229fd1b628357935362f42a5007d",,"제19조",,"True","REFERS_TO","True"
"9022aea1b1bdd8c391e89a56cd3e9634f98ca2be","9022aea1b1bdd8c391e89a56cd3e9634f98ca2be",,"제118조",,"True","REFERS_TO","True"
"7ec4893dad29d13e889f9b4333eebb4219927b2f","7ec4893dad29d13e889f9b4333eebb4219927b2f",,"제119조",,"True","REFERS_TO","True"
"7ec4893dad29d13e889f9b4333eebb4219927b2f",,"1319dc58b3dc174aa48bffaacf72574d076763f4","제175조","제1항","False","REFERS_TO","True"
"6bdbe8c348ca90218b8812608bef3aeee0c24d53","6bdbe8c348ca90218b8812608bef3aeee0c24d53",,"제1조",,"True","REFERS_TO","True"
"690a0f5742a16e70db95006133ac2f1b7d1d1536","690a0f5742a16e70db95006133ac2f1b7d1d1536",,"제2조",,"True","REFERS_TO","True"
"9cb4b3d58374911f896c6140bf3625595caf845e","9cb4b3d58374911f896c6140bf3625595caf845e",,"제3조",,"True","REFERS_TO","True"
"9cb4b3d58374911f896c6140bf3625595caf845e","690a0f5742a16e70db95006133ac2f1b7d1d1536",,"제2조",,"True","REFERS_TO","True"
"285255b5188151649da8a78503066b79bc6d7f54","285255b5188151649da8a78503066b79bc6d7f54",,"제4조",,"True","REFERS_TO","True"
"285255b5188151649da8a78503066b79bc6d7f54","285255b5188151649da8a78503066b79bc6d7f54",,"제4조","제1항","True","REFERS_TO","True"
"22a61d61af6277fce2d5a5dd33b2bbeb49f559a9","22a61d61af6277fce2d5a5dd33b2bbeb49f559a9",,"제5조",,"True","REFERS_TO","True"
"afac26cab1d674a386921c9cf97d2b033b778016","afac26cab1d674a386921c9cf97d2b033b778016",,"제6조",,"True","REFERS_TO","True"
"6bbaee5ac7c5349496ad23d89f347951862b749f","6bbaee5ac7c5349496ad23d89f347951862b749f",,"제7조",,"True","REFERS_TO","True"
"6bbaee5ac7c5349496ad23d89f347951862b749f","c8b52e0711b525c1a64698c074a5276f8b22aa24",,"제8조","제2항","True","REFERS_TO","True"
"c8b52e0711b525c1a64698c074a5276f8b22aa24","c8b52e0711b525c1a64698c074a5276f8b22aa24",,"제8조",,"True","REFERS_TO","True"
"c8b52e0711b525c1a64698c074a5276f8b22aa24","6881cd8d71a455d07130adb252f775713c13ae64",,"제9조","제1항","True","REFERS_TO","True"
"6881cd8d71a455d07130adb252f775713c13ae64","6881cd8d71a455d07130adb252f775713c13ae64",,"제9조",,"True","REFERS_TO","True"
"86a3535012a96fbafe4b62b5353481b322c6f6d6","86a3535012a96fbafe4b62b5353481b322c6f6d6",,"제10조",,"True","REFERS_TO","True"
"86a3535012a96fbafe4b62b5353481b322c6f6d6","6881cd8d71a455d07130adb252f775713c13ae64",,"제9조","제2항","True","REFERS_TO","True"
"ca6064373026bfd6791aa974c1b0857791fc50aa","ca6064373026bfd6791aa974c1b0857791fc50aa",,"제11조",,"True","REFERS_TO","True"
"7027e8cc2c87914d6afc7d4a101bec82f8fb441d","7027e8cc2c87914d6afc7d4a101bec82f8fb441d",,"제12조",,"True","REFERS_TO","True"
"50caa72faf3449c0ec14abafccb3db45f5d7b99b","50caa72faf3449c0ec14abafccb3db45f5d7b99b",,"제13조",,"True","REFERS_TO","True"
"50caa72faf3449c0ec14abafccb3db45f5d7b99b","690a0f5742a16e70db95006133ac2f1b7d1d1536",,"제2조",,"True","REFERS_TO","True"
"50caa72faf3449c0ec14abafccb3db45f5d7b99b","285255b5188151649da8a78503066b79bc6d7f54",,"제4조",,"True","REFERS_TO","True"
"50caa72faf3449c0ec14abafccb3db45f5d7b99b","22a61d61af6277fce2d5a5dd33b2bbeb49f559a9",,"제5조",,"True","REFERS_TO","True"
"50caa72faf3449c0ec14abafccb3db45f5d7b99b","c8b52e0711b525c1a64698c074a5276f8b22aa24",,"제8조",,"True","REFERS_TO","True"
"50caa72faf3449c0ec14abafccb3db45f5d7b99b","ca6064373026bfd6791aa974c1b0857791fc50aa",,"제11조",,"True","REFERS_TO","True"
"df7ce7275f73d37b3b6730bef188605775b95a7f","df7ce7275f73d37b3b6730bef188605775b95a7f",,"제1조",,"True","REFERS_TO","True"
"df7ce7275f73d37b3b6730bef188605775b95a7f","cc9869a6196352996def43e39505a65731f071af",,"제5조",,"True","REFERS_TO","True"
"df7ce7275f73d37b3b6730bef188605775b95a7f","e077bf05b2461b0ce803a71c4517604ef7c21d9e",,"제16조",,"True","REFERS_TO","True"
"df7ce7275f73d37b3b6730bef188605775b95a7f","a25e81eb424f87d19352cdcb928f151fdbbe48e6",,"제37조",,"True","REFERS_TO","True"
"df7ce7275f73d37b3b6730bef188605775b95a7f","8b64219a4c0388fe9bc7315592a89b8d8ce84404",,"제40조",,"True","REFERS_TO","True"
"df7ce7275f73d37b3b6730bef188605775b95a7f","7ac7f51222354ca105c9f929db9dea594e1e2814",,"제63조",,"True","REFERS_TO","True"
"df7ce7275f73d37b3b6730bef188605775b95a7f","6c70004a80f2233b2b0b002161fde47d4fe44d5e",,"제66조",,"True","REFERS_TO","True"
"df7ce7275f73d37b3b6730bef188605775b95a7f","5db5f9b2eff5f5a7de79cb44d56d8a3508ec0f5f",,"제76조",,"True","REFERS_TO","True"
"df7ce7275f73d37b3b6730bef188605775b95a7f","78ef9d2b8c3743175e03f6d73fa02e59b8ad65c2",,"제78조",,"True","REFERS_TO","True"
"df7ce7275f73d37b3b6730bef188605775b95a7f","2039db1582fb1d1f1ecf4619ef656728f814e4f4",,"제80조",,"True","REFERS_TO","True"
"df7ce7275f73d37b3b6730bef188605775b95a7f","ffd675a5137e06fc3993abd87f2ff98ee8b841f4",,"제81조",,"True","REFERS_TO","True"
"df7ce7275f73d37b3b6730bef188605775b95a7f","1bfd665cbe23e1f36cc2abe950fdf1ee08bdeb1e",,"제83조",,"True","REFERS_TO","True"
"df7ce7275f73d37b3b6730bef188605775b95a7f","65a47dcbd4ae17ba779d8ccf6685c15441df8036",,"제84조",,"True","REFERS_TO","True"
"df7ce7275f73d37b3b6730bef188605775b95a7f","f64afe5bbf98820f2f103bd940ddaec9dd20052d",,"제89조",,"True","REFERS_TO","True"
"df7ce7275f73d37b3b6730bef188605775b95a7f","0df436928ed714d0e2568aaa979b052da77d797e",,"제93조",,"True","REFERS_TO","True"
"df7ce7275f73d37b3b6730bef188605775b95a7f","c0da5c494aa10579b927f56601b1e5356623f2cc",,"제117조",,"True","REFERS_TO","True"
"df7ce7275f73d37b3b6730bef188605775b95a7f","7aef328ce6ccc591522f3c5c74f549bff5b328b6",,"제119조",,"True","REFERS_TO","True"
"df7ce7275f73d37b3b6730bef188605775b95a7f","0ddb1082106dffe7bbf1dd69f66e62f2a84780ef",,"제123조",,"True","REFERS_TO","True"
"0938ccdeea3e26830b06a54d61b77e738282d13a","0938ccdeea3e26830b06a54d61b77e738282d13a",,"제2조",,"True","REFERS_TO","True"
"af9cca0321d42ee5193c80d9c34800ded756ba26","af9cca0321d42ee5193c80d9c34800ded756ba26",,"제3조",,"True","REFERS_TO","True"
"36cb63d9c119b17a52fcaa2230647b45f2710fa1","6458dab5d8823d509f04fb5858ebd7da9d49cbab",,"제4조",,"True","REFERS_TO","True"
"6458dab5d8823d509f04fb5858ebd7da9d49cbab","6458dab5d8823d509f04fb5858ebd7da9d49cbab",,"제4조의2",,"True","REFERS_TO","True"
"cc9869a6196352996def43e39505a65731f071af","cc9869a6196352996def43e39505a65731f071af",,"제5조",,"True","REFERS_TO","True"
"19ade660267989a2c25af06ec1b2dec37ed9ed1b","19ade660267989a2c25af06ec1b2dec37ed9ed1b",,"제6조",,"True","REFERS_TO","True"
"4daf6959f9d03731205530ed9c428f1901d5792d","4daf6959f9d03731205530ed9c428f1901d5792d",,"제7조",,"True","REFERS_TO","True"
"4cc0df7f980be54e66479791d35af0e233c8d6cc","4cc0df7f980be54e66479791d35af0e233c8d6cc",,"제8조",,"True","REFERS_TO","True"
"374f03a48529d8ca8df0b16b8142d308ae46a012","374f03a48529d8ca8df0b16b8142d308ae46a012",,"제9조",,"True","REFERS_TO","True"
"f5f01d80efdadb581bd0c56c7a0258e037417f1a","f5f01d80efdadb581bd0c56c7a0258e037417f1a",,"제10조",,"True","REFERS_TO","True"
"73bab4c00266b30bb923a16ee16b862f509af56b","73bab4c00266b30bb923a16ee16b862f509af56b",,"제11조",,"True","REFERS_TO","True"
"de4dcf41cdfafbf10b361ec2ca3148c21404aee3","de4dcf41cdfafbf10b361ec2ca3148c21404aee3",,"제12조",,"True","REFERS_TO","True"
"59f4e3b617c571cfdbdeeb5ae964233fd16ef395","59f4e3b617c571cfdbdeeb5ae964233fd16ef395",,"제13조",,"True","REFERS_TO","True"
"af4c1d86007d97d0043ce904bdefda8dd1fdfc41","af4c1d86007d97d0043ce904bdefda8dd1fdfc41",,"제14조",,"True","REFERS_TO","True"
"4db3891aae766a459436a76489904d1a2fec4a32","4db3891aae766a459436a76489904d1a2fec4a32",,"제15조",,"True","REFERS_TO","True"
"e077bf05b2461b0ce803a71c4517604ef7c21d9e","e077bf05b2461b0ce803a71c4517604ef7c21d9e",,"제16조",,"True","REFERS_TO","True"
"ff6180c6e47c7f4874ba21b083f79862805ea0d6","ff6180c6e47c7f4874ba21b083f79862805ea0d6",,"제17조",,"True","REFERS_TO","True"
"15c04e4904f522152892f2272d293cfec92bc002","15c04e4904f522152892f2272d293cfec92bc002",,"제18조",,"True","REFERS_TO","True"
"a3e3adbc32acbd99742f604d04d900adcf47f2ff","a3e3adbc32acbd99742f604d04d900adcf47f2ff",,"제19조",,"True","REFERS_TO","True"
"5b96af15dbb4cd416077c587fcb37d76ee8fe1ae","5b96af15dbb4cd416077c587fcb37d76ee8fe1ae",,"제20조",,"True","REFERS_TO","True"
"d93b5e735ebc7d9af6c8281bf21a5ab5c6556d3e","d93b5e735ebc7d9af6c8281bf21a5ab5c6556d3e",,"제21조",,"True","REFERS_TO","True"
"949f97620962c9c77019e6e32fb85be9526c7244","949f97620962c9c77019e6e32fb85be9526c7244",,"제22조",,"True","REFERS_TO","True"
"87869f240e72603c319c373d17ea2113a6daf78f","87869f240e72603c319c373d17ea2113a6daf78f",,"제23조",,"True","REFERS_TO","True"
"c36e42bd37643f4db52db46e700b6a3046626e2f","c36e42bd37643f4db52db46e700b6a3046626e2f",,"제24조",,"True","REFERS_TO","True"
"e27b4e7219c623f732578df408f018c267c8d8ac","e27b4e7219c623f732578df408f018c267c8d8ac",,"제25조",,"True","REFERS_TO","True"
"6261be620c3c6f4aea1ca1384bb71ea443f0f434","6261be620c3c6f4aea1ca1384bb71ea443f0f434",,"제26조",,"True","REFERS_TO","True"
"0a76b8f9456123076dd55b921a594af76972e353","0a76b8f9456123076dd55b921a594af76972e353",,"제27조",,"True","REFERS_TO","True"
"737ea18d363f68e303c5d7701e9290ce46581b6e","737ea18d363f68e303c5d7701e9290ce46581b6e",,"제28조",,"True","REFERS_TO","True"
"39c29d1a8ca55b05210820ea64e3ecb46c3551a0","39c29d1a8ca55b05210820ea64e3ecb46c3551a0",,"제29조",,"True","REFERS_TO","True"
"28443dfeb986be845620b69d65acbdd93c073052","28443dfeb986be845620b69d65acbdd93c073052",,"제30조",,"True","REFERS_TO","True"
"d60b3a24bbc4116523258f3013dfd996dbd3c6bf","d60b3a24bbc4116523258f3013dfd996dbd3c6bf",,"제31조",,"True","REFERS_TO","True"
"5103068fefaf8e607cb1d820267598ffa0524a6b","5103068fefaf8e607cb1d820267598ffa0524a6b",,"제32조",,"True","REFERS_TO","True"
"61ea8ab34cf1172577cd885cf33b6a5694ffb9cc","61ea8ab34cf1172577cd885cf33b6a5694ffb9cc",,"제33조",,"True","REFERS_TO","True"
"d8ca71278b14c91f2c1c07b8b91a99976cc392a3","d8ca71278b14c91f2c1c07b8b91a99976cc392a3",,"제34조",,"True","REFERS_TO","True"
"aa9cbcd643910e1c3519bf443764dfe510b7de88","aa9cbcd643910e1c3519bf443764dfe510b7de88",,"제35조",,"True","REFERS_TO","True"
"dda749b458060bc2572c98897363911bcaa052d4","dda749b458060bc2572c98897363911bcaa052d4",,"제36조",,"True","REFERS_TO","True"
"dda749b458060bc2572c98897363911bcaa052d4","2039db1582fb1d1f1ecf4619ef656728f814e4f4",,"제80조",,"True","REFERS_TO","True"
"dda749b458060bc2572c98897363911bcaa052d4","ffd675a5137e06fc3993abd87f2ff98ee8b841f4",,"제81조",,"True","REFERS_TO","True"
"dda749b458060bc2572c98897363911bcaa052d4","1bfd665cbe23e1f36cc2abe950fdf1ee08bdeb1e",,"제83조","제1항","True","REFERS_TO","True"
"dda749b458060bc2572c98897363911bcaa052d4","f64afe5bbf98820f2f103bd940ddaec9dd20052d",,"제89조","제1항","True","REFERS_TO","True"
"dda749b458060bc2572c98897363911bcaa052d4","0df436928ed714d0e2568aaa979b052da77d797e",,"제93조","제1항","True","REFERS_TO","True"
"a25e81eb424f87d19352cdcb928f151fdbbe48e6","a25e81eb424f87d19352cdcb928f151fdbbe48e6",,"제37조",,"True","REFERS_TO","True"
"075dd21be6067b32a1ada58da9c95d56013ade2c","075dd21be6067b32a1ada58da9c95d56013ade2c",,"제38조",,"True","REFERS_TO","True"
"31ec275cb48fa34dba46300f6a83fdd5584c6c46","31ec275cb48fa34dba46300f6a83fdd5584c6c46",,"제39조",,"True","REFERS_TO","True"
"8b64219a4c0388fe9bc7315592a89b8d8ce84404","8b64219a4c0388fe9bc7315592a89b8d8ce84404",,"제40조",,"True","REFERS_TO","True"
"03a60ceff23a9b6606e94bdf89c4a020691f9cff","03a60ceff23a9b6606e94bdf89c4a020691f9cff",,"제41조",,"True","REFERS_TO","True"
"a15861979c341169c179568131657bedf38c1f5f","a15861979c341169c179568131657bedf38c1f5f",,"제42조",,"True","REFERS_TO","True"
"e7bad8d3d223ce026a4438b8c60adfcbd2e28c15","e7bad8d3d223ce026a4438b8c60adfcbd2e28c15",,"제43조",,"True","REFERS_TO","True"
"eb5162c56b5c62cd661639a499adad372134e7c0","eb5162c56b5c62cd661639a499adad372134e7c0",,"제44조",,"True","REFERS_TO","True"
"876a062a640befa086371b95a53855b0e0022fdf","876a062a640befa086371b95a53855b0e0022fdf",,"제45조",,"True","REFERS_TO","True"
"3b6360ded919712422f0ff7cba504ea7ac03938e","3b6360ded919712422f0ff7cba504ea7ac03938e",,"제46조",,"True","REFERS_TO","True"
"b8800e468c651beca610e4d23ed408f59b8ae164","b8800e468c651beca610e4d23ed408f59b8ae164",,"제47조",,"True","REFERS_TO","True"
"9df8be714e49b525c0ccdd35eeff91c962d1c76f","9df8be714e49b525c0ccdd35eeff91c962d1c76f",,"제48조",,"True","REFERS_TO","True"
"2be8749013040af19d771b7afd7a6dd46bdb1e79","2be8749013040af19d771b7afd7a6dd46bdb1e79",,"제49조",,"True","REFERS_TO","True"
"60568c3bb55fea4ee796f2f509e4afd5a28c4116","60568c3bb55fea4ee796f2f509e4afd5a28c4116",,"제50조",,"True","REFERS_TO","True"
"2f5182d3f3cea29ed7b5ff4b1df5001724126eba","2f5182d3f3cea29ed7b5ff4b1df5001724126eba",,"제51조",,"True","REFERS_TO","True"
"2f5182d3f3cea29ed7b5ff4b1df5001724126eba","0938ccdeea3e26830b06a54d61b77e738282d13a",,"제2조",,"True","REFERS_TO","True"
"151b8525f146a3a004e5a8b4ae5b1ec2a488c15c","151b8525f146a3a004e5a8b4ae5b1ec2a488c15c",,"제52조",,"True","REFERS_TO","True"
"ed45d46c164385ae93547caa533775053885ce84","ed45d46c164385ae93547caa533775053885ce84",,"제53조",,"True","REFERS_TO","True"
"7795251c5b8995dab930855019f1868e170a85dc","7795251c5b8995dab930855019f1868e170a85dc",,"제54조",,"True","REFERS_TO","True"
"7841a708f495d6520f074f39b222f550ecab2eed","7841a708f495d6520f074f39b222f550ecab2eed",,"제55조",,"True","REFERS_TO","True"
"8badd4d3267a3b60fef192de18a70b94d60ff296","8badd4d3267a3b60fef192de18a70b94d60ff296",,"제56조",,"True","REFERS_TO","True"
"ea6367faf2d3163ee669c0884085da564002c9a3","ea6367faf2d3163ee669c0884085da564002c9a3",,"제57조",,"True","REFERS_TO","True"
"db3c969ec21c6fa7c6d8b8958124e22a9420a00b","db3c969ec21c6fa7c6d8b8958124e22a9420a00b",,"제58조",,"True","REFERS_TO","True"
"d35e098a063103f6bc93b73c9efed30a6cf45cf3","d35e098a063103f6bc93b73c9efed30a6cf45cf3",,"제59조",,"True","REFERS_TO","True"
"64ce3f272283a7d4e70b31e68db8d8dbad4bac9c","64ce3f272283a7d4e70b31e68db8d8dbad4bac9c",,"제60조",,"True","REFERS_TO","True"
"c4c2a0c5cd40bca8d84d331f7ac4bc48fe65bff6","c4c2a0c5cd40bca8d84d331f7ac4bc48fe65bff6",,"제61조",,"True","REFERS_TO","True"
"d33f9b7408726c3213d139bf2238c01f8c51972f","d33f9b7408726c3213d139bf2238c01f8c51972f",,"제62조",,"True","REFERS_TO","True"
"7ac7f51222354ca105c9f929db9dea594e1e2814","7ac7f51222354ca105c9f929db9dea594e1e2814",,"제63조",,"True","REFERS_TO","True"
"8bd293ca025ebdbea3f258403d3166a6a1e093f4","8bd293ca025ebdbea3f258403d3166a6a1e093f4",,"제64조",,"True","REFERS_TO","True"
"8bd293ca025ebdbea3f258403d3166a6a1e093f4","db3c969ec21c6fa7c6d8b8958124e22a9420a00b",,"제58조",,"True","REFERS_TO","True"
"bed04807c9067b0ae1b84c7380120b0e5b473141","bed04807c9067b0ae1b84c7380120b0e5b473141",,"제65조",,"True","REFERS_TO","True"
"9445ce939c5f258713137f662590bc6e9c4e9799","6c70004a80f2233b2b0b002161fde47d4fe44d5e",,"제66조",,"True","REFERS_TO","True"
"6c70004a80f2233b2b0b002161fde47d4fe44d5e","6c70004a80f2233b2b0b002161fde47d4fe44d5e",,"제66조의2",,"True","REFERS_TO","True"
"bdec1fa1310b4be0d01b428a95f2fe7e8b687b95","bdec1fa1310b4be0d01b428a95f2fe7e8b687b95",,"제67조",,"True","REFERS_TO","True"
"f7cc9807f614cd5ddaabf81ee1cf3e1ef62bde97","f7cc9807f614cd5ddaabf81ee1cf3e1ef62bde97",,"제68조",,"True","REFERS_TO","True"
"f5be6fc420e0ec62f714531834aaaa995f03b50c","f5be6fc420e0ec62f714531834aaaa995f03b50c",,"제69조",,"True","REFERS_TO","True"
"c6cb2bb3ebf0cc6e58952c17e48d3af4a69bf0f6","c6cb2bb3ebf0cc6e58952c17e48d3af4a69bf0f6",,"제70조",,"True","REFERS_TO","True"
"2f060890659df2389b98929f31c7cad04f021bec","2f060890659df2389b98929f31c7cad04f021bec",,"제71조",,"True","REFERS_TO","True"
"05044974aa3765e8ab8af684a5c7f4efc3ed2e67","05044974aa3765e8ab8af684a5c7f4efc3ed2e67",,"제72조",,"True","REFERS_TO","True"
"0dfb255e7eecff65bd5d7a7818c5931c3a45d291","0dfb255e7eecff65bd5d7a7818c5931c3a45d291",,"제73조",,"True","REFERS_TO","True"
"f56ca70dd3fdea74de02316c39b2dfd4979fe3fd","f56ca70dd3fdea74de02316c39b2dfd4979fe3fd",,"제74조",,"True","REFERS_TO","True"
"7ebc73740a90a9adf598868d46acbeb7771554a3","7ebc73740a90a9adf598868d46acbeb7771554a3",,"제75조",,"True","REFERS_TO","True"
"5db5f9b2eff5f5a7de79cb44d56d8a3508ec0f5f","5db5f9b2eff5f5a7de79cb44d56d8a3508ec0f5f",,"제76조",,"True","REFERS_TO","True"
"386b5074b4b1b14c8eddfb25e322e8395de8abce","386b5074b4b1b14c8eddfb25e322e8395de8abce",,"제77조",,"True","REFERS_TO","True"
"78ef9d2b8c3743175e03f6d73fa02e59b8ad65c2","78ef9d2b8c3743175e03f6d73fa02e59b8ad65c2",,"제78조",,"True","REFERS_TO","True"
"6ce4bea9b93bf7df6865cd12393b24a4ed31b30b","175ec2688e414e0c66330c84f31ff74d8ea0c76f",,"제79조",,"True","REFERS_TO","True"
"175ec2688e414e0c66330c84f31ff74d8ea0c76f","175ec2688e414e0c66330c84f31ff74d8ea0c76f",,"제79조의2",,"True","REFERS_TO","True"
"2039db1582fb1d1f1ecf4619ef656728f814e4f4","2039db1582fb1d1f1ecf4619ef656728f814e4f4",,"제80조",,"True","REFERS_TO","True"
"ffd675a5137e06fc3993abd87f2ff98ee8b841f4","ffd675a5137e06fc3993abd87f2ff98ee8b841f4",,"제81조",,"True","REFERS_TO","True"
"26fce5403a50609b3e9a88fa297b003c7126c003","26fce5403a50609b3e9a88fa297b003c7126c003",,"제82조",,"True","REFERS_TO","True"
"1bfd665cbe23e1f36cc2abe950fdf1ee08bdeb1e","1bfd665cbe23e1f36cc2abe950fdf1ee08bdeb1e",,"제83조",,"True","REFERS_TO","True"
"65a47dcbd4ae17ba779d8ccf6685c15441df8036","65a47dcbd4ae17ba779d8ccf6685c15441df8036",,"제84조",,"True","REFERS_TO","True"
"c6104649d582254fc82acff29637e7d6bb41be92","c6104649d582254fc82acff29637e7d6bb41be92",,"제85조",,"True","REFERS_TO","True"
"046a6b836359e57fba24eace1cf33768eb354ab9","046a6b836359e57fba24eace1cf33768eb354ab9",,"제86조",,"True","REFERS_TO","True"
"6a5fa7b6f595c0cfe8899e68bd046b6c5472f829","6a5fa7b6f595c0cfe8899e68bd046b6c5472f829",,"제87조",,"True","REFERS_TO","True"
"2e509daa70bb3ed5e803282df37d073c5bf554a1","2e509daa70bb3ed5e803282df37d073c5bf554a1",,"제88조",,"True","REFERS_TO","True"
"f64afe5bbf98820f2f103bd940ddaec9dd20052d","f64afe5bbf98820f2f103bd940ddaec9dd20052d",,"제89조",,"True","REFERS_TO","True"
"3e4cf384e4b7e20b830e55ed7fda69be2beb2039","3e4cf384e4b7e20b830e55ed7fda69be2beb2039",,"제90조",,"True","REFERS_TO","True"
"d0de40ff5477d4b14e6d3398490aa51c7a5a77ab","d0de40ff5477d4b14e6d3398490aa51c7a5a77ab",,"제91조",,"True","REFERS_TO","True"
"019b6a9c72df725e9757b9e435509529e2b7f67d","019b6a9c72df725e9757b9e435509529e2b7f67d",,"제92조",,"True","REFERS_TO","True"
"0df436928ed714d0e2568aaa979b052da77d797e","0df436928ed714d0e2568aaa979b052da77d797e",,"제93조",,"True","REFERS_TO","True"
"d648ade8b9a61b90bc8fb49e8fc46f6b5e74133c","d648ade8b9a61b90bc8fb49e8fc46f6b5e74133c",,"제94조",,"True","REFERS_TO","True"
"39c394070e4288e488432e3afad318e1b5f7868f","39c394070e4288e488432e3afad318e1b5f7868f",,"제95조",,"True","REFERS_TO","True"
"40504546e68e0b6df12f7271d928de032368ad6b","40504546e68e0b6df12f7271d928de032368ad6b",,"제96조",,"True","REFERS_TO","True"
"a7c41375451754671cbd39cf8b43347d749813a7","a7c41375451754671cbd39cf8b43347d749813a7",,"제97조",,"True","REFERS_TO","True"
"d8a914afb18a028409d2f9c2326ea5cf2d1fbeff","d8a914afb18a028409d2f9c2326ea5cf2d1fbeff",,"제98조",,"True","REFERS_TO","True"
"4cb35e1d0522ec34a068d187f7a364770f5eaf71","4cb35e1d0522ec34a068d187f7a364770f5eaf71",,"제99조",,"True","REFERS_TO","True"
"8b4086bc5fbce57565cf674be2ae1368fbde7315","8b4086bc5fbce57565cf674be2ae1368fbde7315",,"제100조",,"True","REFERS_TO","True"
"1651f3645ac51bbb67fbea81d5902aa33ba9a5dc","1651f3645ac51bbb67fbea81d5902aa33ba9a5dc",,"제101조",,"True","REFERS_TO","True"
"9278bb554e897093348828bc86ba1256f888d6a1","9278bb554e897093348828bc86ba1256f888d6a1",,"제102조",,"True","REFERS_TO","True"
"59e35f8463e727ba8efec3d9340c3fe9ee6b8c24","59e35f8463e727ba8efec3d9340c3fe9ee6b8c24",,"제103조",,"True","REFERS_TO","True"
"cfb7f339a3d723ae8cffd1aa5cb319252cdf9701","cfb7f339a3d723ae8cffd1aa5cb319252cdf9701",,"제104조",,"True","REFERS_TO","True"
"06f77dbea5fb4337c9da37d2f28c1716a784bbf4","06f77dbea5fb4337c9da37d2f28c1716a784bbf4",,"제105조",,"True","REFERS_TO","True"
"1acb03385733c608f2f51e1105911ddc3fc58ecf","1acb03385733c608f2f51e1105911ddc3fc58ecf",,"제106조",,"True","REFERS_TO","True"
"69a0d4a6e65ba2a0ab8b82b450bc5b991e3effab","69a0d4a6e65ba2a0ab8b82b450bc5b991e3effab",,"제107조",,"True","REFERS_TO","True"
"b4627f61564e0201ebdb8e934b7c387e29924ad4","b4627f61564e0201ebdb8e934b7c387e29924ad4",,"제108조",,"True","REFERS_TO","True"
"20616e8ed61ba227c49f8339eb71f03679ce0f80","20616e8ed61ba227c49f8339eb71f03679ce0f80",,"제109조",,"True","REFERS_TO","True"
"6c06e913a8f5d70e8f4bbc9688caa5e4f0619497","6c06e913a8f5d70e8f4bbc9688caa5e4f0619497",,"제110조",,"True","REFERS_TO","True"
"ac47e0f4de654ca99d2215bd235f22ba2c5cc58d","ac47e0f4de654ca99d2215bd235f22ba2c5cc58d",,"제111조",,"True","REFERS_TO","True"
"a88ab37e6f45bf2f9afbb71153fac1f7cf835ba1","a88ab37e6f45bf2f9afbb71153fac1f7cf835ba1",,"제112조",,"True","REFERS_TO","True"
"3a11c1c28193ca1cec8f2af7f2426538c238c127","3a11c1c28193ca1cec8f2af7f2426538c238c127",,"제113조",,"True","REFERS_TO","True"
"3a11c1c28193ca1cec8f2af7f2426538c238c127","ebceba5e3d55e464efc73683550c93001966354d",,"제225조",,"True","REFERS_TO","True"
"a5bc655ff12c66661cd954c9c169c96e78acb36b","a5bc655ff12c66661cd954c9c169c96e78acb36b",,"제114조",,"True","REFERS_TO","True"
"a5bc655ff12c66661cd954c9c169c96e78acb36b","f30b440d75a496100fc06d0559f3274458755e7b",,"제115조",,"True","REFERS_TO","True"
"f30b440d75a496100fc06d0559f3274458755e7b","f30b440d75a496100fc06d0559f3274458755e7b",,"제115조",,"True","REFERS_TO","True"
"cb5d49aa0a82875a65efa65c65c1a83958891b20","cb5d49aa0a82875a65efa65c65c1a83958891b20",,"제116조",,"True","REFERS_TO","True"
"c0da5c494aa10579b927f56601b1e5356623f2cc","c0da5c494aa10579b927f56601b1e5356623f2cc",,"제117조",,"True","REFERS_TO","True"
"fee0ea32e3eef22a90d9cef945631c851af44e44","fee0ea32e3eef22a90d9cef945631c851af44e44",,"제118조",,"True","REFERS_TO","True"
"7aef328ce6ccc591522f3c5c74f549bff5b328b6","7aef328ce6ccc591522f3c5c74f549bff5b328b6",,"제119조",,"True","REFERS_TO","True"
"57465dca0fe26c851b1c037a223ba785ca5d96b0","57465dca0fe26c851b1c037a223ba785ca5d96b0",,"제120조",,"True","REFERS_TO","True"
"72d74c49261bd2dc3370a295efd6ef8a68c80170","72d74c49261bd2dc3370a295efd6ef8a68c80170",,"제121조",,"True","REFERS_TO","True"
"6b6df8ef9b561946cf3d8de2a2040a2b41cc82c4","6b6df8ef9b561946cf3d8de2a2040a2b41cc82c4",,"제122조",,"True","REFERS_TO","True"
"0ddb1082106dffe7bbf1dd69f66e62f2a84780ef","0ddb1082106dffe7bbf1dd69f66e62f2a84780ef",,"제123조",,"True","REFERS_TO","True"
"1f9b9af4dc573c00efc7716c2fcbe9ea3d3573b2","1f9b9af4dc573c00efc7716c2fcbe9ea3d3573b2",,"제124조",,"True","REFERS_TO","True"
"fff7363d5f52c5a5ae1a03e50d97bd4d2eb7d046","fff7363d5f52c5a5ae1a03e50d97bd4d2eb7d046",,"제125조",,"True","REFERS_TO","True"
"eecff5461bf9ec46553a174ba25bd36419d2be69","eecff5461bf9ec46553a174ba25bd36419d2be69",,"제126조",,"True","REFERS_TO","True"
"87a88ed4e8fdfd6dae0dc22cd8d9fa30692ceea1","87a88ed4e8fdfd6dae0dc22cd8d9fa30692ceea1",,"제127조",,"True","REFERS_TO","True"
"988892547d10ebf15783f3c1c162114e2bfb3295","988892547d10ebf15783f3c1c162114e2bfb3295",,"제128조",,"True","REFERS_TO","True"
"95a58c9d9f50cc0e2b4c9f2800044d3520e7849f","95a58c9d9f50cc0e2b4c9f2800044d3520e7849f",,"제129조",,"True","REFERS_TO","True"
"1d22837a47a52dec7161e1eff9cf92441de931ef","1d22837a47a52dec7161e1eff9cf92441de931ef",,"제130조",,"True","REFERS_TO","True"
"278230c57ec0968d6b371fb61f29a83fd44c1645","278230c57ec0968d6b371fb61f29a83fd44c1645",,"제131조",,"True","REFERS_TO","True"
"278230c57ec0968d6b371fb61f29a83fd44c1645","374f03a48529d8ca8df0b16b8142d308ae46a012",,"제9조",,"True","REFERS_TO","True"
"03657abecf472b1e4c6385be8fa83027dff569e4","03657abecf472b1e4c6385be8fa83027dff569e4",,"제132조",,"True","REFERS_TO","True"
"392466906ced00a3c6e21a6973636b21f7b89123","392466906ced00a3c6e21a6973636b21f7b89123",,"제133조",,"True","REFERS_TO","True"
"167569b232b7f7c7f66d70674c145346fec48198","167569b232b7f7c7f66d70674c145346fec48198",,"제134조",,"True","REFERS_TO","True"
"99fb3717ef79f21928f3685e955c6c4160fbe34e","99fb3717ef79f21928f3685e955c6c4160fbe34e",,"제135조",,"True","REFERS_TO","True"
"99fb3717ef79f21928f3685e955c6c4160fbe34e","03657abecf472b1e4c6385be8fa83027dff569e4",,"제132조","제1항","True","REFERS_TO","True"
"42361c6c673782bf3e5ee248a6dce9d15f41e038","42361c6c673782bf3e5ee248a6dce9d15f41e038",,"제136조",,"True","REFERS_TO","True"
"60e2282aa2b9e3407908b44f29cb5ddbe9a3f74c","60e2282aa2b9e3407908b44f29cb5ddbe9a3f74c",,"제137조",,"True","REFERS_TO","True"
"22ce6c2443bbc577383fc7b6537329cc017ea2ed","22ce6c2443bbc577383fc7b6537329cc017ea2ed",,"제138조",,"True","REFERS_TO","True"
"0963829ddcd4b2c6d5fb7f14b5cedd8fa45ae3aa","0963829ddcd4b2c6d5fb7f14b5cedd8fa45ae3aa",,"제139조",,"True","REFERS_TO","True"
"258473b415718892f79626aae341b3cc2c50e4d4","258473b415718892f79626aae341b3cc2c50e4d4",,"제140조",,"True","REFERS_TO","True"
"05964632ab9c528707d001735bad3bf2563c74f8","05964632ab9c528707d001735bad3bf2563c74f8",,"제141조",,"True","REFERS_TO","True"
"ae23ba9ba588754bc03beaed37b2f43b8745b0cb","ae23ba9ba588754bc03beaed37b2f43b8745b0cb",,"제142조",,"True","REFERS_TO","True"
"880050b7729c21dd86bb2db230d836dadae08559","880050b7729c21dd86bb2db230d836dadae08559",,"제143조",,"True","REFERS_TO","True"
"499b9b4e2dcf1841e7c4c45f366a00d08df76071","499b9b4e2dcf1841e7c4c45f366a00d08df76071",,"제144조",,"True","REFERS_TO","True"
"e3542d0b69aad1f0032fbcae3fc978bf4e38852e","e3542d0b69aad1f0032fbcae3fc978bf4e38852e",,"제145조",,"True","REFERS_TO","True"
"5451de361595318e8dd7659a17673c72606353db","5451de361595318e8dd7659a17673c72606353db",,"제146조",,"True","REFERS_TO","True"
"ecca31cd804eb34d2b073646b97d71675b0a687d","ecca31cd804eb34d2b073646b97d71675b0a687d",,"제147조",,"True","REFERS_TO","True"
"651e8ab451b10c0815ce0193ea03cca46f397bd8","651e8ab451b10c0815ce0193ea03cca46f397bd8",,"제148조",,"True","REFERS_TO","True"
"775222d7562c1ad98754a482fbcc92be1787d04b","775222d7562c1ad98754a482fbcc92be1787d04b",,"제149조",,"True","REFERS_TO","True"
"997b8ff35e788b3b43f78bd877f661daa81bd5a9","997b8ff35e788b3b43f78bd877f661daa81bd5a9",,"제150조",,"True","REFERS_TO","True"
"c1ddcaf40fc1eedfefc51c4a2c97c90987e29672","c1ddcaf40fc1eedfefc51c4a2c97c90987e29672",,"제151조",,"True","REFERS_TO","True"
"9af8351da98f6d97bed763f334ec54dacdc5317d","9af8351da98f6d97bed763f334ec54dacdc5317d",,"제152조",,"True","REFERS_TO","True"
"26b491591a60c85261fe324e6a3b7b94ec12684e","26b491591a60c85261fe324e6a3b7b94ec12684e",,"제153조",,"True","REFERS_TO","True"
"c4e6472c4e1ec6ea137f1990dda2d8a90111d5d7","c4e6472c4e1ec6ea137f1990dda2d8a90111d5d7",,"제154조",,"True","REFERS_TO","True"
"f9af1d8b3f426d3bc72a9ce2d8d58d3342fdd615","f9af1d8b3f426d3bc72a9ce2d8d58d3342fdd615",,"제155조",,"True","REFERS_TO","True"
"b4249106a0fb64c69770a3b6c1aeef07bccd477b","b4249106a0fb64c69770a3b6c1aeef07bccd477b",,"제156조",,"True","REFERS_TO","True"
"df6a51cc6477d763325f18589f936464f2551a95","df6a51cc6477d763325f18589f936464f2551a95",,"제157조",,"True","REFERS_TO","True"
"133f7d7511c5ebfaea2b05e927163f8ad6a390cd","133f7d7511c5ebfaea2b05e927163f8ad6a390cd",,"제158조",,"True","REFERS_TO","True"
"4388da06c25c9f0909069787d1b0a06841452b0d","4388da06c25c9f0909069787d1b0a06841452b0d",,"제159조",,"True","REFERS_TO","True"
"ee6f06fedf07dc108b5f221b97a6ef2ab0350a75","ee6f06fedf07dc108b5f221b97a6ef2ab0350a75",,"제160조",,"True","REFERS_TO","True"
"62958ad2ec9e13be86f27a2f38a45456d04eb1e4","62958ad2ec9e13be86f27a2f38a45456d04eb1e4",,"제161조",,"True","REFERS_TO","True"
"e258c7828e2a6b0ddec1ca433fd87f1dc76b3a2d","e258c7828e2a6b0ddec1ca433fd87f1dc76b3a2d",,"제162조",,"True","REFERS_TO","True"
"43f03d376ee7a76dc84575f27755dcdb1cb5e6fe","43f03d376ee7a76dc84575f27755dcdb1cb5e6fe",,"제163조",,"True","REFERS_TO","True"
"206676438b514f966d5dd325811adb976b803b22","206676438b514f966d5dd325811adb976b803b22",,"제164조",,"True","REFERS_TO","True"
"c3e35b2f5ddce50f087ccb329593a93701dc9c77","c3e35b2f5ddce50f087ccb329593a93701dc9c77",,"제165조",,"True","REFERS_TO","True"
"d22acf2c129adfb33a668239ec038791b204ace5","d22acf2c129adfb33a668239ec038791b204ace5",,"제166조",,"True","REFERS_TO","True"
"d22acf2c129adfb33a668239ec038791b204ace5","7ac7f51222354ca105c9f929db9dea594e1e2814",,"제63조","제1항","True","REFERS_TO","True"
"7024247e5c1f12b4021b6995d4f379a74c48f05b","7024247e5c1f12b4021b6995d4f379a74c48f05b",,"제167조",,"True","REFERS_TO","True"
"7024247e5c1f12b4021b6995d4f379a74c48f05b","7ac7f51222354ca105c9f929db9dea594e1e2814",,"제63조","제1항","True","REFERS_TO","True"
"c32e2a37fabff47fc3caa50382be9258f06c69ba","c32e2a37fabff47fc3caa50382be9258f06c69ba",,"제168조",,"True","REFERS_TO","True"
"7142e679995b7c2432e42cb3f847f3899875f323","7142e679995b7c2432e42cb3f847f3899875f323",,"제169조",,"True","REFERS_TO","True"
"7142e679995b7c2432e42cb3f847f3899875f323","7ac7f51222354ca105c9f929db9dea594e1e2814",,"제63조","제2항","True","REFERS_TO","True"
"324e5be2beb63e785110eac457351c83aa912fed","324e5be2beb63e785110eac457351c83aa912fed",,"제170조",,"True","REFERS_TO","True"
"f6259b813f5cf9adb499b61b0e3847f2c6d7f028","f6259b813f5cf9adb499b61b0e3847f2c6d7f028",,"제171조",,"True","REFERS_TO","True"
"7e2e342cb3b6493cf0a8ddc85d15fe421a14e56d","7e2e342cb3b6493cf0a8ddc85d15fe421a14e56d",,"제172조",,"True","REFERS_TO","True"
"414caf99322e8604a04b2e4705788bab8d69a6a9","414caf99322e8604a04b2e4705788bab8d69a6a9",,"제173조",,"True","REFERS_TO","True"
"dba00ed56503ece4d1c56a0d901369dbff1c68ee","dba00ed56503ece4d1c56a0d901369dbff1c68ee",,"제174조",,"True","REFERS_TO","True"
"089ddcbdb36e2e7f8a452a1a44dd5f8e521fecb2","089ddcbdb36e2e7f8a452a1a44dd5f8e521fecb2",,"제175조",,"True","REFERS_TO","True"
"4b2954509a854577e6e2c31f4120a3faaa12ad88","4b2954509a854577e6e2c31f4120a3faaa12ad88",,"제176조",,"True","REFERS_TO","True"
"c275c31b2c9b3b4f9e856435ea87ebbb01477344","c275c31b2c9b3b4f9e856435ea87ebbb01477344",,"제177조",,"True","REFERS_TO","True"
"5c9c55805dfe183413e53c8aa43f78df3f7eaa57","5c9c55805dfe183413e53c8aa43f78df3f7eaa57",,"제178조",,"True","REFERS_TO","True"
"f062e86f3f6707135652f022a7d63190f45f3ba7","f062e86f3f6707135652f022a7d63190f45f3ba7",,"제179조",,"True","REFERS_TO","True"
"262a3d90ed80132d03bece767e6201d663f8a8ac","262a3d90ed80132d03bece767e6201d663f8a8ac",,"제180조",,"True","REFERS_TO","True"
"f9cef067f171ee65888ae2341c59f866b4fed542","f9cef067f171ee65888ae2341c59f866b4fed542",,"제181조",,"True","REFERS_TO","True"
"e7dd4a0d21c3f2bf3b8b43a0deb01629af003f73","e7dd4a0d21c3f2bf3b8b43a0deb01629af003f73",,"제182조",,"True","REFERS_TO","True"
"02d4039199da7e77407af07005a7524f74f3fdf2","02d4039199da7e77407af07005a7524f74f3fdf2",,"제183조",,"True","REFERS_TO","True"
"53488ea26086910eb8a8e9efe1479e1b3817ced9","53488ea26086910eb8a8e9efe1479e1b3817ced9",,"제184조",,"True","REFERS_TO","True"
"4dd30edbbc7b3257c91be6e71875bd393eb7ba1c","4dd30edbbc7b3257c91be6e71875bd393eb7ba1c",,"제185조",,"True","REFERS_TO","True"
"4af1b448b63873256bf7ce97044c630f13c62f7a","4af1b448b63873256bf7ce97044c630f13c62f7a",,"제186조",,"True","REFERS_TO","True"
"4ddd41aa5a784e02b87069ed837576b1d7d060d2","4ddd41aa5a784e02b87069ed837576b1d7d060d2",,"제187조",,"True","REFERS_TO","True"
"ca4ed1669aa84b90a372b33ed979b24f76712a66","ca4ed1669aa84b90a372b33ed979b24f76712a66",,"제188조",,"True","REFERS_TO","True"
"055a8f7af57b440fefee1821d2f929f6dc82ecef","055a8f7af57b440fefee1821d2f929f6dc82ecef",,"제189조",,"True","REFERS_TO","True"
"2b419c53159dd05b0c86a36bf6ba05cd07d1a33c","2b419c53159dd05b0c86a36bf6ba05cd07d1a33c",,"제190조",,"True","REFERS_TO","True"
"1bb63f8326e40ce7d67d4265ade9c552b3cca1e8","1bb63f8326e40ce7d67d4265ade9c552b3cca1e8",,"제191조",,"True","REFERS_TO","True"
"6c921ee46425b96add8281488b15c3c409cc934a","6c921ee46425b96add8281488b15c3c409cc934a",,"제192조",,"True","REFERS_TO","True"
"6f5fafa15a8ac053e8a1cdfd82ec144b4837d52e","6f5fafa15a8ac053e8a1cdfd82ec144b4837d52e",,"제193조",,"True","REFERS_TO","True"
"24c884f21ee6c6202e4a44981f777f1029f21890","24c884f21ee6c6202e4a44981f777f1029f21890",,"제194조",,"True","REFERS_TO","True"
"457cb60a4786a34e642a78657ff447a736c710c9","457cb60a4786a34e642a78657ff447a736c710c9",,"제195조",,"True","REFERS_TO","True"
"6d9c490d011df6e0ce9a76f9deead2859286813b","6d9c490d011df6e0ce9a76f9deead2859286813b",,"제196조",,"True","REFERS_TO","True"
"63e5d392bc0c0fc0f7ffb6068b456be8de0dad16","63e5d392bc0c0fc0f7ffb6068b456be8de0dad16",,"제197조",,"True","REFERS_TO","True"
"23f60941d11aec84f8f5b0241523d79e8f2d2dbe","23f60941d11aec84f8f5b0241523d79e8f2d2dbe",,"제198조",,"True","REFERS_TO","True"
"3142b1cfc31d820314f84b6c4ef3dab90b42279c","3142b1cfc31d820314f84b6c4ef3dab90b42279c",,"제199조",,"True","REFERS_TO","True"
"9f8846d52dbba673a83056c9d50087e79ac58a74","9f8846d52dbba673a83056c9d50087e79ac58a74",,"제200조",,"True","REFERS_TO","True"
"b050fa88d1ac18b1094182d416e4df2a03f03fe4","b050fa88d1ac18b1094182d416e4df2a03f03fe4",,"제201조",,"True","REFERS_TO","True"
"b0fc35d6d12611858b5734aa8aaa3b4508265b92","b0fc35d6d12611858b5734aa8aaa3b4508265b92",,"제202조",,"True","REFERS_TO","True"
"59ddb08bfc74dc92d65b72cd5662249612a4ef62","59ddb08bfc74dc92d65b72cd5662249612a4ef62",,"제203조",,"True","REFERS_TO","True"
"db6ea087464cf2d9b4698c85481901ca4e1f6643","db6ea087464cf2d9b4698c85481901ca4e1f6643",,"제204조",,"True","REFERS_TO","True"
"a7f0966ec573cac2fa8bfc8f1f9878e1c255bba9","a7f0966ec573cac2fa8bfc8f1f9878e1c255bba9",,"제205조",,"True","REFERS_TO","True"
"9b77d979c4efddc3524922e4acb7c11ff1096d22","9b77d979c4efddc3524922e4acb7c11ff1096d22",,"제206조",,"True","REFERS_TO","True"
"3e1bac85905abf7c2a2e778282f1d93785929eb2","3e1bac85905abf7c2a2e778282f1d93785929eb2",,"제207조",,"True","REFERS_TO","True"
"11be44013703c682b39bc9157d1880ff68295bcd","11be44013703c682b39bc9157d1880ff68295bcd",,"제208조",,"True","REFERS_TO","True"
"1bfd9ae608e48f87f6303a9b69f0e064e3106e41","1bfd9ae608e48f87f6303a9b69f0e064e3106e41",,"제209조",,"True","REFERS_TO","True"
"34a5d923a6693acc57dee33524a7d7dc63c4b4d2","34a5d923a6693acc57dee33524a7d7dc63c4b4d2",,"제210조",,"True","REFERS_TO","True"
"34a5d923a6693acc57dee33524a7d7dc63c4b4d2","7ac7f51222354ca105c9f929db9dea594e1e2814",,"제63조","제1항","True","REFERS_TO","True"
"64e0ebe2867af3bb169a1b2c8ac5f38e2f613d2b","64e0ebe2867af3bb169a1b2c8ac5f38e2f613d2b",,"제211조",,"True","REFERS_TO","True"
"667214c8a44a486de07da24702338c869d919c9c","667214c8a44a486de07da24702338c869d919c9c",,"제212조",,"True","REFERS_TO","True"
"3dd248de96f5de1986c07741b3db3da40c9ecab7","3dd248de96f5de1986c07741b3db3da40c9ecab7",,"제213조",,"True","REFERS_TO","True"
"b92edab8a7de49f1729a7f47692f9ffabec5e0a7","b92edab8a7de49f1729a7f47692f9ffabec5e0a7",,"제214조",,"True","REFERS_TO","True"
"9b44f5e2132f6708801d539cb0bec9d197c1e794","9b44f5e2132f6708801d539cb0bec9d197c1e794",,"제215조",,"True","REFERS_TO","True"
"4dc826b8512854e1a7934c73a385cade5dae18d6","4dc826b8512854e1a7934c73a385cade5dae18d6",,"제216조",,"True","REFERS_TO","True"
"879a931711f0fb1bb049be06207d2b890c920c75","879a931711f0fb1bb049be06207d2b890c920c75",,"제217조",,"True","REFERS_TO","True"
"3a829b4aca299316410b0d32cf0d38488a3d5b95","3a829b4aca299316410b0d32cf0d38488a3d5b95",,"제218조",,"True","REFERS_TO","True"
"1d0a2621cb9d203d1dd3cefefdab87a276d2f648","1d0a2621cb9d203d1dd3cefefdab87a276d2f648",,"제219조",,"True","REFERS_TO","True"
"d6e45371a6716a6fdd79e57dd1722798fa2fed9b","d6e45371a6716a6fdd79e57dd1722798fa2fed9b",,"제220조",,"True","REFERS_TO","True"
"803b12b341d8ca4cb7459c7adf4a326e7a490a9f","9bd97017bb39af5cad0fc40dcf50805d857db881",,"제221조",,"True","REFERS_TO","True"
"8a5ebcfc62b7a83a4dd8f5be0337003268d3ab71","8a5ebcfc62b7a83a4dd8f5be0337003268d3ab71",,"제221조의2",,"True","REFERS_TO","True"
"e72171ff1ecb646a9234993403fc700dbfd18b93","e72171ff1ecb646a9234993403fc700dbfd18b93",,"제221조의3",,"True","REFERS_TO","True"
"f91d8e0b5bb3396b0f93095cb06f1f7acd9aeed6","f91d8e0b5bb3396b0f93095cb06f1f7acd9aeed6",,"제221조의4",,"True","REFERS_TO","True"
"9bd97017bb39af5cad0fc40dcf50805d857db881","9bd97017bb39af5cad0fc40dcf50805d857db881",,"제221조의5",,"True","REFERS_TO","True"
"d8fcd096eede27379b74d4f8eef2b11c5c7310f2","d8fcd096eede27379b74d4f8eef2b11c5c7310f2",,"제222조",,"True","REFERS_TO","True"
"905a96e04b14c3d37feb4ad7ab4071c731cd80ad","905a96e04b14c3d37feb4ad7ab4071c731cd80ad",,"제223조",,"True","REFERS_TO","True"
"905a96e04b14c3d37feb4ad7ab4071c731cd80ad","d8fcd096eede27379b74d4f8eef2b11c5c7310f2",,"제222조",,"True","REFERS_TO","True"
"905a96e04b14c3d37feb4ad7ab4071c731cd80ad","79b1c93f8dfe1c18b4e43fd3db53b88c764f15ad",,"제224조",,"True","REFERS_TO","True"
"79b1c93f8dfe1c18b4e43fd3db53b88c764f15ad","79b1c93f8dfe1c18b4e43fd3db53b88c764f15ad",,"제224조",,"True","REFERS_TO","True"
"79b1c93f8dfe1c18b4e43fd3db53b88c764f15ad","d8fcd096eede27379b74d4f8eef2b11c5c7310f2",,"제222조",,"True","REFERS_TO","True"
"ebceba5e3d55e464efc73683550c93001966354d","ebceba5e3d55e464efc73683550c93001966354d",,"제225조",,"True","REFERS_TO","True"
"06322a1e1afe15f2b55f6caa8880814b69cb9571","06322a1e1afe15f2b55f6caa8880814b69cb9571",,"제226조",,"True","REFERS_TO","True"
"5aa72ec7ffa71fc4d2b809a232383dc7200f0168","5aa72ec7ffa71fc4d2b809a232383dc7200f0168",,"제227조",,"True","REFERS_TO","True"
"9ece834511187f3dc9f86bb91ac0e30328d4445d","9ece834511187f3dc9f86bb91ac0e30328d4445d",,"제228조",,"True","REFERS_TO","True"
"9ece834511187f3dc9f86bb91ac0e30328d4445d","d68faad725eae0fa99802845825a6c1762fed458",,"제229조",,"True","REFERS_TO","True"
"d68faad725eae0fa99802845825a6c1762fed458","d68faad725eae0fa99802845825a6c1762fed458",,"제229조",,"True","REFERS_TO","True"
"573665d45940ff83d3de6726eebf7bfced11e311","573665d45940ff83d3de6726eebf7bfced11e311",,"제230조",,"True","REFERS_TO","True"
"284657bfd8bb951ac5a7096ca9b7f61a2daeb3af","284657bfd8bb951ac5a7096ca9b7f61a2daeb3af",,"제231조",,"True","REFERS_TO","True"
"906179125337167f673cde69b75a410963908e19","906179125337167f673cde69b75a410963908e19",,"제232조",,"True","REFERS_TO","True"
"8f42f906fd2c0cfeb3b348cff7c448cac8758450","8f42f906fd2c0cfeb3b348cff7c448cac8758450",,"제233조",,"True","REFERS_TO","True"
"07250d3282c9d2938cbb6895be55aa56e6127ed6","07250d3282c9d2938cbb6895be55aa56e6127ed6",,"제234조",,"True","REFERS_TO","True"
"7597ce2eb347ca4c70245f9a2a637627d0e53838","7597ce2eb347ca4c70245f9a2a637627d0e53838",,"제235조",,"True","REFERS_TO","True"
"262d68a2e410dd10bce563f4d0b19bc730e4a30c","262d68a2e410dd10bce563f4d0b19bc730e4a30c",,"제236조",,"True","REFERS_TO","True"
"3c7a66c1040f78d57a4cb37456cc9e8381ea3dcc","3c7a66c1040f78d57a4cb37456cc9e8381ea3dcc",,"제237조",,"True","REFERS_TO","True"
"7b9e7ffbcd756560c8b4631a12504a347cbfd953","7b9e7ffbcd756560c8b4631a12504a347cbfd953",,"제238조",,"True","REFERS_TO","True"
"54a4b493819df26138c505d881231934334d053f","54a4b493819df26138c505d881231934334d053f",,"제239조",,"True","REFERS_TO","True"
"af042d9ac115a3dc169c64c3d4e5207b2f043342","af042d9ac115a3dc169c64c3d4e5207b2f043342",,"제240조",,"True","REFERS_TO","True"
"4e08454268bbe7b4240017d917519fa0b54ec699","3133ca56e6aae08f0660ffc8749bdfbb87e3e52e",,"제241조",,"True","REFERS_TO","True"
"3133ca56e6aae08f0660ffc8749bdfbb87e3e52e","3133ca56e6aae08f0660ffc8749bdfbb87e3e52e",,"제241조의2",,"True","REFERS_TO","True"
"295f4faf9e3bd6c3b5f353fbde7284e0c4ef064a","295f4faf9e3bd6c3b5f353fbde7284e0c4ef064a",,"제242조",,"True","REFERS_TO","True"
"2edeadce0fd8411bda71182ce7f751daf676ae80","2edeadce0fd8411bda71182ce7f751daf676ae80",,"제243조",,"True","REFERS_TO","True"
"fd7a955467d66d3c7e6daca64f0f4fbd93b8e235","fd7a955467d66d3c7e6daca64f0f4fbd93b8e235",,"제244조",,"True","REFERS_TO","True"
"e537919751c6ce87f6810d87329c4fcd9bc0ac94","e537919751c6ce87f6810d87329c4fcd9bc0ac94",,"제245조",,"True","REFERS_TO","True"
"ed320bfbac6c3c25c161a84591b7749d952a41cb","ed320bfbac6c3c25c161a84591b7749d952a41cb",,"제246조",,"True","REFERS_TO","True"
"61212c8f1367af2dd379bc5f6eaa6c76fdc83672","61212c8f1367af2dd379bc5f6eaa6c76fdc83672",,"제247조",,"True","REFERS_TO","True"
"4d57a4c393ca835b66f6c3eafcdc2092406d92de","4d57a4c393ca835b66f6c3eafcdc2092406d92de",,"제248조",,"True","REFERS_TO","True"
"2400f567cf5bd9d9b200a6cf34641fc4e53ee0e6","2400f567cf5bd9d9b200a6cf34641fc4e53ee0e6",,"제249조",,"True","REFERS_TO","True"
"bbf12795c2a15493772b54e970daa504edb17926","bbf12795c2a15493772b54e970daa504edb17926",,"제250조",,"True","REFERS_TO","True"
"bbf12795c2a15493772b54e970daa504edb17926","4d57a4c393ca835b66f6c3eafcdc2092406d92de",,"제248조",,"True","REFERS_TO","True"
"bbf12795c2a15493772b54e970daa504edb17926","2400f567cf5bd9d9b200a6cf34641fc4e53ee0e6",,"제249조",,"True","REFERS_TO","True"
"a79b47b09b12c047e7a6593c3b53779b828b932e","a79b47b09b12c047e7a6593c3b53779b828b932e",,"제251조",,"True","REFERS_TO","True"
"a1bda73cb5950b7d5149cd6b10e27a80d7e7f627","a1bda73cb5950b7d5149cd6b10e27a80d7e7f627",,"제252조",,"True","REFERS_TO","True"
"a1bda73cb5950b7d5149cd6b10e27a80d7e7f627","a79b47b09b12c047e7a6593c3b53779b828b932e",,"제251조",,"True","REFERS_TO","True"
"af1856e33e91de8f71f861604a961c48a0429c8d","af1856e33e91de8f71f861604a961c48a0429c8d",,"제253조",,"True","REFERS_TO","True"
"0b0c6152eb2fca28d11715a80b6eee4c5670048e","0b0c6152eb2fca28d11715a80b6eee4c5670048e",,"제254조",,"True","REFERS_TO","True"
"8d619df898c738c6b55bfdc3ee60259fc8084e65","8d619df898c738c6b55bfdc3ee60259fc8084e65",,"제255조",,"True","REFERS_TO","True"
"71f874771740eab0eddb25ca1c9e1d80d5dfd652","71f874771740eab0eddb25ca1c9e1d80d5dfd652",,"제256조",,"True","REFERS_TO","True"
"4b8e4c9ffc3f5974f25da001070b51a3a043b1b8","4b8e4c9ffc3f5974f25da001070b51a3a043b1b8",,"제257조",,"True","REFERS_TO","True"
"cb96b1579cbec7eb5f46f035c658019cd4345ff5","cb96b1579cbec7eb5f46f035c658019cd4345ff5",,"제258조",,"True","REFERS_TO","True"
"d21967ed8732509856248d5d872981d80d57194a","d21967ed8732509856248d5d872981d80d57194a",,"제259조",,"True","REFERS_TO","True"
"d822a2896ba75fe60d5efe19aa1538684dfceafe","d822a2896ba75fe60d5efe19aa1538684dfceafe",,"제260조",,"True","REFERS_TO","True"
"1f96d19d4e541638b2a7d999d3b308137ba25c57","1f96d19d4e541638b2a7d999d3b308137ba25c57",,"제261조",,"True","REFERS_TO","True"
"10c0c4f2b0db55ea2f9954af41151ab0f06a4266","10c0c4f2b0db55ea2f9954af41151ab0f06a4266",,"제262조",,"True","REFERS_TO","True"
"10c0c4f2b0db55ea2f9954af41151ab0f06a4266","1f96d19d4e541638b2a7d999d3b308137ba25c57",,"제261조","제1항","True","REFERS_TO","True"
"94e9bcc34b64d1a2053f289e611680c763fde617","94e9bcc34b64d1a2053f289e611680c763fde617",,"제263조",,"True","REFERS_TO","True"
"79b749369bdb92e3e1cd6143211dbd45100da97e","79b749369bdb92e3e1cd6143211dbd45100da97e",,"제264조",,"True","REFERS_TO","True"
"79b749369bdb92e3e1cd6143211dbd45100da97e","1f96d19d4e541638b2a7d999d3b308137ba25c57",,"제261조","제1항","True","REFERS_TO","True"
"e8c3ab635ded3260382a84a8d5ae70d847ed4fbd","e8c3ab635ded3260382a84a8d5ae70d847ed4fbd",,"제265조",,"True","REFERS_TO","True"
"adf4056a8ccc21b3c816115fc47e3c5eaa7802ca","adf4056a8ccc21b3c816115fc47e3c5eaa7802ca",,"제266조",,"True","REFERS_TO","True"
"bd2badd8e62b9e1884f2e2a27e7d24a93dcb5a9e","bd2badd8e62b9e1884f2e2a27e7d24a93dcb5a9e",,"제267조",,"True","REFERS_TO","True"
"5cc7513a361b82aa6feca3310697d5e9d91d66bc","5cc7513a361b82aa6feca3310697d5e9d91d66bc",,"제268조",,"True","REFERS_TO","True"
"f293ba586dfb5b50036090771dc2fec89c7e1173","f293ba586dfb5b50036090771dc2fec89c7e1173",,"제269조",,"True","REFERS_TO","True"
"c305a470bf56aa5254c7c31fa5f6163e736e0992","c305a470bf56aa5254c7c31fa5f6163e736e0992",,"제270조",,"True","REFERS_TO","True"
"7c17ea68f1dd3a9a6ec3a6aa131b97f18e8e30bf","7c17ea68f1dd3a9a6ec3a6aa131b97f18e8e30bf",,"제271조",,"True","REFERS_TO","True"
"7c17ea68f1dd3a9a6ec3a6aa131b97f18e8e30bf","eb5162c56b5c62cd661639a499adad372134e7c0",,"제44조",,"True","REFERS_TO","True"
"5c7692d4fbeb09f50c11cd338eede8bcedaa7971","5c7692d4fbeb09f50c11cd338eede8bcedaa7971",,"제272조",,"True","REFERS_TO","True"
"ff5659c962c43b6c879769d9bd2b08f165bb7424","ff5659c962c43b6c879769d9bd2b08f165bb7424",,"제273조",,"True","REFERS_TO","True"
"32156fcfa2f5118af1851cfc919abfeac3c6fcf8","32156fcfa2f5118af1851cfc919abfeac3c6fcf8",,"제274조",,"True","REFERS_TO","True"
"96aec1b3405f296a91e61dd0a0ccb372d3472ada","96aec1b3405f296a91e61dd0a0ccb372d3472ada",,"제275조",,"True","REFERS_TO","True"
"13dcc90349ced4f886b88cbe737b786656c9a609","13dcc90349ced4f886b88cbe737b786656c9a609",,"제276조",,"True","REFERS_TO","True"
"b10c954e62fa4eaf4472a98053a9e3ebbffab9df","b10c954e62fa4eaf4472a98053a9e3ebbffab9df",,"제277조",,"True","REFERS_TO","True"
"036c860b8bd7fd2db7037a7260a66cb27c7a4b2a","036c860b8bd7fd2db7037a7260a66cb27c7a4b2a",,"제278조",,"True","REFERS_TO","True"
"f469d8ee3151f1eeabda9e31e75198b842095770","f469d8ee3151f1eeabda9e31e75198b842095770",,"제279조",,"True","REFERS_TO","True"
"36405728fd323be96b833f0ebfb50ebad9295756","36405728fd323be96b833f0ebfb50ebad9295756",,"제280조",,"True","REFERS_TO","True"
"8b94388ac81df4865f720eba7f04c3225374572a","8b94388ac81df4865f720eba7f04c3225374572a",,"제281조",,"True","REFERS_TO","True"
"576b9dcf460d7d7fc5e0e3ddda9fbf1cee65e7c3","576b9dcf460d7d7fc5e0e3ddda9fbf1cee65e7c3",,"제282조",,"True","REFERS_TO","True"
"34cbc8ed736e9daabeda8940dfccaf0551b15e89","34cbc8ed736e9daabeda8940dfccaf0551b15e89",,"제283조",,"True","REFERS_TO","True"
"56aee0f03e3b393b65fdc48498e3625744f85418","56aee0f03e3b393b65fdc48498e3625744f85418",,"제284조",,"True","REFERS_TO","True"
"3f12d1b634fd2264bf3b26e607a898e0feab0278","3f12d1b634fd2264bf3b26e607a898e0feab0278",,"제285조",,"True","REFERS_TO","True"
"480a6796341a3157ee569670a9ae6e99e60b3b00","480a6796341a3157ee569670a9ae6e99e60b3b00",,"제286조",,"True","REFERS_TO","True"
"f566e83f00a98d656e6089e0fcf6fad92e990895","f566e83f00a98d656e6089e0fcf6fad92e990895",,"제287조",,"True","REFERS_TO","True"
"c7a4425ea6fd77c43fd985f93ebd2da05c5d2108","c7a4425ea6fd77c43fd985f93ebd2da05c5d2108",,"제288조",,"True","REFERS_TO","True"
"cb8b0597b144fc67a07efdd6600a074261035cb4","cb8b0597b144fc67a07efdd6600a074261035cb4",,"제289조",,"True","REFERS_TO","True"
"44d74bb2e207bbc02dd0c45e5346b9e3b5661b9f","44d74bb2e207bbc02dd0c45e5346b9e3b5661b9f",,"제290조",,"True","REFERS_TO","True"
"ddb2b6cf7c78be2735d6f7f9ff744f6d0b8c565a","ddb2b6cf7c78be2735d6f7f9ff744f6d0b8c565a",,"제291조",,"True","REFERS_TO","True"
"12957553e23854a7020bf31d420bee041d8c1ac2","12957553e23854a7020bf31d420bee041d8c1ac2",,"제292조",,"True","REFERS_TO","True"
"8c07da9e6eb2e81965051bcc4f9d2a0624135fd8","8c07da9e6eb2e81965051bcc4f9d2a0624135fd8",,"제293조",,"True","REFERS_TO","True"
"0a8a7d0fefa4cfa90a35b3baa5ac6174374e05b1","0a8a7d0fefa4cfa90a35b3baa5ac6174374e05b1",,"제294조",,"True","REFERS_TO","True"
"5e5e446485ee49630e91c1cdf6a19a8564f38ff8","5e5e446485ee49630e91c1cdf6a19a8564f38ff8",,"제295조",,"True","REFERS_TO","True"
"1d422052ef3858e94464753123c4059b11452bd7","1d422052ef3858e94464753123c4059b11452bd7",,"제296조",,"True","REFERS_TO","True"
"1d422052ef3858e94464753123c4059b11452bd7","106656645eb082e657edaac7558255b089f3cf86",,"제350조",,"True","REFERS_TO","True"
"5e86a24297cd7bf05ea795460316e037ea97845a","5e86a24297cd7bf05ea795460316e037ea97845a",,"제297조",,"True","REFERS_TO","True"
"b00465269e2c7bc1dd28c1186e5e1b73b1213de4","b00465269e2c7bc1dd28c1186e5e1b73b1213de4",,"제298조",,"True","REFERS_TO","True"
"7076e07c1c1110b48adb6dc799c319ce21da47fe","7076e07c1c1110b48adb6dc799c319ce21da47fe",,"제299조",,"True","REFERS_TO","True"
"0d27bb304a87b41559a0af245e256ea744be83db","0d27bb304a87b41559a0af245e256ea744be83db",,"제300조",,"True","REFERS_TO","True"
"1ce2cd286d3f5063f19561b2325b4c5d9619941b","1ce2cd286d3f5063f19561b2325b4c5d9619941b",,"제301조",,"True","REFERS_TO","True"
"ddffad0067b5819ea72f5d6a51ac09ca1e22817b","ddffad0067b5819ea72f5d6a51ac09ca1e22817b",,"제302조",,"True","REFERS_TO","True"
"1d2dcd830dbbd7338aeb0474d8575b4d458826c5","1d2dcd830dbbd7338aeb0474d8575b4d458826c5",,"제303조",,"True","REFERS_TO","True"
"1566b8be38f06904b00719e0fcc2d6cb8c22ca6a","1566b8be38f06904b00719e0fcc2d6cb8c22ca6a",,"제304조",,"True","REFERS_TO","True"
"c308ad95819b42bbe17e35a97ac354af5cc1f23b","c308ad95819b42bbe17e35a97ac354af5cc1f23b",,"제305조",,"True","REFERS_TO","True"
"a84872f6d91cd3b104aa44c93ae20e5b023f8c9f","a84872f6d91cd3b104aa44c93ae20e5b023f8c9f",,"제306조",,"True","REFERS_TO","True"
"7c6ae9a6585e90aed6460849640564ad466d7bd1","7c6ae9a6585e90aed6460849640564ad466d7bd1",,"제307조",,"True","REFERS_TO","True"
"70c6b49b561fb03c19a71cc5daf6abf2e0866685","70c6b49b561fb03c19a71cc5daf6abf2e0866685",,"제308조",,"True","REFERS_TO","True"
"fa9e81da8b22336f7bbe3bb213dbf6498786589b","fa9e81da8b22336f7bbe3bb213dbf6498786589b",,"제309조",,"True","REFERS_TO","True"
"98644bfc6d0d4161e42497a695ea48c1f202ee08","98644bfc6d0d4161e42497a695ea48c1f202ee08",,"제310조",,"True","REFERS_TO","True"
"590e00334393976e76009a348a502b44ded7c1a1","590e00334393976e76009a348a502b44ded7c1a1",,"제311조",,"True","REFERS_TO","True"
"104f222cb1ea4e036fd2686d99378d1d479c18e8","104f222cb1ea4e036fd2686d99378d1d479c18e8",,"제312조",,"True","REFERS_TO","True"
"104f222cb1ea4e036fd2686d99378d1d479c18e8","573665d45940ff83d3de6726eebf7bfced11e311",,"제230조","제1항","True","REFERS_TO","True"
"ce592d6b50518e8e125e3f4cf55f14bf451cfefc","ce592d6b50518e8e125e3f4cf55f14bf451cfefc",,"제313조",,"True","REFERS_TO","True"
"6077c352a77d0ae221ab961d56bc73e4fa4f8fc3","6077c352a77d0ae221ab961d56bc73e4fa4f8fc3",,"제314조",,"True","REFERS_TO","True"
"6077c352a77d0ae221ab961d56bc73e4fa4f8fc3","a0d02248875f2799b46d74335d53c1432de9fd30",,"제315조",,"True","REFERS_TO","True"
"a0d02248875f2799b46d74335d53c1432de9fd30","a0d02248875f2799b46d74335d53c1432de9fd30",,"제315조",,"True","REFERS_TO","True"
"dcd91bdcc917efb96af8e0966bcd4cc0c5c1998a","dcd91bdcc917efb96af8e0966bcd4cc0c5c1998a",,"제316조",,"True","REFERS_TO","True"
"5a15c8287c5981fa23f449ea43b0dcb89f17ca92","5a15c8287c5981fa23f449ea43b0dcb89f17ca92",,"제317조",,"True","REFERS_TO","True"
"fde140a2cab2ddf8d6c4723fc90ac1cb70564660","fde140a2cab2ddf8d6c4723fc90ac1cb70564660",,"제318조",,"True","REFERS_TO","True"
"fde140a2cab2ddf8d6c4723fc90ac1cb70564660","66ca5a2f6bfcd03ce827a77e8423274850556c41",,"제319조",,"True","REFERS_TO","True"
"fde140a2cab2ddf8d6c4723fc90ac1cb70564660","af9cca0321d42ee5193c80d9c34800ded756ba26",,"제3조",,"True","REFERS_TO","True"
"66ca5a2f6bfcd03ce827a77e8423274850556c41","66ca5a2f6bfcd03ce827a77e8423274850556c41",,"제319조",,"True","REFERS_TO","True"
"93174c4a801b5002c3aae0849c83435e86e05058","93174c4a801b5002c3aae0849c83435e86e05058",,"제320조",,"True","REFERS_TO","True"
"93174c4a801b5002c3aae0849c83435e86e05058","66ca5a2f6bfcd03ce827a77e8423274850556c41",,"제319조","제2항","True","REFERS_TO","True"
"a7454766b51846daf41ae99458b595e16cdeea0a","a7454766b51846daf41ae99458b595e16cdeea0a",,"제321조",,"True","REFERS_TO","True"
"baa3d716e6de6a478f5c8cc8ade20a7a39a95053","baa3d716e6de6a478f5c8cc8ade20a7a39a95053",,"제322조",,"True","REFERS_TO","True"
"835975b9d70e13e59e5b2d7784a643cfab786845","835975b9d70e13e59e5b2d7784a643cfab786845",,"제323조",,"True","REFERS_TO","True"
"290d25e2c8349a9dd724d76a5827cabd01d79ccc","290d25e2c8349a9dd724d76a5827cabd01d79ccc",,"제324조",,"True","REFERS_TO","True"
"290d25e2c8349a9dd724d76a5827cabd01d79ccc","075dd21be6067b32a1ada58da9c95d56013ade2c",,"제38조","제1항","True","REFERS_TO","True"
"290d25e2c8349a9dd724d76a5827cabd01d79ccc","1ce2cd286d3f5063f19561b2325b4c5d9619941b",,"제301조",,"True","REFERS_TO","True"
"290d25e2c8349a9dd724d76a5827cabd01d79ccc","98644bfc6d0d4161e42497a695ea48c1f202ee08",,"제310조",,"True","REFERS_TO","True"
"290d25e2c8349a9dd724d76a5827cabd01d79ccc","ce592d6b50518e8e125e3f4cf55f14bf451cfefc",,"제313조",,"True","REFERS_TO","True"
"290d25e2c8349a9dd724d76a5827cabd01d79ccc","835975b9d70e13e59e5b2d7784a643cfab786845",,"제323조",,"True","REFERS_TO","True"
"5d8aaf23d5dcdec59b44dda0aa4babd01fd464e5","5d8aaf23d5dcdec59b44dda0aa4babd01fd464e5",,"제325조",,"True","REFERS_TO","True"
"68a569dd510e129ca0488dc52efd86f84a62ee55","68a569dd510e129ca0488dc52efd86f84a62ee55",,"제326조",,"True","REFERS_TO","True"
"1e3c9f8ca7828bc4b17787f4c08a744fa176d7ec","1e3c9f8ca7828bc4b17787f4c08a744fa176d7ec",,"제327조",,"True","REFERS_TO","True"
"79a6065a927a3dc4654e7b836b27c8b6b09245e0","79a6065a927a3dc4654e7b836b27c8b6b09245e0",,"제328조",,"True","REFERS_TO","True"
"cfe2dd0f1655def4f7cb2cde361d8b98f5564d22","cfe2dd0f1655def4f7cb2cde361d8b98f5564d22",,"제329조",,"True","REFERS_TO","True"
"c26d52050b47dc8267a45feeadaf029c8a6f9dab","c26d52050b47dc8267a45feeadaf029c8a6f9dab",,"제330조",,"True","REFERS_TO","True"
"36232d85a77470a57730d203b213440eb39fdbb1","1d6a2504fe50314ac4441bd7a0b457d902d136d4",,"제331조",,"True","REFERS_TO","True"
"169d88330057cc86e730523eb9999fa09bb16777","169d88330057cc86e730523eb9999fa09bb16777",,"제331조의2",,"True","REFERS_TO","True"
"1d6a2504fe50314ac4441bd7a0b457d902d136d4","1d6a2504fe50314ac4441bd7a0b457d902d136d4",,"제331조의3",,"True","REFERS_TO","True"
"8da667c43caa528d4655872c677d5e9dfdaee61b","92b4559eacc68629f9a3d3321316be9aa8d68225",,"제332조",,"True","REFERS_TO","True"
"92b4559eacc68629f9a3d3321316be9aa8d68225","92b4559eacc68629f9a3d3321316be9aa8d68225",,"제332조의2",,"True","REFERS_TO","True"
"070419eee42dc191965179b2c4082610cf48876d","070419eee42dc191965179b2c4082610cf48876d",,"제333조",,"True","REFERS_TO","True"
"b2d063ae62147925c66addb780cbcad2c2bb0146","b2d063ae62147925c66addb780cbcad2c2bb0146",,"제334조",,"True","REFERS_TO","True"
"8bb8f29e1c0080e52f24e0c862e1ce5ba3147465","8bb8f29e1c0080e52f24e0c862e1ce5ba3147465",,"제335조",,"True","REFERS_TO","True"
"9bf2adee5766c5dfbab590b61e568780842a5d6c","9bf2adee5766c5dfbab590b61e568780842a5d6c",,"제336조",,"True","REFERS_TO","True"
"7fd74987f66093f098d6b70126d4897bffcad2c5","7fd74987f66093f098d6b70126d4897bffcad2c5",,"제337조",,"True","REFERS_TO","True"
"2a26ac57604085f0b2ae8c4ed23f26712dfdcaf5","2a26ac57604085f0b2ae8c4ed23f26712dfdcaf5",,"제338조",,"True","REFERS_TO","True"
"22836eb98baac690e1d86380b20c0fb325f53ff2","22836eb98baac690e1d86380b20c0fb325f53ff2",,"제339조",,"True","REFERS_TO","True"
"e7d1f80312410cdb6339bfb6a7c59744e773a2aa","e7d1f80312410cdb6339bfb6a7c59744e773a2aa",,"제340조",,"True","REFERS_TO","True"
"03acc7a6bdbed51626915875779a3e94e6dc6972","03acc7a6bdbed51626915875779a3e94e6dc6972",,"제341조",,"True","REFERS_TO","True"
"d0970dcd89c054394afb40fa6a0209db7d35fdfa","d0970dcd89c054394afb40fa6a0209db7d35fdfa",,"제342조",,"True","REFERS_TO","True"
"0327eff750a5d2954de26b372050636969ee03c2","0327eff750a5d2954de26b372050636969ee03c2",,"제343조",,"True","REFERS_TO","True"
"c86abd4fd9fe22c6b0e38e2c66474cdea6b4f21b","c86abd4fd9fe22c6b0e38e2c66474cdea6b4f21b",,"제344조",,"True","REFERS_TO","True"
"8edba9bd45141d8a9437c706d3cd38aeef65b0cd","8edba9bd45141d8a9437c706d3cd38aeef65b0cd",,"제345조",,"True","REFERS_TO","True"
"753779591038c1008bb8ee717dbdc35685514d3b","753779591038c1008bb8ee717dbdc35685514d3b",,"제346조",,"True","REFERS_TO","True"
"5e1580f75cf3ec695e7fedbafcccbca4d564f6dd","5e1580f75cf3ec695e7fedbafcccbca4d564f6dd",,"제347조",,"True","REFERS_TO","True"
"10702782168d32e816a0208ba82e589286b63135","10702782168d32e816a0208ba82e589286b63135",,"제348조",,"True","REFERS_TO","True"
"c9448293a293d6dfaf5bd521a7b76de6ba2c5de1","c9448293a293d6dfaf5bd521a7b76de6ba2c5de1",,"제349조",,"True","REFERS_TO","True"
"106656645eb082e657edaac7558255b089f3cf86","106656645eb082e657edaac7558255b089f3cf86",,"제350조",,"True","REFERS_TO","True"
"0b4222e84b9815d59ed3fd2a3e8412e58ba3351e","0b4222e84b9815d59ed3fd2a3e8412e58ba3351e",,"제351조",,"True","REFERS_TO","True"
"587fb7d5fb0bec13c6461a5cbebf44d612e8cd18","587fb7d5fb0bec13c6461a5cbebf44d612e8cd18",,"제352조",,"True","REFERS_TO","True"
"e6d56df03e17426b08eb97587d4733216e6793f7","e6d56df03e17426b08eb97587d4733216e6793f7",,"제353조",,"True","REFERS_TO","True"
"15da516550665e65aa7b2268cd3ae191dbb11e6f","15da516550665e65aa7b2268cd3ae191dbb11e6f",,"제354조",,"True","REFERS_TO","True"
"15da516550665e65aa7b2268cd3ae191dbb11e6f","d0970dcd89c054394afb40fa6a0209db7d35fdfa",,"제342조",,"True","REFERS_TO","True"
"15da516550665e65aa7b2268cd3ae191dbb11e6f","c86abd4fd9fe22c6b0e38e2c66474cdea6b4f21b",,"제344조",,"True","REFERS_TO","True"
"cea935f94591d1e7400c36d400970c7ebee1b98f","cea935f94591d1e7400c36d400970c7ebee1b98f",,"제355조",,"True","REFERS_TO","True"
"6dbbdfcfb89ae35e3f8fa448e06d89d19945aa3a","6dbbdfcfb89ae35e3f8fa448e06d89d19945aa3a",,"제356조",,"True","REFERS_TO","True"
"4534c9543a4cb45f44249e14ce3a2673aa95e79c","4534c9543a4cb45f44249e14ce3a2673aa95e79c",,"제357조",,"True","REFERS_TO","True"
"deff316bf669266574686e38b43fd31065a3425e","deff316bf669266574686e38b43fd31065a3425e",,"제358조",,"True","REFERS_TO","True"
"deff316bf669266574686e38b43fd31065a3425e","6dbbdfcfb89ae35e3f8fa448e06d89d19945aa3a",,"제356조",,"True","REFERS_TO","True"
"c5d1615db3a77758ca9fa16eaa2f526221bf5724","c5d1615db3a77758ca9fa16eaa2f526221bf5724",,"제359조",,"True","REFERS_TO","True"
"3d6860d778a6dccdbdae5f7b03936b980009080e","3d6860d778a6dccdbdae5f7b03936b980009080e",,"제360조",,"True","REFERS_TO","True"
"5383c240c794af32f862eea40bbdde2d60052a1e","5383c240c794af32f862eea40bbdde2d60052a1e",,"제361조",,"True","REFERS_TO","True"
"71c2b32be523902a94fcba3a2fbd100a5a0d2433","71c2b32be523902a94fcba3a2fbd100a5a0d2433",,"제362조",,"True","REFERS_TO","True"
"788086c168af6338d2ebf49491d7026e6748a9db","788086c168af6338d2ebf49491d7026e6748a9db",,"제363조",,"True","REFERS_TO","True"
"bd5ec6d822cae098ca6f66dc19632fc1f9c1e56e","bd5ec6d822cae098ca6f66dc19632fc1f9c1e56e",,"제364조",,"True","REFERS_TO","True"
"7fec8330949d34f94960d3e442b98c52359cfac2","7fec8330949d34f94960d3e442b98c52359cfac2",,"제365조",,"True","REFERS_TO","True"
"3b3a2965752f28c218f43ae9ada87081cf95b8ce","3b3a2965752f28c218f43ae9ada87081cf95b8ce",,"제366조",,"True","REFERS_TO","True"
"c7a143293064b4c4ee26589ed45cf2a9ae708a6b","c7a143293064b4c4ee26589ed45cf2a9ae708a6b",,"제367조",,"True","REFERS_TO","True"
"2638723be88fb70fd25d34de5c53ddf49005e3b0","2638723be88fb70fd25d34de5c53ddf49005e3b0",,"제368조",,"True","REFERS_TO","True"
"a357f3fcc014300a4db168a8d9aaa627c461268f","a357f3fcc014300a4db168a8d9aaa627c461268f",,"제369조",,"True","REFERS_TO","True"
"a357f3fcc014300a4db168a8d9aaa627c461268f","075dd21be6067b32a1ada58da9c95d56013ade2c",,"제38조","제1항","True","REFERS_TO","True"
"2c46a0a165b7994b386da85b8900e36cfd432da4","2c46a0a165b7994b386da85b8900e36cfd432da4",,"제370조",,"True","REFERS_TO","True"
"36d9656d893737751f1b414107561ed42cb7d1c9","36d9656d893737751f1b414107561ed42cb7d1c9",,"제371조",,"True","REFERS_TO","True"
"626579beb49d5a4cbf5a6a022758b5663a15f88f","626579beb49d5a4cbf5a6a022758b5663a15f88f",,"제372조",,"True","REFERS_TO","True"
"7b7db7f76d11112c96798b2c67cb79f90d1e75fa","7b7db7f76d11112c96798b2c67cb79f90d1e75fa",,"제373조",,"True","REFERS_TO","True"
"15d26d72ac1a4dfe623285481dfe4c98cbaa0bf7","15d26d72ac1a4dfe623285481dfe4c98cbaa0bf7",,"제374조",,"True","REFERS_TO","True"
"25ee68ce23dad2013003f84b2757a77b8b66dc89","25ee68ce23dad2013003f84b2757a77b8b66dc89",,"제375조",,"True","REFERS_TO","True"
"820717716bca66c78be191af6a70375adb875cfb","820717716bca66c78be191af6a70375adb875cfb",,"제376조",,"True","REFERS_TO","True"
"a3ab81e02f60d197bdcd9b254703d9b200e3d888","a3ab81e02f60d197bdcd9b254703d9b200e3d888",,"제377조",,"True","REFERS_TO","True"
"c6ec226a574f4939cba40af947f91f92c1b13ff1","c6ec226a574f4939cba40af947f91f92c1b13ff1",,"제378조",,"True","REFERS_TO","True"
"ef3c594b9040b34cfbadf66c4eea9e673d2ac331","ef3c594b9040b34cfbadf66c4eea9e673d2ac331",,"제379조",,"True","REFERS_TO","True"
"deccf0ea892064f53ce775026b995289dc348666","deccf0ea892064f53ce775026b995289dc348666",,"제380조",,"True","REFERS_TO","True"
"e1e5ce0784c11513ac0a88d056f8b20dc057a52a","e1e5ce0784c11513ac0a88d056f8b20dc057a52a",,"제381조",,"True","REFERS_TO","True"
"bfb8c6997d45f90b166f5d449b0baaa605cd4ff0","bfb8c6997d45f90b166f5d449b0baaa605cd4ff0",,"제382조",,"True","REFERS_TO","True"
"bfb8c6997d45f90b166f5d449b0baaa605cd4ff0","eb5162c56b5c62cd661639a499adad372134e7c0",,"제44조",,"True","REFERS_TO","True"
"c5bf792f0805a5036b43fbe176a9d978b6b1f2f0","c5bf792f0805a5036b43fbe176a9d978b6b1f2f0",,"제383조",,"True","REFERS_TO","True"
"ab2e348df1b4340cb37fb3367bd8fe09c0cd014e","ab2e348df1b4340cb37fb3367bd8fe09c0cd014e",,"제384조",,"True","REFERS_TO","True"
"e483e9b2bf1aa1ce2123825492c0ec32acc9edb6","e483e9b2bf1aa1ce2123825492c0ec32acc9edb6",,"제385조",,"True","REFERS_TO","True"
"671fec3be248a67c949b2d80b4fc95a86d1fe961","671fec3be248a67c949b2d80b4fc95a86d1fe961",,"제386조",,"True","REFERS_TO","True"
"a47deb2fab90982e2bd378b6a6241c949648299b","a47deb2fab90982e2bd378b6a6241c949648299b",,"제387조",,"True","REFERS_TO","True"
"a0e080c274b163681d286a93d4784cf201db192d","a0e080c274b163681d286a93d4784cf201db192d",,"제388조",,"True","REFERS_TO","True"
"dab0c14a55aed9cce3a5f61b248dda41d6ba1363","dab0c14a55aed9cce3a5f61b248dda41d6ba1363",,"제389조",,"True","REFERS_TO","True"
"15ac65497f6bd8b39aea96823b22e3b881e8bc6e","15ac65497f6bd8b39aea96823b22e3b881e8bc6e",,"제390조",,"True","REFERS_TO","True"
"ba1bb34f58d991946e6d21515313a6f736abef5e","ba1bb34f58d991946e6d21515313a6f736abef5e",,"제391조",,"True","REFERS_TO","True"
"9d7a6d4cac14a32d656e7e9aa9abf055b400904e","9d7a6d4cac14a32d656e7e9aa9abf055b400904e",,"제392조",,"True","REFERS_TO","True"
"becb6046ae8b863722b7c6bedde7573b5ceb0a40","becb6046ae8b863722b7c6bedde7573b5ceb0a40",,"제393조",,"True","REFERS_TO","True"
"45f7c2e8e0040a504b806419d7efa72fd094f63e","45f7c2e8e0040a504b806419d7efa72fd094f63e",,"제394조",,"True","REFERS_TO","True"
"4ad450d3b3373173b5b9f8315cf9bded1909633c","4ad450d3b3373173b5b9f8315cf9bded1909633c",,"제395조",,"True","REFERS_TO","True"
"a07f1384b0b0ce83a70de0c8a491cf165c751efa","a07f1384b0b0ce83a70de0c8a491cf165c751efa",,"제396조",,"True","REFERS_TO","True"
"cbb290b778304d888cdecaf229ae5cae3bd5abaf","cbb290b778304d888cdecaf229ae5cae3bd5abaf",,"제397조",,"True","REFERS_TO","True"
"15f514177a40294b6d68b3644c768d2e01e56acf","15f514177a40294b6d68b3644c768d2e01e56acf",,"제398조",,"True","REFERS_TO","True"
"8a837ee3f1a04bbea5515147752d511c8ddec1a4","8a837ee3f1a04bbea5515147752d511c8ddec1a4",,"제399조",,"True","REFERS_TO","True"
"cc6e70feae2850f6830b295453a3309d6d2b5572","cc6e70feae2850f6830b295453a3309d6d2b5572",,"제400조",,"True","REFERS_TO","True"
"5cc68744e4b6f56dd22d9a38f8b7ce25f13f8eda","5cc68744e4b6f56dd22d9a38f8b7ce25f13f8eda",,"제401조",,"True","REFERS_TO","True"
"b3ddee9535692ca5cdfbdadd6da5f7e75607816a","b3ddee9535692ca5cdfbdadd6da5f7e75607816a",,"제402조",,"True","REFERS_TO","True"
"7c424a83ec971015d9d39ac3cce543d9a7ae7abd","7c424a83ec971015d9d39ac3cce543d9a7ae7abd",,"제403조",,"True","REFERS_TO","True"
"d88a9ae97a00165f5b7df71cdcb6b1c37b41cf89","d88a9ae97a00165f5b7df71cdcb6b1c37b41cf89",,"제404조",,"True","REFERS_TO","True"
"01dbfac84670c6183328c92e8d3e018511d2e4ce","01dbfac84670c6183328c92e8d3e018511d2e4ce",,"제405조",,"True","REFERS_TO","True"
"a896a63f82176d972517f4147b060f9a5310e98f","a896a63f82176d972517f4147b060f9a5310e98f",,"제406조",,"True","REFERS_TO","True"
"0951303aa37ddd9c0bf2dc9926fd831e83304305","0951303aa37ddd9c0bf2dc9926fd831e83304305",,"제407조",,"True","REFERS_TO","True"
"e7f30e45f196223e3567e2f3c5a58b9655fd94bf","e7f30e45f196223e3567e2f3c5a58b9655fd94bf",,"제408조",,"True","REFERS_TO","True"
"8568d0981b8e9a4d41e9314499b5fc97f89ba952","8568d0981b8e9a4d41e9314499b5fc97f89ba952",,"제409조",,"True","REFERS_TO","True"
"1f8d090b05be288fad7e25dde0bb4b02995bde37","1f8d090b05be288fad7e25dde0bb4b02995bde37",,"제410조",,"True","REFERS_TO","True"
"8a115af3166363299238c135e6fc2418758110ff","8a115af3166363299238c135e6fc2418758110ff",,"제411조",,"True","REFERS_TO","True"
"dbbadc233a6cab319bd10f2f5c95f0b2417fc4ef","dbbadc233a6cab319bd10f2f5c95f0b2417fc4ef",,"제412조",,"True","REFERS_TO","True"
"f93af1f0dd042278a2345fe9d7f5ec48d233c4ed","f93af1f0dd042278a2345fe9d7f5ec48d233c4ed",,"제413조",,"True","REFERS_TO","True"
"b863d1342913f4cb27a65ac4667210c84f8727eb","b863d1342913f4cb27a65ac4667210c84f8727eb",,"제414조",,"True","REFERS_TO","True"
"345c3835e81f5468d0ce30b397a46d35ddbc91c5","345c3835e81f5468d0ce30b397a46d35ddbc91c5",,"제415조",,"True","REFERS_TO","True"
"106241122529dcee1770ec5a64228afc4c04fce1","106241122529dcee1770ec5a64228afc4c04fce1",,"제416조",,"True","REFERS_TO","True"
"ccf5b47e0db9b18aa0b530ce2b3d8343314ed6ca","ccf5b47e0db9b18aa0b530ce2b3d8343314ed6ca",,"제417조",,"True","REFERS_TO","True"
"1a223de57fb7a09258ab084f9a8625f8e4df66dc","1a223de57fb7a09258ab084f9a8625f8e4df66dc",,"제418조",,"True","REFERS_TO","True"
"6d39f2696fa5b100c5bd7ce7046e21dc186ef293","6d39f2696fa5b100c5bd7ce7046e21dc186ef293",,"제419조",,"True","REFERS_TO","True"
"3e3edaf0a8a15b8c7fbf6fbedea70b2cc02b6597","3e3edaf0a8a15b8c7fbf6fbedea70b2cc02b6597",,"제420조",,"True","REFERS_TO","True"
"e3bcaaefd70dbc3f8d61e55d2439d59a8a6effd1","e3bcaaefd70dbc3f8d61e55d2439d59a8a6effd1",,"제421조",,"True","REFERS_TO","True"
"d1e1d33e9ecb9997461a151b5ef0d6b0a9a2d36e","d1e1d33e9ecb9997461a151b5ef0d6b0a9a2d36e",,"제422조",,"True","REFERS_TO","True"
"1ef74b827d27d52b29760443eb4bedab768c8959","1ef74b827d27d52b29760443eb4bedab768c8959",,"제423조",,"True","REFERS_TO","True"
"67197887dc770610d7898eeed8d7b1d673ef2bae","67197887dc770610d7898eeed8d7b1d673ef2bae",,"제424조",,"True","REFERS_TO","True"
"8e5108c2326b079aea0ca25b4f42d0a19a7eb7f9","8e5108c2326b079aea0ca25b4f42d0a19a7eb7f9",,"제425조",,"True","REFERS_TO","True"
"8e5108c2326b079aea0ca25b4f42d0a19a7eb7f9","d1e1d33e9ecb9997461a151b5ef0d6b0a9a2d36e",,"제422조",,"True","REFERS_TO","True"
"7b9d719efcda053fa9b7309421c6dc87855a2e02","7b9d719efcda053fa9b7309421c6dc87855a2e02",,"제426조",,"True","REFERS_TO","True"
"7b9d719efcda053fa9b7309421c6dc87855a2e02","d1e1d33e9ecb9997461a151b5ef0d6b0a9a2d36e",,"제422조",,"True","REFERS_TO","True"
"13ff78adb48ea2674eab13d0c5afd17441a6ee8c","13ff78adb48ea2674eab13d0c5afd17441a6ee8c",,"제427조",,"True","REFERS_TO","True"
"13ff78adb48ea2674eab13d0c5afd17441a6ee8c","d1e1d33e9ecb9997461a151b5ef0d6b0a9a2d36e",,"제422조",,"True","REFERS_TO","True"
"35226fe83b3efaa777a3d6b4d76b6da3dda517bc","35226fe83b3efaa777a3d6b4d76b6da3dda517bc",,"제428조",,"True","REFERS_TO","True"
"35226fe83b3efaa777a3d6b4d76b6da3dda517bc","d1e1d33e9ecb9997461a151b5ef0d6b0a9a2d36e",,"제422조",,"True","REFERS_TO","True"
"1100471f239f69eb136adf2e9cd05b8b6b077b7b","1100471f239f69eb136adf2e9cd05b8b6b077b7b",,"제429조",,"True","REFERS_TO","True"
"1bbd87fa648e036cdc644977f52055c95700883b","1bbd87fa648e036cdc644977f52055c95700883b",,"제430조",,"True","REFERS_TO","True"
"0453400c687a2f2b922f77ae6e532495b7509be8","0453400c687a2f2b922f77ae6e532495b7509be8",,"제431조",,"True","REFERS_TO","True"
"5b59f577b025559d71bcc8c002154d214ea52b9f","5b59f577b025559d71bcc8c002154d214ea52b9f",,"제432조",,"True","REFERS_TO","True"
"7733594a8a7ab11b34e8a0c2010f12ab3908ebd8","7733594a8a7ab11b34e8a0c2010f12ab3908ebd8",,"제433조",,"True","REFERS_TO","True"
"f5d1ecefd39f03cd57bdb38e972f27a7dbe42fba","f5d1ecefd39f03cd57bdb38e972f27a7dbe42fba",,"제434조",,"True","REFERS_TO","True"
"9222838c03c4e9ce81b13d56fbfd35b0dbf45a16","9222838c03c4e9ce81b13d56fbfd35b0dbf45a16",,"제435조",,"True","REFERS_TO","True"
"528730032f67df20619b6cf640fc9bf835c437a1","528730032f67df20619b6cf640fc9bf835c437a1",,"제436조",,"True","REFERS_TO","True"
"f688aa0999f14c216ec2496888e09347055300ee","f688aa0999f14c216ec2496888e09347055300ee",,"제437조",,"True","REFERS_TO","True"
"0b63307f95e34e2fcc5f293b20a2b356af7ef808","0b63307f95e34e2fcc5f293b20a2b356af7ef808",,"제438조",,"True","REFERS_TO","True"
"881072209c5c56540c39e5762ad36f9302f42ec3","881072209c5c56540c39e5762ad36f9302f42ec3",,"제439조",,"True","REFERS_TO","True"
"881072209c5c56540c39e5762ad36f9302f42ec3","206676438b514f966d5dd325811adb976b803b22",,"제164조","제1항","True","REFERS_TO","True"
"fdfe8de37dbd5d3f9cd2206e01ba4a93124cc370","fdfe8de37dbd5d3f9cd2206e01ba4a93124cc370",,"제440조",,"True","REFERS_TO","True"
"17ffa3912452a55b746ceb7fbfd263a1d1e0e06f","17ffa3912452a55b746ceb7fbfd263a1d1e0e06f",,"제441조",,"True","REFERS_TO","True"
"8b036f2860badeb0037001cafe766a4876e70d61","8b036f2860badeb0037001cafe766a4876e70d61",,"제442조",,"True","REFERS_TO","True"
"7abf6d79e1f0d6f5dfee58145211d22d935e8641","7abf6d79e1f0d6f5dfee58145211d22d935e8641",,"제443조",,"True","REFERS_TO","True"
"2063f7694c08c52d586a891c8af8ccbda361f52d","2063f7694c08c52d586a891c8af8ccbda361f52d",,"제444조",,"True","REFERS_TO","True"
"5f1f239f378dd3ebfe78922e10384963ccbce4b7","5f1f239f378dd3ebfe78922e10384963ccbce4b7",,"제445조",,"True","REFERS_TO","True"
"23263b4d359d92efcd9a8b46749046d15cabe647","23263b4d359d92efcd9a8b46749046d15cabe647",,"제446조",,"True","REFERS_TO","True"
"250a048b731531b9e868f629d7c427486399552b","250a048b731531b9e868f629d7c427486399552b",,"제447조",,"True","REFERS_TO","True"
"514d0bba903236a625e9b70ee323fd1185d2d2fc","514d0bba903236a625e9b70ee323fd1185d2d2fc",,"제448조",,"True","REFERS_TO","True"
"5b3c8aa7efb5d1f342892b30895540de5f30ebe1","5b3c8aa7efb5d1f342892b30895540de5f30ebe1",,"제449조",,"True","REFERS_TO","True"
"93e34c1ebbb63e1d00bc757799c1af3a7ae9ca3f","93e34c1ebbb63e1d00bc757799c1af3a7ae9ca3f",,"제450조",,"True","REFERS_TO","True"
"0045fe36a6d1aa2ba084fb140fac8748554a6d58","0045fe36a6d1aa2ba084fb140fac8748554a6d58",,"제451조",,"True","REFERS_TO","True"
"d77baf54bedda7bbb0376aedb7f3b981b1b98898","d77baf54bedda7bbb0376aedb7f3b981b1b98898",,"제452조",,"True","REFERS_TO","True"
"0371620ea0df8081b3bbccf47ad99e28e84f23bc","0371620ea0df8081b3bbccf47ad99e28e84f23bc",,"제453조",,"True","REFERS_TO","True"
"1cb0adee2cfa323b836c5f0ffc6e76a195ab8547","1cb0adee2cfa323b836c5f0ffc6e76a195ab8547",,"제454조",,"True","REFERS_TO","True"
"1cb0adee2cfa323b836c5f0ffc6e76a195ab8547","0371620ea0df8081b3bbccf47ad99e28e84f23bc",,"제453조","제2항","True","REFERS_TO","True"
"0defa476cd5998264b6531a958ad8ead72368f5d","0defa476cd5998264b6531a958ad8ead72368f5d",,"제455조",,"True","REFERS_TO","True"
"e259f10f6cf46740d6be16f28caa3ccdba0fc7bc","e259f10f6cf46740d6be16f28caa3ccdba0fc7bc",,"제456조",,"True","REFERS_TO","True"
"099d73af57937de4e219f92827052788fc56b5b6","099d73af57937de4e219f92827052788fc56b5b6",,"제457조",,"True","REFERS_TO","True"
"e1f13251697e7a1ac7c6e26e968de88d872c5303","e1f13251697e7a1ac7c6e26e968de88d872c5303",,"제458조",,"True","REFERS_TO","True"
"438c5d76159a3d944a54cf7393da2dca9cce70a4","438c5d76159a3d944a54cf7393da2dca9cce70a4",,"제459조",,"True","REFERS_TO","True"
"8ecff689a5c3eb9b692524b59f82dc1b08d276c2","8ecff689a5c3eb9b692524b59f82dc1b08d276c2",,"제460조",,"True","REFERS_TO","True"
"1fafc259e940b95f00a135f3f8dc84ea5e1fdb6d","1fafc259e940b95f00a135f3f8dc84ea5e1fdb6d",,"제461조",,"True","REFERS_TO","True"
"75b4de455b460b62640199a6a74d779f19cb8a2e","75b4de455b460b62640199a6a74d779f19cb8a2e",,"제462조",,"True","REFERS_TO","True"
"6842a7d23b66b3f5e3c8514606aeaf0479e5f548","6842a7d23b66b3f5e3c8514606aeaf0479e5f548",,"제463조",,"True","REFERS_TO","True"
"98b3275c6be15f26f068d77547885ea9bd3cf9da","98b3275c6be15f26f068d77547885ea9bd3cf9da",,"제464조",,"True","REFERS_TO","True"
"50b04175da78183e79bcc28284f33efd09015a31","50b04175da78183e79bcc28284f33efd09015a31",,"제465조",,"True","REFERS_TO","True"
"4dec633c7ba19db5ed5d152b546c6897384b6b15","4dec633c7ba19db5ed5d152b546c6897384b6b15",,"제466조",,"True","REFERS_TO","True"
"e4204632b216d6efd16395ead6271a9b9c3eb890","e4204632b216d6efd16395ead6271a9b9c3eb890",,"제467조",,"True","REFERS_TO","True"
"7befada5289b69ab89f72f00d807155cecd693e3","7befada5289b69ab89f72f00d807155cecd693e3",,"제468조",,"True","REFERS_TO","True"
"7befada5289b69ab89f72f00d807155cecd693e3","206676438b514f966d5dd325811adb976b803b22",,"제164조","제1항","True","REFERS_TO","True"
"a117a205c2a61ecb81f504cfd5773d9c5ef0fa55","a117a205c2a61ecb81f504cfd5773d9c5ef0fa55",,"제469조",,"True","REFERS_TO","True"
"5044cd1c58cf9176ba5b07434e074538c32e838f","5044cd1c58cf9176ba5b07434e074538c32e838f",,"제470조",,"True","REFERS_TO","True"
"c4faed6a45aea5fa25b2bd0c4de06c727ed6c006","c4faed6a45aea5fa25b2bd0c4de06c727ed6c006",,"제471조",,"True","REFERS_TO","True"
"1454022cab281fb2a26fb4336b91aa1b84a28352","1454022cab281fb2a26fb4336b91aa1b84a28352",,"제472조",,"True","REFERS_TO","True"
"99096390405f3f7d59bd86ce8f7e623dfe3b64d5","99096390405f3f7d59bd86ce8f7e623dfe3b64d5",,"제473조",,"True","REFERS_TO","True"
"f1677a4bfbe32692d6530bd3165da2143023b6e9","f1677a4bfbe32692d6530bd3165da2143023b6e9",,"제474조",,"True","REFERS_TO","True"
"1ce178fe9cfa96504c93cf17b5befb41265d0a16","1ce178fe9cfa96504c93cf17b5befb41265d0a16",,"제475조",,"True","REFERS_TO","True"
"f4c5f4f57dfd01f7cd75b7f436d2ebf27191ce7d","f4c5f4f57dfd01f7cd75b7f436d2ebf27191ce7d",,"제476조",,"True","REFERS_TO","True"
"dc5e6e3ab2407ca8f58965e166b4a8cbfeb8d075","dc5e6e3ab2407ca8f58965e166b4a8cbfeb8d075",,"제477조",,"True","REFERS_TO","True"
"b3118b0235f8b4052b1643e6dba17c7ef1a4fd3a","b3118b0235f8b4052b1643e6dba17c7ef1a4fd3a",,"제478조",,"True","REFERS_TO","True"
"744e5736caa353435fa143677bfe3c7054cd6c5d","744e5736caa353435fa143677bfe3c7054cd6c5d",,"제479조",,"True","REFERS_TO","True"
"5dc635e7b8137db3540562019be87c7019708159","5dc635e7b8137db3540562019be87c7019708159",,"제480조",,"True","REFERS_TO","True"
"0aa4c938e2ae5f8c9d37dde664ba9f4cff6f9e8c","0aa4c938e2ae5f8c9d37dde664ba9f4cff6f9e8c",,"제481조",,"True","REFERS_TO","True"
"0671e747221ad17a3839b2c64247e1cc6cee3699","0671e747221ad17a3839b2c64247e1cc6cee3699",,"제482조",,"True","REFERS_TO","True"
"035739b34a55f31aaa33408c0c0acc8555b336bc","035739b34a55f31aaa33408c0c0acc8555b336bc",,"제483조",,"True","REFERS_TO","True"
"6e564974a930539b7ea20822b97e03cf55de425b","6e564974a930539b7ea20822b97e03cf55de425b",,"제484조",,"True","REFERS_TO","True"
"9e3a0b88be317c40b52af561eb6527ef1509bb29","9e3a0b88be317c40b52af561eb6527ef1509bb29",,"제485조",,"True","REFERS_TO","True"
"d7c413361a87eb9f782124ae459672d06a5b5c23","d7c413361a87eb9f782124ae459672d06a5b5c23",,"제486조",,"True","REFERS_TO","True"
"8c2463611a0c327e873a03134ed25eac5756ac25","8c2463611a0c327e873a03134ed25eac5756ac25",,"제487조",,"True","REFERS_TO","True"
"e37402be0893a2c5265b53bbc47ab6aec8d42c3e","e37402be0893a2c5265b53bbc47ab6aec8d42c3e",,"제488조",,"True","REFERS_TO","True"
"71811c025baae84f5ba210504daedbf9b8f0aeab","71811c025baae84f5ba210504daedbf9b8f0aeab",,"제489조",,"True","REFERS_TO","True"
"f949030d45aa27890a7a0cc037c20f55680601a2","f949030d45aa27890a7a0cc037c20f55680601a2",,"제490조",,"True","REFERS_TO","True"
"9a880641434c555bd3a47ba7f950c344ee7d5e76","9a880641434c555bd3a47ba7f950c344ee7d5e76",,"제491조",,"True","REFERS_TO","True"
"c50333d621c125805f3092845968b00eb6d1ba2d","c50333d621c125805f3092845968b00eb6d1ba2d",,"제492조",,"True","REFERS_TO","True"
"f8b0270f8aa5f355beec17ea369b87a235a66f52","f8b0270f8aa5f355beec17ea369b87a235a66f52",,"제493조",,"True","REFERS_TO","True"
"38ca3389260e8d90a337c67ffa1efe7c387a71ae","38ca3389260e8d90a337c67ffa1efe7c387a71ae",,"제494조",,"True","REFERS_TO","True"
"92a42f1ce35794a00c5fb5ad5aba0c6661ff9b8a","92a42f1ce35794a00c5fb5ad5aba0c6661ff9b8a",,"제495조",,"True","REFERS_TO","True"
"64993fcfb937ef03effabb1acfdb5aa2b14dcb54","64993fcfb937ef03effabb1acfdb5aa2b14dcb54",,"제496조",,"True","REFERS_TO","True"
"0d4fee177a2e3971387529696c01d6422a8a13a4","409cc86ebbf27401d02a516fef22dfc26b87e0d3",,"제497조",,"True","REFERS_TO","True"
"eea28a3c7b638808960ba853cca9ee0addea5fca","eea28a3c7b638808960ba853cca9ee0addea5fca",,"제497조의2",,"True","REFERS_TO","True"
"eea28a3c7b638808960ba853cca9ee0addea5fca","71811c025baae84f5ba210504daedbf9b8f0aeab",,"제489조",,"True","REFERS_TO","True"
"eea28a3c7b638808960ba853cca9ee0addea5fca","409cc86ebbf27401d02a516fef22dfc26b87e0d3",,"제497조",,"True","REFERS_TO","True"
"409cc86ebbf27401d02a516fef22dfc26b87e0d3","409cc86ebbf27401d02a516fef22dfc26b87e0d3",,"제497조의3",,"True","REFERS_TO","True"
"090154c2d86096f0bf36fea69bdc404a47587cec","090154c2d86096f0bf36fea69bdc404a47587cec",,"제498조",,"True","REFERS_TO","True"
"81cff23f68a69f1dd2acb65821559f25497873bd","81cff23f68a69f1dd2acb65821559f25497873bd",,"제499조",,"True","REFERS_TO","True"
"6750906d2dcece370ebef7ed2ab6e55ef401051e","6750906d2dcece370ebef7ed2ab6e55ef401051e",,"제500조",,"True","REFERS_TO","True"
"6750906d2dcece370ebef7ed2ab6e55ef401051e","81cff23f68a69f1dd2acb65821559f25497873bd",,"제499조","제1항","True","REFERS_TO","True"
"41cb3cc8000773dc4ee89c1a4945ff233fb1d016","41cb3cc8000773dc4ee89c1a4945ff233fb1d016",,"제501조",,"True","REFERS_TO","True"
"e50c6dd4a0689c46bd26f0bf5fdd9ab4b3c62d8d","e50c6dd4a0689c46bd26f0bf5fdd9ab4b3c62d8d",,"제502조",,"True","REFERS_TO","True"
"9ee3dac2c3e2729c8c70b7fc325f2e3cd1e42c2e","9ee3dac2c3e2729c8c70b7fc325f2e3cd1e42c2e",,"제503조",,"True","REFERS_TO","True"
"e716ae34bedf1d615eef5278e635f71436288518","e716ae34bedf1d615eef5278e635f71436288518",,"제504조",,"True","REFERS_TO","True"
"7ab74837467904c2654fbda78dea96ffe1a2eb75","7ab74837467904c2654fbda78dea96ffe1a2eb75",,"제505조",,"True","REFERS_TO","True"
"956871cf6fd1260b6225e1d2b15c19f58942fc62","956871cf6fd1260b6225e1d2b15c19f58942fc62",,"제506조",,"True","REFERS_TO","True"
"dfba4cb5ac8540dbeec12e2bf1e8ab05b33e9a72","dfba4cb5ac8540dbeec12e2bf1e8ab05b33e9a72",,"제507조",,"True","REFERS_TO","True"
"4f94ae4df418e2c0d69a7e588e001fe3006d6be8","4f94ae4df418e2c0d69a7e588e001fe3006d6be8",,"제508조",,"True","REFERS_TO","True"
"4caa27369c135ea3910ee21b35ade826fbcbb54c","4caa27369c135ea3910ee21b35ade826fbcbb54c",,"제509조",,"True","REFERS_TO","True"
"4caa27369c135ea3910ee21b35ade826fbcbb54c","206676438b514f966d5dd325811adb976b803b22",,"제164조","제1항","True","REFERS_TO","True"
"404ce1388142754573510a8a8d1e28a3d6baeba9","404ce1388142754573510a8a8d1e28a3d6baeba9",,"제510조",,"True","REFERS_TO","True"
"5d983c78790e278a3363df786c74a6f21af7a4b1","5d983c78790e278a3363df786c74a6f21af7a4b1",,"제511조",,"True","REFERS_TO","True"
"57075b4a64c8ddfe2afb82fb4f1bdb387b7f7784","57075b4a64c8ddfe2afb82fb4f1bdb387b7f7784",,"제512조",,"True","REFERS_TO","True"
"caa1948fc0706abf95100c0c097847306a595fe6","caa1948fc0706abf95100c0c097847306a595fe6",,"제513조",,"True","REFERS_TO","True"
"0a290cdf12c82af6f05d299bfe50851ff9be0db2","0a290cdf12c82af6f05d299bfe50851ff9be0db2",,"제514조",,"True","REFERS_TO","True"
"d7b1754296bb9202406aa68b82c1654fb49df5fa","d7b1754296bb9202406aa68b82c1654fb49df5fa",,"제515조",,"True","REFERS_TO","True"
"bfe258ef0d60c1158649cdd9e4a6cfaac509efb9","bfe258ef0d60c1158649cdd9e4a6cfaac509efb9",,"제516조",,"True","REFERS_TO","True"
"27321e6490a33506baf18fb474e781102a9d778c","27321e6490a33506baf18fb474e781102a9d778c",,"제517조",,"True","REFERS_TO","True"
"09c9494e30092373912530cf0dbfd3ce11ee60b3","09c9494e30092373912530cf0dbfd3ce11ee60b3",,"제518조",,"True","REFERS_TO","True"
"0eaeec4990fdcb2959d4b72674a0929288d6a8e4","0eaeec4990fdcb2959d4b72674a0929288d6a8e4",,"제519조",,"True","REFERS_TO","True"
"c6d53be39d7fa19f3e9415c3712ccc7b50a9fcfb","c6d53be39d7fa19f3e9415c3712ccc7b50a9fcfb",,"제520조",,"True","REFERS_TO","True"
"9f1c86ad573bcb54bce3c650ac25c903fe57dfe6","9f1c86ad573bcb54bce3c650ac25c903fe57dfe6",,"제521조",,"True","REFERS_TO","True"
"71f85a9a75387e7b77037ac0bf086d84d827665a","71f85a9a75387e7b77037ac0bf086d84d827665a",,"제522조",,"True","REFERS_TO","True"
"60022b59b331b8567b6e9e8cd9ccae214574b0d2","60022b59b331b8567b6e9e8cd9ccae214574b0d2",,"제523조",,"True","REFERS_TO","True"
"e9197c4955dd5f2ba45da4976b50f74a414e6844","e9197c4955dd5f2ba45da4976b50f74a414e6844",,"제524조",,"True","REFERS_TO","True"
"1a2f27fc0344ea71ef78f4ee871c4b1136459c44","1a2f27fc0344ea71ef78f4ee871c4b1136459c44",,"제525조",,"True","REFERS_TO","True"
"b1f20aa51d552106b5635bd47b0fb208d261568c","b1f20aa51d552106b5635bd47b0fb208d261568c",,"제526조",,"True","REFERS_TO","True"
"20596af505439c048b74fd28bd4f8b43fb74d878","20596af505439c048b74fd28bd4f8b43fb74d878",,"제527조",,"True","REFERS_TO","True"
"79c3bc876cd2f95d31b42617e1b1e71db4dd8e9e","79c3bc876cd2f95d31b42617e1b1e71db4dd8e9e",,"제528조",,"True","REFERS_TO","True"
"255e49719592db5c0c5c4b99587e01660ba76265","255e49719592db5c0c5c4b99587e01660ba76265",,"제529조",,"True","REFERS_TO","True"
"cc12f3875643bd88b42ccdde8bbf6838d21a0c25","cc12f3875643bd88b42ccdde8bbf6838d21a0c25",,"제530조",,"True","REFERS_TO","True"
"28e9fe3b5c799e9d07d99568649c0d0113d9461a","28e9fe3b5c799e9d07d99568649c0d0113d9461a",,"제531조",,"True","REFERS_TO","True"
"1568c6c1ba9d9284b2e481b40c839e339bd51244","1568c6c1ba9d9284b2e481b40c839e339bd51244",,"제532조",,"True","REFERS_TO","True"
"91bd2fa8c8ddb5870ac5a6a2e606c4ccbc854af6","91bd2fa8c8ddb5870ac5a6a2e606c4ccbc854af6",,"제533조",,"True","REFERS_TO","True"
"070d64823a521d5a3e2cfec81ed7f5814344a8d2","070d64823a521d5a3e2cfec81ed7f5814344a8d2",,"제534조",,"True","REFERS_TO","True"
"9ebd6fcf22c010e7b5770ccf803f299e83a32d5e","9ebd6fcf22c010e7b5770ccf803f299e83a32d5e",,"제535조",,"True","REFERS_TO","True"
"8738131e5c19cdc611af38916eb33a485f9e0662","0a02754879628958bd4abd1b41aa678ae4a3a598",,"제536조",,"True","REFERS_TO","True"
"0a02754879628958bd4abd1b41aa678ae4a3a598","0a02754879628958bd4abd1b41aa678ae4a3a598",,"제536조의2",,"True","REFERS_TO","True"
"225a09238f6ec59ac9836087e17246ed3a6b7df8","225a09238f6ec59ac9836087e17246ed3a6b7df8",,"제537조",,"True","REFERS_TO","True"
"4e033b2e26a74273c0fde9685eff070e6b566729","4e033b2e26a74273c0fde9685eff070e6b566729",,"제538조",,"True","REFERS_TO","True"
"bbe6409e391f57a6bffb5ab09999a0b8761e5ec2","bbe6409e391f57a6bffb5ab09999a0b8761e5ec2",,"제539조",,"True","REFERS_TO","True"
"550561e087a51aad27e98776e13c0f3105252d90","550561e087a51aad27e98776e13c0f3105252d90",,"제540조",,"True","REFERS_TO","True"
"2be52579465b1e427b12ac79b4abc526a8644f84","2be52579465b1e427b12ac79b4abc526a8644f84",,"제541조",,"True","REFERS_TO","True"
"b357f870f5f1df18133e03d10520fa19e661922c","b357f870f5f1df18133e03d10520fa19e661922c",,"제542조",,"True","REFERS_TO","True"
"03786caf15e1c5c8c2fd8554f1b2224e47390274","03786caf15e1c5c8c2fd8554f1b2224e47390274",,"제543조",,"True","REFERS_TO","True"
"11e7aab44d0691997a47cdfc06d9f2a13d6159d8","11e7aab44d0691997a47cdfc06d9f2a13d6159d8",,"제544조",,"True","REFERS_TO","True"
"d9975a6216c34b597eadc360dd7db3149eb28678","d9975a6216c34b597eadc360dd7db3149eb28678",,"제545조",,"True","REFERS_TO","True"
"ce3c5ae6959aef2f0fe06a47a6dfc21846ca7425","ce3c5ae6959aef2f0fe06a47a6dfc21846ca7425",,"제546조",,"True","REFERS_TO","True"
"fc2c29a4e48f6b60e46649eb7e6c238c1b35220a","fc2c29a4e48f6b60e46649eb7e6c238c1b35220a",,"제547조",,"True","REFERS_TO","True"
"a2d8fe7b7ea840abac6c2d05fdd5b91d4a616642","a2d8fe7b7ea840abac6c2d05fdd5b91d4a616642",,"제548조",,"True","REFERS_TO","True"
"a2d8fe7b7ea840abac6c2d05fdd5b91d4a616642","c6104649d582254fc82acff29637e7d6bb41be92",,"제85조","제5항","True","REFERS_TO","True"
"0891ea9bc4e93ba74c304274a9888576953b5d03","0891ea9bc4e93ba74c304274a9888576953b5d03",,"제549조",,"True","REFERS_TO","True"
"fdf206e2fb5dcff5a347624cea6c68134189c88e","fdf206e2fb5dcff5a347624cea6c68134189c88e",,"제550조",,"True","REFERS_TO","True"
"968eefa33460eeaf8eda6816048d25783d8ccb50","968eefa33460eeaf8eda6816048d25783d8ccb50",,"제551조",,"True","REFERS_TO","True"
"fc702a8bfa716d4203d0cce00f4862bb4c6b90fc","fc702a8bfa716d4203d0cce00f4862bb4c6b90fc",,"제552조",,"True","REFERS_TO","True"
"fd9ebb2a09afc537ed206c0a15acfe0606db9f95","fd9ebb2a09afc537ed206c0a15acfe0606db9f95",,"제553조",,"True","REFERS_TO","True"
"d9c0ec62154d99ffac8086be7f5c3edde30b39aa","d9c0ec62154d99ffac8086be7f5c3edde30b39aa",,"제554조",,"True","REFERS_TO","True"
"ded0c4ebe27cf5a12670605aa842f6346b92312a","ded0c4ebe27cf5a12670605aa842f6346b92312a",,"제555조",,"True","REFERS_TO","True"
"ded0c4ebe27cf5a12670605aa842f6346b92312a","968eefa33460eeaf8eda6816048d25783d8ccb50",,"제551조",,"True","REFERS_TO","True"
"ded0c4ebe27cf5a12670605aa842f6346b92312a","fd9ebb2a09afc537ed206c0a15acfe0606db9f95",,"제553조",,"True","REFERS_TO","True"
"aa10e0a3cf129a5f8a063a9ebbf921e80073dc1a","aa10e0a3cf129a5f8a063a9ebbf921e80073dc1a",,"제556조",,"True","REFERS_TO","True"
"422e749fca9ceb222520789b38fb95e8006c3ddc","422e749fca9ceb222520789b38fb95e8006c3ddc",,"제557조",,"True","REFERS_TO","True"
"1d0ed91b2c25f2e6d57772a06623c76ec127eac3","1d0ed91b2c25f2e6d57772a06623c76ec127eac3",,"제558조",,"True","REFERS_TO","True"
"97ada9f378d677eff7f0feca869021365270cc58","97ada9f378d677eff7f0feca869021365270cc58",,"제559조",,"True","REFERS_TO","True"
"d0ee71d8d21e6664bf19a46732f72cf409badf7e","d0ee71d8d21e6664bf19a46732f72cf409badf7e",,"제560조",,"True","REFERS_TO","True"
"17b6edcb15ce0ebfcb071b85b814690fbd2b0b41","17b6edcb15ce0ebfcb071b85b814690fbd2b0b41",,"제561조",,"True","REFERS_TO","True"
"5d3f5eba9c55b9153094553d2955aa305326632b","5d3f5eba9c55b9153094553d2955aa305326632b",,"제562조",,"True","REFERS_TO","True"
"4a9e969f8dc3db4f4d8e0956a5bd02283e69edc4","4a9e969f8dc3db4f4d8e0956a5bd02283e69edc4",,"제563조",,"True","REFERS_TO","True"
"7e99deffcea1c536c0c5a74ab2e46b99824cc935","7e99deffcea1c536c0c5a74ab2e46b99824cc935",,"제564조",,"True","REFERS_TO","True"
"5f9e80736d1cfec609efba07ff581fe2e770b453","5f9e80736d1cfec609efba07ff581fe2e770b453",,"제565조",,"True","REFERS_TO","True"
"9136b851a3c210235b037ea725e7bcab77cad6e9","9136b851a3c210235b037ea725e7bcab77cad6e9",,"제566조",,"True","REFERS_TO","True"
"eded9d15e542feaa1d9f454df9e92910e72c89eb","eded9d15e542feaa1d9f454df9e92910e72c89eb",,"제567조",,"True","REFERS_TO","True"
"92d095163557874c4a43daf79ce56330f352680b","92d095163557874c4a43daf79ce56330f352680b",,"제568조",,"True","REFERS_TO","True"
"92d095163557874c4a43daf79ce56330f352680b","97ada9f378d677eff7f0feca869021365270cc58",,"제559조","제1항","True","REFERS_TO","True"
"6ff60947c8c4e33ad3a632896ee99517af9619dd","6ff60947c8c4e33ad3a632896ee99517af9619dd",,"제569조",,"True","REFERS_TO","True"
"654ea85200c28e8db38e534485dfca67ddf54c17","654ea85200c28e8db38e534485dfca67ddf54c17",,"제570조",,"True","REFERS_TO","True"
"1f666eefb48a99b4bbaa879678b4a60790ceea42","1f666eefb48a99b4bbaa879678b4a60790ceea42",,"제571조",,"True","REFERS_TO","True"
"8fbf43032c93ff3d4125513db89dcbceff421b75","8fbf43032c93ff3d4125513db89dcbceff421b75",,"제572조",,"True","REFERS_TO","True"
"7ad9484f5222e1fdef342fc91a4b3c626ba5896d","7ad9484f5222e1fdef342fc91a4b3c626ba5896d",,"제573조",,"True","REFERS_TO","True"
"1039c9f8b6c5ae3754576fb73178e8098695508a","1039c9f8b6c5ae3754576fb73178e8098695508a",,"제574조",,"True","REFERS_TO","True"
"f0dc4d31e30800e4c3b4779817412291ffd395e6","f0dc4d31e30800e4c3b4779817412291ffd395e6",,"제575조",,"True","REFERS_TO","True"
"aefcc4a5c8fad4d630d778f0b7429566b4bd728e","aefcc4a5c8fad4d630d778f0b7429566b4bd728e",,"제576조",,"True","REFERS_TO","True"
"64e4b5410360d0e9065ebce03ee03631e19f149a","64e4b5410360d0e9065ebce03ee03631e19f149a",,"제577조",,"True","REFERS_TO","True"
"f6616cb508e8be7266304eb88a0798257176249f","f6616cb508e8be7266304eb88a0798257176249f",,"제578조",,"True","REFERS_TO","True"
"6d1e83ae4d60cc2b1a2f2539731d6b03fd045d1c","6d1e83ae4d60cc2b1a2f2539731d6b03fd045d1c",,"제579조",,"True","REFERS_TO","True"
"6b1e3c8c07330cb0f715cfff4c47b9f979c39ae8","6b1e3c8c07330cb0f715cfff4c47b9f979c39ae8",,"제580조",,"True","REFERS_TO","True"
"dd2f56b22bdf2afb3e728c71979d1150f4e80c6d","dd2f56b22bdf2afb3e728c71979d1150f4e80c6d",,"제581조",,"True","REFERS_TO","True"
"10d9edc0949fe0f4b12b86910baf817e09467275","10d9edc0949fe0f4b12b86910baf817e09467275",,"제582조",,"True","REFERS_TO","True"
"0f20470f47e5334d0edc0bd2cd384f5d70701fca","0f20470f47e5334d0edc0bd2cd384f5d70701fca",,"제583조",,"True","REFERS_TO","True"
"8fe18414562d55b7ebe344ac0bb17def53678d5e","8fe18414562d55b7ebe344ac0bb17def53678d5e",,"제584조",,"True","REFERS_TO","True"
"d849411909674d7dbcf97572096be81121a05c35","d849411909674d7dbcf97572096be81121a05c35",,"제585조",,"True","REFERS_TO","True"
"a0bae5ee1985a61cd5545bcdebeb1a2aad457d63","a0bae5ee1985a61cd5545bcdebeb1a2aad457d63",,"제586조",,"True","REFERS_TO","True"
"3173f11aec5a87f151d09c9635821bee5204d5df","3173f11aec5a87f151d09c9635821bee5204d5df",,"제587조",,"True","REFERS_TO","True"
"9efd489189379f69243767a8598250bbf9c24c2e","9efd489189379f69243767a8598250bbf9c24c2e",,"제588조",,"True","REFERS_TO","True"
"1ffba1b442606e17e3edde4d00928ec0e518aa43","1ffba1b442606e17e3edde4d00928ec0e518aa43",,"제589조",,"True","REFERS_TO","True"
"63b1f59c98384de25e9f3f86cd4d44d85910c073","63b1f59c98384de25e9f3f86cd4d44d85910c073",,"제590조",,"True","REFERS_TO","True"
"a49a3704979eba3ca48db641d33d1461c4136bb1","a49a3704979eba3ca48db641d33d1461c4136bb1",,"제591조",,"True","REFERS_TO","True"
"bf7fd0186be73d0b1fb142992c784afca7f2b29a","bf7fd0186be73d0b1fb142992c784afca7f2b29a",,"제592조",,"True","REFERS_TO","True"
"8308d8fd65478808845db5f2486425265a1dc996","8308d8fd65478808845db5f2486425265a1dc996",,"제593조",,"True","REFERS_TO","True"
"8308d8fd65478808845db5f2486425265a1dc996","31ec275cb48fa34dba46300f6a83fdd5584c6c46",,"제39조","제1항","True","REFERS_TO","True"
"040c2d23e8d45964277e8ba07829845bad1b4894","040c2d23e8d45964277e8ba07829845bad1b4894",,"제594조",,"True","REFERS_TO","True"
"44ccca4772ab4741fcbe64030900558a22c2af57","44ccca4772ab4741fcbe64030900558a22c2af57",,"제595조",,"True","REFERS_TO","True"
"2e72f9bf33a0ebebf8feaa5dbd0387e84a4a38b6","2e72f9bf33a0ebebf8feaa5dbd0387e84a4a38b6",,"제596조",,"True","REFERS_TO","True"
"417aa8b2175f7a720ca3b800c30320f7ca5f05e7","417aa8b2175f7a720ca3b800c30320f7ca5f05e7",,"제597조",,"True","REFERS_TO","True"
"97c95b7d82be3de53951e06d09b1869d64fb81a7","97c95b7d82be3de53951e06d09b1869d64fb81a7",,"제598조",,"True","REFERS_TO","True"
"70e272175c780cefa02800f7dee4ced1572d8fce","70e272175c780cefa02800f7dee4ced1572d8fce",,"제599조",,"True","REFERS_TO","True"
"9aad961cf2f13057694960854521d5720c5ee0c7","9aad961cf2f13057694960854521d5720c5ee0c7",,"제600조",,"True","REFERS_TO","True"
"87f6409646a7f135924a78bc4f1e99eb586e9c88","87f6409646a7f135924a78bc4f1e99eb586e9c88",,"제601조",,"True","REFERS_TO","True"
"b675c0e9e9f53f8b570e8d18174032f9862058de","b675c0e9e9f53f8b570e8d18174032f9862058de",,"제602조",,"True","REFERS_TO","True"
"2f50440ed2101539fcdc2d77d9e1ca95d9683018","2f50440ed2101539fcdc2d77d9e1ca95d9683018",,"제603조",,"True","REFERS_TO","True"
"05054f54d48b6c2c067ea75661756f65a0987991","05054f54d48b6c2c067ea75661756f65a0987991",,"제604조",,"True","REFERS_TO","True"
"e842efdc948bb70daf7136dbbbc7224dff13e4da","e842efdc948bb70daf7136dbbbc7224dff13e4da",,"제605조",,"True","REFERS_TO","True"
"4cbd12424cd83b497b8556f8a5f2e9daa71997aa","4cbd12424cd83b497b8556f8a5f2e9daa71997aa",,"제606조",,"True","REFERS_TO","True"
"aa22de50fbb692d1168701ca72280f6bbf788695","aa22de50fbb692d1168701ca72280f6bbf788695",,"제607조",,"True","REFERS_TO","True"
"3b17ca176b34daedf2bf59d0688592b5fd2c02b7","3b17ca176b34daedf2bf59d0688592b5fd2c02b7",,"제608조",,"True","REFERS_TO","True"
"3b17ca176b34daedf2bf59d0688592b5fd2c02b7","aa22de50fbb692d1168701ca72280f6bbf788695",,"제607조",,"True","REFERS_TO","True"
"656936c71619c3eccba5765525fca49703fc92db","656936c71619c3eccba5765525fca49703fc92db",,"제609조",,"True","REFERS_TO","True"
"656936c71619c3eccba5765525fca49703fc92db","aa22de50fbb692d1168701ca72280f6bbf788695",,"제607조",,"True","REFERS_TO","True"
"656936c71619c3eccba5765525fca49703fc92db","76ad9588f492f17c3e9b665913be8bc43de5a591",,"제617조","제1항","True","REFERS_TO","True"
"2f912e7545982674e8a856309607119aab8a9033","2f912e7545982674e8a856309607119aab8a9033",,"제610조",,"True","REFERS_TO","True"
"d984e660379c149a455cf0b2097f3cc2c08d6a2f","d984e660379c149a455cf0b2097f3cc2c08d6a2f",,"제611조",,"True","REFERS_TO","True"
"d984e660379c149a455cf0b2097f3cc2c08d6a2f","76ad9588f492f17c3e9b665913be8bc43de5a591",,"제617조","제1항","True","REFERS_TO","True"
"ae88babfd1204f4a70a9e872c2b666bd4e24ad58","ae88babfd1204f4a70a9e872c2b666bd4e24ad58",,"제612조",,"True","REFERS_TO","True"
"d89f662e9186373ed83b4192f8169b7f196aab1e","d89f662e9186373ed83b4192f8169b7f196aab1e",,"제613조",,"True","REFERS_TO","True"
"ac73c6e034d3553f6736b48b4f211bf6b9b5ffaf","ac73c6e034d3553f6736b48b4f211bf6b9b5ffaf",,"제614조",,"True","REFERS_TO","True"
"4bb10f942de1e40fc7bea4178e5e6c593e183c26","4bb10f942de1e40fc7bea4178e5e6c593e183c26",,"제615조",,"True","REFERS_TO","True"
"3fdc55f2a3c1e4774581f015059ae22a40c84f1c","3fdc55f2a3c1e4774581f015059ae22a40c84f1c",,"제616조",,"True","REFERS_TO","True"
"76ad9588f492f17c3e9b665913be8bc43de5a591","76ad9588f492f17c3e9b665913be8bc43de5a591",,"제617조",,"True","REFERS_TO","True"
"61180b44c7a5b53b737a0f8c83ddf9c229f4da33","61180b44c7a5b53b737a0f8c83ddf9c229f4da33",,"제618조",,"True","REFERS_TO","True"
"5b1fbbc18ec2437b64406a52c3dd1b50632ee737","9c6e661c4d1dfa211a0f8a6c7fe6e23b3b232551",,"제619조",,"True","REFERS_TO","True"
"9c6e661c4d1dfa211a0f8a6c7fe6e23b3b232551","9c6e661c4d1dfa211a0f8a6c7fe6e23b3b232551",,"제619조의2",,"True","REFERS_TO","True"
"ffc0ba1d0b59e6dfb823de29caacd4728b05b28f","ffc0ba1d0b59e6dfb823de29caacd4728b05b28f",,"제620조",,"True","REFERS_TO","True"
"60f4a5a81ce5bf76c79dc432ce231621b957e013","60f4a5a81ce5bf76c79dc432ce231621b957e013",,"제621조",,"True","REFERS_TO","True"
"d741efb35e81f8ee16dd292af390012983247cca","d741efb35e81f8ee16dd292af390012983247cca",,"제622조",,"True","REFERS_TO","True"
"e2db8c60466924b1fce707c0661c0ed99bed02cc","e2db8c60466924b1fce707c0661c0ed99bed02cc",,"제623조",,"True","REFERS_TO","True"
"f4249dd96a3bb0b0fefcf4cc85a8f73a20481a10","f4249dd96a3bb0b0fefcf4cc85a8f73a20481a10",,"제624조",,"True","REFERS_TO","True"
"d2d7cbe079e584b8d6095332bdf90d4e1ad3c8ed","d2d7cbe079e584b8d6095332bdf90d4e1ad3c8ed",,"제625조",,"True","REFERS_TO","True"
"6afd698bee5a195a7eae0e9a8443dc15fc3de28e","6afd698bee5a195a7eae0e9a8443dc15fc3de28e",,"제626조",,"True","REFERS_TO","True"
"80523646460862d651d30d953eebebb6192e5479","80523646460862d651d30d953eebebb6192e5479",,"제627조",,"True","REFERS_TO","True"
"ee55067113a8d3735ca9ac13d1df5b388033cd07","c887ca9b56a25cd6b6bcb2f2b5ba3fe2a51e2dcb",,"제628조",,"True","REFERS_TO","True"
"c887ca9b56a25cd6b6bcb2f2b5ba3fe2a51e2dcb","c887ca9b56a25cd6b6bcb2f2b5ba3fe2a51e2dcb",,"제628조의2",,"True","REFERS_TO","True"
"fe70316edc97dae95645e2ac165be92bc59f02e6","fe70316edc97dae95645e2ac165be92bc59f02e6",,"제629조",,"True","REFERS_TO","True"
"a1d907823edde368570b27630ce2a2ecca00c918","a1d907823edde368570b27630ce2a2ecca00c918",,"제630조",,"True","REFERS_TO","True"
"6b33b87c9d74ae49db732a62fcc7ac53aa0c8fa1","6b33b87c9d74ae49db732a62fcc7ac53aa0c8fa1",,"제631조",,"True","REFERS_TO","True"
"f758d675b452d8e93ef6e4473141e378fb547224","f758d675b452d8e93ef6e4473141e378fb547224",,"제632조",,"True","REFERS_TO","True"
"e19aa697cda1bed7afbe0adf405e294827b2b851","e19aa697cda1bed7afbe0adf405e294827b2b851",,"제633조",,"True","REFERS_TO","True"
"fce3a8eaaeec7e118d3742214d56c1df58dfd953","fce3a8eaaeec7e118d3742214d56c1df58dfd953",,"제634조",,"True","REFERS_TO","True"
"a2a5a4f884ccc684609287d05ab5d6ff02bea7be","a2a5a4f884ccc684609287d05ab5d6ff02bea7be",,"제635조",,"True","REFERS_TO","True"
"5c8646be09e99f19f80f7a50f18bfe151e4d3b08","5c8646be09e99f19f80f7a50f18bfe151e4d3b08",,"제636조",,"True","REFERS_TO","True"
"8dd861d03bcb6976b57120a3f5d5bf6bca569295","8dd861d03bcb6976b57120a3f5d5bf6bca569295",,"제637조",,"True","REFERS_TO","True"
"4ecdba54772a16bb8527ad281807db3975d4a952","4ecdba54772a16bb8527ad281807db3975d4a952",,"제638조",,"True","REFERS_TO","True"
"6d9050b246f671319c4244094495cb2494d53792","6d9050b246f671319c4244094495cb2494d53792",,"제639조",,"True","REFERS_TO","True"
"b8219b76b5506e3e41c9f429c843eb19a19d8d2e","b8219b76b5506e3e41c9f429c843eb19a19d8d2e",,"제640조",,"True","REFERS_TO","True"
"8bc71267d0e0eb94f99bd84617c36c146827d57e","8bc71267d0e0eb94f99bd84617c36c146827d57e",,"제641조",,"True","REFERS_TO","True"
"8bc71267d0e0eb94f99bd84617c36c146827d57e","e2db8c60466924b1fce707c0661c0ed99bed02cc",,"제623조",,"True","REFERS_TO","True"
"27508ae96af3720d775e0e1622d223a2b5f4e7b1","27508ae96af3720d775e0e1622d223a2b5f4e7b1",,"제642조",,"True","REFERS_TO","True"
"91be3309a8755f0e621bb58636e09efdf7f8ab44","91be3309a8755f0e621bb58636e09efdf7f8ab44",,"제643조",,"True","REFERS_TO","True"
"e20064495b84bce08fb461f1e4653a9d807fb586","e20064495b84bce08fb461f1e4653a9d807fb586",,"제644조",,"True","REFERS_TO","True"
"6f37d74b1f7e92d8e8b1077a8410e6868009949a","6f37d74b1f7e92d8e8b1077a8410e6868009949a",,"제645조",,"True","REFERS_TO","True"
"9247ac9f7e8e4ab01dbaba2fa91fb7d948cc8059","9247ac9f7e8e4ab01dbaba2fa91fb7d948cc8059",,"제646조",,"True","REFERS_TO","True"
"7a30cb98d4bc0484869be6cf2d4796205fb712b2","7a30cb98d4bc0484869be6cf2d4796205fb712b2",,"제647조",,"True","REFERS_TO","True"
"42afeabe9ddf3c6ce2e7dc2f9c5fc69a1b1861a5","42afeabe9ddf3c6ce2e7dc2f9c5fc69a1b1861a5",,"제648조",,"True","REFERS_TO","True"
"42afeabe9ddf3c6ce2e7dc2f9c5fc69a1b1861a5","9247ac9f7e8e4ab01dbaba2fa91fb7d948cc8059",,"제646조",,"True","REFERS_TO","True"
"cf3d213539f7c4fa350b5f2a8e1a2d5f3e3a688a","cf3d213539f7c4fa350b5f2a8e1a2d5f3e3a688a",,"제649조",,"True","REFERS_TO","True"
"3d361e35fe5e3b89b6743149181557613d36269a","3d361e35fe5e3b89b6743149181557613d36269a",,"제650조",,"True","REFERS_TO","True"
"76d6a78b705e18fdba8cd829a542703e2df41e55","76d6a78b705e18fdba8cd829a542703e2df41e55",,"제651조",,"True","REFERS_TO","True"
"660f3ea92f1e1f2268d44a9724047968895aebd5","660f3ea92f1e1f2268d44a9724047968895aebd5",,"제652조",,"True","REFERS_TO","True"
"7f21a9d956e4e0e3e1aed9ad6bc23d4de3ec158c","7f21a9d956e4e0e3e1aed9ad6bc23d4de3ec158c",,"제653조",,"True","REFERS_TO","True"
"8074801f3ab16c142bdc35f79f2768568af89403","8074801f3ab16c142bdc35f79f2768568af89403",,"제654조",,"True","REFERS_TO","True"
"36c29ab64de5b4314c896877a3cb7e465a3e15f2","36c29ab64de5b4314c896877a3cb7e465a3e15f2",,"제655조",,"True","REFERS_TO","True"
"652eaf14d1c0f9968a2d9539d067650c0afe153a","652eaf14d1c0f9968a2d9539d067650c0afe153a",,"제656조",,"True","REFERS_TO","True"
"bab69f10bf214d02deddb84a7119fea3db61c089","bab69f10bf214d02deddb84a7119fea3db61c089",,"제657조",,"True","REFERS_TO","True"
"27676977c8f820fe3e7d0089f4f6fd372e1690f0","27676977c8f820fe3e7d0089f4f6fd372e1690f0",,"제658조",,"True","REFERS_TO","True"
"27676977c8f820fe3e7d0089f4f6fd372e1690f0","bab69f10bf214d02deddb84a7119fea3db61c089",,"제657조","제2항","True","REFERS_TO","True"
"8ad6f3bf9f715fa3e1dda627c9890245c32dcfc4","8ad6f3bf9f715fa3e1dda627c9890245c32dcfc4",,"제659조",,"True","REFERS_TO","True"
"1d5a8a1c808708fe1236d92a430cb77587541347","1d5a8a1c808708fe1236d92a430cb77587541347",,"제660조",,"True","REFERS_TO","True"
"76867cce9a0dc0c0e1e628f02c84761702526cda","76867cce9a0dc0c0e1e628f02c84761702526cda",,"제661조",,"True","REFERS_TO","True"
"38c6fd51e903e2e2f8ce5e986255f0a47627bdb2","38c6fd51e903e2e2f8ce5e986255f0a47627bdb2",,"제662조",,"True","REFERS_TO","True"
"0c478beb460a5be4438c094ea5ca36f74ae17627","0c478beb460a5be4438c094ea5ca36f74ae17627",,"제663조",,"True","REFERS_TO","True"
"baf52b51938354a3d68212e1d76e44517e22a2b3","baf52b51938354a3d68212e1d76e44517e22a2b3",,"제664조",,"True","REFERS_TO","True"
"17f85107ae9528347703d5d7c3262d675c685179","17f85107ae9528347703d5d7c3262d675c685179",,"제665조",,"True","REFERS_TO","True"
"6e4e8dda57531e7dba58c0914fcf603523ae0a2c","6e4e8dda57531e7dba58c0914fcf603523ae0a2c",,"제666조",,"True","REFERS_TO","True"
"22f2956792d89bdcbe9fddaf4207338e71b994ec","22f2956792d89bdcbe9fddaf4207338e71b994ec",,"제667조",,"True","REFERS_TO","True"
"0c0a5859041a1d69bbe5e9cbf9f1a8d0873ecff3","0c0a5859041a1d69bbe5e9cbf9f1a8d0873ecff3",,"제668조",,"True","REFERS_TO","True"
"5d2bd2d9a5492fe74e5b18824f445793da3ebf42","5d2bd2d9a5492fe74e5b18824f445793da3ebf42",,"제669조",,"True","REFERS_TO","True"
"5d2bd2d9a5492fe74e5b18824f445793da3ebf42","cc9869a6196352996def43e39505a65731f071af",,"제5조","제1항","True","REFERS_TO","True"
"fa2a01be10bf782cb4201cf5897b9190cd69f8ea","fa2a01be10bf782cb4201cf5897b9190cd69f8ea",,"제670조",,"True","REFERS_TO","True"
"1cfe693c8197195ce9fde7797f273aa09f94fef3","1cfe693c8197195ce9fde7797f273aa09f94fef3",,"제671조",,"True","REFERS_TO","True"
"7104ff205b05b62ac05fc950da23cd9dcd0c156f","7104ff205b05b62ac05fc950da23cd9dcd0c156f",,"제672조",,"True","REFERS_TO","True"
"9be5a348f0a0a6d91aec4d956df742a17c56bb34","9be5a348f0a0a6d91aec4d956df742a17c56bb34",,"제673조",,"True","REFERS_TO","True"
"7b95fcb504eabe06d2ae06e655dacd7b27e14a63","7b95fcb504eabe06d2ae06e655dacd7b27e14a63",,"제674조",,"True","REFERS_TO","True"
