source_file,node_or_row_id,node_type,law_name,article_no,annex_title,matched_keyword,text_preview,match_strength,interpretation
01_input\annex_final\annex_physical_tables.csv,5f199362d71a4d999a3dcc83de7bb220bd6d1d13,annex_source,,,,위험성평가,┌────────┬───────────────────────────────────────┐ │교육대상 │교육내용 │ │ ├───────────────────┬───────────────────┤ │ │신규과정 │보수과정 │ ├────────┼───────────────────┼───────────────────┤ │가. 안전보건관 │1) 관리책임자의 책임과 직무에 관한 │1) 산업안전·보건정책에 관한 사항 │ │리책임자 │사항 │2) 자율안전·보건관리에 관한 사항 │ │ │2) 산업안전보건법령 및 안전·보건조치 │ │ │ │에 관한 사항 │ │ ├────────┼───────────────────┼───────────────────┤ │나. 안전관리자 │1) 산업안전보건법령에 관한 사항 │1) 산업안전보건법령 및 정책에 관한 │ │및 안전관리 │2) 산업안전보건개론에 관한 사항 │사항 │ ...,STRONG_INDIRECT,"risk assessment + result + worker, but notice wording missing"
graph_rag_knowledgement\document_graph\source_annex\annex_physical_tables.csv,5f199362d71a4d999a3dcc83de7bb220bd6d1d13,annex_source,,,,위험성평가,┌────────┬───────────────────────────────────────┐ │교육대상 │교육내용 │ │ ├───────────────────┬───────────────────┤ │ │신규과정 │보수과정 │ ├────────┼───────────────────┼───────────────────┤ │가. 안전보건관 │1) 관리책임자의 책임과 직무에 관한 │1) 산업안전·보건정책에 관한 사항 │ │리책임자 │사항 │2) 자율안전·보건관리에 관한 사항 │ │ │2) 산업안전보건법령 및 안전·보건조치 │ │ │ │에 관한 사항 │ │ ├────────┼───────────────────┼───────────────────┤ │나. 안전관리자 │1) 산업안전보건법령에 관한 사항 │1) 산업안전보건법령 및 정책에 관한 │ │및 안전관리 │2) 산업안전보건개론에 관한 사항 │사항 │ ...,STRONG_INDIRECT,"risk assessment + result + worker, but notice wording missing"
01_input\law_body\law_articles.csv,d716fe45965cb33bfa4c3b73b6a5dccd2d71ce9d,document_graph,,,안전보건관리책임자의 업무,위험성평가,"안전보건관리책임자의 업무 제9조(안전보건관리책임자의 업무) 법 제15조제1항제9호에서 ""고용노동부령으로 정하는 사항""이란 법 제36조에 따른 위험성평가의 실시에 관한 사항과 안전보건규칙에서 정하는 근로자의 위험 또는 건강장해의 방지에 관한 사항을 말한다.",INDIRECT,risk assessment with one related aspect only
01_input\law_body\law_articles.csv,00c67606f836e177a7ed3c8247b0e4f0f1df2430,document_graph,,,위험성평가 실시내용 및 결과의 기록ㆍ보존,위험성평가,위험성평가 실시내용 및 결과의 기록ㆍ보존 제37조(위험성평가 실시내용 및 결과의 기록ㆍ보존),INDIRECT,risk assessment with one related aspect only
01_input\law_body\law_items.csv,cebd31978a866f67f3b345a2203d0ed7a76fbecb,document_graph,,,,위험성평가; 위험성평가 결과,"9649a52da5b5cf4ce96b35b8dc89040328c534b0 2. 2. 공정위험성평가서 및 잠재위험에 대한 사고예방ㆍ피해 최소화 대책(공정위험성평가서는 공정의 특성 등을 고려하여 다음 각 목의 위험성평가 기법 중 한 가지 이상을 선정하여 위험성평가를 한 후 그 결과에 따라 작성해야 하며, 사고예방ㆍ피해최소화 대책은 위험성평가 결과 잠재위험이 있다고 인정되는 경우에만 작성한다)",INDIRECT,risk assessment with one related aspect only
01_input\law_body\law_items.csv,2d78ec554b2d224c8415d3753dfed67b116ab997,document_graph,,,,위험성평가,"cab12072b334f85b05034a6b9a681ddf175b7a7a 3. 3. 사업 또는 사업장의 특성에 따른 유해ㆍ위험요인을 확인하여 개선하는 업무절차를 마련하고, 해당 업무절차에 따라 유해ㆍ위험요인의 확인 및 개선이 이루어지는지를 반기 1회 이상 점검한 후 필요한 조치를 할 것. 다만, 「산업안전보건법」 제36조에 따른 위험성평가를 하는 절차를 마련하고, 그 절차에 따라 위험성 평가를 직접 실시하거나 실시하도록 하여 실시 결과를 보고받은 경우에는 해당 업무절차에 따라 유해ㆍ위험요인의 확인 및 개선에 대한 점검을 한 것으로 본다.",INDIRECT,risk assessment with one related aspect only
01_input\law_body\law_paragraphs.csv,d716fe45965cb33bfa4c3b73b6a5dccd2d71ce9d,document_graph,,,,위험성평가,"제9조(안전보건관리책임자의 업무) 법 제15조제1항제9호에서 ""고용노동부령으로 정하는 사항""이란 법 제36조에 따른 위험성평가의 실시에 관한 사항과 안전보건규칙에서 정하는 근로자의 위험 또는 건강장해의 방지에 관한 사항을 말한다.",INDIRECT,risk assessment with one related aspect only
01_input\law_body\law_paragraphs.csv,00c67606f836e177a7ed3c8247b0e4f0f1df2430,document_graph,,,,위험성평가,① 사업주가 법 제36조제3항에 따라 위험성평가의 결과와 조치사항을 기록ㆍ보존할 때에는 다음 각 호의 사항이 포함되어야 한다.,INDIRECT,risk assessment with one related aspect only
01_input\law_body\nodes_article.csv,d716fe45965cb33bfa4c3b73b6a5dccd2d71ce9d,document_graph,,,안전보건관리책임자의 업무,위험성평가,"안전보건관리책임자의 업무 제9조(안전보건관리책임자의 업무) 법 제15조제1항제9호에서 ""고용노동부령으로 정하는 사항""이란 법 제36조에 따른 위험성평가의 실시에 관한 사항과 안전보건규칙에서 정하는 근로자의 위험 또는 건강장해의 방지에 관한 사항을 말한다.",INDIRECT,risk assessment with one related aspect only
01_input\law_body\nodes_article.csv,00c67606f836e177a7ed3c8247b0e4f0f1df2430,document_graph,,,위험성평가 실시내용 및 결과의 기록ㆍ보존,위험성평가,위험성평가 실시내용 및 결과의 기록ㆍ보존 제37조(위험성평가 실시내용 및 결과의 기록ㆍ보존),INDIRECT,risk assessment with one related aspect only
01_input\law_body\nodes_item.csv,cebd31978a866f67f3b345a2203d0ed7a76fbecb,document_graph,,,,위험성평가; 위험성평가 결과,"9649a52da5b5cf4ce96b35b8dc89040328c534b0 2. 2. 공정위험성평가서 및 잠재위험에 대한 사고예방ㆍ피해 최소화 대책(공정위험성평가서는 공정의 특성 등을 고려하여 다음 각 목의 위험성평가 기법 중 한 가지 이상을 선정하여 위험성평가를 한 후 그 결과에 따라 작성해야 하며, 사고예방ㆍ피해최소화 대책은 위험성평가 결과 잠재위험이 있다고 인정되는 경우에만 작성한다)",INDIRECT,risk assessment with one related aspect only
01_input\law_body\nodes_item.csv,2d78ec554b2d224c8415d3753dfed67b116ab997,document_graph,,,,위험성평가,"cab12072b334f85b05034a6b9a681ddf175b7a7a 3. 3. 사업 또는 사업장의 특성에 따른 유해ㆍ위험요인을 확인하여 개선하는 업무절차를 마련하고, 해당 업무절차에 따라 유해ㆍ위험요인의 확인 및 개선이 이루어지는지를 반기 1회 이상 점검한 후 필요한 조치를 할 것. 다만, 「산업안전보건법」 제36조에 따른 위험성평가를 하는 절차를 마련하고, 그 절차에 따라 위험성 평가를 직접 실시하거나 실시하도록 하여 실시 결과를 보고받은 경우에는 해당 업무절차에 따라 유해ㆍ위험요인의 확인 및 개선에 대한 점검을 한 것으로 본다.",INDIRECT,risk assessment with one related aspect only
01_input\law_body\nodes_paragraph.csv,d716fe45965cb33bfa4c3b73b6a5dccd2d71ce9d,document_graph,,,,위험성평가,"제9조(안전보건관리책임자의 업무) 법 제15조제1항제9호에서 ""고용노동부령으로 정하는 사항""이란 법 제36조에 따른 위험성평가의 실시에 관한 사항과 안전보건규칙에서 정하는 근로자의 위험 또는 건강장해의 방지에 관한 사항을 말한다.",INDIRECT,risk assessment with one related aspect only
01_input\law_body\nodes_paragraph.csv,00c67606f836e177a7ed3c8247b0e4f0f1df2430,document_graph,,,,위험성평가,① 사업주가 법 제36조제3항에 따라 위험성평가의 결과와 조치사항을 기록ㆍ보존할 때에는 다음 각 호의 사항이 포함되어야 한다.,INDIRECT,risk assessment with one related aspect only
graph_rag_knowledgement\document_graph\nodes\nodes_article.csv,d716fe45965cb33bfa4c3b73b6a5dccd2d71ce9d,document_graph,,,안전보건관리책임자의 업무,위험성평가,"안전보건관리책임자의 업무 제9조(안전보건관리책임자의 업무) 법 제15조제1항제9호에서 ""고용노동부령으로 정하는 사항""이란 법 제36조에 따른 위험성평가의 실시에 관한 사항과 안전보건규칙에서 정하는 근로자의 위험 또는 건강장해의 방지에 관한 사항을 말한다.",INDIRECT,risk assessment with one related aspect only
graph_rag_knowledgement\document_graph\nodes\nodes_article.csv,00c67606f836e177a7ed3c8247b0e4f0f1df2430,document_graph,,,위험성평가 실시내용 및 결과의 기록ㆍ보존,위험성평가,위험성평가 실시내용 및 결과의 기록ㆍ보존 제37조(위험성평가 실시내용 및 결과의 기록ㆍ보존),INDIRECT,risk assessment with one related aspect only
graph_rag_knowledgement\document_graph\nodes\nodes_item.csv,cebd31978a866f67f3b345a2203d0ed7a76fbecb,document_graph,,,,위험성평가; 위험성평가 결과,"9649a52da5b5cf4ce96b35b8dc89040328c534b0 2. 2. 공정위험성평가서 및 잠재위험에 대한 사고예방ㆍ피해 최소화 대책(공정위험성평가서는 공정의 특성 등을 고려하여 다음 각 목의 위험성평가 기법 중 한 가지 이상을 선정하여 위험성평가를 한 후 그 결과에 따라 작성해야 하며, 사고예방ㆍ피해최소화 대책은 위험성평가 결과 잠재위험이 있다고 인정되는 경우에만 작성한다)",INDIRECT,risk assessment with one related aspect only
graph_rag_knowledgement\document_graph\nodes\nodes_item.csv,2d78ec554b2d224c8415d3753dfed67b116ab997,document_graph,,,,위험성평가,"cab12072b334f85b05034a6b9a681ddf175b7a7a 3. 3. 사업 또는 사업장의 특성에 따른 유해ㆍ위험요인을 확인하여 개선하는 업무절차를 마련하고, 해당 업무절차에 따라 유해ㆍ위험요인의 확인 및 개선이 이루어지는지를 반기 1회 이상 점검한 후 필요한 조치를 할 것. 다만, 「산업안전보건법」 제36조에 따른 위험성평가를 하는 절차를 마련하고, 그 절차에 따라 위험성 평가를 직접 실시하거나 실시하도록 하여 실시 결과를 보고받은 경우에는 해당 업무절차에 따라 유해ㆍ위험요인의 확인 및 개선에 대한 점검을 한 것으로 본다.",INDIRECT,risk assessment with one related aspect only
graph_rag_knowledgement\document_graph\nodes\nodes_paragraph.csv,d716fe45965cb33bfa4c3b73b6a5dccd2d71ce9d,document_graph,,,,위험성평가,"제9조(안전보건관리책임자의 업무) 법 제15조제1항제9호에서 ""고용노동부령으로 정하는 사항""이란 법 제36조에 따른 위험성평가의 실시에 관한 사항과 안전보건규칙에서 정하는 근로자의 위험 또는 건강장해의 방지에 관한 사항을 말한다.",INDIRECT,risk assessment with one related aspect only
graph_rag_knowledgement\document_graph\nodes\nodes_paragraph.csv,00c67606f836e177a7ed3c8247b0e4f0f1df2430,document_graph,,,,위험성평가,① 사업주가 법 제36조제3항에 따라 위험성평가의 결과와 조치사항을 기록ㆍ보존할 때에는 다음 각 호의 사항이 포함되어야 한다.,INDIRECT,risk assessment with one related aspect only
01_input\annex_final\annex_logical_cells.csv,lrow_eadf26121ecf,annex_source,,,,위험성평가,"관리자 역할에 관한 사항 10) 보건관리계획 및 운용에 관한 사 11) 근로자 건강관리 및 응급처치에 관한 사항 12) 위험성평가에 관한 사항 13) 감염병 예방에 관한 사항 14) 자살 예방에 관한 사항 15) 그 밖에 보건관리자의 직무 향상 을 위하여 필요한 사항 관리자 역할에 관한 사항 10) 보건관리계획 및 운용에 관한 사 11) 근로자 건강관리 및 응급처치에 관한 사항 12) 위험성평가에 관한 사항 13) 감염병 예방에 관한 사항 14) 자살 예방에 관한 사항 15) 그 밖에 보건관리자의 직무 향상 을 위하여 필요한 사항 [""cell_ca342ce474d1""] False False",INDIRECT,risk assessment with one related aspect only
01_input\annex_final\annex_logical_cells_dup1.csv,lrow_eadf26121ecf,annex_source,,,,위험성평가,"관리자 역할에 관한 사항 10) 보건관리계획 및 운용에 관한 사 11) 근로자 건강관리 및 응급처치에 관한 사항 12) 위험성평가에 관한 사항 13) 감염병 예방에 관한 사항 14) 자살 예방에 관한 사항 15) 그 밖에 보건관리자의 직무 향상 을 위하여 필요한 사항 관리자 역할에 관한 사항 10) 보건관리계획 및 운용에 관한 사 11) 근로자 건강관리 및 응급처치에 관한 사항 12) 위험성평가에 관한 사항 13) 감염병 예방에 관한 사항 14) 자살 예방에 관한 사항 15) 그 밖에 보건관리자의 직무 향상 을 위하여 필요한 사항 [""cell_ca342ce474d1""] False False",INDIRECT,risk assessment with one related aspect only
01_input\annex_final\annex_logical_rows.csv,lrow_eadf26121ecf,annex_source,,,,위험성평가,"관리자 역할에 관한 사항 10) 보건관리계획 및 운용에 관한 사 11) 근로자 건강관리 및 응급처치에 관한 사항 12) 위험성평가에 관한 사항 13) 감염병 예방에 관한 사항 14) 자살 예방에 관한 사항 15) 그 밖에 보건관리자의 직무 향상 을 위하여 필요한 사항 | 위하여 필요한 사항 관리자 역할에 관한 사항 10) 보건관리계획 및 운용에 관한 사 11) 근로자 건강관리 및 응급처치에 관한 사항 12) 위험성평가에 관한 사항 13) 감염병 예방에 관한 사항 14) 자살 예방에 관한 사항 15) 그 밖에 보건관리자의 직무 향상 을 위하여 필요한 사항 | 위하여 필요한 사항 [""row_c992231c3693""] 32 32 False",INDIRECT,risk assessment with one related aspect only
01_input\annex_final\annex_logical_rows_dup1.csv,lrow_eadf26121ecf,annex_source,,,,위험성평가,"관리자 역할에 관한 사항 10) 보건관리계획 및 운용에 관한 사 11) 근로자 건강관리 및 응급처치에 관한 사항 12) 위험성평가에 관한 사항 13) 감염병 예방에 관한 사항 14) 자살 예방에 관한 사항 15) 그 밖에 보건관리자의 직무 향상 을 위하여 필요한 사항 | 위하여 필요한 사항 관리자 역할에 관한 사항 10) 보건관리계획 및 운용에 관한 사 11) 근로자 건강관리 및 응급처치에 관한 사항 12) 위험성평가에 관한 사항 13) 감염병 예방에 관한 사항 14) 자살 예방에 관한 사항 15) 그 밖에 보건관리자의 직무 향상 을 위하여 필요한 사항 | 위하여 필요한 사항 [""row_c992231c3693""] 32 32 False",INDIRECT,risk assessment with one related aspect only
01_input\annex_final\annex_physical_cells.csv,5f199362d71a4d999a3dcc83de7bb220bd6d1d13,annex_source,,,,위험성평가,관리자 역할에 관한 사항 10) 보건관리계획 및 운용에 관한 사 11) 근로자 건강관리 및 응급처치에 관한 사항 12) 위험성평가에 관한 사항 13) 감염병 예방에 관한 사항 14) 자살 예방에 관한 사항 15) 그 밖에 보건관리자의 직무 향상 을 위하여 필요한 사항 관리자 역할에 관한 사항 10) 보건관리계획 및 운용에 관한 사 11) 근로자 건강관리 및 응급처치에 관한 사항 12) 위험성평가에 관한 사항 13) 감염병 예방에 관한 사항 14) 자살 예방에 관한 사항 15) 그 밖에 보건관리자의 직무 향상 을 위하여 필요한 사항,INDIRECT,risk assessment with one related aspect only
01_input\annex_final\annex_physical_rows.csv,5f199362d71a4d999a3dcc83de7bb220bd6d1d13,annex_source,,,,위험성평가,관리자 역할에 관한 사항 10) 보건관리계획 및 운용에 관한 사 11) 근로자 건강관리 및 응급처치에 관한 사항 12) 위험성평가에 관한 사항 13) 감염병 예방에 관한 사항 14) 자살 예방에 관한 사항 15) 그 밖에 보건관리자의 직무 향상 을 위하여 필요한 사항 | 위하여 필요한 사항 관리자 역할에 관한 사항 10) 보건관리계획 및 운용에 관한 사 11) 근로자 건강관리 및 응급처치에 관한 사항 12) 위험성평가에 관한 사항 13) 감염병 예방에 관한 사항 14) 자살 예방에 관한 사항 15) 그 밖에 보건관리자의 직무 향상 을 위하여 필요한 사항 | 위하여 필요한 사항,INDIRECT,risk assessment with one related aspect only
01_input\annex_final\annex_physical_tables.csv,5f199362d71a4d999a3dcc83de7bb220bd6d1d13,annex_source,,,,위험성평가,"┌────────────────────────────────────────────────┐ │교육내용 │ ├────────────────────────────────────────────────┤ │○ 산업안전 및 산업재해 예방에 관한 사항(화재ㆍ폭발 사고 발생 시 대피에 관한 사항을 포함한 │ │다) │ │○ 산업보건 및 건강장해 예방에 관한 사항(폭염ㆍ한파작업으로 인한 건강장해 발생 시 응급조치에 │ │관한 사항을 포함한다) │ │○ 위험성평가에 관한 사항 │ │○ 유해ㆍ위험 작업환경 관리에 관한 사항 │ │○ 산업안전보건법령 및 산업재해보상보험 제도에 관한 사항 │ │○ 직무스트레스 예방 및 관리에 관한 사항 │ │○ 직장 내 괴롭힘, 고객의 폭언 등으로 인한 건강장해 예방 및 관리에 관한 사항 │ │○ 작업공정의 유해ㆍ위험과 재해 예방대책에 관한 사항 │ │○ 사업장 내 안전보건관리...",INDIRECT,risk assessment with one related aspect only
01_input\annex_final\annex_physical_tables.csv,c47ea0c35e1742987cd833491b6fc7647aa3ec46,annex_source,,,,위험성평가,───────────────────────┬──────────┬───── 항목 │금액 │비율(%) ───────────────────────┼──────────┼───── 안전·보건관리자 임금 등 │ │% ───────────────────────┼──────────┼───── 안전시설비 등 │ │% ───────────────────────┼──────────┼───── 보호구 등 │ │% ───────────────────────┼──────────┼───── 안전보건진단비 등 │ │% ───────────────────────┼──────────┼───── 안전보건교육비 등 │ │% ───────────────────────┼──────────┼───── 근로자 건강장해예방비 등 │ │% ───────────────────────┼──────────┼───── 건설재해예방전문지도기관 ...,INDIRECT,risk assessment with one related aspect only
01_input\annex_final\annex_physical_tables.csv,c47ea0c35e1742987cd833491b6fc7647aa3ec46,annex_source,,,,위험성평가,─────────────────┬────┬──┬───┬──┬─────┬───── 항목 │세부항목│단위│수 량 │금액│산출 명세 │사용시기 ─────────────────┼────┼──┼───┼──┼─────┼───── 안전·보건관리자 임금 등 │ │ │ │ │ │ ─────────────────┼────┼──┼───┼──┼─────┼───── 안전시설비 등 │ │ │ │ │ │ ─────────────────┼────┼──┼───┼──┼─────┼───── 보호구 등 │ │ │ │ │ │ ─────────────────┼────┼──┼───┼──┼─────┼───── 안전보건진단비 등 │ │ │ │ │ │ ─────────────────┼────┼──┼───┼──┼─────┼───── 안전보건교육비 등 │ │ │ │ │ │ ─────────────────┼────┼──┼───┼──┼────...,INDIRECT,risk assessment with one related aspect only
graph_rag_knowledgement\document_graph\source_annex\annex_logical_cells.csv,lrow_eadf26121ecf,annex_source,,,,위험성평가,"관리자 역할에 관한 사항 10) 보건관리계획 및 운용에 관한 사 11) 근로자 건강관리 및 응급처치에 관한 사항 12) 위험성평가에 관한 사항 13) 감염병 예방에 관한 사항 14) 자살 예방에 관한 사항 15) 그 밖에 보건관리자의 직무 향상 을 위하여 필요한 사항 관리자 역할에 관한 사항 10) 보건관리계획 및 운용에 관한 사 11) 근로자 건강관리 및 응급처치에 관한 사항 12) 위험성평가에 관한 사항 13) 감염병 예방에 관한 사항 14) 자살 예방에 관한 사항 15) 그 밖에 보건관리자의 직무 향상 을 위하여 필요한 사항 [""cell_ca342ce474d1""] False False",INDIRECT,risk assessment with one related aspect only
graph_rag_knowledgement\document_graph\source_annex\annex_logical_rows.csv,lrow_eadf26121ecf,annex_source,,,,위험성평가,"관리자 역할에 관한 사항 10) 보건관리계획 및 운용에 관한 사 11) 근로자 건강관리 및 응급처치에 관한 사항 12) 위험성평가에 관한 사항 13) 감염병 예방에 관한 사항 14) 자살 예방에 관한 사항 15) 그 밖에 보건관리자의 직무 향상 을 위하여 필요한 사항 | 위하여 필요한 사항 관리자 역할에 관한 사항 10) 보건관리계획 및 운용에 관한 사 11) 근로자 건강관리 및 응급처치에 관한 사항 12) 위험성평가에 관한 사항 13) 감염병 예방에 관한 사항 14) 자살 예방에 관한 사항 15) 그 밖에 보건관리자의 직무 향상 을 위하여 필요한 사항 | 위하여 필요한 사항 [""row_c992231c3693""] 32 32 False",INDIRECT,risk assessment with one related aspect only
graph_rag_knowledgement\document_graph\source_annex\annex_physical_cells.csv,5f199362d71a4d999a3dcc83de7bb220bd6d1d13,annex_source,,,,위험성평가,관리자 역할에 관한 사항 10) 보건관리계획 및 운용에 관한 사 11) 근로자 건강관리 및 응급처치에 관한 사항 12) 위험성평가에 관한 사항 13) 감염병 예방에 관한 사항 14) 자살 예방에 관한 사항 15) 그 밖에 보건관리자의 직무 향상 을 위하여 필요한 사항 관리자 역할에 관한 사항 10) 보건관리계획 및 운용에 관한 사 11) 근로자 건강관리 및 응급처치에 관한 사항 12) 위험성평가에 관한 사항 13) 감염병 예방에 관한 사항 14) 자살 예방에 관한 사항 15) 그 밖에 보건관리자의 직무 향상 을 위하여 필요한 사항,INDIRECT,risk assessment with one related aspect only
graph_rag_knowledgement\document_graph\source_annex\annex_physical_rows.csv,5f199362d71a4d999a3dcc83de7bb220bd6d1d13,annex_source,,,,위험성평가,관리자 역할에 관한 사항 10) 보건관리계획 및 운용에 관한 사 11) 근로자 건강관리 및 응급처치에 관한 사항 12) 위험성평가에 관한 사항 13) 감염병 예방에 관한 사항 14) 자살 예방에 관한 사항 15) 그 밖에 보건관리자의 직무 향상 을 위하여 필요한 사항 | 위하여 필요한 사항 관리자 역할에 관한 사항 10) 보건관리계획 및 운용에 관한 사 11) 근로자 건강관리 및 응급처치에 관한 사항 12) 위험성평가에 관한 사항 13) 감염병 예방에 관한 사항 14) 자살 예방에 관한 사항 15) 그 밖에 보건관리자의 직무 향상 을 위하여 필요한 사항 | 위하여 필요한 사항,INDIRECT,risk assessment with one related aspect only
graph_rag_knowledgement\document_graph\source_annex\annex_physical_tables.csv,5f199362d71a4d999a3dcc83de7bb220bd6d1d13,annex_source,,,,위험성평가,"┌────────────────────────────────────────────────┐ │교육내용 │ ├────────────────────────────────────────────────┤ │○ 산업안전 및 산업재해 예방에 관한 사항(화재ㆍ폭발 사고 발생 시 대피에 관한 사항을 포함한 │ │다) │ │○ 산업보건 및 건강장해 예방에 관한 사항(폭염ㆍ한파작업으로 인한 건강장해 발생 시 응급조치에 │ │관한 사항을 포함한다) │ │○ 위험성평가에 관한 사항 │ │○ 유해ㆍ위험 작업환경 관리에 관한 사항 │ │○ 산업안전보건법령 및 산업재해보상보험 제도에 관한 사항 │ │○ 직무스트레스 예방 및 관리에 관한 사항 │ │○ 직장 내 괴롭힘, 고객의 폭언 등으로 인한 건강장해 예방 및 관리에 관한 사항 │ │○ 작업공정의 유해ㆍ위험과 재해 예방대책에 관한 사항 │ │○ 사업장 내 안전보건관리...",INDIRECT,risk assessment with one related aspect only
graph_rag_knowledgement\document_graph\source_annex\annex_physical_tables.csv,c47ea0c35e1742987cd833491b6fc7647aa3ec46,annex_source,,,,위험성평가,───────────────────────┬──────────┬───── 항목 │금액 │비율(%) ───────────────────────┼──────────┼───── 안전·보건관리자 임금 등 │ │% ───────────────────────┼──────────┼───── 안전시설비 등 │ │% ───────────────────────┼──────────┼───── 보호구 등 │ │% ───────────────────────┼──────────┼───── 안전보건진단비 등 │ │% ───────────────────────┼──────────┼───── 안전보건교육비 등 │ │% ───────────────────────┼──────────┼───── 근로자 건강장해예방비 등 │ │% ───────────────────────┼──────────┼───── 건설재해예방전문지도기관 ...,INDIRECT,risk assessment with one related aspect only
graph_rag_knowledgement\document_graph\source_annex\annex_physical_tables.csv,c47ea0c35e1742987cd833491b6fc7647aa3ec46,annex_source,,,,위험성평가,─────────────────┬────┬──┬───┬──┬─────┬───── 항목 │세부항목│단위│수 량 │금액│산출 명세 │사용시기 ─────────────────┼────┼──┼───┼──┼─────┼───── 안전·보건관리자 임금 등 │ │ │ │ │ │ ─────────────────┼────┼──┼───┼──┼─────┼───── 안전시설비 등 │ │ │ │ │ │ ─────────────────┼────┼──┼───┼──┼─────┼───── 보호구 등 │ │ │ │ │ │ ─────────────────┼────┼──┼───┼──┼─────┼───── 안전보건진단비 등 │ │ │ │ │ │ ─────────────────┼────┼──┼───┼──┼─────┼───── 안전보건교육비 등 │ │ │ │ │ │ ─────────────────┼────┼──┼───┼──┼────...,INDIRECT,risk assessment with one related aspect only
graph_rag_knowledgement\reasoning_graph\nodes\nodes_rule.csv,b26632d5-1cc6-5432-95b7-136e9558389a,paragraph,산업안전보건법 시행규칙,제9조,,위험성평가,"제9조(안전보건관리책임자의 업무) 법 제15조제1항제9호에서 ""고용노동부령으로 정하는 사항""이란 법 제36조에 따른 위험성평가의 실시에 관한 사항과 안전보건규칙에서 정하는 근로자의 위험 또는 건강장해의 방지에 관한 사항을 말한다. paragraph eb38824debf228539bdefcf88f6de7d700120fc9 article d716fe45965cb33bfa4c3b73b6a5dccd2d71ce9d 제9조(안전보건관리책임자의 업무) 법 제15조제1항제9호에서 ""고용노동부령으로 정하는 사항""이란 법 제36조에 따른 위험성평가의 실시에 관한 사항과 안전보건규칙에서 정하는 근로자의 위험 또는 건강장해의 방지에 관한 사항을 말한다. 제9조(안전보건관리책임자의 업무) 법 제15조제1항제9호에서 ""고용노동부령으로 정하는 사항""이란 법 제36조에 따른 위험성평가의 실시에 관한 사항과 안전보건규칙...",INDIRECT,risk assessment with one related aspect only
graph_rag_knowledgement\reasoning_graph\nodes\nodes_rule.csv,d59fe247-fe1e-5933-b0a9-857f8f338d1e,paragraph,산업안전보건법 시행규칙,제37조,,위험성평가,① 사업주가 법 제36조제3항에 따라 위험성평가의 결과와 조치사항을 기록ㆍ보존할 때에는 다음 각 호의 사항이 포함되어야 한다. ① 사업주가 법 제36조제3항에 따라 위험성평가의 결과와 조치사항을 기록ㆍ보존할 때에는 다음 각 호의 사항이 포함되어야 한다. paragraph a9bc062ccff9b3d66053a2f18dc1c3e2b292cb4f article 00c67606f836e177a7ed3c8247b0e4f0f1df2430 ① 사업주가 법 제36조제3항에 따라 위험성평가의 결과와 조치사항을 기록ㆍ보존할 때에는 다음 각 호의 사항이 포함되어야 한다. ① 사업주가 법 제36조제3항에 따라 위험성평가의 결과와 조치사항을 기록ㆍ보존할 때에는 다음 각 호의 사항이 포함되어야 한다. 37 제4장 유해ㆍ위험 방지 조치 pattern_match,INDIRECT,risk assessment with one related aspect only
graph_rag_knowledgement\reasoning_graph\nodes\nodes_rule.csv,53ae106c-e60b-5580-a0ed-f8293dc4d1fd,item,산업안전보건법 시행규칙,제37조,,위험성평가,① 사업주가 법 제36조제3항에 따라 위험성평가의 결과와 조치사항을 기록ㆍ보존할 때에는 다음 각 호의 사항이 포함되어야 한다. 1. 위험성평가 대상의 유해ㆍ위험요인 1. 위험성평가 대상의 유해ㆍ위험요인 item 8dc8475218d9032ebc7fb0e31b11f02cdafd5499 paragraph a9bc062ccff9b3d66053a2f18dc1c3e2b292cb4f ① 사업주가 법 제36조제3항에 따라 위험성평가의 결과와 조치사항을 기록ㆍ보존할 때에는 다음 각 호의 사항이 포함되어야 한다. 1. 위험성평가 대상의 유해ㆍ위험요인 1. 위험성평가 대상의 유해ㆍ위험요인 37 제4장 유해ㆍ위험 방지 조치 pattern_match,INDIRECT,risk assessment with one related aspect only
graph_rag_knowledgement\reasoning_graph\nodes\nodes_rule.csv,e0a94796-8071-51f2-a26b-2163f81ed1ba,item,산업안전보건법 시행규칙,제37조,,위험성평가,① 사업주가 법 제36조제3항에 따라 위험성평가의 결과와 조치사항을 기록ㆍ보존할 때에는 다음 각 호의 사항이 포함되어야 한다. 3. 위험성 결정에 따른 조치의 내용 3. 위험성 결정에 따른 조치의 내용 item b8669c9ffbfa2cf2b01522709d9b4f9016c56959 paragraph a9bc062ccff9b3d66053a2f18dc1c3e2b292cb4f ① 사업주가 법 제36조제3항에 따라 위험성평가의 결과와 조치사항을 기록ㆍ보존할 때에는 다음 각 호의 사항이 포함되어야 한다. 3. 위험성 결정에 따른 조치의 내용 3. 위험성 결정에 따른 조치의 내용 37 제4장 유해ㆍ위험 방지 조치 pattern_match,INDIRECT,risk assessment with one related aspect only
graph_rag_knowledgement\reasoning_graph\nodes\nodes_rule.csv,ac3db716-29b4-52ef-8977-4fe816b051b1,item,산업안전보건법 시행규칙,제37조,,위험성평가,① 사업주가 법 제36조제3항에 따라 위험성평가의 결과와 조치사항을 기록ㆍ보존할 때에는 다음 각 호의 사항이 포함되어야 한다. 4. 그 밖에 위험성평가의 실시내용을 확인하기 위하여 필요한 사항으로서 고용노동부장관이 정하여 고시하는 사항 4. 그 밖에 위험성평가의 실시내용을 확인하기 위하여 필요한 사항으로서 고용노동부장관이 정하여 고시하는 사항 item aa39b7da7c707e02fe6eec590eb60f36fb4c7cb2 paragraph a9bc062ccff9b3d66053a2f18dc1c3e2b292cb4f ① 사업주가 법 제36조제3항에 따라 위험성평가의 결과와 조치사항을 기록ㆍ보존할 때에는 다음 각 호의 사항이 포함되어야 한다. 4. 그 밖에 위험성평가의 실시내용을 확인하기 위하여 필요한 사항으로서 고용노동부장관이 정하여 고시하는 사항 4. 그 밖에 위험성평가의 실시내용을 확인하기...,INDIRECT,risk assessment with one related aspect only
graph_rag_knowledgement\reasoning_graph\nodes\nodes_rule.csv,d312f9b9-6450-5241-8348-4d3681774b01,item,중대재해 처벌 등에 관한 법률 시행령,제4조,,위험성평가,"3. 사업 또는 사업장의 특성에 따른 유해ㆍ위험요인을 확인하여 개선하는 업무절차를 마련하고, 해당 업무절차에 따라 유해ㆍ위험요인의 확인 및 개선이 이루어지는지를 반기 1회 이상 점검한 후 필요한 조치를 할 것. 다만, 「산업안전보건법」 제36조에 따른 위험성평가를 하는 절차를 마련하고, 3. 사업 또는 사업장의 특성에 따른 유해ㆍ위험요인을 확인하여 개선하는 업무절차를 마련하고, 해당 업무절차에 따라 유해ㆍ위험요인의 확인 및 개선이 이루어지는지를 반기 1회 이상 점검한 후 필요한 조치를 할 것. 다만, 「산업안전보건법」 제36조에 따른 위험성평가를 하는 절차를 마련하고, 그 절차에 따라 위험성 평가를 직접 실시하거나 실시하도록 하여 실시 결과를 보고받은 경우에는 해당 업무절차에 따라 유해ㆍ위험요인의 확인 및 개 「산업안전보건법」 제36조에 따른 위험성평가를 하는 절차를 마련하고, 그 절차에 ...",INDIRECT,risk assessment with one related aspect only
graph_rag_knowledgement\reasoning_graph\nodes\nodes_rule.csv,34864e59-9187-5aa5-9714-2f1aa1cf0926,subitem,산업안전보건법 시행규칙,제50조,,위험성평가; 위험성평가 결과,"① 영 제44조에 따라 공정안전보고서에 포함해야 할 세부내용은 다음 각 호와 같다. 다. 작업자 실수 분석(HEA) subitem d3739a78c6fc948f3514865879e68c015b7a338b item 9649a52da5b5cf4ce96b35b8dc89040328c534b0 ① 영 제44조에 따라 공정안전보고서에 포함해야 할 세부내용은 다음 각 호와 같다. 2. 공정위험성평가서 및 잠재위험에 대한 사고예방ㆍ피해 최소화 대책(공정위험성평가서는 공정의 특성 등을 고려하여 다음 각 목의 위험성평가 기법 중 한 가지 이상을 선정하여 위험성평가를 한 후 그 결과에 따라 작성해야 하며, 사고예방ㆍ피해최소화 대책은 위험성평가 결과 잠재위험이 있다고 인정되는 경우에만 작성한다) 다. 작업자 실수 분석(HEA) 다. 작업자 실수 분석(HEA) 37 제4장 유해ㆍ위험 방지 조치 pattern_match",INDIRECT,risk assessment with one related aspect only
graph_rag_knowledgement\reasoning_graph\nodes\nodes_rule.csv,e6a390cd-532c-56c9-bccf-c46575f4cc7d,annex_logical_row,산업안전보건법 시행규칙,,안전보건교육 교육대상별 교육내용(제26조제1항 등 관련),위험성평가,관리자 역할에 관한 사항 10) 보건관리계획 및 운용에 관한 사 11) 근로자 건강관리 및 응급처치에 관한 사항 12) 위험성평가에 관한 사항 13) 감염병 예방에 관한 사항 14) 자살 예방에 관한 사항 15) 그 밖에 보건관리자의 직무 향상 을 위하여 필요한 사항 | 위하여 필요한 사항 annex_logical_row lrow_eadf26121ecf annex 5f199362d71a4d999a3dcc83de7bb220bd6d1d13 5 안전보건교육 교육대상별 교육내용(제26조제1항 등 관련) 관리자 역할에 관한 사항 10) 보건관리계획 및 운용에 관한 사 11) 근로자 건강관리 및 응급처치에 관한 사항 12) 위험성평가에 관한 사항 13) 감염병 예방에 관한 사항 14) 자살 예방에 관한 사항 15) 그 밖에 보건관리자의 직무 향상 을 위하여 필요한 사항 | 위하여 필요한 사항 관리자 ...,INDIRECT,risk assessment with one related aspect only
graph_rag_knowledgement\reasoning_graph\nodes\nodes_rule.csv,95a9d186-fed1-5604-82b2-14064ea64cff,annex_logical_cell,산업안전보건법 시행규칙,,안전보건교육 교육대상별 교육내용(제26조제1항 등 관련),위험성평가,교육대상: 관리자 역할에 관한 사항 10) 보건관리계획 및 운용에 관한 사 11) 근로자 건강관리 및 응급처치에 관한 사항 12) 위험성평가에 관한 사항 13) 감염병 예방에 관한 사항 14) 자살 예방에 관한 사항 15) 그 밖에 보건관리자의 직무 향상 을 위하여 필요한 사항 annex_logical_cell lcell_126568e2feba annex_logical_row lrow_eadf26121ecf 5 안전보건교육 교육대상별 교육내용(제26조제1항 등 관련) 관리자 역할에 관한 사항 10) 보건관리계획 및 운용에 관한 사 11) 근로자 건강관리 및 응급처치에 관한 사항 12) 위험성평가에 관한 사항 13) 감염병 예방에 관한 사항 14) 자살 예방에 관한 사항 15) 그 밖에 보건관리자의 직무 향상 을 위하여 필요한 사항 | 위하여 필요한 사항 교육대상: 관리자 역할에 관한 사항 ...,INDIRECT,risk assessment with one related aspect only
graph_rag_knowledgement\reasoning_graph\nodes\nodes_requirement.csv,d59fe247-fe1e-5933-b0a9-857f8f338d1e,reasoning_requirement,,,,위험성평가,a2f2d87a-0d1c-5d1b-951a-c3f58e9347a2 RECORD_RETENTION ① 사업주가 법 제36조제3항에 따라 위험성평가의 결과와 조치사항을 기록ㆍ보존할 때에는 다음 각 호의 사항이 포함되어야 한다. a9bc062ccff9b3d66053a2f18dc1c3e2b292cb4f ① 사업주가 법 제36조제3항에 따라 위험성평가의 결과와 조치사항을 기록ㆍ보존할 때에는 다음 각 호의 사항이 포함되어야 한다.,INDIRECT,risk assessment with one related aspect only
graph_rag_knowledgement\reasoning_graph\nodes\nodes_requirement.csv,e6a390cd-532c-56c9-bccf-c46575f4cc7d,reasoning_requirement,,,,위험성평가,02084de3-1a28-5791-be84-b025bbab6b20 OTHER 관리자 역할에 관한 사항 10) 보건관리계획 및 운용에 관한 사 11) 근로자 건강관리 및 응급처치에 관한 사항 12) 위험성평가에 관한 사항 13) 감염병 예방에 관한 사항 14) 자살 예방에 관한 사항 15) 그 밖에 보건관리자의 직무 향상 을 위하여 필요한 사항 | 위하여 필요한 사항 lrow_eadf26121ecf 관리자 역할에 관한 사항 10) 보건관리계획 및 운용에 관한 사 11) 근로자 건강관리 및 응급처치에 관한 사항 12) 위험성평가에 관한 사항 13) 감염병 예방에 관한 사항 14) 자살 예방에 관한 사항 15) 그 밖에 보건관리자의 직무 향상 을 위하여 필요한 사항 | 위하여 필요한 사항,INDIRECT,risk assessment with one related aspect only
graph_rag_knowledgement\reasoning_graph\nodes\nodes_requirement.csv,95a9d186-fed1-5604-82b2-14064ea64cff,reasoning_requirement,,,,위험성평가,d4756dd9-fecb-5079-99c9-5e5cbc90b30d OTHER 교육대상: 관리자 역할에 관한 사항 10) 보건관리계획 및 운용에 관한 사 11) 근로자 건강관리 및 응급처치에 관한 사항 12) 위험성평가에 관한 사항 13) 감염병 예방에 관한 사항 14) 자살 예방에 관한 사항 15) 그 밖에 보건관리자의 직무 향상 을 위하여 필요한 사항 lcell_126568e2feba 교육대상: 관리자 역할에 관한 사항 10) 보건관리계획 및 운용에 관한 사 11) 근로자 건강관리 및 응급처치에 관한 사항 12) 위험성평가에 관한 사항 13) 감염병 예방에 관한 사항 14) 자살 예방에 관한 사항 15) 그 밖에 보건관리자의 직무 향상 을 위하여 필요한 사항,INDIRECT,risk assessment with one related aspect only
graph_rag_knowledgement\reasoning_graph\nodes\nodes_list_item.csv,6bc0c336-e8ce-5559-a72b-061179199871,item,산업안전보건법 시행규칙,제50조,,위험성평가; 위험성평가 결과,"6bc0c336-e8ce-5559-a72b-061179199871 HAZARD_FACTOR 2. 공정위험성평가서 및 잠재위험에 대한 사고예방ㆍ피해 최소화 대책(공정위험성평가서는 공정의 특성 등을 고려하여 다음 각 목의 위험성평가 기법 중 한 가지 이상을 선정하여 위험성평가를 한 후 그 결과에 따라 작성해야 하며, 사고예방ㆍ피해최소화 대책은 위험성평가 결과 잠재위험이 있다고 인정되는 경우에만 작성한다) item 9649a52da5b5cf4ce96b35b8dc89040328c534b0 paragraph cebd31978a866f67f3b345a2203d0ed7a76fbecb ① 영 제44조에 따라 공정안전보고서에 포함해야 할 세부내용은 다음 각 호와 같다. 2. 공정위험성평가서 및 잠재위험에 대한 사고예방ㆍ피해 최소화 대책(공정위험성평가서는 공정의 특성 등을 고려하여 다음 각 목의 위험성평가 ...",INDIRECT,risk assessment with one related aspect only
graph_rag_knowledgement\reasoning_graph\nodes\nodes_list_item.csv,f5b7fb8d-ae46-5df2-a106-9278523f64f9,subitem,산업안전보건법 시행규칙,제50조,,위험성평가; 위험성평가 결과,"f5b7fb8d-ae46-5df2-a106-9278523f64f9 HAZARD_FACTOR 가. 체크리스트(Check List) subitem 10157c957bac26a4d7593b8d973aef1efe3b19c9 item 9649a52da5b5cf4ce96b35b8dc89040328c534b0 ① 영 제44조에 따라 공정안전보고서에 포함해야 할 세부내용은 다음 각 호와 같다. 2. 공정위험성평가서 및 잠재위험에 대한 사고예방ㆍ피해 최소화 대책(공정위험성평가서는 공정의 특성 등을 고려하여 다음 각 목의 위험성평가 기법 중 한 가지 이상을 선정하여 위험성평가를 한 후 그 결과에 따라 작성해야 하며, 사고예방ㆍ피해최소화 대책은 위험성평가 결과 잠재위험이 있다고 인정되는 경우에만 작성한다) 가. 체크리스트(Check List) 4530d960-6d55-5100-8174-70d452b293d3",INDIRECT,risk assessment with one related aspect only
graph_rag_knowledgement\reasoning_graph\nodes\nodes_list_item.csv,5bf98a6c-971f-5ef3-821a-148d462c00d4,subitem,산업안전보건법 시행규칙,제50조,,위험성평가; 위험성평가 결과,"5bf98a6c-971f-5ef3-821a-148d462c00d4 HAZARD_FACTOR 나. 상대위험순위 결정(Dow and Mond Indices) subitem d2c0dc363de45b9c5dcc26ddcd66b194d0f0a421 item 9649a52da5b5cf4ce96b35b8dc89040328c534b0 ① 영 제44조에 따라 공정안전보고서에 포함해야 할 세부내용은 다음 각 호와 같다. 2. 공정위험성평가서 및 잠재위험에 대한 사고예방ㆍ피해 최소화 대책(공정위험성평가서는 공정의 특성 등을 고려하여 다음 각 목의 위험성평가 기법 중 한 가지 이상을 선정하여 위험성평가를 한 후 그 결과에 따라 작성해야 하며, 사고예방ㆍ피해최소화 대책은 위험성평가 결과 잠재위험이 있다고 인정되는 경우에만 작성한다) 나. 상대위험순위 결정(Dow and Mond Indices) de3f6764-...",INDIRECT,risk assessment with one related aspect only
graph_rag_knowledgement\reasoning_graph\nodes\nodes_list_item.csv,0f3f8dcb-7380-5ea5-89bc-411c37ec0a07,subitem,산업안전보건법 시행규칙,제50조,,위험성평가; 위험성평가 결과,"0f3f8dcb-7380-5ea5-89bc-411c37ec0a07 HAZARD_FACTOR 라. 사고 예상 질문 분석(What-if) subitem 32af787e3aa8adcce5f94926a3d073a5ff16bf0c item 9649a52da5b5cf4ce96b35b8dc89040328c534b0 ① 영 제44조에 따라 공정안전보고서에 포함해야 할 세부내용은 다음 각 호와 같다. 2. 공정위험성평가서 및 잠재위험에 대한 사고예방ㆍ피해 최소화 대책(공정위험성평가서는 공정의 특성 등을 고려하여 다음 각 목의 위험성평가 기법 중 한 가지 이상을 선정하여 위험성평가를 한 후 그 결과에 따라 작성해야 하며, 사고예방ㆍ피해최소화 대책은 위험성평가 결과 잠재위험이 있다고 인정되는 경우에만 작성한다) 라. 사고 예상 질문 분석(What-if) 383a010f-eae5-56a6-86d2-b100c08...",INDIRECT,risk assessment with one related aspect only
graph_rag_knowledgement\reasoning_graph\nodes\nodes_list_item.csv,52d3afa2-559b-5907-bb55-fb0c73098932,subitem,산업안전보건법 시행규칙,제50조,,위험성평가; 위험성평가 결과,"52d3afa2-559b-5907-bb55-fb0c73098932 HAZARD_FACTOR 마. 위험과 운전 분석(HAZOP) subitem 8934894b345ab0419f246c95f9f0051f34fffa68 item 9649a52da5b5cf4ce96b35b8dc89040328c534b0 ① 영 제44조에 따라 공정안전보고서에 포함해야 할 세부내용은 다음 각 호와 같다. 2. 공정위험성평가서 및 잠재위험에 대한 사고예방ㆍ피해 최소화 대책(공정위험성평가서는 공정의 특성 등을 고려하여 다음 각 목의 위험성평가 기법 중 한 가지 이상을 선정하여 위험성평가를 한 후 그 결과에 따라 작성해야 하며, 사고예방ㆍ피해최소화 대책은 위험성평가 결과 잠재위험이 있다고 인정되는 경우에만 작성한다) 마. 위험과 운전 분석(HAZOP) baac3db2-42cf-52dc-9df0-1b6dbbba8245",INDIRECT,risk assessment with one related aspect only
graph_rag_knowledgement\reasoning_graph\nodes\nodes_list_item.csv,df8f3a72-789d-514f-8729-5e724d1ab64e,subitem,산업안전보건법 시행규칙,제50조,,위험성평가; 위험성평가 결과,"df8f3a72-789d-514f-8729-5e724d1ab64e HAZARD_FACTOR 바. 이상위험도 분석(FMECA) subitem 153538534ee1ad21e8dd3041cbd0de603df6cd1d item 9649a52da5b5cf4ce96b35b8dc89040328c534b0 ① 영 제44조에 따라 공정안전보고서에 포함해야 할 세부내용은 다음 각 호와 같다. 2. 공정위험성평가서 및 잠재위험에 대한 사고예방ㆍ피해 최소화 대책(공정위험성평가서는 공정의 특성 등을 고려하여 다음 각 목의 위험성평가 기법 중 한 가지 이상을 선정하여 위험성평가를 한 후 그 결과에 따라 작성해야 하며, 사고예방ㆍ피해최소화 대책은 위험성평가 결과 잠재위험이 있다고 인정되는 경우에만 작성한다) 바. 이상위험도 분석(FMECA) 473d29b4-eefd-51eb-bea6-ff3d147b2466",INDIRECT,risk assessment with one related aspect only
graph_rag_knowledgement\reasoning_graph\nodes\nodes_list_item.csv,c4e0644e-1bb7-5030-b0b6-85eb63c72d5f,subitem,산업안전보건법 시행규칙,제50조,,위험성평가; 위험성평가 결과,"c4e0644e-1bb7-5030-b0b6-85eb63c72d5f HAZARD_FACTOR 사. 결함 수 분석(FTA) subitem ed7ebd6e25f368ac58a7d7918c2b2941847397c4 item 9649a52da5b5cf4ce96b35b8dc89040328c534b0 ① 영 제44조에 따라 공정안전보고서에 포함해야 할 세부내용은 다음 각 호와 같다. 2. 공정위험성평가서 및 잠재위험에 대한 사고예방ㆍ피해 최소화 대책(공정위험성평가서는 공정의 특성 등을 고려하여 다음 각 목의 위험성평가 기법 중 한 가지 이상을 선정하여 위험성평가를 한 후 그 결과에 따라 작성해야 하며, 사고예방ㆍ피해최소화 대책은 위험성평가 결과 잠재위험이 있다고 인정되는 경우에만 작성한다) 사. 결함 수 분석(FTA) d488c129-c740-550b-b8f6-3e24ab78cc96",INDIRECT,risk assessment with one related aspect only
graph_rag_knowledgement\reasoning_graph\nodes\nodes_list_item.csv,e8643b79-873d-5d0a-aa81-dbee74bda7c2,subitem,산업안전보건법 시행규칙,제50조,,위험성평가; 위험성평가 결과,"e8643b79-873d-5d0a-aa81-dbee74bda7c2 HAZARD_FACTOR 아. 사건 수 분석(ETA) subitem d6943307b5f17494e60e7d8b2a8689a47b5fefc0 item 9649a52da5b5cf4ce96b35b8dc89040328c534b0 ① 영 제44조에 따라 공정안전보고서에 포함해야 할 세부내용은 다음 각 호와 같다. 2. 공정위험성평가서 및 잠재위험에 대한 사고예방ㆍ피해 최소화 대책(공정위험성평가서는 공정의 특성 등을 고려하여 다음 각 목의 위험성평가 기법 중 한 가지 이상을 선정하여 위험성평가를 한 후 그 결과에 따라 작성해야 하며, 사고예방ㆍ피해최소화 대책은 위험성평가 결과 잠재위험이 있다고 인정되는 경우에만 작성한다) 아. 사건 수 분석(ETA) 29457cb4-ed6e-556e-aa8c-74616d579896",INDIRECT,risk assessment with one related aspect only
graph_rag_knowledgement\reasoning_graph\nodes\nodes_list_item.csv,9a8a70f5-e380-5c20-8ba2-6d609fc32eca,subitem,산업안전보건법 시행규칙,제50조,,위험성평가; 위험성평가 결과,"9a8a70f5-e380-5c20-8ba2-6d609fc32eca HAZARD_FACTOR 자. 원인결과 분석(CCA) subitem a6ef627f3f6cf714c35aff4cdf3cc6bc5cafc163 item 9649a52da5b5cf4ce96b35b8dc89040328c534b0 ① 영 제44조에 따라 공정안전보고서에 포함해야 할 세부내용은 다음 각 호와 같다. 2. 공정위험성평가서 및 잠재위험에 대한 사고예방ㆍ피해 최소화 대책(공정위험성평가서는 공정의 특성 등을 고려하여 다음 각 목의 위험성평가 기법 중 한 가지 이상을 선정하여 위험성평가를 한 후 그 결과에 따라 작성해야 하며, 사고예방ㆍ피해최소화 대책은 위험성평가 결과 잠재위험이 있다고 인정되는 경우에만 작성한다) 자. 원인결과 분석(CCA) c99bfcbb-58fc-5717-aefd-c080c9902276",INDIRECT,risk assessment with one related aspect only
graph_rag_knowledgement\reasoning_graph\nodes\nodes_list_item.csv,935c2d42-b7a1-5695-98ad-4b19485aad3b,subitem,산업안전보건법 시행규칙,제50조,,위험성평가; 위험성평가 결과,"935c2d42-b7a1-5695-98ad-4b19485aad3b HAZARD_FACTOR 차. 가목부터 자목까지의 규정과 같은 수준 이상의 기술적 평가기법 subitem 8ca813629b7d43599cb496552e6730947c60fe1a item 9649a52da5b5cf4ce96b35b8dc89040328c534b0 ① 영 제44조에 따라 공정안전보고서에 포함해야 할 세부내용은 다음 각 호와 같다. 2. 공정위험성평가서 및 잠재위험에 대한 사고예방ㆍ피해 최소화 대책(공정위험성평가서는 공정의 특성 등을 고려하여 다음 각 목의 위험성평가 기법 중 한 가지 이상을 선정하여 위험성평가를 한 후 그 결과에 따라 작성해야 하며, 사고예방ㆍ피해최소화 대책은 위험성평가 결과 잠재위험이 있다고 인정되는 경우에만 작성한다) 차. 가목부터 자목까지의 규정과 같은 수준 이상의 기술적 평가기법 612bd...",INDIRECT,risk assessment with one related aspect only
graph_rag_knowledgement\reasoning_graph\nodes\nodes_exception.csv,d312f9b9-6450-5241-8348-4d3681774b01,reasoning_nodes,,,,위험성평가,"「산업안전보건법」 제36조에 따른 위험성평가를 하는 절차를 마련하고, 그 절차에 따라 위험성 평가를 직접 실시하거나 실시하도록 하여 실시 결과를 보고받은 경우 해당 업무절차에 따라 유해ㆍ위험요인의 확인 및 개선에 대한 점검을 한 것으로 본다. cab12072b334f85b05034a6b9a681ddf175b7a7a 3. 사업 또는 사업장의 특성에 따른 유해ㆍ위험요인을 확인하여 개선하는 업무절차를 마련하고, 해당 업무절차에 따라 유해ㆍ위험요인의 확인 및 개선이 이루어지는지를 반기 1회 이상 점검한 후 필요한 조치를 할 것. 다만, 「산업안전보건법」 제36조에 따른 위험성평가를 하는 절차를 마련하고, 그 절차에 따라 위험성 평가를 직접 실시하거나 실시하도록 하여 실시 결과를 보고받은 경우에는 해당 업무절차에 따라 유해ㆍ위험요인의 확인 및 개선에 대한 점검을 한 것으로 본다.",INDIRECT,risk assessment with one related aspect only
01_input\law_body\law_articles.csv,679dd7bcab9d282e7754bfdf73c6e32d4b05ac57,document_graph,,,형 확정 사실의 통보,통보하여야,"형 확정 사실의 통보 제12조(형 확정 사실의 통보) 법무부장관은 제6조, 제7조, 제10조 또는 제11조에 따른 범죄의 형이 확정되면 그 범죄사실을 관계 행정기관의 장에게 통보하여야 한다.",KEYWORD_ONLY,keyword match without full direct-evidence combination
01_input\law_body\law_articles.csv,857c43948db8c415bdac787a737c5c5c98ccbda8,document_graph,,,확인 및 결과 통보,알려야,확인 및 결과 통보 제152조(확인 및 결과 통보) 고용노동부장관은 제148조제2항(제149조제3항 및 제150조제2항에서 준용하는 경우를 포함한다)에 따른 신청서가 제출된 경우에는 이를 지체 없이 확인한 후 접수된 날부터 20일 이내에 그 결과를 해당 신청인에게 알려야 한다.,KEYWORD_ONLY,keyword match without full direct-evidence combination
01_input\law_body\law_articles.csv,8a764da8bdd880981e573ea8c4938bfadb482c34,document_graph,,,합격자의 공고,알려야,"합격자의 공고 제228조(합격자의 공고) 한국산업인력공단은 영 제105조에 따라 지도사 자격시험의 최종합격자가 결정되면 모든 응시자가 알 수 있는 방법으로 공고하고, 합격자에게는 합격사실을 알려야 한다.",KEYWORD_ONLY,keyword match without full direct-evidence combination
01_input\law_body\law_articles.csv,55b9af7e80aeee548f9af4bab502cca7d7647b1e,document_graph,,,법령 요지 등의 게시 등,알려야,법령 요지 등의 게시 등 제34조(법령 요지 등의 게시 등) 사업주는 이 법과 이 법에 따른 명령의 요지 및 안전보건관리규정을 각 사업장의 근로자가 쉽게 볼 수 있는 장소에 게시하거나 갖추어 두어 근로자에게 널리 알려야 한다.,KEYWORD_ONLY,keyword match without full direct-evidence combination
01_input\law_body\law_articles.csv,a01dd3331d442d8b8a9633b079f3014aea285b1c,document_graph,,,위험성평가의 실시,위험성평가,위험성평가의 실시 제36조(위험성평가의 실시),KEYWORD_ONLY,keyword match without full direct-evidence combination
01_input\law_body\law_articles.csv,c2ab4b8f86cc603ef8a91124dfbe83ac1e8a758f,document_graph,,,회의 결과 등의 공지,알려야,"회의 결과 등의 공지 제39조(회의 결과 등의 공지) 산업안전보건위원회의 위원장은 산업안전보건위원회에서 심의ㆍ의결된 내용 등 회의 결과와 중재 결정된 내용 등을 사내방송이나 사내보(社內報), 게시 또는 자체 정례조회, 그 밖의 적절한 방법으로 근로자에게 신속히 알려야 한다.",KEYWORD_ONLY,keyword match without full direct-evidence combination
01_input\law_body\law_articles.csv,df6a51cc6477d763325f18589f936464f2551a95,document_graph,,,이삿짐운반용 리프트 운전방법의 주지,주지시켜,이삿짐운반용 리프트 운전방법의 주지 제157조(이삿짐운반용 리프트 운전방법의 주지) 사업주는 이삿짐운반용 리프트를 사용하는 근로자에게 운전방법 및 고장이 났을 경우의 조치방법을 주지시켜야 한다.,KEYWORD_ONLY,keyword match without full direct-evidence combination
01_input\law_body\law_articles.csv,ee6f06fedf07dc108b5f221b97a6ef2ab0350a75,document_graph,,,운전방법 등의 주지,근로자에게 주지; 주지시켜,운전방법 등의 주지 제160조(운전방법 등의 주지) 사업주는 곤돌라의 운전방법 또는 고장이 났을 때의 처치방법을 그 곤돌라를 사용하는 근로자에게 주지시켜야 한다.,KEYWORD_ONLY,keyword match without full direct-evidence combination
01_input\law_body\law_articles.csv,fdfe8de37dbd5d3f9cd2206e01ba4a93124cc370,document_graph,,,특별관리물질의 고지,근로자에게 알; 근로자에게 알려; 알려야,"특별관리물질의 고지 제440조(특별관리물질의 고지) 사업주는 근로자가 별표 12에 따른 특별관리물질을 취급하는 경우에는 그 물질이 특별관리물질이라는 사실과 「산업안전보건법 시행규칙」 별표 18 제1호나목에 따른 발암성 물질, 생식세포 변이원성 물질 또는 생식독성 물질 등 중 어느 것에 해당하는지에 관한 내용을 게시판 등을 통하여 근로자에게 알려야 한다. <개정 2019.12.26>",KEYWORD_ONLY,keyword match without full direct-evidence combination
01_input\law_body\law_articles.csv,8ecff689a5c3eb9b692524b59f82dc1b08d276c2,document_graph,,,유해성 등의 주지,근로자에게 알; 근로자에게 알려; 알려야,유해성 등의 주지 제460조(유해성 등의 주지) 사업주는 근로자가 허가대상 유해물질을 제조하거나 사용하는 경우에 다음 각 호의 사항을 근로자에게 알려야 한다.,KEYWORD_ONLY,keyword match without full direct-evidence combination
01_input\law_body\law_articles.csv,75b4de455b460b62640199a6a74d779f19cb8a2e,document_graph,,,작업수칙,근로자에게 알; 근로자에게 알려; 알려야,"작업수칙 제462조(작업수칙) 사업주는 근로자가 허가대상 유해물질(베릴륨 및 석면은 제외한다)을 제조ㆍ사용하는 경우에 다음 각 호의 사항에 관한 작업수칙을 정하고, 이를 해당 작업근로자에게 알려야 한다.",KEYWORD_ONLY,keyword match without full direct-evidence combination
01_input\law_body\law_articles.csv,f4c5f4f57dfd01f7cd75b7f436d2ebf27191ce7d,document_graph,,,작업수칙,근로자에게 알; 근로자에게 알려; 알려야,작업수칙 제476조(작업수칙) 사업주는 베릴륨의 제조ㆍ사용 작업에 근로자를 종사하도록 하는 경우에 베릴륨 분진의 발산과 근로자의 오염을 방지하기 위하여 다음 각 호의 사항에 관한 작업수칙을 정하고 이를 해당 작업근로자에게 알려야 한다.,KEYWORD_ONLY,keyword match without full direct-evidence combination
01_input\law_body\law_articles.csv,d7c413361a87eb9f782124ae459672d06a5b5c23,document_graph,,,직업성 질병의 주지,근로자에게 알; 근로자에게 알려; 알려야,"직업성 질병의 주지 제486조(직업성 질병의 주지) 사업주는 석면으로 인한 직업성 질병의 발생 원인, 재발 방지 방법 등을 석면을 취급하는 근로자에게 알려야 한다.",KEYWORD_ONLY,keyword match without full direct-evidence combination
01_input\law_body\law_articles.csv,e50c6dd4a0689c46bd26f0bf5fdd9ab4b3c62d8d,document_graph,,,유해성 등의 주지,근로자에게 알; 근로자에게 알려; 알려야,유해성 등의 주지 제502조(유해성 등의 주지) 사업주는 근로자가 금지유해물질을 제조ㆍ사용하는 경우에 다음 각 호의 사항을 근로자에게 알려야 한다.,KEYWORD_ONLY,keyword match without full direct-evidence combination
01_input\law_body\law_articles.csv,0a290cdf12c82af6f05d299bfe50851ff9be0db2,document_graph,,,소음수준의 주지 등,근로자에게 알; 근로자에게 알려; 알려야,"소음수준의 주지 등 제514조(소음수준의 주지 등) 사업주는 근로자가 소음작업, 강렬한 소음작업 또는 충격소음작업에 종사하는 경우에 다음 각 호의 사항을 근로자에게 알려야 한다.",KEYWORD_ONLY,keyword match without full direct-evidence combination
01_input\law_body\law_articles.csv,0eaeec4990fdcb2959d4b72674a0929288d6a8e4,document_graph,,,유해성 등의 주지,알려야,유해성 등의 주지 제519조(유해성 등의 주지) 사업주는 근로자가 진동작업에 종사하는 경우에 다음 각 호의 사항을 근로자에게 충분히 알려야 한다. <개정 2024.6.28>,KEYWORD_ONLY,keyword match without full direct-evidence combination
01_input\law_body\law_articles.csv,a49a3704979eba3ca48db641d33d1461c4136bb1,document_graph,,,유해성 등의 주지,근로자에게 알; 근로자에게 알려; 알려야,"유해성 등의 주지 제591조(유해성 등의 주지) 사업주는 근로자가 방사선업무를 하는 경우에 방사선이 인체에 미치는 영향, 안전한 작업방법, 건강관리 요령 등에 관한 내용을 근로자에게 알려야 한다.",KEYWORD_ONLY,keyword match without full direct-evidence combination
01_input\law_body\law_articles.csv,44ccca4772ab4741fcbe64030900558a22c2af57,document_graph,,,유해성 등의 주지,근로자에게 알; 근로자에게 알려; 알려야,유해성 등의 주지 제595조(유해성 등의 주지) 사업주는 근로자가 병원체에 노출될 수 있는 위험이 있는 작업을 하는 경우에 다음 각 호의 사항을 근로자에게 알려야 한다.,KEYWORD_ONLY,keyword match without full direct-evidence combination
01_input\law_body\law_articles.csv,ac73c6e034d3553f6736b48b4f211bf6b9b5ffaf,document_graph,,,분진의 유해성 등의 주지,근로자에게 알; 근로자에게 알려; 알려야,분진의 유해성 등의 주지 제614조(분진의 유해성 등의 주지) 사업주는 근로자가 상시 분진작업에 관련된 업무를 하는 경우에 다음 각 호의 사항을 근로자에게 알려야 한다.,KEYWORD_ONLY,keyword match without full direct-evidence combination
01_input\law_body\law_articles.csv,8bc71267d0e0eb94f99bd84617c36c146827d57e,document_graph,,,안전한 작업방법 등의 주지,알려야,"안전한 작업방법 등의 주지 제641조(안전한 작업방법 등의 주지) 사업주는 근로자가 밀폐공간에서 작업을 하는 경우에 작업을 시작하기 전에 다음 각 호의 사항을 작업근로자(제623조에 따른 감시인을 포함한다. 이하 이 조에서 같다)에게 알려야 한다. 이 경우 사업주는 작업근로자에 대하여 다음 각 호의 사항의 숙지여부를 확인하고 필요한 교육을 실시해야 한다. <개정 2019.12.26, 2025.12.1>",KEYWORD_ONLY,keyword match without full direct-evidence combination
01_input\law_body\law_articles.csv,660f3ea92f1e1f2268d44a9724047968895aebd5,document_graph,,,건물 개ㆍ보수 시 공기오염 관리,근로자에게 알,"건물 개ㆍ보수 시 공기오염 관리 제652조(건물 개ㆍ보수 시 공기오염 관리) 사업주는 건물 개ㆍ보수 중 사무실의 공기질이 악화될 우려가 있을 경우에 그 작업내용을 근로자에게 알리고 공사장소를 격리하거나, 사무실오염물질의 억제 및 청소 등 적절한 조치를 하여야 한다.",KEYWORD_ONLY,keyword match without full direct-evidence combination
01_input\law_body\law_articles.csv,36c29ab64de5b4314c896877a3cb7e465a3e15f2,document_graph,,,유해성 등의 주지,근로자에게 알; 근로자에게 알려; 알려야,"유해성 등의 주지 제655조(유해성 등의 주지) 사업주는 근로자가 공기정화설비등의 청소, 개ㆍ보수 작업을 하는 경우에 다음 각 호의 사항을 근로자에게 알려야 한다.",KEYWORD_ONLY,keyword match without full direct-evidence combination
01_input\law_body\law_articles.csv,6e4e8dda57531e7dba58c0914fcf603523ae0a2c,document_graph,,,작업자세 등,알려야,작업자세 등 제666조(작업자세 등) 사업주는 근로자가 중량물을 인력으로 들어올리는 작업을 하는 경우에 무게중심을 낮추거나 대상물에 몸을 밀착하도록 하는 등 근로자에게 신체의 부담을 줄일 수 있는 자세에 대하여 알려야 한다. <개정 2024.6.28>,KEYWORD_ONLY,keyword match without full direct-evidence combination
01_input\law_body\law_items.csv,a9bc062ccff9b3d66053a2f18dc1c3e2b292cb4f,document_graph,,,,위험성평가,8dc8475218d9032ebc7fb0e31b11f02cdafd5499 1. 1. 위험성평가 대상의 유해ㆍ위험요인,KEYWORD_ONLY,keyword match without full direct-evidence combination
01_input\law_body\law_items.csv,a9bc062ccff9b3d66053a2f18dc1c3e2b292cb4f,document_graph,,,,위험성평가,aa39b7da7c707e02fe6eec590eb60f36fb4c7cb2 4. 4. 그 밖에 위험성평가의 실시내용을 확인하기 위하여 필요한 사항으로서 고용노동부장관이 정하여 고시하는 사항,KEYWORD_ONLY,keyword match without full direct-evidence combination
01_input\law_body\law_items.csv,a947c2f1bb1550e5714f0e0cdb0a1fe86d150cb1,document_graph,,,,위험성평가,55d196ead687e0712c0ee43182e915575cbeafa5 4. 4. 작업장에서의 법 제36조에 따른 위험성평가의 실시에 관한 사항,KEYWORD_ONLY,keyword match without full direct-evidence combination
01_input\law_body\law_items.csv,1d2223776b70e69866e6d444ed9bc9cc70d4f878,document_graph,,,,근로자에게 알,e1df911745a376f23b565d4b4f13c68d7c19e23c 15. 15. 제125조제6항을 위반하여 작업환경측정 결과를 해당 작업장 근로자에게 알리지 아니한 자,KEYWORD_ONLY,keyword match without full direct-evidence combination
01_input\law_body\law_items.csv,cbe140c985d81420d45f1ad9831f7d53e047463f,document_graph,,,,위험성평가,01858e27e8f5978a5ebe27d98d11be9a96f5cc3e 6. 6. 법 제36조에 따라 실시되는 위험성평가에 관한 다음 각 목의 업무,KEYWORD_ONLY,keyword match without full direct-evidence combination
01_input\law_body\law_items.csv,f1c61a4a15a8d354cd21081bb9fa71909067c73f,document_graph,,,,위험성평가,f88aa14c0586c88baf15f8fb2aea2f5bc9afe8fd 2. 2. 법 제36조에 따른 위험성평가에 관한 보좌 및 지도ㆍ조언,KEYWORD_ONLY,keyword match without full direct-evidence combination
01_input\law_body\law_items.csv,eaa7e3ad585ed2d9b458b543775ef4ffe0626d0d,document_graph,,,,위험성평가,53e5855ed2388fd43ee685ac6c2af2348985caec 3. 3. 법 제36조에 따른 위험성평가에 관한 보좌 및 지도ㆍ조언,KEYWORD_ONLY,keyword match without full direct-evidence combination
01_input\law_body\law_items.csv,3f3d3cff9837425ed4738d87cd6137f88c146d2e,document_graph,,,,위험성평가,4651e319a18d29b0af11fb3d51abb514da6c79de 2. 2. 법 제36조에 따른 위험성평가에 관한 보좌 및 지도ㆍ조언,KEYWORD_ONLY,keyword match without full direct-evidence combination
01_input\law_body\law_items.csv,70cdadc93b31f661b3e98ae827e494d84b2ddd1e,document_graph,,,,위험성평가,f27197c785afa27eebde5fbbc116aeaca7615075 1. 1. 법 제36조에 따른 위험성평가의 실시에 관한 사항,KEYWORD_ONLY,keyword match without full direct-evidence combination
01_input\law_body\law_items.csv,88ac6e30d9311441176a0de45faeb4efc9af32f0,document_graph,,,,위험성평가,893fb6c20adad52f19a0133ef0215db42c99c026 1. 1. 법 제36조에 따른 위험성평가의 지도,KEYWORD_ONLY,keyword match without full direct-evidence combination
01_input\law_body\law_items.csv,168816303a7cf5a6ed295d081b48663f3970f7d7,document_graph,,,,위험성평가,27dc2ba0cf1b85dbf3fcc37fa5a8cb2360648f8d 1. 1. 법 제36조에 따른 위험성평가의 지도,KEYWORD_ONLY,keyword match without full direct-evidence combination
01_input\law_body\law_items.csv,9a44dacb751e1bfce26fcd63d32a60a7f3428799,document_graph,,,,위험성평가,4898cbd93712a7c6e0efe83851bed5fd3bb51859 7. 7. 법 제36조에 따른 위험성평가에 관한 지원 업무,KEYWORD_ONLY,keyword match without full direct-evidence combination
01_input\law_body\law_items.csv,88adab5542929c915c3f2aac6b7eb3f54847161b,document_graph,,,,근로자에게 주지,77677f33c7821dbea449bf9df5127ae83e0b7f51 2. 2. 조립ㆍ해체 또는 변경의 시기ㆍ범위 및 절차를 그 작업에 종사하는 근로자에게 주지시킬 것,KEYWORD_ONLY,keyword match without full direct-evidence combination
01_input\law_body\law_items.csv,d9a3ffe27380e6c2c1898c2e84595ea0f4d7beac,document_graph,,,,근로자에게 주지,"18c6dfc1542391c21baefc74c2cacb1c27112e31 6. 6. 작업발판에는 제조사가 정한 최대적재하중을 초과하여 적재해서는 아니 되며, 최대적재하중이 표기된 표지판을 부착하고 근로자에게 주지시키도록 할 것",KEYWORD_ONLY,keyword match without full direct-evidence combination
01_input\law_body\law_items.csv,cdc57a2bc01a448a68ac9bfabc3a578239d661f3,document_graph,,,,근로자에게 주지,3aecbd8a229d6f8d68db56172bee9e3e4b3929c7 1. 1. 조립등의 범위 및 작업절차를 미리 그 작업에 종사하는 근로자에게 주지시킬 것,KEYWORD_ONLY,keyword match without full direct-evidence combination
01_input\law_body\law_items.csv,aaf16ccd28f13bcfa57921bffc01b88a0239f7c6,document_graph,,,,결과 근로자,"ae05208c0e03bdc354d203f233bee0b19cd05f1b 1. 1. 굴착기계등의 사용으로 가스도관, 지중전선로, 그 밖에 지하에 위치한 공작물이 파손되어 그 결과 근로자가 위험해질 우려가 있는 경우에는 그 기계를 사용한 굴착작업을 중지할 것",KEYWORD_ONLY,keyword match without full direct-evidence combination
01_input\law_body\law_items.csv,aaf16ccd28f13bcfa57921bffc01b88a0239f7c6,document_graph,,,,근로자에게 주지,f3669c109474d883f48aa2a1c2c3e414f24a7eb7 2. 2. 굴착기계등의 운행경로 및 토석(土石) 적재장소의 출입방법을 정하여 관계 근로자에게 주지시킬 것,KEYWORD_ONLY,keyword match without full direct-evidence combination
01_input\law_body\law_items.csv,20da65c2c662907dfc7cb44ee309a7163effd94d,document_graph,,,,근로자에게 알,085e625310bc36a68d95eb153d9e1af428657e59 1. 1. 열차운행 중에 열차에 뛰어오르거나 뛰어내리지 않도록 근로자에게 알릴 것,KEYWORD_ONLY,keyword match without full direct-evidence combination
01_input\law_body\law_items.csv,1143d61ded13c37e16919274c4cd6378539bd2b7,document_graph,,,,근로자에게 알,9ead1feb6ab1561cf42bd52400af4629186216d6 1. 1. 작업 방법 및 순서를 정하여 이를 미리 해당 작업에 종사하는 근로자에게 알릴 것,KEYWORD_ONLY,keyword match without full direct-evidence combination
01_input\law_body\law_paragraphs.csv,679dd7bcab9d282e7754bfdf73c6e32d4b05ac57,document_graph,,,,통보하여야,"제12조(형 확정 사실의 통보) 법무부장관은 제6조, 제7조, 제10조 또는 제11조에 따른 범죄의 형이 확정되면 그 범죄사실을 관계 행정기관의 장에게 통보하여야 한다.",KEYWORD_ONLY,keyword match without full direct-evidence combination
01_input\law_body\law_paragraphs.csv,7bf78eeb682c38649abf2854db4845181bb43b1f,document_graph,,,,알려야,⑤ 제4항에 따라 평가 결과를 통보받은 평가대상기관은 평가 결과를 통보받은 날부터 7일 이내에 서면으로 공단에 이의신청을 할 수 있다. 이 경우 공단은 이의신청을 받은 날부터 14일 이내에 이의신청에 대한 처리결과를 해당 기관에 서면으로 알려야 한다.,KEYWORD_ONLY,keyword match without full direct-evidence combination
01_input\law_body\law_paragraphs.csv,a0ed0194af5ef075d293c9e03f56d3db11b2ee90,document_graph,,,,알려야,② 직무교육기관의 장은 직무교육을 실시하기 15일 전까지 교육 일시 및 장소 등을 직무교육 대상자에게 알려야 한다.,KEYWORD_ONLY,keyword match without full direct-evidence combination
01_input\law_body\law_paragraphs.csv,04679e407db7a9c7ece721d37fce005e70c87671,document_graph,,,,알려야,"① 공단은 제42조에 따른 유해위험방지계획서 및 그 첨부서류를 접수한 경우에는 접수일부터 15일 이내에 심사하여 사업주에게 그 결과를 알려야 한다. 다만, 제42조제6항에 따라 자체심사 및 확인업체가 유해위험방지계획서 자체심사서를 제출한 경우에는 심사를 하지 않을 수 있다.",KEYWORD_ONLY,keyword match without full direct-evidence combination
01_input\law_body\law_paragraphs.csv,cc26970c3ccf6759f3d1271a321b6665e92316bb,document_graph,,,,알려야,① 지방고용노동관서의 장이 제61조에 따른 안전보건개선계획서를 접수한 경우에는 접수일부터 15일 이내에 심사하여 사업주에게 그 결과를 알려야 한다.,KEYWORD_ONLY,keyword match without full direct-evidence combination
01_input\law_body\law_paragraphs.csv,4d153878e32e00858694184f59632ea2c1c1984e,document_graph,,,,알려야,② 사업주는 제1항에 따라 사용중지명령서등을 받은 경우에는 관계 근로자에게 해당 사항을 알려야 한다.,KEYWORD_ONLY,keyword match without full direct-evidence combination
01_input\law_body\law_paragraphs.csv,f91572d723d2b7c254bd65a3f247f34f8d109dce,document_graph,,,,알려야,"④ 안전인증기관은 제1항 및 제2항에 따라 확인한 결과 법 제87조제1항 각 호의 어느 하나에 해당하는 사실을 확인한 경우에는 그 사실을 증명할 수 있는 서류를 첨부하여 유해ㆍ위험기계등을 제조하는 사업장의 소재지(제품의 제조자가 외국에 있는 경우에는 그 대리인의 소재지로 하되, 대리인이 없는 경우에는 그 안전인증기관의 소재지로 한다)를 관할하는 지방고용노동관서의 장에게 지체 없이 알려야 한다.",KEYWORD_ONLY,keyword match without full direct-evidence combination
01_input\law_body\law_paragraphs.csv,3a806b0f882554420a789812c58d2b0e3b3b6a47,document_graph,,,,알려야,① 지방고용노동관서의 장은 법 제87조제2항에 따른 수거ㆍ파기명령을 할 때에는 그 사유와 이행에 필요한 기간을 정하여 제조ㆍ수입ㆍ양도ㆍ대여하는 자에게 알려야 한다.,KEYWORD_ONLY,keyword match without full direct-evidence combination
01_input\law_body\law_paragraphs.csv,1965e246f67cf8d096e06e041ef4a484500a50de,document_graph,,,,알려야,① 지방고용노동관서의 장은 법 제92조제2항에 따른 수거ㆍ파기명령을 할 때에는 그 사유와 이행에 필요한 기간을 정하여 제조ㆍ수입ㆍ양도 또는 대여하는 자에게 알려야 한다.,KEYWORD_ONLY,keyword match without full direct-evidence combination
01_input\law_body\law_paragraphs.csv,857c43948db8c415bdac787a737c5c5c98ccbda8,document_graph,,,,알려야,제152조(확인 및 결과 통보) 고용노동부장관은 제148조제2항(제149조제3항 및 제150조제2항에서 준용하는 경우를 포함한다)에 따른 신청서가 제출된 경우에는 이를 지체 없이 확인한 후 접수된 날부터 20일 이내에 그 결과를 해당 신청인에게 알려야 한다.,KEYWORD_ONLY,keyword match without full direct-evidence combination
01_input\law_body\law_paragraphs.csv,7d6b88e887e28967adeff17d2e9799414a26acb2,document_graph,,,,알려야,② 공단은 부득이한 사유로 제1항에 따른 기간 이내에 승인 여부를 결정할 수 없을 때에는 10일의 범위 내에서 통보 기한을 연장할 수 있다. 이 경우 연장 사실 및 연장 사유를 신청인에게 지체 없이 알려야 한다.,KEYWORD_ONLY,keyword match without full direct-evidence combination
01_input\law_body\law_paragraphs.csv,f5197c0e5e1c399b72a5aaff52de1375602e159d,document_graph,,,,알려야,"② 지방고용노동관서의 장은 제1항에 따라 제조ㆍ수입 또는 사용 승인신청서가 접수된 경우에는 다음 각 호의 사항을 심사하여 신청서가 접수된 날부터 20일 이내에 별지 제71호서식의 승인서를 신청인에게 발급하거나 불승인 사실을 알려야 한다. 다만, 수입승인은 해당 물질에 대하여 사용승인을 했거나 사용승인을 하는 경우에만 할 수 있다.",KEYWORD_ONLY,keyword match without full direct-evidence combination
01_input\law_body\law_paragraphs.csv,0ef60f1cc3080181b1bec48ad06d4853f6a4dd36,document_graph,,,,알려야,② 지방고용노동관서의 장은 제1항에 따라 제조ㆍ사용허가신청서가 접수되면 다음 각 호의 사항을 심사하여 신청서가 접수된 날부터 20일 이내에 별지 제73호서식의 허가증을 신청인에게 발급하거나 불허가 사실을 알려야 한다.,KEYWORD_ONLY,keyword match without full direct-evidence combination
01_input\law_body\law_paragraphs.csv,8a764da8bdd880981e573ea8c4938bfadb482c34,document_graph,,,,알려야,"제228조(합격자의 공고) 한국산업인력공단은 영 제105조에 따라 지도사 자격시험의 최종합격자가 결정되면 모든 응시자가 알 수 있는 방법으로 공고하고, 합격자에게는 합격사실을 알려야 한다.",KEYWORD_ONLY,keyword match without full direct-evidence combination
01_input\law_body\law_paragraphs.csv,55b9af7e80aeee548f9af4bab502cca7d7647b1e,document_graph,,,,알려야,제34조(법령 요지 등의 게시 등) 사업주는 이 법과 이 법에 따른 명령의 요지 및 안전보건관리규정을 각 사업장의 근로자가 쉽게 볼 수 있는 장소에 게시하거나 갖추어 두어 근로자에게 널리 알려야 한다.,KEYWORD_ONLY,keyword match without full direct-evidence combination
01_input\law_body\law_paragraphs.csv,2334a3c135e8d036ea22489b2a80670348cb3111,document_graph,,,,통보하여야,"③ 고용노동부장관은 제1항에 따라 신규화학물질의 유해성ㆍ위험성 조사보고서가 제출되면 고용노동부령으로 정하는 바에 따라 그 신규화학물질의 명칭, 유해성ㆍ위험성, 근로자의 건강장해 예방을 위한 조치 사항 등을 공표하고 관계 부처에 통보하여야 한다.",KEYWORD_ONLY,keyword match without full direct-evidence combination
01_input\law_body\law_paragraphs.csv,2334a3c135e8d036ea22489b2a80670348cb3111,document_graph,,,,결과 근로자,④ 고용노동부장관은 제1항에 따라 제출된 신규화학물질의 유해성ㆍ위험성 조사보고서를 검토한 결과 근로자의 건강장해 예방을 위하여 필요하다고 인정할 때에는 신규화학물질제조자등에게 시설ㆍ설비를 설치ㆍ정비하고 보호구를 갖추어 두는 등의 조치를 하도록 명할 수 있다.,KEYWORD_ONLY,keyword match without full direct-evidence combination
01_input\law_body\law_paragraphs.csv,827c451143117f2b200e5c52f8b4bc2c8a3f7503,document_graph,,,,통보하여야,"② 고용노동부장관은 제1항 본문에 따른 승인 신청을 받은 경우 고용노동부령으로 정하는 바에 따라 화학물질의 명칭 및 함유량의 대체 필요성, 대체자료의 적합성 및 물질안전보건자료의 적정성 등을 검토하여 승인 여부를 결정하고 신청인에게 그 결과를 통보하여야 한다.",KEYWORD_ONLY,keyword match without full direct-evidence combination
01_input\law_body\law_paragraphs.csv,9433cc1042cdbcd504266f1d6eae81d190405e30,document_graph,,,,알려야,"⑥ 사업주는 작업환경측정 결과를 해당 작업장의 근로자(관계수급인 및 관계수급인 근로자를 포함한다. 이하 이 항, 제127조 및 제175조제5항제15호에서 같다)에게 알려야 하며, 그 결과에 따라 근로자의 건강을 보호하기 위하여 해당 시설ㆍ설비의 설치ㆍ개선 또는 건강진단의 실시 등의 조치를 하여야 한다.",KEYWORD_ONLY,keyword match without full direct-evidence combination
01_input\law_body\law_paragraphs.csv,cd0ffdc806d9f0a9e589c421181993be9f3aee91,document_graph,,,,결과를 근로자,③ 사업주는 제129조부터 제131조까지의 규정에 따른 건강진단의 결과를 근로자의 건강 보호 및 유지 외의 목적으로 사용해서는 아니 된다.,KEYWORD_ONLY,keyword match without full direct-evidence combination
01_input\law_body\law_paragraphs.csv,cd0ffdc806d9f0a9e589c421181993be9f3aee91,document_graph,,,,결과 근로자,"④ 사업주는 제129조부터 제131조까지의 규정 또는 다른 법령에 따른 건강진단의 결과 근로자의 건강을 유지하기 위하여 필요하다고 인정할 때에는 작업장소 변경, 작업 전환, 근로시간 단축, 야간근로(오후 10시부터 다음 날 오전 6시까지 사이의 근로를 말한다)의 제한, 작업환경측정 또는 시설ㆍ설비의 설치ㆍ개선 등 고용노동부령으로 정하는 바에 따라 적절한 조치를 하여야 한다.",KEYWORD_ONLY,keyword match without full direct-evidence combination
01_input\law_body\law_paragraphs.csv,2f34373d970db3668580039f6d0f68a53253b216,document_graph,,,,결과를 근로자,① 건강진단기관은 제129조부터 제131조까지의 규정에 따른 건강진단을 실시한 때에는 고용노동부령으로 정하는 바에 따라 그 결과를 근로자 및 사업주에게 통보하고 고용노동부장관에게 보고하여야 한다.,KEYWORD_ONLY,keyword match without full direct-evidence combination
01_input\law_body\law_paragraphs.csv,2f34373d970db3668580039f6d0f68a53253b216,document_graph,,,,통보하여야,② 제129조제1항 단서에 따라 건강진단을 실시한 기관은 사업주가 근로자의 건강보호를 위하여 그 결과를 요청하는 경우 고용노동부령으로 정하는 바에 따라 그 결과를 사업주에게 통보하여야 한다.,KEYWORD_ONLY,keyword match without full direct-evidence combination
01_input\law_body\law_paragraphs.csv,3e35312b143afc3dc18491b4645f5ddd6bf56640,document_graph,,,,알려야,"② 근로감독관은 기계ㆍ설비등에 대한 검사를 할 수 있으며, 검사에 필요한 한도에서 무상으로 제품ㆍ원재료 또는 기구를 수거할 수 있다. 이 경우 근로감독관은 해당 사업주 등에게 그 결과를 서면으로 알려야 한다.",KEYWORD_ONLY,keyword match without full direct-evidence combination
01_input\law_body\law_paragraphs.csv,ba542c92b0cccb04e4862d9ab7b2cd358fbfcb7a,document_graph,,,,통보하여야,"② 제1항에 따라 요청을 받은 관계 행정기관의 장 또는 공공기관의 장은 정당한 사유가 없으면 이에 따라야 하며, 그 조치 결과를 고용노동부장관에게 통보하여야 한다.",KEYWORD_ONLY,keyword match without full direct-evidence combination
01_input\law_body\law_paragraphs.csv,c2ab4b8f86cc603ef8a91124dfbe83ac1e8a758f,document_graph,,,,알려야,"제39조(회의 결과 등의 공지) 산업안전보건위원회의 위원장은 산업안전보건위원회에서 심의ㆍ의결된 내용 등 회의 결과와 중재 결정된 내용 등을 사내방송이나 사내보(社內報), 게시 또는 자체 정례조회, 그 밖의 적절한 방법으로 근로자에게 신속히 알려야 한다.",KEYWORD_ONLY,keyword match without full direct-evidence combination
01_input\law_body\law_paragraphs.csv,74c4672e809ac81e49cee00e10e13784db8ae9da,document_graph,,,,알려야,③ 제1항에 따라 안전보건조정자를 두어야 하는 건설공사발주자는 분리하여 발주되는 공사의 착공일 전날까지 제2항에 따라 안전보건조정자를 선임하거나 지정하여 각각의 공사 도급인에게 그 사실을 알려야 한다.,KEYWORD_ONLY,keyword match without full direct-evidence combination
01_input\law_body\law_paragraphs.csv,c11921523e92b70782f1659b0f3b91488c759d8d,document_graph,,,,알려야,① 고용노동부장관은 법 제160조제1항에 따라 과징금을 부과하려는 경우에는 위반행위의 종류와 해당 과징금의 금액 등을 고용노동부령으로 정하는 바에 따라 구체적으로 밝혀 과징금을 낼 것을 서면으로 알려야 한다.,KEYWORD_ONLY,keyword match without full direct-evidence combination
01_input\law_body\law_paragraphs.csv,075dd21be6067b32a1ada58da9c95d56013ade2c,document_graph,,,,근로자에게 알; 근로자에게 알려; 알려야,② 사업주는 제1항에 따라 작성한 작업계획서의 내용을 해당 근로자에게 알려야 한다.,KEYWORD_ONLY,keyword match without full direct-evidence combination
01_input\law_body\law_paragraphs.csv,075dd21be6067b32a1ada58da9c95d56013ade2c,document_graph,,,,근로자에게 주지; 주지시켜,③ 사업주는 항타기나 항발기를 조립ㆍ해체ㆍ변경 또는 이동하는 작업을 하는 경우 그 작업방법과 절차를 정하여 근로자에게 주지시켜야 한다.,KEYWORD_ONLY,keyword match without full direct-evidence combination
01_input\law_body\law_paragraphs.csv,26fce5403a50609b3e9a88fa297b003c7126c003,document_graph,,,,알려야,"① 사업주는 부상자의 응급처치에 필요한 다음 각 호의 구급용구를 갖추어 두고, 그 장소와 사용방법을 근로자에게 알려야 한다.",KEYWORD_ONLY,keyword match without full direct-evidence combination
01_input\law_body\law_paragraphs.csv,df6a51cc6477d763325f18589f936464f2551a95,document_graph,,,,주지시켜,제157조(이삿짐운반용 리프트 운전방법의 주지) 사업주는 이삿짐운반용 리프트를 사용하는 근로자에게 운전방법 및 고장이 났을 경우의 조치방법을 주지시켜야 한다.,KEYWORD_ONLY,keyword match without full direct-evidence combination
01_input\law_body\law_paragraphs.csv,ee6f06fedf07dc108b5f221b97a6ef2ab0350a75,document_graph,,,,근로자에게 주지; 주지시켜,제160조(운전방법 등의 주지) 사업주는 곤돌라의 운전방법 또는 고장이 났을 때의 처치방법을 그 곤돌라를 사용하는 근로자에게 주지시켜야 한다.,KEYWORD_ONLY,keyword match without full direct-evidence combination
01_input\law_body\law_paragraphs.csv,3d6860d778a6dccdbdae5f7b03936b980009080e,document_graph,,,,근로자에게 알; 근로자에게 알려,"② 사업주는 제1항에 따른 재해발생위험을 관계 근로자에게 신속히 알리기 위한 비상벨 등 통신설비 등을 설치하고, 그 설치장소를 관계 근로자에게 알려 주어야 한다.",KEYWORD_ONLY,keyword match without full direct-evidence combination
01_input\law_body\law_paragraphs.csv,15d26d72ac1a4dfe623285481dfe4c98cbaa0bf7,document_graph,,,,근로자에게 주지; 주지시켜,① 사업주는 채석작업을 하는 경우에 미리 굴착기계등의 운행경로 및 토석의 적재장소에 대한 출입방법을 정하여 관계 근로자에게 주지시켜야 한다.,KEYWORD_ONLY,keyword match without full direct-evidence combination
01_input\law_body\law_paragraphs.csv,a896a63f82176d972517f4147b060f9a5310e98f,document_graph,,,,근로자에게 주지; 주지시켜,① 사업주는 벌목작업을 하는 경우에는 일정한 신호방법을 정하여 그 작업에 종사하는 근로자에게 주지시켜야 한다.,KEYWORD_ONLY,keyword match without full direct-evidence combination
01_input\law_body\law_paragraphs.csv,f688aa0999f14c216ec2496888e09347055300ee,document_graph,,,,알려야,② 사업주는 제1항제7호에 따른 조치를 확인할 수 없는 설비에 대하여 근로자가 그 설비의 내부에 머리를 넣고 작업하지 않도록 하고 작업하는 근로자에게 주의하도록 미리 알려야 한다.,KEYWORD_ONLY,keyword match without full direct-evidence combination
01_input\law_body\law_paragraphs.csv,fdfe8de37dbd5d3f9cd2206e01ba4a93124cc370,document_graph,,,,근로자에게 알; 근로자에게 알려; 알려야,"제440조(특별관리물질의 고지) 사업주는 근로자가 별표 12에 따른 특별관리물질을 취급하는 경우에는 그 물질이 특별관리물질이라는 사실과 「산업안전보건법 시행규칙」 별표 18 제1호나목에 따른 발암성 물질, 생식세포 변이원성 물질 또는 생식독성 물질 등 중 어느 것에 해당하는지에 관한 내용을 게시판 등을 통하여 근로자에게 알려야 한다. <개정 2019.12.26>",KEYWORD_ONLY,keyword match without full direct-evidence combination
01_input\law_body\law_paragraphs.csv,5b3c8aa7efb5d1f342892b30895540de5f30ebe1,document_graph,,,,근로자에게 알; 근로자에게 알려; 알려야,① 사업주는 관리대상 유해물질을 취급하는 작업에 근로자를 종사하도록 하는 경우에 근로자를 작업에 배치하기 전에 다음 각 호의 사항을 근로자에게 알려야 한다.,KEYWORD_ONLY,keyword match without full direct-evidence combination
01_input\law_body\law_paragraphs.csv,5b3c8aa7efb5d1f342892b30895540de5f30ebe1,document_graph,,,,근로자에게 알; 근로자에게 알려; 알려야,"② 사업주는 근로자가 별표 12 제1호13)ㆍ46)ㆍ59)ㆍ71)ㆍ101)ㆍ111)의 물질을 취급하는 경우에 근로자가 작업을 시작하기 전에 해당 물질이 급성 독성을 일으키는 물질임을 근로자에게 알려야 한다. <개정 2019.4.19, 2019.12.26, 2022.10.18>",KEYWORD_ONLY,keyword match without full direct-evidence combination
01_input\law_body\law_paragraphs.csv,d7c413361a87eb9f782124ae459672d06a5b5c23,document_graph,,,,근로자에게 알; 근로자에게 알려; 알려야,"제486조(직업성 질병의 주지) 사업주는 석면으로 인한 직업성 질병의 발생 원인, 재발 방지 방법 등을 석면을 취급하는 근로자에게 알려야 한다.",KEYWORD_ONLY,keyword match without full direct-evidence combination
01_input\law_body\law_paragraphs.csv,71811c025baae84f5ba210504daedbf9b8f0aeab,document_graph,,,,근로자에게 알; 근로자에게 알려; 알려야,"② 사업주는 제1항에 따른 석면해체ㆍ제거작업 계획을 수립한 경우에 이를 해당 근로자에게 알려야 하며, 작업장에 대한 석면조사 방법 및 종료일자, 석면조사 결과의 요지를 해당 근로자가 보기 쉬운 장소에 게시하여야 한다. <개정 2012.3.5>",KEYWORD_ONLY,keyword match without full direct-evidence combination
01_input\law_body\law_paragraphs.csv,9ebd6fcf22c010e7b5770ccf803f299e83a32d5e,document_graph,,,,알려야,② 사업주는 기압조절실에서 고압작업자 또는 잠수작업자에게 감압을 하는 경우에 그 감압에 필요한 시간을 해당 고압작업자 또는 잠수작업자에게 미리 알려야 한다. <개정 2017.12.28>,KEYWORD_ONLY,keyword match without full direct-evidence combination
01_input\law_body\law_paragraphs.csv,b357f870f5f1df18133e03d10520fa19e661922c,document_graph,,,,근로자에게 알,"① 사업주는 고압작업을 하는 경우에 대기압을 초과하는 기압에서의 가연성물질의 연소위험성에 대하여 근로자에게 알리고, 고압작업자의 화상이나 그 밖의 위험을 방지하기 위하여 다음 각 호의 조치를 하여야 한다.",KEYWORD_ONLY,keyword match without full direct-evidence combination
01_input\law_body\law_paragraphs.csv,d9975a6216c34b597eadc360dd7db3149eb28678,document_graph,,,,알려야,"③ 사업주는 호흡용 기체통 및 비상기체통의 기능의 이상 유무 및 해당 기체통에 저장된 호흡용 기체량 등을 확인하여 그 내용을 잠수작업자에게 알려야 하며, 이상이 있는 호흡용 기체통이나 비상기체통을 잠수작업자에게 제공해서는 아니 된다.",KEYWORD_ONLY,keyword match without full direct-evidence combination
01_input\law_body\law_paragraphs.csv,a49a3704979eba3ca48db641d33d1461c4136bb1,document_graph,,,,근로자에게 알; 근로자에게 알려; 알려야,"제591조(유해성 등의 주지) 사업주는 근로자가 방사선업무를 하는 경우에 방사선이 인체에 미치는 영향, 안전한 작업방법, 건강관리 요령 등에 관한 내용을 근로자에게 알려야 한다.",KEYWORD_ONLY,keyword match without full direct-evidence combination
01_input\law_body\law_paragraphs.csv,97c95b7d82be3de53951e06d09b1869d64fb81a7,document_graph,,,,근로자에게 알; 근로자에게 알려; 알려야,③ 사업주는 제1항과 제2항에 따른 조사 결과와 조치 내용을 즉시 해당 근로자에게 알려야 한다.,KEYWORD_ONLY,keyword match without full direct-evidence combination
01_input\law_body\law_paragraphs.csv,e2db8c60466924b1fce707c0661c0ed99bed02cc,document_graph,,,,알려야,"② 제1항에 따른 감시인은 밀폐공간에 종사하는 근로자에게 이상이 있을 경우에 지체 없이 사업장 소재지를 관할하는 소방관서에 신고하고, 해당 소방관서의 장의 협조를 받아 적절한 조치를 한 후 이를 즉시 사업주 및 관리감독자에게 알려야 한다. <개정 2025.12.1>",KEYWORD_ONLY,keyword match without full direct-evidence combination
01_input\law_body\law_paragraphs.csv,660f3ea92f1e1f2268d44a9724047968895aebd5,document_graph,,,,근로자에게 알,"제652조(건물 개ㆍ보수 시 공기오염 관리) 사업주는 건물 개ㆍ보수 중 사무실의 공기질이 악화될 우려가 있을 경우에 그 작업내용을 근로자에게 알리고 공사장소를 격리하거나, 사무실오염물질의 억제 및 청소 등 적절한 조치를 하여야 한다.",KEYWORD_ONLY,keyword match without full direct-evidence combination
01_input\law_body\law_paragraphs.csv,76867cce9a0dc0c0e1e628f02c84761702526cda,document_graph,,,,근로자에게 알; 근로자에게 알려; 알려야,① 사업주는 근로자가 근골격계부담작업을 하는 경우에 다음 각 호의 사항을 근로자에게 알려야 한다.,KEYWORD_ONLY,keyword match without full direct-evidence combination
01_input\law_body\law_paragraphs.csv,76867cce9a0dc0c0e1e628f02c84761702526cda,document_graph,,,,근로자에게 알; 근로자에게 알려; 알려야,"② 사업주는 제657조제1항과 제2항에 따른 유해요인 조사 및 그 결과, 제658조에 따른 조사방법 등을 해당 근로자에게 알려야 한다.",KEYWORD_ONLY,keyword match without full direct-evidence combination
01_input\law_body\law_paragraphs.csv,76867cce9a0dc0c0e1e628f02c84761702526cda,document_graph,,,,근로자에게 알; 근로자에게 알려; 알려야,③ 사업주는 근로자대표의 요구가 있으면 설명회를 개최하여 제657조제2항제1호에 따른 유해요인 조사 결과를 해당 근로자와 같은 방법으로 작업하는 근로자에게 알려야 한다. <신설 2017.12.28>,KEYWORD_ONLY,keyword match without full direct-evidence combination
01_input\law_body\law_paragraphs.csv,6e4e8dda57531e7dba58c0914fcf603523ae0a2c,document_graph,,,,알려야,제666조(작업자세 등) 사업주는 근로자가 중량물을 인력으로 들어올리는 작업을 하는 경우에 무게중심을 낮추거나 대상물에 몸을 밀착하도록 하는 등 근로자에게 신체의 부담을 줄일 수 있는 자세에 대하여 알려야 한다. <개정 2024.6.28>,KEYWORD_ONLY,keyword match without full direct-evidence combination
01_input\law_body\law_paragraphs.csv,fa2a01be10bf782cb4201cf5897b9190cd69f8ea,document_graph,,,,근로자에게 알,"② 사업주는 근로자가 농약원재료를 배합하는 작업을 하는 경우에 측정용기, 깔때기, 섞는 기구 등 배합기구들의 사용방법과 배합비율 등을 근로자에게 알리고, 농약원재료의 분진이나 미스트의 발생을 최소화하여야 한다.",KEYWORD_ONLY,keyword match without full direct-evidence combination
01_input\law_body\law_subitems.csv,399910cd54e165969d563e5c604d5c827ef2479e,document_graph,,,,주지시켜,"b11ce77ef46e684f89e9b4005746832284dffa87 399910cd54e165969d563e5c604d5c827ef2479e 다. 다. 방호구역등에 출입하는 근로자를 대상으로 이산화탄소의 위험성, 소화설비의 작동 시 확인방법, 대피방법, 대피로 등을 주지시키기 위해 반기 1회 이상 교육을 실시할 것. 다만, 처음 출입하는 근로자에 대해서는 출입 전에 교육을 하여 그 내용을 주지시켜야 한다.",KEYWORD_ONLY,keyword match without full direct-evidence combination
01_input\law_body\nodes_article.csv,679dd7bcab9d282e7754bfdf73c6e32d4b05ac57,document_graph,,,형 확정 사실의 통보,통보하여야,"형 확정 사실의 통보 제12조(형 확정 사실의 통보) 법무부장관은 제6조, 제7조, 제10조 또는 제11조에 따른 범죄의 형이 확정되면 그 범죄사실을 관계 행정기관의 장에게 통보하여야 한다.",KEYWORD_ONLY,keyword match without full direct-evidence combination
01_input\law_body\nodes_article.csv,857c43948db8c415bdac787a737c5c5c98ccbda8,document_graph,,,확인 및 결과 통보,알려야,확인 및 결과 통보 제152조(확인 및 결과 통보) 고용노동부장관은 제148조제2항(제149조제3항 및 제150조제2항에서 준용하는 경우를 포함한다)에 따른 신청서가 제출된 경우에는 이를 지체 없이 확인한 후 접수된 날부터 20일 이내에 그 결과를 해당 신청인에게 알려야 한다.,KEYWORD_ONLY,keyword match without full direct-evidence combination
01_input\law_body\nodes_article.csv,8a764da8bdd880981e573ea8c4938bfadb482c34,document_graph,,,합격자의 공고,알려야,"합격자의 공고 제228조(합격자의 공고) 한국산업인력공단은 영 제105조에 따라 지도사 자격시험의 최종합격자가 결정되면 모든 응시자가 알 수 있는 방법으로 공고하고, 합격자에게는 합격사실을 알려야 한다.",KEYWORD_ONLY,keyword match without full direct-evidence combination
01_input\law_body\nodes_article.csv,55b9af7e80aeee548f9af4bab502cca7d7647b1e,document_graph,,,법령 요지 등의 게시 등,알려야,법령 요지 등의 게시 등 제34조(법령 요지 등의 게시 등) 사업주는 이 법과 이 법에 따른 명령의 요지 및 안전보건관리규정을 각 사업장의 근로자가 쉽게 볼 수 있는 장소에 게시하거나 갖추어 두어 근로자에게 널리 알려야 한다.,KEYWORD_ONLY,keyword match without full direct-evidence combination
01_input\law_body\nodes_article.csv,a01dd3331d442d8b8a9633b079f3014aea285b1c,document_graph,,,위험성평가의 실시,위험성평가,위험성평가의 실시 제36조(위험성평가의 실시),KEYWORD_ONLY,keyword match without full direct-evidence combination
01_input\law_body\nodes_article.csv,c2ab4b8f86cc603ef8a91124dfbe83ac1e8a758f,document_graph,,,회의 결과 등의 공지,알려야,"회의 결과 등의 공지 제39조(회의 결과 등의 공지) 산업안전보건위원회의 위원장은 산업안전보건위원회에서 심의ㆍ의결된 내용 등 회의 결과와 중재 결정된 내용 등을 사내방송이나 사내보(社內報), 게시 또는 자체 정례조회, 그 밖의 적절한 방법으로 근로자에게 신속히 알려야 한다.",KEYWORD_ONLY,keyword match without full direct-evidence combination
01_input\law_body\nodes_article.csv,df6a51cc6477d763325f18589f936464f2551a95,document_graph,,,이삿짐운반용 리프트 운전방법의 주지,주지시켜,이삿짐운반용 리프트 운전방법의 주지 제157조(이삿짐운반용 리프트 운전방법의 주지) 사업주는 이삿짐운반용 리프트를 사용하는 근로자에게 운전방법 및 고장이 났을 경우의 조치방법을 주지시켜야 한다.,KEYWORD_ONLY,keyword match without full direct-evidence combination
01_input\law_body\nodes_article.csv,ee6f06fedf07dc108b5f221b97a6ef2ab0350a75,document_graph,,,운전방법 등의 주지,근로자에게 주지; 주지시켜,운전방법 등의 주지 제160조(운전방법 등의 주지) 사업주는 곤돌라의 운전방법 또는 고장이 났을 때의 처치방법을 그 곤돌라를 사용하는 근로자에게 주지시켜야 한다.,KEYWORD_ONLY,keyword match without full direct-evidence combination
01_input\law_body\nodes_article.csv,fdfe8de37dbd5d3f9cd2206e01ba4a93124cc370,document_graph,,,특별관리물질의 고지,근로자에게 알; 근로자에게 알려; 알려야,"특별관리물질의 고지 제440조(특별관리물질의 고지) 사업주는 근로자가 별표 12에 따른 특별관리물질을 취급하는 경우에는 그 물질이 특별관리물질이라는 사실과 「산업안전보건법 시행규칙」 별표 18 제1호나목에 따른 발암성 물질, 생식세포 변이원성 물질 또는 생식독성 물질 등 중 어느 것에 해당하는지에 관한 내용을 게시판 등을 통하여 근로자에게 알려야 한다. <개정 2019.12.26>",KEYWORD_ONLY,keyword match without full direct-evidence combination
01_input\law_body\nodes_article.csv,8ecff689a5c3eb9b692524b59f82dc1b08d276c2,document_graph,,,유해성 등의 주지,근로자에게 알; 근로자에게 알려; 알려야,유해성 등의 주지 제460조(유해성 등의 주지) 사업주는 근로자가 허가대상 유해물질을 제조하거나 사용하는 경우에 다음 각 호의 사항을 근로자에게 알려야 한다.,KEYWORD_ONLY,keyword match without full direct-evidence combination
01_input\law_body\nodes_article.csv,75b4de455b460b62640199a6a74d779f19cb8a2e,document_graph,,,작업수칙,근로자에게 알; 근로자에게 알려; 알려야,"작업수칙 제462조(작업수칙) 사업주는 근로자가 허가대상 유해물질(베릴륨 및 석면은 제외한다)을 제조ㆍ사용하는 경우에 다음 각 호의 사항에 관한 작업수칙을 정하고, 이를 해당 작업근로자에게 알려야 한다.",KEYWORD_ONLY,keyword match without full direct-evidence combination
01_input\law_body\nodes_article.csv,f4c5f4f57dfd01f7cd75b7f436d2ebf27191ce7d,document_graph,,,작업수칙,근로자에게 알; 근로자에게 알려; 알려야,작업수칙 제476조(작업수칙) 사업주는 베릴륨의 제조ㆍ사용 작업에 근로자를 종사하도록 하는 경우에 베릴륨 분진의 발산과 근로자의 오염을 방지하기 위하여 다음 각 호의 사항에 관한 작업수칙을 정하고 이를 해당 작업근로자에게 알려야 한다.,KEYWORD_ONLY,keyword match without full direct-evidence combination
01_input\law_body\nodes_article.csv,d7c413361a87eb9f782124ae459672d06a5b5c23,document_graph,,,직업성 질병의 주지,근로자에게 알; 근로자에게 알려; 알려야,"직업성 질병의 주지 제486조(직업성 질병의 주지) 사업주는 석면으로 인한 직업성 질병의 발생 원인, 재발 방지 방법 등을 석면을 취급하는 근로자에게 알려야 한다.",KEYWORD_ONLY,keyword match without full direct-evidence combination
01_input\law_body\nodes_article.csv,e50c6dd4a0689c46bd26f0bf5fdd9ab4b3c62d8d,document_graph,,,유해성 등의 주지,근로자에게 알; 근로자에게 알려; 알려야,유해성 등의 주지 제502조(유해성 등의 주지) 사업주는 근로자가 금지유해물질을 제조ㆍ사용하는 경우에 다음 각 호의 사항을 근로자에게 알려야 한다.,KEYWORD_ONLY,keyword match without full direct-evidence combination
01_input\law_body\nodes_article.csv,0a290cdf12c82af6f05d299bfe50851ff9be0db2,document_graph,,,소음수준의 주지 등,근로자에게 알; 근로자에게 알려; 알려야,"소음수준의 주지 등 제514조(소음수준의 주지 등) 사업주는 근로자가 소음작업, 강렬한 소음작업 또는 충격소음작업에 종사하는 경우에 다음 각 호의 사항을 근로자에게 알려야 한다.",KEYWORD_ONLY,keyword match without full direct-evidence combination
01_input\law_body\nodes_article.csv,0eaeec4990fdcb2959d4b72674a0929288d6a8e4,document_graph,,,유해성 등의 주지,알려야,유해성 등의 주지 제519조(유해성 등의 주지) 사업주는 근로자가 진동작업에 종사하는 경우에 다음 각 호의 사항을 근로자에게 충분히 알려야 한다. <개정 2024.6.28>,KEYWORD_ONLY,keyword match without full direct-evidence combination
01_input\law_body\nodes_article.csv,a49a3704979eba3ca48db641d33d1461c4136bb1,document_graph,,,유해성 등의 주지,근로자에게 알; 근로자에게 알려; 알려야,"유해성 등의 주지 제591조(유해성 등의 주지) 사업주는 근로자가 방사선업무를 하는 경우에 방사선이 인체에 미치는 영향, 안전한 작업방법, 건강관리 요령 등에 관한 내용을 근로자에게 알려야 한다.",KEYWORD_ONLY,keyword match without full direct-evidence combination
01_input\law_body\nodes_article.csv,44ccca4772ab4741fcbe64030900558a22c2af57,document_graph,,,유해성 등의 주지,근로자에게 알; 근로자에게 알려; 알려야,유해성 등의 주지 제595조(유해성 등의 주지) 사업주는 근로자가 병원체에 노출될 수 있는 위험이 있는 작업을 하는 경우에 다음 각 호의 사항을 근로자에게 알려야 한다.,KEYWORD_ONLY,keyword match without full direct-evidence combination
01_input\law_body\nodes_article.csv,ac73c6e034d3553f6736b48b4f211bf6b9b5ffaf,document_graph,,,분진의 유해성 등의 주지,근로자에게 알; 근로자에게 알려; 알려야,분진의 유해성 등의 주지 제614조(분진의 유해성 등의 주지) 사업주는 근로자가 상시 분진작업에 관련된 업무를 하는 경우에 다음 각 호의 사항을 근로자에게 알려야 한다.,KEYWORD_ONLY,keyword match without full direct-evidence combination
01_input\law_body\nodes_article.csv,8bc71267d0e0eb94f99bd84617c36c146827d57e,document_graph,,,안전한 작업방법 등의 주지,알려야,"안전한 작업방법 등의 주지 제641조(안전한 작업방법 등의 주지) 사업주는 근로자가 밀폐공간에서 작업을 하는 경우에 작업을 시작하기 전에 다음 각 호의 사항을 작업근로자(제623조에 따른 감시인을 포함한다. 이하 이 조에서 같다)에게 알려야 한다. 이 경우 사업주는 작업근로자에 대하여 다음 각 호의 사항의 숙지여부를 확인하고 필요한 교육을 실시해야 한다. <개정 2019.12.26, 2025.12.1>",KEYWORD_ONLY,keyword match without full direct-evidence combination
01_input\law_body\nodes_article.csv,660f3ea92f1e1f2268d44a9724047968895aebd5,document_graph,,,건물 개ㆍ보수 시 공기오염 관리,근로자에게 알,"건물 개ㆍ보수 시 공기오염 관리 제652조(건물 개ㆍ보수 시 공기오염 관리) 사업주는 건물 개ㆍ보수 중 사무실의 공기질이 악화될 우려가 있을 경우에 그 작업내용을 근로자에게 알리고 공사장소를 격리하거나, 사무실오염물질의 억제 및 청소 등 적절한 조치를 하여야 한다.",KEYWORD_ONLY,keyword match without full direct-evidence combination
01_input\law_body\nodes_article.csv,36c29ab64de5b4314c896877a3cb7e465a3e15f2,document_graph,,,유해성 등의 주지,근로자에게 알; 근로자에게 알려; 알려야,"유해성 등의 주지 제655조(유해성 등의 주지) 사업주는 근로자가 공기정화설비등의 청소, 개ㆍ보수 작업을 하는 경우에 다음 각 호의 사항을 근로자에게 알려야 한다.",KEYWORD_ONLY,keyword match without full direct-evidence combination
01_input\law_body\nodes_article.csv,6e4e8dda57531e7dba58c0914fcf603523ae0a2c,document_graph,,,작업자세 등,알려야,작업자세 등 제666조(작업자세 등) 사업주는 근로자가 중량물을 인력으로 들어올리는 작업을 하는 경우에 무게중심을 낮추거나 대상물에 몸을 밀착하도록 하는 등 근로자에게 신체의 부담을 줄일 수 있는 자세에 대하여 알려야 한다. <개정 2024.6.28>,KEYWORD_ONLY,keyword match without full direct-evidence combination
01_input\law_body\nodes_item.csv,a9bc062ccff9b3d66053a2f18dc1c3e2b292cb4f,document_graph,,,,위험성평가,8dc8475218d9032ebc7fb0e31b11f02cdafd5499 1. 1. 위험성평가 대상의 유해ㆍ위험요인,KEYWORD_ONLY,keyword match without full direct-evidence combination
01_input\law_body\nodes_item.csv,a9bc062ccff9b3d66053a2f18dc1c3e2b292cb4f,document_graph,,,,위험성평가,aa39b7da7c707e02fe6eec590eb60f36fb4c7cb2 4. 4. 그 밖에 위험성평가의 실시내용을 확인하기 위하여 필요한 사항으로서 고용노동부장관이 정하여 고시하는 사항,KEYWORD_ONLY,keyword match without full direct-evidence combination
01_input\law_body\nodes_item.csv,a947c2f1bb1550e5714f0e0cdb0a1fe86d150cb1,document_graph,,,,위험성평가,55d196ead687e0712c0ee43182e915575cbeafa5 4. 4. 작업장에서의 법 제36조에 따른 위험성평가의 실시에 관한 사항,KEYWORD_ONLY,keyword match without full direct-evidence combination
01_input\law_body\nodes_item.csv,1d2223776b70e69866e6d444ed9bc9cc70d4f878,document_graph,,,,근로자에게 알,e1df911745a376f23b565d4b4f13c68d7c19e23c 15. 15. 제125조제6항을 위반하여 작업환경측정 결과를 해당 작업장 근로자에게 알리지 아니한 자,KEYWORD_ONLY,keyword match without full direct-evidence combination
01_input\law_body\nodes_item.csv,cbe140c985d81420d45f1ad9831f7d53e047463f,document_graph,,,,위험성평가,01858e27e8f5978a5ebe27d98d11be9a96f5cc3e 6. 6. 법 제36조에 따라 실시되는 위험성평가에 관한 다음 각 목의 업무,KEYWORD_ONLY,keyword match without full direct-evidence combination
01_input\law_body\nodes_item.csv,f1c61a4a15a8d354cd21081bb9fa71909067c73f,document_graph,,,,위험성평가,f88aa14c0586c88baf15f8fb2aea2f5bc9afe8fd 2. 2. 법 제36조에 따른 위험성평가에 관한 보좌 및 지도ㆍ조언,KEYWORD_ONLY,keyword match without full direct-evidence combination
01_input\law_body\nodes_item.csv,eaa7e3ad585ed2d9b458b543775ef4ffe0626d0d,document_graph,,,,위험성평가,53e5855ed2388fd43ee685ac6c2af2348985caec 3. 3. 법 제36조에 따른 위험성평가에 관한 보좌 및 지도ㆍ조언,KEYWORD_ONLY,keyword match without full direct-evidence combination
01_input\law_body\nodes_item.csv,3f3d3cff9837425ed4738d87cd6137f88c146d2e,document_graph,,,,위험성평가,4651e319a18d29b0af11fb3d51abb514da6c79de 2. 2. 법 제36조에 따른 위험성평가에 관한 보좌 및 지도ㆍ조언,KEYWORD_ONLY,keyword match without full direct-evidence combination
01_input\law_body\nodes_item.csv,70cdadc93b31f661b3e98ae827e494d84b2ddd1e,document_graph,,,,위험성평가,f27197c785afa27eebde5fbbc116aeaca7615075 1. 1. 법 제36조에 따른 위험성평가의 실시에 관한 사항,KEYWORD_ONLY,keyword match without full direct-evidence combination
01_input\law_body\nodes_item.csv,88ac6e30d9311441176a0de45faeb4efc9af32f0,document_graph,,,,위험성평가,893fb6c20adad52f19a0133ef0215db42c99c026 1. 1. 법 제36조에 따른 위험성평가의 지도,KEYWORD_ONLY,keyword match without full direct-evidence combination
01_input\law_body\nodes_item.csv,168816303a7cf5a6ed295d081b48663f3970f7d7,document_graph,,,,위험성평가,27dc2ba0cf1b85dbf3fcc37fa5a8cb2360648f8d 1. 1. 법 제36조에 따른 위험성평가의 지도,KEYWORD_ONLY,keyword match without full direct-evidence combination
01_input\law_body\nodes_item.csv,9a44dacb751e1bfce26fcd63d32a60a7f3428799,document_graph,,,,위험성평가,4898cbd93712a7c6e0efe83851bed5fd3bb51859 7. 7. 법 제36조에 따른 위험성평가에 관한 지원 업무,KEYWORD_ONLY,keyword match without full direct-evidence combination
01_input\law_body\nodes_item.csv,88adab5542929c915c3f2aac6b7eb3f54847161b,document_graph,,,,근로자에게 주지,77677f33c7821dbea449bf9df5127ae83e0b7f51 2. 2. 조립ㆍ해체 또는 변경의 시기ㆍ범위 및 절차를 그 작업에 종사하는 근로자에게 주지시킬 것,KEYWORD_ONLY,keyword match without full direct-evidence combination
01_input\law_body\nodes_item.csv,d9a3ffe27380e6c2c1898c2e84595ea0f4d7beac,document_graph,,,,근로자에게 주지,"18c6dfc1542391c21baefc74c2cacb1c27112e31 6. 6. 작업발판에는 제조사가 정한 최대적재하중을 초과하여 적재해서는 아니 되며, 최대적재하중이 표기된 표지판을 부착하고 근로자에게 주지시키도록 할 것",KEYWORD_ONLY,keyword match without full direct-evidence combination
01_input\law_body\nodes_item.csv,cdc57a2bc01a448a68ac9bfabc3a578239d661f3,document_graph,,,,근로자에게 주지,3aecbd8a229d6f8d68db56172bee9e3e4b3929c7 1. 1. 조립등의 범위 및 작업절차를 미리 그 작업에 종사하는 근로자에게 주지시킬 것,KEYWORD_ONLY,keyword match without full direct-evidence combination
01_input\law_body\nodes_item.csv,aaf16ccd28f13bcfa57921bffc01b88a0239f7c6,document_graph,,,,결과 근로자,"ae05208c0e03bdc354d203f233bee0b19cd05f1b 1. 1. 굴착기계등의 사용으로 가스도관, 지중전선로, 그 밖에 지하에 위치한 공작물이 파손되어 그 결과 근로자가 위험해질 우려가 있는 경우에는 그 기계를 사용한 굴착작업을 중지할 것",KEYWORD_ONLY,keyword match without full direct-evidence combination
01_input\law_body\nodes_item.csv,aaf16ccd28f13bcfa57921bffc01b88a0239f7c6,document_graph,,,,근로자에게 주지,f3669c109474d883f48aa2a1c2c3e414f24a7eb7 2. 2. 굴착기계등의 운행경로 및 토석(土石) 적재장소의 출입방법을 정하여 관계 근로자에게 주지시킬 것,KEYWORD_ONLY,keyword match without full direct-evidence combination
01_input\law_body\nodes_item.csv,20da65c2c662907dfc7cb44ee309a7163effd94d,document_graph,,,,근로자에게 알,085e625310bc36a68d95eb153d9e1af428657e59 1. 1. 열차운행 중에 열차에 뛰어오르거나 뛰어내리지 않도록 근로자에게 알릴 것,KEYWORD_ONLY,keyword match without full direct-evidence combination
01_input\law_body\nodes_item.csv,1143d61ded13c37e16919274c4cd6378539bd2b7,document_graph,,,,근로자에게 알,9ead1feb6ab1561cf42bd52400af4629186216d6 1. 1. 작업 방법 및 순서를 정하여 이를 미리 해당 작업에 종사하는 근로자에게 알릴 것,KEYWORD_ONLY,keyword match without full direct-evidence combination
01_input\law_body\nodes_paragraph.csv,679dd7bcab9d282e7754bfdf73c6e32d4b05ac57,document_graph,,,,통보하여야,"제12조(형 확정 사실의 통보) 법무부장관은 제6조, 제7조, 제10조 또는 제11조에 따른 범죄의 형이 확정되면 그 범죄사실을 관계 행정기관의 장에게 통보하여야 한다.",KEYWORD_ONLY,keyword match without full direct-evidence combination
01_input\law_body\nodes_paragraph.csv,7bf78eeb682c38649abf2854db4845181bb43b1f,document_graph,,,,알려야,⑤ 제4항에 따라 평가 결과를 통보받은 평가대상기관은 평가 결과를 통보받은 날부터 7일 이내에 서면으로 공단에 이의신청을 할 수 있다. 이 경우 공단은 이의신청을 받은 날부터 14일 이내에 이의신청에 대한 처리결과를 해당 기관에 서면으로 알려야 한다.,KEYWORD_ONLY,keyword match without full direct-evidence combination
01_input\law_body\nodes_paragraph.csv,a0ed0194af5ef075d293c9e03f56d3db11b2ee90,document_graph,,,,알려야,② 직무교육기관의 장은 직무교육을 실시하기 15일 전까지 교육 일시 및 장소 등을 직무교육 대상자에게 알려야 한다.,KEYWORD_ONLY,keyword match without full direct-evidence combination
01_input\law_body\nodes_paragraph.csv,04679e407db7a9c7ece721d37fce005e70c87671,document_graph,,,,알려야,"① 공단은 제42조에 따른 유해위험방지계획서 및 그 첨부서류를 접수한 경우에는 접수일부터 15일 이내에 심사하여 사업주에게 그 결과를 알려야 한다. 다만, 제42조제6항에 따라 자체심사 및 확인업체가 유해위험방지계획서 자체심사서를 제출한 경우에는 심사를 하지 않을 수 있다.",KEYWORD_ONLY,keyword match without full direct-evidence combination
01_input\law_body\nodes_paragraph.csv,cc26970c3ccf6759f3d1271a321b6665e92316bb,document_graph,,,,알려야,① 지방고용노동관서의 장이 제61조에 따른 안전보건개선계획서를 접수한 경우에는 접수일부터 15일 이내에 심사하여 사업주에게 그 결과를 알려야 한다.,KEYWORD_ONLY,keyword match without full direct-evidence combination
01_input\law_body\nodes_paragraph.csv,4d153878e32e00858694184f59632ea2c1c1984e,document_graph,,,,알려야,② 사업주는 제1항에 따라 사용중지명령서등을 받은 경우에는 관계 근로자에게 해당 사항을 알려야 한다.,KEYWORD_ONLY,keyword match without full direct-evidence combination
01_input\law_body\nodes_paragraph.csv,f91572d723d2b7c254bd65a3f247f34f8d109dce,document_graph,,,,알려야,"④ 안전인증기관은 제1항 및 제2항에 따라 확인한 결과 법 제87조제1항 각 호의 어느 하나에 해당하는 사실을 확인한 경우에는 그 사실을 증명할 수 있는 서류를 첨부하여 유해ㆍ위험기계등을 제조하는 사업장의 소재지(제품의 제조자가 외국에 있는 경우에는 그 대리인의 소재지로 하되, 대리인이 없는 경우에는 그 안전인증기관의 소재지로 한다)를 관할하는 지방고용노동관서의 장에게 지체 없이 알려야 한다.",KEYWORD_ONLY,keyword match without full direct-evidence combination
01_input\law_body\nodes_paragraph.csv,3a806b0f882554420a789812c58d2b0e3b3b6a47,document_graph,,,,알려야,① 지방고용노동관서의 장은 법 제87조제2항에 따른 수거ㆍ파기명령을 할 때에는 그 사유와 이행에 필요한 기간을 정하여 제조ㆍ수입ㆍ양도ㆍ대여하는 자에게 알려야 한다.,KEYWORD_ONLY,keyword match without full direct-evidence combination
01_input\law_body\nodes_paragraph.csv,1965e246f67cf8d096e06e041ef4a484500a50de,document_graph,,,,알려야,① 지방고용노동관서의 장은 법 제92조제2항에 따른 수거ㆍ파기명령을 할 때에는 그 사유와 이행에 필요한 기간을 정하여 제조ㆍ수입ㆍ양도 또는 대여하는 자에게 알려야 한다.,KEYWORD_ONLY,keyword match without full direct-evidence combination
01_input\law_body\nodes_paragraph.csv,857c43948db8c415bdac787a737c5c5c98ccbda8,document_graph,,,,알려야,제152조(확인 및 결과 통보) 고용노동부장관은 제148조제2항(제149조제3항 및 제150조제2항에서 준용하는 경우를 포함한다)에 따른 신청서가 제출된 경우에는 이를 지체 없이 확인한 후 접수된 날부터 20일 이내에 그 결과를 해당 신청인에게 알려야 한다.,KEYWORD_ONLY,keyword match without full direct-evidence combination
01_input\law_body\nodes_paragraph.csv,7d6b88e887e28967adeff17d2e9799414a26acb2,document_graph,,,,알려야,② 공단은 부득이한 사유로 제1항에 따른 기간 이내에 승인 여부를 결정할 수 없을 때에는 10일의 범위 내에서 통보 기한을 연장할 수 있다. 이 경우 연장 사실 및 연장 사유를 신청인에게 지체 없이 알려야 한다.,KEYWORD_ONLY,keyword match without full direct-evidence combination
01_input\law_body\nodes_paragraph.csv,f5197c0e5e1c399b72a5aaff52de1375602e159d,document_graph,,,,알려야,"② 지방고용노동관서의 장은 제1항에 따라 제조ㆍ수입 또는 사용 승인신청서가 접수된 경우에는 다음 각 호의 사항을 심사하여 신청서가 접수된 날부터 20일 이내에 별지 제71호서식의 승인서를 신청인에게 발급하거나 불승인 사실을 알려야 한다. 다만, 수입승인은 해당 물질에 대하여 사용승인을 했거나 사용승인을 하는 경우에만 할 수 있다.",KEYWORD_ONLY,keyword match without full direct-evidence combination
01_input\law_body\nodes_paragraph.csv,0ef60f1cc3080181b1bec48ad06d4853f6a4dd36,document_graph,,,,알려야,② 지방고용노동관서의 장은 제1항에 따라 제조ㆍ사용허가신청서가 접수되면 다음 각 호의 사항을 심사하여 신청서가 접수된 날부터 20일 이내에 별지 제73호서식의 허가증을 신청인에게 발급하거나 불허가 사실을 알려야 한다.,KEYWORD_ONLY,keyword match without full direct-evidence combination
01_input\law_body\nodes_paragraph.csv,8a764da8bdd880981e573ea8c4938bfadb482c34,document_graph,,,,알려야,"제228조(합격자의 공고) 한국산업인력공단은 영 제105조에 따라 지도사 자격시험의 최종합격자가 결정되면 모든 응시자가 알 수 있는 방법으로 공고하고, 합격자에게는 합격사실을 알려야 한다.",KEYWORD_ONLY,keyword match without full direct-evidence combination
01_input\law_body\nodes_paragraph.csv,55b9af7e80aeee548f9af4bab502cca7d7647b1e,document_graph,,,,알려야,제34조(법령 요지 등의 게시 등) 사업주는 이 법과 이 법에 따른 명령의 요지 및 안전보건관리규정을 각 사업장의 근로자가 쉽게 볼 수 있는 장소에 게시하거나 갖추어 두어 근로자에게 널리 알려야 한다.,KEYWORD_ONLY,keyword match without full direct-evidence combination
01_input\law_body\nodes_paragraph.csv,2334a3c135e8d036ea22489b2a80670348cb3111,document_graph,,,,통보하여야,"③ 고용노동부장관은 제1항에 따라 신규화학물질의 유해성ㆍ위험성 조사보고서가 제출되면 고용노동부령으로 정하는 바에 따라 그 신규화학물질의 명칭, 유해성ㆍ위험성, 근로자의 건강장해 예방을 위한 조치 사항 등을 공표하고 관계 부처에 통보하여야 한다.",KEYWORD_ONLY,keyword match without full direct-evidence combination
01_input\law_body\nodes_paragraph.csv,2334a3c135e8d036ea22489b2a80670348cb3111,document_graph,,,,결과 근로자,④ 고용노동부장관은 제1항에 따라 제출된 신규화학물질의 유해성ㆍ위험성 조사보고서를 검토한 결과 근로자의 건강장해 예방을 위하여 필요하다고 인정할 때에는 신규화학물질제조자등에게 시설ㆍ설비를 설치ㆍ정비하고 보호구를 갖추어 두는 등의 조치를 하도록 명할 수 있다.,KEYWORD_ONLY,keyword match without full direct-evidence combination
01_input\law_body\nodes_paragraph.csv,827c451143117f2b200e5c52f8b4bc2c8a3f7503,document_graph,,,,통보하여야,"② 고용노동부장관은 제1항 본문에 따른 승인 신청을 받은 경우 고용노동부령으로 정하는 바에 따라 화학물질의 명칭 및 함유량의 대체 필요성, 대체자료의 적합성 및 물질안전보건자료의 적정성 등을 검토하여 승인 여부를 결정하고 신청인에게 그 결과를 통보하여야 한다.",KEYWORD_ONLY,keyword match without full direct-evidence combination
01_input\law_body\nodes_paragraph.csv,9433cc1042cdbcd504266f1d6eae81d190405e30,document_graph,,,,알려야,"⑥ 사업주는 작업환경측정 결과를 해당 작업장의 근로자(관계수급인 및 관계수급인 근로자를 포함한다. 이하 이 항, 제127조 및 제175조제5항제15호에서 같다)에게 알려야 하며, 그 결과에 따라 근로자의 건강을 보호하기 위하여 해당 시설ㆍ설비의 설치ㆍ개선 또는 건강진단의 실시 등의 조치를 하여야 한다.",KEYWORD_ONLY,keyword match without full direct-evidence combination
01_input\law_body\nodes_paragraph.csv,cd0ffdc806d9f0a9e589c421181993be9f3aee91,document_graph,,,,결과를 근로자,③ 사업주는 제129조부터 제131조까지의 규정에 따른 건강진단의 결과를 근로자의 건강 보호 및 유지 외의 목적으로 사용해서는 아니 된다.,KEYWORD_ONLY,keyword match without full direct-evidence combination
01_input\law_body\nodes_paragraph.csv,cd0ffdc806d9f0a9e589c421181993be9f3aee91,document_graph,,,,결과 근로자,"④ 사업주는 제129조부터 제131조까지의 규정 또는 다른 법령에 따른 건강진단의 결과 근로자의 건강을 유지하기 위하여 필요하다고 인정할 때에는 작업장소 변경, 작업 전환, 근로시간 단축, 야간근로(오후 10시부터 다음 날 오전 6시까지 사이의 근로를 말한다)의 제한, 작업환경측정 또는 시설ㆍ설비의 설치ㆍ개선 등 고용노동부령으로 정하는 바에 따라 적절한 조치를 하여야 한다.",KEYWORD_ONLY,keyword match without full direct-evidence combination
01_input\law_body\nodes_paragraph.csv,2f34373d970db3668580039f6d0f68a53253b216,document_graph,,,,결과를 근로자,① 건강진단기관은 제129조부터 제131조까지의 규정에 따른 건강진단을 실시한 때에는 고용노동부령으로 정하는 바에 따라 그 결과를 근로자 및 사업주에게 통보하고 고용노동부장관에게 보고하여야 한다.,KEYWORD_ONLY,keyword match without full direct-evidence combination
01_input\law_body\nodes_paragraph.csv,2f34373d970db3668580039f6d0f68a53253b216,document_graph,,,,통보하여야,② 제129조제1항 단서에 따라 건강진단을 실시한 기관은 사업주가 근로자의 건강보호를 위하여 그 결과를 요청하는 경우 고용노동부령으로 정하는 바에 따라 그 결과를 사업주에게 통보하여야 한다.,KEYWORD_ONLY,keyword match without full direct-evidence combination
01_input\law_body\nodes_paragraph.csv,3e35312b143afc3dc18491b4645f5ddd6bf56640,document_graph,,,,알려야,"② 근로감독관은 기계ㆍ설비등에 대한 검사를 할 수 있으며, 검사에 필요한 한도에서 무상으로 제품ㆍ원재료 또는 기구를 수거할 수 있다. 이 경우 근로감독관은 해당 사업주 등에게 그 결과를 서면으로 알려야 한다.",KEYWORD_ONLY,keyword match without full direct-evidence combination
01_input\law_body\nodes_paragraph.csv,ba542c92b0cccb04e4862d9ab7b2cd358fbfcb7a,document_graph,,,,통보하여야,"② 제1항에 따라 요청을 받은 관계 행정기관의 장 또는 공공기관의 장은 정당한 사유가 없으면 이에 따라야 하며, 그 조치 결과를 고용노동부장관에게 통보하여야 한다.",KEYWORD_ONLY,keyword match without full direct-evidence combination
01_input\law_body\nodes_paragraph.csv,c2ab4b8f86cc603ef8a91124dfbe83ac1e8a758f,document_graph,,,,알려야,"제39조(회의 결과 등의 공지) 산업안전보건위원회의 위원장은 산업안전보건위원회에서 심의ㆍ의결된 내용 등 회의 결과와 중재 결정된 내용 등을 사내방송이나 사내보(社內報), 게시 또는 자체 정례조회, 그 밖의 적절한 방법으로 근로자에게 신속히 알려야 한다.",KEYWORD_ONLY,keyword match without full direct-evidence combination
01_input\law_body\nodes_paragraph.csv,74c4672e809ac81e49cee00e10e13784db8ae9da,document_graph,,,,알려야,③ 제1항에 따라 안전보건조정자를 두어야 하는 건설공사발주자는 분리하여 발주되는 공사의 착공일 전날까지 제2항에 따라 안전보건조정자를 선임하거나 지정하여 각각의 공사 도급인에게 그 사실을 알려야 한다.,KEYWORD_ONLY,keyword match without full direct-evidence combination
01_input\law_body\nodes_paragraph.csv,c11921523e92b70782f1659b0f3b91488c759d8d,document_graph,,,,알려야,① 고용노동부장관은 법 제160조제1항에 따라 과징금을 부과하려는 경우에는 위반행위의 종류와 해당 과징금의 금액 등을 고용노동부령으로 정하는 바에 따라 구체적으로 밝혀 과징금을 낼 것을 서면으로 알려야 한다.,KEYWORD_ONLY,keyword match without full direct-evidence combination
01_input\law_body\nodes_paragraph.csv,075dd21be6067b32a1ada58da9c95d56013ade2c,document_graph,,,,근로자에게 알; 근로자에게 알려; 알려야,② 사업주는 제1항에 따라 작성한 작업계획서의 내용을 해당 근로자에게 알려야 한다.,KEYWORD_ONLY,keyword match without full direct-evidence combination
01_input\law_body\nodes_paragraph.csv,075dd21be6067b32a1ada58da9c95d56013ade2c,document_graph,,,,근로자에게 주지; 주지시켜,③ 사업주는 항타기나 항발기를 조립ㆍ해체ㆍ변경 또는 이동하는 작업을 하는 경우 그 작업방법과 절차를 정하여 근로자에게 주지시켜야 한다.,KEYWORD_ONLY,keyword match without full direct-evidence combination
01_input\law_body\nodes_paragraph.csv,26fce5403a50609b3e9a88fa297b003c7126c003,document_graph,,,,알려야,"① 사업주는 부상자의 응급처치에 필요한 다음 각 호의 구급용구를 갖추어 두고, 그 장소와 사용방법을 근로자에게 알려야 한다.",KEYWORD_ONLY,keyword match without full direct-evidence combination
01_input\law_body\nodes_paragraph.csv,df6a51cc6477d763325f18589f936464f2551a95,document_graph,,,,주지시켜,제157조(이삿짐운반용 리프트 운전방법의 주지) 사업주는 이삿짐운반용 리프트를 사용하는 근로자에게 운전방법 및 고장이 났을 경우의 조치방법을 주지시켜야 한다.,KEYWORD_ONLY,keyword match without full direct-evidence combination
01_input\law_body\nodes_paragraph.csv,ee6f06fedf07dc108b5f221b97a6ef2ab0350a75,document_graph,,,,근로자에게 주지; 주지시켜,제160조(운전방법 등의 주지) 사업주는 곤돌라의 운전방법 또는 고장이 났을 때의 처치방법을 그 곤돌라를 사용하는 근로자에게 주지시켜야 한다.,KEYWORD_ONLY,keyword match without full direct-evidence combination
01_input\law_body\nodes_paragraph.csv,3d6860d778a6dccdbdae5f7b03936b980009080e,document_graph,,,,근로자에게 알; 근로자에게 알려,"② 사업주는 제1항에 따른 재해발생위험을 관계 근로자에게 신속히 알리기 위한 비상벨 등 통신설비 등을 설치하고, 그 설치장소를 관계 근로자에게 알려 주어야 한다.",KEYWORD_ONLY,keyword match without full direct-evidence combination
01_input\law_body\nodes_paragraph.csv,15d26d72ac1a4dfe623285481dfe4c98cbaa0bf7,document_graph,,,,근로자에게 주지; 주지시켜,① 사업주는 채석작업을 하는 경우에 미리 굴착기계등의 운행경로 및 토석의 적재장소에 대한 출입방법을 정하여 관계 근로자에게 주지시켜야 한다.,KEYWORD_ONLY,keyword match without full direct-evidence combination
01_input\law_body\nodes_paragraph.csv,a896a63f82176d972517f4147b060f9a5310e98f,document_graph,,,,근로자에게 주지; 주지시켜,① 사업주는 벌목작업을 하는 경우에는 일정한 신호방법을 정하여 그 작업에 종사하는 근로자에게 주지시켜야 한다.,KEYWORD_ONLY,keyword match without full direct-evidence combination
01_input\law_body\nodes_paragraph.csv,f688aa0999f14c216ec2496888e09347055300ee,document_graph,,,,알려야,② 사업주는 제1항제7호에 따른 조치를 확인할 수 없는 설비에 대하여 근로자가 그 설비의 내부에 머리를 넣고 작업하지 않도록 하고 작업하는 근로자에게 주의하도록 미리 알려야 한다.,KEYWORD_ONLY,keyword match without full direct-evidence combination
01_input\law_body\nodes_paragraph.csv,fdfe8de37dbd5d3f9cd2206e01ba4a93124cc370,document_graph,,,,근로자에게 알; 근로자에게 알려; 알려야,"제440조(특별관리물질의 고지) 사업주는 근로자가 별표 12에 따른 특별관리물질을 취급하는 경우에는 그 물질이 특별관리물질이라는 사실과 「산업안전보건법 시행규칙」 별표 18 제1호나목에 따른 발암성 물질, 생식세포 변이원성 물질 또는 생식독성 물질 등 중 어느 것에 해당하는지에 관한 내용을 게시판 등을 통하여 근로자에게 알려야 한다. <개정 2019.12.26>",KEYWORD_ONLY,keyword match without full direct-evidence combination
01_input\law_body\nodes_paragraph.csv,5b3c8aa7efb5d1f342892b30895540de5f30ebe1,document_graph,,,,근로자에게 알; 근로자에게 알려; 알려야,① 사업주는 관리대상 유해물질을 취급하는 작업에 근로자를 종사하도록 하는 경우에 근로자를 작업에 배치하기 전에 다음 각 호의 사항을 근로자에게 알려야 한다.,KEYWORD_ONLY,keyword match without full direct-evidence combination
01_input\law_body\nodes_paragraph.csv,5b3c8aa7efb5d1f342892b30895540de5f30ebe1,document_graph,,,,근로자에게 알; 근로자에게 알려; 알려야,"② 사업주는 근로자가 별표 12 제1호13)ㆍ46)ㆍ59)ㆍ71)ㆍ101)ㆍ111)의 물질을 취급하는 경우에 근로자가 작업을 시작하기 전에 해당 물질이 급성 독성을 일으키는 물질임을 근로자에게 알려야 한다. <개정 2019.4.19, 2019.12.26, 2022.10.18>",KEYWORD_ONLY,keyword match without full direct-evidence combination
01_input\law_body\nodes_paragraph.csv,d7c413361a87eb9f782124ae459672d06a5b5c23,document_graph,,,,근로자에게 알; 근로자에게 알려; 알려야,"제486조(직업성 질병의 주지) 사업주는 석면으로 인한 직업성 질병의 발생 원인, 재발 방지 방법 등을 석면을 취급하는 근로자에게 알려야 한다.",KEYWORD_ONLY,keyword match without full direct-evidence combination
01_input\law_body\nodes_paragraph.csv,71811c025baae84f5ba210504daedbf9b8f0aeab,document_graph,,,,근로자에게 알; 근로자에게 알려; 알려야,"② 사업주는 제1항에 따른 석면해체ㆍ제거작업 계획을 수립한 경우에 이를 해당 근로자에게 알려야 하며, 작업장에 대한 석면조사 방법 및 종료일자, 석면조사 결과의 요지를 해당 근로자가 보기 쉬운 장소에 게시하여야 한다. <개정 2012.3.5>",KEYWORD_ONLY,keyword match without full direct-evidence combination
01_input\law_body\nodes_paragraph.csv,9ebd6fcf22c010e7b5770ccf803f299e83a32d5e,document_graph,,,,알려야,② 사업주는 기압조절실에서 고압작업자 또는 잠수작업자에게 감압을 하는 경우에 그 감압에 필요한 시간을 해당 고압작업자 또는 잠수작업자에게 미리 알려야 한다. <개정 2017.12.28>,KEYWORD_ONLY,keyword match without full direct-evidence combination
01_input\law_body\nodes_paragraph.csv,b357f870f5f1df18133e03d10520fa19e661922c,document_graph,,,,근로자에게 알,"① 사업주는 고압작업을 하는 경우에 대기압을 초과하는 기압에서의 가연성물질의 연소위험성에 대하여 근로자에게 알리고, 고압작업자의 화상이나 그 밖의 위험을 방지하기 위하여 다음 각 호의 조치를 하여야 한다.",KEYWORD_ONLY,keyword match without full direct-evidence combination
01_input\law_body\nodes_paragraph.csv,d9975a6216c34b597eadc360dd7db3149eb28678,document_graph,,,,알려야,"③ 사업주는 호흡용 기체통 및 비상기체통의 기능의 이상 유무 및 해당 기체통에 저장된 호흡용 기체량 등을 확인하여 그 내용을 잠수작업자에게 알려야 하며, 이상이 있는 호흡용 기체통이나 비상기체통을 잠수작업자에게 제공해서는 아니 된다.",KEYWORD_ONLY,keyword match without full direct-evidence combination
01_input\law_body\nodes_paragraph.csv,a49a3704979eba3ca48db641d33d1461c4136bb1,document_graph,,,,근로자에게 알; 근로자에게 알려; 알려야,"제591조(유해성 등의 주지) 사업주는 근로자가 방사선업무를 하는 경우에 방사선이 인체에 미치는 영향, 안전한 작업방법, 건강관리 요령 등에 관한 내용을 근로자에게 알려야 한다.",KEYWORD_ONLY,keyword match without full direct-evidence combination
01_input\law_body\nodes_paragraph.csv,97c95b7d82be3de53951e06d09b1869d64fb81a7,document_graph,,,,근로자에게 알; 근로자에게 알려; 알려야,③ 사업주는 제1항과 제2항에 따른 조사 결과와 조치 내용을 즉시 해당 근로자에게 알려야 한다.,KEYWORD_ONLY,keyword match without full direct-evidence combination
01_input\law_body\nodes_paragraph.csv,e2db8c60466924b1fce707c0661c0ed99bed02cc,document_graph,,,,알려야,"② 제1항에 따른 감시인은 밀폐공간에 종사하는 근로자에게 이상이 있을 경우에 지체 없이 사업장 소재지를 관할하는 소방관서에 신고하고, 해당 소방관서의 장의 협조를 받아 적절한 조치를 한 후 이를 즉시 사업주 및 관리감독자에게 알려야 한다. <개정 2025.12.1>",KEYWORD_ONLY,keyword match without full direct-evidence combination
01_input\law_body\nodes_paragraph.csv,660f3ea92f1e1f2268d44a9724047968895aebd5,document_graph,,,,근로자에게 알,"제652조(건물 개ㆍ보수 시 공기오염 관리) 사업주는 건물 개ㆍ보수 중 사무실의 공기질이 악화될 우려가 있을 경우에 그 작업내용을 근로자에게 알리고 공사장소를 격리하거나, 사무실오염물질의 억제 및 청소 등 적절한 조치를 하여야 한다.",KEYWORD_ONLY,keyword match without full direct-evidence combination
01_input\law_body\nodes_paragraph.csv,76867cce9a0dc0c0e1e628f02c84761702526cda,document_graph,,,,근로자에게 알; 근로자에게 알려; 알려야,① 사업주는 근로자가 근골격계부담작업을 하는 경우에 다음 각 호의 사항을 근로자에게 알려야 한다.,KEYWORD_ONLY,keyword match without full direct-evidence combination
01_input\law_body\nodes_paragraph.csv,76867cce9a0dc0c0e1e628f02c84761702526cda,document_graph,,,,근로자에게 알; 근로자에게 알려; 알려야,"② 사업주는 제657조제1항과 제2항에 따른 유해요인 조사 및 그 결과, 제658조에 따른 조사방법 등을 해당 근로자에게 알려야 한다.",KEYWORD_ONLY,keyword match without full direct-evidence combination
01_input\law_body\nodes_paragraph.csv,76867cce9a0dc0c0e1e628f02c84761702526cda,document_graph,,,,근로자에게 알; 근로자에게 알려; 알려야,③ 사업주는 근로자대표의 요구가 있으면 설명회를 개최하여 제657조제2항제1호에 따른 유해요인 조사 결과를 해당 근로자와 같은 방법으로 작업하는 근로자에게 알려야 한다. <신설 2017.12.28>,KEYWORD_ONLY,keyword match without full direct-evidence combination
01_input\law_body\nodes_paragraph.csv,6e4e8dda57531e7dba58c0914fcf603523ae0a2c,document_graph,,,,알려야,제666조(작업자세 등) 사업주는 근로자가 중량물을 인력으로 들어올리는 작업을 하는 경우에 무게중심을 낮추거나 대상물에 몸을 밀착하도록 하는 등 근로자에게 신체의 부담을 줄일 수 있는 자세에 대하여 알려야 한다. <개정 2024.6.28>,KEYWORD_ONLY,keyword match without full direct-evidence combination
01_input\law_body\nodes_paragraph.csv,fa2a01be10bf782cb4201cf5897b9190cd69f8ea,document_graph,,,,근로자에게 알,"② 사업주는 근로자가 농약원재료를 배합하는 작업을 하는 경우에 측정용기, 깔때기, 섞는 기구 등 배합기구들의 사용방법과 배합비율 등을 근로자에게 알리고, 농약원재료의 분진이나 미스트의 발생을 최소화하여야 한다.",KEYWORD_ONLY,keyword match without full direct-evidence combination
01_input\law_body\nodes_subitem.csv,399910cd54e165969d563e5c604d5c827ef2479e,document_graph,,,,주지시켜,"b11ce77ef46e684f89e9b4005746832284dffa87 399910cd54e165969d563e5c604d5c827ef2479e 다. 다. 방호구역등에 출입하는 근로자를 대상으로 이산화탄소의 위험성, 소화설비의 작동 시 확인방법, 대피방법, 대피로 등을 주지시키기 위해 반기 1회 이상 교육을 실시할 것. 다만, 처음 출입하는 근로자에 대해서는 출입 전에 교육을 하여 그 내용을 주지시켜야 한다.",KEYWORD_ONLY,keyword match without full direct-evidence combination
graph_rag_knowledgement\document_graph\nodes\nodes_article.csv,679dd7bcab9d282e7754bfdf73c6e32d4b05ac57,document_graph,,,형 확정 사실의 통보,통보하여야,"형 확정 사실의 통보 제12조(형 확정 사실의 통보) 법무부장관은 제6조, 제7조, 제10조 또는 제11조에 따른 범죄의 형이 확정되면 그 범죄사실을 관계 행정기관의 장에게 통보하여야 한다.",KEYWORD_ONLY,keyword match without full direct-evidence combination
graph_rag_knowledgement\document_graph\nodes\nodes_article.csv,857c43948db8c415bdac787a737c5c5c98ccbda8,document_graph,,,확인 및 결과 통보,알려야,확인 및 결과 통보 제152조(확인 및 결과 통보) 고용노동부장관은 제148조제2항(제149조제3항 및 제150조제2항에서 준용하는 경우를 포함한다)에 따른 신청서가 제출된 경우에는 이를 지체 없이 확인한 후 접수된 날부터 20일 이내에 그 결과를 해당 신청인에게 알려야 한다.,KEYWORD_ONLY,keyword match without full direct-evidence combination
graph_rag_knowledgement\document_graph\nodes\nodes_article.csv,8a764da8bdd880981e573ea8c4938bfadb482c34,document_graph,,,합격자의 공고,알려야,"합격자의 공고 제228조(합격자의 공고) 한국산업인력공단은 영 제105조에 따라 지도사 자격시험의 최종합격자가 결정되면 모든 응시자가 알 수 있는 방법으로 공고하고, 합격자에게는 합격사실을 알려야 한다.",KEYWORD_ONLY,keyword match without full direct-evidence combination
graph_rag_knowledgement\document_graph\nodes\nodes_article.csv,55b9af7e80aeee548f9af4bab502cca7d7647b1e,document_graph,,,법령 요지 등의 게시 등,알려야,법령 요지 등의 게시 등 제34조(법령 요지 등의 게시 등) 사업주는 이 법과 이 법에 따른 명령의 요지 및 안전보건관리규정을 각 사업장의 근로자가 쉽게 볼 수 있는 장소에 게시하거나 갖추어 두어 근로자에게 널리 알려야 한다.,KEYWORD_ONLY,keyword match without full direct-evidence combination
graph_rag_knowledgement\document_graph\nodes\nodes_article.csv,a01dd3331d442d8b8a9633b079f3014aea285b1c,document_graph,,,위험성평가의 실시,위험성평가,위험성평가의 실시 제36조(위험성평가의 실시),KEYWORD_ONLY,keyword match without full direct-evidence combination
graph_rag_knowledgement\document_graph\nodes\nodes_article.csv,c2ab4b8f86cc603ef8a91124dfbe83ac1e8a758f,document_graph,,,회의 결과 등의 공지,알려야,"회의 결과 등의 공지 제39조(회의 결과 등의 공지) 산업안전보건위원회의 위원장은 산업안전보건위원회에서 심의ㆍ의결된 내용 등 회의 결과와 중재 결정된 내용 등을 사내방송이나 사내보(社內報), 게시 또는 자체 정례조회, 그 밖의 적절한 방법으로 근로자에게 신속히 알려야 한다.",KEYWORD_ONLY,keyword match without full direct-evidence combination
graph_rag_knowledgement\document_graph\nodes\nodes_article.csv,df6a51cc6477d763325f18589f936464f2551a95,document_graph,,,이삿짐운반용 리프트 운전방법의 주지,주지시켜,이삿짐운반용 리프트 운전방법의 주지 제157조(이삿짐운반용 리프트 운전방법의 주지) 사업주는 이삿짐운반용 리프트를 사용하는 근로자에게 운전방법 및 고장이 났을 경우의 조치방법을 주지시켜야 한다.,KEYWORD_ONLY,keyword match without full direct-evidence combination
graph_rag_knowledgement\document_graph\nodes\nodes_article.csv,ee6f06fedf07dc108b5f221b97a6ef2ab0350a75,document_graph,,,운전방법 등의 주지,근로자에게 주지; 주지시켜,운전방법 등의 주지 제160조(운전방법 등의 주지) 사업주는 곤돌라의 운전방법 또는 고장이 났을 때의 처치방법을 그 곤돌라를 사용하는 근로자에게 주지시켜야 한다.,KEYWORD_ONLY,keyword match without full direct-evidence combination
graph_rag_knowledgement\document_graph\nodes\nodes_article.csv,fdfe8de37dbd5d3f9cd2206e01ba4a93124cc370,document_graph,,,특별관리물질의 고지,근로자에게 알; 근로자에게 알려; 알려야,"특별관리물질의 고지 제440조(특별관리물질의 고지) 사업주는 근로자가 별표 12에 따른 특별관리물질을 취급하는 경우에는 그 물질이 특별관리물질이라는 사실과 「산업안전보건법 시행규칙」 별표 18 제1호나목에 따른 발암성 물질, 생식세포 변이원성 물질 또는 생식독성 물질 등 중 어느 것에 해당하는지에 관한 내용을 게시판 등을 통하여 근로자에게 알려야 한다. <개정 2019.12.26>",KEYWORD_ONLY,keyword match without full direct-evidence combination
graph_rag_knowledgement\document_graph\nodes\nodes_article.csv,8ecff689a5c3eb9b692524b59f82dc1b08d276c2,document_graph,,,유해성 등의 주지,근로자에게 알; 근로자에게 알려; 알려야,유해성 등의 주지 제460조(유해성 등의 주지) 사업주는 근로자가 허가대상 유해물질을 제조하거나 사용하는 경우에 다음 각 호의 사항을 근로자에게 알려야 한다.,KEYWORD_ONLY,keyword match without full direct-evidence combination
graph_rag_knowledgement\document_graph\nodes\nodes_article.csv,75b4de455b460b62640199a6a74d779f19cb8a2e,document_graph,,,작업수칙,근로자에게 알; 근로자에게 알려; 알려야,"작업수칙 제462조(작업수칙) 사업주는 근로자가 허가대상 유해물질(베릴륨 및 석면은 제외한다)을 제조ㆍ사용하는 경우에 다음 각 호의 사항에 관한 작업수칙을 정하고, 이를 해당 작업근로자에게 알려야 한다.",KEYWORD_ONLY,keyword match without full direct-evidence combination
graph_rag_knowledgement\document_graph\nodes\nodes_article.csv,f4c5f4f57dfd01f7cd75b7f436d2ebf27191ce7d,document_graph,,,작업수칙,근로자에게 알; 근로자에게 알려; 알려야,작업수칙 제476조(작업수칙) 사업주는 베릴륨의 제조ㆍ사용 작업에 근로자를 종사하도록 하는 경우에 베릴륨 분진의 발산과 근로자의 오염을 방지하기 위하여 다음 각 호의 사항에 관한 작업수칙을 정하고 이를 해당 작업근로자에게 알려야 한다.,KEYWORD_ONLY,keyword match without full direct-evidence combination
graph_rag_knowledgement\document_graph\nodes\nodes_article.csv,d7c413361a87eb9f782124ae459672d06a5b5c23,document_graph,,,직업성 질병의 주지,근로자에게 알; 근로자에게 알려; 알려야,"직업성 질병의 주지 제486조(직업성 질병의 주지) 사업주는 석면으로 인한 직업성 질병의 발생 원인, 재발 방지 방법 등을 석면을 취급하는 근로자에게 알려야 한다.",KEYWORD_ONLY,keyword match without full direct-evidence combination
graph_rag_knowledgement\document_graph\nodes\nodes_article.csv,e50c6dd4a0689c46bd26f0bf5fdd9ab4b3c62d8d,document_graph,,,유해성 등의 주지,근로자에게 알; 근로자에게 알려; 알려야,유해성 등의 주지 제502조(유해성 등의 주지) 사업주는 근로자가 금지유해물질을 제조ㆍ사용하는 경우에 다음 각 호의 사항을 근로자에게 알려야 한다.,KEYWORD_ONLY,keyword match without full direct-evidence combination
graph_rag_knowledgement\document_graph\nodes\nodes_article.csv,0a290cdf12c82af6f05d299bfe50851ff9be0db2,document_graph,,,소음수준의 주지 등,근로자에게 알; 근로자에게 알려; 알려야,"소음수준의 주지 등 제514조(소음수준의 주지 등) 사업주는 근로자가 소음작업, 강렬한 소음작업 또는 충격소음작업에 종사하는 경우에 다음 각 호의 사항을 근로자에게 알려야 한다.",KEYWORD_ONLY,keyword match without full direct-evidence combination
graph_rag_knowledgement\document_graph\nodes\nodes_article.csv,0eaeec4990fdcb2959d4b72674a0929288d6a8e4,document_graph,,,유해성 등의 주지,알려야,유해성 등의 주지 제519조(유해성 등의 주지) 사업주는 근로자가 진동작업에 종사하는 경우에 다음 각 호의 사항을 근로자에게 충분히 알려야 한다. <개정 2024.6.28>,KEYWORD_ONLY,keyword match without full direct-evidence combination
graph_rag_knowledgement\document_graph\nodes\nodes_article.csv,a49a3704979eba3ca48db641d33d1461c4136bb1,document_graph,,,유해성 등의 주지,근로자에게 알; 근로자에게 알려; 알려야,"유해성 등의 주지 제591조(유해성 등의 주지) 사업주는 근로자가 방사선업무를 하는 경우에 방사선이 인체에 미치는 영향, 안전한 작업방법, 건강관리 요령 등에 관한 내용을 근로자에게 알려야 한다.",KEYWORD_ONLY,keyword match without full direct-evidence combination
graph_rag_knowledgement\document_graph\nodes\nodes_article.csv,44ccca4772ab4741fcbe64030900558a22c2af57,document_graph,,,유해성 등의 주지,근로자에게 알; 근로자에게 알려; 알려야,유해성 등의 주지 제595조(유해성 등의 주지) 사업주는 근로자가 병원체에 노출될 수 있는 위험이 있는 작업을 하는 경우에 다음 각 호의 사항을 근로자에게 알려야 한다.,KEYWORD_ONLY,keyword match without full direct-evidence combination
graph_rag_knowledgement\document_graph\nodes\nodes_article.csv,ac73c6e034d3553f6736b48b4f211bf6b9b5ffaf,document_graph,,,분진의 유해성 등의 주지,근로자에게 알; 근로자에게 알려; 알려야,분진의 유해성 등의 주지 제614조(분진의 유해성 등의 주지) 사업주는 근로자가 상시 분진작업에 관련된 업무를 하는 경우에 다음 각 호의 사항을 근로자에게 알려야 한다.,KEYWORD_ONLY,keyword match without full direct-evidence combination
graph_rag_knowledgement\document_graph\nodes\nodes_article.csv,8bc71267d0e0eb94f99bd84617c36c146827d57e,document_graph,,,안전한 작업방법 등의 주지,알려야,"안전한 작업방법 등의 주지 제641조(안전한 작업방법 등의 주지) 사업주는 근로자가 밀폐공간에서 작업을 하는 경우에 작업을 시작하기 전에 다음 각 호의 사항을 작업근로자(제623조에 따른 감시인을 포함한다. 이하 이 조에서 같다)에게 알려야 한다. 이 경우 사업주는 작업근로자에 대하여 다음 각 호의 사항의 숙지여부를 확인하고 필요한 교육을 실시해야 한다. <개정 2019.12.26, 2025.12.1>",KEYWORD_ONLY,keyword match without full direct-evidence combination
graph_rag_knowledgement\document_graph\nodes\nodes_article.csv,660f3ea92f1e1f2268d44a9724047968895aebd5,document_graph,,,건물 개ㆍ보수 시 공기오염 관리,근로자에게 알,"건물 개ㆍ보수 시 공기오염 관리 제652조(건물 개ㆍ보수 시 공기오염 관리) 사업주는 건물 개ㆍ보수 중 사무실의 공기질이 악화될 우려가 있을 경우에 그 작업내용을 근로자에게 알리고 공사장소를 격리하거나, 사무실오염물질의 억제 및 청소 등 적절한 조치를 하여야 한다.",KEYWORD_ONLY,keyword match without full direct-evidence combination
graph_rag_knowledgement\document_graph\nodes\nodes_article.csv,36c29ab64de5b4314c896877a3cb7e465a3e15f2,document_graph,,,유해성 등의 주지,근로자에게 알; 근로자에게 알려; 알려야,"유해성 등의 주지 제655조(유해성 등의 주지) 사업주는 근로자가 공기정화설비등의 청소, 개ㆍ보수 작업을 하는 경우에 다음 각 호의 사항을 근로자에게 알려야 한다.",KEYWORD_ONLY,keyword match without full direct-evidence combination
graph_rag_knowledgement\document_graph\nodes\nodes_article.csv,6e4e8dda57531e7dba58c0914fcf603523ae0a2c,document_graph,,,작업자세 등,알려야,작업자세 등 제666조(작업자세 등) 사업주는 근로자가 중량물을 인력으로 들어올리는 작업을 하는 경우에 무게중심을 낮추거나 대상물에 몸을 밀착하도록 하는 등 근로자에게 신체의 부담을 줄일 수 있는 자세에 대하여 알려야 한다. <개정 2024.6.28>,KEYWORD_ONLY,keyword match without full direct-evidence combination
graph_rag_knowledgement\document_graph\nodes\nodes_item.csv,a9bc062ccff9b3d66053a2f18dc1c3e2b292cb4f,document_graph,,,,위험성평가,8dc8475218d9032ebc7fb0e31b11f02cdafd5499 1. 1. 위험성평가 대상의 유해ㆍ위험요인,KEYWORD_ONLY,keyword match without full direct-evidence combination
graph_rag_knowledgement\document_graph\nodes\nodes_item.csv,a9bc062ccff9b3d66053a2f18dc1c3e2b292cb4f,document_graph,,,,위험성평가,aa39b7da7c707e02fe6eec590eb60f36fb4c7cb2 4. 4. 그 밖에 위험성평가의 실시내용을 확인하기 위하여 필요한 사항으로서 고용노동부장관이 정하여 고시하는 사항,KEYWORD_ONLY,keyword match without full direct-evidence combination
graph_rag_knowledgement\document_graph\nodes\nodes_item.csv,a947c2f1bb1550e5714f0e0cdb0a1fe86d150cb1,document_graph,,,,위험성평가,55d196ead687e0712c0ee43182e915575cbeafa5 4. 4. 작업장에서의 법 제36조에 따른 위험성평가의 실시에 관한 사항,KEYWORD_ONLY,keyword match without full direct-evidence combination
graph_rag_knowledgement\document_graph\nodes\nodes_item.csv,1d2223776b70e69866e6d444ed9bc9cc70d4f878,document_graph,,,,근로자에게 알,e1df911745a376f23b565d4b4f13c68d7c19e23c 15. 15. 제125조제6항을 위반하여 작업환경측정 결과를 해당 작업장 근로자에게 알리지 아니한 자,KEYWORD_ONLY,keyword match without full direct-evidence combination
graph_rag_knowledgement\document_graph\nodes\nodes_item.csv,cbe140c985d81420d45f1ad9831f7d53e047463f,document_graph,,,,위험성평가,01858e27e8f5978a5ebe27d98d11be9a96f5cc3e 6. 6. 법 제36조에 따라 실시되는 위험성평가에 관한 다음 각 목의 업무,KEYWORD_ONLY,keyword match without full direct-evidence combination
graph_rag_knowledgement\document_graph\nodes\nodes_item.csv,f1c61a4a15a8d354cd21081bb9fa71909067c73f,document_graph,,,,위험성평가,f88aa14c0586c88baf15f8fb2aea2f5bc9afe8fd 2. 2. 법 제36조에 따른 위험성평가에 관한 보좌 및 지도ㆍ조언,KEYWORD_ONLY,keyword match without full direct-evidence combination
graph_rag_knowledgement\document_graph\nodes\nodes_item.csv,eaa7e3ad585ed2d9b458b543775ef4ffe0626d0d,document_graph,,,,위험성평가,53e5855ed2388fd43ee685ac6c2af2348985caec 3. 3. 법 제36조에 따른 위험성평가에 관한 보좌 및 지도ㆍ조언,KEYWORD_ONLY,keyword match without full direct-evidence combination
graph_rag_knowledgement\document_graph\nodes\nodes_item.csv,3f3d3cff9837425ed4738d87cd6137f88c146d2e,document_graph,,,,위험성평가,4651e319a18d29b0af11fb3d51abb514da6c79de 2. 2. 법 제36조에 따른 위험성평가에 관한 보좌 및 지도ㆍ조언,KEYWORD_ONLY,keyword match without full direct-evidence combination
graph_rag_knowledgement\document_graph\nodes\nodes_item.csv,70cdadc93b31f661b3e98ae827e494d84b2ddd1e,document_graph,,,,위험성평가,f27197c785afa27eebde5fbbc116aeaca7615075 1. 1. 법 제36조에 따른 위험성평가의 실시에 관한 사항,KEYWORD_ONLY,keyword match without full direct-evidence combination
graph_rag_knowledgement\document_graph\nodes\nodes_item.csv,88ac6e30d9311441176a0de45faeb4efc9af32f0,document_graph,,,,위험성평가,893fb6c20adad52f19a0133ef0215db42c99c026 1. 1. 법 제36조에 따른 위험성평가의 지도,KEYWORD_ONLY,keyword match without full direct-evidence combination
graph_rag_knowledgement\document_graph\nodes\nodes_item.csv,168816303a7cf5a6ed295d081b48663f3970f7d7,document_graph,,,,위험성평가,27dc2ba0cf1b85dbf3fcc37fa5a8cb2360648f8d 1. 1. 법 제36조에 따른 위험성평가의 지도,KEYWORD_ONLY,keyword match without full direct-evidence combination
graph_rag_knowledgement\document_graph\nodes\nodes_item.csv,9a44dacb751e1bfce26fcd63d32a60a7f3428799,document_graph,,,,위험성평가,4898cbd93712a7c6e0efe83851bed5fd3bb51859 7. 7. 법 제36조에 따른 위험성평가에 관한 지원 업무,KEYWORD_ONLY,keyword match without full direct-evidence combination
graph_rag_knowledgement\document_graph\nodes\nodes_item.csv,88adab5542929c915c3f2aac6b7eb3f54847161b,document_graph,,,,근로자에게 주지,77677f33c7821dbea449bf9df5127ae83e0b7f51 2. 2. 조립ㆍ해체 또는 변경의 시기ㆍ범위 및 절차를 그 작업에 종사하는 근로자에게 주지시킬 것,KEYWORD_ONLY,keyword match without full direct-evidence combination
graph_rag_knowledgement\document_graph\nodes\nodes_item.csv,d9a3ffe27380e6c2c1898c2e84595ea0f4d7beac,document_graph,,,,근로자에게 주지,"18c6dfc1542391c21baefc74c2cacb1c27112e31 6. 6. 작업발판에는 제조사가 정한 최대적재하중을 초과하여 적재해서는 아니 되며, 최대적재하중이 표기된 표지판을 부착하고 근로자에게 주지시키도록 할 것",KEYWORD_ONLY,keyword match without full direct-evidence combination
graph_rag_knowledgement\document_graph\nodes\nodes_item.csv,cdc57a2bc01a448a68ac9bfabc3a578239d661f3,document_graph,,,,근로자에게 주지,3aecbd8a229d6f8d68db56172bee9e3e4b3929c7 1. 1. 조립등의 범위 및 작업절차를 미리 그 작업에 종사하는 근로자에게 주지시킬 것,KEYWORD_ONLY,keyword match without full direct-evidence combination
graph_rag_knowledgement\document_graph\nodes\nodes_item.csv,aaf16ccd28f13bcfa57921bffc01b88a0239f7c6,document_graph,,,,결과 근로자,"ae05208c0e03bdc354d203f233bee0b19cd05f1b 1. 1. 굴착기계등의 사용으로 가스도관, 지중전선로, 그 밖에 지하에 위치한 공작물이 파손되어 그 결과 근로자가 위험해질 우려가 있는 경우에는 그 기계를 사용한 굴착작업을 중지할 것",KEYWORD_ONLY,keyword match without full direct-evidence combination
graph_rag_knowledgement\document_graph\nodes\nodes_item.csv,aaf16ccd28f13bcfa57921bffc01b88a0239f7c6,document_graph,,,,근로자에게 주지,f3669c109474d883f48aa2a1c2c3e414f24a7eb7 2. 2. 굴착기계등의 운행경로 및 토석(土石) 적재장소의 출입방법을 정하여 관계 근로자에게 주지시킬 것,KEYWORD_ONLY,keyword match without full direct-evidence combination
graph_rag_knowledgement\document_graph\nodes\nodes_item.csv,20da65c2c662907dfc7cb44ee309a7163effd94d,document_graph,,,,근로자에게 알,085e625310bc36a68d95eb153d9e1af428657e59 1. 1. 열차운행 중에 열차에 뛰어오르거나 뛰어내리지 않도록 근로자에게 알릴 것,KEYWORD_ONLY,keyword match without full direct-evidence combination
graph_rag_knowledgement\document_graph\nodes\nodes_item.csv,1143d61ded13c37e16919274c4cd6378539bd2b7,document_graph,,,,근로자에게 알,9ead1feb6ab1561cf42bd52400af4629186216d6 1. 1. 작업 방법 및 순서를 정하여 이를 미리 해당 작업에 종사하는 근로자에게 알릴 것,KEYWORD_ONLY,keyword match without full direct-evidence combination
graph_rag_knowledgement\document_graph\nodes\nodes_paragraph.csv,679dd7bcab9d282e7754bfdf73c6e32d4b05ac57,document_graph,,,,통보하여야,"제12조(형 확정 사실의 통보) 법무부장관은 제6조, 제7조, 제10조 또는 제11조에 따른 범죄의 형이 확정되면 그 범죄사실을 관계 행정기관의 장에게 통보하여야 한다.",KEYWORD_ONLY,keyword match without full direct-evidence combination
graph_rag_knowledgement\document_graph\nodes\nodes_paragraph.csv,7bf78eeb682c38649abf2854db4845181bb43b1f,document_graph,,,,알려야,⑤ 제4항에 따라 평가 결과를 통보받은 평가대상기관은 평가 결과를 통보받은 날부터 7일 이내에 서면으로 공단에 이의신청을 할 수 있다. 이 경우 공단은 이의신청을 받은 날부터 14일 이내에 이의신청에 대한 처리결과를 해당 기관에 서면으로 알려야 한다.,KEYWORD_ONLY,keyword match without full direct-evidence combination
graph_rag_knowledgement\document_graph\nodes\nodes_paragraph.csv,a0ed0194af5ef075d293c9e03f56d3db11b2ee90,document_graph,,,,알려야,② 직무교육기관의 장은 직무교육을 실시하기 15일 전까지 교육 일시 및 장소 등을 직무교육 대상자에게 알려야 한다.,KEYWORD_ONLY,keyword match without full direct-evidence combination
graph_rag_knowledgement\document_graph\nodes\nodes_paragraph.csv,04679e407db7a9c7ece721d37fce005e70c87671,document_graph,,,,알려야,"① 공단은 제42조에 따른 유해위험방지계획서 및 그 첨부서류를 접수한 경우에는 접수일부터 15일 이내에 심사하여 사업주에게 그 결과를 알려야 한다. 다만, 제42조제6항에 따라 자체심사 및 확인업체가 유해위험방지계획서 자체심사서를 제출한 경우에는 심사를 하지 않을 수 있다.",KEYWORD_ONLY,keyword match without full direct-evidence combination
graph_rag_knowledgement\document_graph\nodes\nodes_paragraph.csv,cc26970c3ccf6759f3d1271a321b6665e92316bb,document_graph,,,,알려야,① 지방고용노동관서의 장이 제61조에 따른 안전보건개선계획서를 접수한 경우에는 접수일부터 15일 이내에 심사하여 사업주에게 그 결과를 알려야 한다.,KEYWORD_ONLY,keyword match without full direct-evidence combination
graph_rag_knowledgement\document_graph\nodes\nodes_paragraph.csv,4d153878e32e00858694184f59632ea2c1c1984e,document_graph,,,,알려야,② 사업주는 제1항에 따라 사용중지명령서등을 받은 경우에는 관계 근로자에게 해당 사항을 알려야 한다.,KEYWORD_ONLY,keyword match without full direct-evidence combination
graph_rag_knowledgement\document_graph\nodes\nodes_paragraph.csv,f91572d723d2b7c254bd65a3f247f34f8d109dce,document_graph,,,,알려야,"④ 안전인증기관은 제1항 및 제2항에 따라 확인한 결과 법 제87조제1항 각 호의 어느 하나에 해당하는 사실을 확인한 경우에는 그 사실을 증명할 수 있는 서류를 첨부하여 유해ㆍ위험기계등을 제조하는 사업장의 소재지(제품의 제조자가 외국에 있는 경우에는 그 대리인의 소재지로 하되, 대리인이 없는 경우에는 그 안전인증기관의 소재지로 한다)를 관할하는 지방고용노동관서의 장에게 지체 없이 알려야 한다.",KEYWORD_ONLY,keyword match without full direct-evidence combination
graph_rag_knowledgement\document_graph\nodes\nodes_paragraph.csv,3a806b0f882554420a789812c58d2b0e3b3b6a47,document_graph,,,,알려야,① 지방고용노동관서의 장은 법 제87조제2항에 따른 수거ㆍ파기명령을 할 때에는 그 사유와 이행에 필요한 기간을 정하여 제조ㆍ수입ㆍ양도ㆍ대여하는 자에게 알려야 한다.,KEYWORD_ONLY,keyword match without full direct-evidence combination
graph_rag_knowledgement\document_graph\nodes\nodes_paragraph.csv,1965e246f67cf8d096e06e041ef4a484500a50de,document_graph,,,,알려야,① 지방고용노동관서의 장은 법 제92조제2항에 따른 수거ㆍ파기명령을 할 때에는 그 사유와 이행에 필요한 기간을 정하여 제조ㆍ수입ㆍ양도 또는 대여하는 자에게 알려야 한다.,KEYWORD_ONLY,keyword match without full direct-evidence combination
graph_rag_knowledgement\document_graph\nodes\nodes_paragraph.csv,857c43948db8c415bdac787a737c5c5c98ccbda8,document_graph,,,,알려야,제152조(확인 및 결과 통보) 고용노동부장관은 제148조제2항(제149조제3항 및 제150조제2항에서 준용하는 경우를 포함한다)에 따른 신청서가 제출된 경우에는 이를 지체 없이 확인한 후 접수된 날부터 20일 이내에 그 결과를 해당 신청인에게 알려야 한다.,KEYWORD_ONLY,keyword match without full direct-evidence combination
graph_rag_knowledgement\document_graph\nodes\nodes_paragraph.csv,7d6b88e887e28967adeff17d2e9799414a26acb2,document_graph,,,,알려야,② 공단은 부득이한 사유로 제1항에 따른 기간 이내에 승인 여부를 결정할 수 없을 때에는 10일의 범위 내에서 통보 기한을 연장할 수 있다. 이 경우 연장 사실 및 연장 사유를 신청인에게 지체 없이 알려야 한다.,KEYWORD_ONLY,keyword match without full direct-evidence combination
graph_rag_knowledgement\document_graph\nodes\nodes_paragraph.csv,f5197c0e5e1c399b72a5aaff52de1375602e159d,document_graph,,,,알려야,"② 지방고용노동관서의 장은 제1항에 따라 제조ㆍ수입 또는 사용 승인신청서가 접수된 경우에는 다음 각 호의 사항을 심사하여 신청서가 접수된 날부터 20일 이내에 별지 제71호서식의 승인서를 신청인에게 발급하거나 불승인 사실을 알려야 한다. 다만, 수입승인은 해당 물질에 대하여 사용승인을 했거나 사용승인을 하는 경우에만 할 수 있다.",KEYWORD_ONLY,keyword match without full direct-evidence combination
graph_rag_knowledgement\document_graph\nodes\nodes_paragraph.csv,0ef60f1cc3080181b1bec48ad06d4853f6a4dd36,document_graph,,,,알려야,② 지방고용노동관서의 장은 제1항에 따라 제조ㆍ사용허가신청서가 접수되면 다음 각 호의 사항을 심사하여 신청서가 접수된 날부터 20일 이내에 별지 제73호서식의 허가증을 신청인에게 발급하거나 불허가 사실을 알려야 한다.,KEYWORD_ONLY,keyword match without full direct-evidence combination
graph_rag_knowledgement\document_graph\nodes\nodes_paragraph.csv,8a764da8bdd880981e573ea8c4938bfadb482c34,document_graph,,,,알려야,"제228조(합격자의 공고) 한국산업인력공단은 영 제105조에 따라 지도사 자격시험의 최종합격자가 결정되면 모든 응시자가 알 수 있는 방법으로 공고하고, 합격자에게는 합격사실을 알려야 한다.",KEYWORD_ONLY,keyword match without full direct-evidence combination
graph_rag_knowledgement\document_graph\nodes\nodes_paragraph.csv,55b9af7e80aeee548f9af4bab502cca7d7647b1e,document_graph,,,,알려야,제34조(법령 요지 등의 게시 등) 사업주는 이 법과 이 법에 따른 명령의 요지 및 안전보건관리규정을 각 사업장의 근로자가 쉽게 볼 수 있는 장소에 게시하거나 갖추어 두어 근로자에게 널리 알려야 한다.,KEYWORD_ONLY,keyword match without full direct-evidence combination
graph_rag_knowledgement\document_graph\nodes\nodes_paragraph.csv,2334a3c135e8d036ea22489b2a80670348cb3111,document_graph,,,,통보하여야,"③ 고용노동부장관은 제1항에 따라 신규화학물질의 유해성ㆍ위험성 조사보고서가 제출되면 고용노동부령으로 정하는 바에 따라 그 신규화학물질의 명칭, 유해성ㆍ위험성, 근로자의 건강장해 예방을 위한 조치 사항 등을 공표하고 관계 부처에 통보하여야 한다.",KEYWORD_ONLY,keyword match without full direct-evidence combination
graph_rag_knowledgement\document_graph\nodes\nodes_paragraph.csv,2334a3c135e8d036ea22489b2a80670348cb3111,document_graph,,,,결과 근로자,④ 고용노동부장관은 제1항에 따라 제출된 신규화학물질의 유해성ㆍ위험성 조사보고서를 검토한 결과 근로자의 건강장해 예방을 위하여 필요하다고 인정할 때에는 신규화학물질제조자등에게 시설ㆍ설비를 설치ㆍ정비하고 보호구를 갖추어 두는 등의 조치를 하도록 명할 수 있다.,KEYWORD_ONLY,keyword match without full direct-evidence combination
graph_rag_knowledgement\document_graph\nodes\nodes_paragraph.csv,827c451143117f2b200e5c52f8b4bc2c8a3f7503,document_graph,,,,통보하여야,"② 고용노동부장관은 제1항 본문에 따른 승인 신청을 받은 경우 고용노동부령으로 정하는 바에 따라 화학물질의 명칭 및 함유량의 대체 필요성, 대체자료의 적합성 및 물질안전보건자료의 적정성 등을 검토하여 승인 여부를 결정하고 신청인에게 그 결과를 통보하여야 한다.",KEYWORD_ONLY,keyword match without full direct-evidence combination
graph_rag_knowledgement\document_graph\nodes\nodes_paragraph.csv,9433cc1042cdbcd504266f1d6eae81d190405e30,document_graph,,,,알려야,"⑥ 사업주는 작업환경측정 결과를 해당 작업장의 근로자(관계수급인 및 관계수급인 근로자를 포함한다. 이하 이 항, 제127조 및 제175조제5항제15호에서 같다)에게 알려야 하며, 그 결과에 따라 근로자의 건강을 보호하기 위하여 해당 시설ㆍ설비의 설치ㆍ개선 또는 건강진단의 실시 등의 조치를 하여야 한다.",KEYWORD_ONLY,keyword match without full direct-evidence combination
graph_rag_knowledgement\document_graph\nodes\nodes_paragraph.csv,cd0ffdc806d9f0a9e589c421181993be9f3aee91,document_graph,,,,결과를 근로자,③ 사업주는 제129조부터 제131조까지의 규정에 따른 건강진단의 결과를 근로자의 건강 보호 및 유지 외의 목적으로 사용해서는 아니 된다.,KEYWORD_ONLY,keyword match without full direct-evidence combination
graph_rag_knowledgement\document_graph\nodes\nodes_paragraph.csv,cd0ffdc806d9f0a9e589c421181993be9f3aee91,document_graph,,,,결과 근로자,"④ 사업주는 제129조부터 제131조까지의 규정 또는 다른 법령에 따른 건강진단의 결과 근로자의 건강을 유지하기 위하여 필요하다고 인정할 때에는 작업장소 변경, 작업 전환, 근로시간 단축, 야간근로(오후 10시부터 다음 날 오전 6시까지 사이의 근로를 말한다)의 제한, 작업환경측정 또는 시설ㆍ설비의 설치ㆍ개선 등 고용노동부령으로 정하는 바에 따라 적절한 조치를 하여야 한다.",KEYWORD_ONLY,keyword match without full direct-evidence combination
graph_rag_knowledgement\document_graph\nodes\nodes_paragraph.csv,2f34373d970db3668580039f6d0f68a53253b216,document_graph,,,,결과를 근로자,① 건강진단기관은 제129조부터 제131조까지의 규정에 따른 건강진단을 실시한 때에는 고용노동부령으로 정하는 바에 따라 그 결과를 근로자 및 사업주에게 통보하고 고용노동부장관에게 보고하여야 한다.,KEYWORD_ONLY,keyword match without full direct-evidence combination
graph_rag_knowledgement\document_graph\nodes\nodes_paragraph.csv,2f34373d970db3668580039f6d0f68a53253b216,document_graph,,,,통보하여야,② 제129조제1항 단서에 따라 건강진단을 실시한 기관은 사업주가 근로자의 건강보호를 위하여 그 결과를 요청하는 경우 고용노동부령으로 정하는 바에 따라 그 결과를 사업주에게 통보하여야 한다.,KEYWORD_ONLY,keyword match without full direct-evidence combination
graph_rag_knowledgement\document_graph\nodes\nodes_paragraph.csv,3e35312b143afc3dc18491b4645f5ddd6bf56640,document_graph,,,,알려야,"② 근로감독관은 기계ㆍ설비등에 대한 검사를 할 수 있으며, 검사에 필요한 한도에서 무상으로 제품ㆍ원재료 또는 기구를 수거할 수 있다. 이 경우 근로감독관은 해당 사업주 등에게 그 결과를 서면으로 알려야 한다.",KEYWORD_ONLY,keyword match without full direct-evidence combination
graph_rag_knowledgement\document_graph\nodes\nodes_paragraph.csv,ba542c92b0cccb04e4862d9ab7b2cd358fbfcb7a,document_graph,,,,통보하여야,"② 제1항에 따라 요청을 받은 관계 행정기관의 장 또는 공공기관의 장은 정당한 사유가 없으면 이에 따라야 하며, 그 조치 결과를 고용노동부장관에게 통보하여야 한다.",KEYWORD_ONLY,keyword match without full direct-evidence combination
graph_rag_knowledgement\document_graph\nodes\nodes_paragraph.csv,c2ab4b8f86cc603ef8a91124dfbe83ac1e8a758f,document_graph,,,,알려야,"제39조(회의 결과 등의 공지) 산업안전보건위원회의 위원장은 산업안전보건위원회에서 심의ㆍ의결된 내용 등 회의 결과와 중재 결정된 내용 등을 사내방송이나 사내보(社內報), 게시 또는 자체 정례조회, 그 밖의 적절한 방법으로 근로자에게 신속히 알려야 한다.",KEYWORD_ONLY,keyword match without full direct-evidence combination
graph_rag_knowledgement\document_graph\nodes\nodes_paragraph.csv,74c4672e809ac81e49cee00e10e13784db8ae9da,document_graph,,,,알려야,③ 제1항에 따라 안전보건조정자를 두어야 하는 건설공사발주자는 분리하여 발주되는 공사의 착공일 전날까지 제2항에 따라 안전보건조정자를 선임하거나 지정하여 각각의 공사 도급인에게 그 사실을 알려야 한다.,KEYWORD_ONLY,keyword match without full direct-evidence combination
graph_rag_knowledgement\document_graph\nodes\nodes_paragraph.csv,c11921523e92b70782f1659b0f3b91488c759d8d,document_graph,,,,알려야,① 고용노동부장관은 법 제160조제1항에 따라 과징금을 부과하려는 경우에는 위반행위의 종류와 해당 과징금의 금액 등을 고용노동부령으로 정하는 바에 따라 구체적으로 밝혀 과징금을 낼 것을 서면으로 알려야 한다.,KEYWORD_ONLY,keyword match without full direct-evidence combination
graph_rag_knowledgement\document_graph\nodes\nodes_paragraph.csv,075dd21be6067b32a1ada58da9c95d56013ade2c,document_graph,,,,근로자에게 알; 근로자에게 알려; 알려야,② 사업주는 제1항에 따라 작성한 작업계획서의 내용을 해당 근로자에게 알려야 한다.,KEYWORD_ONLY,keyword match without full direct-evidence combination
graph_rag_knowledgement\document_graph\nodes\nodes_paragraph.csv,075dd21be6067b32a1ada58da9c95d56013ade2c,document_graph,,,,근로자에게 주지; 주지시켜,③ 사업주는 항타기나 항발기를 조립ㆍ해체ㆍ변경 또는 이동하는 작업을 하는 경우 그 작업방법과 절차를 정하여 근로자에게 주지시켜야 한다.,KEYWORD_ONLY,keyword match without full direct-evidence combination
graph_rag_knowledgement\document_graph\nodes\nodes_paragraph.csv,26fce5403a50609b3e9a88fa297b003c7126c003,document_graph,,,,알려야,"① 사업주는 부상자의 응급처치에 필요한 다음 각 호의 구급용구를 갖추어 두고, 그 장소와 사용방법을 근로자에게 알려야 한다.",KEYWORD_ONLY,keyword match without full direct-evidence combination
graph_rag_knowledgement\document_graph\nodes\nodes_paragraph.csv,df6a51cc6477d763325f18589f936464f2551a95,document_graph,,,,주지시켜,제157조(이삿짐운반용 리프트 운전방법의 주지) 사업주는 이삿짐운반용 리프트를 사용하는 근로자에게 운전방법 및 고장이 났을 경우의 조치방법을 주지시켜야 한다.,KEYWORD_ONLY,keyword match without full direct-evidence combination
graph_rag_knowledgement\document_graph\nodes\nodes_paragraph.csv,ee6f06fedf07dc108b5f221b97a6ef2ab0350a75,document_graph,,,,근로자에게 주지; 주지시켜,제160조(운전방법 등의 주지) 사업주는 곤돌라의 운전방법 또는 고장이 났을 때의 처치방법을 그 곤돌라를 사용하는 근로자에게 주지시켜야 한다.,KEYWORD_ONLY,keyword match without full direct-evidence combination
graph_rag_knowledgement\document_graph\nodes\nodes_paragraph.csv,3d6860d778a6dccdbdae5f7b03936b980009080e,document_graph,,,,근로자에게 알; 근로자에게 알려,"② 사업주는 제1항에 따른 재해발생위험을 관계 근로자에게 신속히 알리기 위한 비상벨 등 통신설비 등을 설치하고, 그 설치장소를 관계 근로자에게 알려 주어야 한다.",KEYWORD_ONLY,keyword match without full direct-evidence combination
graph_rag_knowledgement\document_graph\nodes\nodes_paragraph.csv,15d26d72ac1a4dfe623285481dfe4c98cbaa0bf7,document_graph,,,,근로자에게 주지; 주지시켜,① 사업주는 채석작업을 하는 경우에 미리 굴착기계등의 운행경로 및 토석의 적재장소에 대한 출입방법을 정하여 관계 근로자에게 주지시켜야 한다.,KEYWORD_ONLY,keyword match without full direct-evidence combination
graph_rag_knowledgement\document_graph\nodes\nodes_paragraph.csv,a896a63f82176d972517f4147b060f9a5310e98f,document_graph,,,,근로자에게 주지; 주지시켜,① 사업주는 벌목작업을 하는 경우에는 일정한 신호방법을 정하여 그 작업에 종사하는 근로자에게 주지시켜야 한다.,KEYWORD_ONLY,keyword match without full direct-evidence combination
graph_rag_knowledgement\document_graph\nodes\nodes_paragraph.csv,f688aa0999f14c216ec2496888e09347055300ee,document_graph,,,,알려야,② 사업주는 제1항제7호에 따른 조치를 확인할 수 없는 설비에 대하여 근로자가 그 설비의 내부에 머리를 넣고 작업하지 않도록 하고 작업하는 근로자에게 주의하도록 미리 알려야 한다.,KEYWORD_ONLY,keyword match without full direct-evidence combination
graph_rag_knowledgement\document_graph\nodes\nodes_paragraph.csv,fdfe8de37dbd5d3f9cd2206e01ba4a93124cc370,document_graph,,,,근로자에게 알; 근로자에게 알려; 알려야,"제440조(특별관리물질의 고지) 사업주는 근로자가 별표 12에 따른 특별관리물질을 취급하는 경우에는 그 물질이 특별관리물질이라는 사실과 「산업안전보건법 시행규칙」 별표 18 제1호나목에 따른 발암성 물질, 생식세포 변이원성 물질 또는 생식독성 물질 등 중 어느 것에 해당하는지에 관한 내용을 게시판 등을 통하여 근로자에게 알려야 한다. <개정 2019.12.26>",KEYWORD_ONLY,keyword match without full direct-evidence combination
graph_rag_knowledgement\document_graph\nodes\nodes_paragraph.csv,5b3c8aa7efb5d1f342892b30895540de5f30ebe1,document_graph,,,,근로자에게 알; 근로자에게 알려; 알려야,① 사업주는 관리대상 유해물질을 취급하는 작업에 근로자를 종사하도록 하는 경우에 근로자를 작업에 배치하기 전에 다음 각 호의 사항을 근로자에게 알려야 한다.,KEYWORD_ONLY,keyword match without full direct-evidence combination
graph_rag_knowledgement\document_graph\nodes\nodes_paragraph.csv,5b3c8aa7efb5d1f342892b30895540de5f30ebe1,document_graph,,,,근로자에게 알; 근로자에게 알려; 알려야,"② 사업주는 근로자가 별표 12 제1호13)ㆍ46)ㆍ59)ㆍ71)ㆍ101)ㆍ111)의 물질을 취급하는 경우에 근로자가 작업을 시작하기 전에 해당 물질이 급성 독성을 일으키는 물질임을 근로자에게 알려야 한다. <개정 2019.4.19, 2019.12.26, 2022.10.18>",KEYWORD_ONLY,keyword match without full direct-evidence combination
graph_rag_knowledgement\document_graph\nodes\nodes_paragraph.csv,d7c413361a87eb9f782124ae459672d06a5b5c23,document_graph,,,,근로자에게 알; 근로자에게 알려; 알려야,"제486조(직업성 질병의 주지) 사업주는 석면으로 인한 직업성 질병의 발생 원인, 재발 방지 방법 등을 석면을 취급하는 근로자에게 알려야 한다.",KEYWORD_ONLY,keyword match without full direct-evidence combination
graph_rag_knowledgement\document_graph\nodes\nodes_paragraph.csv,71811c025baae84f5ba210504daedbf9b8f0aeab,document_graph,,,,근로자에게 알; 근로자에게 알려; 알려야,"② 사업주는 제1항에 따른 석면해체ㆍ제거작업 계획을 수립한 경우에 이를 해당 근로자에게 알려야 하며, 작업장에 대한 석면조사 방법 및 종료일자, 석면조사 결과의 요지를 해당 근로자가 보기 쉬운 장소에 게시하여야 한다. <개정 2012.3.5>",KEYWORD_ONLY,keyword match without full direct-evidence combination
graph_rag_knowledgement\document_graph\nodes\nodes_paragraph.csv,9ebd6fcf22c010e7b5770ccf803f299e83a32d5e,document_graph,,,,알려야,② 사업주는 기압조절실에서 고압작업자 또는 잠수작업자에게 감압을 하는 경우에 그 감압에 필요한 시간을 해당 고압작업자 또는 잠수작업자에게 미리 알려야 한다. <개정 2017.12.28>,KEYWORD_ONLY,keyword match without full direct-evidence combination
graph_rag_knowledgement\document_graph\nodes\nodes_paragraph.csv,b357f870f5f1df18133e03d10520fa19e661922c,document_graph,,,,근로자에게 알,"① 사업주는 고압작업을 하는 경우에 대기압을 초과하는 기압에서의 가연성물질의 연소위험성에 대하여 근로자에게 알리고, 고압작업자의 화상이나 그 밖의 위험을 방지하기 위하여 다음 각 호의 조치를 하여야 한다.",KEYWORD_ONLY,keyword match without full direct-evidence combination
graph_rag_knowledgement\document_graph\nodes\nodes_paragraph.csv,d9975a6216c34b597eadc360dd7db3149eb28678,document_graph,,,,알려야,"③ 사업주는 호흡용 기체통 및 비상기체통의 기능의 이상 유무 및 해당 기체통에 저장된 호흡용 기체량 등을 확인하여 그 내용을 잠수작업자에게 알려야 하며, 이상이 있는 호흡용 기체통이나 비상기체통을 잠수작업자에게 제공해서는 아니 된다.",KEYWORD_ONLY,keyword match without full direct-evidence combination
graph_rag_knowledgement\document_graph\nodes\nodes_paragraph.csv,a49a3704979eba3ca48db641d33d1461c4136bb1,document_graph,,,,근로자에게 알; 근로자에게 알려; 알려야,"제591조(유해성 등의 주지) 사업주는 근로자가 방사선업무를 하는 경우에 방사선이 인체에 미치는 영향, 안전한 작업방법, 건강관리 요령 등에 관한 내용을 근로자에게 알려야 한다.",KEYWORD_ONLY,keyword match without full direct-evidence combination
graph_rag_knowledgement\document_graph\nodes\nodes_paragraph.csv,97c95b7d82be3de53951e06d09b1869d64fb81a7,document_graph,,,,근로자에게 알; 근로자에게 알려; 알려야,③ 사업주는 제1항과 제2항에 따른 조사 결과와 조치 내용을 즉시 해당 근로자에게 알려야 한다.,KEYWORD_ONLY,keyword match without full direct-evidence combination
graph_rag_knowledgement\document_graph\nodes\nodes_paragraph.csv,e2db8c60466924b1fce707c0661c0ed99bed02cc,document_graph,,,,알려야,"② 제1항에 따른 감시인은 밀폐공간에 종사하는 근로자에게 이상이 있을 경우에 지체 없이 사업장 소재지를 관할하는 소방관서에 신고하고, 해당 소방관서의 장의 협조를 받아 적절한 조치를 한 후 이를 즉시 사업주 및 관리감독자에게 알려야 한다. <개정 2025.12.1>",KEYWORD_ONLY,keyword match without full direct-evidence combination
graph_rag_knowledgement\document_graph\nodes\nodes_paragraph.csv,660f3ea92f1e1f2268d44a9724047968895aebd5,document_graph,,,,근로자에게 알,"제652조(건물 개ㆍ보수 시 공기오염 관리) 사업주는 건물 개ㆍ보수 중 사무실의 공기질이 악화될 우려가 있을 경우에 그 작업내용을 근로자에게 알리고 공사장소를 격리하거나, 사무실오염물질의 억제 및 청소 등 적절한 조치를 하여야 한다.",KEYWORD_ONLY,keyword match without full direct-evidence combination
graph_rag_knowledgement\document_graph\nodes\nodes_paragraph.csv,76867cce9a0dc0c0e1e628f02c84761702526cda,document_graph,,,,근로자에게 알; 근로자에게 알려; 알려야,① 사업주는 근로자가 근골격계부담작업을 하는 경우에 다음 각 호의 사항을 근로자에게 알려야 한다.,KEYWORD_ONLY,keyword match without full direct-evidence combination
graph_rag_knowledgement\document_graph\nodes\nodes_paragraph.csv,76867cce9a0dc0c0e1e628f02c84761702526cda,document_graph,,,,근로자에게 알; 근로자에게 알려; 알려야,"② 사업주는 제657조제1항과 제2항에 따른 유해요인 조사 및 그 결과, 제658조에 따른 조사방법 등을 해당 근로자에게 알려야 한다.",KEYWORD_ONLY,keyword match without full direct-evidence combination
graph_rag_knowledgement\document_graph\nodes\nodes_paragraph.csv,76867cce9a0dc0c0e1e628f02c84761702526cda,document_graph,,,,근로자에게 알; 근로자에게 알려; 알려야,③ 사업주는 근로자대표의 요구가 있으면 설명회를 개최하여 제657조제2항제1호에 따른 유해요인 조사 결과를 해당 근로자와 같은 방법으로 작업하는 근로자에게 알려야 한다. <신설 2017.12.28>,KEYWORD_ONLY,keyword match without full direct-evidence combination
graph_rag_knowledgement\document_graph\nodes\nodes_paragraph.csv,6e4e8dda57531e7dba58c0914fcf603523ae0a2c,document_graph,,,,알려야,제666조(작업자세 등) 사업주는 근로자가 중량물을 인력으로 들어올리는 작업을 하는 경우에 무게중심을 낮추거나 대상물에 몸을 밀착하도록 하는 등 근로자에게 신체의 부담을 줄일 수 있는 자세에 대하여 알려야 한다. <개정 2024.6.28>,KEYWORD_ONLY,keyword match without full direct-evidence combination
graph_rag_knowledgement\document_graph\nodes\nodes_paragraph.csv,fa2a01be10bf782cb4201cf5897b9190cd69f8ea,document_graph,,,,근로자에게 알,"② 사업주는 근로자가 농약원재료를 배합하는 작업을 하는 경우에 측정용기, 깔때기, 섞는 기구 등 배합기구들의 사용방법과 배합비율 등을 근로자에게 알리고, 농약원재료의 분진이나 미스트의 발생을 최소화하여야 한다.",KEYWORD_ONLY,keyword match without full direct-evidence combination
graph_rag_knowledgement\document_graph\nodes\nodes_subitem.csv,399910cd54e165969d563e5c604d5c827ef2479e,document_graph,,,,주지시켜,"b11ce77ef46e684f89e9b4005746832284dffa87 399910cd54e165969d563e5c604d5c827ef2479e 다. 다. 방호구역등에 출입하는 근로자를 대상으로 이산화탄소의 위험성, 소화설비의 작동 시 확인방법, 대피방법, 대피로 등을 주지시키기 위해 반기 1회 이상 교육을 실시할 것. 다만, 처음 출입하는 근로자에 대해서는 출입 전에 교육을 하여 그 내용을 주지시켜야 한다.",KEYWORD_ONLY,keyword match without full direct-evidence combination
01_input\annex_final\annex_logical_cells.csv,lrow_826535957cb0,annex_source,,,,알려야,"4) 건설재해예방전문지도기관은 건설공사도급인이 기술지도에 따라 적절한 조치를 했는지 확인해야 하며, 건설공사도급인 중 건설공사발주자로부터 해당 건설공사를 최초로 도급받은 수급인이 해당 조치를 하지 않은 경우 에는 건설공사발주자에게 그 사실을 알려야 한다. 4) 건설재해예방전문지도기관은 건설공사도급인이 기술지도에 따라 적절한 조치를 했는지 확인해야 하며, 건설공사도급인 중 건설공사발주자로부터 해당 건설공사를 최초로 도급받은 수급인이 해당 조치를 하지 않은 경우 에는 건설공사발주자에게 그 사실을 알려야 한다. [] False False",KEYWORD_ONLY,keyword match without full direct-evidence combination
01_input\annex_final\annex_logical_cells.csv,lrow_178d55d7052f,annex_source,,,,알려야,1) 건설재해예방전문지도기관은 기술지도를 한 때마다 기술지도 결과보고서 를 작성하여 지체 없이 다음의 구분에 따른 사람에게 알려야 한다. 1) 건설재해예방전문지도기관은 기술지도를 한 때마다 기술지도 결과보고서 를 작성하여 지체 없이 다음의 구분에 따른 사람에게 알려야 한다. [] False False,KEYWORD_ONLY,keyword match without full direct-evidence combination
01_input\annex_final\annex_logical_cells.csv,lrow_14972283af83,annex_source,,,,위험성평가,7. 위험성평가에 관한 사항 7. 위험성평가에 관한 사항 [] False False,KEYWORD_ONLY,keyword match without full direct-evidence combination
01_input\annex_final\annex_logical_cells.csv,lrow_48189e758486,annex_source,,,,위험성평가,"가. 위험성평가의 실시 시기 및 방법, 절차에 관한 사항 가. 위험성평가의 실시 시기 및 방법, 절차에 관한 사항 [] False False",KEYWORD_ONLY,keyword match without full direct-evidence combination
01_input\annex_final\annex_logical_cells.csv,lrow_6791296423dd,annex_source,,,,위험성평가,"7) 위험성평가에 관한 사항 7) 위험성평가에 관한 사항 [""cell_22c15e791daa""] False False",KEYWORD_ONLY,keyword match without full direct-evidence combination
01_input\annex_final\annex_logical_cells.csv,lrow_2c76e48c2c42,annex_source,,,,위험성평가,"관한 사항 10) 무재해운동 추진기법 및 실무에 관한 사항 11) 위험성평가에 관한 사항 12) 그 밖에 안전관리자의 직무 향상 을 위하여 필요한 사항 관한 사항 10) 무재해운동 추진기법 및 실무에 관한 사항 11) 위험성평가에 관한 사항 12) 그 밖에 안전관리자의 직무 향상 을 위하여 필요한 사항 [""cell_2231d98ebfb0""] False False",KEYWORD_ONLY,keyword match without full direct-evidence combination
01_input\annex_final\annex_logical_cells.csv,lrow_293d5583d47a,annex_source,,,,위험성평가,"7) 위험성평가에 관한 사항 7) 위험성평가에 관한 사항 [""cell_fdc04a758ae7""] False False",KEYWORD_ONLY,keyword match without full direct-evidence combination
01_input\annex_final\annex_logical_cells.csv,lrow_8329f81a40df,annex_source,,,,위험성평가,"5) 위험성평가의 실시에 관한 사항 5) 위험성평가의 실시에 관한 사항 [""cell_06f6f7da3a28""] False False",KEYWORD_ONLY,keyword match without full direct-evidence combination
01_input\annex_final\annex_logical_cells.csv,lrow_8329f81a40df,annex_source,,,,위험성평가,"5) 위험성평가의 실시에 관한 사항 5) 위험성평가의 실시에 관한 사항 [""cell_6d2d456e5c0f""] False False",KEYWORD_ONLY,keyword match without full direct-evidence combination
01_input\annex_final\annex_logical_cells.csv,lrow_fd69b87a6a7e,annex_source,,,,위험성평가,"1) 위험성평가에 관한 사항 1) 위험성평가에 관한 사항 [""cell_0f7d934981fa""] False False",KEYWORD_ONLY,keyword match without full direct-evidence combination
01_input\annex_final\annex_logical_cells.csv,lrow_1d740371e091,annex_source,,,,위험성평가,"측, 작업환기, 위험성평가 등에 관한 측, 작업환기, 위험성평가 등에 관한 [""cell_b66ba06a20f0""] False False",KEYWORD_ONLY,keyword match without full direct-evidence combination
01_input\annex_final\annex_logical_cells.csv,lrow_29d71a5d831e,annex_source,,,,위험성평가,"위험성평가 등에 따른 소요비용 위험성평가 등에 따른 소요비용 [""cell_90b32719a14c""] False False",KEYWORD_ONLY,keyword match without full direct-evidence combination
01_input\annex_final\annex_logical_cells.csv,lrow_68d71cb6c3db,annex_source,,,,위험성평가,"산업보건 및 건강장해 예방에 관한 사항(폭염ㆍ한파작업으로 인한 건강장해 발생 시 응급조치에 관한 사항을 포함한다) 위험성평가에 관한 사항 유해ㆍ위험 작업환경 관리에 관한 사항 산업안전보건법령 및 산업재해보상보험 제도에 관한 사항 직무스트레스 예방 및 관리에 관한 사항 산업보건 및 건강장해 예방에 관한 사항(폭염ㆍ한파작업으로 인한 건강장해 발생 시 응급조치에 관한 사항을 포함한다) 위험성평가에 관한 사항 유해ㆍ위험 작업환경 관리에 관한 사항 산업안전보건법령 및 산업재해보상보험 제도에 관한 사항 직무스트레스 예방 및 관리에 관한 사항 [""cell_212627c0d0ac"", ""cell_444e1ad72d49"", ""cell_fc9a0e72b0de"", ""cell_b8effe4fcb76"", ""cell_c9b6b7f523da"", ""cell_1243a1123440""] False False",KEYWORD_ONLY,keyword match without full direct-evidence combination
01_input\annex_final\annex_logical_cells.csv,lrow_b55f49ad3d31,annex_source,,,,위험성평가,"다) 산업보건 및 건강장해 예방에 관한 사항 위험성평가에 관한 사항 산업안전보건법령 및 산업재해보상보험 제도에 관한 사항 직무스트레스 예방 및 관리에 관한 사항 다) 산업보건 및 건강장해 예방에 관한 사항 위험성평가에 관한 사항 산업안전보건법령 및 산업재해보상보험 제도에 관한 사항 직무스트레스 예방 및 관리에 관한 사항 [""cell_12c05210f53f"", ""cell_f35c044bceb1"", ""cell_8c54faa3207b"", ""cell_7b1db1310988"", ""cell_4ce870eddbe6""] False False",KEYWORD_ONLY,keyword match without full direct-evidence combination
01_input\annex_final\annex_logical_cells.csv,lrow_6eff27e3ecc3,annex_source,,,,알려야,"음을 알려야 하는 장 음을 알려야 하는 장 [""cell_5c7dd3265e0e""] False False",KEYWORD_ONLY,keyword match without full direct-evidence combination
01_input\annex_final\annex_logical_cells.csv,lrow_d53ff423fca6,annex_source,,,,알려야,"알려야 하는 장소 알려야 하는 장소 [""cell_3850f786b516""] False False",KEYWORD_ONLY,keyword match without full direct-evidence combination
01_input\annex_final\annex_logical_cells.csv,lrow_a38a47c8d374,annex_source,,,,알려야,"알려야 하는 장소 알려야 하는 장소 [""cell_b4e56d8da59d""] True True",KEYWORD_ONLY,keyword match without full direct-evidence combination
01_input\annex_final\annex_logical_cells.csv,lrow_fbd72a328241,annex_source,,,,위험성평가,"위험성평가 등에 따른 소요비용 위험성평가 등에 따른 소요비용 [""cell_ed4bb36f2717""] False False",KEYWORD_ONLY,keyword match without full direct-evidence combination
01_input\annex_final\annex_logical_cells.csv,lrow_f5ae7e857314,annex_source,,,,위험성평가,"시스템안전공학, 인간공학, 위험성평가, 산업재해 조사 및 원인 시스템안전공학, 인간공학, 위험성평가, 산업재해 조사 및 원인 [""cell_a8f1070ae075""] False False",KEYWORD_ONLY,keyword match without full direct-evidence combination
01_input\annex_final\annex_logical_cells.csv,lrow_f5ae7e857314,annex_source,,,,위험성평가,"위생보호구, 위험성평가, 산업 위생보호구, 위험성평가, 산업 [""cell_a0f6efa3a648""] False False",KEYWORD_ONLY,keyword match without full direct-evidence combination
01_input\annex_final\annex_logical_cells_dup1.csv,lrow_826535957cb0,annex_source,,,,알려야,"4) 건설재해예방전문지도기관은 건설공사도급인이 기술지도에 따라 적절한 조치를 했는지 확인해야 하며, 건설공사도급인 중 건설공사발주자로부터 해당 건설공사를 최초로 도급받은 수급인이 해당 조치를 하지 않은 경우 에는 건설공사발주자에게 그 사실을 알려야 한다. 4) 건설재해예방전문지도기관은 건설공사도급인이 기술지도에 따라 적절한 조치를 했는지 확인해야 하며, 건설공사도급인 중 건설공사발주자로부터 해당 건설공사를 최초로 도급받은 수급인이 해당 조치를 하지 않은 경우 에는 건설공사발주자에게 그 사실을 알려야 한다. [] False False",KEYWORD_ONLY,keyword match without full direct-evidence combination
01_input\annex_final\annex_logical_cells_dup1.csv,lrow_178d55d7052f,annex_source,,,,알려야,1) 건설재해예방전문지도기관은 기술지도를 한 때마다 기술지도 결과보고서 를 작성하여 지체 없이 다음의 구분에 따른 사람에게 알려야 한다. 1) 건설재해예방전문지도기관은 기술지도를 한 때마다 기술지도 결과보고서 를 작성하여 지체 없이 다음의 구분에 따른 사람에게 알려야 한다. [] False False,KEYWORD_ONLY,keyword match without full direct-evidence combination
01_input\annex_final\annex_logical_cells_dup1.csv,lrow_14972283af83,annex_source,,,,위험성평가,7. 위험성평가에 관한 사항 7. 위험성평가에 관한 사항 [] False False,KEYWORD_ONLY,keyword match without full direct-evidence combination
01_input\annex_final\annex_logical_cells_dup1.csv,lrow_48189e758486,annex_source,,,,위험성평가,"가. 위험성평가의 실시 시기 및 방법, 절차에 관한 사항 가. 위험성평가의 실시 시기 및 방법, 절차에 관한 사항 [] False False",KEYWORD_ONLY,keyword match without full direct-evidence combination
01_input\annex_final\annex_logical_cells_dup1.csv,lrow_6791296423dd,annex_source,,,,위험성평가,"7) 위험성평가에 관한 사항 7) 위험성평가에 관한 사항 [""cell_22c15e791daa""] False False",KEYWORD_ONLY,keyword match without full direct-evidence combination
01_input\annex_final\annex_logical_cells_dup1.csv,lrow_2c76e48c2c42,annex_source,,,,위험성평가,"관한 사항 10) 무재해운동 추진기법 및 실무에 관한 사항 11) 위험성평가에 관한 사항 12) 그 밖에 안전관리자의 직무 향상 을 위하여 필요한 사항 관한 사항 10) 무재해운동 추진기법 및 실무에 관한 사항 11) 위험성평가에 관한 사항 12) 그 밖에 안전관리자의 직무 향상 을 위하여 필요한 사항 [""cell_2231d98ebfb0""] False False",KEYWORD_ONLY,keyword match without full direct-evidence combination
01_input\annex_final\annex_logical_cells_dup1.csv,lrow_293d5583d47a,annex_source,,,,위험성평가,"7) 위험성평가에 관한 사항 7) 위험성평가에 관한 사항 [""cell_fdc04a758ae7""] False False",KEYWORD_ONLY,keyword match without full direct-evidence combination
01_input\annex_final\annex_logical_cells_dup1.csv,lrow_8329f81a40df,annex_source,,,,위험성평가,"5) 위험성평가의 실시에 관한 사항 5) 위험성평가의 실시에 관한 사항 [""cell_06f6f7da3a28""] False False",KEYWORD_ONLY,keyword match without full direct-evidence combination
01_input\annex_final\annex_logical_cells_dup1.csv,lrow_8329f81a40df,annex_source,,,,위험성평가,"5) 위험성평가의 실시에 관한 사항 5) 위험성평가의 실시에 관한 사항 [""cell_6d2d456e5c0f""] False False",KEYWORD_ONLY,keyword match without full direct-evidence combination
01_input\annex_final\annex_logical_cells_dup1.csv,lrow_fd69b87a6a7e,annex_source,,,,위험성평가,"1) 위험성평가에 관한 사항 1) 위험성평가에 관한 사항 [""cell_0f7d934981fa""] False False",KEYWORD_ONLY,keyword match without full direct-evidence combination
01_input\annex_final\annex_logical_cells_dup1.csv,lrow_1d740371e091,annex_source,,,,위험성평가,"측, 작업환기, 위험성평가 등에 관한 측, 작업환기, 위험성평가 등에 관한 [""cell_b66ba06a20f0""] False False",KEYWORD_ONLY,keyword match without full direct-evidence combination
01_input\annex_final\annex_logical_cells_dup1.csv,lrow_29d71a5d831e,annex_source,,,,위험성평가,"위험성평가 등에 따른 소요비용 위험성평가 등에 따른 소요비용 [""cell_90b32719a14c""] False False",KEYWORD_ONLY,keyword match without full direct-evidence combination
01_input\annex_final\annex_logical_cells_dup1.csv,lrow_68d71cb6c3db,annex_source,,,,위험성평가,"산업보건 및 건강장해 예방에 관한 사항(폭염ㆍ한파작업으로 인한 건강장해 발생 시 응급조치에 관한 사항을 포함한다) 위험성평가에 관한 사항 유해ㆍ위험 작업환경 관리에 관한 사항 산업안전보건법령 및 산업재해보상보험 제도에 관한 사항 직무스트레스 예방 및 관리에 관한 사항 산업보건 및 건강장해 예방에 관한 사항(폭염ㆍ한파작업으로 인한 건강장해 발생 시 응급조치에 관한 사항을 포함한다) 위험성평가에 관한 사항 유해ㆍ위험 작업환경 관리에 관한 사항 산업안전보건법령 및 산업재해보상보험 제도에 관한 사항 직무스트레스 예방 및 관리에 관한 사항 [""cell_212627c0d0ac"", ""cell_444e1ad72d49"", ""cell_fc9a0e72b0de"", ""cell_b8effe4fcb76"", ""cell_c9b6b7f523da"", ""cell_1243a1123440""] False False",KEYWORD_ONLY,keyword match without full direct-evidence combination
01_input\annex_final\annex_logical_cells_dup1.csv,lrow_b55f49ad3d31,annex_source,,,,위험성평가,"다) 산업보건 및 건강장해 예방에 관한 사항 위험성평가에 관한 사항 산업안전보건법령 및 산업재해보상보험 제도에 관한 사항 직무스트레스 예방 및 관리에 관한 사항 다) 산업보건 및 건강장해 예방에 관한 사항 위험성평가에 관한 사항 산업안전보건법령 및 산업재해보상보험 제도에 관한 사항 직무스트레스 예방 및 관리에 관한 사항 [""cell_12c05210f53f"", ""cell_f35c044bceb1"", ""cell_8c54faa3207b"", ""cell_7b1db1310988"", ""cell_4ce870eddbe6""] False False",KEYWORD_ONLY,keyword match without full direct-evidence combination
01_input\annex_final\annex_logical_cells_dup1.csv,lrow_6eff27e3ecc3,annex_source,,,,알려야,"음을 알려야 하는 장 음을 알려야 하는 장 [""cell_5c7dd3265e0e""] False False",KEYWORD_ONLY,keyword match without full direct-evidence combination
01_input\annex_final\annex_logical_cells_dup1.csv,lrow_d53ff423fca6,annex_source,,,,알려야,"알려야 하는 장소 알려야 하는 장소 [""cell_3850f786b516""] False False",KEYWORD_ONLY,keyword match without full direct-evidence combination
01_input\annex_final\annex_logical_cells_dup1.csv,lrow_a38a47c8d374,annex_source,,,,알려야,"알려야 하는 장소 알려야 하는 장소 [""cell_b4e56d8da59d""] True True",KEYWORD_ONLY,keyword match without full direct-evidence combination
01_input\annex_final\annex_logical_cells_dup1.csv,lrow_fbd72a328241,annex_source,,,,위험성평가,"위험성평가 등에 따른 소요비용 위험성평가 등에 따른 소요비용 [""cell_ed4bb36f2717""] False False",KEYWORD_ONLY,keyword match without full direct-evidence combination
01_input\annex_final\annex_logical_cells_dup1.csv,lrow_f5ae7e857314,annex_source,,,,위험성평가,"시스템안전공학, 인간공학, 위험성평가, 산업재해 조사 및 원인 시스템안전공학, 인간공학, 위험성평가, 산업재해 조사 및 원인 [""cell_a8f1070ae075""] False False",KEYWORD_ONLY,keyword match without full direct-evidence combination
01_input\annex_final\annex_logical_cells_dup1.csv,lrow_f5ae7e857314,annex_source,,,,위험성평가,"위생보호구, 위험성평가, 산업 위생보호구, 위험성평가, 산업 [""cell_a0f6efa3a648""] False False",KEYWORD_ONLY,keyword match without full direct-evidence combination
01_input\annex_final\annex_logical_rows.csv,lrow_826535957cb0,annex_source,,,,알려야,"4) 건설재해예방전문지도기관은 건설공사도급인이 기술지도에 따라 적절한 조치를 했는지 확인해야 하며, 건설공사도급인 중 건설공사발주자로부터 해당 건설공사를 최초로 도급받은 수급인이 해당 조치를 하지 않은 경우 에는 건설공사발주자에게 그 사실을 알려야 한다. 4) 건설재해예방전문지도기관은 건설공사도급인이 기술지도에 따라 적절한 조치를 했는지 확인해야 하며, 건설공사도급인 중 건설공사발주자로부터 해당 건설공사를 최초로 도급받은 수급인이 해당 조치를 하지 않은 경우 에는 건설공사발주자에게 그 사실을 알려야 한다. [""row_702c53ddc401"", ""row_d56f6cc82975"", ""row_647ae60760b0"", ""row_f4da1add605e""] 50 53 False",KEYWORD_ONLY,keyword match without full direct-evidence combination
01_input\annex_final\annex_logical_rows.csv,lrow_178d55d7052f,annex_source,,,,알려야,"1) 건설재해예방전문지도기관은 기술지도를 한 때마다 기술지도 결과보고서 를 작성하여 지체 없이 다음의 구분에 따른 사람에게 알려야 한다. 1) 건설재해예방전문지도기관은 기술지도를 한 때마다 기술지도 결과보고서 를 작성하여 지체 없이 다음의 구분에 따른 사람에게 알려야 한다. [""row_cd8f33345943"", ""row_b565721b5b11""] 55 56 False",KEYWORD_ONLY,keyword match without full direct-evidence combination
01_input\annex_final\annex_logical_rows.csv,lrow_14972283af83,annex_source,,,,위험성평가,"7. 위험성평가에 관한 사항 7. 위험성평가에 관한 사항 [""row_62ecddec1e75""] 35 35 False",KEYWORD_ONLY,keyword match without full direct-evidence combination
01_input\annex_final\annex_logical_rows.csv,lrow_48189e758486,annex_source,,,,위험성평가,"가. 위험성평가의 실시 시기 및 방법, 절차에 관한 사항 가. 위험성평가의 실시 시기 및 방법, 절차에 관한 사항 [""row_110c2df1552f""] 36 36 False",KEYWORD_ONLY,keyword match without full direct-evidence combination
01_input\annex_final\annex_logical_rows.csv,lrow_6791296423dd,annex_source,,,,위험성평가,"기준에 관한 사항 | 7) 위험성평가에 관한 사항 기준에 관한 사항 | 7) 위험성평가에 관한 사항 [""row_9737329dc512""] 15 15 False",KEYWORD_ONLY,keyword match without full direct-evidence combination
01_input\annex_final\annex_logical_rows.csv,lrow_2c76e48c2c42,annex_source,,,,위험성평가,"관한 사항 10) 무재해운동 추진기법 및 실무에 관한 사항 11) 위험성평가에 관한 사항 12) 그 밖에 안전관리자의 직무 향상 을 위하여 필요한 사항 | 위하여 필요한 사항 관한 사항 10) 무재해운동 추진기법 및 실무에 관한 사항 11) 위험성평가에 관한 사항 12) 그 밖에 안전관리자의 직무 향상 을 위하여 필요한 사항 | 위하여 필요한 사항 [""row_b8255a6eaaeb""] 17 17 False",KEYWORD_ONLY,keyword match without full direct-evidence combination
01_input\annex_final\annex_logical_rows.csv,lrow_293d5583d47a,annex_source,,,,위험성평가,"등) | 7) 위험성평가에 관한 사항 등) | 7) 위험성평가에 관한 사항 [""row_7c2f43f0b237""] 28 28 False",KEYWORD_ONLY,keyword match without full direct-evidence combination
01_input\annex_final\annex_logical_rows.csv,lrow_8329f81a40df,annex_source,,,,위험성평가,"5) 위험성평가의 실시에 관한 사항 | 5) 위험성평가의 실시에 관한 사항 5) 위험성평가의 실시에 관한 사항 | 5) 위험성평가의 실시에 관한 사항 [""row_f3c98e4a8d1d""] 38 38 False",KEYWORD_ONLY,keyword match without full direct-evidence combination
01_input\annex_final\annex_logical_rows.csv,lrow_fd69b87a6a7e,annex_source,,,,위험성평가,"바. 안전보건관 | 1) 위험성평가에 관한 사항 바. 안전보건관 | 1) 위험성평가에 관한 사항 [""row_9c68b722bf57""] 56 56 False",KEYWORD_ONLY,keyword match without full direct-evidence combination
01_input\annex_final\annex_logical_rows.csv,lrow_1d740371e091,annex_source,,,,위험성평가,"7) 기계·전기·화공 등 공학적 기초 지 | 측, 작업환기, 위험성평가 등에 관한 7) 기계·전기·화공 등 공학적 기초 지 | 측, 작업환기, 위험성평가 등에 관한 [""row_c536b1d84113""] 66 66 False",KEYWORD_ONLY,keyword match without full direct-evidence combination
01_input\annex_final\annex_logical_rows.csv,lrow_29d71a5d831e,annex_source,,,,위험성평가,"위험성평가 등에 따른 소요비용 | % 위험성평가 등에 따른 소요비용 | % [""row_9094d3a47cbe""] 9 9 False",KEYWORD_ONLY,keyword match without full direct-evidence combination
01_input\annex_final\annex_logical_rows.csv,lrow_68d71cb6c3db,annex_source,,,,위험성평가,"산업보건 및 건강장해 예방에 관한 사항(폭염ㆍ한파작업으로 인한 건강장해 발생 시 응급조치에 관한 사항을 포함한다) 위험성평가에 관한 사항 유해ㆍ위험 작업환경 관리에 관한 사항 산업안전보건법령 및 산업재해보상보험 제도에 관한 사항 직무스트레스 예방 및 관리에 관한 사항 산업보건 및 건강장해 예방에 관한 사항(폭염ㆍ한파작업으로 인한 건강장해 발생 시 응급조치에 관한 사항을 포함한다) 위험성평가에 관한 사항 유해ㆍ위험 작업환경 관리에 관한 사항 산업안전보건법령 및 산업재해보상보험 제도에 관한 사항 직무스트레스 예방 및 관리에 관한 사항 [""row_b483cea5106c"", ""row_3bd93bcf45e0"", ""row_d5c00f36b4e1"", ""row_99c831b58d4c"", ""row_dc8fe5862af5"", ""row_1b8ea52f06c0""] 3 8 False",KEYWORD_ONLY,keyword match without full direct-evidence combination
01_input\annex_final\annex_logical_rows.csv,lrow_b55f49ad3d31,annex_source,,,,위험성평가,"다) 산업보건 및 건강장해 예방에 관한 사항 위험성평가에 관한 사항 산업안전보건법령 및 산업재해보상보험 제도에 관한 사항 직무스트레스 예방 및 관리에 관한 사항 다) 산업보건 및 건강장해 예방에 관한 사항 위험성평가에 관한 사항 산업안전보건법령 및 산업재해보상보험 제도에 관한 사항 직무스트레스 예방 및 관리에 관한 사항 [""row_81d7362e7cbf"", ""row_d50b572ac02d"", ""row_1c791531fd41"", ""row_86829d3d0ce1"", ""row_594071a6869b""] 2 6 False",KEYWORD_ONLY,keyword match without full direct-evidence combination
01_input\annex_final\annex_logical_rows.csv,lrow_6eff27e3ecc3,annex_source,,,,알려야,"구 | 음을 알려야 하는 장 | 위생구호실 앞 | 4 | 407 구 | 음을 알려야 하는 장 | 위생구호실 앞 | 4 | 407 [""row_674567442642""] 106 106 False",KEYWORD_ONLY,keyword match without full direct-evidence combination
01_input\annex_final\annex_logical_rows.csv,lrow_d53ff423fca6,annex_source,,,,알려야,"구 | 알려야 하는 장소 | 4 | 408 구 | 알려야 하는 장소 | 4 | 408 [""row_2262cc3fcce2""] 109 109 False",KEYWORD_ONLY,keyword match without full direct-evidence combination
01_input\annex_final\annex_logical_rows.csv,lrow_a38a47c8d374,annex_source,,,,알려야,"위생구호실 앞 | 알려야 하는 장소 위생구호실 앞 | 알려야 하는 장소 [""row_b19a835f363a""] 110 110 False",KEYWORD_ONLY,keyword match without full direct-evidence combination
01_input\annex_final\annex_logical_rows.csv,lrow_fbd72a328241,annex_source,,,,위험성평가,"위험성평가 등에 따른 소요비용 위험성평가 등에 따른 소요비용 [""row_186afe252f8b""] 9 9 False",KEYWORD_ONLY,keyword match without full direct-evidence combination
01_input\annex_final\annex_logical_rows.csv,lrow_f5ae7e857314,annex_source,,,,위험성평가,"험 | 시스템안전공학, 인간공학, 위험성평가, 산업재해 조사 및 원인 | 위생보호구, 위험성평가, 산업 험 | 시스템안전공학, 인간공학, 위험성평가, 산업재해 조사 및 원인 | 위생보호구, 위험성평가, 산업 [""row_3cf381fa40a9""] 33 33 False",KEYWORD_ONLY,keyword match without full direct-evidence combination
01_input\annex_final\annex_logical_rows_dup1.csv,lrow_826535957cb0,annex_source,,,,알려야,"4) 건설재해예방전문지도기관은 건설공사도급인이 기술지도에 따라 적절한 조치를 했는지 확인해야 하며, 건설공사도급인 중 건설공사발주자로부터 해당 건설공사를 최초로 도급받은 수급인이 해당 조치를 하지 않은 경우 에는 건설공사발주자에게 그 사실을 알려야 한다. 4) 건설재해예방전문지도기관은 건설공사도급인이 기술지도에 따라 적절한 조치를 했는지 확인해야 하며, 건설공사도급인 중 건설공사발주자로부터 해당 건설공사를 최초로 도급받은 수급인이 해당 조치를 하지 않은 경우 에는 건설공사발주자에게 그 사실을 알려야 한다. [""row_702c53ddc401"", ""row_d56f6cc82975"", ""row_647ae60760b0"", ""row_f4da1add605e""] 50 53 False",KEYWORD_ONLY,keyword match without full direct-evidence combination
01_input\annex_final\annex_logical_rows_dup1.csv,lrow_178d55d7052f,annex_source,,,,알려야,"1) 건설재해예방전문지도기관은 기술지도를 한 때마다 기술지도 결과보고서 를 작성하여 지체 없이 다음의 구분에 따른 사람에게 알려야 한다. 1) 건설재해예방전문지도기관은 기술지도를 한 때마다 기술지도 결과보고서 를 작성하여 지체 없이 다음의 구분에 따른 사람에게 알려야 한다. [""row_cd8f33345943"", ""row_b565721b5b11""] 55 56 False",KEYWORD_ONLY,keyword match without full direct-evidence combination
01_input\annex_final\annex_logical_rows_dup1.csv,lrow_14972283af83,annex_source,,,,위험성평가,"7. 위험성평가에 관한 사항 7. 위험성평가에 관한 사항 [""row_62ecddec1e75""] 35 35 False",KEYWORD_ONLY,keyword match without full direct-evidence combination
01_input\annex_final\annex_logical_rows_dup1.csv,lrow_48189e758486,annex_source,,,,위험성평가,"가. 위험성평가의 실시 시기 및 방법, 절차에 관한 사항 가. 위험성평가의 실시 시기 및 방법, 절차에 관한 사항 [""row_110c2df1552f""] 36 36 False",KEYWORD_ONLY,keyword match without full direct-evidence combination
01_input\annex_final\annex_logical_rows_dup1.csv,lrow_6791296423dd,annex_source,,,,위험성평가,"기준에 관한 사항 | 7) 위험성평가에 관한 사항 기준에 관한 사항 | 7) 위험성평가에 관한 사항 [""row_9737329dc512""] 15 15 False",KEYWORD_ONLY,keyword match without full direct-evidence combination
01_input\annex_final\annex_logical_rows_dup1.csv,lrow_2c76e48c2c42,annex_source,,,,위험성평가,"관한 사항 10) 무재해운동 추진기법 및 실무에 관한 사항 11) 위험성평가에 관한 사항 12) 그 밖에 안전관리자의 직무 향상 을 위하여 필요한 사항 | 위하여 필요한 사항 관한 사항 10) 무재해운동 추진기법 및 실무에 관한 사항 11) 위험성평가에 관한 사항 12) 그 밖에 안전관리자의 직무 향상 을 위하여 필요한 사항 | 위하여 필요한 사항 [""row_b8255a6eaaeb""] 17 17 False",KEYWORD_ONLY,keyword match without full direct-evidence combination
01_input\annex_final\annex_logical_rows_dup1.csv,lrow_293d5583d47a,annex_source,,,,위험성평가,"등) | 7) 위험성평가에 관한 사항 등) | 7) 위험성평가에 관한 사항 [""row_7c2f43f0b237""] 28 28 False",KEYWORD_ONLY,keyword match without full direct-evidence combination
01_input\annex_final\annex_logical_rows_dup1.csv,lrow_8329f81a40df,annex_source,,,,위험성평가,"5) 위험성평가의 실시에 관한 사항 | 5) 위험성평가의 실시에 관한 사항 5) 위험성평가의 실시에 관한 사항 | 5) 위험성평가의 실시에 관한 사항 [""row_f3c98e4a8d1d""] 38 38 False",KEYWORD_ONLY,keyword match without full direct-evidence combination
01_input\annex_final\annex_logical_rows_dup1.csv,lrow_fd69b87a6a7e,annex_source,,,,위험성평가,"바. 안전보건관 | 1) 위험성평가에 관한 사항 바. 안전보건관 | 1) 위험성평가에 관한 사항 [""row_9c68b722bf57""] 56 56 False",KEYWORD_ONLY,keyword match without full direct-evidence combination
01_input\annex_final\annex_logical_rows_dup1.csv,lrow_1d740371e091,annex_source,,,,위험성평가,"7) 기계·전기·화공 등 공학적 기초 지 | 측, 작업환기, 위험성평가 등에 관한 7) 기계·전기·화공 등 공학적 기초 지 | 측, 작업환기, 위험성평가 등에 관한 [""row_c536b1d84113""] 66 66 False",KEYWORD_ONLY,keyword match without full direct-evidence combination
01_input\annex_final\annex_logical_rows_dup1.csv,lrow_29d71a5d831e,annex_source,,,,위험성평가,"위험성평가 등에 따른 소요비용 | % 위험성평가 등에 따른 소요비용 | % [""row_9094d3a47cbe""] 9 9 False",KEYWORD_ONLY,keyword match without full direct-evidence combination
01_input\annex_final\annex_logical_rows_dup1.csv,lrow_68d71cb6c3db,annex_source,,,,위험성평가,"산업보건 및 건강장해 예방에 관한 사항(폭염ㆍ한파작업으로 인한 건강장해 발생 시 응급조치에 관한 사항을 포함한다) 위험성평가에 관한 사항 유해ㆍ위험 작업환경 관리에 관한 사항 산업안전보건법령 및 산업재해보상보험 제도에 관한 사항 직무스트레스 예방 및 관리에 관한 사항 산업보건 및 건강장해 예방에 관한 사항(폭염ㆍ한파작업으로 인한 건강장해 발생 시 응급조치에 관한 사항을 포함한다) 위험성평가에 관한 사항 유해ㆍ위험 작업환경 관리에 관한 사항 산업안전보건법령 및 산업재해보상보험 제도에 관한 사항 직무스트레스 예방 및 관리에 관한 사항 [""row_b483cea5106c"", ""row_3bd93bcf45e0"", ""row_d5c00f36b4e1"", ""row_99c831b58d4c"", ""row_dc8fe5862af5"", ""row_1b8ea52f06c0""] 3 8 False",KEYWORD_ONLY,keyword match without full direct-evidence combination
01_input\annex_final\annex_logical_rows_dup1.csv,lrow_b55f49ad3d31,annex_source,,,,위험성평가,"다) 산업보건 및 건강장해 예방에 관한 사항 위험성평가에 관한 사항 산업안전보건법령 및 산업재해보상보험 제도에 관한 사항 직무스트레스 예방 및 관리에 관한 사항 다) 산업보건 및 건강장해 예방에 관한 사항 위험성평가에 관한 사항 산업안전보건법령 및 산업재해보상보험 제도에 관한 사항 직무스트레스 예방 및 관리에 관한 사항 [""row_81d7362e7cbf"", ""row_d50b572ac02d"", ""row_1c791531fd41"", ""row_86829d3d0ce1"", ""row_594071a6869b""] 2 6 False",KEYWORD_ONLY,keyword match without full direct-evidence combination
01_input\annex_final\annex_logical_rows_dup1.csv,lrow_6eff27e3ecc3,annex_source,,,,알려야,"구 | 음을 알려야 하는 장 | 위생구호실 앞 | 4 | 407 구 | 음을 알려야 하는 장 | 위생구호실 앞 | 4 | 407 [""row_674567442642""] 106 106 False",KEYWORD_ONLY,keyword match without full direct-evidence combination
01_input\annex_final\annex_logical_rows_dup1.csv,lrow_d53ff423fca6,annex_source,,,,알려야,"구 | 알려야 하는 장소 | 4 | 408 구 | 알려야 하는 장소 | 4 | 408 [""row_2262cc3fcce2""] 109 109 False",KEYWORD_ONLY,keyword match without full direct-evidence combination
01_input\annex_final\annex_logical_rows_dup1.csv,lrow_a38a47c8d374,annex_source,,,,알려야,"위생구호실 앞 | 알려야 하는 장소 위생구호실 앞 | 알려야 하는 장소 [""row_b19a835f363a""] 110 110 False",KEYWORD_ONLY,keyword match without full direct-evidence combination
01_input\annex_final\annex_logical_rows_dup1.csv,lrow_fbd72a328241,annex_source,,,,위험성평가,"위험성평가 등에 따른 소요비용 위험성평가 등에 따른 소요비용 [""row_186afe252f8b""] 9 9 False",KEYWORD_ONLY,keyword match without full direct-evidence combination
01_input\annex_final\annex_logical_rows_dup1.csv,lrow_f5ae7e857314,annex_source,,,,위험성평가,"험 | 시스템안전공학, 인간공학, 위험성평가, 산업재해 조사 및 원인 | 위생보호구, 위험성평가, 산업 험 | 시스템안전공학, 인간공학, 위험성평가, 산업재해 조사 및 원인 | 위생보호구, 위험성평가, 산업 [""row_3cf381fa40a9""] 33 33 False",KEYWORD_ONLY,keyword match without full direct-evidence combination
01_input\annex_final\annex_physical_cells.csv,5f199362d71a4d999a3dcc83de7bb220bd6d1d13,annex_source,,,,위험성평가,○ 위험성평가에 관한 사항 위험성평가에 관한 사항,KEYWORD_ONLY,keyword match without full direct-evidence combination
01_input\annex_final\annex_physical_cells.csv,5f199362d71a4d999a3dcc83de7bb220bd6d1d13,annex_source,,,,위험성평가,○ 위험성평가에 관한 사항 위험성평가에 관한 사항,KEYWORD_ONLY,keyword match without full direct-evidence combination
01_input\annex_final\annex_physical_cells.csv,5f199362d71a4d999a3dcc83de7bb220bd6d1d13,annex_source,,,,위험성평가,7) 위험성평가에 관한 사항 7) 위험성평가에 관한 사항,KEYWORD_ONLY,keyword match without full direct-evidence combination
01_input\annex_final\annex_physical_cells.csv,5f199362d71a4d999a3dcc83de7bb220bd6d1d13,annex_source,,,,위험성평가,관한 사항 10) 무재해운동 추진기법 및 실무에 관한 사항 11) 위험성평가에 관한 사항 12) 그 밖에 안전관리자의 직무 향상 을 위하여 필요한 사항 관한 사항 10) 무재해운동 추진기법 및 실무에 관한 사항 11) 위험성평가에 관한 사항 12) 그 밖에 안전관리자의 직무 향상 을 위하여 필요한 사항,KEYWORD_ONLY,keyword match without full direct-evidence combination
01_input\annex_final\annex_physical_cells.csv,5f199362d71a4d999a3dcc83de7bb220bd6d1d13,annex_source,,,,위험성평가,7) 위험성평가에 관한 사항 7) 위험성평가에 관한 사항,KEYWORD_ONLY,keyword match without full direct-evidence combination
01_input\annex_final\annex_physical_cells.csv,5f199362d71a4d999a3dcc83de7bb220bd6d1d13,annex_source,,,,위험성평가,5) 위험성평가의 실시에 관한 사항 5) 위험성평가의 실시에 관한 사항,KEYWORD_ONLY,keyword match without full direct-evidence combination
01_input\annex_final\annex_physical_cells.csv,5f199362d71a4d999a3dcc83de7bb220bd6d1d13,annex_source,,,,위험성평가,5) 위험성평가의 실시에 관한 사항 5) 위험성평가의 실시에 관한 사항,KEYWORD_ONLY,keyword match without full direct-evidence combination
01_input\annex_final\annex_physical_cells.csv,5f199362d71a4d999a3dcc83de7bb220bd6d1d13,annex_source,,,,위험성평가,1) 위험성평가에 관한 사항 1) 위험성평가에 관한 사항,KEYWORD_ONLY,keyword match without full direct-evidence combination
01_input\annex_final\annex_physical_cells.csv,5f199362d71a4d999a3dcc83de7bb220bd6d1d13,annex_source,,,,위험성평가,"측, 작업환기, 위험성평가 등에 관한 측, 작업환기, 위험성평가 등에 관한",KEYWORD_ONLY,keyword match without full direct-evidence combination
01_input\annex_final\annex_physical_cells.csv,c4e61dfbf07affeeb73bb49bd38ac328f48c277c,annex_source,,,,알려야,음을 알려야 하는 장 음을 알려야 하는 장,KEYWORD_ONLY,keyword match without full direct-evidence combination
01_input\annex_final\annex_physical_cells.csv,c4e61dfbf07affeeb73bb49bd38ac328f48c277c,annex_source,,,,알려야,알려야 하는 장소 알려야 하는 장소,KEYWORD_ONLY,keyword match without full direct-evidence combination
01_input\annex_final\annex_physical_cells.csv,c4e61dfbf07affeeb73bb49bd38ac328f48c277c,annex_source,,,,알려야,알려야 하는 장소 알려야 하는 장소,KEYWORD_ONLY,keyword match without full direct-evidence combination
01_input\annex_final\annex_physical_cells.csv,c47ea0c35e1742987cd833491b6fc7647aa3ec46,annex_source,,,,위험성평가,위험성평가 등에 따른 소요비용 위험성평가 등에 따른 소요비용,KEYWORD_ONLY,keyword match without full direct-evidence combination
01_input\annex_final\annex_physical_cells.csv,c47ea0c35e1742987cd833491b6fc7647aa3ec46,annex_source,,,,위험성평가,위험성평가 등에 따른 소요비용 위험성평가 등에 따른 소요비용,KEYWORD_ONLY,keyword match without full direct-evidence combination
01_input\annex_final\annex_physical_cells.csv,c8b1e2fc18d4dd52668d08c802a8816125a4bdeb,annex_source,,,,위험성평가,"시스템안전공학, 인간공학, 위험성평가, 산업재해 조사 및 원인 시스템안전공학, 인간공학, 위험성평가, 산업재해 조사 및 원인",KEYWORD_ONLY,keyword match without full direct-evidence combination
01_input\annex_final\annex_physical_cells.csv,c8b1e2fc18d4dd52668d08c802a8816125a4bdeb,annex_source,,,,위험성평가,"위생보호구, 위험성평가, 산업 위생보호구, 위험성평가, 산업",KEYWORD_ONLY,keyword match without full direct-evidence combination
01_input\annex_final\annex_physical_rows.csv,2882895ecf2cce09e35e4b027da81c8c647e4400,annex_source,,,,위험성평가,7. 위험성평가에 관한 사항 7. 위험성평가에 관한 사항,KEYWORD_ONLY,keyword match without full direct-evidence combination
01_input\annex_final\annex_physical_rows.csv,2882895ecf2cce09e35e4b027da81c8c647e4400,annex_source,,,,위험성평가,"가. 위험성평가의 실시 시기 및 방법, 절차에 관한 사항 가. 위험성평가의 실시 시기 및 방법, 절차에 관한 사항",KEYWORD_ONLY,keyword match without full direct-evidence combination
01_input\annex_final\annex_physical_rows.csv,5f199362d71a4d999a3dcc83de7bb220bd6d1d13,annex_source,,,,위험성평가,○ 위험성평가에 관한 사항 위험성평가에 관한 사항,KEYWORD_ONLY,keyword match without full direct-evidence combination
01_input\annex_final\annex_physical_rows.csv,5f199362d71a4d999a3dcc83de7bb220bd6d1d13,annex_source,,,,위험성평가,○ 위험성평가에 관한 사항 위험성평가에 관한 사항,KEYWORD_ONLY,keyword match without full direct-evidence combination
01_input\annex_final\annex_physical_rows.csv,5f199362d71a4d999a3dcc83de7bb220bd6d1d13,annex_source,,,,위험성평가,기준에 관한 사항 | 7) 위험성평가에 관한 사항 기준에 관한 사항 | 7) 위험성평가에 관한 사항,KEYWORD_ONLY,keyword match without full direct-evidence combination
01_input\annex_final\annex_physical_rows.csv,5f199362d71a4d999a3dcc83de7bb220bd6d1d13,annex_source,,,,위험성평가,관한 사항 10) 무재해운동 추진기법 및 실무에 관한 사항 11) 위험성평가에 관한 사항 12) 그 밖에 안전관리자의 직무 향상 을 위하여 필요한 사항 | 위하여 필요한 사항 관한 사항 10) 무재해운동 추진기법 및 실무에 관한 사항 11) 위험성평가에 관한 사항 12) 그 밖에 안전관리자의 직무 향상 을 위하여 필요한 사항 | 위하여 필요한 사항,KEYWORD_ONLY,keyword match without full direct-evidence combination
01_input\annex_final\annex_physical_rows.csv,5f199362d71a4d999a3dcc83de7bb220bd6d1d13,annex_source,,,,위험성평가,등) | 7) 위험성평가에 관한 사항 등) | 7) 위험성평가에 관한 사항,KEYWORD_ONLY,keyword match without full direct-evidence combination
01_input\annex_final\annex_physical_rows.csv,5f199362d71a4d999a3dcc83de7bb220bd6d1d13,annex_source,,,,위험성평가,5) 위험성평가의 실시에 관한 사항 | 5) 위험성평가의 실시에 관한 사항 5) 위험성평가의 실시에 관한 사항 | 5) 위험성평가의 실시에 관한 사항,KEYWORD_ONLY,keyword match without full direct-evidence combination
01_input\annex_final\annex_physical_rows.csv,5f199362d71a4d999a3dcc83de7bb220bd6d1d13,annex_source,,,,위험성평가,바. 안전보건관 | 1) 위험성평가에 관한 사항 바. 안전보건관 | 1) 위험성평가에 관한 사항,KEYWORD_ONLY,keyword match without full direct-evidence combination
01_input\annex_final\annex_physical_rows.csv,5f199362d71a4d999a3dcc83de7bb220bd6d1d13,annex_source,,,,위험성평가,"7) 기계·전기·화공 등 공학적 기초 지 | 측, 작업환기, 위험성평가 등에 관한 7) 기계·전기·화공 등 공학적 기초 지 | 측, 작업환기, 위험성평가 등에 관한",KEYWORD_ONLY,keyword match without full direct-evidence combination
01_input\annex_final\annex_physical_rows.csv,c4e61dfbf07affeeb73bb49bd38ac328f48c277c,annex_source,,,,알려야,구 | 음을 알려야 하는 장 | 위생구호실 앞 | | 구 | 음을 알려야 하는 장 | 위생구호실 앞 | |,KEYWORD_ONLY,keyword match without full direct-evidence combination
01_input\annex_final\annex_physical_rows.csv,c4e61dfbf07affeeb73bb49bd38ac328f48c277c,annex_source,,,,알려야,구 | 알려야 하는 장소 | | | 구 | 알려야 하는 장소 | | |,KEYWORD_ONLY,keyword match without full direct-evidence combination
01_input\annex_final\annex_physical_rows.csv,c47ea0c35e1742987cd833491b6fc7647aa3ec46,annex_source,,,,위험성평가,위험성평가 등에 따른 소요비용 | | % 위험성평가 등에 따른 소요비용 | | %,KEYWORD_ONLY,keyword match without full direct-evidence combination
01_input\annex_final\annex_physical_rows.csv,c47ea0c35e1742987cd833491b6fc7647aa3ec46,annex_source,,,,위험성평가,위험성평가 등에 따른 소요비용 | | | | | | 위험성평가 등에 따른 소요비용 | | | | | |,KEYWORD_ONLY,keyword match without full direct-evidence combination
01_input\annex_final\annex_physical_rows.csv,1f77fcb4a8fefeadca049599bbfd658dc9db8c5a,annex_source,,,,알려야,에는 건설공사발주자에게 그 사실을 알려야 한다. 에는 건설공사발주자에게 그 사실을 알려야 한다.,KEYWORD_ONLY,keyword match without full direct-evidence combination
01_input\annex_final\annex_physical_rows.csv,1f77fcb4a8fefeadca049599bbfd658dc9db8c5a,annex_source,,,,알려야,를 작성하여 지체 없이 다음의 구분에 따른 사람에게 알려야 한다. 를 작성하여 지체 없이 다음의 구분에 따른 사람에게 알려야 한다.,KEYWORD_ONLY,keyword match without full direct-evidence combination
01_input\annex_final\annex_physical_rows.csv,c8b1e2fc18d4dd52668d08c802a8816125a4bdeb,annex_source,,,,위험성평가,"험 | 시스템안전공학, 인간공학, 위험성평가, 산업재해 조사 및 원인 | 위생보호구, 위험성평가, 산업 | | | 험 | 시스템안전공학, 인간공학, 위험성평가, 산업재해 조사 및 원인 | 위생보호구, 위험성평가, 산업 | | |",KEYWORD_ONLY,keyword match without full direct-evidence combination
01_input\annex_final\annex_physical_tables.csv,5f199362d71a4d999a3dcc83de7bb220bd6d1d13,annex_source,,,,위험성평가,"┌────────────────────────────────────────────────┐ │교육내용 │ ├────────────────────────────────────────────────┤ │○ 산업안전 및 산업재해 예방에 관한 사항(화재ㆍ폭발 사고 발생 시 대피에 관한 사항을 포함한 │ │다) │ │○ 산업보건 및 건강장해 예방에 관한 사항 │ │○ 위험성평가에 관한 사항 │ │○ 산업안전보건법령 및 산업재해보상보험 제도에 관한 사항 │ │○ 직무스트레스 예방 및 관리에 관한 사항 │ │○ 직장 내 괴롭힘, 고객의 폭언 등으로 인한 건강장해 예방 및 관리에 관한 사항 │ │○ 기계ㆍ기구의 위험성과 작업의 순서 및 동선에 관한 사항 │ │○ 작업 개시 전 점검에 관한 사항 │ │○ 물질안전보건자료에 관한 사항 │ │○ 사업장 내 안전보건관리체제 및 안전ㆍ보건조치 현황에 관한 사항 │...",KEYWORD_ONLY,keyword match without full direct-evidence combination
01_input\annex_final\annex_physical_tables.csv,c4e61dfbf07affeeb73bb49bd38ac328f48c277c,annex_source,,,,알려야,"┌──┬───────┬────────────┬────────┬─────────┬────────┐ │분류│종류 │용도 및 설치ㆍ부착 │설치ㆍ부착 │형태 │색채 │ │ │ │장소 │장소 예시 ├───┬─────┤ │ │ │ │ │ │기본 │안전ㆍ │ │ │ │ │ │ │모형 │보건표지 │ │ │ │ │ │ │번호 │일람표 │ │ │ │ │ │ │ │번호 │ │ ├──┼───────┼────────────┼────────┼───┼─────┼────────┤ │금지│1. 출입금지 │출입을 통제해야할 │조립ㆍ해체 │1 │101 │바탕은 흰색, │ │표지│ │장소 │작업장 입구 │ │ │기본모형은 │ │ │2. 보행금지 │사람이 걸어 다녀서는 │중장비 운전 │1 │102 │빨간색, 관련 │ │ │ │안 될 장소 │작업장 │ │ │부호 및 그림은 │ │ │3. 차량통행 │제반 운반기기 및 차 │집단보행...",KEYWORD_ONLY,keyword match without full direct-evidence combination
01_input\annex_final\annex_physical_tables.csv,c8b1e2fc18d4dd52668d08c802a8816125a4bdeb,annex_source,,,,위험성평가,"│ │과 │기계안전공학 │전기안전공학 │화공안전공학 │건설안전공학 │직업환경의학 │산업위생공학 │ │ │목 │ │ │ │ │ │ │ │ ├──┼───────┼───────┼───────┼───────┼───────┼───────┤ │전│시 │- 기계ㆍ기구 │- 전기기계ㆍ │- 가스ㆍ방화 │- 건설공사용 │- 직업병의 종 │- 산업환기설 │ │공│험 │ㆍ설비의 안 │기구 등으로 │및 방폭설비 │가설구조물 │류 및 인체 │비의 설계, │ │필│범 │전 등(위험 │인한 위험 │등, 화학장치 │ㆍ기계ㆍ기 │발병경로, 직 │시스템의 성 │ │수│위 │기계ㆍ양중 │방지 등(전 │ㆍ설비안전 │구 등의 안 │업병의 증상 │능검사ㆍ유 │ │ │ │기ㆍ운반기 │기방폭설비 │및 방식기술 │전기술 등 │판단 및 대 │지관리기술 │ │ │ │계ㆍ압력용 │포함) │등 │- 건설공법 및 │책 등 │등 │ │ │ │기...",KEYWORD_ONLY,keyword match without full direct-evidence combination
01_input\annex_final\annex_sections.csv,2882895ecf2cce09e35e4b027da81c8c647e4400,annex_source,,,,위험성평가,7. 위험성평가에 관한 사항,KEYWORD_ONLY,keyword match without full direct-evidence combination
01_input\annex_final\annex_sections_dup1.csv,2882895ecf2cce09e35e4b027da81c8c647e4400,annex_source,,,,위험성평가,7. 위험성평가에 관한 사항,KEYWORD_ONLY,keyword match without full direct-evidence combination
graph_rag_knowledgement\document_graph\source_annex\annex_logical_cells.csv,lrow_826535957cb0,annex_source,,,,알려야,"4) 건설재해예방전문지도기관은 건설공사도급인이 기술지도에 따라 적절한 조치를 했는지 확인해야 하며, 건설공사도급인 중 건설공사발주자로부터 해당 건설공사를 최초로 도급받은 수급인이 해당 조치를 하지 않은 경우 에는 건설공사발주자에게 그 사실을 알려야 한다. 4) 건설재해예방전문지도기관은 건설공사도급인이 기술지도에 따라 적절한 조치를 했는지 확인해야 하며, 건설공사도급인 중 건설공사발주자로부터 해당 건설공사를 최초로 도급받은 수급인이 해당 조치를 하지 않은 경우 에는 건설공사발주자에게 그 사실을 알려야 한다. [] False False",KEYWORD_ONLY,keyword match without full direct-evidence combination
graph_rag_knowledgement\document_graph\source_annex\annex_logical_cells.csv,lrow_178d55d7052f,annex_source,,,,알려야,1) 건설재해예방전문지도기관은 기술지도를 한 때마다 기술지도 결과보고서 를 작성하여 지체 없이 다음의 구분에 따른 사람에게 알려야 한다. 1) 건설재해예방전문지도기관은 기술지도를 한 때마다 기술지도 결과보고서 를 작성하여 지체 없이 다음의 구분에 따른 사람에게 알려야 한다. [] False False,KEYWORD_ONLY,keyword match without full direct-evidence combination
graph_rag_knowledgement\document_graph\source_annex\annex_logical_cells.csv,lrow_14972283af83,annex_source,,,,위험성평가,7. 위험성평가에 관한 사항 7. 위험성평가에 관한 사항 [] False False,KEYWORD_ONLY,keyword match without full direct-evidence combination
graph_rag_knowledgement\document_graph\source_annex\annex_logical_cells.csv,lrow_48189e758486,annex_source,,,,위험성평가,"가. 위험성평가의 실시 시기 및 방법, 절차에 관한 사항 가. 위험성평가의 실시 시기 및 방법, 절차에 관한 사항 [] False False",KEYWORD_ONLY,keyword match without full direct-evidence combination
graph_rag_knowledgement\document_graph\source_annex\annex_logical_cells.csv,lrow_6791296423dd,annex_source,,,,위험성평가,"7) 위험성평가에 관한 사항 7) 위험성평가에 관한 사항 [""cell_22c15e791daa""] False False",KEYWORD_ONLY,keyword match without full direct-evidence combination
graph_rag_knowledgement\document_graph\source_annex\annex_logical_cells.csv,lrow_2c76e48c2c42,annex_source,,,,위험성평가,"관한 사항 10) 무재해운동 추진기법 및 실무에 관한 사항 11) 위험성평가에 관한 사항 12) 그 밖에 안전관리자의 직무 향상 을 위하여 필요한 사항 관한 사항 10) 무재해운동 추진기법 및 실무에 관한 사항 11) 위험성평가에 관한 사항 12) 그 밖에 안전관리자의 직무 향상 을 위하여 필요한 사항 [""cell_2231d98ebfb0""] False False",KEYWORD_ONLY,keyword match without full direct-evidence combination
graph_rag_knowledgement\document_graph\source_annex\annex_logical_cells.csv,lrow_293d5583d47a,annex_source,,,,위험성평가,"7) 위험성평가에 관한 사항 7) 위험성평가에 관한 사항 [""cell_fdc04a758ae7""] False False",KEYWORD_ONLY,keyword match without full direct-evidence combination
graph_rag_knowledgement\document_graph\source_annex\annex_logical_cells.csv,lrow_8329f81a40df,annex_source,,,,위험성평가,"5) 위험성평가의 실시에 관한 사항 5) 위험성평가의 실시에 관한 사항 [""cell_06f6f7da3a28""] False False",KEYWORD_ONLY,keyword match without full direct-evidence combination
graph_rag_knowledgement\document_graph\source_annex\annex_logical_cells.csv,lrow_8329f81a40df,annex_source,,,,위험성평가,"5) 위험성평가의 실시에 관한 사항 5) 위험성평가의 실시에 관한 사항 [""cell_6d2d456e5c0f""] False False",KEYWORD_ONLY,keyword match without full direct-evidence combination
graph_rag_knowledgement\document_graph\source_annex\annex_logical_cells.csv,lrow_fd69b87a6a7e,annex_source,,,,위험성평가,"1) 위험성평가에 관한 사항 1) 위험성평가에 관한 사항 [""cell_0f7d934981fa""] False False",KEYWORD_ONLY,keyword match without full direct-evidence combination
graph_rag_knowledgement\document_graph\source_annex\annex_logical_cells.csv,lrow_1d740371e091,annex_source,,,,위험성평가,"측, 작업환기, 위험성평가 등에 관한 측, 작업환기, 위험성평가 등에 관한 [""cell_b66ba06a20f0""] False False",KEYWORD_ONLY,keyword match without full direct-evidence combination
graph_rag_knowledgement\document_graph\source_annex\annex_logical_cells.csv,lrow_29d71a5d831e,annex_source,,,,위험성평가,"위험성평가 등에 따른 소요비용 위험성평가 등에 따른 소요비용 [""cell_90b32719a14c""] False False",KEYWORD_ONLY,keyword match without full direct-evidence combination
graph_rag_knowledgement\document_graph\source_annex\annex_logical_cells.csv,lrow_68d71cb6c3db,annex_source,,,,위험성평가,"산업보건 및 건강장해 예방에 관한 사항(폭염ㆍ한파작업으로 인한 건강장해 발생 시 응급조치에 관한 사항을 포함한다) 위험성평가에 관한 사항 유해ㆍ위험 작업환경 관리에 관한 사항 산업안전보건법령 및 산업재해보상보험 제도에 관한 사항 직무스트레스 예방 및 관리에 관한 사항 산업보건 및 건강장해 예방에 관한 사항(폭염ㆍ한파작업으로 인한 건강장해 발생 시 응급조치에 관한 사항을 포함한다) 위험성평가에 관한 사항 유해ㆍ위험 작업환경 관리에 관한 사항 산업안전보건법령 및 산업재해보상보험 제도에 관한 사항 직무스트레스 예방 및 관리에 관한 사항 [""cell_212627c0d0ac"", ""cell_444e1ad72d49"", ""cell_fc9a0e72b0de"", ""cell_b8effe4fcb76"", ""cell_c9b6b7f523da"", ""cell_1243a1123440""] False False",KEYWORD_ONLY,keyword match without full direct-evidence combination
graph_rag_knowledgement\document_graph\source_annex\annex_logical_cells.csv,lrow_b55f49ad3d31,annex_source,,,,위험성평가,"다) 산업보건 및 건강장해 예방에 관한 사항 위험성평가에 관한 사항 산업안전보건법령 및 산업재해보상보험 제도에 관한 사항 직무스트레스 예방 및 관리에 관한 사항 다) 산업보건 및 건강장해 예방에 관한 사항 위험성평가에 관한 사항 산업안전보건법령 및 산업재해보상보험 제도에 관한 사항 직무스트레스 예방 및 관리에 관한 사항 [""cell_12c05210f53f"", ""cell_f35c044bceb1"", ""cell_8c54faa3207b"", ""cell_7b1db1310988"", ""cell_4ce870eddbe6""] False False",KEYWORD_ONLY,keyword match without full direct-evidence combination
graph_rag_knowledgement\document_graph\source_annex\annex_logical_cells.csv,lrow_6eff27e3ecc3,annex_source,,,,알려야,"음을 알려야 하는 장 음을 알려야 하는 장 [""cell_5c7dd3265e0e""] False False",KEYWORD_ONLY,keyword match without full direct-evidence combination
graph_rag_knowledgement\document_graph\source_annex\annex_logical_cells.csv,lrow_d53ff423fca6,annex_source,,,,알려야,"알려야 하는 장소 알려야 하는 장소 [""cell_3850f786b516""] False False",KEYWORD_ONLY,keyword match without full direct-evidence combination
graph_rag_knowledgement\document_graph\source_annex\annex_logical_cells.csv,lrow_a38a47c8d374,annex_source,,,,알려야,"알려야 하는 장소 알려야 하는 장소 [""cell_b4e56d8da59d""] True True",KEYWORD_ONLY,keyword match without full direct-evidence combination
graph_rag_knowledgement\document_graph\source_annex\annex_logical_cells.csv,lrow_fbd72a328241,annex_source,,,,위험성평가,"위험성평가 등에 따른 소요비용 위험성평가 등에 따른 소요비용 [""cell_ed4bb36f2717""] False False",KEYWORD_ONLY,keyword match without full direct-evidence combination
graph_rag_knowledgement\document_graph\source_annex\annex_logical_cells.csv,lrow_f5ae7e857314,annex_source,,,,위험성평가,"시스템안전공학, 인간공학, 위험성평가, 산업재해 조사 및 원인 시스템안전공학, 인간공학, 위험성평가, 산업재해 조사 및 원인 [""cell_a8f1070ae075""] False False",KEYWORD_ONLY,keyword match without full direct-evidence combination
graph_rag_knowledgement\document_graph\source_annex\annex_logical_cells.csv,lrow_f5ae7e857314,annex_source,,,,위험성평가,"위생보호구, 위험성평가, 산업 위생보호구, 위험성평가, 산업 [""cell_a0f6efa3a648""] False False",KEYWORD_ONLY,keyword match without full direct-evidence combination
graph_rag_knowledgement\document_graph\source_annex\annex_logical_rows.csv,lrow_826535957cb0,annex_source,,,,알려야,"4) 건설재해예방전문지도기관은 건설공사도급인이 기술지도에 따라 적절한 조치를 했는지 확인해야 하며, 건설공사도급인 중 건설공사발주자로부터 해당 건설공사를 최초로 도급받은 수급인이 해당 조치를 하지 않은 경우 에는 건설공사발주자에게 그 사실을 알려야 한다. 4) 건설재해예방전문지도기관은 건설공사도급인이 기술지도에 따라 적절한 조치를 했는지 확인해야 하며, 건설공사도급인 중 건설공사발주자로부터 해당 건설공사를 최초로 도급받은 수급인이 해당 조치를 하지 않은 경우 에는 건설공사발주자에게 그 사실을 알려야 한다. [""row_702c53ddc401"", ""row_d56f6cc82975"", ""row_647ae60760b0"", ""row_f4da1add605e""] 50 53 False",KEYWORD_ONLY,keyword match without full direct-evidence combination
graph_rag_knowledgement\document_graph\source_annex\annex_logical_rows.csv,lrow_178d55d7052f,annex_source,,,,알려야,"1) 건설재해예방전문지도기관은 기술지도를 한 때마다 기술지도 결과보고서 를 작성하여 지체 없이 다음의 구분에 따른 사람에게 알려야 한다. 1) 건설재해예방전문지도기관은 기술지도를 한 때마다 기술지도 결과보고서 를 작성하여 지체 없이 다음의 구분에 따른 사람에게 알려야 한다. [""row_cd8f33345943"", ""row_b565721b5b11""] 55 56 False",KEYWORD_ONLY,keyword match without full direct-evidence combination
graph_rag_knowledgement\document_graph\source_annex\annex_logical_rows.csv,lrow_14972283af83,annex_source,,,,위험성평가,"7. 위험성평가에 관한 사항 7. 위험성평가에 관한 사항 [""row_62ecddec1e75""] 35 35 False",KEYWORD_ONLY,keyword match without full direct-evidence combination
graph_rag_knowledgement\document_graph\source_annex\annex_logical_rows.csv,lrow_48189e758486,annex_source,,,,위험성평가,"가. 위험성평가의 실시 시기 및 방법, 절차에 관한 사항 가. 위험성평가의 실시 시기 및 방법, 절차에 관한 사항 [""row_110c2df1552f""] 36 36 False",KEYWORD_ONLY,keyword match without full direct-evidence combination
graph_rag_knowledgement\document_graph\source_annex\annex_logical_rows.csv,lrow_6791296423dd,annex_source,,,,위험성평가,"기준에 관한 사항 | 7) 위험성평가에 관한 사항 기준에 관한 사항 | 7) 위험성평가에 관한 사항 [""row_9737329dc512""] 15 15 False",KEYWORD_ONLY,keyword match without full direct-evidence combination
graph_rag_knowledgement\document_graph\source_annex\annex_logical_rows.csv,lrow_2c76e48c2c42,annex_source,,,,위험성평가,"관한 사항 10) 무재해운동 추진기법 및 실무에 관한 사항 11) 위험성평가에 관한 사항 12) 그 밖에 안전관리자의 직무 향상 을 위하여 필요한 사항 | 위하여 필요한 사항 관한 사항 10) 무재해운동 추진기법 및 실무에 관한 사항 11) 위험성평가에 관한 사항 12) 그 밖에 안전관리자의 직무 향상 을 위하여 필요한 사항 | 위하여 필요한 사항 [""row_b8255a6eaaeb""] 17 17 False",KEYWORD_ONLY,keyword match without full direct-evidence combination
graph_rag_knowledgement\document_graph\source_annex\annex_logical_rows.csv,lrow_293d5583d47a,annex_source,,,,위험성평가,"등) | 7) 위험성평가에 관한 사항 등) | 7) 위험성평가에 관한 사항 [""row_7c2f43f0b237""] 28 28 False",KEYWORD_ONLY,keyword match without full direct-evidence combination
graph_rag_knowledgement\document_graph\source_annex\annex_logical_rows.csv,lrow_8329f81a40df,annex_source,,,,위험성평가,"5) 위험성평가의 실시에 관한 사항 | 5) 위험성평가의 실시에 관한 사항 5) 위험성평가의 실시에 관한 사항 | 5) 위험성평가의 실시에 관한 사항 [""row_f3c98e4a8d1d""] 38 38 False",KEYWORD_ONLY,keyword match without full direct-evidence combination
graph_rag_knowledgement\document_graph\source_annex\annex_logical_rows.csv,lrow_fd69b87a6a7e,annex_source,,,,위험성평가,"바. 안전보건관 | 1) 위험성평가에 관한 사항 바. 안전보건관 | 1) 위험성평가에 관한 사항 [""row_9c68b722bf57""] 56 56 False",KEYWORD_ONLY,keyword match without full direct-evidence combination
graph_rag_knowledgement\document_graph\source_annex\annex_logical_rows.csv,lrow_1d740371e091,annex_source,,,,위험성평가,"7) 기계·전기·화공 등 공학적 기초 지 | 측, 작업환기, 위험성평가 등에 관한 7) 기계·전기·화공 등 공학적 기초 지 | 측, 작업환기, 위험성평가 등에 관한 [""row_c536b1d84113""] 66 66 False",KEYWORD_ONLY,keyword match without full direct-evidence combination
graph_rag_knowledgement\document_graph\source_annex\annex_logical_rows.csv,lrow_29d71a5d831e,annex_source,,,,위험성평가,"위험성평가 등에 따른 소요비용 | % 위험성평가 등에 따른 소요비용 | % [""row_9094d3a47cbe""] 9 9 False",KEYWORD_ONLY,keyword match without full direct-evidence combination
graph_rag_knowledgement\document_graph\source_annex\annex_logical_rows.csv,lrow_68d71cb6c3db,annex_source,,,,위험성평가,"산업보건 및 건강장해 예방에 관한 사항(폭염ㆍ한파작업으로 인한 건강장해 발생 시 응급조치에 관한 사항을 포함한다) 위험성평가에 관한 사항 유해ㆍ위험 작업환경 관리에 관한 사항 산업안전보건법령 및 산업재해보상보험 제도에 관한 사항 직무스트레스 예방 및 관리에 관한 사항 산업보건 및 건강장해 예방에 관한 사항(폭염ㆍ한파작업으로 인한 건강장해 발생 시 응급조치에 관한 사항을 포함한다) 위험성평가에 관한 사항 유해ㆍ위험 작업환경 관리에 관한 사항 산업안전보건법령 및 산업재해보상보험 제도에 관한 사항 직무스트레스 예방 및 관리에 관한 사항 [""row_b483cea5106c"", ""row_3bd93bcf45e0"", ""row_d5c00f36b4e1"", ""row_99c831b58d4c"", ""row_dc8fe5862af5"", ""row_1b8ea52f06c0""] 3 8 False",KEYWORD_ONLY,keyword match without full direct-evidence combination
graph_rag_knowledgement\document_graph\source_annex\annex_logical_rows.csv,lrow_b55f49ad3d31,annex_source,,,,위험성평가,"다) 산업보건 및 건강장해 예방에 관한 사항 위험성평가에 관한 사항 산업안전보건법령 및 산업재해보상보험 제도에 관한 사항 직무스트레스 예방 및 관리에 관한 사항 다) 산업보건 및 건강장해 예방에 관한 사항 위험성평가에 관한 사항 산업안전보건법령 및 산업재해보상보험 제도에 관한 사항 직무스트레스 예방 및 관리에 관한 사항 [""row_81d7362e7cbf"", ""row_d50b572ac02d"", ""row_1c791531fd41"", ""row_86829d3d0ce1"", ""row_594071a6869b""] 2 6 False",KEYWORD_ONLY,keyword match without full direct-evidence combination
graph_rag_knowledgement\document_graph\source_annex\annex_logical_rows.csv,lrow_6eff27e3ecc3,annex_source,,,,알려야,"구 | 음을 알려야 하는 장 | 위생구호실 앞 | 4 | 407 구 | 음을 알려야 하는 장 | 위생구호실 앞 | 4 | 407 [""row_674567442642""] 106 106 False",KEYWORD_ONLY,keyword match without full direct-evidence combination
graph_rag_knowledgement\document_graph\source_annex\annex_logical_rows.csv,lrow_d53ff423fca6,annex_source,,,,알려야,"구 | 알려야 하는 장소 | 4 | 408 구 | 알려야 하는 장소 | 4 | 408 [""row_2262cc3fcce2""] 109 109 False",KEYWORD_ONLY,keyword match without full direct-evidence combination
graph_rag_knowledgement\document_graph\source_annex\annex_logical_rows.csv,lrow_a38a47c8d374,annex_source,,,,알려야,"위생구호실 앞 | 알려야 하는 장소 위생구호실 앞 | 알려야 하는 장소 [""row_b19a835f363a""] 110 110 False",KEYWORD_ONLY,keyword match without full direct-evidence combination
graph_rag_knowledgement\document_graph\source_annex\annex_logical_rows.csv,lrow_fbd72a328241,annex_source,,,,위험성평가,"위험성평가 등에 따른 소요비용 위험성평가 등에 따른 소요비용 [""row_186afe252f8b""] 9 9 False",KEYWORD_ONLY,keyword match without full direct-evidence combination
graph_rag_knowledgement\document_graph\source_annex\annex_logical_rows.csv,lrow_f5ae7e857314,annex_source,,,,위험성평가,"험 | 시스템안전공학, 인간공학, 위험성평가, 산업재해 조사 및 원인 | 위생보호구, 위험성평가, 산업 험 | 시스템안전공학, 인간공학, 위험성평가, 산업재해 조사 및 원인 | 위생보호구, 위험성평가, 산업 [""row_3cf381fa40a9""] 33 33 False",KEYWORD_ONLY,keyword match without full direct-evidence combination
graph_rag_knowledgement\document_graph\source_annex\annex_physical_cells.csv,5f199362d71a4d999a3dcc83de7bb220bd6d1d13,annex_source,,,,위험성평가,○ 위험성평가에 관한 사항 위험성평가에 관한 사항,KEYWORD_ONLY,keyword match without full direct-evidence combination
graph_rag_knowledgement\document_graph\source_annex\annex_physical_cells.csv,5f199362d71a4d999a3dcc83de7bb220bd6d1d13,annex_source,,,,위험성평가,○ 위험성평가에 관한 사항 위험성평가에 관한 사항,KEYWORD_ONLY,keyword match without full direct-evidence combination
graph_rag_knowledgement\document_graph\source_annex\annex_physical_cells.csv,5f199362d71a4d999a3dcc83de7bb220bd6d1d13,annex_source,,,,위험성평가,7) 위험성평가에 관한 사항 7) 위험성평가에 관한 사항,KEYWORD_ONLY,keyword match without full direct-evidence combination
graph_rag_knowledgement\document_graph\source_annex\annex_physical_cells.csv,5f199362d71a4d999a3dcc83de7bb220bd6d1d13,annex_source,,,,위험성평가,관한 사항 10) 무재해운동 추진기법 및 실무에 관한 사항 11) 위험성평가에 관한 사항 12) 그 밖에 안전관리자의 직무 향상 을 위하여 필요한 사항 관한 사항 10) 무재해운동 추진기법 및 실무에 관한 사항 11) 위험성평가에 관한 사항 12) 그 밖에 안전관리자의 직무 향상 을 위하여 필요한 사항,KEYWORD_ONLY,keyword match without full direct-evidence combination
graph_rag_knowledgement\document_graph\source_annex\annex_physical_cells.csv,5f199362d71a4d999a3dcc83de7bb220bd6d1d13,annex_source,,,,위험성평가,7) 위험성평가에 관한 사항 7) 위험성평가에 관한 사항,KEYWORD_ONLY,keyword match without full direct-evidence combination
graph_rag_knowledgement\document_graph\source_annex\annex_physical_cells.csv,5f199362d71a4d999a3dcc83de7bb220bd6d1d13,annex_source,,,,위험성평가,5) 위험성평가의 실시에 관한 사항 5) 위험성평가의 실시에 관한 사항,KEYWORD_ONLY,keyword match without full direct-evidence combination
graph_rag_knowledgement\document_graph\source_annex\annex_physical_cells.csv,5f199362d71a4d999a3dcc83de7bb220bd6d1d13,annex_source,,,,위험성평가,5) 위험성평가의 실시에 관한 사항 5) 위험성평가의 실시에 관한 사항,KEYWORD_ONLY,keyword match without full direct-evidence combination
graph_rag_knowledgement\document_graph\source_annex\annex_physical_cells.csv,5f199362d71a4d999a3dcc83de7bb220bd6d1d13,annex_source,,,,위험성평가,1) 위험성평가에 관한 사항 1) 위험성평가에 관한 사항,KEYWORD_ONLY,keyword match without full direct-evidence combination
graph_rag_knowledgement\document_graph\source_annex\annex_physical_cells.csv,5f199362d71a4d999a3dcc83de7bb220bd6d1d13,annex_source,,,,위험성평가,"측, 작업환기, 위험성평가 등에 관한 측, 작업환기, 위험성평가 등에 관한",KEYWORD_ONLY,keyword match without full direct-evidence combination
graph_rag_knowledgement\document_graph\source_annex\annex_physical_cells.csv,c4e61dfbf07affeeb73bb49bd38ac328f48c277c,annex_source,,,,알려야,음을 알려야 하는 장 음을 알려야 하는 장,KEYWORD_ONLY,keyword match without full direct-evidence combination
graph_rag_knowledgement\document_graph\source_annex\annex_physical_cells.csv,c4e61dfbf07affeeb73bb49bd38ac328f48c277c,annex_source,,,,알려야,알려야 하는 장소 알려야 하는 장소,KEYWORD_ONLY,keyword match without full direct-evidence combination
graph_rag_knowledgement\document_graph\source_annex\annex_physical_cells.csv,c4e61dfbf07affeeb73bb49bd38ac328f48c277c,annex_source,,,,알려야,알려야 하는 장소 알려야 하는 장소,KEYWORD_ONLY,keyword match without full direct-evidence combination
graph_rag_knowledgement\document_graph\source_annex\annex_physical_cells.csv,c47ea0c35e1742987cd833491b6fc7647aa3ec46,annex_source,,,,위험성평가,위험성평가 등에 따른 소요비용 위험성평가 등에 따른 소요비용,KEYWORD_ONLY,keyword match without full direct-evidence combination
graph_rag_knowledgement\document_graph\source_annex\annex_physical_cells.csv,c47ea0c35e1742987cd833491b6fc7647aa3ec46,annex_source,,,,위험성평가,위험성평가 등에 따른 소요비용 위험성평가 등에 따른 소요비용,KEYWORD_ONLY,keyword match without full direct-evidence combination
graph_rag_knowledgement\document_graph\source_annex\annex_physical_cells.csv,c8b1e2fc18d4dd52668d08c802a8816125a4bdeb,annex_source,,,,위험성평가,"시스템안전공학, 인간공학, 위험성평가, 산업재해 조사 및 원인 시스템안전공학, 인간공학, 위험성평가, 산업재해 조사 및 원인",KEYWORD_ONLY,keyword match without full direct-evidence combination
graph_rag_knowledgement\document_graph\source_annex\annex_physical_cells.csv,c8b1e2fc18d4dd52668d08c802a8816125a4bdeb,annex_source,,,,위험성평가,"위생보호구, 위험성평가, 산업 위생보호구, 위험성평가, 산업",KEYWORD_ONLY,keyword match without full direct-evidence combination
graph_rag_knowledgement\document_graph\source_annex\annex_physical_rows.csv,2882895ecf2cce09e35e4b027da81c8c647e4400,annex_source,,,,위험성평가,7. 위험성평가에 관한 사항 7. 위험성평가에 관한 사항,KEYWORD_ONLY,keyword match without full direct-evidence combination
graph_rag_knowledgement\document_graph\source_annex\annex_physical_rows.csv,2882895ecf2cce09e35e4b027da81c8c647e4400,annex_source,,,,위험성평가,"가. 위험성평가의 실시 시기 및 방법, 절차에 관한 사항 가. 위험성평가의 실시 시기 및 방법, 절차에 관한 사항",KEYWORD_ONLY,keyword match without full direct-evidence combination
graph_rag_knowledgement\document_graph\source_annex\annex_physical_rows.csv,5f199362d71a4d999a3dcc83de7bb220bd6d1d13,annex_source,,,,위험성평가,○ 위험성평가에 관한 사항 위험성평가에 관한 사항,KEYWORD_ONLY,keyword match without full direct-evidence combination
graph_rag_knowledgement\document_graph\source_annex\annex_physical_rows.csv,5f199362d71a4d999a3dcc83de7bb220bd6d1d13,annex_source,,,,위험성평가,○ 위험성평가에 관한 사항 위험성평가에 관한 사항,KEYWORD_ONLY,keyword match without full direct-evidence combination
graph_rag_knowledgement\document_graph\source_annex\annex_physical_rows.csv,5f199362d71a4d999a3dcc83de7bb220bd6d1d13,annex_source,,,,위험성평가,기준에 관한 사항 | 7) 위험성평가에 관한 사항 기준에 관한 사항 | 7) 위험성평가에 관한 사항,KEYWORD_ONLY,keyword match without full direct-evidence combination
graph_rag_knowledgement\document_graph\source_annex\annex_physical_rows.csv,5f199362d71a4d999a3dcc83de7bb220bd6d1d13,annex_source,,,,위험성평가,관한 사항 10) 무재해운동 추진기법 및 실무에 관한 사항 11) 위험성평가에 관한 사항 12) 그 밖에 안전관리자의 직무 향상 을 위하여 필요한 사항 | 위하여 필요한 사항 관한 사항 10) 무재해운동 추진기법 및 실무에 관한 사항 11) 위험성평가에 관한 사항 12) 그 밖에 안전관리자의 직무 향상 을 위하여 필요한 사항 | 위하여 필요한 사항,KEYWORD_ONLY,keyword match without full direct-evidence combination
graph_rag_knowledgement\document_graph\source_annex\annex_physical_rows.csv,5f199362d71a4d999a3dcc83de7bb220bd6d1d13,annex_source,,,,위험성평가,등) | 7) 위험성평가에 관한 사항 등) | 7) 위험성평가에 관한 사항,KEYWORD_ONLY,keyword match without full direct-evidence combination
graph_rag_knowledgement\document_graph\source_annex\annex_physical_rows.csv,5f199362d71a4d999a3dcc83de7bb220bd6d1d13,annex_source,,,,위험성평가,5) 위험성평가의 실시에 관한 사항 | 5) 위험성평가의 실시에 관한 사항 5) 위험성평가의 실시에 관한 사항 | 5) 위험성평가의 실시에 관한 사항,KEYWORD_ONLY,keyword match without full direct-evidence combination
graph_rag_knowledgement\document_graph\source_annex\annex_physical_rows.csv,5f199362d71a4d999a3dcc83de7bb220bd6d1d13,annex_source,,,,위험성평가,바. 안전보건관 | 1) 위험성평가에 관한 사항 바. 안전보건관 | 1) 위험성평가에 관한 사항,KEYWORD_ONLY,keyword match without full direct-evidence combination
graph_rag_knowledgement\document_graph\source_annex\annex_physical_rows.csv,5f199362d71a4d999a3dcc83de7bb220bd6d1d13,annex_source,,,,위험성평가,"7) 기계·전기·화공 등 공학적 기초 지 | 측, 작업환기, 위험성평가 등에 관한 7) 기계·전기·화공 등 공학적 기초 지 | 측, 작업환기, 위험성평가 등에 관한",KEYWORD_ONLY,keyword match without full direct-evidence combination
graph_rag_knowledgement\document_graph\source_annex\annex_physical_rows.csv,c4e61dfbf07affeeb73bb49bd38ac328f48c277c,annex_source,,,,알려야,구 | 음을 알려야 하는 장 | 위생구호실 앞 | | 구 | 음을 알려야 하는 장 | 위생구호실 앞 | |,KEYWORD_ONLY,keyword match without full direct-evidence combination
graph_rag_knowledgement\document_graph\source_annex\annex_physical_rows.csv,c4e61dfbf07affeeb73bb49bd38ac328f48c277c,annex_source,,,,알려야,구 | 알려야 하는 장소 | | | 구 | 알려야 하는 장소 | | |,KEYWORD_ONLY,keyword match without full direct-evidence combination
graph_rag_knowledgement\document_graph\source_annex\annex_physical_rows.csv,c47ea0c35e1742987cd833491b6fc7647aa3ec46,annex_source,,,,위험성평가,위험성평가 등에 따른 소요비용 | | % 위험성평가 등에 따른 소요비용 | | %,KEYWORD_ONLY,keyword match without full direct-evidence combination
graph_rag_knowledgement\document_graph\source_annex\annex_physical_rows.csv,c47ea0c35e1742987cd833491b6fc7647aa3ec46,annex_source,,,,위험성평가,위험성평가 등에 따른 소요비용 | | | | | | 위험성평가 등에 따른 소요비용 | | | | | |,KEYWORD_ONLY,keyword match without full direct-evidence combination
graph_rag_knowledgement\document_graph\source_annex\annex_physical_rows.csv,1f77fcb4a8fefeadca049599bbfd658dc9db8c5a,annex_source,,,,알려야,에는 건설공사발주자에게 그 사실을 알려야 한다. 에는 건설공사발주자에게 그 사실을 알려야 한다.,KEYWORD_ONLY,keyword match without full direct-evidence combination
graph_rag_knowledgement\document_graph\source_annex\annex_physical_rows.csv,1f77fcb4a8fefeadca049599bbfd658dc9db8c5a,annex_source,,,,알려야,를 작성하여 지체 없이 다음의 구분에 따른 사람에게 알려야 한다. 를 작성하여 지체 없이 다음의 구분에 따른 사람에게 알려야 한다.,KEYWORD_ONLY,keyword match without full direct-evidence combination
graph_rag_knowledgement\document_graph\source_annex\annex_physical_rows.csv,c8b1e2fc18d4dd52668d08c802a8816125a4bdeb,annex_source,,,,위험성평가,"험 | 시스템안전공학, 인간공학, 위험성평가, 산업재해 조사 및 원인 | 위생보호구, 위험성평가, 산업 | | | 험 | 시스템안전공학, 인간공학, 위험성평가, 산업재해 조사 및 원인 | 위생보호구, 위험성평가, 산업 | | |",KEYWORD_ONLY,keyword match without full direct-evidence combination
graph_rag_knowledgement\document_graph\source_annex\annex_physical_tables.csv,5f199362d71a4d999a3dcc83de7bb220bd6d1d13,annex_source,,,,위험성평가,"┌────────────────────────────────────────────────┐ │교육내용 │ ├────────────────────────────────────────────────┤ │○ 산업안전 및 산업재해 예방에 관한 사항(화재ㆍ폭발 사고 발생 시 대피에 관한 사항을 포함한 │ │다) │ │○ 산업보건 및 건강장해 예방에 관한 사항 │ │○ 위험성평가에 관한 사항 │ │○ 산업안전보건법령 및 산업재해보상보험 제도에 관한 사항 │ │○ 직무스트레스 예방 및 관리에 관한 사항 │ │○ 직장 내 괴롭힘, 고객의 폭언 등으로 인한 건강장해 예방 및 관리에 관한 사항 │ │○ 기계ㆍ기구의 위험성과 작업의 순서 및 동선에 관한 사항 │ │○ 작업 개시 전 점검에 관한 사항 │ │○ 물질안전보건자료에 관한 사항 │ │○ 사업장 내 안전보건관리체제 및 안전ㆍ보건조치 현황에 관한 사항 │...",KEYWORD_ONLY,keyword match without full direct-evidence combination
graph_rag_knowledgement\document_graph\source_annex\annex_physical_tables.csv,c4e61dfbf07affeeb73bb49bd38ac328f48c277c,annex_source,,,,알려야,"┌──┬───────┬────────────┬────────┬─────────┬────────┐ │분류│종류 │용도 및 설치ㆍ부착 │설치ㆍ부착 │형태 │색채 │ │ │ │장소 │장소 예시 ├───┬─────┤ │ │ │ │ │ │기본 │안전ㆍ │ │ │ │ │ │ │모형 │보건표지 │ │ │ │ │ │ │번호 │일람표 │ │ │ │ │ │ │ │번호 │ │ ├──┼───────┼────────────┼────────┼───┼─────┼────────┤ │금지│1. 출입금지 │출입을 통제해야할 │조립ㆍ해체 │1 │101 │바탕은 흰색, │ │표지│ │장소 │작업장 입구 │ │ │기본모형은 │ │ │2. 보행금지 │사람이 걸어 다녀서는 │중장비 운전 │1 │102 │빨간색, 관련 │ │ │ │안 될 장소 │작업장 │ │ │부호 및 그림은 │ │ │3. 차량통행 │제반 운반기기 및 차 │집단보행...",KEYWORD_ONLY,keyword match without full direct-evidence combination
graph_rag_knowledgement\document_graph\source_annex\annex_physical_tables.csv,c8b1e2fc18d4dd52668d08c802a8816125a4bdeb,annex_source,,,,위험성평가,"│ │과 │기계안전공학 │전기안전공학 │화공안전공학 │건설안전공학 │직업환경의학 │산업위생공학 │ │ │목 │ │ │ │ │ │ │ │ ├──┼───────┼───────┼───────┼───────┼───────┼───────┤ │전│시 │- 기계ㆍ기구 │- 전기기계ㆍ │- 가스ㆍ방화 │- 건설공사용 │- 직업병의 종 │- 산업환기설 │ │공│험 │ㆍ설비의 안 │기구 등으로 │및 방폭설비 │가설구조물 │류 및 인체 │비의 설계, │ │필│범 │전 등(위험 │인한 위험 │등, 화학장치 │ㆍ기계ㆍ기 │발병경로, 직 │시스템의 성 │ │수│위 │기계ㆍ양중 │방지 등(전 │ㆍ설비안전 │구 등의 안 │업병의 증상 │능검사ㆍ유 │ │ │ │기ㆍ운반기 │기방폭설비 │및 방식기술 │전기술 등 │판단 및 대 │지관리기술 │ │ │ │계ㆍ압력용 │포함) │등 │- 건설공법 및 │책 등 │등 │ │ │ │기...",KEYWORD_ONLY,keyword match without full direct-evidence combination
graph_rag_knowledgement\document_graph\source_annex\annex_sections.csv,2882895ecf2cce09e35e4b027da81c8c647e4400,annex_source,,,,위험성평가,7. 위험성평가에 관한 사항,KEYWORD_ONLY,keyword match without full direct-evidence combination
graph_rag_knowledgement\reasoning_graph\nodes\nodes_rule.csv,c1424f29-df53-5dc1-9efe-95647385b337,paragraph,중대재해 처벌 등에 관한 법률,제12조,,통보하여야,"제12조(형 확정 사실의 통보) 법무부장관은 제6조, 제7조, 제10조 또는 제11조에 따른 범죄의 형이 확정되면 그 범죄사실을 관계 행정기관의 장에게 통보하여야 한다. paragraph b12dc7260289fa4107ddcf4752ca6c3162ec54fb article 679dd7bcab9d282e7754bfdf73c6e32d4b05ac57 제12조(형 확정 사실의 통보) 법무부장관은 제6조, 제7조, 제10조 또는 제11조에 따른 범죄의 형이 확정되면 그 범죄사실을 관계 행정기관의 장에게 통보하여야 한다. 제12조(형 확정 사실의 통보) 법무부장관은 제6조, 제7조, 제10조 또는 제11조에 따른 범죄의 형이 확정되면 그 범죄사실을 관계 행정기관의 장에게 통보하여야 한다. 12 제4장 보칙 pattern_match",KEYWORD_ONLY,keyword match without full direct-evidence combination
graph_rag_knowledgement\reasoning_graph\nodes\nodes_rule.csv,f04086b6-ad87-56d1-8333-ffc5a6e41bf7,paragraph,산업안전보건법 시행규칙,제17조,,알려야,⑤ 제4항에 따라 평가 결과를 통보받은 평가대상기관은 평가 결과를 통보받은 날부터 7일 이내에 서면으로 공단에 이의신청을 할 수 있다. 이 경우 공단은 이의신청을 받은 날부터 14일 이내에 이의신청에 대한 처리결과를 해당 기관에 서면으로 알려야 한다. ⑤ 제4항에 따라 평가 결과를 통보받은 평가대상기관은 평가 결과를 통보받은 날부터 7일 이내에 서면으로 공단에 이의신청을 할 수 있다. 이 경우 공단은 이의신청을 받은 날부터 14일 이내에 이의신청에 대한 처리결과를 해당 기관에 서면으로 알려야 한다. paragraph c31c215b4d9ad5d29656f437a0341700c709e559 article 7bf78eeb682c38649abf2854db4845181bb43b1f ⑤ 제4항에 따라 평가 결과를 통보받은 평가대상기관은 평가 결과를 통보받은 날부터 7일 이내에 서면으로 공단에 이의신...,KEYWORD_ONLY,keyword match without full direct-evidence combination
graph_rag_knowledgement\reasoning_graph\nodes\nodes_rule.csv,5438a6a2-1fbe-5721-a82b-e21dfe7a6793,paragraph,산업안전보건법 시행규칙,제35조,,알려야,② 직무교육기관의 장은 직무교육을 실시하기 15일 전까지 교육 일시 및 장소 등을 직무교육 대상자에게 알려야 한다. paragraph b53dc5a85193e85ef4b9c009bf4fa4f6f511e3a8 article a0ed0194af5ef075d293c9e03f56d3db11b2ee90 ② 직무교육기관의 장은 직무교육을 실시하기 15일 전까지 교육 일시 및 장소 등을 직무교육 대상자에게 알려야 한다. ② 직무교육기관의 장은 직무교육을 실시하기 15일 전까지 교육 일시 및 장소 등을 직무교육 대상자에게 알려야 한다. 26 제3장 안전보건교육 pattern_match,KEYWORD_ONLY,keyword match without full direct-evidence combination
graph_rag_knowledgement\reasoning_graph\nodes\nodes_rule.csv,a560bf65-75eb-5da1-9eee-82f8fe98b5f7,paragraph,산업안전보건법 시행규칙,제44조,,알려야,"① 공단은 제42조에 따른 유해위험방지계획서 및 그 첨부서류를 접수한 경우에는 접수일부터 15일 이내에 심사하여 사업주에게 그 결과를 알려야 한다. 다만, 제42조제6항에 따라 자체심사 및 확인업체가 유해위험방지계획서 자체심사서를 제출한 경우에는 심사를 하지 않을 수 있다. ① 공단은 제42조에 따른 유해위험방지계획서 및 그 첨부서류를 접수한 경우에는 접수일부터 15일 이내에 심사하여 사업주에게 그 결과를 알려야 한다. 다만, 제42조제6항에 따라 자체심사 및 확인업체가 유해위험방지계획서 자체심사서를 제출한 경우에는 심사를 하지 않을 수 있다. 제42조제6항에 따라 자체심사 및 확인업체가 유해위험방지계획서 자체심사서를 제출한 경우에는 심사를 하지 않을 수 있다. paragraph b2267a3a7bf6152b6468625445f8eff8d582ed9e article 04679e407db7a...",KEYWORD_ONLY,keyword match without full direct-evidence combination
graph_rag_knowledgement\reasoning_graph\nodes\nodes_rule.csv,9590aea0-073e-5e14-b04e-d7ba4fcb1318,paragraph,산업안전보건법 시행규칙,제62조,,알려야,① 지방고용노동관서의 장이 제61조에 따른 안전보건개선계획서를 접수한 경우에는 접수일부터 15일 이내에 심사하여 사업주에게 그 결과를 알려야 한다. ① 지방고용노동관서의 장이 제61조에 따른 안전보건개선계획서를 접수한 경우에는 접수일부터 15일 이내에 심사하여 사업주에게 그 결과를 알려야 한다. paragraph de3c9049ce46774a5eca8ce8ff44aaa47ce0f670 article cc26970c3ccf6759f3d1271a321b6665e92316bb ① 지방고용노동관서의 장이 제61조에 따른 안전보건개선계획서를 접수한 경우에는 접수일부터 15일 이내에 심사하여 사업주에게 그 결과를 알려야 한다. ① 지방고용노동관서의 장이 제61조에 따른 안전보건개선계획서를 접수한 경우에는 접수일부터 15일 이내에 심사하여 사업주에게 그 결과를 알려야 한다. 37 제4장 유해ㆍ위험 방지...,KEYWORD_ONLY,keyword match without full direct-evidence combination
graph_rag_knowledgement\reasoning_graph\nodes\nodes_rule.csv,a040775d-b24b-5720-b954-3d61f93499f6,paragraph,산업안전보건법 시행규칙,제64조,,알려야,② 사업주는 제1항에 따라 사용중지명령서등을 받은 경우에는 관계 근로자에게 해당 사항을 알려야 한다. ② 사업주는 제1항에 따라 사용중지명령서등을 받은 경우에는 관계 근로자에게 해당 사항을 알려야 한다. paragraph 5dacf21440bfc881c09bc39c0ded173f40573d93 article 4d153878e32e00858694184f59632ea2c1c1984e ② 사업주는 제1항에 따라 사용중지명령서등을 받은 경우에는 관계 근로자에게 해당 사항을 알려야 한다. ② 사업주는 제1항에 따라 사용중지명령서등을 받은 경우에는 관계 근로자에게 해당 사항을 알려야 한다. 37 제4장 유해ㆍ위험 방지 조치 pattern_match,KEYWORD_ONLY,keyword match without full direct-evidence combination
graph_rag_knowledgement\reasoning_graph\nodes\nodes_rule.csv,ba73a6eb-9a6c-5b62-9288-ac55aeec2820,paragraph,산업안전보건법 시행규칙,제111조,,알려야,"④ 안전인증기관은 제1항 및 제2항에 따라 확인한 결과 법 제87조제1항 각 호의 어느 하나에 해당하는 사실을 확인한 경우에는 그 사실을 증명할 수 있는 서류를 첨부하여 유해ㆍ위험기계등을 제조하는 사업장의 소재지(제품의 제조자가 외국에 있는 경우에는 그 대리인의 소재지로 하되, 대리인이 ④ 안전인증기관은 제1항 및 제2항에 따라 확인한 결과 법 제87조제1항 각 호의 어느 하나에 해당하는 사실을 확인한 경우에는 그 사실을 증명할 수 있는 서류를 첨부하여 유해ㆍ위험기계등을 제조하는 사업장의 소재지(제품의 제조자가 외국에 있는 경우에는 그 대리인의 소재지로 하되, 대리인이 없는 경우에는 그 안전인증기관의 소재지로 한다)를 관할하는 지방고용노동관서의 장에게 지체 없이 알려야 한다. paragraph 5c9d117ab1b6f69b83b78960f10ee891fda90ae4 article f9157...",KEYWORD_ONLY,keyword match without full direct-evidence combination
graph_rag_knowledgement\reasoning_graph\nodes\nodes_rule.csv,6c33aecf-d444-5c46-bf30-0c2ebb0a9ca7,paragraph,산업안전보건법 시행규칙,제116조,,알려야,① 지방고용노동관서의 장은 법 제87조제2항에 따른 수거ㆍ파기명령을 할 때에는 그 사유와 이행에 필요한 기간을 정하여 제조ㆍ수입ㆍ양도ㆍ대여하는 자에게 알려야 한다. ① 지방고용노동관서의 장은 법 제87조제2항에 따른 수거ㆍ파기명령을 할 때에는 그 사유와 이행에 필요한 기간을 정하여 제조ㆍ수입ㆍ양도ㆍ대여하는 자에게 알려야 한다. paragraph 85e11bffc3ed518edd6bc570e7ab25b671eb6f5c article 3a806b0f882554420a789812c58d2b0e3b3b6a47 ① 지방고용노동관서의 장은 법 제87조제2항에 따른 수거ㆍ파기명령을 할 때에는 그 사유와 이행에 필요한 기간을 정하여 제조ㆍ수입ㆍ양도ㆍ대여하는 자에게 알려야 한다. ① 지방고용노동관서의 장은 법 제87조제2항에 따른 수거ㆍ파기명령을 할 때에는 그 사유와 이행에 필요한 기간을 정하여 제조ㆍ수입...,KEYWORD_ONLY,keyword match without full direct-evidence combination
graph_rag_knowledgement\reasoning_graph\nodes\nodes_rule.csv,3fb611f3-dbdf-5324-aa9c-fc20fb6d1ad7,paragraph,산업안전보건법 시행규칙,제123조,,알려야,① 지방고용노동관서의 장은 법 제92조제2항에 따른 수거ㆍ파기명령을 할 때에는 그 사유와 이행에 필요한 기간을 정하여 제조ㆍ수입ㆍ양도 또는 대여하는 자에게 알려야 한다. ① 지방고용노동관서의 장은 법 제92조제2항에 따른 수거ㆍ파기명령을 할 때에는 그 사유와 이행에 필요한 기간을 정하여 제조ㆍ수입ㆍ양도 또는 대여하는 자에게 알려야 한다. paragraph f3ef0cc57d96c0b4e2a4ad259f52543548a0323f article 1965e246f67cf8d096e06e041ef4a484500a50de ① 지방고용노동관서의 장은 법 제92조제2항에 따른 수거ㆍ파기명령을 할 때에는 그 사유와 이행에 필요한 기간을 정하여 제조ㆍ수입ㆍ양도 또는 대여하는 자에게 알려야 한다. ① 지방고용노동관서의 장은 법 제92조제2항에 따른 수거ㆍ파기명령을 할 때에는 그 사유와 이행에 필요한 기간을 ...,KEYWORD_ONLY,keyword match without full direct-evidence combination
graph_rag_knowledgement\reasoning_graph\nodes\nodes_rule.csv,1f33c709-aa59-5aed-952b-93f2655ac45d,paragraph,산업안전보건법 시행규칙,제152조,,알려야,제152조(확인 및 결과 통보) 고용노동부장관은 제148조제2항(제149조제3항 및 제150조제2항에서 준용하는 경우를 포함한다)에 따른 신청서가 제출된 경우에는 이를 지체 없이 확인한 후 접수된 날부터 20일 이내에 그 결과를 해당 신청인에게 알려야 한다. 제152조(확인 및 결과 통보) 고용노동부장관은 제148조제2항(제149조제3항 및 제150조제2항에서 준용하는 경우를 포함한다)에 따른 신청서가 제출된 경우에는 이를 지체 없이 확인한 후 접수된 날부터 20일 이내에 그 결과를 해당 신청인에게 알려야 한다. paragraph 64c2c03daed9fda39fe25625c56a1e5b0f3bfeb8 article 857c43948db8c415bdac787a737c5c5c98ccbda8 제152조(확인 및 결과 통보) 고용노동부장관은 제148조제2항(제149조제3항 및 제150조제2항에서...,KEYWORD_ONLY,keyword match without full direct-evidence combination
graph_rag_knowledgement\reasoning_graph\nodes\nodes_rule.csv,4443c9c8-5621-5bd5-b72b-af0158aee012,paragraph,산업안전보건법 시행규칙,제162조,,알려야,② 공단은 부득이한 사유로 제1항에 따른 기간 이내에 승인 여부를 결정할 수 없을 때에는 10일의 범위 내에서 통보 기한을 연장할 수 있다. 이 경우 연장 사실 및 연장 사유를 신청인에게 지체 없이 알려야 한다. ② 공단은 부득이한 사유로 제1항에 따른 기간 이내에 승인 여부를 결정할 수 없을 때에는 10일의 범위 내에서 통보 기한을 연장할 수 있다. 이 경우 연장 사실 및 연장 사유를 신청인에게 지체 없이 알려야 한다. paragraph 3e66fe7f663e97754bf026244bc1d97d0aa5dde3 article 7d6b88e887e28967adeff17d2e9799414a26acb2 ② 공단은 부득이한 사유로 제1항에 따른 기간 이내에 승인 여부를 결정할 수 없을 때에는 10일의 범위 내에서 통보 기한을 연장할 수 있다. 이 경우 연장 사실 및 연장 사유를 신청인에게 지체 없...,KEYWORD_ONLY,keyword match without full direct-evidence combination
graph_rag_knowledgement\reasoning_graph\nodes\nodes_rule.csv,7a87b143-f3e5-509c-b91b-af1f18e70430,paragraph,산업안전보건법 시행규칙,제172조,,알려야,"② 지방고용노동관서의 장은 제1항에 따라 제조ㆍ수입 또는 사용 승인신청서가 접수된 경우에는 다음 각 호의 사항을 심사하여 신청서가 접수된 날부터 20일 이내에 별지 제71호서식의 승인서를 신청인에게 발급하거나 불승인 사실을 알려야 한다. ② 지방고용노동관서의 장은 제1항에 따라 제조ㆍ수입 또는 사용 승인신청서가 접수된 경우에는 다음 각 호의 사항을 심사하여 신청서가 접수된 날부터 20일 이내에 별지 제71호서식의 승인서를 신청인에게 발급하거나 불승인 사실을 알려야 한다. 다만, 수입승인은 해당 물질에 대하여 사용승인을 했거나 사용승인을 하는 경우에만 할 수 있다. 수입승인은 해당 물질에 대하여 사용승인을 했거나 사용승인을 하는 경우에만 할 수 있다. paragraph e9e40c3045b79bbf72957a23cdfd142010fa2949 article f5197c0e5e1c399b72a5...",KEYWORD_ONLY,keyword match without full direct-evidence combination
graph_rag_knowledgement\reasoning_graph\nodes\nodes_rule.csv,6d537fc8-c2ff-5cf3-aa29-eb1b505b0ff6,paragraph,산업안전보건법 시행규칙,제173조,,알려야,② 지방고용노동관서의 장은 제1항에 따라 제조ㆍ사용허가신청서가 접수되면 다음 각 호의 사항을 심사하여 신청서가 접수된 날부터 20일 이내에 별지 제73호서식의 허가증을 신청인에게 발급하거나 불허가 사실을 알려야 한다. paragraph f1a1f1007504b68cdbfc8e0d09615eb79d0b6f9f article 0ef60f1cc3080181b1bec48ad06d4853f6a4dd36 ② 지방고용노동관서의 장은 제1항에 따라 제조ㆍ사용허가신청서가 접수되면 다음 각 호의 사항을 심사하여 신청서가 접수된 날부터 20일 이내에 별지 제73호서식의 허가증을 신청인에게 발급하거나 불허가 사실을 알려야 한다. ② 지방고용노동관서의 장은 제1항에 따라 제조ㆍ사용허가신청서가 접수되면 다음 각 호의 사항을 심사하여 신청서가 접수된 날부터 20일 이내에 별지 제73호서식의 허가증을 신청인에게 발급하...,KEYWORD_ONLY,keyword match without full direct-evidence combination
graph_rag_knowledgement\reasoning_graph\nodes\nodes_rule.csv,46d8c3b4-bb13-59ad-9207-dac5976cadd7,paragraph,산업안전보건법 시행규칙,제228조,,알려야,"제228조(합격자의 공고) 한국산업인력공단은 영 제105조에 따라 지도사 자격시험의 최종합격자가 결정되면 모든 응시자가 알 수 있는 방법으로 공고하고, 합격자에게는 합격사실을 알려야 한다. paragraph 92b79d3d294633bd5a347ae1c499c7bfee9e69d6 article 8a764da8bdd880981e573ea8c4938bfadb482c34 제228조(합격자의 공고) 한국산업인력공단은 영 제105조에 따라 지도사 자격시험의 최종합격자가 결정되면 모든 응시자가 알 수 있는 방법으로 공고하고, 합격자에게는 합격사실을 알려야 한다. 제228조(합격자의 공고) 한국산업인력공단은 영 제105조에 따라 지도사 자격시험의 최종합격자가 결정되면 모든 응시자가 알 수 있는 방법으로 공고하고, 합격자에게는 합격사실을 알려야 한다. 225 제9장 산업안전지도사 및 산업보건지도사 pat...",KEYWORD_ONLY,keyword match without full direct-evidence combination
graph_rag_knowledgement\reasoning_graph\nodes\nodes_rule.csv,02c41d3b-fa12-597f-ab8e-b5509eb0523b,paragraph,산업안전보건법,제34조,,알려야,제34조(법령 요지 등의 게시 등) 사업주는 이 법과 이 법에 따른 명령의 요지 및 안전보건관리규정을 각 사업장의 근로자가 쉽게 볼 수 있는 장소에 게시하거나 갖추어 두어 근로자에게 널리 알려야 한다. paragraph f550ffb90ad5a2b48896434fc0712102dd9e11b8 article 55b9af7e80aeee548f9af4bab502cca7d7647b1e 제34조(법령 요지 등의 게시 등) 사업주는 이 법과 이 법에 따른 명령의 요지 및 안전보건관리규정을 각 사업장의 근로자가 쉽게 볼 수 있는 장소에 게시하거나 갖추어 두어 근로자에게 널리 알려야 한다. 제34조(법령 요지 등의 게시 등) 사업주는 이 법과 이 법에 따른 명령의 요지 및 안전보건관리규정을 각 사업장의 근로자가 쉽게 볼 수 있는 장소에 게시하거나 갖추어 두어 근로자에게 널리 알려야 한다. 34 제4장 유...,KEYWORD_ONLY,keyword match without full direct-evidence combination
graph_rag_knowledgement\reasoning_graph\nodes\nodes_rule.csv,97a4f26a-2f94-50bc-9d3d-f422bef8306f,paragraph,산업안전보건법,제108조,,통보하여야,"③ 고용노동부장관은 제1항에 따라 신규화학물질의 유해성ㆍ위험성 조사보고서가 제출되면 고용노동부령으로 정하는 바에 따라 그 신규화학물질의 명칭, 유해성ㆍ위험성, 근로자의 건강장해 예방을 위한 조치 사항 등을 공표하고 관계 부처에 통보하여야 한다. paragraph 5b2983b2a512f04b64c273cf41f8bb43221cc5f3 article 2334a3c135e8d036ea22489b2a80670348cb3111 ③ 고용노동부장관은 제1항에 따라 신규화학물질의 유해성ㆍ위험성 조사보고서가 제출되면 고용노동부령으로 정하는 바에 따라 그 신규화학물질의 명칭, 유해성ㆍ위험성, 근로자의 건강장해 예방을 위한 조치 사항 등을 공표하고 관계 부처에 통보하여야 한다. ③ 고용노동부장관은 제1항에 따라 신규화학물질의 유해성ㆍ위험성 조사보고서가 제출되면 고용노동부령으로 정하는 바에 따라 그 신규화학물...",KEYWORD_ONLY,keyword match without full direct-evidence combination
graph_rag_knowledgement\reasoning_graph\nodes\nodes_rule.csv,9a7f8b6d-5391-5526-a5d4-6e13d8063757,paragraph,산업안전보건법,제108조,,결과 근로자,④ 고용노동부장관은 제1항에 따라 제출된 신규화학물질의 유해성ㆍ위험성 조사보고서를 검토한 결과 근로자의 건강장해 예방을 위하여 필요하다고 인정할 때에는 신규화학물질제조자등에게 시설ㆍ설비를 설치ㆍ정비하고 보호구를 갖추어 두는 등의 조치를 하도록 명할 수 있다. ④ 고용노동부장관은 제1항에 따라 제출된 신규화학물질의 유해성ㆍ위험성 조사보고서를 검토한 결과 근로자의 건강장해 예방을 위하여 필요하다고 인정할 때에는 신규화학물질제조자등에게 시설ㆍ설비를 설치ㆍ정비하고 보호구를 갖추어 두는 등의 조치를 하도록 명할 수 있다. paragraph b7996231daa2a6883c90517fb14c43d9f929e837 article 2334a3c135e8d036ea22489b2a80670348cb3111 ④ 고용노동부장관은 제1항에 따라 제출된 신규화학물질의 유해성ㆍ위험성 조사보고서를 검토한 결과 근로자의...,KEYWORD_ONLY,keyword match without full direct-evidence combination
graph_rag_knowledgement\reasoning_graph\nodes\nodes_rule.csv,1e486aaa-673a-5d4d-81b0-4ef2bd341e44,paragraph,산업안전보건법,제112조,,통보하여야,"② 고용노동부장관은 제1항 본문에 따른 승인 신청을 받은 경우 고용노동부령으로 정하는 바에 따라 화학물질의 명칭 및 함유량의 대체 필요성, 대체자료의 적합성 및 물질안전보건자료의 적정성 등을 검토하여 승인 여부를 결정하고 신청인에게 그 결과를 통보하여야 한다. ② 고용노동부장관은 제1항 본문에 따른 승인 신청을 받은 경우 고용노동부령으로 정하는 바에 따라 화학물질의 명칭 및 함유량의 대체 필요성, 대체자료의 적합성 및 물질안전보건자료의 적정성 등을 검토하여 승인 여부를 결정하고 신청인에게 그 결과를 통보하여야 한다. paragraph 16b1910d1088280684cc2714fa4ed14579ffbb0f article 827c451143117f2b200e5c52f8b4bc2c8a3f7503 ② 고용노동부장관은 제1항 본문에 따른 승인 신청을 받은 경우 고용노동부령으로 정하는 바에 따라 화...",KEYWORD_ONLY,keyword match without full direct-evidence combination
graph_rag_knowledgement\reasoning_graph\nodes\nodes_rule.csv,fca4f069-b681-5c93-8b85-1d270d7d6d11,paragraph,산업안전보건법,제125조,,알려야,"⑥ 사업주는 작업환경측정 결과를 해당 작업장의 근로자(관계수급인 및 관계수급인 근로자를 포함한다. ⑥ 사업주는 작업환경측정 결과를 해당 작업장의 근로자(관계수급인 및 관계수급인 근로자를 포함한다. 이하 이 항, 제127조 및 제175조제5항제15호에서 같다)에게 알려야 하며, 그 결과에 따라 근로자의 건강을 보호하기 위하여 해당 시설ㆍ설비의 설치ㆍ개선 또는 건강진단의 실시 등의 조치를 하여야 한다. paragraph 210ce7a58b83cd155c300d06c2f1f2aeb5791b50 article 9433cc1042cdbcd504266f1d6eae81d190405e30 ⑥ 사업주는 작업환경측정 결과를 해당 작업장의 근로자(관계수급인 및 관계수급인 근로자를 포함한다. 이하 이 항, 제127조 및 제175조제5항제15호에서 같다)에게 알려야 하며, 그 결과에 따라 근로자의 건강을 보호하기...",KEYWORD_ONLY,keyword match without full direct-evidence combination
graph_rag_knowledgement\reasoning_graph\nodes\nodes_rule.csv,02ea1483-d2c8-5ccd-b165-85e53b8b8829,paragraph,산업안전보건법,제132조,,결과를 근로자,③ 사업주는 제129조부터 제131조까지의 규정에 따른 건강진단의 결과를 근로자의 건강 보호 및 유지 외의 목적으로 사용해서는 아니 된다. paragraph c0d3ed8f86bd3ff7fa0797302ade0bdbd0cdbcd0 article cd0ffdc806d9f0a9e589c421181993be9f3aee91 ③ 사업주는 제129조부터 제131조까지의 규정에 따른 건강진단의 결과를 근로자의 건강 보호 및 유지 외의 목적으로 사용해서는 아니 된다. ③ 사업주는 제129조부터 제131조까지의 규정에 따른 건강진단의 결과를 근로자의 건강 보호 및 유지 외의 목적으로 사용해서는 아니 된다. 129 제2절 건강진단 및 건강관리 pattern_match,KEYWORD_ONLY,keyword match without full direct-evidence combination
graph_rag_knowledgement\reasoning_graph\nodes\nodes_rule.csv,38dd53d9-aa2e-59c9-b4ab-f0c9883c5a91,paragraph,산업안전보건법,제132조,,결과 근로자,"④ 사업주는 제129조부터 제131조까지의 규정 또는 다른 법령에 따른 건강진단의 결과 근로자의 건강을 유지하기 위하여 필요하다고 인정할 때에는 작업장소 변경, 작업 전환, 근로시간 단축, 야간근로(오후 10시부터 다음 날 오전 6시까지 사이의 근로를 말한다)의 제한, 작업환경측정 또는 ④ 사업주는 제129조부터 제131조까지의 규정 또는 다른 법령에 따른 건강진단의 결과 근로자의 건강을 유지하기 위하여 필요하다고 인정할 때에는 작업장소 변경, 작업 전환, 근로시간 단축, 야간근로(오후 10시부터 다음 날 오전 6시까지 사이의 근로를 말한다)의 제한, 작업환경측정 또는 시설ㆍ설비의 설치ㆍ개선 등 고용노동부령으로 정하는 바에 따라 적절한 조치를 하여야 한다. paragraph 5953c69485b25113889d9c828e48f5538cec0bc4 article cd0ffdc806d9f0a9...",KEYWORD_ONLY,keyword match without full direct-evidence combination
graph_rag_knowledgement\reasoning_graph\nodes\nodes_rule.csv,1b913066-3baf-5914-a11b-ac9c8dcead93,paragraph,산업안전보건법,제134조,,결과를 근로자,① 건강진단기관은 제129조부터 제131조까지의 규정에 따른 건강진단을 실시한 때에는 고용노동부령으로 정하는 바에 따라 그 결과를 근로자 및 사업주에게 통보하고 고용노동부장관에게 보고하여야 한다. ① 건강진단기관은 제129조부터 제131조까지의 규정에 따른 건강진단을 실시한 때에는 고용노동부령으로 정하는 바에 따라 그 결과를 근로자 및 사업주에게 통보하고 고용노동부장관에게 보고하여야 한다. paragraph 4993e06c3839fd95dc65eaec355f0786c2c3f0b9 article 2f34373d970db3668580039f6d0f68a53253b216 ① 건강진단기관은 제129조부터 제131조까지의 규정에 따른 건강진단을 실시한 때에는 고용노동부령으로 정하는 바에 따라 그 결과를 근로자 및 사업주에게 통보하고 고용노동부장관에게 보고하여야 한다. ① 건강진단기관은 제129조부터...,KEYWORD_ONLY,keyword match without full direct-evidence combination
graph_rag_knowledgement\reasoning_graph\nodes\nodes_rule.csv,8efbda19-50e9-58eb-be93-196f1dfedd37,paragraph,산업안전보건법,제134조,,통보하여야,② 제129조제1항 단서에 따라 건강진단을 실시한 기관은 사업주가 근로자의 건강보호를 위하여 그 결과를 요청하는 경우 고용노동부령으로 정하는 바에 따라 그 결과를 사업주에게 통보하여야 한다. ② 제129조제1항 단서에 따라 건강진단을 실시한 기관은 사업주가 근로자의 건강보호를 위하여 그 결과를 요청하는 경우 고용노동부령으로 정하는 바에 따라 그 결과를 사업주에게 통보하여야 한다. paragraph 38dfbe9836fcff9260be92508b069d19bab35d49 article 2f34373d970db3668580039f6d0f68a53253b216 ② 제129조제1항 단서에 따라 건강진단을 실시한 기관은 사업주가 근로자의 건강보호를 위하여 그 결과를 요청하는 경우 고용노동부령으로 정하는 바에 따라 그 결과를 사업주에게 통보하여야 한다. ② 제129조제1항 단서에 따라 건강진단을 실시...,KEYWORD_ONLY,keyword match without full direct-evidence combination
graph_rag_knowledgement\reasoning_graph\nodes\nodes_rule.csv,33ed1389-954f-5b2b-8fd7-6f4535cad23b,paragraph,산업안전보건법,제155조,,알려야,"② 근로감독관은 기계ㆍ설비등에 대한 검사를 할 수 있으며, 검사에 필요한 한도에서 무상으로 제품ㆍ원재료 또는 기구를 수거할 수 있다. 이 경우 근로감독관은 해당 사업주 등에게 그 결과를 서면으로 알려야 한다. ② 근로감독관은 기계ㆍ설비등에 대한 검사를 할 수 있으며, 검사에 필요한 한도에서 무상으로 제품ㆍ원재료 또는 기구를 수거할 수 있다. 이 경우 근로감독관은 해당 사업주 등에게 그 결과를 서면으로 알려야 한다. paragraph efe5c176ca90c3744764b34eba0497e1fd201a98 article 3e35312b143afc3dc18491b4645f5ddd6bf56640 ② 근로감독관은 기계ㆍ설비등에 대한 검사를 할 수 있으며, 검사에 필요한 한도에서 무상으로 제품ㆍ원재료 또는 기구를 수거할 수 있다. 이 경우 근로감독관은 해당 사업주 등에게 그 결과를 서면으로 알려야 ...",KEYWORD_ONLY,keyword match without full direct-evidence combination
graph_rag_knowledgement\reasoning_graph\nodes\nodes_rule.csv,74c63ab6-f7e6-532e-8e84-b9383c5e124c,paragraph,산업안전보건법,제159조,,통보하여야,"② 제1항에 따라 요청을 받은 관계 행정기관의 장 또는 공공기관의 장은 정당한 사유가 없으면 이에 따라야 하며, 그 조치 결과를 고용노동부장관에게 통보하여야 한다. paragraph 83b2b817400207cd33fa79ecb076267d396cf387 article ba542c92b0cccb04e4862d9ab7b2cd358fbfcb7a ② 제1항에 따라 요청을 받은 관계 행정기관의 장 또는 공공기관의 장은 정당한 사유가 없으면 이에 따라야 하며, 그 조치 결과를 고용노동부장관에게 통보하여야 한다. ② 제1항에 따라 요청을 받은 관계 행정기관의 장 또는 공공기관의 장은 정당한 사유가 없으면 이에 따라야 하며, 그 조치 결과를 고용노동부장관에게 통보하여야 한다. 158 제11장 보칙 pattern_match",KEYWORD_ONLY,keyword match without full direct-evidence combination
graph_rag_knowledgement\reasoning_graph\nodes\nodes_rule.csv,7bde5d76-037e-5b41-aab0-c13f9e6446eb,paragraph,산업안전보건법 시행령,제39조,,알려야,"제39조(회의 결과 등의 공지) 산업안전보건위원회의 위원장은 산업안전보건위원회에서 심의ㆍ의결된 내용 등 회의 결과와 중재 결정된 내용 등을 사내방송이나 사내보(社內報), 게시 또는 자체 정례조회, 그 밖의 적절한 방법으로 근로자에게 신속히 알려야 한다. paragraph 43203c6236d7ccbf59920c2cc63e0ce6354ca181 article c2ab4b8f86cc603ef8a91124dfbe83ac1e8a758f 제39조(회의 결과 등의 공지) 산업안전보건위원회의 위원장은 산업안전보건위원회에서 심의ㆍ의결된 내용 등 회의 결과와 중재 결정된 내용 등을 사내방송이나 사내보(社內報), 게시 또는 자체 정례조회, 그 밖의 적절한 방법으로 근로자에게 신속히 알려야 한다. 제39조(회의 결과 등의 공지) 산업안전보건위원회의 위원장은 산업안전보건위원회에서 심의ㆍ의결된 내용 등 회의 결과...",KEYWORD_ONLY,keyword match without full direct-evidence combination
graph_rag_knowledgement\reasoning_graph\nodes\nodes_rule.csv,2b28859b-4be1-525a-9236-2f2d6ffc4750,paragraph,산업안전보건법 시행령,제56조,,알려야,③ 제1항에 따라 안전보건조정자를 두어야 하는 건설공사발주자는 분리하여 발주되는 공사의 착공일 전날까지 제2항에 따라 안전보건조정자를 선임하거나 지정하여 각각의 공사 도급인에게 그 사실을 알려야 한다. paragraph 3f9824fd33793a6d30d26a6518bc9a1460fbc77b article 74c4672e809ac81e49cee00e10e13784db8ae9da ③ 제1항에 따라 안전보건조정자를 두어야 하는 건설공사발주자는 분리하여 발주되는 공사의 착공일 전날까지 제2항에 따라 안전보건조정자를 선임하거나 지정하여 각각의 공사 도급인에게 그 사실을 알려야 한다. ③ 제1항에 따라 안전보건조정자를 두어야 하는 건설공사발주자는 분리하여 발주되는 공사의 착공일 전날까지 제2항에 따라 안전보건조정자를 선임하거나 지정하여 각각의 공사 도급인에게 그 사실을 알려야 한다. 51 제5장 도...,KEYWORD_ONLY,keyword match without full direct-evidence combination
graph_rag_knowledgement\reasoning_graph\nodes\nodes_rule.csv,bec62968-cfa4-52c7-a0b6-899bdcc0dc4d,paragraph,산업안전보건법 시행령,제112조,,알려야,① 고용노동부장관은 법 제160조제1항에 따라 과징금을 부과하려는 경우에는 위반행위의 종류와 해당 과징금의 금액 등을 고용노동부령으로 정하는 바에 따라 구체적으로 밝혀 과징금을 낼 것을 서면으로 알려야 한다. ① 고용노동부장관은 법 제160조제1항에 따라 과징금을 부과하려는 경우에는 위반행위의 종류와 해당 과징금의 금액 등을 고용노동부령으로 정하는 바에 따라 구체적으로 밝혀 과징금을 낼 것을 서면으로 알려야 한다. ① 고용노동부장관은 법 제160조제1항에 따라 과징금을 부과하려는 경우에는 위반행위의 종류와 해당 과징금의 금액 등을 고용노동부령으로 정하는 바에 따라 구체적으로 밝혀 과징금을 낼 것을 서면으로 알려야 한다. paragraph 32776323b083395360d0917799c2dca5f33c56cd article c11921523e92b70782f1659b0f3b91488c759...,KEYWORD_ONLY,keyword match without full direct-evidence combination
graph_rag_knowledgement\reasoning_graph\nodes\nodes_rule.csv,a1479b35-d20a-506d-b9bd-192f5ec8aaeb,paragraph,산업안전보건기준에 관한 규칙,제38조,,근로자에게 주지; 주지시켜,"③ 사업주는 항타기나 항발기를 조립ㆍ해체ㆍ변경 또는 이동하는 작업을 하는 경우 그 작업방법과 절차를 정하여 근로자에게 주지시켜야 한다. ③ 사업주는 항타기나 항발기를 조립ㆍ해체ㆍ변경 또는 이동하는 작업을 하는 경우 그 작업방법과 절차를 정하여 근로자에게 주지시켜야 한다. paragraph 690f2c452bb5475aac77ce0201776aa42dbd18a9 article 075dd21be6067b32a1ada58da9c95d56013ade2c ③ 사업주는 항타기나 항발기를 조립ㆍ해체ㆍ변경 또는 이동하는 작업을 하는 경우 그 작업방법과 절차를 정하여 근로자에게 주지시켜야 한다. ③ 사업주는 항타기나 항발기를 조립ㆍ해체ㆍ변경 또는 이동하는 작업을 하는 경우 그 작업방법과 절차를 정하여 근로자에게 주지시켜야 한다. 35 제5장 관리감독자의 직무, 사용의 제한 등 pattern_match",KEYWORD_ONLY,keyword match without full direct-evidence combination
graph_rag_knowledgement\reasoning_graph\nodes\nodes_rule.csv,c99cd746-f620-5c3f-a94a-dd02d91fe7a4,paragraph,산업안전보건기준에 관한 규칙,제82조,,근로자에게 알; 근로자에게 알려; 알려야,"① 사업주는 부상자의 응급처치에 필요한 다음 각 호의 구급용구를 갖추어 두고, 그 장소와 사용방법을 근로자에게 알려야 한다. paragraph 769fdd40513cc9744b0b26cf1ec9f4f37ab4413e article 26fce5403a50609b3e9a88fa297b003c7126c003 ① 사업주는 부상자의 응급처치에 필요한 다음 각 호의 구급용구를 갖추어 두고, 그 장소와 사용방법을 근로자에게 알려야 한다. ① 사업주는 부상자의 응급처치에 필요한 다음 각 호의 구급용구를 갖추어 두고, 그 장소와 사용방법을 근로자에게 알려야 한다. 79 제9장 휴게시설 등 pattern_match",KEYWORD_ONLY,keyword match without full direct-evidence combination
graph_rag_knowledgement\reasoning_graph\nodes\nodes_rule.csv,8ce022ae-05cb-50df-9eaa-d8028798d96a,paragraph,산업안전보건기준에 관한 규칙,제157조,,주지시켜,제157조(이삿짐운반용 리프트 운전방법의 주지) 사업주는 이삿짐운반용 리프트를 사용하는 근로자에게 운전방법 및 고장이 났을 경우의 조치방법을 주지시켜야 한다. 제157조(이삿짐운반용 리프트 운전방법의 주지) 사업주는 이삿짐운반용 리프트를 사용하는 근로자에게 운전방법 및 고장이 났을 경우의 조치방법을 주지시켜야 한다. paragraph 2081e1a68aa14e2158db447e466d6df423121ed6 article df6a51cc6477d763325f18589f936464f2551a95 제157조(이삿짐운반용 리프트 운전방법의 주지) 사업주는 이삿짐운반용 리프트를 사용하는 근로자에게 운전방법 및 고장이 났을 경우의 조치방법을 주지시켜야 한다. 제157조(이삿짐운반용 리프트 운전방법의 주지) 사업주는 이삿짐운반용 리프트를 사용하는 근로자에게 운전방법 및 고장이 났을 경우의 조치방법을 주...,KEYWORD_ONLY,keyword match without full direct-evidence combination
graph_rag_knowledgement\reasoning_graph\nodes\nodes_rule.csv,00da8e82-8108-5225-9366-a148332d7a84,paragraph,산업안전보건기준에 관한 규칙,제160조,,근로자에게 주지; 주지시켜,제160조(운전방법 등의 주지) 사업주는 곤돌라의 운전방법 또는 고장이 났을 때의 처치방법을 그 곤돌라를 사용하는 근로자에게 주지시켜야 한다. paragraph 965fe4c4af51466e9da57ba75b7e5ac52e72d10d article ee6f06fedf07dc108b5f221b97a6ef2ab0350a75 제160조(운전방법 등의 주지) 사업주는 곤돌라의 운전방법 또는 고장이 났을 때의 처치방법을 그 곤돌라를 사용하는 근로자에게 주지시켜야 한다. 제160조(운전방법 등의 주지) 사업주는 곤돌라의 운전방법 또는 고장이 났을 때의 처치방법을 그 곤돌라를 사용하는 근로자에게 주지시켜야 한다. 160 제5관 곤돌라 pattern_match,KEYWORD_ONLY,keyword match without full direct-evidence combination
graph_rag_knowledgement\reasoning_graph\nodes\nodes_rule.csv,a3722e91-62d1-50c9-ade2-3fc0e005df29,paragraph,산업안전보건기준에 관한 규칙,제360조,,근로자에게 알; 근로자에게 알려,"② 사업주는 제1항에 따른 재해발생위험을 관계 근로자에게 신속히 알리기 위한 비상벨 등 통신설비 등을 설치하고, 그 설치장소를 관계 근로자에게 알려 주어야 한다. paragraph 866b9cd604065055fbca9b212ad99c1a200f0d32 article 3d6860d778a6dccdbdae5f7b03936b980009080e ② 사업주는 제1항에 따른 재해발생위험을 관계 근로자에게 신속히 알리기 위한 비상벨 등 통신설비 등을 설치하고, 그 설치장소를 관계 근로자에게 알려 주어야 한다. ② 사업주는 제1항에 따른 재해발생위험을 관계 근로자에게 신속히 알리기 위한 비상벨 등 통신설비 등을 설치하고, 그 설치장소를 관계 근로자에게 알려 주어야 한다. 351 제2속 낙반 등에 의한 위험의 방지 pattern_match",KEYWORD_ONLY,keyword match without full direct-evidence combination
graph_rag_knowledgement\reasoning_graph\nodes\nodes_rule.csv,380aac57-13be-56b2-be80-98276db86456,paragraph,산업안전보건기준에 관한 규칙,제374조,,근로자에게 주지; 주지시켜,① 사업주는 채석작업을 하는 경우에 미리 굴착기계등의 운행경로 및 토석의 적재장소에 대한 출입방법을 정하여 관계 근로자에게 주지시켜야 한다. ① 사업주는 채석작업을 하는 경우에 미리 굴착기계등의 운행경로 및 토석의 적재장소에 대한 출입방법을 정하여 관계 근로자에게 주지시켜야 한다. paragraph 6df12508e63baa76580111773d19195c8846f757 article 15d26d72ac1a4dfe623285481dfe4c98cbaa0bf7 ① 사업주는 채석작업을 하는 경우에 미리 굴착기계등의 운행경로 및 토석의 적재장소에 대한 출입방법을 정하여 관계 근로자에게 주지시켜야 한다. ① 사업주는 채석작업을 하는 경우에 미리 굴착기계등의 운행경로 및 토석의 적재장소에 대한 출입방법을 정하여 관계 근로자에게 주지시켜야 한다. 370 제5관 채석작업 pattern_match,KEYWORD_ONLY,keyword match without full direct-evidence combination
graph_rag_knowledgement\reasoning_graph\nodes\nodes_rule.csv,4970cb6c-f7f6-5378-a1be-3f12e03d4084,paragraph,산업안전보건기준에 관한 규칙,제406조,,근로자에게 주지; 주지시켜,① 사업주는 벌목작업을 하는 경우에는 일정한 신호방법을 정하여 그 작업에 종사하는 근로자에게 주지시켜야 한다. ① 사업주는 벌목작업을 하는 경우에는 일정한 신호방법을 정하여 그 작업에 종사하는 근로자에게 주지시켜야 한다. paragraph 07a057b80c65f8c7270be91f8aefccc6fd0bd808 article a896a63f82176d972517f4147b060f9a5310e98f ① 사업주는 벌목작업을 하는 경우에는 일정한 신호방법을 정하여 그 작업에 종사하는 근로자에게 주지시켜야 한다. ① 사업주는 벌목작업을 하는 경우에는 일정한 신호방법을 정하여 그 작업에 종사하는 근로자에게 주지시켜야 한다. 405 제7장 벌목작업에 의한 위험 방지 pattern_match,KEYWORD_ONLY,keyword match without full direct-evidence combination
graph_rag_knowledgement\reasoning_graph\nodes\nodes_rule.csv,5c37f561-bd5c-5e7c-b633-88ab6c55d466,paragraph,산업안전보건기준에 관한 규칙,제437조,,알려야,② 사업주는 제1항제7호에 따른 조치를 확인할 수 없는 설비에 대하여 근로자가 그 설비의 내부에 머리를 넣고 작업하지 않도록 하고 작업하는 근로자에게 주의하도록 미리 알려야 한다. paragraph 118d91859860b4a267374616d9e8cbd165ef45bd article f688aa0999f14c216ec2496888e09347055300ee ② 사업주는 제1항제7호에 따른 조치를 확인할 수 없는 설비에 대하여 근로자가 그 설비의 내부에 머리를 넣고 작업하지 않도록 하고 작업하는 근로자에게 주의하도록 미리 알려야 한다. ② 사업주는 제1항제7호에 따른 조치를 확인할 수 없는 설비에 대하여 근로자가 그 설비의 내부에 머리를 넣고 작업하지 않도록 하고 작업하는 근로자에게 주의하도록 미리 알려야 한다. 436 제4절 작업방법 등 pattern_match,KEYWORD_ONLY,keyword match without full direct-evidence combination
graph_rag_knowledgement\reasoning_graph\nodes\nodes_rule.csv,d0a992a4-f7d6-5795-8d2f-555c91b8685b,paragraph,산업안전보건기준에 관한 규칙,제440조,,근로자에게 알; 근로자에게 알려; 알려야,"제440조(특별관리물질의 고지) 사업주는 근로자가 별표 12에 따른 특별관리물질을 취급하는 경우에는 그 물질이 특별관리물질이라는 사실과 「산업안전보건법 시행규칙」 별표 18 제1호나목에 따른 발암성 물질, 생식세포 변이원성 물질 또는 생식독성 물질 등 중 어느 것에 해당하는지에 관한 내 제440조(특별관리물질의 고지) 사업주는 근로자가 별표 12에 따른 특별관리물질을 취급하는 경우에는 그 물질이 특별관리물질이라는 사실과 「산업안전보건법 시행규칙」 별표 18 제1호나목에 따른 발암성 물질, 생식세포 변이원성 물질 또는 생식독성 물질 등 중 어느 것에 해당하는지에 관한 내용을 게시판 등을 통하여 근로자에게 알려야 한다. <개정 2019.12.26> paragraph 9e7b0f32cdb244d49f6c514a35d29cf6d29c36e1 article fdfe8de37dbd5d3f9cd2206...",KEYWORD_ONLY,keyword match without full direct-evidence combination
graph_rag_knowledgement\reasoning_graph\nodes\nodes_rule.csv,8c723125-fa9a-5ba2-8052-948ad921b828,paragraph,산업안전보건기준에 관한 규칙,제449조,,근로자에게 알; 근로자에게 알려; 알려야,① 사업주는 관리대상 유해물질을 취급하는 작업에 근로자를 종사하도록 하는 경우에 근로자를 작업에 배치하기 전에 다음 각 호의 사항을 근로자에게 알려야 한다. ① 사업주는 관리대상 유해물질을 취급하는 작업에 근로자를 종사하도록 하는 경우에 근로자를 작업에 배치하기 전에 다음 각 호의 사항을 근로자에게 알려야 한다. paragraph 7db6d8eeee6845a21da56986d63e6db0b99d1600 article 5b3c8aa7efb5d1f342892b30895540de5f30ebe1 ① 사업주는 관리대상 유해물질을 취급하는 작업에 근로자를 종사하도록 하는 경우에 근로자를 작업에 배치하기 전에 다음 각 호의 사항을 근로자에게 알려야 한다. ① 사업주는 관리대상 유해물질을 취급하는 작업에 근로자를 종사하도록 하는 경우에 근로자를 작업에 배치하기 전에 다음 각 호의 사항을 근로자에게 알려야...,KEYWORD_ONLY,keyword match without full direct-evidence combination
graph_rag_knowledgement\reasoning_graph\nodes\nodes_rule.csv,87bd5502-2326-5b50-a74f-332068654136,paragraph,산업안전보건기준에 관한 규칙,제449조,,근로자에게 알; 근로자에게 알려; 알려야,"② 사업주는 근로자가 별표 12 제1호13)ㆍ46)ㆍ59)ㆍ71)ㆍ101)ㆍ111)의 물질을 취급하는 경우에 근로자가 작업을 시작하기 전에 해당 물질이 급성 독성을 일으키는 물질임을 근로자에게 알려야 한다. <개정 2019.4.19, 2019.12.26, 2022.10.18> ② 사업주는 근로자가 별표 12 제1호13)ㆍ46)ㆍ59)ㆍ71)ㆍ101)ㆍ111)의 물질을 취급하는 경우에 근로자가 작업을 시작하기 전에 해당 물질이 급성 독성을 일으키는 물질임을 근로자에게 알려야 한다. <개정 2019.4.19, 2019.12.26, 2022.10.18> paragraph d0c335593b10c3c970bd2828fd6e8fe597d7e720 article 5b3c8aa7efb5d1f342892b30895540de5f30ebe1 ② 사업주는 근로자가 별표 12 제1호13)ㆍ46)ㆍ59)ㆍ71)ㆍ...",KEYWORD_ONLY,keyword match without full direct-evidence combination
graph_rag_knowledgement\reasoning_graph\nodes\nodes_rule.csv,b64d7926-f7d6-5be3-a075-6f6d6036cc13,paragraph,산업안전보건기준에 관한 규칙,제486조,,근로자에게 알; 근로자에게 알려; 알려야,"제486조(직업성 질병의 주지) 사업주는 석면으로 인한 직업성 질병의 발생 원인, 재발 방지 방법 등을 석면을 취급하는 근로자에게 알려야 한다. paragraph bb3a076878eb65b633cb8af0fadbea03e2a8098d article d7c413361a87eb9f782124ae459672d06a5b5c23 제486조(직업성 질병의 주지) 사업주는 석면으로 인한 직업성 질병의 발생 원인, 재발 방지 방법 등을 석면을 취급하는 근로자에게 알려야 한다. 제486조(직업성 질병의 주지) 사업주는 석면으로 인한 직업성 질병의 발생 원인, 재발 방지 방법 등을 석면을 취급하는 근로자에게 알려야 한다. 477 제6절 석면의 해체ㆍ제거 작업 및 유지ㆍ관리 등의 조치기준 <개정 2024.6.28> pattern_match",KEYWORD_ONLY,keyword match without full direct-evidence combination
graph_rag_knowledgement\reasoning_graph\nodes\nodes_rule.csv,44fddc09-78c0-5373-aae2-b96a82f547e8,paragraph,산업안전보건기준에 관한 규칙,제489조,,근로자에게 알; 근로자에게 알려; 알려야,"② 사업주는 제1항에 따른 석면해체ㆍ제거작업 계획을 수립한 경우에 이를 해당 근로자에게 알려야 하며, 작업장에 대한 석면조사 방법 및 종료일자, 석면조사 결과의 요지를 해당 근로자가 보기 쉬운 장소에 게시하여야 한다. <개정 2012.3.5> ② 사업주는 제1항에 따른 석면해체ㆍ제거작업 계획을 수립한 경우에 이를 해당 근로자에게 알려야 하며, 작업장에 대한 석면조사 방법 및 종료일자, 석면조사 결과의 요지를 해당 근로자가 보기 쉬운 장소에 게시하여야 한다. <개정 2012.3.5> paragraph 496faf0d4c366f7f17e2bac2507b20dd24560f32 article 71811c025baae84f5ba210504daedbf9b8f0aeab ② 사업주는 제1항에 따른 석면해체ㆍ제거작업 계획을 수립한 경우에 이를 해당 근로자에게 알려야 하며, 작업장에 대한 석면조사 방법 및 ...",KEYWORD_ONLY,keyword match without full direct-evidence combination
graph_rag_knowledgement\reasoning_graph\nodes\nodes_rule.csv,c8916d5f-8e99-5009-b39c-cd807b136262,paragraph,산업안전보건기준에 관한 규칙,제535조,,알려야,② 사업주는 기압조절실에서 고압작업자 또는 잠수작업자에게 감압을 하는 경우에 그 감압에 필요한 시간을 해당 고압작업자 또는 잠수작업자에게 미리 알려야 한다. <개정 2017.12.28> ② 사업주는 기압조절실에서 고압작업자 또는 잠수작업자에게 감압을 하는 경우에 그 감압에 필요한 시간을 해당 고압작업자 또는 잠수작업자에게 미리 알려야 한다. <개정 2017.12.28> paragraph 6405eff2889ba9f128dce7161ade1361ae6f5fc9 article 9ebd6fcf22c010e7b5770ccf803f299e83a32d5e ② 사업주는 기압조절실에서 고압작업자 또는 잠수작업자에게 감압을 하는 경우에 그 감압에 필요한 시간을 해당 고압작업자 또는 잠수작업자에게 미리 알려야 한다. <개정 2017.12.28> ② 사업주는 기압조절실에서 고압작업자 또는 잠수작업자에게 감압을...,KEYWORD_ONLY,keyword match without full direct-evidence combination
graph_rag_knowledgement\reasoning_graph\nodes\nodes_rule.csv,dc2cbc06-da66-5585-a92a-9d12c5ea8b00,paragraph,산업안전보건기준에 관한 규칙,제542조,,근로자에게 알,"① 사업주는 고압작업을 하는 경우에 대기압을 초과하는 기압에서의 가연성물질의 연소위험성에 대하여 근로자에게 알리고, 고압작업자의 화상이나 그 밖의 위험을 방지하기 위하여 다음 각 호의 조치를 하여야 한다. ① 사업주는 고압작업을 하는 경우에 대기압을 초과하는 기압에서의 가연성물질의 연소위험성에 대하여 근로자에게 알리고, 고압작업자의 화상이나 그 밖의 위험을 방지하기 위하여 다음 각 호의 조치를 하여야 한다. paragraph cd76c0e1b9fd6153e468905b55f429a3f8bbc998 article b357f870f5f1df18133e03d10520fa19e661922c ① 사업주는 고압작업을 하는 경우에 대기압을 초과하는 기압에서의 가연성물질의 연소위험성에 대하여 근로자에게 알리고, 고압작업자의 화상이나 그 밖의 위험을 방지하기 위하여 다음 각 호의 조치를 하여야 한다. ① ...",KEYWORD_ONLY,keyword match without full direct-evidence combination
graph_rag_knowledgement\reasoning_graph\nodes\nodes_rule.csv,4a879453-a8ee-5cda-8d9f-98e377442acd,paragraph,산업안전보건기준에 관한 규칙,제545조,,알려야,"③ 사업주는 호흡용 기체통 및 비상기체통의 기능의 이상 유무 및 해당 기체통에 저장된 호흡용 기체량 등을 확인하여 그 내용을 잠수작업자에게 알려야 하며, 이상이 있는 호흡용 기체통이나 비상기체통을 잠수작업자에게 제공해서는 아니 된다. ③ 사업주는 호흡용 기체통 및 비상기체통의 기능의 이상 유무 및 해당 기체통에 저장된 호흡용 기체량 등을 확인하여 그 내용을 잠수작업자에게 알려야 하며, 이상이 있는 호흡용 기체통이나 비상기체통을 잠수작업자에게 제공해서는 아니 된다. paragraph a6c7721e89af83e91d56d0dd24ebe455b4f0d1be article d9975a6216c34b597eadc360dd7db3149eb28678 ③ 사업주는 호흡용 기체통 및 비상기체통의 기능의 이상 유무 및 해당 기체통에 저장된 호흡용 기체량 등을 확인하여 그 내용을 잠수작업자에게 알려야 하며,...",KEYWORD_ONLY,keyword match without full direct-evidence combination
graph_rag_knowledgement\reasoning_graph\nodes\nodes_rule.csv,a66704ed-e5c0-534a-8e9a-98c0fede5606,paragraph,산업안전보건기준에 관한 규칙,제591조,,근로자에게 알; 근로자에게 알려; 알려야,"제591조(유해성 등의 주지) 사업주는 근로자가 방사선업무를 하는 경우에 방사선이 인체에 미치는 영향, 안전한 작업방법, 건강관리 요령 등에 관한 내용을 근로자에게 알려야 한다. 제591조(유해성 등의 주지) 사업주는 근로자가 방사선업무를 하는 경우에 방사선이 인체에 미치는 영향, 안전한 작업방법, 건강관리 요령 등에 관한 내용을 근로자에게 알려야 한다. paragraph 89525e57a17e47993108efb316ccb8feeeacaded article a49a3704979eba3ca48db641d33d1461c4136bb1 제591조(유해성 등의 주지) 사업주는 근로자가 방사선업무를 하는 경우에 방사선이 인체에 미치는 영향, 안전한 작업방법, 건강관리 요령 등에 관한 내용을 근로자에게 알려야 한다. 제591조(유해성 등의 주지) 사업주는 근로자가 방사선업무를 하는 경우에 방사선이 인...",KEYWORD_ONLY,keyword match without full direct-evidence combination
graph_rag_knowledgement\reasoning_graph\nodes\nodes_rule.csv,7823bbb1-dc80-5a93-b998-5cbd66f02ed3,paragraph,산업안전보건기준에 관한 규칙,제598조,,근로자에게 알; 근로자에게 알려; 알려야,③ 사업주는 제1항과 제2항에 따른 조사 결과와 조치 내용을 즉시 해당 근로자에게 알려야 한다. paragraph 059d4ccc0017ada0e02bbdf17f840377ef74cce7 article 97c95b7d82be3de53951e06d09b1869d64fb81a7 ③ 사업주는 제1항과 제2항에 따른 조사 결과와 조치 내용을 즉시 해당 근로자에게 알려야 한다. ③ 사업주는 제1항과 제2항에 따른 조사 결과와 조치 내용을 즉시 해당 근로자에게 알려야 한다. 597 제3절 혈액매개 감염 노출 위험작업 시 조치기준 pattern_match,KEYWORD_ONLY,keyword match without full direct-evidence combination
graph_rag_knowledgement\reasoning_graph\nodes\nodes_rule.csv,b53db55d-a18c-56c3-91a1-2f077a524e9e,paragraph,산업안전보건기준에 관한 규칙,제623조,,알려야,"② 제1항에 따른 감시인은 밀폐공간에 종사하는 근로자에게 이상이 있을 경우에 지체 없이 사업장 소재지를 관할하는 소방관서에 신고하고, 해당 소방관서의 장의 협조를 받아 적절한 조치를 한 후 이를 즉시 사업주 및 관리감독자에게 알려야 한다. <개정 2025.12.1> ② 제1항에 따른 감시인은 밀폐공간에 종사하는 근로자에게 이상이 있을 경우에 지체 없이 사업장 소재지를 관할하는 소방관서에 신고하고, 해당 소방관서의 장의 협조를 받아 적절한 조치를 한 후 이를 즉시 사업주 및 관리감독자에게 알려야 한다. <개정 2025.12.1> paragraph 1bc8e102c97ca2022b82216a9583f9266d983ba8 article e2db8c60466924b1fce707c0661c0ed99bed02cc ② 제1항에 따른 감시인은 밀폐공간에 종사하는 근로자에게 이상이 있을 경우에 지체 없이 ...",KEYWORD_ONLY,keyword match without full direct-evidence combination
graph_rag_knowledgement\reasoning_graph\nodes\nodes_rule.csv,601acbd8-a1aa-5c31-9204-fa4ef110535f,paragraph,산업안전보건기준에 관한 규칙,제652조,,근로자에게 알,"제652조(건물 개ㆍ보수 시 공기오염 관리) 사업주는 건물 개ㆍ보수 중 사무실의 공기질이 악화될 우려가 있을 경우에 그 작업내용을 근로자에게 알리고 공사장소를 격리하거나, 사무실오염물질의 억제 및 청소 등 적절한 조치를 하여야 한다. 제652조(건물 개ㆍ보수 시 공기오염 관리) 사업주는 건물 개ㆍ보수 중 사무실의 공기질이 악화될 우려가 있을 경우에 그 작업내용을 근로자에게 알리고 공사장소를 격리하거나, 사무실오염물질의 억제 및 청소 등 적절한 조치를 하여야 한다. paragraph 5516f235f565ea17bcb6e91ab2b5aff354468776 article 660f3ea92f1e1f2268d44a9724047968895aebd5 제652조(건물 개ㆍ보수 시 공기오염 관리) 사업주는 건물 개ㆍ보수 중 사무실의 공기질이 악화될 우려가 있을 경우에 그 작업내용을 근로자에게 알리고 공사...",KEYWORD_ONLY,keyword match without full direct-evidence combination
graph_rag_knowledgement\reasoning_graph\nodes\nodes_rule.csv,49d62443-e064-599a-9dfd-603f922ef493,paragraph,산업안전보건기준에 관한 규칙,제661조,,근로자에게 알; 근로자에게 알려; 알려야,① 사업주는 근로자가 근골격계부담작업을 하는 경우에 다음 각 호의 사항을 근로자에게 알려야 한다. ① 사업주는 근로자가 근골격계부담작업을 하는 경우에 다음 각 호의 사항을 근로자에게 알려야 한다. paragraph 554b614ea003b281e2a2382fb88b98dae171594a article 76867cce9a0dc0c0e1e628f02c84761702526cda ① 사업주는 근로자가 근골격계부담작업을 하는 경우에 다음 각 호의 사항을 근로자에게 알려야 한다. ① 사업주는 근로자가 근골격계부담작업을 하는 경우에 다음 각 호의 사항을 근로자에게 알려야 한다. 657 제2절 유해요인 조사 및 개선 등 pattern_match,KEYWORD_ONLY,keyword match without full direct-evidence combination
graph_rag_knowledgement\reasoning_graph\nodes\nodes_rule.csv,24b6a81b-c482-5d69-a2ef-58568ef539d6,paragraph,산업안전보건기준에 관한 규칙,제661조,,근로자에게 알; 근로자에게 알려; 알려야,"② 사업주는 제657조제1항과 제2항에 따른 유해요인 조사 및 그 결과, 제658조에 따른 조사방법 등을 해당 근로자에게 알려야 한다. paragraph 559f7bd64d57b7acf7b9b55b2d1236197fa20a03 article 76867cce9a0dc0c0e1e628f02c84761702526cda ② 사업주는 제657조제1항과 제2항에 따른 유해요인 조사 및 그 결과, 제658조에 따른 조사방법 등을 해당 근로자에게 알려야 한다. ② 사업주는 제657조제1항과 제2항에 따른 유해요인 조사 및 그 결과, 제658조에 따른 조사방법 등을 해당 근로자에게 알려야 한다. 657 제2절 유해요인 조사 및 개선 등 pattern_match",KEYWORD_ONLY,keyword match without full direct-evidence combination
graph_rag_knowledgement\reasoning_graph\nodes\nodes_rule.csv,5c5a68ef-6481-54e0-a1d6-e0eafd5b11e1,paragraph,산업안전보건기준에 관한 규칙,제661조,,근로자에게 알; 근로자에게 알려; 알려야,③ 사업주는 근로자대표의 요구가 있으면 설명회를 개최하여 제657조제2항제1호에 따른 유해요인 조사 결과를 해당 근로자와 같은 방법으로 작업하는 근로자에게 알려야 한다. <신설 2017.12.28> paragraph 11967ec94323047005f614acf8af69afd13bd103 article 76867cce9a0dc0c0e1e628f02c84761702526cda ③ 사업주는 근로자대표의 요구가 있으면 설명회를 개최하여 제657조제2항제1호에 따른 유해요인 조사 결과를 해당 근로자와 같은 방법으로 작업하는 근로자에게 알려야 한다. <신설 2017.12.28> ③ 사업주는 근로자대표의 요구가 있으면 설명회를 개최하여 제657조제2항제1호에 따른 유해요인 조사 결과를 해당 근로자와 같은 방법으로 작업하는 근로자에게 알려야 한다. <신설 2017.12.28> 657 제2절 유해요인 조...,KEYWORD_ONLY,keyword match without full direct-evidence combination
graph_rag_knowledgement\reasoning_graph\nodes\nodes_rule.csv,2e1e2b3a-bffe-5eb7-8536-bcb33ea81d8b,paragraph,산업안전보건기준에 관한 규칙,제666조,,알려야,제666조(작업자세 등) 사업주는 근로자가 중량물을 인력으로 들어올리는 작업을 하는 경우에 무게중심을 낮추거나 대상물에 몸을 밀착하도록 하는 등 근로자에게 신체의 부담을 줄일 수 있는 자세에 대하여 알려야 한다. <개정 2024.6.28> 제666조(작업자세 등) 사업주는 근로자가 중량물을 인력으로 들어올리는 작업을 하는 경우에 무게중심을 낮추거나 대상물에 몸을 밀착하도록 하는 등 근로자에게 신체의 부담을 줄일 수 있는 자세에 대하여 알려야 한다. <개정 2024.6.28> paragraph b59c223a08fcf9edca88190bc32ecc12d991ee9e article 6e4e8dda57531e7dba58c0914fcf603523ae0a2c 제666조(작업자세 등) 사업주는 근로자가 중량물을 인력으로 들어올리는 작업을 하는 경우에 무게중심을 낮추거나 대상물에 몸을 밀착하도록 하는 ...,KEYWORD_ONLY,keyword match without full direct-evidence combination
graph_rag_knowledgement\reasoning_graph\nodes\nodes_rule.csv,2867dd79-3548-509c-8912-d4b8659d5d5c,paragraph,산업안전보건기준에 관한 규칙,제670조,,근로자에게 알,"② 사업주는 근로자가 농약원재료를 배합하는 작업을 하는 경우에 측정용기, 깔때기, 섞는 기구 등 배합기구들의 사용방법과 배합비율 등을 근로자에게 알리고, 농약원재료의 분진이나 미스트의 발생을 최소화하여야 한다. ② 사업주는 근로자가 농약원재료를 배합하는 작업을 하는 경우에 측정용기, 깔때기, 섞는 기구 등 배합기구들의 사용방법과 배합비율 등을 근로자에게 알리고, 농약원재료의 분진이나 미스트의 발생을 최소화하여야 한다. paragraph c381acee8eebc013092b210d36004b417a360441 article fa2a01be10bf782cb4201cf5897b9190cd69f8ea ② 사업주는 근로자가 농약원재료를 배합하는 작업을 하는 경우에 측정용기, 깔때기, 섞는 기구 등 배합기구들의 사용방법과 배합비율 등을 근로자에게 알리고, 농약원재료의 분진이나 미스트의 발생을 최소화하...",KEYWORD_ONLY,keyword match without full direct-evidence combination
graph_rag_knowledgement\reasoning_graph\nodes\nodes_rule.csv,c5e04c3a-7166-5474-8431-65caca96b7d9,item,산업안전보건법 시행규칙,제79조,,위험성평가,4. 작업장에서의 법 제36조에 따른 위험성평가의 실시에 관한 사항 item 55d196ead687e0712c0ee43182e915575cbeafa5 paragraph a947c2f1bb1550e5714f0e0cdb0a1fe86d150cb1 ② 협의체는 다음 각 호의 사항을 협의해야 한다. 4. 작업장에서의 법 제36조에 따른 위험성평가의 실시에 관한 사항 4. 작업장에서의 법 제36조에 따른 위험성평가의 실시에 관한 사항 79 제2절 도급인의 안전조치 및 보건조치 parent_context,KEYWORD_ONLY,keyword match without full direct-evidence combination
graph_rag_knowledgement\reasoning_graph\nodes\nodes_rule.csv,d8036dde-fe3e-5cc2-aba9-057541ac6998,item,산업안전보건법 시행규칙,제172조,,알려야,② 지방고용노동관서의 장은 제1항에 따라 제조ㆍ수입 또는 사용 승인신청서가 접수된 경우에는 다음 각 호의 사항을 심사하여 신청서가 접수된 날부터 20일 이내에 별지 제71호서식의 승인서를 신청인에게 발급하거나 불승인 사실을 알려야 한다. 1. 제1항에 따른 신청서 및 첨부서류의 내용이 적정한지 여부 수입승인은 해당 물질에 대하여 사용승인을 했거나 사용승인을 하는 경우에만 할 수 있다. 1. 제1항에 따른 신청서 및 첨부서류의 내용이 적정한지 여부 item 80745b88f81e6b2de1486b8722a2f794eda8f055 paragraph e9e40c3045b79bbf72957a23cdfd142010fa2949 ② 지방고용노동관서의 장은 제1항에 따라 제조ㆍ수입 또는 사용 승인신청서가 접수된 경우에는 다음 각 호의 사항을 심사하여 신청서가 접수된 날부터 20일 이내에 별지 제71호서식...,KEYWORD_ONLY,keyword match without full direct-evidence combination
graph_rag_knowledgement\reasoning_graph\nodes\nodes_rule.csv,7ef83715-0cd6-5724-855d-e91e27d00b06,item,산업안전보건법 시행규칙,제172조,,알려야,② 지방고용노동관서의 장은 제1항에 따라 제조ㆍ수입 또는 사용 승인신청서가 접수된 경우에는 다음 각 호의 사항을 심사하여 신청서가 접수된 날부터 20일 이내에 별지 제71호서식의 승인서를 신청인에게 발급하거나 불승인 사실을 알려야 한다. 2. 제조ㆍ사용설비 등이 안전보건규칙 제33조 및 제499조부터 제511조까지의 규정에 적합한지 여부 수입승인은 해당 물질에 대하여 사용승인을 했거나 사용승인을 하는 경우에만 할 수 있다. 2. 제조ㆍ사용설비 등이 안전보건규칙 제33조 및 제499조부터 제511조까지의 규정에 적합한지 여부 item da9a741bf800d6e82ea5475876579db5987609d2 paragraph e9e40c3045b79bbf72957a23cdfd142010fa2949 ② 지방고용노동관서의 장은 제1항에 따라 제조ㆍ수입 또는 사용 승인신청서가 접수된 경우에는 다음 ...,KEYWORD_ONLY,keyword match without full direct-evidence combination
graph_rag_knowledgement\reasoning_graph\nodes\nodes_rule.csv,92a292e0-e0de-55f5-9758-001b02b35634,item,산업안전보건법 시행규칙,제172조,,알려야,"② 지방고용노동관서의 장은 제1항에 따라 제조ㆍ수입 또는 사용 승인신청서가 접수된 경우에는 다음 각 호의 사항을 심사하여 신청서가 접수된 날부터 20일 이내에 별지 제71호서식의 승인서를 신청인에게 발급하거나 불승인 사실을 알려야 한다. 3. 수입하려는 물질이 사용승인을 받은 물질과 같은지 여부, 사용승인 받은 양을 초과하는지 여부, 그 밖에 사용승인신청 내용과 일치하는지 여부(수입승인의 경우만 해당한다) 수입승인은 해당 물질에 대하여 사용승인을 했거나 사용승인을 하는 경우에만 할 수 있다. 3. 수입하려는 물질이 사용승인을 받은 물질과 같은지 여부, 사용승인 받은 양을 초과하는지 여부, 그 밖에 사용승인신청 내용과 일치하는지 여부(수입승인의 경우만 해당한다) item 4cbbdeb388ab1ed03415ef47746620ddf755fe49 paragraph e9e40c3045b79bbf7...",KEYWORD_ONLY,keyword match without full direct-evidence combination
graph_rag_knowledgement\reasoning_graph\nodes\nodes_rule.csv,e54e59d6-06b7-5723-9b27-35a629eadd93,item,산업안전보건법 시행규칙,제173조,,알려야,1. 제1항에 따른 신청서 및 첨부서류의 내용이 적정한지 여부 item 167fa1e177bdd62bbf4b2259216efd6a4c122b91 paragraph f1a1f1007504b68cdbfc8e0d09615eb79d0b6f9f ② 지방고용노동관서의 장은 제1항에 따라 제조ㆍ사용허가신청서가 접수되면 다음 각 호의 사항을 심사하여 신청서가 접수된 날부터 20일 이내에 별지 제73호서식의 허가증을 신청인에게 발급하거나 불허가 사실을 알려야 한다. 1. 제1항에 따른 신청서 및 첨부서류의 내용이 적정한지 여부 1. 제1항에 따른 신청서 및 첨부서류의 내용이 적정한지 여부 141 제7장 유해ㆍ위험물질에 대한 조치 pattern_match,KEYWORD_ONLY,keyword match without full direct-evidence combination
graph_rag_knowledgement\reasoning_graph\nodes\nodes_rule.csv,558a42a2-a8e0-5c9b-9973-674d6b248070,item,산업안전보건법 시행규칙,제173조,,알려야,"② 지방고용노동관서의 장은 제1항에 따라 제조ㆍ사용허가신청서가 접수되면 다음 각 호의 사항을 심사하여 신청서가 접수된 날부터 20일 이내에 별지 제73호서식의 허가증을 신청인에게 발급하거나 불허가 사실을 알려야 한다. 2. 제조ㆍ사용 설비 등이 안전보건규칙 제33조, 제35조제1항(같은 규칙 별표 2 제16호 및 제17호에 해당하는 경우로 한정한다) 및 같은 규칙 제453조부터 제486조까지의 규정에 적합한지 여부 item b72d8082b6cc5de20b08863cdd9c462b312176c5 paragraph f1a1f1007504b68cdbfc8e0d09615eb79d0b6f9f ② 지방고용노동관서의 장은 제1항에 따라 제조ㆍ사용허가신청서가 접수되면 다음 각 호의 사항을 심사하여 신청서가 접수된 날부터 20일 이내에 별지 제73호서식의 허가증을 신청인에게 발급하거나 불허가 사실을 알려...",KEYWORD_ONLY,keyword match without full direct-evidence combination
graph_rag_knowledgement\reasoning_graph\nodes\nodes_rule.csv,52e44542-9a3c-5a63-adb2-a0eabe9eec0a,item,산업안전보건법 시행규칙,제173조,,알려야,3. 그 밖에 법 또는 법에 따른 명령의 이행에 관한 사항 item 5ddb8ee49700a72c6903b68614ef3bc0c7582250 paragraph f1a1f1007504b68cdbfc8e0d09615eb79d0b6f9f ② 지방고용노동관서의 장은 제1항에 따라 제조ㆍ사용허가신청서가 접수되면 다음 각 호의 사항을 심사하여 신청서가 접수된 날부터 20일 이내에 별지 제73호서식의 허가증을 신청인에게 발급하거나 불허가 사실을 알려야 한다. 3. 그 밖에 법 또는 법에 따른 명령의 이행에 관한 사항 3. 그 밖에 법 또는 법에 따른 명령의 이행에 관한 사항 141 제7장 유해ㆍ위험물질에 대한 조치 pattern_match,KEYWORD_ONLY,keyword match without full direct-evidence combination
graph_rag_knowledgement\reasoning_graph\nodes\nodes_rule.csv,948b7be5-6bd7-5e12-a5ed-fb0b3dbaf204,item,산업안전보건법,제175조,,근로자에게 알,"⑤ 다음 각 호의 어느 하나에 해당하는 자에게는 500만원 이하의 과태료를 부과한다. <개정 2020.3.31, 2021.5.18> 15. 제125조제6항을 위반하여 작업환경측정 결과를 해당 작업장 근로자에게 알리지 아니한 자 15. 제125조제6항을 위반하여 작업환경측정 결과를 해당 작업장 근로자에게 알리지 아니한 자 ⑤ 다음 각 호의 어느 하나에 해당하는 자에게는 500만원 이하의 과태료를 부과한다. <개정 2020.3.31, 2021.5.18> 15. 제125조제6항을 위반하여 작업환경측정 결과를 해당 작업장 근로자에게 알리지 아니한 자 item e1df911745a376f23b565d4b4f13c68d7c19e23c paragraph 1d2223776b70e69866e6d444ed9bc9cc70d4f878 ⑤ 다음 각 호의 어느 하나에 해당하는 자에게는 500만원 이하의 과태료를 부...",KEYWORD_ONLY,keyword match without full direct-evidence combination
graph_rag_knowledgement\reasoning_graph\nodes\nodes_rule.csv,b33b358f-f587-57b9-bad0-b97b61a18676,item,산업안전보건법 시행령,제15조,,위험성평가,"6. 법 제36조에 따라 실시되는 위험성평가에 관한 다음 각 목의 업무 item 01858e27e8f5978a5ebe27d98d11be9a96f5cc3e paragraph cbe140c985d81420d45f1ad9831f7d53e047463f ① 법 제16조제1항에서 ""대통령령으로 정하는 업무""란 다음 각 호의 업무를 말한다. <개정 2021.11.19> 6. 법 제36조에 따라 실시되는 위험성평가에 관한 다음 각 목의 업무 6. 법 제36조에 따라 실시되는 위험성평가에 관한 다음 각 목의 업무 13 제2장 안전보건관리체제 등 pattern_match",KEYWORD_ONLY,keyword match without full direct-evidence combination
graph_rag_knowledgement\reasoning_graph\nodes\nodes_rule.csv,e6abf127-ffee-5276-827b-d6b44e10fe96,item,산업안전보건법 시행령,제101조,,위험성평가,"1. 법 제36조에 따른 위험성평가의 지도 item 893fb6c20adad52f19a0133ef0215db42c99c026 paragraph 88ac6e30d9311441176a0de45faeb4efc9af32f0 ① 법 제142조제1항제4호에서 ""대통령령으로 정하는 사항""이란 다음 각 호의 사항을 말한다. 1. 법 제36조에 따른 위험성평가의 지도 1. 법 제36조에 따른 위험성평가의 지도 101 제9장 산업안전지도사 및 산업보건지도사 pattern_match",KEYWORD_ONLY,keyword match without full direct-evidence combination
graph_rag_knowledgement\reasoning_graph\nodes\nodes_rule.csv,a1675901-a8dc-50b8-8647-ff187aa3321b,item,산업안전보건법 시행령,제101조,,위험성평가,"1. 법 제36조에 따른 위험성평가의 지도 item 27dc2ba0cf1b85dbf3fcc37fa5a8cb2360648f8d paragraph 168816303a7cf5a6ed295d081b48663f3970f7d7 ② 법 제142조제2항제6호에서 ""대통령령으로 정하는 사항""이란 다음 각 호의 사항을 말한다. 1. 법 제36조에 따른 위험성평가의 지도 1. 법 제36조에 따른 위험성평가의 지도 101 제9장 산업안전지도사 및 산업보건지도사 pattern_match",KEYWORD_ONLY,keyword match without full direct-evidence combination
graph_rag_knowledgement\reasoning_graph\nodes\nodes_rule.csv,f9871978-167e-5a97-b460-f8023b334c5b,item,산업안전보건법 시행령,제109조,,위험성평가,7. 법 제36조에 따른 위험성평가에 관한 지원 업무 item 4898cbd93712a7c6e0efe83851bed5fd3bb51859 paragraph 9a44dacb751e1bfce26fcd63d32a60a7f3428799 7. 법 제36조에 따른 위험성평가에 관한 지원 업무 7. 법 제36조에 따른 위험성평가에 관한 지원 업무 109 제10장 보칙 pattern_match,KEYWORD_ONLY,keyword match without full direct-evidence combination
graph_rag_knowledgement\reasoning_graph\nodes\nodes_rule.csv,3adf7dcc-976e-5971-81a1-5a8530cb9676,item,산업안전보건기준에 관한 규칙,제57조,,근로자에게 주지,① 사업주는 달비계 또는 높이 5미터 이상의 비계를 조립ㆍ해체하거나 변경하는 작업을 하는 경우 다음 각 호의 사항을 준수하여야 한다. 2. 조립ㆍ해체 또는 변경의 시기ㆍ범위 및 절차를 그 작업에 종사하는 근로자에게 주지시킬 것 2. 조립ㆍ해체 또는 변경의 시기ㆍ범위 및 절차를 그 작업에 종사하는 근로자에게 주지시킬 것 item 77677f33c7821dbea449bf9df5127ae83e0b7f51 paragraph 88adab5542929c915c3f2aac6b7eb3f54847161b ① 사업주는 달비계 또는 높이 5미터 이상의 비계를 조립ㆍ해체하거나 변경하는 작업을 하는 경우 다음 각 호의 사항을 준수하여야 한다. 2. 조립ㆍ해체 또는 변경의 시기ㆍ범위 및 절차를 그 작업에 종사하는 근로자에게 주지시킬 것 2. 조립ㆍ해체 또는 변경의 시기ㆍ범위 및 절차를 그 작업에 종사하는 근로자에게...,KEYWORD_ONLY,keyword match without full direct-evidence combination
graph_rag_knowledgement\reasoning_graph\nodes\nodes_rule.csv,30103736-3ce5-53d3-9ed1-1a466f4cf8b3,item,산업안전보건기준에 관한 규칙,제70조,,근로자에게 주지,"6. 작업발판에는 제조사가 정한 최대적재하중을 초과하여 적재해서는 아니 되며, 최대적재하중이 표기된 표지판을 부착하고 근로자에게 주지시키도록 할 것 6. 작업발판에는 제조사가 정한 최대적재하중을 초과하여 적재해서는 아니 되며, 최대적재하중이 표기된 표지판을 부착하고 근로자에게 주지시키도록 할 것 item 18c6dfc1542391c21baefc74c2cacb1c27112e31 paragraph d9a3ffe27380e6c2c1898c2e84595ea0f4d7beac 6. 작업발판에는 제조사가 정한 최대적재하중을 초과하여 적재해서는 아니 되며, 최대적재하중이 표기된 표지판을 부착하고 근로자에게 주지시키도록 할 것 6. 작업발판에는 제조사가 정한 최대적재하중을 초과하여 적재해서는 아니 되며, 최대적재하중이 표기된 표지판을 부착하고 근로자에게 주지시키도록 할 것 69 제6절 시스템 비계 patt...",KEYWORD_ONLY,keyword match without full direct-evidence combination
graph_rag_knowledgement\reasoning_graph\nodes\nodes_rule.csv,3d70cf5a-e161-57e4-8d39-19816d5d2fe1,item,산업안전보건기준에 관한 규칙,제82조,,근로자에게 알; 근로자에게 알려; 알려야,"1. 붕대재료ㆍ탈지면ㆍ핀셋 및 반창고 item 6786c201ed1a3736a0e57b3bd2fa1102da196447 paragraph 769fdd40513cc9744b0b26cf1ec9f4f37ab4413e ① 사업주는 부상자의 응급처치에 필요한 다음 각 호의 구급용구를 갖추어 두고, 그 장소와 사용방법을 근로자에게 알려야 한다. 1. 붕대재료ㆍ탈지면ㆍ핀셋 및 반창고 1. 붕대재료ㆍ탈지면ㆍ핀셋 및 반창고 79 제9장 휴게시설 등 parent_context",KEYWORD_ONLY,keyword match without full direct-evidence combination
graph_rag_knowledgement\reasoning_graph\nodes\nodes_rule.csv,5e2c61c8-aa89-5bfe-af66-67d86515bd4d,item,산업안전보건기준에 관한 규칙,제82조,,근로자에게 알; 근로자에게 알려; 알려야,"4. 화상약(고열물체를 취급하는 작업장이나 그 밖에 화상의 우려가 있는 작업장에만 해당한다) item 9fec8737303e8f457223e7b0694ad819c76125bd paragraph 769fdd40513cc9744b0b26cf1ec9f4f37ab4413e ① 사업주는 부상자의 응급처치에 필요한 다음 각 호의 구급용구를 갖추어 두고, 그 장소와 사용방법을 근로자에게 알려야 한다. 4. 화상약(고열물체를 취급하는 작업장이나 그 밖에 화상의 우려가 있는 작업장에만 해당한다) 4. 화상약(고열물체를 취급하는 작업장이나 그 밖에 화상의 우려가 있는 작업장에만 해당한다) 79 제9장 휴게시설 등 parent_context",KEYWORD_ONLY,keyword match without full direct-evidence combination
graph_rag_knowledgement\reasoning_graph\nodes\nodes_rule.csv,74ec9b4b-7a46-530f-9fd7-94bd3637159b,item,산업안전보건기준에 관한 규칙,제331조의3,,근로자에게 주지,"② 제1항제1호의 갱 폼의 조립ㆍ이동ㆍ양중ㆍ해체(이하 이 조에서 ""조립등""이라 한다) 작업을 하는 경우에는 다음 각 호의 사항을 준수해야 한다. <개정 2023.11.14> 1. 조립등의 범위 및 작업절차를 미리 그 작업에 종사하는 근로자에게 주지시킬 것 1. 조립등의 범위 및 작업절차를 미리 그 작업에 종사하는 근로자에게 주지시킬 것 item 3aecbd8a229d6f8d68db56172bee9e3e4b3929c7 paragraph cdc57a2bc01a448a68ac9bfabc3a578239d661f3 ② 제1항제1호의 갱 폼의 조립ㆍ이동ㆍ양중ㆍ해체(이하 이 조에서 ""조립등""이라 한다) 작업을 하는 경우에는 다음 각 호의 사항을 준수해야 한다. <개정 2023.11.14> 1. 조립등의 범위 및 작업절차를 미리 그 작업에 종사하는 근로자에게 주지시킬 것 1. 조립등의 범위 및 작업절차를...",KEYWORD_ONLY,keyword match without full direct-evidence combination
graph_rag_knowledgement\reasoning_graph\nodes\nodes_rule.csv,c9341c92-3a13-5234-ab96-3d4e76eb6a46,item,산업안전보건기준에 관한 규칙,제342조,,결과 근로자,"1. 굴착기계등의 사용으로 가스도관, 지중전선로, 그 밖에 지하에 위치한 공작물이 파손되어 그 결과 근로자가 위험해질 우려가 있는 경우에는 그 기계를 사용한 굴착작업을 중지할 것 1. 굴착기계등의 사용으로 가스도관, 지중전선로, 그 밖에 지하에 위치한 공작물이 파손되어 그 결과 근로자가 위험해질 우려가 있는 경우에는 그 기계를 사용한 굴착작업을 중지할 것 item ae05208c0e03bdc354d203f233bee0b19cd05f1b paragraph aaf16ccd28f13bcfa57921bffc01b88a0239f7c6 1. 굴착기계등의 사용으로 가스도관, 지중전선로, 그 밖에 지하에 위치한 공작물이 파손되어 그 결과 근로자가 위험해질 우려가 있는 경우에는 그 기계를 사용한 굴착작업을 중지할 것 1. 굴착기계등의 사용으로 가스도관, 지중전선로, 그 밖에 지하에 위치한 공작물이 파손되어...",KEYWORD_ONLY,keyword match without full direct-evidence combination
graph_rag_knowledgement\reasoning_graph\nodes\nodes_rule.csv,2c207218-8315-54bd-a024-2a4f3e297833,item,산업안전보건기준에 관한 규칙,제415조,,근로자에게 알,① 사업주는 입환기(入換機)를 사용하는 작업의 경우에는 다음 각 호의 조치를 하여야 한다. <개정 2019.4.19> 1. 열차운행 중에 열차에 뛰어오르거나 뛰어내리지 않도록 근로자에게 알릴 것 1. 열차운행 중에 열차에 뛰어오르거나 뛰어내리지 않도록 근로자에게 알릴 것 item 085e625310bc36a68d95eb153d9e1af428657e59 paragraph 20da65c2c662907dfc7cb44ee309a7163effd94d ① 사업주는 입환기(入換機)를 사용하는 작업의 경우에는 다음 각 호의 조치를 하여야 한다. <개정 2019.4.19> 1. 열차운행 중에 열차에 뛰어오르거나 뛰어내리지 않도록 근로자에게 알릴 것 1. 열차운행 중에 열차에 뛰어오르거나 뛰어내리지 않도록 근로자에게 알릴 것 414 제3절 입환작업 시의 위험방지 parent_context,KEYWORD_ONLY,keyword match without full direct-evidence combination
graph_rag_knowledgement\reasoning_graph\nodes\nodes_rule.csv,bb20781e-7c14-5ef1-a38f-1a421a17441d,item,산업안전보건기준에 관한 규칙,제449조,,근로자에게 알; 근로자에게 알려; 알려야,① 사업주는 관리대상 유해물질을 취급하는 작업에 근로자를 종사하도록 하는 경우에 근로자를 작업에 배치하기 전에 다음 각 호의 사항을 근로자에게 알려야 한다. 1. 관리대상 유해물질의 명칭 및 물리적ㆍ화학적 특성 1. 관리대상 유해물질의 명칭 및 물리적ㆍ화학적 특성 item c0bd08c816fe296c70c6ab9fb926ce022d1ffc2b paragraph 7db6d8eeee6845a21da56986d63e6db0b99d1600 ① 사업주는 관리대상 유해물질을 취급하는 작업에 근로자를 종사하도록 하는 경우에 근로자를 작업에 배치하기 전에 다음 각 호의 사항을 근로자에게 알려야 한다. 1. 관리대상 유해물질의 명칭 및 물리적ㆍ화학적 특성 1. 관리대상 유해물질의 명칭 및 물리적ㆍ화학적 특성 441 제5절 관리 등 parent_context,KEYWORD_ONLY,keyword match without full direct-evidence combination
graph_rag_knowledgement\reasoning_graph\nodes\nodes_rule.csv,4a6a1ab1-3259-5691-a527-27b728e5a9c1,item,산업안전보건기준에 관한 규칙,제449조,,근로자에게 알; 근로자에게 알려; 알려야,① 사업주는 관리대상 유해물질을 취급하는 작업에 근로자를 종사하도록 하는 경우에 근로자를 작업에 배치하기 전에 다음 각 호의 사항을 근로자에게 알려야 한다. 4. 착용하여야 할 보호구와 착용방법 4. 착용하여야 할 보호구와 착용방법 item bfff38c62ec88a6ec06bffface72bac1d2026334 paragraph 7db6d8eeee6845a21da56986d63e6db0b99d1600 ① 사업주는 관리대상 유해물질을 취급하는 작업에 근로자를 종사하도록 하는 경우에 근로자를 작업에 배치하기 전에 다음 각 호의 사항을 근로자에게 알려야 한다. 4. 착용하여야 할 보호구와 착용방법 4. 착용하여야 할 보호구와 착용방법 441 제5절 관리 등 parent_context,KEYWORD_ONLY,keyword match without full direct-evidence combination
graph_rag_knowledgement\reasoning_graph\nodes\nodes_rule.csv,8484115f-37f4-5e11-9724-7d18cc1ae357,item,산업안전보건기준에 관한 규칙,제449조,,근로자에게 알; 근로자에게 알려; 알려야,① 사업주는 관리대상 유해물질을 취급하는 작업에 근로자를 종사하도록 하는 경우에 근로자를 작업에 배치하기 전에 다음 각 호의 사항을 근로자에게 알려야 한다. 5. 위급상황 시의 대처방법과 응급조치 요령 5. 위급상황 시의 대처방법과 응급조치 요령 item a353e5c80ab8147f8fc6f416a9806ee089b26692 paragraph 7db6d8eeee6845a21da56986d63e6db0b99d1600 ① 사업주는 관리대상 유해물질을 취급하는 작업에 근로자를 종사하도록 하는 경우에 근로자를 작업에 배치하기 전에 다음 각 호의 사항을 근로자에게 알려야 한다. 5. 위급상황 시의 대처방법과 응급조치 요령 5. 위급상황 시의 대처방법과 응급조치 요령 441 제5절 관리 등 parent_context,KEYWORD_ONLY,keyword match without full direct-evidence combination
graph_rag_knowledgement\reasoning_graph\nodes\nodes_rule.csv,28757c3d-8dc7-5478-a588-59f307799d8f,item,산업안전보건기준에 관한 규칙,제449조,,근로자에게 알; 근로자에게 알려; 알려야,① 사업주는 관리대상 유해물질을 취급하는 작업에 근로자를 종사하도록 하는 경우에 근로자를 작업에 배치하기 전에 다음 각 호의 사항을 근로자에게 알려야 한다. 6. 그 밖에 근로자의 건강장해 예방에 관한 사항 6. 그 밖에 근로자의 건강장해 예방에 관한 사항 item 26cdb837866fbbebed1b6d488a1c22257a8cf96b paragraph 7db6d8eeee6845a21da56986d63e6db0b99d1600 ① 사업주는 관리대상 유해물질을 취급하는 작업에 근로자를 종사하도록 하는 경우에 근로자를 작업에 배치하기 전에 다음 각 호의 사항을 근로자에게 알려야 한다. 6. 그 밖에 근로자의 건강장해 예방에 관한 사항 6. 그 밖에 근로자의 건강장해 예방에 관한 사항 441 제5절 관리 등 parent_context,KEYWORD_ONLY,keyword match without full direct-evidence combination
graph_rag_knowledgement\reasoning_graph\nodes\nodes_rule.csv,be7945ef-8c02-59e7-82d9-ac07e1a24eae,item,산업안전보건기준에 관한 규칙,제542조,,근로자에게 알,"① 사업주는 고압작업을 하는 경우에 대기압을 초과하는 기압에서의 가연성물질의 연소위험성에 대하여 근로자에게 알리고, 고압작업자의 화상이나 그 밖의 위험을 방지하기 위하여 다음 각 호의 조치를 하여야 한다. 1. 전등은 보호망이 부착되어 있거나, 전구가 파손되어 가연성물질에 떨어져 불이 날 우려가 없는 것을 사용할 것 item fc6632b4525d9c9f134f4a9c3aea8a47b759df8c paragraph cd76c0e1b9fd6153e468905b55f429a3f8bbc998 ① 사업주는 고압작업을 하는 경우에 대기압을 초과하는 기압에서의 가연성물질의 연소위험성에 대하여 근로자에게 알리고, 고압작업자의 화상이나 그 밖의 위험을 방지하기 위하여 다음 각 호의 조치를 하여야 한다. 1. 전등은 보호망이 부착되어 있거나, 전구가 파손되어 가연성물질에 떨어져 불이 날 우려가 없는 것을 ...",KEYWORD_ONLY,keyword match without full direct-evidence combination
graph_rag_knowledgement\reasoning_graph\nodes\nodes_rule.csv,07a450db-ad40-5063-9ce8-f0708e432b77,item,산업안전보건기준에 관한 규칙,제542조,,근로자에게 알,"① 사업주는 고압작업을 하는 경우에 대기압을 초과하는 기압에서의 가연성물질의 연소위험성에 대하여 근로자에게 알리고, 고압작업자의 화상이나 그 밖의 위험을 방지하기 위하여 다음 각 호의 조치를 하여야 한다. 2. 전류가 흐르는 차단기는 불꽃이 발생하지 않는 것을 사용할 것 2. 전류가 흐르는 차단기는 불꽃이 발생하지 않는 것을 사용할 것 item c7e38410c0d0320b5a70a0531d4fb0ada04e785e paragraph cd76c0e1b9fd6153e468905b55f429a3f8bbc998 ① 사업주는 고압작업을 하는 경우에 대기압을 초과하는 기압에서의 가연성물질의 연소위험성에 대하여 근로자에게 알리고, 고압작업자의 화상이나 그 밖의 위험을 방지하기 위하여 다음 각 호의 조치를 하여야 한다. 2. 전류가 흐르는 차단기는 불꽃이 발생하지 않는 것을 사용할 것 2. 전류가 흐르...",KEYWORD_ONLY,keyword match without full direct-evidence combination
graph_rag_knowledgement\reasoning_graph\nodes\nodes_rule.csv,54a964d7-b58e-53b4-bf7f-a983391a6b9a,item,산업안전보건기준에 관한 규칙,제542조,,근로자에게 알,"① 사업주는 고압작업을 하는 경우에 대기압을 초과하는 기압에서의 가연성물질의 연소위험성에 대하여 근로자에게 알리고, 고압작업자의 화상이나 그 밖의 위험을 방지하기 위하여 다음 각 호의 조치를 하여야 한다. 3. 난방을 할 때는 고온으로 인하여 가연성물질의 점화원이 될 우려가 없는 것을 사용할 것 item a5b4e819d7823c6fab0c20e15741b0803fd6cf76 paragraph cd76c0e1b9fd6153e468905b55f429a3f8bbc998 ① 사업주는 고압작업을 하는 경우에 대기압을 초과하는 기압에서의 가연성물질의 연소위험성에 대하여 근로자에게 알리고, 고압작업자의 화상이나 그 밖의 위험을 방지하기 위하여 다음 각 호의 조치를 하여야 한다. 3. 난방을 할 때는 고온으로 인하여 가연성물질의 점화원이 될 우려가 없는 것을 사용할 것 3. 난방을 할 때는 고온으로 인...",KEYWORD_ONLY,keyword match without full direct-evidence combination
graph_rag_knowledgement\reasoning_graph\nodes\nodes_rule.csv,598c7d52-6e25-5cc6-8699-43398afb2819,item,산업안전보건기준에 관한 규칙,제661조,,근로자에게 알; 근로자에게 알려; 알려야,① 사업주는 근로자가 근골격계부담작업을 하는 경우에 다음 각 호의 사항을 근로자에게 알려야 한다. 3. 근골격계질환 발생 시의 대처요령 3. 근골격계질환 발생 시의 대처요령 item 12d7ad2f857c6567c9ab42d59ef77ba979389eb8 paragraph 554b614ea003b281e2a2382fb88b98dae171594a ① 사업주는 근로자가 근골격계부담작업을 하는 경우에 다음 각 호의 사항을 근로자에게 알려야 한다. 3. 근골격계질환 발생 시의 대처요령 3. 근골격계질환 발생 시의 대처요령 657 제2절 유해요인 조사 및 개선 등 parent_context,KEYWORD_ONLY,keyword match without full direct-evidence combination
graph_rag_knowledgement\reasoning_graph\nodes\nodes_rule.csv,2715096a-3191-59a6-8287-6c86a4f11a2e,item,산업안전보건기준에 관한 규칙,제661조,,근로자에게 알; 근로자에게 알려; 알려야,"① 사업주는 근로자가 근골격계부담작업을 하는 경우에 다음 각 호의 사항을 근로자에게 알려야 한다. 4. 올바른 작업자세와 작업도구, 작업시설의 올바른 사용방법 4. 올바른 작업자세와 작업도구, 작업시설의 올바른 사용방법 item b060d80d96678d6ff16afb03a0c05124b4b66715 paragraph 554b614ea003b281e2a2382fb88b98dae171594a ① 사업주는 근로자가 근골격계부담작업을 하는 경우에 다음 각 호의 사항을 근로자에게 알려야 한다. 4. 올바른 작업자세와 작업도구, 작업시설의 올바른 사용방법 4. 올바른 작업자세와 작업도구, 작업시설의 올바른 사용방법 657 제2절 유해요인 조사 및 개선 등 parent_context",KEYWORD_ONLY,keyword match without full direct-evidence combination
graph_rag_knowledgement\reasoning_graph\nodes\nodes_rule.csv,f2ed238e-8de5-5fc5-ac17-93a255f24cc2,item,산업안전보건기준에 관한 규칙,제661조,,근로자에게 알; 근로자에게 알려; 알려야,① 사업주는 근로자가 근골격계부담작업을 하는 경우에 다음 각 호의 사항을 근로자에게 알려야 한다. 5. 그 밖에 근골격계질환 예방에 필요한 사항 5. 그 밖에 근골격계질환 예방에 필요한 사항 item 8f4418005d4e7f175e70bc36f19df591cd8920b7 paragraph 554b614ea003b281e2a2382fb88b98dae171594a ① 사업주는 근로자가 근골격계부담작업을 하는 경우에 다음 각 호의 사항을 근로자에게 알려야 한다. 5. 그 밖에 근골격계질환 예방에 필요한 사항 5. 그 밖에 근골격계질환 예방에 필요한 사항 657 제2절 유해요인 조사 및 개선 등 parent_context,KEYWORD_ONLY,keyword match without full direct-evidence combination
graph_rag_knowledgement\reasoning_graph\nodes\nodes_rule.csv,b6dbc0d5-d606-5e2c-a3ed-112c2ecaf755,subitem,산업안전보건법 시행령,제15조,,위험성평가,"가. 유해ㆍ위험요인의 파악에 대한 참여 subitem a8321587ebae06734ef13ec34c8bbf9d51b81731 item 01858e27e8f5978a5ebe27d98d11be9a96f5cc3e ① 법 제16조제1항에서 ""대통령령으로 정하는 업무""란 다음 각 호의 업무를 말한다. <개정 2021.11.19> 6. 법 제36조에 따라 실시되는 위험성평가에 관한 다음 각 목의 업무 가. 유해ㆍ위험요인의 파악에 대한 참여 가. 유해ㆍ위험요인의 파악에 대한 참여 13 제2장 안전보건관리체제 등 pattern_match",KEYWORD_ONLY,keyword match without full direct-evidence combination
graph_rag_knowledgement\reasoning_graph\nodes\nodes_rule.csv,2ffc23e4-1855-579b-878a-1bd394f86c7f,subitem,산업안전보건법 시행령,제15조,,위험성평가,"나. 개선조치의 시행에 대한 참여 subitem 629bbf803e6fc9e3033f47ee4a5bf36c4dd7dae0 item 01858e27e8f5978a5ebe27d98d11be9a96f5cc3e ① 법 제16조제1항에서 ""대통령령으로 정하는 업무""란 다음 각 호의 업무를 말한다. <개정 2021.11.19> 6. 법 제36조에 따라 실시되는 위험성평가에 관한 다음 각 목의 업무 나. 개선조치의 시행에 대한 참여 나. 개선조치의 시행에 대한 참여 13 제2장 안전보건관리체제 등 pattern_match",KEYWORD_ONLY,keyword match without full direct-evidence combination
graph_rag_knowledgement\reasoning_graph\nodes\nodes_rule.csv,599c75b6-b35e-5226-92b0-698eb5b78487,subitem,산업안전보건기준에 관한 규칙,제628조의2,,주지시켜,"3. 방호구역등에 점검등을 위해 출입하는 경우에는 미리 다음 각 목의 조치를 할 것 다. 다. 방호구역등에 출입하는 근로자를 대상으로 이산화탄소의 위험성, 소화설비의 작동 시 확인방법, 대피방법, 대피로 등을 주지시키기 위해 반기 1회 이상 교육을 실시할 것. 다만, 처음 출입하는 근로자에 대해서는 출입 전에 교육을 하여 그 내용을 주지시켜야 한다. 처음 출입하는 근로자에 대해서는 출입 전에 교육을 하여 그 내용을 주지시켜야 한다. subitem b11ce77ef46e684f89e9b4005746832284dffa87 item 399910cd54e165969d563e5c604d5c827ef2479e 3. 방호구역등에 점검등을 위해 출입하는 경우에는 미리 다음 각 목의 조치를 할 것 다. 방호구역등에 출입하는 근로자를 대상으로 이산화탄소의 위험성, 소화설비의 작동 시 확인방법, 대피방법, 대...",KEYWORD_ONLY,keyword match without full direct-evidence combination
graph_rag_knowledgement\reasoning_graph\nodes\nodes_rule.csv,433e3bf2-294c-568a-99d6-c39fc93543ec,annex_logical_row,산업안전보건법 시행규칙,,안전보건교육 교육대상별 교육내용(제26조제1항 등 관련),위험성평가,5) 위험성평가의 실시에 관한 사항 | 5) 위험성평가의 실시에 관한 사항 annex_logical_row lrow_8329f81a40df annex 5f199362d71a4d999a3dcc83de7bb220bd6d1d13 5 안전보건교육 교육대상별 교육내용(제26조제1항 등 관련) 5) 위험성평가의 실시에 관한 사항 | 5) 위험성평가의 실시에 관한 사항 5) 위험성평가의 실시에 관한 사항 | 5) 위험성평가의 실시에 관한 사항 안전보건교육 교육대상별 교육내용(제26조제1항 등 관련) annex_header_mapping,KEYWORD_ONLY,keyword match without full direct-evidence combination
graph_rag_knowledgement\reasoning_graph\nodes\nodes_rule.csv,3b3313c1-5cba-5428-ae93-031343008f8e,annex_logical_row,산업안전보건법 시행규칙,,"안전보건표지의 종류별 용도, 설치ㆍ부착 장소, 형태 및 색채(제38조제1항, 제39조제1항 및 제40조제1항 관련)",알려야,"구 | 음을 알려야 하는 장 | 위생구호실 앞 | 4 | 407 annex_logical_row lrow_6eff27e3ecc3 annex c4e61dfbf07affeeb73bb49bd38ac328f48c277c 7 안전보건표지의 종류별 용도, 설치ㆍ부착 장소, 형태 및 색채(제38조제1항, 제39조제1항 및 제40조제1항 관련) 구 | 음을 알려야 하는 장 | 위생구호실 앞 | 4 | 407 구 | 음을 알려야 하는 장 | 위생구호실 앞 | 4 | 407 안전보건표지의 종류별 용도, 설치ㆍ부착 장소, 형태 및 색채(제38조제1항, 제39조제1항 및 제40조제1항 관련) annex_header_mapping",KEYWORD_ONLY,keyword match without full direct-evidence combination
graph_rag_knowledgement\reasoning_graph\nodes\nodes_rule.csv,7165f73b-9294-52fb-9085-6d552080c69c,annex_logical_row,산업안전보건법 시행규칙,,"안전보건표지의 종류별 용도, 설치ㆍ부착 장소, 형태 및 색채(제38조제1항, 제39조제1항 및 제40조제1항 관련)",알려야,"위생구호실 앞 | 알려야 하는 장소 annex_logical_row lrow_a38a47c8d374 annex c4e61dfbf07affeeb73bb49bd38ac328f48c277c 7 안전보건표지의 종류별 용도, 설치ㆍ부착 장소, 형태 및 색채(제38조제1항, 제39조제1항 및 제40조제1항 관련) 위생구호실 앞 | 알려야 하는 장소 위생구호실 앞 | 알려야 하는 장소 안전보건표지의 종류별 용도, 설치ㆍ부착 장소, 형태 및 색채(제38조제1항, 제39조제1항 및 제40조제1항 관련) annex_header_mapping",KEYWORD_ONLY,keyword match without full direct-evidence combination
graph_rag_knowledgement\reasoning_graph\nodes\nodes_rule.csv,b2d8b52f-b7ed-55fb-8dcc-f99ba5016f1f,annex_logical_row,산업안전보건법 시행령,,지도사 자격시험 중 필기시험의 업무 영역별 과목 및 범위(제103조제2항 관련),위험성평가,"험 | 시스템안전공학, 인간공학, 위험성평가, 산업재해 조사 및 원인 | 위생보호구, 위험성평가, 산업 annex_logical_row lrow_f5ae7e857314 annex c8b1e2fc18d4dd52668d08c802a8816125a4bdeb 32 지도사 자격시험 중 필기시험의 업무 영역별 과목 및 범위(제103조제2항 관련) 험 | 시스템안전공학, 인간공학, 위험성평가, 산업재해 조사 및 원인 | 위생보호구, 위험성평가, 산업 험 | 시스템안전공학, 인간공학, 위험성평가, 산업재해 조사 및 원인 | 위생보호구, 위험성평가, 산업 지도사 자격시험 중 필기시험의 업무 영역별 과목 및 범위(제103조제2항 관련) annex_header_mapping",KEYWORD_ONLY,keyword match without full direct-evidence combination
graph_rag_knowledgement\reasoning_graph\nodes\nodes_rule.csv,8718dd83-e5ea-53d3-a63d-e61531153d93,annex_logical_cell,산업안전보건법 시행규칙,,안전보건교육 교육대상별 교육내용(제26조제1항 등 관련),위험성평가,교육대상: 기준에 관한 사항 annex_logical_cell lcell_49e192b2d283 annex_logical_row lrow_6791296423dd 5 안전보건교육 교육대상별 교육내용(제26조제1항 등 관련) 기준에 관한 사항 | 7) 위험성평가에 관한 사항 교육대상: 기준에 관한 사항 교육대상: 기준에 관한 사항 안전보건교육 교육대상별 교육내용(제26조제1항 등 관련) annex_header_mapping,KEYWORD_ONLY,keyword match without full direct-evidence combination
graph_rag_knowledgement\reasoning_graph\nodes\nodes_rule.csv,b078ca51-50f2-58ef-a097-b09b9734c9db,annex_logical_cell,산업안전보건법 시행규칙,,안전보건교육 교육대상별 교육내용(제26조제1항 등 관련),위험성평가,교육대상: 바. 안전보건관 annex_logical_cell lcell_b8ed158f1425 annex_logical_row lrow_fd69b87a6a7e 5 안전보건교육 교육대상별 교육내용(제26조제1항 등 관련) 바. 안전보건관 | 1) 위험성평가에 관한 사항 교육대상: 바. 안전보건관 교육대상: 바. 안전보건관 안전보건교육 교육대상별 교육내용(제26조제1항 등 관련) annex_header_mapping,KEYWORD_ONLY,keyword match without full direct-evidence combination
graph_rag_knowledgement\reasoning_graph\nodes\nodes_requirement.csv,c1424f29-df53-5dc1-9efe-95647385b337,reasoning_requirement,,,,통보하여야,"5cb0544e-b9da-5778-bbc6-8ac43d4d4c92 MEASURE 제12조(형 확정 사실의 통보) 법무부장관은 제6조, 제7조, 제10조 또는 제11조에 따른 범죄의 형이 확정되면 그 범죄사실을 관계 행정기관의 장에게 통보하여야 한다. b12dc7260289fa4107ddcf4752ca6c3162ec54fb 제12조(형 확정 사실의 통보) 법무부장관은 제6조, 제7조, 제10조 또는 제11조에 따른 범죄의 형이 확정되면 그 범죄사실을 관계 행정기관의 장에게 통보하여야 한다.",KEYWORD_ONLY,keyword match without full direct-evidence combination
graph_rag_knowledgement\reasoning_graph\nodes\nodes_requirement.csv,fca4f069-b681-5c93-8b85-1d270d7d6d11,reasoning_requirement,,,,알려야,"7c294a9a-d923-5ed7-bb53-9933515158ee MEASURE ⑥ 사업주는 작업환경측정 결과를 해당 작업장의 근로자(관계수급인 및 관계수급인 근로자를 포함한다. 이하 이 항, 제127조 및 제175조제5항제15호에서 같다)에게 알려야 하며, 그 결과에 따라 근로자의 건강을 보호하기 위하여 해당 시설ㆍ설비의 설치ㆍ개선 또는 건강진단의 실시 등의 조치를 하여야 한다. 210ce7a58b83cd155c300d06c2f1f2aeb5791b50 ⑥ 사업주는 작업환경측정 결과를 해당 작업장의 근로자(관계수급인 및 관계수급인 근로자를 포함한다. 이하 이 항, 제127조 및 제175조제5항제15호에서 같다)에게 알려야 하며, 그 결과에 따라 근로자의 건강을 보호하기 위하여 해당 시설ㆍ설비의 설치ㆍ개선 또는 건강진단의 실시 등의 조치를 하여야 한다.",KEYWORD_ONLY,keyword match without full direct-evidence combination
graph_rag_knowledgement\reasoning_graph\nodes\nodes_requirement.csv,74c63ab6-f7e6-532e-8e84-b9383c5e124c,reasoning_requirement,,,,통보하여야,"ea0cce3a-c14a-5b64-b1f0-e91d7f9767b3 MEASURE ② 제1항에 따라 요청을 받은 관계 행정기관의 장 또는 공공기관의 장은 정당한 사유가 없으면 이에 따라야 하며, 그 조치 결과를 고용노동부장관에게 통보하여야 한다. 83b2b817400207cd33fa79ecb076267d396cf387 ② 제1항에 따라 요청을 받은 관계 행정기관의 장 또는 공공기관의 장은 정당한 사유가 없으면 이에 따라야 하며, 그 조치 결과를 고용노동부장관에게 통보하여야 한다.",KEYWORD_ONLY,keyword match without full direct-evidence combination
graph_rag_knowledgement\reasoning_graph\nodes\nodes_requirement.csv,44fddc09-78c0-5373-aae2-b96a82f547e8,reasoning_requirement,,,,근로자에게 알; 근로자에게 알려; 알려야,"6c4b2346-d9eb-581c-9ec3-02b2629913d9 MEASURE ② 사업주는 제1항에 따른 석면해체ㆍ제거작업 계획을 수립한 경우에 이를 해당 근로자에게 알려야 하며, 작업장에 대한 석면조사 방법 및 종료일자, 석면조사 결과의 요지를 해당 근로자가 보기 쉬운 장소에 게시하여야 한다. <개정 2012.3.5> 496faf0d4c366f7f17e2bac2507b20dd24560f32 ② 사업주는 제1항에 따른 석면해체ㆍ제거작업 계획을 수립한 경우에 이를 해당 근로자에게 알려야 하며, 작업장에 대한 석면조사 방법 및 종료일자, 석면조사 결과의 요지를 해당 근로자가 보기 쉬운 장소에 게시하여야 한다. <개정 2012.3.5>",KEYWORD_ONLY,keyword match without full direct-evidence combination
graph_rag_knowledgement\reasoning_graph\nodes\nodes_requirement.csv,dc2cbc06-da66-5585-a92a-9d12c5ea8b00,reasoning_requirement,,,,근로자에게 알,"9e848c56-ea53-520a-be6f-0fde9caa440f MEASURE ① 사업주는 고압작업을 하는 경우에 대기압을 초과하는 기압에서의 가연성물질의 연소위험성에 대하여 근로자에게 알리고, 고압작업자의 화상이나 그 밖의 위험을 방지하기 위하여 다음 각 호의 조치를 하여야 한다. cd76c0e1b9fd6153e468905b55f429a3f8bbc998 ① 사업주는 고압작업을 하는 경우에 대기압을 초과하는 기압에서의 가연성물질의 연소위험성에 대하여 근로자에게 알리고, 고압작업자의 화상이나 그 밖의 위험을 방지하기 위하여 다음 각 호의 조치를 하여야 한다.",KEYWORD_ONLY,keyword match without full direct-evidence combination
graph_rag_knowledgement\reasoning_graph\nodes\nodes_requirement.csv,601acbd8-a1aa-5c31-9204-fa4ef110535f,reasoning_requirement,,,,근로자에게 알,"ef18caa5-ab16-544c-9046-4661edcd6cdf MEASURE 제652조(건물 개ㆍ보수 시 공기오염 관리) 사업주는 건물 개ㆍ보수 중 사무실의 공기질이 악화될 우려가 있을 경우에 그 작업내용을 근로자에게 알리고 공사장소를 격리하거나, 사무실오염물질의 억제 및 청소 등 적절한 조치를 하여야 한다. 5516f235f565ea17bcb6e91ab2b5aff354468776 제652조(건물 개ㆍ보수 시 공기오염 관리) 사업주는 건물 개ㆍ보수 중 사무실의 공기질이 악화될 우려가 있을 경우에 그 작업내용을 근로자에게 알리고 공사장소를 격리하거나, 사무실오염물질의 억제 및 청소 등 적절한 조치를 하여야 한다.",KEYWORD_ONLY,keyword match without full direct-evidence combination
graph_rag_knowledgement\reasoning_graph\nodes\nodes_requirement.csv,2867dd79-3548-509c-8912-d4b8659d5d5c,reasoning_requirement,,,,근로자에게 알,"c91d6acd-6b3e-5d5b-bb0a-a2f80f2e695e MEASURE ② 사업주는 근로자가 농약원재료를 배합하는 작업을 하는 경우에 측정용기, 깔때기, 섞는 기구 등 배합기구들의 사용방법과 배합비율 등을 근로자에게 알리고, 농약원재료의 분진이나 미스트의 발생을 최소화하여야 한다. c381acee8eebc013092b210d36004b417a360441 ② 사업주는 근로자가 농약원재료를 배합하는 작업을 하는 경우에 측정용기, 깔때기, 섞는 기구 등 배합기구들의 사용방법과 배합비율 등을 근로자에게 알리고, 농약원재료의 분진이나 미스트의 발생을 최소화하여야 한다.",KEYWORD_ONLY,keyword match without full direct-evidence combination
graph_rag_knowledgement\reasoning_graph\nodes\nodes_requirement.csv,53ae106c-e60b-5580-a0ed-f8293dc4d1fd,reasoning_requirement,,,,위험성평가,3b393355-b51a-5ff6-b303-73dc650286b2 RECORD_RETENTION 1. 위험성평가 대상의 유해ㆍ위험요인 8dc8475218d9032ebc7fb0e31b11f02cdafd5499 1. 위험성평가 대상의 유해ㆍ위험요인,KEYWORD_ONLY,keyword match without full direct-evidence combination
graph_rag_knowledgement\reasoning_graph\nodes\nodes_requirement.csv,ac3db716-29b4-52ef-8977-4fe816b051b1,reasoning_requirement,,,,위험성평가,ff39f335-5648-57a7-b52b-66e85b5490a4 RECORD_RETENTION 4. 그 밖에 위험성평가의 실시내용을 확인하기 위하여 필요한 사항으로서 고용노동부장관이 정하여 고시하는 사항 aa39b7da7c707e02fe6eec590eb60f36fb4c7cb2 4. 그 밖에 위험성평가의 실시내용을 확인하기 위하여 필요한 사항으로서 고용노동부장관이 정하여 고시하는 사항,KEYWORD_ONLY,keyword match without full direct-evidence combination
graph_rag_knowledgement\reasoning_graph\nodes\nodes_requirement.csv,3adf7dcc-976e-5971-81a1-5a8530cb9676,reasoning_requirement,,,,근로자에게 주지,0d75f3b1-fe9d-5edd-9233-eaa9b64690bf MEASURE 2. 조립ㆍ해체 또는 변경의 시기ㆍ범위 및 절차를 그 작업에 종사하는 근로자에게 주지시킬 것 77677f33c7821dbea449bf9df5127ae83e0b7f51 2. 조립ㆍ해체 또는 변경의 시기ㆍ범위 및 절차를 그 작업에 종사하는 근로자에게 주지시킬 것,KEYWORD_ONLY,keyword match without full direct-evidence combination
graph_rag_knowledgement\reasoning_graph\nodes\nodes_requirement.csv,c9341c92-3a13-5234-ab96-3d4e76eb6a46,reasoning_requirement,,,,결과 근로자,"0aef8ae3-e70a-5cf0-909e-6de5c08fa524 MEASURE 1. 굴착기계등의 사용으로 가스도관, 지중전선로, 그 밖에 지하에 위치한 공작물이 파손되어 그 결과 근로자가 위험해질 우려가 있는 경우에는 그 기계를 사용한 굴착작업을 중지할 것 ae05208c0e03bdc354d203f233bee0b19cd05f1b 1. 굴착기계등의 사용으로 가스도관, 지중전선로, 그 밖에 지하에 위치한 공작물이 파손되어 그 결과 근로자가 위험해질 우려가 있는 경우에는 그 기계를 사용한 굴착작업을 중지할 것",KEYWORD_ONLY,keyword match without full direct-evidence combination
graph_rag_knowledgement\reasoning_graph\nodes\nodes_requirement.csv,2c207218-8315-54bd-a024-2a4f3e297833,reasoning_requirement,,,,근로자에게 알,fc76c539-d7a0-5a81-9089-36df168ced16 MEASURE 1. 열차운행 중에 열차에 뛰어오르거나 뛰어내리지 않도록 근로자에게 알릴 것 085e625310bc36a68d95eb153d9e1af428657e59 1. 열차운행 중에 열차에 뛰어오르거나 뛰어내리지 않도록 근로자에게 알릴 것,KEYWORD_ONLY,keyword match without full direct-evidence combination
graph_rag_knowledgement\reasoning_graph\nodes\nodes_requirement.csv,599c75b6-b35e-5226-92b0-698eb5b78487,reasoning_requirement,,,,주지시켜,"3ba4e07c-8047-55ac-952b-7b5b81fc71d4 MEASURE 다. 방호구역등에 출입하는 근로자를 대상으로 이산화탄소의 위험성, 소화설비의 작동 시 확인방법, 대피방법, 대피로 등을 주지시키기 위해 반기 1회 이상 교육을 실시할 것. 다만, 처음 출입하는 근로자에 대해서는 출입 전에 교육을 하여 그 내용을 주지시켜야 한다. b11ce77ef46e684f89e9b4005746832284dffa87 다. 방호구역등에 출입하는 근로자를 대상으로 이산화탄소의 위험성, 소화설비의 작동 시 확인방법, 대피방법, 대피로 등을 주지시키기 위해 반기 1회 이상 교육을 실시할 것. 다만, 처음 출입하는 근로자에 대해서는 출입 전에 교육을 하여 그 내용을 주지시켜야 한다.",KEYWORD_ONLY,keyword match without full direct-evidence combination
graph_rag_knowledgement\reasoning_graph\nodes\nodes_requirement.csv,433e3bf2-294c-568a-99d6-c39fc93543ec,reasoning_requirement,,,,위험성평가,140d3496-2e28-5556-8cf8-0cbb92633f78 OTHER 5) 위험성평가의 실시에 관한 사항 | 5) 위험성평가의 실시에 관한 사항 lrow_8329f81a40df 5) 위험성평가의 실시에 관한 사항 | 5) 위험성평가의 실시에 관한 사항,KEYWORD_ONLY,keyword match without full direct-evidence combination
graph_rag_knowledgement\reasoning_graph\nodes\nodes_requirement.csv,b2d8b52f-b7ed-55fb-8dcc-f99ba5016f1f,reasoning_requirement,,,,위험성평가,"ea6b9476-6ec0-5c21-99e8-34c1b96452e8 OTHER 험 | 시스템안전공학, 인간공학, 위험성평가, 산업재해 조사 및 원인 | 위생보호구, 위험성평가, 산업 lrow_f5ae7e857314 험 | 시스템안전공학, 인간공학, 위험성평가, 산업재해 조사 및 원인 | 위생보호구, 위험성평가, 산업",KEYWORD_ONLY,keyword match without full direct-evidence combination
graph_rag_knowledgement\reasoning_graph\nodes\nodes_requirement.csv,1b913066-3baf-5914-a11b-ac9c8dcead93,reasoning_requirement,,,,결과를 근로자,5af4bd49-0092-5a26-894d-640d5068d2c1 REPORTING ① 건강진단기관은 제129조부터 제131조까지의 규정에 따른 건강진단을 실시한 때에는 고용노동부령으로 정하는 바에 따라 그 결과를 근로자 및 사업주에게 통보하고 고용노동부장관에게 보고하여야 한다. 4993e06c3839fd95dc65eaec355f0786c2c3f0b9 ① 건강진단기관은 제129조부터 제131조까지의 규정에 따른 건강진단을 실시한 때에는 고용노동부령으로 정하는 바에 따라 그 결과를 근로자 및 사업주에게 통보하고 고용노동부장관에게 보고하여야 한다.,KEYWORD_ONLY,keyword match without full direct-evidence combination
graph_rag_knowledgement\reasoning_graph\nodes\nodes_requirement.csv,2b28859b-4be1-525a-9236-2f2d6ffc4750,reasoning_requirement,,,,알려야,335900c8-385f-5feb-a7be-0b3ad8f6437c PLACEMENT ③ 제1항에 따라 안전보건조정자를 두어야 하는 건설공사발주자는 분리하여 발주되는 공사의 착공일 전날까지 제2항에 따라 안전보건조정자를 선임하거나 지정하여 각각의 공사 도급인에게 그 사실을 알려야 한다. 3f9824fd33793a6d30d26a6518bc9a1460fbc77b ③ 제1항에 따라 안전보건조정자를 두어야 하는 건설공사발주자는 분리하여 발주되는 공사의 착공일 전날까지 제2항에 따라 안전보건조정자를 선임하거나 지정하여 각각의 공사 도급인에게 그 사실을 알려야 한다.,KEYWORD_ONLY,keyword match without full direct-evidence combination
graph_rag_knowledgement\reasoning_graph\nodes\nodes_list_item.csv,a933d4a4-ddd2-5442-a20c-06a891a54547,item,산업안전보건법 시행령,제18조,,위험성평가,a933d4a4-ddd2-5442-a20c-06a891a54547 ARTICLE_REFERENCE_LIST 2. 법 제36조에 따른 위험성평가에 관한 보좌 및 지도ㆍ조언 item f88aa14c0586c88baf15f8fb2aea2f5bc9afe8fd paragraph f1c61a4a15a8d354cd21081bb9fa71909067c73f ① 안전관리자의 업무는 다음 각 호와 같다. 2. 법 제36조에 따른 위험성평가에 관한 보좌 및 지도ㆍ조언 f7d9cf55-bdf6-5798-9661-9c1dbaa36ecd,KEYWORD_ONLY,keyword match without full direct-evidence combination
graph_rag_knowledgement\reasoning_graph\nodes\nodes_list_item.csv,925cc974-1cb6-559a-b135-37c47bfbd24a,item,산업안전보건법 시행령,제22조,,위험성평가,925cc974-1cb6-559a-b135-37c47bfbd24a ARTICLE_REFERENCE_LIST 3. 법 제36조에 따른 위험성평가에 관한 보좌 및 지도ㆍ조언 item 53e5855ed2388fd43ee685ac6c2af2348985caec paragraph eaa7e3ad585ed2d9b458b543775ef4ffe0626d0d ① 보건관리자의 업무는 다음 각 호와 같다. 3. 법 제36조에 따른 위험성평가에 관한 보좌 및 지도ㆍ조언 d2a5916e-a67d-5c08-859f-068920edfda0,KEYWORD_ONLY,keyword match without full direct-evidence combination
graph_rag_knowledgement\reasoning_graph\nodes\nodes_list_item.csv,ebaacb20-0647-59c4-99ce-5c2302b534b5,item,산업안전보건법 시행령,제25조,,위험성평가,ebaacb20-0647-59c4-99ce-5c2302b534b5 ARTICLE_REFERENCE_LIST 2. 법 제36조에 따른 위험성평가에 관한 보좌 및 지도ㆍ조언 item 4651e319a18d29b0af11fb3d51abb514da6c79de paragraph 3f3d3cff9837425ed4738d87cd6137f88c146d2e 2. 법 제36조에 따른 위험성평가에 관한 보좌 및 지도ㆍ조언 2274febc-d432-533b-92c5-349f8ee17fc8,KEYWORD_ONLY,keyword match without full direct-evidence combination
graph_rag_knowledgement\reasoning_graph\nodes\nodes_list_item.csv,890395f6-47d4-50dd-8b18-b8e00d160106,item,산업안전보건법 시행령,제53조,,위험성평가,890395f6-47d4-50dd-8b18-b8e00d160106 ARTICLE_REFERENCE_LIST 1. 법 제36조에 따른 위험성평가의 실시에 관한 사항 item f27197c785afa27eebde5fbbc116aeaca7615075 paragraph 70cdadc93b31f661b3e98ae827e494d84b2ddd1e ① 안전보건총괄책임자의 직무는 다음 각 호와 같다. 1. 법 제36조에 따른 위험성평가의 실시에 관한 사항 61c80f5b-99e6-5c91-a4c4-272f3e2386fd,KEYWORD_ONLY,keyword match without full direct-evidence combination
graph_rag_knowledgement\reasoning_graph\nodes\nodes_list_item.csv,ddcf45b1-ce34-547e-a69c-0db7c46a7135,item,산업안전보건기준에 관한 규칙,제342조,,근로자에게 주지,ddcf45b1-ce34-547e-a69c-0db7c46a7135 EQUIPMENT_ITEM 2. 굴착기계등의 운행경로 및 토석(土石) 적재장소의 출입방법을 정하여 관계 근로자에게 주지시킬 것 item f3669c109474d883f48aa2a1c2c3e414f24a7eb7 paragraph aaf16ccd28f13bcfa57921bffc01b88a0239f7c6 2. 굴착기계등의 운행경로 및 토석(土石) 적재장소의 출입방법을 정하여 관계 근로자에게 주지시킬 것 cd688ff2-25e5-5435-adb8-2e5cfc61d964,KEYWORD_ONLY,keyword match without full direct-evidence combination
graph_rag_knowledgement\reasoning_graph\nodes\nodes_list_item.csv,d963b383-99f8-5f64-b4c6-9820d74da68b,item,산업안전보건기준에 관한 규칙,제637조,,근로자에게 알,d963b383-99f8-5f64-b4c6-9820d74da68b WORK_TYPE 1. 작업 방법 및 순서를 정하여 이를 미리 해당 작업에 종사하는 근로자에게 알릴 것 item 9ead1feb6ab1561cf42bd52400af4629186216d6 paragraph 1143d61ded13c37e16919274c4cd6378539bd2b7 1. 작업 방법 및 순서를 정하여 이를 미리 해당 작업에 종사하는 근로자에게 알릴 것 252a764c-40e1-55dc-b4a5-8e7bc3a2a777,KEYWORD_ONLY,keyword match without full direct-evidence combination
graph_rag_knowledgement\reasoning_graph\nodes\nodes_list_item.csv,c84efb52-e1c0-5b67-8e46-34f367f97967,annex_logical_row,산업안전보건법 시행규칙,,안전보건교육 교육대상별 교육내용(제26조제1항 등 관련),위험성평가,"c84efb52-e1c0-5b67-8e46-34f367f97967 ARTICLE_REFERENCE_LIST 7) 기계·전기·화공 등 공학적 기초 지 | 측, 작업환기, 위험성평가 등에 관한 annex_logical_row lrow_1d740371e091 annex 5f199362d71a4d999a3dcc83de7bb220bd6d1d13 5 안전보건교육 교육대상별 교육내용(제26조제1항 등 관련) 7) 기계·전기·화공 등 공학적 기초 지 | 측, 작업환기, 위험성평가 등에 관한 안전보건교육 교육대상별 교육내용(제26조제1항 등 관련) 18092f33-6987-5707-8cf5-96e8215c6811",KEYWORD_ONLY,keyword match without full direct-evidence combination
graph_rag_knowledgement\reasoning_graph\nodes\nodes_list_item.csv,c4a1bc57-de68-524b-b627-0b4e7226c61b,annex_logical_row,산업안전보건법 시행규칙,,산업안전보건관리비 사용계획서,위험성평가,c4a1bc57-de68-524b-b627-0b4e7226c61b HAZARD_FACTOR 위험성평가 등에 따른 소요비용 | % annex_logical_row lrow_29d71a5d831e annex c47ea0c35e1742987cd833491b6fc7647aa3ec46 102 산업안전보건관리비 사용계획서 위험성평가 등에 따른 소요비용 | % 산업안전보건관리비 사용계획서 d0085b01-e04a-55a4-84c3-29b673ddfdce,KEYWORD_ONLY,keyword match without full direct-evidence combination
graph_rag_knowledgement\reasoning_graph\nodes\nodes_list_item.csv,91e732f6-0271-592a-b3ff-e6e05bd605f0,annex_logical_row,산업안전보건법 시행규칙,,산업안전보건관리비 사용계획서,위험성평가,91e732f6-0271-592a-b3ff-e6e05bd605f0 HAZARD_FACTOR 위험성평가 등에 따른 소요비용 annex_logical_row lrow_fbd72a328241 annex c47ea0c35e1742987cd833491b6fc7647aa3ec46 102 산업안전보건관리비 사용계획서 위험성평가 등에 따른 소요비용 산업안전보건관리비 사용계획서 20a4062e-ee8f-508c-a431-e0b0c86c73d2,KEYWORD_ONLY,keyword match without full direct-evidence combination
graph_rag_knowledgement\reasoning_graph\nodes\nodes_exception.csv,a560bf65-75eb-5da1-9eee-82f8fe98b5f7,reasoning_nodes,,,,알려야,"제42조제6항에 따라 자체심사 및 확인업체가 유해위험방지계획서 자체심사서를 제출한 경우 심사를 하지 않을 수 있다. b2267a3a7bf6152b6468625445f8eff8d582ed9e ① 공단은 제42조에 따른 유해위험방지계획서 및 그 첨부서류를 접수한 경우에는 접수일부터 15일 이내에 심사하여 사업주에게 그 결과를 알려야 한다. 다만, 제42조제6항에 따라 자체심사 및 확인업체가 유해위험방지계획서 자체심사서를 제출한 경우에는 심사를 하지 않을 수 있다.",KEYWORD_ONLY,keyword match without full direct-evidence combination
graph_rag_knowledgement\reasoning_graph\nodes\nodes_exception.csv,7a87b143-f3e5-509c-b91b-af1f18e70430,reasoning_nodes,,,,알려야,"수입승인은 해당 물질에 대하여 사용승인을 했거나 사용승인을 하는 경우에만 할 수 있다. 앞 규칙의 적용 범위 또는 내용을 수정 e9e40c3045b79bbf72957a23cdfd142010fa2949 ② 지방고용노동관서의 장은 제1항에 따라 제조ㆍ수입 또는 사용 승인신청서가 접수된 경우에는 다음 각 호의 사항을 심사하여 신청서가 접수된 날부터 20일 이내에 별지 제71호서식의 승인서를 신청인에게 발급하거나 불승인 사실을 알려야 한다. 다만, 수입승인은 해당 물질에 대하여 사용승인을 했거나 사용승인을 하는 경우에만 할 수 있다.",KEYWORD_ONLY,keyword match without full direct-evidence combination
graph_rag_knowledgement\reasoning_graph\nodes\nodes_exception.csv,599c75b6-b35e-5226-92b0-698eb5b78487,reasoning_nodes,,,,주지시켜,"처음 출입하는 근로자에 대해서는 출입 전에 교육을 하여 그 내용을 주지시켜야 한다. 앞 규칙의 적용 범위 또는 내용을 수정 b11ce77ef46e684f89e9b4005746832284dffa87 다. 방호구역등에 출입하는 근로자를 대상으로 이산화탄소의 위험성, 소화설비의 작동 시 확인방법, 대피방법, 대피로 등을 주지시키기 위해 반기 1회 이상 교육을 실시할 것. 다만, 처음 출입하는 근로자에 대해서는 출입 전에 교육을 하여 그 내용을 주지시켜야 한다.",KEYWORD_ONLY,keyword match without full direct-evidence combination
