from_id,to_id,rel
"104b2fb72ae4df8c22895fe3d3d4ba63abdcf2cd","af36a3aad2f1ccf61f3ac3381706f9e08ff91454","HAS_HEADING"
"104b2fb72ae4df8c22895fe3d3d4ba63abdcf2cd","3bbae8d7098480420da97c16c32824585753b9a8","HAS_HEADING"
"104b2fb72ae4df8c22895fe3d3d4ba63abdcf2cd","2cdd5a396fab4dbe7b73f21f6e9b67d2ecdd37f0","HAS_HEADING"
"104b2fb72ae4df8c22895fe3d3d4ba63abdcf2cd","d60546eeb007b863080844aa18f5339be55d7d17","HAS_HEADING"
"b6fa09bb4f2e711645b25f12207959d1ec27622c","e70be87e39cacdd7af7ebf9a7c0de756550bf3af","HAS_HEADING"
"b6fa09bb4f2e711645b25f12207959d1ec27622c","72814df422ffd03f54ab1a8849b9d1eb30ab35f7","HAS_HEADING"
"b6fa09bb4f2e711645b25f12207959d1ec27622c","8c9b673ff4d219cb5a8abb81a67eaac8d1409fd8","HAS_HEADING"
"b6fa09bb4f2e711645b25f12207959d1ec27622c","ec36fb8ea5745d4f3132f5090c486ac19bd0d7c8","HAS_HEADING"
"b6fa09bb4f2e711645b25f12207959d1ec27622c","d988e618b4d569f12dd31b51add0842e341f33e7","HAS_HEADING"
"b6fa09bb4f2e711645b25f12207959d1ec27622c","17486cb2710e33da29927be01980589bd659d62a","HAS_HEADING"
"b6fa09bb4f2e711645b25f12207959d1ec27622c","6bee96d2d2ab3312d0f770c5c89ce771652cea82","HAS_HEADING"
"b6fa09bb4f2e711645b25f12207959d1ec27622c","9361add18f7f695c086c4735214ed33fb5cd9a1c","HAS_HEADING"
"b6fa09bb4f2e711645b25f12207959d1ec27622c","3d40e8177a246dae2861b54bf96a15d9837c6f55","HAS_HEADING"
"b6fa09bb4f2e711645b25f12207959d1ec27622c","a188703e028336edaadaa87c064a98ddb66f4a6c","HAS_HEADING"
"b6fa09bb4f2e711645b25f12207959d1ec27622c","0557f5c1893532bffbb20464bcddea46e0d97a55","HAS_HEADING"
"b6fa09bb4f2e711645b25f12207959d1ec27622c","b21ff3ef37456189b06399b787c51d5e4a852a07","HAS_HEADING"
"b6fa09bb4f2e711645b25f12207959d1ec27622c","6f7e9212ffacc9fa038284ed754963ddd12dcad3","HAS_HEADING"
"b6fa09bb4f2e711645b25f12207959d1ec27622c","903398f82f6650bc45846c2a1a8c55ce3a8c832d","HAS_HEADING"
"b6fa09bb4f2e711645b25f12207959d1ec27622c","54f27adf16176364a1f9f2724ad05c729c3d6979","HAS_HEADING"
"b6fa09bb4f2e711645b25f12207959d1ec27622c","00a0c05a24722104b990fcdb0ec4b10882a6fe3a","HAS_HEADING"
"b6fa09bb4f2e711645b25f12207959d1ec27622c","85828417e59fc59c3856c91957a2050090ce2969","HAS_HEADING"
"b6fa09bb4f2e711645b25f12207959d1ec27622c","3abb850fcfe9e4f98c8c59910684bd90bf7d7ede","HAS_HEADING"
"b6fa09bb4f2e711645b25f12207959d1ec27622c","d740014d98e69c9d0880f0429886e30fc9b924d1","HAS_HEADING"
"b6fa09bb4f2e711645b25f12207959d1ec27622c","c41266cad61186bb14e3958e87e03ec15e7d68f0","HAS_HEADING"
"b6fa09bb4f2e711645b25f12207959d1ec27622c","7b1f07b00659ed2f7db0dd55344cb56698e2976d","HAS_HEADING"
"843d76b6b9c38936d2ce1a1ce08009ee49a7ab86","de399541530c56b120daf8e97a1083ccf485f77a","HAS_HEADING"
"843d76b6b9c38936d2ce1a1ce08009ee49a7ab86","bd8f8ed0bf4a9030476868be9bac9d3364304316","HAS_HEADING"
"843d76b6b9c38936d2ce1a1ce08009ee49a7ab86","558e89f593d6c6e281b452f0250ddf4e6502b989","HAS_HEADING"
"843d76b6b9c38936d2ce1a1ce08009ee49a7ab86","6eb6bd482693f7b6e63183e8f3eefb7bf58df1d7","HAS_HEADING"
"843d76b6b9c38936d2ce1a1ce08009ee49a7ab86","4b807341552b31f6186b71a4a442193f934e3d16","HAS_HEADING"
"843d76b6b9c38936d2ce1a1ce08009ee49a7ab86","859b5dba55a88dcb73f19dfd5bd755fa962f3990","HAS_HEADING"
"843d76b6b9c38936d2ce1a1ce08009ee49a7ab86","583c3efb7050758dc16f137d03938ad44a409db4","HAS_HEADING"
"843d76b6b9c38936d2ce1a1ce08009ee49a7ab86","50d9e3cf342d70259e0eae427c39b5e816708095","HAS_HEADING"
"843d76b6b9c38936d2ce1a1ce08009ee49a7ab86","7ce63c619a5d61fa682f3f67003fdf3e593ba379","HAS_HEADING"
"843d76b6b9c38936d2ce1a1ce08009ee49a7ab86","bc4b549a6ed7b837a1dba5eb5e0f46a3059f761e","HAS_HEADING"
"843d76b6b9c38936d2ce1a1ce08009ee49a7ab86","d86bd3240298c1d69fbbbfa02847301146fb05dc","HAS_HEADING"
"843d76b6b9c38936d2ce1a1ce08009ee49a7ab86","2d123bc58298759564b625365485d7434bf9cca7","HAS_HEADING"
"843d76b6b9c38936d2ce1a1ce08009ee49a7ab86","598806bd3f85ceaafc8886221b7fa2911d19973b","HAS_HEADING"
"843d76b6b9c38936d2ce1a1ce08009ee49a7ab86","1e129027f9398140757b0b611a13798fad62c4a2","HAS_HEADING"
"843d76b6b9c38936d2ce1a1ce08009ee49a7ab86","ccc908e20bcf3ff1de1294aa8d13d0f4e12f409b","HAS_HEADING"
"843d76b6b9c38936d2ce1a1ce08009ee49a7ab86","f4acfad3e488377570f690c4bfdae8ac461d7113","HAS_HEADING"
"843d76b6b9c38936d2ce1a1ce08009ee49a7ab86","79f815bd3617a3e17e001e13ec08d82c84ed7646","HAS_HEADING"
"843d76b6b9c38936d2ce1a1ce08009ee49a7ab86","f771e8722ae5475d6b3475a4aed5088d0d7f3774","HAS_HEADING"
"843d76b6b9c38936d2ce1a1ce08009ee49a7ab86","a5ed3d0a28625a389efb951b0484b0585b28e507","HAS_HEADING"
"843d76b6b9c38936d2ce1a1ce08009ee49a7ab86","cfc3425489b3ef3ca9bd130cbd26f942306a4192","HAS_HEADING"
"843d76b6b9c38936d2ce1a1ce08009ee49a7ab86","ddcd20ad3a53242c39567113a57331ae5aa3b131","HAS_HEADING"
"843d76b6b9c38936d2ce1a1ce08009ee49a7ab86","931f831b78d37a81649d0742d8737c8819d58b3b","HAS_HEADING"
"6829c042a13cbb8b01ddcbda35f6fd683c0f77c1","43f7e5062178d670c175c988cb5ee9b1fd16752e","HAS_HEADING"
"6829c042a13cbb8b01ddcbda35f6fd683c0f77c1","96003e7bb44e01c7ea7a09c331f7a9822472349a","HAS_HEADING"
"6829c042a13cbb8b01ddcbda35f6fd683c0f77c1","0c51a4415c2fff9c60d6413366800f5d202f3134","HAS_HEADING"
"6829c042a13cbb8b01ddcbda35f6fd683c0f77c1","3679a3fcc2f7985f660ea9b411387a047702a645","HAS_HEADING"
"6829c042a13cbb8b01ddcbda35f6fd683c0f77c1","6b5d12918b15bb293ce586f623c8ba84f67f07fd","HAS_HEADING"
"6829c042a13cbb8b01ddcbda35f6fd683c0f77c1","85bac09e0ffeca84a9803613a27b5e76921211ff","HAS_HEADING"
"6829c042a13cbb8b01ddcbda35f6fd683c0f77c1","ce50ae2244d009b246309eb926aa95ce1c5a0883","HAS_HEADING"
"6829c042a13cbb8b01ddcbda35f6fd683c0f77c1","e0fa8e91f8bcaa6d9c93671b2fcdc291311fb555","HAS_HEADING"
"6829c042a13cbb8b01ddcbda35f6fd683c0f77c1","95dd624170366183cdfcd5a617fb2828154179f0","HAS_HEADING"
"6829c042a13cbb8b01ddcbda35f6fd683c0f77c1","8b1503b9319d05bd2058ffd860aefb3a00a3ea72","HAS_HEADING"
"6829c042a13cbb8b01ddcbda35f6fd683c0f77c1","9029c28b6d9929f12ba91fba559fd3d465be9bbe","HAS_HEADING"
"1ed21550b572094228bbf31cf5c26cc088464029","12986fa8bbd42905b5d13975dbcce45978a1deeb","HAS_HEADING"
"1ed21550b572094228bbf31cf5c26cc088464029","046a4d814693219481e96920bb449bfd6f78fa6d","HAS_HEADING"
"1ed21550b572094228bbf31cf5c26cc088464029","6bd2259335d71d13c4283a5ea50d3b6d2cb062e8","HAS_HEADING"
"1ed21550b572094228bbf31cf5c26cc088464029","8949e73893941a0750a2dc91249adf58891ed32c","HAS_HEADING"
"f436fcd219320b9a2e2544d19baad382633bea80","9410e6d3b1e3b6395688f9e875b5c2447c759c03","HAS_HEADING"
"f436fcd219320b9a2e2544d19baad382633bea80","950adf66b382f56d0bd8f420acb97539ff09642c","HAS_HEADING"
"f436fcd219320b9a2e2544d19baad382633bea80","d98d8fc99a8a149f16f87a2b8afd991d4e34669d","HAS_HEADING"
"f436fcd219320b9a2e2544d19baad382633bea80","04473dee2f0ddd0cb8104c81208d3c2f0c55f823","HAS_HEADING"
"f436fcd219320b9a2e2544d19baad382633bea80","7815196544f692e02b224d56cbfa5506039c6d7e","HAS_HEADING"
"f436fcd219320b9a2e2544d19baad382633bea80","9064e675c992b3e3f65c11380cff95bd50332315","HAS_HEADING"
"f436fcd219320b9a2e2544d19baad382633bea80","79858aca12d9e4b82c03d5976abb451b7791d9e1","HAS_HEADING"
"f436fcd219320b9a2e2544d19baad382633bea80","41439d6b104a55944b34964087fdd971bdaceba5","HAS_HEADING"
"f436fcd219320b9a2e2544d19baad382633bea80","f8fe0007e039c8095b4c64c9d43a11ebbfed587c","HAS_HEADING"
"f436fcd219320b9a2e2544d19baad382633bea80","9910b788ed9926878516e61459a9feed8170ba68","HAS_HEADING"
"f436fcd219320b9a2e2544d19baad382633bea80","968629236f861c284ac693f147cddc697ed77cc3","HAS_HEADING"
"f436fcd219320b9a2e2544d19baad382633bea80","416073d8b4abef02658f5cf56e8fd31fbc76ef25","HAS_HEADING"
"f436fcd219320b9a2e2544d19baad382633bea80","bd3018d275a2fec59930088a2d2b7115b5a20780","HAS_HEADING"
"f436fcd219320b9a2e2544d19baad382633bea80","fb1e4dc53f99cd6109f3044092e0390f43357493","HAS_HEADING"
"f436fcd219320b9a2e2544d19baad382633bea80","ff3d75c7185bda4003f8e0877e97f10b8c121c34","HAS_HEADING"
"f436fcd219320b9a2e2544d19baad382633bea80","e3d07e71d595e91274f8dc07b02ae2d7218e3331","HAS_HEADING"
"f436fcd219320b9a2e2544d19baad382633bea80","2ff0b47f666eff70f05ee19049d399354f89ff32","HAS_HEADING"
"f436fcd219320b9a2e2544d19baad382633bea80","c85460f55b939e4c6546f4eaf9db29713af843b7","HAS_HEADING"
"f436fcd219320b9a2e2544d19baad382633bea80","7ba555341f21ae0a437b4210b0ea8a5ddc90e59c","HAS_HEADING"
"f436fcd219320b9a2e2544d19baad382633bea80","889f1c4e558386572705f83f3f1e341963a4e569","HAS_HEADING"
"f436fcd219320b9a2e2544d19baad382633bea80","d92234b472baf241f016849b086dc6a7dd846503","HAS_HEADING"
"f436fcd219320b9a2e2544d19baad382633bea80","65935b7fa17ca6eee22c57d96e6750c6d98dbd23","HAS_HEADING"
"f436fcd219320b9a2e2544d19baad382633bea80","56d7c13ec5d7ae8308305987f201b432fa4029ac","HAS_HEADING"
"f436fcd219320b9a2e2544d19baad382633bea80","7fcaf0140102f6621a89a508b1fb3f3819819651","HAS_HEADING"
"f436fcd219320b9a2e2544d19baad382633bea80","7eca71467b25b6dcb9b6e0f160d0c14ec4c98769","HAS_HEADING"
"f436fcd219320b9a2e2544d19baad382633bea80","7d388f7cadfb29eb522cd97a23083a211928a29d","HAS_HEADING"
"f436fcd219320b9a2e2544d19baad382633bea80","a49b544eb512c3f344c5cc84a23d120823de76c0","HAS_HEADING"
"f436fcd219320b9a2e2544d19baad382633bea80","40b773d81017fa330ef4cba659f885afc53bb219","HAS_HEADING"
"f436fcd219320b9a2e2544d19baad382633bea80","bc3f793562bd13e16c2fcc592b4b7bf915027bac","HAS_HEADING"
"f436fcd219320b9a2e2544d19baad382633bea80","dd437c7deec97a93bb7b6f8a54b294487809cee8","HAS_HEADING"
"f436fcd219320b9a2e2544d19baad382633bea80","cc059ba3e0110febfa63d250ffed9fd90b5b2a5b","HAS_HEADING"
"f436fcd219320b9a2e2544d19baad382633bea80","072dbc333395b963011710d436515d40bfd3876c","HAS_HEADING"
"f436fcd219320b9a2e2544d19baad382633bea80","ccacc7f73a21aaaa54ea7289d46bed8b13f505df","HAS_HEADING"
"f436fcd219320b9a2e2544d19baad382633bea80","0c35ac07eab5c7d82bee85f88e969054966ac406","HAS_HEADING"
"f436fcd219320b9a2e2544d19baad382633bea80","fc6e3879283dd8f8a22deaa7a38286c25337a462","HAS_HEADING"
"f436fcd219320b9a2e2544d19baad382633bea80","22aabfb3785c31f061c67a30cde918fc52055e76","HAS_HEADING"
"f436fcd219320b9a2e2544d19baad382633bea80","d6f6ade67a91e25519f96b6a6abb004444c4f0db","HAS_HEADING"
"f436fcd219320b9a2e2544d19baad382633bea80","70e0b725db15b106c2f5138cf3259f9a0065cc7e","HAS_HEADING"
"f436fcd219320b9a2e2544d19baad382633bea80","d2e1a78a055341f806eae6daa37906104c3f8e89","HAS_HEADING"
"f436fcd219320b9a2e2544d19baad382633bea80","3672a247dfcb2f2ea7a838cf7739eb0c3d679891","HAS_HEADING"
"f436fcd219320b9a2e2544d19baad382633bea80","5e02d6b64678734c316c926322189749c0e86c99","HAS_HEADING"
"f436fcd219320b9a2e2544d19baad382633bea80","533824fad014ae189c406d9900ab0446a7d64ed2","HAS_HEADING"
"f436fcd219320b9a2e2544d19baad382633bea80","7345a10cf57fd5aceeba0429c6ad3747efaf0125","HAS_HEADING"
"f436fcd219320b9a2e2544d19baad382633bea80","90606df4cb2f0a9e1ec3951a7b55b43c9b6b2091","HAS_HEADING"
"f436fcd219320b9a2e2544d19baad382633bea80","2ca8e99446105411defaa0076467ce3d113650b1","HAS_HEADING"
"f436fcd219320b9a2e2544d19baad382633bea80","9db37799554dfffa116f77d012751f35c048b549","HAS_HEADING"
"f436fcd219320b9a2e2544d19baad382633bea80","73387e6a3f0939345e1c4d4ebbbf0b1bbd6a7dd8","HAS_HEADING"
"f436fcd219320b9a2e2544d19baad382633bea80","432b3e16fd01d793f8c93bfb31d88f70d97b62cf","HAS_HEADING"
"f436fcd219320b9a2e2544d19baad382633bea80","e378927455df54765f891489de91aa332b1636db","HAS_HEADING"
"f436fcd219320b9a2e2544d19baad382633bea80","a7b1277faafe8b4f10c33af84fb90d93ce36672f","HAS_HEADING"
"f436fcd219320b9a2e2544d19baad382633bea80","2c8ab80f97baceb956da8a1f4a5b554af3d9cf8a","HAS_HEADING"
"f436fcd219320b9a2e2544d19baad382633bea80","abbdf8e975c7ba5f97a5942f64f46ce4c05015bc","HAS_HEADING"
"f436fcd219320b9a2e2544d19baad382633bea80","f68ef128e0ae1593763f496b12a9444ccb7843fe","HAS_HEADING"
"f436fcd219320b9a2e2544d19baad382633bea80","67e3ed6947d85a7b494f15e14d9407ee3ae2ecf5","HAS_HEADING"
"f436fcd219320b9a2e2544d19baad382633bea80","723ea556f74d82916841698c88e0a4fa4f3ac686","HAS_HEADING"
"f436fcd219320b9a2e2544d19baad382633bea80","0579fa999b85c9c823265564296f7884a700f82e","HAS_HEADING"
"f436fcd219320b9a2e2544d19baad382633bea80","75b65ccb46a3ecc4ade93b6fd95d40311d371ccd","HAS_HEADING"
"f436fcd219320b9a2e2544d19baad382633bea80","6ae4d5c70dbae1f668fbb8fa50d14371cf293263","HAS_HEADING"
"f436fcd219320b9a2e2544d19baad382633bea80","0301cfef1a169a0849f4639ac12c6120594f69ba","HAS_HEADING"
"f436fcd219320b9a2e2544d19baad382633bea80","44f6706c60b7f5611f205d243617f8ee278b70f0","HAS_HEADING"
"f436fcd219320b9a2e2544d19baad382633bea80","e638408e1388ab05c7c6affb7ec496707a152f2a","HAS_HEADING"
"f436fcd219320b9a2e2544d19baad382633bea80","34a4a42fcc6ddde92ac274e3513e97cb60555b6a","HAS_HEADING"
"f436fcd219320b9a2e2544d19baad382633bea80","1079e02d53705c553e7932f792a6e2d26111a9da","HAS_HEADING"
"f436fcd219320b9a2e2544d19baad382633bea80","c556c745c921a254a01d00a23ef5b180afed3edb","HAS_HEADING"
"f436fcd219320b9a2e2544d19baad382633bea80","73e8084d2d49816c9d7a7fa4c2c9193489839cd2","HAS_HEADING"
"f436fcd219320b9a2e2544d19baad382633bea80","daaadff346909454699301e1328e946e7024fdb1","HAS_HEADING"
"f436fcd219320b9a2e2544d19baad382633bea80","242132a44283a68ae64abb1ab122dd3334242341","HAS_HEADING"
"f436fcd219320b9a2e2544d19baad382633bea80","13f7f2a4b2f3763eb919215e1bbb30f8e573084d","HAS_HEADING"
"f436fcd219320b9a2e2544d19baad382633bea80","14e7548782525b8df4a70c656a667783d741a9bc","HAS_HEADING"
"f436fcd219320b9a2e2544d19baad382633bea80","ba1aee3da9744f6f0df9ae66538c46c854ad3d59","HAS_HEADING"
"f436fcd219320b9a2e2544d19baad382633bea80","400e16bf53e190a38b16836f29950ba0241d7057","HAS_HEADING"
"f436fcd219320b9a2e2544d19baad382633bea80","48c4a313aaf1a2c726ef50009155ca73a4643b6a","HAS_HEADING"
"f436fcd219320b9a2e2544d19baad382633bea80","b2b1575bb18986bde4a0f00fac6dc2d6e1b4fa1f","HAS_HEADING"
"f436fcd219320b9a2e2544d19baad382633bea80","bfeb7cbf824aeb0adb64344205f78a63062c0587","HAS_HEADING"
"f436fcd219320b9a2e2544d19baad382633bea80","68f4c0b339ef2725211656075f340db794dce15e","HAS_HEADING"
"f436fcd219320b9a2e2544d19baad382633bea80","6240a550224944e7740c7e4f696168a6bb36834c","HAS_HEADING"
"f436fcd219320b9a2e2544d19baad382633bea80","9528508c47ef61165672ac7ed0d44ed54466cdf1","HAS_HEADING"
"f436fcd219320b9a2e2544d19baad382633bea80","81ababdd8abf02ae68c20377ac3ed221903d3cf9","HAS_HEADING"
"f436fcd219320b9a2e2544d19baad382633bea80","d941521825645d40f37987e71b94d95ffeede8b3","HAS_HEADING"
"f436fcd219320b9a2e2544d19baad382633bea80","9b645adf4821782ed490227ccfb6f0b3c7e394c6","HAS_HEADING"
"f436fcd219320b9a2e2544d19baad382633bea80","24c6f08827a92dce062079f8073a5c540e2f36a8","HAS_HEADING"
"f436fcd219320b9a2e2544d19baad382633bea80","1f5305d0ee83760aa0600f0af426c8ecb149e95d","HAS_HEADING"
"f436fcd219320b9a2e2544d19baad382633bea80","aaf9601837f10adb7a7e090901d45f0c12e61a01","HAS_HEADING"
"f436fcd219320b9a2e2544d19baad382633bea80","f24f8c19aeb6e66c0efadf846eb86ffbd6e63022","HAS_HEADING"
"f436fcd219320b9a2e2544d19baad382633bea80","8e2e892678070780b363ef2913a195ad8f772a67","HAS_HEADING"
"f436fcd219320b9a2e2544d19baad382633bea80","dd90920f956b9770e884c0bdafa67266ec906cb1","HAS_HEADING"
"f436fcd219320b9a2e2544d19baad382633bea80","4d069a4c660c547eb85b2a112a67e30370b66873","HAS_HEADING"
"f436fcd219320b9a2e2544d19baad382633bea80","10380202a5357440c08ae91b3118b17e51ca0386","HAS_HEADING"
"f436fcd219320b9a2e2544d19baad382633bea80","3a63ebfdb3f28166bea0d68fb012e1a3d40942df","HAS_HEADING"
"f436fcd219320b9a2e2544d19baad382633bea80","83f71ba7723778a760523a7eb7dc610e4beef799","HAS_HEADING"
"f436fcd219320b9a2e2544d19baad382633bea80","855853a11a6042eeab67043ca12602d3faa108d3","HAS_HEADING"
"f436fcd219320b9a2e2544d19baad382633bea80","5ec5e3d4c72e7e4f957a47d15921c48c95afc0b2","HAS_HEADING"
"f436fcd219320b9a2e2544d19baad382633bea80","60495a86f108ec2fbadb418caeb4a9e4f47118d9","HAS_HEADING"
"f436fcd219320b9a2e2544d19baad382633bea80","4f590623bff7ecc75b1048f680a77fc0bc642988","HAS_HEADING"
"f436fcd219320b9a2e2544d19baad382633bea80","3c98e2a57c2495b234a322d961da1b92310708b0","HAS_HEADING"
"f436fcd219320b9a2e2544d19baad382633bea80","e5c5f9e4b8f9cad44ca6eead48f677dc861fab1d","HAS_HEADING"
"f436fcd219320b9a2e2544d19baad382633bea80","61197937e60f114ce23325095b11a465a8a15e3d","HAS_HEADING"
"f436fcd219320b9a2e2544d19baad382633bea80","eaf27877ee2990845fa9b6491dddcc9182b697d9","HAS_HEADING"
"f436fcd219320b9a2e2544d19baad382633bea80","8e1d79b4af34d10ead3476f7ac8c163ef6c20781","HAS_HEADING"
"f436fcd219320b9a2e2544d19baad382633bea80","9843a22eaa9f2f064ed9b2abd6c74f03d24d9add","HAS_HEADING"
"f436fcd219320b9a2e2544d19baad382633bea80","14242823a92143ff2feb142d8443fad09ce0858d","HAS_HEADING"
"f436fcd219320b9a2e2544d19baad382633bea80","bb57827fa1660d6607320d51b54a81557300050c","HAS_HEADING"
"f436fcd219320b9a2e2544d19baad382633bea80","d77f9998df92dce5d45a1e49b0c1c7a340cb5617","HAS_HEADING"
"f436fcd219320b9a2e2544d19baad382633bea80","4c78c478ec3007ad47dda3c0f08ab26617a37849","HAS_HEADING"
"f436fcd219320b9a2e2544d19baad382633bea80","58b414ba512df2367aa2035c9d3efc8cfd74b5b7","HAS_HEADING"
"f436fcd219320b9a2e2544d19baad382633bea80","0bf475332a03270c034e3842e2fff2d94814f2cf","HAS_HEADING"
"f436fcd219320b9a2e2544d19baad382633bea80","dddfabb956b3f63aa6a82378857a7524eec9fd3a","HAS_HEADING"
"f436fcd219320b9a2e2544d19baad382633bea80","ddc4917cee53d6823906c67a9a62b7847c82d32a","HAS_HEADING"
"f436fcd219320b9a2e2544d19baad382633bea80","ea82fb7ddc2937e7158d3c10bbfa0e798f3bd402","HAS_HEADING"
"f436fcd219320b9a2e2544d19baad382633bea80","2e0a6baa5634421b24c3704a9e9a7a43ae0c8ff0","HAS_HEADING"
"f436fcd219320b9a2e2544d19baad382633bea80","f7b8eb529c9d6ceda3a295064e5af24812ba1d21","HAS_HEADING"
"f436fcd219320b9a2e2544d19baad382633bea80","5297fd7eb97b6a8526a807f09706fd52df779a56","HAS_HEADING"
"f436fcd219320b9a2e2544d19baad382633bea80","f2e8eb0dbce1679f13d12839e2ed6781bde574cd","HAS_HEADING"
"f436fcd219320b9a2e2544d19baad382633bea80","095130d88840d16db74f3588489af22471fb0f33","HAS_HEADING"
"f436fcd219320b9a2e2544d19baad382633bea80","04c5ddb3a218ae32f385bfcdefc22204044b5577","HAS_HEADING"
"f436fcd219320b9a2e2544d19baad382633bea80","ffab10711193de5b1e96020008e500ddc9d5d95e","HAS_HEADING"
"f436fcd219320b9a2e2544d19baad382633bea80","1e65f4a146ac53c92c7aa77805d265a28e65547f","HAS_HEADING"
"f436fcd219320b9a2e2544d19baad382633bea80","1fe4d2fe54178155a63f35b70ce15f7327b9a2f8","HAS_HEADING"
"f436fcd219320b9a2e2544d19baad382633bea80","d108b3b2497085f74ad5ba2386f7a45c1bf25852","HAS_HEADING"
"f436fcd219320b9a2e2544d19baad382633bea80","4194b586f9db60502a89151e4840c099d23d5ba6","HAS_HEADING"
"f436fcd219320b9a2e2544d19baad382633bea80","1301389dde73d04bcae26d8ccca6446a87623dc4","HAS_HEADING"
"f436fcd219320b9a2e2544d19baad382633bea80","ec15f18507402ef4a3a50d3fb56d13a6f4643c73","HAS_HEADING"
"f436fcd219320b9a2e2544d19baad382633bea80","c0c9e77bbc24ee0825dcc2e33305592efd5109df","HAS_HEADING"
"f436fcd219320b9a2e2544d19baad382633bea80","7344df9f011ff8a9603a143a5d4b45b3d4aa85d1","HAS_HEADING"
"f436fcd219320b9a2e2544d19baad382633bea80","9356e1e90fa508ff33ef6437fe150da9138e34d0","HAS_HEADING"
"f436fcd219320b9a2e2544d19baad382633bea80","890d3d1bd3307ae5bb6ce98861a0e5437409e5ce","HAS_HEADING"
"f436fcd219320b9a2e2544d19baad382633bea80","e070418ed02a8665a967f3692fa3f331e964d952","HAS_HEADING"
"f436fcd219320b9a2e2544d19baad382633bea80","8376e3a13d8bc83e2c84a5a0341f4acd49b1da8f","HAS_HEADING"
"f436fcd219320b9a2e2544d19baad382633bea80","3eb9e7aab2995671e4f35e3657073f39d154ab6a","HAS_HEADING"
"f436fcd219320b9a2e2544d19baad382633bea80","73e75eb5637d4235c495afc4271565fc77c129cc","HAS_HEADING"
"f436fcd219320b9a2e2544d19baad382633bea80","7a16d33bb4bca184dfede49949e87b255761db1c","HAS_HEADING"
"f436fcd219320b9a2e2544d19baad382633bea80","808c4f690267dc70c9c045348b59a834530da40d","HAS_HEADING"
"af36a3aad2f1ccf61f3ac3381706f9e08ff91454","7dcb1c5094508f5431fac319dd77c8f796fbf2d9","HAS_ARTICLE"
"af36a3aad2f1ccf61f3ac3381706f9e08ff91454","4d09bfa6422083a6539ecf39b61d44ebbda52e0b","HAS_ARTICLE"
"3bbae8d7098480420da97c16c32824585753b9a8","100a6a96f0657c4cc0db470261e9f9ac6bab773d","HAS_ARTICLE"
"3bbae8d7098480420da97c16c32824585753b9a8","6adff12319a4d7e0a751a82637484faa48340d94","HAS_ARTICLE"
"3bbae8d7098480420da97c16c32824585753b9a8","92869e797ef5f67a718714a16099f9b57e0f3d28","HAS_ARTICLE"
"3bbae8d7098480420da97c16c32824585753b9a8","d02f22e754a8bd596b9ce34c6dbf30dcbb90de13","HAS_ARTICLE"
"3bbae8d7098480420da97c16c32824585753b9a8","1f984f1f6bae52f7d9cd5fcb6c075e28b9ef6060","HAS_ARTICLE"
"3bbae8d7098480420da97c16c32824585753b9a8","0ca724a85f2e9799570d8f082ea8105dade1f839","HAS_ARTICLE"
"2cdd5a396fab4dbe7b73f21f6e9b67d2ecdd37f0","cc882a48ea9a913b24127b99fe0e8bec11b5af62","HAS_ARTICLE"
"2cdd5a396fab4dbe7b73f21f6e9b67d2ecdd37f0","a74a32a852afc10f46c2c159628d46fd99720fd6","HAS_ARTICLE"
"2cdd5a396fab4dbe7b73f21f6e9b67d2ecdd37f0","0035beb161048039ffbe1f20b889aac3032c943d","HAS_ARTICLE"
"d60546eeb007b863080844aa18f5339be55d7d17","679dd7bcab9d282e7754bfdf73c6e32d4b05ac57","HAS_ARTICLE"
"d60546eeb007b863080844aa18f5339be55d7d17","ac77da46f272d199a4b6261522df28a1a9df1349","HAS_ARTICLE"
"d60546eeb007b863080844aa18f5339be55d7d17","ef4f591f7d2c31a5542f2940855ba10c4120343e","HAS_ARTICLE"
"d60546eeb007b863080844aa18f5339be55d7d17","ba1dd8cce1506f8fdb0e5b642ef5549af350ed49","HAS_ARTICLE"
"d60546eeb007b863080844aa18f5339be55d7d17","cb2773347ed66da2e1bbd656a89ffac4c74bdaa8","HAS_ARTICLE"
"e70be87e39cacdd7af7ebf9a7c0de756550bf3af","cfec1e71bc029c4cb8192f462df3456ca6596eb0","HAS_ARTICLE"
"e70be87e39cacdd7af7ebf9a7c0de756550bf3af","3449d2a6a929f6c2a59baf34414f95faa05a5c4d","HAS_ARTICLE"
"e70be87e39cacdd7af7ebf9a7c0de756550bf3af","a34da013252df262abe62e0c56623b81d0b30012","HAS_ARTICLE"
"e70be87e39cacdd7af7ebf9a7c0de756550bf3af","be7579a9e1bd6b4ce9cf84c4d215129b930eb0d7","HAS_ARTICLE"
"e70be87e39cacdd7af7ebf9a7c0de756550bf3af","bc389777961286b36bee796f18e8e55ab66f32cb","HAS_ARTICLE"
"e70be87e39cacdd7af7ebf9a7c0de756550bf3af","9ad1a4e238ee059c6786c2a5a226278346f0a7f2","HAS_ARTICLE"
"e70be87e39cacdd7af7ebf9a7c0de756550bf3af","2091030cb0c06ea06c5f49301515bd75c2e27a96","HAS_ARTICLE"
"e70be87e39cacdd7af7ebf9a7c0de756550bf3af","4f34aae9cdf11fd800d2c8b9d6eaab04534eae68","HAS_ARTICLE"
"72814df422ffd03f54ab1a8849b9d1eb30ab35f7","d716fe45965cb33bfa4c3b73b6a5dccd2d71ce9d","HAS_ARTICLE"
"72814df422ffd03f54ab1a8849b9d1eb30ab35f7","3907833b4f02b822707e2a1900ebaabf2d9c085a","HAS_ARTICLE"
"72814df422ffd03f54ab1a8849b9d1eb30ab35f7","acb092a8ebd12f1566b92c4cc9fd30b62f67a902","HAS_ARTICLE"
"72814df422ffd03f54ab1a8849b9d1eb30ab35f7","7f9c4b671701b9dece247f99ac36b2f335a2986b","HAS_ARTICLE"
"72814df422ffd03f54ab1a8849b9d1eb30ab35f7","fcb6afe56d85bb06045db4c7de12727e8f4d9937","HAS_ARTICLE"
"72814df422ffd03f54ab1a8849b9d1eb30ab35f7","de5df27e8092c51834e93ac5e603fc18fc797c1d","HAS_ARTICLE"
"72814df422ffd03f54ab1a8849b9d1eb30ab35f7","1a179283872dc209d8d27a9e370245dbcdd39756","HAS_ARTICLE"
"72814df422ffd03f54ab1a8849b9d1eb30ab35f7","f1754867c61521a8f53dc63e3fe13f87d2ef8b92","HAS_ARTICLE"
"72814df422ffd03f54ab1a8849b9d1eb30ab35f7","7bf78eeb682c38649abf2854db4845181bb43b1f","HAS_ARTICLE"
"72814df422ffd03f54ab1a8849b9d1eb30ab35f7","c47cb00b9ea1230bd2f9546beb594216f7e8aa06","HAS_ARTICLE"
"72814df422ffd03f54ab1a8849b9d1eb30ab35f7","bd348b2afa606d9db9019d49058f01c467012e35","HAS_ARTICLE"
"72814df422ffd03f54ab1a8849b9d1eb30ab35f7","95d153429465fa53e8e65a12c8d7dcd3d8ba60bf","HAS_ARTICLE"
"72814df422ffd03f54ab1a8849b9d1eb30ab35f7","d43be75ae1ff7d4d232eb5eff3cefb4840e80384","HAS_ARTICLE"
"72814df422ffd03f54ab1a8849b9d1eb30ab35f7","56cbc7a2af537f56cdca7a1b50c016b89223cfa9","HAS_ARTICLE"
"72814df422ffd03f54ab1a8849b9d1eb30ab35f7","d0b50a4f97e86021c2e6f82be6412a6815e5e0c2","HAS_ARTICLE"
"72814df422ffd03f54ab1a8849b9d1eb30ab35f7","be103f08348440c404a3220e76175acc8be2ee51","HAS_ARTICLE"
"8c9b673ff4d219cb5a8abb81a67eaac8d1409fd8","5ed8ed3d0ded3a4c05057875fd27ec41b360f941","HAS_ARTICLE"
"ec36fb8ea5745d4f3132f5090c486ac19bd0d7c8","1911c8e5de17c506d90a34b569c0543feaa899dd","HAS_ARTICLE"
"ec36fb8ea5745d4f3132f5090c486ac19bd0d7c8","a8b0fa5f73299bdfd7e2dcb9b2a1865807531c2d","HAS_ARTICLE"
"ec36fb8ea5745d4f3132f5090c486ac19bd0d7c8","0b77517c0681380ce3d484f33149d33ede56916c","HAS_ARTICLE"
"ec36fb8ea5745d4f3132f5090c486ac19bd0d7c8","e3afb680446426c95833198e995e3b9560a1a420","HAS_ARTICLE"
"ec36fb8ea5745d4f3132f5090c486ac19bd0d7c8","90300a2878ca69fede564bae4681e3b8ab1a30fa","HAS_ARTICLE"
"ec36fb8ea5745d4f3132f5090c486ac19bd0d7c8","37bdaeee24c1e981f30db0a78cc480cd939289ee","HAS_ARTICLE"
"ec36fb8ea5745d4f3132f5090c486ac19bd0d7c8","787b16c4ee215cf42e73cbb62a3799da65739fa8","HAS_ARTICLE"
"ec36fb8ea5745d4f3132f5090c486ac19bd0d7c8","548ba3cc1d95ca76ea8cc4512508fdbccbd3620f","HAS_ARTICLE"
"ec36fb8ea5745d4f3132f5090c486ac19bd0d7c8","7fd7519b238315a4f935c5d1cea2f963a93beba0","HAS_ARTICLE"
"ec36fb8ea5745d4f3132f5090c486ac19bd0d7c8","a0ed0194af5ef075d293c9e03f56d3db11b2ee90","HAS_ARTICLE"
"ec36fb8ea5745d4f3132f5090c486ac19bd0d7c8","538c944f3b4a88628620ddeca4fb48f367d3dee8","HAS_ARTICLE"
"d988e618b4d569f12dd31b51add0842e341f33e7","00c67606f836e177a7ed3c8247b0e4f0f1df2430","HAS_ARTICLE"
"d988e618b4d569f12dd31b51add0842e341f33e7","b0fab54d8829f7b9e2189711907910d1a5598c49","HAS_ARTICLE"
"d988e618b4d569f12dd31b51add0842e341f33e7","230dd83ce3adb21fcc8a9117555cc655a52382be","HAS_ARTICLE"
"d988e618b4d569f12dd31b51add0842e341f33e7","654f7659850485a21b6f728c70fa04509d29713c","HAS_ARTICLE"
"d988e618b4d569f12dd31b51add0842e341f33e7","41a700d571ca973cb256d34513f757dfb674230c","HAS_ARTICLE"
"d988e618b4d569f12dd31b51add0842e341f33e7","5df5622d321b967da50a30f17d17d32c5dda5437","HAS_ARTICLE"
"d988e618b4d569f12dd31b51add0842e341f33e7","1a6e65c3a3c9513923c17e9841b0d94754940f80","HAS_ARTICLE"
"d988e618b4d569f12dd31b51add0842e341f33e7","04679e407db7a9c7ece721d37fce005e70c87671","HAS_ARTICLE"
"d988e618b4d569f12dd31b51add0842e341f33e7","0b3d53a603948a0ce85283923f74629108b3eb87","HAS_ARTICLE"
"d988e618b4d569f12dd31b51add0842e341f33e7","ae98da641895068b722ebadf2a6bfed5ad5cb114","HAS_ARTICLE"
"d988e618b4d569f12dd31b51add0842e341f33e7","348e7a6153a43ded45ad86e7cfd831496b96541c","HAS_ARTICLE"
"d988e618b4d569f12dd31b51add0842e341f33e7","88c223295517a7ee3e12a21d6d00c1ffb51d660b","HAS_ARTICLE"
"d988e618b4d569f12dd31b51add0842e341f33e7","0033f57ddc656d3db6710112b9290e55209eb06c","HAS_ARTICLE"
"d988e618b4d569f12dd31b51add0842e341f33e7","9c6222e62823c34a6ef527d6c0e5e07936a6631e","HAS_ARTICLE"
"d988e618b4d569f12dd31b51add0842e341f33e7","016bbfad31d21e1fb6b48ebf073eb30110b70032","HAS_ARTICLE"
"d988e618b4d569f12dd31b51add0842e341f33e7","62869458abd2009aa9a5bb8d5d30f2b7f47113fe","HAS_ARTICLE"
"d988e618b4d569f12dd31b51add0842e341f33e7","853613ac947e131f53d6cccff7e74c3bd7aae27b","HAS_ARTICLE"
"d988e618b4d569f12dd31b51add0842e341f33e7","52c177a67d422138be495438405af087c3e7512e","HAS_ARTICLE"
"d988e618b4d569f12dd31b51add0842e341f33e7","d58c569d01393aacaed19ac51497506f5918aac3","HAS_ARTICLE"
"d988e618b4d569f12dd31b51add0842e341f33e7","c17d462cd4afab2202f7f47b3ade82e898e21094","HAS_ARTICLE"
"d988e618b4d569f12dd31b51add0842e341f33e7","04dc48a0fe8299ec1739c16c0a5b3364f96c39df","HAS_ARTICLE"
"d988e618b4d569f12dd31b51add0842e341f33e7","0a7787a282f182da38bbc2e96f76a67317b1792e","HAS_ARTICLE"
"d988e618b4d569f12dd31b51add0842e341f33e7","e2a2111102be2383446cd15ccd82a1a097f9d033","HAS_ARTICLE"
"d988e618b4d569f12dd31b51add0842e341f33e7","4e5e3e559cbc52b96a8179a6ff16996ddb249918","HAS_ARTICLE"
"d988e618b4d569f12dd31b51add0842e341f33e7","d466ffc41b71d9d96a8a3b9db13a10f99a6576c5","HAS_ARTICLE"
"d988e618b4d569f12dd31b51add0842e341f33e7","cc26970c3ccf6759f3d1271a321b6665e92316bb","HAS_ARTICLE"
"d988e618b4d569f12dd31b51add0842e341f33e7","80d688104bef4e856a01805a6e38997e79131324","HAS_ARTICLE"
"d988e618b4d569f12dd31b51add0842e341f33e7","4d153878e32e00858694184f59632ea2c1c1984e","HAS_ARTICLE"
"d988e618b4d569f12dd31b51add0842e341f33e7","163eecaa53a671327927d603f69378878eb32988","HAS_ARTICLE"
"d988e618b4d569f12dd31b51add0842e341f33e7","22765f58f0261cbbc67eaff919a0d7731b285a42","HAS_ARTICLE"
"d988e618b4d569f12dd31b51add0842e341f33e7","3c5bab2a63c34692d4d6a18301acc0d8751d72f1","HAS_ARTICLE"
"d988e618b4d569f12dd31b51add0842e341f33e7","214dbfa4852ccdf03d11e19b1918b1b9430bafc9","HAS_ARTICLE"
"d988e618b4d569f12dd31b51add0842e341f33e7","411686e62e8118c82485f9492eb445d5e7793500","HAS_ARTICLE"
"d988e618b4d569f12dd31b51add0842e341f33e7","16bf573a08d6c78fd182d6bf39ff21d02815323c","HAS_ARTICLE"
"d988e618b4d569f12dd31b51add0842e341f33e7","693d4aa3e5a04e59ab1e16e2ab4c5d5c3525e884","HAS_ARTICLE"
"d988e618b4d569f12dd31b51add0842e341f33e7","a3280fab18c1d28507d9df0459e4f0b1e747b469","HAS_ARTICLE"
"d988e618b4d569f12dd31b51add0842e341f33e7","2e6a1055dd814e8b42b51d683903faccef52e1cf","HAS_ARTICLE"
"17486cb2710e33da29927be01980589bd659d62a","c16f78ece7f86026e53da85a741d6b7b06cbadda","HAS_ARTICLE"
"17486cb2710e33da29927be01980589bd659d62a","1eaec7987cfab812ab91c388fd6951f85eccc536","HAS_ARTICLE"
"17486cb2710e33da29927be01980589bd659d62a","176d0850110004815e8b9bdfa31405e2ee9409be","HAS_ARTICLE"
"17486cb2710e33da29927be01980589bd659d62a","22659b5cf37afb22171cd90608fd0a5eb0b33239","HAS_ARTICLE"
"17486cb2710e33da29927be01980589bd659d62a","82007024ebe0cc3f6ac97d7551fee306d7b02593","HAS_ARTICLE"
"6bee96d2d2ab3312d0f770c5c89ce771652cea82","0e71dadc79920d207c40e5136af7bb94e0501952","HAS_ARTICLE"
"6bee96d2d2ab3312d0f770c5c89ce771652cea82","04af8ba79fc1d0bda2e86a8f6b6f5dd3e73999a2","HAS_ARTICLE"
"6bee96d2d2ab3312d0f770c5c89ce771652cea82","e0afb5fac872243d3c904735e6018c488de720ba","HAS_ARTICLE"
"6bee96d2d2ab3312d0f770c5c89ce771652cea82","c25c111495abad9cfd3825eea21583383203b2ea","HAS_ARTICLE"
"6bee96d2d2ab3312d0f770c5c89ce771652cea82","620ccd99af611d1629827475b1575c66e435436a","HAS_ARTICLE"
"6bee96d2d2ab3312d0f770c5c89ce771652cea82","5768b271682528d2694d9c45c13b0480185c5b7a","HAS_ARTICLE"
"6bee96d2d2ab3312d0f770c5c89ce771652cea82","15548f2de29380896473bbee7ea7aea3340ae5a9","HAS_ARTICLE"
"9361add18f7f695c086c4735214ed33fb5cd9a1c","121aa44be6ec7c1a30a4a56a66caf38e7688f922","HAS_ARTICLE"
"9361add18f7f695c086c4735214ed33fb5cd9a1c","06d1a0a1a87637fee083193f61d622b9bfcc75a1","HAS_ARTICLE"
"9361add18f7f695c086c4735214ed33fb5cd9a1c","96f7c467e040c129ac67e99c8045c9947137b2c0","HAS_ARTICLE"
"9361add18f7f695c086c4735214ed33fb5cd9a1c","3ae0c2798b8127a2076e17dc780e497ea441fb4c","HAS_ARTICLE"
"9361add18f7f695c086c4735214ed33fb5cd9a1c","242fe8425de91f41a29013ef9048d031a65dbdc7","HAS_ARTICLE"
"9361add18f7f695c086c4735214ed33fb5cd9a1c","996df2110b71c91f961a8deea4faf1ba33cba024","HAS_ARTICLE"
"9361add18f7f695c086c4735214ed33fb5cd9a1c","3947be75ebaa61fb00b404ca998ec5712b636d25","HAS_ARTICLE"
"9361add18f7f695c086c4735214ed33fb5cd9a1c","4f2f139a9dfe08f9963dba786e1f50818c867bad","HAS_ARTICLE"
"9361add18f7f695c086c4735214ed33fb5cd9a1c","9097a02a2ec8788b8b9a2042398be65eb363a6b9","HAS_ARTICLE"
"9361add18f7f695c086c4735214ed33fb5cd9a1c","8411f7e91b70ef88dec9fb1a6305f9918b6d1e24","HAS_ARTICLE"
"3d40e8177a246dae2861b54bf96a15d9837c6f55","354c600d36f40e75488a04b58f0302f7de4e0d66","HAS_ARTICLE"
"3d40e8177a246dae2861b54bf96a15d9837c6f55","b41c89b083f6729eac91780867322dfa8f3b0b4c","HAS_ARTICLE"
"3d40e8177a246dae2861b54bf96a15d9837c6f55","929077d212d8fc5875ed1f65465c6df8ac39073f","HAS_ARTICLE"
"a188703e028336edaadaa87c064a98ddb66f4a6c","89328834d01d4a06532ee73bdbfd0b221a196733","HAS_ARTICLE"
"a188703e028336edaadaa87c064a98ddb66f4a6c","44e25ca2adf5ee6578d78a08666d0e073892ee7f","HAS_ARTICLE"
"a188703e028336edaadaa87c064a98ddb66f4a6c","41eef8dac881e5f3de5d16d0d92836f033b3a547","HAS_ARTICLE"
"a188703e028336edaadaa87c064a98ddb66f4a6c","d3593ec95257f228febdcfc4d3c8417710334cef","HAS_ARTICLE"
"a188703e028336edaadaa87c064a98ddb66f4a6c","c249bae1aa6981487acf9c42471d57baacf4b2b0","HAS_ARTICLE"
"a188703e028336edaadaa87c064a98ddb66f4a6c","0aa82db6db372b7bacb7d679122dae317b35778b","HAS_ARTICLE"
"a188703e028336edaadaa87c064a98ddb66f4a6c","7b94b01a20e24368bbb17fb264bf8ab5b41a821f","HAS_ARTICLE"
"a188703e028336edaadaa87c064a98ddb66f4a6c","3ca2ef45aa1c0e5e0e3159d3e0edb74a765df5fa","HAS_ARTICLE"
"a188703e028336edaadaa87c064a98ddb66f4a6c","8563be670af8234820466daa9083af848d647256","HAS_ARTICLE"
"0557f5c1893532bffbb20464bcddea46e0d97a55","4c8389cad8ff63d34185b483e9466002def8a651","HAS_ARTICLE"
"0557f5c1893532bffbb20464bcddea46e0d97a55","e10de61357f30d80f6e32f4a5a682b972ed11086","HAS_ARTICLE"
"0557f5c1893532bffbb20464bcddea46e0d97a55","aa81b920ed6c6ca7e75a28529f730ce944abf5e1","HAS_ARTICLE"
"0557f5c1893532bffbb20464bcddea46e0d97a55","c923d6f52460a7366b443793fdb317846830f7be","HAS_ARTICLE"
"0557f5c1893532bffbb20464bcddea46e0d97a55","f91572d723d2b7c254bd65a3f247f34f8d109dce","HAS_ARTICLE"
"0557f5c1893532bffbb20464bcddea46e0d97a55","a551a39ddd5a36e9271250204313f22c74b4d080","HAS_ARTICLE"
"0557f5c1893532bffbb20464bcddea46e0d97a55","02f8c786dd29a39c3acd74fa6973153ff4201e37","HAS_ARTICLE"
"0557f5c1893532bffbb20464bcddea46e0d97a55","5623fb83e3b4f8e159b5f53f920384e46eefe943","HAS_ARTICLE"
"0557f5c1893532bffbb20464bcddea46e0d97a55","9ce907746a91b966b0fa52966a60a11babf73376","HAS_ARTICLE"
"0557f5c1893532bffbb20464bcddea46e0d97a55","3a806b0f882554420a789812c58d2b0e3b3b6a47","HAS_ARTICLE"
"0557f5c1893532bffbb20464bcddea46e0d97a55","e04e5f09307290025fee03b3eef9ef03dbdbade5","HAS_ARTICLE"
"0557f5c1893532bffbb20464bcddea46e0d97a55","a305f761059427be7b0455268d3933d5fcc276fd","HAS_ARTICLE"
"b21ff3ef37456189b06399b787c51d5e4a852a07","a3e2a1d696e5cc81165022465a33f37320ccb6d3","HAS_ARTICLE"
"b21ff3ef37456189b06399b787c51d5e4a852a07","d93ee5ffb6fba6babe463cac775f74eb41b3d5f8","HAS_ARTICLE"
"b21ff3ef37456189b06399b787c51d5e4a852a07","90216506b38b4eb64e68c0dcc1a165ec54a05fe0","HAS_ARTICLE"
"b21ff3ef37456189b06399b787c51d5e4a852a07","131f40e3f33771d2a9fa92796f3a2b8952555c7f","HAS_ARTICLE"
"b21ff3ef37456189b06399b787c51d5e4a852a07","1965e246f67cf8d096e06e041ef4a484500a50de","HAS_ARTICLE"
"6f7e9212ffacc9fa038284ed754963ddd12dcad3","9d8a5db94cd67182d0a50c309550b3a64418189f","HAS_ARTICLE"
"6f7e9212ffacc9fa038284ed754963ddd12dcad3","40b27d226b393acd9cbe2ee4ae908bbeecd835ce","HAS_ARTICLE"
"6f7e9212ffacc9fa038284ed754963ddd12dcad3","00c1943f6248e066ff18ec14a8165835694b3d91","HAS_ARTICLE"
"6f7e9212ffacc9fa038284ed754963ddd12dcad3","744d9f0469e60a44ad61de35025eec20adfcf166","HAS_ARTICLE"
"6f7e9212ffacc9fa038284ed754963ddd12dcad3","32be98310914ae767c0b90030ae5ddd52882c172","HAS_ARTICLE"
"6f7e9212ffacc9fa038284ed754963ddd12dcad3","25244277eb4885fb5e5be29c6263d584c2c89e25","HAS_ARTICLE"
"6f7e9212ffacc9fa038284ed754963ddd12dcad3","abb372106259aaa8e993c138dfe91b84da0414cc","HAS_ARTICLE"
"6f7e9212ffacc9fa038284ed754963ddd12dcad3","091f7e713e912684acdf9ea2f41a5431dc356c6e","HAS_ARTICLE"
"6f7e9212ffacc9fa038284ed754963ddd12dcad3","6eaeb55a2265f9da7f4524f5bc3166c57469a390","HAS_ARTICLE"
"6f7e9212ffacc9fa038284ed754963ddd12dcad3","4055b66d62234ef7fc79194782ec7937e54690fc","HAS_ARTICLE"
"6f7e9212ffacc9fa038284ed754963ddd12dcad3","8ce4c913b844c2b9ea31abe20f59643be57c0d70","HAS_ARTICLE"
"6f7e9212ffacc9fa038284ed754963ddd12dcad3","0aab92cc589f2a7ad229a14da5abd266387e6000","HAS_ARTICLE"
"903398f82f6650bc45846c2a1a8c55ce3a8c832d","d4337e73f1ebec7be040967e55f853f2c8a38876","HAS_ARTICLE"
"903398f82f6650bc45846c2a1a8c55ce3a8c832d","fe486a5d7ca450776ff4a1009481213d78f8d16a","HAS_ARTICLE"
"903398f82f6650bc45846c2a1a8c55ce3a8c832d","c0eff8d6b4e8aafb4ff37d200e80c5974b406482","HAS_ARTICLE"
"903398f82f6650bc45846c2a1a8c55ce3a8c832d","8d631c58080df88458ed1f7ffba3f924e7214fcf","HAS_ARTICLE"
"903398f82f6650bc45846c2a1a8c55ce3a8c832d","a0397abbe715558b51b38ecb5aa9ae3337a95d67","HAS_ARTICLE"
"54f27adf16176364a1f9f2724ad05c729c3d6979","d252c8f9b2921039eb602bc8e04877f990467e0a","HAS_ARTICLE"
"54f27adf16176364a1f9f2724ad05c729c3d6979","87a6f79ad2bbc06ab5fea50597c2162a2927dd05","HAS_ARTICLE"
"54f27adf16176364a1f9f2724ad05c729c3d6979","be198b8b7450c3f2d665da393e9773ce53cb534c","HAS_ARTICLE"
"54f27adf16176364a1f9f2724ad05c729c3d6979","5d9f3a9ebeb2f67eac0b03d5f759e7ce4226531a","HAS_ARTICLE"
"54f27adf16176364a1f9f2724ad05c729c3d6979","26eef9d26ee99fb6745facdd9b0c5186752d2b6b","HAS_ARTICLE"
"54f27adf16176364a1f9f2724ad05c729c3d6979","5f9d9131645ae60d4203b94c83fc17106fc0e578","HAS_ARTICLE"
"54f27adf16176364a1f9f2724ad05c729c3d6979","a9ddb86eacd8ea7490864b300725604e662598d4","HAS_ARTICLE"
"54f27adf16176364a1f9f2724ad05c729c3d6979","16ef48347d2b8fa709dc55a4114691455d14d095","HAS_ARTICLE"
"54f27adf16176364a1f9f2724ad05c729c3d6979","eb8ad8f0606045a3081bf7bef1fb512554048fd9","HAS_ARTICLE"
"54f27adf16176364a1f9f2724ad05c729c3d6979","fa281e863f3249a240bace5dc7e09236d6631be2","HAS_ARTICLE"
"54f27adf16176364a1f9f2724ad05c729c3d6979","99cdbbd1bb4fefc8dd4109ea8f014212e0144fa7","HAS_ARTICLE"
"54f27adf16176364a1f9f2724ad05c729c3d6979","857c43948db8c415bdac787a737c5c5c98ccbda8","HAS_ARTICLE"
"54f27adf16176364a1f9f2724ad05c729c3d6979","b133aaf5c3e074766f4dabc6cd6a6570c801eb40","HAS_ARTICLE"
"54f27adf16176364a1f9f2724ad05c729c3d6979","ea28ea38717748f4d5324bbf5184f8c13c1cf4d5","HAS_ARTICLE"
"54f27adf16176364a1f9f2724ad05c729c3d6979","a08930b0e9299de8b54e37f848f719c55c372529","HAS_ARTICLE"
"54f27adf16176364a1f9f2724ad05c729c3d6979","35ddd63359a9e13c436c358364e0a62230a2b1d1","HAS_ARTICLE"
"54f27adf16176364a1f9f2724ad05c729c3d6979","494053c33d2a5b5c92152878bd5afe3544fc1a9a","HAS_ARTICLE"
"54f27adf16176364a1f9f2724ad05c729c3d6979","10b0efcfe648a3aa49d104a2a660e3badbb0760e","HAS_ARTICLE"
"54f27adf16176364a1f9f2724ad05c729c3d6979","fba63e1b4beb83c8200bfe6c7e35c734dc5d1218","HAS_ARTICLE"
"54f27adf16176364a1f9f2724ad05c729c3d6979","405d49a35f94f345ec30a1f520b9709a76373431","HAS_ARTICLE"
"54f27adf16176364a1f9f2724ad05c729c3d6979","54b126fbc3445fee4a4f22c135e00def3d580a83","HAS_ARTICLE"
"54f27adf16176364a1f9f2724ad05c729c3d6979","7d6b88e887e28967adeff17d2e9799414a26acb2","HAS_ARTICLE"
"54f27adf16176364a1f9f2724ad05c729c3d6979","c4954d126cae28077d32be77b396569b51c37acf","HAS_ARTICLE"
"54f27adf16176364a1f9f2724ad05c729c3d6979","ea11905f520f89f07eb6c585d83f9c7939ee2d3e","HAS_ARTICLE"
"54f27adf16176364a1f9f2724ad05c729c3d6979","c4241e2f7360c60d36d1363ab3aec14ad844922e","HAS_ARTICLE"
"54f27adf16176364a1f9f2724ad05c729c3d6979","f550cc0808ee547ba4bd4941b1eb4cd55cf66c93","HAS_ARTICLE"
"54f27adf16176364a1f9f2724ad05c729c3d6979","8d49ac4a472f378422a5329ba0fe329f885375e2","HAS_ARTICLE"
"54f27adf16176364a1f9f2724ad05c729c3d6979","381c9afd2c15509492d64b63a60eaaf46099ef82","HAS_ARTICLE"
"54f27adf16176364a1f9f2724ad05c729c3d6979","1fc8d9de93a325c612ae4331440f0dd015edec4f","HAS_ARTICLE"
"54f27adf16176364a1f9f2724ad05c729c3d6979","2da7190d16c3e269751b881d1d3b061f00d94dcc","HAS_ARTICLE"
"54f27adf16176364a1f9f2724ad05c729c3d6979","5fcf79cc97ea1cdadd01ab38ff59cda8b943bd14","HAS_ARTICLE"
"54f27adf16176364a1f9f2724ad05c729c3d6979","f5197c0e5e1c399b72a5aaff52de1375602e159d","HAS_ARTICLE"
"54f27adf16176364a1f9f2724ad05c729c3d6979","0ef60f1cc3080181b1bec48ad06d4853f6a4dd36","HAS_ARTICLE"
"54f27adf16176364a1f9f2724ad05c729c3d6979","c84bdd97f1e185d65e0bdecc61c8c34771e33e48","HAS_ARTICLE"
"00a0c05a24722104b990fcdb0ec4b10882a6fe3a","f47eb07f1a2b72abe43a36f90743807230bba00f","HAS_ARTICLE"
"00a0c05a24722104b990fcdb0ec4b10882a6fe3a","d6e18c3f7acafbecb8541b421095b76e5d3347eb","HAS_ARTICLE"
"00a0c05a24722104b990fcdb0ec4b10882a6fe3a","81c57fd2e66c3b285977ba250ef66a3ff885cef3","HAS_ARTICLE"
"00a0c05a24722104b990fcdb0ec4b10882a6fe3a","251d058a74a4c58f750c3cab52e0b815b7aaa0c4","HAS_ARTICLE"
"00a0c05a24722104b990fcdb0ec4b10882a6fe3a","49b195d98283dffe4f6c7d1c02834613237bdf40","HAS_ARTICLE"
"00a0c05a24722104b990fcdb0ec4b10882a6fe3a","716d049a92ba02e1110fffafcfda21043e98635a","HAS_ARTICLE"
"00a0c05a24722104b990fcdb0ec4b10882a6fe3a","c7810b33acf2197fcacff7b3a72e3cde43ee558d","HAS_ARTICLE"
"00a0c05a24722104b990fcdb0ec4b10882a6fe3a","0f786cbad98f46d7afd34c6e113be2a29107b891","HAS_ARTICLE"
"00a0c05a24722104b990fcdb0ec4b10882a6fe3a","936ae453a92b7d8d3348a895e05f789fd8cdc389","HAS_ARTICLE"
"00a0c05a24722104b990fcdb0ec4b10882a6fe3a","d8d10c4d900e0e26c166acdcfc02a4f5a756a337","HAS_ARTICLE"
"00a0c05a24722104b990fcdb0ec4b10882a6fe3a","e7b8b41dd0a8053b7fcf856dbac3d2e64393dd3e","HAS_ARTICLE"
"85828417e59fc59c3856c91957a2050090ce2969","42fc53a32dad3ffd325c7e9bfc2fdd71b13beb50","HAS_ARTICLE"
"85828417e59fc59c3856c91957a2050090ce2969","6735cf522d3a823a6740c6ef603fe74dd4ba2e0f","HAS_ARTICLE"
"85828417e59fc59c3856c91957a2050090ce2969","77bd73892ce5f99bd2489600b0d59f5ed914a9a9","HAS_ARTICLE"
"85828417e59fc59c3856c91957a2050090ce2969","fde584be669d8d272086894fdbf46c7033d33658","HAS_ARTICLE"
"85828417e59fc59c3856c91957a2050090ce2969","b8022d4ef1bbe6d5389f0af5b2e3455bf36f40c8","HAS_ARTICLE"
"85828417e59fc59c3856c91957a2050090ce2969","fd854f560e18e3cb6554b54be874c837a0f78ab1","HAS_ARTICLE"
"85828417e59fc59c3856c91957a2050090ce2969","970a604b76de83f871b76fc4c7a6efba02d44ee0","HAS_ARTICLE"
"85828417e59fc59c3856c91957a2050090ce2969","46b5c833713a59b23a18672f64eaa98d3d163908","HAS_ARTICLE"
"85828417e59fc59c3856c91957a2050090ce2969","3ac5e0399933486f468f1fafb3957a6f227f519d","HAS_ARTICLE"
"85828417e59fc59c3856c91957a2050090ce2969","08dc39dcbdc26796567b71d3964e54a769089f30","HAS_ARTICLE"
"3abb850fcfe9e4f98c8c59910684bd90bf7d7ede","46b906a61b2f36d66fedd5bfd74c166ada8540c2","HAS_ARTICLE"
"3abb850fcfe9e4f98c8c59910684bd90bf7d7ede","84d31ec0a91ea925e5036fb6a2af887b82feb26e","HAS_ARTICLE"
"3abb850fcfe9e4f98c8c59910684bd90bf7d7ede","a70c008db3987b0cf5d38f8282075a391947a81a","HAS_ARTICLE"
"3abb850fcfe9e4f98c8c59910684bd90bf7d7ede","436cc2a300bdb73be8d32c09cd272ebbb48540be","HAS_ARTICLE"
"3abb850fcfe9e4f98c8c59910684bd90bf7d7ede","c4fafc26b225890c1777c068757aa5b66ca8d19f","HAS_ARTICLE"
"3abb850fcfe9e4f98c8c59910684bd90bf7d7ede","f09eb837d2e12a6db5cd0ce37871f73fae143eb0","HAS_ARTICLE"
"3abb850fcfe9e4f98c8c59910684bd90bf7d7ede","6002280c0a78fb979ad64546d03a8927ef6b0e85","HAS_ARTICLE"
"3abb850fcfe9e4f98c8c59910684bd90bf7d7ede","1be0e274daea301a3578d3dc790b61b7d8ff4ccd","HAS_ARTICLE"
"3abb850fcfe9e4f98c8c59910684bd90bf7d7ede","66e5a702c4fdb6816e14b4e5a4f0499ad6681660","HAS_ARTICLE"
"3abb850fcfe9e4f98c8c59910684bd90bf7d7ede","3166953f47679cfcd5bfbf873b21f49bcbfad1ec","HAS_ARTICLE"
"3abb850fcfe9e4f98c8c59910684bd90bf7d7ede","aff45e477980121290b68bcc7d10b3e57a2c5dfe","HAS_ARTICLE"
"3abb850fcfe9e4f98c8c59910684bd90bf7d7ede","e3bd386e1e564f842b206078dddbf85d64a3f220","HAS_ARTICLE"
"3abb850fcfe9e4f98c8c59910684bd90bf7d7ede","1bee2abf3cf0719a1687fbcd78725f4c309ad53f","HAS_ARTICLE"
"3abb850fcfe9e4f98c8c59910684bd90bf7d7ede","f2395c81b65fe99a0baf1dfa9fb3ef1230cb926b","HAS_ARTICLE"
"3abb850fcfe9e4f98c8c59910684bd90bf7d7ede","0d6eefbd9d35795e3f7e601d9b79fae2416ebe88","HAS_ARTICLE"
"3abb850fcfe9e4f98c8c59910684bd90bf7d7ede","eb0fb6df7df2b5f6a1aa142cdedd0a377f8f18cf","HAS_ARTICLE"
"3abb850fcfe9e4f98c8c59910684bd90bf7d7ede","847a5047db26c29f4d093c96068d80547606a894","HAS_ARTICLE"
"3abb850fcfe9e4f98c8c59910684bd90bf7d7ede","fc75448335aa81c41a45a84748e1ea378a246a6e","HAS_ARTICLE"
"3abb850fcfe9e4f98c8c59910684bd90bf7d7ede","1f77ddfc5d80644278620483201292dfdfc78149","HAS_ARTICLE"
"3abb850fcfe9e4f98c8c59910684bd90bf7d7ede","438d26dd95f41e833095c0546c9bea825f5d714e","HAS_ARTICLE"
"3abb850fcfe9e4f98c8c59910684bd90bf7d7ede","8912ebb711b5ccf79fc6c3f456902c0208f5d32e","HAS_ARTICLE"
"3abb850fcfe9e4f98c8c59910684bd90bf7d7ede","5a94791d3d64e5ec4bf28f31642c4f51bbd3a2b8","HAS_ARTICLE"
"3abb850fcfe9e4f98c8c59910684bd90bf7d7ede","bb2ce44cad68b78be72a2c72fe994792d8165a69","HAS_ARTICLE"
"3abb850fcfe9e4f98c8c59910684bd90bf7d7ede","e319fed3bf61a24f6ea9aa0bc6d55c778fa94614","HAS_ARTICLE"
"3abb850fcfe9e4f98c8c59910684bd90bf7d7ede","dbaad013da65719c285ca1153502cdc2da5c96ea","HAS_ARTICLE"
"3abb850fcfe9e4f98c8c59910684bd90bf7d7ede","521b673de38341bfdae2bd666a72230712ba5904","HAS_ARTICLE"
"3abb850fcfe9e4f98c8c59910684bd90bf7d7ede","bb1c0ba44970080026af545a31560a77a9d9a976","HAS_ARTICLE"
"3abb850fcfe9e4f98c8c59910684bd90bf7d7ede","3b9ece07745c00c74cb38f24e539427c879224df","HAS_ARTICLE"
"3abb850fcfe9e4f98c8c59910684bd90bf7d7ede","24a1fce52fc0c481a040691602982fc3c667169b","HAS_ARTICLE"
"3abb850fcfe9e4f98c8c59910684bd90bf7d7ede","6599d32c1adaa231ee9b275c7dd2491509e6bef3","HAS_ARTICLE"
"d740014d98e69c9d0880f0429886e30fc9b924d1","577286d0a61479375c511736e55d22399ed35b6c","HAS_ARTICLE"
"d740014d98e69c9d0880f0429886e30fc9b924d1","cd6902961e37eb8802b6adc486382691a1bf429d","HAS_ARTICLE"
"d740014d98e69c9d0880f0429886e30fc9b924d1","71583141a10c1ae8721e1aed7f5236691289b23f","HAS_ARTICLE"
"d740014d98e69c9d0880f0429886e30fc9b924d1","8a764da8bdd880981e573ea8c4938bfadb482c34","HAS_ARTICLE"
"d740014d98e69c9d0880f0429886e30fc9b924d1","83284f096934c28886a5ca9cad86cb4754b951b3","HAS_ARTICLE"
"d740014d98e69c9d0880f0429886e30fc9b924d1","02223359bcf3585d13c1982555be8c492a0e3b0d","HAS_ARTICLE"
"d740014d98e69c9d0880f0429886e30fc9b924d1","a9395f8d398d204082ab49a57d551625804786fe","HAS_ARTICLE"
"d740014d98e69c9d0880f0429886e30fc9b924d1","7c5d838b746ae28e1d770e8c9636e1a9e3e9d344","HAS_ARTICLE"
"d740014d98e69c9d0880f0429886e30fc9b924d1","dd6cad72ce7b4ac965fcaf9f458e278001b95c89","HAS_ARTICLE"
"d740014d98e69c9d0880f0429886e30fc9b924d1","24bf02bdab5da7234aeb44d71e362a1fc7a7a06f","HAS_ARTICLE"
"d740014d98e69c9d0880f0429886e30fc9b924d1","0ac29d55e1383e6f62734545c6ece3bac4bafd07","HAS_ARTICLE"
"c41266cad61186bb14e3958e87e03ec15e7d68f0","64ee651022c14082b9e2ad5c93c83ac023be8848","HAS_ARTICLE"
"c41266cad61186bb14e3958e87e03ec15e7d68f0","186e6150388e91926f543d7383cfe44f3881feb0","HAS_ARTICLE"
"7b1f07b00659ed2f7db0dd55344cb56698e2976d","99d4fdf7694bb21c8d9cfc0f245f5f3fbaabbb0c","HAS_ARTICLE"
"7b1f07b00659ed2f7db0dd55344cb56698e2976d","894db0942ef7bc56dad927a5358bda57cd5f17ee","HAS_ARTICLE"
"7b1f07b00659ed2f7db0dd55344cb56698e2976d","45bb444500005ff640be4832ddeafb52ce619d1b","HAS_ARTICLE"
"7b1f07b00659ed2f7db0dd55344cb56698e2976d","8d36e2b3acc088314ee4c941f2185cee03e033ac","HAS_ARTICLE"
"7b1f07b00659ed2f7db0dd55344cb56698e2976d","2b241f2e1451bd2171ce1e8035b6f03752899df1","HAS_ARTICLE"
"7b1f07b00659ed2f7db0dd55344cb56698e2976d","1161f5df7ea832a1058ff2a2046495648d2ebf92","HAS_ARTICLE"
"7b1f07b00659ed2f7db0dd55344cb56698e2976d","1e2fbb8765db1a0d4b97f205ca0e3d313a33b3a4","HAS_ARTICLE"
"de399541530c56b120daf8e97a1083ccf485f77a","fd8727ca0aafdacad11185bd7874cf2e985dbb5a","HAS_ARTICLE"
"de399541530c56b120daf8e97a1083ccf485f77a","681b92fa2f98e5ae75f0a032cdb18e4b6546314b","HAS_ARTICLE"
"de399541530c56b120daf8e97a1083ccf485f77a","c58d1962bd55c08d75a51f4213ef59b7aaef56e1","HAS_ARTICLE"
"de399541530c56b120daf8e97a1083ccf485f77a","1cb70f9965f6bb660b89ee67fc9cafff124b8f82","HAS_ARTICLE"
"de399541530c56b120daf8e97a1083ccf485f77a","f8bd6a413e6db4964534602a3a23cfede0b9e104","HAS_ARTICLE"
"de399541530c56b120daf8e97a1083ccf485f77a","012377d151367208aacc31ac6244dc477afc9371","HAS_ARTICLE"
"de399541530c56b120daf8e97a1083ccf485f77a","3d50c30d889cea586e06cf1f47b7471649a69fb1","HAS_ARTICLE"
"de399541530c56b120daf8e97a1083ccf485f77a","042a0135cd05e6f0cba34dfb07cb183cb221d433","HAS_ARTICLE"
"de399541530c56b120daf8e97a1083ccf485f77a","34562a69c8494cea9d324388a0ebc5e4d2aed265","HAS_ARTICLE"
"de399541530c56b120daf8e97a1083ccf485f77a","8e564784cc5001963dd1d24b517b41fc8068e602","HAS_ARTICLE"
"de399541530c56b120daf8e97a1083ccf485f77a","17d257c421ef2664a23f3065667ada99d70c9fee","HAS_ARTICLE"
"de399541530c56b120daf8e97a1083ccf485f77a","cc99066a20935cadfc9722a58cd931187c0ed61b","HAS_ARTICLE"
"de399541530c56b120daf8e97a1083ccf485f77a","418a1a1721c2bfa7d5cad44a440d779d06695708","HAS_ARTICLE"
"de399541530c56b120daf8e97a1083ccf485f77a","321ad3166b30fb08776e9560cb193ff04e0df29b","HAS_ARTICLE"
"de399541530c56b120daf8e97a1083ccf485f77a","7b1d435e1b41c543d9d299bf7302cd2ee7d8d295","HAS_ARTICLE"
"bd8f8ed0bf4a9030476868be9bac9d3364304316","c228a5fbbd7770f30b2c0295b3a616ced71ad466","HAS_ARTICLE"
"bd8f8ed0bf4a9030476868be9bac9d3364304316","5f054ff0599644015098f8a6bd338aeffe2994c2","HAS_ARTICLE"
"bd8f8ed0bf4a9030476868be9bac9d3364304316","431d849c7b7fa2f88164df5d88c81790ee3ce11e","HAS_ARTICLE"
"bd8f8ed0bf4a9030476868be9bac9d3364304316","2b5babae49f511a0655d1d8a0ada96e39b49421f","HAS_ARTICLE"
"bd8f8ed0bf4a9030476868be9bac9d3364304316","9fb440f0142715dc09e970451c24f4458db96e9b","HAS_ARTICLE"
"bd8f8ed0bf4a9030476868be9bac9d3364304316","804b261c1e4ed1b19343a8fa36379ca87bcc5db7","HAS_ARTICLE"
"bd8f8ed0bf4a9030476868be9bac9d3364304316","59fbbec80ed7ee67b1094036ec811be76183eff8","HAS_ARTICLE"
"bd8f8ed0bf4a9030476868be9bac9d3364304316","f11891f36a8680621d3ffc9de93f6d481aaddca9","HAS_ARTICLE"
"bd8f8ed0bf4a9030476868be9bac9d3364304316","7f14227252c6dd98c7de052900409c0d6e72b871","HAS_ARTICLE"
"bd8f8ed0bf4a9030476868be9bac9d3364304316","76f3564f2ccc4dc308ab26bb7519bd5877927dfe","HAS_ARTICLE"
"bd8f8ed0bf4a9030476868be9bac9d3364304316","8a0202746f6e1bb69641e4a25c48bab98519093d","HAS_ARTICLE"
"558e89f593d6c6e281b452f0250ddf4e6502b989","8786e5098260a8dc3304fdb4fd87d4a6fd83fa7d","HAS_ARTICLE"
"558e89f593d6c6e281b452f0250ddf4e6502b989","111bc26de603903b8ebd017c7ebb93d4dde9f4c5","HAS_ARTICLE"
"558e89f593d6c6e281b452f0250ddf4e6502b989","ca397877bd5b000e6a989e3ed951c05553303304","HAS_ARTICLE"
"558e89f593d6c6e281b452f0250ddf4e6502b989","7655c9b54e8a90e81a507407d289713e3f64045c","HAS_ARTICLE"
"6eb6bd482693f7b6e63183e8f3eefb7bf58df1d7","1deb2868d9d2ffb608353791dc0afd315b73f6bb","HAS_ARTICLE"
"6eb6bd482693f7b6e63183e8f3eefb7bf58df1d7","d2e49c1ead1fcc726da7fe9fd06f11a01c8e9702","HAS_ARTICLE"
"6eb6bd482693f7b6e63183e8f3eefb7bf58df1d7","962968b05b474b5cff6c0a0dbf29e04f8e0ed7e7","HAS_ARTICLE"
"6eb6bd482693f7b6e63183e8f3eefb7bf58df1d7","c5f7f82b578357ea0f2d51aed8228442ff71b984","HAS_ARTICLE"
"6eb6bd482693f7b6e63183e8f3eefb7bf58df1d7","a970451dfb4da73385c8a7107348199317012bc4","HAS_ARTICLE"
"4b807341552b31f6186b71a4a442193f934e3d16","55b9af7e80aeee548f9af4bab502cca7d7647b1e","HAS_ARTICLE"
"4b807341552b31f6186b71a4a442193f934e3d16","e3f0d23f1652fdffbfafa8d2139d66693b95b4e0","HAS_ARTICLE"
"4b807341552b31f6186b71a4a442193f934e3d16","a01dd3331d442d8b8a9633b079f3014aea285b1c","HAS_ARTICLE"
"4b807341552b31f6186b71a4a442193f934e3d16","f6a1cccf3c9369c7f33e851a00dd67bd314947cb","HAS_ARTICLE"
"4b807341552b31f6186b71a4a442193f934e3d16","d74de011b7d4f95e5ef272b8d8cbb7da575f31e2","HAS_ARTICLE"
"4b807341552b31f6186b71a4a442193f934e3d16","6a433b746abb26a5515d2f8727adc1311c53d444","HAS_ARTICLE"
"4b807341552b31f6186b71a4a442193f934e3d16","00e9044fc9bdb3d68966de49172d39c14ceec34a","HAS_ARTICLE"
"4b807341552b31f6186b71a4a442193f934e3d16","43d8d022ce3d386a91574488247af2d5451db52e","HAS_ARTICLE"
"4b807341552b31f6186b71a4a442193f934e3d16","86bdb0fd9d426f71c5d32fb712790b04a0345657","HAS_ARTICLE"
"4b807341552b31f6186b71a4a442193f934e3d16","0fc746c875660b8085159dd8126463e84d063af1","HAS_ARTICLE"
"4b807341552b31f6186b71a4a442193f934e3d16","64943ef9a417f255d5f1a7b72d3f142c203cd64a","HAS_ARTICLE"
"4b807341552b31f6186b71a4a442193f934e3d16","cc00da0630429a233d2603e314646e156bd493d2","HAS_ARTICLE"
"4b807341552b31f6186b71a4a442193f934e3d16","a6062a4306f4af0f59beda1574ea51e5feb9b5e8","HAS_ARTICLE"
"4b807341552b31f6186b71a4a442193f934e3d16","18c8cc849ab2fd73d4699bbb604d4d18e505a5d3","HAS_ARTICLE"
"4b807341552b31f6186b71a4a442193f934e3d16","0ea5a9d63873f965c2628f65dc9cd38dac192c0b","HAS_ARTICLE"
"4b807341552b31f6186b71a4a442193f934e3d16","7174ac2be945841c5554732f157070dac08b9619","HAS_ARTICLE"
"4b807341552b31f6186b71a4a442193f934e3d16","c0ad999ecb04d823b960fb3a3f0e78f8d8e41be4","HAS_ARTICLE"
"4b807341552b31f6186b71a4a442193f934e3d16","9ab8db658375a1c77ea2be3e0e4e9c9d4734da4e","HAS_ARTICLE"
"4b807341552b31f6186b71a4a442193f934e3d16","04c60933250f9d59d13588a9a79d2a54898821fd","HAS_ARTICLE"
"4b807341552b31f6186b71a4a442193f934e3d16","d4fec31f408de0436ed83dbe96c467396c9643a0","HAS_ARTICLE"
"4b807341552b31f6186b71a4a442193f934e3d16","f311c63e2fcaadef13fa7e95c9b170529dbecacd","HAS_ARTICLE"
"4b807341552b31f6186b71a4a442193f934e3d16","14fac42e688f3580f80ce64ada22b74623b2558b","HAS_ARTICLE"
"4b807341552b31f6186b71a4a442193f934e3d16","15c942446a3010c1a59466edff638cfa9830b8bb","HAS_ARTICLE"
"4b807341552b31f6186b71a4a442193f934e3d16","5f76b2d316bbd16efd909d4d15c3c580d857ca46","HAS_ARTICLE"
"859b5dba55a88dcb73f19dfd5bd755fa962f3990","e7aab432fe280eac1db60a3972fe346605b792fa","HAS_ARTICLE"
"859b5dba55a88dcb73f19dfd5bd755fa962f3990","f79926b4cf81a88abbd5d825955b0a61dfa0fefa","HAS_ARTICLE"
"859b5dba55a88dcb73f19dfd5bd755fa962f3990","328ef851627a601bbfc6dacb4d743971c5d86848","HAS_ARTICLE"
"859b5dba55a88dcb73f19dfd5bd755fa962f3990","8a3e23bb2ef8fe7ede19f0c36cd1fddcb3c04d55","HAS_ARTICLE"
"583c3efb7050758dc16f137d03938ad44a409db4","a320d9061a7a005ef7540954a2024b66c5001053","HAS_ARTICLE"
"583c3efb7050758dc16f137d03938ad44a409db4","fc5429436e027f19de152edd90066d939b547f35","HAS_ARTICLE"
"583c3efb7050758dc16f137d03938ad44a409db4","a1faae09ef09336ec34d71374ff6b3c97cefb583","HAS_ARTICLE"
"583c3efb7050758dc16f137d03938ad44a409db4","a7ce9416e7d48a33717e8fb12900a30d11da3711","HAS_ARTICLE"
"583c3efb7050758dc16f137d03938ad44a409db4","0e488de95dbe2a43d691bd5401d67d604d5b076f","HAS_ARTICLE"
"50d9e3cf342d70259e0eae427c39b5e816708095","8dc6b2d727bdb6f2f60752b8c1963dc085efb1dd","HAS_ARTICLE"
"50d9e3cf342d70259e0eae427c39b5e816708095","43eb7c87ed907a337c412bf9dbe6a86dfc11baf6","HAS_ARTICLE"
"50d9e3cf342d70259e0eae427c39b5e816708095","c8b255aa42daa07611ad92dd3bbb4aa5ca4c94db","HAS_ARTICLE"
"50d9e3cf342d70259e0eae427c39b5e816708095","3036262bb88ef718a622e78131b60c5d8943fb4f","HAS_ARTICLE"
"50d9e3cf342d70259e0eae427c39b5e816708095","6d4cf4f694a9be3c0fbf850d03c28bcd44447943","HAS_ARTICLE"
"50d9e3cf342d70259e0eae427c39b5e816708095","7e6fd7fdc7e0ab778a6ac87059b5242e3e01cd3d","HAS_ARTICLE"
"50d9e3cf342d70259e0eae427c39b5e816708095","70e7d3f37e3bc2c2572ea1ca611caa7b73738937","HAS_ARTICLE"
"50d9e3cf342d70259e0eae427c39b5e816708095","d6586d78eab6a79640c385359254b13ae252b007","HAS_ARTICLE"
"50d9e3cf342d70259e0eae427c39b5e816708095","8d70342a3480fa6bed5d463a0d756252d60f671f","HAS_ARTICLE"
"50d9e3cf342d70259e0eae427c39b5e816708095","acfd91b6f9715dad6613814f4a7ec6efcd85f128","HAS_ARTICLE"
"7ce63c619a5d61fa682f3f67003fdf3e593ba379","25a08e39c4d85a2b14686107f993747524a647a2","HAS_ARTICLE"
"7ce63c619a5d61fa682f3f67003fdf3e593ba379","e6beee46e0725c7b10e8da9c09703f8e12f388c9","HAS_ARTICLE"
"7ce63c619a5d61fa682f3f67003fdf3e593ba379","d6ef4aa58f9c93907cf1ba5efab454a69f49b3b7","HAS_ARTICLE"
"bc4b549a6ed7b837a1dba5eb5e0f46a3059f761e","2922aab1ec29b898825e235689f2a5bf7a8dea7d","HAS_ARTICLE"
"bc4b549a6ed7b837a1dba5eb5e0f46a3059f761e","6bcf92cb85b562da7d5ed45142edb1d0ee5ea0ba","HAS_ARTICLE"
"bc4b549a6ed7b837a1dba5eb5e0f46a3059f761e","81113036cdac23453b53f1b01ed8ea486623a385","HAS_ARTICLE"
"d86bd3240298c1d69fbbbfa02847301146fb05dc","2f35c3e09a3809ab74b7e8ca9552ea791be0cb61","HAS_ARTICLE"
"d86bd3240298c1d69fbbbfa02847301146fb05dc","4cb7787c32b0955c42440d8953938f7afbdf3add","HAS_ARTICLE"
"d86bd3240298c1d69fbbbfa02847301146fb05dc","22db1213eec3dd1326b664fd34384df3c60cdd33","HAS_ARTICLE"
"d86bd3240298c1d69fbbbfa02847301146fb05dc","1a9b37560340ca845a213e8db5a9141667270cba","HAS_ARTICLE"
"d86bd3240298c1d69fbbbfa02847301146fb05dc","9fc69366251ad274036f674ba099dedb743a2bd8","HAS_ARTICLE"
"d86bd3240298c1d69fbbbfa02847301146fb05dc","453f6e9b494d42571e0ab5507a478247bd7213d3","HAS_ARTICLE"
"2d123bc58298759564b625365485d7434bf9cca7","c76bf125ab0fc6f9a15b2f86cf6e3bfd02bac414","HAS_ARTICLE"
"2d123bc58298759564b625365485d7434bf9cca7","fe17920eb6e140df8365219282c8dce9ff9caf80","HAS_ARTICLE"
"2d123bc58298759564b625365485d7434bf9cca7","d853a15427affdcd06dd1280c1b895f953dea339","HAS_ARTICLE"
"2d123bc58298759564b625365485d7434bf9cca7","794d51a5af3fa9a422cf0748ceda7db4a14d6381","HAS_ARTICLE"
"598806bd3f85ceaafc8886221b7fa2911d19973b","9fe100e7a9b2032b85a93a459d115676725da2a7","HAS_ARTICLE"
"598806bd3f85ceaafc8886221b7fa2911d19973b","5a0689f940451c319ea00edafbe148b5329bfc02","HAS_ARTICLE"
"598806bd3f85ceaafc8886221b7fa2911d19973b","2a1be798f2a415ec986eb898dcf24a4bfe0b97c1","HAS_ARTICLE"
"598806bd3f85ceaafc8886221b7fa2911d19973b","5d73299aee8839c99679357c5451ed019cbf3735","HAS_ARTICLE"
"598806bd3f85ceaafc8886221b7fa2911d19973b","61528e16a546cd721cced24fedef4e0dbfb32437","HAS_ARTICLE"
"598806bd3f85ceaafc8886221b7fa2911d19973b","16e081420eb12c6c4e3b0d4a99d496961260da7d","HAS_ARTICLE"
"598806bd3f85ceaafc8886221b7fa2911d19973b","33c60d8069af6274a116f0fa2f2db6ab4be85d71","HAS_ARTICLE"
"598806bd3f85ceaafc8886221b7fa2911d19973b","37b6e2b06c5de83c5708fab9bb4ecfc24e388ac3","HAS_ARTICLE"
"1e129027f9398140757b0b611a13798fad62c4a2","61a611a96d19ad2994819cc54ee813c239be4fcf","HAS_ARTICLE"
"1e129027f9398140757b0b611a13798fad62c4a2","ac2e05421251965dcf4e482ba25dd1896b8df413","HAS_ARTICLE"
"1e129027f9398140757b0b611a13798fad62c4a2","1dd8b4d7318cac6611e8cf0247d0deb39276b8b5","HAS_ARTICLE"
"ccc908e20bcf3ff1de1294aa8d13d0f4e12f409b","c3a6e6d0847fffecf1f5f2bcc34de0ff3b2f5156","HAS_ARTICLE"
"ccc908e20bcf3ff1de1294aa8d13d0f4e12f409b","3cb26c1de198c2eb5fbc316442d0dd97b8e7def6","HAS_ARTICLE"
"ccc908e20bcf3ff1de1294aa8d13d0f4e12f409b","6bc72415c5c9adc9f2029fcc1d0bb6019722cd4c","HAS_ARTICLE"
"ccc908e20bcf3ff1de1294aa8d13d0f4e12f409b","6b831eabbdeac1d63bcd2d4e898e8ff19dd3c838","HAS_ARTICLE"
"ccc908e20bcf3ff1de1294aa8d13d0f4e12f409b","2334a3c135e8d036ea22489b2a80670348cb3111","HAS_ARTICLE"
"ccc908e20bcf3ff1de1294aa8d13d0f4e12f409b","72f69ca2a7baae251f1c30c7481eaf28d0a97090","HAS_ARTICLE"
"ccc908e20bcf3ff1de1294aa8d13d0f4e12f409b","8f249b84ae5cfa369311eaf0333ae0b7cc5f95b2","HAS_ARTICLE"
"ccc908e20bcf3ff1de1294aa8d13d0f4e12f409b","4ca07b328622d63c8a52c1fed0a88c326658c894","HAS_ARTICLE"
"ccc908e20bcf3ff1de1294aa8d13d0f4e12f409b","827c451143117f2b200e5c52f8b4bc2c8a3f7503","HAS_ARTICLE"
"ccc908e20bcf3ff1de1294aa8d13d0f4e12f409b","06d80dfac9232afd131a9c5b8392d885f3032cd0","HAS_ARTICLE"
"ccc908e20bcf3ff1de1294aa8d13d0f4e12f409b","ab95df990035fb2e0d5c1fb0246ad6b41cfc65dd","HAS_ARTICLE"
"ccc908e20bcf3ff1de1294aa8d13d0f4e12f409b","61462c3dda9b8158652079504ffd1b349379f2ac","HAS_ARTICLE"
"ccc908e20bcf3ff1de1294aa8d13d0f4e12f409b","7f753a84dfe370d6ae2c56ec5b022497977f34fd","HAS_ARTICLE"
"ccc908e20bcf3ff1de1294aa8d13d0f4e12f409b","f34a793b9f075268a5f80b296906a546a74dedf0","HAS_ARTICLE"
"ccc908e20bcf3ff1de1294aa8d13d0f4e12f409b","f72b78198c482279419c6a1c6085cb7e7029f2f1","HAS_ARTICLE"
"ccc908e20bcf3ff1de1294aa8d13d0f4e12f409b","ba12140aab6fec12aef588fcad30ab688d8f6e1c","HAS_ARTICLE"
"f4acfad3e488377570f690c4bfdae8ac461d7113","f383c26ce68660b3ff4ea235226f484ac8eda9e8","HAS_ARTICLE"
"f4acfad3e488377570f690c4bfdae8ac461d7113","fed50d6e3b42701567680c0ba1cf66af14f2fe5e","HAS_ARTICLE"
"f4acfad3e488377570f690c4bfdae8ac461d7113","1fe765e3bb3c8d11224aa4c3ca63d526e85a3e0f","HAS_ARTICLE"
"f4acfad3e488377570f690c4bfdae8ac461d7113","20555c7a16c145514f46d37e9d9bdd7e68edc6f0","HAS_ARTICLE"
"f4acfad3e488377570f690c4bfdae8ac461d7113","74be215fa50870feb13e4c9eb667f116c495169e","HAS_ARTICLE"
"f4acfad3e488377570f690c4bfdae8ac461d7113","4475062b5a5bdb33ce5b2819cbd7f149dd12ca28","HAS_ARTICLE"
"79f815bd3617a3e17e001e13ec08d82c84ed7646","9433cc1042cdbcd504266f1d6eae81d190405e30","HAS_ARTICLE"
"79f815bd3617a3e17e001e13ec08d82c84ed7646","46a6244c7017e9ce3b0beeacecdec76407c3f3fe","HAS_ARTICLE"
"79f815bd3617a3e17e001e13ec08d82c84ed7646","65c7876b067d094120d65e538509ca324e783b41","HAS_ARTICLE"
"79f815bd3617a3e17e001e13ec08d82c84ed7646","de0dc8a4c5568b00778c615b6ef653b2017dae61","HAS_ARTICLE"
"79f815bd3617a3e17e001e13ec08d82c84ed7646","9f01f2c771b312cdfe17f50ba4f7e6e38628d30d","HAS_ARTICLE"
"f771e8722ae5475d6b3475a4aed5088d0d7f3774","76c97382511a1612b48eb1307116a320070a2151","HAS_ARTICLE"
"f771e8722ae5475d6b3475a4aed5088d0d7f3774","9e27deb2d2a701c97ccbef3caa716b8d99edfe23","HAS_ARTICLE"
"f771e8722ae5475d6b3475a4aed5088d0d7f3774","74f1e675bb92c3c7387eb1e232844be1a60f23b8","HAS_ARTICLE"
"f771e8722ae5475d6b3475a4aed5088d0d7f3774","cd0ffdc806d9f0a9e589c421181993be9f3aee91","HAS_ARTICLE"
"f771e8722ae5475d6b3475a4aed5088d0d7f3774","e47c3202251cdc1a0a56f474c861a6c7f3433a52","HAS_ARTICLE"
"f771e8722ae5475d6b3475a4aed5088d0d7f3774","2f34373d970db3668580039f6d0f68a53253b216","HAS_ARTICLE"
"f771e8722ae5475d6b3475a4aed5088d0d7f3774","0e1692626e7073f5b273caced87542d63c719e4d","HAS_ARTICLE"
"f771e8722ae5475d6b3475a4aed5088d0d7f3774","5595f837211c045222e4cf0d8870932f7ab3dba9","HAS_ARTICLE"
"f771e8722ae5475d6b3475a4aed5088d0d7f3774","c48d82eb2a8bd48b188a95b86b4fa49d0ec8919e","HAS_ARTICLE"
"f771e8722ae5475d6b3475a4aed5088d0d7f3774","9548c68d549736fbedaa3fdfe3ce23b0b0b79a47","HAS_ARTICLE"
"f771e8722ae5475d6b3475a4aed5088d0d7f3774","db6a37924177f94251966d23e89ffc71d5ea84c4","HAS_ARTICLE"
"f771e8722ae5475d6b3475a4aed5088d0d7f3774","40524191350c298427e4af1191830654ec4dfd53","HAS_ARTICLE"
"f771e8722ae5475d6b3475a4aed5088d0d7f3774","55063bf9c9e0b1a571aca67317fcfe0526803349","HAS_ARTICLE"
"a5ed3d0a28625a389efb951b0484b0585b28e507","ee100d2c6f27b55c6c4e107babe166aa565081d9","HAS_ARTICLE"
"a5ed3d0a28625a389efb951b0484b0585b28e507","9fa099a3642b0a4ca6399930362aa871a04d1284","HAS_ARTICLE"
"a5ed3d0a28625a389efb951b0484b0585b28e507","1822429723232e113633f05495d1926045ff377b","HAS_ARTICLE"
"a5ed3d0a28625a389efb951b0484b0585b28e507","aa4a774e3eb7f2d9bb32e5d72878a4c062d89303","HAS_ARTICLE"
"a5ed3d0a28625a389efb951b0484b0585b28e507","18e9e06b02c5fb45e4fd76fc317d6d8e92779219","HAS_ARTICLE"
"a5ed3d0a28625a389efb951b0484b0585b28e507","9d4260e84cb781a21402a8a658f636983e568c73","HAS_ARTICLE"
"a5ed3d0a28625a389efb951b0484b0585b28e507","0e0c8b56a64ea3ca462fce09820369bff6a83bf4","HAS_ARTICLE"
"a5ed3d0a28625a389efb951b0484b0585b28e507","e78e8542d940bac2afc2015ebcf1ac84c0f18500","HAS_ARTICLE"
"a5ed3d0a28625a389efb951b0484b0585b28e507","30bae828e0367f8310fab9618e1f9d86c1113a34","HAS_ARTICLE"
"a5ed3d0a28625a389efb951b0484b0585b28e507","e9309743afd2d660b88100b19f96d2158fedd1db","HAS_ARTICLE"
"a5ed3d0a28625a389efb951b0484b0585b28e507","d2795a8afd3d4993c8e0145aff36004c3dfd5bdb","HAS_ARTICLE"
"a5ed3d0a28625a389efb951b0484b0585b28e507","d7c18c7c34dd976ed8e98964d5111fd499c55193","HAS_ARTICLE"
"a5ed3d0a28625a389efb951b0484b0585b28e507","34f4dfa8242bc2d67147a8a118de68ac8cb6db2f","HAS_ARTICLE"
"cfc3425489b3ef3ca9bd130cbd26f942306a4192","3e35312b143afc3dc18491b4645f5ddd6bf56640","HAS_ARTICLE"
"cfc3425489b3ef3ca9bd130cbd26f942306a4192","5c2c214d6b4e76879e52d14ed7844eec8c3436f7","HAS_ARTICLE"
"cfc3425489b3ef3ca9bd130cbd26f942306a4192","ab1fe208d00414ae53599506ceaf03aae3a2b117","HAS_ARTICLE"
"ddcd20ad3a53242c39567113a57331ae5aa3b131","b41e19d5517bbecd6dcbd4d13a867f3579d71308","HAS_ARTICLE"
"ddcd20ad3a53242c39567113a57331ae5aa3b131","ba542c92b0cccb04e4862d9ab7b2cd358fbfcb7a","HAS_ARTICLE"
"ddcd20ad3a53242c39567113a57331ae5aa3b131","b694de298fe093849063f8fda5ee82755a2ffd84","HAS_ARTICLE"
"ddcd20ad3a53242c39567113a57331ae5aa3b131","a0902bc65bdd4622caa089666586dfb915c9d8da","HAS_ARTICLE"
"ddcd20ad3a53242c39567113a57331ae5aa3b131","a4e75824f07ecee468ac579600f45532827c976a","HAS_ARTICLE"
"ddcd20ad3a53242c39567113a57331ae5aa3b131","8109e78c556e5fa00aa44c04c6439fbe132f0cfe","HAS_ARTICLE"
"ddcd20ad3a53242c39567113a57331ae5aa3b131","9c41f9957456543cde32df1bdd4d2c13729fa3e9","HAS_ARTICLE"
"ddcd20ad3a53242c39567113a57331ae5aa3b131","375c366e3a804f26898b652de8afd1751b2e1ee4","HAS_ARTICLE"
"ddcd20ad3a53242c39567113a57331ae5aa3b131","a06541ead4ae24abe3cb1a021be4fe34d14f588d","HAS_ARTICLE"
"ddcd20ad3a53242c39567113a57331ae5aa3b131","d1b1db1ea998930ca536559eb0b02b7d70d5a1c0","HAS_ARTICLE"
"931f831b78d37a81649d0742d8737c8819d58b3b","2c1bf02725d4151bb27817263e27702a4d3b762a","HAS_ARTICLE"
"931f831b78d37a81649d0742d8737c8819d58b3b","98b21c98eeefd69e5b5aff4247a832d529da5b7c","HAS_ARTICLE"
"931f831b78d37a81649d0742d8737c8819d58b3b","1340b90bd20e8ac3c70c74ea079c828d7ebb1027","HAS_ARTICLE"
"931f831b78d37a81649d0742d8737c8819d58b3b","e1842f58406e2db056e16cb342126941620461ee","HAS_ARTICLE"
"931f831b78d37a81649d0742d8737c8819d58b3b","f3908364bea29d9ceab81c5704aa43cd619e3363","HAS_ARTICLE"
"931f831b78d37a81649d0742d8737c8819d58b3b","18a65b7555d4047783179e19eea572463fba5e29","HAS_ARTICLE"
"931f831b78d37a81649d0742d8737c8819d58b3b","5762afc327be8ccdaf013113872d9a9c4a0976fd","HAS_ARTICLE"
"931f831b78d37a81649d0742d8737c8819d58b3b","94d5654ee4393291be86504d25706aa2a5006032","HAS_ARTICLE"
"931f831b78d37a81649d0742d8737c8819d58b3b","8c860549fb2cca66c9b41616171e927258fa4a86","HAS_ARTICLE"
"931f831b78d37a81649d0742d8737c8819d58b3b","e37e808aece2f59ff695910ee1007190f918d4b5","HAS_ARTICLE"
"43f7e5062178d670c175c988cb5ee9b1fd16752e","76349be4d8d4e8e988b96be5f13be4c99f39ab40","HAS_ARTICLE"
"43f7e5062178d670c175c988cb5ee9b1fd16752e","94d2197b8888f14e5d7a38b9aee0a005aeb5486e","HAS_ARTICLE"
"43f7e5062178d670c175c988cb5ee9b1fd16752e","863793f63d3576e84fe45c8ac7b496e7f8d7768c","HAS_ARTICLE"
"43f7e5062178d670c175c988cb5ee9b1fd16752e","8dba8191bbaafe387aeb002fd2673a42a4f31922","HAS_ARTICLE"
"43f7e5062178d670c175c988cb5ee9b1fd16752e","158e45224ce6ae5c06b0e37f55175a6e3aac2e3b","HAS_ARTICLE"
"43f7e5062178d670c175c988cb5ee9b1fd16752e","4f12f5b42e7e0e98303c3c91cb5b508ecc750012","HAS_ARTICLE"
"43f7e5062178d670c175c988cb5ee9b1fd16752e","74b4f18b9af185ca7056e3147a66f0eef00d3363","HAS_ARTICLE"
"43f7e5062178d670c175c988cb5ee9b1fd16752e","0b28f4c2ee0a41058b8c56204133e684eeb35a5c","HAS_ARTICLE"
"43f7e5062178d670c175c988cb5ee9b1fd16752e","beb8e17c131d739fd1c4d1b6250a18844539d011","HAS_ARTICLE"
"43f7e5062178d670c175c988cb5ee9b1fd16752e","e0213f54e572845f5dd378687bff3606a981dd42","HAS_ARTICLE"
"43f7e5062178d670c175c988cb5ee9b1fd16752e","eda5ac89043246ef33e14d13426b7a691d661c47","HAS_ARTICLE"
"43f7e5062178d670c175c988cb5ee9b1fd16752e","66ab293985520b85ff68b79a32f57c68817e3298","HAS_ARTICLE"
"43f7e5062178d670c175c988cb5ee9b1fd16752e","37df2985ab779b0b47745a4e734ef18d4e6aa050","HAS_ARTICLE"
"96003e7bb44e01c7ea7a09c331f7a9822472349a","72edcae1adec2110cd1a34d678b27af4fd283198","HAS_ARTICLE"
"96003e7bb44e01c7ea7a09c331f7a9822472349a","0e034fd2819df4fa05402a484d3fea7c3561b464","HAS_ARTICLE"
"96003e7bb44e01c7ea7a09c331f7a9822472349a","38707676f4172de7fb29e21665ffb0190987b1f2","HAS_ARTICLE"
"96003e7bb44e01c7ea7a09c331f7a9822472349a","48454e4ef5f8303f5878642508ecc52de7e9b226","HAS_ARTICLE"
"96003e7bb44e01c7ea7a09c331f7a9822472349a","b5b096fa6cea213fba9b9ddbd099ca84463ccb65","HAS_ARTICLE"
"96003e7bb44e01c7ea7a09c331f7a9822472349a","c97f9334f45d4d1b202bf7cdcb811f943003351f","HAS_ARTICLE"
"96003e7bb44e01c7ea7a09c331f7a9822472349a","301b56e98392229fd1b628357935362f42a5007d","HAS_ARTICLE"
"96003e7bb44e01c7ea7a09c331f7a9822472349a","f27f08ee550a0ca7fd645544ab580d78f5f26a10","HAS_ARTICLE"
"96003e7bb44e01c7ea7a09c331f7a9822472349a","54bfa46029b5a2feb10896e01ad306ec9fd4abbd","HAS_ARTICLE"
"96003e7bb44e01c7ea7a09c331f7a9822472349a","f8de801799e208f01dabbcf1459b095bce4d337c","HAS_ARTICLE"
"96003e7bb44e01c7ea7a09c331f7a9822472349a","b6dd60be87d2436a47ff183072b0f8bc029e59ed","HAS_ARTICLE"
"96003e7bb44e01c7ea7a09c331f7a9822472349a","f402ec5cb44a49d033e1e55f459d48aef3c065d3","HAS_ARTICLE"
"96003e7bb44e01c7ea7a09c331f7a9822472349a","700e1f0a80b4c5385c5ec52f34c68cc82c4d2781","HAS_ARTICLE"
"96003e7bb44e01c7ea7a09c331f7a9822472349a","9a063f617c8436bd0c2252d8ea79534d77ceac9a","HAS_ARTICLE"
"96003e7bb44e01c7ea7a09c331f7a9822472349a","596e779f89ad46df4cf416057fc5a518790a94e0","HAS_ARTICLE"
"96003e7bb44e01c7ea7a09c331f7a9822472349a","d111872b1a4023d5ab26eb2f649f0fd3b1b176be","HAS_ARTICLE"
"96003e7bb44e01c7ea7a09c331f7a9822472349a","6623d60e7fba30a999575fc1b10285374fd61172","HAS_ARTICLE"
"96003e7bb44e01c7ea7a09c331f7a9822472349a","625b021c72b5383dd7b62761f2c175d800d8d18c","HAS_ARTICLE"
"96003e7bb44e01c7ea7a09c331f7a9822472349a","d6261b6670f632808d2fbff8fc84e6cb571eac37","HAS_ARTICLE"
"96003e7bb44e01c7ea7a09c331f7a9822472349a","a600e07a5188d16b598b111de3dba97190cd5692","HAS_ARTICLE"
"96003e7bb44e01c7ea7a09c331f7a9822472349a","f5b49306f2d3a8ec1ddb81e4c338f95fc71ce669","HAS_ARTICLE"
"96003e7bb44e01c7ea7a09c331f7a9822472349a","7c5d32204cb9467545e893fb25bb56e0b3a38f8f","HAS_ARTICLE"
"96003e7bb44e01c7ea7a09c331f7a9822472349a","b2839d229a8d109627bb592bf26eda73c03303c8","HAS_ARTICLE"
"96003e7bb44e01c7ea7a09c331f7a9822472349a","3f9cd4e7c59f585d81ae21467e0f9d599c3b9d11","HAS_ARTICLE"
"96003e7bb44e01c7ea7a09c331f7a9822472349a","050b352bab3a107a01f58ab8aba9edbeb49a3079","HAS_ARTICLE"
"96003e7bb44e01c7ea7a09c331f7a9822472349a","a18387a6cec7c7b39e5275a46a9ba6792a0daa8c","HAS_ARTICLE"
"96003e7bb44e01c7ea7a09c331f7a9822472349a","c2ab4b8f86cc603ef8a91124dfbe83ac1e8a758f","HAS_ARTICLE"
"0c51a4415c2fff9c60d6413366800f5d202f3134","63bf555344ff4119ed3ae63bf3381f74072fef7b","HAS_ARTICLE"
"3679a3fcc2f7985f660ea9b411387a047702a645","6c2ab4f7958e59f3a4d30ca0d15919a9558ab0e2","HAS_ARTICLE"
"3679a3fcc2f7985f660ea9b411387a047702a645","f2554715c278982fd9169b875d8f7ee48866a059","HAS_ARTICLE"
"3679a3fcc2f7985f660ea9b411387a047702a645","c65a2467f322e81e38796b8dd6086fc139d38c41","HAS_ARTICLE"
"3679a3fcc2f7985f660ea9b411387a047702a645","10fbf247c034f940b735974277d5c3f9443939af","HAS_ARTICLE"
"3679a3fcc2f7985f660ea9b411387a047702a645","48df93f32f351b349b974096979ed2e53d2f19f7","HAS_ARTICLE"
"3679a3fcc2f7985f660ea9b411387a047702a645","e413d2dbf34fa15378f70665ca521023290ff405","HAS_ARTICLE"
"3679a3fcc2f7985f660ea9b411387a047702a645","fc165640a874b46b49b6f603e6be8a13e24522c7","HAS_ARTICLE"
"3679a3fcc2f7985f660ea9b411387a047702a645","12cd96269ac0d9cc15bd0ef5868a5757c22026a2","HAS_ARTICLE"
"3679a3fcc2f7985f660ea9b411387a047702a645","ea16120c4ca5d8b61aa9e11a2668e4a18ce9dded","HAS_ARTICLE"
"3679a3fcc2f7985f660ea9b411387a047702a645","fddc095a0022ebffbca67f21e40f057e18dc283b","HAS_ARTICLE"
"6b5d12918b15bb293ce586f623c8ba84f67f07fd","efaff58ea796eda222a14c69b315eda34226f07c","HAS_ARTICLE"
"6b5d12918b15bb293ce586f623c8ba84f67f07fd","3d38c649c866932547adc8ea6167279bcd2765e9","HAS_ARTICLE"
"6b5d12918b15bb293ce586f623c8ba84f67f07fd","89adf522562a5514d319e93193a8f12b999c5e57","HAS_ARTICLE"
"6b5d12918b15bb293ce586f623c8ba84f67f07fd","7892ccbaf2b92ef9a5604adaa73876c8f0064645","HAS_ARTICLE"
"6b5d12918b15bb293ce586f623c8ba84f67f07fd","e376c8330c8852e41b21f2f52e378ec640d36050","HAS_ARTICLE"
"6b5d12918b15bb293ce586f623c8ba84f67f07fd","9a851c962be7645cf05813e2c7cc80428c6fa4d6","HAS_ARTICLE"
"6b5d12918b15bb293ce586f623c8ba84f67f07fd","7e7bdc6b5b271db0cbad72ff350350761fa4919b","HAS_ARTICLE"
"6b5d12918b15bb293ce586f623c8ba84f67f07fd","74c4672e809ac81e49cee00e10e13784db8ae9da","HAS_ARTICLE"
"6b5d12918b15bb293ce586f623c8ba84f67f07fd","ffeb23ed1a0995c1edac89c5cc81b61c5d9684fb","HAS_ARTICLE"
"6b5d12918b15bb293ce586f623c8ba84f67f07fd","bcb4323642f77d960d8c0909f4cdb49984888777","HAS_ARTICLE"
"6b5d12918b15bb293ce586f623c8ba84f67f07fd","8a3c23d7e5b70854996790f638c737722f246fc8","HAS_ARTICLE"
"6b5d12918b15bb293ce586f623c8ba84f67f07fd","47f070c58922795d2b453cecef6f31543107c65e","HAS_ARTICLE"
"6b5d12918b15bb293ce586f623c8ba84f67f07fd","8c600673846a2f26adc32911dd6f97246353bef5","HAS_ARTICLE"
"6b5d12918b15bb293ce586f623c8ba84f67f07fd","a7668f6a89015640dd9c5186db1fa2070176610c","HAS_ARTICLE"
"6b5d12918b15bb293ce586f623c8ba84f67f07fd","18d47de655166ccd88f6410b0334aa40ffc04b5d","HAS_ARTICLE"
"6b5d12918b15bb293ce586f623c8ba84f67f07fd","3ba9436e5364cb2152af2dc5f2a30f045ff4d6e9","HAS_ARTICLE"
"6b5d12918b15bb293ce586f623c8ba84f67f07fd","b62f6d24cee1e0047fe574977b91141ecfac64c9","HAS_ARTICLE"
"6b5d12918b15bb293ce586f623c8ba84f67f07fd","2d1ca18ec0aeb7c9b23c48eca9ab0d15e1ea39d3","HAS_ARTICLE"
"6b5d12918b15bb293ce586f623c8ba84f67f07fd","858831b57019043176e6ba0518b05bd1a8b563bb","HAS_ARTICLE"
"6b5d12918b15bb293ce586f623c8ba84f67f07fd","da83ce6d450c7fee6d4ec73098aa7cf19c1b2219","HAS_ARTICLE"
"6b5d12918b15bb293ce586f623c8ba84f67f07fd","c4b1f580c442b62a21f4e0a16d56720393d6d872","HAS_ARTICLE"
"85bac09e0ffeca84a9803613a27b5e76921211ff","ea99981b81ceaa70059edd1247edd553f5a4f9b3","HAS_ARTICLE"
"85bac09e0ffeca84a9803613a27b5e76921211ff","ff4cac86992fed7c1af8cde713a98970b5541e24","HAS_ARTICLE"
"85bac09e0ffeca84a9803613a27b5e76921211ff","6c4eaaf20998ea04df01f29b76fbc55e2fe4e15a","HAS_ARTICLE"
"85bac09e0ffeca84a9803613a27b5e76921211ff","290a507c906e8187e68182e44b6db40ac8229822","HAS_ARTICLE"
"85bac09e0ffeca84a9803613a27b5e76921211ff","bbb12489caf0a99995217afe23ff84a920624582","HAS_ARTICLE"
"85bac09e0ffeca84a9803613a27b5e76921211ff","44febbb24aabb6ffa683a5289cc3c5514b6bd66a","HAS_ARTICLE"
"85bac09e0ffeca84a9803613a27b5e76921211ff","592b6d3b0c50b515ddd35313da2cb077afd42601","HAS_ARTICLE"
"85bac09e0ffeca84a9803613a27b5e76921211ff","027c1a868e337aa8b4d83a84ed9cda4fe8c8db55","HAS_ARTICLE"
"85bac09e0ffeca84a9803613a27b5e76921211ff","2e81e76d93d3ce911a53c818dd6f277548558a87","HAS_ARTICLE"
"85bac09e0ffeca84a9803613a27b5e76921211ff","195db4b9a5810684bf4c055b73f5e65aa27ba48f","HAS_ARTICLE"
"85bac09e0ffeca84a9803613a27b5e76921211ff","f70526c9aa5ef4aacce075be140e2b9fb007e12d","HAS_ARTICLE"
"85bac09e0ffeca84a9803613a27b5e76921211ff","a164da80a9b0d3bb26964a996b166183b15f136a","HAS_ARTICLE"
"85bac09e0ffeca84a9803613a27b5e76921211ff","c12b1bd325537fb93c9e0a556309db72f80cc64b","HAS_ARTICLE"
"85bac09e0ffeca84a9803613a27b5e76921211ff","ef2149e27ad6e6f486f1c81a189c54db34efe0b5","HAS_ARTICLE"
"ce50ae2244d009b246309eb926aa95ce1c5a0883","56ba8f15a3381ea72960936c99861a6bdbcec9b5","HAS_ARTICLE"
"ce50ae2244d009b246309eb926aa95ce1c5a0883","cac19f86a6b2f05a18b131ef465e8949cd85ff24","HAS_ARTICLE"
"ce50ae2244d009b246309eb926aa95ce1c5a0883","280cf8909ed6e26ec217e9ddfe5a82bf35e7e86c","HAS_ARTICLE"
"ce50ae2244d009b246309eb926aa95ce1c5a0883","7bbf8b0fe2e1ee303f7994aee4e4097c3e26b14e","HAS_ARTICLE"
"ce50ae2244d009b246309eb926aa95ce1c5a0883","afa2486d826b315f2e0c6af188d9a31f6e3ae102","HAS_ARTICLE"
"ce50ae2244d009b246309eb926aa95ce1c5a0883","088bedd060ef09ca5bae552516785d722c5e1b7b","HAS_ARTICLE"
"ce50ae2244d009b246309eb926aa95ce1c5a0883","809a6c2dc3d535e6face9509d0a84032eccc2ce8","HAS_ARTICLE"
"ce50ae2244d009b246309eb926aa95ce1c5a0883","8a977bdda7475a268670d0cfc7fae1b24be1171f","HAS_ARTICLE"
"ce50ae2244d009b246309eb926aa95ce1c5a0883","ddddc5cbfd7e2c837095f0986e50585d6c4f3648","HAS_ARTICLE"
"ce50ae2244d009b246309eb926aa95ce1c5a0883","1f5ff33758e37681262cfa321362069ff7cbf218","HAS_ARTICLE"
"ce50ae2244d009b246309eb926aa95ce1c5a0883","67f8bf89b47a6d13bd02124a5ad41494a708e901","HAS_ARTICLE"
"e0fa8e91f8bcaa6d9c93671b2fcdc291311fb555","d6a71feac111f1bd5c98ee5d42271e593a4ef38c","HAS_ARTICLE"
"e0fa8e91f8bcaa6d9c93671b2fcdc291311fb555","c87579f101440193b0bde34c8101e50db70109fc","HAS_ARTICLE"
"e0fa8e91f8bcaa6d9c93671b2fcdc291311fb555","ee2dc5983e72bd21e03e25aa258361a0ab5e9995","HAS_ARTICLE"
"e0fa8e91f8bcaa6d9c93671b2fcdc291311fb555","ec4864c8e8ac7164b71fb87aea7047c0fc3efa79","HAS_ARTICLE"
"e0fa8e91f8bcaa6d9c93671b2fcdc291311fb555","f81c6412d7940207a5178db1996442c43e11ed64","HAS_ARTICLE"
"e0fa8e91f8bcaa6d9c93671b2fcdc291311fb555","6d3ffa5aa6e1b472ed0e886688e1875d580ee020","HAS_ARTICLE"
"e0fa8e91f8bcaa6d9c93671b2fcdc291311fb555","3bb12552ee4d840dc9f1bc293fc9d19ff614dbc1","HAS_ARTICLE"
"95dd624170366183cdfcd5a617fb2828154179f0","fe7959e5f4870257e7473593c97b33922432eeb5","HAS_ARTICLE"
"95dd624170366183cdfcd5a617fb2828154179f0","dbb96d44299b23cfa30418a886089cfbfda8e5e3","HAS_ARTICLE"
"95dd624170366183cdfcd5a617fb2828154179f0","9da92bd53742210e93cb7b9fb8aaeab0c8a8f6a4","HAS_ARTICLE"
"95dd624170366183cdfcd5a617fb2828154179f0","bb70060b699c0e50d03dd9f48bc0ba90ddbfdf90","HAS_ARTICLE"
"95dd624170366183cdfcd5a617fb2828154179f0","564497821cb66354fdb1505944c6f8a96b6c2bea","HAS_ARTICLE"
"95dd624170366183cdfcd5a617fb2828154179f0","35dc1fc0ca855cbdcc4bb08285c4545d6af7b04e","HAS_ARTICLE"
"95dd624170366183cdfcd5a617fb2828154179f0","13adba4e263f173719a62c59cd2af3aa33d3e15a","HAS_ARTICLE"
"95dd624170366183cdfcd5a617fb2828154179f0","5bf86267073781ee2f2966adaa6b49c30b64ff6b","HAS_ARTICLE"
"8b1503b9319d05bd2058ffd860aefb3a00a3ea72","c22ebc86215e741c179834d82e9a4707b4f7a66f","HAS_ARTICLE"
"8b1503b9319d05bd2058ffd860aefb3a00a3ea72","68edcbe984db755f4d78f16e8a29dd301b318afb","HAS_ARTICLE"
"8b1503b9319d05bd2058ffd860aefb3a00a3ea72","e392bf5d12b3c0f523309a107dc0fcfdf55bff30","HAS_ARTICLE"
"8b1503b9319d05bd2058ffd860aefb3a00a3ea72","489abf2ff01ca5f70e64e827372ca42d381c5053","HAS_ARTICLE"
"8b1503b9319d05bd2058ffd860aefb3a00a3ea72","c11921523e92b70782f1659b0f3b91488c759d8d","HAS_ARTICLE"
"8b1503b9319d05bd2058ffd860aefb3a00a3ea72","1021cfa370a1f3c283804ad1dc4c126a8209b55a","HAS_ARTICLE"
"8b1503b9319d05bd2058ffd860aefb3a00a3ea72","b69ce4dd8fdc9f458dd73765b8c15c2896a4de00","HAS_ARTICLE"
"8b1503b9319d05bd2058ffd860aefb3a00a3ea72","52e6d4b3800683c7f236fb9af6c134ceeddb3af2","HAS_ARTICLE"
"8b1503b9319d05bd2058ffd860aefb3a00a3ea72","57a51acf2f2974a682c92308968fce6e33569edf","HAS_ARTICLE"
"8b1503b9319d05bd2058ffd860aefb3a00a3ea72","2572cc65ef297608a58f7021e4e6e02d8c3fd77d","HAS_ARTICLE"
"8b1503b9319d05bd2058ffd860aefb3a00a3ea72","9022aea1b1bdd8c391e89a56cd3e9634f98ca2be","HAS_ARTICLE"
"9029c28b6d9929f12ba91fba559fd3d465be9bbe","7ec4893dad29d13e889f9b4333eebb4219927b2f","HAS_ARTICLE"
"12986fa8bbd42905b5d13975dbcce45978a1deeb","6bdbe8c348ca90218b8812608bef3aeee0c24d53","HAS_ARTICLE"
"12986fa8bbd42905b5d13975dbcce45978a1deeb","690a0f5742a16e70db95006133ac2f1b7d1d1536","HAS_ARTICLE"
"12986fa8bbd42905b5d13975dbcce45978a1deeb","9cb4b3d58374911f896c6140bf3625595caf845e","HAS_ARTICLE"
"046a4d814693219481e96920bb449bfd6f78fa6d","285255b5188151649da8a78503066b79bc6d7f54","HAS_ARTICLE"
"046a4d814693219481e96920bb449bfd6f78fa6d","22a61d61af6277fce2d5a5dd33b2bbeb49f559a9","HAS_ARTICLE"
"046a4d814693219481e96920bb449bfd6f78fa6d","afac26cab1d674a386921c9cf97d2b033b778016","HAS_ARTICLE"
"046a4d814693219481e96920bb449bfd6f78fa6d","6bbaee5ac7c5349496ad23d89f347951862b749f","HAS_ARTICLE"
"6bd2259335d71d13c4283a5ea50d3b6d2cb062e8","c8b52e0711b525c1a64698c074a5276f8b22aa24","HAS_ARTICLE"
"6bd2259335d71d13c4283a5ea50d3b6d2cb062e8","6881cd8d71a455d07130adb252f775713c13ae64","HAS_ARTICLE"
"6bd2259335d71d13c4283a5ea50d3b6d2cb062e8","86a3535012a96fbafe4b62b5353481b322c6f6d6","HAS_ARTICLE"
"6bd2259335d71d13c4283a5ea50d3b6d2cb062e8","ca6064373026bfd6791aa974c1b0857791fc50aa","HAS_ARTICLE"
"8949e73893941a0750a2dc91249adf58891ed32c","7027e8cc2c87914d6afc7d4a101bec82f8fb441d","HAS_ARTICLE"
"8949e73893941a0750a2dc91249adf58891ed32c","50caa72faf3449c0ec14abafccb3db45f5d7b99b","HAS_ARTICLE"
"9410e6d3b1e3b6395688f9e875b5c2447c759c03","df7ce7275f73d37b3b6730bef188605775b95a7f","HAS_ARTICLE"
"9410e6d3b1e3b6395688f9e875b5c2447c759c03","0938ccdeea3e26830b06a54d61b77e738282d13a","HAS_ARTICLE"
"950adf66b382f56d0bd8f420acb97539ff09642c","af9cca0321d42ee5193c80d9c34800ded756ba26","HAS_ARTICLE"
"950adf66b382f56d0bd8f420acb97539ff09642c","36cb63d9c119b17a52fcaa2230647b45f2710fa1","HAS_ARTICLE"
"950adf66b382f56d0bd8f420acb97539ff09642c","6458dab5d8823d509f04fb5858ebd7da9d49cbab","HAS_ARTICLE"
"950adf66b382f56d0bd8f420acb97539ff09642c","cc9869a6196352996def43e39505a65731f071af","HAS_ARTICLE"
"950adf66b382f56d0bd8f420acb97539ff09642c","19ade660267989a2c25af06ec1b2dec37ed9ed1b","HAS_ARTICLE"
"950adf66b382f56d0bd8f420acb97539ff09642c","4daf6959f9d03731205530ed9c428f1901d5792d","HAS_ARTICLE"
"950adf66b382f56d0bd8f420acb97539ff09642c","4cc0df7f980be54e66479791d35af0e233c8d6cc","HAS_ARTICLE"
"950adf66b382f56d0bd8f420acb97539ff09642c","374f03a48529d8ca8df0b16b8142d308ae46a012","HAS_ARTICLE"
"950adf66b382f56d0bd8f420acb97539ff09642c","f5f01d80efdadb581bd0c56c7a0258e037417f1a","HAS_ARTICLE"
"950adf66b382f56d0bd8f420acb97539ff09642c","73bab4c00266b30bb923a16ee16b862f509af56b","HAS_ARTICLE"
"950adf66b382f56d0bd8f420acb97539ff09642c","de4dcf41cdfafbf10b361ec2ca3148c21404aee3","HAS_ARTICLE"
"950adf66b382f56d0bd8f420acb97539ff09642c","59f4e3b617c571cfdbdeeb5ae964233fd16ef395","HAS_ARTICLE"
"950adf66b382f56d0bd8f420acb97539ff09642c","af4c1d86007d97d0043ce904bdefda8dd1fdfc41","HAS_ARTICLE"
"950adf66b382f56d0bd8f420acb97539ff09642c","4db3891aae766a459436a76489904d1a2fec4a32","HAS_ARTICLE"
"950adf66b382f56d0bd8f420acb97539ff09642c","e077bf05b2461b0ce803a71c4517604ef7c21d9e","HAS_ARTICLE"
"950adf66b382f56d0bd8f420acb97539ff09642c","ff6180c6e47c7f4874ba21b083f79862805ea0d6","HAS_ARTICLE"
"950adf66b382f56d0bd8f420acb97539ff09642c","15c04e4904f522152892f2272d293cfec92bc002","HAS_ARTICLE"
"950adf66b382f56d0bd8f420acb97539ff09642c","a3e3adbc32acbd99742f604d04d900adcf47f2ff","HAS_ARTICLE"
"950adf66b382f56d0bd8f420acb97539ff09642c","5b96af15dbb4cd416077c587fcb37d76ee8fe1ae","HAS_ARTICLE"
"d98d8fc99a8a149f16f87a2b8afd991d4e34669d","d93b5e735ebc7d9af6c8281bf21a5ab5c6556d3e","HAS_ARTICLE"
"d98d8fc99a8a149f16f87a2b8afd991d4e34669d","949f97620962c9c77019e6e32fb85be9526c7244","HAS_ARTICLE"
"d98d8fc99a8a149f16f87a2b8afd991d4e34669d","87869f240e72603c319c373d17ea2113a6daf78f","HAS_ARTICLE"
"d98d8fc99a8a149f16f87a2b8afd991d4e34669d","c36e42bd37643f4db52db46e700b6a3046626e2f","HAS_ARTICLE"
"d98d8fc99a8a149f16f87a2b8afd991d4e34669d","e27b4e7219c623f732578df408f018c267c8d8ac","HAS_ARTICLE"
"d98d8fc99a8a149f16f87a2b8afd991d4e34669d","6261be620c3c6f4aea1ca1384bb71ea443f0f434","HAS_ARTICLE"
"d98d8fc99a8a149f16f87a2b8afd991d4e34669d","0a76b8f9456123076dd55b921a594af76972e353","HAS_ARTICLE"
"d98d8fc99a8a149f16f87a2b8afd991d4e34669d","737ea18d363f68e303c5d7701e9290ce46581b6e","HAS_ARTICLE"
"d98d8fc99a8a149f16f87a2b8afd991d4e34669d","39c29d1a8ca55b05210820ea64e3ecb46c3551a0","HAS_ARTICLE"
"d98d8fc99a8a149f16f87a2b8afd991d4e34669d","28443dfeb986be845620b69d65acbdd93c073052","HAS_ARTICLE"
"04473dee2f0ddd0cb8104c81208d3c2f0c55f823","d60b3a24bbc4116523258f3013dfd996dbd3c6bf","HAS_ARTICLE"
"04473dee2f0ddd0cb8104c81208d3c2f0c55f823","5103068fefaf8e607cb1d820267598ffa0524a6b","HAS_ARTICLE"
"04473dee2f0ddd0cb8104c81208d3c2f0c55f823","61ea8ab34cf1172577cd885cf33b6a5694ffb9cc","HAS_ARTICLE"
"04473dee2f0ddd0cb8104c81208d3c2f0c55f823","d8ca71278b14c91f2c1c07b8b91a99976cc392a3","HAS_ARTICLE"
"7815196544f692e02b224d56cbfa5506039c6d7e","aa9cbcd643910e1c3519bf443764dfe510b7de88","HAS_ARTICLE"
"7815196544f692e02b224d56cbfa5506039c6d7e","dda749b458060bc2572c98897363911bcaa052d4","HAS_ARTICLE"
"7815196544f692e02b224d56cbfa5506039c6d7e","a25e81eb424f87d19352cdcb928f151fdbbe48e6","HAS_ARTICLE"
"7815196544f692e02b224d56cbfa5506039c6d7e","075dd21be6067b32a1ada58da9c95d56013ade2c","HAS_ARTICLE"
"7815196544f692e02b224d56cbfa5506039c6d7e","31ec275cb48fa34dba46300f6a83fdd5584c6c46","HAS_ARTICLE"
"7815196544f692e02b224d56cbfa5506039c6d7e","8b64219a4c0388fe9bc7315592a89b8d8ce84404","HAS_ARTICLE"
"7815196544f692e02b224d56cbfa5506039c6d7e","03a60ceff23a9b6606e94bdf89c4a020691f9cff","HAS_ARTICLE"
"9064e675c992b3e3f65c11380cff95bd50332315","a15861979c341169c179568131657bedf38c1f5f","HAS_ARTICLE"
"9064e675c992b3e3f65c11380cff95bd50332315","e7bad8d3d223ce026a4438b8c60adfcbd2e28c15","HAS_ARTICLE"
"9064e675c992b3e3f65c11380cff95bd50332315","eb5162c56b5c62cd661639a499adad372134e7c0","HAS_ARTICLE"
"9064e675c992b3e3f65c11380cff95bd50332315","876a062a640befa086371b95a53855b0e0022fdf","HAS_ARTICLE"
"9064e675c992b3e3f65c11380cff95bd50332315","3b6360ded919712422f0ff7cba504ea7ac03938e","HAS_ARTICLE"
"9064e675c992b3e3f65c11380cff95bd50332315","b8800e468c651beca610e4d23ed408f59b8ae164","HAS_ARTICLE"
"9064e675c992b3e3f65c11380cff95bd50332315","9df8be714e49b525c0ccdd35eeff91c962d1c76f","HAS_ARTICLE"
"9064e675c992b3e3f65c11380cff95bd50332315","2be8749013040af19d771b7afd7a6dd46bdb1e79","HAS_ARTICLE"
"79858aca12d9e4b82c03d5976abb451b7791d9e1","60568c3bb55fea4ee796f2f509e4afd5a28c4116","HAS_ARTICLE"
"79858aca12d9e4b82c03d5976abb451b7791d9e1","2f5182d3f3cea29ed7b5ff4b1df5001724126eba","HAS_ARTICLE"
"79858aca12d9e4b82c03d5976abb451b7791d9e1","151b8525f146a3a004e5a8b4ae5b1ec2a488c15c","HAS_ARTICLE"
"79858aca12d9e4b82c03d5976abb451b7791d9e1","ed45d46c164385ae93547caa533775053885ce84","HAS_ARTICLE"
"41439d6b104a55944b34964087fdd971bdaceba5","7795251c5b8995dab930855019f1868e170a85dc","HAS_ARTICLE"
"41439d6b104a55944b34964087fdd971bdaceba5","7841a708f495d6520f074f39b222f550ecab2eed","HAS_ARTICLE"
"41439d6b104a55944b34964087fdd971bdaceba5","8badd4d3267a3b60fef192de18a70b94d60ff296","HAS_ARTICLE"
"f8fe0007e039c8095b4c64c9d43a11ebbfed587c","ea6367faf2d3163ee669c0884085da564002c9a3","HAS_ARTICLE"
"f8fe0007e039c8095b4c64c9d43a11ebbfed587c","db3c969ec21c6fa7c6d8b8958124e22a9420a00b","HAS_ARTICLE"
"9910b788ed9926878516e61459a9feed8170ba68","d35e098a063103f6bc93b73c9efed30a6cf45cf3","HAS_ARTICLE"
"9910b788ed9926878516e61459a9feed8170ba68","64ce3f272283a7d4e70b31e68db8d8dbad4bac9c","HAS_ARTICLE"
"9910b788ed9926878516e61459a9feed8170ba68","c4c2a0c5cd40bca8d84d331f7ac4bc48fe65bff6","HAS_ARTICLE"
"9910b788ed9926878516e61459a9feed8170ba68","d33f9b7408726c3213d139bf2238c01f8c51972f","HAS_ARTICLE"
"968629236f861c284ac693f147cddc697ed77cc3","7ac7f51222354ca105c9f929db9dea594e1e2814","HAS_ARTICLE"
"968629236f861c284ac693f147cddc697ed77cc3","8bd293ca025ebdbea3f258403d3166a6a1e093f4","HAS_ARTICLE"
"968629236f861c284ac693f147cddc697ed77cc3","bed04807c9067b0ae1b84c7380120b0e5b473141","HAS_ARTICLE"
"968629236f861c284ac693f147cddc697ed77cc3","9445ce939c5f258713137f662590bc6e9c4e9799","HAS_ARTICLE"
"968629236f861c284ac693f147cddc697ed77cc3","6c70004a80f2233b2b0b002161fde47d4fe44d5e","HAS_ARTICLE"
"416073d8b4abef02658f5cf56e8fd31fbc76ef25","bdec1fa1310b4be0d01b428a95f2fe7e8b687b95","HAS_ARTICLE"
"416073d8b4abef02658f5cf56e8fd31fbc76ef25","f7cc9807f614cd5ddaabf81ee1cf3e1ef62bde97","HAS_ARTICLE"
"bd3018d275a2fec59930088a2d2b7115b5a20780","f5be6fc420e0ec62f714531834aaaa995f03b50c","HAS_ARTICLE"
"bd3018d275a2fec59930088a2d2b7115b5a20780","c6cb2bb3ebf0cc6e58952c17e48d3af4a69bf0f6","HAS_ARTICLE"
"fb1e4dc53f99cd6109f3044092e0390f43357493","2f060890659df2389b98929f31c7cad04f021bec","HAS_ARTICLE"
"ff3d75c7185bda4003f8e0877e97f10b8c121c34","05044974aa3765e8ab8af684a5c7f4efc3ed2e67","HAS_ARTICLE"
"ff3d75c7185bda4003f8e0877e97f10b8c121c34","0dfb255e7eecff65bd5d7a7818c5931c3a45d291","HAS_ARTICLE"
"ff3d75c7185bda4003f8e0877e97f10b8c121c34","f56ca70dd3fdea74de02316c39b2dfd4979fe3fd","HAS_ARTICLE"
"ff3d75c7185bda4003f8e0877e97f10b8c121c34","7ebc73740a90a9adf598868d46acbeb7771554a3","HAS_ARTICLE"
"ff3d75c7185bda4003f8e0877e97f10b8c121c34","5db5f9b2eff5f5a7de79cb44d56d8a3508ec0f5f","HAS_ARTICLE"
"ff3d75c7185bda4003f8e0877e97f10b8c121c34","386b5074b4b1b14c8eddfb25e322e8395de8abce","HAS_ARTICLE"
"ff3d75c7185bda4003f8e0877e97f10b8c121c34","78ef9d2b8c3743175e03f6d73fa02e59b8ad65c2","HAS_ARTICLE"
"e3d07e71d595e91274f8dc07b02ae2d7218e3331","6ce4bea9b93bf7df6865cd12393b24a4ed31b30b","HAS_ARTICLE"
"e3d07e71d595e91274f8dc07b02ae2d7218e3331","175ec2688e414e0c66330c84f31ff74d8ea0c76f","HAS_ARTICLE"
"e3d07e71d595e91274f8dc07b02ae2d7218e3331","2039db1582fb1d1f1ecf4619ef656728f814e4f4","HAS_ARTICLE"
"e3d07e71d595e91274f8dc07b02ae2d7218e3331","ffd675a5137e06fc3993abd87f2ff98ee8b841f4","HAS_ARTICLE"
"e3d07e71d595e91274f8dc07b02ae2d7218e3331","26fce5403a50609b3e9a88fa297b003c7126c003","HAS_ARTICLE"
"2ff0b47f666eff70f05ee19049d399354f89ff32","1bfd665cbe23e1f36cc2abe950fdf1ee08bdeb1e","HAS_ARTICLE"
"2ff0b47f666eff70f05ee19049d399354f89ff32","65a47dcbd4ae17ba779d8ccf6685c15441df8036","HAS_ARTICLE"
"2ff0b47f666eff70f05ee19049d399354f89ff32","c6104649d582254fc82acff29637e7d6bb41be92","HAS_ARTICLE"
"c85460f55b939e4c6546f4eaf9db29713af843b7","046a6b836359e57fba24eace1cf33768eb354ab9","HAS_ARTICLE"
"c85460f55b939e4c6546f4eaf9db29713af843b7","6a5fa7b6f595c0cfe8899e68bd046b6c5472f829","HAS_ARTICLE"
"c85460f55b939e4c6546f4eaf9db29713af843b7","2e509daa70bb3ed5e803282df37d073c5bf554a1","HAS_ARTICLE"
"c85460f55b939e4c6546f4eaf9db29713af843b7","f64afe5bbf98820f2f103bd940ddaec9dd20052d","HAS_ARTICLE"
"c85460f55b939e4c6546f4eaf9db29713af843b7","3e4cf384e4b7e20b830e55ed7fda69be2beb2039","HAS_ARTICLE"
"c85460f55b939e4c6546f4eaf9db29713af843b7","d0de40ff5477d4b14e6d3398490aa51c7a5a77ab","HAS_ARTICLE"
"c85460f55b939e4c6546f4eaf9db29713af843b7","019b6a9c72df725e9757b9e435509529e2b7f67d","HAS_ARTICLE"
"c85460f55b939e4c6546f4eaf9db29713af843b7","0df436928ed714d0e2568aaa979b052da77d797e","HAS_ARTICLE"
"c85460f55b939e4c6546f4eaf9db29713af843b7","d648ade8b9a61b90bc8fb49e8fc46f6b5e74133c","HAS_ARTICLE"
"c85460f55b939e4c6546f4eaf9db29713af843b7","39c394070e4288e488432e3afad318e1b5f7868f","HAS_ARTICLE"
"c85460f55b939e4c6546f4eaf9db29713af843b7","40504546e68e0b6df12f7271d928de032368ad6b","HAS_ARTICLE"
"c85460f55b939e4c6546f4eaf9db29713af843b7","a7c41375451754671cbd39cf8b43347d749813a7","HAS_ARTICLE"
"c85460f55b939e4c6546f4eaf9db29713af843b7","d8a914afb18a028409d2f9c2326ea5cf2d1fbeff","HAS_ARTICLE"
"c85460f55b939e4c6546f4eaf9db29713af843b7","4cb35e1d0522ec34a068d187f7a364770f5eaf71","HAS_ARTICLE"
"7ba555341f21ae0a437b4210b0ea8a5ddc90e59c","8b4086bc5fbce57565cf674be2ae1368fbde7315","HAS_ARTICLE"
"7ba555341f21ae0a437b4210b0ea8a5ddc90e59c","1651f3645ac51bbb67fbea81d5902aa33ba9a5dc","HAS_ARTICLE"
"7ba555341f21ae0a437b4210b0ea8a5ddc90e59c","9278bb554e897093348828bc86ba1256f888d6a1","HAS_ARTICLE"
"889f1c4e558386572705f83f3f1e341963a4e569","59e35f8463e727ba8efec3d9340c3fe9ee6b8c24","HAS_ARTICLE"
"889f1c4e558386572705f83f3f1e341963a4e569","cfb7f339a3d723ae8cffd1aa5cb319252cdf9701","HAS_ARTICLE"
"d92234b472baf241f016849b086dc6a7dd846503","06f77dbea5fb4337c9da37d2f28c1716a784bbf4","HAS_ARTICLE"
"d92234b472baf241f016849b086dc6a7dd846503","1acb03385733c608f2f51e1105911ddc3fc58ecf","HAS_ARTICLE"
"d92234b472baf241f016849b086dc6a7dd846503","69a0d4a6e65ba2a0ab8b82b450bc5b991e3effab","HAS_ARTICLE"
"d92234b472baf241f016849b086dc6a7dd846503","b4627f61564e0201ebdb8e934b7c387e29924ad4","HAS_ARTICLE"
"d92234b472baf241f016849b086dc6a7dd846503","20616e8ed61ba227c49f8339eb71f03679ce0f80","HAS_ARTICLE"
"d92234b472baf241f016849b086dc6a7dd846503","6c06e913a8f5d70e8f4bbc9688caa5e4f0619497","HAS_ARTICLE"
"65935b7fa17ca6eee22c57d96e6750c6d98dbd23","ac47e0f4de654ca99d2215bd235f22ba2c5cc58d","HAS_ARTICLE"
"65935b7fa17ca6eee22c57d96e6750c6d98dbd23","a88ab37e6f45bf2f9afbb71153fac1f7cf835ba1","HAS_ARTICLE"
"65935b7fa17ca6eee22c57d96e6750c6d98dbd23","3a11c1c28193ca1cec8f2af7f2426538c238c127","HAS_ARTICLE"
"56d7c13ec5d7ae8308305987f201b432fa4029ac","a5bc655ff12c66661cd954c9c169c96e78acb36b","HAS_ARTICLE"
"56d7c13ec5d7ae8308305987f201b432fa4029ac","f30b440d75a496100fc06d0559f3274458755e7b","HAS_ARTICLE"
"7fcaf0140102f6621a89a508b1fb3f3819819651","cb5d49aa0a82875a65efa65c65c1a83958891b20","HAS_ARTICLE"
"7fcaf0140102f6621a89a508b1fb3f3819819651","c0da5c494aa10579b927f56601b1e5356623f2cc","HAS_ARTICLE"
"7fcaf0140102f6621a89a508b1fb3f3819819651","fee0ea32e3eef22a90d9cef945631c851af44e44","HAS_ARTICLE"
"7fcaf0140102f6621a89a508b1fb3f3819819651","7aef328ce6ccc591522f3c5c74f549bff5b328b6","HAS_ARTICLE"
"7fcaf0140102f6621a89a508b1fb3f3819819651","57465dca0fe26c851b1c037a223ba785ca5d96b0","HAS_ARTICLE"
"7eca71467b25b6dcb9b6e0f160d0c14ec4c98769","72d74c49261bd2dc3370a295efd6ef8a68c80170","HAS_ARTICLE"
"7eca71467b25b6dcb9b6e0f160d0c14ec4c98769","6b6df8ef9b561946cf3d8de2a2040a2b41cc82c4","HAS_ARTICLE"
"7eca71467b25b6dcb9b6e0f160d0c14ec4c98769","0ddb1082106dffe7bbf1dd69f66e62f2a84780ef","HAS_ARTICLE"
"7eca71467b25b6dcb9b6e0f160d0c14ec4c98769","1f9b9af4dc573c00efc7716c2fcbe9ea3d3573b2","HAS_ARTICLE"
"7eca71467b25b6dcb9b6e0f160d0c14ec4c98769","fff7363d5f52c5a5ae1a03e50d97bd4d2eb7d046","HAS_ARTICLE"
"7eca71467b25b6dcb9b6e0f160d0c14ec4c98769","eecff5461bf9ec46553a174ba25bd36419d2be69","HAS_ARTICLE"
"7eca71467b25b6dcb9b6e0f160d0c14ec4c98769","87a88ed4e8fdfd6dae0dc22cd8d9fa30692ceea1","HAS_ARTICLE"
"7eca71467b25b6dcb9b6e0f160d0c14ec4c98769","988892547d10ebf15783f3c1c162114e2bfb3295","HAS_ARTICLE"
"7eca71467b25b6dcb9b6e0f160d0c14ec4c98769","95a58c9d9f50cc0e2b4c9f2800044d3520e7849f","HAS_ARTICLE"
"7eca71467b25b6dcb9b6e0f160d0c14ec4c98769","1d22837a47a52dec7161e1eff9cf92441de931ef","HAS_ARTICLE"
"7eca71467b25b6dcb9b6e0f160d0c14ec4c98769","278230c57ec0968d6b371fb61f29a83fd44c1645","HAS_ARTICLE"
"7d388f7cadfb29eb522cd97a23083a211928a29d","03657abecf472b1e4c6385be8fa83027dff569e4","HAS_ARTICLE"
"7d388f7cadfb29eb522cd97a23083a211928a29d","392466906ced00a3c6e21a6973636b21f7b89123","HAS_ARTICLE"
"7d388f7cadfb29eb522cd97a23083a211928a29d","167569b232b7f7c7f66d70674c145346fec48198","HAS_ARTICLE"
"7d388f7cadfb29eb522cd97a23083a211928a29d","99fb3717ef79f21928f3685e955c6c4160fbe34e","HAS_ARTICLE"
"a49b544eb512c3f344c5cc84a23d120823de76c0","42361c6c673782bf3e5ee248a6dce9d15f41e038","HAS_ARTICLE"
"a49b544eb512c3f344c5cc84a23d120823de76c0","60e2282aa2b9e3407908b44f29cb5ddbe9a3f74c","HAS_ARTICLE"
"a49b544eb512c3f344c5cc84a23d120823de76c0","22ce6c2443bbc577383fc7b6537329cc017ea2ed","HAS_ARTICLE"
"a49b544eb512c3f344c5cc84a23d120823de76c0","0963829ddcd4b2c6d5fb7f14b5cedd8fa45ae3aa","HAS_ARTICLE"
"a49b544eb512c3f344c5cc84a23d120823de76c0","258473b415718892f79626aae341b3cc2c50e4d4","HAS_ARTICLE"
"a49b544eb512c3f344c5cc84a23d120823de76c0","05964632ab9c528707d001735bad3bf2563c74f8","HAS_ARTICLE"
"a49b544eb512c3f344c5cc84a23d120823de76c0","ae23ba9ba588754bc03beaed37b2f43b8745b0cb","HAS_ARTICLE"
"a49b544eb512c3f344c5cc84a23d120823de76c0","880050b7729c21dd86bb2db230d836dadae08559","HAS_ARTICLE"
"a49b544eb512c3f344c5cc84a23d120823de76c0","499b9b4e2dcf1841e7c4c45f366a00d08df76071","HAS_ARTICLE"
"a49b544eb512c3f344c5cc84a23d120823de76c0","e3542d0b69aad1f0032fbcae3fc978bf4e38852e","HAS_ARTICLE"
"a49b544eb512c3f344c5cc84a23d120823de76c0","5451de361595318e8dd7659a17673c72606353db","HAS_ARTICLE"
"40b773d81017fa330ef4cba659f885afc53bb219","ecca31cd804eb34d2b073646b97d71675b0a687d","HAS_ARTICLE"
"40b773d81017fa330ef4cba659f885afc53bb219","651e8ab451b10c0815ce0193ea03cca46f397bd8","HAS_ARTICLE"
"40b773d81017fa330ef4cba659f885afc53bb219","775222d7562c1ad98754a482fbcc92be1787d04b","HAS_ARTICLE"
"40b773d81017fa330ef4cba659f885afc53bb219","997b8ff35e788b3b43f78bd877f661daa81bd5a9","HAS_ARTICLE"
"bc3f793562bd13e16c2fcc592b4b7bf915027bac","c1ddcaf40fc1eedfefc51c4a2c97c90987e29672","HAS_ARTICLE"
"bc3f793562bd13e16c2fcc592b4b7bf915027bac","9af8351da98f6d97bed763f334ec54dacdc5317d","HAS_ARTICLE"
"bc3f793562bd13e16c2fcc592b4b7bf915027bac","26b491591a60c85261fe324e6a3b7b94ec12684e","HAS_ARTICLE"
"bc3f793562bd13e16c2fcc592b4b7bf915027bac","c4e6472c4e1ec6ea137f1990dda2d8a90111d5d7","HAS_ARTICLE"
"bc3f793562bd13e16c2fcc592b4b7bf915027bac","f9af1d8b3f426d3bc72a9ce2d8d58d3342fdd615","HAS_ARTICLE"
"bc3f793562bd13e16c2fcc592b4b7bf915027bac","b4249106a0fb64c69770a3b6c1aeef07bccd477b","HAS_ARTICLE"
"bc3f793562bd13e16c2fcc592b4b7bf915027bac","df6a51cc6477d763325f18589f936464f2551a95","HAS_ARTICLE"
"bc3f793562bd13e16c2fcc592b4b7bf915027bac","133f7d7511c5ebfaea2b05e927163f8ad6a390cd","HAS_ARTICLE"
"bc3f793562bd13e16c2fcc592b4b7bf915027bac","4388da06c25c9f0909069787d1b0a06841452b0d","HAS_ARTICLE"
"dd437c7deec97a93bb7b6f8a54b294487809cee8","ee6f06fedf07dc108b5f221b97a6ef2ab0350a75","HAS_ARTICLE"
"cc059ba3e0110febfa63d250ffed9fd90b5b2a5b","62958ad2ec9e13be86f27a2f38a45456d04eb1e4","HAS_ARTICLE"
"cc059ba3e0110febfa63d250ffed9fd90b5b2a5b","e258c7828e2a6b0ddec1ca433fd87f1dc76b3a2d","HAS_ARTICLE"
"072dbc333395b963011710d436515d40bfd3876c","43f03d376ee7a76dc84575f27755dcdb1cb5e6fe","HAS_ARTICLE"
"072dbc333395b963011710d436515d40bfd3876c","206676438b514f966d5dd325811adb976b803b22","HAS_ARTICLE"
"072dbc333395b963011710d436515d40bfd3876c","c3e35b2f5ddce50f087ccb329593a93701dc9c77","HAS_ARTICLE"
"072dbc333395b963011710d436515d40bfd3876c","d22acf2c129adfb33a668239ec038791b204ace5","HAS_ARTICLE"
"072dbc333395b963011710d436515d40bfd3876c","7024247e5c1f12b4021b6995d4f379a74c48f05b","HAS_ARTICLE"
"072dbc333395b963011710d436515d40bfd3876c","c32e2a37fabff47fc3caa50382be9258f06c69ba","HAS_ARTICLE"
"072dbc333395b963011710d436515d40bfd3876c","7142e679995b7c2432e42cb3f847f3899875f323","HAS_ARTICLE"
"072dbc333395b963011710d436515d40bfd3876c","324e5be2beb63e785110eac457351c83aa912fed","HAS_ARTICLE"
"ccacc7f73a21aaaa54ea7289d46bed8b13f505df","f6259b813f5cf9adb499b61b0e3847f2c6d7f028","HAS_ARTICLE"
"ccacc7f73a21aaaa54ea7289d46bed8b13f505df","7e2e342cb3b6493cf0a8ddc85d15fe421a14e56d","HAS_ARTICLE"
"ccacc7f73a21aaaa54ea7289d46bed8b13f505df","414caf99322e8604a04b2e4705788bab8d69a6a9","HAS_ARTICLE"
"ccacc7f73a21aaaa54ea7289d46bed8b13f505df","dba00ed56503ece4d1c56a0d901369dbff1c68ee","HAS_ARTICLE"
"ccacc7f73a21aaaa54ea7289d46bed8b13f505df","089ddcbdb36e2e7f8a452a1a44dd5f8e521fecb2","HAS_ARTICLE"
"ccacc7f73a21aaaa54ea7289d46bed8b13f505df","4b2954509a854577e6e2c31f4120a3faaa12ad88","HAS_ARTICLE"
"ccacc7f73a21aaaa54ea7289d46bed8b13f505df","c275c31b2c9b3b4f9e856435ea87ebbb01477344","HAS_ARTICLE"
"ccacc7f73a21aaaa54ea7289d46bed8b13f505df","5c9c55805dfe183413e53c8aa43f78df3f7eaa57","HAS_ARTICLE"
"0c35ac07eab5c7d82bee85f88e969054966ac406","f062e86f3f6707135652f022a7d63190f45f3ba7","HAS_ARTICLE"
"0c35ac07eab5c7d82bee85f88e969054966ac406","262a3d90ed80132d03bece767e6201d663f8a8ac","HAS_ARTICLE"
"0c35ac07eab5c7d82bee85f88e969054966ac406","f9cef067f171ee65888ae2341c59f866b4fed542","HAS_ARTICLE"
"0c35ac07eab5c7d82bee85f88e969054966ac406","e7dd4a0d21c3f2bf3b8b43a0deb01629af003f73","HAS_ARTICLE"
"0c35ac07eab5c7d82bee85f88e969054966ac406","02d4039199da7e77407af07005a7524f74f3fdf2","HAS_ARTICLE"
"fc6e3879283dd8f8a22deaa7a38286c25337a462","53488ea26086910eb8a8e9efe1479e1b3817ced9","HAS_ARTICLE"
"fc6e3879283dd8f8a22deaa7a38286c25337a462","4dd30edbbc7b3257c91be6e71875bd393eb7ba1c","HAS_ARTICLE"
"22aabfb3785c31f061c67a30cde918fc52055e76","4af1b448b63873256bf7ce97044c630f13c62f7a","HAS_ARTICLE"
"d6f6ade67a91e25519f96b6a6abb004444c4f0db","4ddd41aa5a784e02b87069ed837576b1d7d060d2","HAS_ARTICLE"
"d6f6ade67a91e25519f96b6a6abb004444c4f0db","ca4ed1669aa84b90a372b33ed979b24f76712a66","HAS_ARTICLE"
"d6f6ade67a91e25519f96b6a6abb004444c4f0db","055a8f7af57b440fefee1821d2f929f6dc82ecef","HAS_ARTICLE"
"d6f6ade67a91e25519f96b6a6abb004444c4f0db","2b419c53159dd05b0c86a36bf6ba05cd07d1a33c","HAS_ARTICLE"
"70e0b725db15b106c2f5138cf3259f9a0065cc7e","1bb63f8326e40ce7d67d4265ade9c552b3cca1e8","HAS_ARTICLE"
"70e0b725db15b106c2f5138cf3259f9a0065cc7e","6c921ee46425b96add8281488b15c3c409cc934a","HAS_ARTICLE"
"70e0b725db15b106c2f5138cf3259f9a0065cc7e","6f5fafa15a8ac053e8a1cdfd82ec144b4837d52e","HAS_ARTICLE"
"70e0b725db15b106c2f5138cf3259f9a0065cc7e","24c884f21ee6c6202e4a44981f777f1029f21890","HAS_ARTICLE"
"70e0b725db15b106c2f5138cf3259f9a0065cc7e","457cb60a4786a34e642a78657ff447a736c710c9","HAS_ARTICLE"
"d2e1a78a055341f806eae6daa37906104c3f8e89","6d9c490d011df6e0ce9a76f9deead2859286813b","HAS_ARTICLE"
"d2e1a78a055341f806eae6daa37906104c3f8e89","63e5d392bc0c0fc0f7ffb6068b456be8de0dad16","HAS_ARTICLE"
"d2e1a78a055341f806eae6daa37906104c3f8e89","23f60941d11aec84f8f5b0241523d79e8f2d2dbe","HAS_ARTICLE"
"d2e1a78a055341f806eae6daa37906104c3f8e89","3142b1cfc31d820314f84b6c4ef3dab90b42279c","HAS_ARTICLE"
"d2e1a78a055341f806eae6daa37906104c3f8e89","9f8846d52dbba673a83056c9d50087e79ac58a74","HAS_ARTICLE"
"d2e1a78a055341f806eae6daa37906104c3f8e89","b050fa88d1ac18b1094182d416e4df2a03f03fe4","HAS_ARTICLE"
"d2e1a78a055341f806eae6daa37906104c3f8e89","b0fc35d6d12611858b5734aa8aaa3b4508265b92","HAS_ARTICLE"
"d2e1a78a055341f806eae6daa37906104c3f8e89","59ddb08bfc74dc92d65b72cd5662249612a4ef62","HAS_ARTICLE"
"d2e1a78a055341f806eae6daa37906104c3f8e89","db6ea087464cf2d9b4698c85481901ca4e1f6643","HAS_ARTICLE"
"d2e1a78a055341f806eae6daa37906104c3f8e89","a7f0966ec573cac2fa8bfc8f1f9878e1c255bba9","HAS_ARTICLE"
"d2e1a78a055341f806eae6daa37906104c3f8e89","9b77d979c4efddc3524922e4acb7c11ff1096d22","HAS_ARTICLE"
"3672a247dfcb2f2ea7a838cf7739eb0c3d679891","3e1bac85905abf7c2a2e778282f1d93785929eb2","HAS_ARTICLE"
"3672a247dfcb2f2ea7a838cf7739eb0c3d679891","11be44013703c682b39bc9157d1880ff68295bcd","HAS_ARTICLE"
"3672a247dfcb2f2ea7a838cf7739eb0c3d679891","1bfd9ae608e48f87f6303a9b69f0e064e3106e41","HAS_ARTICLE"
"3672a247dfcb2f2ea7a838cf7739eb0c3d679891","34a5d923a6693acc57dee33524a7d7dc63c4b4d2","HAS_ARTICLE"
"3672a247dfcb2f2ea7a838cf7739eb0c3d679891","64e0ebe2867af3bb169a1b2c8ac5f38e2f613d2b","HAS_ARTICLE"
"3672a247dfcb2f2ea7a838cf7739eb0c3d679891","667214c8a44a486de07da24702338c869d919c9c","HAS_ARTICLE"
"3672a247dfcb2f2ea7a838cf7739eb0c3d679891","3dd248de96f5de1986c07741b3db3da40c9ecab7","HAS_ARTICLE"
"3672a247dfcb2f2ea7a838cf7739eb0c3d679891","b92edab8a7de49f1729a7f47692f9ffabec5e0a7","HAS_ARTICLE"
"3672a247dfcb2f2ea7a838cf7739eb0c3d679891","9b44f5e2132f6708801d539cb0bec9d197c1e794","HAS_ARTICLE"
"3672a247dfcb2f2ea7a838cf7739eb0c3d679891","4dc826b8512854e1a7934c73a385cade5dae18d6","HAS_ARTICLE"
"3672a247dfcb2f2ea7a838cf7739eb0c3d679891","879a931711f0fb1bb049be06207d2b890c920c75","HAS_ARTICLE"
"3672a247dfcb2f2ea7a838cf7739eb0c3d679891","3a829b4aca299316410b0d32cf0d38488a3d5b95","HAS_ARTICLE"
"3672a247dfcb2f2ea7a838cf7739eb0c3d679891","1d0a2621cb9d203d1dd3cefefdab87a276d2f648","HAS_ARTICLE"
"3672a247dfcb2f2ea7a838cf7739eb0c3d679891","d6e45371a6716a6fdd79e57dd1722798fa2fed9b","HAS_ARTICLE"
"3672a247dfcb2f2ea7a838cf7739eb0c3d679891","803b12b341d8ca4cb7459c7adf4a326e7a490a9f","HAS_ARTICLE"
"5e02d6b64678734c316c926322189749c0e86c99","8a5ebcfc62b7a83a4dd8f5be0337003268d3ab71","HAS_ARTICLE"
"5e02d6b64678734c316c926322189749c0e86c99","e72171ff1ecb646a9234993403fc700dbfd18b93","HAS_ARTICLE"
"5e02d6b64678734c316c926322189749c0e86c99","f91d8e0b5bb3396b0f93095cb06f1f7acd9aeed6","HAS_ARTICLE"
"5e02d6b64678734c316c926322189749c0e86c99","9bd97017bb39af5cad0fc40dcf50805d857db881","HAS_ARTICLE"
"533824fad014ae189c406d9900ab0446a7d64ed2","d8fcd096eede27379b74d4f8eef2b11c5c7310f2","HAS_ARTICLE"
"533824fad014ae189c406d9900ab0446a7d64ed2","905a96e04b14c3d37feb4ad7ab4071c731cd80ad","HAS_ARTICLE"
"533824fad014ae189c406d9900ab0446a7d64ed2","79b1c93f8dfe1c18b4e43fd3db53b88c764f15ad","HAS_ARTICLE"
"7345a10cf57fd5aceeba0429c6ad3747efaf0125","ebceba5e3d55e464efc73683550c93001966354d","HAS_ARTICLE"
"7345a10cf57fd5aceeba0429c6ad3747efaf0125","06322a1e1afe15f2b55f6caa8880814b69cb9571","HAS_ARTICLE"
"7345a10cf57fd5aceeba0429c6ad3747efaf0125","5aa72ec7ffa71fc4d2b809a232383dc7200f0168","HAS_ARTICLE"
"7345a10cf57fd5aceeba0429c6ad3747efaf0125","9ece834511187f3dc9f86bb91ac0e30328d4445d","HAS_ARTICLE"
"7345a10cf57fd5aceeba0429c6ad3747efaf0125","d68faad725eae0fa99802845825a6c1762fed458","HAS_ARTICLE"
"7345a10cf57fd5aceeba0429c6ad3747efaf0125","573665d45940ff83d3de6726eebf7bfced11e311","HAS_ARTICLE"
"7345a10cf57fd5aceeba0429c6ad3747efaf0125","284657bfd8bb951ac5a7096ca9b7f61a2daeb3af","HAS_ARTICLE"
"7345a10cf57fd5aceeba0429c6ad3747efaf0125","906179125337167f673cde69b75a410963908e19","HAS_ARTICLE"
"7345a10cf57fd5aceeba0429c6ad3747efaf0125","8f42f906fd2c0cfeb3b348cff7c448cac8758450","HAS_ARTICLE"
"7345a10cf57fd5aceeba0429c6ad3747efaf0125","07250d3282c9d2938cbb6895be55aa56e6127ed6","HAS_ARTICLE"
"7345a10cf57fd5aceeba0429c6ad3747efaf0125","7597ce2eb347ca4c70245f9a2a637627d0e53838","HAS_ARTICLE"
"7345a10cf57fd5aceeba0429c6ad3747efaf0125","262d68a2e410dd10bce563f4d0b19bc730e4a30c","HAS_ARTICLE"
"7345a10cf57fd5aceeba0429c6ad3747efaf0125","3c7a66c1040f78d57a4cb37456cc9e8381ea3dcc","HAS_ARTICLE"
"7345a10cf57fd5aceeba0429c6ad3747efaf0125","7b9e7ffbcd756560c8b4631a12504a347cbfd953","HAS_ARTICLE"
"90606df4cb2f0a9e1ec3951a7b55b43c9b6b2091","54a4b493819df26138c505d881231934334d053f","HAS_ARTICLE"
"90606df4cb2f0a9e1ec3951a7b55b43c9b6b2091","af042d9ac115a3dc169c64c3d4e5207b2f043342","HAS_ARTICLE"
"90606df4cb2f0a9e1ec3951a7b55b43c9b6b2091","4e08454268bbe7b4240017d917519fa0b54ec699","HAS_ARTICLE"
"90606df4cb2f0a9e1ec3951a7b55b43c9b6b2091","3133ca56e6aae08f0660ffc8749bdfbb87e3e52e","HAS_ARTICLE"
"90606df4cb2f0a9e1ec3951a7b55b43c9b6b2091","295f4faf9e3bd6c3b5f353fbde7284e0c4ef064a","HAS_ARTICLE"
"90606df4cb2f0a9e1ec3951a7b55b43c9b6b2091","2edeadce0fd8411bda71182ce7f751daf676ae80","HAS_ARTICLE"
"90606df4cb2f0a9e1ec3951a7b55b43c9b6b2091","fd7a955467d66d3c7e6daca64f0f4fbd93b8e235","HAS_ARTICLE"
"90606df4cb2f0a9e1ec3951a7b55b43c9b6b2091","e537919751c6ce87f6810d87329c4fcd9bc0ac94","HAS_ARTICLE"
"90606df4cb2f0a9e1ec3951a7b55b43c9b6b2091","ed320bfbac6c3c25c161a84591b7749d952a41cb","HAS_ARTICLE"
"2ca8e99446105411defaa0076467ce3d113650b1","61212c8f1367af2dd379bc5f6eaa6c76fdc83672","HAS_ARTICLE"
"2ca8e99446105411defaa0076467ce3d113650b1","4d57a4c393ca835b66f6c3eafcdc2092406d92de","HAS_ARTICLE"
"2ca8e99446105411defaa0076467ce3d113650b1","2400f567cf5bd9d9b200a6cf34641fc4e53ee0e6","HAS_ARTICLE"
"2ca8e99446105411defaa0076467ce3d113650b1","bbf12795c2a15493772b54e970daa504edb17926","HAS_ARTICLE"
"2ca8e99446105411defaa0076467ce3d113650b1","a79b47b09b12c047e7a6593c3b53779b828b932e","HAS_ARTICLE"
"2ca8e99446105411defaa0076467ce3d113650b1","a1bda73cb5950b7d5149cd6b10e27a80d7e7f627","HAS_ARTICLE"
"2ca8e99446105411defaa0076467ce3d113650b1","af1856e33e91de8f71f861604a961c48a0429c8d","HAS_ARTICLE"
"2ca8e99446105411defaa0076467ce3d113650b1","0b0c6152eb2fca28d11715a80b6eee4c5670048e","HAS_ARTICLE"
"9db37799554dfffa116f77d012751f35c048b549","8d619df898c738c6b55bfdc3ee60259fc8084e65","HAS_ARTICLE"
"9db37799554dfffa116f77d012751f35c048b549","71f874771740eab0eddb25ca1c9e1d80d5dfd652","HAS_ARTICLE"
"9db37799554dfffa116f77d012751f35c048b549","4b8e4c9ffc3f5974f25da001070b51a3a043b1b8","HAS_ARTICLE"
"9db37799554dfffa116f77d012751f35c048b549","cb96b1579cbec7eb5f46f035c658019cd4345ff5","HAS_ARTICLE"
"9db37799554dfffa116f77d012751f35c048b549","d21967ed8732509856248d5d872981d80d57194a","HAS_ARTICLE"
"9db37799554dfffa116f77d012751f35c048b549","d822a2896ba75fe60d5efe19aa1538684dfceafe","HAS_ARTICLE"
"9db37799554dfffa116f77d012751f35c048b549","1f96d19d4e541638b2a7d999d3b308137ba25c57","HAS_ARTICLE"
"9db37799554dfffa116f77d012751f35c048b549","10c0c4f2b0db55ea2f9954af41151ab0f06a4266","HAS_ARTICLE"
"9db37799554dfffa116f77d012751f35c048b549","94e9bcc34b64d1a2053f289e611680c763fde617","HAS_ARTICLE"
"9db37799554dfffa116f77d012751f35c048b549","79b749369bdb92e3e1cd6143211dbd45100da97e","HAS_ARTICLE"
"9db37799554dfffa116f77d012751f35c048b549","e8c3ab635ded3260382a84a8d5ae70d847ed4fbd","HAS_ARTICLE"
"9db37799554dfffa116f77d012751f35c048b549","adf4056a8ccc21b3c816115fc47e3c5eaa7802ca","HAS_ARTICLE"
"9db37799554dfffa116f77d012751f35c048b549","bd2badd8e62b9e1884f2e2a27e7d24a93dcb5a9e","HAS_ARTICLE"
"9db37799554dfffa116f77d012751f35c048b549","5cc7513a361b82aa6feca3310697d5e9d91d66bc","HAS_ARTICLE"
"9db37799554dfffa116f77d012751f35c048b549","f293ba586dfb5b50036090771dc2fec89c7e1173","HAS_ARTICLE"
"9db37799554dfffa116f77d012751f35c048b549","c305a470bf56aa5254c7c31fa5f6163e736e0992","HAS_ARTICLE"
"9db37799554dfffa116f77d012751f35c048b549","7c17ea68f1dd3a9a6ec3a6aa131b97f18e8e30bf","HAS_ARTICLE"
"9db37799554dfffa116f77d012751f35c048b549","5c7692d4fbeb09f50c11cd338eede8bcedaa7971","HAS_ARTICLE"
"9db37799554dfffa116f77d012751f35c048b549","ff5659c962c43b6c879769d9bd2b08f165bb7424","HAS_ARTICLE"
"9db37799554dfffa116f77d012751f35c048b549","32156fcfa2f5118af1851cfc919abfeac3c6fcf8","HAS_ARTICLE"
"9db37799554dfffa116f77d012751f35c048b549","96aec1b3405f296a91e61dd0a0ccb372d3472ada","HAS_ARTICLE"
"9db37799554dfffa116f77d012751f35c048b549","13dcc90349ced4f886b88cbe737b786656c9a609","HAS_ARTICLE"
"9db37799554dfffa116f77d012751f35c048b549","b10c954e62fa4eaf4472a98053a9e3ebbffab9df","HAS_ARTICLE"
"9db37799554dfffa116f77d012751f35c048b549","036c860b8bd7fd2db7037a7260a66cb27c7a4b2a","HAS_ARTICLE"
"9db37799554dfffa116f77d012751f35c048b549","f469d8ee3151f1eeabda9e31e75198b842095770","HAS_ARTICLE"
"73387e6a3f0939345e1c4d4ebbbf0b1bbd6a7dd8","36405728fd323be96b833f0ebfb50ebad9295756","HAS_ARTICLE"
"73387e6a3f0939345e1c4d4ebbbf0b1bbd6a7dd8","8b94388ac81df4865f720eba7f04c3225374572a","HAS_ARTICLE"
"73387e6a3f0939345e1c4d4ebbbf0b1bbd6a7dd8","576b9dcf460d7d7fc5e0e3ddda9fbf1cee65e7c3","HAS_ARTICLE"
"73387e6a3f0939345e1c4d4ebbbf0b1bbd6a7dd8","34cbc8ed736e9daabeda8940dfccaf0551b15e89","HAS_ARTICLE"
"73387e6a3f0939345e1c4d4ebbbf0b1bbd6a7dd8","56aee0f03e3b393b65fdc48498e3625744f85418","HAS_ARTICLE"
"432b3e16fd01d793f8c93bfb31d88f70d97b62cf","3f12d1b634fd2264bf3b26e607a898e0feab0278","HAS_ARTICLE"
"432b3e16fd01d793f8c93bfb31d88f70d97b62cf","480a6796341a3157ee569670a9ae6e99e60b3b00","HAS_ARTICLE"
"432b3e16fd01d793f8c93bfb31d88f70d97b62cf","f566e83f00a98d656e6089e0fcf6fad92e990895","HAS_ARTICLE"
"432b3e16fd01d793f8c93bfb31d88f70d97b62cf","c7a4425ea6fd77c43fd985f93ebd2da05c5d2108","HAS_ARTICLE"
"432b3e16fd01d793f8c93bfb31d88f70d97b62cf","cb8b0597b144fc67a07efdd6600a074261035cb4","HAS_ARTICLE"
"432b3e16fd01d793f8c93bfb31d88f70d97b62cf","44d74bb2e207bbc02dd0c45e5346b9e3b5661b9f","HAS_ARTICLE"
"e378927455df54765f891489de91aa332b1636db","ddb2b6cf7c78be2735d6f7f9ff744f6d0b8c565a","HAS_ARTICLE"
"e378927455df54765f891489de91aa332b1636db","12957553e23854a7020bf31d420bee041d8c1ac2","HAS_ARTICLE"
"e378927455df54765f891489de91aa332b1636db","8c07da9e6eb2e81965051bcc4f9d2a0624135fd8","HAS_ARTICLE"
"e378927455df54765f891489de91aa332b1636db","0a8a7d0fefa4cfa90a35b3baa5ac6174374e05b1","HAS_ARTICLE"
"e378927455df54765f891489de91aa332b1636db","5e5e446485ee49630e91c1cdf6a19a8564f38ff8","HAS_ARTICLE"
"a7b1277faafe8b4f10c33af84fb90d93ce36672f","1d422052ef3858e94464753123c4059b11452bd7","HAS_ARTICLE"
"a7b1277faafe8b4f10c33af84fb90d93ce36672f","5e86a24297cd7bf05ea795460316e037ea97845a","HAS_ARTICLE"
"a7b1277faafe8b4f10c33af84fb90d93ce36672f","b00465269e2c7bc1dd28c1186e5e1b73b1213de4","HAS_ARTICLE"
"a7b1277faafe8b4f10c33af84fb90d93ce36672f","7076e07c1c1110b48adb6dc799c319ce21da47fe","HAS_ARTICLE"
"a7b1277faafe8b4f10c33af84fb90d93ce36672f","0d27bb304a87b41559a0af245e256ea744be83db","HAS_ARTICLE"
"2c8ab80f97baceb956da8a1f4a5b554af3d9cf8a","1ce2cd286d3f5063f19561b2325b4c5d9619941b","HAS_ARTICLE"
"2c8ab80f97baceb956da8a1f4a5b554af3d9cf8a","ddffad0067b5819ea72f5d6a51ac09ca1e22817b","HAS_ARTICLE"
"2c8ab80f97baceb956da8a1f4a5b554af3d9cf8a","1d2dcd830dbbd7338aeb0474d8575b4d458826c5","HAS_ARTICLE"
"2c8ab80f97baceb956da8a1f4a5b554af3d9cf8a","1566b8be38f06904b00719e0fcc2d6cb8c22ca6a","HAS_ARTICLE"
"2c8ab80f97baceb956da8a1f4a5b554af3d9cf8a","c308ad95819b42bbe17e35a97ac354af5cc1f23b","HAS_ARTICLE"
"2c8ab80f97baceb956da8a1f4a5b554af3d9cf8a","a84872f6d91cd3b104aa44c93ae20e5b023f8c9f","HAS_ARTICLE"
"2c8ab80f97baceb956da8a1f4a5b554af3d9cf8a","7c6ae9a6585e90aed6460849640564ad466d7bd1","HAS_ARTICLE"
"2c8ab80f97baceb956da8a1f4a5b554af3d9cf8a","70c6b49b561fb03c19a71cc5daf6abf2e0866685","HAS_ARTICLE"
"2c8ab80f97baceb956da8a1f4a5b554af3d9cf8a","fa9e81da8b22336f7bbe3bb213dbf6498786589b","HAS_ARTICLE"
"2c8ab80f97baceb956da8a1f4a5b554af3d9cf8a","98644bfc6d0d4161e42497a695ea48c1f202ee08","HAS_ARTICLE"
"2c8ab80f97baceb956da8a1f4a5b554af3d9cf8a","590e00334393976e76009a348a502b44ded7c1a1","HAS_ARTICLE"
"2c8ab80f97baceb956da8a1f4a5b554af3d9cf8a","104f222cb1ea4e036fd2686d99378d1d479c18e8","HAS_ARTICLE"
"abbdf8e975c7ba5f97a5942f64f46ce4c05015bc","ce592d6b50518e8e125e3f4cf55f14bf451cfefc","HAS_ARTICLE"
"abbdf8e975c7ba5f97a5942f64f46ce4c05015bc","6077c352a77d0ae221ab961d56bc73e4fa4f8fc3","HAS_ARTICLE"
"abbdf8e975c7ba5f97a5942f64f46ce4c05015bc","a0d02248875f2799b46d74335d53c1432de9fd30","HAS_ARTICLE"
"abbdf8e975c7ba5f97a5942f64f46ce4c05015bc","dcd91bdcc917efb96af8e0966bcd4cc0c5c1998a","HAS_ARTICLE"
"abbdf8e975c7ba5f97a5942f64f46ce4c05015bc","5a15c8287c5981fa23f449ea43b0dcb89f17ca92","HAS_ARTICLE"
"f68ef128e0ae1593763f496b12a9444ccb7843fe","fde140a2cab2ddf8d6c4723fc90ac1cb70564660","HAS_ARTICLE"
"f68ef128e0ae1593763f496b12a9444ccb7843fe","66ca5a2f6bfcd03ce827a77e8423274850556c41","HAS_ARTICLE"
"f68ef128e0ae1593763f496b12a9444ccb7843fe","93174c4a801b5002c3aae0849c83435e86e05058","HAS_ARTICLE"
"f68ef128e0ae1593763f496b12a9444ccb7843fe","a7454766b51846daf41ae99458b595e16cdeea0a","HAS_ARTICLE"
"f68ef128e0ae1593763f496b12a9444ccb7843fe","baa3d716e6de6a478f5c8cc8ade20a7a39a95053","HAS_ARTICLE"
"f68ef128e0ae1593763f496b12a9444ccb7843fe","835975b9d70e13e59e5b2d7784a643cfab786845","HAS_ARTICLE"
"f68ef128e0ae1593763f496b12a9444ccb7843fe","290d25e2c8349a9dd724d76a5827cabd01d79ccc","HAS_ARTICLE"
"67e3ed6947d85a7b494f15e14d9407ee3ae2ecf5","5d8aaf23d5dcdec59b44dda0aa4babd01fd464e5","HAS_ARTICLE"
"67e3ed6947d85a7b494f15e14d9407ee3ae2ecf5","68a569dd510e129ca0488dc52efd86f84a62ee55","HAS_ARTICLE"
"67e3ed6947d85a7b494f15e14d9407ee3ae2ecf5","1e3c9f8ca7828bc4b17787f4c08a744fa176d7ec","HAS_ARTICLE"
"723ea556f74d82916841698c88e0a4fa4f3ac686","79a6065a927a3dc4654e7b836b27c8b6b09245e0","HAS_ARTICLE"
"723ea556f74d82916841698c88e0a4fa4f3ac686","cfe2dd0f1655def4f7cb2cde361d8b98f5564d22","HAS_ARTICLE"
"723ea556f74d82916841698c88e0a4fa4f3ac686","c26d52050b47dc8267a45feeadaf029c8a6f9dab","HAS_ARTICLE"
"0579fa999b85c9c823265564296f7884a700f82e","36232d85a77470a57730d203b213440eb39fdbb1","HAS_ARTICLE"
"0579fa999b85c9c823265564296f7884a700f82e","169d88330057cc86e730523eb9999fa09bb16777","HAS_ARTICLE"
"0579fa999b85c9c823265564296f7884a700f82e","1d6a2504fe50314ac4441bd7a0b457d902d136d4","HAS_ARTICLE"
"0579fa999b85c9c823265564296f7884a700f82e","8da667c43caa528d4655872c677d5e9dfdaee61b","HAS_ARTICLE"
"0579fa999b85c9c823265564296f7884a700f82e","92b4559eacc68629f9a3d3321316be9aa8d68225","HAS_ARTICLE"
"0579fa999b85c9c823265564296f7884a700f82e","070419eee42dc191965179b2c4082610cf48876d","HAS_ARTICLE"
"75b65ccb46a3ecc4ade93b6fd95d40311d371ccd","b2d063ae62147925c66addb780cbcad2c2bb0146","HAS_ARTICLE"
"75b65ccb46a3ecc4ade93b6fd95d40311d371ccd","8bb8f29e1c0080e52f24e0c862e1ce5ba3147465","HAS_ARTICLE"
"75b65ccb46a3ecc4ade93b6fd95d40311d371ccd","9bf2adee5766c5dfbab590b61e568780842a5d6c","HAS_ARTICLE"
"75b65ccb46a3ecc4ade93b6fd95d40311d371ccd","7fd74987f66093f098d6b70126d4897bffcad2c5","HAS_ARTICLE"
"6ae4d5c70dbae1f668fbb8fa50d14371cf293263","2a26ac57604085f0b2ae8c4ed23f26712dfdcaf5","HAS_ARTICLE"
"6ae4d5c70dbae1f668fbb8fa50d14371cf293263","22836eb98baac690e1d86380b20c0fb325f53ff2","HAS_ARTICLE"
"6ae4d5c70dbae1f668fbb8fa50d14371cf293263","e7d1f80312410cdb6339bfb6a7c59744e773a2aa","HAS_ARTICLE"
"6ae4d5c70dbae1f668fbb8fa50d14371cf293263","03acc7a6bdbed51626915875779a3e94e6dc6972","HAS_ARTICLE"
"6ae4d5c70dbae1f668fbb8fa50d14371cf293263","d0970dcd89c054394afb40fa6a0209db7d35fdfa","HAS_ARTICLE"
"6ae4d5c70dbae1f668fbb8fa50d14371cf293263","0327eff750a5d2954de26b372050636969ee03c2","HAS_ARTICLE"
"6ae4d5c70dbae1f668fbb8fa50d14371cf293263","c86abd4fd9fe22c6b0e38e2c66474cdea6b4f21b","HAS_ARTICLE"
"0301cfef1a169a0849f4639ac12c6120594f69ba","8edba9bd45141d8a9437c706d3cd38aeef65b0cd","HAS_ARTICLE"
"0301cfef1a169a0849f4639ac12c6120594f69ba","753779591038c1008bb8ee717dbdc35685514d3b","HAS_ARTICLE"
"0301cfef1a169a0849f4639ac12c6120594f69ba","5e1580f75cf3ec695e7fedbafcccbca4d564f6dd","HAS_ARTICLE"
"44f6706c60b7f5611f205d243617f8ee278b70f0","10702782168d32e816a0208ba82e589286b63135","HAS_ARTICLE"
"44f6706c60b7f5611f205d243617f8ee278b70f0","c9448293a293d6dfaf5bd521a7b76de6ba2c5de1","HAS_ARTICLE"
"e638408e1388ab05c7c6affb7ec496707a152f2a","106656645eb082e657edaac7558255b089f3cf86","HAS_ARTICLE"
"34a4a42fcc6ddde92ac274e3513e97cb60555b6a","0b4222e84b9815d59ed3fd2a3e8412e58ba3351e","HAS_ARTICLE"
"34a4a42fcc6ddde92ac274e3513e97cb60555b6a","587fb7d5fb0bec13c6461a5cbebf44d612e8cd18","HAS_ARTICLE"
"34a4a42fcc6ddde92ac274e3513e97cb60555b6a","e6d56df03e17426b08eb97587d4733216e6793f7","HAS_ARTICLE"
"34a4a42fcc6ddde92ac274e3513e97cb60555b6a","15da516550665e65aa7b2268cd3ae191dbb11e6f","HAS_ARTICLE"
"34a4a42fcc6ddde92ac274e3513e97cb60555b6a","cea935f94591d1e7400c36d400970c7ebee1b98f","HAS_ARTICLE"
"34a4a42fcc6ddde92ac274e3513e97cb60555b6a","6dbbdfcfb89ae35e3f8fa448e06d89d19945aa3a","HAS_ARTICLE"
"34a4a42fcc6ddde92ac274e3513e97cb60555b6a","4534c9543a4cb45f44249e14ce3a2673aa95e79c","HAS_ARTICLE"
"34a4a42fcc6ddde92ac274e3513e97cb60555b6a","deff316bf669266574686e38b43fd31065a3425e","HAS_ARTICLE"
"34a4a42fcc6ddde92ac274e3513e97cb60555b6a","c5d1615db3a77758ca9fa16eaa2f526221bf5724","HAS_ARTICLE"
"34a4a42fcc6ddde92ac274e3513e97cb60555b6a","3d6860d778a6dccdbdae5f7b03936b980009080e","HAS_ARTICLE"
"1079e02d53705c553e7932f792a6e2d26111a9da","5383c240c794af32f862eea40bbdde2d60052a1e","HAS_ARTICLE"
"1079e02d53705c553e7932f792a6e2d26111a9da","71c2b32be523902a94fcba3a2fbd100a5a0d2433","HAS_ARTICLE"
"1079e02d53705c553e7932f792a6e2d26111a9da","788086c168af6338d2ebf49491d7026e6748a9db","HAS_ARTICLE"
"1079e02d53705c553e7932f792a6e2d26111a9da","bd5ec6d822cae098ca6f66dc19632fc1f9c1e56e","HAS_ARTICLE"
"1079e02d53705c553e7932f792a6e2d26111a9da","7fec8330949d34f94960d3e442b98c52359cfac2","HAS_ARTICLE"
"1079e02d53705c553e7932f792a6e2d26111a9da","3b3a2965752f28c218f43ae9ada87081cf95b8ce","HAS_ARTICLE"
"c556c745c921a254a01d00a23ef5b180afed3edb","c7a143293064b4c4ee26589ed45cf2a9ae708a6b","HAS_ARTICLE"
"c556c745c921a254a01d00a23ef5b180afed3edb","2638723be88fb70fd25d34de5c53ddf49005e3b0","HAS_ARTICLE"
"73e8084d2d49816c9d7a7fa4c2c9193489839cd2","a357f3fcc014300a4db168a8d9aaa627c461268f","HAS_ARTICLE"
"daaadff346909454699301e1328e946e7024fdb1","2c46a0a165b7994b386da85b8900e36cfd432da4","HAS_ARTICLE"
"daaadff346909454699301e1328e946e7024fdb1","36d9656d893737751f1b414107561ed42cb7d1c9","HAS_ARTICLE"
"daaadff346909454699301e1328e946e7024fdb1","626579beb49d5a4cbf5a6a022758b5663a15f88f","HAS_ARTICLE"
"daaadff346909454699301e1328e946e7024fdb1","7b7db7f76d11112c96798b2c67cb79f90d1e75fa","HAS_ARTICLE"
"daaadff346909454699301e1328e946e7024fdb1","15d26d72ac1a4dfe623285481dfe4c98cbaa0bf7","HAS_ARTICLE"
"daaadff346909454699301e1328e946e7024fdb1","25ee68ce23dad2013003f84b2757a77b8b66dc89","HAS_ARTICLE"
"242132a44283a68ae64abb1ab122dd3334242341","820717716bca66c78be191af6a70375adb875cfb","HAS_ARTICLE"
"242132a44283a68ae64abb1ab122dd3334242341","a3ab81e02f60d197bdcd9b254703d9b200e3d888","HAS_ARTICLE"
"242132a44283a68ae64abb1ab122dd3334242341","c6ec226a574f4939cba40af947f91f92c1b13ff1","HAS_ARTICLE"
"13f7f2a4b2f3763eb919215e1bbb30f8e573084d","ef3c594b9040b34cfbadf66c4eea9e673d2ac331","HAS_ARTICLE"
"14e7548782525b8df4a70c656a667783d741a9bc","deccf0ea892064f53ce775026b995289dc348666","HAS_ARTICLE"
"14e7548782525b8df4a70c656a667783d741a9bc","e1e5ce0784c11513ac0a88d056f8b20dc057a52a","HAS_ARTICLE"
"14e7548782525b8df4a70c656a667783d741a9bc","bfb8c6997d45f90b166f5d449b0baaa605cd4ff0","HAS_ARTICLE"
"14e7548782525b8df4a70c656a667783d741a9bc","c5bf792f0805a5036b43fbe176a9d978b6b1f2f0","HAS_ARTICLE"
"ba1aee3da9744f6f0df9ae66538c46c854ad3d59","ab2e348df1b4340cb37fb3367bd8fe09c0cd014e","HAS_ARTICLE"
"400e16bf53e190a38b16836f29950ba0241d7057","e483e9b2bf1aa1ce2123825492c0ec32acc9edb6","HAS_ARTICLE"
"400e16bf53e190a38b16836f29950ba0241d7057","671fec3be248a67c949b2d80b4fc95a86d1fe961","HAS_ARTICLE"
"48c4a313aaf1a2c726ef50009155ca73a4643b6a","a47deb2fab90982e2bd378b6a6241c949648299b","HAS_ARTICLE"
"48c4a313aaf1a2c726ef50009155ca73a4643b6a","a0e080c274b163681d286a93d4784cf201db192d","HAS_ARTICLE"
"48c4a313aaf1a2c726ef50009155ca73a4643b6a","dab0c14a55aed9cce3a5f61b248dda41d6ba1363","HAS_ARTICLE"
"48c4a313aaf1a2c726ef50009155ca73a4643b6a","15ac65497f6bd8b39aea96823b22e3b881e8bc6e","HAS_ARTICLE"
"48c4a313aaf1a2c726ef50009155ca73a4643b6a","ba1bb34f58d991946e6d21515313a6f736abef5e","HAS_ARTICLE"
"48c4a313aaf1a2c726ef50009155ca73a4643b6a","9d7a6d4cac14a32d656e7e9aa9abf055b400904e","HAS_ARTICLE"
"48c4a313aaf1a2c726ef50009155ca73a4643b6a","becb6046ae8b863722b7c6bedde7573b5ceb0a40","HAS_ARTICLE"
"b2b1575bb18986bde4a0f00fac6dc2d6e1b4fa1f","45f7c2e8e0040a504b806419d7efa72fd094f63e","HAS_ARTICLE"
"b2b1575bb18986bde4a0f00fac6dc2d6e1b4fa1f","4ad450d3b3373173b5b9f8315cf9bded1909633c","HAS_ARTICLE"
"b2b1575bb18986bde4a0f00fac6dc2d6e1b4fa1f","a07f1384b0b0ce83a70de0c8a491cf165c751efa","HAS_ARTICLE"
"b2b1575bb18986bde4a0f00fac6dc2d6e1b4fa1f","cbb290b778304d888cdecaf229ae5cae3bd5abaf","HAS_ARTICLE"
"b2b1575bb18986bde4a0f00fac6dc2d6e1b4fa1f","15f514177a40294b6d68b3644c768d2e01e56acf","HAS_ARTICLE"
"b2b1575bb18986bde4a0f00fac6dc2d6e1b4fa1f","8a837ee3f1a04bbea5515147752d511c8ddec1a4","HAS_ARTICLE"
"b2b1575bb18986bde4a0f00fac6dc2d6e1b4fa1f","cc6e70feae2850f6830b295453a3309d6d2b5572","HAS_ARTICLE"
"b2b1575bb18986bde4a0f00fac6dc2d6e1b4fa1f","5cc68744e4b6f56dd22d9a38f8b7ce25f13f8eda","HAS_ARTICLE"
"b2b1575bb18986bde4a0f00fac6dc2d6e1b4fa1f","b3ddee9535692ca5cdfbdadd6da5f7e75607816a","HAS_ARTICLE"
"b2b1575bb18986bde4a0f00fac6dc2d6e1b4fa1f","7c424a83ec971015d9d39ac3cce543d9a7ae7abd","HAS_ARTICLE"
"b2b1575bb18986bde4a0f00fac6dc2d6e1b4fa1f","d88a9ae97a00165f5b7df71cdcb6b1c37b41cf89","HAS_ARTICLE"
"bfeb7cbf824aeb0adb64344205f78a63062c0587","01dbfac84670c6183328c92e8d3e018511d2e4ce","HAS_ARTICLE"
"bfeb7cbf824aeb0adb64344205f78a63062c0587","a896a63f82176d972517f4147b060f9a5310e98f","HAS_ARTICLE"
"68f4c0b339ef2725211656075f340db794dce15e","0951303aa37ddd9c0bf2dc9926fd831e83304305","HAS_ARTICLE"
"68f4c0b339ef2725211656075f340db794dce15e","e7f30e45f196223e3567e2f3c5a58b9655fd94bf","HAS_ARTICLE"
"68f4c0b339ef2725211656075f340db794dce15e","8568d0981b8e9a4d41e9314499b5fc97f89ba952","HAS_ARTICLE"
"6240a550224944e7740c7e4f696168a6bb36834c","1f8d090b05be288fad7e25dde0bb4b02995bde37","HAS_ARTICLE"
"6240a550224944e7740c7e4f696168a6bb36834c","8a115af3166363299238c135e6fc2418758110ff","HAS_ARTICLE"
"6240a550224944e7740c7e4f696168a6bb36834c","dbbadc233a6cab319bd10f2f5c95f0b2417fc4ef","HAS_ARTICLE"
"6240a550224944e7740c7e4f696168a6bb36834c","f93af1f0dd042278a2345fe9d7f5ec48d233c4ed","HAS_ARTICLE"
"9528508c47ef61165672ac7ed0d44ed54466cdf1","b863d1342913f4cb27a65ac4667210c84f8727eb","HAS_ARTICLE"
"9528508c47ef61165672ac7ed0d44ed54466cdf1","345c3835e81f5468d0ce30b397a46d35ddbc91c5","HAS_ARTICLE"
"9528508c47ef61165672ac7ed0d44ed54466cdf1","106241122529dcee1770ec5a64228afc4c04fce1","HAS_ARTICLE"
"81ababdd8abf02ae68c20377ac3ed221903d3cf9","ccf5b47e0db9b18aa0b530ce2b3d8343314ed6ca","HAS_ARTICLE"
"81ababdd8abf02ae68c20377ac3ed221903d3cf9","1a223de57fb7a09258ab084f9a8625f8e4df66dc","HAS_ARTICLE"
"81ababdd8abf02ae68c20377ac3ed221903d3cf9","6d39f2696fa5b100c5bd7ce7046e21dc186ef293","HAS_ARTICLE"
"d941521825645d40f37987e71b94d95ffeede8b3","3e3edaf0a8a15b8c7fbf6fbedea70b2cc02b6597","HAS_ARTICLE"
"d941521825645d40f37987e71b94d95ffeede8b3","e3bcaaefd70dbc3f8d61e55d2439d59a8a6effd1","HAS_ARTICLE"
"9b645adf4821782ed490227ccfb6f0b3c7e394c6","d1e1d33e9ecb9997461a151b5ef0d6b0a9a2d36e","HAS_ARTICLE"
"9b645adf4821782ed490227ccfb6f0b3c7e394c6","1ef74b827d27d52b29760443eb4bedab768c8959","HAS_ARTICLE"
"9b645adf4821782ed490227ccfb6f0b3c7e394c6","67197887dc770610d7898eeed8d7b1d673ef2bae","HAS_ARTICLE"
"9b645adf4821782ed490227ccfb6f0b3c7e394c6","8e5108c2326b079aea0ca25b4f42d0a19a7eb7f9","HAS_ARTICLE"
"9b645adf4821782ed490227ccfb6f0b3c7e394c6","7b9d719efcda053fa9b7309421c6dc87855a2e02","HAS_ARTICLE"
"9b645adf4821782ed490227ccfb6f0b3c7e394c6","13ff78adb48ea2674eab13d0c5afd17441a6ee8c","HAS_ARTICLE"
"9b645adf4821782ed490227ccfb6f0b3c7e394c6","35226fe83b3efaa777a3d6b4d76b6da3dda517bc","HAS_ARTICLE"
"24c6f08827a92dce062079f8073a5c540e2f36a8","1100471f239f69eb136adf2e9cd05b8b6b077b7b","HAS_ARTICLE"
"24c6f08827a92dce062079f8073a5c540e2f36a8","1bbd87fa648e036cdc644977f52055c95700883b","HAS_ARTICLE"
"24c6f08827a92dce062079f8073a5c540e2f36a8","0453400c687a2f2b922f77ae6e532495b7509be8","HAS_ARTICLE"
"24c6f08827a92dce062079f8073a5c540e2f36a8","5b59f577b025559d71bcc8c002154d214ea52b9f","HAS_ARTICLE"
"24c6f08827a92dce062079f8073a5c540e2f36a8","7733594a8a7ab11b34e8a0c2010f12ab3908ebd8","HAS_ARTICLE"
"24c6f08827a92dce062079f8073a5c540e2f36a8","f5d1ecefd39f03cd57bdb38e972f27a7dbe42fba","HAS_ARTICLE"
"24c6f08827a92dce062079f8073a5c540e2f36a8","9222838c03c4e9ce81b13d56fbfd35b0dbf45a16","HAS_ARTICLE"
"1f5305d0ee83760aa0600f0af426c8ecb149e95d","528730032f67df20619b6cf640fc9bf835c437a1","HAS_ARTICLE"
"1f5305d0ee83760aa0600f0af426c8ecb149e95d","f688aa0999f14c216ec2496888e09347055300ee","HAS_ARTICLE"
"1f5305d0ee83760aa0600f0af426c8ecb149e95d","0b63307f95e34e2fcc5f293b20a2b356af7ef808","HAS_ARTICLE"
"1f5305d0ee83760aa0600f0af426c8ecb149e95d","881072209c5c56540c39e5762ad36f9302f42ec3","HAS_ARTICLE"
"1f5305d0ee83760aa0600f0af426c8ecb149e95d","fdfe8de37dbd5d3f9cd2206e01ba4a93124cc370","HAS_ARTICLE"
"aaf9601837f10adb7a7e090901d45f0c12e61a01","17ffa3912452a55b746ceb7fbfd263a1d1e0e06f","HAS_ARTICLE"
"aaf9601837f10adb7a7e090901d45f0c12e61a01","8b036f2860badeb0037001cafe766a4876e70d61","HAS_ARTICLE"
"aaf9601837f10adb7a7e090901d45f0c12e61a01","7abf6d79e1f0d6f5dfee58145211d22d935e8641","HAS_ARTICLE"
"aaf9601837f10adb7a7e090901d45f0c12e61a01","2063f7694c08c52d586a891c8af8ccbda361f52d","HAS_ARTICLE"
"aaf9601837f10adb7a7e090901d45f0c12e61a01","5f1f239f378dd3ebfe78922e10384963ccbce4b7","HAS_ARTICLE"
"aaf9601837f10adb7a7e090901d45f0c12e61a01","23263b4d359d92efcd9a8b46749046d15cabe647","HAS_ARTICLE"
"aaf9601837f10adb7a7e090901d45f0c12e61a01","250a048b731531b9e868f629d7c427486399552b","HAS_ARTICLE"
"aaf9601837f10adb7a7e090901d45f0c12e61a01","514d0bba903236a625e9b70ee323fd1185d2d2fc","HAS_ARTICLE"
"aaf9601837f10adb7a7e090901d45f0c12e61a01","5b3c8aa7efb5d1f342892b30895540de5f30ebe1","HAS_ARTICLE"
"f24f8c19aeb6e66c0efadf846eb86ffbd6e63022","93e34c1ebbb63e1d00bc757799c1af3a7ae9ca3f","HAS_ARTICLE"
"f24f8c19aeb6e66c0efadf846eb86ffbd6e63022","0045fe36a6d1aa2ba084fb140fac8748554a6d58","HAS_ARTICLE"
"8e2e892678070780b363ef2913a195ad8f772a67","d77baf54bedda7bbb0376aedb7f3b981b1b98898","HAS_ARTICLE"
"dd90920f956b9770e884c0bdafa67266ec906cb1","0371620ea0df8081b3bbccf47ad99e28e84f23bc","HAS_ARTICLE"
"dd90920f956b9770e884c0bdafa67266ec906cb1","1cb0adee2cfa323b836c5f0ffc6e76a195ab8547","HAS_ARTICLE"
"dd90920f956b9770e884c0bdafa67266ec906cb1","0defa476cd5998264b6531a958ad8ead72368f5d","HAS_ARTICLE"
"4d069a4c660c547eb85b2a112a67e30370b66873","e259f10f6cf46740d6be16f28caa3ccdba0fc7bc","HAS_ARTICLE"
"4d069a4c660c547eb85b2a112a67e30370b66873","099d73af57937de4e219f92827052788fc56b5b6","HAS_ARTICLE"
"4d069a4c660c547eb85b2a112a67e30370b66873","e1f13251697e7a1ac7c6e26e968de88d872c5303","HAS_ARTICLE"
"4d069a4c660c547eb85b2a112a67e30370b66873","438c5d76159a3d944a54cf7393da2dca9cce70a4","HAS_ARTICLE"
"4d069a4c660c547eb85b2a112a67e30370b66873","8ecff689a5c3eb9b692524b59f82dc1b08d276c2","HAS_ARTICLE"
"4d069a4c660c547eb85b2a112a67e30370b66873","1fafc259e940b95f00a135f3f8dc84ea5e1fdb6d","HAS_ARTICLE"
"4d069a4c660c547eb85b2a112a67e30370b66873","75b4de455b460b62640199a6a74d779f19cb8a2e","HAS_ARTICLE"
"4d069a4c660c547eb85b2a112a67e30370b66873","6842a7d23b66b3f5e3c8514606aeaf0479e5f548","HAS_ARTICLE"
"4d069a4c660c547eb85b2a112a67e30370b66873","98b3275c6be15f26f068d77547885ea9bd3cf9da","HAS_ARTICLE"
"4d069a4c660c547eb85b2a112a67e30370b66873","50b04175da78183e79bcc28284f33efd09015a31","HAS_ARTICLE"
"4d069a4c660c547eb85b2a112a67e30370b66873","4dec633c7ba19db5ed5d152b546c6897384b6b15","HAS_ARTICLE"
"4d069a4c660c547eb85b2a112a67e30370b66873","e4204632b216d6efd16395ead6271a9b9c3eb890","HAS_ARTICLE"
"4d069a4c660c547eb85b2a112a67e30370b66873","7befada5289b69ab89f72f00d807155cecd693e3","HAS_ARTICLE"
"10380202a5357440c08ae91b3118b17e51ca0386","a117a205c2a61ecb81f504cfd5773d9c5ef0fa55","HAS_ARTICLE"
"10380202a5357440c08ae91b3118b17e51ca0386","5044cd1c58cf9176ba5b07434e074538c32e838f","HAS_ARTICLE"
"3a63ebfdb3f28166bea0d68fb012e1a3d40942df","c4faed6a45aea5fa25b2bd0c4de06c727ed6c006","HAS_ARTICLE"
"3a63ebfdb3f28166bea0d68fb012e1a3d40942df","1454022cab281fb2a26fb4336b91aa1b84a28352","HAS_ARTICLE"
"3a63ebfdb3f28166bea0d68fb012e1a3d40942df","99096390405f3f7d59bd86ce8f7e623dfe3b64d5","HAS_ARTICLE"
"3a63ebfdb3f28166bea0d68fb012e1a3d40942df","f1677a4bfbe32692d6530bd3165da2143023b6e9","HAS_ARTICLE"
"3a63ebfdb3f28166bea0d68fb012e1a3d40942df","1ce178fe9cfa96504c93cf17b5befb41265d0a16","HAS_ARTICLE"
"3a63ebfdb3f28166bea0d68fb012e1a3d40942df","f4c5f4f57dfd01f7cd75b7f436d2ebf27191ce7d","HAS_ARTICLE"
"83f71ba7723778a760523a7eb7dc610e4beef799","dc5e6e3ab2407ca8f58965e166b4a8cbfeb8d075","HAS_ARTICLE"
"83f71ba7723778a760523a7eb7dc610e4beef799","b3118b0235f8b4052b1643e6dba17c7ef1a4fd3a","HAS_ARTICLE"
"83f71ba7723778a760523a7eb7dc610e4beef799","744e5736caa353435fa143677bfe3c7054cd6c5d","HAS_ARTICLE"
"83f71ba7723778a760523a7eb7dc610e4beef799","5dc635e7b8137db3540562019be87c7019708159","HAS_ARTICLE"
"83f71ba7723778a760523a7eb7dc610e4beef799","0aa4c938e2ae5f8c9d37dde664ba9f4cff6f9e8c","HAS_ARTICLE"
"83f71ba7723778a760523a7eb7dc610e4beef799","0671e747221ad17a3839b2c64247e1cc6cee3699","HAS_ARTICLE"
"83f71ba7723778a760523a7eb7dc610e4beef799","035739b34a55f31aaa33408c0c0acc8555b336bc","HAS_ARTICLE"
"83f71ba7723778a760523a7eb7dc610e4beef799","6e564974a930539b7ea20822b97e03cf55de425b","HAS_ARTICLE"
"83f71ba7723778a760523a7eb7dc610e4beef799","9e3a0b88be317c40b52af561eb6527ef1509bb29","HAS_ARTICLE"
"83f71ba7723778a760523a7eb7dc610e4beef799","d7c413361a87eb9f782124ae459672d06a5b5c23","HAS_ARTICLE"
"83f71ba7723778a760523a7eb7dc610e4beef799","8c2463611a0c327e873a03134ed25eac5756ac25","HAS_ARTICLE"
"83f71ba7723778a760523a7eb7dc610e4beef799","e37402be0893a2c5265b53bbc47ab6aec8d42c3e","HAS_ARTICLE"
"83f71ba7723778a760523a7eb7dc610e4beef799","71811c025baae84f5ba210504daedbf9b8f0aeab","HAS_ARTICLE"
"83f71ba7723778a760523a7eb7dc610e4beef799","f949030d45aa27890a7a0cc037c20f55680601a2","HAS_ARTICLE"
"83f71ba7723778a760523a7eb7dc610e4beef799","9a880641434c555bd3a47ba7f950c344ee7d5e76","HAS_ARTICLE"
"83f71ba7723778a760523a7eb7dc610e4beef799","c50333d621c125805f3092845968b00eb6d1ba2d","HAS_ARTICLE"
"83f71ba7723778a760523a7eb7dc610e4beef799","f8b0270f8aa5f355beec17ea369b87a235a66f52","HAS_ARTICLE"
"83f71ba7723778a760523a7eb7dc610e4beef799","38ca3389260e8d90a337c67ffa1efe7c387a71ae","HAS_ARTICLE"
"83f71ba7723778a760523a7eb7dc610e4beef799","92a42f1ce35794a00c5fb5ad5aba0c6661ff9b8a","HAS_ARTICLE"
"83f71ba7723778a760523a7eb7dc610e4beef799","64993fcfb937ef03effabb1acfdb5aa2b14dcb54","HAS_ARTICLE"
"83f71ba7723778a760523a7eb7dc610e4beef799","0d4fee177a2e3971387529696c01d6422a8a13a4","HAS_ARTICLE"
"83f71ba7723778a760523a7eb7dc610e4beef799","eea28a3c7b638808960ba853cca9ee0addea5fca","HAS_ARTICLE"
"83f71ba7723778a760523a7eb7dc610e4beef799","409cc86ebbf27401d02a516fef22dfc26b87e0d3","HAS_ARTICLE"
"855853a11a6042eeab67043ca12602d3faa108d3","090154c2d86096f0bf36fea69bdc404a47587cec","HAS_ARTICLE"
"5ec5e3d4c72e7e4f957a47d15921c48c95afc0b2","81cff23f68a69f1dd2acb65821559f25497873bd","HAS_ARTICLE"
"5ec5e3d4c72e7e4f957a47d15921c48c95afc0b2","6750906d2dcece370ebef7ed2ab6e55ef401051e","HAS_ARTICLE"
"5ec5e3d4c72e7e4f957a47d15921c48c95afc0b2","41cb3cc8000773dc4ee89c1a4945ff233fb1d016","HAS_ARTICLE"
"60495a86f108ec2fbadb418caeb4a9e4f47118d9","e50c6dd4a0689c46bd26f0bf5fdd9ab4b3c62d8d","HAS_ARTICLE"
"60495a86f108ec2fbadb418caeb4a9e4f47118d9","9ee3dac2c3e2729c8c70b7fc325f2e3cd1e42c2e","HAS_ARTICLE"
"60495a86f108ec2fbadb418caeb4a9e4f47118d9","e716ae34bedf1d615eef5278e635f71436288518","HAS_ARTICLE"
"60495a86f108ec2fbadb418caeb4a9e4f47118d9","7ab74837467904c2654fbda78dea96ffe1a2eb75","HAS_ARTICLE"
"60495a86f108ec2fbadb418caeb4a9e4f47118d9","956871cf6fd1260b6225e1d2b15c19f58942fc62","HAS_ARTICLE"
"60495a86f108ec2fbadb418caeb4a9e4f47118d9","dfba4cb5ac8540dbeec12e2bf1e8ab05b33e9a72","HAS_ARTICLE"
"60495a86f108ec2fbadb418caeb4a9e4f47118d9","4f94ae4df418e2c0d69a7e588e001fe3006d6be8","HAS_ARTICLE"
"60495a86f108ec2fbadb418caeb4a9e4f47118d9","4caa27369c135ea3910ee21b35ade826fbcbb54c","HAS_ARTICLE"
"4f590623bff7ecc75b1048f680a77fc0bc642988","404ce1388142754573510a8a8d1e28a3d6baeba9","HAS_ARTICLE"
"4f590623bff7ecc75b1048f680a77fc0bc642988","5d983c78790e278a3363df786c74a6f21af7a4b1","HAS_ARTICLE"
"3c98e2a57c2495b234a322d961da1b92310708b0","57075b4a64c8ddfe2afb82fb4f1bdb387b7f7784","HAS_ARTICLE"
"e5c5f9e4b8f9cad44ca6eead48f677dc861fab1d","caa1948fc0706abf95100c0c097847306a595fe6","HAS_ARTICLE"
"e5c5f9e4b8f9cad44ca6eead48f677dc861fab1d","0a290cdf12c82af6f05d299bfe50851ff9be0db2","HAS_ARTICLE"
"e5c5f9e4b8f9cad44ca6eead48f677dc861fab1d","d7b1754296bb9202406aa68b82c1654fb49df5fa","HAS_ARTICLE"
"61197937e60f114ce23325095b11a465a8a15e3d","bfe258ef0d60c1158649cdd9e4a6cfaac509efb9","HAS_ARTICLE"
"61197937e60f114ce23325095b11a465a8a15e3d","27321e6490a33506baf18fb474e781102a9d778c","HAS_ARTICLE"
"eaf27877ee2990845fa9b6491dddcc9182b697d9","09c9494e30092373912530cf0dbfd3ce11ee60b3","HAS_ARTICLE"
"eaf27877ee2990845fa9b6491dddcc9182b697d9","0eaeec4990fdcb2959d4b72674a0929288d6a8e4","HAS_ARTICLE"
"eaf27877ee2990845fa9b6491dddcc9182b697d9","c6d53be39d7fa19f3e9415c3712ccc7b50a9fcfb","HAS_ARTICLE"
"eaf27877ee2990845fa9b6491dddcc9182b697d9","9f1c86ad573bcb54bce3c650ac25c903fe57dfe6","HAS_ARTICLE"
"8e1d79b4af34d10ead3476f7ac8c163ef6c20781","71f85a9a75387e7b77037ac0bf086d84d827665a","HAS_ARTICLE"
"9843a22eaa9f2f064ed9b2abd6c74f03d24d9add","60022b59b331b8567b6e9e8cd9ccae214574b0d2","HAS_ARTICLE"
"9843a22eaa9f2f064ed9b2abd6c74f03d24d9add","e9197c4955dd5f2ba45da4976b50f74a414e6844","HAS_ARTICLE"
"9843a22eaa9f2f064ed9b2abd6c74f03d24d9add","1a2f27fc0344ea71ef78f4ee871c4b1136459c44","HAS_ARTICLE"
"9843a22eaa9f2f064ed9b2abd6c74f03d24d9add","b1f20aa51d552106b5635bd47b0fb208d261568c","HAS_ARTICLE"
"9843a22eaa9f2f064ed9b2abd6c74f03d24d9add","20596af505439c048b74fd28bd4f8b43fb74d878","HAS_ARTICLE"
"9843a22eaa9f2f064ed9b2abd6c74f03d24d9add","79c3bc876cd2f95d31b42617e1b1e71db4dd8e9e","HAS_ARTICLE"
"9843a22eaa9f2f064ed9b2abd6c74f03d24d9add","255e49719592db5c0c5c4b99587e01660ba76265","HAS_ARTICLE"
"9843a22eaa9f2f064ed9b2abd6c74f03d24d9add","cc12f3875643bd88b42ccdde8bbf6838d21a0c25","HAS_ARTICLE"
"9843a22eaa9f2f064ed9b2abd6c74f03d24d9add","28e9fe3b5c799e9d07d99568649c0d0113d9461a","HAS_ARTICLE"
"14242823a92143ff2feb142d8443fad09ce0858d","1568c6c1ba9d9284b2e481b40c839e339bd51244","HAS_ARTICLE"
"14242823a92143ff2feb142d8443fad09ce0858d","91bd2fa8c8ddb5870ac5a6a2e606c4ccbc854af6","HAS_ARTICLE"
"14242823a92143ff2feb142d8443fad09ce0858d","070d64823a521d5a3e2cfec81ed7f5814344a8d2","HAS_ARTICLE"
"14242823a92143ff2feb142d8443fad09ce0858d","9ebd6fcf22c010e7b5770ccf803f299e83a32d5e","HAS_ARTICLE"
"14242823a92143ff2feb142d8443fad09ce0858d","8738131e5c19cdc611af38916eb33a485f9e0662","HAS_ARTICLE"
"14242823a92143ff2feb142d8443fad09ce0858d","0a02754879628958bd4abd1b41aa678ae4a3a598","HAS_ARTICLE"
"14242823a92143ff2feb142d8443fad09ce0858d","225a09238f6ec59ac9836087e17246ed3a6b7df8","HAS_ARTICLE"
"14242823a92143ff2feb142d8443fad09ce0858d","4e033b2e26a74273c0fde9685eff070e6b566729","HAS_ARTICLE"
"14242823a92143ff2feb142d8443fad09ce0858d","bbe6409e391f57a6bffb5ab09999a0b8761e5ec2","HAS_ARTICLE"
"14242823a92143ff2feb142d8443fad09ce0858d","550561e087a51aad27e98776e13c0f3105252d90","HAS_ARTICLE"
"14242823a92143ff2feb142d8443fad09ce0858d","2be52579465b1e427b12ac79b4abc526a8644f84","HAS_ARTICLE"
"14242823a92143ff2feb142d8443fad09ce0858d","b357f870f5f1df18133e03d10520fa19e661922c","HAS_ARTICLE"
"14242823a92143ff2feb142d8443fad09ce0858d","03786caf15e1c5c8c2fd8554f1b2224e47390274","HAS_ARTICLE"
"14242823a92143ff2feb142d8443fad09ce0858d","11e7aab44d0691997a47cdfc06d9f2a13d6159d8","HAS_ARTICLE"
"14242823a92143ff2feb142d8443fad09ce0858d","d9975a6216c34b597eadc360dd7db3149eb28678","HAS_ARTICLE"
"14242823a92143ff2feb142d8443fad09ce0858d","ce3c5ae6959aef2f0fe06a47a6dfc21846ca7425","HAS_ARTICLE"
"14242823a92143ff2feb142d8443fad09ce0858d","fc2c29a4e48f6b60e46649eb7e6c238c1b35220a","HAS_ARTICLE"
"14242823a92143ff2feb142d8443fad09ce0858d","a2d8fe7b7ea840abac6c2d05fdd5b91d4a616642","HAS_ARTICLE"
"bb57827fa1660d6607320d51b54a81557300050c","0891ea9bc4e93ba74c304274a9888576953b5d03","HAS_ARTICLE"
"bb57827fa1660d6607320d51b54a81557300050c","fdf206e2fb5dcff5a347624cea6c68134189c88e","HAS_ARTICLE"
"bb57827fa1660d6607320d51b54a81557300050c","968eefa33460eeaf8eda6816048d25783d8ccb50","HAS_ARTICLE"
"bb57827fa1660d6607320d51b54a81557300050c","fc702a8bfa716d4203d0cce00f4862bb4c6b90fc","HAS_ARTICLE"
"bb57827fa1660d6607320d51b54a81557300050c","fd9ebb2a09afc537ed206c0a15acfe0606db9f95","HAS_ARTICLE"
"bb57827fa1660d6607320d51b54a81557300050c","d9c0ec62154d99ffac8086be7f5c3edde30b39aa","HAS_ARTICLE"
"bb57827fa1660d6607320d51b54a81557300050c","ded0c4ebe27cf5a12670605aa842f6346b92312a","HAS_ARTICLE"
"bb57827fa1660d6607320d51b54a81557300050c","aa10e0a3cf129a5f8a063a9ebbf921e80073dc1a","HAS_ARTICLE"
"bb57827fa1660d6607320d51b54a81557300050c","422e749fca9ceb222520789b38fb95e8006c3ddc","HAS_ARTICLE"
"d77f9998df92dce5d45a1e49b0c1c7a340cb5617","1d0ed91b2c25f2e6d57772a06623c76ec127eac3","HAS_ARTICLE"
"d77f9998df92dce5d45a1e49b0c1c7a340cb5617","97ada9f378d677eff7f0feca869021365270cc58","HAS_ARTICLE"
"4c78c478ec3007ad47dda3c0f08ab26617a37849","d0ee71d8d21e6664bf19a46732f72cf409badf7e","HAS_ARTICLE"
"4c78c478ec3007ad47dda3c0f08ab26617a37849","17b6edcb15ce0ebfcb071b85b814690fbd2b0b41","HAS_ARTICLE"
"58b414ba512df2367aa2035c9d3efc8cfd74b5b7","5d3f5eba9c55b9153094553d2955aa305326632b","HAS_ARTICLE"
"58b414ba512df2367aa2035c9d3efc8cfd74b5b7","4a9e969f8dc3db4f4d8e0956a5bd02283e69edc4","HAS_ARTICLE"
"58b414ba512df2367aa2035c9d3efc8cfd74b5b7","7e99deffcea1c536c0c5a74ab2e46b99824cc935","HAS_ARTICLE"
"58b414ba512df2367aa2035c9d3efc8cfd74b5b7","5f9e80736d1cfec609efba07ff581fe2e770b453","HAS_ARTICLE"
"58b414ba512df2367aa2035c9d3efc8cfd74b5b7","9136b851a3c210235b037ea725e7bcab77cad6e9","HAS_ARTICLE"
"58b414ba512df2367aa2035c9d3efc8cfd74b5b7","eded9d15e542feaa1d9f454df9e92910e72c89eb","HAS_ARTICLE"
"58b414ba512df2367aa2035c9d3efc8cfd74b5b7","92d095163557874c4a43daf79ce56330f352680b","HAS_ARTICLE"
"58b414ba512df2367aa2035c9d3efc8cfd74b5b7","6ff60947c8c4e33ad3a632896ee99517af9619dd","HAS_ARTICLE"
"58b414ba512df2367aa2035c9d3efc8cfd74b5b7","654ea85200c28e8db38e534485dfca67ddf54c17","HAS_ARTICLE"
"58b414ba512df2367aa2035c9d3efc8cfd74b5b7","1f666eefb48a99b4bbaa879678b4a60790ceea42","HAS_ARTICLE"
"0bf475332a03270c034e3842e2fff2d94814f2cf","8fbf43032c93ff3d4125513db89dcbceff421b75","HAS_ARTICLE"
"dddfabb956b3f63aa6a82378857a7524eec9fd3a","7ad9484f5222e1fdef342fc91a4b3c626ba5896d","HAS_ARTICLE"
"ddc4917cee53d6823906c67a9a62b7847c82d32a","1039c9f8b6c5ae3754576fb73178e8098695508a","HAS_ARTICLE"
"ddc4917cee53d6823906c67a9a62b7847c82d32a","f0dc4d31e30800e4c3b4779817412291ffd395e6","HAS_ARTICLE"
"ddc4917cee53d6823906c67a9a62b7847c82d32a","aefcc4a5c8fad4d630d778f0b7429566b4bd728e","HAS_ARTICLE"
"ddc4917cee53d6823906c67a9a62b7847c82d32a","64e4b5410360d0e9065ebce03ee03631e19f149a","HAS_ARTICLE"
"ddc4917cee53d6823906c67a9a62b7847c82d32a","f6616cb508e8be7266304eb88a0798257176249f","HAS_ARTICLE"
"ea82fb7ddc2937e7158d3c10bbfa0e798f3bd402","6d1e83ae4d60cc2b1a2f2539731d6b03fd045d1c","HAS_ARTICLE"
"ea82fb7ddc2937e7158d3c10bbfa0e798f3bd402","6b1e3c8c07330cb0f715cfff4c47b9f979c39ae8","HAS_ARTICLE"
"ea82fb7ddc2937e7158d3c10bbfa0e798f3bd402","dd2f56b22bdf2afb3e728c71979d1150f4e80c6d","HAS_ARTICLE"
"ea82fb7ddc2937e7158d3c10bbfa0e798f3bd402","10d9edc0949fe0f4b12b86910baf817e09467275","HAS_ARTICLE"
"ea82fb7ddc2937e7158d3c10bbfa0e798f3bd402","0f20470f47e5334d0edc0bd2cd384f5d70701fca","HAS_ARTICLE"
"ea82fb7ddc2937e7158d3c10bbfa0e798f3bd402","8fe18414562d55b7ebe344ac0bb17def53678d5e","HAS_ARTICLE"
"ea82fb7ddc2937e7158d3c10bbfa0e798f3bd402","d849411909674d7dbcf97572096be81121a05c35","HAS_ARTICLE"
"ea82fb7ddc2937e7158d3c10bbfa0e798f3bd402","a0bae5ee1985a61cd5545bcdebeb1a2aad457d63","HAS_ARTICLE"
"2e0a6baa5634421b24c3704a9e9a7a43ae0c8ff0","3173f11aec5a87f151d09c9635821bee5204d5df","HAS_ARTICLE"
"2e0a6baa5634421b24c3704a9e9a7a43ae0c8ff0","9efd489189379f69243767a8598250bbf9c24c2e","HAS_ARTICLE"
"2e0a6baa5634421b24c3704a9e9a7a43ae0c8ff0","1ffba1b442606e17e3edde4d00928ec0e518aa43","HAS_ARTICLE"
"2e0a6baa5634421b24c3704a9e9a7a43ae0c8ff0","63b1f59c98384de25e9f3f86cd4d44d85910c073","HAS_ARTICLE"
"2e0a6baa5634421b24c3704a9e9a7a43ae0c8ff0","a49a3704979eba3ca48db641d33d1461c4136bb1","HAS_ARTICLE"
"f7b8eb529c9d6ceda3a295064e5af24812ba1d21","bf7fd0186be73d0b1fb142992c784afca7f2b29a","HAS_ARTICLE"
"f7b8eb529c9d6ceda3a295064e5af24812ba1d21","8308d8fd65478808845db5f2486425265a1dc996","HAS_ARTICLE"
"5297fd7eb97b6a8526a807f09706fd52df779a56","040c2d23e8d45964277e8ba07829845bad1b4894","HAS_ARTICLE"
"5297fd7eb97b6a8526a807f09706fd52df779a56","44ccca4772ab4741fcbe64030900558a22c2af57","HAS_ARTICLE"
"5297fd7eb97b6a8526a807f09706fd52df779a56","2e72f9bf33a0ebebf8feaa5dbd0387e84a4a38b6","HAS_ARTICLE"
"f2e8eb0dbce1679f13d12839e2ed6781bde574cd","417aa8b2175f7a720ca3b800c30320f7ca5f05e7","HAS_ARTICLE"
"f2e8eb0dbce1679f13d12839e2ed6781bde574cd","97c95b7d82be3de53951e06d09b1869d64fb81a7","HAS_ARTICLE"
"f2e8eb0dbce1679f13d12839e2ed6781bde574cd","70e272175c780cefa02800f7dee4ced1572d8fce","HAS_ARTICLE"
"f2e8eb0dbce1679f13d12839e2ed6781bde574cd","9aad961cf2f13057694960854521d5720c5ee0c7","HAS_ARTICLE"
"095130d88840d16db74f3588489af22471fb0f33","87f6409646a7f135924a78bc4f1e99eb586e9c88","HAS_ARTICLE"
"095130d88840d16db74f3588489af22471fb0f33","b675c0e9e9f53f8b570e8d18174032f9862058de","HAS_ARTICLE"
"04c5ddb3a218ae32f385bfcdefc22204044b5577","2f50440ed2101539fcdc2d77d9e1ca95d9683018","HAS_ARTICLE"
"04c5ddb3a218ae32f385bfcdefc22204044b5577","05054f54d48b6c2c067ea75661756f65a0987991","HAS_ARTICLE"
"ffab10711193de5b1e96020008e500ddc9d5d95e","e842efdc948bb70daf7136dbbbc7224dff13e4da","HAS_ARTICLE"
"ffab10711193de5b1e96020008e500ddc9d5d95e","4cbd12424cd83b497b8556f8a5f2e9daa71997aa","HAS_ARTICLE"
"1e65f4a146ac53c92c7aa77805d265a28e65547f","aa22de50fbb692d1168701ca72280f6bbf788695","HAS_ARTICLE"
"1e65f4a146ac53c92c7aa77805d265a28e65547f","3b17ca176b34daedf2bf59d0688592b5fd2c02b7","HAS_ARTICLE"
"1e65f4a146ac53c92c7aa77805d265a28e65547f","656936c71619c3eccba5765525fca49703fc92db","HAS_ARTICLE"
"1e65f4a146ac53c92c7aa77805d265a28e65547f","2f912e7545982674e8a856309607119aab8a9033","HAS_ARTICLE"
"1e65f4a146ac53c92c7aa77805d265a28e65547f","d984e660379c149a455cf0b2097f3cc2c08d6a2f","HAS_ARTICLE"
"1fe4d2fe54178155a63f35b70ce15f7327b9a2f8","ae88babfd1204f4a70a9e872c2b666bd4e24ad58","HAS_ARTICLE"
"1fe4d2fe54178155a63f35b70ce15f7327b9a2f8","d89f662e9186373ed83b4192f8169b7f196aab1e","HAS_ARTICLE"
"1fe4d2fe54178155a63f35b70ce15f7327b9a2f8","ac73c6e034d3553f6736b48b4f211bf6b9b5ffaf","HAS_ARTICLE"
"1fe4d2fe54178155a63f35b70ce15f7327b9a2f8","4bb10f942de1e40fc7bea4178e5e6c593e183c26","HAS_ARTICLE"
"1fe4d2fe54178155a63f35b70ce15f7327b9a2f8","3fdc55f2a3c1e4774581f015059ae22a40c84f1c","HAS_ARTICLE"
"d108b3b2497085f74ad5ba2386f7a45c1bf25852","76ad9588f492f17c3e9b665913be8bc43de5a591","HAS_ARTICLE"
"4194b586f9db60502a89151e4840c099d23d5ba6","61180b44c7a5b53b737a0f8c83ddf9c229f4da33","HAS_ARTICLE"
"1301389dde73d04bcae26d8ccca6446a87623dc4","5b1fbbc18ec2437b64406a52c3dd1b50632ee737","HAS_ARTICLE"
"1301389dde73d04bcae26d8ccca6446a87623dc4","9c6e661c4d1dfa211a0f8a6c7fe6e23b3b232551","HAS_ARTICLE"
"1301389dde73d04bcae26d8ccca6446a87623dc4","ffc0ba1d0b59e6dfb823de29caacd4728b05b28f","HAS_ARTICLE"
"1301389dde73d04bcae26d8ccca6446a87623dc4","60f4a5a81ce5bf76c79dc432ce231621b957e013","HAS_ARTICLE"
"1301389dde73d04bcae26d8ccca6446a87623dc4","d741efb35e81f8ee16dd292af390012983247cca","HAS_ARTICLE"
"1301389dde73d04bcae26d8ccca6446a87623dc4","e2db8c60466924b1fce707c0661c0ed99bed02cc","HAS_ARTICLE"
"1301389dde73d04bcae26d8ccca6446a87623dc4","f4249dd96a3bb0b0fefcf4cc85a8f73a20481a10","HAS_ARTICLE"
"1301389dde73d04bcae26d8ccca6446a87623dc4","d2d7cbe079e584b8d6095332bdf90d4e1ad3c8ed","HAS_ARTICLE"
"1301389dde73d04bcae26d8ccca6446a87623dc4","6afd698bee5a195a7eae0e9a8443dc15fc3de28e","HAS_ARTICLE"
"ec15f18507402ef4a3a50d3fb56d13a6f4643c73","80523646460862d651d30d953eebebb6192e5479","HAS_ARTICLE"
"ec15f18507402ef4a3a50d3fb56d13a6f4643c73","ee55067113a8d3735ca9ac13d1df5b388033cd07","HAS_ARTICLE"
"ec15f18507402ef4a3a50d3fb56d13a6f4643c73","c887ca9b56a25cd6b6bcb2f2b5ba3fe2a51e2dcb","HAS_ARTICLE"
"ec15f18507402ef4a3a50d3fb56d13a6f4643c73","fe70316edc97dae95645e2ac165be92bc59f02e6","HAS_ARTICLE"
"ec15f18507402ef4a3a50d3fb56d13a6f4643c73","a1d907823edde368570b27630ce2a2ecca00c918","HAS_ARTICLE"
"ec15f18507402ef4a3a50d3fb56d13a6f4643c73","6b33b87c9d74ae49db732a62fcc7ac53aa0c8fa1","HAS_ARTICLE"
"ec15f18507402ef4a3a50d3fb56d13a6f4643c73","f758d675b452d8e93ef6e4473141e378fb547224","HAS_ARTICLE"
"ec15f18507402ef4a3a50d3fb56d13a6f4643c73","e19aa697cda1bed7afbe0adf405e294827b2b851","HAS_ARTICLE"
"ec15f18507402ef4a3a50d3fb56d13a6f4643c73","fce3a8eaaeec7e118d3742214d56c1df58dfd953","HAS_ARTICLE"
"ec15f18507402ef4a3a50d3fb56d13a6f4643c73","a2a5a4f884ccc684609287d05ab5d6ff02bea7be","HAS_ARTICLE"
"ec15f18507402ef4a3a50d3fb56d13a6f4643c73","5c8646be09e99f19f80f7a50f18bfe151e4d3b08","HAS_ARTICLE"
"ec15f18507402ef4a3a50d3fb56d13a6f4643c73","8dd861d03bcb6976b57120a3f5d5bf6bca569295","HAS_ARTICLE"
"c0c9e77bbc24ee0825dcc2e33305592efd5109df","4ecdba54772a16bb8527ad281807db3975d4a952","HAS_ARTICLE"
"c0c9e77bbc24ee0825dcc2e33305592efd5109df","6d9050b246f671319c4244094495cb2494d53792","HAS_ARTICLE"
"c0c9e77bbc24ee0825dcc2e33305592efd5109df","b8219b76b5506e3e41c9f429c843eb19a19d8d2e","HAS_ARTICLE"
"c0c9e77bbc24ee0825dcc2e33305592efd5109df","8bc71267d0e0eb94f99bd84617c36c146827d57e","HAS_ARTICLE"
"c0c9e77bbc24ee0825dcc2e33305592efd5109df","27508ae96af3720d775e0e1622d223a2b5f4e7b1","HAS_ARTICLE"
"c0c9e77bbc24ee0825dcc2e33305592efd5109df","91be3309a8755f0e621bb58636e09efdf7f8ab44","HAS_ARTICLE"
"c0c9e77bbc24ee0825dcc2e33305592efd5109df","e20064495b84bce08fb461f1e4653a9d807fb586","HAS_ARTICLE"
"c0c9e77bbc24ee0825dcc2e33305592efd5109df","6f37d74b1f7e92d8e8b1077a8410e6868009949a","HAS_ARTICLE"
"7344df9f011ff8a9603a143a5d4b45b3d4aa85d1","9247ac9f7e8e4ab01dbaba2fa91fb7d948cc8059","HAS_ARTICLE"
"9356e1e90fa508ff33ef6437fe150da9138e34d0","7a30cb98d4bc0484869be6cf2d4796205fb712b2","HAS_ARTICLE"
"9356e1e90fa508ff33ef6437fe150da9138e34d0","42afeabe9ddf3c6ce2e7dc2f9c5fc69a1b1861a5","HAS_ARTICLE"
"890d3d1bd3307ae5bb6ce98861a0e5437409e5ce","cf3d213539f7c4fa350b5f2a8e1a2d5f3e3a688a","HAS_ARTICLE"
"890d3d1bd3307ae5bb6ce98861a0e5437409e5ce","3d361e35fe5e3b89b6743149181557613d36269a","HAS_ARTICLE"
"890d3d1bd3307ae5bb6ce98861a0e5437409e5ce","76d6a78b705e18fdba8cd829a542703e2df41e55","HAS_ARTICLE"
"890d3d1bd3307ae5bb6ce98861a0e5437409e5ce","660f3ea92f1e1f2268d44a9724047968895aebd5","HAS_ARTICLE"
"890d3d1bd3307ae5bb6ce98861a0e5437409e5ce","7f21a9d956e4e0e3e1aed9ad6bc23d4de3ec158c","HAS_ARTICLE"
"e070418ed02a8665a967f3692fa3f331e964d952","8074801f3ab16c142bdc35f79f2768568af89403","HAS_ARTICLE"
"e070418ed02a8665a967f3692fa3f331e964d952","36c29ab64de5b4314c896877a3cb7e465a3e15f2","HAS_ARTICLE"
"8376e3a13d8bc83e2c84a5a0341f4acd49b1da8f","652eaf14d1c0f9968a2d9539d067650c0afe153a","HAS_ARTICLE"
"3eb9e7aab2995671e4f35e3657073f39d154ab6a","bab69f10bf214d02deddb84a7119fea3db61c089","HAS_ARTICLE"
"3eb9e7aab2995671e4f35e3657073f39d154ab6a","27676977c8f820fe3e7d0089f4f6fd372e1690f0","HAS_ARTICLE"
"3eb9e7aab2995671e4f35e3657073f39d154ab6a","8ad6f3bf9f715fa3e1dda627c9890245c32dcfc4","HAS_ARTICLE"
"3eb9e7aab2995671e4f35e3657073f39d154ab6a","1d5a8a1c808708fe1236d92a430cb77587541347","HAS_ARTICLE"
"3eb9e7aab2995671e4f35e3657073f39d154ab6a","76867cce9a0dc0c0e1e628f02c84761702526cda","HAS_ARTICLE"
"3eb9e7aab2995671e4f35e3657073f39d154ab6a","38c6fd51e903e2e2f8ce5e986255f0a47627bdb2","HAS_ARTICLE"
"73e75eb5637d4235c495afc4271565fc77c129cc","0c478beb460a5be4438c094ea5ca36f74ae17627","HAS_ARTICLE"
"73e75eb5637d4235c495afc4271565fc77c129cc","baf52b51938354a3d68212e1d76e44517e22a2b3","HAS_ARTICLE"
"73e75eb5637d4235c495afc4271565fc77c129cc","17f85107ae9528347703d5d7c3262d675c685179","HAS_ARTICLE"
"73e75eb5637d4235c495afc4271565fc77c129cc","6e4e8dda57531e7dba58c0914fcf603523ae0a2c","HAS_ARTICLE"
"7a16d33bb4bca184dfede49949e87b255761db1c","22f2956792d89bdcbe9fddaf4207338e71b994ec","HAS_ARTICLE"
"7a16d33bb4bca184dfede49949e87b255761db1c","0c0a5859041a1d69bbe5e9cbf9f1a8d0873ecff3","HAS_ARTICLE"
"7a16d33bb4bca184dfede49949e87b255761db1c","5d2bd2d9a5492fe74e5b18824f445793da3ebf42","HAS_ARTICLE"
"7a16d33bb4bca184dfede49949e87b255761db1c","fa2a01be10bf782cb4201cf5897b9190cd69f8ea","HAS_ARTICLE"
"7a16d33bb4bca184dfede49949e87b255761db1c","1cfe693c8197195ce9fde7797f273aa09f94fef3","HAS_ARTICLE"
"808c4f690267dc70c9c045348b59a834530da40d","7104ff205b05b62ac05fc950da23cd9dcd0c156f","HAS_ARTICLE"
"808c4f690267dc70c9c045348b59a834530da40d","9be5a348f0a0a6d91aec4d956df742a17c56bb34","HAS_ARTICLE"
"808c4f690267dc70c9c045348b59a834530da40d","7b95fcb504eabe06d2ae06e655dacd7b27e14a63","HAS_ARTICLE"
"7dcb1c5094508f5431fac319dd77c8f796fbf2d9","5ae5e7f0d0de827868b8ed2fc13e2a35d45fe8b7","HAS_PARAGRAPH"
"4d09bfa6422083a6539ecf39b61d44ebbda52e0b","e0d7deb9f847840ca1808ff34e8a94d7c63d7b5e","HAS_PARAGRAPH"
"100a6a96f0657c4cc0db470261e9f9ac6bab773d","baab7a4b60da504419b7b15026a20d9f435a86c6","HAS_PARAGRAPH"
"6adff12319a4d7e0a751a82637484faa48340d94","46054a4fe12f943d3362f688c33dd06d7d4a9d35","HAS_PARAGRAPH"
"6adff12319a4d7e0a751a82637484faa48340d94","7a8c6762ccef4a2017ef081549e05085a45d3b08","HAS_PARAGRAPH"
"92869e797ef5f67a718714a16099f9b57e0f3d28","6ce11d5cb4c07ada53b7939bac6d4989baf836cb","HAS_PARAGRAPH"
"d02f22e754a8bd596b9ce34c6dbf30dcbb90de13","189c2c40575f8f302f9e3f9415bac6f6ddf9ddcd","HAS_PARAGRAPH"
"d02f22e754a8bd596b9ce34c6dbf30dcbb90de13","8c0ed9fc7d3ccdb503942c531b0fc22ac12c70c8","HAS_PARAGRAPH"
"d02f22e754a8bd596b9ce34c6dbf30dcbb90de13","d91b643129d9ed6c67e428694c74dbe22ca3ad5c","HAS_PARAGRAPH"
"1f984f1f6bae52f7d9cd5fcb6c075e28b9ef6060","913928e7454173d44423893c74be2d08375ae701","HAS_PARAGRAPH"
"0ca724a85f2e9799570d8f082ea8105dade1f839","7b5278c80481faa59804b89c83c9a129a29bad0a","HAS_PARAGRAPH"
"0ca724a85f2e9799570d8f082ea8105dade1f839","00b9e203789b1b2fbe59f984115815383e285995","HAS_PARAGRAPH"
"0ca724a85f2e9799570d8f082ea8105dade1f839","2126cf20d9c2e517df75a653645f908f3c6e6c9e","HAS_PARAGRAPH"
"cc882a48ea9a913b24127b99fe0e8bec11b5af62","34d01611aa61e4921b21d6c168e7abfc49c72307","HAS_PARAGRAPH"
"cc882a48ea9a913b24127b99fe0e8bec11b5af62","9e7d2dcd8aefc77a8739dbaa573141f5c45aad6d","HAS_PARAGRAPH"
"cc882a48ea9a913b24127b99fe0e8bec11b5af62","16405701ab74350e7e6457b73bc4a3d02fdaff5b","HAS_PARAGRAPH"
"cc882a48ea9a913b24127b99fe0e8bec11b5af62","f048988c8c33b1176d9b1d2dd590d003330c764c","HAS_PARAGRAPH"
"a74a32a852afc10f46c2c159628d46fd99720fd6","a23dcde8670c48e95e3474b795afae076e69ae55","HAS_PARAGRAPH"
"a74a32a852afc10f46c2c159628d46fd99720fd6","c63052e5cfe6098009748fe5d6032ff72c2688d3","HAS_PARAGRAPH"
"0035beb161048039ffbe1f20b889aac3032c943d","66b5c725f3a7e5e8428227ce81bb2e143c50f3ec","HAS_PARAGRAPH"
"679dd7bcab9d282e7754bfdf73c6e32d4b05ac57","b12dc7260289fa4107ddcf4752ca6c3162ec54fb","HAS_PARAGRAPH"
"ac77da46f272d199a4b6261522df28a1a9df1349","6e1b2821fb6cbc82faeba67a6d0c2404c0a47794","HAS_PARAGRAPH"
"ac77da46f272d199a4b6261522df28a1a9df1349","25a30b2ed495734cd76b5e7d327fe9adacea30ec","HAS_PARAGRAPH"
"ef4f591f7d2c31a5542f2940855ba10c4120343e","b75796f262bfa985c43fab390f9235e86ec331d4","HAS_PARAGRAPH"
"ef4f591f7d2c31a5542f2940855ba10c4120343e","7e5383e617d5f452dfef764ebd214905a2ecf45e","HAS_PARAGRAPH"
"ba1dd8cce1506f8fdb0e5b642ef5549af350ed49","cc86bb7fd2bc06082c9af42492ef91464e846fd6","HAS_PARAGRAPH"
"ba1dd8cce1506f8fdb0e5b642ef5549af350ed49","b824e37e09cb4d8a037baec963eaaf1e5efa4b89","HAS_PARAGRAPH"
"cb2773347ed66da2e1bbd656a89ffac4c74bdaa8","72dbf9885d7c3524a73590e190a4cf2d91f97bfe","HAS_PARAGRAPH"
"cb2773347ed66da2e1bbd656a89ffac4c74bdaa8","531894d4e4b074ac81bd592a3b36f7beebfb63af","HAS_PARAGRAPH"
"cb2773347ed66da2e1bbd656a89ffac4c74bdaa8","a2f1f148cbfdec18dadd70b4f9a70bd4ceba1134","HAS_PARAGRAPH"
"cfec1e71bc029c4cb8192f462df3456ca6596eb0","dc0f2b419360135aad6219dae28270719c39755c","HAS_PARAGRAPH"
"3449d2a6a929f6c2a59baf34414f95faa05a5c4d","44c27c1d36b8d2c0fa1cf16180875d631ab04bb2","HAS_PARAGRAPH"
"a34da013252df262abe62e0c56623b81d0b30012","2f1e2a36dcef56886e5440ee20e651afd7497029","HAS_PARAGRAPH"
"be7579a9e1bd6b4ce9cf84c4d215129b930eb0d7","5820a170305c8ff5c036ab477dd80a65550e9b2a","HAS_PARAGRAPH"
"be7579a9e1bd6b4ce9cf84c4d215129b930eb0d7","6b1bc0eab331467e65ec14653e8b258543a45245","HAS_PARAGRAPH"
"bc389777961286b36bee796f18e8e55ab66f32cb","3c0793222bc35396b6894bb32f93fdb78e923f80","HAS_PARAGRAPH"
"9ad1a4e238ee059c6786c2a5a226278346f0a7f2","401a938d961724f681c6829f140889429e76ffba","HAS_PARAGRAPH"
"2091030cb0c06ea06c5f49301515bd75c2e27a96","cbc9df3f4aa80e36e1f8315e1097b852822f9f92","HAS_PARAGRAPH"
"2091030cb0c06ea06c5f49301515bd75c2e27a96","db6ced7e5a53d2da9205a9b51703f38dcbf2d3ec","HAS_PARAGRAPH"
"2091030cb0c06ea06c5f49301515bd75c2e27a96","66cec7772337970018e0d2ff778633355011c94e","HAS_PARAGRAPH"
"4f34aae9cdf11fd800d2c8b9d6eaab04534eae68","df15172e5048790103a41ac8ad0cc9825c363960","HAS_PARAGRAPH"
"d716fe45965cb33bfa4c3b73b6a5dccd2d71ce9d","eb38824debf228539bdefcf88f6de7d700120fc9","HAS_PARAGRAPH"
"3907833b4f02b822707e2a1900ebaabf2d9c085a","6e90a26839046c688f3ff163d090176396900045","HAS_PARAGRAPH"
"acb092a8ebd12f1566b92c4cc9fd30b62f67a902","eefb107f5a971ae6079f011bf9abc3a6742d326f","HAS_PARAGRAPH"
"acb092a8ebd12f1566b92c4cc9fd30b62f67a902","a9188bd6d4826153bf3ce109ce885043df9a1560","HAS_PARAGRAPH"
"7f9c4b671701b9dece247f99ac36b2f335a2986b","54c52751bd93a60776a7340ea278700695d0c9ef","HAS_PARAGRAPH"
"7f9c4b671701b9dece247f99ac36b2f335a2986b","1612ae6c438345fc4fb0a428f2fb25887c21cab9","HAS_PARAGRAPH"
"7f9c4b671701b9dece247f99ac36b2f335a2986b","ff534bb167050c456c7e625ef80d9185e1780bec","HAS_PARAGRAPH"
"fcb6afe56d85bb06045db4c7de12727e8f4d9937","90b097e105f168db08e8c29c104de8a5d44c47ee","HAS_PARAGRAPH"
"de5df27e8092c51834e93ac5e603fc18fc797c1d","e0628c8fe6059c645a9bff05a6fd0f4776732d4d","HAS_PARAGRAPH"
"1a179283872dc209d8d27a9e370245dbcdd39756","63084ce149f945a26a1d6e34d82ecb140433e349","HAS_PARAGRAPH"
"1a179283872dc209d8d27a9e370245dbcdd39756","a784de132102a0f981038c19ad7f296c23370456","HAS_PARAGRAPH"
"f1754867c61521a8f53dc63e3fe13f87d2ef8b92","13a1b7ccee2fe379cddd4123169c88634b8c58f4","HAS_PARAGRAPH"
"f1754867c61521a8f53dc63e3fe13f87d2ef8b92","ded7b53834bbb75162a5f20867c6aea8ed1524c2","HAS_PARAGRAPH"
"f1754867c61521a8f53dc63e3fe13f87d2ef8b92","37b35b873ef43e5bc8f01c6074e87f75c139fac8","HAS_PARAGRAPH"
"f1754867c61521a8f53dc63e3fe13f87d2ef8b92","aa9e81c419a7b09b5f117e75679b6c74592c11cc","HAS_PARAGRAPH"
"f1754867c61521a8f53dc63e3fe13f87d2ef8b92","b410e8af50e6ee7316d139b80f9f41e93858cbca","HAS_PARAGRAPH"
"f1754867c61521a8f53dc63e3fe13f87d2ef8b92","96f538c7253e1681ccf5a543a7de79f639a0ea6c","HAS_PARAGRAPH"
"7bf78eeb682c38649abf2854db4845181bb43b1f","6318f3af29965bef41891408398896e9b65a939b","HAS_PARAGRAPH"
"7bf78eeb682c38649abf2854db4845181bb43b1f","4ede2ce037cf247dd11e0cc76eb6151be6f7df89","HAS_PARAGRAPH"
"7bf78eeb682c38649abf2854db4845181bb43b1f","1f561d41ef63976c2af06aa590c222abd4e01629","HAS_PARAGRAPH"
"7bf78eeb682c38649abf2854db4845181bb43b1f","e97bd7c7e61d32039293c13a9db1038127e4a77b","HAS_PARAGRAPH"
"7bf78eeb682c38649abf2854db4845181bb43b1f","c31c215b4d9ad5d29656f437a0341700c709e559","HAS_PARAGRAPH"
"7bf78eeb682c38649abf2854db4845181bb43b1f","14a6b88293836cd5b79d7f5149923e84a0edb210","HAS_PARAGRAPH"
"7bf78eeb682c38649abf2854db4845181bb43b1f","2642671df1e37213c1103a841350a6a3c461b5c3","HAS_PARAGRAPH"
"7bf78eeb682c38649abf2854db4845181bb43b1f","e1e041feef351e565fbddff42270ba4ec2728052","HAS_PARAGRAPH"
"c47cb00b9ea1230bd2f9546beb594216f7e8aa06","6d724ba2c5675ab600dbe806825ccd86dec0cc60","HAS_PARAGRAPH"
"bd348b2afa606d9db9019d49058f01c467012e35","26e31d219e0f9166a044fd74fe9436df2d0467fd","HAS_PARAGRAPH"
"95d153429465fa53e8e65a12c8d7dcd3d8ba60bf","3503664fac3935e2f510f7c255d92dc153477941","HAS_PARAGRAPH"
"95d153429465fa53e8e65a12c8d7dcd3d8ba60bf","12d31c22642684f86158f61cbe834158439404c3","HAS_PARAGRAPH"
"95d153429465fa53e8e65a12c8d7dcd3d8ba60bf","b2ce0a324dd9197bcfc43d12f3e52aac6b55e48a","HAS_PARAGRAPH"
"d43be75ae1ff7d4d232eb5eff3cefb4840e80384","488d8587ed0c2d48d3253ad467a61a47799f6122","HAS_PARAGRAPH"
"56cbc7a2af537f56cdca7a1b50c016b89223cfa9","3fba2e731b1831360a9206fc4728582355f265f8","HAS_PARAGRAPH"
"56cbc7a2af537f56cdca7a1b50c016b89223cfa9","5a1cc6ec878b0654c48139263dc409acfd808b33","HAS_PARAGRAPH"
"d0b50a4f97e86021c2e6f82be6412a6815e5e0c2","dd1e5dae9efa5b53a91547e77363646045935838","HAS_PARAGRAPH"
"d0b50a4f97e86021c2e6f82be6412a6815e5e0c2","ec54efe73b3a28e68116803a3ea5069510a29b9b","HAS_PARAGRAPH"
"be103f08348440c404a3220e76175acc8be2ee51","3ec3dd1388d4cf97eca868b493521705e54126f7","HAS_PARAGRAPH"
"5ed8ed3d0ded3a4c05057875fd27ec41b360f941","3047a8bdab4957715e2623a34b82ca203a606960","HAS_PARAGRAPH"
"5ed8ed3d0ded3a4c05057875fd27ec41b360f941","e3cef9a30faa302f9d7c488d80d1ce133239e045","HAS_PARAGRAPH"
"5ed8ed3d0ded3a4c05057875fd27ec41b360f941","fabad05b4dc241aee950e90a3a8b28eb40d1fd44","HAS_PARAGRAPH"
"1911c8e5de17c506d90a34b569c0543feaa899dd","25fcac34e50b29b0a82718db17454270df3ce029","HAS_PARAGRAPH"
"1911c8e5de17c506d90a34b569c0543feaa899dd","68a4b90388ad4b40a6bad967f5d41f3875e0bc02","HAS_PARAGRAPH"
"1911c8e5de17c506d90a34b569c0543feaa899dd","9ba00f5c46c64a5da7b63ef5c7700eeebb43a498","HAS_PARAGRAPH"
"a8b0fa5f73299bdfd7e2dcb9b2a1865807531c2d","6088afe82b0940908a61ec77b4f0a6e3d8b73d06","HAS_PARAGRAPH"
"a8b0fa5f73299bdfd7e2dcb9b2a1865807531c2d","dab8e3771da0988497af867da277c4fe7e8e56eb","HAS_PARAGRAPH"
"a8b0fa5f73299bdfd7e2dcb9b2a1865807531c2d","bc17661824052aa7ff7c4f1a6ccb886c5462cf39","HAS_PARAGRAPH"
"a8b0fa5f73299bdfd7e2dcb9b2a1865807531c2d","2248a89da586c71d580718d4cd5dae6cca7ddf4b","HAS_PARAGRAPH"
"a8b0fa5f73299bdfd7e2dcb9b2a1865807531c2d","108b524964af47d44165edf689fb209056bce22e","HAS_PARAGRAPH"
"0b77517c0681380ce3d484f33149d33ede56916c","991c4857e3a77c3b0a70a18701ec004b5fb494d6","HAS_PARAGRAPH"
"0b77517c0681380ce3d484f33149d33ede56916c","c1da1dd248e8e978628de0c8c366b9a768f8714a","HAS_PARAGRAPH"
"0b77517c0681380ce3d484f33149d33ede56916c","d6f43dcd53c4e29382ffdc413fe7dc11fd69a439","HAS_PARAGRAPH"
"e3afb680446426c95833198e995e3b9560a1a420","fa8fd92c5023fd423cd47cb1af448e3af071bf2f","HAS_PARAGRAPH"
"e3afb680446426c95833198e995e3b9560a1a420","ee1fb4e5d0c4945a693887c64aaee919f624c995","HAS_PARAGRAPH"
"e3afb680446426c95833198e995e3b9560a1a420","cf9bdcf01fe4a98ca0bf854b37302cd7619da3f1","HAS_PARAGRAPH"
"90300a2878ca69fede564bae4681e3b8ab1a30fa","ff2908641e37cea3af13b340bf7dfcc8d6a8d077","HAS_PARAGRAPH"
"90300a2878ca69fede564bae4681e3b8ab1a30fa","917be8f4b54586987ca801f4edaad8ad29dd7ce2","HAS_PARAGRAPH"
"90300a2878ca69fede564bae4681e3b8ab1a30fa","de1cffbc847cb7d483cf7e86ed598abda32e692c","HAS_PARAGRAPH"
"37bdaeee24c1e981f30db0a78cc480cd939289ee","d21307e0274ef51a76f25e1c25353afbd9357794","HAS_PARAGRAPH"
"37bdaeee24c1e981f30db0a78cc480cd939289ee","24223687e89d1eb8e701e8e498de3f48ce65bf92","HAS_PARAGRAPH"
"37bdaeee24c1e981f30db0a78cc480cd939289ee","29f47e117908cbfaa487a1f754bb9955b64a9c60","HAS_PARAGRAPH"
"37bdaeee24c1e981f30db0a78cc480cd939289ee","3afb089e1570025b6fefdda3c1253b630af01a9d","HAS_PARAGRAPH"
"37bdaeee24c1e981f30db0a78cc480cd939289ee","900c341d944be01578820704e71a69574b50e2b8","HAS_PARAGRAPH"
"37bdaeee24c1e981f30db0a78cc480cd939289ee","b86b597be16ab0b9e80fee8afb837f3f853d679b","HAS_PARAGRAPH"
"37bdaeee24c1e981f30db0a78cc480cd939289ee","8e14cb9f159d70676cc896197c5579a08b2915ab","HAS_PARAGRAPH"
"787b16c4ee215cf42e73cbb62a3799da65739fa8","802760280ae2e7eeb18846332a2c0d1cc6414eb8","HAS_PARAGRAPH"
"787b16c4ee215cf42e73cbb62a3799da65739fa8","e375f99fbc941bcfa61566a21019955a0195d066","HAS_PARAGRAPH"
"548ba3cc1d95ca76ea8cc4512508fdbccbd3620f","206396a0a448704b8bddf8a99a302e5db0446a70","HAS_PARAGRAPH"
"548ba3cc1d95ca76ea8cc4512508fdbccbd3620f","e3ddc514b9edf2dafac7e978d1ae47cf5255ac1e","HAS_PARAGRAPH"
"548ba3cc1d95ca76ea8cc4512508fdbccbd3620f","3c65ce3168f68b6d65e0cf7926d2c8ba02a3b43b","HAS_PARAGRAPH"
"548ba3cc1d95ca76ea8cc4512508fdbccbd3620f","33bd3326601261945fadbd5646601549eadef5df","HAS_PARAGRAPH"
"548ba3cc1d95ca76ea8cc4512508fdbccbd3620f","33ebb9c51750a05881eccf62afb73a39a9ba80bf","HAS_PARAGRAPH"
"548ba3cc1d95ca76ea8cc4512508fdbccbd3620f","271eb8be86558cc8f9e1be4b3dc6be9560eaebe6","HAS_PARAGRAPH"
"7fd7519b238315a4f935c5d1cea2f963a93beba0","0f031d58c9c7f7b46cb55b5cb98ac418305481a8","HAS_PARAGRAPH"
"7fd7519b238315a4f935c5d1cea2f963a93beba0","e2f03fb656054a4272731b0bd41afc7612efb519","HAS_PARAGRAPH"
"a0ed0194af5ef075d293c9e03f56d3db11b2ee90","020c45190b0ce672f4b2a5c552f207635f5ca7db","HAS_PARAGRAPH"
"a0ed0194af5ef075d293c9e03f56d3db11b2ee90","b53dc5a85193e85ef4b9c009bf4fa4f6f511e3a8","HAS_PARAGRAPH"
"a0ed0194af5ef075d293c9e03f56d3db11b2ee90","8a2fe3f5523b85c8cc0fc6fcd4b37136f20bfacc","HAS_PARAGRAPH"
"a0ed0194af5ef075d293c9e03f56d3db11b2ee90","b8136fd9794ad6e2d515827e00e801bd396eb45c","HAS_PARAGRAPH"
"538c944f3b4a88628620ddeca4fb48f367d3dee8","9814b4b255fa1fad87776cda2fd65fe553ada6c7","HAS_PARAGRAPH"
"538c944f3b4a88628620ddeca4fb48f367d3dee8","a2e0c7bbb298ca8780d9a631b58e7efe51a1a23e","HAS_PARAGRAPH"
"00c67606f836e177a7ed3c8247b0e4f0f1df2430","a9bc062ccff9b3d66053a2f18dc1c3e2b292cb4f","HAS_PARAGRAPH"
"00c67606f836e177a7ed3c8247b0e4f0f1df2430","f6d1d0fd0d9b79e39e8bae67ee14702fe2b7d87a","HAS_PARAGRAPH"
"b0fab54d8829f7b9e2189711907910d1a5598c49","30bf89a1b4d7242ecb69885318f2699448af87a6","HAS_PARAGRAPH"
"b0fab54d8829f7b9e2189711907910d1a5598c49","dfce71474a73a7fa9ee5d038a29af3d93f7717f1","HAS_PARAGRAPH"
"b0fab54d8829f7b9e2189711907910d1a5598c49","f5acbbb1e7ff1e5d4ff137f6988d0b725cec4281","HAS_PARAGRAPH"
"b0fab54d8829f7b9e2189711907910d1a5598c49","c5935d0d830c85beb790c4ac531723372458cfc1","HAS_PARAGRAPH"
"230dd83ce3adb21fcc8a9117555cc655a52382be","d80f260dbdc9fa95a4113eb4b154149660a5c660","HAS_PARAGRAPH"
"230dd83ce3adb21fcc8a9117555cc655a52382be","557e96f3163176493d17206d92d0c002399b3dd4","HAS_PARAGRAPH"
"230dd83ce3adb21fcc8a9117555cc655a52382be","f9d7ed182f7ca41d2c3c87c9d2f115b837847980","HAS_PARAGRAPH"
"654f7659850485a21b6f728c70fa04509d29713c","dddb0116e61509ae3a77ccf8eb24ff5c1048484a","HAS_PARAGRAPH"
"654f7659850485a21b6f728c70fa04509d29713c","96d90fcac213ee1ef8db64aff0e770af39098235","HAS_PARAGRAPH"
"654f7659850485a21b6f728c70fa04509d29713c","1c137eaf738599c39fa4e83631c4297849401ecb","HAS_PARAGRAPH"
"654f7659850485a21b6f728c70fa04509d29713c","1a64be6538af802a46ebd980e701b638492058be","HAS_PARAGRAPH"
"654f7659850485a21b6f728c70fa04509d29713c","b206f9bbc298f60566327164718fe8edac0dc90c","HAS_PARAGRAPH"
"41a700d571ca973cb256d34513f757dfb674230c","41016068ca2291341b1f4e9359c6a7bac285b491","HAS_PARAGRAPH"
"5df5622d321b967da50a30f17d17d32c5dda5437","abcf377857edd1ac99f22729a8c47d8ccde992c7","HAS_PARAGRAPH"
"5df5622d321b967da50a30f17d17d32c5dda5437","5cd67447c556e074a83776ca433a01d412c7bf21","HAS_PARAGRAPH"
"5df5622d321b967da50a30f17d17d32c5dda5437","b3131bf4878a1e352af67f544e90863f6c5cc737","HAS_PARAGRAPH"
"5df5622d321b967da50a30f17d17d32c5dda5437","6488f1c89d0f6df07e1547b95b4e3100eddf8f2f","HAS_PARAGRAPH"
"5df5622d321b967da50a30f17d17d32c5dda5437","39ec77309e999461e3fa872261370c76afce4f07","HAS_PARAGRAPH"
"5df5622d321b967da50a30f17d17d32c5dda5437","135d60c6e8c9c8ce7b02ce7433c9b32ddf0b5477","HAS_PARAGRAPH"
"1a6e65c3a3c9513923c17e9841b0d94754940f80","8c48ee4fbb7c2f08915b0cc6d6ab9f09cbd8b051","HAS_PARAGRAPH"
"04679e407db7a9c7ece721d37fce005e70c87671","b2267a3a7bf6152b6468625445f8eff8d582ed9e","HAS_PARAGRAPH"
"04679e407db7a9c7ece721d37fce005e70c87671","e27352ea40fc12fe9634143fc08cb0f6508617fe","HAS_PARAGRAPH"
"04679e407db7a9c7ece721d37fce005e70c87671","3664c98ffb7d633a7aef995be01fee2408f0f921","HAS_PARAGRAPH"
"04679e407db7a9c7ece721d37fce005e70c87671","f51085b109d1932723a12b50099765f19f0ec2e8","HAS_PARAGRAPH"
"04679e407db7a9c7ece721d37fce005e70c87671","072e448790bd98c77b3d653c799e7d0918d2cc59","HAS_PARAGRAPH"
"0b3d53a603948a0ce85283923f74629108b3eb87","8d456924c467dd4d6b0db99e4fe2b751583d18d5","HAS_PARAGRAPH"
"0b3d53a603948a0ce85283923f74629108b3eb87","9cb6cb3e31619e9e52f2bc8bb8ddbb5f2d9ff2ed","HAS_PARAGRAPH"
"0b3d53a603948a0ce85283923f74629108b3eb87","234210c1a07b7c6ae2614ed817eae4722f65c61b","HAS_PARAGRAPH"
"0b3d53a603948a0ce85283923f74629108b3eb87","8ea585823dd857e6493058957f0debb3cde381cc","HAS_PARAGRAPH"
"0b3d53a603948a0ce85283923f74629108b3eb87","f2795768e21140fb4be5f8f135eca227f390d9eb","HAS_PARAGRAPH"
"ae98da641895068b722ebadf2a6bfed5ad5cb114","6158f0fe9be158991eabc8ffdca9f55a87f5f5de","HAS_PARAGRAPH"
"ae98da641895068b722ebadf2a6bfed5ad5cb114","97754277710103d8339c7bd5598da0c9f922b025","HAS_PARAGRAPH"
"ae98da641895068b722ebadf2a6bfed5ad5cb114","cd7fc810d513115dcaf07ab64c1b77aac5b20552","HAS_PARAGRAPH"
"ae98da641895068b722ebadf2a6bfed5ad5cb114","aae12202584ee1bdafe84b14d8f27c22cca55034","HAS_PARAGRAPH"
"348e7a6153a43ded45ad86e7cfd831496b96541c","7575761144bd999a2252c4278bb5db7b6fa6e7d5","HAS_PARAGRAPH"
"348e7a6153a43ded45ad86e7cfd831496b96541c","13d0b65498d2d321cec1b57a9d30e26695aa8aa9","HAS_PARAGRAPH"
"88c223295517a7ee3e12a21d6d00c1ffb51d660b","7daffdda103bb42d5859b02bd9e66908da3f141a","HAS_PARAGRAPH"
"88c223295517a7ee3e12a21d6d00c1ffb51d660b","20e8d97bb0f560972a914e2d2d89f0d9a7946211","HAS_PARAGRAPH"
"88c223295517a7ee3e12a21d6d00c1ffb51d660b","0a516656a86bf435a747de2c562e71d13ce424d7","HAS_PARAGRAPH"
"0033f57ddc656d3db6710112b9290e55209eb06c","ce0d024f81c1ea21ab6fecb14fbea2dcd4fb5f1a","HAS_PARAGRAPH"
"9c6222e62823c34a6ef527d6c0e5e07936a6631e","cebd31978a866f67f3b345a2203d0ed7a76fbecb","HAS_PARAGRAPH"
"9c6222e62823c34a6ef527d6c0e5e07936a6631e","5f2c0a745fcfc4206fca5c0426c539999330c8ef","HAS_PARAGRAPH"
"016bbfad31d21e1fb6b48ebf073eb30110b70032","14f6b816475353a08402ca140fcf831aebb3b8ff","HAS_PARAGRAPH"
"62869458abd2009aa9a5bb8d5d30f2b7f47113fe","99bff612fc2fab865e5b563471ba3c2faf561615","HAS_PARAGRAPH"
"62869458abd2009aa9a5bb8d5d30f2b7f47113fe","22b9cf78720e6f0382b8d1fa3ba5e25c08d2c41c","HAS_PARAGRAPH"
"853613ac947e131f53d6cccff7e74c3bd7aae27b","fc02c8c826e4117740d3e444665dec076ac997ed","HAS_PARAGRAPH"
"853613ac947e131f53d6cccff7e74c3bd7aae27b","0e2209db21dcfa1836c8c5b8dd174859c6b11a68","HAS_PARAGRAPH"
"853613ac947e131f53d6cccff7e74c3bd7aae27b","f6a0822ab745cf15d000cbd923ff6443fbd0fc4e","HAS_PARAGRAPH"
"52c177a67d422138be495438405af087c3e7512e","56e275e328352f8a19d3c236beb7ab6675cbbdee","HAS_PARAGRAPH"
"52c177a67d422138be495438405af087c3e7512e","b5cb5fedd04bd1b8d1381a23c816c7c84cefe20e","HAS_PARAGRAPH"
"52c177a67d422138be495438405af087c3e7512e","fb75f4a8189cf3fbe5572f7f4ec1890643cfd60b","HAS_PARAGRAPH"
"52c177a67d422138be495438405af087c3e7512e","081ab2e9ce9149163ab733b909a72dd8968db108","HAS_PARAGRAPH"
"d58c569d01393aacaed19ac51497506f5918aac3","a47aee2e550a9f3b3a1f6eee5b3362d3b0df527e","HAS_PARAGRAPH"
"c17d462cd4afab2202f7f47b3ade82e898e21094","22d38859579b45e25fb91ada2c42cf0016a16838","HAS_PARAGRAPH"
"04dc48a0fe8299ec1739c16c0a5b3364f96c39df","bb6f9b2d8684c0d9766c093b663d499cb7c90ec7","HAS_PARAGRAPH"
"0a7787a282f182da38bbc2e96f76a67317b1792e","253b1a331d9cd0638ee7a59231718b58928b1fc3","HAS_PARAGRAPH"
"0a7787a282f182da38bbc2e96f76a67317b1792e","e8439da118f6cb1f87424fd32b9f7e35b1a5c9e0","HAS_PARAGRAPH"
"e2a2111102be2383446cd15ccd82a1a097f9d033","6128bf7ace7a7d47ba0c8781cbfb4e0653a3cf0d","HAS_PARAGRAPH"
"e2a2111102be2383446cd15ccd82a1a097f9d033","6a9ffe3efd768ba66761317bc8049a2595a129d9","HAS_PARAGRAPH"
"e2a2111102be2383446cd15ccd82a1a097f9d033","6cbdd27608c1279bb98f77bf86f8ffbefbdfb71d","HAS_PARAGRAPH"
"4e5e3e559cbc52b96a8179a6ff16996ddb249918","e0bd69219612903db65fe55b419f2a888544f17c","HAS_PARAGRAPH"
"d466ffc41b71d9d96a8a3b9db13a10f99a6576c5","e1eda188c0873c50806c8524e6e5827a5a8165c8","HAS_PARAGRAPH"
"d466ffc41b71d9d96a8a3b9db13a10f99a6576c5","7a3be65bcb95982e160a5ff85723258d8785e199","HAS_PARAGRAPH"
"cc26970c3ccf6759f3d1271a321b6665e92316bb","de3c9049ce46774a5eca8ce8ff44aaa47ce0f670","HAS_PARAGRAPH"
"cc26970c3ccf6759f3d1271a321b6665e92316bb","34b7f18b1e3b66374dca09ad38911e2de6f063c1","HAS_PARAGRAPH"
"80d688104bef4e856a01805a6e38997e79131324","0b3c8a1087c20f7dd1833cf620259db28b6acea9","HAS_PARAGRAPH"
"4d153878e32e00858694184f59632ea2c1c1984e","1f8368f4a2b0f99e35e34ed90fe01577a040be66","HAS_PARAGRAPH"
"4d153878e32e00858694184f59632ea2c1c1984e","5dacf21440bfc881c09bc39c0ded173f40573d93","HAS_PARAGRAPH"
"4d153878e32e00858694184f59632ea2c1c1984e","94cdf87eb76c87e228694a3e60865916f2d5206a","HAS_PARAGRAPH"
"4d153878e32e00858694184f59632ea2c1c1984e","fa2db358d96a73f979531e3275b8d6d2c6462ed2","HAS_PARAGRAPH"
"4d153878e32e00858694184f59632ea2c1c1984e","d6dbd2228ef763f9674bfa5af7566667e3588435","HAS_PARAGRAPH"
"163eecaa53a671327927d603f69378878eb32988","80926e72953e76e6191f55b077c811df0c538bd7","HAS_PARAGRAPH"
"163eecaa53a671327927d603f69378878eb32988","a6c25c9353b51aa3bf8a9bd39001f399c94c9e4a","HAS_PARAGRAPH"
"22765f58f0261cbbc67eaff919a0d7731b285a42","bd0916ce160eff6b593db384e12f41444db18c7b","HAS_PARAGRAPH"
"3c5bab2a63c34692d4d6a18301acc0d8751d72f1","e0c4ddcdbca22608546c15ff08271469385f26e4","HAS_PARAGRAPH"
"214dbfa4852ccdf03d11e19b1918b1b9430bafc9","e46e0a5f47df6e2d6b3cd8b380fcf2990bd25fa9","HAS_PARAGRAPH"
"411686e62e8118c82485f9492eb445d5e7793500","cba055f42c3f69f1a8d5885f792a0bcf8bdb0b13","HAS_PARAGRAPH"
"411686e62e8118c82485f9492eb445d5e7793500","805533e2cc8cb70e778da205ed0614227d99404f","HAS_PARAGRAPH"
"411686e62e8118c82485f9492eb445d5e7793500","a63f8b7f82f972c06b14efb9e9a30c11b4455dfa","HAS_PARAGRAPH"
"16bf573a08d6c78fd182d6bf39ff21d02815323c","469fce185c8fa4dc90f931baabbd9536926f65a7","HAS_PARAGRAPH"
"16bf573a08d6c78fd182d6bf39ff21d02815323c","fa5b283ee54d09182d88a4d20a5ca3731e559920","HAS_PARAGRAPH"
"16bf573a08d6c78fd182d6bf39ff21d02815323c","a3142db30ea4bb4c4e2f973e219e36d61a0fb801","HAS_PARAGRAPH"
"693d4aa3e5a04e59ab1e16e2ab4c5d5c3525e884","9b219581b8c99e51f6da0516ca4a363d62e38560","HAS_PARAGRAPH"
"a3280fab18c1d28507d9df0459e4f0b1e747b469","59ea9b9caf8e0b5dc4f2ce69eae6712c94aa34bc","HAS_PARAGRAPH"
"2e6a1055dd814e8b42b51d683903faccef52e1cf","72bbccd487c507b58145f438eddf6e9b6265e6b5","HAS_PARAGRAPH"
"2e6a1055dd814e8b42b51d683903faccef52e1cf","ac7f53c9592afc79083f12a7370bac2244abe5ba","HAS_PARAGRAPH"
"2e6a1055dd814e8b42b51d683903faccef52e1cf","daea1ee40275d42c167593cd2ceb56a34b0682a6","HAS_PARAGRAPH"
"2e6a1055dd814e8b42b51d683903faccef52e1cf","0eaa57d29d76d54bf30119c8e221cb48e4c5e34a","HAS_PARAGRAPH"
"2e6a1055dd814e8b42b51d683903faccef52e1cf","44c6f493add74845db490f9ed748474efdcc65c7","HAS_PARAGRAPH"
"c16f78ece7f86026e53da85a741d6b7b06cbadda","0278981f5c73a4bf401e9c28e839fd42964be45e","HAS_PARAGRAPH"
"c16f78ece7f86026e53da85a741d6b7b06cbadda","91746cd33e4d07bdcc77035ce3e4b8acf299bcdc","HAS_PARAGRAPH"
"1eaec7987cfab812ab91c388fd6951f85eccc536","c71385fd1c443dcf83adc87da79d23509aa4b7ba","HAS_PARAGRAPH"
"1eaec7987cfab812ab91c388fd6951f85eccc536","9231d5c031f132d8688e4ef0763c8b0a0d1cd43e","HAS_PARAGRAPH"
"1eaec7987cfab812ab91c388fd6951f85eccc536","fb8fb379524e913034ee99aad2b6c1fa4d47ebe8","HAS_PARAGRAPH"
"1eaec7987cfab812ab91c388fd6951f85eccc536","f9aa0687c9856f6e2ac637f7c660cbe7917d31f6","HAS_PARAGRAPH"
"176d0850110004815e8b9bdfa31405e2ee9409be","9cfb62efa0ed5e3dc733afc8bffa04b4ecf8104b","HAS_PARAGRAPH"
"22659b5cf37afb22171cd90608fd0a5eb0b33239","0242fab9d49d411afd40240449fe6c0b8a8c76cc","HAS_PARAGRAPH"
"82007024ebe0cc3f6ac97d7551fee306d7b02593","befff3e841332a6c03c38c7a234906915b1f1c9a","HAS_PARAGRAPH"
"82007024ebe0cc3f6ac97d7551fee306d7b02593","609002b2bf10c47ac939e11c56e4536a1270427a","HAS_PARAGRAPH"
"82007024ebe0cc3f6ac97d7551fee306d7b02593","5c22a7173866569ea476ea826d0047150131bf3a","HAS_PARAGRAPH"
"82007024ebe0cc3f6ac97d7551fee306d7b02593","58381a358795ac856ca1482fe7bc60edb35726db","HAS_PARAGRAPH"
"0e71dadc79920d207c40e5136af7bb94e0501952","60495ce44ceb3248fa4972ed749ec28da66ca06f","HAS_PARAGRAPH"
"0e71dadc79920d207c40e5136af7bb94e0501952","a947c2f1bb1550e5714f0e0cdb0a1fe86d150cb1","HAS_PARAGRAPH"
"0e71dadc79920d207c40e5136af7bb94e0501952","fa33c059f869dc7aae834e90ce0ad3f2eac4195e","HAS_PARAGRAPH"
"04af8ba79fc1d0bda2e86a8f6b6f5dd3e73999a2","31e0b638a70c40d669699e5b5f0e5b3b932e5d66","HAS_PARAGRAPH"
"04af8ba79fc1d0bda2e86a8f6b6f5dd3e73999a2","033b380c32c3eee9de88489b209a461b87080e47","HAS_PARAGRAPH"
"04af8ba79fc1d0bda2e86a8f6b6f5dd3e73999a2","7aa55ac862f2213b604afc80fb728c8345f2f1b7","HAS_PARAGRAPH"
"e0afb5fac872243d3c904735e6018c488de720ba","48b5bc4a72a1146c98f25790618fb3f8eec6449d","HAS_PARAGRAPH"
"e0afb5fac872243d3c904735e6018c488de720ba","98c799047d3d78e13929b764b1e4351dd519620e","HAS_PARAGRAPH"
"c25c111495abad9cfd3825eea21583383203b2ea","e4714426ea883010954366daa32c7059454b5917","HAS_PARAGRAPH"
"c25c111495abad9cfd3825eea21583383203b2ea","11af58c6571844f6d21392a9b54de9dae361b62c","HAS_PARAGRAPH"
"620ccd99af611d1629827475b1575c66e435436a","b07f72e3613611921a482f62e1faf0d813300329","HAS_PARAGRAPH"
"620ccd99af611d1629827475b1575c66e435436a","88020f6e0d729d71331f5d9b5c07684b84376f2f","HAS_PARAGRAPH"
"620ccd99af611d1629827475b1575c66e435436a","8a3a258d85c308fc7fb4d2876d4c330402e27e6b","HAS_PARAGRAPH"
"5768b271682528d2694d9c45c13b0480185c5b7a","139e92d486cbf180715a1569bb28eb6ede4b9096","HAS_PARAGRAPH"
"5768b271682528d2694d9c45c13b0480185c5b7a","ff37e98b0a983768d8c8e34f3018946f522291a2","HAS_PARAGRAPH"
"15548f2de29380896473bbee7ea7aea3340ae5a9","a5ba3e61ce2b88ff1f541b3cb488d4ba6fe94ddf","HAS_PARAGRAPH"
"121aa44be6ec7c1a30a4a56a66caf38e7688f922","8289f50b369f3140737c5e3100efbcbf50b29d4a","HAS_PARAGRAPH"
"121aa44be6ec7c1a30a4a56a66caf38e7688f922","11eb065da9c5a7ced226b209df105d364a6920a6","HAS_PARAGRAPH"
"121aa44be6ec7c1a30a4a56a66caf38e7688f922","bbb16ab287c8e4291befe919214d77f8b2237e72","HAS_PARAGRAPH"
"121aa44be6ec7c1a30a4a56a66caf38e7688f922","d851593e662aa997e634bccf1c4055f11a6d629f","HAS_PARAGRAPH"
"06d1a0a1a87637fee083193f61d622b9bfcc75a1","e3bf818bd207e6a479abb19b57ba6d8235992858","HAS_PARAGRAPH"
"06d1a0a1a87637fee083193f61d622b9bfcc75a1","94439af0d147788143ffae41cd7ca497b5497420","HAS_PARAGRAPH"
"06d1a0a1a87637fee083193f61d622b9bfcc75a1","0754d332fd260d3fa6407bc7822860d93daccb9a","HAS_PARAGRAPH"
"06d1a0a1a87637fee083193f61d622b9bfcc75a1","2a42c5e85976e4397668c88079994b873b20770e","HAS_PARAGRAPH"
"06d1a0a1a87637fee083193f61d622b9bfcc75a1","77c89ffdc9805e35c3a0e111f8503162dedf5b01","HAS_PARAGRAPH"
"96f7c467e040c129ac67e99c8045c9947137b2c0","7d1ac7473cf9011287ebd4fdcf90a47798b6755e","HAS_PARAGRAPH"
"96f7c467e040c129ac67e99c8045c9947137b2c0","3ff6e24d24d9e7c44b3e6187b5337268550a9ad7","HAS_PARAGRAPH"
"96f7c467e040c129ac67e99c8045c9947137b2c0","2118036744b7bec3612d6faa3d5ecb3129c0234e","HAS_PARAGRAPH"
"96f7c467e040c129ac67e99c8045c9947137b2c0","3475cc94b179e632893c60d233dbdecf2a489a09","HAS_PARAGRAPH"
"96f7c467e040c129ac67e99c8045c9947137b2c0","93f63f00b1cb12c50300e018a58b0f6c7e1672bc","HAS_PARAGRAPH"
"96f7c467e040c129ac67e99c8045c9947137b2c0","8b241b7faede456b579eac01096dccc971e19955","HAS_PARAGRAPH"
"3ae0c2798b8127a2076e17dc780e497ea441fb4c","c19422b0bb08231b4dfd2480ede76cd88a320875","HAS_PARAGRAPH"
"3ae0c2798b8127a2076e17dc780e497ea441fb4c","ae49ab8870aa05dc885cb49fc01c66a6cef37377","HAS_PARAGRAPH"
"242fe8425de91f41a29013ef9048d031a65dbdc7","057be8d7ce42a627e6600bdebc8ae16e22c97047","HAS_PARAGRAPH"
"242fe8425de91f41a29013ef9048d031a65dbdc7","2e93959ca5daf482491119613ed6ea009c396183","HAS_PARAGRAPH"
"996df2110b71c91f961a8deea4faf1ba33cba024","09203b0049c58ca7e5c26e5dabcc6dcc8e363e73","HAS_PARAGRAPH"
"996df2110b71c91f961a8deea4faf1ba33cba024","ca90323598a6914e9599fdb5859aff3be26603f4","HAS_PARAGRAPH"
"996df2110b71c91f961a8deea4faf1ba33cba024","bec555e5f4e400bcd0f1ef816bcd3b95708b4aa8","HAS_PARAGRAPH"
"996df2110b71c91f961a8deea4faf1ba33cba024","573a085a5032054efdd13a3c4950556b5236aa9e","HAS_PARAGRAPH"
"996df2110b71c91f961a8deea4faf1ba33cba024","41b2848a207113cfbc840c4f8cd42e604a73a372","HAS_PARAGRAPH"
"3947be75ebaa61fb00b404ca998ec5712b636d25","4cadb9e864eb5b4b303d65e992143a46c07cc90b","HAS_PARAGRAPH"
"3947be75ebaa61fb00b404ca998ec5712b636d25","f8fad52d75b208e88054735eaa3fa7b87a9d91b2","HAS_PARAGRAPH"
"4f2f139a9dfe08f9963dba786e1f50818c867bad","f1cf9621f2e3bf21452ef227e0150f8d8e469047","HAS_PARAGRAPH"
"9097a02a2ec8788b8b9a2042398be65eb363a6b9","0048cb2254eef37a014e7425d9d5c3855edd82c5","HAS_PARAGRAPH"
"8411f7e91b70ef88dec9fb1a6305f9918b6d1e24","9ca71e30959406faddd6da1ca8fa21bbedb198b1","HAS_PARAGRAPH"
"354c600d36f40e75488a04b58f0302f7de4e0d66","33836baaf6276943b68a75fd8f2d7c4e0d4d56bd","HAS_PARAGRAPH"
"354c600d36f40e75488a04b58f0302f7de4e0d66","f3c559e5149fb3e95f582b53502b596e8d46cc7b","HAS_PARAGRAPH"
"354c600d36f40e75488a04b58f0302f7de4e0d66","dc7eb6c3520521df0c159374c7a53f50c342e844","HAS_PARAGRAPH"
"354c600d36f40e75488a04b58f0302f7de4e0d66","b908d39da290f72e6671b5ac28c410f19b2eb7e1","HAS_PARAGRAPH"
"354c600d36f40e75488a04b58f0302f7de4e0d66","82418c4a1d08c2a39e89378fcdf665336055a18e","HAS_PARAGRAPH"
"b41c89b083f6729eac91780867322dfa8f3b0b4c","ce10ac9b2959dd205776b10d7e5b096ed20d6a2f","HAS_PARAGRAPH"
"b41c89b083f6729eac91780867322dfa8f3b0b4c","e7341a852f7c5fec59e7fb6fad4560081d9de404","HAS_PARAGRAPH"
"929077d212d8fc5875ed1f65465c6df8ac39073f","52bf0ac6cefd03de96eaa3f106c5256ff737b9a5","HAS_PARAGRAPH"
"89328834d01d4a06532ee73bdbfd0b221a196733","25e7d821f130a51db7f594e7b58c1f15004015c2","HAS_PARAGRAPH"
"89328834d01d4a06532ee73bdbfd0b221a196733","76717051906e8ac3351d6fbad6666c551e0a9023","HAS_PARAGRAPH"
"89328834d01d4a06532ee73bdbfd0b221a196733","34cb88a577cb061bdfa82ced4158aeb23668555d","HAS_PARAGRAPH"
"44e25ca2adf5ee6578d78a08666d0e073892ee7f","4de879c23361484fdf59e43139efe549d9a539f3","HAS_PARAGRAPH"
"44e25ca2adf5ee6578d78a08666d0e073892ee7f","b9ac55ac0c1853c62e9f104f92427e191df18624","HAS_PARAGRAPH"
"41eef8dac881e5f3de5d16d0d92836f033b3a547","2a574b150f9a44d0a80e7229c2b5bf6748b36766","HAS_PARAGRAPH"
"d3593ec95257f228febdcfc4d3c8417710334cef","1041bfcf562662c73aa389c8c5bbe07013fc2aed","HAS_PARAGRAPH"
"d3593ec95257f228febdcfc4d3c8417710334cef","ed4775c89cd72bc8db8915f74f84004698efb440","HAS_PARAGRAPH"
"d3593ec95257f228febdcfc4d3c8417710334cef","2ef3b98a339550d9d60cc9267869316d5aa7bedf","HAS_PARAGRAPH"
"d3593ec95257f228febdcfc4d3c8417710334cef","d1540d41387855eeb048ac8021833fcbcf3d455f","HAS_PARAGRAPH"
"c249bae1aa6981487acf9c42471d57baacf4b2b0","7a658e6c61ac4723746300531f5aa2fa5d66ac24","HAS_PARAGRAPH"
"0aa82db6db372b7bacb7d679122dae317b35778b","930dce81d0494cc5170f69c9908790f9aae73d23","HAS_PARAGRAPH"
"7b94b01a20e24368bbb17fb264bf8ab5b41a821f","d41441c0b6c3e7fa18c03a00aa9eca51d704f0d8","HAS_PARAGRAPH"
"3ca2ef45aa1c0e5e0e3159d3e0edb74a765df5fa","923ec186469f3af1b2952e9ac35f0129a2415966","HAS_PARAGRAPH"
"8563be670af8234820466daa9083af848d647256","422e940c9f4be37b7042c43169e3b205b5d57eb8","HAS_PARAGRAPH"
"8563be670af8234820466daa9083af848d647256","7a45bbc00ab8fc65ffabb9ccc3caecd4d0bb67d1","HAS_PARAGRAPH"
"8563be670af8234820466daa9083af848d647256","4d9371fa49cc35fd173a73e7d5bad64203c40a12","HAS_PARAGRAPH"
"8563be670af8234820466daa9083af848d647256","73a77bf4c3e83851944094e0e9004e372bdc90cc","HAS_PARAGRAPH"
"4c8389cad8ff63d34185b483e9466002def8a651","f6e5d9b95fa211927baa00faff99e17f59f05603","HAS_PARAGRAPH"
"e10de61357f30d80f6e32f4a5a682b972ed11086","e0b4c309415c92eaaa14bd8ee176ef48ea50c633","HAS_PARAGRAPH"
"e10de61357f30d80f6e32f4a5a682b972ed11086","a47d67b4d7d28a929e16e3db6d802bece4be1450","HAS_PARAGRAPH"
"e10de61357f30d80f6e32f4a5a682b972ed11086","bd69a66c5d9580d18e556cf7858f59e70ed1b74a","HAS_PARAGRAPH"
"aa81b920ed6c6ca7e75a28529f730ce944abf5e1","86607ab7dd738eb8411979ecc497029b4e1d20bf","HAS_PARAGRAPH"
"aa81b920ed6c6ca7e75a28529f730ce944abf5e1","a986b0f8b4abc62c8bc84fd51a2fc9b143c8c181","HAS_PARAGRAPH"
"aa81b920ed6c6ca7e75a28529f730ce944abf5e1","85ff83024d8a13a59ca64a9f4087bb69d03b1aa5","HAS_PARAGRAPH"
"aa81b920ed6c6ca7e75a28529f730ce944abf5e1","fa928bafff13a83aa6779a51fc55496d5a72a51c","HAS_PARAGRAPH"
"c923d6f52460a7366b443793fdb317846830f7be","bb3d572559a504886b2553d2d0642217d6e7a834","HAS_PARAGRAPH"
"c923d6f52460a7366b443793fdb317846830f7be","fbd954abf92b415dec08a957f34b3285ab225a18","HAS_PARAGRAPH"
"c923d6f52460a7366b443793fdb317846830f7be","ebd35993101be2c1c19294f210449567c2541e6f","HAS_PARAGRAPH"
"c923d6f52460a7366b443793fdb317846830f7be","b5eb541ef7e26f5bf9ffde76666a734448fc62c9","HAS_PARAGRAPH"
"c923d6f52460a7366b443793fdb317846830f7be","d5d0cd0d143151c1da03443ed1c2561876174648","HAS_PARAGRAPH"
"c923d6f52460a7366b443793fdb317846830f7be","292c14fd4d2a43511db812d8ebcd27e911b6fe5d","HAS_PARAGRAPH"
"c923d6f52460a7366b443793fdb317846830f7be","e73b568f2d06d3050d3025e85d4dba71875809cc","HAS_PARAGRAPH"
"f91572d723d2b7c254bd65a3f247f34f8d109dce","63ea6b7d2a2263457d8d87718130c2924857bc8e","HAS_PARAGRAPH"
"f91572d723d2b7c254bd65a3f247f34f8d109dce","a1cbb83e9aeee35640bbc0144c5288c4fce4184c","HAS_PARAGRAPH"
"f91572d723d2b7c254bd65a3f247f34f8d109dce","b37701f954b542867f71ea5a57d37085cbd0069c","HAS_PARAGRAPH"
"f91572d723d2b7c254bd65a3f247f34f8d109dce","5c9d117ab1b6f69b83b78960f10ee891fda90ae4","HAS_PARAGRAPH"
"f91572d723d2b7c254bd65a3f247f34f8d109dce","28dc8b8b4af7df3a32fba35a915714bdaed3725e","HAS_PARAGRAPH"
"a551a39ddd5a36e9271250204313f22c74b4d080","14819aceceaf44b6751f8ec76b44e1f944f514b8","HAS_PARAGRAPH"
"02f8c786dd29a39c3acd74fa6973153ff4201e37","943e128e5253b10f97bb5c5c2d87eb86cd7e1f56","HAS_PARAGRAPH"
"5623fb83e3b4f8e159b5f53f920384e46eefe943","3b00755f5386ea32106e46aff1a5b80f4d1f4e7a","HAS_PARAGRAPH"
"5623fb83e3b4f8e159b5f53f920384e46eefe943","d0d86bed25c382e0ee568a49e2a72a7744203094","HAS_PARAGRAPH"
"9ce907746a91b966b0fa52966a60a11babf73376","c043d917b1e1b64b1353f61a62cda0d6b34d676f","HAS_PARAGRAPH"
"9ce907746a91b966b0fa52966a60a11babf73376","29d9bf45632912ad6dca12de8cd01fa36647ef24","HAS_PARAGRAPH"
"3a806b0f882554420a789812c58d2b0e3b3b6a47","85e11bffc3ed518edd6bc570e7ab25b671eb6f5c","HAS_PARAGRAPH"
"3a806b0f882554420a789812c58d2b0e3b3b6a47","08f864f327178df858e0207e37272115f70cce68","HAS_PARAGRAPH"
"3a806b0f882554420a789812c58d2b0e3b3b6a47","0c602bb46c88b7fb3576cfc86af7e4e4c27b3f1c","HAS_PARAGRAPH"
"3a806b0f882554420a789812c58d2b0e3b3b6a47","33a1b8ea9af7ccc20a49f309256644a8ebeac10f","HAS_PARAGRAPH"
"e04e5f09307290025fee03b3eef9ef03dbdbade5","5765823e38df853378af30185b469d2d20e99cd0","HAS_PARAGRAPH"
"e04e5f09307290025fee03b3eef9ef03dbdbade5","353837097e203611b5c14f5a52e82d89e96dcb8c","HAS_PARAGRAPH"
"a305f761059427be7b0455268d3933d5fcc276fd","271142165f6f1abe372707e8befd1c969037a8f5","HAS_PARAGRAPH"
"a305f761059427be7b0455268d3933d5fcc276fd","f23f431f48b8090a0df8f2ad8825af6e09886f98","HAS_PARAGRAPH"
"a3e2a1d696e5cc81165022465a33f37320ccb6d3","fbcdfe19c143777e4e153ce152d15f57110a7c63","HAS_PARAGRAPH"
"d93ee5ffb6fba6babe463cac775f74eb41b3d5f8","8ce34bbb2acbc9494517493f1d1d8efd35387303","HAS_PARAGRAPH"
"d93ee5ffb6fba6babe463cac775f74eb41b3d5f8","beef7b7576c42db50c4019718069cf8ee9f53555","HAS_PARAGRAPH"
"d93ee5ffb6fba6babe463cac775f74eb41b3d5f8","0e2f162a45d20d9e1e623ee2dbbed20a3ef9b336","HAS_PARAGRAPH"
"90216506b38b4eb64e68c0dcc1a165ec54a05fe0","94e34717c878344ef47817c6e9212fb6b23da48f","HAS_PARAGRAPH"
"131f40e3f33771d2a9fa92796f3a2b8952555c7f","d83425515bb95afc625a190d727b99a287ed0017","HAS_PARAGRAPH"
"131f40e3f33771d2a9fa92796f3a2b8952555c7f","6898c49730058f61f815ddf2c36c13c2d69154a5","HAS_PARAGRAPH"
"1965e246f67cf8d096e06e041ef4a484500a50de","f3ef0cc57d96c0b4e2a4ad259f52543548a0323f","HAS_PARAGRAPH"
"1965e246f67cf8d096e06e041ef4a484500a50de","773521776fc9bb3626d51d6b243bbd892347ecae","HAS_PARAGRAPH"
"1965e246f67cf8d096e06e041ef4a484500a50de","633b5212fc1ef5a415b1893355a877275dbac67b","HAS_PARAGRAPH"
"1965e246f67cf8d096e06e041ef4a484500a50de","4993339e22f556435e957e8763b1739d80143821","HAS_PARAGRAPH"
"9d8a5db94cd67182d0a50c309550b3a64418189f","3f7567939efac2542a6060a79ebb299588b4b2f7","HAS_PARAGRAPH"
"9d8a5db94cd67182d0a50c309550b3a64418189f","ad03a660200a54750da026b6248433d5edd7201e","HAS_PARAGRAPH"
"40b27d226b393acd9cbe2ee4ae908bbeecd835ce","b1b56f35adc49c0a7dd6a0e58d68889739f3904f","HAS_PARAGRAPH"
"00c1943f6248e066ff18ec14a8165835694b3d91","51225dbb16cbe19b4582dd0359c726319b141ab4","HAS_PARAGRAPH"
"00c1943f6248e066ff18ec14a8165835694b3d91","599a42278ba3fafa7639bd9475009ea96dcbcca5","HAS_PARAGRAPH"
"744d9f0469e60a44ad61de35025eec20adfcf166","969f213356271a6e194fe5ad44198d46aa281c9f","HAS_PARAGRAPH"
"32be98310914ae767c0b90030ae5ddd52882c172","fdb42c26c13cb4d01130577d579f31366f4dfbbf","HAS_PARAGRAPH"
"32be98310914ae767c0b90030ae5ddd52882c172","d632cfedba363c9409edc66b4b33ba0706e6e77c","HAS_PARAGRAPH"
"25244277eb4885fb5e5be29c6263d584c2c89e25","1b10fb4710f7e6aa9627da59c186af8a6b765e29","HAS_PARAGRAPH"
"25244277eb4885fb5e5be29c6263d584c2c89e25","94e294c937fbbfe0a8598b348b8ef8207b39be07","HAS_PARAGRAPH"
"abb372106259aaa8e993c138dfe91b84da0414cc","89e6c7fe591a8ed5bf6b71c8aff8382529c71ae7","HAS_PARAGRAPH"
"091f7e713e912684acdf9ea2f41a5431dc356c6e","b23ae93eaf31ac5b7d19603f9db5f45fc807d159","HAS_PARAGRAPH"
"091f7e713e912684acdf9ea2f41a5431dc356c6e","6026e9b12168ba367f39cc31b00a970c4dc8de0c","HAS_PARAGRAPH"
"091f7e713e912684acdf9ea2f41a5431dc356c6e","1d2d73c81ced8f4fec95da2f269718d161f43da6","HAS_PARAGRAPH"
"6eaeb55a2265f9da7f4524f5bc3166c57469a390","1b4e969dd17b30ddbdfe84af98146df6b8e6cc29","HAS_PARAGRAPH"
"6eaeb55a2265f9da7f4524f5bc3166c57469a390","6bea66a6901951cf62890e81819fb783c9c42ddf","HAS_PARAGRAPH"
"6eaeb55a2265f9da7f4524f5bc3166c57469a390","e8a9d655b79ca3149323379f2c9dd851e30f9ba1","HAS_PARAGRAPH"
"6eaeb55a2265f9da7f4524f5bc3166c57469a390","85a5f7e7b77a010528ea37e7405d99e961b37a2d","HAS_PARAGRAPH"
"6eaeb55a2265f9da7f4524f5bc3166c57469a390","c039525b4a0880c8cdcd14fc63f36bb11ec13e24","HAS_PARAGRAPH"
"6eaeb55a2265f9da7f4524f5bc3166c57469a390","f2694ecd5c1b1cd3a956e4e39816fd50be37f14e","HAS_PARAGRAPH"
"6eaeb55a2265f9da7f4524f5bc3166c57469a390","afc0a1afa1b198ba8e104772fc58f4d159f73459","HAS_PARAGRAPH"
"4055b66d62234ef7fc79194782ec7937e54690fc","d55279cf71a8889683a98a9c42888e407f1c2bfc","HAS_PARAGRAPH"
"4055b66d62234ef7fc79194782ec7937e54690fc","77c8a75da8d3b5f6a3189c5f333a7862b4f18a69","HAS_PARAGRAPH"
"4055b66d62234ef7fc79194782ec7937e54690fc","4d0c134dab953412ca0fbd585b027c08eee689b1","HAS_PARAGRAPH"
"4055b66d62234ef7fc79194782ec7937e54690fc","1844a544175007f84c6622b5274509937e91c5fa","HAS_PARAGRAPH"
"8ce4c913b844c2b9ea31abe20f59643be57c0d70","7d2a0ec98e37acdadb1b3dcef5e90735bf4d8f65","HAS_PARAGRAPH"
"8ce4c913b844c2b9ea31abe20f59643be57c0d70","3243ae17c58f1f81efef5d48fd0dc7ec08c4b3c3","HAS_PARAGRAPH"
"0aab92cc589f2a7ad229a14da5abd266387e6000","0da7f414dbd385989b75d9e54651310aef1bbf01","HAS_PARAGRAPH"
"0aab92cc589f2a7ad229a14da5abd266387e6000","1cda2aee304e021e6254fcc4a8a094f904111b1f","HAS_PARAGRAPH"
"d4337e73f1ebec7be040967e55f853f2c8a38876","058701a019c61877a908df7795857f720ef01a9c","HAS_PARAGRAPH"
"fe486a5d7ca450776ff4a1009481213d78f8d16a","632f4faf4a095bc639da98a0b05f972079b94dd0","HAS_PARAGRAPH"
"c0eff8d6b4e8aafb4ff37d200e80c5974b406482","0bcc78f58403ecd9790e75ac50af5356c7dddc38","HAS_PARAGRAPH"
"c0eff8d6b4e8aafb4ff37d200e80c5974b406482","6875d927e8a1d697cec83a99282dd1c9ff9349a1","HAS_PARAGRAPH"
"c0eff8d6b4e8aafb4ff37d200e80c5974b406482","20767baffd8d67fc36a98cf510384ebeaed4a693","HAS_PARAGRAPH"
"c0eff8d6b4e8aafb4ff37d200e80c5974b406482","0bce33b28284d840801cef06c4d2aaf81ab16c9a","HAS_PARAGRAPH"
"8d631c58080df88458ed1f7ffba3f924e7214fcf","01d11c9c432896eb040578eed7b03f3df55a5d7b","HAS_PARAGRAPH"
"8d631c58080df88458ed1f7ffba3f924e7214fcf","c6794417be4d349a0ce47fdddeb393d69131c8d0","HAS_PARAGRAPH"
"8d631c58080df88458ed1f7ffba3f924e7214fcf","e860cb63880bb65f6f6c8231507893008efbcdb9","HAS_PARAGRAPH"
"8d631c58080df88458ed1f7ffba3f924e7214fcf","56082f045529367084bf1d2ffb0318f180b50c45","HAS_PARAGRAPH"
"a0397abbe715558b51b38ecb5aa9ae3337a95d67","3034bee25759dff806519e9ec874059a1e69c8bf","HAS_PARAGRAPH"
"a0397abbe715558b51b38ecb5aa9ae3337a95d67","2d3bdf4b900c715971b20aba1f81a4135cb9dce9","HAS_PARAGRAPH"
"a0397abbe715558b51b38ecb5aa9ae3337a95d67","3526d46384eb3a78ea625cf27421fc925be6d689","HAS_PARAGRAPH"
"a0397abbe715558b51b38ecb5aa9ae3337a95d67","9241928244ed40170f01746ac02922f16761d972","HAS_PARAGRAPH"
"d252c8f9b2921039eb602bc8e04877f990467e0a","7ea9d9fc2de3c56412ffcc47b9ac8a791294e0eb","HAS_PARAGRAPH"
"87a6f79ad2bbc06ab5fea50597c2162a2927dd05","75bfbb52ef4ca9663f458a8c2e2b407f55986365","HAS_PARAGRAPH"
"87a6f79ad2bbc06ab5fea50597c2162a2927dd05","d8a69764ec7a35eef79d2dfdf044578b8ddb1f32","HAS_PARAGRAPH"
"87a6f79ad2bbc06ab5fea50597c2162a2927dd05","4ada1a4b9e0a7012eeb0897f755161351bd0a916","HAS_PARAGRAPH"
"be198b8b7450c3f2d665da393e9773ce53cb534c","e9caf3a0d55fae7e2819acb83b8cc49b71446e5e","HAS_PARAGRAPH"
"be198b8b7450c3f2d665da393e9773ce53cb534c","9e2016789483e57d660106da6626406c0233edbc","HAS_PARAGRAPH"
"5d9f3a9ebeb2f67eac0b03d5f759e7ce4226531a","bd14829e2fc5253a18306d591634a5264e9f9da6","HAS_PARAGRAPH"
"26eef9d26ee99fb6745facdd9b0c5186752d2b6b","1a6994588fa25c47827c295ebebdbe0622f3ecf3","HAS_PARAGRAPH"
"26eef9d26ee99fb6745facdd9b0c5186752d2b6b","7b808e2ad0b3b61b150171452bc0a19668aa638c","HAS_PARAGRAPH"
"5f9d9131645ae60d4203b94c83fc17106fc0e578","1a7c9ff25c5cf33b288b38e30582ef60ea0af102","HAS_PARAGRAPH"
"a9ddb86eacd8ea7490864b300725604e662598d4","98d6ae428f790e494b0fed5cd39c365bfb8162b5","HAS_PARAGRAPH"
"a9ddb86eacd8ea7490864b300725604e662598d4","2f42026ce25f182f19e87515feb2b2cc652b7e5c","HAS_PARAGRAPH"
"a9ddb86eacd8ea7490864b300725604e662598d4","e89d52e17b9e9e7f864d46d0cab788e1d681956a","HAS_PARAGRAPH"
"a9ddb86eacd8ea7490864b300725604e662598d4","075cc0a6fddc057b9e6811fff1f83f1d9a1c49db","HAS_PARAGRAPH"
"16ef48347d2b8fa709dc55a4114691455d14d095","aa7ec1dc511dadfe1dea2b94a031ce74a3fef1b6","HAS_PARAGRAPH"
"16ef48347d2b8fa709dc55a4114691455d14d095","271dab9fb7c8183af10b20b68821809685e29856","HAS_PARAGRAPH"
"eb8ad8f0606045a3081bf7bef1fb512554048fd9","2710e01f57b643467571fb76dc214b73efed83e0","HAS_PARAGRAPH"
"eb8ad8f0606045a3081bf7bef1fb512554048fd9","a7d8f9514a5e3708b844ce5ede39c758aaa7eeef","HAS_PARAGRAPH"
"eb8ad8f0606045a3081bf7bef1fb512554048fd9","034243e740c46274de3c2ed7c4078bfac97745a6","HAS_PARAGRAPH"
"eb8ad8f0606045a3081bf7bef1fb512554048fd9","22acb7d06c24fcdd495a9ffd86b18640b7af4763","HAS_PARAGRAPH"
"fa281e863f3249a240bace5dc7e09236d6631be2","1061c3619d823cc0e1f87c5b527c6bc01070071d","HAS_PARAGRAPH"
"fa281e863f3249a240bace5dc7e09236d6631be2","41a764601cb29e54571711bcc1d23885b2a781b6","HAS_PARAGRAPH"
"99cdbbd1bb4fefc8dd4109ea8f014212e0144fa7","5eea74b89475a62289bde44d1c29877b1ab3c6e5","HAS_PARAGRAPH"
"99cdbbd1bb4fefc8dd4109ea8f014212e0144fa7","c4f2eaddc3ae30a01a9fda5e840ef70918d1694f","HAS_PARAGRAPH"
"857c43948db8c415bdac787a737c5c5c98ccbda8","64c2c03daed9fda39fe25625c56a1e5b0f3bfeb8","HAS_PARAGRAPH"
"b133aaf5c3e074766f4dabc6cd6a6570c801eb40","5011b4640119c4e5873b632828b06cb02d8da51e","HAS_PARAGRAPH"
"b133aaf5c3e074766f4dabc6cd6a6570c801eb40","58f30a30c93d4f3e969878685ffe7966d65a98bc","HAS_PARAGRAPH"
"b133aaf5c3e074766f4dabc6cd6a6570c801eb40","aacab72e341ade166cf51f59e62646b575843be0","HAS_PARAGRAPH"
"ea28ea38717748f4d5324bbf5184f8c13c1cf4d5","1eff70a1bac936e6bdd503457970bcb6a3492500","HAS_PARAGRAPH"
"a08930b0e9299de8b54e37f848f719c55c372529","21ef5460bc54e64311f91b52aa50895cd806989f","HAS_PARAGRAPH"
"a08930b0e9299de8b54e37f848f719c55c372529","91469a1dbfc558e1e052ab821a7d465f8c510c2c","HAS_PARAGRAPH"
"35ddd63359a9e13c436c358364e0a62230a2b1d1","704695463c4cff2e0312b14420cfec9a582eda01","HAS_PARAGRAPH"
"35ddd63359a9e13c436c358364e0a62230a2b1d1","e7c9fac666c8f93b839883865433d9e85803bffd","HAS_PARAGRAPH"
"35ddd63359a9e13c436c358364e0a62230a2b1d1","038fb68cf74221d939ca3a9577f70a102dc3df14","HAS_PARAGRAPH"
"494053c33d2a5b5c92152878bd5afe3544fc1a9a","a49efe990feedc9b47f7c4fd3ef95292a926bb62","HAS_PARAGRAPH"
"494053c33d2a5b5c92152878bd5afe3544fc1a9a","b33eaea096158c1d8dda57eafaa1156207889e98","HAS_PARAGRAPH"
"10b0efcfe648a3aa49d104a2a660e3badbb0760e","081eff84a3100829058f2080059f90769f318e14","HAS_PARAGRAPH"
"fba63e1b4beb83c8200bfe6c7e35c734dc5d1218","a9cb920e371a8b38f9054401df656cf6e524de20","HAS_PARAGRAPH"
"fba63e1b4beb83c8200bfe6c7e35c734dc5d1218","b97d9b36095970483bcb0a78cb7dc8282cdf24ba","HAS_PARAGRAPH"
"405d49a35f94f345ec30a1f520b9709a76373431","31c8a2bf40ed734a80eebf18b3644a08f8e2dce9","HAS_PARAGRAPH"
"405d49a35f94f345ec30a1f520b9709a76373431","0b6cdc7be35ca3996d0c415da2da53287798d31c","HAS_PARAGRAPH"
"54b126fbc3445fee4a4f22c135e00def3d580a83","c8964404f131d09fa1ac74444d7bc4ace9f9f86c","HAS_PARAGRAPH"
"54b126fbc3445fee4a4f22c135e00def3d580a83","d3fcff165aea598dc4db77fd4e90af16f74e5c7f","HAS_PARAGRAPH"
"54b126fbc3445fee4a4f22c135e00def3d580a83","9d9426722d0dcdc092a1f7210321967bead93140","HAS_PARAGRAPH"
"7d6b88e887e28967adeff17d2e9799414a26acb2","c3c841181564ce0246fa9787a785a77decce705a","HAS_PARAGRAPH"
"7d6b88e887e28967adeff17d2e9799414a26acb2","3e66fe7f663e97754bf026244bc1d97d0aa5dde3","HAS_PARAGRAPH"
"7d6b88e887e28967adeff17d2e9799414a26acb2","bdc1345cddcc37884197d1c433f74c3288b97567","HAS_PARAGRAPH"
"7d6b88e887e28967adeff17d2e9799414a26acb2","4246be965d7404a0ae803f98289f1571b0be845a","HAS_PARAGRAPH"
"7d6b88e887e28967adeff17d2e9799414a26acb2","2bb76e6f446b8662d19d45567d79b4bc16f68470","HAS_PARAGRAPH"
"7d6b88e887e28967adeff17d2e9799414a26acb2","e24d42c747fff9ef9b26f31a048e90cd11fe49fc","HAS_PARAGRAPH"
"7d6b88e887e28967adeff17d2e9799414a26acb2","76b7277517d0b56bb51d4efae0af0ce8c349e853","HAS_PARAGRAPH"
"7d6b88e887e28967adeff17d2e9799414a26acb2","f8ed3d02a2bb43049cef66818c8addf9bc7a066e","HAS_PARAGRAPH"
"c4954d126cae28077d32be77b396569b51c37acf","97c2eff0480e07d1eb02cc95c6475c9c52d81e78","HAS_PARAGRAPH"
"c4954d126cae28077d32be77b396569b51c37acf","2bdc85b92f68bd4c83c59da5898e24a1a0032429","HAS_PARAGRAPH"
"c4954d126cae28077d32be77b396569b51c37acf","bb762da11091d7a24559aa44397e5c92545eef80","HAS_PARAGRAPH"
"ea11905f520f89f07eb6c585d83f9c7939ee2d3e","8998f0c71d547e631a5022c8eacc6316ef872d05","HAS_PARAGRAPH"
"ea11905f520f89f07eb6c585d83f9c7939ee2d3e","070aee68ca789abd80df9b862f2f03b8ca4d5c80","HAS_PARAGRAPH"
"ea11905f520f89f07eb6c585d83f9c7939ee2d3e","7ad985665b01f742a0c8fb2256b1f4468a5ec3c5","HAS_PARAGRAPH"
"c4241e2f7360c60d36d1363ab3aec14ad844922e","adf4220aed6d4f7b413a470d60bd541bce303d13","HAS_PARAGRAPH"
"f550cc0808ee547ba4bd4941b1eb4cd55cf66c93","704d49a2ed4c9e9f9c315a49dd557c93af84174c","HAS_PARAGRAPH"
"f550cc0808ee547ba4bd4941b1eb4cd55cf66c93","37a2609ecd8ac3b5bf3cc018205c4cc7895ca760","HAS_PARAGRAPH"
"f550cc0808ee547ba4bd4941b1eb4cd55cf66c93","a004a8b393ccfff834df7908ce0524ff7bc882b1","HAS_PARAGRAPH"
"f550cc0808ee547ba4bd4941b1eb4cd55cf66c93","246867f6aac4abba4d9a6d44967d58e3ee211db2","HAS_PARAGRAPH"
"f550cc0808ee547ba4bd4941b1eb4cd55cf66c93","469ac43f1afc73c8d7e9966881c3244a88ed21fc","HAS_PARAGRAPH"
"f550cc0808ee547ba4bd4941b1eb4cd55cf66c93","14c53335a658c33c130a52ca879344dd55893466","HAS_PARAGRAPH"
"8d49ac4a472f378422a5329ba0fe329f885375e2","6a3a62985b5181c3240a36ee811bd7c884428381","HAS_PARAGRAPH"
"8d49ac4a472f378422a5329ba0fe329f885375e2","528fbec2795cdc391eb0ab0a75d04ae9036d7268","HAS_PARAGRAPH"
"381c9afd2c15509492d64b63a60eaaf46099ef82","5031ea40746df85eb50a5431b63ab42c22ae33fc","HAS_PARAGRAPH"
"381c9afd2c15509492d64b63a60eaaf46099ef82","eecbf89b815cfce892e0303883fdc9ad1ef6ffed","HAS_PARAGRAPH"
"381c9afd2c15509492d64b63a60eaaf46099ef82","f33bc10fc405586332c86fb5b690f63db1f20e4a","HAS_PARAGRAPH"
"1fc8d9de93a325c612ae4331440f0dd015edec4f","a1e849c03520770e506ba2096fb4503bd666cfdb","HAS_PARAGRAPH"
"1fc8d9de93a325c612ae4331440f0dd015edec4f","1a93bc8db15d2458775016ef8c744881fac910e2","HAS_PARAGRAPH"
"1fc8d9de93a325c612ae4331440f0dd015edec4f","d4f29adbd555f4c1bc775c78e54d0968f58be251","HAS_PARAGRAPH"
"2da7190d16c3e269751b881d1d3b061f00d94dcc","bab51b5f0cd1807a9ff4fd7a052a371d6af26b49","HAS_PARAGRAPH"
"2da7190d16c3e269751b881d1d3b061f00d94dcc","04cdea34c8751f2a6c79f66c76faaee79f4273c1","HAS_PARAGRAPH"
"2da7190d16c3e269751b881d1d3b061f00d94dcc","d57bcd689d5fce321768110b2234c3d17385e905","HAS_PARAGRAPH"
"2da7190d16c3e269751b881d1d3b061f00d94dcc","df3a67d5a222a12f40169aa01bce105cad6cdf2f","HAS_PARAGRAPH"
"5fcf79cc97ea1cdadd01ab38ff59cda8b943bd14","9258c28f9335fd7dfac06d82c5b216e6d566a4ea","HAS_PARAGRAPH"
"f5197c0e5e1c399b72a5aaff52de1375602e159d","776b8fa8cf9c7cd884575f9db388833ddcec8047","HAS_PARAGRAPH"
"f5197c0e5e1c399b72a5aaff52de1375602e159d","e9e40c3045b79bbf72957a23cdfd142010fa2949","HAS_PARAGRAPH"
"f5197c0e5e1c399b72a5aaff52de1375602e159d","e08ae43237312fd6dbbad2dbeb624e884b01a34f","HAS_PARAGRAPH"
"f5197c0e5e1c399b72a5aaff52de1375602e159d","c55c1e5ca465ee8d8a690b6937f263601079da1c","HAS_PARAGRAPH"
"0ef60f1cc3080181b1bec48ad06d4853f6a4dd36","e0f86f9d06e98cea4454e2f11df068a611d2fcf4","HAS_PARAGRAPH"
"0ef60f1cc3080181b1bec48ad06d4853f6a4dd36","f1a1f1007504b68cdbfc8e0d09615eb79d0b6f9f","HAS_PARAGRAPH"
"0ef60f1cc3080181b1bec48ad06d4853f6a4dd36","fada2b89d141284974a0a47e80f7af4c7988916e","HAS_PARAGRAPH"
"0ef60f1cc3080181b1bec48ad06d4853f6a4dd36","2c3fa30d28a4128406b5d1df2db336ee7cacede3","HAS_PARAGRAPH"
"0ef60f1cc3080181b1bec48ad06d4853f6a4dd36","e2e9b9e9341bb5fa55b070baee559b5d4aecbf17","HAS_PARAGRAPH"
"c84bdd97f1e185d65e0bdecc61c8c34771e33e48","945860ebde8e34e3cf2e634e0d63ccb43f27a2d2","HAS_PARAGRAPH"
"f47eb07f1a2b72abe43a36f90743807230bba00f","717b59142abefe92d6a2ca99310bb6f688a24d59","HAS_PARAGRAPH"
"f47eb07f1a2b72abe43a36f90743807230bba00f","152852f1ed0e37a9322d7328036495cebdb29ead","HAS_PARAGRAPH"
"f47eb07f1a2b72abe43a36f90743807230bba00f","7b5cfd4e47aaf4b18cfd3b9e591ca2103b86f8db","HAS_PARAGRAPH"
"f47eb07f1a2b72abe43a36f90743807230bba00f","8f55dae5b9e1c7a353b416fb9704f1d6f0c3463a","HAS_PARAGRAPH"
"d6e18c3f7acafbecb8541b421095b76e5d3347eb","e7a3e41ee532fcebad2c5671d3891c33ddd8f0ba","HAS_PARAGRAPH"
"d6e18c3f7acafbecb8541b421095b76e5d3347eb","e71c706c3ffd94e7203628d92b5a71aa2463323a","HAS_PARAGRAPH"
"d6e18c3f7acafbecb8541b421095b76e5d3347eb","0943bf87c0060456c8b1cdd1d8577c3ba7ffbb85","HAS_PARAGRAPH"
"81c57fd2e66c3b285977ba250ef66a3ff885cef3","374a34bafec2707b04c8031e8ff555acd67978f3","HAS_PARAGRAPH"
"81c57fd2e66c3b285977ba250ef66a3ff885cef3","c0f3448635ebd9bfaf2799d25ec590d00590e10d","HAS_PARAGRAPH"
"81c57fd2e66c3b285977ba250ef66a3ff885cef3","6f6f5e598b048c0741fa1fc48f60c156460e8cf2","HAS_PARAGRAPH"
"251d058a74a4c58f750c3cab52e0b815b7aaa0c4","c69355d69907f56a4bd7e77757c5187b582fef4d","HAS_PARAGRAPH"
"251d058a74a4c58f750c3cab52e0b815b7aaa0c4","ba1cfbb64e6fc0fb53abf311fdadbbb983d703b0","HAS_PARAGRAPH"
"49b195d98283dffe4f6c7d1c02834613237bdf40","4aa4c9c2f32e576baa99cbcbe1fd477606ba8d51","HAS_PARAGRAPH"
"49b195d98283dffe4f6c7d1c02834613237bdf40","d98564cd3369b24a4d312c5a29714ccdcdbc77c4","HAS_PARAGRAPH"
"49b195d98283dffe4f6c7d1c02834613237bdf40","406548e6cfb4dd5830f0e776c8dff0fb2668f832","HAS_PARAGRAPH"
"49b195d98283dffe4f6c7d1c02834613237bdf40","f95e8a0e55a7199b3dbd65a39777f54e21e1f7da","HAS_PARAGRAPH"
"49b195d98283dffe4f6c7d1c02834613237bdf40","852037a4b3ab26c4e2f3d6bc4210c665f6ebbe22","HAS_PARAGRAPH"
"49b195d98283dffe4f6c7d1c02834613237bdf40","8f38c79c747ecf83b21e32c709bbbc3af33a26cc","HAS_PARAGRAPH"
"716d049a92ba02e1110fffafcfda21043e98635a","dd63d254d97101cc66b56c4e6277a0b2b54e7607","HAS_PARAGRAPH"
"716d049a92ba02e1110fffafcfda21043e98635a","d25eadb17dfbd12fdac17669dc03f2d7d4b42b04","HAS_PARAGRAPH"
"c7810b33acf2197fcacff7b3a72e3cde43ee558d","c38346a34d3be07ed67220c442deee9e256b28d4","HAS_PARAGRAPH"
"c7810b33acf2197fcacff7b3a72e3cde43ee558d","d1f399f3acdef2b68ff18482f0af265d04adf43d","HAS_PARAGRAPH"
"c7810b33acf2197fcacff7b3a72e3cde43ee558d","4e7e9ad9aea2174a1567bbad88870f99dd18ea8f","HAS_PARAGRAPH"
"c7810b33acf2197fcacff7b3a72e3cde43ee558d","d9913b8601818cedb4fd5f7a05065fb759f4d6fa","HAS_PARAGRAPH"
"c7810b33acf2197fcacff7b3a72e3cde43ee558d","e514c104210b3cc58b76318d834fd5cabe92c2dd","HAS_PARAGRAPH"
"0f786cbad98f46d7afd34c6e113be2a29107b891","f3331b9cb72b7d52b38a5b82c4c34cdfa5140fea","HAS_PARAGRAPH"
"936ae453a92b7d8d3348a895e05f789fd8cdc389","455acbc59821ea10345e21148c8c8b0aeb857800","HAS_PARAGRAPH"
"d8d10c4d900e0e26c166acdcfc02a4f5a756a337","5728da4e7ce55c24c77f28c04ecf3fed62fff44a","HAS_PARAGRAPH"
"e7b8b41dd0a8053b7fcf856dbac3d2e64393dd3e","dca79d5fce9c80112a045d218078dbf189e46504","HAS_PARAGRAPH"
"e7b8b41dd0a8053b7fcf856dbac3d2e64393dd3e","cd40e0e7a8161d3da1ae201de5f5ca2f88b009b9","HAS_PARAGRAPH"
"42fc53a32dad3ffd325c7e9bfc2fdd71b13beb50","4be18d7d5e416be9e28acf219f7054732f36fe3c","HAS_PARAGRAPH"
"42fc53a32dad3ffd325c7e9bfc2fdd71b13beb50","d9db7094e841c6a48873a7361a9af9a4fbb1206e","HAS_PARAGRAPH"
"6735cf522d3a823a6740c6ef603fe74dd4ba2e0f","8057ff8c87080b545d5785249767c75914bed129","HAS_PARAGRAPH"
"77bd73892ce5f99bd2489600b0d59f5ed914a9a9","c05ebf163be60bc4a6f11b27d4ae14c80e10c3a7","HAS_PARAGRAPH"
"77bd73892ce5f99bd2489600b0d59f5ed914a9a9","ae2df5db10ea452df156d850a4dc6c045be53017","HAS_PARAGRAPH"
"77bd73892ce5f99bd2489600b0d59f5ed914a9a9","4c66272413883fa8109bdebd7008942d2bc9152a","HAS_PARAGRAPH"
"77bd73892ce5f99bd2489600b0d59f5ed914a9a9","f68369a9e9700d747fc98d3af9e989064bbdd887","HAS_PARAGRAPH"
"fde584be669d8d272086894fdbf46c7033d33658","2b35f7426d9f6f0244c42c7d538d26d6e1752e07","HAS_PARAGRAPH"
"fde584be669d8d272086894fdbf46c7033d33658","3805658e1a976fe2829c422ff4637fe58b382aa6","HAS_PARAGRAPH"
"fde584be669d8d272086894fdbf46c7033d33658","01587c9a3de59f9965037cbb38691d08fd701581","HAS_PARAGRAPH"
"b8022d4ef1bbe6d5389f0af5b2e3455bf36f40c8","cd5d9252047b55bf90b21555b09ecdd616b80c66","HAS_PARAGRAPH"
"b8022d4ef1bbe6d5389f0af5b2e3455bf36f40c8","440567f0e94b473c584860aba30550c07b2dd7c1","HAS_PARAGRAPH"
"fd854f560e18e3cb6554b54be874c837a0f78ab1","cf7b6fcf5114e3535c5a9d295b19d9379442801d","HAS_PARAGRAPH"
"fd854f560e18e3cb6554b54be874c837a0f78ab1","7e29fedc3166ebd051406f103f12f390aa159bc6","HAS_PARAGRAPH"
"970a604b76de83f871b76fc4c7a6efba02d44ee0","4185f033fa30b4bc143fcc8f78be9d53a94a96cf","HAS_PARAGRAPH"
"46b5c833713a59b23a18672f64eaa98d3d163908","982fc7e9cc075ff9356e4030e99d722c388895de","HAS_PARAGRAPH"
"46b5c833713a59b23a18672f64eaa98d3d163908","970fab654b65b968e79641ae22e56ce486b25491","HAS_PARAGRAPH"
"46b5c833713a59b23a18672f64eaa98d3d163908","295d8ccd48c77f07b50b910f5214c5d31262ee25","HAS_PARAGRAPH"
"46b5c833713a59b23a18672f64eaa98d3d163908","be8cc8131d3b5fbf01d96a2f455d739a37a2974c","HAS_PARAGRAPH"
"3ac5e0399933486f468f1fafb3957a6f227f519d","6ba88c3635a9139949d73ddcfba34766a7e08a6e","HAS_PARAGRAPH"
"3ac5e0399933486f468f1fafb3957a6f227f519d","f2acffd3b2b39c0bef6658f8fe32bdd818b20dcc","HAS_PARAGRAPH"
"3ac5e0399933486f468f1fafb3957a6f227f519d","3738cb3ea471c776ec1a8ba180816e6f92d1c327","HAS_PARAGRAPH"
"08dc39dcbdc26796567b71d3964e54a769089f30","16faddde76bd096e0737f24f2bdbadf82fa8c5f3","HAS_PARAGRAPH"
"46b906a61b2f36d66fedd5bfd74c166ada8540c2","9dd17550059cef3de0be1b0adaf7ce46e51afc54","HAS_PARAGRAPH"
"46b906a61b2f36d66fedd5bfd74c166ada8540c2","e327e1be9880a4e252585c8d4be75d9ca0f6edaf","HAS_PARAGRAPH"
"46b906a61b2f36d66fedd5bfd74c166ada8540c2","143a47b227078accf1737823bda88348eb24f71a","HAS_PARAGRAPH"
"84d31ec0a91ea925e5036fb6a2af887b82feb26e","8f23f30af1c4eb8b3db3b5b65980b390eb180276","HAS_PARAGRAPH"
"a70c008db3987b0cf5d38f8282075a391947a81a","3a62057126d8aface1bdefa761231838a63fc072","HAS_PARAGRAPH"
"a70c008db3987b0cf5d38f8282075a391947a81a","235aec04b614b1914e19730ced9d68df15d1f70a","HAS_PARAGRAPH"
"436cc2a300bdb73be8d32c09cd272ebbb48540be","6da6d19eec75eaa300f66867cbf3872066753996","HAS_PARAGRAPH"
"436cc2a300bdb73be8d32c09cd272ebbb48540be","2e445ab60b9173c5a720234aebeaa7e9241a44b7","HAS_PARAGRAPH"
"436cc2a300bdb73be8d32c09cd272ebbb48540be","33bbd076806af6ac15a02816c9464d51bce67229","HAS_PARAGRAPH"
"436cc2a300bdb73be8d32c09cd272ebbb48540be","b4a62574d7fe02e6e7fd9e15fe37653a8df6fa17","HAS_PARAGRAPH"
"436cc2a300bdb73be8d32c09cd272ebbb48540be","4a9f58561d9aa52ce4baf214d8fb49aaff802dbd","HAS_PARAGRAPH"
"c4fafc26b225890c1777c068757aa5b66ca8d19f","55b675a2dc62d73ea6cac704a88857be3358db9f","HAS_PARAGRAPH"
"f09eb837d2e12a6db5cd0ce37871f73fae143eb0","30626142ad508ddd56eb5ac6bee3e64f0162283c","HAS_PARAGRAPH"
"6002280c0a78fb979ad64546d03a8927ef6b0e85","1db72d288d2b7895e5c55230ff6b40db32dfed56","HAS_PARAGRAPH"
"1be0e274daea301a3578d3dc790b61b7d8ff4ccd","740bb3fe7746723aa1e8e91b5d4f2719b8537db4","HAS_PARAGRAPH"
"1be0e274daea301a3578d3dc790b61b7d8ff4ccd","3a69bf2cbc0dc96e691b30599d93ca6115a3a81b","HAS_PARAGRAPH"
"1be0e274daea301a3578d3dc790b61b7d8ff4ccd","c75870e69903b2228dceaeb20e37ae8885cfbff4","HAS_PARAGRAPH"
"1be0e274daea301a3578d3dc790b61b7d8ff4ccd","a40ca6852a77d02f0063cfa173be1ca2add9708c","HAS_PARAGRAPH"
"66e5a702c4fdb6816e14b4e5a4f0499ad6681660","e15eb414626305139b82be0a27cbad2ba6c5e1d7","HAS_PARAGRAPH"
"3166953f47679cfcd5bfbf873b21f49bcbfad1ec","a9804f8f4192440a1d4c8e2fbe67790eedda1da3","HAS_PARAGRAPH"
"aff45e477980121290b68bcc7d10b3e57a2c5dfe","b646b3a075b20c52ad033d334036361daf21e4b8","HAS_PARAGRAPH"
"aff45e477980121290b68bcc7d10b3e57a2c5dfe","a1fbf8dc0a3e05ce5171eca9078904218a5800db","HAS_PARAGRAPH"
"aff45e477980121290b68bcc7d10b3e57a2c5dfe","b6612fc98ff07411b25b535560fe77a0aa7ca318","HAS_PARAGRAPH"
"e3bd386e1e564f842b206078dddbf85d64a3f220","9c2e285410d9834b6771641056563f9f8b879ccd","HAS_PARAGRAPH"
"e3bd386e1e564f842b206078dddbf85d64a3f220","b66a6a7dee42db409e9cd50bf86e4ff8621ea469","HAS_PARAGRAPH"
"e3bd386e1e564f842b206078dddbf85d64a3f220","bd6df1435e877759268bcae512a40733b1017fd5","HAS_PARAGRAPH"
"e3bd386e1e564f842b206078dddbf85d64a3f220","254f596323e0a365fdf06e5eea231f1e0fec9b01","HAS_PARAGRAPH"
"e3bd386e1e564f842b206078dddbf85d64a3f220","84e2f43888c71688e0f7ead09ba4cf5fdcf8bc79","HAS_PARAGRAPH"
"1bee2abf3cf0719a1687fbcd78725f4c309ad53f","63d3055c76f7eb407a33cbf177ff7b4f75c88245","HAS_PARAGRAPH"
"1bee2abf3cf0719a1687fbcd78725f4c309ad53f","d3bf624c5113d8b960d8ca007430ea6c20f41db2","HAS_PARAGRAPH"
"1bee2abf3cf0719a1687fbcd78725f4c309ad53f","c7eeb06aad50c1537f6e662365007ff699fb5757","HAS_PARAGRAPH"
"f2395c81b65fe99a0baf1dfa9fb3ef1230cb926b","8efc754eeace140f6e3d15d56eee9ccd71097811","HAS_PARAGRAPH"
"0d6eefbd9d35795e3f7e601d9b79fae2416ebe88","264f37d6af23875a47c0214de276870173553a84","HAS_PARAGRAPH"
"0d6eefbd9d35795e3f7e601d9b79fae2416ebe88","0c95bbda3013464bdb624bac1aa6ef5dafeed886","HAS_PARAGRAPH"
"0d6eefbd9d35795e3f7e601d9b79fae2416ebe88","b4418f81ff2707bbd28ee47cdd59888c6d022d92","HAS_PARAGRAPH"
"0d6eefbd9d35795e3f7e601d9b79fae2416ebe88","19af70b30202652a71a56981828b8fd9aa27346b","HAS_PARAGRAPH"
"0d6eefbd9d35795e3f7e601d9b79fae2416ebe88","71ad09e00445f279e33913ec84a876511547c6a1","HAS_PARAGRAPH"
"eb0fb6df7df2b5f6a1aa142cdedd0a377f8f18cf","deaaf9151f93e8c3451545b423f47bc4aa505daf","HAS_PARAGRAPH"
"eb0fb6df7df2b5f6a1aa142cdedd0a377f8f18cf","034daa7df0cdf624b77f587f3765f229a36c0d39","HAS_PARAGRAPH"
"eb0fb6df7df2b5f6a1aa142cdedd0a377f8f18cf","fc37fd032870568a57b71ec501d531d29d113086","HAS_PARAGRAPH"
"eb0fb6df7df2b5f6a1aa142cdedd0a377f8f18cf","4cb5caca6649a5727ccb38ef6ef3c605badb3f6b","HAS_PARAGRAPH"
"eb0fb6df7df2b5f6a1aa142cdedd0a377f8f18cf","4b0147075857118cf0f0f3918b517da3ff0c7608","HAS_PARAGRAPH"
"847a5047db26c29f4d093c96068d80547606a894","e0d174cf7d7d6d74fb4f24d8096fa26053c32daf","HAS_PARAGRAPH"
"847a5047db26c29f4d093c96068d80547606a894","fc13dab6cae20689f066164fc4a291cc7185ec59","HAS_PARAGRAPH"
"847a5047db26c29f4d093c96068d80547606a894","759e5f11729f6380b793d8b06caa0e72723ddd09","HAS_PARAGRAPH"
"847a5047db26c29f4d093c96068d80547606a894","d1431eb3e8b7f0a67b042b6ab1e03a68209220d6","HAS_PARAGRAPH"
"847a5047db26c29f4d093c96068d80547606a894","357303c3f614d26ea7986e4619e8febffae4f92a","HAS_PARAGRAPH"
"847a5047db26c29f4d093c96068d80547606a894","b5b87fa2690b5a30a72dcd0cc48c363a9e59a9af","HAS_PARAGRAPH"
"847a5047db26c29f4d093c96068d80547606a894","676fa7c4b23a24afd1e4ad12826342474eb08d00","HAS_PARAGRAPH"
"fc75448335aa81c41a45a84748e1ea378a246a6e","73d9be599e4b96b050ba9edf1a92afe3dda4b32a","HAS_PARAGRAPH"
"fc75448335aa81c41a45a84748e1ea378a246a6e","3b06f5354b52586dea7894914f0d5944f1e5d205","HAS_PARAGRAPH"
"1f77ddfc5d80644278620483201292dfdfc78149","0b5836531d958d16689fbbc74e6133c7d539554a","HAS_PARAGRAPH"
"438d26dd95f41e833095c0546c9bea825f5d714e","cb4ab07b7ceceb0af96137e38fe6a4c1956811f2","HAS_PARAGRAPH"
"8912ebb711b5ccf79fc6c3f456902c0208f5d32e","8e117063eb7826944cf029468f95342b5b1ef9f9","HAS_PARAGRAPH"
"8912ebb711b5ccf79fc6c3f456902c0208f5d32e","609b86d387f112b01f497cb07bc74cfd1794caa0","HAS_PARAGRAPH"
"8912ebb711b5ccf79fc6c3f456902c0208f5d32e","ab807a191f8c236f1125c2baae4015a78e68ecb7","HAS_PARAGRAPH"
"8912ebb711b5ccf79fc6c3f456902c0208f5d32e","798541c1053d4ebd5e4cfdb2905c5d6098317f91","HAS_PARAGRAPH"
"8912ebb711b5ccf79fc6c3f456902c0208f5d32e","093c6b882d8c876f6a2ec5acfee70aae940c6311","HAS_PARAGRAPH"
"8912ebb711b5ccf79fc6c3f456902c0208f5d32e","e4ec56b8aac0e81c66121af3da5a94ab10d6d243","HAS_PARAGRAPH"
"5a94791d3d64e5ec4bf28f31642c4f51bbd3a2b8","db721d49566218d27fd3457f42015f08251f9c47","HAS_PARAGRAPH"
"bb2ce44cad68b78be72a2c72fe994792d8165a69","6369d69a1d7b05e6723a7ae010a767ef3f7dc83c","HAS_PARAGRAPH"
"bb2ce44cad68b78be72a2c72fe994792d8165a69","554cd60138853019a646e7793a52497c433ff5a6","HAS_PARAGRAPH"
"bb2ce44cad68b78be72a2c72fe994792d8165a69","81dc16d65bc51a39c64134ba2e3a4d8b510c83a6","HAS_PARAGRAPH"
"bb2ce44cad68b78be72a2c72fe994792d8165a69","b73959a4e1ea6ae92d10d5f83b1b34119e90324c","HAS_PARAGRAPH"
"e319fed3bf61a24f6ea9aa0bc6d55c778fa94614","2547e875cc3f1eba075fedf030a943d50ed9e272","HAS_PARAGRAPH"
"e319fed3bf61a24f6ea9aa0bc6d55c778fa94614","b7936fa858a08631161c9181865db7512877917c","HAS_PARAGRAPH"
"e319fed3bf61a24f6ea9aa0bc6d55c778fa94614","c9dac39d0801d8210470f669c04b51df81867608","HAS_PARAGRAPH"
"dbaad013da65719c285ca1153502cdc2da5c96ea","5a423bfb0fe11e1063fccc24b6b79014c192a131","HAS_PARAGRAPH"
"521b673de38341bfdae2bd666a72230712ba5904","0564fef5b31e062f7e6608e098063a298ac60f66","HAS_PARAGRAPH"
"521b673de38341bfdae2bd666a72230712ba5904","4b41181b35c5e99386cf59ec4f54f98fc5246a33","HAS_PARAGRAPH"
"bb1c0ba44970080026af545a31560a77a9d9a976","fd08c3d886c4b3495d5f044b63bb2d31811e588c","HAS_PARAGRAPH"
"bb1c0ba44970080026af545a31560a77a9d9a976","cfa02ae545db32ad545763516c5177012ee8ebb8","HAS_PARAGRAPH"
"bb1c0ba44970080026af545a31560a77a9d9a976","1d27ef6abf095916c417688f025bd72e9104382b","HAS_PARAGRAPH"
"3b9ece07745c00c74cb38f24e539427c879224df","97fecff2e4f3b26a3b02fdc7fa9890c95d3b7273","HAS_PARAGRAPH"
"3b9ece07745c00c74cb38f24e539427c879224df","3c0557a43fff276aa195934236c7f74c2abe6cb0","HAS_PARAGRAPH"
"3b9ece07745c00c74cb38f24e539427c879224df","5a6406dde5e42593622e64405089ea45b3ac0087","HAS_PARAGRAPH"
"24a1fce52fc0c481a040691602982fc3c667169b","0bcec2bcce1dc88236071f6707a1ed203291e244","HAS_PARAGRAPH"
"24a1fce52fc0c481a040691602982fc3c667169b","2e6ab6ebd795ddcf499c77e1ba891c044a0e58c7","HAS_PARAGRAPH"
"6599d32c1adaa231ee9b275c7dd2491509e6bef3","9f04733f9deb194ff9885fbf58ac455da9de9939","HAS_PARAGRAPH"
"6599d32c1adaa231ee9b275c7dd2491509e6bef3","6d70c1abfbf7be0107cc8c6998b0ae0b79bedab1","HAS_PARAGRAPH"
"577286d0a61479375c511736e55d22399ed35b6c","973a2f99a0b4e63f1c962ab93b6617a2d7aa96f5","HAS_PARAGRAPH"
"cd6902961e37eb8802b6adc486382691a1bf429d","e30630ecbc9c61a0f752db658162f22c85d2ec80","HAS_PARAGRAPH"
"cd6902961e37eb8802b6adc486382691a1bf429d","1c83ad95ba2353e6848536d8f66366a8c2f94e32","HAS_PARAGRAPH"
"cd6902961e37eb8802b6adc486382691a1bf429d","f107e5192b7907fd0066892743fe8d59ad8c414d","HAS_PARAGRAPH"
"cd6902961e37eb8802b6adc486382691a1bf429d","332ee94f484f00b93b9c8923d8b902633b001ba2","HAS_PARAGRAPH"
"71583141a10c1ae8721e1aed7f5236691289b23f","245a5d03bdc6f3980929cfc175670e8c4c533979","HAS_PARAGRAPH"
"8a764da8bdd880981e573ea8c4938bfadb482c34","92b79d3d294633bd5a347ae1c499c7bfee9e69d6","HAS_PARAGRAPH"
"83284f096934c28886a5ca9cad86cb4754b951b3","50bdd6fbadac17ce1903d68552e92687c6aaf504","HAS_PARAGRAPH"
"83284f096934c28886a5ca9cad86cb4754b951b3","df72ff44762e9b9ed33fa309fc99c8e711385fb5","HAS_PARAGRAPH"
"02223359bcf3585d13c1982555be8c492a0e3b0d","ca1ab452b57e16c272b51299681662cf1dd0994d","HAS_PARAGRAPH"
"02223359bcf3585d13c1982555be8c492a0e3b0d","40268f7fbb0eb46b844f07c3a4e8d88210be7409","HAS_PARAGRAPH"
"02223359bcf3585d13c1982555be8c492a0e3b0d","7ec71d376c86d785ca01929c3727b835abca1b47","HAS_PARAGRAPH"
"02223359bcf3585d13c1982555be8c492a0e3b0d","1569ad042d6d0bcfa7bd3c4450e5cf5755a9e366","HAS_PARAGRAPH"
"02223359bcf3585d13c1982555be8c492a0e3b0d","297bf14dbd9753762849af9d4bd7c2c2e8492c96","HAS_PARAGRAPH"
"a9395f8d398d204082ab49a57d551625804786fe","f2401ea2c5f2ab9cff1e28d8853557b92cd260eb","HAS_PARAGRAPH"
"a9395f8d398d204082ab49a57d551625804786fe","44bf9a0962b25636dba09c738fd37a8dd88e26df","HAS_PARAGRAPH"
"7c5d838b746ae28e1d770e8c9636e1a9e3e9d344","6e5aaa2c6681b1d08cf15a7e0168e03fb5e5184c","HAS_PARAGRAPH"
"7c5d838b746ae28e1d770e8c9636e1a9e3e9d344","11b62e6cf9b654c1f15adaa5a821c973c3f28f7a","HAS_PARAGRAPH"
"7c5d838b746ae28e1d770e8c9636e1a9e3e9d344","c06613665e64580dccb8d430ca91a170eeb9e17c","HAS_PARAGRAPH"
"7c5d838b746ae28e1d770e8c9636e1a9e3e9d344","e5fe2adfe96aded1f5fe714a85da43b0ab0eb8c0","HAS_PARAGRAPH"
"7c5d838b746ae28e1d770e8c9636e1a9e3e9d344","074f714dd3206295d16292e8925995899ddff8b8","HAS_PARAGRAPH"
"dd6cad72ce7b4ac965fcaf9f458e278001b95c89","ada90bd0b333d949b7ef69f8ae9ef058d2446e30","HAS_PARAGRAPH"
"dd6cad72ce7b4ac965fcaf9f458e278001b95c89","04c4de06cef790a37ec20c7d0480daa72b8a453a","HAS_PARAGRAPH"
"dd6cad72ce7b4ac965fcaf9f458e278001b95c89","14981dd002ccdf7d04eba9d7dbd67b220efed7fb","HAS_PARAGRAPH"
"dd6cad72ce7b4ac965fcaf9f458e278001b95c89","3a34ec9a187410e1b0d2badd4fd7213d19be1204","HAS_PARAGRAPH"
"dd6cad72ce7b4ac965fcaf9f458e278001b95c89","9f7d1957d36a28bcf3afe26a747c992e710a52d4","HAS_PARAGRAPH"
"24bf02bdab5da7234aeb44d71e362a1fc7a7a06f","74858b1c8880542b34dbe5a445ace5a5b99fe1b2","HAS_PARAGRAPH"
"0ac29d55e1383e6f62734545c6ece3bac4bafd07","8b5856fc0d3643cb4657d2636ec1cc9ff2552c03","HAS_PARAGRAPH"
"0ac29d55e1383e6f62734545c6ece3bac4bafd07","4b4135ecea40c7962239058e1ad064d69c5b06a9","HAS_PARAGRAPH"
"0ac29d55e1383e6f62734545c6ece3bac4bafd07","bc7a65b151258d2e8d44188a7f9264802384a4e9","HAS_PARAGRAPH"
"64ee651022c14082b9e2ad5c93c83ac023be8848","faef2be20c8160a13473beb36d9a1c8c7df86bfd","HAS_PARAGRAPH"
"186e6150388e91926f543d7383cfe44f3881feb0","8026243aa3ef5a85581c11b9d498f5556e3fd691","HAS_PARAGRAPH"
"186e6150388e91926f543d7383cfe44f3881feb0","fa5e5a9852c36ab02b164c9b3e08cd6c2426982b","HAS_PARAGRAPH"
"99d4fdf7694bb21c8d9cfc0f245f5f3fbaabbb0c","8fb4e47dbf6fafa4b83090d4293c62df0c8c9ea4","HAS_PARAGRAPH"
"99d4fdf7694bb21c8d9cfc0f245f5f3fbaabbb0c","45b19eef55ae945d5dd34a30696cf717221ade6b","HAS_PARAGRAPH"
"894db0942ef7bc56dad927a5358bda57cd5f17ee","bb068720e320f04854c5a57f7c20a1c4ab17d462","HAS_PARAGRAPH"
"894db0942ef7bc56dad927a5358bda57cd5f17ee","736319dd9417180ea331a863e8acb0cb1e18d511","HAS_PARAGRAPH"
"45bb444500005ff640be4832ddeafb52ce619d1b","afdb742b7278a67b2db2895c2608ecc42074ace0","HAS_PARAGRAPH"
"45bb444500005ff640be4832ddeafb52ce619d1b","7412b1d6ef89a00c3b030efe02b05669f8e82e38","HAS_PARAGRAPH"
"8d36e2b3acc088314ee4c941f2185cee03e033ac","16169d2a87377aefa379b30304632f0babb43e2b","HAS_PARAGRAPH"
"8d36e2b3acc088314ee4c941f2185cee03e033ac","50b037718ba29cc41a8b4f46f568a81f1bcf2a5e","HAS_PARAGRAPH"
"2b241f2e1451bd2171ce1e8035b6f03752899df1","15d021e53223eb5dceef7f0505e7832f470a7c09","HAS_PARAGRAPH"
"2b241f2e1451bd2171ce1e8035b6f03752899df1","3d3b6b44335bde0608e7157caa5b3c14abc1b2f3","HAS_PARAGRAPH"
"2b241f2e1451bd2171ce1e8035b6f03752899df1","8e169ada96bd09eeb65f6d96227d6fb14c079876","HAS_PARAGRAPH"
"2b241f2e1451bd2171ce1e8035b6f03752899df1","e20dae2cabe6ac264e1239f048aa55a5267ccc82","HAS_PARAGRAPH"
"2b241f2e1451bd2171ce1e8035b6f03752899df1","83bd4dd6cd31fcf086c6b6f5ba731998cc0ab548","HAS_PARAGRAPH"
"2b241f2e1451bd2171ce1e8035b6f03752899df1","61b87790196bd226cdcb901150d5f5d0dea99bb1","HAS_PARAGRAPH"
"1161f5df7ea832a1058ff2a2046495648d2ebf92","5efa84dc57a3a6713f55a41820f56cbe644e62bb","HAS_PARAGRAPH"
"1161f5df7ea832a1058ff2a2046495648d2ebf92","92dfda2a04d83b2380fd2cb3f829b26293b042a6","HAS_PARAGRAPH"
"1e2fbb8765db1a0d4b97f205ca0e3d313a33b3a4","d18be7be73447a6c54d92aad99a2d74df2f5ba3d","HAS_PARAGRAPH"
"1e2fbb8765db1a0d4b97f205ca0e3d313a33b3a4","93048e8aa062777084f9edb316279ec048c55b1e","HAS_PARAGRAPH"
"fd8727ca0aafdacad11185bd7874cf2e985dbb5a","48cb49c3bb028280d65978f92cb7002d97125dc7","HAS_PARAGRAPH"
"681b92fa2f98e5ae75f0a032cdb18e4b6546314b","f34e8d0be97e52047f3aee76b3f22383543025b3","HAS_PARAGRAPH"
"c58d1962bd55c08d75a51f4213ef59b7aaef56e1","dcd8d599864735766e0c1d10c70195f91ba39f93","HAS_PARAGRAPH"
"1cb70f9965f6bb660b89ee67fc9cafff124b8f82","7d37df2b2b06714e7878a4b0d8ee81d6362d2217","HAS_PARAGRAPH"
"1cb70f9965f6bb660b89ee67fc9cafff124b8f82","d48fe4f8726066dbc53c201081ef0ddd0fff67af","HAS_PARAGRAPH"
"f8bd6a413e6db4964534602a3a23cfede0b9e104","73074e1d9be7486d946ed7738c11e6c46aa362eb","HAS_PARAGRAPH"
"012377d151367208aacc31ac6244dc477afc9371","cc62b4d983eb867c275ce5aab83548e1fc019c56","HAS_PARAGRAPH"
"012377d151367208aacc31ac6244dc477afc9371","6302a82f08ee3ed302850306b0f2f76a1fec83ff","HAS_PARAGRAPH"
"012377d151367208aacc31ac6244dc477afc9371","976af8f310ea83aa4f6084c18631625d7b13b7f0","HAS_PARAGRAPH"
"3d50c30d889cea586e06cf1f47b7471649a69fb1","9a988c2059e45e092ecffa0cc9e20d98786b3a38","HAS_PARAGRAPH"
"3d50c30d889cea586e06cf1f47b7471649a69fb1","1f9a0c8f00150daac4a4912d1ed2e20bd085f33d","HAS_PARAGRAPH"
"042a0135cd05e6f0cba34dfb07cb183cb221d433","f9c8b2c9046e9cc78edaff9070f85ed47b522e8b","HAS_PARAGRAPH"
"34562a69c8494cea9d324388a0ebc5e4d2aed265","b0aa510f56a89552c30e0ccb49a441c55b210d88","HAS_PARAGRAPH"
"34562a69c8494cea9d324388a0ebc5e4d2aed265","fb060cad48851701efb156db0aa121382d65460e","HAS_PARAGRAPH"
"8e564784cc5001963dd1d24b517b41fc8068e602","59c43d6493b629764ee33b93684e433b761759e5","HAS_PARAGRAPH"
"8e564784cc5001963dd1d24b517b41fc8068e602","1f647bc2358ac80dbf43ee130f3e8163ab57ad94","HAS_PARAGRAPH"
"8e564784cc5001963dd1d24b517b41fc8068e602","ab22ddadf2ecb40a4e24d467a6f7bbe72197a1b1","HAS_PARAGRAPH"
"8e564784cc5001963dd1d24b517b41fc8068e602","665f66be410b70f621c8d6e5e936472837a413ba","HAS_PARAGRAPH"
"8e564784cc5001963dd1d24b517b41fc8068e602","41cea2f458431bcf16f6516a99ce0c203c8d42d7","HAS_PARAGRAPH"
"17d257c421ef2664a23f3065667ada99d70c9fee","ac9d5e6a5fac336e65b321c3784e665499e5b946","HAS_PARAGRAPH"
"17d257c421ef2664a23f3065667ada99d70c9fee","5474c81a47dd58893caa4e9635d21b5786e8b5bb","HAS_PARAGRAPH"
"17d257c421ef2664a23f3065667ada99d70c9fee","c20e6aaf1f84aeef63fbe9d7831849254b70a027","HAS_PARAGRAPH"
"cc99066a20935cadfc9722a58cd931187c0ed61b","5db5badc701a078875de16970fac3ca1fffb47bd","HAS_PARAGRAPH"
"cc99066a20935cadfc9722a58cd931187c0ed61b","a45fcdfd8dcaa545f16d1e936b7d95648c6e3c67","HAS_PARAGRAPH"
"cc99066a20935cadfc9722a58cd931187c0ed61b","304a905e3ad4b4db03a8aaebb7f7bcc80a5dd149","HAS_PARAGRAPH"
"cc99066a20935cadfc9722a58cd931187c0ed61b","ff0174cc67cbfa14a76aaa24c88d2f012e5e5502","HAS_PARAGRAPH"
"418a1a1721c2bfa7d5cad44a440d779d06695708","37299e77027fada31338f2205646c57750f3981c","HAS_PARAGRAPH"
"321ad3166b30fb08776e9560cb193ff04e0df29b","1469f17e9eaac3e076e35506cd18540e1a9aed7d","HAS_PARAGRAPH"
"7b1d435e1b41c543d9d299bf7302cd2ee7d8d295","02440341c6c24d23785c731a48b71d4c91afb168","HAS_PARAGRAPH"
"7b1d435e1b41c543d9d299bf7302cd2ee7d8d295","739afe6a3607da71dbd64e4c03d21ccfa68c6aa1","HAS_PARAGRAPH"
"7b1d435e1b41c543d9d299bf7302cd2ee7d8d295","b37e48b0348d02110bff5f592cdec2287e4eb33d","HAS_PARAGRAPH"
"c228a5fbbd7770f30b2c0295b3a616ced71ad466","64861b1dfb00b12e6abb4213f690130ef5f5798b","HAS_PARAGRAPH"
"c228a5fbbd7770f30b2c0295b3a616ced71ad466","c21264685e729ebe6c11e8b6d6af1bb618682061","HAS_PARAGRAPH"
"c228a5fbbd7770f30b2c0295b3a616ced71ad466","8f704441566b75f95fe4663695b8c9d264d25ca9","HAS_PARAGRAPH"
"5f054ff0599644015098f8a6bd338aeffe2994c2","ce471c235c0600c7445ffc20db3af3765d222a9b","HAS_PARAGRAPH"
"5f054ff0599644015098f8a6bd338aeffe2994c2","07d54906c02656c4186a1b9f420a502f90c677a5","HAS_PARAGRAPH"
"5f054ff0599644015098f8a6bd338aeffe2994c2","1ae1cd852c81043e1774889290be2eebc360c1c7","HAS_PARAGRAPH"
"431d849c7b7fa2f88164df5d88c81790ee3ce11e","e1fcecf6acdc03995e9f00df82c0278e6d0b8f23","HAS_PARAGRAPH"
"431d849c7b7fa2f88164df5d88c81790ee3ce11e","0a6c1cb52d5f27b94015073bb940cf5a9027b981","HAS_PARAGRAPH"
"2b5babae49f511a0655d1d8a0ada96e39b49421f","d8142b56c4a0065d80f1d6736ac99935f789e093","HAS_PARAGRAPH"
"2b5babae49f511a0655d1d8a0ada96e39b49421f","e4aeb04bf33d8d315f72b1f118b450c8cdfa6855","HAS_PARAGRAPH"
"2b5babae49f511a0655d1d8a0ada96e39b49421f","d5ffde39a28b7ce93559d121f4726b891c8ba55f","HAS_PARAGRAPH"
"2b5babae49f511a0655d1d8a0ada96e39b49421f","0ddf8e70ad70aed500416f8422696f7c67438fcf","HAS_PARAGRAPH"
"2b5babae49f511a0655d1d8a0ada96e39b49421f","6817029f501c5e850c4ec850da3be6a4028a4284","HAS_PARAGRAPH"
"9fb440f0142715dc09e970451c24f4458db96e9b","6f692d7ad7537e504cbc4e9c31e8f56f6d41460b","HAS_PARAGRAPH"
"9fb440f0142715dc09e970451c24f4458db96e9b","8d2e6e3950fcf8511099c38f2ed859116b86b5b2","HAS_PARAGRAPH"
"9fb440f0142715dc09e970451c24f4458db96e9b","63c436865ab0abf108c9e4645c6300d5aaf32a60","HAS_PARAGRAPH"
"9fb440f0142715dc09e970451c24f4458db96e9b","55f752e0520a0e5d57a2426a7b87a08842aa6afc","HAS_PARAGRAPH"
"9fb440f0142715dc09e970451c24f4458db96e9b","918384deda5288e78c3a745dc3cd84e36701b9ff","HAS_PARAGRAPH"
"804b261c1e4ed1b19343a8fa36379ca87bcc5db7","09f143c4f0ce1692714a73130c9d82f167f8e936","HAS_PARAGRAPH"
"804b261c1e4ed1b19343a8fa36379ca87bcc5db7","73034bf9c11ee0614985d59b911122d0dd3f55a0","HAS_PARAGRAPH"
"804b261c1e4ed1b19343a8fa36379ca87bcc5db7","3a75b0933fe0e22a5e23bd97667de101fc45a3cc","HAS_PARAGRAPH"
"804b261c1e4ed1b19343a8fa36379ca87bcc5db7","c6767f1367cee99e5313467c464d34872dc651ab","HAS_PARAGRAPH"
"59fbbec80ed7ee67b1094036ec811be76183eff8","923e8499cc656d2f67d2fd6f381d332ab7a008ff","HAS_PARAGRAPH"
"f11891f36a8680621d3ffc9de93f6d481aaddca9","615b40aecb5418798e955415eb298539eed499c6","HAS_PARAGRAPH"
"f11891f36a8680621d3ffc9de93f6d481aaddca9","b8c867f601b5fa75352385959851f3d26a8dd4bd","HAS_PARAGRAPH"
"f11891f36a8680621d3ffc9de93f6d481aaddca9","5f706ecba3aaf6d25d19ae4dc7f993407e2f011a","HAS_PARAGRAPH"
"f11891f36a8680621d3ffc9de93f6d481aaddca9","f4bb26668ac7e7c61ed619fee58ce01f6e111197","HAS_PARAGRAPH"
"f11891f36a8680621d3ffc9de93f6d481aaddca9","a90823fb76837802cc096f970838446ad07c5de7","HAS_PARAGRAPH"
"7f14227252c6dd98c7de052900409c0d6e72b871","57719fa0fbf2e3c023c3e653dac5c8d6c84593c2","HAS_PARAGRAPH"
"7f14227252c6dd98c7de052900409c0d6e72b871","bb16dea0fa4cbce46d0798346c221aa4f6812b80","HAS_PARAGRAPH"
"76f3564f2ccc4dc308ab26bb7519bd5877927dfe","798437b45d8583612bd42b829a49c2181c7ec15b","HAS_PARAGRAPH"
"76f3564f2ccc4dc308ab26bb7519bd5877927dfe","2a8e1ed9782774f4e44ac46fa256a7f27f4889ee","HAS_PARAGRAPH"
"76f3564f2ccc4dc308ab26bb7519bd5877927dfe","900f6be2e5560c726d9a6820196385c04db0c635","HAS_PARAGRAPH"
"8a0202746f6e1bb69641e4a25c48bab98519093d","975f973d7dceebcdc253dcc88556347417a9855c","HAS_PARAGRAPH"
"8a0202746f6e1bb69641e4a25c48bab98519093d","0977daee8ab497ba19e0ef60517e25606368fa9e","HAS_PARAGRAPH"
"8a0202746f6e1bb69641e4a25c48bab98519093d","1c487e847acc73ac24aeaeaf0ee0e7a7a24e715f","HAS_PARAGRAPH"
"8a0202746f6e1bb69641e4a25c48bab98519093d","ec212c7b0472ab92270326f5f0214f2d9bd114c1","HAS_PARAGRAPH"
"8a0202746f6e1bb69641e4a25c48bab98519093d","9c94949d212a8d4fc6760397b5b50bc80e3fd880","HAS_PARAGRAPH"
"8a0202746f6e1bb69641e4a25c48bab98519093d","48f2720e7b289b343899f6b26e21d1fc79b19af5","HAS_PARAGRAPH"
"8a0202746f6e1bb69641e4a25c48bab98519093d","78be44bd647f877e8dd6e4a2dcdba1a3f7ea6af2","HAS_PARAGRAPH"
"8786e5098260a8dc3304fdb4fd87d4a6fd83fa7d","3611384d2e733d7b62572d60e9578f206372babe","HAS_PARAGRAPH"
"8786e5098260a8dc3304fdb4fd87d4a6fd83fa7d","20c256cc433b06fd30574348d91e4a1d44649baf","HAS_PARAGRAPH"
"8786e5098260a8dc3304fdb4fd87d4a6fd83fa7d","5cf3d235e691e7f1f4c5d0853642455c6e43749f","HAS_PARAGRAPH"
"111bc26de603903b8ebd017c7ebb93d4dde9f4c5","1000e0d534c06e40183f788967605b5083d570a1","HAS_PARAGRAPH"
"ca397877bd5b000e6a989e3ed951c05553303304","48724bf1d906a5ab57b7c50c7e595662a7afdab2","HAS_PARAGRAPH"
"7655c9b54e8a90e81a507407d289713e3f64045c","0196ef1749a5b8cecdd77d302abb4855debf7843","HAS_PARAGRAPH"
"1deb2868d9d2ffb608353791dc0afd315b73f6bb","77300ddae627afb33755d2fcb02ef1bdb1fa4de2","HAS_PARAGRAPH"
"1deb2868d9d2ffb608353791dc0afd315b73f6bb","6078af24ffb832b6cdd243958fed174fad438b54","HAS_PARAGRAPH"
"1deb2868d9d2ffb608353791dc0afd315b73f6bb","819490888bf11122e54012b9f9fc5c1bf2576d91","HAS_PARAGRAPH"
"1deb2868d9d2ffb608353791dc0afd315b73f6bb","c7500a36cad97a1145ce32ed621cd480dc2c0108","HAS_PARAGRAPH"
"d2e49c1ead1fcc726da7fe9fd06f11a01c8e9702","bd02f73d0c159a24febc0f3b837098a73fd108d7","HAS_PARAGRAPH"
"d2e49c1ead1fcc726da7fe9fd06f11a01c8e9702","d115516b6f0926d591e9bae72ecc5ec54034a9fb","HAS_PARAGRAPH"
"962968b05b474b5cff6c0a0dbf29e04f8e0ed7e7","602daa2daf1255addeb75fe4653ff8dd0ac2df4e","HAS_PARAGRAPH"
"962968b05b474b5cff6c0a0dbf29e04f8e0ed7e7","5dadf840b386c9d83c3b7fb64538ff0fdbc40700","HAS_PARAGRAPH"
"c5f7f82b578357ea0f2d51aed8228442ff71b984","250f56da7867b535fdd1ab8c0c1f76fd4b18ff84","HAS_PARAGRAPH"
"c5f7f82b578357ea0f2d51aed8228442ff71b984","1c7d80ff954f507d24c1be97407e4941609d84bd","HAS_PARAGRAPH"
"a970451dfb4da73385c8a7107348199317012bc4","9413b8afa49477dfd07a79449fa56506f049c83c","HAS_PARAGRAPH"
"a970451dfb4da73385c8a7107348199317012bc4","59b2d04500002844ac87927e17cd646d161a75cf","HAS_PARAGRAPH"
"a970451dfb4da73385c8a7107348199317012bc4","f831e0eaf5ec119c5c8f43cb6f3e1a5c8b129ed4","HAS_PARAGRAPH"
"a970451dfb4da73385c8a7107348199317012bc4","14a2d233845046404cecf60db42a9c7c8ef1dfbd","HAS_PARAGRAPH"
"55b9af7e80aeee548f9af4bab502cca7d7647b1e","f550ffb90ad5a2b48896434fc0712102dd9e11b8","HAS_PARAGRAPH"
"e3f0d23f1652fdffbfafa8d2139d66693b95b4e0","346bbc67756909eb8c6edd6bfdf1e03a165d2d43","HAS_PARAGRAPH"
"a01dd3331d442d8b8a9633b079f3014aea285b1c","75a938fbcbfc51869d836013097f05ed129cb13f","HAS_PARAGRAPH"
"a01dd3331d442d8b8a9633b079f3014aea285b1c","b5c8932266b9b2506cdb03c087cff1e11afca874","HAS_PARAGRAPH"
"a01dd3331d442d8b8a9633b079f3014aea285b1c","4de1af68a4c4e3980b4ecad3a0bd864456cffcbc","HAS_PARAGRAPH"
"a01dd3331d442d8b8a9633b079f3014aea285b1c","72627872c854500fed06adf5574bac0d3f544163","HAS_PARAGRAPH"
"f6a1cccf3c9369c7f33e851a00dd67bd314947cb","0eabad9e6adad75b27de986850a6f273f63c3bbf","HAS_PARAGRAPH"
"f6a1cccf3c9369c7f33e851a00dd67bd314947cb","5b7aa72ae07b7dcfa82b0f97bd71edaf0f84128a","HAS_PARAGRAPH"
"d74de011b7d4f95e5ef272b8d8cbb7da575f31e2","b58b9c1ab3c2f3dcdd15979dc597fb42a4c0c4a1","HAS_PARAGRAPH"
"d74de011b7d4f95e5ef272b8d8cbb7da575f31e2","c21f913c1db81235395d58d36fae7a4460aa413e","HAS_PARAGRAPH"
"d74de011b7d4f95e5ef272b8d8cbb7da575f31e2","2d0ccd66d3ea800ace4556e1a753776801f8d039","HAS_PARAGRAPH"
"d74de011b7d4f95e5ef272b8d8cbb7da575f31e2","50b21c8d2637d79005c86abe003b8669deef9882","HAS_PARAGRAPH"
"6a433b746abb26a5515d2f8727adc1311c53d444","39d7c03c37feb11657322602243346e1ede919fc","HAS_PARAGRAPH"
"6a433b746abb26a5515d2f8727adc1311c53d444","896f6d0fe83bb049199fcd62b968dd368d3f5628","HAS_PARAGRAPH"
"00e9044fc9bdb3d68966de49172d39c14ceec34a","8e0ad772c4b6dbb8845398e180c29445dc4e3fef","HAS_PARAGRAPH"
"43d8d022ce3d386a91574488247af2d5451db52e","47a369218369af09aa01a1344518be1c64ef2a36","HAS_PARAGRAPH"
"43d8d022ce3d386a91574488247af2d5451db52e","406b3148f34c172aaea8b3861f6fd86a45c2694a","HAS_PARAGRAPH"
"43d8d022ce3d386a91574488247af2d5451db52e","af26989495bd86bae6e0ab9797875dbedfba2eb3","HAS_PARAGRAPH"
"86bdb0fd9d426f71c5d32fb712790b04a0345657","34593d9e791754431be3949fb9a9c9807cbd4f50","HAS_PARAGRAPH"
"86bdb0fd9d426f71c5d32fb712790b04a0345657","b6b71c15541a93803fb4915a786829d59ba72859","HAS_PARAGRAPH"
"86bdb0fd9d426f71c5d32fb712790b04a0345657","ceef73da15deb074fe2483b89e3e099f875967ff","HAS_PARAGRAPH"
"86bdb0fd9d426f71c5d32fb712790b04a0345657","9157d98e32ae143f2c1439939c940fe3fecc1c27","HAS_PARAGRAPH"
"86bdb0fd9d426f71c5d32fb712790b04a0345657","a84f0d68e15df6a699242fab37efa377b4f67b74","HAS_PARAGRAPH"
"86bdb0fd9d426f71c5d32fb712790b04a0345657","9477e4006aa817f3d0ff532cb4197e201ea42b0b","HAS_PARAGRAPH"
"0fc746c875660b8085159dd8126463e84d063af1","00194b5f72373d13a7bec05332775fd416f8ff4c","HAS_PARAGRAPH"
"0fc746c875660b8085159dd8126463e84d063af1","0d4ae765f2ff8814974672ebdda19b9d498cf83d","HAS_PARAGRAPH"
"0fc746c875660b8085159dd8126463e84d063af1","ec313f9c2975a81ebb8be791bf7dffad6f4a8287","HAS_PARAGRAPH"
"0fc746c875660b8085159dd8126463e84d063af1","5cc0b36940fbad08789c274c40776dca0fcdd846","HAS_PARAGRAPH"
"64943ef9a417f255d5f1a7b72d3f142c203cd64a","6e302efb2d50e2136412bb1b7e193c569cb3c06f","HAS_PARAGRAPH"
"64943ef9a417f255d5f1a7b72d3f142c203cd64a","17eaf0df8ba1c4bc6e4139cada407456e840edca","HAS_PARAGRAPH"
"cc00da0630429a233d2603e314646e156bd493d2","eb05709e747e53f1df72f301bc6fd43502b9d879","HAS_PARAGRAPH"
"cc00da0630429a233d2603e314646e156bd493d2","b221dd2e9b8c12c5772c05bfc7ed792db69a6dbd","HAS_PARAGRAPH"
"a6062a4306f4af0f59beda1574ea51e5feb9b5e8","62e1cb6507ea485182b73eb1462a315a344f47b7","HAS_PARAGRAPH"
"a6062a4306f4af0f59beda1574ea51e5feb9b5e8","4ef4f522a5f4d6e488fc799a476a292a60ec42f6","HAS_PARAGRAPH"
"a6062a4306f4af0f59beda1574ea51e5feb9b5e8","f371c084be8bd39a673d1d1f3efcaef9b5997d49","HAS_PARAGRAPH"
"a6062a4306f4af0f59beda1574ea51e5feb9b5e8","ee58196424aac7312eb5299c738e5b7c947d3c90","HAS_PARAGRAPH"
"a6062a4306f4af0f59beda1574ea51e5feb9b5e8","7aeafdddbb929573f90719db3d572c09bbf1e1ad","HAS_PARAGRAPH"
"18c8cc849ab2fd73d4699bbb604d4d18e505a5d3","509077ba6e8a1e94f0a23eee01a40df992c8eaba","HAS_PARAGRAPH"
"18c8cc849ab2fd73d4699bbb604d4d18e505a5d3","405bb531119f898433e66ff4409938c4f5fd7078","HAS_PARAGRAPH"
"18c8cc849ab2fd73d4699bbb604d4d18e505a5d3","192f414eb7134d2c76f742f0e3eea14fc92d5991","HAS_PARAGRAPH"
"18c8cc849ab2fd73d4699bbb604d4d18e505a5d3","dcac9bd4a0125b0cf10775b63a937ec46dd691a7","HAS_PARAGRAPH"
"18c8cc849ab2fd73d4699bbb604d4d18e505a5d3","9b9574ae4757d8cbbbd46dc262f73536ac8e5c8b","HAS_PARAGRAPH"
"0ea5a9d63873f965c2628f65dc9cd38dac192c0b","8491e64eca82d7aeaff3269eb152c09c99f509d4","HAS_PARAGRAPH"
"0ea5a9d63873f965c2628f65dc9cd38dac192c0b","dd9c463fdd51faf5850e05593f6d3f8187e2809e","HAS_PARAGRAPH"
"0ea5a9d63873f965c2628f65dc9cd38dac192c0b","7bce7d45c234f2927430d9f4b66bb06af184e347","HAS_PARAGRAPH"
"0ea5a9d63873f965c2628f65dc9cd38dac192c0b","920880e132cbab10d7cb462b4138c45d43c45533","HAS_PARAGRAPH"
"7174ac2be945841c5554732f157070dac08b9619","fd2f6c05f73532bac05535ea7111b1bde2364c61","HAS_PARAGRAPH"
"7174ac2be945841c5554732f157070dac08b9619","313b8c8aacbba0d38c4b74bcbf95ed71919e99d0","HAS_PARAGRAPH"
"c0ad999ecb04d823b960fb3a3f0e78f8d8e41be4","a5198da16160710ab3082ac7ee4fa3dedbbaec2e","HAS_PARAGRAPH"
"c0ad999ecb04d823b960fb3a3f0e78f8d8e41be4","c0c844370718c971c440d82231460275c58e55c1","HAS_PARAGRAPH"
"c0ad999ecb04d823b960fb3a3f0e78f8d8e41be4","295f18b093d3652e419ee5c26f830808a01802a8","HAS_PARAGRAPH"
"9ab8db658375a1c77ea2be3e0e4e9c9d4734da4e","5ac68aab89ce45c17a452223ecb2b7d8350d233a","HAS_PARAGRAPH"
"04c60933250f9d59d13588a9a79d2a54898821fd","5d09232f725d07cbdf2f9f7df4f141c380b87745","HAS_PARAGRAPH"
"04c60933250f9d59d13588a9a79d2a54898821fd","469ed308e0d54545d04ff698a18ee03967c30c22","HAS_PARAGRAPH"
"04c60933250f9d59d13588a9a79d2a54898821fd","f83d7999ed59b78a618985b16f55fe9543bd5000","HAS_PARAGRAPH"
"04c60933250f9d59d13588a9a79d2a54898821fd","ac9ff6e93cf26f8556f399e8cdb7640e0ebfc717","HAS_PARAGRAPH"
"d4fec31f408de0436ed83dbe96c467396c9643a0","a71f761113a77fc3c7e3e266dc1df3d6f066408e","HAS_PARAGRAPH"
"d4fec31f408de0436ed83dbe96c467396c9643a0","02e4fc9f2e1efc64716b7ffa184361ae3a4bb292","HAS_PARAGRAPH"
"d4fec31f408de0436ed83dbe96c467396c9643a0","d6357e7f63fa909121a1c48c8c1964928cf82bdc","HAS_PARAGRAPH"
"d4fec31f408de0436ed83dbe96c467396c9643a0","974ce49cca056fda78ff3c1d22bb4a0eeae22845","HAS_PARAGRAPH"
"d4fec31f408de0436ed83dbe96c467396c9643a0","2cfee071620f294c802807c7383c01c323ced714","HAS_PARAGRAPH"
"f311c63e2fcaadef13fa7e95c9b170529dbecacd","9200dafa9a937ee1301404313853f394e665041f","HAS_PARAGRAPH"
"f311c63e2fcaadef13fa7e95c9b170529dbecacd","4c80ecaeba6ab283631a762774af3a9ffd5250c3","HAS_PARAGRAPH"
"14fac42e688f3580f80ce64ada22b74623b2558b","5941d7c62cbbc3032cea6e39ed3532bd7f5c879a","HAS_PARAGRAPH"
"14fac42e688f3580f80ce64ada22b74623b2558b","76dcdc73107b0ec7b389183881253142a1a07b3f","HAS_PARAGRAPH"
"14fac42e688f3580f80ce64ada22b74623b2558b","fdc82eaceaa0f03ac2c48ecdf2cab72b097b4e19","HAS_PARAGRAPH"
"14fac42e688f3580f80ce64ada22b74623b2558b","b89cc148b25594a03ec33191853a0f563cc6806e","HAS_PARAGRAPH"
"15c942446a3010c1a59466edff638cfa9830b8bb","be452d13375190938f1f4a0afd214f0fb419f095","HAS_PARAGRAPH"
"15c942446a3010c1a59466edff638cfa9830b8bb","1820faab039d36934be63a0572603648e8743d0c","HAS_PARAGRAPH"
"15c942446a3010c1a59466edff638cfa9830b8bb","9e4e84cfdf3c447674303a30e88f7d84d8a00997","HAS_PARAGRAPH"
"15c942446a3010c1a59466edff638cfa9830b8bb","895cf99897ad61bdda0343c5b5f53986d59b4b26","HAS_PARAGRAPH"
"5f76b2d316bbd16efd909d4d15c3c580d857ca46","e06c14e6b61aad51b646b926e3a6f7530717e3e0","HAS_PARAGRAPH"
"5f76b2d316bbd16efd909d4d15c3c580d857ca46","1e75919df8fccd08a467dcec2dfd1b132024275f","HAS_PARAGRAPH"
"5f76b2d316bbd16efd909d4d15c3c580d857ca46","44fad66cfb21efe578e53bf312c6f9a77c2f61f2","HAS_PARAGRAPH"
"e7aab432fe280eac1db60a3972fe346605b792fa","16016ed461c80983870c34448d3c5431a4f3fc9a","HAS_PARAGRAPH"
"e7aab432fe280eac1db60a3972fe346605b792fa","9fe71541374cc3251280d49217a6b17f16ea0c04","HAS_PARAGRAPH"
"e7aab432fe280eac1db60a3972fe346605b792fa","fa883f6d928b8b2e2381845bc01706369293249f","HAS_PARAGRAPH"
"e7aab432fe280eac1db60a3972fe346605b792fa","064d193a5226ac5622f9488d285084e47e1f1490","HAS_PARAGRAPH"
"e7aab432fe280eac1db60a3972fe346605b792fa","cc17e21c7b44865e68cb91f578eff8ccacaefed8","HAS_PARAGRAPH"
"e7aab432fe280eac1db60a3972fe346605b792fa","ffa5d94972a8d7302c37b2513b43b8157a3af0b2","HAS_PARAGRAPH"
"e7aab432fe280eac1db60a3972fe346605b792fa","8b7c93dc3aaf86769ca330db113355602869a862","HAS_PARAGRAPH"
"e7aab432fe280eac1db60a3972fe346605b792fa","ee88048e23dfc3cd6f695ce7adedb20cb3c3961c","HAS_PARAGRAPH"
"f79926b4cf81a88abbd5d825955b0a61dfa0fefa","234e90dc0d973488b680a59a6532dbe509511477","HAS_PARAGRAPH"
"f79926b4cf81a88abbd5d825955b0a61dfa0fefa","4d6fecc481d20a23986bfe5433a3dc9750e14503","HAS_PARAGRAPH"
"328ef851627a601bbfc6dacb4d743971c5d86848","6295a830134730a4d9e109dcc69779d7acffcf46","HAS_PARAGRAPH"
"8a3e23bb2ef8fe7ede19f0c36cd1fddcb3c04d55","1998a02d658a0b8f270f0d2f5ab0c36e0ae66db9","HAS_PARAGRAPH"
"a320d9061a7a005ef7540954a2024b66c5001053","ef8d0febc79520861d994c415db4412d5273a311","HAS_PARAGRAPH"
"a320d9061a7a005ef7540954a2024b66c5001053","022d911ce607d8d7ec707e3d3bfe0722a21ddd2c","HAS_PARAGRAPH"
"a320d9061a7a005ef7540954a2024b66c5001053","c692aad9497bc095d97158db1b4789adade899b0","HAS_PARAGRAPH"
"fc5429436e027f19de152edd90066d939b547f35","38fc8c6ba3f1afd2cec12e903e6bf7d51b225be8","HAS_PARAGRAPH"
"a1faae09ef09336ec34d71374ff6b3c97cefb583","92b52d7b8dccaac1429a4f6dbcd0ada34b5fe3ee","HAS_PARAGRAPH"
"a1faae09ef09336ec34d71374ff6b3c97cefb583","a9502e775c056b58f601b7f5c43023dcf732fc4b","HAS_PARAGRAPH"
"a1faae09ef09336ec34d71374ff6b3c97cefb583","e8162d41e6105f977425844ef335a8e5604e1953","HAS_PARAGRAPH"
"a7ce9416e7d48a33717e8fb12900a30d11da3711","be97cf89de8804a4b028c58fa3c84a1109bcfc8e","HAS_PARAGRAPH"
"a7ce9416e7d48a33717e8fb12900a30d11da3711","44f0ced647475fc25d92d941de6c3fe9b44d2ae3","HAS_PARAGRAPH"
"a7ce9416e7d48a33717e8fb12900a30d11da3711","9148d5218b819f3495dfee93cefc1a661d9bc678","HAS_PARAGRAPH"
"a7ce9416e7d48a33717e8fb12900a30d11da3711","2a6fe2fad4b861d008cd7defcb64f8c57fe9d637","HAS_PARAGRAPH"
"0e488de95dbe2a43d691bd5401d67d604d5b076f","ef0befd87379c2274de2683378ee2ef5c0332ad0","HAS_PARAGRAPH"
"0e488de95dbe2a43d691bd5401d67d604d5b076f","d2f8ddd1e749737c5e81bd6752bb41c54a32287b","HAS_PARAGRAPH"
"8dc6b2d727bdb6f2f60752b8c1963dc085efb1dd","d42f4204dc29b70a1a1e148c2aa4fe566c62754f","HAS_PARAGRAPH"
"8dc6b2d727bdb6f2f60752b8c1963dc085efb1dd","4fe4adb59e279370de46d7b19be578db22a4b5cd","HAS_PARAGRAPH"
"8dc6b2d727bdb6f2f60752b8c1963dc085efb1dd","01299d252aca616c0af2e916c73630b0316e97c9","HAS_PARAGRAPH"
"8dc6b2d727bdb6f2f60752b8c1963dc085efb1dd","713adc4c544ec381aa456d89bf29bf9e116c148d","HAS_PARAGRAPH"
"43eb7c87ed907a337c412bf9dbe6a86dfc11baf6","672b34d8f37c3caa37d1ae4c5e566a8c8aac0451","HAS_PARAGRAPH"
"43eb7c87ed907a337c412bf9dbe6a86dfc11baf6","3e410e34452f55d80c90a4453e5be77b9c7d8882","HAS_PARAGRAPH"
"c8b255aa42daa07611ad92dd3bbb4aa5ca4c94db","bb0143078132ee42ef93c6d4a7c7a5f519c6a70c","HAS_PARAGRAPH"
"c8b255aa42daa07611ad92dd3bbb4aa5ca4c94db","dcbc64a98d0d0894086fa5fbcd986abb44015064","HAS_PARAGRAPH"
"3036262bb88ef718a622e78131b60c5d8943fb4f","378232907a13a6844f848a9704a0623461be3b11","HAS_PARAGRAPH"
"3036262bb88ef718a622e78131b60c5d8943fb4f","92ae0a255ccacf98365b9f2f371d5d86abdffcff","HAS_PARAGRAPH"
"3036262bb88ef718a622e78131b60c5d8943fb4f","9d5c32065c8d2cf3aa14932aa2b44dcc4d47580b","HAS_PARAGRAPH"
"6d4cf4f694a9be3c0fbf850d03c28bcd44447943","725ccdcb9087e50bb2e435900e75772750c5209a","HAS_PARAGRAPH"
"6d4cf4f694a9be3c0fbf850d03c28bcd44447943","d5ecf27d56b7745c66107d056bc9317c3fe906fb","HAS_PARAGRAPH"
"6d4cf4f694a9be3c0fbf850d03c28bcd44447943","150c453fe9b5d7a7341a9c660448a9408b13c8e0","HAS_PARAGRAPH"
"6d4cf4f694a9be3c0fbf850d03c28bcd44447943","f20827c660c7e55d69a7505065c5f1b08a2f8dbf","HAS_PARAGRAPH"
"6d4cf4f694a9be3c0fbf850d03c28bcd44447943","853a3cb2187404bc792d2c813593d70cee939c8a","HAS_PARAGRAPH"
"7e6fd7fdc7e0ab778a6ac87059b5242e3e01cd3d","b2095b1cfa6de00f25ed7aca79cb63d213be3e75","HAS_PARAGRAPH"
"7e6fd7fdc7e0ab778a6ac87059b5242e3e01cd3d","ba40f1d228eb50f8b2e4af5b89de516c1be69b68","HAS_PARAGRAPH"
"7e6fd7fdc7e0ab778a6ac87059b5242e3e01cd3d","30d9a1a4b43443d96e128dda832bae7580edb5c2","HAS_PARAGRAPH"
"7e6fd7fdc7e0ab778a6ac87059b5242e3e01cd3d","9484e7e95299ae1087ff2ceb990ab1707fcab541","HAS_PARAGRAPH"
"7e6fd7fdc7e0ab778a6ac87059b5242e3e01cd3d","c25979319f4768db1be654a0331d6b64a665eca1","HAS_PARAGRAPH"
"70e7d3f37e3bc2c2572ea1ca611caa7b73738937","713069253a3c3f468f08c33b99cedbdb4beeee3c","HAS_PARAGRAPH"
"70e7d3f37e3bc2c2572ea1ca611caa7b73738937","0e25deea2a454cb389386fbbce0e2fafe9377f69","HAS_PARAGRAPH"
"70e7d3f37e3bc2c2572ea1ca611caa7b73738937","507b959398662321d0430b056fee97111fff6bf9","HAS_PARAGRAPH"
"d6586d78eab6a79640c385359254b13ae252b007","d4f3807ddb2e3685f92c8e0651ddb217725f4172","HAS_PARAGRAPH"
"d6586d78eab6a79640c385359254b13ae252b007","5e203b32f2f0be411e78b70da0577808d2b410d4","HAS_PARAGRAPH"
"d6586d78eab6a79640c385359254b13ae252b007","30aaf53a631e6022f0f083f166f20588d162f084","HAS_PARAGRAPH"
"d6586d78eab6a79640c385359254b13ae252b007","c9f0ec2f256e5e375e8c372bcebcd95634d83885","HAS_PARAGRAPH"
"8d70342a3480fa6bed5d463a0d756252d60f671f","67096c9b9d9a0ef1d7e623bfe08393ea9021490a","HAS_PARAGRAPH"
"8d70342a3480fa6bed5d463a0d756252d60f671f","e325b96ecbe7e1422abdb86832c085c06d49d231","HAS_PARAGRAPH"
"8d70342a3480fa6bed5d463a0d756252d60f671f","a33c022f36b9966b1931ef5245dc3d54717b4de9","HAS_PARAGRAPH"
"8d70342a3480fa6bed5d463a0d756252d60f671f","14400d31eaea21d30e13eea603e49631e913ce32","HAS_PARAGRAPH"
"8d70342a3480fa6bed5d463a0d756252d60f671f","be40d0eb29cfd3dd687c97657428290efeb94503","HAS_PARAGRAPH"
"8d70342a3480fa6bed5d463a0d756252d60f671f","436e9f6f6d8466018efd74c256379aaafd9df113","HAS_PARAGRAPH"
"8d70342a3480fa6bed5d463a0d756252d60f671f","af4cfdf0c4030835935e626f1195b0a3618edc75","HAS_PARAGRAPH"
"acfd91b6f9715dad6613814f4a7ec6efcd85f128","d8d8fb5f8e72fbc6a0b3c6c91631059b08b679f8","HAS_PARAGRAPH"
"25a08e39c4d85a2b14686107f993747524a647a2","732dc534202abc64c831a18d3744c34168551143","HAS_PARAGRAPH"
"25a08e39c4d85a2b14686107f993747524a647a2","bb17756d0c77db5cf024bfe72642c140c1e137d6","HAS_PARAGRAPH"
"25a08e39c4d85a2b14686107f993747524a647a2","66d253d452c89ea1244522b5f5a37fce309fe996","HAS_PARAGRAPH"
"e6beee46e0725c7b10e8da9c09703f8e12f388c9","403ac6ad580931fe1127dbe690897b1182787a42","HAS_PARAGRAPH"
"d6ef4aa58f9c93907cf1ba5efab454a69f49b3b7","b63591f4326b78fb1b911555563d31ac703bb134","HAS_PARAGRAPH"
"d6ef4aa58f9c93907cf1ba5efab454a69f49b3b7","6f27ac3279b756e16e5e11bfcf79d431aa055150","HAS_PARAGRAPH"
"2922aab1ec29b898825e235689f2a5bf7a8dea7d","988d4b87c166c3f5902d88125ac15b234f09e68f","HAS_PARAGRAPH"
"2922aab1ec29b898825e235689f2a5bf7a8dea7d","ce36c094e0e27fd0b31dfea01d2893f86c517cd0","HAS_PARAGRAPH"
"2922aab1ec29b898825e235689f2a5bf7a8dea7d","a8620087e357cb8350bd6c2edaaa9b4ec1d763f8","HAS_PARAGRAPH"
"2922aab1ec29b898825e235689f2a5bf7a8dea7d","c0e5122aa1f740284c41d9ee16ca1bb848d6da69","HAS_PARAGRAPH"
"6bcf92cb85b562da7d5ed45142edb1d0ee5ea0ba","a30eec8d78a28436d566be06bd846ceb43c76106","HAS_PARAGRAPH"
"81113036cdac23453b53f1b01ed8ea486623a385","c4a5ccec18cb589eb6145831dae771e9efb9f11e","HAS_PARAGRAPH"
"81113036cdac23453b53f1b01ed8ea486623a385","00bde023920fb4064792e3f9b68c9299a5a90430","HAS_PARAGRAPH"
"81113036cdac23453b53f1b01ed8ea486623a385","0b575c9b8d2dd098c2fad7fba7cddc10c00e0383","HAS_PARAGRAPH"
"81113036cdac23453b53f1b01ed8ea486623a385","22523b60d744e1ddac8bdc61b7bed8b71790d095","HAS_PARAGRAPH"
"2f35c3e09a3809ab74b7e8ca9552ea791be0cb61","a41e3426743dcbd8085bb7552bd44c9bfe564ab2","HAS_PARAGRAPH"
"2f35c3e09a3809ab74b7e8ca9552ea791be0cb61","0321332331c731f7bcb3f1e56a2a4edb7684f35c","HAS_PARAGRAPH"
"4cb7787c32b0955c42440d8953938f7afbdf3add","608efa7f926efbc45ae43fca2f8e91d1eac50169","HAS_PARAGRAPH"
"4cb7787c32b0955c42440d8953938f7afbdf3add","eff3b01f31c9092feffc914f1336712c52925a39","HAS_PARAGRAPH"
"4cb7787c32b0955c42440d8953938f7afbdf3add","3d9d4f3902c8ff7ce2f696e264be1d2d8f938664","HAS_PARAGRAPH"
"4cb7787c32b0955c42440d8953938f7afbdf3add","8b8dc35aca65137753025e56e6e74dddab2d2ff4","HAS_PARAGRAPH"
"4cb7787c32b0955c42440d8953938f7afbdf3add","c9c30fa010df0abb345004e4a4b21dbc0ad1edde","HAS_PARAGRAPH"
"4cb7787c32b0955c42440d8953938f7afbdf3add","d5f0f173dc35a1ad4da9e76698716e91bcc2cdfb","HAS_PARAGRAPH"
"4cb7787c32b0955c42440d8953938f7afbdf3add","ef6da778812d7125814c1e05b04f2eb6d7fbb087","HAS_PARAGRAPH"
"22db1213eec3dd1326b664fd34384df3c60cdd33","cf74201697fc7d3016a91e927f08dc8d0308e3cc","HAS_PARAGRAPH"
"22db1213eec3dd1326b664fd34384df3c60cdd33","2b95881b79fd034b1ce28e033a7a44af96c48e02","HAS_PARAGRAPH"
"22db1213eec3dd1326b664fd34384df3c60cdd33","860719095d70f6895dd2c02d1afc188dac1f5b5d","HAS_PARAGRAPH"
"22db1213eec3dd1326b664fd34384df3c60cdd33","49dc3b017d968cd8d398831f09bb63e37dc680bd","HAS_PARAGRAPH"
"1a9b37560340ca845a213e8db5a9141667270cba","144626392a366a5ec0c3d761b932bb7b05d28288","HAS_PARAGRAPH"
"1a9b37560340ca845a213e8db5a9141667270cba","34df58942412f6530f0a48924939ff1184c20e37","HAS_PARAGRAPH"
"1a9b37560340ca845a213e8db5a9141667270cba","4f9cd88fd7c94e9e1f1f4577b6e240b5b1457227","HAS_PARAGRAPH"
"9fc69366251ad274036f674ba099dedb743a2bd8","51a8da246d42a526e961ad081eac7c3738c2eb3c","HAS_PARAGRAPH"
"9fc69366251ad274036f674ba099dedb743a2bd8","8e54ccbb8051468249703cc6982e6964b2027545","HAS_PARAGRAPH"
"453f6e9b494d42571e0ab5507a478247bd7213d3","d93e3a992330acbd4df897c7b3c4d4e8bb466f5e","HAS_PARAGRAPH"
"453f6e9b494d42571e0ab5507a478247bd7213d3","560898802af664ddacba396acffd3159146ae1a4","HAS_PARAGRAPH"
"453f6e9b494d42571e0ab5507a478247bd7213d3","368a320a4e14fd49fcb6cd1b2d6eb91579f8a9d9","HAS_PARAGRAPH"
"453f6e9b494d42571e0ab5507a478247bd7213d3","0e279dbb139025458b0d57c80dbbcf0645bee429","HAS_PARAGRAPH"
"453f6e9b494d42571e0ab5507a478247bd7213d3","40be28d9d8f848c0df0880737f4379fe50748aa8","HAS_PARAGRAPH"
"c76bf125ab0fc6f9a15b2f86cf6e3bfd02bac414","c6e372e2db6878caa924e4b42e37848b5ecc39b2","HAS_PARAGRAPH"
"c76bf125ab0fc6f9a15b2f86cf6e3bfd02bac414","47203c0d17ac6b130c53241add24776898f6f568","HAS_PARAGRAPH"
"c76bf125ab0fc6f9a15b2f86cf6e3bfd02bac414","442d5398f49fa1ef9519d04fa9fb9dbf2a724c22","HAS_PARAGRAPH"
"c76bf125ab0fc6f9a15b2f86cf6e3bfd02bac414","45bf7a7925ff80b9ad467d58e7c65b36f5aa9a97","HAS_PARAGRAPH"
"fe17920eb6e140df8365219282c8dce9ff9caf80","5b490d4dbdc40dcbca67a4171de584f9c67e06be","HAS_PARAGRAPH"
"fe17920eb6e140df8365219282c8dce9ff9caf80","83656fe3b462c1caf428d449ada00a5a54c8a6f9","HAS_PARAGRAPH"
"fe17920eb6e140df8365219282c8dce9ff9caf80","db003bc701a0d9ed43c45c30a88a7c5f50699d7d","HAS_PARAGRAPH"
"fe17920eb6e140df8365219282c8dce9ff9caf80","25490c72f6e4b111147880919000def66dc3c7b4","HAS_PARAGRAPH"
"d853a15427affdcd06dd1280c1b895f953dea339","f3e90e05d040c0cc5e6df51e2966c6e92a2e4457","HAS_PARAGRAPH"
"d853a15427affdcd06dd1280c1b895f953dea339","aaded3be36c5b9a8bfb1fb446a3475745825fd81","HAS_PARAGRAPH"
"d853a15427affdcd06dd1280c1b895f953dea339","ef39f01bce08557f99240b01dcfc0a150db93926","HAS_PARAGRAPH"
"794d51a5af3fa9a422cf0748ceda7db4a14d6381","19a629a48e2a4150aa5a3d7b5e70b5c6ee8ea072","HAS_PARAGRAPH"
"794d51a5af3fa9a422cf0748ceda7db4a14d6381","eb9a3d2003b45a90268812249c0970e845096edd","HAS_PARAGRAPH"
"9fe100e7a9b2032b85a93a459d115676725da2a7","d6dbe5f0d6588a944a2625ab834a9efe2632e579","HAS_PARAGRAPH"
"9fe100e7a9b2032b85a93a459d115676725da2a7","337b655426529e7f99b1a0fdd2f49e25e2b24dd3","HAS_PARAGRAPH"
"9fe100e7a9b2032b85a93a459d115676725da2a7","0a6a60bad6de0b5b29db297f00b0d91e1f81dfee","HAS_PARAGRAPH"
"5a0689f940451c319ea00edafbe148b5329bfc02","53cea4867804634914882d680d08caf2e54db363","HAS_PARAGRAPH"
"5a0689f940451c319ea00edafbe148b5329bfc02","42173400edacdd881391a2725c2b781941ddda5c","HAS_PARAGRAPH"
"2a1be798f2a415ec986eb898dcf24a4bfe0b97c1","c5723cc2fdb91ecf13f34817bf3e5e9e7fa6a315","HAS_PARAGRAPH"
"5d73299aee8839c99679357c5451ed019cbf3735","81e1569877892aaad4667b3f3b54c23070af898e","HAS_PARAGRAPH"
"5d73299aee8839c99679357c5451ed019cbf3735","269c13614cf89e3b30e8797374fa7de05fab0c10","HAS_PARAGRAPH"
"5d73299aee8839c99679357c5451ed019cbf3735","b94026b6c87fc1c7d7640d33bdc4ba96610b34f7","HAS_PARAGRAPH"
"5d73299aee8839c99679357c5451ed019cbf3735","10c768eddbc621ff5fb36548f9e946a2173fd5a9","HAS_PARAGRAPH"
"5d73299aee8839c99679357c5451ed019cbf3735","3526ce8f4c99229aa8bbc69c0b5f213ccb303d73","HAS_PARAGRAPH"
"61528e16a546cd721cced24fedef4e0dbfb32437","a1d601322be67f0a97d67d2dc6df2c1286614053","HAS_PARAGRAPH"
"16e081420eb12c6c4e3b0d4a99d496961260da7d","9a62ff7b73ce508ebc920eb7d117c76f408c533d","HAS_PARAGRAPH"
"16e081420eb12c6c4e3b0d4a99d496961260da7d","53d9067b4c2eb8d580671be7c6b1adb54d27de67","HAS_PARAGRAPH"
"16e081420eb12c6c4e3b0d4a99d496961260da7d","5c6fc06c3524aefffd472fff98015cdb9cd5cd5e","HAS_PARAGRAPH"
"16e081420eb12c6c4e3b0d4a99d496961260da7d","f9e5f448d63d3a24d6d807a620fc344a00077e07","HAS_PARAGRAPH"
"16e081420eb12c6c4e3b0d4a99d496961260da7d","1e3ca19f201db0c3e5a148510a23b2ce34458985","HAS_PARAGRAPH"
"33c60d8069af6274a116f0fa2f2db6ab4be85d71","d75512e489546c162d5ab7b1df20118ed343d27e","HAS_PARAGRAPH"
"33c60d8069af6274a116f0fa2f2db6ab4be85d71","9d90e298fc92e5baf98b619cc11102f7846399ee","HAS_PARAGRAPH"
"37b6e2b06c5de83c5708fab9bb4ecfc24e388ac3","93b6457b07d630548221f13dc6ab539d63520115","HAS_PARAGRAPH"
"37b6e2b06c5de83c5708fab9bb4ecfc24e388ac3","8fab73d7a01a29d1ca20770300651ef6da1dd739","HAS_PARAGRAPH"
"37b6e2b06c5de83c5708fab9bb4ecfc24e388ac3","8e531b56492d4d790b615e09b9983bdaf710d8cd","HAS_PARAGRAPH"
"37b6e2b06c5de83c5708fab9bb4ecfc24e388ac3","333cff8256c660cf90fe2f65c334bae541cc9765","HAS_PARAGRAPH"
"61a611a96d19ad2994819cc54ee813c239be4fcf","cfc2d95d2b55a28c6dd9ec5d1af4b098a46b43ca","HAS_PARAGRAPH"
"ac2e05421251965dcf4e482ba25dd1896b8df413","8b350c7cfbe0916ba806e477b39d310a001381d9","HAS_PARAGRAPH"
"ac2e05421251965dcf4e482ba25dd1896b8df413","c3e4a205dc1dd3ee5da08243b06774d89bc940e8","HAS_PARAGRAPH"
"ac2e05421251965dcf4e482ba25dd1896b8df413","01e876ef37707b548a74684fe033c95df7961ede","HAS_PARAGRAPH"
"ac2e05421251965dcf4e482ba25dd1896b8df413","48c3b7c0d880e3698a47c29f3974d02640a750c5","HAS_PARAGRAPH"
"ac2e05421251965dcf4e482ba25dd1896b8df413","26a0426bd13d04301640c5ff232fa42f7e6495a3","HAS_PARAGRAPH"
"ac2e05421251965dcf4e482ba25dd1896b8df413","3b31a2bd6f5704f66bb64c785ebd921d9d9861f8","HAS_PARAGRAPH"
"1dd8b4d7318cac6611e8cf0247d0deb39276b8b5","b17a57181d4998510364c1dcf928b834c26672c1","HAS_PARAGRAPH"
"1dd8b4d7318cac6611e8cf0247d0deb39276b8b5","42a1410b007c1b4f054f449eb17f02553b688f25","HAS_PARAGRAPH"
"1dd8b4d7318cac6611e8cf0247d0deb39276b8b5","31b4da020999ad6456267172cfd64e0b82cf2935","HAS_PARAGRAPH"
"c3a6e6d0847fffecf1f5f2bcc34de0ff3b2f5156","c9392ab09c9091f46ede8c861db5fafc1308439f","HAS_PARAGRAPH"
"3cb26c1de198c2eb5fbc316442d0dd97b8e7def6","95235f98cd7d76e65f6a1dd257d1c84743a1ea75","HAS_PARAGRAPH"
"3cb26c1de198c2eb5fbc316442d0dd97b8e7def6","fc6758d5e6e62c573c49c0c63f7648459564bac8","HAS_PARAGRAPH"
"3cb26c1de198c2eb5fbc316442d0dd97b8e7def6","dbe5c0bc60dda03eaf9367257b2a32b6e7b7c8ab","HAS_PARAGRAPH"
"6bc72415c5c9adc9f2029fcc1d0bb6019722cd4c","0101e8f4bea741f39cd1d9f6a4ff02d22f20926e","HAS_PARAGRAPH"
"6b831eabbdeac1d63bcd2d4e898e8ff19dd3c838","32f39b7e7bf99358141c9d302350d8ad1e4254d3","HAS_PARAGRAPH"
"6b831eabbdeac1d63bcd2d4e898e8ff19dd3c838","f650837b983ff273d92db759b1f9a30bb399579b","HAS_PARAGRAPH"
"2334a3c135e8d036ea22489b2a80670348cb3111","a75195c430ed73bdae998b6e2f3071f90b1318c0","HAS_PARAGRAPH"
"2334a3c135e8d036ea22489b2a80670348cb3111","58f3e1517245f25aaaeaeab4d7228ace456771de","HAS_PARAGRAPH"
"2334a3c135e8d036ea22489b2a80670348cb3111","5b2983b2a512f04b64c273cf41f8bb43221cc5f3","HAS_PARAGRAPH"
"2334a3c135e8d036ea22489b2a80670348cb3111","b7996231daa2a6883c90517fb14c43d9f929e837","HAS_PARAGRAPH"
"2334a3c135e8d036ea22489b2a80670348cb3111","bd4d4b3ed77e2bd0f9bdf7cab66cf9c0790d8130","HAS_PARAGRAPH"
"72f69ca2a7baae251f1c30c7481eaf28d0a97090","588a027b594001de4548a705c8df62516ebb297d","HAS_PARAGRAPH"
"72f69ca2a7baae251f1c30c7481eaf28d0a97090","75949c0b2905c34d4053252e43b95862961528a0","HAS_PARAGRAPH"
"72f69ca2a7baae251f1c30c7481eaf28d0a97090","6f66546135a726af91382e26cae92307ff1f3135","HAS_PARAGRAPH"
"8f249b84ae5cfa369311eaf0333ae0b7cc5f95b2","f33adff0068dc77e4b185d49d05e7051227c2b76","HAS_PARAGRAPH"
"8f249b84ae5cfa369311eaf0333ae0b7cc5f95b2","a2f2a607e085b6c7903ae30d3af103b93fd2cc05","HAS_PARAGRAPH"
"8f249b84ae5cfa369311eaf0333ae0b7cc5f95b2","84fc201b1c8667b9640d3d94459f163df161e44a","HAS_PARAGRAPH"
"8f249b84ae5cfa369311eaf0333ae0b7cc5f95b2","2d2195ae5ff14d307f40a3a1aada26a977c351d5","HAS_PARAGRAPH"
"4ca07b328622d63c8a52c1fed0a88c326658c894","29d10e0d9516e7d90b8129bd26fe37dbe7557a18","HAS_PARAGRAPH"
"4ca07b328622d63c8a52c1fed0a88c326658c894","84641d3a6442634ae4268a2faadeff4a99891d57","HAS_PARAGRAPH"
"4ca07b328622d63c8a52c1fed0a88c326658c894","0b92857dd5fea327e2c0549f4bda0e1449373718","HAS_PARAGRAPH"
"4ca07b328622d63c8a52c1fed0a88c326658c894","50c8f4a1ee3b6d65e7b98ad65fc6b062407e2bcc","HAS_PARAGRAPH"
"827c451143117f2b200e5c52f8b4bc2c8a3f7503","9f81ee2491eeeb845ff1a63e51bf33083b9c7c26","HAS_PARAGRAPH"
"827c451143117f2b200e5c52f8b4bc2c8a3f7503","16b1910d1088280684cc2714fa4ed14579ffbb0f","HAS_PARAGRAPH"
"827c451143117f2b200e5c52f8b4bc2c8a3f7503","1a5359b1055d3155e1ddd3f789c7a7506b51d138","HAS_PARAGRAPH"
"827c451143117f2b200e5c52f8b4bc2c8a3f7503","4a600010f7d206eda1efa471524eea984992ec84","HAS_PARAGRAPH"
"827c451143117f2b200e5c52f8b4bc2c8a3f7503","528253ad5da0f550f98ccbe8d0d73238a851c6ea","HAS_PARAGRAPH"
"827c451143117f2b200e5c52f8b4bc2c8a3f7503","313c32dae1f3ff1daa32029db642bfa1edb3e067","HAS_PARAGRAPH"
"827c451143117f2b200e5c52f8b4bc2c8a3f7503","80fe338abbeede9a70fda93a9ed43e47a0663496","HAS_PARAGRAPH"
"827c451143117f2b200e5c52f8b4bc2c8a3f7503","86e85659f200cfa2f2d30243551b5d736b3bc267","HAS_PARAGRAPH"
"827c451143117f2b200e5c52f8b4bc2c8a3f7503","a3f80607e22418f977c3e92efbf119da5e58b1df","HAS_PARAGRAPH"
"827c451143117f2b200e5c52f8b4bc2c8a3f7503","a74a11be40596152b0bd077047ceeb724a4b8e5c","HAS_PARAGRAPH"
"06d80dfac9232afd131a9c5b8392d885f3032cd0","63e9ccb48c2cda6030c163981cfb9031383ec238","HAS_PARAGRAPH"
"06d80dfac9232afd131a9c5b8392d885f3032cd0","79ce7f06c8084a7d8506614ae6c6e74cf156967c","HAS_PARAGRAPH"
"06d80dfac9232afd131a9c5b8392d885f3032cd0","e5c8a3ca9467999be09ddb0599397ef663ec3056","HAS_PARAGRAPH"
"ab95df990035fb2e0d5c1fb0246ad6b41cfc65dd","3ff087748e0e047c75a95282fde8b9ec9a8a4da3","HAS_PARAGRAPH"
"ab95df990035fb2e0d5c1fb0246ad6b41cfc65dd","75fab6391bd865da949ddf74300dec5efa3827e0","HAS_PARAGRAPH"
"ab95df990035fb2e0d5c1fb0246ad6b41cfc65dd","57997f970bc072ace36b42efdc71af88e54d2b3d","HAS_PARAGRAPH"
"ab95df990035fb2e0d5c1fb0246ad6b41cfc65dd","6dbf3fe0378ce4676c81a4280bfd4bde4cda8527","HAS_PARAGRAPH"
"61462c3dda9b8158652079504ffd1b349379f2ac","fbb31d63c04a0e24d03d7d1188389b1b9adff88a","HAS_PARAGRAPH"
"61462c3dda9b8158652079504ffd1b349379f2ac","07a58bc9aebae49f3fa20e77217306969ac01ada","HAS_PARAGRAPH"
"61462c3dda9b8158652079504ffd1b349379f2ac","d72b69f98f1a8fdd4317cd4166327bb564bd47c5","HAS_PARAGRAPH"
"7f753a84dfe370d6ae2c56ec5b022497977f34fd","2418b52a20686c2a62dffd136974ca92c671b9e3","HAS_PARAGRAPH"
"7f753a84dfe370d6ae2c56ec5b022497977f34fd","8985a748316cadbf5c98f6508c00dc27d95d86b4","HAS_PARAGRAPH"
"f34a793b9f075268a5f80b296906a546a74dedf0","0cdd8f929f11e05bff324438c646c467ea4a92c5","HAS_PARAGRAPH"
"f72b78198c482279419c6a1c6085cb7e7029f2f1","e9478eb28b0198844b705ca64667a38c0a1cb64d","HAS_PARAGRAPH"
"f72b78198c482279419c6a1c6085cb7e7029f2f1","d22a33e21d77c8dff309493ff82d6f4a37e81a77","HAS_PARAGRAPH"
"f72b78198c482279419c6a1c6085cb7e7029f2f1","d4fdc60b4959bcce31bb0fb7c70888974b6a3a34","HAS_PARAGRAPH"
"f72b78198c482279419c6a1c6085cb7e7029f2f1","61f4a813c2c518f6abec5690deb277b58a754e7b","HAS_PARAGRAPH"
"ba12140aab6fec12aef588fcad30ab688d8f6e1c","61bd78d92a44c2431864aae3d2dd10b6dc61a861","HAS_PARAGRAPH"
"ba12140aab6fec12aef588fcad30ab688d8f6e1c","c875c2b4be6dd165deaaa03485a043c19639d672","HAS_PARAGRAPH"
"ba12140aab6fec12aef588fcad30ab688d8f6e1c","96f086e4509251a5f1fd003a4dd74b898f189ca5","HAS_PARAGRAPH"
"ba12140aab6fec12aef588fcad30ab688d8f6e1c","a0413a0d85d0aa468bb8f57ee10647f393164a6e","HAS_PARAGRAPH"
"ba12140aab6fec12aef588fcad30ab688d8f6e1c","d7df1b2efbf9084f8709547cf87007f272668243","HAS_PARAGRAPH"
"ba12140aab6fec12aef588fcad30ab688d8f6e1c","396920cc62394fa28c37f9b9aabddcf48cce9bac","HAS_PARAGRAPH"
"f383c26ce68660b3ff4ea235226f484ac8eda9e8","462129d8cefbaca9f39eebf7ef7ee1951b4b29c4","HAS_PARAGRAPH"
"f383c26ce68660b3ff4ea235226f484ac8eda9e8","f370c7cb1754e98e51c80b19dbcbeebbf992ffab","HAS_PARAGRAPH"
"f383c26ce68660b3ff4ea235226f484ac8eda9e8","9e0de406e40f1e3fc6f5879643a4f14a88d45a63","HAS_PARAGRAPH"
"f383c26ce68660b3ff4ea235226f484ac8eda9e8","f2fbac3c3cdbba097cdd9892741754b9bd861ef8","HAS_PARAGRAPH"
"f383c26ce68660b3ff4ea235226f484ac8eda9e8","4140aa7babc5dd7381a47d0e05fa0d9b771f4e61","HAS_PARAGRAPH"
"fed50d6e3b42701567680c0ba1cf66af14f2fe5e","46d726416d2403f04b6b0bd81b731a0a9f61837f","HAS_PARAGRAPH"
"fed50d6e3b42701567680c0ba1cf66af14f2fe5e","183b5f3a3bdea98c6e347e2ceba442ff169d6a51","HAS_PARAGRAPH"
"fed50d6e3b42701567680c0ba1cf66af14f2fe5e","76691d2e14a6d75e4750760e968fc80976de6ed0","HAS_PARAGRAPH"
"fed50d6e3b42701567680c0ba1cf66af14f2fe5e","99f0a8a0e517e573dfa0a4b4ddb44cbc793e9a2d","HAS_PARAGRAPH"
"fed50d6e3b42701567680c0ba1cf66af14f2fe5e","78fc269c0a4688a0542fd421196f1b3fa5ed86f9","HAS_PARAGRAPH"
"1fe765e3bb3c8d11224aa4c3ca63d526e85a3e0f","543cbb7596ba00da6908f3efbbbb08e7ea66e65d","HAS_PARAGRAPH"
"1fe765e3bb3c8d11224aa4c3ca63d526e85a3e0f","fd19b7dd41424ea36de9f1768f6f9e1867a4dfba","HAS_PARAGRAPH"
"1fe765e3bb3c8d11224aa4c3ca63d526e85a3e0f","00eb0b675795e8fbc0324916e224271e8a836df7","HAS_PARAGRAPH"
"1fe765e3bb3c8d11224aa4c3ca63d526e85a3e0f","09e3a126c56d74b3790157b8b406cf541f451f4e","HAS_PARAGRAPH"
"20555c7a16c145514f46d37e9d9bdd7e68edc6f0","b7a5b7686be1fe1480d34278e32a4ff604986b17","HAS_PARAGRAPH"
"20555c7a16c145514f46d37e9d9bdd7e68edc6f0","a65368f51c27920c2cadace58c759b7e1c7af17e","HAS_PARAGRAPH"
"20555c7a16c145514f46d37e9d9bdd7e68edc6f0","81756e200e16172388fdf0a55640dd38174d6d77","HAS_PARAGRAPH"
"20555c7a16c145514f46d37e9d9bdd7e68edc6f0","7708d0b2f1f291aa5200238cc8d6ab97af42bd34","HAS_PARAGRAPH"
"20555c7a16c145514f46d37e9d9bdd7e68edc6f0","6f3e1ff278a6975369dbb27b74925c2ca687a5b9","HAS_PARAGRAPH"
"74be215fa50870feb13e4c9eb667f116c495169e","bf1ed57292880809cd71c43c5e4f67255f0e9ec1","HAS_PARAGRAPH"
"74be215fa50870feb13e4c9eb667f116c495169e","1b4ef51b3d756d98c8444b9482c57d94ec4cfa46","HAS_PARAGRAPH"
"4475062b5a5bdb33ce5b2819cbd7f149dd12ca28","9bde3aedee44e0fde8c7b30f0b2f1dd3c58861aa","HAS_PARAGRAPH"
"4475062b5a5bdb33ce5b2819cbd7f149dd12ca28","547e3c726897fc2395592b3c408178127f830913","HAS_PARAGRAPH"
"4475062b5a5bdb33ce5b2819cbd7f149dd12ca28","217e9b8672a514a984dd08d1dd622735ebcd2c55","HAS_PARAGRAPH"
"9433cc1042cdbcd504266f1d6eae81d190405e30","53451a75b485d235303a4d448d0e7170ef1bfc45","HAS_PARAGRAPH"
"9433cc1042cdbcd504266f1d6eae81d190405e30","031a013bc128c57174baf88e70f7900547ff49b1","HAS_PARAGRAPH"
"9433cc1042cdbcd504266f1d6eae81d190405e30","68b135015c26b7de95fcc6567fb23292746891bb","HAS_PARAGRAPH"
"9433cc1042cdbcd504266f1d6eae81d190405e30","249450635a6797cf49ac9b3250529aa4a49c1c9c","HAS_PARAGRAPH"
"9433cc1042cdbcd504266f1d6eae81d190405e30","e5b80ab9b6df9aaaa0688f12376167462b47707b","HAS_PARAGRAPH"
"9433cc1042cdbcd504266f1d6eae81d190405e30","210ce7a58b83cd155c300d06c2f1f2aeb5791b50","HAS_PARAGRAPH"
"9433cc1042cdbcd504266f1d6eae81d190405e30","7d265856231c209a28a297e9492c9539249e2d3b","HAS_PARAGRAPH"
"9433cc1042cdbcd504266f1d6eae81d190405e30","1f399915f0f4f65f29e34f00187e190da0e9dc09","HAS_PARAGRAPH"
"46a6244c7017e9ce3b0beeacecdec76407c3f3fe","35275cbdfa88a24d2a20bf8af7ac05ba9c224ded","HAS_PARAGRAPH"
"46a6244c7017e9ce3b0beeacecdec76407c3f3fe","c101ab9ee15c24bd238dc69e112755d73a8b460e","HAS_PARAGRAPH"
"46a6244c7017e9ce3b0beeacecdec76407c3f3fe","635b635b6fae64e487074fc8b2c21802afd381d2","HAS_PARAGRAPH"
"46a6244c7017e9ce3b0beeacecdec76407c3f3fe","c860ee957ed0c8d117f1e36acaf15a60c56c1079","HAS_PARAGRAPH"
"46a6244c7017e9ce3b0beeacecdec76407c3f3fe","787f24cfa5194c08c4219da82eabc2840264bb70","HAS_PARAGRAPH"
"65c7876b067d094120d65e538509ca324e783b41","388d267925088dfd86fa828866ce790261d6d9d3","HAS_PARAGRAPH"
"65c7876b067d094120d65e538509ca324e783b41","2cfa94ef1c35d0bd890e6152a78fa0c64772a8a6","HAS_PARAGRAPH"
"65c7876b067d094120d65e538509ca324e783b41","5bc11e67bf64a51ebbfedce36c94e410a9e8b1c2","HAS_PARAGRAPH"
"de0dc8a4c5568b00778c615b6ef653b2017dae61","65643a2123282a9bb28fe88fd3c04d2e928b289b","HAS_PARAGRAPH"
"de0dc8a4c5568b00778c615b6ef653b2017dae61","3d89094b9bd65dfd60c13bd9b938c70120cedbee","HAS_PARAGRAPH"
"9f01f2c771b312cdfe17f50ba4f7e6e38628d30d","773384e91bf53af095d2e7379245eb5e721a06d9","HAS_PARAGRAPH"
"9f01f2c771b312cdfe17f50ba4f7e6e38628d30d","a7433663d66e62ae8cb8f85999188f4a9e5d50f2","HAS_PARAGRAPH"
"76c97382511a1612b48eb1307116a320070a2151","c9d5fdf1152d9e2afaa811d17a86ff1376328229","HAS_PARAGRAPH"
"76c97382511a1612b48eb1307116a320070a2151","a1cff654e5d52d017feaa422116f36d361a7ffe2","HAS_PARAGRAPH"
"76c97382511a1612b48eb1307116a320070a2151","5d084ae210d79eacda8fcfd3e60cab19200019db","HAS_PARAGRAPH"
"9e27deb2d2a701c97ccbef3caa716b8d99edfe23","afa6e9da99fc2da9c5dbeaae8ad48b0aed599894","HAS_PARAGRAPH"
"9e27deb2d2a701c97ccbef3caa716b8d99edfe23","b757b2a38d6dff0c7701ccf1404af13ec6ce2794","HAS_PARAGRAPH"
"9e27deb2d2a701c97ccbef3caa716b8d99edfe23","2fa0a1a9234fa215317fb062c5c5a73b3ef27c8b","HAS_PARAGRAPH"
"9e27deb2d2a701c97ccbef3caa716b8d99edfe23","fd6e8a0c0f7a848d59af4bbcf085792b8b8c4fd4","HAS_PARAGRAPH"
"9e27deb2d2a701c97ccbef3caa716b8d99edfe23","acbcdfdd233e619c0afb7f58f468bfa1eefa75d9","HAS_PARAGRAPH"
"74f1e675bb92c3c7387eb1e232844be1a60f23b8","12a97a700b338aec5074a471b96e55171179680a","HAS_PARAGRAPH"
"74f1e675bb92c3c7387eb1e232844be1a60f23b8","a9a0c1dc182efc3a5da71011e42b8e13569c9161","HAS_PARAGRAPH"
"cd0ffdc806d9f0a9e589c421181993be9f3aee91","129b65832d52d8e0445fa69389f711abeed9f1ef","HAS_PARAGRAPH"
"cd0ffdc806d9f0a9e589c421181993be9f3aee91","1c0bdcbd36c0d5fcc2df44464329f0ddbd0735e5","HAS_PARAGRAPH"
"cd0ffdc806d9f0a9e589c421181993be9f3aee91","c0d3ed8f86bd3ff7fa0797302ade0bdbd0cdbcd0","HAS_PARAGRAPH"
"cd0ffdc806d9f0a9e589c421181993be9f3aee91","5953c69485b25113889d9c828e48f5538cec0bc4","HAS_PARAGRAPH"
"cd0ffdc806d9f0a9e589c421181993be9f3aee91","25ef0cd7efd9f8b77922ea36f30171ac28903e5c","HAS_PARAGRAPH"
"e47c3202251cdc1a0a56f474c861a6c7f3433a52","1ab03e5e67822d005227ffbd0d9376b4f11e4850","HAS_PARAGRAPH"
"2f34373d970db3668580039f6d0f68a53253b216","4993e06c3839fd95dc65eaec355f0786c2c3f0b9","HAS_PARAGRAPH"
"2f34373d970db3668580039f6d0f68a53253b216","38dfbe9836fcff9260be92508b069d19bab35d49","HAS_PARAGRAPH"
"0e1692626e7073f5b273caced87542d63c719e4d","6212353d551f3bd5743d7befcff21b755efc2b72","HAS_PARAGRAPH"
"0e1692626e7073f5b273caced87542d63c719e4d","2f38f8a5f74fe047ef8b836b41eceedc36289277","HAS_PARAGRAPH"
"0e1692626e7073f5b273caced87542d63c719e4d","5b0fdca9b988e985b16a7e9b0481683228b8d04b","HAS_PARAGRAPH"
"0e1692626e7073f5b273caced87542d63c719e4d","0d5660b3c816f3fd3d2804a4c0775c96c2786b2a","HAS_PARAGRAPH"
"0e1692626e7073f5b273caced87542d63c719e4d","07e51e0b2a6f8fdbbf7be3555523723d8cea4287","HAS_PARAGRAPH"
"0e1692626e7073f5b273caced87542d63c719e4d","9c90c5bb07e3c8efbc2497b3df9878b4a272d2a4","HAS_PARAGRAPH"
"5595f837211c045222e4cf0d8870932f7ab3dba9","f6dd78d7508a39ba5004afa4249bed69bc71eba4","HAS_PARAGRAPH"
"5595f837211c045222e4cf0d8870932f7ab3dba9","067dfe8b110f1344a98283b8106b6c660839d3c9","HAS_PARAGRAPH"
"c48d82eb2a8bd48b188a95b86b4fa49d0ec8919e","2532bd4522a715cb03b63703e501a3e5b01a741f","HAS_PARAGRAPH"
"c48d82eb2a8bd48b188a95b86b4fa49d0ec8919e","b4b1e5d4c55ee7c6b5827ef4b44baf959ce954da","HAS_PARAGRAPH"
"c48d82eb2a8bd48b188a95b86b4fa49d0ec8919e","5d53e1902c07f7b34700b7f824db3ea5f55693f1","HAS_PARAGRAPH"
"c48d82eb2a8bd48b188a95b86b4fa49d0ec8919e","f36614e67269d9eed218b7ed54dc12c28afd31d8","HAS_PARAGRAPH"
"c48d82eb2a8bd48b188a95b86b4fa49d0ec8919e","c8d7cca5ca5d5d5c35536435cab89f69a408ff4c","HAS_PARAGRAPH"
"9548c68d549736fbedaa3fdfe3ce23b0b0b79a47","1b866704a58edd1b26795d8e5ae15491472a5dbc","HAS_PARAGRAPH"
"9548c68d549736fbedaa3fdfe3ce23b0b0b79a47","6b14a2919d8f736d402bcbfc4bd60f903c8c3533","HAS_PARAGRAPH"
"db6a37924177f94251966d23e89ffc71d5ea84c4","d3908add1b4c01e28040d85d6722b13562a6e57e","HAS_PARAGRAPH"
"db6a37924177f94251966d23e89ffc71d5ea84c4","e77318ee710ff01d56f48b664cff47db8d81421f","HAS_PARAGRAPH"
"40524191350c298427e4af1191830654ec4dfd53","897d9677481660cb9ad37b9c34f1ade467ee3fe5","HAS_PARAGRAPH"
"40524191350c298427e4af1191830654ec4dfd53","01772b29acba7e37b50e4a554e9ca5eae3316080","HAS_PARAGRAPH"
"40524191350c298427e4af1191830654ec4dfd53","82e58e6c60945cbdafcc1524704afccb1c52e34d","HAS_PARAGRAPH"
"40524191350c298427e4af1191830654ec4dfd53","827cd53f78326065b6d6e1bc44bdcb7e567e6545","HAS_PARAGRAPH"
"55063bf9c9e0b1a571aca67317fcfe0526803349","4d4c8ae0debf1ff36abe1f3472180867cd907452","HAS_PARAGRAPH"
"55063bf9c9e0b1a571aca67317fcfe0526803349","abd0f1b6ae1728878d7933bc43465d61aff879ec","HAS_PARAGRAPH"
"55063bf9c9e0b1a571aca67317fcfe0526803349","a08b77461eb2e2f6d62acebe71e06f7900449457","HAS_PARAGRAPH"
"55063bf9c9e0b1a571aca67317fcfe0526803349","063f6faef682c8a2828175b0e07e7ef3b530ddad","HAS_PARAGRAPH"
"55063bf9c9e0b1a571aca67317fcfe0526803349","aa431c7db44bace9b47b209b44acfa607290240d","HAS_PARAGRAPH"
"55063bf9c9e0b1a571aca67317fcfe0526803349","5a28a9fb1d4956be9591f0488eb3a11531276ba8","HAS_PARAGRAPH"
"ee100d2c6f27b55c6c4e107babe166aa565081d9","6a30836fe98f455d844b31b5fe17f160465e3c1d","HAS_PARAGRAPH"
"ee100d2c6f27b55c6c4e107babe166aa565081d9","69fa543be36c658f3af0e813e26ac7e2226a77e5","HAS_PARAGRAPH"
"ee100d2c6f27b55c6c4e107babe166aa565081d9","1e4edafcdf1234bbd54e419e39d2c1a43ddcdb50","HAS_PARAGRAPH"
"9fa099a3642b0a4ca6399930362aa871a04d1284","54effbdfc0104e4768e564fe26faa20c1f38fff5","HAS_PARAGRAPH"
"9fa099a3642b0a4ca6399930362aa871a04d1284","577b130cccf14f8a2ecb1c8692f3788b0a906c5f","HAS_PARAGRAPH"
"9fa099a3642b0a4ca6399930362aa871a04d1284","2e0bb5b4256e0cf003658e089eb48ce840e5cf64","HAS_PARAGRAPH"
"9fa099a3642b0a4ca6399930362aa871a04d1284","361062d8f46c37d37f7351bc1dc9e04208f16077","HAS_PARAGRAPH"
"9fa099a3642b0a4ca6399930362aa871a04d1284","3e8fcbce2c3694c6f5d537be58dd6440ace5ec40","HAS_PARAGRAPH"
"1822429723232e113633f05495d1926045ff377b","61eef81de803332d15c0c07d7da93dfb586d6dbb","HAS_PARAGRAPH"
"aa4a774e3eb7f2d9bb32e5d72878a4c062d89303","b52922fea1a8eaeb660ee6b59cb09b1763624633","HAS_PARAGRAPH"
"aa4a774e3eb7f2d9bb32e5d72878a4c062d89303","c63ac4234e2145b2aebf795d6b5424cd3f737ee9","HAS_PARAGRAPH"
"aa4a774e3eb7f2d9bb32e5d72878a4c062d89303","13c3300696b02e54691da435d8823b8197831bea","HAS_PARAGRAPH"
"aa4a774e3eb7f2d9bb32e5d72878a4c062d89303","c1c4e8b19ea0925881f9162728627d51787179c1","HAS_PARAGRAPH"
"aa4a774e3eb7f2d9bb32e5d72878a4c062d89303","18899ea88086057559ae15118b416748e8713648","HAS_PARAGRAPH"
"aa4a774e3eb7f2d9bb32e5d72878a4c062d89303","23a0d20479272c7ab192888bab882444b57ee13a","HAS_PARAGRAPH"
"18e9e06b02c5fb45e4fd76fc317d6d8e92779219","f7b7c7d7871edf581633f7f9fa7e6e827eade081","HAS_PARAGRAPH"
"9d4260e84cb781a21402a8a658f636983e568c73","b720e94091a76dc0908cb61fc0792378f3e39e65","HAS_PARAGRAPH"
"0e0c8b56a64ea3ca462fce09820369bff6a83bf4","ff3eaaa38c3e70bed2df525fa5382a467bba1de0","HAS_PARAGRAPH"
"0e0c8b56a64ea3ca462fce09820369bff6a83bf4","0fd1c9ce68973640450ebd156228e779e052cf80","HAS_PARAGRAPH"
"e78e8542d940bac2afc2015ebcf1ac84c0f18500","a7ffa33b8d4e48e19a39eb49c182667a3ea5237a","HAS_PARAGRAPH"
"30bae828e0367f8310fab9618e1f9d86c1113a34","05a84896d1d7ada1983647c63472b0499f0e0b9d","HAS_PARAGRAPH"
"30bae828e0367f8310fab9618e1f9d86c1113a34","a45ea0d6534c19cda8080ff2496276f98887c170","HAS_PARAGRAPH"
"e9309743afd2d660b88100b19f96d2158fedd1db","1c4e50ed890bbbe1c003ceefdf4ae4af57e36d5d","HAS_PARAGRAPH"
"d2795a8afd3d4993c8e0145aff36004c3dfd5bdb","e28780b477cb87d0285afe2eaaa98ff3b97bf7b0","HAS_PARAGRAPH"
"d7c18c7c34dd976ed8e98964d5111fd499c55193","c9a07ca31941fbf427c2b6449c8814df5205e5d9","HAS_PARAGRAPH"
"d7c18c7c34dd976ed8e98964d5111fd499c55193","3c9fae59a0458283a5888f3f7c5905b6754fa198","HAS_PARAGRAPH"
"34f4dfa8242bc2d67147a8a118de68ac8cb6db2f","a394203d45f794bf352ce6ff21ffc3eba10be253","HAS_PARAGRAPH"
"3e35312b143afc3dc18491b4645f5ddd6bf56640","1d76419155eef386b773470799101c9fbd280a5c","HAS_PARAGRAPH"
"3e35312b143afc3dc18491b4645f5ddd6bf56640","efe5c176ca90c3744764b34eba0497e1fd201a98","HAS_PARAGRAPH"
"3e35312b143afc3dc18491b4645f5ddd6bf56640","2f4bee4baa0a6e98c51e0bb8d8bfd090eb04979f","HAS_PARAGRAPH"
"3e35312b143afc3dc18491b4645f5ddd6bf56640","7a7a68dc8eefdad3cb1ee1271db27bd926d72526","HAS_PARAGRAPH"
"5c2c214d6b4e76879e52d14ed7844eec8c3436f7","be2197b7ca4340ae0f134614e7824817699e70ce","HAS_PARAGRAPH"
"5c2c214d6b4e76879e52d14ed7844eec8c3436f7","4274a5f873ab968e32cdde28098441eb794f7ca1","HAS_PARAGRAPH"
"5c2c214d6b4e76879e52d14ed7844eec8c3436f7","7784a7d1eb6f919f3c60ee06080d955f30a51f3d","HAS_PARAGRAPH"
"ab1fe208d00414ae53599506ceaf03aae3a2b117","ee259aee6aabf904000e9b23c4e9d6e86c74fb5f","HAS_PARAGRAPH"
"ab1fe208d00414ae53599506ceaf03aae3a2b117","86047c02b44f4fa5d980b9c2aba425937f77f556","HAS_PARAGRAPH"
"ab1fe208d00414ae53599506ceaf03aae3a2b117","da9b643c7dfb4098ba2a7f0ae0461c11b4dfa4b4","HAS_PARAGRAPH"
"b41e19d5517bbecd6dcbd4d13a867f3579d71308","3996ecb6b8342613a0a63b989241e3f1360caf58","HAS_PARAGRAPH"
"b41e19d5517bbecd6dcbd4d13a867f3579d71308","4ea16f169979db93ca3536b404f8989643d020ed","HAS_PARAGRAPH"
"b41e19d5517bbecd6dcbd4d13a867f3579d71308","1e457bbcecda4f34b1b5638665832a58d01a6db8","HAS_PARAGRAPH"
"b41e19d5517bbecd6dcbd4d13a867f3579d71308","cd1e185be0792af631c2e93ed91881ef09ce8cf5","HAS_PARAGRAPH"
"b41e19d5517bbecd6dcbd4d13a867f3579d71308","3b248a882f901f591b5942a01fc502f6f059d9d9","HAS_PARAGRAPH"
"ba542c92b0cccb04e4862d9ab7b2cd358fbfcb7a","e7649ba4b17eb9dac6724468c8232eca32fc4569","HAS_PARAGRAPH"
"ba542c92b0cccb04e4862d9ab7b2cd358fbfcb7a","83b2b817400207cd33fa79ecb076267d396cf387","HAS_PARAGRAPH"
"ba542c92b0cccb04e4862d9ab7b2cd358fbfcb7a","16b25f2f3b3e39f1c2e86af1497b798c0fdd1e65","HAS_PARAGRAPH"
"b694de298fe093849063f8fda5ee82755a2ffd84","bcdc11c469834d3256d67f50ea33b5fb0fe58844","HAS_PARAGRAPH"
"b694de298fe093849063f8fda5ee82755a2ffd84","39007c87e2dcd77445d9ccc9c4683390e48f9287","HAS_PARAGRAPH"
"b694de298fe093849063f8fda5ee82755a2ffd84","32980ad57a4f14bcc75c8f1096b3463bec208938","HAS_PARAGRAPH"
"b694de298fe093849063f8fda5ee82755a2ffd84","51aa7fde1a33bfa5843a96d6abf7eb4860075296","HAS_PARAGRAPH"
"a0902bc65bdd4622caa089666586dfb915c9d8da","175c7602b9c56364f33c62d7b2ef094378b12a88","HAS_PARAGRAPH"
"a0902bc65bdd4622caa089666586dfb915c9d8da","848e88a11dca4126eadf004a358965f47f1bc520","HAS_PARAGRAPH"
"a0902bc65bdd4622caa089666586dfb915c9d8da","b2958f73552d365b4932233a9db7b3c4c1a35820","HAS_PARAGRAPH"
"a0902bc65bdd4622caa089666586dfb915c9d8da","7931ba5ef59ffe13ba0dcac78cc1fee25ba9df3c","HAS_PARAGRAPH"
"a0902bc65bdd4622caa089666586dfb915c9d8da","1e2622284a7460d75197a60f26e38aa49a3eb488","HAS_PARAGRAPH"
"a4e75824f07ecee468ac579600f45532827c976a","4bb3cce11557d2faaeb52e8bcce245b2e2d9e200","HAS_PARAGRAPH"
"8109e78c556e5fa00aa44c04c6439fbe132f0cfe","6e060d756c751109682d0002b50db235bee32ba8","HAS_PARAGRAPH"
"8109e78c556e5fa00aa44c04c6439fbe132f0cfe","c12cb1ee2396f3e510da4c672b877df8509f19e5","HAS_PARAGRAPH"
"9c41f9957456543cde32df1bdd4d2c13729fa3e9","f40533145b6820f62ca6cae26895d85372d0d77c","HAS_PARAGRAPH"
"9c41f9957456543cde32df1bdd4d2c13729fa3e9","3cfe10e8c2f80334047da3fe10f168491027435b","HAS_PARAGRAPH"
"9c41f9957456543cde32df1bdd4d2c13729fa3e9","67dd1868a4a242cf10df2da51240d42bdd7fd95e","HAS_PARAGRAPH"
"9c41f9957456543cde32df1bdd4d2c13729fa3e9","eeefb4594c8512b97c05ef1024944abcbe4b8df5","HAS_PARAGRAPH"
"9c41f9957456543cde32df1bdd4d2c13729fa3e9","7119b77b5f247c11f9d397d256b4ebca683ba3d1","HAS_PARAGRAPH"
"9c41f9957456543cde32df1bdd4d2c13729fa3e9","03e44edcc75243e4c708446259e2cec5c315f002","HAS_PARAGRAPH"
"9c41f9957456543cde32df1bdd4d2c13729fa3e9","9f52f463f9bad4ebdfd7a6fee0e402d78ab02803","HAS_PARAGRAPH"
"375c366e3a804f26898b652de8afd1751b2e1ee4","0d9f8b7fcc0df337c292dee6355890bbee1716ac","HAS_PARAGRAPH"
"375c366e3a804f26898b652de8afd1751b2e1ee4","e96909d768f3fe60c52d81672698aee9c1536911","HAS_PARAGRAPH"
"375c366e3a804f26898b652de8afd1751b2e1ee4","2d65fda8e1de182574848e611e278e52b1b7cea1","HAS_PARAGRAPH"
"a06541ead4ae24abe3cb1a021be4fe34d14f588d","4a0df983c6334565a2c8720d16769b592453d8d2","HAS_PARAGRAPH"
"a06541ead4ae24abe3cb1a021be4fe34d14f588d","6ac9dda23c16d61f97816c761b31fcdcad46bd3c","HAS_PARAGRAPH"
"d1b1db1ea998930ca536559eb0b02b7d70d5a1c0","def47365c40078c55a1b32f72e1683a8c9bbe2b0","HAS_PARAGRAPH"
"2c1bf02725d4151bb27817263e27702a4d3b762a","6f87d4159313afdba2e359e17cf4f1fb70df0896","HAS_PARAGRAPH"
"2c1bf02725d4151bb27817263e27702a4d3b762a","6ed1e824b82e19a2416303605a8c30f00d9dee21","HAS_PARAGRAPH"
"98b21c98eeefd69e5b5aff4247a832d529da5b7c","ee4b18916b01dac04524180d6d5d2eadcde8fc73","HAS_PARAGRAPH"
"1340b90bd20e8ac3c70c74ea079c828d7ebb1027","df74a6b8d94b2cff2aa1d508c79f8ad0e2908a15","HAS_PARAGRAPH"
"e1842f58406e2db056e16cb342126941620461ee","e5f9b5b03172e55e04e72d6a9b8767c5ddb32f02","HAS_PARAGRAPH"
"f3908364bea29d9ceab81c5704aa43cd619e3363","941049ecadbd69e5124fed82adc50a0c1c6b6fdb","HAS_PARAGRAPH"
"18a65b7555d4047783179e19eea572463fba5e29","e1ffa6eb6d1bd3fc80f732856c2472fd73b9fcd5","HAS_PARAGRAPH"
"5762afc327be8ccdaf013113872d9a9c4a0976fd","e50066afa7f055e99b5c80778ff6d47566e2c109","HAS_PARAGRAPH"
"94d5654ee4393291be86504d25706aa2a5006032","e0379d09c312de8c2d51ec739d8bbb83c761c19d","HAS_PARAGRAPH"
"8c860549fb2cca66c9b41616171e927258fa4a86","e76ae8311c546ec8e56223302fb8d518922b6f88","HAS_PARAGRAPH"
"8c860549fb2cca66c9b41616171e927258fa4a86","c221d0b71c4ae5c2de33681181c99bbf0434a86c","HAS_PARAGRAPH"
"8c860549fb2cca66c9b41616171e927258fa4a86","9c635a34abb0c84ce57e057a2c60cb600da2c916","HAS_PARAGRAPH"
"8c860549fb2cca66c9b41616171e927258fa4a86","497babfd26667501c0a9e72e7fca75dd158fc8f7","HAS_PARAGRAPH"
"8c860549fb2cca66c9b41616171e927258fa4a86","4f2e0c14344696d1b65543326556af8cbca6354e","HAS_PARAGRAPH"
"8c860549fb2cca66c9b41616171e927258fa4a86","d30f495008c3c1009223ee33b3186366b5fad795","HAS_PARAGRAPH"
"e37e808aece2f59ff695910ee1007190f918d4b5","9bdac20f43ed8617cbf58ce6e4e54c807ae69a17","HAS_PARAGRAPH"
"e37e808aece2f59ff695910ee1007190f918d4b5","65e78ac785e7f819b98df5ef295236b24cbb1d26","HAS_PARAGRAPH"
"e37e808aece2f59ff695910ee1007190f918d4b5","7cfda1c60ce444059e0332e09b0f068f7a351196","HAS_PARAGRAPH"
"e37e808aece2f59ff695910ee1007190f918d4b5","15d225675841b1952aca8bf7f3ea879e86b5a3a3","HAS_PARAGRAPH"
"e37e808aece2f59ff695910ee1007190f918d4b5","1d2223776b70e69866e6d444ed9bc9cc70d4f878","HAS_PARAGRAPH"
"e37e808aece2f59ff695910ee1007190f918d4b5","0cf3886dfe40fa32eb18a4e0616c048ebc2e421e","HAS_PARAGRAPH"
"e37e808aece2f59ff695910ee1007190f918d4b5","58de38a70df281ab10fc23c3c0b923fb124bae4f","HAS_PARAGRAPH"
"76349be4d8d4e8e988b96be5f13be4c99f39ab40","4b8cc516e726e980ceb131e645d434033ad7309b","HAS_PARAGRAPH"
"94d2197b8888f14e5d7a38b9aee0a005aeb5486e","7dd5995f326a47b0c9546d2d1b5ccc6de729f2e9","HAS_PARAGRAPH"
"94d2197b8888f14e5d7a38b9aee0a005aeb5486e","8077b97850c9c9407ae7b363b86cb763748b2f32","HAS_PARAGRAPH"
"863793f63d3576e84fe45c8ac7b496e7f8d7768c","711188b73017bd43959cf58d5809b920ca5bf294","HAS_PARAGRAPH"
"8dba8191bbaafe387aeb002fd2673a42a4f31922","2979fe51bea20ec6ec6acf980f04e9565f557fa8","HAS_PARAGRAPH"
"158e45224ce6ae5c06b0e37f55175a6e3aac2e3b","5962257e87c831d2e7df95f4f7e50f14c87d5658","HAS_PARAGRAPH"
"4f12f5b42e7e0e98303c3c91cb5b508ecc750012","76a24e480efb20619f49ae31d265aa0743a4f408","HAS_PARAGRAPH"
"74b4f18b9af185ca7056e3147a66f0eef00d3363","b19b38f63bb882be8684b2f4e26988c1c307d105","HAS_PARAGRAPH"
"0b28f4c2ee0a41058b8c56204133e684eeb35a5c","71bf27e0e701f396a0abd1fc21c6ddbfbd5ba8a2","HAS_PARAGRAPH"
"beb8e17c131d739fd1c4d1b6250a18844539d011","7ce918609e7766c32558d30397f8c2ebf844d557","HAS_PARAGRAPH"
"e0213f54e572845f5dd378687bff3606a981dd42","6a4ed8f3f70cfe3b5eab4ce94bf9f773248a70b6","HAS_PARAGRAPH"
"e0213f54e572845f5dd378687bff3606a981dd42","544758864951136823d6df16b5e3cc21c5ca1af1","HAS_PARAGRAPH"
"eda5ac89043246ef33e14d13426b7a691d661c47","3a6a4bac6789a1eaeba7d185850b9c67e01c6b9d","HAS_PARAGRAPH"
"eda5ac89043246ef33e14d13426b7a691d661c47","c7b8729c64dd7658d14d2c864dd071b920f22328","HAS_PARAGRAPH"
"66ab293985520b85ff68b79a32f57c68817e3298","443cdc03cb486c3350b9d3e60254bf661a96c23b","HAS_PARAGRAPH"
"37df2985ab779b0b47745a4e734ef18d4e6aa050","92c97cad2eb88a9561e1473c803cc3df0df0031b","HAS_PARAGRAPH"
"72edcae1adec2110cd1a34d678b27af4fd283198","5e95c0c949ff66479dce8c480ba4c66afb62d842","HAS_PARAGRAPH"
"72edcae1adec2110cd1a34d678b27af4fd283198","56a188c7f3dc17e1d7172a54c1958c74cc92a4f3","HAS_PARAGRAPH"
"0e034fd2819df4fa05402a484d3fea7c3561b464","11ba9f2ad908a1560a2b9121a53e426158464263","HAS_PARAGRAPH"
"0e034fd2819df4fa05402a484d3fea7c3561b464","29d4b968a4bed721004c30218cc967e86f87e612","HAS_PARAGRAPH"
"0e034fd2819df4fa05402a484d3fea7c3561b464","078e77b6fc938875618d57d118c4d7bf45375d8a","HAS_PARAGRAPH"
"38707676f4172de7fb29e21665ffb0190987b1f2","cbe140c985d81420d45f1ad9831f7d53e047463f","HAS_PARAGRAPH"
"38707676f4172de7fb29e21665ffb0190987b1f2","5d9a82bac3c433be91ea3713c279385b88896127","HAS_PARAGRAPH"
"48454e4ef5f8303f5878642508ecc52de7e9b226","6e4808acec4c58eae707ff03eec8ec9f90f80a52","HAS_PARAGRAPH"
"48454e4ef5f8303f5878642508ecc52de7e9b226","00260d39a5d5f073fbefc7ae5b7defa1e508aca3","HAS_PARAGRAPH"
"48454e4ef5f8303f5878642508ecc52de7e9b226","dbeaca5c0f94de1284590100d93ae372ed68dee6","HAS_PARAGRAPH"
"48454e4ef5f8303f5878642508ecc52de7e9b226","5de6e80ce23089ec9779e00dd230e5c40212faee","HAS_PARAGRAPH"
"48454e4ef5f8303f5878642508ecc52de7e9b226","73a68b333053468c504297a3f4eac87308f11378","HAS_PARAGRAPH"
"48454e4ef5f8303f5878642508ecc52de7e9b226","c20509445c0d1e4845c465cd8ab6871751a838f4","HAS_PARAGRAPH"
"48454e4ef5f8303f5878642508ecc52de7e9b226","5be938177565ba979fc2ae7bfb40629104cedf40","HAS_PARAGRAPH"
"b5b096fa6cea213fba9b9ddbd099ca84463ccb65","1325593102b113b43223a565623f0694a98ffa8b","HAS_PARAGRAPH"
"c97f9334f45d4d1b202bf7cdcb811f943003351f","f1c61a4a15a8d354cd21081bb9fa71909067c73f","HAS_PARAGRAPH"
"c97f9334f45d4d1b202bf7cdcb811f943003351f","596b53ab73364e5301da033e9b42bb4b73c210af","HAS_PARAGRAPH"
"c97f9334f45d4d1b202bf7cdcb811f943003351f","03f6d8a8dec6c2b8db1628dcf5b364a7564c23de","HAS_PARAGRAPH"
"c97f9334f45d4d1b202bf7cdcb811f943003351f","88086b4b646deb97d762ab393ee2a3daaf70f782","HAS_PARAGRAPH"
"c97f9334f45d4d1b202bf7cdcb811f943003351f","fcc72aa20d289db07462667f45ef931a44ab723b","HAS_PARAGRAPH"
"301b56e98392229fd1b628357935362f42a5007d","579a112b70cb6620bffb8d3f3580c73c4bf8041a","HAS_PARAGRAPH"
"301b56e98392229fd1b628357935362f42a5007d","d61881d01a474bbb0120953ee976fb2331ed019d","HAS_PARAGRAPH"
"f27f08ee550a0ca7fd645544ab580d78f5f26a10","fb23356e31efe29bf13e7dcbfb5fa76c2535bb7d","HAS_PARAGRAPH"
"f27f08ee550a0ca7fd645544ab580d78f5f26a10","882aafae3009b4935c58b7b7f2b480dabc945d07","HAS_PARAGRAPH"
"f27f08ee550a0ca7fd645544ab580d78f5f26a10","238850e5a022b680b7bcda316bdf7310f59b94d7","HAS_PARAGRAPH"
"54bfa46029b5a2feb10896e01ad306ec9fd4abbd","c2f07ba0ef8a6b866357433f03c2d964ea6fbf54","HAS_PARAGRAPH"
"f8de801799e208f01dabbcf1459b095bce4d337c","eaa7e3ad585ed2d9b458b543775ef4ffe0626d0d","HAS_PARAGRAPH"
"f8de801799e208f01dabbcf1459b095bce4d337c","b0ef9f7ea6152497a2a14e08405a92b400022a0e","HAS_PARAGRAPH"
"f8de801799e208f01dabbcf1459b095bce4d337c","350afef6d6654880ab330e686aa9705548ac527f","HAS_PARAGRAPH"
"f8de801799e208f01dabbcf1459b095bce4d337c","ed323a20e7f4a40c211ff3cad3a6466cc23417bf","HAS_PARAGRAPH"
"b6dd60be87d2436a47ff183072b0f8bc029e59ed","ef0c658f2dd18fc91281540e45d99a9aa7884654","HAS_PARAGRAPH"
"b6dd60be87d2436a47ff183072b0f8bc029e59ed","5efdf1971af789d546a8c1ac7829d2debfeb22e6","HAS_PARAGRAPH"
"b6dd60be87d2436a47ff183072b0f8bc029e59ed","40a353d35f119cf7da66bbd6d2119f1f672a00bd","HAS_PARAGRAPH"
"f402ec5cb44a49d033e1e55f459d48aef3c065d3","82b83222cf1c836eb3ff0243ba60496359abf4e8","HAS_PARAGRAPH"
"f402ec5cb44a49d033e1e55f459d48aef3c065d3","5e6b79bdc056a5d49564f5bd5ebb2f8de479357e","HAS_PARAGRAPH"
"f402ec5cb44a49d033e1e55f459d48aef3c065d3","87bd56cb05f493783c4b4da7509cb814e13013a8","HAS_PARAGRAPH"
"f402ec5cb44a49d033e1e55f459d48aef3c065d3","ae1e1e7957146ce6b7dc609e212a8122a7e76a8e","HAS_PARAGRAPH"
"700e1f0a80b4c5385c5ec52f34c68cc82c4d2781","3f3d3cff9837425ed4738d87cd6137f88c146d2e","HAS_PARAGRAPH"
"9a063f617c8436bd0c2252d8ea79534d77ceac9a","e4cbd05f61378d5135f10971e2a8bf12f2bc723e","HAS_PARAGRAPH"
"9a063f617c8436bd0c2252d8ea79534d77ceac9a","d56b658886aa8461d1f2e11cc43734ba5a64b0f7","HAS_PARAGRAPH"
"596e779f89ad46df4cf416057fc5a518790a94e0","2c6303137a5ea74e55008b6429e4caef89c16659","HAS_PARAGRAPH"
"596e779f89ad46df4cf416057fc5a518790a94e0","d3ec60f54da326bb7b847c4ab393dca213c3b611","HAS_PARAGRAPH"
"d111872b1a4023d5ab26eb2f649f0fd3b1b176be","c114759c92cf16428c2cc97efeb4ede679d57acb","HAS_PARAGRAPH"
"6623d60e7fba30a999575fc1b10285374fd61172","5a01c38ee27d1e80a53bfe8edd7692262af4a577","HAS_PARAGRAPH"
"6623d60e7fba30a999575fc1b10285374fd61172","b2832a9751c695bb257787e517a178eb057f2494","HAS_PARAGRAPH"
"6623d60e7fba30a999575fc1b10285374fd61172","6671c25ab5aaeb8522b99b443293b02a588ed5c2","HAS_PARAGRAPH"
"6623d60e7fba30a999575fc1b10285374fd61172","a25ad567e30c1f5fc7ed8fbfb3d9f63353576e85","HAS_PARAGRAPH"
"6623d60e7fba30a999575fc1b10285374fd61172","f2d22e40c607393726845e98d2d65f959084f730","HAS_PARAGRAPH"
"625b021c72b5383dd7b62761f2c175d800d8d18c","dd3867f56693a563b1115a5c003125a9c32ec1a4","HAS_PARAGRAPH"
"d6261b6670f632808d2fbff8fc84e6cb571eac37","eb95f2edbae09903ea3ed05629b5fd85560ed13f","HAS_PARAGRAPH"
"d6261b6670f632808d2fbff8fc84e6cb571eac37","ac6fd1129395f0dcf976fbb7637aacd327b211e6","HAS_PARAGRAPH"
"a600e07a5188d16b598b111de3dba97190cd5692","3569f6f86158552d96cfad86e8256e009cd1fa0a","HAS_PARAGRAPH"
"a600e07a5188d16b598b111de3dba97190cd5692","efcda9a27ebdd3e0f3443729eeea28864c4f4d4f","HAS_PARAGRAPH"
"a600e07a5188d16b598b111de3dba97190cd5692","a9b73aaf7fd31c7adcbb2f127e96cacc8b601b26","HAS_PARAGRAPH"
"a600e07a5188d16b598b111de3dba97190cd5692","6d9a822555d89da346c039466d29f241664b958f","HAS_PARAGRAPH"
"a600e07a5188d16b598b111de3dba97190cd5692","a5e11f4cc8c48ef665e0678404de0f8707f761bf","HAS_PARAGRAPH"
"f5b49306f2d3a8ec1ddb81e4c338f95fc71ce669","edab5968e71fd4a861e9d388bbb1f265f5889678","HAS_PARAGRAPH"
"7c5d32204cb9467545e893fb25bb56e0b3a38f8f","b11eb3a8f7911fe99c0226688e56d6beb1e2f7d6","HAS_PARAGRAPH"
"b2839d229a8d109627bb592bf26eda73c03303c8","22ad67ce1dfdbda7e10bbc9de7423f6d9a5fca17","HAS_PARAGRAPH"
"b2839d229a8d109627bb592bf26eda73c03303c8","dcba0552879c844a71eb375265de5b3467d99ddb","HAS_PARAGRAPH"
"b2839d229a8d109627bb592bf26eda73c03303c8","513bed6711254b66d5a22e25e7112c8e08614930","HAS_PARAGRAPH"
"3f9cd4e7c59f585d81ae21467e0f9d599c3b9d11","1b5743e29aafbab9ed3bcfe748b06eea3882ff0f","HAS_PARAGRAPH"
"050b352bab3a107a01f58ab8aba9edbeb49a3079","c0afed7e800e032a7ae3332c8565e01b430532e6","HAS_PARAGRAPH"
"050b352bab3a107a01f58ab8aba9edbeb49a3079","9bab756874cfe1a7950d351813aa80b27ed27623","HAS_PARAGRAPH"
"050b352bab3a107a01f58ab8aba9edbeb49a3079","a69a83c897932ce34ef25e7b487743e3f1e4ff3a","HAS_PARAGRAPH"
"050b352bab3a107a01f58ab8aba9edbeb49a3079","2f3424ddc22e8a0f06896f3f6e57424b078f9407","HAS_PARAGRAPH"
"a18387a6cec7c7b39e5275a46a9ba6792a0daa8c","e91b219cd12fec0ba498d7952f34a0b788b58d4f","HAS_PARAGRAPH"
"a18387a6cec7c7b39e5275a46a9ba6792a0daa8c","d4da81da189f224e114daa227e49edc21bd545b4","HAS_PARAGRAPH"
"c2ab4b8f86cc603ef8a91124dfbe83ac1e8a758f","43203c6236d7ccbf59920c2cc63e0ce6354ca181","HAS_PARAGRAPH"
"63bf555344ff4119ed3ae63bf3381f74072fef7b","f6ed56654521db39fe778c56a1d5c2803f196d7e","HAS_PARAGRAPH"
"63bf555344ff4119ed3ae63bf3381f74072fef7b","3f260b5408044457b06fbf1b38762cbbeb4047e3","HAS_PARAGRAPH"
"63bf555344ff4119ed3ae63bf3381f74072fef7b","3f2079a1c26def28b98b0fc863e8b5c50ebf4c9d","HAS_PARAGRAPH"
"63bf555344ff4119ed3ae63bf3381f74072fef7b","3faadb17d695c9d67ee291e128fa068fe29cfbeb","HAS_PARAGRAPH"
"63bf555344ff4119ed3ae63bf3381f74072fef7b","b72a53e6e71854fd005e1be4f8875bb85717ba07","HAS_PARAGRAPH"
"6c2ab4f7958e59f3a4d30ca0d15919a9558ab0e2","70d7398bb7e78764397f8cc3cb7530dca5727b6e","HAS_PARAGRAPH"
"f2554715c278982fd9169b875d8f7ee48866a059","4388459fee72093edbbbc1ebc168f9f0952b99cb","HAS_PARAGRAPH"
"f2554715c278982fd9169b875d8f7ee48866a059","c77334ec68dca04e7f61e5cd3883e45597e839cf","HAS_PARAGRAPH"
"f2554715c278982fd9169b875d8f7ee48866a059","dbd29464b7e655deb4832987b923032a117c5428","HAS_PARAGRAPH"
"c65a2467f322e81e38796b8dd6086fc139d38c41","73ccfd02f0e04d51fc7f16c2ae5ab3365904d211","HAS_PARAGRAPH"
"c65a2467f322e81e38796b8dd6086fc139d38c41","f472b8c7a307b86da4f01f6b66b53e136a63f0aa","HAS_PARAGRAPH"
"c65a2467f322e81e38796b8dd6086fc139d38c41","178e50384e4fa471bf56c8e42a872ae80f98379e","HAS_PARAGRAPH"
"10fbf247c034f940b735974277d5c3f9443939af","2a1cc0eb8236e952eee0bb7e38e632264774e89a","HAS_PARAGRAPH"
"10fbf247c034f940b735974277d5c3f9443939af","387fe240bdfcc29396b4fc8c47ea4d453235f9be","HAS_PARAGRAPH"
"48df93f32f351b349b974096979ed2e53d2f19f7","2efb46d8cd070d59c4a1931e3992bc6e146e3509","HAS_PARAGRAPH"
"48df93f32f351b349b974096979ed2e53d2f19f7","9e6be82e9b9c84abeef975b749b56a5194df11e0","HAS_PARAGRAPH"
"e413d2dbf34fa15378f70665ca521023290ff405","06f63afdc4bdb046a6fccf16ecb20089b56b81f3","HAS_PARAGRAPH"
"e413d2dbf34fa15378f70665ca521023290ff405","d08e2302e0e9ad3e3317904d663ca0515bab79e4","HAS_PARAGRAPH"
"e413d2dbf34fa15378f70665ca521023290ff405","477d069419347897130e9ea6c806252c45dd5ac2","HAS_PARAGRAPH"
"fc165640a874b46b49b6f603e6be8a13e24522c7","7d44dd07f6d92ddd04020eac569d53a9b3891b68","HAS_PARAGRAPH"
"12cd96269ac0d9cc15bd0ef5868a5757c22026a2","14905b0dba95319e09b723f52b9c440a5633c1d3","HAS_PARAGRAPH"
"ea16120c4ca5d8b61aa9e11a2668e4a18ce9dded","40d4d1e5590cd3eb754d05dad532eb072bfef1a8","HAS_PARAGRAPH"
"fddc095a0022ebffbca67f21e40f057e18dc283b","489684700cd3842db7a3896af8ec1b9e2c27790b","HAS_PARAGRAPH"
"efaff58ea796eda222a14c69b315eda34226f07c","53b904ca066cbb5bd2a3e3a55b5018aae918af4e","HAS_PARAGRAPH"
"3d38c649c866932547adc8ea6167279bcd2765e9","6b1b6e903ef30e4b7eaf4eafaba074ddbabf7b59","HAS_PARAGRAPH"
"89adf522562a5514d319e93193a8f12b999c5e57","70cdadc93b31f661b3e98ae827e494d84b2ddd1e","HAS_PARAGRAPH"
"89adf522562a5514d319e93193a8f12b999c5e57","9e0aa1f1276bb469abd09d635d3e18414e5e46ab","HAS_PARAGRAPH"
"89adf522562a5514d319e93193a8f12b999c5e57","98fe820305e7e11d45da6c040a78f3981e7181f6","HAS_PARAGRAPH"
"7892ccbaf2b92ef9a5604adaa73876c8f0064645","65d354a8c284f60a02c9b9714885e2e49bc835ad","HAS_PARAGRAPH"
"e376c8330c8852e41b21f2f52e378ec640d36050","1341a3fe2d6f8d5daf6a628b8d0daae78c6ada7e","HAS_PARAGRAPH"
"9a851c962be7645cf05813e2c7cc80428c6fa4d6","8c86e77312ebcf2f09a9f8be98fd43dcd5ed7c83","HAS_PARAGRAPH"
"7e7bdc6b5b271db0cbad72ff350350761fa4919b","6489eefa3a46898932df663b7cc2afb6565465c3","HAS_PARAGRAPH"
"74c4672e809ac81e49cee00e10e13784db8ae9da","7b9fcc4f8f685ce805bbe2b933b010b552f569bc","HAS_PARAGRAPH"
"74c4672e809ac81e49cee00e10e13784db8ae9da","b5828289ae17d42c96552e6b4519c8a1ac2406ee","HAS_PARAGRAPH"
"74c4672e809ac81e49cee00e10e13784db8ae9da","3f9824fd33793a6d30d26a6518bc9a1460fbc77b","HAS_PARAGRAPH"
"ffeb23ed1a0995c1edac89c5cc81b61c5d9684fb","432d837ec779255ae541b190ba50e1709c27f911","HAS_PARAGRAPH"
"ffeb23ed1a0995c1edac89c5cc81b61c5d9684fb","c7c32335dd9e0f6d130d7f5551827db9a0bf1747","HAS_PARAGRAPH"
"bcb4323642f77d960d8c0909f4cdb49984888777","12d2cac6cd74c824565addbd7debbc443edb25fc","HAS_PARAGRAPH"
"bcb4323642f77d960d8c0909f4cdb49984888777","7725cafa4d4c29619984061036321095d9b74500","HAS_PARAGRAPH"
"8a3c23d7e5b70854996790f638c737722f246fc8","2521dcb01caf8da8a083a598abb55069b3cbe9a2","HAS_PARAGRAPH"
"8a3c23d7e5b70854996790f638c737722f246fc8","af868d41a2d77f22b8a4c969e5c8901bbd28684f","HAS_PARAGRAPH"
"47f070c58922795d2b453cecef6f31543107c65e","261e5e4f6e34611714b8c5c70f699a32165200f1","HAS_PARAGRAPH"
"8c600673846a2f26adc32911dd6f97246353bef5","c14939e1a85a9ebb3e19fd88a1ae94ad75c74559","HAS_PARAGRAPH"
"a7668f6a89015640dd9c5186db1fa2070176610c","2476f2cd10ddd0b3a3ecfd540fe685d2fd6f2448","HAS_PARAGRAPH"
"a7668f6a89015640dd9c5186db1fa2070176610c","24252cf5ce4de9d7c4aadeb7b32f041ff430d393","HAS_PARAGRAPH"
"a7668f6a89015640dd9c5186db1fa2070176610c","7e44bd08f9268de75c4f547c271ea6af020b8f61","HAS_PARAGRAPH"
"18d47de655166ccd88f6410b0334aa40ffc04b5d","fca22db02ac5cc3c6412c321f17ce0e5c23c2dc7","HAS_PARAGRAPH"
"3ba9436e5364cb2152af2dc5f2a30f045ff4d6e9","adc3e532d39124958b3ce7501c7cce95e65655ba","HAS_PARAGRAPH"
"3ba9436e5364cb2152af2dc5f2a30f045ff4d6e9","bbc60b93c092f47e72cc6868a3ece1db42ff5919","HAS_PARAGRAPH"
"3ba9436e5364cb2152af2dc5f2a30f045ff4d6e9","a7c1eb9eb73de0ef30331e6b6f464e00f9bec19b","HAS_PARAGRAPH"
"b62f6d24cee1e0047fe574977b91141ecfac64c9","c34fc276b9ac656f84828933901bb7af318f0f8f","HAS_PARAGRAPH"
"b62f6d24cee1e0047fe574977b91141ecfac64c9","1380b9ec640e483988ff836eb4b04419d1685f5d","HAS_PARAGRAPH"
"2d1ca18ec0aeb7c9b23c48eca9ab0d15e1ea39d3","449a6b8e127b79053238b2483f6642fe0c5cbff2","HAS_PARAGRAPH"
"858831b57019043176e6ba0518b05bd1a8b563bb","09568e8c0638160954de890196274fc88b036eb0","HAS_PARAGRAPH"
"da83ce6d450c7fee6d4ec73098aa7cf19c1b2219","6c02b34167ac81be2b598dd376fdd39ee250f24f","HAS_PARAGRAPH"
"c4b1f580c442b62a21f4e0a16d56720393d6d872","d25201b656ff1d3ce637b4b3b0729211587ccd51","HAS_PARAGRAPH"
"ea99981b81ceaa70059edd1247edd553f5a4f9b3","d452d86f1bf72b7c17bd159a585a0daa6947be57","HAS_PARAGRAPH"
"ff4cac86992fed7c1af8cde713a98970b5541e24","11ff2c64e51e78fa2e37d20028c66f5a26a455b0","HAS_PARAGRAPH"
"6c4eaaf20998ea04df01f29b76fbc55e2fe4e15a","5d2c8d16bb15c19c4ba1e900ef9bd58520af9277","HAS_PARAGRAPH"
"6c4eaaf20998ea04df01f29b76fbc55e2fe4e15a","d500b86da02d1abd6953261da7adb13740ef99ee","HAS_PARAGRAPH"
"290a507c906e8187e68182e44b6db40ac8229822","4165702f41424195bdb50eb478726b06b49b3b6c","HAS_PARAGRAPH"
"bbb12489caf0a99995217afe23ff84a920624582","35cce85a5e4d004eb33aab75b842f17d3505b961","HAS_PARAGRAPH"
"bbb12489caf0a99995217afe23ff84a920624582","0bf5dcf1cabcec40beeb0455a1ea50fcc73c2dbb","HAS_PARAGRAPH"
"44febbb24aabb6ffa683a5289cc3c5514b6bd66a","3c8781027adb52c9b15cc3bdfc487054b7bdc8fc","HAS_PARAGRAPH"
"592b6d3b0c50b515ddd35313da2cb077afd42601","9555839a47e1df69ecbe3ea116c04b61a36b162b","HAS_PARAGRAPH"
"027c1a868e337aa8b4d83a84ed9cda4fe8c8db55","c2bd6c9efd746d23d5235d9f53f8ed1f6533b086","HAS_PARAGRAPH"
"027c1a868e337aa8b4d83a84ed9cda4fe8c8db55","3aded22c808afcc45a4d2ca814e48bf918aec75d","HAS_PARAGRAPH"
"2e81e76d93d3ce911a53c818dd6f277548558a87","6b5ce67c681dc0462d35b3e655cd75bb82922b15","HAS_PARAGRAPH"
"2e81e76d93d3ce911a53c818dd6f277548558a87","e56386320d7506349c859c1c9e4f5fa3bc468b32","HAS_PARAGRAPH"
"195db4b9a5810684bf4c055b73f5e65aa27ba48f","5c58a30c11341d67562df04ad662dce6ae1b0e83","HAS_PARAGRAPH"
"f70526c9aa5ef4aacce075be140e2b9fb007e12d","112da74f99d05690d823727ec705acc07f8c79dd","HAS_PARAGRAPH"
"a164da80a9b0d3bb26964a996b166183b15f136a","e233d1b881b2ed035f603a5ff744a9562df3b345","HAS_PARAGRAPH"
"c12b1bd325537fb93c9e0a556309db72f80cc64b","68e7f7759a55e607700cee6b732e0f30393670d3","HAS_PARAGRAPH"
"ef2149e27ad6e6f486f1c81a189c54db34efe0b5","b61d0af6a766a2f8d487c932fd55b9a89fbc89c3","HAS_PARAGRAPH"
"ef2149e27ad6e6f486f1c81a189c54db34efe0b5","f709d02d455748d4f6dc0abb7ca12e18cdff0e12","HAS_PARAGRAPH"
"ef2149e27ad6e6f486f1c81a189c54db34efe0b5","ddb3c54b45dc2b02a3f6436fa8082d5aabf5283b","HAS_PARAGRAPH"
"56ba8f15a3381ea72960936c99861a6bdbcec9b5","e82ba6e46394039a0f48b7641c65a9496995d011","HAS_PARAGRAPH"
"cac19f86a6b2f05a18b131ef465e8949cd85ff24","9695994fc31f4d242e1e8d03329a076667a3546e","HAS_PARAGRAPH"
"280cf8909ed6e26ec217e9ddfe5a82bf35e7e86c","c5a34e2d77bb25e08dbe8b4618d5f1c3cf87100c","HAS_PARAGRAPH"
"7bbf8b0fe2e1ee303f7994aee4e4097c3e26b14e","7761b97a3da12bc1330fe9a6d3e4b397f0d4e09a","HAS_PARAGRAPH"
"afa2486d826b315f2e0c6af188d9a31f6e3ae102","c5ae6969fb740a1b35cd0439103ee133bf52b48c","HAS_PARAGRAPH"
"088bedd060ef09ca5bae552516785d722c5e1b7b","7eb6ec7823706bb63feb439223abf7a85c0d8d5e","HAS_PARAGRAPH"
"088bedd060ef09ca5bae552516785d722c5e1b7b","16949a0c92be928bf0c8a818d1c78dd1ddd7507c","HAS_PARAGRAPH"
"809a6c2dc3d535e6face9509d0a84032eccc2ce8","3042d0ba20633cb87efdc4db2a5c3a707e8ae90f","HAS_PARAGRAPH"
"8a977bdda7475a268670d0cfc7fae1b24be1171f","a427142ff430db5f844bd171d8dab9e70b88ec0a","HAS_PARAGRAPH"
"ddddc5cbfd7e2c837095f0986e50585d6c4f3648","ea6d593f8ffced96076f38f5c69cd32a9c07462a","HAS_PARAGRAPH"
"1f5ff33758e37681262cfa321362069ff7cbf218","8c0df5d56e1d7eaa3c896474faa4d470008e24a3","HAS_PARAGRAPH"
"67f8bf89b47a6d13bd02124a5ad41494a708e901","c76d8f135f6456fab7c03170b0d15ee8dc7c300e","HAS_PARAGRAPH"
"67f8bf89b47a6d13bd02124a5ad41494a708e901","e6758d6268203ef260297676fe4099a204d3932e","HAS_PARAGRAPH"
"d6a71feac111f1bd5c98ee5d42271e593a4ef38c","e36ecd3f6e51d5e10bcdcfa6fd5ff2b6878ffdce","HAS_PARAGRAPH"
"c87579f101440193b0bde34c8101e50db70109fc","09dfadc5b79aa5d64ea835a51bf49db1d67a03d1","HAS_PARAGRAPH"
"ee2dc5983e72bd21e03e25aa258361a0ab5e9995","5cc3cc467a18cba364557457db4e6550ffdd94c0","HAS_PARAGRAPH"
"ec4864c8e8ac7164b71fb87aea7047c0fc3efa79","718cd6ebb442063fb60c5c029834634a7614e3b3","HAS_PARAGRAPH"
"ec4864c8e8ac7164b71fb87aea7047c0fc3efa79","01b3b1e2c414476342deff1b74bf9ae2f5ba5424","HAS_PARAGRAPH"
"f81c6412d7940207a5178db1996442c43e11ed64","5df0d61df475bd58b33c8169838783c6209e5dcc","HAS_PARAGRAPH"
"6d3ffa5aa6e1b472ed0e886688e1875d580ee020","c9fc2d81d86363bba9f7405eba69bb2223a0036b","HAS_PARAGRAPH"
"6d3ffa5aa6e1b472ed0e886688e1875d580ee020","51a91117f0c10003e49b0b2730823ad0de670645","HAS_PARAGRAPH"
"6d3ffa5aa6e1b472ed0e886688e1875d580ee020","6fdc0301cb4d5991ffc9fd96960fa4e594feb9ca","HAS_PARAGRAPH"
"3bb12552ee4d840dc9f1bc293fc9d19ff614dbc1","84a2da4bc76d09e191cd9957baea6666027b8aab","HAS_PARAGRAPH"
"fe7959e5f4870257e7473593c97b33922432eeb5","88ac6e30d9311441176a0de45faeb4efc9af32f0","HAS_PARAGRAPH"
"fe7959e5f4870257e7473593c97b33922432eeb5","168816303a7cf5a6ed295d081b48663f3970f7d7","HAS_PARAGRAPH"
"dbb96d44299b23cfa30418a886089cfbfda8e5e3","ba360220852ce56b182cc72537153e682eeb4cd7","HAS_PARAGRAPH"
"dbb96d44299b23cfa30418a886089cfbfda8e5e3","a2665f0e6edecb77f0253e111c0966e79f427652","HAS_PARAGRAPH"
"9da92bd53742210e93cb7b9fb8aaeab0c8a8f6a4","7aa8c98a10bc11a108602ca27169269ab4a53df3","HAS_PARAGRAPH"
"9da92bd53742210e93cb7b9fb8aaeab0c8a8f6a4","acdcb42f89b0d4da477703af7cbf75a11f15d6ca","HAS_PARAGRAPH"
"9da92bd53742210e93cb7b9fb8aaeab0c8a8f6a4","a5d4c0a246060926e5e926a39888673006e8c4b0","HAS_PARAGRAPH"
"9da92bd53742210e93cb7b9fb8aaeab0c8a8f6a4","4a9e2efe1c82b3b20f880fd8a19fa167608a9e4b","HAS_PARAGRAPH"
"9da92bd53742210e93cb7b9fb8aaeab0c8a8f6a4","a03865931a63529aea08b9606c0ca925c869eeaa","HAS_PARAGRAPH"
"9da92bd53742210e93cb7b9fb8aaeab0c8a8f6a4","35fb587830d776af1e6990fef31074ad9996226e","HAS_PARAGRAPH"
"9da92bd53742210e93cb7b9fb8aaeab0c8a8f6a4","ee5cf80f7d46ce24825e604da0573568dc0fa67b","HAS_PARAGRAPH"
"bb70060b699c0e50d03dd9f48bc0ba90ddbfdf90","63511632f1a33564fbe088d9c5963abaf44b95c3","HAS_PARAGRAPH"
"bb70060b699c0e50d03dd9f48bc0ba90ddbfdf90","8514ef8e94c1f51ef0557bdf9bc2ead4ce11f76e","HAS_PARAGRAPH"
"bb70060b699c0e50d03dd9f48bc0ba90ddbfdf90","33cd93d5c944cd02c4e07264b46823be6bdc2ec5","HAS_PARAGRAPH"
"564497821cb66354fdb1505944c6f8a96b6c2bea","c2f98c96df17e3248544d8b0e8cd53ebb9c52eb1","HAS_PARAGRAPH"
"564497821cb66354fdb1505944c6f8a96b6c2bea","89a16055c0ce09d2a51951724869743376854f67","HAS_PARAGRAPH"
"564497821cb66354fdb1505944c6f8a96b6c2bea","3d5113c78549d5bf3807123f62715318bd48bc80","HAS_PARAGRAPH"
"35dc1fc0ca855cbdcc4bb08285c4545d6af7b04e","6e9e9a000e052222cfc9b8152a6f3efa67328ff1","HAS_PARAGRAPH"
"35dc1fc0ca855cbdcc4bb08285c4545d6af7b04e","e054db88c93aee8697b76fad10c15855ebbc5bfb","HAS_PARAGRAPH"
"35dc1fc0ca855cbdcc4bb08285c4545d6af7b04e","5ee6df73df517d578a2eefdf0ba91362d0a73933","HAS_PARAGRAPH"
"13adba4e263f173719a62c59cd2af3aa33d3e15a","c97f56a3e4af98dd0593275f718adf702d8d67d8","HAS_PARAGRAPH"
"5bf86267073781ee2f2966adaa6b49c30b64ff6b","98c68f48c58bcaa409a9eda5885b12f308d2ea0c","HAS_PARAGRAPH"
"5bf86267073781ee2f2966adaa6b49c30b64ff6b","8e5e3b1fd069069e095424ed727d4a777e4c87f9","HAS_PARAGRAPH"
"5bf86267073781ee2f2966adaa6b49c30b64ff6b","a1d9944a1d3412e73e089e08bf7fc03f3b2cb5c3","HAS_PARAGRAPH"
"c22ebc86215e741c179834d82e9a4707b4f7a66f","9a44dacb751e1bfce26fcd63d32a60a7f3428799","HAS_PARAGRAPH"
"68edcbe984db755f4d78f16e8a29dd301b318afb","8ccb407dd8ad73ceb565d715a725bfccb84e0fd8","HAS_PARAGRAPH"
"68edcbe984db755f4d78f16e8a29dd301b318afb","48d91b805ea16191520ddcdec4565c3d9227ba99","HAS_PARAGRAPH"
"e392bf5d12b3c0f523309a107dc0fcfdf55bff30","270ad94007761c4d9c4c468b7fccfe95c027110d","HAS_PARAGRAPH"
"489abf2ff01ca5f70e64e827372ca42d381c5053","2a5b4ebf02fa1975a508a1ba7da94be4918699ef","HAS_PARAGRAPH"
"c11921523e92b70782f1659b0f3b91488c759d8d","32776323b083395360d0917799c2dca5f33c56cd","HAS_PARAGRAPH"
"c11921523e92b70782f1659b0f3b91488c759d8d","354631535172336469a44db2501bc3aeef1e0ad9","HAS_PARAGRAPH"
"c11921523e92b70782f1659b0f3b91488c759d8d","4b821ad9c547c0725897ab2f151f8f1e102a071c","HAS_PARAGRAPH"
"c11921523e92b70782f1659b0f3b91488c759d8d","6081e833e9a61e50c18f346bce019c98471a928c","HAS_PARAGRAPH"
"c11921523e92b70782f1659b0f3b91488c759d8d","fcfb6c5bf9661f5a5cd4a917030228c8759d3a13","HAS_PARAGRAPH"
"c11921523e92b70782f1659b0f3b91488c759d8d","4106a1418056ef58b08afa39783b448dae807f81","HAS_PARAGRAPH"
"c11921523e92b70782f1659b0f3b91488c759d8d","abd97b60ef28f3ea2b3aea655f7205558855a873","HAS_PARAGRAPH"
"c11921523e92b70782f1659b0f3b91488c759d8d","9a6163d93101206c46f7ba041b82d2f0b204c236","HAS_PARAGRAPH"
"1021cfa370a1f3c283804ad1dc4c126a8209b55a","f0cbabc48111a21148e0109bdb137c95e5232714","HAS_PARAGRAPH"
"1021cfa370a1f3c283804ad1dc4c126a8209b55a","a6add97572f5e506a4e35cdac9425595bb7efd5a","HAS_PARAGRAPH"
"b69ce4dd8fdc9f458dd73765b8c15c2896a4de00","24049cd68fcdf5b442a1c59180739c9cbf0b5081","HAS_PARAGRAPH"
"52e6d4b3800683c7f236fb9af6c134ceeddb3af2","935c08ed6c0f3a4d268558a840d692aede3693e7","HAS_PARAGRAPH"
"57a51acf2f2974a682c92308968fce6e33569edf","654d932b84a8ffdc22784ccb6319821f29e51813","HAS_PARAGRAPH"
"57a51acf2f2974a682c92308968fce6e33569edf","01b52eacf652cbb12728ceeac0651156d20646dc","HAS_PARAGRAPH"
"57a51acf2f2974a682c92308968fce6e33569edf","1bb830a49ee8b7d25e24a0e2247d39f97ce6ab20","HAS_PARAGRAPH"
"57a51acf2f2974a682c92308968fce6e33569edf","80b34666075477e6652191740452a01ee168ef9b","HAS_PARAGRAPH"
"2572cc65ef297608a58f7021e4e6e02d8c3fd77d","2fcada7dfbb1e7a75e9ea227169d83b2dca703cb","HAS_PARAGRAPH"
"9022aea1b1bdd8c391e89a56cd3e9634f98ca2be","9bec794a0225bee87dbb0138ffd0c3e6b15b49b0","HAS_PARAGRAPH"
"9022aea1b1bdd8c391e89a56cd3e9634f98ca2be","ef76832c82f125d3d4265a65043d0ccac4f6742e","HAS_PARAGRAPH"
"7ec4893dad29d13e889f9b4333eebb4219927b2f","ed57fb6838387c6125f007ff4ffff446adc19827","HAS_PARAGRAPH"
"6bdbe8c348ca90218b8812608bef3aeee0c24d53","323e2dc9973b420cf58d1f219bf1570b6864088c","HAS_PARAGRAPH"
"690a0f5742a16e70db95006133ac2f1b7d1d1536","ea233cd68c92c0a94c024f5d2661a4e7dbf0796b","HAS_PARAGRAPH"
"9cb4b3d58374911f896c6140bf3625595caf845e","75d4da91e526140d57c65465bdae6e9e4c3dd01f","HAS_PARAGRAPH"
"285255b5188151649da8a78503066b79bc6d7f54","2d78ec554b2d224c8415d3753dfed67b116ab997","HAS_PARAGRAPH"
"22a61d61af6277fce2d5a5dd33b2bbeb49f559a9","9e9d1a444895918ca3381b27619d88592cf2ae2d","HAS_PARAGRAPH"
"22a61d61af6277fce2d5a5dd33b2bbeb49f559a9","2f00c88528d51b52663c71fcdfb8c78276bd3065","HAS_PARAGRAPH"
"afac26cab1d674a386921c9cf97d2b033b778016","d4350b281b2df58012064af8955097693cf8ad72","HAS_PARAGRAPH"
"afac26cab1d674a386921c9cf97d2b033b778016","268e9d4e5aeff592c66b1131fd2681e7a1bf8fd7","HAS_PARAGRAPH"
"afac26cab1d674a386921c9cf97d2b033b778016","a6f8437646c681cb432c23058a6ebcbafa2e6aca","HAS_PARAGRAPH"
"afac26cab1d674a386921c9cf97d2b033b778016","71f7f8a75e07bd4dcf9ff89377cd6817a89d7743","HAS_PARAGRAPH"
"afac26cab1d674a386921c9cf97d2b033b778016","bc1f7d6c79aa72e32b1b023ca23efae4cfb6adae","HAS_PARAGRAPH"
"afac26cab1d674a386921c9cf97d2b033b778016","62cd78415fc4ad17ada4595b5ee8b3ab1f283e93","HAS_PARAGRAPH"
"afac26cab1d674a386921c9cf97d2b033b778016","af8782d19bb61d3f573bd11cae304961778d69cf","HAS_PARAGRAPH"
"afac26cab1d674a386921c9cf97d2b033b778016","5e911ac0e1ecf14e02c215b8a15e30553d6e9618","HAS_PARAGRAPH"
"afac26cab1d674a386921c9cf97d2b033b778016","f1055b48135ac898bee7005dfc30314b682e0216","HAS_PARAGRAPH"
"afac26cab1d674a386921c9cf97d2b033b778016","1cd5e539a426f8c710839d0c5069fb9e681b1fa9","HAS_PARAGRAPH"
"afac26cab1d674a386921c9cf97d2b033b778016","1b70e1c511bc3f09b49bab9e2843fe1107c2a018","HAS_PARAGRAPH"
"6bbaee5ac7c5349496ad23d89f347951862b749f","469698d946ef1f4074f5ae80fb0c557893df9f0a","HAS_PARAGRAPH"
"c8b52e0711b525c1a64698c074a5276f8b22aa24","0c7070d27e40815bffb3d63eceba28b039382cba","HAS_PARAGRAPH"
"6881cd8d71a455d07130adb252f775713c13ae64","5b685eec11d361a9bb7b62135a41cadd2ce885c8","HAS_PARAGRAPH"
"6881cd8d71a455d07130adb252f775713c13ae64","fb38530d29323c5657e6a307b0dfa7ac2ed4dea2","HAS_PARAGRAPH"
"86a3535012a96fbafe4b62b5353481b322c6f6d6","45bb47f5c8bf1aa399d96d5d9cd22abffb2542a3","HAS_PARAGRAPH"
"ca6064373026bfd6791aa974c1b0857791fc50aa","b75fd4fac8bacd510c5c1ee250f4f6eb0cf3f514","HAS_PARAGRAPH"
"ca6064373026bfd6791aa974c1b0857791fc50aa","601ac3f068aa69584fe5313791b7008e7a49ef2d","HAS_PARAGRAPH"
"7027e8cc2c87914d6afc7d4a101bec82f8fb441d","23b374030d66e95919362c0651359185a54af99b","HAS_PARAGRAPH"
"7027e8cc2c87914d6afc7d4a101bec82f8fb441d","9f84a44d958656c64c151da54763a7b14bd83348","HAS_PARAGRAPH"
"7027e8cc2c87914d6afc7d4a101bec82f8fb441d","84448577f43763b399f405a7bdcf243b50ad4d2a","HAS_PARAGRAPH"
"7027e8cc2c87914d6afc7d4a101bec82f8fb441d","bac059a3fa9ef2725fa4023ac7a82a668e1b761d","HAS_PARAGRAPH"
"7027e8cc2c87914d6afc7d4a101bec82f8fb441d","aa2f631a0dbab4b4a4e2c78ce391ef73dd9abecc","HAS_PARAGRAPH"
"50caa72faf3449c0ec14abafccb3db45f5d7b99b","4b1b11c1158266f2fc933490798e36655ce19d6b","HAS_PARAGRAPH"
"df7ce7275f73d37b3b6730bef188605775b95a7f","8f0166d6e499152c6cb4ece31052aaa7ef92f06c","HAS_PARAGRAPH"
"0938ccdeea3e26830b06a54d61b77e738282d13a","8542b906d8426fa42f13350c3f74f0fbeda52d25","HAS_PARAGRAPH"
"af9cca0321d42ee5193c80d9c34800ded756ba26","367c4718f30416451a16bfcac566025c0c001978","HAS_PARAGRAPH"
"af9cca0321d42ee5193c80d9c34800ded756ba26","26689914ae9b740e0ca8a4e765268668e7233c1d","HAS_PARAGRAPH"
"36cb63d9c119b17a52fcaa2230647b45f2710fa1","70fa2475e9df64525d25931735f479da72f16ae4","HAS_PARAGRAPH"
"6458dab5d8823d509f04fb5858ebd7da9d49cbab","981f2023db3e3d6443fcf82594bb2414e671e6d5","HAS_PARAGRAPH"
"cc9869a6196352996def43e39505a65731f071af","14de43f15d4f9222d72875b2436b2c6d695264c9","HAS_PARAGRAPH"
"cc9869a6196352996def43e39505a65731f071af","6d48376420164be36977aa13007040fee4489197","HAS_PARAGRAPH"
"19ade660267989a2c25af06ec1b2dec37ed9ed1b","c39a7bd69fb4ce248edceb04f06dbfe0ef8c5426","HAS_PARAGRAPH"
"19ade660267989a2c25af06ec1b2dec37ed9ed1b","08852f795b10ef2bd7f8bd51c60b21861f255544","HAS_PARAGRAPH"
"19ade660267989a2c25af06ec1b2dec37ed9ed1b","5299277b6d0c55b178001ca003a575bd90e1c8e9","HAS_PARAGRAPH"
"4daf6959f9d03731205530ed9c428f1901d5792d","c415d0b2af50df99b8662b2ac7986a88ef6750af","HAS_PARAGRAPH"
"4cc0df7f980be54e66479791d35af0e233c8d6cc","773c1810b31542769cb95211cb02e10a7dacf7f9","HAS_PARAGRAPH"
"374f03a48529d8ca8df0b16b8142d308ae46a012","8f9e2caeef6fee4832d7daeb28cb92b56ced98f6","HAS_PARAGRAPH"
"f5f01d80efdadb581bd0c56c7a0258e037417f1a","c5cf4e868b3f095d66c035176fee4aeb9fd00916","HAS_PARAGRAPH"
"f5f01d80efdadb581bd0c56c7a0258e037417f1a","3e1dc2ee97b0b2f80d161c7eb34fda25aaaaa14b","HAS_PARAGRAPH"
"73bab4c00266b30bb923a16ee16b862f509af56b","89acff204477dda0c779067ead70ab8921de6ea5","HAS_PARAGRAPH"
"de4dcf41cdfafbf10b361ec2ca3148c21404aee3","7d794df5a8a9bf75bf838d7aa8e04c608549f844","HAS_PARAGRAPH"
"59f4e3b617c571cfdbdeeb5ae964233fd16ef395","7f405d6898fc31e74b190817f464bdc1bc22816a","HAS_PARAGRAPH"
"af4c1d86007d97d0043ce904bdefda8dd1fdfc41","95ad878c920c6f302ba66c954a681474960d498a","HAS_PARAGRAPH"
"af4c1d86007d97d0043ce904bdefda8dd1fdfc41","ede8a998a36ae0e23ba9f637641a2f0ac3174622","HAS_PARAGRAPH"
"af4c1d86007d97d0043ce904bdefda8dd1fdfc41","a5d13323bfb77d688f9e1485ccc6ec615cb03429","HAS_PARAGRAPH"
"4db3891aae766a459436a76489904d1a2fec4a32","ba3e9807a4de402bde3f3aba2f171b257524d4c4","HAS_PARAGRAPH"
"e077bf05b2461b0ce803a71c4517604ef7c21d9e","5f9a70356965d7c7cda7e47204bdb2c8eb0f32a0","HAS_PARAGRAPH"
"ff6180c6e47c7f4874ba21b083f79862805ea0d6","d7c10d79fa50279b45ce51a65aa46f8561a2450a","HAS_PARAGRAPH"
"ff6180c6e47c7f4874ba21b083f79862805ea0d6","831830496434356d14b899d0210e7e65f51a5803","HAS_PARAGRAPH"
"15c04e4904f522152892f2272d293cfec92bc002","f1f175912541a4764bc0e6721c5d829aa5481277","HAS_PARAGRAPH"
"a3e3adbc32acbd99742f604d04d900adcf47f2ff","35fac55a4df8cc412d8d78512bbc7bf811ec006a","HAS_PARAGRAPH"
"5b96af15dbb4cd416077c587fcb37d76ee8fe1ae","e6b63db399a455a10e5b45a4c5cd411297845a6e","HAS_PARAGRAPH"
"d93b5e735ebc7d9af6c8281bf21a5ab5c6556d3e","fa4ece9e4d6da6867424a4d4fec1ececfd10e9b1","HAS_PARAGRAPH"
"949f97620962c9c77019e6e32fb85be9526c7244","94c8b32e1305c648cfb33cc044ec30f3d47998a7","HAS_PARAGRAPH"
"949f97620962c9c77019e6e32fb85be9526c7244","e98d08ba460d85b42bd84b07feb5442dd4eded6d","HAS_PARAGRAPH"
"949f97620962c9c77019e6e32fb85be9526c7244","1dc6a1bc329a271f40fe53deedd47d745ee5c36a","HAS_PARAGRAPH"
"87869f240e72603c319c373d17ea2113a6daf78f","eab93392955bc306be63d8352bf77ea0c4219263","HAS_PARAGRAPH"
"c36e42bd37643f4db52db46e700b6a3046626e2f","ae978d948ca4c00ed6bd42b5338f98de964664fd","HAS_PARAGRAPH"
"c36e42bd37643f4db52db46e700b6a3046626e2f","95316642437d8fd8dffbca8e3e26f20dc9ea7d95","HAS_PARAGRAPH"
"e27b4e7219c623f732578df408f018c267c8d8ac","0db7fcfbe9b0b4551892e85828e1134a98fe238a","HAS_PARAGRAPH"
"6261be620c3c6f4aea1ca1384bb71ea443f0f434","6164acd380c243674d187f02b4b5747f1d34b012","HAS_PARAGRAPH"
"6261be620c3c6f4aea1ca1384bb71ea443f0f434","6fe74dc6a1c9df5b0b09d072c286ab3a6982df05","HAS_PARAGRAPH"
"0a76b8f9456123076dd55b921a594af76972e353","c56c6de1db92bfabda7bbf25ffdade7ba4044227","HAS_PARAGRAPH"
"0a76b8f9456123076dd55b921a594af76972e353","9c56d0917686ac9107933c28cf8b77f6d56e60d1","HAS_PARAGRAPH"
"737ea18d363f68e303c5d7701e9290ce46581b6e","250ee2da190c31e3356b76ee5ea0546d01731338","HAS_PARAGRAPH"
"39c29d1a8ca55b05210820ea64e3ecb46c3551a0","d1372cc3f1c7826782fe452d62828e6cae929be5","HAS_PARAGRAPH"
"28443dfeb986be845620b69d65acbdd93c073052","17101725436efb354fca5f53303a44a72c99e980","HAS_PARAGRAPH"
"d60b3a24bbc4116523258f3013dfd996dbd3c6bf","d8a04dd6cd846354a28f66ea4b81a27ddfbe3f9f","HAS_PARAGRAPH"
"d60b3a24bbc4116523258f3013dfd996dbd3c6bf","66d8183a60ec468496865f0ba1a3747ea9cbdf1f","HAS_PARAGRAPH"
"5103068fefaf8e607cb1d820267598ffa0524a6b","04c468d88ec7f7b7622292a52a371efd9fcb31d3","HAS_PARAGRAPH"
"5103068fefaf8e607cb1d820267598ffa0524a6b","544f2c4a0ada6b1bef8013086edbfd7c57e2dadd","HAS_PARAGRAPH"
"61ea8ab34cf1172577cd885cf33b6a5694ffb9cc","ca7f60165a8ec29956e95e85ecb2182344c13a5b","HAS_PARAGRAPH"
"61ea8ab34cf1172577cd885cf33b6a5694ffb9cc","f4e8fe05bbc221cb9a159f8bbec5d78b10f821ba","HAS_PARAGRAPH"
"d8ca71278b14c91f2c1c07b8b91a99976cc392a3","49a3e0c67d54e9298adf5da19a7b82ec2981a526","HAS_PARAGRAPH"
"aa9cbcd643910e1c3519bf443764dfe510b7de88","71d2d2097ab0fd17a11cb68f75d077bbf9646670","HAS_PARAGRAPH"
"aa9cbcd643910e1c3519bf443764dfe510b7de88","e2e4e008cd3614e64e48a72758732dc5b46301e5","HAS_PARAGRAPH"
"aa9cbcd643910e1c3519bf443764dfe510b7de88","4d4d1900535819e0343affba46e6207cca1a7531","HAS_PARAGRAPH"
"dda749b458060bc2572c98897363911bcaa052d4","b305f888b719d44781ffb86aa01d830b8556399f","HAS_PARAGRAPH"
"a25e81eb424f87d19352cdcb928f151fdbbe48e6","61407034185e6684c42ecb130291c6c7e81099ab","HAS_PARAGRAPH"
"a25e81eb424f87d19352cdcb928f151fdbbe48e6","f5c54b7b868d70a8029af548034779eb4a2232c6","HAS_PARAGRAPH"
"075dd21be6067b32a1ada58da9c95d56013ade2c","d83a78dfc9cd61ace2b4ddf12190b32226de5a5f","HAS_PARAGRAPH"
"075dd21be6067b32a1ada58da9c95d56013ade2c","72efcd784b71673e0c87a2fb5443c060871f6c84","HAS_PARAGRAPH"
"075dd21be6067b32a1ada58da9c95d56013ade2c","690f2c452bb5475aac77ce0201776aa42dbd18a9","HAS_PARAGRAPH"
"075dd21be6067b32a1ada58da9c95d56013ade2c","72d67cbe7caff2ab4c14e679e052390d823e4ecc","HAS_PARAGRAPH"
"31ec275cb48fa34dba46300f6a83fdd5584c6c46","9b3b5fa94466ecee57c09e8a90e5d5ef5c903d0a","HAS_PARAGRAPH"
"31ec275cb48fa34dba46300f6a83fdd5584c6c46","a0892f54bc948b85e2c4e438295a49aa01c6a9b1","HAS_PARAGRAPH"
"8b64219a4c0388fe9bc7315592a89b8d8ce84404","a40d79223eda38768992d63d96db9a15d8a95558","HAS_PARAGRAPH"
"8b64219a4c0388fe9bc7315592a89b8d8ce84404","4ec6e531e3786afc26c7def100f762c9ed10c1e6","HAS_PARAGRAPH"
"03a60ceff23a9b6606e94bdf89c4a020691f9cff","b6c87a7acfbdb7592144fbe9d8466676fc133a8e","HAS_PARAGRAPH"
"03a60ceff23a9b6606e94bdf89c4a020691f9cff","6ac8a2e745470842afe2fd730330a32d3bf583d3","HAS_PARAGRAPH"
"a15861979c341169c179568131657bedf38c1f5f","c7e225e5d8f3e9714a1bf00a3b982d855057929b","HAS_PARAGRAPH"
"a15861979c341169c179568131657bedf38c1f5f","6d06f716f0ead3e4c7d354aedfb4f4220990a151","HAS_PARAGRAPH"
"a15861979c341169c179568131657bedf38c1f5f","85fdc5b9c447a24d81259b460af0cbeee76cd3ff","HAS_PARAGRAPH"
"a15861979c341169c179568131657bedf38c1f5f","13084ab4b1bf9da42db8e92406bdf82fa369cf42","HAS_PARAGRAPH"
"e7bad8d3d223ce026a4438b8c60adfcbd2e28c15","5b7c7236c36fdff374c4b3448beacb919e60f5ce","HAS_PARAGRAPH"
"e7bad8d3d223ce026a4438b8c60adfcbd2e28c15","d4ade4b888402cc1e618ff6c6b72089aba96fc69","HAS_PARAGRAPH"
"eb5162c56b5c62cd661639a499adad372134e7c0","c88ff3477ef5492d51dc4b62574bbeabcb8a1133","HAS_PARAGRAPH"
"eb5162c56b5c62cd661639a499adad372134e7c0","c77297c6d6f06243c7aeaf89eded10b119cb3226","HAS_PARAGRAPH"
"876a062a640befa086371b95a53855b0e0022fdf","d3616fa4e0c4af48e285638e74588ea06e1af68c","HAS_PARAGRAPH"
"876a062a640befa086371b95a53855b0e0022fdf","bffd805eaaaa92cd73ed867ef18143405cb27a72","HAS_PARAGRAPH"
"3b6360ded919712422f0ff7cba504ea7ac03938e","4f82f41b97c78e1bc228aa5cd013bf02ae0f197f","HAS_PARAGRAPH"
"b8800e468c651beca610e4d23ed408f59b8ae164","8db23deeb0afb58bd6b7f7f1a484ea69f77a8f32","HAS_PARAGRAPH"
"9df8be714e49b525c0ccdd35eeff91c962d1c76f","8e20f234c57bdda82a78dcc6808d2ec68b09c83a","HAS_PARAGRAPH"
"2be8749013040af19d771b7afd7a6dd46bdb1e79","2fe1481d7b49b6b7ecfa34b6f7b1db5b6440a7e7","HAS_PARAGRAPH"
"60568c3bb55fea4ee796f2f509e4afd5a28c4116","fef1d72d6ef47598b2f2904c849da7ff4550b7d4","HAS_PARAGRAPH"
"2f5182d3f3cea29ed7b5ff4b1df5001724126eba","3dd752ed81993a379724141e1969e32470b0e142","HAS_PARAGRAPH"
"151b8525f146a3a004e5a8b4ae5b1ec2a488c15c","01051bf1578fd126c61ccf1640c0d838c9e65b31","HAS_PARAGRAPH"
"ed45d46c164385ae93547caa533775053885ce84","c71c27107ffcada3eb93f258e7b228725dabfc7d","HAS_PARAGRAPH"
"7795251c5b8995dab930855019f1868e170a85dc","52aa17e778d8246c8ed1d97b3f0f58060394a2e3","HAS_PARAGRAPH"
"7795251c5b8995dab930855019f1868e170a85dc","5eef0bc84974ea8938d893c1bf2b271943256e95","HAS_PARAGRAPH"
"7841a708f495d6520f074f39b222f550ecab2eed","26dd85fa5417dc05bf1c2e99d51ea2ffabe02f7a","HAS_PARAGRAPH"
"8badd4d3267a3b60fef192de18a70b94d60ff296","9eda10d2186248b424a46a15c0e2a725506f4f06","HAS_PARAGRAPH"
"ea6367faf2d3163ee669c0884085da564002c9a3","88adab5542929c915c3f2aac6b7eb3f54847161b","HAS_PARAGRAPH"
"ea6367faf2d3163ee669c0884085da564002c9a3","93c4736b3a7f80307632544a5700064428895cc1","HAS_PARAGRAPH"
"db3c969ec21c6fa7c6d8b8958124e22a9420a00b","206409fb4b24fbfcda8d4a29cf3baa64a1f0d21f","HAS_PARAGRAPH"
"d35e098a063103f6bc93b73c9efed30a6cf45cf3","9ba53b56b1b8c735ae2062f0b9f5aeb1998ce91a","HAS_PARAGRAPH"
"64ce3f272283a7d4e70b31e68db8d8dbad4bac9c","6f04baad4161c0802dcc000b7ed1d5abd46ef441","HAS_PARAGRAPH"
"c4c2a0c5cd40bca8d84d331f7ac4bc48fe65bff6","e29ba2df0be059d84ea7abe0dfdd929af0efec8a","HAS_PARAGRAPH"
"d33f9b7408726c3213d139bf2238c01f8c51972f","2b2427e21da444e0b7d1ec203354132e4c261258","HAS_PARAGRAPH"
"7ac7f51222354ca105c9f929db9dea594e1e2814","d89fd3e6c25d46147f694d5ee17bc7688e4e7730","HAS_PARAGRAPH"
"7ac7f51222354ca105c9f929db9dea594e1e2814","483a3788686f2993dfe6ad4612dcee3c3926331b","HAS_PARAGRAPH"
"8bd293ca025ebdbea3f258403d3166a6a1e093f4","775ce9e7bb5a4cc87c8ebc609bf4c11551ce2fe1","HAS_PARAGRAPH"
"bed04807c9067b0ae1b84c7380120b0e5b473141","57f567ec1469e734db9679a2341ad450ab1b023b","HAS_PARAGRAPH"
"9445ce939c5f258713137f662590bc6e9c4e9799","8cdd1f8be9bf8473874233bedf4088261fd04db1","HAS_PARAGRAPH"
"6c70004a80f2233b2b0b002161fde47d4fe44d5e","c51fa0a79c2a613a174fb97b41005eaced0260e8","HAS_PARAGRAPH"
"bdec1fa1310b4be0d01b428a95f2fe7e8b687b95","9c6bcdcaa679cf9831879327ff5dc08bfbf679fc","HAS_PARAGRAPH"
"f7cc9807f614cd5ddaabf81ee1cf3e1ef62bde97","6c717c20da49f485537d19a6d96c4720905d5644","HAS_PARAGRAPH"
"f5be6fc420e0ec62f714531834aaaa995f03b50c","6b13b930c58196111240f8b8ac1c6ac4266b2b48","HAS_PARAGRAPH"
"c6cb2bb3ebf0cc6e58952c17e48d3af4a69bf0f6","d9a3ffe27380e6c2c1898c2e84595ea0f4d7beac","HAS_PARAGRAPH"
"2f060890659df2389b98929f31c7cad04f021bec","2f0d41f0da26100635a5cbb13bf9126cc77135ef","HAS_PARAGRAPH"
"05044974aa3765e8ab8af684a5c7f4efc3ed2e67","6712e9227e5868e8c36448e2a4d0318c6f5e4a8d","HAS_PARAGRAPH"
"0dfb255e7eecff65bd5d7a7818c5931c3a45d291","cc9eb5084d584df819a712035f7b0ff46798930b","HAS_PARAGRAPH"
"f56ca70dd3fdea74de02316c39b2dfd4979fe3fd","8d6ab00ac8184bd0c619f567b3af216cdadc9d1f","HAS_PARAGRAPH"
"7ebc73740a90a9adf598868d46acbeb7771554a3","1063d49aad282a4603c5910d5a1d5ebb4fc518da","HAS_PARAGRAPH"
"5db5f9b2eff5f5a7de79cb44d56d8a3508ec0f5f","e6a7f37b7cc0061bcb67e9b1a2ea39b911959247","HAS_PARAGRAPH"
"386b5074b4b1b14c8eddfb25e322e8395de8abce","4d35de31a4ef985a1df27acbca4abc10e815c521","HAS_PARAGRAPH"
"78ef9d2b8c3743175e03f6d73fa02e59b8ad65c2","f9a1ccdf04b0c192985dde8d9bd7923f8604bcbd","HAS_PARAGRAPH"
"78ef9d2b8c3743175e03f6d73fa02e59b8ad65c2","214c204be18f4163ac42f8e9ce411d49ea06caef","HAS_PARAGRAPH"
"6ce4bea9b93bf7df6865cd12393b24a4ed31b30b","35d1aa7fdfc0b0b322f04c4e6938046549b1f167","HAS_PARAGRAPH"
"6ce4bea9b93bf7df6865cd12393b24a4ed31b30b","0d4bef354c8fabf69676c539bd4b53239fad1873","HAS_PARAGRAPH"
"175ec2688e414e0c66330c84f31ff74d8ea0c76f","718270abca1bcd262a520186df9608a3672abf00","HAS_PARAGRAPH"
"2039db1582fb1d1f1ecf4619ef656728f814e4f4","145e0be74f0ea9810750d19fdf190fee6c94c4f1","HAS_PARAGRAPH"
"ffd675a5137e06fc3993abd87f2ff98ee8b841f4","8a8388bdda8386af745e9bda27947423dc0e0b74","HAS_PARAGRAPH"
"ffd675a5137e06fc3993abd87f2ff98ee8b841f4","894722636d6127e83bb553576a5ea91460de02d3","HAS_PARAGRAPH"
"26fce5403a50609b3e9a88fa297b003c7126c003","769fdd40513cc9744b0b26cf1ec9f4f37ab4413e","HAS_PARAGRAPH"
"26fce5403a50609b3e9a88fa297b003c7126c003","45f62b9244f4c19512fe18c5caebad22c15488d1","HAS_PARAGRAPH"
"1bfd665cbe23e1f36cc2abe950fdf1ee08bdeb1e","a6c2c4deddbf0abe79f44e6572e714cae8b3b633","HAS_PARAGRAPH"
"65a47dcbd4ae17ba779d8ccf6685c15441df8036","48234891ad769f673e3002904c5669c41feb9c56","HAS_PARAGRAPH"
"c6104649d582254fc82acff29637e7d6bb41be92","0ce2db580961586fd596d4948857364e2405d2d7","HAS_PARAGRAPH"
"c6104649d582254fc82acff29637e7d6bb41be92","3cfb686c657bf665cc4ac7d89a9c2660e768634b","HAS_PARAGRAPH"
"c6104649d582254fc82acff29637e7d6bb41be92","15210d1388692128bbfb35bf1a7eabb8bef8bb06","HAS_PARAGRAPH"
"046a6b836359e57fba24eace1cf33768eb354ab9","701a61a3d44c09b60bf823e212034e5e6c0fe378","HAS_PARAGRAPH"
"046a6b836359e57fba24eace1cf33768eb354ab9","ce009da0f127faed695ab852987294b006f80e4d","HAS_PARAGRAPH"
"046a6b836359e57fba24eace1cf33768eb354ab9","d855d2009abb20272b085c3100a7a9f363b71963","HAS_PARAGRAPH"
"046a6b836359e57fba24eace1cf33768eb354ab9","24d59f6a964a8d3c209e7d32a037016b719d4e05","HAS_PARAGRAPH"
"046a6b836359e57fba24eace1cf33768eb354ab9","d7be136749200225f1bbb2a6a4378670c6df0294","HAS_PARAGRAPH"
"046a6b836359e57fba24eace1cf33768eb354ab9","2625bd4345bb48c25f0ae0f1e0f0b9223c60c6c4","HAS_PARAGRAPH"
"046a6b836359e57fba24eace1cf33768eb354ab9","f637a7f326c677915c9debce8f1074576fcef8f7","HAS_PARAGRAPH"
"046a6b836359e57fba24eace1cf33768eb354ab9","51212f5e98e967fddcdc5fe2d90d73a28a306808","HAS_PARAGRAPH"
"046a6b836359e57fba24eace1cf33768eb354ab9","e2b572d5cb62f78027ddacba63865c6624a11319","HAS_PARAGRAPH"
"046a6b836359e57fba24eace1cf33768eb354ab9","74b51fedc724269546ac92802953628e16e8b35b","HAS_PARAGRAPH"
"046a6b836359e57fba24eace1cf33768eb354ab9","c952e92ce67dfbca693a3be7999eb468b1bf39e9","HAS_PARAGRAPH"
"6a5fa7b6f595c0cfe8899e68bd046b6c5472f829","4ab9ff3ca3a74e1401eb70c257aaeae325733aed","HAS_PARAGRAPH"
"6a5fa7b6f595c0cfe8899e68bd046b6c5472f829","265b4e98c65a3ef38273c33a1fb6b9c28e9fd5e9","HAS_PARAGRAPH"
"6a5fa7b6f595c0cfe8899e68bd046b6c5472f829","1aaf295a9514dff52a0cb161dd00bcd7d8ef88e7","HAS_PARAGRAPH"
"6a5fa7b6f595c0cfe8899e68bd046b6c5472f829","f50279a5b911829fa985914d425d2b97bd4c622b","HAS_PARAGRAPH"
"6a5fa7b6f595c0cfe8899e68bd046b6c5472f829","44b4e2966f84155508bac0994a83ba531302eb51","HAS_PARAGRAPH"
"6a5fa7b6f595c0cfe8899e68bd046b6c5472f829","e553e06c88a81503b025b8d5fa517ca88b4906c7","HAS_PARAGRAPH"
"6a5fa7b6f595c0cfe8899e68bd046b6c5472f829","a1e2591b5cb79831b5ce368451e5bb973fc8a9b5","HAS_PARAGRAPH"
"6a5fa7b6f595c0cfe8899e68bd046b6c5472f829","c859a98f53a1ab4e640ab922b9bb6d88f3dc5f66","HAS_PARAGRAPH"
"6a5fa7b6f595c0cfe8899e68bd046b6c5472f829","a5c41a5fa5aabf67d90c4c0f9e54cc4b98f693d4","HAS_PARAGRAPH"
"6a5fa7b6f595c0cfe8899e68bd046b6c5472f829","c8b70554a6cfca16a9211a876a08ea02ffde2e19","HAS_PARAGRAPH"
"6a5fa7b6f595c0cfe8899e68bd046b6c5472f829","67ced69d92d910c3db6589180b78b75dbf62e5e6","HAS_PARAGRAPH"
"2e509daa70bb3ed5e803282df37d073c5bf554a1","b450e447a98e9b0981181cebbcb28e4790aebe66","HAS_PARAGRAPH"
"2e509daa70bb3ed5e803282df37d073c5bf554a1","07a9e49988a9a2b1c832fc57a009911b6d9d2d23","HAS_PARAGRAPH"
"2e509daa70bb3ed5e803282df37d073c5bf554a1","5b026ddc1f3c10c68efef00f9facdfcad7f8ab22","HAS_PARAGRAPH"
"2e509daa70bb3ed5e803282df37d073c5bf554a1","268cb19bcc26aed28850212128e78f717388ce83","HAS_PARAGRAPH"
"f64afe5bbf98820f2f103bd940ddaec9dd20052d","d509d0cbee02b8e4128e4e869c15a25acfdafd71","HAS_PARAGRAPH"
"f64afe5bbf98820f2f103bd940ddaec9dd20052d","5df6e4063e3ab98e68abf1b3695935d04a8c51fd","HAS_PARAGRAPH"
"3e4cf384e4b7e20b830e55ed7fda69be2beb2039","87796461924d118b40cb5f5c19479e1a504813cf","HAS_PARAGRAPH"
"d0de40ff5477d4b14e6d3398490aa51c7a5a77ab","a84fb89679657c6e13a0e8982eddac3240f6eaba","HAS_PARAGRAPH"
"d0de40ff5477d4b14e6d3398490aa51c7a5a77ab","a3013da8ca4456dcabdb3d61e42d53ea78d7b2e2","HAS_PARAGRAPH"
"019b6a9c72df725e9757b9e435509529e2b7f67d","03f287d28951ad4c63a3f9f96a2cdb57b7a67c8c","HAS_PARAGRAPH"
"019b6a9c72df725e9757b9e435509529e2b7f67d","263e4992a88b684411d760d6c8975c8739ab9ed9","HAS_PARAGRAPH"
"019b6a9c72df725e9757b9e435509529e2b7f67d","147d16479a1638f0f1d43abfaf8305d60d33ba9b","HAS_PARAGRAPH"
"019b6a9c72df725e9757b9e435509529e2b7f67d","2f881c20418dfdb5b9ac9a05b6c2668af9ced90d","HAS_PARAGRAPH"
"0df436928ed714d0e2568aaa979b052da77d797e","f731d7c919adc4510ccb184993f146a65972794e","HAS_PARAGRAPH"
"0df436928ed714d0e2568aaa979b052da77d797e","de61b640ccaa950f1707c5b62f9322ba38eba1de","HAS_PARAGRAPH"
"d648ade8b9a61b90bc8fb49e8fc46f6b5e74133c","0f4ba7d27ff3bbd35c26ec23ec013015b04358a2","HAS_PARAGRAPH"
"39c394070e4288e488432e3afad318e1b5f7868f","6dc65c9aad8442695e83686fa699e57e7d3fec33","HAS_PARAGRAPH"
"40504546e68e0b6df12f7271d928de032368ad6b","52a0468454dcc915dfaf4044f7c3a582450e09c8","HAS_PARAGRAPH"
"40504546e68e0b6df12f7271d928de032368ad6b","e4ba09074a82654683a23f2523a4ca4dcb209790","HAS_PARAGRAPH"
"a7c41375451754671cbd39cf8b43347d749813a7","8aa023426517286b116bec9861786ce30bd8054f","HAS_PARAGRAPH"
"d8a914afb18a028409d2f9c2326ea5cf2d1fbeff","914c186cc6ce4dbfe4abf02ab4a527744b4ef49c","HAS_PARAGRAPH"
"d8a914afb18a028409d2f9c2326ea5cf2d1fbeff","adec3be6e62ba9023bff4c1e0d2f1ca92493828e","HAS_PARAGRAPH"
"d8a914afb18a028409d2f9c2326ea5cf2d1fbeff","7229e08cd74da7b47ca6c7079b3f327dcc36c553","HAS_PARAGRAPH"
"4cb35e1d0522ec34a068d187f7a364770f5eaf71","39d088de982743eabad0ea8becacea6aec9ed87c","HAS_PARAGRAPH"
"4cb35e1d0522ec34a068d187f7a364770f5eaf71","1ddfa0b66b1c8150bc46af01bfc04e5e28ffc370","HAS_PARAGRAPH"
"8b4086bc5fbce57565cf674be2ae1368fbde7315","cf1a53f792e10616b0529759de83663f59dfb97b","HAS_PARAGRAPH"
"1651f3645ac51bbb67fbea81d5902aa33ba9a5dc","6c6da2b0a75b19ce8ccd3831bce12b13d4a6ede6","HAS_PARAGRAPH"
"9278bb554e897093348828bc86ba1256f888d6a1","b86f6adebc099827194e7c2021dd686063853816","HAS_PARAGRAPH"
"59e35f8463e727ba8efec3d9340c3fe9ee6b8c24","f4701769e9e3bf81c3df46f3d3c273c728cf7801","HAS_PARAGRAPH"
"59e35f8463e727ba8efec3d9340c3fe9ee6b8c24","42b857c0b3a0299337e5588508acb6b3918c664d","HAS_PARAGRAPH"
"59e35f8463e727ba8efec3d9340c3fe9ee6b8c24","095fa1f7c61d004142da3cdee0e660d392c4bb02","HAS_PARAGRAPH"
"59e35f8463e727ba8efec3d9340c3fe9ee6b8c24","c3d0979a92352e1407ca413d815679a673d40106","HAS_PARAGRAPH"
"cfb7f339a3d723ae8cffd1aa5cb319252cdf9701","ec32d03c45258d8af0d1feb12cee1f2431f8ee7f","HAS_PARAGRAPH"
"06f77dbea5fb4337c9da37d2f28c1716a784bbf4","67c4eb15c1223ba0fc1f38c6cda2341d6e4b7213","HAS_PARAGRAPH"
"1acb03385733c608f2f51e1105911ddc3fc58ecf","6b9f012cabf98142bc11bfdca2387d66c066224a","HAS_PARAGRAPH"
"69a0d4a6e65ba2a0ab8b82b450bc5b991e3effab","74b0b6d05eb30216d1d7164b26178d3cfe934500","HAS_PARAGRAPH"
"b4627f61564e0201ebdb8e934b7c387e29924ad4","54cdfa586c213714b73f3ba1513df596a00b6748","HAS_PARAGRAPH"
"20616e8ed61ba227c49f8339eb71f03679ce0f80","68d4cf6bd75a7a145213b4bf23a3fcc5158422ba","HAS_PARAGRAPH"
"6c06e913a8f5d70e8f4bbc9688caa5e4f0619497","67cd54a5b20645947830b4ff493d50e69126abbe","HAS_PARAGRAPH"
"ac47e0f4de654ca99d2215bd235f22ba2c5cc58d","b9aff7f372d80a4ac7fc24f12a7ca54f2275e8b4","HAS_PARAGRAPH"
"a88ab37e6f45bf2f9afbb71153fac1f7cf835ba1","95d7acd1cd103b046b844719ac0d6b3b7f1b9670","HAS_PARAGRAPH"
"3a11c1c28193ca1cec8f2af7f2426538c238c127","092a99189c109fec9f090221b835bffce65f7519","HAS_PARAGRAPH"
"a5bc655ff12c66661cd954c9c169c96e78acb36b","cc549c03b290321555eac348b8646c26e7833690","HAS_PARAGRAPH"
"f30b440d75a496100fc06d0559f3274458755e7b","b2a840cfea5287395fada058457f3811a730af8b","HAS_PARAGRAPH"
"cb5d49aa0a82875a65efa65c65c1a83958891b20","66c13727934f8174044060b0f2750aa2fd0b3a48","HAS_PARAGRAPH"
"cb5d49aa0a82875a65efa65c65c1a83958891b20","fe1052e321fcbed14e3b28e80141d99a02cda96f","HAS_PARAGRAPH"
"c0da5c494aa10579b927f56601b1e5356623f2cc","979dcf2b7495da45e3235dae5e1f13aae31c509d","HAS_PARAGRAPH"
"fee0ea32e3eef22a90d9cef945631c851af44e44","ba56806bf0e5589ae97932910d387e2892f453a8","HAS_PARAGRAPH"
"7aef328ce6ccc591522f3c5c74f549bff5b328b6","29d56e0f16e2da78d2a4e86380426103740bc864","HAS_PARAGRAPH"
"57465dca0fe26c851b1c037a223ba785ca5d96b0","95d03c13c4f072adcfe59711da2bbd126e7d1655","HAS_PARAGRAPH"
"72d74c49261bd2dc3370a295efd6ef8a68c80170","144b1cee6250863427c50f0a8381ab6bb4cc2053","HAS_PARAGRAPH"
"72d74c49261bd2dc3370a295efd6ef8a68c80170","7100f179ff4e81bcf68d9fa4bdd4113654d4106d","HAS_PARAGRAPH"
"72d74c49261bd2dc3370a295efd6ef8a68c80170","a4018daf92873905015c399e867faf146237dc69","HAS_PARAGRAPH"
"6b6df8ef9b561946cf3d8de2a2040a2b41cc82c4","4f971ffb1f7579bb5cbda077e1fba2fe33f4b442","HAS_PARAGRAPH"
"6b6df8ef9b561946cf3d8de2a2040a2b41cc82c4","72ddce0890fbb6f23ddc83b6402cd251f1c1584f","HAS_PARAGRAPH"
"6b6df8ef9b561946cf3d8de2a2040a2b41cc82c4","f90b750dd15580b1675b0d55d186a1b502f1ddda","HAS_PARAGRAPH"
"6b6df8ef9b561946cf3d8de2a2040a2b41cc82c4","2ee7f68d73d12285fcdafdfb2dd824e6e36d4878","HAS_PARAGRAPH"
"6b6df8ef9b561946cf3d8de2a2040a2b41cc82c4","f374572a5c5934d0a773e29b2e7668fea6b3cef7","HAS_PARAGRAPH"
"0ddb1082106dffe7bbf1dd69f66e62f2a84780ef","bfbc69bef7cd93fb9c20ff0081ef013e88c7c247","HAS_PARAGRAPH"
"1f9b9af4dc573c00efc7716c2fcbe9ea3d3573b2","2472474d7ab1414ed335e90c6c4e14b66edc16c8","HAS_PARAGRAPH"
"fff7363d5f52c5a5ae1a03e50d97bd4d2eb7d046","0be84a41472699cfe3cee3365cd5bf1709b495ae","HAS_PARAGRAPH"
"eecff5461bf9ec46553a174ba25bd36419d2be69","87e28e2d073ca9cf0565558c5ca9b19ec3c78f8e","HAS_PARAGRAPH"
"87a88ed4e8fdfd6dae0dc22cd8d9fa30692ceea1","3e0b3659618da733f19bd58becafb8798791f41f","HAS_PARAGRAPH"
"988892547d10ebf15783f3c1c162114e2bfb3295","5f6ab026145be6ec935d588021c3d53b2e3bacc3","HAS_PARAGRAPH"
"95a58c9d9f50cc0e2b4c9f2800044d3520e7849f","f0c7b19f92808b873cb2ec62efd99987b841235f","HAS_PARAGRAPH"
"95a58c9d9f50cc0e2b4c9f2800044d3520e7849f","935ac35b097c94d42b19794d27e4dddcd49fe9f7","HAS_PARAGRAPH"
"1d22837a47a52dec7161e1eff9cf92441de931ef","171e7f3cc76f993a2ded6cc0015803c05a6dcea7","HAS_PARAGRAPH"
"1d22837a47a52dec7161e1eff9cf92441de931ef","4c18d9cc6b5272f28661c17dfec3067ae6f77c32","HAS_PARAGRAPH"
"278230c57ec0968d6b371fb61f29a83fd44c1645","4f433f3dfd6c42e32ffa17959d50c304874e0ab4","HAS_PARAGRAPH"
"03657abecf472b1e4c6385be8fa83027dff569e4","b8b90057cedfbf7aed99b116be7a727e5d842c7c","HAS_PARAGRAPH"
"03657abecf472b1e4c6385be8fa83027dff569e4","f9166b5fbf5f715f42247707a7ba746a2d89a649","HAS_PARAGRAPH"
"392466906ced00a3c6e21a6973636b21f7b89123","10d2f42c7bb5ab33297f45309992f9929c76edb4","HAS_PARAGRAPH"
"167569b232b7f7c7f66d70674c145346fec48198","62260802f31e361dfc9edec25d60dc112f05e432","HAS_PARAGRAPH"
"167569b232b7f7c7f66d70674c145346fec48198","e738bd24e01f011041bd507b923b5fe16baed895","HAS_PARAGRAPH"
"167569b232b7f7c7f66d70674c145346fec48198","5a81a40f3ea6780f710eb38fda6293d6b61720db","HAS_PARAGRAPH"
"99fb3717ef79f21928f3685e955c6c4160fbe34e","c203f4570ad71f88e1f409173366a4a96d94f482","HAS_PARAGRAPH"
"42361c6c673782bf3e5ee248a6dce9d15f41e038","4ad16a5272a40cdf30ac057d28dedce9bb697302","HAS_PARAGRAPH"
"60e2282aa2b9e3407908b44f29cb5ddbe9a3f74c","2d08c614f4078a4f61f2b227df21c199559a6f05","HAS_PARAGRAPH"
"22ce6c2443bbc577383fc7b6537329cc017ea2ed","35147a4a4cca71a1d0352df89cdc71baca9e0afd","HAS_PARAGRAPH"
"0963829ddcd4b2c6d5fb7f14b5cedd8fa45ae3aa","16a7273dc41b18d58ebff2ded23547a24747e6fa","HAS_PARAGRAPH"
"0963829ddcd4b2c6d5fb7f14b5cedd8fa45ae3aa","543989c1e11ab053a82b7cae2ae751c5dab71251","HAS_PARAGRAPH"
"258473b415718892f79626aae341b3cc2c50e4d4","c36fb535262a61eaca5b9f83ee76bfcefec9f539","HAS_PARAGRAPH"
"05964632ab9c528707d001735bad3bf2563c74f8","2ec0bd87f3b3e93f1808a0b0c8c57335e0be88ef","HAS_PARAGRAPH"
"ae23ba9ba588754bc03beaed37b2f43b8745b0cb","db188d9c0766354205424ed14dae998888b348f9","HAS_PARAGRAPH"
"ae23ba9ba588754bc03beaed37b2f43b8745b0cb","50a8a38d55896d0fdf9b02265e53d9ee8d92df92","HAS_PARAGRAPH"
"ae23ba9ba588754bc03beaed37b2f43b8745b0cb","3608ff5e449bcd49ee53702c73e53ed84344f6e2","HAS_PARAGRAPH"
"880050b7729c21dd86bb2db230d836dadae08559","4233c8ae0792a0f163f4b72de14f7e0498ba6f85","HAS_PARAGRAPH"
"499b9b4e2dcf1841e7c4c45f366a00d08df76071","d958234882b932e88319938b216e023d31710b17","HAS_PARAGRAPH"
"499b9b4e2dcf1841e7c4c45f366a00d08df76071","87e559298ad457e7c6efde889aea8fb99c9d7ea9","HAS_PARAGRAPH"
"e3542d0b69aad1f0032fbcae3fc978bf4e38852e","1b22122e8154226e93cbdb629c8e6bf22b35f602","HAS_PARAGRAPH"
"5451de361595318e8dd7659a17673c72606353db","97ab3ccca9dcedde8064cc11f56b1bf2d8132a63","HAS_PARAGRAPH"
"5451de361595318e8dd7659a17673c72606353db","1bd0014b1d4c179c6f0575d7dca20f7721889328","HAS_PARAGRAPH"
"5451de361595318e8dd7659a17673c72606353db","cb74934dfc66a35650423fe7ba6cd3bae1106318","HAS_PARAGRAPH"
"ecca31cd804eb34d2b073646b97d71675b0a687d","83f544134cc5df4fa5b7c474bd71f448eaadccfb","HAS_PARAGRAPH"
"651e8ab451b10c0815ce0193ea03cca46f397bd8","02fb42d0daa291fbd85ef9b401df629b29763d02","HAS_PARAGRAPH"
"775222d7562c1ad98754a482fbcc92be1787d04b","09f7e224ad7d4657e43fd4fe3177d833d5e10919","HAS_PARAGRAPH"
"997b8ff35e788b3b43f78bd877f661daa81bd5a9","23cbc6b9680c9b4b844c919e2a53c23ba34eb166","HAS_PARAGRAPH"
"c1ddcaf40fc1eedfefc51c4a2c97c90987e29672","8319f61b558ff6c8986f5a4f83bf265d571f9873","HAS_PARAGRAPH"
"9af8351da98f6d97bed763f334ec54dacdc5317d","6a552de4411bd36851fd8add9648218a319455a8","HAS_PARAGRAPH"
"9af8351da98f6d97bed763f334ec54dacdc5317d","845a6f804f9c893d6b7d98659946aa89bc3f6609","HAS_PARAGRAPH"
"26b491591a60c85261fe324e6a3b7b94ec12684e","a53e9869888f2734e68c83963b9c445e249e5c4c","HAS_PARAGRAPH"
"c4e6472c4e1ec6ea137f1990dda2d8a90111d5d7","93723aa78685e7a726994a4f40b9b6b725f7ec91","HAS_PARAGRAPH"
"c4e6472c4e1ec6ea137f1990dda2d8a90111d5d7","01f4e946f8e81f0bed3b4436030283f6d2464ce0","HAS_PARAGRAPH"
"f9af1d8b3f426d3bc72a9ce2d8d58d3342fdd615","5b90054c06b8198ff29828858e569975dadc348d","HAS_PARAGRAPH"
"b4249106a0fb64c69770a3b6c1aeef07bccd477b","67a2d9b2fdf385b8bfc87ac06ec9a42537dbb789","HAS_PARAGRAPH"
"b4249106a0fb64c69770a3b6c1aeef07bccd477b","1a4a49b68f78d61a85b3da3966b3a6a964978bdc","HAS_PARAGRAPH"
"df6a51cc6477d763325f18589f936464f2551a95","2081e1a68aa14e2158db447e466d6df423121ed6","HAS_PARAGRAPH"
"133f7d7511c5ebfaea2b05e927163f8ad6a390cd","d2e0b9b5eded32db8be63e9dae137391caddb360","HAS_PARAGRAPH"
"4388da06c25c9f0909069787d1b0a06841452b0d","a64b3691395b3257b9dd68693ac3ddd6e6cc1512","HAS_PARAGRAPH"
"ee6f06fedf07dc108b5f221b97a6ef2ab0350a75","965fe4c4af51466e9da57ba75b7e5ac52e72d10d","HAS_PARAGRAPH"
"62958ad2ec9e13be86f27a2f38a45456d04eb1e4","26e3a700b742520d42dab03d42c6a13c64fea7cb","HAS_PARAGRAPH"
"e258c7828e2a6b0ddec1ca433fd87f1dc76b3a2d","7a75564fcd412986854828803fd3526d881a5e58","HAS_PARAGRAPH"
"e258c7828e2a6b0ddec1ca433fd87f1dc76b3a2d","88ab21dc536c1934d45aa8a9b526d38007364969","HAS_PARAGRAPH"
"43f03d376ee7a76dc84575f27755dcdb1cb5e6fe","05c9273ab4017664f640e43b140a38cb1e1bf389","HAS_PARAGRAPH"
"43f03d376ee7a76dc84575f27755dcdb1cb5e6fe","8bb3f82dcb391ccbade767218f82ebeb04c69ebf","HAS_PARAGRAPH"
"206676438b514f966d5dd325811adb976b803b22","91d1906f3f2efa94852ed2ec3e0fff3ea54a0df2","HAS_PARAGRAPH"
"c3e35b2f5ddce50f087ccb329593a93701dc9c77","0ae86d2d4ce2c5d038426ba28ec304a143c9ae82","HAS_PARAGRAPH"
"c3e35b2f5ddce50f087ccb329593a93701dc9c77","e34afd2aa7ee5ed083c91ddad59baad380e88b27","HAS_PARAGRAPH"
"d22acf2c129adfb33a668239ec038791b204ace5","968cc6e3895cf8386326e4bf21a8ccb607724edb","HAS_PARAGRAPH"
"7024247e5c1f12b4021b6995d4f379a74c48f05b","00434e3110e9a9a5757c5878d184232e4d99f2e0","HAS_PARAGRAPH"
"c32e2a37fabff47fc3caa50382be9258f06c69ba","14f683ccf8e918522658057908ce2d05495a1d21","HAS_PARAGRAPH"
"c32e2a37fabff47fc3caa50382be9258f06c69ba","cbf2fed42a8ef149c317a2fef8284c21216b1421","HAS_PARAGRAPH"
"c32e2a37fabff47fc3caa50382be9258f06c69ba","7eaa9b586545a45cfc159d40740d1a68fa9f5230","HAS_PARAGRAPH"
"7142e679995b7c2432e42cb3f847f3899875f323","d6a59f46bf5e84c583eec2341ad9a4c43eb06bc0","HAS_PARAGRAPH"
"324e5be2beb63e785110eac457351c83aa912fed","cc564f1644b1cab33af0bf5d502c2ccdece4f87e","HAS_PARAGRAPH"
"324e5be2beb63e785110eac457351c83aa912fed","7dffd24454f01e29852c1c783b6d982c78b9d7c5","HAS_PARAGRAPH"
"f6259b813f5cf9adb499b61b0e3847f2c6d7f028","5798af1795aa2554b859426f96c400c99d0ce238","HAS_PARAGRAPH"
"7e2e342cb3b6493cf0a8ddc85d15fe421a14e56d","c62197b7a3e4d5dc702d55d146362491f83c7c2b","HAS_PARAGRAPH"
"7e2e342cb3b6493cf0a8ddc85d15fe421a14e56d","4b6c923f468fc43573e3c19e7c19905bb0cb30b0","HAS_PARAGRAPH"
"414caf99322e8604a04b2e4705788bab8d69a6a9","a3ce6428794037193dd5cc5f575d42b50489f6a7","HAS_PARAGRAPH"
"414caf99322e8604a04b2e4705788bab8d69a6a9","7a5520768f12493aa597ec69121c86050fd72a73","HAS_PARAGRAPH"
"dba00ed56503ece4d1c56a0d901369dbff1c68ee","0e648b069fca607018dd1a45442077819c46dbca","HAS_PARAGRAPH"
"089ddcbdb36e2e7f8a452a1a44dd5f8e521fecb2","34fa57f58a46d7d19961ca9cc133f07d5779dc50","HAS_PARAGRAPH"
"4b2954509a854577e6e2c31f4120a3faaa12ad88","92383fc1fb7e0d57366c63746a0422faa48abed4","HAS_PARAGRAPH"
"c275c31b2c9b3b4f9e856435ea87ebbb01477344","1de5f21fe97931bc90c5dd17481e3f5de3068cac","HAS_PARAGRAPH"
"5c9c55805dfe183413e53c8aa43f78df3f7eaa57","c3b38f7adba46b6a52a38f1e30ade8829e3f56ba","HAS_PARAGRAPH"
"5c9c55805dfe183413e53c8aa43f78df3f7eaa57","88f0205fcfd4b3963ee3aa1314f8a7fef13e9a9b","HAS_PARAGRAPH"
"f062e86f3f6707135652f022a7d63190f45f3ba7","109d958374bdda080d2517bb26b1dc5b2ebf3b19","HAS_PARAGRAPH"
"f062e86f3f6707135652f022a7d63190f45f3ba7","196137e8166ac5b5bd3b68e160cebe182af8d307","HAS_PARAGRAPH"
"262a3d90ed80132d03bece767e6201d663f8a8ac","0af47472a2d8b66f51704daf0f9d9652add9a924","HAS_PARAGRAPH"
"f9cef067f171ee65888ae2341c59f866b4fed542","7530f0e15bda5056d9cbf3cec5c7879bcea0952d","HAS_PARAGRAPH"
"e7dd4a0d21c3f2bf3b8b43a0deb01629af003f73","e4881859b27af59b28fa60a36156cdf73bccb098","HAS_PARAGRAPH"
"02d4039199da7e77407af07005a7524f74f3fdf2","7b8ec72d756e5f69f8d1e7dd08d732354d1d9a2d","HAS_PARAGRAPH"
"02d4039199da7e77407af07005a7524f74f3fdf2","5994cdcf4aed7a7cb56fe98ec0ae15650e614cd5","HAS_PARAGRAPH"
"53488ea26086910eb8a8e9efe1479e1b3817ced9","30cdf59c063269a1b36675781a9a9566a2945733","HAS_PARAGRAPH"
"4dd30edbbc7b3257c91be6e71875bd393eb7ba1c","9d0991779e20f2bb7cc6afe083cb8ff2dc1945da","HAS_PARAGRAPH"
"4af1b448b63873256bf7ce97044c630f13c62f7a","0fb164dc91de568b0f954a709b681b947b32c4b3","HAS_PARAGRAPH"
"4af1b448b63873256bf7ce97044c630f13c62f7a","5f1e35f3623deab02fa2a9ca2a321688a19782ed","HAS_PARAGRAPH"
"4af1b448b63873256bf7ce97044c630f13c62f7a","0f6ebed14877fd3db9c8581aff79cd58f31d1ff7","HAS_PARAGRAPH"
"4af1b448b63873256bf7ce97044c630f13c62f7a","be157b88acff1513284b5a2741c32b18a624a419","HAS_PARAGRAPH"
"4ddd41aa5a784e02b87069ed837576b1d7d060d2","16d56412d32bb4a25d4fb54f63c8b10d89bcc227","HAS_PARAGRAPH"
"ca4ed1669aa84b90a372b33ed979b24f76712a66","21d8ce9ce4c6e4a56487ae86e169c203a60cae45","HAS_PARAGRAPH"
"055a8f7af57b440fefee1821d2f929f6dc82ecef","012a9fe84cffba673f122914584cad58bae198dc","HAS_PARAGRAPH"
"055a8f7af57b440fefee1821d2f929f6dc82ecef","1dfb4fff520e5e987e2b170f01a34b50e86a3243","HAS_PARAGRAPH"
"2b419c53159dd05b0c86a36bf6ba05cd07d1a33c","0d24637d20f31bd78689d6997b09f776d4fb5b51","HAS_PARAGRAPH"
"1bb63f8326e40ce7d67d4265ade9c552b3cca1e8","4405370870853e28ecb74eff19a1f24b4bb870bf","HAS_PARAGRAPH"
"6c921ee46425b96add8281488b15c3c409cc934a","839f8fcc6608f58ccdb037f78a3ff10fbf1ef80f","HAS_PARAGRAPH"
"6f5fafa15a8ac053e8a1cdfd82ec144b4837d52e","a8a4edbd1794fedeaa3d98d0b4715e274a4db3b7","HAS_PARAGRAPH"
"24c884f21ee6c6202e4a44981f777f1029f21890","1fe7f5c24b8beda8a61bd19163712ecaddec1424","HAS_PARAGRAPH"
"457cb60a4786a34e642a78657ff447a736c710c9","2a2299d4bce654d0e4eec65e9d3cdcc6fb5d1279","HAS_PARAGRAPH"
"457cb60a4786a34e642a78657ff447a736c710c9","caac7e8dddd3c84b47a4e72475df42ea1235e3c0","HAS_PARAGRAPH"
"6d9c490d011df6e0ce9a76f9deead2859286813b","82f446ce0cd163d0abfd450664d260fbab8c1893","HAS_PARAGRAPH"
"63e5d392bc0c0fc0f7ffb6068b456be8de0dad16","c62ebc19d1fb241719d10d0989a8968963d13289","HAS_PARAGRAPH"
"23f60941d11aec84f8f5b0241523d79e8f2d2dbe","3b621efb6d1b78a39ef74edb889ef3558fe53662","HAS_PARAGRAPH"
"3142b1cfc31d820314f84b6c4ef3dab90b42279c","5e182b04cd496c501bbe379bfe086a08221bfd77","HAS_PARAGRAPH"
"9f8846d52dbba673a83056c9d50087e79ac58a74","385cc3b10feb1f6f141a721848aa1d616093de6c","HAS_PARAGRAPH"
"9f8846d52dbba673a83056c9d50087e79ac58a74","710a13eff81b3eebf56d09fef426337a6111fbfa","HAS_PARAGRAPH"
"b050fa88d1ac18b1094182d416e4df2a03f03fe4","0c97c714f51363c4705933d1e22a3b5058cad314","HAS_PARAGRAPH"
"b0fc35d6d12611858b5734aa8aaa3b4508265b92","bae4caf8a641227d44e89b1cb107294b4616fab0","HAS_PARAGRAPH"
"59ddb08bfc74dc92d65b72cd5662249612a4ef62","e0512212731216762c12bd0bd9dbc88182335cd0","HAS_PARAGRAPH"
"db6ea087464cf2d9b4698c85481901ca4e1f6643","d37dda22f773c4ca95f650d64fbe64e5ff512c48","HAS_PARAGRAPH"
"a7f0966ec573cac2fa8bfc8f1f9878e1c255bba9","f63b9a42f8130c8bfd727362da9c0cdc97edeb72","HAS_PARAGRAPH"
"9b77d979c4efddc3524922e4acb7c11ff1096d22","af028bcaad40a55ded34bd52d2d856d5df2490cc","HAS_PARAGRAPH"
"3e1bac85905abf7c2a2e778282f1d93785929eb2","a4bf02b6430ded9522714b9cadbca573ff873428","HAS_PARAGRAPH"
"3e1bac85905abf7c2a2e778282f1d93785929eb2","ca1008a7db77b5bcca4974ec8158272aafcdf6ef","HAS_PARAGRAPH"
"11be44013703c682b39bc9157d1880ff68295bcd","2d05cf19e5523d41baeb05c51eab7e25085c789d","HAS_PARAGRAPH"
"1bfd9ae608e48f87f6303a9b69f0e064e3106e41","e6be202419fe3ced15b83795d013ec71b4e8bffe","HAS_PARAGRAPH"
"34a5d923a6693acc57dee33524a7d7dc63c4b4d2","d581aff5c1da7529c17eeb321101058f5244e52f","HAS_PARAGRAPH"
"64e0ebe2867af3bb169a1b2c8ac5f38e2f613d2b","b63ec3f6743d121562ced2a777cccfb0e0e16c06","HAS_PARAGRAPH"
"667214c8a44a486de07da24702338c869d919c9c","79c7e3492990ffb2938fed952c37b3804f2598c8","HAS_PARAGRAPH"
"3dd248de96f5de1986c07741b3db3da40c9ecab7","dcac52ee25dca6da0bb97cdfb7292fb53e8c3a2e","HAS_PARAGRAPH"
"b92edab8a7de49f1729a7f47692f9ffabec5e0a7","050920ca44a2f518b77c5087cd2703d67150a098","HAS_PARAGRAPH"
"9b44f5e2132f6708801d539cb0bec9d197c1e794","35110545ae3a2b371c15437eea7a60baf676cc56","HAS_PARAGRAPH"
"4dc826b8512854e1a7934c73a385cade5dae18d6","c8218a20107e74f8e3d4d34005cc9dc5b4692796","HAS_PARAGRAPH"
"4dc826b8512854e1a7934c73a385cade5dae18d6","1124ce45f055006f600e41b68d847c8398aff007","HAS_PARAGRAPH"
"4dc826b8512854e1a7934c73a385cade5dae18d6","466d8f4dcb89e564d1bd017572e3416a6b628813","HAS_PARAGRAPH"
"4dc826b8512854e1a7934c73a385cade5dae18d6","581bd1366b4e405b628832cce1da173057a9845a","HAS_PARAGRAPH"
"879a931711f0fb1bb049be06207d2b890c920c75","a3fd5a2339624694c9ae9f31707e630202da5d8b","HAS_PARAGRAPH"
"879a931711f0fb1bb049be06207d2b890c920c75","fb87a2cc6fd5661549fa23d71e578a7f9a98cee0","HAS_PARAGRAPH"
"879a931711f0fb1bb049be06207d2b890c920c75","7f8c9913dd4be4e6e75343409599afbe7a3154e6","HAS_PARAGRAPH"
"3a829b4aca299316410b0d32cf0d38488a3d5b95","d9287fd6dda41e40f43ff006c24994cf22de6909","HAS_PARAGRAPH"
"3a829b4aca299316410b0d32cf0d38488a3d5b95","40286bf76e24861e8b7cb7a52f0d04be00fa1b87","HAS_PARAGRAPH"
"1d0a2621cb9d203d1dd3cefefdab87a276d2f648","68e4028a0c2df88dbe7391f72b48e25debc79956","HAS_PARAGRAPH"
"d6e45371a6716a6fdd79e57dd1722798fa2fed9b","54a93e97194f3654908148df4ce1a26a205f1e0a","HAS_PARAGRAPH"
"803b12b341d8ca4cb7459c7adf4a326e7a490a9f","ef33d98dda135261db939aeaab2baa081ed4833e","HAS_PARAGRAPH"
"8a5ebcfc62b7a83a4dd8f5be0337003268d3ab71","9d6100f727badae0d4972eccd0d027b14a6804a3","HAS_PARAGRAPH"
"8a5ebcfc62b7a83a4dd8f5be0337003268d3ab71","e6f19543fad5cadfd9865fcff64b55bd139d3621","HAS_PARAGRAPH"
"e72171ff1ecb646a9234993403fc700dbfd18b93","c4d753fae0ec2c60eb9913fad3b2e51f5a7fa19a","HAS_PARAGRAPH"
"e72171ff1ecb646a9234993403fc700dbfd18b93","e4ffaaf90893d30561977da0fd2c2dfa5195fd93","HAS_PARAGRAPH"
"f91d8e0b5bb3396b0f93095cb06f1f7acd9aeed6","514793b2c84965113b809a428498ddfe8921ed7b","HAS_PARAGRAPH"
"9bd97017bb39af5cad0fc40dcf50805d857db881","44d0cc3cb0ac8a28cd31d67e0ef654185e813828","HAS_PARAGRAPH"
"9bd97017bb39af5cad0fc40dcf50805d857db881","69640a690879fdccdf773c9a3f783f50abda1717","HAS_PARAGRAPH"
"9bd97017bb39af5cad0fc40dcf50805d857db881","3b96c86685475e6a3e45b5875f49d7d471b66e50","HAS_PARAGRAPH"
"d8fcd096eede27379b74d4f8eef2b11c5c7310f2","73589d0a5a0a5d7da911ea40a254e9621339e20f","HAS_PARAGRAPH"
"905a96e04b14c3d37feb4ad7ab4071c731cd80ad","fd6e6837072f591bc899305a96a1d734b1590fe2","HAS_PARAGRAPH"
"79b1c93f8dfe1c18b4e43fd3db53b88c764f15ad","0eed40e5dd29f938286943cff7fb0c7f3b080d65","HAS_PARAGRAPH"
"ebceba5e3d55e464efc73683550c93001966354d","8d1dcb72bfce2e6f5ff4818896f21489d7afc794","HAS_PARAGRAPH"
"06322a1e1afe15f2b55f6caa8880814b69cb9571","c4416ef071a55f47e3ec823e579b06aecd953a37","HAS_PARAGRAPH"
"5aa72ec7ffa71fc4d2b809a232383dc7200f0168","c5310d735cf087f761a6ddbcb74edcb3c38e7e45","HAS_PARAGRAPH"
"9ece834511187f3dc9f86bb91ac0e30328d4445d","96c46a9b2a7ac5b3c0d3b746dfdb0c088e597171","HAS_PARAGRAPH"
"d68faad725eae0fa99802845825a6c1762fed458","5bdab3eeb43d5d105d662ea12d08e203ea77fc2d","HAS_PARAGRAPH"
"d68faad725eae0fa99802845825a6c1762fed458","51ea65e9b5dea047d616dd6b26254dcae24803be","HAS_PARAGRAPH"
"573665d45940ff83d3de6726eebf7bfced11e311","aaa37c9f565d25452a556680b47566480ea8935f","HAS_PARAGRAPH"
"573665d45940ff83d3de6726eebf7bfced11e311","878d425ca2bacf9a48bc6553d7a785a8cdb4464c","HAS_PARAGRAPH"
"284657bfd8bb951ac5a7096ca9b7f61a2daeb3af","818445a9365c4536ed24c094a90d93e2ef0b0a93","HAS_PARAGRAPH"
"284657bfd8bb951ac5a7096ca9b7f61a2daeb3af","b17b7d20cc74fb48f9e1fa1257512cf89805c757","HAS_PARAGRAPH"
"284657bfd8bb951ac5a7096ca9b7f61a2daeb3af","b1e4c1e1a7ee662905bee0306f976e380a2ee9e8","HAS_PARAGRAPH"
"906179125337167f673cde69b75a410963908e19","e2c9b96a6b891fd30dd877cf0f8578437060c200","HAS_PARAGRAPH"
"906179125337167f673cde69b75a410963908e19","5d9d43526af120e97f907c8e9679e077d9131205","HAS_PARAGRAPH"
"8f42f906fd2c0cfeb3b348cff7c448cac8758450","8095ba144b35c625007f42da5823944516b77e0c","HAS_PARAGRAPH"
"07250d3282c9d2938cbb6895be55aa56e6127ed6","939bdf484ddc75a8bb69c6fdb495852f77abfb86","HAS_PARAGRAPH"
"7597ce2eb347ca4c70245f9a2a637627d0e53838","56af3bcd1849898e7caaab90b6ae1a2a8f9e027d","HAS_PARAGRAPH"
"262d68a2e410dd10bce563f4d0b19bc730e4a30c","01982ee312d70bf11797f56e44d805ac7b3f1f03","HAS_PARAGRAPH"
"262d68a2e410dd10bce563f4d0b19bc730e4a30c","5a92076898e014c37773a55b8f029ad3b96cd029","HAS_PARAGRAPH"
"3c7a66c1040f78d57a4cb37456cc9e8381ea3dcc","23e6b5547e524b0dd7afda1167cf8b34dbf7fff5","HAS_PARAGRAPH"
"7b9e7ffbcd756560c8b4631a12504a347cbfd953","2ad40364e1137abb5df4331e2967f29c59efe966","HAS_PARAGRAPH"
"54a4b493819df26138c505d881231934334d053f","eeab1200dac8d2a2d18c3f9f7955d123cd8f75ad","HAS_PARAGRAPH"
"af042d9ac115a3dc169c64c3d4e5207b2f043342","ad4d36b368d8c63dd3a6cbd9a22efae2d09acf28","HAS_PARAGRAPH"
"4e08454268bbe7b4240017d917519fa0b54ec699","ad530ebd9a2f5d4820ce10231ffb2c3b0fe5a57c","HAS_PARAGRAPH"
"4e08454268bbe7b4240017d917519fa0b54ec699","21faf0f02506e3f9085ad6135ffb0d738a973d82","HAS_PARAGRAPH"
"4e08454268bbe7b4240017d917519fa0b54ec699","361ebc9a672b0baa3b00c0e185e52b74e4007df4","HAS_PARAGRAPH"
"4e08454268bbe7b4240017d917519fa0b54ec699","14ccbf361c7cf11b09da8a9c12a1b0f66f45d47c","HAS_PARAGRAPH"
"3133ca56e6aae08f0660ffc8749bdfbb87e3e52e","0f20982dc6f1d495d8daea214108bd912e9db45e","HAS_PARAGRAPH"
"3133ca56e6aae08f0660ffc8749bdfbb87e3e52e","76c67be1f0f03f61b55b168679e70b0c325d122f","HAS_PARAGRAPH"
"3133ca56e6aae08f0660ffc8749bdfbb87e3e52e","86bac628b1331adc72c4d336c4b3a145a4a5be59","HAS_PARAGRAPH"
"295f4faf9e3bd6c3b5f353fbde7284e0c4ef064a","a7603ec871d93a5e67f87a90031c09e5afe54b6f","HAS_PARAGRAPH"
"2edeadce0fd8411bda71182ce7f751daf676ae80","5568f87cc215e1214bd96af04f2332167ae69b1a","HAS_PARAGRAPH"
"2edeadce0fd8411bda71182ce7f751daf676ae80","9345b7af9f0819dd2270a0f306cc9ca4e203a9f1","HAS_PARAGRAPH"
"fd7a955467d66d3c7e6daca64f0f4fbd93b8e235","cb1d9fc5d7a4c95ecfe90621fd084e046e14a220","HAS_PARAGRAPH"
"e537919751c6ce87f6810d87329c4fcd9bc0ac94","95b5df7ebc4682e5fa0be624313e3b5b12e5d8df","HAS_PARAGRAPH"
"e537919751c6ce87f6810d87329c4fcd9bc0ac94","38cef3dd6f03b42a97f9929195016d1587d169e4","HAS_PARAGRAPH"
"ed320bfbac6c3c25c161a84591b7749d952a41cb","9ad74e2ec732807e96c75462490db09eb33f511f","HAS_PARAGRAPH"
"61212c8f1367af2dd379bc5f6eaa6c76fdc83672","397b9ce27a6c37343795ebaffeba49f2774b5823","HAS_PARAGRAPH"
"4d57a4c393ca835b66f6c3eafcdc2092406d92de","2841cd8e9c4697c9b5667e205782cd41da21e59f","HAS_PARAGRAPH"
"2400f567cf5bd9d9b200a6cf34641fc4e53ee0e6","418affea0cec9d4f0f9e7c8a204f179ecafb313b","HAS_PARAGRAPH"
"bbf12795c2a15493772b54e970daa504edb17926","3082d6acc2970af9a5e936b9f70b623cbbdba80f","HAS_PARAGRAPH"
"a79b47b09b12c047e7a6593c3b53779b828b932e","64ba6f7077a9cb7a0510c4ce837fdd36d813d2ef","HAS_PARAGRAPH"
"a1bda73cb5950b7d5149cd6b10e27a80d7e7f627","e4a1d8d0730dc4a165b23576e41794375261fa70","HAS_PARAGRAPH"
"af1856e33e91de8f71f861604a961c48a0429c8d","e3b0625d1809e41388f987fd6697dd5f0e5bb0e2","HAS_PARAGRAPH"
"0b0c6152eb2fca28d11715a80b6eee4c5670048e","c7469ef8cadc8f879c666bf373e86a51947b2195","HAS_PARAGRAPH"
"0b0c6152eb2fca28d11715a80b6eee4c5670048e","c28165e33f9ae9e40a6ca1f50d4c4490f1d3cb8c","HAS_PARAGRAPH"
"8d619df898c738c6b55bfdc3ee60259fc8084e65","2368a4d5bfc833b0671c18f8a306272e79af27f5","HAS_PARAGRAPH"
"71f874771740eab0eddb25ca1c9e1d80d5dfd652","3bc5bd957ae9b7eb71af72682e1f53cd4937fad6","HAS_PARAGRAPH"
"4b8e4c9ffc3f5974f25da001070b51a3a043b1b8","fbd477938f1f6f6d24c901b8913d356da036ea28","HAS_PARAGRAPH"
"cb96b1579cbec7eb5f46f035c658019cd4345ff5","16a1f35354f02045846677975cf3c1aadc8a41f5","HAS_PARAGRAPH"
"d21967ed8732509856248d5d872981d80d57194a","c8f94936bee4f9c07a553c6b5552cfd9395a0f41","HAS_PARAGRAPH"
"d822a2896ba75fe60d5efe19aa1538684dfceafe","1ed860ae5d41ec5d0b325b0a79656bdb21ea994b","HAS_PARAGRAPH"
"1f96d19d4e541638b2a7d999d3b308137ba25c57","55f6e449c604f7480abc93c0abf4ececd34cb4e9","HAS_PARAGRAPH"
"1f96d19d4e541638b2a7d999d3b308137ba25c57","742fd0aaddc7ee1c16cefd632cc24013b8523a94","HAS_PARAGRAPH"
"1f96d19d4e541638b2a7d999d3b308137ba25c57","9a3eb60837f511060b7be4a7d1e5c3099b9fc3ca","HAS_PARAGRAPH"
"1f96d19d4e541638b2a7d999d3b308137ba25c57","7b5443798455cea58c93694cd3e7a7ad4fe08c06","HAS_PARAGRAPH"
"1f96d19d4e541638b2a7d999d3b308137ba25c57","bd69ec33b481b081dc864a1d562e91ac0eee855d","HAS_PARAGRAPH"
"10c0c4f2b0db55ea2f9954af41151ab0f06a4266","797989845938dd56915fdc5a8c682a98f006e31d","HAS_PARAGRAPH"
"94e9bcc34b64d1a2053f289e611680c763fde617","a9b3e58200040ad9abe255ca04267e905265d206","HAS_PARAGRAPH"
"79b749369bdb92e3e1cd6143211dbd45100da97e","f66c06123e0923a4ecded53a0d44cc41436f62e3","HAS_PARAGRAPH"
"e8c3ab635ded3260382a84a8d5ae70d847ed4fbd","139da525d6637cc185f4d430af7bba5313799a6f","HAS_PARAGRAPH"
"adf4056a8ccc21b3c816115fc47e3c5eaa7802ca","48ed94a551cc6750b7edc07c6dd42f306342328f","HAS_PARAGRAPH"
"bd2badd8e62b9e1884f2e2a27e7d24a93dcb5a9e","e64bd11a70efd08b3a093e595b4b624f86798719","HAS_PARAGRAPH"
"5cc7513a361b82aa6feca3310697d5e9d91d66bc","0f209c9eb9d54ecaeb1cde78b28892f0edf2f897","HAS_PARAGRAPH"
"5cc7513a361b82aa6feca3310697d5e9d91d66bc","891db2ad085d64dec4898df08a37d37335334313","HAS_PARAGRAPH"
"f293ba586dfb5b50036090771dc2fec89c7e1173","a99cafefae22db539e0bc8d48d489fca561851ee","HAS_PARAGRAPH"
"f293ba586dfb5b50036090771dc2fec89c7e1173","345e4608ed8cd63667bcaded69b12f451b82cdcc","HAS_PARAGRAPH"
"c305a470bf56aa5254c7c31fa5f6163e736e0992","fb78c45782956c1c523a6fb720c9a4706d3ceb6a","HAS_PARAGRAPH"
"c305a470bf56aa5254c7c31fa5f6163e736e0992","81b4ff88f7614280d6a86633335daa3c030c1ae2","HAS_PARAGRAPH"
"7c17ea68f1dd3a9a6ec3a6aa131b97f18e8e30bf","8bd55aa477d7deacbb81c0c7a6727bafaf7a4d2c","HAS_PARAGRAPH"
"5c7692d4fbeb09f50c11cd338eede8bcedaa7971","862fb19221509af71288506280d73d0480d77345","HAS_PARAGRAPH"
"ff5659c962c43b6c879769d9bd2b08f165bb7424","70255b63356364307df9a44e46e5778984b5da76","HAS_PARAGRAPH"
"32156fcfa2f5118af1851cfc919abfeac3c6fcf8","357ae82d806ac1674ffff98959591cc59f648346","HAS_PARAGRAPH"
"96aec1b3405f296a91e61dd0a0ccb372d3472ada","78754b949053b5c05c8e92af7307a12fd1a4e728","HAS_PARAGRAPH"
"96aec1b3405f296a91e61dd0a0ccb372d3472ada","c15f247930a9174385be5e0bb50c6a89dd98bdd7","HAS_PARAGRAPH"
"13dcc90349ced4f886b88cbe737b786656c9a609","89cac29fef7f684fb6b4b5a552b7df9b7a51369f","HAS_PARAGRAPH"
"b10c954e62fa4eaf4472a98053a9e3ebbffab9df","6f1973725e256c29c52a5ed17ed574a597783957","HAS_PARAGRAPH"
"b10c954e62fa4eaf4472a98053a9e3ebbffab9df","bec43f879eb086d87b489ae016fe798165e31333","HAS_PARAGRAPH"
"036c860b8bd7fd2db7037a7260a66cb27c7a4b2a","b2f33b3e8046eb3a333c096e756a4e248540469b","HAS_PARAGRAPH"
"f469d8ee3151f1eeabda9e31e75198b842095770","d748941b74fa7234982456ac7683e73ac05f7a62","HAS_PARAGRAPH"
"f469d8ee3151f1eeabda9e31e75198b842095770","e7281e9bfa8d8399722c68fe58a50699367ecfe5","HAS_PARAGRAPH"
"36405728fd323be96b833f0ebfb50ebad9295756","3e25dda11746ae3b6e8579ced4b1f0fb4b63ab9f","HAS_PARAGRAPH"
"8b94388ac81df4865f720eba7f04c3225374572a","3f5f2cb1d1a1b88d277097ed19453b364fb8d37f","HAS_PARAGRAPH"
"576b9dcf460d7d7fc5e0e3ddda9fbf1cee65e7c3","f4eff6f6f36a194f9acd6ad2d9313376f139e061","HAS_PARAGRAPH"
"576b9dcf460d7d7fc5e0e3ddda9fbf1cee65e7c3","c31e640448f3925452b099c892b000d3b00f11b8","HAS_PARAGRAPH"
"34cbc8ed736e9daabeda8940dfccaf0551b15e89","0e96a6962126a8d2882ac418e525c344c17774d1","HAS_PARAGRAPH"
"56aee0f03e3b393b65fdc48498e3625744f85418","74fd31518953098bc9ce2a213290ae77397a6e91","HAS_PARAGRAPH"
"3f12d1b634fd2264bf3b26e607a898e0feab0278","1edf443f8059444610b2cf4533a6197ff55fde6d","HAS_PARAGRAPH"
"480a6796341a3157ee569670a9ae6e99e60b3b00","8c4fe867a0bc74da30a7de6381067b94e51a8bf0","HAS_PARAGRAPH"
"480a6796341a3157ee569670a9ae6e99e60b3b00","eb091ea8e1fd3c28b2ddee1343461efcaa3a7353","HAS_PARAGRAPH"
"480a6796341a3157ee569670a9ae6e99e60b3b00","6e537ed9f004d0cfeda70b897e164f272e67e2e9","HAS_PARAGRAPH"
"f566e83f00a98d656e6089e0fcf6fad92e990895","40723e949a87862b8a39b0fd6c6a85e279363cca","HAS_PARAGRAPH"
"c7a4425ea6fd77c43fd985f93ebd2da05c5d2108","b850c5a826e3830eedca0b33035e3ada4b3d9ba5","HAS_PARAGRAPH"
"cb8b0597b144fc67a07efdd6600a074261035cb4","382ba1996f6310ee960784bd0b885c151e5b8b13","HAS_PARAGRAPH"
"cb8b0597b144fc67a07efdd6600a074261035cb4","8867d585294f6c2d06ce6be9940e92a3b5085925","HAS_PARAGRAPH"
"44d74bb2e207bbc02dd0c45e5346b9e3b5661b9f","9a2176dd95ee9cca583999141d211f60f9b78f67","HAS_PARAGRAPH"
"ddb2b6cf7c78be2735d6f7f9ff744f6d0b8c565a","4b4297097b53c3761c7ea69dbad814e67549d0fe","HAS_PARAGRAPH"
"ddb2b6cf7c78be2735d6f7f9ff744f6d0b8c565a","2bebeb76d04592d8b45f314035d41e79909ab3a8","HAS_PARAGRAPH"
"ddb2b6cf7c78be2735d6f7f9ff744f6d0b8c565a","e236a3bf28238aa1d6be9ec955c93abc88d99840","HAS_PARAGRAPH"
"12957553e23854a7020bf31d420bee041d8c1ac2","96192df2c5a105dab0908d0acb18ba929fa00865","HAS_PARAGRAPH"
"8c07da9e6eb2e81965051bcc4f9d2a0624135fd8","3787af993b71f6e20fbf39994c3f463f64f18eb8","HAS_PARAGRAPH"
"0a8a7d0fefa4cfa90a35b3baa5ac6174374e05b1","74ccc1c093a449e5e197dc7a32e0c4f117d4ae70","HAS_PARAGRAPH"
"5e5e446485ee49630e91c1cdf6a19a8564f38ff8","6987162fa08b52ca13a2da7ea05decda105de5f0","HAS_PARAGRAPH"
"1d422052ef3858e94464753123c4059b11452bd7","4b60f1dff0776a103e9f3ddce8f23037f8f414bc","HAS_PARAGRAPH"
"5e86a24297cd7bf05ea795460316e037ea97845a","656126aa721d716eb05e99519671b6a3aec03be9","HAS_PARAGRAPH"
"b00465269e2c7bc1dd28c1186e5e1b73b1213de4","64a2e7f154b114d4ad4c04ae4dbc987e8a4becd2","HAS_PARAGRAPH"
"7076e07c1c1110b48adb6dc799c319ce21da47fe","2d31d3fc15a13bbe3bda6f510d12168d672cfe15","HAS_PARAGRAPH"
"0d27bb304a87b41559a0af245e256ea744be83db","38a9d13fa9c8600fc464fe5adcade9401dee9e89","HAS_PARAGRAPH"
"0d27bb304a87b41559a0af245e256ea744be83db","f608aa8ad89e94fbbea98aa6ef581ca487cb8247","HAS_PARAGRAPH"
"0d27bb304a87b41559a0af245e256ea744be83db","b0cb2525fcb77025489857f0678cf87296589a29","HAS_PARAGRAPH"
"0d27bb304a87b41559a0af245e256ea744be83db","b2a3fa842247c02c5f9218b2af42c06b33c97756","HAS_PARAGRAPH"
"1ce2cd286d3f5063f19561b2325b4c5d9619941b","d0bcad07cfd33918c84d4790caaeff784530d94e","HAS_PARAGRAPH"
"1ce2cd286d3f5063f19561b2325b4c5d9619941b","cc6a6cf8b00d0914baf0ca88bee07970c50c9fba","HAS_PARAGRAPH"
"1ce2cd286d3f5063f19561b2325b4c5d9619941b","8cda1f2fcc5be8f148210063bbd7701d36309dd6","HAS_PARAGRAPH"
"ddffad0067b5819ea72f5d6a51ac09ca1e22817b","1553449e1c9e756894815a0fc7e1660861603db0","HAS_PARAGRAPH"
"ddffad0067b5819ea72f5d6a51ac09ca1e22817b","52a11681d8a1a5a2835a9b0cbc06dc6458000318","HAS_PARAGRAPH"
"ddffad0067b5819ea72f5d6a51ac09ca1e22817b","817bf2a641518a1af6e2080bb46ad83f5f41243a","HAS_PARAGRAPH"
"ddffad0067b5819ea72f5d6a51ac09ca1e22817b","402d4b5f6dec6137d40216cf5b5510d6c49481fc","HAS_PARAGRAPH"
"1d2dcd830dbbd7338aeb0474d8575b4d458826c5","25d573a9962d84a19b9a5f1987ef274e8ebf29b7","HAS_PARAGRAPH"
"1d2dcd830dbbd7338aeb0474d8575b4d458826c5","2371ee3191ad8f34435ce05fa59497225f57110c","HAS_PARAGRAPH"
"1566b8be38f06904b00719e0fcc2d6cb8c22ca6a","94df02545ae6c6ae339b7beeb5d4985a805d532a","HAS_PARAGRAPH"
"1566b8be38f06904b00719e0fcc2d6cb8c22ca6a","0b8954abd8a83e93211dad3fd8b882ff7c708936","HAS_PARAGRAPH"
"1566b8be38f06904b00719e0fcc2d6cb8c22ca6a","8fc0f496064742decd0f0a34c3463563737d9ca5","HAS_PARAGRAPH"
"1566b8be38f06904b00719e0fcc2d6cb8c22ca6a","6bb54ea450598fa9e4486bfbb0caf4e98c45bd74","HAS_PARAGRAPH"
"1566b8be38f06904b00719e0fcc2d6cb8c22ca6a","567080bc37f26d2982dbff845b1179c27f9cd510","HAS_PARAGRAPH"
"c308ad95819b42bbe17e35a97ac354af5cc1f23b","1654b6ffbb02ff7e95ddca58de950a319bbf6068","HAS_PARAGRAPH"
"a84872f6d91cd3b104aa44c93ae20e5b023f8c9f","ca02f6b526c8b299f4ded1f67c60f153ce95a5e6","HAS_PARAGRAPH"
"a84872f6d91cd3b104aa44c93ae20e5b023f8c9f","dbd9918db0cda7bffd4d628ec2bdc41b8855a018","HAS_PARAGRAPH"
"7c6ae9a6585e90aed6460849640564ad466d7bd1","d4d64a0818e2194a639c74b27a6e8c3319c96412","HAS_PARAGRAPH"
"70c6b49b561fb03c19a71cc5daf6abf2e0866685","518f578be9126ba5765a8261ffb9bea087db7b57","HAS_PARAGRAPH"
"70c6b49b561fb03c19a71cc5daf6abf2e0866685","ecbc32e1f0cc63e6d163045288ad3283e5cdc8f2","HAS_PARAGRAPH"
"fa9e81da8b22336f7bbe3bb213dbf6498786589b","eebdbd2416ccb4a4fafc12960f1a42f9a16cbd46","HAS_PARAGRAPH"
"fa9e81da8b22336f7bbe3bb213dbf6498786589b","8880a537ce670cc86da6de1997c6526b0cf2095f","HAS_PARAGRAPH"
"98644bfc6d0d4161e42497a695ea48c1f202ee08","72c4a2b00236193c7a78408f44ee74296f6b7f08","HAS_PARAGRAPH"
"98644bfc6d0d4161e42497a695ea48c1f202ee08","962bb063e1ea39ee0df81f8477bc9f18410ace17","HAS_PARAGRAPH"
"590e00334393976e76009a348a502b44ded7c1a1","64af8c0c0bde3ccc618e5c35eda3485dc19bc8fb","HAS_PARAGRAPH"
"590e00334393976e76009a348a502b44ded7c1a1","423c75ec8e55ee2ac0945864072bd39df2079320","HAS_PARAGRAPH"
"104f222cb1ea4e036fd2686d99378d1d479c18e8","5600cb3f438d59fa47f2be3487d4c372929d4fc1","HAS_PARAGRAPH"
"ce592d6b50518e8e125e3f4cf55f14bf451cfefc","6a092d9ff60d045341b5c675263967e09b19198d","HAS_PARAGRAPH"
"ce592d6b50518e8e125e3f4cf55f14bf451cfefc","c80b34cfcd460c6f5b81b3486b57c7b159d6c5d6","HAS_PARAGRAPH"
"6077c352a77d0ae221ab961d56bc73e4fa4f8fc3","c4fd7e40c3d09fc81d2713543e77e47c4bb4b341","HAS_PARAGRAPH"
"a0d02248875f2799b46d74335d53c1432de9fd30","300dadf4991a6cc06f21728bebe103423e8ba147","HAS_PARAGRAPH"
"dcd91bdcc917efb96af8e0966bcd4cc0c5c1998a","28a73fcc784decfe10508f6ac0425da5c2962898","HAS_PARAGRAPH"
"5a15c8287c5981fa23f449ea43b0dcb89f17ca92","bcb0658bb7cf63d76fb5bbc05081db2d7710c1b7","HAS_PARAGRAPH"
"5a15c8287c5981fa23f449ea43b0dcb89f17ca92","1d98b540d2b2f785b4addbd4b8f6d8b7f1279a79","HAS_PARAGRAPH"
"fde140a2cab2ddf8d6c4723fc90ac1cb70564660","c4ebd5b5f4d02e3ea38f7c1fc78c763b288884dd","HAS_PARAGRAPH"
"66ca5a2f6bfcd03ce827a77e8423274850556c41","06db00bba560196d2e2fd39fc50e5ea4440fffd3","HAS_PARAGRAPH"
"66ca5a2f6bfcd03ce827a77e8423274850556c41","84e6093deca2e5a14fd6ac39aca6378feddff19b","HAS_PARAGRAPH"
"66ca5a2f6bfcd03ce827a77e8423274850556c41","1a8d9f0edea9550dc4596e8f29c692e887bb97d9","HAS_PARAGRAPH"
"93174c4a801b5002c3aae0849c83435e86e05058","6773c925bf02cefc99ee6de28824601ab91e1a09","HAS_PARAGRAPH"
"a7454766b51846daf41ae99458b595e16cdeea0a","fe3f0d472098f61237606c936d6a568694c96db7","HAS_PARAGRAPH"
"a7454766b51846daf41ae99458b595e16cdeea0a","1ec535b1c9e8fd1ed3893ac53fdbc768765af4da","HAS_PARAGRAPH"
"a7454766b51846daf41ae99458b595e16cdeea0a","08b3ff3afe0c7447f40640a7d95abee87c96fefe","HAS_PARAGRAPH"
"baa3d716e6de6a478f5c8cc8ade20a7a39a95053","04aadc0fa35a888042c48d7285a76792f97bb808","HAS_PARAGRAPH"
"baa3d716e6de6a478f5c8cc8ade20a7a39a95053","9e54aa6284ccd0a5d1c4cdf369864499003000b2","HAS_PARAGRAPH"
"baa3d716e6de6a478f5c8cc8ade20a7a39a95053","4d90c282db0dd426d4dde6e3fdc30a85ccffa62a","HAS_PARAGRAPH"
"baa3d716e6de6a478f5c8cc8ade20a7a39a95053","b83a609abc03f3e34eb4e9f840e6c5df6174e39c","HAS_PARAGRAPH"
"835975b9d70e13e59e5b2d7784a643cfab786845","61efa34bc978eecfa0d570a85652a067360c42f9","HAS_PARAGRAPH"
"835975b9d70e13e59e5b2d7784a643cfab786845","b1da35d90cba6c13d65d494cfe726796b3e2c6e0","HAS_PARAGRAPH"
"835975b9d70e13e59e5b2d7784a643cfab786845","dc5018c4a4f7cade7afb2b1ccfb297c6f9468869","HAS_PARAGRAPH"
"290d25e2c8349a9dd724d76a5827cabd01d79ccc","512a739e1fe1e463f2d32b84f20bcd239e7472d1","HAS_PARAGRAPH"
"5d8aaf23d5dcdec59b44dda0aa4babd01fd464e5","f401170e75457d01158edf1fbb2e6ac06018196c","HAS_PARAGRAPH"
"5d8aaf23d5dcdec59b44dda0aa4babd01fd464e5","42a0fefab720f596158b5920bee048289e4f3923","HAS_PARAGRAPH"
"5d8aaf23d5dcdec59b44dda0aa4babd01fd464e5","e994dee438d41dff4cde77fff9dbadce6cae2fd8","HAS_PARAGRAPH"
"68a569dd510e129ca0488dc52efd86f84a62ee55","37b8663e3cee20dc74a22d25ba57618b63ac552a","HAS_PARAGRAPH"
"68a569dd510e129ca0488dc52efd86f84a62ee55","17771c0037af24dbc11fb05b7b624004966dcce0","HAS_PARAGRAPH"
"1e3c9f8ca7828bc4b17787f4c08a744fa176d7ec","bba7ca47b8d74faad52697dfc7f45ba77b547cb6","HAS_PARAGRAPH"
"79a6065a927a3dc4654e7b836b27c8b6b09245e0","71f3b598458ab05e04fb7293dd62ed1fec7bff2f","HAS_PARAGRAPH"
"cfe2dd0f1655def4f7cb2cde361d8b98f5564d22","633163b4b0409bdac68191d1af7117f6661851c9","HAS_PARAGRAPH"
"c26d52050b47dc8267a45feeadaf029c8a6f9dab","796a0e237b2c7174d8766b1190de25350dcdcdc2","HAS_PARAGRAPH"
"36232d85a77470a57730d203b213440eb39fdbb1","2263b10147ef943dc7b6629105e932830a68cd2f","HAS_PARAGRAPH"
"36232d85a77470a57730d203b213440eb39fdbb1","2657e4977cf8ef22b89039db1071554ef6322203","HAS_PARAGRAPH"
"169d88330057cc86e730523eb9999fa09bb16777","af8a73e11796aa2a9d6fb90dab9020c649ae4690","HAS_PARAGRAPH"
"1d6a2504fe50314ac4441bd7a0b457d902d136d4","062db93c7cd0051cc6f3c8160901cdeef6c24363","HAS_PARAGRAPH"
"1d6a2504fe50314ac4441bd7a0b457d902d136d4","cdc57a2bc01a448a68ac9bfabc3a578239d661f3","HAS_PARAGRAPH"
"1d6a2504fe50314ac4441bd7a0b457d902d136d4","78e913e59bfe7370caefdd70bfa936eea2bcdd6e","HAS_PARAGRAPH"
"8da667c43caa528d4655872c677d5e9dfdaee61b","31d77f3fc3c19f5a7b170e1bd27d39f6df31c725","HAS_PARAGRAPH"
"92b4559eacc68629f9a3d3321316be9aa8d68225","2825d3e6de356576c971ebe8a479346420bfe989","HAS_PARAGRAPH"
"070419eee42dc191965179b2c4082610cf48876d","c9ff324f73d7811c3f1955ee21c6ce4897306880","HAS_PARAGRAPH"
"070419eee42dc191965179b2c4082610cf48876d","d820bef20691c1175a4c6c28325d418d4557b5e3","HAS_PARAGRAPH"
"b2d063ae62147925c66addb780cbcad2c2bb0146","aee35df04ce489f1e0da76263febe534a562c97b","HAS_PARAGRAPH"
"8bb8f29e1c0080e52f24e0c862e1ce5ba3147465","b5293208941763eb1948173f0430b0737e20ce05","HAS_PARAGRAPH"
"9bf2adee5766c5dfbab590b61e568780842a5d6c","4d1bb97389f3e16abbc19b4a312f3c4fef2abc0e","HAS_PARAGRAPH"
"7fd74987f66093f098d6b70126d4897bffcad2c5","775143c1336d3ea6837efc78a2a398960433ee97","HAS_PARAGRAPH"
"2a26ac57604085f0b2ae8c4ed23f26712dfdcaf5","e2880ce792f5a8916f937e5c522486c790bd78df","HAS_PARAGRAPH"
"22836eb98baac690e1d86380b20c0fb325f53ff2","643b9cc79c12425857d823e6750859d7fecee086","HAS_PARAGRAPH"
"22836eb98baac690e1d86380b20c0fb325f53ff2","4f450f3ff04dd44216e29bfe333a930656f32048","HAS_PARAGRAPH"
"e7d1f80312410cdb6339bfb6a7c59744e773a2aa","f54c81479df8aaf2f7ae59f5020903f9a19640db","HAS_PARAGRAPH"
"03acc7a6bdbed51626915875779a3e94e6dc6972","7a4f5585bb498d22aa02fa271c201cac8fe150d3","HAS_PARAGRAPH"
"03acc7a6bdbed51626915875779a3e94e6dc6972","5c0498b84415920a502c5f598e62d4f0bcb22d30","HAS_PARAGRAPH"
"03acc7a6bdbed51626915875779a3e94e6dc6972","7ae0eb10957c47db636891b6fe088a37b8dd0977","HAS_PARAGRAPH"
"d0970dcd89c054394afb40fa6a0209db7d35fdfa","aaf16ccd28f13bcfa57921bffc01b88a0239f7c6","HAS_PARAGRAPH"
"0327eff750a5d2954de26b372050636969ee03c2","45c3dd34e3557728f416c8c4a30d1ae7e0ef23e6","HAS_PARAGRAPH"
"c86abd4fd9fe22c6b0e38e2c66474cdea6b4f21b","47a70fd677696a1d0b9872265d8651a1b9218901","HAS_PARAGRAPH"
"c86abd4fd9fe22c6b0e38e2c66474cdea6b4f21b","68dfa1c0a1931d025589162d291a16950bfdd987","HAS_PARAGRAPH"
"8edba9bd45141d8a9437c706d3cd38aeef65b0cd","f6e4b71b49f393f5e06c5ee707b7b2fcd772d7ae","HAS_PARAGRAPH"
"753779591038c1008bb8ee717dbdc35685514d3b","d257025acb0c9076999c760a1bec7bf4021d3a3c","HAS_PARAGRAPH"
"753779591038c1008bb8ee717dbdc35685514d3b","33707a929db1c40428513e1897703a6676a1d117","HAS_PARAGRAPH"
"5e1580f75cf3ec695e7fedbafcccbca4d564f6dd","69b19fcdc40cc9c1504f88ed19562b41c6de75f1","HAS_PARAGRAPH"
"5e1580f75cf3ec695e7fedbafcccbca4d564f6dd","142e4e6a16055ed98d912e889310e5518c4c9acc","HAS_PARAGRAPH"
"10702782168d32e816a0208ba82e589286b63135","e11fa010ec480d2d1d6c9f90fb7048668707677b","HAS_PARAGRAPH"
"c9448293a293d6dfaf5bd521a7b76de6ba2c5de1","801fc52cc52aac22cfae1448d9f9b0119120a51a","HAS_PARAGRAPH"
"c9448293a293d6dfaf5bd521a7b76de6ba2c5de1","ca85f29c28c0f5bb94c953d8097681ba873d1382","HAS_PARAGRAPH"
"106656645eb082e657edaac7558255b089f3cf86","0f9abe24fe7776ee7d38b39bd1fafe5a1a3e3e36","HAS_PARAGRAPH"
"106656645eb082e657edaac7558255b089f3cf86","65d94b5e7a5d927a6ddffc1af1236926a5b67ab0","HAS_PARAGRAPH"
"106656645eb082e657edaac7558255b089f3cf86","3dff2ca36ccdab5015d09cf25a0832db20634108","HAS_PARAGRAPH"
"106656645eb082e657edaac7558255b089f3cf86","ec2449b7c81fb206513fc58fc8bfb94fa90844ae","HAS_PARAGRAPH"
"0b4222e84b9815d59ed3fd2a3e8412e58ba3351e","8db070a40400f5956bd07a6b33ae86e4aafa1ae5","HAS_PARAGRAPH"
"587fb7d5fb0bec13c6461a5cbebf44d612e8cd18","0db4ea5d9e1df4772503afaf506c63e13d89de22","HAS_PARAGRAPH"
"e6d56df03e17426b08eb97587d4733216e6793f7","fd838a174ec8751dd114261c199541df76b26df1","HAS_PARAGRAPH"
"15da516550665e65aa7b2268cd3ae191dbb11e6f","185de01b7b97583aa47829a6d9603e68408a4137","HAS_PARAGRAPH"
"cea935f94591d1e7400c36d400970c7ebee1b98f","3a98e3d480920ac393c34e1a5544ee9c6d407f1e","HAS_PARAGRAPH"
"6dbbdfcfb89ae35e3f8fa448e06d89d19945aa3a","49b0ec34582cdfc293acb1b0733593e64628c76e","HAS_PARAGRAPH"
"4534c9543a4cb45f44249e14ce3a2673aa95e79c","c2caf9ea9b5774b6da9abcbbd0f205851ab473c9","HAS_PARAGRAPH"
"deff316bf669266574686e38b43fd31065a3425e","4722f64570e986f18a3ae816e08f2148aae26a43","HAS_PARAGRAPH"
"c5d1615db3a77758ca9fa16eaa2f526221bf5724","16abe7eb4a83acc7cd9d08976b077d6a2838d67c","HAS_PARAGRAPH"
"3d6860d778a6dccdbdae5f7b03936b980009080e","f98aa9f040148d3325cb6a55f9360ba259c10c92","HAS_PARAGRAPH"
"3d6860d778a6dccdbdae5f7b03936b980009080e","866b9cd604065055fbca9b212ad99c1a200f0d32","HAS_PARAGRAPH"
"5383c240c794af32f862eea40bbdde2d60052a1e","c035810a6d85bf5abb23c164c123e7a8135a41af","HAS_PARAGRAPH"
"71c2b32be523902a94fcba3a2fbd100a5a0d2433","f926b7e74baff7909ed4f407b0353cd468254953","HAS_PARAGRAPH"
"788086c168af6338d2ebf49491d7026e6748a9db","2400a4dc7d66716bb7e6077a98946f6edf7792eb","HAS_PARAGRAPH"
"788086c168af6338d2ebf49491d7026e6748a9db","b10874375cded13079cc06a36c28848ec7a6ea63","HAS_PARAGRAPH"
"bd5ec6d822cae098ca6f66dc19632fc1f9c1e56e","4477f300a202b03f252da728206e49a5d876b13e","HAS_PARAGRAPH"
"7fec8330949d34f94960d3e442b98c52359cfac2","8ca24944c15684b186b958f3104747f17f56c486","HAS_PARAGRAPH"
"3b3a2965752f28c218f43ae9ada87081cf95b8ce","3e7ee75c6d5ab3f2cb958b6152f3cd0de493f06a","HAS_PARAGRAPH"
"c7a143293064b4c4ee26589ed45cf2a9ae708a6b","9285b1024fa5a16ad2e1e228b46efc2d605da729","HAS_PARAGRAPH"
"2638723be88fb70fd25d34de5c53ddf49005e3b0","411f7cafb83fb599b3b32d8505f6df4779fd1dee","HAS_PARAGRAPH"
"a357f3fcc014300a4db168a8d9aaa627c461268f","7e15a64994e315b771dad009c4a9257a798b25f9","HAS_PARAGRAPH"
"2c46a0a165b7994b386da85b8900e36cfd432da4","e5c8dfb400c3c253aae6c1325877ce4bde021bcb","HAS_PARAGRAPH"
"36d9656d893737751f1b414107561ed42cb7d1c9","ae80f774d143f3295615fd2a336ef4e0828a0380","HAS_PARAGRAPH"
"626579beb49d5a4cbf5a6a022758b5663a15f88f","5d4e20ef83407478972fb0d59eb0f3d1b4537c3b","HAS_PARAGRAPH"
"7b7db7f76d11112c96798b2c67cb79f90d1e75fa","6cdf29400ae821ae715a41ff7d89cc0fc83ef85b","HAS_PARAGRAPH"
"15d26d72ac1a4dfe623285481dfe4c98cbaa0bf7","6df12508e63baa76580111773d19195c8846f757","HAS_PARAGRAPH"
"15d26d72ac1a4dfe623285481dfe4c98cbaa0bf7","3d25df515af7dd2e5c636ab284225e04789cff60","HAS_PARAGRAPH"
"25ee68ce23dad2013003f84b2757a77b8b66dc89","a788314d1d6cd4be78e96a190daaed9311cf3387","HAS_PARAGRAPH"
"25ee68ce23dad2013003f84b2757a77b8b66dc89","e33a305c06a012ae8fba1691dd90a7254778a1a8","HAS_PARAGRAPH"
"820717716bca66c78be191af6a70375adb875cfb","7b1df867b4147e3f107274f0b04a4b94d74457c7","HAS_PARAGRAPH"
"a3ab81e02f60d197bdcd9b254703d9b200e3d888","24b11951cf6388c4efb914b92dcad5875f593ec7","HAS_PARAGRAPH"
"a3ab81e02f60d197bdcd9b254703d9b200e3d888","e565ffcc0b3a520abaa713b297d109bfde083864","HAS_PARAGRAPH"
"c6ec226a574f4939cba40af947f91f92c1b13ff1","125b117c0d538004a882a7f355dae8f4f200e2d6","HAS_PARAGRAPH"
"ef3c594b9040b34cfbadf66c4eea9e673d2ac331","4b5e520b49d1f36a3647e5171688472e63b4bc9e","HAS_PARAGRAPH"
"deccf0ea892064f53ce775026b995289dc348666","aa6e3530353c1d593c224e5cb320157cda178e01","HAS_PARAGRAPH"
"e1e5ce0784c11513ac0a88d056f8b20dc057a52a","a7953d377120fffb246b9ce56467162b1a43c60a","HAS_PARAGRAPH"
"bfb8c6997d45f90b166f5d449b0baaa605cd4ff0","b39ffbd0cb4764a627668ed78b8a5507c5bbaa8b","HAS_PARAGRAPH"
"c5bf792f0805a5036b43fbe176a9d978b6b1f2f0","6c18864d92a1c1a6855e04b59e358da043ec6d1b","HAS_PARAGRAPH"
"ab2e348df1b4340cb37fb3367bd8fe09c0cd014e","049267d71eba2375b3381e7989c46145c62a08ef","HAS_PARAGRAPH"
"ab2e348df1b4340cb37fb3367bd8fe09c0cd014e","bea20b93ffe8975aa72184f304aa69b367eba6e9","HAS_PARAGRAPH"
"e483e9b2bf1aa1ce2123825492c0ec32acc9edb6","6172e0bdf882498a901767f270091c00d5ce524d","HAS_PARAGRAPH"
"671fec3be248a67c949b2d80b4fc95a86d1fe961","2a14d0185b3fb79699554c362b6b7a68e0a820a5","HAS_PARAGRAPH"
"a47deb2fab90982e2bd378b6a6241c949648299b","8f33976aa9a98bd01720256a615754d3d59955cd","HAS_PARAGRAPH"
"a0e080c274b163681d286a93d4784cf201db192d","f2364f81c16a321aaf2aeb1982a03af05ae8c30c","HAS_PARAGRAPH"
"dab0c14a55aed9cce3a5f61b248dda41d6ba1363","5eb548115dfab55482a57670e2c1cb3dddf85f5d","HAS_PARAGRAPH"
"15ac65497f6bd8b39aea96823b22e3b881e8bc6e","a0f9eaad6cc58d4a813ffdc55232df3652145846","HAS_PARAGRAPH"
"ba1bb34f58d991946e6d21515313a6f736abef5e","4e5b6f88d7195c0b2dc9f9865a441c559352d0b6","HAS_PARAGRAPH"
"9d7a6d4cac14a32d656e7e9aa9abf055b400904e","dfb8c8a1d55fba546d89f22e6d8f96bd7737ba52","HAS_PARAGRAPH"
"9d7a6d4cac14a32d656e7e9aa9abf055b400904e","5b2983e6724e1294a0a5ab82840a1c6a88e8adf9","HAS_PARAGRAPH"
"9d7a6d4cac14a32d656e7e9aa9abf055b400904e","6c9bcc2e0aa6d79271f0747db3c91a64d0ba9c58","HAS_PARAGRAPH"
"becb6046ae8b863722b7c6bedde7573b5ceb0a40","74336b18c53f67518ae12b4bf88523e9dfa7772a","HAS_PARAGRAPH"
"45f7c2e8e0040a504b806419d7efa72fd094f63e","7a34d4ceac304e6a740c33e2d6cc0a9d0728df30","HAS_PARAGRAPH"
"4ad450d3b3373173b5b9f8315cf9bded1909633c","9b95eab1f69a2bba49a0b9e010b2b6bb0cf534b8","HAS_PARAGRAPH"
"a07f1384b0b0ce83a70de0c8a491cf165c751efa","ef7159737bb49d55d6e1635fa0ef9db427698b2b","HAS_PARAGRAPH"
"a07f1384b0b0ce83a70de0c8a491cf165c751efa","d7c19faa5f7a17dce56f444918c2997bf73fd3de","HAS_PARAGRAPH"
"cbb290b778304d888cdecaf229ae5cae3bd5abaf","467f4b07087badfc0dc050c8dc5b41fd9908971a","HAS_PARAGRAPH"
"cbb290b778304d888cdecaf229ae5cae3bd5abaf","98aa1aa8f9d4f1eb5884a7174d9410b1e72e7d5b","HAS_PARAGRAPH"
"cbb290b778304d888cdecaf229ae5cae3bd5abaf","f41defdbba306c41367e8cfa9b46993927142c52","HAS_PARAGRAPH"
"15f514177a40294b6d68b3644c768d2e01e56acf","596d7b97c481ca571b68b80ab5e03d988ee7a0bd","HAS_PARAGRAPH"
"8a837ee3f1a04bbea5515147752d511c8ddec1a4","fd411cf14d57033fc2f10a8e89c780cb44b1e299","HAS_PARAGRAPH"
"cc6e70feae2850f6830b295453a3309d6d2b5572","00873b3e79f83c324cf49f61fd46012100b72c91","HAS_PARAGRAPH"
"5cc68744e4b6f56dd22d9a38f8b7ce25f13f8eda","5f947772aa52f5081fb39463e18616eb90567b15","HAS_PARAGRAPH"
"b3ddee9535692ca5cdfbdadd6da5f7e75607816a","863cb809e73470022c4a78a9c642c68a8ccd1f2a","HAS_PARAGRAPH"
"b3ddee9535692ca5cdfbdadd6da5f7e75607816a","4454ddcb911a680d5d4dc60c70bb96e55bacc683","HAS_PARAGRAPH"
"7c424a83ec971015d9d39ac3cce543d9a7ae7abd","a07b7336be9b27735e69e688f620315c87553972","HAS_PARAGRAPH"
"d88a9ae97a00165f5b7df71cdcb6b1c37b41cf89","a33b07b6551d186ac0d665d4d770ebb5ff35a214","HAS_PARAGRAPH"
"01dbfac84670c6183328c92e8d3e018511d2e4ce","3a71a49fcda69c11396462508fa9aabb7a51ccea","HAS_PARAGRAPH"
"01dbfac84670c6183328c92e8d3e018511d2e4ce","95cb5a6b76484119d8adfb3b3add863ff6ee3235","HAS_PARAGRAPH"
"a896a63f82176d972517f4147b060f9a5310e98f","07a057b80c65f8c7270be91f8aefccc6fd0bd808","HAS_PARAGRAPH"
"a896a63f82176d972517f4147b060f9a5310e98f","ea0c2843d919405bf2175c65264b7a65a0ac79e8","HAS_PARAGRAPH"
"0951303aa37ddd9c0bf2dc9926fd831e83304305","c0aa494016ad376caba79d8dd46a58c6a118452d","HAS_PARAGRAPH"
"0951303aa37ddd9c0bf2dc9926fd831e83304305","8e71eee82a9be1927eaa786fae6f0a86b9deb990","HAS_PARAGRAPH"
"e7f30e45f196223e3567e2f3c5a58b9655fd94bf","4ef96e0c99c8795cf5ea689619b4f7d5db70f416","HAS_PARAGRAPH"
"8568d0981b8e9a4d41e9314499b5fc97f89ba952","d2b0a6df2aebf808343870f743f49455a4cb93b9","HAS_PARAGRAPH"
"8568d0981b8e9a4d41e9314499b5fc97f89ba952","e5a3e044b41adb2c2eb1ac0c0f350d1011fb3586","HAS_PARAGRAPH"
"1f8d090b05be288fad7e25dde0bb4b02995bde37","d86e15db80620d1361bc4b43b0ca829cccb456a2","HAS_PARAGRAPH"
"1f8d090b05be288fad7e25dde0bb4b02995bde37","b5c36c628d6d208ea55497132d75461b9b8a675d","HAS_PARAGRAPH"
"8a115af3166363299238c135e6fc2418758110ff","85ba58311a34d772a547cf201b303d0637baf39f","HAS_PARAGRAPH"
"dbbadc233a6cab319bd10f2f5c95f0b2417fc4ef","8f372e3bae1be9b4e18b0876767aff1fb5b9d909","HAS_PARAGRAPH"
"f93af1f0dd042278a2345fe9d7f5ec48d233c4ed","8d0441220534cdd9b16682cbc2a36081e7b1d078","HAS_PARAGRAPH"
"f93af1f0dd042278a2345fe9d7f5ec48d233c4ed","4404f7f8429416fdd6e6af9fa9eec91ee1f2d9c3","HAS_PARAGRAPH"
"b863d1342913f4cb27a65ac4667210c84f8727eb","550f52932cc2264b08bef3c3b4869f9d62353350","HAS_PARAGRAPH"
"b863d1342913f4cb27a65ac4667210c84f8727eb","e0bb0a9cee716441838cf5819a5bd731497a2a8a","HAS_PARAGRAPH"
"345c3835e81f5468d0ce30b397a46d35ddbc91c5","20da65c2c662907dfc7cb44ee309a7163effd94d","HAS_PARAGRAPH"
"345c3835e81f5468d0ce30b397a46d35ddbc91c5","316804aa5518085a968ad1372091d1470b18bcb9","HAS_PARAGRAPH"
"345c3835e81f5468d0ce30b397a46d35ddbc91c5","20e2ee2fae8837ffdeb406f0590bef6abb8c264b","HAS_PARAGRAPH"
"345c3835e81f5468d0ce30b397a46d35ddbc91c5","386cd03b78c930df3068aa343cce16204f99e1e0","HAS_PARAGRAPH"
"106241122529dcee1770ec5a64228afc4c04fce1","1c052a6f3f82a9d24b24820b7aa43d6ffbb57572","HAS_PARAGRAPH"
"ccf5b47e0db9b18aa0b530ce2b3d8343314ed6ca","2d29ecac16cbbd32887a517e45eb7007845e7ae6","HAS_PARAGRAPH"
"ccf5b47e0db9b18aa0b530ce2b3d8343314ed6ca","f959bb22817dd6c73f14a8fef1c1158b71e0ba8f","HAS_PARAGRAPH"
"1a223de57fb7a09258ab084f9a8625f8e4df66dc","9f3d85315b354bc9d366b33d7543f0549113a95e","HAS_PARAGRAPH"
"6d39f2696fa5b100c5bd7ce7046e21dc186ef293","679abcc4bbc2a51b7b0cf661418b97b6c8464add","HAS_PARAGRAPH"
"3e3edaf0a8a15b8c7fbf6fbedea70b2cc02b6597","6ee8d0b4e10815a681cf5cafd8558ab086118ec5","HAS_PARAGRAPH"
"e3bcaaefd70dbc3f8d61e55d2439d59a8a6effd1","47047e4f80045e4b9b76c303109a88a4112eed1a","HAS_PARAGRAPH"
"e3bcaaefd70dbc3f8d61e55d2439d59a8a6effd1","608a36e97c83129e352faf845864f0f1eaec214d","HAS_PARAGRAPH"
"d1e1d33e9ecb9997461a151b5ef0d6b0a9a2d36e","6cac28232af54149e02e288a4d320bdcccd6fad6","HAS_PARAGRAPH"
"1ef74b827d27d52b29760443eb4bedab768c8959","36d5b96bafc32894a3746b641301bc51d5953c1a","HAS_PARAGRAPH"
"1ef74b827d27d52b29760443eb4bedab768c8959","852f3f55335cd4ac9f3ac6a3b0c0380923579726","HAS_PARAGRAPH"
"1ef74b827d27d52b29760443eb4bedab768c8959","ce90cc0d292ff9cb2dbbcf603abb4658bee69a83","HAS_PARAGRAPH"
"67197887dc770610d7898eeed8d7b1d673ef2bae","fa8c49e5decc249c316a8c02dab399df636ed436","HAS_PARAGRAPH"
"67197887dc770610d7898eeed8d7b1d673ef2bae","1a9500b03710be05020749dfeda6573ec3c2a9a8","HAS_PARAGRAPH"
"67197887dc770610d7898eeed8d7b1d673ef2bae","e1fcb6da19b0573825582b19b489f9ea353c73d3","HAS_PARAGRAPH"
"8e5108c2326b079aea0ca25b4f42d0a19a7eb7f9","e7ca160bfbe6ce352c53cb65646cdd2340ca9145","HAS_PARAGRAPH"
"7b9d719efcda053fa9b7309421c6dc87855a2e02","f979c11c975b5b1d865ac6751aa1b90a673bc8e3","HAS_PARAGRAPH"
"13ff78adb48ea2674eab13d0c5afd17441a6ee8c","f41346d5ff4cbad9bed9ed8c345e89f12e693523","HAS_PARAGRAPH"
"35226fe83b3efaa777a3d6b4d76b6da3dda517bc","d62919bca41d0bb3f11838ec2bd5a864a9b28a65","HAS_PARAGRAPH"
"1100471f239f69eb136adf2e9cd05b8b6b077b7b","2f9f8a40aeb7c10202976578dea37d42604a7742","HAS_PARAGRAPH"
"1bbd87fa648e036cdc644977f52055c95700883b","918b9a04e268aea3540e24b2cfabe60128989898","HAS_PARAGRAPH"
"1bbd87fa648e036cdc644977f52055c95700883b","5cb401fb84201d6b037e4fd7863decc298ceccbb","HAS_PARAGRAPH"
"1bbd87fa648e036cdc644977f52055c95700883b","46a3a1c90e5ad0f2c0e7e49d297f9bbb6ed7cdd0","HAS_PARAGRAPH"
"0453400c687a2f2b922f77ae6e532495b7509be8","572ff75fcdde00977d63fcccaebfb5ae8fd1aa6a","HAS_PARAGRAPH"
"5b59f577b025559d71bcc8c002154d214ea52b9f","572c3f65129140282e30ee68d94afc4bf01dba9c","HAS_PARAGRAPH"
"7733594a8a7ab11b34e8a0c2010f12ab3908ebd8","6365617597cfe6c3e7afdb03ef2d009c8f43be9d","HAS_PARAGRAPH"
"f5d1ecefd39f03cd57bdb38e972f27a7dbe42fba","540275f720450d2edf331a0103d756c3ab934825","HAS_PARAGRAPH"
"f5d1ecefd39f03cd57bdb38e972f27a7dbe42fba","f6f7b3c70bf092f5ea03442f007ceb38661b21b9","HAS_PARAGRAPH"
"9222838c03c4e9ce81b13d56fbfd35b0dbf45a16","9e5fe1d877d293cba7a3a5a7b273544e74abd129","HAS_PARAGRAPH"
"9222838c03c4e9ce81b13d56fbfd35b0dbf45a16","da4ee82df9f737c80df33e98fe248914cc5cc206","HAS_PARAGRAPH"
"9222838c03c4e9ce81b13d56fbfd35b0dbf45a16","f7e31fc377f27186445c84f47f935f8d0aa238f3","HAS_PARAGRAPH"
"528730032f67df20619b6cf640fc9bf835c437a1","d87db096d6ca1d95d80500b2ce632c4ba841973c","HAS_PARAGRAPH"
"f688aa0999f14c216ec2496888e09347055300ee","d93d1e3a33ef04e552e0e5c8120373af0ae6530d","HAS_PARAGRAPH"
"f688aa0999f14c216ec2496888e09347055300ee","118d91859860b4a267374616d9e8cbd165ef45bd","HAS_PARAGRAPH"
"0b63307f95e34e2fcc5f293b20a2b356af7ef808","2a2fa202832083167c89a214b26e03bfee1deb0a","HAS_PARAGRAPH"
"0b63307f95e34e2fcc5f293b20a2b356af7ef808","feacd4da8e2570569630673344fb0b52f5fcf4b7","HAS_PARAGRAPH"
"0b63307f95e34e2fcc5f293b20a2b356af7ef808","71df989c23b9bff5562db7db1fea2f49e03d02b0","HAS_PARAGRAPH"
"881072209c5c56540c39e5762ad36f9302f42ec3","599068f6607a06699bb35f7ca65391a447e036ca","HAS_PARAGRAPH"
"fdfe8de37dbd5d3f9cd2206e01ba4a93124cc370","9e7b0f32cdb244d49f6c514a35d29cf6d29c36e1","HAS_PARAGRAPH"
"17ffa3912452a55b746ceb7fbfd263a1d1e0e06f","da280a40b75815a4f8561a0c84774c43989f20fa","HAS_PARAGRAPH"
"17ffa3912452a55b746ceb7fbfd263a1d1e0e06f","8e6263587c9c4854f85d41de9c4b8eedb870ffab","HAS_PARAGRAPH"
"17ffa3912452a55b746ceb7fbfd263a1d1e0e06f","f0f4409b46cc5439e6578817a8f9d051db88b110","HAS_PARAGRAPH"
"8b036f2860badeb0037001cafe766a4876e70d61","8b863d9d0972881b01bea8b7aec39e002e12fa08","HAS_PARAGRAPH"
"8b036f2860badeb0037001cafe766a4876e70d61","e88376e88ceea0625920fca91d78c102f124075c","HAS_PARAGRAPH"
"7abf6d79e1f0d6f5dfee58145211d22d935e8641","40d8086bc4f9f0d9151e6252ab05f489abeaccc7","HAS_PARAGRAPH"
"7abf6d79e1f0d6f5dfee58145211d22d935e8641","ce13ac0715a733c46c7f3cc62b0a80da00af33bc","HAS_PARAGRAPH"
"2063f7694c08c52d586a891c8af8ccbda361f52d","8289f8590e92f8a6ea4e53d36852728d28a7f8eb","HAS_PARAGRAPH"
"5f1f239f378dd3ebfe78922e10384963ccbce4b7","241e3ec943a8afdf5474493adce0d862ad4becf5","HAS_PARAGRAPH"
"23263b4d359d92efcd9a8b46749046d15cabe647","5f750b6de669e4d4bbda74db8841d51f1679aed9","HAS_PARAGRAPH"
"23263b4d359d92efcd9a8b46749046d15cabe647","ea2fc3321f1e6ee0f3757ec59fb414634dd7de99","HAS_PARAGRAPH"
"23263b4d359d92efcd9a8b46749046d15cabe647","7d2f9a8095dc7fe3f0bec8e31d9294ca430fb78c","HAS_PARAGRAPH"
"250a048b731531b9e868f629d7c427486399552b","0e1a8b54af51df4fc1e1a3251ca1d5b915616b21","HAS_PARAGRAPH"
"250a048b731531b9e868f629d7c427486399552b","ab60293f4db7d1de35e7779c875728dbe9a2bdf1","HAS_PARAGRAPH"
"514d0bba903236a625e9b70ee323fd1185d2d2fc","4a7000d20c50d4308617b9054c6ebf951845d1a6","HAS_PARAGRAPH"
"514d0bba903236a625e9b70ee323fd1185d2d2fc","3b48dfc40ebd05c85e29af559f23bf3a27db38ed","HAS_PARAGRAPH"
"5b3c8aa7efb5d1f342892b30895540de5f30ebe1","7db6d8eeee6845a21da56986d63e6db0b99d1600","HAS_PARAGRAPH"
"5b3c8aa7efb5d1f342892b30895540de5f30ebe1","d0c335593b10c3c970bd2828fd6e8fe597d7e720","HAS_PARAGRAPH"
"93e34c1ebbb63e1d00bc757799c1af3a7ae9ca3f","eeabdbce16e4176f3486aacbcb0b0ae3be3475f0","HAS_PARAGRAPH"
"93e34c1ebbb63e1d00bc757799c1af3a7ae9ca3f","77bb8a44932508b166861e89e2ef6ab0d3fea4d0","HAS_PARAGRAPH"
"93e34c1ebbb63e1d00bc757799c1af3a7ae9ca3f","bed4fc5fc1788a762878fc1b947efd1945031945","HAS_PARAGRAPH"
"93e34c1ebbb63e1d00bc757799c1af3a7ae9ca3f","24cdc74023925893472593e8b31dd5d8cd10ab2b","HAS_PARAGRAPH"
"93e34c1ebbb63e1d00bc757799c1af3a7ae9ca3f","dcbe51ede60412389449048c029eea8ef40e8847","HAS_PARAGRAPH"
"0045fe36a6d1aa2ba084fb140fac8748554a6d58","c9aabef4d8bc3a047405485c525600cc12856b51","HAS_PARAGRAPH"
"0045fe36a6d1aa2ba084fb140fac8748554a6d58","cb5eeec26d5a7f771d8a0f1e7c1f2a3222c06d61","HAS_PARAGRAPH"
"0045fe36a6d1aa2ba084fb140fac8748554a6d58","1788f325c57570097a1aaeccd0ab437bad55e5fc","HAS_PARAGRAPH"
"0045fe36a6d1aa2ba084fb140fac8748554a6d58","1411b0d0fc4027609951b76c4c7c7df0e25d4856","HAS_PARAGRAPH"
"d77baf54bedda7bbb0376aedb7f3b981b1b98898","48262b840e585f931f1396d88f83f63776635ea8","HAS_PARAGRAPH"
"0371620ea0df8081b3bbccf47ad99e28e84f23bc","7fad553c966303ec3ab6ff565498151c94ee539d","HAS_PARAGRAPH"
"0371620ea0df8081b3bbccf47ad99e28e84f23bc","963977b286577ed495f6a7c6b6ff9daf6dc351e2","HAS_PARAGRAPH"
"1cb0adee2cfa323b836c5f0ffc6e76a195ab8547","250a31b84e8c67f14d1f0030731e1193c7e43112","HAS_PARAGRAPH"
"0defa476cd5998264b6531a958ad8ead72368f5d","2872456b89c1f4001b40521a8884d49246b305fd","HAS_PARAGRAPH"
"e259f10f6cf46740d6be16f28caa3ccdba0fc7bc","89286252e7cf0aab2f75665326070206467501c9","HAS_PARAGRAPH"
"e259f10f6cf46740d6be16f28caa3ccdba0fc7bc","f633f802ec89c784a9be6faaa2006b81af659f71","HAS_PARAGRAPH"
"e259f10f6cf46740d6be16f28caa3ccdba0fc7bc","4bf29be947bccf594735a064439d8ba8c0beaa96","HAS_PARAGRAPH"
"099d73af57937de4e219f92827052788fc56b5b6","3a4feefadf0e7c7ba36f9ba666d46829b4ab75ec","HAS_PARAGRAPH"
"099d73af57937de4e219f92827052788fc56b5b6","e6aa3662c91ac26ceacdd0378147f78bdfb1553e","HAS_PARAGRAPH"
"099d73af57937de4e219f92827052788fc56b5b6","1e666b8885ee1921e74f3168e8bfa7c7f2a1a5ec","HAS_PARAGRAPH"
"e1f13251697e7a1ac7c6e26e968de88d872c5303","4d642966d4e4bd0f30be3e9648ed9bcf4182aa82","HAS_PARAGRAPH"
"e1f13251697e7a1ac7c6e26e968de88d872c5303","54cf1c9024991e419ef823cf109c3904b2b426ba","HAS_PARAGRAPH"
"438c5d76159a3d944a54cf7393da2dca9cce70a4","1b0d747b2771fa821bd818f823c818bde86a5a67","HAS_PARAGRAPH"
"8ecff689a5c3eb9b692524b59f82dc1b08d276c2","444d0ab72c8ce1e263f654393a6354f91351154a","HAS_PARAGRAPH"
"1fafc259e940b95f00a135f3f8dc84ea5e1fdb6d","6b39931fc34526d969b321f31516a80ebbc45517","HAS_PARAGRAPH"
"1fafc259e940b95f00a135f3f8dc84ea5e1fdb6d","36b5f6835f3f6d2b7c61852699f03d4b6e337f32","HAS_PARAGRAPH"
"1fafc259e940b95f00a135f3f8dc84ea5e1fdb6d","103a5518621172b1356156820e739d15949e1e16","HAS_PARAGRAPH"
"1fafc259e940b95f00a135f3f8dc84ea5e1fdb6d","dcfd2c93694f0fbcebc2e70e9b47a3960d2c2a1e","HAS_PARAGRAPH"
"75b4de455b460b62640199a6a74d779f19cb8a2e","82fac9de08eac0af39261da37e5ea615c98f8ea4","HAS_PARAGRAPH"
"6842a7d23b66b3f5e3c8514606aeaf0479e5f548","3c90121e5244259268325f93fa3ac0de6771da99","HAS_PARAGRAPH"
"98b3275c6be15f26f068d77547885ea9bd3cf9da","81565d494716bf509de3f12985749f7cb0cc5a01","HAS_PARAGRAPH"
"98b3275c6be15f26f068d77547885ea9bd3cf9da","7210f39a7bafcb71137665dd70deab0f9390eb7f","HAS_PARAGRAPH"
"98b3275c6be15f26f068d77547885ea9bd3cf9da","a1b0f7342b5964e02430cdf7793ba3074bbb0ce6","HAS_PARAGRAPH"
"50b04175da78183e79bcc28284f33efd09015a31","0e6e64d4759ef812eb761a0f0d097f59a6723e5b","HAS_PARAGRAPH"
"4dec633c7ba19db5ed5d152b546c6897384b6b15","fc9e9bce2d20d69672c9dc91cd587ff280c0c23a","HAS_PARAGRAPH"
"e4204632b216d6efd16395ead6271a9b9c3eb890","7586e30d12d1a5114bff9486f4d3dd6d7122910a","HAS_PARAGRAPH"
"7befada5289b69ab89f72f00d807155cecd693e3","817b420fd18fee373d91bc41aa6107fddbaa5021","HAS_PARAGRAPH"
"a117a205c2a61ecb81f504cfd5773d9c5ef0fa55","1a40ce996d5c7abc01c4f1163ee7b19983c69765","HAS_PARAGRAPH"
"a117a205c2a61ecb81f504cfd5773d9c5ef0fa55","87f13adbb14ceda52a461e842430de5029d94ca6","HAS_PARAGRAPH"
"a117a205c2a61ecb81f504cfd5773d9c5ef0fa55","ce788ee9cadfbc964e432b31b91f0190b889f7c4","HAS_PARAGRAPH"
"5044cd1c58cf9176ba5b07434e074538c32e838f","ff19968c0a01586ed449382629167563ffd608c6","HAS_PARAGRAPH"
"5044cd1c58cf9176ba5b07434e074538c32e838f","6ff497306591fb0c536f77d083162847ee15ba5e","HAS_PARAGRAPH"
"c4faed6a45aea5fa25b2bd0c4de06c727ed6c006","cf27b1299de746e9ee7f0330f5d744b16dbb750d","HAS_PARAGRAPH"
"1454022cab281fb2a26fb4336b91aa1b84a28352","53a7c828a5dc8f96957afe7600b6e1b8423bcdfa","HAS_PARAGRAPH"
"99096390405f3f7d59bd86ce8f7e623dfe3b64d5","0115ded936aa20bec183f31daf4c31bc1080e479","HAS_PARAGRAPH"
"f1677a4bfbe32692d6530bd3165da2143023b6e9","0ac4a4ab48948de2ea3d221827297565c6e9c8d7","HAS_PARAGRAPH"
"1ce178fe9cfa96504c93cf17b5befb41265d0a16","0f030e7a75f2e3da3f00f9cd087785426242bb67","HAS_PARAGRAPH"
"f4c5f4f57dfd01f7cd75b7f436d2ebf27191ce7d","6d8720096ca1bd1d9593a94344bb33009c1b8c9a","HAS_PARAGRAPH"
"dc5e6e3ab2407ca8f58965e166b4a8cbfeb8d075","5706ce3aa54deb2a5d65bed2d069262bf85f97b7","HAS_PARAGRAPH"
"b3118b0235f8b4052b1643e6dba17c7ef1a4fd3a","7c41fdbb970953240d80ac7df695a1373c237634","HAS_PARAGRAPH"
"744e5736caa353435fa143677bfe3c7054cd6c5d","a84ef4c7e9b6c1c12a40f65b10a75de9e223a708","HAS_PARAGRAPH"
"5dc635e7b8137db3540562019be87c7019708159","2bfa529f2623b4c504bc3ebfcab2440003d5c126","HAS_PARAGRAPH"
"0aa4c938e2ae5f8c9d37dde664ba9f4cff6f9e8c","903b147e65f05d3e6c017e97c2657219d186d8e4","HAS_PARAGRAPH"
"0671e747221ad17a3839b2c64247e1cc6cee3699","d102b091ebe0f4d8533e5fb4585ce0aff387b38b","HAS_PARAGRAPH"
"035739b34a55f31aaa33408c0c0acc8555b336bc","f44cad301bc81693943c5ef5bce87cf358a753d1","HAS_PARAGRAPH"
"6e564974a930539b7ea20822b97e03cf55de425b","61697a0370d81e6eddbde5d4d0512b86689cfa36","HAS_PARAGRAPH"
"9e3a0b88be317c40b52af561eb6527ef1509bb29","9bbc0662fc407db5e51e22151ba59e55aa5ad491","HAS_PARAGRAPH"
"d7c413361a87eb9f782124ae459672d06a5b5c23","bb3a076878eb65b633cb8af0fadbea03e2a8098d","HAS_PARAGRAPH"
"8c2463611a0c327e873a03134ed25eac5756ac25","5af9e75ee2d192ccda1ae8185ded62662f8d60d3","HAS_PARAGRAPH"
"e37402be0893a2c5265b53bbc47ab6aec8d42c3e","d3494712fd0ead19b126f251dd9269bbd0c6175a","HAS_PARAGRAPH"
"e37402be0893a2c5265b53bbc47ab6aec8d42c3e","daec7804986ad813a475e1b529859f72c722366e","HAS_PARAGRAPH"
"e37402be0893a2c5265b53bbc47ab6aec8d42c3e","9f50089fed7187425776ab51e23df4a64e7c2025","HAS_PARAGRAPH"
"71811c025baae84f5ba210504daedbf9b8f0aeab","a3f6df850a37a8929e192d1054fd9584830ce368","HAS_PARAGRAPH"
"71811c025baae84f5ba210504daedbf9b8f0aeab","496faf0d4c366f7f17e2bac2507b20dd24560f32","HAS_PARAGRAPH"
"f949030d45aa27890a7a0cc037c20f55680601a2","169a812f4f4d55017dafc56e6455f261552d5228","HAS_PARAGRAPH"
"9a880641434c555bd3a47ba7f950c344ee7d5e76","1bf49c21a85bdcb406e49d6c6677b9f2488e588f","HAS_PARAGRAPH"
"9a880641434c555bd3a47ba7f950c344ee7d5e76","65d34113eb0cc3cbb33e1cd67b2edae6119498cb","HAS_PARAGRAPH"
"c50333d621c125805f3092845968b00eb6d1ba2d","4df56a24a8de5d98efdf6647c75e74511a0f5c4a","HAS_PARAGRAPH"
"c50333d621c125805f3092845968b00eb6d1ba2d","ba73b9cd417765156d138c5cec211b1eaca868b2","HAS_PARAGRAPH"
"f8b0270f8aa5f355beec17ea369b87a235a66f52","eb0349643d134298cde5891c64e9117b08e27e09","HAS_PARAGRAPH"
"f8b0270f8aa5f355beec17ea369b87a235a66f52","e51529ee9a5546a6d83e0f17ee3bb798e6e051ca","HAS_PARAGRAPH"
"38ca3389260e8d90a337c67ffa1efe7c387a71ae","0998c556fb8db3b2438cce9f91fca1dcba077996","HAS_PARAGRAPH"
"38ca3389260e8d90a337c67ffa1efe7c387a71ae","61dbdcff5b4a50407981ee8379fc8e98ef587b8d","HAS_PARAGRAPH"
"38ca3389260e8d90a337c67ffa1efe7c387a71ae","1bdb1599d2e20e24f9da5bf40c8034f342ce4f0a","HAS_PARAGRAPH"
"38ca3389260e8d90a337c67ffa1efe7c387a71ae","66d8c87b9db04a794d3163e56b546990065fe358","HAS_PARAGRAPH"
"92a42f1ce35794a00c5fb5ad5aba0c6661ff9b8a","d3a508362f2258f31f4228925ec37846200f397d","HAS_PARAGRAPH"
"64993fcfb937ef03effabb1acfdb5aa2b14dcb54","c4dfa96d3af21346e267890058f7a18aeadaeaad","HAS_PARAGRAPH"
"64993fcfb937ef03effabb1acfdb5aa2b14dcb54","aef50eb76ab99af5f37b21e75b6bae7378b11492","HAS_PARAGRAPH"
"0d4fee177a2e3971387529696c01d6422a8a13a4","ece888867a1d71aa2d7518991871c4ef99581a78","HAS_PARAGRAPH"
"0d4fee177a2e3971387529696c01d6422a8a13a4","9bca667340e4cffe6d3819830edba40e46a56bb3","HAS_PARAGRAPH"
"eea28a3c7b638808960ba853cca9ee0addea5fca","b199c54aba38b47eedb14dfc4cbcb800497ee396","HAS_PARAGRAPH"
"409cc86ebbf27401d02a516fef22dfc26b87e0d3","20c56e5cdfb89e106a3799b9297af6ff93d4ee0d","HAS_PARAGRAPH"
"409cc86ebbf27401d02a516fef22dfc26b87e0d3","486acd9217377d0d7823843925a6885ab7421e69","HAS_PARAGRAPH"
"090154c2d86096f0bf36fea69bdc404a47587cec","7e0137459680b93b2ad6c30d19d50e123a339de8","HAS_PARAGRAPH"
"81cff23f68a69f1dd2acb65821559f25497873bd","3c73616557954ef85c6620f399e98f065ff94bf3","HAS_PARAGRAPH"
"81cff23f68a69f1dd2acb65821559f25497873bd","8d9083dff5b3efa5ddc9fb3a58e2d8a8f9c106ef","HAS_PARAGRAPH"
"6750906d2dcece370ebef7ed2ab6e55ef401051e","69d44e0100becc8e2cdcf41021aa4f7e0ecf9a3d","HAS_PARAGRAPH"
"41cb3cc8000773dc4ee89c1a4945ff233fb1d016","2ea0fa882ab3dc94923db1bc5bc6744873d5bd5a","HAS_PARAGRAPH"
"e50c6dd4a0689c46bd26f0bf5fdd9ab4b3c62d8d","d266420e311e15f880a7104c0fe1622a9b81441e","HAS_PARAGRAPH"
"9ee3dac2c3e2729c8c70b7fc325f2e3cd1e42c2e","5d0f7f0f6aa8bbe1c693031cc4279294707db119","HAS_PARAGRAPH"
"9ee3dac2c3e2729c8c70b7fc325f2e3cd1e42c2e","bfff5094b353f4e71d1cf7861dab280ae401dcc7","HAS_PARAGRAPH"
"9ee3dac2c3e2729c8c70b7fc325f2e3cd1e42c2e","449847586d48089514596ae1f245b7c740815ef3","HAS_PARAGRAPH"
"e716ae34bedf1d615eef5278e635f71436288518","6fb9a5d35ad5c8d4e00ad3ada84fe28225abe69b","HAS_PARAGRAPH"
"e716ae34bedf1d615eef5278e635f71436288518","e4afae202bad62ad22c2dddffbab3003b68677c6","HAS_PARAGRAPH"
"7ab74837467904c2654fbda78dea96ffe1a2eb75","39f8719ab228d384159d8490edc1302447242bc1","HAS_PARAGRAPH"
"7ab74837467904c2654fbda78dea96ffe1a2eb75","f1fae5847e15d28a0512c812c74a820256984349","HAS_PARAGRAPH"
"7ab74837467904c2654fbda78dea96ffe1a2eb75","54c0310183394b44240ed1aba47c5604e80e87c5","HAS_PARAGRAPH"
"956871cf6fd1260b6225e1d2b15c19f58942fc62","e7eaefc2240f39f371df7343fdf2fb01fcd04c22","HAS_PARAGRAPH"
"956871cf6fd1260b6225e1d2b15c19f58942fc62","be3a53f0e9c48572f701c4a7977a732c1a2ec185","HAS_PARAGRAPH"
"dfba4cb5ac8540dbeec12e2bf1e8ab05b33e9a72","aeb64149ef2131580cf2d93d4f7f99884c7ac978","HAS_PARAGRAPH"
"4f94ae4df418e2c0d69a7e588e001fe3006d6be8","78edf154874bc411b5cc32a120123e1e8a5d2bf2","HAS_PARAGRAPH"
"4caa27369c135ea3910ee21b35ade826fbcbb54c","78c1f140ee5088125fb7607002731583e571a0e7","HAS_PARAGRAPH"
"404ce1388142754573510a8a8d1e28a3d6baeba9","8f43a24d6dbb61e45cb679267533ab83bde8b86f","HAS_PARAGRAPH"
"404ce1388142754573510a8a8d1e28a3d6baeba9","77730cfecbb8cc1169721af9b38026a1da6cf04d","HAS_PARAGRAPH"
"404ce1388142754573510a8a8d1e28a3d6baeba9","4c0f6542d1383414ff7e131566018ed348d35fad","HAS_PARAGRAPH"
"5d983c78790e278a3363df786c74a6f21af7a4b1","e26362e3a5a82c81fef7a4ef8e7d95c2a1d45aef","HAS_PARAGRAPH"
"5d983c78790e278a3363df786c74a6f21af7a4b1","ea02ac8d40856d1efe40daecfd793713eac226ba","HAS_PARAGRAPH"
"57075b4a64c8ddfe2afb82fb4f1bdb387b7f7784","382fcf5ad3276fee74bcb0edbe361cd55c03e510","HAS_PARAGRAPH"
"caa1948fc0706abf95100c0c097847306a595fe6","f2681ff0503fc9748178ac46d4baa17d22ace748","HAS_PARAGRAPH"
"0a290cdf12c82af6f05d299bfe50851ff9be0db2","8827c029d7432802436185b33f0abe8d6aef73d6","HAS_PARAGRAPH"
"d7b1754296bb9202406aa68b82c1654fb49df5fa","503aea7d1cdc3a5230dc87c66a465f219404584b","HAS_PARAGRAPH"
"bfe258ef0d60c1158649cdd9e4a6cfaac509efb9","9844690ae099fdd0ef3438a29614baa6d002ddb0","HAS_PARAGRAPH"
"bfe258ef0d60c1158649cdd9e4a6cfaac509efb9","e235c2638dac15075531e438ee936bafcae6be89","HAS_PARAGRAPH"
"bfe258ef0d60c1158649cdd9e4a6cfaac509efb9","c34155cd5efc8295ae4d3b4c53aa53e5957b6fda","HAS_PARAGRAPH"
"27321e6490a33506baf18fb474e781102a9d778c","e6c46a6a80dee8f9899b77362173fdcb0b6283d4","HAS_PARAGRAPH"
"09c9494e30092373912530cf0dbfd3ce11ee60b3","9fb729da68fe13775bf0ccb331fca53812498253","HAS_PARAGRAPH"
"09c9494e30092373912530cf0dbfd3ce11ee60b3","833bbb9e238aa7c0498ca9433132f0bf66512b4e","HAS_PARAGRAPH"
"0eaeec4990fdcb2959d4b72674a0929288d6a8e4","386bc7366d78e091d4b2501e4eb1cecbfd417d37","HAS_PARAGRAPH"
"c6d53be39d7fa19f3e9415c3712ccc7b50a9fcfb","2c62b69062e716b6f1eeeda3bd1ced9f97aec40c","HAS_PARAGRAPH"
"9f1c86ad573bcb54bce3c650ac25c903fe57dfe6","28459b8dc1842bb3faa7a16f793950eb615a9af2","HAS_PARAGRAPH"
"71f85a9a75387e7b77037ac0bf086d84d827665a","e735e26168fdf944f437ca2c3e6102d91696540a","HAS_PARAGRAPH"
"60022b59b331b8567b6e9e8cd9ccae214574b0d2","75b1192d1f8ca07c0072eb13461e7144c578ff3e","HAS_PARAGRAPH"
"e9197c4955dd5f2ba45da4976b50f74a414e6844","6736b18498a6a0393f609ce1da488f01fbf4dbac","HAS_PARAGRAPH"
"e9197c4955dd5f2ba45da4976b50f74a414e6844","a8666207e984bf847b9b7669edd15040c345a17f","HAS_PARAGRAPH"
"1a2f27fc0344ea71ef78f4ee871c4b1136459c44","7faafcd9399a0844b12751a9c1ab4cce5a662156","HAS_PARAGRAPH"
"1a2f27fc0344ea71ef78f4ee871c4b1136459c44","32dff82ada905729700444b74fb02eacbdadfc0a","HAS_PARAGRAPH"
"b1f20aa51d552106b5635bd47b0fb208d261568c","6982e6cc24c164ab2762ba6390991b4de8a463fc","HAS_PARAGRAPH"
"b1f20aa51d552106b5635bd47b0fb208d261568c","0bfb6cbf0716700e04030d3f3ab489390fa4905c","HAS_PARAGRAPH"
"20596af505439c048b74fd28bd4f8b43fb74d878","7a141d284bd8a65610d2de4725f9e6d0851f6dab","HAS_PARAGRAPH"
"20596af505439c048b74fd28bd4f8b43fb74d878","c9c9acb615da80f191dd3a1262d0aa06de3fea33","HAS_PARAGRAPH"
"20596af505439c048b74fd28bd4f8b43fb74d878","de0f9c8c839d802d97c3e9c4c9bdbafed0b9e92a","HAS_PARAGRAPH"
"20596af505439c048b74fd28bd4f8b43fb74d878","0750ea58263b5463dc0766d4ed357d6d10265e90","HAS_PARAGRAPH"
"20596af505439c048b74fd28bd4f8b43fb74d878","99825fe108c208ab8780d0ee1649cfe3a2fca99c","HAS_PARAGRAPH"
"20596af505439c048b74fd28bd4f8b43fb74d878","9d8bcc54f36cc14920a27a48e4a173114f747b13","HAS_PARAGRAPH"
"79c3bc876cd2f95d31b42617e1b1e71db4dd8e9e","9678e77282fe864e9aa2b3e1ef347998c870a8de","HAS_PARAGRAPH"
"79c3bc876cd2f95d31b42617e1b1e71db4dd8e9e","d24497487683e6bf80bfeba02eaef943bd0c88e6","HAS_PARAGRAPH"
"255e49719592db5c0c5c4b99587e01660ba76265","4a006a85b629293e54f1e48246a647ec586a55bb","HAS_PARAGRAPH"
"cc12f3875643bd88b42ccdde8bbf6838d21a0c25","780fbc60d3d269c8c18936341a3bff730a4426fe","HAS_PARAGRAPH"
"cc12f3875643bd88b42ccdde8bbf6838d21a0c25","5753bee66e5ef5a521b7c1cfce6c276b1ad0d7ae","HAS_PARAGRAPH"
"cc12f3875643bd88b42ccdde8bbf6838d21a0c25","c40880ba41e940b7b32327dafba301c5fe7b03c6","HAS_PARAGRAPH"
"28e9fe3b5c799e9d07d99568649c0d0113d9461a","2fb2f300ad4ce969781a1c2c76eab4e7877caffd","HAS_PARAGRAPH"
"1568c6c1ba9d9284b2e481b40c839e339bd51244","029af1890ad6bd52d5b788817d47223aedb8cdbf","HAS_PARAGRAPH"
"91bd2fa8c8ddb5870ac5a6a2e606c4ccbc854af6","f05821558d28d649186921a6b219e02a59febaae","HAS_PARAGRAPH"
"070d64823a521d5a3e2cfec81ed7f5814344a8d2","935d3a53604f9e00bf75564cc238d5bd16a966f9","HAS_PARAGRAPH"
"070d64823a521d5a3e2cfec81ed7f5814344a8d2","0662523362eac0beda382383351d6af8430754d6","HAS_PARAGRAPH"
"9ebd6fcf22c010e7b5770ccf803f299e83a32d5e","c5faed57fb50de2b66bf0b9066cb4d336e619abd","HAS_PARAGRAPH"
"9ebd6fcf22c010e7b5770ccf803f299e83a32d5e","6405eff2889ba9f128dce7161ade1361ae6f5fc9","HAS_PARAGRAPH"
"8738131e5c19cdc611af38916eb33a485f9e0662","c238de06f1eea5f9abe1ab738e1da361d5f9633f","HAS_PARAGRAPH"
"8738131e5c19cdc611af38916eb33a485f9e0662","f7af521c6c91944eb1edbb1a382eae93bd7f7717","HAS_PARAGRAPH"
"0a02754879628958bd4abd1b41aa678ae4a3a598","9570772600c45431d689c4cdb11cb2b09c322f7d","HAS_PARAGRAPH"
"225a09238f6ec59ac9836087e17246ed3a6b7df8","8c9b1efdf470bbfd6cf20c91638a620d400d718f","HAS_PARAGRAPH"
"4e033b2e26a74273c0fde9685eff070e6b566729","747d680726adefb38cd00da3d5c20422280987ff","HAS_PARAGRAPH"
"4e033b2e26a74273c0fde9685eff070e6b566729","e1969862a9132ec0f7bdcfa1d5a10c463bb7f056","HAS_PARAGRAPH"
"bbe6409e391f57a6bffb5ab09999a0b8761e5ec2","bde84ad6878668241b187ee5601c5a951b0e9c2f","HAS_PARAGRAPH"
"bbe6409e391f57a6bffb5ab09999a0b8761e5ec2","dc8dab9bc90b1b7e0f58c3c45cae20e2ba877e01","HAS_PARAGRAPH"
"bbe6409e391f57a6bffb5ab09999a0b8761e5ec2","c904048ae11683ef82ceb2af4b2fcb67b7cf4737","HAS_PARAGRAPH"
"550561e087a51aad27e98776e13c0f3105252d90","80ca24091a0ddf51257d07dfa9dc6e851998c6a3","HAS_PARAGRAPH"
"550561e087a51aad27e98776e13c0f3105252d90","9641beb9e08765108f39bba6df07a13824c4d8aa","HAS_PARAGRAPH"
"2be52579465b1e427b12ac79b4abc526a8644f84","97d0b9908a23e206ff59560413040e7d73471d3e","HAS_PARAGRAPH"
"b357f870f5f1df18133e03d10520fa19e661922c","cd76c0e1b9fd6153e468905b55f429a3f8bbc998","HAS_PARAGRAPH"
"b357f870f5f1df18133e03d10520fa19e661922c","db0fc96cf97624af475c8fde4d8d13b567605631","HAS_PARAGRAPH"
"b357f870f5f1df18133e03d10520fa19e661922c","9399b08f1b5aa64e25d6d45d18cb29fbba78d36d","HAS_PARAGRAPH"
"b357f870f5f1df18133e03d10520fa19e661922c","2eb483a43b8698ef2ca0cbf17c6cdef4a92a474f","HAS_PARAGRAPH"
"03786caf15e1c5c8c2fd8554f1b2224e47390274","bd42531ecc0e24ba2fed6e9e792914bd0b4ad54f","HAS_PARAGRAPH"
"11e7aab44d0691997a47cdfc06d9f2a13d6159d8","125bf08c67d7f44a37f85dbda577ca43e84f7651","HAS_PARAGRAPH"
"d9975a6216c34b597eadc360dd7db3149eb28678","29ee18d2d4bcaa0bad5ba3cd5377d9e421580077","HAS_PARAGRAPH"
"d9975a6216c34b597eadc360dd7db3149eb28678","fdfd239a78ebe4bf669743731671041b2d480fd2","HAS_PARAGRAPH"
"d9975a6216c34b597eadc360dd7db3149eb28678","a6c7721e89af83e91d56d0dd24ebe455b4f0d1be","HAS_PARAGRAPH"
"d9975a6216c34b597eadc360dd7db3149eb28678","d6083f62136bcbd72d9762cb41814f51c0641cfa","HAS_PARAGRAPH"
"d9975a6216c34b597eadc360dd7db3149eb28678","7320addf07f1cd42453fe6a816309e18248c1199","HAS_PARAGRAPH"
"ce3c5ae6959aef2f0fe06a47a6dfc21846ca7425","0921279a6c92ba8a7f711e15c8b20e72bbea6bb3","HAS_PARAGRAPH"
"fc2c29a4e48f6b60e46649eb7e6c238c1b35220a","9cb78496c762816ab1e118e77ee34705ce08fe8a","HAS_PARAGRAPH"
"fc2c29a4e48f6b60e46649eb7e6c238c1b35220a","d8c487c5a81ff0540b69b25bd8eb57a52169cbff","HAS_PARAGRAPH"
"fc2c29a4e48f6b60e46649eb7e6c238c1b35220a","5640960030b8746860e0d0b4759d84ccb2d20e2f","HAS_PARAGRAPH"
"fc2c29a4e48f6b60e46649eb7e6c238c1b35220a","4cc043d5134c248fdb6b5eb1c6845909fd355912","HAS_PARAGRAPH"
"fc2c29a4e48f6b60e46649eb7e6c238c1b35220a","e7bd8abe3b2dcda2d53e6b48639c106772071d55","HAS_PARAGRAPH"
"fc2c29a4e48f6b60e46649eb7e6c238c1b35220a","5d353aa42564f83d40cc50d4d2786033f2dbf6a2","HAS_PARAGRAPH"
"a2d8fe7b7ea840abac6c2d05fdd5b91d4a616642","5fe37d2c561532be0c34861b66ee347529105c53","HAS_PARAGRAPH"
"0891ea9bc4e93ba74c304274a9888576953b5d03","b72740787b58bd735d63aa414c5f37a128ebf32a","HAS_PARAGRAPH"
"fdf206e2fb5dcff5a347624cea6c68134189c88e","69868cfbabd32431595aec6882ecd1d0db285e17","HAS_PARAGRAPH"
"fdf206e2fb5dcff5a347624cea6c68134189c88e","d660a903cf14303bd9467521e1c0b35c0f2de6e5","HAS_PARAGRAPH"
"968eefa33460eeaf8eda6816048d25783d8ccb50","cf80863eea66f9dcc2f54deba2d3739e66a6a1da","HAS_PARAGRAPH"
"968eefa33460eeaf8eda6816048d25783d8ccb50","4696912dccdcf95c8afbade1a0d60410f2953e56","HAS_PARAGRAPH"
"fc702a8bfa716d4203d0cce00f4862bb4c6b90fc","9dd263405647275d09224c72da04be86155f7447","HAS_PARAGRAPH"
"fc702a8bfa716d4203d0cce00f4862bb4c6b90fc","1aa3fde551f08ce07457a5a45b01f34571f7226f","HAS_PARAGRAPH"
"fc702a8bfa716d4203d0cce00f4862bb4c6b90fc","8e53a4c7e83344b189e3a76487bcd9909fc6081f","HAS_PARAGRAPH"
"fd9ebb2a09afc537ed206c0a15acfe0606db9f95","668cf911018e457f2c9a64bcba06a8958b6e8c29","HAS_PARAGRAPH"
"fd9ebb2a09afc537ed206c0a15acfe0606db9f95","a7d405923278341971db91adc33a4805b200142a","HAS_PARAGRAPH"
"d9c0ec62154d99ffac8086be7f5c3edde30b39aa","2f8c5986d05e0f64a75865ea76c255dca12c0c97","HAS_PARAGRAPH"
"d9c0ec62154d99ffac8086be7f5c3edde30b39aa","d6f84f5f5812a0671bfcfabb197069fee34d3ecd","HAS_PARAGRAPH"
"ded0c4ebe27cf5a12670605aa842f6346b92312a","cf237ab07f5d4e7f7e36a4341029f587c7e69dba","HAS_PARAGRAPH"
"aa10e0a3cf129a5f8a063a9ebbf921e80073dc1a","3c3cc9941e153d4f7030280811a6ff67f5aa6db6","HAS_PARAGRAPH"
"422e749fca9ceb222520789b38fb95e8006c3ddc","cae17863c7de8ec557042686e3ee68579cac4ce1","HAS_PARAGRAPH"
"1d0ed91b2c25f2e6d57772a06623c76ec127eac3","12a682ae313147e2ff305b74f959e99c783cbfdf","HAS_PARAGRAPH"
"97ada9f378d677eff7f0feca869021365270cc58","bdbb93b0d7f030312befff7b7db565d9633fd1d0","HAS_PARAGRAPH"
"97ada9f378d677eff7f0feca869021365270cc58","8906b84e7042a06ee1d966e2893d977a60ae4b13","HAS_PARAGRAPH"
"97ada9f378d677eff7f0feca869021365270cc58","54342f98684c8f5cc2acc9e2ffdf152ea5f73167","HAS_PARAGRAPH"
"97ada9f378d677eff7f0feca869021365270cc58","ebb782631df31bd54d3d70a52d6dffc133e8d78b","HAS_PARAGRAPH"
"d0ee71d8d21e6664bf19a46732f72cf409badf7e","8db708cd2e814606bd167960265d24969f97a596","HAS_PARAGRAPH"
"d0ee71d8d21e6664bf19a46732f72cf409badf7e","563e79cc39c3ac8c5cdf7f468d38432e6a50fcdb","HAS_PARAGRAPH"
"d0ee71d8d21e6664bf19a46732f72cf409badf7e","c5617a449d3343bd8fe76a5a62fd34a511250bee","HAS_PARAGRAPH"
"d0ee71d8d21e6664bf19a46732f72cf409badf7e","1cbf43a718083c956c28f77962a1ebaeb1944284","HAS_PARAGRAPH"
"17b6edcb15ce0ebfcb071b85b814690fbd2b0b41","77389ee903010a9616eb772d44d262774d244aba","HAS_PARAGRAPH"
"5d3f5eba9c55b9153094553d2955aa305326632b","8206e42134b3f212d8522c8bb0f0ff473c25bcf3","HAS_PARAGRAPH"
"5d3f5eba9c55b9153094553d2955aa305326632b","a1cf4f79086e0d2af90b710db771b523144db831","HAS_PARAGRAPH"
"5d3f5eba9c55b9153094553d2955aa305326632b","ea66962cab3abbd5c37fc651c160884611eb25e5","HAS_PARAGRAPH"
"4a9e969f8dc3db4f4d8e0956a5bd02283e69edc4","81dd5203cf439ef14e5dfecd6b61d3978a3f2525","HAS_PARAGRAPH"
"7e99deffcea1c536c0c5a74ab2e46b99824cc935","d09a8397053ac53e9c068ed91d0f765faff05556","HAS_PARAGRAPH"
"7e99deffcea1c536c0c5a74ab2e46b99824cc935","5951444a89a1672c2701c0be643abc05bcae13ed","HAS_PARAGRAPH"
"7e99deffcea1c536c0c5a74ab2e46b99824cc935","ee79fb240b154aceac91c7f1de9915ec6650308b","HAS_PARAGRAPH"
"5f9e80736d1cfec609efba07ff581fe2e770b453","634552981e22328c46bc612445e88aba93d65e43","HAS_PARAGRAPH"
"9136b851a3c210235b037ea725e7bcab77cad6e9","3370332f05fd36f56a7f28e72a9b4348b8c31130","HAS_PARAGRAPH"
"eded9d15e542feaa1d9f454df9e92910e72c89eb","b3e2e53ed6bf10f49dd97b246344e4517f655c82","HAS_PARAGRAPH"
"eded9d15e542feaa1d9f454df9e92910e72c89eb","bac684d0fe3c67d9ddcf968f5f9fd35b5dc3989d","HAS_PARAGRAPH"
"eded9d15e542feaa1d9f454df9e92910e72c89eb","16e3adde27371adaa5a52dc78d530a74e65b420f","HAS_PARAGRAPH"
"92d095163557874c4a43daf79ce56330f352680b","af4133d9103321e60a3b97a436ba49aad465c603","HAS_PARAGRAPH"
"6ff60947c8c4e33ad3a632896ee99517af9619dd","024a5eefe141b829c293ce67cc8c73699286f33b","HAS_PARAGRAPH"
"6ff60947c8c4e33ad3a632896ee99517af9619dd","bd769b8eaeda7bbb91ecd6e09f9de25e11fe4cc6","HAS_PARAGRAPH"
"654ea85200c28e8db38e534485dfca67ddf54c17","7263ff61f850425e3316ac682b8fe90efeaf6c8b","HAS_PARAGRAPH"
"1f666eefb48a99b4bbaa879678b4a60790ceea42","bd06f32090e9f6e60652882170e993f98239a4ae","HAS_PARAGRAPH"
"8fbf43032c93ff3d4125513db89dcbceff421b75","adcccde5fbd9eef1aa4a7bda5f1a803ac1293469","HAS_PARAGRAPH"
"8fbf43032c93ff3d4125513db89dcbceff421b75","cef1fb07c991701de683c0aea629e8a294d1dc71","HAS_PARAGRAPH"
"8fbf43032c93ff3d4125513db89dcbceff421b75","c2f5ddbd723a4a55d06ca8b6e8699e66e8a5e000","HAS_PARAGRAPH"
"7ad9484f5222e1fdef342fc91a4b3c626ba5896d","48bb7f64029839c7c612aadc1252b19496cd0051","HAS_PARAGRAPH"
"1039c9f8b6c5ae3754576fb73178e8098695508a","0bc255e13dab03f2815afefa03b94ea3cdd63455","HAS_PARAGRAPH"
"1039c9f8b6c5ae3754576fb73178e8098695508a","73a2c38fb6c9562402a780dc8218897386efef7a","HAS_PARAGRAPH"
"1039c9f8b6c5ae3754576fb73178e8098695508a","aec917886d9136b444f2738173dce7489348b23f","HAS_PARAGRAPH"
"f0dc4d31e30800e4c3b4779817412291ffd395e6","40094cee82b9c6f6d19d2f4acb0b402cc7f8a0e9","HAS_PARAGRAPH"
"f0dc4d31e30800e4c3b4779817412291ffd395e6","2b45f7c2a4f653b0bac44956c0151f19e5f2fb29","HAS_PARAGRAPH"
"f0dc4d31e30800e4c3b4779817412291ffd395e6","14aa079797cfac44ba6182b8a1dbe8399dd1410c","HAS_PARAGRAPH"
"aefcc4a5c8fad4d630d778f0b7429566b4bd728e","30b9c190fbff8b191bc2409547cd26ace790327f","HAS_PARAGRAPH"
"64e4b5410360d0e9065ebce03ee03631e19f149a","9fd2acc68b6bd89b91af654f40f4268fb83d0d5a","HAS_PARAGRAPH"
"f6616cb508e8be7266304eb88a0798257176249f","e05087eeaa6991c416736e6b3702d0bc9e24bc86","HAS_PARAGRAPH"
"6d1e83ae4d60cc2b1a2f2539731d6b03fd045d1c","768473d023693533eb855fafb073368ce0469b8a","HAS_PARAGRAPH"
"6b1e3c8c07330cb0f715cfff4c47b9f979c39ae8","bdedc604bbe364b8c25817a9eb0fa2064c7ef7cb","HAS_PARAGRAPH"
"dd2f56b22bdf2afb3e728c71979d1150f4e80c6d","7fcda3e2328f7f45a10e83f194b5ec1584335e76","HAS_PARAGRAPH"
"10d9edc0949fe0f4b12b86910baf817e09467275","5c5831a92b5741edab8224d0af29f021b5c9aeec","HAS_PARAGRAPH"
"0f20470f47e5334d0edc0bd2cd384f5d70701fca","fad8af21012e96f6d2021221bb1a79700930c72f","HAS_PARAGRAPH"
"0f20470f47e5334d0edc0bd2cd384f5d70701fca","79d669915903386d44b4064fcb65ee834e799252","HAS_PARAGRAPH"
"8fe18414562d55b7ebe344ac0bb17def53678d5e","e8c74b30af4f2c6cec1596fe5ca3dbfa652e0873","HAS_PARAGRAPH"
"d849411909674d7dbcf97572096be81121a05c35","ea10e7168e18e0f5f739f980023219f81e68c595","HAS_PARAGRAPH"
"a0bae5ee1985a61cd5545bcdebeb1a2aad457d63","dc10e377030d6a5527b5577700354b7543e5d911","HAS_PARAGRAPH"
"3173f11aec5a87f151d09c9635821bee5204d5df","cb570cb06fe35a220b0f7ac1d3d852b09ae22560","HAS_PARAGRAPH"
"3173f11aec5a87f151d09c9635821bee5204d5df","dfe5ce6f07cca0125c6bd5450c3ff8d1eb0a420f","HAS_PARAGRAPH"
"3173f11aec5a87f151d09c9635821bee5204d5df","0bb44d263e2ea06a2c2bb3d70ce445babaf809e9","HAS_PARAGRAPH"
"9efd489189379f69243767a8598250bbf9c24c2e","977075b868587a8d0c0bcc56c857a46a836cb391","HAS_PARAGRAPH"
"1ffba1b442606e17e3edde4d00928ec0e518aa43","88dcce8479d289ab4e999647a5b522848c595162","HAS_PARAGRAPH"
"63b1f59c98384de25e9f3f86cd4d44d85910c073","5da0c508cf02a4ce79ab947cc8bcce7d1a5d1520","HAS_PARAGRAPH"
"63b1f59c98384de25e9f3f86cd4d44d85910c073","4eacdf6ddaf170839b73b29b8afc3d9623290af5","HAS_PARAGRAPH"
"a49a3704979eba3ca48db641d33d1461c4136bb1","89525e57a17e47993108efb316ccb8feeeacaded","HAS_PARAGRAPH"
"bf7fd0186be73d0b1fb142992c784afca7f2b29a","207b4a2920da75622f45ba2be0b3a5ebc24aeae2","HAS_PARAGRAPH"
"8308d8fd65478808845db5f2486425265a1dc996","1af5c2ac171fb53271fcce741f9bfd3b57fd2896","HAS_PARAGRAPH"
"040c2d23e8d45964277e8ba07829845bad1b4894","c27d0aa8fd474bd135e4a50b44d53a9b4262da4b","HAS_PARAGRAPH"
"44ccca4772ab4741fcbe64030900558a22c2af57","c4f7cb7f84a7e0355d61aeff36acb869b91b4e5e","HAS_PARAGRAPH"
"2e72f9bf33a0ebebf8feaa5dbd0387e84a4a38b6","bfe8d3ef58d62ab44330e4e363ca808931f0617b","HAS_PARAGRAPH"
"2e72f9bf33a0ebebf8feaa5dbd0387e84a4a38b6","3635af1cf0d4fff998d0e969740096ccc6f18e6c","HAS_PARAGRAPH"
"417aa8b2175f7a720ca3b800c30320f7ca5f05e7","397f754bb1b785a5e02f006cc397c333abdf961a","HAS_PARAGRAPH"
"417aa8b2175f7a720ca3b800c30320f7ca5f05e7","ed6cf91830103cf2b3325b9b91b5d24bc5039404","HAS_PARAGRAPH"
"417aa8b2175f7a720ca3b800c30320f7ca5f05e7","edb2d920dabc5764d5923348154d67140e727485","HAS_PARAGRAPH"
"97c95b7d82be3de53951e06d09b1869d64fb81a7","474697e4f36e4934d8e2e2164b10ee9bd3b959b8","HAS_PARAGRAPH"
"97c95b7d82be3de53951e06d09b1869d64fb81a7","d60ca78d46b1febc9f18f4e9a5d54cce76d88f6c","HAS_PARAGRAPH"
"97c95b7d82be3de53951e06d09b1869d64fb81a7","059d4ccc0017ada0e02bbdf17f840377ef74cce7","HAS_PARAGRAPH"
"97c95b7d82be3de53951e06d09b1869d64fb81a7","7e9d6ca17a27aa8c56ff1b5172c99f42cffd0609","HAS_PARAGRAPH"
"70e272175c780cefa02800f7dee4ced1572d8fce","2ec953e5acafbf60a3947b0c37e96f6dbb0aa189","HAS_PARAGRAPH"
"9aad961cf2f13057694960854521d5720c5ee0c7","f6dd129bcc256af46a064e3f4d86d37b0ec036bd","HAS_PARAGRAPH"
"9aad961cf2f13057694960854521d5720c5ee0c7","7ab7461f3f14ce47eec3f03aecfe4e0bd84eb01d","HAS_PARAGRAPH"
"87f6409646a7f135924a78bc4f1e99eb586e9c88","c61cc00806f38f2e4a915c1f27666d6a496ed278","HAS_PARAGRAPH"
"87f6409646a7f135924a78bc4f1e99eb586e9c88","a216f51bd7df1702ff7f7eff92476d809bede079","HAS_PARAGRAPH"
"87f6409646a7f135924a78bc4f1e99eb586e9c88","6b3365403df159a0b669f5c2658fc9f484541648","HAS_PARAGRAPH"
"b675c0e9e9f53f8b570e8d18174032f9862058de","f2a51e729fdf800a3762d80c808c9a61327b7375","HAS_PARAGRAPH"
"2f50440ed2101539fcdc2d77d9e1ca95d9683018","e9e215a65017a020c404dbb30a0f1261b05a2032","HAS_PARAGRAPH"
"05054f54d48b6c2c067ea75661756f65a0987991","9c34698de8cb1051aed795224acd5266904c9436","HAS_PARAGRAPH"
"e842efdc948bb70daf7136dbbbc7224dff13e4da","7cee9b9f02ffd387e0d0a4f2c6c338eeac7ee3cf","HAS_PARAGRAPH"
"4cbd12424cd83b497b8556f8a5f2e9daa71997aa","c4cb051f2685d423cafafd92877840a8b876c050","HAS_PARAGRAPH"
"4cbd12424cd83b497b8556f8a5f2e9daa71997aa","880248049f51306f1d1abedd41ce437b67d05a5c","HAS_PARAGRAPH"
"4cbd12424cd83b497b8556f8a5f2e9daa71997aa","6cbf212b49cc2688b7d09079dd7e3becded549df","HAS_PARAGRAPH"
"aa22de50fbb692d1168701ca72280f6bbf788695","08ead6f5cd31e2e23946498f9831234cfabbe2c5","HAS_PARAGRAPH"
"3b17ca176b34daedf2bf59d0688592b5fd2c02b7","311982c647283cb4611ee10da812fe63c198c640","HAS_PARAGRAPH"
"656936c71619c3eccba5765525fca49703fc92db","c41adcba931b257eef26b8dab528f42a8275eceb","HAS_PARAGRAPH"
"2f912e7545982674e8a856309607119aab8a9033","ec79b79bf22b7dd72bc04e8581d589f3a05c8972","HAS_PARAGRAPH"
"d984e660379c149a455cf0b2097f3cc2c08d6a2f","0d57aff4397b22c089db736668871191db9115db","HAS_PARAGRAPH"
"ae88babfd1204f4a70a9e872c2b666bd4e24ad58","32e007f5460617317ed5fc37e190ecbb1b7149ed","HAS_PARAGRAPH"
"ae88babfd1204f4a70a9e872c2b666bd4e24ad58","cd3935e2b7fae91a72162074cf9eccfd0ce2d041","HAS_PARAGRAPH"
"d89f662e9186373ed83b4192f8169b7f196aab1e","812973ba81cdeda1446eb29c493ce0725a74e3b0","HAS_PARAGRAPH"
"d89f662e9186373ed83b4192f8169b7f196aab1e","26a862592b812359937ec6f72ce86f8dda7a8fcc","HAS_PARAGRAPH"
"ac73c6e034d3553f6736b48b4f211bf6b9b5ffaf","49344bb52c4bd51a26d24893e31590dd373afddd","HAS_PARAGRAPH"
"4bb10f942de1e40fc7bea4178e5e6c593e183c26","6819d5ad6e1841bf0db573c38abff77c24befcfe","HAS_PARAGRAPH"
"3fdc55f2a3c1e4774581f015059ae22a40c84f1c","28a7c321a0f8525ca7c866bf0b3f153db7cc80a4","HAS_PARAGRAPH"
"76ad9588f492f17c3e9b665913be8bc43de5a591","eb7b918d4f939c447e69372f9e1b804e38c977ae","HAS_PARAGRAPH"
"76ad9588f492f17c3e9b665913be8bc43de5a591","c8deecac535dd458d2a31b5b25b00ea3949a26fe","HAS_PARAGRAPH"
"76ad9588f492f17c3e9b665913be8bc43de5a591","3267ba0cb31635d8a2c1fef1551b6ca147480898","HAS_PARAGRAPH"
"61180b44c7a5b53b737a0f8c83ddf9c229f4da33","20521d93e77ef855ff1aefcc9885fab99a59ce8c","HAS_PARAGRAPH"
"5b1fbbc18ec2437b64406a52c3dd1b50632ee737","974e91cd8ba39b3fe2025f80cc91cb64dd0791e9","HAS_PARAGRAPH"
"5b1fbbc18ec2437b64406a52c3dd1b50632ee737","b410fa869aea641f0fbc343b86da4cc90b24402b","HAS_PARAGRAPH"
"5b1fbbc18ec2437b64406a52c3dd1b50632ee737","1e645f6de589ba10ad0f37c813661210a3bc1cb1","HAS_PARAGRAPH"
"9c6e661c4d1dfa211a0f8a6c7fe6e23b3b232551","0f61549464b06b36dff4eb4eafd115f6db1e02e0","HAS_PARAGRAPH"
"9c6e661c4d1dfa211a0f8a6c7fe6e23b3b232551","de15b085a7248a5e289e2c7d1c094948d5792d38","HAS_PARAGRAPH"
"9c6e661c4d1dfa211a0f8a6c7fe6e23b3b232551","5f68596cf1590c41b3f37ea3fdf38727e4aa371b","HAS_PARAGRAPH"
"9c6e661c4d1dfa211a0f8a6c7fe6e23b3b232551","c885098efeb5ddfeadec88c9592af682c5262d35","HAS_PARAGRAPH"
"ffc0ba1d0b59e6dfb823de29caacd4728b05b28f","42aa6fd9a028e09ed707f7e1ea36c5df5f4d97f7","HAS_PARAGRAPH"
"ffc0ba1d0b59e6dfb823de29caacd4728b05b28f","d1aded2291161f5d18e4bc2139ae466df1e1c897","HAS_PARAGRAPH"
"60f4a5a81ce5bf76c79dc432ce231621b957e013","71d23f9f1965a23afead35d1d71695653117ee9f","HAS_PARAGRAPH"
"d741efb35e81f8ee16dd292af390012983247cca","d3d86861e0ee30c0c95b66899ab248fddc8159a0","HAS_PARAGRAPH"
"d741efb35e81f8ee16dd292af390012983247cca","60300019472fed1cca4dd8d21aa039cb9642e64c","HAS_PARAGRAPH"
"e2db8c60466924b1fce707c0661c0ed99bed02cc","b016c7f049ec6e67821cebb7562d0a70749d4ab1","HAS_PARAGRAPH"
"e2db8c60466924b1fce707c0661c0ed99bed02cc","1bc8e102c97ca2022b82216a9583f9266d983ba8","HAS_PARAGRAPH"
"e2db8c60466924b1fce707c0661c0ed99bed02cc","90cb7bb513a23c118fa548d16dcdba55eca44109","HAS_PARAGRAPH"
"f4249dd96a3bb0b0fefcf4cc85a8f73a20481a10","29a30ed98b2a7fad84dbcf8b2e6adf86b9c2e549","HAS_PARAGRAPH"
"f4249dd96a3bb0b0fefcf4cc85a8f73a20481a10","d3658a490c5e0dbc8f533bd15140b297f35c82e0","HAS_PARAGRAPH"
"f4249dd96a3bb0b0fefcf4cc85a8f73a20481a10","b3a465f4b97b044e3576304ee37f8f1abbd83a9b","HAS_PARAGRAPH"
"d2d7cbe079e584b8d6095332bdf90d4e1ad3c8ed","1fa5e608509cb57b12e7d9673dd4592955bb846e","HAS_PARAGRAPH"
"6afd698bee5a195a7eae0e9a8443dc15fc3de28e","9fe1b02e610646d064a7c3dd0563c44f4e2e9c6e","HAS_PARAGRAPH"
"6afd698bee5a195a7eae0e9a8443dc15fc3de28e","5cb0d1388d3fa093ac9851a5886a60420d90912f","HAS_PARAGRAPH"
"6afd698bee5a195a7eae0e9a8443dc15fc3de28e","ce1bcaf32b9d46f4bc6bafd65534dd941fa8f5c9","HAS_PARAGRAPH"
"80523646460862d651d30d953eebebb6192e5479","6b7d70cc8f724c537d408c93eea15c86cdd1bdd4","HAS_PARAGRAPH"
"ee55067113a8d3735ca9ac13d1df5b388033cd07","b6623b390bf7b5c5f2daf2cdfd3423ac7af1b801","HAS_PARAGRAPH"
"c887ca9b56a25cd6b6bcb2f2b5ba3fe2a51e2dcb","f3b5c5f11aff017a51e2a0120e7ffb7b726d5198","HAS_PARAGRAPH"
"fe70316edc97dae95645e2ac165be92bc59f02e6","e9a0339ee6b6d51c3545409a7777e3173628ce59","HAS_PARAGRAPH"
"fe70316edc97dae95645e2ac165be92bc59f02e6","6b40f82b040f88135cc617159ed0717078c34541","HAS_PARAGRAPH"
"a1d907823edde368570b27630ce2a2ecca00c918","e795648292c0be50852215cd299f05579e56fed8","HAS_PARAGRAPH"
"6b33b87c9d74ae49db732a62fcc7ac53aa0c8fa1","3882d46672c7403b35ff6b2857fa4e2e9b3c73f9","HAS_PARAGRAPH"
"f758d675b452d8e93ef6e4473141e378fb547224","d553f0f5dccade5091c791e507b5b084a96c5277","HAS_PARAGRAPH"
"f758d675b452d8e93ef6e4473141e378fb547224","3ce7ddd3e9f656514f68f7fd3cca27122c6dbd01","HAS_PARAGRAPH"
"e19aa697cda1bed7afbe0adf405e294827b2b851","fdeaf34fdbeaf621ce6f9611828e00af93c16751","HAS_PARAGRAPH"
"fce3a8eaaeec7e118d3742214d56c1df58dfd953","48571aa4e59c64299adb31cb0c9ef1a75205904c","HAS_PARAGRAPH"
"fce3a8eaaeec7e118d3742214d56c1df58dfd953","fb9151eb6bc9d1ec30d73f130528d11c97438199","HAS_PARAGRAPH"
"a2a5a4f884ccc684609287d05ab5d6ff02bea7be","f36f54f15f8b2132ff7d6e58913e79dd3811e326","HAS_PARAGRAPH"
"a2a5a4f884ccc684609287d05ab5d6ff02bea7be","5e4589a36b6c84a8c8264ccb4022c712892e901b","HAS_PARAGRAPH"
"a2a5a4f884ccc684609287d05ab5d6ff02bea7be","6e105d72c02718a4ecd535dd733691e8375a7c0d","HAS_PARAGRAPH"
"5c8646be09e99f19f80f7a50f18bfe151e4d3b08","cc9cd459694bf32c887cd3a144f5f9966f343e9a","HAS_PARAGRAPH"
"5c8646be09e99f19f80f7a50f18bfe151e4d3b08","47d5fdbcf524b62b5beb2bf965e2c6b01367c5e7","HAS_PARAGRAPH"
"8dd861d03bcb6976b57120a3f5d5bf6bca569295","1143d61ded13c37e16919274c4cd6378539bd2b7","HAS_PARAGRAPH"
"4ecdba54772a16bb8527ad281807db3975d4a952","ddfc76b7623e8494e8b90fb7ebd148d43a252350","HAS_PARAGRAPH"
"6d9050b246f671319c4244094495cb2494d53792","5246ca585c2b55832e3fe3d322f6fc3d8fc3ccb6","HAS_PARAGRAPH"
"6d9050b246f671319c4244094495cb2494d53792","859cb832e7c4226d50462da2bfaf55a948e5b95b","HAS_PARAGRAPH"
"6d9050b246f671319c4244094495cb2494d53792","4ec29ffd58135bcba5c9c9576efc7a20368253c9","HAS_PARAGRAPH"
"b8219b76b5506e3e41c9f429c843eb19a19d8d2e","4bd2cfa4143992926875ab8eeea7309976998ee9","HAS_PARAGRAPH"
"8bc71267d0e0eb94f99bd84617c36c146827d57e","13543692d5ac9740509d992fea45a930c786b63d","HAS_PARAGRAPH"
"27508ae96af3720d775e0e1622d223a2b5f4e7b1","f04bf14ca68f0acab5578aacad0802520e1d4520","HAS_PARAGRAPH"
"91be3309a8755f0e621bb58636e09efdf7f8ab44","468a07697be92e7de09fc2b74030b29e33a85fe3","HAS_PARAGRAPH"
"91be3309a8755f0e621bb58636e09efdf7f8ab44","4a6bc78921bbb32004f58b9887246efdfb35eebb","HAS_PARAGRAPH"
"e20064495b84bce08fb461f1e4653a9d807fb586","05890851673d3d89afb7cf8e48ca758203e33f9a","HAS_PARAGRAPH"
"6f37d74b1f7e92d8e8b1077a8410e6868009949a","2f99b3933528557faa3b5592dae494086e424871","HAS_PARAGRAPH"
"9247ac9f7e8e4ab01dbaba2fa91fb7d948cc8059","d6ed4cc12adc0ce2c0e9f45f2789858c86215333","HAS_PARAGRAPH"
"7a30cb98d4bc0484869be6cf2d4796205fb712b2","782bb4a11894e87a110f675464d855913380d039","HAS_PARAGRAPH"
"7a30cb98d4bc0484869be6cf2d4796205fb712b2","d504b5d6c7956030a519ca0961c288d576697744","HAS_PARAGRAPH"
"42afeabe9ddf3c6ce2e7dc2f9c5fc69a1b1861a5","9a09f0712ad9d4ff1da6a04faa7ab0568565e26e","HAS_PARAGRAPH"
"cf3d213539f7c4fa350b5f2a8e1a2d5f3e3a688a","3a0b9e7d69d31acb6c81e63499dcf5b411ad4ec3","HAS_PARAGRAPH"
"3d361e35fe5e3b89b6743149181557613d36269a","c2c95ca924a6aa05861f9512322ac74c1846e3c1","HAS_PARAGRAPH"
"76d6a78b705e18fdba8cd829a542703e2df41e55","ef223e93e262ab114b0ebd7cc278a5c839f29db6","HAS_PARAGRAPH"
"660f3ea92f1e1f2268d44a9724047968895aebd5","5516f235f565ea17bcb6e91ab2b5aff354468776","HAS_PARAGRAPH"
"7f21a9d956e4e0e3e1aed9ad6bc23d4de3ec158c","f0e30433cf405ed87bd713cef59ca178734bb3c8","HAS_PARAGRAPH"
"7f21a9d956e4e0e3e1aed9ad6bc23d4de3ec158c","b7d641a841cddc60c9dd0de796cc7acd99caa056","HAS_PARAGRAPH"
"8074801f3ab16c142bdc35f79f2768568af89403","8735a5dac3172f6476c42ab593217b1e674b4392","HAS_PARAGRAPH"
"8074801f3ab16c142bdc35f79f2768568af89403","36883c70fc96c59686832bbad6ef7adb47c0447d","HAS_PARAGRAPH"
"8074801f3ab16c142bdc35f79f2768568af89403","844993fea32d46f8929131e935bc82b5c1ba93b6","HAS_PARAGRAPH"
"36c29ab64de5b4314c896877a3cb7e465a3e15f2","d22b50515b3974e5d875129bc3dcc421bca706e8","HAS_PARAGRAPH"
"652eaf14d1c0f9968a2d9539d067650c0afe153a","ed0296b38a1bcffc216217360428649fdc870639","HAS_PARAGRAPH"
"bab69f10bf214d02deddb84a7119fea3db61c089","7c7caf8f47c99bdaeee0ac6da6311586556b5d37","HAS_PARAGRAPH"
"bab69f10bf214d02deddb84a7119fea3db61c089","41966b99d47c9b7f3e7342280771209b927dc5bd","HAS_PARAGRAPH"
"bab69f10bf214d02deddb84a7119fea3db61c089","b95c6c22e1739d5d287b44f7da29015251750e80","HAS_PARAGRAPH"
"27676977c8f820fe3e7d0089f4f6fd372e1690f0","9e266045a4921c5a2d1aa0029c5025218cd70ddb","HAS_PARAGRAPH"
"8ad6f3bf9f715fa3e1dda627c9890245c32dcfc4","92e4530f1ef0cb0d79da9801efa41c370f215526","HAS_PARAGRAPH"
"1d5a8a1c808708fe1236d92a430cb77587541347","b6a9dfb866fafa55539c6bc02777361eb949a65d","HAS_PARAGRAPH"
"1d5a8a1c808708fe1236d92a430cb77587541347","5a378d81da4066550a05d5587b9e137b5c1a5956","HAS_PARAGRAPH"
"76867cce9a0dc0c0e1e628f02c84761702526cda","554b614ea003b281e2a2382fb88b98dae171594a","HAS_PARAGRAPH"
"76867cce9a0dc0c0e1e628f02c84761702526cda","559f7bd64d57b7acf7b9b55b2d1236197fa20a03","HAS_PARAGRAPH"
"76867cce9a0dc0c0e1e628f02c84761702526cda","11967ec94323047005f614acf8af69afd13bd103","HAS_PARAGRAPH"
"38c6fd51e903e2e2f8ce5e986255f0a47627bdb2","1edd8494396d983bfd087be509f2de82ec418663","HAS_PARAGRAPH"
"38c6fd51e903e2e2f8ce5e986255f0a47627bdb2","d1594f1f1a30b70f79bba3daf0a58d92da99e34f","HAS_PARAGRAPH"
"38c6fd51e903e2e2f8ce5e986255f0a47627bdb2","59c6ca6996f434e8e0476a73c85ac32405a41b12","HAS_PARAGRAPH"
"0c478beb460a5be4438c094ea5ca36f74ae17627","eea7287a8048ad23e186ae771f278ff1bf987300","HAS_PARAGRAPH"
"baf52b51938354a3d68212e1d76e44517e22a2b3","63dd184e089aab7b7ef01e2b635e4b1c4d2b0dec","HAS_PARAGRAPH"
"17f85107ae9528347703d5d7c3262d675c685179","9ef9d9b01ca19e4d500bb36cb14d0beba34cee6f","HAS_PARAGRAPH"
"6e4e8dda57531e7dba58c0914fcf603523ae0a2c","b59c223a08fcf9edca88190bc32ecc12d991ee9e","HAS_PARAGRAPH"
"22f2956792d89bdcbe9fddaf4207338e71b994ec","8939db95d004d91cf43713e0c34e715473955e9c","HAS_PARAGRAPH"
"0c0a5859041a1d69bbe5e9cbf9f1a8d0873ecff3","cebd2a353dca5cbef93339f0128e00921df3f9b6","HAS_PARAGRAPH"
"5d2bd2d9a5492fe74e5b18824f445793da3ebf42","09f4bd85698573930339a8649c42391307ffc61d","HAS_PARAGRAPH"
"fa2a01be10bf782cb4201cf5897b9190cd69f8ea","4be4f4ffe2fffabdf0f0286af5755c83d61671f2","HAS_PARAGRAPH"
"fa2a01be10bf782cb4201cf5897b9190cd69f8ea","c381acee8eebc013092b210d36004b417a360441","HAS_PARAGRAPH"
"fa2a01be10bf782cb4201cf5897b9190cd69f8ea","c1c176021600cdd1dcdb6cef66a1ff52e08bfa03","HAS_PARAGRAPH"
"1cfe693c8197195ce9fde7797f273aa09f94fef3","98ce515f7e169b5a1e18a944265dda55f7547365","HAS_PARAGRAPH"
"7104ff205b05b62ac05fc950da23cd9dcd0c156f","e6f8c9722b616d2ca34f9604312c5b659017208c","HAS_PARAGRAPH"
"7104ff205b05b62ac05fc950da23cd9dcd0c156f","fc04adc57644b80b85d7acb5b5e483e3f1a93143","HAS_PARAGRAPH"
"7104ff205b05b62ac05fc950da23cd9dcd0c156f","50adaf4f25a7b0a953c91e4897df3c98976f5b1b","HAS_PARAGRAPH"
"7104ff205b05b62ac05fc950da23cd9dcd0c156f","1063d3ea7ea72eea3a7166ab87c84e6d7e3276be","HAS_PARAGRAPH"
"7104ff205b05b62ac05fc950da23cd9dcd0c156f","6f65ff17948cce350087ce552133d99202b93b83","HAS_PARAGRAPH"
"7104ff205b05b62ac05fc950da23cd9dcd0c156f","05b13093af8d6d7c63845971f4bfaf8b7b2fbfcf","HAS_PARAGRAPH"
"7104ff205b05b62ac05fc950da23cd9dcd0c156f","9dd262a01e57f27abe897b35c4ddc0f843a09867","HAS_PARAGRAPH"
"7104ff205b05b62ac05fc950da23cd9dcd0c156f","5bff34490a9f03c0f28f8c2d1c57c6a36ddfeddf","HAS_PARAGRAPH"
"7104ff205b05b62ac05fc950da23cd9dcd0c156f","e4418b7e6d88281a52466201a8048c85c2fff0c7","HAS_PARAGRAPH"
"7104ff205b05b62ac05fc950da23cd9dcd0c156f","a64eb3994edc7998f358e73ea3764acfd15d4e3f","HAS_PARAGRAPH"
"7104ff205b05b62ac05fc950da23cd9dcd0c156f","48b1dcc9a9e486a52d977b03d5407e0ee0980de4","HAS_PARAGRAPH"
"9be5a348f0a0a6d91aec4d956df742a17c56bb34","cddec84ca291dd24b4d249acb7d2b7f68e1ad922","HAS_PARAGRAPH"
"9be5a348f0a0a6d91aec4d956df742a17c56bb34","10f7920bc81e2be4b70368b421c4521dabb3edff","HAS_PARAGRAPH"
"7b95fcb504eabe06d2ae06e655dacd7b27e14a63","646e41919cc27c8a16ac7bbb4011291327c9613e","HAS_PARAGRAPH"
"7b95fcb504eabe06d2ae06e655dacd7b27e14a63","0e7113c372c6ca24e11df9a77ee09b4a39058a36","HAS_PARAGRAPH"
"e0d7deb9f847840ca1808ff34e8a94d7c63d7b5e","0c07dbec1f8c0f581dd3336f1ededf82dfd42d5d","HAS_ITEM"
"e0d7deb9f847840ca1808ff34e8a94d7c63d7b5e","4aff4977bce86965e9e4564bf065a74edb31294a","HAS_ITEM"
"e0d7deb9f847840ca1808ff34e8a94d7c63d7b5e","178908b73b4752ed872c7bcc15435c88328ee82b","HAS_ITEM"
"e0d7deb9f847840ca1808ff34e8a94d7c63d7b5e","5e9d473ca05caa1688cb97f549cd48ff4c70be83","HAS_ITEM"
"e0d7deb9f847840ca1808ff34e8a94d7c63d7b5e","31d95be8551b3c6197d759d2653291bf3f42cdaa","HAS_ITEM"
"e0d7deb9f847840ca1808ff34e8a94d7c63d7b5e","4079d739caca3c00c16070690af535dc0d3e8f23","HAS_ITEM"
"e0d7deb9f847840ca1808ff34e8a94d7c63d7b5e","fefe3c3c102a9325ab191c42352ecf41a055a77a","HAS_ITEM"
"e0d7deb9f847840ca1808ff34e8a94d7c63d7b5e","2259658c7d47651f15cdd43aab0285cc6283dc05","HAS_ITEM"
"e0d7deb9f847840ca1808ff34e8a94d7c63d7b5e","5589f89e07968708e15a2beafe5bc9b6c5f9ebb9","HAS_ITEM"
"46054a4fe12f943d3362f688c33dd06d7d4a9d35","050a19eaeef240edce0abf7b2438a930b0a858eb","HAS_ITEM"
"46054a4fe12f943d3362f688c33dd06d7d4a9d35","cb880d1b30f7257f5a7a1c52b61051ccf1243592","HAS_ITEM"
"46054a4fe12f943d3362f688c33dd06d7d4a9d35","d5dba3c2c621b9a96b1bd483546bd5b768163fe0","HAS_ITEM"
"46054a4fe12f943d3362f688c33dd06d7d4a9d35","deeddc600b02efa878746bc95f6896628b005cec","HAS_ITEM"
"913928e7454173d44423893c74be2d08375ae701","46888f0b906d30b5da834ecf1007a6c5da3fffb6","HAS_ITEM"
"913928e7454173d44423893c74be2d08375ae701","50dc8e8ebcd0ce33aceba5bffc2c04d286e68cd7","HAS_ITEM"
"34d01611aa61e4921b21d6c168e7abfc49c72307","bc9d06cdfc691cf96874339dfb52cb87399a9191","HAS_ITEM"
"34d01611aa61e4921b21d6c168e7abfc49c72307","ac5a5196f38c938da03a837a8bf83d11e8ad2d7f","HAS_ITEM"
"34d01611aa61e4921b21d6c168e7abfc49c72307","96c8c6dd126b1028e62121f7827e24245fd99275","HAS_ITEM"
"34d01611aa61e4921b21d6c168e7abfc49c72307","5a7485607590cefc0e87e784e4b722b60d636a2b","HAS_ITEM"
"9e7d2dcd8aefc77a8739dbaa573141f5c45aad6d","f3008cc52b6ac80fe7d315f24eaa232b93218820","HAS_ITEM"
"9e7d2dcd8aefc77a8739dbaa573141f5c45aad6d","b299eab3e913403d50871766946d897a39b84aee","HAS_ITEM"
"9e7d2dcd8aefc77a8739dbaa573141f5c45aad6d","b784774dad0bf3c7e156f9a44894dcbf45e964f1","HAS_ITEM"
"9e7d2dcd8aefc77a8739dbaa573141f5c45aad6d","66e1f8c2b37ca442df7897f99c9fea13510eb967","HAS_ITEM"
"66b5c725f3a7e5e8428227ce81bb2e143c50f3ec","b6fa80bdd3d0023e5dc1ff3d96a9018a4ede4115","HAS_ITEM"
"66b5c725f3a7e5e8428227ce81bb2e143c50f3ec","c4e1e8a924978df10bbfa97c0906390c7cc6db5d","HAS_ITEM"
"b824e37e09cb4d8a037baec963eaaf1e5efa4b89","7a9b2c5a9970e95c4b8d2a4aaa2640f465b5616b","HAS_ITEM"
"b824e37e09cb4d8a037baec963eaaf1e5efa4b89","a2dcc0b01ba73d36ba208536c38afd8de5fbfd3b","HAS_ITEM"
"b824e37e09cb4d8a037baec963eaaf1e5efa4b89","76337e30c8c5c0ff08935de9416891af2b2b65b1","HAS_ITEM"
"b824e37e09cb4d8a037baec963eaaf1e5efa4b89","24e14bb24062d34d5c601c885937bc221d95e323","HAS_ITEM"
"b824e37e09cb4d8a037baec963eaaf1e5efa4b89","571c01bfde364ebe797980b9558b7e787e217d9a","HAS_ITEM"
"b824e37e09cb4d8a037baec963eaaf1e5efa4b89","18b2ace9f852acd8078ef1fcb028057ecb0feb2b","HAS_ITEM"
"b824e37e09cb4d8a037baec963eaaf1e5efa4b89","af8408ed09793e66c6740d8f694f79eafe4cc326","HAS_ITEM"
"72dbf9885d7c3524a73590e190a4cf2d91f97bfe","9a2b797e0f2b077a04812dc0928205fa8b410d4e","HAS_ITEM"
"72dbf9885d7c3524a73590e190a4cf2d91f97bfe","1abfc85502d4e9789dd8eeb6297aea1ef75d6b7a","HAS_ITEM"
"72dbf9885d7c3524a73590e190a4cf2d91f97bfe","1c8f5fb85ce4a66c4d78dd5ce90fac2b03925403","HAS_ITEM"
"72dbf9885d7c3524a73590e190a4cf2d91f97bfe","4efedf9cdfd8122adddd2a7fdaaa41ca03e2c276","HAS_ITEM"
"2f1e2a36dcef56886e5440ee20e651afd7497029","7084a70fc8adb526577fd51b54e6be87b742dcd5","HAS_ITEM"
"2f1e2a36dcef56886e5440ee20e651afd7497029","3a475f7fcbc59ca18b938b37c617010c8b2856d1","HAS_ITEM"
"2f1e2a36dcef56886e5440ee20e651afd7497029","bbc825a643d380bdaf0f24a66a93a285dbb97cee","HAS_ITEM"
"5820a170305c8ff5c036ab477dd80a65550e9b2a","15373c37ebb115fff25f527197d23ffea89a3ac5","HAS_ITEM"
"5820a170305c8ff5c036ab477dd80a65550e9b2a","fb6e979eafbb9973ea36be47e4efdf3ce1ca0073","HAS_ITEM"
"5820a170305c8ff5c036ab477dd80a65550e9b2a","96371ed3337de75358a05478ef6c881b2f143019","HAS_ITEM"
"5820a170305c8ff5c036ab477dd80a65550e9b2a","8d34665b4f08627bd5709a1c49788ba022e4aea6","HAS_ITEM"
"5820a170305c8ff5c036ab477dd80a65550e9b2a","c31ec87be084e6d0fb1c3ee532f86035a05e0d15","HAS_ITEM"
"5820a170305c8ff5c036ab477dd80a65550e9b2a","42e93568fd71794a6390ecd383f0c7ac8c709436","HAS_ITEM"
"5820a170305c8ff5c036ab477dd80a65550e9b2a","6a8e26d4b8ed98c0ef84776211f30a7dd6e2e107","HAS_ITEM"
"5820a170305c8ff5c036ab477dd80a65550e9b2a","f9946a74f01a8a16327fd32be9081f312ca44db9","HAS_ITEM"
"5820a170305c8ff5c036ab477dd80a65550e9b2a","da6ae04765d81f617e3ebe58e4b00f1fa8c3b15d","HAS_ITEM"
"5820a170305c8ff5c036ab477dd80a65550e9b2a","e62e9b32e29c2d97e003f80cb7e24f542fb51f47","HAS_ITEM"
"5820a170305c8ff5c036ab477dd80a65550e9b2a","18cde4573068511cbf10e6a967cafbbbe87f430a","HAS_ITEM"
"5820a170305c8ff5c036ab477dd80a65550e9b2a","d222629cdfb07662e6ad47e9e38e41ef67f6b9a2","HAS_ITEM"
"401a938d961724f681c6829f140889429e76ffba","5f5c352f5a3323d79abd8992220464286df032cc","HAS_ITEM"
"401a938d961724f681c6829f140889429e76ffba","ad2d5b96cfa882c92527bde1545ac817d361f09c","HAS_ITEM"
"401a938d961724f681c6829f140889429e76ffba","1762e581d714e0e5c1c861334039d104299e653f","HAS_ITEM"
"401a938d961724f681c6829f140889429e76ffba","2cc0d261eab7e3be48301f095ec48f1cc5ac5a89","HAS_ITEM"
"401a938d961724f681c6829f140889429e76ffba","b5557183812b00c8d96503eb20965dc855a27583","HAS_ITEM"
"401a938d961724f681c6829f140889429e76ffba","f6c23a4270a2458c3fbb050ed2a48e6ddef716c6","HAS_ITEM"
"401a938d961724f681c6829f140889429e76ffba","5a470b5643581189b3b21ed2da07dd40fffa32f8","HAS_ITEM"
"6e90a26839046c688f3ff163d090176396900045","97e241da93dbcd805098ec476a18e87ddf7ae320","HAS_ITEM"
"6e90a26839046c688f3ff163d090176396900045","41c7348fce29c424c4a34a878b9923194a0dc256","HAS_ITEM"
"54c52751bd93a60776a7340ea278700695d0c9ef","222f2fbe05603e76c2b9f5f98449ce2ecbc2fdc5","HAS_ITEM"
"54c52751bd93a60776a7340ea278700695d0c9ef","951ebc0a3b477c373739ac4c71e44ea41c088e6e","HAS_ITEM"
"54c52751bd93a60776a7340ea278700695d0c9ef","536725ae75caa51bd3833e0d07ef9d4723584c83","HAS_ITEM"
"54c52751bd93a60776a7340ea278700695d0c9ef","b4a0d174972553450b41cac67347819071415d56","HAS_ITEM"
"e0628c8fe6059c645a9bff05a6fd0f4776732d4d","2ed5a441f625b979a7ffaf8929ad037e7afd4d32","HAS_ITEM"
"e0628c8fe6059c645a9bff05a6fd0f4776732d4d","62792d723256e3d57fb2d8f455a6593036e89c63","HAS_ITEM"
"a784de132102a0f981038c19ad7f296c23370456","dd636d80a3a4cde8be6062c99cb59c7d262cb31a","HAS_ITEM"
"a784de132102a0f981038c19ad7f296c23370456","bb315f844d9bbfed98f619607559c7aa35a0e525","HAS_ITEM"
"a784de132102a0f981038c19ad7f296c23370456","87672ac2ddc99595d95b90c0672cb5a224780867","HAS_ITEM"
"a784de132102a0f981038c19ad7f296c23370456","cdcf424cd3de623c860246dc5765f1ab26ebdb60","HAS_ITEM"
"a784de132102a0f981038c19ad7f296c23370456","17d5c1d802d5f41c301586080b2502ed539db57c","HAS_ITEM"
"a784de132102a0f981038c19ad7f296c23370456","4517828fc17a908feee5095458f3114686e11a83","HAS_ITEM"
"13a1b7ccee2fe379cddd4123169c88634b8c58f4","c977c9bfc3b1849236f6de1bd91e5a050838b22d","HAS_ITEM"
"13a1b7ccee2fe379cddd4123169c88634b8c58f4","c0e63166c21a6bcabdf2bfda6113da8d6caecffb","HAS_ITEM"
"6318f3af29965bef41891408398896e9b65a939b","df1e7b24926513db518659da309ac7861c53ccd2","HAS_ITEM"
"6318f3af29965bef41891408398896e9b65a939b","2f80de38275de33c5d789af2dd70ff94a7ebc6fd","HAS_ITEM"
"6318f3af29965bef41891408398896e9b65a939b","1711cd12afaea64d928e1981b3bc4c01d247abd4","HAS_ITEM"
"488d8587ed0c2d48d3253ad467a61a47799f6122","77aaf3269382e8afda1a4dcc1a8b92cbef2657ce","HAS_ITEM"
"488d8587ed0c2d48d3253ad467a61a47799f6122","ec718e434c7903172a2c59e7b111cb9d7baeff25","HAS_ITEM"
"9ba00f5c46c64a5da7b63ef5c7700eeebb43a498","4c2f4b3d48720441cc26e67445aab762bf3aaff0","HAS_ITEM"
"9ba00f5c46c64a5da7b63ef5c7700eeebb43a498","6cf61f85387d51c520c282e85963c03e007d12b4","HAS_ITEM"
"9ba00f5c46c64a5da7b63ef5c7700eeebb43a498","d085f15c74d95d22b6cf1cf336375ca1d9276ed2","HAS_ITEM"
"9ba00f5c46c64a5da7b63ef5c7700eeebb43a498","6139c156c1cdab204d3e8f430c3771752e10f9b5","HAS_ITEM"
"bc17661824052aa7ff7c4f1a6ccb886c5462cf39","12aeba498bc0adc874df5ec0712d93db63e87487","HAS_ITEM"
"bc17661824052aa7ff7c4f1a6ccb886c5462cf39","acc41a17e223b0f895e8da3e5833e6902f088652","HAS_ITEM"
"bc17661824052aa7ff7c4f1a6ccb886c5462cf39","aca274f090ff9a265cd1033b5bc5c6abc0d8bf46","HAS_ITEM"
"2248a89da586c71d580718d4cd5dae6cca7ddf4b","cd7cee1399503be35dfeffd953719f3a6a707095","HAS_ITEM"
"2248a89da586c71d580718d4cd5dae6cca7ddf4b","4291b1c8efc9a7031d1ae72cb3f03c60168b7b8a","HAS_ITEM"
"2248a89da586c71d580718d4cd5dae6cca7ddf4b","25791f31631fad82fd785c796d05473a066dc998","HAS_ITEM"
"2248a89da586c71d580718d4cd5dae6cca7ddf4b","ae114ed9f119c7f4f44345291e3e049c6c627510","HAS_ITEM"
"2248a89da586c71d580718d4cd5dae6cca7ddf4b","f410df22615298cfd7d9fc9d9d2318fbae8bc3a4","HAS_ITEM"
"108b524964af47d44165edf689fb209056bce22e","0c48f9a6b5606ebb151f3ee5ca25fdf6b5a6ffd1","HAS_ITEM"
"108b524964af47d44165edf689fb209056bce22e","e9619f7d9e20e08c685ba4269d185280d9786fd2","HAS_ITEM"
"108b524964af47d44165edf689fb209056bce22e","3441ce6e880122cf34e67e8d91928974dc29626a","HAS_ITEM"
"108b524964af47d44165edf689fb209056bce22e","738382523317796572335711feca0e0bb5371573","HAS_ITEM"
"fa8fd92c5023fd423cd47cb1af448e3af071bf2f","fa81a51db1aec66cfb2c489e5d369bb2c08b64ca","HAS_ITEM"
"fa8fd92c5023fd423cd47cb1af448e3af071bf2f","c291ee3a2dacaf354d3477f6343b2a3291b3968b","HAS_ITEM"
"fa8fd92c5023fd423cd47cb1af448e3af071bf2f","7c5318a58d5ac5747c3ad3fa21ac2cb6b26c7cf5","HAS_ITEM"
"fa8fd92c5023fd423cd47cb1af448e3af071bf2f","da328afff0a79ce3b70a4ec4375234701dec03cd","HAS_ITEM"
"fa8fd92c5023fd423cd47cb1af448e3af071bf2f","b153f5c1be5541c009210e1aac53042ee4e7672f","HAS_ITEM"
"fa8fd92c5023fd423cd47cb1af448e3af071bf2f","37c230edb9b1593dbf3be0038a148731a78bf835","HAS_ITEM"
"fa8fd92c5023fd423cd47cb1af448e3af071bf2f","e2fe2d23a59267a0b2536d20bdf3d79824f70cef","HAS_ITEM"
"fa8fd92c5023fd423cd47cb1af448e3af071bf2f","7f9c93d0105c3c0b251449377c09847eb2c37bca","HAS_ITEM"
"fa8fd92c5023fd423cd47cb1af448e3af071bf2f","5b1a4ae37efdbba249b957e99e044ac7dfd33033","HAS_ITEM"
"ff2908641e37cea3af13b340bf7dfcc8d6a8d077","cfeb1d6850b203faf3ac9a70a7baa7c6e31e23b1","HAS_ITEM"
"ff2908641e37cea3af13b340bf7dfcc8d6a8d077","d4b1c4d2ba5a212e2663ececa5ab789b21e9f0c7","HAS_ITEM"
"ff2908641e37cea3af13b340bf7dfcc8d6a8d077","09d02b7e3e91e49c73873bc111224afc1c950ecf","HAS_ITEM"
"d21307e0274ef51a76f25e1c25353afbd9357794","1ea8e9ae59a559186a417ccc30af6e0e532b3576","HAS_ITEM"
"d21307e0274ef51a76f25e1c25353afbd9357794","c36030d81b5a5ab185dc200cad8e87bee6e43336","HAS_ITEM"
"24223687e89d1eb8e701e8e498de3f48ce65bf92","b733fdac8c0d60f3b8e275ebebcba05954dd3ab9","HAS_ITEM"
"24223687e89d1eb8e701e8e498de3f48ce65bf92","05de12df7f925ff598dd02afd6caf6a054796d0f","HAS_ITEM"
"24223687e89d1eb8e701e8e498de3f48ce65bf92","1a0406d8efadfd51c52fab39b7da996086593034","HAS_ITEM"
"802760280ae2e7eeb18846332a2c0d1cc6414eb8","244812aafbd357d0e8e43f387fd8ea3d0a0f5709","HAS_ITEM"
"802760280ae2e7eeb18846332a2c0d1cc6414eb8","0a732371ec508ca1abc1f2bef687c18a80c214c1","HAS_ITEM"
"802760280ae2e7eeb18846332a2c0d1cc6414eb8","dd8afec5b981688310e9d9f66d8fb256049fb6c1","HAS_ITEM"
"206396a0a448704b8bddf8a99a302e5db0446a70","dd81dbe06c56fd591590eb67ac86d1a7cda5e051","HAS_ITEM"
"206396a0a448704b8bddf8a99a302e5db0446a70","8061e54f6a3b142969ec0ab308262f74eea7581f","HAS_ITEM"
"206396a0a448704b8bddf8a99a302e5db0446a70","b621fe3261674a1cdaf798e09f74216171f7746e","HAS_ITEM"
"e3ddc514b9edf2dafac7e978d1ae47cf5255ac1e","52784b752f43495563b5032fca140cbebece628d","HAS_ITEM"
"e3ddc514b9edf2dafac7e978d1ae47cf5255ac1e","e453ad86a71499e48e66156e7dc58e54a6fcc08a","HAS_ITEM"
"e3ddc514b9edf2dafac7e978d1ae47cf5255ac1e","844578f8f505eb1fb9ae12be7e7d6cb0e7a3b8b9","HAS_ITEM"
"a9bc062ccff9b3d66053a2f18dc1c3e2b292cb4f","8dc8475218d9032ebc7fb0e31b11f02cdafd5499","HAS_ITEM"
"a9bc062ccff9b3d66053a2f18dc1c3e2b292cb4f","3d0aff4f8f8fe2d9dd8cd0e2de735e62419d27be","HAS_ITEM"
"a9bc062ccff9b3d66053a2f18dc1c3e2b292cb4f","b8669c9ffbfa2cf2b01522709d9b4f9016c56959","HAS_ITEM"
"a9bc062ccff9b3d66053a2f18dc1c3e2b292cb4f","aa39b7da7c707e02fe6eec590eb60f36fb4c7cb2","HAS_ITEM"
"41016068ca2291341b1f4e9359c6a7bac285b491","2db29e991a8e637055f69d2a4166b31455b79f5b","HAS_ITEM"
"41016068ca2291341b1f4e9359c6a7bac285b491","0ffbe413a03fc5322bbf15e9399ecfcef02ca16c","HAS_ITEM"
"41016068ca2291341b1f4e9359c6a7bac285b491","a5ccf87b102a378bf247ed792faaad0e48a9ce8f","HAS_ITEM"
"41016068ca2291341b1f4e9359c6a7bac285b491","b68fd15c9ed936240f838fda2061c69d77e69ad0","HAS_ITEM"
"abcf377857edd1ac99f22729a8c47d8ccde992c7","b70d4280a46f40d69deef282e8440c296b952ff6","HAS_ITEM"
"abcf377857edd1ac99f22729a8c47d8ccde992c7","edeaf36d18001d43c999f52aeb945537ec07e413","HAS_ITEM"
"abcf377857edd1ac99f22729a8c47d8ccde992c7","7a972d0f472ed79b01d51789b9b0a871ff49f77e","HAS_ITEM"
"abcf377857edd1ac99f22729a8c47d8ccde992c7","faf65ebc50537ffc91d2f69b160967c652fcb7ce","HAS_ITEM"
"abcf377857edd1ac99f22729a8c47d8ccde992c7","12fabe1276ee702c08f242168b07737d882ae807","HAS_ITEM"
"5cd67447c556e074a83776ca433a01d412c7bf21","f49d976a235f2845394dbbb6f40cee7336ac0a4c","HAS_ITEM"
"5cd67447c556e074a83776ca433a01d412c7bf21","0c71ebd67dc0a5ceeb62738c95cc792a920d9568","HAS_ITEM"
"5cd67447c556e074a83776ca433a01d412c7bf21","28ee6232baf36526dc2a39eba5de4e7c560902e1","HAS_ITEM"
"8c48ee4fbb7c2f08915b0cc6d6ab9f09cbd8b051","362747fe82c8bf6e30d596837b3b5cee2883ade1","HAS_ITEM"
"8c48ee4fbb7c2f08915b0cc6d6ab9f09cbd8b051","173287866bb67a1dc8ad9030f96f930f40a6fd5b","HAS_ITEM"
"8c48ee4fbb7c2f08915b0cc6d6ab9f09cbd8b051","60e3b597e33d245f66fae89244154d90cdf56b95","HAS_ITEM"
"8d456924c467dd4d6b0db99e4fe2b751583d18d5","4f45b552905883b710dbef2f0eb3d7f565634825","HAS_ITEM"
"8d456924c467dd4d6b0db99e4fe2b751583d18d5","a29c184895b4fbf911f6bb789cdf846934ab9a83","HAS_ITEM"
"8d456924c467dd4d6b0db99e4fe2b751583d18d5","fec8a2a238dedf600620429858b6a2e0cdbfe374","HAS_ITEM"
"6158f0fe9be158991eabc8ffdca9f55a87f5f5de","4e1cda9fe81abfbccc0e37da93ba30e18263f10b","HAS_ITEM"
"6158f0fe9be158991eabc8ffdca9f55a87f5f5de","39680d61fc88c5928755b47b8c89699e933513ae","HAS_ITEM"
"6158f0fe9be158991eabc8ffdca9f55a87f5f5de","35b1c2f152abed09003a94ff3894b06e1573147b","HAS_ITEM"
"ce0d024f81c1ea21ab6fecb14fbea2dcd4fb5f1a","08dac5949893555f24a7a57dbd9b798ba3c88097","HAS_ITEM"
"ce0d024f81c1ea21ab6fecb14fbea2dcd4fb5f1a","54c165b76dc8761f1d54d569074d8c24e7b3faa7","HAS_ITEM"
"ce0d024f81c1ea21ab6fecb14fbea2dcd4fb5f1a","b23a89932879f1df295eda2b17f5faf330c2b25c","HAS_ITEM"
"cebd31978a866f67f3b345a2203d0ed7a76fbecb","f852ae11df3d6c7cd4a211773f07e8c2a4ff15d3","HAS_ITEM"
"cebd31978a866f67f3b345a2203d0ed7a76fbecb","9649a52da5b5cf4ce96b35b8dc89040328c534b0","HAS_ITEM"
"cebd31978a866f67f3b345a2203d0ed7a76fbecb","3fbe64a170a56793313ee984d66bbb32f2954be0","HAS_ITEM"
"cebd31978a866f67f3b345a2203d0ed7a76fbecb","bee758ddbabe7e5d827b2f834e94a68417a50d14","HAS_ITEM"
"fc02c8c826e4117740d3e444665dec076ac997ed","b327e036040e1744632b1c93149226018fa3f30e","HAS_ITEM"
"fc02c8c826e4117740d3e444665dec076ac997ed","12a537dc4ba5bc520d5c2b95be81c31b90998ba9","HAS_ITEM"
"fc02c8c826e4117740d3e444665dec076ac997ed","5b8eee3e82500142e8fe154d3632688e223c6309","HAS_ITEM"
"fc02c8c826e4117740d3e444665dec076ac997ed","4c24e504f9465bef95b0341fbcb3f5440c51a46c","HAS_ITEM"
"b5cb5fedd04bd1b8d1381a23c816c7c84cefe20e","b3115b17c210456c5dd75437885f487dadffda79","HAS_ITEM"
"b5cb5fedd04bd1b8d1381a23c816c7c84cefe20e","6c2fe2e5cf8e896289d80f9c95c1b41bcd4941f0","HAS_ITEM"
"253b1a331d9cd0638ee7a59231718b58928b1fc3","5b272176dec4ef3c4aaace29a94488a141086a32","HAS_ITEM"
"253b1a331d9cd0638ee7a59231718b58928b1fc3","fbf6b2f14969e92223d425d097ddead72de4cf40","HAS_ITEM"
"253b1a331d9cd0638ee7a59231718b58928b1fc3","993bdced4a16991be2dbcce1c748facc08943132","HAS_ITEM"
"6128bf7ace7a7d47ba0c8781cbfb4e0653a3cf0d","56193070b23508ee8d15737035b77bb7db440596","HAS_ITEM"
"6128bf7ace7a7d47ba0c8781cbfb4e0653a3cf0d","9f760027d6e838191d871cd8211f82327f0a33e3","HAS_ITEM"
"6128bf7ace7a7d47ba0c8781cbfb4e0653a3cf0d","1a92497186f498101a1b87bc663b19141ac2c59e","HAS_ITEM"
"6128bf7ace7a7d47ba0c8781cbfb4e0653a3cf0d","916ee7f8e1b62210bc8cd4e2054926e2f423a5fa","HAS_ITEM"
"0b3c8a1087c20f7dd1833cf620259db28b6acea9","ec2ca0b0e783ac9ca899638d0cc3de9c565856fa","HAS_ITEM"
"0b3c8a1087c20f7dd1833cf620259db28b6acea9","b05800b21e71e36bcb34719e46adb75d37bf8432","HAS_ITEM"
"0b3c8a1087c20f7dd1833cf620259db28b6acea9","2776ec913d2543fad46bd62b4d98024ab75caf0c","HAS_ITEM"
"0b3c8a1087c20f7dd1833cf620259db28b6acea9","3b5956c7a2d2d6d6262725ea8c69a4d1d124c002","HAS_ITEM"
"0b3c8a1087c20f7dd1833cf620259db28b6acea9","6af0a3427c6aeec782f6843b24afa3f9c6365884","HAS_ITEM"
"0b3c8a1087c20f7dd1833cf620259db28b6acea9","2961afb131179686790d8a47149b5e7f0868716f","HAS_ITEM"
"0b3c8a1087c20f7dd1833cf620259db28b6acea9","0e01f4fe3fb723763ea401cc7a1fef4c169786f3","HAS_ITEM"
"e0c4ddcdbca22608546c15ff08271469385f26e4","862a15c10181d5f8de9039233812fffdef7e25fb","HAS_ITEM"
"e0c4ddcdbca22608546c15ff08271469385f26e4","ef7755a07c7d4de45299a7e7e9eb93e3d3581947","HAS_ITEM"
"e0c4ddcdbca22608546c15ff08271469385f26e4","cb9c203642475c954211a1586112c0b96c242748","HAS_ITEM"
"59ea9b9caf8e0b5dc4f2ce69eae6712c94aa34bc","879c083fc395c3ed9d911ba5689668708f23c7df","HAS_ITEM"
"59ea9b9caf8e0b5dc4f2ce69eae6712c94aa34bc","775ff21a37aa30189dd8421d670de2e3ccaa388f","HAS_ITEM"
"59ea9b9caf8e0b5dc4f2ce69eae6712c94aa34bc","9252d00fe2a2e2fc576cd0e6ef90ec0c3173302f","HAS_ITEM"
"59ea9b9caf8e0b5dc4f2ce69eae6712c94aa34bc","f6ecb06d2acf803b2561934277e86965958020ea","HAS_ITEM"
"ac7f53c9592afc79083f12a7370bac2244abe5ba","36f053c23444f9acb18c776de55f9451845dee19","HAS_ITEM"
"ac7f53c9592afc79083f12a7370bac2244abe5ba","db3448350aa79d7bfaac737e7e9658107cf47908","HAS_ITEM"
"ac7f53c9592afc79083f12a7370bac2244abe5ba","5de26f61dbe9d40cf8b8d9502166b0f1a084268f","HAS_ITEM"
"ac7f53c9592afc79083f12a7370bac2244abe5ba","6fbc068682c98a0640d73bc771f05ff17f21b87d","HAS_ITEM"
"c71385fd1c443dcf83adc87da79d23509aa4b7ba","1c8d0af34eefac68b30d27c4791d4c986538d6f4","HAS_ITEM"
"c71385fd1c443dcf83adc87da79d23509aa4b7ba","db8b2ac4e3f964bebd967a50b247ed4126b88c18","HAS_ITEM"
"c71385fd1c443dcf83adc87da79d23509aa4b7ba","d7cce85afcccb22c0fb4f556d37f6987baf64160","HAS_ITEM"
"9231d5c031f132d8688e4ef0763c8b0a0d1cd43e","f0f87eaba1c0f0bd2daba8965a101d605c3b4341","HAS_ITEM"
"9231d5c031f132d8688e4ef0763c8b0a0d1cd43e","370f832b02368300e0ae2ff5641c21159ea59cd1","HAS_ITEM"
"9231d5c031f132d8688e4ef0763c8b0a0d1cd43e","e81e2ec72fc861d699834598c91fe04f001cf516","HAS_ITEM"
"9cfb62efa0ed5e3dc733afc8bffa04b4ecf8104b","975de231e5c060a1f78dd14b6c5fcb5cff7364bc","HAS_ITEM"
"9cfb62efa0ed5e3dc733afc8bffa04b4ecf8104b","cff8bb8d8a1d39c431ca0d999559ab9e810c9502","HAS_ITEM"
"9cfb62efa0ed5e3dc733afc8bffa04b4ecf8104b","59be5adc95034bf19a67adea02c149f1039abb93","HAS_ITEM"
"0242fab9d49d411afd40240449fe6c0b8a8c76cc","3558737838c772f13da64915ffca653c5a59f432","HAS_ITEM"
"0242fab9d49d411afd40240449fe6c0b8a8c76cc","7771f83c75f4c48c1d879684d97fdb89a53861f4","HAS_ITEM"
"0242fab9d49d411afd40240449fe6c0b8a8c76cc","a0532624a9a31dc017d1980047bbeff94b619a54","HAS_ITEM"
"befff3e841332a6c03c38c7a234906915b1f1c9a","14dd3cfeb3819c08ccd65c3e0319bbfbb7f77a12","HAS_ITEM"
"befff3e841332a6c03c38c7a234906915b1f1c9a","c5e3ca44f30721c7a4caab42c4a25f06dd313ddd","HAS_ITEM"
"befff3e841332a6c03c38c7a234906915b1f1c9a","25c2edace1ebc8f7f21a4d90e052d28e19def912","HAS_ITEM"
"5c22a7173866569ea476ea826d0047150131bf3a","8b2ef7ee6fbaf3d9f16202da88f4c7ff5bb8c57a","HAS_ITEM"
"5c22a7173866569ea476ea826d0047150131bf3a","a7e3188a937a45b1c845cde2011bade637344848","HAS_ITEM"
"5c22a7173866569ea476ea826d0047150131bf3a","a6889d8ff1f8daaed4ef0016a44a16d4b56521ea","HAS_ITEM"
"a947c2f1bb1550e5714f0e0cdb0a1fe86d150cb1","989962368462bebd57b6781e4cb59a62a0356899","HAS_ITEM"
"a947c2f1bb1550e5714f0e0cdb0a1fe86d150cb1","2a5fd2b9488d51e8cb4863d13de37dfc3608be74","HAS_ITEM"
"a947c2f1bb1550e5714f0e0cdb0a1fe86d150cb1","4f7b2500384165b376b7e01adbbdc3e8aa29b3dc","HAS_ITEM"
"a947c2f1bb1550e5714f0e0cdb0a1fe86d150cb1","55d196ead687e0712c0ee43182e915575cbeafa5","HAS_ITEM"
"a947c2f1bb1550e5714f0e0cdb0a1fe86d150cb1","7aeff692142fbd7d0a0a5bbd78c1de0fda9d532d","HAS_ITEM"
"31e0b638a70c40d669699e5b5f0e5b3b932e5d66","22a3fcbc7f7e50538d98739d994e472c1f4a9810","HAS_ITEM"
"31e0b638a70c40d669699e5b5f0e5b3b932e5d66","b64d06bfdc7f14915386f315f5b8b04db2c65a8d","HAS_ITEM"
"48b5bc4a72a1146c98f25790618fb3f8eec6449d","69f7d5007bebd10127b38e6c84231f9310c24fc5","HAS_ITEM"
"48b5bc4a72a1146c98f25790618fb3f8eec6449d","3714eb68cb9962759ead616030fa0d761bd22402","HAS_ITEM"
"48b5bc4a72a1146c98f25790618fb3f8eec6449d","bf125b08e16358d4b77b4df9106673ce4d2d9ea2","HAS_ITEM"
"48b5bc4a72a1146c98f25790618fb3f8eec6449d","2c21a3fc0bb61f10c0a74f160d59fd085510e7dd","HAS_ITEM"
"48b5bc4a72a1146c98f25790618fb3f8eec6449d","6b7869561b32d5c2ddb9edf171acbe88e8a02a54","HAS_ITEM"
"e4714426ea883010954366daa32c7059454b5917","685b91b94029dbcefd51b3c71238bbf3ff406854","HAS_ITEM"
"e4714426ea883010954366daa32c7059454b5917","138d267f84c64a578cbcb9c19179d44d86372a1d","HAS_ITEM"
"e4714426ea883010954366daa32c7059454b5917","b4c5eb9db92051a3e5dba8b4e04cf9026bbf3dfd","HAS_ITEM"
"11af58c6571844f6d21392a9b54de9dae361b62c","e16e7152ac4201b423852a0babe9d2ff08f3ab88","HAS_ITEM"
"11af58c6571844f6d21392a9b54de9dae361b62c","c8ce955cdbbc74abbbb7eb55de32786210dd8825","HAS_ITEM"
"b07f72e3613611921a482f62e1faf0d813300329","8d03211074105ab34e6abec744442d8d7aac8074","HAS_ITEM"
"b07f72e3613611921a482f62e1faf0d813300329","988331e3896746403e494baf143614925f2156a0","HAS_ITEM"
"b07f72e3613611921a482f62e1faf0d813300329","9f497a2f8cdf1b8653b7be618dc5a5765b152630","HAS_ITEM"
"8289f50b369f3140737c5e3100efbcbf50b29d4a","62b56d104b7b424b7a3ac2bc7ebefac3459c0fbb","HAS_ITEM"
"8289f50b369f3140737c5e3100efbcbf50b29d4a","c06794384caade0e7b34dfd54a4fd392623268ea","HAS_ITEM"
"8289f50b369f3140737c5e3100efbcbf50b29d4a","2d6ef29b2a4699dfd2c9cd5b09d26ad7b96bafb9","HAS_ITEM"
"8289f50b369f3140737c5e3100efbcbf50b29d4a","f4fa7f8767facffd155490bf13342cf125a00c1b","HAS_ITEM"
"11eb065da9c5a7ced226b209df105d364a6920a6","df32371b9e2269355a0fc2e32e9ba5526733b2cc","HAS_ITEM"
"11eb065da9c5a7ced226b209df105d364a6920a6","9c1343c3af776e51076672cc7af61829ffde54a2","HAS_ITEM"
"11eb065da9c5a7ced226b209df105d364a6920a6","3aab72ca23b2ad11ad9ddd75a57cca8348e5f62f","HAS_ITEM"
"11eb065da9c5a7ced226b209df105d364a6920a6","05e1a2adf46fd7a836879a842bf6336572b913b0","HAS_ITEM"
"11eb065da9c5a7ced226b209df105d364a6920a6","0cfacf92d69809c2e1d6e6324c35c327982adfc3","HAS_ITEM"
"11eb065da9c5a7ced226b209df105d364a6920a6","cf92086fc905789085d34ace46975725094d2910","HAS_ITEM"
"bbb16ab287c8e4291befe919214d77f8b2237e72","662ed0a9f761362ed9afb4510d6fc41d147d1370","HAS_ITEM"
"bbb16ab287c8e4291befe919214d77f8b2237e72","0f9ece40751bef76fe9c924ed84d252eb311bc6a","HAS_ITEM"
"bbb16ab287c8e4291befe919214d77f8b2237e72","d0195e2361452c3b79ffacde7cf189851030d8b9","HAS_ITEM"
"bbb16ab287c8e4291befe919214d77f8b2237e72","488c235461e909b263ac6871d06ca0d1df6516fe","HAS_ITEM"
"e3bf818bd207e6a479abb19b57ba6d8235992858","4ca1bbb6dc7340f8decb86a92c89e40f81c0efdc","HAS_ITEM"
"e3bf818bd207e6a479abb19b57ba6d8235992858","6d7c90fca2ed0efb3402b2f12c813e5bafcac7a1","HAS_ITEM"
"7d1ac7473cf9011287ebd4fdcf90a47798b6755e","e336be71414926ca29435e88d15e14deeece399b","HAS_ITEM"
"7d1ac7473cf9011287ebd4fdcf90a47798b6755e","0ad65858830074a5be83d0aaf8512533cdf242f8","HAS_ITEM"
"7d1ac7473cf9011287ebd4fdcf90a47798b6755e","ae18a088dde6a18688967fe37d2e25b673712637","HAS_ITEM"
"7d1ac7473cf9011287ebd4fdcf90a47798b6755e","cefc70ccf635a11fab3c11c9c85ef9e7b2cabcc7","HAS_ITEM"
"3ff6e24d24d9e7c44b3e6187b5337268550a9ad7","79872497b5931d034ad6797b620b1c198aa20cc8","HAS_ITEM"
"3ff6e24d24d9e7c44b3e6187b5337268550a9ad7","ebe44e1c448e3cd35fa790414164564f6919cc42","HAS_ITEM"
"3ff6e24d24d9e7c44b3e6187b5337268550a9ad7","b923913e548f0a4d039dd9419fde999e46c10f6f","HAS_ITEM"
"09203b0049c58ca7e5c26e5dabcc6dcc8e363e73","69a237bfd986d756b6274b0bc2104c545b41bf39","HAS_ITEM"
"09203b0049c58ca7e5c26e5dabcc6dcc8e363e73","01404523603ff5002aa0e6dc06c419956007af9c","HAS_ITEM"
"09203b0049c58ca7e5c26e5dabcc6dcc8e363e73","41d1a33ccadc3065890149b3f7d2985e5a0fb5b2","HAS_ITEM"
"4cadb9e864eb5b4b303d65e992143a46c07cc90b","b54a92022ebbd3c4518d3eb554ee2ab73270a395","HAS_ITEM"
"4cadb9e864eb5b4b303d65e992143a46c07cc90b","637a28c27a7cdf30e7413781b76387fbe5aa4351","HAS_ITEM"
"4cadb9e864eb5b4b303d65e992143a46c07cc90b","87cb3e672ebbdbe74226e8fb9bf639ed3b4fc1ed","HAS_ITEM"
"0048cb2254eef37a014e7425d9d5c3855edd82c5","8ae611f98ced9e66078ffd6c85c1dddab4c0c028","HAS_ITEM"
"0048cb2254eef37a014e7425d9d5c3855edd82c5","283dbd681c26ae0829ebd61b032b33ace808394a","HAS_ITEM"
"0048cb2254eef37a014e7425d9d5c3855edd82c5","5f040f1c636ed204f4dcf5afc880a01ab05c8f5a","HAS_ITEM"
"9ca71e30959406faddd6da1ca8fa21bbedb198b1","cff082e2c7d9e7cf08fcc6392bec0a8f67fca5aa","HAS_ITEM"
"9ca71e30959406faddd6da1ca8fa21bbedb198b1","7e53355ead734cf170cb4d5c20203838da0b0423","HAS_ITEM"
"9ca71e30959406faddd6da1ca8fa21bbedb198b1","0ef97a7a4e09a10427e84f57f27db80940242f48","HAS_ITEM"
"9ca71e30959406faddd6da1ca8fa21bbedb198b1","b1bfeb40b0ebd2a3aec967854503d6264f03da66","HAS_ITEM"
"9ca71e30959406faddd6da1ca8fa21bbedb198b1","05e0889a8bdcf4b5d3e4beb88c01e150881599e8","HAS_ITEM"
"ce10ac9b2959dd205776b10d7e5b096ed20d6a2f","35b8ea0b0378c3ade9e21889d67e0ee9dfc5a9aa","HAS_ITEM"
"ce10ac9b2959dd205776b10d7e5b096ed20d6a2f","11002d0736c4204b3ba9ac59ba644e44491cb856","HAS_ITEM"
"ce10ac9b2959dd205776b10d7e5b096ed20d6a2f","d8ffa2fc8a4b027deaedf43a7fda208346ebe55d","HAS_ITEM"
"ce10ac9b2959dd205776b10d7e5b096ed20d6a2f","6f4ec2e767c7f532a72da92762e996eee271b35f","HAS_ITEM"
"52bf0ac6cefd03de96eaa3f106c5256ff737b9a5","42c271c23276e0fe714acf24827324e14a34058a","HAS_ITEM"
"52bf0ac6cefd03de96eaa3f106c5256ff737b9a5","c71a1a2f6f21b611c000ef8bfe9f1aa2b95c205a","HAS_ITEM"
"52bf0ac6cefd03de96eaa3f106c5256ff737b9a5","ba37f0583116e845d6e2e2ad4d5b3f01e12ba6dd","HAS_ITEM"
"52bf0ac6cefd03de96eaa3f106c5256ff737b9a5","5d2702722bd2fd76f9d660a24c55f67517afdc18","HAS_ITEM"
"52bf0ac6cefd03de96eaa3f106c5256ff737b9a5","aa9c57770732262cf10e7f0fb6367506a1e41312","HAS_ITEM"
"25e7d821f130a51db7f594e7b58c1f15004015c2","ad63e3b6c18b8c5f63a5de9b15c921c24ec7fc98","HAS_ITEM"
"25e7d821f130a51db7f594e7b58c1f15004015c2","001b7d93405dd74d59fa2a1c63fda2e4789f6a3c","HAS_ITEM"
"25e7d821f130a51db7f594e7b58c1f15004015c2","607934772f447b5977338b3e63c5854a94d7c81b","HAS_ITEM"
"25e7d821f130a51db7f594e7b58c1f15004015c2","e532b2521872f71550b5df349c001dfd0613b31b","HAS_ITEM"
"25e7d821f130a51db7f594e7b58c1f15004015c2","95660ce983d86e88e61dc60310d85e944af47552","HAS_ITEM"
"25e7d821f130a51db7f594e7b58c1f15004015c2","a953005c1389b628c7dc85b15452a6816cf153a9","HAS_ITEM"
"76717051906e8ac3351d6fbad6666c551e0a9023","ac8e7201f16c500e5e5891347039299802806190","HAS_ITEM"
"76717051906e8ac3351d6fbad6666c551e0a9023","7a196935d04de3c6612cbdef77d07a1d8a829fbd","HAS_ITEM"
"76717051906e8ac3351d6fbad6666c551e0a9023","b39d0b77bc1e1257e7b242ee6b40342da2268689","HAS_ITEM"
"4de879c23361484fdf59e43139efe549d9a539f3","590cbc051a84ab3a03a730b29d88e6cff57a0197","HAS_ITEM"
"4de879c23361484fdf59e43139efe549d9a539f3","093c230c4190e23204534aa0546206c1c6c7a094","HAS_ITEM"
"4de879c23361484fdf59e43139efe549d9a539f3","436e4486a11f834977538e5a81282c40646d46ea","HAS_ITEM"
"2a574b150f9a44d0a80e7229c2b5bf6748b36766","d55bbb6364ff24e84d18c8a855c369d2860c582e","HAS_ITEM"
"2a574b150f9a44d0a80e7229c2b5bf6748b36766","295ba0ab8729495406c418f233c229838ba69cb4","HAS_ITEM"
"2a574b150f9a44d0a80e7229c2b5bf6748b36766","e86e9603b396363b413f40a2392fb36b5c7529cf","HAS_ITEM"
"2a574b150f9a44d0a80e7229c2b5bf6748b36766","6f5af4a3f22531dc55c44e9974c2aeb1230646cb","HAS_ITEM"
"1041bfcf562662c73aa389c8c5bbe07013fc2aed","f026382d9d5d6905fa7a1d756540295255dff195","HAS_ITEM"
"1041bfcf562662c73aa389c8c5bbe07013fc2aed","8857764b255e38d91e43458ec7b38b1034a28b4a","HAS_ITEM"
"ed4775c89cd72bc8db8915f74f84004698efb440","b7dc3d1cf8cc4effe0d1f12680a49b554da32ef1","HAS_ITEM"
"ed4775c89cd72bc8db8915f74f84004698efb440","0617e33af19be697bc2cbf5f15a02938b8658054","HAS_ITEM"
"d41441c0b6c3e7fa18c03a00aa9eca51d704f0d8","39aef07ba1f9775b0f44a9dd908ce0095a0ec1af","HAS_ITEM"
"d41441c0b6c3e7fa18c03a00aa9eca51d704f0d8","a399f0d5a37a0eb2755fd827b1131726bd748863","HAS_ITEM"
"d41441c0b6c3e7fa18c03a00aa9eca51d704f0d8","fea5ad238d2c0452044029b8b8f30fb01284ad9b","HAS_ITEM"
"422e940c9f4be37b7042c43169e3b205b5d57eb8","5ef59ef09e7ae728aa78c1b082f317f605f9531a","HAS_ITEM"
"422e940c9f4be37b7042c43169e3b205b5d57eb8","f079f8a7c78bf8ebe85dfa976e2bef08c98ba505","HAS_ITEM"
"7a45bbc00ab8fc65ffabb9ccc3caecd4d0bb67d1","606c4819731765848a72a9bb0832c3a8f3b4b76c","HAS_ITEM"
"7a45bbc00ab8fc65ffabb9ccc3caecd4d0bb67d1","2d4851bf7c74246e02064f3bc29da20b65466e27","HAS_ITEM"
"f6e5d9b95fa211927baa00faff99e17f59f05603","ede439f8d95527a9d057ff4e50dc80c4d48d5131","HAS_ITEM"
"f6e5d9b95fa211927baa00faff99e17f59f05603","def5c584430022c4300d30027f5ee44dfdc69bf6","HAS_ITEM"
"86607ab7dd738eb8411979ecc497029b4e1d20bf","bb1fb0f1ab3f9af1fbba879e23e180a482b82fff","HAS_ITEM"
"86607ab7dd738eb8411979ecc497029b4e1d20bf","a52fe8729c0a5f6778ec0b59429b0b292f4c3bf7","HAS_ITEM"
"86607ab7dd738eb8411979ecc497029b4e1d20bf","354246e9f5881f82d1e13cdd9e5ac88071eb9a30","HAS_ITEM"
"86607ab7dd738eb8411979ecc497029b4e1d20bf","b92ba66cf550bc7eb0e1e60e383c8949e9b66b9e","HAS_ITEM"
"86607ab7dd738eb8411979ecc497029b4e1d20bf","e8d886f53eb227a599c052a1afb48c6061230de2","HAS_ITEM"
"86607ab7dd738eb8411979ecc497029b4e1d20bf","ce9bd646ced0ca91ea2a8cc326334007203e56e6","HAS_ITEM"
"86607ab7dd738eb8411979ecc497029b4e1d20bf","19696cdcdf0db0134be1feef5732005db4ad849c","HAS_ITEM"
"86607ab7dd738eb8411979ecc497029b4e1d20bf","3bf466326a547b70b670f17351ef4d9261486eae","HAS_ITEM"
"86607ab7dd738eb8411979ecc497029b4e1d20bf","bf925151b3a87d33a02e31a47ae93d7f2e068e42","HAS_ITEM"
"86607ab7dd738eb8411979ecc497029b4e1d20bf","ff4e98d42e1899cd3f47ff3a4f38e69a88ee73d5","HAS_ITEM"
"86607ab7dd738eb8411979ecc497029b4e1d20bf","ee95b23a109e95903e80dea74907fcf5faa84ab1","HAS_ITEM"
"86607ab7dd738eb8411979ecc497029b4e1d20bf","c139240061a19b89738b60d1fe42a5622035d870","HAS_ITEM"
"a986b0f8b4abc62c8bc84fd51a2fc9b143c8c181","30856950ac968dc4feee87b17d2f3dfcf035e315","HAS_ITEM"
"a986b0f8b4abc62c8bc84fd51a2fc9b143c8c181","b7e929e12dc5e431f8f11f9ff4883d2f031d32cd","HAS_ITEM"
"a986b0f8b4abc62c8bc84fd51a2fc9b143c8c181","26b1455bf5dca6dfba3ebb4365066ad9911b98fb","HAS_ITEM"
"a986b0f8b4abc62c8bc84fd51a2fc9b143c8c181","9b8bff8e6502fe395db82ee073617a4f53f02afa","HAS_ITEM"
"a986b0f8b4abc62c8bc84fd51a2fc9b143c8c181","85f516a84ea7b6d916988300699ad01db6475755","HAS_ITEM"
"85ff83024d8a13a59ca64a9f4087bb69d03b1aa5","0e021f57d1dfc59a161bdda4aec0d28dbae5b592","HAS_ITEM"
"85ff83024d8a13a59ca64a9f4087bb69d03b1aa5","805925aafe82d09ae8be9bc9899dea842c85da86","HAS_ITEM"
"bb3d572559a504886b2553d2d0642217d6e7a834","b215c337b5211ec1ce84a0ff5e649006027da5ce","HAS_ITEM"
"bb3d572559a504886b2553d2d0642217d6e7a834","ff6ee26c4caf1b93190cc3bc9022084f9889d640","HAS_ITEM"
"bb3d572559a504886b2553d2d0642217d6e7a834","2829f2c20c6275f6dddcc872d56746d3184e3783","HAS_ITEM"
"bb3d572559a504886b2553d2d0642217d6e7a834","66d43b49dd15e2c23c2ea225e9b4e326ad2d3c05","HAS_ITEM"
"ebd35993101be2c1c19294f210449567c2541e6f","ba6960ac59ee2c95e13ab2860edfe0e51b1b0612","HAS_ITEM"
"ebd35993101be2c1c19294f210449567c2541e6f","ba982599de35f7041e3c420aded8b00425039f1b","HAS_ITEM"
"ebd35993101be2c1c19294f210449567c2541e6f","b51cfe67ba3553d19e78ca14ce226a8f8e1ee54f","HAS_ITEM"
"ebd35993101be2c1c19294f210449567c2541e6f","42dbada68b9b5616cab0acfda2f7a4c45ef49f04","HAS_ITEM"
"63ea6b7d2a2263457d8d87718130c2924857bc8e","fbdb29ca0f740b864a5505fab1cae63a7f950819","HAS_ITEM"
"63ea6b7d2a2263457d8d87718130c2924857bc8e","8408be43389a8bd0e5cf7c45f2b8821842ecbd68","HAS_ITEM"
"63ea6b7d2a2263457d8d87718130c2924857bc8e","8442c684b8101ebf0cd5bee4632d5827a31c010b","HAS_ITEM"
"63ea6b7d2a2263457d8d87718130c2924857bc8e","8257988c89559491316ed29affcf6c1c1bb2d4e0","HAS_ITEM"
"a1cbb83e9aeee35640bbc0144c5288c4fce4184c","bae49bf128287af2fd605569a3d0285efdffc38b","HAS_ITEM"
"a1cbb83e9aeee35640bbc0144c5288c4fce4184c","cd46821365c6043e9cfd9bfff30fee56596e4898","HAS_ITEM"
"29d9bf45632912ad6dca12de8cd01fa36647ef24","9ea3d3ad64be9938db655024537ac41817c198f7","HAS_ITEM"
"29d9bf45632912ad6dca12de8cd01fa36647ef24","fbf8c7c63b45c0651c459bbd4ffdbea94415ad60","HAS_ITEM"
"29d9bf45632912ad6dca12de8cd01fa36647ef24","0c3240c7062cc0d62a96770d426b23258f4e4e81","HAS_ITEM"
"29d9bf45632912ad6dca12de8cd01fa36647ef24","f9dde9d5e6878d37ba2b3d1ce97a417ab9dc9b26","HAS_ITEM"
"29d9bf45632912ad6dca12de8cd01fa36647ef24","fc498820b4ca3dcc7cce3632eb6c0f3664dc69d8","HAS_ITEM"
"5765823e38df853378af30185b469d2d20e99cd0","c7deebee10cce87207f8f3ddc67debc3c784ab61","HAS_ITEM"
"5765823e38df853378af30185b469d2d20e99cd0","a05991965edbc6f22d26e78de29d5978e3e7744c","HAS_ITEM"
"5765823e38df853378af30185b469d2d20e99cd0","81c0e7b455afada263747911c1b92c73ca331471","HAS_ITEM"
"5765823e38df853378af30185b469d2d20e99cd0","d9b40e60e72b88a9305356745f42b85b4f9d538e","HAS_ITEM"
"271142165f6f1abe372707e8befd1c969037a8f5","65093bd81b820d071dfef8818091acc131f75838","HAS_ITEM"
"271142165f6f1abe372707e8befd1c969037a8f5","f6af600c8a93cca3d96cd83b0bd8654996dcdb6b","HAS_ITEM"
"271142165f6f1abe372707e8befd1c969037a8f5","6e5715d9444622fabe1eaa4a184967674c854de5","HAS_ITEM"
"fbcdfe19c143777e4e153ce152d15f57110a7c63","a568706b6e4fe6c6d58106b177e0dce30a44a8d4","HAS_ITEM"
"fbcdfe19c143777e4e153ce152d15f57110a7c63","18b6de7026106f5898db122b6a6fb66e618fdcea","HAS_ITEM"
"fbcdfe19c143777e4e153ce152d15f57110a7c63","b835d598179398354813730bb23f88d6b877265d","HAS_ITEM"
"fbcdfe19c143777e4e153ce152d15f57110a7c63","6ce67686e982107cc35a12f1a9a561985a2cb1ab","HAS_ITEM"
"8ce34bbb2acbc9494517493f1d1d8efd35387303","e9782045da7d217f993b5de2287318db3fed4160","HAS_ITEM"
"8ce34bbb2acbc9494517493f1d1d8efd35387303","bd450f5d059177f5c0207897389beeadcee97479","HAS_ITEM"
"beef7b7576c42db50c4019718069cf8ee9f53555","c8dc6a201b68f9c256c58065cfa408bca0031588","HAS_ITEM"
"beef7b7576c42db50c4019718069cf8ee9f53555","ad81e96d6c8095630d99ef9d7886f5987c5bf593","HAS_ITEM"
"6898c49730058f61f815ddf2c36c13c2d69154a5","682da4b93832478c8fa64dccadc48bb41f3da18d","HAS_ITEM"
"6898c49730058f61f815ddf2c36c13c2d69154a5","46a4de797b7821dae29fd7a48ced9cfb85ca4d65","HAS_ITEM"
"6898c49730058f61f815ddf2c36c13c2d69154a5","72245a3ef5593c2c432507b95f466b3a7ba924fe","HAS_ITEM"
"6898c49730058f61f815ddf2c36c13c2d69154a5","7c4873c5f6a3fbd95e99af40fa07dd6e5a154e4b","HAS_ITEM"
"6898c49730058f61f815ddf2c36c13c2d69154a5","0edc67a77127333e7e481a11a2217649a420b596","HAS_ITEM"
"b1b56f35adc49c0a7dd6a0e58d68889739f3904f","065c97d1d28ba5971904c896a179edb0f0bbf934","HAS_ITEM"
"b1b56f35adc49c0a7dd6a0e58d68889739f3904f","8a043e9cd707b82a1a305c126209c75f0e732811","HAS_ITEM"
"b1b56f35adc49c0a7dd6a0e58d68889739f3904f","f4f02aa7024c4e6332d7fd28b38927f7bd4cb1e7","HAS_ITEM"
"b1b56f35adc49c0a7dd6a0e58d68889739f3904f","b47f7dbc1533899c7cdfb6df70742f46c7cd4df7","HAS_ITEM"
"b1b56f35adc49c0a7dd6a0e58d68889739f3904f","9d54aaaf5de4cb63a13dc9de546b7136727221fa","HAS_ITEM"
"b1b56f35adc49c0a7dd6a0e58d68889739f3904f","c5c708624de0a6111305dd9c46a18c6170e046a6","HAS_ITEM"
"b1b56f35adc49c0a7dd6a0e58d68889739f3904f","a014870b855fbc17d8f78854be484fb49a771cde","HAS_ITEM"
"b1b56f35adc49c0a7dd6a0e58d68889739f3904f","e8629e36e433747850ca54ab0f5576fc98c66b34","HAS_ITEM"
"b1b56f35adc49c0a7dd6a0e58d68889739f3904f","65427c6f9046f2b0de5f9b42b752b67e1e681cf2","HAS_ITEM"
"b1b56f35adc49c0a7dd6a0e58d68889739f3904f","529fd03ad6a28954a83dc8987bba21a6d19129f5","HAS_ITEM"
"b1b56f35adc49c0a7dd6a0e58d68889739f3904f","59a13a81ce5577f08fad713c63d3e14b164e993b","HAS_ITEM"
"51225dbb16cbe19b4582dd0359c726319b141ab4","09d592a6ae751e2740bf2869b898a5797c333d9a","HAS_ITEM"
"51225dbb16cbe19b4582dd0359c726319b141ab4","fc54cbaf839dfd762c02b28b1e42d70f49b7a96c","HAS_ITEM"
"51225dbb16cbe19b4582dd0359c726319b141ab4","fdddcf384fe4aefa8dbf7dfee293895583ca1ffc","HAS_ITEM"
"fdb42c26c13cb4d01130577d579f31366f4dfbbf","2b0267cba7bb1ebbf8f9d8d86bb7ccd44bed4e59","HAS_ITEM"
"fdb42c26c13cb4d01130577d579f31366f4dfbbf","a9d78392312cf69aa69e69e2bc2e66018df9f3be","HAS_ITEM"
"fdb42c26c13cb4d01130577d579f31366f4dfbbf","075a56419c15c85bef8913eaf623e7fc9a6f955d","HAS_ITEM"
"fdb42c26c13cb4d01130577d579f31366f4dfbbf","147664578590c93fc9b8d1e8e791e299302e8aed","HAS_ITEM"
"1b10fb4710f7e6aa9627da59c186af8a6b765e29","c1def97bd83b818615bc9dec6124f3afa0e96e6a","HAS_ITEM"
"1b10fb4710f7e6aa9627da59c186af8a6b765e29","e35098b5030273eec902487729989927c950d706","HAS_ITEM"
"1b10fb4710f7e6aa9627da59c186af8a6b765e29","fcc492924eb347113a682a412102571aa4058b5b","HAS_ITEM"
"89e6c7fe591a8ed5bf6b71c8aff8382529c71ae7","3bbad0fd880e46e7ab109993803bcd6a8bb36f6c","HAS_ITEM"
"89e6c7fe591a8ed5bf6b71c8aff8382529c71ae7","9e99d70c70298930500c83f590408f9034490a8c","HAS_ITEM"
"89e6c7fe591a8ed5bf6b71c8aff8382529c71ae7","5afa2af3d77bdb0703777ed68fbde93534e8e03e","HAS_ITEM"
"89e6c7fe591a8ed5bf6b71c8aff8382529c71ae7","1c38f8d6414903c77977f07028e138fefd4e6c6e","HAS_ITEM"
"89e6c7fe591a8ed5bf6b71c8aff8382529c71ae7","a3201a9e56b15301fc3878c658b3a892c660099d","HAS_ITEM"
"89e6c7fe591a8ed5bf6b71c8aff8382529c71ae7","b269c13b62b7dd0bb474c13bf29156160a6c9386","HAS_ITEM"
"89e6c7fe591a8ed5bf6b71c8aff8382529c71ae7","0880963849f35807207947e702b4c9f5d17c32de","HAS_ITEM"
"1b4e969dd17b30ddbdfe84af98146df6b8e6cc29","09bc1aa88ccceb5401e62d94b952ac9ce32488cf","HAS_ITEM"
"1b4e969dd17b30ddbdfe84af98146df6b8e6cc29","9466695a0f30f2e2f069dba5fa291cefd548f873","HAS_ITEM"
"1b4e969dd17b30ddbdfe84af98146df6b8e6cc29","9dc6cda671a0ae8c9f9bbdab425734ada724ef7f","HAS_ITEM"
"1b4e969dd17b30ddbdfe84af98146df6b8e6cc29","344beeac3976bccbacfd9fb21ad6cdf0b81f0e4e","HAS_ITEM"
"6bea66a6901951cf62890e81819fb783c9c42ddf","3cced6649e0d36b65b2f021071ee21276ce0d44f","HAS_ITEM"
"6bea66a6901951cf62890e81819fb783c9c42ddf","c898079a9b90e89eed8ef7b3c9d74e3a78ddbba0","HAS_ITEM"
"6bea66a6901951cf62890e81819fb783c9c42ddf","b0326ded44593114b8e72220d898816d1dde35a8","HAS_ITEM"
"6bea66a6901951cf62890e81819fb783c9c42ddf","9c5a6ba78a6bebcff7763ae6852780971f46ca5f","HAS_ITEM"
"6bea66a6901951cf62890e81819fb783c9c42ddf","0b15864afc7c93ce420b097b25074e154262e39e","HAS_ITEM"
"85a5f7e7b77a010528ea37e7405d99e961b37a2d","dc4bde1d4956de289a4dfc5ef71f13d07b31c24a","HAS_ITEM"
"85a5f7e7b77a010528ea37e7405d99e961b37a2d","38e404a63bfe95823a2c734d50044b783d727d7c","HAS_ITEM"
"d55279cf71a8889683a98a9c42888e407f1c2bfc","e2215d84bd167ea38e358739944cf7a64066cf43","HAS_ITEM"
"d55279cf71a8889683a98a9c42888e407f1c2bfc","61cb42975c7a1e923f1424470d93c38c85ff9985","HAS_ITEM"
"d55279cf71a8889683a98a9c42888e407f1c2bfc","30d94d833fdc041fd5bc8ac054cb8c3d7d9c591e","HAS_ITEM"
"d55279cf71a8889683a98a9c42888e407f1c2bfc","5f0ce7ef0353166ecc07cf841b82e6d617cf4a2e","HAS_ITEM"
"7d2a0ec98e37acdadb1b3dcef5e90735bf4d8f65","c59b66c37f6ad11f0b98359a4447312e92727dd7","HAS_ITEM"
"7d2a0ec98e37acdadb1b3dcef5e90735bf4d8f65","cf93ea6b2ea7ba6ca8886b519b9c1cada93780b8","HAS_ITEM"
"7d2a0ec98e37acdadb1b3dcef5e90735bf4d8f65","167e210289d904f44b155df95a1abe669249e4aa","HAS_ITEM"
"0bcc78f58403ecd9790e75ac50af5356c7dddc38","2463b38902221b268a14fa103014fe2baf1cb8e4","HAS_ITEM"
"0bcc78f58403ecd9790e75ac50af5356c7dddc38","b8c122e642ea7bd6a3389bcc8dd6efd1bfc90f47","HAS_ITEM"
"0bcc78f58403ecd9790e75ac50af5356c7dddc38","c06bc03157f3b8d83a44fdfd489fd983dbb82493","HAS_ITEM"
"6875d927e8a1d697cec83a99282dd1c9ff9349a1","94e39ab21507156fb2215e46ce3ff87f18478b4a","HAS_ITEM"
"6875d927e8a1d697cec83a99282dd1c9ff9349a1","a12e472636a7c9d239c393772530db84fe30c484","HAS_ITEM"
"6875d927e8a1d697cec83a99282dd1c9ff9349a1","7c5918fb228a36a8cb2ddbd820d945f0fcc6d990","HAS_ITEM"
"01d11c9c432896eb040578eed7b03f3df55a5d7b","c8c61150f8d79c383f79dccd00188e67110ac673","HAS_ITEM"
"01d11c9c432896eb040578eed7b03f3df55a5d7b","57779226add3298e2dfd7fa4d82a125c3ff3e851","HAS_ITEM"
"01d11c9c432896eb040578eed7b03f3df55a5d7b","ee576d18d02465cf22fad829519437719f91e7ab","HAS_ITEM"
"01d11c9c432896eb040578eed7b03f3df55a5d7b","2bccdfa316a26aeda273a19511f906d3b99becbb","HAS_ITEM"
"01d11c9c432896eb040578eed7b03f3df55a5d7b","8016f16f3262e024fb5507d580046a3d69e9afbb","HAS_ITEM"
"01d11c9c432896eb040578eed7b03f3df55a5d7b","94c0915019afb6e9fc9265a0a614ca0b4ff58e62","HAS_ITEM"
"75bfbb52ef4ca9663f458a8c2e2b407f55986365","9ce4d461ef7d18d9eda2b3bd1a1b1fb9ae77687f","HAS_ITEM"
"75bfbb52ef4ca9663f458a8c2e2b407f55986365","02a6c05922139f8e7d417dd959c117c7923a95fd","HAS_ITEM"
"75bfbb52ef4ca9663f458a8c2e2b407f55986365","7a1c35ffb1f1434bf5beb382dd9cc18946219c5e","HAS_ITEM"
"d8a69764ec7a35eef79d2dfdf044578b8ddb1f32","1906fc968205a6f9c6a37cf1e4848f941e7523ea","HAS_ITEM"
"d8a69764ec7a35eef79d2dfdf044578b8ddb1f32","e60328658dde7aaac1a1c4b8acce1924ba9893b8","HAS_ITEM"
"d8a69764ec7a35eef79d2dfdf044578b8ddb1f32","e0b43679421a956ce03eaf3133f8fb9a75d70e7f","HAS_ITEM"
"e9caf3a0d55fae7e2819acb83b8cc49b71446e5e","00a9658d449429af7e245def4904c88f36ed586a","HAS_ITEM"
"e9caf3a0d55fae7e2819acb83b8cc49b71446e5e","eb788c4d51a64cf1ed9321d9d638a61873f561a4","HAS_ITEM"
"e9caf3a0d55fae7e2819acb83b8cc49b71446e5e","6fc50c9fb7b3aa6fba36b727fc19cb468c024197","HAS_ITEM"
"e9caf3a0d55fae7e2819acb83b8cc49b71446e5e","cecfcf76d10cf7c483bbd352e50eb757f2eb80fe","HAS_ITEM"
"e9caf3a0d55fae7e2819acb83b8cc49b71446e5e","fe4eb457e52273cd2269f67ca28b9040a1122337","HAS_ITEM"
"e9caf3a0d55fae7e2819acb83b8cc49b71446e5e","a27c0ce9c25885499f9ef84e153b1772777e2bc1","HAS_ITEM"
"e9caf3a0d55fae7e2819acb83b8cc49b71446e5e","ee475bf48a28801cd9a19f226451a86f82c51d6f","HAS_ITEM"
"bd14829e2fc5253a18306d591634a5264e9f9da6","e460e7775c2a2caf45ffef3183756b75b502a63a","HAS_ITEM"
"bd14829e2fc5253a18306d591634a5264e9f9da6","dfc5fe1714b78594e1bc6006c9ad7c4f8cd6e9a0","HAS_ITEM"
"bd14829e2fc5253a18306d591634a5264e9f9da6","306d3b14dc570b822a6569eacbfdee3e28c894f3","HAS_ITEM"
"aa7ec1dc511dadfe1dea2b94a031ce74a3fef1b6","5eb331b35cad37b831226296a3574a0d9418ec11","HAS_ITEM"
"aa7ec1dc511dadfe1dea2b94a031ce74a3fef1b6","847328b10165174596b2b223881a3f2e82b16520","HAS_ITEM"
"aa7ec1dc511dadfe1dea2b94a031ce74a3fef1b6","7b9adeee923bf40f48a1477503ce649c93f8da2d","HAS_ITEM"
"1061c3619d823cc0e1f87c5b527c6bc01070071d","29ec659ae3dc75a3de7f809dd133b997ebd21c71","HAS_ITEM"
"1061c3619d823cc0e1f87c5b527c6bc01070071d","d0eedd5849cfca329fabfa2c97910c51a9325357","HAS_ITEM"
"1061c3619d823cc0e1f87c5b527c6bc01070071d","e5b29c286a65f885e9b921c563e953f0162838f2","HAS_ITEM"
"21ef5460bc54e64311f91b52aa50895cd806989f","2dd09d20ef411f4d61ee20cd412ef71ac7830a22","HAS_ITEM"
"21ef5460bc54e64311f91b52aa50895cd806989f","cbc002d5249d69a8e97909b1b2e69a347d8ab1f4","HAS_ITEM"
"21ef5460bc54e64311f91b52aa50895cd806989f","47e68b7bbfacb7d18397eeb91f6596256d2317f8","HAS_ITEM"
"21ef5460bc54e64311f91b52aa50895cd806989f","963b6fdfecb35f425c3173bcbeb8e33bb4523786","HAS_ITEM"
"e7c9fac666c8f93b839883865433d9e85803bffd","101d461113ff77bfe0c23e4ebf151b1776f36d5f","HAS_ITEM"
"e7c9fac666c8f93b839883865433d9e85803bffd","9a299ac2db4a7ade57ef83f7c2cf7d3f9db150f2","HAS_ITEM"
"e7c9fac666c8f93b839883865433d9e85803bffd","e5215724683aa620985799542f6e25adc2ca4899","HAS_ITEM"
"e7c9fac666c8f93b839883865433d9e85803bffd","40671c547cdf0a201948ce86d0894dec0346377b","HAS_ITEM"
"e7c9fac666c8f93b839883865433d9e85803bffd","cf4d1cd56e3550845028a045b6c350dd5593d644","HAS_ITEM"
"a9cb920e371a8b38f9054401df656cf6e524de20","5674e1b893105defc3e0ff4a939661b52998c235","HAS_ITEM"
"a9cb920e371a8b38f9054401df656cf6e524de20","b0d70494d8dc2232f9d2ecec2fdff7ebb39b0fa8","HAS_ITEM"
"a9cb920e371a8b38f9054401df656cf6e524de20","a83a80ecfb87c340bf80862431968f0e6ad9e4bc","HAS_ITEM"
"c8964404f131d09fa1ac74444d7bc4ace9f9f86c","1fb097c16a13bde51092476c6bc8a2f8382a2d70","HAS_ITEM"
"c8964404f131d09fa1ac74444d7bc4ace9f9f86c","852e6ec88f31d2caec522628ca1e3eb4a8ec108b","HAS_ITEM"
"c8964404f131d09fa1ac74444d7bc4ace9f9f86c","e1ad95dec1f03a13dc820ec6879ea783d8c2e834","HAS_ITEM"
"c8964404f131d09fa1ac74444d7bc4ace9f9f86c","d1feef4fd54a7a722a7059cb3b2686ad166f9e91","HAS_ITEM"
"c8964404f131d09fa1ac74444d7bc4ace9f9f86c","ba9a05c794030dd386d8aa2454c58579926c46f2","HAS_ITEM"
"c8964404f131d09fa1ac74444d7bc4ace9f9f86c","f06cd2f7c37d44d5535936db3d74e2168eaf5c99","HAS_ITEM"
"adf4220aed6d4f7b413a470d60bd541bce303d13","bdcc110508232867f9cb2639d7f89bf8ffdb72f1","HAS_ITEM"
"adf4220aed6d4f7b413a470d60bd541bce303d13","d027a01aeaec954ce37b96c02eaeddb0d4b2bf8a","HAS_ITEM"
"adf4220aed6d4f7b413a470d60bd541bce303d13","fa462a7589db6c88bb8a8e58dad5c1f32f5f4cf0","HAS_ITEM"
"704d49a2ed4c9e9f9c315a49dd557c93af84174c","1bcb736ef5df9400084aef4e5317b478cc9f2275","HAS_ITEM"
"704d49a2ed4c9e9f9c315a49dd557c93af84174c","533aa01458548915c874ba06fe735acb1f7d839e","HAS_ITEM"
"37a2609ecd8ac3b5bf3cc018205c4cc7895ca760","81005344f8cd3c0782a492271d5fccca36b78ded","HAS_ITEM"
"37a2609ecd8ac3b5bf3cc018205c4cc7895ca760","8f18c9f0460ba113a8eb66aa79063e993a97f5c1","HAS_ITEM"
"6a3a62985b5181c3240a36ee811bd7c884428381","2c9e0ae1df398c0dbcb92d930b34e45d98c82bd6","HAS_ITEM"
"6a3a62985b5181c3240a36ee811bd7c884428381","7d74a730e75fa3379592f07e78ff623448735246","HAS_ITEM"
"6a3a62985b5181c3240a36ee811bd7c884428381","f3cae01c18ed8910000dc0fe5a4e154c3b1e472d","HAS_ITEM"
"5031ea40746df85eb50a5431b63ab42c22ae33fc","c53d0552677648ba2cad20a1c0d389d520177835","HAS_ITEM"
"5031ea40746df85eb50a5431b63ab42c22ae33fc","afbdb1d19b69a81a48f2a7b9e94b7df907e59122","HAS_ITEM"
"5031ea40746df85eb50a5431b63ab42c22ae33fc","58523fa048f8d7c46aa02b89058cfb883a62b329","HAS_ITEM"
"5031ea40746df85eb50a5431b63ab42c22ae33fc","a7392bb41d1646c960247808a0cfff96d8b5a0c0","HAS_ITEM"
"5031ea40746df85eb50a5431b63ab42c22ae33fc","7b98f84c482f64a11870619b80e05596205968e8","HAS_ITEM"
"a1e849c03520770e506ba2096fb4503bd666cfdb","5052c4ec6e05787e7c890eb993c86337a0d48d6c","HAS_ITEM"
"a1e849c03520770e506ba2096fb4503bd666cfdb","12d6b682799b3566b0ec7a16164f87cb155bd4cf","HAS_ITEM"
"a1e849c03520770e506ba2096fb4503bd666cfdb","8cd99928c65d9d1571e51252ec696e7ba5e6353f","HAS_ITEM"
"bab51b5f0cd1807a9ff4fd7a052a371d6af26b49","d2f8dbe06ac9114a50de4525cbd60c628171f29b","HAS_ITEM"
"bab51b5f0cd1807a9ff4fd7a052a371d6af26b49","3782cb23f9df1868b2fc2342cc1c775bb5fd552a","HAS_ITEM"
"bab51b5f0cd1807a9ff4fd7a052a371d6af26b49","df23584405d9884e89f070d8390f1e87cecf5bb8","HAS_ITEM"
"bab51b5f0cd1807a9ff4fd7a052a371d6af26b49","d0b745f000aafb311073e4195daa11f839ac0094","HAS_ITEM"
"bab51b5f0cd1807a9ff4fd7a052a371d6af26b49","f68731fee6492a0b41e9bf6bed7fac8ee4d6ca2d","HAS_ITEM"
"04cdea34c8751f2a6c79f66c76faaee79f4273c1","ba1e4949f215a189698c2d73267649606fca7750","HAS_ITEM"
"04cdea34c8751f2a6c79f66c76faaee79f4273c1","27466898fec0eba1b0522e3e1605cbc20044b698","HAS_ITEM"
"04cdea34c8751f2a6c79f66c76faaee79f4273c1","f4d8aec9e667b646e2e2c56fac69ac456dcaaf51","HAS_ITEM"
"04cdea34c8751f2a6c79f66c76faaee79f4273c1","54df9de3e1fea9bc892bbcb139d80d546e88c4e6","HAS_ITEM"
"04cdea34c8751f2a6c79f66c76faaee79f4273c1","3740ef05326d2f21987893c49c36f3f6afdba4f8","HAS_ITEM"
"04cdea34c8751f2a6c79f66c76faaee79f4273c1","e1022eee6a931b6f12bd464ba72431b4a68a67fb","HAS_ITEM"
"df3a67d5a222a12f40169aa01bce105cad6cdf2f","8d45a09cca169b4dc47aa5ff2d8c7dbe76fe15cd","HAS_ITEM"
"df3a67d5a222a12f40169aa01bce105cad6cdf2f","72a0874539f1a15391015a795acd5de6f687a8e1","HAS_ITEM"
"776b8fa8cf9c7cd884575f9db388833ddcec8047","56237c79ef5bff71a664ecc6edc64dae5f29440d","HAS_ITEM"
"776b8fa8cf9c7cd884575f9db388833ddcec8047","f8a95824b7ed337004ca26a676a60da48d0b711e","HAS_ITEM"
"776b8fa8cf9c7cd884575f9db388833ddcec8047","fff36a0a7bf542891cf09bc6588f6e4c0a7a41f1","HAS_ITEM"
"e9e40c3045b79bbf72957a23cdfd142010fa2949","80745b88f81e6b2de1486b8722a2f794eda8f055","HAS_ITEM"
"e9e40c3045b79bbf72957a23cdfd142010fa2949","da9a741bf800d6e82ea5475876579db5987609d2","HAS_ITEM"
"e9e40c3045b79bbf72957a23cdfd142010fa2949","4cbbdeb388ab1ed03415ef47746620ddf755fe49","HAS_ITEM"
"e0f86f9d06e98cea4454e2f11df068a611d2fcf4","8fe51f9e499e5e27b8df812ea084c9f72fcb5d2a","HAS_ITEM"
"e0f86f9d06e98cea4454e2f11df068a611d2fcf4","6b1e8bb216c455ebe2f58645a6232eaa98bb35aa","HAS_ITEM"
"e0f86f9d06e98cea4454e2f11df068a611d2fcf4","73f7ac8c1087fba7c64b3585ac891fddee6ae99a","HAS_ITEM"
"f1a1f1007504b68cdbfc8e0d09615eb79d0b6f9f","167fa1e177bdd62bbf4b2259216efd6a4c122b91","HAS_ITEM"
"f1a1f1007504b68cdbfc8e0d09615eb79d0b6f9f","b72d8082b6cc5de20b08863cdd9c462b312176c5","HAS_ITEM"
"f1a1f1007504b68cdbfc8e0d09615eb79d0b6f9f","5ddb8ee49700a72c6903b68614ef3bc0c7582250","HAS_ITEM"
"717b59142abefe92d6a2ca99310bb6f688a24d59","6a2fd87d6119e7961e29ecb16aa59c33dfbfe1d0","HAS_ITEM"
"717b59142abefe92d6a2ca99310bb6f688a24d59","ef1b67bae529d60e9cb0923b5011bc7a931e8635","HAS_ITEM"
"717b59142abefe92d6a2ca99310bb6f688a24d59","519d0e53c1ac5a148e29feebac04fa5901ea77c8","HAS_ITEM"
"e7a3e41ee532fcebad2c5671d3891c33ddd8f0ba","df88c0b69f2a7cb0ac54d5ec22f04673f7a02308","HAS_ITEM"
"e7a3e41ee532fcebad2c5671d3891c33ddd8f0ba","1e564d8bce583b246fd27f0e15693c342451b30d","HAS_ITEM"
"e7a3e41ee532fcebad2c5671d3891c33ddd8f0ba","0a838b4365bc6c006553f5722c0d1784a3444d9b","HAS_ITEM"
"374a34bafec2707b04c8031e8ff555acd67978f3","19c024ed4c40a87419d94954a2d017c6c979f752","HAS_ITEM"
"374a34bafec2707b04c8031e8ff555acd67978f3","b99a77e2472f467963565d0f133f34738492245b","HAS_ITEM"
"374a34bafec2707b04c8031e8ff555acd67978f3","ef1c5f4bd0f0352481304ec8ab369e3ff104f973","HAS_ITEM"
"374a34bafec2707b04c8031e8ff555acd67978f3","90bf6683f181fcf8438e19a3cb29e2c36235b3c2","HAS_ITEM"
"374a34bafec2707b04c8031e8ff555acd67978f3","441d47338aaf2cec045e8c134687ac108aba794b","HAS_ITEM"
"374a34bafec2707b04c8031e8ff555acd67978f3","867c159329bf7fc6aa543bb11b5c422f00b9916e","HAS_ITEM"
"c69355d69907f56a4bd7e77757c5187b582fef4d","531d19a979f4ffafadf802bf11c5ea1cff4cbcb3","HAS_ITEM"
"c69355d69907f56a4bd7e77757c5187b582fef4d","580dadad2810b70c1186f6fe92c7f902ca2faae0","HAS_ITEM"
"c69355d69907f56a4bd7e77757c5187b582fef4d","4c91675de911fd4c759cdd28c7f0349ab45f8e97","HAS_ITEM"
"4aa4c9c2f32e576baa99cbcbe1fd477606ba8d51","230e5a53611ec47c3370f6cfd817ffb5105da774","HAS_ITEM"
"4aa4c9c2f32e576baa99cbcbe1fd477606ba8d51","11acd7e2b28b9ad24c0bd5930644e0788daf410d","HAS_ITEM"
"d98564cd3369b24a4d312c5a29714ccdcdbc77c4","29ea6ffb0c68b358e05e3ece2f712a495a8e840b","HAS_ITEM"
"d98564cd3369b24a4d312c5a29714ccdcdbc77c4","aa164f29a8438fc04e3f84ec12b0c3659aea15ab","HAS_ITEM"
"dd63d254d97101cc66b56c4e6277a0b2b54e7607","fe3f88f0ecced09b342797116a232e60213f11f7","HAS_ITEM"
"dd63d254d97101cc66b56c4e6277a0b2b54e7607","1f073705fa7b4598ede9cf3226de4e0a089651c2","HAS_ITEM"
"dd63d254d97101cc66b56c4e6277a0b2b54e7607","33e19ac1eb580265447ab0ac39a38f2728436686","HAS_ITEM"
"c38346a34d3be07ed67220c442deee9e256b28d4","6a44f58d4639811ad5d2f9adf91ce938933a3c48","HAS_ITEM"
"c38346a34d3be07ed67220c442deee9e256b28d4","5f3383902e780ae016a01b993de93ac9ca5050fb","HAS_ITEM"
"c38346a34d3be07ed67220c442deee9e256b28d4","36339b7438d26834940f802d9a7d67d9e69960e6","HAS_ITEM"
"5728da4e7ce55c24c77f28c04ecf3fed62fff44a","983fc8c77a4008c90a1499474fc5b4b6ad3af391","HAS_ITEM"
"5728da4e7ce55c24c77f28c04ecf3fed62fff44a","1c6f968e16a1a62d7ed834581a0138f0d924d3e8","HAS_ITEM"
"dca79d5fce9c80112a045d218078dbf189e46504","0367f48ef5548d5efc4cefac2e5efd2177efafda","HAS_ITEM"
"dca79d5fce9c80112a045d218078dbf189e46504","9af63cd1d85fcaa753ae4aad37a6125c132b92b3","HAS_ITEM"
"dca79d5fce9c80112a045d218078dbf189e46504","0fcbedb1ad565b4de25f1df8e3eb084cfc1fac45","HAS_ITEM"
"4be18d7d5e416be9e28acf219f7054732f36fe3c","279ba87f005504475fe1f0a6b79f44939cc46567","HAS_ITEM"
"4be18d7d5e416be9e28acf219f7054732f36fe3c","3c68e946a53ac49345edd7aafbf681c99b36f2d3","HAS_ITEM"
"4be18d7d5e416be9e28acf219f7054732f36fe3c","e697c81ed2fb75aa1c04fc43710a593368a79b23","HAS_ITEM"
"4be18d7d5e416be9e28acf219f7054732f36fe3c","1bf5a5de8b35604b0fa099d8a924c412ce9c5f7b","HAS_ITEM"
"2b35f7426d9f6f0244c42c7d538d26d6e1752e07","c1c6eb452733eabeb6068ae9e3d20cbd30f30cce","HAS_ITEM"
"2b35f7426d9f6f0244c42c7d538d26d6e1752e07","f0ae00f4fcc72a9c0816a743f29ffde84a69f9c0","HAS_ITEM"
"2b35f7426d9f6f0244c42c7d538d26d6e1752e07","677ec43984c9fc85dd0395b60aca41134d1b9639","HAS_ITEM"
"2b35f7426d9f6f0244c42c7d538d26d6e1752e07","744269527a0157f102f9fe7beb52a7835e2e84ca","HAS_ITEM"
"cd5d9252047b55bf90b21555b09ecdd616b80c66","33cf81b2f5d50ceea0921546fab26220d59dfb15","HAS_ITEM"
"cd5d9252047b55bf90b21555b09ecdd616b80c66","5fd488431f25f5569746d153b8b088910e78664b","HAS_ITEM"
"440567f0e94b473c584860aba30550c07b2dd7c1","319f96e6dd7743f3086374ac5591d22f2cae9694","HAS_ITEM"
"440567f0e94b473c584860aba30550c07b2dd7c1","ef203af281ab483d2d9f14ac9b54c2dc377959ea","HAS_ITEM"
"cf7b6fcf5114e3535c5a9d295b19d9379442801d","2ea5fa361d289685252dd89d2e4444ba514d49e4","HAS_ITEM"
"cf7b6fcf5114e3535c5a9d295b19d9379442801d","420ffe85d20a91095ceaf361e4f3b8c875718e20","HAS_ITEM"
"cf7b6fcf5114e3535c5a9d295b19d9379442801d","e23fda9881fc80308d942317a5abb6ca809d9d06","HAS_ITEM"
"4185f033fa30b4bc143fcc8f78be9d53a94a96cf","b80b484869b2444e7f4a06890a5eebb04ab0a163","HAS_ITEM"
"4185f033fa30b4bc143fcc8f78be9d53a94a96cf","b92aeb86b05012d08e938b11281865d67fa2a83c","HAS_ITEM"
"982fc7e9cc075ff9356e4030e99d722c388895de","5c664dcd8917df694f556fd5cda65a58f3aeae44","HAS_ITEM"
"982fc7e9cc075ff9356e4030e99d722c388895de","7962a9f95eab6173baadd23e895d9cc158596b8b","HAS_ITEM"
"982fc7e9cc075ff9356e4030e99d722c388895de","a1315803eb7ff73a5abe71d27583960dd7cab70b","HAS_ITEM"
"982fc7e9cc075ff9356e4030e99d722c388895de","5d20e76ec40457987122134d446974b7d1a6f252","HAS_ITEM"
"982fc7e9cc075ff9356e4030e99d722c388895de","331c73600425fed6f4d8774bf090d2f322c8d894","HAS_ITEM"
"982fc7e9cc075ff9356e4030e99d722c388895de","56132265dc7839f157926dcda0dc1945d4e8262d","HAS_ITEM"
"6ba88c3635a9139949d73ddcfba34766a7e08a6e","e9a13b2449d77ed44e7928a1ebc6172b1c0b7e59","HAS_ITEM"
"6ba88c3635a9139949d73ddcfba34766a7e08a6e","a0b26493d9d4e8246d122316ee4f407d0f82e873","HAS_ITEM"
"6ba88c3635a9139949d73ddcfba34766a7e08a6e","bab4b2c7fa2cf727fa2ba6b1612fcf67502ab737","HAS_ITEM"
"9dd17550059cef3de0be1b0adaf7ce46e51afc54","992b9edb97d2d32230979a0a4e19934d8c71a591","HAS_ITEM"
"9dd17550059cef3de0be1b0adaf7ce46e51afc54","9d511fb56013f9b323df35ab190183804f1fe573","HAS_ITEM"
"8f23f30af1c4eb8b3db3b5b65980b390eb180276","5fdbf12008c2349ca574f7d294911b39e60563ff","HAS_ITEM"
"8f23f30af1c4eb8b3db3b5b65980b390eb180276","ba529cafcfb4b46f972607d7752ddb4d37f9a19e","HAS_ITEM"
"8f23f30af1c4eb8b3db3b5b65980b390eb180276","1fe24fa71b36904f2a56d84dc2617a33695c69ac","HAS_ITEM"
"8f23f30af1c4eb8b3db3b5b65980b390eb180276","772c4dcdd048e704680f2ffbc1fc07eb8b64b393","HAS_ITEM"
"8f23f30af1c4eb8b3db3b5b65980b390eb180276","7384fab30cbe900cd9cfb6dd9a4bd7361669364b","HAS_ITEM"
"8f23f30af1c4eb8b3db3b5b65980b390eb180276","9d0250ad3ea776c0befec3944ab92ae41f198486","HAS_ITEM"
"6da6d19eec75eaa300f66867cbf3872066753996","7934380f4970da24c9805667b8b076169ffa3e30","HAS_ITEM"
"6da6d19eec75eaa300f66867cbf3872066753996","caf4c694d1407ca3d9422c8bd4c2212456caff36","HAS_ITEM"
"6da6d19eec75eaa300f66867cbf3872066753996","5fd84b3b89c2408844c2e3906cf4e25e4946d2f2","HAS_ITEM"
"6da6d19eec75eaa300f66867cbf3872066753996","4f2cb976bc8d3885402482c4cde26f38a4e85443","HAS_ITEM"
"6da6d19eec75eaa300f66867cbf3872066753996","1ddd95aeda8b428f82f4d7ddba7cb42563b8a972","HAS_ITEM"
"30626142ad508ddd56eb5ac6bee3e64f0162283c","2eb1cb9a365e494427392338286ce807288f23f1","HAS_ITEM"
"30626142ad508ddd56eb5ac6bee3e64f0162283c","e50032caafc1465e5f298f96f2acf6005b636d61","HAS_ITEM"
"30626142ad508ddd56eb5ac6bee3e64f0162283c","dec2abeb123fbada7e18dd6c43c48b1ae6e37c0e","HAS_ITEM"
"30626142ad508ddd56eb5ac6bee3e64f0162283c","956bd583c1b49cfa4e992bb7a84d5bc7e20b92ff","HAS_ITEM"
"3a69bf2cbc0dc96e691b30599d93ca6115a3a81b","900b8a04d8e5240349a7df0b381cf63e3a1291cc","HAS_ITEM"
"3a69bf2cbc0dc96e691b30599d93ca6115a3a81b","7905b913b3ce033b4d38ea08bf61e548b8a79496","HAS_ITEM"
"3a69bf2cbc0dc96e691b30599d93ca6115a3a81b","d285ee449751be70f2f10f80b0fbb2b995bc4d38","HAS_ITEM"
"e15eb414626305139b82be0a27cbad2ba6c5e1d7","5d3b7fb945f0f6cab8257488599cdb302e5ea31a","HAS_ITEM"
"e15eb414626305139b82be0a27cbad2ba6c5e1d7","c094dc502ef356659141cec16b193f75f6c5da8f","HAS_ITEM"
"b646b3a075b20c52ad033d334036361daf21e4b8","bd353579d165f94102e875c03dd426a06954ccef","HAS_ITEM"
"b646b3a075b20c52ad033d334036361daf21e4b8","02f44a10ff7fcf3cc0539769d92f57135bbff9ba","HAS_ITEM"
"63d3055c76f7eb407a33cbf177ff7b4f75c88245","701885183a47c83fd03c5ffb60e41c688c00db31","HAS_ITEM"
"63d3055c76f7eb407a33cbf177ff7b4f75c88245","48403b9edf5dbd8310d035df8d45cd9862536457","HAS_ITEM"
"63d3055c76f7eb407a33cbf177ff7b4f75c88245","cbf3323e8738f9f2d392b192489db4f95b6c4829","HAS_ITEM"
"b4418f81ff2707bbd28ee47cdd59888c6d022d92","b65048bd4d2de876c86f8772a7a7b42ede38ca1f","HAS_ITEM"
"b4418f81ff2707bbd28ee47cdd59888c6d022d92","f409e6e5d30a2f4da9c5d15ee927e5566f5001c3","HAS_ITEM"
"e0d174cf7d7d6d74fb4f24d8096fa26053c32daf","9eabadc580c273df2f34a6d7ecf491b0365fbe8d","HAS_ITEM"
"e0d174cf7d7d6d74fb4f24d8096fa26053c32daf","4fe20843b213d3c87038ddeb55255b3f46afcc83","HAS_ITEM"
"357303c3f614d26ea7986e4619e8febffae4f92a","547ea8777bd9b5e0223504e20e4bfae4837fde95","HAS_ITEM"
"357303c3f614d26ea7986e4619e8febffae4f92a","06a539819bf232957e0e91e21fac401fbbb9e7eb","HAS_ITEM"
"73d9be599e4b96b050ba9edf1a92afe3dda4b32a","e4fd598129a927b6e1ba393324ac67b0e3c06f48","HAS_ITEM"
"73d9be599e4b96b050ba9edf1a92afe3dda4b32a","2b43a3c0561c6f9e12a7a9e3cbe70343e8e0489d","HAS_ITEM"
"73d9be599e4b96b050ba9edf1a92afe3dda4b32a","245b65b12b238925cd7a1be0b8db975f23fd27fa","HAS_ITEM"
"0564fef5b31e062f7e6608e098063a298ac60f66","0d4682d6761a782892d58085907595b1dd76abfc","HAS_ITEM"
"0564fef5b31e062f7e6608e098063a298ac60f66","e482482298399021a6ecea7ffc5327894807b139","HAS_ITEM"
"0564fef5b31e062f7e6608e098063a298ac60f66","3588c7024daef900b3ad947b2fa60f5e528eedb8","HAS_ITEM"
"0564fef5b31e062f7e6608e098063a298ac60f66","9590644f9011d562f9cebbbbba33d0f5c6a7be75","HAS_ITEM"
"cfa02ae545db32ad545763516c5177012ee8ebb8","194bdb2f1bf22032477f9d836ed9cebd6fbcba60","HAS_ITEM"
"cfa02ae545db32ad545763516c5177012ee8ebb8","bd04654bac8762f1307552a2f9220e2d11b4c047","HAS_ITEM"
"cfa02ae545db32ad545763516c5177012ee8ebb8","c1777cbf39ca23c3ffc768081b491b485e9a71c0","HAS_ITEM"
"cfa02ae545db32ad545763516c5177012ee8ebb8","9ead800d1230a8cca7655e6e2b88c87edb98080a","HAS_ITEM"
"cfa02ae545db32ad545763516c5177012ee8ebb8","f9c87aa7fb303621424a0eb1c8e6910259dc9ec2","HAS_ITEM"
"cfa02ae545db32ad545763516c5177012ee8ebb8","aacaca34f1dba957959752d589471b0ea8d4af8d","HAS_ITEM"
"cfa02ae545db32ad545763516c5177012ee8ebb8","e6e74669815589c89dcbf36dcf5f488d1109aeff","HAS_ITEM"
"1d27ef6abf095916c417688f025bd72e9104382b","1602bf864a6e06a02ef7a614d03ec69dfe6210c5","HAS_ITEM"
"1d27ef6abf095916c417688f025bd72e9104382b","e58dcec96d6fc2d29228116929cd428ecfb6d138","HAS_ITEM"
"97fecff2e4f3b26a3b02fdc7fa9890c95d3b7273","8f1e925d45b7e8fc037614c2fa27c141d9ae4bff","HAS_ITEM"
"97fecff2e4f3b26a3b02fdc7fa9890c95d3b7273","6a57518e4e50d0544bc1108542dc1e0ee5f0ea06","HAS_ITEM"
"97fecff2e4f3b26a3b02fdc7fa9890c95d3b7273","b5181dc574cad64aa06c219a75da5c579fdccf4f","HAS_ITEM"
"97fecff2e4f3b26a3b02fdc7fa9890c95d3b7273","f3223cfa08fdce02c2da3cc80b9d9553385be7a5","HAS_ITEM"
"f107e5192b7907fd0066892743fe8d59ad8c414d","a5cdd08322c56cf4cbb52dde46b5a97b63c39d93","HAS_ITEM"
"f107e5192b7907fd0066892743fe8d59ad8c414d","58cbb64c9f6740686bc47b082f110e50ab258a61","HAS_ITEM"
"f107e5192b7907fd0066892743fe8d59ad8c414d","f9cd6f23292f7360b6fc35074087b541ece30f35","HAS_ITEM"
"f107e5192b7907fd0066892743fe8d59ad8c414d","9c1452740ddd956bf87d2e623a85790b04e74e45","HAS_ITEM"
"f107e5192b7907fd0066892743fe8d59ad8c414d","dd76226411e88d8fb9298e51896eb98c95f18bb2","HAS_ITEM"
"f107e5192b7907fd0066892743fe8d59ad8c414d","bf75c6cbfc0464ec929d1a0c6a86a769ed8ecabc","HAS_ITEM"
"f107e5192b7907fd0066892743fe8d59ad8c414d","4340fdf9a30368889a36aeda93f74fcdc9808d3e","HAS_ITEM"
"f107e5192b7907fd0066892743fe8d59ad8c414d","a87350e0fc04b8192807c5fa92a3abb6733d24d7","HAS_ITEM"
"245a5d03bdc6f3980929cfc175670e8c4c533979","bd4b917f116d61cd9e82e6f84a496f6b7526d7ad","HAS_ITEM"
"245a5d03bdc6f3980929cfc175670e8c4c533979","e46dfaf7ea173dfeaaa6cec7b5930d8741f9c490","HAS_ITEM"
"50bdd6fbadac17ce1903d68552e92687c6aaf504","cda346852b34f1fa3aaccda3c8489136be16fc3d","HAS_ITEM"
"50bdd6fbadac17ce1903d68552e92687c6aaf504","c1f5ba45c8df475b0875092807f2583470817ad9","HAS_ITEM"
"50bdd6fbadac17ce1903d68552e92687c6aaf504","7de0923efc1fd4a5fad3d367e11e869d60a21daf","HAS_ITEM"
"ca1ab452b57e16c272b51299681662cf1dd0994d","abeea91796ecd48293f3ac6250fb4155093e9e0a","HAS_ITEM"
"ca1ab452b57e16c272b51299681662cf1dd0994d","d3e3bfdcb40a9998f95056c90610c802f1318274","HAS_ITEM"
"ca1ab452b57e16c272b51299681662cf1dd0994d","f96c8d9fbd8946e8cac4ff0205535cdd7c83cf85","HAS_ITEM"
"c06613665e64580dccb8d430ca91a170eeb9e17c","8c9464b074da450c0d249ea2fa344a6a9a21c7dd","HAS_ITEM"
"c06613665e64580dccb8d430ca91a170eeb9e17c","ae080363b5261d0b4c0507366fa76e903bacb60b","HAS_ITEM"
"14981dd002ccdf7d04eba9d7dbd67b220efed7fb","30b4d30605b320dbc3d0f03abbb5d75efe29d380","HAS_ITEM"
"14981dd002ccdf7d04eba9d7dbd67b220efed7fb","08a5feb6ef3fa35bb4a9058e9579644ba7391bd3","HAS_ITEM"
"74858b1c8880542b34dbe5a445ace5a5b99fe1b2","f56f16511edce448abfa39c86f944c153081c467","HAS_ITEM"
"74858b1c8880542b34dbe5a445ace5a5b99fe1b2","1fdd934e358a7f9f9b0866203c801bc01ea8f03f","HAS_ITEM"
"74858b1c8880542b34dbe5a445ace5a5b99fe1b2","a3e889529a8176e83526586d745734da7f3b832c","HAS_ITEM"
"74858b1c8880542b34dbe5a445ace5a5b99fe1b2","e1e73f9a29edc54c806860dfdebb2d42449456e1","HAS_ITEM"
"faef2be20c8160a13473beb36d9a1c8c7df86bfd","b6a7f084aaa76b24d6641023ba6b84f742d38bbb","HAS_ITEM"
"faef2be20c8160a13473beb36d9a1c8c7df86bfd","eecd10ef0dac9da803f36cedff161cf3c95c224a","HAS_ITEM"
"faef2be20c8160a13473beb36d9a1c8c7df86bfd","af3c48069c71af6cdc2614b4e00429c3c6cf2ca9","HAS_ITEM"
"faef2be20c8160a13473beb36d9a1c8c7df86bfd","c1043ded2da928c59308cc3bfa5837e1c5573811","HAS_ITEM"
"45b19eef55ae945d5dd34a30696cf717221ade6b","cbcd41cce73e15bc6c81c5c9cb3ce10cfe3107b4","HAS_ITEM"
"45b19eef55ae945d5dd34a30696cf717221ade6b","9a4a9e026185f19372823309975bb96599af24b4","HAS_ITEM"
"45b19eef55ae945d5dd34a30696cf717221ade6b","46ab316cb10233c18aaf111f26379f38825b234f","HAS_ITEM"
"bb068720e320f04854c5a57f7c20a1c4ab17d462","3adfddfea4fc5e73b723dac64b8666748807d520","HAS_ITEM"
"bb068720e320f04854c5a57f7c20a1c4ab17d462","8b038e523c6776e437b0068579cdf0da795df915","HAS_ITEM"
"8e169ada96bd09eeb65f6d96227d6fb14c079876","a6071f0dac5049f26fd3cbba78c07a75046ad7eb","HAS_ITEM"
"8e169ada96bd09eeb65f6d96227d6fb14c079876","6e6d4675ab24e3df7ac395f2bfabf9021ad76202","HAS_ITEM"
"e20dae2cabe6ac264e1239f048aa55a5267ccc82","3f6ebf006a0bbbf26d91bb4ee2b3da85b61cc664","HAS_ITEM"
"e20dae2cabe6ac264e1239f048aa55a5267ccc82","a5a0771decac3055408492ed52a93a573cf907be","HAS_ITEM"
"e20dae2cabe6ac264e1239f048aa55a5267ccc82","94dfdd682f5d75b9be85ad09ce3fc72905cc25f9","HAS_ITEM"
"e20dae2cabe6ac264e1239f048aa55a5267ccc82","1e935d614ca7ccc2fbed1422d319b653741e948f","HAS_ITEM"
"e20dae2cabe6ac264e1239f048aa55a5267ccc82","34a2f2442c432807461805f32b44f6d53a90a5bc","HAS_ITEM"
"83bd4dd6cd31fcf086c6b6f5ba731998cc0ab548","c6c0eaf309b76ccf6642841c0bc47c8fd872f836","HAS_ITEM"
"83bd4dd6cd31fcf086c6b6f5ba731998cc0ab548","48592eb20f11d4eb7f66f3c50ec7043c3a200aec","HAS_ITEM"
"83bd4dd6cd31fcf086c6b6f5ba731998cc0ab548","c95ebdcaca4bb2951e190c16f133af9420990f9c","HAS_ITEM"
"83bd4dd6cd31fcf086c6b6f5ba731998cc0ab548","164b122f37d1307015c44cdf24b97294f1506bc6","HAS_ITEM"
"61b87790196bd226cdcb901150d5f5d0dea99bb1","b4d06994a9a621a494e8ecd5972ef75c7bc96bdc","HAS_ITEM"
"61b87790196bd226cdcb901150d5f5d0dea99bb1","648b28be376435e02c50a87d5f914fb4bc044b39","HAS_ITEM"
"61b87790196bd226cdcb901150d5f5d0dea99bb1","96ede79ba701e4ce619ca2bd46adf79c6dda8ceb","HAS_ITEM"
"93048e8aa062777084f9edb316279ec048c55b1e","49b9e209942106c935886f4c00a66b35af842ac4","HAS_ITEM"
"93048e8aa062777084f9edb316279ec048c55b1e","b07ba79ca97dae1425e99aeb496d0c8a751b3fc1","HAS_ITEM"
"93048e8aa062777084f9edb316279ec048c55b1e","74a8c5caa96cd8c38ad2feb86982b71e17544487","HAS_ITEM"
"93048e8aa062777084f9edb316279ec048c55b1e","00080be0c84d93b0400db66ac73a82a9cf6f221f","HAS_ITEM"
"93048e8aa062777084f9edb316279ec048c55b1e","80f7d9309a6acfbfa4f626be90d9dbd807c6e0a4","HAS_ITEM"
"f34e8d0be97e52047f3aee76b3f22383543025b3","cc7ab19a3c272df5a759b7e1d1b3e0ee7753f23f","HAS_ITEM"
"f34e8d0be97e52047f3aee76b3f22383543025b3","40abfee41309d44c8882f4fe31c78a7655256977","HAS_ITEM"
"f34e8d0be97e52047f3aee76b3f22383543025b3","3c741dccfcffc28603e4ec22b5acb69b1259edf9","HAS_ITEM"
"f34e8d0be97e52047f3aee76b3f22383543025b3","4410382f340be68852eb07c643b9bcf767ccc687","HAS_ITEM"
"f34e8d0be97e52047f3aee76b3f22383543025b3","e793cb8c6f5d12ed13283d2b8bd0d4a2c08fe22d","HAS_ITEM"
"f34e8d0be97e52047f3aee76b3f22383543025b3","842e0bd38c231ad7cf393f1eb2bcafaaf1914716","HAS_ITEM"
"f34e8d0be97e52047f3aee76b3f22383543025b3","4069523f168191043fb1bef6ea38547c7861e94b","HAS_ITEM"
"f34e8d0be97e52047f3aee76b3f22383543025b3","186485ddd0f5fb65a1f1ef137c937e018b5dfad8","HAS_ITEM"
"f34e8d0be97e52047f3aee76b3f22383543025b3","1ae804db7158b704d0c4df2f41d9d6c6ee4afbb8","HAS_ITEM"
"f34e8d0be97e52047f3aee76b3f22383543025b3","63a9b718e05eb886e9a8ac362816bdbe6e17d769","HAS_ITEM"
"f34e8d0be97e52047f3aee76b3f22383543025b3","6abe1c9adfd9daa730c26a370683ab491edbb196","HAS_ITEM"
"f34e8d0be97e52047f3aee76b3f22383543025b3","8d0af9fe32257e041fb18865f25acdf6318a0d7f","HAS_ITEM"
"f34e8d0be97e52047f3aee76b3f22383543025b3","4ca0f899b83803cb50752736a4c1113bfe04260d","HAS_ITEM"
"7d37df2b2b06714e7878a4b0d8ee81d6362d2217","6311bfde8c64d89ba04c56f0443b7a71d3c223fd","HAS_ITEM"
"7d37df2b2b06714e7878a4b0d8ee81d6362d2217","90455d94dd831e236519fe54aafc32711b701897","HAS_ITEM"
"7d37df2b2b06714e7878a4b0d8ee81d6362d2217","44207695396d44e2bd647cf5df12626cd0a46b3d","HAS_ITEM"
"7d37df2b2b06714e7878a4b0d8ee81d6362d2217","4e00ab7000cfefd4cbb24cf1ad50e108c581637c","HAS_ITEM"
"7d37df2b2b06714e7878a4b0d8ee81d6362d2217","01f30da8900ac9f72c578855d16d45fd2df68012","HAS_ITEM"
"7d37df2b2b06714e7878a4b0d8ee81d6362d2217","9b08cce9f7928aeb30b92c42e4cc5aa63bf4a8e5","HAS_ITEM"
"7d37df2b2b06714e7878a4b0d8ee81d6362d2217","3bf445eb8305f3ed233a66b44ca3efdeba410926","HAS_ITEM"
"7d37df2b2b06714e7878a4b0d8ee81d6362d2217","e174c5dc05f2181a95e90f728cb76ad9fa5b1758","HAS_ITEM"
"7d37df2b2b06714e7878a4b0d8ee81d6362d2217","589f9981892fc88865820cffbdc1232757daae81","HAS_ITEM"
"9a988c2059e45e092ecffa0cc9e20d98786b3a38","2371985f90ce5a1b6b3ca7faf0d26444d7f2c424","HAS_ITEM"
"9a988c2059e45e092ecffa0cc9e20d98786b3a38","92dcadd75e4625a1efde7e34cb7a688bd5c2e79d","HAS_ITEM"
"9a988c2059e45e092ecffa0cc9e20d98786b3a38","064c8a2c752d98d6ef73f707394ba68ac33d16a5","HAS_ITEM"
"1f9a0c8f00150daac4a4912d1ed2e20bd085f33d","7759484c253fe49f699a9d3472739010f5d7327e","HAS_ITEM"
"1f9a0c8f00150daac4a4912d1ed2e20bd085f33d","bcb9b89d5a624a937ab6e668f31751bf847b6d8e","HAS_ITEM"
"1f9a0c8f00150daac4a4912d1ed2e20bd085f33d","aa612cf4b04d5eeab6647ac792e88042caa7e602","HAS_ITEM"
"41cea2f458431bcf16f6516a99ce0c203c8d42d7","5f910c4f953c5c0b0d39306d5e17a4ac35ddb8da","HAS_ITEM"
"41cea2f458431bcf16f6516a99ce0c203c8d42d7","827a2fe1efe472cc36162461510d602c4d350b3d","HAS_ITEM"
"41cea2f458431bcf16f6516a99ce0c203c8d42d7","b821ca5569419d3ee4009f945794c9fdce9388d3","HAS_ITEM"
"37299e77027fada31338f2205646c57750f3981c","5579bab8fbc77f53ca5a9341ff9d5627e43fba45","HAS_ITEM"
"37299e77027fada31338f2205646c57750f3981c","8d7649e74fa446a730d99e55e6be9bef9eb0fff8","HAS_ITEM"
"37299e77027fada31338f2205646c57750f3981c","a4bff2bf2e484a6c280e0de14bea60311e3b34ab","HAS_ITEM"
"37299e77027fada31338f2205646c57750f3981c","601284d0db6eaeb5d98c0b852eba7057ee59794e","HAS_ITEM"
"1469f17e9eaac3e076e35506cd18540e1a9aed7d","2f404723f0953069ecf50e07284767e75dd10a55","HAS_ITEM"
"1469f17e9eaac3e076e35506cd18540e1a9aed7d","7117e0f8987cde36327eb82f81ee44795750ec6e","HAS_ITEM"
"1469f17e9eaac3e076e35506cd18540e1a9aed7d","220646715ac39895130966cd91699f740fc0f210","HAS_ITEM"
"02440341c6c24d23785c731a48b71d4c91afb168","027dedb0e7a0ae1d78647098f34956b8da169bef","HAS_ITEM"
"02440341c6c24d23785c731a48b71d4c91afb168","ae55dc814360a8316aa8698710ea41fe9f445551","HAS_ITEM"
"ce471c235c0600c7445ffc20db3af3765d222a9b","eb92680a330ca401628e0161d38fd8e285887a41","HAS_ITEM"
"ce471c235c0600c7445ffc20db3af3765d222a9b","7b9b7ce80a86d446c444a71aabc329bac041c455","HAS_ITEM"
"ce471c235c0600c7445ffc20db3af3765d222a9b","bd58a798b3d16972103e2f03238a6b0e0e5d96d7","HAS_ITEM"
"ce471c235c0600c7445ffc20db3af3765d222a9b","e7bc7f26d3699c74eb96dc458fb7d98f5029cc97","HAS_ITEM"
"ce471c235c0600c7445ffc20db3af3765d222a9b","66f23eb975c13069189b2c716e5e29d68cc12b9e","HAS_ITEM"
"ce471c235c0600c7445ffc20db3af3765d222a9b","dd2672526ebdc67410a10fc5c918a034654f79c6","HAS_ITEM"
"ce471c235c0600c7445ffc20db3af3765d222a9b","01fc41ec36a0f3fb7c3a5d512804fb263fc0de01","HAS_ITEM"
"ce471c235c0600c7445ffc20db3af3765d222a9b","0d485be0868cbf0ce386a62789971fe797bc8029","HAS_ITEM"
"ce471c235c0600c7445ffc20db3af3765d222a9b","90f41b86826ff7c3213ac096d4ade7a6e2fad3b4","HAS_ITEM"
"923e8499cc656d2f67d2fd6f381d332ab7a008ff","d46a1f77e400cf72a3dc9bb2c79248ce16d739bf","HAS_ITEM"
"923e8499cc656d2f67d2fd6f381d332ab7a008ff","9f9570b4ce723c6362543dc3611cf90d8288453d","HAS_ITEM"
"923e8499cc656d2f67d2fd6f381d332ab7a008ff","ff5b4d2cf0516a59948757105b0bd27bad292ffc","HAS_ITEM"
"923e8499cc656d2f67d2fd6f381d332ab7a008ff","427dfe300ada8972dc07c841d931497e8e2a68c1","HAS_ITEM"
"f4bb26668ac7e7c61ed619fee58ce01f6e111197","3fa75e8598d46210a039fa60d477baec19829443","HAS_ITEM"
"f4bb26668ac7e7c61ed619fee58ce01f6e111197","b4d9f5fd9252d1ee77b09923939ae4d776278b7e","HAS_ITEM"
"f4bb26668ac7e7c61ed619fee58ce01f6e111197","26100a93a1f9118d934af2dc8920d95beef2aadc","HAS_ITEM"
"f4bb26668ac7e7c61ed619fee58ce01f6e111197","479d8a9d0bfca9cd6c867861899887088197cd09","HAS_ITEM"
"f4bb26668ac7e7c61ed619fee58ce01f6e111197","e768c85a92e1d710f349aea88201bc6651943ab5","HAS_ITEM"
"0977daee8ab497ba19e0ef60517e25606368fa9e","09ab1f688aa3a3aece81a863995709c0628e9943","HAS_ITEM"
"0977daee8ab497ba19e0ef60517e25606368fa9e","34f3f748ebb26a7157b198f386eeb4fc6e905282","HAS_ITEM"
"0977daee8ab497ba19e0ef60517e25606368fa9e","bfffbffec558be00dca43add869ce63adb447e52","HAS_ITEM"
"0977daee8ab497ba19e0ef60517e25606368fa9e","f69e71b048f5c2ba9c0b657dabd9da0917cf02ab","HAS_ITEM"
"3611384d2e733d7b62572d60e9578f206372babe","730725e794d7854328544badc90d90c0f5dbb06b","HAS_ITEM"
"3611384d2e733d7b62572d60e9578f206372babe","3a91a70efeef17033724f75865d5d9445e48e90a","HAS_ITEM"
"3611384d2e733d7b62572d60e9578f206372babe","c36d91affb5dcb89e9be3792a93dadfd914453df","HAS_ITEM"
"3611384d2e733d7b62572d60e9578f206372babe","6c534b54b17327071183cbb3b57c8986ebe1ac04","HAS_ITEM"
"3611384d2e733d7b62572d60e9578f206372babe","895feaf8626fd42e380ffe310022ed492d872297","HAS_ITEM"
"bd02f73d0c159a24febc0f3b837098a73fd108d7","385ec28ea9b940bb8978be0092de49be21e5918f","HAS_ITEM"
"bd02f73d0c159a24febc0f3b837098a73fd108d7","83369805e50e958a608a87ca09c8da4ee641c5fc","HAS_ITEM"
"bd02f73d0c159a24febc0f3b837098a73fd108d7","b0308525193dc80f3b919cd8abeb74f5923da938","HAS_ITEM"
"250f56da7867b535fdd1ab8c0c1f76fd4b18ff84","277833ac08b82431d452d51824f8afc019cf02e7","HAS_ITEM"
"250f56da7867b535fdd1ab8c0c1f76fd4b18ff84","eb0c4992b4566e8ebbf703b96c5b50ceb7baf7fa","HAS_ITEM"
"250f56da7867b535fdd1ab8c0c1f76fd4b18ff84","78a8df690a7c30a13f89a7487fe6b3460c4d3636","HAS_ITEM"
"250f56da7867b535fdd1ab8c0c1f76fd4b18ff84","25f0bf75056bf5cdfbf781c241fe2dd6585d0cda","HAS_ITEM"
"250f56da7867b535fdd1ab8c0c1f76fd4b18ff84","1b7e5f4ef0bc30aa4b6a02c4a81b13b446a45756","HAS_ITEM"
"346bbc67756909eb8c6edd6bfdf1e03a165d2d43","8ae42ec6bdc9e0fbeab8421af2785ed4fb1448b3","HAS_ITEM"
"346bbc67756909eb8c6edd6bfdf1e03a165d2d43","25324e4c230b850b434357b83adfac3b8e819e3b","HAS_ITEM"
"346bbc67756909eb8c6edd6bfdf1e03a165d2d43","a33d65de8de1b89667c0b40ae622e5a536c07109","HAS_ITEM"
"346bbc67756909eb8c6edd6bfdf1e03a165d2d43","aac476c7c1c1a378873b51e8f139a5629641b7a3","HAS_ITEM"
"346bbc67756909eb8c6edd6bfdf1e03a165d2d43","09cb5593770078b6fafd2b8c0374197768d2a26d","HAS_ITEM"
"346bbc67756909eb8c6edd6bfdf1e03a165d2d43","b84a29b513e024ad622b2e373631a5226ca4e046","HAS_ITEM"
"346bbc67756909eb8c6edd6bfdf1e03a165d2d43","434080947c94e4f83705a1a9d31b7acef09328f6","HAS_ITEM"
"b58b9c1ab3c2f3dcdd15979dc597fb42a4c0c4a1","f8bac92fc3458f97e562be605e6adaa7506ec74a","HAS_ITEM"
"b58b9c1ab3c2f3dcdd15979dc597fb42a4c0c4a1","016a6ed08ab10ffea4fb4ad199d6f47332b140df","HAS_ITEM"
"b58b9c1ab3c2f3dcdd15979dc597fb42a4c0c4a1","06828dae19a0aec568b6e920c32df650fe6928a4","HAS_ITEM"
"2d0ccd66d3ea800ace4556e1a753776801f8d039","7049a6f1123508f23cc1d3f18bf47d857d07f6bc","HAS_ITEM"
"2d0ccd66d3ea800ace4556e1a753776801f8d039","712bc8c05e2de461c01e8aea23918cc058d39f5d","HAS_ITEM"
"2d0ccd66d3ea800ace4556e1a753776801f8d039","904df2d687eca6ef2172c8890ee53520001d6a7d","HAS_ITEM"
"2d0ccd66d3ea800ace4556e1a753776801f8d039","528236d14eb20b08871744f55a8e0a3aa3f6540e","HAS_ITEM"
"39d7c03c37feb11657322602243346e1ede919fc","cdecdfc439921bdff481f4570973756565af434f","HAS_ITEM"
"39d7c03c37feb11657322602243346e1ede919fc","636ed388050b423656b0a3faa8f44e7f9115dd33","HAS_ITEM"
"39d7c03c37feb11657322602243346e1ede919fc","c37b56a6a86428c645b93b7eeb5da190cae3b8ef","HAS_ITEM"
"39d7c03c37feb11657322602243346e1ede919fc","fae0113a09a8ef7019d34e5bdda091e2ea14da07","HAS_ITEM"
"39d7c03c37feb11657322602243346e1ede919fc","cf7f11007570460f3712409d9540bcca676bd33f","HAS_ITEM"
"39d7c03c37feb11657322602243346e1ede919fc","3a3e40e43f2033a9d449aef55b80cfecae271dea","HAS_ITEM"
"39d7c03c37feb11657322602243346e1ede919fc","a4977a70d350f06886a9ab52f96fb751572fa67a","HAS_ITEM"
"34593d9e791754431be3949fb9a9c9807cbd4f50","1d526a9234e19bf8949f78ef616f485f4f2994f6","HAS_ITEM"
"34593d9e791754431be3949fb9a9c9807cbd4f50","7cbc243a39156518498151fbd8f1eb80df9dd0fe","HAS_ITEM"
"34593d9e791754431be3949fb9a9c9807cbd4f50","71b510d40b7c33d5ed111b57c50cd89b58f069ac","HAS_ITEM"
"fd2f6c05f73532bac05535ea7111b1bde2364c61","004ea4f3611a8d701f2da76c62c5de47c5819944","HAS_ITEM"
"fd2f6c05f73532bac05535ea7111b1bde2364c61","f26aa80753926ab2b23ec916e843965f17558990","HAS_ITEM"
"fd2f6c05f73532bac05535ea7111b1bde2364c61","e658fc09c690ead8f0db45f13fca25b6d9cc452e","HAS_ITEM"
"fd2f6c05f73532bac05535ea7111b1bde2364c61","987bced2f2c75a543b031bafd28e683a914e6e6f","HAS_ITEM"
"5941d7c62cbbc3032cea6e39ed3532bd7f5c879a","012c24ec553ac996573ef65685e58f1eb2ecb78d","HAS_ITEM"
"5941d7c62cbbc3032cea6e39ed3532bd7f5c879a","8a88a9cf3eba805f4bb7088c248b1868db246ca6","HAS_ITEM"
"16016ed461c80983870c34448d3c5431a4f3fc9a","9afe0bb50b9fa709b8c11af5e90bae3a22a3fabe","HAS_ITEM"
"16016ed461c80983870c34448d3c5431a4f3fc9a","14f3dbbe5c43c13a53aca0a49435e1e2ba6447be","HAS_ITEM"
"16016ed461c80983870c34448d3c5431a4f3fc9a","201b9281417e6ff3dae358348d057dc0bca03cde","HAS_ITEM"
"9fe71541374cc3251280d49217a6b17f16ea0c04","8f1553c9d78cf9586cbf80dbc250884cef25d17a","HAS_ITEM"
"9fe71541374cc3251280d49217a6b17f16ea0c04","f783fffa2f69600060ecbc1ede57c4af30091454","HAS_ITEM"
"92b52d7b8dccaac1429a4f6dbcd0ada34b5fe3ee","93cbcc52ea39c636f370367fe9bcc170ed7bc32a","HAS_ITEM"
"92b52d7b8dccaac1429a4f6dbcd0ada34b5fe3ee","e42fa34a2ec5494892fbfa687cb26f6855659663","HAS_ITEM"
"92b52d7b8dccaac1429a4f6dbcd0ada34b5fe3ee","544d899e0778bafad548b96e6315b2ab62032bbc","HAS_ITEM"
"92b52d7b8dccaac1429a4f6dbcd0ada34b5fe3ee","074d33b0ee7f3934429af78b8927ab568c0976eb","HAS_ITEM"
"92b52d7b8dccaac1429a4f6dbcd0ada34b5fe3ee","5402ed04f4e614a15fcc9fe2b611f8822584ee25","HAS_ITEM"
"92b52d7b8dccaac1429a4f6dbcd0ada34b5fe3ee","00f9a856d8470c234e3ce5acc91263d352ad39ee","HAS_ITEM"
"92b52d7b8dccaac1429a4f6dbcd0ada34b5fe3ee","7078d24e25543d95613dffb678c6dd9e87c6ef0a","HAS_ITEM"
"92b52d7b8dccaac1429a4f6dbcd0ada34b5fe3ee","7ef42f6e863ca20f04ff7718d73ae8e7465852cc","HAS_ITEM"
"be97cf89de8804a4b028c58fa3c84a1109bcfc8e","f315ac271f8e2c3a24db5820b54511dbabfedce6","HAS_ITEM"
"be97cf89de8804a4b028c58fa3c84a1109bcfc8e","8c80ab83f4564c3edc46947c241eeccd1f0c8c7e","HAS_ITEM"
"be97cf89de8804a4b028c58fa3c84a1109bcfc8e","855fd2badcb18f236a2eaea03e00893b42eeb343","HAS_ITEM"
"d42f4204dc29b70a1a1e148c2aa4fe566c62754f","b323848e709dd59a4d87a6c8c31d12522d0128e1","HAS_ITEM"
"d42f4204dc29b70a1a1e148c2aa4fe566c62754f","b56072d08936d91d62a725941a5ede6b2f90fe85","HAS_ITEM"
"d42f4204dc29b70a1a1e148c2aa4fe566c62754f","277db02ed7cc96a671a156b45e9d705f2ba2b81e","HAS_ITEM"
"378232907a13a6844f848a9704a0623461be3b11","a186fb56832a647089af5ca41789451b35d46770","HAS_ITEM"
"378232907a13a6844f848a9704a0623461be3b11","789062a35118bbbd693fcba1f1d145cab9b5a14f","HAS_ITEM"
"ba40f1d228eb50f8b2e4af5b89de516c1be69b68","be533fbe8c03b640af09dc79c51446c066ed1a67","HAS_ITEM"
"ba40f1d228eb50f8b2e4af5b89de516c1be69b68","037993e1318f42e3699a0080c34eb3bb319bdcfb","HAS_ITEM"
"ba40f1d228eb50f8b2e4af5b89de516c1be69b68","1b3d7d7311d239fee11dd390d250ca4f13d6c5fa","HAS_ITEM"
"732dc534202abc64c831a18d3744c34168551143","470d8f5392f8a3958370b2553f772f0126efcca8","HAS_ITEM"
"732dc534202abc64c831a18d3744c34168551143","4d548832189d2d2a744fb24117d413dcf03ded1b","HAS_ITEM"
"732dc534202abc64c831a18d3744c34168551143","fe2caa03cb9c4db8398c14a1170e3d41792416ec","HAS_ITEM"
"b63591f4326b78fb1b911555563d31ac703bb134","d82e73dfdf3cfe4c6c23d8b2ce2953419caec45b","HAS_ITEM"
"b63591f4326b78fb1b911555563d31ac703bb134","837b0621dab0326cc4b9dba6eda5f2c98083e411","HAS_ITEM"
"ce36c094e0e27fd0b31dfea01d2893f86c517cd0","0d4b31494b97f3fa7e647a082cb395045c72942e","HAS_ITEM"
"ce36c094e0e27fd0b31dfea01d2893f86c517cd0","f17a8f1bb15e2d9d081ddbf4d4db0c91e0da133f","HAS_ITEM"
"ce36c094e0e27fd0b31dfea01d2893f86c517cd0","f9e41e7fdc7992443db211fbd35d185ab36c63c1","HAS_ITEM"
"eff3b01f31c9092feffc914f1336712c52925a39","28f065f1564097dd4d4fab4ea480826a7084e1de","HAS_ITEM"
"eff3b01f31c9092feffc914f1336712c52925a39","fcdf11c64630bae7be0005eeebcd8d731b4b9788","HAS_ITEM"
"eff3b01f31c9092feffc914f1336712c52925a39","6d30b50b679f44e5c82013daa2e2df92f6277e4d","HAS_ITEM"
"49dc3b017d968cd8d398831f09bb63e37dc680bd","7cfbaccffabc283325e96a62ecabe8d83bfe26e4","HAS_ITEM"
"49dc3b017d968cd8d398831f09bb63e37dc680bd","c8fd7678e6a2a457b0a45df151914e5d5f4cfc36","HAS_ITEM"
"144626392a366a5ec0c3d761b932bb7b05d28288","6f068da43bba4f4fb336027c3d8f42a9d044a0a6","HAS_ITEM"
"144626392a366a5ec0c3d761b932bb7b05d28288","b484706e8e00909253406642ee340fe6eb26fc73","HAS_ITEM"
"144626392a366a5ec0c3d761b932bb7b05d28288","640bf0ba4103964cf237bb20d829b5ff847fca92","HAS_ITEM"
"51a8da246d42a526e961ad081eac7c3738c2eb3c","e73dbaf800518e6f2184f72c3fc37f92787a9bfd","HAS_ITEM"
"51a8da246d42a526e961ad081eac7c3738c2eb3c","c38dc0ad7327d86de1cea1ef41be34e013fbaad0","HAS_ITEM"
"51a8da246d42a526e961ad081eac7c3738c2eb3c","0a0776448f510f6929a596e6c93fe94a21ce7371","HAS_ITEM"
"c6e372e2db6878caa924e4b42e37848b5ecc39b2","7492e7d0c4d80f043c7908a9ebf336ef084fbc4b","HAS_ITEM"
"c6e372e2db6878caa924e4b42e37848b5ecc39b2","8fb0313281bf3e5e431d20b9b875c63af6b3b1c5","HAS_ITEM"
"c6e372e2db6878caa924e4b42e37848b5ecc39b2","6ae1c2c0762c40dd054f76b6ea667b2e0b5daa75","HAS_ITEM"
"25490c72f6e4b111147880919000def66dc3c7b4","1b5a5c5be84dd4edc573202113a0502ced9b3e14","HAS_ITEM"
"25490c72f6e4b111147880919000def66dc3c7b4","92906351e9b307e0bd3aeb51c72b706a4af7b074","HAS_ITEM"
"25490c72f6e4b111147880919000def66dc3c7b4","8bda249869f5696c18b86451de5e7e51d722dbf6","HAS_ITEM"
"19a629a48e2a4150aa5a3d7b5e70b5c6ee8ea072","796bd93afa30bfcc72230d9d133d2b376665147f","HAS_ITEM"
"19a629a48e2a4150aa5a3d7b5e70b5c6ee8ea072","7c203f25aaf8291d6ceef18566790bd01a628e44","HAS_ITEM"
"19a629a48e2a4150aa5a3d7b5e70b5c6ee8ea072","b59759a9e80331f87c89cdf8374eae7fcde0b5f9","HAS_ITEM"
"19a629a48e2a4150aa5a3d7b5e70b5c6ee8ea072","60dc34a3a73a3a139c8828bef4c61f4ab0f08032","HAS_ITEM"
"c5723cc2fdb91ecf13f34817bf3e5e9e7fa6a315","e329faf74cc3e3ea7fa730cbe080ae2085f83dc7","HAS_ITEM"
"c5723cc2fdb91ecf13f34817bf3e5e9e7fa6a315","dc560adf1fcceef1f487a7035c8d4a9072d39d4b","HAS_ITEM"
"9a62ff7b73ce508ebc920eb7d117c76f408c533d","191eb27e56a49cb5bbc8eafe32c5d7bff96c8457","HAS_ITEM"
"9a62ff7b73ce508ebc920eb7d117c76f408c533d","bf66ac49cb567cda3f590b585d27a047d23d6a45","HAS_ITEM"
"d75512e489546c162d5ab7b1df20118ed343d27e","5a54987c402b228ac62c1dd59c8eed738387bda3","HAS_ITEM"
"d75512e489546c162d5ab7b1df20118ed343d27e","fb7b2526ffe1bc472bf94f62a2063a42a39a665a","HAS_ITEM"
"d75512e489546c162d5ab7b1df20118ed343d27e","6b72f7fa0c95babd0b8e7c2f2eb2620cd24164f3","HAS_ITEM"
"d75512e489546c162d5ab7b1df20118ed343d27e","01d482ace62c71cce106e80c534bcdb6f360c1c5","HAS_ITEM"
"8b350c7cfbe0916ba806e477b39d310a001381d9","e360c1ba7a7c5b0ed7155299d756eb28f76c0884","HAS_ITEM"
"8b350c7cfbe0916ba806e477b39d310a001381d9","05e991c5eec8cf3909c0917cc611e38d0d0ed40a","HAS_ITEM"
"01e876ef37707b548a74684fe033c95df7961ede","7f31003ace988ca31130dea0602547d575e66898","HAS_ITEM"
"01e876ef37707b548a74684fe033c95df7961ede","f42540c275ab93c5a5ac1e511ac1ef98832eb7e4","HAS_ITEM"
"01e876ef37707b548a74684fe033c95df7961ede","8318a126e54b2f0a9036cc9b3e0c1442d7e08aef","HAS_ITEM"
"48c3b7c0d880e3698a47c29f3974d02640a750c5","4762b3888e7de2e26bc8c5d5f805c23982542fd4","HAS_ITEM"
"48c3b7c0d880e3698a47c29f3974d02640a750c5","68f5a38ca15b9c3e80ce5223db2afdc8894e5bcf","HAS_ITEM"
"48c3b7c0d880e3698a47c29f3974d02640a750c5","5599a7361ce0400f0aaf9e3da97ad7a90e8a2f69","HAS_ITEM"
"32f39b7e7bf99358141c9d302350d8ad1e4254d3","97ca63cebe5218f146cc9c8559587affa5b0259a","HAS_ITEM"
"32f39b7e7bf99358141c9d302350d8ad1e4254d3","215316317b5b2aa597222fb793ba8d14380e046b","HAS_ITEM"
"32f39b7e7bf99358141c9d302350d8ad1e4254d3","ea9abd4e72805a5c5317107b6ca752bcbf5f7134","HAS_ITEM"
"32f39b7e7bf99358141c9d302350d8ad1e4254d3","c38dbf9525dbd2b47bcff33aaf8d1d658b2d9a07","HAS_ITEM"
"a75195c430ed73bdae998b6e2f3071f90b1318c0","d11fd798849c0cba0678f6d20b01a13c04e87f97","HAS_ITEM"
"a75195c430ed73bdae998b6e2f3071f90b1318c0","41ce029f8cc575ad03491d5349132fe134c627fd","HAS_ITEM"
"f33adff0068dc77e4b185d49d05e7051227c2b76","557b3c880cfe9c1c3538185a1850c8db016691c7","HAS_ITEM"
"f33adff0068dc77e4b185d49d05e7051227c2b76","9c44becb9f47f9e1c085ceb48b90f9b300298310","HAS_ITEM"
"f33adff0068dc77e4b185d49d05e7051227c2b76","9e3263375adc360b40d9e6db45b25a71d2a16698","HAS_ITEM"
"f33adff0068dc77e4b185d49d05e7051227c2b76","ca474f0f39e749493137d26ce187058566774d13","HAS_ITEM"
"f33adff0068dc77e4b185d49d05e7051227c2b76","a63462e4d506a630679580c45425740cfe1c822f","HAS_ITEM"
"a2f2a607e085b6c7903ae30d3af103b93fd2cc05","28fa366097fefe6cb3893c057ef88b482bfbf89f","HAS_ITEM"
"a2f2a607e085b6c7903ae30d3af103b93fd2cc05","f5c4838e94ea408f199e207a6a483e919bfcd5c9","HAS_ITEM"
"86e85659f200cfa2f2d30243551b5d736b3bc267","dc934ab77920b9cf0fbec33e4718ef5e95ed274e","HAS_ITEM"
"86e85659f200cfa2f2d30243551b5d736b3bc267","c9fac1f7bb1e029f67199b174edc6d355077ea2c","HAS_ITEM"
"a74a11be40596152b0bd077047ceeb724a4b8e5c","5d2df2d3cfb0a2a85ef0720c0783c5aeaafdd92a","HAS_ITEM"
"a74a11be40596152b0bd077047ceeb724a4b8e5c","45d18c2b712eb3f0cf55b62d78858ab30853a822","HAS_ITEM"
"a74a11be40596152b0bd077047ceeb724a4b8e5c","3692178b558e48477e51b87f5a112d0d9f0aa911","HAS_ITEM"
"a74a11be40596152b0bd077047ceeb724a4b8e5c","7a78e446509a2f4950226c2eb5a655b2ade0cb83","HAS_ITEM"
"a74a11be40596152b0bd077047ceeb724a4b8e5c","49cfbeb57911ec8d170c78577e5b2378579ca21b","HAS_ITEM"
"a74a11be40596152b0bd077047ceeb724a4b8e5c","a65091586b8f2fb58550fe7657a80cf6fa7a2078","HAS_ITEM"
"3ff087748e0e047c75a95282fde8b9ec9a8a4da3","f03371be8e79fafe929165c98ad2deedebf61ff8","HAS_ITEM"
"3ff087748e0e047c75a95282fde8b9ec9a8a4da3","a4f7b684a50d4323cf821d71979c42cd5de8be7d","HAS_ITEM"
"3ff087748e0e047c75a95282fde8b9ec9a8a4da3","dd2466283cf59d51e8b5f67ee8cbed372a579a16","HAS_ITEM"
"e9478eb28b0198844b705ca64667a38c0a1cb64d","a69826bf6224a8d51d3945b3121b50bc00952364","HAS_ITEM"
"e9478eb28b0198844b705ca64667a38c0a1cb64d","273ece05607a10d9c2a0de9d71c2eafac3e6d074","HAS_ITEM"
"d22a33e21d77c8dff309493ff82d6f4a37e81a77","bac9cd8de37b5899371b8e1fa9918e5392742488","HAS_ITEM"
"d22a33e21d77c8dff309493ff82d6f4a37e81a77","7bf3752401c7e600e06ec8a2c6aa1870825c81a2","HAS_ITEM"
"d7df1b2efbf9084f8709547cf87007f272668243","cf84dfffa9ac2d29fb7058bcee59621d60394219","HAS_ITEM"
"d7df1b2efbf9084f8709547cf87007f272668243","ed6f7108640f62afaf01b922787b3d769e1e3cd8","HAS_ITEM"
"d7df1b2efbf9084f8709547cf87007f272668243","b811008342c6cc5efb468a1f61fc6b765a8b60cc","HAS_ITEM"
"d7df1b2efbf9084f8709547cf87007f272668243","24ac6eecf8498efb4a942fe65d29345fbbc8441f","HAS_ITEM"
"d7df1b2efbf9084f8709547cf87007f272668243","f9ae9c51dc6111c1f5d12ef409c2f20cf78c3685","HAS_ITEM"
"462129d8cefbaca9f39eebf7ef7ee1951b4b29c4","f574c90d85fbe4ac052520faac82d6eeca63ded7","HAS_ITEM"
"462129d8cefbaca9f39eebf7ef7ee1951b4b29c4","0d1e2f96ab1b248716a9694cfb41be76d828fc3e","HAS_ITEM"
"f370c7cb1754e98e51c80b19dbcbeebbf992ffab","1aeb6cbfa3a1e7806d326bbcbaba35698189f354","HAS_ITEM"
"f370c7cb1754e98e51c80b19dbcbeebbf992ffab","0fe2bdfa9f29ef28617828796dd11eaa34f6c8c0","HAS_ITEM"
"f2fbac3c3cdbba097cdd9892741754b9bd861ef8","f14a8c86bbd78fa3e29514bb9a47ad117dd6c074","HAS_ITEM"
"f2fbac3c3cdbba097cdd9892741754b9bd861ef8","6f3c71f0308b23f33cd122f394efb084ed590b8d","HAS_ITEM"
"afa6e9da99fc2da9c5dbeaae8ad48b0aed599894","156617e7199c5140674f1d21c5c089767a1f4ed8","HAS_ITEM"
"afa6e9da99fc2da9c5dbeaae8ad48b0aed599894","2fbb225fd689505d0bd1c33dd79cf50a1dca739f","HAS_ITEM"
"6a30836fe98f455d844b31b5fe17f160465e3c1d","0bd525f6b12c4d1247e62f07a8c30d269ec66a44","HAS_ITEM"
"6a30836fe98f455d844b31b5fe17f160465e3c1d","822db54eef5e618edc8db713383f83ca541b39da","HAS_ITEM"
"6a30836fe98f455d844b31b5fe17f160465e3c1d","2e1544d299931b0239bb701b99435a29e814be33","HAS_ITEM"
"6a30836fe98f455d844b31b5fe17f160465e3c1d","4c3a6423a09d1973d30924eb4769a4c91ffb18a7","HAS_ITEM"
"69fa543be36c658f3af0e813e26ac7e2226a77e5","9867e61ba0ce8e641786e648cc2a009c3ad449f8","HAS_ITEM"
"69fa543be36c658f3af0e813e26ac7e2226a77e5","a090346b1d33c7ceb70fd1ce2ec46cfba2ab03ee","HAS_ITEM"
"69fa543be36c658f3af0e813e26ac7e2226a77e5","85bf4bc3f23db40ef8786f21e1deb82d6fc1d4d2","HAS_ITEM"
"69fa543be36c658f3af0e813e26ac7e2226a77e5","f9bf419e6e548c4ffdf15c166fe86a627a82991d","HAS_ITEM"
"69fa543be36c658f3af0e813e26ac7e2226a77e5","69b935c5bf4432d275addbe448c42cbaef75cce8","HAS_ITEM"
"69fa543be36c658f3af0e813e26ac7e2226a77e5","d30d43c39a31fe8d35957945660282a33bb2a8bd","HAS_ITEM"
"13c3300696b02e54691da435d8823b8197831bea","0d761fd17042e2939f03028a864b75b61f888b2f","HAS_ITEM"
"13c3300696b02e54691da435d8823b8197831bea","ccb47218e86a56d597cfcf6fd71f742dba7ff36c","HAS_ITEM"
"13c3300696b02e54691da435d8823b8197831bea","10ccfcbd3d1c46549e60eca13717892a05291fef","HAS_ITEM"
"13c3300696b02e54691da435d8823b8197831bea","38a77661e3d7c66062ed140d96e1d5d997d7e533","HAS_ITEM"
"13c3300696b02e54691da435d8823b8197831bea","c55f4d7684ed706a94c933af3980c9c4d3350728","HAS_ITEM"
"13c3300696b02e54691da435d8823b8197831bea","a70cebf85a0b6eb6a3d0f5c481cddb1720d3c853","HAS_ITEM"
"b720e94091a76dc0908cb61fc0792378f3e39e65","902a23d9381220009d489909901c99184665b2c7","HAS_ITEM"
"b720e94091a76dc0908cb61fc0792378f3e39e65","30563e2b291ce4c4dda7c5fd8ca3f8099780ce5f","HAS_ITEM"
"b720e94091a76dc0908cb61fc0792378f3e39e65","76887e934c2d808b326e7172b11f6b4efa4323ea","HAS_ITEM"
"1c4e50ed890bbbe1c003ceefdf4ae4af57e36d5d","f4d99fcbff72f67ba9543e52eb35a6aa48b187c7","HAS_ITEM"
"1c4e50ed890bbbe1c003ceefdf4ae4af57e36d5d","1097e0c4c95adc7e2fa06e71ed2931cda02ad24e","HAS_ITEM"
"1c4e50ed890bbbe1c003ceefdf4ae4af57e36d5d","789feb3d07d9a03e8579b72d00809d76d756e579","HAS_ITEM"
"a394203d45f794bf352ce6ff21ffc3eba10be253","a198a1cf9c7eb3264e6f38761b805413a2c20315","HAS_ITEM"
"a394203d45f794bf352ce6ff21ffc3eba10be253","2d38d94a48cd3aa7514de521023ae144f8f95df3","HAS_ITEM"
"a394203d45f794bf352ce6ff21ffc3eba10be253","7b219828ace7e2e607b7887fbaaa61211a7edf40","HAS_ITEM"
"a394203d45f794bf352ce6ff21ffc3eba10be253","967c8a2551868e6fa84d9aedc9870db66d8b0ff8","HAS_ITEM"
"a394203d45f794bf352ce6ff21ffc3eba10be253","a3f14542c9f3d22431720cf0331011c44f4fd5ab","HAS_ITEM"
"a394203d45f794bf352ce6ff21ffc3eba10be253","3533e098fc7c6eaf2be59c8250ba3ea0c3cd6d07","HAS_ITEM"
"a394203d45f794bf352ce6ff21ffc3eba10be253","d166eb2a68fdd276471b72074c1d4d1c28357862","HAS_ITEM"
"a394203d45f794bf352ce6ff21ffc3eba10be253","b32a2bd26497ff99fc8e05580622ee496c920cd4","HAS_ITEM"
"1d76419155eef386b773470799101c9fbd280a5c","68a63df17dc2cdd5b399ced3ed2ed2e971a3177a","HAS_ITEM"
"1d76419155eef386b773470799101c9fbd280a5c","d342f36436f8867830e427d87dfcb569f808fa93","HAS_ITEM"
"1d76419155eef386b773470799101c9fbd280a5c","34e911d247f20a4c3b1d782e571899875d5d82b0","HAS_ITEM"
"1d76419155eef386b773470799101c9fbd280a5c","32c798e8e0d888c99c4b60193f10c73ade06f8d6","HAS_ITEM"
"4ea16f169979db93ca3536b404f8989643d020ed","b30859436b8b44a1682eff42c409d48fb5ab6fa5","HAS_ITEM"
"4ea16f169979db93ca3536b404f8989643d020ed","73bc56d14bda0d5fd42654350966ae1decc6b46f","HAS_ITEM"
"4ea16f169979db93ca3536b404f8989643d020ed","f687c40b65c6aa1cfdb71e69c9c09d2619c584b3","HAS_ITEM"
"4ea16f169979db93ca3536b404f8989643d020ed","30b55d48fd79b7f9bf0fa0af2861ef636f9efb74","HAS_ITEM"
"4ea16f169979db93ca3536b404f8989643d020ed","1e635b7c4b7e8055a23d08f27b36be1a77ef0590","HAS_ITEM"
"4ea16f169979db93ca3536b404f8989643d020ed","fb74bdb0e5564560139a261bccd5b5da634e925d","HAS_ITEM"
"e7649ba4b17eb9dac6724468c8232eca32fc4569","a670f7d5a971fde8f9911c09a76ad9375381ef9b","HAS_ITEM"
"e7649ba4b17eb9dac6724468c8232eca32fc4569","cc84eb4ddf77c4faac81539718538a4a1a6d10e4","HAS_ITEM"
"39007c87e2dcd77445d9ccc9c4683390e48f9287","f2b19d39b9b356e71d12fa445425a7a850215694","HAS_ITEM"
"39007c87e2dcd77445d9ccc9c4683390e48f9287","5e3d66e4c62d355e636e7d0a0b5be5d6cee51974","HAS_ITEM"
"39007c87e2dcd77445d9ccc9c4683390e48f9287","9e74bda45e904751d10e91db54b7885d7598c0c7","HAS_ITEM"
"39007c87e2dcd77445d9ccc9c4683390e48f9287","d423b12aaa7112d070fba4a272d374057266b466","HAS_ITEM"
"175c7602b9c56364f33c62d7b2ef094378b12a88","f0f67c71622b77f78b4c43dd03a2eb464004a212","HAS_ITEM"
"175c7602b9c56364f33c62d7b2ef094378b12a88","043d711f8abb28587230fb34c5ec02586b2978b9","HAS_ITEM"
"175c7602b9c56364f33c62d7b2ef094378b12a88","985815186258cdc646e40edb680237e2ce996f64","HAS_ITEM"
"848e88a11dca4126eadf004a358965f47f1bc520","69191ce850769ac36d66ce7995beeff229f9561b","HAS_ITEM"
"848e88a11dca4126eadf004a358965f47f1bc520","9b9e4c8c6b40016d1449b90631f6126de2cda8ef","HAS_ITEM"
"848e88a11dca4126eadf004a358965f47f1bc520","349033ada26e868dde1fafa42239f7296e42829a","HAS_ITEM"
"4bb3cce11557d2faaeb52e8bcce245b2e2d9e200","2e8b12c3cf7e54523764c6c5316497761e32aa88","HAS_ITEM"
"4bb3cce11557d2faaeb52e8bcce245b2e2d9e200","f24ec03ff42097f80e561f0853d9bfab9b2088d1","HAS_ITEM"
"4bb3cce11557d2faaeb52e8bcce245b2e2d9e200","9df89f08f4b796aabc82e7f69878a74651e5c72a","HAS_ITEM"
"4bb3cce11557d2faaeb52e8bcce245b2e2d9e200","13633adb70d34ddd7fd21764452b5a2a726870d1","HAS_ITEM"
"4bb3cce11557d2faaeb52e8bcce245b2e2d9e200","20e81d2a9a5a66a0ead64befd4e1c9ffcf308e6e","HAS_ITEM"
"4bb3cce11557d2faaeb52e8bcce245b2e2d9e200","82d6e2838379fd18250f4c2614ca4944c9d7e045","HAS_ITEM"
"4bb3cce11557d2faaeb52e8bcce245b2e2d9e200","3787a4682b66d1db436ed6af8b7c578fa8a60d07","HAS_ITEM"
"4bb3cce11557d2faaeb52e8bcce245b2e2d9e200","a28696216b8fd5bf91caf9ca9a2ecac169797678","HAS_ITEM"
"4bb3cce11557d2faaeb52e8bcce245b2e2d9e200","8ece95a6c929ca9e6fd9a9d2813b345069eec72a","HAS_ITEM"
"4bb3cce11557d2faaeb52e8bcce245b2e2d9e200","96908f3f4ffbfd072f9f24c75ffc3c6e0bf0b469","HAS_ITEM"
"4bb3cce11557d2faaeb52e8bcce245b2e2d9e200","bcc46e7272141b59184f4f74a3a4e82880902460","HAS_ITEM"
"4bb3cce11557d2faaeb52e8bcce245b2e2d9e200","21a5c1f5b783bed3a701f181232f4fbb49264ed1","HAS_ITEM"
"4bb3cce11557d2faaeb52e8bcce245b2e2d9e200","deff4ff937d23bc334fb0128b5e476d1840c9c81","HAS_ITEM"
"6e060d756c751109682d0002b50db235bee32ba8","0c47bb3b9ba120030a320ba802b9d46d962282dc","HAS_ITEM"
"6e060d756c751109682d0002b50db235bee32ba8","a0ec26e28da10e9c9b2f169d22e71fcf64585c5c","HAS_ITEM"
"6e060d756c751109682d0002b50db235bee32ba8","0f86bc0ac5829700c286a36ce3cba4721a81f24c","HAS_ITEM"
"6e060d756c751109682d0002b50db235bee32ba8","bff48d2b73f07a6307d176ea28f138915bbe0e4f","HAS_ITEM"
"6e060d756c751109682d0002b50db235bee32ba8","f0e6a433a762219754f215524edd51fe4b9c81a3","HAS_ITEM"
"6e060d756c751109682d0002b50db235bee32ba8","658e6a4d4c2a99f2480fa07b12e62792c0400c4b","HAS_ITEM"
"6e060d756c751109682d0002b50db235bee32ba8","190e0c8a9cb83c22e218abe89058b56fce2bc491","HAS_ITEM"
"f40533145b6820f62ca6cae26895d85372d0d77c","0a9bf20f44c1dd5858acd6230a395aa9ab7a8bbc","HAS_ITEM"
"f40533145b6820f62ca6cae26895d85372d0d77c","00dd9bf91a45a776e7e4716b2b3307f86838b53c","HAS_ITEM"
"f40533145b6820f62ca6cae26895d85372d0d77c","4649f70de378d021b6d91888464ba2977bb3ef75","HAS_ITEM"
"f40533145b6820f62ca6cae26895d85372d0d77c","e37a45749ede7f7b297495e7fbf6ca87f32fce83","HAS_ITEM"
"f40533145b6820f62ca6cae26895d85372d0d77c","9da835986a1a2ce7e69f45245febac78c2dd2ca8","HAS_ITEM"
"f40533145b6820f62ca6cae26895d85372d0d77c","56ba53128713884550afc3b121a2bfd91ecd8705","HAS_ITEM"
"f40533145b6820f62ca6cae26895d85372d0d77c","a1553a401b531a3092a65d05692d5ba0eedb5a6f","HAS_ITEM"
"e96909d768f3fe60c52d81672698aee9c1536911","4b4637e0869453b471048768515ce4aa62d90243","HAS_ITEM"
"e96909d768f3fe60c52d81672698aee9c1536911","c97034ccf5e85c333e8d946a55c3aa0455de8c2a","HAS_ITEM"
"e96909d768f3fe60c52d81672698aee9c1536911","bd66951add23b5ed4245844936bd0f9866bfceeb","HAS_ITEM"
"e96909d768f3fe60c52d81672698aee9c1536911","523cc19f897eb0918c5f2082f541f67b0e956ad4","HAS_ITEM"
"e96909d768f3fe60c52d81672698aee9c1536911","8a16e09abc4f39a07e15c5b0bb8cff1c9661cb6b","HAS_ITEM"
"e96909d768f3fe60c52d81672698aee9c1536911","72abfcfd7c94b309fee3c8a00cabb2c43c8165af","HAS_ITEM"
"e96909d768f3fe60c52d81672698aee9c1536911","6dc82334d340bc24fa9af16d55043529de610623","HAS_ITEM"
"e96909d768f3fe60c52d81672698aee9c1536911","151b620757baf6ab40d75b8a718b8f50c9600bac","HAS_ITEM"
"e96909d768f3fe60c52d81672698aee9c1536911","d5368bbcb9e029719cb4469eb2eab89da8949d2c","HAS_ITEM"
"e96909d768f3fe60c52d81672698aee9c1536911","555127fafd84589bd96694f7de11fb1135d778e4","HAS_ITEM"
"e96909d768f3fe60c52d81672698aee9c1536911","168b74fbc495632d1071effd9e8fecaa2e51fff6","HAS_ITEM"
"e96909d768f3fe60c52d81672698aee9c1536911","2dbfd1774a7945e958f083fa2dc55220521f1368","HAS_ITEM"
"e96909d768f3fe60c52d81672698aee9c1536911","fd79d5bd4e2439a62f075f075ee4f94de5cf475e","HAS_ITEM"
"e96909d768f3fe60c52d81672698aee9c1536911","82f939be96b3ae800c8319cbbc03e7f34740a783","HAS_ITEM"
"e96909d768f3fe60c52d81672698aee9c1536911","c54bf7d758854555ef3dfcd2768d9793b6d9bac1","HAS_ITEM"
"e96909d768f3fe60c52d81672698aee9c1536911","c41fdb6bdb3d951d6b0383ba50147139f1234655","HAS_ITEM"
"e96909d768f3fe60c52d81672698aee9c1536911","e2e86ab88224c7f935733f881f10e91c2d46da4e","HAS_ITEM"
"e96909d768f3fe60c52d81672698aee9c1536911","0bbc62bf218858a01cc5566d733d241ff8d76d84","HAS_ITEM"
"e96909d768f3fe60c52d81672698aee9c1536911","2cd20bcf0de91a6d4e3e70ad4ee54719d1cf0252","HAS_ITEM"
"e96909d768f3fe60c52d81672698aee9c1536911","36d8e0d4da6dfd555dc92914da34edf590bd0f21","HAS_ITEM"
"e96909d768f3fe60c52d81672698aee9c1536911","d40e07c56e8941614b704f7f506778f234fe537a","HAS_ITEM"
"e96909d768f3fe60c52d81672698aee9c1536911","c8eda08dad085e686695f83e1337918af3aca2a7","HAS_ITEM"
"e96909d768f3fe60c52d81672698aee9c1536911","5f3beaec87c494c914a7fad0c8f3075fbf340601","HAS_ITEM"
"e96909d768f3fe60c52d81672698aee9c1536911","c353f73c6b65f77ab91bec5227770ff5cee87c37","HAS_ITEM"
"e96909d768f3fe60c52d81672698aee9c1536911","1f56c544c3a119553fca6e70c53503f2a19d24da","HAS_ITEM"
"e96909d768f3fe60c52d81672698aee9c1536911","204a48fb9937a722e08d1256cc51054adfca6445","HAS_ITEM"
"e96909d768f3fe60c52d81672698aee9c1536911","be097a6ae3f612f5744f51551cd40d1577f99b24","HAS_ITEM"
"e96909d768f3fe60c52d81672698aee9c1536911","10dcce247fcc8e156b7c1167b093acce140e9f01","HAS_ITEM"
"e96909d768f3fe60c52d81672698aee9c1536911","3caef06f282ef32727ab63d9b6f51c7e38b7972a","HAS_ITEM"
"e96909d768f3fe60c52d81672698aee9c1536911","177c40322943b821918abcb747307c0e808aa67b","HAS_ITEM"
"e96909d768f3fe60c52d81672698aee9c1536911","1fd3efad3e9cb58e0a2c6b42d55cb34e6683af8e","HAS_ITEM"
"e96909d768f3fe60c52d81672698aee9c1536911","f2363baa37e4283ffbfd018999b279036eb17fcd","HAS_ITEM"
"e96909d768f3fe60c52d81672698aee9c1536911","c50ec7ab5e75d2fd7283deffaa9c9b31dc962053","HAS_ITEM"
"e96909d768f3fe60c52d81672698aee9c1536911","dcd86745a357fc6dd0b77210bfe52da9628f72ee","HAS_ITEM"
"e96909d768f3fe60c52d81672698aee9c1536911","bda3c6a0454425020a72fbe05ba9c979636b52a0","HAS_ITEM"
"e96909d768f3fe60c52d81672698aee9c1536911","0f63fa18c35418f90eb6b445325da90b4958fe5c","HAS_ITEM"
"e96909d768f3fe60c52d81672698aee9c1536911","e8a9bae82f5d19dd0979e1c4cfbfd7bcac019e40","HAS_ITEM"
"e96909d768f3fe60c52d81672698aee9c1536911","ed5923cd1066f6cc0092d11167026d24f62fb035","HAS_ITEM"
"e96909d768f3fe60c52d81672698aee9c1536911","0e6227e3c2ed638de768ed75eb05aa0a37eb460a","HAS_ITEM"
"e96909d768f3fe60c52d81672698aee9c1536911","85eae771cac260ae31df8dd5a68ebc60b1529e13","HAS_ITEM"
"e96909d768f3fe60c52d81672698aee9c1536911","bcdc06056362a7aa7ecddcb6fec7b99a69826027","HAS_ITEM"
"4a0df983c6334565a2c8720d16769b592453d8d2","8bb955e4ff92d284687153c01c83155d15759780","HAS_ITEM"
"4a0df983c6334565a2c8720d16769b592453d8d2","2cb04b1574b261b69ef05370278baf048251fd97","HAS_ITEM"
"4a0df983c6334565a2c8720d16769b592453d8d2","a87dd3e12b04ce563ed1faa915b1615ccd7b8d39","HAS_ITEM"
"4a0df983c6334565a2c8720d16769b592453d8d2","fd665b9914a3a87e9e9a8a63ba8fcb3b8d02a1f6","HAS_ITEM"
"4a0df983c6334565a2c8720d16769b592453d8d2","6b0f74f646e39ed2315e9dcb00cf70866af92f2c","HAS_ITEM"
"4a0df983c6334565a2c8720d16769b592453d8d2","e0e94a908be7a57e48baf552b2f9196239063658","HAS_ITEM"
"4a0df983c6334565a2c8720d16769b592453d8d2","8fb7107f3f7664191518ce32b347b1d985b224c0","HAS_ITEM"
"4a0df983c6334565a2c8720d16769b592453d8d2","8303e43de157670ffc228a565504808f78f54049","HAS_ITEM"
"4a0df983c6334565a2c8720d16769b592453d8d2","92176f498efab3c12245041af8cf2faa4e7e7d36","HAS_ITEM"
"4a0df983c6334565a2c8720d16769b592453d8d2","c0c919220cc93b106da7f99a6a7f32b387a2f176","HAS_ITEM"
"4a0df983c6334565a2c8720d16769b592453d8d2","78bc363063cf400f6023255de5743c6945b4a93a","HAS_ITEM"
"4a0df983c6334565a2c8720d16769b592453d8d2","415693a9103b4f95d7422ff5d24630179eb0466b","HAS_ITEM"
"4a0df983c6334565a2c8720d16769b592453d8d2","f07af06cfaa6b7ca926aabce96f25caae3485f12","HAS_ITEM"
"4a0df983c6334565a2c8720d16769b592453d8d2","5ee793942d1f791327f9ad0261141c87d6540ecb","HAS_ITEM"
"ee4b18916b01dac04524180d6d5d2eadcde8fc73","0918338eadc1a93b98dc3fa5343826aa37e5dc50","HAS_ITEM"
"ee4b18916b01dac04524180d6d5d2eadcde8fc73","fef4bd29f7dd16c7fc8bdb9691332f10e41c4deb","HAS_ITEM"
"df74a6b8d94b2cff2aa1d508c79f8ad0e2908a15","0c17876895f9bd6f7e043437a427983309967cef","HAS_ITEM"
"df74a6b8d94b2cff2aa1d508c79f8ad0e2908a15","6439e5fdefb6b5969a36b23613ec95cd10456ce4","HAS_ITEM"
"df74a6b8d94b2cff2aa1d508c79f8ad0e2908a15","4797beb1b4e23ab751378ecf21ae3612d0118c89","HAS_ITEM"
"df74a6b8d94b2cff2aa1d508c79f8ad0e2908a15","01d88f37d49890940112d0acba1d60262ddcbd11","HAS_ITEM"
"df74a6b8d94b2cff2aa1d508c79f8ad0e2908a15","11b84e124b676715099be18e26248b2bdf936b1e","HAS_ITEM"
"df74a6b8d94b2cff2aa1d508c79f8ad0e2908a15","b197175bb589b772d44749e18779dcc8d5cc3478","HAS_ITEM"
"e5f9b5b03172e55e04e72d6a9b8767c5ddb32f02","75dac70abd76e94d7f73c87c5ceaf8a4e1aabf57","HAS_ITEM"
"e5f9b5b03172e55e04e72d6a9b8767c5ddb32f02","ce307f03c2170f92e940e9a5e4d8bc7282396d40","HAS_ITEM"
"e5f9b5b03172e55e04e72d6a9b8767c5ddb32f02","d4a3cbe1ed41fd0828ed5725d733f2c9a0fef2c2","HAS_ITEM"
"e5f9b5b03172e55e04e72d6a9b8767c5ddb32f02","0e9080e072628c0ec318dedb0241779b8b6e6b83","HAS_ITEM"
"e5f9b5b03172e55e04e72d6a9b8767c5ddb32f02","38e1d0d590487304fe047120a67f51ed5f5672bd","HAS_ITEM"
"e5f9b5b03172e55e04e72d6a9b8767c5ddb32f02","bd837e858b185aea484ba02dfee51d358e64e044","HAS_ITEM"
"e5f9b5b03172e55e04e72d6a9b8767c5ddb32f02","49ffa4bd7183732f234a94cc50700506c6514f48","HAS_ITEM"
"e5f9b5b03172e55e04e72d6a9b8767c5ddb32f02","d248ff31d427a251ea394f9fced4ad52c3a39641","HAS_ITEM"
"941049ecadbd69e5124fed82adc50a0c1c6b6fdb","ea1b25add7d5aac31e0fe858936a77cc963e9cf3","HAS_ITEM"
"941049ecadbd69e5124fed82adc50a0c1c6b6fdb","9b42e6821e2acd06f616eea4f7b430b15435ac1a","HAS_ITEM"
"e1ffa6eb6d1bd3fc80f732856c2472fd73b9fcd5","464b92188492854b7fbdb38df1ed10bf2a1b0857","HAS_ITEM"
"e1ffa6eb6d1bd3fc80f732856c2472fd73b9fcd5","e997964e3512deee1aa6316d049a704efbf1fe70","HAS_ITEM"
"e1ffa6eb6d1bd3fc80f732856c2472fd73b9fcd5","ea251435aef5e27bbf9e9360e3645dc4cf398fb8","HAS_ITEM"
"e1ffa6eb6d1bd3fc80f732856c2472fd73b9fcd5","49c2344d5b05759189457329ac38ac2449722759","HAS_ITEM"
"e0379d09c312de8c2d51ec739d8bbb83c761c19d","09357e29b4d036296f4a6885128f2c16799dc7f6","HAS_ITEM"
"e0379d09c312de8c2d51ec739d8bbb83c761c19d","48f131a6f86ebc412dab25ab1209ad5f675b118a","HAS_ITEM"
"4f2e0c14344696d1b65543326556af8cbca6354e","c66c77c0f3de0db411986b3c86bbd796ea6a6e57","HAS_ITEM"
"4f2e0c14344696d1b65543326556af8cbca6354e","b40beda5ef1a4d6784c14374eef61db529d32e42","HAS_ITEM"
"9bdac20f43ed8617cbf58ce6e4e54c807ae69a17","d426b2a46097f0f4ba9b0956061ce6d3be89a2b5","HAS_ITEM"
"9bdac20f43ed8617cbf58ce6e4e54c807ae69a17","c02ffb87b9509d63df62b80c554ed98ffd918041","HAS_ITEM"
"65e78ac785e7f819b98df5ef295236b24cbb1d26","8141d085f880f8cdf1523491781fa43e1a82caec","HAS_ITEM"
"65e78ac785e7f819b98df5ef295236b24cbb1d26","6821236b579830a47fc291b79666e1736aa4d635","HAS_ITEM"
"7cfda1c60ce444059e0332e09b0f068f7a351196","ce6a2e8de29e9da251a57a59a6f77a8bb22b51ed","HAS_ITEM"
"7cfda1c60ce444059e0332e09b0f068f7a351196","23f2d8c1a798722e7d040275cd779e5f35282a6f","HAS_ITEM"
"7cfda1c60ce444059e0332e09b0f068f7a351196","32749c268d9589c0d0152513737bd661a665d89f","HAS_ITEM"
"7cfda1c60ce444059e0332e09b0f068f7a351196","e5e597e8f9cd58d5887e62ad858af61691be372c","HAS_ITEM"
"15d225675841b1952aca8bf7f3ea879e86b5a3a3","5344f915d05fd2280281b2fc68ac952ad20f0922","HAS_ITEM"
"15d225675841b1952aca8bf7f3ea879e86b5a3a3","f895227e0b6b124e36ae38a1e8d41856a4f4463e","HAS_ITEM"
"15d225675841b1952aca8bf7f3ea879e86b5a3a3","b260200d869fb5b407ca285ff95353c269e26697","HAS_ITEM"
"15d225675841b1952aca8bf7f3ea879e86b5a3a3","37756e2824550fb1223a3a15c217b19d127aff07","HAS_ITEM"
"15d225675841b1952aca8bf7f3ea879e86b5a3a3","e43e41583f94cfea9734418845ff8ccd6cb97d62","HAS_ITEM"
"15d225675841b1952aca8bf7f3ea879e86b5a3a3","b254a845a2db790af8daa2212b01ccd3d6adae46","HAS_ITEM"
"15d225675841b1952aca8bf7f3ea879e86b5a3a3","6b1639e9c955e7183244fdae14879ba45d4880e0","HAS_ITEM"
"15d225675841b1952aca8bf7f3ea879e86b5a3a3","17a60eb101ed94dc4ce2d557f70e42c5d4c51b8e","HAS_ITEM"
"1d2223776b70e69866e6d444ed9bc9cc70d4f878","09071cc374ef72da4bd1e3cb8c320edd6dcd7dfb","HAS_ITEM"
"1d2223776b70e69866e6d444ed9bc9cc70d4f878","e0b4bc283498c38ff4ea20f98f5e1f3e8b57b1ba","HAS_ITEM"
"1d2223776b70e69866e6d444ed9bc9cc70d4f878","98eee64bcc738790711b7d97bf061453d93e8927","HAS_ITEM"
"1d2223776b70e69866e6d444ed9bc9cc70d4f878","941d59f1ca817c019e27031034dd010da7237430","HAS_ITEM"
"1d2223776b70e69866e6d444ed9bc9cc70d4f878","7fa08f92091e1eb0fbfb61759bbb06fc47342f99","HAS_ITEM"
"1d2223776b70e69866e6d444ed9bc9cc70d4f878","0eb25e1c85f70571484e4f67f7f292eb5721ee25","HAS_ITEM"
"1d2223776b70e69866e6d444ed9bc9cc70d4f878","0ae1780f165b06688701819fe39bec4242bc429d","HAS_ITEM"
"1d2223776b70e69866e6d444ed9bc9cc70d4f878","7d0d42dc9840f03f961c245e5f07121c26055635","HAS_ITEM"
"1d2223776b70e69866e6d444ed9bc9cc70d4f878","7df934269fabec742eab8deeb7272d64bdca72c9","HAS_ITEM"
"1d2223776b70e69866e6d444ed9bc9cc70d4f878","33b4a409fdebddff48b29ff69ed9f54a9226fa7f","HAS_ITEM"
"1d2223776b70e69866e6d444ed9bc9cc70d4f878","6816b474e565d436e434790b668cf5fd0298e5d4","HAS_ITEM"
"1d2223776b70e69866e6d444ed9bc9cc70d4f878","71d9db35e57be6a572282fbef52a5cf6cdcd0304","HAS_ITEM"
"1d2223776b70e69866e6d444ed9bc9cc70d4f878","e2362a2f36318314d812f547f1ae30779251527b","HAS_ITEM"
"1d2223776b70e69866e6d444ed9bc9cc70d4f878","68d6b9f658a1538c133ba6ec5a919ad15e7ff9d1","HAS_ITEM"
"1d2223776b70e69866e6d444ed9bc9cc70d4f878","e1df911745a376f23b565d4b4f13c68d7c19e23c","HAS_ITEM"
"1d2223776b70e69866e6d444ed9bc9cc70d4f878","b45600066de6e76ae17b9b582a628ef905980471","HAS_ITEM"
"0cf3886dfe40fa32eb18a4e0616c048ebc2e421e","15ca6235a47195d7abaebe71db8af12cbc2ee45f","HAS_ITEM"
"0cf3886dfe40fa32eb18a4e0616c048ebc2e421e","f76597000423de43d7f33b8b8f6552245db3eef2","HAS_ITEM"
"0cf3886dfe40fa32eb18a4e0616c048ebc2e421e","f9c23c5e9d3797c438e1070368d1b1d810838e90","HAS_ITEM"
"0cf3886dfe40fa32eb18a4e0616c048ebc2e421e","eef5b82ec8195e17c972b77fd828af7309c7dc7e","HAS_ITEM"
"0cf3886dfe40fa32eb18a4e0616c048ebc2e421e","1d207e5de7dc3f2e15c5967af7c456938625e76d","HAS_ITEM"
"0cf3886dfe40fa32eb18a4e0616c048ebc2e421e","85a6e9d19aad254a35ce5b0df307c3b92d5387f9","HAS_ITEM"
"0cf3886dfe40fa32eb18a4e0616c048ebc2e421e","cec64cb474006bc0f81281ab1950e7d5d7dab4f3","HAS_ITEM"
"0cf3886dfe40fa32eb18a4e0616c048ebc2e421e","54aa3890b232d0df99e96b049be68cbd7cd00c00","HAS_ITEM"
"0cf3886dfe40fa32eb18a4e0616c048ebc2e421e","d76c73a2e53c37a42030b874e741a8d7668900df","HAS_ITEM"
"0cf3886dfe40fa32eb18a4e0616c048ebc2e421e","a60d761866021ee51064f5f6db7e0694e5a15fea","HAS_ITEM"
"0cf3886dfe40fa32eb18a4e0616c048ebc2e421e","8c147d38246bfef30c306c4b748b5b625ffe073d","HAS_ITEM"
"0cf3886dfe40fa32eb18a4e0616c048ebc2e421e","c32d0adc1ba41268e6c32b03bfc734f214368106","HAS_ITEM"
"0cf3886dfe40fa32eb18a4e0616c048ebc2e421e","325939e9b8d245d8990689921aba3f395dd26a44","HAS_ITEM"
"0cf3886dfe40fa32eb18a4e0616c048ebc2e421e","6fc0fff3b8bc6de09ed1e47922a48fb5ae1aa6ec","HAS_ITEM"
"0cf3886dfe40fa32eb18a4e0616c048ebc2e421e","d9fe99d7623851b9ed14033f34900366ae9608d4","HAS_ITEM"
"0cf3886dfe40fa32eb18a4e0616c048ebc2e421e","41aa0400ba52664e425bcb6e58d778bdb8c2efd7","HAS_ITEM"
"0cf3886dfe40fa32eb18a4e0616c048ebc2e421e","aea388ed7ec2af9dda95203c1b81260f599060ce","HAS_ITEM"
"0cf3886dfe40fa32eb18a4e0616c048ebc2e421e","696b26f38b172e3b254b7f42913e142082135357","HAS_ITEM"
"2979fe51bea20ec6ec6acf980f04e9565f557fa8","c8d1362e892e9ec4e7133ac8f85f9d91ae8fc1a3","HAS_ITEM"
"2979fe51bea20ec6ec6acf980f04e9565f557fa8","aa3034c5368dfbbf35c5097c04df4540fc10e361","HAS_ITEM"
"5962257e87c831d2e7df95f4f7e50f14c87d5658","735fad0f64cfad33dd75110f993ca8064ffb5f9d","HAS_ITEM"
"5962257e87c831d2e7df95f4f7e50f14c87d5658","92991a310a0e774c58e9174f620a5acdc9a1e3b5","HAS_ITEM"
"5962257e87c831d2e7df95f4f7e50f14c87d5658","048047ac3e49d0885812b30143dc42321eb41da5","HAS_ITEM"
"b19b38f63bb882be8684b2f4e26988c1c307d105","acdd32e3c51d91521c5dfe042d9a1cb0caec64cb","HAS_ITEM"
"b19b38f63bb882be8684b2f4e26988c1c307d105","8c445c3a06bef12988b00421a660d1c073d0537e","HAS_ITEM"
"b19b38f63bb882be8684b2f4e26988c1c307d105","55d2466ae7ebe7051c26027bcfc73556f7a75b36","HAS_ITEM"
"7ce918609e7766c32558d30397f8c2ebf844d557","94138ee684384535908dc9562073edbc897ff30f","HAS_ITEM"
"7ce918609e7766c32558d30397f8c2ebf844d557","d430a0603513e6e7c3b5dc706aa61d93792b3775","HAS_ITEM"
"6a4ed8f3f70cfe3b5eab4ce94bf9f773248a70b6","ab178714efd8652c4d7037068c33ab9b9d876f11","HAS_ITEM"
"6a4ed8f3f70cfe3b5eab4ce94bf9f773248a70b6","f020b562e92cb8ac3286fa33834193ab870b46ab","HAS_ITEM"
"6a4ed8f3f70cfe3b5eab4ce94bf9f773248a70b6","1c8722f50ce759f1b464089487f7bd15fdd0ff6f","HAS_ITEM"
"6a4ed8f3f70cfe3b5eab4ce94bf9f773248a70b6","efdd90053ecb5cd2b7a8756e6a598bbd03e0a67d","HAS_ITEM"
"3a6a4bac6789a1eaeba7d185850b9c67e01c6b9d","64971f675eebd8930697b0f865bf870db6911927","HAS_ITEM"
"3a6a4bac6789a1eaeba7d185850b9c67e01c6b9d","131a5b56cb7d23256b00a932b99b2905936dd474","HAS_ITEM"
"3a6a4bac6789a1eaeba7d185850b9c67e01c6b9d","29c3a69a3d4a1a3dc4af917705f6fdbbd0fbdd28","HAS_ITEM"
"3a6a4bac6789a1eaeba7d185850b9c67e01c6b9d","c40e1b2293e491b996b32fe1e896702f46656794","HAS_ITEM"
"3a6a4bac6789a1eaeba7d185850b9c67e01c6b9d","7a736d961154557d6c59a6ab8c73134ebd4da5a5","HAS_ITEM"
"443cdc03cb486c3350b9d3e60254bf661a96c23b","915c1e2dcef9d192308021aab6561bf668b08dae","HAS_ITEM"
"443cdc03cb486c3350b9d3e60254bf661a96c23b","87b77640db6744ee350c3ae640fdfad7e08d42b4","HAS_ITEM"
"443cdc03cb486c3350b9d3e60254bf661a96c23b","665e6c94fbe5ebe2c470dfa9f6f2388fbeedca5e","HAS_ITEM"
"443cdc03cb486c3350b9d3e60254bf661a96c23b","794160b59d61dd1587ff21d76d3f3762d8fd1342","HAS_ITEM"
"443cdc03cb486c3350b9d3e60254bf661a96c23b","b4c8c3df11daa00a0686b3114c26a6abd8bf3c6f","HAS_ITEM"
"443cdc03cb486c3350b9d3e60254bf661a96c23b","241692cbd08a45b5be0622299bbf8850ed4cfd4c","HAS_ITEM"
"443cdc03cb486c3350b9d3e60254bf661a96c23b","fb91674cb64aed8805ce595accfac9e9b8699263","HAS_ITEM"
"443cdc03cb486c3350b9d3e60254bf661a96c23b","9a856fb5c5536c93adb82c89a6cb1c0f0d376364","HAS_ITEM"
"443cdc03cb486c3350b9d3e60254bf661a96c23b","1e588c23b08435b414c56f33685b3fe20ea386fe","HAS_ITEM"
"443cdc03cb486c3350b9d3e60254bf661a96c23b","135f56596a2fd21deb2aa4d6d17a699ae078835f","HAS_ITEM"
"443cdc03cb486c3350b9d3e60254bf661a96c23b","3db3cfdf24e4f2ed1f6d90d49877db72a3c36f89","HAS_ITEM"
"443cdc03cb486c3350b9d3e60254bf661a96c23b","a301d4cc210f21c03b3bbb01e51c7031e167c1b0","HAS_ITEM"
"443cdc03cb486c3350b9d3e60254bf661a96c23b","bd065008392ca1a508e65e2d2ffdef45a9d8243f","HAS_ITEM"
"443cdc03cb486c3350b9d3e60254bf661a96c23b","aced7357628d68f9cfb4c4964af60961fe141fce","HAS_ITEM"
"443cdc03cb486c3350b9d3e60254bf661a96c23b","27cbb7b271ddae841c05d7db7ace32b4370491dd","HAS_ITEM"
"92c97cad2eb88a9561e1473c803cc3df0df0031b","d031d6d70fa5713f5432786097227904d798159a","HAS_ITEM"
"92c97cad2eb88a9561e1473c803cc3df0df0031b","13c29379e037a380d65810f98c62b553974f546d","HAS_ITEM"
"92c97cad2eb88a9561e1473c803cc3df0df0031b","c7b919738ddf6ae39ff0a7703528649e8ea07e1f","HAS_ITEM"
"92c97cad2eb88a9561e1473c803cc3df0df0031b","8eadb896f2e3a53e05bdeceee4e9316aecf35eba","HAS_ITEM"
"5e95c0c949ff66479dce8c480ba4c66afb62d842","ed83cf8d37e7c0ced3f4ac1b84264449b0f467bc","HAS_ITEM"
"5e95c0c949ff66479dce8c480ba4c66afb62d842","390f7b90f829e08cbd8f877b69711524b2241610","HAS_ITEM"
"56a188c7f3dc17e1d7172a54c1958c74cc92a4f3","212b19e76cbf1bf302e8d1892ec7491fa9eb6569","HAS_ITEM"
"56a188c7f3dc17e1d7172a54c1958c74cc92a4f3","6dcca55f69023ffb17e9009cc81ed47ba24d4790","HAS_ITEM"
"56a188c7f3dc17e1d7172a54c1958c74cc92a4f3","0400114090d5ed586d7f34abeefb5903a8ae3192","HAS_ITEM"
"56a188c7f3dc17e1d7172a54c1958c74cc92a4f3","b74055d3d1e57293d9f01bfcbaa24722ae2bd353","HAS_ITEM"
"cbe140c985d81420d45f1ad9831f7d53e047463f","5ecff57daf66c097c79295e64ea0db3069f58e17","HAS_ITEM"
"cbe140c985d81420d45f1ad9831f7d53e047463f","110cd159d63f70019054d83b4343dbd76d577611","HAS_ITEM"
"cbe140c985d81420d45f1ad9831f7d53e047463f","8308adb7abb54a87ac5f4f7b069b396ce2323514","HAS_ITEM"
"cbe140c985d81420d45f1ad9831f7d53e047463f","1e42d26d2c1ee51d56b4e1fca1cbefcf0ff4924c","HAS_ITEM"
"cbe140c985d81420d45f1ad9831f7d53e047463f","18edb4008b02d4e88361be6a5711c97c5aa665f2","HAS_ITEM"
"cbe140c985d81420d45f1ad9831f7d53e047463f","01858e27e8f5978a5ebe27d98d11be9a96f5cc3e","HAS_ITEM"
"cbe140c985d81420d45f1ad9831f7d53e047463f","0028cb819ad7913074c5ad8191652035a3689d9c","HAS_ITEM"
"5de6e80ce23089ec9779e00dd230e5c40212faee","332d27927cd0eacbab56835131f66676c7d3ca10","HAS_ITEM"
"5de6e80ce23089ec9779e00dd230e5c40212faee","55f7e26ec92db9338f2f105c6d189af28424ccb9","HAS_ITEM"
"f1c61a4a15a8d354cd21081bb9fa71909067c73f","400067a96e3bd3c071aacd3b94c4fa177ab00d0d","HAS_ITEM"
"f1c61a4a15a8d354cd21081bb9fa71909067c73f","f88aa14c0586c88baf15f8fb2aea2f5bc9afe8fd","HAS_ITEM"
"f1c61a4a15a8d354cd21081bb9fa71909067c73f","d602b5eef7c4337a27676f2f78dc1b0b4813329e","HAS_ITEM"
"f1c61a4a15a8d354cd21081bb9fa71909067c73f","f52e626fb32d147394f6f034ba1d17c81c0447cc","HAS_ITEM"
"f1c61a4a15a8d354cd21081bb9fa71909067c73f","b42238ad1fafb8c8e07301130d0c16515ea7c014","HAS_ITEM"
"f1c61a4a15a8d354cd21081bb9fa71909067c73f","0cb31e2f847fc912736fe030c5158f334832812b","HAS_ITEM"
"f1c61a4a15a8d354cd21081bb9fa71909067c73f","a8749b926c0501ac371a1b93b2606829112267a7","HAS_ITEM"
"f1c61a4a15a8d354cd21081bb9fa71909067c73f","ec15492a0930bacb42f31048f26a72f3b7e064de","HAS_ITEM"
"f1c61a4a15a8d354cd21081bb9fa71909067c73f","8295766005e69e4b28db22b653ffc6d1cabce434","HAS_ITEM"
"f1c61a4a15a8d354cd21081bb9fa71909067c73f","e89d654dae6d9e7ea04afa7f23a33e401e82e2a8","HAS_ITEM"
"eaa7e3ad585ed2d9b458b543775ef4ffe0626d0d","84bcf6d9902c837d8a68de0f4f06384b56931936","HAS_ITEM"
"eaa7e3ad585ed2d9b458b543775ef4ffe0626d0d","96a4bb1ba523a03499889af93b986736df453f7e","HAS_ITEM"
"eaa7e3ad585ed2d9b458b543775ef4ffe0626d0d","53e5855ed2388fd43ee685ac6c2af2348985caec","HAS_ITEM"
"eaa7e3ad585ed2d9b458b543775ef4ffe0626d0d","0c3f5a77158939ceaaf966c4d60333eabf224d47","HAS_ITEM"
"eaa7e3ad585ed2d9b458b543775ef4ffe0626d0d","ff39f5b4cabc4c6a14d897098aa3b0f3d543d02c","HAS_ITEM"
"eaa7e3ad585ed2d9b458b543775ef4ffe0626d0d","fca13f0bf3befe49f8bf3f31b620977e2620356f","HAS_ITEM"
"eaa7e3ad585ed2d9b458b543775ef4ffe0626d0d","2a03125c32872a145f9ce7cd7edc56784554990f","HAS_ITEM"
"eaa7e3ad585ed2d9b458b543775ef4ffe0626d0d","8be267c15519eaab05942dc5ba861a67648db56d","HAS_ITEM"
"eaa7e3ad585ed2d9b458b543775ef4ffe0626d0d","ce8fa089102a82df9e87a341e0f69b0f97607939","HAS_ITEM"
"eaa7e3ad585ed2d9b458b543775ef4ffe0626d0d","7cd1cf12fd60afd9ce50c5e6d90779a5060005bb","HAS_ITEM"
"eaa7e3ad585ed2d9b458b543775ef4ffe0626d0d","b5f15bb1e09f7a729506ca7c258c194bb3526d1c","HAS_ITEM"
"eaa7e3ad585ed2d9b458b543775ef4ffe0626d0d","a7f3b0727f90199a52daed2299530560647e73d4","HAS_ITEM"
"eaa7e3ad585ed2d9b458b543775ef4ffe0626d0d","d647370709b3b4ebfdec18c8611b15bc22745f2c","HAS_ITEM"
"eaa7e3ad585ed2d9b458b543775ef4ffe0626d0d","32ff5034b6fe6e2f4d9cb8de2c4a9df28541e66f","HAS_ITEM"
"5efdf1971af789d546a8c1ac7829d2debfeb22e6","1c1bfedbe057a45368af3b7bc09743ca40a6aa83","HAS_ITEM"
"5efdf1971af789d546a8c1ac7829d2debfeb22e6","c6ef4238c9faf151a31acd7ac9e81b5e8ee20c19","HAS_ITEM"
"82b83222cf1c836eb3ff0243ba60496359abf4e8","edc1166153e301766e81bd7cb572c99860c2a813","HAS_ITEM"
"82b83222cf1c836eb3ff0243ba60496359abf4e8","35330b47b3a203e0c66c8ea555a414970c247b0e","HAS_ITEM"
"82b83222cf1c836eb3ff0243ba60496359abf4e8","5c77ed6b07a573aa5736a4ffc7cc54b59c7c57b5","HAS_ITEM"
"82b83222cf1c836eb3ff0243ba60496359abf4e8","03806eaf40eb4df092fa708ec8563e850c3081d1","HAS_ITEM"
"82b83222cf1c836eb3ff0243ba60496359abf4e8","e34cb9ac3b1ceb9ea16c3aa6b143abbba39373a7","HAS_ITEM"
"5e6b79bdc056a5d49564f5bd5ebb2f8de479357e","cce26bca1f0758c92ac294051851f938a1260151","HAS_ITEM"
"5e6b79bdc056a5d49564f5bd5ebb2f8de479357e","6ba5f37a2647f1ebe9423f7dee4b5ea160bb6ee7","HAS_ITEM"
"5e6b79bdc056a5d49564f5bd5ebb2f8de479357e","1799dca89201ffb34b146ebd9bd8fed1b7f1f1ac","HAS_ITEM"
"3f3d3cff9837425ed4738d87cd6137f88c146d2e","8a38ffbe4b4f557a17a4c2587e9bca418220d959","HAS_ITEM"
"3f3d3cff9837425ed4738d87cd6137f88c146d2e","4651e319a18d29b0af11fb3d51abb514da6c79de","HAS_ITEM"
"3f3d3cff9837425ed4738d87cd6137f88c146d2e","d65b01b8d48b6845cd946ce0387734c6e1e2719b","HAS_ITEM"
"3f3d3cff9837425ed4738d87cd6137f88c146d2e","a86c2745e7c4804fef3dcd435e0eb8552b310068","HAS_ITEM"
"3f3d3cff9837425ed4738d87cd6137f88c146d2e","8b6570b9f74698b722ece1fda90f299575c246ae","HAS_ITEM"
"3f3d3cff9837425ed4738d87cd6137f88c146d2e","cfdeaffc1b8b496d0abe0d1f5ad5be1a2e1c25bb","HAS_ITEM"
"2c6303137a5ea74e55008b6429e4caef89c16659","fce52b658d4bdd2bd4b739c44754ea246e6ec348","HAS_ITEM"
"2c6303137a5ea74e55008b6429e4caef89c16659","442631d581a72ced6aed7098924792e9763c122a","HAS_ITEM"
"d3ec60f54da326bb7b847c4ab393dca213c3b611","7299308793016be64219bc5496ecaf63d503efc1","HAS_ITEM"
"d3ec60f54da326bb7b847c4ab393dca213c3b611","5383368db043397ed83900616f67e360ad23ce9b","HAS_ITEM"
"d3ec60f54da326bb7b847c4ab393dca213c3b611","97e2d313c02182465bde3862ee59b637a758da4d","HAS_ITEM"
"d3ec60f54da326bb7b847c4ab393dca213c3b611","83e5793a42d2dac4dafcfae614f39e0f1748ebc4","HAS_ITEM"
"d3ec60f54da326bb7b847c4ab393dca213c3b611","a2d2f267246170611759032c36295f1fb7168aab","HAS_ITEM"
"c114759c92cf16428c2cc97efeb4ede679d57acb","2ddddc8ce68573af77a71b2f29804bde7c372172","HAS_ITEM"
"c114759c92cf16428c2cc97efeb4ede679d57acb","ae3dc8e1ed461265b316c2aae225b8032ae808a8","HAS_ITEM"
"c114759c92cf16428c2cc97efeb4ede679d57acb","072db8bb9be26896e6ad952d56b4a458c009850b","HAS_ITEM"
"c114759c92cf16428c2cc97efeb4ede679d57acb","511b1927e0cc822bf25c0658876a5767bfef77e5","HAS_ITEM"
"c114759c92cf16428c2cc97efeb4ede679d57acb","7f7de3689e9d7779d2a0e0f88a8fecbd2f065721","HAS_ITEM"
"c114759c92cf16428c2cc97efeb4ede679d57acb","d13e5b28a455f5c54ee120fb000056fb84dbae3e","HAS_ITEM"
"c114759c92cf16428c2cc97efeb4ede679d57acb","3f68f488bcad14b057e7f6647387a374a1721991","HAS_ITEM"
"5a01c38ee27d1e80a53bfe8edd7692262af4a577","117364b603c9217da46b9eff2ed0daba51543330","HAS_ITEM"
"5a01c38ee27d1e80a53bfe8edd7692262af4a577","e16b071d3ebff4a468596edc1bd353195939ccb8","HAS_ITEM"
"eb95f2edbae09903ea3ed05629b5fd85560ed13f","7a167fac7daf80c5cdd594c64be99c6b88deffdc","HAS_ITEM"
"eb95f2edbae09903ea3ed05629b5fd85560ed13f","6fed85f281c1a55371c413b3f14b56f765310dba","HAS_ITEM"
"eb95f2edbae09903ea3ed05629b5fd85560ed13f","6be465aa921bcbce49d0c354e48cac9798bd76f8","HAS_ITEM"
"3569f6f86158552d96cfad86e8256e009cd1fa0a","618e3766899fe71f2ff527f7181710bb840e6351","HAS_ITEM"
"3569f6f86158552d96cfad86e8256e009cd1fa0a","50c5d1dade388e71f030eb02f06a9dcb7f59fe3f","HAS_ITEM"
"3569f6f86158552d96cfad86e8256e009cd1fa0a","7695732e0c59b67ab5b2f2208dca862265c1a2cb","HAS_ITEM"
"3569f6f86158552d96cfad86e8256e009cd1fa0a","9afa504fa53ccda6111572354c47afa0bbb281aa","HAS_ITEM"
"efcda9a27ebdd3e0f3443729eeea28864c4f4d4f","5b2014bc547deb6e0b8ccac1082e0b05cf9963bf","HAS_ITEM"
"efcda9a27ebdd3e0f3443729eeea28864c4f4d4f","d2b321814b66d9c52da36a8280bfa66235e0468a","HAS_ITEM"
"efcda9a27ebdd3e0f3443729eeea28864c4f4d4f","a88b6b1695d3a1b82ee65c03dd4d6e6a8365a2ae","HAS_ITEM"
"efcda9a27ebdd3e0f3443729eeea28864c4f4d4f","64fec39edfaac37f1684f9e75ae06243982b1ab7","HAS_ITEM"
"efcda9a27ebdd3e0f3443729eeea28864c4f4d4f","5a50085f9288f8661c717d4e2eb716d61edaef30","HAS_ITEM"
"efcda9a27ebdd3e0f3443729eeea28864c4f4d4f","317f6ef83fba4b7242350eb989fa70afcad139d0","HAS_ITEM"
"efcda9a27ebdd3e0f3443729eeea28864c4f4d4f","097b68ea73e6fe0b3022291d80a45d065ab99021","HAS_ITEM"
"efcda9a27ebdd3e0f3443729eeea28864c4f4d4f","a9d94708fac8106d4e589a8279836345c16b2018","HAS_ITEM"
"efcda9a27ebdd3e0f3443729eeea28864c4f4d4f","df6b311b4f8435afa5b4f1ac8425a3ee5fa0db12","HAS_ITEM"
"efcda9a27ebdd3e0f3443729eeea28864c4f4d4f","fda45ae2a1db2524378fdf2dc884bd91a4fc3c22","HAS_ITEM"
"edab5968e71fd4a861e9d388bbb1f265f5889678","e04afcacfbdc079fcad69ef44e58dc4f4638c056","HAS_ITEM"
"edab5968e71fd4a861e9d388bbb1f265f5889678","2cb314d356e10782e351d1489fc6bcab4fbc4a10","HAS_ITEM"
"edab5968e71fd4a861e9d388bbb1f265f5889678","a24cb5dd9c53c952ef1c1f63087ac7e623b2233a","HAS_ITEM"
"edab5968e71fd4a861e9d388bbb1f265f5889678","c12c08c54c2c58af68b52b989988d5caac73092e","HAS_ITEM"
"22ad67ce1dfdbda7e10bbc9de7423f6d9a5fca17","d6adacb268f24a92498fb4865302934cf349d7cb","HAS_ITEM"
"22ad67ce1dfdbda7e10bbc9de7423f6d9a5fca17","06ce429384d15cf7fb379c47a94b35fd03c930e4","HAS_ITEM"
"22ad67ce1dfdbda7e10bbc9de7423f6d9a5fca17","1648519d9e01618284ac532cb44182e5d73305ab","HAS_ITEM"
"dcba0552879c844a71eb375265de5b3467d99ddb","aef6e40b0be90dcaccc83245aa2debf797587052","HAS_ITEM"
"dcba0552879c844a71eb375265de5b3467d99ddb","8123d239a57a100fe21842aa31c92fbf2800bfae","HAS_ITEM"
"dcba0552879c844a71eb375265de5b3467d99ddb","bfbac65b3423a778d01f01344a483fd0d3ae3abe","HAS_ITEM"
"dcba0552879c844a71eb375265de5b3467d99ddb","4fd28ae424fc2ea7171dba1812f23abc7bc2dce7","HAS_ITEM"
"dcba0552879c844a71eb375265de5b3467d99ddb","be78284d2ac71df6bc1ac42a17aeaab1caf286e2","HAS_ITEM"
"513bed6711254b66d5a22e25e7112c8e08614930","125900ef6ce210ffeb112b8f412ca5836f823e34","HAS_ITEM"
"513bed6711254b66d5a22e25e7112c8e08614930","21146f7223e868ed2aa4f5d88f24c6ae2ae238f9","HAS_ITEM"
"2f3424ddc22e8a0f06896f3f6e57424b078f9407","a761f25da5808893b8bfbde340b9304f888b0480","HAS_ITEM"
"2f3424ddc22e8a0f06896f3f6e57424b078f9407","7dfdd9f931cd2357516531db8240462c490b9fa6","HAS_ITEM"
"2f3424ddc22e8a0f06896f3f6e57424b078f9407","9f4aaf6ef3747a3cf6e4ad70b2bf2fd1f35d95ca","HAS_ITEM"
"2f3424ddc22e8a0f06896f3f6e57424b078f9407","da4c1f1b2d96b8f99ba15dc5e5bd3f6e3de62ff3","HAS_ITEM"
"e91b219cd12fec0ba498d7952f34a0b788b58d4f","a22158c2fa9c6cef9e2961389881c4b3f2841574","HAS_ITEM"
"e91b219cd12fec0ba498d7952f34a0b788b58d4f","3b3197b28e071e614617af6ec59681295a5d4280","HAS_ITEM"
"3f2079a1c26def28b98b0fc863e8b5c50ebf4c9d","f731a0d851f3d6fcbc1889befd0523c66f1c121a","HAS_ITEM"
"3f2079a1c26def28b98b0fc863e8b5c50ebf4c9d","9c5ae811113bdbce04fd163de4bfc20c332c3437","HAS_ITEM"
"3faadb17d695c9d67ee291e128fa068fe29cfbeb","18cb367f5398f2ba765e057d8332b773a79ddddd","HAS_ITEM"
"3faadb17d695c9d67ee291e128fa068fe29cfbeb","416bca40fbe360f146ee2adc6e3e6d20efa40035","HAS_ITEM"
"3faadb17d695c9d67ee291e128fa068fe29cfbeb","f83205c8ba26622183ed8429c975a2d31d13f968","HAS_ITEM"
"b72a53e6e71854fd005e1be4f8875bb85717ba07","bb568fc5a8979f4c7c58540f3a837347173e8981","HAS_ITEM"
"b72a53e6e71854fd005e1be4f8875bb85717ba07","d96dc52881345f3abf1c3de05cfc3a607507c27e","HAS_ITEM"
"b72a53e6e71854fd005e1be4f8875bb85717ba07","ec63f02ce0bc80ed46257a61dd4ea15798a9f1d5","HAS_ITEM"
"b72a53e6e71854fd005e1be4f8875bb85717ba07","738c3cab9ff6c947d5da5cbc7ea36ea0a3a2325a","HAS_ITEM"
"70d7398bb7e78764397f8cc3cb7530dca5727b6e","bfb1f4ef0e7c7ad9623ba2f99ba6f1f2865eb5e8","HAS_ITEM"
"70d7398bb7e78764397f8cc3cb7530dca5727b6e","03dc3b88052d22cf8efa06361864984adfadfd27","HAS_ITEM"
"70d7398bb7e78764397f8cc3cb7530dca5727b6e","c50c3b8bc84e63a5eab016ac4276be19535f6b73","HAS_ITEM"
"70d7398bb7e78764397f8cc3cb7530dca5727b6e","83373860ad3c91cac6cc21bb2f8d0977b75afc9a","HAS_ITEM"
"4388459fee72093edbbbc1ebc168f9f0952b99cb","09b8e23f7438ff0351b3b66fc13aaf759370409f","HAS_ITEM"
"4388459fee72093edbbbc1ebc168f9f0952b99cb","2d9bf40f1e7f3f70c14288dd32783a628d2ec076","HAS_ITEM"
"4388459fee72093edbbbc1ebc168f9f0952b99cb","be47d2dd2e5c5fb09a258a47163d7ea5519d6eff","HAS_ITEM"
"4388459fee72093edbbbc1ebc168f9f0952b99cb","65c4741405bee722717aa4de0ae378fd39a3fa80","HAS_ITEM"
"4388459fee72093edbbbc1ebc168f9f0952b99cb","2af29ad458994f9bf6ce1dcade511c76a19ab72b","HAS_ITEM"
"4388459fee72093edbbbc1ebc168f9f0952b99cb","5f5ad81193db79234567094fed2b29784f220c7b","HAS_ITEM"
"4388459fee72093edbbbc1ebc168f9f0952b99cb","5ccc713980e681c00a793d31085721d65c9808d5","HAS_ITEM"
"4388459fee72093edbbbc1ebc168f9f0952b99cb","7e8868e78276bb77e958107d97e942881db87ea7","HAS_ITEM"
"4388459fee72093edbbbc1ebc168f9f0952b99cb","615312b3f82bb7dabd1bb63ca3ade8d00fc66100","HAS_ITEM"
"4388459fee72093edbbbc1ebc168f9f0952b99cb","bf12944c67ff2719d48ae1375412b97c8f5658e2","HAS_ITEM"
"4388459fee72093edbbbc1ebc168f9f0952b99cb","d9cba0609602690c84c4405043ba94e61c93735d","HAS_ITEM"
"4388459fee72093edbbbc1ebc168f9f0952b99cb","52f6e14e800f966a435c61792d02553eec5645c4","HAS_ITEM"
"4388459fee72093edbbbc1ebc168f9f0952b99cb","bcc2a39452b7d7b0cb6a49d8ee02da51f7e84c84","HAS_ITEM"
"c77334ec68dca04e7f61e5cd3883e45597e839cf","03e2a9d0a1a43da1cac4df2e44501fea7db050e0","HAS_ITEM"
"c77334ec68dca04e7f61e5cd3883e45597e839cf","1a168aa46923c3501a798f270d03eb282897cbe9","HAS_ITEM"
"c77334ec68dca04e7f61e5cd3883e45597e839cf","e64cc2762ea6506a3bbbe457734cb74a24378201","HAS_ITEM"
"c77334ec68dca04e7f61e5cd3883e45597e839cf","0b05fbca536b29fd217204afc5cc7d6240646986","HAS_ITEM"
"c77334ec68dca04e7f61e5cd3883e45597e839cf","639d09f2adcdb4ecc100a7d325be8e77f3585378","HAS_ITEM"
"c77334ec68dca04e7f61e5cd3883e45597e839cf","ea0ac42f853aa47b27a5e6575537b1d0748d1226","HAS_ITEM"
"dbd29464b7e655deb4832987b923032a117c5428","fa156fd4243ef5cae2f5f6350d33c2317130f138","HAS_ITEM"
"dbd29464b7e655deb4832987b923032a117c5428","7876f1b540dc7f72351434cf59364648fbcb0016","HAS_ITEM"
"dbd29464b7e655deb4832987b923032a117c5428","1a85381bd85002233dbe5ba9d36c4ad14b689bc1","HAS_ITEM"
"dbd29464b7e655deb4832987b923032a117c5428","21c6262b6feee5965ea64f7ed43970bdbab30a7a","HAS_ITEM"
"dbd29464b7e655deb4832987b923032a117c5428","ca6dc7ea2c5bbb3d46130ec534c64ea4c44c3749","HAS_ITEM"
"dbd29464b7e655deb4832987b923032a117c5428","a2f8a81b635c44b1c7242aa62d930a3102232c91","HAS_ITEM"
"73ccfd02f0e04d51fc7f16c2ae5ab3365904d211","8ecfc86377dc27fe98b6e26c59cfeef7b2e8b95d","HAS_ITEM"
"73ccfd02f0e04d51fc7f16c2ae5ab3365904d211","28d710c358203692dda71569dc6ba8d352b3bc7b","HAS_ITEM"
"73ccfd02f0e04d51fc7f16c2ae5ab3365904d211","5012b2e14fcfb4bd60a7ed08494b82e00482a238","HAS_ITEM"
"73ccfd02f0e04d51fc7f16c2ae5ab3365904d211","466d53fe78c5a1818be21ac40c152ab0c4ec27b4","HAS_ITEM"
"73ccfd02f0e04d51fc7f16c2ae5ab3365904d211","c9be81587f104e0f85c9f9d351dae42a88d06cda","HAS_ITEM"
"73ccfd02f0e04d51fc7f16c2ae5ab3365904d211","ae54154af7bf4dfa4d4372776434ccef3551ffd7","HAS_ITEM"
"73ccfd02f0e04d51fc7f16c2ae5ab3365904d211","1cc2f9d9bd2bd8ac32f85f8641c13fb8d9fd78d8","HAS_ITEM"
"f472b8c7a307b86da4f01f6b66b53e136a63f0aa","7648b7fb9db9589198f74631e1a3d362353b3767","HAS_ITEM"
"f472b8c7a307b86da4f01f6b66b53e136a63f0aa","216cab4b35bba084271648abb220c919aac738d2","HAS_ITEM"
"f472b8c7a307b86da4f01f6b66b53e136a63f0aa","0d4b2a602f5891ab9066a5fb8507bf476b92a43a","HAS_ITEM"
"f472b8c7a307b86da4f01f6b66b53e136a63f0aa","0e2cff9d0d9eaf552091b9622253a774a6f8137f","HAS_ITEM"
"f472b8c7a307b86da4f01f6b66b53e136a63f0aa","c0c10f8b4d7515b167cc4cd9c7e333a72e991746","HAS_ITEM"
"f472b8c7a307b86da4f01f6b66b53e136a63f0aa","ecc0ccfc558c7bba95c9e941926b25d982204045","HAS_ITEM"
"f472b8c7a307b86da4f01f6b66b53e136a63f0aa","8fea402afd192b3accbc3297c952811ac413e0df","HAS_ITEM"
"f472b8c7a307b86da4f01f6b66b53e136a63f0aa","f8f7950b3383d489c25348793f23aff5f552a034","HAS_ITEM"
"178e50384e4fa471bf56c8e42a872ae80f98379e","ca6c64a1926f891c15903ab43bfb5caf39fc844c","HAS_ITEM"
"178e50384e4fa471bf56c8e42a872ae80f98379e","ebf0ed7e9ecef0deae8e91017b0c3f25ed0e3797","HAS_ITEM"
"2a1cc0eb8236e952eee0bb7e38e632264774e89a","2ab4393a3e8b8feb26e02af7a3756474728261bc","HAS_ITEM"
"2a1cc0eb8236e952eee0bb7e38e632264774e89a","bc22c04c0349029a155c2601783dd49b30f07866","HAS_ITEM"
"2a1cc0eb8236e952eee0bb7e38e632264774e89a","5caf2a7db57192c33ef31b631562669a70491933","HAS_ITEM"
"2a1cc0eb8236e952eee0bb7e38e632264774e89a","d9e30eed79cfd3a5d68d71c69d14dff17ae40169","HAS_ITEM"
"2a1cc0eb8236e952eee0bb7e38e632264774e89a","54498eb23bbe87e3190306018ccb18a055d701cd","HAS_ITEM"
"14905b0dba95319e09b723f52b9c440a5633c1d3","2bc8fbf8691af0ea877a8d3c5b79731d3741d2aa","HAS_ITEM"
"14905b0dba95319e09b723f52b9c440a5633c1d3","19564601821a12ed93df3f76e9804e34a0ba2003","HAS_ITEM"
"14905b0dba95319e09b723f52b9c440a5633c1d3","8a70131e70a6094001e2c28348080d43e14ae290","HAS_ITEM"
"14905b0dba95319e09b723f52b9c440a5633c1d3","cc6599e2546d29271e2d89551494c84b5866d8fe","HAS_ITEM"
"14905b0dba95319e09b723f52b9c440a5633c1d3","3b912f85750bd80afcada26b6677936805263916","HAS_ITEM"
"14905b0dba95319e09b723f52b9c440a5633c1d3","749c4f99d06240f7977364d85855a20704fffadf","HAS_ITEM"
"14905b0dba95319e09b723f52b9c440a5633c1d3","c97b8ddb819c5df9dcea8bb539e11d83fcd044d2","HAS_ITEM"
"40d4d1e5590cd3eb754d05dad532eb072bfef1a8","699cac7d63db79629bca4b7034ae7fbfd116511e","HAS_ITEM"
"40d4d1e5590cd3eb754d05dad532eb072bfef1a8","b47656a15119dd8b9467d3162a6f9af0ed93fc2d","HAS_ITEM"
"40d4d1e5590cd3eb754d05dad532eb072bfef1a8","104d632072b70a2cddb10d5647aa7175a9cffc40","HAS_ITEM"
"40d4d1e5590cd3eb754d05dad532eb072bfef1a8","d77f7e5bd113a2f7652a78b3dc8c13d19e21e538","HAS_ITEM"
"53b904ca066cbb5bd2a3e3a55b5018aae918af4e","a6d49117ed9da5d98e245a8556cd965a4182e21c","HAS_ITEM"
"53b904ca066cbb5bd2a3e3a55b5018aae918af4e","c47ec2d89aeab1de7d3d48bc0f2acc6725aa0858","HAS_ITEM"
"70cdadc93b31f661b3e98ae827e494d84b2ddd1e","f27197c785afa27eebde5fbbc116aeaca7615075","HAS_ITEM"
"70cdadc93b31f661b3e98ae827e494d84b2ddd1e","67e6eb564e43b07f7133ed4bc1dc1c0a697f0aa5","HAS_ITEM"
"70cdadc93b31f661b3e98ae827e494d84b2ddd1e","295b289387799058ad0cdb35bd5ad596633c2ca3","HAS_ITEM"
"70cdadc93b31f661b3e98ae827e494d84b2ddd1e","21294c29ca13d6112c93b3a343d186ec4680b752","HAS_ITEM"
"70cdadc93b31f661b3e98ae827e494d84b2ddd1e","83d0f1ce4b10d83cee77b09e8e8fa0e7df55973a","HAS_ITEM"
"65d354a8c284f60a02c9b9714885e2e49bc835ad","ab0a533cfe9b35c8708e21ac0bc9ca726e11715c","HAS_ITEM"
"65d354a8c284f60a02c9b9714885e2e49bc835ad","e14543bf8ef007930c43e7b7755ead55f9cceaeb","HAS_ITEM"
"65d354a8c284f60a02c9b9714885e2e49bc835ad","fe230749ab4f214428ba96698dcbeff216ed1302","HAS_ITEM"
"65d354a8c284f60a02c9b9714885e2e49bc835ad","86e8bf706e8d77a6b8629ec2e69e0a4b0da78088","HAS_ITEM"
"65d354a8c284f60a02c9b9714885e2e49bc835ad","41dae885aa76d3ac5b7634cba0f5f5e4c8327f33","HAS_ITEM"
"65d354a8c284f60a02c9b9714885e2e49bc835ad","b5f19cd2f73360b5bf77034e1c4ad3f887ee1540","HAS_ITEM"
"65d354a8c284f60a02c9b9714885e2e49bc835ad","479f3b6a38cfc4db31c5b4fc21133bc6411f19f7","HAS_ITEM"
"65d354a8c284f60a02c9b9714885e2e49bc835ad","018127b2e56c0983769f197fde84f5665abec017","HAS_ITEM"
"1341a3fe2d6f8d5daf6a628b8d0daae78c6ada7e","25264be16884c4957a1c2eb6700b40f9fb2041e3","HAS_ITEM"
"1341a3fe2d6f8d5daf6a628b8d0daae78c6ada7e","f5d7ea4802c4e75edd92fbba1e21c82a05752381","HAS_ITEM"
"6489eefa3a46898932df663b7cc2afb6565465c3","3d193a012b334786830bacfdc7a087642beaf9b8","HAS_ITEM"
"6489eefa3a46898932df663b7cc2afb6565465c3","878b31e50ab3e096c163d65991d94e167a52e69a","HAS_ITEM"
"6489eefa3a46898932df663b7cc2afb6565465c3","cf99c7e9661b1558f87939457830d8d27874c548","HAS_ITEM"
"6489eefa3a46898932df663b7cc2afb6565465c3","28e0b27c70b25889ec8fc0059835397e63fe800c","HAS_ITEM"
"b5828289ae17d42c96552e6b4519c8a1ac2406ee","42faee602c8d067b30d3450365ad11a569ac4108","HAS_ITEM"
"b5828289ae17d42c96552e6b4519c8a1ac2406ee","ff101b85132b63e3cb5d99159f5704ea4ecad388","HAS_ITEM"
"b5828289ae17d42c96552e6b4519c8a1ac2406ee","ad2b6d908dcd80ffab79ba0d8574a78d5f55eded","HAS_ITEM"
"b5828289ae17d42c96552e6b4519c8a1ac2406ee","44ce7b83fa3fd12fd85a2857b810e234c52e7c57","HAS_ITEM"
"b5828289ae17d42c96552e6b4519c8a1ac2406ee","132c508f74c081c28ecf14c02ebaa42a38349d03","HAS_ITEM"
"b5828289ae17d42c96552e6b4519c8a1ac2406ee","8cf864997c512f8a1cef5c3e10b46aac69d90a22","HAS_ITEM"
"b5828289ae17d42c96552e6b4519c8a1ac2406ee","56ff4768185454f63a1f5f4c946baa5cb13f7ad6","HAS_ITEM"
"432d837ec779255ae541b190ba50e1709c27f911","444111964965641b36d800f34b85e949380488b3","HAS_ITEM"
"432d837ec779255ae541b190ba50e1709c27f911","8f569f3f4f3928ba5e809a9a6190036daf2c9650","HAS_ITEM"
"432d837ec779255ae541b190ba50e1709c27f911","ce27bdbab98ce6c4e9b9c8497435ee5b07534f8a","HAS_ITEM"
"432d837ec779255ae541b190ba50e1709c27f911","339f93098db300e1c8db782c03da0619925db4ca","HAS_ITEM"
"12d2cac6cd74c824565addbd7debbc443edb25fc","a53d165205116d3d05d3c58ea38543ef370b5ca2","HAS_ITEM"
"12d2cac6cd74c824565addbd7debbc443edb25fc","08e54169f92c441ecc53b53b9d1a78271c332ecf","HAS_ITEM"
"12d2cac6cd74c824565addbd7debbc443edb25fc","499ccb484aac24be57d7039f0f0e39c938a373c6","HAS_ITEM"
"12d2cac6cd74c824565addbd7debbc443edb25fc","43e1aeb6f4383608737ec5208a0c6f443ba57242","HAS_ITEM"
"7725cafa4d4c29619984061036321095d9b74500","3384984e4c1b16a8a47c92343164605664324204","HAS_ITEM"
"7725cafa4d4c29619984061036321095d9b74500","2256e03588fac58d1b0e8e1e9ee7a95235045f0f","HAS_ITEM"
"7725cafa4d4c29619984061036321095d9b74500","4479bd1cb9fccdb0cb918429ec8b6221f20ecb75","HAS_ITEM"
"7725cafa4d4c29619984061036321095d9b74500","17cfe75a731234433990930c33bd8c0058d6947c","HAS_ITEM"
"2521dcb01caf8da8a083a598abb55069b3cbe9a2","8f4d8d9f98b3cede49495295c4753d6f25d11c85","HAS_ITEM"
"2521dcb01caf8da8a083a598abb55069b3cbe9a2","34d3efde320a14bf898826546be5e44f1f61d6cf","HAS_ITEM"
"2521dcb01caf8da8a083a598abb55069b3cbe9a2","00ada21a2e668ce5bb13ba1d08a94bd6cb8b570e","HAS_ITEM"
"2521dcb01caf8da8a083a598abb55069b3cbe9a2","a5750f10b58f2177737caf09e01a485be0edb792","HAS_ITEM"
"c14939e1a85a9ebb3e19fd88a1ae94ad75c74559","dcf5845dda6baebb3a2a7307aaebf7035c1adbe7","HAS_ITEM"
"c14939e1a85a9ebb3e19fd88a1ae94ad75c74559","54d6a4ea3e6636b9b974ec7b17dd1693b63603e3","HAS_ITEM"
"7e44bd08f9268de75c4f547c271ea6af020b8f61","ebd119bd622d232e513b06b879ee6496faef9bfd","HAS_ITEM"
"7e44bd08f9268de75c4f547c271ea6af020b8f61","0eb517eddc3318137d017cebea2ba7ac9ea21ea0","HAS_ITEM"
"7e44bd08f9268de75c4f547c271ea6af020b8f61","a4446ad7ed05f3fdca9fa193371ccf852ab6779a","HAS_ITEM"
"7e44bd08f9268de75c4f547c271ea6af020b8f61","3491448ef0ce67fc1a8def7f305de402083d78d1","HAS_ITEM"
"7e44bd08f9268de75c4f547c271ea6af020b8f61","b31c45d89ece6c0a064e3e96cee9034c7adca214","HAS_ITEM"
"7e44bd08f9268de75c4f547c271ea6af020b8f61","07659e9295a3dde10d860dfe9bef55b5f6c0764e","HAS_ITEM"
"7e44bd08f9268de75c4f547c271ea6af020b8f61","a101a8727f707b9e310397d5b25892445f647ca9","HAS_ITEM"
"adc3e532d39124958b3ce7501c7cce95e65655ba","ef512812e13e8df273cc94dfc535315f8f506112","HAS_ITEM"
"adc3e532d39124958b3ce7501c7cce95e65655ba","955b69d010aadbf96f7bb8afad98adfe1af05458","HAS_ITEM"
"449a6b8e127b79053238b2483f6642fe0c5cbff2","3638c66de38c054b3cabdb3d7bd1bceacd0117b0","HAS_ITEM"
"449a6b8e127b79053238b2483f6642fe0c5cbff2","9867e736d95293020cadc52927e0b97c1c3928c9","HAS_ITEM"
"449a6b8e127b79053238b2483f6642fe0c5cbff2","ce41160730acf74713d1a5629e2904487be66434","HAS_ITEM"
"09568e8c0638160954de890196274fc88b036eb0","eb215ab918782673da2bb3311e9011689454ab3e","HAS_ITEM"
"09568e8c0638160954de890196274fc88b036eb0","2e99d3692ef1e4c5c51b5f71188bd5702db7dfb7","HAS_ITEM"
"09568e8c0638160954de890196274fc88b036eb0","bef3c8e0aee6809ecf46e47e49450b8fd7ca44e7","HAS_ITEM"
"09568e8c0638160954de890196274fc88b036eb0","03d4a63daee999eb8271cd146e9d06cd9372d7cc","HAS_ITEM"
"09568e8c0638160954de890196274fc88b036eb0","9b27fab780df44f5ef6b04fa48cdc46a38916bb6","HAS_ITEM"
"09568e8c0638160954de890196274fc88b036eb0","df4e363d52f8f18dce3a6e37514ca49056d74ec1","HAS_ITEM"
"09568e8c0638160954de890196274fc88b036eb0","5b07bc5947f67c8acb6949765b9caba1da0d8985","HAS_ITEM"
"09568e8c0638160954de890196274fc88b036eb0","a2beb1589605c851c8cc09710dffa144ddc05dd3","HAS_ITEM"
"09568e8c0638160954de890196274fc88b036eb0","f2ef9bb3ad68a71b2e5ebbf856088e41be8fdbca","HAS_ITEM"
"09568e8c0638160954de890196274fc88b036eb0","8b00b6b5356ccde93c9938279afd97e3c5b47a26","HAS_ITEM"
"09568e8c0638160954de890196274fc88b036eb0","12baf2c7a3b72291e128434aa1075f6fa417e628","HAS_ITEM"
"09568e8c0638160954de890196274fc88b036eb0","00f5c28373e5cd5a8c0124f98795b556092855ad","HAS_ITEM"
"09568e8c0638160954de890196274fc88b036eb0","f4a33b6a6df7e87e84aa77a7df084e1074884d82","HAS_ITEM"
"09568e8c0638160954de890196274fc88b036eb0","54b34d232f3690f7d4fb5647c5cd4b8df4a06a23","HAS_ITEM"
"d25201b656ff1d3ce637b4b3b0729211587ccd51","abc7e9221640ab84509c05ab91a3ea7b6de014c3","HAS_ITEM"
"d25201b656ff1d3ce637b4b3b0729211587ccd51","a03ecac4ba20e4c13f3c0d4f2b46f071ed7a0b5e","HAS_ITEM"
"d500b86da02d1abd6953261da7adb13740ef99ee","59c5352d52206ded3d658416d0ac882bbd40ebd1","HAS_ITEM"
"d500b86da02d1abd6953261da7adb13740ef99ee","214c755a2de323a43b8ff1044a75fa3b89e8b238","HAS_ITEM"
"d500b86da02d1abd6953261da7adb13740ef99ee","f92715d900e88a67dabe82600eee25c155907aee","HAS_ITEM"
"d500b86da02d1abd6953261da7adb13740ef99ee","e10979de5f56ba911ac4291afa11b850cdaad9d0","HAS_ITEM"
"4165702f41424195bdb50eb478726b06b49b3b6c","f1a2963546d1af8c918ffd6f9ec5fa77a264fbce","HAS_ITEM"
"4165702f41424195bdb50eb478726b06b49b3b6c","5a376530011196429e455c29e4df4f18a5f40d5b","HAS_ITEM"
"35cce85a5e4d004eb33aab75b842f17d3505b961","b49b5f6594ba3a1b68d3842dd47cbfde9b34ca67","HAS_ITEM"
"35cce85a5e4d004eb33aab75b842f17d3505b961","624b9fa10db4b0c23b296f6d377faf474fb1be69","HAS_ITEM"
"35cce85a5e4d004eb33aab75b842f17d3505b961","ac146344717f5399596d6f570aa6bae05bb74195","HAS_ITEM"
"3c8781027adb52c9b15cc3bdfc487054b7bdc8fc","cadbedb3074fe5b2b100075dd60b26dfbc835f56","HAS_ITEM"
"3c8781027adb52c9b15cc3bdfc487054b7bdc8fc","1530b2eb3f8487dfdf565805295062bc89f7729e","HAS_ITEM"
"9555839a47e1df69ecbe3ea116c04b61a36b162b","264f2a980808a379be9e1dbd2d7b9b804ccba5ce","HAS_ITEM"
"9555839a47e1df69ecbe3ea116c04b61a36b162b","749d01d00116c1cbb28a3e01dfab48046401b5c3","HAS_ITEM"
"9555839a47e1df69ecbe3ea116c04b61a36b162b","c05b289da23ba0e5e6df41110d7bb680d68239dc","HAS_ITEM"
"9555839a47e1df69ecbe3ea116c04b61a36b162b","68f3db6ba55526a1cb1f781b3e2829252b423afc","HAS_ITEM"
"9555839a47e1df69ecbe3ea116c04b61a36b162b","25ce8df3cb6f57b5a3f62fa7185fbe069e61e5d8","HAS_ITEM"
"c2bd6c9efd746d23d5235d9f53f8ed1f6533b086","291c2b89b2b6dea2e343c043f8ea3cd2cb28ec96","HAS_ITEM"
"c2bd6c9efd746d23d5235d9f53f8ed1f6533b086","d8af7219096e8e3f8c99569b0e83ef7980fe0629","HAS_ITEM"
"c2bd6c9efd746d23d5235d9f53f8ed1f6533b086","5a83f78624a90f6f1c3d899085a98fbd23343ad4","HAS_ITEM"
"6b5ce67c681dc0462d35b3e655cd75bb82922b15","0be191f19b04fa1f40fd940b832330bd165419ca","HAS_ITEM"
"6b5ce67c681dc0462d35b3e655cd75bb82922b15","a5f116347a3371871485b2f7c5a24c1e659e00b4","HAS_ITEM"
"6b5ce67c681dc0462d35b3e655cd75bb82922b15","10a96d6eb26e908333625abc099aed9e2dd74b47","HAS_ITEM"
"6b5ce67c681dc0462d35b3e655cd75bb82922b15","9ea96430e5e6e524dacadf8ca801c137ec7fb375","HAS_ITEM"
"6b5ce67c681dc0462d35b3e655cd75bb82922b15","926ca957179444c8e431e087459b1574bc7073cb","HAS_ITEM"
"6b5ce67c681dc0462d35b3e655cd75bb82922b15","3cbb77204dfdb6916a81629aa8185aae7096484a","HAS_ITEM"
"6b5ce67c681dc0462d35b3e655cd75bb82922b15","e918afd1f2a22d64cecafd644df7edb760ef244c","HAS_ITEM"
"6b5ce67c681dc0462d35b3e655cd75bb82922b15","fe1a7633cdd77d100ebe689d4568919105a3b077","HAS_ITEM"
"6b5ce67c681dc0462d35b3e655cd75bb82922b15","296f3ba646bb9cc9c8e500988c3cd123a87b6db7","HAS_ITEM"
"6b5ce67c681dc0462d35b3e655cd75bb82922b15","753b0c3c7f2327bffd152f6a732a38a280bb3b61","HAS_ITEM"
"6b5ce67c681dc0462d35b3e655cd75bb82922b15","9057854f00b51423ca711ee7c9bc56597a793c9b","HAS_ITEM"
"6b5ce67c681dc0462d35b3e655cd75bb82922b15","3626d090a8081be2f4c5738e85afc80ba32977d9","HAS_ITEM"
"6b5ce67c681dc0462d35b3e655cd75bb82922b15","18f58fa26ceb8e899888065c104a62dfc038094d","HAS_ITEM"
"6b5ce67c681dc0462d35b3e655cd75bb82922b15","15b6543b64161d9346a1091636cfd661c7a4ea00","HAS_ITEM"
"6b5ce67c681dc0462d35b3e655cd75bb82922b15","47bba4980640830860ddda687dd6e80e0db13a02","HAS_ITEM"
"5c58a30c11341d67562df04ad662dce6ae1b0e83","25035ae01a5c2ea163886821d11fec8767696cce","HAS_ITEM"
"5c58a30c11341d67562df04ad662dce6ae1b0e83","953903ada17165808fe74bf5cf5c1deddf9dbf43","HAS_ITEM"
"112da74f99d05690d823727ec705acc07f8c79dd","628b42edd99a4f3be2a200f816c62f47e21085e6","HAS_ITEM"
"112da74f99d05690d823727ec705acc07f8c79dd","fefa579b8d58dfa4c200fa1cd8c6687a2bf4341b","HAS_ITEM"
"112da74f99d05690d823727ec705acc07f8c79dd","6b8a82738495c3605df5a26280e907e606c779e9","HAS_ITEM"
"112da74f99d05690d823727ec705acc07f8c79dd","b116c56644ed82c217c757031def894613bc4a3d","HAS_ITEM"
"112da74f99d05690d823727ec705acc07f8c79dd","6d0581bcdcf3c9582eab99fe325b15db332cbb6b","HAS_ITEM"
"68e7f7759a55e607700cee6b732e0f30393670d3","cd36d18968f5e925b968dd4c7b7f9f20796a36f3","HAS_ITEM"
"68e7f7759a55e607700cee6b732e0f30393670d3","599ca754875302dd466f2e62fa604197386df7af","HAS_ITEM"
"68e7f7759a55e607700cee6b732e0f30393670d3","a408fd7ff2b8c1118fbc77051e9da0606f742f0c","HAS_ITEM"
"68e7f7759a55e607700cee6b732e0f30393670d3","fed12fafae45cb1d1b2cb9bb3eb1aee41f3dbfe0","HAS_ITEM"
"68e7f7759a55e607700cee6b732e0f30393670d3","75f58524cd3d7d90cc41423e4ad9171f4cc18e3c","HAS_ITEM"
"9695994fc31f4d242e1e8d03329a076667a3546e","6bd13b7f8c9ea99927967e3e830a4c4474db4699","HAS_ITEM"
"9695994fc31f4d242e1e8d03329a076667a3546e","482a379aab8ee28bf8e2d1bc53bd47af14cdbef8","HAS_ITEM"
"9695994fc31f4d242e1e8d03329a076667a3546e","764f1153e9f62837fd0aa282efb1d6fbfc933db0","HAS_ITEM"
"9695994fc31f4d242e1e8d03329a076667a3546e","0eee26eeacddf7b1616f2b40b107f92470b8dcd6","HAS_ITEM"
"9695994fc31f4d242e1e8d03329a076667a3546e","4ec048f0928f11e58bf4077ef9b7ff52ff9357ed","HAS_ITEM"
"9695994fc31f4d242e1e8d03329a076667a3546e","9153b47a800cab320ef8dec01867fc93767212f8","HAS_ITEM"
"9695994fc31f4d242e1e8d03329a076667a3546e","504fb28af1a20575308b73ff8e0a0d59bbc359de","HAS_ITEM"
"9695994fc31f4d242e1e8d03329a076667a3546e","9f0b8f37b35ef110bf02914c37bd119f9c6746f5","HAS_ITEM"
"9695994fc31f4d242e1e8d03329a076667a3546e","ecbae4e2bc01d88b26e89a884135a5e74a31f094","HAS_ITEM"
"9695994fc31f4d242e1e8d03329a076667a3546e","1e2307502190fd36252e2d152e5f284d0c1cee0a","HAS_ITEM"
"9695994fc31f4d242e1e8d03329a076667a3546e","30f17e8f14a7d2eb1043902b4443bf61362f86ef","HAS_ITEM"
"9695994fc31f4d242e1e8d03329a076667a3546e","5ca0bad66cda1f8ccd962d00a9d165a5bcd06ac9","HAS_ITEM"
"9695994fc31f4d242e1e8d03329a076667a3546e","216d8d47f832a0c1d97f2be542394471a9d6a8fa","HAS_ITEM"
"9695994fc31f4d242e1e8d03329a076667a3546e","4f8b924f3e6de9564a5995b3183d794fcdcadcc7","HAS_ITEM"
"9695994fc31f4d242e1e8d03329a076667a3546e","de43c82f9f38eb33291c718c423044390710424f","HAS_ITEM"
"9695994fc31f4d242e1e8d03329a076667a3546e","0790784df0f10ccb04b0d8649c1aff4cdd61d237","HAS_ITEM"
"9695994fc31f4d242e1e8d03329a076667a3546e","f222209e6969352681822a36b566874df44b5797","HAS_ITEM"
"9695994fc31f4d242e1e8d03329a076667a3546e","56e281a1716c2c29a6e97956a62a92be4269f136","HAS_ITEM"
"c5a34e2d77bb25e08dbe8b4618d5f1c3cf87100c","ff8fb0f12a8bb9d76f4fde3d99cf5b861215b946","HAS_ITEM"
"c5a34e2d77bb25e08dbe8b4618d5f1c3cf87100c","93a5906a241c44acd86e8c241586f803d544b0ec","HAS_ITEM"
"c5a34e2d77bb25e08dbe8b4618d5f1c3cf87100c","42142c8fa8bf178f398cf8d32fd5e882c2a05f66","HAS_ITEM"
"c5a34e2d77bb25e08dbe8b4618d5f1c3cf87100c","cbc298e5ba8e9a190058674f9fbd3595e26e2e7e","HAS_ITEM"
"c5a34e2d77bb25e08dbe8b4618d5f1c3cf87100c","e4efbff8fde28c025208e9eb6ec608111f12ea7d","HAS_ITEM"
"c5a34e2d77bb25e08dbe8b4618d5f1c3cf87100c","bfe1ac03b51a09574fa5df49eeab3b0544a9d2dd","HAS_ITEM"
"c5a34e2d77bb25e08dbe8b4618d5f1c3cf87100c","58191cfe6d893488502de1ef9004691c23e841c1","HAS_ITEM"
"c5a34e2d77bb25e08dbe8b4618d5f1c3cf87100c","68c351816a21d06af066fd6a550aa89a98c77ed3","HAS_ITEM"
"c5a34e2d77bb25e08dbe8b4618d5f1c3cf87100c","f2ccc831a9ce29fba9a92ee1c8197ded4d5c3d60","HAS_ITEM"
"c5a34e2d77bb25e08dbe8b4618d5f1c3cf87100c","312158d25c6be14cf755a783e9f4401692a9e22d","HAS_ITEM"
"c5a34e2d77bb25e08dbe8b4618d5f1c3cf87100c","6a1e7b26a930687bb0c852a7b65bc0a5917515ff","HAS_ITEM"
"c5a34e2d77bb25e08dbe8b4618d5f1c3cf87100c","5bd0496d1db2db29525cf62ccd7b865228e85ba6","HAS_ITEM"
"c5a34e2d77bb25e08dbe8b4618d5f1c3cf87100c","1c9973dbd0e1b23cd9f3b49e3864ef4d173d27aa","HAS_ITEM"
"c5a34e2d77bb25e08dbe8b4618d5f1c3cf87100c","a578f2c3c900b7c0b8464d74ad90cbbb4e87b9f3","HAS_ITEM"
"c5a34e2d77bb25e08dbe8b4618d5f1c3cf87100c","a95b79791dca8409d6d5a0b457d85ed98ed9e862","HAS_ITEM"
"c5a34e2d77bb25e08dbe8b4618d5f1c3cf87100c","24ea0471b4ed036f20ba778ae182bca920b12745","HAS_ITEM"
"c5a34e2d77bb25e08dbe8b4618d5f1c3cf87100c","5f87dfce318901522dd026ecf4fb681d0116acc8","HAS_ITEM"
"c5a34e2d77bb25e08dbe8b4618d5f1c3cf87100c","c070100500f3fcda622c659519b98c46ffe6720a","HAS_ITEM"
"7761b97a3da12bc1330fe9a6d3e4b397f0d4e09a","7d4c7d4161ef786265374eb6a34880945c879b81","HAS_ITEM"
"7761b97a3da12bc1330fe9a6d3e4b397f0d4e09a","5b67a7bbac5a02792301c59d1a30304357f9ba70","HAS_ITEM"
"7761b97a3da12bc1330fe9a6d3e4b397f0d4e09a","4ac254a78b8dfab4f28e7db89f53add4a6731263","HAS_ITEM"
"7761b97a3da12bc1330fe9a6d3e4b397f0d4e09a","bc82a5b3e7fe41799a59cba99701ab562f2b2143","HAS_ITEM"
"7761b97a3da12bc1330fe9a6d3e4b397f0d4e09a","8885c3c4e31c78568a526657478466677485f315","HAS_ITEM"
"7761b97a3da12bc1330fe9a6d3e4b397f0d4e09a","2c17673d1d6bb512feb462d879711bc3129c4c5d","HAS_ITEM"
"7761b97a3da12bc1330fe9a6d3e4b397f0d4e09a","6e31977a5c389134d0021a776b6651f8d3a4c8b8","HAS_ITEM"
"7761b97a3da12bc1330fe9a6d3e4b397f0d4e09a","64357a5039ebfa5ccc69f3ab9648644e1815ada1","HAS_ITEM"
"7761b97a3da12bc1330fe9a6d3e4b397f0d4e09a","dfe8026bcb2a0a74007bde5ffc3e271c1d449469","HAS_ITEM"
"7761b97a3da12bc1330fe9a6d3e4b397f0d4e09a","cb5917d871261b19300d7947e60ba96f7f66908c","HAS_ITEM"
"c5ae6969fb740a1b35cd0439103ee133bf52b48c","e69d1d2713058bba111ca20fb15697a9621a3707","HAS_ITEM"
"c5ae6969fb740a1b35cd0439103ee133bf52b48c","2208aa2f06efcdb474e851377bc409b12b62cd68","HAS_ITEM"
"c5ae6969fb740a1b35cd0439103ee133bf52b48c","56ee69a1af9cb619c3e0a4ad822a3b9d437d358c","HAS_ITEM"
"c5ae6969fb740a1b35cd0439103ee133bf52b48c","b5fdd281529a73e1fa3228d2c8001d889f8cd0ad","HAS_ITEM"
"c5ae6969fb740a1b35cd0439103ee133bf52b48c","02cffb2319153837476a00d47f533796eeebd702","HAS_ITEM"
"c5ae6969fb740a1b35cd0439103ee133bf52b48c","323a1ec85499e2a16ae2fcbce38b0e3e43a6971a","HAS_ITEM"
"c5ae6969fb740a1b35cd0439103ee133bf52b48c","0210bf406d54f9deeeb8b749ffde3fff2c5cfdcb","HAS_ITEM"
"c5ae6969fb740a1b35cd0439103ee133bf52b48c","5c9d5c57287e38cbe61f741b402102d587e3af08","HAS_ITEM"
"c5ae6969fb740a1b35cd0439103ee133bf52b48c","5244a03a826e5429927665921066df0fd0078cdf","HAS_ITEM"
"c5ae6969fb740a1b35cd0439103ee133bf52b48c","cb01b03b500005c4ee4c3fc336013bff6b61cce7","HAS_ITEM"
"c5ae6969fb740a1b35cd0439103ee133bf52b48c","f658aeec0c5a910a84213326bac301d3421e1ea8","HAS_ITEM"
"c5ae6969fb740a1b35cd0439103ee133bf52b48c","7df2b849148301d9a3fd1629a2e57d7d9f99a9ef","HAS_ITEM"
"c5ae6969fb740a1b35cd0439103ee133bf52b48c","f25708aa475a708f5132f602351d5cca1b1ca8ba","HAS_ITEM"
"c5ae6969fb740a1b35cd0439103ee133bf52b48c","063157f213106fd59d582ba2addd95da9a3e40d3","HAS_ITEM"
"c5ae6969fb740a1b35cd0439103ee133bf52b48c","52ddaeb3dd9fcc6bf7100567e19451a01915eecb","HAS_ITEM"
"7eb6ec7823706bb63feb439223abf7a85c0d8d5e","9691c73a700c84387ddf8ca434a9fc71b180e707","HAS_ITEM"
"7eb6ec7823706bb63feb439223abf7a85c0d8d5e","27d846a677b98669771f9727db8d52ee86e69bfb","HAS_ITEM"
"7eb6ec7823706bb63feb439223abf7a85c0d8d5e","80957db01fe45a4f6cf60c41ab0b2be2c60b8c88","HAS_ITEM"
"7eb6ec7823706bb63feb439223abf7a85c0d8d5e","b9b46c2e01b747ba7e8ebe5b5e8e9b8dab31919b","HAS_ITEM"
"16949a0c92be928bf0c8a818d1c78dd1ddd7507c","9623937ad9d1d65c97e8666b3bdad0b30a21ef86","HAS_ITEM"
"16949a0c92be928bf0c8a818d1c78dd1ddd7507c","9b24e47881be73f6f7d81161e5d1045a1d4ed98c","HAS_ITEM"
"3042d0ba20633cb87efdc4db2a5c3a707e8ae90f","3f0e8fae0fa250da8476637712f2a1982f5e8ff3","HAS_ITEM"
"3042d0ba20633cb87efdc4db2a5c3a707e8ae90f","3351a83da90fb97c40adbff710c4a8ff28fe9d46","HAS_ITEM"
"3042d0ba20633cb87efdc4db2a5c3a707e8ae90f","fcac6abb102a22c21e7aaa5150c776bcd829d7a6","HAS_ITEM"
"3042d0ba20633cb87efdc4db2a5c3a707e8ae90f","b64bd059ab33f7452c3b48750879403245895323","HAS_ITEM"
"a427142ff430db5f844bd171d8dab9e70b88ec0a","094f84a9cfc18b39bd3194faae82a1719843016c","HAS_ITEM"
"a427142ff430db5f844bd171d8dab9e70b88ec0a","abf80dbf787c7b3c037bf118cbc8bd079bfbba61","HAS_ITEM"
"a427142ff430db5f844bd171d8dab9e70b88ec0a","49a4fbaa5d79434553baeeb169e45a41b390457f","HAS_ITEM"
"a427142ff430db5f844bd171d8dab9e70b88ec0a","b3358345ff9f7a7b6653f2763878ae571b9d6d22","HAS_ITEM"
"a427142ff430db5f844bd171d8dab9e70b88ec0a","b1f65007fae5f55955ee714c88280f1a6294cd03","HAS_ITEM"
"a427142ff430db5f844bd171d8dab9e70b88ec0a","7cbd3ce3fad5bcc6258632f79ac61740c67092f6","HAS_ITEM"
"a427142ff430db5f844bd171d8dab9e70b88ec0a","814a5fde77656a3d289ee70a6f3acd4c3ec740e0","HAS_ITEM"
"a427142ff430db5f844bd171d8dab9e70b88ec0a","b2be1095ab20c7a9b001bb89d534e4e5ccf1554f","HAS_ITEM"
"8c0df5d56e1d7eaa3c896474faa4d470008e24a3","a9c313242fca65fce2b560e33d830725522c2343","HAS_ITEM"
"8c0df5d56e1d7eaa3c896474faa4d470008e24a3","1aa2bf88aef8d282ab83fe286146364c29e62c31","HAS_ITEM"
"8c0df5d56e1d7eaa3c896474faa4d470008e24a3","a31140b61038c04cd98a63f77b0d69aabcecfc16","HAS_ITEM"
"8c0df5d56e1d7eaa3c896474faa4d470008e24a3","747188459a66bd8b8f76ee0a8df33f55b16239d9","HAS_ITEM"
"c76d8f135f6456fab7c03170b0d15ee8dc7c300e","7b603c026ceb54854923a0978e10ddbc3fb7a2bc","HAS_ITEM"
"c76d8f135f6456fab7c03170b0d15ee8dc7c300e","86a63c321b664689e3965fb6c7f5b7e41d088cf3","HAS_ITEM"
"c76d8f135f6456fab7c03170b0d15ee8dc7c300e","c087495df1907864844d2263694bc2e6d4fb1b1d","HAS_ITEM"
"c76d8f135f6456fab7c03170b0d15ee8dc7c300e","4254c364ac7d06c4c90f185d0fd08594dab47fb7","HAS_ITEM"
"e36ecd3f6e51d5e10bcdcfa6fd5ff2b6878ffdce","dc6ecf5f7f0e80e5bed99f08a1ccc2cd2dd4f743","HAS_ITEM"
"e36ecd3f6e51d5e10bcdcfa6fd5ff2b6878ffdce","66abd287c32ec7ca1a7a8d09b7c95301056fa6da","HAS_ITEM"
"e36ecd3f6e51d5e10bcdcfa6fd5ff2b6878ffdce","20ca818ad3d3cd2370cb859198be6d1cd636a7ea","HAS_ITEM"
"e36ecd3f6e51d5e10bcdcfa6fd5ff2b6878ffdce","231d47848edb4d124ca180d01f010e74eb1d386c","HAS_ITEM"
"e36ecd3f6e51d5e10bcdcfa6fd5ff2b6878ffdce","272679a1d05456ec9f1f5788b247f668a2554bbb","HAS_ITEM"
"09dfadc5b79aa5d64ea835a51bf49db1d67a03d1","44a03b3bdd7842f644a44a09c795a51163ad6300","HAS_ITEM"
"09dfadc5b79aa5d64ea835a51bf49db1d67a03d1","db925a307f0430fea73d14dd193c4565813b33a0","HAS_ITEM"
"09dfadc5b79aa5d64ea835a51bf49db1d67a03d1","d59192c1a23dce887c13137a0635ca565c342965","HAS_ITEM"
"09dfadc5b79aa5d64ea835a51bf49db1d67a03d1","812700be61010e3d560de602133b97926380dffa","HAS_ITEM"
"09dfadc5b79aa5d64ea835a51bf49db1d67a03d1","a65c618ca6ce6fd9df922badb7495134905fc670","HAS_ITEM"
"09dfadc5b79aa5d64ea835a51bf49db1d67a03d1","235ef4e86ebedf6f154b2256ccd2613266fefd27","HAS_ITEM"
"09dfadc5b79aa5d64ea835a51bf49db1d67a03d1","47e6b6a082ff18f90a1a4b357f6603ce92d4f39f","HAS_ITEM"
"5cc3cc467a18cba364557457db4e6550ffdd94c0","d452a2772f8559470fdea8a266c67c59e2333b0d","HAS_ITEM"
"5cc3cc467a18cba364557457db4e6550ffdd94c0","d6422a5281b71b930972e696aaa4dc95af39f08d","HAS_ITEM"
"5df0d61df475bd58b33c8169838783c6209e5dcc","8ff2694d0e4c687f7470f8639ab505b3b4c39617","HAS_ITEM"
"5df0d61df475bd58b33c8169838783c6209e5dcc","88df2ad471e6a86e5c456a961f05d8a05ca4eb16","HAS_ITEM"
"5df0d61df475bd58b33c8169838783c6209e5dcc","ca727a7f5f020559c905a95eed93668bff55769b","HAS_ITEM"
"5df0d61df475bd58b33c8169838783c6209e5dcc","b4c9553ef40259b85e3b08ffbb75e444e3d3ae90","HAS_ITEM"
"5df0d61df475bd58b33c8169838783c6209e5dcc","dc3916152ab4e5225881c7df26fa8bb1826d3abe","HAS_ITEM"
"5df0d61df475bd58b33c8169838783c6209e5dcc","5d738596144bc7d139a80905b9cf752bede6d402","HAS_ITEM"
"5df0d61df475bd58b33c8169838783c6209e5dcc","e63e04777074546c866911583d934a2bd20ec8bb","HAS_ITEM"
"5df0d61df475bd58b33c8169838783c6209e5dcc","d6df0de687222e7037ae59a40dcbd4a5a8b2ed41","HAS_ITEM"
"6fdc0301cb4d5991ffc9fd96960fa4e594feb9ca","dfd3aff50906d2c6f55a7b50af89ec3049132464","HAS_ITEM"
"6fdc0301cb4d5991ffc9fd96960fa4e594feb9ca","bca7e594393293ed736e3ca043c15185861683a0","HAS_ITEM"
"6fdc0301cb4d5991ffc9fd96960fa4e594feb9ca","987484e86e8c29f23954f3e1646b7b46b52e1bf1","HAS_ITEM"
"6fdc0301cb4d5991ffc9fd96960fa4e594feb9ca","9cc6efee39b6313a8131a40170bdf79bbfdb4fef","HAS_ITEM"
"6fdc0301cb4d5991ffc9fd96960fa4e594feb9ca","2c4fa711028ef75fb84631aa92e2208376f4146c","HAS_ITEM"
"6fdc0301cb4d5991ffc9fd96960fa4e594feb9ca","0e2a33167e0dd2ff80ea018db3ae8b34dd28e6bc","HAS_ITEM"
"6fdc0301cb4d5991ffc9fd96960fa4e594feb9ca","43d91cb1d6263bc5410f7aa9bc1906e6ef63111e","HAS_ITEM"
"6fdc0301cb4d5991ffc9fd96960fa4e594feb9ca","8c5c0fccb4c0d8f63618368de754d99d83641fd9","HAS_ITEM"
"6fdc0301cb4d5991ffc9fd96960fa4e594feb9ca","75f85e574f06879cf9dbe4c973abadecc16c7b92","HAS_ITEM"
"84a2da4bc76d09e191cd9957baea6666027b8aab","9326213e290f3392040effbf0493f3f17096c7ad","HAS_ITEM"
"84a2da4bc76d09e191cd9957baea6666027b8aab","169e07500b1aa33208bf317f4b9403f9e209ea87","HAS_ITEM"
"84a2da4bc76d09e191cd9957baea6666027b8aab","0f47b2e8ac626c0fe5b033191d23cbdf971b5578","HAS_ITEM"
"84a2da4bc76d09e191cd9957baea6666027b8aab","0d71f537ae167c376a352a84b6e2616933f5eabb","HAS_ITEM"
"84a2da4bc76d09e191cd9957baea6666027b8aab","a5ddbfce42bd53827548d906b9ddfd0e62d2d0b7","HAS_ITEM"
"84a2da4bc76d09e191cd9957baea6666027b8aab","8e7dffed618481df04a79c504de48d24fb0b19fc","HAS_ITEM"
"88ac6e30d9311441176a0de45faeb4efc9af32f0","893fb6c20adad52f19a0133ef0215db42c99c026","HAS_ITEM"
"88ac6e30d9311441176a0de45faeb4efc9af32f0","fdd2e9b08520ee9a3a8cd1ff466b2f92d4acd9ec","HAS_ITEM"
"88ac6e30d9311441176a0de45faeb4efc9af32f0","96d724c8ddb6cc92446d0507db0b9bd8d65b00bd","HAS_ITEM"
"168816303a7cf5a6ed295d081b48663f3970f7d7","27dc2ba0cf1b85dbf3fcc37fa5a8cb2360648f8d","HAS_ITEM"
"168816303a7cf5a6ed295d081b48663f3970f7d7","ea12f3f6ca6fd962abe20cc9b221e322152ba98d","HAS_ITEM"
"168816303a7cf5a6ed295d081b48663f3970f7d7","691eb215c960ee38afe0333078ef611a710fd31b","HAS_ITEM"
"35fb587830d776af1e6990fef31074ad9996226e","acf14e28916d2c6fc63ff5d94340b22f003b37b9","HAS_ITEM"
"35fb587830d776af1e6990fef31074ad9996226e","de8410e6e5387a688d46bad772f495bfa5db4d78","HAS_ITEM"
"35fb587830d776af1e6990fef31074ad9996226e","71c98ec9c0cc89f88b338a363464783e4dad54dc","HAS_ITEM"
"63511632f1a33564fbe088d9c5963abaf44b95c3","74aa4356034cca408a235a5c73130f319655c9dd","HAS_ITEM"
"63511632f1a33564fbe088d9c5963abaf44b95c3","f0e379b7dc58011392d1ad7f1c0530465ea48008","HAS_ITEM"
"63511632f1a33564fbe088d9c5963abaf44b95c3","35dab8452f025e4abb7327aa1606d78ebef011a0","HAS_ITEM"
"63511632f1a33564fbe088d9c5963abaf44b95c3","11680f05d9b9499cbcab6b5b9324abf9ed6f065c","HAS_ITEM"
"63511632f1a33564fbe088d9c5963abaf44b95c3","75853f519953353ad4deecedd15f2ff5b3bf7ec7","HAS_ITEM"
"63511632f1a33564fbe088d9c5963abaf44b95c3","2aab799eb11f309674c8b5db82f2b66fd634aaed","HAS_ITEM"
"63511632f1a33564fbe088d9c5963abaf44b95c3","b695c98553bbbac920baae5ec1501632218833c1","HAS_ITEM"
"63511632f1a33564fbe088d9c5963abaf44b95c3","c7468b64386b5b7d123717792ed86e63cb44a81e","HAS_ITEM"
"9a44dacb751e1bfce26fcd63d32a60a7f3428799","c0a0604de7e36af1e8731b2ba260df27a297b2b8","HAS_ITEM"
"9a44dacb751e1bfce26fcd63d32a60a7f3428799","ac0a9281bfb7ad42f29a193536164a65ce3d95dc","HAS_ITEM"
"9a44dacb751e1bfce26fcd63d32a60a7f3428799","a4fc7369f6cdbcff75bbe7bb38bd23bca969d606","HAS_ITEM"
"9a44dacb751e1bfce26fcd63d32a60a7f3428799","170fc0e2a81ee631ef9b334ad565af1d06306894","HAS_ITEM"
"9a44dacb751e1bfce26fcd63d32a60a7f3428799","2a9596e5c89f91b1d027ec433e6f5254f3226028","HAS_ITEM"
"9a44dacb751e1bfce26fcd63d32a60a7f3428799","3d877af1b46e7062a9206fa1b4c52b49093b70ff","HAS_ITEM"
"9a44dacb751e1bfce26fcd63d32a60a7f3428799","4898cbd93712a7c6e0efe83851bed5fd3bb51859","HAS_ITEM"
"9a44dacb751e1bfce26fcd63d32a60a7f3428799","0830c5e16499dea56c2e530d3c70104ce2cf48b6","HAS_ITEM"
"9a44dacb751e1bfce26fcd63d32a60a7f3428799","1a7ad131a658c8289747fb9ecc7c51d9438cf49e","HAS_ITEM"
"9a44dacb751e1bfce26fcd63d32a60a7f3428799","927762a28d476b69542b4eac85441d398d0973c1","HAS_ITEM"
"9a44dacb751e1bfce26fcd63d32a60a7f3428799","ea4c345c0c1d505a59218745940eb67433ca84c2","HAS_ITEM"
"9a44dacb751e1bfce26fcd63d32a60a7f3428799","69c011b494aef5b4461883bf8830825a8f7fbb90","HAS_ITEM"
"9a44dacb751e1bfce26fcd63d32a60a7f3428799","c458dc92f7b41ef1ca585b3b996b13307ffd81e7","HAS_ITEM"
"9a44dacb751e1bfce26fcd63d32a60a7f3428799","8cf78298b7e900cf325f9cced820d0a915a68f7a","HAS_ITEM"
"8ccb407dd8ad73ceb565d715a725bfccb84e0fd8","4a1c3e541e9d7583a501193a4dda3a59994910e1","HAS_ITEM"
"8ccb407dd8ad73ceb565d715a725bfccb84e0fd8","964310433b0e432b41b1e33d32e5da32b4b6d846","HAS_ITEM"
"8ccb407dd8ad73ceb565d715a725bfccb84e0fd8","cb3469666fcb22200660c40210280f77282bb42d","HAS_ITEM"
"270ad94007761c4d9c4c468b7fccfe95c027110d","e8e6d69c24e1608391745202b52ae83395100c14","HAS_ITEM"
"270ad94007761c4d9c4c468b7fccfe95c027110d","73bbb8b7d6d0c5b6d9cb0a0b717d3604af6df3f1","HAS_ITEM"
"935c08ed6c0f3a4d268558a840d692aede3693e7","ec2f4e632201e89754ff17b9302fde89ffa8db7b","HAS_ITEM"
"935c08ed6c0f3a4d268558a840d692aede3693e7","e36d985f8df39dc05bdedd3323b5fed7f453fae9","HAS_ITEM"
"935c08ed6c0f3a4d268558a840d692aede3693e7","d7d322c8dcc09f6d641dd17c0394c690dafcab45","HAS_ITEM"
"935c08ed6c0f3a4d268558a840d692aede3693e7","7a02fc7a82a7ff40bc16569257f88eaff4857c89","HAS_ITEM"
"935c08ed6c0f3a4d268558a840d692aede3693e7","899f4d31ad98a939d08e3369212e6ab1a254eefb","HAS_ITEM"
"935c08ed6c0f3a4d268558a840d692aede3693e7","d0fc72abf79b68bdd6273fcfd1f7cd6620fc32fd","HAS_ITEM"
"935c08ed6c0f3a4d268558a840d692aede3693e7","eb45bcf2731573189843fa12fbfe4eda77cc4e56","HAS_ITEM"
"935c08ed6c0f3a4d268558a840d692aede3693e7","e575f455cbb26a602fcec867f0e3b09aa46dcd7a","HAS_ITEM"
"935c08ed6c0f3a4d268558a840d692aede3693e7","6c59a00aae0ce6a2877ca60aebf1b0c31c4236c9","HAS_ITEM"
"935c08ed6c0f3a4d268558a840d692aede3693e7","74e08820853a3e832fef28f2e1c86a0f5bd25da5","HAS_ITEM"
"935c08ed6c0f3a4d268558a840d692aede3693e7","07ea604e8118aa92b887ae93535fbae3fbc85a53","HAS_ITEM"
"935c08ed6c0f3a4d268558a840d692aede3693e7","ba568e422324e6d8ea3ac99a82020970524de266","HAS_ITEM"
"935c08ed6c0f3a4d268558a840d692aede3693e7","00f3bb80c19a10b823456afe1722790a9a193806","HAS_ITEM"
"935c08ed6c0f3a4d268558a840d692aede3693e7","036d6c0e0a05df8fb233d98bf6b73893cc2dfbe3","HAS_ITEM"
"935c08ed6c0f3a4d268558a840d692aede3693e7","53ecb8a0a4a70597694ea45d8635faff53af85c2","HAS_ITEM"
"935c08ed6c0f3a4d268558a840d692aede3693e7","a1fe2694b41cd79cd07086872abe511528017cdc","HAS_ITEM"
"935c08ed6c0f3a4d268558a840d692aede3693e7","6bae3e7101d9454c5d870ff3eb91e4d90aa8123c","HAS_ITEM"
"935c08ed6c0f3a4d268558a840d692aede3693e7","bc5309525fc18ad271aff96ba073192330ecdfab","HAS_ITEM"
"935c08ed6c0f3a4d268558a840d692aede3693e7","fe762f037d39453dbc675185c8b023396898845c","HAS_ITEM"
"935c08ed6c0f3a4d268558a840d692aede3693e7","d891acc9f44105867d89205b949c2644de0a9580","HAS_ITEM"
"935c08ed6c0f3a4d268558a840d692aede3693e7","a51e9921292a83fad9314730f42a38fa8946227c","HAS_ITEM"
"935c08ed6c0f3a4d268558a840d692aede3693e7","3e6404734e895523de7a1404f1b76a649e73ae52","HAS_ITEM"
"935c08ed6c0f3a4d268558a840d692aede3693e7","207ad8acab7b8e76e356b16d43124889008301a0","HAS_ITEM"
"935c08ed6c0f3a4d268558a840d692aede3693e7","eb36aa75d7d34a41e026c75ecf02cffdce112166","HAS_ITEM"
"935c08ed6c0f3a4d268558a840d692aede3693e7","e3b72827f4746e759e3437d29fc79095c9e7e3bb","HAS_ITEM"
"935c08ed6c0f3a4d268558a840d692aede3693e7","7c4b4a562227b3e3877a404074c8726b1bb71c2d","HAS_ITEM"
"935c08ed6c0f3a4d268558a840d692aede3693e7","e091fd345d17c4ca3ce767a12b457fa4ef2ff07c","HAS_ITEM"
"935c08ed6c0f3a4d268558a840d692aede3693e7","a5d1aaae9dc5cf3cbd5ec427604b698326aa8b8b","HAS_ITEM"
"935c08ed6c0f3a4d268558a840d692aede3693e7","bd479c119d9f61abc5b50e0e2c4e60d25732627b","HAS_ITEM"
"935c08ed6c0f3a4d268558a840d692aede3693e7","0a4ea049ab2f17b9fb77983813b0fc9cc5f9f7f9","HAS_ITEM"
"935c08ed6c0f3a4d268558a840d692aede3693e7","ffbce03701fb9f0df6551f2b9a3d58d3f7e61384","HAS_ITEM"
"935c08ed6c0f3a4d268558a840d692aede3693e7","4f1756055e2b3aa60de9eb4c03835f9128b2f9e5","HAS_ITEM"
"935c08ed6c0f3a4d268558a840d692aede3693e7","743cefc0b44c8e12e280972e0323c0c77be5d0ec","HAS_ITEM"
"935c08ed6c0f3a4d268558a840d692aede3693e7","22cab499fb2d990a64d0ace9443366849b54b7c4","HAS_ITEM"
"935c08ed6c0f3a4d268558a840d692aede3693e7","e02babc045e8f3cedea7258ed65ed38b07da42d7","HAS_ITEM"
"935c08ed6c0f3a4d268558a840d692aede3693e7","8428f90d77440d96de03eb20c45f05923e8789ef","HAS_ITEM"
"935c08ed6c0f3a4d268558a840d692aede3693e7","d214cb9af199c75e52231e370a9afeda6b0b9b38","HAS_ITEM"
"935c08ed6c0f3a4d268558a840d692aede3693e7","65f9d1cf938f8c13fd0bc847b8eadea368cc22ff","HAS_ITEM"
"935c08ed6c0f3a4d268558a840d692aede3693e7","3d69cfb40a59ffc35fb06ecf0354542b737e24fa","HAS_ITEM"
"935c08ed6c0f3a4d268558a840d692aede3693e7","c012ebe72fb0185137b5246dee748dce11071d22","HAS_ITEM"
"935c08ed6c0f3a4d268558a840d692aede3693e7","1b8d5c24b5261b9a888129cbefa2ff9683c79c69","HAS_ITEM"
"935c08ed6c0f3a4d268558a840d692aede3693e7","c870ee78dbe5ce7b38eb722a414ec2cdae7d2128","HAS_ITEM"
"935c08ed6c0f3a4d268558a840d692aede3693e7","3035cf8e811d0e26e4c97bcf98ef0ba202f9120c","HAS_ITEM"
"935c08ed6c0f3a4d268558a840d692aede3693e7","00e039db04163399909e9bca1117734e200cc5a6","HAS_ITEM"
"935c08ed6c0f3a4d268558a840d692aede3693e7","2be5506352a5fab163fb4fa3805ee70e20685305","HAS_ITEM"
"935c08ed6c0f3a4d268558a840d692aede3693e7","b232474f47e722cd1ccae67f54b48c8b9948e263","HAS_ITEM"
"935c08ed6c0f3a4d268558a840d692aede3693e7","0c7887925eba0def8a28df9938587cb40d4331c9","HAS_ITEM"
"935c08ed6c0f3a4d268558a840d692aede3693e7","7977546d83b956d82bba2a4b450a7d763673478d","HAS_ITEM"
"935c08ed6c0f3a4d268558a840d692aede3693e7","0360a05cde087d676cfd400d61840a974c3dd17f","HAS_ITEM"
"935c08ed6c0f3a4d268558a840d692aede3693e7","d05e43270059f3d4225eab12dd16c5c868fbc9ac","HAS_ITEM"
"935c08ed6c0f3a4d268558a840d692aede3693e7","ed7de4d19db7bca7bd58807a648bda3eab559cb4","HAS_ITEM"
"935c08ed6c0f3a4d268558a840d692aede3693e7","24a644997eccca48e997c3db6251d29f2cd2f5d8","HAS_ITEM"
"935c08ed6c0f3a4d268558a840d692aede3693e7","d4fa7a03d03a0eaa4c0408b58f569dac018b6f86","HAS_ITEM"
"01b52eacf652cbb12728ceeac0651156d20646dc","b42a8e57a848ac666a1529863475344a1b6abd04","HAS_ITEM"
"01b52eacf652cbb12728ceeac0651156d20646dc","81ee62fe0bc269b2db3460856363e492682e0a74","HAS_ITEM"
"01b52eacf652cbb12728ceeac0651156d20646dc","8e7b50ae70235ad2dd84090ac08f1730579df5ff","HAS_ITEM"
"2fcada7dfbb1e7a75e9ea227169d83b2dca703cb","c028dcf2b9b502a0b7cd7806d74fbfabda56c470","HAS_ITEM"
"2fcada7dfbb1e7a75e9ea227169d83b2dca703cb","5cd021494189174ba22808e78a0ad893ffcca958","HAS_ITEM"
"2fcada7dfbb1e7a75e9ea227169d83b2dca703cb","fe55bc6a6ffed777568888b3b4a4eb7f9fee28a2","HAS_ITEM"
"2fcada7dfbb1e7a75e9ea227169d83b2dca703cb","0bb98af44cfda2ac7a50c304d82af84233c6329f","HAS_ITEM"
"2fcada7dfbb1e7a75e9ea227169d83b2dca703cb","51bc23ed84b79bc7fe9f8aa296cdb27fcd66223a","HAS_ITEM"
"2fcada7dfbb1e7a75e9ea227169d83b2dca703cb","e889885eb1e34c07f96e1e999334bddcc265ee0e","HAS_ITEM"
"2fcada7dfbb1e7a75e9ea227169d83b2dca703cb","249bd7f27fcb83d19d97238a8f44a4d3817a96ac","HAS_ITEM"
"2fcada7dfbb1e7a75e9ea227169d83b2dca703cb","a6ca555fb09a29d36965ab4a3f10c1da05e2613c","HAS_ITEM"
"2fcada7dfbb1e7a75e9ea227169d83b2dca703cb","e6b2bc48436c6387f75468b9355fdabd76eead26","HAS_ITEM"
"2fcada7dfbb1e7a75e9ea227169d83b2dca703cb","834c8f3f188c4ab3b5bbc7ec844eda7ba2931fa0","HAS_ITEM"
"ef76832c82f125d3d4265a65043d0ccac4f6742e","657551154f80b22b71f9185c2a024221c3dd86d6","HAS_ITEM"
"ef76832c82f125d3d4265a65043d0ccac4f6742e","ec4db4cb947bf21d391a71e80bf47fff99e7e9fe","HAS_ITEM"
"ef76832c82f125d3d4265a65043d0ccac4f6742e","e7d0db33e14d5d01a0b66fe02124a704256391b9","HAS_ITEM"
"ef76832c82f125d3d4265a65043d0ccac4f6742e","c6256a62e90dc34e68512cea8788217fafbded18","HAS_ITEM"
"ef76832c82f125d3d4265a65043d0ccac4f6742e","afa5b3f5595da8cc4ad990672503a8556a853f26","HAS_ITEM"
"ef76832c82f125d3d4265a65043d0ccac4f6742e","da4d139eac9bfb799e7abf68e0e237498eee6380","HAS_ITEM"
"ef76832c82f125d3d4265a65043d0ccac4f6742e","b5c98870c6c10196c2ca314ca6f7d1e05020ae78","HAS_ITEM"
"75d4da91e526140d57c65465bdae6e9e4c3dd01f","4ab0e7c4b166be0df0c1940683a2d3e48d75931e","HAS_ITEM"
"75d4da91e526140d57c65465bdae6e9e4c3dd01f","3c00364d6371077fc4217341e029cb0495782c50","HAS_ITEM"
"75d4da91e526140d57c65465bdae6e9e4c3dd01f","72b09d64c078b6ff9d5f54e8d305872dc5768a53","HAS_ITEM"
"75d4da91e526140d57c65465bdae6e9e4c3dd01f","922a9f22bb6de2a72453ad5c1cfead062a3b10f2","HAS_ITEM"
"2d78ec554b2d224c8415d3753dfed67b116ab997","52a711ac17aee489da60fc4564acbf80a55988ad","HAS_ITEM"
"2d78ec554b2d224c8415d3753dfed67b116ab997","1bd522e28efa1ef4bf023d11b1bc6176a26add90","HAS_ITEM"
"2d78ec554b2d224c8415d3753dfed67b116ab997","cab12072b334f85b05034a6b9a681ddf175b7a7a","HAS_ITEM"
"2d78ec554b2d224c8415d3753dfed67b116ab997","2fa1aa61023ab541e15df971e22ad954e967856d","HAS_ITEM"
"2d78ec554b2d224c8415d3753dfed67b116ab997","d5702dc661116757882089ea2065687d106d2fb3","HAS_ITEM"
"2d78ec554b2d224c8415d3753dfed67b116ab997","73835ec48c874642d3f49e5d76c5e997a9ec9355","HAS_ITEM"
"2d78ec554b2d224c8415d3753dfed67b116ab997","daa367a5500ed60479d0c3f13c8765df980e1151","HAS_ITEM"
"2d78ec554b2d224c8415d3753dfed67b116ab997","fa20bded2655fa2ff40f7f4e0d22f6582834b4ff","HAS_ITEM"
"2d78ec554b2d224c8415d3753dfed67b116ab997","4fa2e6d392fadd3a045efbdfddc9c307a4912ccf","HAS_ITEM"
"2f00c88528d51b52663c71fcdfb8c78276bd3065","c97d28220e2522a79df365bad653a7ba2afe677c","HAS_ITEM"
"2f00c88528d51b52663c71fcdfb8c78276bd3065","7a15b5609ee2277ac9cdef9383983f0780015aca","HAS_ITEM"
"2f00c88528d51b52663c71fcdfb8c78276bd3065","e2caad3fd12a793e12c5e41efd66a84d0f0730f3","HAS_ITEM"
"2f00c88528d51b52663c71fcdfb8c78276bd3065","0ad3ac4f846b8109a976eb96358513805e76f50f","HAS_ITEM"
"268e9d4e5aeff592c66b1131fd2681e7a1bf8fd7","afd8251848eabedee10d0687168a28c8be7e2e6f","HAS_ITEM"
"268e9d4e5aeff592c66b1131fd2681e7a1bf8fd7","63cc85c8a7b282ea7ea460ce3224a15c521d7dc6","HAS_ITEM"
"71f7f8a75e07bd4dcf9ff89377cd6817a89d7743","b595ff80b09bef67c0786c542f57192495560bb3","HAS_ITEM"
"71f7f8a75e07bd4dcf9ff89377cd6817a89d7743","22bb82689f81ff602ba1831a327b4f06a7cd6f32","HAS_ITEM"
"71f7f8a75e07bd4dcf9ff89377cd6817a89d7743","9fa8ac2539f5985688251a0ae9b82047aa969351","HAS_ITEM"
"0c7070d27e40815bffb3d63eceba28b039382cba","1ede221f226f18830cbb5159b3015742af1abb64","HAS_ITEM"
"0c7070d27e40815bffb3d63eceba28b039382cba","fb0f06d6ce16f54f952790536ca000a906c5a071","HAS_ITEM"
"0c7070d27e40815bffb3d63eceba28b039382cba","ecc6f99ac9bf7ba30e2ae0becfcd6130008f8b57","HAS_ITEM"
"0c7070d27e40815bffb3d63eceba28b039382cba","a1b9bad8060fdeb60381cadcd327bc2460ecd2f6","HAS_ITEM"
"0c7070d27e40815bffb3d63eceba28b039382cba","33b2c85428e0c837548f63c7f491435fe328a1bb","HAS_ITEM"
"fb38530d29323c5657e6a307b0dfa7ac2ed4dea2","5f9b3996ea3be3a1718470fa996e94b42e8814ae","HAS_ITEM"
"fb38530d29323c5657e6a307b0dfa7ac2ed4dea2","4df0140541e12aa47bd72174d34ee47515f7c635","HAS_ITEM"
"fb38530d29323c5657e6a307b0dfa7ac2ed4dea2","ba2647c0c57e94c74e01994dfd5bdf6f3d58f308","HAS_ITEM"
"fb38530d29323c5657e6a307b0dfa7ac2ed4dea2","2c8d5b606ca8a8fec860fdb4b9863ea8e809dbf3","HAS_ITEM"
"45bb47f5c8bf1aa399d96d5d9cd22abffb2542a3","93d2c0d3f4b3a5b9a9c5c152da00a62ec2c639c1","HAS_ITEM"
"45bb47f5c8bf1aa399d96d5d9cd22abffb2542a3","e5997b61c189ea4a38b911644973955f1507e47f","HAS_ITEM"
"45bb47f5c8bf1aa399d96d5d9cd22abffb2542a3","237e7bef3e9770b3e88efdfe49aa61e8bc8ba3a0","HAS_ITEM"
"45bb47f5c8bf1aa399d96d5d9cd22abffb2542a3","51273789c33fb534005334009c68ebabcebe5e3c","HAS_ITEM"
"45bb47f5c8bf1aa399d96d5d9cd22abffb2542a3","712d66a96ca27b1b3ecd98d550083cd3a608f0b3","HAS_ITEM"
"45bb47f5c8bf1aa399d96d5d9cd22abffb2542a3","bbcea9f1011105d3eb9ca9d3c1945167ab050cbe","HAS_ITEM"
"45bb47f5c8bf1aa399d96d5d9cd22abffb2542a3","007b22f65e16abff8dabef7cfc5fa6642264cd95","HAS_ITEM"
"45bb47f5c8bf1aa399d96d5d9cd22abffb2542a3","a42244f55a31b823554c48d4c56d24f6c6d761fe","HAS_ITEM"
"601ac3f068aa69584fe5313791b7008e7a49ef2d","d789fac63209ec7dd1e0111f1bdd3f921c8d161c","HAS_ITEM"
"601ac3f068aa69584fe5313791b7008e7a49ef2d","ea560fd7733685ad66efedb1cadc5befe1bd6017","HAS_ITEM"
"601ac3f068aa69584fe5313791b7008e7a49ef2d","b71f2e49548fc36c48fd93a7ae32c840f8932b45","HAS_ITEM"
"601ac3f068aa69584fe5313791b7008e7a49ef2d","01e4102b8b82d8cefa874a7d8c9ac7980848a658","HAS_ITEM"
"9f84a44d958656c64c151da54763a7b14bd83348","78941c2bb419149f01d33b62948a0473dde88d36","HAS_ITEM"
"9f84a44d958656c64c151da54763a7b14bd83348","98e1799d065d5b4a6c1d44d0bdab71f12fa61681","HAS_ITEM"
"9f84a44d958656c64c151da54763a7b14bd83348","426899fd3a7de09fb4a0d95ab3178df2bbdce598","HAS_ITEM"
"9f84a44d958656c64c151da54763a7b14bd83348","4ac2116fe5f6cd7ab3e38eb83637a9d056d7d3b3","HAS_ITEM"
"9f84a44d958656c64c151da54763a7b14bd83348","7d815ddf0944a73fd52abb32b3d304b41f8e06e0","HAS_ITEM"
"9f84a44d958656c64c151da54763a7b14bd83348","c6138d72c9a636faf0964d272073ba496a048eab","HAS_ITEM"
"773c1810b31542769cb95211cb02e10a7dacf7f9","09c156728447203bece769d11dd89d5e917bf700","HAS_ITEM"
"773c1810b31542769cb95211cb02e10a7dacf7f9","93c33ef6067313c90e4537ff8ac6440593416a2b","HAS_ITEM"
"773c1810b31542769cb95211cb02e10a7dacf7f9","e030472e0f56bb534066f81f12b3a8fa98121dd9","HAS_ITEM"
"773c1810b31542769cb95211cb02e10a7dacf7f9","34523fd06ef81de5040cf6635eac48487056058b","HAS_ITEM"
"89acff204477dda0c779067ead70ab8921de6ea5","4417ee9533bdec7eacd7854dc94dfa253570c863","HAS_ITEM"
"89acff204477dda0c779067ead70ab8921de6ea5","037b247d98ddc4cc0ba8b6a4cc811aeca0f1f772","HAS_ITEM"
"89acff204477dda0c779067ead70ab8921de6ea5","8fc2942cc5907e0fcd1cece92dba87baffbc25f5","HAS_ITEM"
"89acff204477dda0c779067ead70ab8921de6ea5","e326530fee9789436f26ec55eeb5472866abc3cd","HAS_ITEM"
"89acff204477dda0c779067ead70ab8921de6ea5","04e088db27284ff0d5b4104f524c02cc33857ffa","HAS_ITEM"
"7d794df5a8a9bf75bf838d7aa8e04c608549f844","988a746aef4ef897ee6b36c65bcf8ed0145526d6","HAS_ITEM"
"7d794df5a8a9bf75bf838d7aa8e04c608549f844","a88828e64d4eeb5f8ea01841b45bd6dd513183da","HAS_ITEM"
"7d794df5a8a9bf75bf838d7aa8e04c608549f844","fd0f10ab060b529b96438d6b39367e8b450d95fe","HAS_ITEM"
"7d794df5a8a9bf75bf838d7aa8e04c608549f844","b419e3e798f7ef5b1d4bfb2f561b2bfe115c2ee3","HAS_ITEM"
"7d794df5a8a9bf75bf838d7aa8e04c608549f844","0d2cf1462009976db33870e7e49702fc0c25525f","HAS_ITEM"
"7f405d6898fc31e74b190817f464bdc1bc22816a","3c05eb212596f942f58186b25345321a2a23e616","HAS_ITEM"
"7f405d6898fc31e74b190817f464bdc1bc22816a","9eefe460781751b159d3c1410308433fd3d3403a","HAS_ITEM"
"7f405d6898fc31e74b190817f464bdc1bc22816a","ed5b80892c4f147536767da2c0b0a945338016f3","HAS_ITEM"
"7f405d6898fc31e74b190817f464bdc1bc22816a","86986c6615b7a924891d01c31f5be184644274b2","HAS_ITEM"
"7f405d6898fc31e74b190817f464bdc1bc22816a","b49e6ef0e50025c1553b93ce7e8bac6777739655","HAS_ITEM"
"7f405d6898fc31e74b190817f464bdc1bc22816a","57f1dac4c9c6411f7c4757e50f6488b770fc92b5","HAS_ITEM"
"7f405d6898fc31e74b190817f464bdc1bc22816a","e423872952b8f3e9a3271f9d568cf52e9a4a61a2","HAS_ITEM"
"a5d13323bfb77d688f9e1485ccc6ec615cb03429","ecebf10e224c438544e4a0dcb9f0dd574c923f1d","HAS_ITEM"
"a5d13323bfb77d688f9e1485ccc6ec615cb03429","66a4e731a961f4af2337f5721aaa2d79cdb8e13a","HAS_ITEM"
"d7c10d79fa50279b45ce51a65aa46f8561a2450a","a696764971dcc608eff93d39879f482ab9328ad5","HAS_ITEM"
"d7c10d79fa50279b45ce51a65aa46f8561a2450a","4bccc9c8ab9a7df511728be72c7806b415218f2c","HAS_ITEM"
"d7c10d79fa50279b45ce51a65aa46f8561a2450a","de8a0643196966e8145e08674c6e89ada6df617a","HAS_ITEM"
"d7c10d79fa50279b45ce51a65aa46f8561a2450a","6d6f546b69c56126b35ab732b971002eab271527","HAS_ITEM"
"e6b63db399a455a10e5b45a4c5cd411297845a6e","091046cd829b03bfbff9be39717c7e388a0e5e38","HAS_ITEM"
"e6b63db399a455a10e5b45a4c5cd411297845a6e","706613f056536956d69ceebca53d3443a26c638b","HAS_ITEM"
"e6b63db399a455a10e5b45a4c5cd411297845a6e","9e7f275ee7da59928b1ab4771d7f1a6d23a81cf4","HAS_ITEM"
"e6b63db399a455a10e5b45a4c5cd411297845a6e","6784a5037a11cad43bbf70382e3035e8e8393428","HAS_ITEM"
"e6b63db399a455a10e5b45a4c5cd411297845a6e","3a4b16ce72a9d2b945897057f592caa96c7679f3","HAS_ITEM"
"e6b63db399a455a10e5b45a4c5cd411297845a6e","e0295b8cc524a314a9af9c941a35716ece517e94","HAS_ITEM"
"e6b63db399a455a10e5b45a4c5cd411297845a6e","4648a811c356d0f82b171c5692398949960c8fc8","HAS_ITEM"
"e6b63db399a455a10e5b45a4c5cd411297845a6e","fd7d2fbf16a92199d0584b041175683b6bc660fa","HAS_ITEM"
"e6b63db399a455a10e5b45a4c5cd411297845a6e","3897053d6d3bc221a530dca1af09faa4f0504796","HAS_ITEM"
"e6b63db399a455a10e5b45a4c5cd411297845a6e","14dbe9ef3e9dc2984c61394bdb017f1c47ef5f8a","HAS_ITEM"
"e6b63db399a455a10e5b45a4c5cd411297845a6e","06d458ad433e66ddeb5b02f791098c17468b7266","HAS_ITEM"
"e6b63db399a455a10e5b45a4c5cd411297845a6e","fb5067ce05a559b0776db020919bbdc1e5839450","HAS_ITEM"
"e6b63db399a455a10e5b45a4c5cd411297845a6e","9aabbb55e0ac38e96d5529bbe08ea7836edede07","HAS_ITEM"
"e6b63db399a455a10e5b45a4c5cd411297845a6e","805db6dbf70ccb759cd74dd0d3d39fed43c70b6a","HAS_ITEM"
"e6b63db399a455a10e5b45a4c5cd411297845a6e","7ac72f8c85020f86c3121eceae3f559edcf86859","HAS_ITEM"
"e6b63db399a455a10e5b45a4c5cd411297845a6e","142e3ff82d183581e514dfe74964e137573d5022","HAS_ITEM"
"e6b63db399a455a10e5b45a4c5cd411297845a6e","b3c5fe2a1edfb4b0764f5df1c1c73fe84da02f3f","HAS_ITEM"
"e6b63db399a455a10e5b45a4c5cd411297845a6e","81c265bc73b5b705d41fe44895ef95bd617cfc3b","HAS_ITEM"
"eab93392955bc306be63d8352bf77ea0c4219263","593d8bedca77aaf2140b3394891283535e278945","HAS_ITEM"
"eab93392955bc306be63d8352bf77ea0c4219263","b2edc305954e590e19bc331cadeccd629f562e78","HAS_ITEM"
"eab93392955bc306be63d8352bf77ea0c4219263","d834057e1b7a30d80993a2f092a10a9cce8c4ded","HAS_ITEM"
"eab93392955bc306be63d8352bf77ea0c4219263","cc0b4cc37624b057763f72ca06fe4d3736444d57","HAS_ITEM"
"eab93392955bc306be63d8352bf77ea0c4219263","7c1c7007bf69cf17f41000bc38360221e25253ed","HAS_ITEM"
"eab93392955bc306be63d8352bf77ea0c4219263","b4cff56b59ef1fcc527e587d3b75264358a2035a","HAS_ITEM"
"ae978d948ca4c00ed6bd42b5338f98de964664fd","bc08206d0f371b3ac01244027b6501f16077327b","HAS_ITEM"
"ae978d948ca4c00ed6bd42b5338f98de964664fd","f313b10a9afb448588352f910d638682a90bb0d2","HAS_ITEM"
"ae978d948ca4c00ed6bd42b5338f98de964664fd","82415ab1c6f58e1c91fd6722a982017a6c833814","HAS_ITEM"
"ae978d948ca4c00ed6bd42b5338f98de964664fd","51e04573fa73218964afd6065b0ab0871e5b2e30","HAS_ITEM"
"ae978d948ca4c00ed6bd42b5338f98de964664fd","eb991d7bc467e64a509f383d10f0e2857c93dcc1","HAS_ITEM"
"ae978d948ca4c00ed6bd42b5338f98de964664fd","e24dbe316522a4542a332ddb5935f74af5d1d0a6","HAS_ITEM"
"ae978d948ca4c00ed6bd42b5338f98de964664fd","7c66171aaf37754481ed3fa846a87fc457a67c9c","HAS_ITEM"
"ae978d948ca4c00ed6bd42b5338f98de964664fd","f0bf3bf2aaa4efed52753a3ea2ebf07c586677de","HAS_ITEM"
"ae978d948ca4c00ed6bd42b5338f98de964664fd","5f2e56c0523765c415b9220fc40bd4f46da74005","HAS_ITEM"
"ae978d948ca4c00ed6bd42b5338f98de964664fd","d8c8152161f110d2368c3c1ca210fc7febc804d4","HAS_ITEM"
"04c468d88ec7f7b7622292a52a371efd9fcb31d3","7c44b195822977b9239cb8d40e21dd4e8f4b017a","HAS_ITEM"
"04c468d88ec7f7b7622292a52a371efd9fcb31d3","e402aea7432a13a0b3164229f4d8a3b382f4ab6f","HAS_ITEM"
"04c468d88ec7f7b7622292a52a371efd9fcb31d3","c85ae17d0ad2063333b940339b375a7906915230","HAS_ITEM"
"04c468d88ec7f7b7622292a52a371efd9fcb31d3","557658ddfb476347d8fc06750190953b0c928a5a","HAS_ITEM"
"04c468d88ec7f7b7622292a52a371efd9fcb31d3","a2c5387e5d408f5fbe85c02522bac568ba205930","HAS_ITEM"
"04c468d88ec7f7b7622292a52a371efd9fcb31d3","fb43c35c6c1611fd0481a2fd73d7ff1db7164f82","HAS_ITEM"
"04c468d88ec7f7b7622292a52a371efd9fcb31d3","0e84814cb52eeb2fa1c34fa1c4352bd4ceb9ec63","HAS_ITEM"
"04c468d88ec7f7b7622292a52a371efd9fcb31d3","73a08b183099445f55a2a03f62b13f0a6a55a17d","HAS_ITEM"
"04c468d88ec7f7b7622292a52a371efd9fcb31d3","424c81f78b1ad62d3521a12396ce0932769a6838","HAS_ITEM"
"04c468d88ec7f7b7622292a52a371efd9fcb31d3","423027cf2801699d242f8a21815511035ec87dd2","HAS_ITEM"
"04c468d88ec7f7b7622292a52a371efd9fcb31d3","f7a8598a361319271d66952c9528a20f7a2f1662","HAS_ITEM"
"d83a78dfc9cd61ace2b4ddf12190b32226de5a5f","5f7c14f684e9841824467e2c1f6f8ecb0e99b14e","HAS_ITEM"
"d83a78dfc9cd61ace2b4ddf12190b32226de5a5f","9222ab7c42ec0b1fa3939a6e77c7ce050e9ef9ab","HAS_ITEM"
"d83a78dfc9cd61ace2b4ddf12190b32226de5a5f","324aaf832f0f999d69b05681d214c2b376775c16","HAS_ITEM"
"d83a78dfc9cd61ace2b4ddf12190b32226de5a5f","012ac1d4cc4a8bb880f6a9a01eb13c4ac3a29e97","HAS_ITEM"
"d83a78dfc9cd61ace2b4ddf12190b32226de5a5f","aa57a8509b5151f0f20efc36ce8292c9244a3234","HAS_ITEM"
"d83a78dfc9cd61ace2b4ddf12190b32226de5a5f","51ac530af59ca7506c56f26a26ac5bde2669b073","HAS_ITEM"
"d83a78dfc9cd61ace2b4ddf12190b32226de5a5f","1443699de8f1d5dd82b91127ac105d21d9aa6222","HAS_ITEM"
"d83a78dfc9cd61ace2b4ddf12190b32226de5a5f","1ed3dfdccba39da269f81804448ffb845c7865c9","HAS_ITEM"
"d83a78dfc9cd61ace2b4ddf12190b32226de5a5f","ae711f05b53595e35091e3f39a481a3cf6c8c7a9","HAS_ITEM"
"d83a78dfc9cd61ace2b4ddf12190b32226de5a5f","f20d670c90320ff3861bbd4831a4b51b2c039c2a","HAS_ITEM"
"d83a78dfc9cd61ace2b4ddf12190b32226de5a5f","e26e42ee2f9784f1da2b6037c324eff6a21dade9","HAS_ITEM"
"d83a78dfc9cd61ace2b4ddf12190b32226de5a5f","69051c6494db04fff42599c0c96c478dd0644f44","HAS_ITEM"
"d83a78dfc9cd61ace2b4ddf12190b32226de5a5f","2dbc7aeed40693689fa49f437bfff406094dd0e5","HAS_ITEM"
"a40d79223eda38768992d63d96db9a15d8a95558","dde6cb799a586e050255b05fbfea4b12637f4f46","HAS_ITEM"
"a40d79223eda38768992d63d96db9a15d8a95558","7f079c2522d299380778b875d306890b81e6b6af","HAS_ITEM"
"a40d79223eda38768992d63d96db9a15d8a95558","007b8cf47e1c91c240ddf8aa0741bb2524409178","HAS_ITEM"
"a40d79223eda38768992d63d96db9a15d8a95558","03167638b1e8dba6e612b53357ae1cd8c1dd9af8","HAS_ITEM"
"a40d79223eda38768992d63d96db9a15d8a95558","a9e4ab5e87ec0963c7af951faed6e99f4c65964b","HAS_ITEM"
"a40d79223eda38768992d63d96db9a15d8a95558","ad2e4b67a64a79e6563dffca800b9034c7e038cf","HAS_ITEM"
"a40d79223eda38768992d63d96db9a15d8a95558","b7c2bd26ba6dee0758b1f4a4067296b96ac92661","HAS_ITEM"
"a40d79223eda38768992d63d96db9a15d8a95558","20ad0dd609ab157183a1048ae1b216ca48321b2c","HAS_ITEM"
"b6c87a7acfbdb7592144fbe9d8466676fc133a8e","f4babfa74a3b0e4d54babae1182a75db940269de","HAS_ITEM"
"b6c87a7acfbdb7592144fbe9d8466676fc133a8e","270ff7fabc09a74e86b9097a3177669d09ca2171","HAS_ITEM"
"b6c87a7acfbdb7592144fbe9d8466676fc133a8e","e88752c6bbfc7826f7ec7339fdb7beac43ae5f4a","HAS_ITEM"
"6d06f716f0ead3e4c7d354aedfb4f4220990a151","dbd72f522b4f4d489e49bd716541107ed713c43e","HAS_ITEM"
"6d06f716f0ead3e4c7d354aedfb4f4220990a151","a56ca09dc7e8d28049656f1e7c95e35e721f270f","HAS_ITEM"
"6d06f716f0ead3e4c7d354aedfb4f4220990a151","92a2331da433272692368048925073377467821e","HAS_ITEM"
"13084ab4b1bf9da42db8e92406bdf82fa369cf42","28db29a0f2e984057eda03275ac519105772675c","HAS_ITEM"
"13084ab4b1bf9da42db8e92406bdf82fa369cf42","a1aca66d8bef4d11fb2d47971475d6ca33a6acd0","HAS_ITEM"
"13084ab4b1bf9da42db8e92406bdf82fa369cf42","1085c76b8c16952401dc085c99637071ec62acc9","HAS_ITEM"
"13084ab4b1bf9da42db8e92406bdf82fa369cf42","e118ed59903f2e4b5929073002238585a0514e80","HAS_ITEM"
"13084ab4b1bf9da42db8e92406bdf82fa369cf42","d29716fc9a759e41e9a9a8317ca29aa21ec147eb","HAS_ITEM"
"13084ab4b1bf9da42db8e92406bdf82fa369cf42","60f5d1098e20b3ea3f1015c7f29772669551a43a","HAS_ITEM"
"13084ab4b1bf9da42db8e92406bdf82fa369cf42","f196c949ca6c045587865a75810a2a2bdc9fb2cb","HAS_ITEM"
"d3616fa4e0c4af48e285638e74588ea06e1af68c","483eeaab36e61e20040d2db79b9548562fc61694","HAS_ITEM"
"d3616fa4e0c4af48e285638e74588ea06e1af68c","d4510d9a31c80d4c55b85c9155b10b46a1ff1502","HAS_ITEM"
"d3616fa4e0c4af48e285638e74588ea06e1af68c","5473f4d1a7202ad478de3d4370f9fc22e09c4b51","HAS_ITEM"
"fef1d72d6ef47598b2f2904c849da7ff4550b7d4","5e55f4358812d2e196aa367f6ba2e7aadf9c1875","HAS_ITEM"
"fef1d72d6ef47598b2f2904c849da7ff4550b7d4","193c4e3eb272483aa60dd5c4e213003d88c8fa39","HAS_ITEM"
"fef1d72d6ef47598b2f2904c849da7ff4550b7d4","15ea31e5e748c20df63fa804163d96b10cc50edc","HAS_ITEM"
"3dd752ed81993a379724141e1969e32470b0e142","b7028d79ae27b11d4f2c72d2234e798f498253d5","HAS_ITEM"
"3dd752ed81993a379724141e1969e32470b0e142","9267f6209b047f57c2b5c1f7f9ec579b14852299","HAS_ITEM"
"3dd752ed81993a379724141e1969e32470b0e142","5934c546e03e24b4e08eab709749f1bd602de4a4","HAS_ITEM"
"01051bf1578fd126c61ccf1640c0d838c9e65b31","87cbfc98e5b99beb2927412e326f4e2f24b688a0","HAS_ITEM"
"01051bf1578fd126c61ccf1640c0d838c9e65b31","5c74c0bd050ad9d83ce8b6ba857084c6b121b953","HAS_ITEM"
"01051bf1578fd126c61ccf1640c0d838c9e65b31","bee47bc622f514806cfd90f321c650f416d1c07b","HAS_ITEM"
"01051bf1578fd126c61ccf1640c0d838c9e65b31","bbfd1a272e28d7b8c048bc5d7c442a4dc947c1f7","HAS_ITEM"
"01051bf1578fd126c61ccf1640c0d838c9e65b31","3c8dc83d94b492b8016607ad51755cc12f070006","HAS_ITEM"
"01051bf1578fd126c61ccf1640c0d838c9e65b31","44a7f7ec97627e68441617c414289f1f91f95caf","HAS_ITEM"
"01051bf1578fd126c61ccf1640c0d838c9e65b31","b7a5767cf579d3ffbac1fedbffdf7f8583be7017","HAS_ITEM"
"c71c27107ffcada3eb93f258e7b228725dabfc7d","77a8cb4c35deca71df7006294b8e5264aedb2785","HAS_ITEM"
"c71c27107ffcada3eb93f258e7b228725dabfc7d","48625cb76465294513fa06c51d1182f846698c1c","HAS_ITEM"
"c71c27107ffcada3eb93f258e7b228725dabfc7d","e125c3ee261d69d4e374b1b31490c2e81bd8a984","HAS_ITEM"
"9eda10d2186248b424a46a15c0e2a725506f4f06","daf3798aaa7b809da3ddb1e6a63bb908eea3281d","HAS_ITEM"
"9eda10d2186248b424a46a15c0e2a725506f4f06","b4cc37be611e89a29bd14a629f75481c06b928cb","HAS_ITEM"
"9eda10d2186248b424a46a15c0e2a725506f4f06","7953019f05a2ced51834905f4c01b4490d5ea4ba","HAS_ITEM"
"9eda10d2186248b424a46a15c0e2a725506f4f06","f7aab21bb462032bc9fb24ffd76c013c1bba6f86","HAS_ITEM"
"9eda10d2186248b424a46a15c0e2a725506f4f06","6e30e90dc87a35631b73c72925bbb9ab175d0a0e","HAS_ITEM"
"9eda10d2186248b424a46a15c0e2a725506f4f06","ff298a9654f53e6f20bae1caf2a0450aaeff74ae","HAS_ITEM"
"9eda10d2186248b424a46a15c0e2a725506f4f06","48ec1d0d11167397972a41ba97f5afa55160bdcb","HAS_ITEM"
"88adab5542929c915c3f2aac6b7eb3f54847161b","2d7bc44d6f4bfed906594175d211237f54f04c33","HAS_ITEM"
"88adab5542929c915c3f2aac6b7eb3f54847161b","77677f33c7821dbea449bf9df5127ae83e0b7f51","HAS_ITEM"
"88adab5542929c915c3f2aac6b7eb3f54847161b","db39998b1d2ab935cdccea7ceb5e7471e5478bc3","HAS_ITEM"
"88adab5542929c915c3f2aac6b7eb3f54847161b","133b34ab227fb9e6c0fc1d68612b2abdb041f54a","HAS_ITEM"
"88adab5542929c915c3f2aac6b7eb3f54847161b","5613916e22bc31979f32c31e1b335f7112b97966","HAS_ITEM"
"88adab5542929c915c3f2aac6b7eb3f54847161b","ee4c6f6baf339503410758bece4be5fbea889986","HAS_ITEM"
"206409fb4b24fbfcda8d4a29cf3baa64a1f0d21f","6d3cc4ae4bb0169551678ec82c242116e71f60a2","HAS_ITEM"
"206409fb4b24fbfcda8d4a29cf3baa64a1f0d21f","7c6fa4f161248d55553436fd683447362a055a3c","HAS_ITEM"
"206409fb4b24fbfcda8d4a29cf3baa64a1f0d21f","6c47bd4814e44eb79e2fbe59d3211896d7129f1f","HAS_ITEM"
"206409fb4b24fbfcda8d4a29cf3baa64a1f0d21f","0192cadd5722d8a732cda280730154e845c5575e","HAS_ITEM"
"206409fb4b24fbfcda8d4a29cf3baa64a1f0d21f","09a27ac2bd4c8428b9bf842d80ef1ddf898776da","HAS_ITEM"
"206409fb4b24fbfcda8d4a29cf3baa64a1f0d21f","ca37e851468e9b03f3d9c59b8bbe51f03846fb70","HAS_ITEM"
"9ba53b56b1b8c735ae2062f0b9f5aeb1998ce91a","0056c8779809df4d474f2cdcf213ff7b6a515dfe","HAS_ITEM"
"9ba53b56b1b8c735ae2062f0b9f5aeb1998ce91a","aa408f00727f8b6bf25772e9ae59910f3a223990","HAS_ITEM"
"9ba53b56b1b8c735ae2062f0b9f5aeb1998ce91a","efc007aad97ebc9663b9c7aedbd6f8efed69673a","HAS_ITEM"
"9ba53b56b1b8c735ae2062f0b9f5aeb1998ce91a","aa2c57172a80603346246134d412084edad88f16","HAS_ITEM"
"9ba53b56b1b8c735ae2062f0b9f5aeb1998ce91a","cf8ca857d809e33f037256506d6a31b2827b5c79","HAS_ITEM"
"6f04baad4161c0802dcc000b7ed1d5abd46ef441","a63f6ce422173210bd13a4ca5fa31dfbd1d586f6","HAS_ITEM"
"6f04baad4161c0802dcc000b7ed1d5abd46ef441","9b5ed41d99e7a66c41ee1b4246230ad737c5d5b4","HAS_ITEM"
"6f04baad4161c0802dcc000b7ed1d5abd46ef441","1c1d0e79ccee120624fe5e48fee46c33fc3c913a","HAS_ITEM"
"6f04baad4161c0802dcc000b7ed1d5abd46ef441","3f23285a742925671b740669557e42c076cfeba9","HAS_ITEM"
"2b2427e21da444e0b7d1ec203354132e4c261258","f79d0a4ecb21ec4c2fac2fe4201723e5e05b7a9f","HAS_ITEM"
"2b2427e21da444e0b7d1ec203354132e4c261258","c72725c5e48031bbf7d1d83db1aad8f093c05d01","HAS_ITEM"
"2b2427e21da444e0b7d1ec203354132e4c261258","6e94427b228604714a1d00c6a9ffcf876db651d8","HAS_ITEM"
"2b2427e21da444e0b7d1ec203354132e4c261258","42f7b7698a5827149a6a7cb10b05d0bd9ab1b889","HAS_ITEM"
"2b2427e21da444e0b7d1ec203354132e4c261258","aec68b5f9732aa0fee7fe746e9f1ffc55633d270","HAS_ITEM"
"d89fd3e6c25d46147f694d5ee17bc7688e4e7730","c4219edb642dcb02183264b43652303e2a3851b6","HAS_ITEM"
"d89fd3e6c25d46147f694d5ee17bc7688e4e7730","b1bf9629c7f29fe8b8e43c42123dc5a163b90a26","HAS_ITEM"
"d89fd3e6c25d46147f694d5ee17bc7688e4e7730","27bf7352acd4061294e084819ce1864594c65d41","HAS_ITEM"
"d89fd3e6c25d46147f694d5ee17bc7688e4e7730","935137435e073f629ddb423f4083a56d827d1577","HAS_ITEM"
"d89fd3e6c25d46147f694d5ee17bc7688e4e7730","e2438260dbd37bdceb3ea1abb133dd305bf7c0b0","HAS_ITEM"
"d89fd3e6c25d46147f694d5ee17bc7688e4e7730","25730d8ef5fe0f43fece9a7731e6460f4a4b238b","HAS_ITEM"
"d89fd3e6c25d46147f694d5ee17bc7688e4e7730","42cda5d1fa87094135c0f044d8a18673fbb590d5","HAS_ITEM"
"d89fd3e6c25d46147f694d5ee17bc7688e4e7730","e83058d9cd94bd45646a8a3d1c45ae3cdf9fc1fc","HAS_ITEM"
"d89fd3e6c25d46147f694d5ee17bc7688e4e7730","a937275d56fcff343b9527e50dd996508fa09528","HAS_ITEM"
"d89fd3e6c25d46147f694d5ee17bc7688e4e7730","70e73ec2e2742f5a67784442c2f15e4da3ee1581","HAS_ITEM"
"483a3788686f2993dfe6ad4612dcee3c3926331b","1cf5709afe0134f300552267067dd30bfe9e1126","HAS_ITEM"
"483a3788686f2993dfe6ad4612dcee3c3926331b","8d6e38f33385504d95cc904cc6e94d0a41114900","HAS_ITEM"
"483a3788686f2993dfe6ad4612dcee3c3926331b","4b68c0df58f7f9e777371983d62330a73a15d1d0","HAS_ITEM"
"483a3788686f2993dfe6ad4612dcee3c3926331b","cda86557a5369af8c6d84def72a8eb103faa054a","HAS_ITEM"
"483a3788686f2993dfe6ad4612dcee3c3926331b","2bb2dc24dae4ad143ec458d99a666e7a42061bce","HAS_ITEM"
"483a3788686f2993dfe6ad4612dcee3c3926331b","7097dc82d85471dd5a47f193d2abd7ac9919e44b","HAS_ITEM"
"483a3788686f2993dfe6ad4612dcee3c3926331b","559ffcf34a54781551214b5efa549cfda45a6825","HAS_ITEM"
"483a3788686f2993dfe6ad4612dcee3c3926331b","5dec6b3713ddf6b8e28c9273a7b5054064b27306","HAS_ITEM"
"483a3788686f2993dfe6ad4612dcee3c3926331b","cbe8f15fbb2655d26e5d2ecec4fd83b55308291f","HAS_ITEM"
"483a3788686f2993dfe6ad4612dcee3c3926331b","7ab7dff8f34786a7614ea2f4c185bec60df55f23","HAS_ITEM"
"c51fa0a79c2a613a174fb97b41005eaced0260e8","cab87baf44fbd67627b84885284a4ed50886efd4","HAS_ITEM"
"c51fa0a79c2a613a174fb97b41005eaced0260e8","d385889e668cd4c4edeebdab64dc3af6516e4084","HAS_ITEM"
"c51fa0a79c2a613a174fb97b41005eaced0260e8","e7af7489e2d76d16b8d45751cdbbed3e56ef2892","HAS_ITEM"
"c51fa0a79c2a613a174fb97b41005eaced0260e8","92b2b9d2efea4789e7b9ece13d3910d319972d72","HAS_ITEM"
"9c6bcdcaa679cf9831879327ff5dc08bfbf679fc","84cd5e35ea80e35226106cc8a51d85b597fa4912","HAS_ITEM"
"9c6bcdcaa679cf9831879327ff5dc08bfbf679fc","57b267d73ac038327da8322f87bfabb9fbd6bc79","HAS_ITEM"
"9c6bcdcaa679cf9831879327ff5dc08bfbf679fc","9d749a3c805c366a7da4f62c6a782a516bdcaf87","HAS_ITEM"
"6c717c20da49f485537d19a6d96c4720905d5644","1bc084ed8725ef544e767fabf6f8109891553e08","HAS_ITEM"
"6c717c20da49f485537d19a6d96c4720905d5644","140dd11d5a5424d41c896d9b0e1a07a3f5864564","HAS_ITEM"
"6c717c20da49f485537d19a6d96c4720905d5644","bd1581d1b2ccd5eb6ace339e457d861a7d05686c","HAS_ITEM"
"6c717c20da49f485537d19a6d96c4720905d5644","cf37d28638f96548ccf15d41dabfe2af1fe77649","HAS_ITEM"
"6c717c20da49f485537d19a6d96c4720905d5644","881c660aa8dab382dd991f24001973c61c12d82d","HAS_ITEM"
"6b13b930c58196111240f8b8ac1c6ac4266b2b48","7967f18c267427e5e5d62097ddfa874a43d34b51","HAS_ITEM"
"6b13b930c58196111240f8b8ac1c6ac4266b2b48","a1de64acd20df0672f836fa7e7319bdc17aecf05","HAS_ITEM"
"6b13b930c58196111240f8b8ac1c6ac4266b2b48","4de7f09d6865536b0de59584161dbb5dc3cb99ce","HAS_ITEM"
"6b13b930c58196111240f8b8ac1c6ac4266b2b48","90a7b9d0415634c47f46a8d61e1bf1fcff9c83d6","HAS_ITEM"
"6b13b930c58196111240f8b8ac1c6ac4266b2b48","f29314fbd0ac48a2861992398be3ebb791aac2b7","HAS_ITEM"
"d9a3ffe27380e6c2c1898c2e84595ea0f4d7beac","91bb49d529f0065b4dc0d5c0936d2f46661361b7","HAS_ITEM"
"d9a3ffe27380e6c2c1898c2e84595ea0f4d7beac","6b1ea39f98e2203f3b84357880b9311ee139d22e","HAS_ITEM"
"d9a3ffe27380e6c2c1898c2e84595ea0f4d7beac","4803bf5ca1c1434f9e834336b5f7c0709ae630fd","HAS_ITEM"
"d9a3ffe27380e6c2c1898c2e84595ea0f4d7beac","d2e349591a0ac8b5cf8740fded51c45fc4f39a3f","HAS_ITEM"
"d9a3ffe27380e6c2c1898c2e84595ea0f4d7beac","94b4e2c8bdeef6170439a403cadc4e57e6380ab7","HAS_ITEM"
"d9a3ffe27380e6c2c1898c2e84595ea0f4d7beac","18c6dfc1542391c21baefc74c2cacb1c27112e31","HAS_ITEM"
"6712e9227e5868e8c36448e2a4d0318c6f5e4a8d","59c83cab1f0a399a05a2f57eb8935fbf51dc7157","HAS_ITEM"
"6712e9227e5868e8c36448e2a4d0318c6f5e4a8d","c9772c28d03c378b846d14b1cfcfb762ddb11623","HAS_ITEM"
"6712e9227e5868e8c36448e2a4d0318c6f5e4a8d","66d68db68953eedc5ee81047a531cfcaf84419bd","HAS_ITEM"
"6712e9227e5868e8c36448e2a4d0318c6f5e4a8d","4e8a0bf1c79e6592f4e2b1d39c79a4f2e2c1b6ea","HAS_ITEM"
"cc9eb5084d584df819a712035f7b0ff46798930b","df71aeed11d752ac9842f208b809fd5bf7cd9149","HAS_ITEM"
"cc9eb5084d584df819a712035f7b0ff46798930b","baee84b82877215a2aac764cdda213a3315a9afc","HAS_ITEM"
"cc9eb5084d584df819a712035f7b0ff46798930b","9af70995bf1266b8b3c629766d893a5d9b518ffe","HAS_ITEM"
"cc9eb5084d584df819a712035f7b0ff46798930b","bd3cc24a5ea5e81d22cbda9c317269761eb7aec0","HAS_ITEM"
"cc9eb5084d584df819a712035f7b0ff46798930b","999f824060275da5c400f9b401dc8bf2eed8ac66","HAS_ITEM"
"4d35de31a4ef985a1df27acbca4abc10e815c521","d3e41653374596d8a0addf6327eccde1f57e8bcc","HAS_ITEM"
"4d35de31a4ef985a1df27acbca4abc10e815c521","01b2995aafb4e59a86b66648240486ad5d770caa","HAS_ITEM"
"718270abca1bcd262a520186df9608a3672abf00","1bc5e99fd90df65902208599109d103495ff10d2","HAS_ITEM"
"718270abca1bcd262a520186df9608a3672abf00","a7e82b7d75738607c8cef2919812a3028aca5b8b","HAS_ITEM"
"718270abca1bcd262a520186df9608a3672abf00","f8dffc4bacd6640418917775af8c9519708c8789","HAS_ITEM"
"718270abca1bcd262a520186df9608a3672abf00","f83370851831e9a6efea23306f98dd5a65ab81dc","HAS_ITEM"
"769fdd40513cc9744b0b26cf1ec9f4f37ab4413e","6786c201ed1a3736a0e57b3bd2fa1102da196447","HAS_ITEM"
"769fdd40513cc9744b0b26cf1ec9f4f37ab4413e","af7faea3484b57683c22636fd24f392ea0563af4","HAS_ITEM"
"769fdd40513cc9744b0b26cf1ec9f4f37ab4413e","0e79ffd3cea86ce03662eea1b63901c1a863cb3a","HAS_ITEM"
"769fdd40513cc9744b0b26cf1ec9f4f37ab4413e","9fec8737303e8f457223e7b0694ad819c76125bd","HAS_ITEM"
"48234891ad769f673e3002904c5669c41feb9c56","9117674b5a345b99ad318d3b6739a5a2819f49aa","HAS_ITEM"
"48234891ad769f673e3002904c5669c41feb9c56","4526e56e8742cd0dea0d244470a55a0ef520151e","HAS_ITEM"
"48234891ad769f673e3002904c5669c41feb9c56","d9c87d9ae42850a66d0fbb57a9c70dc63eedff41","HAS_ITEM"
"701a61a3d44c09b60bf823e212034e5e6c0fe378","0aecd47d38ebbac53cd48a942fe4251b918deed7","HAS_ITEM"
"701a61a3d44c09b60bf823e212034e5e6c0fe378","31880d27b3a26aa30f5454cc0167bd45c578e249","HAS_ITEM"
"701a61a3d44c09b60bf823e212034e5e6c0fe378","7093e3449ed6233df4d0619e9cc24315947d06bd","HAS_ITEM"
"d7be136749200225f1bbb2a6a4378670c6df0294","985b70360f7b1097a92309e5abf1db50cc56b8b3","HAS_ITEM"
"d7be136749200225f1bbb2a6a4378670c6df0294","22487bb183812ff13b5814f3e733c9a9474384d1","HAS_ITEM"
"c859a98f53a1ab4e640ab922b9bb6d88f3dc5f66","b6dea2bc5305740aca167a4a117851a95355a856","HAS_ITEM"
"c859a98f53a1ab4e640ab922b9bb6d88f3dc5f66","009e8bd7e7159d8ca9acc530c157978814428660","HAS_ITEM"
"c859a98f53a1ab4e640ab922b9bb6d88f3dc5f66","d9215343bf596932c5f45975fabd23b2a933ac1e","HAS_ITEM"
"a5c41a5fa5aabf67d90c4c0f9e54cc4b98f693d4","ed5df85f919147b8cb1a64ce434926355d8bc3d5","HAS_ITEM"
"a5c41a5fa5aabf67d90c4c0f9e54cc4b98f693d4","4cac028f8be09b46b6370d7d7f0f56a9f53f2b2b","HAS_ITEM"
"a5c41a5fa5aabf67d90c4c0f9e54cc4b98f693d4","b7d5f3b21c3190ea0e77658ac9deabfa7decaadf","HAS_ITEM"
"e4ba09074a82654683a23f2523a4ca4dcb209790","f9fb4348e8bfa2549f5522eab89c060a322a993a","HAS_ITEM"
"e4ba09074a82654683a23f2523a4ca4dcb209790","77a66a2d213303426d83f7e7690b1c86af0029cb","HAS_ITEM"
"e4ba09074a82654683a23f2523a4ca4dcb209790","b569ee0fa3fdfed2da30a27e5d56846d36faeb04","HAS_ITEM"
"e4ba09074a82654683a23f2523a4ca4dcb209790","ea97e336a6516e03d0ff793d47e2aaa5881a67db","HAS_ITEM"
"e4ba09074a82654683a23f2523a4ca4dcb209790","b77cca3e117406009d69394147e2cd03f13bd855","HAS_ITEM"
"e4ba09074a82654683a23f2523a4ca4dcb209790","a9265ddb321c5c56914a386da678a8e38c77902d","HAS_ITEM"
"e4ba09074a82654683a23f2523a4ca4dcb209790","c27733302d2e00660ce6ac49c07796ab36f17f59","HAS_ITEM"
"e4ba09074a82654683a23f2523a4ca4dcb209790","b8954544f465d8d266ad2c778414ee2c9bce5b67","HAS_ITEM"
"39d088de982743eabad0ea8becacea6aec9ed87c","90ae1f246c31ae72d939342f4dbaa6cefdc5ea70","HAS_ITEM"
"39d088de982743eabad0ea8becacea6aec9ed87c","839fd68a21555f25e0fcdfb94f42204ecad98fc5","HAS_ITEM"
"39d088de982743eabad0ea8becacea6aec9ed87c","00c298630875c653bf236cb9b4ee496f9f0d4d56","HAS_ITEM"
"4c18d9cc6b5272f28661c17dfec3067ae6f77c32","f5468e61a8453e073d16c42655cd56ac73856196","HAS_ITEM"
"4c18d9cc6b5272f28661c17dfec3067ae6f77c32","e812c434d1c5ed1992ff0f6f3b93927fc0873805","HAS_ITEM"
"4c18d9cc6b5272f28661c17dfec3067ae6f77c32","53e80d0054f15fc15f2a39b2860d0ed4004bcb97","HAS_ITEM"
"b8b90057cedfbf7aed99b116be7a727e5d842c7c","effd6ff789b07982ae670e6d84e2111f47a6dd60","HAS_ITEM"
"b8b90057cedfbf7aed99b116be7a727e5d842c7c","c825e3de7e3c5f1c9dac7cf41677fe2e4dbcfeaf","HAS_ITEM"
"b8b90057cedfbf7aed99b116be7a727e5d842c7c","5aa4ecc53cfba4d94b40ec04cc81a5972a79c298","HAS_ITEM"
"b8b90057cedfbf7aed99b116be7a727e5d842c7c","990da9aba6c3b0f351d5ea2e725030c66c6cd293","HAS_ITEM"
"b8b90057cedfbf7aed99b116be7a727e5d842c7c","64a0fc1c8a252b7e096386d71efc84a3752f6992","HAS_ITEM"
"f9166b5fbf5f715f42247707a7ba746a2d89a649","690b7c9abac738e7c9193d6e0e56ad345a378d5f","HAS_ITEM"
"f9166b5fbf5f715f42247707a7ba746a2d89a649","b30e2e72a531d526ddad234eabbf852eeb1667ae","HAS_ITEM"
"f9166b5fbf5f715f42247707a7ba746a2d89a649","6b9b49ce45ab72ef42f88df31e9c4f03054f917c","HAS_ITEM"
"f9166b5fbf5f715f42247707a7ba746a2d89a649","ca71d29ead1907e212f214024c3d52361ad574ed","HAS_ITEM"
"f9166b5fbf5f715f42247707a7ba746a2d89a649","bbed175658010bc5b1f85c2f124558ded6fc032d","HAS_ITEM"
"62260802f31e361dfc9edec25d60dc112f05e432","1216b1abbaf4a652fd0bd99032825d070c7b18a2","HAS_ITEM"
"62260802f31e361dfc9edec25d60dc112f05e432","8bc3fc98a11cabc20063a9528ec14dcc4b50e9f6","HAS_ITEM"
"62260802f31e361dfc9edec25d60dc112f05e432","090c729fbf14702acd06c1c6969a2c61fb8b143c","HAS_ITEM"
"62260802f31e361dfc9edec25d60dc112f05e432","d0e0c28a2f6ca312c9d521ea187e4bfe1fb45a57","HAS_ITEM"
"62260802f31e361dfc9edec25d60dc112f05e432","5cf21379a8d860601473e7db8a4a23fa38d02968","HAS_ITEM"
"62260802f31e361dfc9edec25d60dc112f05e432","a9790198cfe531b247c965789099549d410407b9","HAS_ITEM"
"2ec0bd87f3b3e93f1808a0b0c8c57335e0be88ef","b9d93071e3e8e13c094f0fa30d4cd534bff84761","HAS_ITEM"
"2ec0bd87f3b3e93f1808a0b0c8c57335e0be88ef","c283aaa3dfe4c89b8ba32024c210774da53ee81b","HAS_ITEM"
"2ec0bd87f3b3e93f1808a0b0c8c57335e0be88ef","ae721648a2713d3a45895597976693973e88d0da","HAS_ITEM"
"2ec0bd87f3b3e93f1808a0b0c8c57335e0be88ef","b58af58fde91768afc75e5ec1efa55ed7994fd42","HAS_ITEM"
"2ec0bd87f3b3e93f1808a0b0c8c57335e0be88ef","f273704d8eb926d9a909127c2011c1a3e46c4140","HAS_ITEM"
"2ec0bd87f3b3e93f1808a0b0c8c57335e0be88ef","3e5935bd2f1e2d817708d13254912e63725453de","HAS_ITEM"
"2ec0bd87f3b3e93f1808a0b0c8c57335e0be88ef","3abcd0d289e5b36620f148c39fe5953408c78e49","HAS_ITEM"
"50a8a38d55896d0fdf9b02265e53d9ee8d92df92","94821bd019d712aa78835750bc4b579679ed14dd","HAS_ITEM"
"50a8a38d55896d0fdf9b02265e53d9ee8d92df92","596961db09bb42132c3e63d7250b3c2e87827223","HAS_ITEM"
"50a8a38d55896d0fdf9b02265e53d9ee8d92df92","d94f7c4d6bd6c64133efe57c7d07f21ea74384da","HAS_ITEM"
"50a8a38d55896d0fdf9b02265e53d9ee8d92df92","b6cf17c75ab244f8b2b436df93b10d0c7d580b7e","HAS_ITEM"
"3608ff5e449bcd49ee53702c73e53ed84344f6e2","5ec85c2ecafd86812c8ff18af3b2be1efe9ac347","HAS_ITEM"
"3608ff5e449bcd49ee53702c73e53ed84344f6e2","84ad64f9ed649f734c9f65d59435f0a6158f09b8","HAS_ITEM"
"3608ff5e449bcd49ee53702c73e53ed84344f6e2","d47d5033d91a3514073f4b43e60036037bc8d017","HAS_ITEM"
"3608ff5e449bcd49ee53702c73e53ed84344f6e2","93aede006ae68cd95c216d7bebf296a7f698c37f","HAS_ITEM"
"3608ff5e449bcd49ee53702c73e53ed84344f6e2","2422a8078cb802c5fdd476d45db6951dc980ffc3","HAS_ITEM"
"1b22122e8154226e93cbdb629c8e6bf22b35f602","f94ab343a0e65a81c5e631771ebf9c4c1ce2d761","HAS_ITEM"
"1b22122e8154226e93cbdb629c8e6bf22b35f602","861913da76ad4a3a7356c155d69d9a6970b37e25","HAS_ITEM"
"1b22122e8154226e93cbdb629c8e6bf22b35f602","21a086a441d7706e5c0b996439d91e5ae96a2e21","HAS_ITEM"
"97ab3ccca9dcedde8064cc11f56b1bf2d8132a63","7735c60877cb80bc3c789a51755a6b5d33b68d08","HAS_ITEM"
"97ab3ccca9dcedde8064cc11f56b1bf2d8132a63","1e20f0b8e17b5d0106ebec68871fbce8420b5dc6","HAS_ITEM"
"97ab3ccca9dcedde8064cc11f56b1bf2d8132a63","43f83acec154cd52e178b3274d2df45225312db9","HAS_ITEM"
"97ab3ccca9dcedde8064cc11f56b1bf2d8132a63","d85a3c80c31eef6dadb7aa1fabf361d9eca16933","HAS_ITEM"
"97ab3ccca9dcedde8064cc11f56b1bf2d8132a63","912cd7c52156ff6bd39223c4dbec463355f48a95","HAS_ITEM"
"1bd0014b1d4c179c6f0575d7dca20f7721889328","3d31324b9d0dce7a78e13c97b2b1bf4082569cf5","HAS_ITEM"
"1bd0014b1d4c179c6f0575d7dca20f7721889328","d3feb9a71e2d451aac6c3af3b5a84432553bcf6f","HAS_ITEM"
"a53e9869888f2734e68c83963b9c445e249e5c4c","2bdf7fcf1b66edbc8799d198d9e94caa41f6d8e5","HAS_ITEM"
"a53e9869888f2734e68c83963b9c445e249e5c4c","e612473c0c448071093f82ca7c4417db4957c35b","HAS_ITEM"
"67a2d9b2fdf385b8bfc87ac06ec9a42537dbb789","64542360e5349cce2e65f65f07f54076b97d437c","HAS_ITEM"
"67a2d9b2fdf385b8bfc87ac06ec9a42537dbb789","328fb6c31e7ac0dd18536d7c28e3f348f3042efc","HAS_ITEM"
"67a2d9b2fdf385b8bfc87ac06ec9a42537dbb789","7c6c7e423d60d11fd06a60c3e3185c0324bf9daa","HAS_ITEM"
"1a4a49b68f78d61a85b3da3966b3a6a964978bdc","a91f0c6271aae4821adac45444e4aa33b9ebc788","HAS_ITEM"
"1a4a49b68f78d61a85b3da3966b3a6a964978bdc","eb38a27dc1985832bfc32dd403bfc70db9193d6c","HAS_ITEM"
"1a4a49b68f78d61a85b3da3966b3a6a964978bdc","dab16ca7d8c38b4f8fb2c89c340c1f7122aa8d65","HAS_ITEM"
"d2e0b9b5eded32db8be63e9dae137391caddb360","0eb4e27d61b3f66c5d6e6e6c3bd25e78e3cd87d6","HAS_ITEM"
"d2e0b9b5eded32db8be63e9dae137391caddb360","9d8753dc2a7451e05df54ddb08b2d79e53b3242a","HAS_ITEM"
"d2e0b9b5eded32db8be63e9dae137391caddb360","097e6d6dda29fdd9783977044507ae2332bd51f4","HAS_ITEM"
"a64b3691395b3257b9dd68693ac3ddd6e6cc1512","ba614de509f5e53e2e0fd15c5554cc0df47ad90e","HAS_ITEM"
"a64b3691395b3257b9dd68693ac3ddd6e6cc1512","d03301684ae4e311eb9e843a98d9d22f14154599","HAS_ITEM"
"7a75564fcd412986854828803fd3526d881a5e58","830cb0dc597dfd0e72fd0ec29fc9885e7f3d913c","HAS_ITEM"
"7a75564fcd412986854828803fd3526d881a5e58","a19431c12eb846473e2ab3f63134c0b59a259277","HAS_ITEM"
"7a75564fcd412986854828803fd3526d881a5e58","24a0537d107aa620f7457e68730094244d6606ee","HAS_ITEM"
"88ab21dc536c1934d45aa8a9b526d38007364969","c1f9f236b9c3c5e0696d1e5def3bbe599d2919ba","HAS_ITEM"
"88ab21dc536c1934d45aa8a9b526d38007364969","50236347520df8f5edcb628ec3e52f8f0aab4643","HAS_ITEM"
"88ab21dc536c1934d45aa8a9b526d38007364969","70ec6ad2aea66d0126413eeab0203994d7b8cc57","HAS_ITEM"
"05c9273ab4017664f640e43b140a38cb1e1bf389","7d80671fbc0a627a393c366fa1406aa58499ad6b","HAS_ITEM"
"05c9273ab4017664f640e43b140a38cb1e1bf389","14817471500f9a11361655ba7723d5b66b2cb4fe","HAS_ITEM"
"05c9273ab4017664f640e43b140a38cb1e1bf389","ff46ffc4a79cafcdf60beeaf7104c0466a495b0f","HAS_ITEM"
"05c9273ab4017664f640e43b140a38cb1e1bf389","8b069831995c7cdea6ba965b3a56fd497206466f","HAS_ITEM"
"a3ce6428794037193dd5cc5f575d42b50489f6a7","f1da88fa0ec7616a8d2c72c780ba20fe7273dc5a","HAS_ITEM"
"a3ce6428794037193dd5cc5f575d42b50489f6a7","763157c780262959c8b21a2c26c8068b723f8a96","HAS_ITEM"
"a3ce6428794037193dd5cc5f575d42b50489f6a7","24e27fdd7be93b6794c8433c5532ff458fa02915","HAS_ITEM"
"0e648b069fca607018dd1a45442077819c46dbca","9416bcfe221360f39b8197fdf1c916d66dbf0b30","HAS_ITEM"
"0e648b069fca607018dd1a45442077819c46dbca","902e9fb1d7a20317b9fee13baf925b97a435b710","HAS_ITEM"
"0e648b069fca607018dd1a45442077819c46dbca","a3c52d9f1ceb35e32910d532d9b5826c4dc59321","HAS_ITEM"
"0e648b069fca607018dd1a45442077819c46dbca","dc34a656860894da7e64677a6e0de168b7e224a2","HAS_ITEM"
"92383fc1fb7e0d57366c63746a0422faa48abed4","69084b6c57a327dbd9ee82b605fdca8dfbe88c45","HAS_ITEM"
"92383fc1fb7e0d57366c63746a0422faa48abed4","8d165b719d01e5780663a98b270194fb57fadbb8","HAS_ITEM"
"1de5f21fe97931bc90c5dd17481e3f5de3068cac","39c870675d9fa41e3f441433bf3515342f66804e","HAS_ITEM"
"1de5f21fe97931bc90c5dd17481e3f5de3068cac","55e18f5bd099639b82de41ec01918b0fe5a23f4e","HAS_ITEM"
"1de5f21fe97931bc90c5dd17481e3f5de3068cac","49349e834948820203d42287a0605b7f6d682ee6","HAS_ITEM"
"1de5f21fe97931bc90c5dd17481e3f5de3068cac","cab8dd8353405c88ec051eed5ba8e33dd521f477","HAS_ITEM"
"0af47472a2d8b66f51704daf0f9d9652add9a924","fa66313e73127f531799deb8ac955f4f7d0de37e","HAS_ITEM"
"0af47472a2d8b66f51704daf0f9d9652add9a924","4cb8a3d8a3f83fa43bc3cf5e1adeb7e4a9c10713","HAS_ITEM"
"0af47472a2d8b66f51704daf0f9d9652add9a924","1eb194d04a5950f59b6693c51449f1c09481aa35","HAS_ITEM"
"0af47472a2d8b66f51704daf0f9d9652add9a924","bf5467883a338984d4a46cf6d9f1540bba57d8ee","HAS_ITEM"
"e4881859b27af59b28fa60a36156cdf73bccb098","1e8ad98e64a3e86124b458cb39146876f79ed3ed","HAS_ITEM"
"e4881859b27af59b28fa60a36156cdf73bccb098","46d604466575a6efd4454176c0c10c06a09d04de","HAS_ITEM"
"30cdf59c063269a1b36675781a9a9566a2945733","cf64c8e0ee702148a2842f1ddebd20aebddc22b9","HAS_ITEM"
"30cdf59c063269a1b36675781a9a9566a2945733","113cfd0175a1a7002b35049f9e9c2b4fed7962e2","HAS_ITEM"
"30cdf59c063269a1b36675781a9a9566a2945733","e838bfe3d7bf5b1b7501e65c075b5f32f5f6e0c6","HAS_ITEM"
"30cdf59c063269a1b36675781a9a9566a2945733","948d8f733f0a4b1d55ae735613409b4a92d7c5da","HAS_ITEM"
"30cdf59c063269a1b36675781a9a9566a2945733","6175366b14e30e0226f669f8416d19c4b0499866","HAS_ITEM"
"0fb164dc91de568b0f954a709b681b947b32c4b3","e62d4fcd33f01cf0b64fca9939ad3171efc7fa9d","HAS_ITEM"
"0fb164dc91de568b0f954a709b681b947b32c4b3","f2b7ac5671f06db0e4779d8cb626ffabd187efe8","HAS_ITEM"
"0fb164dc91de568b0f954a709b681b947b32c4b3","a9badb89baa53a1da16d8ad5a8e9c8ef2891f890","HAS_ITEM"
"0fb164dc91de568b0f954a709b681b947b32c4b3","620497ca2560b1728a3198965677a8ac91dc0f8d","HAS_ITEM"
"0fb164dc91de568b0f954a709b681b947b32c4b3","71839f5650811b8931dc7020a9514da5b104bb34","HAS_ITEM"
"0fb164dc91de568b0f954a709b681b947b32c4b3","beb65bec608d82efd71385d0ba9ded753f655a56","HAS_ITEM"
"0fb164dc91de568b0f954a709b681b947b32c4b3","3c33ab2b3a15b9cd38c47f48c46537ed1446f296","HAS_ITEM"
"5f1e35f3623deab02fa2a9ca2a321688a19782ed","a7e20a95d26cd4cec87dcb5c7d4940745bd7d5b1","HAS_ITEM"
"5f1e35f3623deab02fa2a9ca2a321688a19782ed","24c431803f991b9210b75bf358273c0408a9cb34","HAS_ITEM"
"0f6ebed14877fd3db9c8581aff79cd58f31d1ff7","9cfbd68130f8819c135c0a8fb125d8b0901668b1","HAS_ITEM"
"0f6ebed14877fd3db9c8581aff79cd58f31d1ff7","8b1ce3dd1369b93f648ab5a3aa2ed7a234ccc93d","HAS_ITEM"
"0f6ebed14877fd3db9c8581aff79cd58f31d1ff7","bd9409b2ea1016fa3a966972bfc3d18826fbb9d4","HAS_ITEM"
"be157b88acff1513284b5a2741c32b18a624a419","b485f070944ce29a6a524cde7670c369f0365112","HAS_ITEM"
"be157b88acff1513284b5a2741c32b18a624a419","f499a26dab4e8f3f20e60a308dc89b956d872b73","HAS_ITEM"
"be157b88acff1513284b5a2741c32b18a624a419","4a2f9273125db8695f3f2855d5c487ddb030cc92","HAS_ITEM"
"be157b88acff1513284b5a2741c32b18a624a419","43fbb889f1cff7439f84aea46e90b72b9e57a610","HAS_ITEM"
"be157b88acff1513284b5a2741c32b18a624a419","2b97870ec660b9c1f2d863e59ad90013f052aa3a","HAS_ITEM"
"be157b88acff1513284b5a2741c32b18a624a419","32fe3c4b35ef41fe0199496f746493660cf12f0b","HAS_ITEM"
"be157b88acff1513284b5a2741c32b18a624a419","964b3429748d4016e75ab2023bdc0c72e4afc897","HAS_ITEM"
"be157b88acff1513284b5a2741c32b18a624a419","770ae81566854a178e07c8d7e7f360f5673678a1","HAS_ITEM"
"21d8ce9ce4c6e4a56487ae86e169c203a60cae45","520774e53c9013b62704f2ac5e87e2ec23262968","HAS_ITEM"
"21d8ce9ce4c6e4a56487ae86e169c203a60cae45","fb4b36b92d9347f86b447e3d875990c788e1cab5","HAS_ITEM"
"012a9fe84cffba673f122914584cad58bae198dc","854da8beb4ed8db8aec07afe27d1685fd2ed13c1","HAS_ITEM"
"012a9fe84cffba673f122914584cad58bae198dc","7e685eae1fa50513050ff321c371ab0fd5608264","HAS_ITEM"
"012a9fe84cffba673f122914584cad58bae198dc","18060dff401b6a61ea406c76150b0b4ca1ac610d","HAS_ITEM"
"012a9fe84cffba673f122914584cad58bae198dc","9ae17d7ce60d2931bf5175ff901048429cdeee83","HAS_ITEM"
"0c97c714f51363c4705933d1e22a3b5058cad314","6da7ada55fdb798c84768202bb382a7876f22c56","HAS_ITEM"
"0c97c714f51363c4705933d1e22a3b5058cad314","4cb47314df270ef511f4ecac80c2e6f91418a226","HAS_ITEM"
"0c97c714f51363c4705933d1e22a3b5058cad314","4dc9ee334719e1176b1a50e820716b9a685d6e85","HAS_ITEM"
"af028bcaad40a55ded34bd52d2d856d5df2490cc","f78390f4687bbd9cc0e8050e64da2b6f769a71bc","HAS_ITEM"
"af028bcaad40a55ded34bd52d2d856d5df2490cc","91a64d31177563b98a50188984bd41111e2d76ef","HAS_ITEM"
"a4bf02b6430ded9522714b9cadbca573ff873428","a772395b665bc732a63e6cb3c1701305fc2e6d06","HAS_ITEM"
"a4bf02b6430ded9522714b9cadbca573ff873428","2322b2607287d22ff444ae1ed19cd6d611414553","HAS_ITEM"
"a4bf02b6430ded9522714b9cadbca573ff873428","e00376d4aef4ad3b2fbf68b3a428bacab15a8e8a","HAS_ITEM"
"ca1008a7db77b5bcca4974ec8158272aafcdf6ef","0f6680a9ba9f2aa6b8cc8a8c30e44eeb5b778104","HAS_ITEM"
"ca1008a7db77b5bcca4974ec8158272aafcdf6ef","d4c0c7d80e67342856535923daac2de264adbea2","HAS_ITEM"
"ca1008a7db77b5bcca4974ec8158272aafcdf6ef","1497c91e0d3a213f556a4009bef3284c7ec31234","HAS_ITEM"
"ca1008a7db77b5bcca4974ec8158272aafcdf6ef","feeb50b29e444f2ef08ea09c28c7a9a8827ff06d","HAS_ITEM"
"ca1008a7db77b5bcca4974ec8158272aafcdf6ef","82ee3c16b92a5de811e84655bc9a50658d550df8","HAS_ITEM"
"ca1008a7db77b5bcca4974ec8158272aafcdf6ef","283d54ae705943aa7a79f61b025fe656647f16b2","HAS_ITEM"
"ca1008a7db77b5bcca4974ec8158272aafcdf6ef","a5a83f83d561d940b8ff413b0014eeff2720bdc0","HAS_ITEM"
"e6be202419fe3ced15b83795d013ec71b4e8bffe","7ab9c4b7fa61080e0c4ec7e50077acf4a0c7a644","HAS_ITEM"
"e6be202419fe3ced15b83795d013ec71b4e8bffe","5ef6ee3f53ca0a5e5dc50c47101a58fa4ed63c69","HAS_ITEM"
"e6be202419fe3ced15b83795d013ec71b4e8bffe","75bf598bfcf6e4ba378d425f9f3d814a9dcc34bd","HAS_ITEM"
"e6be202419fe3ced15b83795d013ec71b4e8bffe","7818608e6ec21f548f30ad32711104138b782c08","HAS_ITEM"
"e6be202419fe3ced15b83795d013ec71b4e8bffe","981a2ee6c724b0e35721d6d5abc9e77f61a5f158","HAS_ITEM"
"e6be202419fe3ced15b83795d013ec71b4e8bffe","c1c4777f9165efab18e365fa7dd9dd32d7c8daf0","HAS_ITEM"
"e6be202419fe3ced15b83795d013ec71b4e8bffe","6bedda51c9b87f2f6ba065e010ac84449487e47c","HAS_ITEM"
"79c7e3492990ffb2938fed952c37b3804f2598c8","7c73807cf3406706e03e2e67c3177144b38cc12d","HAS_ITEM"
"79c7e3492990ffb2938fed952c37b3804f2598c8","e918beaa71a579b48654d1f5b29b250302bd3416","HAS_ITEM"
"79c7e3492990ffb2938fed952c37b3804f2598c8","0852415e08a7b488d869cc3466494b443d64dd26","HAS_ITEM"
"79c7e3492990ffb2938fed952c37b3804f2598c8","bdefbefea94440ab231a5a3d61dfd28215ceb46c","HAS_ITEM"
"a3fd5a2339624694c9ae9f31707e630202da5d8b","e6cfe2a0a255c82bfdc44b1518dcb5455f851bd8","HAS_ITEM"
"a3fd5a2339624694c9ae9f31707e630202da5d8b","a9b3342b9728713ab75f3975c9d13e5d63c87546","HAS_ITEM"
"44d0cc3cb0ac8a28cd31d67e0ef654185e813828","82c7b167e81bd135e7b5d078347cf7ffe25ee3f5","HAS_ITEM"
"44d0cc3cb0ac8a28cd31d67e0ef654185e813828","77cf26b5f0e12f1ad4b135375f56e9d54390a16d","HAS_ITEM"
"44d0cc3cb0ac8a28cd31d67e0ef654185e813828","95a4604959641c964cf2ef052d128366d73d2a3c","HAS_ITEM"
"69640a690879fdccdf773c9a3f783f50abda1717","5943980a74b5d2e1d5bfec5e5451e2b2598fa59a","HAS_ITEM"
"69640a690879fdccdf773c9a3f783f50abda1717","3881f11dba4aa55e1e3b3b8395adee79d0479f86","HAS_ITEM"
"69640a690879fdccdf773c9a3f783f50abda1717","0f3e600dc605d7aaa483b6e9fd6ad397f03f7f35","HAS_ITEM"
"69640a690879fdccdf773c9a3f783f50abda1717","39d43b2ff2d36736577fd3782c7c2781b767fd65","HAS_ITEM"
"69640a690879fdccdf773c9a3f783f50abda1717","02eb8ddffdbc2e9735560454f0ed750074feb6cd","HAS_ITEM"
"73589d0a5a0a5d7da911ea40a254e9621339e20f","9818dcec7371ec53ec6b8da077c957fabe9b925c","HAS_ITEM"
"73589d0a5a0a5d7da911ea40a254e9621339e20f","e4be553892754839b811fc0e006093efd8a15b54","HAS_ITEM"
"73589d0a5a0a5d7da911ea40a254e9621339e20f","6a42fe3b19ca8e5b1a8658b0a169ad2e98038d2f","HAS_ITEM"
"8d1dcb72bfce2e6f5ff4818896f21489d7afc794","910db9e6a238a066088a407fd16fad2da9e65946","HAS_ITEM"
"8d1dcb72bfce2e6f5ff4818896f21489d7afc794","17b52f30b22988823a5b65ed2fa33c64dc646be5","HAS_ITEM"
"8d1dcb72bfce2e6f5ff4818896f21489d7afc794","ac277e54395b0d770f768d30d3340eb5a6dfc524","HAS_ITEM"
"8d1dcb72bfce2e6f5ff4818896f21489d7afc794","7d7b6f53ba8a6e1d92ec129f490eed89e3f52ff0","HAS_ITEM"
"8d1dcb72bfce2e6f5ff4818896f21489d7afc794","131eb03085c99b93377a11d36ae5362525b412bd","HAS_ITEM"
"8d1dcb72bfce2e6f5ff4818896f21489d7afc794","c096129f69ede983d3b58b248f287895afdc2c95","HAS_ITEM"
"8d1dcb72bfce2e6f5ff4818896f21489d7afc794","036edbb1880afbfc918fdd551b6e1f1a983b0b72","HAS_ITEM"
"96c46a9b2a7ac5b3c0d3b746dfdb0c088e597171","3f52d938aab44133d8a4dc3c3bdba605b7bf9942","HAS_ITEM"
"96c46a9b2a7ac5b3c0d3b746dfdb0c088e597171","7a98614dbbd80d761e1cfd738b39ca92ff0c2ff7","HAS_ITEM"
"aaa37c9f565d25452a556680b47566480ea8935f","121dca50a024082aa676c3b4143f31d9b0cd67d6","HAS_ITEM"
"aaa37c9f565d25452a556680b47566480ea8935f","45cfbdff5c95bef3fd9050f1d29437529ae800ec","HAS_ITEM"
"b17b7d20cc74fb48f9e1fa1257512cf89805c757","2ea027a360dd05d6e88a94c153593119624cf016","HAS_ITEM"
"b17b7d20cc74fb48f9e1fa1257512cf89805c757","1e2a5e6e6d8a9d609debb8375ec82a8480130ace","HAS_ITEM"
"b17b7d20cc74fb48f9e1fa1257512cf89805c757","e88e6eb217f86f8afd6c8121329a1a7fcdf1680e","HAS_ITEM"
"b17b7d20cc74fb48f9e1fa1257512cf89805c757","5f142e2925aafdcd6aff0388f4926c03e02193d7","HAS_ITEM"
"8095ba144b35c625007f42da5823944516b77e0c","0d63b1655d0ab2031de9f66c07950d10d3b35582","HAS_ITEM"
"8095ba144b35c625007f42da5823944516b77e0c","1f0be8717ee6300b4905a3926a16b01252c74002","HAS_ITEM"
"8095ba144b35c625007f42da5823944516b77e0c","9bcb1d6395a4e1cf3e2ecfd9e0b06d3aa4c9e9de","HAS_ITEM"
"8095ba144b35c625007f42da5823944516b77e0c","3a351ae4d5b388f46edc3172e8e514472d1615c7","HAS_ITEM"
"8095ba144b35c625007f42da5823944516b77e0c","0a3079ab601251270bc6ac4a1b6290996d9365e7","HAS_ITEM"
"8095ba144b35c625007f42da5823944516b77e0c","ea69a3695813f641992c9fc76a3ac484b1638269","HAS_ITEM"
"8095ba144b35c625007f42da5823944516b77e0c","cc63de49e644ecf610fe1ec338817a0cdf16685a","HAS_ITEM"
"939bdf484ddc75a8bb69c6fdb495852f77abfb86","81f762591a7dffdd8b41702f86b4eeb4129d7668","HAS_ITEM"
"939bdf484ddc75a8bb69c6fdb495852f77abfb86","ea2210b823f04d63b487fb3fd3f932d0b984ca43","HAS_ITEM"
"939bdf484ddc75a8bb69c6fdb495852f77abfb86","56a6935b21ec84651e42a003191370f374527774","HAS_ITEM"
"939bdf484ddc75a8bb69c6fdb495852f77abfb86","9fff1fa364d886fd454900c048badf0401fcb355","HAS_ITEM"
"939bdf484ddc75a8bb69c6fdb495852f77abfb86","464b04c655674ed3f02e37848f5841f0c72ff016","HAS_ITEM"
"939bdf484ddc75a8bb69c6fdb495852f77abfb86","b41715287ce2df3f9b2e90f07d13820052d2aa53","HAS_ITEM"
"939bdf484ddc75a8bb69c6fdb495852f77abfb86","a0eff43d54c348ccfac27851087d43c5ff5d8505","HAS_ITEM"
"939bdf484ddc75a8bb69c6fdb495852f77abfb86","3eb68036e31eda22dc2413ea80e0bffb08c33508","HAS_ITEM"
"939bdf484ddc75a8bb69c6fdb495852f77abfb86","d771a9bbabe954b00c08b5f8fa2407c5852a1250","HAS_ITEM"
"939bdf484ddc75a8bb69c6fdb495852f77abfb86","34b0dd544e3ea18e042833c192de59603b685471","HAS_ITEM"
"21faf0f02506e3f9085ad6135ffb0d738a973d82","5c417bd694378a67e1e7eb79c9319a774cbc3916","HAS_ITEM"
"21faf0f02506e3f9085ad6135ffb0d738a973d82","770ff4b8f899bd211d3ba974a5f7d80f54fdca99","HAS_ITEM"
"21faf0f02506e3f9085ad6135ffb0d738a973d82","f96a0a3a3ea37d1c1d77f890d43c20e276f58fbe","HAS_ITEM"
"21faf0f02506e3f9085ad6135ffb0d738a973d82","4ab7a8e84e8ce0ba54642046c4688925a6bf27ff","HAS_ITEM"
"21faf0f02506e3f9085ad6135ffb0d738a973d82","cf373b802523652812fe35fc8cb73767b8f7b273","HAS_ITEM"
"21faf0f02506e3f9085ad6135ffb0d738a973d82","f7adb21b8046681774c74e6a298fd610e0ead7bc","HAS_ITEM"
"0f20982dc6f1d495d8daea214108bd912e9db45e","8c6b279384664da6934e68399f359dc72919ae07","HAS_ITEM"
"0f20982dc6f1d495d8daea214108bd912e9db45e","a41dc53ceb41b824b56e8f1433cc06e08cea2ef6","HAS_ITEM"
"0f20982dc6f1d495d8daea214108bd912e9db45e","0c44b10079c28ad0892d5b64fab72699e863c0ee","HAS_ITEM"
"76c67be1f0f03f61b55b168679e70b0c325d122f","e87d5c6a4c773fb9b77592256f3a85360e9c99a9","HAS_ITEM"
"76c67be1f0f03f61b55b168679e70b0c325d122f","f77aa48cf7fbd6aa7ef417d85bbac27b701171fe","HAS_ITEM"
"76c67be1f0f03f61b55b168679e70b0c325d122f","1b90deb467c2a3566f9fd12237e347884cca34f5","HAS_ITEM"
"a7603ec871d93a5e67f87a90031c09e5afe54b6f","427f4a5a6d059602a911fe0c56f4b23f9360e087","HAS_ITEM"
"a7603ec871d93a5e67f87a90031c09e5afe54b6f","50c33d0897fca35bae0ef3a069597926ab7d9d06","HAS_ITEM"
"2841cd8e9c4697c9b5667e205782cd41da21e59f","866d5735057071d8e9ae7704585d619ceef13352","HAS_ITEM"
"2841cd8e9c4697c9b5667e205782cd41da21e59f","de906755c2a46a1172e24f4ccac175503ede6cc4","HAS_ITEM"
"418affea0cec9d4f0f9e7c8a204f179ecafb313b","7eb5384935e591e1ed93273d522e0f2144ec1623","HAS_ITEM"
"418affea0cec9d4f0f9e7c8a204f179ecafb313b","1dfcea1a910181c196e3264586bb66fbcab57087","HAS_ITEM"
"55f6e449c604f7480abc93c0abf4ececd34cb4e9","f4810d638e30aaab9d89a2949c52a4f1fc058a11","HAS_ITEM"
"55f6e449c604f7480abc93c0abf4ececd34cb4e9","21ea2af0f778d892d7b0ecf8c95aef2d61e46f1e","HAS_ITEM"
"55f6e449c604f7480abc93c0abf4ececd34cb4e9","090595920c40d418b1eee3ce0f2d65dc993d36e9","HAS_ITEM"
"55f6e449c604f7480abc93c0abf4ececd34cb4e9","e8f9df546cf17a27c0f527a3b6170cc17372a7a4","HAS_ITEM"
"55f6e449c604f7480abc93c0abf4ececd34cb4e9","baf508a9633bd3c53c5fbc3900dc747482d31072","HAS_ITEM"
"9a3eb60837f511060b7be4a7d1e5c3099b9fc3ca","c797f58e3580e900cf64c1870635de34a7c019d2","HAS_ITEM"
"9a3eb60837f511060b7be4a7d1e5c3099b9fc3ca","8a74021fda8584e3e9e7c65d2415cfd5c24c5f80","HAS_ITEM"
"9a3eb60837f511060b7be4a7d1e5c3099b9fc3ca","3f7a91ee1be05ebcfad421bf6909af7d2ccec852","HAS_ITEM"
"797989845938dd56915fdc5a8c682a98f006e31d","35be20eb4a24a16ef357af05e3f381f5238e2233","HAS_ITEM"
"797989845938dd56915fdc5a8c682a98f006e31d","5f65a66403527b6451a579e66ab0411c7f290455","HAS_ITEM"
"797989845938dd56915fdc5a8c682a98f006e31d","b4f15c8514556208a5851bf97b1b271fa7893825","HAS_ITEM"
"48ed94a551cc6750b7edc07c6dd42f306342328f","5073802cb1b724b7be79a958823d4cf4ae68a662","HAS_ITEM"
"48ed94a551cc6750b7edc07c6dd42f306342328f","af396bfa7bf45ed51bea84361ce43c74651fd05b","HAS_ITEM"
"48ed94a551cc6750b7edc07c6dd42f306342328f","c643cbd43d8ed39bd74b3a489f729e61fab0e719","HAS_ITEM"
"48ed94a551cc6750b7edc07c6dd42f306342328f","1957e7f501500e91916e8d4facc169a1cf9693d4","HAS_ITEM"
"48ed94a551cc6750b7edc07c6dd42f306342328f","06f77a4563fe0ba157ace6ac704cebd07f4b65c1","HAS_ITEM"
"48ed94a551cc6750b7edc07c6dd42f306342328f","9b67b4f49800de29326226c058634358569a3378","HAS_ITEM"
"e64bd11a70efd08b3a093e595b4b624f86798719","1a322a6d33c4d6404a6299a4184625f5cae576ae","HAS_ITEM"
"e64bd11a70efd08b3a093e595b4b624f86798719","f88225ba2548482669aad74a67f7c8c50ecaa10c","HAS_ITEM"
"e64bd11a70efd08b3a093e595b4b624f86798719","01d7c7c39c69759e3d07e6c860a8f74933f3a6a2","HAS_ITEM"
"e64bd11a70efd08b3a093e595b4b624f86798719","bbc832ea10f396b88cdcaa42c9af5dfe399c66fa","HAS_ITEM"
"e64bd11a70efd08b3a093e595b4b624f86798719","7fbfeecb21300975def977b30b818e502ff69f37","HAS_ITEM"
"fb78c45782956c1c523a6fb720c9a4706d3ceb6a","21068cf7e9fc648e1e6b5288cfdfbaa451425233","HAS_ITEM"
"fb78c45782956c1c523a6fb720c9a4706d3ceb6a","ce2f2c5a9784a1a7de6b323a6835d931579e772f","HAS_ITEM"
"fb78c45782956c1c523a6fb720c9a4706d3ceb6a","83cb604138371e3a559511ad7bd01ea45789221e","HAS_ITEM"
"70255b63356364307df9a44e46e5778984b5da76","3e3ccf8d87b3db0dd0b98b64d2a026be6073801c","HAS_ITEM"
"70255b63356364307df9a44e46e5778984b5da76","970e1d3f263b0f7dba44c020a51bb139a5c13eda","HAS_ITEM"
"70255b63356364307df9a44e46e5778984b5da76","e4f54c9021a5fbb0e098ba948fb3da821ce30740","HAS_ITEM"
"70255b63356364307df9a44e46e5778984b5da76","08e9ea8a2ebb0867bb050de55df9b64403e06499","HAS_ITEM"
"70255b63356364307df9a44e46e5778984b5da76","e81872bba17b53fc4357137998f0d1e8626ea321","HAS_ITEM"
"70255b63356364307df9a44e46e5778984b5da76","c7217ef8624bbcfc70b83a175cc16278b6a9172f","HAS_ITEM"
"89cac29fef7f684fb6b4b5a552b7df9b7a51369f","f91dfac0ffd35ad53603bbd63ff1192e532ab646","HAS_ITEM"
"89cac29fef7f684fb6b4b5a552b7df9b7a51369f","88c3e58fcd111ab91b03baf54ca4a3e81c893f68","HAS_ITEM"
"6f1973725e256c29c52a5ed17ed574a597783957","931388b84c6e62cb8b287810c1b404ac7f135e28","HAS_ITEM"
"6f1973725e256c29c52a5ed17ed574a597783957","cd9c043fdcabb681fc0bef36e3f4af9d708180a0","HAS_ITEM"
"6f1973725e256c29c52a5ed17ed574a597783957","8cca741b58228e936b7d0ad03613838111e1fdff","HAS_ITEM"
"bec43f879eb086d87b489ae016fe798165e31333","26b8bd7cac8a968d45f89e88296c62fc78b4dfbd","HAS_ITEM"
"bec43f879eb086d87b489ae016fe798165e31333","6f170d3086295d239229853889947dad66ad20f5","HAS_ITEM"
"bec43f879eb086d87b489ae016fe798165e31333","3a5a3396d43e7beab55853e284237d6b0865a4c9","HAS_ITEM"
"b2f33b3e8046eb3a333c096e756a4e248540469b","c0f07c51185a4a79d9133a6d98981aa4ad43940f","HAS_ITEM"
"b2f33b3e8046eb3a333c096e756a4e248540469b","18e3fa24490ca8a4d3fb63a2adacd7c4f8885528","HAS_ITEM"
"b2f33b3e8046eb3a333c096e756a4e248540469b","dd9b634d0b00f0321e5898521e67fe7f3539cd41","HAS_ITEM"
"3e25dda11746ae3b6e8579ced4b1f0fb4b63ab9f","9bb09003c2dd42f0a613d72fba1e8b45bf99b528","HAS_ITEM"
"3e25dda11746ae3b6e8579ced4b1f0fb4b63ab9f","eedaa323a2d92fc581e8aa34c3ff776fb3dd9e98","HAS_ITEM"
"3f5f2cb1d1a1b88d277097ed19453b364fb8d37f","cedd85a6940dcfaf6888c317559de4c586054dba","HAS_ITEM"
"3f5f2cb1d1a1b88d277097ed19453b364fb8d37f","761739de327d879af0a9524118b5ca4ea0a140f9","HAS_ITEM"
"3f5f2cb1d1a1b88d277097ed19453b364fb8d37f","c56df247dc90c1564f3140d17fac9096a8563fe6","HAS_ITEM"
"3f5f2cb1d1a1b88d277097ed19453b364fb8d37f","0223ce9213fa81b417a202e16cc2c1f6d124f043","HAS_ITEM"
"3f5f2cb1d1a1b88d277097ed19453b364fb8d37f","bb192f851637eee51e1f353b677f01fe592a0039","HAS_ITEM"
"3f5f2cb1d1a1b88d277097ed19453b364fb8d37f","5b96552674976ecd67c845e7f251cf9bc45f09b8","HAS_ITEM"
"3f5f2cb1d1a1b88d277097ed19453b364fb8d37f","7b63780bd40a20e14a757175c1e49139184df31e","HAS_ITEM"
"3f5f2cb1d1a1b88d277097ed19453b364fb8d37f","d267211dc9d898c9ed5864fe9301dd61a9407e70","HAS_ITEM"
"3f5f2cb1d1a1b88d277097ed19453b364fb8d37f","2dc912b4c8bca6dc8c110258a09b2ea8c7af7b0d","HAS_ITEM"
"3f5f2cb1d1a1b88d277097ed19453b364fb8d37f","24c84f7084365c0f7f74bee82fabcee3ea063355","HAS_ITEM"
"3f5f2cb1d1a1b88d277097ed19453b364fb8d37f","f13be414c810319752c1b01814c4779bf719e4c8","HAS_ITEM"
"0e96a6962126a8d2882ac418e525c344c17774d1","654edfccf416cff39fd2f68671396b558ca6ed1c","HAS_ITEM"
"0e96a6962126a8d2882ac418e525c344c17774d1","59349c61942af72e6df8505bc632d2953178ee0a","HAS_ITEM"
"0e96a6962126a8d2882ac418e525c344c17774d1","297cb7e7a652c8edde9fc193cc5f1d495f99e016","HAS_ITEM"
"0e96a6962126a8d2882ac418e525c344c17774d1","94a31601046d53baa50cfb2b9d5ba930494c2d4a","HAS_ITEM"
"0e96a6962126a8d2882ac418e525c344c17774d1","10e375a941fcfff02b1e08231106d3c48c92f43a","HAS_ITEM"
"40723e949a87862b8a39b0fd6c6a85e279363cca","5ad2754c3696d057ea65932258c0e9b470932f2a","HAS_ITEM"
"40723e949a87862b8a39b0fd6c6a85e279363cca","bd35eddc79fa76d115812bc94f4ebc38c727919a","HAS_ITEM"
"40723e949a87862b8a39b0fd6c6a85e279363cca","dde2a0021290bbd5d23ab1b2efa1675b9f5f1f55","HAS_ITEM"
"40723e949a87862b8a39b0fd6c6a85e279363cca","d38b6fca672d9f2bcc27c1df4878813ef3ac5a5c","HAS_ITEM"
"40723e949a87862b8a39b0fd6c6a85e279363cca","82e83e932186ff03ad9dbd9a6f9a66687518a1b4","HAS_ITEM"
"9a2176dd95ee9cca583999141d211f60f9b78f67","6f1a91e69d968346cf7f1f5e3a2b36226b7b009e","HAS_ITEM"
"9a2176dd95ee9cca583999141d211f60f9b78f67","401347a794a3a54ad2f59160c1ca54c475ffbc5b","HAS_ITEM"
"9a2176dd95ee9cca583999141d211f60f9b78f67","246895990263d9b77466b2d53d0d87ed1d1b5300","HAS_ITEM"
"9a2176dd95ee9cca583999141d211f60f9b78f67","578cd611b21c63e5b3790d67f68e1dea1145dc70","HAS_ITEM"
"9a2176dd95ee9cca583999141d211f60f9b78f67","268cd501bb7708ba22b705b6306c0cae6c7a53b1","HAS_ITEM"
"9a2176dd95ee9cca583999141d211f60f9b78f67","c046326d767ef2258384104cceacb8805d9feb22","HAS_ITEM"
"96192df2c5a105dab0908d0acb18ba929fa00865","ee4bd83826d1ec36c2bcb964563b600bc0fdc81f","HAS_ITEM"
"96192df2c5a105dab0908d0acb18ba929fa00865","4f2535ecb068344c4adb287e942b694a1a3811f9","HAS_ITEM"
"96192df2c5a105dab0908d0acb18ba929fa00865","1799b696079e7deafb7efbf2ecc3431a04e68612","HAS_ITEM"
"3787af993b71f6e20fbf39994c3f463f64f18eb8","bf5feddd7be8d916a16643350ec3436a9e71e203","HAS_ITEM"
"3787af993b71f6e20fbf39994c3f463f64f18eb8","99750be9b9a20238d258d936933fc0635c4c2af4","HAS_ITEM"
"6987162fa08b52ca13a2da7ea05decda105de5f0","c63dc1279e191a110d068ba3eb70ee6751ae8a87","HAS_ITEM"
"6987162fa08b52ca13a2da7ea05decda105de5f0","572e940b1c97bc37e2a35b79070b380314a8c967","HAS_ITEM"
"6987162fa08b52ca13a2da7ea05decda105de5f0","beb7141d1660ae1e3872057b6016a85481281872","HAS_ITEM"
"6987162fa08b52ca13a2da7ea05decda105de5f0","3df86c5962ab451de7ea084a5da0e2e48d20dc43","HAS_ITEM"
"6987162fa08b52ca13a2da7ea05decda105de5f0","2abb95a2e4b493651e0a7183e9fe2463eac40eaf","HAS_ITEM"
"6987162fa08b52ca13a2da7ea05decda105de5f0","68a9c86bff15b0313f0cd32433f9a1e69c55efd2","HAS_ITEM"
"6987162fa08b52ca13a2da7ea05decda105de5f0","54defb5e0783f2e46c4564b349b4cf802fbb3750","HAS_ITEM"
"6987162fa08b52ca13a2da7ea05decda105de5f0","77b42a36db1d1f33951556f21a91eb5bfe4efa4d","HAS_ITEM"
"6987162fa08b52ca13a2da7ea05decda105de5f0","e2a9a35b6a6c177a50c1e7db672a437aee95daf7","HAS_ITEM"
"4b60f1dff0776a103e9f3ddce8f23037f8f414bc","f1eee391b04921b661684ce45edd3fff19d51707","HAS_ITEM"
"4b60f1dff0776a103e9f3ddce8f23037f8f414bc","6e056593153085588a036e4839afb842de018328","HAS_ITEM"
"656126aa721d716eb05e99519671b6a3aec03be9","8f96cd6ceba356f9c8a592da870521c53296744b","HAS_ITEM"
"656126aa721d716eb05e99519671b6a3aec03be9","5d603634c9701b7a975339b75a92e8497d9bb22c","HAS_ITEM"
"656126aa721d716eb05e99519671b6a3aec03be9","5361fcfa16aee8eb485c6321aeed5c7da687ce08","HAS_ITEM"
"656126aa721d716eb05e99519671b6a3aec03be9","2c68edf56cf65a1d30def3d24b00ad6eec5e5e26","HAS_ITEM"
"656126aa721d716eb05e99519671b6a3aec03be9","7b466fcd4457bf9c40631f74828e1d6a53dc2862","HAS_ITEM"
"656126aa721d716eb05e99519671b6a3aec03be9","f0a68e7920542223ad33134ac5ba9a5c404031f6","HAS_ITEM"
"656126aa721d716eb05e99519671b6a3aec03be9","091ce7819129a521106d826822d69d32c32b6a90","HAS_ITEM"
"2d31d3fc15a13bbe3bda6f510d12168d672cfe15","9be6a068500a415367796f3e6ead211404b112e2","HAS_ITEM"
"2d31d3fc15a13bbe3bda6f510d12168d672cfe15","a3826de3ba3d591a7c2411807a9b470ced4f30a8","HAS_ITEM"
"2d31d3fc15a13bbe3bda6f510d12168d672cfe15","5432e230c67e73ba8b10bb0a7ab3086268010065","HAS_ITEM"
"2d31d3fc15a13bbe3bda6f510d12168d672cfe15","36fe9309db5d54fb1926aa2a424702d46c7739eb","HAS_ITEM"
"2d31d3fc15a13bbe3bda6f510d12168d672cfe15","894b4580d2438a3a0339db953b094396c7f9693c","HAS_ITEM"
"2d31d3fc15a13bbe3bda6f510d12168d672cfe15","b640f5bfcfb7564e94b828328b93570f79f24a54","HAS_ITEM"
"2d31d3fc15a13bbe3bda6f510d12168d672cfe15","be7a713cf6ab3cc4886b86424c924e8ea313a0df","HAS_ITEM"
"d0bcad07cfd33918c84d4790caaeff784530d94e","0b4826c702b3e40d8396db2f547d8b8f102011cf","HAS_ITEM"
"d0bcad07cfd33918c84d4790caaeff784530d94e","cda3a166a80c3bc29477b2bbb6ab3f910dd7d6c3","HAS_ITEM"
"d0bcad07cfd33918c84d4790caaeff784530d94e","bd5635751eeebbb6d62755a3f31e1ae74a6cfe91","HAS_ITEM"
"d0bcad07cfd33918c84d4790caaeff784530d94e","61bf046c70b9c9df3ec0b660605c0f5c23075c8a","HAS_ITEM"
"d0bcad07cfd33918c84d4790caaeff784530d94e","136a1444d944f50dc334e2d58d0cd63d45c37a0d","HAS_ITEM"
"1553449e1c9e756894815a0fc7e1660861603db0","4829eee2a8dc92e608f0c92907d3cc604ca5299e","HAS_ITEM"
"1553449e1c9e756894815a0fc7e1660861603db0","9f6f264602ce714a5eb1e6016a6f490d59eacc94","HAS_ITEM"
"1553449e1c9e756894815a0fc7e1660861603db0","b00561da6843902f6b2ccb39cdd7213eea560f8e","HAS_ITEM"
"1553449e1c9e756894815a0fc7e1660861603db0","1aabaa1d9ce6e18b2c1675e8e41206714bdf8e55","HAS_ITEM"
"1553449e1c9e756894815a0fc7e1660861603db0","ad36519e2f172422f93f6b0c7ba54db4f7e92f91","HAS_ITEM"
"52a11681d8a1a5a2835a9b0cbc06dc6458000318","f565807d6f4c1923d2db47f10b59756928f67492","HAS_ITEM"
"52a11681d8a1a5a2835a9b0cbc06dc6458000318","632f319a97a0006bda1f5f78ef1da1ec0933b888","HAS_ITEM"
"52a11681d8a1a5a2835a9b0cbc06dc6458000318","2e32dc6dce5721bd79b580203ea6cc84b4e1e077","HAS_ITEM"
"25d573a9962d84a19b9a5f1987ef274e8ebf29b7","a4dd0d4ebc33fee9bc7a0dcde9a303359b12d5b6","HAS_ITEM"
"25d573a9962d84a19b9a5f1987ef274e8ebf29b7","e585b8f3a52b330827cb3c84056a94c29b98a603","HAS_ITEM"
"25d573a9962d84a19b9a5f1987ef274e8ebf29b7","4a93c2de2b239201f52a305e7e0d523f246f53e3","HAS_ITEM"
"94df02545ae6c6ae339b7beeb5d4985a805d532a","e8361d57aa2dd019e7f0f2716da700c64cb1f2e3","HAS_ITEM"
"94df02545ae6c6ae339b7beeb5d4985a805d532a","a54f75015c721a38c9e547f629120b9b1fdae80d","HAS_ITEM"
"94df02545ae6c6ae339b7beeb5d4985a805d532a","ffcf6b08d20731918594af0acfc78abbc75bbb54","HAS_ITEM"
"94df02545ae6c6ae339b7beeb5d4985a805d532a","1aeda4302f864e2c5440ba2b00510034fba7e346","HAS_ITEM"
"8fc0f496064742decd0f0a34c3463563737d9ca5","75c6614429703782c6526f4427d669f247434f0a","HAS_ITEM"
"8fc0f496064742decd0f0a34c3463563737d9ca5","9f405eaff17ee54c635002bd222737b586608468","HAS_ITEM"
"8fc0f496064742decd0f0a34c3463563737d9ca5","4798dc5ab56457627a08b7d8d6e894265d79e13c","HAS_ITEM"
"567080bc37f26d2982dbff845b1179c27f9cd510","522cea23db4ad60e46f5ad22c4d4f170a970f219","HAS_ITEM"
"567080bc37f26d2982dbff845b1179c27f9cd510","f6a8b5590d61d3cf9b80c7932cb830d93a34eabd","HAS_ITEM"
"567080bc37f26d2982dbff845b1179c27f9cd510","1d68ea630d6051f141f17d4b9db408c6e64054d7","HAS_ITEM"
"567080bc37f26d2982dbff845b1179c27f9cd510","19c478a6dec3312a65a1aebfc400096aea0d6e76","HAS_ITEM"
"1654b6ffbb02ff7e95ddca58de950a319bbf6068","f506468570639dfe6906f3126251d1dc5ad3e5b4","HAS_ITEM"
"1654b6ffbb02ff7e95ddca58de950a319bbf6068","72104e1c68a8168fac64c143ac53ba9619390fe7","HAS_ITEM"
"1654b6ffbb02ff7e95ddca58de950a319bbf6068","c246b13514c7468e55bb5fdc49eb9865f7f1c14a","HAS_ITEM"
"dbd9918db0cda7bffd4d628ec2bdc41b8855a018","ca0e053eef1b7b0673e451546edb32b1f42ff19b","HAS_ITEM"
"dbd9918db0cda7bffd4d628ec2bdc41b8855a018","d715b865365c277c73d7b66bbd6aea66a49f3161","HAS_ITEM"
"dbd9918db0cda7bffd4d628ec2bdc41b8855a018","669008bd7c527fa0139bf3284965d28f889037e4","HAS_ITEM"
"8880a537ce670cc86da6de1997c6526b0cf2095f","4bd922b5bbf6321656ba283f297c035a32861286","HAS_ITEM"
"8880a537ce670cc86da6de1997c6526b0cf2095f","cf4b447019a5323c32af720dd87ba3938bc7e822","HAS_ITEM"
"5600cb3f438d59fa47f2be3487d4c372929d4fc1","0cf6fbcf2abc20153b6295c2fe4cca7e59367062","HAS_ITEM"
"5600cb3f438d59fa47f2be3487d4c372929d4fc1","d96283ffac759d970c0c1371bafc810c4e7a8155","HAS_ITEM"
"5600cb3f438d59fa47f2be3487d4c372929d4fc1","29a145fbf5027cc2cf1150b5424251dfbfbe52a4","HAS_ITEM"
"28a73fcc784decfe10508f6ac0425da5c2962898","661af857694f59378024abdbc4b635034fc07d57","HAS_ITEM"
"28a73fcc784decfe10508f6ac0425da5c2962898","82365f340f28c0384dd6b73bc354433cdd7433d1","HAS_ITEM"
"28a73fcc784decfe10508f6ac0425da5c2962898","4ffaf01ae6229e09103fae639df1cda1a8ca9a69","HAS_ITEM"
"28a73fcc784decfe10508f6ac0425da5c2962898","1a4571c7e8d40b099b5f85d23f515754a1e21255","HAS_ITEM"
"bcb0658bb7cf63d76fb5bbc05081db2d7710c1b7","5b1a8fc251fcf12d76cdaa3c7ccef88eed573a37","HAS_ITEM"
"bcb0658bb7cf63d76fb5bbc05081db2d7710c1b7","1d1f444bb17efb74ee98dd3b5d390b7975fb97c6","HAS_ITEM"
"bcb0658bb7cf63d76fb5bbc05081db2d7710c1b7","3ef1195c658d6579b7397be33dee4adf2a381832","HAS_ITEM"
"bcb0658bb7cf63d76fb5bbc05081db2d7710c1b7","3a0e8a9dc523309a08c555ded49c3a5538d1eaa6","HAS_ITEM"
"bcb0658bb7cf63d76fb5bbc05081db2d7710c1b7","04d8fecb7f24ce20244bdb1044881e9456eecd3c","HAS_ITEM"
"06db00bba560196d2e2fd39fc50e5ea4440fffd3","2e0ec3e3d05cbfe81300c410dbf721a84f6519cb","HAS_ITEM"
"06db00bba560196d2e2fd39fc50e5ea4440fffd3","fbdacc759cdc2835f7b1fff7f1d3371460250742","HAS_ITEM"
"06db00bba560196d2e2fd39fc50e5ea4440fffd3","0476656e7ba6619eb06e3dd49ead2a6cf3ca826e","HAS_ITEM"
"84e6093deca2e5a14fd6ac39aca6378feddff19b","459ef9ee7f9cf4450d09d3c16e8667da094f9329","HAS_ITEM"
"84e6093deca2e5a14fd6ac39aca6378feddff19b","4635d8a0afee1297f2ceed70dc348c72d7b008f8","HAS_ITEM"
"84e6093deca2e5a14fd6ac39aca6378feddff19b","b5c7b2f95cc372684eb06b6608b704a3c3d8a7bd","HAS_ITEM"
"84e6093deca2e5a14fd6ac39aca6378feddff19b","f2dbfee85a8b4433f0e949e1a4ffe5e26b6dd82a","HAS_ITEM"
"84e6093deca2e5a14fd6ac39aca6378feddff19b","14d13939efd11d46a63fdef041e5533713200e28","HAS_ITEM"
"84e6093deca2e5a14fd6ac39aca6378feddff19b","5864992782368282bdd3d0a617c9900dc4dcb3fb","HAS_ITEM"
"1a8d9f0edea9550dc4596e8f29c692e887bb97d9","3e47f8f18625cfc425fc3c90d928c3043ad832cf","HAS_ITEM"
"1a8d9f0edea9550dc4596e8f29c692e887bb97d9","02859228598d9e22d2d04ae36651769974e0be7d","HAS_ITEM"
"1a8d9f0edea9550dc4596e8f29c692e887bb97d9","8a5babc5f940166657ef554007a04001328f0fb2","HAS_ITEM"
"1a8d9f0edea9550dc4596e8f29c692e887bb97d9","9f9b5b15e5f582bdbe76589c35273d16730912b7","HAS_ITEM"
"fe3f0d472098f61237606c936d6a568694c96db7","653cf4a879dc39d838f2643b598dec127e61d2e7","HAS_ITEM"
"fe3f0d472098f61237606c936d6a568694c96db7","483284b4f058cdf04e47794960b9eb08643925ca","HAS_ITEM"
"fe3f0d472098f61237606c936d6a568694c96db7","009cf5bd5d388a8e1561aab29a23fb92bc66f9c1","HAS_ITEM"
"fe3f0d472098f61237606c936d6a568694c96db7","62bba4441f582e723a1c9bbbfc952f39a0416789","HAS_ITEM"
"fe3f0d472098f61237606c936d6a568694c96db7","c2f9ba3c5b3bb0d9de2f96b3df3dfec832458792","HAS_ITEM"
"fe3f0d472098f61237606c936d6a568694c96db7","c05e1fd064ce00b20812d7ebef9675d61c79a6ad","HAS_ITEM"
"fe3f0d472098f61237606c936d6a568694c96db7","7bb0dd870a54fef50c321097037f16df33787f97","HAS_ITEM"
"fe3f0d472098f61237606c936d6a568694c96db7","5c7e7a65f32f3d79d489035a924c76b890f69871","HAS_ITEM"
"4d90c282db0dd426d4dde6e3fdc30a85ccffa62a","186e1d2db3917fcc7e8d5419ca31dd282f72509a","HAS_ITEM"
"4d90c282db0dd426d4dde6e3fdc30a85ccffa62a","887b5ba85a5a66a39df87531ebf2db9129ee14b6","HAS_ITEM"
"61efa34bc978eecfa0d570a85652a067360c42f9","771063637c684de793d6eece0f5cd6ba14b47c0e","HAS_ITEM"
"61efa34bc978eecfa0d570a85652a067360c42f9","f58524782af98b69880b1239f925e7118fc8ebe6","HAS_ITEM"
"61efa34bc978eecfa0d570a85652a067360c42f9","00d095bd61d1fb5c71a38c5cc0739a2749456abf","HAS_ITEM"
"61efa34bc978eecfa0d570a85652a067360c42f9","932f09c14503b73228dd56df13135ae6c368d843","HAS_ITEM"
"61efa34bc978eecfa0d570a85652a067360c42f9","9601bce2b4ba23890161594a32f42932b9f2c337","HAS_ITEM"
"f401170e75457d01158edf1fbb2e6ac06018196c","3e2f93918d9307bccd995bb3efc1f983e842f0b3","HAS_ITEM"
"f401170e75457d01158edf1fbb2e6ac06018196c","7b063c96429e5b57431d28f3714743944342a620","HAS_ITEM"
"f401170e75457d01158edf1fbb2e6ac06018196c","3eff4aa3e23857244b8572ce4fa086fe21f901cb","HAS_ITEM"
"f401170e75457d01158edf1fbb2e6ac06018196c","a709126efb3972be4e135e2668482f54a1f6808d","HAS_ITEM"
"f401170e75457d01158edf1fbb2e6ac06018196c","63cc1465450f6ab86b3c37881d97020bf72d2ecb","HAS_ITEM"
"f401170e75457d01158edf1fbb2e6ac06018196c","7aee0540d220d80693f7115340b47fa794454ba8","HAS_ITEM"
"f401170e75457d01158edf1fbb2e6ac06018196c","a78e0195854c4694d751270d9d6dc37e1ed69489","HAS_ITEM"
"f401170e75457d01158edf1fbb2e6ac06018196c","d8a841c9c11f0f121eff128289f252298e17524a","HAS_ITEM"
"f401170e75457d01158edf1fbb2e6ac06018196c","e7a0e38cf832d448590159bc3c666d315ac8a81c","HAS_ITEM"
"f401170e75457d01158edf1fbb2e6ac06018196c","375997d0d9f33019b539e76da6eec5eceaf7a712","HAS_ITEM"
"bba7ca47b8d74faad52697dfc7f45ba77b547cb6","c45a642aaef8abb12d5fa891d9734cfa0e7a4d93","HAS_ITEM"
"bba7ca47b8d74faad52697dfc7f45ba77b547cb6","d975d3fedc82d7da584ee4289f523805bec5da30","HAS_ITEM"
"af8a73e11796aa2a9d6fb90dab9020c649ae4690","54e37aa05e38eb1f08d7ef08db277719ff7d168f","HAS_ITEM"
"af8a73e11796aa2a9d6fb90dab9020c649ae4690","cfd45da105b40271529c9af4cac437c5f12525be","HAS_ITEM"
"062db93c7cd0051cc6f3c8160901cdeef6c24363","615724e098f0efbc36f43afa909366b759900c3a","HAS_ITEM"
"062db93c7cd0051cc6f3c8160901cdeef6c24363","2e0a1c3930b08a9b61f488334786e6d62d5b17ab","HAS_ITEM"
"062db93c7cd0051cc6f3c8160901cdeef6c24363","b55ca8be11c4d4bfa89f96070ddec346c5105a1f","HAS_ITEM"
"062db93c7cd0051cc6f3c8160901cdeef6c24363","600d7d0fea50078de9f42928c15c373ae647e538","HAS_ITEM"
"062db93c7cd0051cc6f3c8160901cdeef6c24363","50fa4bc4b9236c7540e52ec358d016ddb4a2a2f7","HAS_ITEM"
"cdc57a2bc01a448a68ac9bfabc3a578239d661f3","3aecbd8a229d6f8d68db56172bee9e3e4b3929c7","HAS_ITEM"
"cdc57a2bc01a448a68ac9bfabc3a578239d661f3","c5f59e7a1de57c65d7daf3d50c1e949a37464977","HAS_ITEM"
"cdc57a2bc01a448a68ac9bfabc3a578239d661f3","55df6a61ecdf36e653efef32927d0cd580b7f359","HAS_ITEM"
"cdc57a2bc01a448a68ac9bfabc3a578239d661f3","4786390dc0036f18bb022666b81702f2c4823f99","HAS_ITEM"
"cdc57a2bc01a448a68ac9bfabc3a578239d661f3","4dc388c5e96738de50e8308321a12094935ebb3d","HAS_ITEM"
"78e913e59bfe7370caefdd70bfa936eea2bcdd6e","930605e1249606da78115d9de3c3604c4f74b9f3","HAS_ITEM"
"78e913e59bfe7370caefdd70bfa936eea2bcdd6e","9e644f29cb718434f89c298d6a423af16229156a","HAS_ITEM"
"78e913e59bfe7370caefdd70bfa936eea2bcdd6e","07c1019acd243d18c82f34a2259290c1e3e2fada","HAS_ITEM"
"78e913e59bfe7370caefdd70bfa936eea2bcdd6e","3a0de29323d8be0e818f381ed1427067f5c8a92f","HAS_ITEM"
"31d77f3fc3c19f5a7b170e1bd27d39f6df31c725","4aeac0b6e04e83fac0f631114ca06b345e9fe1e3","HAS_ITEM"
"31d77f3fc3c19f5a7b170e1bd27d39f6df31c725","cca0644bbf812aef473666ac93b9cf7447361e82","HAS_ITEM"
"31d77f3fc3c19f5a7b170e1bd27d39f6df31c725","d18c92e5bdc3a18efdc1dcf00af63349cb017d71","HAS_ITEM"
"31d77f3fc3c19f5a7b170e1bd27d39f6df31c725","2b773237047707cc2076ff8991541c79c6c07fe7","HAS_ITEM"
"31d77f3fc3c19f5a7b170e1bd27d39f6df31c725","13a77f1f6444600c590e8fc508ffcc3b16a2675d","HAS_ITEM"
"31d77f3fc3c19f5a7b170e1bd27d39f6df31c725","b94e90d4554b8bd5206a3bd97183c535b84016e0","HAS_ITEM"
"31d77f3fc3c19f5a7b170e1bd27d39f6df31c725","423753a5c4356d692a3a67afd018a845cae05eed","HAS_ITEM"
"31d77f3fc3c19f5a7b170e1bd27d39f6df31c725","fa8137b708f726cb7152ae1081974b2b27d77ea4","HAS_ITEM"
"31d77f3fc3c19f5a7b170e1bd27d39f6df31c725","32227355290b810156794c0f96e1d95ec5219525","HAS_ITEM"
"2825d3e6de356576c971ebe8a479346420bfe989","a6574d2bf37753f1647af8d502fe82342099ffd8","HAS_ITEM"
"2825d3e6de356576c971ebe8a479346420bfe989","bae094477274eac48c1bc796f32e3969cd44a806","HAS_ITEM"
"2825d3e6de356576c971ebe8a479346420bfe989","5d3172d3a66b579fcb06389a9d0e89ed7cc94170","HAS_ITEM"
"2825d3e6de356576c971ebe8a479346420bfe989","23472022b5fe949359c32c2c2ec800687b2fd879","HAS_ITEM"
"2825d3e6de356576c971ebe8a479346420bfe989","c86e8f239430dd6f0a0e6afce8f5e1f97cceda5b","HAS_ITEM"
"c9ff324f73d7811c3f1955ee21c6ce4897306880","a4c031fc5d908ec835b046055cef2279744b6e42","HAS_ITEM"
"c9ff324f73d7811c3f1955ee21c6ce4897306880","7f0f472b6de4a2afb7c95d7d42f26d38ff57a3e9","HAS_ITEM"
"c9ff324f73d7811c3f1955ee21c6ce4897306880","7b23d44a12a1dc3f8e2cdf4bc8668057328651d1","HAS_ITEM"
"c9ff324f73d7811c3f1955ee21c6ce4897306880","7c533ce6a84cb3c7eab625f31500eec2ef117a8d","HAS_ITEM"
"d820bef20691c1175a4c6c28325d418d4557b5e3","f0b1fc963bb16a96d05e7284c94d077deed4508e","HAS_ITEM"
"d820bef20691c1175a4c6c28325d418d4557b5e3","93c9fc462f83cad52fa7c142e8d7dd9730452ac9","HAS_ITEM"
"aee35df04ce489f1e0da76263febe534a562c97b","6c2dddd6b38b406d52098d82b70df43f4193d97e","HAS_ITEM"
"aee35df04ce489f1e0da76263febe534a562c97b","c894c26e4affab94fea0ffc3020204166718c389","HAS_ITEM"
"aee35df04ce489f1e0da76263febe534a562c97b","d98ac37634544bcec47c9836d4fabea9c40418c3","HAS_ITEM"
"aee35df04ce489f1e0da76263febe534a562c97b","ae8b4bb33449a93b8b922b7a65fe8b211793a0aa","HAS_ITEM"
"aee35df04ce489f1e0da76263febe534a562c97b","6d9f50c2d276ef5e73b4c32151f8bca75ede2b48","HAS_ITEM"
"b5293208941763eb1948173f0430b0737e20ce05","37ccfd3f87593edbb733b57f9b4a230ceef5dfa0","HAS_ITEM"
"b5293208941763eb1948173f0430b0737e20ce05","84033ca31f319d76cedf84c47794853ec10a366b","HAS_ITEM"
"b5293208941763eb1948173f0430b0737e20ce05","70f87ec2a076e550e6a59f305490d9df72cbc97f","HAS_ITEM"
"b5293208941763eb1948173f0430b0737e20ce05","8a9aac1feca7e29217c879fe9a7bee257c268adc","HAS_ITEM"
"e2880ce792f5a8916f937e5c522486c790bd78df","191083af8ab85f45bce5f7bd3eb74622aed95ee5","HAS_ITEM"
"e2880ce792f5a8916f937e5c522486c790bd78df","2e8ed3724224262eddd585d4c9dbbd5b1192435d","HAS_ITEM"
"aaf16ccd28f13bcfa57921bffc01b88a0239f7c6","ae05208c0e03bdc354d203f233bee0b19cd05f1b","HAS_ITEM"
"aaf16ccd28f13bcfa57921bffc01b88a0239f7c6","f3669c109474d883f48aa2a1c2c3e414f24a7eb7","HAS_ITEM"
"69b19fcdc40cc9c1504f88ed19562b41c6de75f1","9b21fcc615b599821b59031bbe98373203c47f2c","HAS_ITEM"
"69b19fcdc40cc9c1504f88ed19562b41c6de75f1","06a6caafbf8b535e92c2619f5972d4b3c8e437c2","HAS_ITEM"
"69b19fcdc40cc9c1504f88ed19562b41c6de75f1","c15139158512a39e700a5a7e06c0e02307d4161e","HAS_ITEM"
"69b19fcdc40cc9c1504f88ed19562b41c6de75f1","a2475d7fe4892bd755306a214747bffc82c4c3c9","HAS_ITEM"
"e11fa010ec480d2d1d6c9f90fb7048668707677b","10fa1755a57f743a784571027a661b2440e130b7","HAS_ITEM"
"e11fa010ec480d2d1d6c9f90fb7048668707677b","c80c9bda86c240c800f4056a628e1f587dadbc0e","HAS_ITEM"
"e11fa010ec480d2d1d6c9f90fb7048668707677b","67e3848f007b3299b3e61231fb9411d12f75dfae","HAS_ITEM"
"e11fa010ec480d2d1d6c9f90fb7048668707677b","41aca19842ac532169d1c33addba7bcf020c48b3","HAS_ITEM"
"e11fa010ec480d2d1d6c9f90fb7048668707677b","0aaf58ea3bcd818a28d50d4e13f383fed3c954db","HAS_ITEM"
"e11fa010ec480d2d1d6c9f90fb7048668707677b","cb8a576242261b47b4b18c82997e805cd8db9aa8","HAS_ITEM"
"ec2449b7c81fb206513fc58fc8bfb94fa90844ae","4f7f473deac7afb0cbc3294c0f2f93b4766b93ee","HAS_ITEM"
"ec2449b7c81fb206513fc58fc8bfb94fa90844ae","7937db38fd3efb57694ef062388f9acb8cce11af","HAS_ITEM"
"ec2449b7c81fb206513fc58fc8bfb94fa90844ae","494b970d11d77ba454b688a8713c62c452ccd957","HAS_ITEM"
"49b0ec34582cdfc293acb1b0733593e64628c76e","ea75808533ac335a19ab0e79848ad3ac63d9be67","HAS_ITEM"
"49b0ec34582cdfc293acb1b0733593e64628c76e","21bae8e84e44a4e5adf49009eb574e364b2e6e12","HAS_ITEM"
"49b0ec34582cdfc293acb1b0733593e64628c76e","6aa0489bfc8c60a8479c827abdbf4485f52a56e4","HAS_ITEM"
"4722f64570e986f18a3ae816e08f2148aae26a43","998d31d3dcaed3704820d1d6b420753a93acc989","HAS_ITEM"
"4722f64570e986f18a3ae816e08f2148aae26a43","3d00f5cdc57281061d4cd34437d6495f8f745210","HAS_ITEM"
"4477f300a202b03f252da728206e49a5d876b13e","badbfb2df216aa362788925bccb237aabb89185f","HAS_ITEM"
"4477f300a202b03f252da728206e49a5d876b13e","17de1d70e24050ec0d51aa2f6855a11cb85bb808","HAS_ITEM"
"4477f300a202b03f252da728206e49a5d876b13e","202276e0fbf615117b0927fc23442ea21efabee3","HAS_ITEM"
"4477f300a202b03f252da728206e49a5d876b13e","e41e205b32387550b4d6b9c6f021d97d8702a564","HAS_ITEM"
"4477f300a202b03f252da728206e49a5d876b13e","6543b3ce50324ea988f38766c35cf030b679c589","HAS_ITEM"
"4477f300a202b03f252da728206e49a5d876b13e","e619c893f7503ff272a6414051982ef004c2185f","HAS_ITEM"
"3e7ee75c6d5ab3f2cb958b6152f3cd0de493f06a","e2b3ff6b3110c495134e7177e9be6bbc3fbeb8a1","HAS_ITEM"
"3e7ee75c6d5ab3f2cb958b6152f3cd0de493f06a","734de990ef8d143c6ed3c30b0e2198f092107905","HAS_ITEM"
"3e7ee75c6d5ab3f2cb958b6152f3cd0de493f06a","4a9bc91a9a8caaa03fa7339e040b46f7734f5ecd","HAS_ITEM"
"3e7ee75c6d5ab3f2cb958b6152f3cd0de493f06a","89ebad76e379f705b2501df299f13e5aa5eb051c","HAS_ITEM"
"7e15a64994e315b771dad009c4a9257a798b25f9","6524745ee030f2a6aba1d8563db5f6ee6bb5c71b","HAS_ITEM"
"7e15a64994e315b771dad009c4a9257a798b25f9","5ec65e1d5b4863d1e96d236e585a416316881ba9","HAS_ITEM"
"7e15a64994e315b771dad009c4a9257a798b25f9","64d8611701c7f3106e56887577b6329f989bb267","HAS_ITEM"
"7e15a64994e315b771dad009c4a9257a798b25f9","3c5156abbfb682a18294e90ebfc099b46959e1ab","HAS_ITEM"
"e5c8dfb400c3c253aae6c1325877ce4bde021bcb","4e39d9927017e14a96a4b3119b90f3d9e347fd31","HAS_ITEM"
"e5c8dfb400c3c253aae6c1325877ce4bde021bcb","eed845e78481b4ce81f094f482663eb64af27471","HAS_ITEM"
"7b1df867b4147e3f107274f0b04a4b94d74457c7","008fa1fc3cf1765033b7bc0af6a8d5d56a9f22f3","HAS_ITEM"
"7b1df867b4147e3f107274f0b04a4b94d74457c7","0fa8e33514e0fa40a199afca5abe6333e98011cc","HAS_ITEM"
"24b11951cf6388c4efb914b92dcad5875f593ec7","d5e53459ffb66631dfccc6548e37d3cc1d2fef33","HAS_ITEM"
"24b11951cf6388c4efb914b92dcad5875f593ec7","dfbf66d7eb1e2383df2da4902782104e6cc8a2e4","HAS_ITEM"
"24b11951cf6388c4efb914b92dcad5875f593ec7","1308b12ab81399fd62c996ecc01415654de86122","HAS_ITEM"
"125b117c0d538004a882a7f355dae8f4f200e2d6","493602cec59a5913690f19fea1ad563c16ba5704","HAS_ITEM"
"125b117c0d538004a882a7f355dae8f4f200e2d6","6dc9537a353c6aca0cfabf901d36125197a543b2","HAS_ITEM"
"4b5e520b49d1f36a3647e5171688472e63b4bc9e","8f5c545982960d74f21d3ea1fb89b20f8e986cd8","HAS_ITEM"
"4b5e520b49d1f36a3647e5171688472e63b4bc9e","c51102630dd0fd7f08480feec6eb8982f8ba725b","HAS_ITEM"
"4b5e520b49d1f36a3647e5171688472e63b4bc9e","ff09b80a8cb8707c1556ce2bae9261cd2a6b4223","HAS_ITEM"
"4b5e520b49d1f36a3647e5171688472e63b4bc9e","8bc11bdd068b43b3e9ecf5703d859371ee38d223","HAS_ITEM"
"6c18864d92a1c1a6855e04b59e358da043ec6d1b","3a3719f62a27fc72bfd211617fdd23f20dc84e8c","HAS_ITEM"
"6c18864d92a1c1a6855e04b59e358da043ec6d1b","941f80d914239bd255ba5ca578c97e3632506f3c","HAS_ITEM"
"6c18864d92a1c1a6855e04b59e358da043ec6d1b","1d7014d26e29e55405ffd43501c7b7087e53650f","HAS_ITEM"
"2a14d0185b3fb79699554c362b6b7a68e0a820a5","32cdf9efa25eb4c50210b7b691a452f503d12e49","HAS_ITEM"
"2a14d0185b3fb79699554c362b6b7a68e0a820a5","b5b3ab857a7ac8c541b4736e12d766670987a0aa","HAS_ITEM"
"8f33976aa9a98bd01720256a615754d3d59955cd","37d65a4daab36601a6f14da01d0b470caf577bcc","HAS_ITEM"
"8f33976aa9a98bd01720256a615754d3d59955cd","1c9d07b9f0974ee8a66f7fce27d6baf50bffc43f","HAS_ITEM"
"a0f9eaad6cc58d4a813ffdc55232df3652145846","9fc316da4e589fb2da684688e1673562b22ca117","HAS_ITEM"
"a0f9eaad6cc58d4a813ffdc55232df3652145846","4ba79c45316a191b61eaab19afdc259ff8cbc201","HAS_ITEM"
"a0f9eaad6cc58d4a813ffdc55232df3652145846","71c33fb743fb8c2c15404139c0cff3fd2560aa93","HAS_ITEM"
"74336b18c53f67518ae12b4bf88523e9dfa7772a","c3e62baf34197d4dfe0038ef2789f6c333be2a8a","HAS_ITEM"
"74336b18c53f67518ae12b4bf88523e9dfa7772a","657600809b58cf64d0c966791d6b79b6fd889945","HAS_ITEM"
"74336b18c53f67518ae12b4bf88523e9dfa7772a","b7069bd2feefb9a996c99cce9bb60007c4f33433","HAS_ITEM"
"74336b18c53f67518ae12b4bf88523e9dfa7772a","2427e3bd661b120ff0db1574eeef39197702ade7","HAS_ITEM"
"3a71a49fcda69c11396462508fa9aabb7a51ccea","f8f9f022f33c7d44aee2b957a2d55c10f2daa32e","HAS_ITEM"
"3a71a49fcda69c11396462508fa9aabb7a51ccea","f4242bd7653729da963f03e884ca62953744e8b2","HAS_ITEM"
"3a71a49fcda69c11396462508fa9aabb7a51ccea","ae4d0af05f54d271dfa155657fe5462d07e6d85f","HAS_ITEM"
"3a71a49fcda69c11396462508fa9aabb7a51ccea","13144c25aa2ad8a54884d2debb4329222a613496","HAS_ITEM"
"d2b0a6df2aebf808343870f743f49455a4cb93b9","f9aecdd4a48847214b5bb41c5ba5edff9adb3440","HAS_ITEM"
"d2b0a6df2aebf808343870f743f49455a4cb93b9","cc65451a2a491ab70e9587e8b5e475870e6e9264","HAS_ITEM"
"d2b0a6df2aebf808343870f743f49455a4cb93b9","07c3a716187c90478972ee5e3f99b8ef891fd022","HAS_ITEM"
"d2b0a6df2aebf808343870f743f49455a4cb93b9","30721cd5ee42bf90cbadfa10c7817b49a155b1e9","HAS_ITEM"
"20da65c2c662907dfc7cb44ee309a7163effd94d","085e625310bc36a68d95eb153d9e1af428657e59","HAS_ITEM"
"20da65c2c662907dfc7cb44ee309a7163effd94d","47c2b7d1667fa630ae9f9c85d1311274fe7bd620","HAS_ITEM"
"20da65c2c662907dfc7cb44ee309a7163effd94d","70a94292f51741733dcb7f7ae6ba77f934d2d68a","HAS_ITEM"
"20da65c2c662907dfc7cb44ee309a7163effd94d","ede8be3574b25d392dd6ca6cb39e9c9635b07be3","HAS_ITEM"
"6ee8d0b4e10815a681cf5cafd8558ab086118ec5","98feb55acbbf5991f11826104a1ce2403721a851","HAS_ITEM"
"6ee8d0b4e10815a681cf5cafd8558ab086118ec5","14a6d5a69ad4ffa67f2e77a779309902ade5f2d1","HAS_ITEM"
"6ee8d0b4e10815a681cf5cafd8558ab086118ec5","0348ebe5f06edd17225d0dbd02525add75ad7386","HAS_ITEM"
"6ee8d0b4e10815a681cf5cafd8558ab086118ec5","db59eab99237228d554a6911f59bfa1b887ea303","HAS_ITEM"
"6ee8d0b4e10815a681cf5cafd8558ab086118ec5","885b9d51000705b445c5523c35be8218e4ba04ba","HAS_ITEM"
"6ee8d0b4e10815a681cf5cafd8558ab086118ec5","a22e3ca6e79409d43c0f831475a7dfcaf6dfdb60","HAS_ITEM"
"6ee8d0b4e10815a681cf5cafd8558ab086118ec5","f17f343189cae5cb294722445b0365057edef6ff","HAS_ITEM"
"6ee8d0b4e10815a681cf5cafd8558ab086118ec5","c8eb3a8d1dac64ad2c6e8e5b5aaf433e64f8431e","HAS_ITEM"
"6ee8d0b4e10815a681cf5cafd8558ab086118ec5","69c3f3127ac81bbd70ec14a01698677fe8568b13","HAS_ITEM"
"e7ca160bfbe6ce352c53cb65646cdd2340ca9145","280c71835569ce13b9aa9792fb6ba590b3de8ec4","HAS_ITEM"
"e7ca160bfbe6ce352c53cb65646cdd2340ca9145","a08461f97886d1f4d75e7a41290f5ca71a963582","HAS_ITEM"
"d62919bca41d0bb3f11838ec2bd5a864a9b28a65","f8b042c3077f576548230444fe11f104b46a91c2","HAS_ITEM"
"d62919bca41d0bb3f11838ec2bd5a864a9b28a65","ac1be5edb4a35fb99a5059900f6d4b2d0863456a","HAS_ITEM"
"d62919bca41d0bb3f11838ec2bd5a864a9b28a65","80d324c199226f35ad1a383751bf88f326de0380","HAS_ITEM"
"d62919bca41d0bb3f11838ec2bd5a864a9b28a65","064827d63d91da622bf4a9fa0982c73f0021808c","HAS_ITEM"
"d87db096d6ca1d95d80500b2ce632c4ba841973c","92b85e164f0395e64df369db17f14a4abd69f3b0","HAS_ITEM"
"d87db096d6ca1d95d80500b2ce632c4ba841973c","395575047bfb90d8a3d5de72e9c7e275d0812d21","HAS_ITEM"
"d87db096d6ca1d95d80500b2ce632c4ba841973c","156bc503c8d77ff124f9421921e1f8e07b125b53","HAS_ITEM"
"d87db096d6ca1d95d80500b2ce632c4ba841973c","c3a30b2b5df980b27463992cc2e344abfb0ef6b3","HAS_ITEM"
"d87db096d6ca1d95d80500b2ce632c4ba841973c","06ebc183124b69814c83d3f343e9b6b0c2ca4623","HAS_ITEM"
"d87db096d6ca1d95d80500b2ce632c4ba841973c","a848c8f85144c05cde0e9556994ef634942c6442","HAS_ITEM"
"d87db096d6ca1d95d80500b2ce632c4ba841973c","32da705fe45209ab78dcee468fdf75ebcf0e3762","HAS_ITEM"
"d87db096d6ca1d95d80500b2ce632c4ba841973c","022b163a730cdfb1d36210787391b3b677d66c5a","HAS_ITEM"
"d87db096d6ca1d95d80500b2ce632c4ba841973c","2c45d70d03d31d04616d38c3828c667da0745079","HAS_ITEM"
"d93d1e3a33ef04e552e0e5c8120373af0ae6530d","d604a46648d30bb747af61bbe35b1d141841d3ac","HAS_ITEM"
"d93d1e3a33ef04e552e0e5c8120373af0ae6530d","fea361ffdee83784ba020c1ecec716b02dfbf391","HAS_ITEM"
"d93d1e3a33ef04e552e0e5c8120373af0ae6530d","4416e61dc80a1fc6bbf8b0f4663b9ff89b9e918d","HAS_ITEM"
"d93d1e3a33ef04e552e0e5c8120373af0ae6530d","08189101e9e3a5923f3b9e80210f19920003a1ce","HAS_ITEM"
"d93d1e3a33ef04e552e0e5c8120373af0ae6530d","79288ce5b630d00caeab5d075cfe2e0a0ed13b65","HAS_ITEM"
"d93d1e3a33ef04e552e0e5c8120373af0ae6530d","93a636f0a6c3391dad9ab3950f9f3159f4bf29b9","HAS_ITEM"
"d93d1e3a33ef04e552e0e5c8120373af0ae6530d","46ac92e99f0b7a5f3eb3ae56cf229a4905fdd9e7","HAS_ITEM"
"2a2fa202832083167c89a214b26e03bfee1deb0a","81f55f056c3ee10da7695398c71eb832ccf2a3ec","HAS_ITEM"
"2a2fa202832083167c89a214b26e03bfee1deb0a","77f39d84d91b7ad02bbf632c6206164607e98799","HAS_ITEM"
"599068f6607a06699bb35f7ca65391a447e036ca","9b5bfe53f4ea7742dfa3435f882d416e14965cfe","HAS_ITEM"
"599068f6607a06699bb35f7ca65391a447e036ca","cae8d542bfe427b2411d818d07b52902a32332bf","HAS_ITEM"
"599068f6607a06699bb35f7ca65391a447e036ca","e9507f998c56850709ba29c67eb886ac7e3e6fa6","HAS_ITEM"
"599068f6607a06699bb35f7ca65391a447e036ca","66718167d35f79a1cc98f7f00901229cd90f505f","HAS_ITEM"
"599068f6607a06699bb35f7ca65391a447e036ca","6b8c89ad844b0acaeec7009d735d1715e08fe967","HAS_ITEM"
"599068f6607a06699bb35f7ca65391a447e036ca","46da7d26ba4b8d07992a3707a71254bd5eae4e57","HAS_ITEM"
"da280a40b75815a4f8561a0c84774c43989f20fa","113f57ee810a614716042484c9674d38fd4d92e2","HAS_ITEM"
"da280a40b75815a4f8561a0c84774c43989f20fa","284fb0a8e93d9f1eb8a8c15a5030ccb85b051f7e","HAS_ITEM"
"da280a40b75815a4f8561a0c84774c43989f20fa","3b40942f95def7011409cbe12198f642f42f29e5","HAS_ITEM"
"da280a40b75815a4f8561a0c84774c43989f20fa","8af01ba69b40828b2a9624a296501f87d737762f","HAS_ITEM"
"8b863d9d0972881b01bea8b7aec39e002e12fa08","54fd98a85debecb465157a860642e70f526e881d","HAS_ITEM"
"8b863d9d0972881b01bea8b7aec39e002e12fa08","f4cc6dfe36823dec7433c13cebaf8098f8fc7cfc","HAS_ITEM"
"8b863d9d0972881b01bea8b7aec39e002e12fa08","5da081b03148c8aecedeeaf11637365b6915db31","HAS_ITEM"
"8b863d9d0972881b01bea8b7aec39e002e12fa08","e27c43c19bb5c06ab223af3b869ba42b16ca200a","HAS_ITEM"
"8b863d9d0972881b01bea8b7aec39e002e12fa08","95fd8bcd873b6cc06e3b528a4b820f87fa3622c3","HAS_ITEM"
"40d8086bc4f9f0d9151e6252ab05f489abeaccc7","047729e8659951170ee5773ab1104d17ca1152ee","HAS_ITEM"
"40d8086bc4f9f0d9151e6252ab05f489abeaccc7","620c1e42a8878dc9faae968fdd61d37bde643735","HAS_ITEM"
"7db6d8eeee6845a21da56986d63e6db0b99d1600","c0bd08c816fe296c70c6ab9fb926ce022d1ffc2b","HAS_ITEM"
"7db6d8eeee6845a21da56986d63e6db0b99d1600","32c7b03cda44be10349e35515e695d7331797e86","HAS_ITEM"
"7db6d8eeee6845a21da56986d63e6db0b99d1600","c982f71ccd432085bc6dda8271eabdeda57e4485","HAS_ITEM"
"7db6d8eeee6845a21da56986d63e6db0b99d1600","bfff38c62ec88a6ec06bffface72bac1d2026334","HAS_ITEM"
"7db6d8eeee6845a21da56986d63e6db0b99d1600","a353e5c80ab8147f8fc6f416a9806ee089b26692","HAS_ITEM"
"7db6d8eeee6845a21da56986d63e6db0b99d1600","26cdb837866fbbebed1b6d488a1c22257a8cf96b","HAS_ITEM"
"eeabdbce16e4176f3486aacbcb0b0ae3be3475f0","7e46d7f16258f88dda227fb794ea67d6aef67cdd","HAS_ITEM"
"eeabdbce16e4176f3486aacbcb0b0ae3be3475f0","fba16524b1c975603c94e1b56f323a8b166cc621","HAS_ITEM"
"77bb8a44932508b166861e89e2ef6ab0d3fea4d0","7c6e4a7c223fb53b5bab531bf03eec7110ff1491","HAS_ITEM"
"77bb8a44932508b166861e89e2ef6ab0d3fea4d0","48ae4a200430fdce0c46e6da12a28a973ef6c57c","HAS_ITEM"
"77bb8a44932508b166861e89e2ef6ab0d3fea4d0","08b68ea84cb092bf57cda90b3bc46a04b76617f7","HAS_ITEM"
"48262b840e585f931f1396d88f83f63776635ea8","f338ab14389d441879f27b7eb45394bb96ccc971","HAS_ITEM"
"48262b840e585f931f1396d88f83f63776635ea8","5e57cdaf2a68130cb4b9ffb2c5a7047f9342bbda","HAS_ITEM"
"48262b840e585f931f1396d88f83f63776635ea8","daecf83d65afc8ad67038d87f99114d85b913ce2","HAS_ITEM"
"48262b840e585f931f1396d88f83f63776635ea8","fd4fe4b7908f74d9374d26a20c88d232209570fd","HAS_ITEM"
"48262b840e585f931f1396d88f83f63776635ea8","567055ef76fc1fa2730352a3e345709ff1e2e1fb","HAS_ITEM"
"48262b840e585f931f1396d88f83f63776635ea8","ef3cbd99a85eda94df302f5a79b648ad48a1f047","HAS_ITEM"
"7fad553c966303ec3ab6ff565498151c94ee539d","587c6a8385f91c52e805334bbaa0d861ffa42ba0","HAS_ITEM"
"7fad553c966303ec3ab6ff565498151c94ee539d","b66d89221fc2ffb03bc132f9860e3cbcbe77e595","HAS_ITEM"
"7fad553c966303ec3ab6ff565498151c94ee539d","2f965bfe15e226f7594abe125f026e5e327213be","HAS_ITEM"
"7fad553c966303ec3ab6ff565498151c94ee539d","f531c1f4101e47ac2b212252a5ec2c4280151e56","HAS_ITEM"
"7fad553c966303ec3ab6ff565498151c94ee539d","43cd4add1063e4ea416ed98f04c65abb887e5b89","HAS_ITEM"
"89286252e7cf0aab2f75665326070206467501c9","7f11e769eab4dd90fb70939d69454cf2d8945c15","HAS_ITEM"
"89286252e7cf0aab2f75665326070206467501c9","f2dd19e314047d0e94e36376c856349efdac507a","HAS_ITEM"
"89286252e7cf0aab2f75665326070206467501c9","d0e724d6d2f167cc01cd2d1246f2ceb8afd437ed","HAS_ITEM"
"89286252e7cf0aab2f75665326070206467501c9","d70faf320a087a5bc8b9f57c31016a05338e90ad","HAS_ITEM"
"1b0d747b2771fa821bd818f823c818bde86a5a67","28e86e00019d5ab1a8604c7fec69b56fab30083c","HAS_ITEM"
"1b0d747b2771fa821bd818f823c818bde86a5a67","fb95747a3c749b6e24654004216d2b776b3440a5","HAS_ITEM"
"1b0d747b2771fa821bd818f823c818bde86a5a67","a72eec9f7ea768b7f957ed720295668cf0def04c","HAS_ITEM"
"1b0d747b2771fa821bd818f823c818bde86a5a67","9de23e4445cd15e32775347905fc8308f4c9c483","HAS_ITEM"
"1b0d747b2771fa821bd818f823c818bde86a5a67","96ca6df6d98b710db590b00580be2d3616f06073","HAS_ITEM"
"444d0ab72c8ce1e263f654393a6354f91351154a","4d836b434db36fd3be67597cd67a5bed3ce5a014","HAS_ITEM"
"444d0ab72c8ce1e263f654393a6354f91351154a","c2901246485bd207a05e8cf0350bed16eef5f03a","HAS_ITEM"
"444d0ab72c8ce1e263f654393a6354f91351154a","1f3283a20ca82db2c86f43896517a4b9f7263b59","HAS_ITEM"
"444d0ab72c8ce1e263f654393a6354f91351154a","cd2a8f45368e98f7979fc522c05b42d18c9f0256","HAS_ITEM"
"444d0ab72c8ce1e263f654393a6354f91351154a","6348c197cab6d469d1019b48ce8d4e3f8acc379d","HAS_ITEM"
"444d0ab72c8ce1e263f654393a6354f91351154a","03aff0709d9a0a7cb0f9476d7b25066e2ff84a70","HAS_ITEM"
"82fac9de08eac0af39261da37e5ea615c98f8ea4","3b52d00af042f190764057df920dc66c18a6d4f9","HAS_ITEM"
"82fac9de08eac0af39261da37e5ea615c98f8ea4","7024d7c840f0ea7968afb9c93a29c0c6ede01cd6","HAS_ITEM"
"82fac9de08eac0af39261da37e5ea615c98f8ea4","cebcc641910c7e916e6fc1808f839570e1a41762","HAS_ITEM"
"82fac9de08eac0af39261da37e5ea615c98f8ea4","85098a2e9816ce59d889887a4555ff6e243b2b55","HAS_ITEM"
"82fac9de08eac0af39261da37e5ea615c98f8ea4","6b20a77cdb5b4eb5adbf1f8ed167b38f4472d8ef","HAS_ITEM"
"82fac9de08eac0af39261da37e5ea615c98f8ea4","aac66ef1f56094ed4006d34331f5fa22a7e0e24f","HAS_ITEM"
"82fac9de08eac0af39261da37e5ea615c98f8ea4","f61b31db44c2c0eb7ff6c5f866050acc7d5465e7","HAS_ITEM"
"82fac9de08eac0af39261da37e5ea615c98f8ea4","0f260b22102a636c886c6e4d2ab06a283ed4fd68","HAS_ITEM"
"82fac9de08eac0af39261da37e5ea615c98f8ea4","8570b934eea4a951b428a4146019127a50e136ef","HAS_ITEM"
"82fac9de08eac0af39261da37e5ea615c98f8ea4","1c318960bf0376b97efa8d31908b31b4633cba60","HAS_ITEM"
"7586e30d12d1a5114bff9486f4d3dd6d7122910a","95521712d664fc43d5731cb98f333224220d92ee","HAS_ITEM"
"7586e30d12d1a5114bff9486f4d3dd6d7122910a","b48cdbc8ad02234d06af43a1d344b4f5b14c7c85","HAS_ITEM"
"7586e30d12d1a5114bff9486f4d3dd6d7122910a","c36bf01eb7e4a3a051cb7d1afdd18012c84cf33d","HAS_ITEM"
"817b420fd18fee373d91bc41aa6107fddbaa5021","a7a73d7624f941630c6766b98937f9625cb3b028","HAS_ITEM"
"817b420fd18fee373d91bc41aa6107fddbaa5021","24fe98e1419dec3a4c11cc7d76068d4489cb36ca","HAS_ITEM"
"817b420fd18fee373d91bc41aa6107fddbaa5021","51ed2c0d7113478441743d11b355a0037911bcbe","HAS_ITEM"
"817b420fd18fee373d91bc41aa6107fddbaa5021","1411b927d33b2a7ff2417653f97984b7ebdb3bfa","HAS_ITEM"
"817b420fd18fee373d91bc41aa6107fddbaa5021","dbfd4f0d1cdf12f88770f79eb467c1966c764883","HAS_ITEM"
"817b420fd18fee373d91bc41aa6107fddbaa5021","9438d75773967efdb965471eb05b14478b28deb7","HAS_ITEM"
"cf27b1299de746e9ee7f0330f5d744b16dbb750d","5daea68fad1ed09de36ba4d76d05dcc8ba3cbfd8","HAS_ITEM"
"cf27b1299de746e9ee7f0330f5d744b16dbb750d","45f491303f9d61ad988fb120b58f42c1e4709fae","HAS_ITEM"
"cf27b1299de746e9ee7f0330f5d744b16dbb750d","8fe58a10e43fa1fff3b8a64a1ef9aa12625b877d","HAS_ITEM"
"cf27b1299de746e9ee7f0330f5d744b16dbb750d","e1c8ee097429bf00933fc1a920f7f88b2182f5d6","HAS_ITEM"
"cf27b1299de746e9ee7f0330f5d744b16dbb750d","6805f3c05405795ea5a8455f7b7bdca5580f709e","HAS_ITEM"
"cf27b1299de746e9ee7f0330f5d744b16dbb750d","56a0a3f1e1e385e98b337a6c0c8782436c91a7db","HAS_ITEM"
"cf27b1299de746e9ee7f0330f5d744b16dbb750d","024932a1e718f2dcdb36e8ead8987b78df1904dc","HAS_ITEM"
"cf27b1299de746e9ee7f0330f5d744b16dbb750d","929f3d1983baac44d481798695758a71d02df6c8","HAS_ITEM"
"cf27b1299de746e9ee7f0330f5d744b16dbb750d","cd502bcb83dd37eed8d2e89c79c178c803946f98","HAS_ITEM"
"0f030e7a75f2e3da3f00f9cd087785426242bb67","dc93918c1fe3c38347b7f3dfd4cae6ed965922f3","HAS_ITEM"
"0f030e7a75f2e3da3f00f9cd087785426242bb67","9a12a3f4c7dba64fbfef0db26c6183bca5df0660","HAS_ITEM"
"0f030e7a75f2e3da3f00f9cd087785426242bb67","afd99153415b36ff91b0bc3161f553b32d088641","HAS_ITEM"
"6d8720096ca1bd1d9593a94344bb33009c1b8c9a","199c6fc45ac5c3a274b44be27d126dc7af3b8915","HAS_ITEM"
"6d8720096ca1bd1d9593a94344bb33009c1b8c9a","dbec9e36e77cd093a0e347a3c6fddf1800d2ff4c","HAS_ITEM"
"6d8720096ca1bd1d9593a94344bb33009c1b8c9a","6dde304bfd425969520561f71d824feac6505205","HAS_ITEM"
"6d8720096ca1bd1d9593a94344bb33009c1b8c9a","3a1d48774e0d306b1ff4aca224fb5a17654d1c53","HAS_ITEM"
"6d8720096ca1bd1d9593a94344bb33009c1b8c9a","96fa742c9c1b03b4d22b4fe7a7a55266f62d63c4","HAS_ITEM"
"6d8720096ca1bd1d9593a94344bb33009c1b8c9a","43694b63b2145dc56dba644e92eb54319d0cc2af","HAS_ITEM"
"6d8720096ca1bd1d9593a94344bb33009c1b8c9a","3e5db78802ce9622434fdd4b332cf6bf50457f41","HAS_ITEM"
"6d8720096ca1bd1d9593a94344bb33009c1b8c9a","b0a7b9a696bf97b23267146d71765d352ee0586f","HAS_ITEM"
"a3f6df850a37a8929e192d1054fd9584830ce368","e7e3529a89f8dd623761b960667b4655d68dcb3d","HAS_ITEM"
"a3f6df850a37a8929e192d1054fd9584830ce368","d41c3a53ae1523424e0c0708536ab498674ab68b","HAS_ITEM"
"a3f6df850a37a8929e192d1054fd9584830ce368","e139653cf4b406a37414fad66e8c15f44c049614","HAS_ITEM"
"1bf49c21a85bdcb406e49d6c6677b9f2488e588f","33461394b2e0071b4fd48f6cf9a092c4c6f175ab","HAS_ITEM"
"1bf49c21a85bdcb406e49d6c6677b9f2488e588f","592d262665408cfb2d12d30c37ff8e48815aa9d7","HAS_ITEM"
"1bf49c21a85bdcb406e49d6c6677b9f2488e588f","8033cd28664ba20178b2cc4e28570231b5f965de","HAS_ITEM"
"d3a508362f2258f31f4228925ec37846200f397d","61a11c90b43783144a373a04d54c2e966c2593d4","HAS_ITEM"
"d3a508362f2258f31f4228925ec37846200f397d","7afca1529cb987c63a71102537f0811e44ce816b","HAS_ITEM"
"d3a508362f2258f31f4228925ec37846200f397d","2db84d7aa2fbdc5c43ce703c7d7fc2db47e605c8","HAS_ITEM"
"d3a508362f2258f31f4228925ec37846200f397d","9accb0301136271da6168c3da0f6bcfb92495412","HAS_ITEM"
"7e0137459680b93b2ad6c30d19d50e123a339de8","bc5bf1375abd2161525f662b7c19d99723c4109d","HAS_ITEM"
"7e0137459680b93b2ad6c30d19d50e123a339de8","9c20a4e7d10f8d1e769ef75f231169d9349420e3","HAS_ITEM"
"7e0137459680b93b2ad6c30d19d50e123a339de8","3a731d0f29871ff08efc925c55d56f0b05c7ca3f","HAS_ITEM"
"3c73616557954ef85c6620f399e98f065ff94bf3","514af74df90ab2dfaac95f01567dfe12049d3917","HAS_ITEM"
"3c73616557954ef85c6620f399e98f065ff94bf3","db07969978fc487206bbb5de66452b4953bb133d","HAS_ITEM"
"3c73616557954ef85c6620f399e98f065ff94bf3","ad5cfe5133a9dd3e478ffdc72962362ed9eaa63b","HAS_ITEM"
"3c73616557954ef85c6620f399e98f065ff94bf3","211700f59c1a299a1fa948182425d8363834c671","HAS_ITEM"
"3c73616557954ef85c6620f399e98f065ff94bf3","922e1ba076053048caf99b47bb57e8ce1ee548e9","HAS_ITEM"
"3c73616557954ef85c6620f399e98f065ff94bf3","894889abaa02c59f71104a7cf8b342bf9255fecc","HAS_ITEM"
"69d44e0100becc8e2cdcf41021aa4f7e0ecf9a3d","085dfef74b941ad763b3428a4ad22f7ef34a8b7d","HAS_ITEM"
"69d44e0100becc8e2cdcf41021aa4f7e0ecf9a3d","e3924e0035e5e56a9e9de40c86e34eab708b4fc3","HAS_ITEM"
"69d44e0100becc8e2cdcf41021aa4f7e0ecf9a3d","986ba43de3854c3bc21c6bd563dd0cbb4f791b23","HAS_ITEM"
"d266420e311e15f880a7104c0fe1622a9b81441e","d4a21d94773e0e3045d006fd9a060a4d1a75599e","HAS_ITEM"
"d266420e311e15f880a7104c0fe1622a9b81441e","14bc8053175fdd7d56d971fc33e3f76bb4f85dc2","HAS_ITEM"
"d266420e311e15f880a7104c0fe1622a9b81441e","f63aa08b54c2a685c5fa90f4dda10fee96040e1b","HAS_ITEM"
"d266420e311e15f880a7104c0fe1622a9b81441e","d445b51341d38ae1fa4d57579e728b30aae97e23","HAS_ITEM"
"d266420e311e15f880a7104c0fe1622a9b81441e","4b2b77dd86d290316517130af0ab90a97cda1827","HAS_ITEM"
"d266420e311e15f880a7104c0fe1622a9b81441e","c9e87672b9fbe809e0d89475c420280e5c0ee097","HAS_ITEM"
"5d0f7f0f6aa8bbe1c693031cc4279294707db119","62fb1332bd87e6d902b03602aa9d99ec8fbbe22d","HAS_ITEM"
"5d0f7f0f6aa8bbe1c693031cc4279294707db119","cbdfb17a480b0b11d6824679a5a5bd245efd6f58","HAS_ITEM"
"e4afae202bad62ad22c2dddffbab3003b68677c6","794163e1638015b6bbf83a57e6177308d0ec6524","HAS_ITEM"
"e4afae202bad62ad22c2dddffbab3003b68677c6","a6f149f0bff68f8a8602c0ab33aab1888c0b5d07","HAS_ITEM"
"e4afae202bad62ad22c2dddffbab3003b68677c6","079f8912158a30e33c3adc0ffd881050ed413c2f","HAS_ITEM"
"78c1f140ee5088125fb7607002731583e571a0e7","3205feb6127d9114b6efa8550a57939870c7626f","HAS_ITEM"
"78c1f140ee5088125fb7607002731583e571a0e7","288d5a3fbf36f7f9cda593ab139bbca7f6fad065","HAS_ITEM"
"78c1f140ee5088125fb7607002731583e571a0e7","ec5d3c7f1bb6f390df1eb5c8c1bab5f4ba50bc5b","HAS_ITEM"
"78c1f140ee5088125fb7607002731583e571a0e7","88891e2671c1c6e92cee7296dac808af92fcd859","HAS_ITEM"
"78c1f140ee5088125fb7607002731583e571a0e7","be3e8d76086713c749eadbd747590587872e229b","HAS_ITEM"
"78c1f140ee5088125fb7607002731583e571a0e7","4cf621a2ad8842a4bfc115d6ebbf0095401ca664","HAS_ITEM"
"382fcf5ad3276fee74bcb0edbe361cd55c03e510","8a36c95a0e21b5656b432a987ccb7e45a432e0b1","HAS_ITEM"
"382fcf5ad3276fee74bcb0edbe361cd55c03e510","0657dd30cf13e4e804291339eecb7e0ddd8af73e","HAS_ITEM"
"382fcf5ad3276fee74bcb0edbe361cd55c03e510","cd0c9d755389bea9bdc99545dae32e33bcd4ece6","HAS_ITEM"
"382fcf5ad3276fee74bcb0edbe361cd55c03e510","d6cb4ceccc2445d1aa649a98269030aa302ae7cf","HAS_ITEM"
"382fcf5ad3276fee74bcb0edbe361cd55c03e510","d583cd1b83e020849447935cc593249a361d5cc5","HAS_ITEM"
"8827c029d7432802436185b33f0abe8d6aef73d6","25aca70978de4bbd61ac2c56e0ca6e4c30d4a3bd","HAS_ITEM"
"8827c029d7432802436185b33f0abe8d6aef73d6","e9c5de93aa9b22a41d63ec5cb762fe3ad91de854","HAS_ITEM"
"8827c029d7432802436185b33f0abe8d6aef73d6","a64602dedafe6186d4bdb37692b27c45b3f02a57","HAS_ITEM"
"8827c029d7432802436185b33f0abe8d6aef73d6","28dc758ff3bf6daf49617b6d31f65ab3c2db56e9","HAS_ITEM"
"503aea7d1cdc3a5230dc87c66a465f219404584b","ddcad069219e072aed3aec98c95d87e283a5403a","HAS_ITEM"
"503aea7d1cdc3a5230dc87c66a465f219404584b","83dbd1e90b9ea686fc2c9173a415bb0c656619cf","HAS_ITEM"
"503aea7d1cdc3a5230dc87c66a465f219404584b","4dcc990db240d837f5e08afe8be4c8015dfda524","HAS_ITEM"
"503aea7d1cdc3a5230dc87c66a465f219404584b","c0f7fa0720f1679c56ed2e9b661d7a09aca4ef13","HAS_ITEM"
"e6c46a6a80dee8f9899b77362173fdcb0b6283d4","67a352da948fdfb74d7d5f6b494664f081c62640","HAS_ITEM"
"e6c46a6a80dee8f9899b77362173fdcb0b6283d4","e5697cc7b38b1bf1a5fbe0d9e97b8935bffa72bf","HAS_ITEM"
"386bc7366d78e091d4b2501e4eb1cecbfd417d37","c10708727e765be9feebe3704e7f7b579618e329","HAS_ITEM"
"386bc7366d78e091d4b2501e4eb1cecbfd417d37","d9e8b6da5148666dc44585f6e7ac09df4ae7a97e","HAS_ITEM"
"386bc7366d78e091d4b2501e4eb1cecbfd417d37","94b43fc4ae9c710710345fdbb2d473f36858ea53","HAS_ITEM"
"386bc7366d78e091d4b2501e4eb1cecbfd417d37","1da21f4ea994de665f6e9c3cffb8ffa95b02a8e4","HAS_ITEM"
"e735e26168fdf944f437ca2c3e6102d91696540a","a1d739adc105ad248a716f1192c9a690a99fed80","HAS_ITEM"
"e735e26168fdf944f437ca2c3e6102d91696540a","e777a78083bdffecd7f251ed3d3b6a5da177ad66","HAS_ITEM"
"e735e26168fdf944f437ca2c3e6102d91696540a","95f099c0891556acbaf27f8e414608552f1ebaac","HAS_ITEM"
"e735e26168fdf944f437ca2c3e6102d91696540a","90306e2ab7092558e7cc6c052427be159d9170d2","HAS_ITEM"
"e735e26168fdf944f437ca2c3e6102d91696540a","6e7159e592bd526a9c79c15b15c45bd1b0ab286c","HAS_ITEM"
"e735e26168fdf944f437ca2c3e6102d91696540a","66a3f5df99031e14c927cc866102af25761922f6","HAS_ITEM"
"c40880ba41e940b7b32327dafba301c5fe7b03c6","2815c6bc9f48ce49a700fd85e33c04cdc6b8021e","HAS_ITEM"
"c40880ba41e940b7b32327dafba301c5fe7b03c6","ba4d374bb8ab12864b0eae16ec9b666ab68ebe09","HAS_ITEM"
"c5faed57fb50de2b66bf0b9066cb4d336e619abd","e715247c26b69aec16b3e9abafa8e8c73aab0208","HAS_ITEM"
"c5faed57fb50de2b66bf0b9066cb4d336e619abd","51c4ec852649c024e129553df0c935debca9224d","HAS_ITEM"
"c5faed57fb50de2b66bf0b9066cb4d336e619abd","096262cb38eb86d17522e2ef9c78ff0a8b0bf744","HAS_ITEM"
"9570772600c45431d689c4cdb11cb2b09c322f7d","dd1a580b79da119f82c32208b7cb14712e32a9d5","HAS_ITEM"
"9570772600c45431d689c4cdb11cb2b09c322f7d","5e0adebde49befe7cabace5d732b8d451b97c0ef","HAS_ITEM"
"9570772600c45431d689c4cdb11cb2b09c322f7d","d708ac3883b296e17451c04018cfd9d9148bcee6","HAS_ITEM"
"9570772600c45431d689c4cdb11cb2b09c322f7d","cd35351b4c6cc9b0163b383f0d72c2f97dbe3575","HAS_ITEM"
"9570772600c45431d689c4cdb11cb2b09c322f7d","991829d53da32615e4cfa40ac4e79e0b56020a85","HAS_ITEM"
"9570772600c45431d689c4cdb11cb2b09c322f7d","9ce584210addc98d89dbdf6f2445d445cabe162c","HAS_ITEM"
"9570772600c45431d689c4cdb11cb2b09c322f7d","a7ac16c71c6a554ece81c1b234bbfd983f985cdd","HAS_ITEM"
"e1969862a9132ec0f7bdcfa1d5a10c463bb7f056","45aed1ef000a0735e2face112951104264eba932","HAS_ITEM"
"e1969862a9132ec0f7bdcfa1d5a10c463bb7f056","7088c6ff085fd5aba3cbbb6f7cc21f58f2b662e5","HAS_ITEM"
"cd76c0e1b9fd6153e468905b55f429a3f8bbc998","fc6632b4525d9c9f134f4a9c3aea8a47b759df8c","HAS_ITEM"
"cd76c0e1b9fd6153e468905b55f429a3f8bbc998","c7e38410c0d0320b5a70a0531d4fb0ada04e785e","HAS_ITEM"
"cd76c0e1b9fd6153e468905b55f429a3f8bbc998","a5b4e819d7823c6fab0c20e15741b0803fd6cf76","HAS_ITEM"
"d8c487c5a81ff0540b69b25bd8eb57a52169cbff","1e06bbdee1fcc84baec324d6df0fae252a1dd397","HAS_ITEM"
"d8c487c5a81ff0540b69b25bd8eb57a52169cbff","70985d6205540d945a94cf6b030df8f5fe84276e","HAS_ITEM"
"d8c487c5a81ff0540b69b25bd8eb57a52169cbff","7b417cf80c0ba83f4609a08ae5dcff96b0e8b4cf","HAS_ITEM"
"d8c487c5a81ff0540b69b25bd8eb57a52169cbff","6ee14995d39541cca49e95ff247adf2422ada671","HAS_ITEM"
"5640960030b8746860e0d0b4759d84ccb2d20e2f","6a17160d15001990b0edd31b3b44833cca15874d","HAS_ITEM"
"5640960030b8746860e0d0b4759d84ccb2d20e2f","0ae400665dc71fd4671595f0623c25b952f22628","HAS_ITEM"
"5640960030b8746860e0d0b4759d84ccb2d20e2f","b1060879fe25fbd476f47ca8ffa13dd92f699385","HAS_ITEM"
"4cc043d5134c248fdb6b5eb1c6845909fd355912","7b39a49215d546e02d79e977615cab0ba46c159e","HAS_ITEM"
"4cc043d5134c248fdb6b5eb1c6845909fd355912","561d6f523e00c66d2f853b055ec4e73c34243fab","HAS_ITEM"
"4cc043d5134c248fdb6b5eb1c6845909fd355912","e2666a32f1e550209bea531e730224a024baa8d0","HAS_ITEM"
"cf80863eea66f9dcc2f54deba2d3739e66a6a1da","f92512b1da8a9a03d381f65cfe725e264af1fe36","HAS_ITEM"
"cf80863eea66f9dcc2f54deba2d3739e66a6a1da","8b87978fba081c114605085142f2e813746d5c13","HAS_ITEM"
"cf80863eea66f9dcc2f54deba2d3739e66a6a1da","5c6422fd6e0a8e804f4383a8b987416e115fd0ee","HAS_ITEM"
"9dd263405647275d09224c72da04be86155f7447","011606c0b1077c21f6042c9a28d1bdc18a414c0a","HAS_ITEM"
"9dd263405647275d09224c72da04be86155f7447","4455ce489dd7bb481bd9d1c89acdaa086858264b","HAS_ITEM"
"1aa3fde551f08ce07457a5a45b01f34571f7226f","9e634770b9c017b3c435d5d2517c950bef9cb64f","HAS_ITEM"
"1aa3fde551f08ce07457a5a45b01f34571f7226f","098e60d130b43d49b64cb11d6b4d0daaec991235","HAS_ITEM"
"1aa3fde551f08ce07457a5a45b01f34571f7226f","57dbf9b19c058966d00ddf47d6a567b5144fbdd8","HAS_ITEM"
"1aa3fde551f08ce07457a5a45b01f34571f7226f","1d6e66a629c17b0487539da2bb41f1a2d23f859a","HAS_ITEM"
"cf237ab07f5d4e7f7e36a4341029f587c7e69dba","ed6d1326482b2e3f240b16d4cdece25d8aed3c70","HAS_ITEM"
"cf237ab07f5d4e7f7e36a4341029f587c7e69dba","9506dab78914cae232edc2a021e1bfc2d1333651","HAS_ITEM"
"cf237ab07f5d4e7f7e36a4341029f587c7e69dba","1beb7170fb21ea332bf7c87d81b756238700f16b","HAS_ITEM"
"cf237ab07f5d4e7f7e36a4341029f587c7e69dba","10447cf152497d560d19ce6b320ec10b838d6ae6","HAS_ITEM"
"cf237ab07f5d4e7f7e36a4341029f587c7e69dba","b2123142a78a02ce3cfa655d4eec2437f7ea84d7","HAS_ITEM"
"cf237ab07f5d4e7f7e36a4341029f587c7e69dba","00b6d7ed754fc7a3ede5f6dffe2bc117c22504c4","HAS_ITEM"
"12a682ae313147e2ff305b74f959e99c783cbfdf","110d26fcb301070c1bef7e573cd89917cecbacdc","HAS_ITEM"
"12a682ae313147e2ff305b74f959e99c783cbfdf","547f4c12a5c8282cf9bbb74720e124ca88d67486","HAS_ITEM"
"12a682ae313147e2ff305b74f959e99c783cbfdf","8c4d499ed1db6ebcd6e03bef0d71fd1c7f85b1ce","HAS_ITEM"
"12a682ae313147e2ff305b74f959e99c783cbfdf","d48bb6bdedf21ee8f617f22bf08fd4e5b780efaf","HAS_ITEM"
"bdbb93b0d7f030312befff7b7db565d9633fd1d0","4f74e06b762247fdace9be720de4bacd509e0c52","HAS_ITEM"
"bdbb93b0d7f030312befff7b7db565d9633fd1d0","15d738520a786a4eea5b1ab0b19d809754dc5003","HAS_ITEM"
"bdbb93b0d7f030312befff7b7db565d9633fd1d0","eb849e5d74ff1865793a2ca0ddd5be1498107cc7","HAS_ITEM"
"bdbb93b0d7f030312befff7b7db565d9633fd1d0","131d046b59162e4b4937aa9f30bd4bfcc3385f83","HAS_ITEM"
"bdbb93b0d7f030312befff7b7db565d9633fd1d0","4384ae75f466726e67c7133a39ad1c50eca6a152","HAS_ITEM"
"bdbb93b0d7f030312befff7b7db565d9633fd1d0","b309262ace5a0c1b29b502cde4ec5a4b8b984c6f","HAS_ITEM"
"bdbb93b0d7f030312befff7b7db565d9633fd1d0","45150aa3c77d8f895cb075d87dbfc97ba295fece","HAS_ITEM"
"bdbb93b0d7f030312befff7b7db565d9633fd1d0","b21df74d3c7465dd880aae90290864bae9a0a4a9","HAS_ITEM"
"bdbb93b0d7f030312befff7b7db565d9633fd1d0","73be012a113692b89f877792cb038574b3381884","HAS_ITEM"
"bdbb93b0d7f030312befff7b7db565d9633fd1d0","500a4295d6337ce96ed1be1fe54e2b3f53310c11","HAS_ITEM"
"bdbb93b0d7f030312befff7b7db565d9633fd1d0","f300d5c4e4b38f7cab44aa9112af0b96e1a1e191","HAS_ITEM"
"bdbb93b0d7f030312befff7b7db565d9633fd1d0","e6dc3968582536b0fa6284144db4c4f7c96a0311","HAS_ITEM"
"bdbb93b0d7f030312befff7b7db565d9633fd1d0","1a276b4e3f80744dfae7de255ecc1e1438cfe649","HAS_ITEM"
"8906b84e7042a06ee1d966e2893d977a60ae4b13","edc45573f711804e8e08dfbc9798a41ff5d23d03","HAS_ITEM"
"8906b84e7042a06ee1d966e2893d977a60ae4b13","b3b3f81b98106953478507744db057471144bdab","HAS_ITEM"
"8906b84e7042a06ee1d966e2893d977a60ae4b13","6b569ee7e92f35492953beea7befedc2e58ea5f8","HAS_ITEM"
"54342f98684c8f5cc2acc9e2ffdf152ea5f73167","70e22908cc7f6dca98db3d6d15c83fe1d7c0dac1","HAS_ITEM"
"54342f98684c8f5cc2acc9e2ffdf152ea5f73167","095002da53c11f5ce4f80fe617ae5a840246e7af","HAS_ITEM"
"54342f98684c8f5cc2acc9e2ffdf152ea5f73167","ca797832b3b398807c2326e1cb0e3e7d227de0da","HAS_ITEM"
"54342f98684c8f5cc2acc9e2ffdf152ea5f73167","93cd8387bf1e50b7c940b0d4f9afda239893fe53","HAS_ITEM"
"54342f98684c8f5cc2acc9e2ffdf152ea5f73167","d94fb8c77f89c2b6e3c19711a0724b8d37acf2e1","HAS_ITEM"
"563e79cc39c3ac8c5cdf7f468d38432e6a50fcdb","b4eb798c322de1c583b16d96b0d1631bc928b0c0","HAS_ITEM"
"563e79cc39c3ac8c5cdf7f468d38432e6a50fcdb","8bf07dd225be659a4b163d9152c8b9ad53e495a9","HAS_ITEM"
"563e79cc39c3ac8c5cdf7f468d38432e6a50fcdb","a2028f1bcdc5f4e503b60dcb1e34bdb139ea9266","HAS_ITEM"
"8206e42134b3f212d8522c8bb0f0ff473c25bcf3","0bd9f2ae39e6c8ed41c016670e620fc6d7874cd7","HAS_ITEM"
"8206e42134b3f212d8522c8bb0f0ff473c25bcf3","89e5a89aea1c246c9140c57d3205a2f15b678cc6","HAS_ITEM"
"8206e42134b3f212d8522c8bb0f0ff473c25bcf3","7eb097ab1cc49f0399a89b629c0a8b56bc2db1b6","HAS_ITEM"
"a1cf4f79086e0d2af90b710db771b523144db831","5843cfa32554d341794dc61d40bdac9def7bda28","HAS_ITEM"
"a1cf4f79086e0d2af90b710db771b523144db831","180c30ab5744a1dc68382005afa56e8b75b62238","HAS_ITEM"
"a1cf4f79086e0d2af90b710db771b523144db831","483c58903bf8e8cebea06394d8e166307a67a676","HAS_ITEM"
"81dd5203cf439ef14e5dfecd6b61d3978a3f2525","551f9d4a719b5af2b22036f6540ea08799b1d2fe","HAS_ITEM"
"81dd5203cf439ef14e5dfecd6b61d3978a3f2525","3af1270019b2c6c51e6f810ed8f5463acbe35e7f","HAS_ITEM"
"81dd5203cf439ef14e5dfecd6b61d3978a3f2525","a4da96c9a814091ac3aa2771df3a52cd4c365673","HAS_ITEM"
"81dd5203cf439ef14e5dfecd6b61d3978a3f2525","8995170fcd51f790caba9dfc9b6cc7ec6280fca6","HAS_ITEM"
"3370332f05fd36f56a7f28e72a9b4348b8c31130","4542aece8d7e6d7536bf9b2aa3bba4485d61eac8","HAS_ITEM"
"3370332f05fd36f56a7f28e72a9b4348b8c31130","21103f3e89f8d7124fc4169e8af062d6fe97ced7","HAS_ITEM"
"024a5eefe141b829c293ce67cc8c73699286f33b","5a8b1b41d049a16cd22c05b5a4e8fd3f7364cdd2","HAS_ITEM"
"024a5eefe141b829c293ce67cc8c73699286f33b","56712ed008d7c8608f2dbdf67b3e34187d44d704","HAS_ITEM"
"adcccde5fbd9eef1aa4a7bda5f1a803ac1293469","a262d58f8fb381a4df214b4e55486b094905d1c2","HAS_ITEM"
"adcccde5fbd9eef1aa4a7bda5f1a803ac1293469","256c5221c18e1c8b96f95efdeccb367672afffcd","HAS_ITEM"
"48bb7f64029839c7c612aadc1252b19496cd0051","2f33b9590db37e621218d1ab70d00896d027aaad","HAS_ITEM"
"48bb7f64029839c7c612aadc1252b19496cd0051","6df3a99dc987c0aaa30013913691acb82ca46cff","HAS_ITEM"
"48bb7f64029839c7c612aadc1252b19496cd0051","a43ebed717ba0edd46883e6c4e6581e02c637dc0","HAS_ITEM"
"0bc255e13dab03f2815afefa03b94ea3cdd63455","967e67863e53f4848ba6630e2b1c8379903e5b60","HAS_ITEM"
"0bc255e13dab03f2815afefa03b94ea3cdd63455","8312e77973e69f99be09cab7b0ac18c15437f19b","HAS_ITEM"
"0bc255e13dab03f2815afefa03b94ea3cdd63455","396859c1cdc47e212225f8989de176f8e7290678","HAS_ITEM"
"0bc255e13dab03f2815afefa03b94ea3cdd63455","83cd31c647b36b2edf0c7a181fce860eec3d1b31","HAS_ITEM"
"0bc255e13dab03f2815afefa03b94ea3cdd63455","96ccf8a2ca235c11ac6420da595bf65bd4ea276a","HAS_ITEM"
"0bc255e13dab03f2815afefa03b94ea3cdd63455","9dec362725abe209dc6cab9f718c13660b0ea550","HAS_ITEM"
"0bc255e13dab03f2815afefa03b94ea3cdd63455","42a4819b7c9273520b51d12a96457fee7c1ee607","HAS_ITEM"
"0bc255e13dab03f2815afefa03b94ea3cdd63455","ec50bf2ffe9663db5ccde569f47790145d2b7c9a","HAS_ITEM"
"73a2c38fb6c9562402a780dc8218897386efef7a","ebc9a839f25ce277ea8430824545cc3f227f3a55","HAS_ITEM"
"73a2c38fb6c9562402a780dc8218897386efef7a","3dc60a4e48c479f96cff2a6e945ffb193833d3d2","HAS_ITEM"
"40094cee82b9c6f6d19d2f4acb0b402cc7f8a0e9","fa9b605ae7a3bf6d332496734c23252ea7d3292f","HAS_ITEM"
"40094cee82b9c6f6d19d2f4acb0b402cc7f8a0e9","71dee4b911505cf0758a73f5429c179e1b3772b7","HAS_ITEM"
"40094cee82b9c6f6d19d2f4acb0b402cc7f8a0e9","c28dc385d84bf50ceddaaf43eba7575df8aefe99","HAS_ITEM"
"40094cee82b9c6f6d19d2f4acb0b402cc7f8a0e9","24d470fa6f7347e5a22ef52d9772d656cd0ca7d3","HAS_ITEM"
"30b9c190fbff8b191bc2409547cd26ace790327f","f4fef89d8635b88649a8e70bdb73affa19f82f8e","HAS_ITEM"
"30b9c190fbff8b191bc2409547cd26ace790327f","dfc4b5d412bb3aa2990494c77cf5de9cac85c146","HAS_ITEM"
"30b9c190fbff8b191bc2409547cd26ace790327f","59147ba53dac507e09ba6b80d2cddbf86f9ffba4","HAS_ITEM"
"30b9c190fbff8b191bc2409547cd26ace790327f","22e06e220b3b61d059212425627c445edb86c1fa","HAS_ITEM"
"9fd2acc68b6bd89b91af654f40f4268fb83d0d5a","8a7b9a8cd4cc63c8c7fe474123b50f81b8c5eebe","HAS_ITEM"
"9fd2acc68b6bd89b91af654f40f4268fb83d0d5a","e7e2de0a9cd34770d9fe100bc1b4d2998f72466d","HAS_ITEM"
"9fd2acc68b6bd89b91af654f40f4268fb83d0d5a","9d2daee223dba88a37994b83594a92bb581e2e95","HAS_ITEM"
"9fd2acc68b6bd89b91af654f40f4268fb83d0d5a","08a57ca4189a9abadde1948058b6d62154790d3c","HAS_ITEM"
"9fd2acc68b6bd89b91af654f40f4268fb83d0d5a","db0dc1c0acf70ad48adfadf1751a0500ee5ca133","HAS_ITEM"
"e05087eeaa6991c416736e6b3702d0bc9e24bc86","e7b2621674163398f17cbfdb84dd3279e1f17cbe","HAS_ITEM"
"e05087eeaa6991c416736e6b3702d0bc9e24bc86","6b7f045970d63a37291d332ef491cbfd757c7911","HAS_ITEM"
"e05087eeaa6991c416736e6b3702d0bc9e24bc86","c827077d09c6aaa7ba8013315c3009c58b9a7831","HAS_ITEM"
"768473d023693533eb855fafb073368ce0469b8a","9a11a82c7ea7c83a5099a5fb8ebcdc6cd58901a4","HAS_ITEM"
"768473d023693533eb855fafb073368ce0469b8a","3f51923e391c2e9c0f06441ae2685fc50ba145b7","HAS_ITEM"
"207b4a2920da75622f45ba2be0b3a5ebc24aeae2","2c82b063e2b70ac8dfa05fdf5e5c43986309b120","HAS_ITEM"
"207b4a2920da75622f45ba2be0b3a5ebc24aeae2","bce58951b9c46abfb57641e6eaca6274fa66c095","HAS_ITEM"
"207b4a2920da75622f45ba2be0b3a5ebc24aeae2","1136a3bbf10ecd62a819591e9f28da841395fb4d","HAS_ITEM"
"207b4a2920da75622f45ba2be0b3a5ebc24aeae2","8aac56e9e3f7c5333015bf4f6fc2785ea8ebb109","HAS_ITEM"
"207b4a2920da75622f45ba2be0b3a5ebc24aeae2","d661c417df060ce1c73157d9a89adf2e5016bc5d","HAS_ITEM"
"1af5c2ac171fb53271fcce741f9bfd3b57fd2896","d8c2a1444932218e6bb23010df286a9bfe91c30b","HAS_ITEM"
"1af5c2ac171fb53271fcce741f9bfd3b57fd2896","59b0b585d46b34b98db8480f010f56e268c9c6bd","HAS_ITEM"
"1af5c2ac171fb53271fcce741f9bfd3b57fd2896","73a6c957a767c9aaddc617ee8993d31d20591ace","HAS_ITEM"
"1af5c2ac171fb53271fcce741f9bfd3b57fd2896","0d414ae5a3fb5be3db65bf384a0e21780b07ba8d","HAS_ITEM"
"1af5c2ac171fb53271fcce741f9bfd3b57fd2896","0fa32eb7eb7f1363e7a3cb4164e9963f9aefac23","HAS_ITEM"
"1af5c2ac171fb53271fcce741f9bfd3b57fd2896","9a326f9d7e5ebce9ad113c7b0b5aae7ac13ed2af","HAS_ITEM"
"c27d0aa8fd474bd135e4a50b44d53a9b4262da4b","19b753cca8ccfa0fd073b88a5e6da15190164f39","HAS_ITEM"
"c27d0aa8fd474bd135e4a50b44d53a9b4262da4b","f3d5219379fc220451aad19941cb7042a8d9b3ad","HAS_ITEM"
"c27d0aa8fd474bd135e4a50b44d53a9b4262da4b","d8b0676a30f5a3bce1e547a8c38f541b2cb3d896","HAS_ITEM"
"c27d0aa8fd474bd135e4a50b44d53a9b4262da4b","aa2c31937bc0c8318e7e9825207aec8a6f24574d","HAS_ITEM"
"c4f7cb7f84a7e0355d61aeff36acb869b91b4e5e","e97a3e207eaa0d973a03b63af1ddf0d60e292625","HAS_ITEM"
"c4f7cb7f84a7e0355d61aeff36acb869b91b4e5e","ea764bc6605770a66432b91901950db1e655ec99","HAS_ITEM"
"c4f7cb7f84a7e0355d61aeff36acb869b91b4e5e","45436771d1e82efb15b4500642b738b68e5189f6","HAS_ITEM"
"c4f7cb7f84a7e0355d61aeff36acb869b91b4e5e","dd004286e2ab934e05670a16a1d837b7af2f8f50","HAS_ITEM"
"c4f7cb7f84a7e0355d61aeff36acb869b91b4e5e","891ae51e790df1403192f6aa1936f3b03e4d8d0e","HAS_ITEM"
"397f754bb1b785a5e02f006cc397c333abdf961a","fe0ebabdc8996d4fe3dd012ed3a7f3bb91557b6e","HAS_ITEM"
"397f754bb1b785a5e02f006cc397c333abdf961a","8b005f4a135996a7c6a64b8c9546218b10153528","HAS_ITEM"
"397f754bb1b785a5e02f006cc397c333abdf961a","0b44716ebc5a7748046c9c5aa42dafe0a082d7a9","HAS_ITEM"
"397f754bb1b785a5e02f006cc397c333abdf961a","560d547079befc8d434821b87a55e9e84f8b27d3","HAS_ITEM"
"397f754bb1b785a5e02f006cc397c333abdf961a","19d31e80b7d885892bfce68c3aabf4b163676469","HAS_ITEM"
"ed6cf91830103cf2b3325b9b91b5d24bc5039404","f1de2350b3fe579dd37dd45aacc4bd225a0e7a17","HAS_ITEM"
"ed6cf91830103cf2b3325b9b91b5d24bc5039404","767b61bdb5bea00f03c76648393e88f611acdab9","HAS_ITEM"
"ed6cf91830103cf2b3325b9b91b5d24bc5039404","83fb47c0fe818ca689c1fcc743c861d801d8ad11","HAS_ITEM"
"ed6cf91830103cf2b3325b9b91b5d24bc5039404","e36d4f32f63eed5401b6f560f703400fbef151e9","HAS_ITEM"
"474697e4f36e4934d8e2e2164b10ee9bd3b959b8","f326235dc6ec1ab8b50a9cf2289e10401f9a2ea2","HAS_ITEM"
"474697e4f36e4934d8e2e2164b10ee9bd3b959b8","4c85e00d719fd2881defff46a9f77d4e1266b1bf","HAS_ITEM"
"474697e4f36e4934d8e2e2164b10ee9bd3b959b8","1bcd2ac062e49fc1ceea707b20d7114c71645741","HAS_ITEM"
"474697e4f36e4934d8e2e2164b10ee9bd3b959b8","dd730b054273259849bd2a4cacec253f5c72929a","HAS_ITEM"
"474697e4f36e4934d8e2e2164b10ee9bd3b959b8","5540d615af9e9b98f6905987f6284305e5f5a282","HAS_ITEM"
"f6dd129bcc256af46a064e3f4d86d37b0ec036bd","9b2baedc1291558deb1694a25158ae54ecf62760","HAS_ITEM"
"f6dd129bcc256af46a064e3f4d86d37b0ec036bd","8b99746aa516ec9cbdec01d54eb1a06850f1ca11","HAS_ITEM"
"f6dd129bcc256af46a064e3f4d86d37b0ec036bd","b6a8dca9fff38a0670721f3020fdc12a7a02cc08","HAS_ITEM"
"c61cc00806f38f2e4a915c1f27666d6a496ed278","09f59f0f907dbc8385fea3cb118725e8e1ebc918","HAS_ITEM"
"c61cc00806f38f2e4a915c1f27666d6a496ed278","6ad915093522abb9bf8a2d6ad1590446be59f191","HAS_ITEM"
"c61cc00806f38f2e4a915c1f27666d6a496ed278","eb7ef1606dd284af170571ae19378d289f9e3e93","HAS_ITEM"
"c61cc00806f38f2e4a915c1f27666d6a496ed278","8b4e3d843c603f4ad88ea12bd60dc6e72dce3d2a","HAS_ITEM"
"f2a51e729fdf800a3762d80c808c9a61327b7375","431a8c4e0a1bf5751f308d8bfbc012a6814cbca2","HAS_ITEM"
"f2a51e729fdf800a3762d80c808c9a61327b7375","cf10a3350a42156909f833096ec40a083847f17a","HAS_ITEM"
"f2a51e729fdf800a3762d80c808c9a61327b7375","7e632fc04cc854d5d5de7e32c7e0e198efa25f35","HAS_ITEM"
"f2a51e729fdf800a3762d80c808c9a61327b7375","6ba527f667f336e8cc01f59cf82849a18be16179","HAS_ITEM"
"e9e215a65017a020c404dbb30a0f1261b05a2032","77dc6153005e9e6ab347966f1ec3ca4b4d9e4e13","HAS_ITEM"
"e9e215a65017a020c404dbb30a0f1261b05a2032","53e091bf75522dc4f363aca2b6d9318827c8dcd4","HAS_ITEM"
"e9e215a65017a020c404dbb30a0f1261b05a2032","be39ef6e2c8fa814666ffba23e97e4f2764e1909","HAS_ITEM"
"e9e215a65017a020c404dbb30a0f1261b05a2032","68fab1a14d46f8b5ead92e10a3a9428574a7e7aa","HAS_ITEM"
"e9e215a65017a020c404dbb30a0f1261b05a2032","d6cc85927960adfe06875db94a0cef58727ee286","HAS_ITEM"
"9c34698de8cb1051aed795224acd5266904c9436","46e8c99a8dfd577ff22a679e8c253c86cf399d88","HAS_ITEM"
"9c34698de8cb1051aed795224acd5266904c9436","c9e5e3c65e110a4a9a7c00b188e9ac7de401fa33","HAS_ITEM"
"9c34698de8cb1051aed795224acd5266904c9436","879311f045e14ac26fae21b6f7012e29f4881b13","HAS_ITEM"
"7cee9b9f02ffd387e0d0a4f2c6c338eeac7ee3cf","ce5452e9cf50b9b12993c7c845f194b2768911d7","HAS_ITEM"
"7cee9b9f02ffd387e0d0a4f2c6c338eeac7ee3cf","1cf2ee22db3c2bc2fe06b670ba27bc639a5ff29c","HAS_ITEM"
"7cee9b9f02ffd387e0d0a4f2c6c338eeac7ee3cf","c252fcff3dd3f6442da651a4e5f5a79232040b2d","HAS_ITEM"
"c4cb051f2685d423cafafd92877840a8b876c050","ead79bf8699011746a72a75687292351ceb17cbf","HAS_ITEM"
"c4cb051f2685d423cafafd92877840a8b876c050","287d7585b5a12d18511277583616da7bf3d84e35","HAS_ITEM"
"c4cb051f2685d423cafafd92877840a8b876c050","e02ad3a8a89cefa4b5ad12cef490bffcfea9435f","HAS_ITEM"
"c4cb051f2685d423cafafd92877840a8b876c050","32198609643ecf7fab8eafd06abe3405b090f88f","HAS_ITEM"
"c4cb051f2685d423cafafd92877840a8b876c050","e3170213ec54b4825ade9e8f2b4fc83f830daf73","HAS_ITEM"
"c4cb051f2685d423cafafd92877840a8b876c050","a13329f0776dbdf27245dd6e072622836ff82d80","HAS_ITEM"
"32e007f5460617317ed5fc37e190ecbb1b7149ed","19cd00507c0c268cc9ece224e93b59efecd1484d","HAS_ITEM"
"32e007f5460617317ed5fc37e190ecbb1b7149ed","dccacec66b93a7d25d4b81ac01c7823406f719e8","HAS_ITEM"
"49344bb52c4bd51a26d24893e31590dd373afddd","032775427d9de95ba27917fb18b5f215a0211ee9","HAS_ITEM"
"49344bb52c4bd51a26d24893e31590dd373afddd","daf0266daffe773fcb601713cb150ace46376d9d","HAS_ITEM"
"49344bb52c4bd51a26d24893e31590dd373afddd","2e5154a5a98d55521b848878400993c8dc08d7ed","HAS_ITEM"
"49344bb52c4bd51a26d24893e31590dd373afddd","7eb4a810d6ebbea6d9c4f800a00c89e9235f690b","HAS_ITEM"
"49344bb52c4bd51a26d24893e31590dd373afddd","cc11c29e53de37618b7dbfba7558ce1a57c159cc","HAS_ITEM"
"28a7c321a0f8525ca7c866bf0b3f153db7cc80a4","d6b3f7417055739973b70bd5a3c91187fbf8d8ca","HAS_ITEM"
"28a7c321a0f8525ca7c866bf0b3f153db7cc80a4","2873ba110e0aad02e3b98b85d4c0f95e42268539","HAS_ITEM"
"20521d93e77ef855ff1aefcc9885fab99a59ce8c","38312da45cbbf5d6bf9891e51e538ba95e5a24e9","HAS_ITEM"
"20521d93e77ef855ff1aefcc9885fab99a59ce8c","b40e63215b3e260fa1d61ce7081f28fb4c20b132","HAS_ITEM"
"20521d93e77ef855ff1aefcc9885fab99a59ce8c","754d054d1cc6f75bf486bad136c12efe225d97c7","HAS_ITEM"
"20521d93e77ef855ff1aefcc9885fab99a59ce8c","1d4768a78dad45215955b4689f6f3f47a0a80af0","HAS_ITEM"
"20521d93e77ef855ff1aefcc9885fab99a59ce8c","9823a6d8e7c5982a2b5c4800374683afe04daff6","HAS_ITEM"
"974e91cd8ba39b3fe2025f80cc91cb64dd0791e9","15f959be67525e0b90200b8af287c85336329ee5","HAS_ITEM"
"974e91cd8ba39b3fe2025f80cc91cb64dd0791e9","7150f66025d6e0339eb492f47ad8b12443bca33c","HAS_ITEM"
"974e91cd8ba39b3fe2025f80cc91cb64dd0791e9","2700acd9b479078f9280de5209dbb79678557b5d","HAS_ITEM"
"974e91cd8ba39b3fe2025f80cc91cb64dd0791e9","bfe250fccb96c41b0f83f4e1c3d09cda37f6a69a","HAS_ITEM"
"974e91cd8ba39b3fe2025f80cc91cb64dd0791e9","eb0fa1b3c175b44f518dc183dfb9fee038ae7354","HAS_ITEM"
"b410fa869aea641f0fbc343b86da4cc90b24402b","07bce102ac8924bc743fff72fb8e0ded4bc13aca","HAS_ITEM"
"b410fa869aea641f0fbc343b86da4cc90b24402b","1507015cd90d84ec31d86fba1d3599ddf198abde","HAS_ITEM"
"b410fa869aea641f0fbc343b86da4cc90b24402b","4def535bc2e69952e7014ae6451a07af39d30f75","HAS_ITEM"
"b410fa869aea641f0fbc343b86da4cc90b24402b","3a0c79dffca8a691fce05b3bfae66b0131b01eed","HAS_ITEM"
"b410fa869aea641f0fbc343b86da4cc90b24402b","cb5634b01115ded4d91fe13edc62e819ab3bcf81","HAS_ITEM"
"b410fa869aea641f0fbc343b86da4cc90b24402b","ef9e5cca0485b1c0030938313e82c9f7faf9cb7f","HAS_ITEM"
"de15b085a7248a5e289e2c7d1c094948d5792d38","2ca0e7069f3fb3d5b4d93b6a207cd38e494a10f7","HAS_ITEM"
"de15b085a7248a5e289e2c7d1c094948d5792d38","012de8fe2672259a4cc82b50517c53648c37479b","HAS_ITEM"
"de15b085a7248a5e289e2c7d1c094948d5792d38","3f4baa17cabd4f404efe3d63672e0c0f4d4f6835","HAS_ITEM"
"de15b085a7248a5e289e2c7d1c094948d5792d38","652986fabfb4a6746c608bf656d0bad6b4fab8f7","HAS_ITEM"
"b6623b390bf7b5c5f2daf2cdfd3423ac7af1b801","08359c52e52ae2cab54e2800c1acbd310d9697cf","HAS_ITEM"
"b6623b390bf7b5c5f2daf2cdfd3423ac7af1b801","636337efd98d2ef2aba433c5030dda7e153f282b","HAS_ITEM"
"f3b5c5f11aff017a51e2a0120e7ffb7b726d5198","9c8995aa87f393a8beca04f4911b0bbeddea679b","HAS_ITEM"
"f3b5c5f11aff017a51e2a0120e7ffb7b726d5198","d7befda95bc6b21e87dd3046ea6c6222a523d4ce","HAS_ITEM"
"f3b5c5f11aff017a51e2a0120e7ffb7b726d5198","399910cd54e165969d563e5c604d5c827ef2479e","HAS_ITEM"
"f3b5c5f11aff017a51e2a0120e7ffb7b726d5198","881cecedb61b3855cce24ed825f419e10b249331","HAS_ITEM"
"f3b5c5f11aff017a51e2a0120e7ffb7b726d5198","9da69ee9bc9385e9bd397285c4c9fc04dd85d0f2","HAS_ITEM"
"f3b5c5f11aff017a51e2a0120e7ffb7b726d5198","e98468694def4b693fe3f88639882d630a7611a2","HAS_ITEM"
"f3b5c5f11aff017a51e2a0120e7ffb7b726d5198","cb5dc6bddd269d8b94432625bbff09b567e617d1","HAS_ITEM"
"e9a0339ee6b6d51c3545409a7777e3173628ce59","92a7d013950dcb5404809583088e137bed973e93","HAS_ITEM"
"e9a0339ee6b6d51c3545409a7777e3173628ce59","cfc9e5012ddac7a02154f7a012b2aff5b1993b1c","HAS_ITEM"
"e795648292c0be50852215cd299f05579e56fed8","ae453f642e7db2f7fe0518344a0755bb1e24d544","HAS_ITEM"
"e795648292c0be50852215cd299f05579e56fed8","92c1329672efdad59c8bf1f1a3a4ac577344f064","HAS_ITEM"
"e795648292c0be50852215cd299f05579e56fed8","4f8619459d97c70385e34541c3ab5de6e735532f","HAS_ITEM"
"48571aa4e59c64299adb31cb0c9ef1a75205904c","34b82571a9d4169c7a606f51bc4e3e1de2ba6f23","HAS_ITEM"
"48571aa4e59c64299adb31cb0c9ef1a75205904c","4a6edc8454ac13f5d63cfb980feb29db08ce47aa","HAS_ITEM"
"1143d61ded13c37e16919274c4cd6378539bd2b7","9ead1feb6ab1561cf42bd52400af4629186216d6","HAS_ITEM"
"1143d61ded13c37e16919274c4cd6378539bd2b7","36b29b7fa2c98897f30af04fa439e976a73b91f2","HAS_ITEM"
"13543692d5ac9740509d992fea45a930c786b63d","8383549c6ae01347c8cc6de87cc67c546e81eaa3","HAS_ITEM"
"13543692d5ac9740509d992fea45a930c786b63d","01603c46c4ee6a36765cd762266887f622246ca4","HAS_ITEM"
"13543692d5ac9740509d992fea45a930c786b63d","cdd8982103edd0e1444b59712238ac370cd3c334","HAS_ITEM"
"13543692d5ac9740509d992fea45a930c786b63d","c728ca9a3cdcd7f4ce76e68e1ac10f59139d4159","HAS_ITEM"
"13543692d5ac9740509d992fea45a930c786b63d","9f44e2a5671a5119f7d08af59f734cabfda9c69a","HAS_ITEM"
"13543692d5ac9740509d992fea45a930c786b63d","4c1322e1546b96a2a7fb000388e3a4a985ff1134","HAS_ITEM"
"d6ed4cc12adc0ce2c0e9f45f2789858c86215333","e3bcbcf4066261a66b86ccb57120c258eccdb1df","HAS_ITEM"
"d6ed4cc12adc0ce2c0e9f45f2789858c86215333","a377f91f5515cbbceff12c2e65aa1339cdfc6cf3","HAS_ITEM"
"d6ed4cc12adc0ce2c0e9f45f2789858c86215333","8157607b185094e06dfd622abeebf84ad3e210f1","HAS_ITEM"
"ef223e93e262ab114b0ebd7cc278a5c839f29db6","0c83654783eadd862ff67fcb7c23e5562abf653e","HAS_ITEM"
"ef223e93e262ab114b0ebd7cc278a5c839f29db6","814c27daeb010a2a352627c773c8a66f545a404f","HAS_ITEM"
"ef223e93e262ab114b0ebd7cc278a5c839f29db6","abd03d8aee76e87cad874e6f88f0f516a181c05d","HAS_ITEM"
"d22b50515b3974e5d875129bc3dcc421bca706e8","415fe015f07b9e503cebf4ce8bcc73f870fe5b9a","HAS_ITEM"
"d22b50515b3974e5d875129bc3dcc421bca706e8","83eb0fe1fca228459c8f7c292f22d9e37fdecd3a","HAS_ITEM"
"d22b50515b3974e5d875129bc3dcc421bca706e8","d26fbde7b597149fceeb96505029ce8770d17dc3","HAS_ITEM"
"d22b50515b3974e5d875129bc3dcc421bca706e8","3c4f85fd1df9fb265f156e0e2bddd5500739f47a","HAS_ITEM"
"d22b50515b3974e5d875129bc3dcc421bca706e8","274b9b66d1f0862d851edda92b0415608fb21dea","HAS_ITEM"
"ed0296b38a1bcffc216217360428649fdc870639","600945c0c163dfb1ad56de9c9f969a8c1e7b863d","HAS_ITEM"
"ed0296b38a1bcffc216217360428649fdc870639","37cb70b84297100170b8aac3dda2681a10d545a3","HAS_ITEM"
"ed0296b38a1bcffc216217360428649fdc870639","ed0e957af9e0c5cae9be655f993021d9a9518084","HAS_ITEM"
"7c7caf8f47c99bdaeee0ac6da6311586556b5d37","9f1e8e954d012127622f116ff832dff85ff4adb3","HAS_ITEM"
"7c7caf8f47c99bdaeee0ac6da6311586556b5d37","61984a4458076c8eb54d1c70f0ecd85259d3c3a2","HAS_ITEM"
"7c7caf8f47c99bdaeee0ac6da6311586556b5d37","f9a1ebe296826ca163bac6866296136f0f5bf49b","HAS_ITEM"
"41966b99d47c9b7f3e7342280771209b927dc5bd","f9a96f87658a6b2f8a6e78674fc4a6243b9cc642","HAS_ITEM"
"41966b99d47c9b7f3e7342280771209b927dc5bd","86be61e2158de23794f6f9b11ed92b027e340eb5","HAS_ITEM"
"41966b99d47c9b7f3e7342280771209b927dc5bd","c88d293c4bdaedc3928b8d78f0dafa3bb6023eb1","HAS_ITEM"
"554b614ea003b281e2a2382fb88b98dae171594a","e0daa016dd041d113b9c574b267a2b47397f4344","HAS_ITEM"
"554b614ea003b281e2a2382fb88b98dae171594a","cff16a4ba331c61828a031f721e3aaf202eee88a","HAS_ITEM"
"554b614ea003b281e2a2382fb88b98dae171594a","12d7ad2f857c6567c9ab42d59ef77ba979389eb8","HAS_ITEM"
"554b614ea003b281e2a2382fb88b98dae171594a","b060d80d96678d6ff16afb03a0c05124b4b66715","HAS_ITEM"
"554b614ea003b281e2a2382fb88b98dae171594a","8f4418005d4e7f175e70bc36f19df591cd8920b7","HAS_ITEM"
"1edd8494396d983bfd087be509f2de82ec418663","dfece8fd2c5bba0714717ca98d51c3311424e541","HAS_ITEM"
"1edd8494396d983bfd087be509f2de82ec418663","81daa26bb43a964ddcece5541477af2fbfe3659f","HAS_ITEM"
"9ef9d9b01ca19e4d500bb36cb14d0beba34cee6f","b06b2ace9b8ad0a99722c9c63504e363c1a85334","HAS_ITEM"
"9ef9d9b01ca19e4d500bb36cb14d0beba34cee6f","af181ecbad0781789aec0573898ac97a1dad9875","HAS_ITEM"
"8939db95d004d91cf43713e0c34e715473955e9c","32b177c7c1f086ff264ec3eb6f56913a699e1cd8","HAS_ITEM"
"8939db95d004d91cf43713e0c34e715473955e9c","e00e1f817e4ec4a4aaa2775f4621a4f6b7a85244","HAS_ITEM"
"8939db95d004d91cf43713e0c34e715473955e9c","c466ee4f02f81737f6a58ef12541a773d167fdc1","HAS_ITEM"
"8939db95d004d91cf43713e0c34e715473955e9c","4019d8c2acd4a1bd1c1d768150a83c2e9c7587bf","HAS_ITEM"
"cebd2a353dca5cbef93339f0128e00921df3f9b6","8e1c08325389cea0678121038ac3997acef31813","HAS_ITEM"
"cebd2a353dca5cbef93339f0128e00921df3f9b6","c7a3264760029c3470c5f33b78b09a37e437c992","HAS_ITEM"
"cebd2a353dca5cbef93339f0128e00921df3f9b6","bf5e8ea73d5ef2a4b2dab15d53c5098d14b64a42","HAS_ITEM"
"09f4bd85698573930339a8649c42391307ffc61d","9f22b96323de6c6846d5dd49dd972829347445f1","HAS_ITEM"
"09f4bd85698573930339a8649c42391307ffc61d","64c7c5f473ac596a26d7f3190399d2c3f62aac8f","HAS_ITEM"
"09f4bd85698573930339a8649c42391307ffc61d","fa6d72146a54af9d83060817a29c9c93b622efd4","HAS_ITEM"
"09f4bd85698573930339a8649c42391307ffc61d","4e55d797e454a6d64798cc00be7eba635337df2d","HAS_ITEM"
"09f4bd85698573930339a8649c42391307ffc61d","93aeda72ac814fff28d7b168561cb378efa45b52","HAS_ITEM"
"09f4bd85698573930339a8649c42391307ffc61d","007da6f5e4adb074b7f3a66f63fd78dc295bad60","HAS_ITEM"
"4be4f4ffe2fffabdf0f0286af5755c83d61671f2","83ad9cac0eb93e224fae3654c9089d1ab03d4798","HAS_ITEM"
"4be4f4ffe2fffabdf0f0286af5755c83d61671f2","ff791121db4c528972dda5ba2cff189f37f710dd","HAS_ITEM"
"4be4f4ffe2fffabdf0f0286af5755c83d61671f2","d94cc6d9e6894f1db2ef78ed7d08546562ee5dd6","HAS_ITEM"
"4be4f4ffe2fffabdf0f0286af5755c83d61671f2","c8c0fbc79058ef5ab7839c5cd0a2b759f0498bb5","HAS_ITEM"
"4be4f4ffe2fffabdf0f0286af5755c83d61671f2","6f63b2a35d58012493554490f457196e37641317","HAS_ITEM"
"4be4f4ffe2fffabdf0f0286af5755c83d61671f2","d06adb16ed560c4d84af4bd4d8cec17b5f9fa8f4","HAS_ITEM"
"4be4f4ffe2fffabdf0f0286af5755c83d61671f2","9adc625498ac3cce3beb0b275ecb266b462abbbc","HAS_ITEM"
"4be4f4ffe2fffabdf0f0286af5755c83d61671f2","6b593c38dfbe957b40377c5b0179723515ffc54e","HAS_ITEM"
"e6f8c9722b616d2ca34f9604312c5b659017208c","a76260efe042fd4f7fa82a7a425800ba5aa904da","HAS_ITEM"
"e6f8c9722b616d2ca34f9604312c5b659017208c","24684fbc6993e355d787c46431503a9ca7497823","HAS_ITEM"
"50adaf4f25a7b0a953c91e4897df3c98976f5b1b","b7057cbeda221657697f48a3fe72b11677dcdc4b","HAS_ITEM"
"50adaf4f25a7b0a953c91e4897df3c98976f5b1b","e89667dd8f60952ead22556df28f710dff4e20c6","HAS_ITEM"
"50adaf4f25a7b0a953c91e4897df3c98976f5b1b","16077e926d870bdb8eb9808585360c45a3e619ff","HAS_ITEM"
"50adaf4f25a7b0a953c91e4897df3c98976f5b1b","8de1ccfb0c63ddd91c2da6c187ed05b0820c4e94","HAS_ITEM"
"1063d3ea7ea72eea3a7166ab87c84e6d7e3276be","aa4cd95e1894869aff141e8a6ba46cee973b4ef4","HAS_ITEM"
"1063d3ea7ea72eea3a7166ab87c84e6d7e3276be","01f6110198438820951e8ae0d0274866e94e7d58","HAS_ITEM"
"1063d3ea7ea72eea3a7166ab87c84e6d7e3276be","f08cc88251369097f741953c192b16ac4b3af6f7","HAS_ITEM"
"6f65ff17948cce350087ce552133d99202b93b83","f93da53bb536367d012c8ec05d07b6d0fda3d880","HAS_ITEM"
"6f65ff17948cce350087ce552133d99202b93b83","a4915096b9b2f0ae4ca91dfe4f22d498e0892ab3","HAS_ITEM"
"6f65ff17948cce350087ce552133d99202b93b83","4381450ed49c584f6643e4305428b9d09275cde7","HAS_ITEM"
"6f65ff17948cce350087ce552133d99202b93b83","51adaeaf2bd5f5dc4c27c1fd7f1f3ff9e036d9eb","HAS_ITEM"
"9dd262a01e57f27abe897b35c4ddc0f843a09867","01b84f8234a90d060562721ca6965ab73e4860a0","HAS_ITEM"
"9dd262a01e57f27abe897b35c4ddc0f843a09867","cdf7338bdb2cbed15bba5e979494bc690371203b","HAS_ITEM"
"5bff34490a9f03c0f28f8c2d1c57c6a36ddfeddf","8119ad8d70b9bb939ce677abc2c8af6bebb9c493","HAS_ITEM"
"5bff34490a9f03c0f28f8c2d1c57c6a36ddfeddf","896cb80c089f08efffd503b8b356ab8376472679","HAS_ITEM"
"e4418b7e6d88281a52466201a8048c85c2fff0c7","105ba44eaeb815df348e183944f7b2f8339f24de","HAS_ITEM"
"e4418b7e6d88281a52466201a8048c85c2fff0c7","cc00f1bb93eccca8e8357fb114009ca9bb5b5e39","HAS_ITEM"
"cddec84ca291dd24b4d249acb7d2b7f68e1ad922","d621f366d149e9de2b67b25c55ab6d91e45e4183","HAS_ITEM"
"cddec84ca291dd24b4d249acb7d2b7f68e1ad922","16fd7a3d7cda6837939bdb466c463d2813592f18","HAS_ITEM"
"646e41919cc27c8a16ac7bbb4011291327c9613e","e6ecf1cae9680b3f90287145b13489222ed90240","HAS_ITEM"
"646e41919cc27c8a16ac7bbb4011291327c9613e","8d4efcfcf789e003aa09991b26cf9237a715d44e","HAS_ITEM"
"646e41919cc27c8a16ac7bbb4011291327c9613e","0c896bfb92d713380bbe44bfd133ef2eaa5d87b2","HAS_ITEM"
"4aff4977bce86965e9e4564bf065a74edb31294a","f8129ddd4481048eaa8d070f41cdc55c0d8c7c61","HAS_SUBITEM"
"4aff4977bce86965e9e4564bf065a74edb31294a","f2f939a0ecebd89fe8b12bd9be7e5e9b8b38a436","HAS_SUBITEM"
"4aff4977bce86965e9e4564bf065a74edb31294a","b251f9009168b13415289c2cd775eaa833ccf023","HAS_SUBITEM"
"178908b73b4752ed872c7bcc15435c88328ee82b","3aae0910ba1619f4ae121e78dc04d748194e8997","HAS_SUBITEM"
"178908b73b4752ed872c7bcc15435c88328ee82b","55b1d0cfe9192961b173f9b63fc267ea7721de5d","HAS_SUBITEM"
"178908b73b4752ed872c7bcc15435c88328ee82b","8aa32712b015526b84277aa694acba351825dad8","HAS_SUBITEM"
"5e9d473ca05caa1688cb97f549cd48ff4c70be83","ec263de9d67524ce02f47e2fee9d6465ee98178b","HAS_SUBITEM"
"5e9d473ca05caa1688cb97f549cd48ff4c70be83","c687720e7ad7519b3e76fa405e270c3a0bbfe749","HAS_SUBITEM"
"5e9d473ca05caa1688cb97f549cd48ff4c70be83","566520b15a6874166f14d78ed857f48c51182660","HAS_SUBITEM"
"5e9d473ca05caa1688cb97f549cd48ff4c70be83","ff8efaf4e62c119a1b2d461f5e1a1be710ec7fb6","HAS_SUBITEM"
"31d95be8551b3c6197d759d2653291bf3f42cdaa","a676e15bf719532c088a124e68f66046a81d1616","HAS_SUBITEM"
"31d95be8551b3c6197d759d2653291bf3f42cdaa","2cb1b07df5701c6077f69115579043fda76fd490","HAS_SUBITEM"
"31d95be8551b3c6197d759d2653291bf3f42cdaa","a53d4e657a60b0161b2298a0d3f419a2c3f42dab","HAS_SUBITEM"
"31d95be8551b3c6197d759d2653291bf3f42cdaa","7779049c361bc9ae58aced3f718bee99b18bf9b0","HAS_SUBITEM"
"31d95be8551b3c6197d759d2653291bf3f42cdaa","12b08cb01ee91774e48af66e07f6125ceec0037f","HAS_SUBITEM"
"fefe3c3c102a9325ab191c42352ecf41a055a77a","246afb103d2722247ce1ce5d12b5318a5b78c79a","HAS_SUBITEM"
"fefe3c3c102a9325ab191c42352ecf41a055a77a","8dbfcaf1f4babe2c42ed448c6f0b23cf982494d5","HAS_SUBITEM"
"fefe3c3c102a9325ab191c42352ecf41a055a77a","fc39274b67aa309db4624cf065253e0c22c85639","HAS_SUBITEM"
"5589f89e07968708e15a2beafe5bc9b6c5f9ebb9","b228216a2c8646d365683854d4067c9c4276ff07","HAS_SUBITEM"
"5589f89e07968708e15a2beafe5bc9b6c5f9ebb9","7cf8fb44f1e8c76a42a36b6572a5d6c4c6c4c68d","HAS_SUBITEM"
"6a8e26d4b8ed98c0ef84776211f30a7dd6e2e107","b26b65537b3927318ead273169dc02167edc54f6","HAS_SUBITEM"
"6a8e26d4b8ed98c0ef84776211f30a7dd6e2e107","203b3a9157766536b84feda40dfffb3a3d8b9dac","HAS_SUBITEM"
"5f5c352f5a3323d79abd8992220464286df032cc","9cc9c8c760892a57825bc3deb7da0151356aef17","HAS_SUBITEM"
"5f5c352f5a3323d79abd8992220464286df032cc","82353cd240a236b3545bade881b5e80875b30e00","HAS_SUBITEM"
"5f5c352f5a3323d79abd8992220464286df032cc","e1360708d8f56d905bb817680155f55ab9f6ee9b","HAS_SUBITEM"
"5f5c352f5a3323d79abd8992220464286df032cc","e12e12fd0414914895806d3162d55691230bb657","HAS_SUBITEM"
"c977c9bfc3b1849236f6de1bd91e5a050838b22d","a2f840e184c72a11d1ef6f4db46908dc44a70041","HAS_SUBITEM"
"c977c9bfc3b1849236f6de1bd91e5a050838b22d","540094f2e3e4f297d559db6c60c44821f0ad8b73","HAS_SUBITEM"
"c977c9bfc3b1849236f6de1bd91e5a050838b22d","9987b5d91cd1d4aad8882a2410c372e23bc3223b","HAS_SUBITEM"
"c977c9bfc3b1849236f6de1bd91e5a050838b22d","2a87f255fdc24e9b89e1066fc8fa5894f96be99b","HAS_SUBITEM"
"c0e63166c21a6bcabdf2bfda6113da8d6caecffb","db32ef3ca4ec2b36ea51bfc35f9faa8a1629d669","HAS_SUBITEM"
"c0e63166c21a6bcabdf2bfda6113da8d6caecffb","3d9a13e89a8da137bd4a91e8fde78fb5d542a137","HAS_SUBITEM"
"c0e63166c21a6bcabdf2bfda6113da8d6caecffb","00eaba88005fcd5ffd64f8b2072f5a23af823d8e","HAS_SUBITEM"
"c0e63166c21a6bcabdf2bfda6113da8d6caecffb","36bf6541bb3de3871d9d76ee976faa792185ab55","HAS_SUBITEM"
"c0e63166c21a6bcabdf2bfda6113da8d6caecffb","cf764a05cfb0f451010086cb65ffd869980047f5","HAS_SUBITEM"
"c0e63166c21a6bcabdf2bfda6113da8d6caecffb","c9782183fc74902f4cb75c578987aca5dc73df38","HAS_SUBITEM"
"4c2f4b3d48720441cc26e67445aab762bf3aaff0","cb83e636cdb6fdae175065c2b62a2675fd76346e","HAS_SUBITEM"
"4c2f4b3d48720441cc26e67445aab762bf3aaff0","d5e942721beb46f195fcbd5f0aaee99b38592ef2","HAS_SUBITEM"
"4c2f4b3d48720441cc26e67445aab762bf3aaff0","2931820ee947ad70926ee16a3950675bab513e0c","HAS_SUBITEM"
"4c2f4b3d48720441cc26e67445aab762bf3aaff0","7efc7491db876252e47a8c8c3fcfbe8cc006daa7","HAS_SUBITEM"
"4c2f4b3d48720441cc26e67445aab762bf3aaff0","dd61512fb7abd05c9c1f840d77e29d9eb7468042","HAS_SUBITEM"
"4c2f4b3d48720441cc26e67445aab762bf3aaff0","52a6a93d8d79c325cae03f32cbe85222cedb440a","HAS_SUBITEM"
"e9619f7d9e20e08c685ba4269d185280d9786fd2","7877d1770e866f28b0b18e70bdea94eadb4c61de","HAS_SUBITEM"
"e9619f7d9e20e08c685ba4269d185280d9786fd2","cc25fc18fb759fa66edf733f27998e0bd4a5efc9","HAS_SUBITEM"
"1ea8e9ae59a559186a417ccc30af6e0e532b3576","d40ec751439c3b801c7f0e1adf11391769387425","HAS_SUBITEM"
"1ea8e9ae59a559186a417ccc30af6e0e532b3576","5c9d2a7deed0ffea72c68ec272734afd03bc05e5","HAS_SUBITEM"
"1ea8e9ae59a559186a417ccc30af6e0e532b3576","c41d307182b1ec900457bb9f40de501142effa5c","HAS_SUBITEM"
"1ea8e9ae59a559186a417ccc30af6e0e532b3576","00bf550a064a9dceb2ec153f0b2ca8c57f237038","HAS_SUBITEM"
"c36030d81b5a5ab185dc200cad8e87bee6e43336","1905dfae4a6e779d60d2284dbc6e744964050d8e","HAS_SUBITEM"
"c36030d81b5a5ab185dc200cad8e87bee6e43336","bdafe108454dd3cf3a6118dbd31e8174429c8a2e","HAS_SUBITEM"
"c36030d81b5a5ab185dc200cad8e87bee6e43336","dc5751b83e28d9d4213256d22fc900b9c8f33b41","HAS_SUBITEM"
"c36030d81b5a5ab185dc200cad8e87bee6e43336","269415b95ec47dac0d1dbd004093f82c47019441","HAS_SUBITEM"
"f852ae11df3d6c7cd4a211773f07e8c2a4ff15d3","265fc51fb8e14334309064b47069f44f7dc25fda","HAS_SUBITEM"
"f852ae11df3d6c7cd4a211773f07e8c2a4ff15d3","685cca4e6c2fe188a2a30a7494996fe66ec958df","HAS_SUBITEM"
"f852ae11df3d6c7cd4a211773f07e8c2a4ff15d3","83b3c11b3411bba75185f7c36519eaf96c00bebb","HAS_SUBITEM"
"f852ae11df3d6c7cd4a211773f07e8c2a4ff15d3","343fbc608b516623b135855ce6a23d6fee458e3f","HAS_SUBITEM"
"f852ae11df3d6c7cd4a211773f07e8c2a4ff15d3","84134f42351b01cf5daa0aa68da5a751ea225d92","HAS_SUBITEM"
"f852ae11df3d6c7cd4a211773f07e8c2a4ff15d3","2089e260afbfbb420a25a76ca7f4d5491cfe6e0a","HAS_SUBITEM"
"f852ae11df3d6c7cd4a211773f07e8c2a4ff15d3","d0ef58b26abb70e900e3b60c42f5d39dffe10d0b","HAS_SUBITEM"
"9649a52da5b5cf4ce96b35b8dc89040328c534b0","10157c957bac26a4d7593b8d973aef1efe3b19c9","HAS_SUBITEM"
"9649a52da5b5cf4ce96b35b8dc89040328c534b0","d2c0dc363de45b9c5dcc26ddcd66b194d0f0a421","HAS_SUBITEM"
"9649a52da5b5cf4ce96b35b8dc89040328c534b0","d3739a78c6fc948f3514865879e68c015b7a338b","HAS_SUBITEM"
"9649a52da5b5cf4ce96b35b8dc89040328c534b0","32af787e3aa8adcce5f94926a3d073a5ff16bf0c","HAS_SUBITEM"
"9649a52da5b5cf4ce96b35b8dc89040328c534b0","8934894b345ab0419f246c95f9f0051f34fffa68","HAS_SUBITEM"
"9649a52da5b5cf4ce96b35b8dc89040328c534b0","153538534ee1ad21e8dd3041cbd0de603df6cd1d","HAS_SUBITEM"
"9649a52da5b5cf4ce96b35b8dc89040328c534b0","ed7ebd6e25f368ac58a7d7918c2b2941847397c4","HAS_SUBITEM"
"9649a52da5b5cf4ce96b35b8dc89040328c534b0","d6943307b5f17494e60e7d8b2a8689a47b5fefc0","HAS_SUBITEM"
"9649a52da5b5cf4ce96b35b8dc89040328c534b0","a6ef627f3f6cf714c35aff4cdf3cc6bc5cafc163","HAS_SUBITEM"
"9649a52da5b5cf4ce96b35b8dc89040328c534b0","8ca813629b7d43599cb496552e6730947c60fe1a","HAS_SUBITEM"
"3fbe64a170a56793313ee984d66bbb32f2954be0","954e4b6d88ca941bd1ac4d2a911472592cde89d7","HAS_SUBITEM"
"3fbe64a170a56793313ee984d66bbb32f2954be0","4ad147ef08d482a69b38b15ae84e7f1e75f39745","HAS_SUBITEM"
"3fbe64a170a56793313ee984d66bbb32f2954be0","11500cab291b5c35d231fd7d7773ddbc0f2e8659","HAS_SUBITEM"
"3fbe64a170a56793313ee984d66bbb32f2954be0","1facd21e8c1dee5f5e1fb4c35d00132e4275b152","HAS_SUBITEM"
"3fbe64a170a56793313ee984d66bbb32f2954be0","f20d1b29e9eb1cfcdfef95cd4e773a0dfccf99be","HAS_SUBITEM"
"3fbe64a170a56793313ee984d66bbb32f2954be0","a65d6e8c6a2facaa10322de4f8b6c0b8e7957a6e","HAS_SUBITEM"
"3fbe64a170a56793313ee984d66bbb32f2954be0","9fbfb038123b77a3c88c1cdd8f6c46e96ef33def","HAS_SUBITEM"
"3fbe64a170a56793313ee984d66bbb32f2954be0","be13e5b6867d4eece2adbe7e32a17b91dca0f592","HAS_SUBITEM"
"3fbe64a170a56793313ee984d66bbb32f2954be0","e120ff59faee49c451db39e330e247765a5d4698","HAS_SUBITEM"
"bee758ddbabe7e5d827b2f834e94a68417a50d14","bb77e3074f6b96325480fde7731a41b67df4f802","HAS_SUBITEM"
"bee758ddbabe7e5d827b2f834e94a68417a50d14","88f6c17a2994ea596499965baf986ab743711884","HAS_SUBITEM"
"bee758ddbabe7e5d827b2f834e94a68417a50d14","69eb75a6f4b5ada3be3c92d5368e52f07d7daeb6","HAS_SUBITEM"
"bee758ddbabe7e5d827b2f834e94a68417a50d14","a1e366d441c331d056bcf6489ac0883f437b4468","HAS_SUBITEM"
"bee758ddbabe7e5d827b2f834e94a68417a50d14","25e11f5b20e6e5cb4e2ef1f4c8a4e19029e83f82","HAS_SUBITEM"
"bee758ddbabe7e5d827b2f834e94a68417a50d14","e69dbfb5f13b1bfa0aa697e684f2a2414ff612d0","HAS_SUBITEM"
"22a3fcbc7f7e50538d98739d994e472c1f4a9810","075013d07673fd0fa88fe9b14db98f1a6f06861d","HAS_SUBITEM"
"22a3fcbc7f7e50538d98739d994e472c1f4a9810","fc4d98877d8ef0843bcd244419eacb2205bfe592","HAS_SUBITEM"
"22a3fcbc7f7e50538d98739d994e472c1f4a9810","c632d18c785d24a6b24537ed5a63722b28ff84a1","HAS_SUBITEM"
"22a3fcbc7f7e50538d98739d994e472c1f4a9810","87ca7a31a03e0803cd7e528411c2fa385141ee8f","HAS_SUBITEM"
"22a3fcbc7f7e50538d98739d994e472c1f4a9810","0ff72917e298db7bfa88de6ad8b5535ac4be336f","HAS_SUBITEM"
"22a3fcbc7f7e50538d98739d994e472c1f4a9810","9acf5519879e6cbaa7e3443de8e632c88e57096e","HAS_SUBITEM"
"e16e7152ac4201b423852a0babe9d2ff08f3ab88","7a2b326724096f06f7d8989d284c60fc8f8dbcb9","HAS_SUBITEM"
"e16e7152ac4201b423852a0babe9d2ff08f3ab88","bd96e480487aac31c245c707738f0fff867b41c6","HAS_SUBITEM"
"295ba0ab8729495406c418f233c229838ba69cb4","1a0c9fc1cf37668c3093d3843d5c65f2892b2dc1","HAS_SUBITEM"
"295ba0ab8729495406c418f233c229838ba69cb4","65b8ffe2765a7895561a208115ed88eb08e9e27e","HAS_SUBITEM"
"295ba0ab8729495406c418f233c229838ba69cb4","ba5bcbe442e8c8a3d8ffe5002fdef806be2faab6","HAS_SUBITEM"
"295ba0ab8729495406c418f233c229838ba69cb4","9d10dfcf78403234143b9ec9be8bfde0e7568d77","HAS_SUBITEM"
"e86e9603b396363b413f40a2392fb36b5c7529cf","5889227db061e51cf5e97f5ddfc543d153a95335","HAS_SUBITEM"
"e86e9603b396363b413f40a2392fb36b5c7529cf","1cac1f71c561f9837e4e455cd52f7e71a9aaaf01","HAS_SUBITEM"
"e86e9603b396363b413f40a2392fb36b5c7529cf","74c07572ade709568a000e42ca9f14715fd9a4f4","HAS_SUBITEM"
"8857764b255e38d91e43458ec7b38b1034a28b4a","12bf3901bb867a38ae4767f9dc0d4fd14aaa96ca","HAS_SUBITEM"
"8857764b255e38d91e43458ec7b38b1034a28b4a","c223dc671069ac57aa8fbf85d5360127c66a713e","HAS_SUBITEM"
"8857764b255e38d91e43458ec7b38b1034a28b4a","89ea08a7a80cc0bb7d3837d0f3b9fa822280ec61","HAS_SUBITEM"
"8857764b255e38d91e43458ec7b38b1034a28b4a","150f71c7c32b0bcf20967c5753f91392fc66f74f","HAS_SUBITEM"
"8857764b255e38d91e43458ec7b38b1034a28b4a","cd5f5fecb5d747ca80c65c146cbba9332041a491","HAS_SUBITEM"
"ede439f8d95527a9d057ff4e50dc80c4d48d5131","3fd0724a7e1a0b0ab63bd98ad9a912837d832c5f","HAS_SUBITEM"
"ede439f8d95527a9d057ff4e50dc80c4d48d5131","a3351c7e2634af3f882e399056d7e3dec57688de","HAS_SUBITEM"
"ede439f8d95527a9d057ff4e50dc80c4d48d5131","84dcc33073ce1b6389a39871b8c3dc52476337cb","HAS_SUBITEM"
"def5c584430022c4300d30027f5ee44dfdc69bf6","3032d78820fc43187d595bf99dc5dcbea807f652","HAS_SUBITEM"
"def5c584430022c4300d30027f5ee44dfdc69bf6","8ee44607e90843abdb518b829e758d4830d76909","HAS_SUBITEM"
"def5c584430022c4300d30027f5ee44dfdc69bf6","fa745e87a8bb998dc321cd8160f1e025166e8a39","HAS_SUBITEM"
"def5c584430022c4300d30027f5ee44dfdc69bf6","7e8dc736b787bb668413ab23596572150dcb1ae3","HAS_SUBITEM"
"def5c584430022c4300d30027f5ee44dfdc69bf6","8af37567d298de8bbd918ec1efa7159a2603ba2a","HAS_SUBITEM"
"def5c584430022c4300d30027f5ee44dfdc69bf6","ba2f5362153cff5f688fc7170ef783bb905ea31f","HAS_SUBITEM"
"def5c584430022c4300d30027f5ee44dfdc69bf6","940ca87b9db37d1ef3c01ecf991dbb1c72c15890","HAS_SUBITEM"
"def5c584430022c4300d30027f5ee44dfdc69bf6","30f6778f24eaaf9023ebef2a34ef5f4944408025","HAS_SUBITEM"
"def5c584430022c4300d30027f5ee44dfdc69bf6","b28966f24263da44bf83976b0549a7b59257b925","HAS_SUBITEM"
"2829f2c20c6275f6dddcc872d56746d3184e3783","7f73b0880c1ec872113dc644482dae36fde65a4a","HAS_SUBITEM"
"2829f2c20c6275f6dddcc872d56746d3184e3783","0c5dec2e69111499b2929c465e8336b544a17221","HAS_SUBITEM"
"2829f2c20c6275f6dddcc872d56746d3184e3783","c8d9bb61db5041983f6c00196c4fa522f07b3411","HAS_SUBITEM"
"66d43b49dd15e2c23c2ea225e9b4e326ad2d3c05","ddd5a83f56376f8dd1d834cc5a355b3b1a575938","HAS_SUBITEM"
"66d43b49dd15e2c23c2ea225e9b4e326ad2d3c05","bf76b3f49fb2e8c76c8be511bd6ad5af4649a38e","HAS_SUBITEM"
"42dbada68b9b5616cab0acfda2f7a4c45ef49f04","542dffd99e69266f46cf7a7aeb1804a7165b6263","HAS_SUBITEM"
"42dbada68b9b5616cab0acfda2f7a4c45ef49f04","0574e5469572d4289842da25d91e9d08a20c1f1d","HAS_SUBITEM"
"5d3b7fb945f0f6cab8257488599cdb302e5ea31a","05d2813323d28fc523df22f0d909c5bf98206bad","HAS_SUBITEM"
"5d3b7fb945f0f6cab8257488599cdb302e5ea31a","1e19342211c7eae822eb1cac48788553be88391f","HAS_SUBITEM"
"5d3b7fb945f0f6cab8257488599cdb302e5ea31a","feeebc92ae591018e1d91d752caa263336e88753","HAS_SUBITEM"
"9eabadc580c273df2f34a6d7ecf491b0365fbe8d","bb9d5e3eeb2e996a6bbce63c685165ff30069d97","HAS_SUBITEM"
"9eabadc580c273df2f34a6d7ecf491b0365fbe8d","18a1ee2a81a264974773d544c7b8ac1982d2d3ff","HAS_SUBITEM"
"9eabadc580c273df2f34a6d7ecf491b0365fbe8d","220b6a1c10bffe8119540533415499cf56dc14be","HAS_SUBITEM"
"9eabadc580c273df2f34a6d7ecf491b0365fbe8d","98ca16bad952587a8d7cbe1d0590884f1efa8514","HAS_SUBITEM"
"4fe20843b213d3c87038ddeb55255b3f46afcc83","7819c3aa3d09c931926d0af0e568cc2395c859e1","HAS_SUBITEM"
"4fe20843b213d3c87038ddeb55255b3f46afcc83","c561feeb7223c28f8a96244d20999faa7e52b256","HAS_SUBITEM"
"4fe20843b213d3c87038ddeb55255b3f46afcc83","b11a294bf7ac07713cd88362e56163102e6032f2","HAS_SUBITEM"
"4fe20843b213d3c87038ddeb55255b3f46afcc83","9f958b4604862a7e14d74890370703b36403e0a3","HAS_SUBITEM"
"a87350e0fc04b8192807c5fa92a3abb6733d24d7","d24be8a6b21a300eb369eaf366128d2fdb729c7a","HAS_SUBITEM"
"a87350e0fc04b8192807c5fa92a3abb6733d24d7","800736042bfaccb250b43fa305600e8fc28df137","HAS_SUBITEM"
"a87350e0fc04b8192807c5fa92a3abb6733d24d7","97cd1d9ab2aa83fe18f162f5bfd8e937e18f7118","HAS_SUBITEM"
"a87350e0fc04b8192807c5fa92a3abb6733d24d7","21b8bd85780773409c31f76819b3e9eec6e96b58","HAS_SUBITEM"
"a87350e0fc04b8192807c5fa92a3abb6733d24d7","0d87e06446933aa091126de1026a162597bef70b","HAS_SUBITEM"
"6abe1c9adfd9daa730c26a370683ab491edbb196","660f611180c6df067a45b03dabbef49358739218","HAS_SUBITEM"
"6abe1c9adfd9daa730c26a370683ab491edbb196","3c7c6b553ad2ec9e1a744db5440c80be1608c56d","HAS_SUBITEM"
"6abe1c9adfd9daa730c26a370683ab491edbb196","f07ca8aec336e7fcbe21289769c82ec1d7599341","HAS_SUBITEM"
"6abe1c9adfd9daa730c26a370683ab491edbb196","d3a465bc9a721d8ca000c1297a6db8f748dc6ae6","HAS_SUBITEM"
"6abe1c9adfd9daa730c26a370683ab491edbb196","64d9e0b9665a9eaf16677cd86ce6352be88e7e4e","HAS_SUBITEM"
"1b7e5f4ef0bc30aa4b6a02c4a81b13b446a45756","c33f2419d754773889b6467df8af1cb0aed351a6","HAS_SUBITEM"
"1b7e5f4ef0bc30aa4b6a02c4a81b13b446a45756","539c47307aa2f93180c4b15b9846fbf85a73e10f","HAS_SUBITEM"
"1b7e5f4ef0bc30aa4b6a02c4a81b13b446a45756","a7bb0411dc00c75b387417f405b9488954887979","HAS_SUBITEM"
"1b7e5f4ef0bc30aa4b6a02c4a81b13b446a45756","a2013c15dab1acda4020939be95de4ee5ccd12b2","HAS_SUBITEM"
"1b7e5f4ef0bc30aa4b6a02c4a81b13b446a45756","9da93481208315519fc83c19e6f62d90bc45ad81","HAS_SUBITEM"
"1b7e5f4ef0bc30aa4b6a02c4a81b13b446a45756","31cb9331f2ef54f81a762965db0d43ab30af37e2","HAS_SUBITEM"
"5402ed04f4e614a15fcc9fe2b611f8822584ee25","d4a68ae690c608b542be6980fe93fd05d85eb648","HAS_SUBITEM"
"5402ed04f4e614a15fcc9fe2b611f8822584ee25","ef33a82e51d47a73a61a06e43dcbd2479869f9a5","HAS_SUBITEM"
"e360c1ba7a7c5b0ed7155299d756eb28f76c0884","67ed731c0c407a429f3eef94af1b66d144f62592","HAS_SUBITEM"
"e360c1ba7a7c5b0ed7155299d756eb28f76c0884","174ae505c655ca5d259f9b26d4360ffc3c576052","HAS_SUBITEM"
"e360c1ba7a7c5b0ed7155299d756eb28f76c0884","086a920d0dba3922555859fa4f0a1583c77593a3","HAS_SUBITEM"
"18edb4008b02d4e88361be6a5711c97c5aa665f2","6837daff81975ec753f2c75203c79a172f01885c","HAS_SUBITEM"
"18edb4008b02d4e88361be6a5711c97c5aa665f2","b0f02342dd32ff804041699b9d717b59754e5e19","HAS_SUBITEM"
"18edb4008b02d4e88361be6a5711c97c5aa665f2","aaa1f245c184f07588c00e99bc5ae870a55793d7","HAS_SUBITEM"
"18edb4008b02d4e88361be6a5711c97c5aa665f2","35f935343c40c3fff1999e9d64a7f0992361e512","HAS_SUBITEM"
"01858e27e8f5978a5ebe27d98d11be9a96f5cc3e","a8321587ebae06734ef13ec34c8bbf9d51b81731","HAS_SUBITEM"
"01858e27e8f5978a5ebe27d98d11be9a96f5cc3e","629bbf803e6fc9e3033f47ee4a5bf36c4dd7dae0","HAS_SUBITEM"
"2a03125c32872a145f9ce7cd7edc56784554990f","caf16459303e56da8b853346418f2e3c7f944ab3","HAS_SUBITEM"
"2a03125c32872a145f9ce7cd7edc56784554990f","50892fb24ee2d6c81bc6f2b1ae49e5eef05350be","HAS_SUBITEM"
"2a03125c32872a145f9ce7cd7edc56784554990f","9c51d730c1939610678f7f14b26db6cf17d777a9","HAS_SUBITEM"
"2a03125c32872a145f9ce7cd7edc56784554990f","f5388f24c3657cd2fedbf86b7414cd074de2b5e8","HAS_SUBITEM"
"2a03125c32872a145f9ce7cd7edc56784554990f","61ee6528fd4179736a974beabc245ede8b4c6af4","HAS_SUBITEM"
"9c5ae811113bdbce04fd163de4bfc20c332c3437","9bd04c0d3b6dbcf1af9c820e40e5ec0f3bf543ac","HAS_SUBITEM"
"9c5ae811113bdbce04fd163de4bfc20c332c3437","bb36583d2c15d25284edbd697d5fe22e629607a0","HAS_SUBITEM"
"fa156fd4243ef5cae2f5f6350d33c2317130f138","7b111a2558939182224e17774ad8a90ac00ef246","HAS_SUBITEM"
"fa156fd4243ef5cae2f5f6350d33c2317130f138","7c6c23d1fadd9c7cafe5446a3332f7c6e5defec0","HAS_SUBITEM"
"fa156fd4243ef5cae2f5f6350d33c2317130f138","8b1b0aa625874f746de26fc63ba100fb59f793df","HAS_SUBITEM"
"ad2b6d908dcd80ffab79ba0d8574a78d5f55eded","5b7e1b5bbb142e0ab964cc610ef78aabb6a283c1","HAS_SUBITEM"
"ad2b6d908dcd80ffab79ba0d8574a78d5f55eded","7dc8ad3587418c8a2318c4732577c9699cf357ee","HAS_SUBITEM"
"ad2b6d908dcd80ffab79ba0d8574a78d5f55eded","c4ad94be82c65992624be5d0366fb652f50a249b","HAS_SUBITEM"
"ad2b6d908dcd80ffab79ba0d8574a78d5f55eded","3ecdf002bb7baef141ad3df128436eca485ff495","HAS_SUBITEM"
"ad2b6d908dcd80ffab79ba0d8574a78d5f55eded","c1ffdc99d2133f3d52c1ccdedc40e9fec6f23cbf","HAS_SUBITEM"
"ef512812e13e8df273cc94dfc535315f8f506112","906d95253f5792fe0542d9daa0ab5b14bae71c7e","HAS_SUBITEM"
"ef512812e13e8df273cc94dfc535315f8f506112","30004e9820f0bc50da110cafd43d238feba4a727","HAS_SUBITEM"
"ef512812e13e8df273cc94dfc535315f8f506112","3e6779acdbb9e9c30d243de48ba7fab42c681e8e","HAS_SUBITEM"
"955b69d010aadbf96f7bb8afad98adfe1af05458","7a424cf103bad6fd7f583cc45471e5fc67233470","HAS_SUBITEM"
"955b69d010aadbf96f7bb8afad98adfe1af05458","a23b0371b7fb9e8fbea68ab0f84ab82e1c442ea0","HAS_SUBITEM"
"955b69d010aadbf96f7bb8afad98adfe1af05458","1a6600d74037ad34b822a0afef646edf8a103e33","HAS_SUBITEM"
"955b69d010aadbf96f7bb8afad98adfe1af05458","af129f1227c148098a2075a312a0d5c872a9a7d0","HAS_SUBITEM"
"eb215ab918782673da2bb3311e9011689454ab3e","04e1f178d4bf1b40581d0b4a38370e04aa138287","HAS_SUBITEM"
"eb215ab918782673da2bb3311e9011689454ab3e","6650d708b87b3c656991e9e9f3f57271c5bea0fd","HAS_SUBITEM"
"f4a33b6a6df7e87e84aa77a7df084e1074884d82","3150258a73b7dce1d8719768d754e636d60bae11","HAS_SUBITEM"
"f4a33b6a6df7e87e84aa77a7df084e1074884d82","cc723185f5897fe7cffe9e286255451d0313f5f1","HAS_SUBITEM"
"f4a33b6a6df7e87e84aa77a7df084e1074884d82","6bf483fe506f33824ab33ec2ccb1fac3637830ee","HAS_SUBITEM"
"f4a33b6a6df7e87e84aa77a7df084e1074884d82","5eaeace8c9a9dca6c178fad7ba3da27ba079be21","HAS_SUBITEM"
"b49b5f6594ba3a1b68d3842dd47cbfde9b34ca67","2ac7b02eb7203a26b99e30c2493e719ac7016265","HAS_SUBITEM"
"b49b5f6594ba3a1b68d3842dd47cbfde9b34ca67","d9a10df86f2693322df1916c0fec17440b73c892","HAS_SUBITEM"
"b49b5f6594ba3a1b68d3842dd47cbfde9b34ca67","e9eb89cb07c1aacbf4319b10fb865e6ceedc2854","HAS_SUBITEM"
"b49b5f6594ba3a1b68d3842dd47cbfde9b34ca67","305f95dc470488023330ec558290297a553d998e","HAS_SUBITEM"
"b49b5f6594ba3a1b68d3842dd47cbfde9b34ca67","b72837c54610cc36ab039c0a36e0383c3b91176f","HAS_SUBITEM"
"b49b5f6594ba3a1b68d3842dd47cbfde9b34ca67","4cbad08ff9d527c01a29d89ecea27e5520ed4f1f","HAS_SUBITEM"
"b49b5f6594ba3a1b68d3842dd47cbfde9b34ca67","97c438a18e03e69319fbfefdbb90f4b65c468253","HAS_SUBITEM"
"b49b5f6594ba3a1b68d3842dd47cbfde9b34ca67","496607f1b242db0f2aef7e840f3893903f9f7aab","HAS_SUBITEM"
"b49b5f6594ba3a1b68d3842dd47cbfde9b34ca67","b74b97b60d0640e0cb916f773901eb498d98e623","HAS_SUBITEM"
"624b9fa10db4b0c23b296f6d377faf474fb1be69","021d8d4f4789199d11d608341f40beba45392348","HAS_SUBITEM"
"624b9fa10db4b0c23b296f6d377faf474fb1be69","2f6b182de22a90c7fa8cccd42c6bcee1f86b0fff","HAS_SUBITEM"
"624b9fa10db4b0c23b296f6d377faf474fb1be69","49eaac91a83a1f4960ddec4cf45bf120de96112d","HAS_SUBITEM"
"624b9fa10db4b0c23b296f6d377faf474fb1be69","c21e9b931333e60391faa9572b60c25982ced034","HAS_SUBITEM"
"624b9fa10db4b0c23b296f6d377faf474fb1be69","18ed1e384ff9d71d81a31e4c2593ad17cddfb79f","HAS_SUBITEM"
"624b9fa10db4b0c23b296f6d377faf474fb1be69","35cceea0982b32a085bbff6f0f90f8f8bb29f2ff","HAS_SUBITEM"
"624b9fa10db4b0c23b296f6d377faf474fb1be69","a4062d47088a40663e6c934a36eb352a9602e011","HAS_SUBITEM"
"624b9fa10db4b0c23b296f6d377faf474fb1be69","b3df5f96a83c76d7244192653356cded7790f340","HAS_SUBITEM"
"624b9fa10db4b0c23b296f6d377faf474fb1be69","757ca8705fa96ddcda5929ceaaf49e357aaefb0e","HAS_SUBITEM"
"ac146344717f5399596d6f570aa6bae05bb74195","ea06fc280fe93dd8a43429eacb47b7ae9d9777ab","HAS_SUBITEM"
"ac146344717f5399596d6f570aa6bae05bb74195","58d7d105db45f60cbb02ff11258bb0a2d4580869","HAS_SUBITEM"
"ac146344717f5399596d6f570aa6bae05bb74195","ea00e4617ff32329741574964287199e239ed70b","HAS_SUBITEM"
"ac146344717f5399596d6f570aa6bae05bb74195","d3d30bfbfde970ebd0ac824f012af7581c0e9d0f","HAS_SUBITEM"
"ac146344717f5399596d6f570aa6bae05bb74195","4c1ffce5ab925e48aeb967718b64c7d0cbacab2f","HAS_SUBITEM"
"ac146344717f5399596d6f570aa6bae05bb74195","5beadf318c8b1fb859e2cfcdf12f4cb46237dbf8","HAS_SUBITEM"
"ac146344717f5399596d6f570aa6bae05bb74195","78b0df72559a4b4bb8bb962f430adb87bdf5960e","HAS_SUBITEM"
"ac146344717f5399596d6f570aa6bae05bb74195","837e2722a85185e8120dd85e0ab379e824689712","HAS_SUBITEM"
"ac146344717f5399596d6f570aa6bae05bb74195","9fc57ab360c5cf7d2b8aa5f10d5906716b4935cd","HAS_SUBITEM"
"ac146344717f5399596d6f570aa6bae05bb74195","51df282061ea81fda59216de7f351301a2631a48","HAS_SUBITEM"
"ac146344717f5399596d6f570aa6bae05bb74195","6beec4e16418008a9c7382134d013768e8536d15","HAS_SUBITEM"
"ac146344717f5399596d6f570aa6bae05bb74195","53988e2080d0c0c732408da30a0cac64c9a7da1b","HAS_SUBITEM"
"1530b2eb3f8487dfdf565805295062bc89f7729e","886283baf032c9850dce74a34d77bf648aade983","HAS_SUBITEM"
"1530b2eb3f8487dfdf565805295062bc89f7729e","6ec32899df114dfa94324e0531e8fa452ff19c71","HAS_SUBITEM"
"291c2b89b2b6dea2e343c043f8ea3cd2cb28ec96","9ecfc19b440ba3e54740ca4d772466ca6f756adc","HAS_SUBITEM"
"291c2b89b2b6dea2e343c043f8ea3cd2cb28ec96","96339136dcce428e88b0e6fbf33e65a3aa10d3a5","HAS_SUBITEM"
"291c2b89b2b6dea2e343c043f8ea3cd2cb28ec96","820b0104aa9ec81ed96f3e09aed0199f3858bc06","HAS_SUBITEM"
"291c2b89b2b6dea2e343c043f8ea3cd2cb28ec96","aad145f7879f51fb5df231126763b4fbeedcde0e","HAS_SUBITEM"
"291c2b89b2b6dea2e343c043f8ea3cd2cb28ec96","fdb899888796ffa7cb3a000d60f5263c73f4eea7","HAS_SUBITEM"
"291c2b89b2b6dea2e343c043f8ea3cd2cb28ec96","b13091aa7a8a526e71f9781b48502ad598f8af6b","HAS_SUBITEM"
"291c2b89b2b6dea2e343c043f8ea3cd2cb28ec96","d80ca443226c4470f488968cf149b0851ce9ec74","HAS_SUBITEM"
"291c2b89b2b6dea2e343c043f8ea3cd2cb28ec96","c38591a805b68bf4675a6cd921f84946a9ca07db","HAS_SUBITEM"
"291c2b89b2b6dea2e343c043f8ea3cd2cb28ec96","cd97885de96eb315f081510a64c16bec470d8bf3","HAS_SUBITEM"
"291c2b89b2b6dea2e343c043f8ea3cd2cb28ec96","c98ce0192c98cfcdd13cb9b3af39cf0584a7fab5","HAS_SUBITEM"
"d8af7219096e8e3f8c99569b0e83ef7980fe0629","9801a2c644aa1ce99020559a2be98abd495c234c","HAS_SUBITEM"
"d8af7219096e8e3f8c99569b0e83ef7980fe0629","bc869120c78192d32007ad26c127df1acc47a774","HAS_SUBITEM"
"d8af7219096e8e3f8c99569b0e83ef7980fe0629","42483df2221ad15dc7e9dfe4f608eaa8fb3a4190","HAS_SUBITEM"
"d8af7219096e8e3f8c99569b0e83ef7980fe0629","4d5f45b00241d80b8bd1816ae9896983433ce1e2","HAS_SUBITEM"
"d8af7219096e8e3f8c99569b0e83ef7980fe0629","b329374b3fb3024521ffe1e468b825decb96b054","HAS_SUBITEM"
"d8af7219096e8e3f8c99569b0e83ef7980fe0629","9489c61a2b2c86f0bff3129e7eca86eb601f90a5","HAS_SUBITEM"
"d8af7219096e8e3f8c99569b0e83ef7980fe0629","7828ad63dd240c69e3c88f90a412799e5b4b0169","HAS_SUBITEM"
"5a83f78624a90f6f1c3d899085a98fbd23343ad4","b944b434103aa5d19e52526862145502d97ad08d","HAS_SUBITEM"
"5a83f78624a90f6f1c3d899085a98fbd23343ad4","e534d2d3161fcec1632163ca17e9b7edcc2bb171","HAS_SUBITEM"
"5a83f78624a90f6f1c3d899085a98fbd23343ad4","12b6f4c1c6ca99450ccd878dfeadffe1de235e7c","HAS_SUBITEM"
"953903ada17165808fe74bf5cf5c1deddf9dbf43","162814b4d36016fec18965fbfd46e2f5b9b56e82","HAS_SUBITEM"
"953903ada17165808fe74bf5cf5c1deddf9dbf43","ef5ce3c3d7aa6af015f1a1e2562ff965854cc543","HAS_SUBITEM"
"80957db01fe45a4f6cf60c41ab0b2be2c60b8c88","7c563fac8ba005aeb90e3c03c2efd5ccee333a0a","HAS_SUBITEM"
"80957db01fe45a4f6cf60c41ab0b2be2c60b8c88","abddac814101ee86933e41089dcd803d366fc952","HAS_SUBITEM"
"80957db01fe45a4f6cf60c41ab0b2be2c60b8c88","43b7f08808880e93f5ce150e1763094c1fb0ed08","HAS_SUBITEM"
"80957db01fe45a4f6cf60c41ab0b2be2c60b8c88","8250d1126bf3ec48e3f499fb0adfeefc403f771e","HAS_SUBITEM"
"80957db01fe45a4f6cf60c41ab0b2be2c60b8c88","19021932500a79d231d9660c12fc8a3bfcb29ced","HAS_SUBITEM"
"80957db01fe45a4f6cf60c41ab0b2be2c60b8c88","58cd982a0abd99c9170d79e77ae08ec2e56aff32","HAS_SUBITEM"
"80957db01fe45a4f6cf60c41ab0b2be2c60b8c88","b14569e5c0f0ca5414838e6842517d8d31d23204","HAS_SUBITEM"
"80957db01fe45a4f6cf60c41ab0b2be2c60b8c88","d2eac3e4e4b143202c7a564acb2849fe2a98786e","HAS_SUBITEM"
"d6422a5281b71b930972e696aaa4dc95af39f08d","ba5d0383c1c9c035da68df4eee7ed7b249fc1c49","HAS_SUBITEM"
"d6422a5281b71b930972e696aaa4dc95af39f08d","9d1d34f050ee0240d74f92052e970fb7fdd386f3","HAS_SUBITEM"
"d6422a5281b71b930972e696aaa4dc95af39f08d","3f078260cf117770dfecd9052e72b527b004543f","HAS_SUBITEM"
"d6422a5281b71b930972e696aaa4dc95af39f08d","1877f501dcea618697c9c5e663dfccff7ac9b6c8","HAS_SUBITEM"
"d6422a5281b71b930972e696aaa4dc95af39f08d","176f4edb12033461a8b4ced0df4c081d4db2f4ec","HAS_SUBITEM"
"d6422a5281b71b930972e696aaa4dc95af39f08d","5f1f307c0984bc795fe217de807ab9cb61c8f13d","HAS_SUBITEM"
"d6422a5281b71b930972e696aaa4dc95af39f08d","5125966bef998e99a8ad9c6ccdca384e9a93403f","HAS_SUBITEM"
"d6422a5281b71b930972e696aaa4dc95af39f08d","cd1e1d907e918f706bda77877d69ad79da2e911f","HAS_SUBITEM"
"81ee62fe0bc269b2db3460856363e492682e0a74","84af424d99629ca702c87388be9ec34d563817bb","HAS_SUBITEM"
"81ee62fe0bc269b2db3460856363e492682e0a74","0686ea50346e87a9f87a40edae3f899021ecbda2","HAS_SUBITEM"
"81ee62fe0bc269b2db3460856363e492682e0a74","80eb4f0172e761129b0afd7fefbf89de06da26f2","HAS_SUBITEM"
"81ee62fe0bc269b2db3460856363e492682e0a74","f2c652dab7c7492cbaeb1c3097ad6db1bffe5438","HAS_SUBITEM"
"3c00364d6371077fc4217341e029cb0495782c50","7f2beb2b8c2dfc7eb1b7a36895d86ac3359ba6e8","HAS_SUBITEM"
"3c00364d6371077fc4217341e029cb0495782c50","2abe4b612449630a9e52efe6f183d95aabc6da9a","HAS_SUBITEM"
"922a9f22bb6de2a72453ad5c1cfead062a3b10f2","bec7f1ebffec13d14a5a61be141ac4b6beb8d3de","HAS_SUBITEM"
"922a9f22bb6de2a72453ad5c1cfead062a3b10f2","72c452bf86441dbc637847aa49f23258262d3b3c","HAS_SUBITEM"
"922a9f22bb6de2a72453ad5c1cfead062a3b10f2","732d25dbac1fa03427b630afbd6791cf53f87824","HAS_SUBITEM"
"922a9f22bb6de2a72453ad5c1cfead062a3b10f2","b17e55ecb95b6b8cc4d6e5d5e56802b060c86cbe","HAS_SUBITEM"
"922a9f22bb6de2a72453ad5c1cfead062a3b10f2","762b62951068f29c52c9f7f77dee4831787bf21f","HAS_SUBITEM"
"922a9f22bb6de2a72453ad5c1cfead062a3b10f2","446127b548d5fe2193736bef9df31732bffc4af1","HAS_SUBITEM"
"1bd522e28efa1ef4bf023d11b1bc6176a26add90","ebae56b3fa95d7909970cc4cf5f3685cdf7f07c4","HAS_SUBITEM"
"1bd522e28efa1ef4bf023d11b1bc6176a26add90","791142e4291a7da97166f67e51b0a755b9d38cb7","HAS_SUBITEM"
"2fa1aa61023ab541e15df971e22ad954e967856d","57bb0cdb0fbb646316b2dd73e25acd65a12a9fbb","HAS_SUBITEM"
"2fa1aa61023ab541e15df971e22ad954e967856d","d25267fed888722dd9a2df75ab73450d7b6925e2","HAS_SUBITEM"
"2fa1aa61023ab541e15df971e22ad954e967856d","773ca5201ec84474fea9ad9c3509f90c448b55df","HAS_SUBITEM"
"d5702dc661116757882089ea2065687d106d2fb3","0e6ef8dc0b823e1d794db824ee4280c2483f1cab","HAS_SUBITEM"
"d5702dc661116757882089ea2065687d106d2fb3","7d6a20a9145f42da2f96b5df32e58b39d9b8adf7","HAS_SUBITEM"
"fa20bded2655fa2ff40f7f4e0d22f6582834b4ff","2d43e70b73f9aece5ca04e829f097ce2d7913891","HAS_SUBITEM"
"fa20bded2655fa2ff40f7f4e0d22f6582834b4ff","11c0620d5e1d1004a25ead49f1d90b227193fe92","HAS_SUBITEM"
"fa20bded2655fa2ff40f7f4e0d22f6582834b4ff","52c38aa58ebe2f51eb5195ed9ce009e52029b2ba","HAS_SUBITEM"
"4fa2e6d392fadd3a045efbdfddc9c307a4912ccf","cc91900252e50fcb8f4e545d03d21c9209cd04f1","HAS_SUBITEM"
"4fa2e6d392fadd3a045efbdfddc9c307a4912ccf","25e2580ad213756a3109de4ec75a937f9fa9e9c4","HAS_SUBITEM"
"4fa2e6d392fadd3a045efbdfddc9c307a4912ccf","e9f82f4f101797f857a73020294be2ec6f489fa9","HAS_SUBITEM"
"1ede221f226f18830cbb5159b3015742af1abb64","4907119dcda0185ef2ef5ac4d598185e797c35b8","HAS_SUBITEM"
"1ede221f226f18830cbb5159b3015742af1abb64","ef3aa72f32dba460772cdb4752ec7b79065309ff","HAS_SUBITEM"
"1ede221f226f18830cbb5159b3015742af1abb64","3375e75c52263f72ba30096c846cda75a3319ba0","HAS_SUBITEM"
"fb0f06d6ce16f54f952790536ca000a906c5a071","49a453186844d3b803e90c2c6db523916818f5f2","HAS_SUBITEM"
"fb0f06d6ce16f54f952790536ca000a906c5a071","244d5136d63bfba9fff6d498102114601b875f1c","HAS_SUBITEM"
"fb0f06d6ce16f54f952790536ca000a906c5a071","82c72fdc39f96aaa5f913a1352d40fd6810450e8","HAS_SUBITEM"
"ecc6f99ac9bf7ba30e2ae0becfcd6130008f8b57","d69a00df660650e5ee523c0e1e235a24523fee45","HAS_SUBITEM"
"ecc6f99ac9bf7ba30e2ae0becfcd6130008f8b57","6b0dda9bd49ebaf4f11a2838edac943fc1bee8a1","HAS_SUBITEM"
"ecc6f99ac9bf7ba30e2ae0becfcd6130008f8b57","98f6e66a1e7944bb16f445414906f37f216b268f","HAS_SUBITEM"
"ecc6f99ac9bf7ba30e2ae0becfcd6130008f8b57","d96bf0b17a4d41e8c61f0a5928a77381491f5fa6","HAS_SUBITEM"
"93d2c0d3f4b3a5b9a9c5c152da00a62ec2c639c1","0ea858397546fa8273f9bf205baa521d1b7bff8f","HAS_SUBITEM"
"93d2c0d3f4b3a5b9a9c5c152da00a62ec2c639c1","9600c13727bcdc122c0190e1946aa5f9d52aed71","HAS_SUBITEM"
"93d2c0d3f4b3a5b9a9c5c152da00a62ec2c639c1","a50e67ba3b4ebced0b20c36013bd11b5850f9d9c","HAS_SUBITEM"
"e5997b61c189ea4a38b911644973955f1507e47f","72535b3dcd4dd986aa0ffa031ddb22fa0dbab9e2","HAS_SUBITEM"
"e5997b61c189ea4a38b911644973955f1507e47f","6f1ee9a6d66f293afda59e9636422fc501491ec0","HAS_SUBITEM"
"e5997b61c189ea4a38b911644973955f1507e47f","c510cdb7d830a82247dd879c7289e30227e01ea1","HAS_SUBITEM"
"51273789c33fb534005334009c68ebabcebe5e3c","d963ab69ef43eae70c7ca72ded403b192ffc532b","HAS_SUBITEM"
"51273789c33fb534005334009c68ebabcebe5e3c","dc866cb611889fa17bdf2f81eedda76bc0260df9","HAS_SUBITEM"
"51273789c33fb534005334009c68ebabcebe5e3c","0a8d527a518e7a4856897d6af6495a025eba4f7c","HAS_SUBITEM"
"007b22f65e16abff8dabef7cfc5fa6642264cd95","df504bf28ee5632e882fc8545c6d888321838e3d","HAS_SUBITEM"
"007b22f65e16abff8dabef7cfc5fa6642264cd95","a912ec86f183acecbeb7daee3855f7a97c1220c7","HAS_SUBITEM"
"007b22f65e16abff8dabef7cfc5fa6642264cd95","1e179fb27de1d27f02c3d8614910dddffef4444f","HAS_SUBITEM"
"007b22f65e16abff8dabef7cfc5fa6642264cd95","5582b36b0f19461fe7b6b453e8596b976ebf545d","HAS_SUBITEM"
"a42244f55a31b823554c48d4c56d24f6c6d761fe","1977629638b953eee631344ac7233e97fd38a4af","HAS_SUBITEM"
"a42244f55a31b823554c48d4c56d24f6c6d761fe","8a53f0214489d4202dd1ddb07121457b972b981d","HAS_SUBITEM"
"e0295b8cc524a314a9af9c941a35716ece517e94","9bec2bad2c19ec31c1f9baec8ec1fb0bc46d8229","HAS_SUBITEM"
"e0295b8cc524a314a9af9c941a35716ece517e94","3fa0fe50419862d31fe71e830405aec465857ec3","HAS_SUBITEM"
"14dbe9ef3e9dc2984c61394bdb017f1c47ef5f8a","37f24423eca19dc24e98a60cf7ed71302f97ab06","HAS_SUBITEM"
"14dbe9ef3e9dc2984c61394bdb017f1c47ef5f8a","5a1b6d19491631790a91ffd761ee5a4926a67141","HAS_SUBITEM"
"7ac72f8c85020f86c3121eceae3f559edcf86859","83276b6104c0a4e202e2eb331ff386f192d8f7aa","HAS_SUBITEM"
"7ac72f8c85020f86c3121eceae3f559edcf86859","ffa81ea8fbadd32ce0b38954f9f46f5fe4a20a95","HAS_SUBITEM"
"7ac72f8c85020f86c3121eceae3f559edcf86859","10c66744f6251765917cddbb462906a1f26b5a02","HAS_SUBITEM"
"5f2e56c0523765c415b9220fc40bd4f46da74005","cadd5166a2d24d32243c52e267e4c9ba4bb0439b","HAS_SUBITEM"
"5f2e56c0523765c415b9220fc40bd4f46da74005","175e6eb95fd62acca0a53593426dcfc02a7b1bfc","HAS_SUBITEM"
"a1aca66d8bef4d11fb2d47971475d6ca33a6acd0","df139d84d261f0f8b7f5981c7b6fedf2faa4b041","HAS_SUBITEM"
"a1aca66d8bef4d11fb2d47971475d6ca33a6acd0","3cfaa005790137ce4a76da2e2a12c5f8ec6103ce","HAS_SUBITEM"
"a1aca66d8bef4d11fb2d47971475d6ca33a6acd0","ac8ab5483f67e1bd4060dc09cb52d023904d5027","HAS_SUBITEM"
"aa2c57172a80603346246134d412084edad88f16","3684aa0e5c0a0092d92123c69173a505eaaa2029","HAS_SUBITEM"
"aa2c57172a80603346246134d412084edad88f16","6443849b2efa76b50445e975cf4b709723373766","HAS_SUBITEM"
"aa2c57172a80603346246134d412084edad88f16","eb20732ac84042423b16bf694a4bd5fa5061d0d0","HAS_SUBITEM"
"a63f6ce422173210bd13a4ca5fa31dfbd1d586f6","7b4d2e2e9f0008820bc698551c7780045b6b4a15","HAS_SUBITEM"
"a63f6ce422173210bd13a4ca5fa31dfbd1d586f6","c956df8e56f19bfb21ea7af6b82ab856f7f0ebe2","HAS_SUBITEM"
"c4219edb642dcb02183264b43652303e2a3851b6","6fb8eb86f9a4218b40daa57e6adb82d18662da94","HAS_SUBITEM"
"c4219edb642dcb02183264b43652303e2a3851b6","9a7940cf5b7b7812bcce0991f3f55b8721bd5c71","HAS_SUBITEM"
"c4219edb642dcb02183264b43652303e2a3851b6","2eeb620992fde94f784e8ca704ed8cddb96bb62a","HAS_SUBITEM"
"c4219edb642dcb02183264b43652303e2a3851b6","7ca325dae02be2c1dc6bcce45a496a2578acd43c","HAS_SUBITEM"
"c4219edb642dcb02183264b43652303e2a3851b6","a8f7036149da547d3a085a930486f3d3797bdabc","HAS_SUBITEM"
"c4219edb642dcb02183264b43652303e2a3851b6","ebb411711a5f8ad235c92a498a1ff62bba5413c3","HAS_SUBITEM"
"b1bf9629c7f29fe8b8e43c42123dc5a163b90a26","e1727a262928c9002d281ba7ec8277e2c8d1b3a2","HAS_SUBITEM"
"b1bf9629c7f29fe8b8e43c42123dc5a163b90a26","ec8e86b0a409734c7e4f194adde05053aa860e4a","HAS_SUBITEM"
"b1bf9629c7f29fe8b8e43c42123dc5a163b90a26","00b14f4ca1b7eb6cea9376598f6e62f3edbff097","HAS_SUBITEM"
"70e73ec2e2742f5a67784442c2f15e4da3ee1581","60e9133f3255bc2c32731fb071669e6c46bc89d2","HAS_SUBITEM"
"70e73ec2e2742f5a67784442c2f15e4da3ee1581","ae684fbeb3abf6e27b6299fe41951dad36a068d9","HAS_SUBITEM"
"70e73ec2e2742f5a67784442c2f15e4da3ee1581","43b933685651f3eaaf71d16baa49a75f2295e65a","HAS_SUBITEM"
"cbe8f15fbb2655d26e5d2ecec4fd83b55308291f","7c9f1d228180fb1638662df8a9c05c4ef19698b3","HAS_SUBITEM"
"cbe8f15fbb2655d26e5d2ecec4fd83b55308291f","38511330597ef11a45dd8daebdcd54aefdb750d1","HAS_SUBITEM"
"cbe8f15fbb2655d26e5d2ecec4fd83b55308291f","6ae4044a69e9a5d6562928e3d6a6c05b34e08935","HAS_SUBITEM"
"cbe8f15fbb2655d26e5d2ecec4fd83b55308291f","eed47a113cc0ccc7087f1fe8cd3f0da6e1229ba2","HAS_SUBITEM"
"7ab7dff8f34786a7614ea2f4c185bec60df55f23","acdebd789f74b5520476bc0132a16c5abdbb16cc","HAS_SUBITEM"
"7ab7dff8f34786a7614ea2f4c185bec60df55f23","4e2e0350187e80b07a2f0540b510a11a8b75b3ea","HAS_SUBITEM"
"b8954544f465d8d266ad2c778414ee2c9bce5b67","e005e7fd6a06c68af00b20075a059ca452a50688","HAS_SUBITEM"
"b8954544f465d8d266ad2c778414ee2c9bce5b67","f070395229441c135ae9d8d98f731b38fdc82a74","HAS_SUBITEM"
"b8954544f465d8d266ad2c778414ee2c9bce5b67","12c93bd82fe757f1604ee3cacca7e28fba741d2d","HAS_SUBITEM"
"6b9b49ce45ab72ef42f88df31e9c4f03054f917c","166989d941f726c0f49c027079c1c2446fd01721","HAS_SUBITEM"
"6b9b49ce45ab72ef42f88df31e9c4f03054f917c","ed20964b8a86d2ba3284d1d7353314ff0bc88b0c","HAS_SUBITEM"
"6b9b49ce45ab72ef42f88df31e9c4f03054f917c","cd15054b73c6505f3ed82146e5495eccb420c67e","HAS_SUBITEM"
"6b9b49ce45ab72ef42f88df31e9c4f03054f917c","5b023179ba14b51f585e922ec496b161100f7395","HAS_SUBITEM"
"bbed175658010bc5b1f85c2f124558ded6fc032d","a53c080d5889da07dd9fc858f23d29c4b35abb20","HAS_SUBITEM"
"bbed175658010bc5b1f85c2f124558ded6fc032d","5cdd29828aff9ad883dc5bb4a150c9775b721627","HAS_SUBITEM"
"bbed175658010bc5b1f85c2f124558ded6fc032d","be1b7712c914f06c9d8e0b97d42f20e03aecf984","HAS_SUBITEM"
"bbed175658010bc5b1f85c2f124558ded6fc032d","ffcd7a3f532b220a1b3a9d85c2cf3912c991ea47","HAS_SUBITEM"
"bbed175658010bc5b1f85c2f124558ded6fc032d","21a30ebd2a65d2b3d73f831dd6b03bac03fde9ea","HAS_SUBITEM"
"9818dcec7371ec53ec6b8da077c957fabe9b925c","be69b61fe4ee432c27ef2c0c5bc67236f9dc3128","HAS_SUBITEM"
"9818dcec7371ec53ec6b8da077c957fabe9b925c","7b436aa9fbade81a8f16a0a3a873878fd6ab3e6a","HAS_SUBITEM"
"9818dcec7371ec53ec6b8da077c957fabe9b925c","b0d0bb3e0b72248f53a39d59e22fbf8bb4559e22","HAS_SUBITEM"
"9818dcec7371ec53ec6b8da077c957fabe9b925c","0597ccc3519e4834ed32795063d760785c35c5a4","HAS_SUBITEM"
"9818dcec7371ec53ec6b8da077c957fabe9b925c","9265ef7a3435eaceba293d71a8afa9208c2bc6cd","HAS_SUBITEM"
"9818dcec7371ec53ec6b8da077c957fabe9b925c","a75033d106fc64cd77fa17882f5208f1abc91f5b","HAS_SUBITEM"
"81f762591a7dffdd8b41702f86b4eeb4129d7668","6c0553e797615bbe9e1204f154c0ed386632b27f","HAS_SUBITEM"
"81f762591a7dffdd8b41702f86b4eeb4129d7668","b71045973c346c1ab23283f811b97799976a681f","HAS_SUBITEM"
"81f762591a7dffdd8b41702f86b4eeb4129d7668","158d74a3d5a1f0a1055be023985e93e157c0174f","HAS_SUBITEM"
"eedaa323a2d92fc581e8aa34c3ff776fb3dd9e98","047df26f0eafe2a9339b303929cf101eabe8fa9b","HAS_SUBITEM"
"eedaa323a2d92fc581e8aa34c3ff776fb3dd9e98","a8aa4ed0569ff5243245ea3af04ab3a7ca598397","HAS_SUBITEM"
"eedaa323a2d92fc581e8aa34c3ff776fb3dd9e98","90717f7e8ea3bbbf7c2b5f33245433c25ac36c12","HAS_SUBITEM"
"f1eee391b04921b661684ce45edd3fff19d51707","4df44a0ce055947b970267703b44e2d016f1a67a","HAS_SUBITEM"
"f1eee391b04921b661684ce45edd3fff19d51707","2008acda9743b846d1bd2b3ef5ac50c21b3f6a17","HAS_SUBITEM"
"f1eee391b04921b661684ce45edd3fff19d51707","15d3fe43e984ae844308365c340588747712670e","HAS_SUBITEM"
"f1eee391b04921b661684ce45edd3fff19d51707","5258257b229d73a61920da1c0669e01b195ea2b8","HAS_SUBITEM"
"9f6f264602ce714a5eb1e6016a6f490d59eacc94","71ca399965ad5a34753aba33c3c760323b4fe5f2","HAS_SUBITEM"
"9f6f264602ce714a5eb1e6016a6f490d59eacc94","2b25a11fec4050593d417f9c0051d8cf558c92e3","HAS_SUBITEM"
"9f6f264602ce714a5eb1e6016a6f490d59eacc94","d35091508e64a450447863d6beb5c3d0e21fe11e","HAS_SUBITEM"
"9f6f264602ce714a5eb1e6016a6f490d59eacc94","5cf45497fe6655ad3cbf585d9aa26a5ba866fd4c","HAS_SUBITEM"
"b00561da6843902f6b2ccb39cdd7213eea560f8e","3f861fbd97f3329ae8652eacd82a2c0ae5479ecd","HAS_SUBITEM"
"b00561da6843902f6b2ccb39cdd7213eea560f8e","2fa6a59a351b4706b8e2a915c76f69a6f5f20839","HAS_SUBITEM"
"b00561da6843902f6b2ccb39cdd7213eea560f8e","066d189842f23a80213df5f3975bf50587198b81","HAS_SUBITEM"
"1aabaa1d9ce6e18b2c1675e8e41206714bdf8e55","4a662eaa973bb5cef306c95498e3fac4feb34b0f","HAS_SUBITEM"
"1aabaa1d9ce6e18b2c1675e8e41206714bdf8e55","fe00137238cf241a1e5b25a4c7059bd3292c5700","HAS_SUBITEM"
"1aabaa1d9ce6e18b2c1675e8e41206714bdf8e55","29f0aa89251bb9c1561bbba27f0d22e243e42561","HAS_SUBITEM"
"1aabaa1d9ce6e18b2c1675e8e41206714bdf8e55","9fdd9f58c14987e0e2379883c308d38a5061d2b0","HAS_SUBITEM"
"1aabaa1d9ce6e18b2c1675e8e41206714bdf8e55","bfaf3e037cf8001eea3e9ce3d092fd3e525bb10f","HAS_SUBITEM"
"5c7e7a65f32f3d79d489035a924c76b890f69871","2ae1d7bc6148df9f893324553e39e5a55f65edf4","HAS_SUBITEM"
"5c7e7a65f32f3d79d489035a924c76b890f69871","50f389e6fb3147b24c317e3a5e75135d66f8141b","HAS_SUBITEM"
"5c7e7a65f32f3d79d489035a924c76b890f69871","9470f972047e27471201772c91ebcc329681e725","HAS_SUBITEM"
"a6574d2bf37753f1647af8d502fe82342099ffd8","248342d6fb36e9ca96b90a21b5a086a759608f4b","HAS_SUBITEM"
"a6574d2bf37753f1647af8d502fe82342099ffd8","5946f8c319c73bc69f0b41b304b54fbb3ced85cc","HAS_SUBITEM"
"a6574d2bf37753f1647af8d502fe82342099ffd8","3990f2f018c18e56086ad1bfe5bb97537a592fb6","HAS_SUBITEM"
"bae094477274eac48c1bc796f32e3969cd44a806","3a3223aa867c0eafd40ec3488fbed191ceb47c65","HAS_SUBITEM"
"bae094477274eac48c1bc796f32e3969cd44a806","15be85a9b5c808a09b061c281751b125c017764e","HAS_SUBITEM"
"bae094477274eac48c1bc796f32e3969cd44a806","6fdbeea05513e30c4d1a78f10afdaddc8611c61a","HAS_SUBITEM"
"23472022b5fe949359c32c2c2ec800687b2fd879","e138a67f50eeeecd852e6c993fe6e173ba02eb3b","HAS_SUBITEM"
"23472022b5fe949359c32c2c2ec800687b2fd879","b4532864f0555b4c121588b74b8ac4b1558125dc","HAS_SUBITEM"
"23472022b5fe949359c32c2c2ec800687b2fd879","d50e0bce960047bdd58bb0cdc78edcbeb7b00afc","HAS_SUBITEM"
"23472022b5fe949359c32c2c2ec800687b2fd879","1e296b5281c15332a583a0a18c93f83601a50cbd","HAS_SUBITEM"
"c86e8f239430dd6f0a0e6afce8f5e1f97cceda5b","77961409dd1f0c16091b6ec2e9e5d87e6b6575eb","HAS_SUBITEM"
"c86e8f239430dd6f0a0e6afce8f5e1f97cceda5b","5c71abefe35023d2314dcad70c5b4359929c7b18","HAS_SUBITEM"
"c86e8f239430dd6f0a0e6afce8f5e1f97cceda5b","0733342ff3847d5a941870afb919c9db5cc2ec34","HAS_SUBITEM"
"0aaf58ea3bcd818a28d50d4e13f383fed3c954db","fe992acba64c83dce180c8c29c0979b570a9e1ec","HAS_SUBITEM"
"0aaf58ea3bcd818a28d50d4e13f383fed3c954db","ef856fe3fa4ec67a2e86fe1c838958ca2d7e030b","HAS_SUBITEM"
"e41e205b32387550b4d6b9c6f021d97d8702a564","64c1b3e18b49fef41acdcd4a617476c20cce4a45","HAS_SUBITEM"
"e41e205b32387550b4d6b9c6f021d97d8702a564","ef3958cfe83bded9b26b30cf63bafd9b6630e42a","HAS_SUBITEM"
"e41e205b32387550b4d6b9c6f021d97d8702a564","d26061b4881356ebdcf91fadeb097aaa38e95f8a","HAS_SUBITEM"
"e41e205b32387550b4d6b9c6f021d97d8702a564","ade75afe4205ac42e32102950a23a628e113c90e","HAS_SUBITEM"
"e41e205b32387550b4d6b9c6f021d97d8702a564","8fcafba62ce37cce6e4457a560f8852edfb38e45","HAS_SUBITEM"
"6543b3ce50324ea988f38766c35cf030b679c589","2f7bcab4b33bbfe29bbb82a8f75889309263b702","HAS_SUBITEM"
"6543b3ce50324ea988f38766c35cf030b679c589","1aaffc1b770ac5ab57d27c248526fb3a96c8bff3","HAS_SUBITEM"
"6543b3ce50324ea988f38766c35cf030b679c589","14ec014f408df375c10829ee19dca829c98eb362","HAS_SUBITEM"
"6543b3ce50324ea988f38766c35cf030b679c589","b2c7a9cb3612a314604056493f96a732c2611295","HAS_SUBITEM"
"13144c25aa2ad8a54884d2debb4329222a613496","ab123911ae4ee684d7b446bdda85bb49bc2e31d2","HAS_SUBITEM"
"13144c25aa2ad8a54884d2debb4329222a613496","1a8346b8291e0121369e1cf6aebc11ca4a53fec1","HAS_SUBITEM"
"f17f343189cae5cb294722445b0365057edef6ff","bc0abdb8b22306d7195c01fc5be9010df175fc1d","HAS_SUBITEM"
"f17f343189cae5cb294722445b0365057edef6ff","6eec66194fa10c5ec60c7de45f1028dfa3194207","HAS_SUBITEM"
"f17f343189cae5cb294722445b0365057edef6ff","6f90c95fa14832f1cb404081c1a3e3d85230699c","HAS_SUBITEM"
"f17f343189cae5cb294722445b0365057edef6ff","f631a981968126ead2e2e41cc1ac9761263e7a48","HAS_SUBITEM"
"f17f343189cae5cb294722445b0365057edef6ff","48dc40a2b4db4127d9346dfa50054b88751ab5e4","HAS_SUBITEM"
"f17f343189cae5cb294722445b0365057edef6ff","ff134098616640ce19858385d2bc5db8acab215c","HAS_SUBITEM"
"f17f343189cae5cb294722445b0365057edef6ff","6b1703aca211ca81d7d69bbba40be9ede891d260","HAS_SUBITEM"
"f17f343189cae5cb294722445b0365057edef6ff","694bd937bc1d8f568139232cba13176cd2aa4157","HAS_SUBITEM"
"f17f343189cae5cb294722445b0365057edef6ff","42c099d59dace84f78330d2566d5236482a9f461","HAS_SUBITEM"
"f17f343189cae5cb294722445b0365057edef6ff","4af8e969d462b9aba113218efa0463e669ea8f6f","HAS_SUBITEM"
"46ac92e99f0b7a5f3eb3ae56cf229a4905fdd9e7","07fb10c806ada5809928b44c8c4305552dce841f","HAS_SUBITEM"
"46ac92e99f0b7a5f3eb3ae56cf229a4905fdd9e7","8aab5549c10da23d79709583db98aaf77ebe135e","HAS_SUBITEM"
"46ac92e99f0b7a5f3eb3ae56cf229a4905fdd9e7","f96839a1ba984f1b8e369cac51baf3d59da09b6a","HAS_SUBITEM"
"56a0a3f1e1e385e98b337a6c0c8782436c91a7db","3d2ca7a7a1c8af4afb5c3d95a4594e14c8f65905","HAS_SUBITEM"
"56a0a3f1e1e385e98b337a6c0c8782436c91a7db","ac54b303d83be5d0b4880b03ed1a7f5074678059","HAS_SUBITEM"
"61a11c90b43783144a373a04d54c2e966c2593d4","f950e7ed4f98edc84dfcd310a02fc1ba5f4c874d","HAS_SUBITEM"
"61a11c90b43783144a373a04d54c2e966c2593d4","32f893f39300fae027cb2ecca34286ed80a42d99","HAS_SUBITEM"
"61a11c90b43783144a373a04d54c2e966c2593d4","421dc6a5d83362275e60bba1241a9c521ca02425","HAS_SUBITEM"
"61a11c90b43783144a373a04d54c2e966c2593d4","56ea4608cc35d3cc360dc193477f7288b4af076a","HAS_SUBITEM"
"7afca1529cb987c63a71102537f0811e44ce816b","4dd7c19a3e56a1ee3832f3c561bc0e16af523825","HAS_SUBITEM"
"7afca1529cb987c63a71102537f0811e44ce816b","86625923c0ae9d3a1330803fb7b41d8a73526030","HAS_SUBITEM"
"7afca1529cb987c63a71102537f0811e44ce816b","16d53fc35d017fe409476d7dfc45ed2cb67695a3","HAS_SUBITEM"
"2db84d7aa2fbdc5c43ce703c7d7fc2db47e605c8","3111f7b771a13388d9566b420f2d2c197ca4da07","HAS_SUBITEM"
"2db84d7aa2fbdc5c43ce703c7d7fc2db47e605c8","96dda9e394720e879e995a4e034b3160d08c9d6e","HAS_SUBITEM"
"2db84d7aa2fbdc5c43ce703c7d7fc2db47e605c8","f8e2807d3275931427d4781b1935535fa4b71747","HAS_SUBITEM"
"9accb0301136271da6168c3da0f6bcfb92495412","380fcc95cf73a95961b52f3c0f84d1b774b214be","HAS_SUBITEM"
"9accb0301136271da6168c3da0f6bcfb92495412","c496b2869559e287d450d6d5878e8e7729e306ff","HAS_SUBITEM"
"9accb0301136271da6168c3da0f6bcfb92495412","1b9c9e129b8452e6591589b5f50a6eb692bd3d55","HAS_SUBITEM"
"a6f149f0bff68f8a8602c0ab33aab1888c0b5d07","6c9195a606a7822aef5dcd2ee72c926e0f5ad851","HAS_SUBITEM"
"a6f149f0bff68f8a8602c0ab33aab1888c0b5d07","a929229a7355091b69c8a2658025141e07f3459c","HAS_SUBITEM"
"a6f149f0bff68f8a8602c0ab33aab1888c0b5d07","36041aea0468ed6b1b74a572fbd7914130b5c9ab","HAS_SUBITEM"
"0657dd30cf13e4e804291339eecb7e0ddd8af73e","194878c17fe12ea46136c014f6bf3c635ca2efed","HAS_SUBITEM"
"0657dd30cf13e4e804291339eecb7e0ddd8af73e","f79a00b14f0c54a790f6314762afac58a33f3a74","HAS_SUBITEM"
"0657dd30cf13e4e804291339eecb7e0ddd8af73e","1b8f4f7e17915e3791a197bd4ca15a81038c22de","HAS_SUBITEM"
"0657dd30cf13e4e804291339eecb7e0ddd8af73e","52c5711c4e4d2bed6fb6d9182e36ba8935364cb7","HAS_SUBITEM"
"0657dd30cf13e4e804291339eecb7e0ddd8af73e","638c6eca4e1a4dcba09f3423af9e5379a2919503","HAS_SUBITEM"
"0657dd30cf13e4e804291339eecb7e0ddd8af73e","ebf782ccd5bec5bc42264d52ad55b0f037c59398","HAS_SUBITEM"
"cd0c9d755389bea9bdc99545dae32e33bcd4ece6","1cad9506e09c957b40d5c764816675c6ff1bc961","HAS_SUBITEM"
"cd0c9d755389bea9bdc99545dae32e33bcd4ece6","f1c731cfeb029759afca5c20ebb3685c85c87171","HAS_SUBITEM"
"cd0c9d755389bea9bdc99545dae32e33bcd4ece6","6465712af071054fcd4806d3b571b103cbd553b6","HAS_SUBITEM"
"d6cb4ceccc2445d1aa649a98269030aa302ae7cf","f36bed865e85ed2cf6bfd0958fafcccd46d4a748","HAS_SUBITEM"
"d6cb4ceccc2445d1aa649a98269030aa302ae7cf","a0e934011c639975aa8ea1721cee853a9ee1c839","HAS_SUBITEM"
"d6cb4ceccc2445d1aa649a98269030aa302ae7cf","ec7f54592895857a5cd0ff4b3187dbd37a2cda59","HAS_SUBITEM"
"d6cb4ceccc2445d1aa649a98269030aa302ae7cf","cbf2bb213e515e53d5f60a656589ed46cc6ee484","HAS_SUBITEM"
"d6cb4ceccc2445d1aa649a98269030aa302ae7cf","e86489b53df83ae66cd3cb1c3f8b5a5b081fb6bd","HAS_SUBITEM"
"d6cb4ceccc2445d1aa649a98269030aa302ae7cf","5bedf8c594f0a6e449f96d0ec56b22801250543d","HAS_SUBITEM"
"d6cb4ceccc2445d1aa649a98269030aa302ae7cf","64a194afc92a48871a70bf67c7025100142f0401","HAS_SUBITEM"
"d583cd1b83e020849447935cc593249a361d5cc5","1bb0a1b324a3913d002b41b6488cc419eda3c084","HAS_SUBITEM"
"d583cd1b83e020849447935cc593249a361d5cc5","786a727b1d8412156b92f9c3ea5d890a256ed38e","HAS_SUBITEM"
"d583cd1b83e020849447935cc593249a361d5cc5","61b3e32be1093680c8ea91579f8924df4a4c04c8","HAS_SUBITEM"
"d583cd1b83e020849447935cc593249a361d5cc5","5ddac2a5ced726082ba719c6d1a83d15c4fb6965","HAS_SUBITEM"
"d583cd1b83e020849447935cc593249a361d5cc5","6f83c28a1baffdc8acff8bdd779c36440eab197f","HAS_SUBITEM"
"d583cd1b83e020849447935cc593249a361d5cc5","0f53f05e16e10e4343f4575e4c23b494f331f292","HAS_SUBITEM"
"d583cd1b83e020849447935cc593249a361d5cc5","5e84874c3ba1f21b056ee505832c6e45c15d8992","HAS_SUBITEM"
"95f099c0891556acbaf27f8e414608552f1ebaac","037cad377811b0cd7d8832b83d1cb1cf43f8761c","HAS_SUBITEM"
"95f099c0891556acbaf27f8e414608552f1ebaac","c2b72de34089151ca00ba6c9f8f0ace0ae1115e5","HAS_SUBITEM"
"dd1a580b79da119f82c32208b7cb14712e32a9d5","197b8f981cc251fe550fe61980b9b9b549f3175a","HAS_SUBITEM"
"dd1a580b79da119f82c32208b7cb14712e32a9d5","f57b422c2f1575ac7ff47a74b92fcef6f0079d8c","HAS_SUBITEM"
"dd1a580b79da119f82c32208b7cb14712e32a9d5","ef91eab05dee788b90a28c39a35e50b7a419d134","HAS_SUBITEM"
"dd1a580b79da119f82c32208b7cb14712e32a9d5","0914eac7d9c846517825d6e70ef20cc213f3c283","HAS_SUBITEM"
"dd1a580b79da119f82c32208b7cb14712e32a9d5","4ad3aad5fbfd5db3dd0d8db8d97072b34a30075d","HAS_SUBITEM"
"9ce584210addc98d89dbdf6f2445d445cabe162c","9db0795390ef538e7c474f81c5839fdacb016b36","HAS_SUBITEM"
"9ce584210addc98d89dbdf6f2445d445cabe162c","9440684e9ec130643dd90f52120b2fc5099fc3f1","HAS_SUBITEM"
"9ce584210addc98d89dbdf6f2445d445cabe162c","87e8a5d4f25c741582233b45aa9871caf9c3a2e8","HAS_SUBITEM"
"9ce584210addc98d89dbdf6f2445d445cabe162c","613da2ca82b69c5edecc5fe28b6c3fe10276a6c6","HAS_SUBITEM"
"45aed1ef000a0735e2face112951104264eba932","3730a22fa696626fd04b65a9bbcbe2d0c2fab913","HAS_SUBITEM"
"45aed1ef000a0735e2face112951104264eba932","ef6eee6259a6aaa6bec1a0021827290011fa02f5","HAS_SUBITEM"
"f92512b1da8a9a03d381f65cfe725e264af1fe36","ae15f9e65afbdda6521d9829d3c709cdd5d872e9","HAS_SUBITEM"
"f92512b1da8a9a03d381f65cfe725e264af1fe36","869e47eb74132e14956dd7249dc5b2bc647e8db4","HAS_SUBITEM"
"f92512b1da8a9a03d381f65cfe725e264af1fe36","1a76a8b48c5053c6830ac39845c35496a552c3d2","HAS_SUBITEM"
"f92512b1da8a9a03d381f65cfe725e264af1fe36","0dd97bcdb89b7879e112f21efee12f99a791799f","HAS_SUBITEM"
"8b87978fba081c114605085142f2e813746d5c13","f9c5c8320d1f93faf22683f923cdc2feed929dba","HAS_SUBITEM"
"8b87978fba081c114605085142f2e813746d5c13","ff5f2087f7f8eb9c749087eca801322e481ac2d9","HAS_SUBITEM"
"8b87978fba081c114605085142f2e813746d5c13","0e3acce3cfb09f251e95848c6364cc4e1abaaeac","HAS_SUBITEM"
"5c6422fd6e0a8e804f4383a8b987416e115fd0ee","460c965ecbbbd487c7da0e88907e9a22bd0575ef","HAS_SUBITEM"
"5c6422fd6e0a8e804f4383a8b987416e115fd0ee","a586f4ea1071689ee402f2dc898bf47a98c5d4ae","HAS_SUBITEM"
"9a11a82c7ea7c83a5099a5fb8ebcdc6cd58901a4","d95fa1c741b11e1abe9a7805b84b502bdbd8a1d2","HAS_SUBITEM"
"9a11a82c7ea7c83a5099a5fb8ebcdc6cd58901a4","da0bd4702b8c92087eceec08dbe7c83b03fc38a9","HAS_SUBITEM"
"3f51923e391c2e9c0f06441ae2685fc50ba145b7","dd84255e0ad3779aa3899f1daf895b26c1251929","HAS_SUBITEM"
"3f51923e391c2e9c0f06441ae2685fc50ba145b7","cfec47a066492d40eb682b3b46a1730046833b84","HAS_SUBITEM"
"3f51923e391c2e9c0f06441ae2685fc50ba145b7","2d6a11737989231aa9136410978b6911bbbe7797","HAS_SUBITEM"
"3f51923e391c2e9c0f06441ae2685fc50ba145b7","2058535edb18052d7527069850455b0c55ffac48","HAS_SUBITEM"
"8aac56e9e3f7c5333015bf4f6fc2785ea8ebb109","4917e80d960e3096a931439812bfe2923a73971c","HAS_SUBITEM"
"8aac56e9e3f7c5333015bf4f6fc2785ea8ebb109","e236e9f12c9538219510377f394b2c184d8871ad","HAS_SUBITEM"
"8aac56e9e3f7c5333015bf4f6fc2785ea8ebb109","8b8d22d34df6749f4261e84269ef97c58108633b","HAS_SUBITEM"
"19cd00507c0c268cc9ece224e93b59efecd1484d","1ee7477f7fbfa6c0357534da0c94133b7d8b075d","HAS_SUBITEM"
"19cd00507c0c268cc9ece224e93b59efecd1484d","cf190606e25194976231c786ee7f6c3b1247ecca","HAS_SUBITEM"
"19cd00507c0c268cc9ece224e93b59efecd1484d","c2ea96a652ee70926bf0aac07bf9326a62f68523","HAS_SUBITEM"
"19cd00507c0c268cc9ece224e93b59efecd1484d","19d69af8efdf2c8d2616506c99025b3a21c9df4a","HAS_SUBITEM"
"dccacec66b93a7d25d4b81ac01c7823406f719e8","563531a1814d824df3af627fdf624c0734897584","HAS_SUBITEM"
"dccacec66b93a7d25d4b81ac01c7823406f719e8","fdd2771b0d4c336408eb10e2d9c0be6d9fcdcfcc","HAS_SUBITEM"
"dccacec66b93a7d25d4b81ac01c7823406f719e8","75ced5fd8ce6e2c1447888dd860f17923bf9e4d9","HAS_SUBITEM"
"dccacec66b93a7d25d4b81ac01c7823406f719e8","775af37d7f78ec4c22e80f46299cc037aa5f854a","HAS_SUBITEM"
"d7befda95bc6b21e87dd3046ea6c6222a523d4ce","4523c527fe2f85bd67391afe6fc342f2a85e1e90","HAS_SUBITEM"
"d7befda95bc6b21e87dd3046ea6c6222a523d4ce","fd1f8ff32497fa0b5a2d4ab5b58224c42798fc81","HAS_SUBITEM"
"399910cd54e165969d563e5c604d5c827ef2479e","7711e2322554456542d195b0f9a5aa800802fb19","HAS_SUBITEM"
"399910cd54e165969d563e5c604d5c827ef2479e","e2a61427e8fa407e1eab38ab4e5c0c5f3988bae2","HAS_SUBITEM"
"399910cd54e165969d563e5c604d5c827ef2479e","b11ce77ef46e684f89e9b4005746832284dffa87","HAS_SUBITEM"
"399910cd54e165969d563e5c604d5c827ef2479e","1242ffcbf0a187c6ade53f0d80ff01d005122cc5","HAS_SUBITEM"
"399910cd54e165969d563e5c604d5c827ef2479e","8f93e921e25d1620f9501c6f34fc47cfea6522d3","HAS_SUBITEM"
"b6fa09bb4f2e711645b25f12207959d1ec27622c","7c83e2726fc9dc5c389de181e312a7dfe5b44cb4","HAS_ANNEX"
"b6fa09bb4f2e711645b25f12207959d1ec27622c","c3fd87057fe55b63cb9cf7213370650abf0e63ee","HAS_ANNEX"
"b6fa09bb4f2e711645b25f12207959d1ec27622c","2882895ecf2cce09e35e4b027da81c8c647e4400","HAS_ANNEX"
"b6fa09bb4f2e711645b25f12207959d1ec27622c","c85a0d5518f55dd216f73174191369de6d1b47de","HAS_ANNEX"
"b6fa09bb4f2e711645b25f12207959d1ec27622c","5f199362d71a4d999a3dcc83de7bb220bd6d1d13","HAS_ANNEX"
"b6fa09bb4f2e711645b25f12207959d1ec27622c","741b4ba93ac2ab9149cbb7308da3b2b9a20d700b","HAS_ANNEX"
"b6fa09bb4f2e711645b25f12207959d1ec27622c","c4e61dfbf07affeeb73bb49bd38ac328f48c277c","HAS_ANNEX"
"b6fa09bb4f2e711645b25f12207959d1ec27622c","0c5db9444758e7e8b30c914db8a0243eea12c09e","HAS_ANNEX"
"b6fa09bb4f2e711645b25f12207959d1ec27622c","7be5f319d0c0fb906eaf6704f34a176c253df8ae","HAS_ANNEX"
"b6fa09bb4f2e711645b25f12207959d1ec27622c","a88e352b9611c01b84ee67d43698eb257dcafc98","HAS_ANNEX"
"b6fa09bb4f2e711645b25f12207959d1ec27622c","268c19bc8b438add351a6e86f5dea2fb1ee6967a","HAS_ANNEX"
"b6fa09bb4f2e711645b25f12207959d1ec27622c","0e48b19641001a288db5493bb511af2ba4dee5e2","HAS_ANNEX"
"b6fa09bb4f2e711645b25f12207959d1ec27622c","607a1e3cc31842cdf84bca51a66487d30b7dab77","HAS_ANNEX"
"b6fa09bb4f2e711645b25f12207959d1ec27622c","86eb1b59da77353db099c26feb7b9bd353edbec9","HAS_ANNEX"
"b6fa09bb4f2e711645b25f12207959d1ec27622c","11c3a56c8d534ee8f2f0d0cd50cbf8df8c37ed81","HAS_ANNEX"
"b6fa09bb4f2e711645b25f12207959d1ec27622c","e75686d3ca9cea7362c3d667d01d37c92dcd749b","HAS_ANNEX"
"b6fa09bb4f2e711645b25f12207959d1ec27622c","ed9179023c722a9199a3e44f8958eac311ac13a8","HAS_ANNEX"
"b6fa09bb4f2e711645b25f12207959d1ec27622c","de06aaf81906329bc56c6e0a21aa88dff921e603","HAS_ANNEX"
"b6fa09bb4f2e711645b25f12207959d1ec27622c","684559ad16d657805b381d18b1131f3ab86ba1d6","HAS_ANNEX"
"b6fa09bb4f2e711645b25f12207959d1ec27622c","6d088963dcf436633e5011a813d387de565951f8","HAS_ANNEX"
"b6fa09bb4f2e711645b25f12207959d1ec27622c","78297686456622ab814deeddf79b177e93ae72a4","HAS_ANNEX"
"b6fa09bb4f2e711645b25f12207959d1ec27622c","cb995cdb497c0a5f83eaaa935a0eecab7acf2382","HAS_ANNEX"
"b6fa09bb4f2e711645b25f12207959d1ec27622c","ad5bce4981af3c50a62a9d84963f472a97a3a02b","HAS_ANNEX"
"b6fa09bb4f2e711645b25f12207959d1ec27622c","aa4045f94745828fcf1ed26bb91779e9e00e7439","HAS_ANNEX"
"b6fa09bb4f2e711645b25f12207959d1ec27622c","2370e87a4f0311f49e09bf2c5eff765fe42ba3b2","HAS_ANNEX"
"b6fa09bb4f2e711645b25f12207959d1ec27622c","f348725beaeee025a67cca8a0c67c934a48e914b","HAS_ANNEX"
"b6fa09bb4f2e711645b25f12207959d1ec27622c","b7aafcf03f84927c7ae234cb0b263ad58e2cf45c","HAS_ANNEX"
"b6fa09bb4f2e711645b25f12207959d1ec27622c","750fbfa800ef61fd7da177a214b63e5b88e8e457","HAS_ANNEX"
"b6fa09bb4f2e711645b25f12207959d1ec27622c","12a056ca2a0dc04ddddae98872d76adf540bf3aa","HAS_ANNEX"
"b6fa09bb4f2e711645b25f12207959d1ec27622c","ffd7977c5cf58fcf1113c942de3f15aecb43cf7d","HAS_ANNEX"
"b6fa09bb4f2e711645b25f12207959d1ec27622c","f2d641b31b237ef7bba75c4a9c55374d456e7d14","HAS_ANNEX"
"b6fa09bb4f2e711645b25f12207959d1ec27622c","46fe06e4c995a7c1228f188994da6f494d90f037","HAS_ANNEX"
"b6fa09bb4f2e711645b25f12207959d1ec27622c","73ec716aa92b5130582e6e3203d72b3112e2c4b9","HAS_ANNEX"
"b6fa09bb4f2e711645b25f12207959d1ec27622c","6450bd88739b8aefd71864b3854838ad95bf8bbb","HAS_ANNEX"
"b6fa09bb4f2e711645b25f12207959d1ec27622c","699749d2f8c28190e8c6aaefb505462ef5cdd9a1","HAS_ANNEX"
"b6fa09bb4f2e711645b25f12207959d1ec27622c","6b63384d93e908102ccaa81bfe11e88aeffb9f53","HAS_ANNEX"
"b6fa09bb4f2e711645b25f12207959d1ec27622c","29536b800abec479c0f744a81e0ca0fe002a4718","HAS_ANNEX"
"b6fa09bb4f2e711645b25f12207959d1ec27622c","f65ce9c46a1c82b1ae140c9ec47270fb8832c75e","HAS_ANNEX"
"b6fa09bb4f2e711645b25f12207959d1ec27622c","e8ac9214cec3874b09f5ba909b5b0c76a58e375e","HAS_ANNEX"
"b6fa09bb4f2e711645b25f12207959d1ec27622c","d7fe45b1ba8e523bd6ee7b813c3cf8a4e12bbca8","HAS_ANNEX"
"b6fa09bb4f2e711645b25f12207959d1ec27622c","c18f4cab84d92f9e6adebaf0de6228bc9734e915","HAS_ANNEX"
"b6fa09bb4f2e711645b25f12207959d1ec27622c","15dfba90d0c9e5374c8ea5a2d080fb7082d51f22","HAS_ANNEX"
"b6fa09bb4f2e711645b25f12207959d1ec27622c","faa60f7f5cf7df7b8ed468cbaceca79df1f97121","HAS_ANNEX"
"b6fa09bb4f2e711645b25f12207959d1ec27622c","e372884ab2e6937e398265b535a42cc46d7dee13","HAS_ANNEX"
"b6fa09bb4f2e711645b25f12207959d1ec27622c","267a2b2abb35221d5713b5199a871fab8f771241","HAS_ANNEX"
"b6fa09bb4f2e711645b25f12207959d1ec27622c","baa55ac3a4f128c2a84bd38c82f9390b81e89586","HAS_ANNEX"
"b6fa09bb4f2e711645b25f12207959d1ec27622c","a9fcb9d93e712099172c45117111617eaae8c650","HAS_ANNEX"
"b6fa09bb4f2e711645b25f12207959d1ec27622c","21f0a7cfb99509959de1665ca64e329f596b304f","HAS_ANNEX"
"b6fa09bb4f2e711645b25f12207959d1ec27622c","c1258f5a32891f3268f0d49314978d3eda3e6029","HAS_ANNEX"
"b6fa09bb4f2e711645b25f12207959d1ec27622c","7102a8cd0fdcb69926da5cc68f2be6328b1c7859","HAS_ANNEX"
"b6fa09bb4f2e711645b25f12207959d1ec27622c","04613aa001ca5bfa55af48cdec91648073c9f9c1","HAS_ANNEX"
"b6fa09bb4f2e711645b25f12207959d1ec27622c","0c058cd956eec2527a68c9d8045530166c92d3d2","HAS_ANNEX"
"b6fa09bb4f2e711645b25f12207959d1ec27622c","7c830e13cd4c2fafde63a663bd51f90e90bcd81e","HAS_ANNEX"
"b6fa09bb4f2e711645b25f12207959d1ec27622c","32aa4e909f9dece2b550e8f8817a357ff7f42626","HAS_ANNEX"
"b6fa09bb4f2e711645b25f12207959d1ec27622c","274be2ac6756f942248f864a20e57e6644b48ce6","HAS_ANNEX"
"b6fa09bb4f2e711645b25f12207959d1ec27622c","b1a0512e3acfcb7c924fe5d8eaa0a574d17cadaa","HAS_ANNEX"
"b6fa09bb4f2e711645b25f12207959d1ec27622c","c0baadb0e2febaee03758cbb54e5ecac0b3169db","HAS_ANNEX"
"b6fa09bb4f2e711645b25f12207959d1ec27622c","64a02da0f318d607248b3dcd4f615dd7c0f86ae5","HAS_ANNEX"
"b6fa09bb4f2e711645b25f12207959d1ec27622c","74d98f6510619a5603707c594c23da072cff236f","HAS_ANNEX"
"b6fa09bb4f2e711645b25f12207959d1ec27622c","e9d85e615c700fd46684974e8f98a519675162a6","HAS_ANNEX"
"b6fa09bb4f2e711645b25f12207959d1ec27622c","e7cb78a5744e731bf0628c3d304e2d7f2847ce25","HAS_ANNEX"
"b6fa09bb4f2e711645b25f12207959d1ec27622c","d013bed050cfb7e6668f35f276dfcbe104499a4d","HAS_ANNEX"
"b6fa09bb4f2e711645b25f12207959d1ec27622c","a2ef592b4d8f07452c4b02601df76bbd4ce0c176","HAS_ANNEX"
"b6fa09bb4f2e711645b25f12207959d1ec27622c","68a28c874eea09e30cc935c0bf90ec3904a330e3","HAS_ANNEX"
"b6fa09bb4f2e711645b25f12207959d1ec27622c","e2e06c7095a9b5238bd4fd291a981c704618ec07","HAS_ANNEX"
"b6fa09bb4f2e711645b25f12207959d1ec27622c","4b199093f1c85815d458ed98008f8ed5c5015edb","HAS_ANNEX"
"b6fa09bb4f2e711645b25f12207959d1ec27622c","fd760dcb602dc09bf3c423eebf7eba893ed8d716","HAS_ANNEX"
"b6fa09bb4f2e711645b25f12207959d1ec27622c","70e76364be9902e40bafcf4ca4f6a43f1f8497ac","HAS_ANNEX"
"b6fa09bb4f2e711645b25f12207959d1ec27622c","83965300ab29883dd210b97f0733ed6915af6c6e","HAS_ANNEX"
"b6fa09bb4f2e711645b25f12207959d1ec27622c","2af5c14b3926a5bbc3b3c34d0ae9ba64a9d92914","HAS_ANNEX"
"b6fa09bb4f2e711645b25f12207959d1ec27622c","49d82fa3c894bed6e5a51fc1b410f1b1c533e182","HAS_ANNEX"
"b6fa09bb4f2e711645b25f12207959d1ec27622c","29f7c5f33795eb59bb03ad2c8b9b0e7259879dff","HAS_ANNEX"
"b6fa09bb4f2e711645b25f12207959d1ec27622c","95a8c20ce6b922657b6ed6abe777a60b720141f7","HAS_ANNEX"
"b6fa09bb4f2e711645b25f12207959d1ec27622c","fbfc1ca4b21a295337d24da00fb0f519bfb8f3e1","HAS_ANNEX"
"b6fa09bb4f2e711645b25f12207959d1ec27622c","dce8152252ce5583bde2b84ca1e31ddffbd0c126","HAS_ANNEX"
"b6fa09bb4f2e711645b25f12207959d1ec27622c","a8210ca671fc68b1465754671b5373e663f2cf4d","HAS_ANNEX"
"b6fa09bb4f2e711645b25f12207959d1ec27622c","f8927a8ad144de8fd70dc4619a59015090235a30","HAS_ANNEX"
"b6fa09bb4f2e711645b25f12207959d1ec27622c","866a51440c948291689503fd4846b45edaec7b82","HAS_ANNEX"
"b6fa09bb4f2e711645b25f12207959d1ec27622c","271cbec3a3034c1aad7f8bf4420ce364e5456fbb","HAS_ANNEX"
"b6fa09bb4f2e711645b25f12207959d1ec27622c","fcb11246b0b6e59b70fc55f89e441858a105f79a","HAS_ANNEX"
"b6fa09bb4f2e711645b25f12207959d1ec27622c","bd0ba399cdbd23c4dbd049cc6b2b34ce1fe3edd3","HAS_ANNEX"
"b6fa09bb4f2e711645b25f12207959d1ec27622c","e99df9af541a0f3f43d3956ee6233326879b8b0e","HAS_ANNEX"
"b6fa09bb4f2e711645b25f12207959d1ec27622c","74e9c59b6e6c8bd4fba1d485dacb96faa4f64f31","HAS_ANNEX"
"b6fa09bb4f2e711645b25f12207959d1ec27622c","0b3c38e25afef5e1cc270b08e9d04e30f1ff94f3","HAS_ANNEX"
"b6fa09bb4f2e711645b25f12207959d1ec27622c","3a3800e3b3b40461e50faae0adc8070fa0c4d338","HAS_ANNEX"
"b6fa09bb4f2e711645b25f12207959d1ec27622c","3d0b972e80b1c1c7e2958d3022a3eb75cd33cfdd","HAS_ANNEX"
"b6fa09bb4f2e711645b25f12207959d1ec27622c","569f63cc22755d0a650cb10d7eaa2bfee389ca4a","HAS_ANNEX"
"b6fa09bb4f2e711645b25f12207959d1ec27622c","6a1003d70460df6225d413d79fccde30a0a1bcd0","HAS_ANNEX"
"b6fa09bb4f2e711645b25f12207959d1ec27622c","d4865caa5dcc767af1b796c32ac00dc4077186a6","HAS_ANNEX"
"b6fa09bb4f2e711645b25f12207959d1ec27622c","4a1f7f0f8e749dd1bfbe283e8efb3dadd2822d99","HAS_ANNEX"
"b6fa09bb4f2e711645b25f12207959d1ec27622c","64dad0663f94d8388fbbcd733f802e583592be1b","HAS_ANNEX"
"b6fa09bb4f2e711645b25f12207959d1ec27622c","712aaf75468949a8a0d749f58f68608a8bfaad88","HAS_ANNEX"
"b6fa09bb4f2e711645b25f12207959d1ec27622c","34d5dd51043d769b2f476f2e459c2c7e20ad9b8f","HAS_ANNEX"
"b6fa09bb4f2e711645b25f12207959d1ec27622c","624f006363a2f236c0d3def5d32555e40de327a7","HAS_ANNEX"
"b6fa09bb4f2e711645b25f12207959d1ec27622c","c5ea841500123189fc05e465e4427797f8abf0ac","HAS_ANNEX"
"b6fa09bb4f2e711645b25f12207959d1ec27622c","adf43ab4a3dfeae7c750f1964b592599dafa7433","HAS_ANNEX"
"b6fa09bb4f2e711645b25f12207959d1ec27622c","5216146fbd88938d1bd4a5de12a55e1f07511691","HAS_ANNEX"
"b6fa09bb4f2e711645b25f12207959d1ec27622c","11d965bd21a06cff89bf6c3350b25d2c541e184c","HAS_ANNEX"
"b6fa09bb4f2e711645b25f12207959d1ec27622c","bdef22a0e821ebb64c940aaef175382302ff6e80","HAS_ANNEX"
"b6fa09bb4f2e711645b25f12207959d1ec27622c","eee4c57f2b1ac66116302bdf323b311a1fb379a2","HAS_ANNEX"
"b6fa09bb4f2e711645b25f12207959d1ec27622c","12b3294f0e2a709500ed63dbcec79e93f5fa0204","HAS_ANNEX"
"b6fa09bb4f2e711645b25f12207959d1ec27622c","c47ea0c35e1742987cd833491b6fc7647aa3ec46","HAS_ANNEX"
"b6fa09bb4f2e711645b25f12207959d1ec27622c","010c1b8ba63db22c7bfd3075c5177b637462da3e","HAS_ANNEX"
"b6fa09bb4f2e711645b25f12207959d1ec27622c","f9dac8b0b08f6b4ce2254eb924f5b7a15843ba45","HAS_ANNEX"
"b6fa09bb4f2e711645b25f12207959d1ec27622c","d32ecf2e31b3360ef907be3426b87c4621fc1f97","HAS_ANNEX"
"6829c042a13cbb8b01ddcbda35f6fd683c0f77c1","59f543c8d4f73e1311a7e2b3a236f6d8cc4f1c22","HAS_ANNEX"
"6829c042a13cbb8b01ddcbda35f6fd683c0f77c1","30eba947359b6b029cd6fc34ebd5bb0d9f208e30","HAS_ANNEX"
"6829c042a13cbb8b01ddcbda35f6fd683c0f77c1","c48d12e8b232d4fcff04c929f14fef54aecf2ac0","HAS_ANNEX"
"6829c042a13cbb8b01ddcbda35f6fd683c0f77c1","3e51c2f95158f36a47194a0284858743a0e6fc88","HAS_ANNEX"
"6829c042a13cbb8b01ddcbda35f6fd683c0f77c1","d4c4017a30c74e41cd9c0cd0d061f14e8485dd0f","HAS_ANNEX"
"6829c042a13cbb8b01ddcbda35f6fd683c0f77c1","fd969d92c7b171d9c28ba2eda6e1e5d271427d77","HAS_ANNEX"
"6829c042a13cbb8b01ddcbda35f6fd683c0f77c1","4c86496e964522fe12b3b11450fc7a8313f469c4","HAS_ANNEX"
"6829c042a13cbb8b01ddcbda35f6fd683c0f77c1","c2db3d9db14f27661ab1e3a7c61af971d4f75d23","HAS_ANNEX"
"6829c042a13cbb8b01ddcbda35f6fd683c0f77c1","38f2ae75e4074b293a5f9eee51a27b1d7e255d58","HAS_ANNEX"
"6829c042a13cbb8b01ddcbda35f6fd683c0f77c1","cf84695fd3cab34e5bfe3b520c6d70bf68a71889","HAS_ANNEX"
"6829c042a13cbb8b01ddcbda35f6fd683c0f77c1","cb577d44ddc89b973473a07e72e7f5eeb75a0e8f","HAS_ANNEX"
"6829c042a13cbb8b01ddcbda35f6fd683c0f77c1","2485b62415077f3e17811cb5d1c05707d10b72dc","HAS_ANNEX"
"6829c042a13cbb8b01ddcbda35f6fd683c0f77c1","5969cbb8d3c095e941a9de5d327617f5832b3208","HAS_ANNEX"
"6829c042a13cbb8b01ddcbda35f6fd683c0f77c1","5031ece2b15949d54a676bdb0a23817e8ff0201f","HAS_ANNEX"
"6829c042a13cbb8b01ddcbda35f6fd683c0f77c1","0ffc1948d298ed371a416012018aeffed3a64054","HAS_ANNEX"
"6829c042a13cbb8b01ddcbda35f6fd683c0f77c1","2e64a6bdf6f35c74d07a4c9dbaf7ec601c6456b6","HAS_ANNEX"
"6829c042a13cbb8b01ddcbda35f6fd683c0f77c1","298cbb4960bc08a0f6eb0ae1109cda30e7527a86","HAS_ANNEX"
"6829c042a13cbb8b01ddcbda35f6fd683c0f77c1","1f77fcb4a8fefeadca049599bbfd658dc9db8c5a","HAS_ANNEX"
"6829c042a13cbb8b01ddcbda35f6fd683c0f77c1","7c0b2c756dfd9e9330703c3f6eed10f3402c8658","HAS_ANNEX"
"6829c042a13cbb8b01ddcbda35f6fd683c0f77c1","77fe4781de605eb85ef87a89304a067ae8f2e442","HAS_ANNEX"
"6829c042a13cbb8b01ddcbda35f6fd683c0f77c1","07327851dc814dfdaaf74f4addac050d3b179689","HAS_ANNEX"
"6829c042a13cbb8b01ddcbda35f6fd683c0f77c1","068101a56547580eb408a8947985475d47e0ee2f","HAS_ANNEX"
"6829c042a13cbb8b01ddcbda35f6fd683c0f77c1","8e0f0cb611c414bff6b0e473a8c46e47379ef3bf","HAS_ANNEX"
"6829c042a13cbb8b01ddcbda35f6fd683c0f77c1","0f3d9b4b59a611f8b38d90876c988f39375c60a3","HAS_ANNEX"
"6829c042a13cbb8b01ddcbda35f6fd683c0f77c1","6aff8df2cd15966d83002849f32280bacb3db97b","HAS_ANNEX"
"6829c042a13cbb8b01ddcbda35f6fd683c0f77c1","0b3251988d9fbe7bc1740a0ce4213f97d7135331","HAS_ANNEX"
"6829c042a13cbb8b01ddcbda35f6fd683c0f77c1","2f6bd5f11b6e9176e3f3fd6402ec4e807c2f054e","HAS_ANNEX"
"6829c042a13cbb8b01ddcbda35f6fd683c0f77c1","57c732b8048414d4ce2f6516977c3b9297c312cc","HAS_ANNEX"
"6829c042a13cbb8b01ddcbda35f6fd683c0f77c1","d5a54ed4fa757d565bbc1445ea18f84009c27b36","HAS_ANNEX"
"6829c042a13cbb8b01ddcbda35f6fd683c0f77c1","297f708588502d6a49431405c5b5ec8ec7152d33","HAS_ANNEX"
"6829c042a13cbb8b01ddcbda35f6fd683c0f77c1","7a1d27984e665471e67ec494ce179cdd03c428cc","HAS_ANNEX"
"6829c042a13cbb8b01ddcbda35f6fd683c0f77c1","c8b1e2fc18d4dd52668d08c802a8816125a4bdeb","HAS_ANNEX"
"6829c042a13cbb8b01ddcbda35f6fd683c0f77c1","d00e6dd049b6453035b675203143e93c0bae62a8","HAS_ANNEX"
"6829c042a13cbb8b01ddcbda35f6fd683c0f77c1","e849c404ca9ff3e228281adfc1fdf4191324bb11","HAS_ANNEX"
"6829c042a13cbb8b01ddcbda35f6fd683c0f77c1","e8445b182b60ae5dbbbbc68b55bd8553768c1cf3","HAS_ANNEX"
"1ed21550b572094228bbf31cf5c26cc088464029","78cb52b0e1f2c9565f59d02f8dcfa0af34858796","HAS_ANNEX"
"1ed21550b572094228bbf31cf5c26cc088464029","8f40deda7db47e309da1353d66e76bd9cc51fdd6","HAS_ANNEX"
"1ed21550b572094228bbf31cf5c26cc088464029","05f7a8f3ad0907f7fd1b548b1d01647f12128bc6","HAS_ANNEX"
"1ed21550b572094228bbf31cf5c26cc088464029","6d352921200a6cc305e6251f6f9d6ca8ea8905ca","HAS_ANNEX"
"1ed21550b572094228bbf31cf5c26cc088464029","165f49ab046bfec7c699f4b97e9cc624a345f68d","HAS_ANNEX"
"f436fcd219320b9a2e2544d19baad382633bea80","9285bb357b94696834aef6dc7e2eec3e3168f805","HAS_ANNEX"
"f436fcd219320b9a2e2544d19baad382633bea80","d8e7c21a20201b5b566f3b6ea95ac5e5d9ffbc9c","HAS_ANNEX"
"f436fcd219320b9a2e2544d19baad382633bea80","0edc63703f65cbff4f0f7313d9475481be5613ac","HAS_ANNEX"
"f436fcd219320b9a2e2544d19baad382633bea80","cfb7ca6f55c8521ba452883adde7d7f615275b78","HAS_ANNEX"
"f436fcd219320b9a2e2544d19baad382633bea80","b56a9d9d616f02b406be24bbfee8c18bd9757a8e","HAS_ANNEX"
"f436fcd219320b9a2e2544d19baad382633bea80","9bd90dac9ab5a40bd6b458c5b4c590379e9c6591","HAS_ANNEX"
"f436fcd219320b9a2e2544d19baad382633bea80","7eeebe33b001eea55e2efadcd09c1480212237e4","HAS_ANNEX"
"f436fcd219320b9a2e2544d19baad382633bea80","f25516bc4e2ccbf709e046ef12d0335a2f367e35","HAS_ANNEX"
"f436fcd219320b9a2e2544d19baad382633bea80","53c73fc6ea1f08daf9ea6c6a49375e66ab430539","HAS_ANNEX"
"f436fcd219320b9a2e2544d19baad382633bea80","a54f9c4aa1d67ccedf1f140718b2093decd74b21","HAS_ANNEX"
"f436fcd219320b9a2e2544d19baad382633bea80","425e99f8489bcc7cc048fe7378d2628026bd134a","HAS_ANNEX"
"f436fcd219320b9a2e2544d19baad382633bea80","089593aacef57dee7a8e87d76cbefa85baee74d1","HAS_ANNEX"
"f436fcd219320b9a2e2544d19baad382633bea80","5c544badb86d561d498dc3534ac9697687457254","HAS_ANNEX"
"f436fcd219320b9a2e2544d19baad382633bea80","1f1cd560020ed540c6933adb79a08b9baf9ee3dc","HAS_ANNEX"
"f436fcd219320b9a2e2544d19baad382633bea80","d977ca01411d148b4cdd09b5e97c9fc7f88cc9b5","HAS_ANNEX"
"f436fcd219320b9a2e2544d19baad382633bea80","61537c7497e98e3da59accfb338b28205c039582","HAS_ANNEX"
"f436fcd219320b9a2e2544d19baad382633bea80","25aa2afd5ace372d415b860fd30704fe3fe94777","HAS_ANNEX"
"f436fcd219320b9a2e2544d19baad382633bea80","387c27bb507eff229c99102eaf00647dec48d42d","HAS_ANNEX"
"104b2fb72ae4df8c22895fe3d3d4ba63abdcf2cd","41ef6d90cee4c454c1066da6e8019b496229984e","HAS_ADDENDUM"
"b6fa09bb4f2e711645b25f12207959d1ec27622c","a1b69d10a8260e125a8b3fec2b6aadbd5b43b0b4","HAS_ADDENDUM"
"b6fa09bb4f2e711645b25f12207959d1ec27622c","61a4c52b466dc265e204aa6c5f9925cc6895e4c9","HAS_ADDENDUM"
"b6fa09bb4f2e711645b25f12207959d1ec27622c","f094b040c07be39e58509f119999a9ad07fbb5e4","HAS_ADDENDUM"
"b6fa09bb4f2e711645b25f12207959d1ec27622c","af0594e3bad58e8fb52b212276872faf57198d06","HAS_ADDENDUM"
"b6fa09bb4f2e711645b25f12207959d1ec27622c","70939bb9f2c5ff9bf648b0d1cc8bd566d277cbe5","HAS_ADDENDUM"
"b6fa09bb4f2e711645b25f12207959d1ec27622c","ed7e3aa316d5d7f1f05942789d2598622d3ad289","HAS_ADDENDUM"
"b6fa09bb4f2e711645b25f12207959d1ec27622c","0849ff95d2021ed351feb2f7a994ca1ec4adcaf6","HAS_ADDENDUM"
"b6fa09bb4f2e711645b25f12207959d1ec27622c","b49d8d9242bc73747c4f880cddadb2ca7b4c6ea0","HAS_ADDENDUM"
"b6fa09bb4f2e711645b25f12207959d1ec27622c","ac7894a8b930ffc979fb713b906b44b7da743487","HAS_ADDENDUM"
"b6fa09bb4f2e711645b25f12207959d1ec27622c","21b756989f39f2624720d58e662760021414dcd7","HAS_ADDENDUM"
"b6fa09bb4f2e711645b25f12207959d1ec27622c","539e42e674ae5bd6f6cc15fd80398cd9f255e93c","HAS_ADDENDUM"
"843d76b6b9c38936d2ce1a1ce08009ee49a7ab86","eba11139ee545de5eca490a099c89ed520b749d6","HAS_ADDENDUM"
"843d76b6b9c38936d2ce1a1ce08009ee49a7ab86","7bbc35e7d49494bee311f82b2e8e7f63c8fa082a","HAS_ADDENDUM"
"843d76b6b9c38936d2ce1a1ce08009ee49a7ab86","40c70ca7058c224e16241c2da668ba6fd70a8b71","HAS_ADDENDUM"
"843d76b6b9c38936d2ce1a1ce08009ee49a7ab86","7ea0d39ec5700b2f6f0f950297d867eef2df1150","HAS_ADDENDUM"
"843d76b6b9c38936d2ce1a1ce08009ee49a7ab86","e04dce1b95d90d8eebbe7001f4f73223fc4638ce","HAS_ADDENDUM"
"843d76b6b9c38936d2ce1a1ce08009ee49a7ab86","66d8a67c5c80ccf9c06d09ea59cd45be8171f81c","HAS_ADDENDUM"
"843d76b6b9c38936d2ce1a1ce08009ee49a7ab86","a1df701b6f534e3ae1d2531cc7671ddb34877c42","HAS_ADDENDUM"
"843d76b6b9c38936d2ce1a1ce08009ee49a7ab86","78f3d45fe03cfa3d74f1e1e1d744ed13ae8d2182","HAS_ADDENDUM"
"843d76b6b9c38936d2ce1a1ce08009ee49a7ab86","9feba246a538505f7de14fb1b8fe7152e308a208","HAS_ADDENDUM"
"843d76b6b9c38936d2ce1a1ce08009ee49a7ab86","e15a8b5d19deb05c1d01a450f61acffdcd24469d","HAS_ADDENDUM"
"843d76b6b9c38936d2ce1a1ce08009ee49a7ab86","b2e2a6395706fd4fe1cb1a68ccda5bfc9348e326","HAS_ADDENDUM"
"843d76b6b9c38936d2ce1a1ce08009ee49a7ab86","2d815e4c1ff03e9aab2405da90b9fb84a382762f","HAS_ADDENDUM"
"6829c042a13cbb8b01ddcbda35f6fd683c0f77c1","0200bfc66db1a6488e02e2ba82f3cecfd13fe5a2","HAS_ADDENDUM"
"6829c042a13cbb8b01ddcbda35f6fd683c0f77c1","a0f2b90914182bb2744eb55e20a1b8830221b521","HAS_ADDENDUM"
"6829c042a13cbb8b01ddcbda35f6fd683c0f77c1","fe5bfbf5220a46d598c0f141320888f9adfbd3f6","HAS_ADDENDUM"
"6829c042a13cbb8b01ddcbda35f6fd683c0f77c1","214b32bce27d374b26a3648a86c23e36085dd74b","HAS_ADDENDUM"
"6829c042a13cbb8b01ddcbda35f6fd683c0f77c1","0ae5423b42f6c7f1677ede57b4a0ed7c30c11ab5","HAS_ADDENDUM"
"6829c042a13cbb8b01ddcbda35f6fd683c0f77c1","a5b38c6d8762a30eec1e1f9798cbd29c4eb81a67","HAS_ADDENDUM"
"6829c042a13cbb8b01ddcbda35f6fd683c0f77c1","ace100ba58a4d3e1910d5ae803d89b884622927a","HAS_ADDENDUM"
"6829c042a13cbb8b01ddcbda35f6fd683c0f77c1","5d388a5abda7e436b2310c5a82b3af4138485e8c","HAS_ADDENDUM"
"6829c042a13cbb8b01ddcbda35f6fd683c0f77c1","7c93cb34c7ec3a47f50847558b044f1f314279db","HAS_ADDENDUM"
"6829c042a13cbb8b01ddcbda35f6fd683c0f77c1","4f7b42d283a619f8c2756d86bd9bd60fe75a4e3b","HAS_ADDENDUM"
"6829c042a13cbb8b01ddcbda35f6fd683c0f77c1","4f798394440d5af56d46f54704e7f5727639f0ed","HAS_ADDENDUM"
"6829c042a13cbb8b01ddcbda35f6fd683c0f77c1","8d1b834d28039fb554feb04eaf0e3fdddd5d4400","HAS_ADDENDUM"
"6829c042a13cbb8b01ddcbda35f6fd683c0f77c1","8bea82b720550c622ecb52a7194df6ede9feb06a","HAS_ADDENDUM"
"6829c042a13cbb8b01ddcbda35f6fd683c0f77c1","1698cb72ef4889b4089cff9ada6d9ec2e1a8aa94","HAS_ADDENDUM"
"6829c042a13cbb8b01ddcbda35f6fd683c0f77c1","948e92355a55ff97a4610e2d92144959bdb10ec0","HAS_ADDENDUM"
"6829c042a13cbb8b01ddcbda35f6fd683c0f77c1","c0abf7b161d2eba2865c334b874e8a535a99c7e7","HAS_ADDENDUM"
"6829c042a13cbb8b01ddcbda35f6fd683c0f77c1","0c718e8df497ee593e43502135e14b26d172491f","HAS_ADDENDUM"
"6829c042a13cbb8b01ddcbda35f6fd683c0f77c1","b3ee6c8e8d9c77878ccca45009178e868aad34b0","HAS_ADDENDUM"
"6829c042a13cbb8b01ddcbda35f6fd683c0f77c1","3bc2c8ff6a71979c1487267b1f4fb50d7f49342a","HAS_ADDENDUM"
"6829c042a13cbb8b01ddcbda35f6fd683c0f77c1","decfe59bd53408ccfc37064980b6d2a04f4e5bbf","HAS_ADDENDUM"
"1ed21550b572094228bbf31cf5c26cc088464029","62591b1d9840c21c494b1072183a8e4890ad0c09","HAS_ADDENDUM"
"1ed21550b572094228bbf31cf5c26cc088464029","0b23d118d43a6082617c82669b5c3ab4dcad9dce","HAS_ADDENDUM"
"1ed21550b572094228bbf31cf5c26cc088464029","1a7e0f9357c364ef09a2dcb196a31972a908d5cc","HAS_ADDENDUM"
"1ed21550b572094228bbf31cf5c26cc088464029","9624cd5ca05f530fc61aaeb9fff5c8d43c71665d","HAS_ADDENDUM"
"1ed21550b572094228bbf31cf5c26cc088464029","8e140d1044373ab61c8ceadd9591249b3bf9ca8d","HAS_ADDENDUM"
"1ed21550b572094228bbf31cf5c26cc088464029","7c6e4edf11ee007fab602c5d4e3fe009e00e4435","HAS_ADDENDUM"
"f436fcd219320b9a2e2544d19baad382633bea80","3ef5a1b95ee5dac24b09cd57ad89fb56f391dd3a","HAS_ADDENDUM"
"f436fcd219320b9a2e2544d19baad382633bea80","64bca27291399a9aa1f56e16a6f77a6950b39b72","HAS_ADDENDUM"
"f436fcd219320b9a2e2544d19baad382633bea80","c7c5445b80fbf904a1c1376f23dfb09b02fc660f","HAS_ADDENDUM"
"f436fcd219320b9a2e2544d19baad382633bea80","20c1a6d13aecd25611ae619ef0de9b99e7e59c66","HAS_ADDENDUM"
"f436fcd219320b9a2e2544d19baad382633bea80","ea3f9b038946ec4d09ff4ed83ed1737c00df182d","HAS_ADDENDUM"
"f436fcd219320b9a2e2544d19baad382633bea80","d97425267b194119d12a02a06ee5612d24d1da38","HAS_ADDENDUM"
"f436fcd219320b9a2e2544d19baad382633bea80","2e73125db16a193d4fa30006be0350bceae0cfcf","HAS_ADDENDUM"
"f436fcd219320b9a2e2544d19baad382633bea80","ec41a808c9cdca183f4df861084e75b00524f8ac","HAS_ADDENDUM"
"f436fcd219320b9a2e2544d19baad382633bea80","bc47cdec888f5ebb50ba547f740382f1a56d84aa","HAS_ADDENDUM"
"f436fcd219320b9a2e2544d19baad382633bea80","c4d24f541bacae17e0bd0503447243a572d28e28","HAS_ADDENDUM"
"f436fcd219320b9a2e2544d19baad382633bea80","20d5e52c794fa29574e542babf764b45c1ee7abe","HAS_ADDENDUM"
"f436fcd219320b9a2e2544d19baad382633bea80","450eb092fd9a3c2bc59462aeb5edfa42e52c2192","HAS_ADDENDUM"
"f436fcd219320b9a2e2544d19baad382633bea80","940ef96d17ffea04a9f899e025bb093d987157b5","HAS_ADDENDUM"
"f436fcd219320b9a2e2544d19baad382633bea80","30c842c7bd541f024f2339fd225f7cbe4d01caa3","HAS_ADDENDUM"
"f436fcd219320b9a2e2544d19baad382633bea80","ca3eb6e4eabb130c152f60ef9f28c94dedfe7c5d","HAS_ADDENDUM"
"f436fcd219320b9a2e2544d19baad382633bea80","dabfb1c442315406d5a27634d543e40036a9e61c","HAS_ADDENDUM"
"f436fcd219320b9a2e2544d19baad382633bea80","ad43dc87ff4e989cc360189fdd695cb6b4e58cd8","HAS_ADDENDUM"
"f436fcd219320b9a2e2544d19baad382633bea80","5d384d4816360b96f5fd51cacd20421471f77a01","HAS_ADDENDUM"
"f436fcd219320b9a2e2544d19baad382633bea80","02432cf6a36fe2a58e27556227092323f56b7257","HAS_ADDENDUM"
"f436fcd219320b9a2e2544d19baad382633bea80","297d42310bcbd4f7b233888982e79e847c1a0b9f","HAS_ADDENDUM"
"f436fcd219320b9a2e2544d19baad382633bea80","41889df5d8c9c8669f24a6fcddae612ac5133c54","HAS_ADDENDUM"
"f436fcd219320b9a2e2544d19baad382633bea80","52d75fbf47dc68131c6f230b6aa7db9ae8db4bc7","HAS_ADDENDUM"
"f436fcd219320b9a2e2544d19baad382633bea80","b2041b87a9169c9a58c78f12e709dbcf8b9b5e5e","HAS_ADDENDUM"
"f436fcd219320b9a2e2544d19baad382633bea80","408e7dd3e050bb2c41876d97b2b913b73f2a14bb","HAS_ADDENDUM"
"f436fcd219320b9a2e2544d19baad382633bea80","853feb7c06c9798bf6a4da52a59212bfd5fec492","HAS_ADDENDUM"
"f436fcd219320b9a2e2544d19baad382633bea80","d8be218fd062d19943a1a7bed404beb5e3402267","HAS_ADDENDUM"
"f436fcd219320b9a2e2544d19baad382633bea80","4122face88d90df9d7c72a10402438f7eef43478","HAS_ADDENDUM"
"f436fcd219320b9a2e2544d19baad382633bea80","83684d0a0662da670786378a240e3d5e74b72661","HAS_ADDENDUM"
"f436fcd219320b9a2e2544d19baad382633bea80","296f62db2b0871d9934d92cfa6171368e4e77880","HAS_ADDENDUM"
"f436fcd219320b9a2e2544d19baad382633bea80","e519d349d1ba6120d85615ae50daf0816ed14e96","HAS_ADDENDUM"
"f436fcd219320b9a2e2544d19baad382633bea80","eaecb7ce6280ff8a3679efd0a1dedecaf1df90d6","HAS_ADDENDUM"
