from_rule_id,to_requirement_id,rel
4d6b714d-5695-5896-8156-4438ef8877e2,1d989675-7d67-542c-b1d9-fd104d1c3a8f,HAS_REQUIREMENT
014c4942-6b2c-5e27-a5c9-b3b1c0f78413,56b7f6f9-b93e-59a0-8fa8-5b52ed1bb05f,HAS_REQUIREMENT
0ccf6969-c3e7-5e67-9fc4-2eac1553a4ec,6d5b32b4-eee9-5431-898d-b4726bfd3a19,HAS_REQUIREMENT
2578ff74-9655-50e8-bfcb-de7dca5cf6d8,88171212-0b0c-55e9-8450-caaa5d8dc0e8,HAS_REQUIREMENT
353cde78-8164-52da-a217-8d6de93a253f,4ba6db5e-b4dc-5d67-9a26-4ff5e69f70e4,HAS_REQUIREMENT
c1424f29-df53-5dc1-9efe-95647385b337,5cb0544e-b9da-5778-bbc6-8ac43d4d4c92,HAS_REQUIREMENT
40608493-36a0-52ad-a05e-a85b09891104,7314e1be-b19b-526b-838a-705cc1574de0,HAS_REQUIREMENT
0556aba5-2d1d-575f-b848-0b1fa14d1992,e6794db8-a3b5-51e8-aa0b-cf216a9ba5f7,HAS_REQUIREMENT
27061eae-9afc-5ab6-bde8-f83dc48d016c,b62d0acc-9828-5723-83d9-d511b32ba085,HAS_REQUIREMENT
fe1753c0-9e15-5414-b197-b4bfe856843a,7999fb93-8aab-5c1e-a956-3728760f03f3,HAS_REQUIREMENT
09b7f08e-ca69-5338-9369-9eb185db16c0,fc5a17ae-232d-5409-80fc-a337db7f39ff,HAS_REQUIREMENT
17e119a1-071e-5441-9689-b6fa6eaad8f5,ff3c74ab-0b06-5ffd-9437-8abc6500436b,HAS_REQUIREMENT
e3286026-66db-5f22-bc96-b52bd339d7a6,512297f9-bb98-5f54-bd18-2b276d12a1af,HAS_REQUIREMENT
a879ba2f-f763-5a18-aaee-bacf326af66c,e6fdffab-b2ab-5d6d-9845-32d3c473db56,HAS_REQUIREMENT
d59fe247-fe1e-5933-b0a9-857f8f338d1e,a2f2d87a-0d1c-5d1b-951a-c3f58e9347a2,HAS_REQUIREMENT
9074024c-c172-520a-b653-f9788b9f2876,682e6c59-eab7-5436-a86e-e63bc126b357,HAS_REQUIREMENT
6aed12f7-4acc-5b89-ae7a-a87eed0d193d,06fef486-6bc3-5335-b8c5-8cb67afb25f6,HAS_REQUIREMENT
0e7058fb-c836-5131-973e-fc36bbaa6c8d,526de187-80be-5c9f-8ae1-3968e9182b7d,HAS_REQUIREMENT
adc72ceb-6781-516f-ab9d-ec2f615fc663,b88c6665-10c9-53db-ac6a-8520d336ef0e,HAS_REQUIREMENT
393c0a42-a701-56ae-b5a0-c1b77a013a6e,23f1af60-774e-5fac-83b1-a7144c0d103a,HAS_REQUIREMENT
f21cae16-aa4f-580b-a54d-c9b702f6ec57,9d9818de-4357-5d1b-9b3a-1ae0c7438b3d,HAS_REQUIREMENT
0ae9a974-5a6f-534b-89b4-df52c44f9065,ccf2ad12-343d-50cf-96eb-981db1a2ed3c,HAS_REQUIREMENT
81a2f772-5616-51ea-8a21-0c39d42d0aa7,969ac647-4c75-5053-b420-d8e08762bc1e,HAS_REQUIREMENT
e069c985-23c3-5a1c-8102-974099417ff6,8ab7a1ac-be45-5b5b-8078-eec09e4055ac,HAS_REQUIREMENT
637ddee6-62d5-5c8c-be06-a742c1f73f57,03e7a7af-c095-5cd3-a72e-a26cdc7b3c52,HAS_REQUIREMENT
dfd0adf2-8f24-5a38-af51-fe42844460dc,8c29676f-9690-55ac-b1b6-ab6edb83f68b,HAS_REQUIREMENT
a7ba2cfd-54b1-5100-a235-9ceb028b4a16,60dabf1b-55c4-5795-8bb8-4483aeb4a576,HAS_REQUIREMENT
d723a034-8ec0-5d4c-a5cb-0d3b763e85f2,4e8bce06-430b-59fa-85e0-032585bb731e,HAS_REQUIREMENT
46f9e745-474d-5a58-8aed-f304678fc9f0,a0f252b4-b891-592d-9b12-4f4381d2127f,HAS_REQUIREMENT
c20c5498-6208-5037-895d-8fc1a41d01cf,824e0017-45c9-56fd-855c-d65d1a29ddb4,HAS_REQUIREMENT
03883792-4c8a-55a2-97f3-088a3ba55b57,2b8c268d-b852-5165-bc5c-4c3d693eb84a,HAS_REQUIREMENT
9c3ae233-522c-5453-aca2-328f18132265,20cc41fb-02d8-55d9-adc1-8bbae5a9a543,HAS_REQUIREMENT
1360e41f-8668-5b84-8a95-73405cc2257b,8fd6f4ee-c4d8-51b7-9103-52a94ca718dd,HAS_REQUIREMENT
7a31f8cc-5478-5ac3-95b9-c7ff503cd3ea,2dda2330-e68e-5883-b10e-3c2ae0ec5371,HAS_REQUIREMENT
222f8bc9-09d2-5ee3-b576-3beb97ac7950,e7b7a43c-f81d-500e-9082-f7cc979aea50,HAS_REQUIREMENT
a37a53b2-59dc-565d-afd8-1a68c6d0531f,3f65ebbd-978d-5283-af9e-4c7577b20d7c,HAS_REQUIREMENT
3695c841-ffb3-55af-85b2-2f6a9a686b7b,258e19f9-3855-54f0-a2ff-3e227e7af405,HAS_REQUIREMENT
f7b23467-a1da-5099-8dd2-3242f4a59cdd,17a200fb-85ad-5e88-8e6d-e1c7bdaf4cd2,HAS_REQUIREMENT
724aaeb5-d87b-5837-9ca9-afff79e165aa,709dcc49-c237-5e45-ba90-a97e04291ca0,HAS_REQUIREMENT
3a19f7ce-8e56-52bc-a54c-1cf8608e8062,62bfaae7-24d9-5bf1-9771-cdb6ce18a981,HAS_REQUIREMENT
74181ba1-08ac-5826-a200-61976d056e35,7eb84cd9-461a-507a-a3b4-d6f5f1804564,HAS_REQUIREMENT
402ced68-b6e7-5a95-9c3b-d643f8c4fd73,9f839ae8-794d-5b82-b479-7a7aaa1fed45,HAS_REQUIREMENT
fb12431a-ed9b-5f4e-b0f3-def4eeed87c3,404cdc35-13ae-5f30-972b-78025fda1e79,HAS_REQUIREMENT
e803bb5e-a4b9-5f70-9b2e-0cde7fa4cafd,ec712592-b2ce-5869-a8f8-e57995976261,HAS_REQUIREMENT
4fedeecb-446e-5a97-ac88-cf678efd7ecd,9bdc5009-b025-5d6b-8098-be3ce1aed0ea,HAS_REQUIREMENT
42a9258c-69ef-5f02-8cb9-d09895cd98a5,4aaec5fc-2ef5-50f0-a2bd-0dd58286d168,HAS_REQUIREMENT
81dfa226-4152-51a9-94a9-14724e004828,43801359-d5c1-5cc6-b29d-6f08a41b08b6,HAS_REQUIREMENT
0f7fa9a6-1d64-5f4c-8822-470e7a5a6b58,592592dc-2c4e-5347-a3fa-d596e5a05da1,HAS_REQUIREMENT
9ccf58a9-c891-53e7-a607-8637f438b997,e2db7ace-f378-50bd-8467-ef1b53eaea0f,HAS_REQUIREMENT
79c6c7ad-10c8-5f77-a369-4979d6f1b566,4ab73f32-ea9b-5076-89c3-8eeddeffd624,HAS_REQUIREMENT
c28e4250-c91b-5442-b67b-93840a2243b8,e4c8477c-ad96-5f56-8bda-5229594ae519,HAS_REQUIREMENT
d2e3e89b-1c82-57bc-9dc4-4cc3daf2aa89,36e92ca0-d0b3-594d-87f7-956728d52dc8,HAS_REQUIREMENT
53529db5-d5a7-53e9-a1ce-994b187672e2,61e2069b-b171-5608-8600-b0af8a7ec871,HAS_REQUIREMENT
82a6f168-d8cd-5d40-8ba7-8e1752151197,8b5a02d5-f16e-5d7b-a3df-83f66f227b7e,HAS_REQUIREMENT
3cdc0242-6b7e-5403-ac05-53b97b2db79a,6d991fce-42d4-5aa2-b372-f3e47f2d664a,HAS_REQUIREMENT
82672daf-9a85-590a-acc0-283b7ca84a0f,7bdafcbd-f434-5a70-b063-e1f975983405,HAS_REQUIREMENT
e82316a2-36c0-5435-b7c5-90dac5f88b91,76b3f598-7eac-5277-add1-a2488c93d04f,HAS_REQUIREMENT
13565c46-7b91-5d29-8c0f-111bb4882db2,f0df77d4-9390-5295-98b4-0cd50098007b,HAS_REQUIREMENT
8dc3370b-1e84-5e1b-be74-c60e7d89b162,d12500cb-9dcc-5022-a599-b456359167cc,HAS_REQUIREMENT
93baa47b-a31e-5f27-9e52-52d9deef9b83,32b770ec-b023-55f4-9de8-454cce1df735,HAS_REQUIREMENT
9a4c9b63-45b4-5aeb-8770-ef3837cad8f5,094e17a8-7466-596c-a223-7f26861b0cbb,HAS_REQUIREMENT
4e5fe51e-8e18-58e2-a74b-41139765208b,130ff4d4-a70d-53b5-954d-f8571b9644b3,HAS_REQUIREMENT
0d3a34d4-009a-5a6b-a1d3-100c8c02c37b,4faef90e-52e4-5a00-9c92-98583b610728,HAS_REQUIREMENT
5ef9185e-0b34-56e0-a36e-c9d7ab6f690c,0fceebe9-6951-5c26-bead-ab1664c6aac6,HAS_REQUIREMENT
175cda9a-94b2-5d4c-8abb-4907ecd7fe5e,5a650df8-afb4-55be-b6fe-fd3c566fe66c,HAS_REQUIREMENT
51567a5c-bae0-52e2-8e9f-521bedebdada,2aa89fec-91c2-511f-9976-548e7430185b,HAS_REQUIREMENT
4a5bb40f-d431-5bea-9084-7cb20e5455e4,4c0bb898-5f5e-5d7f-b0f4-00b9fab2ef0d,HAS_REQUIREMENT
0a324c0e-5052-530f-bbe6-4427d29ec185,2ff84287-b4ba-59c9-8342-49a6877d556a,HAS_REQUIREMENT
79bbb2b9-40a5-55ce-9d71-595cc6945a67,4d12e5b1-ac85-50e8-aa6e-7101bad7ebd4,HAS_REQUIREMENT
6ba1ef3f-504d-5388-bf69-560d6cf71d33,f00bd7ed-0830-55fe-a0c5-466d12cdff92,HAS_REQUIREMENT
c62946f2-d693-52f2-b6f6-39cc6bc8436b,a8d7d50c-11e0-55f8-80b9-916fb403fcbe,HAS_REQUIREMENT
928f722c-5ac2-5ccf-95f8-9b80487939d2,6c425af1-f105-5aa7-b77e-0e2f9e61bd77,HAS_REQUIREMENT
021bb57b-47c9-5110-8d48-1031c69a0ba9,0bd7b098-38fb-5636-956e-92995237a9a0,HAS_REQUIREMENT
60e192f3-618c-564b-9bfd-b6674caa4826,74e6b519-d74e-5d21-a4b9-776cd2a0d5f3,HAS_REQUIREMENT
cbde3419-9027-5578-b935-39aa65779b83,d0b3c8b9-68eb-5075-9a86-80d26a5b7d54,HAS_REQUIREMENT
1c108393-79ef-50ca-bcd7-fca1be4f0c71,1b757e81-47f5-5144-9c29-c173a96ce605,HAS_REQUIREMENT
f2b75977-d0df-5c49-8c20-432fd9c3ab14,73006aaf-1d6e-56ac-835f-c7d0af8bc9a9,HAS_REQUIREMENT
663660be-166a-5c7f-8cc5-5ab7f75ae384,ec12cd21-55f8-5ff1-800c-a8cfa5cc32da,HAS_REQUIREMENT
995aef01-531e-532b-ba80-ccd449df28ed,8a856957-20b5-5991-9b6e-d3fde8162e98,HAS_REQUIREMENT
bb82af81-e92b-5757-bc0d-e527d20f3d40,21de2c54-6c74-5831-ad69-1dd4f6626bfe,HAS_REQUIREMENT
0c18caca-bc9a-5d21-a704-968cbf062231,e87b0ac2-f623-5bbc-a172-1d24c0034d51,HAS_REQUIREMENT
b3e1fd88-7ad4-57e3-b238-0f24f194fb62,843be333-456d-50f9-8492-eabba5f4b602,HAS_REQUIREMENT
8a0cf2fb-1517-54f1-9855-a1ced023a6b5,0bf19160-496e-5f51-b871-51d6792e12f8,HAS_REQUIREMENT
52e2188d-6e75-5175-a64d-2367a952f61e,d8b8fa8b-e13a-5bd5-b88d-13b38c5c0040,HAS_REQUIREMENT
a55243ca-6e79-5954-9ae0-4ffff5cc5774,1bdde2f6-b555-5168-8015-eab076426fff,HAS_REQUIREMENT
51d47b55-1fa9-546c-904f-69a48d98051f,9f5d1c57-fd0d-5fa2-b994-af89fff42f0c,HAS_REQUIREMENT
ca82b1eb-9efa-5d2f-879b-46bb3dceaf10,764889ef-bdd8-5952-8cc1-4f85183614ce,HAS_REQUIREMENT
cfe69ecc-d316-527a-9c92-9e76ba6ed2f1,6450dd51-d000-5259-a880-19ebfb0c3f3f,HAS_REQUIREMENT
ef224184-e5be-554d-a0f6-efb5a86adfa9,460929c1-64f7-5519-84ca-1cc9ca60a158,HAS_REQUIREMENT
e309afc3-278a-5dc0-915e-135296293aa5,a87a72c5-299f-5006-8451-ceda9f081c11,HAS_REQUIREMENT
822fe397-b70b-5eda-8130-c02ab27d2ff9,1a152434-63fd-5284-90e9-4ca5475f8831,HAS_REQUIREMENT
526fab18-8433-5c68-823e-49bf4b8c458b,de889f80-4863-55a4-a6d2-6deb46866e22,HAS_REQUIREMENT
7cd71e33-942e-5508-8ea8-62a2d8145cb1,2c639db7-2bf0-5eba-ada2-213768166157,HAS_REQUIREMENT
d3574734-b2fd-521d-8429-10f8842647ca,c2d505d5-c739-58af-922f-b906b7f18b77,HAS_REQUIREMENT
8654ce77-5071-5486-9686-97099bd797e9,ca3702da-f30e-5d16-8305-1ab590772155,HAS_REQUIREMENT
4365c97a-58fa-5dee-bc1a-5d70839e4bc0,f22a8c6d-9d03-5157-8195-20c28a04528e,HAS_REQUIREMENT
fcfe6376-12fb-556c-9e25-2344939f97f5,780358a2-c63e-5494-86d5-4797628aefb1,HAS_REQUIREMENT
12a6b9f0-c044-5936-8df2-99f8b14b24e7,8dea78b8-edd8-5336-9573-362abb1477f9,HAS_REQUIREMENT
7329aa4e-de15-5a87-9a21-d65120e6908f,8a441d67-f6b2-5717-88a5-dabfa7e07e8d,HAS_REQUIREMENT
d19bc858-0ebe-5419-9c9f-207a177010a7,d49ac49f-c29f-5401-a5f6-e925a3a4e46f,HAS_REQUIREMENT
6f4f78a9-9acf-5888-80e5-78194b277dd5,fc10f60f-d7d7-5f67-a13c-2dc942eed446,HAS_REQUIREMENT
99c84651-c4cc-5bb2-ba2b-01d29a6375df,ab62b5d6-08ac-51c6-ac73-55d20b909ba5,HAS_REQUIREMENT
01a3806a-0033-58f4-8b5e-ae9e243e46e3,ba75abf3-5faa-5e38-b972-87cc3986c1b8,HAS_REQUIREMENT
a3bb6c1a-9839-59c2-97e5-22ba2e52b24f,ac0800ce-3c24-5c65-b290-d382fd41b8e1,HAS_REQUIREMENT
301dc068-f0e5-5d70-9d9b-526996ecc919,bc5e6ccf-e0fe-5495-b90f-444519b8fad7,HAS_REQUIREMENT
97ba72d6-ca9a-5fb9-80f3-e161c264bc45,16afb335-aace-559e-8cfb-35388f608d37,HAS_REQUIREMENT
26ae8175-ad77-5821-9c6d-24df73adeabf,e32606be-dbf4-5250-bfbf-07174a22d068,HAS_REQUIREMENT
51df9103-5f23-56d4-9ea5-150c5c29a451,8d88c36e-3317-576a-90a1-826eb07836b7,HAS_REQUIREMENT
eaa7cc40-6bb3-59c7-899e-6e33b87caa21,26f70485-2e4e-514f-ae7f-8537bf495219,HAS_REQUIREMENT
4a162e62-bc26-51f4-bd75-3646ec0d5f0a,351cb562-1ead-5dcd-9dbb-7235ebeaf922,HAS_REQUIREMENT
a5d6e8fa-14ba-586e-9134-5190305db9d7,117c36ee-1fe3-5c71-b981-e1dcae8de92e,HAS_REQUIREMENT
d858ac4f-e45c-5c1b-b30e-c363750c82c1,c4a75fb0-2160-54b5-9217-f24cc0b997d7,HAS_REQUIREMENT
3a07deff-594d-5aa4-9cfe-405c4ba852da,c7160283-a192-579b-bcaf-d5376f877911,HAS_REQUIREMENT
8f24f1e1-9a6f-59c0-8932-34a6adbb0053,d2c7f89a-a2dc-5b6d-b7fc-e7d9bc49e465,HAS_REQUIREMENT
69461077-54d2-538f-8039-4649b814db05,8ce83999-edce-5e3e-be96-95686779a44d,HAS_REQUIREMENT
48b665f7-362f-569c-83e1-0f1dbb0e4de5,5f285f63-c728-5ff3-a25f-81555fc50e9e,HAS_REQUIREMENT
a22a0ab0-f9e5-5762-be7c-986f7373a98d,ec7abc87-009c-5a20-9b31-18e510ca5d4e,HAS_REQUIREMENT
5f13a7f0-e5c4-5f6c-8ef7-45168e1e1e67,8a370e44-7b55-52b3-9e50-dc47541d25b4,HAS_REQUIREMENT
fca4f069-b681-5c93-8b85-1d270d7d6d11,7c294a9a-d923-5ed7-bb53-9933515158ee,HAS_REQUIREMENT
b2733c7b-1191-5db1-b620-960a14e5b6ed,3a66154e-8e09-5706-b013-908375e70f4d,HAS_REQUIREMENT
4b3ab2e5-1d3a-5d38-934e-165f7a05da5a,ef7db645-5f6c-508c-9ca8-23c161e53337,HAS_REQUIREMENT
1b7d3a7f-5463-5aa7-b1d2-634fd01ebac7,11d419ae-f1b9-5416-a22d-6a54cf26f1f4,HAS_REQUIREMENT
c8730dd2-d3eb-549b-be3f-d5f4ae328f69,5e25525a-61aa-5c04-87d2-4f4e03d58fa4,HAS_REQUIREMENT
8f469669-8a1b-5fa6-bd2a-38df99bbd6ea,16ea7fc1-1f70-5b0c-97c7-0f74dfcb7b67,HAS_REQUIREMENT
ef53aba8-ee4f-5774-8ed4-46dceccc2684,eda838f3-0df9-51fb-80cd-c861c657ad8c,HAS_REQUIREMENT
7962ba05-c67e-5776-a0de-d8032205aefb,a062cf0d-0be8-5e3b-b0a8-5640aa93537d,HAS_REQUIREMENT
da9646a4-a933-50f9-90da-5cae73f0c4f7,eef4ee8c-0b72-59e3-b589-a1c7a80cdc4e,HAS_REQUIREMENT
846fb46c-57af-5b90-9f0c-14f6a8b8609d,6fbdbcb7-8b87-55da-b7d8-757f88440443,HAS_REQUIREMENT
28e7a3cd-8fc1-5f26-b219-1dd011db82d0,e9bcbc5c-2ff4-5294-8ed1-772217c560fe,HAS_REQUIREMENT
56a3933b-f577-550b-91fc-2b9f2ff1cfcb,3d003324-1a50-5e77-b963-83382ce851e5,HAS_REQUIREMENT
77e021ad-4a6d-5061-b2c3-82ac4c88b0d1,dd517a28-f2a6-58b3-989b-05ca3e1fd09a,HAS_REQUIREMENT
b2ace6e4-6301-5db3-a926-90f7f2ab2c9d,f737cf80-338c-56e5-8589-6a80c0badb61,HAS_REQUIREMENT
649debff-2530-5ed2-b0de-aa5637bcd348,1bfc8499-a8d5-54a6-9524-cb59fbcdd13e,HAS_REQUIREMENT
74c63ab6-f7e6-532e-8e84-b9383c5e124c,ea0cce3a-c14a-5b64-b1f0-e91d7f9767b3,HAS_REQUIREMENT
d356b7f0-ba41-5b79-9100-62545cbe3174,07b08b5a-ac65-5071-8615-cd22e4547c7b,HAS_REQUIREMENT
d669b604-6786-5dbc-a16b-87749209fe15,9634873d-193c-5c07-a526-1716e2193ca3,HAS_REQUIREMENT
b5f527c0-5136-5ebb-8c73-d17d5b9436b7,4ea143aa-79f1-5d05-82ac-7f570a975644,HAS_REQUIREMENT
ca1fdcd4-36dc-51ab-b71a-3b8712b510f7,4de6bbb2-4b26-5018-a736-20dedf3c2ecc,HAS_REQUIREMENT
6aea4378-d31d-58a0-b4ac-4936d2febf23,867c43c8-b322-581a-8abd-dd4f122c6348,HAS_REQUIREMENT
05952737-479e-579f-b2a2-7d63e7785dc5,ac6dc73d-968f-5e91-8d31-1de591d3b1fb,HAS_REQUIREMENT
16f62daf-0067-5d38-81ec-da4ed20f2ddb,2632bf84-5350-533f-8998-e8954934a6f3,HAS_REQUIREMENT
42c35ab8-fd2c-5455-b533-9891a64ac38c,842cd5d0-1c09-556b-89ec-bde965a1165e,HAS_REQUIREMENT
fa47ad8f-943f-5f08-9c36-07a3a78fdb9f,8d14a3b2-a0b1-5e8a-b740-8b7efec36745,HAS_REQUIREMENT
1e0a6cab-abf4-5561-816a-58e2b0c08b98,c7138080-4c42-5109-bb50-f41ceb6ddd52,HAS_REQUIREMENT
c8ccdf4a-8da6-53dc-b11a-d3f307d7bb9e,6c44aab3-f5cc-570c-be6c-bb420d479dac,HAS_REQUIREMENT
a232dc9e-adf1-5a0f-a476-61b64b8c66c9,31ca1018-dd80-597f-89af-1cd1787135b2,HAS_REQUIREMENT
983c6f01-2879-5b04-a02b-3402b3cc46d3,6a52c916-d49e-59b8-9f26-060068c67526,HAS_REQUIREMENT
68e9db3f-28e4-5398-acae-1f49cc153ff6,c3c7d6c9-09e4-5fcb-be2b-00feaecd04ea,HAS_REQUIREMENT
369aa5cc-acd3-58a7-a729-eb31bef5f2e1,fe7f7241-e0a5-5930-9449-4602642cfac4,HAS_REQUIREMENT
f1f74c3d-ba27-5ef0-91bd-974ff72979aa,363258ab-a0f9-5d7b-8fe7-fb2bbbb08692,HAS_REQUIREMENT
3e68ce40-cf8b-5b8e-a8ab-abbc351f7ebb,136a74e0-5fc7-54f8-8e39-c9e820630be7,HAS_REQUIREMENT
b2dc5be1-d6f4-5ba2-8a96-1c4c14ede6e2,0a2a551d-4355-597d-b180-cc80a0d4da2c,HAS_REQUIREMENT
43ab232d-843a-5365-ad72-43df551a3939,76bff805-398a-58b1-8189-0a126f9d4b68,HAS_REQUIREMENT
88bb09fa-3047-5f7e-8046-58ed05d65f49,9e1faa68-7572-58d6-b9a0-6ef9ffb8b69d,HAS_REQUIREMENT
8cd392c8-a326-5db9-b709-716e18562518,7ce23dea-8464-5bd6-b6bb-14760cbbcc59,HAS_REQUIREMENT
197504cc-ce57-5c46-8044-3d13190e94b9,eee08317-c586-5ec3-8e7d-9f6cb1b5ac74,HAS_REQUIREMENT
78c7f34c-ca59-5fd9-88de-f067b84d43f0,3b3ca5e8-2607-5d7c-9822-c44c646a09f5,HAS_REQUIREMENT
da2a0c16-977c-5615-b328-b9c62b0fb9cd,4be257fe-0bc4-556b-8d7e-c37cdf4f0811,HAS_REQUIREMENT
49bc8f25-8cfe-56fd-b17d-350cdf3cb10f,939c27a1-36a4-597d-876e-e358cdd61f1e,HAS_REQUIREMENT
4d766c9f-43e4-5f74-8ccb-0f0808998375,7d3f709d-a641-57f8-94a8-8540269aad20,HAS_REQUIREMENT
a383013d-3628-5338-9268-14bf52445cb5,a464888c-5a98-5e6a-a08b-e9aa47363ac6,HAS_REQUIREMENT
208251a4-051d-5592-affa-a599c268a294,8c4f8f62-6a7d-58fe-96b9-f7947ec0cdf6,HAS_REQUIREMENT
9fce2fd6-ec49-5e30-8e4d-bc2c5e55e08d,0b0f3e17-123d-5253-951e-53f3a6c52191,HAS_REQUIREMENT
fd102a3d-f3e8-5c9e-9e76-936f8937882c,2a83e2a6-91bf-52a2-9a27-93dcc05e7879,HAS_REQUIREMENT
25bf4ed3-0f17-5e05-9469-c2e01a975924,5a30d6ca-a2b4-5f78-9ed4-1af02a6d138f,HAS_REQUIREMENT
b1ff34ee-a863-5df4-b0b2-e8b33d02abd0,a6e6ffdd-439a-50c0-84cb-64d7c46f5cff,HAS_REQUIREMENT
6f45e6be-5fd3-57f5-86dc-321fcfc71937,7bc258fb-86ca-5f49-90ee-7451b2ea8a54,HAS_REQUIREMENT
6fc360fa-7e06-5478-af55-296bdf2031ac,2e5c8882-9c97-5a13-b749-9ee53a7b0250,HAS_REQUIREMENT
34f7094e-6553-51d7-a190-0ac496affe9f,a298fc99-4c60-5d7f-83fe-1d4bbfab7d57,HAS_REQUIREMENT
08d2ff01-f9f3-593d-96d9-5021dd1e24b8,7c5d4088-3669-5a03-b76a-3e0f7634e4f9,HAS_REQUIREMENT
0ce60524-9915-5e8c-8b05-bcb5c0d331f2,dbac0f70-b040-5cdd-9149-30cd08802761,HAS_REQUIREMENT
79d4091b-f960-584d-9d17-825d85a65fba,0f1f178d-6646-5d3b-b7ee-44939a2aa595,HAS_REQUIREMENT
9b3ca251-aff4-5f9d-807a-7919a1483aa9,23936139-3a8a-5e5b-bb92-bd32d2821c0c,HAS_REQUIREMENT
51ded74d-bac9-5999-887a-2fbf364d1131,a3a38dff-5aed-5ca7-ae8d-b8e8af2d0453,HAS_REQUIREMENT
cbaa4447-430c-5ddc-bcb4-8609bb1183be,e1fd0ee3-1bfe-5eef-ae78-e5c16e0a0818,HAS_REQUIREMENT
e1cd7327-f6cb-58fd-a049-799e896c0b7a,90d13605-713c-5ecf-b313-e2e502c6e2a5,HAS_REQUIREMENT
c3b3a4d0-07fe-564c-9451-902d925cfd92,c5f32446-ac01-5a8a-8231-a4953956cb0e,HAS_REQUIREMENT
9aee2945-21e9-5592-b871-bf6445dbaca7,b2e1dac5-d0f6-5a64-8e40-6dae29b26558,HAS_REQUIREMENT
5b0e22f4-7645-5add-b228-e74ea628e1e4,d10816c2-fcb9-5490-968b-ffcb2da1fa10,HAS_REQUIREMENT
92e2eb42-866b-5571-bb51-a8a03f120beb,ff154612-f689-5dc5-9506-9bb2de081328,HAS_REQUIREMENT
0815ab1c-6a13-5366-b940-f732f4f92381,7cdf2031-1a31-5871-a941-e77a4e1c01fe,HAS_REQUIREMENT
45f64f43-2d7b-589d-bfaf-4a14f5b4b435,9cc60302-a27f-58e9-881c-90fc308588c5,HAS_REQUIREMENT
8fbadf2c-a8fc-5fc7-9c6c-b96a82a781b9,baaedbd0-e297-5804-8b16-0a2e6f96e687,HAS_REQUIREMENT
7f3bcf57-7eef-5d43-95dd-a0bff41ff32e,a9efe561-9db9-5e76-b6b8-64d36d0ce600,HAS_REQUIREMENT
d3751d79-f57b-5e57-9546-bd227af2f942,1f6edc86-10a1-5422-a2ba-24ff63a39b56,HAS_REQUIREMENT
0da66852-2e59-5061-9141-6b32f9f1ec02,dd34d9f7-6d68-542a-a6e3-44b373d87065,HAS_REQUIREMENT
e9860414-ecf0-533e-adf0-fa5b96f602f2,9267cb64-2ac4-5aa1-9a9a-edfda7881280,HAS_REQUIREMENT
6767f317-7a35-513d-ab33-efe4d2520969,b16864e6-9c32-5db9-b024-2ffc7859ec5f,HAS_REQUIREMENT
ac6e7900-53d6-5c5f-9364-582da9dcf980,afb92689-daa7-5cb5-95ea-22f3a0f02a3b,HAS_REQUIREMENT
ffbf12e2-7f73-59e1-b64e-fd83eba1cfc7,403acc33-3e25-5d03-9046-9cedb053cf00,HAS_REQUIREMENT
2ec11a57-4f9a-5f8d-968c-d23f9ba17212,4e7b22b6-c0cf-584c-a830-a5d6fd4eafe6,HAS_REQUIREMENT
aa2bb63e-3fea-5f96-a1c5-007bb5d65e38,1342cdc3-e9e8-56fb-90a4-f36d71c8f90f,HAS_REQUIREMENT
3b831406-c9e8-5508-8a5a-28ff64b62d44,a7491582-0fb1-5a55-9972-ae609a6faf8a,HAS_REQUIREMENT
1098110a-e654-5e45-a38a-84cb389d1178,6aa76bb9-cbd0-5896-bc4e-3e5367d54ae7,HAS_REQUIREMENT
0f5dc8e7-a7c0-5597-a4de-761ef3e00033,a22fe6e6-acd9-5283-b617-03124b4e58b9,HAS_REQUIREMENT
7b40f241-3a32-59ee-8ac4-aaf6375bd04c,a79b01d8-6ed7-535d-aa14-8be73e894cbf,HAS_REQUIREMENT
c8cabffb-d3de-59eb-9a26-af629d9d3c3a,39557c5b-7879-5371-bce4-7c100ce12076,HAS_REQUIREMENT
94ef2638-1f6c-5fee-8285-cc1680bd30cd,284c771f-4b71-57fd-8377-9c8f57c7da8f,HAS_REQUIREMENT
7faa93d8-9d6a-56a1-aa9d-eb5608282219,9929d51d-a167-527a-ac06-6b3cfcaacf7d,HAS_REQUIREMENT
fc73e95f-492d-5cd1-810a-53578a7f0b9e,58864bca-dd7f-55ef-8afb-b245ebc70536,HAS_REQUIREMENT
e3917cda-894d-514c-a020-83ba9f8e59e3,f5a1f70d-5218-5b54-bd6b-3a6238dfcb55,HAS_REQUIREMENT
4b653703-acf7-5c8d-9bef-fa2ef026d9ca,cc353a53-d1c1-5f41-922a-b1f5b3450a60,HAS_REQUIREMENT
18fce110-ae39-540f-ad7a-d662d666fcb6,b23041aa-45a8-55c0-ba73-776208c6a967,HAS_REQUIREMENT
b693425d-e21e-5ecc-be02-e6313125f71c,9afcbb7e-78a2-5153-88bd-ad7160a7e6b8,HAS_REQUIREMENT
d5e73035-09eb-5ded-9a4e-305edcc2621c,80523f96-eeb1-593d-b8b2-4c9a6582ebb7,HAS_REQUIREMENT
f29fcfde-2fc0-5335-963a-d7596c92f0d7,3e2537f7-8da8-5dfd-8dd5-ba7680c6eee8,HAS_REQUIREMENT
d23cc6c0-fbf3-5338-a4d5-502167105381,930ecdc8-8781-505e-8e74-ab1f85a9be3a,HAS_REQUIREMENT
057d02e8-30b3-57a0-a2b2-d9f67690718c,f9102597-d884-5f10-8d4f-c17c7b3fe16e,HAS_REQUIREMENT
b6750c77-813f-5e83-9ead-8ad4740cb526,9af4f8ac-9c09-5731-8d32-c3c7503b9b9e,HAS_REQUIREMENT
303d543a-4344-51c1-ad80-3f5584db57a5,78df2375-8a1e-5dfb-ab32-b4095867b3ed,HAS_REQUIREMENT
afaa9487-af61-50e0-b6b8-a63d2a8eb5bc,2c3a0a37-9564-5b33-91bc-e2219d443422,HAS_REQUIREMENT
81fa3a51-3f98-5939-8e77-cc7391d675ff,0fd58850-014b-5aa4-b254-c6dc299c2d2c,HAS_REQUIREMENT
55f47c1e-5612-5703-b99e-5c12376333ef,e076efa6-681c-5c4f-97e4-38042d2f7556,HAS_REQUIREMENT
3602cfa6-aadf-5329-b77a-03e922abe6ee,5a89965b-e230-5d5a-844f-5aed7d2114eb,HAS_REQUIREMENT
d83e9ed4-681a-5ca6-90c2-b7d0d91c7243,3e583777-933d-594a-acdb-21ce895d4737,HAS_REQUIREMENT
4a6c74d6-dc58-5b23-ab57-f6008a91f521,8f842d41-d171-5a81-857c-2324a57c785f,HAS_REQUIREMENT
cf3d888e-6820-557b-8759-fce4e597fa5c,b8c6abfd-01d7-5ddb-b16d-e876b052a803,HAS_REQUIREMENT
416168c1-4c61-5109-942a-9ecaaa9962e2,16bf0cf8-f5c1-5ccd-a105-44bc8c38e238,HAS_REQUIREMENT
bc5ec93c-b66a-5ed4-82e6-15af6adfbcf8,ba5ca745-7ef9-56bd-81a7-b5ef71e16b86,HAS_REQUIREMENT
11500b1b-e4ae-523f-8c4f-26981ad4edaa,0d829f4a-ded2-53a9-82cb-c40ff560098d,HAS_REQUIREMENT
f15abc1d-142e-57c3-968e-cc686762deb7,76f307ac-cd8b-537a-a666-107fcffb73ba,HAS_REQUIREMENT
e9489d0f-0ada-53ea-979e-9bcf9dc599fa,76858a3c-8cbf-5661-b6bc-77cd468b9236,HAS_REQUIREMENT
a280e9da-02eb-564e-a448-151fbebad9df,8e9d8e15-bc1d-5cae-b186-c5eca3cb08c2,HAS_REQUIREMENT
ad3c26f0-b94e-51d0-b69e-7da1225bec23,75a36493-741a-5cb7-bdcc-5c1a3d8f901d,HAS_REQUIREMENT
22d8c3b8-0a41-5f1e-b59a-e506b09a267c,221cf107-af56-5be7-bedf-f215bf469d22,HAS_REQUIREMENT
caffd853-70f7-50b9-b7f8-3e3b67c58550,07ea786a-8ef3-5964-82cf-c9d78c7f467a,HAS_REQUIREMENT
9e5b2223-5a1b-5193-a1bd-52c4f2d6c354,a5d8edef-5e14-5457-88f8-80c00b62f715,HAS_REQUIREMENT
557f0273-bd75-5d1c-8bec-d7abd0231102,afea5016-df9a-5193-a123-44886d6b8e50,HAS_REQUIREMENT
0937c7f7-70ad-5900-8b0a-b4ce51feffbb,a9bee640-c524-5c5c-9629-abfe551d7a87,HAS_REQUIREMENT
dcbec9e8-25c9-5f45-855d-ba29091256fd,cfa445f7-598c-58e1-8419-b123de540a84,HAS_REQUIREMENT
58b79053-037a-507e-8f9a-b1a753a07797,766a59d2-8e02-576a-97d1-6a78517c8661,HAS_REQUIREMENT
1d8b69ca-ccfd-59e3-8ad9-d62c5aad8163,981515a4-e518-5bb8-ad37-b8fa8c4eadb5,HAS_REQUIREMENT
3bb03b2b-580f-58da-9553-78361d01e8b7,23ca08cb-6647-555f-b2a6-6f8a2fdcca1e,HAS_REQUIREMENT
780709b6-6170-5b36-b135-eaab82da7152,dae31dad-524d-5fe6-8e94-54fc845035d0,HAS_REQUIREMENT
eb8b337a-6f65-519d-a05b-e5722fc3b460,5e3654f6-42a9-5a5b-b11b-567d98dc16aa,HAS_REQUIREMENT
cdca970a-f353-5f36-8c79-60184d287282,678ca107-2c6b-57bb-bddf-0d55b8ed7b6e,HAS_REQUIREMENT
3204598d-0645-5f99-9f54-0ace2e293545,f85280be-2098-5306-a1fa-8e94dd3be9d7,HAS_REQUIREMENT
ea1f5e23-8ac0-5852-85b4-e61fbb0a2ba3,0723dcec-91cb-5110-ae90-d9bcfe4e41c3,HAS_REQUIREMENT
117f6f19-2b29-5975-a3e1-9d08b495378f,b50fb3d5-5615-55ce-a190-c5aabac67214,HAS_REQUIREMENT
c7fc83ee-018d-5d5e-8a66-e48dee647794,fef40c9e-8b7e-599d-a4a6-2ecd89a50b7c,HAS_REQUIREMENT
fbc6eecb-3908-5e79-a501-29d4f3b14417,7b841fc1-8cf2-533a-9414-8600a1e60d2b,HAS_REQUIREMENT
94180cfd-f484-5d3a-92e4-f2d34c26b864,f280418b-62d7-5b0c-b93e-0570732a2e2e,HAS_REQUIREMENT
c9a2a5eb-f263-5055-80a2-6d42eb0c7cd6,62c3f1fd-c5c1-5f91-9ee9-cf58592b6e7c,HAS_REQUIREMENT
fdfcb3c2-2a92-51f3-a771-ff5553b30cdb,29e253dd-f88b-532e-953d-ea1579e257d0,HAS_REQUIREMENT
17c2df12-704e-56b4-97bb-d31d931ade5b,c77300da-cf65-5c66-95c3-8edf15b945b1,HAS_REQUIREMENT
bb9092af-4472-500a-ad9b-5d9152e6b142,7a65a33e-c989-5807-a82a-2c660265229f,HAS_REQUIREMENT
aec63f49-175b-517e-9f3d-7b7eb6c2de2a,e759f001-0eb1-580f-b50e-590495d1dc8d,HAS_REQUIREMENT
bf7a1ac2-d30d-5074-a837-b9581a50b22f,36bed920-6505-51f1-97c8-08fc86aa32ae,HAS_REQUIREMENT
db5abfc8-3051-59a7-b329-5fd384b4651c,f92ed684-bcd0-588d-a050-60bddb561a1d,HAS_REQUIREMENT
cae2ed7f-4012-5493-b978-287321329b58,b355a2e9-ee44-5897-b4c0-dfd62fdb6b0b,HAS_REQUIREMENT
08011070-261f-5f4e-a4b9-c681adfe28e6,b27725a1-8add-50d1-8a28-bc90df71432e,HAS_REQUIREMENT
60378178-94df-585a-897c-cccfb8f2c77e,372adc90-7b42-52b6-ad32-f09e6679f3fd,HAS_REQUIREMENT
40e20073-47cc-5032-b165-4bb526a7c142,9d8263a4-7c21-524b-8380-10c36a65c3be,HAS_REQUIREMENT
c09be2ab-02fd-5e7a-ae02-5ee235da3b1c,7a01bf89-b2ba-5149-a4a6-00ec0308d75a,HAS_REQUIREMENT
d93ece43-a3e1-5a42-aef8-4cf9cda2f8ca,e854153e-4ec7-51fc-a905-4a07d427871d,HAS_REQUIREMENT
9965839c-2dc1-57af-bfb8-424bfc685fcd,6db92a88-db93-5f02-b36b-2c2eb09d644d,HAS_REQUIREMENT
c0809f68-8c6a-520a-87f8-564c5e87db6a,d7f75aaa-9657-5c36-aef2-68503b5ca2ba,HAS_REQUIREMENT
63e40dd9-9465-5110-b128-efd5f3599ce0,b4b95bb1-0a78-5ecb-bc50-979806bcb1d9,HAS_REQUIREMENT
8213efe8-8ca7-5e94-b86d-add8a9079c12,3dbe9af9-cf61-5f4b-9991-721cf626aee9,HAS_REQUIREMENT
b2bb2950-560a-55fb-a3a4-0b0d45f0cc98,399f67db-92e3-52b3-8f54-e23de948f59b,HAS_REQUIREMENT
b64f19c2-d350-58c2-a453-973a09621777,d599bf3e-b20c-5f5e-898d-5cab298c21ab,HAS_REQUIREMENT
75dd844b-10de-5874-b819-7fbf9dfbaf9c,8afefb5b-42b0-5fa6-a81e-c67c658c7608,HAS_REQUIREMENT
aae2425f-3fbf-5238-8c42-4b063247b515,8ca295c7-2a90-573d-9fb2-6eff99d0e2d4,HAS_REQUIREMENT
9c991780-4fd5-5d98-9171-2f1ad92f76b6,b7541f4e-3827-518e-8ec9-29fdfaef2ef4,HAS_REQUIREMENT
32868b1f-cb9d-57a7-94a4-d17a550633a9,52e6dfa1-892f-59ea-9c8d-d8f2c3e70e23,HAS_REQUIREMENT
59094b0e-1e8f-5196-94c8-d02f2137dde0,e7c16140-af55-5f89-9f21-77629126ddb0,HAS_REQUIREMENT
a2d54a3e-ea42-513a-be19-7a090babffbc,fde50962-de14-5370-9e1d-e6bf0d42bff5,HAS_REQUIREMENT
d9f7dc8c-633f-5fe2-a185-74a75cc2baad,51cd610e-0a5d-5d72-bb6d-455628a03d14,HAS_REQUIREMENT
21579204-3076-5565-b4c0-6d10b44266b5,d7d5ddc1-8f91-51ba-bc63-3227f1c70407,HAS_REQUIREMENT
3e12cb95-5a8d-5552-92f4-962edcfe8340,af7efb71-3383-58df-ac97-2209fc429bca,HAS_REQUIREMENT
93577dcc-a176-549d-a352-149a9c5c9cc6,40a9af5f-0b45-58aa-bcac-73078f0d8d8a,HAS_REQUIREMENT
e6b5316c-1433-5884-b649-695c9c468f1a,79ee65f1-2d6c-55bd-bdb3-f6079418b61a,HAS_REQUIREMENT
20eb35c3-71f3-5415-9e60-00b06a5adce6,d5538e4d-5a49-585c-915c-84f2f742e805,HAS_REQUIREMENT
716711a6-bcaa-5247-8443-da04c3f15c09,4991b81e-c406-5d96-b192-38725e886812,HAS_REQUIREMENT
db07cad1-a5d8-5fc6-be7a-4bd2f0d33505,fd3e0114-8482-5303-bb29-511330f107f7,HAS_REQUIREMENT
25b46ed3-c505-588d-86fb-ed467872666c,abc2f45d-8f99-5e71-afb2-28147af4abcc,HAS_REQUIREMENT
d68aab1b-9a43-5687-8049-2c54cf1d1edb,346cb2f2-7b44-5649-8711-755d7949b1ce,HAS_REQUIREMENT
fdd30db3-3697-5862-aba5-27d08e7709f6,51b24d09-9cac-5134-b83f-3ec1bcc59663,HAS_REQUIREMENT
aaf873bb-267d-5e06-9be1-4f4b399fd8d3,d91f8183-8dab-5008-b735-2acaf10d9bf7,HAS_REQUIREMENT
3d34cd20-0ca4-5cb7-983f-384b940e3e6c,1e45273d-804c-5868-87e8-4896ea2e3266,HAS_REQUIREMENT
5de509aa-7ba4-5dcc-8084-a3f9ccda69f6,660cc069-820b-5728-9e15-1dd1ca6f03e5,HAS_REQUIREMENT
ef4dd416-f018-50dd-8bbb-882f62cf8f81,91ccb157-7098-5ec2-bfd0-a38a2ad85c81,HAS_REQUIREMENT
136987a5-686e-5d34-91af-3e31b89971af,53f7dade-75e0-5e5d-a803-7ee1826997cf,HAS_REQUIREMENT
2d8e0d8f-f8c8-5cc4-8d63-b4c285198e99,9674752f-b5f2-57e2-9b64-e9ed34a5a4e9,HAS_REQUIREMENT
d98922e1-4dff-5d9e-a644-c0d248666f80,b1259905-d298-5493-9f1b-23024b24423a,HAS_REQUIREMENT
be33d20d-29cf-548a-95c6-cf11a62d1ad0,21e16b4b-6601-5be0-8900-80677c0d42bd,HAS_REQUIREMENT
31d8d49a-d9da-5e97-8bae-a9cc9268c68c,ef8435af-0e31-5483-baa1-be9c395441c8,HAS_REQUIREMENT
065b4e2b-3356-50b9-ba7e-8822d6076ae3,93369143-7923-5aae-834d-f88b42334b62,HAS_REQUIREMENT
8cc0b40e-8c37-50d8-a929-791b63a467cd,5c5fa551-94ed-5c21-b07d-e7d9e078eb22,HAS_REQUIREMENT
96fd89b8-7bd6-57ef-ab5b-a161f7a1b343,afb5054d-aa94-55e0-8dfe-3ed16ba8daa9,HAS_REQUIREMENT
35fc8610-58e9-50b5-80a1-15c5edc48772,1f2d67ed-664d-51ba-9a3b-561d5dafa1e0,HAS_REQUIREMENT
44a9495e-5b3e-523a-b580-b241b6d53060,81ed3916-e6ad-521d-ab82-b834e0291428,HAS_REQUIREMENT
3fee897b-2f8e-57f4-8fd5-1b4dea7db677,23b1af4d-fc45-5c34-b3d9-e9049c5dfa9d,HAS_REQUIREMENT
31034d6e-fd25-59f0-ad84-ddf01fdd3231,1df82075-6bf4-52bd-9ac9-e0bfe352654a,HAS_REQUIREMENT
2182e50e-10d7-5286-a6ee-b807228c515f,cae84272-7586-5ef8-be9d-947fd6201823,HAS_REQUIREMENT
997b649b-cff2-51dd-8bb8-b91aebfa911d,7948962c-4610-5319-b801-3a50926893a9,HAS_REQUIREMENT
340d16d4-db01-532a-8e84-cfcbc3b14e6f,2911ae35-fce0-58dc-bae6-1d38ef8db48e,HAS_REQUIREMENT
77b7e5d6-46e3-5dd1-b67c-dabc86e91efd,89e4c8f6-7b4d-5fd6-ad14-079b6f3137cb,HAS_REQUIREMENT
2e3913e9-360b-557f-be99-34bec9f8d88a,2ebd3665-fa17-56ba-bae2-2dffc3ee55c8,HAS_REQUIREMENT
0d6e19a8-d919-547f-94fd-758629482a7a,61606f67-acdb-518d-930d-640171a6e0ea,HAS_REQUIREMENT
c92ed607-2fdf-521d-a7af-c4a4b5af1509,53537530-de12-5896-9e6d-77787b5ff248,HAS_REQUIREMENT
7fa134bb-fe13-5b47-90aa-db80540f8566,ca97846c-3a61-5e05-aa9c-bbdf8f531847,HAS_REQUIREMENT
499b902f-59da-5777-b11c-9cd0ab64ed31,db016172-c36d-535a-bc3c-b3e242a9fa1a,HAS_REQUIREMENT
dc1dec0f-9ad2-5e5e-81d8-1a094a75b267,a0c75141-7925-5e53-ba9b-feca2729c5bc,HAS_REQUIREMENT
2c2b1fdd-b3a8-505f-94bc-a412e5af58dc,d461a68d-42c0-5080-99b6-e033e86598e1,HAS_REQUIREMENT
9aea9416-1e9f-5414-939b-b00b19a66313,c193d805-4bf5-5a74-9483-8db1c2e3fadd,HAS_REQUIREMENT
1d7ad16c-b26c-5b27-b193-5ea459f326fd,ed1a5ae6-9180-5ea5-9c9f-8f8be4bb0200,HAS_REQUIREMENT
a257ff52-aab6-5927-9f2b-13ec5e84404a,88174821-0507-54b2-92f7-7d17726935c6,HAS_REQUIREMENT
df7ef0d7-4209-53dd-883f-2675628b26da,44651d21-2709-54d1-99f5-65d94e0cb54b,HAS_REQUIREMENT
b67c4463-099f-5eb3-b222-73d49e2c176a,d1d4634f-8b18-54f4-b0ff-113dd04d3cf2,HAS_REQUIREMENT
4b2e6099-af89-59d3-ae9b-abfe1c05afc3,d8030b2f-ba97-5b84-990a-de2722924274,HAS_REQUIREMENT
c9b97408-81cf-509d-ba58-977542478344,00bce66e-62d4-56f3-a223-f87a693d633a,HAS_REQUIREMENT
36037271-f87c-555c-a60c-3388a3bbef9d,f4312f3b-d7f7-5ffa-8b1e-ae0369c03e4c,HAS_REQUIREMENT
e19ca945-49f9-5167-bc6e-18f681e6957b,c6e072de-23dd-5838-8a29-e5e678cc35b9,HAS_REQUIREMENT
8d57f769-bcff-54ae-8a20-547f357ae61f,b7198420-5825-5db9-8ab1-2bda5622c3c4,HAS_REQUIREMENT
63f63838-68f6-592a-a609-b9ee3aa5eb74,a98b6c73-6d42-5d5a-ba87-fcf591c371c6,HAS_REQUIREMENT
850c3640-03d0-513b-aec2-9abe68cb6157,e9438105-7b04-5a1a-bbc7-b3eef79bac97,HAS_REQUIREMENT
e8b673cd-d1f1-56c3-8407-1572501f392b,4559e41b-d3a6-5edc-bb40-a8a91411ab51,HAS_REQUIREMENT
eadaa8c3-fb15-5d09-885c-6293efd578a9,226278de-52d0-5a95-ae0f-d00a6dfe2ad3,HAS_REQUIREMENT
394c5806-cdc8-5e1c-8034-c0847da6ba74,5185a787-fa6e-5908-996a-75e42a0cb3a9,HAS_REQUIREMENT
a89909f7-aeb5-57c0-a2d6-e724782e8261,4d4bedf1-e385-50f0-bf1d-3c7a374164ae,HAS_REQUIREMENT
f9245b30-2f5a-5eb3-b6cb-d673a400ecc3,546d41f4-9d5c-5d1d-89ec-3c5b3f088e73,HAS_REQUIREMENT
4ae12d7b-2a97-56ee-9a7f-4a1d228ec4e5,4cfcc4ef-2b3e-58a4-9f68-eede5549e524,HAS_REQUIREMENT
8961c888-0a98-58c5-8a50-28837c7f158e,c8b68821-b5ef-5779-8b05-ae82042771dd,HAS_REQUIREMENT
8b3cf822-72f7-5699-8f07-a9925d436b74,5bf62168-4334-515e-a95e-e7231c7979b7,HAS_REQUIREMENT
334f4029-d9d8-5453-8335-123f7c06ae7d,26bd90ef-24bc-5d22-b0e5-3dd40a1ef4bc,HAS_REQUIREMENT
c85d1705-701d-5d3b-b176-d3a7a204eed2,08a1d9c0-a1e3-55b5-910b-867907d39ef6,HAS_REQUIREMENT
cb33d85a-64ac-5b22-8f1d-9a3a2b02c687,8fe05590-6899-578f-bb0b-dd01c5dc0bed,HAS_REQUIREMENT
aa31219b-4e9d-5662-8ffd-176c179a99b8,78620d27-622e-5140-936c-e07bfc6af9c3,HAS_REQUIREMENT
2b823d96-1ef2-5a71-80ef-ef9472332907,d1b4323f-7d41-5e98-a492-b889dc1aa170,HAS_REQUIREMENT
46daf1e5-2689-50a6-a51b-e672866cedd9,2b554dfc-dc1d-556c-85d1-411b4a25f63f,HAS_REQUIREMENT
8fb20767-0e5e-53b6-99be-9c1b9c4561a1,71bbeec7-ae56-5103-a2b3-a0b0b099f1fb,HAS_REQUIREMENT
a6ec6bb3-9be0-5fcc-8991-dc051b78ecba,b674bc53-7304-5868-a715-d9355113c510,HAS_REQUIREMENT
e7b7dda0-db3a-54be-ad3e-b691602b91aa,baea9c22-f5bf-52d3-a331-5d211bdd0610,HAS_REQUIREMENT
01d69862-a3f8-5cfb-b36d-ea8bd0c686a3,a1731721-7d6e-55f8-bfb3-c57136f3699f,HAS_REQUIREMENT
3966946d-1844-553f-9e4f-d6251ef40c91,acd69fe7-7369-5595-ba38-f327fc2ac11f,HAS_REQUIREMENT
018eb684-e830-5c5f-a524-2c4408c61aba,c3a0d738-7bca-59cc-8189-50f45d912714,HAS_REQUIREMENT
a8919d23-4eee-5c4b-ba87-fda2a6acfccd,b343f2a0-5b3e-5d67-85c0-1e9bae599f68,HAS_REQUIREMENT
9d4312fa-7f80-5bf9-a138-26129a8d0dc8,45a7360f-3c17-5b7f-b89c-9d43618e9091,HAS_REQUIREMENT
707761db-4126-5dbb-8e10-322bd18a1732,08d1a782-ba60-5f16-840d-dfee412b341b,HAS_REQUIREMENT
1fa7694f-39ac-5db4-a41b-3beb8e6964c1,92cf57a4-0b3b-5ada-82a2-ee4f2725a1b6,HAS_REQUIREMENT
ba200e40-7cac-5aec-899b-7271241d2875,8850d878-91ca-5644-bc3a-14bf14129eb6,HAS_REQUIREMENT
7f846273-66e9-51bf-a8de-fc0aafb30176,c35ed0c1-1cdc-5dea-bb06-cd2f3bae9219,HAS_REQUIREMENT
198c6925-43f7-5e50-b7ad-e1b8caaa1188,7ea4907d-26f2-59d1-b40c-b5730f438367,HAS_REQUIREMENT
365500d7-f3d1-53bc-974a-f658bca41712,0371149b-aec0-503a-a44c-77a7ab7f82b9,HAS_REQUIREMENT
879d03e3-84ba-54ba-af7d-bc98bdb2589c,83763758-a5dc-5449-9afb-300f139400df,HAS_REQUIREMENT
338f5909-fc28-5e12-8968-bfe717781dd5,50beef1e-bd95-510a-9f7b-d9bb8b860ec9,HAS_REQUIREMENT
f4b3bc60-1fba-53ff-907f-34c76959fd48,b2af6e73-0faf-5784-ae6f-2707820f0b20,HAS_REQUIREMENT
ec5188e6-6e99-53a4-9e0e-5e771b4f95b3,63827404-d0df-5cb7-b45e-e96675fddd1d,HAS_REQUIREMENT
5ff0228e-f68e-5fb9-8747-c7379bdad15d,17ba3b10-9e9d-5883-8028-bbdf95054306,HAS_REQUIREMENT
ba2b8d16-1972-5707-8f3e-2dcd92ee2fa7,948a2209-04a6-54dc-9e8c-39ebe59314ce,HAS_REQUIREMENT
cd45c122-e0ab-5e1d-ad66-2f356af7363a,5c3dff9f-4896-5fa6-b1c1-797e7ed3897f,HAS_REQUIREMENT
c664eb40-327b-5117-b136-e152bbb079ec,e5f0bfbb-a2ca-5da1-bdff-7ae6e4fbeb8b,HAS_REQUIREMENT
ce0a239d-dd2a-5fde-82fe-31e998dc9188,d90674ec-cfd3-504a-b14c-8a2beaf40954,HAS_REQUIREMENT
6c0963b9-0aa9-5370-beaf-faf3cc5669a6,e8840bf9-d55c-540a-b012-7ed325d58670,HAS_REQUIREMENT
d9f8a298-9beb-5aa9-9cff-fc3a0fb83652,4233d857-5f57-5b39-9ce6-22d0f683241d,HAS_REQUIREMENT
be5f6af7-e00f-5a58-bd51-8953f0874c8d,45244f23-e3cd-5508-ae02-e56942c56d1a,HAS_REQUIREMENT
0e3c3507-126a-5278-84d1-f3ca9cf4ad9c,81779cdb-a30d-5962-b4ae-c5238e8f308a,HAS_REQUIREMENT
1cd0a2d5-3c01-5de3-87b9-0372c7ad9ab7,19323bce-c7e4-58c7-834e-2960ef84166c,HAS_REQUIREMENT
c083856b-c65e-5101-b50c-2d40dffbb8e9,0bcd0f0f-caa4-5908-8258-497f8e10e69d,HAS_REQUIREMENT
63b139eb-b065-5753-8384-f4083a5d9ce3,9eaf7dd1-d591-5683-94f3-5ee1f805afa0,HAS_REQUIREMENT
4b104e87-1732-5592-aee9-46d7339b080a,3f112848-38d5-50a5-94f2-94712547d1dd,HAS_REQUIREMENT
ea285449-8076-5e7a-a90f-4a1cd341e948,3f4aace6-b250-506b-9961-7af05f821685,HAS_REQUIREMENT
5c203951-3169-5ef4-9273-62771a6adda8,815cebda-ac4f-5d9c-b4cc-f974f68fefea,HAS_REQUIREMENT
2c1b7c3e-cd3b-5824-a3cd-4cbecc5933e5,2f2a9e3e-e16b-5711-a5f8-e678a355140c,HAS_REQUIREMENT
5052635d-88b0-5bd0-a1cb-79fe22ced07b,ef9979ca-9e65-5b77-8f74-86e1e13c491f,HAS_REQUIREMENT
b41ea8b7-dd69-5258-988d-75cb261f5fb8,2c3d2437-8c8b-5bed-bd3d-733d186ae569,HAS_REQUIREMENT
4b8d786d-6667-5085-979c-c0403fc8eae9,95706153-4ce2-53e9-8bb5-62fd06a0b951,HAS_REQUIREMENT
f4a7085b-7868-500a-a94b-02161d277b21,7616528f-b58a-5249-a772-5aca14174e7d,HAS_REQUIREMENT
a43419dc-b1ab-548c-a19a-3249e1783280,6247acaa-f6fa-5339-aca4-0c2adfe9f6a6,HAS_REQUIREMENT
5a904633-e6e0-5dd2-bac6-37ab09d5eb94,f1903ef1-7ab2-5e97-9e90-f1a2a3f124a3,HAS_REQUIREMENT
ef6392bc-e562-5c69-9cbf-3c3cc738a063,50f4fa5f-525a-5f5f-a956-6ebb9210bc8f,HAS_REQUIREMENT
5279c49c-877f-5288-b4c9-0348a0c3d710,1401df90-56f8-5176-a98f-bdc7f4b9678c,HAS_REQUIREMENT
f41ca4d1-cef5-5ed4-b0ce-8f938ce9706a,8914c542-81f1-5d5a-b070-9bfd9f551ce3,HAS_REQUIREMENT
085dfd94-e34c-5be8-a17e-df700abe7f38,594d4e89-cc24-5c7a-b972-540b2d1e0c15,HAS_REQUIREMENT
cf785bad-05be-505a-9cb2-cdab8de378df,f1174e15-3d6f-50eb-b5e7-2166a90e6ef5,HAS_REQUIREMENT
7a813d65-5484-585c-b8c4-3099802318b0,f86c0689-892c-5811-bfd9-8fa2d1ceef2d,HAS_REQUIREMENT
2dcb1ba2-c32f-5d50-9286-f39e45c13527,72088a6d-c021-55af-aa79-23f5c3ace5dc,HAS_REQUIREMENT
69abf942-98e2-54cc-84fc-cd1c4abe2091,b3a6726f-e804-59b1-8903-fe0797b470e0,HAS_REQUIREMENT
2edf7b6f-a079-5ed7-ab8a-5e37c36a5dd9,81c04011-d68a-524e-aa15-5bb1ecffa9e1,HAS_REQUIREMENT
0ea6401c-9f47-5618-86d9-59eca76d6a37,e529867c-d2ef-5b6d-a507-9c43aa18b583,HAS_REQUIREMENT
155cb127-00d6-5749-b410-f75ebc2789fa,b65c975f-183f-5307-8840-5d151abd1b51,HAS_REQUIREMENT
396d49bc-e82f-53cc-8a0b-c528e7415952,42aae867-87cd-5644-9336-617eb5211ddf,HAS_REQUIREMENT
9c18615b-beea-50ee-94a5-de7bf90644a9,f860f24b-4a0b-53ca-8eb9-0af019e0c4cd,HAS_REQUIREMENT
064c2840-0ffc-58df-b071-bfec495a3fe5,499ba59c-ea97-59d3-ad8b-91287869c65e,HAS_REQUIREMENT
46c55dc6-eff1-5e33-88e2-9283fbf5fc71,4cf4e0d6-cae6-58ca-ac58-bc2b63c47f54,HAS_REQUIREMENT
959ec2d2-5efa-530d-a2c9-e25b8f14a836,f6d847c7-3193-5a45-ac1c-827efcb142a1,HAS_REQUIREMENT
42b0db10-b935-5d86-8126-157394871c80,31d24514-b268-5c99-84d3-2f670caae246,HAS_REQUIREMENT
11b23ed8-7d1b-5a3b-a980-ad6e491709ce,89f91708-886a-5101-95ed-00d7be0d5e4c,HAS_REQUIREMENT
2e6c838d-f36e-53da-ad23-8779a6ea8a24,f91e6877-4b46-5db4-b1cb-538fc06e0ae0,HAS_REQUIREMENT
46d5fe40-16fd-563e-b0b1-84842eb31cd3,dd4227e2-f38e-5dfd-8fb6-eb5b3601e5a1,HAS_REQUIREMENT
7e742772-dca1-5d3a-abb4-1429e6f66335,9fb6a4d1-c65f-5be9-9e8f-16eb3f5ed3fb,HAS_REQUIREMENT
fe89a677-4add-566b-9035-017b55e7dacc,0599f3fe-8467-56ea-be03-2b0ea9e5a140,HAS_REQUIREMENT
37454411-f634-5344-aab1-b8c6f68e6669,ac592aee-ff20-57c7-b051-30a23720df87,HAS_REQUIREMENT
51e7e013-7ec8-5148-9a0f-81393a1248eb,29d16506-86e8-595d-9ff9-9c3d78165a49,HAS_REQUIREMENT
7be56e87-295b-536b-bbab-b1f0b2de3db7,880d0619-87ef-576b-a2fb-c688efaca1fc,HAS_REQUIREMENT
3d5e8d84-f6cc-59e8-b810-48e189cd9dc3,3e7fc398-dd9c-5d0a-a02e-615e2b46967f,HAS_REQUIREMENT
82b0cf74-38e8-5cd3-ae0e-7c5bde51e7ee,b10e94e7-6da4-5aad-99da-b762d651ad76,HAS_REQUIREMENT
2a1ca3b2-460c-5e7b-b6fe-1e189178a71b,9fd9bd35-183d-51d5-87d9-8806eaa0911a,HAS_REQUIREMENT
d7867003-2700-5c4c-96c3-b375abc9f05e,01551c18-80a7-5892-8d63-212351087c54,HAS_REQUIREMENT
7844caff-7788-5b89-8089-f13e447c9e56,cb342419-105b-5f84-8bc0-c89d3cf082f0,HAS_REQUIREMENT
fd5da350-91e2-5ee1-82e7-214c8b6dbada,236f247a-4818-5e6f-bc2f-c479bc01fd98,HAS_REQUIREMENT
4c077270-059a-5a76-b5a5-a6f253a082c8,ae4e6edb-ec91-52b0-b1f5-aaf2265b9e12,HAS_REQUIREMENT
66eb56b4-9cf1-5d9f-9cfc-2e8477e7f58d,3a3a93e4-529a-52c7-8e6f-49d7f6b9be59,HAS_REQUIREMENT
7fdc56e0-ad93-58dc-8dfb-61a667da3a35,572e9d90-8fc4-5ef2-8344-93b628f111e3,HAS_REQUIREMENT
f622ed27-9259-50dc-95fa-935696495fb2,7f3079bc-cdaa-5eb6-828c-020fdef2923e,HAS_REQUIREMENT
257a0f43-3bcf-5092-ac9f-417631b71ec2,56f69f44-c814-571b-9755-4ccf7026e2bc,HAS_REQUIREMENT
87e85612-cb27-5a65-b34e-13faf6af4800,998eca26-8ce3-5896-807c-7e5f27a051b9,HAS_REQUIREMENT
3765b57f-9974-5db7-be17-432ad96877a5,a4332aca-9b58-55f6-be0d-7765f6e0089c,HAS_REQUIREMENT
eecfdb8b-677f-522a-be09-8a8f4105d2ea,0163cc42-f124-560e-a361-11548f514502,HAS_REQUIREMENT
f235aaa1-442b-5d92-9666-f618c4f840e3,82a83a2d-6d63-52a4-a3e0-b0d4c47575b6,HAS_REQUIREMENT
3ce776a9-df46-5a61-b5a6-478185efec94,21d56af3-481c-5fb5-b879-4774fef8edb8,HAS_REQUIREMENT
ee7d4a4c-9656-5288-8a84-9a5f717c202e,c38583fe-a325-5605-9e7e-dfb516ef16fd,HAS_REQUIREMENT
5d1c54d2-10b5-50cd-a879-a07f2b8daa6a,20430e8c-a7f9-579c-be78-6cac935ec9a0,HAS_REQUIREMENT
879f83e7-c410-5242-bb6e-a102ed0b8bed,c78abd0c-a7bf-5146-b349-30bdbac2d83c,HAS_REQUIREMENT
bf3be4b6-07a5-5380-ad64-30458dd42833,1cca4526-df16-5dd1-8fad-bb3a23234685,HAS_REQUIREMENT
b220e55e-5ea0-502a-bf59-9fbd6cf2707b,74073fb3-8c73-552e-b5c8-9fe019b06a0c,HAS_REQUIREMENT
ce0e89ef-4230-546f-9d78-27bb6ed926ef,1299300a-7956-5c66-9a6f-e50e7fcfe3ab,HAS_REQUIREMENT
5a92b769-78fe-5a7d-9bc9-72b1fb8caefc,282c60ce-5943-57b5-b428-9f1db6473122,HAS_REQUIREMENT
9d9f8097-8049-592a-b4a4-aaba60d1fe46,f7b24843-35e5-5172-bd63-794358f9a88e,HAS_REQUIREMENT
ccd814b3-3d21-556a-b520-dd22c1e7210e,23e6d4d7-c9a6-547b-87fd-df98748d3fc7,HAS_REQUIREMENT
4fcb34aa-4c50-5ea6-8518-261cb26f166e,8d8df296-d5d8-526d-b16f-f0f773d7da94,HAS_REQUIREMENT
02b919be-5b96-5861-9897-3013cf7806a2,32e11251-5df1-5332-b958-c06602ce4fcd,HAS_REQUIREMENT
2e723c9e-7f0c-514d-989a-39c3485b2f96,14996c8e-6252-566b-aeea-7d16f5c1377f,HAS_REQUIREMENT
733239e2-c531-57ff-ac45-784c6a5d1f6f,a717a63a-75f2-5470-94a4-0df564f41774,HAS_REQUIREMENT
e3d9d7e8-90de-5558-9407-c66613fb1bf0,8600976d-1f86-54cb-84f1-bc9ca69100cf,HAS_REQUIREMENT
5d1aa79e-e2c6-51f6-a186-17d185be1b9e,330f88a2-d814-53d0-ab29-6289737b2514,HAS_REQUIREMENT
3311fbf0-daee-502b-b107-a2c886924ca2,4cd851a5-a516-53a8-b302-f3fcb1f60d3b,HAS_REQUIREMENT
631ff4e0-cece-54a1-9c70-bfddfc9f7c31,68d0b669-8d0a-59ff-9642-db412401fca1,HAS_REQUIREMENT
5b7eaa68-e42a-5af1-909e-201179211c77,d4f0f0ab-efc2-53dd-a789-c452e0197005,HAS_REQUIREMENT
438f97e3-9fb2-555a-8fe2-20eff5a39aa4,45955921-ad58-5e2b-989d-506d3a393538,HAS_REQUIREMENT
388422a5-23c6-5107-8c2e-db52ab013214,0b88dcb5-a42d-52de-b839-5173546aa292,HAS_REQUIREMENT
8112dffb-bb47-5d95-b8ab-cf7000738a48,18cef8c6-f76d-52f6-841b-f6edb4a24bc8,HAS_REQUIREMENT
dc033f6c-a088-51ac-98c1-0d592ee4ea02,5e6fd5ac-f5b7-538d-810c-4e57b8926019,HAS_REQUIREMENT
680fdffa-957c-58c9-9914-fc7afb9dff90,d76d8a27-8350-5c13-b13b-9f480e86389e,HAS_REQUIREMENT
d0c7148d-6cdd-5aa8-99ca-b06116ca7b79,0316424d-6800-5cbb-99c6-677163629721,HAS_REQUIREMENT
d5970ecf-59b4-5a07-a466-e816a64f22a9,d2854c08-7af6-5cde-9ee2-2a7a0d4cf6d7,HAS_REQUIREMENT
f2f5db99-1242-5f7a-b940-534664b37d07,ceb46437-98e4-5019-bfe4-7fe1cb5db9e4,HAS_REQUIREMENT
0942ef38-cbef-5e31-b8c4-d5acd4c23e49,91a9b9d3-40c0-59b3-bf99-74560e1ca0ea,HAS_REQUIREMENT
e6a85b1b-ac13-5cae-a515-9d4dffe306eb,cb1a1105-4068-54a5-8b26-972e2eda81c9,HAS_REQUIREMENT
42c28261-f311-5cab-a50d-3514bf7912cd,00424e3a-df5b-51f6-8d35-831ad26a9aab,HAS_REQUIREMENT
25a1d855-83ef-586d-983c-9e5d4b1f8206,250fc14f-574d-55c8-bbb2-b6071e34a5db,HAS_REQUIREMENT
3e209c03-b5c6-5b22-9235-d2c5b5f9257e,772366e4-a229-5d8c-bf15-aadf12a85a1e,HAS_REQUIREMENT
bf10e16c-8863-5cea-af08-357b0cd678cb,c632d176-826b-54d6-ae29-11df0309a0d1,HAS_REQUIREMENT
11072198-0504-5a43-ac5d-b881958b01b3,630dd3b5-4ab6-5f2d-a9d0-e855003e941e,HAS_REQUIREMENT
63e2c9e1-963b-5836-9cd5-4ff59b3d8822,d6eb7871-ef12-54c1-aed9-d2ee71657bba,HAS_REQUIREMENT
7655c562-b57b-5f67-96e5-e2056c100575,fae8b3fc-8c4a-5013-be8c-33dfe701b183,HAS_REQUIREMENT
5004e2c2-3294-55c7-bcad-7d29d27574ef,bcdd0138-431a-5e32-9f91-3690ebc62658,HAS_REQUIREMENT
44fddc09-78c0-5373-aae2-b96a82f547e8,6c4b2346-d9eb-581c-9ec3-02b2629913d9,HAS_REQUIREMENT
c6f9295b-3576-5f55-953c-9abff492ff0b,bcdbf609-f0e2-5995-b2be-ee084554ce41,HAS_REQUIREMENT
06d4c0b9-d094-5f90-bb33-8fd5acfd1929,c1160486-d285-5507-bbcd-7a08fc89847f,HAS_REQUIREMENT
c6a50424-bc7c-50bb-99bb-3b93479341b9,50279cb9-69ab-5c85-aa86-7ceff657f24c,HAS_REQUIREMENT
fd1a4b5a-accb-51cd-8871-eff678ff5f96,8312399a-e66d-580b-bc24-ae61a6614f1b,HAS_REQUIREMENT
a9578b9e-868e-566d-96bd-cf74fc098e87,8bea236c-c3cb-59ff-9c21-8010b6a5125d,HAS_REQUIREMENT
77d7dccc-f9b3-50d7-b2e5-f4ffb7368beb,643f0605-d1c8-5cc6-b4e9-01c8749bad99,HAS_REQUIREMENT
8a8256cd-c45d-5a31-84f4-7ba62b783244,1740963c-7cb4-5aeb-b909-80cd4f751543,HAS_REQUIREMENT
fc0ba110-b28c-5063-bea2-2c9af802cdd5,e9527ac7-4bb5-557c-a6e4-902d1d0dab96,HAS_REQUIREMENT
23a66f92-ceed-5448-97a0-b37b8266f668,f4c277c1-27d9-5a8a-819d-4b81ec70b5bf,HAS_REQUIREMENT
3bfba0b7-9d58-5949-a780-323d38c4cf42,e3a0dfab-b4af-5081-9f52-05bb9afe28c3,HAS_REQUIREMENT
da36297f-ab90-5bd0-9d50-a79208736834,ac9a8ce9-6f00-5cac-924a-317759bc5892,HAS_REQUIREMENT
fdcb546e-9502-53cb-a2a1-0693ee7b91c6,96ce16fd-40b5-57db-a26e-473781a908af,HAS_REQUIREMENT
a516b8d6-aa0f-525e-813d-6031ad3c9117,3c75ec5c-d50f-5778-b687-05168e9809ab,HAS_REQUIREMENT
b21465e0-9e4d-5b72-b475-40420306230a,ad9f6fc6-ed2c-5149-884f-9757a62fb0ca,HAS_REQUIREMENT
45459b0c-2b81-5b76-8cbe-d7f17be47024,9c328a6a-85bf-5b7d-9f72-418584d14555,HAS_REQUIREMENT
b27f74a0-2702-523e-b8e0-cecf94e70275,b0ac7396-8d92-5235-a53c-86ffa67dfa07,HAS_REQUIREMENT
22b78ccd-b7a2-5af3-b406-9175ee6711b4,2df53917-5486-550d-afd4-cc72d0b3d5ae,HAS_REQUIREMENT
ccde19ed-97c6-5414-a524-c1d26d6ce789,ae927c1a-10bb-5c51-a6ed-ee9c67f07b4d,HAS_REQUIREMENT
48247b68-5a5f-5420-af2f-2d57ec729e8a,d071c01c-a8ab-5ab0-b64b-941f27278994,HAS_REQUIREMENT
f4539269-4a3e-5cc7-814f-d55591176608,ee3f36a1-147e-599d-8a23-c8aa26ac34c5,HAS_REQUIREMENT
7bdcc636-9216-541d-895f-f94fa595efdd,13fc487d-ac88-5e4b-9d5d-342a55fcfbba,HAS_REQUIREMENT
29e0c967-3e49-5ebf-9bde-924b2be61e46,6d2e0249-3783-500c-81b8-880404136c9f,HAS_REQUIREMENT
0da5a263-8ad2-5226-b4d8-9e62637efe63,a7d2e539-a948-5a35-a04c-84b0880c3b14,HAS_REQUIREMENT
0848c8bf-530f-5886-91a3-a08d545f59a4,14689e0c-a978-5ab3-bd17-be5c96eb9afc,HAS_REQUIREMENT
b7e8627b-ee3b-5513-bbeb-820eb8582e1e,f212b456-18dd-5dba-bc9c-8b1d1c103717,HAS_REQUIREMENT
4d17e406-b75e-5e86-8b89-d0637c5f32bc,1b289c69-449a-5911-99d8-e739ad68dfac,HAS_REQUIREMENT
0c13c894-526f-5962-bc68-56d232784040,f6f07dca-f54a-5f99-a089-47131fa7448f,HAS_REQUIREMENT
7a4235f1-a696-5318-9bbe-29ae0025019d,4c00dcfd-17a3-5ac2-baef-8bcedfd75261,HAS_REQUIREMENT
2d8d9a96-4a05-5159-83b9-7ffbb39f82f4,6e7abcd9-910e-57b7-ac73-485534756a88,HAS_REQUIREMENT
c3a828d4-ce83-5b0a-a0c5-f8da4372e182,1b4f28f6-ebb5-5580-9d16-98ce2ca46345,HAS_REQUIREMENT
8d333309-ac3c-5bb4-9151-9cc81f7dce62,e1d552ab-8bb7-5691-91bc-ed93631395f9,HAS_REQUIREMENT
db89947a-30b1-5e59-ae0a-8a360cb1dca9,2fd65b85-879d-5202-9d09-a4e3eed4a1f0,HAS_REQUIREMENT
7532e14e-f8d8-53d1-9553-3056499bc485,8aa63972-234b-5362-a2df-48bf62904ad3,HAS_REQUIREMENT
37186242-8488-50c2-9850-7201cd18328e,76351f2e-58ec-51e8-84ce-75dc42dd2ff9,HAS_REQUIREMENT
67c5cf66-172f-54f2-abe3-8e1698e7af7a,772497b0-e496-54d2-b806-427baaa25129,HAS_REQUIREMENT
8bc18023-3841-55d9-9541-ac964ddd7c27,dc429a00-38e5-5bf0-857d-7777b6b84ab1,HAS_REQUIREMENT
b38d9a42-1df7-5b00-9474-183f487413af,7532cd33-ca0c-5e73-aba2-25898ff431f9,HAS_REQUIREMENT
fda0fb90-5f33-5dbc-8f97-1933678858bd,ac30cb80-3349-559c-beae-74ad5308ff3e,HAS_REQUIREMENT
95bcfdfa-4da3-5889-89a0-b4e35b4c71fe,f08ef8e8-4ce5-5aba-9b67-c140ddd5e65f,HAS_REQUIREMENT
c1db4653-def4-5f55-81d3-d4cd58dea9c8,9e2a42dd-be5a-54b3-bf7d-c164f0877004,HAS_REQUIREMENT
9128d581-0cc6-50a6-9a77-fa9bfe6c82ae,2e6636b2-fce3-57aa-8360-5590b8fef276,HAS_REQUIREMENT
95578ce9-ac8c-5c98-b129-125049f4a6db,a4e2cb05-be6a-50b7-987e-d557262b2649,HAS_REQUIREMENT
ff3e7c80-3d7b-5741-897b-bed665da95b5,29f78eb9-4959-5000-86f2-1240d9a84b11,HAS_REQUIREMENT
2588a8e7-d667-532f-acc1-f22e22aa8b04,72d0e59d-fd34-50ae-b703-497fc37abd73,HAS_REQUIREMENT
dc2cbc06-da66-5585-a92a-9d12c5ea8b00,9e848c56-ea53-520a-be6f-0fde9caa440f,HAS_REQUIREMENT
69baf2ff-c461-5bb4-ae32-623a6a6d51e0,a64a4a6a-9c37-55ee-a33f-cb0a1e54845e,HAS_REQUIREMENT
dd394d6d-d803-5b37-89c0-8ece4185c926,f3f49ede-37e5-5cdd-afe1-076d3ef3b5a8,HAS_REQUIREMENT
6bf3e874-40e5-51f3-8fe8-91bb7be935f7,4ed502b5-a0d6-567f-b837-03bd4eb402ed,HAS_REQUIREMENT
3e41dedd-4233-5a9e-8654-fe511547a152,6cbf2059-657d-5d94-9883-c5d5a948ee45,HAS_REQUIREMENT
604e1125-2215-5a2e-818b-ccfe0f97068e,ee28a28f-496f-5294-9e3f-7c4634eebdd3,HAS_REQUIREMENT
2a4996c0-bd8f-57ab-a5f5-c59e9c8bdd04,85f4089b-c026-51de-b289-8db885eb1749,HAS_REQUIREMENT
2b0bbb0a-d83a-5412-8a5b-2556c33a635c,17348f1f-0429-5a40-8857-48faaf02c4e7,HAS_REQUIREMENT
af4de2df-4beb-5906-befd-3dc1669c79b5,78128e08-d8b7-5f9d-9b27-8d5bde2fae4d,HAS_REQUIREMENT
bebf00ad-fe1a-5d22-b7dc-77243f694f53,5422aa5d-f0fb-5159-acd9-f5fced514f0d,HAS_REQUIREMENT
7d5b11b1-148f-5af3-8ed4-a9fdea734223,5e3e7345-1bb2-5f8b-983e-acf6c28d5159,HAS_REQUIREMENT
41866fee-3b3e-5d60-b279-a5e1ff395f9e,ce63255c-4479-5339-beac-932ad7e24c5c,HAS_REQUIREMENT
aed006ca-edce-5bd3-bcdd-6830dbdc8e61,8dc679d5-f242-54cd-8697-0f478a52b33f,HAS_REQUIREMENT
ac8dce03-347e-533f-bbd0-58b46421a564,f01cf4b9-afcf-55c6-bae8-e13c8ce488b8,HAS_REQUIREMENT
e85bc19b-5dde-56ce-8349-99bcb4f6f982,51a77c2f-1c1f-5cc6-a313-5271d78a0f53,HAS_REQUIREMENT
87cc9708-aa0b-5d11-b114-13e6f14e400d,ee02712d-add8-5855-82a2-c53d95d40865,HAS_REQUIREMENT
a1c017cf-312c-5cb5-8bde-a145e503bbd3,f7088c7c-78a3-5dd7-8098-8fed340ebefe,HAS_REQUIREMENT
5bffc9e3-e26c-5aed-88e1-9a0d85f4cfe8,edbf75b1-d2c3-5a44-b7a6-cd64e042105b,HAS_REQUIREMENT
a6ef2e11-a5fe-586c-979b-0f2d3f63d239,0aa9a7e9-8f3b-58be-aa24-683f7b94753e,HAS_REQUIREMENT
b4d23ab3-aa1d-572a-a868-dc52a2076a86,962dcf1e-2dc4-55d9-8f29-ece53f44a951,HAS_REQUIREMENT
cf8cccc4-a1f3-510b-a73e-84237b7b1d53,dbe02e44-f5d8-5879-89a3-17f5cf192ff8,HAS_REQUIREMENT
53f77cb8-c2ed-591a-b89e-e6c5894f5cbe,2f80a73e-acec-55df-a967-ecb9d0a58b6d,HAS_REQUIREMENT
54197b4b-65c2-5d26-a0ce-24b601588d02,51fce73a-55a9-5dd8-b347-41b56a5dfda6,HAS_REQUIREMENT
6503e3e2-c60c-567d-8f46-3f3cd52971cc,bcdde845-6e87-594c-b306-eb9ccc8eacd7,HAS_REQUIREMENT
a1ec47c9-d7fc-5a67-b1cc-92287d526a39,41dcd9be-e1e2-53f2-bf79-fde3ea048679,HAS_REQUIREMENT
dce1ba72-d335-527a-896b-053dbc1e9cff,0106cec2-c4c1-5b7f-b116-f3a98e0ed04f,HAS_REQUIREMENT
4360f695-dd94-5deb-90b2-787dc7ba1918,3fb74caa-6afe-55ce-b999-bb7f19f19762,HAS_REQUIREMENT
c3d75298-4d9a-5b19-9c47-3ebea6a0765f,d5f215e7-030f-5f5f-83d6-7b0da0c50d15,HAS_REQUIREMENT
b56e6edb-2ffb-51d9-ae27-3978150fb3e1,40ca8305-8567-5536-a683-32fc6887ba0d,HAS_REQUIREMENT
b2dd34a1-0694-54e9-8107-b4682d269bc2,4e15936b-baf5-52a4-b05a-fe9da12ac638,HAS_REQUIREMENT
53c8f998-1245-52e1-958d-5e079a5b1f3a,ef20b700-3dd0-5c30-9c6e-0f428527c6a1,HAS_REQUIREMENT
065dd9d9-fed9-5d43-88ff-6840e8ed59b3,f04ca58b-2a33-56f3-a9ef-d23d2607cc19,HAS_REQUIREMENT
5b952f05-3a90-5610-9762-6a0cc97859c4,ece1e228-7c28-530e-93db-fac4c48472bb,HAS_REQUIREMENT
99b00e2e-0cc2-5f97-a64b-0cba3b3816a8,963463ca-934d-57f1-9002-d034c9f9187f,HAS_REQUIREMENT
3a827658-1dfc-55ea-9ae5-94ba2b54079d,d8b4cc04-3250-5759-8935-7bbaa59b2fe4,HAS_REQUIREMENT
462a3ac0-6805-588a-b4cf-da6bd8b90bee,f0cdb698-7db3-52d5-8571-ce5c154ada5f,HAS_REQUIREMENT
27ac4a65-1572-52f6-8dd6-bca36cf62f0a,aaf38f83-b9dc-57af-b7ad-a4a3c2739f85,HAS_REQUIREMENT
a796cd50-4063-575a-9804-464a2ef4f933,30e3a913-9658-5455-a5dd-96f0c434d313,HAS_REQUIREMENT
ce1de48f-55b7-521d-a000-f65bdddeaa2d,0c466414-7cf7-5ae8-b0ab-871344088d96,HAS_REQUIREMENT
7d7a48aa-e828-5e8f-9d7b-0c5fe8db076e,8e145463-5aff-5999-a808-7b4875daaad3,HAS_REQUIREMENT
d3a75927-ec2a-53ca-9753-62c550357329,39fca6fd-2eab-531e-b216-995c108af97a,HAS_REQUIREMENT
edf3e128-890f-582a-8a22-1b6aea7aa773,0e078751-80a2-5581-95de-a699d3735fd7,HAS_REQUIREMENT
dfb0c0c4-7302-5b9f-9939-3f1234e5442d,39b1929c-f009-57c2-b967-2bd9a87ef86e,HAS_REQUIREMENT
b4c4f5ca-496a-5b4e-a004-88ba23eae123,4c1aeac4-3f12-53ce-a1e9-ec7da0662038,HAS_REQUIREMENT
d7528693-a66b-5a77-8d26-cc9b3c8c08df,a3505013-617b-5a9e-8b49-2314ec967d3e,HAS_REQUIREMENT
696fd5f8-bb61-566a-9451-a7c82a6525e6,2e872720-ac5d-55c6-a5c5-ed8105d196f1,HAS_REQUIREMENT
bad4e6ae-7f11-55e5-9ac4-922e90678751,282e8757-b1ad-521f-9a74-7219ff42df5a,HAS_REQUIREMENT
80e36571-d68a-53d7-97bd-f38fb9d3df76,b8a05640-0230-57e7-a837-70075ed1e52e,HAS_REQUIREMENT
f33c289a-80ed-5b52-b23b-2d14ffcc4db8,fdecfe6d-e494-5e88-8913-f9cb021a4ed4,HAS_REQUIREMENT
d489252f-2709-554f-8a53-722af791844f,ce355dde-a95a-5007-b013-47256a8f8d5d,HAS_REQUIREMENT
acc3f759-3b1a-5ef9-94fa-18e5ec84f2cf,c4879e98-8a6a-548f-b5f6-a2288cda9ce6,HAS_REQUIREMENT
ca710f6f-953e-5e8c-b265-37c0ff32a79a,20276ac8-a76f-52d1-bd02-2e947f4200c3,HAS_REQUIREMENT
e2ed2a96-02a4-5824-ad7b-a4788e9d7e72,79abce72-8ec6-5ce6-a70f-c3005ef3bb82,HAS_REQUIREMENT
a93038e2-726a-5f1a-9e74-750291a6d488,1bb69b45-5cf0-5fa6-ac2f-68c8016a44fe,HAS_REQUIREMENT
0b6d7bc4-2d74-5769-9d33-15d6e09ad68f,d3add803-1a03-57de-9767-e382b8f32e62,HAS_REQUIREMENT
f66cc526-32fd-5978-85c8-29991921e3bc,3e2a9369-9e4a-5e03-8ee4-b37d75d228c2,HAS_REQUIREMENT
81e9f95e-effa-5154-9344-dfefb22b0cc9,efcceed7-e82b-5b79-88ca-44dfefa350cd,HAS_REQUIREMENT
7458b62a-4e0f-5fab-bd51-4a07e45c7387,5443d855-9cfa-5379-8ad2-e071c710fdee,HAS_REQUIREMENT
14b71721-1a66-56d4-9758-60452ba2de8c,8cad6ba8-e717-5e11-8d25-7da36e77ea8b,HAS_REQUIREMENT
0dbe5fa4-d508-5159-bd25-bab7ba095183,eceed383-472f-5d4d-9ab2-62ecc2351a1a,HAS_REQUIREMENT
b61bd904-3fa3-5ba4-896a-a635a1613121,39532faf-e01b-573b-a426-54001f702a5a,HAS_REQUIREMENT
a3228623-6e61-5bfb-bd3f-09481e752826,af0bd294-f271-57e5-a7ff-ff4f96bc24e8,HAS_REQUIREMENT
c430bb6a-3db9-5950-b5d2-3e334c35dbec,51ad08a8-c8f5-52a2-a9d3-50402bb899b8,HAS_REQUIREMENT
189d79fa-fad1-509c-af03-ebeec7cd5cc9,02b102cf-e9bc-5489-902f-fb3df8fbe543,HAS_REQUIREMENT
4e4dbdc8-42e1-5ce1-ac54-d12b8f7b083d,8aef2575-c7d5-5697-9704-e00a90272561,HAS_REQUIREMENT
4dbce86a-777c-50ea-83bc-b7e3fb07e45a,a0a2383d-4571-5b00-96e7-ca2e41d89173,HAS_REQUIREMENT
df9734b4-2bec-5230-9267-9e5d4c327002,c1520897-60b2-59b5-aaa5-0790b1a4c634,HAS_REQUIREMENT
7b72af9d-c780-5af4-9366-4d8ac0391d93,7a56edff-80f0-5e7e-82b0-46c75a4f1566,HAS_REQUIREMENT
c09df4c4-ef4f-555f-a85f-014add8435b8,667bb7fb-b886-5e31-9a2f-9208b416f78a,HAS_REQUIREMENT
54f13fd6-6b40-585d-b3d3-683154a65316,38d9b8ac-2ba8-571b-b796-8ca4a336eb4d,HAS_REQUIREMENT
bd69c258-ab05-5359-b5f4-878ff98a65a7,b5c9636b-102d-5d53-83dd-c7b13fc7b858,HAS_REQUIREMENT
b844b804-1588-560d-a59f-0912cca2c6e3,dcdfe05a-9c39-57e6-89d5-020aa6cbf019,HAS_REQUIREMENT
171badcf-2bf8-55f5-ae91-7871ae217755,60e9dc77-c191-57a9-9c26-93330fce805f,HAS_REQUIREMENT
6dab6bb7-e655-5d1d-9a38-24ebd32e7ebb,b168c20e-3f8e-5cc1-8b83-ee9ee6256e22,HAS_REQUIREMENT
54420623-7967-5e83-afa9-b25b0ed16970,0eea2a87-788e-5092-ab75-729518efd3fa,HAS_REQUIREMENT
125c5ff7-5e92-5ff6-b1a5-f94f95b652c1,2538ec4e-720b-507d-b7a1-1eb817d77d56,HAS_REQUIREMENT
c581e072-6742-50c7-b720-0776c8d18003,d82fcde7-611e-5bb6-9a4a-9c6881a4b5c5,HAS_REQUIREMENT
62de83d3-c0df-5f03-9a26-94061acd21a8,f7ed1573-6900-50d2-a910-70a9e2d09967,HAS_REQUIREMENT
3a8a81c2-ee2c-56c2-bb81-aa4f401bc76f,57828a22-3139-5d64-a2d0-a98950459ecf,HAS_REQUIREMENT
61622f28-7ba4-5337-bfe8-6bcdba70b18b,6cca7469-3dde-5389-8cce-e543ce9f1658,HAS_REQUIREMENT
bf3a0233-a35a-56d0-b4e0-62dfedb1a0da,a7cd0207-a7c8-524d-9537-73472a937cc9,HAS_REQUIREMENT
f8316d70-ee5d-5dc2-a6a1-070b903c17ce,de9a9133-e0b5-5f6c-a112-c407d31703e7,HAS_REQUIREMENT
fef9443c-6721-503b-93b8-3e2356ea6d86,20a5367b-c060-50e6-98b7-6b03202194de,HAS_REQUIREMENT
e0c20ddb-7b96-55d6-a442-b47f402312fb,eee955f3-0458-5b5c-b4bf-535478f13e1e,HAS_REQUIREMENT
d0c6e6c4-e0de-5d8b-8a4a-cd058a1b6feb,3035b786-80b1-564a-a619-88083f2d4ae9,HAS_REQUIREMENT
601acbd8-a1aa-5c31-9204-fa4ef110535f,ef18caa5-ab16-544c-9046-4661edcd6cdf,HAS_REQUIREMENT
e7125e48-5f80-5470-a9cb-b27e0433c0da,20cc33e9-7761-5c1d-abcb-e61aa1574083,HAS_REQUIREMENT
e4048a96-2ab4-532d-9264-6dea4013c9a2,e6fcdd30-d113-562e-be1b-e9d7e3830932,HAS_REQUIREMENT
9a7d4300-0b24-51f5-8091-03a8514941d9,ddb56474-ca6b-513d-8978-071999aaa5c8,HAS_REQUIREMENT
a6bfce29-9447-5b84-bd96-343917adfc15,1bd8e190-08cd-5ef3-b261-228f38ab76cb,HAS_REQUIREMENT
08707f0a-340e-5889-b9d8-b05fde8b4b84,ae8a70a0-b0fa-52c9-8dd2-e0b6eb3fe864,HAS_REQUIREMENT
e831f13a-6346-5c7d-abd3-4252a3b65f01,80342fe9-9811-592c-9480-2701c43f6fbb,HAS_REQUIREMENT
fd14510d-a2bc-5234-989a-f17af0f5d21f,e540e63c-ad7e-54ab-a951-585ecb565000,HAS_REQUIREMENT
377c5b9f-b17c-5e63-bf8b-577e97a8f997,cce8cb8c-2644-54ef-956b-15c9a02d0617,HAS_REQUIREMENT
eed82681-25bb-57b9-b83c-a010d8ebbbdb,93a7af15-63b5-50ef-b521-7da35dc4429a,HAS_REQUIREMENT
2867dd79-3548-509c-8912-d4b8659d5d5c,c91d6acd-6b3e-5d5b-bb0a-a2f80f2e695e,HAS_REQUIREMENT
d21c11f2-4d5e-5caf-8063-9f5c18108e14,8daaeb69-4166-59a4-b03c-b6c6ec4d81ed,HAS_REQUIREMENT
07302138-a17a-5bf5-805f-d01e5c103458,6bc2ae3a-bf49-5722-b241-6d43f5bb1983,HAS_REQUIREMENT
9367f857-ba65-5367-b6ef-5da5a2c95e65,8b0b48c9-2ecf-57ea-884a-7a6cb591be67,HAS_REQUIREMENT
4b8d436e-3196-51e6-9f21-01837da15f74,141a174e-7686-59be-bb78-871685bffa3e,HAS_REQUIREMENT
a177e450-0386-574c-9f31-962aacb69af6,68973258-7973-5384-8414-682aba8a6747,HAS_REQUIREMENT
f1e4b31b-c5c6-5d7a-bd8f-a008589530fc,6d7597c2-0829-5d68-8db0-1f25ec9dae30,HAS_REQUIREMENT
4def2c75-c376-5f6a-b91b-d67a0c1bf398,1aac51a5-5a5d-55aa-b2ed-85e034ee594a,HAS_REQUIREMENT
2b7f9563-4582-52b6-a46e-bcd7e6f7e861,c6061bf4-ef95-5b9c-be8e-974c922d2133,HAS_REQUIREMENT
a8d97cd9-70e8-59dc-9622-dec08f104d44,1b89812b-38e6-5176-86ab-f05c59c2514f,HAS_REQUIREMENT
646d31a2-a31e-5e3f-95b1-af2f0b665e29,188c1585-bbb1-56ff-aae9-8f11e54d2c42,HAS_REQUIREMENT
8e2bc093-4887-5178-a0bd-65ddbcaf7e77,90fdbe59-162b-5137-85ab-0182c32912da,HAS_REQUIREMENT
d7a3b7db-d491-583a-9c39-49f70876ada5,6e6a9e04-408c-5ff8-a7bb-aed62b81d3ce,HAS_REQUIREMENT
de5eda8d-4f6f-5403-9e99-9bd1926be9c1,d191c379-4bd7-5e9c-b6df-4862560c8398,HAS_REQUIREMENT
097232e5-5bf8-5658-99af-9134a5fe546a,74777d84-2b5f-5888-8972-ba5c104190e0,HAS_REQUIREMENT
719d4428-b409-56a4-bc16-1344e083b734,2210a5e1-f400-5d70-865a-1cfb4edc6772,HAS_REQUIREMENT
21f912cf-177a-57e9-8178-ab28fc88d27e,1a75e2a2-f3fb-5ff1-b8c3-42cc8efafe96,HAS_REQUIREMENT
9e911402-cb6e-5087-bc10-62a433b77291,3f378eec-4f58-5551-bf93-1927f73578b3,HAS_REQUIREMENT
00bc79a9-3c92-56ad-8e85-57a88da54e09,bb4fd056-abf8-539c-806c-c3070e35c46e,HAS_REQUIREMENT
0ca24a58-86a7-5a0e-801e-bd414f088b3f,48d10efb-bf61-5b01-b34d-b8c703511e8f,HAS_REQUIREMENT
ef9ad45a-0916-52a7-91cd-e3a31a173d41,97f86d9c-8f33-5696-a7de-712e6d2e7ffc,HAS_REQUIREMENT
1a52b746-f369-5e79-9bd6-400be7370896,e0b0e615-28b2-5a2e-b15a-75e79d687989,HAS_REQUIREMENT
b25a97b6-866c-5861-bf72-d582c48eabbd,98de4a10-7311-5322-b2d6-09abb010c43e,HAS_REQUIREMENT
2d2c4a56-92ac-5ae1-a70c-6e0b11b82ecd,16fc35b3-92b6-5bce-836b-5bf1a53601e8,HAS_REQUIREMENT
86e23f74-7cfe-59d8-96c4-49138ad1c52f,3c76c244-8ab1-5ce2-9337-1066a7f437ba,HAS_REQUIREMENT
9c7fcb58-6f06-5e47-9f9a-5ef09090e5ca,d33d3552-1353-5078-b8cd-fff371bfb250,HAS_REQUIREMENT
2d063f4d-cd47-5080-93ac-1fb1ef40c0b8,0b0af849-2f2e-5288-8d39-462bef9e88cf,HAS_REQUIREMENT
1751c2b5-b8b8-5dc6-895e-8a047eea8da2,f6b25601-4dff-5b76-ae84-2072e9dac3b8,HAS_REQUIREMENT
a4aa2672-22e5-5a7e-9d2f-9c9e2d350eb8,58a4a76b-7df3-57dc-9927-c5f2ea8dea0b,HAS_REQUIREMENT
ddd7c215-3ac4-5384-96f3-70d66b401fd1,ef7a264b-f4ac-5931-88f2-e36365b4e336,HAS_REQUIREMENT
66278403-33ea-5441-93f6-a9c941e1fbb5,b998db75-d3e5-5845-987c-975b73b25aa7,HAS_REQUIREMENT
53ae106c-e60b-5580-a0ed-f8293dc4d1fd,3b393355-b51a-5ff6-b303-73dc650286b2,HAS_REQUIREMENT
e0a94796-8071-51f2-a26b-2163f81ed1ba,526c1622-ac60-58d4-b067-442874f15199,HAS_REQUIREMENT
ac3db716-29b4-52ef-8977-4fe816b051b1,ff39f335-5648-57a7-b52b-66e85b5490a4,HAS_REQUIREMENT
5a0ea2d6-542b-54e0-b52d-7b2a335d0203,f7410532-8241-539b-839a-372bfbf1e73d,HAS_REQUIREMENT
d50527e2-a33c-567a-818b-470e1d696280,c3e021e3-cb3c-5568-b6ac-ab0e4d2fff93,HAS_REQUIREMENT
c98e642f-beec-5a63-a01f-f8c3d6b069d2,343c0991-9107-5d67-a8d5-1f57d154517e,HAS_REQUIREMENT
b121357f-ce04-553c-91f9-84e178dee9e9,5f986a9a-3855-54f1-b763-0354071259b3,HAS_REQUIREMENT
c1e8e48e-7702-5014-8236-84a83192b66c,18ea26b1-f987-5d34-a606-2fd7d119d0a6,HAS_REQUIREMENT
243b5f9f-f7c6-5f14-a9ed-ee63e4967994,0965b43d-0c49-5bdb-87a6-c87f5c515113,HAS_REQUIREMENT
e02d5353-e364-5daf-b67e-315158cb14ad,da13c64b-7148-5810-95bd-148ca298e9a0,HAS_REQUIREMENT
15a6c762-469b-5ed1-a7f7-91231efde1c3,2af8ec80-1971-5023-b720-7c66d3e6fc47,HAS_REQUIREMENT
7f55f825-dbfd-51cc-bce8-62d88dc46506,ee35bfbc-f4d9-5e56-885a-8708124c7698,HAS_REQUIREMENT
07917dca-feda-566b-9ade-bedcd0650871,a649cd6f-5d6b-5dd3-9424-dc8d58de0097,HAS_REQUIREMENT
d28cadcc-ffc9-58a8-b7e0-e58816ec25eb,7d4b8599-0cc2-55c8-80e2-bc33490945ec,HAS_REQUIREMENT
7a1961ca-0b91-5701-85b7-546aead2abff,ced616c6-af32-5bfc-a87a-19ef2c0201d5,HAS_REQUIREMENT
79d0c7a2-e0c3-5544-80fb-f3ea3d83f560,c2233485-5717-55ac-b887-17e508799c5d,HAS_REQUIREMENT
90df05a3-eac6-51a9-9ebe-40bc5ca3a4b2,d54d531b-bc49-581e-ba63-522f35098310,HAS_REQUIREMENT
c9636af4-9db2-5adb-b764-a3bdba47cfed,f43a7de0-e400-5683-8071-8b20bd918ff9,HAS_REQUIREMENT
25ba14b5-142e-5699-a22b-9f29f62f6b01,9d1f587f-4cd1-598f-b3f9-40832f0ea424,HAS_REQUIREMENT
a68b9ab8-4907-5e10-a7bf-4821bbff8bdd,0094a887-ad25-540a-82f9-ae0004e82970,HAS_REQUIREMENT
a63b9252-89dc-59d8-ab4c-b686e02a8cd4,a03aba2b-cad5-564c-a7ed-882292ce5dc1,HAS_REQUIREMENT
fccb5829-5b0e-5330-aa55-2c3eae5bbb77,d5d5b620-6271-5bb9-a69d-a00716f6251d,HAS_REQUIREMENT
418aad24-b742-5cea-80b6-d92c7a3d9a4a,7e7fc0f6-4e31-500e-8fc5-674f26923cac,HAS_REQUIREMENT
9f35509d-6bf4-52ac-9805-a37b4b13055f,d2d7c0f6-ce6e-515d-8194-7425cdb5263c,HAS_REQUIREMENT
2d2cefdc-b46e-5237-93ed-a6109ad249ba,a742a895-9d99-500b-9d18-76ae0b838ac2,HAS_REQUIREMENT
8b0d8266-5e4c-53fe-b8af-eb2c6db0550a,dc96ae9f-c024-599f-8a7c-df66ccffa676,HAS_REQUIREMENT
ef391677-1ac5-5f32-a336-2896b6286548,323efccb-55aa-55c7-a893-cb2607eb3a3b,HAS_REQUIREMENT
312b95fc-43fd-5f03-a419-dc1b8e03603a,267d8017-81ed-586d-932e-a8488f8db48e,HAS_REQUIREMENT
e0218f18-2eb0-5b9b-a33d-630b56ff6c8b,e281c692-1e71-50c0-a373-d39c5bac01eb,HAS_REQUIREMENT
9d631059-bf5e-52f1-aa4c-044a355dec19,660424f2-701f-5e0e-b149-0c4af7219b57,HAS_REQUIREMENT
42507d16-403a-5356-b69b-5d0401d00eaf,0445c56c-a07f-50bd-8c47-2b349f38465a,HAS_REQUIREMENT
3963fa06-5337-5673-abf4-87cb36c3e1c1,b7745ec7-cdc1-53fa-9a96-e64bfbcd79a9,HAS_REQUIREMENT
0ac3a97b-6405-5196-8396-57a93809f3f5,d0b7388e-89b0-5b91-bcd3-22abe4458bb5,HAS_REQUIREMENT
89ac7068-36b2-5371-99ea-5b9eac0e9331,3cef61a4-c7fe-530e-89a5-33e8a5c76f23,HAS_REQUIREMENT
a32e8016-f34d-54cc-ad79-2617f913a5bb,a01eada7-0bfa-5b29-b19b-49e9d525fb2b,HAS_REQUIREMENT
f7cedc22-a23a-5ff8-90e2-1d4e8a34901a,2c02712e-04d4-596f-a3fd-39269aede6b2,HAS_REQUIREMENT
ba2ea469-8398-5612-98dd-6cc30daa88f5,72361a25-c2c9-5d1c-adee-9e48e98cb0fb,HAS_REQUIREMENT
a1d8b2fa-a4a2-5824-8094-ac598ff0b3a1,1c56347b-85e0-5268-b5b7-657fe924ded0,HAS_REQUIREMENT
f71bbcb0-8acf-5eba-8891-f04fd9ed8fd5,98510ffa-dcfe-5d73-8aa4-3f43eec1a1be,HAS_REQUIREMENT
9fbc5152-84db-51ab-a5b9-6f46d9e2c9a1,c8a37536-cfb9-53de-89b1-bea67bce9435,HAS_REQUIREMENT
0aea3f82-cfe1-5904-ae9a-92d54c46ca55,f74494f1-a686-5da4-b2b8-8b86f2314a81,HAS_REQUIREMENT
b0f17ffa-0e5c-5d6e-9f91-b1381b357712,5ca71568-07a1-5c3e-ab06-3dfbeea7674a,HAS_REQUIREMENT
e660ced9-cd6b-5741-9f9f-d040ecec66cf,4efd1ada-99a5-5c71-ba1e-3a118cc4a50f,HAS_REQUIREMENT
dc583b8f-4215-570d-8171-ac93fb193bc0,0a82ef54-860f-5f03-be81-9ca724b075ac,HAS_REQUIREMENT
c288cac6-49f5-535c-a32a-c586287c770c,68f15add-09e5-53a1-b86b-512d8d58a56b,HAS_REQUIREMENT
cad31c7a-fdd0-5820-b534-fee23dfc6523,8695cc62-a06e-5409-ac9f-266747874d37,HAS_REQUIREMENT
148465fb-6bdc-5a71-ae89-ac38ffa9bd24,67c0f195-7c43-5b1f-ac76-2f6385f3048e,HAS_REQUIREMENT
c96ab50a-727e-530d-a41e-6da88c629894,4d13ea0b-be84-5dbd-ad4d-b69d7b56ba3e,HAS_REQUIREMENT
2f4035fd-3642-58f4-a3c5-fe62c726bfc4,72d821a9-292f-5df3-83aa-b1d39f1ef268,HAS_REQUIREMENT
cb2c90b4-de03-5790-aa0f-1744b5fd9f94,296dadf9-d86a-591b-b419-bb908f1af4a0,HAS_REQUIREMENT
3e30f25b-4b91-5b34-b06f-d59651813c4e,79bf8f90-69e2-5517-98aa-762f16392907,HAS_REQUIREMENT
0d79f3ad-dc6d-5beb-9aaa-2e769a5efb61,2850d2f7-f6f7-5cf8-81a3-8f1ffce90bf9,HAS_REQUIREMENT
fcc05232-d967-540b-9bf3-c5f751c9d27c,f077d2d8-90cc-5663-a317-e83a7348d7f8,HAS_REQUIREMENT
c3c3bc1e-893b-5480-9d8a-6d79641507e8,679e9972-ef59-53cd-9857-412caa58ebba,HAS_REQUIREMENT
25c243a5-ba45-5974-a673-b18287233e6a,01500145-8859-5c91-afb2-4871752230d9,HAS_REQUIREMENT
c2967e1f-d72f-5d14-a106-e1666b77a172,3a33d5d5-1eaa-5793-9085-3b9259ce27c6,HAS_REQUIREMENT
41a91539-5adb-59e0-8046-5d36b8ecd538,6ac485b9-cf59-5d6c-9654-8033b9702437,HAS_REQUIREMENT
b51b30d1-a95a-5282-9d70-73a8b98855f8,20182163-b7be-54db-91ed-42d89683d0e5,HAS_REQUIREMENT
8bd7b296-423f-5381-8d31-6ed8300624dc,ca127760-ef8a-5b0d-a05a-d488b582cce9,HAS_REQUIREMENT
94a7a79e-41be-52e5-a6c4-71d37639ca96,68cb7f74-c184-5b93-9388-e338043fa719,HAS_REQUIREMENT
0693d34e-3bb5-54e3-94be-cfcb42e582c3,a0ce9edd-8dd4-50e5-9256-07e37a205927,HAS_REQUIREMENT
c6f81450-7fb9-5fc1-981a-de2bc5863877,5358d069-2311-503c-a543-6bee3950084c,HAS_REQUIREMENT
0e9e0ed8-f74f-5f23-8d5a-52bdaafa45d5,06d7cf4e-44d5-5c54-a4e2-5b8265ea421e,HAS_REQUIREMENT
ec646039-dd44-547d-a43e-7ac7859b188d,5563b511-a0ba-50bd-b456-f037d91fc7fa,HAS_REQUIREMENT
6b9bfe81-3c59-55b2-bb0f-5b410f71f550,ca606737-71ca-5d81-99cd-38aa443285d2,HAS_REQUIREMENT
2d281918-24ba-58c7-9ce3-5c2f89275c18,d7ac1d93-ce8f-5eae-8e22-9222c893915e,HAS_REQUIREMENT
6c9c28ea-4319-51df-8e08-42612ccc2ec3,6e81341d-cc10-53cb-b34e-32767c2ddfe3,HAS_REQUIREMENT
a33a83ab-a92b-5ac2-9b1f-f6167a4721ce,b5713d33-75ff-595e-814c-fc70f18d43dc,HAS_REQUIREMENT
4c63ca1a-3725-5b3e-b7e9-b49d8352aca1,a60fec93-c18f-59a7-9ae5-a8af161ba08c,HAS_REQUIREMENT
ca510ef6-b4c0-5021-a3bc-c0419685d4f1,559fde77-e063-5a15-9d13-508db92cca47,HAS_REQUIREMENT
62c20425-b7e1-524d-b5dd-28f2f27e2f02,83ee077b-04e8-5e2e-8583-4f35e85efd0c,HAS_REQUIREMENT
24c0f6bb-3aa4-55cf-ba56-cf416c463e69,0323434d-e05c-5a48-a1c7-8fb56cc0c485,HAS_REQUIREMENT
b9333bd1-907f-5461-b483-aeed289c2f12,1d00e80c-5df0-5bae-bb63-5e143120bb14,HAS_REQUIREMENT
4b8f0ded-4968-5f79-9e88-9c048f6a122f,0dee7da6-d265-5506-8f7a-9af7e1a484fb,HAS_REQUIREMENT
a8342523-8099-5de0-8b61-a6654f49a1ec,159e1b25-f4a9-550c-8896-3095ac8c366e,HAS_REQUIREMENT
65295a58-b67c-5645-ac5f-fe9d9aef8b00,a70edf0c-56fe-567b-9e1f-dd3dfeca72de,HAS_REQUIREMENT
dd7182b8-1b71-5de2-9f4c-07a1354e01b3,7f9a83b9-0913-524b-832b-b17423ec1896,HAS_REQUIREMENT
0b31e873-d8b5-52a2-8b0a-b2eb67a52fba,3e077e38-554a-5503-ba60-06c90da6edc6,HAS_REQUIREMENT
67bc278a-01c5-5a58-bd24-bd504154179b,1ad4efcf-ac7d-5166-b320-1036e2fe7fe1,HAS_REQUIREMENT
5932fa0f-dc2c-5dc2-ab9e-14642af89f18,1898a464-cae2-5928-970a-41d38d03ab45,HAS_REQUIREMENT
273a7008-1c99-5fb4-ae2e-0a90bc745a29,ed64399f-e93a-524a-aaca-6b8fb93c413e,HAS_REQUIREMENT
931511a7-1b4f-5117-9be8-28750f8897e8,2d8f806e-ba55-5061-a66e-04584b48ea0d,HAS_REQUIREMENT
99e7bb9e-f8bd-5574-8d6b-95e9ff1eee75,52209729-8504-563a-ad87-1b3b22e7ba47,HAS_REQUIREMENT
505d0c7f-deb7-54a5-81bb-f6ac9d497f6f,8dc2d343-ae74-5734-83b1-67340282849d,HAS_REQUIREMENT
8c168dfe-2d49-5b6e-b4b2-40dfd283bf78,0d26e5bb-a8b1-5487-a9ef-6c6fdf7b633a,HAS_REQUIREMENT
9f640eea-4ec8-572b-80aa-0e3d98b14707,4067ddfc-6dd1-5cab-9a6c-279d8360223f,HAS_REQUIREMENT
1d848513-f26d-57b5-910d-9c1a76d4b9f8,564f803a-c182-53b2-ae66-225a9a57c0b9,HAS_REQUIREMENT
c8f9d1ef-199d-5111-8cc8-9dce38e1afb4,a1e9ed15-8c11-577a-9fd6-9567bb73acca,HAS_REQUIREMENT
7c574fc9-49d7-5417-b916-275bcbccfa1c,8d1d8aa2-a487-5aec-abc6-ef5163c6a79c,HAS_REQUIREMENT
9f974bdf-e533-586b-a190-e84fdea6a473,a0673b1e-710b-55b4-b064-bff85e880c9f,HAS_REQUIREMENT
9f5dbb4e-9326-5981-b39e-8ac473ea0bde,22311193-4672-5298-b4f1-4e8a0c3cf8c9,HAS_REQUIREMENT
6db634f5-bddb-5e8e-b535-7cb2f997adad,bf5b9c0d-98a7-57d3-a1dc-576d2c470615,HAS_REQUIREMENT
a30202c8-f03a-5f7c-8dff-2b06f9cc62c3,6beb03b7-70d1-590f-91cc-0efa6f257b6f,HAS_REQUIREMENT
8ad8e069-46b1-5ea6-ae0f-84af33fd3f04,8521e5df-bacd-5635-a322-eaf2e2f8af65,HAS_REQUIREMENT
bfa99787-9322-52fa-819f-fde70c4aefdd,3b0a22df-09ef-5111-8c8b-8a264eb28a40,HAS_REQUIREMENT
d6f66353-357e-5016-96be-ad5c576e987d,92e5a62c-5be1-599f-94bc-8710d3269cfb,HAS_REQUIREMENT
7ec2d5dc-56b1-5049-9d38-356871e8e0e9,4d8c4a83-7051-5ff1-bc25-a217502ea586,HAS_REQUIREMENT
339e0afa-3290-55c5-992a-380eccc7f398,3e4351c7-8e8c-5e12-b58a-e158585e7344,HAS_REQUIREMENT
958c49df-bd4a-547b-94b1-748334f2696c,19ee2692-c01e-5731-8fe4-f89d0dbff2de,HAS_REQUIREMENT
d1b29150-efd5-538a-a99e-f80671d7dcbe,7495f47f-2568-5ff6-aaf6-0ebd06f813dd,HAS_REQUIREMENT
ae43ea6f-211b-5b6f-bb7f-04f71907bc6e,1cd477d6-3b04-551e-a5f6-a59d1109df6c,HAS_REQUIREMENT
04d6cc19-b766-50eb-b060-05a1c395bf81,ca8c8586-a9cc-5346-98be-7b9800e7e7f3,HAS_REQUIREMENT
445dae5a-21a1-5257-9150-2dfe38aef655,be83a476-a937-5623-93a6-74c771ae653d,HAS_REQUIREMENT
ca0cd7c8-fc78-5207-8293-d128297a82b5,03741b43-6976-5173-af1e-8b67cd13d631,HAS_REQUIREMENT
a9c714dd-22a5-56f5-9576-2114155e523b,250ca426-0195-51cb-82d3-ed1061d90477,HAS_REQUIREMENT
ffec18d6-fa53-5c13-931f-81ddd225ef1b,a98feabe-e6df-507c-a07a-82deb9cb466f,HAS_REQUIREMENT
89ff09bc-adf6-527e-b2d0-1c2d8fd8a3ea,2a53507b-3590-56ca-b62e-4ad97a49ed26,HAS_REQUIREMENT
03772287-0fd9-550e-b6bc-a560a41d6a0c,f03eb7f7-8bea-58cd-9ab0-ffb7f57d35fc,HAS_REQUIREMENT
beeff079-0edd-5588-9964-527acec46670,bfe19b01-8d61-5b1b-8dce-5f79b49c85b6,HAS_REQUIREMENT
1e663275-bf27-53fc-b8ec-7cbc9da47a78,22e9814d-8c1b-59b4-a898-a51a2ab4b019,HAS_REQUIREMENT
036c6a3a-4d9c-5fee-b502-c902698d2a7a,ffb10914-a3de-5791-930c-846bc564ff1e,HAS_REQUIREMENT
9eb0580c-63df-5d22-9d2e-ae170fd09ecf,51b927bb-14c2-5969-8735-5e972e49a13f,HAS_REQUIREMENT
bc60613b-00e0-5beb-814f-d26316b9ba22,40b624fe-4df3-5ae5-8655-09a1aa1428a4,HAS_REQUIREMENT
ac7f2ac8-e920-5c1a-b282-44d587d22921,0fa3b903-095e-5f47-a233-caa769959794,HAS_REQUIREMENT
eebdfbe2-6ab7-5337-8e5a-b553ab9bffec,a9f744a8-0374-57c3-8b28-3363cdf83313,HAS_REQUIREMENT
366e35e3-7dce-5811-924c-911088baf462,ac06b406-7d48-5246-9f8e-cb5d79797a15,HAS_REQUIREMENT
f1ef4eed-32b2-5cfb-b0da-a9b2f0734615,ad695f23-7d14-518d-ab21-7656c67f1d8c,HAS_REQUIREMENT
6a4639a1-04d1-597a-9a5f-50b2a31058a3,88173802-9c32-5b7d-a145-6b631313dc91,HAS_REQUIREMENT
a0a1d80f-d962-581b-8e39-5b452951d947,4fee0ca1-0227-52fe-9fdf-f277ada103a6,HAS_REQUIREMENT
ec0f5ebc-34cb-5051-87b8-ae618fbc8cd7,dfa6daf2-93fd-545b-adf4-621228b7e6c9,HAS_REQUIREMENT
7b4329b7-262f-5232-8d2a-08ca2eee0640,9547c5cf-564e-5e66-8df2-9c08fc68ca85,HAS_REQUIREMENT
43e86887-ced2-5e32-ae64-5296d5b65302,4e2e5660-c605-5eed-bde6-9a5aa95a10d6,HAS_REQUIREMENT
34935f45-b9d9-5e2d-8b5d-39f17085bb08,b7091e0d-18c7-5720-b33f-9a58862318fe,HAS_REQUIREMENT
d5fa42b2-5a4e-56b6-a23c-ad1251922d99,1c49b4d6-add7-51fa-951f-81e4af1f8b07,HAS_REQUIREMENT
71db4ba7-2627-58eb-ad09-01acfa58a164,2f316e22-b01a-53c2-b291-3d64d965018d,HAS_REQUIREMENT
7051875f-f202-5e36-8366-f8183b5eb01e,4d2d77a9-2fca-561c-ac8e-791eac2338e4,HAS_REQUIREMENT
8b373323-3f8d-575b-bd0c-ecf4158db683,148ad4bb-e06f-5e88-9f2a-86f4923cddce,HAS_REQUIREMENT
4c730f63-7dec-54d5-b815-79364d7e60b6,5ed763d8-3c38-542d-9db1-f8cb886c2b40,HAS_REQUIREMENT
4390cf2b-9f00-51ae-99a5-e327ac0799f3,f2483db1-d825-5992-be5c-4bb7f088884e,HAS_REQUIREMENT
4e406e59-56b6-5b84-bedc-ef1d5933cb9a,22a36b51-1f42-5df0-a2b5-460bb0100edd,HAS_REQUIREMENT
17215ff8-56d7-5be4-a434-be7dae96648b,87bed285-d4ff-581f-b370-444b90cd1984,HAS_REQUIREMENT
5aad504c-268f-5fd4-9c59-678d68a19981,ba815d4a-8883-5eed-a7a2-ac1cfeadb6e1,HAS_REQUIREMENT
077983fe-24c9-591a-8e7a-a97ef28fc10f,a824a7b5-4195-5f9d-817e-e53c7007c1cf,HAS_REQUIREMENT
acb0973e-adcc-5348-b871-478b90dd6812,99cc34e3-738e-580c-8e0a-688befb3dca5,HAS_REQUIREMENT
35a35b2c-c58e-5bea-a230-14ed4108a67b,fffe2844-6ffa-5e6a-964e-957ac9b03e61,HAS_REQUIREMENT
4bd9408e-a4eb-5144-930e-071b41d4c193,d1f0336c-3e45-5b53-b497-b461e31089a9,HAS_REQUIREMENT
f3bc13ab-4c26-556f-97a7-e8688971b797,85d37d41-20ff-52ab-8a50-e647e3d7ea72,HAS_REQUIREMENT
40702883-9eec-54cb-9321-c78886eea4bb,1f803709-7bfa-5624-8d52-85b155226c80,HAS_REQUIREMENT
f9f868a1-861e-510f-9193-508d97653b35,cfebd2fd-0ad7-5cf5-85cc-5e4077fb55d3,HAS_REQUIREMENT
1984bd37-236c-5401-8d2a-cbf62cc4e6ac,d51703e9-37d6-5e44-b2f7-7bd43b3a1adf,HAS_REQUIREMENT
a8363d23-e2d2-5f2f-9008-90b51bee3c64,8a1ef93e-fd7e-5be2-bcc5-f6aa277f1a95,HAS_REQUIREMENT
84803e33-baab-5a0e-a238-3dba67e191c1,75df1fe2-df0b-5d82-9a53-6f1cf37a813a,HAS_REQUIREMENT
843a707e-eee0-5c4c-a45a-fc0d744f0222,d2509ac5-0fef-5b15-9ed6-5e53a0dea965,HAS_REQUIREMENT
9fd34e80-6712-53ea-a0cc-6052319cd516,13786698-7d53-5817-9009-bb2c93f85682,HAS_REQUIREMENT
be869a42-68ea-5d60-881e-33b5911a4687,d9715933-71a6-5b2a-bb03-4dc519e175e4,HAS_REQUIREMENT
0d8dd1ac-4af2-5b06-8f45-0898cb436803,f2fb2486-b95b-53a7-9eb4-6d4b989363cd,HAS_REQUIREMENT
fc34a421-0143-5df8-8bf6-e6ec2f2afb1c,fb1c114a-c095-5ee2-b5ae-2ca187bb177f,HAS_REQUIREMENT
cb8426e3-83c1-5b95-a435-3a942fdabf42,097b05df-79c4-528d-a047-c4242b6a2e2c,HAS_REQUIREMENT
87dc6b73-c2af-587d-8703-e7cf32b05990,648a2622-bcb5-5cfd-9787-4a34fa399896,HAS_REQUIREMENT
354de404-dd22-56c3-90e5-4566b10a6637,2ad5a1a2-b288-5dd4-b068-f3adfe15e0c5,HAS_REQUIREMENT
96281d92-e134-522e-bc93-6d0594a5da2a,3da33176-d8b4-59d0-8ad8-0309a33e762b,HAS_REQUIREMENT
e0048751-4be6-5330-9d85-7baf2ec21543,bc6ed03d-8c33-52c4-849f-a3a19ad3bc34,HAS_REQUIREMENT
21e9220c-e677-56ef-92a3-adbf9cc2c1c5,195915b4-79ed-58a0-a7ef-e37a7ba0a99d,HAS_REQUIREMENT
78ec6104-84bb-50a9-8775-56a448e17347,3aa21fb5-edde-55de-a3dc-8b85d1c222fe,HAS_REQUIREMENT
37adcffb-fdfd-53eb-88b3-b179ad49c307,35c988a5-da4f-5f03-958d-ddf1b2cb016b,HAS_REQUIREMENT
eb97fdf7-0af8-5316-ac33-5c1d4baedf66,4305a399-db01-5ce8-b0a2-3ac844db9521,HAS_REQUIREMENT
d26bcf4a-66bb-55a7-b436-7c9b994b9eae,ffca2cda-61a1-5304-9b5f-9825e6f755ef,HAS_REQUIREMENT
8a7242c1-b9ac-57c3-aec4-b9ed42100bd3,b64370bc-ecb3-5099-a62d-47cff626b617,HAS_REQUIREMENT
967ed336-112e-5186-8bad-9a90233cce0c,c0ff9d43-fff2-5bf0-ac3e-c09e2610d1cb,HAS_REQUIREMENT
9eb94368-d8ac-5ab6-82e9-c58149758925,6d784519-c53a-56c8-a214-483211c82bad,HAS_REQUIREMENT
2e0e7e32-447e-51e1-9d5a-4db0246aa118,186fdec1-337b-5129-9d24-eebe3230f5dd,HAS_REQUIREMENT
b172c46f-c1bc-54df-9815-2117bebb8a54,c292faec-4812-5e50-addf-174a2fd45935,HAS_REQUIREMENT
d9fe00db-43a8-5b7e-8970-2eef77b23f9b,b3b5fdc8-356e-546d-8942-fd203534bf73,HAS_REQUIREMENT
33aef9ba-8a8b-5a28-acb1-15170f8f8112,90058c3b-3055-52ce-b84e-24649b567283,HAS_REQUIREMENT
e69977c8-0a52-5e48-a318-7565978a301c,20b2415b-425c-5e24-8f04-ac27eedd6b80,HAS_REQUIREMENT
5af6ee00-3b0f-559d-8fde-4ed6422affeb,8906c7ac-6b81-5a94-abd2-1a06c5ebacfb,HAS_REQUIREMENT
e9f93aa2-b4f1-5446-ad3c-ed18ceeecb08,c8670278-f522-571f-a553-0c68cdf6bb1e,HAS_REQUIREMENT
d9c05ffa-1afc-5824-837e-9c4521ede644,8927d6b2-f625-55a4-a7f8-ca29ee2cb1b6,HAS_REQUIREMENT
5e5f467e-049d-5603-87b4-21635d2a2d9e,50a9d06e-bf27-5f3e-91c1-eb2775001eb2,HAS_REQUIREMENT
d0bb9de7-1156-54c5-bceb-1ba888a2d313,00a42c25-93d9-528b-8f2a-d390f10285d2,HAS_REQUIREMENT
22fcce38-a535-56e5-8cb3-6f89a197671a,7f8dcb4e-cc7e-5569-a824-440c1aea8f63,HAS_REQUIREMENT
46bb1f60-8d7a-5159-bdc0-1ce11c60f096,aabe1227-d2fb-5cf8-bf73-ebef55864317,HAS_REQUIREMENT
d1026f09-7069-50c5-8193-cc098bb5b194,daa5e185-7d4e-5ee9-b7e0-0a506c04a1ed,HAS_REQUIREMENT
30324e80-e5eb-509c-9c98-d4af2a08868f,cd64aaf4-ad60-510b-aa75-6af32a1a6a17,HAS_REQUIREMENT
679c5862-cf8e-595f-9c47-5772aec642a2,eb74a7d9-913e-5660-9703-f67e141e4c11,HAS_REQUIREMENT
8c96dfe2-e0fc-57d2-bb51-6b2ba7fa97da,983be242-20b5-53b7-8777-b0aac5e9edc6,HAS_REQUIREMENT
7f0da90c-0eba-5499-b6fd-40d827ea13ed,7b507827-b22f-5057-a5cc-2202aeaac952,HAS_REQUIREMENT
042793ed-db22-53a1-b775-23faac7e014b,266b793e-1e63-579d-bd89-b9c221678c33,HAS_REQUIREMENT
d3944ad6-c7c1-57ac-b472-8e2f092482b2,6c03221e-51e9-5534-aaed-972c97224537,HAS_REQUIREMENT
e0d3ee4f-d5c1-5be4-88f5-eb86236615bb,146cb751-80c5-5b3a-8034-e3d6c868f747,HAS_REQUIREMENT
f086f993-0391-533b-b31e-90afaf3bf7da,01609330-149e-5cda-9d28-b4461f98414a,HAS_REQUIREMENT
56f24ee5-4bee-536a-b862-d088aa5881d3,8222dbef-8897-5a30-b72a-6f372b5a132b,HAS_REQUIREMENT
75648bb8-4bd2-5e0d-8171-1c0f9470daa9,152a3ece-d236-54ee-a6ad-62f803f9aee0,HAS_REQUIREMENT
2d124512-e887-58d3-8021-d4155a88bbf0,c746a7bb-3b5a-55ec-99d9-1a3f09883b36,HAS_REQUIREMENT
591ecd69-5166-5be0-a390-23556c6b4203,383ce5ab-e65d-57af-8949-c070628689ee,HAS_REQUIREMENT
a7466ec5-1dc8-51e4-b24a-4f26cd57a793,cf127125-9c2d-5757-842c-7dd50f21bb6d,HAS_REQUIREMENT
d38d5286-07cb-5292-9894-e52c7d98e583,e951555c-9388-510d-91e3-43ea13f6d0e6,HAS_REQUIREMENT
18410dcd-621c-5194-8fb4-dc142999827a,944d6f95-daae-5456-adc9-03de30c835b3,HAS_REQUIREMENT
660156e8-050c-576d-97e8-198b5b9f4cae,8a4b36d5-b988-55a9-b0b4-a6a66ab89612,HAS_REQUIREMENT
832b16ba-b8e6-5f0b-b337-8de5ac5c87ac,6e5a083b-9d3a-5abd-bfa4-d609edea8e98,HAS_REQUIREMENT
149c717c-1398-5bf5-9f32-916738586ba3,d6dd4b04-469f-5297-99f7-349e22c75e8b,HAS_REQUIREMENT
56a5fd2d-651d-5eaa-b4c9-cae1dc956458,e6a1da80-7c75-5574-8b65-b2224b323efb,HAS_REQUIREMENT
aff70c03-bcd1-56f5-8be7-f46e5eff7107,631a12bc-7632-5921-99b2-72b570a751d9,HAS_REQUIREMENT
c1eb18ae-3cd5-50d8-9e28-4cd18b9bf7c1,bde1d54e-6a69-5f65-a249-1b79876e1680,HAS_REQUIREMENT
aaadbd32-beac-502e-99ce-4e7c873422ba,89299b14-130a-5e7f-bc80-5539dcfe6335,HAS_REQUIREMENT
12a1f868-c751-53f9-8f67-27c44129d7cb,6517bf17-0083-5aeb-9356-35287d7d2837,HAS_REQUIREMENT
492d8896-fb2a-562f-afd8-43b0f6ab8aef,3cd5ab51-d03f-5be2-818a-f9b641646f86,HAS_REQUIREMENT
ebc0e5fa-c983-5c71-a41c-a4e1305015a5,889263dd-e3f2-5d9b-9947-bd9f34ffeb2b,HAS_REQUIREMENT
079101d1-ad12-5ff9-bfc4-3052253418a9,e6391cf8-0b40-5d4b-aeaa-cd063bf7b851,HAS_REQUIREMENT
7fa1a51a-d2f0-571d-b118-ab3bd984e525,d93fc67b-d192-5460-bb82-2e69a38ba6df,HAS_REQUIREMENT
91557e7e-3b0c-5dc4-87bd-f9d1dc074742,e2bbc9c1-0e30-5a29-a0c0-a97668d0ffc1,HAS_REQUIREMENT
6645f018-5b7b-58e4-8bab-91bb0dbfc1da,097fbcec-9db1-56c8-8d50-bcc5cbbc0613,HAS_REQUIREMENT
e0602323-f7b9-5b53-8308-28ad3b80f3f7,30baf114-bb82-56e5-868f-df69168725ef,HAS_REQUIREMENT
e031d787-7403-5493-8ffb-2b6e7926fd61,5c68102a-e455-53dd-8c44-21b020c1dcd4,HAS_REQUIREMENT
d021240d-fe53-54ba-81ca-45598dc24109,4e771ead-b925-57c5-9f20-b3a018bb2772,HAS_REQUIREMENT
f3c1c9ea-06cf-5253-9b1d-9189e9a6e025,d6272af0-69c1-5eea-9fbf-794b01793929,HAS_REQUIREMENT
30e7d05b-b365-5816-a9a8-9a206dfa7c0a,af38a955-0043-53d6-80ff-04703b493395,HAS_REQUIREMENT
db1430ed-ae89-5476-8c4d-698cd1f4047f,5c29dc37-3248-5ccd-8ef6-7f98b2cba016,HAS_REQUIREMENT
49c61f8b-31e7-5503-a0d1-111c878ffaf0,fec80e1a-76d8-5045-981a-e6321fe0afd4,HAS_REQUIREMENT
432af9fb-d5d1-57d5-afdb-889e33b3ab82,3d9470f7-0f22-5e6b-8a01-3ab7a308eb1b,HAS_REQUIREMENT
1cc68ff5-6543-54e5-92f1-9504acac2b39,52da777e-fc7e-5614-944a-2540654825b1,HAS_REQUIREMENT
d361822d-adbb-5232-84b9-8d2c593830ac,527b37c6-ab79-5538-8acf-36d562b73c0a,HAS_REQUIREMENT
42a2134e-2216-551f-9ddb-46d7e1bdc9c2,4d716cf0-ae9c-5057-895d-618713645a61,HAS_REQUIREMENT
7bd25754-b78d-5698-b6f5-08d9366a3d94,51ddbe26-9b43-54ea-ab4e-39bb69e85d7f,HAS_REQUIREMENT
461f6b16-b105-5778-a61e-1fc3a2233bdf,ffc2b8f7-2e4b-5c03-bb24-12b1d1d01a19,HAS_REQUIREMENT
ee931978-9167-5fe3-a90d-ad6c1591b7cb,82849298-d9f3-5bac-b15c-13002bc808fc,HAS_REQUIREMENT
da73022a-cfdb-5848-bb86-59a7fd8a5e16,c17bb0cb-c50a-59a0-8f5d-fe436567dfaf,HAS_REQUIREMENT
1c820936-d365-5e19-8a97-6ee8245c6154,6dc47c11-2c2f-5b85-b890-5ec4d8c122ad,HAS_REQUIREMENT
c81adc8b-d293-57f8-8473-58ea08eeb0e0,d3f71049-ac19-5642-9ceb-ac4ac607353a,HAS_REQUIREMENT
ffb17927-7da4-5bfc-b33d-6c3edcbfcfbd,23e24b49-df88-5f36-9611-8356a2f858a3,HAS_REQUIREMENT
af27d829-e80f-532d-bab5-d1e6195cc0e5,99c86d83-2488-580d-bce9-19371afdce4c,HAS_REQUIREMENT
9bc20b3d-cd77-5c09-8a42-2c2127edca1a,28a51d3c-90a6-5e3c-9757-823c06208c14,HAS_REQUIREMENT
9b6968d6-cbcd-5de7-ba20-d85300005df2,232d3a19-563c-5209-91f6-4291ae3be688,HAS_REQUIREMENT
14eeb379-451d-58db-a69d-ce0635334da9,58780936-d3a3-50dc-b506-9bdd75597b58,HAS_REQUIREMENT
e339ef43-ea5c-57b3-bf7f-1b60c308d449,695bbbb9-c599-5923-baee-221dd84705a2,HAS_REQUIREMENT
88068103-cb81-530d-b6f2-927e1f21c0c8,37df03f6-643a-58ba-937b-49483c5d5f71,HAS_REQUIREMENT
7e6f1195-0e45-5698-825d-6e5540d65bd1,63b847fe-1e6a-566d-bb7d-2cd3f29c6175,HAS_REQUIREMENT
60449e5f-1816-52a0-b574-74e3ac6ff58e,a3c4f692-06cf-5de3-b643-9fd75ecce534,HAS_REQUIREMENT
14e48ccb-8220-5210-ace3-c46727e92fe2,89b12fc9-fbf6-523e-8190-908e2e1f9900,HAS_REQUIREMENT
9da38aba-5567-51f3-b2bb-12fd98b1e3a1,e057cca3-1662-53f1-a764-0ec79e8a92dc,HAS_REQUIREMENT
f6eb762e-d563-5f61-a635-e8e57ef621d3,228764f9-e0a2-5fda-bc26-7676a8c16824,HAS_REQUIREMENT
3d98d5bb-a184-5cf3-9d77-b29174beb984,772e0fdc-924a-555c-871f-9979e1095d11,HAS_REQUIREMENT
fbcf20de-6fd3-5877-a6e4-22e9523f5127,c1aea1d3-f60f-5e74-a443-aaffba2476bc,HAS_REQUIREMENT
2ab668e4-4e88-5950-a574-bca3663188de,52838420-f51a-55e4-8494-c28a5f21ff9a,HAS_REQUIREMENT
062b1afa-d42b-5ba3-88be-23ff8b7c8cb8,219244e1-4970-5e51-9d39-832f2f4fbaad,HAS_REQUIREMENT
ee7c1956-600d-5328-9db8-ef433994cea3,41c39d4b-9e3f-5ef0-902d-1553189d1594,HAS_REQUIREMENT
cce21d05-1b08-5fea-b061-4c27974ee459,ff657a67-38b8-595f-b376-0008a533bad9,HAS_REQUIREMENT
8709bb66-1428-5db3-a925-267454bf5590,8500cd99-56b1-529a-8691-a98a3cb930e0,HAS_REQUIREMENT
b1106ee4-333c-5033-9636-96afbb5c8f72,555f32e6-1ead-59f6-a82a-21f76beb7d14,HAS_REQUIREMENT
3adf7dcc-976e-5971-81a1-5a8530cb9676,0d75f3b1-fe9d-5edd-9233-eaa9b64690bf,HAS_REQUIREMENT
6cc3ff53-834e-5af0-b531-91f671d9788c,c04403a4-91a6-5470-a542-4af6809cb08d,HAS_REQUIREMENT
1e1720f3-4d70-594a-a714-e95773238ba9,1e315129-fee9-55d3-83d7-a7b5ce5f93c8,HAS_REQUIREMENT
0ca1c74e-83f8-5151-8c18-7c4323a7b2db,05b65f78-1172-560e-85cf-fb5366a469aa,HAS_REQUIREMENT
99237be8-7772-54ce-b80a-31ffeca3039c,f13ff6ff-13b7-5011-8add-b9c4d86d7178,HAS_REQUIREMENT
b3d93d20-b5ad-5712-88f2-abef94f089e6,53dbb3ed-13d9-53b4-80b9-fe66e3ae99d4,HAS_REQUIREMENT
ed5178b1-46da-5856-98cc-6fd3d722f3e1,7c5de646-6baa-5163-874c-c6504cbce755,HAS_REQUIREMENT
c8e1deba-b126-57fb-bfde-40e8a0c7850e,5281c0af-fd02-5106-8879-4862a27b1824,HAS_REQUIREMENT
2791df4b-cc62-5035-b3bf-9e0712d78375,ef8b98de-a48d-59c8-98d3-f1baba9e621a,HAS_REQUIREMENT
18c95de9-a01a-58f9-9e6f-6d73ce208d1a,7b2833ce-0d0a-536f-84b2-b5701f0df78b,HAS_REQUIREMENT
d45726e6-2ac2-5e1f-9271-03a3a574a250,71b8c1e4-e71d-578d-8cf7-c4c468e07a68,HAS_REQUIREMENT
8d98dc1e-31d3-53aa-b883-b26621782de8,4b17e098-dadb-5364-a36d-0f0c95415ea9,HAS_REQUIREMENT
1f13226a-aab9-52e1-a55d-fe13376145df,082d2ea4-8e06-5c15-9cd5-6c18dde8b270,HAS_REQUIREMENT
ef6e3562-efdf-5ac1-a1b7-c4d560905442,7e01d982-607a-5e22-98e1-2fe7512c8fef,HAS_REQUIREMENT
85ceca3c-a9b3-5b1a-b1c4-898d7dd3e4de,518abff1-e228-5f8b-9455-596d1f9eb846,HAS_REQUIREMENT
3f8b552d-78c6-5700-a190-aee1ef882e5a,8ffa9c6a-3e4a-57b4-91cc-ecef77000e7b,HAS_REQUIREMENT
19b9534b-bb63-5d3e-990f-1626cdfae0cc,f795620b-c169-52d8-9f95-88a87fc49517,HAS_REQUIREMENT
622b7307-447f-5fce-a475-f8955148503f,66b9a812-a285-5c5f-b2fd-e57a8c5fd156,HAS_REQUIREMENT
e6c3e4b9-7c59-5b0a-a18e-f8a90a9c339b,26d20eb4-d8e4-52a0-be31-22dae8f2bc12,HAS_REQUIREMENT
e0d6e67d-6880-598e-9dba-37a32061d902,8d5a2132-5be1-5035-bf4a-68566b4a707c,HAS_REQUIREMENT
150af11e-6b02-5ca5-aed6-dbc3c55ae705,2329dfbb-6e8d-5436-bbcd-626048c5fd32,HAS_REQUIREMENT
7cdc2fdf-88a5-51be-bfa0-79ca737d2ea3,e4e0cf9a-f6f2-5800-97e9-aefe10c58f6f,HAS_REQUIREMENT
e34cc156-b847-5248-971a-86db80c3bd0e,7324d914-8fe1-55d5-a453-5e2c8db14a0b,HAS_REQUIREMENT
9fca354d-e65c-5648-9b9f-c39814458595,ccfd6ff9-bf15-570d-8c50-64617254a697,HAS_REQUIREMENT
e6ca24d6-b648-5ca0-9745-a16db3d59dcf,1fc6f118-8732-5460-b9df-9603013813a2,HAS_REQUIREMENT
1fd0d436-fea0-580d-99d2-cc7842487e9c,a54e6d83-8958-5428-8602-89db42fb665d,HAS_REQUIREMENT
448aab87-3dec-537c-9dd1-c7a56b6b5715,99c85355-ecfb-5d13-8891-adf600cb9c0c,HAS_REQUIREMENT
2aa9c88c-3492-55b0-98f9-21ddcb9449ac,399057ae-68f0-5f84-bac8-e6b479356b1a,HAS_REQUIREMENT
0d7c2b16-e17a-5b73-949f-11cc077da6cd,adad076b-b92d-5d21-9737-c518a162e651,HAS_REQUIREMENT
39310b4f-44fe-5dc9-82a2-e83d1d3b749b,05d67945-3343-5d99-aa9d-0df0eb141bc8,HAS_REQUIREMENT
2728c24c-1a61-5baf-a715-b266c97131fc,0f1052c9-9c2a-5a87-861f-9db0e0169433,HAS_REQUIREMENT
b6f334f2-b2c2-57cf-ac7a-ec24632e0520,451a7abf-0e17-5ceb-ba06-539e67cca2a9,HAS_REQUIREMENT
29ea7cd8-54f3-5ca7-af57-3766825bab21,1d95986b-7d9b-5b64-a99c-1ce834c44df9,HAS_REQUIREMENT
d704232c-9a0d-5050-80ee-a84151160770,06f5d72b-f788-5a85-bed8-4e55e8c9f50e,HAS_REQUIREMENT
694ddae8-c3ed-578f-9605-21bb5b440486,b1f5061a-4730-5a22-bd8d-eb6f9ca79302,HAS_REQUIREMENT
2bdb7c2b-a77a-548a-9201-c2299b867159,4ba7bebf-7f84-5456-bc38-bd4a241dd121,HAS_REQUIREMENT
3a1aacc3-1240-54a2-86f8-8ea0f59d4052,d9c23e3d-1f86-5229-accf-dd7efb43a293,HAS_REQUIREMENT
47908406-5c72-54df-98e8-3001a0abacba,1a58ed9f-56ce-558c-9c0e-43247c5b342a,HAS_REQUIREMENT
1874667d-b5a4-5353-ad47-a8111e869bbe,3a2f3347-0204-5493-9c26-5b84ec73a287,HAS_REQUIREMENT
e941b57e-4cb1-5ec9-b13e-6908863ee218,573ce2f8-7fa0-542e-b39e-75e985778254,HAS_REQUIREMENT
0895e15b-656c-5b30-8b53-70ef978347c7,19da066d-0863-5ed8-a615-b9d8048b68b1,HAS_REQUIREMENT
291188d6-49f2-559f-aac4-5f315b224842,67938608-9509-50ef-90f6-fa7cb478dc9b,HAS_REQUIREMENT
5116e6cb-19bb-51ce-83d2-79b28fc1f169,56957d95-6f26-5d7a-bbf5-5967a09599ee,HAS_REQUIREMENT
b3ef7147-c0be-5ef2-8cd1-3ba680db2c8d,32e9a4ce-b4b6-5d26-be9a-14680fca341a,HAS_REQUIREMENT
d896980a-30db-5d47-a8e2-47a87e9ecdf0,ee91a040-cebd-5278-9631-7fd6fa76e634,HAS_REQUIREMENT
9a0bb0f1-b7ea-5369-bacc-d8da88ff222a,9c3ef3d2-6251-5fb2-b126-7c48703b9000,HAS_REQUIREMENT
60f507c5-349a-566c-8fd5-b0724076e971,b5b115aa-01a4-57c9-8227-4432d6971bdd,HAS_REQUIREMENT
a25cd9f2-f9cc-5647-b7b8-1338cfedacab,957f00c5-eb85-5e14-83af-7ba2119679be,HAS_REQUIREMENT
c7fa4332-d8f9-5c7f-965f-0db965895463,44da9aca-d472-5b52-ba8a-43ac8c883d42,HAS_REQUIREMENT
e23f28e3-111a-5a64-bbbc-fdb7a5e926db,554b471f-b8d7-537c-9525-e84308ec7f45,HAS_REQUIREMENT
b61aee4b-c813-5c41-a777-163f7cb1f600,9b98ef06-7963-56db-ba47-80e42130d7c8,HAS_REQUIREMENT
ef659ba2-5b0c-5fd2-a875-df7905924437,d6a55257-a159-574b-8246-16965e437fc6,HAS_REQUIREMENT
daea89a7-8cee-5ea0-b078-f69a3e5d2acd,377d37f4-5a34-5c89-a13d-8cc6fc932ce1,HAS_REQUIREMENT
70a2d8d4-1de9-5649-be22-4a9b72beac22,7d56ee73-9f56-53c0-8ff4-bdb5a76637a6,HAS_REQUIREMENT
8f2f6a7a-8c4f-500f-9edc-4e0372650373,91081ef4-7261-5187-81a8-15f3eddcd1dd,HAS_REQUIREMENT
25ca063c-7d1a-54ef-a663-7393ec7402fc,358bd331-8de2-5572-b8f1-f729d96fe885,HAS_REQUIREMENT
46a11c02-f791-589c-94ff-73bec5c410c5,64b8a9e4-4fc0-5e80-a05b-1c70f98b3e3e,HAS_REQUIREMENT
9e618ad0-e8ed-5e46-8567-1b307174f08c,ffd3887f-93cd-5bbf-80bf-02419d195f4a,HAS_REQUIREMENT
67696b01-d7da-5456-b42e-30757a1594e0,a1cc45ff-11b3-50f0-9f3d-6a3ce967fa67,HAS_REQUIREMENT
f7c3b6cf-533a-5c8b-9c0f-a6920b11672c,7f09894c-82a7-56ba-9e17-c68f7b93772b,HAS_REQUIREMENT
948ebb6a-3ee5-52e8-b4c3-0b76a3f2fb03,b027a827-485e-5081-91ae-91e2e5628d58,HAS_REQUIREMENT
704a7959-b167-52fa-a689-cf40b996a53a,81f7cdc4-5c23-5422-aac3-929e713f8822,HAS_REQUIREMENT
41cf5f79-beee-51d4-9e43-72a0245d207e,4d78b343-178f-505c-accb-92c648e267c3,HAS_REQUIREMENT
7c6d33eb-c0cd-52d5-ad18-2373d9c45d2d,2cc03993-d968-5391-8522-61c8937e3a41,HAS_REQUIREMENT
76b454fb-e5db-5ac6-a86b-7e21f8820840,cc8d9df0-e9ea-5299-9565-276b42ab2550,HAS_REQUIREMENT
3f2cf91f-603a-5502-a554-640354390fd6,71e97bdd-6892-56df-9d42-77dcd86c0863,HAS_REQUIREMENT
587970c9-3838-50dd-84e4-30aaab282a94,93823985-367c-5842-9db0-3d408dbe18be,HAS_REQUIREMENT
5c9b6a73-d729-56cb-b900-5958e79d59cd,f82f3188-1c66-5d1d-836b-703c21f45ab8,HAS_REQUIREMENT
81cb59f5-422f-5bcb-8b40-bf95046ee53c,bdc00ef2-703f-5946-96b3-56dac1ed2d3a,HAS_REQUIREMENT
5f605c60-02ae-5eef-b4ea-3ed5e3908598,ceebaf1d-a5ae-53aa-b558-01349acc49bf,HAS_REQUIREMENT
e5143048-62cc-5457-884f-743a500dca3d,3cec4e57-b1c8-5514-8e13-a3cbcd175539,HAS_REQUIREMENT
c8164974-c2c3-5878-8737-733100ba0fd8,ad8d9814-2384-5d22-b094-6d72316d9e40,HAS_REQUIREMENT
b8ba08f8-628b-5b81-b60d-21e0d62f1c5f,fd4ce266-56b2-56f8-a65e-bab02963fd17,HAS_REQUIREMENT
717b4afe-3f71-508e-a294-d654e40ecc31,a05d04b9-c46c-53f9-a5e8-8bf1e4adeec8,HAS_REQUIREMENT
5340e7a7-7228-5b7f-b258-cb4d8fa57881,4c3a4da4-5097-5fd2-bd57-06c38e0e3450,HAS_REQUIREMENT
135cfc0f-48e7-57f1-b3bd-df0151f9e307,35455a0e-3bf4-54e8-9f01-b8537c560c3e,HAS_REQUIREMENT
b1bffbf7-dd96-57f4-a75e-4ae350b98c27,3e071827-6693-5d26-a1d0-7b8a234e7176,HAS_REQUIREMENT
bb65ea55-bdd9-5c56-b867-7796d076812c,b2a08748-29f2-5538-b9bd-272369cce1e0,HAS_REQUIREMENT
e3d18a9b-a1e5-5d1c-bf8c-447abf02152b,2364ec16-d7c9-57fa-9942-c684c4346a8c,HAS_REQUIREMENT
cdfc3b6e-038f-517b-977e-e993ffe3cfb1,90b33067-7893-5d70-8226-eb5fbff01e9a,HAS_REQUIREMENT
65c20168-ca93-5d23-88b9-8af58b45e997,49c02d23-d470-519f-9aea-5579a65588db,HAS_REQUIREMENT
dd4571f4-9609-5e32-ade7-c3cca894cc61,7a99a417-d7f8-53c5-b366-b7678f157542,HAS_REQUIREMENT
607a0ded-a91d-513d-a557-8bd0d8d7ff6c,cc273ecf-caf1-557e-8f7c-5374efd11cb5,HAS_REQUIREMENT
9a38b8cf-fda6-5d99-b0bb-460f0d0f4ef3,43838659-c46e-551a-8ab4-29005bc7ed83,HAS_REQUIREMENT
12695386-9125-5b37-828a-6f00384c4fe8,d0c1731c-fd81-5152-82c8-384d3d176650,HAS_REQUIREMENT
a05c2ea8-30f3-51e9-a7f9-33ebd121de91,e7dd2365-594e-5ed2-a086-dd75bd134180,HAS_REQUIREMENT
30180465-0549-580b-ae45-39bad2bfb2cc,31a9cf9a-4271-5808-aa71-32e7cd62f93f,HAS_REQUIREMENT
fda75454-247c-5fb5-9bea-f5770a0e02c8,cf42eb45-a8bb-596b-8485-82d07622729b,HAS_REQUIREMENT
630e3ee7-3cc4-55a7-a09c-99d1653334f7,49efe706-e287-5cfb-ae70-0016d4a3c716,HAS_REQUIREMENT
c946eeec-c59d-5c12-a8eb-e7568a753c38,94148b05-10f3-5864-bb56-3969831fe88f,HAS_REQUIREMENT
70b1313c-07ea-52ee-b1d8-3f4c2fd034f6,9da06e49-955a-5c2c-9a01-5b7c922fef0e,HAS_REQUIREMENT
89a12095-4fb7-54e5-8f55-c330e493d865,6502dafc-03cd-5651-a58a-d9f5cdcf157b,HAS_REQUIREMENT
09bf03a8-a6ca-5196-87dc-80e8aa2b2f40,b0c41889-8d26-51bd-83c1-02bd23f69dea,HAS_REQUIREMENT
7b25ea20-efb3-5a2f-8cc8-602874c50ceb,820a7f60-6ec0-5f25-897e-127677a62686,HAS_REQUIREMENT
740eb8ea-bdfb-5352-9825-e3b26abf0041,492eb9d6-9663-5c0d-8f56-590d2f290c46,HAS_REQUIREMENT
311b3c2b-766f-51b1-bef5-2c3a1134a953,9697a77a-b05c-5b58-bb58-cdcc1aa45558,HAS_REQUIREMENT
1a566154-2fa3-50f4-8ff7-525bf0f2093d,5be25db9-3a46-517c-a441-ce5e78c505e5,HAS_REQUIREMENT
09e95d70-4b12-55e0-a526-4aecec2c0d53,ba38710c-3f72-51b8-944d-ac896d9a798a,HAS_REQUIREMENT
c8a901ea-2b31-5c85-9ab1-bbf7d085f902,669780ca-a3a9-576a-b36d-de0773529952,HAS_REQUIREMENT
3200cf62-8d4c-571b-b409-57eab01e4705,a4ed8dc9-6dee-5899-bab1-0296e0ba6889,HAS_REQUIREMENT
991465d2-0fca-5455-89bf-f96700fa864f,adedcda0-2687-555f-9c75-dc17d5fbf441,HAS_REQUIREMENT
27826c89-00c6-5a4d-b67d-2aabcca8521c,cd208e50-64cc-509c-87ab-0bbbfc04e42c,HAS_REQUIREMENT
3b3640ce-bcab-59fb-86be-3c76c96970d5,e9fa13d3-8dca-51b8-94a0-16c381f718ba,HAS_REQUIREMENT
28e3254c-eddd-537f-8b67-eb4afe7c8c09,0608c68b-292a-5b31-82ed-278be6510296,HAS_REQUIREMENT
3359f2dd-a810-5a40-9fcb-8ddcaa7c5261,884f6120-e48d-5f8e-955c-e4983f3cef76,HAS_REQUIREMENT
eaf82fc6-4e9c-573c-892f-8e2f835b64b1,71f5b9d5-8bab-524e-88bc-de98a1c277bb,HAS_REQUIREMENT
148b977f-83ae-5b1a-8b4f-3cbe7f02094a,f1304fbc-04c3-5334-9f99-5ed74b837e60,HAS_REQUIREMENT
b60958d9-7546-54ec-8fed-fd57c2f62580,77066dff-56db-5cf4-b0bc-c358c2946c87,HAS_REQUIREMENT
9b8ea242-429a-5944-b381-0618c5aa9776,8976ef7e-57ea-5a8f-a455-526510a331a2,HAS_REQUIREMENT
2a0acb9d-c6b4-5d7f-9762-fc89e7a0e7b7,3626e35a-d800-520a-828f-376843b45527,HAS_REQUIREMENT
d50b6a2f-73a7-5c9b-bc83-5be1f6a4c3cb,9fa2b014-fec6-5562-95bc-754db1dd9ae7,HAS_REQUIREMENT
cc70b167-19c9-56e6-a781-dc89db217616,cab7566e-2d8b-5f7e-9cc2-ff7bc76c3e69,HAS_REQUIREMENT
81b8584c-98fd-5f3c-b52d-0a76fcaf49de,ed7fca12-ecab-505e-873a-24dfb18f9654,HAS_REQUIREMENT
f7b6c60d-bea2-5af8-8506-300bb4dd1294,dab16db5-b66b-503c-ae54-5513574dc88a,HAS_REQUIREMENT
cec2ef3e-ed7c-55fc-856c-a0214ae9bd73,641e701c-80c9-5bd9-872a-27579a75ab15,HAS_REQUIREMENT
6425a51a-fd55-58bb-8f80-13f1a853cc4b,6abd16c3-34ed-5d06-8575-5729873ea2ea,HAS_REQUIREMENT
d245455e-de89-522f-9e13-e883b2233447,f36468a4-5bc2-5059-84bf-c9932a82cc71,HAS_REQUIREMENT
4168a764-d4e3-5024-bcdb-a9de93e8d51a,cee49fa1-3d3b-5a1b-94aa-65edb92f6d92,HAS_REQUIREMENT
29d2e62c-2f54-5f94-bc4d-5d9d852a5eaf,c8073bc3-74a9-5cb1-a197-c7cdeb3f7128,HAS_REQUIREMENT
da7453cd-ee6b-5fc9-bc9e-eb2c064cabcd,1a4237ed-2c88-54f1-8a0f-43a64c66a913,HAS_REQUIREMENT
2a21f2ac-2f94-55cc-aed5-5a18cc8a92ed,2bebcc86-1c2f-5865-b188-e939accda728,HAS_REQUIREMENT
ee73d4c4-ff53-59de-b3b2-7cf0e6aac78d,cd5992c4-f309-5274-9b85-bbbbaa30864c,HAS_REQUIREMENT
cb2b21a9-e19d-55ed-a346-967e5cf537bf,f728617e-c427-5bbd-aad0-a312c9283a85,HAS_REQUIREMENT
7177f7f8-096a-55ef-b6b0-db587ea9ab0a,b2dab3fc-d70d-5b47-8adc-aef6878407b7,HAS_REQUIREMENT
4bdecc0a-394c-5ea3-8450-deed1ac088da,01781fad-a72c-5899-adab-9ea22144bfcf,HAS_REQUIREMENT
7a2c2beb-6bc9-55b6-ba07-31e0e0538cd2,37e54db6-f78b-5813-b204-1d568e1f804a,HAS_REQUIREMENT
17333909-162d-58f2-a77d-e055abbca530,49c88488-6db9-5a47-a5b0-70d119f31132,HAS_REQUIREMENT
c8b81b44-5515-5da4-a4a9-a31a72fe1fa4,89c0a7ea-15de-5595-aabe-773f49197fcb,HAS_REQUIREMENT
b83afa82-cac9-5508-a2df-dea8f221d80b,7998dce1-d863-5d05-a2a1-a47f7e30a852,HAS_REQUIREMENT
122b20c1-a899-56b4-8e93-89bbaba61b55,1cbe3442-50e3-5dd9-b6b2-8383b24896dd,HAS_REQUIREMENT
c70a6fd9-8be3-5926-9a9e-1599622059f6,aabff4c1-7374-59e3-ab3e-5fe6eed6f672,HAS_REQUIREMENT
2b45d9b9-ffe5-55e3-8a6e-ede1669c5908,d69d1245-f022-555f-9d54-2992b518b0ff,HAS_REQUIREMENT
a7595ab4-5166-5f1f-9b45-908b4bcc8a40,797dcbbe-d218-5c84-898e-5c7b4aeaa822,HAS_REQUIREMENT
367f692d-7b32-5f13-b73f-8e8c82ec4294,7f9afc00-9da0-5b91-b9a6-ea9940e5cda9,HAS_REQUIREMENT
e70ef5ea-0c3f-542c-b189-1c402774d9f1,d562f116-c952-5fa8-87e5-9abc373b2072,HAS_REQUIREMENT
ab984afa-42eb-57b9-93ce-a77b8804c8bf,693cf807-7701-540d-bfa2-6125e08f50b2,HAS_REQUIREMENT
f4c3fdc7-a61f-5219-9d70-83372e2ced6b,147bebe3-f386-5035-8c1b-c055fa38e706,HAS_REQUIREMENT
5104d189-746c-51f7-9eb6-17b5fcc01842,93669071-aa66-5900-958e-0616e4f1d67b,HAS_REQUIREMENT
9001230e-68da-53eb-a1b6-ac99ccdaaf77,62cddbc2-8fa7-559d-a01c-7d29e0f86c74,HAS_REQUIREMENT
5b05e732-47f2-527d-a1ef-cddfb63d21c4,a9e5ce33-b4ec-5a14-a32b-a024390cca1f,HAS_REQUIREMENT
a0832bb4-692f-5048-87e0-1dd8189a34d3,eccfb144-fd02-5977-bfcc-b2028b34c105,HAS_REQUIREMENT
936006b3-5d47-5a69-8efb-93fda05f2fab,c9a9bf5c-9d94-538f-89ab-f76c97fa5cf8,HAS_REQUIREMENT
1ef9d173-76f0-5d1b-a03a-954cad6c6dd7,e2e10beb-65f3-5d09-a068-8ea6669ea3de,HAS_REQUIREMENT
8c1a8270-17a4-513d-a84f-b738203d5769,50221f78-ae82-5190-a59a-3f5b6af1abc9,HAS_REQUIREMENT
d8868471-d574-5735-adeb-1a5dcaafe430,f2e1ed9c-7d3c-5e23-bd31-5e11736268a3,HAS_REQUIREMENT
3a3c23e7-c7b9-503e-9542-5af3e876e130,6e64bc83-cd64-57b4-8204-008bb30791ad,HAS_REQUIREMENT
d5055ba7-ee5f-55c6-8011-87f82e0a91a8,92c3c1f8-67cd-5bb6-9eed-6255dc9a75d5,HAS_REQUIREMENT
05c1a203-4a7a-5841-8533-e842c8575f64,24dc6774-dba7-5f1b-8694-63dd7429ede2,HAS_REQUIREMENT
e11fea49-dbf2-5506-90d5-18c9d3df1f6d,5e33aff0-00a8-500c-8ed6-3c851c410f81,HAS_REQUIREMENT
1477ef5f-df46-5e2a-86af-9659d5e493cb,f4197206-84a2-5820-8a97-6ecf56e50367,HAS_REQUIREMENT
cd5b9275-ab70-5359-88ae-1ae49594c967,f6fda9e6-2164-51c5-864e-376381d991a1,HAS_REQUIREMENT
b50557ba-3624-5bf5-a319-8d80a6ce0728,f6ed8da7-9866-581a-b5c3-778a92bd5fe6,HAS_REQUIREMENT
825b8608-6d66-5599-a137-a071c8a6aca2,d8520f47-ae56-5fba-a895-f6bc1a4fce04,HAS_REQUIREMENT
a417dfce-98fd-5069-9c9c-50f199e9bc89,782b0137-3db8-5da0-bdea-e949efe2c705,HAS_REQUIREMENT
47729bf6-d638-5454-8203-531473535138,c472b96f-1f87-5b73-b757-1456f84257b4,HAS_REQUIREMENT
36ae89b6-9a8e-5b95-9b0f-4af52fce7e67,93d83efb-567f-5223-8b92-2834f9e0ce88,HAS_REQUIREMENT
23cee54d-d7fb-54f7-a482-d2a42d97477e,96a1431c-6c82-52ee-b58a-05ca24cac015,HAS_REQUIREMENT
2b3fa60e-f2fa-57da-9375-f3069db0208d,de7e5105-ef06-57fe-ad80-d99d87f09983,HAS_REQUIREMENT
98d07491-322b-53c1-908b-6afd365961f4,e8e0772e-89eb-5ec0-9b61-66bbfdc1fb8b,HAS_REQUIREMENT
31142878-365e-5252-893c-82c78a7d7a05,a28e8452-b3e4-5134-91cb-eb3a5a6b640e,HAS_REQUIREMENT
aacc8dc5-dd9d-571d-9aa9-c63739ee89a9,a4a087b6-bbcc-59fa-8527-2720549e1ee4,HAS_REQUIREMENT
6cae3a3b-c8e5-536a-923f-bcdda89293a5,f533cf96-bf57-53ee-8833-0fa0e0592956,HAS_REQUIREMENT
279fd72c-042a-586e-baa6-54f094d29179,10c92fb4-b562-567d-9afa-fa5f7cddf0d3,HAS_REQUIREMENT
4984f9a7-96b4-504e-a371-08dfa02df968,6364e7d5-cfad-5494-8abd-7c204ffd960b,HAS_REQUIREMENT
9b65897a-7bfc-5ca4-95eb-e84b6b71439c,f291b223-9c1a-5d77-a8ee-d9cdb57fc291,HAS_REQUIREMENT
e8260ae0-0294-542d-b666-bbfa9741e1b6,2db28e41-80de-53d3-b44b-cd4526e6c30d,HAS_REQUIREMENT
63133405-45b2-5b44-ac63-75927df06dbe,b59822a7-7d83-510b-8c26-64f4f1a83104,HAS_REQUIREMENT
7e711ac7-b6e2-5ae6-84ba-21b3cdd9ac81,bfd178c7-dee3-5c23-a496-4dd0e5106b7a,HAS_REQUIREMENT
c62ca96f-a09d-5248-8a88-eb5dff44ee18,f6347db9-9c6c-5f33-aa47-90f62fe5f253,HAS_REQUIREMENT
f67196d2-8dcb-5fb8-8b5e-5e6cbd853954,a5fd2c69-2c36-584d-8bc7-84189f3955fa,HAS_REQUIREMENT
623f20b5-ba28-5622-a9ad-ed97b7ad31b5,be89ff1a-414d-5f31-a74f-757cef39d398,HAS_REQUIREMENT
840681ae-d851-5391-a22a-f6729f4ebff5,ad03837c-7dc5-5855-8402-530ae99c74e2,HAS_REQUIREMENT
44c77598-9fc1-5696-96ba-e0701b8c168d,13578553-bac4-5874-8842-0c594c426704,HAS_REQUIREMENT
f1d81502-ad16-5b31-bb6b-be699e5921be,74f02f63-383e-500c-9163-d5676c2914bc,HAS_REQUIREMENT
df20535b-2424-5908-96ea-2947687ac664,c516182a-4f10-5129-82a9-4d584eac188f,HAS_REQUIREMENT
e16c18b1-ae1e-5818-a1fa-265a2956da9d,abe2e590-9320-56ac-8cef-3e12f4e6457e,HAS_REQUIREMENT
2fb6c287-d26f-553f-9ec8-aa982b94eaa1,167beb39-9a02-5794-9bfa-890aafd01a97,HAS_REQUIREMENT
8f19883d-2413-55d8-b1e6-13322cc9caf5,a947e44b-4218-558d-9a0f-0b7a02d228a8,HAS_REQUIREMENT
ab290e24-ade5-55bb-8ee2-c270dc88a998,87d899fb-c255-51cf-b454-b1ceff7cd772,HAS_REQUIREMENT
68521e8b-6745-5c52-bc87-5d60f074113e,20b44cd8-9a4d-5de1-9729-165aa280d410,HAS_REQUIREMENT
ce263b2b-a468-583c-97ba-c1c2703aa9ed,e3eea41b-3bce-55f9-912d-f2041ab695aa,HAS_REQUIREMENT
a6ecd115-d769-5596-ba51-c16a2fe943bb,9f107911-542e-5aa7-9b32-38aeeaaed107,HAS_REQUIREMENT
2dbec214-2c15-5a60-879d-130cf7a5bb51,4b2e9ddd-1653-5880-ac73-08cda317182f,HAS_REQUIREMENT
1d8890bd-d28c-5b09-8b51-adc4291f2a90,af1abc0e-199c-558d-b4e9-b36150a0b349,HAS_REQUIREMENT
7da69886-b99b-5929-b36f-1320a7292f99,5f1bda36-2dad-5f75-8a23-2b210c1fded1,HAS_REQUIREMENT
9506b447-d25f-57f7-a7d6-5713a932c1ab,aecb13a7-5727-51df-ac03-c3fc382fcae8,HAS_REQUIREMENT
0c9d06c9-dce7-5dd8-aa42-a223ac3aa563,7be59b86-0961-5eb3-83f9-08fbe2f43bbc,HAS_REQUIREMENT
da7c602e-f8f5-5e79-818e-736227dcd5d8,ff2e8418-ad5f-5cf5-ba99-57b1195203b8,HAS_REQUIREMENT
9f41ac46-af59-546d-95e5-f1a67f6f8dc9,c34d62ae-3afe-5dc4-b847-3557e74a9118,HAS_REQUIREMENT
1f4db82f-eaed-58ab-8d05-a095c26f524a,9abee9b4-605d-575f-9439-c3547313e9ea,HAS_REQUIREMENT
1e29ed48-d784-59b7-aa9d-2b5c0c40b70b,56bb42fb-8581-5fd4-af6b-5dcbb2db9832,HAS_REQUIREMENT
c8e74454-7d85-564a-be37-b3afbafa7d94,b1c654d6-fefd-5fed-96e7-e23cf90836b9,HAS_REQUIREMENT
41d3f713-ab44-5dd0-b3cc-ebfb37783cae,dc046079-c6de-58bd-8e04-6aca9a392a89,HAS_REQUIREMENT
a0e61f1b-7ba8-5d43-aa96-6a722b0ade79,635ba5ab-1205-5482-adb6-4c570cf0a517,HAS_REQUIREMENT
f3f7667a-b40c-50f3-87a6-68a56367e091,da60230f-028a-57f5-aecd-20545edaa6d4,HAS_REQUIREMENT
f5802f82-5ff9-5456-9731-064b58d375c6,f9826d90-5be5-5611-b382-56fb4534eb88,HAS_REQUIREMENT
43f69635-8765-5a7e-9f69-fac1ec518974,722979f0-151e-5190-9b9c-1a19ca3b72ff,HAS_REQUIREMENT
fe6ce57b-3ef7-5563-acf7-51678a12b8a3,4f7f7f12-f56e-5f8b-8b73-2b70db93406b,HAS_REQUIREMENT
5fe2cef5-3dbd-5f1a-9d7a-415dad2b074b,032a708f-62f7-59e8-b175-799344705f9d,HAS_REQUIREMENT
af187dab-7ea3-53bb-932b-f8993005a399,25c563b6-6b30-552e-9823-b5ff961a343f,HAS_REQUIREMENT
306edb8c-0b7a-59c2-8fe9-e97dfa07df8c,4b9016da-396c-5923-88ae-8584a77e7607,HAS_REQUIREMENT
37f2709c-b5b8-541a-9434-e3e9a14dbf3d,2b75161e-a3f0-57fb-9187-400a845e657a,HAS_REQUIREMENT
1a7c71fd-23f0-5ab1-acf8-ab2bbf2d1836,128b9b51-d56d-560f-afad-21ea04bbb9e0,HAS_REQUIREMENT
e8bc0a5b-e493-5614-9eae-6ca14af63657,775b46ee-5e9e-5f63-b0db-c6371a2f0c45,HAS_REQUIREMENT
53737243-3d35-5e16-8ec9-2e102d251651,c34813ee-8337-5a62-a361-01dba4127a08,HAS_REQUIREMENT
f6963288-4ec0-54dc-8a4b-621cce51df5d,402b7187-1910-5a1a-8984-f43421b9761a,HAS_REQUIREMENT
17cdf9ca-57d0-52fa-bf9c-1c5aa468ff1c,baf94ac0-7922-5d4b-883a-1aa8dd0aa57d,HAS_REQUIREMENT
15664d0f-ecdb-5217-9415-304126a3846d,6cf2c878-87f1-5b7a-a4af-79c1db17a940,HAS_REQUIREMENT
793dd240-d0ee-5eaf-83ba-da6a81fa15b7,59067aa0-d8c9-5c6a-b634-08b151a69dd0,HAS_REQUIREMENT
ad85d6ee-a4e9-5529-b0bc-f1dc6051713b,111baf58-37a1-5001-8685-e074ba14623e,HAS_REQUIREMENT
b9b56ed2-039d-5688-a40d-bb61c9214e88,49cffd19-dd88-5e4f-81da-07c49233f667,HAS_REQUIREMENT
e3fcea87-e5e2-52e4-8d52-dc8ccf0d7b92,10758fab-17d9-5ee1-8e6d-c91a598e9468,HAS_REQUIREMENT
9ca54633-365d-52b9-b74b-ce9b0af35543,41febe27-22ca-54a8-9d0e-641867c9b8e5,HAS_REQUIREMENT
3b876c99-c6de-5752-a1bf-b46c61799ed0,672bd530-10c1-50c3-aa1f-f54b7d11d50d,HAS_REQUIREMENT
caff1f3d-6118-59c4-bf8b-50edc1618464,ee356b92-1599-5f95-98f9-6cea899109f2,HAS_REQUIREMENT
44232066-4565-55c8-a998-f1460a046fa0,76739feb-f137-5989-8694-a84a79142935,HAS_REQUIREMENT
43981a58-cd9e-5eb6-ab8a-95891c7576ae,59e7dc4e-ec6f-53d8-9d99-11b91c20a3d3,HAS_REQUIREMENT
8d75a398-7954-5b00-b929-3479a61da83d,7e98ac2a-ef07-5565-805d-0acef1595d63,HAS_REQUIREMENT
619b9296-f024-5f0d-95d3-141f96cdc203,710b46c8-2769-53b6-979d-3837339d1f7b,HAS_REQUIREMENT
73b87e0b-f865-5677-a1f5-234fd7504239,65c7dc15-df41-5c79-94f0-c6ef03b70ba5,HAS_REQUIREMENT
70b84552-bc58-57aa-bc57-8ee692c5984f,722a6fda-3735-54df-a386-3b30905dff03,HAS_REQUIREMENT
3dabf9dc-aac8-5612-8671-5c5f7410d6fd,765d177d-994a-5577-9e1d-82bd23d3d122,HAS_REQUIREMENT
17e5ec73-f742-5faa-8849-10e0c1451b50,f8056645-9ba9-5d61-b131-e47bb8f2e8a7,HAS_REQUIREMENT
20c3225a-489f-5a43-922c-67407e5ea668,a7633b82-ccb4-57f3-bb8b-75276fbb898e,HAS_REQUIREMENT
71073147-1fe4-53c8-aa55-ca6b07af2ce3,3e111258-5617-5f60-a384-7c683a36bd9d,HAS_REQUIREMENT
d8368a2f-8f1d-538c-8b36-bc6b69b26ef6,43d85936-ef33-58bf-a71c-7a6bfb394a02,HAS_REQUIREMENT
35279a55-058c-5400-9067-40ea59a3105f,f2665bfc-a199-5b70-a93e-b45fecbc8ace,HAS_REQUIREMENT
3dd0635a-3b08-5412-8179-61393f424032,3e8fade2-5ac9-5fbe-a1e8-27f8bd09b15c,HAS_REQUIREMENT
e53cd37f-8175-5261-9076-1d846167c8ad,f51a6c88-815f-5694-a3ea-e0e78feb1e47,HAS_REQUIREMENT
38ce02a1-37da-52f3-ad30-da89737fc76d,a0078152-c5e6-5885-8da1-c863eb141d5d,HAS_REQUIREMENT
dce3d99b-5f69-5fa8-adea-640da9100add,9b1f5cd6-5bfb-5e2b-be6d-487893928970,HAS_REQUIREMENT
103e575e-f742-5521-93cb-ec40267acaea,33d9a3b7-3eee-5be7-9094-1dd0561a7680,HAS_REQUIREMENT
ca04ec9f-5e28-5317-9bf4-3437e9cd5ece,48f805b7-52b7-54d3-9d1c-07454a530b93,HAS_REQUIREMENT
f1b8e73a-8bb9-5737-8cf0-d2a709bcbb70,3128bfdf-2bb7-5dfe-b679-87b7c9f2dc52,HAS_REQUIREMENT
d6502007-b4b3-51f5-a68c-d33d198f8268,fe3eb384-ca02-551a-9ae0-19d431d86e9d,HAS_REQUIREMENT
35ca339b-795a-5fd7-ad65-83a94f58023e,0306f931-0c27-53ec-b66c-5c40bb396436,HAS_REQUIREMENT
9af05d24-0de4-5b22-9881-f60338582cd8,4cca8348-d6b3-5c4e-b9a1-46b77b50e8e3,HAS_REQUIREMENT
8bd0d988-54a0-5a21-b513-7a08b0793ad6,7f8d3de5-855f-5757-a3b5-7d8e0adbde70,HAS_REQUIREMENT
40c57c01-d45b-5751-b2c0-45000f96fedd,92fe0442-1f3f-5bfa-8a17-ca8ad6e3b370,HAS_REQUIREMENT
2b7d3990-75b3-51dc-b0b9-79965c63c5f2,fe04c1b4-804b-5a23-8da4-5ac233d020ed,HAS_REQUIREMENT
4cd4c41b-f3f3-5749-93df-baf6952c2c19,b1733543-cd42-5fbf-b7ba-0713af4f2e37,HAS_REQUIREMENT
590c5964-504a-5aef-8a22-ef97cb342517,c3fe3d56-0a8b-5743-99d3-541a3eeffd90,HAS_REQUIREMENT
084cdc28-e23c-5ef5-b901-56643aacd7c9,782f5191-aa4e-531f-a2d8-f374e9ef15ac,HAS_REQUIREMENT
3ab1ad15-f838-5f18-8d91-4df29df0125c,6dec105d-4e62-56a0-9b28-fd8a19b46e4f,HAS_REQUIREMENT
1c63201a-331f-54fe-822b-98bd3b160d8a,4fbb9788-f253-5624-9fb6-2355d85684aa,HAS_REQUIREMENT
a8b9ad34-3c21-50d4-b07f-887eb30ccda0,59c21a02-2e8d-5acb-b1f1-7137f3fe9479,HAS_REQUIREMENT
1a3bea74-d915-5a66-ad50-58596bed8999,80eeff34-87b9-54a3-8d51-4079daff3b83,HAS_REQUIREMENT
62772081-f623-577c-bc06-d90504f1b23e,c7e52986-af52-5004-8c40-321e97417842,HAS_REQUIREMENT
c2b38229-3506-5f02-9f8e-cc086a42f8ab,0a4643c8-1b6e-50fd-a8c4-55a309748eb6,HAS_REQUIREMENT
dd514a4e-4ebf-5351-a7e1-b30543610a5e,7b953fb0-4922-5c80-b793-2c11ea128c33,HAS_REQUIREMENT
c30f0d04-8644-5509-bb3d-80b4f7bcdb2b,d801b554-9f11-5747-ae6d-b32e7c5c3c53,HAS_REQUIREMENT
3c58eec5-5eb2-5b62-bf45-0b92b938af19,e5a3a077-a1dd-5e9a-9026-d5fc1c38d68c,HAS_REQUIREMENT
b8bdc706-103c-5fe4-8977-4b456de374d3,bc048150-a3d5-5f6b-8f8d-be044035f14d,HAS_REQUIREMENT
36d1e83e-4ee2-5ee8-82d5-673957cb2562,35bdf262-d90d-539c-ae43-b8912fd0ee92,HAS_REQUIREMENT
3463d99b-ad6f-51c9-ad7c-7d863903c1a3,566fd57f-d44c-5669-a057-72114f86c3ee,HAS_REQUIREMENT
f5c04be9-cb40-525b-8daa-48a5b424e5aa,897351a3-53d4-5bad-b748-3ee937236697,HAS_REQUIREMENT
8f78fe1b-6532-5c07-9f83-47d9f2998ee5,ad42fec9-1f17-553d-b1e4-3669fedc0d7f,HAS_REQUIREMENT
cf0de0fb-2e8f-55ca-a42f-108391493394,9023d5f7-f166-59db-a09d-b99f0cf4cb8c,HAS_REQUIREMENT
d6b9d057-5bd0-58c3-9ad1-097cc13eb8bd,6db19598-a5c4-51b1-b8f8-b3138aa13592,HAS_REQUIREMENT
65ca1818-bada-5efa-8e94-c782143de383,12c2696e-5fc5-52a8-9938-fec9d6361189,HAS_REQUIREMENT
8b760be8-5296-5ef8-9409-a2be00709814,bde2d20b-5655-58c1-9e66-17ede4911b46,HAS_REQUIREMENT
1fcc9e4c-a424-509d-b009-b0f85f81eeaf,679345ca-59e7-571a-8549-f333725d1f0e,HAS_REQUIREMENT
0e52af0f-6d6b-5703-9c57-8c7f765ebce0,b4f5042b-b13b-5173-8574-c96023433c0a,HAS_REQUIREMENT
911aa0ca-3641-5353-a3b0-b3e64c0b619a,ac87382c-19d6-5516-bc94-e2d31302efad,HAS_REQUIREMENT
4672d87c-f655-5e25-98cf-8fd4d5e265b7,af059498-c304-58ce-a1c8-597a1d69a7da,HAS_REQUIREMENT
992ad23e-296b-5c39-b161-b0880bb2b5f0,e0331e90-dcb2-5e33-aeb8-8a36ff856f5c,HAS_REQUIREMENT
b221ee5a-e88d-5f45-a1d8-65b411817420,08af2934-4d92-5c32-8835-3ca2496dd1db,HAS_REQUIREMENT
7e899ddf-3228-5ab3-828d-75f2c9abf536,0c1d3822-f202-5cf6-85a5-a3fa50964d9f,HAS_REQUIREMENT
6bb1c8f8-ca6a-57e8-bd8a-1648c3b00123,9286fb86-58ca-576b-aa0d-22784239257b,HAS_REQUIREMENT
b9d2f55a-4c14-53e1-b97b-403d1cb3f53a,00d4eac4-9176-5769-b879-00715a7cd353,HAS_REQUIREMENT
bbab8220-cb0c-566c-b6fd-8005db6cad67,430c50ce-aa6e-5629-8015-410656988afe,HAS_REQUIREMENT
e6d6844b-0b23-5930-9570-872c7a789b95,d24b0448-c19e-5930-8778-2b9ffd3ca937,HAS_REQUIREMENT
09d4c234-97cf-50b9-9db1-1f136d3082b1,07e5b429-713b-57a8-9054-7c7661511a4a,HAS_REQUIREMENT
fb6029a9-af0a-513d-a159-5cfc29025c0c,5741364b-2155-535e-9df6-0b6ea55bebc6,HAS_REQUIREMENT
566977cb-cb77-544a-9ba5-b544d1602e69,d6a6c4c6-6ffc-5635-8e5f-7ce4fa151787,HAS_REQUIREMENT
20bbd059-7255-5b1f-a04b-3cf40439afe6,fe9f866c-c688-56e0-b8b7-801b33243f1e,HAS_REQUIREMENT
db98fffc-0035-533a-8a8c-6a6d7cbdaa91,c5ea36ee-3fd4-5d26-97ea-01f2e68e715e,HAS_REQUIREMENT
ef31fac6-f0a8-591a-b971-cb1a7b346371,31e6a927-5eca-5987-8524-6dd6bbf6c145,HAS_REQUIREMENT
c509f233-1f64-550b-9ce5-f367944afca5,11e5bb68-43e4-5f88-9c3b-2e52a98d5c6f,HAS_REQUIREMENT
82c76378-e106-5bbe-ae33-f5e90e1b84f7,aed02b59-5cd5-56b3-a460-9965ad158b50,HAS_REQUIREMENT
eb03f120-0791-5d24-957f-cdbe0b318287,38118bdf-b1f0-5195-bd3f-b6db9439e4a6,HAS_REQUIREMENT
3f482cab-bf5b-59ed-a96b-dde1e271d36b,73e6d261-7ed9-5a4c-b591-6f4d68ba27b1,HAS_REQUIREMENT
9aa1ceb6-d82f-5b41-8c54-b1378f354637,61dc3c01-e1e4-5c14-922f-0c83371bcd00,HAS_REQUIREMENT
991a60ea-6cec-5213-b0cc-feda6b805095,e0c9c203-d811-593a-99ba-296d11e1833d,HAS_REQUIREMENT
c9461cf4-fd54-5039-9afa-8bce0b19a806,a994c718-6cb1-5bc3-87e0-e51931ac0774,HAS_REQUIREMENT
70c89e16-666c-5e00-a5f4-ace6929cd5f5,3da22c86-31ab-576b-a134-de6c27babe23,HAS_REQUIREMENT
686ac1f7-b24c-5ebd-a245-e9b70267e2ea,ecbfd920-aac2-56bd-a0b3-e8543d2c474a,HAS_REQUIREMENT
83059dd0-dcaf-549f-b0b0-9f12c796f9c1,105b4fb7-1710-5849-b49b-c1fc1ff46601,HAS_REQUIREMENT
6d875c40-2ded-5de1-83b2-4d21a051f9be,3c6e9e30-1882-5648-8c8e-f553cb6214b4,HAS_REQUIREMENT
7d430dae-f299-5880-9542-a997cd2666f3,81e9031b-f592-5434-b19d-e259076d64f9,HAS_REQUIREMENT
237060fb-ae5c-5866-a8a2-071f9b675da6,0b60eb6c-c4d7-5e6d-b43c-7d729944eac0,HAS_REQUIREMENT
6c4a103c-dc41-538d-92ba-0b7eafdb7108,dc0ea163-7039-5484-82c3-ec4039c223f8,HAS_REQUIREMENT
71a5a601-f71f-5152-a932-9bca63f6bcf1,0171597a-c24b-56c4-99c8-4c04b07feac3,HAS_REQUIREMENT
6e19dfda-eb52-54ad-857d-092f5b8fa45f,ae6661f6-2d56-556c-9ada-e90c0a841dcc,HAS_REQUIREMENT
b72eba60-b6c4-52ef-beea-cacc6404d4ab,4d6889f1-e5a5-5b24-a095-da0335d5368b,HAS_REQUIREMENT
8dac74f9-1dc2-56a3-8638-7966b6014e79,6d85fd24-6aaa-5270-8169-92335d5eca43,HAS_REQUIREMENT
82088a22-cc6a-5bb3-a150-239cae45d348,8b79b61a-eb91-5862-830b-293009387498,HAS_REQUIREMENT
82d120ba-d374-5a7d-b5f6-1a78ba9f4b2e,79ce007b-d11a-504a-b5eb-8562b0a91f82,HAS_REQUIREMENT
7fd5162f-bb8e-5ae5-b111-16822f902c3e,d6516c4e-bcc5-5889-b68e-fde702eb69f3,HAS_REQUIREMENT
54b9bc41-e2d7-58b5-aec4-b417a12fd0fc,ef4634b9-04e4-545f-bb0a-7bc357143b97,HAS_REQUIREMENT
5e1104b9-580e-5abb-9a92-42131bb510ad,6d953d83-5229-5752-8b88-4e14e1e1f6c2,HAS_REQUIREMENT
6dd5c9a0-4508-54de-91dd-8450db223bd2,c5ba0cda-9af8-52c0-8b9f-92aa94656c13,HAS_REQUIREMENT
b085be3f-b5ba-5610-9552-3c56b2c9e53f,f7eb5d22-8a9d-53a0-9396-abd74f93479b,HAS_REQUIREMENT
1d4eb8f0-46c5-50db-b675-1a1ba662f716,81735479-70ac-5791-bfc6-62ed73609e4e,HAS_REQUIREMENT
2190c34f-1edc-5485-b06b-34cf701aecee,56b5800e-37bf-5d28-8853-251fe559b5a8,HAS_REQUIREMENT
349fecb2-68a2-5bf8-8af3-7f5f58e27801,6b2f4b35-ea56-5566-b5b5-301cff36c37b,HAS_REQUIREMENT
40bde7ba-e1ce-5e3d-811e-10442b727a66,92e896da-8465-53e2-bd64-fec9820b90c5,HAS_REQUIREMENT
91facfa1-5cb7-5450-8cea-03e40c03dec4,a57c6a30-8b39-5a42-8d67-c1c53d5ee0c0,HAS_REQUIREMENT
e44d1de9-c2e0-59a5-9e52-4f99698dbc04,d0d77f2b-070d-5e33-ae82-ad45df1f6ee6,HAS_REQUIREMENT
bd170da6-82c6-5f19-9c25-7c4292930ace,000a9dbe-da5c-525e-b35f-6e195a270a38,HAS_REQUIREMENT
f330d931-b4f2-544d-93aa-04451f30ff74,3918d76e-e4a4-51fc-8a50-b1c2ba144707,HAS_REQUIREMENT
d9d80a5f-c80f-58ef-863d-4fd0a74864e7,61a2f113-43d9-529f-ab2a-0d0442000fdd,HAS_REQUIREMENT
a271a5d7-7e3d-56bf-8c7d-34825c841e07,78b6c09b-d7c8-542c-853f-2b58cba0366d,HAS_REQUIREMENT
ddafa0d7-2c4c-57c7-8b4e-598a663700ce,2574222e-a9e7-5f0a-868f-b77b2f172c61,HAS_REQUIREMENT
2409aa81-3fcd-54b6-8a92-b8c43127952d,7e4ccfa3-6559-55be-bb1d-4381085662d5,HAS_REQUIREMENT
600ba3da-0aa0-5948-b8c7-a8170db8bd78,a0d67a61-ce2c-53b6-ab3b-8f7f0caa2cf4,HAS_REQUIREMENT
788fa4bc-ccf9-5e46-843c-6ecc4a4d6f24,33934811-cfa9-5f71-9474-06e276d76041,HAS_REQUIREMENT
70ec09be-9b94-5910-bc98-d22ad5470c4f,f075272e-5663-5701-af8f-e1225de12859,HAS_REQUIREMENT
505a063d-bbeb-5815-8d5a-0f16d077abb6,bd59287a-b7e6-5896-8791-815032422002,HAS_REQUIREMENT
ea61e0c9-9381-51d0-b4fd-9494857d1af1,52ebf489-129e-5e66-b332-6f05271bb9cd,HAS_REQUIREMENT
d2b881ac-b7a7-591c-ba9f-6a71acde7a09,dc8ef91f-c157-5ea7-af13-7a415deddc14,HAS_REQUIREMENT
7f6bf831-47d4-5114-8d01-f4ceeee3c9c5,4d965b34-d3dd-5d16-affc-22250294eac0,HAS_REQUIREMENT
53c92f0c-90dc-5033-a517-884e56778dff,73b5fac3-e06a-59be-8570-d15550a8aa83,HAS_REQUIREMENT
ccaea909-fcbd-5cd7-ab17-96cd0ab44884,36893977-1532-52e1-ad3d-167bb554eac9,HAS_REQUIREMENT
16ac0497-795c-5ea1-a8f0-fd6c966d5d76,73b525fe-6396-524b-8de4-bc42c2028409,HAS_REQUIREMENT
b833bf20-c7ed-5a3d-afbb-b3aca2022fcb,d4a925bb-eb8c-59ab-a82b-0e4c25b0512f,HAS_REQUIREMENT
4007a419-3eb4-5b8a-b112-f0a0275ad082,f99f37be-aac6-5299-8326-5fa6a134ff48,HAS_REQUIREMENT
8102eb18-d719-5c81-9495-9fce10a01e7d,9482c01e-82b2-5181-9a6b-760903270800,HAS_REQUIREMENT
d530c2a5-c630-508c-a7df-dbefd92b2deb,5e52a0f9-3f99-542c-89d3-fdff93e72c52,HAS_REQUIREMENT
b59edff6-c629-5b58-b505-fca208649665,f72ad2b5-441a-5978-9b90-1de73f24a306,HAS_REQUIREMENT
f5b88775-f2b6-5d68-8ff3-59c2cf48aeaa,aedb9e9b-521a-5995-bad0-3943d49fb71e,HAS_REQUIREMENT
7fcfb4b2-80e4-55be-952c-deac86391fb9,d9728c85-0cb3-5075-b622-2bd9f3231d97,HAS_REQUIREMENT
f43d25e1-cb42-5e11-a027-48e42394fb30,4e3e2d02-0fb1-599c-b503-a19eae284c52,HAS_REQUIREMENT
3ad126a9-9741-5a7e-bfd1-e3f94260422e,da376a0c-fbc2-5cb2-97e1-54a764c9e252,HAS_REQUIREMENT
28b7461f-7ba3-5cba-872a-4e4ea1246864,1a737756-3ba9-5494-87d3-e5ffb2b6516c,HAS_REQUIREMENT
c955090f-234b-59f6-8eb9-71c3387e31d7,9ac064ae-8e71-5afa-8721-21c546b88f0a,HAS_REQUIREMENT
6dae193b-2323-58af-9f10-3853d2d4b228,a133e4f6-a854-5640-a208-5cd01860f329,HAS_REQUIREMENT
5cbb14fb-9e5f-59d7-b577-2f0ef63bb40b,ca40e461-8940-5c53-828a-16c1a94dc7d4,HAS_REQUIREMENT
06d7808c-ca13-57ab-b1e3-995ec726b51b,89ab244c-0cd2-5068-b7cb-53c20d2df0b0,HAS_REQUIREMENT
8ccf4b3a-b4ec-534c-b43f-7abc28c0fb29,8c6a612f-efe0-5a85-b504-a739778ba7cd,HAS_REQUIREMENT
6002e239-0ccb-5ebd-b1b3-90dbfeb7920b,54240347-3572-56ee-9491-69c9336e0536,HAS_REQUIREMENT
134ecc7c-29ee-59c5-a636-410904068388,c24d67f2-2e7b-5cd5-84d8-d8737b514e81,HAS_REQUIREMENT
12ffd7cb-cea9-52be-aaa1-1c3d69a2c396,a9e9571c-7258-5eb7-82db-37d33060aab3,HAS_REQUIREMENT
c529d795-7b96-52a4-9334-a5518f2a8014,e5c089b1-4698-5699-a4c6-73e4f903fffa,HAS_REQUIREMENT
5de7af98-d0e5-5289-a972-f08c72bcd528,3eab73f9-05af-5d6e-9ab1-4e6342204bc4,HAS_REQUIREMENT
93772e61-ee85-5ccf-a899-4b3bcad7f921,fdfc77b0-dfdc-599a-a593-a2045944eaf8,HAS_REQUIREMENT
90322307-5d11-5baf-8cac-16d8de33fa81,73d49ad3-e2af-5381-9af1-feb837d3b7ef,HAS_REQUIREMENT
30de811c-0ba8-5542-ad02-0e86e140fc6c,4a571b26-f25b-51af-939a-545c3bae9772,HAS_REQUIREMENT
13217f29-55f6-5da1-9d0f-75086e572c90,da475c47-5e3c-5e2c-938f-2966caeb0860,HAS_REQUIREMENT
ae298bec-8102-50c6-b57a-7bf215d3de26,e7cf8b37-4232-5d44-a6f9-c54abdfc1da4,HAS_REQUIREMENT
edac6a8d-7465-51d1-abb0-a93667cf8f12,27540557-75df-5a7a-aaaf-ce8f1f967fb8,HAS_REQUIREMENT
a495d696-5efa-5b30-b875-f8da3077d288,4e9e1da3-1fdb-5090-95f7-3a9923a891e9,HAS_REQUIREMENT
d139bb39-3170-514b-b09e-f268a3b1da61,d697ae39-903e-5242-979e-bcb31b5c9d4e,HAS_REQUIREMENT
2aa29e12-a0d6-5eab-9987-5c42d6af5410,95a65cc7-e9a3-53f0-a6dd-f36069b3a5f8,HAS_REQUIREMENT
c9341c92-3a13-5234-ab96-3d4e76eb6a46,0aef8ae3-e70a-5cf0-909e-6de5c08fa524,HAS_REQUIREMENT
0b67507d-2c8e-5e71-8b1b-93539112c934,479fc919-488c-5042-85cb-38494f8d7bdd,HAS_REQUIREMENT
2ce1a5e9-e50a-5fbf-ae8d-da8cab26b7e7,1998ac04-0a0f-5562-8bab-26a8ad3e6d3e,HAS_REQUIREMENT
e9ed5804-4ec9-5ab2-a954-48e32607c58d,39588e26-12b7-586e-8ec5-dbe7daabd89f,HAS_REQUIREMENT
8920a3df-c6f4-5b8a-91b0-ba310001c799,2eb1bc89-db9c-5b73-9f68-ed42eb63b277,HAS_REQUIREMENT
c8461a9d-f3ce-549f-9a23-7f53913b86bc,160657a9-010d-534d-8ca5-070f128cec11,HAS_REQUIREMENT
69b78f5f-30b0-54d6-b121-1d8943335269,68e08764-1748-57ed-9c19-7a26ff1fe60d,HAS_REQUIREMENT
c3611b22-af4a-5335-9256-dd09fcbe5525,9192aeb3-5852-503d-adf0-a6819a0bb9a4,HAS_REQUIREMENT
a3e3b725-a189-54d6-a85e-cb028c16963e,23097ad9-0998-5427-9407-45b5e2c4285d,HAS_REQUIREMENT
a4a1d65c-a6b6-565a-a87b-7497fee44019,cfbc1e95-173d-5207-96b2-018f5bb6cdb8,HAS_REQUIREMENT
09736c4c-f984-5e10-88ff-75261cbb1c4c,d800b0f2-9d12-5b1c-9fd6-3a03fd6f255b,HAS_REQUIREMENT
87ebe27a-9050-5bd9-b172-4dc4504da7f1,1df3aecc-4046-5541-a32e-3226c7663d68,HAS_REQUIREMENT
a272c3f7-c028-5e38-9bc4-dff4389d507c,9209d23a-cdf2-5e58-b9af-abd2ab1c3490,HAS_REQUIREMENT
a72f59dd-717c-5000-989f-f765ce10ac75,f452c55e-ba22-5017-8e00-9e05c135a02f,HAS_REQUIREMENT
34a5283a-bf7b-5266-923b-52f8a0411f36,a5e1f6ea-78c8-5575-a6c9-6f5a989801a4,HAS_REQUIREMENT
95328c8d-8679-53b4-a11e-cf0e3b79a6b8,a492f7b2-6afd-5ae6-b0df-72269cdb031e,HAS_REQUIREMENT
ccbc77c1-54ec-5346-8e3e-f082c8f7c6b1,478b970f-1233-5830-8f71-3e9c3907facf,HAS_REQUIREMENT
4ac719e1-89f9-5f54-b983-d064c08abbe3,e06b1fd5-2e81-58e8-b234-b772552a8b6b,HAS_REQUIREMENT
d57a9992-7d30-59e0-a004-c3df2016cf1b,fa73fccc-d986-535f-adec-3d5cbf73b65b,HAS_REQUIREMENT
dff27811-2a8e-5eb8-bb6a-dbb620d66cf8,b2e7d8e4-9965-5262-8362-027d9c7d8d55,HAS_REQUIREMENT
b07a6b4a-f15f-599d-bd1b-d75fb3d68730,ed9ad3c3-dd61-58b3-9185-53e5c444f469,HAS_REQUIREMENT
9ab83806-e49c-5f2f-9cb1-9cd175fb6c83,26bd96dd-d4ab-5d1c-afb2-3620c2afab9d,HAS_REQUIREMENT
7f445e02-18b8-525e-99b2-056c639b658f,eb66922a-a989-5aa0-8c8a-bfd7a515b1f7,HAS_REQUIREMENT
5e750db3-7f5d-5ad9-a457-16a005e69097,7a4a96b8-851b-501c-b803-ab123454edaa,HAS_REQUIREMENT
082d530a-03e7-52c3-b861-dbd639375952,5df0c238-19b0-5818-87c4-6a6e22e4b683,HAS_REQUIREMENT
baeff8ee-8df3-5e7a-97fa-11f432390279,27958d25-3937-5e76-bce2-1cfffee08002,HAS_REQUIREMENT
68e0a4a0-777e-5558-868f-fe81cc88aa27,b847bc3e-b16f-566a-b23b-3030088523fb,HAS_REQUIREMENT
a4754adb-9c08-533a-ba98-c811b8d61bef,d5dfece2-50cc-5209-bb1f-bd7ab0915664,HAS_REQUIREMENT
73118d2f-8c16-5560-b556-c7a84042a985,66a2f908-be34-5ed6-bd23-9f75cba9a6b2,HAS_REQUIREMENT
8de1b345-aab8-5da4-92cd-499dca127f93,06c95e06-27d0-55d9-ae33-8332f0d171a4,HAS_REQUIREMENT
aeef637e-d20f-5991-838f-a2739d2ead86,dafc66ce-95be-58ec-a007-6c2428fd8e4a,HAS_REQUIREMENT
13d1cacd-671d-5f9f-aefe-52108563c709,067c9237-0bfc-51fb-83a8-5563ba2fce89,HAS_REQUIREMENT
f40891d7-a143-5a16-a030-555227cebefc,0b35c504-3b91-5c24-82b6-c5f7f373faf8,HAS_REQUIREMENT
48897c68-a106-560d-b1e4-6727e46f0c0c,6a384f36-7753-5d8b-9317-3235ac3335ee,HAS_REQUIREMENT
0278db93-b7ed-5ead-b912-60e59e84ac95,a34495bf-29b1-5542-a251-423594c84799,HAS_REQUIREMENT
a81a53bb-2c24-577a-9553-2316d9ced177,765cfffb-d0da-5aef-9ad8-7290e236e515,HAS_REQUIREMENT
94566aab-e85f-5460-8dae-c5a1ca66fca2,71ca5ac7-8077-518d-af22-18606a2750c5,HAS_REQUIREMENT
1662adfd-3f06-5728-8c23-42659ef51fb8,b3e25c57-6f06-5b21-89bd-8c139baa1ec5,HAS_REQUIREMENT
18fb88c2-ff25-57ec-a4c3-84c85c4929f0,8b922fd4-1e06-502f-b792-7d93cce44532,HAS_REQUIREMENT
a45da0df-dba8-596d-9726-f81718460914,69cf2adb-363f-5103-8c7c-b901e4d25304,HAS_REQUIREMENT
f1ae97d1-8013-5a1b-b785-875d680a2e16,485a08ac-572c-56f7-8a2b-bc5a3415d817,HAS_REQUIREMENT
2c207218-8315-54bd-a024-2a4f3e297833,fc76c539-d7a0-5a81-9089-36df168ced16,HAS_REQUIREMENT
8d4c994e-db0c-5fdb-a1cf-6735f6182d58,19e1ccef-a52f-576d-be5f-06da6c6747be,HAS_REQUIREMENT
ba41e95f-c389-5f42-8e8c-0f11059d5340,8b527577-83c7-5201-a699-255f200c09d0,HAS_REQUIREMENT
5d02b517-2ec2-5259-a3d0-a82eb62b4db6,f1376eb7-4f12-5256-bdd7-c8906aa44f5e,HAS_REQUIREMENT
845f2ad7-70b6-5b5f-b340-de8f07b5c4fe,a3058bc6-ba06-5b59-807a-6db81b2e5028,HAS_REQUIREMENT
1f0a8561-8957-581f-871f-a59a487bab32,d672d562-c34b-5a57-a36e-d0b5060d08da,HAS_REQUIREMENT
0d998941-1b17-5515-ba92-6a143b217e95,77dd4de6-283b-5900-8c22-32fc556ff0a2,HAS_REQUIREMENT
7c3d8ce8-4961-53f8-a336-9f27315f2460,46d2f74c-ee42-54e9-aaf7-3d61d60320b8,HAS_REQUIREMENT
808c9f8c-5823-513f-8617-44f025a5bed6,7a3e8059-348f-5970-a9dd-8949509df04e,HAS_REQUIREMENT
95789d40-4b57-53c2-b798-9d06db1372e7,a7203c6b-96ca-574f-a16e-58159939a0b8,HAS_REQUIREMENT
d4195a04-70c3-5618-b026-6317cc2026ba,bc727413-d9e8-5666-81eb-d4577d26557d,HAS_REQUIREMENT
a29883f0-c078-5b8f-b840-529c2829198e,17eff865-97ae-57db-811b-3e3640e954f3,HAS_REQUIREMENT
a46fe354-05f4-5665-bbcb-acde722618a2,e1ebbc39-4c41-5c62-b448-c7cceccb3ab3,HAS_REQUIREMENT
f4586da6-a005-5c84-b2ab-62db7cfb6aff,54e5034f-fb19-5984-861c-85e517fa4117,HAS_REQUIREMENT
0e9e178d-f0ff-5530-9837-6ca162372d8e,fbb60b8d-6d77-55bf-bb25-626dbc998c79,HAS_REQUIREMENT
48e4e8ce-4091-5379-8394-6f304bcf41a6,2e007fbf-58a3-5763-a66c-59fbf7f030a2,HAS_REQUIREMENT
c875ac04-5e52-51c1-bbad-e5430083975a,15fb274e-e262-5d82-90f1-94ff35565f18,HAS_REQUIREMENT
e09318aa-a89b-5915-ad30-5ae91bbc6f24,9e99175f-a130-59be-8339-a5befea00338,HAS_REQUIREMENT
eca85589-e917-5da3-8028-4b14bdd1e4c3,4bf0aa15-4bdd-5d82-8cbb-b4da100c54dd,HAS_REQUIREMENT
a49b8e23-4829-58bb-ad0b-452501e867d2,8a13bbff-45e2-5c6a-8914-f8f48452b90a,HAS_REQUIREMENT
7ad4f27c-ff6d-519c-85e7-eac71f2a1679,f497a5ab-c44f-57d1-8c8f-dde44c295646,HAS_REQUIREMENT
75fa91cd-a8b5-58bd-8d18-cc863282aa54,a113bd71-74d3-5e7a-a1a0-52ce692d495c,HAS_REQUIREMENT
722b7277-f3cd-5f57-b7da-1e60d6e43a6d,77fdaf59-3407-54d1-a39b-3f4f64f3848e,HAS_REQUIREMENT
46b4e7d8-548c-5a77-9d51-3c2fad0e3d69,00ccc7ad-26d3-50ce-ab04-65b1c57e86b8,HAS_REQUIREMENT
59b524ba-26b2-5307-a5e4-e72b5d1b6bfa,f11f3c5f-a9b9-5cfd-b838-97418a301fc1,HAS_REQUIREMENT
6e80fa48-9a4c-5dd8-a1e5-f88b36d34c0f,4f4667ca-5733-5c89-8772-238ee2ce39a1,HAS_REQUIREMENT
b10bfd6a-9a2b-51c5-8f6a-8462acf59586,f444116a-1692-544a-85eb-50fc48134edd,HAS_REQUIREMENT
07bbeabb-0554-57f7-ac69-25f6c7c03253,0f952b74-dace-52b7-99ef-c30a2b258b48,HAS_REQUIREMENT
1b350e22-72cf-508f-be9c-853af27a9397,199cbb4b-f48f-517c-ba90-2610b99bf2ee,HAS_REQUIREMENT
dd0069cc-9af6-52bc-a2a7-f0371a05a978,295f5503-8c1a-5d53-986f-3f5cb3bc8e28,HAS_REQUIREMENT
9c5834ff-17e6-5fba-b28d-802bf284d007,b14e207f-fb4d-591a-a865-07808bf7c41e,HAS_REQUIREMENT
a5f580d9-5be8-56ba-8ff0-76f4cf11c59d,add4f435-5cf1-50ed-85ec-8d63b5b72f5e,HAS_REQUIREMENT
1cf61354-fbcc-56d5-a81a-d3433ab545ac,7de0dd9c-24ae-58b3-a7a0-e7d4205cb9d3,HAS_REQUIREMENT
8cea8bfd-bbc7-5fb3-ae63-697c702a72f6,59cb1f80-c43e-5bca-b28e-6a09baa8fce2,HAS_REQUIREMENT
fe17076e-ac6e-5862-b0d1-8ff0c112f4c5,a73898d0-c61b-574e-9d46-4a14fb378947,HAS_REQUIREMENT
5b11a7ca-1bcb-5426-b543-7e950611293e,e2123d78-8292-55ae-aef6-8bf22bcd9ae9,HAS_REQUIREMENT
d3d14da1-8e2f-5f4e-ae72-b5fb95b26235,b53eb245-3807-5185-8e40-c7ebbb554748,HAS_REQUIREMENT
21efe371-79bf-5c65-a86c-60be8784b9d6,632311c6-70b0-5367-b3e0-be9efb42e570,HAS_REQUIREMENT
106a300e-ea4c-547d-9ae3-e5c5b852c3b4,3b7845b0-6a5a-53f8-8157-aba0690dbfc1,HAS_REQUIREMENT
f147c7a8-6c3d-590e-8e09-bff776c891c4,3a6d97b5-ce70-584a-bad5-be02b3dd25e0,HAS_REQUIREMENT
2a7439d0-55bc-576f-9b2b-7aed212e17d3,10e87f8a-b52c-5bcb-baab-47e61f9c4a03,HAS_REQUIREMENT
218aadad-a114-57a8-a569-ee4156789885,2d23798a-ba17-5ef0-9535-dbe3b72cf517,HAS_REQUIREMENT
8ddd2625-6f0c-56f9-8335-28539ebe5826,c784ccf4-710f-5b74-9c2e-738deefc333d,HAS_REQUIREMENT
bde752fc-9279-5472-9ac1-861da14c0490,517da6f2-9ee3-5bdc-9097-bf2e78d5886b,HAS_REQUIREMENT
eb6e1edb-276f-5ce6-8219-aa60fe50a550,687a4161-7e2f-5036-bdd7-c1d30679c63f,HAS_REQUIREMENT
4c17d004-fc40-5243-af97-06b1bd3d5c3e,dc5152f5-a384-5365-b0f6-416016281b6e,HAS_REQUIREMENT
6480b922-b64e-5d8f-be58-5b0544727485,5f05b3b7-3d5b-5bb9-be6a-5d2e5d7a3e3b,HAS_REQUIREMENT
2fa0a410-6429-5b95-b543-a7c601a4edaf,e025feae-aa82-5208-9b53-a5a4fa7badac,HAS_REQUIREMENT
5439e817-5fad-57cf-bcb9-8d2214951eed,fde4c246-80c3-5f22-89b2-7ab1d6560ffd,HAS_REQUIREMENT
cf136a32-f5ee-581e-aa8e-24f8fc64dd82,79e2dc64-f7a0-5f0a-9e45-58ea65a7d0a3,HAS_REQUIREMENT
2c4c1661-5ceb-5574-b8ae-1647de41b706,08826de0-9559-5b9c-a7f5-abf6d26c366b,HAS_REQUIREMENT
4777924d-ef73-5197-913b-e9ac79020e7e,a77d1fde-514f-5bca-9e0c-bfd281004b2e,HAS_REQUIREMENT
737ef9bb-af71-5b5e-a8d4-1376848d3fa0,0c5ae1f2-ac9f-50b7-b1c4-da533c8c5fa2,HAS_REQUIREMENT
d4da125e-810d-5cc9-abf4-820d9e148394,04199e77-e037-52ab-91ba-798e36e2639c,HAS_REQUIREMENT
6e7060c0-ffe0-538d-983a-7c8d545448f2,37b525aa-e180-5878-b9f8-26d5b47503e8,HAS_REQUIREMENT
f1fc9e91-229f-5cf4-9d99-ee0f2eb3e3c3,aea23521-9a1b-5a09-9a74-a8d8854e0d31,HAS_REQUIREMENT
8e4402f2-6e31-553f-94ab-4460a83da82d,fe6b5c16-fe62-5d8e-8866-d04214539090,HAS_REQUIREMENT
098aa617-4ddc-5a84-b7d9-f63ba1dbe802,31009967-f913-541d-927c-7b0e8ea6e2ae,HAS_REQUIREMENT
9c85301f-7fe5-5cfa-b1e6-0e94ec6de72a,b440cb8d-47d4-5a9a-ae78-1d416eef82f6,HAS_REQUIREMENT
c20f52a7-053c-5388-8a04-c46fcc427a33,b3ef4d6a-2a5e-5d54-9191-4fd485342a96,HAS_REQUIREMENT
be7945ef-8c02-59e7-82d9-ac07e1a24eae,a586dc2c-d7fd-5656-9797-f1c28bbf76ae,HAS_REQUIREMENT
07a450db-ad40-5063-9ce8-f0708e432b77,7231b54f-b647-571b-9bba-79f66474bc4b,HAS_REQUIREMENT
54a964d7-b58e-53b4-bf7f-a983391a6b9a,ade1adaf-5fde-54f2-b874-1bf4033b89b4,HAS_REQUIREMENT
f853c25d-53f3-5394-8e33-58cd0cece83d,80390fae-b740-5a61-b8ea-119d8698f5d6,HAS_REQUIREMENT
0b44347c-7b78-503d-947c-7c08f34d768c,fab83d40-5ca1-52e5-9baf-5c2aeed6dd13,HAS_REQUIREMENT
fd93f367-3b09-57d6-b819-5ce9c09cfaf7,6d099612-622c-57fc-94a8-79a06688b81a,HAS_REQUIREMENT
ebcb96c0-115b-5c5f-81ee-71cbefc18c64,9de80641-6043-56e5-b74c-4e5d2cf09f10,HAS_REQUIREMENT
8dc04835-6b6d-5c1b-bc11-7bf1c871b1bc,836700ee-e860-53d6-8704-933d91151e14,HAS_REQUIREMENT
0287a657-84dd-5402-849e-a667b0378e5c,ccf0d23a-9d11-5663-bc6c-f50dbb1a31e9,HAS_REQUIREMENT
e1a128f6-f57e-532a-b7eb-0688d2e21d13,ef0f51b0-7e4a-575f-82cc-aa123476d4eb,HAS_REQUIREMENT
78053f77-642b-5d7e-9fb2-2457b3a06925,8af34238-7534-5e02-b949-db2c4d9152f3,HAS_REQUIREMENT
af1959a2-9bac-50cf-900a-1b9afa29e817,4867ed46-029d-50ea-bb79-21a4ca2924bf,HAS_REQUIREMENT
b2815b6d-25b6-5402-a534-040e6a787551,84ad7c9e-fc23-527a-b590-f048564c7a69,HAS_REQUIREMENT
28e31995-b360-533b-b02b-53bf02702899,139dabce-eaad-5bd0-a406-d9211e7a6599,HAS_REQUIREMENT
a98c91b4-5f51-5cb9-9919-c2321a8798e2,e2a43f99-805f-5fde-bf20-7fb690afd903,HAS_REQUIREMENT
914d4309-4b4c-55cd-af10-baf933ad58d4,10d8ed22-5ada-569c-86b1-8319dd4373f1,HAS_REQUIREMENT
66d2e65a-3779-5f22-8680-403765185cce,b5fee7fc-5835-537a-8a30-9423ad41c043,HAS_REQUIREMENT
06016362-829f-599c-9c6a-e150f637b386,5a2c9d6f-7e73-55a8-a17e-152b61ec52e8,HAS_REQUIREMENT
e7e27a0c-66e3-5b0e-bd37-e867073a1f57,a3f3d10b-358a-576a-b6b2-4927b7f3eccd,HAS_REQUIREMENT
3a186ee1-9049-589e-a51b-7366d364d14f,2c70b1d0-7517-50ff-aed9-9da057d0facf,HAS_REQUIREMENT
58d2c26d-336f-5ac6-a5ff-46fd273f834e,86504d6a-4eaa-5bd3-b43f-fc3454462f71,HAS_REQUIREMENT
4b2a2a5e-3f33-58d0-97b4-f7f3065f1d7e,75f49995-c801-5a3e-88e5-4fe5ace8dbdc,HAS_REQUIREMENT
f80d877a-82ad-584b-8575-e010695888c4,b5e57ecd-ffdf-50b0-a935-88c4ed49395a,HAS_REQUIREMENT
094eb912-0a1b-521b-b745-469c680324ff,bce209ac-6d56-5f99-92bf-950ec88ea3f6,HAS_REQUIREMENT
2120b6fa-c0b0-5ecb-85d3-68cab2743d2f,5dbb0f61-0f87-5f8e-a558-bb38070ea9f5,HAS_REQUIREMENT
5d2e3d57-d182-5794-a3fa-64db4173ea91,5568de01-a9db-5672-8840-2012ad58f297,HAS_REQUIREMENT
74452a7a-fdfb-5677-ba5a-9b744b871b03,c8e46d14-4ae0-57ae-b36c-cfe3b7f9ba17,HAS_REQUIREMENT
7c40a915-5452-52bd-bfe8-54df7013d708,72b32540-b7c6-5df4-8e8e-1f048fed2733,HAS_REQUIREMENT
bb156b00-57eb-5731-9b0c-2b2736b71444,59759329-40d7-55cd-9eba-b9f657561a2e,HAS_REQUIREMENT
7dfdf2f3-a419-5afd-abf8-ee55b68722fa,957a9f36-c4b0-5452-8c55-20eb06b0aec4,HAS_REQUIREMENT
c2ffa2b3-7e16-5fff-b180-9ddde514820c,689c9437-7f22-5e83-9f1c-8641c96815fc,HAS_REQUIREMENT
3e4146be-add6-5b3b-93f7-43cc99c211a3,862a8144-30e5-52c9-a5e0-3f4b3137e2d4,HAS_REQUIREMENT
a534e4af-2998-5347-a2bd-1dc19bb54961,9011aa05-60d2-5308-8b71-9f6172e4ed2b,HAS_REQUIREMENT
38ad57ee-fd65-5c60-bf0d-47578d5cbb34,cb22c5e5-7827-5e29-b83b-f450adb6e671,HAS_REQUIREMENT
76b6de20-ddba-5fc9-8cde-dad9308ac3fb,8ced8394-478d-5a4b-8edb-926ac5a2592d,HAS_REQUIREMENT
449f4bf3-b63a-521d-ad55-039a1fe5d8d7,86251d81-17f4-5a45-8112-680889355480,HAS_REQUIREMENT
e3a4a312-c97d-5c12-a470-3416f90eb889,bfece7ae-4f3f-5e40-bffb-c695c5ea93d5,HAS_REQUIREMENT
1730ab79-39b8-5d9e-911f-47587e1d02a1,a53a7260-855d-523b-9b69-e1e0ec8155aa,HAS_REQUIREMENT
43575675-1e3f-5462-839e-91a84ebb1935,36f9960c-b436-5022-a27f-e64dc5acf34a,HAS_REQUIREMENT
800dec0e-cb80-5517-abd6-aa07e9bd2dd3,3893781e-7332-5e4d-81cf-88e48d7565fe,HAS_REQUIREMENT
cd57116f-de3b-588f-b556-a301e90b92be,be1d919c-b241-5bbe-a8af-061ed7aacbbb,HAS_REQUIREMENT
60a7d5af-0391-5d3c-8e8b-1e4ee462337c,9da9ec7c-ea4b-5a78-aabf-3c3d3f35f972,HAS_REQUIREMENT
b8edd2ae-4a3d-590a-b464-da79a0672d86,10412210-0aa0-5575-a213-d1c1f725b4c0,HAS_REQUIREMENT
7240942b-5d63-5eaf-9167-0d38d227e538,f78c75e7-6a40-528d-b9b8-adfa0a1838e9,HAS_REQUIREMENT
60dc382a-51e1-52b4-96f8-b8ba661a57f4,b2613a22-1361-5059-b3cb-5eaba8e3795c,HAS_REQUIREMENT
15d19268-08f1-55aa-8c32-b65bb94a6e27,98bd61a0-a670-5580-a46c-b927536c2347,HAS_REQUIREMENT
b6a2097b-930d-5922-b059-9f30c5dd5e5f,35f371bf-631a-5f81-8148-4c8dfeda73f9,HAS_REQUIREMENT
7ba40ecd-8978-58ef-8ba4-72c72af0c263,797b9996-906d-5a45-b5b4-83deec2c9673,HAS_REQUIREMENT
ab471645-325f-58b8-a049-00d9bfb2161e,59a64788-9838-5751-980d-b41bda6ab574,HAS_REQUIREMENT
6e4c1ac6-4c0a-5227-916f-1bc608e63db8,756212f8-347d-5013-869c-5e7b07146f41,HAS_REQUIREMENT
dae5f1cd-377e-5975-bba6-fe3bd0a31d08,8cc8794e-62d6-53a6-b12d-68a4d121ab4e,HAS_REQUIREMENT
95ace8b4-d6f8-554b-8650-7cc616be8dda,e6a813af-8e66-5efd-8e43-9b7757160b6e,HAS_REQUIREMENT
0e92c294-d4cc-5fe9-bfa8-a07feaf0e5f7,c4dfab97-24f0-5a21-8960-361ec35c58eb,HAS_REQUIREMENT
6669dd7d-affc-591c-8b3d-c462159a11e9,f8f351df-5c0d-5eaa-8406-30d062bc525d,HAS_REQUIREMENT
2536e78c-02c8-5b39-aa6d-b8d8c0b8cb74,bee9fb51-fc3b-5590-9aaf-52fc0adfdac4,HAS_REQUIREMENT
b8b41214-89ef-5e08-95c9-bcb43d09a800,9e1379ec-8387-5f66-8121-1ad744eeee7c,HAS_REQUIREMENT
521a814c-2de1-5a70-a2b5-54a4645f19ff,59f9b78d-19cc-5cc2-9533-50f71b812446,HAS_REQUIREMENT
cd4c1504-ddd0-5379-9e59-33e43dc05d13,33cc8797-a341-5ec5-85e8-1806e170a2b7,HAS_REQUIREMENT
4f15dcc1-c344-5312-8e07-f00c40ba14e2,82837dc2-34c3-5aa9-960b-79a95cd26596,HAS_REQUIREMENT
06979025-8cf2-58ce-a5ee-0384a4a77776,12317068-21f3-5007-9b9f-4b3903f258d9,HAS_REQUIREMENT
d32d4d3f-0c36-5753-9a94-83b6627336bb,05214572-7a7b-529e-bad5-37f133d267e4,HAS_REQUIREMENT
8acca57d-dcc5-596d-b1e1-3f24543d3999,a66c8307-f297-5d1e-9bab-f9b79833ae7c,HAS_REQUIREMENT
0a134911-42a8-563f-a558-222629029277,2589dceb-47a6-50bc-a7f8-33533f420438,HAS_REQUIREMENT
809520c7-a233-5a8b-9de5-9997cfeae4c2,7e1f2190-02bb-55ff-9357-5447cf8caf8f,HAS_REQUIREMENT
51aa2e51-d913-5ada-a39c-d4c00efefcf9,7de7d312-e83a-582d-8431-e60e661e51cd,HAS_REQUIREMENT
bf824eeb-2c1e-544d-a939-65ae22935e99,dbaf92c0-5bbd-56d4-b49b-dc7df787d67a,HAS_REQUIREMENT
c06b3f78-e4f8-5007-8ab9-7b5577fb8b40,304b044c-0833-55e2-8629-553ace9fff87,HAS_REQUIREMENT
e9d6eeb1-6d47-5718-8c92-b22137581bb0,4c856f40-b173-55dc-b059-1688e49a27c4,HAS_REQUIREMENT
85be8050-9cd8-5d00-bd27-ec25ee1689d5,f9ef0a97-6651-5cd4-89af-82fd713ccd3b,HAS_REQUIREMENT
6ff41967-720c-5bdc-84ba-2b62529db274,c096a5ea-e4fa-549c-b0d0-8053685dfd94,HAS_REQUIREMENT
2b9eb592-4467-5758-a24f-2806f46400f5,a2693a57-76e2-5024-9991-abdcd780560a,HAS_REQUIREMENT
55f91a80-74a0-5a4d-b39a-e3e32ad1abfe,4e9b94c2-d641-5ce2-8b03-dfcfda25fab4,HAS_REQUIREMENT
426e5980-1a93-5069-b487-ef85a7628188,47d16cef-7122-56c2-a72f-446c85271889,HAS_REQUIREMENT
f98c9e6a-5953-527f-b248-b52e01da913b,de6c718d-3de9-52ed-a691-6f2d2fb05903,HAS_REQUIREMENT
1e363720-445f-526a-9ee9-32cd398e5b8a,a97673c6-7b47-586c-8669-ad8febb40385,HAS_REQUIREMENT
a2a65fa6-be4d-531f-84c9-63da22815243,9bfd1eb5-4c5e-59b5-8971-be8dff60c813,HAS_REQUIREMENT
cec98467-ba41-5f8f-b612-60a2d5be27a1,0cc1cd50-f110-5208-a581-95fc5b84b86f,HAS_REQUIREMENT
401e1f66-d21d-581b-91f2-1ba47d066304,cf6131ff-76a2-5bca-ac89-88d25aafed7c,HAS_REQUIREMENT
36209f25-75f7-5bf5-86be-5bfb09454d93,1c04cee7-b52c-5d0d-a4bf-ec8584bc93b0,HAS_REQUIREMENT
39402210-e5e6-5468-81dd-8928d42d2749,f1d4650d-46a7-5ddf-aae6-7a6666f7b8d6,HAS_REQUIREMENT
b9d1c6bc-6bcd-5bdf-a0c4-fe2576bc8e7d,b58c1fab-a502-50ac-b334-2c4fc7acb679,HAS_REQUIREMENT
d1a53492-b05c-579e-a8c0-2cdf774a38bd,e46d3444-7acc-5e78-8ad5-40c24f967cc0,HAS_REQUIREMENT
819f0d8f-885e-563f-bddc-da395e67cead,7f23cd90-27b9-5c4c-9d86-673f15cf6046,HAS_REQUIREMENT
8e939fcc-8d5d-5a96-85e0-72d2f22666ee,705f23fa-a46a-5f42-a202-da26e1f78a69,HAS_REQUIREMENT
ca46cf93-a56e-54c9-a6d3-49f1cb0df05d,d7302fd6-47e7-5697-8b5d-c456ca64e241,HAS_REQUIREMENT
5f1aad81-d5ff-549b-a09f-74ab61803c93,9b02f1e0-6b6d-5e67-801d-b3caf06b5b25,HAS_REQUIREMENT
2ad26f84-35ea-5179-aead-e2d727ec9116,3065fb4e-a504-5313-9cbd-c87099d10b06,HAS_REQUIREMENT
674267d3-3c5d-5137-8620-41eb188963a4,54f4ca04-19b4-51d4-863f-be9c03b7bbf2,HAS_REQUIREMENT
3a90bb4c-555b-5a94-99e4-092f9921668a,72e4a66c-f39c-540c-954d-2c7f3436d18b,HAS_REQUIREMENT
c0983ec0-fb1d-567d-be13-3df8d3230f26,29fa400f-e757-51ad-9dd7-ebd8d60ee7c2,HAS_REQUIREMENT
bfd14cdf-004a-52a7-a547-fcc0d0f85d38,a847b5df-9da1-50f2-af88-ff38df1db3e3,HAS_REQUIREMENT
36109f2f-ca8a-5d4f-aa87-ec1d60f1bac8,f5cbabef-7151-5330-ba74-0d2ba3230cb0,HAS_REQUIREMENT
54b08435-7eeb-592e-b386-210bea99d6b8,35b05e9d-796b-58dd-981e-3a39b0faa33a,HAS_REQUIREMENT
2528f3c4-49f6-513d-a8ad-97a82b7e9a7a,db3a5019-b95a-5560-8e74-95fcc37b6933,HAS_REQUIREMENT
16ed88a9-d5a4-507c-9913-53120d6af852,0247fbe7-e325-5c9d-a23e-feed14b12f18,HAS_REQUIREMENT
f847e590-f3f2-5506-9c90-ebbc14245cd6,d3e0d6e3-2267-54c5-bfb5-175ef6d5c3c9,HAS_REQUIREMENT
5a97b8b6-fd16-515d-9870-0f688122fa25,6a2502f5-453a-5426-8279-2f38bc9913ef,HAS_REQUIREMENT
096f8e3a-1271-54c9-8efc-69f57c9d3dcd,445cb7e6-13b4-5d0e-ad4b-32f470925d09,HAS_REQUIREMENT
6dab054f-1d30-5d7c-8043-af6d9e6e4df1,b9ee40e3-a411-5f77-a3ff-4180f28c05d5,HAS_REQUIREMENT
c589f2ed-2c89-514d-a330-ce2e3270f79e,f5e5ecfa-4fa6-51f3-888e-427a57652f6c,HAS_REQUIREMENT
47b20f38-009e-5636-aefd-885383186b39,8be2d2f7-7afe-50e7-9785-493244531028,HAS_REQUIREMENT
3e14ddbb-9eb9-5ac4-946c-28785dd5b75d,435754a2-5eee-5da1-8a09-0a62386fdbfe,HAS_REQUIREMENT
e48cfbd8-2893-5c87-9228-7b847a2fa044,501df94d-72a3-5a2e-9c2a-f7455c46ace3,HAS_REQUIREMENT
935a16d5-441d-55b6-aa16-c830d4f8aea8,1303edc9-7a44-51d0-a076-3fb494d37fb0,HAS_REQUIREMENT
e6536c52-59c6-53a9-aaf2-ab624cce5320,1c10cc19-d6fe-597c-a917-6df4e8a78c21,HAS_REQUIREMENT
cb58faa9-deca-5109-bfad-d34b4d81b9c0,7cf3756c-abf9-5037-a1e4-33517d050f21,HAS_REQUIREMENT
dc17a011-522e-533b-a7e1-149f8e21b54c,6416ab7a-a19a-5860-b42d-6372b3c6d569,HAS_REQUIREMENT
d6655f5d-793e-51c6-8ec1-e391d62f60d9,fa7315db-fcfc-5b27-b09c-2ac9c25f917b,HAS_REQUIREMENT
f30be7c7-04d4-530c-9635-0c97b7412c4b,c09366f2-d401-5a9f-a65b-ee850c446ae7,HAS_REQUIREMENT
13c3220c-9d57-5f1c-aed2-5389f71d8924,2a09a06c-2480-5602-a6ba-a75be9d8aca9,HAS_REQUIREMENT
514a5b49-b382-577a-abd7-f223e18b8178,eebc8940-2acc-5b19-987a-44197c7ee83d,HAS_REQUIREMENT
3ec163b4-2971-59e7-9973-4ad8386a62d9,ca360349-157d-5f93-bd9a-33661a5155b3,HAS_REQUIREMENT
2033c832-42c0-5e70-88c1-be7968b243ca,096e51d6-b718-541b-899e-d359d2160db2,HAS_REQUIREMENT
26952b3a-3018-5bc2-9d8c-fba3b6ec8321,8b8b2945-f5c8-54aa-8281-e83e45d934a0,HAS_REQUIREMENT
15c29f6b-95fb-57f4-9891-c6697d1863ba,c6b0e55a-c99e-51d8-90bf-e1d1980e91e8,HAS_REQUIREMENT
e4093231-f71b-5c05-8991-0e964d7981b1,8c3f09ab-a274-59ca-84e9-11e855627fb0,HAS_REQUIREMENT
8bbeb6ad-eaa6-5efc-8739-f0f3e7014951,721822bf-bcff-5b67-9d98-9e8df71b30ce,HAS_REQUIREMENT
3de88660-6877-537d-86a1-fac0453e4829,590fe2c3-81a0-5601-9e69-51ada3dfd0af,HAS_REQUIREMENT
d156f20d-1c9f-5066-82a9-818e19733cd0,ff9fadf5-c158-5bac-8aba-e6fb63d05417,HAS_REQUIREMENT
ef1ce4e0-e103-5272-806c-32e27ae7d3de,3a96cd47-f565-530d-9d84-1b3e513272ca,HAS_REQUIREMENT
f96654e5-bb0a-5d51-8a5e-cd4deafb70cc,b75b108d-dc4e-576a-b5be-67b6318b47a3,HAS_REQUIREMENT
f63bca93-3b41-5dc7-9472-6304f15bc2f3,2f4787c7-5e59-5f91-8e23-72ce0d0d6176,HAS_REQUIREMENT
8ecee2bf-af0d-5484-81bc-228fe2bc8672,e5a8d45a-3d08-5bb2-bec4-f642deacaff0,HAS_REQUIREMENT
7dd8371a-18fc-517f-8d2c-73f9d531f523,48380493-619b-548f-bb6e-09e251b7579e,HAS_REQUIREMENT
5167713d-71f9-5275-959f-f829cb2c1999,654a2e1d-f7b1-5b6b-b29d-d06505742415,HAS_REQUIREMENT
2b14a9f8-5c72-5b48-a974-b87be475a66a,a6abc504-5f89-539c-9aaa-2479aa46b5cf,HAS_REQUIREMENT
289349b2-c473-5b37-ad46-0fdaae0b8f3e,3f8987f4-0cd0-503a-ba2c-75b9f254d5cc,HAS_REQUIREMENT
462173a9-2da0-555d-b60b-ff1fc87807fe,61323f36-2a74-5805-8335-a974873f1e92,HAS_REQUIREMENT
21c67423-8782-5bb1-8765-8e53b1c3104d,1639198d-a147-5b8a-b9f9-9ad11c2399cc,HAS_REQUIREMENT
8ba311f5-1dcb-5ffe-86fc-213f564365ab,86bf0dd8-b7cc-56d2-9ad3-f7ca2acd4aab,HAS_REQUIREMENT
b4572c1c-ff43-5991-83f4-6387f7910ab9,daeda750-fa7d-580e-9842-489ea0b7640d,HAS_REQUIREMENT
15422ca1-b9db-5b94-a573-e54788db3e1c,d24d3711-dddf-5184-9e32-6dcf254794f7,HAS_REQUIREMENT
8dda6ede-5665-58e6-ae36-39b9479c0d59,9ecc0963-d0b8-54bc-ad95-4734d5a26836,HAS_REQUIREMENT
64b81489-172b-54f6-9076-42f7a7a374d8,18e53574-a673-58af-bae5-6fb087f8c151,HAS_REQUIREMENT
0b1d0ec9-043f-5f33-ba6f-3be69f2ad6f6,b9bcb735-cc0a-58ed-8ae2-815193656472,HAS_REQUIREMENT
b990ee02-e752-5a33-9963-b7151caa7d5c,707bcc0a-153c-5c9a-8048-651042ef323d,HAS_REQUIREMENT
06de02f0-7a0a-536b-9e4f-ea1f3120ee95,4461d421-10b9-5577-92fa-918d7589d710,HAS_REQUIREMENT
0320ec08-979d-564f-be4b-af96ab2ae52d,33f9b71a-94cf-53a9-82bd-180aa1a1a14d,HAS_REQUIREMENT
3c0ff444-2cc2-5579-b693-1649140efa17,bfd5c003-d98a-57c2-bac8-5aba8f3f9e2b,HAS_REQUIREMENT
5c8037e7-a7f4-5d9d-be6f-e7fed6e535a5,3f884f67-1e9b-5d92-84f5-1c1101123fa5,HAS_REQUIREMENT
57726c7c-013a-5492-a301-3df3da90e79c,2d7b9edc-56eb-530d-bf89-2dfc3389e05e,HAS_REQUIREMENT
b0f85150-591e-5893-bfd2-cffab5e91a48,d584d2f7-07d4-5220-a57e-ef4ecf78e961,HAS_REQUIREMENT
8d3e08a9-3fe1-56f2-ae0a-d777413bef36,880be007-e2fd-5109-b92c-c53b178875fa,HAS_REQUIREMENT
62f4c173-e956-5edb-8539-ca5641f39463,fe273c44-a18a-53d5-91ef-ed2b98b7378f,HAS_REQUIREMENT
b3b1e864-167c-590f-84d8-c8df540bfd9e,ed392a5a-4672-5d75-b04e-fe81befaa6ed,HAS_REQUIREMENT
9fdaff2d-924d-5929-9c15-6243ff67a1d8,c412411f-279e-5768-8dd4-1f5c80981bea,HAS_REQUIREMENT
1988a7e1-2429-5861-ae47-37a1c06eda32,ff8d741d-d0cd-57e0-b3e2-d40ac2ee6fd4,HAS_REQUIREMENT
775b2a0c-1d6a-5625-887f-767f4d566257,13eba7e1-2690-5c3a-81fd-876dd7c847b6,HAS_REQUIREMENT
06860e60-4e97-543d-803b-9ff3e60016de,00826028-6f10-587a-a111-addcaf90d6a1,HAS_REQUIREMENT
2ec65def-1de3-59b5-a59b-96099e696a67,866b7d8f-b47c-5556-b16f-046c122d7538,HAS_REQUIREMENT
aa3d8f0c-c5bf-526e-9c69-07c6e317b161,8f06657f-781f-5955-85be-d87931368429,HAS_REQUIREMENT
4f51a3a2-e9c2-5dac-9e92-39a05383f422,51fb655d-609f-539b-ac03-1b82172a047a,HAS_REQUIREMENT
5492ce53-9bb0-55a2-a1dc-11aa55f14c89,671bd9aa-7efb-5c73-9205-cb4a4dbbccba,HAS_REQUIREMENT
ca7bcbe6-fed5-5533-8177-1440b9518ad3,fe5f2431-c8b4-5e4f-a5ea-bb1e99c4e97c,HAS_REQUIREMENT
b2e789d0-299a-54de-a35f-b896c8de14ca,65182d9f-57c4-595c-af25-54f8132ccab2,HAS_REQUIREMENT
13cf5cac-47ca-50b9-b08a-50cda1d40ab1,4a7d89f6-8272-5183-a114-e8e56b86ce76,HAS_REQUIREMENT
71e8fe71-1c3d-598b-9028-088515ec8256,b0b01982-1067-5f7b-8c55-bb3cb33a5b95,HAS_REQUIREMENT
e3b1f3af-c60b-5754-bf9d-3650946d07d8,dba4772e-796f-5832-9487-77026babc895,HAS_REQUIREMENT
d9cf8ac0-30d1-5d82-bbe5-8056fca10a15,b7ae19b1-72db-5888-8c80-f7944a0d20ce,HAS_REQUIREMENT
b079d11f-a436-5fab-8cd9-691b922f39b3,aa3053ca-c409-541e-b3ee-74824b69e61d,HAS_REQUIREMENT
c651a416-e51c-5686-8789-8c9369c6b833,db1e7f73-7e04-5fd4-ac5e-4bd4c14a80c5,HAS_REQUIREMENT
ea7f2c4e-b757-5b7c-8fcc-57ae76a11992,59e7dfeb-8714-53fe-8fc8-77ebbff0f5f3,HAS_REQUIREMENT
956782ba-4ce6-58fd-8304-03fad166955f,383d8819-35b6-5333-a79c-6cea5025bf4b,HAS_REQUIREMENT
140986d3-9285-5c3b-bbff-287c5f19c5e2,1049e333-f2f6-5aee-9f00-b8d668c11aed,HAS_REQUIREMENT
c9df8b05-557a-5242-bc19-f6d35931fea7,8eb14c87-79da-5639-a0a3-88433b411e3d,HAS_REQUIREMENT
06c575ed-7f37-521c-9b9c-ebde9a3b694b,d6f766d7-1cba-51b3-99d9-26c13cd0f0cd,HAS_REQUIREMENT
083d51c8-f749-5d66-b94d-15eec384736d,4b06fa45-3b7f-57da-98c3-575094836fb6,HAS_REQUIREMENT
8b3b47b3-55da-5db6-a77f-d1f03a278798,21104484-4572-5ccc-92d5-7a1f52ec8066,HAS_REQUIREMENT
7b0a61b5-3c8d-548e-bc4d-049144692134,876c0dbc-da56-5fe7-936b-ffed72d76139,HAS_REQUIREMENT
45d7d0ff-a8f5-5dbc-8de7-fd06fe5bfbde,331784b2-e274-5345-9cee-ade4727a8fa7,HAS_REQUIREMENT
20b340dd-4d6c-561b-b5d1-4cfc602b53d0,77cae716-0d08-5021-9a5c-833e93e9fe8e,HAS_REQUIREMENT
2335bac0-c167-58b1-bad8-87919fd31e41,a7acbbe4-5cbc-5834-8e36-c71f2426c326,HAS_REQUIREMENT
b21f2cc9-28b0-596b-818b-043537646a9b,511853e5-7fe9-5599-a708-bd40224cce0f,HAS_REQUIREMENT
03a706da-2ca0-54d3-a2ac-c08dd2ebdc1d,47b912aa-bb83-5448-9a5c-ff9bbfbc02cf,HAS_REQUIREMENT
49580119-c641-589d-a72d-7496f4ba065e,33ea66c8-0de2-5512-8303-82150894a9ef,HAS_REQUIREMENT
aa9d2f67-0c22-5e9c-bf3a-670ab7f015d5,764387a6-8eeb-5025-8270-769c896a1f33,HAS_REQUIREMENT
30e6644f-66b8-5498-ab96-586097101715,6812498a-0d31-594f-b705-89e8d98d7c70,HAS_REQUIREMENT
380f6dfb-05b6-5b70-8f11-32d563bb6475,1722e08e-43d9-585f-adf4-fb4b66288ae6,HAS_REQUIREMENT
fc28df07-933b-5318-b84f-c76c505359c8,693b1fc9-d60a-5511-9490-81e0c48dd2b3,HAS_REQUIREMENT
25ce6c96-65ef-5260-91f9-7903c9f5b407,655676ed-9f53-540c-acc1-feb3cfe155a7,HAS_REQUIREMENT
514a4454-30f4-51f3-8de4-b6385fdba843,b46e5583-c333-5c24-8420-858cc73861e1,HAS_REQUIREMENT
1acb5764-307c-56c7-a0b1-a9abaf6d0187,e599d2bb-4c57-5d21-8fe7-4ebb157cf343,HAS_REQUIREMENT
13b4b324-f85d-59e5-adab-ef87a37972b0,7abf3ff9-a390-5c86-93e2-b260c1603534,HAS_REQUIREMENT
a284c712-3ccc-5056-806c-7f8607b8e027,a735a6b1-4f38-5864-bfd0-9398c590300e,HAS_REQUIREMENT
b86b572f-a867-5a53-a590-a06f69b29ccb,e2e97d12-b9a4-54dd-9d34-47e66405de79,HAS_REQUIREMENT
d488e88f-377e-56d2-9df1-22609b7321e6,c1ec76a7-1b1e-5d69-af1f-f6dba3e12623,HAS_REQUIREMENT
401c4e6f-ee7a-5e40-bfe8-e1b26f68fdb7,fb92a8ba-424d-5f39-bb7b-e1a714f80cd0,HAS_REQUIREMENT
cd081c0a-9851-5112-88f4-012bd93e2b27,0c05a1cf-866f-5898-80fb-d67745f8fa87,HAS_REQUIREMENT
4560dbac-44c9-5222-9e43-c82dd62c969d,0ef355af-6941-5bbb-ba32-096bd23dbb93,HAS_REQUIREMENT
1e9d8100-f99b-52fd-bf24-c83ef276291f,ffc3d1ec-b666-5f86-9eb5-e5b1bb900260,HAS_REQUIREMENT
37421683-d616-5d32-ae24-ed0c708caae7,c42457a9-1c23-5c58-9138-781961f5e707,HAS_REQUIREMENT
38c10622-0951-55b6-bd23-8e1efb055f49,59ac5ffa-ec28-5417-ad18-ac5992d4c958,HAS_REQUIREMENT
cac3611c-9616-517f-8096-78fef44ab0c9,03a07308-78e7-5836-8a67-5124da04bc3d,HAS_REQUIREMENT
eaa79916-d0d6-5852-83be-7020bf0a8f54,d895eb02-7d8d-5320-9da1-285f3cc17ea4,HAS_REQUIREMENT
f6d56bff-6d3b-59da-9457-afb70c2df8a5,abb1b059-a4df-537d-8d04-44b5e8fd3869,HAS_REQUIREMENT
7c0dd139-c5b2-5296-9be2-0518f554b1a3,677a74fa-ecd0-5562-a21b-dfb610aec5a7,HAS_REQUIREMENT
2c26b86c-a691-51a5-884d-b5ce5a660968,c2164663-4c6b-5941-9d69-c514571eadcd,HAS_REQUIREMENT
8c08c8b4-2529-5ca4-a17d-8d36de3d710f,10239578-dc0d-59f5-b8e9-adceddcda284,HAS_REQUIREMENT
489969fa-bceb-597c-8df6-8d4f5c2efadc,18e50a2d-34d2-5dc4-8c52-de87a0f6886f,HAS_REQUIREMENT
0261e165-1ffc-5519-b3f5-c0f216cdb76b,98d57f6d-4ec7-58da-977a-c37ba30c440b,HAS_REQUIREMENT
1bb82fdc-d5cb-5e24-828a-37eafdf1cf64,f50648d0-7bbc-5a8e-a003-a0e19d4e3617,HAS_REQUIREMENT
30e851b3-31fa-51d9-a896-2c12313d07d7,30641129-e154-5beb-9d33-9e08fe2865a2,HAS_REQUIREMENT
8efaa916-0cb9-58df-b241-f6d666bd9307,979f181f-9da2-557e-920e-378bb37f6472,HAS_REQUIREMENT
be15eedb-d120-577a-9df8-863c2a61dbbf,0e722c5d-ce7c-50c1-b3e4-52ae01fda8a1,HAS_REQUIREMENT
0e51bdca-9509-5162-8054-f3595ed3669b,78a16c6a-2485-5477-9460-1baef520900c,HAS_REQUIREMENT
f5f52ff0-4660-5738-a09f-395e12478a3b,d4a6a368-16ed-569c-992d-cd22c1eed125,HAS_REQUIREMENT
b65ee5a1-4360-58d9-9014-dfcefbd384f8,55a8b974-3c65-5c9d-9236-d0215a62daf7,HAS_REQUIREMENT
493204d5-e771-5153-88c4-f18d724d0ff7,135047ef-8a88-5ac8-bc33-1417aa061fcd,HAS_REQUIREMENT
f37135bb-8537-53e1-a88f-7bd27cefd216,58439146-bdae-540a-b59c-08d2744a0f66,HAS_REQUIREMENT
43b85cc5-42c3-50d2-be60-e906bd4c2db0,0a8f142b-d0bb-5dad-80dc-a7165b9bf9cb,HAS_REQUIREMENT
69aa885c-d053-5fa1-a52d-f797383d8734,d3c00cb4-2917-5797-88b7-8738bc271ddb,HAS_REQUIREMENT
2d810205-28b5-552e-aca8-70f95291a0cf,9b0010f1-89d6-5cca-a002-8105dcba2a93,HAS_REQUIREMENT
430d3560-97de-5882-8d91-dbe7e63b9752,12c417f1-c304-5773-a2d1-dc67399e4877,HAS_REQUIREMENT
240e7ac4-1ba7-5864-8b79-7fce43edefdc,3600f16b-7a01-56f7-bf9d-41586c0b0630,HAS_REQUIREMENT
02dcafa3-a9b4-5063-bf37-7f8406bb5e37,f03a3634-59f1-5def-b483-f1f4d5949831,HAS_REQUIREMENT
4b4d0184-620b-54b5-9f08-14ad511bdc11,abff2981-fa36-55d1-aac6-fb95b41ecdc1,HAS_REQUIREMENT
7168c6b1-0646-5524-a97d-19bae0e8b07b,6033a12f-15cb-556d-a6f1-5f6f3056a141,HAS_REQUIREMENT
cd59c98c-2443-57fa-a057-34c51804edee,d0bb516f-209b-5883-86e2-2c2c0e87b744,HAS_REQUIREMENT
3875eed2-1fcc-5972-bfda-69c09c8765a5,ea81b835-df13-53c7-a92b-9b22a79c827b,HAS_REQUIREMENT
109914a8-dd65-50f8-83ce-57c85c4e1da1,7c34f400-9663-53b7-abfe-2b77d3c85156,HAS_REQUIREMENT
0a2a02c9-a156-5002-889f-14b6b1ba12dc,66e155db-5e6d-5a04-aa6f-c8c36fdcc3ec,HAS_REQUIREMENT
1f836ed2-be61-53a0-9e4d-b9850157e491,55cdb41c-d7ed-5171-8ec1-e1f7e4c06ce8,HAS_REQUIREMENT
c660ea52-7785-54ce-87a3-6db9709c32fa,e1a0952f-1e8f-5b97-86a5-9870553395c4,HAS_REQUIREMENT
78be7582-af38-5bec-9860-0a58aeb0558e,b7de7dae-337f-5340-952b-3f445a6b6a57,HAS_REQUIREMENT
599c75b6-b35e-5226-92b0-698eb5b78487,3ba4e07c-8047-55ac-952b-7b5b81fc71d4,HAS_REQUIREMENT
ed5c7605-a9ad-5ce6-9cea-f63fd24a0a7e,1ea74517-9ae0-55d9-be66-24c1e01e5346,HAS_REQUIREMENT
bdc69a6d-647d-50dc-96ba-345669bc6c14,a95510e7-eabf-5c96-b0ec-96d89bd1c7d0,HAS_REQUIREMENT
8a5e90fb-a724-567c-bcab-8728244da43e,f0505c7d-fbcf-50a7-8ec9-25f777007921,HAS_REQUIREMENT
05fae5ea-5f0d-524b-91d7-ede9e3071b7a,3d1ddccc-c08e-567b-bbc3-37905f51f526,HAS_REQUIREMENT
5fe212db-eeda-588e-936e-c6a49f5c28fb,a8a427a7-1110-5b3b-b6de-b43ca777cd4f,HAS_REQUIREMENT
c4d52c75-fe74-50ca-9fc6-e5e1b1fb3604,5cd77a2f-add3-571f-a8a8-d6d38d78400c,HAS_REQUIREMENT
8b53f7e7-2e30-5868-b824-ff33cf032d44,c3670c5a-716b-50e7-ac6e-fb7074ed598f,HAS_REQUIREMENT
770f9979-2e64-50ad-b51b-a96138b73074,bb67ac95-52f0-5cbf-bb12-48fd1abb23bf,HAS_REQUIREMENT
803b0309-d0d1-5ab3-b277-98c4449274c3,868eb344-a338-5e2c-a834-68c9ff5f836c,HAS_REQUIREMENT
3d23f4c9-7788-5b55-9542-0ef82eb1e099,7b06277f-cf1b-5637-b565-10dabc36d5f9,HAS_REQUIREMENT
c0b0e953-d423-5b05-8555-c8dacaf503eb,9c8434a4-e31f-578c-8d2d-4d633d3dcf80,HAS_REQUIREMENT
758613d1-6c30-5d19-9ef0-9d0feeb7813a,8200f962-4034-5d04-a75c-d472df8e9dd6,HAS_REQUIREMENT
461231e4-4c0d-5d21-b181-bafa1eb1925c,7d3b63f8-b49a-58f5-a285-5589301c8845,HAS_REQUIREMENT
c73c91a4-484f-5595-8bc1-769d7abc9c40,2a0e0e6f-84b0-52c2-a448-732fc98fcfc3,HAS_REQUIREMENT
a0c495eb-2be4-5e9c-a29d-bd31e204ab30,8ad954e9-3378-544f-88fc-e03df2daeb8e,HAS_REQUIREMENT
887743de-3849-57fd-b8db-248c510c16bd,8427f905-3b17-5e58-a724-70cf5ed3267f,HAS_REQUIREMENT
19efb6d5-a6fe-5a7e-9fbd-69edae545dea,d82c8d7f-40a8-5260-bd9b-c487b45ba4e2,HAS_REQUIREMENT
3c2ce811-f54e-5598-b366-2fb5c60501c1,84db9f1a-97d4-58f9-b568-545b77eff46a,HAS_REQUIREMENT
66e218a4-abff-5fd2-864a-6bac62356b00,facabd47-548f-572e-b099-2a6228e75983,HAS_REQUIREMENT
48d1be6a-1c5c-5752-8c54-adc137ba8773,c03d2e12-3b78-564d-a2ad-05889d5936c2,HAS_REQUIREMENT
a865bfc2-6719-59c6-88e8-59845c9aa60b,ca057021-790b-5a15-b72c-3e65e4922d4c,HAS_REQUIREMENT
a9bc6c86-0f37-55f6-8fd8-5bd0f5b3431f,98dba639-8067-5a73-9490-ad7a2bb9875c,HAS_REQUIREMENT
6385cb69-b11e-58bc-a78f-1f1054bddb52,15a61f6c-2d0c-5945-b704-b0cc9cc25984,HAS_REQUIREMENT
a5dfcfd0-88aa-55d4-8f67-0b980f431ba8,8e5d95e0-66e5-507b-a809-e9209b622afe,HAS_REQUIREMENT
beec3526-4080-55b4-975d-4d10be7ca0d1,5a34c0c5-95ca-5f6b-a1d0-e691d1f74c06,HAS_REQUIREMENT
48c6cc89-040d-57c2-b39b-91d3286f80f1,27be2eda-d34f-5498-8962-0b902f6321c2,HAS_REQUIREMENT
c4db020e-4062-56a7-8a2e-254a16eaa99d,67a584a1-150b-5436-9c5b-d1b6c4ccf2c3,HAS_REQUIREMENT
802b8e85-717f-51ec-804c-0a0eb1d18e68,caafbbfc-1a09-502b-a481-cfc0e1085d79,HAS_REQUIREMENT
ef56c4e3-c945-55b8-96e6-2d5396d050c2,ab08670a-e328-5d48-8ea2-6e4ad09c3774,HAS_REQUIREMENT
cfb56a62-29ea-513f-b81b-9ff6fb24bc00,4bb5aabc-2853-5c56-b800-af8c6cb75fe7,HAS_REQUIREMENT
b6a64774-d25a-5b2a-b48f-d72a8e1230a9,dfba631c-e075-59c8-b32a-6bcc7a2d6d30,HAS_REQUIREMENT
773b21ab-bbff-5d79-aeb0-2026b698f7c0,bd44b710-17e7-510c-95e0-3d0a8d286817,HAS_REQUIREMENT
3b9de3bf-6713-5e1b-8f33-38755b7b6ddd,42a1e697-983c-563f-845c-c88c68f5b653,HAS_REQUIREMENT
0cd8d7e9-f592-5287-9944-1a0a58c4c418,a1fadf52-1b87-511e-a634-84b758c64249,HAS_REQUIREMENT
1892f266-33be-5eef-9d3d-6e49db7e3320,bfbdac12-0f9f-5fba-a682-471e50d2078a,HAS_REQUIREMENT
9bd052ab-ec2d-5b67-a44e-fbb8b37db563,42962459-0385-53df-aff9-b74ea1b22037,HAS_REQUIREMENT
d980938f-7ff3-57f7-9ac7-5536f41d920d,70bae407-6c4f-55f3-b9d9-04c822713405,HAS_REQUIREMENT
0a46f5fe-a0fc-5ec3-bab7-b3765219de73,2d727c85-cc20-594a-85ea-139341360189,HAS_REQUIREMENT
1dbf303a-b2f6-5a0c-a71d-c79814389494,376eea18-34d7-5194-a981-e9bd933fdf8b,HAS_REQUIREMENT
20f086a9-3cf9-5a96-9963-72334d33f4fc,ef9aba38-279c-5966-9f84-8e4c850aa748,HAS_REQUIREMENT
0a677bc4-e6c4-5520-a689-269e5e5306aa,86cf356d-82ae-592f-8ff0-6edd61f1843f,HAS_REQUIREMENT
cae0f10c-6fac-55d6-af28-be8bd6712ce7,64903479-def8-5dab-85cf-ed2b734fbbb5,HAS_REQUIREMENT
31afc262-76c6-5ccf-a67d-cb2a952763a9,f9c04a4d-5615-5fcf-b015-021dcf739f9d,HAS_REQUIREMENT
bcdd4ebf-d972-5a21-b1e0-99b580e6d0b7,c1c369fc-b0d4-535f-b10f-ca47b0352757,HAS_REQUIREMENT
1df5e288-4aa3-5483-9566-a896f0aa1f56,9f095f13-d2ad-5a2f-9abf-8f0af835b8fd,HAS_REQUIREMENT
94df7fdb-c759-5e27-8f5e-2c27d7132ab0,12a67a3a-1fbf-5893-b6b6-9cb1a792783b,HAS_REQUIREMENT
6788e753-373e-575f-ae07-ceae711002a8,fe7916a5-f350-537f-83dc-d0592fe6c88d,HAS_REQUIREMENT
5bf857e2-693e-577e-8789-49100c95dc60,c8d261f3-fa6b-53cf-a607-891cece8f7a6,HAS_REQUIREMENT
22dc37e9-a7d1-54ee-ac41-92735c0b8398,7fe4163a-c37b-5625-988d-85981f93a678,HAS_REQUIREMENT
6f6041a4-025c-533c-8727-00e8fe9d795c,f42fd852-9061-5616-a2db-9ecc6550e893,HAS_REQUIREMENT
06b0af88-994d-5423-b5e8-c955ce26d764,036df501-7353-51da-8ae9-2133c472df09,HAS_REQUIREMENT
66666ccb-bce0-5b95-b08e-099e1ca5ac26,7b052d3d-459e-560e-80d5-dbbb280d363b,HAS_REQUIREMENT
f66c01e4-0ea9-50cb-b5e0-d6014088f192,75dad65c-7571-547e-8d2a-97c588b7fabc,HAS_REQUIREMENT
08257373-32c9-5a0f-bc64-300f3a425f95,5174d4f0-355a-5810-8bbb-2e8691af30d6,HAS_REQUIREMENT
da25a60a-fbd2-5c26-a31e-d5cee598882c,47cdb228-de02-5805-9e8f-9dbd1a1904bf,HAS_REQUIREMENT
7953b976-a408-57b2-9101-270924e6087d,98607551-3660-52ac-b94c-9cdb546cb8c8,HAS_REQUIREMENT
171b3255-c4c8-5020-8017-3d1a815946d2,fe30d3df-e828-504d-bb66-4bbabf207acd,HAS_REQUIREMENT
8eb803b2-97e0-532b-973f-a0a2a51c7544,30d1d27a-b0c6-5281-8537-dbe1649065ac,HAS_REQUIREMENT
a427374f-21ad-5fef-9e28-bc480339cec7,dce851eb-6a85-51c6-8e1b-6dacae8f8303,HAS_REQUIREMENT
277f1314-2456-5d5f-a54f-184af7ccdb09,84f933da-0c4f-5734-ba23-3b06bf0fb2c4,HAS_REQUIREMENT
3c7aead0-57e7-5092-b553-f4609c7a2d42,3aad9af8-3ddb-5e00-b817-617fb8bba788,HAS_REQUIREMENT
f94f3ca5-c05d-5f1b-b1a8-3043cd72b61c,022df7b9-e14e-5fe2-a707-d05a2f180f6f,HAS_REQUIREMENT
1c73d992-41f0-586f-b1d6-c5fba64f2ead,100cf8ee-75e1-524f-9ab1-21f596aae131,HAS_REQUIREMENT
721750bd-63ef-5219-b8cf-f4e535b510ca,85ea08cf-1b6f-5288-bed8-f8fe8748b4ac,HAS_REQUIREMENT
a5254732-b13f-52e8-910e-f7b6b468a8f3,53d8944f-2015-5704-a21a-39cfa490501d,HAS_REQUIREMENT
b5e7427b-668f-52ff-b210-d329c1d3a03e,7c07ad26-ea90-55a7-936f-f285114e2d62,HAS_REQUIREMENT
559e372e-8672-5764-93fa-eb35dd172411,01457a2d-b248-54e7-a543-6c12130dda34,HAS_REQUIREMENT
860141ee-1db3-591a-8194-9f7717a5e784,0084409f-7d6f-5c72-8912-66e1ba9b16ea,HAS_REQUIREMENT
9883b462-136e-5102-ac2c-26a569aaf390,33f0e028-e95e-5f5b-a6ca-f971b174e90f,HAS_REQUIREMENT
847d5e2c-bf1a-59ed-8467-bbff71ae9de9,1d60c2c4-a6b5-56ad-b030-86dd23fb4106,HAS_REQUIREMENT
936b33d1-36a1-5417-a14d-91d23a1217c7,c62e1b80-3afb-5281-8afe-782ba525bde0,HAS_REQUIREMENT
27476875-635a-544b-960b-0c72b171210f,934090ae-0ff5-5365-b80b-452073de9870,HAS_REQUIREMENT
47d11ddb-d11a-58e4-9188-6aca03f8b539,13ddc605-82cb-5ede-8750-0fa52aefcda0,HAS_REQUIREMENT
13000415-3755-5032-9acd-013d13fbd997,51dcbccc-4b46-5d65-9e22-4734848b16d9,HAS_REQUIREMENT
9d5cb9da-87c5-5a19-905e-c4ad583de013,6fd56395-bf72-51a2-bfce-4fb41f0f56d1,HAS_REQUIREMENT
1bef3684-a774-59f7-bb5b-bc45c9058a6d,9b7efc5f-58f3-599a-8c42-1dd3baa3660e,HAS_REQUIREMENT
09c38eff-8d74-5c6a-88c4-c2b42ed3778e,0456acab-80a7-5dcf-b3b4-2c495bd97a90,HAS_REQUIREMENT
6d00f289-6899-51da-b965-e747eb600b6a,5c51d589-5056-53f9-8a15-1d638451b194,HAS_REQUIREMENT
9eb01489-292a-59d9-8f76-231f45c5336e,c853e95e-1710-5bab-a437-d1657778dbfa,HAS_REQUIREMENT
bf55cb23-d5aa-5beb-b463-781a22efb46a,acf60644-c208-5344-9c1f-1740665d8e06,HAS_REQUIREMENT
ee3beeb4-0dac-5e2f-8df6-7f4856cf5701,f538af45-be1e-5a3e-88d8-89a6715c035c,HAS_REQUIREMENT
60b0abd2-f165-52db-877a-caf91430709e,1757452f-d676-5715-a256-fffce4e08d6e,HAS_REQUIREMENT
e3fa8e49-544f-5f2a-9373-8d5ae30e2802,8d52d633-091c-567d-8095-666882dcc57b,HAS_REQUIREMENT
4f4ffad4-05f3-549f-9381-3e0d0c107e1a,48c917f8-b3e5-5648-8cb8-baa97520b9c8,HAS_REQUIREMENT
b3176a71-b1af-5c14-9438-eaabca70db99,faac47f4-1e6a-574a-99a3-b189193e97c6,HAS_REQUIREMENT
145d77a3-e3d8-5514-9ef4-397e430c5370,915f171b-b144-5071-89d6-330b56d396b3,HAS_REQUIREMENT
a7136c25-1b1f-5fa5-9eeb-4d1c2241a6f6,7719cfd5-6024-5fa1-be9e-cb61f70991a7,HAS_REQUIREMENT
e55f5b14-356a-5605-ba3f-dc4d305f0f2b,1fddf98c-252b-564f-a5ae-694833f0fd5b,HAS_REQUIREMENT
63cb6361-8af4-5b08-969a-d7a0ad7a0475,63d8fe51-27bd-5754-a72c-3da4326ecb5f,HAS_REQUIREMENT
08a0b6e3-55db-56e3-aa48-3e3b0590f15e,4d42986f-1071-51d7-a5c3-7bae8b7d0790,HAS_REQUIREMENT
63cab556-b032-5ef9-92ae-ca409e026dab,0173bc4a-91aa-59aa-95c0-3ca6fc2b5a7e,HAS_REQUIREMENT
5f0f418d-363b-5777-a8bf-bb2499ac8ade,5da6ea84-f74e-54f4-a6d5-2bc47e670ac3,HAS_REQUIREMENT
04c78d9d-f780-5570-8b43-9818326caecb,f4857bef-d372-5450-8f9b-272954646325,HAS_REQUIREMENT
33f96b74-ae9c-5b19-8b80-761c5aebd981,b14004ce-1226-591d-b10f-17ab764ae7c1,HAS_REQUIREMENT
54d8794c-f610-5e3d-a0dd-b2be19df32c1,fe69a947-7888-58ab-899e-2c76db7c6d5c,HAS_REQUIREMENT
e25b7bef-64aa-5d32-8722-dea3cb197041,6076abf6-f1ae-5066-9dd2-aee6a6d3bd96,HAS_REQUIREMENT
f80f3f1e-e0f1-5b61-b602-dcd8ae4e8e46,cb5c96c9-7703-5cd6-932f-dc159fb5c198,HAS_REQUIREMENT
63e5f34f-88dc-5d40-a0c5-dd9ae67b2520,6e28efff-2054-5ad7-b6c6-56d8b8141d0c,HAS_REQUIREMENT
68009df0-c320-5c18-94fb-d8cad1c42b0f,75077774-0907-5384-a56f-b943621ef921,HAS_REQUIREMENT
bccb113a-4996-5981-a0d5-2db0cf4c0247,2a83f7e0-8f38-5d59-8380-4f0c35d93458,HAS_REQUIREMENT
57ebb7f1-9243-55c0-a451-972133e34a99,1a5a4681-0dbb-5511-8399-70b732a876a1,HAS_REQUIREMENT
76d8d568-1ec2-5217-84d6-41f2492193d8,27296a9b-c553-589a-8ff7-1e1deb6df68e,HAS_REQUIREMENT
b0a23efb-2bef-542b-a684-84873dcab8bc,52d8306a-0d6f-59a8-86c8-fde11a4d1972,HAS_REQUIREMENT
9b43402e-66ac-5515-bf6a-5f54cd8ba9b7,8dfebdc8-5c93-5f6c-85bd-6a57892e65c6,HAS_REQUIREMENT
1e9a1c54-5df6-5747-bf5e-82aee69cfd0d,483b72d1-4a86-5821-b665-14491ff298d1,HAS_REQUIREMENT
84d10195-87ea-5cc1-be02-78884064331e,92f83473-9e16-5794-9cfe-7da22b067b5f,HAS_REQUIREMENT
4196b3be-30fe-5d37-8d8f-40ad6a78aaba,4a4e03d7-d4ee-564f-bc65-8d442c15ad44,HAS_REQUIREMENT
134c5574-db6c-559c-8000-a5c33b9e97df,986856bb-7d28-56f1-947d-b3bbfbee14d0,HAS_REQUIREMENT
095be373-1f15-57fa-b059-270981a2390f,7faa67a8-5a06-5aab-a31d-0fd2c4f21c58,HAS_REQUIREMENT
4a50a466-08ab-53d4-8e44-2531b46860e4,7abcfb40-f8d9-58d4-949b-4eb43cae360d,HAS_REQUIREMENT
1ce5cb49-22a4-501e-b564-574228d5bcd7,fd81b622-3d18-5475-8e42-3ebd6b047669,HAS_REQUIREMENT
ae389e30-ac1d-5553-bcc1-9d470f45dfa6,ad371928-63d9-570a-8c20-4d60b3e904fd,HAS_REQUIREMENT
b90900b3-15b0-52f4-a8e0-d6c93ac4d9cb,b182a6c8-2621-5a1a-83c7-d3cbe8a0fdd2,HAS_REQUIREMENT
84a4e340-79ab-53f6-b2c2-19bea9b15839,2382da92-0579-53c3-9025-b186768ad17b,HAS_REQUIREMENT
295b1f0e-eddb-5c6e-b3c5-74baef6d8dcc,51348401-7b97-5f36-ac63-131722d436b6,HAS_REQUIREMENT
62969dd1-6d1d-5d75-9e83-78aa7231b4cc,4954a438-371b-58b9-b9e0-2b7a512979e6,HAS_REQUIREMENT
a2474cc0-ace2-528b-8714-00596d136041,5c73e3c7-eaeb-5ec2-a6b4-3a85908022a0,HAS_REQUIREMENT
22eeb550-6b2c-5d28-8a25-9251d6c5cf32,04220bb2-846a-5778-bbf2-3dc4da039955,HAS_REQUIREMENT
cd145485-8dfc-574b-be4b-287454f5deee,deba0597-26c4-51a3-93dd-f0f9336f537b,HAS_REQUIREMENT
1b7f5ed9-c467-5305-b9fd-6f1b63608946,cc3a6f70-cab6-5d64-a3fa-04de08148d05,HAS_REQUIREMENT
b75113a1-b76e-5e9a-b3f3-a672e6095f22,a668dca9-c0a1-5662-a60b-7d6cfb58c48a,HAS_REQUIREMENT
f390084c-f3fd-5f22-98f8-17b7f6620b43,d4acc498-c8f5-5c69-9eff-d8708f17a7da,HAS_REQUIREMENT
c72906e2-db20-52d3-b91c-ee7ff3878de8,db9046cd-6b39-5b1e-9931-296078cf3810,HAS_REQUIREMENT
59c5c4e4-5e0a-5d5b-b056-1a56cc7985f8,0ba7ad31-1466-5ecd-abf5-5ea502056f0f,HAS_REQUIREMENT
bde6575f-dfcb-5972-a6dc-87ef7e4e09a8,7887cd06-5df7-5f51-852f-fcb4f62c4d10,HAS_REQUIREMENT
4f089e55-6543-5336-9b01-abbb82efec31,be6a70bf-6170-5ae3-a7f1-a5a436b86a43,HAS_REQUIREMENT
b0a92c2f-6573-5dc4-a020-1b1252ec8d56,f07d803e-bb3b-5b45-a42e-98028b4ef763,HAS_REQUIREMENT
f3b83dbf-e662-5403-83b9-1a7fb3ffe999,d64de5cb-fa3a-534f-8043-42327b82856d,HAS_REQUIREMENT
8fd27eb8-3642-5960-ab73-8d34e49302a8,7090cd36-b000-57f5-a2fb-061080555ab4,HAS_REQUIREMENT
07a4d273-a702-5c73-a528-9097cf84a732,4102d241-6231-5aae-824c-f1bd01eed58b,HAS_REQUIREMENT
0ed75da5-9802-5fd6-a347-318137fd2936,c8be4431-4ab5-56df-b6f7-1d2b19fc9474,HAS_REQUIREMENT
82381b77-cfb1-59eb-a203-786b1c4f0c39,0d8792bc-f3fc-57c1-8778-89191a35efcd,HAS_REQUIREMENT
7b9e0e7a-aae1-5dc5-b4cb-b892b56dff75,d2fa4da2-4abe-55eb-bad2-c1e28a892f10,HAS_REQUIREMENT
d29dfbee-7077-585b-8127-692908ecb95f,e8fec599-a7f6-58af-9984-7c01f7a74f47,HAS_REQUIREMENT
dbfaa3bb-8b1c-5845-aa28-fcfca2197c63,1bb8a7f3-afc0-5607-b8bc-9aadd6c47ff2,HAS_REQUIREMENT
5f64980a-9d61-54c4-b394-2d0167731cd7,7044d7b3-d2ae-5dab-adec-384513f36be2,HAS_REQUIREMENT
b1e7753b-7e31-531b-9f9d-8120b3f24224,a53a5a29-8bf5-5db4-8802-daebdf1920da,HAS_REQUIREMENT
586323c2-d599-5986-bbef-95bc364d2147,418b3102-a168-5ea6-bc86-028d86ff251b,HAS_REQUIREMENT
b091bc59-ffc9-5898-8ccd-d92bf9c61143,164cd576-0cea-520d-9d5e-0888a9f57841,HAS_REQUIREMENT
d92b861a-f556-5379-a01c-4fe61179f053,d666a6fa-6265-5d16-831d-b2a5d5e11cd5,HAS_REQUIREMENT
bbaf84e4-8180-5e23-9b6a-79f07a269ec9,77c7971b-4f42-5d0d-aa9b-e600b54aa3f3,HAS_REQUIREMENT
059c91d5-593b-5334-9dd6-37faf079f6f8,9fdf7bad-c864-5a1e-a542-b0a8a2b03e7c,HAS_REQUIREMENT
e42ca4cc-37e4-5ea4-a5ae-f215738536c8,d6f95b20-c2cc-5de3-953e-64f22ebb6c7f,HAS_REQUIREMENT
2b45f0ba-9c6f-5dc7-a117-66bb887ce087,e1abf4dd-5a8c-5732-b98f-5f0054e8e10e,HAS_REQUIREMENT
2091d1d7-d7b8-5cef-809a-1b1c3425640c,68ce10bf-a2fa-55ec-9e48-15ec9e62a186,HAS_REQUIREMENT
176a8ce1-bf87-59a1-8aac-e51a0f4f71ce,305b85ae-7d00-564c-abce-4341a3a306d9,HAS_REQUIREMENT
b4df5a5d-b211-5597-a83e-c8c9e15ace93,39788013-23bd-5f34-ad38-5f088db33aa4,HAS_REQUIREMENT
f43a67d3-6404-5ff7-8946-78c3d4fdf108,d60ac1e7-d8e2-5f98-b2a7-bd40115e0ee9,HAS_REQUIREMENT
2b505beb-e737-523a-9e30-988ebe1153ab,9fcb879e-6161-5dab-aca9-99e2d4770146,HAS_REQUIREMENT
ed56c834-71ba-52cc-8ef5-b09a97b89100,61398204-e7af-55cb-b486-3fea181bef7d,HAS_REQUIREMENT
ad360ec1-04b2-5613-b9e9-5e635ebe4bea,d310d082-a11f-5f49-8c0e-393c61f99dbc,HAS_REQUIREMENT
82ef800b-ab24-574e-84a9-4c20c41d6785,c6225061-0ff8-5134-b34b-0b3281339ee7,HAS_REQUIREMENT
fa6d8dec-85ff-544d-9e77-09a01d0761df,d4ff67c7-396d-5e4a-957b-6e34920e65c8,HAS_REQUIREMENT
03e4e22e-eb1b-5602-82de-e496b586b971,d16b34cd-d46d-5100-b86d-0d6132943b39,HAS_REQUIREMENT
9b9df5eb-b0d0-5ae0-9413-7ebbf05a702c,5a876bda-89e6-5f70-9642-1038df1e2133,HAS_REQUIREMENT
a2d7c105-43f4-56de-a510-8d571e3122c5,8ca62309-b976-5e3d-9104-c3df1c1f2cd2,HAS_REQUIREMENT
2ede85b3-bf33-53dc-acf1-7427a7715a91,19d44c99-2a5f-5f1f-8031-26d953d7c570,HAS_REQUIREMENT
f841de9a-6f73-5f41-910e-c8c3f304aa98,c916823b-cfcf-5cf6-9a5c-5919a78f3ff3,HAS_REQUIREMENT
4a7e548b-b2a2-5098-8e1b-1b12fabeea36,7bab1584-f619-5a3f-81ec-2b8afde21def,HAS_REQUIREMENT
a62eecbb-49b6-5674-85ed-7c1341199df8,bcd868c6-062e-5bc5-8156-1dad7da7468b,HAS_REQUIREMENT
783c01be-d3e9-5bbb-a57d-87e6a89b2812,d7e41274-d97c-52d6-896e-ef3da7a8daeb,HAS_REQUIREMENT
e0059d80-fd41-518d-918a-874a2ded3af6,80695432-bd09-5b6b-a1a4-094004460850,HAS_REQUIREMENT
164b4911-4ce1-59a5-8c5a-13d24dc92213,ae5f3146-afad-5cbe-bc48-084aa64ab5fd,HAS_REQUIREMENT
a03d8d3e-1c59-5018-a102-513acea06437,b36661f2-9a13-554e-a0f9-98182f705fb7,HAS_REQUIREMENT
27c4b09a-9c1e-5d86-a88c-4ad4f54fdf67,a4d55aae-4eb8-52c6-947e-22ea1081cc47,HAS_REQUIREMENT
3eb61ddb-8c8d-55ef-b1eb-e19097758f24,2977061c-c6ed-5ad2-920f-485c8e49546e,HAS_REQUIREMENT
62b5492f-b5b6-5656-b04a-4e6f71549c86,744b8c4f-26a0-5010-a615-72a7bf42188f,HAS_REQUIREMENT
3fb50330-bbaf-5f12-a71b-e0c818822777,daa0cb65-0e38-510d-ab1d-4171d0a71b6f,HAS_REQUIREMENT
c48fb859-fbe1-5123-bea7-9c1b596a8913,867ee44b-f2fe-5289-ad0d-324d786c08bf,HAS_REQUIREMENT
fc62cafb-c442-5e40-a962-5871f56be1d9,bb3ee4ca-e16b-544f-85d8-ebcf18420968,HAS_REQUIREMENT
579b0dd6-f4f1-5e9e-85c8-6331dd49e777,2896b56b-5cc1-5bb8-9fd3-94a53ed112e7,HAS_REQUIREMENT
2c2a209c-6acd-57b5-8468-471914e8fb46,2b6e9347-f166-5ea3-b019-8f69c82df81c,HAS_REQUIREMENT
20aba366-9bd2-57fd-b732-31dde1be98c2,6c1bf1ff-0e2b-5110-8e2f-e6c276af381f,HAS_REQUIREMENT
a10bd639-8922-54bf-8c73-8c0febfa27fb,051028b1-6c65-5e59-9cb4-65d9496ce9aa,HAS_REQUIREMENT
bee253ee-01a9-5226-b3e0-89b11c46913b,8dbca717-4b4e-527c-88e6-9355060d35d7,HAS_REQUIREMENT
31142ce8-83ea-5c3a-b6a9-f74864554d45,fc59a6cd-761a-52c3-b5ce-8db15846542b,HAS_REQUIREMENT
88dc1b39-1b3f-555c-9af8-1ce95b892b34,47fb91a3-ae99-5e2b-a63c-f0ea3381dd88,HAS_REQUIREMENT
59bdc7d0-3a7f-5ed9-b1f9-958ad2173a25,81de4d86-dca1-5632-a30e-536a23c22098,HAS_REQUIREMENT
0e29b16c-a6bb-5901-8796-0c2db0f3bb3f,b73894de-a2c8-55b4-9c19-07f7610932cf,HAS_REQUIREMENT
a8a587d6-25d1-5087-9bd9-311a126810a5,c20285e8-8831-51b7-baf4-4da5cd3e0ed2,HAS_REQUIREMENT
f338e0c9-d5a6-50a0-9c9a-26f91080fbdc,17d1ca06-6af3-5ec6-8d0b-db9a4df70b4d,HAS_REQUIREMENT
1b2e4fe8-ce3a-5823-afbe-36a509417202,0d30ee03-5b9f-5a26-ae6a-6aaaea67d943,HAS_REQUIREMENT
ca6a07f2-f10c-5c0c-87d5-731b86a39063,848991c8-be2e-56bf-a547-e3daf868acbb,HAS_REQUIREMENT
57d66cbb-ac12-5a3e-8d2a-242d69032c2a,07c93c9d-c0f3-5b4b-9346-886d34617413,HAS_REQUIREMENT
9faa82b6-940f-55ea-9e1d-f2b41d15e173,7bb68b6c-26a1-5d26-b7b5-3175de727dac,HAS_REQUIREMENT
7847c88a-28cd-5ca4-ba27-e6b13413daaf,0730315f-0a1b-5fdf-b38f-3e842165b409,HAS_REQUIREMENT
441afa7f-1f3e-5d80-96be-4e9b9de6bee8,6ac12b9b-9029-5069-aacf-ebf376b09d00,HAS_REQUIREMENT
8068bae2-c6f8-5af8-9e23-7f6001a400e3,a1e45817-e41c-5e0a-a0c0-b481280aeba4,HAS_REQUIREMENT
040c3409-67c6-59f8-a686-b37b6fedd40b,3b748f30-6a11-50f8-97d6-3cd7aeac5f1f,HAS_REQUIREMENT
87e21c91-1a42-567d-97cf-bf41612ecc0f,46220e31-d74d-51fb-9370-b8fa30103692,HAS_REQUIREMENT
344a6536-85d3-51df-8c25-d3b7029914b3,a8e9774e-dc5e-5f7e-8f34-1128ecd89ce3,HAS_REQUIREMENT
2acc74b5-b294-5f0a-9411-ef1c7993ad7e,48b7d269-e539-5faa-9382-d46efd25a5e8,HAS_REQUIREMENT
fe210ea1-98de-5b76-a9f1-0907f6830639,c251012c-6564-56e5-a7d4-b835568dfd74,HAS_REQUIREMENT
edb20dfc-518a-5860-8643-4b93cd751f9f,119dae23-d987-576d-a631-75f95a54267c,HAS_REQUIREMENT
b704a595-fc58-560d-974c-e82ca7b99741,ba93a120-7e84-5113-9955-cd29019bbb4c,HAS_REQUIREMENT
e1ac9643-2944-52dc-b283-b6058b45f9ce,9dcab5e7-7935-599a-82a0-c20bfbfcf8ba,HAS_REQUIREMENT
35fffbda-ca30-5bc0-901e-60276c1d16b4,35841605-31d6-5a5b-b2e7-2e6a4fa8ade4,HAS_REQUIREMENT
1dafa602-1592-5ceb-bbb1-99e1fcfe456a,cd21627a-eabc-57b5-95cf-71c21020d00b,HAS_REQUIREMENT
767c3641-c478-5ff0-b5cb-bd14642601cf,6d253e6d-4999-56f0-90ef-8cbc19103dd5,HAS_REQUIREMENT
7e4a6238-de5f-5d47-a8b9-c36168888107,dcea8aea-e3a0-5b61-bfb3-cea883d1f795,HAS_REQUIREMENT
a9f54f0c-4caf-51d3-b6ad-3de6692e9679,90b78480-0e02-54ae-b304-c11d865354f5,HAS_REQUIREMENT
4b8e6449-d815-5ad6-84cc-8b01aaafd970,8a3b15b5-222c-5f24-8503-51a18a614b62,HAS_REQUIREMENT
2eb21f5e-b95c-51a7-94bd-74d43e16057d,3312db5b-db34-58df-a31e-ba7c833d5407,HAS_REQUIREMENT
ab3d186f-c1fd-5ed0-8c31-d46d2a755c98,8bd24cd1-37cd-5761-af19-166a4d137d2b,HAS_REQUIREMENT
e5df611f-0eb8-51cc-a612-da21c6bc0fe1,a67806db-d346-5a87-b182-12e8f148f9a2,HAS_REQUIREMENT
45e0312b-e178-51cb-8070-14dca945cad6,49200a1b-e3f4-5a17-8e91-35b5442001be,HAS_REQUIREMENT
2f9d716f-98b0-59f5-b465-98fb16f9e8b5,f18d5a65-f426-5a3f-bd16-65ee87a255a9,HAS_REQUIREMENT
93ddc4f1-e524-5f3f-8358-ce667795edb7,089daf26-2328-5f59-9ef2-5a921d41dcb5,HAS_REQUIREMENT
ebaa97bb-f376-52e5-9b2c-2f022744ec79,feff72f5-c602-5105-ba35-f4884d13bc90,HAS_REQUIREMENT
51fdd910-0544-533e-a803-b17d57b8ab8b,63699475-f997-50b0-811c-e54cc29c32fa,HAS_REQUIREMENT
0c56165d-79d3-52ed-925a-7b16fee57444,f882f271-e243-5668-a21a-87c9c63b787a,HAS_REQUIREMENT
8f81e004-018c-5a4e-b731-42a5f7e8ee8c,39f1c1a0-0fac-5a03-b594-e6835004b82f,HAS_REQUIREMENT
3ede5931-b64b-5fc2-bbc7-1eb1cc2d2762,b36549ef-74e2-5912-b63c-b53a50f8a9b4,HAS_REQUIREMENT
13fa838f-c921-55c1-b228-c965c25065e7,5563938c-0885-56b5-9a73-c3902cd903dc,HAS_REQUIREMENT
ae6e7872-207c-503e-a3b7-21923b278322,f6f2368d-318c-5cb2-b332-92dd5a59be7e,HAS_REQUIREMENT
ad45df62-5b1d-5645-9af6-09a2bb12a0c9,f9a070e5-17d4-56fc-87d3-ae5e96379feb,HAS_REQUIREMENT
7d1afef1-c65b-5ef4-9b27-ee9da6db2e39,b8ebceb6-1df0-52e2-aa95-6de9b569462a,HAS_REQUIREMENT
44adf71c-8183-5369-a8a7-c2bf125f6a50,eb15c38d-cd21-5a5a-b935-0955f493651b,HAS_REQUIREMENT
1c098028-04e4-5a75-a2f0-9b9035e51262,892f8c35-072b-5df4-9d50-34e11bc12998,HAS_REQUIREMENT
b10e90c6-1d37-59ea-9cc3-d914f46bff7b,0fb93842-b717-5969-8311-fd1d770ee812,HAS_REQUIREMENT
1255ac03-5b0e-5ecb-8141-9e0e77763d49,8c837b26-eef5-534e-8f98-303be489875a,HAS_REQUIREMENT
2e38f576-40ce-5913-9034-65de3b914003,dfdecb15-a300-5303-8638-ec906be5462b,HAS_REQUIREMENT
e77b0050-09bb-583f-95e3-cbdd7472aa68,f5a78edb-a3c5-5f3a-bf40-8aa376ee0adc,HAS_REQUIREMENT
b3330695-5072-55fe-9015-c4546554fd48,65fba665-ae53-54c4-930a-e21a8360b0c1,HAS_REQUIREMENT
abf84c08-7eb6-5def-a8e6-47345b6a393b,c2940130-69a8-5828-a25c-d766e535c2d9,HAS_REQUIREMENT
51864bc9-aead-5d1e-8f21-7beae354d38d,37867297-6df4-58fd-9ef7-30cf86eebb48,HAS_REQUIREMENT
3906cb9b-52a6-564c-b06d-17a7d23d0897,c50a7020-13fc-5d8e-8511-6654f858d51d,HAS_REQUIREMENT
0756f418-0c61-510c-bfcb-c3a73f2c3cb0,dd2ab74a-5a81-5e41-9e38-c5c0653c4037,HAS_REQUIREMENT
301fd1b5-f828-5b07-94ac-6598f7e71305,c9704ca8-7b75-5ac7-b8a7-ffdbdef36678,HAS_REQUIREMENT
5877126a-9af5-5104-bb73-81bdacd26910,673ca26d-ef69-5a83-8453-a623dc20cfb0,HAS_REQUIREMENT
b8a575b6-9276-51d6-b803-64169a4595f2,5b980789-2683-50aa-ad20-b6512c82d185,HAS_REQUIREMENT
3a28ded9-06d9-5000-814e-9c48efd5d7a2,b447bfb0-32d4-5423-84bc-751929e8ae76,HAS_REQUIREMENT
396bafb4-e98b-5dd0-b29f-5d560f948b61,ee1ba09a-a0bc-54fc-997f-046e32cb474b,HAS_REQUIREMENT
d551f282-8bd1-506c-9915-f4b85107f320,65873ae5-6586-5a1a-b050-763cbf608b3c,HAS_REQUIREMENT
07515cdc-c2e8-5e12-a596-8d5a0e34267a,68b328ba-43f9-5e3d-b18e-7ad22a0041aa,HAS_REQUIREMENT
c6f763d9-d65a-5b21-b1e1-9a96b7c5a89f,8bb44708-fdb4-59c4-9da3-f595ecd91874,HAS_REQUIREMENT
839ec154-256b-560c-985b-3b8279d6f8d0,543d5ca4-be66-5768-b40e-7d9a921164e7,HAS_REQUIREMENT
714539c0-36b5-5615-a5e8-ca47525f40f3,d073d8ba-5d5c-5f61-a59a-165e1221c4ef,HAS_REQUIREMENT
54e512a9-c33b-5142-8458-05284cddade8,a0959d9b-489f-5f84-ad7e-bb2734666f16,HAS_REQUIREMENT
77c179ac-0f2b-51b7-8bf1-dedcf92d3282,0fb41843-706e-5d2e-91a6-a7ab10a44daa,HAS_REQUIREMENT
9774c4b0-407a-51d3-ae07-3e78813bc7f6,b9b60ce4-5693-5b46-aba4-5c8d89629c25,HAS_REQUIREMENT
aa205b92-ca87-5d25-b538-618f8c5151f8,700c0410-da0b-5865-968e-670aeb56f2ce,HAS_REQUIREMENT
2d95ff38-edb8-5c00-83c1-dd7b9d27fe67,16ef8ffc-dd4b-54e3-afca-e42fb0dbf0ee,HAS_REQUIREMENT
03fb3374-a9c9-5b00-bb23-194c6db92fb8,c40d2f69-a737-58b2-a5cf-4e2a9989087f,HAS_REQUIREMENT
07c4aca8-8687-5adc-ac64-38b9be2335b8,5a293281-3c47-5a97-be82-c3071a1bb810,HAS_REQUIREMENT
7580e755-301f-525d-b1e0-2cef0ace5505,efe377e5-fd1f-5118-8af0-a21b7423c75f,HAS_REQUIREMENT
8de2e759-8ca7-52a6-8f33-bfba29287889,7a0ac4c3-7873-5325-bf5d-8d9b13847149,HAS_REQUIREMENT
d49f1380-db38-5fb9-87f4-c1ce974e3793,cc1e13e7-c490-56a8-ad6d-f01d07d4a319,HAS_REQUIREMENT
71f41df3-e4bd-52bf-af4c-e6e789d68494,54c8d9de-e90f-5f12-991f-0cc97de4c1c7,HAS_REQUIREMENT
cac86c14-f1ba-57d1-8052-f795d1453682,6feff943-6014-564f-8af4-c7a28f2de5c7,HAS_REQUIREMENT
0f1735eb-ff52-539d-9a0f-5fb284698c92,407faf84-f4d4-569b-be2c-a39d8d9a32bd,HAS_REQUIREMENT
59e6188f-be64-5bdb-aab9-05dfe67158d1,1fa2f04f-8330-5866-a443-eaa81a2e856a,HAS_REQUIREMENT
7bcf4150-76e6-5af9-acf0-d8f1e3d8dea5,fd884a75-804f-5f40-a8d7-0b2c5d420785,HAS_REQUIREMENT
86c5c8a9-bda4-5f7c-8180-0a8c41ad1072,d008adb5-c966-58a2-9a9c-e855c3a29ed8,HAS_REQUIREMENT
d22a75cd-1fcd-555a-b90a-e7e826a012de,47c9916a-ab7d-508b-8a90-826e1e78c486,HAS_REQUIREMENT
56f49b7c-e91c-50b5-824c-d2dd4486d3fd,924ca76b-c6c4-5597-9b38-21407e4e176a,HAS_REQUIREMENT
f7056ba6-60e0-5508-8c9e-76b3fb68f313,3361d50b-02b8-54c0-9701-f9100318ba76,HAS_REQUIREMENT
3d92b7c6-af19-5b4b-aaea-f0f69dc18217,d3e9240e-d64a-514a-bf0d-a11f9282f4ad,HAS_REQUIREMENT
32363eae-fc77-5ee2-a818-27656417ecdf,b36294c7-1ec8-5df3-a702-3c4ffaada62e,HAS_REQUIREMENT
e4f3fe9f-7517-59e4-96e2-4c4a21d05afa,1c1e0ddc-0dbe-54a4-85c8-ba6dfee5b543,HAS_REQUIREMENT
920573ef-2bc4-5773-a122-b89b77d0d183,f7481a6a-baad-5805-a297-e42b6fe6543c,HAS_REQUIREMENT
c1c2692f-ae7f-5959-bf3b-debe221de812,212960a0-1112-5ebd-b783-d898d5915dd5,HAS_REQUIREMENT
fbb51980-61e8-580c-bb96-c38499b6c258,75bf117b-dac1-5427-a651-3a471242bfe1,HAS_REQUIREMENT
4d3944b3-e2af-5d38-9161-5f53427d37b6,b95bef1f-1c41-535f-a108-409f1baf780f,HAS_REQUIREMENT
ec57c40f-4933-5727-baa5-aa145a05c1ff,ced6c6be-f228-5376-b357-c7f0266b926a,HAS_REQUIREMENT
d1a25a8a-29a3-53e2-bd68-8815e9e21a34,850c9a1a-44c9-5e8c-bb0e-d7f6ce80c5f9,HAS_REQUIREMENT
47880565-8e6b-5a8a-8efc-24a3f13d5bb8,badddfe6-18df-54e3-ad70-d73877eb525a,HAS_REQUIREMENT
6a805b19-9be5-5c18-ad69-8e8e4e91c8da,64ceda4c-ee7d-5e6a-9bc4-3fc9891e6586,HAS_REQUIREMENT
6a559247-8d39-507e-838b-52f38d54629d,2755d399-5f7d-511f-88fa-c1558c4bc7e8,HAS_REQUIREMENT
c88b8c91-626f-5e29-94cc-f0aaa3112de2,cd49e239-56ed-57f8-91a1-600f388d8772,HAS_REQUIREMENT
b2e7cb6d-86d7-5bca-b6f7-375269559fdc,63d4a727-2104-5840-8a89-72939c41e387,HAS_REQUIREMENT
cae13367-07c9-5883-987f-f547690fcff5,07a5017e-4c7a-5d1f-b241-66aa01654c62,HAS_REQUIREMENT
a43d6859-b205-535f-bbce-b202c371ad7a,789dbb8f-b438-5b57-b198-7abdb2e43ba3,HAS_REQUIREMENT
b05942f3-d831-5430-a6b1-48c02740dae2,bdc920b9-c1f8-556f-a214-b5a971ee895b,HAS_REQUIREMENT
3fdc20c7-8427-54e5-8c1a-672c1363d6bd,71d841c6-9e71-5df8-aec0-ea93e3c63832,HAS_REQUIREMENT
ab0c5d6b-7dba-5c4b-8387-4121f83f4428,1151b532-0c2f-5fde-b71e-a4d84f0047df,HAS_REQUIREMENT
5fd427dd-3297-5e90-9e7a-132546ff4685,c40eae90-ad7f-50f1-b52a-d020c770041c,HAS_REQUIREMENT
0c702b07-ae11-53c6-8ebd-76613f5884be,ab76be0c-b1bf-5d48-b9ef-44540c45a737,HAS_REQUIREMENT
fe5d22cb-c29f-5553-a32e-c767290d9cf1,f9839c5f-f11f-54e8-837b-132c3851cd2b,HAS_REQUIREMENT
3381d2b7-17ca-5448-82d5-35e4a699e9a6,9f707279-4997-5187-804f-501b0dc85ff3,HAS_REQUIREMENT
766f494d-1a10-5ce7-b6a2-2545ed50fd0b,409bfc57-56c3-548e-abcd-93e181948c4f,HAS_REQUIREMENT
1180b59c-4219-51f6-bb03-8fa8faba98e8,aa63bf00-6d8f-5a19-a5f8-213da1a900ba,HAS_REQUIREMENT
13c282cb-cc97-51ee-aa8e-38a75ec24750,1418b899-be95-52b3-be42-56f4d882b334,HAS_REQUIREMENT
a2ad9c5d-150d-5385-85f9-a2d914728ab2,aceb7584-77f7-5538-aa53-647fe9f2d206,HAS_REQUIREMENT
456399c7-86f6-537a-ae29-693d43fb0174,adb79c0a-72da-50ae-9750-311c24609c02,HAS_REQUIREMENT
ab9fbf77-47f5-5df3-95c1-5cf8849fab21,c15fbb18-1413-5584-b133-021ea08f6bfe,HAS_REQUIREMENT
fcf3c644-c1cb-5c91-a33e-d40525209e3f,ebf35161-5ce7-56a3-8240-1b9b2735e670,HAS_REQUIREMENT
bda64ed8-10a9-5d7c-a99f-24e3244545e9,2af72d65-289e-5c6d-956d-3d1faf3e31f3,HAS_REQUIREMENT
7fd7d7cf-78d5-5d08-9b60-8805129f26a7,539a64df-dbc4-56e3-9408-1c71d6767e4b,HAS_REQUIREMENT
64f66a6c-5722-5b82-b905-dcaa55015359,aa9451bc-24b9-57cf-ba94-b5e457f60ae9,HAS_REQUIREMENT
cc6e62a2-e2c3-578f-ad95-6f47bf268325,63f37635-0129-5b9d-809e-d18a541c657b,HAS_REQUIREMENT
8993b314-cb4a-5981-8f2f-bd094d63e46d,b34b8d30-8f27-51fb-858e-3157011ce752,HAS_REQUIREMENT
4f6207b7-16fb-5498-b3ee-ba44a1d020d8,5ae36c40-c562-5336-8c69-1f78607e4133,HAS_REQUIREMENT
b9c69cca-5fd0-5603-9610-7afeae052d84,66a0169c-e2a7-50a1-9092-44aa55ac2c7f,HAS_REQUIREMENT
d0fe571d-a02c-5d89-b7fa-78ed28181e20,3ad272a6-61d0-57e6-8440-5a2ece7845a6,HAS_REQUIREMENT
1eaff520-27c5-516f-b48b-0eff23ee476d,6bc087b1-f3b1-5986-aab0-c234763a49c6,HAS_REQUIREMENT
bcffa206-fff9-55aa-9f08-f29b8823c7d7,70325403-8560-59a0-8b40-3be05f92c2c0,HAS_REQUIREMENT
f0709b6b-1dc3-5bc1-826a-2ece95303ee1,a4a42cd4-1ccc-5879-99b9-99bddcf345d4,HAS_REQUIREMENT
f61313b5-1af6-5347-8711-0cbbfc7f8de8,6dc3469f-a82a-554a-ad01-273c17238212,HAS_REQUIREMENT
5d006e88-8342-5079-8a13-4e012d20a9d3,fa3d5093-6ad1-50f7-adc9-e9adb46158b0,HAS_REQUIREMENT
b0c2fbfb-a938-5076-9f6c-314ad1dd4871,d5b76539-1316-5519-b696-7ab8e10b622d,HAS_REQUIREMENT
e55de07d-7bc8-5d38-88b2-d202ea260ba2,0d1e0718-6d83-5011-9db5-b3b1410a34ae,HAS_REQUIREMENT
c482af0d-191c-5901-8de0-3dfd1e4f9dc3,78e13e19-0606-53ac-8ba7-4f6da5a31e04,HAS_REQUIREMENT
9564fbde-4870-59b6-bd22-c78b5324d41b,a235c6b1-85a2-51cf-a63c-935fdcc197d5,HAS_REQUIREMENT
b3488037-f802-5c28-a63f-c4ce1a727740,2fe818b3-79ed-5a31-8382-a7b77f3f2f4f,HAS_REQUIREMENT
547c0e2b-6bd3-5945-b7c0-fa799cf2afa5,9ce8745c-8880-5a57-9142-7279425e28b2,HAS_REQUIREMENT
c89068da-741a-500f-94b6-13fe0f0b4151,61a23045-1d3e-59ab-b6a0-9a0cb5caa4c4,HAS_REQUIREMENT
fa319ce7-9e49-5abf-87bf-a4784100c291,a030f0a0-c4a0-56fb-9bde-2441bf5c6d0b,HAS_REQUIREMENT
3fd9ac74-8e44-51a3-b359-2375004d74b2,405a6e2b-d527-566f-809b-0a38e294423f,HAS_REQUIREMENT
8a29fc4e-d395-5c7b-a719-7006f8602fbc,ab09fe28-4993-5a5b-b27c-c095a3d54773,HAS_REQUIREMENT
d2381c55-26cc-59b4-aca3-39e6c32b37a5,a3edfff1-26dd-5022-be83-26182a554f0b,HAS_REQUIREMENT
6e065705-0092-52fc-9a87-93e283dac416,8dde307b-b5d8-5cc1-ac8f-4bd6e0fdb267,HAS_REQUIREMENT
127b8325-5b1d-5606-9e49-4f17d0a5455c,0a19a17d-2521-5db8-94ad-52de66415f0d,HAS_REQUIREMENT
655ec6a5-a03f-52b4-9c26-9371b8f60b1d,5bf85c27-6cbb-5dfb-a743-fd955cd978ef,HAS_REQUIREMENT
e195d35a-64b8-5e87-9d5c-c30c7ac06c86,c52fe869-344d-5646-aa6f-4ed37a05840a,HAS_REQUIREMENT
f833bd81-9547-5361-9d98-a3e83d1728e2,8e6f5885-75c6-58a5-bb66-5d87907ecf58,HAS_REQUIREMENT
c81f3e52-cdca-5d4a-a0ba-3631da9c67d0,fe020e5c-f142-56db-b2c7-c357b970fefa,HAS_REQUIREMENT
affea7d6-5017-538a-9abf-40af274e86c6,90c65c18-4dc4-5fb2-8da2-9f123b4d531b,HAS_REQUIREMENT
ec49f9d1-0ba3-56cb-81be-5f8d30751001,76cd6335-c22b-5be5-b1f7-af15bcaa2689,HAS_REQUIREMENT
613fa2ec-9af2-56fe-8aaf-c705c15953fa,42133a4d-32e8-5c6f-ab63-edb883441d19,HAS_REQUIREMENT
c5777808-65fd-5f1a-a3e0-3dfbc0f57767,397a4153-2b0b-5440-98cc-c85bed414b5d,HAS_REQUIREMENT
6c9f6278-8779-557f-b1a5-e2e06f6155ad,77c68289-1154-5c7d-8f09-4450a3833c5f,HAS_REQUIREMENT
bda39485-8f47-5815-b117-70e70ff6aa57,6347b230-d400-5199-b4d1-07fdfdd80440,HAS_REQUIREMENT
f9b7c595-a525-545d-878b-25ba2adc7ac2,2bf34ab6-3239-5662-a0b3-9d6a951cee75,HAS_REQUIREMENT
6bb4f1b3-9b67-5f6c-a1da-e9319f2ac1c1,0fd495a6-6a6c-57f6-b900-0059d688fc23,HAS_REQUIREMENT
3f679473-5834-5619-ab7b-0b3c2d725c54,a3719d9b-9706-5e33-bba5-7228bb6c3d78,HAS_REQUIREMENT
3fe5ba33-a429-596e-9dcb-dcc84dfdeb6d,7d339ca9-d0ac-5e3e-95da-45bb7810e3bd,HAS_REQUIREMENT
f6254ca7-cf18-5b22-88c2-79f3cc50f8c4,4c27f18c-ffd1-5c1d-967e-0e90dbb7dd6f,HAS_REQUIREMENT
4b39599b-12b9-5935-ac1e-b02746821662,23da9f17-503d-5753-9233-3cb08f3a49c8,HAS_REQUIREMENT
373c8096-7171-5af1-ad13-19da8e93d32a,e4e8fd78-031a-5a39-ac6c-56173db5b682,HAS_REQUIREMENT
69abf551-5783-5110-880f-df35667a16e5,7bec91dc-f0c7-5ea7-98aa-dc6098abd5df,HAS_REQUIREMENT
fe863240-4369-5f36-909a-ab4dfc1467c4,a6d65cf6-8b29-5e37-8eda-ce8378d72d81,HAS_REQUIREMENT
614a2de8-f465-587c-ba89-efd98a0075cc,7ad7372c-5c9b-5f90-b4c6-201450824569,HAS_REQUIREMENT
d88db30e-d064-5475-bce9-658b50baa491,330117c4-26d8-5613-ba7b-6798cd218fe3,HAS_REQUIREMENT
78e2f77e-04c7-548a-9495-1a893631718c,72f8f65f-bcba-5848-87cf-3865680b44ea,HAS_REQUIREMENT
9044e72e-2e22-57eb-93df-30deeadaf44d,fb69f7ef-f0de-5a2a-808c-5190fb4751bc,HAS_REQUIREMENT
7aa6d9a1-1bcd-55dc-bcb4-3460cf2f2c85,d4a9c214-481a-5e6f-8d71-71d96ccfca81,HAS_REQUIREMENT
ceab52af-de64-55b4-9577-9a6979fd3ec5,a6218e75-fda5-5932-95af-dac6d9198f21,HAS_REQUIREMENT
30db87a2-fc21-5a50-8090-d86fbdfcd3e5,13250d7a-593f-5c37-bf73-03cf6de1fd7d,HAS_REQUIREMENT
77f28e67-1df8-52ad-8ad8-28d2cc6abd2a,fee3b5ab-33d4-5205-a9bd-f429a5ea818f,HAS_REQUIREMENT
58b3ace1-0025-5c42-a68b-892baf8fa9cf,2a0d51ae-d4ab-533a-8d91-1b79ff4a361d,HAS_REQUIREMENT
78404a6c-c006-5578-a22e-f9696a48d714,e075461f-3f76-5e7c-8d42-8e52a4c5a5ef,HAS_REQUIREMENT
b4c144cd-4878-50dd-a8f8-2a02e5e307d0,b51e0751-f27e-5c98-b19d-d8999978120c,HAS_REQUIREMENT
12930860-508d-5de7-a9bc-d0d139cdcc8f,e5c94317-400d-5a7b-83da-7493dcd3b5e5,HAS_REQUIREMENT
9b30cc95-e179-5807-8229-64bcae09ffaf,d43c1271-0985-58a6-b712-dfe2d2a2030c,HAS_REQUIREMENT
4a0ef9ab-929f-57b9-abe7-73f63d3d84dd,a569d0d7-c620-5241-8848-db3e9c6d426b,HAS_REQUIREMENT
b7309ed8-900e-559f-8908-4c2a82a06262,1c764f2f-2e85-53d5-b1be-b4b95f20fd0f,HAS_REQUIREMENT
772bb609-1e11-55a1-823d-0cbefc396630,0c3c829e-74f9-5353-9e7d-b2c062e27ce4,HAS_REQUIREMENT
9210d76d-895c-5af1-9b12-a4614b930f54,a277f1f5-2f17-5d27-8e37-f3ddb45be250,HAS_REQUIREMENT
c4272b5c-aaf6-57e4-9c8e-4ad2268f0e4c,e758d217-469f-5b9f-98da-ef222e80ca2a,HAS_REQUIREMENT
f5788367-b9d8-5b98-93d8-c49dcc89d11e,2ef54388-f74a-5a12-9f13-7a544ea58e39,HAS_REQUIREMENT
2e9bc2e0-4d6c-589c-8607-f7c59ffaa230,56b2261e-d242-5e84-91ba-f3ab5c7cf2d7,HAS_REQUIREMENT
558d16d5-fb19-5129-9ae5-53eb5e84ce2c,c2709da3-6de3-5a2d-9f31-d3f464f2a903,HAS_REQUIREMENT
c36c34f6-b7f2-572f-b304-6019a05a389e,d7e9853f-2f2f-5323-b9e0-45b657c6243d,HAS_REQUIREMENT
23dbe2fe-aed6-5dba-b52a-a79408552b6c,7bbfdc7d-dd29-5e53-a7d7-62b6a8ef9429,HAS_REQUIREMENT
098b8b8b-56b0-5cf5-ad01-485198895bc4,e69e6688-b546-57e5-bcbe-e80140690d5e,HAS_REQUIREMENT
a997eb0f-e84e-569c-95ae-5d14a32cca49,49072959-bb69-5e49-b824-6dfe6e391880,HAS_REQUIREMENT
4ae0e086-b69a-5a14-a3a8-c206bec280e2,e0278291-3b56-5d98-b36c-0f37886bb3b5,HAS_REQUIREMENT
fa48e837-c3f7-5e86-a587-609d8e9840bc,ad23f98f-6164-51c2-adc1-dac83afc07c8,HAS_REQUIREMENT
30ac71e4-c94e-5d0f-99f2-12f1417be27f,2f2464b7-ea73-5d35-b007-65f6e9e1f798,HAS_REQUIREMENT
4ae0015f-57be-5b05-ac09-dbf970ede4a1,9c698dcf-bee5-52f8-83ec-614536b59e87,HAS_REQUIREMENT
49ce9b7f-85b2-51ec-8eed-0e90eaf99e5d,d155aa80-b720-5968-967b-f9d28147def4,HAS_REQUIREMENT
77f81467-fe87-5eff-8a20-bc4c791b2b8a,b9c86762-759b-5c03-a0a3-93ad917e2fd9,HAS_REQUIREMENT
5a806d95-b22e-5e72-a3cd-96656bb739dd,b9258d98-352b-5c64-a18e-eaea0ee3bb3d,HAS_REQUIREMENT
2f6f8151-3e23-5892-b96d-d42d834cca5a,dd3dcbb7-663f-515c-a86d-ff1a394ce404,HAS_REQUIREMENT
b425ed7d-f318-546d-a0ce-d37dc49d91be,651c877a-0db5-5853-b4c8-885c470f0ca0,HAS_REQUIREMENT
05964958-acca-5b4c-a21d-e4d86b43c1f0,9696c3bd-bbde-5739-a9bf-b0db3fcb19e8,HAS_REQUIREMENT
293bcf02-1ffb-567e-99e6-10a6fcb4db3f,3431c167-943c-5729-a6cd-b9ac4db51728,HAS_REQUIREMENT
a05d2581-9781-597a-a531-29c69a4029c0,bc3d4654-55b5-5aaf-9470-856a5c5947ca,HAS_REQUIREMENT
277b734b-37cb-510b-876c-4b4be6f275a6,d3480043-c868-5e85-a1d6-8fbfcb9a7d03,HAS_REQUIREMENT
ae1acc19-5116-51da-a14e-3dc75b51e351,7d2c9f28-e26e-5ff6-9b99-35253be585b7,HAS_REQUIREMENT
d77b1f57-e5d4-5002-8d76-1775d2321f77,83cf5699-eb6d-5032-9486-ff23ba6727e2,HAS_REQUIREMENT
fc830a91-4767-59cc-abef-b9e5d2d8df3a,ba2b2582-e226-5deb-8e0c-0662a5a52745,HAS_REQUIREMENT
41c891f4-4777-5e4d-bd7a-84348bc2ba9d,bd03ed30-ac38-53c8-8fc1-c785d8bbe090,HAS_REQUIREMENT
5e035f92-6e09-50d8-80c8-53d8b9589aca,59d6349c-39b6-5d43-b883-44321b377e79,HAS_REQUIREMENT
f2d07d34-08a4-5817-98c6-319950fec0cc,4978a291-89c6-500d-9d2a-4e48f4ef1b44,HAS_REQUIREMENT
6dd9932e-a428-5d4e-b7d2-925285c6310c,eb9c9b09-615e-5c70-8fc7-28f233ebbe00,HAS_REQUIREMENT
5c14de1f-7412-533d-a1b9-91652a59ea14,92fcb9f3-754c-542f-ba4b-3b90d68da8fb,HAS_REQUIREMENT
c8a325f5-05a4-534d-84d6-125aea54baa9,4e041245-6f31-5725-aa7e-a3516977b54d,HAS_REQUIREMENT
2663b150-3bf0-5645-8500-62332c02ce8d,8d49b05b-5cca-5133-8652-10ce440efefb,HAS_REQUIREMENT
14e5f9b6-2a84-5946-8f45-d4b4e30073d6,f2932f6c-88e2-51f5-8d64-92a046b372fd,HAS_REQUIREMENT
1405d2d7-5cd5-5660-aacf-915dce7972ae,100285c6-28fc-55d1-8665-1370f66f9c24,HAS_REQUIREMENT
e6a390cd-532c-56c9-bccf-c46575f4cc7d,02084de3-1a28-5791-be84-b025bbab6b20,HAS_REQUIREMENT
4028300e-590d-5afd-ad02-babe6279e505,7a939693-b741-58cd-95f9-04b96840f572,HAS_REQUIREMENT
753d7df9-e6c3-5cfb-bb1d-76a5b8959ffe,29850141-65eb-5f45-9918-b1d1578bd505,HAS_REQUIREMENT
d21e6ade-a609-560c-8901-8a0e15a42241,b5dbceb8-103d-54a1-a8d4-597b61e57ad5,HAS_REQUIREMENT
433e3bf2-294c-568a-99d6-c39fc93543ec,140d3496-2e28-5556-8cf8-0cbb92633f78,HAS_REQUIREMENT
6222f871-b435-5906-a037-3358f8a17ea3,634aa865-5ad9-5f9f-a418-3d80e24d727c,HAS_REQUIREMENT
876b51d6-a10a-5cd6-b62c-eecfe73f4c45,295f0ff3-44c8-50db-8b3c-2b1f0736d023,HAS_REQUIREMENT
6fb673a8-e9fc-5827-a681-7165f6e9410b,7e01f920-6319-5459-9546-37fcadda1cfc,HAS_REQUIREMENT
53c66a49-ce5c-509f-b632-6871f4d1ad02,c35f1683-9c10-5415-bb7e-455e072f3061,HAS_REQUIREMENT
97e3807a-4199-5e7d-8579-f14544eca3fc,91d266d2-0b74-5ef1-b8c4-d7edaaff1c95,HAS_REQUIREMENT
d6be452e-1ab2-5631-8bf9-d4606453aa23,483905af-4ec5-5b82-bf6e-ae697221ecf8,HAS_REQUIREMENT
afe55a5a-2270-592a-91f6-93d6da0963ec,63b3409e-03aa-5e32-ad57-6d0cf6942a14,HAS_REQUIREMENT
4c1fc586-7b42-5171-86d6-35d864737234,8496cefc-886a-5c4f-8be7-d0505b89d706,HAS_REQUIREMENT
597584f0-0660-531e-baa4-937aafb3ae94,c8491c7e-a950-502d-9a35-c586f98105ca,HAS_REQUIREMENT
8e1786dc-7bb3-5b47-9340-61634f59ec33,7213a37c-9b2a-5500-bfb0-7c0151f5cb50,HAS_REQUIREMENT
2a3b5058-a73f-580b-b2aa-951dc3fd34a4,fde5fb22-1454-5062-a6ad-deb640b08d83,HAS_REQUIREMENT
d51f0e83-f047-591c-8d4f-b6d52dd1c199,d6c29b1c-97ac-52ae-a351-a0296fbe6a39,HAS_REQUIREMENT
8695ae1c-a48b-5487-b728-842e34258677,57b0d6a2-83f7-511e-9739-e71f18212dd0,HAS_REQUIREMENT
1c5e8c7d-6309-5447-a971-410a49acdd84,cca26352-872d-5b3b-a7af-bdb59597ee92,HAS_REQUIREMENT
15714713-78aa-57a1-83c3-8b87d3945e48,810fa752-7bcd-50a7-a83e-c1f91ac7b454,HAS_REQUIREMENT
51419027-3942-5647-b8ce-e02d79e2125d,5c6c1f77-181c-5312-96d4-e47304022ccd,HAS_REQUIREMENT
c2477881-d2e4-5969-90aa-85a190b30057,15c644e0-6655-5b85-874e-c30b71457fa7,HAS_REQUIREMENT
c63e2a46-821c-57b4-a388-201024fd140a,3717cb3d-2bd0-5c43-904c-71ca088a9325,HAS_REQUIREMENT
6e3ac2ad-0a65-5e19-91ae-96dbd868f3d8,3ec269df-1a2d-5d38-9105-1fa73c61189b,HAS_REQUIREMENT
c4459381-02bb-5c2d-888b-4b6bff8b9d3e,f8ab7c5e-4fb9-548a-bd50-536ab504cace,HAS_REQUIREMENT
6eeb00bf-3223-5b89-b3a3-7c25bdfd1ec2,2f26bfff-2c98-58fd-8cad-517e6eeb7178,HAS_REQUIREMENT
167637be-0357-55fb-b19e-f97e7fc10504,a0cec878-e8c2-559d-9a50-fd654a142a5b,HAS_REQUIREMENT
abe957a8-2951-5a65-978e-4e93caf38eb3,3a784adf-658d-561d-a443-fb7ad862c5d7,HAS_REQUIREMENT
35f4eabb-8727-5844-898c-ba83dcf1673f,36a7a89b-4789-51d8-9551-e03695deec33,HAS_REQUIREMENT
6ae70711-d45a-5800-b073-1df45c0f776f,3c1f8845-ba82-5bd0-afd5-da7691055fd1,HAS_REQUIREMENT
c80e778d-c740-54f1-93dc-8a0f831fe6a5,097015de-5a54-51f6-8ab7-8262e1bc326e,HAS_REQUIREMENT
532233c3-b73a-5238-b602-90c06455c3e0,89300c67-e250-5f7c-a7b8-ee566571954b,HAS_REQUIREMENT
683a3107-33c1-5fa3-8d03-7dc07a27a384,4d5b92ba-b0d4-55ae-b580-283a190178d7,HAS_REQUIREMENT
4f9af799-52fc-5aa0-b954-4059480d59a9,5b7c3488-1045-58ba-9e0f-6317c83c437b,HAS_REQUIREMENT
cce3c244-d618-57f3-a85b-7a6689eddca8,e2863d99-6374-50e9-a54c-7689fd7d2dff,HAS_REQUIREMENT
eda82dcd-0427-5a0d-8949-7fd89c9eef0a,6df6590d-9fcc-5bdd-85d8-e76ebf639a58,HAS_REQUIREMENT
d832041f-8f90-5e0e-92da-532982e5975e,f596c7c3-29d1-5bee-b334-0efd0083dd79,HAS_REQUIREMENT
b257b2df-ee67-50c1-a68b-d3219df55dbc,e759a29b-b87e-5d50-884a-30957ed7f600,HAS_REQUIREMENT
17ca7b0e-b3bf-56b0-853f-af87d6838f13,1864bbea-7862-5953-acf9-bd179c106680,HAS_REQUIREMENT
f461a686-a070-5be4-8e5c-70b8689873f2,8fd8178c-e698-5271-ab93-133551b419ff,HAS_REQUIREMENT
ba479939-54c6-5557-8209-65adad22cf7f,bf447798-88cd-59d3-88f7-87843dc0f699,HAS_REQUIREMENT
04881a38-14f4-53a1-80dd-1d5a6823602f,f2cb8853-1833-54c9-bb3d-31a5c0255545,HAS_REQUIREMENT
bdc4c614-d4f5-5305-aa13-cf41b928ac60,9e398f0e-a885-5859-b8cd-08a504aea574,HAS_REQUIREMENT
975d61eb-41ff-518a-bca9-fccff0ec2644,a02f227d-64ce-5d98-b3c7-dd48449a1b3a,HAS_REQUIREMENT
feb8a88d-7a51-5c3a-a61e-109ecbbe2583,039d7e54-6a28-5fa2-95ae-1390fe04b063,HAS_REQUIREMENT
deda371f-a533-5f4a-a54f-d8fade837982,a3d079ab-29ea-5997-997a-f01bc57b0af1,HAS_REQUIREMENT
5d52c3ef-b5db-52e3-a5d3-1dd8ae909a1c,d41b4ddb-84a5-5694-8c2c-8c2471ad3c4b,HAS_REQUIREMENT
da467b5d-d9bc-582c-8348-0de379d18d73,4c45339b-5b96-5c8c-8696-9cd8ef8ee7ba,HAS_REQUIREMENT
c0c822b2-c09d-5a08-a695-a99ee5ff10e8,19d05189-dfe7-5da9-a80a-5f7cd5019eb8,HAS_REQUIREMENT
51f2e9ad-b81f-5547-baa9-364112a3829a,06b5cae1-351c-5d00-8df8-9939186fe3ac,HAS_REQUIREMENT
672df7e2-1db0-5589-a3ae-e0661fdf6638,a644fe22-7035-5294-a8cb-b3657a14c91b,HAS_REQUIREMENT
b39c2ade-e199-5c77-b59a-5896360a7b61,0e184d41-3ec6-5576-ba8b-d9308c5de26f,HAS_REQUIREMENT
f7dfe18e-5284-5a7f-a1ec-f28513318bbb,46cb5527-05e1-56b7-9078-3b69440f4195,HAS_REQUIREMENT
3c863dbc-5ccb-5e9b-933e-6a6ad44939ae,bb7aa91b-4a9a-5cd8-86fc-315690ad93aa,HAS_REQUIREMENT
4ac08f01-15f6-5ea7-ac04-ba2286d92e28,e1274fd2-5d99-5eac-b56e-bd7250ae6d74,HAS_REQUIREMENT
bfe65e0e-ef58-556a-a381-1296ecb1293e,cd179ca7-a428-53e5-90ec-0eea9d8fd415,HAS_REQUIREMENT
95c9a919-ab05-5a9f-be5c-a785d4138666,87084305-2eac-5eb4-b631-66081613c490,HAS_REQUIREMENT
a9f96ca4-96cc-5f5a-9be4-e53e5ac9bf18,762a8481-a89b-5ad8-894b-b712ab031ad0,HAS_REQUIREMENT
1636b8d2-4871-5d57-8383-bf9cb07c34d5,3e6a0acf-cbcb-5cc6-a796-bbf3e232ff26,HAS_REQUIREMENT
72906cd7-8432-5658-a0aa-dcdb9b71267b,77d07701-870c-5ea4-9f00-2c1b8456dba4,HAS_REQUIREMENT
6ac29fd9-0f08-50ee-a3fc-afa4c6a4a5d3,b5fd4854-ea20-50e6-8b53-6b180bb5d11b,HAS_REQUIREMENT
389a53f3-820b-5433-b1b9-f8dd5430f5fb,12bb4385-1b2e-5edf-9ac9-48d0e36639f7,HAS_REQUIREMENT
94d72bf9-b826-5abc-abac-0e55690baec0,066e22e3-9c14-59b6-8cdd-f7e507517887,HAS_REQUIREMENT
750da61b-8ae2-5273-bb43-c13cda1e37f6,2cb569d6-efb1-5a13-a888-e948ae8fd0d5,HAS_REQUIREMENT
bdfa6300-9077-5b7b-b03f-a9af5fa38fd4,78b0758c-8901-5e84-9c0b-bf7569620a5f,HAS_REQUIREMENT
8db1d5e2-1c17-5f15-b5c6-f85967d7370f,b3fa28e3-006c-53ae-8e10-9eec840467dd,HAS_REQUIREMENT
5f542ccb-d115-50fc-ba0b-cfeab36a24b2,83553647-13b7-5ec3-81b0-8fd51b2a2b20,HAS_REQUIREMENT
4a0b976f-429b-5c4b-86b2-d2e8b122beeb,a9a408be-4aba-58ed-9730-1f18d2231fb0,HAS_REQUIREMENT
71a08617-21cc-5788-b1ba-432468f9158b,7c5744d2-f24a-5051-9e2d-09b5f4860da5,HAS_REQUIREMENT
842b0916-7e1c-5df8-b314-4cac033d9fad,2bcb1e70-d5bf-5ff7-8060-2406764bf1b3,HAS_REQUIREMENT
7475c713-660c-5e24-a538-f59b8c9aaa89,dad9acfe-734c-57b9-81b7-bacd55395467,HAS_REQUIREMENT
b1db0c2e-8f81-546f-8995-b8f8e87f6fa6,5d028d01-146c-51f0-88cc-2341b1b685b4,HAS_REQUIREMENT
bf97a6f7-b464-5004-ada4-07f3552e3bf8,d00041d1-9100-572d-bbbb-697cf69bd298,HAS_REQUIREMENT
3866d4b9-4aff-5c4f-8a66-2559d1a4f11f,5367cf93-0f5a-5151-b2ac-a7b39b07770e,HAS_REQUIREMENT
2dee6726-fed2-5dab-abf9-eb3666f570e0,0b1616b2-f539-5441-963e-6c9ebb237562,HAS_REQUIREMENT
ebd6bc87-e56f-5592-95e3-a994054fe430,25712e9c-8c8d-5d25-b377-207f0763733a,HAS_REQUIREMENT
d7431f45-894b-5221-a442-77b8b5d657f6,0d62480e-7b2c-53b4-864e-9b1f167ad397,HAS_REQUIREMENT
7cc4f06e-ebc1-500c-b4d0-3acd921d9b63,323c25de-22e0-57e8-9386-617cab237008,HAS_REQUIREMENT
0a9f0cc7-89cf-50cb-88fa-1075aecb87a5,efc7348b-9839-5bcb-92d6-fcf1c8d9c9f9,HAS_REQUIREMENT
324ae4d1-4115-5d28-966b-da9177dbb67e,4e0e85cf-7e80-5c77-aaf2-9bf0abd246ac,HAS_REQUIREMENT
758a5771-886a-5803-9937-1103c6e995a6,fe990645-493c-5946-ad8e-ec6034644890,HAS_REQUIREMENT
da7ccccd-f550-5825-a381-7465088f0a88,966881b4-feeb-5022-bb97-f86639329501,HAS_REQUIREMENT
6df363dc-bcca-5388-a488-2e16db22c427,f7938fd0-d608-5aba-a208-cf1a4954612c,HAS_REQUIREMENT
122dad70-6725-5a54-b170-342a9a43a4f4,3709843a-9115-57d3-8156-59caa83a5275,HAS_REQUIREMENT
52e4d319-97b3-55e2-9777-c757f1f3c5e4,d895bd68-f9f0-584b-8b31-5ad90b31b477,HAS_REQUIREMENT
80046ff9-8ee3-56a5-b94b-28cb1669ac31,fb5a9d76-e3e5-5617-a152-a7227951c597,HAS_REQUIREMENT
be2d3d4e-f55f-5dfd-8a0e-b7a23ed72e60,6fce0462-feca-525b-84c9-ad25d33f4930,HAS_REQUIREMENT
a3e63ce4-d36a-5179-a67e-19441aeba4af,19d4c735-181e-5f36-ae79-44d4d8671bbc,HAS_REQUIREMENT
d358fcc5-b156-5e9a-86a7-203942cf391f,499c103d-83d4-5458-8de1-de8b420ceff4,HAS_REQUIREMENT
d326dc79-9037-587c-a729-a95822e23747,2d8071e7-ea85-5220-b9d2-484bccb0551d,HAS_REQUIREMENT
757faaa4-e92e-50ae-babb-5a1324b0df7a,bb6c927d-bf37-5435-8622-e9758a670432,HAS_REQUIREMENT
5f636668-043e-593e-91b2-69cedae69672,6cacddbb-4d49-58d2-8ef9-ba064d82557b,HAS_REQUIREMENT
8379c7c7-4a1f-58b2-a110-105c2e6fc127,c93158fc-9988-5f42-ba84-cf29f4244660,HAS_REQUIREMENT
d5c41b79-41b4-502f-a41d-3447cd1a054a,1a1f98a2-032a-52af-a12d-376081e606f0,HAS_REQUIREMENT
334b0976-b6d2-5d05-bc36-44a002aeddde,447202c2-c566-5de3-b0a5-cdac6b428d38,HAS_REQUIREMENT
5f365baf-2335-5d39-885a-50b962bdbb84,365e396c-11fc-5463-96c3-0343af31e7da,HAS_REQUIREMENT
be187ce1-8323-543d-97e7-14483bc2a62e,3ec6fab4-8277-5f04-9cdb-ddc17b5a1110,HAS_REQUIREMENT
e4f01108-a083-535b-95b1-47c86185e926,fdfca7da-2ad8-5eb1-8d87-22747d2466fc,HAS_REQUIREMENT
eaa1de30-3e6e-5e01-9904-f9082a6e9027,249f6e09-ef5c-5944-9f67-4a6d48a3ad23,HAS_REQUIREMENT
4f6b41cc-7e9c-5847-8444-bdddd1c40c3f,54f40afe-b113-59d6-9b45-ef156fa06940,HAS_REQUIREMENT
6e099b8a-3cd4-5c07-877f-4a83c6d48408,73f5043f-e0a6-57e1-8372-4fde8456c1fa,HAS_REQUIREMENT
5be4a090-059c-5d80-8722-97540495254d,bc9c6787-5b03-5ffc-9306-04abda6265eb,HAS_REQUIREMENT
683c8dcd-cf0a-5812-98dc-1ea2b3979e82,b7bd809e-0374-55e7-93bf-6433696d1873,HAS_REQUIREMENT
65b46cfe-76c2-5dba-af6a-55707b8fbb96,65911dfb-09de-51da-8c9d-d8dbb01c4515,HAS_REQUIREMENT
fb173a07-ac7b-5121-8d07-f2cda6e17f73,097c6dbd-f530-5d74-a667-b5742162fbd6,HAS_REQUIREMENT
b6f17089-4847-505c-97d6-711db48034cc,52e8d2b0-4a39-5404-bfbb-77bf62e07e98,HAS_REQUIREMENT
8705f2e8-2ec2-5cad-8910-e7fb8bc9949d,7af3ef98-72f5-5ecd-a64c-b78b4e4de55e,HAS_REQUIREMENT
20044baf-796c-5dd2-8a07-0f4f9a4fb4c1,13378044-4b03-5a88-b19b-3d4b4935db18,HAS_REQUIREMENT
d75b648f-9a84-519d-9b74-955dfa3a24ee,e4618a14-ac81-5ced-b4de-c77771494a0a,HAS_REQUIREMENT
75373ab0-431c-5fce-9613-dabbbe808318,c7eec3be-cc56-502c-b672-cd5c8ec7981c,HAS_REQUIREMENT
b9c249df-26c6-5a84-963c-fa02dadcdb79,a171c61d-7eb9-583d-9f33-56dc7c112e0e,HAS_REQUIREMENT
842313d0-0024-5c12-8215-a7e76dd2354a,9905bfcd-8141-5506-bc92-13a75b35af30,HAS_REQUIREMENT
0b4c6261-587d-5741-8c11-f9b9b31b2e70,6bdb9ce3-6b72-5381-9df6-13dc68296ee5,HAS_REQUIREMENT
4fcd9bde-8402-5933-b28a-f6e147b7070a,ff34a0c1-ae73-59c2-aaef-8b3fbff3713a,HAS_REQUIREMENT
1da37875-594c-51c2-821d-d7b76423fd42,af5b63a4-b61c-5596-8312-c3fb81f3b59e,HAS_REQUIREMENT
96efe650-6867-54bd-bb27-1d831edfa7e8,ecbe963b-1dcc-53db-b27a-449a0ecf607a,HAS_REQUIREMENT
c020cf29-ac3d-57ea-9d2a-44a2cb804a48,7e40f165-aa75-591f-b31f-ce158e53a8d6,HAS_REQUIREMENT
719898bf-a711-5215-bf34-e0bd3c0dab83,35b1f3f0-19b7-52ce-b2fb-2c6e9634fbe0,HAS_REQUIREMENT
1bfe313f-c284-5c16-a0d3-4f6c67f0e546,9e9a8675-df1a-5149-83d1-8fae82ce0b66,HAS_REQUIREMENT
a78cae11-fa43-5dbc-a87c-d7c45dd9b315,c983d654-aab9-5ba4-afea-1aa90d3fabf0,HAS_REQUIREMENT
62f0fc9d-e811-567d-8552-ad54d0001cb3,35a6d62f-b749-5d5e-b3bc-d2ba20a005d6,HAS_REQUIREMENT
8ae4f074-729c-5f3f-9c47-940cd3fc259c,26ef5e0e-a528-5fd6-bc18-4d1883b6b0f5,HAS_REQUIREMENT
807573a9-7aff-5688-bde6-5a10c445b7e2,081f54b9-328f-56f1-b343-1785d6b2d275,HAS_REQUIREMENT
4c1f341e-0790-55d0-9229-9822fc3e951f,eabb11f5-3df4-58ab-9e5d-355c93e09440,HAS_REQUIREMENT
80717e5b-bdd6-5d94-a4fb-14f7e942ab0c,356977d5-f185-5098-98fa-6b93a53b2646,HAS_REQUIREMENT
90356940-3fa4-59e0-9675-0ff7f395f88d,b2c4d9ba-d6b6-5203-bf13-1539b14bf9b6,HAS_REQUIREMENT
7355bead-38bd-5971-a741-67bb12a96174,7d712ffb-2214-5509-affe-57672c6d690b,HAS_REQUIREMENT
4693cc3a-3017-5d24-9a30-d70276268f60,7a25645a-0849-5ed2-92f5-211076516077,HAS_REQUIREMENT
6691f16a-855f-544c-a91f-2a093a22423c,423134f0-20b3-598c-af50-7782bde2153f,HAS_REQUIREMENT
02138c75-af86-5050-ad32-d79449a1ea97,13ff5f0f-ae2f-5025-81a2-0d5e70259c16,HAS_REQUIREMENT
fae74554-13e5-5bef-9f15-dfa5808ee887,14b85bf6-0949-55d4-a9e3-52767a2b3395,HAS_REQUIREMENT
4e27d09e-ab01-5838-b7a0-db731f7a00f0,fb775f57-6a34-5631-b38e-835d545c14a1,HAS_REQUIREMENT
033c7546-b87f-5cf8-8471-5a617141ed3d,c4fc669f-a8fb-50bf-8f14-3d1e36639a3d,HAS_REQUIREMENT
cee057c2-bffa-5c2e-8e45-7910e0e87adc,b9d6254d-22a1-54cd-8726-c4a60d50e2af,HAS_REQUIREMENT
3d621564-faa6-59a1-9fc4-dca3e17412e9,2c5aa3f1-22ec-5c6f-9354-9f8ac61bb16b,HAS_REQUIREMENT
6a010791-a3fb-57a2-ad82-8fffb00ea5cb,9c25c604-82c3-5cd8-9b14-eb754bb0e2b7,HAS_REQUIREMENT
f278528f-acdc-5759-891e-f953884e30ed,3962eab9-3f82-549b-85dc-5105a8910670,HAS_REQUIREMENT
7547dcd7-5f73-5c9d-9105-32a59cd7c0c3,7712cc12-2dfe-5f16-8d97-3af64cf74dd7,HAS_REQUIREMENT
c2c10350-23d4-5fd6-a88c-4dd74f944b69,0e680bfd-5c5b-5f56-8f7f-7718305d1289,HAS_REQUIREMENT
322b41ed-0280-558a-adc3-ebb1dd3f2f05,38591440-f738-5078-9f4e-41329bec6cdf,HAS_REQUIREMENT
4eacda61-feac-5492-af80-71a1c131545d,748efbac-3964-5411-b1c2-f088b330938c,HAS_REQUIREMENT
97563a82-aa31-51c3-a446-cbf653ef05c6,65712cbb-d0bf-5240-a667-1a1cea580da7,HAS_REQUIREMENT
c4ca9453-cc1b-5c5c-ad99-713c6d80dce9,1a7d7d6b-442f-5e48-a4b0-ba244ab38c34,HAS_REQUIREMENT
60a52073-2a70-5241-8c7d-c46760bb1e74,1427555b-92f6-59ea-9ca0-528eee230a09,HAS_REQUIREMENT
648668b4-b10e-5175-b642-2cb7cc052662,dbabc966-f8ef-5bf5-b1ae-3098a37e8712,HAS_REQUIREMENT
5f077959-ac8b-5f2c-ba8b-a92165d54143,bec3e0b6-212d-5bbf-b167-7abd11bbe650,HAS_REQUIREMENT
21f6cb5b-9401-5202-b92d-1a8e791018e3,0b8fcf71-7dcb-5a85-953a-d4acea13d5c2,HAS_REQUIREMENT
7f79b7f7-9a96-57cf-8f4e-478766f26cd4,89bbe0cd-d4cb-512c-82fa-8b3f0ccfb111,HAS_REQUIREMENT
f13b43fe-83eb-586f-8a60-29f1a296a553,bb7e9699-e13b-50be-9cdf-f38c2c88909e,HAS_REQUIREMENT
4b8779d0-b419-577f-8f40-99e65d4465de,a84c2eea-14a3-5052-9941-23a57cc69256,HAS_REQUIREMENT
eb2a5426-b8d3-5726-a9c2-23f840f6b99a,cb99d869-ae98-5bad-b53b-692a8e0ee5ca,HAS_REQUIREMENT
b82cc3e2-abd4-595c-9667-36a94bf85180,7cfc0af0-6ad6-531f-9466-34fe3ada94b7,HAS_REQUIREMENT
a9d99871-80ed-5c1d-a03d-3f0b2d5b7b81,a984e2c0-c98a-531c-a934-a6929f6ec1d9,HAS_REQUIREMENT
835e2bf3-f5f3-5f64-a849-7388440f7700,381272d1-6d48-59d4-a7a2-c73b73a1d4ca,HAS_REQUIREMENT
d6dc1b27-6316-51a2-be76-a757683eb439,365f0869-5d49-53a4-81f4-e6f1f26b748f,HAS_REQUIREMENT
d7298538-7cbe-5e31-834b-075976f84792,0db69970-b323-5f24-bd5f-facd588ba294,HAS_REQUIREMENT
6114d11b-9b3e-57bb-acfc-20dc97f75e13,ee70f037-26fb-5aab-95c5-26af4c710922,HAS_REQUIREMENT
4957bc2c-c734-5309-9e22-188a94925411,8664a34c-0153-5b93-96ab-d3ece6c2336c,HAS_REQUIREMENT
4344c979-267e-59d1-a170-62ce57dc7540,680aca38-7adb-5196-8eaf-e762dbf61904,HAS_REQUIREMENT
106b5388-56d7-5867-976c-0bb488cbf227,6ac2ac3a-f514-5ea9-9879-9d2a474dfa1d,HAS_REQUIREMENT
e44968a7-ef1c-527d-982d-ae2d77792ba0,e399573d-f469-5675-ac44-c8443cfc3709,HAS_REQUIREMENT
b4b19634-9ffd-5b0a-b95a-2aa01d26ce3a,8f204b78-6b3b-5e33-808c-05634e37e994,HAS_REQUIREMENT
1a9d95ae-4201-5a28-9bd9-bad0711bff22,f006bea2-7e63-5ce2-b483-61fbce4eb521,HAS_REQUIREMENT
a92b6630-a42e-5509-83ff-fe8ba99d6472,45c9e5d1-8186-51af-b6b7-d214c2403f4e,HAS_REQUIREMENT
2f8ad3ff-beb3-527d-9674-70398a0db1fe,d792c0ff-18c1-538f-920a-b207a2824263,HAS_REQUIREMENT
ec1edf48-cb1f-5965-a4a3-2043eec6344b,366752f7-86b3-54f2-a319-0142264ab816,HAS_REQUIREMENT
66412809-7970-5459-bb30-6aa30498d449,17bb5cab-36eb-577d-b0f8-cbeaf5beb3f8,HAS_REQUIREMENT
98586fdf-3cf3-5278-b29e-528527b6090d,301ffb7d-0f14-595e-8116-23535c402b4a,HAS_REQUIREMENT
cbd7b518-359e-58b2-9e71-5be5747ca225,1c7d7e0e-f33a-59be-b775-5dc7bd6222cb,HAS_REQUIREMENT
d6e32d8d-13b5-50c8-86d6-6227e3b8078c,222416aa-b7e3-5764-8ddb-9225af1b93fc,HAS_REQUIREMENT
bf9c1ee4-17cc-5b3c-bd5a-24849d405121,da57be5d-2316-578c-acc3-0375972855d8,HAS_REQUIREMENT
df068609-7b1a-5f47-a8e7-60c7038d8dc1,bfca02b3-80eb-5582-a70c-e6439466249a,HAS_REQUIREMENT
abafa24e-4eb9-54a2-9c63-a7d2d0bbc8ad,24922e2a-30af-56cb-8ea2-b4a92d8db35b,HAS_REQUIREMENT
765eb201-93a9-5c9d-89c3-ac3f92c79361,5a575c32-37db-5c62-9826-a5c15e0be012,HAS_REQUIREMENT
34997ec6-907f-5760-86d2-e37473c97f91,f44ce1e3-517a-5637-80de-671c279492bd,HAS_REQUIREMENT
7ba0d746-74e5-523d-8c05-8b6d45f58577,517edb60-5097-5fed-91f9-cf67d7bce070,HAS_REQUIREMENT
4c7f7ccc-c649-585e-a2e8-d4f6b5e740b7,55574063-8499-5479-ab4c-ea7af3b1acc0,HAS_REQUIREMENT
e4816042-930a-5532-a0c2-db49d45de0ea,66c405b9-fe2c-5953-b1bb-aba5fc0dd5bf,HAS_REQUIREMENT
6cbb24ff-44b1-5828-8496-5b0a738909c3,f3609e87-85a6-5428-b905-aab391d627fa,HAS_REQUIREMENT
b69b92fe-0381-57ff-9c4b-2209769b256c,ff7fe64f-6258-509e-802e-cc87aee99b4e,HAS_REQUIREMENT
3ec81703-2cf3-5600-84e5-b9af93707add,c00cdcb4-7f64-517f-90d8-f7015d2fc52c,HAS_REQUIREMENT
ae543d77-24c4-5545-83db-a2a176dc8811,661a0d91-c00f-531c-8b4c-f6cecdb71cdf,HAS_REQUIREMENT
9ed54f0a-718e-5222-b600-aa01a411b9a0,2a4bdf39-080e-5951-94ee-6b2cad18b72c,HAS_REQUIREMENT
75572fb9-9eba-5433-9ed4-91f07fe993a0,119d4cf6-56f3-5ade-b611-5d1e8b306268,HAS_REQUIREMENT
9f073abe-0955-5e52-b113-62faadd210ff,47ffed38-6c01-5111-abda-8db068039b83,HAS_REQUIREMENT
3c23f292-802c-50cf-b351-16caebe9078e,e7b721db-eecd-57e0-a0e3-6392e179a76f,HAS_REQUIREMENT
ce987c81-477d-558f-bd04-c1cc492a23cc,ea6a94d2-67ba-574a-bbab-8093311f2efd,HAS_REQUIREMENT
9575bdb8-cefc-559e-bd76-704284c26b16,b57a71da-6092-564e-a573-792dc03db3ee,HAS_REQUIREMENT
f3fa398a-f256-52a5-b9ef-e39a44918338,7711f634-48a0-5800-bd5e-98b80be40cf3,HAS_REQUIREMENT
ad92454e-8391-58d0-baf3-11808bd217c1,4dd09cbe-9c2b-56f5-8c62-f45912e2c4ad,HAS_REQUIREMENT
a2e8bc85-1836-541b-837a-89e1d9685f0d,9fd5aadc-6e53-5984-8e06-81a7a5ca5f61,HAS_REQUIREMENT
1c088293-2603-5c27-8e64-067dc2e4a293,02d9271b-1f4c-5212-a100-78ee61236013,HAS_REQUIREMENT
5053c279-b2fc-5c11-a89a-0e5284f41dbc,210a119b-0cbd-53ec-ab31-bcc2f08d0905,HAS_REQUIREMENT
e135fcb0-9045-5ef3-9f79-a0a9b5bba41b,9cf0a60c-994d-505f-88ae-e882d53f9b44,HAS_REQUIREMENT
e9c3cc21-e1dc-5cc1-aa4d-a4a086962917,47d48842-7a73-519e-81de-09f887a5e839,HAS_REQUIREMENT
20b54e58-580b-58b9-9641-51467ef64898,922f7f0f-2727-576c-bf7f-d4ce8d681cb6,HAS_REQUIREMENT
8c36a402-d83b-56c5-9652-0617b84b5395,b55201aa-7422-5041-a764-a2a75a92389b,HAS_REQUIREMENT
1fa5c5c3-8b2a-55d1-ae98-a95989a6fc74,83d0cf3f-db51-57e6-a4c3-48a75ef9a76f,HAS_REQUIREMENT
ea764e6e-0aac-51ba-8c13-08f026dd40d3,ef60b08e-163d-5066-959e-a62b78a12282,HAS_REQUIREMENT
53d2d4a2-d493-50c6-a372-138f5c0b916e,013b3ba0-63e9-5dd9-9194-d2934410babb,HAS_REQUIREMENT
b8c20c50-f077-5435-a982-bae2be6e15b1,5aceb15f-4154-5cbb-b355-b54d7c82bed8,HAS_REQUIREMENT
67bac49d-7510-53cb-856b-2b5b44ab9af8,a240d107-7338-5079-b507-55dac40c47d9,HAS_REQUIREMENT
3476ce68-3364-5fd0-853f-4cb21c2d0af9,93d55603-9579-53c1-9d0c-60c476202ca1,HAS_REQUIREMENT
813d86e1-ec1f-51a2-8f73-62a938d4014d,b09099e8-ef9e-5d31-9ea2-78cc54b1dbe1,HAS_REQUIREMENT
a9fdea45-27b7-54c8-807a-7c47f05817c2,b66b3061-4bee-5c7e-aaac-ce5128cadd48,HAS_REQUIREMENT
da292618-6998-5f0a-924d-991287872867,5f3e8cd9-0afe-53ae-be3d-6b816a514a67,HAS_REQUIREMENT
2cf7ed16-a9b9-5628-91f7-da63df35b098,26f765fb-36ac-53fa-8889-06101ef2529e,HAS_REQUIREMENT
608e8b21-3b5e-5844-a9ba-3c2c69fa6d09,15784b64-aa48-50ed-97f0-d6618e1a5120,HAS_REQUIREMENT
3fdb4f65-106c-5936-babf-458896a7f97c,fc5cf9f9-0af6-5fc4-bf0f-d362f86538ae,HAS_REQUIREMENT
6adc4594-604f-5956-8531-744ad9c0c468,20aa52a3-33f4-5591-9fb5-be76dcf4d9c1,HAS_REQUIREMENT
ef693eca-4766-5505-b472-d481cfce3b86,1fbef91f-5050-54cd-b21f-b2bdb2623112,HAS_REQUIREMENT
d086e5ff-ef95-53c9-a152-7759128a4e8b,65dae555-b340-56a6-9d79-21350e5c1a36,HAS_REQUIREMENT
47c61a32-952b-5293-8c24-1f6ec17f18c8,2cae281f-850f-5ed6-9d6c-2b73ecfba2ae,HAS_REQUIREMENT
ee79bd15-b7f1-53c5-97db-43ca9e8352e1,5074a8b4-8369-5d31-a0e4-8c259fd09cfa,HAS_REQUIREMENT
dfa5b221-3f3d-5cb8-bc41-99af37322c8e,84e74780-14c4-50d3-9ab1-542b0ff5df29,HAS_REQUIREMENT
07be1665-bb3f-506e-9159-8cb90409f720,d61145bf-910d-5c06-8c7c-98633a80d35c,HAS_REQUIREMENT
5d4ae852-8db5-5ec6-8162-88fbcc63f076,87c2cd49-e89e-5020-9ba4-2540f72a55ca,HAS_REQUIREMENT
7c41e01e-b783-5312-813c-f96f3f1fd9c8,436d3fa4-28d8-5874-ada4-f538894b53d6,HAS_REQUIREMENT
8d7320f6-08da-516b-8a21-7c64b544e5ed,560bb9f1-ac3d-541a-9af2-ed60ec724707,HAS_REQUIREMENT
e800e0cf-71dc-5f51-bc2d-54a7d5e6753e,748ffdd5-eb2e-5987-9f93-dc77743228d9,HAS_REQUIREMENT
8531f104-3714-5b1a-8ff3-57caf70b0e01,61aecf2b-a8f2-565b-b36e-82c53edf3200,HAS_REQUIREMENT
ff1d6513-ab5d-5e35-bf43-171bbb65f1f7,302e3396-9fb3-599a-8621-7c35101bdce8,HAS_REQUIREMENT
3391a895-f911-59a4-b2e1-269da107f964,efc8e601-c94f-5599-bee9-68178b1815cc,HAS_REQUIREMENT
3badf728-e58b-5cd7-b10f-0c8a041fb7f8,e41f7101-3ad8-529e-aaa5-8da30cbda0c7,HAS_REQUIREMENT
5a6f41e0-f449-5a45-a270-d66be3909811,00099a38-1d09-501c-be4a-9284ade04bf0,HAS_REQUIREMENT
301404cf-8edd-587d-9524-213d0f41da2e,95ea861f-008d-56a5-a525-b3c90bccd401,HAS_REQUIREMENT
b9f2182e-f7a5-5702-87e4-58980e4863bd,15049380-716f-5af6-87d7-10fbcb7a9696,HAS_REQUIREMENT
60087eb7-cc2c-5a66-b556-b81ad51e4f33,f7f058ea-0832-513b-8dba-831469e19e22,HAS_REQUIREMENT
6247e5ed-de3b-56f5-895c-51d00b5937ed,f0c8f6d8-9d13-5215-ad34-6ff1031d1793,HAS_REQUIREMENT
0bdb1ebe-f2ff-5a13-990c-c5aa74bdda53,abe74d8b-a0cb-55ad-b0a9-4244b42bccff,HAS_REQUIREMENT
e96380ae-9999-5ca7-9b5d-24803132b48b,b1c3b975-e06e-55a3-94bb-9aa586b19d2f,HAS_REQUIREMENT
b2079c9c-20ab-56f1-8540-c51b04602d02,78166f15-3047-5cbb-bd5f-80b1361bcab4,HAS_REQUIREMENT
6c03d2f7-6c7b-5019-a150-cba39c9311d9,78a4b01d-bd6e-5298-9402-988b590fe06f,HAS_REQUIREMENT
5a163fba-b51c-5f93-abf4-7890bbc2344f,411f81b0-94ab-5c11-9b13-afead62b3ed1,HAS_REQUIREMENT
9816cfe6-f0c4-511b-a8ba-02cfa23b44ad,ec6118d1-2366-5b83-8fd4-54ac6bede026,HAS_REQUIREMENT
9b1cac8a-3b8d-5b28-a3f0-e419ce9fad25,15f52995-6577-5651-8573-79215a0b6928,HAS_REQUIREMENT
dd89e2bc-c718-52d0-bf20-db67dcfd945e,4b38d3a8-4f1c-5fe4-b849-2de448620b3d,HAS_REQUIREMENT
ef595d44-93f7-5639-b9aa-cf9224194600,7e9ceae6-9b67-541f-bec2-44c728936a19,HAS_REQUIREMENT
84665552-d7ba-5e36-b29a-9edd834f0394,f78ac385-d432-5d6f-a3ec-9acb7cc83b68,HAS_REQUIREMENT
a83ea48e-927c-5507-815b-8a97ae2f1653,7c0aac06-12cd-51eb-9b1d-341e9b6df317,HAS_REQUIREMENT
5bc3a739-8fbf-50c8-bb46-6f50005a4ced,6e96749d-cea0-541d-8cfc-eb9f4e4a4f5f,HAS_REQUIREMENT
0b22294e-8715-5961-8042-1599dd341019,bdad1c80-eba5-54e1-827e-fcda7ad840de,HAS_REQUIREMENT
ac695aa0-c9c3-5317-8a9f-2d2bc164035d,38efdb0f-4de5-5fce-ae6c-32079dc3d214,HAS_REQUIREMENT
3fca3d94-f4d5-5f8d-9b20-805621a40c2a,5964be5a-41e8-5380-b773-098330d7eccc,HAS_REQUIREMENT
f7a714bb-c2dc-5027-a60e-f00a591eca02,6b91792d-fe52-5912-957f-e72ceeeb257b,HAS_REQUIREMENT
85d6ac15-323e-5f92-adcb-f694cdc386de,ad1a607a-8d45-5be1-8fe3-c9d5670e3714,HAS_REQUIREMENT
4b23e358-b17e-566c-a542-c5bf093a2b93,4c91c6bf-2871-542d-9d14-bbb46e9a0643,HAS_REQUIREMENT
225f28df-60fe-538d-8f7f-8fb72f63e3d1,384b8288-9d48-5482-b694-1d392ccc089e,HAS_REQUIREMENT
0b69e023-8296-5b63-ac05-4953fbb089ac,53704b61-32c3-5ff3-a717-967b67e40518,HAS_REQUIREMENT
bc54212d-e5eb-52a7-a8e1-5b6f15aceed2,9765116c-cb9c-54b3-83e0-e8026a7e0d11,HAS_REQUIREMENT
d475c645-03d4-5d74-8264-a3d6862e3935,05d25f31-a201-54b6-99d9-f3f37224a02f,HAS_REQUIREMENT
17538710-664b-5cf6-8a81-008d9693c3b3,945fde8e-1439-543b-bd8b-76488d2198dc,HAS_REQUIREMENT
63eed5c5-6903-53a0-b214-15fe233b9971,d2b2f751-e839-5da9-8359-cac15112d3b3,HAS_REQUIREMENT
76c21c20-7612-59c3-8c0b-74abe9fcdf55,097587ab-8461-5aa9-8246-c4d58b3ad605,HAS_REQUIREMENT
97c13b1e-9057-5d1f-af92-0cd09cd9019f,7e4c5e50-953c-5515-bbd6-ae3df58a4361,HAS_REQUIREMENT
0e147668-d834-5273-a27b-add3af725855,15cd5cb7-cd9a-5f32-9c36-108213735526,HAS_REQUIREMENT
b665a2e7-3db2-521d-b612-694c3740621e,8e1fefe9-41ec-53c7-a84a-1f9d6bd395b0,HAS_REQUIREMENT
f35bef8e-cbe1-5fe3-b1eb-1f9aa7353042,ec85ec85-2cd1-5578-9b78-51016a1a8b2b,HAS_REQUIREMENT
0163ebdd-4c18-51be-83d1-947e3cce9a58,e22e5254-c390-5d79-bde8-17cf6d054840,HAS_REQUIREMENT
8d361ce7-d7dc-5b75-9ae4-8201880aace4,eeb53ca3-bd02-5d4a-bb6c-fa91b5d06cc9,HAS_REQUIREMENT
bb88b5e2-3e42-5b33-9ba0-c3903a69ef0f,195123bf-4f5c-5bbd-b8c3-eeaf48fa0f59,HAS_REQUIREMENT
aaa4d5ac-2e33-5352-8fb8-b2c52ea2ed01,7f19805e-062b-544e-b9d4-63c079b1a3b5,HAS_REQUIREMENT
71380c6e-f9d4-55b5-9f5b-0e82e8173317,52224c3c-a8f1-58a2-b930-3f314291b44a,HAS_REQUIREMENT
a0b80628-500a-5fd5-83a9-3512eef1c333,0563b855-1fa7-5d2c-a379-92f8527a6f45,HAS_REQUIREMENT
402d163b-388a-5f03-b498-a815f65529f5,46d51118-e759-5660-84e6-f7c9f793c50d,HAS_REQUIREMENT
bfa4ca8a-3ed6-5b66-bafe-d4912c7f6f6a,e1c77ce4-5d35-5d36-8f64-c810c2946aea,HAS_REQUIREMENT
c5b1fddd-182d-567f-9b3a-68c635c62c07,26b4b3ec-5685-5810-a938-d40b69644624,HAS_REQUIREMENT
7e4bd4b4-3b90-5f8c-a8d5-4d03d573bdf8,57d7458e-b9cd-53bc-841a-e7a29f3495f7,HAS_REQUIREMENT
fdc6c30c-713b-5f5c-bb23-17ce897f79f3,e524b7bc-ea4e-594f-96a5-857c3dd60ba0,HAS_REQUIREMENT
ff820a0c-d482-5dfb-8507-8ae3f6922d6d,ac4b6198-8dce-5176-bc28-46ebdbc6fbc4,HAS_REQUIREMENT
8cc23f81-4ed3-5417-a148-1c85768a51ac,851a764d-d807-53c7-ba54-79b596647467,HAS_REQUIREMENT
5619e279-8971-5595-a2ad-1482da41b90f,2f5b6eff-a445-5fc0-a018-804c24cfb8a6,HAS_REQUIREMENT
dc9b9ceb-c0c6-5eb9-a596-ff4c29d1a78e,cd1d107e-965a-50a2-9f86-17dedef32398,HAS_REQUIREMENT
c1747b82-10cc-53d9-8f9d-23daa8a7a4a1,dc29ec2b-b8fb-5998-931a-923f65c3230a,HAS_REQUIREMENT
bbee6ecc-1cb5-5158-acd0-78178ffa2488,92baa2d0-9565-5c46-a221-6dc9ca25a182,HAS_REQUIREMENT
05ecbfc3-58b6-5ce4-8d80-19e2a7ede419,77a40ba6-3ab7-5dc5-bcd4-92922d832be8,HAS_REQUIREMENT
c8c56184-fca1-5dc6-87f7-3b30239011da,bba3f8d4-0c23-5152-b774-991e96fe67a0,HAS_REQUIREMENT
b071e2d1-0423-528d-adb8-e2857a32408a,ecbe536e-2ca1-5304-b02b-2642607a8bc4,HAS_REQUIREMENT
84df07ea-c26a-5d46-a7e9-8416399fba15,7eb5542c-7655-5f71-92a4-292f00cd8eab,HAS_REQUIREMENT
9547fc41-d136-546d-bf2c-ebee2396e5e7,d5bbe15e-51c7-53de-a793-6893b077a2f8,HAS_REQUIREMENT
c8b46b68-504b-538e-aaab-6c302842eb25,eaece912-818f-51cc-bdb5-2cae8d63eaa5,HAS_REQUIREMENT
e59a36bb-1854-588e-b866-130fb2d332b1,80ec1d40-fab6-5d8e-bad1-ec625198647e,HAS_REQUIREMENT
6f09dc40-4b2d-59ca-891d-fe3fd10030b1,e99507e9-23ca-5635-9842-c7be7e8558b9,HAS_REQUIREMENT
8f07dd48-7efa-5133-8815-4ace79851abe,90df3cb8-3c11-5db7-b54f-edea44bcf5b2,HAS_REQUIREMENT
ca64b91f-66ae-542f-80cf-acd867183bcf,b10c0caa-dc00-587d-ae50-edf37b73689d,HAS_REQUIREMENT
d9752959-949b-5525-b605-cc270da470b3,8070cdb6-a43d-5995-9e53-aab820a0e956,HAS_REQUIREMENT
0e6971da-b6cb-5c3f-98ac-8841df6c6f45,877b5046-7b17-5e75-b70a-4eb8dfdc4eb4,HAS_REQUIREMENT
d35926aa-6510-5c7b-b703-2ccd2d67e641,540a8244-83da-5dc9-a29b-22545c1653d6,HAS_REQUIREMENT
a38a48db-bf24-5eb1-a625-8a0bb4831fb0,d10277a4-4295-5d70-a48e-9c78af9ac13c,HAS_REQUIREMENT
7bd40591-0c23-5e84-8df0-aa26dbca30b0,ab4b59cf-4c52-5633-8c97-bc081933722d,HAS_REQUIREMENT
686ff709-a6e4-5e82-8e17-44ae9bc91db9,7f706a1a-8146-5d3d-bcea-d144db98c84a,HAS_REQUIREMENT
773df813-50c8-5cbb-9c93-abdb92eb0f69,5e7b5f86-3361-5eef-8308-a385ed9044cd,HAS_REQUIREMENT
744af0b2-6510-5c04-a595-dc81ef91079c,187fb6b6-c7a5-5c38-946b-96fa581e70eb,HAS_REQUIREMENT
60740ec2-fb86-593e-9260-11f4347c8a63,dfd883f4-747b-576e-a6f6-bbbf9b8d75e2,HAS_REQUIREMENT
af24cb74-b2cd-5a42-9ca5-900d2e783c51,c07351fd-3520-5cc3-95b5-5c17cb560c23,HAS_REQUIREMENT
ecf5a7b6-3996-5685-9b57-ba9217e55149,10ea1d22-0b86-5d13-8d23-38210db5df3d,HAS_REQUIREMENT
00625db6-48af-54cf-82f8-c9752ac005ae,1bd55382-4c0e-5de4-9dfd-48f4e2d0a6ea,HAS_REQUIREMENT
e7d1f06f-84a5-5762-ba3f-ec81f1956d65,f27c0807-ab0e-5e48-957e-84c5888d88c2,HAS_REQUIREMENT
d2a987d7-2b49-534e-8a75-b5a46b0ac369,e39cbc39-ab51-5f45-94a2-b760c2fb87e5,HAS_REQUIREMENT
29d7a459-9685-53c9-a382-cdd0e88a8115,c8ecf604-3b07-5051-8cae-440c13c38fde,HAS_REQUIREMENT
a27b4f3c-da07-520d-9844-1a87a611f9a1,0b32d364-f7dc-55eb-80e7-aea382044e56,HAS_REQUIREMENT
f7b0f88f-b013-5662-9bc0-e8fd7595658b,d4609454-422b-52e6-b8f9-b68c88eeabfb,HAS_REQUIREMENT
b4ef5c2d-61b6-5b63-b434-9d2b5215cf60,9ab178ad-1a34-5324-b73e-46ef6cce5698,HAS_REQUIREMENT
8977121f-e86e-59a6-acf4-5d74214b4240,c60578ad-c2e2-5343-8efa-48bb0e28e006,HAS_REQUIREMENT
f7f03c60-6276-5889-a582-2cedbf5a5443,e176c703-f577-57d6-8274-722ce5a6906c,HAS_REQUIREMENT
6173d8a5-f0a3-5f80-b6c2-b1902b50a967,0e306400-3fa4-51e4-9c5a-87da9e21eb4d,HAS_REQUIREMENT
3463daa9-7480-5ffe-9c1d-3e0511438f4c,ccb33519-fe77-5d4d-a8ba-9fab4a076f38,HAS_REQUIREMENT
c1cc03cd-ac88-5c08-aa90-6ab6f1bb7056,cf68f1ef-bfca-5dec-a177-2109ebaa42e2,HAS_REQUIREMENT
90d7f2d7-4d79-5a95-b53b-b69ae7c868bd,a35fd1b5-eff4-540b-bf63-edf3f8d163e7,HAS_REQUIREMENT
d8fc4f0e-c94c-5b9f-a400-01e95a4c43ce,41e42548-891a-51f7-89a4-86f8e2f9ad7d,HAS_REQUIREMENT
bf947a06-20c9-58ca-bcb1-5d6e43e25330,2327be04-e1cf-58da-a3e9-7c2884653c29,HAS_REQUIREMENT
240ff938-ec4a-5098-8e61-3396a164d9a3,03acffad-d6da-52dd-a150-41aa93beac74,HAS_REQUIREMENT
8b940395-7623-5205-ac9a-c283e7233de9,7216b003-dd7e-5a5b-b328-639dbd73263a,HAS_REQUIREMENT
592bd002-6dc8-5075-aa93-bbb2d71469db,27cc0bb5-5a05-5e03-ac58-2808ba9e5336,HAS_REQUIREMENT
273c054a-62d8-560a-a5f9-5c48d838fef8,23477639-3138-5b99-8477-d1e4ceec9de9,HAS_REQUIREMENT
f7804551-c5fd-5af1-a482-e22d227ef9e4,f44624bf-cfa1-5739-9cad-cd7cb60651db,HAS_REQUIREMENT
25372e50-8efb-547d-9583-307b4c02780e,067fa441-1f0c-5994-9434-215398623833,HAS_REQUIREMENT
5c266511-d3fb-5124-b2c9-c36ed58e564b,063bc590-9000-59e6-b861-4e47588c95bb,HAS_REQUIREMENT
918d2803-0a5c-57da-ba07-8ab2a68544a1,d96f8123-6175-50f3-9c1c-c483d7efee0c,HAS_REQUIREMENT
98daf7c3-eb04-54ae-855b-fa68bb8aa1ae,b1083027-05ab-5fe0-b852-ee4190b6ef0f,HAS_REQUIREMENT
a930e603-435c-5f71-9778-2adc3ebca648,6c83dcdd-071f-5a6d-b289-4b14aafc842c,HAS_REQUIREMENT
30dc64f8-fe21-5f6c-9c4f-0e775e46912c,d832d584-a8c0-5ca5-85de-44a9599f407c,HAS_REQUIREMENT
45c429b0-a8a9-5948-90cb-6d47218441d0,3892e99d-94b2-5d3d-bf04-275df0a6df9f,HAS_REQUIREMENT
d56387ac-59ec-5e68-bcc1-8af28f7cc7db,88810a73-37cb-56c7-8d9e-66f4abbd7a6e,HAS_REQUIREMENT
94bf9ad3-062d-5122-b0a0-4ac2683ea126,54089fb4-e8ff-5bfb-aae9-9221f95f2d56,HAS_REQUIREMENT
18b8de42-78b4-5b66-9c86-21fd34fb5813,71e9ac5a-3c05-58d8-b2f3-8a4257155ddb,HAS_REQUIREMENT
be8e9db2-6116-5fc5-8b52-0bee8d1f349a,3c7e3fd5-8dab-5189-b266-8ebaaf95ab9c,HAS_REQUIREMENT
4809646d-f502-5cf4-bac9-4d9eea162d0f,32e58376-aee6-5bd4-93ce-66ec836f240f,HAS_REQUIREMENT
9d31f9f7-1942-593f-b395-0cb6a2d948a8,cf44610a-c7c5-5066-bbbf-fea9acc95071,HAS_REQUIREMENT
87cdecd7-f234-5a41-a39b-2bff2eff8489,bcca8290-f0c3-50e1-ab54-193485bfd42f,HAS_REQUIREMENT
650e1106-ac2d-5ed0-b30d-ec4f2fd59ea9,74c673e8-c7b8-5209-82fa-f5de4b4e8b00,HAS_REQUIREMENT
c8925e6b-9c96-5864-9d2e-7c8b0044efcc,d6a7a039-80e0-5bc5-b200-d63c2bbd54bc,HAS_REQUIREMENT
8934237f-3c87-5b5b-9883-d09a907b1fea,3463e48b-140f-518a-b61c-8b90c474c96a,HAS_REQUIREMENT
435e737a-75a6-5751-b3bb-3614ba8f9196,368b732b-6feb-55d9-a32d-d6286c64b258,HAS_REQUIREMENT
5f7bd2d6-bfce-59f9-bf61-edd9905cb0ad,9b358b61-a59a-561f-9a73-3cd5fe25fd5d,HAS_REQUIREMENT
8d0dd7bd-6ada-5416-88e9-4f89fbf3340b,73b37e59-e65e-519f-9150-27b4438ed7be,HAS_REQUIREMENT
5417e970-2378-5cde-b371-96478718f3c3,2bbfd733-fd0e-5c6b-a071-d9ed5e3c13c6,HAS_REQUIREMENT
c673f254-ecf4-59b1-a567-d9e27c19590a,10957cc3-1faa-53e7-b8fa-da36402350a1,HAS_REQUIREMENT
f2c80ab6-7fb2-5aea-812d-8f1364f4c045,aba2d14e-ec23-5a9d-a9f5-7163457b946b,HAS_REQUIREMENT
668d9366-0d69-52c5-a7cf-09cab8ebe3a1,add21bcb-3f2c-5775-ad02-25b03fdefbdf,HAS_REQUIREMENT
5370e49b-bda1-53ce-9313-6038c119bba1,981e745e-74eb-5eae-83c2-eabd591c6e1b,HAS_REQUIREMENT
c5625107-acc7-551f-af4d-dc8a2d72a13a,654eee1c-6c94-5fa5-99e9-4adb0b4161db,HAS_REQUIREMENT
d8c6f66c-ed4c-5ab0-9ac5-0591f07561a8,c9d19026-938f-5138-80a6-e477f280af67,HAS_REQUIREMENT
8e236fbb-4167-521c-a4a7-5ba80f41af3a,312fc147-8c43-5109-a5e2-d22fcb17469c,HAS_REQUIREMENT
09aa032c-8218-5633-9b8f-77fd4fa08326,e108f336-4295-5449-b325-4d97c4ca8321,HAS_REQUIREMENT
bbf34cdf-3907-59cc-a37e-83c31ce5f4f3,4f2534cf-6d33-5dbf-86b2-89b9b43ba02f,HAS_REQUIREMENT
94b6fab2-9495-57e1-8ecd-9f8bb44e743d,2bb294ab-3749-5e44-b72e-201c3f20bfcd,HAS_REQUIREMENT
0193d5e5-7106-5e12-835e-b2c079ee78a1,eb118aa7-6847-5228-b81d-d9a47a25c3a9,HAS_REQUIREMENT
fc3978cb-9899-59cf-8aea-5600f46b7cd3,5830f248-6746-5838-82cc-137dd0d25e98,HAS_REQUIREMENT
61404d16-e994-5bf0-acb9-d612d84fe0e6,6435838e-929d-53c6-8b3f-f8c3a9721e0c,HAS_REQUIREMENT
e40914e2-b7db-5600-a64d-cf2162ce6086,98ad2010-d20e-54e4-8fc8-a96491ce2041,HAS_REQUIREMENT
2bb34e65-7caa-5a16-84f6-ce44931f17b0,4524cae3-ac34-505c-9965-f5f9430bde98,HAS_REQUIREMENT
5674980d-1311-5466-826e-5f7351b007d2,6f0bad06-8c76-501a-b342-016b0a051168,HAS_REQUIREMENT
249bc1d7-fb6d-5c2b-af23-bea38e233fb9,684bc02a-2fe5-5a4b-a0cb-9cc542a06263,HAS_REQUIREMENT
814b762b-09a0-530f-99bb-b1aaaf7ce63c,e89dd46f-afff-5283-8ce4-5dfa033496d8,HAS_REQUIREMENT
9968832a-00c3-5d43-80bd-0bc5291079e4,6a376d4f-3976-5eca-bf59-01ee245c330c,HAS_REQUIREMENT
0189a1f0-9fe8-5f97-b704-06e0ab0278ac,31785f95-2800-5a9c-a97f-d12d7c1e382c,HAS_REQUIREMENT
25c44cc1-89de-5256-907d-994d3270c2c5,5251e509-522c-502e-997c-3a8d175808d3,HAS_REQUIREMENT
aa6dc3ab-f271-58ec-a622-019057aa086f,a734a9ea-5eff-5610-833b-9ff75dabac98,HAS_REQUIREMENT
24389747-e2ed-502b-961d-0b64a787018c,e960c11e-668d-5d34-9b7e-f8ef0270ba4c,HAS_REQUIREMENT
4ecfc72b-f505-5db5-9d6d-83cdd5337fa5,fa4cad56-92a4-5b48-a47c-3816896e4d7a,HAS_REQUIREMENT
e897ca9b-3ce6-5b44-8569-b051d3995bb4,ffad6bd0-11a2-5766-9124-9796a30a3482,HAS_REQUIREMENT
a44a9458-7ef3-5b6e-bed3-1073db9a0f70,8dab0cf8-c7c3-5d79-8658-178cc4511bb0,HAS_REQUIREMENT
92f59891-7c9e-52e5-bbd3-744c134ffa18,f25229bc-9918-5cbd-8eac-7d6c4ccf3c79,HAS_REQUIREMENT
55f6dbfd-eb2f-5945-bbcb-f88490138f0b,3c895dbb-adf1-5361-8300-a1e246f41ae9,HAS_REQUIREMENT
194925a1-f7ad-5bc1-8368-be0dd562015e,b0d39b23-0c1b-59d1-b779-105bdcc53d82,HAS_REQUIREMENT
1cdf28bf-c19e-5f86-b5a6-c73601547da1,8b8d8c85-57e1-5cd0-ae4a-63993b7584cb,HAS_REQUIREMENT
433b9d65-2b15-5382-affd-4f0048fb7a7e,ad11dede-69cb-5ecb-b189-569b9b3fb826,HAS_REQUIREMENT
80096a1c-929f-5a11-b6fa-1288c0ecf089,4ce0061b-dabd-5462-93ff-2e96f4d38ab7,HAS_REQUIREMENT
e0abfef2-07f5-5a87-ac3a-e5bb39f942f5,a365403b-ebf7-5a66-aee3-839971c6f502,HAS_REQUIREMENT
d0396cde-8fc3-58e5-b74d-ba75fa1fd5d7,19fcc0a6-3ec2-582d-a124-dadcd1137c47,HAS_REQUIREMENT
3d40a86a-e108-5db0-913a-2fce07e8cf49,a7e8609a-cd93-5a10-8093-f8b6681f29ce,HAS_REQUIREMENT
164a629c-f11d-5240-a1c4-f61ca9ac3bff,ba9722bd-05bd-5ecf-98ea-2223208a2ae9,HAS_REQUIREMENT
484fde52-d806-5952-8910-c220973c2446,269232f4-cd16-57b6-b780-53895815e350,HAS_REQUIREMENT
3e8a7cef-6f51-5bce-947d-50558417258c,03680343-c480-5b8a-b1b4-c9772dbe9698,HAS_REQUIREMENT
06fac912-00b5-5f1d-8a00-3d91295daff3,9faca849-4e32-5d99-8c15-b9084d015761,HAS_REQUIREMENT
66625ef4-912c-5b04-b6d6-279d07615969,4c58c162-3669-5aa3-8531-2519b539d2ad,HAS_REQUIREMENT
6ee84e19-3a0e-5bb9-a705-3df8221eba45,d07c35e5-507e-50f1-bcbb-70f07ce24c66,HAS_REQUIREMENT
c4bef2ee-0fa2-55dd-a228-c4174d4ff8d1,8ff59a34-cc40-549f-a60f-0caa8981d873,HAS_REQUIREMENT
cd3f3a51-1454-52a1-9b4d-597bf792d530,f034e772-0672-5865-bb5d-27a54369fc9a,HAS_REQUIREMENT
a7ab84d4-c2b2-5ca2-8390-68f4144226c1,8bc5e94c-e855-5de3-9ee0-d5ae149c3f6a,HAS_REQUIREMENT
819323fb-79f9-5847-932d-452d7c6d5fc5,adfd479f-64bb-5df6-aa2e-a947ca2b1b08,HAS_REQUIREMENT
b86e24b5-b658-5ff0-8237-3499487db2c0,013fa7a5-45cd-54d0-af9a-b2896b927a62,HAS_REQUIREMENT
84ab1dd9-9ae6-5bd4-b1ae-4d56a9e47da7,0d74e3eb-a6bc-5ea2-9b40-0438bf99b931,HAS_REQUIREMENT
48e735ec-fa81-5151-9521-32ad2320ff5a,f9bb3c71-94c5-5596-9601-8a51e1f3cdce,HAS_REQUIREMENT
6b7d70e1-387a-51be-9b00-1629af86bc24,c1111ad3-cc3a-57de-b60c-df43715f42ff,HAS_REQUIREMENT
278e1010-d70c-5b04-bf68-26fdf29a5857,90b3a8d0-4edf-559d-9594-331b65e91308,HAS_REQUIREMENT
dd18b81c-1f22-542e-9b91-e52e3d5ecc07,f1fd8e5a-4e7b-5c0c-a271-6ecd0851d93d,HAS_REQUIREMENT
39aa54ef-64e0-5ce9-80c4-ce5dfc53b61e,f55ad4ba-37cb-5794-a739-216399106589,HAS_REQUIREMENT
cba49fc5-0549-53f9-8536-8eb8381681cf,9593007d-b215-5b02-831b-dfae7c248fbe,HAS_REQUIREMENT
bc5472d6-a945-592f-a67b-0f123fb74817,b4ab2e8a-897c-5c8c-a445-21933a74537a,HAS_REQUIREMENT
d9b0a4c5-6157-5cab-baff-1341cf50f904,10979420-b72b-5476-9b4e-780d408d35c0,HAS_REQUIREMENT
710f156f-bb5d-5258-9d68-2a7598d75af7,344dc562-c859-519b-a01d-af507aad6e7b,HAS_REQUIREMENT
1e836dbd-5e57-5a06-be86-0d53323317c0,7b6326f5-4223-5a3d-a7bb-a8d1817b9810,HAS_REQUIREMENT
fd1348e2-2b31-5b06-9154-c873889dc8b6,be9990e2-e691-5d75-a25d-0d9a24336572,HAS_REQUIREMENT
6a960084-5576-58f5-a4e6-45fb412fcd37,f6ac3a46-0ecf-5ac2-8ee9-299ca8b13151,HAS_REQUIREMENT
c0acf87b-ab5f-5058-8cbe-bad190eeb8ba,a630ca8b-c7ef-5ddc-8e78-b367150daf19,HAS_REQUIREMENT
c9bf6033-4fea-5081-a99e-2c230923b57b,88fdee6a-0b0d-5772-8d46-b1cf8bd07c9d,HAS_REQUIREMENT
92bc6e61-8cc1-5415-9012-e2e81a394aae,495f69c6-4a63-5e07-8e13-5a7b7191183b,HAS_REQUIREMENT
c71f9a96-825c-59dc-a3e7-cc48cef7d907,9a78ba04-7ceb-5d09-be9c-15a3de62dbdf,HAS_REQUIREMENT
eca50d03-1b5e-5700-9550-1a6ce2dbf963,8a214473-cf6d-59ce-a96a-2c7e372e3406,HAS_REQUIREMENT
25de5806-8dab-54ba-af1b-47d1951bfd20,cde4544d-9882-50a4-8976-936d25fe2682,HAS_REQUIREMENT
d06d6fe7-73ba-5658-98cf-b01a347ac2b6,d01a581c-8b61-5495-a21f-4d7ff9cd74f0,HAS_REQUIREMENT
ca255b29-85c5-5f75-a9b7-1ee5d553fd08,5df7deda-623b-556e-bd28-673cd1e90e24,HAS_REQUIREMENT
bc08adda-7ace-5ed2-a86c-35ead0c9a607,6a638ca0-b805-5a87-a463-26e0618c03e1,HAS_REQUIREMENT
63629836-3289-5bfd-87c0-b72fb2fa8eaa,cce454bf-e2b9-5613-997c-7851b8fa781c,HAS_REQUIREMENT
0aed40d2-8b36-505b-a370-ecf344c59277,1b289cfd-88b9-52ee-bb18-56d09ed885c8,HAS_REQUIREMENT
8b9b8585-80cc-5b78-9f61-0ad3d3b8b00d,ae0f724a-bd37-5a95-918e-d9e7d65cff32,HAS_REQUIREMENT
2128df50-3d5f-5816-a440-6b4aa4529210,9d9e5f13-c19a-5d93-8e14-da9c7584892b,HAS_REQUIREMENT
1cd798cc-4210-58e8-895a-f51a4a0ed6da,fef52491-aca3-556b-82b7-5db672856b72,HAS_REQUIREMENT
95d88ac1-07f8-5ff2-806d-f24d7875e388,34ca7d87-d96f-555a-a7f4-28669b31c31e,HAS_REQUIREMENT
3052c547-244b-541c-9ae1-5973f89ba059,e4917908-49bd-588d-8445-ba64f6119086,HAS_REQUIREMENT
f80f9720-8a64-57b8-88e4-3941efb47931,c55c1780-af49-5cb4-a30a-c0c9d3677154,HAS_REQUIREMENT
0f3c6a17-cb35-53bf-af88-a400b4849f3e,c329cb40-54f7-51ab-9e9b-2b8617243cd1,HAS_REQUIREMENT
68697cb2-e5f3-58c6-8aa6-8f98200dc2bf,a84c0e9f-1145-5d23-ad33-3c29cf2ea47b,HAS_REQUIREMENT
53896b86-c598-581d-bb7d-ccd2127941cb,43c46581-9102-51e5-9a63-49b3ef42ed27,HAS_REQUIREMENT
49e2cafd-f0a9-5901-b574-e38e970f8c4a,b7c9104a-5747-585d-8242-7987d2292bbc,HAS_REQUIREMENT
93946dfa-8073-5f3c-a919-43066e42e955,4d7070b6-4a76-52b1-a1d1-edf638efb12d,HAS_REQUIREMENT
1c80a01c-5416-5e87-af1e-7a8d265c253c,f2578aa4-00b5-5722-92b4-7f30f404f64c,HAS_REQUIREMENT
a00a718d-4a3a-53dd-9562-1cf3bf6ab6be,eaba2eae-a9b6-50d3-9cc4-f134568380cc,HAS_REQUIREMENT
5075e93b-2e39-5c3e-9143-f67c287cb459,3ba13c53-f19b-5589-a8ec-ec75dac01e25,HAS_REQUIREMENT
62801f04-2cae-575b-b1dc-28eea3f5c407,b31f8e36-43f6-58dd-9c82-c0b91666a786,HAS_REQUIREMENT
0c46b847-5309-562d-84ec-9657c4a10668,a1d3894e-7943-5934-b781-3b6f156a8e7f,HAS_REQUIREMENT
e7e9e329-ed8e-5fa2-b151-9b911e299e70,be4ec73a-68c4-5d29-be8c-639210c78b82,HAS_REQUIREMENT
6b3c4254-db45-5532-8a7a-b24ebcf1e967,cfeccdb2-b875-5df5-acc6-b29fbd7c8576,HAS_REQUIREMENT
593f42b9-9ded-54b9-bc03-7d309446eeef,b2810b40-f3f7-525e-b37e-0874d679fcd8,HAS_REQUIREMENT
59af219f-c49c-539a-80b3-636b337c59cd,61433c92-e211-5ac3-bdfe-1f0137ba50ec,HAS_REQUIREMENT
bddb7d0d-b6eb-54d8-93e5-dabf54b882f6,bc5739a6-e1f6-5d0e-9482-4d65ae2e6374,HAS_REQUIREMENT
9ac59f34-593d-5ed8-82c7-7d2f08b8bfe1,fb67984a-eaad-5312-baf7-44e9e56c44e8,HAS_REQUIREMENT
7d1d5808-d7b6-5a7e-8a06-b81fc033de3d,7130c074-fb4e-5940-84ee-b135d2ee980a,HAS_REQUIREMENT
6650744f-7be2-5cd6-a0cf-64073202bdfa,72634444-4ea5-5c39-a195-7ad7d76ed40a,HAS_REQUIREMENT
e7ab9d11-9fda-5152-b7a4-67c3081d3774,980acfd1-992b-50c9-acbd-5c4a4fd38cfd,HAS_REQUIREMENT
626eddf3-9ff1-5ace-9946-0550d1c2db39,fdeccfeb-b97c-51a0-9950-67b68958a626,HAS_REQUIREMENT
377a701c-6f31-57c6-829e-87a3ac9828a4,9c05ef4b-9a97-54a3-9b92-b825af6c1638,HAS_REQUIREMENT
cd9a2184-56ff-56ba-8a7a-f0f0398b9d1b,ace890ff-921e-584d-a701-d912635b7148,HAS_REQUIREMENT
cc90d147-3982-563f-afd8-62c48c4e9b48,a3814698-6028-52cd-826c-4dd0a5dfc8d2,HAS_REQUIREMENT
0a61a108-1ff2-5ff8-b692-bf6c0effd26d,a9105a36-325f-56c9-90ef-bb9b1fbcca44,HAS_REQUIREMENT
adc7e79e-09ca-5abd-bfd2-3284fe5d9f9c,7212f436-9627-5eaf-b88d-9ee46d0017fd,HAS_REQUIREMENT
05693732-c94d-5b37-adff-0b0876f5396a,eebf829b-4032-5cb3-966d-7465652c4f7c,HAS_REQUIREMENT
a790deee-abeb-5483-8af0-f25b2443415a,0e93a8ef-acf0-54f2-99d3-bea3091fd022,HAS_REQUIREMENT
040d11ed-b291-5bef-b781-e830c66ce7cd,41603ad7-ace6-587e-b0cc-bcbefd72baf0,HAS_REQUIREMENT
ae41fd2a-007e-5119-8087-3ceaf057ea16,263c88fd-d390-5310-8748-4de57003bbbf,HAS_REQUIREMENT
24e7bbc1-8202-5d58-9b4c-1669eff45519,545bd8d8-42c7-5e9d-be5e-f3b97eb75cd5,HAS_REQUIREMENT
b20340dd-9158-5aec-95fb-e96473e9d8ae,17b787ff-57eb-574f-923b-59d04050d419,HAS_REQUIREMENT
51a6de21-98ea-5b85-b4e3-6f361878b6b3,c30ee868-8631-5e9c-97bc-00572c8afb74,HAS_REQUIREMENT
27cc4115-fa07-52e0-9f7a-76fd3c56a535,63555e6c-b6ec-50a8-b0da-5159f747763c,HAS_REQUIREMENT
8033cc76-9467-5558-838e-b730128fc9be,05151311-4497-54a5-9f9b-df76d660f511,HAS_REQUIREMENT
0a48a3f4-4017-5cac-a583-c36eccbd127b,9f351f5e-00d5-555f-9249-20bb3a8421ea,HAS_REQUIREMENT
1e01eb9b-835d-5475-b5cd-78ddbe0b4659,ee4fd1e9-c4b3-5ad1-8798-ea53a2b571f7,HAS_REQUIREMENT
4f1538d0-bace-59e9-8197-d3602b1488bd,4fc467d8-6ecd-568e-9f21-8032f6544be9,HAS_REQUIREMENT
19befe0b-70b4-5f76-a5c2-2c97d011abe1,02156a62-de3f-573f-86da-a398d257b8eb,HAS_REQUIREMENT
8f3917de-2b20-507b-a366-56f2bbab7f71,c3ab695e-5143-5032-ab4c-c8b54e5fadb5,HAS_REQUIREMENT
67322dce-f31f-5c27-a172-92bd9ad511c2,1c578cd0-7448-52cc-b757-2e8b15cedf6e,HAS_REQUIREMENT
63029c91-8a01-5032-b248-c398bde95a12,a5829ae3-4761-5ef1-9ab8-19e9b2f4ec8f,HAS_REQUIREMENT
83410a67-615f-5ea3-9547-7d2a415a2fd7,fce0c8cc-a14e-5f1c-ac45-9617f70c5853,HAS_REQUIREMENT
a5b99235-b952-5e49-9378-af885a06914f,baa169de-4af4-5d03-a1bd-adffea171393,HAS_REQUIREMENT
45a47093-95eb-5392-b9d0-6d5748c3b5e9,ab4e7dd5-0fad-551a-a8c6-57eb0a49284c,HAS_REQUIREMENT
9025a826-d1ca-5c53-9846-aead067ff3e2,065c5c19-b552-5207-8084-9d56318fe514,HAS_REQUIREMENT
26ee2e5f-bda2-5b8a-8cb1-c71ac0674f08,291881ab-0978-5a48-9f6b-c3206695cd98,HAS_REQUIREMENT
2b011184-4501-5051-9690-25524aecc7ba,00a7252b-be45-509b-9180-a0058a2c9e4f,HAS_REQUIREMENT
ce1cd761-fdfb-5f8e-b64f-e7dde72b11b8,ce0b7e7a-98fe-58e3-ad29-c86b2a6d4461,HAS_REQUIREMENT
9b1a5c41-c939-5e5b-897a-7b7759a8d9e8,4f63ddd5-520a-507b-9053-0ed1dfa63ed8,HAS_REQUIREMENT
5170958f-d5fc-559f-a1c2-47ac4bfb5e5a,de75801a-9a2a-56be-b322-a0b938d78818,HAS_REQUIREMENT
aeea45b4-8923-5738-a39c-ebd049eb4ff3,53cf4668-2203-54ad-9711-eb834b7e6ac7,HAS_REQUIREMENT
87b09e5f-37bc-554d-ba52-7c5ee7a2c092,27fb07e1-28c2-5bca-89fd-8793cfdcd910,HAS_REQUIREMENT
55a4581d-2f7f-5860-ae8b-7e401aecbf26,72ffd773-e417-5ffd-924c-73f39e0518db,HAS_REQUIREMENT
6751057c-8566-52aa-9480-017efdbf1d3b,7459d37d-d2f1-5a9c-898f-a546e99804d5,HAS_REQUIREMENT
9f904ea5-cfe2-52c7-a16a-c7943c5b9263,cd610850-7654-587b-8f35-f2c5ffbc0fc3,HAS_REQUIREMENT
e42af996-0878-5d20-8502-ea73f749b463,8212068a-f92b-5b82-951f-c55db04f2cbf,HAS_REQUIREMENT
086fecb2-63c3-5d8b-a9a5-14b2dfbeef7b,316a8966-0ae4-54ab-b6b2-bbde9b2deff5,HAS_REQUIREMENT
fa984508-7107-5562-af20-b101520cc5f6,b6c50e54-bcfc-5a71-a04f-2f384dfc3602,HAS_REQUIREMENT
66ac62c8-ff97-5c09-885e-341010875db3,b36124e7-acb9-5a10-b951-a3c524baafe7,HAS_REQUIREMENT
e2bf2f24-05ed-58d4-8c76-8040c6cd7ee9,37f3e987-3932-5721-9da1-ac05edcd1e5f,HAS_REQUIREMENT
e9ce7289-4a33-5d03-b4f8-42e9e8774833,e9cb667b-575e-5aa7-9d2c-e4a0cbde1874,HAS_REQUIREMENT
b0d70beb-c435-58f7-9da5-9d3e60e22dc2,6a90eb6f-bc70-552a-a30a-2ea17aa9647f,HAS_REQUIREMENT
b8632b1b-55fc-5025-a6b6-cee16962ca6c,d42c485f-b910-57fd-b6cb-80d3af6f34cb,HAS_REQUIREMENT
8590c7ab-528b-5478-9be2-435ffb6e68c7,2fba831c-d45f-516c-b8f5-50a3cb959e26,HAS_REQUIREMENT
eccd9bab-6280-5a64-9efd-1e8e312ef4e7,9b5a125e-0725-5b61-a533-9a51ab44deb6,HAS_REQUIREMENT
39df7b6f-96d9-50f7-ae79-a4f9e3fb8c94,eacaca4f-f3ff-53c9-a8cb-3c4ce21fb9c7,HAS_REQUIREMENT
87f08a2e-b5dd-50be-83f6-e1fb840192fa,2cb511d8-be1b-56a0-a7c1-ae87b6e477e2,HAS_REQUIREMENT
fe0f43bf-54f2-51ae-b689-c636fb2ac746,79824748-ee8c-5665-84a8-de59f739aa6c,HAS_REQUIREMENT
fdbde7a9-62ab-5684-b3bc-fb9da1289b46,8f9a01c3-7c57-5241-a4f8-cf7f694d566e,HAS_REQUIREMENT
4decda60-6086-58b4-b843-bae1dbc8ccdc,d1e1c6a7-a2bb-507b-a966-f8adfe13ebc2,HAS_REQUIREMENT
d4306ce7-fd40-5154-b658-f50c13b7844d,73941512-6beb-5f40-9b4f-f7b2a6c8e327,HAS_REQUIREMENT
44eff547-625d-5635-9256-2b7c08b2b2d1,fcc8875c-13db-548c-8298-7e009b4a2a24,HAS_REQUIREMENT
9aa62e09-2b9a-5c55-9ba4-b933e88deda1,d57e342b-b297-5be4-bd00-68ca621c83ca,HAS_REQUIREMENT
952a17ce-3525-57ae-9f86-1edd3cd109cc,b1a96aaa-66e0-5671-8117-776c162e7c04,HAS_REQUIREMENT
003a56b8-e9d8-579e-a545-d9d261afd200,afdf88c6-be4e-5e9a-b208-8da77da4aad0,HAS_REQUIREMENT
69cbbe25-f819-5009-8f14-d01d33ff4519,35fcb15d-b620-5353-95b0-0dc4ea9e9cf4,HAS_REQUIREMENT
921799c6-5051-587c-b524-dc13209ea907,d6aa1054-1dce-5241-a303-bbf337f5e034,HAS_REQUIREMENT
64a2d04c-200c-5bf9-8d04-41890a47bc89,1ac601e1-ce53-5dfc-9aec-8b3e05dcd2a0,HAS_REQUIREMENT
1dcf0c96-08e9-5ed7-bfd5-2edbae91ef01,43b22476-cce5-54af-acba-d87e87261e2c,HAS_REQUIREMENT
51920a42-560e-5589-8bae-384c1fc7c547,8c591f28-dbfd-5dd1-a58f-3865d092b724,HAS_REQUIREMENT
4048210a-9b57-5e74-b9fc-3d6e5ca8c9a4,8e81f842-fa88-5ae9-b6e2-e1b79f0ad1b1,HAS_REQUIREMENT
30af0435-7e34-5b81-bd05-0c44defa0155,d433b413-ba11-5270-abfe-2bba1cacb79b,HAS_REQUIREMENT
49bfa248-721f-5089-acbe-e92ae6a57ef7,875c73f0-baeb-5bd5-82be-f27899f9d7fc,HAS_REQUIREMENT
a7673e09-3d09-53dc-bbb9-8842f2cb238a,4b085722-1a92-5baf-9de8-557b47d04825,HAS_REQUIREMENT
d90c67ee-d620-51a7-bbac-2f7e23d92107,5f44a726-4b43-5a72-9b31-394db8fe4554,HAS_REQUIREMENT
e6510136-305b-52be-bafa-0aecb4ec3a82,4d6133b1-2184-5a4d-8d71-fdf7f3fb2616,HAS_REQUIREMENT
3b4f5e05-ed97-5ce0-8c22-79898d85839f,6ee90092-fe0d-57c3-bda9-de6f6d256b51,HAS_REQUIREMENT
a78ffb70-6cce-5fe8-9c82-20a1da7fd752,b90dfd4a-2fe4-5a13-8801-050d16109ffc,HAS_REQUIREMENT
551e7bfb-8f8e-5caa-bc9b-c68c76427b2a,f14ad983-8d7c-5be5-bcea-661495a7cc09,HAS_REQUIREMENT
b31aa578-52b9-58c5-a34d-3c5a78dc562c,d24ceb24-9e3a-555b-87ab-164d72f4597c,HAS_REQUIREMENT
3e861fb6-08f9-5194-89f2-b38dc1921324,ce100320-6d77-59f7-97be-22be7ecda167,HAS_REQUIREMENT
353f6ccc-1149-5ccd-9d32-9aad67750baa,dce8bc1f-c6ce-5f10-ae0d-3741ead29065,HAS_REQUIREMENT
3e6a6da2-05d4-5218-9be0-a6ff30470b14,62e7d20b-c38c-5b52-94f6-120030c74419,HAS_REQUIREMENT
056155d3-1680-5d2e-8d66-87326ff70940,e0bbe632-7bc2-5f55-87e2-51e34851a191,HAS_REQUIREMENT
7e01d75f-af74-509a-8dbe-1b5d2dac2b26,90903e39-59ab-54b6-a637-0cf23d403702,HAS_REQUIREMENT
804b8b82-a13d-5e21-beed-68170ed4a28e,1503aae4-4999-5fbb-aff5-8dea8eb040a1,HAS_REQUIREMENT
b1915523-b913-56b7-b4d9-9188b40eb49a,e9455722-f967-5916-ae11-9085aa23a125,HAS_REQUIREMENT
487a1e1f-a604-5d2a-904d-df444cd13811,d472fdd9-b68f-51fa-8f49-a62a3374e8a1,HAS_REQUIREMENT
37803d5d-bf18-561d-87f7-cd1f92c1008d,5cba5f0b-5f45-5b40-b2de-77687ce67388,HAS_REQUIREMENT
0e122635-96a4-5404-8aac-e58a9c1b84b7,2b7a4ebf-9870-5adf-b7ab-35e31864ee70,HAS_REQUIREMENT
29ef5e76-481a-503d-b629-3a97373d3463,f00e9291-7ed4-5ba8-8ef2-182fdb36630c,HAS_REQUIREMENT
4c34ca82-3362-5131-8895-df75a87ebc09,2f57bac6-8aaf-5a03-9ef7-72b7e3612e97,HAS_REQUIREMENT
c3e4d802-068a-5fc5-b3b8-a4273a0505d5,d64ca697-4415-5ecf-bc55-30162053c087,HAS_REQUIREMENT
61e81fe3-d045-5523-9a35-b672f3a802d7,6842da7b-813b-5d89-a85e-e2ae68463b4a,HAS_REQUIREMENT
c76eccbb-7d5b-5d12-af01-7e96a67d285c,af351653-4b91-5708-a09c-c08386a334df,HAS_REQUIREMENT
a3d831a6-4edc-5516-af59-d2618cd3ecb9,e606c59f-7fbc-58bf-8d20-bcdaf82fb352,HAS_REQUIREMENT
eff388db-ae35-56c3-80e3-3a2ac37f87ef,f065fa56-d9fe-52cf-9738-3505d9173e88,HAS_REQUIREMENT
0199975f-e98e-545e-9eb3-7406992ec8b6,e294e896-e6dd-5cb6-878f-7329b5176659,HAS_REQUIREMENT
84891644-ae5b-5a6e-9d3a-35ed7abcf8f9,c7dc5a55-4299-543d-9e84-6d23aec3912a,HAS_REQUIREMENT
ffbfc1b8-ff54-540d-ab03-8bb9f4b07018,8bb1433d-2842-5a73-9af8-cc1a7ff7e477,HAS_REQUIREMENT
20f9338c-0e09-5495-8a26-82637cb832ec,12244260-55f3-5521-9529-3ffaf34fe77a,HAS_REQUIREMENT
7c18e14f-8e9c-53ad-bae7-48c8f6216f12,ba8ca2d1-1b6a-5818-8a5b-788e683568c4,HAS_REQUIREMENT
36679ef0-8ac6-5e34-99a2-aebbe34aab5a,49af83f9-b5fc-5a18-8cc2-632b0a71f4c0,HAS_REQUIREMENT
beea1089-aac8-5f6f-ad7d-d670f51c5944,b43db7cc-d16e-5eb0-ae6d-b403b1b62b78,HAS_REQUIREMENT
2d0e88ff-0d8e-538e-8fea-76fec7a27805,3cb518bd-ee73-5421-9099-9dc11deac2ae,HAS_REQUIREMENT
87798465-d0a3-5b67-bd57-30590c651207,6ea4aa28-2d84-5d27-94eb-15758de35e7a,HAS_REQUIREMENT
952ab018-1b40-51d3-831d-13636e252242,3c2ee5a6-f06d-525f-b394-69d12787f779,HAS_REQUIREMENT
d8d306f8-c628-5e3d-a00e-436790ed26d6,f32bd8f8-c09b-52c9-a165-97ebe8f69692,HAS_REQUIREMENT
34fc9201-e5a7-5a9f-8706-a310146717eb,0819da08-15de-5b6f-ba63-43c048453442,HAS_REQUIREMENT
68906a66-bdb5-53a7-9b58-9cc04dcca8d9,bb5c436d-b987-5385-866e-63f8c3afdc7b,HAS_REQUIREMENT
52876570-126f-52a1-beda-09ce5b3b4ff2,9fe20cbd-719a-5632-b136-1503954532eb,HAS_REQUIREMENT
fc59f456-e558-5a22-9f8c-3100f321f801,bcebde9b-363b-5500-b6cb-04d193d8708e,HAS_REQUIREMENT
8c03e31b-3e63-5d8c-bc18-5dc48311e662,6cb8fd90-7434-5a39-91ef-f07642b92cfe,HAS_REQUIREMENT
50db7131-947f-5761-ae46-c7962e3ca56f,d6798f5e-17d2-5354-b10e-85bf9bfac5c9,HAS_REQUIREMENT
8078a597-6de0-53a6-a387-4e516420b376,779ac6fa-f6b6-549f-b2e9-c4859612240f,HAS_REQUIREMENT
31f2bd7b-3790-51d7-8aa3-c139a1a4820e,15995ecb-704a-5e07-a018-e309890393b9,HAS_REQUIREMENT
640163cf-6c40-578c-bedd-47bf3c51d7df,1123c23a-9b0c-5fdc-9b8b-e415ece2668c,HAS_REQUIREMENT
bf5676b6-2330-58c0-8e3d-45e6ca7ae21e,1bb08a2e-3699-5b76-9ff2-d6bcdf4c1feb,HAS_REQUIREMENT
e39b57af-28ff-5489-a8ea-34f5bf08cbd5,a5e26a7b-16fc-51c2-ab3b-54743b4b3c5e,HAS_REQUIREMENT
fb16f040-5a62-5240-a786-153a20f98a88,445ffa16-b3ff-5187-b007-101515e30735,HAS_REQUIREMENT
54656757-c09f-5b63-8890-46bb2402e7a9,4ed44803-b4d5-5e1c-9747-d75574abb6fc,HAS_REQUIREMENT
7659b6b7-567b-5214-b94f-3b593317f853,4bd41175-3cbe-5ab4-a3a8-8adebd845c42,HAS_REQUIREMENT
d9b49124-b0ad-528e-97c6-dfc3732d6b63,7522b9ce-9a81-5dc7-b0d0-b60193ab0782,HAS_REQUIREMENT
2ee56158-9481-5acd-8839-2f291701202d,fe27c226-f07c-5bee-8b08-47691b5589e9,HAS_REQUIREMENT
d3ee9aee-3ce8-518c-a69a-6a9ef9dc7f4f,1d587085-c519-59eb-b01e-b49466d0ef22,HAS_REQUIREMENT
8735fe84-7e0a-56a8-8236-67100b810124,257563d2-2ffb-5db6-92bc-1f8c15349cdd,HAS_REQUIREMENT
9233d591-5430-5b90-8b26-f6da15a679a0,05c4edce-52ea-5c6c-ba7e-e2f9d9812780,HAS_REQUIREMENT
e162ef11-ecd2-508e-be15-838d5ab0dd2f,04484682-2d34-53f9-ab5b-d36c230f8667,HAS_REQUIREMENT
1d788e71-f7e9-54cc-bdf2-9cc97daff204,36bdd892-5f65-5349-8829-84a325e37213,HAS_REQUIREMENT
aefba5fe-8d5b-5444-b289-0da40b4999ca,1b9a8bc2-27bf-5df2-ad63-0bbf6c8b50e0,HAS_REQUIREMENT
9678d7d1-5b53-5468-99a3-760e3b447531,01a8e1ca-f340-58ca-8f55-4a9e8bdaa2d7,HAS_REQUIREMENT
1f6cd88b-f9c1-5353-84fa-8025ad57110f,b5f0cb65-86dd-58cc-b866-dadb84eaea94,HAS_REQUIREMENT
754ee245-92f5-5377-bd3a-ff696bf2ff3c,b57b112d-d26b-5add-9d6d-d4a05a1292ee,HAS_REQUIREMENT
0b1c8f2a-6183-5849-8217-da986c6df691,e828dae5-0ba1-5f33-bcf2-abf2c9c4dc71,HAS_REQUIREMENT
4c42a810-630c-5ccf-b261-8524c5a95df9,835656bc-dd69-5be6-a331-8bddaf7e68cf,HAS_REQUIREMENT
f4cf198a-20c0-58f0-8bf3-00d72464f403,6ba05e2e-51c4-5488-88e0-86f83b9f1158,HAS_REQUIREMENT
bdd1c55b-ea96-5331-b910-e2bd74a594d9,b2ce87ac-c7d9-5dd5-b778-b15a8b37b0a2,HAS_REQUIREMENT
fe976e50-c010-56f5-bfaf-009ff1e8371e,e675ed2c-1e08-5a66-9a84-1634c99e800c,HAS_REQUIREMENT
564f474f-0a75-5118-b694-e935bd5aec51,80288d9e-7971-5163-b112-c9693d224f5c,HAS_REQUIREMENT
d25e60c4-5a45-5429-8fd2-fa275bcaae55,d8fdb01b-4c7b-56a7-b67e-9ab22cc64668,HAS_REQUIREMENT
ab8eab36-babb-56d3-93d4-abdd1a68b505,99838d07-6ffd-580a-a60c-c7f305a1b0d3,HAS_REQUIREMENT
268ce081-92cd-5255-8895-efe709a0dd04,7b22e49a-d2df-5094-bc9f-8720136bdf22,HAS_REQUIREMENT
f3a1be7f-9674-5fa5-8c7a-48c67fa24dc7,c1afc311-f725-5110-91c6-0e1120d8034e,HAS_REQUIREMENT
1f64341d-c3dc-512e-80bb-cedb128fe002,610d62d3-45ee-5444-89b8-9fa15fee64cf,HAS_REQUIREMENT
0c01c59d-9530-5911-8d5c-d455b203abed,262e4df4-cb42-5962-9e30-174f2152a8a1,HAS_REQUIREMENT
c11fc0e9-df2c-521c-aff0-b190c42317bc,4abfa04f-03c2-5a8a-b15b-4b4222b17cd8,HAS_REQUIREMENT
d7aa0168-20ce-5416-a648-0f5b47776607,38993afd-cf29-5308-bfef-eab51e32e7a8,HAS_REQUIREMENT
7801bb7f-92e6-5143-bd3b-5ce487583cb4,b4346859-1221-5277-8f31-ecbeafb57337,HAS_REQUIREMENT
818c6844-2443-5fd4-a215-6305c7ad2037,0b649cb5-c435-5c67-8324-b8a946150613,HAS_REQUIREMENT
3efb74f3-9e12-5310-8f00-3a5accece94a,fe3a2b91-4fa0-5e71-9cd7-a0bc64d9fd80,HAS_REQUIREMENT
93669cdd-efae-53eb-bea6-8c0519fb7c16,7e469b4e-394f-53d6-b9d9-164e0688c58f,HAS_REQUIREMENT
b33b8bb7-1411-5708-8977-4ae2105af254,650b3d20-6ff7-521a-b2c8-9d50409e15a1,HAS_REQUIREMENT
b47538a3-639a-535c-8886-e1e0523cf692,07d518c1-746a-5bfa-98d9-4ae3df9a9f7c,HAS_REQUIREMENT
4d96e90f-af08-50f4-b516-fa02598ffeb2,33b77235-0d75-5356-a846-f16112b0e2e1,HAS_REQUIREMENT
5b27aba1-77a8-57cc-8294-6cb2182600dd,cfc4387c-7b31-5f1e-a710-e9de0371c1da,HAS_REQUIREMENT
6ed12123-1c59-591b-8dc6-2af198bca2ba,c2bbe9f9-fad4-58a8-ba92-f5bae24f118f,HAS_REQUIREMENT
c47ec9f0-3c2d-5e10-97d5-1d50934d2464,bc5f88c2-d980-552b-a36b-e1928e2eac54,HAS_REQUIREMENT
17c8a217-25ec-5201-af29-80d9a247108e,4d68ecbe-fb9c-571f-b2f2-6794a6264a60,HAS_REQUIREMENT
7054cb27-21da-5742-96e1-54b2cfdb5fa3,5760bf7e-e915-56b0-982e-7e20371e534c,HAS_REQUIREMENT
fb77f881-a241-568e-8add-0362b338282a,9182df49-4e6c-5674-84e3-45322c6b9b1d,HAS_REQUIREMENT
26331975-4e72-5eb8-bfff-58603e75190b,55da081e-53fa-51dd-89d3-dfe86daafb3d,HAS_REQUIREMENT
275b3d76-045a-5114-b8b3-3be5d337d835,f2f2bf26-8200-5698-b344-451374d4fe39,HAS_REQUIREMENT
3b815a72-e976-5e1d-b8d3-cf4e185ddfda,2343019e-4ba9-5d56-9c65-3a9d18648612,HAS_REQUIREMENT
0af5bdd3-bfac-514f-9d5b-c52c514f72f3,83877bd4-b29f-5e8a-97f3-c068362ba4f3,HAS_REQUIREMENT
2ec47c95-08ab-5f94-88d4-c0edfed26c88,025f44ca-b17d-5976-9c35-ddaa2e877e9e,HAS_REQUIREMENT
d8a3bc62-524b-56c2-a86a-0137eeaee12d,9b49311e-84f5-59a7-bd25-1b3c758c7e7b,HAS_REQUIREMENT
31453655-ae26-50ad-9d09-71af672e45da,1130b773-8e6d-526a-8849-f24ad3e357d5,HAS_REQUIREMENT
6b00d0f2-adf9-5d81-8e87-423fdbe00e49,b3f3a185-76ee-5468-bca9-ac673b6b0cec,HAS_REQUIREMENT
4079a86b-73aa-5c42-bd66-6eb4a10185f3,cb191a58-0ae2-5d2d-adbc-3f42cb3c07b4,HAS_REQUIREMENT
e92cdf5f-9d96-5d8c-aaa0-7a31492a6c76,e46b421f-ae4f-5363-90c3-875e1fc7735d,HAS_REQUIREMENT
48546cfd-9380-590d-9788-8fb9728499d0,a289d48e-f31d-5552-a1b3-f04d9abe4086,HAS_REQUIREMENT
89df80fb-f538-5911-96cf-50b68a9401d9,11f748e1-1a14-54d5-9484-c46f9535dc0d,HAS_REQUIREMENT
89ea9475-523e-5d28-9fc5-7df5ba61cf12,e4de1a12-23b1-5f7b-a58f-a77a97d80123,HAS_REQUIREMENT
54ce2243-584c-512e-af84-81aef8f29ad2,dc79f859-df51-5949-8b91-0be601df42d4,HAS_REQUIREMENT
544b342b-d3c8-5ad2-828a-3e68199bf688,3a78aa8d-eb67-5aa2-8bbb-d7bcd9178ea7,HAS_REQUIREMENT
c399d2ba-ac7b-5a2f-b04c-015ca1f352cc,00d725e0-06a4-522b-ad0f-edc914a6efc2,HAS_REQUIREMENT
b4a08afe-72cf-537c-838c-f90e30dd0801,187256ed-17b6-5e1d-abe2-b3aa7cfd22bd,HAS_REQUIREMENT
35a7c0a8-2cde-52df-b3ba-15495a4c46c2,f959446a-3734-5bf0-b592-470ca479343a,HAS_REQUIREMENT
edb763b6-758b-5fb1-ab88-e522e55ba352,90af0080-39a5-555f-842f-e26762af2a35,HAS_REQUIREMENT
f824fa5e-8708-5e64-8b62-157ff592fb8a,7af0d88c-9ac0-5813-83d8-f931fa13a93b,HAS_REQUIREMENT
c82c760a-1c7f-5279-8778-4a62ec3e3081,8e9495c2-a911-5c3a-ab3a-d1f8d66e9e09,HAS_REQUIREMENT
0aca844d-360d-5543-8722-df17c2f9d154,78dca736-4eb5-56c1-a109-8948da461170,HAS_REQUIREMENT
7a44cd4a-d0c9-5e6f-ba60-470eb5c2ee81,ee3d154d-eb28-5ad6-a62d-16c68b3bfa50,HAS_REQUIREMENT
365fea17-6233-5a5a-bb95-b662b7e51e99,a58d0937-e466-5591-be6a-b6bdc4a222a3,HAS_REQUIREMENT
ce27f83c-8e31-5876-9dab-fa0f27f1a7c3,96a66dc8-ebbc-5a2b-a4ed-a6508fddbb47,HAS_REQUIREMENT
ccc28de8-547c-52fa-8e14-1ef6983cde66,5919437f-5107-55ea-9d30-67861051fcac,HAS_REQUIREMENT
9793697a-2fce-5f54-99a7-0cb477d5fc38,512d4d3f-959b-5ae8-a304-1282e5b1ee87,HAS_REQUIREMENT
c8f954d5-bcf9-5b26-bfbf-7fe64d48016c,62007142-b8b3-5499-85c1-886292317901,HAS_REQUIREMENT
2cae1bd1-b259-5873-843d-b5d37e670bdf,214f2ee3-f868-579c-8ce1-88e9a67daed5,HAS_REQUIREMENT
1d22b515-2462-50c1-918b-7e1c314a3323,0d5d9975-dad8-5852-87f6-e89db8c9d244,HAS_REQUIREMENT
0a6c4e0d-9e6c-5e9b-8ffc-80748c3f60dd,0562e8d1-737e-5e6d-95e2-65cd40e3d873,HAS_REQUIREMENT
8f199012-e2a0-54f3-a5b8-943723c265d1,98ee85ca-8198-51a4-976b-db25798f9f86,HAS_REQUIREMENT
b6de02c4-8acd-505d-b56e-f67e2643c1fa,c1e1aa86-4e3e-5b62-b136-3a27804d08ca,HAS_REQUIREMENT
2d31d3f4-adac-52ea-b380-e08ad0b23f35,46d688c1-1f83-54a1-b134-beafac2a5049,HAS_REQUIREMENT
6f009f58-5ac3-584f-b936-3b722fbb598e,0442bb30-4679-5a4a-98c1-4bae4e7f03b4,HAS_REQUIREMENT
88af4f17-8dad-5345-a741-7b16b1556e05,16120bfb-800b-542d-b5c0-940f63418464,HAS_REQUIREMENT
489d4f79-4b49-5fa7-9e8d-a44e53cedd8b,e5f94093-90e5-5193-bef2-c1e6ff18bea0,HAS_REQUIREMENT
21493491-794f-5c97-817f-d768c5e6d812,25d7ca1e-f581-5a94-aac8-6c9b336d65ff,HAS_REQUIREMENT
c121a95a-f47c-5320-b773-e7889938116c,23cdb9a0-d6df-5a20-92f5-cd153b11a127,HAS_REQUIREMENT
4c64da7f-d5fc-57c3-94b3-64e989915d4e,42b5ac0e-cc01-54a3-a756-35b5d066505b,HAS_REQUIREMENT
d25666de-4f74-5b87-9ad9-8d281f6908fc,7826559f-96aa-5f04-b6e9-ecad74a06f4c,HAS_REQUIREMENT
15b9437e-ce43-5af2-8fe6-4af0e38d24b8,bf2a3e39-64ca-5cdb-98ae-b82549da338b,HAS_REQUIREMENT
22a1884e-17aa-5a18-ba81-d7d60085f6e9,a2d97959-c9af-511a-b52a-9673da756c36,HAS_REQUIREMENT
7065fbfe-44f0-515d-b394-3c598744cf3f,c37ddb40-fc6e-5f64-b449-cdaa762ccc3f,HAS_REQUIREMENT
95d40f7f-1987-5f22-9624-7b31af9c9c0a,5869a9bf-d737-5201-9d19-36a4949bac1d,HAS_REQUIREMENT
9eb53d2f-bd58-5d49-afaf-d5649651a542,a32a62f5-7646-5a54-b942-7d22342654de,HAS_REQUIREMENT
65f05501-3a28-57ef-8b40-8586431fc2e9,a8fb9486-2b29-564b-a69d-4bb33b57a481,HAS_REQUIREMENT
3e6c9a50-7748-5a06-afbf-49608f28d5b4,eee6c1a4-4a77-51eb-bd82-99ae404b4f51,HAS_REQUIREMENT
e87fb0a1-4888-5b0a-88ae-f9cadad9cfb6,791757fb-5f21-5757-bd04-8a5f21725dea,HAS_REQUIREMENT
1ab73c9c-7706-5e7a-b91b-a9c7b7a37df7,85b6d1e5-9cad-570d-83d7-27c22bab7294,HAS_REQUIREMENT
1cc09a96-236a-5231-8792-46bc7cb53d99,3caf9c1f-e6e6-5819-a806-ff42a1caffb6,HAS_REQUIREMENT
48a719aa-d497-5a5b-bd4f-f327c1bdd8a0,e6d0de35-ebe6-56b7-9d29-89206bfc5c08,HAS_REQUIREMENT
9c6445df-3ae1-56cd-b131-0ada1a746d56,8c3e9593-97e8-5b50-ac74-b3b2247ca539,HAS_REQUIREMENT
d50fa515-adac-5ad0-b662-c64941c7d195,ea7e1be0-d043-5874-a255-6e54163ce032,HAS_REQUIREMENT
ebc5d64f-ba96-51c8-90cd-9a98de017b73,c9d469d5-f26b-50b1-adf6-84e0e9d15418,HAS_REQUIREMENT
218ddbb4-e01f-527d-b054-c2182b23a8e8,f7ca1a38-6b6b-5973-9e2e-cb40e9a81021,HAS_REQUIREMENT
900dcddf-6421-5768-a7fb-5ff42b948b6e,c4038dc4-30d4-5281-ad00-3f12c1424a2d,HAS_REQUIREMENT
e39b7a24-203e-5ec2-84b2-5389ad1a674a,443a6e61-3eef-5a02-bfb2-50a9aa2e8cef,HAS_REQUIREMENT
3e60009b-dc29-54b5-983b-62b4fb268186,23dcc58c-12b6-57ef-b287-5d67b406edee,HAS_REQUIREMENT
f21607ec-934c-5731-bbd0-1057215c52eb,7c1ef45b-ff8a-5ce0-a062-2514baa70c5a,HAS_REQUIREMENT
ad5609fa-6637-5645-b1f4-6cd3cd1879d7,e9804d0c-becd-538f-b5b7-e8d15b4535e6,HAS_REQUIREMENT
aba09070-e7a9-5fd1-ad5c-70825f40718e,e3549f05-28fe-587f-860c-79c1893a0456,HAS_REQUIREMENT
addeb128-096b-5486-94e9-283c5913b130,ffad3716-ccef-5c73-b295-2d0020e69b2b,HAS_REQUIREMENT
d4ed2e09-33fe-50cc-b36e-c154c0464fb5,63520f39-f9e2-5779-913c-2604ed88f3ec,HAS_REQUIREMENT
4fbb8598-7989-517a-be9a-3c9928d0ad42,11f4a307-6c59-58ad-ad31-07c2833cce3b,HAS_REQUIREMENT
338a2fce-b154-55e0-afe0-d65d773b0090,5c7bf64b-ba6f-55eb-8dc9-630e1e2d747d,HAS_REQUIREMENT
97f108c6-8c5c-5a74-841f-54952802f921,dc0ed178-3c1e-52bc-85ef-cdeeb069cf17,HAS_REQUIREMENT
f9428576-8b42-5184-bcbc-e303b575d882,cf8841c4-1579-5fca-94a5-5c50a33c64e3,HAS_REQUIREMENT
054cc2ed-ec5d-52d9-b24b-0d6906e85356,f8297235-440b-5422-88be-8a0e1cbf40ff,HAS_REQUIREMENT
cbbfd150-e76b-5601-a8d1-2193c00351ca,9f526a0d-deeb-5dc1-bfe3-8f5c018ec4be,HAS_REQUIREMENT
a22221a5-544d-5d60-9f7b-f4efec867a30,e65dfaab-9b4e-541f-a56f-9b4f59e84fda,HAS_REQUIREMENT
84c75b7b-30b5-5d62-9f39-c1e62d88cdf4,ee95aee9-947c-5fc4-a950-a38f7f74753d,HAS_REQUIREMENT
84db8c72-db0f-50cd-ad34-883e790c3bf5,98d1a11f-3218-5735-b719-f9cc9a0a9ffe,HAS_REQUIREMENT
f26c2753-e0a1-58a6-8265-09a3096a8e05,8aee0060-5c03-5ced-96cb-961d6d5a60b5,HAS_REQUIREMENT
3390a31f-235b-5cf5-93cc-60b9ca416e90,0bf0f84a-3a59-53a2-8fc4-10a1554f4c20,HAS_REQUIREMENT
5902e497-e916-5c44-92c1-5484d7dd351c,783b1372-a6b2-54d7-955b-9c8e5722dfd0,HAS_REQUIREMENT
41ad4527-9b9b-5fb9-a71d-16aadd2d6781,f729d4e3-9364-5fdb-8193-c596b422db28,HAS_REQUIREMENT
6905a6f2-649c-5126-882a-7eac5126616c,134eec32-2a6b-53ce-9926-80b2ba89bc61,HAS_REQUIREMENT
b00bba87-755f-54fb-ba25-b6af2a750764,e87690ea-62d1-5062-8d8e-336ab918c5cf,HAS_REQUIREMENT
6fae6012-381b-587f-b973-26d2cbcf5d76,d5725048-479a-5693-ae2c-9d8ca94b3dff,HAS_REQUIREMENT
cd93de9b-c14b-5293-9ed6-d03c5dab7f41,89a3891a-d97e-5e82-8ba7-d384e7f2e16d,HAS_REQUIREMENT
0ad13681-e198-5ece-ace4-da25940fb7e9,e09e6201-7c30-5624-a554-24df3f62a502,HAS_REQUIREMENT
15f92a9b-37fd-5fef-81a7-3c73c7aa46fd,e04c1924-80f7-5dd5-bacf-f439967efa98,HAS_REQUIREMENT
4fce212c-4a02-5ab3-b951-bd5c638fae11,53e355ef-c36f-5cfe-91c7-b0b97c4dd343,HAS_REQUIREMENT
e17c5a10-4540-5733-9df0-900c9a773012,1410c378-faab-50eb-a1b3-b64b45db191a,HAS_REQUIREMENT
8fe6a8f8-89ad-5f83-ace5-076b547adfbd,cd6b33b5-e307-58eb-8ef2-d8581698e45e,HAS_REQUIREMENT
1b61f6f5-d962-5b8a-b919-8d35c8e73cf7,dcaa2c6d-6a14-592c-8c9f-2be411fb5555,HAS_REQUIREMENT
2da16eb2-162b-5c5a-85ce-f419f4c64c67,396aa5ed-24a4-58f5-abf0-94317bfc3cca,HAS_REQUIREMENT
96e2131c-27c6-5fd2-95bd-77e36ffac43b,eb818c49-3261-50c4-81ce-d3a8b1c2d70a,HAS_REQUIREMENT
69bb717f-2b2d-5cd9-9343-5e2047b28822,21b40d90-a4f7-5a52-82cd-05d53e3db8c0,HAS_REQUIREMENT
7014cf74-f8f0-5325-9455-c8f848d1b95f,d63bd381-1fb0-5df7-b508-fc88023586bf,HAS_REQUIREMENT
b2d8b52f-b7ed-55fb-8dcc-f99ba5016f1f,ea6b9476-6ec0-5c21-99e8-34c1b96452e8,HAS_REQUIREMENT
05eb64c4-f70b-55e2-88e2-6ec3efd4bcfc,c8803348-2c6c-5996-ae82-fc1265d277e1,HAS_REQUIREMENT
45d6b99a-e3b6-5132-ba9e-e8d91c4427c8,c7275c48-2138-5f6c-b927-8cb76742811d,HAS_REQUIREMENT
ae9317b6-97cf-5a8f-ad66-7e4059e253c2,41817dd1-faac-550c-83e7-b14505844331,HAS_REQUIREMENT
e1350380-3af1-5c1c-aac0-79fc11990cbf,c1acfd74-0e67-5cc8-b28b-cacb96103468,HAS_REQUIREMENT
3398fc29-32a0-5ba6-a1c6-1495c6dd0d9e,0f745ce8-eb51-578d-8287-011e60d4431a,HAS_REQUIREMENT
8e026247-df1c-5a16-b5bb-e438d5c24f55,8c68e86d-a78b-58f5-bf5c-ff5477a31880,HAS_REQUIREMENT
190254ea-3f67-5c81-8ac8-e2048bff59b6,0be126a6-889d-5849-b56e-7afc199637d6,HAS_REQUIREMENT
a09f898f-bac0-55ba-bdb9-2bc19e1c0f11,45ba24af-c826-590d-8a97-1457c25c9d11,HAS_REQUIREMENT
2ed2238c-2528-56ad-b227-7317e16996c7,6f3292b2-3d75-5e34-9768-249ff29c0471,HAS_REQUIREMENT
f86292eb-cf0c-51f9-9f94-c4faa640bd86,e00114fa-375f-5c1b-b8c1-fbf549e29cfb,HAS_REQUIREMENT
5ad56df8-8cbc-5392-9ad8-496d61b92d24,7acb13ef-819a-572e-bc15-60ce0b3c87d0,HAS_REQUIREMENT
28ce0899-517b-5aa9-9314-82b0d04d3a93,b1e6c393-8c29-55b3-96a5-8925e5798ec4,HAS_REQUIREMENT
70e8aa00-0c63-50de-ac93-8673f9d5ed81,a0756319-3a86-51b8-9d96-42b74a7ee898,HAS_REQUIREMENT
e154d1ab-4b1b-5713-9ab0-26ddd2856063,4defdd74-eae8-5057-a8c7-b3fe114b754b,HAS_REQUIREMENT
61c12028-247c-5b26-92af-306efde9c7aa,58797d5c-f122-519b-98e2-e617863c85b5,HAS_REQUIREMENT
de74663b-6620-52cf-9099-78bcd6a9eedf,843bfac1-2b78-558c-9985-bb9ed701b1d8,HAS_REQUIREMENT
37f777de-7765-5de8-9c1a-d4a5a8c73e7b,2a908f8e-9798-51d4-ae39-bccd96c217fa,HAS_REQUIREMENT
b9306d6a-0b97-5c0a-8b62-9a10aecda742,b41cdf42-b472-58f4-8398-e3b193d536f4,HAS_REQUIREMENT
10b5be90-a436-54d3-a764-09f95c24a3d9,b6d3c961-8edc-58eb-9df4-e5f458bfb0c0,HAS_REQUIREMENT
6475be5a-5e1e-576c-b42a-40a27779cbe7,c76fb568-e4d7-5855-9870-b87c1d874cd8,HAS_REQUIREMENT
e6c783ed-e803-5f69-9105-f63a9d294373,1241128e-bf3d-51df-80d4-6739ff1c419c,HAS_REQUIREMENT
8437a761-83ac-55c2-b66f-f8ac61f9a9bf,7da8407d-b66d-58af-a4b9-b9801ee5c898,HAS_REQUIREMENT
70d07986-9238-5901-b585-76e623db6e34,2af31b42-6f84-5e45-912f-8bcc504ac103,HAS_REQUIREMENT
4d233ef0-856c-5501-93f3-422310d7a2bd,bb85756b-eb79-5f9d-9a75-7c1c9c5a199a,HAS_REQUIREMENT
2d548120-1feb-5ea5-9ee0-2f74086ce6a7,856e8ec2-fbe8-5c6e-8980-4ae059ca513a,HAS_REQUIREMENT
ab2dfcc7-232f-578d-a95d-13ef2bca402c,40ab7bb0-8e7c-57e3-9bf0-b7d280178051,HAS_REQUIREMENT
fe842bd9-6be3-534d-899d-ea6997b79dcb,fad4cb18-27a3-5217-86b0-60e24716eb86,HAS_REQUIREMENT
7341d56e-35a6-553d-819e-a314af15ab37,5bc8c94e-cd9e-5d6f-97ac-cf19c6340b23,HAS_REQUIREMENT
b0bcfca3-fafc-5d7c-9a11-a7776bd395d0,88fc5f8a-0bed-5b89-8ee6-8b4b48b6d7c3,HAS_REQUIREMENT
cae1b276-cf7a-56c4-b9e2-dccd612b00de,e650765f-23b6-58cf-8f5c-299d8ce89067,HAS_REQUIREMENT
c82db9d2-ff46-5c12-8914-363ae692aea3,a0710a71-0a3c-5d76-a7a1-2d67fae1b4ee,HAS_REQUIREMENT
86819f4b-a966-5bb1-a302-a2013fa4a6fe,f41c68a9-6b9d-5549-9fa8-ffee4dbffd4f,HAS_REQUIREMENT
b2cbcd9f-e349-54ba-8a45-64d1e33d532f,066609f9-df0c-56de-a4a7-167f66774a5b,HAS_REQUIREMENT
88180ffd-306b-5c98-8ddf-0584612135e2,259ea3ac-de26-5e84-92bf-5fca5bb92c2f,HAS_REQUIREMENT
fbe7f93f-16b5-58a9-8fcc-de26231f1732,23a2d408-884b-5780-bb36-05f553d1ecdd,HAS_REQUIREMENT
13bc090b-d1b0-5e71-b7d6-d0f1e7c29dfc,866fa72e-5e83-50b0-bd13-38ee9153bea0,HAS_REQUIREMENT
f27012cb-5f01-53b8-b5f7-21dcded6d6f0,ffed9d01-24dd-5b02-8f0d-ae1a2367f9d1,HAS_REQUIREMENT
8823c377-f769-503f-a865-c4cb1874ca09,bc395cb7-08f5-5faf-ad5e-c6ff908d056c,HAS_REQUIREMENT
377e26d4-de52-54d1-a546-f0af34a509aa,a8f9b5e6-a650-56f7-b9b4-28d322db5dbe,HAS_REQUIREMENT
333439b0-c089-5957-85ed-e71ea96d1de8,41e14807-4993-5af6-8b76-f0cd056141b7,HAS_REQUIREMENT
7e86a98f-1980-52b9-9dab-a39d2d28048a,e7005326-a652-576c-92df-9f83c75da73d,HAS_REQUIREMENT
79829589-851b-53b1-bd71-dd6217813c82,59580af7-147d-5a91-ad88-dc08c893edd1,HAS_REQUIREMENT
62aad4ab-846d-57ed-b62c-700dbc1b3278,fc19b987-8d8b-5a5b-8b94-34daf50fe7e2,HAS_REQUIREMENT
df7579f7-3548-5b07-868b-2cda2c61099e,6905af1e-1bd7-5441-86d9-38a935144092,HAS_REQUIREMENT
81051fd6-95a3-5238-affb-0a109f9e37c2,b1790905-d007-514e-8259-a573e10fa4a3,HAS_REQUIREMENT
0a75e0ad-d1a9-56c7-a38f-eaa067707095,5a239ca3-fe75-585e-a88c-05ca86ebf171,HAS_REQUIREMENT
a3b4474d-f99c-5ab2-b613-f456f360cb13,8ef34730-462c-5954-8a94-962fb05dbe87,HAS_REQUIREMENT
2ff07544-6d9b-5158-9cb5-6cca2d943440,87826cff-8865-54c0-a9ee-97180c4baa54,HAS_REQUIREMENT
7590d965-659c-5dd7-a335-ffb3be842694,26187129-d8cf-5bc3-a08a-8c13f21329a5,HAS_REQUIREMENT
178613a6-29b4-52c9-be8f-c409661a2bc5,fdb3bc00-9fa6-563c-85ee-26f47da74e75,HAS_REQUIREMENT
1c3b63c0-7e10-5612-8811-0d597d4899d8,1ce4591d-4e93-58e2-85ff-cbaae1dd7b3c,HAS_REQUIREMENT
4b978d3a-ff06-5375-99c2-d79d23b602f0,8bb0e3b3-1d52-5b07-a544-4678fcb8ec0b,HAS_REQUIREMENT
fb96540c-f162-5cbf-b211-84ea3579bd8a,09345fe8-ba59-514b-8aa5-c8edbf89fe3d,HAS_REQUIREMENT
0e6d2ffa-a214-531b-ac45-7cd2d88ed3a5,d8d8e6bc-ead8-5db7-850e-1065b796b701,HAS_REQUIREMENT
178ad6b7-33b1-51f9-b41d-aadc20deb6ae,d6fcbb68-f865-5de7-a15c-fc1e4ef92d60,HAS_REQUIREMENT
fe52318d-6933-599f-afed-578b83c1d53a,09234008-e4aa-5201-8d6d-0fe4c3a1a236,HAS_REQUIREMENT
a4d8848a-4c3c-594d-89cf-ef273291f03b,4c7d6300-a547-5141-b72c-baa56db3faf8,HAS_REQUIREMENT
f28439a7-644d-5670-8c27-f92e214bab0c,df62fc77-95f1-54bc-953c-d01000f8fc5a,HAS_REQUIREMENT
57e0f62b-04c9-59cf-a4eb-080330ffaa0e,b62373dd-dcc4-5abf-9c66-5f13b4cc969b,HAS_REQUIREMENT
284c7b51-c8a1-528b-8261-47a1e16fe8de,eb93376b-70c3-51e4-9f1c-8fe1f3716bf2,HAS_REQUIREMENT
e0a34f50-e261-5a80-ac3a-dad88a3d2341,198b4160-4b8d-5d5a-b1b5-a7860842008f,HAS_REQUIREMENT
b5f7258c-f8b1-59ed-9e18-8b2a1e6b2276,1061f591-7f4d-55e4-8112-7174c62a5669,HAS_REQUIREMENT
1ad9e2bd-29a4-5a7e-aa00-3bbffa752e3d,63f21dea-15be-5d25-b36e-7c3b734dcb25,HAS_REQUIREMENT
b4fff95e-89f8-52bd-8c58-1818fc053d97,c26b9b67-9b18-5dd8-8656-bf571c936c1c,HAS_REQUIREMENT
f517b88b-7d32-5faa-acd1-d3f4f5b2a6a4,a51d3665-d222-53de-ba82-46a99fcce53d,HAS_REQUIREMENT
6f4d9859-eb83-56c2-a40c-967be49afcc0,8d80f46c-d3c1-55cd-a06a-8e7e7c70d5c1,HAS_REQUIREMENT
5e4e0667-5863-5f16-8d43-ff7d58747c4b,e4a8cfb2-f936-539a-8256-4880f3ee942e,HAS_REQUIREMENT
60a0b334-eff0-5d8e-b8fc-73be1bf1e1be,c7576ce2-a3ce-50a0-b3c0-e196d58384ba,HAS_REQUIREMENT
101b0f2f-8a44-5ef5-af92-e82bf601a11c,cf7bb210-6fad-532f-8941-5138b1f8faae,HAS_REQUIREMENT
bc7d2ae0-fc71-571d-b8fa-bd0fef8cf544,b1e89a47-d944-5bb8-9251-92916cff7070,HAS_REQUIREMENT
9235f6e7-7c48-58b2-ac66-a72d44a58573,3e876e6e-4d23-5484-a756-8dc9724f430a,HAS_REQUIREMENT
8b91fcfd-f08e-562c-a2eb-3612c6a487b3,42557f77-e29d-558b-8d52-83529541fa34,HAS_REQUIREMENT
97341477-f88c-5e8e-b96e-d9c2637e0491,a45fa8b6-4420-5d88-96d4-d427cffc905d,HAS_REQUIREMENT
b3b4b8c1-3de0-5812-8e4c-d213cf9f6eed,a6dfdaa9-9fa1-5909-aecb-32fe94ea8261,HAS_REQUIREMENT
f102478c-b08e-5735-97ab-5cf0c8409b6b,9fbee2d8-5272-5f98-beda-71e32fc3bc9a,HAS_REQUIREMENT
059256fa-5952-50f9-b964-8f3b9a1282f6,40ef0885-3d27-54fb-b72a-041712af4832,HAS_REQUIREMENT
1aef5c99-ec13-5b70-9649-aa4e26d5e339,d3debd95-0600-51d6-9c77-177acf4b37f3,HAS_REQUIREMENT
d27053d2-5f14-56c2-8242-c9ba4a74ee53,ef3eb0fb-94b7-5d31-ac4b-87669b52f313,HAS_REQUIREMENT
96b00330-ba06-5507-91c2-4f352b1b213c,748aa587-5f34-5fa1-ab4a-fe2e7af3935a,HAS_REQUIREMENT
64b62be0-6ad1-52f8-a25e-b737470dcae5,d5115274-513a-5704-a70d-19f83ad3a27f,HAS_REQUIREMENT
d01a0da9-b14d-5f15-b2d6-723ea21379e6,1965ee77-38d0-5ae6-b99c-8ce1b4d1a3ea,HAS_REQUIREMENT
f8339776-3e35-58aa-af10-2b2e52640e98,cd58796c-38e0-50b1-89c7-c2fa269f33e6,HAS_REQUIREMENT
4741b900-b755-5035-9f98-525eac747d2c,1f09d02f-664c-5a37-bc15-5358726006f2,HAS_REQUIREMENT
6a26baa4-e0f1-5e87-a1ca-24f6196ab56a,c2f814dd-0c0b-5672-b8c3-4c344544ac97,HAS_REQUIREMENT
96fff6db-c4fb-51cd-92cf-920834e57319,04eec4da-5a1b-552d-8429-3a2d92c0af40,HAS_REQUIREMENT
f475de9b-5e0d-5e28-9b12-1630da1ef1ea,2e6e90f4-ca19-570d-8d7c-5533d4bd7586,HAS_REQUIREMENT
ebfc32f3-770e-5b53-896f-acad4bfb20f4,81b1498a-245e-53da-883b-3d7aca9649b7,HAS_REQUIREMENT
c5115eac-1624-59b6-a6df-b0f7d4e6b3ef,1d75c7bc-1e71-5a22-aae3-36080f3e296f,HAS_REQUIREMENT
c4671c7c-7dec-56e9-abc9-c11799371d31,f1bcaa5c-2777-5e6e-b905-04faad7cf9fa,HAS_REQUIREMENT
25e2dcd5-312e-5195-a5c0-59d07142e98f,0aab4731-a101-5975-b991-c119e6810837,HAS_REQUIREMENT
859539b0-3976-54b7-ae91-b0d801a3971f,7624c2b4-d24d-5ff9-94b2-8bd21806b2a9,HAS_REQUIREMENT
26dee9e5-3169-5a2f-88b8-2d5fcd1907d2,68c0853a-d369-505c-bd76-e687082ea314,HAS_REQUIREMENT
740a857f-dd21-5e7d-9c12-be66b52fd614,7de5e72b-974b-5b85-9a86-9b62eeb155ed,HAS_REQUIREMENT
12244fa7-ed5f-5b0d-b608-b7e72136aacf,180546a5-4500-5f4f-b029-86fdffc03be2,HAS_REQUIREMENT
ad56fae2-5055-5086-8fe3-89baa1ec15e4,268be554-b7de-5740-aaa3-660d8c106f87,HAS_REQUIREMENT
b73edfa9-90bd-5faf-9571-2523e0ea85f4,2e309631-64a4-56b5-a6c1-32a292a1166b,HAS_REQUIREMENT
e55e192b-2868-5aee-adfe-cc235670ee9d,8467963f-8ca0-5ca5-833f-78bfc3f59b13,HAS_REQUIREMENT
25c9847c-c91e-5f7e-a0ff-c74b8c1478c1,ccc1f8a5-727e-51c8-a281-ab18358a753d,HAS_REQUIREMENT
98aa82d3-adae-571b-a4fa-c9c97b0e946e,e5cf5ddd-d241-54d5-8741-d794abfa6486,HAS_REQUIREMENT
2c545e43-d6b6-53e3-aae6-b4a8f5411953,8f4cfe64-d877-518d-baef-caa65d7be006,HAS_REQUIREMENT
eb655e7e-304a-5e3f-9a48-d9bab3983ab9,a0560e9e-0f6c-55dd-a816-de95fe888cd8,HAS_REQUIREMENT
88748bdb-1ad0-50bf-8a07-0290827b25af,1a6114c4-a789-5d7f-854e-5d13a6978fb5,HAS_REQUIREMENT
b5a48572-859f-5c9a-ac33-ad344ff1d4cf,6012a2a7-1737-5fca-8005-46aedab133ce,HAS_REQUIREMENT
e9297587-a08e-5a5b-be9c-89dc87c71862,7aa9e529-36f3-5083-a5ad-2bdccdc4cc73,HAS_REQUIREMENT
a219f9fe-c8a7-5c0d-a934-d9804a5a4018,e3462258-c213-5a04-af0a-3c0481c0f8b9,HAS_REQUIREMENT
a1093005-d4e0-5de7-833a-0b2d29765fe5,a9aba080-7512-5e6b-b4d0-1de186389128,HAS_REQUIREMENT
cf7d5090-5e93-554c-9967-6174797f40cd,c52eeefa-36a6-5c71-b355-27e51196e176,HAS_REQUIREMENT
55ce426c-0f74-510b-ae9c-1d63668e5143,8dea3241-0475-50c8-87c5-78fd776031a0,HAS_REQUIREMENT
77984a26-edb2-5e17-9e08-225590782f42,03063fe6-6b9a-57a3-967f-cd58e50fe416,HAS_REQUIREMENT
afeb9bfa-4d98-58d6-b2ea-ef872a1a5b71,f16d1285-e8da-5487-93a8-d768fda13257,HAS_REQUIREMENT
81bdd8e5-07d2-5ebd-a3f0-366220cdb88e,854fae29-99eb-5f6d-9924-1eb4064f332c,HAS_REQUIREMENT
e29eafe2-c42e-5e31-b574-b1863620cbcc,ba899fc1-0680-51a8-89e9-545bc2f0750f,HAS_REQUIREMENT
04267fc5-871e-5859-b1b0-70107d1c680e,5b4b250c-8d48-5ffb-bdd4-0c879095a855,HAS_REQUIREMENT
026ee808-3d1f-50d5-90f1-92182f48c14d,b7faf447-029f-5462-b0d9-deb0c5191693,HAS_REQUIREMENT
4dc98ff2-63b3-50e2-8f82-2e2131da79ec,f9e8decd-809a-5c23-bdac-ce11df78d3ea,HAS_REQUIREMENT
83f78dea-a177-5c2e-864d-bae342628d20,99b34fed-4378-5694-b22d-c73724e6ac6f,HAS_REQUIREMENT
17bfe906-ee85-5a59-80ee-88d4863f9da2,840a3fa7-87ee-54f8-8f5d-f2aac0a7fe48,HAS_REQUIREMENT
59baa871-8a78-5252-bca9-ea35dbc8dfd9,73c27bbc-1fc5-5b42-aeca-38f8b0af6e47,HAS_REQUIREMENT
30481892-8490-568c-ba97-fee6af3f5f12,2274a22d-4a9d-50b0-a0a8-2c2cb17c88f1,HAS_REQUIREMENT
057a309c-fad5-5713-bc9a-b6e9b5fceafc,354cedf6-4593-5b86-8a45-003392ffa190,HAS_REQUIREMENT
ffa7d579-da59-5025-98e3-ab83f88ded93,b9df70b2-429c-59e8-8a96-5167e7fe1c7d,HAS_REQUIREMENT
d038ed3e-1136-5a9a-b37a-56e8ae052370,0ce0dd8a-50c7-5f77-9d6c-7e7f79bfd4d9,HAS_REQUIREMENT
dba06cfe-135c-5240-8732-4661323d38a3,c86f3bd8-a4d4-5730-8735-07ced27088f5,HAS_REQUIREMENT
6946f7f9-f540-5f81-a7b4-e594d2994e23,71c324e7-64eb-56ee-8ec5-eb86e1f6471e,HAS_REQUIREMENT
e172586a-8e1c-5144-9490-53c482df5930,553b753d-903a-572c-966f-919fce4d2ae8,HAS_REQUIREMENT
72c642b1-b247-502e-8001-519c894d9bb0,ad8fa356-2e34-5f9a-bef7-14c436347c99,HAS_REQUIREMENT
10f2ae40-e093-5906-b8fe-e8ebb87d9a6c,e792c2e3-6476-5793-acd5-5ccf6fdb1773,HAS_REQUIREMENT
b1c8b7c2-35bf-58b4-9e73-c13240c0df37,8a3f647f-f2c2-5d14-90bb-c54636352367,HAS_REQUIREMENT
ab1b2a83-12d8-556b-9dc2-cf4dbfabed6e,0f2fb1ae-b8fa-5842-982b-9ab713b259e3,HAS_REQUIREMENT
2e81524d-1d49-5b27-8efc-f5cea7b06330,c61925cc-a338-5053-ba2b-564aca7d91d6,HAS_REQUIREMENT
893ecb86-8fa4-5cbb-a63b-528011357dec,0a0964be-311f-5bc3-8621-168fd15d92f9,HAS_REQUIREMENT
76d38715-16c4-5a07-9b18-4a2fb551c1ec,b6eba96a-4cf4-5dff-b15b-6421b3c4c58f,HAS_REQUIREMENT
c9da827f-e30c-5576-8092-1ff9bf0c3d7b,ef3106c0-f859-5b37-9361-38e70ff40a48,HAS_REQUIREMENT
7cbcfc43-33f7-5c85-8e68-64dc3df7b2fd,171089b6-d63d-5be6-912c-bf2849a54f90,HAS_REQUIREMENT
b07c8098-eae4-5c2f-a214-aba70bbf4f3b,6a6458ac-725b-5c35-b518-3e129ebf0fe3,HAS_REQUIREMENT
19417946-3603-57f4-9950-90e2285ebe4e,cd8caf97-a443-53da-bb14-2f3c574bb497,HAS_REQUIREMENT
c38e6508-0010-5fb0-8639-08b76964c1c6,ba921359-108d-5b8c-ad37-13d43f8f98b1,HAS_REQUIREMENT
2a067aaa-8aea-5d3d-b803-09b6494fae6c,bced87e4-a4f6-52d7-8ec8-20b3e58d2439,HAS_REQUIREMENT
535d5f6a-d67c-5021-ab6a-7201dd8487f3,b83fc43c-dcc4-509a-b83a-b82e68023cff,HAS_REQUIREMENT
96cd7b5c-744b-58b7-bd5d-feb1ae44d4c9,a19ada52-ab6d-5b84-b7f8-0bb43eaa80fa,HAS_REQUIREMENT
79300907-ef73-511c-b812-ea1f1d086a6f,ca27d42d-6525-50f2-a758-ebd1ef3eea0a,HAS_REQUIREMENT
de4f78f9-76c3-5672-b4b8-b7610486e2a0,81947c2f-f85a-5beb-8256-b54440a08daf,HAS_REQUIREMENT
e4a6001c-aff8-56cb-9676-1ff64fd7947b,c0c7e694-0087-5b18-b3d9-3317dac589d4,HAS_REQUIREMENT
4c6d4484-e495-5f9e-bbee-753b29c89b6f,8d437b0f-421b-5857-8fba-2c8af43a4edd,HAS_REQUIREMENT
7fdbdea6-855a-574e-965e-30313f310520,331301b1-173d-5655-8c92-7d238a94c493,HAS_REQUIREMENT
d9824d05-626a-5349-9223-83741e6b9ef3,c161ded3-644a-5389-af1b-dff18f30835a,HAS_REQUIREMENT
1bd6921d-bbf8-5c80-9e7a-8fe611b0c48c,8b8e9adb-e274-58c7-9aa2-ef76882b12de,HAS_REQUIREMENT
26a14087-946c-57ec-a333-1de7d45c354f,2ed8cf95-970f-5dc8-b682-3687fe0c02e4,HAS_REQUIREMENT
6fc9b88c-d2e2-5e3c-890a-fb9bf7d386d3,d9f30c20-77e9-5912-be05-e6c4866b826f,HAS_REQUIREMENT
e6de9617-16c6-5df1-a4af-688fc2f4aa50,25666229-d968-5f38-afce-cc34519a215d,HAS_REQUIREMENT
917188c9-fc61-5291-ab1d-b14fdd78aed0,5d4a8a9e-b381-5a15-8fd1-09e0d1a30846,HAS_REQUIREMENT
27690a9e-4ed9-5789-8342-736568768330,3816b7f8-399a-511f-8317-14881996d029,HAS_REQUIREMENT
4575d027-acc8-5477-8c71-151531d06b72,f7c11788-2794-5b0b-bb6b-762f6f5942db,HAS_REQUIREMENT
61f3e139-e8aa-55c8-9408-f1d2b7f56c3f,556623c5-e0bb-5402-8e3c-c88c43a77c4e,HAS_REQUIREMENT
32e2ae76-f824-5bd7-9c3c-e27956d4a406,90c4549b-f1be-5c68-9897-4487d5ee8748,HAS_REQUIREMENT
8de26b77-bff1-56f2-9dda-c6f7c0c5340e,091f63f5-2b54-522c-9ad2-05863911f48b,HAS_REQUIREMENT
df2cca44-b6aa-5237-82b8-89979566f77e,1c5a9e46-35b0-5915-a2ed-cf7b440df746,HAS_REQUIREMENT
20f56ce2-364b-5497-a106-b5cd8176bb99,b6ee7122-6cbe-5cda-8df8-681adf3e9051,HAS_REQUIREMENT
8e0e529e-8a71-5e0f-8d81-62eb90eab5ab,e5c23ec6-ebc8-5373-a70f-f64d69cdb0bd,HAS_REQUIREMENT
500b69af-e504-5d00-9234-227f6c468909,bb410b7d-4795-5fbc-bb50-8329c784319f,HAS_REQUIREMENT
fc752740-4be6-5122-aaf3-e7c47b543e1b,5c1bed88-ef62-5867-939b-a984f98a62a9,HAS_REQUIREMENT
44673148-e154-5ac2-b497-50118afb6109,826da5bc-a889-5378-9b29-6dab588ebe8d,HAS_REQUIREMENT
3ebf3991-9e79-5d0f-9e53-06bf70ddce1e,0f2755c3-30ca-51dd-b70f-673e26da6c78,HAS_REQUIREMENT
deeea01e-e189-56f9-8ab3-82d493adae4e,4cab0788-0b0d-52c3-98ee-e768958291f5,HAS_REQUIREMENT
bb2a1d4d-676f-564c-8129-b66291cb6231,eb217773-2662-5467-bb0f-c704fb66bfe5,HAS_REQUIREMENT
3b07f9d9-0775-5dd3-a2a5-ae668a82cdd5,fcb678db-bc8a-59a9-9110-ecc86395eddd,HAS_REQUIREMENT
354bb434-cc58-54c9-a552-93edcee36304,975dd072-489d-5f72-8eaf-d822c752c672,HAS_REQUIREMENT
090e69a4-ff29-5e03-9242-191316701147,d59819f5-1cc5-59a5-9704-85f766ce8414,HAS_REQUIREMENT
10493bfc-bc91-5066-a1a0-b2b4cae2b506,7afbd84f-c574-52d1-9450-e830ed60af52,HAS_REQUIREMENT
58ec96ad-45b7-5601-b73e-4f0c80d70212,1ce1f527-3f36-5749-adfa-c62070d3392e,HAS_REQUIREMENT
1c4042fd-fc35-5478-8b4b-00d9780a993a,7abd6327-f7b4-5a42-9a4e-ed86ffb89785,HAS_REQUIREMENT
4c0e418b-ba52-5943-ac80-29278e9ba94a,f4ade445-9fbb-55fe-9aaf-ebfe882474a3,HAS_REQUIREMENT
19008bfb-bf1e-589b-8a8e-e3c29e6161cc,2df9cc95-03d9-50f8-9ede-321924d63118,HAS_REQUIREMENT
509d84ec-659c-5b08-b32a-90bb021a1225,bf3f778e-3592-577b-8cc3-199af1a95766,HAS_REQUIREMENT
fb953fd9-504c-53f0-a301-fc516a1571eb,0b01c32b-53f9-5193-ad27-aa42bc4f3b71,HAS_REQUIREMENT
b151e092-d956-58ab-9c27-c94f651f263d,c55fda2a-aa34-545a-8aff-d6cf411dbe40,HAS_REQUIREMENT
47abc8aa-c356-5eb8-9c77-e3097eba8456,a3d2b072-58b2-561d-b5dd-ca782d7244fd,HAS_REQUIREMENT
4d138721-0d71-567f-af04-fa0cab3c522f,5963e0ae-ca09-5903-a694-dfe976286ab2,HAS_REQUIREMENT
5b277163-71cf-5605-8b53-b956e7915f44,87d709cb-c257-5146-8087-6e0d39fea2b7,HAS_REQUIREMENT
78a28f13-c557-51c5-9a53-c7a944495d30,0cf427ec-0c60-549c-b9c8-9d730a3d2e9c,HAS_REQUIREMENT
462abc2d-f7a6-58df-8de7-4aad1d0a9e72,92397cab-8339-5c39-855f-db99080f6990,HAS_REQUIREMENT
b26f0b34-3f53-5662-b8e5-a8a96ddcdb7a,e5947abd-c0c2-5181-a14f-6be18b2a24a8,HAS_REQUIREMENT
3e530dd1-8741-5f4d-9767-24d517e14d96,a90b5a97-7479-5e0e-bcfb-b31bcd20ce24,HAS_REQUIREMENT
9fd4e811-3929-5a67-835c-87923c8c68be,1527fced-8b93-50c4-8aa8-d227d6032c69,HAS_REQUIREMENT
e23ac31a-a458-5a4e-b686-8620e821cf56,1ba0836c-9107-5c8f-bc69-e7c9070b33d0,HAS_REQUIREMENT
e7e79ec0-0e19-59f2-bbe7-dd0c218c4736,5c8be787-bd55-50a6-9f16-57ea1e2e8294,HAS_REQUIREMENT
a18aa2a4-fd1a-5c9b-bf33-bd4a581fae4f,13f803d0-36e0-5b60-9bee-7b2d691a2020,HAS_REQUIREMENT
500e1db0-0476-5835-9cb7-39d148b7f300,788c14cb-8910-51be-a243-ad22709d62b7,HAS_REQUIREMENT
3f08f551-d1e3-55c1-81eb-9dbbd03fa7eb,5c1190e8-1a9b-5c0c-93d3-b30c1b0e0afe,HAS_REQUIREMENT
f501cd7d-c452-580f-b953-0868ac331731,1f1424cd-0530-5c65-bdcb-349d7e57703a,HAS_REQUIREMENT
994c7ee3-9db7-5ec3-ba7d-b143c86fd526,4c80d43a-361c-5063-bb70-55b5918bf87b,HAS_REQUIREMENT
5572d79d-026a-54bf-8a23-1301f28dbded,ea2db49e-edbb-5ca0-8b5a-8387002f3b54,HAS_REQUIREMENT
58450f63-6fb1-5a11-af7c-2ef024f713a0,da39576d-fd02-5ebd-8f38-63521db0c31d,HAS_REQUIREMENT
7e980e79-15b4-57e3-ad13-2bf3137e18fc,07f6842a-a218-523f-8b19-8510fa91109d,HAS_REQUIREMENT
b809324e-5048-5d37-bb62-2607002ca397,d8d12e33-46f6-5a62-a664-1f5aae1ea3d1,HAS_REQUIREMENT
e322cfb0-f1e2-5c5d-a51a-16ab1a88d44a,d606b9cd-7dfa-5d68-bbeb-41e966f5852d,HAS_REQUIREMENT
7b4bbff3-25cc-5b26-819a-4059c0cd1a74,90b799aa-b022-5cae-97c1-490c818dccfa,HAS_REQUIREMENT
e0e9df1d-0895-5c62-9d66-64a2b153bb35,c570ba16-0a3d-5944-84e0-490af1888e45,HAS_REQUIREMENT
598cb836-6baf-5263-880c-5463f5922e28,dbbad691-cbef-53c3-8889-c47c5f090add,HAS_REQUIREMENT
7bf0fccd-3124-5b7f-86b5-f923561abf75,2f18f4f5-32b3-5953-8bb9-ecda5b25b131,HAS_REQUIREMENT
ca06e10d-e523-56ce-8ec2-733e18a14e0d,f806f375-a0e1-5a1b-8daf-6072fe04ce8c,HAS_REQUIREMENT
2dd9f840-2abd-5000-93ae-eb1b0f33c90f,e4afd883-3cae-5ead-b540-62c889dc5e37,HAS_REQUIREMENT
e4371d4a-f73a-5367-8266-6f103b603cee,f3eead79-dd8f-57a3-953c-d96c66334071,HAS_REQUIREMENT
79a2d561-0f20-5b7e-8009-d9f49834a9c4,8f6c7d3a-cfc6-5939-858e-a3533b2f4e78,HAS_REQUIREMENT
31d556cf-22e2-5b33-8c12-e5d348e485fc,241f3454-8439-5e37-b2f9-4a9c44cd8fd4,HAS_REQUIREMENT
08b2cf94-847f-53d0-a339-686ce65e39e3,71205892-66ef-5c68-b1b1-50b6e663dde4,HAS_REQUIREMENT
ed02c8c3-6f1a-5d63-a2f3-f1a10f4acc73,d629ff8b-9385-5da5-8c1e-f9c4bb7d50b2,HAS_REQUIREMENT
41dfe892-e1d4-53f1-9941-0dc22ee7e7b5,3752446a-5afe-5df9-869b-3456587b2f0b,HAS_REQUIREMENT
1a695740-93a8-5113-9720-8a5120aa41be,a8b1991e-5177-54e3-b8bc-8f1589ce906b,HAS_REQUIREMENT
37df18b9-ee0c-56b3-9e81-9da46b608ffe,e0e2f287-9585-5292-9b47-ea0483903bd7,HAS_REQUIREMENT
75ae0dc8-276b-568e-b6c6-89e647909836,80188ce3-9540-5d4d-a292-4741b0ed5454,HAS_REQUIREMENT
d0cec6a8-d379-59ab-a566-0e97a94b6f7d,6f2e5fa1-30ae-571a-bde5-6aee9635fdb4,HAS_REQUIREMENT
1d914e6f-5535-530d-ac33-4e62d08dacbe,e02616e3-28bb-5942-927d-98559a099b84,HAS_REQUIREMENT
59294753-c04b-533f-bb2e-b1244cc4885c,243eb26e-854a-5cf1-8b50-ce88e7731ac9,HAS_REQUIREMENT
5719e9af-0be1-5463-a40a-1b3c239ce8f7,aa5327c4-4fa1-58df-b908-8eb1972f080f,HAS_REQUIREMENT
9daa5d57-622e-5c3c-bbe7-5fcb4274800a,0f23961e-d5de-543d-8113-1699bb724a7e,HAS_REQUIREMENT
b05e6bbc-5cf3-5974-8b95-036b6ad93d35,584ecb07-f77f-5714-8a50-1e2950a26431,HAS_REQUIREMENT
ac2d9fe5-4cf7-5ca1-8a56-317a3608ebd7,71060a1f-0deb-5c44-b56b-aa559d6077ed,HAS_REQUIREMENT
975d62dc-cc14-5d70-9a95-619b10af1b96,dc667667-f6e6-5f1e-a03e-810a1cfbc756,HAS_REQUIREMENT
a988414b-29a0-551d-81e9-3d2d44d7493f,ee4ea445-d33f-5520-8cdf-8b6ccdd61ec8,HAS_REQUIREMENT
6a026e70-92db-52b6-8f32-a39a1674bc0d,b35b498f-e784-59f9-bacc-545786e0987d,HAS_REQUIREMENT
68f2083d-0526-5b1f-a897-0c3628ce8f8d,3c90a4a9-e43a-5ab3-96a9-43bdb8c4a1fa,HAS_REQUIREMENT
394d355d-7499-5eb6-b7d9-faf6e95757f0,76340ff3-bf61-54be-b43c-5a77a915fd4c,HAS_REQUIREMENT
e927ec6b-e1a5-5bc8-b4a7-372e9752c11e,9e445385-8837-5288-b79c-f7126fd650fe,HAS_REQUIREMENT
08d3bc31-f727-5c91-86e0-6572429341e1,4ac00535-4d9f-5dd1-b9b3-38e7dae193b9,HAS_REQUIREMENT
e7bc0d54-573f-5cc8-b50b-7a369342811c,34440acc-27ee-590d-9abf-c7a47e21bb3a,HAS_REQUIREMENT
2f888260-bee4-5eb9-8826-416eb346bdc4,7a733ea2-5db5-5ba1-a9f8-94a060f524f0,HAS_REQUIREMENT
d232f610-179b-5aed-9feb-1e136a555915,2e74dca6-b0e7-5a0d-badb-97620797369b,HAS_REQUIREMENT
35b3d30a-f8d0-5da6-8a0e-e78ee77948b9,3551af26-54cb-5fc3-bd83-6c6d64dfaa39,HAS_REQUIREMENT
3760e708-69e0-55b1-812f-1b3484076ba9,0b557d2d-e7c0-5a90-9489-274f8b277739,HAS_REQUIREMENT
46ed1800-cd88-5d43-9dc2-7f39426badd4,843d3965-b7d5-51cc-b9dd-72209d8f98ec,HAS_REQUIREMENT
6c50f927-08d6-553f-a646-1f7857d263e6,f20c5d0a-d188-5070-9ccf-45f222852d65,HAS_REQUIREMENT
9b736d8a-a941-5855-8bcd-2af5dab0195b,1dea6328-1e49-5329-a190-2cb8b495be49,HAS_REQUIREMENT
b65f58cb-61e2-5ff9-aec6-c42916c26519,07bd288b-7de9-5a78-9ef7-bf94b450b393,HAS_REQUIREMENT
dfdccc44-9d3c-511b-af03-92bd10fee0ea,34e8b67c-4286-5abf-a073-8305bf1cb82c,HAS_REQUIREMENT
ab938bfd-df20-55c7-af82-7279f1595371,904c2e8c-4c9e-53d0-9c2b-cf3e22d76b84,HAS_REQUIREMENT
8718dd83-e5ea-53d3-a63d-e61531153d93,c1906181-f0e6-56f2-9a97-ef4515cc62d2,HAS_REQUIREMENT
a217a9b9-e649-592d-a99e-9c5fd9b440e4,6b18b999-7f4a-548d-a28c-000476ebae05,HAS_REQUIREMENT
dc65f111-75cf-5bef-bef0-fcc2516f5288,8dc500a1-0b9c-57f6-a2d2-2630d41f38cf,HAS_REQUIREMENT
95a9d186-fed1-5604-82b2-14064ea64cff,d4756dd9-fecb-5079-99c9-5e5cbc90b30d,HAS_REQUIREMENT
11414881-71e9-5311-8e5c-21f67eedc53f,291cabd6-611f-549c-9640-2eeac08a2bc0,HAS_REQUIREMENT
582b8034-7234-563e-a54b-7cdc0d2fa7b6,53bc506b-7fe6-5af9-af04-fe3cbc3eb300,HAS_REQUIREMENT
1bdfab8b-4c7b-5d4f-bf8d-bc3c7bec2118,46478912-7281-5c25-926c-265a9ae6006b,HAS_REQUIREMENT
b078ca51-50f2-58ef-a097-b09b9734c9db,363b640a-fb6c-5eb3-8997-b0306bd1b148,HAS_REQUIREMENT
06304371-59eb-5f14-b24b-ad91cf86a28f,b2062b6a-fa8d-5d08-b577-4dfbee101c87,HAS_REQUIREMENT
b26513fa-0737-5770-a754-71e7928edfce,688ec376-02cf-513f-a1e5-b2e2c599281c,HAS_REQUIREMENT
3579bbf7-af9b-5427-aeab-b4e493c888fa,ddd8e87f-c2ee-5ad8-951f-35dabb56327d,HAS_REQUIREMENT
23dbe113-3049-52f7-9ba0-1c48a46a2d9e,a63cb71a-b5cc-5a3b-9fee-a935b7a74691,HAS_REQUIREMENT
8151b19d-9083-5587-ba95-391a1160715e,a3342cd4-e517-5985-8c09-70efac98d9f3,HAS_REQUIREMENT
06180f5e-9fae-5adf-bcd1-ecfb1d00a514,cf3316f7-7430-5727-95fa-ef01d2803b26,HAS_REQUIREMENT
de0231a1-e3d3-522a-aa08-755338507719,f7081fb6-263c-5282-a108-950ab14612e0,HAS_REQUIREMENT
a18da33d-7eb2-507d-a9f4-e2955c3eaba8,3d02265c-c3dc-5fe2-80de-d96cc9787639,HAS_REQUIREMENT
0ed005e2-2024-5135-a377-500db4b59530,356aeac9-1f1c-5299-9b6f-0f705436d9c2,HAS_REQUIREMENT
172621d5-f641-5b96-9287-c8155cdc095c,0083aa84-13b6-5b4d-ab39-ea13514d074f,HAS_REQUIREMENT
51b3a82b-d093-5517-87a9-b85311aeb2b8,cc2d57cc-9cc2-56d7-a7ee-3d33340a584a,HAS_REQUIREMENT
089854ae-000d-5d94-af7a-99709e0b6386,6d5c0305-c574-5456-9a60-ec08a1533ca7,HAS_REQUIREMENT
3b9e55b9-fa34-57d8-a61e-a637d600c261,e01d0718-a625-58c1-9672-3efcd2d30b72,HAS_REQUIREMENT
47e0edea-d12a-56a0-82c6-5ca3eca7d618,88a90e2f-929b-5da1-922d-f3e8b55930cb,HAS_REQUIREMENT
241a52a0-3e97-5117-9d5c-f7b8882f46b5,44faa2c6-1e20-5100-8bc0-5cd5629b8cc4,HAS_REQUIREMENT
8fad9792-1998-5a4e-8519-0e3f63bf4324,f8f098d3-3ea8-5799-a076-4aea7ee60604,HAS_REQUIREMENT
bc0c287b-6009-52cf-866c-31b89da01c38,998c3fa9-6011-59f8-bd44-f3914bb36498,HAS_REQUIREMENT
6cfd196c-d11d-58f6-acd5-573af5d97bde,b26eca5a-ed2c-5db9-8bb3-ce0939ca3917,HAS_REQUIREMENT
373da8ae-a39c-537b-b765-e8f8a9d1bbc2,0fd71fdb-aaed-5dfd-92c4-e11dea085c6b,HAS_REQUIREMENT
9d123680-50d7-5274-9277-73b5394709e7,20258003-cfd8-5c4d-91c7-dad0fc0b0dea,HAS_REQUIREMENT
d0f3d1c6-311f-5943-aab6-c86dcf5fef96,f67160ed-bf92-5b39-885b-635a5fa1fdde,HAS_REQUIREMENT
977225f0-965f-57f6-9b0b-8e13e59909b7,cedfbb44-37e8-51d8-8c71-5adeb1c02cdd,HAS_REQUIREMENT
2b6279fc-fa5f-5e76-a4a1-1455d3f4b760,123f1888-0250-5020-a37f-a31a5c357980,HAS_REQUIREMENT
6d7e7e33-2f6c-527e-a835-272d2dbdbfef,5a736bba-4b30-5af2-b2f7-ce219836c85b,HAS_REQUIREMENT
aca18219-068e-586c-841e-cf345bebb61e,117ac453-95ce-58e2-8a9a-89b16a5885cd,HAS_REQUIREMENT
a40b8fc4-ad01-50ac-9a36-ea88c44cfbba,186034f6-2ef9-5e2b-a762-a423ee477911,HAS_REQUIREMENT
08bce606-bb3d-5a6c-af7c-0b5469090dfc,9d9254c5-6ca8-5f7b-acc9-8a2b94ac2f70,HAS_REQUIREMENT
cad9dc37-b733-5d98-9d92-5122e00a00fe,988a990d-42f8-5445-b810-6c18784b72e3,HAS_REQUIREMENT
fd4515b3-afcc-5e1c-ace8-aa818c043697,fcdc7b12-a75e-536d-a76a-f3af81c5cd50,HAS_REQUIREMENT
de5bafcf-9414-5832-9155-88ba2db99d6c,51b004fa-4c68-551f-a3a4-e29fb6eaded7,HAS_REQUIREMENT
6b66922e-fcfe-5031-b095-46696ec4a8b5,63057a7f-d93b-59e5-bbcc-c7fb14aaed9a,HAS_REQUIREMENT
8b2cea7a-8ec9-5469-9766-6f06e48154a0,5d11f078-1ebb-5141-b619-e3e448f671ee,HAS_REQUIREMENT
43db046d-41e3-51e6-8b0a-08fd71705553,83b93222-9e63-55a3-aa28-6cb835af4551,HAS_REQUIREMENT
6c54471e-9aea-5864-9bfa-b00c43819428,9223c7ad-6119-5c1f-8ce2-e898fd695212,HAS_REQUIREMENT
e430d094-125b-5514-9f12-2858e2389773,248a79ea-3e55-5dcd-aefa-50d8841aabaf,HAS_REQUIREMENT
714a3565-ce26-53fe-b266-cf362a8f6ee5,221d12cf-af24-5e45-b269-fc7a82b72c65,HAS_REQUIREMENT
042c5be4-577b-58f9-8225-358f65f98344,504c2788-ffe9-5bac-b7f0-a8a0e2437efa,HAS_REQUIREMENT
b52d7c9d-a842-5f1f-a917-9556caa3faea,a9e1d8be-90d3-5a0f-abbd-b6138522b320,HAS_REQUIREMENT
5715f0aa-6465-5adb-bad0-bce5117db662,c62624b7-243e-500e-bc2c-d014c525eca5,HAS_REQUIREMENT
f60bd525-487d-5b6c-8c18-ffee3a599aec,2c9d4b5e-9421-5ea7-a10f-0e916b953715,HAS_REQUIREMENT
6a1bf6c7-9b30-53df-84be-bfd7f0b9c36f,dff44900-206d-5204-9007-acf4b703d2be,HAS_REQUIREMENT
af072da4-17cc-52c8-a6db-bec8d94d5e8e,1771d59b-7193-5744-a087-7c5556cb5116,HAS_REQUIREMENT
c9b6b0e8-d254-54c3-96c1-8f2606522876,806007b2-6181-5857-a1fe-f67c095247d1,HAS_REQUIREMENT
a4d99784-0dda-5c8e-ba4d-8db8f2598c43,5e3b76a2-96ff-5f79-9d51-c3d2709e79da,HAS_REQUIREMENT
88ba5f0e-bd09-5c71-aae7-7c09c8250016,8492e351-3868-5c47-963b-72602527a736,HAS_REQUIREMENT
9c325d8c-8584-5836-ab39-ecd8787e6b1f,2b423f2d-0e00-5549-a573-ad66a531c9d1,HAS_REQUIREMENT
556fa5cc-826f-5493-9003-058b2186a50f,9efb7035-07d3-545b-9365-158c034b9c87,HAS_REQUIREMENT
3e9769ab-47c7-516b-b80d-d15ed84e793f,51a1690e-00f8-5fd4-9514-cb72d11f5bce,HAS_REQUIREMENT
a797081f-f0d0-5192-8654-e163e6d201e3,28ca48cb-712d-5504-8329-76bcc1846517,HAS_REQUIREMENT
bb330d1c-2511-5ccc-bbbb-ba8769cd93f8,8c0cf1c6-da00-51c6-8d0b-3fea18780c2a,HAS_REQUIREMENT
59a705ec-ccaf-54ae-847b-fce266ff26b3,9f520b1f-796a-5857-9cb2-0d622dafa21a,HAS_REQUIREMENT
ff4186f0-ed1b-5555-99f5-8e8d2ef1739f,43d879c8-86c7-5664-ad47-f59ee88ab33e,HAS_REQUIREMENT
30784e8c-aeed-592f-b84c-b2ba78234cab,11dbd575-1ef0-533b-b203-be3b2451055e,HAS_REQUIREMENT
5b554eee-e2e3-5b59-a238-dfd4ad76e8d1,6eaca8e7-c85e-5049-a97c-ac9a3c935dec,HAS_REQUIREMENT
bebea5b0-c5c5-50b1-821b-6490b28c8966,d06e8c47-ce0d-5aab-9d98-731158419c12,HAS_REQUIREMENT
a725ad7c-3d31-5196-bf5f-9b7506045a0a,1f0e9178-8408-53aa-9d80-401d86dd36ca,HAS_REQUIREMENT
ea4a9158-ab2f-5a61-b697-40d65b335a40,760f3d6a-04a2-573d-8fb4-dd1b0854d086,HAS_REQUIREMENT
c0e67019-0321-5c9d-86ca-f58227f8d129,12c87971-81cb-5178-9a28-1eaf6c7d9ca3,HAS_REQUIREMENT
448e2363-26cf-5931-bfe5-a5cf5c92f9de,03e1c789-0569-51e0-a798-caa8886f9329,HAS_REQUIREMENT
7febba76-2b10-57ea-ac2b-039a270a36a2,001da5c7-cd58-5a8a-b176-1781deab156e,HAS_REQUIREMENT
081f7b5f-ff9b-5a97-a19e-54931452c35a,31aa623b-96e0-565e-b201-3d179a169215,HAS_REQUIREMENT
338f5657-7f4e-534e-97f6-4f68b705db38,46293629-685b-547e-b38d-4f72759d93b7,HAS_REQUIREMENT
5b8ef0bb-6713-5437-81d4-f4df4b5474ab,e29e9b16-a111-5887-94ee-f965129229c8,HAS_REQUIREMENT
605b0c71-8413-59a2-8b51-bdb3b118fe41,b51ef725-a8d3-5995-bd6d-925a2581f3d6,HAS_REQUIREMENT
a30bae39-3b0b-58a8-9fcf-a8b49bda38e4,ef2b990e-fd7d-5993-b98a-2288a6d056c2,HAS_REQUIREMENT
1e085be0-b2a1-55f8-9e6f-353310f4f63e,b21f11c6-4e7b-54ee-b4a6-54870f673e6e,HAS_REQUIREMENT
0573dd28-9c2b-5146-8fd8-6f448f67a19f,ba482784-d8b6-5de8-a19a-234fe9ded7c3,HAS_REQUIREMENT
7db65d53-d148-57d9-8931-57471851b2c7,f21f3db4-de62-573c-9852-2b91c7542323,HAS_REQUIREMENT
c3026413-9606-56cf-b62b-ab4f9d8659ed,b8f1dded-7219-5334-ba41-a8f60e65ea41,HAS_REQUIREMENT
52a5a2a3-af44-54d9-b9eb-b17a7b15ea23,a17e3484-b02c-5250-9da4-bc9d33fe1108,HAS_REQUIREMENT
508d78a4-b2e3-5ebf-8810-e995323159e3,e2cfccdf-f4c5-573e-92b4-fc99b1fe192d,HAS_REQUIREMENT
642c3bd0-54be-5cc0-8b02-debd1936d779,af1f989a-cae4-5578-8264-262e52b46725,HAS_REQUIREMENT
22ea8b45-74ca-5651-ac5c-eb947340a05a,cfd61275-e9a7-59f0-9c95-75a8f6bf0acf,HAS_REQUIREMENT
b3ce3067-979d-5507-9280-dc590b08a849,11b41b75-5963-5bb6-b3f4-1a8cef3b9319,HAS_REQUIREMENT
14ea5be3-9518-59ec-b7e6-bd1250e13f7b,886bcae1-9131-5ec1-8afe-a43cdcb1ce1c,HAS_REQUIREMENT
a6dd534c-c52c-5068-9778-8173eadd84bb,b309dc38-85ae-5e08-8269-21ccdc0fff13,HAS_REQUIREMENT
e7250e2b-ed66-50ae-a860-146e5f57299d,03c015be-2999-54a6-a5ec-9c05cf7ba52e,HAS_REQUIREMENT
0f3f8d21-6742-543c-8a6e-de3f531cc180,2a30363d-95f8-5b61-b258-e42102685614,HAS_REQUIREMENT
c1eed9fd-4756-5887-b264-776eea0871f8,213531a0-6152-5a42-8e00-4d648e5e8ae4,HAS_REQUIREMENT
94806e18-06b9-5950-9f34-3e13f2ffdf92,7bf94ead-1cd8-5f10-9473-1423e9a2e028,HAS_REQUIREMENT
e05a2660-0c15-509d-8eb0-f8053d873ee8,3ddd941e-0562-5862-9ecb-14b22f2748e0,HAS_REQUIREMENT
217ed5ed-2a33-5030-9327-5f85e29d34f6,ecd72d46-122c-555e-a9d3-42dd3534bee5,HAS_REQUIREMENT
343a6434-f514-5d45-8d64-ab9e287ed4ff,8cc38a48-879f-560a-aa3a-ac5df50403bc,HAS_REQUIREMENT
879ff533-538c-5055-9864-283320ac513a,1441f521-f7b5-5c6b-88f5-2340d38bc37e,HAS_REQUIREMENT
01a7ae44-fe63-50db-ac37-e70504669e42,0dd94d40-34a3-5690-bfe9-895ab9748f08,HAS_REQUIREMENT
25329b72-6fe1-5e94-8935-fb07b7afb5f3,689345b3-b47a-5f88-a2f9-068b38a8be42,HAS_REQUIREMENT
bb1571e7-b8ba-5321-b008-ed9dd1b7b347,66048030-6c7e-534d-b6cd-a9c2ead12761,HAS_REQUIREMENT
4a3bc028-6cc1-57e4-b9a8-801850fa63fb,590a2049-c7bf-5801-bc39-3c199e02796e,HAS_REQUIREMENT
c4c40c76-916b-58fd-b341-90e832278520,edecc0ce-8933-566b-81c7-446b34410459,HAS_REQUIREMENT
b692eab5-a601-5802-a501-0ecd3fb214b2,6f7c9b61-9cc6-5dad-ad82-f4b592f74d9b,HAS_REQUIREMENT
45c695c7-e85c-5eae-9771-6e4739dc7c86,83aa1e54-ffac-5bd0-a20b-bb5ce8f29389,HAS_REQUIREMENT
b9830d88-b7cd-58e5-8ccc-443287888d08,70d81f29-b53e-52f2-948d-89ed281f183e,HAS_REQUIREMENT
f25fd522-dc8d-562f-828c-a3f849116965,0566f7e2-61eb-52fa-b6cb-0af007b220d6,HAS_REQUIREMENT
4d4d61f9-1613-5f5d-aa91-118415a80df3,ce3e9484-7fcf-59de-ae23-8547cfa33945,HAS_REQUIREMENT
f346c600-3135-5603-9934-08f0c41e35e3,5be71cfe-2daa-58e3-a223-bef00a2f8f14,HAS_REQUIREMENT
cb47f4d4-fa2d-503b-9098-20b4967c5c5c,0842b573-f941-50d6-94e8-b3a4f5db410b,HAS_REQUIREMENT
9c8704d9-1000-56da-989a-2062323f873a,a9f950e3-63f4-56dd-b647-9297f7bc9f30,HAS_REQUIREMENT
ba62c158-ac5b-500c-9e18-ee17512a39b9,3af7fa8d-d5d7-555e-931f-63f199a17061,HAS_REQUIREMENT
13fe4941-7c69-5706-8464-44b37fd0ca74,b22ed4f5-8303-54dd-b93d-2af8e27434db,HAS_REQUIREMENT
01d43bad-b9d0-5647-b4e6-5c1c9030b776,976abea9-a055-5959-a098-fdfcdb571122,HAS_REQUIREMENT
3f9f77c7-ac7c-59ea-9cf4-64100bbbb757,c7ee69b6-b192-583d-a634-fbf3f635f8f7,HAS_REQUIREMENT
794ed078-dee1-5553-bed1-2c92fd619114,1288cdfb-46cd-5958-8f26-3214ceeb1e2d,HAS_REQUIREMENT
2eaf5d36-a2ff-5781-9ccb-e8d16db5238e,32bf3d66-bcf1-59fa-b6cf-552579ef25df,HAS_REQUIREMENT
7ffd10a7-8cb5-5c44-9529-c08f36dba86f,195fcefa-6e4b-5855-a842-9264fbd8b660,HAS_REQUIREMENT
a2535828-301e-5a24-80c2-5e5e6095ac0d,52d4efdd-6a25-5476-a75c-5177409857d0,HAS_REQUIREMENT
9c6a4e66-4e16-53b5-b9dc-734d30c85fcd,5b50cfac-916a-5d94-a52c-17f04954be78,HAS_REQUIREMENT
b013cd51-27d5-57ba-8879-e0248317e909,bb96a058-d061-5012-a2c5-7a8b72be4dbd,HAS_REQUIREMENT
40b0fee1-17a4-57d9-b78d-9890ad1a393e,b2ca9167-9a26-56da-95a6-bbd421b5def4,HAS_REQUIREMENT
7fa6c30e-a48f-5b52-8a18-a54a09d88cbd,2cc09e31-daa4-5c24-8829-80b46f1e449c,HAS_REQUIREMENT
e030956d-0e91-5ec5-bfaf-e814523c5ec2,73e94818-56fb-51f5-b03b-4be68c05c8da,HAS_REQUIREMENT
832a7fa1-4777-5894-ab44-b5579b9743ab,f5b73061-9cd1-50e1-9924-35961c01e436,HAS_REQUIREMENT
457ecb76-0a5f-588f-bf34-4f7a34f000d4,b39ebaf9-9c79-5dd0-8741-30311a83e080,HAS_REQUIREMENT
42de4902-e0bd-5b6e-8fdf-55278ad8cac7,1c77fe1f-853f-505a-843b-7ed270527ab4,HAS_REQUIREMENT
c4531dde-f318-57c3-b1d2-1315f2a7fba1,e2715a08-eae6-50f5-901b-78f2b41a776a,HAS_REQUIREMENT
3d6f4d7d-b040-5a5c-88fa-887edfa2d057,d8fc384d-8332-54e6-b7ca-a54ff59cf6e3,HAS_REQUIREMENT
3a45a20b-190a-5b69-9d6d-dcc141ef5668,5193e88c-a138-56e5-a18a-25719458daae,HAS_REQUIREMENT
5ad38566-cb80-5396-9527-1cce863c83f9,fda66f03-57db-57d6-94f0-e81cac254321,HAS_REQUIREMENT
e4cf4a77-f04a-517e-b846-f3bfc878ecb4,b5184f04-7bd2-5dc4-a7a9-ea5366914eca,HAS_REQUIREMENT
238cb9f9-ff38-5d7a-8722-71462bbf7d3c,b936855e-0c4d-54fa-a1e9-c18c33fee310,HAS_REQUIREMENT
dc8c801c-0793-56ac-9899-c8198eec9e66,f06d94ac-a324-51d0-a481-0276fefa4108,HAS_REQUIREMENT
33c4dd5e-2d1c-530e-b0fd-3dfba84e7ba4,b4162217-fa70-5ec7-821b-c01a927f4649,HAS_REQUIREMENT
faab1b18-ea21-53bb-8700-1349437a2469,65d7f7ec-2945-5c11-942b-e2ab3da5d768,HAS_REQUIREMENT
cb240cfc-72ff-53c2-83e1-edd9eaaa84a8,ae84e2e9-52f3-531b-a3ac-32920631ffa7,HAS_REQUIREMENT
b68a0b2f-82d1-507a-9284-c4972e574f0b,e2d8e1b7-2a95-54da-922e-9d2b4955fc38,HAS_REQUIREMENT
5dc815b2-bb12-5efd-a37a-6c8d67e68311,3a26f21c-bdd1-52c3-aff2-d36036143eb2,HAS_REQUIREMENT
6c6a962f-0bc4-5a40-97af-c8d4687d10df,83978781-87ba-5ac8-bcb8-4ae4ec2f5ea4,HAS_REQUIREMENT
4e95eb4f-28cf-5914-82cd-3f45cd894742,9d6fb7dd-8df7-5308-92ac-2f96745cc2d4,HAS_REQUIREMENT
a49c38a9-b108-5a87-bf56-f7ce5f764c8d,87f6f90e-9643-5035-9793-35f67f1a6c05,HAS_REQUIREMENT
13082b22-170a-53aa-a1f2-c0bb49cce856,e0b949c2-9b71-5a8f-bdda-6916c1587430,HAS_REQUIREMENT
2c097b6b-353a-586d-96e3-560c5a2f80e1,ec3f0113-e128-5b01-9b8a-f0d77358123c,HAS_REQUIREMENT
f285b52e-484d-5ade-ada1-53de9a966727,279402f3-9000-59f1-8322-45ad2ccc5d63,HAS_REQUIREMENT
6323adb2-35c7-54be-b517-64b43073078c,0f9f422a-83c9-509c-bf39-19122be1f003,HAS_REQUIREMENT
fc8d6550-c6f0-5fd1-aeab-b560491c0e06,34a6b9d4-659d-5ec5-84d7-44206c34634f,HAS_REQUIREMENT
13fa46fe-37eb-57d9-bead-a72aed5683ab,0319fb5c-bc68-567a-ab8e-760f74d7097f,HAS_REQUIREMENT
6ba986ec-ec18-5882-94b5-1f80ed5f0ff4,5575d2e2-a62b-5ae9-83c8-a090eb47539a,HAS_REQUIREMENT
0e9586a4-cc57-5abf-bda3-26d2c709622c,370cec9c-7ad2-5370-9c7c-db0d92afe7f0,HAS_REQUIREMENT
4602b907-6b61-5625-a85b-f2394fdc7e57,059454a7-37e3-5a8a-a5a0-a60ed3edb733,HAS_REQUIREMENT
23075d70-428c-5404-9b13-371433941ad3,ce22359b-2e8e-50c4-844e-075bacc1a759,HAS_REQUIREMENT
45ca4a4f-ae8c-5471-aa73-c8d94f549a9b,dc7f9274-5819-5c8f-8b97-f31faf079fb4,HAS_REQUIREMENT
808917c1-7db1-5466-ade6-36a4015af70a,c632a2a1-f3af-5643-8eed-cf72846b3a52,HAS_REQUIREMENT
dac5722d-2887-56f7-b40d-b867518de309,8c69ee60-8b0d-524b-88cd-7c2c1069cf26,HAS_REQUIREMENT
ef1584a6-1d2b-58b9-96f6-1c8804df9ad1,dcf3f924-d6fd-583b-a8ec-6e58d539d97c,HAS_REQUIREMENT
a8de22b7-8224-5f1c-9d17-9506418e0667,39aaf525-3939-53cb-be79-e5e59c357bd1,HAS_REQUIREMENT
a6626b8a-93ee-5520-b413-3a38365ba550,97aa7ae2-98fd-5456-a8ad-d47351f497ee,HAS_REQUIREMENT
50eef384-c70d-5a51-a825-522e06f43203,09a64a30-1307-5b45-8f39-be4ee31105a8,HAS_REQUIREMENT
d54c5334-f8ea-5ae8-9267-beec29c343f9,bab8f116-ba7e-538d-a4db-734c3c11b45b,HAS_REQUIREMENT
8c1a2a28-a734-507e-a472-a565e6cc8495,6ee7d309-c36d-5a30-963a-0d92ea953358,HAS_REQUIREMENT
533fd1f1-bd54-5895-b0d1-262403ed63c5,54b564f1-f99f-5364-be6f-9caf25dcfdb0,HAS_REQUIREMENT
c4608332-a25f-592e-9b46-d48194fe0e74,8429805f-9c9d-5236-9b3d-36f77d37127d,HAS_REQUIREMENT
db423e68-a590-5972-8177-91a3e07f2efe,84be823b-4058-527d-9326-42b98b180e00,HAS_REQUIREMENT
60dcf782-e678-5076-8b6c-8fbb1e8bb5a6,f4a72456-77f5-5f45-9c5e-209eea0adb57,HAS_REQUIREMENT
113cc728-d3de-5177-8268-50f8ff0ff9f9,a00daf04-78f3-5015-bfa8-7682583944f1,HAS_REQUIREMENT
e7422fd6-f292-591c-801d-6273fe5817a1,15249502-b178-554d-83ef-6cca6e5a4857,HAS_REQUIREMENT
9ed61ec3-aae5-5b09-a054-2bdbbaa07ddb,9645a16f-23f0-5e7f-ad02-54aa4465554a,HAS_REQUIREMENT
9d8f1aa6-04d5-5ad0-a941-3f45de76e701,a88c038b-2af8-5c45-ad79-17216b4c21c7,HAS_REQUIREMENT
9eaa13db-31b9-5cc9-aa87-19f964b02be7,eb580c9e-13a6-58f0-b058-6edf43e8a784,HAS_REQUIREMENT
26a1d39a-34ce-59b9-972f-76026d3311cb,06d9414b-d606-516e-8ce8-39928f04bda6,HAS_REQUIREMENT
a25d7e99-b361-53d6-a51a-a2b60113eb6b,26df0221-e1ae-559c-baef-68a5e887170b,HAS_REQUIREMENT
c9b6e7b8-115e-5b2b-9758-ab180b56ca2c,8c2ca463-c6d5-582e-8894-4d3040b74db8,HAS_REQUIREMENT
2c11f112-b573-5129-a9df-2b72e7dfaefe,54c49cd5-ab04-53bf-86ee-7352d5bada7d,HAS_REQUIREMENT
c791eda3-90ec-5438-a377-ce8048dcdcc3,ba96d24d-072b-5f7e-9b8b-0594506ab6ec,HAS_REQUIREMENT
0fcbe4f7-708e-55f1-a14d-ab26f9e19083,002a454f-fbf7-5a52-9a65-6cf90e8025ee,HAS_REQUIREMENT
50326df7-b0f4-5f20-901c-4363e14128ab,fc7144f3-7574-5b4f-ad33-f49bf702e5aa,HAS_REQUIREMENT
4b659412-94d5-5865-bd36-b35afdbb261c,b0756bfa-100d-5f74-8a20-bc96ce1a0f3f,HAS_REQUIREMENT
0ef54951-c164-5976-93d9-758f63b97c8a,034574ff-db18-52fb-bcd8-5a680511d970,HAS_REQUIREMENT
36f92a16-d8e6-5492-a056-ba7e07c58b5b,8cf85fdc-f60e-555d-a670-c3bfdfb5a5ec,HAS_REQUIREMENT
fcb728ce-beb3-57dc-9fa6-bdec1b731e09,0274286f-27ad-539f-95ce-e7751fc8cb08,HAS_REQUIREMENT
b7ea3041-24a5-54a8-abee-fa89e5f458dd,bd7e2cc4-dbef-5e1d-89f2-42ec947b5e1f,HAS_REQUIREMENT
ad573103-750d-5ccd-9759-24a23c694683,a75e9c79-b8ce-5166-9bf0-a2fcb8e30f1b,HAS_REQUIREMENT
4f5c6e6c-2a21-53f8-8044-0fbf255eaa4c,cf79a4a6-0720-59fb-80b9-1b1120ef4505,HAS_REQUIREMENT
82a3c5b5-99dd-5c23-b7fc-0e230b451025,52db06df-ef0c-58ef-890f-690ecf5f800d,HAS_REQUIREMENT
6b9e7c03-880a-5549-806c-ddab0a6e4cd5,93d2251b-83ec-5459-9b23-b10de47a9658,HAS_REQUIREMENT
e5c4848d-a086-54cf-af59-34ce658fbe89,8d3723a4-c9da-588c-b6d5-03f042234153,HAS_REQUIREMENT
25abe35d-6e4c-54c4-8820-975de1dd3860,37ef4e0a-3eae-53fd-b5eb-11b875edeaa8,HAS_REQUIREMENT
4f2c6de9-ce94-59f9-9dcc-1e22f371a100,a0511744-ac78-5327-9b8c-d23a2861acf5,HAS_REQUIREMENT
9300c368-c821-5ee7-bcaf-624ec8c11197,91d78b2f-afff-5bd7-aa63-32b75c6e4eb7,HAS_REQUIREMENT
b2ee813e-e3d0-5956-a3f5-9609abca2f60,60645496-2e9c-5f17-a9ba-9d3aed30548a,HAS_REQUIREMENT
05945f26-b778-5c30-a04a-6706fec995da,30257fd9-d5a8-5e66-a8d6-9e37abd77da7,HAS_REQUIREMENT
eb091cc9-bb2e-5e3d-b520-388651737c95,6b75d2b4-ad24-5ec7-89d7-1f967cca1091,HAS_REQUIREMENT
4dd8cbe2-1c63-56c6-b01f-07993aaf38d7,5ee14c71-5d77-5f59-8caa-5eb0305528a7,HAS_REQUIREMENT
d7c770b8-a60b-54d4-b6d9-1a418d3e9bbb,ad581383-e950-591d-bd41-24f6e4e8fadb,HAS_REQUIREMENT
0a0c0993-6601-568b-873f-795a385db33b,1d7cce30-699c-5ca2-9fbc-effd8db5175d,HAS_REQUIREMENT
2b82cf4b-e3c7-59d0-ab5c-910b8807e117,25da4d9b-61fa-5914-a70f-ccd38098cd27,HAS_REQUIREMENT
6dbbf1e7-1396-5ab7-b441-1676be6bacec,fb8cc216-a8ef-5e97-8115-c2a529c2a60b,HAS_REQUIREMENT
da1868b5-dd7a-5ef7-9c2b-94d19b83fc33,0af8f134-febe-551f-b8ce-cbcd16473fee,HAS_REQUIREMENT
bd9f1613-12b3-50f6-9324-4009c10947df,19cee07a-8164-5e0f-a473-5308554b3366,HAS_REQUIREMENT
6adfd304-9414-5a76-8ba4-58a8192ff14f,91b60556-419e-5df2-9d5d-64d704be4a43,HAS_REQUIREMENT
e875bf84-348d-505e-8090-d3c6a4e02c7f,9590430e-172c-554a-b0b5-75cadcd03c3a,HAS_REQUIREMENT
dfd46d15-929e-5524-b7f0-81fd6c91d12c,98d0af74-c9aa-5e67-bc83-4ec2deb68ada,HAS_REQUIREMENT
66ba32de-c650-551a-a060-c5310a763664,36afa59f-9730-5af8-b789-b108e332191c,HAS_REQUIREMENT
87edbb5c-2436-582b-984d-e57ddbd08a06,99b80885-51ec-5576-b2c9-311eccd53134,HAS_REQUIREMENT
d9ece7b4-ef5b-5221-b1d6-195ffe416d95,452be5e8-458f-58c4-a3b7-216e0c0bcf53,HAS_REQUIREMENT
3c14752c-0983-5349-84b8-39c10c0d24dd,0258fe22-f992-5638-b5c4-68dcd4de21ee,HAS_REQUIREMENT
2ecee512-4603-581c-858f-12b937666aa0,bc90b0b3-6c54-5aad-8cbd-2a4e2bdf13cd,HAS_REQUIREMENT
fa7731da-5aa1-5035-95de-8109eba21c41,76605c7d-e06a-5005-b84e-b63d17e9cecf,HAS_REQUIREMENT
026b298b-9803-5123-8f29-9bc5ea26829d,77911a8a-6dc3-5381-b9f8-42657e7cadb9,HAS_REQUIREMENT
85638787-9237-5534-9c2b-b968c9f0b959,5fafdaa5-5c71-5bfe-b788-53d886ce9d75,HAS_REQUIREMENT
30afc78c-0fcb-57c0-8cf4-1e9b23ddef9d,fe191572-c940-5dd8-bd8c-ed5e97ae9db5,HAS_REQUIREMENT
45ad52c2-a79a-5768-abf0-29204cf211d0,210e7328-35d5-5d0a-9892-adcb7b570f4c,HAS_REQUIREMENT
54a99a0f-32a9-53b0-a669-e8a64279c8bb,16995428-f9f3-5450-9006-2b92dd06af99,HAS_REQUIREMENT
05ba02dc-226e-5826-9ee3-b9d4f40bbca9,0fd65a67-ad01-563a-a1d9-4d0704bab5ff,HAS_REQUIREMENT
274b5015-1840-572d-a2e9-24d9f65d88ce,4ad7b479-7fdc-5190-95b8-d68bb9748101,HAS_REQUIREMENT
257e45eb-2f70-5edc-8eb1-ffe69d886e26,44c9f7f2-5c45-500c-8b0a-aea3c1169201,HAS_REQUIREMENT
ac9c5b61-7763-566c-bed7-ab38df2304f3,bec21ce7-5085-5284-9104-b4398ffa7d03,HAS_REQUIREMENT
913ed37e-1ccb-595c-9b90-f8386dbaaf83,3efc6cd4-3022-550f-b154-ae5565c6e181,HAS_REQUIREMENT
08a60d36-27a5-5913-a748-3dfbe6c61c9e,252f9120-1be8-5992-bff8-3630d6abfb1f,HAS_REQUIREMENT
8b4c859b-0ac0-5724-b6ea-b95616d93da6,215d099e-d525-5365-853b-47a8bf108ea0,HAS_REQUIREMENT
e8b6ec35-bbf9-57ea-ab16-4055e118838f,e1024240-02af-553f-a595-1f7808c1e101,HAS_REQUIREMENT
64b26ed6-a2ef-578d-b808-1b0008138698,2a1e072c-b72b-517d-98f4-b5134ee716f5,HAS_REQUIREMENT
f740e871-f7bc-5371-b438-df061860c575,ff36fb5e-6f54-58da-85c7-3e05b1f6784d,HAS_REQUIREMENT
860371e1-7358-5fe5-a35b-a1e02d7f427a,319e22af-b796-5ff4-802f-2bb106b667c4,HAS_REQUIREMENT
a9ad9917-d046-5abf-a47e-a094a4923fa7,22647d18-70a3-5581-bf53-4b1bdac553c5,HAS_REQUIREMENT
1afa1630-33ba-5e16-86bf-81648f092add,abb5b0e9-1fb6-53b5-ba3c-2e5dc6326738,HAS_REQUIREMENT
816ea965-023c-56f0-a3ea-5bc75842b68b,12ef2d00-2259-59cf-a396-da57b0722ada,HAS_REQUIREMENT
7dc1d354-5e17-5d17-bd45-2f537df983d8,42db9a58-803d-57b7-8eb6-a95541095511,HAS_REQUIREMENT
d1a10d14-b55b-5342-ad84-711971d985a9,499931ce-2298-572d-b2cb-ee0788647918,HAS_REQUIREMENT
4e494f65-2424-5975-84fb-a3589bbb2ae8,abe17b8f-017b-5e0a-bcc8-b6be45549f8f,HAS_REQUIREMENT
28a33398-ffee-5626-ad12-3e4f6b31d196,331519a2-65e9-57a4-8771-17d4752e18ff,HAS_REQUIREMENT
43dcfbc4-b701-5ba4-ac99-b042e29800ba,b361355c-f010-5756-b3ba-80da4be990aa,HAS_REQUIREMENT
56e07e88-872c-58f0-8367-8550386ab62e,0a86510d-033b-536c-b662-8b57b1b45bf3,HAS_REQUIREMENT
1e9b1f26-f20b-5ca1-b2cf-1426ed018c22,17ee6749-94d1-5814-a276-7882e511bf31,HAS_REQUIREMENT
039346a1-8d7b-5537-b834-c0adabbebd5d,27036b81-1fab-5d82-996f-a0862c6857a2,HAS_REQUIREMENT
9ed314ba-d411-5f17-9489-f69f9129dc3f,cb30d13b-aa98-5db5-9330-f9bcb6a1b957,HAS_REQUIREMENT
f1deabd7-7966-5981-97e0-39826727152d,d6009f15-d30f-5d10-8a74-1136ac2e4469,HAS_REQUIREMENT
046f1e69-d8f6-51ba-a0a2-c39b5572d635,b134e5d4-37e2-5360-9a3d-5ab57e193818,HAS_REQUIREMENT
6c2a2862-2dc8-5908-8671-d57b9b11c104,44950ab0-f48d-58c9-a839-3f86d6d2ea23,HAS_REQUIREMENT
43c7f784-8b0d-5506-b87d-0c4fb7ebc778,d3c98657-2817-5a44-92d6-6d25a5f314a7,HAS_REQUIREMENT
f7b4e69e-1a65-5b47-9aa0-69298cde7d0e,7cfd322b-b4b0-5bbc-880b-9d65cdf81db3,HAS_REQUIREMENT
c6fc362e-f776-5806-b29a-3a1ac33701b0,9d2cff63-adc7-5f43-b283-9b71bc7876d7,HAS_REQUIREMENT
99e25d51-0e85-5ce5-95dc-c9ef23292fc9,2f82d5b4-e821-5e55-8de4-dbb11e9c4fc1,HAS_REQUIREMENT
5a77737b-c6f4-590a-907e-f8c68aba1ffe,56761fab-d79c-5685-b7d2-060ed7e0aeae,HAS_REQUIREMENT
401cdb25-5ed7-5bfc-9bba-e5c62ec518c3,2696f61b-b2bb-5e90-b6fe-fa75f38d4ad0,HAS_REQUIREMENT
ca595493-470a-50c5-8a4f-796f90f454f7,703816b5-aa88-55dc-8aa0-42d6d3523849,HAS_REQUIREMENT
8f12c77a-2318-5cc2-bffc-1799a7d1efa9,ef36fd29-d865-5d80-b715-df845a99e2cb,HAS_REQUIREMENT
0cc35a14-667c-5a93-9adc-a7671ac1e880,cb83f24e-1143-5752-b0b3-95c411899a86,HAS_REQUIREMENT
97478ed4-5783-5808-ad72-3a5a2a9c28a7,b47e5487-fc67-5a47-b6f7-03c4ff92ea77,HAS_REQUIREMENT
c0c6ad96-3c8c-55da-86c0-c82f22c90f7b,6c4478f8-782d-5b27-a17e-5c43bf047387,HAS_REQUIREMENT
24daef54-3912-5695-808a-403f35effbba,f419daf1-7b0f-5ab6-b774-5e5e4c7b84d2,HAS_REQUIREMENT
ea30e417-f6de-5676-bf12-7e8eedacdf4b,d53ebf09-14a3-55a1-ba67-425d7d7e7a00,HAS_REQUIREMENT
138d254f-868b-5ba5-8e17-8f0c45200395,e38b5bf9-2783-5e68-9382-0c6de9f56494,HAS_REQUIREMENT
0a48a17f-71e7-5cc4-a747-849592f4d2d5,2a21bc43-a3f5-56fd-a910-f43fe619190d,HAS_REQUIREMENT
ba2f6d94-3db5-5872-9a11-0b0f717de6f9,f0ca71ab-1a61-511f-8d5b-8604577ebb81,HAS_REQUIREMENT
e74e5643-e9b5-5812-be35-cddac9eca92d,bef605f8-6691-5808-9617-75d5d90c4d44,HAS_REQUIREMENT
4589a278-5fde-575f-8c6d-42da3fbe4af0,518e9ce2-253d-5083-8ea0-5194172037ea,HAS_REQUIREMENT
4e0610c5-1fa4-534b-9fd5-53705350b517,959bc342-5a19-5246-bcc9-d4046ea3fcab,HAS_REQUIREMENT
b4b97940-ae3e-5dfa-86c1-ceaf66abcb6e,f3f801b4-e5ee-5b36-acc4-2c1d0f968418,HAS_REQUIREMENT
548bca96-c260-5d81-98ef-5a9259bb2a1c,5c77cb66-dff5-5f56-922f-1a8714365cc7,HAS_REQUIREMENT
e95b8562-3329-5a37-88d3-faf0fda0b2b1,5fe02f0b-d926-55b8-9e39-4ff0ddb8d122,HAS_REQUIREMENT
91cc72e1-7c48-5f7e-a954-6a0172370c1f,b65bf38f-04fe-5719-8547-5fcafca6fc52,HAS_REQUIREMENT
ac6df53f-685e-5945-8a29-c7736c83c583,e74a8180-9e38-53d3-a7b9-c2afd6a98a66,HAS_REQUIREMENT
075f587a-5909-57ab-adc6-2e3f878ceddd,16b32f8e-90b3-5305-95f4-74f97bd01f4a,HAS_REQUIREMENT
1b664c28-1842-58a2-9c81-edd7ff5122cc,598c07d1-5170-543c-ba4d-27a3e9570d95,HAS_REQUIREMENT
46943a8c-e3c3-5870-b063-965b7bf7f433,b12744f9-6ba0-5e27-81e6-66e41fe99496,HAS_REQUIREMENT
cf4d1796-b6a7-5153-8f34-66dd45fbf625,f578ac8e-3d09-5586-8c93-3cddd81ceec8,HAS_REQUIREMENT
1e07779b-c926-57de-9e5f-3994802019ed,b15e31e7-6d82-5bc0-8fe1-e46413747b65,HAS_REQUIREMENT
a71e9140-16a2-5e3f-afb2-a9ea61b19b36,506a172b-7737-5775-a64a-c700e3c0a84a,HAS_REQUIREMENT
12e64737-1979-56d0-a313-71307ce0836c,fd4bf7d2-9379-5bd8-be00-19c0825fd07e,HAS_REQUIREMENT
2377e3c8-5dc5-5bad-bcd5-d0ada5f7ac09,5fbebe06-93e3-506a-bb18-4a9e282994e0,HAS_REQUIREMENT
e38a091e-c1a6-594d-950a-61faca1d7bfb,4dcd5a66-f6e6-5bb5-b80a-38ba5d6bc93d,HAS_REQUIREMENT
58eebf1a-9ca7-5c21-bc33-a11fcf70ba05,47221b08-843c-51a6-9c87-492bccc09e5b,HAS_REQUIREMENT
14a976e9-1e50-56b0-b384-82eb0a71c037,d51ae348-26b4-52a3-98db-3616cfa4e182,HAS_REQUIREMENT
4dffc0fd-6739-570f-87de-c732bce3023f,38aca6b9-f785-5b5e-97a2-eb8482832ba6,HAS_REQUIREMENT
dea69c6f-5657-548d-904e-121124fa275c,f126e249-83f2-5e42-829c-a4cf3b8982d1,HAS_REQUIREMENT
ef3e6a22-5135-5bed-b003-5eb92b1eceea,670ba928-8045-5d95-96b3-e129df7ca840,HAS_REQUIREMENT
d30ab643-f7d7-5af8-a48b-24eeed32ff6e,ff7d8473-f63b-53af-97f0-9a042fbe5bf1,HAS_REQUIREMENT
ecee781f-4ded-5641-899a-14832bf4f2c4,69f86263-5203-568c-b89c-c388775a2ac3,HAS_REQUIREMENT
3ac06529-8e2d-58f4-b3ac-da191d975b97,08d29179-e1e2-58b6-a03e-2c3ac82cc6b8,HAS_REQUIREMENT
d92472a6-94f8-5c93-be9d-28f82c5052a7,3f13a8de-beb1-5ae3-982f-2ed8fdf48191,HAS_REQUIREMENT
74d50d9f-4d9e-5213-80ba-b27fd7d8aef1,cadba695-0500-5f57-ad7d-7bb89292c526,HAS_REQUIREMENT
9d6feceb-deef-5218-baa4-642d8c49e71f,c3811b9c-67a8-5ddc-a31b-f2bb15e4b26c,HAS_REQUIREMENT
0cde80bc-1f89-5f6e-b602-e325ab719e8a,f23025f9-cf0d-5766-80a4-fe3b8e122277,HAS_REQUIREMENT
77baa8cb-3bcc-58cd-9c87-d8a51c824724,4571fce7-ec27-5ac8-925d-7178d747caf4,HAS_REQUIREMENT
f16e1902-cc57-5b37-a5f0-be6e2fbcafa6,fda320ba-0d8f-557e-874d-855e089cbc59,HAS_REQUIREMENT
c40f279a-ba75-5986-ad4d-df81bb912326,74b99346-e46a-5669-82ad-712fae4611c2,HAS_REQUIREMENT
4ceabfc2-b120-5bf5-90f1-a0cf71fffad9,182d5125-6f09-5262-87fc-73db95209448,HAS_REQUIREMENT
7de42671-8069-523c-bdfb-d3db5149c8ca,cb6b7798-2e08-5fd6-80cc-60a5924919e4,HAS_REQUIREMENT
975a41be-a49f-53e0-ae78-ebe4a4c20682,b406010d-8116-58bd-bdf8-33a63f0870fb,HAS_REQUIREMENT
ec315638-c0a5-5bb9-9b26-808afcd93b26,6180a340-e12e-512a-b569-31916205b46c,HAS_REQUIREMENT
b3fae174-83a0-51c8-9337-065cbcc2b0c8,467a2153-ce76-570d-b50a-da6bb1b5796d,HAS_REQUIREMENT
d621f222-5133-5485-9b0f-3df203104362,910d94a5-7530-509b-82e9-7c4ca9d45aab,HAS_REQUIREMENT
ac505cea-a06d-50ba-a5e0-c2108602c8f9,ab9d577d-7702-52d7-8956-1c2f8c2d9449,HAS_REQUIREMENT
9588e71c-fd09-5a37-b94a-179bd7031861,140a51db-afff-5204-8bf7-990b82f9b88b,HAS_REQUIREMENT
605d4351-904f-5411-954e-b5a6b25b1a69,391993cf-2ca7-5e72-b1a5-01f936cc02e5,HAS_REQUIREMENT
64accc5b-0a31-5b0e-975a-e73483168994,6ab683a1-f1f3-58b3-830b-4f47979e8ee0,HAS_REQUIREMENT
1aab0d33-b068-5528-82a6-07fdff7d9cf5,c31a9136-4b1b-52dd-89ce-b2dff67e33a9,HAS_REQUIREMENT
0a249e4f-c0bc-5b3e-8989-90077d6ffb1a,24a190c0-8988-5676-8d2f-c18d59488655,HAS_REQUIREMENT
affc7d02-3483-5a0e-a132-b19f5c055f43,f7e8a6f4-9d93-51ba-9556-361be1931175,HAS_REQUIREMENT
474a2d4b-6811-5cd7-9c46-98633e8756cf,4027ec0f-4c6a-5e7a-8d7e-f10ccc66e6e9,HAS_REQUIREMENT
f6021090-784e-51bf-abd7-249e1aa1cada,a2244da4-b554-5c28-a568-a738763ca1b6,HAS_REQUIREMENT
bda37a85-c6e3-53ff-a08f-8495e9e84806,387622b7-f055-598c-b75a-a8ef5e043bf8,HAS_REQUIREMENT
cf4faf3b-0a54-5f6d-9766-efd87dd6a3be,ceb407e5-e1bd-564a-97cf-0685cff90ee5,HAS_REQUIREMENT
2bbdbd13-f72d-53ce-a7c4-7cf2fc86641d,c0e893de-9cfc-56b8-885c-0842eaf22629,HAS_REQUIREMENT
abacf83f-2251-5893-8c4e-189110a4a3fc,c3d73583-d500-5b64-8aa9-f8f3833eecb5,HAS_REQUIREMENT
8cbc63bd-018e-5a28-9d37-441203a52206,f592d9cc-e241-5b7a-9ceb-eb9156f8b7de,HAS_REQUIREMENT
0c2a4533-33cd-5b5d-b022-5def3a295aeb,05419eec-6018-5b1a-9f3b-32146607ce7e,HAS_REQUIREMENT
e6c704d4-dab5-5346-8457-db276b3dc8d9,d515f965-8467-514e-83d9-6ee55a5be5af,HAS_REQUIREMENT
50321cf0-8723-5e8d-b129-e763a0922cac,b75c592c-b179-5e8d-a718-05560bd26a5b,HAS_REQUIREMENT
41711f12-397f-588c-a4d5-a848d3415050,b6cf7d9d-5eee-5e95-b73e-2ec0a1115f1e,HAS_REQUIREMENT
925c84f4-56b4-578b-a310-4216b1f0f505,0cd2c1fd-1381-5417-85af-7dc06c1e54b9,HAS_REQUIREMENT
8896b33c-16cd-5727-99ef-2bfd4164bc25,dddec9c7-936c-568c-89a8-0782610f2002,HAS_REQUIREMENT
f82ef792-00f9-560c-85e7-2ae28775e25b,c10eea89-aa49-53e5-abf9-8cf8c22eb04f,HAS_REQUIREMENT
7701f3fb-9522-5e08-b850-732054c15d5d,5eb9a1ae-1ac2-5d12-90ad-e69dd9106d6c,HAS_REQUIREMENT
f7ff26c1-7845-54d9-b463-fded7e765fd4,1573cca9-8da2-560a-9f8c-61a9bbfbfe3f,HAS_REQUIREMENT
42060438-de5e-5595-a27a-0b2df88701e4,4c763ff1-5a1e-525e-a586-ad5472c44374,HAS_REQUIREMENT
b71c3f2b-ad59-525d-8d46-8d5263475e89,bcccaf70-0c62-5d72-b58f-852b2132a3cc,HAS_REQUIREMENT
205c4e64-b292-594f-bbf1-58dc180c38cc,dd08f9c9-cbf5-5cc2-9f4e-0c50cffa940c,HAS_REQUIREMENT
9d4468af-1e18-5d15-a393-605605d7b9a7,74de4ee7-5afd-54fe-9e5d-b72d36cd0859,HAS_REQUIREMENT
cbcf9e6e-2929-5fdb-935d-492b085f8d4b,5e4e6c7e-e328-5726-bb4b-2ec64e827678,HAS_REQUIREMENT
10e0ea22-4fa2-5cc7-ad4e-1b5bde9edbd8,35eae459-b392-5201-a573-ebd4b9931993,HAS_REQUIREMENT
fc4f74ad-1c63-5c2a-8a19-69b861c34cee,6ebfabf8-43e3-58af-995f-4b7cc2ad8dce,HAS_REQUIREMENT
c7f9275d-73d0-511d-9a59-2945758dcf22,8438a3ba-3174-5ac4-aa39-4599aa7525f0,HAS_REQUIREMENT
9cfd3567-32fa-53f0-9b52-acc8663bba85,5338f352-4764-5e65-8c83-45feee4013e7,HAS_REQUIREMENT
bc7930d7-392d-5b52-b7e5-1870b29adfa6,2e326750-310a-5323-80c5-2e8c7ff6556e,HAS_REQUIREMENT
5b0ef260-797a-5401-bf09-33cfd19fa1e0,1e9f9914-2aa9-54dd-8970-0ee52004ff9c,HAS_REQUIREMENT
74cfe137-b4e6-5d1b-8e85-b26ca7d2dc63,5672b341-e679-5500-b3eb-fd5f3ca01599,HAS_REQUIREMENT
cbaa7809-e677-5899-8e4f-0e289425b219,1a2ed4f8-b95d-54de-a008-b273eb84e7e8,HAS_REQUIREMENT
96500fc2-4204-56ac-9c2c-739c3a746825,f62def18-b63f-5d65-b5e0-d1b75515132a,HAS_REQUIREMENT
eb78d153-d729-5a7d-a977-5e8120a57249,0fa86a47-4a50-59dd-b270-54a76581afbf,HAS_REQUIREMENT
936cd5c1-6d21-5110-9eb8-15a3b227d562,e2098bf7-303a-570b-8e58-69e9e4ea5e87,HAS_REQUIREMENT
c8fcc7c5-8cb8-5222-bb60-f144851b282d,f7c41b3f-3ed7-5606-a45c-b0f32850193f,HAS_REQUIREMENT
94bebaa5-ec9a-5765-87e8-1ac890b5a9a2,3646dfc9-ea21-5807-ab70-38066ecc8bd3,HAS_REQUIREMENT
fd8ca1ef-eed3-5163-8513-ee304f0aa090,5bd17911-53b5-5da6-93f2-30146735543c,HAS_REQUIREMENT
0a0f63a9-8efa-5a7f-9d4b-a231893d66ba,eb1e22a8-6833-5857-a0d6-872060d049d1,HAS_REQUIREMENT
b89f4e13-e585-5dd1-a141-19144469fabe,3a3275b1-cf73-5379-b600-be35c250f7af,HAS_REQUIREMENT
58ea4422-8218-5013-94dc-ca072b77aad5,a2fb5d58-bb2e-53c7-a090-69b39120f78b,HAS_REQUIREMENT
216fe1b7-f1eb-5b25-8385-23b50820ff71,d81942aa-7454-5b38-a8be-d9b3b071653d,HAS_REQUIREMENT
ff563ba7-84af-5e95-9e73-20bdb7d9c679,3b412e74-1844-5a22-a18a-3881ad290a6d,HAS_REQUIREMENT
78e320ee-1a79-5302-afc9-05e9cd3bf733,0a0aa92b-38b6-5081-a078-f389fbc425a9,HAS_REQUIREMENT
11a2dc64-d243-509e-9f01-91155e8a8155,3e5c1320-857c-57e9-b00b-bf00c87a338f,HAS_REQUIREMENT
0d8ac6c9-fee5-5849-83f0-b7d6cb9b15b0,f68b54f4-c4a2-5014-878e-c66e8f21e9a2,HAS_REQUIREMENT
c97c07e1-a292-58f0-ad0c-a03da2579591,4606e484-cea2-54e6-acfe-f7913c15cd04,HAS_REQUIREMENT
5e1f33cb-7d4e-59ae-8ca5-85e4cd03b51c,d5834d96-1994-5778-9b31-f7ebe7f96456,HAS_REQUIREMENT
04bf1a06-a939-5f00-b828-b9134d00263a,ba0fb49b-1f1b-537e-94e4-0cb8eaa03bc7,HAS_REQUIREMENT
5e5a11c4-630e-5557-961c-acae95ac7be8,ce352cc6-fe2f-5603-b76c-d37f11d735bb,HAS_REQUIREMENT
8961608c-2f28-5473-b509-22ff5bf95f9d,2275bed7-c792-516e-967d-3a0436758501,HAS_REQUIREMENT
8bdb0ae3-68d3-596f-ab58-cc4a7540ca04,99b531a0-a10e-5afe-9c96-304d9506e997,HAS_REQUIREMENT
418167e6-3059-52db-bacb-1f28da81c000,818a3819-0cdc-5a22-84e4-bd4747e79c77,HAS_REQUIREMENT
2de5323a-3753-599e-a007-3cd6e458fc4b,3f05fc2c-c205-54af-a24e-2ebf0f5a6c5e,HAS_REQUIREMENT
fd4bd48f-d414-5f39-a073-5e2b87cf4777,29f22195-edef-5635-bd94-e69521213756,HAS_REQUIREMENT
97bd65b6-e5ff-594a-bdff-b322830822b5,43a65d3b-222c-5055-bf82-b49babc9617b,HAS_REQUIREMENT
06f86d9e-aa82-5d95-a48d-de1b60aa93fa,1f6f91b3-cd27-5e35-b6f3-fe868e93829a,HAS_REQUIREMENT
fdf7a92d-58ad-5e9f-9069-61811accfa01,dc7d1371-b13d-52e8-8174-7c20e8327523,HAS_REQUIREMENT
19b18321-1074-5664-8d66-a5d63ba2c329,9e8022de-ad14-539f-9cf4-597d8907dcab,HAS_REQUIREMENT
9822fef1-bce5-5b33-8870-5bac049a3471,f8031de9-d6e3-5b63-a53e-7e6dbb01ad7d,HAS_REQUIREMENT
54a4328a-504c-5efe-bd23-167b159ed5e7,16cd34df-9848-52b5-8cd2-144c36954529,HAS_REQUIREMENT
42d59cb9-1f7d-5844-a495-4a96384acb13,1f0b515f-681d-523e-821d-faa680d7b2ba,HAS_REQUIREMENT
5e561b59-53ab-5c8d-961b-f1cf1fed56e3,42691ab5-02f7-5ac5-b709-1f3bf972e71f,HAS_REQUIREMENT
cc3b41bc-fe00-5315-b266-2c55c31a4857,8330f32b-9939-57cd-8510-2be2c501ee7d,HAS_REQUIREMENT
d0eab262-b848-57a8-b81d-1d09c510e75a,e48836ce-86c2-5d37-bcf3-90a163fe9d7e,HAS_REQUIREMENT
a5a46bf4-b905-508e-b57c-59935f111853,e8a016e0-5016-5a0a-a226-1287649b57fa,HAS_REQUIREMENT
558c7da7-4a5b-5d2d-8932-2a42131aaa4d,920013d9-d725-5227-850f-6b98c3efe4d8,HAS_REQUIREMENT
93a94db4-01b3-596f-af49-31bb383aef27,16d22519-f3d3-5bb1-bd6c-5282d805aedd,HAS_REQUIREMENT
5c44150a-4ec7-5c2e-9f3f-405154aa4add,51741bde-d566-5b89-ae35-8625d9a68218,HAS_REQUIREMENT
6dfe8799-f574-5a1d-bf6d-b2e2abc94bc2,4a66a0f1-e277-54f7-8f98-134f2188c9e2,HAS_REQUIREMENT
334582c5-d848-5cbf-992d-9e38263c6d46,60a7d36d-edb4-54cf-a8ec-9822f614ad5f,HAS_REQUIREMENT
cd76bda6-e93f-5465-be34-772920b71a99,9ad77466-6720-55f1-9aa4-f0e8e8ecebcf,HAS_REQUIREMENT
fd93065d-6150-57a2-9984-0594a9c5b82e,3fce996c-6f5e-580b-a208-cfeaa9fa5dff,HAS_REQUIREMENT
f7d66f2e-8ddf-5197-93d6-960564b89d88,a8edaaa7-6801-581c-984e-4a51ab15249e,HAS_REQUIREMENT
e7013a03-de64-5fbe-bb9f-c7576572682c,ceaf81e7-3d45-5aff-9760-124c579b89a9,HAS_REQUIREMENT
c1cf6e0a-04ee-5bd4-88a2-2780cc81ec8c,cf71aea2-0cda-540b-bbfd-6cf809ae9a1d,HAS_REQUIREMENT
22c755a4-5ed0-58f7-8aca-8f9a49c45066,d207d36f-fee9-5b11-b0c2-95724faef58c,HAS_REQUIREMENT
dafa1d0d-376f-5ea5-992d-e9c18979fdda,9771956c-3cc2-5233-9c5e-7d21209092b0,HAS_REQUIREMENT
771a98c7-2644-54b1-9d7d-acae6ab35f68,1bfaba9a-212b-5277-9bb3-22b14c318d31,HAS_REQUIREMENT
6d4b4370-9da7-549a-a19c-80ba2e9b6bdd,0ee37a85-0080-579f-8bd1-57ff5e1fcb74,HAS_REQUIREMENT
3bb064d2-57a2-5917-86fe-a4996bf39b38,2f27e89a-9988-5c42-ae32-419b6e401fa3,HAS_REQUIREMENT
d79b6cad-87f8-5ee0-8e62-1d58b8a4ce51,84b119cd-8f03-55d7-8ab9-3fd2154274c1,HAS_REQUIREMENT
92979ec0-581f-587b-85ad-37d27c926410,ed09e541-c31b-50e6-86f5-4c3013f57ad5,HAS_REQUIREMENT
f6f49be1-2f74-5563-a236-86312c4b6fb5,652e3f19-f7ba-576b-b3f9-e19aca42f655,HAS_REQUIREMENT
9a7f9216-a5d5-5961-83cc-d7edaa187a6c,c496e869-5e5c-5bd4-b765-f257a024cc7b,HAS_REQUIREMENT
9a798e38-8692-55f2-90f5-e8933e6a71b6,7f08543d-a0f4-5ee8-ba56-6bf501ff3b11,HAS_REQUIREMENT
8db6afd5-5442-5528-8071-05aeb99f827c,5fcc55d8-16aa-543a-8764-dfd8aaaa42bc,HAS_REQUIREMENT
886f3686-8a3b-54ab-bfcb-4f838a62c1dc,887cb5e4-5a72-57ce-84c8-0787896b0128,HAS_REQUIREMENT
e8ef4728-4a8c-5feb-ab60-d4e038cb8d29,7c2eff2b-75f4-50e2-b07d-319921a48145,HAS_REQUIREMENT
0338fb2b-4c43-5fe4-a34c-0f88ad708ad4,7303651d-eaf6-506d-8f48-0a8bf50283d1,HAS_REQUIREMENT
4be9b026-d768-5bdd-a803-eb8f514d2254,418228e2-63bf-5453-9717-0bf2161cc942,HAS_REQUIREMENT
7b97247c-a5ac-5e0c-94dc-e0c68f907ad8,1232871f-94ef-5307-93a7-b0df02dc0c40,HAS_REQUIREMENT
7d9457a3-22bc-5add-aca9-f323e8b194d0,bc74f718-ad64-5103-9e13-fd4463a9810c,HAS_REQUIREMENT
e1d96c79-50ac-54c4-8c3f-9447d350ba34,45697410-9e39-5b0b-9e26-6a8b1d07b223,HAS_REQUIREMENT
0e0fe578-1fc2-53fd-af38-aec6ca233196,4664d015-4d68-5cd7-b29a-d9c71d174edb,HAS_REQUIREMENT
1b04a601-ad50-5ba3-b79c-63e7f559daaf,094b2a36-eee9-5ea2-bbdb-52f8b28a7e80,HAS_REQUIREMENT
05c384b3-788a-5a26-b72a-c053051372e3,24681cbf-95ca-52a2-9a33-6abaa497aeb3,HAS_REQUIREMENT
912525c6-4e2b-51bf-88c6-b338e08d556d,38deebf3-5da0-5c34-bdc3-4edddbc3fae2,HAS_REQUIREMENT
ece2c78a-8450-5b00-b560-bf7faff1c6d5,3cf64334-d996-55b1-9a35-40358eaf3f63,HAS_REQUIREMENT
a0fe32da-641b-5868-868c-5a9fb0d5ade7,098f0b33-e9ad-5cef-81e2-4dfb248d5db3,HAS_REQUIREMENT
dd2ac0eb-845b-596f-ba2a-db714d205b70,af21b176-6d40-5996-8444-81e9672be905,HAS_REQUIREMENT
33e3435b-a357-58bf-97dc-08d605da6179,2fb2ada9-2fe3-503b-9598-85779fdfbaac,HAS_REQUIREMENT
49f26763-e836-586b-b738-1c599d210ebb,adb3dbc8-bb7e-5a32-b540-a2b668521c04,HAS_REQUIREMENT
f66de4af-0e5e-5b02-b6c1-e5c7bee5a51f,8e5f1fbd-a5ec-5fb9-8fd1-27e02cd8f96a,HAS_REQUIREMENT
f3389413-2d70-55a9-a862-358d351d739c,69a48a50-6a0a-589c-855e-1eec6af28a66,HAS_REQUIREMENT
afa3caf0-f540-5862-bb70-2323d015fdbf,14ba24d6-0fe8-5ca3-a77b-3c67b03bfd4a,HAS_REQUIREMENT
49e82052-36fb-503e-8f64-932c57e774cb,b3bc0579-ad8a-5c97-b745-e6e4e9bca108,HAS_REQUIREMENT
e3d8533b-341b-58e0-9eaa-72678df39ca0,aff25459-a984-5de8-9645-50172f93ee33,HAS_REQUIREMENT
d8b6cad3-1085-55e8-bb46-e370fc66f96f,f14bd78c-1277-5dbc-b559-185c1dc291fb,HAS_REQUIREMENT
9da060a9-45a0-5db4-8e19-f106edd2498d,e55b3775-d562-5624-b46c-499fb2bb0537,HAS_REQUIREMENT
db1bf70d-c7d2-5ff2-8a08-ce7bb5eedf4a,896afae1-616a-5cb6-8447-15fe9c39e093,HAS_REQUIREMENT
038dfa45-b7ef-5a87-97d9-785526695565,1a9b257e-4b02-5257-a672-677ecd56d153,HAS_REQUIREMENT
93623fca-6fb4-5f8b-a14f-388d10d60840,1924fd03-8774-52a6-b103-c81d05eb5e77,HAS_REQUIREMENT
17fa1a2c-fcef-5cd4-b425-616a821cf9b7,8ba8a617-abec-5737-9ac5-ec88e1f6d4c3,HAS_REQUIREMENT
588878c4-63da-58fb-a8e2-60fb85cd1f3f,a3d7260e-e6d9-5fdd-831e-a8b5642e09c8,HAS_REQUIREMENT
e979e6d3-7535-5830-837a-046d186635a6,ab88d844-0996-5235-9cb8-a845fabe8cc7,HAS_REQUIREMENT
2482147a-4fd0-5834-8496-5ac7fab1e538,61c55868-b43d-5fe7-9dd3-3fd7bf7b9984,HAS_REQUIREMENT
d14e1e8b-4fef-5d14-b072-2ed633b8053f,d7436463-9543-5723-80c4-9d88594eb8a8,HAS_REQUIREMENT
88328f7a-a5f2-56eb-825f-f53b74da05cc,02a4a431-f998-5094-afa8-25a20c0d6e18,HAS_REQUIREMENT
88e69757-b253-524a-9e9e-2c6cce3e77ef,f0cf8ecc-3741-58b4-b039-9520f50f0502,HAS_REQUIREMENT
f4942ab1-7589-5eaa-8845-233c7925cf26,f97d80f4-207d-573c-81ae-7683eaa4f4e6,HAS_REQUIREMENT
580bcbc5-f8ff-55c6-9b7f-5ba48bdf2ca7,cecab3f3-867d-50ac-b66e-57154f4d4b31,HAS_REQUIREMENT
e1abcc5e-7f31-5be5-a450-2b44c67dfe43,6947e956-1288-55ea-9d3f-081f254c211b,HAS_REQUIREMENT
fca87b55-7496-5534-a1cc-162a9d7de26e,aa3e64e9-ec06-58af-bd3f-f7e9c956223e,HAS_REQUIREMENT
b2d652fa-4f85-5cb2-a489-2f6f1c734a33,5945d49d-7a05-5a6d-9627-4741db38be31,HAS_REQUIREMENT
d9e42d27-da30-5a60-be50-6d4cae6940ca,d498ebc8-0f0f-53e2-8162-655f8b8a9912,HAS_REQUIREMENT
c72077a7-d773-5ffa-a3ce-011b1e249d85,01eb1e72-4b7b-5115-85fd-566666cb53ea,HAS_REQUIREMENT
bf963957-e7dc-5910-ac39-21ae74e45893,0e42a9c9-cef2-5a38-aea0-f59efbea1e74,HAS_REQUIREMENT
90224b5e-cc21-555e-ac07-e16ad83337ea,a041098b-4b97-52db-85c5-5476f91f1f08,HAS_REQUIREMENT
a3ee999d-4e90-55c3-bd68-6cc2ad3596cd,8e1f5bb8-85e7-5ac5-869d-7c95cbc63cca,HAS_REQUIREMENT
a7fdb174-f787-57e0-97d9-eeb95a26e3e4,145e0409-ac37-5390-979e-adfc0d57655d,HAS_REQUIREMENT
40ed1f9f-1f18-50b0-8dca-9bc5bf7512bd,a2bff1ba-1b83-562f-bd84-b7688a5233eb,HAS_REQUIREMENT
67111955-b4a0-555d-9c24-81e1e768deb9,bbf1c276-7f66-5a2c-9ec6-679cbe677850,HAS_REQUIREMENT
d1dc1295-a767-58cf-a401-ca9e5de422ee,9a9d75bc-0153-52cc-8721-c03d0b0da208,HAS_REQUIREMENT
6d3185c9-1ddb-563f-b27b-59f95b4ec6a2,bac5c886-0f3d-5ef9-aff7-35fb4eb94e12,HAS_REQUIREMENT
bd5e0a40-9b3a-5d09-bcf6-e8b145cad1a3,6372e40a-38df-5427-b197-eba48ab75522,HAS_REQUIREMENT
8b2a9ad7-edc1-5070-8e5a-ca8a16256ec5,01c257aa-bdcd-51b9-ac78-104e862416e4,HAS_REQUIREMENT
fbc094f4-d998-5f4e-b7f7-a2e3d6162b6b,1bee1289-f6a2-5c9f-948e-87b8566a04d1,HAS_REQUIREMENT
66faf691-4f9c-5f64-a8c4-5b435016b769,f2c7517f-56bc-52b9-a19f-2b48242477cf,HAS_REQUIREMENT
a4559d36-088b-523b-bf96-e5fb9fdbecf1,706508ba-ea82-5af4-b2d6-8473fa118fad,HAS_REQUIREMENT
f8b42bc4-6b37-53b2-bd9b-40e9d14e1b04,dd22c971-b47c-5ed3-a40f-8f57fec134bc,HAS_REQUIREMENT
a3d3d703-db47-5c1e-a5ba-c91d00c30798,c95c1ace-43ba-5f16-8206-2fc5b9c7c9d2,HAS_REQUIREMENT
e69be624-0075-59f9-8166-01bf4e19b163,b62fb2d1-261f-5ec4-95e3-e6024338bfce,HAS_REQUIREMENT
d43b3744-d1b9-5fd5-8659-a878bae115ff,5171b4c6-be55-585d-97e6-69d834a240d4,HAS_REQUIREMENT
f540bed8-e3a7-564b-91fe-9c066d55c077,41f93b92-c771-5962-8cd5-a73e46fce3e6,HAS_REQUIREMENT
a08775a8-25a7-5b08-a7f3-a42e7c20817e,2dad0bba-9265-58d4-84fb-90234198fb0c,HAS_REQUIREMENT
711a7835-dd8c-5fff-87fe-b51a768746a2,33722044-f881-5b8e-860c-f55d52a6f48c,HAS_REQUIREMENT
cc06b2ba-8b94-5689-82a5-d8155384ac32,d88fb284-5daa-5749-b5a7-0cc3095e80cf,HAS_REQUIREMENT
c4ba0aa2-e13a-5927-9e4a-da17f7cc2657,38e105f8-87b9-5833-8027-be45143ed65d,HAS_REQUIREMENT
48c07a40-0d59-5d90-b0ae-89fcff3b91a3,82cd92dc-73f7-5572-8223-8d9f442d7040,HAS_REQUIREMENT
821775ca-ad33-5ada-a58e-3a2262b3ec0c,8aa46bad-e7d8-5904-ab80-092e111c3aec,HAS_REQUIREMENT
1c475f30-eefc-5ab2-99f3-dd0da0cd84dc,45a9d364-d428-57b3-93d2-7b3c8a783ed8,HAS_REQUIREMENT
2f43a319-8afc-52dc-99fc-b06075348c4c,cc3243b1-fbf9-5d0c-908b-2b330ba12337,HAS_REQUIREMENT
36cc9d93-08e2-587e-bc40-0fdd90c42a19,c10a44cc-bc91-590f-868b-6e6b45d4be4c,HAS_REQUIREMENT
c0256f13-9e2b-50c8-aef3-c2a8747a1e8b,595b29a0-e1f9-5bed-894b-db82417502ff,HAS_REQUIREMENT
e1943305-93d2-53a0-b162-6f91a6e87bcd,4619ccf5-b95d-5fb3-b60c-0aed7d7d9f52,HAS_REQUIREMENT
8a6428f3-afac-53ad-9c71-5c35823d5512,3d0a8c59-0e19-5eeb-9e92-3cf9ba5e9d86,HAS_REQUIREMENT
40081cf1-9e7a-5b0e-9e6f-a4ae9e451c6c,01ed190d-a637-5722-9e53-107b6cdbade1,HAS_REQUIREMENT
feb24be5-4659-5164-b3e9-31ed0723b68a,2ebe818a-276b-5ad1-b3aa-267af32d0ce9,HAS_REQUIREMENT
b93f24bc-73f1-5fa0-9437-c708f8cb4c9e,bee66eaf-b77f-581e-9f59-2813a3df4698,HAS_REQUIREMENT
79d49fab-fc65-5a59-9b90-23299e401326,a06606da-f044-5a4e-86f7-a724024c7e4b,HAS_REQUIREMENT
148fff76-a473-50fb-a007-915cee19e683,b805aa93-449a-5f5e-8558-74e8aa844a43,HAS_REQUIREMENT
edb49bee-f13d-5549-bf33-05e3d2af499f,be2c6765-e082-5b06-ab93-9eb627a44afa,HAS_REQUIREMENT
771cd5e0-0e5d-5380-80b8-2e6ffe1f5121,a7ceea76-ed80-5de9-8ba5-d0dad5cc28d3,HAS_REQUIREMENT
0e673c56-6743-5a6d-8593-6847c12d47a7,49fb19fd-6931-570d-bf13-a8bc87cc9708,HAS_REQUIREMENT
4411b868-f23c-5402-b9a6-68ea24c2bf86,5313334b-85b4-593d-9880-b08bde84b0b3,HAS_REQUIREMENT
555bca05-e1d2-55aa-8b40-ce1fa08f602c,31972623-e246-5123-9f1b-d13ec73489b3,HAS_REQUIREMENT
6fa01c62-d8a1-5681-b632-f757838fa5c0,38930adf-bc03-5d12-9a83-d24f53575cd1,HAS_REQUIREMENT
dad8fc53-9fbb-5ba7-9589-792ee2495098,a0df44ac-ce8d-519a-b663-32019f091f2e,HAS_REQUIREMENT
8a7e6f17-f14d-5598-bc31-4ed58cd11ecf,91d1c765-0c21-52bb-add2-def112bd061a,HAS_REQUIREMENT
e6d904bf-f172-5e8b-ae51-88f6f1f6d498,01f8818f-6180-5b2e-93fd-ca2c2a8f7400,HAS_REQUIREMENT
a230f573-6584-581b-9c23-228da8db29c8,563f6642-df31-52fa-ba3e-10071a48cad4,HAS_REQUIREMENT
f896b0fa-cb36-5af1-b1b9-464670f68e94,3d51d454-9d4d-5129-91ad-4004ff7bf5c9,HAS_REQUIREMENT
b2bd998b-0347-568f-9cc8-33e4c26561d3,79551862-d4f1-5790-8e09-71d4e5fbb98c,HAS_REQUIREMENT
55c7c864-082b-5a95-a527-a1db3740932f,400d0959-a8ca-571e-9419-c0e0c7dbf366,HAS_REQUIREMENT
302f8023-edbe-516f-80c3-6f14659ebb81,17c7ac3f-a366-52fe-8a2c-586042701df4,HAS_REQUIREMENT
4969d038-443b-5fac-8a91-8cea60123c88,7b5b785e-512e-5199-8355-11eda6d1408d,HAS_REQUIREMENT
70f72150-67f0-5661-8ae4-fdeb09492f19,8b37319c-afb7-53ed-bb74-22b4226498e1,HAS_REQUIREMENT
75faa276-fa01-5ad9-a97e-fda969077e85,4dbce2d0-55b6-5972-a698-e36b82ad58c0,HAS_REQUIREMENT
a792e879-f4ae-58e2-b204-06dd85ee10cb,cfa6a287-2e94-5ad6-85b6-5c9e47f8649e,HAS_REQUIREMENT
282a9f20-6674-5a9c-9045-373bf10ef931,ab378791-fe65-5ec3-9675-fbe99e6349bc,HAS_REQUIREMENT
d4356b79-8e66-5126-ba1b-86bc76cb03c4,db0fa581-8a49-5483-af26-0d0ee85e8151,HAS_REQUIREMENT
2da72662-f358-5c04-a134-b5f6db8237e0,89a2e338-0b5b-5e41-be41-93d60aaee92b,HAS_REQUIREMENT
dcd3916c-034b-5240-8b64-50e0ced251e8,35000d20-78cb-5695-b17d-4640a726ba8b,HAS_REQUIREMENT
c9c6b8a5-9df9-5405-a217-3deec0b0c94c,7509dd8b-624a-5208-9dba-ac86d575caba,HAS_REQUIREMENT
6d5a9aca-0bd7-5468-b09e-fdea3a6ceba6,25b73042-be7e-584a-adb5-b6ac51249f1b,HAS_REQUIREMENT
3d5a1c53-ae49-55ec-a31c-573320a083da,368db713-2df2-571d-a084-f330cad4e284,HAS_REQUIREMENT
4b146491-8ada-51d0-94c6-f451849762d4,4c8b46ca-eba1-5b0c-8e29-d15d962fc8e3,HAS_REQUIREMENT
d8ae050f-e1af-55c0-a948-24fbdf0d16f6,24ea23ab-b179-55e3-bb29-32cf558daa2b,HAS_REQUIREMENT
76578d0f-832d-5848-864a-20fbd0708803,098db688-841a-5e8d-b0fe-5340d274750c,HAS_REQUIREMENT
793bf1af-8512-50b0-9657-a4e7be1804f5,8e4b7b23-d4b5-57f5-8dbe-7d5131ebd4f6,HAS_REQUIREMENT
c1125e3d-5153-50e7-9e49-15f4f556c405,bd49aa46-17c3-5608-b38e-9868889fac6c,HAS_REQUIREMENT
0f11d319-55d7-5b25-9dc0-d68b7167c2ad,5fcd5562-4aa1-5433-b8bb-c4e95b56355a,HAS_REQUIREMENT
a58d4392-2165-59a3-9e6e-2104e7c5e645,3812e26d-5f92-52ec-a771-0f05562458d4,HAS_REQUIREMENT
211cc52a-5d5b-51ce-8681-0a3de61c70e3,e3d5577c-ca61-51f9-8247-4af4093b452f,HAS_REQUIREMENT
424feae4-af3b-5b5c-95bb-71d303d1348e,9b9f7861-efdc-58c9-9b0e-3db5b9af2533,HAS_REQUIREMENT
58447409-ce3d-5809-b6cc-cf209376bb1c,903be6c5-d64e-5893-ac61-e938c58ab43f,HAS_REQUIREMENT
fb81443a-7bac-5bbd-8812-3158a975b9bc,199e0fc2-8f37-5e0a-8fd0-50b5ed484242,HAS_REQUIREMENT
fbbc95f4-fc76-5f54-ac87-02dad824c7d8,0143ccd0-4381-58bc-b093-df3d01333a0f,HAS_REQUIREMENT
9f8245fb-f739-5db0-bcde-be9604c9e70a,91fca3cd-c743-5699-a142-a8d6bfe5353d,HAS_REQUIREMENT
5da48a70-12b5-5ed3-a420-b4f1ba5acc7f,f92ec70b-29fc-58a8-848d-6a387f9ee790,HAS_REQUIREMENT
4d74b95a-b6c2-5053-8e04-9a2c7c9a07d5,c1b0af64-3c07-58fb-abab-dd45226b243b,HAS_REQUIREMENT
a96335e9-1add-5c51-9add-f08e763c3863,bcb9d9dd-e81b-5b07-b971-00152cc4a6b4,HAS_REQUIREMENT
d1ff0b31-2e89-553c-9204-a1d3e4477d12,9ca1e7cf-45de-568a-a0c6-b0d0376242d5,HAS_REQUIREMENT
375b8a30-55c4-5569-a7e3-a05f9ea7c39b,bb6a76ac-0295-5e26-ae8c-904b5427d014,HAS_REQUIREMENT
4c4c51ca-6f3a-5242-b55c-e9de140068b1,da2594eb-9a57-5e98-aa12-f5017828d51e,HAS_REQUIREMENT
8be6fcec-4bfe-5ef2-8daf-6143afd70cae,01269a4e-1125-5c20-ae17-9c97e38c6fa3,HAS_REQUIREMENT
ef9a34fb-9806-55de-b043-362ddb6c2c7e,7b16d807-f63a-58a9-a761-e61ebd06a7db,HAS_REQUIREMENT
9ee72961-c4ed-566e-b72c-2d26a9ab3676,0731f655-ab17-50f1-ae9b-b505aa9237f8,HAS_REQUIREMENT
a280338f-fe86-58ef-8eda-1d6cb7867baa,d7ad3dd0-1ed7-5f32-9405-63758b3debd2,HAS_REQUIREMENT
236145e8-ce09-599d-b4ad-fdec2f929cdd,870d2f4f-3fb0-591b-a876-5d4fa7e8b217,HAS_REQUIREMENT
71e4edd0-3ae2-5ee7-8f7f-c2e3078735ed,7fdf62e5-cdd6-56f8-9dc8-436e52dcd4ba,HAS_REQUIREMENT
63c03c70-a1b5-5b53-8818-fb0250398a87,50dd6e25-4745-57c8-aeaa-9f0c304f378f,HAS_REQUIREMENT
54030299-669b-5fc2-b326-6f9188bd8742,ac4c9c9b-6a62-5483-a465-ca29c4fa688c,HAS_REQUIREMENT
ab4a94ad-0f36-5f58-88d9-185d8669ac96,d16f0ea7-83b0-5c95-a114-eec3888778aa,HAS_REQUIREMENT
3f4fdf5f-74c1-5a29-8df0-f5d096cb284b,8bb389a6-fe7d-5acb-8ac6-5b2a8ec5dda9,HAS_REQUIREMENT
b813f54c-69ba-579e-849e-ee10918cc0ab,09b2f82a-a30a-5e52-a531-ebe8abc903aa,HAS_REQUIREMENT
eeb5df4b-b9d4-537c-b0f4-c36830c364d6,0e81e01d-26d7-5997-b4ad-fda47c913b97,HAS_REQUIREMENT
6e5b44d9-8315-5725-a3ef-3f2ec37c2836,b8321352-a83d-5d43-8740-45ee4a25e776,HAS_REQUIREMENT
04c8c1e1-9915-5022-a117-4db520ccc3fd,20250aea-cf6a-54ff-adad-8feecf8083f3,HAS_REQUIREMENT
cb24d258-fe29-5092-b100-0fd8d66a376f,e27bbac8-7ee2-5018-b58b-94ee633e9f88,HAS_REQUIREMENT
d060bd61-49dc-5322-a22b-0bee664c6182,28813a31-6d00-5cd2-bdc0-15cbd1fd96ac,HAS_REQUIREMENT
1e27d1d5-23c0-599d-bafd-9c7a3333b073,420e5f74-8b7d-5b3e-984f-bb2b0e0680a1,HAS_REQUIREMENT
f3d9c2cd-278d-564a-a05c-8ee479e3ec7f,32e07632-84e7-5e73-83e9-aabb6effff2e,HAS_REQUIREMENT
9c2d4763-6f88-5988-856f-d79742132116,66eec3ce-be24-530d-a6ef-2882360f138a,HAS_REQUIREMENT
f9905b35-40d2-5d47-8194-0981b14098b8,87d77a3d-adab-55e5-82d2-2fb0ce43c8a7,HAS_REQUIREMENT
1a71defd-d919-5542-8c77-cf6a18edf70a,2a38b5f4-d74e-5fdd-a520-9100d1e4ae91,HAS_REQUIREMENT
f9c24322-36d1-5194-a8be-a38a1c78b7ca,6b8b67bb-f826-51ab-8c1a-c5a13cb3af69,HAS_REQUIREMENT
83886b8d-c390-5c84-ad1f-7b2898e48d5f,fc6140ef-fac9-5195-b69a-ab82f1ecb57b,HAS_REQUIREMENT
308cef68-c982-5491-8e38-401dc6f86ee4,d7897baa-fb23-585b-953a-5c15d7402c60,HAS_REQUIREMENT
c20ec2ea-d203-5b28-b379-6568f15d535e,0a26ee32-7039-5a89-b504-0287f7170833,HAS_REQUIREMENT
b24a6d1e-3357-59cc-90ec-fec2fb49e227,192eac56-dcd7-5556-a753-1e7fecf63bc5,HAS_REQUIREMENT
2c83e397-f74d-5ce9-aca3-991e1f9a989f,bf531402-6515-56d3-996b-6790ed8d55a3,HAS_REQUIREMENT
2224a3d6-b900-516c-94cd-c875f214bd38,428ffc85-e517-53f6-b5cb-4da16cb977a0,HAS_REQUIREMENT
d22d1aaf-ab94-5ffb-8001-dcfe327bdb5c,bd1359e7-28ac-5d24-b25c-230c0bc867ae,HAS_REQUIREMENT
47427a4d-fc08-5af6-9532-8a6b602b510c,51d03abf-72fd-5e5c-a98b-fe055c672249,HAS_REQUIREMENT
0bce8b33-17b7-5bd2-95ae-d7d2b082409b,c8c6922e-13d5-5aa2-9d83-34960af7f2e6,HAS_REQUIREMENT
7c385b19-cbd0-50d2-8594-65abd9b596ff,1f8ddd67-e5d1-5e97-9897-46951e1637b1,HAS_REQUIREMENT
06554e23-2906-5734-96d6-fdae526a978b,8e2c1eca-baea-5a80-b41c-d568283ca4ac,HAS_REQUIREMENT
c1c706c7-0765-503b-8bc9-6d8d559c6702,fa0714bd-387c-5d17-be47-a1479b5082b2,HAS_REQUIREMENT
38f8bbc3-3946-5e9d-9611-79537dabd183,34e217aa-af8f-5839-af60-68876371e87a,HAS_REQUIREMENT
ebcf8811-73be-52ac-88e2-54b1df3760ed,a0b3b698-ce79-5678-a8d1-4a285561dfc2,HAS_REQUIREMENT
d6e8ace1-4e5b-53d2-9eff-38653655c220,43de2bc3-39fa-54e4-8b56-e00e5129afc2,HAS_REQUIREMENT
5a85a043-778f-596a-86bb-9300a086ce93,ab016292-463c-5914-b7de-cfde1c4a8ceb,HAS_REQUIREMENT
6ec9f675-1f4d-586d-a36a-eb20e8f14435,6f9f4f89-1f92-5a94-87bc-b0ceb2a64d1a,HAS_REQUIREMENT
da235155-2b9c-5e6d-804d-ba1ddf7bf56e,bbe20852-0a25-529d-a7b0-1046cc87f411,HAS_REQUIREMENT
9d56b5dd-e64b-589a-9646-d066e458cd39,d2dddd68-f7ee-5b5c-8425-9fb3672417d4,HAS_REQUIREMENT
ec8d4292-a06d-5553-8b9f-c47f1e95c88b,b025141b-f2ba-560b-a55b-6b45a558f609,HAS_REQUIREMENT
0bce6e0a-1a5d-5ebd-b13a-6817e08cd46c,5a1563a8-9e80-55e4-92e1-2d4ac1564f7d,HAS_REQUIREMENT
af824ccd-a169-55e7-868e-44814f18110e,86033abf-5aa1-5eb1-82fe-5aa51c21eb7c,HAS_REQUIREMENT
36075e52-978c-5b08-bdb1-581a5306f943,8e6bcf13-8705-5e83-a674-92a6af150776,HAS_REQUIREMENT
8d058696-fb9b-52f0-9262-55f28cc2fe29,d66226fb-7824-5796-8b01-308440af1663,HAS_REQUIREMENT
b3824fda-4e72-5ed6-a3e3-6be781abed57,6493541e-10f4-5587-8137-9141ad41279b,HAS_REQUIREMENT
5a7c970c-2f81-5607-9605-25673dc3b335,8edd600f-797e-5b6c-bbb5-72649e2fbd3c,HAS_REQUIREMENT
ae03ffa2-481f-5bf9-8930-c77199c9a1ab,5aa4ad32-ee8e-5c1d-bb22-c37609ecc409,HAS_REQUIREMENT
78920dfa-3a32-593c-ac6e-ef9da188b9a9,6b15efd2-f5f2-5555-90d3-ee51940105db,HAS_REQUIREMENT
8f528e65-a08f-5fae-a7c1-853d89685689,33569302-8438-5314-86de-571a46ba0b10,HAS_REQUIREMENT
90c2e309-9883-5004-8e9f-a5d8dc7240ec,f4c22695-9125-5787-a92e-d55b284933fc,HAS_REQUIREMENT
4fc8db5e-407c-5558-bd5a-f03ea3438443,b3ae2910-46ef-5506-9156-fd7217234ab1,HAS_REQUIREMENT
7c6f495d-5127-53cf-b8b3-e480af2888b5,4e96c5d0-59df-5389-bf83-5403145b90e3,HAS_REQUIREMENT
fcb079c6-b9a0-5601-909b-126c73e0af3a,27c4b775-f9ff-58dc-8592-966ba926fdaa,HAS_REQUIREMENT
1f14e9af-02e3-5db5-96d3-dc60ebbf1cdc,29490f36-155c-5063-9edb-bcb994d42a7c,HAS_REQUIREMENT
4e8c45c3-2f1a-522a-8e37-16685eadae96,ca345a09-a0ea-5125-87f1-e0a9b969ac10,HAS_REQUIREMENT
ed0942b4-5216-53ef-841b-3a8e3a38a5fb,8a021ee3-8cfe-53ab-a85d-8b71ff5e2ac9,HAS_REQUIREMENT
a4b9f30c-347d-5284-b15d-f98b227d7c85,9e166557-deeb-550e-85f0-270e107e427a,HAS_REQUIREMENT
2199c4fb-5cef-56b8-95a1-558f08295d98,80ae2d51-5a8b-5d06-b16f-0481fb6df10a,HAS_REQUIREMENT
b9c688f0-0a2c-53f0-b6ab-cb67b53e5a0c,85af45be-c8e0-5b4d-a7be-6ab5ce41b3f9,HAS_REQUIREMENT
5d6bb9f5-4627-5d1b-8573-19ee76a2ceec,bd915994-4b56-50ad-bfa3-dec9eaba9033,HAS_REQUIREMENT
29de941f-64a6-529d-ba22-33921d251c33,28bed9ac-723b-5f46-b3e0-b27371365936,HAS_REQUIREMENT
3f585403-6209-5eb2-bc9e-db8a17b052fb,66111139-59b1-557f-aacb-7fb4cad30912,HAS_REQUIREMENT
4ca9a602-c5e1-5d95-b1e5-ffc1c91451b7,4058e19f-ed8e-5b7a-a6c0-9e7ce9189428,HAS_REQUIREMENT
0f850d91-33a4-540c-9ba2-0bebc8cac33b,863af34a-1709-5527-ba5e-dcb3342d0630,HAS_REQUIREMENT
157e0d3a-56ad-559e-a941-230546c8ebb0,ea683d4c-db5c-542a-8f30-b57dc21cc028,HAS_REQUIREMENT
fad70c89-e51c-5fe0-8a16-f9813af66e16,472312d0-02bd-57b8-98b4-7ace353e06eb,HAS_REQUIREMENT
33481e6f-ca02-5ab0-9b25-ea2baaa521d6,2347ca6a-8a7a-5c7f-a6df-3274b69959e0,HAS_REQUIREMENT
49901b78-b97e-5018-89c2-ef5accf10eb1,6f08a69d-a5aa-5841-a885-6a9542984363,HAS_REQUIREMENT
d2bc2cdf-cad2-50c2-8a6f-74515eb75b95,1cd23c41-8369-5d85-8f51-85866f652d84,HAS_REQUIREMENT
41486fc3-e6ba-5cd2-ad1f-b88905032323,a92207bc-3101-5806-920c-af8fd0af5394,HAS_REQUIREMENT
8708b303-1277-52bc-9d70-b3c8496ea87f,2fd7cc41-0e01-52fd-a63f-af856aeec68e,HAS_REQUIREMENT
64a3b7be-74c0-5efe-8acc-ff78315ec2f3,b6460410-cc2d-5dc7-a1d7-dacb75d5bff5,HAS_REQUIREMENT
389f48eb-a88b-5d2c-ad34-ce62938df7e8,f5538b3e-68c4-532f-bc32-f6600e2aa2ae,HAS_REQUIREMENT
de1fd30d-72ce-5461-abcc-3658ecdb14dc,5aa5d185-2951-5439-b22e-76138e89441f,HAS_REQUIREMENT
dcb66851-1000-59b7-af50-67ea7081551d,f3e29ed7-d7a1-5601-ae3e-7a59b7a50039,HAS_REQUIREMENT
1182b5ac-a5cf-5f5d-82c6-376dd8ad18a8,e1fcc439-c798-52a6-b3ca-b1a05bfeb514,HAS_REQUIREMENT
38899b27-7478-5f4a-9a7b-ba8331927145,c539665f-2a96-578d-be73-6ee50195b5a8,HAS_REQUIREMENT
ebb53f97-5937-5c1e-9ce8-1027c27cbde3,9f4d554f-02c8-52a2-b70d-b5d7c961c68e,HAS_REQUIREMENT
a8949840-b7b1-5bf1-9b0e-591a10fc42ff,8407432d-9e80-5cbc-9ddb-472042932cbf,HAS_REQUIREMENT
4d1de5e4-32ff-5e56-bf49-c4a0c7dfde37,a268d829-b0ed-5161-bf29-7683ec16e014,HAS_REQUIREMENT
8cc0bf2f-d9fd-5f2c-98a0-4a59e370c6c6,ccfbf52f-37c4-55cc-a7d9-a493a6f98203,HAS_REQUIREMENT
78d07a11-f648-59ea-a3ac-b4a886005903,28267b67-f2ad-56a7-badb-8eacb803db59,HAS_REQUIREMENT
db12d3cf-9960-53aa-830a-b92439ffa918,2b53694e-2246-547a-ba73-9825ecc8fc84,HAS_REQUIREMENT
27b13c8c-633a-5d6c-b209-5e192171fda2,0010489c-4e85-583e-9bdb-b1a91eb972b0,HAS_REQUIREMENT
85100f64-8a18-531b-9345-00a3f735c9bf,bba551e0-8a32-53d6-a60d-da8dffb08ffb,HAS_REQUIREMENT
af88e88c-1f79-5de5-83c0-b69955d5df3a,c74967f4-b0ec-5a54-8476-87fe1f708705,HAS_REQUIREMENT
f24a3ab0-107b-583e-abca-0d583d5777c6,608aa21e-cf01-544d-8769-8646598349bd,HAS_REQUIREMENT
53826995-9223-5d15-9132-dfc54f6deb09,f4750532-da84-5e82-8976-091b660abb32,HAS_REQUIREMENT
67b27d9c-14e5-58cd-84df-ba66f02ff755,af02dbad-ee8f-5f0b-918b-55b6ce583eab,HAS_REQUIREMENT
48fbf6be-8e83-5693-8dc6-e218ab30a255,4638d200-8665-5c41-9d26-f48949e26b06,HAS_REQUIREMENT
6f8817dc-0bb7-5c4d-97a1-db0b07cffe89,522548ab-716d-533e-a70e-f2ced0390a0d,HAS_REQUIREMENT
aaae6cea-8583-579a-b186-53eaaf1270f1,7dbf7374-ae89-59d1-bf74-87edc9e22568,HAS_REQUIREMENT
15066dd9-50d9-51ce-b1d4-4c87960d2136,d44a2f41-27db-5b9b-b98f-5dabce1d445c,HAS_REQUIREMENT
91502762-c6b3-5381-9b73-d9a54b6ddda4,99d418d4-6911-5e37-95cf-13a08019c99f,HAS_REQUIREMENT
d577bc77-d72d-5882-a2a5-c3225f887842,2e5eee41-c1b1-52ad-8b15-c1a332f32e60,HAS_REQUIREMENT
3b3b5b47-53b0-5a88-a548-2d58cff8bd5a,95f72a4f-1e7c-5116-8dc3-bff14475d0e4,HAS_REQUIREMENT
d73552f6-41ae-5c21-bfef-f369a2f5a59c,6028f8e1-74be-5783-9ca2-1e973159ea21,HAS_REQUIREMENT
a1e32e7d-28bb-5816-98e2-2efe28e10684,37868b3e-56ec-5e20-9fff-ff0a42960f4a,HAS_REQUIREMENT
522a1300-cd8c-56f1-aba9-9df7fe93f211,5168f7aa-c6ed-59fb-87b2-1fa87eeac1fc,HAS_REQUIREMENT
90720abc-ad16-5c8d-bf7c-a101fcc7f0c8,eb83f6a9-1af0-5b46-8173-795fc63bb642,HAS_REQUIREMENT
f405cf0f-0198-556a-ae5a-d13d50577992,b2b49d8e-594e-5e88-aed2-07a57fe57c33,HAS_REQUIREMENT
003cff24-6f49-5669-8fc8-b1557edce74a,8e6e99f2-8801-5cbf-b08f-f664e58830b5,HAS_REQUIREMENT
73c690a9-dc11-51cd-bd6e-aabb9f4e9e15,b52deebb-2e86-56db-bca4-ffbc55fe3d96,HAS_REQUIREMENT
afba9f8b-5b4f-5c20-ab01-f39116aeef0c,0b42f3d8-b2fa-502e-ab2c-c0e03a86dc9a,HAS_REQUIREMENT
cb8f0efc-f6d2-5d5f-a5df-d052d9e46f44,8bb6411b-9652-54eb-97a5-a127489a45de,HAS_REQUIREMENT
5115ada2-1f6a-5902-8936-48f50bfc8b69,13296e2f-9256-5d4d-97f8-236767f454b8,HAS_REQUIREMENT
19b2a934-eb76-56eb-88de-8041c9039af7,ed5133dc-35c6-58b2-9640-1173d91868ae,HAS_REQUIREMENT
3a744b7f-ff8c-5f39-a641-4004e089816a,674085e0-64be-53f8-a495-1e674d2a3d37,HAS_REQUIREMENT
88a98fe0-6f67-5ac0-a7fc-51329fee3cc9,92e22c2c-3262-501b-9e6f-3f8f6b3bf53b,HAS_REQUIREMENT
8a0350cc-30e3-5789-b3d3-5a3bf01c4c58,04635e8c-bf8d-5523-829f-f83bbeb354e0,HAS_REQUIREMENT
4983b5f6-3bcf-5371-98cc-2ae64047bf11,f30ec33a-5dc4-537c-b436-820a84274fc9,HAS_REQUIREMENT
02fa8449-6e8e-52de-a6d0-9e50ffc5b92e,21cec671-f2e7-5072-8888-a678e5c055e6,HAS_REQUIREMENT
4a432d56-6b8f-50ed-bf34-273669f5b138,2f67eb2a-8bd9-54e3-8ad4-8ea74a9226ff,HAS_REQUIREMENT
c46b0ed0-b8c8-5dc7-9c13-58af9e3f9495,eaa85b04-9d34-5260-8fb0-292d79e187f5,HAS_REQUIREMENT
610d6722-5ea3-567e-83cc-5710c4e133a5,509429b8-a7f6-5375-985d-abdf54bcc085,HAS_REQUIREMENT
444b48f5-1cd8-5f07-976c-db013bb03d8c,0af0db53-ae75-54eb-9597-adda8c210dd5,HAS_REQUIREMENT
0a109aee-3980-59ac-b5e2-39a08b3e61ae,59404acf-2204-5d88-8615-ca89b2960bcb,HAS_REQUIREMENT
8bff4b76-b649-51da-a166-14923b03d8aa,76725db8-04fb-58b8-86d7-0e504bb9303c,HAS_REQUIREMENT
57a99d0a-a6a4-569d-919a-2f2e8d26f328,03e31ffa-dd95-5038-81d6-d8c5fb4e4e5f,HAS_REQUIREMENT
b144fa1e-2763-5380-8463-62d0b35786a1,2df0d4d9-0b1d-5992-8578-910043746d6d,HAS_REQUIREMENT
ef5eae32-0879-5572-8a00-fe907890665c,ae968a2e-6efb-54ba-9979-0b91d5a7ce33,HAS_REQUIREMENT
a8cc579d-4a33-54a5-932e-5f6316a6b1dc,60ea93ed-2240-53d6-a2c3-30a255e8d03e,HAS_REQUIREMENT
52eb9a32-5681-5242-8414-7324450add81,6b9d5277-851b-50a8-a1ab-7c4bdd3b953e,HAS_REQUIREMENT
8fcbf278-5a2a-582e-bd30-7eb50c960673,8037efe4-0403-5d7c-a954-b0c2e810f725,HAS_REQUIREMENT
bef85255-570a-5268-82f4-0f4caaf3dfde,d7c00531-15f4-5790-8d32-9b77c01e2cbb,HAS_REQUIREMENT
33167ef6-5e13-5208-ba01-a415daeced81,0ae04414-cee0-5083-8bb1-0719c35b1756,HAS_REQUIREMENT
df8288d3-61a7-5364-81be-ffe7a712ee53,a29f11ab-07ca-51e5-adc8-06c99ee5d170,HAS_REQUIREMENT
257be0a5-e70b-50a9-89e8-c9df6e20d517,1a0b7776-e587-5835-8d5f-fecc32b47aa8,HAS_REQUIREMENT
e97a1d86-e882-5268-8271-a1fe97e130bc,35faaf4c-c42f-5787-9e1e-6c5762300ed4,HAS_REQUIREMENT
c10c720c-2641-5dcf-b84d-df1909f9bab1,967df61d-1c6e-5b56-a2bc-9d0e7deed5c9,HAS_REQUIREMENT
519c1338-e244-5ce8-b375-51a349566cfb,5fc375d2-b1bb-52c2-ad55-0d99c674df52,HAS_REQUIREMENT
b0de9d7d-5c79-553e-a190-669708436eb0,43305fd0-2bd4-52f0-85a3-eb62914a4871,HAS_REQUIREMENT
86720eb2-e0a5-5f98-b8e0-34b421bf2ca8,5fa006fc-62ef-53e6-bb1b-ac4a32ecd599,HAS_REQUIREMENT
509507e6-a2d1-585e-86d1-237ad7eb70c7,65e4e302-f354-53bb-928d-2513b8f5b872,HAS_REQUIREMENT
bd6600b8-1504-53b9-9953-1b78e99eb32f,416b8f92-9072-5474-9aa9-d0e7ffaac00b,HAS_REQUIREMENT
0da76f49-f7fc-5d84-a3ab-d7a0b56f5d46,4e7f23bb-ec9e-53b4-b759-1904a6ded8f8,HAS_REQUIREMENT
443ae3ba-a469-5a12-a4d0-65805d2653de,24c83b96-c529-5e66-a144-a18ba1c3defc,HAS_REQUIREMENT
68967f19-4e14-56ad-b959-6317f21e01b9,979638c7-34e2-5d24-a8e3-bed1048d28a7,HAS_REQUIREMENT
b7d9709f-f1db-5e7c-9c97-824403876246,b53f2bbe-47ab-5494-b9d5-aa575e8a16d8,HAS_REQUIREMENT
72867308-dffd-5d08-8bda-f86513a7fd5e,b04adfe2-11d4-5247-a298-271eadca1b70,HAS_REQUIREMENT
d96536d7-ae09-5cb3-a96a-e09861ae10ee,72028ab5-5684-541e-878e-34fa9bafa5bc,HAS_REQUIREMENT
cdf8409a-b80f-517c-900c-6cfbae9a17cf,585bc7a3-bf53-58db-af8d-51b455edfdce,HAS_REQUIREMENT
a3d675de-d7e4-5a43-a2a3-baed28291353,485b8b0d-37df-5450-8e48-2fa1c3ae6e68,HAS_REQUIREMENT
f5448fd9-dbf1-5871-82ff-220fbc47dbca,14448102-e18b-53ed-a119-ce9b0b314a82,HAS_REQUIREMENT
4e67a87d-e531-5ae8-9504-d0a4f9d0ae53,40a8797b-fbdf-51df-a1b7-938640788fc7,HAS_REQUIREMENT
27864c73-70bf-5f29-ab59-468c84388a60,b7fb264f-8651-5fdf-81c1-f26fb80fde68,HAS_REQUIREMENT
b76dcce7-435a-5fac-87d8-a81762c6e22e,2e14dfad-5a92-5878-bb33-2ab417f38c7a,HAS_REQUIREMENT
94f12fe6-8a68-5236-bd01-526aa32ebc5f,9cc48d88-1e02-5229-a4a5-eec0db4126a4,HAS_REQUIREMENT
5e6be4bf-8b63-53d1-9f1a-bc87b59a8481,e53ee182-afc9-5b94-9d14-9c4395e56f45,HAS_REQUIREMENT
11153acf-eafc-5fe3-ae78-8fc63ac322ee,1a1d8155-3aa8-5210-9406-7db76406fd0d,HAS_REQUIREMENT
1db86755-8943-56ad-860e-7a3e99a4317a,443ddd59-c7d0-5751-8955-43f1ccd359b1,HAS_REQUIREMENT
6bacd97b-4248-5963-aad9-86b8cbbc6ed6,9ba9e1c6-1fc8-599b-81ed-1bbcbca87ed2,HAS_REQUIREMENT
2e4d3e82-b487-538b-8378-d5757c9da548,9601c26a-25e5-5faf-89d4-9e04c484b2ce,HAS_REQUIREMENT
294a3666-24bd-5457-b83d-db1bb2d4428c,061858ff-cd4e-51f5-b02a-bb5820ff3410,HAS_REQUIREMENT
593d0166-2cc3-5e0c-95c6-595a12a7ab96,46d0a81f-db7f-5f38-b4fd-d7bcbcc3f774,HAS_REQUIREMENT
1c198793-20d5-5435-bfba-76ff38e9acd3,2284b7d1-f505-54e5-8758-578ec207a780,HAS_REQUIREMENT
9f2d5c79-49eb-53a1-8f15-44aa66658ff7,4a46967c-d176-56b4-a51e-c0a266a3536d,HAS_REQUIREMENT
d5a62159-5583-5215-b00b-9110cc3ebbe4,1bd7aa29-0f9a-5069-82f2-68fa511e446f,HAS_REQUIREMENT
0a592826-bdcb-5c1b-a594-3d597161db3c,71b59e40-b15a-5f08-ba43-c0d188f32774,HAS_REQUIREMENT
66ef868e-efd9-5584-9936-e9ee6722de5a,82c6373c-6e3b-58af-b33a-ce29d2ceda15,HAS_REQUIREMENT
1f01c8b7-dbba-5025-9a5b-e64e63ad39b6,68a88a3a-8ee4-5a22-8248-db92d223a771,HAS_REQUIREMENT
d02087b1-696f-5886-9610-72b94a0c93fd,411bb273-c53c-5af6-95ca-b33e835181b7,HAS_REQUIREMENT
2327d2d4-84c4-5886-8e9a-17dabf901faf,0b9fcb1d-0662-5dfc-84bd-b0dde2f75013,HAS_REQUIREMENT
bb79cc55-be5d-5677-9466-d54db97b704b,dcb1690d-6a28-584b-80b6-c335454f9589,HAS_REQUIREMENT
2ecfa2a2-57b8-556f-acc6-e633d1468460,19d28c0d-776e-5cc3-8b18-1f5bbda9980b,HAS_REQUIREMENT
80dab66b-fa24-5b8e-95a7-eda819e244f2,3a56121e-5982-53f5-b586-804d246c7478,HAS_REQUIREMENT
18964069-8689-5d17-96cc-f430b511a489,12c09f0c-5907-5c64-a96c-ec3f4f46d07b,HAS_REQUIREMENT
a8395c30-3742-55f2-8a73-de240017d755,9ea1937c-18f6-5faa-acab-ed21a199d8d4,HAS_REQUIREMENT
0f076e4c-605f-52ab-b20f-2b8c07915259,53e0beb5-f0a7-5116-ad2b-be851434e793,HAS_REQUIREMENT
6798c086-77a9-5c38-bb0b-282cb1a95fea,4123969f-7164-5be8-bfd9-ca11596399e2,HAS_REQUIREMENT
11cc3d90-47b6-560d-bc9e-89d516710600,7ff56d78-012e-5f61-b6ab-e027437305b1,HAS_REQUIREMENT
b143961f-8153-5839-b2ff-eaf85e4bf5af,6cd2a58a-5a10-5c7f-8de4-23b85cb12420,HAS_REQUIREMENT
76757cdb-836d-5f1c-8cee-8f55ce3ba2f7,bde1945f-340b-5218-a63c-b0b0213fdf23,HAS_REQUIREMENT
ee3eb732-0c67-5339-9879-caa92ca42044,f89c861a-99fa-5406-bf03-b2474b8f0cd9,HAS_REQUIREMENT
288a5935-4553-565c-8bf6-d4bad2f504de,ac2012ab-e159-5174-889d-0dcf99df813b,HAS_REQUIREMENT
7f672ddf-3c24-54f4-94c8-f3e67afbeb5a,d49843dc-d8b1-58f9-86aa-0d663c1b6222,HAS_REQUIREMENT
6ca5165e-49d2-5a82-82b8-0adc95aa2bfe,21312ac3-02a6-5721-b2f0-bc227140d25f,HAS_REQUIREMENT
8d870056-0c1d-5069-b23e-3510e34ce1a6,52032962-4c52-5131-bc2c-3d351de7c378,HAS_REQUIREMENT
da1c61dc-0057-50b9-869f-87a16ac20afb,8c5e41fb-ac8e-5e43-a3bc-4688bc433309,HAS_REQUIREMENT
aa353657-0dae-5248-986f-6443e8a8a819,78ece7e0-ea3f-52d9-9f68-9ecae290c29e,HAS_REQUIREMENT
755c5a9b-f4ba-57ec-9677-afe3bb32c82b,0ddf85b2-94be-5cd7-a138-549b72870ba9,HAS_REQUIREMENT
680a0ee3-0462-5459-bc5a-f22e3546baa5,f71310a7-7bd8-50f2-8dd3-47732753c38d,HAS_REQUIREMENT
c2ceeb57-19a0-58f0-98c7-5deb1722af22,6d996d5e-7191-5409-abdf-3e1e714042dc,HAS_REQUIREMENT
efc33d56-5400-5516-b7f6-c88acfdbcb6b,2855fb14-d891-5738-9dd5-581c79b866de,HAS_REQUIREMENT
0221f0ff-8751-538a-9aa3-e7981eb819dc,4f762ad1-98c1-508a-ac19-f5556f20a123,HAS_REQUIREMENT
8ddcf0e0-cb67-5bb3-8d98-4c0494842747,ff0c480a-27f7-5134-96c3-7d17c4395395,HAS_REQUIREMENT
6a72a53e-257c-5adf-a163-012a8bb38044,680976f4-2696-581b-861d-4af247cb3432,HAS_REQUIREMENT
2b8e66c1-106f-56af-81c7-ba21c899c0a5,d477eaa0-ae52-5820-b383-440b58957df1,HAS_REQUIREMENT
1a6a061e-8fa7-57c1-9d7c-5d5a132f20a7,ba4a5eaa-926c-5960-bb59-5eef5bbe8f1f,HAS_REQUIREMENT
223e47b9-f79d-5c03-8375-5d4cc1e4618a,4318a42d-ca16-5932-ba49-f4565f1e53ea,HAS_REQUIREMENT
717bb9ea-79e6-5675-a0d7-ef221991732d,1d71af36-4514-57e6-911d-9718338a327a,HAS_REQUIREMENT
66eb0610-ea6e-523f-b3b1-bdaf8c97d889,cd644446-9cf5-5081-a879-4288e05b0ac3,HAS_REQUIREMENT
3ff4b8ff-f15b-50e3-893c-c8b7a1f0de4e,6a3176bf-fc01-56d0-ba49-91b1861db9bf,HAS_REQUIREMENT
e9906668-af31-52c2-9ca3-46edf4b3d294,bd035f3d-95a9-5be7-8b9d-8a99c0b12a0f,HAS_REQUIREMENT
04715a0f-8534-50e2-be2c-aa1933fcb7a3,60855220-b0f4-544d-bb6a-5b292aa261b2,HAS_REQUIREMENT
df03151f-fee2-5024-97bc-ff789f4a642a,53c9ef37-05db-5d14-ac7f-86f935296b45,HAS_REQUIREMENT
56c1de4e-936b-5a31-8e60-b913b6e5ade9,d3811833-92fe-5722-9ada-6e65336ba26a,HAS_REQUIREMENT
c1ef46af-a588-5d45-af8f-645c92e4a24d,3eac8df1-4ce7-5ec4-a55f-a6c95f9e8d0e,HAS_REQUIREMENT
64761039-dcab-5abf-aee2-da39e728a779,d528405d-852e-5d24-9dab-e9fce821b267,HAS_REQUIREMENT
8c3d14db-3e7b-5312-883d-9dfebc619477,0f79411d-d402-5849-ab9b-cb04661b17be,HAS_REQUIREMENT
e6e63942-fe5a-5750-bafc-02b8733b1af9,056f17cd-ca19-521b-9376-7532c7233503,HAS_REQUIREMENT
129990a9-6a61-5167-8dd8-5fbdf17ec0b1,e1535f5a-d1bc-57d4-b75f-908e426fb61f,HAS_REQUIREMENT
91f89593-affc-592e-a201-85037763e596,51c6a1fa-9848-513a-9c08-54362dadf996,HAS_REQUIREMENT
00084e1a-1e7b-582a-8ac5-e9d072a0629a,05596f76-a9dd-5847-8067-0a12f25ac805,HAS_REQUIREMENT
bccb1a16-41f1-5f50-b717-6caec67ade26,e55b6e26-ab28-5dc2-b523-d76268ce01db,HAS_REQUIREMENT
1b4c30ab-78f2-5a19-a382-3c92cf9d00a9,e17a8d49-616e-5c0b-93c3-ba159536fc47,HAS_REQUIREMENT
db1a355e-8035-5e2c-b1d9-b535a72f5389,e23e5351-68e3-583d-9112-54bf11d2ec9d,HAS_REQUIREMENT
7e19539b-78bc-575c-a5c8-51ebd07325bc,6a82ea41-a826-52dc-954d-0e4c1a657a6c,HAS_REQUIREMENT
66ccf284-8b37-5f18-8e11-ed7f03e2804a,92ddce73-b132-5903-b08b-c0dc8cceb831,HAS_REQUIREMENT
e402a295-2b56-50aa-ba1d-22e268a56f55,adecf5f9-66a3-5ef3-8652-0e961f30d48b,HAS_REQUIREMENT
dd87464c-5e04-57a2-aea4-ed57f57b8c06,2ceeae3f-2c7c-576c-b8db-3dfb66e68232,HAS_REQUIREMENT
432bf01b-dfef-599f-83db-87d48e07fb4d,55ec7a3e-8e9b-5543-b4bb-1ff52b38cca3,HAS_REQUIREMENT
48c82986-8278-53ba-b217-3f53def49931,6a46ccf5-e870-5a22-893b-f8f1122dde37,HAS_REQUIREMENT
acf33a83-bf36-5109-abde-90aabe3d265c,fc0913fb-f42b-5be5-8c63-aef782fa30fe,HAS_REQUIREMENT
b4d08a17-83ef-5537-902e-09aec690bf4a,70113f17-568f-5afc-9b13-924387b3b2fa,HAS_REQUIREMENT
e1b306da-8bd9-59a6-95bb-6da5ece028dd,0d3116d1-9b3c-52ae-9d22-4fc9451708c9,HAS_REQUIREMENT
d08c115a-4e48-5677-94c4-57222fd1201f,b7d55bbe-a67b-570a-aca8-f2edf0e5db5d,HAS_REQUIREMENT
a2f48485-37dd-5959-ad1b-01aeb608dcb8,26f3aefd-7984-5a17-a09a-2bb951cc5448,HAS_REQUIREMENT
f75e5f59-95cc-51c6-9390-8a5c18b79bb0,530542c5-51ab-5c10-a7fa-7951d610ff3d,HAS_REQUIREMENT
76c7fcb0-8b46-5c56-b8a7-253cfc2056bc,52ca8164-3030-525f-b7e4-cc380e1e35dc,HAS_REQUIREMENT
74dc9b6e-22c6-5cd6-a3d1-20cf9928d7eb,f16a3229-df06-566c-bdf6-d102223fa4bf,HAS_REQUIREMENT
15c92e0c-691a-5db6-926b-6e46b25486ef,68f12ab9-1ee4-5b0e-9bf7-dcf02c3e771d,HAS_REQUIREMENT
bd47a683-bd6b-5a20-b148-09ac71037534,1cbdf71f-7384-5088-9bad-3d6c14d8a36f,HAS_REQUIREMENT
1b913066-3baf-5914-a11b-ac9c8dcead93,5af4bd49-0092-5a26-894d-640d5068d2c1,HAS_REQUIREMENT
c5ff074b-4a51-573b-92f5-f3c068304e1e,e2955e4b-d490-5261-ab9e-3eeb6d63f300,HAS_REQUIREMENT
abd442ef-3002-5aa7-82a6-e1e54fed2d98,15dcd629-7c67-5c8e-afb5-20857b3f72bc,HAS_REQUIREMENT
2303a008-db3c-514a-838a-d96f08f6a8a0,06dcf647-f699-556a-9f95-5739d169bb57,HAS_REQUIREMENT
590d38a0-8dfa-5270-9f63-ccac89187069,ae7f3a6b-074c-5618-8259-54323c2db105,HAS_REQUIREMENT
ca32add6-176c-576f-8247-9656c262c654,73f0417e-03c6-5711-acab-40df0722ed11,HAS_REQUIREMENT
be052681-e555-5676-b60f-b745ee0eae1f,0bb7093d-f2c8-5f08-94c9-ee71bd65932e,HAS_REQUIREMENT
47f7dceb-b46e-5d8b-8dd6-1905bba292dc,6f59bf36-113b-5b2c-af01-9b40529073ec,HAS_REQUIREMENT
f5cba68f-ca01-581c-8c02-f21c536bf2e2,265b38f4-d0ba-509c-b5b2-72ca01417920,HAS_REQUIREMENT
e87b9323-c01b-5a06-8ee5-9680a25bf6e3,636a8bf2-4ebb-5957-8a44-5a4886f64570,HAS_REQUIREMENT
0cd65f8c-4c60-59f8-83df-3a222113c5a1,21761e52-3430-51d9-920c-42842741733f,HAS_REQUIREMENT
2b28859b-4be1-525a-9236-2f2d6ffc4750,335900c8-385f-5feb-a7be-0b3ad8f6437c,HAS_REQUIREMENT
4d03f89a-876b-533a-82f7-243ab88ff5a3,e6353934-6397-5fcd-94d6-f9eae9956868,HAS_REQUIREMENT
a978e11c-8598-5002-bbac-4285f51e17f6,a299da8e-411b-51ae-b3f2-18ceb5d8ab1d,HAS_REQUIREMENT
6a5ce183-af5d-5b80-8ac7-c42036c94bb0,c53d6b65-8ab5-5732-af0d-d5a5a4eedc63,HAS_REQUIREMENT
e27bf76c-52ae-5e95-8bff-e67a96963e12,c01c610b-c522-51fc-b1de-cadcee1b0968,HAS_REQUIREMENT
6faf4953-8e9a-57e7-a9fe-1fc4b647f445,776f3f89-2917-5f2d-b32d-605e5b98033e,HAS_REQUIREMENT
4c7b1b05-4f6f-511f-9e52-8a5e3ac7fb58,7e127668-0282-5405-8f44-2c4848040189,HAS_REQUIREMENT
e6393b59-5ba4-5478-b92a-26f6a19d88f7,ce3ad3e0-c605-5b8b-98aa-de8c8b710be6,HAS_REQUIREMENT
2e7e5928-554d-5612-8b34-1a23932a010c,2f00e8cd-5987-58c3-adef-cb0556238160,HAS_REQUIREMENT
8b3eeca6-fdb8-5c66-9d35-aec0613e71aa,1bc04c4c-9f40-5eeb-9b2c-83987c494757,HAS_REQUIREMENT
dcdc1dcc-cd93-5a33-a7e9-e8e1b2997cc6,8b1b30d9-5d88-535f-bf55-cec3677c68ab,HAS_REQUIREMENT
9b5be9b0-b9ac-5efd-aa84-414f4c20844a,8244a828-6d05-5ac5-a109-43a3caa71c87,HAS_REQUIREMENT
f64d637e-3898-55e0-b81b-132c61b0d74e,d83aa818-769b-507a-9988-70981d40d56c,HAS_REQUIREMENT
e679337a-d7ed-5fa3-891a-673a1830818b,865baa77-43b9-5f86-811f-37a5adcf9c90,HAS_REQUIREMENT
310c9dda-e8eb-5dbe-807c-eaba97796e1f,f64dbea1-fc47-59f7-bc81-4626ce77c9d1,HAS_REQUIREMENT
6488fc87-88c1-5caa-9048-e64b9c084007,ff6a5578-dd9c-55ac-9bde-19da9b291bbe,HAS_REQUIREMENT
4cf2a2cd-e0fb-5626-8a18-0b5946c6b583,e17fefc8-bcb6-5d4c-839c-78384360d964,HAS_REQUIREMENT
f2fad968-664b-56c4-8041-5ba44be0238c,b1a1f3ad-818f-577d-aa3b-f4df3c9cc10b,HAS_REQUIREMENT
a8ae8933-e34e-5cbd-b49f-48d289c3e473,41296212-4be0-5ba5-b677-9ced632d1bf9,HAS_REQUIREMENT
8c93f85c-8303-5f56-9fc4-18a9cea72603,06e0e925-5146-5c4a-867b-4083fe630e54,HAS_REQUIREMENT
f22cda67-1557-5191-9a9e-7529ab9f0e33,04484084-5f56-54a4-b141-41e599805b1a,HAS_REQUIREMENT
b0ef603a-0048-5316-9223-3e13ea9e7958,0567148f-a49c-51b9-9a08-c9a35a138d83,HAS_REQUIREMENT
5d5f93ec-3e5c-5887-9389-c03709e2c930,8b16f0b3-1c2d-5168-8026-c1467577d671,HAS_REQUIREMENT
dbaf2bae-8ced-5279-a82a-e628dba9386e,c9a95be2-50c0-5bd0-9849-c1793d3da340,HAS_REQUIREMENT
b8e34291-ca81-5a4d-a697-13eef3e72e98,75154ee6-9f5a-556f-ae17-07bb8b466a36,HAS_REQUIREMENT
864c252c-16df-579e-bc66-30c7ebd9391a,9f4a117c-da21-5e4c-8e22-f8ab9b623154,HAS_REQUIREMENT
d94fe051-2d4d-54e0-b4b0-eaef1de54e23,4dea78bc-af5b-5d6b-8f63-d1c4635ffaf2,HAS_REQUIREMENT
24f5c821-efa9-59ac-a351-9a7d2d08ddb1,17fe130f-bd45-5484-aad1-20d068890012,HAS_REQUIREMENT
f468a848-dac9-5e7e-91a2-e2d5f42ada81,c4dd0f1e-37de-5367-b9bb-4773983e74d5,HAS_REQUIREMENT
3b0c0548-bfcf-5246-bfb3-bd4a53e92561,b1cf87ab-648b-5d9e-8927-49bfa235e8c4,HAS_REQUIREMENT
e7ade2cc-d42f-5476-ae05-1bf5698ec279,94da15fd-ad61-5103-ac1d-5b1c5544b6da,HAS_REQUIREMENT
f9e1538f-0628-5516-bfe8-d96d07a35027,b9ebfeb5-3592-55dd-a2f9-1afc430eb084,HAS_REQUIREMENT
f014f759-705b-5361-8aef-c5554c557043,df7344ed-e754-5e30-8d7c-0310f2d7d5b4,HAS_REQUIREMENT
d3b94434-038e-5d18-bef1-49b720aa3898,da4eb7b2-3234-5356-8c59-72d59904fb74,HAS_REQUIREMENT
287ef7c7-3517-5fe3-979a-006df8c1a42f,4fa8f2a3-2409-5b83-9187-e75d39a7f095,HAS_REQUIREMENT
d3e2945b-67b4-5161-9a25-e154c9866c90,9644f282-b459-5754-ba92-cf8b870921f3,HAS_REQUIREMENT
03778194-d081-5499-be04-987899980751,2aaa04d2-6802-5e41-907d-5f665785c2b1,HAS_REQUIREMENT
e43dab19-8eaa-5eda-a7e0-f75467de7495,8dadc73e-4eaa-5376-b5bc-e49e36eabb86,HAS_REQUIREMENT
96b912bc-ded2-540b-8886-3d520d590a4e,7d16214b-f259-5fb2-84ae-5eb36d8e9f35,HAS_REQUIREMENT
5f53fb0e-c1c4-5727-8355-6739092c2cac,4f51860f-f806-5e8f-994a-0cb8a9f6c9c4,HAS_REQUIREMENT
99e929fe-4d52-5684-babf-949e0e86bc99,abda26fb-0002-55ad-86dd-781bc310cd2d,HAS_REQUIREMENT
ad64d72b-664e-5e89-85fc-9eaa7e28594b,a5b6fe55-5d3d-5f0b-910f-b667a5d3ca98,HAS_REQUIREMENT
c54a9792-5516-58bb-8155-71bec14720eb,cfc43640-62c1-5a11-825f-1dfa961277ce,HAS_REQUIREMENT
bc352bde-1305-533a-9c4a-cd3fea88a7e8,25a10272-8dd9-5212-a09c-98ce30866078,HAS_REQUIREMENT
f894c27b-fee4-5c76-995a-330a258a5bf0,58662680-933d-5609-b235-11f134f0bc52,HAS_REQUIREMENT
8904b3b6-878d-5bce-b772-9dbb2f484246,b19f0de3-505a-5d1f-9001-fe7c972acc9f,HAS_REQUIREMENT
4d22d480-a060-545a-90b0-a27f25e85fce,e08742f4-d373-5d0d-92a8-897bc13fbad0,HAS_REQUIREMENT
64117801-ee1d-5c85-be12-e40721b9272f,c5f88027-410c-5925-99db-2aa2be9a22eb,HAS_REQUIREMENT
e817db7a-8ed2-5a2f-8bdf-c6cb619ef7f7,a8b3b766-6c71-5fe3-8d39-fb27a302a510,HAS_REQUIREMENT
3c01fde9-f5ff-5ef1-97c8-676d283c9c34,17f276e2-d09c-52b1-a8de-25fb992a3fdf,HAS_REQUIREMENT
516e5fdb-94c0-51de-91ee-2e347cca9055,e53981c4-cbd9-57e3-8694-2f93c4528630,HAS_REQUIREMENT
7003336d-852a-55e7-8f23-06f42e64f71a,bd04fdec-a638-5f55-b3dc-1fc69656ba92,HAS_REQUIREMENT
f9cd3acd-00ce-575b-b1b2-39bdb944bff6,a17e6e58-fe00-52a1-8761-60744456e2a9,HAS_REQUIREMENT
64e01890-bf64-5cc6-847b-f4484e897235,b1119253-af92-51a4-a498-1578ac3be582,HAS_REQUIREMENT
f6255d22-6717-579f-a6b1-edd9aed38fc8,d527d7d2-ad19-5c20-b1be-1f4cd234b171,HAS_REQUIREMENT
26cfda98-b11d-5d2f-ae21-90b2113af32a,2ea2ea49-4776-5fdd-be78-95a197956145,HAS_REQUIREMENT
97afd1d6-bddb-5eb6-961b-a0857ea06b2f,ada08413-b5a0-51be-b024-487c08ada9c2,HAS_REQUIREMENT
3a94d796-a86f-59e6-9b63-04f87c5aa6a8,4f3e5fed-6588-5fce-bb12-c5e495684804,HAS_REQUIREMENT
d90b9393-1665-5eeb-8010-f24231c6e7c1,81d12088-e114-5453-aac5-a735541815d7,HAS_REQUIREMENT
99cab70a-38a7-582c-9eb3-b9b48f462997,5558eb35-a35c-5c44-b624-9821a1e83710,HAS_REQUIREMENT
d0d6070e-0166-5d2b-994f-c4cb3011ded4,bdc874ec-5b1e-5fed-8bac-b6e81cdb71ba,HAS_REQUIREMENT
ceff3b1a-d2d2-545f-b143-70e052582ab6,afdd9ff4-2a41-5f49-a265-2452ca32dd18,HAS_REQUIREMENT
ffe8eb03-37b9-5971-8620-0c4734b88d07,779b204f-1de1-575d-a6a8-6444090b13bc,HAS_REQUIREMENT
c4467026-de63-5b06-ba7a-df8cf5ad2b8e,33c719c0-6a11-527f-9aa6-96fb58d05d8f,HAS_REQUIREMENT
4a6a1ab1-3259-5691-a527-27b728e5a9c1,c2792046-52f6-5f87-a1a9-ccabf50ce5ba,HAS_REQUIREMENT
77b05b6f-365f-5591-9151-b97434e335fc,78e107fe-1c8a-5de8-8763-e85aeff9d0f1,HAS_REQUIREMENT
17980626-0baa-5d0e-8d21-b547fc254fe5,19f2ccb0-b198-53b7-9bd4-6d8a7311c6b8,HAS_REQUIREMENT
646ebde9-031e-5a3e-bb7b-a3e6654335ef,c8797480-2f42-5db8-a616-1a045a46cc59,HAS_REQUIREMENT
64442d1a-ff90-5860-9878-ceb00b57a26f,a21b5bd6-d7db-5895-a2ea-4d6d363931b2,HAS_REQUIREMENT
615c31b9-fa5b-5caf-9e5b-c1b6cb9fc570,842f09b8-9306-5264-af2e-880d471ebd31,HAS_REQUIREMENT
f27b6725-2bdf-52f5-9b1e-850ad0cda80d,8a2f0198-45b9-54b8-b793-d5f2481310b2,HAS_REQUIREMENT
1e359ff3-ebeb-5bf0-9d3e-487adca9d923,e846dba0-a130-534b-8f68-a70f8e980922,HAS_REQUIREMENT
544df7f6-5537-50d3-8305-8c34eacd6711,d4c8fd87-765c-555f-80b5-7e1a240f9c5c,HAS_REQUIREMENT
e1b91101-1a72-52b4-a52e-144374ad0e6e,a5c7d89a-5f48-5ee1-81e2-bef7a2736e6e,HAS_REQUIREMENT
