from_rule_id,to_node_id,to_node_type,rel
0d3cf997-aa57-5891-8416-a45b43b1bb76,5ae5e7f0d0de827868b8ed2fc13e2a35d45fe8b7,paragraph,EXTRACTED_FROM
1c5f7285-cd24-58a7-8fb4-b3a84d978109,baab7a4b60da504419b7b15026a20d9f435a86c6,paragraph,EXTRACTED_FROM
4d6b714d-5695-5896-8156-4438ef8877e2,46054a4fe12f943d3362f688c33dd06d7d4a9d35,paragraph,EXTRACTED_FROM
014c4942-6b2c-5e27-a5c9-b3b1c0f78413,6ce11d5cb4c07ada53b7939bac6d4989baf836cb,paragraph,EXTRACTED_FROM
8c5f578f-0916-5962-894d-ff04d61d9941,189c2c40575f8f302f9e3f9415bac6f6ddf9ddcd,paragraph,EXTRACTED_FROM
f36a8b61-731a-503f-bca7-21e0c26f660a,8c0ed9fc7d3ccdb503942c531b0fc22ac12c70c8,paragraph,EXTRACTED_FROM
6cc18938-b0a5-5e5b-b3dd-800c8d814c05,d91b643129d9ed6c67e428694c74dbe22ca3ad5c,paragraph,EXTRACTED_FROM
3f256160-c116-54bd-a6c7-714c04276fbd,7b5278c80481faa59804b89c83c9a129a29bad0a,paragraph,EXTRACTED_FROM
4c9a12a8-dd90-590e-b761-672cda5f79a8,00b9e203789b1b2fbe59f984115815383e285995,paragraph,EXTRACTED_FROM
0ccf6969-c3e7-5e67-9fc4-2eac1553a4ec,34d01611aa61e4921b21d6c168e7abfc49c72307,paragraph,EXTRACTED_FROM
2578ff74-9655-50e8-bfcb-de7dca5cf6d8,9e7d2dcd8aefc77a8739dbaa573141f5c45aad6d,paragraph,EXTRACTED_FROM
353cde78-8164-52da-a217-8d6de93a253f,16405701ab74350e7e6457b73bc4a3d02fdaff5b,paragraph,EXTRACTED_FROM
6c9e99b6-c632-5250-b5ba-471a78ecb297,f048988c8c33b1176d9b1d2dd590d003330c764c,paragraph,EXTRACTED_FROM
01cbfcc5-7cf6-57ca-aeca-5fedf9d6f127,a23dcde8670c48e95e3474b795afae076e69ae55,paragraph,EXTRACTED_FROM
3034bfc7-855d-523b-a2d2-06d0e20b6725,c63052e5cfe6098009748fe5d6032ff72c2688d3,paragraph,EXTRACTED_FROM
c1424f29-df53-5dc1-9efe-95647385b337,b12dc7260289fa4107ddcf4752ca6c3162ec54fb,paragraph,EXTRACTED_FROM
494a2f79-1da7-542f-b528-ad0d2006f5bb,6e1b2821fb6cbc82faeba67a6d0c2404c0a47794,paragraph,EXTRACTED_FROM
1076fa17-dd98-5b4c-9697-665c43caddaf,b75796f262bfa985c43fab390f9235e86ec331d4,paragraph,EXTRACTED_FROM
40608493-36a0-52ad-a05e-a85b09891104,7e5383e617d5f452dfef764ebd214905a2ecf45e,paragraph,EXTRACTED_FROM
cd3a786f-ee09-5cd4-bc98-f0498137e8f1,cc86bb7fd2bc06082c9af42492ef91464e846fd6,paragraph,EXTRACTED_FROM
0556aba5-2d1d-575f-b848-0b1fa14d1992,72dbf9885d7c3524a73590e190a4cf2d91f97bfe,paragraph,EXTRACTED_FROM
882c1adc-bf22-5f40-9376-165e15aea8f7,531894d4e4b074ac81bd592a3b36f7beebfb63af,paragraph,EXTRACTED_FROM
27061eae-9afc-5ab6-bde8-f83dc48d016c,a2f1f148cbfdec18dadd70b4f9a70bd4ceba1134,paragraph,EXTRACTED_FROM
ad241709-9330-590f-89ce-a1add2bc2e33,dc0f2b419360135aad6219dae28270719c39755c,paragraph,EXTRACTED_FROM
04b8f689-8b97-50cd-ae71-d2dc672fee1f,44c27c1d36b8d2c0fa1cf16180875d631ab04bb2,paragraph,EXTRACTED_FROM
ce09af77-b6bf-5e22-9c15-a8baa4488de0,5820a170305c8ff5c036ab477dd80a65550e9b2a,paragraph,EXTRACTED_FROM
1037ce91-5823-5f8e-9725-a62ecef0d7da,6b1bc0eab331467e65ec14653e8b258543a45245,paragraph,EXTRACTED_FROM
d72d3804-6ff1-5424-be64-0846f3cee3cf,3c0793222bc35396b6894bb32f93fdb78e923f80,paragraph,EXTRACTED_FROM
15a88460-2259-5970-96c4-aaab77063bd5,cbc9df3f4aa80e36e1f8315e1097b852822f9f92,paragraph,EXTRACTED_FROM
6c89cf0e-a18f-5649-83eb-12448bd62fb0,db6ced7e5a53d2da9205a9b51703f38dcbf2d3ec,paragraph,EXTRACTED_FROM
69a98839-e27b-5b25-97e3-0ea3d201bdd1,66cec7772337970018e0d2ff778633355011c94e,paragraph,EXTRACTED_FROM
5f2c0d74-2655-5601-afff-4b4358e86acd,df15172e5048790103a41ac8ad0cc9825c363960,paragraph,EXTRACTED_FROM
b26632d5-1cc6-5432-95b7-136e9558389a,eb38824debf228539bdefcf88f6de7d700120fc9,paragraph,EXTRACTED_FROM
d4d7b0da-10cc-5d8c-ac52-25d78fb7280e,eefb107f5a971ae6079f011bf9abc3a6742d326f,paragraph,EXTRACTED_FROM
38fc2fe4-1e78-5b63-b2b9-13857d1e8a39,a9188bd6d4826153bf3ce109ce885043df9a1560,paragraph,EXTRACTED_FROM
74d7f17d-2b96-5eae-9919-ad5823146be1,54c52751bd93a60776a7340ea278700695d0c9ef,paragraph,EXTRACTED_FROM
fe1753c0-9e15-5414-b197-b4bfe856843a,1612ae6c438345fc4fb0a428f2fb25887c21cab9,paragraph,EXTRACTED_FROM
f6e6e413-f610-5048-973c-2bf256d78638,90b097e105f168db08e8c29c104de8a5d44c47ee,paragraph,EXTRACTED_FROM
798328c1-31a5-52a3-be7e-1cc49c8d5d1b,63084ce149f945a26a1d6e34d82ecb140433e349,paragraph,EXTRACTED_FROM
0507eae1-76c4-56ae-a0ca-e97cfd9376a8,a784de132102a0f981038c19ad7f296c23370456,paragraph,EXTRACTED_FROM
86bc5908-f3f6-591a-914d-8b51326ff75a,13a1b7ccee2fe379cddd4123169c88634b8c58f4,paragraph,EXTRACTED_FROM
ecf9c354-b781-55c3-8c42-18f32cc6a6e1,ded7b53834bbb75162a5f20867c6aea8ed1524c2,paragraph,EXTRACTED_FROM
08ca1885-181f-5f9e-afda-4c856ba06ab8,37b35b873ef43e5bc8f01c6074e87f75c139fac8,paragraph,EXTRACTED_FROM
795f00c8-a205-5041-adc5-dbfed69b8730,aa9e81c419a7b09b5f117e75679b6c74592c11cc,paragraph,EXTRACTED_FROM
1bca3fb7-bc2c-5501-b34b-684851a2e315,b410e8af50e6ee7316d139b80f9f41e93858cbca,paragraph,EXTRACTED_FROM
a07b60a4-a9f5-5ca8-82c5-1a7107b71286,96f538c7253e1681ccf5a543a7de79f639a0ea6c,paragraph,EXTRACTED_FROM
aedbf540-84ca-552e-a46e-c3585071d397,6318f3af29965bef41891408398896e9b65a939b,paragraph,EXTRACTED_FROM
670a0563-bbd2-5f35-8e80-cfb8505e0913,4ede2ce037cf247dd11e0cc76eb6151be6f7df89,paragraph,EXTRACTED_FROM
4bea8b09-0bd0-59b8-a562-a3b1def49717,1f561d41ef63976c2af06aa590c222abd4e01629,paragraph,EXTRACTED_FROM
15ab4dcf-3577-538e-831d-c1621bfb1bef,e97bd7c7e61d32039293c13a9db1038127e4a77b,paragraph,EXTRACTED_FROM
f04086b6-ad87-56d1-8333-ffc5a6e41bf7,c31c215b4d9ad5d29656f437a0341700c709e559,paragraph,EXTRACTED_FROM
01cf88c4-9b5e-5ed3-8430-9f075b54064d,14a6b88293836cd5b79d7f5149923e84a0edb210,paragraph,EXTRACTED_FROM
4dff5e54-d20d-5da1-8ef3-1d41bfcc3b74,2642671df1e37213c1103a841350a6a3c461b5c3,paragraph,EXTRACTED_FROM
2f04f531-4b40-5bfa-831a-c969298850e4,e1e041feef351e565fbddff42270ba4ec2728052,paragraph,EXTRACTED_FROM
5913b4bc-5a98-5664-9a43-54c1b41f263b,6d724ba2c5675ab600dbe806825ccd86dec0cc60,paragraph,EXTRACTED_FROM
22c437a7-295f-53f1-9d38-076e0a3a475b,26e31d219e0f9166a044fd74fe9436df2d0467fd,paragraph,EXTRACTED_FROM
934466f9-b86e-56bf-ae01-9d3df96b37e8,3503664fac3935e2f510f7c255d92dc153477941,paragraph,EXTRACTED_FROM
fc931418-dc92-56b0-b33a-aca05152e0b4,12d31c22642684f86158f61cbe834158439404c3,paragraph,EXTRACTED_FROM
efc33d56-5400-5516-b7f6-c88acfdbcb6b,b2ce0a324dd9197bcfc43d12f3e52aac6b55e48a,paragraph,EXTRACTED_FROM
254f87e4-9b73-5da5-b970-70affc90591c,3fba2e731b1831360a9206fc4728582355f265f8,paragraph,EXTRACTED_FROM
10676be4-9c13-5a8a-b05a-53b915111c82,dd1e5dae9efa5b53a91547e77363646045935838,paragraph,EXTRACTED_FROM
9699307b-2912-5a25-913c-154b0aa38e94,ec54efe73b3a28e68116803a3ea5069510a29b9b,paragraph,EXTRACTED_FROM
754e7494-b7f1-5ad7-b1e5-168e1803818c,3ec3dd1388d4cf97eca868b493521705e54126f7,paragraph,EXTRACTED_FROM
b03404f6-7833-5fb9-abe0-5556007a00a8,3047a8bdab4957715e2623a34b82ca203a606960,paragraph,EXTRACTED_FROM
3016b869-8902-5f70-a0c7-990b5f31a8cf,e3cef9a30faa302f9d7c488d80d1ce133239e045,paragraph,EXTRACTED_FROM
9e1b8d63-774b-5d5d-bece-186e6812e031,fabad05b4dc241aee950e90a3a8b28eb40d1fd44,paragraph,EXTRACTED_FROM
09b7f08e-ca69-5338-9369-9eb185db16c0,25fcac34e50b29b0a82718db17454270df3ce029,paragraph,EXTRACTED_FROM
daef0f8a-8834-5982-9009-63e16807ef81,68a4b90388ad4b40a6bad967f5d41f3875e0bc02,paragraph,EXTRACTED_FROM
8e149c1c-e09b-5429-8c0e-4b70ad9f08f9,9ba00f5c46c64a5da7b63ef5c7700eeebb43a498,paragraph,EXTRACTED_FROM
04e9ec8c-c8d7-5a9b-9866-407fc8e8ba24,6088afe82b0940908a61ec77b4f0a6e3d8b73d06,paragraph,EXTRACTED_FROM
0221f0ff-8751-538a-9aa3-e7981eb819dc,dab8e3771da0988497af867da277c4fe7e8e56eb,paragraph,EXTRACTED_FROM
17e119a1-071e-5441-9689-b6fa6eaad8f5,bc17661824052aa7ff7c4f1a6ccb886c5462cf39,paragraph,EXTRACTED_FROM
0efca0c3-095d-57a5-acff-65def7857d5d,2248a89da586c71d580718d4cd5dae6cca7ddf4b,paragraph,EXTRACTED_FROM
e3286026-66db-5f22-bc96-b52bd339d7a6,108b524964af47d44165edf689fb209056bce22e,paragraph,EXTRACTED_FROM
a879ba2f-f763-5a18-aaee-bacf326af66c,991c4857e3a77c3b0a70a18701ec004b5fb494d6,paragraph,EXTRACTED_FROM
d6420f57-07cd-56c8-8f11-95526fa3efb5,c1da1dd248e8e978628de0c8c366b9a768f8714a,paragraph,EXTRACTED_FROM
8be01a16-d4f4-5d4d-ab81-f030b36b9304,d6f43dcd53c4e29382ffdc413fe7dc11fd69a439,paragraph,EXTRACTED_FROM
72fceb04-ac89-515e-8bbf-c0e74ff918c6,fa8fd92c5023fd423cd47cb1af448e3af071bf2f,paragraph,EXTRACTED_FROM
7b1e264e-3461-56c9-bd71-5a3a001bc5fa,ee1fb4e5d0c4945a693887c64aaee919f624c995,paragraph,EXTRACTED_FROM
0981d758-464f-5b0b-9ec1-23d1d31952f4,cf9bdcf01fe4a98ca0bf854b37302cd7619da3f1,paragraph,EXTRACTED_FROM
9aac9d2b-db66-50f4-b6ad-6db1c7e8e374,ff2908641e37cea3af13b340bf7dfcc8d6a8d077,paragraph,EXTRACTED_FROM
5ba2c271-5775-58c5-8491-6e976397c706,917be8f4b54586987ca801f4edaad8ad29dd7ce2,paragraph,EXTRACTED_FROM
eb3bbc58-86e0-573f-b1cf-dcdb5d140c67,de1cffbc847cb7d483cf7e86ed598abda32e692c,paragraph,EXTRACTED_FROM
1a820922-3f62-5d7c-9b23-827e1bc24205,d21307e0274ef51a76f25e1c25353afbd9357794,paragraph,EXTRACTED_FROM
773b237a-3e08-5f77-a1b6-9dc780f3438c,24223687e89d1eb8e701e8e498de3f48ce65bf92,paragraph,EXTRACTED_FROM
42bf34c7-614b-5694-a30f-8857bc82e7e0,29f47e117908cbfaa487a1f754bb9955b64a9c60,paragraph,EXTRACTED_FROM
1b83d844-5191-5173-af50-aa938c3cb2de,3afb089e1570025b6fefdda3c1253b630af01a9d,paragraph,EXTRACTED_FROM
3045e42e-97b5-5819-baa5-9e4118eed8c9,900c341d944be01578820704e71a69574b50e2b8,paragraph,EXTRACTED_FROM
7490388d-901f-5a47-af4c-a04bfdc2bcc1,b86b597be16ab0b9e80fee8afb837f3f853d679b,paragraph,EXTRACTED_FROM
39984428-951b-5e5e-b25a-05e6283f0a35,8e14cb9f159d70676cc896197c5579a08b2915ab,paragraph,EXTRACTED_FROM
3dd159a9-69bb-54b8-9545-501e36194e88,802760280ae2e7eeb18846332a2c0d1cc6414eb8,paragraph,EXTRACTED_FROM
3bf2b4b9-7a14-563c-bda6-8f771b12cde2,e375f99fbc941bcfa61566a21019955a0195d066,paragraph,EXTRACTED_FROM
fae2fb66-a16c-554c-8a4b-a7be05bb76d3,206396a0a448704b8bddf8a99a302e5db0446a70,paragraph,EXTRACTED_FROM
9facb67f-ac0c-5a1b-9377-033b632da40e,e3ddc514b9edf2dafac7e978d1ae47cf5255ac1e,paragraph,EXTRACTED_FROM
3813adcc-000e-5a7e-8ee5-21ea6df4a57b,3c65ce3168f68b6d65e0cf7926d2c8ba02a3b43b,paragraph,EXTRACTED_FROM
a46c4811-0020-5eda-bbda-be481d476cb8,33bd3326601261945fadbd5646601549eadef5df,paragraph,EXTRACTED_FROM
f1e21be4-4ba6-5a5b-9e7d-75c75de87009,33ebb9c51750a05881eccf62afb73a39a9ba80bf,paragraph,EXTRACTED_FROM
e546e3a4-bb3b-50c1-b1b4-cd4dc2c860ab,271eb8be86558cc8f9e1be4b3dc6be9560eaebe6,paragraph,EXTRACTED_FROM
a721e239-4512-5e3c-922c-9ea2d75e58e9,0f031d58c9c7f7b46cb55b5cb98ac418305481a8,paragraph,EXTRACTED_FROM
ef997200-2829-51c0-bf6b-bd272019af7b,e2f03fb656054a4272731b0bd41afc7612efb519,paragraph,EXTRACTED_FROM
fb98d6b5-fd2b-5206-8fc5-07d494ef4aa7,020c45190b0ce672f4b2a5c552f207635f5ca7db,paragraph,EXTRACTED_FROM
5438a6a2-1fbe-5721-a82b-e21dfe7a6793,b53dc5a85193e85ef4b9c009bf4fa4f6f511e3a8,paragraph,EXTRACTED_FROM
eb1a19fd-2cb6-5763-8371-e4e0966a8656,8a2fe3f5523b85c8cc0fc6fcd4b37136f20bfacc,paragraph,EXTRACTED_FROM
8696309a-4684-5bbd-b9ea-a1b9ffd9ca86,b8136fd9794ad6e2d515827e00e801bd396eb45c,paragraph,EXTRACTED_FROM
f9343186-86aa-5fe8-8d2c-2756aedaced8,9814b4b255fa1fad87776cda2fd65fe553ada6c7,paragraph,EXTRACTED_FROM
fe08b49b-64d2-5ca4-97ae-df6ed0edb3e5,a2e0c7bbb298ca8780d9a631b58e7efe51a1a23e,paragraph,EXTRACTED_FROM
d59fe247-fe1e-5933-b0a9-857f8f338d1e,a9bc062ccff9b3d66053a2f18dc1c3e2b292cb4f,paragraph,EXTRACTED_FROM
d8e8580f-b42d-525f-8d50-541e3169b7f5,30bf89a1b4d7242ecb69885318f2699448af87a6,paragraph,EXTRACTED_FROM
e618cd5c-6619-5267-8063-de75099883da,dfce71474a73a7fa9ee5d038a29af3d93f7717f1,paragraph,EXTRACTED_FROM
6a2d0ae6-0b57-5b29-b6fd-049c58cc42dc,f5acbbb1e7ff1e5d4ff137f6988d0b725cec4281,paragraph,EXTRACTED_FROM
90ab1398-e707-5633-a427-5dfeada4cec0,c5935d0d830c85beb790c4ac531723372458cfc1,paragraph,EXTRACTED_FROM
28bf11d8-6d1b-5929-a588-2c7069e4efa7,d80f260dbdc9fa95a4113eb4b154149660a5c660,paragraph,EXTRACTED_FROM
ba806a49-ada9-5e1f-b339-0aad186b7d1c,557e96f3163176493d17206d92d0c002399b3dd4,paragraph,EXTRACTED_FROM
1c8448d7-1f15-5876-97aa-cc0de5703474,f9d7ed182f7ca41d2c3c87c9d2f115b837847980,paragraph,EXTRACTED_FROM
5885971b-7212-5660-b74a-b76971453d23,dddb0116e61509ae3a77ccf8eb24ff5c1048484a,paragraph,EXTRACTED_FROM
49d9c9a0-fb96-5772-8c97-1c41dfb4149a,96d90fcac213ee1ef8db64aff0e770af39098235,paragraph,EXTRACTED_FROM
34153a4c-e4bc-5449-b3bd-a8452bed01d9,1c137eaf738599c39fa4e83631c4297849401ecb,paragraph,EXTRACTED_FROM
75fea1e4-c3a5-51e4-9365-7ec8d003f880,b206f9bbc298f60566327164718fe8edac0dc90c,paragraph,EXTRACTED_FROM
0f3f8c79-ff85-57e3-b63e-dd247372c04b,abcf377857edd1ac99f22729a8c47d8ccde992c7,paragraph,EXTRACTED_FROM
b06b31a6-f92d-5a9a-a345-56747fd3ad4c,5cd67447c556e074a83776ca433a01d412c7bf21,paragraph,EXTRACTED_FROM
be9f3f8f-b191-5bc5-8bf9-4fbdb9bf396d,b3131bf4878a1e352af67f544e90863f6c5cc737,paragraph,EXTRACTED_FROM
b2ece8bc-7f7e-5323-9441-4e1ecdd80473,6488f1c89d0f6df07e1547b95b4e3100eddf8f2f,paragraph,EXTRACTED_FROM
ad05a72b-2b20-54b5-8146-694081cc5d1c,39ec77309e999461e3fa872261370c76afce4f07,paragraph,EXTRACTED_FROM
bc6a1b62-a955-53f4-b8f3-86bad555a6ee,135d60c6e8c9c8ce7b02ce7433c9b32ddf0b5477,paragraph,EXTRACTED_FROM
a560bf65-75eb-5da1-9eee-82f8fe98b5f7,b2267a3a7bf6152b6468625445f8eff8d582ed9e,paragraph,EXTRACTED_FROM
5928d422-7fe5-57bf-88e4-3f9a72929c7c,e27352ea40fc12fe9634143fc08cb0f6508617fe,paragraph,EXTRACTED_FROM
c5d8f9d2-88dd-525f-a0d0-cadbe21c0006,3664c98ffb7d633a7aef995be01fee2408f0f921,paragraph,EXTRACTED_FROM
d7dcf0d8-fd9a-55e9-aeb0-c03fe5e64ab5,f51085b109d1932723a12b50099765f19f0ec2e8,paragraph,EXTRACTED_FROM
e2785cae-4adc-51d9-89e9-b00fba4b0603,072e448790bd98c77b3d653c799e7d0918d2cc59,paragraph,EXTRACTED_FROM
28bad2cc-0cb7-58ae-a553-d4a5461b849c,9cb6cb3e31619e9e52f2bc8bb8ddbb5f2d9ff2ed,paragraph,EXTRACTED_FROM
f0ebdbb7-ab46-5594-a208-cf7432ed101f,234210c1a07b7c6ae2614ed817eae4722f65c61b,paragraph,EXTRACTED_FROM
218ae9a0-1938-5a64-b846-07244fc7b38f,8ea585823dd857e6493058957f0debb3cde381cc,paragraph,EXTRACTED_FROM
661a1c77-14d2-5206-b2e9-8849c40403e5,f2795768e21140fb4be5f8f135eca227f390d9eb,paragraph,EXTRACTED_FROM
810ef8e4-7bd5-5337-b69e-d3f4b2e08b07,6158f0fe9be158991eabc8ffdca9f55a87f5f5de,paragraph,EXTRACTED_FROM
f7fa5fcb-c078-572e-8125-bc064cbd4e38,cd7fc810d513115dcaf07ab64c1b77aac5b20552,paragraph,EXTRACTED_FROM
7a1aca17-92df-51a2-bb76-8a563550d64a,aae12202584ee1bdafe84b14d8f27c22cca55034,paragraph,EXTRACTED_FROM
23a21d27-2fa6-5015-8c47-53009fb3cdd8,7575761144bd999a2252c4278bb5db7b6fa6e7d5,paragraph,EXTRACTED_FROM
db2694c7-5883-5caa-828a-1c9c0db63e9e,7daffdda103bb42d5859b02bd9e66908da3f141a,paragraph,EXTRACTED_FROM
01e7c6bf-c3c8-58d7-a203-a45c985e8893,20e8d97bb0f560972a914e2d2d89f0d9a7946211,paragraph,EXTRACTED_FROM
af61a729-21d9-5472-8dbe-60cc1214b476,0a516656a86bf435a747de2c562e71d13ce424d7,paragraph,EXTRACTED_FROM
4b868b3b-4a85-5e1c-8a4c-8dc83bfdece1,5f2c0a745fcfc4206fca5c0426c539999330c8ef,paragraph,EXTRACTED_FROM
1f8e7464-dd52-543d-8587-d1ce432da706,14f6b816475353a08402ca140fcf831aebb3b8ff,paragraph,EXTRACTED_FROM
ec951967-a6b2-53ec-9297-2676e86d2c53,99bff612fc2fab865e5b563471ba3c2faf561615,paragraph,EXTRACTED_FROM
3d3cc4fa-8310-5576-9f88-e6313093573b,22b9cf78720e6f0382b8d1fa3ba5e25c08d2c41c,paragraph,EXTRACTED_FROM
909c11ab-1d98-5000-9c6c-a194f2a6265e,fc02c8c826e4117740d3e444665dec076ac997ed,paragraph,EXTRACTED_FROM
84c135ea-b3b8-58d3-8b14-3c899ea50e38,0e2209db21dcfa1836c8c5b8dd174859c6b11a68,paragraph,EXTRACTED_FROM
0c45bd86-4336-506f-b72b-a6c763b810dd,f6a0822ab745cf15d000cbd923ff6443fbd0fc4e,paragraph,EXTRACTED_FROM
d7b0376e-ad55-5122-bccd-767e97e9e920,56e275e328352f8a19d3c236beb7ab6675cbbdee,paragraph,EXTRACTED_FROM
1258ea0d-56d0-52eb-b450-4e2d233bef00,b5cb5fedd04bd1b8d1381a23c816c7c84cefe20e,paragraph,EXTRACTED_FROM
36d35423-c358-5db6-9431-1858ea20f2e4,fb75f4a8189cf3fbe5572f7f4ec1890643cfd60b,paragraph,EXTRACTED_FROM
378f46bd-5687-556d-885d-9a9849350a5e,a47aee2e550a9f3b3a1f6eee5b3362d3b0df527e,paragraph,EXTRACTED_FROM
dbdbdd77-0f09-50cd-be41-8dfeb4e6b91b,22d38859579b45e25fb91ada2c42cf0016a16838,paragraph,EXTRACTED_FROM
47aca098-7893-5fdc-8439-70fbc60e797d,bb6f9b2d8684c0d9766c093b663d499cb7c90ec7,paragraph,EXTRACTED_FROM
01439b8b-4e6e-5cf1-988e-907f09178dc5,e8439da118f6cb1f87424fd32b9f7e35b1a5c9e0,paragraph,EXTRACTED_FROM
962906fb-bf3a-5325-81af-c51481d09e71,6128bf7ace7a7d47ba0c8781cbfb4e0653a3cf0d,paragraph,EXTRACTED_FROM
a272bfa3-bea0-5211-8747-1ad1d1aba592,6a9ffe3efd768ba66761317bc8049a2595a129d9,paragraph,EXTRACTED_FROM
96bbb117-c279-5ddc-8e92-fcc0f40a9f7f,6cbdd27608c1279bb98f77bf86f8ffbefbdfb71d,paragraph,EXTRACTED_FROM
37a2f5c9-a62e-58b9-91db-920f35700ff8,e0bd69219612903db65fe55b419f2a888544f17c,paragraph,EXTRACTED_FROM
4a569c10-3943-54c0-8564-e6011d9d32c6,e1eda188c0873c50806c8524e6e5827a5a8165c8,paragraph,EXTRACTED_FROM
867a523e-e77a-5e41-8535-ffb537621db0,7a3be65bcb95982e160a5ff85723258d8785e199,paragraph,EXTRACTED_FROM
9590aea0-073e-5e14-b04e-d7ba4fcb1318,de3c9049ce46774a5eca8ce8ff44aaa47ce0f670,paragraph,EXTRACTED_FROM
2bc8f7cc-0d8e-51c3-803f-31ca75daa766,34b7f18b1e3b66374dca09ad38911e2de6f063c1,paragraph,EXTRACTED_FROM
0f4d9df5-070a-5792-ab03-5ca284057a45,1f8368f4a2b0f99e35e34ed90fe01577a040be66,paragraph,EXTRACTED_FROM
a040775d-b24b-5720-b954-3d61f93499f6,5dacf21440bfc881c09bc39c0ded173f40573d93,paragraph,EXTRACTED_FROM
ce095296-b4f3-5354-842f-522ddd3a7fd7,94cdf87eb76c87e228694a3e60865916f2d5206a,paragraph,EXTRACTED_FROM
faba1001-31af-5f16-8c13-9dee15d4df26,fa2db358d96a73f979531e3275b8d6d2c6462ed2,paragraph,EXTRACTED_FROM
b557b257-813e-55b8-9fa4-cc8508b4ad52,d6dbd2228ef763f9674bfa5af7566667e3588435,paragraph,EXTRACTED_FROM
43433155-5a7e-5d19-b4a2-59b69fa19501,80926e72953e76e6191f55b077c811df0c538bd7,paragraph,EXTRACTED_FROM
b4391bc4-c60c-59d3-8de8-49d7b05dbbf1,a6c25c9353b51aa3bf8a9bd39001f399c94c9e4a,paragraph,EXTRACTED_FROM
19c04b35-82d9-5fd1-a5e4-a3a3ea1e6911,bd0916ce160eff6b593db384e12f41444db18c7b,paragraph,EXTRACTED_FROM
304e20ef-2d64-51e8-9faf-5c25cf522045,e46e0a5f47df6e2d6b3cd8b380fcf2990bd25fa9,paragraph,EXTRACTED_FROM
2ba0408f-8e23-5a0e-b6d2-ce3f552cd4dd,cba055f42c3f69f1a8d5885f792a0bcf8bdb0b13,paragraph,EXTRACTED_FROM
a03244c3-8357-5819-b4fb-43543868f928,805533e2cc8cb70e778da205ed0614227d99404f,paragraph,EXTRACTED_FROM
895124ee-8ae1-5416-a92c-c876685d13b0,a63f8b7f82f972c06b14efb9e9a30c11b4455dfa,paragraph,EXTRACTED_FROM
a0b94e0b-6407-54b0-b60b-a3d9f9dd81b0,469fce185c8fa4dc90f931baabbd9536926f65a7,paragraph,EXTRACTED_FROM
b04403ae-cadd-5242-b4b5-76000ad683c9,fa5b283ee54d09182d88a4d20a5ca3731e559920,paragraph,EXTRACTED_FROM
817fdd08-2e22-510d-bac2-2d99e8e452a2,a3142db30ea4bb4c4e2f973e219e36d61a0fb801,paragraph,EXTRACTED_FROM
9fffb153-dbde-5140-9827-586db81680c8,9b219581b8c99e51f6da0516ca4a363d62e38560,paragraph,EXTRACTED_FROM
98e265d7-a497-51e3-9e77-cb2c1c1df333,72bbccd487c507b58145f438eddf6e9b6265e6b5,paragraph,EXTRACTED_FROM
84636f57-9cb8-50a7-a74c-68c87f6b236e,ac7f53c9592afc79083f12a7370bac2244abe5ba,paragraph,EXTRACTED_FROM
c48b77fc-6729-52d5-bca2-818427506075,daea1ee40275d42c167593cd2ceb56a34b0682a6,paragraph,EXTRACTED_FROM
d03016e3-db38-53ae-899a-d4d5abd1e0fb,0eaa57d29d76d54bf30119c8e221cb48e4c5e34a,paragraph,EXTRACTED_FROM
e31b2bb8-fae8-50c8-acee-cd6c6b87f473,44c6f493add74845db490f9ed748474efdcc65c7,paragraph,EXTRACTED_FROM
7cc7bef8-785e-5955-9e48-0873b53e3540,0278981f5c73a4bf401e9c28e839fd42964be45e,paragraph,EXTRACTED_FROM
be1b70ec-d06f-5ed9-882d-86d91530ceb2,c71385fd1c443dcf83adc87da79d23509aa4b7ba,paragraph,EXTRACTED_FROM
8b745567-3bf3-5796-85b4-39146fcc5dcf,9231d5c031f132d8688e4ef0763c8b0a0d1cd43e,paragraph,EXTRACTED_FROM
d83fe362-2d79-54c3-8432-3de1711eb6be,fb8fb379524e913034ee99aad2b6c1fa4d47ebe8,paragraph,EXTRACTED_FROM
63498338-8860-5f55-9fcf-5007ad9563ca,f9aa0687c9856f6e2ac637f7c660cbe7917d31f6,paragraph,EXTRACTED_FROM
0d6e4a54-7090-5143-8826-4baca555108a,befff3e841332a6c03c38c7a234906915b1f1c9a,paragraph,EXTRACTED_FROM
4c2fbe57-deb1-5ba5-b902-4d6ad8377ef5,609002b2bf10c47ac939e11c56e4536a1270427a,paragraph,EXTRACTED_FROM
dcd02ab4-7f77-5dfa-8abf-c25ba6e281f1,5c22a7173866569ea476ea826d0047150131bf3a,paragraph,EXTRACTED_FROM
fa0c3cae-371b-520d-b9b9-b48905e3e261,58381a358795ac856ca1482fe7bc60edb35726db,paragraph,EXTRACTED_FROM
dd3930e9-c12d-5387-82f2-a863e0511b4f,60495ce44ceb3248fa4972ed749ec28da66ca06f,paragraph,EXTRACTED_FROM
894d2161-5ce7-5086-88e1-5fa771b061e2,31e0b638a70c40d669699e5b5f0e5b3b932e5d66,paragraph,EXTRACTED_FROM
0d2c8f6e-da1b-5413-8fab-0a125b84fe9d,033b380c32c3eee9de88489b209a461b87080e47,paragraph,EXTRACTED_FROM
4e6d833e-357a-5451-9d66-80eb3a895be7,7aa55ac862f2213b604afc80fb728c8345f2f1b7,paragraph,EXTRACTED_FROM
df7da5ed-5a40-52b5-bb70-b1ea0711792f,48b5bc4a72a1146c98f25790618fb3f8eec6449d,paragraph,EXTRACTED_FROM
ebfdc0f6-a6f7-530f-8117-721b107ade13,98c799047d3d78e13929b764b1e4351dd519620e,paragraph,EXTRACTED_FROM
952438a2-4eea-5ebd-bbac-f4a6d2c1b815,e4714426ea883010954366daa32c7059454b5917,paragraph,EXTRACTED_FROM
5568c609-3ea5-5262-898c-cb9f3c670c65,11af58c6571844f6d21392a9b54de9dae361b62c,paragraph,EXTRACTED_FROM
dba59501-45f1-5d53-8be7-e6fedacbfd46,b07f72e3613611921a482f62e1faf0d813300329,paragraph,EXTRACTED_FROM
c42d72f7-f3b5-59b3-a997-7d6b1cc70f3e,88020f6e0d729d71331f5d9b5c07684b84376f2f,paragraph,EXTRACTED_FROM
e164179d-dad8-522a-951c-f0ab494f7fd0,8a3a258d85c308fc7fb4d2876d4c330402e27e6b,paragraph,EXTRACTED_FROM
41b771ac-aff9-5f8b-8a08-b20d3851a770,139e92d486cbf180715a1569bb28eb6ede4b9096,paragraph,EXTRACTED_FROM
6bae8369-a1ca-5099-afa2-7fe9da94fca1,ff37e98b0a983768d8c8e34f3018946f522291a2,paragraph,EXTRACTED_FROM
25f5b5f0-470b-5570-aa45-1de7529a87bf,a5ba3e61ce2b88ff1f541b3cb488d4ba6fe94ddf,paragraph,EXTRACTED_FROM
a7bef2ef-8285-5192-833f-e84436093028,8289f50b369f3140737c5e3100efbcbf50b29d4a,paragraph,EXTRACTED_FROM
4b5c72a9-acdd-5b34-a061-747db59e5c1d,11eb065da9c5a7ced226b209df105d364a6920a6,paragraph,EXTRACTED_FROM
6d8752f3-49fb-5bb9-ba86-6cd66b967db9,bbb16ab287c8e4291befe919214d77f8b2237e72,paragraph,EXTRACTED_FROM
9eb882c8-b4e0-52e4-89dd-5990822ab0f7,d851593e662aa997e634bccf1c4055f11a6d629f,paragraph,EXTRACTED_FROM
839f487d-52ce-57de-817c-cfda7511be69,e3bf818bd207e6a479abb19b57ba6d8235992858,paragraph,EXTRACTED_FROM
fdc107b0-7724-59a1-8f1f-a4849a6ce85c,94439af0d147788143ffae41cd7ca497b5497420,paragraph,EXTRACTED_FROM
a170a959-8abf-501e-a61d-955816457e23,0754d332fd260d3fa6407bc7822860d93daccb9a,paragraph,EXTRACTED_FROM
985186a0-1b98-5f34-89f3-2a66b60614fc,2a42c5e85976e4397668c88079994b873b20770e,paragraph,EXTRACTED_FROM
15c2f61e-f00c-5354-bdc5-b3252dfc6ec8,77c89ffdc9805e35c3a0e111f8503162dedf5b01,paragraph,EXTRACTED_FROM
c45568d2-f737-5212-a9e7-d6e7c752d212,7d1ac7473cf9011287ebd4fdcf90a47798b6755e,paragraph,EXTRACTED_FROM
7e4228a2-3d9e-5479-9092-402af1f9adda,3ff6e24d24d9e7c44b3e6187b5337268550a9ad7,paragraph,EXTRACTED_FROM
a912f7cc-67cd-50ee-a88a-7275c53a69a8,2118036744b7bec3612d6faa3d5ecb3129c0234e,paragraph,EXTRACTED_FROM
3a8ff015-fc26-5122-b2b4-027aec0cba5e,3475cc94b179e632893c60d233dbdecf2a489a09,paragraph,EXTRACTED_FROM
39a084e4-e221-5721-b787-71e904cf2b87,93f63f00b1cb12c50300e018a58b0f6c7e1672bc,paragraph,EXTRACTED_FROM
78499fb3-114e-54ae-9bd4-82ae9c2be864,8b241b7faede456b579eac01096dccc971e19955,paragraph,EXTRACTED_FROM
9c2f1af8-7c9c-5979-9a9d-c9f508a99145,c19422b0bb08231b4dfd2480ede76cd88a320875,paragraph,EXTRACTED_FROM
dc40e714-23bc-5019-87c6-65f19c0b59a0,ae49ab8870aa05dc885cb49fc01c66a6cef37377,paragraph,EXTRACTED_FROM
52798b91-378d-5b49-9061-680c41a8e1cb,057be8d7ce42a627e6600bdebc8ae16e22c97047,paragraph,EXTRACTED_FROM
a0b1edb7-d7cd-5285-9963-8bc8c51d0857,2e93959ca5daf482491119613ed6ea009c396183,paragraph,EXTRACTED_FROM
59fffa31-5d47-56ad-947a-19e83428ca6d,09203b0049c58ca7e5c26e5dabcc6dcc8e363e73,paragraph,EXTRACTED_FROM
684a29ac-b023-5386-9d9e-455afd9ccda5,ca90323598a6914e9599fdb5859aff3be26603f4,paragraph,EXTRACTED_FROM
de092972-346b-5e53-b6bb-0935b056c796,bec555e5f4e400bcd0f1ef816bcd3b95708b4aa8,paragraph,EXTRACTED_FROM
329760e1-268b-5a17-8135-fc0e1f26d691,573a085a5032054efdd13a3c4950556b5236aa9e,paragraph,EXTRACTED_FROM
a1229b0a-d36a-55c5-a0b5-e103929848fb,41b2848a207113cfbc840c4f8cd42e604a73a372,paragraph,EXTRACTED_FROM
5ae9f688-c5c5-5648-b6b4-4827e33dae04,4cadb9e864eb5b4b303d65e992143a46c07cc90b,paragraph,EXTRACTED_FROM
1ec6391b-5577-5ac6-8f4f-ef0360a67770,f8fad52d75b208e88054735eaa3fa7b87a9d91b2,paragraph,EXTRACTED_FROM
aa333a17-3a76-5964-bbc1-f69a053ef77f,f1cf9621f2e3bf21452ef227e0150f8d8e469047,paragraph,EXTRACTED_FROM
d3259b3c-a522-56f8-a1a0-4d5d942671a5,33836baaf6276943b68a75fd8f2d7c4e0d4d56bd,paragraph,EXTRACTED_FROM
730330bd-413d-595c-ad98-17ade032bb4c,f3c559e5149fb3e95f582b53502b596e8d46cc7b,paragraph,EXTRACTED_FROM
49a60be1-f2fa-53a3-a38d-d918d56b50d4,dc7eb6c3520521df0c159374c7a53f50c342e844,paragraph,EXTRACTED_FROM
5ecf1b34-fb79-5a4c-bb70-711febbb2b97,b908d39da290f72e6671b5ac28c410f19b2eb7e1,paragraph,EXTRACTED_FROM
cb8cfb3c-812b-5260-8675-44478e24f9ad,82418c4a1d08c2a39e89378fcdf665336055a18e,paragraph,EXTRACTED_FROM
893809a7-6145-567e-80d2-2e2148a4e0b7,ce10ac9b2959dd205776b10d7e5b096ed20d6a2f,paragraph,EXTRACTED_FROM
c2b04970-491e-51ca-b7b5-95e3dfdfd608,e7341a852f7c5fec59e7fb6fad4560081d9de404,paragraph,EXTRACTED_FROM
eef0d477-598a-5298-a8c9-bb3e35f8006f,25e7d821f130a51db7f594e7b58c1f15004015c2,paragraph,EXTRACTED_FROM
6d07388a-3038-5206-8e06-a9833ae00084,76717051906e8ac3351d6fbad6666c551e0a9023,paragraph,EXTRACTED_FROM
c73ad142-a81b-553e-93f0-2e6befd85a00,4de879c23361484fdf59e43139efe549d9a539f3,paragraph,EXTRACTED_FROM
43bae035-f4cf-57b9-bd4f-fd0243ac2ed4,b9ac55ac0c1853c62e9f104f92427e191df18624,paragraph,EXTRACTED_FROM
fd28ee2e-3c4e-5f79-9283-c51b1942189a,1041bfcf562662c73aa389c8c5bbe07013fc2aed,paragraph,EXTRACTED_FROM
b29ee7b5-42aa-5dc9-94e8-8dc6b09de251,2ef3b98a339550d9d60cc9267869316d5aa7bedf,paragraph,EXTRACTED_FROM
8dbce8e4-9041-5af5-b1df-b6d6910e30d4,d1540d41387855eeb048ac8021833fcbcf3d455f,paragraph,EXTRACTED_FROM
ece4b3ca-d80b-5b5b-a0d3-f7ff96eecde5,7a658e6c61ac4723746300531f5aa2fa5d66ac24,paragraph,EXTRACTED_FROM
4ab47f3b-ca25-5cec-a33f-b17d943aabe4,930dce81d0494cc5170f69c9908790f9aae73d23,paragraph,EXTRACTED_FROM
efb0711b-b418-51fe-b42e-3581b3f3ce21,923ec186469f3af1b2952e9ac35f0129a2415966,paragraph,EXTRACTED_FROM
1388ea14-6cb6-5af0-9a23-5d8dfdeca69c,422e940c9f4be37b7042c43169e3b205b5d57eb8,paragraph,EXTRACTED_FROM
1e71f40c-7836-5b5a-b35f-5f085288ae70,7a45bbc00ab8fc65ffabb9ccc3caecd4d0bb67d1,paragraph,EXTRACTED_FROM
7d03b55b-3084-5442-a15b-f69f792d6651,4d9371fa49cc35fd173a73e7d5bad64203c40a12,paragraph,EXTRACTED_FROM
90df3925-d7b3-52fe-8239-5c170a0cdf88,73a77bf4c3e83851944094e0e9004e372bdc90cc,paragraph,EXTRACTED_FROM
f7cf58c1-16cc-51d5-a5e7-445ba0fed92e,e0b4c309415c92eaaa14bd8ee176ef48ea50c633,paragraph,EXTRACTED_FROM
dd725b67-bfd1-5a6f-804c-86e539a97c5d,a47d67b4d7d28a929e16e3db6d802bece4be1450,paragraph,EXTRACTED_FROM
cdb87d54-246d-50f5-a5d9-d1abb27ca73a,bd69a66c5d9580d18e556cf7858f59e70ed1b74a,paragraph,EXTRACTED_FROM
64d1eb3e-56b6-5e81-ad86-61cff18647ba,86607ab7dd738eb8411979ecc497029b4e1d20bf,paragraph,EXTRACTED_FROM
58a8354c-609a-50ea-8e34-3a1ff7f749fb,a986b0f8b4abc62c8bc84fd51a2fc9b143c8c181,paragraph,EXTRACTED_FROM
babd01b1-29ce-5f2c-98db-cf98078b2dbb,85ff83024d8a13a59ca64a9f4087bb69d03b1aa5,paragraph,EXTRACTED_FROM
a7f90a82-862f-58e0-90fc-8278cd82512e,fa928bafff13a83aa6779a51fc55496d5a72a51c,paragraph,EXTRACTED_FROM
888bb126-2c0a-590f-8daf-9799274a4fcb,bb3d572559a504886b2553d2d0642217d6e7a834,paragraph,EXTRACTED_FROM
0ee09e70-1f33-528d-9e32-b071ab9e98a4,fbd954abf92b415dec08a957f34b3285ab225a18,paragraph,EXTRACTED_FROM
652fd042-4ba7-5141-86da-a339f9e1aa70,ebd35993101be2c1c19294f210449567c2541e6f,paragraph,EXTRACTED_FROM
767e0b18-e671-53b4-b903-8eae046088ed,b5eb541ef7e26f5bf9ffde76666a734448fc62c9,paragraph,EXTRACTED_FROM
e325b8b4-1d2b-5b05-b4e0-47a0a290034c,d5d0cd0d143151c1da03443ed1c2561876174648,paragraph,EXTRACTED_FROM
3f35bff0-2e1e-5ae6-b624-f3ac450c148a,292c14fd4d2a43511db812d8ebcd27e911b6fe5d,paragraph,EXTRACTED_FROM
960bcab7-32f3-5559-8ec2-133973891a0d,e73b568f2d06d3050d3025e85d4dba71875809cc,paragraph,EXTRACTED_FROM
687db7d6-846b-5695-adc5-f02f5e1a4662,63ea6b7d2a2263457d8d87718130c2924857bc8e,paragraph,EXTRACTED_FROM
da0f522e-46c5-5041-a425-5a2f31fcd22d,a1cbb83e9aeee35640bbc0144c5288c4fce4184c,paragraph,EXTRACTED_FROM
6f1277e7-335e-5f8a-8908-a3726378434b,b37701f954b542867f71ea5a57d37085cbd0069c,paragraph,EXTRACTED_FROM
ba73a6eb-9a6c-5b62-9288-ac55aeec2820,5c9d117ab1b6f69b83b78960f10ee891fda90ae4,paragraph,EXTRACTED_FROM
7adba58f-14af-5626-a44e-c4462e04264b,28dc8b8b4af7df3a32fba35a915714bdaed3725e,paragraph,EXTRACTED_FROM
9074024c-c172-520a-b653-f9788b9f2876,14819aceceaf44b6751f8ec76b44e1f944f514b8,paragraph,EXTRACTED_FROM
7eadcb17-255b-5536-9af4-baf8326ad890,943e128e5253b10f97bb5c5c2d87eb86cd7e1f56,paragraph,EXTRACTED_FROM
691f276e-8484-5693-ac4c-9972f80f3f5a,3b00755f5386ea32106e46aff1a5b80f4d1f4e7a,paragraph,EXTRACTED_FROM
2ca5fa26-cf97-5aee-89dd-c298f8d63cda,d0d86bed25c382e0ee568a49e2a72a7744203094,paragraph,EXTRACTED_FROM
474fcbc5-1779-54bb-9957-b33d94d0d446,c043d917b1e1b64b1353f61a62cda0d6b34d676f,paragraph,EXTRACTED_FROM
b94aa241-8b92-5473-b8cd-906d9bad803e,29d9bf45632912ad6dca12de8cd01fa36647ef24,paragraph,EXTRACTED_FROM
6c33aecf-d444-5c46-bf30-0c2ebb0a9ca7,85e11bffc3ed518edd6bc570e7ab25b671eb6f5c,paragraph,EXTRACTED_FROM
6aed12f7-4acc-5b89-ae7a-a87eed0d193d,08f864f327178df858e0207e37272115f70cce68,paragraph,EXTRACTED_FROM
72b3d859-c318-581a-bb5b-3418c7e61ffa,0c602bb46c88b7fb3576cfc86af7e4e4c27b3f1c,paragraph,EXTRACTED_FROM
3d6970b1-29bb-5831-a3a2-2a1991b77067,33a1b8ea9af7ccc20a49f309256644a8ebeac10f,paragraph,EXTRACTED_FROM
717461f9-bcc9-5923-a939-412c24135a42,5765823e38df853378af30185b469d2d20e99cd0,paragraph,EXTRACTED_FROM
84d9a739-f13d-5af0-b2dd-2423b59c1c0e,353837097e203611b5c14f5a52e82d89e96dcb8c,paragraph,EXTRACTED_FROM
bc86429f-cd14-5bd7-9d14-9839ad051170,f23f431f48b8090a0df8f2ad8825af6e09886f98,paragraph,EXTRACTED_FROM
aebac721-f081-58ea-a9f0-06442eb69182,8ce34bbb2acbc9494517493f1d1d8efd35387303,paragraph,EXTRACTED_FROM
86482870-6972-5874-bcfe-ffc86153d84c,beef7b7576c42db50c4019718069cf8ee9f53555,paragraph,EXTRACTED_FROM
2fe986ef-0c6e-5fc3-afc9-84ebde66336f,0e2f162a45d20d9e1e623ee2dbbed20a3ef9b336,paragraph,EXTRACTED_FROM
ee5b5117-c74b-5bc2-810d-44e2f4be5b2f,94e34717c878344ef47817c6e9212fb6b23da48f,paragraph,EXTRACTED_FROM
b8f35dc2-d596-5a1c-89f8-1b025622b2dd,d83425515bb95afc625a190d727b99a287ed0017,paragraph,EXTRACTED_FROM
5755a9e3-9b67-5438-9e8e-b6da815deba9,6898c49730058f61f815ddf2c36c13c2d69154a5,paragraph,EXTRACTED_FROM
3fb611f3-dbdf-5324-aa9c-fc20fb6d1ad7,f3ef0cc57d96c0b4e2a4ad259f52543548a0323f,paragraph,EXTRACTED_FROM
0e7058fb-c836-5131-973e-fc36bbaa6c8d,773521776fc9bb3626d51d6b243bbd892347ecae,paragraph,EXTRACTED_FROM
01a80bab-666e-589f-8599-7afcb2378b5d,633b5212fc1ef5a415b1893355a877275dbac67b,paragraph,EXTRACTED_FROM
83701ca7-29c1-5396-83a4-85f818eb28af,4993339e22f556435e957e8763b1739d80143821,paragraph,EXTRACTED_FROM
7866038a-ac8e-58a0-a719-b12b4cd9d00e,3f7567939efac2542a6060a79ebb299588b4b2f7,paragraph,EXTRACTED_FROM
599f5ed2-3926-5054-adfd-19ff63ffd0a8,ad03a660200a54750da026b6248433d5edd7201e,paragraph,EXTRACTED_FROM
f1a3ca71-ccbe-5539-a7cd-97dec58fec7e,969f213356271a6e194fe5ad44198d46aa281c9f,paragraph,EXTRACTED_FROM
b9475bfe-57b8-52fd-abc0-a5a574afdd64,fdb42c26c13cb4d01130577d579f31366f4dfbbf,paragraph,EXTRACTED_FROM
327c93cd-40f3-50f9-b4a6-dae0f66b5bf8,b23ae93eaf31ac5b7d19603f9db5f45fc807d159,paragraph,EXTRACTED_FROM
4d158efc-5e2b-55a5-8dc1-41fe05a19ec9,6026e9b12168ba367f39cc31b00a970c4dc8de0c,paragraph,EXTRACTED_FROM
9f250804-8fd0-5bbe-b6b2-2c1bde3f2f4d,1d2d73c81ced8f4fec95da2f269718d161f43da6,paragraph,EXTRACTED_FROM
e85a190a-722e-522b-a083-ab3f46957ff8,1b4e969dd17b30ddbdfe84af98146df6b8e6cc29,paragraph,EXTRACTED_FROM
675c12d5-eb9b-538c-a0fa-db1a958f3a85,e8a9d655b79ca3149323379f2c9dd851e30f9ba1,paragraph,EXTRACTED_FROM
1e9fb65e-89fd-51d5-949b-4eacf4b080d1,85a5f7e7b77a010528ea37e7405d99e961b37a2d,paragraph,EXTRACTED_FROM
71a7db49-e60b-59c7-b310-4ac79e26c5f0,c039525b4a0880c8cdcd14fc63f36bb11ec13e24,paragraph,EXTRACTED_FROM
099a8992-8fab-5773-b281-29ab5a8ee05b,f2694ecd5c1b1cd3a956e4e39816fd50be37f14e,paragraph,EXTRACTED_FROM
567a6b4f-ef7f-5733-b6eb-93d42b80d6ca,afc0a1afa1b198ba8e104772fc58f4d159f73459,paragraph,EXTRACTED_FROM
576cb054-a4e8-5477-b70e-1c7a85eedb49,d55279cf71a8889683a98a9c42888e407f1c2bfc,paragraph,EXTRACTED_FROM
8d8e1b4e-d9a8-5a3b-8c15-b8a437de7819,77c8a75da8d3b5f6a3189c5f333a7862b4f18a69,paragraph,EXTRACTED_FROM
b38861a6-e62a-5376-9d4e-08da3d7a9646,1844a544175007f84c6622b5274509937e91c5fa,paragraph,EXTRACTED_FROM
97e5121b-0581-50f1-93fa-b27a22863969,0da7f414dbd385989b75d9e54651310aef1bbf01,paragraph,EXTRACTED_FROM
528cfa6f-c16d-514f-ba4a-12a7e4aaec1c,1cda2aee304e021e6254fcc4a8a094f904111b1f,paragraph,EXTRACTED_FROM
26c06004-e460-56c2-8875-9f38cddd8e00,058701a019c61877a908df7795857f720ef01a9c,paragraph,EXTRACTED_FROM
11df81c1-2eb4-5c46-8afe-2d4392f1d4c9,632f4faf4a095bc639da98a0b05f972079b94dd0,paragraph,EXTRACTED_FROM
6302d2ae-3c36-5859-924c-631759323470,0bcc78f58403ecd9790e75ac50af5356c7dddc38,paragraph,EXTRACTED_FROM
160d7d00-f5ce-5b51-be27-8a8e7e9d6c21,6875d927e8a1d697cec83a99282dd1c9ff9349a1,paragraph,EXTRACTED_FROM
12287119-a694-5dc5-b15f-b404501026ca,20767baffd8d67fc36a98cf510384ebeaed4a693,paragraph,EXTRACTED_FROM
238b9767-4611-573a-b9db-c611bec3b049,0bce33b28284d840801cef06c4d2aaf81ab16c9a,paragraph,EXTRACTED_FROM
c45c2196-5400-5596-a3fd-5ba01ffbefe4,01d11c9c432896eb040578eed7b03f3df55a5d7b,paragraph,EXTRACTED_FROM
6cb2c963-d556-5b68-b35b-cea1eb6f678f,c6794417be4d349a0ce47fdddeb393d69131c8d0,paragraph,EXTRACTED_FROM
6efe8e93-992d-593f-bf03-62f801c349b5,e860cb63880bb65f6f6c8231507893008efbcdb9,paragraph,EXTRACTED_FROM
aa56aa60-4697-59e9-86fc-e3cb3487a9b0,3034bee25759dff806519e9ec874059a1e69c8bf,paragraph,EXTRACTED_FROM
ce3914a3-10fa-5077-8f02-cf0bec537d44,2d3bdf4b900c715971b20aba1f81a4135cb9dce9,paragraph,EXTRACTED_FROM
1f59efb6-7883-5b5f-9da7-5c781af09d5f,3526d46384eb3a78ea625cf27421fc925be6d689,paragraph,EXTRACTED_FROM
a5adb9ac-09c3-5406-8a20-57eab08f3e0b,9241928244ed40170f01746ac02922f16761d972,paragraph,EXTRACTED_FROM
66e8fd43-ec88-5b7a-943b-87032f534062,7ea9d9fc2de3c56412ffcc47b9ac8a791294e0eb,paragraph,EXTRACTED_FROM
cfb62ef5-e822-5c37-b935-dfaf26bb675a,75bfbb52ef4ca9663f458a8c2e2b407f55986365,paragraph,EXTRACTED_FROM
d3dace56-7f99-5ff5-be65-bcdfa0b85ebe,d8a69764ec7a35eef79d2dfdf044578b8ddb1f32,paragraph,EXTRACTED_FROM
39393128-8acd-54f0-9a4d-51762c5a3df4,4ada1a4b9e0a7012eeb0897f755161351bd0a916,paragraph,EXTRACTED_FROM
925cd0a3-ec91-546d-907d-c48b6083186f,e9caf3a0d55fae7e2819acb83b8cc49b71446e5e,paragraph,EXTRACTED_FROM
23ceed03-81fd-5cde-b0ca-85093f7a5551,9e2016789483e57d660106da6626406c0233edbc,paragraph,EXTRACTED_FROM
ba6dbe6e-7c71-5447-baaf-cb70baf42233,1a6994588fa25c47827c295ebebdbe0622f3ecf3,paragraph,EXTRACTED_FROM
78dda2d9-c353-5f5f-859d-875bd439efb1,7b808e2ad0b3b61b150171452bc0a19668aa638c,paragraph,EXTRACTED_FROM
d5bc2451-f516-5a56-bded-176bc07c7fd8,1a7c9ff25c5cf33b288b38e30582ef60ea0af102,paragraph,EXTRACTED_FROM
cfd8ad4d-e8a5-5a50-982d-f5d68fd7beee,98d6ae428f790e494b0fed5cd39c365bfb8162b5,paragraph,EXTRACTED_FROM
eef71c9b-38b8-5a30-893d-c80a7ed9a4b6,2f42026ce25f182f19e87515feb2b2cc652b7e5c,paragraph,EXTRACTED_FROM
117ed7a3-5543-57e9-9d24-bead1e5d7dd3,e89d52e17b9e9e7f864d46d0cab788e1d681956a,paragraph,EXTRACTED_FROM
b9238d91-e168-5ef9-9d87-1e771402568a,075cc0a6fddc057b9e6811fff1f83f1d9a1c49db,paragraph,EXTRACTED_FROM
d11b271c-1a28-5a10-8eae-1f0d9447ac12,aa7ec1dc511dadfe1dea2b94a031ce74a3fef1b6,paragraph,EXTRACTED_FROM
fa3a8db4-054c-55aa-9f2f-062d4e1a6238,271dab9fb7c8183af10b20b68821809685e29856,paragraph,EXTRACTED_FROM
6ffd577f-29ad-5ecc-adce-155e994f01c1,2710e01f57b643467571fb76dc214b73efed83e0,paragraph,EXTRACTED_FROM
30e5ab09-16ea-5b03-9f29-99b4ea0427d1,a7d8f9514a5e3708b844ce5ede39c758aaa7eeef,paragraph,EXTRACTED_FROM
719cc1ab-bb6a-510f-b720-d0bff00816fe,22acb7d06c24fcdd495a9ffd86b18640b7af4763,paragraph,EXTRACTED_FROM
20f7f420-1bd3-5f90-a910-4d3c64b808df,1061c3619d823cc0e1f87c5b527c6bc01070071d,paragraph,EXTRACTED_FROM
33c9c459-07aa-55a1-9ede-a097a2e44e36,5eea74b89475a62289bde44d1c29877b1ab3c6e5,paragraph,EXTRACTED_FROM
ef9f1fa3-e1b1-5769-bdf8-aee70e4c5e92,c4f2eaddc3ae30a01a9fda5e840ef70918d1694f,paragraph,EXTRACTED_FROM
1f33c709-aa59-5aed-952b-93f2655ac45d,64c2c03daed9fda39fe25625c56a1e5b0f3bfeb8,paragraph,EXTRACTED_FROM
157ad7ec-e5b5-55f8-88c3-4c4d8d65708e,5011b4640119c4e5873b632828b06cb02d8da51e,paragraph,EXTRACTED_FROM
e7a46396-ecb7-5746-86e4-df6ee6f9f8f3,58f30a30c93d4f3e969878685ffe7966d65a98bc,paragraph,EXTRACTED_FROM
621b7a6e-0b86-5303-b053-c4cde79796b2,aacab72e341ade166cf51f59e62646b575843be0,paragraph,EXTRACTED_FROM
946143d0-8d17-57d7-bedd-466b6775e7aa,1eff70a1bac936e6bdd503457970bcb6a3492500,paragraph,EXTRACTED_FROM
422d64ef-d4a9-5bd8-8779-1bddcd607cca,21ef5460bc54e64311f91b52aa50895cd806989f,paragraph,EXTRACTED_FROM
66883ce6-be15-5493-99d2-333003ce1ba3,91469a1dbfc558e1e052ab821a7d465f8c510c2c,paragraph,EXTRACTED_FROM
f0e8e235-7cb6-52cd-b6b8-791fdce5baaa,704695463c4cff2e0312b14420cfec9a582eda01,paragraph,EXTRACTED_FROM
938bad30-d8be-585d-8346-857246264d8f,e7c9fac666c8f93b839883865433d9e85803bffd,paragraph,EXTRACTED_FROM
7144da25-0153-5f7c-a9f7-0f04b9018232,038fb68cf74221d939ca3a9577f70a102dc3df14,paragraph,EXTRACTED_FROM
03085a2e-093a-525b-be9b-1be3492f3ba0,a49efe990feedc9b47f7c4fd3ef95292a926bb62,paragraph,EXTRACTED_FROM
ad7433bf-d3f2-5849-bac0-f4b5446374d5,b33eaea096158c1d8dda57eafaa1156207889e98,paragraph,EXTRACTED_FROM
86e2caba-5fdc-5ee4-b7a0-57d9a7e4f2fb,081eff84a3100829058f2080059f90769f318e14,paragraph,EXTRACTED_FROM
0d059c73-ebf4-5f60-ba6f-7481cfc4d12a,a9cb920e371a8b38f9054401df656cf6e524de20,paragraph,EXTRACTED_FROM
e0f023d2-8012-5d76-a901-77e5e31824a0,b97d9b36095970483bcb0a78cb7dc8282cdf24ba,paragraph,EXTRACTED_FROM
dea673ae-7fbb-57c8-a401-3d7ea6fe8d48,31c8a2bf40ed734a80eebf18b3644a08f8e2dce9,paragraph,EXTRACTED_FROM
318fcf63-78e4-5655-b8a8-5d8799ce4ab7,0b6cdc7be35ca3996d0c415da2da53287798d31c,paragraph,EXTRACTED_FROM
fa8dec94-9802-5bba-b828-272df94b7828,c8964404f131d09fa1ac74444d7bc4ace9f9f86c,paragraph,EXTRACTED_FROM
d1e243b4-ba34-5c63-990c-b9b90e4ff080,d3fcff165aea598dc4db77fd4e90af16f74e5c7f,paragraph,EXTRACTED_FROM
e7bd8d25-fc97-5b0d-b19b-f59d96b9aba4,9d9426722d0dcdc092a1f7210321967bead93140,paragraph,EXTRACTED_FROM
83e39104-02d5-541a-b3df-279299c90360,c3c841181564ce0246fa9787a785a77decce705a,paragraph,EXTRACTED_FROM
4443c9c8-5621-5bd5-b72b-af0158aee012,3e66fe7f663e97754bf026244bc1d97d0aa5dde3,paragraph,EXTRACTED_FROM
d58a3e05-63d4-50e6-9731-d5050bb361d4,bdc1345cddcc37884197d1c433f74c3288b97567,paragraph,EXTRACTED_FROM
497219c5-9616-507c-a1fd-39fa3549a046,4246be965d7404a0ae803f98289f1571b0be845a,paragraph,EXTRACTED_FROM
9b263bdc-8a45-5525-9808-f3814981b7bc,2bb76e6f446b8662d19d45567d79b4bc16f68470,paragraph,EXTRACTED_FROM
f846e33f-2343-5cbc-bb78-85c7b8e6873c,e24d42c747fff9ef9b26f31a048e90cd11fe49fc,paragraph,EXTRACTED_FROM
d263d2e5-0cd7-5f89-a47c-b4b7036803e9,76b7277517d0b56bb51d4efae0af0ce8c349e853,paragraph,EXTRACTED_FROM
fbc7635c-3eef-5d16-a507-e6ca6b96d4a2,f8ed3d02a2bb43049cef66818c8addf9bc7a066e,paragraph,EXTRACTED_FROM
5a2c3e66-c4bf-57d9-ad74-b324deedaa26,97c2eff0480e07d1eb02cc95c6475c9c52d81e78,paragraph,EXTRACTED_FROM
0210fc09-6d1d-53cc-9522-26f13a4eb36d,2bdc85b92f68bd4c83c59da5898e24a1a0032429,paragraph,EXTRACTED_FROM
1943cdc9-acf8-56c9-950d-de9dd0def637,bb762da11091d7a24559aa44397e5c92545eef80,paragraph,EXTRACTED_FROM
4e51f5d0-760f-5734-8715-2c4d212fce95,8998f0c71d547e631a5022c8eacc6316ef872d05,paragraph,EXTRACTED_FROM
d34809ca-a39d-5603-90bd-b478fba17623,070aee68ca789abd80df9b862f2f03b8ca4d5c80,paragraph,EXTRACTED_FROM
84cce2f0-be79-5136-9160-c049d7348596,7ad985665b01f742a0c8fb2256b1f4468a5ec3c5,paragraph,EXTRACTED_FROM
7b9107eb-9bdb-5c70-af01-8d30e294683b,704d49a2ed4c9e9f9c315a49dd557c93af84174c,paragraph,EXTRACTED_FROM
7a1e0212-2f1e-5ef7-bd6b-5b165ca38a77,37a2609ecd8ac3b5bf3cc018205c4cc7895ca760,paragraph,EXTRACTED_FROM
c0cad6e1-6d98-5a2b-9a01-fb4029aa873d,a004a8b393ccfff834df7908ce0524ff7bc882b1,paragraph,EXTRACTED_FROM
afb89b04-ad23-527f-92f2-22649a2c9681,246867f6aac4abba4d9a6d44967d58e3ee211db2,paragraph,EXTRACTED_FROM
72bb1605-5e4b-53d7-a26d-7ce440e06b6c,469ac43f1afc73c8d7e9966881c3244a88ed21fc,paragraph,EXTRACTED_FROM
52e5a585-e68a-5d8c-bfe3-6db87f5ef5e8,14c53335a658c33c130a52ca879344dd55893466,paragraph,EXTRACTED_FROM
8ddcf0e0-cb67-5bb3-8d98-4c0494842747,6a3a62985b5181c3240a36ee811bd7c884428381,paragraph,EXTRACTED_FROM
830a0384-bca8-5121-a0ab-14cdd3e9f38e,528fbec2795cdc391eb0ab0a75d04ae9036d7268,paragraph,EXTRACTED_FROM
36a5f362-9098-5929-b424-a42d78ccc759,5031ea40746df85eb50a5431b63ab42c22ae33fc,paragraph,EXTRACTED_FROM
d3731898-7e2b-5605-b6ec-b21acbd15823,eecbf89b815cfce892e0303883fdc9ad1ef6ffed,paragraph,EXTRACTED_FROM
28eb5687-0029-53e3-ad54-b112ade91cae,f33bc10fc405586332c86fb5b690f63db1f20e4a,paragraph,EXTRACTED_FROM
adc72ceb-6781-516f-ab9d-ec2f615fc663,a1e849c03520770e506ba2096fb4503bd666cfdb,paragraph,EXTRACTED_FROM
2c7f4832-bb59-5d6d-b110-2ef865cb8579,1a93bc8db15d2458775016ef8c744881fac910e2,paragraph,EXTRACTED_FROM
393c0a42-a701-56ae-b5a0-c1b77a013a6e,d4f29adbd555f4c1bc775c78e54d0968f58be251,paragraph,EXTRACTED_FROM
a80b3c90-ebfc-5902-8751-a775ca5f83f1,bab51b5f0cd1807a9ff4fd7a052a371d6af26b49,paragraph,EXTRACTED_FROM
c70b450f-3cbc-5c51-94ff-6ffd871d5ec3,04cdea34c8751f2a6c79f66c76faaee79f4273c1,paragraph,EXTRACTED_FROM
0d32ad44-2151-5a6d-ba8f-4304fa5c6714,d57bcd689d5fce321768110b2234c3d17385e905,paragraph,EXTRACTED_FROM
dd162360-e3bf-5d26-bf87-d6443597d65e,df3a67d5a222a12f40169aa01bce105cad6cdf2f,paragraph,EXTRACTED_FROM
7e4a6476-e80a-5cc4-8980-4ec06d6b229e,9258c28f9335fd7dfac06d82c5b216e6d566a4ea,paragraph,EXTRACTED_FROM
0d68056c-3525-5148-bf67-637636ed329d,776b8fa8cf9c7cd884575f9db388833ddcec8047,paragraph,EXTRACTED_FROM
7a87b143-f3e5-509c-b91b-af1f18e70430,e9e40c3045b79bbf72957a23cdfd142010fa2949,paragraph,EXTRACTED_FROM
35f323f1-a05a-5b11-ad4d-f861d732b96c,e08ae43237312fd6dbbad2dbeb624e884b01a34f,paragraph,EXTRACTED_FROM
3539859d-f350-556e-aa6f-d5eda65e0b1e,c55c1e5ca465ee8d8a690b6937f263601079da1c,paragraph,EXTRACTED_FROM
e02f84fa-d36b-59b5-9acb-0f772ee9eb67,e0f86f9d06e98cea4454e2f11df068a611d2fcf4,paragraph,EXTRACTED_FROM
6d537fc8-c2ff-5cf3-aa29-eb1b505b0ff6,f1a1f1007504b68cdbfc8e0d09615eb79d0b6f9f,paragraph,EXTRACTED_FROM
0de3c3c5-493a-5ee6-96c4-96de915b410f,fada2b89d141284974a0a47e80f7af4c7988916e,paragraph,EXTRACTED_FROM
298b1147-6fdd-51f6-bab3-b04526d21379,2c3fa30d28a4128406b5d1df2db336ee7cacede3,paragraph,EXTRACTED_FROM
260863fd-7685-5b17-9e72-72474baf6459,e2e9b9e9341bb5fa55b070baee559b5d4aecbf17,paragraph,EXTRACTED_FROM
4ff578e6-5221-5955-b325-1276960793e7,945860ebde8e34e3cf2e634e0d63ccb43f27a2d2,paragraph,EXTRACTED_FROM
06dd1b2a-60ba-5077-9656-1402cb7606e1,717b59142abefe92d6a2ca99310bb6f688a24d59,paragraph,EXTRACTED_FROM
2686fb1a-17b8-5c5b-a782-a34544d727d5,152852f1ed0e37a9322d7328036495cebdb29ead,paragraph,EXTRACTED_FROM
3f1d822d-176f-546e-b3ed-a9c149e60e41,7b5cfd4e47aaf4b18cfd3b9e591ca2103b86f8db,paragraph,EXTRACTED_FROM
1a6f6d2c-dcff-53f6-91f1-4a106c0b69c4,8f55dae5b9e1c7a353b416fb9704f1d6f0c3463a,paragraph,EXTRACTED_FROM
2b150f38-dc30-53a6-9557-f466bc0e1b9e,e71c706c3ffd94e7203628d92b5a71aa2463323a,paragraph,EXTRACTED_FROM
3b427ebc-04fd-59a3-9c45-18a78c48d6f7,0943bf87c0060456c8b1cdd1d8577c3ba7ffbb85,paragraph,EXTRACTED_FROM
789c24d5-5ede-50f2-bf43-b2e4a32d7303,374a34bafec2707b04c8031e8ff555acd67978f3,paragraph,EXTRACTED_FROM
8b476357-5b3e-5061-b517-e16d9e7cbcff,c0f3448635ebd9bfaf2799d25ec590d00590e10d,paragraph,EXTRACTED_FROM
dc93f2e0-bd8f-51c6-8ccb-7981af947231,6f6f5e598b048c0741fa1fc48f60c156460e8cf2,paragraph,EXTRACTED_FROM
867d31a9-7856-5782-b59b-667b5d11e900,ba1cfbb64e6fc0fb53abf311fdadbbb983d703b0,paragraph,EXTRACTED_FROM
9899fd4b-5648-53b6-bdf2-fcbb2242a53b,4aa4c9c2f32e576baa99cbcbe1fd477606ba8d51,paragraph,EXTRACTED_FROM
744dfdbc-bbb7-5969-abc5-045b6881605a,d98564cd3369b24a4d312c5a29714ccdcdbc77c4,paragraph,EXTRACTED_FROM
8960912f-d340-51e4-8947-e9ab8e82ea70,406548e6cfb4dd5830f0e776c8dff0fb2668f832,paragraph,EXTRACTED_FROM
f84b50a9-080f-5f4d-9094-aa23a6e1cf98,f95e8a0e55a7199b3dbd65a39777f54e21e1f7da,paragraph,EXTRACTED_FROM
a0e47530-7866-5687-95cb-1e63259b4657,852037a4b3ab26c4e2f3d6bc4210c665f6ebbe22,paragraph,EXTRACTED_FROM
3902e24b-cb17-5208-a9e5-e1b90f440b28,8f38c79c747ecf83b21e32c709bbbc3af33a26cc,paragraph,EXTRACTED_FROM
18168a19-029b-52de-a5aa-cf6ef6442bf7,dd63d254d97101cc66b56c4e6277a0b2b54e7607,paragraph,EXTRACTED_FROM
c6106812-9201-50ef-be2c-a5ddae03b7a6,d25eadb17dfbd12fdac17669dc03f2d7d4b42b04,paragraph,EXTRACTED_FROM
8740293a-86aa-52af-8d84-375ce7805a1d,c38346a34d3be07ed67220c442deee9e256b28d4,paragraph,EXTRACTED_FROM
920ac3a4-6e61-5cec-a78e-5e3c5bf86f53,d1f399f3acdef2b68ff18482f0af265d04adf43d,paragraph,EXTRACTED_FROM
75cea136-b02b-564a-ac48-1a3236ee5f73,4e7e9ad9aea2174a1567bbad88870f99dd18ea8f,paragraph,EXTRACTED_FROM
663f8ee3-49e8-5fff-9fc0-bc646d8b34f8,d9913b8601818cedb4fd5f7a05065fb759f4d6fa,paragraph,EXTRACTED_FROM
eff62855-1e94-5fe2-9cba-7ae5242fda49,e514c104210b3cc58b76318d834fd5cabe92c2dd,paragraph,EXTRACTED_FROM
f8bf272a-635e-5d03-b522-c9d4c010e7ca,f3331b9cb72b7d52b38a5b82c4c34cdfa5140fea,paragraph,EXTRACTED_FROM
e0eff57c-00b8-5f78-a462-c93c765e3add,455acbc59821ea10345e21148c8c8b0aeb857800,paragraph,EXTRACTED_FROM
de019ece-3586-5361-a8b0-dee3c7ea6175,cd40e0e7a8161d3da1ae201de5f5ca2f88b009b9,paragraph,EXTRACTED_FROM
8bf4a40a-f42c-5eaf-bc42-3b6383bc8f88,4be18d7d5e416be9e28acf219f7054732f36fe3c,paragraph,EXTRACTED_FROM
09104813-362d-5361-b146-86012020d664,d9db7094e841c6a48873a7361a9af9a4fbb1206e,paragraph,EXTRACTED_FROM
e9065da1-f4e3-58e0-94c0-124a1883cf0b,8057ff8c87080b545d5785249767c75914bed129,paragraph,EXTRACTED_FROM
96a642ab-e8c0-5166-ad7d-659b31e56d0f,c05ebf163be60bc4a6f11b27d4ae14c80e10c3a7,paragraph,EXTRACTED_FROM
79f19ef6-505f-5830-9335-0e101533d7ef,ae2df5db10ea452df156d850a4dc6c045be53017,paragraph,EXTRACTED_FROM
eb4cfbfc-008a-5316-af14-9127afa88414,4c66272413883fa8109bdebd7008942d2bc9152a,paragraph,EXTRACTED_FROM
64a9c022-23ab-57b3-870b-2cb9c0a8b410,f68369a9e9700d747fc98d3af9e989064bbdd887,paragraph,EXTRACTED_FROM
4a78752c-8c1a-515b-abce-5281a4e6ad69,2b35f7426d9f6f0244c42c7d538d26d6e1752e07,paragraph,EXTRACTED_FROM
1e31d5e0-2e44-5381-a8b5-13d49dc24cd3,3805658e1a976fe2829c422ff4637fe58b382aa6,paragraph,EXTRACTED_FROM
fd25a903-c028-5799-8890-80fcaedb4806,01587c9a3de59f9965037cbb38691d08fd701581,paragraph,EXTRACTED_FROM
97aa2e2c-83f9-5876-90d7-647da61c0aca,cd5d9252047b55bf90b21555b09ecdd616b80c66,paragraph,EXTRACTED_FROM
5a549975-3a2f-59aa-a695-b073cd409732,440567f0e94b473c584860aba30550c07b2dd7c1,paragraph,EXTRACTED_FROM
7751ee09-3901-517c-ba43-2c2075dd86cf,cf7b6fcf5114e3535c5a9d295b19d9379442801d,paragraph,EXTRACTED_FROM
1558348f-acc1-5351-8fef-668b5f50db6e,7e29fedc3166ebd051406f103f12f390aa159bc6,paragraph,EXTRACTED_FROM
c1b92afe-abd8-59d6-b32c-00683919ea6c,982fc7e9cc075ff9356e4030e99d722c388895de,paragraph,EXTRACTED_FROM
09a50acb-9335-5ad5-aff0-22cdd434c795,970fab654b65b968e79641ae22e56ce486b25491,paragraph,EXTRACTED_FROM
9312dc3f-71c5-51e3-958c-55d3e44688ab,295d8ccd48c77f07b50b910f5214c5d31262ee25,paragraph,EXTRACTED_FROM
db21de8d-6f55-5225-a47d-9aa6e699fa9e,be8cc8131d3b5fbf01d96a2f455d739a37a2974c,paragraph,EXTRACTED_FROM
ecdaaef6-c69c-5a41-9c44-d70afb993b07,6ba88c3635a9139949d73ddcfba34766a7e08a6e,paragraph,EXTRACTED_FROM
bdf840d7-281e-552b-aaa9-5f953748a73c,f2acffd3b2b39c0bef6658f8fe32bdd818b20dcc,paragraph,EXTRACTED_FROM
246f01c6-1f23-5bba-9fd1-23b5e19d4603,3738cb3ea471c776ec1a8ba180816e6f92d1c327,paragraph,EXTRACTED_FROM
09222568-6843-5e62-b89c-07dba6858946,16faddde76bd096e0737f24f2bdbadf82fa8c5f3,paragraph,EXTRACTED_FROM
887dd018-e55f-5de3-89ee-0d2430d90f11,9dd17550059cef3de0be1b0adaf7ce46e51afc54,paragraph,EXTRACTED_FROM
80af042b-2ea8-5fbc-b901-64be59cca3b6,143a47b227078accf1737823bda88348eb24f71a,paragraph,EXTRACTED_FROM
bcadb973-5255-5153-988c-c5eb90f249fe,3a62057126d8aface1bdefa761231838a63fc072,paragraph,EXTRACTED_FROM
3a785f28-fddd-5a4f-98df-1cc1c12a9b5a,235aec04b614b1914e19730ced9d68df15d1f70a,paragraph,EXTRACTED_FROM
dd43940a-940f-53a3-baff-fd2adcdaab07,55b675a2dc62d73ea6cac704a88857be3358db9f,paragraph,EXTRACTED_FROM
4bfaed87-c878-586d-af28-5cf0679749e5,1db72d288d2b7895e5c55230ff6b40db32dfed56,paragraph,EXTRACTED_FROM
f54a44ae-a947-529e-bc3d-f44d6bebeabb,740bb3fe7746723aa1e8e91b5d4f2719b8537db4,paragraph,EXTRACTED_FROM
526efee1-0a54-5015-8f6b-4c4b2a06c37b,3a69bf2cbc0dc96e691b30599d93ca6115a3a81b,paragraph,EXTRACTED_FROM
8f60c6f9-ac73-5b89-aef5-5c95a4fddfde,c75870e69903b2228dceaeb20e37ae8885cfbff4,paragraph,EXTRACTED_FROM
37f88126-1024-5b8f-a79f-bdcc150cee19,a40ca6852a77d02f0063cfa173be1ca2add9708c,paragraph,EXTRACTED_FROM
4f915a39-6711-570c-8a2c-78d2b95b35f6,a9804f8f4192440a1d4c8e2fbe67790eedda1da3,paragraph,EXTRACTED_FROM
bdafa978-dfce-5242-9a93-8b18d78afd69,b646b3a075b20c52ad033d334036361daf21e4b8,paragraph,EXTRACTED_FROM
5a55b0bf-839a-53d4-975d-0592798d1d43,b6612fc98ff07411b25b535560fe77a0aa7ca318,paragraph,EXTRACTED_FROM
7048e0fc-6e27-557a-9dfa-a9a58999d8d3,bd6df1435e877759268bcae512a40733b1017fd5,paragraph,EXTRACTED_FROM
301c5fa2-d8e4-5e9c-be2b-b5520bf5817f,63d3055c76f7eb407a33cbf177ff7b4f75c88245,paragraph,EXTRACTED_FROM
00bfc724-eb36-5f6c-a78e-891da455d4e9,8efc754eeace140f6e3d15d56eee9ccd71097811,paragraph,EXTRACTED_FROM
e2bb8286-7db5-59b3-93f6-b8b5c3c6876a,264f37d6af23875a47c0214de276870173553a84,paragraph,EXTRACTED_FROM
cdbeef30-0d7b-5842-8086-999f6b9cb40b,0c95bbda3013464bdb624bac1aa6ef5dafeed886,paragraph,EXTRACTED_FROM
ebb63ad8-c0eb-587b-81e6-75c74384d082,b4418f81ff2707bbd28ee47cdd59888c6d022d92,paragraph,EXTRACTED_FROM
4b58b522-98dc-57ef-ac14-b121e84ed6b2,19af70b30202652a71a56981828b8fd9aa27346b,paragraph,EXTRACTED_FROM
c78437f4-aa5e-57bd-90b7-0ea41a79475e,71ad09e00445f279e33913ec84a876511547c6a1,paragraph,EXTRACTED_FROM
f610daf7-567c-587b-8cee-c97e4bce408f,deaaf9151f93e8c3451545b423f47bc4aa505daf,paragraph,EXTRACTED_FROM
71e50432-bf3b-5fc7-930f-809ec626a298,034daa7df0cdf624b77f587f3765f229a36c0d39,paragraph,EXTRACTED_FROM
b626211d-ea25-5f0e-8455-72bc6c27c03c,fc37fd032870568a57b71ec501d531d29d113086,paragraph,EXTRACTED_FROM
c3a14af6-5015-5641-a1d7-d0b5de59d405,4cb5caca6649a5727ccb38ef6ef3c605badb3f6b,paragraph,EXTRACTED_FROM
ed5ee3c9-5b1b-53c7-b5fa-c25675edcdfa,4b0147075857118cf0f0f3918b517da3ff0c7608,paragraph,EXTRACTED_FROM
587f84e4-c2f8-59d3-a6a3-da1e7234010a,e0d174cf7d7d6d74fb4f24d8096fa26053c32daf,paragraph,EXTRACTED_FROM
7abd4ac3-29bf-5bd0-838e-a35c5a8a6f22,fc13dab6cae20689f066164fc4a291cc7185ec59,paragraph,EXTRACTED_FROM
18de33ab-2747-589e-92cb-da388cfa7cf9,759e5f11729f6380b793d8b06caa0e72723ddd09,paragraph,EXTRACTED_FROM
700cd540-0092-5ec3-8a0e-306180ee601a,d1431eb3e8b7f0a67b042b6ab1e03a68209220d6,paragraph,EXTRACTED_FROM
ed88e8b1-0b93-5978-ae34-ef5246a2fdca,357303c3f614d26ea7986e4619e8febffae4f92a,paragraph,EXTRACTED_FROM
32b663a8-d869-58f1-9df0-80e31c2d28a3,b5b87fa2690b5a30a72dcd0cc48c363a9e59a9af,paragraph,EXTRACTED_FROM
3a5f1223-7564-5a97-ab54-0fd2ffd066d0,676fa7c4b23a24afd1e4ad12826342474eb08d00,paragraph,EXTRACTED_FROM
00e12183-91be-54a7-bcc7-ff2f084486c3,73d9be599e4b96b050ba9edf1a92afe3dda4b32a,paragraph,EXTRACTED_FROM
13f421cd-d947-50b5-83da-8152809d8e8c,3b06f5354b52586dea7894914f0d5944f1e5d205,paragraph,EXTRACTED_FROM
36399660-b94b-5833-bc1c-0e352d334d22,0b5836531d958d16689fbbc74e6133c7d539554a,paragraph,EXTRACTED_FROM
80e86ff0-f4a4-58bd-836d-fab7f561c578,cb4ab07b7ceceb0af96137e38fe6a4c1956811f2,paragraph,EXTRACTED_FROM
54c79bdb-54be-5bd6-afdd-eecbf5c7a301,8e117063eb7826944cf029468f95342b5b1ef9f9,paragraph,EXTRACTED_FROM
6e8d7a44-27c0-595d-b645-2a67ff475e53,609b86d387f112b01f497cb07bc74cfd1794caa0,paragraph,EXTRACTED_FROM
0e6bd20f-f9cf-5835-9e21-8662edf706e2,ab807a191f8c236f1125c2baae4015a78e68ecb7,paragraph,EXTRACTED_FROM
0e46c2b5-388b-5c06-b548-625c9e6f1a1c,798541c1053d4ebd5e4cfdb2905c5d6098317f91,paragraph,EXTRACTED_FROM
c59dde86-ac0e-5579-8546-fe7db811c79a,093c6b882d8c876f6a2ec5acfee70aae940c6311,paragraph,EXTRACTED_FROM
b728147d-7e20-5055-aad2-bde15c30ae6b,e4ec56b8aac0e81c66121af3da5a94ab10d6d243,paragraph,EXTRACTED_FROM
2b9ee5bb-fdef-568e-a092-dcc5948578e4,db721d49566218d27fd3457f42015f08251f9c47,paragraph,EXTRACTED_FROM
2250e5c5-24a7-5359-bfc4-5dd288ec7214,6369d69a1d7b05e6723a7ae010a767ef3f7dc83c,paragraph,EXTRACTED_FROM
64641383-8dc8-55ba-b87f-e46920438094,554cd60138853019a646e7793a52497c433ff5a6,paragraph,EXTRACTED_FROM
68eff072-a8b8-53fe-8e35-1674e941d635,81dc16d65bc51a39c64134ba2e3a4d8b510c83a6,paragraph,EXTRACTED_FROM
89bf12d4-5264-5258-8721-cef576f08145,b73959a4e1ea6ae92d10d5f83b1b34119e90324c,paragraph,EXTRACTED_FROM
5702c89d-2e10-5f86-a5de-78b58b3389a5,2547e875cc3f1eba075fedf030a943d50ed9e272,paragraph,EXTRACTED_FROM
4545c9de-781b-525e-8e97-4903bdb78f4e,b7936fa858a08631161c9181865db7512877917c,paragraph,EXTRACTED_FROM
49a5697e-3539-5b6d-997c-1c149a95808a,c9dac39d0801d8210470f669c04b51df81867608,paragraph,EXTRACTED_FROM
2aa023d6-4aa1-5198-8ccb-e0824f344152,5a423bfb0fe11e1063fccc24b6b79014c192a131,paragraph,EXTRACTED_FROM
99c8afa8-9e75-59b5-b029-5bd407f47be8,0564fef5b31e062f7e6608e098063a298ac60f66,paragraph,EXTRACTED_FROM
6d72d125-d9c0-5ab8-97ae-3104a96bdf9b,4b41181b35c5e99386cf59ec4f54f98fc5246a33,paragraph,EXTRACTED_FROM
f06c3604-dd15-5cad-ab6d-be6410c383cd,cfa02ae545db32ad545763516c5177012ee8ebb8,paragraph,EXTRACTED_FROM
2ce8e95c-8431-5e81-a10e-bf4f4f06dc8b,1d27ef6abf095916c417688f025bd72e9104382b,paragraph,EXTRACTED_FROM
77b26ec6-2861-582d-8d48-33e38ed4517e,97fecff2e4f3b26a3b02fdc7fa9890c95d3b7273,paragraph,EXTRACTED_FROM
d40283b1-ad93-5771-9170-196304dbbf9c,3c0557a43fff276aa195934236c7f74c2abe6cb0,paragraph,EXTRACTED_FROM
a0b5871c-0a96-5d81-82bb-163861d58701,5a6406dde5e42593622e64405089ea45b3ac0087,paragraph,EXTRACTED_FROM
0fdec6ab-d47d-54b2-9e0a-64c3179663e3,0bcec2bcce1dc88236071f6707a1ed203291e244,paragraph,EXTRACTED_FROM
ab9d2bf5-7119-5e71-938c-e88386089f3e,2e6ab6ebd795ddcf499c77e1ba891c044a0e58c7,paragraph,EXTRACTED_FROM
5d57e611-fe6a-5e60-8866-b492c4ad5051,9f04733f9deb194ff9885fbf58ac455da9de9939,paragraph,EXTRACTED_FROM
4223e868-73fa-50c9-a538-db4f46ec8bad,6d70c1abfbf7be0107cc8c6998b0ae0b79bedab1,paragraph,EXTRACTED_FROM
adc21c09-d4bc-5d7d-9353-57aadffcec5f,973a2f99a0b4e63f1c962ab93b6617a2d7aa96f5,paragraph,EXTRACTED_FROM
f5e056fe-cbeb-5b11-bf1c-944b7336d83c,e30630ecbc9c61a0f752db658162f22c85d2ec80,paragraph,EXTRACTED_FROM
af4e11c6-bff6-5858-880f-0dc1fedcf1c4,1c83ad95ba2353e6848536d8f66366a8c2f94e32,paragraph,EXTRACTED_FROM
4b05b208-b5b8-5abc-9f0e-42b9b1b470fe,f107e5192b7907fd0066892743fe8d59ad8c414d,paragraph,EXTRACTED_FROM
b50d1588-66f8-5326-ab06-da6f530d0195,332ee94f484f00b93b9c8923d8b902633b001ba2,paragraph,EXTRACTED_FROM
46d8c3b4-bb13-59ad-9207-dac5976cadd7,92b79d3d294633bd5a347ae1c499c7bfee9e69d6,paragraph,EXTRACTED_FROM
1d5cfba2-9349-5df8-b5d5-7d260c6c3272,50bdd6fbadac17ce1903d68552e92687c6aaf504,paragraph,EXTRACTED_FROM
19b7fbd7-48cb-5ec6-9b5b-d07405358f06,ca1ab452b57e16c272b51299681662cf1dd0994d,paragraph,EXTRACTED_FROM
27ff9026-1f34-5388-b677-70005dbdf589,40268f7fbb0eb46b844f07c3a4e8d88210be7409,paragraph,EXTRACTED_FROM
956b6220-fef3-57af-bcec-49ea5e07bc7f,7ec71d376c86d785ca01929c3727b835abca1b47,paragraph,EXTRACTED_FROM
0f3d2a02-6eda-5910-bbfe-e51f2dec389a,1569ad042d6d0bcfa7bd3c4450e5cf5755a9e366,paragraph,EXTRACTED_FROM
82f90d06-5eda-5f47-b691-c580b30c22b9,297bf14dbd9753762849af9d4bd7c2c2e8492c96,paragraph,EXTRACTED_FROM
45193ec8-3fed-529a-bac1-7d1d35e2b4e2,f2401ea2c5f2ab9cff1e28d8853557b92cd260eb,paragraph,EXTRACTED_FROM
31c857b8-45bd-5fa9-8a72-e02bd2ffbe0e,44bf9a0962b25636dba09c738fd37a8dd88e26df,paragraph,EXTRACTED_FROM
b75abfcf-da1c-5d76-bdcc-460267316a00,6e5aaa2c6681b1d08cf15a7e0168e03fb5e5184c,paragraph,EXTRACTED_FROM
f21cae16-aa4f-580b-a54d-c9b702f6ec57,11b62e6cf9b654c1f15adaa5a821c973c3f28f7a,paragraph,EXTRACTED_FROM
6d3b4c9a-74f9-51da-82ad-f2bead90890f,c06613665e64580dccb8d430ca91a170eeb9e17c,paragraph,EXTRACTED_FROM
96098219-9606-535e-877f-5e590ccba2f9,e5fe2adfe96aded1f5fe714a85da43b0ab0eb8c0,paragraph,EXTRACTED_FROM
12ca51e4-64f3-58c6-a8f5-c52cc780794d,074f714dd3206295d16292e8925995899ddff8b8,paragraph,EXTRACTED_FROM
afe8aad8-723a-54b9-a9b9-c230fd221e52,ada90bd0b333d949b7ef69f8ae9ef058d2446e30,paragraph,EXTRACTED_FROM
fc3de849-e9c3-5685-847c-83ea02ebb050,04c4de06cef790a37ec20c7d0480daa72b8a453a,paragraph,EXTRACTED_FROM
bc571e3b-e2e6-5f99-a662-906835de458c,14981dd002ccdf7d04eba9d7dbd67b220efed7fb,paragraph,EXTRACTED_FROM
c0110bbb-c357-5b99-ae89-3ebc67154f3d,3a34ec9a187410e1b0d2badd4fd7213d19be1204,paragraph,EXTRACTED_FROM
1b913870-94f1-5cfd-857c-967500685ae4,9f7d1957d36a28bcf3afe26a747c992e710a52d4,paragraph,EXTRACTED_FROM
0928a0bd-6dff-5543-b3d7-0bbee68a152b,8b5856fc0d3643cb4657d2636ec1cc9ff2552c03,paragraph,EXTRACTED_FROM
dd0836bd-0cc6-5bef-80a8-bad3e2c030e7,4b4135ecea40c7962239058e1ad064d69c5b06a9,paragraph,EXTRACTED_FROM
da1ee2c5-36ac-5e3b-a674-d1839e20055b,bc7a65b151258d2e8d44188a7f9264802384a4e9,paragraph,EXTRACTED_FROM
f20880ba-878b-5922-87c0-400d4f13fd4f,8026243aa3ef5a85581c11b9d498f5556e3fd691,paragraph,EXTRACTED_FROM
bc5427d3-c6d7-5779-9560-e1db4a3ae53f,8fb4e47dbf6fafa4b83090d4293c62df0c8c9ea4,paragraph,EXTRACTED_FROM
a0998781-b3bb-53b6-a297-f6df0a0c371b,45b19eef55ae945d5dd34a30696cf717221ade6b,paragraph,EXTRACTED_FROM
0ae9a974-5a6f-534b-89b4-df52c44f9065,bb068720e320f04854c5a57f7c20a1c4ab17d462,paragraph,EXTRACTED_FROM
eb0d7653-5914-5ada-95d7-2413f52d800b,736319dd9417180ea331a863e8acb0cb1e18d511,paragraph,EXTRACTED_FROM
982262c5-9657-5c7b-b3ad-54fc9c757c9c,afdb742b7278a67b2db2895c2608ecc42074ace0,paragraph,EXTRACTED_FROM
1885d9ed-8964-57e3-9585-73f19b577f53,7412b1d6ef89a00c3b030efe02b05669f8e82e38,paragraph,EXTRACTED_FROM
71e4749f-f4c7-5963-a0fb-88b76c586db2,16169d2a87377aefa379b30304632f0babb43e2b,paragraph,EXTRACTED_FROM
36afd9e2-7ce6-594d-acc0-75e95a2a712a,50b037718ba29cc41a8b4f46f568a81f1bcf2a5e,paragraph,EXTRACTED_FROM
81a2f772-5616-51ea-8a21-0c39d42d0aa7,15d021e53223eb5dceef7f0505e7832f470a7c09,paragraph,EXTRACTED_FROM
da3945f8-ac0c-5107-ba53-61e6d55d9120,3d3b6b44335bde0608e7157caa5b3c14abc1b2f3,paragraph,EXTRACTED_FROM
5acb4c6b-87d7-508f-b0ac-f44dfb561c70,8e169ada96bd09eeb65f6d96227d6fb14c079876,paragraph,EXTRACTED_FROM
eb167255-35cf-5df1-aefc-3eedff0af6c7,92dfda2a04d83b2380fd2cb3f829b26293b042a6,paragraph,EXTRACTED_FROM
8817271d-bc54-5148-80c6-2f1e33978919,d18be7be73447a6c54d92aad99a2d74df2f5ba3d,paragraph,EXTRACTED_FROM
1e8373ee-5322-5f42-a658-3b8220b91a08,93048e8aa062777084f9edb316279ec048c55b1e,paragraph,EXTRACTED_FROM
1fd45cd7-0030-5436-b32d-d4cddf1550f5,48cb49c3bb028280d65978f92cb7002d97125dc7,paragraph,EXTRACTED_FROM
8d5eddb6-70fe-57c6-a731-31388f21c872,dcd8d599864735766e0c1d10c70195f91ba39f93,paragraph,EXTRACTED_FROM
7b337fc0-f7f4-5592-8092-0a323b57eb4a,7d37df2b2b06714e7878a4b0d8ee81d6362d2217,paragraph,EXTRACTED_FROM
79c20ff0-8c52-5235-9d5b-79c9661a3c00,d48fe4f8726066dbc53c201081ef0ddd0fff67af,paragraph,EXTRACTED_FROM
e069c985-23c3-5a1c-8102-974099417ff6,73074e1d9be7486d946ed7738c11e6c46aa362eb,paragraph,EXTRACTED_FROM
7ecf7461-7cc4-564a-835f-521ae0789218,cc62b4d983eb867c275ce5aab83548e1fc019c56,paragraph,EXTRACTED_FROM
7d30fbfe-98e7-5f6b-9b0a-932431cc99c1,6302a82f08ee3ed302850306b0f2f76a1fec83ff,paragraph,EXTRACTED_FROM
d1504236-1e27-57ef-81b6-2b5481213945,976af8f310ea83aa4f6084c18631625d7b13b7f0,paragraph,EXTRACTED_FROM
edb9abd8-770f-5b1d-a31e-3b8e8f0ce0bd,9a988c2059e45e092ecffa0cc9e20d98786b3a38,paragraph,EXTRACTED_FROM
637ddee6-62d5-5c8c-be06-a742c1f73f57,1f9a0c8f00150daac4a4912d1ed2e20bd085f33d,paragraph,EXTRACTED_FROM
4b1d33bd-bda1-5068-b2be-9c48d49d880f,f9c8b2c9046e9cc78edaff9070f85ed47b522e8b,paragraph,EXTRACTED_FROM
dfd0adf2-8f24-5a38-af51-fe42844460dc,fb060cad48851701efb156db0aa121382d65460e,paragraph,EXTRACTED_FROM
a185913e-5d23-5782-a100-31f8d332a881,59c43d6493b629764ee33b93684e433b761759e5,paragraph,EXTRACTED_FROM
d4cf2202-35e5-58e8-871a-b1eab0f052eb,1f647bc2358ac80dbf43ee130f3e8163ab57ad94,paragraph,EXTRACTED_FROM
c8b69fa1-4691-53b7-aedc-9b4b2096cb1f,ab22ddadf2ecb40a4e24d467a6f7bbe72197a1b1,paragraph,EXTRACTED_FROM
0e63c844-480d-5e08-8630-ca6ea2e7dae6,665f66be410b70f621c8d6e5e936472837a413ba,paragraph,EXTRACTED_FROM
288fecbc-0b83-519c-bbf4-44a1d6bdd71a,41cea2f458431bcf16f6516a99ce0c203c8d42d7,paragraph,EXTRACTED_FROM
d0ff066a-895b-5f78-967a-7b9de6ef8bd0,ac9d5e6a5fac336e65b321c3784e665499e5b946,paragraph,EXTRACTED_FROM
30d5b56f-8e07-5e1a-b35d-1188f41ff7f2,5474c81a47dd58893caa4e9635d21b5786e8b5bb,paragraph,EXTRACTED_FROM
036aad5d-f6f4-5b14-9e77-cf5e5f33c2bd,c20e6aaf1f84aeef63fbe9d7831849254b70a027,paragraph,EXTRACTED_FROM
57d04fd3-d23a-5071-8d3b-4e3ed784924d,5db5badc701a078875de16970fac3ca1fffb47bd,paragraph,EXTRACTED_FROM
a7ba2cfd-54b1-5100-a235-9ceb028b4a16,a45fcdfd8dcaa545f16d1e936b7d95648c6e3c67,paragraph,EXTRACTED_FROM
c88c90f0-8698-514d-afbf-b42ded2fd863,304a905e3ad4b4db03a8aaebb7f7bcc80a5dd149,paragraph,EXTRACTED_FROM
fba888c2-5b3e-5203-9cc3-b17f8db715ac,ff0174cc67cbfa14a76aaa24c88d2f012e5e5502,paragraph,EXTRACTED_FROM
342fd362-4833-581d-bbfe-60fa1a8c9d91,02440341c6c24d23785c731a48b71d4c91afb168,paragraph,EXTRACTED_FROM
77097e9f-2a42-55dd-b9f1-ca03a8c8988b,739afe6a3607da71dbd64e4c03d21ccfa68c6aa1,paragraph,EXTRACTED_FROM
85e7a61a-5d39-560a-8286-ba27f26fdd47,b37e48b0348d02110bff5f592cdec2287e4eb33d,paragraph,EXTRACTED_FROM
e63bf379-3f72-5736-a6be-74263a8be8eb,64861b1dfb00b12e6abb4213f690130ef5f5798b,paragraph,EXTRACTED_FROM
d723a034-8ec0-5d4c-a5cb-0d3b763e85f2,c21264685e729ebe6c11e8b6d6af1bb618682061,paragraph,EXTRACTED_FROM
46f9e745-474d-5a58-8aed-f304678fc9f0,8f704441566b75f95fe4663695b8c9d264d25ca9,paragraph,EXTRACTED_FROM
c20c5498-6208-5037-895d-8fc1a41d01cf,ce471c235c0600c7445ffc20db3af3765d222a9b,paragraph,EXTRACTED_FROM
b26abd16-382d-52ad-b13e-47510333820d,07d54906c02656c4186a1b9f420a502f90c677a5,paragraph,EXTRACTED_FROM
6a72a53e-257c-5adf-a163-012a8bb38044,1ae1cd852c81043e1774889290be2eebc360c1c7,paragraph,EXTRACTED_FROM
97c1a5b3-fdb7-5ff4-a6ad-aa11f070b74a,e1fcecf6acdc03995e9f00df82c0278e6d0b8f23,paragraph,EXTRACTED_FROM
cd0e1e6d-0ace-5ea5-b987-5756f950fb48,0a6c1cb52d5f27b94015073bb940cf5a9027b981,paragraph,EXTRACTED_FROM
2b8e66c1-106f-56af-81c7-ba21c899c0a5,d8142b56c4a0065d80f1d6736ac99935f789e093,paragraph,EXTRACTED_FROM
1a6a061e-8fa7-57c1-9d7c-5d5a132f20a7,e4aeb04bf33d8d315f72b1f118b450c8cdfa6855,paragraph,EXTRACTED_FROM
03883792-4c8a-55a2-97f3-088a3ba55b57,d5ffde39a28b7ce93559d121f4726b891c8ba55f,paragraph,EXTRACTED_FROM
9c3ae233-522c-5453-aca2-328f18132265,0ddf8e70ad70aed500416f8422696f7c67438fcf,paragraph,EXTRACTED_FROM
f6c28ba3-4089-5888-9fa6-4ddf7febfb8f,6817029f501c5e850c4ec850da3be6a4028a4284,paragraph,EXTRACTED_FROM
223e47b9-f79d-5c03-8375-5d4cc1e4618a,6f692d7ad7537e504cbc4e9c31e8f56f6d41460b,paragraph,EXTRACTED_FROM
717bb9ea-79e6-5675-a0d7-ef221991732d,8d2e6e3950fcf8511099c38f2ed859116b86b5b2,paragraph,EXTRACTED_FROM
1360e41f-8668-5b84-8a95-73405cc2257b,63c436865ab0abf108c9e4645c6300d5aaf32a60,paragraph,EXTRACTED_FROM
7a31f8cc-5478-5ac3-95b9-c7ff503cd3ea,55f752e0520a0e5d57a2426a7b87a08842aa6afc,paragraph,EXTRACTED_FROM
8bd38aa6-2043-58ed-bf19-63567f8b4291,918384deda5288e78c3a745dc3cd84e36701b9ff,paragraph,EXTRACTED_FROM
66eb0610-ea6e-523f-b3b1-bdaf8c97d889,09f143c4f0ce1692714a73130c9d82f167f8e936,paragraph,EXTRACTED_FROM
3ff4b8ff-f15b-50e3-893c-c8b7a1f0de4e,73034bf9c11ee0614985d59b911122d0dd3f55a0,paragraph,EXTRACTED_FROM
222f8bc9-09d2-5ee3-b576-3beb97ac7950,3a75b0933fe0e22a5e23bd97667de101fc45a3cc,paragraph,EXTRACTED_FROM
74f22930-b73b-5391-aae2-cefe47ed91a3,c6767f1367cee99e5313467c464d34872dc651ab,paragraph,EXTRACTED_FROM
e592d9ad-e1a6-5d0c-8aeb-ca8184621a15,615b40aecb5418798e955415eb298539eed499c6,paragraph,EXTRACTED_FROM
cfdc458b-ee9d-5b48-8c98-45738ba6d6d9,b8c867f601b5fa75352385959851f3d26a8dd4bd,paragraph,EXTRACTED_FROM
4d7a6ee5-3cd4-5c1b-8bac-ca02b8e542d1,5f706ecba3aaf6d25d19ae4dc7f993407e2f011a,paragraph,EXTRACTED_FROM
a37a53b2-59dc-565d-afd8-1a68c6d0531f,f4bb26668ac7e7c61ed619fee58ce01f6e111197,paragraph,EXTRACTED_FROM
2723fade-9da7-5022-a140-ec7af56933f2,a90823fb76837802cc096f970838446ad07c5de7,paragraph,EXTRACTED_FROM
e9906668-af31-52c2-9ca3-46edf4b3d294,57719fa0fbf2e3c023c3e653dac5c8d6c84593c2,paragraph,EXTRACTED_FROM
04715a0f-8534-50e2-be2c-aa1933fcb7a3,bb16dea0fa4cbce46d0798346c221aa4f6812b80,paragraph,EXTRACTED_FROM
c5b18571-e187-513d-87e4-98b8a9feb619,798437b45d8583612bd42b829a49c2181c7ec15b,paragraph,EXTRACTED_FROM
371488c4-2767-51cd-a12e-3279789307b7,2a8e1ed9782774f4e44ac46fa256a7f27f4889ee,paragraph,EXTRACTED_FROM
3695c841-ffb3-55af-85b2-2f6a9a686b7b,975f973d7dceebcdc253dcc88556347417a9855c,paragraph,EXTRACTED_FROM
6ebf887f-8934-54a3-8531-2aae73d1bab4,0977daee8ab497ba19e0ef60517e25606368fa9e,paragraph,EXTRACTED_FROM
df03151f-fee2-5024-97bc-ff789f4a642a,1c487e847acc73ac24aeaeaf0ee0e7a7a24e715f,paragraph,EXTRACTED_FROM
f7b23467-a1da-5099-8dd2-3242f4a59cdd,ec212c7b0472ab92270326f5f0214f2d9bd114c1,paragraph,EXTRACTED_FROM
2fff75e4-3d8e-59f5-8108-64e1e9235d5b,9c94949d212a8d4fc6760397b5b50bc80e3fd880,paragraph,EXTRACTED_FROM
1c23f4aa-35ad-5fc8-aaaf-8a6420f7bf01,48f2720e7b289b343899f6b26e21d1fc79b19af5,paragraph,EXTRACTED_FROM
63c24c95-563a-5794-9442-ebd8d28c5f9b,78be44bd647f877e8dd6e4a2dcdba1a3f7ea6af2,paragraph,EXTRACTED_FROM
724aaeb5-d87b-5837-9ca9-afff79e165aa,3611384d2e733d7b62572d60e9578f206372babe,paragraph,EXTRACTED_FROM
714cf58a-fdbf-552a-b570-f67a09f8a4e3,20c256cc433b06fd30574348d91e4a1d44649baf,paragraph,EXTRACTED_FROM
e6ff1873-8b23-5cd4-9a9a-7a03d5946dea,5cf3d235e691e7f1f4c5d0853642455c6e43749f,paragraph,EXTRACTED_FROM
54515387-d3b3-5504-9433-afeb567b4d67,1000e0d534c06e40183f788967605b5083d570a1,paragraph,EXTRACTED_FROM
ffcfbe4d-3b4e-5a77-bd50-da20a9c5f519,0196ef1749a5b8cecdd77d302abb4855debf7843,paragraph,EXTRACTED_FROM
020337eb-45ee-5ff2-bc0b-db4b51f3f5b1,77300ddae627afb33755d2fcb02ef1bdb1fa4de2,paragraph,EXTRACTED_FROM
8e362759-f00d-5530-aeee-b9174ba9ef8e,6078af24ffb832b6cdd243958fed174fad438b54,paragraph,EXTRACTED_FROM
3cff4c66-5050-5851-b317-6621b565dd2d,819490888bf11122e54012b9f9fc5c1bf2576d91,paragraph,EXTRACTED_FROM
eed70d8b-c807-547d-bc40-428bd3bd805e,c7500a36cad97a1145ce32ed621cd480dc2c0108,paragraph,EXTRACTED_FROM
76d35583-0b30-54a6-8717-33adbeea6ba1,bd02f73d0c159a24febc0f3b837098a73fd108d7,paragraph,EXTRACTED_FROM
e88cc434-6a82-57e2-8207-98028613fadd,d115516b6f0926d591e9bae72ecc5ec54034a9fb,paragraph,EXTRACTED_FROM
7638ddaf-5bda-5baa-8af1-0372c344dcf5,602daa2daf1255addeb75fe4653ff8dd0ac2df4e,paragraph,EXTRACTED_FROM
27e8a68f-1191-58a3-ade2-2438cd550ba1,5dadf840b386c9d83c3b7fb64538ff0fdbc40700,paragraph,EXTRACTED_FROM
3a19f7ce-8e56-52bc-a54c-1cf8608e8062,250f56da7867b535fdd1ab8c0c1f76fd4b18ff84,paragraph,EXTRACTED_FROM
cb2779f2-bb4d-5895-a502-2a10167364bd,1c7d80ff954f507d24c1be97407e4941609d84bd,paragraph,EXTRACTED_FROM
74181ba1-08ac-5826-a200-61976d056e35,9413b8afa49477dfd07a79449fa56506f049c83c,paragraph,EXTRACTED_FROM
80249055-b422-5ee2-9a66-b451cef71bbf,59b2d04500002844ac87927e17cd646d161a75cf,paragraph,EXTRACTED_FROM
4b961aa9-109d-58d4-b053-1e6ed35d0e00,f831e0eaf5ec119c5c8f43cb6f3e1a5c8b129ed4,paragraph,EXTRACTED_FROM
90244a08-dab8-53c8-9066-8dbb113e1016,14a2d233845046404cecf60db42a9c7c8ef1dfbd,paragraph,EXTRACTED_FROM
02c41d3b-fa12-597f-ab8e-b5509eb0523b,f550ffb90ad5a2b48896434fc0712102dd9e11b8,paragraph,EXTRACTED_FROM
402ced68-b6e7-5a95-9c3b-d643f8c4fd73,75a938fbcbfc51869d836013097f05ed129cb13f,paragraph,EXTRACTED_FROM
5fc6181d-1ef9-53d3-b0e1-e29b5ec33622,b5c8932266b9b2506cdb03c087cff1e11afca874,paragraph,EXTRACTED_FROM
56c1de4e-936b-5a31-8e60-b913b6e5ade9,4de1af68a4c4e3980b4ecad3a0bd864456cffcbc,paragraph,EXTRACTED_FROM
8d30141f-5e58-5b27-b574-808fdad35de7,72627872c854500fed06adf5574bac0d3f544163,paragraph,EXTRACTED_FROM
4f2519ac-fdd4-5cce-8283-2a8804642c93,0eabad9e6adad75b27de986850a6f273f63c3bbf,paragraph,EXTRACTED_FROM
20f9a265-6592-5942-a32d-76fe03b0bb81,5b7aa72ae07b7dcfa82b0f97bd71edaf0f84128a,paragraph,EXTRACTED_FROM
fb12431a-ed9b-5f4e-b0f3-def4eeed87c3,b58b9c1ab3c2f3dcdd15979dc597fb42a4c0c4a1,paragraph,EXTRACTED_FROM
e803bb5e-a4b9-5f70-9b2e-0cde7fa4cafd,c21f913c1db81235395d58d36fae7a4460aa413e,paragraph,EXTRACTED_FROM
4fedeecb-446e-5a97-ac88-cf678efd7ecd,2d0ccd66d3ea800ace4556e1a753776801f8d039,paragraph,EXTRACTED_FROM
507a40a9-5e04-52fc-96cb-6ce4b0a3b08e,50b21c8d2637d79005c86abe003b8669deef9882,paragraph,EXTRACTED_FROM
42a9258c-69ef-5f02-8cb9-d09895cd98a5,39d7c03c37feb11657322602243346e1ede919fc,paragraph,EXTRACTED_FROM
a4c8dc8f-7425-5598-8f96-9d3e5eb3e25c,896f6d0fe83bb049199fcd62b968dd368d3f5628,paragraph,EXTRACTED_FROM
5ae9fc33-334b-5304-9da5-5b9f3639749b,8e0ad772c4b6dbb8845398e180c29445dc4e3fef,paragraph,EXTRACTED_FROM
a600b239-50d0-52f3-ba7f-15c2639983de,47a369218369af09aa01a1344518be1c64ef2a36,paragraph,EXTRACTED_FROM
81dfa226-4152-51a9-94a9-14724e004828,406b3148f34c172aaea8b3861f6fd86a45c2694a,paragraph,EXTRACTED_FROM
e5f62358-9c9f-5822-bc88-e0bb220f670a,af26989495bd86bae6e0ab9797875dbedfba2eb3,paragraph,EXTRACTED_FROM
0f7fa9a6-1d64-5f4c-8822-470e7a5a6b58,34593d9e791754431be3949fb9a9c9807cbd4f50,paragraph,EXTRACTED_FROM
17f1c277-0473-5e54-a9aa-5251d29e258c,b6b71c15541a93803fb4915a786829d59ba72859,paragraph,EXTRACTED_FROM
17364139-c77f-5c54-be21-cc7d656ab44b,ceef73da15deb074fe2483b89e3e099f875967ff,paragraph,EXTRACTED_FROM
aae2c184-6e2a-5ae4-90bf-91c242c596ac,9157d98e32ae143f2c1439939c940fe3fecc1c27,paragraph,EXTRACTED_FROM
c1ef46af-a588-5d45-af8f-645c92e4a24d,a84f0d68e15df6a699242fab37efa377b4f67b74,paragraph,EXTRACTED_FROM
64761039-dcab-5abf-aee2-da39e728a779,9477e4006aa817f3d0ff532cb4197e201ea42b0b,paragraph,EXTRACTED_FROM
9054dcc9-68e6-5f17-a63b-0de6c83388ec,00194b5f72373d13a7bec05332775fd416f8ff4c,paragraph,EXTRACTED_FROM
90a2f694-9b8a-575d-b22e-50590c24f112,0d4ae765f2ff8814974672ebdda19b9d498cf83d,paragraph,EXTRACTED_FROM
9096b244-e68c-5788-bbee-769e64751467,ec313f9c2975a81ebb8be791bf7dffad6f4a8287,paragraph,EXTRACTED_FROM
1156c751-8099-5935-9547-43d185790fb2,5cc0b36940fbad08789c274c40776dca0fcdd846,paragraph,EXTRACTED_FROM
c7393c6e-a006-528e-8b3d-77bf53d32d38,6e302efb2d50e2136412bb1b7e193c569cb3c06f,paragraph,EXTRACTED_FROM
509576f6-f518-5f2a-bad2-b5b122fe8e11,17eaf0df8ba1c4bc6e4139cada407456e840edca,paragraph,EXTRACTED_FROM
2858186f-b08a-5c2c-8483-3af9008b5f3d,eb05709e747e53f1df72f301bc6fd43502b9d879,paragraph,EXTRACTED_FROM
a25bc272-d9a3-50a0-b608-7c71fa2a1b7a,62e1cb6507ea485182b73eb1462a315a344f47b7,paragraph,EXTRACTED_FROM
61230e92-9ec9-5132-842d-fe87bfdc35cc,4ef4f522a5f4d6e488fc799a476a292a60ec42f6,paragraph,EXTRACTED_FROM
9ccf58a9-c891-53e7-a607-8637f438b997,f371c084be8bd39a673d1d1f3efcaef9b5997d49,paragraph,EXTRACTED_FROM
988af042-5282-5b76-af84-8eedad6495c2,ee58196424aac7312eb5299c738e5b7c947d3c90,paragraph,EXTRACTED_FROM
d53ec44b-ba0e-5c97-a6a4-1c0ad1f77e98,7aeafdddbb929573f90719db3d572c09bbf1e1ad,paragraph,EXTRACTED_FROM
651fee60-d870-54d6-a430-3b61ec74250f,509077ba6e8a1e94f0a23eee01a40df992c8eaba,paragraph,EXTRACTED_FROM
b7230a70-0c75-55b9-96f6-751cd37cf57d,405bb531119f898433e66ff4409938c4f5fd7078,paragraph,EXTRACTED_FROM
229a4075-e04b-5a71-859f-b0807a5d22de,192f414eb7134d2c76f742f0e3eea14fc92d5991,paragraph,EXTRACTED_FROM
8c3d14db-3e7b-5312-883d-9dfebc619477,dcac9bd4a0125b0cf10775b63a937ec46dd691a7,paragraph,EXTRACTED_FROM
7b05ef58-e8e0-5d75-9d08-952858326c48,9b9574ae4757d8cbbbd46dc262f73536ac8e5c8b,paragraph,EXTRACTED_FROM
73d69fd0-fc85-5bf4-969e-a51552c107b8,8491e64eca82d7aeaff3269eb152c09c99f509d4,paragraph,EXTRACTED_FROM
1fae742e-8cc2-5505-9a3b-2a1b9877086c,dd9c463fdd51faf5850e05593f6d3f8187e2809e,paragraph,EXTRACTED_FROM
3bdfe184-5090-50ce-97f0-c91d4c7657ff,920880e132cbab10d7cb462b4138c45d43c45533,paragraph,EXTRACTED_FROM
4bb4e98b-3d51-514a-b167-da2723416d66,fd2f6c05f73532bac05535ea7111b1bde2364c61,paragraph,EXTRACTED_FROM
cbbfa07d-5d99-5a67-9516-92be55805d12,313b8c8aacbba0d38c4b74bcbf95ed71919e99d0,paragraph,EXTRACTED_FROM
e6e63942-fe5a-5750-bafc-02b8733b1af9,a5198da16160710ab3082ac7ee4fa3dedbbaec2e,paragraph,EXTRACTED_FROM
cff33024-8448-5498-8ecb-92e1ce3246e8,c0c844370718c971c440d82231460275c58e55c1,paragraph,EXTRACTED_FROM
79c6c7ad-10c8-5f77-a369-4979d6f1b566,295f18b093d3652e419ee5c26f830808a01802a8,paragraph,EXTRACTED_FROM
c28e4250-c91b-5442-b67b-93840a2243b8,5ac68aab89ce45c17a452223ecb2b7d8350d233a,paragraph,EXTRACTED_FROM
904f0b37-8543-53fb-a334-8f02c3ae8b85,5d09232f725d07cbdf2f9f7df4f141c380b87745,paragraph,EXTRACTED_FROM
129990a9-6a61-5167-8dd8-5fbdf17ec0b1,469ed308e0d54545d04ff698a18ee03967c30c22,paragraph,EXTRACTED_FROM
d2e3e89b-1c82-57bc-9dc4-4cc3daf2aa89,f83d7999ed59b78a618985b16f55fe9543bd5000,paragraph,EXTRACTED_FROM
87ebe75d-8249-5193-8356-957981e2ebd1,ac9ff6e93cf26f8556f399e8cdb7640e0ebfc717,paragraph,EXTRACTED_FROM
003e62bc-38cf-5d7d-bc8a-e64e401b6b34,a71f761113a77fc3c7e3e266dc1df3d6f066408e,paragraph,EXTRACTED_FROM
53529db5-d5a7-53e9-a1ce-994b187672e2,02e4fc9f2e1efc64716b7ffa184361ae3a4bb292,paragraph,EXTRACTED_FROM
bb59a166-e890-5083-9837-f7114ef1e4f5,d6357e7f63fa909121a1c48c8c1964928cf82bdc,paragraph,EXTRACTED_FROM
6155b2a8-7874-5ec3-9458-7cfc0de44eb4,974ce49cca056fda78ff3c1d22bb4a0eeae22845,paragraph,EXTRACTED_FROM
82a6f168-d8cd-5d40-8ba7-8e1752151197,2cfee071620f294c802807c7383c01c323ced714,paragraph,EXTRACTED_FROM
3cdc0242-6b7e-5403-ac05-53b97b2db79a,9200dafa9a937ee1301404313853f394e665041f,paragraph,EXTRACTED_FROM
91f89593-affc-592e-a201-85037763e596,4c80ecaeba6ab283631a762774af3a9ffd5250c3,paragraph,EXTRACTED_FROM
8766d453-8da6-57ad-a1b3-ad1686cb43c6,5941d7c62cbbc3032cea6e39ed3532bd7f5c879a,paragraph,EXTRACTED_FROM
e4b6d977-b521-54f4-b63d-62942517f5c7,76dcdc73107b0ec7b389183881253142a1a07b3f,paragraph,EXTRACTED_FROM
a50c1844-fa75-509e-a754-9a429b7c2b85,fdc82eaceaa0f03ac2c48ecdf2cab72b097b4e19,paragraph,EXTRACTED_FROM
ea24a427-20bf-59d2-b1dc-19b290a8b8cf,b89cc148b25594a03ec33191853a0f563cc6806e,paragraph,EXTRACTED_FROM
58efc620-6369-5ae0-b04b-d6445c55d584,be452d13375190938f1f4a0afd214f0fb419f095,paragraph,EXTRACTED_FROM
8f854291-9061-5a90-aef8-47631509c8b1,1820faab039d36934be63a0572603648e8743d0c,paragraph,EXTRACTED_FROM
2f671b1b-86be-53ec-8f1c-7ee11a4dd2f1,9e4e84cfdf3c447674303a30e88f7d84d8a00997,paragraph,EXTRACTED_FROM
6edf62c4-9d07-565a-bfdd-2753322d5877,895cf99897ad61bdda0343c5b5f53986d59b4b26,paragraph,EXTRACTED_FROM
00084e1a-1e7b-582a-8ac5-e9d072a0629a,1e75919df8fccd08a467dcec2dfd1b132024275f,paragraph,EXTRACTED_FROM
bccb1a16-41f1-5f50-b717-6caec67ade26,44fad66cfb21efe578e53bf312c6f9a77c2f61f2,paragraph,EXTRACTED_FROM
e743ff8b-979c-5f6d-8ad6-47acde735d5f,16016ed461c80983870c34448d3c5431a4f3fc9a,paragraph,EXTRACTED_FROM
4c688633-6512-5edc-b37e-9ba884702c97,9fe71541374cc3251280d49217a6b17f16ea0c04,paragraph,EXTRACTED_FROM
1e2c228f-fb8f-56d2-bb68-d4525abffebb,fa883f6d928b8b2e2381845bc01706369293249f,paragraph,EXTRACTED_FROM
a9bf5301-3792-51da-bfa0-93dbfe1611b9,cc17e21c7b44865e68cb91f578eff8ccacaefed8,paragraph,EXTRACTED_FROM
73c034f1-d284-5c58-95a1-1643684d2a83,ffa5d94972a8d7302c37b2513b43b8157a3af0b2,paragraph,EXTRACTED_FROM
82672daf-9a85-590a-acc0-283b7ca84a0f,8b7c93dc3aaf86769ca330db113355602869a862,paragraph,EXTRACTED_FROM
04a3c7d9-fec1-5dcb-afcd-b90bd52c2568,ee88048e23dfc3cd6f695ce7adedb20cb3c3961c,paragraph,EXTRACTED_FROM
be6b7a94-68e8-53c4-b370-3ac6cc2e98d2,234e90dc0d973488b680a59a6532dbe509511477,paragraph,EXTRACTED_FROM
ec83a848-dfcc-5a9c-b2b9-ca650040e93c,6295a830134730a4d9e109dcc69779d7acffcf46,paragraph,EXTRACTED_FROM
e82316a2-36c0-5435-b7c5-90dac5f88b91,1998a02d658a0b8f270f0d2f5ab0c36e0ae66db9,paragraph,EXTRACTED_FROM
13565c46-7b91-5d29-8c0f-111bb4882db2,ef8d0febc79520861d994c415db4412d5273a311,paragraph,EXTRACTED_FROM
b8e842e1-093f-5aa3-86ff-6007be5b1efa,022d911ce607d8d7ec707e3d3bfe0722a21ddd2c,paragraph,EXTRACTED_FROM
13519edb-93d0-5ee9-a071-64a0fa014694,c692aad9497bc095d97158db1b4789adade899b0,paragraph,EXTRACTED_FROM
7b249b37-b4fe-5882-ac98-a6b4ebdffe08,38fc8c6ba3f1afd2cec12e903e6bf7d51b225be8,paragraph,EXTRACTED_FROM
8dc3370b-1e84-5e1b-be74-c60e7d89b162,92b52d7b8dccaac1429a4f6dbcd0ada34b5fe3ee,paragraph,EXTRACTED_FROM
e1e8f1b7-d68a-5573-ba1a-dabba85cee5e,a9502e775c056b58f601b7f5c43023dcf732fc4b,paragraph,EXTRACTED_FROM
95f292c5-6035-50eb-a9d5-009506770688,e8162d41e6105f977425844ef335a8e5604e1953,paragraph,EXTRACTED_FROM
cae477ad-eed0-52ff-92c1-fdd21d6c3e0b,be97cf89de8804a4b028c58fa3c84a1109bcfc8e,paragraph,EXTRACTED_FROM
aa0d4ff3-048c-55c3-b6a0-5a1472dd4206,44f0ced647475fc25d92d941de6c3fe9b44d2ae3,paragraph,EXTRACTED_FROM
93baa47b-a31e-5f27-9e52-52d9deef9b83,9148d5218b819f3495dfee93cefc1a661d9bc678,paragraph,EXTRACTED_FROM
5a1de19a-01d7-5bf5-9ff2-570065812dd6,2a6fe2fad4b861d008cd7defcb64f8c57fe9d637,paragraph,EXTRACTED_FROM
3d52f956-7efe-5a65-98a2-dcceb8255621,ef0befd87379c2274de2683378ee2ef5c0332ad0,paragraph,EXTRACTED_FROM
3b729ac1-5691-5b2d-8627-012b6882f868,d2f8ddd1e749737c5e81bd6752bb41c54a32287b,paragraph,EXTRACTED_FROM
9a4c9b63-45b4-5aeb-8770-ef3837cad8f5,d42f4204dc29b70a1a1e148c2aa4fe566c62754f,paragraph,EXTRACTED_FROM
08c05c49-4f19-50ed-8d59-8f91fb6ad44b,4fe4adb59e279370de46d7b19be578db22a4b5cd,paragraph,EXTRACTED_FROM
4e5fe51e-8e18-58e2-a74b-41139765208b,01299d252aca616c0af2e916c73630b0316e97c9,paragraph,EXTRACTED_FROM
75714059-f8a3-508d-946e-a5992316f3c2,713adc4c544ec381aa456d89bf29bf9e116c148d,paragraph,EXTRACTED_FROM
1b4c30ab-78f2-5a19-a382-3c92cf9d00a9,672b34d8f37c3caa37d1ae4c5e566a8c8aac0451,paragraph,EXTRACTED_FROM
db1a355e-8035-5e2c-b1d9-b535a72f5389,3e410e34452f55d80c90a4453e5be77b9c7d8882,paragraph,EXTRACTED_FROM
ffeb42f2-712a-53fb-82c5-72b118dbb55a,bb0143078132ee42ef93c6d4a7c7a5f519c6a70c,paragraph,EXTRACTED_FROM
ec7d60d3-a231-55e4-be39-d698cc95b25d,dcbc64a98d0d0894086fa5fbcd986abb44015064,paragraph,EXTRACTED_FROM
0d3a34d4-009a-5a6b-a1d3-100c8c02c37b,378232907a13a6844f848a9704a0623461be3b11,paragraph,EXTRACTED_FROM
5ef9185e-0b34-56e0-a36e-c9d7ab6f690c,92ae0a255ccacf98365b9f2f371d5d86abdffcff,paragraph,EXTRACTED_FROM
295aa1f1-7765-51b4-ae67-45a3d0420c44,9d5c32065c8d2cf3aa14932aa2b44dcc4d47580b,paragraph,EXTRACTED_FROM
9526c23b-0f1d-5305-bb1d-324accca7b35,725ccdcb9087e50bb2e435900e75772750c5209a,paragraph,EXTRACTED_FROM
ff094655-f268-5ab6-bc6a-7a6b42a12827,d5ecf27d56b7745c66107d056bc9317c3fe906fb,paragraph,EXTRACTED_FROM
175cda9a-94b2-5d4c-8abb-4907ecd7fe5e,150c453fe9b5d7a7341a9c660448a9408b13c8e0,paragraph,EXTRACTED_FROM
51567a5c-bae0-52e2-8e9f-521bedebdada,f20827c660c7e55d69a7505065c5f1b08a2f8dbf,paragraph,EXTRACTED_FROM
f46edf2c-41f7-583d-b63d-d138c3c2ce80,853a3cb2187404bc792d2c813593d70cee939c8a,paragraph,EXTRACTED_FROM
01c50e2b-f96c-53c2-ad1e-a22872b4acd8,b2095b1cfa6de00f25ed7aca79cb63d213be3e75,paragraph,EXTRACTED_FROM
3640bc82-2ce7-5e71-83b1-19057b78db1e,ba40f1d228eb50f8b2e4af5b89de516c1be69b68,paragraph,EXTRACTED_FROM
7e19539b-78bc-575c-a5c8-51ebd07325bc,30d9a1a4b43443d96e128dda832bae7580edb5c2,paragraph,EXTRACTED_FROM
4a5bb40f-d431-5bea-9084-7cb20e5455e4,9484e7e95299ae1087ff2ceb990ab1707fcab541,paragraph,EXTRACTED_FROM
ee44cc56-023a-548e-a047-cae2eefa9e19,c25979319f4768db1be654a0331d6b64a665eca1,paragraph,EXTRACTED_FROM
983759f0-9c52-5453-898f-9024105aa5a8,713069253a3c3f468f08c33b99cedbdb4beeee3c,paragraph,EXTRACTED_FROM
0a324c0e-5052-530f-bbe6-4427d29ec185,0e25deea2a454cb389386fbbce0e2fafe9377f69,paragraph,EXTRACTED_FROM
718e5928-ca2d-56a8-873c-5295e666b408,507b959398662321d0430b056fee97111fff6bf9,paragraph,EXTRACTED_FROM
79c47ea0-ff6c-59dc-bf97-4a394433513e,d4f3807ddb2e3685f92c8e0651ddb217725f4172,paragraph,EXTRACTED_FROM
87fe1595-4852-5d2b-9625-adf2f12e2ba1,5e203b32f2f0be411e78b70da0577808d2b410d4,paragraph,EXTRACTED_FROM
e7bdb4ad-bd82-5745-a15c-ff743fc0f293,30aaf53a631e6022f0f083f166f20588d162f084,paragraph,EXTRACTED_FROM
8b936947-d90b-56a8-ab50-3125b5839cd5,c9f0ec2f256e5e375e8c372bcebcd95634d83885,paragraph,EXTRACTED_FROM
7573a3ac-6238-5250-8c82-76e6a9ad4aa2,67096c9b9d9a0ef1d7e623bfe08393ea9021490a,paragraph,EXTRACTED_FROM
b6b7ff26-3583-5608-9230-d49f150e37fd,e325b96ecbe7e1422abdb86832c085c06d49d231,paragraph,EXTRACTED_FROM
9130cf54-31b3-5deb-bf96-ee25a0d907cd,a33c022f36b9966b1931ef5245dc3d54717b4de9,paragraph,EXTRACTED_FROM
66ccf284-8b37-5f18-8e11-ed7f03e2804a,14400d31eaea21d30e13eea603e49631e913ce32,paragraph,EXTRACTED_FROM
79bbb2b9-40a5-55ce-9d71-595cc6945a67,be40d0eb29cfd3dd687c97657428290efeb94503,paragraph,EXTRACTED_FROM
6ba1ef3f-504d-5388-bf69-560d6cf71d33,436e9f6f6d8466018efd74c256379aaafd9df113,paragraph,EXTRACTED_FROM
3f1d1436-a692-5a3d-b84a-ddc3b2c83544,af4cfdf0c4030835935e626f1195b0a3618edc75,paragraph,EXTRACTED_FROM
c62946f2-d693-52f2-b6f6-39cc6bc8436b,d8d8fb5f8e72fbc6a0b3c6c91631059b08b679f8,paragraph,EXTRACTED_FROM
928f722c-5ac2-5ccf-95f8-9b80487939d2,732dc534202abc64c831a18d3744c34168551143,paragraph,EXTRACTED_FROM
e402a295-2b56-50aa-ba1d-22e268a56f55,bb17756d0c77db5cf024bfe72642c140c1e137d6,paragraph,EXTRACTED_FROM
91fe9377-814c-56bc-9df1-0c34c743acb1,66d253d452c89ea1244522b5f5a37fce309fe996,paragraph,EXTRACTED_FROM
021bb57b-47c9-5110-8d48-1031c69a0ba9,403ac6ad580931fe1127dbe690897b1182787a42,paragraph,EXTRACTED_FROM
60e192f3-618c-564b-9bfd-b6674caa4826,b63591f4326b78fb1b911555563d31ac703bb134,paragraph,EXTRACTED_FROM
c3cc3dbc-a802-5fc8-bf55-9ae073a3f74d,6f27ac3279b756e16e5e11bfcf79d431aa055150,paragraph,EXTRACTED_FROM
ec2f3d41-dd27-561e-8abd-d1aeacfefb31,988d4b87c166c3f5902d88125ac15b234f09e68f,paragraph,EXTRACTED_FROM
400d5b75-e3b9-597d-aedf-e6b6102da709,ce36c094e0e27fd0b31dfea01d2893f86c517cd0,paragraph,EXTRACTED_FROM
cbde3419-9027-5578-b935-39aa65779b83,a8620087e357cb8350bd6c2edaaa9b4ec1d763f8,paragraph,EXTRACTED_FROM
1c108393-79ef-50ca-bcd7-fca1be4f0c71,c0e5122aa1f740284c41d9ee16ca1bb848d6da69,paragraph,EXTRACTED_FROM
f2b75977-d0df-5c49-8c20-432fd9c3ab14,a30eec8d78a28436d566be06bd846ceb43c76106,paragraph,EXTRACTED_FROM
663660be-166a-5c7f-8cc5-5ab7f75ae384,c4a5ccec18cb589eb6145831dae771e9efb9f11e,paragraph,EXTRACTED_FROM
995aef01-531e-532b-ba80-ccd449df28ed,00bde023920fb4064792e3f9b68c9299a5a90430,paragraph,EXTRACTED_FROM
0bca1e13-d281-541b-9294-7fd9dbed0470,22523b60d744e1ddac8bdc61b7bed8b71790d095,paragraph,EXTRACTED_FROM
68595880-cd8a-59ff-b735-b3724804b26c,a41e3426743dcbd8085bb7552bd44c9bfe564ab2,paragraph,EXTRACTED_FROM
a3c967bd-fc29-5556-a0bb-e3101593851f,608efa7f926efbc45ae43fca2f8e91d1eac50169,paragraph,EXTRACTED_FROM
fe62b3da-f80d-53f5-9c04-2f68318f53c8,eff3b01f31c9092feffc914f1336712c52925a39,paragraph,EXTRACTED_FROM
c741061b-fc21-5cd6-8bf1-d34457c1e57d,3d9d4f3902c8ff7ce2f696e264be1d2d8f938664,paragraph,EXTRACTED_FROM
87a327c3-28c5-56bf-8528-b4c700541534,8b8dc35aca65137753025e56e6e74dddab2d2ff4,paragraph,EXTRACTED_FROM
dd87464c-5e04-57a2-aea4-ed57f57b8c06,c9c30fa010df0abb345004e4a4b21dbc0ad1edde,paragraph,EXTRACTED_FROM
bfd2b670-f051-5a5c-80e2-4afba2ea1dbb,d5f0f173dc35a1ad4da9e76698716e91bcc2cdfb,paragraph,EXTRACTED_FROM
50f576f2-bf43-5d69-9cda-1bec666b001f,ef6da778812d7125814c1e05b04f2eb6d7fbb087,paragraph,EXTRACTED_FROM
d09ee608-05d7-5047-8719-169798314f5d,cf74201697fc7d3016a91e927f08dc8d0308e3cc,paragraph,EXTRACTED_FROM
5401ddd8-1514-5708-9f55-dc4bb661fa2f,2b95881b79fd034b1ce28e033a7a44af96c48e02,paragraph,EXTRACTED_FROM
c314db59-c902-500b-bcae-5840fbae215f,860719095d70f6895dd2c02d1afc188dac1f5b5d,paragraph,EXTRACTED_FROM
bb82af81-e92b-5757-bc0d-e527d20f3d40,49dc3b017d968cd8d398831f09bb63e37dc680bd,paragraph,EXTRACTED_FROM
0c18caca-bc9a-5d21-a704-968cbf062231,144626392a366a5ec0c3d761b932bb7b05d28288,paragraph,EXTRACTED_FROM
259ae5c4-bb9a-5fc2-be48-b20caaba2481,34df58942412f6530f0a48924939ff1184c20e37,paragraph,EXTRACTED_FROM
a86a75c0-34ec-5327-a439-5a48644b53c4,4f9cd88fd7c94e9e1f1f4577b6e240b5b1457227,paragraph,EXTRACTED_FROM
1e5bc795-88b7-50ce-a719-683cb3a9d8ab,51a8da246d42a526e961ad081eac7c3738c2eb3c,paragraph,EXTRACTED_FROM
5f536b49-5d24-51ad-8f43-8cc2528e250c,8e54ccbb8051468249703cc6982e6964b2027545,paragraph,EXTRACTED_FROM
2d3156eb-c83a-5e15-94c9-553eebb1d49f,d93e3a992330acbd4df897c7b3c4d4e8bb466f5e,paragraph,EXTRACTED_FROM
b3e1fd88-7ad4-57e3-b238-0f24f194fb62,560898802af664ddacba396acffd3159146ae1a4,paragraph,EXTRACTED_FROM
77eb30de-3098-58b7-8c43-6cfac989470a,368a320a4e14fd49fcb6cd1b2d6eb91579f8a9d9,paragraph,EXTRACTED_FROM
1fb8c94c-c9dc-5977-a375-8d6dc323df88,40be28d9d8f848c0df0880737f4379fe50748aa8,paragraph,EXTRACTED_FROM
8a0cf2fb-1517-54f1-9855-a1ced023a6b5,c6e372e2db6878caa924e4b42e37848b5ecc39b2,paragraph,EXTRACTED_FROM
52e2188d-6e75-5175-a64d-2367a952f61e,47203c0d17ac6b130c53241add24776898f6f568,paragraph,EXTRACTED_FROM
a55243ca-6e79-5954-9ae0-4ffff5cc5774,442d5398f49fa1ef9519d04fa9fb9dbf2a724c22,paragraph,EXTRACTED_FROM
ce108d68-3a81-5701-99ee-5cd2c706cd06,45bf7a7925ff80b9ad467d58e7c65b36f5aa9a97,paragraph,EXTRACTED_FROM
ac7e0691-9a4f-5f45-b60a-8f85faae8320,5b490d4dbdc40dcbca67a4171de584f9c67e06be,paragraph,EXTRACTED_FROM
8c0d9fec-e2bb-5b69-beaf-4c5b1f78ebf4,83656fe3b462c1caf428d449ada00a5a54c8a6f9,paragraph,EXTRACTED_FROM
0436da75-785a-5031-b0ad-e3e401fe7271,db003bc701a0d9ed43c45c30a88a7c5f50699d7d,paragraph,EXTRACTED_FROM
51d47b55-1fa9-546c-904f-69a48d98051f,25490c72f6e4b111147880919000def66dc3c7b4,paragraph,EXTRACTED_FROM
9de28783-eeda-5ae7-982d-f11d41606a87,f3e90e05d040c0cc5e6df51e2966c6e92a2e4457,paragraph,EXTRACTED_FROM
ca82b1eb-9efa-5d2f-879b-46bb3dceaf10,aaded3be36c5b9a8bfb1fb446a3475745825fd81,paragraph,EXTRACTED_FROM
28a0bfb7-073e-5678-a39e-a196a3ab1d54,ef39f01bce08557f99240b01dcfc0a150db93926,paragraph,EXTRACTED_FROM
329a6f27-7bc7-5cfa-87e8-0faa852f1712,19a629a48e2a4150aa5a3d7b5e70b5c6ee8ea072,paragraph,EXTRACTED_FROM
1538ffe3-3af5-5608-b985-847fbe8d4d58,eb9a3d2003b45a90268812249c0970e845096edd,paragraph,EXTRACTED_FROM
2b52f053-94d1-5128-afc0-9952fd2b9635,53cea4867804634914882d680d08caf2e54db363,paragraph,EXTRACTED_FROM
5d6e7bb5-f039-5e4f-9f44-7a81af05c436,42173400edacdd881391a2725c2b781941ddda5c,paragraph,EXTRACTED_FROM
cfe69ecc-d316-527a-9c92-9e76ba6ed2f1,269c13614cf89e3b30e8797374fa7de05fab0c10,paragraph,EXTRACTED_FROM
ef224184-e5be-554d-a0f6-efb5a86adfa9,a1d601322be67f0a97d67d2dc6df2c1286614053,paragraph,EXTRACTED_FROM
e309afc3-278a-5dc0-915e-135296293aa5,d75512e489546c162d5ab7b1df20118ed343d27e,paragraph,EXTRACTED_FROM
e9b9b27a-36ef-5cce-9c51-64a46f372a11,cfc2d95d2b55a28c6dd9ec5d1af4b098a46b43ca,paragraph,EXTRACTED_FROM
83f0a674-0122-5455-aafa-923a2613b8ab,8b350c7cfbe0916ba806e477b39d310a001381d9,paragraph,EXTRACTED_FROM
822fe397-b70b-5eda-8130-c02ab27d2ff9,c3e4a205dc1dd3ee5da08243b06774d89bc940e8,paragraph,EXTRACTED_FROM
526fab18-8433-5c68-823e-49bf4b8c458b,01e876ef37707b548a74684fe033c95df7961ede,paragraph,EXTRACTED_FROM
a237a7cb-249d-5a68-9251-92b96d6efbbc,48c3b7c0d880e3698a47c29f3974d02640a750c5,paragraph,EXTRACTED_FROM
d8b883d5-f9e2-5ab7-accb-b8bcf4cb4078,26a0426bd13d04301640c5ff232fa42f7e6495a3,paragraph,EXTRACTED_FROM
a03e23ad-2076-5407-a260-732629ce2f52,3b31a2bd6f5704f66bb64c785ebd921d9d9861f8,paragraph,EXTRACTED_FROM
5946c250-9169-5d08-9c2f-0e664abab37d,42a1410b007c1b4f054f449eb17f02553b688f25,paragraph,EXTRACTED_FROM
7cd71e33-942e-5508-8ea8-62a2d8145cb1,31b4da020999ad6456267172cfd64e0b82cf2935,paragraph,EXTRACTED_FROM
432bf01b-dfef-599f-83db-87d48e07fb4d,c9392ab09c9091f46ede8c861db5fafc1308439f,paragraph,EXTRACTED_FROM
eff51947-e7c4-5adf-8ac0-c0e7b814bc9e,95235f98cd7d76e65f6a1dd257d1c84743a1ea75,paragraph,EXTRACTED_FROM
e7684769-da97-559a-9c4f-f0d085135792,fc6758d5e6e62c573c49c0c63f7648459564bac8,paragraph,EXTRACTED_FROM
bc371747-20c9-5c60-a43a-363860c6610f,dbe5c0bc60dda03eaf9367257b2a32b6e7b7c8ab,paragraph,EXTRACTED_FROM
d3574734-b2fd-521d-8429-10f8842647ca,0101e8f4bea741f39cd1d9f6a4ff02d22f20926e,paragraph,EXTRACTED_FROM
8654ce77-5071-5486-9686-97099bd797e9,32f39b7e7bf99358141c9d302350d8ad1e4254d3,paragraph,EXTRACTED_FROM
4365c97a-58fa-5dee-bc1a-5d70839e4bc0,f650837b983ff273d92db759b1f9a30bb399579b,paragraph,EXTRACTED_FROM
48c82986-8278-53ba-b217-3f53def49931,a75195c430ed73bdae998b6e2f3071f90b1318c0,paragraph,EXTRACTED_FROM
fcfe6376-12fb-556c-9e25-2344939f97f5,58f3e1517245f25aaaeaeab4d7228ace456771de,paragraph,EXTRACTED_FROM
97a4f26a-2f94-50bc-9d3d-f422bef8306f,5b2983b2a512f04b64c273cf41f8bb43221cc5f3,paragraph,EXTRACTED_FROM
9a7f8b6d-5391-5526-a5d4-6e13d8063757,b7996231daa2a6883c90517fb14c43d9f929e837,paragraph,EXTRACTED_FROM
12a6b9f0-c044-5936-8df2-99f8b14b24e7,bd4d4b3ed77e2bd0f9bdf7cab66cf9c0790d8130,paragraph,EXTRACTED_FROM
05d598a8-efa6-539d-a461-3fd47e47197e,588a027b594001de4548a705c8df62516ebb297d,paragraph,EXTRACTED_FROM
7329aa4e-de15-5a87-9a21-d65120e6908f,75949c0b2905c34d4053252e43b95862961528a0,paragraph,EXTRACTED_FROM
c71c594a-18a5-5f4b-9166-f2ef6b719f0a,6f66546135a726af91382e26cae92307ff1f3135,paragraph,EXTRACTED_FROM
d19bc858-0ebe-5419-9c9f-207a177010a7,f33adff0068dc77e4b185d49d05e7051227c2b76,paragraph,EXTRACTED_FROM
6f4f78a9-9acf-5888-80e5-78194b277dd5,a2f2a607e085b6c7903ae30d3af103b93fd2cc05,paragraph,EXTRACTED_FROM
99c84651-c4cc-5bb2-ba2b-01d29a6375df,84fc201b1c8667b9640d3d94459f163df161e44a,paragraph,EXTRACTED_FROM
3a0b8770-4e53-59d0-92e7-53b15e0f2778,2d2195ae5ff14d307f40a3a1aada26a977c351d5,paragraph,EXTRACTED_FROM
01a3806a-0033-58f4-8b5e-ae9e243e46e3,29d10e0d9516e7d90b8129bd26fe37dbe7557a18,paragraph,EXTRACTED_FROM
a3bb6c1a-9839-59c2-97e5-22ba2e52b24f,84641d3a6442634ae4268a2faadeff4a99891d57,paragraph,EXTRACTED_FROM
15071c2c-ea38-5ef0-b3f0-8eb42287faca,0b92857dd5fea327e2c0549f4bda0e1449373718,paragraph,EXTRACTED_FROM
4258ec28-4671-5aee-bbd3-c99c1fea4e99,50c8f4a1ee3b6d65e7b98ad65fc6b062407e2bcc,paragraph,EXTRACTED_FROM
51008c6f-beda-5696-855e-9acd4c3074bc,9f81ee2491eeeb845ff1a63e51bf33083b9c7c26,paragraph,EXTRACTED_FROM
1e486aaa-673a-5d4d-81b0-4ef2bd341e44,16b1910d1088280684cc2714fa4ed14579ffbb0f,paragraph,EXTRACTED_FROM
cf823ea9-62e8-5f09-a914-bd677bd6f979,1a5359b1055d3155e1ddd3f789c7a7506b51d138,paragraph,EXTRACTED_FROM
dedbedbf-4c26-553f-80bc-12bcd69f2cec,528253ad5da0f550f98ccbe8d0d73238a851c6ea,paragraph,EXTRACTED_FROM
301dc068-f0e5-5d70-9d9b-526996ecc919,86e85659f200cfa2f2d30243551b5d736b3bc267,paragraph,EXTRACTED_FROM
32265ec9-75f9-5dee-adf9-fc199d492a37,a3f80607e22418f977c3e92efbf119da5e58b1df,paragraph,EXTRACTED_FROM
97ba72d6-ca9a-5fb9-80f3-e161c264bc45,a74a11be40596152b0bd077047ceeb724a4b8e5c,paragraph,EXTRACTED_FROM
e464a2f7-05d7-52ba-8d49-ef8f6a241d3f,63e9ccb48c2cda6030c163981cfb9031383ec238,paragraph,EXTRACTED_FROM
5652e5a2-0c16-5266-8da1-d2f18fcfe383,79ce7f06c8084a7d8506614ae6c6e74cf156967c,paragraph,EXTRACTED_FROM
4c98de35-788c-5742-b040-4b6ecaba2502,e5c8a3ca9467999be09ddb0599397ef663ec3056,paragraph,EXTRACTED_FROM
f1eafbfb-f430-5eb2-b4e2-f7c14474658f,3ff087748e0e047c75a95282fde8b9ec9a8a4da3,paragraph,EXTRACTED_FROM
26ae8175-ad77-5821-9c6d-24df73adeabf,75fab6391bd865da949ddf74300dec5efa3827e0,paragraph,EXTRACTED_FROM
1592ce2c-a085-5d76-af9b-7c393b571ed0,57997f970bc072ace36b42efdc71af88e54d2b3d,paragraph,EXTRACTED_FROM
a39578d5-4888-5266-88a2-138d1f43915a,6dbf3fe0378ce4676c81a4280bfd4bde4cda8527,paragraph,EXTRACTED_FROM
acf33a83-bf36-5109-abde-90aabe3d265c,fbb31d63c04a0e24d03d7d1188389b1b9adff88a,paragraph,EXTRACTED_FROM
beabb1d6-4a4d-5eea-a452-7cd54c8c7d68,07a58bc9aebae49f3fa20e77217306969ac01ada,paragraph,EXTRACTED_FROM
05c3bab9-8f57-51b5-a21d-316894a33d77,d72b69f98f1a8fdd4317cd4166327bb564bd47c5,paragraph,EXTRACTED_FROM
51df9103-5f23-56d4-9ea5-150c5c29a451,2418b52a20686c2a62dffd136974ca92c671b9e3,paragraph,EXTRACTED_FROM
9ada934e-1002-53da-b243-728f88130f87,8985a748316cadbf5c98f6508c00dc27d95d86b4,paragraph,EXTRACTED_FROM
0bc62458-acf2-50eb-a272-bc6831b49a13,0cdd8f929f11e05bff324438c646c467ea4a92c5,paragraph,EXTRACTED_FROM
f5f9cb71-0b06-5131-a910-22be40afd042,e9478eb28b0198844b705ca64667a38c0a1cb64d,paragraph,EXTRACTED_FROM
ee9dc1b8-0a9d-5b0e-9588-e75f6dbf48a0,d22a33e21d77c8dff309493ff82d6f4a37e81a77,paragraph,EXTRACTED_FROM
eaa7cc40-6bb3-59c7-899e-6e33b87caa21,d4fdc60b4959bcce31bb0fb7c70888974b6a3a34,paragraph,EXTRACTED_FROM
62e35aa5-706d-5fae-8a86-15849ece4c99,61f4a813c2c518f6abec5690deb277b58a754e7b,paragraph,EXTRACTED_FROM
485c9c80-78cd-59ff-90df-49d1d21b182c,61bd78d92a44c2431864aae3d2dd10b6dc61a861,paragraph,EXTRACTED_FROM
e8299821-d748-50ee-9d6b-0505a4d8b7c6,96f086e4509251a5f1fd003a4dd74b898f189ca5,paragraph,EXTRACTED_FROM
cec1a937-9df5-5f08-ab97-bebad031ce6a,a0413a0d85d0aa468bb8f57ee10647f393164a6e,paragraph,EXTRACTED_FROM
4a162e62-bc26-51f4-bd75-3646ec0d5f0a,d7df1b2efbf9084f8709547cf87007f272668243,paragraph,EXTRACTED_FROM
b4d08a17-83ef-5537-902e-09aec690bf4a,462129d8cefbaca9f39eebf7ef7ee1951b4b29c4,paragraph,EXTRACTED_FROM
e1b306da-8bd9-59a6-95bb-6da5ece028dd,f370c7cb1754e98e51c80b19dbcbeebbf992ffab,paragraph,EXTRACTED_FROM
23043300-01b1-5787-ab7b-399cfb307d1f,9e0de406e40f1e3fc6f5879643a4f14a88d45a63,paragraph,EXTRACTED_FROM
aa607cc8-ccd6-5cf0-a96a-8349985fe0e0,f2fbac3c3cdbba097cdd9892741754b9bd861ef8,paragraph,EXTRACTED_FROM
7bc13a4b-57ab-50c3-8079-312dcc197c08,46d726416d2403f04b6b0bd81b731a0a9f61837f,paragraph,EXTRACTED_FROM
19aef5c8-3498-5814-9dea-b544e4986469,183b5f3a3bdea98c6e347e2ceba442ff169d6a51,paragraph,EXTRACTED_FROM
fa3c028d-234a-5f64-929a-9fd339fbd090,76691d2e14a6d75e4750760e968fc80976de6ed0,paragraph,EXTRACTED_FROM
645ff023-b3ce-5fdb-a55e-f7d459cc3c87,78fc269c0a4688a0542fd421196f1b3fa5ed86f9,paragraph,EXTRACTED_FROM
a5d6e8fa-14ba-586e-9134-5190305db9d7,543cbb7596ba00da6908f3efbbbb08e7ea66e65d,paragraph,EXTRACTED_FROM
fae9ae5c-ba94-538a-a802-487869835e7c,fd19b7dd41424ea36de9f1768f6f9e1867a4dfba,paragraph,EXTRACTED_FROM
c155f202-9607-5b42-ba93-62866090e61e,09e3a126c56d74b3790157b8b406cf541f451f4e,paragraph,EXTRACTED_FROM
d858ac4f-e45c-5c1b-b30e-c363750c82c1,b7a5b7686be1fe1480d34278e32a4ff604986b17,paragraph,EXTRACTED_FROM
e3ea8201-d02e-585f-8dd6-3a9212e422c9,a65368f51c27920c2cadace58c759b7e1c7af17e,paragraph,EXTRACTED_FROM
d08c115a-4e48-5677-94c4-57222fd1201f,81756e200e16172388fdf0a55640dd38174d6d77,paragraph,EXTRACTED_FROM
3a07deff-594d-5aa4-9cfe-405c4ba852da,7708d0b2f1f291aa5200238cc8d6ab97af42bd34,paragraph,EXTRACTED_FROM
8f24f1e1-9a6f-59c0-8932-34a6adbb0053,bf1ed57292880809cd71c43c5e4f67255f0e9ec1,paragraph,EXTRACTED_FROM
69461077-54d2-538f-8039-4649b814db05,1b4ef51b3d756d98c8444b9482c57d94ec4cfa46,paragraph,EXTRACTED_FROM
48b665f7-362f-569c-83e1-0f1dbb0e4de5,9bde3aedee44e0fde8c7b30f0b2f1dd3c58861aa,paragraph,EXTRACTED_FROM
51f842f7-21fb-5e01-88c0-2ed03ca597ea,547e3c726897fc2395592b3c408178127f830913,paragraph,EXTRACTED_FROM
042bcfdd-b89b-539d-b1d1-4584555785b8,217e9b8672a514a984dd08d1dd622735ebcd2c55,paragraph,EXTRACTED_FROM
a22a0ab0-f9e5-5762-be7c-986f7373a98d,53451a75b485d235303a4d448d0e7170ef1bfc45,paragraph,EXTRACTED_FROM
5f13a7f0-e5c4-5f6c-8ef7-45168e1e1e67,031a013bc128c57174baf88e70f7900547ff49b1,paragraph,EXTRACTED_FROM
73dd09a9-cfc3-5d3c-a834-6cb8e4ff034d,68b135015c26b7de95fcc6567fb23292746891bb,paragraph,EXTRACTED_FROM
1fd14465-6082-5d49-944a-48984661da36,249450635a6797cf49ac9b3250529aa4a49c1c9c,paragraph,EXTRACTED_FROM
a2f48485-37dd-5959-ad1b-01aeb608dcb8,e5b80ab9b6df9aaaa0688f12376167462b47707b,paragraph,EXTRACTED_FROM
fca4f069-b681-5c93-8b85-1d270d7d6d11,210ce7a58b83cd155c300d06c2f1f2aeb5791b50,paragraph,EXTRACTED_FROM
b2733c7b-1191-5db1-b620-960a14e5b6ed,7d265856231c209a28a297e9492c9539249e2d3b,paragraph,EXTRACTED_FROM
64db4c7f-6cb5-5102-b813-13a610d40464,1f399915f0f4f65f29e34f00187e190da0e9dc09,paragraph,EXTRACTED_FROM
c67ba508-e888-521c-b2a7-d41957aca363,35275cbdfa88a24d2a20bf8af7ac05ba9c224ded,paragraph,EXTRACTED_FROM
dadbfd66-3337-5f48-8643-f0664bdcc946,c101ab9ee15c24bd238dc69e112755d73a8b460e,paragraph,EXTRACTED_FROM
addadc93-8c5e-5120-a49a-bf3bcae24f42,635b635b6fae64e487074fc8b2c21802afd381d2,paragraph,EXTRACTED_FROM
3d159ac4-457a-529b-bccc-ef2591598af2,c860ee957ed0c8d117f1e36acaf15a60c56c1079,paragraph,EXTRACTED_FROM
8aa1399a-72f6-5091-9554-ebdaf33d1f21,787f24cfa5194c08c4219da82eabc2840264bb70,paragraph,EXTRACTED_FROM
cf93b6ea-d3fc-5de7-b97c-f3665dde65e0,388d267925088dfd86fa828866ce790261d6d9d3,paragraph,EXTRACTED_FROM
4b3ab2e5-1d3a-5d38-934e-165f7a05da5a,2cfa94ef1c35d0bd890e6152a78fa0c64772a8a6,paragraph,EXTRACTED_FROM
c3b88d16-e422-5743-963e-765353c75d0e,5bc11e67bf64a51ebbfedce36c94e410a9e8b1c2,paragraph,EXTRACTED_FROM
36dbea82-0b9e-530b-9597-45bc1f2e6bf2,65643a2123282a9bb28fe88fd3c04d2e928b289b,paragraph,EXTRACTED_FROM
fe81192d-419b-56ae-af24-270298111345,3d89094b9bd65dfd60c13bd9b938c70120cedbee,paragraph,EXTRACTED_FROM
bb65ce10-f8b4-5115-9a48-41c04344e9e7,773384e91bf53af095d2e7379245eb5e721a06d9,paragraph,EXTRACTED_FROM
1b7d3a7f-5463-5aa7-b1d2-634fd01ebac7,a7433663d66e62ae8cb8f85999188f4a9e5d50f2,paragraph,EXTRACTED_FROM
f75e5f59-95cc-51c6-9390-8a5c18b79bb0,c9d5fdf1152d9e2afaa811d17a86ff1376328229,paragraph,EXTRACTED_FROM
76c7fcb0-8b46-5c56-b8a7-253cfc2056bc,a1cff654e5d52d017feaa422116f36d361a7ffe2,paragraph,EXTRACTED_FROM
09c39aec-f1c5-5c34-9ebf-60e63d936587,5d084ae210d79eacda8fcfd3e60cab19200019db,paragraph,EXTRACTED_FROM
c8730dd2-d3eb-549b-be3f-d5f4ae328f69,afa6e9da99fc2da9c5dbeaae8ad48b0aed599894,paragraph,EXTRACTED_FROM
74dc9b6e-22c6-5cd6-a3d1-20cf9928d7eb,b757b2a38d6dff0c7701ccf1404af13ec6ce2794,paragraph,EXTRACTED_FROM
15c92e0c-691a-5db6-926b-6e46b25486ef,2fa0a1a9234fa215317fb062c5c5a73b3ef27c8b,paragraph,EXTRACTED_FROM
8f469669-8a1b-5fa6-bd2a-38df99bbd6ea,fd6e8a0c0f7a848d59af4bbcf085792b8b8c4fd4,paragraph,EXTRACTED_FROM
1e8249d5-d252-59fc-9dd0-c0b4a6dd1516,acbcdfdd233e619c0afb7f58f468bfa1eefa75d9,paragraph,EXTRACTED_FROM
52f6e895-76dd-55df-966c-ba3ce401119a,12a97a700b338aec5074a471b96e55171179680a,paragraph,EXTRACTED_FROM
d15009fe-5ee4-5899-a8d3-b0726cf57e14,129b65832d52d8e0445fa69389f711abeed9f1ef,paragraph,EXTRACTED_FROM
556b5f81-849d-5203-90ca-3fcf36eee43a,1c0bdcbd36c0d5fcc2df44464329f0ddbd0735e5,paragraph,EXTRACTED_FROM
02ea1483-d2c8-5ccd-b165-85e53b8b8829,c0d3ed8f86bd3ff7fa0797302ade0bdbd0cdbcd0,paragraph,EXTRACTED_FROM
38dd53d9-aa2e-59c9-b4ab-f0c9883c5a91,5953c69485b25113889d9c828e48f5538cec0bc4,paragraph,EXTRACTED_FROM
bd47a683-bd6b-5a20-b148-09ac71037534,25ef0cd7efd9f8b77922ea36f30171ac28903e5c,paragraph,EXTRACTED_FROM
11a2eb67-35db-5f3c-b49d-57bd9b086974,1ab03e5e67822d005227ffbd0d9376b4f11e4850,paragraph,EXTRACTED_FROM
1b913066-3baf-5914-a11b-ac9c8dcead93,4993e06c3839fd95dc65eaec355f0786c2c3f0b9,paragraph,EXTRACTED_FROM
8efbda19-50e9-58eb-be93-196f1dfedd37,38dfbe9836fcff9260be92508b069d19bab35d49,paragraph,EXTRACTED_FROM
718088b9-1357-5275-bc61-282e56e9678c,6212353d551f3bd5743d7befcff21b755efc2b72,paragraph,EXTRACTED_FROM
ef53aba8-ee4f-5774-8ed4-46dceccc2684,2f38f8a5f74fe047ef8b836b41eceedc36289277,paragraph,EXTRACTED_FROM
5e709b54-dd1e-508b-a9ae-f397352cb597,5b0fdca9b988e985b16a7e9b0481683228b8d04b,paragraph,EXTRACTED_FROM
49b03c1e-ccd5-5a4d-bc71-19cf78b0a8c5,0d5660b3c816f3fd3d2804a4c0775c96c2786b2a,paragraph,EXTRACTED_FROM
45f93af3-c62f-5c54-85bb-c8b1e01db0de,07e51e0b2a6f8fdbbf7be3555523723d8cea4287,paragraph,EXTRACTED_FROM
8030de7e-61c9-5e3f-a353-f7ce9e855369,9c90c5bb07e3c8efbc2497b3df9878b4a272d2a4,paragraph,EXTRACTED_FROM
0f3c75fb-56d0-594a-be74-7d1f4dc45b4a,f6dd78d7508a39ba5004afa4249bed69bc71eba4,paragraph,EXTRACTED_FROM
129c2ed1-6287-5e42-8da6-c198aefd0471,067dfe8b110f1344a98283b8106b6c660839d3c9,paragraph,EXTRACTED_FROM
7962ba05-c67e-5776-a0de-d8032205aefb,2532bd4522a715cb03b63703e501a3e5b01a741f,paragraph,EXTRACTED_FROM
520b0a16-7029-505a-9425-38b7b5652a85,b4b1e5d4c55ee7c6b5827ef4b44baf959ce954da,paragraph,EXTRACTED_FROM
cf8482ec-bb7d-5519-9d25-d6b05d016382,5d53e1902c07f7b34700b7f824db3ea5f55693f1,paragraph,EXTRACTED_FROM
5219c020-f29f-503e-9915-c26bd736e72f,f36614e67269d9eed218b7ed54dc12c28afd31d8,paragraph,EXTRACTED_FROM
da9646a4-a933-50f9-90da-5cae73f0c4f7,1b866704a58edd1b26795d8e5ae15491472a5dbc,paragraph,EXTRACTED_FROM
846fb46c-57af-5b90-9f0c-14f6a8b8609d,6b14a2919d8f736d402bcbfc4bd60f903c8c3533,paragraph,EXTRACTED_FROM
a08cc83b-2bca-5bd6-ada1-f30f6bb5dfb9,d3908add1b4c01e28040d85d6722b13562a6e57e,paragraph,EXTRACTED_FROM
28e7a3cd-8fc1-5f26-b219-1dd011db82d0,e77318ee710ff01d56f48b664cff47db8d81421f,paragraph,EXTRACTED_FROM
8c9f503e-799f-5828-ace9-6050c93ac552,897d9677481660cb9ad37b9c34f1ade467ee3fe5,paragraph,EXTRACTED_FROM
b6856167-60c7-5824-9199-472e83e649e7,01772b29acba7e37b50e4a554e9ca5eae3316080,paragraph,EXTRACTED_FROM
f84377d5-b455-5227-bfdc-8f9eeb6f56e4,82e58e6c60945cbdafcc1524704afccb1c52e34d,paragraph,EXTRACTED_FROM
80878fdc-b6ae-539f-bf05-c66f6bea3ef7,827cd53f78326065b6d6e1bc44bdcb7e567e6545,paragraph,EXTRACTED_FROM
c9881530-e4fd-5492-a4f1-6489cd0e8457,4d4c8ae0debf1ff36abe1f3472180867cd907452,paragraph,EXTRACTED_FROM
690a07ed-594f-5d05-bf32-bad5cc6e6115,abd0f1b6ae1728878d7933bc43465d61aff879ec,paragraph,EXTRACTED_FROM
c1bc5fb5-9e37-5c0a-9284-b88938616f9a,a08b77461eb2e2f6d62acebe71e06f7900449457,paragraph,EXTRACTED_FROM
1294c646-d8a0-599b-8c10-3ce81786ced3,063f6faef682c8a2828175b0e07e7ef3b530ddad,paragraph,EXTRACTED_FROM
05698b30-bf9a-5be9-8e45-8caa471b536c,aa431c7db44bace9b47b209b44acfa607290240d,paragraph,EXTRACTED_FROM
99f15cf4-af38-50a8-89e3-be3e59f9faa7,1e4edafcdf1234bbd54e419e39d2c1a43ddcdb50,paragraph,EXTRACTED_FROM
9ae8be8c-8ad4-5529-9926-d17aedd57f11,577b130cccf14f8a2ecb1c8692f3788b0a906c5f,paragraph,EXTRACTED_FROM
b0e9fd5c-b173-5dcf-b3c3-4dc0a35bd7c7,2e0bb5b4256e0cf003658e089eb48ce840e5cf64,paragraph,EXTRACTED_FROM
f49cdf2a-fefc-5bf9-8f6e-5fa9036cc02b,361062d8f46c37d37f7351bc1dc9e04208f16077,paragraph,EXTRACTED_FROM
d66fc557-ac24-5f5f-a972-4dece49ab0b5,3e8fcbce2c3694c6f5d537be58dd6440ace5ec40,paragraph,EXTRACTED_FROM
02f27231-6fd7-5753-bc1a-796f979e8cea,61eef81de803332d15c0c07d7da93dfb586d6dbb,paragraph,EXTRACTED_FROM
e92aec71-f7c6-585c-8eeb-492e31add8d6,b52922fea1a8eaeb660ee6b59cb09b1763624633,paragraph,EXTRACTED_FROM
bcdf55a9-05c3-5512-90af-a9ee9d94f3a4,c63ac4234e2145b2aebf795d6b5424cd3f737ee9,paragraph,EXTRACTED_FROM
cc47a37d-22f0-51b3-9926-7ebc58f86c60,c1c4e8b19ea0925881f9162728627d51787179c1,paragraph,EXTRACTED_FROM
9d671155-e231-5f08-b4ed-4336b2d0c0fc,18899ea88086057559ae15118b416748e8713648,paragraph,EXTRACTED_FROM
bb318131-c418-5d13-a6eb-00590073d219,f7b7c7d7871edf581633f7f9fa7e6e827eade081,paragraph,EXTRACTED_FROM
1be04201-e8f8-5efb-87a7-9c37c18393be,ff3eaaa38c3e70bed2df525fa5382a467bba1de0,paragraph,EXTRACTED_FROM
265d88c1-5f5d-53ac-8acd-ce97de160623,0fd1c9ce68973640450ebd156228e779e052cf80,paragraph,EXTRACTED_FROM
98f3779d-56bb-5956-91bc-fd1f8cd9d33f,a7ffa33b8d4e48e19a39eb49c182667a3ea5237a,paragraph,EXTRACTED_FROM
56a3933b-f577-550b-91fc-2b9f2ff1cfcb,a45ea0d6534c19cda8080ff2496276f98887c170,paragraph,EXTRACTED_FROM
68b4626c-2d33-5b03-a1a3-21dec8d5dd6d,e28780b477cb87d0285afe2eaaa98ff3b97bf7b0,paragraph,EXTRACTED_FROM
5b84f291-361a-5b7a-bcd5-641a9336a2c3,c9a07ca31941fbf427c2b6449c8814df5205e5d9,paragraph,EXTRACTED_FROM
2efc0ffb-8f96-5c0b-8c7c-0e5b57917f0a,3c9fae59a0458283a5888f3f7c5905b6754fa198,paragraph,EXTRACTED_FROM
a62b12ac-843c-5f06-aee6-a73314d83752,1d76419155eef386b773470799101c9fbd280a5c,paragraph,EXTRACTED_FROM
33ed1389-954f-5b2b-8fd7-6f4535cad23b,efe5c176ca90c3744764b34eba0497e1fd201a98,paragraph,EXTRACTED_FROM
5f62b5ac-d7d8-5f00-8a6b-4e9b122cdb69,2f4bee4baa0a6e98c51e0bb8d8bfd090eb04979f,paragraph,EXTRACTED_FROM
370f232a-6d15-5623-80a3-7957b97684d5,7a7a68dc8eefdad3cb1ee1271db27bd926d72526,paragraph,EXTRACTED_FROM
bdf358e5-11b1-5afe-bfff-f0d143499abc,be2197b7ca4340ae0f134614e7824817699e70ce,paragraph,EXTRACTED_FROM
77e021ad-4a6d-5061-b2c3-82ac4c88b0d1,4274a5f873ab968e32cdde28098441eb794f7ca1,paragraph,EXTRACTED_FROM
1763499c-ac95-5486-813e-1a22ecf517df,7784a7d1eb6f919f3c60ee06080d955f30a51f3d,paragraph,EXTRACTED_FROM
e06d6b34-a955-58ff-9f4b-e415715bb215,ee259aee6aabf904000e9b23c4e9d6e86c74fb5f,paragraph,EXTRACTED_FROM
0a65d7a9-6f62-5844-b95f-aa7a3d814628,86047c02b44f4fa5d980b9c2aba425937f77f556,paragraph,EXTRACTED_FROM
b94d6173-4d99-5364-be7f-9928ea2d04ce,da9b643c7dfb4098ba2a7f0ae0461c11b4dfa4b4,paragraph,EXTRACTED_FROM
c5cc8270-3ad7-530b-8955-d0091f12fddd,3996ecb6b8342613a0a63b989241e3f1360caf58,paragraph,EXTRACTED_FROM
b2ace6e4-6301-5db3-a926-90f7f2ab2c9d,4ea16f169979db93ca3536b404f8989643d020ed,paragraph,EXTRACTED_FROM
76d277d0-5e9b-5c00-8bbd-5777d69a6688,1e457bbcecda4f34b1b5638665832a58d01a6db8,paragraph,EXTRACTED_FROM
b1e2b185-be30-5192-b3c1-9b4bcec99e10,cd1e185be0792af631c2e93ed91881ef09ce8cf5,paragraph,EXTRACTED_FROM
0b877250-6825-5255-bf73-064b0cdf1e77,3b248a882f901f591b5942a01fc502f6f059d9d9,paragraph,EXTRACTED_FROM
649debff-2530-5ed2-b0de-aa5637bcd348,e7649ba4b17eb9dac6724468c8232eca32fc4569,paragraph,EXTRACTED_FROM
74c63ab6-f7e6-532e-8e84-b9383c5e124c,83b2b817400207cd33fa79ecb076267d396cf387,paragraph,EXTRACTED_FROM
5ee11f8b-0432-57de-92ee-4938c75c0515,16b25f2f3b3e39f1c2e86af1497b798c0fdd1e65,paragraph,EXTRACTED_FROM
ee96847f-b681-5d79-96d0-7b599717f15c,bcdc11c469834d3256d67f50ea33b5fb0fe58844,paragraph,EXTRACTED_FROM
8ce5363e-9fcf-51a4-8754-b5225e27045f,39007c87e2dcd77445d9ccc9c4683390e48f9287,paragraph,EXTRACTED_FROM
8f616ba7-28db-56d6-8159-8cf4c63363f5,32980ad57a4f14bcc75c8f1096b3463bec208938,paragraph,EXTRACTED_FROM
81fc5b9b-a302-512a-be3d-b8455c30a395,51aa7fde1a33bfa5843a96d6abf7eb4860075296,paragraph,EXTRACTED_FROM
258c2042-3b2d-562f-ab39-8c50a09b19b5,175c7602b9c56364f33c62d7b2ef094378b12a88,paragraph,EXTRACTED_FROM
20d8f23c-c9ba-5fc4-90e4-0f30fc378f76,848e88a11dca4126eadf004a358965f47f1bc520,paragraph,EXTRACTED_FROM
dfbedb6d-94e3-5481-a424-7ae45e9eeb2a,b2958f73552d365b4932233a9db7b3c4c1a35820,paragraph,EXTRACTED_FROM
fb3db274-b2ad-5988-bfdf-d38d23cb9e54,7931ba5ef59ffe13ba0dcac78cc1fee25ba9df3c,paragraph,EXTRACTED_FROM
971bd4a5-bd87-559c-8b30-2b0e701a1516,1e2622284a7460d75197a60f26e38aa49a3eb488,paragraph,EXTRACTED_FROM
d356b7f0-ba41-5b79-9100-62545cbe3174,6e060d756c751109682d0002b50db235bee32ba8,paragraph,EXTRACTED_FROM
f506bd9c-0e75-570d-8c31-f24acedf6e88,c12cb1ee2396f3e510da4c672b877df8509f19e5,paragraph,EXTRACTED_FROM
d669b604-6786-5dbc-a16b-87749209fe15,f40533145b6820f62ca6cae26895d85372d0d77c,paragraph,EXTRACTED_FROM
b5f527c0-5136-5ebb-8c73-d17d5b9436b7,3cfe10e8c2f80334047da3fe10f168491027435b,paragraph,EXTRACTED_FROM
ca1fdcd4-36dc-51ab-b71a-3b8712b510f7,67dd1868a4a242cf10df2da51240d42bdd7fd95e,paragraph,EXTRACTED_FROM
6aea4378-d31d-58a0-b4ac-4936d2febf23,eeefb4594c8512b97c05ef1024944abcbe4b8df5,paragraph,EXTRACTED_FROM
05952737-479e-579f-b2a2-7d63e7785dc5,7119b77b5f247c11f9d397d256b4ebca683ba3d1,paragraph,EXTRACTED_FROM
16f62daf-0067-5d38-81ec-da4ed20f2ddb,03e44edcc75243e4c708446259e2cec5c315f002,paragraph,EXTRACTED_FROM
384e6fa0-fc14-5a5c-b4e3-a8d92c318c0d,9f52f463f9bad4ebdfd7a6fee0e402d78ab02803,paragraph,EXTRACTED_FROM
dfae4aaf-0909-58ad-bcab-e0c1b6aad2e9,0d9f8b7fcc0df337c292dee6355890bbee1716ac,paragraph,EXTRACTED_FROM
4fdfbdcd-fb2d-5451-b4f9-4ed0aff81626,e96909d768f3fe60c52d81672698aee9c1536911,paragraph,EXTRACTED_FROM
2807dbe1-cb27-54d0-8543-4e06e5835264,2d65fda8e1de182574848e611e278e52b1b7cea1,paragraph,EXTRACTED_FROM
9934b958-528c-5807-a528-2e12a0084765,4a0df983c6334565a2c8720d16769b592453d8d2,paragraph,EXTRACTED_FROM
1110c236-98c1-56cf-9a5f-c63c73a01e9f,6ac9dda23c16d61f97816c761b31fcdcad46bd3c,paragraph,EXTRACTED_FROM
8b4b4041-dc7d-5d88-833e-2f951be3ea4a,def47365c40078c55a1b32f72e1683a8c9bbe2b0,paragraph,EXTRACTED_FROM
f0f6a307-7db4-5f14-a9dc-f91d8c9a280e,6f87d4159313afdba2e359e17cf4f1fb70df0896,paragraph,EXTRACTED_FROM
ce90239e-d4e3-5b2d-a6e5-7d9486473270,6ed1e824b82e19a2416303605a8c30f00d9dee21,paragraph,EXTRACTED_FROM
c94f7f8c-204e-5de7-937a-ba2ddd84cd7d,e50066afa7f055e99b5c80778ff6d47566e2c109,paragraph,EXTRACTED_FROM
aacfbd3c-a60e-5e14-94e3-351866794130,e76ae8311c546ec8e56223302fb8d518922b6f88,paragraph,EXTRACTED_FROM
015b4642-4790-527c-a275-2a56e1b63248,c221d0b71c4ae5c2de33681181c99bbf0434a86c,paragraph,EXTRACTED_FROM
c0151def-9bf2-57fa-bd67-8fbbc17153c4,9c635a34abb0c84ce57e057a2c60cb600da2c916,paragraph,EXTRACTED_FROM
e4d51f35-6037-5d69-a4a5-f90e53bcf648,497babfd26667501c0a9e72e7fca75dd158fc8f7,paragraph,EXTRACTED_FROM
215b9ba5-0676-5f35-8fe2-65d7cdf4db69,4f2e0c14344696d1b65543326556af8cbca6354e,paragraph,EXTRACTED_FROM
4533ce5c-3ceb-5624-b111-eee789362451,d30f495008c3c1009223ee33b3186366b5fad795,paragraph,EXTRACTED_FROM
6e8834ea-c428-5ed4-bb08-8f2561b3270e,65e78ac785e7f819b98df5ef295236b24cbb1d26,paragraph,EXTRACTED_FROM
ece6913e-942d-57ec-bc8f-795a7afd3cb8,7cfda1c60ce444059e0332e09b0f068f7a351196,paragraph,EXTRACTED_FROM
ef7cbe55-3d1f-5b52-bba9-80070a4f94c4,15d225675841b1952aca8bf7f3ea879e86b5a3a3,paragraph,EXTRACTED_FROM
190526c9-5588-5fa9-9d3b-4ee0be5e01e5,1d2223776b70e69866e6d444ed9bc9cc70d4f878,paragraph,EXTRACTED_FROM
ad0f9c08-317a-5ea7-91d1-a0c47be93d2c,0cf3886dfe40fa32eb18a4e0616c048ebc2e421e,paragraph,EXTRACTED_FROM
039ae96e-8ac1-50bf-a87d-a51839231189,58de38a70df281ab10fc23c3c0b923fb124bae4f,paragraph,EXTRACTED_FROM
1fb7aead-153d-5f38-8971-cabe3b976c53,4b8cc516e726e980ceb131e645d434033ad7309b,paragraph,EXTRACTED_FROM
5871b4ae-d933-5772-9768-30fd95bc1c30,7dd5995f326a47b0c9546d2d1b5ccc6de729f2e9,paragraph,EXTRACTED_FROM
bbc11035-fbbb-50d7-b6c7-026cdd39d17d,8077b97850c9c9407ae7b363b86cb763748b2f32,paragraph,EXTRACTED_FROM
667b9003-73be-5305-9db0-99c0c5c53cac,711188b73017bd43959cf58d5809b920ca5bf294,paragraph,EXTRACTED_FROM
93688221-a91e-5633-b8e1-f531613c0b38,76a24e480efb20619f49ae31d265aa0743a4f408,paragraph,EXTRACTED_FROM
96dca089-cf59-5681-aa4f-ac26eb37e976,71bf27e0e701f396a0abd1fc21c6ddbfbd5ba8a2,paragraph,EXTRACTED_FROM
cddb3a1d-b635-59c7-86d5-edb11b681cbd,6a4ed8f3f70cfe3b5eab4ce94bf9f773248a70b6,paragraph,EXTRACTED_FROM
3a028bf3-1099-5f44-b409-31beca95ec77,544758864951136823d6df16b5e3cc21c5ca1af1,paragraph,EXTRACTED_FROM
7eca8105-beff-5e05-b714-b9d4909cd6e7,3a6a4bac6789a1eaeba7d185850b9c67e01c6b9d,paragraph,EXTRACTED_FROM
2b0ca613-3c8e-5793-aa37-23dab71dc27f,c7b8729c64dd7658d14d2c864dd071b920f22328,paragraph,EXTRACTED_FROM
466d7384-6f17-5dce-8ed9-a723be9134ce,5e95c0c949ff66479dce8c480ba4c66afb62d842,paragraph,EXTRACTED_FROM
0bd159a8-84c7-510e-b26a-cad8776784fa,56a188c7f3dc17e1d7172a54c1958c74cc92a4f3,paragraph,EXTRACTED_FROM
c5ff074b-4a51-573b-92f5-f3c068304e1e,11ba9f2ad908a1560a2b9121a53e426158464263,paragraph,EXTRACTED_FROM
76ff57a9-45bf-5dc2-8ca4-e0cdf3061fe2,29d4b968a4bed721004c30218cc967e86f87e612,paragraph,EXTRACTED_FROM
abd442ef-3002-5aa7-82a6-e1e54fed2d98,078e77b6fc938875618d57d118c4d7bf45375d8a,paragraph,EXTRACTED_FROM
6b76fb1f-be98-5187-83ce-8fe8042482ec,cbe140c985d81420d45f1ad9831f7d53e047463f,paragraph,EXTRACTED_FROM
e828d622-d566-5995-a547-4656f4840721,5d9a82bac3c433be91ea3713c279385b88896127,paragraph,EXTRACTED_FROM
2303a008-db3c-514a-838a-d96f08f6a8a0,6e4808acec4c58eae707ff03eec8ec9f90f80a52,paragraph,EXTRACTED_FROM
65b9ca51-a8a5-5c80-96ae-6393c6f9bdb2,00260d39a5d5f073fbefc7ae5b7defa1e508aca3,paragraph,EXTRACTED_FROM
2047e6e9-bc5a-54be-8da9-7a9ee0715219,dbeaca5c0f94de1284590100d93ae372ed68dee6,paragraph,EXTRACTED_FROM
49edfcb8-d9f2-5eab-8159-d2c4c76da41e,5de6e80ce23089ec9779e00dd230e5c40212faee,paragraph,EXTRACTED_FROM
da396ed5-079b-5838-83c1-e5a9ab14abfa,73a68b333053468c504297a3f4eac87308f11378,paragraph,EXTRACTED_FROM
f2a05a79-1169-5234-a6a3-ee7e79db6db3,c20509445c0d1e4845c465cd8ab6871751a838f4,paragraph,EXTRACTED_FROM
d8e0f24c-75b3-5a8d-8e41-2bfe90f736c4,5be938177565ba979fc2ae7bfb40629104cedf40,paragraph,EXTRACTED_FROM
113841de-2367-5dd9-946e-a5081a2b38a0,596b53ab73364e5301da033e9b42bb4b73c210af,paragraph,EXTRACTED_FROM
aee0066f-3b3e-5498-a621-a009a4f62cfb,03f6d8a8dec6c2b8db1628dcf5b364a7564c23de,paragraph,EXTRACTED_FROM
802af5c5-b249-56f2-828b-d0e0497a7daf,fcc72aa20d289db07462667f45ef931a44ab723b,paragraph,EXTRACTED_FROM
99d91e15-9c31-57a3-9d96-477fdd88ee01,579a112b70cb6620bffb8d3f3580c73c4bf8041a,paragraph,EXTRACTED_FROM
60fa43bb-c45c-5745-878a-7f48f1b2cf80,d61881d01a474bbb0120953ee976fb2331ed019d,paragraph,EXTRACTED_FROM
590d38a0-8dfa-5270-9f63-ccac89187069,fb23356e31efe29bf13e7dcbfb5fa76c2535bb7d,paragraph,EXTRACTED_FROM
19508146-9d69-5af6-8932-33c8df5019b8,882aafae3009b4935c58b7b7f2b480dabc945d07,paragraph,EXTRACTED_FROM
e5da791c-1742-5e2d-9184-e8eb2f1af425,238850e5a022b680b7bcda316bdf7310f59b94d7,paragraph,EXTRACTED_FROM
830de57c-7bea-50ae-8541-cfbd36cf8905,350afef6d6654880ab330e686aa9705548ac527f,paragraph,EXTRACTED_FROM
20b18312-7de3-553a-994b-42bcea417f8f,ed323a20e7f4a40c211ff3cad3a6466cc23417bf,paragraph,EXTRACTED_FROM
9aa4ff58-dc6d-5e10-a56f-b97b4d45e80b,ef0c658f2dd18fc91281540e45d99a9aa7884654,paragraph,EXTRACTED_FROM
796da441-b581-56e8-8d9e-7ae1a1e0dadb,5efdf1971af789d546a8c1ac7829d2debfeb22e6,paragraph,EXTRACTED_FROM
2614b539-35f3-55be-b46c-85e5ae6a4570,40a353d35f119cf7da66bbd6d2119f1f672a00bd,paragraph,EXTRACTED_FROM
b4d96450-b316-5ba9-9a0a-bbe121561324,82b83222cf1c836eb3ff0243ba60496359abf4e8,paragraph,EXTRACTED_FROM
7045e173-e5eb-5800-9ab0-eee16c591260,5e6b79bdc056a5d49564f5bd5ebb2f8de479357e,paragraph,EXTRACTED_FROM
d46310ef-374f-5af2-b91a-40df01574897,87bd56cb05f493783c4b4da7509cb814e13013a8,paragraph,EXTRACTED_FROM
ca32add6-176c-576f-8247-9656c262c654,ae1e1e7957146ce6b7dc609e212a8122a7e76a8e,paragraph,EXTRACTED_FROM
005ac2da-147a-54a1-b17a-551d18ba123b,e4cbd05f61378d5135f10971e2a8bf12f2bc723e,paragraph,EXTRACTED_FROM
dc664f76-04f8-5cf9-9502-f4c86a772455,d56b658886aa8461d1f2e11cc43734ba5a64b0f7,paragraph,EXTRACTED_FROM
45f09d02-cc95-58b5-8a96-78d9f6573ae4,2c6303137a5ea74e55008b6429e4caef89c16659,paragraph,EXTRACTED_FROM
617b8e98-cd2f-5a0a-9825-31765c09f52e,d3ec60f54da326bb7b847c4ab393dca213c3b611,paragraph,EXTRACTED_FROM
be052681-e555-5676-b60f-b745ee0eae1f,5a01c38ee27d1e80a53bfe8edd7692262af4a577,paragraph,EXTRACTED_FROM
59622758-b4d6-5275-a689-3e395abda502,6671c25ab5aaeb8522b99b443293b02a588ed5c2,paragraph,EXTRACTED_FROM
b81a874f-d87e-5f49-89f8-65d4e9f77512,a25ad567e30c1f5fc7ed8fbfb3d9f63353576e85,paragraph,EXTRACTED_FROM
63418fb5-da08-5070-a68a-c3d8888176fb,f2d22e40c607393726845e98d2d65f959084f730,paragraph,EXTRACTED_FROM
5af68670-f4c2-534c-b83e-4e9953816b2d,dd3867f56693a563b1115a5c003125a9c32ec1a4,paragraph,EXTRACTED_FROM
121d51a3-8d17-5f7b-8be6-089a34248040,ac6fd1129395f0dcf976fbb7637aacd327b211e6,paragraph,EXTRACTED_FROM
6a880439-2a0a-58a9-a268-d64c745403c9,3569f6f86158552d96cfad86e8256e009cd1fa0a,paragraph,EXTRACTED_FROM
67487243-9581-541b-87db-b42ea38e66df,efcda9a27ebdd3e0f3443729eeea28864c4f4d4f,paragraph,EXTRACTED_FROM
1f396035-06af-5593-926e-55110b15f5c6,6d9a822555d89da346c039466d29f241664b958f,paragraph,EXTRACTED_FROM
8a354fd4-12be-567d-bc64-32a6c8984740,a5e11f4cc8c48ef665e0678404de0f8707f761bf,paragraph,EXTRACTED_FROM
d377e96a-fa30-51aa-af8f-c46eee429395,b11eb3a8f7911fe99c0226688e56d6beb1e2f7d6,paragraph,EXTRACTED_FROM
453adcd9-4ab2-5b27-b2d2-48828101181e,dcba0552879c844a71eb375265de5b3467d99ddb,paragraph,EXTRACTED_FROM
f028046a-cc8b-5508-8939-bb78afe92604,513bed6711254b66d5a22e25e7112c8e08614930,paragraph,EXTRACTED_FROM
86fa8fbb-98c9-58f7-a83a-621e53c0e23f,1b5743e29aafbab9ed3bcfe748b06eea3882ff0f,paragraph,EXTRACTED_FROM
a0401bc5-9eb1-53c7-88a9-d557417768ea,c0afed7e800e032a7ae3332c8565e01b430532e6,paragraph,EXTRACTED_FROM
77071b60-ff12-5dde-8ad4-9bbbf42b71a3,9bab756874cfe1a7950d351813aa80b27ed27623,paragraph,EXTRACTED_FROM
60700cdd-c567-5ece-a2c7-4d26feb876c6,a69a83c897932ce34ef25e7b487743e3f1e4ff3a,paragraph,EXTRACTED_FROM
47f7dceb-b46e-5d8b-8dd6-1905bba292dc,2f3424ddc22e8a0f06896f3f6e57424b078f9407,paragraph,EXTRACTED_FROM
10309b7a-0ec2-54bf-96ce-690d3e9c7c14,e91b219cd12fec0ba498d7952f34a0b788b58d4f,paragraph,EXTRACTED_FROM
f78807ca-27c2-5309-9c09-6ffec16ce283,d4da81da189f224e114daa227e49edc21bd545b4,paragraph,EXTRACTED_FROM
7bde5d76-037e-5b41-aab0-c13f9e6446eb,43203c6236d7ccbf59920c2cc63e0ce6354ca181,paragraph,EXTRACTED_FROM
db126f02-d4f6-5bd1-9f78-761e7d153436,f6ed56654521db39fe778c56a1d5c2803f196d7e,paragraph,EXTRACTED_FROM
7deb383d-4e73-57d1-acc7-59e53ddb165f,3f260b5408044457b06fbf1b38762cbbeb4047e3,paragraph,EXTRACTED_FROM
c9252005-7990-5608-8c7a-fbbbf10fe586,3f2079a1c26def28b98b0fc863e8b5c50ebf4c9d,paragraph,EXTRACTED_FROM
b358d2d0-0c98-5640-b6f3-8b65d32102f7,3faadb17d695c9d67ee291e128fa068fe29cfbeb,paragraph,EXTRACTED_FROM
57413f14-7840-5d29-8734-8a49c5107071,b72a53e6e71854fd005e1be4f8875bb85717ba07,paragraph,EXTRACTED_FROM
3c4b1fa7-de04-590e-9d29-23a839a60e1b,4388459fee72093edbbbc1ebc168f9f0952b99cb,paragraph,EXTRACTED_FROM
675abd61-20a0-5c54-beb6-e020a41d2d27,c77334ec68dca04e7f61e5cd3883e45597e839cf,paragraph,EXTRACTED_FROM
f123666c-0e19-5395-9485-ba307f3a583e,dbd29464b7e655deb4832987b923032a117c5428,paragraph,EXTRACTED_FROM
2030c994-f784-58c9-9f12-804fff55f74c,73ccfd02f0e04d51fc7f16c2ae5ab3365904d211,paragraph,EXTRACTED_FROM
c3ed8d0b-4f78-5c9b-844a-31c102a62c71,178e50384e4fa471bf56c8e42a872ae80f98379e,paragraph,EXTRACTED_FROM
db16b713-39a0-576f-9839-bc50c414805f,2a1cc0eb8236e952eee0bb7e38e632264774e89a,paragraph,EXTRACTED_FROM
424eb552-c52c-557a-8d2d-e6680c7441ee,387fe240bdfcc29396b4fc8c47ea4d453235f9be,paragraph,EXTRACTED_FROM
f317b278-2181-5f2b-9b06-99e141980ee5,2efb46d8cd070d59c4a1931e3992bc6e146e3509,paragraph,EXTRACTED_FROM
ef1fa6d3-6218-58aa-99ee-abe7d793984b,9e6be82e9b9c84abeef975b749b56a5194df11e0,paragraph,EXTRACTED_FROM
f1116d2c-4793-5619-b172-129298c11e56,06f63afdc4bdb046a6fccf16ecb20089b56b81f3,paragraph,EXTRACTED_FROM
3cdb95d9-1005-56bc-84fe-00511ac0aed4,d08e2302e0e9ad3e3317904d663ca0515bab79e4,paragraph,EXTRACTED_FROM
8424d644-0ad4-577c-8538-3858d742a6f1,477d069419347897130e9ea6c806252c45dd5ac2,paragraph,EXTRACTED_FROM
ec9888a4-2024-526e-9be4-c06a0c2121b3,7d44dd07f6d92ddd04020eac569d53a9b3891b68,paragraph,EXTRACTED_FROM
f97255d8-778d-543d-8e14-97bdc8b37050,489684700cd3842db7a3896af8ec1b9e2c27790b,paragraph,EXTRACTED_FROM
73bf0054-872a-5f5a-8526-3e4f42283494,6b1b6e903ef30e4b7eaf4eafaba074ddbabf7b59,paragraph,EXTRACTED_FROM
da68c3ab-861a-5bd9-8645-f15921c7ac62,9e0aa1f1276bb469abd09d635d3e18414e5e46ab,paragraph,EXTRACTED_FROM
f5cba68f-ca01-581c-8c02-f21c536bf2e2,98fe820305e7e11d45da6c040a78f3981e7181f6,paragraph,EXTRACTED_FROM
a162f938-08d3-5b27-96ee-c5ff47b3424a,8c86e77312ebcf2f09a9f8be98fd43dcd5ed7c83,paragraph,EXTRACTED_FROM
e87b9323-c01b-5a06-8ee5-9680a25bf6e3,7b9fcc4f8f685ce805bbe2b933b010b552f569bc,paragraph,EXTRACTED_FROM
0cd65f8c-4c60-59f8-83df-3a222113c5a1,b5828289ae17d42c96552e6b4519c8a1ac2406ee,paragraph,EXTRACTED_FROM
2b28859b-4be1-525a-9236-2f2d6ffc4750,3f9824fd33793a6d30d26a6518bc9a1460fbc77b,paragraph,EXTRACTED_FROM
e18786a6-7401-5001-a7fd-42ce28562cd2,c7c32335dd9e0f6d130d7f5551827db9a0bf1747,paragraph,EXTRACTED_FROM
70e7a301-5b50-56e6-9dd1-a9139e1112a1,12d2cac6cd74c824565addbd7debbc443edb25fc,paragraph,EXTRACTED_FROM
6d359fcb-82a7-5e21-982a-e915ecbb20bb,7725cafa4d4c29619984061036321095d9b74500,paragraph,EXTRACTED_FROM
3080174b-8c5e-561b-a2ab-5643dd4b72e1,2521dcb01caf8da8a083a598abb55069b3cbe9a2,paragraph,EXTRACTED_FROM
2f45b3d7-e89f-5401-9e6a-0ce55c92a957,af868d41a2d77f22b8a4c969e5c8901bbd28684f,paragraph,EXTRACTED_FROM
eed96b2e-2b24-589f-b127-accf78f1431d,261e5e4f6e34611714b8c5c70f699a32165200f1,paragraph,EXTRACTED_FROM
6b61f6aa-b2d1-513c-a390-fe15edc4bcbb,2476f2cd10ddd0b3a3ecfd540fe685d2fd6f2448,paragraph,EXTRACTED_FROM
6dc3f179-f42a-5923-873f-70ebe04797fb,7e44bd08f9268de75c4f547c271ea6af020b8f61,paragraph,EXTRACTED_FROM
edefa892-2af3-5090-841e-3e7fa2eb1f52,fca22db02ac5cc3c6412c321f17ce0e5c23c2dc7,paragraph,EXTRACTED_FROM
9e195588-e722-516c-bf66-78e254b10b86,bbc60b93c092f47e72cc6868a3ece1db42ff5919,paragraph,EXTRACTED_FROM
3772f370-b5bd-5ef6-affe-a869909f4200,a7c1eb9eb73de0ef30331e6b6f464e00f9bec19b,paragraph,EXTRACTED_FROM
077ff852-48ae-511f-8d94-eb69433b28ef,c34fc276b9ac656f84828933901bb7af318f0f8f,paragraph,EXTRACTED_FROM
35507428-32e5-5bfc-b1f9-fabc8d79cbb2,1380b9ec640e483988ff836eb4b04419d1685f5d,paragraph,EXTRACTED_FROM
27b9c432-fd31-5be4-8a8f-091aa440c70d,6c02b34167ac81be2b598dd376fdd39ee250f24f,paragraph,EXTRACTED_FROM
e3489aac-802e-5106-bc2e-19c52034b1e1,d452d86f1bf72b7c17bd159a585a0daa6947be57,paragraph,EXTRACTED_FROM
7f00e339-c7c1-5ca3-9689-5ab7006e7dc4,11ff2c64e51e78fa2e37d20028c66f5a26a455b0,paragraph,EXTRACTED_FROM
2c4785be-d58c-5052-ad96-6586be7f17a5,5d2c8d16bb15c19c4ba1e900ef9bd58520af9277,paragraph,EXTRACTED_FROM
19a57236-ed2e-5734-a957-e647b1bf1e31,d500b86da02d1abd6953261da7adb13740ef99ee,paragraph,EXTRACTED_FROM
841fe305-cf01-5fd1-b32a-bbcef37af1c0,35cce85a5e4d004eb33aab75b842f17d3505b961,paragraph,EXTRACTED_FROM
3f8e0f21-ba67-5405-8c74-46f22f598dfc,c2bd6c9efd746d23d5235d9f53f8ed1f6533b086,paragraph,EXTRACTED_FROM
91789eec-741b-591d-856e-091c5b6d0658,3aded22c808afcc45a4d2ca814e48bf918aec75d,paragraph,EXTRACTED_FROM
608e2aef-45f3-55b5-b46a-1cb3abac880a,6b5ce67c681dc0462d35b3e655cd75bb82922b15,paragraph,EXTRACTED_FROM
fb504ffc-eb97-5426-95dc-d341479461ae,b61d0af6a766a2f8d487c932fd55b9a89fbc89c3,paragraph,EXTRACTED_FROM
d4b6348e-9ca9-521c-af0b-b06864ad8d4a,f709d02d455748d4f6dc0abb7ca12e18cdff0e12,paragraph,EXTRACTED_FROM
fdc3ca8f-afb4-5280-bf45-4af1100e0395,ddb3c54b45dc2b02a3f6436fa8082d5aabf5283b,paragraph,EXTRACTED_FROM
a4290237-8b53-5750-a9f0-e4fc3f894c73,e82ba6e46394039a0f48b7641c65a9496995d011,paragraph,EXTRACTED_FROM
beae56cf-9caa-56a6-9001-782fc43b7313,7eb6ec7823706bb63feb439223abf7a85c0d8d5e,paragraph,EXTRACTED_FROM
167c0d78-b310-56b0-b06d-8904d51da8d8,16949a0c92be928bf0c8a818d1c78dd1ddd7507c,paragraph,EXTRACTED_FROM
63fd822d-3358-5336-b5b5-ff9181ebffd7,ea6d593f8ffced96076f38f5c69cd32a9c07462a,paragraph,EXTRACTED_FROM
d1a5ea4f-117c-59d4-9fd6-4f863fe0b872,c76d8f135f6456fab7c03170b0d15ee8dc7c300e,paragraph,EXTRACTED_FROM
1a34244e-c0fa-5d6f-935e-5f6ad80e1b81,e6758d6268203ef260297676fe4099a204d3932e,paragraph,EXTRACTED_FROM
60c42ecf-c55c-5944-a94e-6e1b3ca2fc85,718cd6ebb442063fb60c5c029834634a7614e3b3,paragraph,EXTRACTED_FROM
4a6071b3-8ded-5ce6-b9cb-0fec90127cdb,01b3b1e2c414476342deff1b74bf9ae2f5ba5424,paragraph,EXTRACTED_FROM
664e1806-bf39-5a62-a04b-1e77e9aa39da,c9fc2d81d86363bba9f7405eba69bb2223a0036b,paragraph,EXTRACTED_FROM
8f05b048-96c9-5cb2-8f6e-1a0914011451,51a91117f0c10003e49b0b2730823ad0de670645,paragraph,EXTRACTED_FROM
40b6f2b6-9de5-5cf6-b5cc-e6411c3bdee7,6fdc0301cb4d5991ffc9fd96960fa4e594feb9ca,paragraph,EXTRACTED_FROM
a4b2f772-cff4-505b-9420-6d33ede8537c,88ac6e30d9311441176a0de45faeb4efc9af32f0,paragraph,EXTRACTED_FROM
3ee9e408-28d8-5854-96d2-65a8036bb567,168816303a7cf5a6ed295d081b48663f3970f7d7,paragraph,EXTRACTED_FROM
17721710-ca58-5854-be37-7a516e5a7d5c,ba360220852ce56b182cc72537153e682eeb4cd7,paragraph,EXTRACTED_FROM
62130f82-913b-5426-863f-8d3ac26b85b4,a2665f0e6edecb77f0253e111c0966e79f427652,paragraph,EXTRACTED_FROM
3e0e85c4-7751-5b5c-a617-f31f34724a48,7aa8c98a10bc11a108602ca27169269ab4a53df3,paragraph,EXTRACTED_FROM
36ad616e-b17d-5e0a-bc4f-e0f20cb308f4,a5d4c0a246060926e5e926a39888673006e8c4b0,paragraph,EXTRACTED_FROM
4adcb9e7-18d1-563a-8b4c-8668b611bf3e,4a9e2efe1c82b3b20f880fd8a19fa167608a9e4b,paragraph,EXTRACTED_FROM
b86c80c2-da10-5af8-bc54-250ca822309c,35fb587830d776af1e6990fef31074ad9996226e,paragraph,EXTRACTED_FROM
77a72c09-00f5-58c0-8039-0d6c7be171b8,ee5cf80f7d46ce24825e604da0573568dc0fa67b,paragraph,EXTRACTED_FROM
139c763b-99b1-5f36-a957-74c59543ac02,63511632f1a33564fbe088d9c5963abaf44b95c3,paragraph,EXTRACTED_FROM
36c8ee87-ef26-545c-8b62-f3c51be75a03,8514ef8e94c1f51ef0557bdf9bc2ead4ce11f76e,paragraph,EXTRACTED_FROM
8a7a4288-93bf-5aa2-9b65-b6e30e635009,33cd93d5c944cd02c4e07264b46823be6bdc2ec5,paragraph,EXTRACTED_FROM
21e0eb01-f728-5352-91b3-1e237985d32a,c2f98c96df17e3248544d8b0e8cd53ebb9c52eb1,paragraph,EXTRACTED_FROM
c135ecb6-a6e3-5d17-b899-dbbf6d6b4da2,89a16055c0ce09d2a51951724869743376854f67,paragraph,EXTRACTED_FROM
5d4b4600-d27d-58e7-9cf3-7b2ac4c22c10,3d5113c78549d5bf3807123f62715318bd48bc80,paragraph,EXTRACTED_FROM
5698fbbe-b68a-5c09-b4ae-bc16f2bec005,6e9e9a000e052222cfc9b8152a6f3efa67328ff1,paragraph,EXTRACTED_FROM
2179e6a8-ba66-5e2a-8b70-e4a0f2bc6702,e054db88c93aee8697b76fad10c15855ebbc5bfb,paragraph,EXTRACTED_FROM
cc2a5ecf-401f-55ab-aa9d-a7350bdf2062,c97f56a3e4af98dd0593275f718adf702d8d67d8,paragraph,EXTRACTED_FROM
7415b012-de42-5a0c-ba9a-a5be0054f2db,98c68f48c58bcaa409a9eda5885b12f308d2ea0c,paragraph,EXTRACTED_FROM
75896e9f-24ff-53d9-8bde-699069a89724,8e5e3b1fd069069e095424ed727d4a777e4c87f9,paragraph,EXTRACTED_FROM
00c51feb-e67e-5120-851a-0e14ca032bc4,8ccb407dd8ad73ceb565d715a725bfccb84e0fd8,paragraph,EXTRACTED_FROM
44e4c271-4559-55b5-bf2d-bf830d263bbf,48d91b805ea16191520ddcdec4565c3d9227ba99,paragraph,EXTRACTED_FROM
c40829c8-0098-55d4-90a6-9431b4f2fd66,2a5b4ebf02fa1975a508a1ba7da94be4918699ef,paragraph,EXTRACTED_FROM
bec62968-cfa4-52c7-a0b6-899bdcc0dc4d,32776323b083395360d0917799c2dca5f33c56cd,paragraph,EXTRACTED_FROM
5aba074e-2401-5de4-a2b3-5b1dcd5d3837,354631535172336469a44db2501bc3aeef1e0ad9,paragraph,EXTRACTED_FROM
e0fa8fcf-0698-582c-a78a-397b440d2091,4b821ad9c547c0725897ab2f151f8f1e102a071c,paragraph,EXTRACTED_FROM
4014334a-280b-5de9-8305-68a700ca4158,6081e833e9a61e50c18f346bce019c98471a928c,paragraph,EXTRACTED_FROM
6ea2f4d1-d04c-5a27-9bae-afd4d1f9739e,9a6163d93101206c46f7ba041b82d2f0b204c236,paragraph,EXTRACTED_FROM
28803de2-8554-574a-abcc-93a2b3a242d9,f0cbabc48111a21148e0109bdb137c95e5232714,paragraph,EXTRACTED_FROM
27c9eeef-ca2b-533a-89ff-a5c08b701ca6,a6add97572f5e506a4e35cdac9425595bb7efd5a,paragraph,EXTRACTED_FROM
0625f7ed-4c55-57e7-b334-ca02372dd227,24049cd68fcdf5b442a1c59180739c9cbf0b5081,paragraph,EXTRACTED_FROM
887e204c-9d08-5f72-8d5f-e957e3dbdb88,654d932b84a8ffdc22784ccb6319821f29e51813,paragraph,EXTRACTED_FROM
de8b765b-b73e-5f93-a5b1-8ea60c4d5c7f,01b52eacf652cbb12728ceeac0651156d20646dc,paragraph,EXTRACTED_FROM
394083a3-86cb-5ad3-8c49-4006e2016812,1bb830a49ee8b7d25e24a0e2247d39f97ce6ab20,paragraph,EXTRACTED_FROM
2fe1f879-2798-546e-8410-f0bb75037824,80b34666075477e6652191740452a01ee168ef9b,paragraph,EXTRACTED_FROM
6b089b3f-2d38-5fbc-b97b-3382588f5ab5,9bec794a0225bee87dbb0138ffd0c3e6b15b49b0,paragraph,EXTRACTED_FROM
dbb12321-af78-56c5-b860-6af72bfa293c,ef76832c82f125d3d4265a65043d0ccac4f6742e,paragraph,EXTRACTED_FROM
ecd17300-e55e-58ac-ba5d-b57f4deb64d7,ed57fb6838387c6125f007ff4ffff446adc19827,paragraph,EXTRACTED_FROM
7816909f-f1a4-5308-ab9d-b2877f959fd2,323e2dc9973b420cf58d1f219bf1570b6864088c,paragraph,EXTRACTED_FROM
d9e7693c-b90a-58d2-8660-62836bf128f8,ea233cd68c92c0a94c024f5d2661a4e7dbf0796b,paragraph,EXTRACTED_FROM
09a962df-67b9-5807-a9c7-d2b6fe2f0aec,9e9d1a444895918ca3381b27619d88592cf2ae2d,paragraph,EXTRACTED_FROM
4c167763-4f94-5105-8cee-0cedf9d56f96,d4350b281b2df58012064af8955097693cf8ad72,paragraph,EXTRACTED_FROM
c1738814-c987-5b10-b3fc-f144e8bfbbd3,a6f8437646c681cb432c23058a6ebcbafa2e6aca,paragraph,EXTRACTED_FROM
19ed2ff0-1b49-57ba-9867-bd902b12acfa,71f7f8a75e07bd4dcf9ff89377cd6817a89d7743,paragraph,EXTRACTED_FROM
fcc84706-7607-5972-9aae-7926ef65b485,bc1f7d6c79aa72e32b1b023ca23efae4cfb6adae,paragraph,EXTRACTED_FROM
ea8c5333-56fa-50b4-9ad1-41e1c5c03059,62cd78415fc4ad17ada4595b5ee8b3ab1f283e93,paragraph,EXTRACTED_FROM
0b4cc561-37f3-5d64-8fcd-110dad19e3ab,f1055b48135ac898bee7005dfc30314b682e0216,paragraph,EXTRACTED_FROM
779570f9-3d63-5e65-bc73-5b782150c6c3,1cd5e539a426f8c710839d0c5069fb9e681b1fa9,paragraph,EXTRACTED_FROM
2d04abc9-4f8b-58e2-93a0-fd804e6ea71c,1b70e1c511bc3f09b49bab9e2843fe1107c2a018,paragraph,EXTRACTED_FROM
3348cba0-da28-5ae1-95ad-5bd34f2ae1aa,5b685eec11d361a9bb7b62135a41cadd2ce885c8,paragraph,EXTRACTED_FROM
bef5c5ab-50a2-517c-afd9-eacdd68ee3b9,b75fd4fac8bacd510c5c1ee250f4f6eb0cf3f514,paragraph,EXTRACTED_FROM
8db4ba71-a4f8-5ec4-b6c4-9c29ff53361e,23b374030d66e95919362c0651359185a54af99b,paragraph,EXTRACTED_FROM
e2d16351-fade-56ea-8fb5-b66078ad1a44,84448577f43763b399f405a7bdcf243b50ad4d2a,paragraph,EXTRACTED_FROM
4af270ee-c7ff-58e9-bee9-15eb7428b738,bac059a3fa9ef2725fa4023ac7a82a668e1b761d,paragraph,EXTRACTED_FROM
24293447-95a2-582d-9928-7b9f0e9c0b5a,4b1b11c1158266f2fc933490798e36655ce19d6b,paragraph,EXTRACTED_FROM
3abca9ad-23cc-579c-8c49-f2afb0493b1e,8f0166d6e499152c6cb4ece31052aaa7ef92f06c,paragraph,EXTRACTED_FROM
2b13dd50-527f-5b9b-abe9-b4f3a46fec2f,8542b906d8426fa42f13350c3f74f0fbeda52d25,paragraph,EXTRACTED_FROM
42c35ab8-fd2c-5455-b533-9891a64ac38c,367c4718f30416451a16bfcac566025c0c001978,paragraph,EXTRACTED_FROM
66c57cbb-345f-5c13-86c7-4c19ae885d1d,26689914ae9b740e0ca8a4e765268668e7233c1d,paragraph,EXTRACTED_FROM
e143a518-bcf0-5704-a3c3-3e7856ca2b49,70fa2475e9df64525d25931735f479da72f16ae4,paragraph,EXTRACTED_FROM
fa47ad8f-943f-5f08-9c36-07a3a78fdb9f,981f2023db3e3d6443fcf82594bb2414e671e6d5,paragraph,EXTRACTED_FROM
1e0a6cab-abf4-5561-816a-58e2b0c08b98,14de43f15d4f9222d72875b2436b2c6d695264c9,paragraph,EXTRACTED_FROM
c8ccdf4a-8da6-53dc-b11a-d3f307d7bb9e,6d48376420164be36977aa13007040fee4489197,paragraph,EXTRACTED_FROM
a232dc9e-adf1-5a0f-a476-61b64b8c66c9,c39a7bd69fb4ce248edceb04f06dbfe0ef8c5426,paragraph,EXTRACTED_FROM
983c6f01-2879-5b04-a02b-3402b3cc46d3,08852f795b10ef2bd7f8bd51c60b21861f255544,paragraph,EXTRACTED_FROM
68e9db3f-28e4-5398-acae-1f49cc153ff6,c415d0b2af50df99b8662b2ac7986a88ef6750af,paragraph,EXTRACTED_FROM
369aa5cc-acd3-58a7-a729-eb31bef5f2e1,8f9e2caeef6fee4832d7daeb28cb92b56ced98f6,paragraph,EXTRACTED_FROM
f1f74c3d-ba27-5ef0-91bd-974ff72979aa,c5cf4e868b3f095d66c035176fee4aeb9fd00916,paragraph,EXTRACTED_FROM
3e68ce40-cf8b-5b8e-a8ab-abbc351f7ebb,3e1dc2ee97b0b2f80d161c7eb34fda25aaaaa14b,paragraph,EXTRACTED_FROM
b2dc5be1-d6f4-5ba2-8a96-1c4c14ede6e2,95ad878c920c6f302ba66c954a681474960d498a,paragraph,EXTRACTED_FROM
0969836c-6595-53f3-b4b7-43e2ab0075a6,ede8a998a36ae0e23ba9f637641a2f0ac3174622,paragraph,EXTRACTED_FROM
43ab232d-843a-5365-ad72-43df551a3939,a5d13323bfb77d688f9e1485ccc6ec615cb03429,paragraph,EXTRACTED_FROM
88bb09fa-3047-5f7e-8046-58ed05d65f49,ba3e9807a4de402bde3f3aba2f171b257524d4c4,paragraph,EXTRACTED_FROM
4d03f89a-876b-533a-82f7-243ab88ff5a3,5f9a70356965d7c7cda7e47204bdb2c8eb0f32a0,paragraph,EXTRACTED_FROM
9300c5ca-bb6d-5ce1-bf05-db163a62570d,d7c10d79fa50279b45ce51a65aa46f8561a2450a,paragraph,EXTRACTED_FROM
8cd392c8-a326-5db9-b709-716e18562518,831830496434356d14b899d0210e7e65f51a5803,paragraph,EXTRACTED_FROM
197504cc-ce57-5c46-8044-3d13190e94b9,f1f175912541a4764bc0e6721c5d829aa5481277,paragraph,EXTRACTED_FROM
78c7f34c-ca59-5fd9-88de-f067b84d43f0,35fac55a4df8cc412d8d78512bbc7bf811ec006a,paragraph,EXTRACTED_FROM
33c111a1-b3ca-51ef-a252-dd913964899f,fa4ece9e4d6da6867424a4d4fec1ececfd10e9b1,paragraph,EXTRACTED_FROM
da2a0c16-977c-5615-b328-b9c62b0fb9cd,94c8b32e1305c648cfb33cc044ec30f3d47998a7,paragraph,EXTRACTED_FROM
49bc8f25-8cfe-56fd-b17d-350cdf3cb10f,e98d08ba460d85b42bd84b07feb5442dd4eded6d,paragraph,EXTRACTED_FROM
4d766c9f-43e4-5f74-8ccb-0f0808998375,1dc6a1bc329a271f40fe53deedd47d745ee5c36a,paragraph,EXTRACTED_FROM
a383013d-3628-5338-9268-14bf52445cb5,ae978d948ca4c00ed6bd42b5338f98de964664fd,paragraph,EXTRACTED_FROM
36e42459-9f8e-5fb3-8d94-a5e02dfe0ecc,95316642437d8fd8dffbca8e3e26f20dc9ea7d95,paragraph,EXTRACTED_FROM
208251a4-051d-5592-affa-a599c268a294,0db7fcfbe9b0b4551892e85828e1134a98fe238a,paragraph,EXTRACTED_FROM
a978e11c-8598-5002-bbac-4285f51e17f6,6164acd380c243674d187f02b4b5747f1d34b012,paragraph,EXTRACTED_FROM
9fce2fd6-ec49-5e30-8e4d-bc2c5e55e08d,6fe74dc6a1c9df5b0b09d072c286ab3a6982df05,paragraph,EXTRACTED_FROM
5e8ad57e-623b-5e4f-b43f-71b3d49c1f89,c56c6de1db92bfabda7bbf25ffdade7ba4044227,paragraph,EXTRACTED_FROM
e04dc5c6-8875-5157-9c20-2b381824877a,250ee2da190c31e3356b76ee5ea0546d01731338,paragraph,EXTRACTED_FROM
66987841-1b10-52cb-b390-93083d1bfe7d,d1372cc3f1c7826782fe452d62828e6cae929be5,paragraph,EXTRACTED_FROM
fd102a3d-f3e8-5c9e-9e76-936f8937882c,17101725436efb354fca5f53303a44a72c99e980,paragraph,EXTRACTED_FROM
25bf4ed3-0f17-5e05-9469-c2e01a975924,d8a04dd6cd846354a28f66ea4b81a27ddfbe3f9f,paragraph,EXTRACTED_FROM
b1ff34ee-a863-5df4-b0b2-e8b33d02abd0,66d8183a60ec468496865f0ba1a3747ea9cbdf1f,paragraph,EXTRACTED_FROM
6f45e6be-5fd3-57f5-86dc-321fcfc71937,04c468d88ec7f7b7622292a52a371efd9fcb31d3,paragraph,EXTRACTED_FROM
6fc360fa-7e06-5478-af55-296bdf2031ac,544f2c4a0ada6b1bef8013086edbfd7c57e2dadd,paragraph,EXTRACTED_FROM
1137031d-4450-55a8-9eeb-d9708e71d151,ca7f60165a8ec29956e95e85ecb2182344c13a5b,paragraph,EXTRACTED_FROM
6a5ce183-af5d-5b80-8ac7-c42036c94bb0,f4e8fe05bbc221cb9a159f8bbec5d78b10f821ba,paragraph,EXTRACTED_FROM
34f7094e-6553-51d7-a190-0ac496affe9f,49a3e0c67d54e9298adf5da19a7b82ec2981a526,paragraph,EXTRACTED_FROM
d5ba851f-7724-59c1-a261-93984867f0b4,71d2d2097ab0fd17a11cb68f75d077bbf9646670,paragraph,EXTRACTED_FROM
f9d76b95-8b86-5eb9-b699-d91e419d4575,e2e4e008cd3614e64e48a72758732dc5b46301e5,paragraph,EXTRACTED_FROM
08d2ff01-f9f3-593d-96d9-5021dd1e24b8,4d4d1900535819e0343affba46e6207cca1a7531,paragraph,EXTRACTED_FROM
6180be39-dd98-568c-aa8b-8df6633bab0d,61407034185e6684c42ecb130291c6c7e81099ab,paragraph,EXTRACTED_FROM
0ce60524-9915-5e8c-8b05-bcb5c0d331f2,f5c54b7b868d70a8029af548034779eb4a2232c6,paragraph,EXTRACTED_FROM
79d4091b-f960-584d-9d17-825d85a65fba,d83a78dfc9cd61ace2b4ddf12190b32226de5a5f,paragraph,EXTRACTED_FROM
a1479b35-d20a-506d-b9bd-192f5ec8aaeb,690f2c452bb5475aac77ce0201776aa42dbd18a9,paragraph,EXTRACTED_FROM
7866e46c-00aa-5edb-b849-5142b2de44de,72d67cbe7caff2ab4c14e679e052390d823e4ecc,paragraph,EXTRACTED_FROM
96aacdd9-43db-5155-a659-f52e5849f2bd,9b3b5fa94466ecee57c09e8a90e5d5ef5c903d0a,paragraph,EXTRACTED_FROM
9b3ca251-aff4-5f9d-807a-7919a1483aa9,a0892f54bc948b85e2c4e438295a49aa01c6a9b1,paragraph,EXTRACTED_FROM
e6bf8209-d270-5561-bb6c-6bf850e1c8aa,a40d79223eda38768992d63d96db9a15d8a95558,paragraph,EXTRACTED_FROM
a733a0f5-4fbc-5468-b38b-996b5a2bdea4,b6c87a7acfbdb7592144fbe9d8466676fc133a8e,paragraph,EXTRACTED_FROM
e27bf76c-52ae-5e95-8bff-e67a96963e12,c7e225e5d8f3e9714a1bf00a3b982d855057929b,paragraph,EXTRACTED_FROM
69e4a010-061f-5ad8-b8c4-47ee18cfeecc,6d06f716f0ead3e4c7d354aedfb4f4220990a151,paragraph,EXTRACTED_FROM
51ded74d-bac9-5999-887a-2fbf364d1131,85fdc5b9c447a24d81259b460af0cbeee76cd3ff,paragraph,EXTRACTED_FROM
a87b68ef-cbb5-536e-a887-27289dad24c2,13084ab4b1bf9da42db8e92406bdf82fa369cf42,paragraph,EXTRACTED_FROM
6faf4953-8e9a-57e7-a9fe-1fc4b647f445,5b7c7236c36fdff374c4b3448beacb919e60f5ce,paragraph,EXTRACTED_FROM
cbaa4447-430c-5ddc-bcb4-8609bb1183be,d4ade4b888402cc1e618ff6c6b72089aba96fc69,paragraph,EXTRACTED_FROM
e1cd7327-f6cb-58fd-a049-799e896c0b7a,c88ff3477ef5492d51dc4b62574bbeabcb8a1133,paragraph,EXTRACTED_FROM
c3b3a4d0-07fe-564c-9451-902d925cfd92,c77297c6d6f06243c7aeaf89eded10b119cb3226,paragraph,EXTRACTED_FROM
f281e345-f114-5ab2-89a3-da6a316e9021,d3616fa4e0c4af48e285638e74588ea06e1af68c,paragraph,EXTRACTED_FROM
f97ea9d4-1352-5403-8f7c-2c01fa406926,bffd805eaaaa92cd73ed867ef18143405cb27a72,paragraph,EXTRACTED_FROM
bdacddd2-2f4e-5c3d-b954-5a9dc8c8c2d4,4f82f41b97c78e1bc228aa5cd013bf02ae0f197f,paragraph,EXTRACTED_FROM
9aee2945-21e9-5592-b871-bf6445dbaca7,8db23deeb0afb58bd6b7f7f1a484ea69f77a8f32,paragraph,EXTRACTED_FROM
5b0e22f4-7645-5add-b228-e74ea628e1e4,8e20f234c57bdda82a78dcc6808d2ec68b09c83a,paragraph,EXTRACTED_FROM
92e2eb42-866b-5571-bb51-a8a03f120beb,2fe1481d7b49b6b7ecfa34b6f7b1db5b6440a7e7,paragraph,EXTRACTED_FROM
6e59ba1a-225d-5c4a-b2e9-948861769690,5eef0bc84974ea8938d893c1bf2b271943256e95,paragraph,EXTRACTED_FROM
c9986aad-7a94-5f05-962c-b160e67d8550,26dd85fa5417dc05bf1c2e99d51ea2ffabe02f7a,paragraph,EXTRACTED_FROM
0815ab1c-6a13-5366-b940-f732f4f92381,88adab5542929c915c3f2aac6b7eb3f54847161b,paragraph,EXTRACTED_FROM
45f64f43-2d7b-589d-bfaf-4a14f5b4b435,93c4736b3a7f80307632544a5700064428895cc1,paragraph,EXTRACTED_FROM
8fbadf2c-a8fc-5fc7-9c6c-b96a82a781b9,e29ba2df0be059d84ea7abe0dfdd929af0efec8a,paragraph,EXTRACTED_FROM
308427f3-852b-5a22-b1a5-277053a91787,d89fd3e6c25d46147f694d5ee17bc7688e4e7730,paragraph,EXTRACTED_FROM
9208ac51-53b7-53f9-9bea-945e7f0ca4d5,483a3788686f2993dfe6ad4612dcee3c3926331b,paragraph,EXTRACTED_FROM
7f3bcf57-7eef-5d43-95dd-a0bff41ff32e,775ce9e7bb5a4cc87c8ebc609bf4c11551ce2fe1,paragraph,EXTRACTED_FROM
d3751d79-f57b-5e57-9546-bd227af2f942,57f567ec1469e734db9679a2341ad450ab1b023b,paragraph,EXTRACTED_FROM
6d71e8b4-461c-5e14-9cd4-1e2af2d2a0a5,8cdd1f8be9bf8473874233bedf4088261fd04db1,paragraph,EXTRACTED_FROM
0da66852-2e59-5061-9141-6b32f9f1ec02,8d6ab00ac8184bd0c619f567b3af216cdadc9d1f,paragraph,EXTRACTED_FROM
de50b5ac-b937-5cf2-be80-3edb87585499,1063d49aad282a4603c5910d5a1d5ebb4fc518da,paragraph,EXTRACTED_FROM
e9860414-ecf0-533e-adf0-fa5b96f602f2,e6a7f37b7cc0061bcb67e9b1a2ea39b911959247,paragraph,EXTRACTED_FROM
6767f317-7a35-513d-ab33-efe4d2520969,f9a1ccdf04b0c192985dde8d9bd7923f8604bcbd,paragraph,EXTRACTED_FROM
ac6e7900-53d6-5c5f-9364-582da9dcf980,214c204be18f4163ac42f8e9ce411d49ea06caef,paragraph,EXTRACTED_FROM
615c31b9-fa5b-5caf-9e5b-c1b6cb9fc570,35d1aa7fdfc0b0b322f04c4e6938046549b1f167,paragraph,EXTRACTED_FROM
4c7b1b05-4f6f-511f-9e52-8a5e3ac7fb58,0d4bef354c8fabf69676c539bd4b53239fad1873,paragraph,EXTRACTED_FROM
e6393b59-5ba4-5478-b92a-26f6a19d88f7,145e0be74f0ea9810750d19fdf190fee6c94c4f1,paragraph,EXTRACTED_FROM
ffbf12e2-7f73-59e1-b64e-fd83eba1cfc7,8a8388bdda8386af745e9bda27947423dc0e0b74,paragraph,EXTRACTED_FROM
2ec11a57-4f9a-5f8d-968c-d23f9ba17212,894722636d6127e83bb553576a5ea91460de02d3,paragraph,EXTRACTED_FROM
c99cd746-f620-5c3f-a94a-dd02d91fe7a4,769fdd40513cc9744b0b26cf1ec9f4f37ab4413e,paragraph,EXTRACTED_FROM
aa2bb63e-3fea-5f96-a1c5-007bb5d65e38,45f62b9244f4c19512fe18c5caebad22c15488d1,paragraph,EXTRACTED_FROM
6c008a56-956d-5f63-a059-d6852033499f,a6c2c4deddbf0abe79f44e6572e714cae8b3b633,paragraph,EXTRACTED_FROM
086482d8-4863-59ed-aee8-2206e92f35ea,0ce2db580961586fd596d4948857364e2405d2d7,paragraph,EXTRACTED_FROM
3b831406-c9e8-5508-8a5a-28ff64b62d44,3cfb686c657bf665cc4ac7d89a9c2660e768634b,paragraph,EXTRACTED_FROM
1098110a-e654-5e45-a38a-84cb389d1178,15210d1388692128bbfb35bf1a7eabb8bef8bb06,paragraph,EXTRACTED_FROM
d6250b31-3ba6-5e4b-8ef6-d2cd7026c579,701a61a3d44c09b60bf823e212034e5e6c0fe378,paragraph,EXTRACTED_FROM
37d1ae06-0c4d-5876-ad3f-4429396013ab,ce009da0f127faed695ab852987294b006f80e4d,paragraph,EXTRACTED_FROM
77e7dcb9-0cdd-5d37-ae5f-9fef12ba36a7,d855d2009abb20272b085c3100a7a9f363b71963,paragraph,EXTRACTED_FROM
ba7c94fa-d1bb-54d1-bed1-cbb5f580d7b4,24d59f6a964a8d3c209e7d32a037016b719d4e05,paragraph,EXTRACTED_FROM
dba1ebd1-2c49-5901-9644-dc31fc0e5664,d7be136749200225f1bbb2a6a4378670c6df0294,paragraph,EXTRACTED_FROM
9fe4516b-9c5d-52a2-9311-054f0ca0300f,2625bd4345bb48c25f0ae0f1e0f0b9223c60c6c4,paragraph,EXTRACTED_FROM
3058a2c3-d95a-5dc6-a0fd-7774477b4b94,f637a7f326c677915c9debce8f1074576fcef8f7,paragraph,EXTRACTED_FROM
21d74af1-9091-5009-8114-4af930ecb215,51212f5e98e967fddcdc5fe2d90d73a28a306808,paragraph,EXTRACTED_FROM
e3839466-6bf3-58d7-a08c-eea68605d89a,e2b572d5cb62f78027ddacba63865c6624a11319,paragraph,EXTRACTED_FROM
d32124ff-c539-5fcb-90c1-fdb540b6ff8a,74b51fedc724269546ac92802953628e16e8b35b,paragraph,EXTRACTED_FROM
509e201e-9449-5ca6-9496-fbbe4c6fbb29,c952e92ce67dfbca693a3be7999eb468b1bf39e9,paragraph,EXTRACTED_FROM
0f5dc8e7-a7c0-5597-a4de-761ef3e00033,4ab9ff3ca3a74e1401eb70c257aaeae325733aed,paragraph,EXTRACTED_FROM
7b40f241-3a32-59ee-8ac4-aaf6375bd04c,265b4e98c65a3ef38273c33a1fb6b9c28e9fd5e9,paragraph,EXTRACTED_FROM
c8cabffb-d3de-59eb-9a26-af629d9d3c3a,f50279a5b911829fa985914d425d2b97bd4c622b,paragraph,EXTRACTED_FROM
94ef2638-1f6c-5fee-8285-cc1680bd30cd,44b4e2966f84155508bac0994a83ba531302eb51,paragraph,EXTRACTED_FROM
7faa93d8-9d6a-56a1-aa9d-eb5608282219,e553e06c88a81503b025b8d5fa517ca88b4906c7,paragraph,EXTRACTED_FROM
fc73e95f-492d-5cd1-810a-53578a7f0b9e,a1e2591b5cb79831b5ce368451e5bb973fc8a9b5,paragraph,EXTRACTED_FROM
a3a31bb5-55f7-52c2-9349-c361535224e9,c859a98f53a1ab4e640ab922b9bb6d88f3dc5f66,paragraph,EXTRACTED_FROM
934aae0a-b147-5336-9294-8d99899b44c1,a5c41a5fa5aabf67d90c4c0f9e54cc4b98f693d4,paragraph,EXTRACTED_FROM
e3917cda-894d-514c-a020-83ba9f8e59e3,c8b70554a6cfca16a9211a876a08ea02ffde2e19,paragraph,EXTRACTED_FROM
2e7e5928-554d-5612-8b34-1a23932a010c,67ced69d92d910c3db6589180b78b75dbf62e5e6,paragraph,EXTRACTED_FROM
8b3eeca6-fdb8-5c66-9d35-aec0613e71aa,b450e447a98e9b0981181cebbcb28e4790aebe66,paragraph,EXTRACTED_FROM
4b653703-acf7-5c8d-9bef-fa2ef026d9ca,07a9e49988a9a2b1c832fc57a009911b6d9d2d23,paragraph,EXTRACTED_FROM
87f38b68-d15d-52ba-b966-8cef56447126,5b026ddc1f3c10c68efef00f9facdfcad7f8ab22,paragraph,EXTRACTED_FROM
18fce110-ae39-540f-ad7a-d662d666fcb6,268cb19bcc26aed28850212128e78f717388ce83,paragraph,EXTRACTED_FROM
b693425d-e21e-5ecc-be02-e6313125f71c,d509d0cbee02b8e4128e4e869c15a25acfdafd71,paragraph,EXTRACTED_FROM
d5e73035-09eb-5ded-9a4e-305edcc2621c,5df6e4063e3ab98e68abf1b3695935d04a8c51fd,paragraph,EXTRACTED_FROM
dcdc1dcc-cd93-5a33-a7e9-e8e1b2997cc6,87796461924d118b40cb5f5c19479e1a504813cf,paragraph,EXTRACTED_FROM
f29fcfde-2fc0-5335-963a-d7596c92f0d7,a84fb89679657c6e13a0e8982eddac3240f6eaba,paragraph,EXTRACTED_FROM
d23cc6c0-fbf3-5338-a4d5-502167105381,03f287d28951ad4c63a3f9f96a2cdb57b7a67c8c,paragraph,EXTRACTED_FROM
057d02e8-30b3-57a0-a2b2-d9f67690718c,263e4992a88b684411d760d6c8975c8739ab9ed9,paragraph,EXTRACTED_FROM
b6750c77-813f-5e83-9ead-8ad4740cb526,147d16479a1638f0f1d43abfaf8305d60d33ba9b,paragraph,EXTRACTED_FROM
303d543a-4344-51c1-ad80-3f5584db57a5,2f881c20418dfdb5b9ac9a05b6c2668af9ced90d,paragraph,EXTRACTED_FROM
12d8ccac-2d25-5c29-85c7-cfa45f2981ed,f731d7c919adc4510ccb184993f146a65972794e,paragraph,EXTRACTED_FROM
afaa9487-af61-50e0-b6b8-a63d2a8eb5bc,de61b640ccaa950f1707c5b62f9322ba38eba1de,paragraph,EXTRACTED_FROM
81fa3a51-3f98-5939-8e77-cc7391d675ff,0f4ba7d27ff3bbd35c26ec23ec013015b04358a2,paragraph,EXTRACTED_FROM
757fbf31-e820-58b4-b5af-275f8dc444d7,6dc65c9aad8442695e83686fa699e57e7d3fec33,paragraph,EXTRACTED_FROM
f9fc9d83-ebd2-5efe-8fc4-7bf6ba1f9dc5,52a0468454dcc915dfaf4044f7c3a582450e09c8,paragraph,EXTRACTED_FROM
55f47c1e-5612-5703-b99e-5c12376333ef,e4ba09074a82654683a23f2523a4ca4dcb209790,paragraph,EXTRACTED_FROM
3602cfa6-aadf-5329-b77a-03e922abe6ee,8aa023426517286b116bec9861786ce30bd8054f,paragraph,EXTRACTED_FROM
5d6d5e19-ef18-5acc-a2f1-34cb47fe5278,914c186cc6ce4dbfe4abf02ab4a527744b4ef49c,paragraph,EXTRACTED_FROM
2feebce1-b73c-569f-b90a-91bc2fbbaec9,adec3be6e62ba9023bff4c1e0d2f1ca92493828e,paragraph,EXTRACTED_FROM
d83e9ed4-681a-5ca6-90c2-b7d0d91c7243,39d088de982743eabad0ea8becacea6aec9ed87c,paragraph,EXTRACTED_FROM
4a6c74d6-dc58-5b23-ab57-f6008a91f521,1ddfa0b66b1c8150bc46af01bfc04e5e28ffc370,paragraph,EXTRACTED_FROM
9b5be9b0-b9ac-5efd-aa84-414f4c20844a,cf1a53f792e10616b0529759de83663f59dfb97b,paragraph,EXTRACTED_FROM
f64d637e-3898-55e0-b81b-132c61b0d74e,6c6da2b0a75b19ce8ccd3831bce12b13d4a6ede6,paragraph,EXTRACTED_FROM
c5148872-f091-5990-959c-5cd0acd250d9,b86f6adebc099827194e7c2021dd686063853816,paragraph,EXTRACTED_FROM
1622ba35-e458-5f87-87de-61806f85b755,f4701769e9e3bf81c3df46f3d3c273c728cf7801,paragraph,EXTRACTED_FROM
cf3d888e-6820-557b-8759-fce4e597fa5c,42b857c0b3a0299337e5588508acb6b3918c664d,paragraph,EXTRACTED_FROM
416168c1-4c61-5109-942a-9ecaaa9962e2,095fa1f7c61d004142da3cdee0e660d392c4bb02,paragraph,EXTRACTED_FROM
bc5ec93c-b66a-5ed4-82e6-15af6adfbcf8,c3d0979a92352e1407ca413d815679a673d40106,paragraph,EXTRACTED_FROM
11500b1b-e4ae-523f-8c4f-26981ad4edaa,ec32d03c45258d8af0d1feb12cee1f2431f8ee7f,paragraph,EXTRACTED_FROM
e679337a-d7ed-5fa3-891a-673a1830818b,67c4eb15c1223ba0fc1f38c6cda2341d6e4b7213,paragraph,EXTRACTED_FROM
310c9dda-e8eb-5dbe-807c-eaba97796e1f,6b9f012cabf98142bc11bfdca2387d66c066224a,paragraph,EXTRACTED_FROM
f15abc1d-142e-57c3-968e-cc686762deb7,74b0b6d05eb30216d1d7164b26178d3cfe934500,paragraph,EXTRACTED_FROM
6488fc87-88c1-5caa-9048-e64b9c084007,54cdfa586c213714b73f3ba1513df596a00b6748,paragraph,EXTRACTED_FROM
e9489d0f-0ada-53ea-979e-9bcf9dc599fa,68d4cf6bd75a7a145213b4bf23a3fcc5158422ba,paragraph,EXTRACTED_FROM
4cf2a2cd-e0fb-5626-8a18-0b5946c6b583,67cd54a5b20645947830b4ff493d50e69126abbe,paragraph,EXTRACTED_FROM
9e31f970-da53-568d-b659-c8900fa9df94,b9aff7f372d80a4ac7fc24f12a7ca54f2275e8b4,paragraph,EXTRACTED_FROM
03bed813-bd08-5c04-8fc0-55c6235b8fbe,95d7acd1cd103b046b844719ac0d6b3b7f1b9670,paragraph,EXTRACTED_FROM
2cd0e723-cfe2-55a5-b46c-19895709c1ee,092a99189c109fec9f090221b835bffce65f7519,paragraph,EXTRACTED_FROM
a280e9da-02eb-564e-a448-151fbebad9df,cc549c03b290321555eac348b8646c26e7833690,paragraph,EXTRACTED_FROM
ad3c26f0-b94e-51d0-b69e-7da1225bec23,b2a840cfea5287395fada058457f3811a730af8b,paragraph,EXTRACTED_FROM
22d8c3b8-0a41-5f1e-b59a-e506b09a267c,66c13727934f8174044060b0f2750aa2fd0b3a48,paragraph,EXTRACTED_FROM
3ce55b00-b591-5242-bb43-dbab12d50f9c,fe1052e321fcbed14e3b28e80141d99a02cda96f,paragraph,EXTRACTED_FROM
caffd853-70f7-50b9-b7f8-3e3b67c58550,979dcf2b7495da45e3235dae5e1f13aae31c509d,paragraph,EXTRACTED_FROM
9e5b2223-5a1b-5193-a1bd-52c4f2d6c354,ba56806bf0e5589ae97932910d387e2892f453a8,paragraph,EXTRACTED_FROM
557f0273-bd75-5d1c-8bec-d7abd0231102,29d56e0f16e2da78d2a4e86380426103740bc864,paragraph,EXTRACTED_FROM
0937c7f7-70ad-5900-8b0a-b4ce51feffbb,95d03c13c4f072adcfe59711da2bbd126e7d1655,paragraph,EXTRACTED_FROM
fc67a171-b4c0-519d-a8b2-ee2b77a93cb2,144b1cee6250863427c50f0a8381ab6bb4cc2053,paragraph,EXTRACTED_FROM
2ec91769-8dbc-519c-bc4f-68c586e5bb61,7100f179ff4e81bcf68d9fa4bdd4113654d4106d,paragraph,EXTRACTED_FROM
dcbec9e8-25c9-5f45-855d-ba29091256fd,a4018daf92873905015c399e867faf146237dc69,paragraph,EXTRACTED_FROM
58b79053-037a-507e-8f9a-b1a753a07797,4f971ffb1f7579bb5cbda077e1fba2fe33f4b442,paragraph,EXTRACTED_FROM
1d8b69ca-ccfd-59e3-8ad9-d62c5aad8163,72ddce0890fbb6f23ddc83b6402cd251f1c1584f,paragraph,EXTRACTED_FROM
3bb03b2b-580f-58da-9553-78361d01e8b7,f90b750dd15580b1675b0d55d186a1b502f1ddda,paragraph,EXTRACTED_FROM
22c9c569-5339-578b-8504-1f1a120b3a7d,f374572a5c5934d0a773e29b2e7668fea6b3cef7,paragraph,EXTRACTED_FROM
780709b6-6170-5b36-b135-eaab82da7152,bfbc69bef7cd93fb9c20ff0081ef013e88c7c247,paragraph,EXTRACTED_FROM
eb8b337a-6f65-519d-a05b-e5722fc3b460,2472474d7ab1414ed335e90c6c4e14b66edc16c8,paragraph,EXTRACTED_FROM
cdca970a-f353-5f36-8c79-60184d287282,0be84a41472699cfe3cee3365cd5bf1709b495ae,paragraph,EXTRACTED_FROM
f2fad968-664b-56c4-8041-5ba44be0238c,87e28e2d073ca9cf0565558c5ca9b19ec3c78f8e,paragraph,EXTRACTED_FROM
3204598d-0645-5f99-9f54-0ace2e293545,3e0b3659618da733f19bd58becafb8798791f41f,paragraph,EXTRACTED_FROM
22e61a73-ba09-5420-8f4f-27297e8bcb92,5f6ab026145be6ec935d588021c3d53b2e3bacc3,paragraph,EXTRACTED_FROM
e05848de-afbe-5b2d-87de-ecdda54de60c,f0c7b19f92808b873cb2ec62efd99987b841235f,paragraph,EXTRACTED_FROM
ea1f5e23-8ac0-5852-85b4-e61fbb0a2ba3,935ac35b097c94d42b19794d27e4dddcd49fe9f7,paragraph,EXTRACTED_FROM
117f6f19-2b29-5975-a3e1-9d08b495378f,171e7f3cc76f993a2ded6cc0015803c05a6dcea7,paragraph,EXTRACTED_FROM
5fd1d117-f2cb-51f8-8bc5-442b42fed9a8,4c18d9cc6b5272f28661c17dfec3067ae6f77c32,paragraph,EXTRACTED_FROM
caff69f4-f291-5ed5-8888-af0fd3578147,4f433f3dfd6c42e32ffa17959d50c304874e0ab4,paragraph,EXTRACTED_FROM
ea85513c-8e25-51c2-8f36-f24dd4755c8b,f9166b5fbf5f715f42247707a7ba746a2d89a649,paragraph,EXTRACTED_FROM
c6c7aa48-0386-5c31-82bf-963a80bf183d,10d2f42c7bb5ab33297f45309992f9929c76edb4,paragraph,EXTRACTED_FROM
a8ae8933-e34e-5cbd-b49f-48d289c3e473,62260802f31e361dfc9edec25d60dc112f05e432,paragraph,EXTRACTED_FROM
c7fc83ee-018d-5d5e-8a66-e48dee647794,e738bd24e01f011041bd507b923b5fe16baed895,paragraph,EXTRACTED_FROM
fbc6eecb-3908-5e79-a501-29d4f3b14417,5a81a40f3ea6780f710eb38fda6293d6b61720db,paragraph,EXTRACTED_FROM
a457d2ff-31a6-5654-9a09-522ffaa25aa1,c203f4570ad71f88e1f409173366a4a96d94f482,paragraph,EXTRACTED_FROM
94180cfd-f484-5d3a-92e4-f2d34c26b864,4ad16a5272a40cdf30ac057d28dedce9bb697302,paragraph,EXTRACTED_FROM
585d11eb-fa00-548c-bd66-76455932ab49,2d08c614f4078a4f61f2b227df21c199559a6f05,paragraph,EXTRACTED_FROM
c9a2a5eb-f263-5055-80a2-6d42eb0c7cd6,35147a4a4cca71a1d0352df89cdc71baca9e0afd,paragraph,EXTRACTED_FROM
fdfcb3c2-2a92-51f3-a771-ff5553b30cdb,16a7273dc41b18d58ebff2ded23547a24747e6fa,paragraph,EXTRACTED_FROM
17c2df12-704e-56b4-97bb-d31d931ade5b,543989c1e11ab053a82b7cae2ae751c5dab71251,paragraph,EXTRACTED_FROM
bb9092af-4472-500a-ad9b-5d9152e6b142,c36fb535262a61eaca5b9f83ee76bfcefec9f539,paragraph,EXTRACTED_FROM
aec63f49-175b-517e-9f3d-7b7eb6c2de2a,db188d9c0766354205424ed14dae998888b348f9,paragraph,EXTRACTED_FROM
bf7a1ac2-d30d-5074-a837-b9581a50b22f,50a8a38d55896d0fdf9b02265e53d9ee8d92df92,paragraph,EXTRACTED_FROM
dc59eba0-3c3c-534f-b1f3-aea76664fe27,3608ff5e449bcd49ee53702c73e53ed84344f6e2,paragraph,EXTRACTED_FROM
db5abfc8-3051-59a7-b329-5fd384b4651c,4233c8ae0792a0f163f4b72de14f7e0498ba6f85,paragraph,EXTRACTED_FROM
cae2ed7f-4012-5493-b978-287321329b58,d958234882b932e88319938b216e023d31710b17,paragraph,EXTRACTED_FROM
08011070-261f-5f4e-a4b9-c681adfe28e6,87e559298ad457e7c6efde889aea8fb99c9d7ea9,paragraph,EXTRACTED_FROM
60378178-94df-585a-897c-cccfb8f2c77e,97ab3ccca9dcedde8064cc11f56b1bf2d8132a63,paragraph,EXTRACTED_FROM
8c93f85c-8303-5f56-9fc4-18a9cea72603,cb74934dfc66a35650423fe7ba6cd3bae1106318,paragraph,EXTRACTED_FROM
40e20073-47cc-5032-b165-4bb526a7c142,83f544134cc5df4fa5b7c474bd71f448eaadccfb,paragraph,EXTRACTED_FROM
5007b79a-1a00-5ccf-b97b-3f0efc27b7f6,02fb42d0daa291fbd85ef9b401df629b29763d02,paragraph,EXTRACTED_FROM
c09be2ab-02fd-5e7a-ae02-5ee235da3b1c,09f7e224ad7d4657e43fd4fe3177d833d5e10919,paragraph,EXTRACTED_FROM
d93ece43-a3e1-5a42-aef8-4cf9cda2f8ca,23cbc6b9680c9b4b844c919e2a53c23ba34eb166,paragraph,EXTRACTED_FROM
9965839c-2dc1-57af-bfb8-424bfc685fcd,8319f61b558ff6c8986f5a4f83bf265d571f9873,paragraph,EXTRACTED_FROM
1cedba4d-c103-544f-be61-441ea0574adb,6a552de4411bd36851fd8add9648218a319455a8,paragraph,EXTRACTED_FROM
c0809f68-8c6a-520a-87f8-564c5e87db6a,845a6f804f9c893d6b7d98659946aa89bc3f6609,paragraph,EXTRACTED_FROM
63e40dd9-9465-5110-b128-efd5f3599ce0,93723aa78685e7a726994a4f40b9b6b725f7ec91,paragraph,EXTRACTED_FROM
75b87eab-2afa-5bf0-878c-ab56d0de6e17,01f4e946f8e81f0bed3b4436030283f6d2464ce0,paragraph,EXTRACTED_FROM
5721bc2d-9f73-5e18-b5cb-d818b3ebb01d,5b90054c06b8198ff29828858e569975dadc348d,paragraph,EXTRACTED_FROM
8213efe8-8ca7-5e94-b86d-add8a9079c12,67a2d9b2fdf385b8bfc87ac06ec9a42537dbb789,paragraph,EXTRACTED_FROM
b2bb2950-560a-55fb-a3a4-0b0d45f0cc98,1a4a49b68f78d61a85b3da3966b3a6a964978bdc,paragraph,EXTRACTED_FROM
8ce022ae-05cb-50df-9eaa-d8028798d96a,2081e1a68aa14e2158db447e466d6df423121ed6,paragraph,EXTRACTED_FROM
00da8e82-8108-5225-9366-a148332d7a84,965fe4c4af51466e9da57ba75b7e5ac52e72d10d,paragraph,EXTRACTED_FROM
b64f19c2-d350-58c2-a453-973a09621777,26e3a700b742520d42dab03d42c6a13c64fea7cb,paragraph,EXTRACTED_FROM
6eb1597a-27c3-53a8-ba2a-5006abf819bf,7a75564fcd412986854828803fd3526d881a5e58,paragraph,EXTRACTED_FROM
75dd844b-10de-5874-b819-7fbf9dfbaf9c,88ab21dc536c1934d45aa8a9b526d38007364969,paragraph,EXTRACTED_FROM
1fedbbeb-9dfe-595f-8c86-bd72a67b064a,05c9273ab4017664f640e43b140a38cb1e1bf389,paragraph,EXTRACTED_FROM
aae2425f-3fbf-5238-8c42-4b063247b515,8bb3f82dcb391ccbade767218f82ebeb04c69ebf,paragraph,EXTRACTED_FROM
c7b51ae1-b813-5b9f-a11e-69f31409e678,91d1906f3f2efa94852ed2ec3e0fff3ea54a0df2,paragraph,EXTRACTED_FROM
6897469b-7be0-56c9-a4b3-950b62056157,0ae86d2d4ce2c5d038426ba28ec304a143c9ae82,paragraph,EXTRACTED_FROM
ddab5cdb-d4a7-52d7-a205-e433a3207ec7,e34afd2aa7ee5ed083c91ddad59baad380e88b27,paragraph,EXTRACTED_FROM
79483e66-4ad6-5c22-88e3-7e8353e33d16,968cc6e3895cf8386326e4bf21a8ccb607724edb,paragraph,EXTRACTED_FROM
01cc97ac-4a4c-599c-b473-13e868551c80,00434e3110e9a9a5757c5878d184232e4d99f2e0,paragraph,EXTRACTED_FROM
7ac174a6-1b97-5103-bb33-52d5821a0c38,14f683ccf8e918522658057908ce2d05495a1d21,paragraph,EXTRACTED_FROM
9c991780-4fd5-5d98-9171-2f1ad92f76b6,cbf2fed42a8ef149c317a2fef8284c21216b1421,paragraph,EXTRACTED_FROM
32868b1f-cb9d-57a7-94a4-d17a550633a9,7eaa9b586545a45cfc159d40740d1a68fa9f5230,paragraph,EXTRACTED_FROM
29a34193-7f35-575f-9d97-62c4e5b341b3,d6a59f46bf5e84c583eec2341ad9a4c43eb06bc0,paragraph,EXTRACTED_FROM
023de464-5ca8-579a-a3be-c3cf929a5a04,cc564f1644b1cab33af0bf5d502c2ccdece4f87e,paragraph,EXTRACTED_FROM
e9de0db6-15c2-5403-848a-8667da656f07,7dffd24454f01e29852c1c783b6d982c78b9d7c5,paragraph,EXTRACTED_FROM
fb15e2e0-72a5-5eb7-85a9-c464de7e0b30,5798af1795aa2554b859426f96c400c99d0ce238,paragraph,EXTRACTED_FROM
127cb696-eda0-5ec5-a727-0e8d74a03757,c62197b7a3e4d5dc702d55d146362491f83c7c2b,paragraph,EXTRACTED_FROM
9916eb2d-638f-5a65-be65-71ed58305355,4b6c923f468fc43573e3c19e7c19905bb0cb30b0,paragraph,EXTRACTED_FROM
59094b0e-1e8f-5196-94c8-d02f2137dde0,a3ce6428794037193dd5cc5f575d42b50489f6a7,paragraph,EXTRACTED_FROM
c58d7d72-7d99-5e5b-a1a2-4786e966e2bc,34fa57f58a46d7d19961ca9cc133f07d5779dc50,paragraph,EXTRACTED_FROM
7ef3898c-2f39-5d9f-90b4-c351dbe01d32,c3b38f7adba46b6a52a38f1e30ade8829e3f56ba,paragraph,EXTRACTED_FROM
f25ff432-628a-5893-993a-200e066d93db,88f0205fcfd4b3963ee3aa1314f8a7fef13e9a9b,paragraph,EXTRACTED_FROM
fde695ba-c57c-53fc-9793-341f0aba8858,109d958374bdda080d2517bb26b1dc5b2ebf3b19,paragraph,EXTRACTED_FROM
526ebd1a-baab-5ce7-bd5f-4a726dfcc738,196137e8166ac5b5bd3b68e160cebe182af8d307,paragraph,EXTRACTED_FROM
fdadb5ce-7140-595f-8352-7e320b731ae1,7530f0e15bda5056d9cbf3cec5c7879bcea0952d,paragraph,EXTRACTED_FROM
a2d54a3e-ea42-513a-be19-7a090babffbc,7b8ec72d756e5f69f8d1e7dd08d732354d1d9a2d,paragraph,EXTRACTED_FROM
d9f7dc8c-633f-5fe2-a185-74a75cc2baad,9d0991779e20f2bb7cc6afe083cb8ff2dc1945da,paragraph,EXTRACTED_FROM
0119b613-e789-572a-8245-076e66bff895,0f6ebed14877fd3db9c8581aff79cd58f31d1ff7,paragraph,EXTRACTED_FROM
21579204-3076-5565-b4c0-6d10b44266b5,16d56412d32bb4a25d4fb54f63c8b10d89bcc227,paragraph,EXTRACTED_FROM
3e12cb95-5a8d-5552-92f4-962edcfe8340,012a9fe84cffba673f122914584cad58bae198dc,paragraph,EXTRACTED_FROM
93577dcc-a176-549d-a352-149a9c5c9cc6,1dfb4fff520e5e987e2b170f01a34b50e86a3243,paragraph,EXTRACTED_FROM
7630482d-bb22-584d-b1f8-451cdf5567c7,0d24637d20f31bd78689d6997b09f776d4fb5b51,paragraph,EXTRACTED_FROM
92017e2c-3e05-5993-a7bb-2696bc2993da,4405370870853e28ecb74eff19a1f24b4bb870bf,paragraph,EXTRACTED_FROM
f22cda67-1557-5191-9a9e-7529ab9f0e33,839f8fcc6608f58ccdb037f78a3ff10fbf1ef80f,paragraph,EXTRACTED_FROM
e6b5316c-1433-5884-b649-695c9c468f1a,a8a4edbd1794fedeaa3d98d0b4715e274a4db3b7,paragraph,EXTRACTED_FROM
20eb35c3-71f3-5415-9e60-00b06a5adce6,1fe7f5c24b8beda8a61bd19163712ecaddec1424,paragraph,EXTRACTED_FROM
716711a6-bcaa-5247-8443-da04c3f15c09,2a2299d4bce654d0e4eec65e9d3cdcc6fb5d1279,paragraph,EXTRACTED_FROM
db07cad1-a5d8-5fc6-be7a-4bd2f0d33505,caac7e8dddd3c84b47a4e72475df42ea1235e3c0,paragraph,EXTRACTED_FROM
4a69b2b8-ab72-5420-bfe2-b4689639d987,82f446ce0cd163d0abfd450664d260fbab8c1893,paragraph,EXTRACTED_FROM
b532dbc3-51a1-55e0-99bf-0493f5ef93bc,c62ebc19d1fb241719d10d0989a8968963d13289,paragraph,EXTRACTED_FROM
0e08f5ef-3e5e-5ae5-a2b3-f55cd8b05b00,3b621efb6d1b78a39ef74edb889ef3558fe53662,paragraph,EXTRACTED_FROM
25b46ed3-c505-588d-86fb-ed467872666c,5e182b04cd496c501bbe379bfe086a08221bfd77,paragraph,EXTRACTED_FROM
1ae99be0-1a44-538c-bf13-a76b4a661f5f,385cc3b10feb1f6f141a721848aa1d616093de6c,paragraph,EXTRACTED_FROM
54103c69-169f-54c7-b806-32ad8830bcf9,bae4caf8a641227d44e89b1cb107294b4616fab0,paragraph,EXTRACTED_FROM
d68aab1b-9a43-5687-8049-2c54cf1d1edb,e0512212731216762c12bd0bd9dbc88182335cd0,paragraph,EXTRACTED_FROM
04586653-1909-5d3f-8bae-c3e7ed495d7b,d37dda22f773c4ca95f650d64fbe64e5ff512c48,paragraph,EXTRACTED_FROM
fdd30db3-3697-5862-aba5-27d08e7709f6,f63b9a42f8130c8bfd727362da9c0cdc97edeb72,paragraph,EXTRACTED_FROM
b4c2af32-4196-54cd-98e8-038ea7b22ae5,a4bf02b6430ded9522714b9cadbca573ff873428,paragraph,EXTRACTED_FROM
1a89ced8-135e-5585-9a00-80ebb7064f13,ca1008a7db77b5bcca4974ec8158272aafcdf6ef,paragraph,EXTRACTED_FROM
68be61e4-2277-5435-85cc-06485fb5dc24,d581aff5c1da7529c17eeb321101058f5244e52f,paragraph,EXTRACTED_FROM
8cc2ee6e-ce34-5949-8f6d-f5ff3cef4693,b63ec3f6743d121562ced2a777cccfb0e0e16c06,paragraph,EXTRACTED_FROM
f27338fe-df11-5aa4-bce0-0a6f43334cfe,dcac52ee25dca6da0bb97cdfb7292fb53e8c3a2e,paragraph,EXTRACTED_FROM
aaf873bb-267d-5e06-9be1-4f4b399fd8d3,c8218a20107e74f8e3d4d34005cc9dc5b4692796,paragraph,EXTRACTED_FROM
3d34cd20-0ca4-5cb7-983f-384b940e3e6c,1124ce45f055006f600e41b68d847c8398aff007,paragraph,EXTRACTED_FROM
918e0d21-7ae5-5537-a1bd-5232d4f9b5fd,581bd1366b4e405b628832cce1da173057a9845a,paragraph,EXTRACTED_FROM
5de509aa-7ba4-5dcc-8084-a3f9ccda69f6,a3fd5a2339624694c9ae9f31707e630202da5d8b,paragraph,EXTRACTED_FROM
f137e375-fc8c-56ab-8b06-cf6f5c9a62ca,fb87a2cc6fd5661549fa23d71e578a7f9a98cee0,paragraph,EXTRACTED_FROM
b0ef603a-0048-5316-9223-3e13ea9e7958,7f8c9913dd4be4e6e75343409599afbe7a3154e6,paragraph,EXTRACTED_FROM
1412cf19-5231-5fd6-8a08-235a6ee5fd68,d9287fd6dda41e40f43ff006c24994cf22de6909,paragraph,EXTRACTED_FROM
d8425a33-548b-5f31-852c-5eee348fef9c,40286bf76e24861e8b7cb7a52f0d04be00fa1b87,paragraph,EXTRACTED_FROM
ef4dd416-f018-50dd-8bbb-882f62cf8f81,54a93e97194f3654908148df4ce1a26a205f1e0a,paragraph,EXTRACTED_FROM
136987a5-686e-5d34-91af-3e31b89971af,ef33d98dda135261db939aeaab2baa081ed4833e,paragraph,EXTRACTED_FROM
2e40d995-47e6-5c5f-96bb-d07381ed68f0,9d6100f727badae0d4972eccd0d027b14a6804a3,paragraph,EXTRACTED_FROM
9fd322f6-d86a-5a23-ae90-51989d14ca8a,e6f19543fad5cadfd9865fcff64b55bd139d3621,paragraph,EXTRACTED_FROM
3c586ac6-37e5-5861-9bbc-d9f9ad4686a6,514793b2c84965113b809a428498ddfe8921ed7b,paragraph,EXTRACTED_FROM
b6e5a1e5-1498-5eb4-bc26-182664a13278,44d0cc3cb0ac8a28cd31d67e0ef654185e813828,paragraph,EXTRACTED_FROM
4940626d-db72-564e-8df5-ab69ecedf2b8,69640a690879fdccdf773c9a3f783f50abda1717,paragraph,EXTRACTED_FROM
57f774b3-45c5-50e7-85d9-a15bb67dda49,3b96c86685475e6a3e45b5875f49d7d471b66e50,paragraph,EXTRACTED_FROM
c118f39b-5b85-5c65-a0a3-a900c0b57d71,fd6e6837072f591bc899305a96a1d734b1590fe2,paragraph,EXTRACTED_FROM
094cf5ed-5f7f-5fc2-b6cd-82bea0291899,0eed40e5dd29f938286943cff7fb0c7f3b080d65,paragraph,EXTRACTED_FROM
fcb47575-c72b-5e78-8695-b90f6757ae19,c4416ef071a55f47e3ec823e579b06aecd953a37,paragraph,EXTRACTED_FROM
87836435-230c-5e31-8783-0cc220c52e68,c5310d735cf087f761a6ddbcb74edcb3c38e7e45,paragraph,EXTRACTED_FROM
ce053c46-88e7-5391-b4c5-35c4037f02dc,5bdab3eeb43d5d105d662ea12d08e203ea77fc2d,paragraph,EXTRACTED_FROM
d653be62-817e-550b-956c-ca8f6bdf41dd,51ea65e9b5dea047d616dd6b26254dcae24803be,paragraph,EXTRACTED_FROM
b1669a22-e743-5373-b139-73542256b9a1,aaa37c9f565d25452a556680b47566480ea8935f,paragraph,EXTRACTED_FROM
3dd6a455-062e-5dbe-af3e-e57f5a38ba6d,818445a9365c4536ed24c094a90d93e2ef0b0a93,paragraph,EXTRACTED_FROM
6520951f-e020-5ee6-b413-1fe199a2d125,b17b7d20cc74fb48f9e1fa1257512cf89805c757,paragraph,EXTRACTED_FROM
ccd31814-5332-5574-b809-13a56c0a4f7a,e2c9b96a6b891fd30dd877cf0f8578437060c200,paragraph,EXTRACTED_FROM
32421c5f-3e7f-513f-a17e-710e40c83112,5d9d43526af120e97f907c8e9679e077d9131205,paragraph,EXTRACTED_FROM
7ebd2f8a-2943-515f-a450-91fba89fe1c2,56af3bcd1849898e7caaab90b6ae1a2a8f9e027d,paragraph,EXTRACTED_FROM
c8c700ff-f371-50cf-a936-f40d4d8a5ad4,01982ee312d70bf11797f56e44d805ac7b3f1f03,paragraph,EXTRACTED_FROM
5d5f93ec-3e5c-5887-9389-c03709e2c930,5a92076898e014c37773a55b8f029ad3b96cd029,paragraph,EXTRACTED_FROM
2d8e0d8f-f8c8-5cc4-8d63-b4c285198e99,23e6b5547e524b0dd7afda1167cf8b34dbf7fff5,paragraph,EXTRACTED_FROM
d98922e1-4dff-5d9e-a644-c0d248666f80,2ad40364e1137abb5df4331e2967f29c59efe966,paragraph,EXTRACTED_FROM
df0f80a3-c866-5b67-aabb-c7b2c3f67595,eeab1200dac8d2a2d18c3f9f7955d123cd8f75ad,paragraph,EXTRACTED_FROM
4be7f15b-582f-5670-86ac-2974d29b6616,ad4d36b368d8c63dd3a6cbd9a22efae2d09acf28,paragraph,EXTRACTED_FROM
73f06820-8d85-5e9b-a22c-6ee007c556d3,ad530ebd9a2f5d4820ce10231ffb2c3b0fe5a57c,paragraph,EXTRACTED_FROM
be33d20d-29cf-548a-95c6-cf11a62d1ad0,21faf0f02506e3f9085ad6135ffb0d738a973d82,paragraph,EXTRACTED_FROM
060e7a4b-4c99-526a-bd24-62ee2e9e64e2,361ebc9a672b0baa3b00c0e185e52b74e4007df4,paragraph,EXTRACTED_FROM
b0095eef-9b75-5d0e-b630-86f375592773,14ccbf361c7cf11b09da8a9c12a1b0f66f45d47c,paragraph,EXTRACTED_FROM
08828df1-dbb8-5e1d-a3f4-20ba2f122de2,0f20982dc6f1d495d8daea214108bd912e9db45e,paragraph,EXTRACTED_FROM
6c35553b-a7ce-5bac-9e71-28a496ace0b2,76c67be1f0f03f61b55b168679e70b0c325d122f,paragraph,EXTRACTED_FROM
a486936b-f957-54f6-bc89-0a6fa295b9de,86bac628b1331adc72c4d336c4b3a145a4a5be59,paragraph,EXTRACTED_FROM
dbaf2bae-8ced-5279-a82a-e628dba9386e,5568f87cc215e1214bd96af04f2332167ae69b1a,paragraph,EXTRACTED_FROM
31d8d49a-d9da-5e97-8bae-a9cc9268c68c,9345b7af9f0819dd2270a0f306cc9ca4e203a9f1,paragraph,EXTRACTED_FROM
065b4e2b-3356-50b9-ba7e-8822d6076ae3,cb1d9fc5d7a4c95ecfe90621fd084e046e14a220,paragraph,EXTRACTED_FROM
8cc0b40e-8c37-50d8-a929-791b63a467cd,95b5df7ebc4682e5fa0be624313e3b5b12e5d8df,paragraph,EXTRACTED_FROM
96fd89b8-7bd6-57ef-ab5b-a161f7a1b343,9ad74e2ec732807e96c75462490db09eb33f511f,paragraph,EXTRACTED_FROM
35fc8610-58e9-50b5-80a1-15c5edc48772,397b9ce27a6c37343795ebaffeba49f2774b5823,paragraph,EXTRACTED_FROM
594ccf0e-81b3-5d82-b106-fa9b9f3e356c,3082d6acc2970af9a5e936b9f70b623cbbdba80f,paragraph,EXTRACTED_FROM
dba47055-aa9b-526f-a544-744b718e49b5,64ba6f7077a9cb7a0510c4ce837fdd36d813d2ef,paragraph,EXTRACTED_FROM
4d433234-09d1-5455-b7fa-509a14cc123f,e4a1d8d0730dc4a165b23576e41794375261fa70,paragraph,EXTRACTED_FROM
44a9495e-5b3e-523a-b580-b241b6d53060,e3b0625d1809e41388f987fd6697dd5f0e5bb0e2,paragraph,EXTRACTED_FROM
3fee897b-2f8e-57f4-8fd5-1b4dea7db677,c7469ef8cadc8f879c666bf373e86a51947b2195,paragraph,EXTRACTED_FROM
31034d6e-fd25-59f0-ad84-ddf01fdd3231,c28165e33f9ae9e40a6ca1f50d4c4490f1d3cb8c,paragraph,EXTRACTED_FROM
f29ea665-8c92-5e39-93b0-d5878c396127,2368a4d5bfc833b0671c18f8a306272e79af27f5,paragraph,EXTRACTED_FROM
9ce4b7e1-25af-53b1-b2ff-a49908336e85,3bc5bd957ae9b7eb71af72682e1f53cd4937fad6,paragraph,EXTRACTED_FROM
2182e50e-10d7-5286-a6ee-b807228c515f,fbd477938f1f6f6d24c901b8913d356da036ea28,paragraph,EXTRACTED_FROM
997b649b-cff2-51dd-8bb8-b91aebfa911d,16a1f35354f02045846677975cf3c1aadc8a41f5,paragraph,EXTRACTED_FROM
340d16d4-db01-532a-8e84-cfcbc3b14e6f,c8f94936bee4f9c07a553c6b5552cfd9395a0f41,paragraph,EXTRACTED_FROM
77b7e5d6-46e3-5dd1-b67c-dabc86e91efd,1ed860ae5d41ec5d0b325b0a79656bdb21ea994b,paragraph,EXTRACTED_FROM
2e3913e9-360b-557f-be99-34bec9f8d88a,55f6e449c604f7480abc93c0abf4ececd34cb4e9,paragraph,EXTRACTED_FROM
0d6e19a8-d919-547f-94fd-758629482a7a,742fd0aaddc7ee1c16cefd632cc24013b8523a94,paragraph,EXTRACTED_FROM
c92ed607-2fdf-521d-a7af-c4a4b5af1509,9a3eb60837f511060b7be4a7d1e5c3099b9fc3ca,paragraph,EXTRACTED_FROM
7fa134bb-fe13-5b47-90aa-db80540f8566,bd69ec33b481b081dc864a1d562e91ac0eee855d,paragraph,EXTRACTED_FROM
499b902f-59da-5777-b11c-9cd0ab64ed31,a9b3e58200040ad9abe255ca04267e905265d206,paragraph,EXTRACTED_FROM
dc1dec0f-9ad2-5e5e-81d8-1a094a75b267,f66c06123e0923a4ecded53a0d44cc41436f62e3,paragraph,EXTRACTED_FROM
2c2b1fdd-b3a8-505f-94bc-a412e5af58dc,139da525d6637cc185f4d430af7bba5313799a6f,paragraph,EXTRACTED_FROM
b8e34291-ca81-5a4d-a697-13eef3e72e98,0f209c9eb9d54ecaeb1cde78b28892f0edf2f897,paragraph,EXTRACTED_FROM
9aea9416-1e9f-5414-939b-b00b19a66313,891db2ad085d64dec4898df08a37d37335334313,paragraph,EXTRACTED_FROM
b8ae5f54-19e9-56bc-ace7-0a098d1efdf1,a99cafefae22db539e0bc8d48d489fca561851ee,paragraph,EXTRACTED_FROM
1d7ad16c-b26c-5b27-b193-5ea459f326fd,345e4608ed8cd63667bcaded69b12f451b82cdcc,paragraph,EXTRACTED_FROM
a257ff52-aab6-5927-9f2b-13ec5e84404a,fb78c45782956c1c523a6fb720c9a4706d3ceb6a,paragraph,EXTRACTED_FROM
df3e473d-230b-53d0-9064-13c9861862a7,81b4ff88f7614280d6a86633335daa3c030c1ae2,paragraph,EXTRACTED_FROM
ce4c74d7-0d6e-595b-a202-3fdf0f38b63e,8bd55aa477d7deacbb81c0c7a6727bafaf7a4d2c,paragraph,EXTRACTED_FROM
864c252c-16df-579e-bc66-30c7ebd9391a,862fb19221509af71288506280d73d0480d77345,paragraph,EXTRACTED_FROM
df7ef0d7-4209-53dd-883f-2675628b26da,357ae82d806ac1674ffff98959591cc59f648346,paragraph,EXTRACTED_FROM
b67c4463-099f-5eb3-b222-73d49e2c176a,78754b949053b5c05c8e92af7307a12fd1a4e728,paragraph,EXTRACTED_FROM
4b2e6099-af89-59d3-ae9b-abfe1c05afc3,6f1973725e256c29c52a5ed17ed574a597783957,paragraph,EXTRACTED_FROM
c9b97408-81cf-509d-ba58-977542478344,bec43f879eb086d87b489ae016fe798165e31333,paragraph,EXTRACTED_FROM
1d4486d1-650d-5fa1-8e84-aa95ba914485,d748941b74fa7234982456ac7683e73ac05f7a62,paragraph,EXTRACTED_FROM
36037271-f87c-555c-a60c-3388a3bbef9d,e7281e9bfa8d8399722c68fe58a50699367ecfe5,paragraph,EXTRACTED_FROM
e19ca945-49f9-5167-bc6e-18f681e6957b,f4eff6f6f36a194f9acd6ad2d9313376f139e061,paragraph,EXTRACTED_FROM
53c80388-6c1d-5c12-bc2b-d83c3e2e4868,c31e640448f3925452b099c892b000d3b00f11b8,paragraph,EXTRACTED_FROM
8d57f769-bcff-54ae-8a20-547f357ae61f,74fd31518953098bc9ce2a213290ae77397a6e91,paragraph,EXTRACTED_FROM
06eb885e-6c7a-5177-8d36-52dab73466a2,1edf443f8059444610b2cf4533a6197ff55fde6d,paragraph,EXTRACTED_FROM
d94fe051-2d4d-54e0-b4b0-eaef1de54e23,8c4fe867a0bc74da30a7de6381067b94e51a8bf0,paragraph,EXTRACTED_FROM
63f63838-68f6-592a-a609-b9ee3aa5eb74,eb091ea8e1fd3c28b2ddee1343461efcaa3a7353,paragraph,EXTRACTED_FROM
850c3640-03d0-513b-aec2-9abe68cb6157,6e537ed9f004d0cfeda70b897e164f272e67e2e9,paragraph,EXTRACTED_FROM
e8b673cd-d1f1-56c3-8407-1572501f392b,b850c5a826e3830eedca0b33035e3ada4b3d9ba5,paragraph,EXTRACTED_FROM
24f5c821-efa9-59ac-a351-9a7d2d08ddb1,382ba1996f6310ee960784bd0b885c151e5b8b13,paragraph,EXTRACTED_FROM
eadaa8c3-fb15-5d09-885c-6293efd578a9,8867d585294f6c2d06ce6be9940e92a3b5085925,paragraph,EXTRACTED_FROM
394c5806-cdc8-5e1c-8034-c0847da6ba74,4b4297097b53c3761c7ea69dbad814e67549d0fe,paragraph,EXTRACTED_FROM
f468a848-dac9-5e7e-91a2-e2d5f42ada81,2bebeb76d04592d8b45f314035d41e79909ab3a8,paragraph,EXTRACTED_FROM
a89909f7-aeb5-57c0-a2d6-e724782e8261,e236a3bf28238aa1d6be9ec955c93abc88d99840,paragraph,EXTRACTED_FROM
fac3d4e9-9844-5327-8e97-729a73e9de53,74ccc1c093a449e5e197dc7a32e0c4f117d4ae70,paragraph,EXTRACTED_FROM
a5f8376d-9dc6-5b6c-85fe-cd76664f01bc,64a2e7f154b114d4ad4c04ae4dbc987e8a4becd2,paragraph,EXTRACTED_FROM
052a2874-8542-5b7d-a592-e3923acc5e79,38a9d13fa9c8600fc464fe5adcade9401dee9e89,paragraph,EXTRACTED_FROM
f9245b30-2f5a-5eb3-b6cb-d673a400ecc3,f608aa8ad89e94fbbea98aa6ef581ca487cb8247,paragraph,EXTRACTED_FROM
4ae12d7b-2a97-56ee-9a7f-4a1d228ec4e5,b0cb2525fcb77025489857f0678cf87296589a29,paragraph,EXTRACTED_FROM
8961c888-0a98-58c5-8a50-28837c7f158e,b2a3fa842247c02c5f9218b2af42c06b33c97756,paragraph,EXTRACTED_FROM
8b3cf822-72f7-5699-8f07-a9925d436b74,d0bcad07cfd33918c84d4790caaeff784530d94e,paragraph,EXTRACTED_FROM
334f4029-d9d8-5453-8335-123f7c06ae7d,cc6a6cf8b00d0914baf0ca88bee07970c50c9fba,paragraph,EXTRACTED_FROM
ff47a10f-da76-5f77-8a48-3d3deab7d532,8cda1f2fcc5be8f148210063bbd7701d36309dd6,paragraph,EXTRACTED_FROM
8ce6d5ba-5723-5ee6-8954-7a49638815c2,1553449e1c9e756894815a0fc7e1660861603db0,paragraph,EXTRACTED_FROM
3fe5d2b2-1922-5564-91d6-647510db922c,52a11681d8a1a5a2835a9b0cbc06dc6458000318,paragraph,EXTRACTED_FROM
c85d1705-701d-5d3b-b176-d3a7a204eed2,817bf2a641518a1af6e2080bb46ad83f5f41243a,paragraph,EXTRACTED_FROM
cb33d85a-64ac-5b22-8f1d-9a3a2b02c687,402d4b5f6dec6137d40216cf5b5510d6c49481fc,paragraph,EXTRACTED_FROM
cc7969ff-0023-5803-a654-f18cec71a102,25d573a9962d84a19b9a5f1987ef274e8ebf29b7,paragraph,EXTRACTED_FROM
aa31219b-4e9d-5662-8ffd-176c179a99b8,2371ee3191ad8f34435ce05fa59497225f57110c,paragraph,EXTRACTED_FROM
f923e0ac-7fbe-5c68-bce3-923c22af6ee0,94df02545ae6c6ae339b7beeb5d4985a805d532a,paragraph,EXTRACTED_FROM
2b823d96-1ef2-5a71-80ef-ef9472332907,0b8954abd8a83e93211dad3fd8b882ff7c708936,paragraph,EXTRACTED_FROM
f9b9e410-6a13-55f3-a4f1-3a99ed93aa9c,8fc0f496064742decd0f0a34c3463563737d9ca5,paragraph,EXTRACTED_FROM
46daf1e5-2689-50a6-a51b-e672866cedd9,6bb54ea450598fa9e4486bfbb0caf4e98c45bd74,paragraph,EXTRACTED_FROM
8fb20767-0e5e-53b6-99be-9c1b9c4561a1,567080bc37f26d2982dbff845b1179c27f9cd510,paragraph,EXTRACTED_FROM
62da2fe6-1577-5a5b-87f1-12a48a67d52b,ca02f6b526c8b299f4ded1f67c60f153ce95a5e6,paragraph,EXTRACTED_FROM
a6ec6bb3-9be0-5fcc-8991-dc051b78ecba,dbd9918db0cda7bffd4d628ec2bdc41b8855a018,paragraph,EXTRACTED_FROM
3b0c0548-bfcf-5246-bfb3-bd4a53e92561,d4d64a0818e2194a639c74b27a6e8c3319c96412,paragraph,EXTRACTED_FROM
e7b7dda0-db3a-54be-ad3e-b691602b91aa,518f578be9126ba5765a8261ffb9bea087db7b57,paragraph,EXTRACTED_FROM
01d69862-a3f8-5cfb-b36d-ea8bd0c686a3,eebdbd2416ccb4a4fafc12960f1a42f9a16cbd46,paragraph,EXTRACTED_FROM
83464079-167b-551c-825e-7134fe85a94c,72c4a2b00236193c7a78408f44ee74296f6b7f08,paragraph,EXTRACTED_FROM
7a5f5957-38ae-5f7d-8b38-376cba1b276b,962bb063e1ea39ee0df81f8477bc9f18410ace17,paragraph,EXTRACTED_FROM
3966946d-1844-553f-9e4f-d6251ef40c91,64af8c0c0bde3ccc618e5c35eda3485dc19bc8fb,paragraph,EXTRACTED_FROM
018eb684-e830-5c5f-a524-2c4408c61aba,423c75ec8e55ee2ac0945864072bd39df2079320,paragraph,EXTRACTED_FROM
a8919d23-4eee-5c4b-ba87-fda2a6acfccd,6a092d9ff60d045341b5c675263967e09b19198d,paragraph,EXTRACTED_FROM
9d4312fa-7f80-5bf9-a138-26129a8d0dc8,c80b34cfcd460c6f5b81b3486b57c7b159d6c5d6,paragraph,EXTRACTED_FROM
f4dcc5a1-ea0d-5ecb-a019-a1b3c0b217fe,c4fd7e40c3d09fc81d2713543e77e47c4bb4b341,paragraph,EXTRACTED_FROM
d15e9b77-b761-59c4-9f97-a14ce29855e4,300dadf4991a6cc06f21728bebe103423e8ba147,paragraph,EXTRACTED_FROM
707761db-4126-5dbb-8e10-322bd18a1732,bcb0658bb7cf63d76fb5bbc05081db2d7710c1b7,paragraph,EXTRACTED_FROM
1816648f-d710-50dc-8fcf-46a39b52274c,c4ebd5b5f4d02e3ea38f7c1fc78c763b288884dd,paragraph,EXTRACTED_FROM
1fa7694f-39ac-5db4-a41b-3beb8e6964c1,06db00bba560196d2e2fd39fc50e5ea4440fffd3,paragraph,EXTRACTED_FROM
ba200e40-7cac-5aec-899b-7271241d2875,1a8d9f0edea9550dc4596e8f29c692e887bb97d9,paragraph,EXTRACTED_FROM
7f846273-66e9-51bf-a8de-fc0aafb30176,6773c925bf02cefc99ee6de28824601ab91e1a09,paragraph,EXTRACTED_FROM
198c6925-43f7-5e50-b7ad-e1b8caaa1188,fe3f0d472098f61237606c936d6a568694c96db7,paragraph,EXTRACTED_FROM
1f9d9d28-d8a4-5e11-a329-e93f06eaf363,1ec535b1c9e8fd1ed3893ac53fdbc768765af4da,paragraph,EXTRACTED_FROM
365500d7-f3d1-53bc-974a-f658bca41712,08b3ff3afe0c7447f40640a7d95abee87c96fefe,paragraph,EXTRACTED_FROM
037c9859-39a8-543a-9174-3f514aae184d,04aadc0fa35a888042c48d7285a76792f97bb808,paragraph,EXTRACTED_FROM
c725d0d1-06ed-5761-9427-ef72c582a3c6,9e54aa6284ccd0a5d1c4cdf369864499003000b2,paragraph,EXTRACTED_FROM
879d03e3-84ba-54ba-af7d-bc98bdb2589c,4d90c282db0dd426d4dde6e3fdc30a85ccffa62a,paragraph,EXTRACTED_FROM
338f5909-fc28-5e12-8968-bfe717781dd5,b83a609abc03f3e34eb4e9f840e6c5df6174e39c,paragraph,EXTRACTED_FROM
3b978938-9524-5acc-b27d-1d12e3d9adba,61efa34bc978eecfa0d570a85652a067360c42f9,paragraph,EXTRACTED_FROM
f4b3bc60-1fba-53ff-907f-34c76959fd48,b1da35d90cba6c13d65d494cfe726796b3e2c6e0,paragraph,EXTRACTED_FROM
ec5188e6-6e99-53a4-9e0e-5e771b4f95b3,dc5018c4a4f7cade7afb2b1ccfb297c6f9468869,paragraph,EXTRACTED_FROM
9249d651-c2fd-5236-bc28-1fd8c63c441b,512a739e1fe1e463f2d32b84f20bcd239e7472d1,paragraph,EXTRACTED_FROM
5ff0228e-f68e-5fb9-8747-c7379bdad15d,f401170e75457d01158edf1fbb2e6ac06018196c,paragraph,EXTRACTED_FROM
ba2b8d16-1972-5707-8f3e-2dcd92ee2fa7,42a0fefab720f596158b5920bee048289e4f3923,paragraph,EXTRACTED_FROM
714643cb-64cc-540a-b8c6-46bde9ee81c6,e994dee438d41dff4cde77fff9dbadce6cae2fd8,paragraph,EXTRACTED_FROM
cd45c122-e0ab-5e1d-ad66-2f356af7363a,37b8663e3cee20dc74a22d25ba57618b63ac552a,paragraph,EXTRACTED_FROM
c664eb40-327b-5117-b136-e152bbb079ec,17771c0037af24dbc11fb05b7b624004966dcce0,paragraph,EXTRACTED_FROM
a4398f49-6cd2-5e64-a2c5-07c0cc2981f5,71f3b598458ab05e04fb7293dd62ed1fec7bff2f,paragraph,EXTRACTED_FROM
81dd6932-f488-56f3-b013-b504cc6722e5,633163b4b0409bdac68191d1af7117f6661851c9,paragraph,EXTRACTED_FROM
36180508-eeb1-54a8-a171-bd86afa52f86,796a0e237b2c7174d8766b1190de25350dcdcdc2,paragraph,EXTRACTED_FROM
ed903874-6c18-58be-bc98-804db989d764,2263b10147ef943dc7b6629105e932830a68cd2f,paragraph,EXTRACTED_FROM
740a343d-641d-57f4-adf2-9fc3f610216e,2657e4977cf8ef22b89039db1071554ef6322203,paragraph,EXTRACTED_FROM
4f41b13c-bee8-5131-9a71-d1af05a78ee4,062db93c7cd0051cc6f3c8160901cdeef6c24363,paragraph,EXTRACTED_FROM
95eceb29-ae1d-5222-b3fb-e0a426edf908,cdc57a2bc01a448a68ac9bfabc3a578239d661f3,paragraph,EXTRACTED_FROM
ce0a239d-dd2a-5fde-82fe-31e998dc9188,78e913e59bfe7370caefdd70bfa936eea2bcdd6e,paragraph,EXTRACTED_FROM
5df5182d-93bb-54a6-8795-f46480d38513,c9ff324f73d7811c3f1955ee21c6ce4897306880,paragraph,EXTRACTED_FROM
775de06f-5751-5b4f-acea-acea7f71d038,643b9cc79c12425857d823e6750859d7fecee086,paragraph,EXTRACTED_FROM
f27da986-2b76-506c-985f-7d009e7f9d0f,4f450f3ff04dd44216e29bfe333a930656f32048,paragraph,EXTRACTED_FROM
eb0e5ca0-64f7-5ddf-97dd-d645d53b1639,f54c81479df8aaf2f7ae59f5020903f9a19640db,paragraph,EXTRACTED_FROM
6c0963b9-0aa9-5370-beaf-faf3cc5669a6,7a4f5585bb498d22aa02fa271c201cac8fe150d3,paragraph,EXTRACTED_FROM
d9f8a298-9beb-5aa9-9cff-fc3a0fb83652,5c0498b84415920a502c5f598e62d4f0bcb22d30,paragraph,EXTRACTED_FROM
be5f6af7-e00f-5a58-bd51-8953f0874c8d,7ae0eb10957c47db636891b6fe088a37b8dd0977,paragraph,EXTRACTED_FROM
e790b736-ec2b-50bd-bef5-a19fe3860ed3,47a70fd677696a1d0b9872265d8651a1b9218901,paragraph,EXTRACTED_FROM
ff35cc9b-6876-5723-9b4d-1393f4792732,f6e4b71b49f393f5e06c5ee707b7b2fcd772d7ae,paragraph,EXTRACTED_FROM
eed5965b-850d-5ddb-ab7a-56aec98543c5,d257025acb0c9076999c760a1bec7bf4021d3a3c,paragraph,EXTRACTED_FROM
d11723f7-318e-5d07-8a52-81cab93149a0,33707a929db1c40428513e1897703a6676a1d117,paragraph,EXTRACTED_FROM
0e3c3507-126a-5278-84d1-f3ca9cf4ad9c,69b19fcdc40cc9c1504f88ed19562b41c6de75f1,paragraph,EXTRACTED_FROM
1cd0a2d5-3c01-5de3-87b9-0372c7ad9ab7,142e4e6a16055ed98d912e889310e5518c4c9acc,paragraph,EXTRACTED_FROM
1d5a6019-22c0-55c3-987d-b9d6f8a66d17,801fc52cc52aac22cfae1448d9f9b0119120a51a,paragraph,EXTRACTED_FROM
c083856b-c65e-5101-b50c-2d40dffbb8e9,ca85f29c28c0f5bb94c953d8097681ba873d1382,paragraph,EXTRACTED_FROM
63b139eb-b065-5753-8384-f4083a5d9ce3,0f9abe24fe7776ee7d38b39bd1fafe5a1a3e3e36,paragraph,EXTRACTED_FROM
4b104e87-1732-5592-aee9-46d7339b080a,65d94b5e7a5d927a6ddffc1af1236926a5b67ab0,paragraph,EXTRACTED_FROM
ea285449-8076-5e7a-a90f-4a1cd341e948,3dff2ca36ccdab5015d09cf25a0832db20634108,paragraph,EXTRACTED_FROM
5c203951-3169-5ef4-9273-62771a6adda8,ec2449b7c81fb206513fc58fc8bfb94fa90844ae,paragraph,EXTRACTED_FROM
2c1b7c3e-cd3b-5824-a3cd-4cbecc5933e5,8db070a40400f5956bd07a6b33ae86e4aafa1ae5,paragraph,EXTRACTED_FROM
294944a6-1a25-54bd-9913-5c072ec65264,0db4ea5d9e1df4772503afaf506c63e13d89de22,paragraph,EXTRACTED_FROM
5052635d-88b0-5bd0-a1cb-79fe22ced07b,fd838a174ec8751dd114261c199541df76b26df1,paragraph,EXTRACTED_FROM
577acb05-5221-5780-9403-5b5694538069,185de01b7b97583aa47829a6d9603e68408a4137,paragraph,EXTRACTED_FROM
b41ea8b7-dd69-5258-988d-75cb261f5fb8,3a98e3d480920ac393c34e1a5544ee9c6d407f1e,paragraph,EXTRACTED_FROM
4b8d786d-6667-5085-979c-c0403fc8eae9,c2caf9ea9b5774b6da9abcbbd0f205851ab473c9,paragraph,EXTRACTED_FROM
f4a7085b-7868-500a-a94b-02161d277b21,16abe7eb4a83acc7cd9d08976b077d6a2838d67c,paragraph,EXTRACTED_FROM
148f0cb7-287e-5ce6-802d-54a1503db973,f98aa9f040148d3325cb6a55f9360ba259c10c92,paragraph,EXTRACTED_FROM
a3722e91-62d1-50c9-ade2-3fc0e005df29,866b9cd604065055fbca9b212ad99c1a200f0d32,paragraph,EXTRACTED_FROM
66633785-1944-5e23-9d81-1a3c94897693,c035810a6d85bf5abb23c164c123e7a8135a41af,paragraph,EXTRACTED_FROM
a43419dc-b1ab-548c-a19a-3249e1783280,f926b7e74baff7909ed4f407b0353cd468254953,paragraph,EXTRACTED_FROM
5a904633-e6e0-5dd2-bac6-37ab09d5eb94,2400a4dc7d66716bb7e6077a98946f6edf7792eb,paragraph,EXTRACTED_FROM
ef6392bc-e562-5c69-9cbf-3c3cc738a063,b10874375cded13079cc06a36c28848ec7a6ea63,paragraph,EXTRACTED_FROM
311c4d97-544a-555b-8474-2ccb582fc912,8ca24944c15684b186b958f3104747f17f56c486,paragraph,EXTRACTED_FROM
4e20f765-2ae1-58af-86e9-3ac7f4baa368,9285b1024fa5a16ad2e1e228b46efc2d605da729,paragraph,EXTRACTED_FROM
a092c940-d7ce-56a5-a5b3-fe5c852b77a2,411f7cafb83fb599b3b32d8505f6df4779fd1dee,paragraph,EXTRACTED_FROM
c92dffa3-477b-5b09-bc0b-0bf178c3666a,ae80f774d143f3295615fd2a336ef4e0828a0380,paragraph,EXTRACTED_FROM
a2520003-bfae-5baa-abfc-9537eeb16737,5d4e20ef83407478972fb0d59eb0f3d1b4537c3b,paragraph,EXTRACTED_FROM
cc989eb2-5c1e-5ef8-b4a8-3c80e10e9d2f,6cdf29400ae821ae715a41ff7d89cc0fc83ef85b,paragraph,EXTRACTED_FROM
380aac57-13be-56b2-be80-98276db86456,6df12508e63baa76580111773d19195c8846f757,paragraph,EXTRACTED_FROM
5279c49c-877f-5288-b4c9-0348a0c3d710,3d25df515af7dd2e5c636ab284225e04789cff60,paragraph,EXTRACTED_FROM
f41ca4d1-cef5-5ed4-b0ce-8f938ce9706a,a788314d1d6cd4be78e96a190daaed9311cf3387,paragraph,EXTRACTED_FROM
085dfd94-e34c-5be8-a17e-df700abe7f38,24b11951cf6388c4efb914b92dcad5875f593ec7,paragraph,EXTRACTED_FROM
f5c2f5da-29ae-59e6-8dbc-4a03ba8ede71,e565ffcc0b3a520abaa713b297d109bfde083864,paragraph,EXTRACTED_FROM
38553194-ca07-5911-8348-90ea9739259b,aa6e3530353c1d593c224e5cb320157cda178e01,paragraph,EXTRACTED_FROM
cf785bad-05be-505a-9cb2-cdab8de378df,a7953d377120fffb246b9ce56467162b1a43c60a,paragraph,EXTRACTED_FROM
e7ade2cc-d42f-5476-ae05-1bf5698ec279,b39ffbd0cb4764a627668ed78b8a5507c5bbaa8b,paragraph,EXTRACTED_FROM
ce09c870-5b77-5319-bd1a-55d308bbd5e2,049267d71eba2375b3381e7989c46145c62a08ef,paragraph,EXTRACTED_FROM
6f0b2c9d-0a26-566e-ad9a-b8296bcda521,bea20b93ffe8975aa72184f304aa69b367eba6e9,paragraph,EXTRACTED_FROM
964f152b-4329-5a56-919a-492510da709f,6172e0bdf882498a901767f270091c00d5ce524d,paragraph,EXTRACTED_FROM
7a813d65-5484-585c-b8c4-3099802318b0,f2364f81c16a321aaf2aeb1982a03af05ae8c30c,paragraph,EXTRACTED_FROM
264ec44b-6c5b-51b6-8490-920713efd109,5eb548115dfab55482a57670e2c1cb3dddf85f5d,paragraph,EXTRACTED_FROM
2dcb1ba2-c32f-5d50-9286-f39e45c13527,4e5b6f88d7195c0b2dc9f9865a441c559352d0b6,paragraph,EXTRACTED_FROM
69abf942-98e2-54cc-84fc-cd1c4abe2091,dfb8c8a1d55fba546d89f22e6d8f96bd7737ba52,paragraph,EXTRACTED_FROM
f2eaed7f-dbd8-5429-89ff-68d9e5b6fc4f,6c9bcc2e0aa6d79271f0747db3c91a64d0ba9c58,paragraph,EXTRACTED_FROM
f9e1538f-0628-5516-bfe8-d96d07a35027,7a34d4ceac304e6a740c33e2d6cc0a9d0728df30,paragraph,EXTRACTED_FROM
c15c1d36-8f44-5238-a278-336b922c8cdd,9b95eab1f69a2bba49a0b9e010b2b6bb0cf534b8,paragraph,EXTRACTED_FROM
2edf7b6f-a079-5ed7-ab8a-5e37c36a5dd9,ef7159737bb49d55d6e1635fa0ef9db427698b2b,paragraph,EXTRACTED_FROM
0ea6401c-9f47-5618-86d9-59eca76d6a37,d7c19faa5f7a17dce56f444918c2997bf73fd3de,paragraph,EXTRACTED_FROM
155cb127-00d6-5749-b410-f75ebc2789fa,467f4b07087badfc0dc050c8dc5b41fd9908971a,paragraph,EXTRACTED_FROM
f014f759-705b-5361-8aef-c5554c557043,98aa1aa8f9d4f1eb5884a7174d9410b1e72e7d5b,paragraph,EXTRACTED_FROM
aa3f7123-40af-5e91-82e1-74f6d241ff51,f41defdbba306c41367e8cfa9b46993927142c52,paragraph,EXTRACTED_FROM
396d49bc-e82f-53cc-8a0b-c528e7415952,596d7b97c481ca571b68b80ab5e03d988ee7a0bd,paragraph,EXTRACTED_FROM
9c18615b-beea-50ee-94a5-de7bf90644a9,fd411cf14d57033fc2f10a8e89c780cb44b1e299,paragraph,EXTRACTED_FROM
3ae90f4b-4428-5e7f-ab35-c86d2aa4c4bf,00873b3e79f83c324cf49f61fd46012100b72c91,paragraph,EXTRACTED_FROM
43a30115-c3a3-56f8-8219-80842b6a16be,5f947772aa52f5081fb39463e18616eb90567b15,paragraph,EXTRACTED_FROM
1c2d546e-aef9-5adc-b5f9-c554c89feb07,863cb809e73470022c4a78a9c642c68a8ccd1f2a,paragraph,EXTRACTED_FROM
c6a52cea-75dc-5d6e-8cb2-512feb0b3b7f,4454ddcb911a680d5d4dc60c70bb96e55bacc683,paragraph,EXTRACTED_FROM
349b722b-477a-5979-ad4c-2186c91145cc,a07b7336be9b27735e69e688f620315c87553972,paragraph,EXTRACTED_FROM
24c9ba4b-c1a9-5c87-8ff8-f67d41fde3cd,a33b07b6551d186ac0d665d4d770ebb5ff35a214,paragraph,EXTRACTED_FROM
e973994d-1047-5325-93f6-209e4e1da428,3a71a49fcda69c11396462508fa9aabb7a51ccea,paragraph,EXTRACTED_FROM
4970cb6c-f7f6-5378-a1be-3f12e03d4084,07a057b80c65f8c7270be91f8aefccc6fd0bd808,paragraph,EXTRACTED_FROM
064c2840-0ffc-58df-b071-bfec495a3fe5,ea0c2843d919405bf2175c65264b7a65a0ac79e8,paragraph,EXTRACTED_FROM
8bf8f41b-503d-5eff-a1a1-0505614cfdb0,c0aa494016ad376caba79d8dd46a58c6a118452d,paragraph,EXTRACTED_FROM
9ea01a08-b185-580c-a35b-05d0db372365,8e71eee82a9be1927eaa786fae6f0a86b9deb990,paragraph,EXTRACTED_FROM
46c55dc6-eff1-5e33-88e2-9283fbf5fc71,4ef96e0c99c8795cf5ea689619b4f7d5db70f416,paragraph,EXTRACTED_FROM
959ec2d2-5efa-530d-a2c9-e25b8f14a836,d2b0a6df2aebf808343870f743f49455a4cb93b9,paragraph,EXTRACTED_FROM
42b0db10-b935-5d86-8126-157394871c80,e5a3e044b41adb2c2eb1ac0c0f350d1011fb3586,paragraph,EXTRACTED_FROM
11b23ed8-7d1b-5a3b-a980-ad6e491709ce,d86e15db80620d1361bc4b43b0ca829cccb456a2,paragraph,EXTRACTED_FROM
2e6c838d-f36e-53da-ad23-8779a6ea8a24,b5c36c628d6d208ea55497132d75461b9b8a675d,paragraph,EXTRACTED_FROM
46d5fe40-16fd-563e-b0b1-84842eb31cd3,85ba58311a34d772a547cf201b303d0637baf39f,paragraph,EXTRACTED_FROM
e6d506fa-b06d-55dd-88fb-8c5582a36a8e,8f372e3bae1be9b4e18b0876767aff1fb5b9d909,paragraph,EXTRACTED_FROM
7e742772-dca1-5d3a-abb4-1429e6f66335,8d0441220534cdd9b16682cbc2a36081e7b1d078,paragraph,EXTRACTED_FROM
fe89a677-4add-566b-9035-017b55e7dacc,550f52932cc2264b08bef3c3b4869f9d62353350,paragraph,EXTRACTED_FROM
37454411-f634-5344-aab1-b8c6f68e6669,e0bb0a9cee716441838cf5819a5bd731497a2a8a,paragraph,EXTRACTED_FROM
51e7e013-7ec8-5148-9a0f-81393a1248eb,20da65c2c662907dfc7cb44ee309a7163effd94d,paragraph,EXTRACTED_FROM
4df3b435-1bb0-578f-8961-7909a1136c3b,316804aa5518085a968ad1372091d1470b18bcb9,paragraph,EXTRACTED_FROM
7be56e87-295b-536b-bbab-b1f0b2de3db7,20e2ee2fae8837ffdeb406f0590bef6abb8c264b,paragraph,EXTRACTED_FROM
90ad1d02-eaaa-512c-90d3-1f4cca58622c,386cd03b78c930df3068aa343cce16204f99e1e0,paragraph,EXTRACTED_FROM
3d5e8d84-f6cc-59e8-b810-48e189cd9dc3,1c052a6f3f82a9d24b24820b7aa43d6ffbb57572,paragraph,EXTRACTED_FROM
d3b94434-038e-5d18-bef1-49b720aa3898,2d29ecac16cbbd32887a517e45eb7007845e7ae6,paragraph,EXTRACTED_FROM
82b0cf74-38e8-5cd3-ae0e-7c5bde51e7ee,f959bb22817dd6c73f14a8fef1c1158b71e0ba8f,paragraph,EXTRACTED_FROM
2a1ca3b2-460c-5e7b-b6fe-1e189178a71b,9f3d85315b354bc9d366b33d7543f0549113a95e,paragraph,EXTRACTED_FROM
d7867003-2700-5c4c-96c3-b375abc9f05e,679abcc4bbc2a51b7b0cf661418b97b6c8464add,paragraph,EXTRACTED_FROM
adf91218-21ee-5fc3-b780-ba086f76d1fd,47047e4f80045e4b9b76c303109a88a4112eed1a,paragraph,EXTRACTED_FROM
77665d97-9e0b-5aa6-9831-ebce0354df6c,608a36e97c83129e352faf845864f0f1eaec214d,paragraph,EXTRACTED_FROM
287ef7c7-3517-5fe3-979a-006df8c1a42f,6cac28232af54149e02e288a4d320bdcccd6fad6,paragraph,EXTRACTED_FROM
e7f076b7-7059-5069-b6f8-0d45a6f67893,36d5b96bafc32894a3746b641301bc51d5953c1a,paragraph,EXTRACTED_FROM
3093e9d8-a7b5-5343-a2dc-6594d940bef4,852f3f55335cd4ac9f3ac6a3b0c0380923579726,paragraph,EXTRACTED_FROM
d3e2945b-67b4-5161-9a25-e154c9866c90,ce90cc0d292ff9cb2dbbcf603abb4658bee69a83,paragraph,EXTRACTED_FROM
adc576af-9288-5838-9c8c-72bbf435492e,fa8c49e5decc249c316a8c02dab399df636ed436,paragraph,EXTRACTED_FROM
afddd63b-ce56-5d4c-b3e9-75369bf05629,1a9500b03710be05020749dfeda6573ec3c2a9a8,paragraph,EXTRACTED_FROM
03778194-d081-5499-be04-987899980751,e1fcb6da19b0573825582b19b489f9ea353c73d3,paragraph,EXTRACTED_FROM
021aa0e5-f895-5531-b4a4-68e56e51b200,f979c11c975b5b1d865ac6751aa1b90a673bc8e3,paragraph,EXTRACTED_FROM
d5b3215b-838b-51f3-8555-76909a829781,f41346d5ff4cbad9bed9ed8c345e89f12e693523,paragraph,EXTRACTED_FROM
e43dab19-8eaa-5eda-a7e0-f75467de7495,2f9f8a40aeb7c10202976578dea37d42604a7742,paragraph,EXTRACTED_FROM
96b912bc-ded2-540b-8886-3d520d590a4e,918b9a04e268aea3540e24b2cfabe60128989898,paragraph,EXTRACTED_FROM
6de5f784-cac6-5401-9014-af4e1f2055e2,5cb401fb84201d6b037e4fd7863decc298ceccbb,paragraph,EXTRACTED_FROM
5f53fb0e-c1c4-5727-8355-6739092c2cac,46a3a1c90e5ad0f2c0e7e49d297f9bbb6ed7cdd0,paragraph,EXTRACTED_FROM
7844caff-7788-5b89-8089-f13e447c9e56,572ff75fcdde00977d63fcccaebfb5ae8fd1aa6a,paragraph,EXTRACTED_FROM
fd5da350-91e2-5ee1-82e7-214c8b6dbada,572c3f65129140282e30ee68d94afc4bf01dba9c,paragraph,EXTRACTED_FROM
4c077270-059a-5a76-b5a5-a6f253a082c8,6365617597cfe6c3e7afdb03ef2d009c8f43be9d,paragraph,EXTRACTED_FROM
99e929fe-4d52-5684-babf-949e0e86bc99,540275f720450d2edf331a0103d756c3ab934825,paragraph,EXTRACTED_FROM
66eb56b4-9cf1-5d9f-9cfc-2e8477e7f58d,f6f7b3c70bf092f5ea03442f007ceb38661b21b9,paragraph,EXTRACTED_FROM
7fdc56e0-ad93-58dc-8dfb-61a667da3a35,9e5fe1d877d293cba7a3a5a7b273544e74abd129,paragraph,EXTRACTED_FROM
f622ed27-9259-50dc-95fa-935696495fb2,da4ee82df9f737c80df33e98fe248914cc5cc206,paragraph,EXTRACTED_FROM
257a0f43-3bcf-5092-ac9f-417631b71ec2,f7e31fc377f27186445c84f47f935f8d0aa238f3,paragraph,EXTRACTED_FROM
87e85612-cb27-5a65-b34e-13faf6af4800,d93d1e3a33ef04e552e0e5c8120373af0ae6530d,paragraph,EXTRACTED_FROM
5c37f561-bd5c-5e7c-b633-88ab6c55d466,118d91859860b4a267374616d9e8cbd165ef45bd,paragraph,EXTRACTED_FROM
c6194f85-8fad-56e6-8972-c80d862f119d,2a2fa202832083167c89a214b26e03bfee1deb0a,paragraph,EXTRACTED_FROM
437ed63e-3c7d-572e-b186-b285bb88615f,feacd4da8e2570569630673344fb0b52f5fcf4b7,paragraph,EXTRACTED_FROM
26f76a2d-abf9-502b-be4d-60b2757cec5a,71df989c23b9bff5562db7db1fea2f49e03d02b0,paragraph,EXTRACTED_FROM
d0a992a4-f7d6-5795-8d2f-555c91b8685b,9e7b0f32cdb244d49f6c514a35d29cf6d29c36e1,paragraph,EXTRACTED_FROM
3765b57f-9974-5db7-be17-432ad96877a5,da280a40b75815a4f8561a0c84774c43989f20fa,paragraph,EXTRACTED_FROM
eecfdb8b-677f-522a-be09-8a8f4105d2ea,8e6263587c9c4854f85d41de9c4b8eedb870ffab,paragraph,EXTRACTED_FROM
f235aaa1-442b-5d92-9666-f618c4f840e3,8b863d9d0972881b01bea8b7aec39e002e12fa08,paragraph,EXTRACTED_FROM
9deb9cea-debe-521f-a8b5-93efdabfe8ac,e88376e88ceea0625920fca91d78c102f124075c,paragraph,EXTRACTED_FROM
3ce776a9-df46-5a61-b5a6-478185efec94,40d8086bc4f9f0d9151e6252ab05f489abeaccc7,paragraph,EXTRACTED_FROM
ee7d4a4c-9656-5288-8a84-9a5f717c202e,8289f8590e92f8a6ea4e53d36852728d28a7f8eb,paragraph,EXTRACTED_FROM
5d1c54d2-10b5-50cd-a879-a07f2b8daa6a,241e3ec943a8afdf5474493adce0d862ad4becf5,paragraph,EXTRACTED_FROM
726ac3a1-eb18-5500-9dfa-f9b193dcea6f,5f750b6de669e4d4bbda74db8841d51f1679aed9,paragraph,EXTRACTED_FROM
879f83e7-c410-5242-bb6e-a102ed0b8bed,ea2fc3321f1e6ee0f3757ec59fb414634dd7de99,paragraph,EXTRACTED_FROM
c7b861c0-9f23-5cac-a5a3-60a821dd1ed7,7d2f9a8095dc7fe3f0bec8e31d9294ca430fb78c,paragraph,EXTRACTED_FROM
bf3be4b6-07a5-5380-ad64-30458dd42833,0e1a8b54af51df4fc1e1a3251ca1d5b915616b21,paragraph,EXTRACTED_FROM
ccdf1dfe-1764-509a-bcf6-0486135a9f7e,ab60293f4db7d1de35e7779c875728dbe9a2bdf1,paragraph,EXTRACTED_FROM
ad64d72b-664e-5e89-85fc-9eaa7e28594b,4a7000d20c50d4308617b9054c6ebf951845d1a6,paragraph,EXTRACTED_FROM
b220e55e-5ea0-502a-bf59-9fbd6cf2707b,3b48dfc40ebd05c85e29af559f23bf3a27db38ed,paragraph,EXTRACTED_FROM
8c723125-fa9a-5ba2-8052-948ad921b828,7db6d8eeee6845a21da56986d63e6db0b99d1600,paragraph,EXTRACTED_FROM
87bd5502-2326-5b50-a74f-332068654136,d0c335593b10c3c970bd2828fd6e8fe597d7e720,paragraph,EXTRACTED_FROM
ce0e89ef-4230-546f-9d78-27bb6ed926ef,eeabdbce16e4176f3486aacbcb0b0ae3be3475f0,paragraph,EXTRACTED_FROM
5a92b769-78fe-5a7d-9bc9-72b1fb8caefc,77bb8a44932508b166861e89e2ef6ab0d3fea4d0,paragraph,EXTRACTED_FROM
9d9f8097-8049-592a-b4a4-aaba60d1fe46,bed4fc5fc1788a762878fc1b947efd1945031945,paragraph,EXTRACTED_FROM
ccd814b3-3d21-556a-b520-dd22c1e7210e,24cdc74023925893472593e8b31dd5d8cd10ab2b,paragraph,EXTRACTED_FROM
4fcb34aa-4c50-5ea6-8518-261cb26f166e,dcbe51ede60412389449048c029eea8ef40e8847,paragraph,EXTRACTED_FROM
02b919be-5b96-5861-9897-3013cf7806a2,c9aabef4d8bc3a047405485c525600cc12856b51,paragraph,EXTRACTED_FROM
2e723c9e-7f0c-514d-989a-39c3485b2f96,cb5eeec26d5a7f771d8a0f1e7c1f2a3222c06d61,paragraph,EXTRACTED_FROM
733239e2-c531-57ff-ac45-784c6a5d1f6f,1788f325c57570097a1aaeccd0ab437bad55e5fc,paragraph,EXTRACTED_FROM
e3d9d7e8-90de-5558-9407-c66613fb1bf0,1411b0d0fc4027609951b76c4c7c7df0e25d4856,paragraph,EXTRACTED_FROM
5d1aa79e-e2c6-51f6-a186-17d185be1b9e,7fad553c966303ec3ab6ff565498151c94ee539d,paragraph,EXTRACTED_FROM
c54a9792-5516-58bb-8155-71bec14720eb,963977b286577ed495f6a7c6b6ff9daf6dc351e2,paragraph,EXTRACTED_FROM
a6148564-9f19-555b-a935-f7ce33089d8c,250a31b84e8c67f14d1f0030731e1193c7e43112,paragraph,EXTRACTED_FROM
3311fbf0-daee-502b-b107-a2c886924ca2,2872456b89c1f4001b40521a8884d49246b305fd,paragraph,EXTRACTED_FROM
631ff4e0-cece-54a1-9c70-bfddfc9f7c31,89286252e7cf0aab2f75665326070206467501c9,paragraph,EXTRACTED_FROM
5b7eaa68-e42a-5af1-909e-201179211c77,f633f802ec89c784a9be6faaa2006b81af659f71,paragraph,EXTRACTED_FROM
969fd68d-a19d-5f62-8983-ea19d2b80691,3a4feefadf0e7c7ba36f9ba666d46829b4ab75ec,paragraph,EXTRACTED_FROM
438f97e3-9fb2-555a-8fe2-20eff5a39aa4,e6aa3662c91ac26ceacdd0378147f78bdfb1553e,paragraph,EXTRACTED_FROM
766afe47-7ea9-5ed2-9246-a7bdd866d41f,1e666b8885ee1921e74f3168e8bfa7c7f2a1a5ec,paragraph,EXTRACTED_FROM
388422a5-23c6-5107-8c2e-db52ab013214,4d642966d4e4bd0f30be3e9648ed9bcf4182aa82,paragraph,EXTRACTED_FROM
a644d5db-f140-502d-9e87-e2c6d69bb5c0,54cf1c9024991e419ef823cf109c3904b2b426ba,paragraph,EXTRACTED_FROM
8112dffb-bb47-5d95-b8ab-cf7000738a48,6b39931fc34526d969b321f31516a80ebbc45517,paragraph,EXTRACTED_FROM
dc033f6c-a088-51ac-98c1-0d592ee4ea02,36b5f6835f3f6d2b7c61852699f03d4b6e337f32,paragraph,EXTRACTED_FROM
680fdffa-957c-58c9-9914-fc7afb9dff90,dcfd2c93694f0fbcebc2e70e9b47a3960d2c2a1e,paragraph,EXTRACTED_FROM
d0c7148d-6cdd-5aa8-99ca-b06116ca7b79,3c90121e5244259268325f93fa3ac0de6771da99,paragraph,EXTRACTED_FROM
bc352bde-1305-533a-9c4a-cd3fea88a7e8,81565d494716bf509de3f12985749f7cb0cc5a01,paragraph,EXTRACTED_FROM
d5970ecf-59b4-5a07-a466-e816a64f22a9,7210f39a7bafcb71137665dd70deab0f9390eb7f,paragraph,EXTRACTED_FROM
f2f5db99-1242-5f7a-b940-534664b37d07,a1b0f7342b5964e02430cdf7793ba3074bbb0ce6,paragraph,EXTRACTED_FROM
0942ef38-cbef-5e31-b8c4-d5acd4c23e49,0e6e64d4759ef812eb761a0f0d097f59a6723e5b,paragraph,EXTRACTED_FROM
e6a85b1b-ac13-5cae-a515-9d4dffe306eb,fc9e9bce2d20d69672c9dc91cd587ff280c0c23a,paragraph,EXTRACTED_FROM
cb27111f-d504-52e1-94c3-0ee03ccdce9c,1a40ce996d5c7abc01c4f1163ee7b19983c69765,paragraph,EXTRACTED_FROM
f27b6725-2bdf-52f5-9b1e-850ad0cda80d,87f13adbb14ceda52a461e842430de5029d94ca6,paragraph,EXTRACTED_FROM
42c28261-f311-5cab-a50d-3514bf7912cd,ff19968c0a01586ed449382629167563ffd608c6,paragraph,EXTRACTED_FROM
25a1d855-83ef-586d-983c-9e5d4b1f8206,53a7c828a5dc8f96957afe7600b6e1b8423bcdfa,paragraph,EXTRACTED_FROM
3e209c03-b5c6-5b22-9235-d2c5b5f9257e,0115ded936aa20bec183f31daf4c31bc1080e479,paragraph,EXTRACTED_FROM
bf10e16c-8863-5cea-af08-357b0cd678cb,0ac4a4ab48948de2ea3d221827297565c6e9c8d7,paragraph,EXTRACTED_FROM
b64d7926-f7d6-5be3-a075-6f6d6036cc13,bb3a076878eb65b633cb8af0fadbea03e2a8098d,paragraph,EXTRACTED_FROM
11072198-0504-5a43-ac5d-b881958b01b3,5af9e75ee2d192ccda1ae8185ded62662f8d60d3,paragraph,EXTRACTED_FROM
63e2c9e1-963b-5836-9cd5-4ff59b3d8822,d3494712fd0ead19b126f251dd9269bbd0c6175a,paragraph,EXTRACTED_FROM
7655c562-b57b-5f67-96e5-e2056c100575,daec7804986ad813a475e1b529859f72c722366e,paragraph,EXTRACTED_FROM
5004e2c2-3294-55c7-bcad-7d29d27574ef,a3f6df850a37a8929e192d1054fd9584830ce368,paragraph,EXTRACTED_FROM
44fddc09-78c0-5373-aae2-b96a82f547e8,496faf0d4c366f7f17e2bac2507b20dd24560f32,paragraph,EXTRACTED_FROM
64156566-27ee-5817-8681-580f9b7e02f7,169a812f4f4d55017dafc56e6455f261552d5228,paragraph,EXTRACTED_FROM
c6f9295b-3576-5f55-953c-9abff492ff0b,1bf49c21a85bdcb406e49d6c6677b9f2488e588f,paragraph,EXTRACTED_FROM
877ce63c-022c-5f47-abff-83b83a08ec50,4df56a24a8de5d98efdf6647c75e74511a0f5c4a,paragraph,EXTRACTED_FROM
c66d6e23-e7dc-5b1c-8069-1f99f8008433,ba73b9cd417765156d138c5cec211b1eaca868b2,paragraph,EXTRACTED_FROM
06d4c0b9-d094-5f90-bb33-8fd5acfd1929,eb0349643d134298cde5891c64e9117b08e27e09,paragraph,EXTRACTED_FROM
88eefb2a-53ec-5525-8c0d-85d419ce0e75,e51529ee9a5546a6d83e0f17ee3bb798e6e051ca,paragraph,EXTRACTED_FROM
f894c27b-fee4-5c76-995a-330a258a5bf0,0998c556fb8db3b2438cce9f91fca1dcba077996,paragraph,EXTRACTED_FROM
c6a50424-bc7c-50bb-99bb-3b93479341b9,61dbdcff5b4a50407981ee8379fc8e98ef587b8d,paragraph,EXTRACTED_FROM
fd1a4b5a-accb-51cd-8871-eff678ff5f96,1bdb1599d2e20e24f9da5bf40c8034f342ce4f0a,paragraph,EXTRACTED_FROM
a9578b9e-868e-566d-96bd-cf74fc098e87,66d8c87b9db04a794d3163e56b546990065fe358,paragraph,EXTRACTED_FROM
77d7dccc-f9b3-50d7-b2e5-f4ffb7368beb,c4dfa96d3af21346e267890058f7a18aeadaeaad,paragraph,EXTRACTED_FROM
7e394879-b7e9-5220-add8-1714baca7d37,aef50eb76ab99af5f37b21e75b6bae7378b11492,paragraph,EXTRACTED_FROM
8a8256cd-c45d-5a31-84f4-7ba62b783244,ece888867a1d71aa2d7518991871c4ef99581a78,paragraph,EXTRACTED_FROM
905dcf80-9039-59ab-ab45-9da0d31183a9,9bca667340e4cffe6d3819830edba40e46a56bb3,paragraph,EXTRACTED_FROM
fa2a6c65-48a3-56e7-ad2e-f6ec2fec7cd0,b199c54aba38b47eedb14dfc4cbcb800497ee396,paragraph,EXTRACTED_FROM
fc0ba110-b28c-5063-bea2-2c9af802cdd5,20c56e5cdfb89e106a3799b9297af6ff93d4ee0d,paragraph,EXTRACTED_FROM
368a6cd7-40a9-59df-a84e-4693e167641b,486acd9217377d0d7823843925a6885ab7421e69,paragraph,EXTRACTED_FROM
23a66f92-ceed-5448-97a0-b37b8266f668,3c73616557954ef85c6620f399e98f065ff94bf3,paragraph,EXTRACTED_FROM
8904b3b6-878d-5bce-b772-9dbb2f484246,8d9083dff5b3efa5ddc9fb3a58e2d8a8f9c106ef,paragraph,EXTRACTED_FROM
3bfba0b7-9d58-5949-a780-323d38c4cf42,2ea0fa882ab3dc94923db1bc5bc6744873d5bd5a,paragraph,EXTRACTED_FROM
da36297f-ab90-5bd0-9d50-a79208736834,5d0f7f0f6aa8bbe1c693031cc4279294707db119,paragraph,EXTRACTED_FROM
fdcb546e-9502-53cb-a2a1-0693ee7b91c6,bfff5094b353f4e71d1cf7861dab280ae401dcc7,paragraph,EXTRACTED_FROM
c7e8cf67-88b5-55c8-bb20-277efc3e3aa6,449847586d48089514596ae1f245b7c740815ef3,paragraph,EXTRACTED_FROM
a516b8d6-aa0f-525e-813d-6031ad3c9117,6fb9a5d35ad5c8d4e00ad3ada84fe28225abe69b,paragraph,EXTRACTED_FROM
4ea3c050-21ec-5178-9b04-72c0c14f6a98,39f8719ab228d384159d8490edc1302447242bc1,paragraph,EXTRACTED_FROM
b21465e0-9e4d-5b72-b475-40420306230a,f1fae5847e15d28a0512c812c74a820256984349,paragraph,EXTRACTED_FROM
a70e9c14-bc6a-54d4-83bd-80069a8ac592,54c0310183394b44240ed1aba47c5604e80e87c5,paragraph,EXTRACTED_FROM
45459b0c-2b81-5b76-8cbe-d7f17be47024,e7eaefc2240f39f371df7343fdf2fb01fcd04c22,paragraph,EXTRACTED_FROM
aa93ed2c-1143-53fe-b03f-961e39128552,be3a53f0e9c48572f701c4a7977a732c1a2ec185,paragraph,EXTRACTED_FROM
b27f74a0-2702-523e-b8e0-cecf94e70275,aeb64149ef2131580cf2d93d4f7f99884c7ac978,paragraph,EXTRACTED_FROM
22b78ccd-b7a2-5af3-b406-9175ee6711b4,78edf154874bc411b5cc32a120123e1e8a5d2bf2,paragraph,EXTRACTED_FROM
ccde19ed-97c6-5414-a524-c1d26d6ce789,8f43a24d6dbb61e45cb679267533ab83bde8b86f,paragraph,EXTRACTED_FROM
48247b68-5a5f-5420-af2f-2d57ec729e8a,77730cfecbb8cc1169721af9b38026a1da6cf04d,paragraph,EXTRACTED_FROM
f4539269-4a3e-5cc7-814f-d55591176608,e26362e3a5a82c81fef7a4ef8e7d95c2a1d45aef,paragraph,EXTRACTED_FROM
fdb63bf6-bb55-5d11-956f-68766775ed96,f2681ff0503fc9748178ac46d4baa17d22ace748,paragraph,EXTRACTED_FROM
7bdcc636-9216-541d-895f-f94fa595efdd,9844690ae099fdd0ef3438a29614baa6d002ddb0,paragraph,EXTRACTED_FROM
29e0c967-3e49-5ebf-9bde-924b2be61e46,9fb729da68fe13775bf0ccb331fca53812498253,paragraph,EXTRACTED_FROM
0da5a263-8ad2-5226-b4d8-9e62637efe63,28459b8dc1842bb3faa7a16f793950eb615a9af2,paragraph,EXTRACTED_FROM
0848c8bf-530f-5886-91a3-a08d545f59a4,75b1192d1f8ca07c0072eb13461e7144c578ff3e,paragraph,EXTRACTED_FROM
b7e8627b-ee3b-5513-bbeb-820eb8582e1e,6736b18498a6a0393f609ce1da488f01fbf4dbac,paragraph,EXTRACTED_FROM
372dfda8-5d19-5837-b3c5-8657192a80cc,a8666207e984bf847b9b7669edd15040c345a17f,paragraph,EXTRACTED_FROM
4d17e406-b75e-5e86-8b89-d0637c5f32bc,7faafcd9399a0844b12751a9c1ab4cce5a662156,paragraph,EXTRACTED_FROM
7abd489b-0017-5f74-904a-e62dc1f59530,32dff82ada905729700444b74fb02eacbdadfc0a,paragraph,EXTRACTED_FROM
0c13c894-526f-5962-bc68-56d232784040,0bfb6cbf0716700e04030d3f3ab489390fa4905c,paragraph,EXTRACTED_FROM
7a4235f1-a696-5318-9bbe-29ae0025019d,7a141d284bd8a65610d2de4725f9e6d0851f6dab,paragraph,EXTRACTED_FROM
2d8d9a96-4a05-5159-83b9-7ffbb39f82f4,c9c9acb615da80f191dd3a1262d0aa06de3fea33,paragraph,EXTRACTED_FROM
c3a828d4-ce83-5b0a-a0c5-f8da4372e182,de0f9c8c839d802d97c3e9c4c9bdbafed0b9e92a,paragraph,EXTRACTED_FROM
8d333309-ac3c-5bb4-9151-9cc81f7dce62,0750ea58263b5463dc0766d4ed357d6d10265e90,paragraph,EXTRACTED_FROM
f75382ce-2309-5903-8e57-7209a798983f,99825fe108c208ab8780d0ee1649cfe3a2fca99c,paragraph,EXTRACTED_FROM
db89947a-30b1-5e59-ae0a-8a360cb1dca9,9d8bcc54f36cc14920a27a48e4a173114f747b13,paragraph,EXTRACTED_FROM
7532e14e-f8d8-53d1-9553-3056499bc485,9678e77282fe864e9aa2b3e1ef347998c870a8de,paragraph,EXTRACTED_FROM
1e359ff3-ebeb-5bf0-9d3e-487adca9d923,d24497487683e6bf80bfeba02eaef943bd0c88e6,paragraph,EXTRACTED_FROM
4d22d480-a060-545a-90b0-a27f25e85fce,4a006a85b629293e54f1e48246a647ec586a55bb,paragraph,EXTRACTED_FROM
64117801-ee1d-5c85-be12-e40721b9272f,780fbc60d3d269c8c18936341a3bff730a4426fe,paragraph,EXTRACTED_FROM
37186242-8488-50c2-9850-7201cd18328e,5753bee66e5ef5a521b7c1cfce6c276b1ad0d7ae,paragraph,EXTRACTED_FROM
3a20bd4f-c515-5ef2-aa40-a76307c1edcc,c40880ba41e940b7b32327dafba301c5fe7b03c6,paragraph,EXTRACTED_FROM
67c5cf66-172f-54f2-abe3-8e1698e7af7a,2fb2f300ad4ce969781a1c2c76eab4e7877caffd,paragraph,EXTRACTED_FROM
8bc18023-3841-55d9-9541-ac964ddd7c27,029af1890ad6bd52d5b788817d47223aedb8cdbf,paragraph,EXTRACTED_FROM
b38d9a42-1df7-5b00-9474-183f487413af,f05821558d28d649186921a6b219e02a59febaae,paragraph,EXTRACTED_FROM
525d32fe-ebb2-5086-8c5e-573ad7854791,935d3a53604f9e00bf75564cc238d5bd16a966f9,paragraph,EXTRACTED_FROM
fda0fb90-5f33-5dbc-8f97-1933678858bd,0662523362eac0beda382383351d6af8430754d6,paragraph,EXTRACTED_FROM
95bcfdfa-4da3-5889-89a0-b4e35b4c71fe,c5faed57fb50de2b66bf0b9066cb4d336e619abd,paragraph,EXTRACTED_FROM
c8916d5f-8e99-5009-b39c-cd807b136262,6405eff2889ba9f128dce7161ade1361ae6f5fc9,paragraph,EXTRACTED_FROM
e817db7a-8ed2-5a2f-8bdf-c6cb619ef7f7,c238de06f1eea5f9abe1ab738e1da361d5f9633f,paragraph,EXTRACTED_FROM
c1db4653-def4-5f55-81d3-d4cd58dea9c8,f7af521c6c91944eb1edbb1a382eae93bd7f7717,paragraph,EXTRACTED_FROM
a641a19a-bdf0-5cd7-b6ab-85cb12c62192,8c9b1efdf470bbfd6cf20c91638a620d400d718f,paragraph,EXTRACTED_FROM
8e8199da-644c-5153-acee-cacc513bdcf4,747d680726adefb38cd00da3d5c20422280987ff,paragraph,EXTRACTED_FROM
9128d581-0cc6-50a6-9a77-fa9bfe6c82ae,e1969862a9132ec0f7bdcfa1d5a10c463bb7f056,paragraph,EXTRACTED_FROM
95578ce9-ac8c-5c98-b129-125049f4a6db,bde84ad6878668241b187ee5601c5a951b0e9c2f,paragraph,EXTRACTED_FROM
ff3e7c80-3d7b-5741-897b-bed665da95b5,dc8dab9bc90b1b7e0f58c3c45cae20e2ba877e01,paragraph,EXTRACTED_FROM
3c01fde9-f5ff-5ef1-97c8-676d283c9c34,c904048ae11683ef82ceb2af4b2fcb67b7cf4737,paragraph,EXTRACTED_FROM
6f80cf80-1b90-5fea-8c67-140621c5f123,80ca24091a0ddf51257d07dfa9dc6e851998c6a3,paragraph,EXTRACTED_FROM
2588a8e7-d667-532f-acc1-f22e22aa8b04,9641beb9e08765108f39bba6df07a13824c4d8aa,paragraph,EXTRACTED_FROM
6de2f27b-2e86-52bf-977f-9e4874c338f5,97d0b9908a23e206ff59560413040e7d73471d3e,paragraph,EXTRACTED_FROM
dc2cbc06-da66-5585-a92a-9d12c5ea8b00,cd76c0e1b9fd6153e468905b55f429a3f8bbc998,paragraph,EXTRACTED_FROM
4ea2a1c8-bae1-59bc-b063-4ebd229aef2b,db0fc96cf97624af475c8fde4d8d13b567605631,paragraph,EXTRACTED_FROM
583c8805-3f26-57f0-8285-016a5d5628f5,9399b08f1b5aa64e25d6d45d18cb29fbba78d36d,paragraph,EXTRACTED_FROM
cc42a60b-dc7b-5b07-af96-9f38c7cf7f1b,2eb483a43b8698ef2ca0cbf17c6cdef4a92a474f,paragraph,EXTRACTED_FROM
ac34704c-1239-5336-8cde-9cf2ffff7fbc,bd42531ecc0e24ba2fed6e9e792914bd0b4ad54f,paragraph,EXTRACTED_FROM
69baf2ff-c461-5bb4-ae32-623a6a6d51e0,125bf08c67d7f44a37f85dbda577ca43e84f7651,paragraph,EXTRACTED_FROM
dd394d6d-d803-5b37-89c0-8ece4185c926,29ee18d2d4bcaa0bad5ba3cd5377d9e421580077,paragraph,EXTRACTED_FROM
a90a4d2a-3633-55e9-b3a0-ed4b949a6657,fdfd239a78ebe4bf669743731671041b2d480fd2,paragraph,EXTRACTED_FROM
4a879453-a8ee-5cda-8d9f-98e377442acd,a6c7721e89af83e91d56d0dd24ebe455b4f0d1be,paragraph,EXTRACTED_FROM
6bf3e874-40e5-51f3-8fe8-91bb7be935f7,d6083f62136bcbd72d9762cb41814f51c0641cfa,paragraph,EXTRACTED_FROM
3e41dedd-4233-5a9e-8654-fe511547a152,7320addf07f1cd42453fe6a816309e18248c1199,paragraph,EXTRACTED_FROM
64bc5458-8a84-5926-b24c-f138c82876ce,0921279a6c92ba8a7f711e15c8b20e72bbea6bb3,paragraph,EXTRACTED_FROM
02e1fe8d-0294-5718-aa5f-d23632168793,9cb78496c762816ab1e118e77ee34705ce08fe8a,paragraph,EXTRACTED_FROM
88b74015-ec9e-592f-9c49-e2778955975d,d8c487c5a81ff0540b69b25bd8eb57a52169cbff,paragraph,EXTRACTED_FROM
604e1125-2215-5a2e-818b-ccfe0f97068e,5640960030b8746860e0d0b4759d84ccb2d20e2f,paragraph,EXTRACTED_FROM
2a22cca1-fab4-5560-a512-7ca5152b6e65,4cc043d5134c248fdb6b5eb1c6845909fd355912,paragraph,EXTRACTED_FROM
2a4996c0-bd8f-57ab-a5f5-c59e9c8bdd04,e7bd8abe3b2dcda2d53e6b48639c106772071d55,paragraph,EXTRACTED_FROM
2b0bbb0a-d83a-5412-8a5b-2556c33a635c,5d353aa42564f83d40cc50d4d2786033f2dbf6a2,paragraph,EXTRACTED_FROM
fba2c763-71a6-53d4-bab7-f22789ead56a,5fe37d2c561532be0c34861b66ee347529105c53,paragraph,EXTRACTED_FROM
af4de2df-4beb-5906-befd-3dc1669c79b5,b72740787b58bd735d63aa414c5f37a128ebf32a,paragraph,EXTRACTED_FROM
bebf00ad-fe1a-5d22-b7dc-77243f694f53,69868cfbabd32431595aec6882ecd1d0db285e17,paragraph,EXTRACTED_FROM
4f6e305c-4339-5f9f-b268-83e5da69f525,d660a903cf14303bd9467521e1c0b35c0f2de6e5,paragraph,EXTRACTED_FROM
7d5b11b1-148f-5af3-8ed4-a9fdea734223,cf80863eea66f9dcc2f54deba2d3739e66a6a1da,paragraph,EXTRACTED_FROM
41866fee-3b3e-5d60-b279-a5e1ff395f9e,4696912dccdcf95c8afbade1a0d60410f2953e56,paragraph,EXTRACTED_FROM
aed006ca-edce-5bd3-bcdd-6830dbdc8e61,9dd263405647275d09224c72da04be86155f7447,paragraph,EXTRACTED_FROM
ac8dce03-347e-533f-bbd0-58b46421a564,1aa3fde551f08ce07457a5a45b01f34571f7226f,paragraph,EXTRACTED_FROM
e85bc19b-5dde-56ce-8349-99bcb4f6f982,8e53a4c7e83344b189e3a76487bcd9909fc6081f,paragraph,EXTRACTED_FROM
87cc9708-aa0b-5d11-b114-13e6f14e400d,668cf911018e457f2c9a64bcba06a8958b6e8c29,paragraph,EXTRACTED_FROM
a1c017cf-312c-5cb5-8bde-a145e503bbd3,a7d405923278341971db91adc33a4805b200142a,paragraph,EXTRACTED_FROM
eb2bcf8b-5375-52ac-8a7e-c405be0f867f,2f8c5986d05e0f64a75865ea76c255dca12c0c97,paragraph,EXTRACTED_FROM
5bffc9e3-e26c-5aed-88e1-9a0d85f4cfe8,d6f84f5f5812a0671bfcfabb197069fee34d3ecd,paragraph,EXTRACTED_FROM
5500dcb9-aff1-5100-a378-51e3423233c3,3c3cc9941e153d4f7030280811a6ff67f5aa6db6,paragraph,EXTRACTED_FROM
19015a1c-b4e9-5e7d-aa12-95191e0b1d5b,cae17863c7de8ec557042686e3ee68579cac4ce1,paragraph,EXTRACTED_FROM
a8d79737-4459-5388-bff8-4ec02d438ba7,ebb782631df31bd54d3d70a52d6dffc133e8d78b,paragraph,EXTRACTED_FROM
516e5fdb-94c0-51de-91ee-2e347cca9055,8db708cd2e814606bd167960265d24969f97a596,paragraph,EXTRACTED_FROM
2d02677e-f589-5c10-909b-eda156985c73,563e79cc39c3ac8c5cdf7f468d38432e6a50fcdb,paragraph,EXTRACTED_FROM
5816e440-6c0d-5493-9be1-912d17f89413,c5617a449d3343bd8fe76a5a62fd34a511250bee,paragraph,EXTRACTED_FROM
583c0ff4-c9f9-52fd-ac65-e42ce9297875,1cbf43a718083c956c28f77962a1ebaeb1944284,paragraph,EXTRACTED_FROM
a6ef2e11-a5fe-586c-979b-0f2d3f63d239,77389ee903010a9616eb772d44d262774d244aba,paragraph,EXTRACTED_FROM
b4d23ab3-aa1d-572a-a868-dc52a2076a86,8206e42134b3f212d8522c8bb0f0ff473c25bcf3,paragraph,EXTRACTED_FROM
e84012c2-7609-5a46-bc63-6ba5f8cdeae9,a1cf4f79086e0d2af90b710db771b523144db831,paragraph,EXTRACTED_FROM
1e7cd983-82a1-59c1-bcdf-b92454065ee1,ea66962cab3abbd5c37fc651c160884611eb25e5,paragraph,EXTRACTED_FROM
41825b91-2b9b-5f0f-8cc7-c9045a8ae58f,d09a8397053ac53e9c068ed91d0f765faff05556,paragraph,EXTRACTED_FROM
cf8cccc4-a1f3-510b-a73e-84237b7b1d53,5951444a89a1672c2701c0be643abc05bcae13ed,paragraph,EXTRACTED_FROM
53f77cb8-c2ed-591a-b89e-e6c5894f5cbe,ee79fb240b154aceac91c7f1de9915ec6650308b,paragraph,EXTRACTED_FROM
54197b4b-65c2-5d26-a0ce-24b601588d02,634552981e22328c46bc612445e88aba93d65e43,paragraph,EXTRACTED_FROM
544df7f6-5537-50d3-8305-8c34eacd6711,b3e2e53ed6bf10f49dd97b246344e4517f655c82,paragraph,EXTRACTED_FROM
6503e3e2-c60c-567d-8f46-3f3cd52971cc,bac684d0fe3c67d9ddcf968f5f9fd35b5dc3989d,paragraph,EXTRACTED_FROM
a1ec47c9-d7fc-5a67-b1cc-92287d526a39,16e3adde27371adaa5a52dc78d530a74e65b420f,paragraph,EXTRACTED_FROM
cfea1b01-69a9-5acd-8e2b-e574b9deae15,af4133d9103321e60a3b97a436ba49aad465c603,paragraph,EXTRACTED_FROM
dce1ba72-d335-527a-896b-053dbc1e9cff,024a5eefe141b829c293ce67cc8c73699286f33b,paragraph,EXTRACTED_FROM
132e9150-83b4-5e7a-8c55-23d67ac9a8c3,bd769b8eaeda7bbb91ecd6e09f9de25e11fe4cc6,paragraph,EXTRACTED_FROM
4360f695-dd94-5deb-90b2-787dc7ba1918,7263ff61f850425e3316ac682b8fe90efeaf6c8b,paragraph,EXTRACTED_FROM
7003336d-852a-55e7-8f23-06f42e64f71a,bd06f32090e9f6e60652882170e993f98239a4ae,paragraph,EXTRACTED_FROM
c3d75298-4d9a-5b19-9c47-3ebea6a0765f,adcccde5fbd9eef1aa4a7bda5f1a803ac1293469,paragraph,EXTRACTED_FROM
b56e6edb-2ffb-51d9-ae27-3978150fb3e1,0bc255e13dab03f2815afefa03b94ea3cdd63455,paragraph,EXTRACTED_FROM
b2dd34a1-0694-54e9-8107-b4682d269bc2,73a2c38fb6c9562402a780dc8218897386efef7a,paragraph,EXTRACTED_FROM
53c8f998-1245-52e1-958d-5e079a5b1f3a,40094cee82b9c6f6d19d2f4acb0b402cc7f8a0e9,paragraph,EXTRACTED_FROM
065dd9d9-fed9-5d43-88ff-6840e8ed59b3,2b45f7c2a4f653b0bac44956c0151f19e5f2fb29,paragraph,EXTRACTED_FROM
47beb2b0-98ae-598a-8c47-fe17b2117131,14aa079797cfac44ba6182b8a1dbe8399dd1410c,paragraph,EXTRACTED_FROM
5b952f05-3a90-5610-9762-6a0cc97859c4,bdedc604bbe364b8c25817a9eb0fa2064c7ef7cb,paragraph,EXTRACTED_FROM
99b00e2e-0cc2-5f97-a64b-0cba3b3816a8,7fcda3e2328f7f45a10e83f194b5ec1584335e76,paragraph,EXTRACTED_FROM
f9cd3acd-00ce-575b-b1b2-39bdb944bff6,5c5831a92b5741edab8224d0af29f021b5c9aeec,paragraph,EXTRACTED_FROM
daa8adef-38cb-5686-897e-28d32d7bcbb5,fad8af21012e96f6d2021221bb1a79700930c72f,paragraph,EXTRACTED_FROM
3a827658-1dfc-55ea-9ae5-94ba2b54079d,79d669915903386d44b4064fcb65ee834e799252,paragraph,EXTRACTED_FROM
462a3ac0-6805-588a-b4cf-da6bd8b90bee,e8c74b30af4f2c6cec1596fe5ca3dbfa652e0873,paragraph,EXTRACTED_FROM
27ac4a65-1572-52f6-8dd6-bca36cf62f0a,ea10e7168e18e0f5f739f980023219f81e68c595,paragraph,EXTRACTED_FROM
a796cd50-4063-575a-9804-464a2ef4f933,dc10e377030d6a5527b5577700354b7543e5d911,paragraph,EXTRACTED_FROM
ce1de48f-55b7-521d-a000-f65bdddeaa2d,cb570cb06fe35a220b0f7ac1d3d852b09ae22560,paragraph,EXTRACTED_FROM
7d7a48aa-e828-5e8f-9d7b-0c5fe8db076e,dfe5ce6f07cca0125c6bd5450c3ff8d1eb0a420f,paragraph,EXTRACTED_FROM
d3a75927-ec2a-53ca-9753-62c550357329,977075b868587a8d0c0bcc56c857a46a836cb391,paragraph,EXTRACTED_FROM
64e01890-bf64-5cc6-847b-f4484e897235,88dcce8479d289ab4e999647a5b522848c595162,paragraph,EXTRACTED_FROM
edf3e128-890f-582a-8a22-1b6aea7aa773,5da0c508cf02a4ce79ab947cc8bcce7d1a5d1520,paragraph,EXTRACTED_FROM
35496bb6-9558-5fd1-a00c-553c4cb3b63e,4eacdf6ddaf170839b73b29b8afc3d9623290af5,paragraph,EXTRACTED_FROM
a66704ed-e5c0-534a-8e9a-98c0fede5606,89525e57a17e47993108efb316ccb8feeeacaded,paragraph,EXTRACTED_FROM
f7db68d8-d4de-5ef7-942c-c135714fd6e4,bfe8d3ef58d62ab44330e4e363ca808931f0617b,paragraph,EXTRACTED_FROM
dfb0c0c4-7302-5b9f-9939-3f1234e5442d,397f754bb1b785a5e02f006cc397c333abdf961a,paragraph,EXTRACTED_FROM
b4c4f5ca-496a-5b4e-a004-88ba23eae123,ed6cf91830103cf2b3325b9b91b5d24bc5039404,paragraph,EXTRACTED_FROM
b0b984eb-edc7-5974-a45e-3d0e294474e3,edb2d920dabc5764d5923348154d67140e727485,paragraph,EXTRACTED_FROM
d7528693-a66b-5a77-8d26-cc9b3c8c08df,474697e4f36e4934d8e2e2164b10ee9bd3b959b8,paragraph,EXTRACTED_FROM
f6255d22-6717-579f-a6b1-edd9aed38fc8,d60ca78d46b1febc9f18f4e9a5d54cce76d88f6c,paragraph,EXTRACTED_FROM
7823bbb1-dc80-5a93-b998-5cbd66f02ed3,059d4ccc0017ada0e02bbdf17f840377ef74cce7,paragraph,EXTRACTED_FROM
8706d7d2-d5af-5bd3-b58d-52ef6e5a3f78,7e9d6ca17a27aa8c56ff1b5172c99f42cffd0609,paragraph,EXTRACTED_FROM
696fd5f8-bb61-566a-9451-a7c82a6525e6,2ec953e5acafbf60a3947b0c37e96f6dbb0aa189,paragraph,EXTRACTED_FROM
bad4e6ae-7f11-55e5-9ac4-922e90678751,f6dd129bcc256af46a064e3f4d86d37b0ec036bd,paragraph,EXTRACTED_FROM
80e36571-d68a-53d7-97bd-f38fb9d3df76,c61cc00806f38f2e4a915c1f27666d6a496ed278,paragraph,EXTRACTED_FROM
f33c289a-80ed-5b52-b23b-2d14ffcc4db8,a216f51bd7df1702ff7f7eff92476d809bede079,paragraph,EXTRACTED_FROM
a0974644-47a2-5a52-91cf-da916c8b759f,c4cb051f2685d423cafafd92877840a8b876c050,paragraph,EXTRACTED_FROM
145a5693-a297-52c2-baa3-457d50167538,880248049f51306f1d1abedd41ce437b67d05a5c,paragraph,EXTRACTED_FROM
34bba181-d8c8-543b-b5ee-334e0dec21b9,6cbf212b49cc2688b7d09079dd7e3becded549df,paragraph,EXTRACTED_FROM
26cfda98-b11d-5d2f-ae21-90b2113af32a,08ead6f5cd31e2e23946498f9831234cfabbe2c5,paragraph,EXTRACTED_FROM
785ba662-a445-5556-8274-31ff94d3520a,311982c647283cb4611ee10da812fe63c198c640,paragraph,EXTRACTED_FROM
3a4faa75-7dd3-57b1-a31e-c9f9b3a299d8,c41adcba931b257eef26b8dab528f42a8275eceb,paragraph,EXTRACTED_FROM
d489252f-2709-554f-8a53-722af791844f,0d57aff4397b22c089db736668871191db9115db,paragraph,EXTRACTED_FROM
acc3f759-3b1a-5ef9-94fa-18e5ec84f2cf,32e007f5460617317ed5fc37e190ecbb1b7149ed,paragraph,EXTRACTED_FROM
ca710f6f-953e-5e8c-b265-37c0ff32a79a,cd3935e2b7fae91a72162074cf9eccfd0ce2d041,paragraph,EXTRACTED_FROM
e2ed2a96-02a4-5824-ad7b-a4788e9d7e72,812973ba81cdeda1446eb29c493ce0725a74e3b0,paragraph,EXTRACTED_FROM
4b3f0179-8901-5e9e-a945-10a1c36a320f,26a862592b812359937ec6f72ce86f8dda7a8fcc,paragraph,EXTRACTED_FROM
97afd1d6-bddb-5eb6-961b-a0857ea06b2f,6819d5ad6e1841bf0db573c38abff77c24befcfe,paragraph,EXTRACTED_FROM
72418252-941e-54c8-99e2-b528e0811738,eb7b918d4f939c447e69372f9e1b804e38c977ae,paragraph,EXTRACTED_FROM
a93038e2-726a-5f1a-9e74-750291a6d488,c8deecac535dd458d2a31b5b25b00ea3949a26fe,paragraph,EXTRACTED_FROM
0b6d7bc4-2d74-5769-9d33-15d6e09ad68f,974e91cd8ba39b3fe2025f80cc91cb64dd0791e9,paragraph,EXTRACTED_FROM
f66cc526-32fd-5978-85c8-29991921e3bc,b410fa869aea641f0fbc343b86da4cc90b24402b,paragraph,EXTRACTED_FROM
81e9f95e-effa-5154-9344-dfefb22b0cc9,1e645f6de589ba10ad0f37c813661210a3bc1cb1,paragraph,EXTRACTED_FROM
87500fcb-a9ed-57b9-8c35-92421e6f2fa6,0f61549464b06b36dff4eb4eafd115f6db1e02e0,paragraph,EXTRACTED_FROM
d15a5c19-0232-5199-91fb-ccebe3d53475,de15b085a7248a5e289e2c7d1c094948d5792d38,paragraph,EXTRACTED_FROM
7458b62a-4e0f-5fab-bd51-4a07e45c7387,5f68596cf1590c41b3f37ea3fdf38727e4aa371b,paragraph,EXTRACTED_FROM
14b71721-1a66-56d4-9758-60452ba2de8c,c885098efeb5ddfeadec88c9592af682c5262d35,paragraph,EXTRACTED_FROM
0dbe5fa4-d508-5159-bd25-bab7ba095183,42aa6fd9a028e09ed707f7e1ea36c5df5f4d97f7,paragraph,EXTRACTED_FROM
b61bd904-3fa3-5ba4-896a-a635a1613121,d1aded2291161f5d18e4bc2139ae466df1e1c897,paragraph,EXTRACTED_FROM
a3228623-6e61-5bfb-bd3f-09481e752826,71d23f9f1965a23afead35d1d71695653117ee9f,paragraph,EXTRACTED_FROM
76145860-3258-5a84-ab13-445b58006f81,d3d86861e0ee30c0c95b66899ab248fddc8159a0,paragraph,EXTRACTED_FROM
5b916abe-86d7-58d6-9777-e34445b7f78e,60300019472fed1cca4dd8d21aa039cb9642e64c,paragraph,EXTRACTED_FROM
c430bb6a-3db9-5950-b5d2-3e334c35dbec,b016c7f049ec6e67821cebb7562d0a70749d4ab1,paragraph,EXTRACTED_FROM
b53db55d-a18c-56c3-91a1-2f077a524e9e,1bc8e102c97ca2022b82216a9583f9266d983ba8,paragraph,EXTRACTED_FROM
189d79fa-fad1-509c-af03-ebeec7cd5cc9,90cb7bb513a23c118fa548d16dcdba55eca44109,paragraph,EXTRACTED_FROM
4e4dbdc8-42e1-5ce1-ac54-d12b8f7b083d,29a30ed98b2a7fad84dbcf8b2e6adf86b9c2e549,paragraph,EXTRACTED_FROM
4dbce86a-777c-50ea-83bc-b7e3fb07e45a,d3658a490c5e0dbc8f533bd15140b297f35c82e0,paragraph,EXTRACTED_FROM
3a94d796-a86f-59e6-9b63-04f87c5aa6a8,1fa5e608509cb57b12e7d9673dd4592955bb846e,paragraph,EXTRACTED_FROM
9a234935-cb5b-5785-a50e-14716b646118,9fe1b02e610646d064a7c3dd0563c44f4e2e9c6e,paragraph,EXTRACTED_FROM
2971573b-ae7d-5a4b-8aa1-5fd35bcccf52,5cb0d1388d3fa093ac9851a5886a60420d90912f,paragraph,EXTRACTED_FROM
3a30db07-9d87-538b-9d94-580399e62050,ce1bcaf32b9d46f4bc6bafd65534dd941fa8f5c9,paragraph,EXTRACTED_FROM
df9734b4-2bec-5230-9267-9e5d4c327002,6b7d70cc8f724c537d408c93eea15c86cdd1bdd4,paragraph,EXTRACTED_FROM
7b72af9d-c780-5af4-9366-4d8ac0391d93,e9a0339ee6b6d51c3545409a7777e3173628ce59,paragraph,EXTRACTED_FROM
c09df4c4-ef4f-555f-a85f-014add8435b8,3882d46672c7403b35ff6b2857fa4e2e9b3c73f9,paragraph,EXTRACTED_FROM
d90b9393-1665-5eeb-8010-f24231c6e7c1,d553f0f5dccade5091c791e507b5b084a96c5277,paragraph,EXTRACTED_FROM
54f13fd6-6b40-585d-b3d3-683154a65316,3ce7ddd3e9f656514f68f7fd3cca27122c6dbd01,paragraph,EXTRACTED_FROM
bd69c258-ab05-5359-b5f4-878ff98a65a7,fdeaf34fdbeaf621ce6f9611828e00af93c16751,paragraph,EXTRACTED_FROM
b844b804-1588-560d-a59f-0912cca2c6e3,48571aa4e59c64299adb31cb0c9ef1a75205904c,paragraph,EXTRACTED_FROM
d992d4b4-26c7-5a35-a4f3-c0dc3daeafad,f36f54f15f8b2132ff7d6e58913e79dd3811e326,paragraph,EXTRACTED_FROM
171badcf-2bf8-55f5-ae91-7871ae217755,5e4589a36b6c84a8c8264ccb4022c712892e901b,paragraph,EXTRACTED_FROM
cb500f0e-01b7-5e8b-b580-257637bfb1e2,6e105d72c02718a4ecd535dd733691e8375a7c0d,paragraph,EXTRACTED_FROM
6dab6bb7-e655-5d1d-9a38-24ebd32e7ebb,cc9cd459694bf32c887cd3a144f5f9966f343e9a,paragraph,EXTRACTED_FROM
54420623-7967-5e83-afa9-b25b0ed16970,47d5fdbcf524b62b5beb2bf965e2c6b01367c5e7,paragraph,EXTRACTED_FROM
09ec538e-e4a4-5e21-81d5-cc432b97dcf4,ddfc76b7623e8494e8b90fb7ebd148d43a252350,paragraph,EXTRACTED_FROM
125c5ff7-5e92-5ff6-b1a5-f94f95b652c1,5246ca585c2b55832e3fe3d322f6fc3d8fc3ccb6,paragraph,EXTRACTED_FROM
c581e072-6742-50c7-b720-0776c8d18003,859cb832e7c4226d50462da2bfaf55a948e5b95b,paragraph,EXTRACTED_FROM
64d39035-50e8-5279-a479-4db1998b7d72,4ec29ffd58135bcba5c9c9576efc7a20368253c9,paragraph,EXTRACTED_FROM
62de83d3-c0df-5f03-9a26-94061acd21a8,4bd2cfa4143992926875ab8eeea7309976998ee9,paragraph,EXTRACTED_FROM
3a8a81c2-ee2c-56c2-bb81-aa4f401bc76f,f04bf14ca68f0acab5578aacad0802520e1d4520,paragraph,EXTRACTED_FROM
61622f28-7ba4-5337-bfe8-6bcdba70b18b,468a07697be92e7de09fc2b74030b29e33a85fe3,paragraph,EXTRACTED_FROM
bf3a0233-a35a-56d0-b4e0-62dfedb1a0da,05890851673d3d89afb7cf8e48ca758203e33f9a,paragraph,EXTRACTED_FROM
f8316d70-ee5d-5dc2-a6a1-070b903c17ce,782bb4a11894e87a110f675464d855913380d039,paragraph,EXTRACTED_FROM
fef9443c-6721-503b-93b8-3e2356ea6d86,d504b5d6c7956030a519ca0961c288d576697744,paragraph,EXTRACTED_FROM
35e517d2-ea3c-537a-b6d0-15a73f1476df,9a09f0712ad9d4ff1da6a04faa7ab0568565e26e,paragraph,EXTRACTED_FROM
e0c20ddb-7b96-55d6-a442-b47f402312fb,3a0b9e7d69d31acb6c81e63499dcf5b411ad4ec3,paragraph,EXTRACTED_FROM
d0c6e6c4-e0de-5d8b-8a4a-cd058a1b6feb,c2c95ca924a6aa05861f9512322ac74c1846e3c1,paragraph,EXTRACTED_FROM
601acbd8-a1aa-5c31-9204-fa4ef110535f,5516f235f565ea17bcb6e91ab2b5aff354468776,paragraph,EXTRACTED_FROM
e7125e48-5f80-5470-a9cb-b27e0433c0da,f0e30433cf405ed87bd713cef59ca178734bb3c8,paragraph,EXTRACTED_FROM
e4048a96-2ab4-532d-9264-6dea4013c9a2,b7d641a841cddc60c9dd0de796cc7acd99caa056,paragraph,EXTRACTED_FROM
9a7d4300-0b24-51f5-8091-03a8514941d9,8735a5dac3172f6476c42ab593217b1e674b4392,paragraph,EXTRACTED_FROM
a6bfce29-9447-5b84-bd96-343917adfc15,7c7caf8f47c99bdaeee0ac6da6311586556b5d37,paragraph,EXTRACTED_FROM
a570cd04-d669-5038-a97e-09d7cf127308,41966b99d47c9b7f3e7342280771209b927dc5bd,paragraph,EXTRACTED_FROM
08707f0a-340e-5889-b9d8-b05fde8b4b84,9e266045a4921c5a2d1aa0029c5025218cd70ddb,paragraph,EXTRACTED_FROM
e831f13a-6346-5c7d-abd3-4252a3b65f01,92e4530f1ef0cb0d79da9801efa41c370f215526,paragraph,EXTRACTED_FROM
ba98fca6-3fd4-5a8a-852e-c368c2ae445c,b6a9dfb866fafa55539c6bc02777361eb949a65d,paragraph,EXTRACTED_FROM
fd14510d-a2bc-5234-989a-f17af0f5d21f,5a378d81da4066550a05d5587b9e137b5c1a5956,paragraph,EXTRACTED_FROM
49d62443-e064-599a-9dfd-603f922ef493,554b614ea003b281e2a2382fb88b98dae171594a,paragraph,EXTRACTED_FROM
24b6a81b-c482-5d69-a2ef-58568ef539d6,559f7bd64d57b7acf7b9b55b2d1236197fa20a03,paragraph,EXTRACTED_FROM
5c5a68ef-6481-54e0-a1d6-e0eafd5b11e1,11967ec94323047005f614acf8af69afd13bd103,paragraph,EXTRACTED_FROM
377c5b9f-b17c-5e63-bf8b-577e97a8f997,1edd8494396d983bfd087be509f2de82ec418663,paragraph,EXTRACTED_FROM
d04582df-4ea8-576f-bd10-a4b99a25c9c7,59c6ca6996f434e8e0476a73c85ac32405a41b12,paragraph,EXTRACTED_FROM
473af6b8-b091-5e95-84f0-f4364ff230e4,eea7287a8048ad23e186ae771f278ff1bf987300,paragraph,EXTRACTED_FROM
18dbd483-b1f7-5c2f-85a6-31bdeba867ec,63dd184e089aab7b7ef01e2b635e4b1c4d2b0dec,paragraph,EXTRACTED_FROM
2e1e2b3a-bffe-5eb7-8536-bcb33ea81d8b,b59c223a08fcf9edca88190bc32ecc12d991ee9e,paragraph,EXTRACTED_FROM
eed82681-25bb-57b9-b83c-a010d8ebbbdb,4be4f4ffe2fffabdf0f0286af5755c83d61671f2,paragraph,EXTRACTED_FROM
2867dd79-3548-509c-8912-d4b8659d5d5c,c381acee8eebc013092b210d36004b417a360441,paragraph,EXTRACTED_FROM
5e09aeaf-a986-5eae-8452-0466799ced72,c1c176021600cdd1dcdb6cef66a1ff52e08bfa03,paragraph,EXTRACTED_FROM
9dc3d361-6c2e-533e-ada1-e6eb454989b9,e6f8c9722b616d2ca34f9604312c5b659017208c,paragraph,EXTRACTED_FROM
3700d8d0-dc29-5c05-b82d-b9192fa1dd85,fc04adc57644b80b85d7acb5b5e483e3f1a93143,paragraph,EXTRACTED_FROM
9a41604b-c71f-5bdc-b560-8c44dccc571a,50adaf4f25a7b0a953c91e4897df3c98976f5b1b,paragraph,EXTRACTED_FROM
f65d7561-7c90-5712-b969-e14a16a1371e,1063d3ea7ea72eea3a7166ab87c84e6d7e3276be,paragraph,EXTRACTED_FROM
4b37f398-657a-52fa-950e-265e2b767e56,6f65ff17948cce350087ce552133d99202b93b83,paragraph,EXTRACTED_FROM
a20a0e64-6309-5190-95ee-4fa49d769255,05b13093af8d6d7c63845971f4bfaf8b7b2fbfcf,paragraph,EXTRACTED_FROM
d3e2039d-fbe8-572b-bea1-6eaf7426a986,9dd262a01e57f27abe897b35c4ddc0f843a09867,paragraph,EXTRACTED_FROM
87349a77-4455-5e14-8c70-94a62dc56252,5bff34490a9f03c0f28f8c2d1c57c6a36ddfeddf,paragraph,EXTRACTED_FROM
9f312f41-4683-5451-980f-0a01b8cb9bc2,e4418b7e6d88281a52466201a8048c85c2fff0c7,paragraph,EXTRACTED_FROM
aa5e61ca-2089-5a91-a4fe-baf374661a82,a64eb3994edc7998f358e73ea3764acfd15d4e3f,paragraph,EXTRACTED_FROM
ab987b5c-9e42-5472-8a99-f3ed7c601243,48b1dcc9a9e486a52d977b03d5407e0ee0980de4,paragraph,EXTRACTED_FROM
bb11914a-0bd2-5bfd-a07d-957defee7a36,cddec84ca291dd24b4d249acb7d2b7f68e1ad922,paragraph,EXTRACTED_FROM
f84ba732-4750-51a2-8893-8508bf386dde,10f7920bc81e2be4b70368b421c4521dabb3edff,paragraph,EXTRACTED_FROM
57f72dc4-e453-5d63-8899-f5ad44cf727a,646e41919cc27c8a16ac7bbb4011291327c9613e,paragraph,EXTRACTED_FROM
3d602ab7-ca3e-525f-b863-0fc54841e4d2,0e7113c372c6ca24e11df9a77ee09b4a39058a36,paragraph,EXTRACTED_FROM
a1a95744-75b6-5feb-bc51-d1c007acd695,0c07dbec1f8c0f581dd3336f1ededf82dfd42d5d,item,EXTRACTED_FROM
59e56aba-1888-503b-8d21-bdc7bc83d306,4aff4977bce86965e9e4564bf065a74edb31294a,item,EXTRACTED_FROM
d7c302cd-5916-5e38-b59b-f706d443fdc8,178908b73b4752ed872c7bcc15435c88328ee82b,item,EXTRACTED_FROM
9a53b150-e22c-55aa-9806-ca40547c6ba0,5e9d473ca05caa1688cb97f549cd48ff4c70be83,item,EXTRACTED_FROM
6ee867a9-f7c4-5250-a3ad-1f0ce73c44be,31d95be8551b3c6197d759d2653291bf3f42cdaa,item,EXTRACTED_FROM
1cf6153e-f3ef-5ce2-9e15-d196f712fbc9,4079d739caca3c00c16070690af535dc0d3e8f23,item,EXTRACTED_FROM
38b8b115-f595-547c-a881-5c3bfe70c960,fefe3c3c102a9325ab191c42352ecf41a055a77a,item,EXTRACTED_FROM
57a87e36-ac96-5cdb-8a34-411290009912,2259658c7d47651f15cdd43aab0285cc6283dc05,item,EXTRACTED_FROM
3d41615e-16f2-5aee-b10e-e9877d43afa0,5589f89e07968708e15a2beafe5bc9b6c5f9ebb9,item,EXTRACTED_FROM
d21c11f2-4d5e-5caf-8063-9f5c18108e14,050a19eaeef240edce0abf7b2438a930b0a858eb,item,EXTRACTED_FROM
07302138-a17a-5bf5-805f-d01e5c103458,cb880d1b30f7257f5a7a1c52b61051ccf1243592,item,EXTRACTED_FROM
9367f857-ba65-5367-b6ef-5da5a2c95e65,d5dba3c2c621b9a96b1bd483546bd5b768163fe0,item,EXTRACTED_FROM
4b8d436e-3196-51e6-9f21-01837da15f74,deeddc600b02efa878746bc95f6896628b005cec,item,EXTRACTED_FROM
2886f33f-33af-5692-8ec6-039230fef03c,46888f0b906d30b5da834ecf1007a6c5da3fffb6,item,EXTRACTED_FROM
204ab3c7-3577-5cae-9b51-593967dc99f9,50dc8e8ebcd0ce33aceba5bffc2c04d286e68cd7,item,EXTRACTED_FROM
a177e450-0386-574c-9f31-962aacb69af6,bc9d06cdfc691cf96874339dfb52cb87399a9191,item,EXTRACTED_FROM
f1e4b31b-c5c6-5d7a-bd8f-a008589530fc,ac5a5196f38c938da03a837a8bf83d11e8ad2d7f,item,EXTRACTED_FROM
4def2c75-c376-5f6a-b91b-d67a0c1bf398,96c8c6dd126b1028e62121f7827e24245fd99275,item,EXTRACTED_FROM
2b7f9563-4582-52b6-a46e-bcd7e6f7e861,5a7485607590cefc0e87e784e4b722b60d636a2b,item,EXTRACTED_FROM
a8d97cd9-70e8-59dc-9622-dec08f104d44,f3008cc52b6ac80fe7d315f24eaa232b93218820,item,EXTRACTED_FROM
646d31a2-a31e-5e3f-95b1-af2f0b665e29,b299eab3e913403d50871766946d897a39b84aee,item,EXTRACTED_FROM
8e2bc093-4887-5178-a0bd-65ddbcaf7e77,b784774dad0bf3c7e156f9a44894dcbf45e964f1,item,EXTRACTED_FROM
d7a3b7db-d491-583a-9c39-49f70876ada5,66e1f8c2b37ca442df7897f99c9fea13510eb967,item,EXTRACTED_FROM
b8ea79cf-6afd-5b57-b467-71ee404a9c05,b6fa80bdd3d0023e5dc1ff3d96a9018a4ede4115,item,EXTRACTED_FROM
df4bd865-3ca2-5989-a7bc-f7214b362c92,c4e1e8a924978df10bbfa97c0906390c7cc6db5d,item,EXTRACTED_FROM
de5eda8d-4f6f-5403-9e99-9bd1926be9c1,a2dcc0b01ba73d36ba208536c38afd8de5fbfd3b,item,EXTRACTED_FROM
097232e5-5bf8-5658-99af-9134a5fe546a,76337e30c8c5c0ff08935de9416891af2b2b65b1,item,EXTRACTED_FROM
719d4428-b409-56a4-bc16-1344e083b734,24e14bb24062d34d5c601c885937bc221d95e323,item,EXTRACTED_FROM
21f912cf-177a-57e9-8178-ab28fc88d27e,571c01bfde364ebe797980b9558b7e787e217d9a,item,EXTRACTED_FROM
9e911402-cb6e-5087-bc10-62a433b77291,18b2ace9f852acd8078ef1fcb028057ecb0feb2b,item,EXTRACTED_FROM
00bc79a9-3c92-56ad-8e85-57a88da54e09,af8408ed09793e66c6740d8f694f79eafe4cc326,item,EXTRACTED_FROM
0ca24a58-86a7-5a0e-801e-bd414f088b3f,9a2b797e0f2b077a04812dc0928205fa8b410d4e,item,EXTRACTED_FROM
ef9ad45a-0916-52a7-91cd-e3a31a173d41,1abfc85502d4e9789dd8eeb6297aea1ef75d6b7a,item,EXTRACTED_FROM
1a52b746-f369-5e79-9bd6-400be7370896,1c8f5fb85ce4a66c4d78dd5ce90fac2b03925403,item,EXTRACTED_FROM
b25a97b6-866c-5861-bf72-d582c48eabbd,4efedf9cdfd8122adddd2a7fdaaa41ca03e2c276,item,EXTRACTED_FROM
e8a54e61-3b60-5671-9c39-2ad79ae175ff,7084a70fc8adb526577fd51b54e6be87b742dcd5,item,EXTRACTED_FROM
4e81375a-5f35-58d9-9bf2-2101cdaaa93b,3a475f7fcbc59ca18b938b37c617010c8b2856d1,item,EXTRACTED_FROM
b53d6aab-e038-5c39-aa4c-a34d1af3da2a,bbc825a643d380bdaf0f24a66a93a285dbb97cee,item,EXTRACTED_FROM
28da0935-f198-5eb7-b9e1-f783a07f4e72,15373c37ebb115fff25f527197d23ffea89a3ac5,item,EXTRACTED_FROM
7d3ba573-e181-54f9-b598-5d48d5922e0d,fb6e979eafbb9973ea36be47e4efdf3ce1ca0073,item,EXTRACTED_FROM
a44d583e-8490-5c76-a391-dc76acd05cc3,96371ed3337de75358a05478ef6c881b2f143019,item,EXTRACTED_FROM
2ab41ec7-7c49-5ad7-9c39-e0dcbf468338,8d34665b4f08627bd5709a1c49788ba022e4aea6,item,EXTRACTED_FROM
299cb035-e7f9-5614-ad42-16bc3dbf5086,c31ec87be084e6d0fb1c3ee532f86035a05e0d15,item,EXTRACTED_FROM
0fbcb27b-784b-5077-8d48-4954d112d8e3,42e93568fd71794a6390ecd383f0c7ac8c709436,item,EXTRACTED_FROM
286af8f9-08c2-553e-9855-eeb61440e5d3,6a8e26d4b8ed98c0ef84776211f30a7dd6e2e107,item,EXTRACTED_FROM
c113c945-64d7-5c33-84e7-d5a13f79ee03,f9946a74f01a8a16327fd32be9081f312ca44db9,item,EXTRACTED_FROM
d645cb57-0036-54a9-bc03-08ea1e63db62,da6ae04765d81f617e3ebe58e4b00f1fa8c3b15d,item,EXTRACTED_FROM
09fb4740-47a8-5741-b04a-6484851a7ac1,18cde4573068511cbf10e6a967cafbbbe87f430a,item,EXTRACTED_FROM
cac9cbc7-cfae-5158-bc31-00a6eb48a284,d222629cdfb07662e6ad47e9e38e41ef67f6b9a2,item,EXTRACTED_FROM
a07c76f5-d1f6-5084-8475-36d2331d08d5,5f5c352f5a3323d79abd8992220464286df032cc,item,EXTRACTED_FROM
be7223ea-7e66-5356-8b6c-c58a85a1b95b,ad2d5b96cfa882c92527bde1545ac817d361f09c,item,EXTRACTED_FROM
a08b0993-c719-5681-91af-cb717fddf2a3,1762e581d714e0e5c1c861334039d104299e653f,item,EXTRACTED_FROM
b172f725-52ee-589e-b2a1-63f5f74023c8,2cc0d261eab7e3be48301f095ec48f1cc5ac5a89,item,EXTRACTED_FROM
3fe2cbd1-bff0-5cbd-b137-b921d830bec9,f6c23a4270a2458c3fbb050ed2a48e6ddef716c6,item,EXTRACTED_FROM
b8538826-844d-5c05-b28c-d58b0bdfebc7,5a470b5643581189b3b21ed2da07dd40fffa32f8,item,EXTRACTED_FROM
99cab70a-38a7-582c-9eb3-b9b48f462997,41c7348fce29c424c4a34a878b9923194a0dc256,item,EXTRACTED_FROM
e01cd327-d959-59b2-83fb-a6ae5d0d78aa,222f2fbe05603e76c2b9f5f98449ce2ecbc2fdc5,item,EXTRACTED_FROM
c920a12a-4750-5a4d-a4b8-422138830b2d,951ebc0a3b477c373739ac4c71e44ea41c088e6e,item,EXTRACTED_FROM
ccfbed80-1455-5866-9bb5-cc75fc0cf699,536725ae75caa51bd3833e0d07ef9d4723584c83,item,EXTRACTED_FROM
2d2c4a56-92ac-5ae1-a70c-6e0b11b82ecd,b4a0d174972553450b41cac67347819071415d56,item,EXTRACTED_FROM
e1b91101-1a72-52b4-a52e-144374ad0e6e,2ed5a441f625b979a7ffaf8929ad037e7afd4d32,item,EXTRACTED_FROM
41d26d21-edb3-507e-b8fd-e4f257922930,17d5c1d802d5f41c301586080b2502ed539db57c,item,EXTRACTED_FROM
1ffcec5e-1df8-5af6-9a13-467057a77dcf,4517828fc17a908feee5095458f3114686e11a83,item,EXTRACTED_FROM
add33503-af4b-5fc3-8648-84c3698d70ab,df1e7b24926513db518659da309ac7861c53ccd2,item,EXTRACTED_FROM
63b3cb30-864f-5728-ae61-e0eceaf77256,2f80de38275de33c5d789af2dd70ff94a7ebc6fd,item,EXTRACTED_FROM
c6a9b1fc-2b18-52e5-9c14-8a1f1b73c4db,1711cd12afaea64d928e1981b3bc4c01d247abd4,item,EXTRACTED_FROM
3606d807-c3ac-5e7b-9893-c94f2e1277f3,77aaf3269382e8afda1a4dcc1a8b92cbef2657ce,item,EXTRACTED_FROM
320cbf53-7e11-5231-a070-80c3916b2f8f,ec718e434c7903172a2c59e7b111cb9d7baeff25,item,EXTRACTED_FROM
8a7d1557-09ea-5041-aab2-f015db8a4fd1,4c2f4b3d48720441cc26e67445aab762bf3aaff0,item,EXTRACTED_FROM
50cf6d3f-dee2-5242-90f0-aaf1cdfedecb,6cf61f85387d51c520c282e85963c03e007d12b4,item,EXTRACTED_FROM
2cb283dc-13c9-5564-8716-d324f62eb227,d085f15c74d95d22b6cf1cf336375ca1d9276ed2,item,EXTRACTED_FROM
7de6cb65-3fbd-5934-9c03-0fb398f0ec01,6139c156c1cdab204d3e8f430c3771752e10f9b5,item,EXTRACTED_FROM
86e23f74-7cfe-59d8-96c4-49138ad1c52f,12aeba498bc0adc874df5ec0712d93db63e87487,item,EXTRACTED_FROM
9c7fcb58-6f06-5e47-9f9a-5ef09090e5ca,acc41a17e223b0f895e8da3e5833e6902f088652,item,EXTRACTED_FROM
2d063f4d-cd47-5080-93ac-1fb1ef40c0b8,aca274f090ff9a265cd1033b5bc5c6abc0d8bf46,item,EXTRACTED_FROM
cc995956-87a9-55a7-8f44-9d19b4107ace,cd7cee1399503be35dfeffd953719f3a6a707095,item,EXTRACTED_FROM
bd1b8a70-ca3f-5dd3-b60a-8034d5f62806,4291b1c8efc9a7031d1ae72cb3f03c60168b7b8a,item,EXTRACTED_FROM
741dcaa5-f5fd-577e-bdaa-94b7da44e9a1,25791f31631fad82fd785c796d05473a066dc998,item,EXTRACTED_FROM
7528b484-d7cf-5b28-aca3-fa9274167792,ae114ed9f119c7f4f44345291e3e049c6c627510,item,EXTRACTED_FROM
6e516808-bd86-5715-b3c4-0aa9f9508e6e,f410df22615298cfd7d9fc9d9d2318fbae8bc3a4,item,EXTRACTED_FROM
1751c2b5-b8b8-5dc6-895e-8a047eea8da2,0c48f9a6b5606ebb151f3ee5ca25fdf6b5a6ffd1,item,EXTRACTED_FROM
a4aa2672-22e5-5a7e-9d2f-9c9e2d350eb8,e9619f7d9e20e08c685ba4269d185280d9786fd2,item,EXTRACTED_FROM
ddd7c215-3ac4-5384-96f3-70d66b401fd1,3441ce6e880122cf34e67e8d91928974dc29626a,item,EXTRACTED_FROM
66278403-33ea-5441-93f6-a9c941e1fbb5,738382523317796572335711feca0e0bb5371573,item,EXTRACTED_FROM
995bec1c-cec6-56b5-a0bc-c9d1964e6060,fa81a51db1aec66cfb2c489e5d369bb2c08b64ca,item,EXTRACTED_FROM
1b1efe71-9ff1-5079-95c2-8bae3e674bb3,c291ee3a2dacaf354d3477f6343b2a3291b3968b,item,EXTRACTED_FROM
6c88ba87-76d7-5e5c-985d-331505768889,7c5318a58d5ac5747c3ad3fa21ac2cb6b26c7cf5,item,EXTRACTED_FROM
057e5169-e0cd-55d4-8bfd-4d2c1f002332,da328afff0a79ce3b70a4ec4375234701dec03cd,item,EXTRACTED_FROM
67037447-2941-576c-a07e-825d06e714cc,b153f5c1be5541c009210e1aac53042ee4e7672f,item,EXTRACTED_FROM
8941b9b8-4ace-5787-b2a2-8d16d15ec16b,37c230edb9b1593dbf3be0038a148731a78bf835,item,EXTRACTED_FROM
ad44ef17-995e-520f-ba84-01736b4fd440,e2fe2d23a59267a0b2536d20bdf3d79824f70cef,item,EXTRACTED_FROM
b7779a02-423d-5690-9708-d9f2fb3ede96,7f9c93d0105c3c0b251449377c09847eb2c37bca,item,EXTRACTED_FROM
6ce6752e-7370-50cd-ac2f-40294432d056,5b1a4ae37efdbba249b957e99e044ac7dfd33033,item,EXTRACTED_FROM
17ecc8c8-d9ab-5892-b502-cb51d28ace77,cfeb1d6850b203faf3ac9a70a7baa7c6e31e23b1,item,EXTRACTED_FROM
c0438936-a3a1-525c-951b-2cc35e91d95b,d4b1c4d2ba5a212e2663ececa5ab789b21e9f0c7,item,EXTRACTED_FROM
ad4db986-d9d2-5feb-bf66-9dd0d5f73d07,09d02b7e3e91e49c73873bc111224afc1c950ecf,item,EXTRACTED_FROM
f9f6e458-55c4-5b2f-891f-236aa9e6a86c,1ea8e9ae59a559186a417ccc30af6e0e532b3576,item,EXTRACTED_FROM
af085cff-67f3-56bc-9957-12147bb3243b,c36030d81b5a5ab185dc200cad8e87bee6e43336,item,EXTRACTED_FROM
2853cfa7-08bb-55d5-82dc-a694fdb4aceb,05de12df7f925ff598dd02afd6caf6a054796d0f,item,EXTRACTED_FROM
8d3f4263-4cf3-5d9e-b3a6-0181cb22c00c,1a0406d8efadfd51c52fab39b7da996086593034,item,EXTRACTED_FROM
a404988e-d084-5976-af98-ed72dd1ebf9d,244812aafbd357d0e8e43f387fd8ea3d0a0f5709,item,EXTRACTED_FROM
1b6e1778-30a7-5582-b7eb-e7762ec744fc,0a732371ec508ca1abc1f2bef687c18a80c214c1,item,EXTRACTED_FROM
5d3ebf73-5ebf-5c18-b660-13b708820764,dd81dbe06c56fd591590eb67ac86d1a7cda5e051,item,EXTRACTED_FROM
a8812b07-db52-5529-8543-c3430110c4a8,8061e54f6a3b142969ec0ab308262f74eea7581f,item,EXTRACTED_FROM
1e1d2178-e534-50bf-9be8-4c868135f6d0,b621fe3261674a1cdaf798e09f74216171f7746e,item,EXTRACTED_FROM
aceb6564-9347-5827-b40b-82493b7be862,e453ad86a71499e48e66156e7dc58e54a6fcc08a,item,EXTRACTED_FROM
53ae106c-e60b-5580-a0ed-f8293dc4d1fd,8dc8475218d9032ebc7fb0e31b11f02cdafd5499,item,EXTRACTED_FROM
e0a94796-8071-51f2-a26b-2163f81ed1ba,b8669c9ffbfa2cf2b01522709d9b4f9016c56959,item,EXTRACTED_FROM
ac3db716-29b4-52ef-8977-4fe816b051b1,aa39b7da7c707e02fe6eec590eb60f36fb4c7cb2,item,EXTRACTED_FROM
12f3fc06-b041-5496-9fe2-bd9ad4bf1354,b68fd15c9ed936240f838fda2061c69d77e69ad0,item,EXTRACTED_FROM
48664f5d-a01d-54a0-b528-c728bfbff76e,edeaf36d18001d43c999f52aeb945537ec07e413,item,EXTRACTED_FROM
0b5bebf0-99bb-5eaa-abee-dfd1a65b844a,faf65ebc50537ffc91d2f69b160967c652fcb7ce,item,EXTRACTED_FROM
6456607a-ba05-5b5c-a3d7-2a7146bcde89,12fabe1276ee702c08f242168b07737d882ae807,item,EXTRACTED_FROM
6d93c501-c4ad-5275-a4e6-53a7c918e169,f49d976a235f2845394dbbb6f40cee7336ac0a4c,item,EXTRACTED_FROM
38647eb7-7e2b-5f01-8b08-1f3acca4efaf,28ee6232baf36526dc2a39eba5de4e7c560902e1,item,EXTRACTED_FROM
a58e7337-2512-5f5d-86ad-fdd03f62d772,60e3b597e33d245f66fae89244154d90cdf56b95,item,EXTRACTED_FROM
54bdee56-cbb0-5ccb-8ac9-9e61ccfc9b60,4e1cda9fe81abfbccc0e37da93ba30e18263f10b,item,EXTRACTED_FROM
0c27a220-c26e-540e-9113-4155f4946174,39680d61fc88c5928755b47b8c89699e933513ae,item,EXTRACTED_FROM
09d3362f-4eff-5918-b5b5-8561a1e2e1df,35b1c2f152abed09003a94ff3894b06e1573147b,item,EXTRACTED_FROM
1873ecf1-ddd1-5d29-a1ad-f9d41ebf827f,08dac5949893555f24a7a57dbd9b798ba3c88097,item,EXTRACTED_FROM
be656b6c-129c-532f-9209-81187d46af52,54c165b76dc8761f1d54d569074d8c24e7b3faa7,item,EXTRACTED_FROM
6f7dd0fd-8822-5e5d-8f14-88169befd726,b23a89932879f1df295eda2b17f5faf330c2b25c,item,EXTRACTED_FROM
b34da256-4b7d-5e4b-9fb7-436b549bbfed,b327e036040e1744632b1c93149226018fa3f30e,item,EXTRACTED_FROM
11a0e09a-d813-5190-992d-42048160257a,12a537dc4ba5bc520d5c2b95be81c31b90998ba9,item,EXTRACTED_FROM
e384e931-13fd-5336-b045-6d04cd0b62b0,5b8eee3e82500142e8fe154d3632688e223c6309,item,EXTRACTED_FROM
c7182bac-0053-50b4-9987-8d999d8b88c4,4c24e504f9465bef95b0341fbcb3f5440c51a46c,item,EXTRACTED_FROM
dd56bc11-5dfd-54fe-86eb-890a88b60312,b3115b17c210456c5dd75437885f487dadffda79,item,EXTRACTED_FROM
c7f7035a-1ba5-5be5-a742-d1250602d028,6c2fe2e5cf8e896289d80f9c95c1b41bcd4941f0,item,EXTRACTED_FROM
f48fbe40-ad0a-5c06-9076-1a20d3c3e108,5b272176dec4ef3c4aaace29a94488a141086a32,item,EXTRACTED_FROM
06398e8e-b70c-52eb-bba5-06a90aa30b45,fbf6b2f14969e92223d425d097ddead72de4cf40,item,EXTRACTED_FROM
294d7a49-6cf0-599a-a332-67f106aa19ab,993bdced4a16991be2dbcce1c748facc08943132,item,EXTRACTED_FROM
6862649a-cb6e-546d-ab51-d7a71b50b7c8,9f760027d6e838191d871cd8211f82327f0a33e3,item,EXTRACTED_FROM
d04d1a5e-291b-5f38-8d57-b0dec72bfcb8,1a92497186f498101a1b87bc663b19141ac2c59e,item,EXTRACTED_FROM
ac20c57b-2da2-541a-bfa7-2e87c64549f6,916ee7f8e1b62210bc8cd4e2054926e2f423a5fa,item,EXTRACTED_FROM
4a793cce-6197-586c-945f-deb1342f72f6,ec2ca0b0e783ac9ca899638d0cc3de9c565856fa,item,EXTRACTED_FROM
634c86f5-83d1-530b-b11f-21a6170805e1,b05800b21e71e36bcb34719e46adb75d37bf8432,item,EXTRACTED_FROM
7b847903-c002-53e9-9002-74148a067c8f,2776ec913d2543fad46bd62b4d98024ab75caf0c,item,EXTRACTED_FROM
5bad6f6e-87f5-56ae-9ef0-385a673c9e80,3b5956c7a2d2d6d6262725ea8c69a4d1d124c002,item,EXTRACTED_FROM
5873eac6-5686-587b-81f8-4eb21b6a9307,6af0a3427c6aeec782f6843b24afa3f9c6365884,item,EXTRACTED_FROM
670d7ed7-c8e3-553f-a8ff-86d4c25d1199,2961afb131179686790d8a47149b5e7f0868716f,item,EXTRACTED_FROM
89f046fd-4ef5-5112-b23b-9e62c336418f,0e01f4fe3fb723763ea401cc7a1fef4c169786f3,item,EXTRACTED_FROM
5080a207-3b47-5ecd-b214-f8e8c0bd3968,879c083fc395c3ed9d911ba5689668708f23c7df,item,EXTRACTED_FROM
d0d6070e-0166-5d2b-994f-c4cb3011ded4,36f053c23444f9acb18c776de55f9451845dee19,item,EXTRACTED_FROM
6131d177-00a2-5267-89a2-a78ae1e5babb,db3448350aa79d7bfaac737e7e9658107cf47908,item,EXTRACTED_FROM
dc409e28-4488-54c5-9f48-9eb8059ce4eb,5de26f61dbe9d40cf8b8d9502166b0f1a084268f,item,EXTRACTED_FROM
74a47fbd-c0ab-5845-b703-9a9d4d9eacd4,6fbc068682c98a0640d73bc771f05ff17f21b87d,item,EXTRACTED_FROM
e33a864a-42b3-5f65-8105-864af4d8c024,1c8d0af34eefac68b30d27c4791d4c986538d6f4,item,EXTRACTED_FROM
8eec80b7-772c-5b86-a560-01b4089cf25f,db8b2ac4e3f964bebd967a50b247ed4126b88c18,item,EXTRACTED_FROM
33642303-c919-5637-ab76-93979272b617,d7cce85afcccb22c0fb4f556d37f6987baf64160,item,EXTRACTED_FROM
3631b27b-549c-57c2-8c4c-f69221bae3d1,f0f87eaba1c0f0bd2daba8965a101d605c3b4341,item,EXTRACTED_FROM
224a2480-db7a-5b2b-97bb-bbb576c2afc3,370f832b02368300e0ae2ff5641c21159ea59cd1,item,EXTRACTED_FROM
ba442868-de01-586a-ad2a-3d0a1e3169b8,e81e2ec72fc861d699834598c91fe04f001cf516,item,EXTRACTED_FROM
5c38d48b-93cb-555a-8dc4-68b4816fde17,59be5adc95034bf19a67adea02c149f1039abb93,item,EXTRACTED_FROM
43ea4830-0604-56b6-b2c5-698a370c9ddd,3558737838c772f13da64915ffca653c5a59f432,item,EXTRACTED_FROM
7c3c7c85-ea68-5d0f-925b-bc03ff7c5df7,7771f83c75f4c48c1d879684d97fdb89a53861f4,item,EXTRACTED_FROM
cdc76708-76cf-506d-8993-8001158ec6ad,a0532624a9a31dc017d1980047bbeff94b619a54,item,EXTRACTED_FROM
b28d8446-8348-5e38-af3c-2e258aa251d9,14dd3cfeb3819c08ccd65c3e0319bbfbb7f77a12,item,EXTRACTED_FROM
aa0005ac-e7b3-5011-b446-1b0fb618a526,c5e3ca44f30721c7a4caab42c4a25f06dd313ddd,item,EXTRACTED_FROM
a9404728-2b79-5e0a-bc63-77505fca5c4e,25c2edace1ebc8f7f21a4d90e052d28e19def912,item,EXTRACTED_FROM
c2753fe0-6c25-5af5-8531-13782f9abd15,8b2ef7ee6fbaf3d9f16202da88f4c7ff5bb8c57a,item,EXTRACTED_FROM
ab9b2630-306a-5262-9763-33dbaedff434,a7e3188a937a45b1c845cde2011bade637344848,item,EXTRACTED_FROM
c83a4caa-d605-50a3-b360-b0c1912bbe73,a6889d8ff1f8daaed4ef0016a44a16d4b56521ea,item,EXTRACTED_FROM
3085acf3-eaae-5dcf-9cf1-9565df82e0b0,2a5fd2b9488d51e8cb4863d13de37dfc3608be74,item,EXTRACTED_FROM
e6fb1fba-e3c5-5619-b1d5-fcbd708e9fbd,4f7b2500384165b376b7e01adbbdc3e8aa29b3dc,item,EXTRACTED_FROM
c5e04c3a-7166-5474-8431-65caca96b7d9,55d196ead687e0712c0ee43182e915575cbeafa5,item,EXTRACTED_FROM
13b789b0-7ea8-5bb1-b78e-52127ebf5ef3,7aeff692142fbd7d0a0a5bbd78c1de0fda9d532d,item,EXTRACTED_FROM
f5fd1258-e094-579f-b6e6-ded03dd02683,22a3fcbc7f7e50538d98739d994e472c1f4a9810,item,EXTRACTED_FROM
94cbd17b-f41b-530a-b05d-6ef4a3a5be15,b64d06bfdc7f14915386f315f5b8b04db2c65a8d,item,EXTRACTED_FROM
18e9d326-453c-5069-a77e-341bb8c9cd61,685b91b94029dbcefd51b3c71238bbf3ff406854,item,EXTRACTED_FROM
881da14c-9b04-5958-8746-24dc04680cb6,138d267f84c64a578cbcb9c19179d44d86372a1d,item,EXTRACTED_FROM
96a38fed-39c1-5878-969f-e5a4f635ea23,b4c5eb9db92051a3e5dba8b4e04cf9026bbf3dfd,item,EXTRACTED_FROM
0e12f6a1-bc77-55bb-a197-56e89514add3,e16e7152ac4201b423852a0babe9d2ff08f3ab88,item,EXTRACTED_FROM
22c2c1f8-fc4e-5bb9-87b4-26cb94713c3c,c8ce955cdbbc74abbbb7eb55de32786210dd8825,item,EXTRACTED_FROM
d58d4490-92e2-5a00-9f04-cbb29e07c566,8d03211074105ab34e6abec744442d8d7aac8074,item,EXTRACTED_FROM
c2afb685-a869-5eb4-80ca-28582291b28c,988331e3896746403e494baf143614925f2156a0,item,EXTRACTED_FROM
45fc60f6-156f-5d53-b845-6b8a5f9620b0,9f497a2f8cdf1b8653b7be618dc5a5765b152630,item,EXTRACTED_FROM
3a82defc-38cc-5079-9e10-9e64cb38bb0f,62b56d104b7b424b7a3ac2bc7ebefac3459c0fbb,item,EXTRACTED_FROM
85fd5454-395a-59f7-b9f0-c371f594d626,2d6ef29b2a4699dfd2c9cd5b09d26ad7b96bafb9,item,EXTRACTED_FROM
9e219979-32f2-5fa8-af10-18d7bffbdc55,f4fa7f8767facffd155490bf13342cf125a00c1b,item,EXTRACTED_FROM
4a036709-92e3-57f2-b937-3581d66c82df,df32371b9e2269355a0fc2e32e9ba5526733b2cc,item,EXTRACTED_FROM
e3302186-56ec-5121-86ac-291e1f47ee1f,9c1343c3af776e51076672cc7af61829ffde54a2,item,EXTRACTED_FROM
b9aff4ec-fd86-52d5-bcda-48f4c8323f0e,0cfacf92d69809c2e1d6e6324c35c327982adfc3,item,EXTRACTED_FROM
1e704978-269a-5f03-861f-7e73d7a29ee6,662ed0a9f761362ed9afb4510d6fc41d147d1370,item,EXTRACTED_FROM
307c215d-d472-56a7-afc9-01255351cd53,0f9ece40751bef76fe9c924ed84d252eb311bc6a,item,EXTRACTED_FROM
3143ec83-1dd5-5733-9fca-1f0423d2b61d,d0195e2361452c3b79ffacde7cf189851030d8b9,item,EXTRACTED_FROM
40cdb191-ea0e-5942-84ee-6fb804f11ef2,488c235461e909b263ac6871d06ca0d1df6516fe,item,EXTRACTED_FROM
0a03840a-a321-50a4-b758-56dcd20717b0,4ca1bbb6dc7340f8decb86a92c89e40f81c0efdc,item,EXTRACTED_FROM
a26aef90-a867-5790-af23-47a3c56acaad,6d7c90fca2ed0efb3402b2f12c813e5bafcac7a1,item,EXTRACTED_FROM
9d0581b2-19f3-55fa-9fe0-849c318a7345,e336be71414926ca29435e88d15e14deeece399b,item,EXTRACTED_FROM
17c38328-db97-5048-98f0-85d82bf1a89f,0ad65858830074a5be83d0aaf8512533cdf242f8,item,EXTRACTED_FROM
1fb42c50-fe48-52f8-891c-1146a49340b2,ae18a088dde6a18688967fe37d2e25b673712637,item,EXTRACTED_FROM
84609c40-b007-510a-8578-2dd9d3770cb8,cefc70ccf635a11fab3c11c9c85ef9e7b2cabcc7,item,EXTRACTED_FROM
77e927eb-0b41-5902-aed4-975b70a28a79,79872497b5931d034ad6797b620b1c198aa20cc8,item,EXTRACTED_FROM
3da9d804-21ee-547d-9919-3317be51c773,ebe44e1c448e3cd35fa790414164564f6919cc42,item,EXTRACTED_FROM
a25a7c55-0d3a-5d80-bcbd-bc706205d3cd,b923913e548f0a4d039dd9419fde999e46c10f6f,item,EXTRACTED_FROM
e8657ebb-c76e-5b15-b575-43d2e04bc52c,69a237bfd986d756b6274b0bc2104c545b41bf39,item,EXTRACTED_FROM
a9cc6c8c-8860-5ab8-a336-4571c6b8a495,01404523603ff5002aa0e6dc06c419956007af9c,item,EXTRACTED_FROM
2bf1654d-be4f-54eb-bbd8-be76d8eb2f1a,41d1a33ccadc3065890149b3f7d2985e5a0fb5b2,item,EXTRACTED_FROM
e617a770-e246-5ab7-b596-3bf701a369db,b54a92022ebbd3c4518d3eb554ee2ab73270a395,item,EXTRACTED_FROM
cff3a6d6-b07d-5418-955b-89f221f05ca5,637a28c27a7cdf30e7413781b76387fbe5aa4351,item,EXTRACTED_FROM
170428bc-921e-5767-9929-e96e3248cb17,5f040f1c636ed204f4dcf5afc880a01ab05c8f5a,item,EXTRACTED_FROM
7840851a-3169-59c1-a410-90a3c2a5a259,b1bfeb40b0ebd2a3aec967854503d6264f03da66,item,EXTRACTED_FROM
de2b2b14-6eac-53c3-ab71-75eb00c5f913,05e0889a8bdcf4b5d3e4beb88c01e150881599e8,item,EXTRACTED_FROM
4e6959ff-c35c-5869-875c-3612717d4621,35b8ea0b0378c3ade9e21889d67e0ee9dfc5a9aa,item,EXTRACTED_FROM
a1d200e2-2bad-5786-b9e2-62518580f29b,11002d0736c4204b3ba9ac59ba644e44491cb856,item,EXTRACTED_FROM
687bd298-22f9-5b6a-a254-91df83b3fc4d,d8ffa2fc8a4b027deaedf43a7fda208346ebe55d,item,EXTRACTED_FROM
43c4d82c-6af5-5b25-96cb-5aa3ad5bf62f,6f4ec2e767c7f532a72da92762e996eee271b35f,item,EXTRACTED_FROM
da3b03f8-fdfc-57e1-b3d4-a998666f58cb,ad63e3b6c18b8c5f63a5de9b15c921c24ec7fc98,item,EXTRACTED_FROM
1c09224f-6b6a-57be-b9de-e2e39ec599ab,001b7d93405dd74d59fa2a1c63fda2e4789f6a3c,item,EXTRACTED_FROM
24ea9888-52ef-5c69-84ea-ecc6c7cf4ccf,607934772f447b5977338b3e63c5854a94d7c81b,item,EXTRACTED_FROM
0646e34c-ea5c-5b0d-a0f7-d8261da218f0,e532b2521872f71550b5df349c001dfd0613b31b,item,EXTRACTED_FROM
ab7383e0-c2c6-5eff-8986-b95eb16108dc,95660ce983d86e88e61dc60310d85e944af47552,item,EXTRACTED_FROM
80cb5682-ec1c-54e9-87b9-02d328c18052,a953005c1389b628c7dc85b15452a6816cf153a9,item,EXTRACTED_FROM
c3c41081-c4ae-5cba-a4ad-d2317c6eb873,ac8e7201f16c500e5e5891347039299802806190,item,EXTRACTED_FROM
2c72e1c5-14b2-57c8-8141-3c329ed0c872,7a196935d04de3c6612cbdef77d07a1d8a829fbd,item,EXTRACTED_FROM
b16312cf-eb7c-592b-8ac4-a6f932b781f2,b39d0b77bc1e1257e7b242ee6b40342da2268689,item,EXTRACTED_FROM
116d07c8-90f3-5f8b-8a8e-c7af4e6f80ac,590cbc051a84ab3a03a730b29d88e6cff57a0197,item,EXTRACTED_FROM
eb63161f-05c8-5ab7-8d05-670c88a0f306,093c230c4190e23204534aa0546206c1c6c7a094,item,EXTRACTED_FROM
e302093b-6f93-52ed-a38a-9c9321a49030,436e4486a11f834977538e5a81282c40646d46ea,item,EXTRACTED_FROM
5a0ea2d6-542b-54e0-b52d-7b2a335d0203,d55bbb6364ff24e84d18c8a855c369d2860c582e,item,EXTRACTED_FROM
d50527e2-a33c-567a-818b-470e1d696280,295ba0ab8729495406c418f233c229838ba69cb4,item,EXTRACTED_FROM
c98e642f-beec-5a63-a01f-f8c3d6b069d2,e86e9603b396363b413f40a2392fb36b5c7529cf,item,EXTRACTED_FROM
b121357f-ce04-553c-91f9-84e178dee9e9,f026382d9d5d6905fa7a1d756540295255dff195,item,EXTRACTED_FROM
f90a0033-520e-5b48-b24c-f837c359fd9d,8857764b255e38d91e43458ec7b38b1034a28b4a,item,EXTRACTED_FROM
c1e8e48e-7702-5014-8236-84a83192b66c,b7dc3d1cf8cc4effe0d1f12680a49b554da32ef1,item,EXTRACTED_FROM
243b5f9f-f7c6-5f14-a9ed-ee63e4967994,0617e33af19be697bc2cbf5f15a02938b8658054,item,EXTRACTED_FROM
1ed33a05-acf3-5fc5-bc30-bbfc62f9f8fc,5ef59ef09e7ae728aa78c1b082f317f605f9531a,item,EXTRACTED_FROM
e8a60cff-a9ea-58b7-9747-55c2a16769f6,f079f8a7c78bf8ebe85dfa976e2bef08c98ba505,item,EXTRACTED_FROM
c3308314-2766-59ce-9eca-19b4db897b22,606c4819731765848a72a9bb0832c3a8f3b4b76c,item,EXTRACTED_FROM
8ad1cd53-c741-54af-b08c-6375946fc68f,ede439f8d95527a9d057ff4e50dc80c4d48d5131,item,EXTRACTED_FROM
466e411b-8d35-52c1-8e26-2fed19b3717b,def5c584430022c4300d30027f5ee44dfdc69bf6,item,EXTRACTED_FROM
c4928e10-e8d9-5e8e-b03c-6fea33d338ca,bb1fb0f1ab3f9af1fbba879e23e180a482b82fff,item,EXTRACTED_FROM
ebb7e5f0-7854-544e-a801-2d469b16cea8,a52fe8729c0a5f6778ec0b59429b0b292f4c3bf7,item,EXTRACTED_FROM
d56f3dd6-7a26-5ca0-b5f8-2d6a3a8bdf9a,e8d886f53eb227a599c052a1afb48c6061230de2,item,EXTRACTED_FROM
d00375ef-7a22-57ef-8d85-515612d47ad8,c139240061a19b89738b60d1fe42a5622035d870,item,EXTRACTED_FROM
c9b37bec-b237-57f2-a614-53d296f03ac9,30856950ac968dc4feee87b17d2f3dfcf035e315,item,EXTRACTED_FROM
8c9102bc-7016-5fdb-b174-1f96e2df7d1b,b7e929e12dc5e431f8f11f9ff4883d2f031d32cd,item,EXTRACTED_FROM
ddb41f52-ab2d-52e5-b992-6c4fc1c8ba30,9b8bff8e6502fe395db82ee073617a4f53f02afa,item,EXTRACTED_FROM
21a85041-e04a-5adb-a84a-db0e48e22191,85f516a84ea7b6d916988300699ad01db6475755,item,EXTRACTED_FROM
4f6f5166-67d1-505e-abd1-d8ea53f6f9d9,805925aafe82d09ae8be9bc9899dea842c85da86,item,EXTRACTED_FROM
69a01780-1b8e-5e77-8e5f-5672273a7786,b215c337b5211ec1ce84a0ff5e649006027da5ce,item,EXTRACTED_FROM
632081f7-ee07-59e0-86ce-e05e96dc500a,ff6ee26c4caf1b93190cc3bc9022084f9889d640,item,EXTRACTED_FROM
74b58b5d-3a43-5e1d-9fde-9bffabe272c0,2829f2c20c6275f6dddcc872d56746d3184e3783,item,EXTRACTED_FROM
bbde8d02-fff3-5519-86f6-6d398d3850da,66d43b49dd15e2c23c2ea225e9b4e326ad2d3c05,item,EXTRACTED_FROM
82fe1af9-1c67-5f8f-accb-72ba2c95a489,ba982599de35f7041e3c420aded8b00425039f1b,item,EXTRACTED_FROM
0fb71557-eadb-54b9-8f73-5ed6106a8017,b51cfe67ba3553d19e78ca14ce226a8f8e1ee54f,item,EXTRACTED_FROM
66653c0b-016e-590e-8017-ad3f1ce56a50,fbdb29ca0f740b864a5505fab1cae63a7f950819,item,EXTRACTED_FROM
7ba3fc3c-38d8-5ef3-8a31-5ae065f018b4,8408be43389a8bd0e5cf7c45f2b8821842ecbd68,item,EXTRACTED_FROM
c9a05078-31ff-570c-8bcc-82df53f82f98,8442c684b8101ebf0cd5bee4632d5827a31c010b,item,EXTRACTED_FROM
363e6b07-5705-599f-b193-0f7a58a6d56f,8257988c89559491316ed29affcf6c1c1bb2d4e0,item,EXTRACTED_FROM
3e24a6e2-4d54-5730-a154-62b2d673993b,bae49bf128287af2fd605569a3d0285efdffc38b,item,EXTRACTED_FROM
10199423-5454-5824-a31d-ee1e084e631c,cd46821365c6043e9cfd9bfff30fee56596e4898,item,EXTRACTED_FROM
861211c7-5cd5-573c-a86d-d0f4c7e19a49,9ea3d3ad64be9938db655024537ac41817c198f7,item,EXTRACTED_FROM
a37d0e81-ae79-5b2e-b3ac-164c7af49bbc,a05991965edbc6f22d26e78de29d5978e3e7744c,item,EXTRACTED_FROM
07413487-7a94-57e0-a4b6-577f7fbb7dc1,81c0e7b455afada263747911c1b92c73ca331471,item,EXTRACTED_FROM
d5daa3a0-915e-5ca7-b057-6f486ac8f41c,65093bd81b820d071dfef8818091acc131f75838,item,EXTRACTED_FROM
a95f57b6-b5df-59d7-b8aa-50236d2c0179,6e5715d9444622fabe1eaa4a184967674c854de5,item,EXTRACTED_FROM
b1c4e6bc-ded5-55ca-b3ba-c23a02b43a00,bd450f5d059177f5c0207897389beeadcee97479,item,EXTRACTED_FROM
0f94d941-228d-5e4f-8de2-348ab79b0699,c8dc6a201b68f9c256c58065cfa408bca0031588,item,EXTRACTED_FROM
7eca8f19-80fc-5ea2-b4f1-d73f4ffa7e3d,682da4b93832478c8fa64dccadc48bb41f3da18d,item,EXTRACTED_FROM
d282dd60-d89a-5f9e-ac65-d6bf0c04fa5f,0edc67a77127333e7e481a11a2217649a420b596,item,EXTRACTED_FROM
a72c0fdc-5cad-53a3-b765-ab6704507e1f,fdddcf384fe4aefa8dbf7dfee293895583ca1ffc,item,EXTRACTED_FROM
edb8cb45-764b-560c-841d-6fef08444d46,a9d78392312cf69aa69e69e2bc2e66018df9f3be,item,EXTRACTED_FROM
696475df-50f8-5ff1-82fe-3b6060620a97,075a56419c15c85bef8913eaf623e7fc9a6f955d,item,EXTRACTED_FROM
45702a27-4f06-58e2-98b1-c7d805c796ca,3bbad0fd880e46e7ab109993803bcd6a8bb36f6c,item,EXTRACTED_FROM
e41769ae-34e0-5f04-a863-f9b9f16fe3a3,9e99d70c70298930500c83f590408f9034490a8c,item,EXTRACTED_FROM
0123fa56-49b3-5d20-bdb2-657b3f775ea9,5afa2af3d77bdb0703777ed68fbde93534e8e03e,item,EXTRACTED_FROM
0fd2302e-d003-5101-90e7-069541d8b5c5,1c38f8d6414903c77977f07028e138fefd4e6c6e,item,EXTRACTED_FROM
a57133cc-5a33-554f-8ac3-a7f75b564779,a3201a9e56b15301fc3878c658b3a892c660099d,item,EXTRACTED_FROM
1df497ec-782e-5ea5-a96a-3517c0b6c69d,b269c13b62b7dd0bb474c13bf29156160a6c9386,item,EXTRACTED_FROM
e1df8575-1d32-5408-a875-e4fd0d7c7209,0880963849f35807207947e702b4c9f5d17c32de,item,EXTRACTED_FROM
dd557524-7670-5b96-9583-48dc860e1863,9466695a0f30f2e2f069dba5fa291cefd548f873,item,EXTRACTED_FROM
e02d5353-e364-5daf-b67e-315158cb14ad,9dc6cda671a0ae8c9f9bbdab425734ada724ef7f,item,EXTRACTED_FROM
15a6c762-469b-5ed1-a7f7-91231efde1c3,344beeac3976bccbacfd9fb21ad6cdf0b81f0e4e,item,EXTRACTED_FROM
cd586381-ece9-5e90-a3ed-eced4df5626a,c898079a9b90e89eed8ef7b3c9d74e3a78ddbba0,item,EXTRACTED_FROM
ee286652-8bde-50f7-8673-6c63b8087325,dc4bde1d4956de289a4dfc5ef71f13d07b31c24a,item,EXTRACTED_FROM
1ab3460d-8b5e-5a77-93d5-83e5b860a4f7,61cb42975c7a1e923f1424470d93c38c85ff9985,item,EXTRACTED_FROM
14db582a-ba0e-5fa1-8275-6751f56cefd8,30d94d833fdc041fd5bc8ac054cb8c3d7d9c591e,item,EXTRACTED_FROM
c2ac2b38-292d-5f4f-81b7-8c2df84717ad,2463b38902221b268a14fa103014fe2baf1cb8e4,item,EXTRACTED_FROM
70e6900d-6d40-5280-b628-2b0e31748f5f,b8c122e642ea7bd6a3389bcc8dd6efd1bfc90f47,item,EXTRACTED_FROM
1d8a0da4-46cc-5312-ab3d-bd244a15bdef,c06bc03157f3b8d83a44fdfd489fd983dbb82493,item,EXTRACTED_FROM
263606bf-ab51-5717-a4a3-2b16dda45e38,94e39ab21507156fb2215e46ce3ff87f18478b4a,item,EXTRACTED_FROM
c1fd1656-aa4e-5b01-bd33-05524fea6844,c8c61150f8d79c383f79dccd00188e67110ac673,item,EXTRACTED_FROM
8be62d83-e9be-5273-ab6a-e0ff79bb46df,57779226add3298e2dfd7fa4d82a125c3ff3e851,item,EXTRACTED_FROM
e727eba1-e83b-5efd-bf3f-d0402ceabe1b,ee576d18d02465cf22fad829519437719f91e7ab,item,EXTRACTED_FROM
21840701-0ed0-523a-85a5-9048a3b9209a,2bccdfa316a26aeda273a19511f906d3b99becbb,item,EXTRACTED_FROM
722abc3d-9446-5ec2-8f5b-d06bd2ec693a,8016f16f3262e024fb5507d580046a3d69e9afbb,item,EXTRACTED_FROM
19d1796b-d9b8-5175-9792-ad6e90c5cf53,94c0915019afb6e9fc9265a0a614ca0b4ff58e62,item,EXTRACTED_FROM
fa816ae7-6ee1-586c-90ef-7fa7c10d377c,9ce4d461ef7d18d9eda2b3bd1a1b1fb9ae77687f,item,EXTRACTED_FROM
55d8753f-3a6a-540c-8982-c107f15b4d31,02a6c05922139f8e7d417dd959c117c7923a95fd,item,EXTRACTED_FROM
96aba6e0-b53a-53f9-8f7c-dc78c15bf7b8,7a1c35ffb1f1434bf5beb382dd9cc18946219c5e,item,EXTRACTED_FROM
409b2c0e-6703-5afb-b29b-b9245626ee30,1906fc968205a6f9c6a37cf1e4848f941e7523ea,item,EXTRACTED_FROM
65a0b804-51c6-5a73-8478-2041a8eb02d6,e60328658dde7aaac1a1c4b8acce1924ba9893b8,item,EXTRACTED_FROM
0816bce9-a38f-5577-af98-499a165a6395,00a9658d449429af7e245def4904c88f36ed586a,item,EXTRACTED_FROM
e286500a-c65d-5921-9c62-07d4033a15c2,eb788c4d51a64cf1ed9321d9d638a61873f561a4,item,EXTRACTED_FROM
869e8a46-7392-5972-94d8-61042eb70bb5,6fc50c9fb7b3aa6fba36b727fc19cb468c024197,item,EXTRACTED_FROM
901fdc54-7dd1-5f0a-bab3-be7bcd568f3a,cecfcf76d10cf7c483bbd352e50eb757f2eb80fe,item,EXTRACTED_FROM
ae56acfe-2b26-550e-9086-00c7eb867752,fe4eb457e52273cd2269f67ca28b9040a1122337,item,EXTRACTED_FROM
d5d02d6e-0437-53b0-abc2-8108075c9812,a27c0ce9c25885499f9ef84e153b1772777e2bc1,item,EXTRACTED_FROM
f7cb915c-39b0-55da-8bbc-d2df0b354979,ee475bf48a28801cd9a19f226451a86f82c51d6f,item,EXTRACTED_FROM
2beef6c8-cd3f-5aa7-aab9-ec994975a4b2,5eb331b35cad37b831226296a3574a0d9418ec11,item,EXTRACTED_FROM
7df5f772-ea4b-5bc3-a9c4-1d56d970e5ae,847328b10165174596b2b223881a3f2e82b16520,item,EXTRACTED_FROM
ea65ba16-8e40-5167-acbc-453f11cf0617,7b9adeee923bf40f48a1477503ce649c93f8da2d,item,EXTRACTED_FROM
74b1f151-bf0c-5776-bbfd-70e2aa8955de,29ec659ae3dc75a3de7f809dd133b997ebd21c71,item,EXTRACTED_FROM
6c5e0d0e-aac3-5f3f-8bbb-34f2fee77a27,d0eedd5849cfca329fabfa2c97910c51a9325357,item,EXTRACTED_FROM
e8869fb4-e235-5624-adf6-beeaf57d7f9c,e5b29c286a65f885e9b921c563e953f0162838f2,item,EXTRACTED_FROM
29b3843b-9746-5cc7-b8b1-d50245d2a71d,2dd09d20ef411f4d61ee20cd412ef71ac7830a22,item,EXTRACTED_FROM
e50f5e48-10a2-5796-9069-f5efdc4cc197,cbc002d5249d69a8e97909b1b2e69a347d8ab1f4,item,EXTRACTED_FROM
c952c2cb-d21f-59fb-8e61-2e7c9cd80e54,47e68b7bbfacb7d18397eeb91f6596256d2317f8,item,EXTRACTED_FROM
c43d5195-2b04-5031-9850-5c836cf26ab5,963b6fdfecb35f425c3173bcbeb8e33bb4523786,item,EXTRACTED_FROM
aaa12759-09c6-5ef6-acb8-1ecaedeb1326,cf4d1cd56e3550845028a045b6c350dd5593d644,item,EXTRACTED_FROM
7a6bed25-58a5-57e6-8044-5536398316aa,5674e1b893105defc3e0ff4a939661b52998c235,item,EXTRACTED_FROM
d78f32a8-a5f9-5a14-97a7-fc2df17be45a,b0d70494d8dc2232f9d2ecec2fdff7ebb39b0fa8,item,EXTRACTED_FROM
307b0898-806d-5b88-b8b2-a47538eb2959,a83a80ecfb87c340bf80862431968f0e6ad9e4bc,item,EXTRACTED_FROM
bcea5319-da87-5e77-8795-8a5c4308db39,1fb097c16a13bde51092476c6bc8a2f8382a2d70,item,EXTRACTED_FROM
7e6a6f44-4543-5a56-8888-9532fff9caf1,e1ad95dec1f03a13dc820ec6879ea783d8c2e834,item,EXTRACTED_FROM
a51b433d-7c67-5491-aa7e-7200881d8a25,ba9a05c794030dd386d8aa2454c58579926c46f2,item,EXTRACTED_FROM
1eef5c09-9f17-5158-b66b-826e44fc384a,f06cd2f7c37d44d5535936db3d74e2168eaf5c99,item,EXTRACTED_FROM
0a301d0b-02ee-57d5-97cb-669cbd64d6a1,fa462a7589db6c88bb8a8e58dad5c1f32f5f4cf0,item,EXTRACTED_FROM
75355a5a-ab36-5745-8b02-2d429f485531,533aa01458548915c874ba06fe735acb1f7d839e,item,EXTRACTED_FROM
e33b00f5-73f5-5b1e-b388-b0b6c7dbe730,81005344f8cd3c0782a492271d5fccca36b78ded,item,EXTRACTED_FROM
327ed1e3-35ea-5448-bc7f-c9ff633dd879,8f18c9f0460ba113a8eb66aa79063e993a97f5c1,item,EXTRACTED_FROM
32d4c2ca-cc86-5787-8ba3-2476fc1ec698,2c9e0ae1df398c0dbcb92d930b34e45d98c82bd6,item,EXTRACTED_FROM
e34aa365-6e27-598d-8240-04b399d4c69e,7d74a730e75fa3379592f07e78ff623448735246,item,EXTRACTED_FROM
b0404d68-618a-55e5-931e-a71639651211,f3cae01c18ed8910000dc0fe5a4e154c3b1e472d,item,EXTRACTED_FROM
b23ddf32-019b-55fc-816d-98171cde2a48,afbdb1d19b69a81a48f2a7b9e94b7df907e59122,item,EXTRACTED_FROM
66921190-a06f-52f4-a228-fcae1ac3aacc,58523fa048f8d7c46aa02b89058cfb883a62b329,item,EXTRACTED_FROM
400128c1-e365-55d6-81bf-33b3b4b3e432,7b98f84c482f64a11870619b80e05596205968e8,item,EXTRACTED_FROM
7f55f825-dbfd-51cc-bce8-62d88dc46506,5052c4ec6e05787e7c890eb993c86337a0d48d6c,item,EXTRACTED_FROM
07917dca-feda-566b-9ade-bedcd0650871,12d6b682799b3566b0ec7a16164f87cb155bd4cf,item,EXTRACTED_FROM
d28cadcc-ffc9-58a8-b7e0-e58816ec25eb,8cd99928c65d9d1571e51252ec696e7ba5e6353f,item,EXTRACTED_FROM
244694be-707a-5fc2-8f24-9eeb6015e9f6,d2f8dbe06ac9114a50de4525cbd60c628171f29b,item,EXTRACTED_FROM
117a5045-d38b-535e-9040-4e20611cfd7a,3782cb23f9df1868b2fc2342cc1c775bb5fd552a,item,EXTRACTED_FROM
fdeb5e5c-09ff-5ac7-beba-3990341049eb,df23584405d9884e89f070d8390f1e87cecf5bb8,item,EXTRACTED_FROM
2c2a38ac-2528-584e-801f-90ee5778e501,d0b745f000aafb311073e4195daa11f839ac0094,item,EXTRACTED_FROM
707ab414-830d-570d-b752-61dd2489d6ce,f68731fee6492a0b41e9bf6bed7fac8ee4d6ca2d,item,EXTRACTED_FROM
b2f5701e-1f51-505d-9cb0-947745f609de,27466898fec0eba1b0522e3e1605cbc20044b698,item,EXTRACTED_FROM
2a2d800d-0f3f-5192-9fd8-39a6c34b6ad5,f4d8aec9e667b646e2e2c56fac69ac456dcaaf51,item,EXTRACTED_FROM
5a630d8b-9910-5e2b-af08-cfacd692ae49,54df9de3e1fea9bc892bbcb139d80d546e88c4e6,item,EXTRACTED_FROM
aa78d2f6-1be4-562f-bafd-56faaaff1cd5,3740ef05326d2f21987893c49c36f3f6afdba4f8,item,EXTRACTED_FROM
6053194f-cf4c-5ffc-b995-a5e91b2bb089,e1022eee6a931b6f12bd464ba72431b4a68a67fb,item,EXTRACTED_FROM
c1092be5-c9a0-593c-9699-d491efb48598,8d45a09cca169b4dc47aa5ff2d8c7dbe76fe15cd,item,EXTRACTED_FROM
c9501c53-ba92-51b0-b687-825d5e78cfc2,72a0874539f1a15391015a795acd5de6f687a8e1,item,EXTRACTED_FROM
e3586301-1d32-58ee-854d-ad1cd792c00b,56237c79ef5bff71a664ecc6edc64dae5f29440d,item,EXTRACTED_FROM
931aee47-b93d-50db-b876-74f143eb2c88,f8a95824b7ed337004ca26a676a60da48d0b711e,item,EXTRACTED_FROM
cae88f2f-1b61-5eea-ab38-a603816d1277,fff36a0a7bf542891cf09bc6588f6e4c0a7a41f1,item,EXTRACTED_FROM
d8036dde-fe3e-5cc2-aba9-057541ac6998,80745b88f81e6b2de1486b8722a2f794eda8f055,item,EXTRACTED_FROM
7ef83715-0cd6-5724-855d-e91e27d00b06,da9a741bf800d6e82ea5475876579db5987609d2,item,EXTRACTED_FROM
92a292e0-e0de-55f5-9758-001b02b35634,4cbbdeb388ab1ed03415ef47746620ddf755fe49,item,EXTRACTED_FROM
e326c456-1586-573a-9c2c-80439cb3d38d,8fe51f9e499e5e27b8df812ea084c9f72fcb5d2a,item,EXTRACTED_FROM
91c3a1e3-039f-5c95-80c5-84f5843071d8,6b1e8bb216c455ebe2f58645a6232eaa98bb35aa,item,EXTRACTED_FROM
72b96666-1231-5961-9dd8-8778248f3c8e,73f7ac8c1087fba7c64b3585ac891fddee6ae99a,item,EXTRACTED_FROM
e54e59d6-06b7-5723-9b27-35a629eadd93,167fa1e177bdd62bbf4b2259216efd6a4c122b91,item,EXTRACTED_FROM
558a42a2-a8e0-5c9b-9973-674d6b248070,b72d8082b6cc5de20b08863cdd9c462b312176c5,item,EXTRACTED_FROM
52e44542-9a3c-5a63-adb2-a0eabe9eec0a,5ddb8ee49700a72c6903b68614ef3bc0c7582250,item,EXTRACTED_FROM
5aeff50f-ac59-5b6a-9a32-e5a0feb9082b,6a2fd87d6119e7961e29ecb16aa59c33dfbfe1d0,item,EXTRACTED_FROM
06bdab6d-acf5-5b5a-a4e2-d28c7c82c965,ef1b67bae529d60e9cb0923b5011bc7a931e8635,item,EXTRACTED_FROM
07794b4d-c18d-5768-9ef4-42296326d7b6,519d0e53c1ac5a148e29feebac04fa5901ea77c8,item,EXTRACTED_FROM
7a1961ca-0b91-5701-85b7-546aead2abff,df88c0b69f2a7cb0ac54d5ec22f04673f7a02308,item,EXTRACTED_FROM
79d0c7a2-e0c3-5544-80fb-f3ea3d83f560,1e564d8bce583b246fd27f0e15693c342451b30d,item,EXTRACTED_FROM
90df05a3-eac6-51a9-9ebe-40bc5ca3a4b2,0a838b4365bc6c006553f5722c0d1784a3444d9b,item,EXTRACTED_FROM
a5c4eaf1-e603-5330-b623-d6b647225c60,b99a77e2472f467963565d0f133f34738492245b,item,EXTRACTED_FROM
5bad19e9-185a-5b66-a41b-48442ffe3a38,ef1c5f4bd0f0352481304ec8ab369e3ff104f973,item,EXTRACTED_FROM
26c3f418-0f95-5954-a901-982a7046d699,90bf6683f181fcf8438e19a3cb29e2c36235b3c2,item,EXTRACTED_FROM
1b6789f6-0433-51e3-bcd3-bb748b2dd1da,441d47338aaf2cec045e8c134687ac108aba794b,item,EXTRACTED_FROM
826838e8-4d00-5282-859e-cc24551ca7c1,867c159329bf7fc6aa543bb11b5c422f00b9916e,item,EXTRACTED_FROM
806c95d1-8e4d-58c0-ade7-e1ec9e1e3702,531d19a979f4ffafadf802bf11c5ea1cff4cbcb3,item,EXTRACTED_FROM
c9dc3f32-0a67-5a32-9d82-aa0e3e4e47fc,580dadad2810b70c1186f6fe92c7f902ca2faae0,item,EXTRACTED_FROM
3ff18df4-7482-57af-b41b-6ef8defadc2e,4c91675de911fd4c759cdd28c7f0349ab45f8e97,item,EXTRACTED_FROM
1fa6845f-ece5-5493-9ee4-aa249329a4ab,230e5a53611ec47c3370f6cfd817ffb5105da774,item,EXTRACTED_FROM
3cfd8137-0ded-5fb1-bf9a-cfc81238f24f,11acd7e2b28b9ad24c0bd5930644e0788daf410d,item,EXTRACTED_FROM
ef247c48-e609-504f-93bc-7de7662bd3ab,29ea6ffb0c68b358e05e3ece2f712a495a8e840b,item,EXTRACTED_FROM
ceb8a534-3bc0-5030-a675-e792fb086db6,fe3f88f0ecced09b342797116a232e60213f11f7,item,EXTRACTED_FROM
e229fb1d-2fd1-5580-90f0-ba127e7feb30,33e19ac1eb580265447ab0ac39a38f2728436686,item,EXTRACTED_FROM
b3ba5c09-fc45-5649-aed5-b538338a4202,5f3383902e780ae016a01b993de93ac9ca5050fb,item,EXTRACTED_FROM
81f1bedd-96a5-58c1-a9ae-37465243f0b2,983fc8c77a4008c90a1499474fc5b4b6ad3af391,item,EXTRACTED_FROM
69274cd7-5334-5467-ad8c-8c376460f011,1c6f968e16a1a62d7ed834581a0138f0d924d3e8,item,EXTRACTED_FROM
c9636af4-9db2-5adb-b764-a3bdba47cfed,0367f48ef5548d5efc4cefac2e5efd2177efafda,item,EXTRACTED_FROM
25ba14b5-142e-5699-a22b-9f29f62f6b01,9af63cd1d85fcaa753ae4aad37a6125c132b92b3,item,EXTRACTED_FROM
a68b9ab8-4907-5e10-a7bf-4821bbff8bdd,0fcbedb1ad565b4de25f1df8e3eb084cfc1fac45,item,EXTRACTED_FROM
c29307c3-cc9d-5994-b80e-25400097010f,279ba87f005504475fe1f0a6b79f44939cc46567,item,EXTRACTED_FROM
fd90368b-0ae6-50a0-9117-7690bae2e53e,3c68e946a53ac49345edd7aafbf681c99b36f2d3,item,EXTRACTED_FROM
1b6e4512-0c2b-5f22-aa1d-a6559b6eedec,e697c81ed2fb75aa1c04fc43710a593368a79b23,item,EXTRACTED_FROM
89d08e9c-43cc-5fbc-81ec-57802dcc2689,1bf5a5de8b35604b0fa099d8a924c412ce9c5f7b,item,EXTRACTED_FROM
a63b9252-89dc-59d8-ab4c-b686e02a8cd4,c1c6eb452733eabeb6068ae9e3d20cbd30f30cce,item,EXTRACTED_FROM
fccb5829-5b0e-5330-aa55-2c3eae5bbb77,f0ae00f4fcc72a9c0816a743f29ffde84a69f9c0,item,EXTRACTED_FROM
418aad24-b742-5cea-80b6-d92c7a3d9a4a,677ec43984c9fc85dd0395b60aca41134d1b9639,item,EXTRACTED_FROM
9f35509d-6bf4-52ac-9805-a37b4b13055f,744269527a0157f102f9fe7beb52a7835e2e84ca,item,EXTRACTED_FROM
53d6a043-bbab-593c-b798-26a002c3f119,33cf81b2f5d50ceea0921546fab26220d59dfb15,item,EXTRACTED_FROM
5acccbff-58b4-54d3-91b0-983a81baea5c,5fd488431f25f5569746d153b8b088910e78664b,item,EXTRACTED_FROM
807e6d19-1607-5858-a761-1425d2bc34f6,319f96e6dd7743f3086374ac5591d22f2cae9694,item,EXTRACTED_FROM
8990ad54-5c20-5ea9-8159-8aa1a304d91b,ef203af281ab483d2d9f14ac9b54c2dc377959ea,item,EXTRACTED_FROM
19cf5487-8f2c-5892-a8a9-3b6b076bbae9,2ea5fa361d289685252dd89d2e4444ba514d49e4,item,EXTRACTED_FROM
76de4fd6-6bc2-5c45-b47c-2692d3b90c98,420ffe85d20a91095ceaf361e4f3b8c875718e20,item,EXTRACTED_FROM
795efc88-a8e5-55be-bd7f-e8d377fcab95,e23fda9881fc80308d942317a5abb6ca809d9d06,item,EXTRACTED_FROM
70225fae-a01a-5768-bb85-e650c1b7bba2,b80b484869b2444e7f4a06890a5eebb04ab0a163,item,EXTRACTED_FROM
80ed46d4-3cff-506d-b41c-712a3eae8e9f,b92aeb86b05012d08e938b11281865d67fa2a83c,item,EXTRACTED_FROM
8836a3ae-cfe7-5025-a214-94c529c4d711,7962a9f95eab6173baadd23e895d9cc158596b8b,item,EXTRACTED_FROM
7cac58a2-26f9-538a-83e4-2db613d1c8ef,a1315803eb7ff73a5abe71d27583960dd7cab70b,item,EXTRACTED_FROM
71a8d082-7f67-52d3-a476-27897ed91d45,5d20e76ec40457987122134d446974b7d1a6f252,item,EXTRACTED_FROM
35ec619b-38e3-5a55-b082-15b90c8778b8,331c73600425fed6f4d8774bf090d2f322c8d894,item,EXTRACTED_FROM
577abf30-cdcc-5c11-98c0-326df357bc94,56132265dc7839f157926dcda0dc1945d4e8262d,item,EXTRACTED_FROM
0e9f6b03-616d-54a3-873f-f131a59b7815,e9a13b2449d77ed44e7928a1ebc6172b1c0b7e59,item,EXTRACTED_FROM
c729c2dd-81cc-50c0-8747-9535f9175abe,a0b26493d9d4e8246d122316ee4f407d0f82e873,item,EXTRACTED_FROM
6b7ec38d-f445-5e53-9dca-04fe8b82736f,bab4b2c7fa2cf727fa2ba6b1612fcf67502ab737,item,EXTRACTED_FROM
aed98c34-c075-504d-a38b-b434039080a2,992b9edb97d2d32230979a0a4e19934d8c71a591,item,EXTRACTED_FROM
dce3ce38-c8af-548c-af80-a391379c7b7f,9d511fb56013f9b323df35ab190183804f1fe573,item,EXTRACTED_FROM
8dd7248a-4458-5ea1-b5c5-c0250d313427,900b8a04d8e5240349a7df0b381cf63e3a1291cc,item,EXTRACTED_FROM
fce6f92e-7e97-5323-9e70-af0fe517517f,7905b913b3ce033b4d38ea08bf61e548b8a79496,item,EXTRACTED_FROM
e8724dc2-54af-509d-a686-771220ec1d43,d285ee449751be70f2f10f80b0fbb2b995bc4d38,item,EXTRACTED_FROM
2d287db9-f9ec-542f-bec8-9cafc4ea9afc,5d3b7fb945f0f6cab8257488599cdb302e5ea31a,item,EXTRACTED_FROM
af10ca77-817c-5387-a66c-3621f96f0eb6,c094dc502ef356659141cec16b193f75f6c5da8f,item,EXTRACTED_FROM
b6064766-c05b-5d92-8fcd-ae18f2f6ba5d,bd353579d165f94102e875c03dd426a06954ccef,item,EXTRACTED_FROM
bcbf6730-ec81-566c-9ecc-712a3be218a8,02f44a10ff7fcf3cc0539769d92f57135bbff9ba,item,EXTRACTED_FROM
f1cf9e6d-41fe-5222-ac12-e5c9c9bde9d6,701885183a47c83fd03c5ffb60e41c688c00db31,item,EXTRACTED_FROM
173a5e06-364f-5426-a314-3fb128333707,48403b9edf5dbd8310d035df8d45cd9862536457,item,EXTRACTED_FROM
19d6c2f8-8918-56be-8e13-be2267d87d46,cbf3323e8738f9f2d392b192489db4f95b6c4829,item,EXTRACTED_FROM
6bc80035-d792-5b7b-bf3a-ece2bb651fab,b65048bd4d2de876c86f8772a7a7b42ede38ca1f,item,EXTRACTED_FROM
f17716d1-a78f-5527-8cff-f2a1466e0278,f409e6e5d30a2f4da9c5d15ee927e5566f5001c3,item,EXTRACTED_FROM
0451aba4-b8f1-5798-a1d4-5e185712d395,9eabadc580c273df2f34a6d7ecf491b0365fbe8d,item,EXTRACTED_FROM
ba247360-0251-5b0b-a2d6-5ddc891cbf23,4fe20843b213d3c87038ddeb55255b3f46afcc83,item,EXTRACTED_FROM
667f3475-4c7e-5d55-911c-08ca680cb943,547ea8777bd9b5e0223504e20e4bfae4837fde95,item,EXTRACTED_FROM
bbb7ed59-ee31-576d-b66e-e6c6f4c1d0b9,06a539819bf232957e0e91e21fac401fbbb9e7eb,item,EXTRACTED_FROM
a616be7a-fcc1-55e2-86c0-c54b31ed980d,e4fd598129a927b6e1ba393324ac67b0e3c06f48,item,EXTRACTED_FROM
c9276f61-56d1-5e1d-9337-c9b515e1f75a,2b43a3c0561c6f9e12a7a9e3cbe70343e8e0489d,item,EXTRACTED_FROM
ddf49d1b-c3f3-54ca-94ec-f8cf98180336,245b65b12b238925cd7a1be0b8db975f23fd27fa,item,EXTRACTED_FROM
46a5d891-ef87-5198-8465-5b8dfefad0a8,0d4682d6761a782892d58085907595b1dd76abfc,item,EXTRACTED_FROM
dcb0b1cd-c437-5b52-add0-e7e706001abb,e482482298399021a6ecea7ffc5327894807b139,item,EXTRACTED_FROM
62311122-aebb-5de6-a0c4-59770c0ecfb0,3588c7024daef900b3ad947b2fa60f5e528eedb8,item,EXTRACTED_FROM
16e60489-3293-5cf5-bc84-acb58d6ad3ab,9590644f9011d562f9cebbbbba33d0f5c6a7be75,item,EXTRACTED_FROM
d4fc5ff2-f151-547a-8aa9-13fff4bd961a,194bdb2f1bf22032477f9d836ed9cebd6fbcba60,item,EXTRACTED_FROM
a88066d7-8f94-5418-ae7a-6b5217a802f4,bd04654bac8762f1307552a2f9220e2d11b4c047,item,EXTRACTED_FROM
e943cc3a-949e-5429-a477-6be6abe709ff,c1777cbf39ca23c3ffc768081b491b485e9a71c0,item,EXTRACTED_FROM
ff8fe1bd-2734-5c4d-ae03-051fe9bef902,9ead800d1230a8cca7655e6e2b88c87edb98080a,item,EXTRACTED_FROM
99651190-6fee-55c0-82f0-c666d937e874,f9c87aa7fb303621424a0eb1c8e6910259dc9ec2,item,EXTRACTED_FROM
c3c4199e-9f4e-5d2e-a286-d72917f4f364,aacaca34f1dba957959752d589471b0ea8d4af8d,item,EXTRACTED_FROM
5d3cf7f8-0cf6-504f-8166-68f8313d1c5c,e6e74669815589c89dcbf36dcf5f488d1109aeff,item,EXTRACTED_FROM
86c30ab3-41b8-5c34-a9de-6d4a048c55f0,1602bf864a6e06a02ef7a614d03ec69dfe6210c5,item,EXTRACTED_FROM
abfb8a90-1e42-5690-958c-b73c961effbc,e58dcec96d6fc2d29228116929cd428ecfb6d138,item,EXTRACTED_FROM
4fc09dfb-2a50-59a3-889d-c1fc61d8d69d,8f1e925d45b7e8fc037614c2fa27c141d9ae4bff,item,EXTRACTED_FROM
97fc8aa6-febd-5be4-9c5a-70c91c8114c5,6a57518e4e50d0544bc1108542dc1e0ee5f0ea06,item,EXTRACTED_FROM
30208714-879e-5eaf-bfd5-71c670cbb884,b5181dc574cad64aa06c219a75da5c579fdccf4f,item,EXTRACTED_FROM
61fd0a16-9da5-5a07-b2ee-649e42e5ff4d,f3223cfa08fdce02c2da3cc80b9d9553385be7a5,item,EXTRACTED_FROM
901f1495-fb77-514a-934e-be7952ba6f49,a5cdd08322c56cf4cbb52dde46b5a97b63c39d93,item,EXTRACTED_FROM
abd6f7b5-add4-50b6-aadf-1c08cca5ea87,58cbb64c9f6740686bc47b082f110e50ab258a61,item,EXTRACTED_FROM
fbb7e7ae-a2f3-57ab-9ac7-1b3e28ab7b53,f9cd6f23292f7360b6fc35074087b541ece30f35,item,EXTRACTED_FROM
81904f45-19e6-5f56-a97b-3a91d366929b,9c1452740ddd956bf87d2e623a85790b04e74e45,item,EXTRACTED_FROM
7d1c9bec-7767-5f37-b3be-30eb0adaac97,dd76226411e88d8fb9298e51896eb98c95f18bb2,item,EXTRACTED_FROM
1f15bf03-48fe-5547-994c-7d5c7b3407e7,bf75c6cbfc0464ec929d1a0c6a86a769ed8ecabc,item,EXTRACTED_FROM
254c11ac-d59b-5f9b-982b-3f5d6f59b3bf,4340fdf9a30368889a36aeda93f74fcdc9808d3e,item,EXTRACTED_FROM
a1976047-eb37-5d6a-86f7-1e255dcf5bb5,a87350e0fc04b8192807c5fa92a3abb6733d24d7,item,EXTRACTED_FROM
4099c75f-9a41-5999-acaf-99959e5e2712,bd4b917f116d61cd9e82e6f84a496f6b7526d7ad,item,EXTRACTED_FROM
679fc739-cd6f-5e9e-9dda-295f3d4e3f29,e46dfaf7ea173dfeaaa6cec7b5930d8741f9c490,item,EXTRACTED_FROM
618f9db5-0ce0-5a7a-8b4b-5dd9507ac34e,cda346852b34f1fa3aaccda3c8489136be16fc3d,item,EXTRACTED_FROM
ba0aeb28-95e9-55c8-9d0d-cddebf1eabea,c1f5ba45c8df475b0875092807f2583470817ad9,item,EXTRACTED_FROM
1bec7bd9-ca58-53aa-a81d-767bab30847d,7de0923efc1fd4a5fad3d367e11e869d60a21daf,item,EXTRACTED_FROM
9d922484-b6fd-518a-84d4-2314877fa5a7,abeea91796ecd48293f3ac6250fb4155093e9e0a,item,EXTRACTED_FROM
1212317c-a79c-5132-8364-9d03fb2b465a,d3e3bfdcb40a9998f95056c90610c802f1318274,item,EXTRACTED_FROM
b2c1eff5-f92d-54bb-9bc2-5dd82dae8546,f96c8d9fbd8946e8cac4ff0205535cdd7c83cf85,item,EXTRACTED_FROM
32d4b344-eab9-5f4c-aaeb-97cec7ebd637,ae080363b5261d0b4c0507366fa76e903bacb60b,item,EXTRACTED_FROM
078e45f0-e709-526c-8ef5-96c0742fd900,08a5feb6ef3fa35bb4a9058e9579644ba7391bd3,item,EXTRACTED_FROM
67bb5d5b-714e-50a2-a27f-1d4e110322db,cbcd41cce73e15bc6c81c5c9cb3ce10cfe3107b4,item,EXTRACTED_FROM
03cffe9f-5587-5673-9eb7-e52c24a46cee,9a4a9e026185f19372823309975bb96599af24b4,item,EXTRACTED_FROM
c3944656-4be1-53ec-814f-64ddb95f173c,46ab316cb10233c18aaf111f26379f38825b234f,item,EXTRACTED_FROM
2d2cefdc-b46e-5237-93ed-a6109ad249ba,3adfddfea4fc5e73b723dac64b8666748807d520,item,EXTRACTED_FROM
8b0d8266-5e4c-53fe-b8af-eb2c6db0550a,8b038e523c6776e437b0068579cdf0da795df915,item,EXTRACTED_FROM
a0cd8e27-2999-5a8d-a000-d9030c2dd78e,a6071f0dac5049f26fd3cbba78c07a75046ad7eb,item,EXTRACTED_FROM
b290b7a3-f076-52ba-9171-4615a7487bc3,6e6d4675ab24e3df7ac395f2bfabf9021ad76202,item,EXTRACTED_FROM
e45bdcb9-aef3-5565-8b36-449ed4440f2b,3f6ebf006a0bbbf26d91bb4ee2b3da85b61cc664,item,EXTRACTED_FROM
bd6e83cb-f08e-5575-b855-f46c2b349b7e,34a2f2442c432807461805f32b44f6d53a90a5bc,item,EXTRACTED_FROM
d90f400f-c30f-5458-b633-70cd26c82f0b,c6c0eaf309b76ccf6642841c0bc47c8fd872f836,item,EXTRACTED_FROM
2a33dafc-0158-5ad6-8b1e-f0e6dc935765,b4d06994a9a621a494e8ecd5972ef75c7bc96bdc,item,EXTRACTED_FROM
d79e6d47-c732-56f1-b751-d7b2ad5be0e6,648b28be376435e02c50a87d5f914fb4bc044b39,item,EXTRACTED_FROM
042803a6-04a8-537a-a991-c7a070fe56b2,49b9e209942106c935886f4c00a66b35af842ac4,item,EXTRACTED_FROM
0131df2f-5c38-524a-a7c4-0abae1688d67,b07ba79ca97dae1425e99aeb496d0c8a751b3fc1,item,EXTRACTED_FROM
24649f8e-a3a4-5c8e-a630-ae0e2caaa5dc,74a8c5caa96cd8c38ad2feb86982b71e17544487,item,EXTRACTED_FROM
a71c664c-41c7-59c3-a474-51d327f0d565,00080be0c84d93b0400db66ac73a82a9cf6f221f,item,EXTRACTED_FROM
0cb36112-68f2-5e72-a8fb-47ae90cbd5a8,80f7d9309a6acfbfa4f626be90d9dbd807c6e0a4,item,EXTRACTED_FROM
2adc1ef3-1477-5e1a-b31f-dd839b958424,cc7ab19a3c272df5a759b7e1d1b3e0ee7753f23f,item,EXTRACTED_FROM
e6c5ba54-087e-5195-8f94-420df0ae3a72,40abfee41309d44c8882f4fe31c78a7655256977,item,EXTRACTED_FROM
ab5bb66c-17d2-5750-a33a-2ff29ee90886,3c741dccfcffc28603e4ec22b5acb69b1259edf9,item,EXTRACTED_FROM
cae52a88-a68f-5801-b971-ef29a482ecd3,4410382f340be68852eb07c643b9bcf767ccc687,item,EXTRACTED_FROM
7054699e-2623-5b24-957d-31d668e22938,e793cb8c6f5d12ed13283d2b8bd0d4a2c08fe22d,item,EXTRACTED_FROM
d01924a5-e8f4-5e09-979e-627c586547ab,842e0bd38c231ad7cf393f1eb2bcafaaf1914716,item,EXTRACTED_FROM
d3955441-1ccc-58f9-8e61-c1f83de6f3fe,4069523f168191043fb1bef6ea38547c7861e94b,item,EXTRACTED_FROM
3278df3f-fd34-5d3d-b4b8-ad3592fcebfb,186485ddd0f5fb65a1f1ef137c937e018b5dfad8,item,EXTRACTED_FROM
ec6aa57a-5945-5279-b59a-6154eddaf4ac,1ae804db7158b704d0c4df2f41d9d6c6ee4afbb8,item,EXTRACTED_FROM
4d1b0be6-7358-5f3e-a6a8-a403d482c4cc,63a9b718e05eb886e9a8ac362816bdbe6e17d769,item,EXTRACTED_FROM
fb139cc2-38d6-52d9-9957-98e5b16ba131,6abe1c9adfd9daa730c26a370683ab491edbb196,item,EXTRACTED_FROM
077701e6-fc39-52b6-96f4-9f5d80d83a05,8d0af9fe32257e041fb18865f25acdf6318a0d7f,item,EXTRACTED_FROM
6cbe5873-d0d0-5a1c-a07d-214fcd41a71e,4ca0f899b83803cb50752736a4c1113bfe04260d,item,EXTRACTED_FROM
f1d082c8-b341-5781-a36a-73199fe396e1,6311bfde8c64d89ba04c56f0443b7a71d3c223fd,item,EXTRACTED_FROM
44d2cfcc-dfce-544b-94b6-b0eecfcd52f6,44207695396d44e2bd647cf5df12626cd0a46b3d,item,EXTRACTED_FROM
693f0ed8-938b-596f-8e86-909ab8841641,4e00ab7000cfefd4cbb24cf1ad50e108c581637c,item,EXTRACTED_FROM
596a9ea2-c1ba-5d4c-9732-d626903b221c,01f30da8900ac9f72c578855d16d45fd2df68012,item,EXTRACTED_FROM
93097751-8ca1-5183-8736-6c01535ed50d,9b08cce9f7928aeb30b92c42e4cc5aa63bf4a8e5,item,EXTRACTED_FROM
38ae5de7-d4b8-5075-b545-5d2ef42bc8eb,3bf445eb8305f3ed233a66b44ca3efdeba410926,item,EXTRACTED_FROM
57190a18-c70d-5510-8390-9d81903c2458,e174c5dc05f2181a95e90f728cb76ad9fa5b1758,item,EXTRACTED_FROM
07bf1646-d898-5dac-bbf4-096ad1844396,589f9981892fc88865820cffbdc1232757daae81,item,EXTRACTED_FROM
c49be3b8-04d8-5078-ba41-d4da5afbdfc6,2371985f90ce5a1b6b3ca7faf0d26444d7f2c424,item,EXTRACTED_FROM
2633288f-c02f-51cf-940e-9ddaed77eec9,92dcadd75e4625a1efde7e34cb7a688bd5c2e79d,item,EXTRACTED_FROM
6e7f9427-1560-5a5d-b033-f3085ff9e75e,064c8a2c752d98d6ef73f707394ba68ac33d16a5,item,EXTRACTED_FROM
ef391677-1ac5-5f32-a336-2896b6286548,7759484c253fe49f699a9d3472739010f5d7327e,item,EXTRACTED_FROM
312b95fc-43fd-5f03-a419-dc1b8e03603a,aa612cf4b04d5eeab6647ac792e88042caa7e602,item,EXTRACTED_FROM
cf01dfae-f041-551c-89b4-81c64e064a1b,5f910c4f953c5c0b0d39306d5e17a4ac35ddb8da,item,EXTRACTED_FROM
dca4bb44-0517-52b6-a1a1-e8ab75df5b43,827a2fe1efe472cc36162461510d602c4d350b3d,item,EXTRACTED_FROM
08f0e95f-6643-539a-8094-7f277b79e227,b821ca5569419d3ee4009f945794c9fdce9388d3,item,EXTRACTED_FROM
11ccc52d-e0ad-579a-87cf-5227ede427fe,5579bab8fbc77f53ca5a9341ff9d5627e43fba45,item,EXTRACTED_FROM
3ca867b2-c384-597d-88a5-1ea22acc01ea,8d7649e74fa446a730d99e55e6be9bef9eb0fff8,item,EXTRACTED_FROM
ebc9fe77-d464-531a-b9c8-949742ad809e,a4bff2bf2e484a6c280e0de14bea60311e3b34ab,item,EXTRACTED_FROM
93980ea0-3cc8-5de7-b3f7-3f131f828376,601284d0db6eaeb5d98c0b852eba7057ee59794e,item,EXTRACTED_FROM
e25f9e99-490c-5ebc-993e-5f040a22c9c4,027dedb0e7a0ae1d78647098f34956b8da169bef,item,EXTRACTED_FROM
76e95987-9eeb-5970-95f8-294391c887d3,ae55dc814360a8316aa8698710ea41fe9f445551,item,EXTRACTED_FROM
e0218f18-2eb0-5b9b-a33d-630b56ff6c8b,eb92680a330ca401628e0161d38fd8e285887a41,item,EXTRACTED_FROM
9d631059-bf5e-52f1-aa4c-044a355dec19,7b9b7ce80a86d446c444a71aabc329bac041c455,item,EXTRACTED_FROM
42507d16-403a-5356-b69b-5d0401d00eaf,bd58a798b3d16972103e2f03238a6b0e0e5d96d7,item,EXTRACTED_FROM
3963fa06-5337-5673-abf4-87cb36c3e1c1,e7bc7f26d3699c74eb96dc458fb7d98f5029cc97,item,EXTRACTED_FROM
0ac3a97b-6405-5196-8396-57a93809f3f5,66f23eb975c13069189b2c716e5e29d68cc12b9e,item,EXTRACTED_FROM
89ac7068-36b2-5371-99ea-5b9eac0e9331,dd2672526ebdc67410a10fc5c918a034654f79c6,item,EXTRACTED_FROM
a32e8016-f34d-54cc-ad79-2617f913a5bb,01fc41ec36a0f3fb7c3a5d512804fb263fc0de01,item,EXTRACTED_FROM
f7cedc22-a23a-5ff8-90e2-1d4e8a34901a,0d485be0868cbf0ce386a62789971fe797bc8029,item,EXTRACTED_FROM
ba2ea469-8398-5612-98dd-6cc30daa88f5,90f41b86826ff7c3213ac096d4ade7a6e2fad3b4,item,EXTRACTED_FROM
a1d8b2fa-a4a2-5824-8094-ac598ff0b3a1,3fa75e8598d46210a039fa60d477baec19829443,item,EXTRACTED_FROM
f71bbcb0-8acf-5eba-8891-f04fd9ed8fd5,b4d9f5fd9252d1ee77b09923939ae4d776278b7e,item,EXTRACTED_FROM
9fbc5152-84db-51ab-a5b9-6f46d9e2c9a1,26100a93a1f9118d934af2dc8920d95beef2aadc,item,EXTRACTED_FROM
0aea3f82-cfe1-5904-ae9a-92d54c46ca55,479d8a9d0bfca9cd6c867861899887088197cd09,item,EXTRACTED_FROM
b0f17ffa-0e5c-5d6e-9f91-b1381b357712,e768c85a92e1d710f349aea88201bc6651943ab5,item,EXTRACTED_FROM
47d5b4c7-86d0-5497-8f1e-01b4aaf8cfb7,09ab1f688aa3a3aece81a863995709c0628e9943,item,EXTRACTED_FROM
aea36fb5-6654-546e-8ef2-b03743410a45,34f3f748ebb26a7157b198f386eeb4fc6e905282,item,EXTRACTED_FROM
aefbfa44-e292-555e-bee8-e6a6bffefbc5,bfffbffec558be00dca43add869ce63adb447e52,item,EXTRACTED_FROM
dfbd8d01-f317-5a31-a30b-e1015909086b,f69e71b048f5c2ba9c0b657dabd9da0917cf02ab,item,EXTRACTED_FROM
e660ced9-cd6b-5741-9f9f-d040ecec66cf,730725e794d7854328544badc90d90c0f5dbb06b,item,EXTRACTED_FROM
dc583b8f-4215-570d-8171-ac93fb193bc0,c36d91affb5dcb89e9be3792a93dadfd914453df,item,EXTRACTED_FROM
c288cac6-49f5-535c-a32a-c586287c770c,6c534b54b17327071183cbb3b57c8986ebe1ac04,item,EXTRACTED_FROM
cad31c7a-fdd0-5820-b534-fee23dfc6523,895feaf8626fd42e380ffe310022ed492d872297,item,EXTRACTED_FROM
6c62d20b-9f13-556a-ab46-495a7c418cf2,385ec28ea9b940bb8978be0092de49be21e5918f,item,EXTRACTED_FROM
eb32f7a5-96e7-50cf-aab9-5c6943bf9572,83369805e50e958a608a87ca09c8da4ee641c5fc,item,EXTRACTED_FROM
7b6624be-899d-5903-83dc-73c1aeb3c346,b0308525193dc80f3b919cd8abeb74f5923da938,item,EXTRACTED_FROM
148465fb-6bdc-5a71-ae89-ac38ffa9bd24,1b7e5f4ef0bc30aa4b6a02c4a81b13b446a45756,item,EXTRACTED_FROM
1721d4e9-54c0-5c67-bf8d-3c7eeb8f0ec7,8ae42ec6bdc9e0fbeab8421af2785ed4fb1448b3,item,EXTRACTED_FROM
4b56d5ab-c174-5d59-b4ba-690c368beaf5,25324e4c230b850b434357b83adfac3b8e819e3b,item,EXTRACTED_FROM
ab53cd57-1f37-5367-b30b-a75d8fde7ad5,a33d65de8de1b89667c0b40ae622e5a536c07109,item,EXTRACTED_FROM
edc77f29-6412-5d16-a113-577d2f08ad2d,aac476c7c1c1a378873b51e8f139a5629641b7a3,item,EXTRACTED_FROM
19a4e388-fc12-5728-ba52-4f9f69ddc109,09cb5593770078b6fafd2b8c0374197768d2a26d,item,EXTRACTED_FROM
eaac7914-8df3-52dc-8313-1b651b0c69d9,b84a29b513e024ad622b2e373631a5226ca4e046,item,EXTRACTED_FROM
d98641f6-4c58-558c-bb83-e8462727d9a1,434080947c94e4f83705a1a9d31b7acef09328f6,item,EXTRACTED_FROM
c96ab50a-727e-530d-a41e-6da88c629894,f8bac92fc3458f97e562be605e6adaa7506ec74a,item,EXTRACTED_FROM
2f4035fd-3642-58f4-a3c5-fe62c726bfc4,016a6ed08ab10ffea4fb4ad199d6f47332b140df,item,EXTRACTED_FROM
cb2c90b4-de03-5790-aa0f-1744b5fd9f94,06828dae19a0aec568b6e920c32df650fe6928a4,item,EXTRACTED_FROM
3e30f25b-4b91-5b34-b06f-d59651813c4e,7049a6f1123508f23cc1d3f18bf47d857d07f6bc,item,EXTRACTED_FROM
0d79f3ad-dc6d-5beb-9aaa-2e769a5efb61,712bc8c05e2de461c01e8aea23918cc058d39f5d,item,EXTRACTED_FROM
fcc05232-d967-540b-9bf3-c5f751c9d27c,904df2d687eca6ef2172c8890ee53520001d6a7d,item,EXTRACTED_FROM
c3c3bc1e-893b-5480-9d8a-6d79641507e8,528236d14eb20b08871744f55a8e0a3aa3f6540e,item,EXTRACTED_FROM
25c243a5-ba45-5974-a673-b18287233e6a,cdecdfc439921bdff481f4570973756565af434f,item,EXTRACTED_FROM
c2967e1f-d72f-5d14-a106-e1666b77a172,636ed388050b423656b0a3faa8f44e7f9115dd33,item,EXTRACTED_FROM
41a91539-5adb-59e0-8046-5d36b8ecd538,c37b56a6a86428c645b93b7eeb5da190cae3b8ef,item,EXTRACTED_FROM
b51b30d1-a95a-5282-9d70-73a8b98855f8,fae0113a09a8ef7019d34e5bdda091e2ea14da07,item,EXTRACTED_FROM
8bd7b296-423f-5381-8d31-6ed8300624dc,cf7f11007570460f3712409d9540bcca676bd33f,item,EXTRACTED_FROM
94a7a79e-41be-52e5-a6c4-71d37639ca96,3a3e40e43f2033a9d449aef55b80cfecae271dea,item,EXTRACTED_FROM
0693d34e-3bb5-54e3-94be-cfcb42e582c3,a4977a70d350f06886a9ab52f96fb751572fa67a,item,EXTRACTED_FROM
c6f81450-7fb9-5fc1-981a-de2bc5863877,1d526a9234e19bf8949f78ef616f485f4f2994f6,item,EXTRACTED_FROM
0e9e0ed8-f74f-5f23-8d5a-52bdaafa45d5,7cbc243a39156518498151fbd8f1eb80df9dd0fe,item,EXTRACTED_FROM
ec646039-dd44-547d-a43e-7ac7859b188d,71b510d40b7c33d5ed111b57c50cd89b58f069ac,item,EXTRACTED_FROM
93e0fd2e-1918-556d-bccd-4c20af8b22b1,004ea4f3611a8d701f2da76c62c5de47c5819944,item,EXTRACTED_FROM
9e2eb17d-2c7b-5ae0-92d3-07636e98c673,f26aa80753926ab2b23ec916e843965f17558990,item,EXTRACTED_FROM
f77b79b5-2aec-543a-803a-b4e6639948f3,e658fc09c690ead8f0db45f13fca25b6d9cc452e,item,EXTRACTED_FROM
d4d7c6b3-5bb7-54e6-8d88-acdf6eb6ff3d,987bced2f2c75a543b031bafd28e683a914e6e6f,item,EXTRACTED_FROM
f888bac5-808c-5a2c-88d9-4a7092574850,8a88a9cf3eba805f4bb7088c248b1868db246ca6,item,EXTRACTED_FROM
0c58e116-fbb7-5fe4-a4ab-6c9a31302d68,14f3dbbe5c43c13a53aca0a49435e1e2ba6447be,item,EXTRACTED_FROM
09451360-1dc8-5fb4-abf0-6d9ef5802b73,201b9281417e6ff3dae358348d057dc0bca03cde,item,EXTRACTED_FROM
3363f1b3-ccf6-5bbe-ae6d-2791e5ac57eb,8f1553c9d78cf9586cbf80dbc250884cef25d17a,item,EXTRACTED_FROM
bf82343e-272d-59a2-9b10-4f7ec95b55ae,f783fffa2f69600060ecbc1ede57c4af30091454,item,EXTRACTED_FROM
6b9bfe81-3c59-55b2-bb0f-5b410f71f550,93cbcc52ea39c636f370367fe9bcc170ed7bc32a,item,EXTRACTED_FROM
2d281918-24ba-58c7-9ce3-5c2f89275c18,544d899e0778bafad548b96e6315b2ab62032bbc,item,EXTRACTED_FROM
6c9c28ea-4319-51df-8e08-42612ccc2ec3,074d33b0ee7f3934429af78b8927ab568c0976eb,item,EXTRACTED_FROM
a33a83ab-a92b-5ac2-9b1f-f6167a4721ce,5402ed04f4e614a15fcc9fe2b611f8822584ee25,item,EXTRACTED_FROM
4c63ca1a-3725-5b3e-b7e9-b49d8352aca1,00f9a856d8470c234e3ce5acc91263d352ad39ee,item,EXTRACTED_FROM
ca510ef6-b4c0-5021-a3bc-c0419685d4f1,7078d24e25543d95613dffb678c6dd9e87c6ef0a,item,EXTRACTED_FROM
62c20425-b7e1-524d-b5dd-28f2f27e2f02,7ef42f6e863ca20f04ff7718d73ae8e7465852cc,item,EXTRACTED_FROM
24c0f6bb-3aa4-55cf-ba56-cf416c463e69,f315ac271f8e2c3a24db5820b54511dbabfedce6,item,EXTRACTED_FROM
b9333bd1-907f-5461-b483-aeed289c2f12,8c80ab83f4564c3edc46947c241eeccd1f0c8c7e,item,EXTRACTED_FROM
4b8f0ded-4968-5f79-9e88-9c048f6a122f,855fd2badcb18f236a2eaea03e00893b42eeb343,item,EXTRACTED_FROM
a8342523-8099-5de0-8b61-a6654f49a1ec,b323848e709dd59a4d87a6c8c31d12522d0128e1,item,EXTRACTED_FROM
65295a58-b67c-5645-ac5f-fe9d9aef8b00,b56072d08936d91d62a725941a5ede6b2f90fe85,item,EXTRACTED_FROM
dd7182b8-1b71-5de2-9f4c-07a1354e01b3,277db02ed7cc96a671a156b45e9d705f2ba2b81e,item,EXTRACTED_FROM
0b31e873-d8b5-52a2-8b0a-b2eb67a52fba,a186fb56832a647089af5ca41789451b35d46770,item,EXTRACTED_FROM
67bc278a-01c5-5a58-bd24-bd504154179b,789062a35118bbbd693fcba1f1d145cab9b5a14f,item,EXTRACTED_FROM
28582984-7176-586b-9711-08d8f43f0de2,be533fbe8c03b640af09dc79c51446c066ed1a67,item,EXTRACTED_FROM
4178c3e9-f80a-5872-bcfa-880f15767a8a,037993e1318f42e3699a0080c34eb3bb319bdcfb,item,EXTRACTED_FROM
ba0b2fca-b22d-51a1-a6d7-c314322295bd,1b3d7d7311d239fee11dd390d250ca4f13d6c5fa,item,EXTRACTED_FROM
5932fa0f-dc2c-5dc2-ab9e-14642af89f18,470d8f5392f8a3958370b2553f772f0126efcca8,item,EXTRACTED_FROM
273a7008-1c99-5fb4-ae2e-0a90bc745a29,4d548832189d2d2a744fb24117d413dcf03ded1b,item,EXTRACTED_FROM
931511a7-1b4f-5117-9be8-28750f8897e8,fe2caa03cb9c4db8398c14a1170e3d41792416ec,item,EXTRACTED_FROM
99e7bb9e-f8bd-5574-8d6b-95e9ff1eee75,d82e73dfdf3cfe4c6c23d8b2ce2953419caec45b,item,EXTRACTED_FROM
505d0c7f-deb7-54a5-81bb-f6ac9d497f6f,837b0621dab0326cc4b9dba6eda5f2c98083e411,item,EXTRACTED_FROM
b1343f2b-8e52-5a03-b1fa-0c6082e92ce9,0d4b31494b97f3fa7e647a082cb395045c72942e,item,EXTRACTED_FROM
c38ad205-3415-562c-8a10-bfb5bf6b9ae7,f17a8f1bb15e2d9d081ddbf4d4db0c91e0da133f,item,EXTRACTED_FROM
136d23c1-3f3c-5275-951d-6aaf899d1837,f9e41e7fdc7992443db211fbd35d185ab36c63c1,item,EXTRACTED_FROM
797a7f8b-4d2f-5932-beae-60b965e99564,28f065f1564097dd4d4fab4ea480826a7084e1de,item,EXTRACTED_FROM
9be9d878-ba03-56db-8de0-6f78c0ddb04d,fcdf11c64630bae7be0005eeebcd8d731b4b9788,item,EXTRACTED_FROM
8c168dfe-2d49-5b6e-b4b2-40dfd283bf78,7cfbaccffabc283325e96a62ecabe8d83bfe26e4,item,EXTRACTED_FROM
9f640eea-4ec8-572b-80aa-0e3d98b14707,c8fd7678e6a2a457b0a45df151914e5d5f4cfc36,item,EXTRACTED_FROM
1d848513-f26d-57b5-910d-9c1a76d4b9f8,6f068da43bba4f4fb336027c3d8f42a9d044a0a6,item,EXTRACTED_FROM
c8f9d1ef-199d-5111-8cc8-9dce38e1afb4,b484706e8e00909253406642ee340fe6eb26fc73,item,EXTRACTED_FROM
7c574fc9-49d7-5417-b916-275bcbccfa1c,640bf0ba4103964cf237bb20d829b5ff847fca92,item,EXTRACTED_FROM
477f8285-0b57-523d-b95f-82e8cc0f471b,e73dbaf800518e6f2184f72c3fc37f92787a9bfd,item,EXTRACTED_FROM
42d5ee80-36d1-5cfc-b11e-af22375aae12,c38dc0ad7327d86de1cea1ef41be34e013fbaad0,item,EXTRACTED_FROM
47e189ca-8b76-587d-954c-9e7348da3d2e,0a0776448f510f6929a596e6c93fe94a21ce7371,item,EXTRACTED_FROM
9f974bdf-e533-586b-a190-e84fdea6a473,7492e7d0c4d80f043c7908a9ebf336ef084fbc4b,item,EXTRACTED_FROM
9f5dbb4e-9326-5981-b39e-8ac473ea0bde,8fb0313281bf3e5e431d20b9b875c63af6b3b1c5,item,EXTRACTED_FROM
6db634f5-bddb-5e8e-b535-7cb2f997adad,6ae1c2c0762c40dd054f76b6ea667b2e0b5daa75,item,EXTRACTED_FROM
a30202c8-f03a-5f7c-8dff-2b06f9cc62c3,1b5a5c5be84dd4edc573202113a0502ced9b3e14,item,EXTRACTED_FROM
8ad8e069-46b1-5ea6-ae0f-84af33fd3f04,92906351e9b307e0bd3aeb51c72b706a4af7b074,item,EXTRACTED_FROM
bfa99787-9322-52fa-819f-fde70c4aefdd,8bda249869f5696c18b86451de5e7e51d722dbf6,item,EXTRACTED_FROM
1040df09-4b08-50a2-8b16-d5f18d87a2f9,796bd93afa30bfcc72230d9d133d2b376665147f,item,EXTRACTED_FROM
481b6c17-0f78-5002-92bd-b81fe543cfa3,7c203f25aaf8291d6ceef18566790bd01a628e44,item,EXTRACTED_FROM
ca47ce45-f9e7-5ad2-a6d8-9fe6c87225e4,b59759a9e80331f87c89cdf8374eae7fcde0b5f9,item,EXTRACTED_FROM
883ea775-58c6-513e-a530-9a7b68b03372,60dc34a3a73a3a139c8828bef4c61f4ab0f08032,item,EXTRACTED_FROM
a65010af-cee6-515c-9898-44465d28548d,bf66ac49cb567cda3f590b585d27a047d23d6a45,item,EXTRACTED_FROM
d6f66353-357e-5016-96be-ad5c576e987d,5a54987c402b228ac62c1dd59c8eed738387bda3,item,EXTRACTED_FROM
7ec2d5dc-56b1-5049-9d38-356871e8e0e9,fb7b2526ffe1bc472bf94f62a2063a42a39a665a,item,EXTRACTED_FROM
339e0afa-3290-55c5-992a-380eccc7f398,6b72f7fa0c95babd0b8e7c2f2eb2620cd24164f3,item,EXTRACTED_FROM
958c49df-bd4a-547b-94b1-748334f2696c,01d482ace62c71cce106e80c534bcdb6f360c1c5,item,EXTRACTED_FROM
fea08279-f1e0-5956-bdec-427ecb00e267,e360c1ba7a7c5b0ed7155299d756eb28f76c0884,item,EXTRACTED_FROM
f316a21c-b3ae-5e61-9398-ba7ed3a9d5d6,05e991c5eec8cf3909c0917cc611e38d0d0ed40a,item,EXTRACTED_FROM
d1b29150-efd5-538a-a99e-f80671d7dcbe,7f31003ace988ca31130dea0602547d575e66898,item,EXTRACTED_FROM
ae43ea6f-211b-5b6f-bb7f-04f71907bc6e,f42540c275ab93c5a5ac1e511ac1ef98832eb7e4,item,EXTRACTED_FROM
04d6cc19-b766-50eb-b060-05a1c395bf81,8318a126e54b2f0a9036cc9b3e0c1442d7e08aef,item,EXTRACTED_FROM
445dae5a-21a1-5257-9150-2dfe38aef655,4762b3888e7de2e26bc8c5d5f805c23982542fd4,item,EXTRACTED_FROM
ca0cd7c8-fc78-5207-8293-d128297a82b5,68f5a38ca15b9c3e80ce5223db2afdc8894e5bcf,item,EXTRACTED_FROM
a9c714dd-22a5-56f5-9576-2114155e523b,5599a7361ce0400f0aaf9e3da97ad7a90e8a2f69,item,EXTRACTED_FROM
ffec18d6-fa53-5c13-931f-81ddd225ef1b,97ca63cebe5218f146cc9c8559587affa5b0259a,item,EXTRACTED_FROM
89ff09bc-adf6-527e-b2d0-1c2d8fd8a3ea,215316317b5b2aa597222fb793ba8d14380e046b,item,EXTRACTED_FROM
03772287-0fd9-550e-b6bc-a560a41d6a0c,ea9abd4e72805a5c5317107b6ca752bcbf5f7134,item,EXTRACTED_FROM
beeff079-0edd-5588-9964-527acec46670,c38dbf9525dbd2b47bcff33aaf8d1d658b2d9a07,item,EXTRACTED_FROM
1e663275-bf27-53fc-b8ec-7cbc9da47a78,d11fd798849c0cba0678f6d20b01a13c04e87f97,item,EXTRACTED_FROM
036c6a3a-4d9c-5fee-b502-c902698d2a7a,41ce029f8cc575ad03491d5349132fe134c627fd,item,EXTRACTED_FROM
9eb0580c-63df-5d22-9d2e-ae170fd09ecf,9c44becb9f47f9e1c085ceb48b90f9b300298310,item,EXTRACTED_FROM
bc60613b-00e0-5beb-814f-d26316b9ba22,9e3263375adc360b40d9e6db45b25a71d2a16698,item,EXTRACTED_FROM
ac7f2ac8-e920-5c1a-b282-44d587d22921,ca474f0f39e749493137d26ce187058566774d13,item,EXTRACTED_FROM
eebdfbe2-6ab7-5337-8e5a-b553ab9bffec,a63462e4d506a630679580c45425740cfe1c822f,item,EXTRACTED_FROM
366e35e3-7dce-5811-924c-911088baf462,28fa366097fefe6cb3893c057ef88b482bfbf89f,item,EXTRACTED_FROM
f1ef4eed-32b2-5cfb-b0da-a9b2f0734615,f5c4838e94ea408f199e207a6a483e919bfcd5c9,item,EXTRACTED_FROM
6a4639a1-04d1-597a-9a5f-50b2a31058a3,dc934ab77920b9cf0fbec33e4718ef5e95ed274e,item,EXTRACTED_FROM
a0a1d80f-d962-581b-8e39-5b452951d947,c9fac1f7bb1e029f67199b174edc6d355077ea2c,item,EXTRACTED_FROM
ec0f5ebc-34cb-5051-87b8-ae618fbc8cd7,5d2df2d3cfb0a2a85ef0720c0783c5aeaafdd92a,item,EXTRACTED_FROM
7b4329b7-262f-5232-8d2a-08ca2eee0640,49cfbeb57911ec8d170c78577e5b2378579ca21b,item,EXTRACTED_FROM
43e86887-ced2-5e32-ae64-5296d5b65302,a65091586b8f2fb58550fe7657a80cf6fa7a2078,item,EXTRACTED_FROM
c52efffa-18ad-5f64-8293-53d07053a885,f03371be8e79fafe929165c98ad2deedebf61ff8,item,EXTRACTED_FROM
fb744e16-1b6c-55db-93ad-ff1cf105cfb7,a4f7b684a50d4323cf821d71979c42cd5de8be7d,item,EXTRACTED_FROM
5869a50d-4ba0-5050-b086-e531a35fc570,dd2466283cf59d51e8b5f67ee8cbed372a579a16,item,EXTRACTED_FROM
0e77201a-1666-58b6-8aa8-96748bc94710,a69826bf6224a8d51d3945b3121b50bc00952364,item,EXTRACTED_FROM
27c94878-67df-55b0-b239-078d4faef986,273ece05607a10d9c2a0de9d71c2eafac3e6d074,item,EXTRACTED_FROM
cc122b16-ad29-5dac-bd9c-cef16506a31f,bac9cd8de37b5899371b8e1fa9918e5392742488,item,EXTRACTED_FROM
cc53b6dd-abf3-5ed3-a59d-0e5db3526127,7bf3752401c7e600e06ec8a2c6aa1870825c81a2,item,EXTRACTED_FROM
34935f45-b9d9-5e2d-8b5d-39f17085bb08,cf84dfffa9ac2d29fb7058bcee59621d60394219,item,EXTRACTED_FROM
d5fa42b2-5a4e-56b6-a23c-ad1251922d99,ed6f7108640f62afaf01b922787b3d769e1e3cd8,item,EXTRACTED_FROM
71db4ba7-2627-58eb-ad09-01acfa58a164,24ac6eecf8498efb4a942fe65d29345fbbc8441f,item,EXTRACTED_FROM
7051875f-f202-5e36-8366-f8183b5eb01e,f9ae9c51dc6111c1f5d12ef409c2f20cf78c3685,item,EXTRACTED_FROM
8b373323-3f8d-575b-bd0c-ecf4158db683,f574c90d85fbe4ac052520faac82d6eeca63ded7,item,EXTRACTED_FROM
4c730f63-7dec-54d5-b815-79364d7e60b6,0d1e2f96ab1b248716a9694cfb41be76d828fc3e,item,EXTRACTED_FROM
4390cf2b-9f00-51ae-99a5-e327ac0799f3,0fe2bdfa9f29ef28617828796dd11eaa34f6c8c0,item,EXTRACTED_FROM
ea8c9d45-5dd9-576d-8458-fa80c12c1e5b,f14a8c86bbd78fa3e29514bb9a47ad117dd6c074,item,EXTRACTED_FROM
7a70f340-6fe7-5ba0-b99f-4617b76bc4ff,6f3c71f0308b23f33cd122f394efb084ed590b8d,item,EXTRACTED_FROM
4e406e59-56b6-5b84-bedc-ef1d5933cb9a,156617e7199c5140674f1d21c5c089767a1f4ed8,item,EXTRACTED_FROM
17215ff8-56d7-5be4-a434-be7dae96648b,2fbb225fd689505d0bd1c33dd79cf50a1dca739f,item,EXTRACTED_FROM
82e6e6ff-acf7-5d93-8933-ee85b5804ab4,0bd525f6b12c4d1247e62f07a8c30d269ec66a44,item,EXTRACTED_FROM
64b36206-3d77-594b-a559-335c7432f0b5,822db54eef5e618edc8db713383f83ca541b39da,item,EXTRACTED_FROM
668a413c-3422-514f-8aa0-6e87a72f390e,2e1544d299931b0239bb701b99435a29e814be33,item,EXTRACTED_FROM
389ad666-cf87-5e0a-9830-6323cf1d7804,4c3a6423a09d1973d30924eb4769a4c91ffb18a7,item,EXTRACTED_FROM
5bfe7d8e-ed44-5223-adcc-6a3c06782149,a090346b1d33c7ceb70fd1ce2ec46cfba2ab03ee,item,EXTRACTED_FROM
09c2cade-9d44-57c9-ad4f-4295e778330f,85bf4bc3f23db40ef8786f21e1deb82d6fc1d4d2,item,EXTRACTED_FROM
5ec46591-9422-5a7a-a8c1-25808c69c4e7,f9bf419e6e548c4ffdf15c166fe86a627a82991d,item,EXTRACTED_FROM
ecb0b3a2-4858-5c6a-aa60-a06aab16dd34,d30d43c39a31fe8d35957945660282a33bb2a8bd,item,EXTRACTED_FROM
60a841b6-62e8-54a8-a797-db2936dedb37,ccb47218e86a56d597cfcf6fd71f742dba7ff36c,item,EXTRACTED_FROM
95fe1930-6dce-5018-835f-70ebe1ee8e3c,10ccfcbd3d1c46549e60eca13717892a05291fef,item,EXTRACTED_FROM
4f994542-f0fc-5b70-bfe7-b7db79083bb8,38a77661e3d7c66062ed140d96e1d5d997d7e533,item,EXTRACTED_FROM
08d3f0ef-fd2a-506a-9078-3ec5d14740f7,c55f4d7684ed706a94c933af3980c9c4d3350728,item,EXTRACTED_FROM
1b23dafd-792f-53b2-b0f5-8076cb89369e,a70cebf85a0b6eb6a3d0f5c481cddb1720d3c853,item,EXTRACTED_FROM
8c04cd35-8aab-5e4e-ad3d-7450d6ad1438,76887e934c2d808b326e7172b11f6b4efa4323ea,item,EXTRACTED_FROM
e9e3af39-b970-55d4-9a26-bda5bfdaa4a4,d342f36436f8867830e427d87dfcb569f808fa93,item,EXTRACTED_FROM
a5b964ad-5a12-58ce-a655-43d8266af8e2,32c798e8e0d888c99c4b60193f10c73ade06f8d6,item,EXTRACTED_FROM
5aad504c-268f-5fd4-9c59-678d68a19981,b30859436b8b44a1682eff42c409d48fb5ab6fa5,item,EXTRACTED_FROM
077983fe-24c9-591a-8e7a-a97ef28fc10f,73bc56d14bda0d5fd42654350966ae1decc6b46f,item,EXTRACTED_FROM
acb0973e-adcc-5348-b871-478b90dd6812,f687c40b65c6aa1cfdb71e69c9c09d2619c584b3,item,EXTRACTED_FROM
35a35b2c-c58e-5bea-a230-14ed4108a67b,30b55d48fd79b7f9bf0fa0af2861ef636f9efb74,item,EXTRACTED_FROM
4bd9408e-a4eb-5144-930e-071b41d4c193,1e635b7c4b7e8055a23d08f27b36be1a77ef0590,item,EXTRACTED_FROM
f3bc13ab-4c26-556f-97a7-e8688971b797,fb74bdb0e5564560139a261bccd5b5da634e925d,item,EXTRACTED_FROM
40702883-9eec-54cb-9321-c78886eea4bb,a670f7d5a971fde8f9911c09a76ad9375381ef9b,item,EXTRACTED_FROM
f9f868a1-861e-510f-9193-508d97653b35,cc84eb4ddf77c4faac81539718538a4a1a6d10e4,item,EXTRACTED_FROM
41e54a46-4d1c-541a-8c0b-151d68a734c6,9e74bda45e904751d10e91db54b7885d7598c0c7,item,EXTRACTED_FROM
809cb5c7-dc3f-5d5f-a617-2bd5b1d9da5f,f0f67c71622b77f78b4c43dd03a2eb464004a212,item,EXTRACTED_FROM
51ea3af6-e68a-5cf4-b7eb-d4204460b492,043d711f8abb28587230fb34c5ec02586b2978b9,item,EXTRACTED_FROM
c1e5938e-4ced-528a-9bbe-1e8040448af7,985815186258cdc646e40edb680237e2ce996f64,item,EXTRACTED_FROM
1984bd37-236c-5401-8d2a-cbf62cc4e6ac,9b9e4c8c6b40016d1449b90631f6126de2cda8ef,item,EXTRACTED_FROM
8d27afd1-1e83-5f7d-8c0a-2b912ec5abfc,96908f3f4ffbfd072f9f24c75ffc3c6e0bf0b469,item,EXTRACTED_FROM
a8363d23-e2d2-5f2f-9008-90b51bee3c64,0c47bb3b9ba120030a320ba802b9d46d962282dc,item,EXTRACTED_FROM
84803e33-baab-5a0e-a238-3dba67e191c1,a0ec26e28da10e9c9b2f169d22e71fcf64585c5c,item,EXTRACTED_FROM
843a707e-eee0-5c4c-a45a-fc0d744f0222,0f86bc0ac5829700c286a36ce3cba4721a81f24c,item,EXTRACTED_FROM
9fd34e80-6712-53ea-a0cc-6052319cd516,bff48d2b73f07a6307d176ea28f138915bbe0e4f,item,EXTRACTED_FROM
be869a42-68ea-5d60-881e-33b5911a4687,f0e6a433a762219754f215524edd51fe4b9c81a3,item,EXTRACTED_FROM
0d8dd1ac-4af2-5b06-8f45-0898cb436803,658e6a4d4c2a99f2480fa07b12e62792c0400c4b,item,EXTRACTED_FROM
fc34a421-0143-5df8-8bf6-e6ec2f2afb1c,190e0c8a9cb83c22e218abe89058b56fce2bc491,item,EXTRACTED_FROM
cb8426e3-83c1-5b95-a435-3a942fdabf42,0a9bf20f44c1dd5858acd6230a395aa9ab7a8bbc,item,EXTRACTED_FROM
87dc6b73-c2af-587d-8703-e7cf32b05990,00dd9bf91a45a776e7e4716b2b3307f86838b53c,item,EXTRACTED_FROM
354de404-dd22-56c3-90e5-4566b10a6637,4649f70de378d021b6d91888464ba2977bb3ef75,item,EXTRACTED_FROM
96281d92-e134-522e-bc93-6d0594a5da2a,e37a45749ede7f7b297495e7fbf6ca87f32fce83,item,EXTRACTED_FROM
e0048751-4be6-5330-9d85-7baf2ec21543,9da835986a1a2ce7e69f45245febac78c2dd2ca8,item,EXTRACTED_FROM
21e9220c-e677-56ef-92a3-adbf9cc2c1c5,56ba53128713884550afc3b121a2bfd91ecd8705,item,EXTRACTED_FROM
78ec6104-84bb-50a9-8775-56a448e17347,a1553a401b531a3092a65d05692d5ba0eedb5a6f,item,EXTRACTED_FROM
e4e475b2-9cfd-5707-8147-d518caa94154,4b4637e0869453b471048768515ce4aa62d90243,item,EXTRACTED_FROM
e61dab89-2156-5fec-a418-0f850703d019,c97034ccf5e85c333e8d946a55c3aa0455de8c2a,item,EXTRACTED_FROM
6a8d9b33-9d8f-5d9c-a6cd-ea83640feed6,bd66951add23b5ed4245844936bd0f9866bfceeb,item,EXTRACTED_FROM
77fd872f-7212-5172-9ecd-a855ef3c19ea,523cc19f897eb0918c5f2082f541f67b0e956ad4,item,EXTRACTED_FROM
c18e3a9d-9df9-58f4-8db2-5408e57f15d4,8a16e09abc4f39a07e15c5b0bb8cff1c9661cb6b,item,EXTRACTED_FROM
ebf18e73-22b9-566a-8fbc-228d7a52a87b,72abfcfd7c94b309fee3c8a00cabb2c43c8165af,item,EXTRACTED_FROM
541c66ab-745b-5385-b95e-f94451100e45,6dc82334d340bc24fa9af16d55043529de610623,item,EXTRACTED_FROM
c0728b16-42ae-5043-825a-787b00c729a9,151b620757baf6ab40d75b8a718b8f50c9600bac,item,EXTRACTED_FROM
7b442c2e-ec0f-5fa5-a7ed-051b89376a1f,d5368bbcb9e029719cb4469eb2eab89da8949d2c,item,EXTRACTED_FROM
0acc9b43-67c2-54cb-bf39-3cf920d4d257,555127fafd84589bd96694f7de11fb1135d778e4,item,EXTRACTED_FROM
f7d9fcba-ce1e-536c-8d68-9f8306216084,168b74fbc495632d1071effd9e8fecaa2e51fff6,item,EXTRACTED_FROM
15e9d7cb-2e8a-52f0-a250-d581366dd1af,2dbfd1774a7945e958f083fa2dc55220521f1368,item,EXTRACTED_FROM
2973a3d9-764d-5efa-bd94-c73030da471d,fd79d5bd4e2439a62f075f075ee4f94de5cf475e,item,EXTRACTED_FROM
7308ddca-d3ca-5245-a291-0878cd2ac328,82f939be96b3ae800c8319cbbc03e7f34740a783,item,EXTRACTED_FROM
3b781eb5-9336-5ba2-96ee-341e41f72c2e,c54bf7d758854555ef3dfcd2768d9793b6d9bac1,item,EXTRACTED_FROM
6a321f78-5c4f-5976-bd43-3dc002207872,c41fdb6bdb3d951d6b0383ba50147139f1234655,item,EXTRACTED_FROM
a2e7d55c-76de-585f-bcfe-74e434027faa,36d8e0d4da6dfd555dc92914da34edf590bd0f21,item,EXTRACTED_FROM
7985f239-6c8d-5564-a21c-0d22064e313e,d40e07c56e8941614b704f7f506778f234fe537a,item,EXTRACTED_FROM
c23e4f1e-3f38-5692-a779-221cf9a1e24c,c8eda08dad085e686695f83e1337918af3aca2a7,item,EXTRACTED_FROM
89159af1-8583-55d6-bea5-9fb37ac5e69d,5f3beaec87c494c914a7fad0c8f3075fbf340601,item,EXTRACTED_FROM
0ced787d-b21d-55ba-b8d8-c3881e7ed181,c353f73c6b65f77ab91bec5227770ff5cee87c37,item,EXTRACTED_FROM
1780002a-a5c2-5b93-a65e-27e5a0e2e829,1f56c544c3a119553fca6e70c53503f2a19d24da,item,EXTRACTED_FROM
4b410afb-cf43-5cfd-8e67-e68f1105e04d,204a48fb9937a722e08d1256cc51054adfca6445,item,EXTRACTED_FROM
f6dc8dd9-499f-5709-8f68-96604cc5970a,be097a6ae3f612f5744f51551cd40d1577f99b24,item,EXTRACTED_FROM
477364fd-33f5-575e-96e1-a751b4f5d480,10dcce247fcc8e156b7c1167b093acce140e9f01,item,EXTRACTED_FROM
c68059f0-6f5b-5fd6-ade0-06934ed56c30,3caef06f282ef32727ab63d9b6f51c7e38b7972a,item,EXTRACTED_FROM
3a9b3332-6868-556b-be9d-4b409c837410,177c40322943b821918abcb747307c0e808aa67b,item,EXTRACTED_FROM
59da2fd1-e143-518a-a728-eb2cc5cb6189,1fd3efad3e9cb58e0a2c6b42d55cb34e6683af8e,item,EXTRACTED_FROM
8d4a73cc-80de-5dda-8d75-bf71e55a9892,f2363baa37e4283ffbfd018999b279036eb17fcd,item,EXTRACTED_FROM
fa523518-b974-5bee-aa83-d0ed9dedd57a,c50ec7ab5e75d2fd7283deffaa9c9b31dc962053,item,EXTRACTED_FROM
cdd184a5-e9ae-5fcf-be4f-a8e47d7891d7,dcd86745a357fc6dd0b77210bfe52da9628f72ee,item,EXTRACTED_FROM
c3cc6945-ade1-5856-9530-b8569e658a90,bda3c6a0454425020a72fbe05ba9c979636b52a0,item,EXTRACTED_FROM
ffb62b7b-b5da-5134-b2a9-f7a10ac7ce3f,0f63fa18c35418f90eb6b445325da90b4958fe5c,item,EXTRACTED_FROM
e603b15c-d136-516b-9212-83121727df69,e8a9bae82f5d19dd0979e1c4cfbfd7bcac019e40,item,EXTRACTED_FROM
5805137a-93a2-559b-a264-769342528a62,ed5923cd1066f6cc0092d11167026d24f62fb035,item,EXTRACTED_FROM
248f41f5-6b9a-5bc3-a9f0-2347e77c22d7,0e6227e3c2ed638de768ed75eb05aa0a37eb460a,item,EXTRACTED_FROM
dc1f4900-4c0a-516d-9c30-cac73c85138b,85eae771cac260ae31df8dd5a68ebc60b1529e13,item,EXTRACTED_FROM
7cb5edc5-8fd1-5185-8ea7-c6744cd6b938,bcdc06056362a7aa7ecddcb6fec7b99a69826027,item,EXTRACTED_FROM
f82dbc82-f0eb-5689-b10f-31fc8db8d5ce,8bb955e4ff92d284687153c01c83155d15759780,item,EXTRACTED_FROM
2f9b3e8a-c6ef-5755-bb09-1fd45f6ff8a4,2cb04b1574b261b69ef05370278baf048251fd97,item,EXTRACTED_FROM
7174edb7-0ed5-54ed-b992-6ff4fd509878,a87dd3e12b04ce563ed1faa915b1615ccd7b8d39,item,EXTRACTED_FROM
39680309-b685-520a-ac9c-3e5f8adc5380,fd665b9914a3a87e9e9a8a63ba8fcb3b8d02a1f6,item,EXTRACTED_FROM
93dd30f8-7096-54ed-ac29-411a8db5fd34,6b0f74f646e39ed2315e9dcb00cf70866af92f2c,item,EXTRACTED_FROM
1305a152-6820-5691-831e-f6a300532fa6,e0e94a908be7a57e48baf552b2f9196239063658,item,EXTRACTED_FROM
88bad222-6263-5646-a764-55bd5aa42c21,92176f498efab3c12245041af8cf2faa4e7e7d36,item,EXTRACTED_FROM
066fc52f-dcf3-5b9e-84d7-548b0015ba82,c0c919220cc93b106da7f99a6a7f32b387a2f176,item,EXTRACTED_FROM
21b0a7b4-6ab9-500b-a19f-b128a66c6199,78bc363063cf400f6023255de5743c6945b4a93a,item,EXTRACTED_FROM
80938762-05da-5f22-9193-b2ac2f4d6e57,415693a9103b4f95d7422ff5d24630179eb0466b,item,EXTRACTED_FROM
9a383272-5ad1-5ffd-accd-8b1866bdf24e,f07af06cfaa6b7ca926aabce96f25caae3485f12,item,EXTRACTED_FROM
107dd607-29e2-5fec-9a6c-fc3bfeba4671,5ee793942d1f791327f9ad0261141c87d6540ecb,item,EXTRACTED_FROM
b991f7e5-cf9a-59bb-85dd-020c620c02fd,49ffa4bd7183732f234a94cc50700506c6514f48,item,EXTRACTED_FROM
f03c79f8-c24a-551f-8aed-3dc931220da4,d248ff31d427a251ea394f9fced4ad52c3a39641,item,EXTRACTED_FROM
de0143a1-95be-57b1-a8d5-a3f5630506ca,ea1b25add7d5aac31e0fe858936a77cc963e9cf3,item,EXTRACTED_FROM
4de9daa2-5667-557a-80dd-d6e0f47220d5,9b42e6821e2acd06f616eea4f7b430b15435ac1a,item,EXTRACTED_FROM
f447de02-9ffd-5bed-a2b0-e273ebd87983,09357e29b4d036296f4a6885128f2c16799dc7f6,item,EXTRACTED_FROM
a8e4c588-5314-5ce3-bf39-8b7743497dce,48f131a6f86ebc412dab25ab1209ad5f675b118a,item,EXTRACTED_FROM
b1dd5371-ddee-5eaa-a234-6b7d7f53f20d,b40beda5ef1a4d6784c14374eef61db529d32e42,item,EXTRACTED_FROM
0e64d2f8-97ff-5011-b233-9eaa5cb783a9,d426b2a46097f0f4ba9b0956061ce6d3be89a2b5,item,EXTRACTED_FROM
bfc70c1c-d992-55c2-959d-45aae703285c,c02ffb87b9509d63df62b80c554ed98ffd918041,item,EXTRACTED_FROM
2ecffab9-17ef-5085-b1a1-28537635c8bf,8141d085f880f8cdf1523491781fa43e1a82caec,item,EXTRACTED_FROM
0044c094-b703-5626-bd55-d1239c92af47,6821236b579830a47fc291b79666e1736aa4d635,item,EXTRACTED_FROM
e8eb64d7-413b-5949-9aa7-1033751f2063,ce6a2e8de29e9da251a57a59a6f77a8bb22b51ed,item,EXTRACTED_FROM
a8d38ddc-0115-5f1f-b39f-f30a73633f74,23f2d8c1a798722e7d040275cd779e5f35282a6f,item,EXTRACTED_FROM
9f688378-7660-5b0a-afaf-3d9dba5e4ab6,32749c268d9589c0d0152513737bd661a665d89f,item,EXTRACTED_FROM
4945e6f8-dc26-5869-b63f-4a8ecb0cc1d0,e5e597e8f9cd58d5887e62ad858af61691be372c,item,EXTRACTED_FROM
ea06c0d6-b37d-5741-b4af-84579ca3e371,5344f915d05fd2280281b2fc68ac952ad20f0922,item,EXTRACTED_FROM
0164ecd4-3a33-5969-882a-5f178be4e518,f895227e0b6b124e36ae38a1e8d41856a4f4463e,item,EXTRACTED_FROM
3ae53433-5b24-58c0-a48a-b903235df0f2,b260200d869fb5b407ca285ff95353c269e26697,item,EXTRACTED_FROM
54686bdd-6b6a-5cde-92f5-abd6d4256d77,37756e2824550fb1223a3a15c217b19d127aff07,item,EXTRACTED_FROM
673f2712-3ac4-5a57-8b11-0b6e2f8cc0ac,e43e41583f94cfea9734418845ff8ccd6cb97d62,item,EXTRACTED_FROM
102f06b7-0e94-512c-bc08-f21482103e72,b254a845a2db790af8daa2212b01ccd3d6adae46,item,EXTRACTED_FROM
0fe81877-e53e-595b-b02a-0edf4e8ba902,6b1639e9c955e7183244fdae14879ba45d4880e0,item,EXTRACTED_FROM
b5c7898b-9f3e-5172-9c99-f0499bef6f37,17a60eb101ed94dc4ce2d557f70e42c5d4c51b8e,item,EXTRACTED_FROM
2b034bbd-7d64-5ebf-ac17-d4409f09c994,09071cc374ef72da4bd1e3cb8c320edd6dcd7dfb,item,EXTRACTED_FROM
70ac566d-8ce5-59af-b291-51b407679f30,e0b4bc283498c38ff4ea20f98f5e1f3e8b57b1ba,item,EXTRACTED_FROM
76e6359e-7c55-543b-af46-b6a93d8346b1,98eee64bcc738790711b7d97bf061453d93e8927,item,EXTRACTED_FROM
0ee0df4e-58ef-545b-afdb-27b172200b9c,941d59f1ca817c019e27031034dd010da7237430,item,EXTRACTED_FROM
114ff7e3-492c-519a-9ba6-46b8ddffbb2e,7fa08f92091e1eb0fbfb61759bbb06fc47342f99,item,EXTRACTED_FROM
f60e63ed-7496-52ce-ada2-1001cc606446,0eb25e1c85f70571484e4f67f7f292eb5721ee25,item,EXTRACTED_FROM
9a04486f-d810-59e8-adb0-46a24ebd194b,0ae1780f165b06688701819fe39bec4242bc429d,item,EXTRACTED_FROM
df4275a0-add8-5b15-afe5-f4ba40fe8181,7d0d42dc9840f03f961c245e5f07121c26055635,item,EXTRACTED_FROM
ed81a70a-449f-552d-8b5d-30d84a336419,7df934269fabec742eab8deeb7272d64bdca72c9,item,EXTRACTED_FROM
2d6be401-6d11-5ade-84a5-df76d89db06d,33b4a409fdebddff48b29ff69ed9f54a9226fa7f,item,EXTRACTED_FROM
b6b2b3e8-5b8e-5d49-8f84-fe36ae84f7dc,6816b474e565d436e434790b668cf5fd0298e5d4,item,EXTRACTED_FROM
ab0309fb-900a-5b43-98f2-eb459e07dd21,71d9db35e57be6a572282fbef52a5cf6cdcd0304,item,EXTRACTED_FROM
efe73af8-68c3-5189-96a3-8e09179d45e0,e2362a2f36318314d812f547f1ae30779251527b,item,EXTRACTED_FROM
45d182bc-a329-5596-ae0f-c702f0b60220,68d6b9f658a1538c133ba6ec5a919ad15e7ff9d1,item,EXTRACTED_FROM
948b7be5-6bd7-5e12-a5ed-fb0b3dbaf204,e1df911745a376f23b565d4b4f13c68d7c19e23c,item,EXTRACTED_FROM
ba4db822-70d4-51d8-97a7-ce8e62be160c,b45600066de6e76ae17b9b582a628ef905980471,item,EXTRACTED_FROM
3a24cc65-8ead-57f9-8296-3d71d851cc41,15ca6235a47195d7abaebe71db8af12cbc2ee45f,item,EXTRACTED_FROM
ec093d5e-ca5e-5eb8-b87a-ae7f3c1425f2,f76597000423de43d7f33b8b8f6552245db3eef2,item,EXTRACTED_FROM
f457a001-9324-5a01-999d-79ebe3b46e37,f9c23c5e9d3797c438e1070368d1b1d810838e90,item,EXTRACTED_FROM
11743401-7d60-56bd-ad02-7821e2f8bb81,eef5b82ec8195e17c972b77fd828af7309c7dc7e,item,EXTRACTED_FROM
fee88215-6413-5254-82bc-9c906064a17b,1d207e5de7dc3f2e15c5967af7c456938625e76d,item,EXTRACTED_FROM
068e67b0-55a9-5715-b669-233c9b9c1f11,85a6e9d19aad254a35ce5b0df307c3b92d5387f9,item,EXTRACTED_FROM
d4be2375-3884-5e5c-81fe-6e698a01ed1f,cec64cb474006bc0f81281ab1950e7d5d7dab4f3,item,EXTRACTED_FROM
ed1aaa64-355b-5a4c-bdc4-77ea849dfeb3,d76c73a2e53c37a42030b874e741a8d7668900df,item,EXTRACTED_FROM
1f1fff13-327a-5618-817b-ebf3068db60c,a60d761866021ee51064f5f6db7e0694e5a15fea,item,EXTRACTED_FROM
eb7013d3-8cd3-54ae-a993-fedf816e69e9,8c147d38246bfef30c306c4b748b5b625ffe073d,item,EXTRACTED_FROM
703e5b98-1727-5d36-82de-feb3255d5fef,c32d0adc1ba41268e6c32b03bfc734f214368106,item,EXTRACTED_FROM
564c9c0b-dbbe-5be8-8197-22aa3480b31f,325939e9b8d245d8990689921aba3f395dd26a44,item,EXTRACTED_FROM
3ee240f8-13e0-5b65-84cb-74f7cec0fc8a,6fc0fff3b8bc6de09ed1e47922a48fb5ae1aa6ec,item,EXTRACTED_FROM
f8aa813b-5b85-5c83-a7df-d520f0761149,d9fe99d7623851b9ed14033f34900366ae9608d4,item,EXTRACTED_FROM
c331212e-a638-569f-8b4f-ff483835ffaf,41aa0400ba52664e425bcb6e58d778bdb8c2efd7,item,EXTRACTED_FROM
0c1a69a0-76a4-516d-a630-9019b3ce51f8,aea388ed7ec2af9dda95203c1b81260f599060ce,item,EXTRACTED_FROM
74908272-aa8a-54f0-99d4-27692192dd8f,696b26f38b172e3b254b7f42913e142082135357,item,EXTRACTED_FROM
c501ca34-8b31-5d87-b533-1987144b3d0e,d430a0603513e6e7c3b5dc706aa61d93792b3775,item,EXTRACTED_FROM
0eb64b5a-05d4-5f6f-a667-25da1834be86,ab178714efd8652c4d7037068c33ab9b9d876f11,item,EXTRACTED_FROM
8cfdb9c5-5d1c-5f60-b10b-845422488293,efdd90053ecb5cd2b7a8756e6a598bbd03e0a67d,item,EXTRACTED_FROM
7bec866c-0d2c-5355-859d-9411241efc8f,64971f675eebd8930697b0f865bf870db6911927,item,EXTRACTED_FROM
4c12b2fe-c7a4-5962-a4fe-e712ed0fa377,131a5b56cb7d23256b00a932b99b2905936dd474,item,EXTRACTED_FROM
bd302d46-ffe3-5c87-b1c4-12021066b801,29c3a69a3d4a1a3dc4af917705f6fdbbd0fbdd28,item,EXTRACTED_FROM
1297db6a-3d16-5443-9144-e23e8553652f,c40e1b2293e491b996b32fe1e896702f46656794,item,EXTRACTED_FROM
273855ad-f5c7-5e27-8623-ebeee7a1da78,7a736d961154557d6c59a6ab8c73134ebd4da5a5,item,EXTRACTED_FROM
1aa60259-e15b-5877-8581-caf514ecf5b9,915c1e2dcef9d192308021aab6561bf668b08dae,item,EXTRACTED_FROM
1a5dad8f-257c-5ae3-a86e-1d2067db8ee6,87b77640db6744ee350c3ae640fdfad7e08d42b4,item,EXTRACTED_FROM
981cf65a-92b6-5ad2-aed8-4de311881e0d,794160b59d61dd1587ff21d76d3f3762d8fd1342,item,EXTRACTED_FROM
146af4b0-faf2-51a8-902a-9d308eca83c4,241692cbd08a45b5be0622299bbf8850ed4cfd4c,item,EXTRACTED_FROM
ee56c9fc-8184-5ebb-8953-45b5ed550939,fb91674cb64aed8805ce595accfac9e9b8699263,item,EXTRACTED_FROM
0ab6a5d8-e5ca-569a-8da5-eece322fabc1,9a856fb5c5536c93adb82c89a6cb1c0f0d376364,item,EXTRACTED_FROM
2031ef47-3149-594b-9057-96eb829a1f05,1e588c23b08435b414c56f33685b3fe20ea386fe,item,EXTRACTED_FROM
ed671910-f28b-50d3-b3da-d195a556da49,135f56596a2fd21deb2aa4d6d17a699ae078835f,item,EXTRACTED_FROM
b20453f8-5e7b-5c03-bc28-d92d906635e8,3db3cfdf24e4f2ed1f6d90d49877db72a3c36f89,item,EXTRACTED_FROM
4e01c8ea-e422-51a5-9863-ee7c0fdbecb2,a301d4cc210f21c03b3bbb01e51c7031e167c1b0,item,EXTRACTED_FROM
965600ba-1cf8-5534-af09-b36ad763beb3,bd065008392ca1a508e65e2d2ffdef45a9d8243f,item,EXTRACTED_FROM
ac17b3ed-08d2-57e9-a123-0737809a8392,aced7357628d68f9cfb4c4964af60961fe141fce,item,EXTRACTED_FROM
66fa92c7-6102-5516-8940-6a3b99d9b800,27cbb7b271ddae841c05d7db7ace32b4370491dd,item,EXTRACTED_FROM
77130120-9e66-5690-bc7b-b0abce763cd5,ed83cf8d37e7c0ced3f4ac1b84264449b0f467bc,item,EXTRACTED_FROM
1abe0fe5-a868-5653-87be-ce4193653d5e,390f7b90f829e08cbd8f877b69711524b2241610,item,EXTRACTED_FROM
abc43f35-2b6b-50f5-a1c8-f69df776ec37,6dcca55f69023ffb17e9009cc81ed47ba24d4790,item,EXTRACTED_FROM
90e09f89-82b8-5d78-9577-c749d953f8ea,0400114090d5ed586d7f34abeefb5903a8ae3192,item,EXTRACTED_FROM
72b1a030-c7d6-59b0-b31d-d3c1fd0ca60a,b74055d3d1e57293d9f01bfcbaa24722ae2bd353,item,EXTRACTED_FROM
f4d236f8-b8f5-56ad-ae50-d7c29a11e494,5ecff57daf66c097c79295e64ea0db3069f58e17,item,EXTRACTED_FROM
c4558724-a8f6-5d0e-829d-1d654ea763a8,110cd159d63f70019054d83b4343dbd76d577611,item,EXTRACTED_FROM
2ac76a34-4967-5cea-a4fb-50fb8e6d7a04,8308adb7abb54a87ac5f4f7b069b396ce2323514,item,EXTRACTED_FROM
2d3eb954-2681-5c32-a5f4-3b306c326780,1e42d26d2c1ee51d56b4e1fca1cbefcf0ff4924c,item,EXTRACTED_FROM
b10e2d04-4482-5016-8b20-1e63442851ef,18edb4008b02d4e88361be6a5711c97c5aa665f2,item,EXTRACTED_FROM
b33b358f-f587-57b9-bad0-b97b61a18676,01858e27e8f5978a5ebe27d98d11be9a96f5cc3e,item,EXTRACTED_FROM
0baf0907-c55a-5255-8fd6-a2196900c0c2,0028cb819ad7913074c5ad8191652035a3689d9c,item,EXTRACTED_FROM
9fe3b44b-0c32-5ca2-9998-f3ee67c470ac,332d27927cd0eacbab56835131f66676c7d3ca10,item,EXTRACTED_FROM
62beb048-362d-5a8e-98af-82e2f8efc5f1,55f7e26ec92db9338f2f105c6d189af28424ccb9,item,EXTRACTED_FROM
0364c5c0-b14f-5174-adcb-670df81af53d,400067a96e3bd3c071aacd3b94c4fa177ab00d0d,item,EXTRACTED_FROM
5818426d-0e9c-51ac-b96f-9ed182ff5688,d602b5eef7c4337a27676f2f78dc1b0b4813329e,item,EXTRACTED_FROM
d986c867-775a-52b0-adfa-34c376db24fa,ff39f5b4cabc4c6a14d897098aa3b0f3d543d02c,item,EXTRACTED_FROM
9c59796f-0834-52c4-ad9c-33312948d2bb,2a03125c32872a145f9ce7cd7edc56784554990f,item,EXTRACTED_FROM
1c80d949-5567-5301-96e1-27c903555b96,1c1bfedbe057a45368af3b7bc09743ca40a6aa83,item,EXTRACTED_FROM
fcdebf58-e334-5fd7-af57-d71d3dfb6005,c6ef4238c9faf151a31acd7ac9e81b5e8ee20c19,item,EXTRACTED_FROM
9d8aff75-a4eb-559d-aa2f-5c4480cc836e,03806eaf40eb4df092fa708ec8563e850c3081d1,item,EXTRACTED_FROM
eabc3f92-d443-55f5-a2b4-4f7583cadcb3,cce26bca1f0758c92ac294051851f938a1260151,item,EXTRACTED_FROM
0ac62879-257d-5c3b-8fa4-570e88e301c2,6ba5f37a2647f1ebe9423f7dee4b5ea160bb6ee7,item,EXTRACTED_FROM
d0d84e13-7d4d-5c60-88d6-e68c19d3cc83,1799dca89201ffb34b146ebd9bd8fed1b7f1f1ac,item,EXTRACTED_FROM
33b6f6dc-aa61-528e-aa5c-7c165b8eb5b5,fce52b658d4bdd2bd4b739c44754ea246e6ec348,item,EXTRACTED_FROM
78659186-f9f2-5ec2-b4c8-b0a332686e50,7299308793016be64219bc5496ecaf63d503efc1,item,EXTRACTED_FROM
5c40fff3-829c-547e-86a6-ea8163a88ee5,5383368db043397ed83900616f67e360ad23ce9b,item,EXTRACTED_FROM
8d744983-8e0e-5e1f-9f5b-1a47824b2f32,97e2d313c02182465bde3862ee59b637a758da4d,item,EXTRACTED_FROM
c447d94f-9ead-5468-866c-0fcfbbb50ed7,83e5793a42d2dac4dafcfae614f39e0f1748ebc4,item,EXTRACTED_FROM
b34b9da8-cf0f-5c12-8f86-1e31c96e1c02,3f68f488bcad14b057e7f6647387a374a1721991,item,EXTRACTED_FROM
76082fdb-6fb5-51aa-ae26-07766b8b339c,117364b603c9217da46b9eff2ed0daba51543330,item,EXTRACTED_FROM
e34bd01c-2000-5d66-bee7-4191b8a5dc4c,e16b071d3ebff4a468596edc1bd353195939ccb8,item,EXTRACTED_FROM
7b61a868-a585-58ce-9a63-d87fe8009eca,618e3766899fe71f2ff527f7181710bb840e6351,item,EXTRACTED_FROM
a0dc4715-c386-555e-9449-aa0bfe1c5d33,50c5d1dade388e71f030eb02f06a9dcb7f59fe3f,item,EXTRACTED_FROM
4efea72b-34d4-5c72-b431-1b8846efd15b,7695732e0c59b67ab5b2f2208dca862265c1a2cb,item,EXTRACTED_FROM
a09b0b64-fe3d-5e95-aade-6a8dc7af9cd1,9afa504fa53ccda6111572354c47afa0bbb281aa,item,EXTRACTED_FROM
b0d36950-680b-5090-ba48-e2d5dd95f566,5b2014bc547deb6e0b8ccac1082e0b05cf9963bf,item,EXTRACTED_FROM
030cb51e-94b8-5e37-aedd-ae3b7b183b3c,a88b6b1695d3a1b82ee65c03dd4d6e6a8365a2ae,item,EXTRACTED_FROM
a214deed-eb8e-5748-91f1-149439b11418,64fec39edfaac37f1684f9e75ae06243982b1ab7,item,EXTRACTED_FROM
45edb691-2b53-5fab-a90c-e1fa1e9862ff,5a50085f9288f8661c717d4e2eb716d61edaef30,item,EXTRACTED_FROM
2170c4de-d077-51f7-a623-0c362906b13c,317f6ef83fba4b7242350eb989fa70afcad139d0,item,EXTRACTED_FROM
8fab0d7c-1fd2-5698-9871-8b52d75b44d8,097b68ea73e6fe0b3022291d80a45d065ab99021,item,EXTRACTED_FROM
ca545447-b0e2-5933-83ef-a2f57c1f0466,a9d94708fac8106d4e589a8279836345c16b2018,item,EXTRACTED_FROM
2c7d506c-43fe-563d-8a14-0b06fb98b735,df6b311b4f8435afa5b4f1ac8425a3ee5fa0db12,item,EXTRACTED_FROM
3c91b41e-86d3-5759-8119-3468d46496f1,fda45ae2a1db2524378fdf2dc884bd91a4fc3c22,item,EXTRACTED_FROM
5afb02bd-7a2d-5236-b2fa-8e339b283505,1648519d9e01618284ac532cb44182e5d73305ab,item,EXTRACTED_FROM
955877ed-584f-569d-9635-b9c124a2cd8b,aef6e40b0be90dcaccc83245aa2debf797587052,item,EXTRACTED_FROM
ceff3b1a-d2d2-545f-b143-70e052582ab6,8123d239a57a100fe21842aa31c92fbf2800bfae,item,EXTRACTED_FROM
ffe8eb03-37b9-5971-8620-0c4734b88d07,bfbac65b3423a778d01f01344a483fd0d3ae3abe,item,EXTRACTED_FROM
74bd4c63-09db-5ea1-bbf5-45977b7a2a2d,4fd28ae424fc2ea7171dba1812f23abc7bc2dce7,item,EXTRACTED_FROM
74f114d2-a4cc-569f-96a5-c0b8c4b35296,be78284d2ac71df6bc1ac42a17aeaab1caf286e2,item,EXTRACTED_FROM
3169248a-1fa0-5d7c-9724-081ec949943e,125900ef6ce210ffeb112b8f412ca5836f823e34,item,EXTRACTED_FROM
c4523708-e313-5744-a9a8-cf66807517e0,21146f7223e868ed2aa4f5d88f24c6ae2ae238f9,item,EXTRACTED_FROM
9c2015f6-09d4-5529-a20a-d50901677482,a22158c2fa9c6cef9e2961389881c4b3f2841574,item,EXTRACTED_FROM
d9254cc0-e07b-52d8-ba7e-7961fa3f4964,3b3197b28e071e614617af6ec59681295a5d4280,item,EXTRACTED_FROM
2fa1296f-6d14-5809-b41f-29f6ce250e7a,f731a0d851f3d6fcbc1889befd0523c66f1c121a,item,EXTRACTED_FROM
85fa1a4f-7467-56f6-b9fb-9e1894e82983,9c5ae811113bdbce04fd163de4bfc20c332c3437,item,EXTRACTED_FROM
7e61409a-ea35-55de-8334-2c347fefb183,bb568fc5a8979f4c7c58540f3a837347173e8981,item,EXTRACTED_FROM
b92d9393-899f-54ec-8ed2-26777aacd0ee,d96dc52881345f3abf1c3de05cfc3a607507c27e,item,EXTRACTED_FROM
99744ecb-9379-517d-a1e6-0a1b4b1fc397,ec63f02ce0bc80ed46257a61dd4ea15798a9f1d5,item,EXTRACTED_FROM
167cd27b-f002-505b-88b3-4090ba9f4934,738c3cab9ff6c947d5da5cbc7ea36ea0a3a2325a,item,EXTRACTED_FROM
5f4bf33a-8fd0-5923-9fe0-1607a762087f,09b8e23f7438ff0351b3b66fc13aaf759370409f,item,EXTRACTED_FROM
3cbb60b2-e87c-5525-971a-cd15f76e20f6,5f5ad81193db79234567094fed2b29784f220c7b,item,EXTRACTED_FROM
0c960106-91cf-5759-ab9b-8b7487ac655d,03e2a9d0a1a43da1cac4df2e44501fea7db050e0,item,EXTRACTED_FROM
f211b794-14f8-5898-8810-2ccea01ed65a,639d09f2adcdb4ecc100a7d325be8e77f3585378,item,EXTRACTED_FROM
9fa1d468-798b-50a4-a563-cb8e4152ed22,fa156fd4243ef5cae2f5f6350d33c2317130f138,item,EXTRACTED_FROM
d6858bbb-396c-5ea2-a54b-a3297579bff1,7876f1b540dc7f72351434cf59364648fbcb0016,item,EXTRACTED_FROM
46aedf17-b9c1-5c00-bdba-264abf1547fe,1a85381bd85002233dbe5ba9d36c4ad14b689bc1,item,EXTRACTED_FROM
c2019234-5c21-5490-9653-feedec36ed83,ca6dc7ea2c5bbb3d46130ec534c64ea4c44c3749,item,EXTRACTED_FROM
60ff47e4-5a20-55e6-bdf0-43aad603119a,5012b2e14fcfb4bd60a7ed08494b82e00482a238,item,EXTRACTED_FROM
c2a41c21-6379-5d53-a4db-f13d4edc841d,466d53fe78c5a1818be21ac40c152ab0c4ec27b4,item,EXTRACTED_FROM
9afeb506-cffb-59c0-93a3-d3b026408c08,c9be81587f104e0f85c9f9d351dae42a88d06cda,item,EXTRACTED_FROM
dc05e17e-1f91-5094-8245-a49324674aa8,ae54154af7bf4dfa4d4372776434ccef3551ffd7,item,EXTRACTED_FROM
99f434a3-0e6d-51c1-8e25-ef94730c9f82,ca6c64a1926f891c15903ab43bfb5caf39fc844c,item,EXTRACTED_FROM
e1924f1a-a0fe-52d4-adcc-a735c0ed704d,ebf0ed7e9ecef0deae8e91017b0c3f25ed0e3797,item,EXTRACTED_FROM
2782d024-514a-50c0-b305-69fb714f1984,54498eb23bbe87e3190306018ccb18a055d701cd,item,EXTRACTED_FROM
e3f511ce-fa35-5ad1-843d-4098c6808cdd,c97b8ddb819c5df9dcea8bb539e11d83fcd044d2,item,EXTRACTED_FROM
c2cbca10-1790-5706-9744-e895be481cda,699cac7d63db79629bca4b7034ae7fbfd116511e,item,EXTRACTED_FROM
02840320-e347-558d-829b-53d67839db2b,b47656a15119dd8b9467d3162a6f9af0ed93fc2d,item,EXTRACTED_FROM
5d4d824c-ae93-57bd-9d68-475e44bc8ba0,104d632072b70a2cddb10d5647aa7175a9cffc40,item,EXTRACTED_FROM
888653ae-a3b9-5e7c-b226-42069402c583,d77f7e5bd113a2f7652a78b3dc8c13d19e21e538,item,EXTRACTED_FROM
d97fe591-aa4c-5e8a-b908-75693e12e96d,a6d49117ed9da5d98e245a8556cd965a4182e21c,item,EXTRACTED_FROM
68290d4b-d29b-5c28-b224-8fb11225bf02,c47ec2d89aeab1de7d3d48bc0f2acc6725aa0858,item,EXTRACTED_FROM
aa39c0e5-ea7d-528d-9e03-05815390ea60,25264be16884c4957a1c2eb6700b40f9fb2041e3,item,EXTRACTED_FROM
82703ba7-e77d-51a6-8a75-010457ea677d,f5d7ea4802c4e75edd92fbba1e21c82a05752381,item,EXTRACTED_FROM
4adadc7b-cf26-501a-9823-c3445e49605d,3d193a012b334786830bacfdc7a087642beaf9b8,item,EXTRACTED_FROM
3bd55e70-0d3d-5166-9fe1-e1cbdcb43caf,878b31e50ab3e096c163d65991d94e167a52e69a,item,EXTRACTED_FROM
d5fa50dd-769e-5ae8-b670-14445394f37b,cf99c7e9661b1558f87939457830d8d27874c548,item,EXTRACTED_FROM
9589b372-42d3-5f0c-b3f4-01d492649718,28e0b27c70b25889ec8fc0059835397e63fe800c,item,EXTRACTED_FROM
135b30b0-d2b6-5baf-af9f-bb8e3e49e790,42faee602c8d067b30d3450365ad11a569ac4108,item,EXTRACTED_FROM
6d5b70a6-21ac-52f9-860e-d8fab6ad04be,ff101b85132b63e3cb5d99159f5704ea4ecad388,item,EXTRACTED_FROM
b2c4240f-a776-582a-a928-2b3835c23fc6,ad2b6d908dcd80ffab79ba0d8574a78d5f55eded,item,EXTRACTED_FROM
b0535a2e-9c8d-57f2-814f-c3974c9b3f75,44ce7b83fa3fd12fd85a2857b810e234c52e7c57,item,EXTRACTED_FROM
85b709fb-475b-53b3-87ed-411db3d444e0,132c508f74c081c28ecf14c02ebaa42a38349d03,item,EXTRACTED_FROM
8db3aa8f-a836-5a4f-bc1b-0c1c2ccfd3e5,8cf864997c512f8a1cef5c3e10b46aac69d90a22,item,EXTRACTED_FROM
feed283c-01ac-5e70-b645-7a4e2391d71a,56ff4768185454f63a1f5f4c946baa5cb13f7ad6,item,EXTRACTED_FROM
94c974e5-c160-539b-b33e-ac61902e8154,08e54169f92c441ecc53b53b9d1a78271c332ecf,item,EXTRACTED_FROM
90f4d607-6655-531f-b17d-bc83102d07a4,499ccb484aac24be57d7039f0f0e39c938a373c6,item,EXTRACTED_FROM
c8949f79-aee4-5a33-82cf-820a4e2d1315,43e1aeb6f4383608737ec5208a0c6f443ba57242,item,EXTRACTED_FROM
a4b04eb8-5e60-5e74-aa13-5d001d4fb366,3384984e4c1b16a8a47c92343164605664324204,item,EXTRACTED_FROM
1c65c124-ea74-5f18-9c3d-9794cf48ba3a,2256e03588fac58d1b0e8e1e9ee7a95235045f0f,item,EXTRACTED_FROM
7156d183-6862-57bd-a44e-047e8350ef72,4479bd1cb9fccdb0cb918429ec8b6221f20ecb75,item,EXTRACTED_FROM
21a85f6b-8d70-53a4-af9a-2f442c5b450b,17cfe75a731234433990930c33bd8c0058d6947c,item,EXTRACTED_FROM
1cb62891-b28e-50f9-b913-66f37305df04,34d3efde320a14bf898826546be5e44f1f61d6cf,item,EXTRACTED_FROM
0806d41e-54d9-5367-aa2f-27bf92d455d0,00ada21a2e668ce5bb13ba1d08a94bd6cb8b570e,item,EXTRACTED_FROM
3e5a76e4-b083-5812-bd96-02acd3312fcf,a5750f10b58f2177737caf09e01a485be0edb792,item,EXTRACTED_FROM
d01ec6c5-6cf8-5bb9-8f21-6e78879076bf,ebd119bd622d232e513b06b879ee6496faef9bfd,item,EXTRACTED_FROM
b116e3ab-2fc7-5e93-a51c-3a62b9461668,0eb517eddc3318137d017cebea2ba7ac9ea21ea0,item,EXTRACTED_FROM
bfcb6321-ba99-547e-9334-459d90a4ab73,a4446ad7ed05f3fdca9fa193371ccf852ab6779a,item,EXTRACTED_FROM
86a8f0d6-3887-5d13-8e7c-f0331b096779,3491448ef0ce67fc1a8def7f305de402083d78d1,item,EXTRACTED_FROM
c4426555-97e1-5516-85ee-2fd349aaae9d,b31c45d89ece6c0a064e3e96cee9034c7adca214,item,EXTRACTED_FROM
ad4ef53f-4552-5044-9a12-b63722f515a7,07659e9295a3dde10d860dfe9bef55b5f6c0764e,item,EXTRACTED_FROM
cdefda4a-102d-5327-9e48-ddcd7cd35857,a101a8727f707b9e310397d5b25892445f647ca9,item,EXTRACTED_FROM
5434c016-aeeb-5301-a69d-346c11106e1e,eb215ab918782673da2bb3311e9011689454ab3e,item,EXTRACTED_FROM
813969b0-3c85-577a-bbfa-2f1cea8c963a,2e99d3692ef1e4c5c51b5f71188bd5702db7dfb7,item,EXTRACTED_FROM
59bb537b-a7ee-5730-9d5e-6a95b3a180df,bef3c8e0aee6809ecf46e47e49450b8fd7ca44e7,item,EXTRACTED_FROM
1443c2aa-5c70-542b-a947-6abaeb884b50,9b27fab780df44f5ef6b04fa48cdc46a38916bb6,item,EXTRACTED_FROM
adaef7cf-6120-501f-87af-fb2b5e5e566d,df4e363d52f8f18dce3a6e37514ca49056d74ec1,item,EXTRACTED_FROM
abcd5658-c4a1-58f3-bf6a-417dfe73e58f,f2ef9bb3ad68a71b2e5ebbf856088e41be8fdbca,item,EXTRACTED_FROM
549ea952-9fb5-5547-b37b-2374f281b4f4,8b00b6b5356ccde93c9938279afd97e3c5b47a26,item,EXTRACTED_FROM
ec0c67ca-88b2-5eec-9f15-8ca8996a438c,00f5c28373e5cd5a8c0124f98795b556092855ad,item,EXTRACTED_FROM
450d7903-c7a2-5002-ba63-f2a9f5cf4314,f4a33b6a6df7e87e84aa77a7df084e1074884d82,item,EXTRACTED_FROM
d335c958-53fc-53c7-aec2-dc9c63d180b6,e10979de5f56ba911ac4291afa11b850cdaad9d0,item,EXTRACTED_FROM
36a2510f-cc19-5ef8-9298-e4908515ccfe,f1a2963546d1af8c918ffd6f9ec5fa77a264fbce,item,EXTRACTED_FROM
3615aa36-9594-5606-903d-ee497154033f,5a376530011196429e455c29e4df4f18a5f40d5b,item,EXTRACTED_FROM
131be02a-9e84-5d10-af89-5929b96d614c,b49b5f6594ba3a1b68d3842dd47cbfde9b34ca67,item,EXTRACTED_FROM
1c0e1311-0414-5417-910e-6d83fc83fb43,624b9fa10db4b0c23b296f6d377faf474fb1be69,item,EXTRACTED_FROM
94d49d8d-2376-502d-88e1-13debc105eec,ac146344717f5399596d6f570aa6bae05bb74195,item,EXTRACTED_FROM
e9579f71-e15f-5a84-af12-14e0fdeccb51,1530b2eb3f8487dfdf565805295062bc89f7729e,item,EXTRACTED_FROM
f95a0d03-ee98-597c-b1cd-5f6e89f517df,25ce8df3cb6f57b5a3f62fa7185fbe069e61e5d8,item,EXTRACTED_FROM
eb2958fd-3ec6-590b-aba9-404d4bfde7b5,291c2b89b2b6dea2e343c043f8ea3cd2cb28ec96,item,EXTRACTED_FROM
83f4c106-6857-5d57-b882-afab0cca765f,d8af7219096e8e3f8c99569b0e83ef7980fe0629,item,EXTRACTED_FROM
5c22b8d4-53a9-5449-9fcb-a42cba5dffbd,5a83f78624a90f6f1c3d899085a98fbd23343ad4,item,EXTRACTED_FROM
49df386a-6d15-5d58-8442-125c931d1b75,10a96d6eb26e908333625abc099aed9e2dd74b47,item,EXTRACTED_FROM
4feeed8c-d357-5067-8fd7-715753be5958,e918afd1f2a22d64cecafd644df7edb760ef244c,item,EXTRACTED_FROM
2152ce70-4199-50b1-b6d9-81794891c7b2,296f3ba646bb9cc9c8e500988c3cd123a87b6db7,item,EXTRACTED_FROM
25f9fbbc-c63f-53fc-895b-d72066624f38,753b0c3c7f2327bffd152f6a732a38a280bb3b61,item,EXTRACTED_FROM
ab35bda8-28e5-532d-b7e8-f5fd69a378ef,9057854f00b51423ca711ee7c9bc56597a793c9b,item,EXTRACTED_FROM
6835cffc-27f6-59ad-8d75-bf92782d3a0f,953903ada17165808fe74bf5cf5c1deddf9dbf43,item,EXTRACTED_FROM
84a9b915-7922-5b84-b247-4f2ffb3c476c,6d0581bcdcf3c9582eab99fe325b15db332cbb6b,item,EXTRACTED_FROM
b65a2430-d1b3-5367-a78f-2493ad972cf5,0eee26eeacddf7b1616f2b40b107f92470b8dcd6,item,EXTRACTED_FROM
1ba134b2-da96-57f9-97dc-749bc8100e2f,5ca0bad66cda1f8ccd962d00a9d165a5bcd06ac9,item,EXTRACTED_FROM
89c34464-eebb-514e-ad99-63fb80f1f2db,f222209e6969352681822a36b566874df44b5797,item,EXTRACTED_FROM
78bd86e4-d6f1-5a27-b1d9-f08a9e5dcc7a,56e281a1716c2c29a6e97956a62a92be4269f136,item,EXTRACTED_FROM
b7e6389b-f394-5259-bcef-4352b41f7ee2,bfe1ac03b51a09574fa5df49eeab3b0544a9d2dd,item,EXTRACTED_FROM
4a7e43c1-1dbc-5be5-b7c7-d2715af37814,312158d25c6be14cf755a783e9f4401692a9e22d,item,EXTRACTED_FROM
661f98c6-5270-5dd8-95fe-e1edbe0f728b,c070100500f3fcda622c659519b98c46ffe6720a,item,EXTRACTED_FROM
9a5de46b-8fc3-58ed-a07d-1d57205cdb5f,4ac254a78b8dfab4f28e7db89f53add4a6731263,item,EXTRACTED_FROM
2ea3e4bd-37dd-57ee-8f7b-2b929dd31119,bc82a5b3e7fe41799a59cba99701ab562f2b2143,item,EXTRACTED_FROM
d33beb7b-3963-5ee1-87d5-e4e73fefb21f,64357a5039ebfa5ccc69f3ab9648644e1815ada1,item,EXTRACTED_FROM
e9870882-bc58-5bb1-a382-71689e049405,dfe8026bcb2a0a74007bde5ffc3e271c1d449469,item,EXTRACTED_FROM
8eb99321-d9ab-55cf-aece-5c9051e06692,cb5917d871261b19300d7947e60ba96f7f66908c,item,EXTRACTED_FROM
4e1e130d-f6be-5522-98b5-895610c66cbf,f25708aa475a708f5132f602351d5cca1b1ca8ba,item,EXTRACTED_FROM
9056a49b-7976-5ea0-bdac-db62bb4fe95d,063157f213106fd59d582ba2addd95da9a3e40d3,item,EXTRACTED_FROM
9cd17b48-ae99-5c8a-8759-c76d29a78fc2,52ddaeb3dd9fcc6bf7100567e19451a01915eecb,item,EXTRACTED_FROM
a75e0b13-13b1-59bc-9928-0739d42e6bb7,9691c73a700c84387ddf8ca434a9fc71b180e707,item,EXTRACTED_FROM
6c3b148d-1772-566a-91eb-99ec8a90cdd3,27d846a677b98669771f9727db8d52ee86e69bfb,item,EXTRACTED_FROM
02f2b121-4106-5676-b80e-6285e67ac85b,80957db01fe45a4f6cf60c41ab0b2be2c60b8c88,item,EXTRACTED_FROM
0bdfaa2c-6bf3-5dd0-803c-43d11e5045ac,b9b46c2e01b747ba7e8ebe5b5e8e9b8dab31919b,item,EXTRACTED_FROM
3a93494b-591b-5e54-98fe-06513faaf0c7,9623937ad9d1d65c97e8666b3bdad0b30a21ef86,item,EXTRACTED_FROM
3606cf22-287f-5cf9-9f27-fa7e076beca7,9b24e47881be73f6f7d81161e5d1045a1d4ed98c,item,EXTRACTED_FROM
7e07434c-5bf1-5217-8092-08f5e354a831,b2be1095ab20c7a9b001bb89d534e4e5ccf1554f,item,EXTRACTED_FROM
cf6bf5c4-d948-5c5a-ac36-fe20995101ce,1aa2bf88aef8d282ab83fe286146364c29e62c31,item,EXTRACTED_FROM
4cd89123-11ea-54b2-9c1b-7d4215dc2b68,a31140b61038c04cd98a63f77b0d69aabcecfc16,item,EXTRACTED_FROM
f458a7a9-e4ce-5234-adec-32338cc6d6b8,747188459a66bd8b8f76ee0a8df33f55b16239d9,item,EXTRACTED_FROM
f50bef72-638f-5ecb-a6c6-11ad16e9dc6b,7b603c026ceb54854923a0978e10ddbc3fb7a2bc,item,EXTRACTED_FROM
e903ea21-687c-593f-b1df-9a9303d44569,86a63c321b664689e3965fb6c7f5b7e41d088cf3,item,EXTRACTED_FROM
38ad6aa5-17ae-52e8-a7cb-5a615cfe0ee1,c087495df1907864844d2263694bc2e6d4fb1b1d,item,EXTRACTED_FROM
67548339-21df-50a8-a6b7-eca8f1b241c8,4254c364ac7d06c4c90f185d0fd08594dab47fb7,item,EXTRACTED_FROM
4ab30ba5-9478-5411-8c93-75606d5fe0b9,47e6b6a082ff18f90a1a4b357f6603ce92d4f39f,item,EXTRACTED_FROM
f87ea5d5-220f-5eb6-8deb-48563023f177,d6422a5281b71b930972e696aaa4dc95af39f08d,item,EXTRACTED_FROM
35ddbd98-340a-5eaa-9d6a-61a54529238f,d6df0de687222e7037ae59a40dcbd4a5a8b2ed41,item,EXTRACTED_FROM
91e6c7ca-f9d4-560f-9f0c-e2550c33a8bb,bca7e594393293ed736e3ca043c15185861683a0,item,EXTRACTED_FROM
092cb0ba-c403-5c87-807c-09970d060dd6,987484e86e8c29f23954f3e1646b7b46b52e1bf1,item,EXTRACTED_FROM
726bd835-1ae7-5703-84d2-9e81066026ca,9cc6efee39b6313a8131a40170bdf79bbfdb4fef,item,EXTRACTED_FROM
3760d8a8-1f8b-5785-9637-82ae4ee4ac84,2c4fa711028ef75fb84631aa92e2208376f4146c,item,EXTRACTED_FROM
68960b23-2fc3-520d-84b5-d20ebb15917c,0e2a33167e0dd2ff80ea018db3ae8b34dd28e6bc,item,EXTRACTED_FROM
d93778d4-b560-5a6f-aa47-1ab6db17a5a1,43d91cb1d6263bc5410f7aa9bc1906e6ef63111e,item,EXTRACTED_FROM
eacc3401-5d63-5b4f-8d77-9a960c3e8dc5,8c5c0fccb4c0d8f63618368de754d99d83641fd9,item,EXTRACTED_FROM
87161a95-98b6-5a58-9083-a13a64f285af,75f85e574f06879cf9dbe4c973abadecc16c7b92,item,EXTRACTED_FROM
7fcd2f25-2b49-5b9a-9f3c-c7aaeb3d8fff,8e7dffed618481df04a79c504de48d24fb0b19fc,item,EXTRACTED_FROM
e6abf127-ffee-5276-827b-d6b44e10fe96,893fb6c20adad52f19a0133ef0215db42c99c026,item,EXTRACTED_FROM
e2621933-3539-56c1-809d-3d72e1d3cc5e,fdd2e9b08520ee9a3a8cd1ff466b2f92d4acd9ec,item,EXTRACTED_FROM
c4f2be5b-016d-507b-915d-4378e2b71080,96d724c8ddb6cc92446d0507db0b9bd8d65b00bd,item,EXTRACTED_FROM
a1675901-a8dc-50b8-8647-ff187aa3321b,27dc2ba0cf1b85dbf3fcc37fa5a8cb2360648f8d,item,EXTRACTED_FROM
a0e1ea66-7234-54d8-acb0-d587fcef0afd,ea12f3f6ca6fd962abe20cc9b221e322152ba98d,item,EXTRACTED_FROM
b8ccb256-7189-5f27-a617-920924936fef,691eb215c960ee38afe0333078ef611a710fd31b,item,EXTRACTED_FROM
c20c0ea0-656f-50ac-bf9e-41200741f797,de8410e6e5387a688d46bad772f495bfa5db4d78,item,EXTRACTED_FROM
b7405b49-d96f-59e2-bec5-0f8101bd59aa,74aa4356034cca408a235a5c73130f319655c9dd,item,EXTRACTED_FROM
5ce24608-8b0c-5dda-86ba-2063dca74b39,f0e379b7dc58011392d1ad7f1c0530465ea48008,item,EXTRACTED_FROM
cc631870-a4d9-57c9-8166-7a47ffb9482d,35dab8452f025e4abb7327aa1606d78ebef011a0,item,EXTRACTED_FROM
f3c599f1-46fc-5952-bf92-831483273451,11680f05d9b9499cbcab6b5b9324abf9ed6f065c,item,EXTRACTED_FROM
995d0ae0-ee5f-5322-b292-df2bb11ed2bc,75853f519953353ad4deecedd15f2ff5b3bf7ec7,item,EXTRACTED_FROM
52799ba6-da5e-52b9-8386-8d6258d2f633,2aab799eb11f309674c8b5db82f2b66fd634aaed,item,EXTRACTED_FROM
98eb5251-679d-5553-a828-0af1798b54ea,b695c98553bbbac920baae5ec1501632218833c1,item,EXTRACTED_FROM
158b7050-3b8c-54c9-8cdc-8cee9b041583,c7468b64386b5b7d123717792ed86e63cb44a81e,item,EXTRACTED_FROM
433f31f0-922c-558e-8723-961f9991cca9,c0a0604de7e36af1e8731b2ba260df27a297b2b8,item,EXTRACTED_FROM
58ab9a80-f1ff-5bfe-be09-bffccf7fbfc2,ac0a9281bfb7ad42f29a193536164a65ce3d95dc,item,EXTRACTED_FROM
aaec3714-757b-5a5a-8976-2c29bdb792fd,a4fc7369f6cdbcff75bbe7bb38bd23bca969d606,item,EXTRACTED_FROM
967c51af-8749-5e98-9108-92986188fb12,170fc0e2a81ee631ef9b334ad565af1d06306894,item,EXTRACTED_FROM
6b2817f3-6c11-55f4-b1ef-1d25d73f50e0,2a9596e5c89f91b1d027ec433e6f5254f3226028,item,EXTRACTED_FROM
f9871978-167e-5a97-b460-f8023b334c5b,4898cbd93712a7c6e0efe83851bed5fd3bb51859,item,EXTRACTED_FROM
ea1c9b95-9e05-5174-81f6-6b77b4883600,1a7ad131a658c8289747fb9ecc7c51d9438cf49e,item,EXTRACTED_FROM
1abecbad-5afe-59f1-b039-301542556cd6,927762a28d476b69542b4eac85441d398d0973c1,item,EXTRACTED_FROM
6e040df9-6d08-5c8c-b00e-38037b8828a5,ea4c345c0c1d505a59218745940eb67433ca84c2,item,EXTRACTED_FROM
2e22d01a-a7d3-5aeb-bb1e-514fb56231fd,69c011b494aef5b4461883bf8830825a8f7fbb90,item,EXTRACTED_FROM
ef0434cc-642f-5096-8daf-73f4b4eea8c9,c458dc92f7b41ef1ca585b3b996b13307ffd81e7,item,EXTRACTED_FROM
42cd960c-9ee8-5fe8-aa9b-c561e416e5e8,8cf78298b7e900cf325f9cced820d0a915a68f7a,item,EXTRACTED_FROM
44f74126-fe06-5c9c-9928-b7df83e590b2,4a1c3e541e9d7583a501193a4dda3a59994910e1,item,EXTRACTED_FROM
812ddf07-b1f7-52ed-ae3c-9e2ac28ceeea,964310433b0e432b41b1e33d32e5da32b4b6d846,item,EXTRACTED_FROM
1a2f0f20-c0d5-58f9-8ae0-8329809db425,cb3469666fcb22200660c40210280f77282bb42d,item,EXTRACTED_FROM
50ba1d2d-a4bf-5cbd-845d-8a3894de6da2,e8e6d69c24e1608391745202b52ae83395100c14,item,EXTRACTED_FROM
770df2c1-288c-582b-9f86-8457fa932e9c,d7d322c8dcc09f6d641dd17c0394c690dafcab45,item,EXTRACTED_FROM
b0461184-c7cf-5074-b496-ce418fb35538,e575f455cbb26a602fcec867f0e3b09aa46dcd7a,item,EXTRACTED_FROM
2dfe23ce-8295-5bd6-8694-33bc9bdb26fb,6c59a00aae0ce6a2877ca60aebf1b0c31c4236c9,item,EXTRACTED_FROM
1a3f7847-bb2b-5a9d-96d4-694300b13dc1,07ea604e8118aa92b887ae93535fbae3fbc85a53,item,EXTRACTED_FROM
dc1358e4-6b68-5d9f-9b41-2e88bd1c871d,53ecb8a0a4a70597694ea45d8635faff53af85c2,item,EXTRACTED_FROM
84c3583b-12e3-5927-a8eb-44f105a723b4,a1fe2694b41cd79cd07086872abe511528017cdc,item,EXTRACTED_FROM
0ee0a5bb-da60-50c6-ad04-4c31afb9ddbd,6bae3e7101d9454c5d870ff3eb91e4d90aa8123c,item,EXTRACTED_FROM
e698aace-bb55-5338-bf70-c4ef39a0a438,a51e9921292a83fad9314730f42a38fa8946227c,item,EXTRACTED_FROM
8a1a5b85-f119-5a7d-a003-cfe0e5634ceb,eb36aa75d7d34a41e026c75ecf02cffdce112166,item,EXTRACTED_FROM
95268185-0abc-5f6d-a1db-5a176d282466,bd479c119d9f61abc5b50e0e2c4e60d25732627b,item,EXTRACTED_FROM
230b809b-a2c8-5629-8821-024894b75389,0a4ea049ab2f17b9fb77983813b0fc9cc5f9f7f9,item,EXTRACTED_FROM
3a541e83-3997-5e4d-8272-f52bb382aa54,ffbce03701fb9f0df6551f2b9a3d58d3f7e61384,item,EXTRACTED_FROM
fcab82e4-4eed-5cb8-b81f-d764c61f8160,4f1756055e2b3aa60de9eb4c03835f9128b2f9e5,item,EXTRACTED_FROM
e11ba327-fe1f-5378-a3a4-fab9267401d1,22cab499fb2d990a64d0ace9443366849b54b7c4,item,EXTRACTED_FROM
23e9a005-c7af-55aa-b7c7-6a41673f3995,d214cb9af199c75e52231e370a9afeda6b0b9b38,item,EXTRACTED_FROM
d606211f-223e-5167-9cf4-0785c34420ea,65f9d1cf938f8c13fd0bc847b8eadea368cc22ff,item,EXTRACTED_FROM
2542a3e7-22fb-5a3f-a897-397f9d00849b,3d69cfb40a59ffc35fb06ecf0354542b737e24fa,item,EXTRACTED_FROM
d68f13d5-18e6-5fdf-b9f1-df38d351a3c0,c012ebe72fb0185137b5246dee748dce11071d22,item,EXTRACTED_FROM
54161e3b-e91e-5da9-a285-0d53ecc0f12b,c870ee78dbe5ce7b38eb722a414ec2cdae7d2128,item,EXTRACTED_FROM
51c731ea-aa0a-581d-939f-7a663baba1ea,3035cf8e811d0e26e4c97bcf98ef0ba202f9120c,item,EXTRACTED_FROM
45332d9a-3905-54c0-bb05-5f9ef5670cec,00e039db04163399909e9bca1117734e200cc5a6,item,EXTRACTED_FROM
2ef495f3-c35b-5c87-891c-dacc9f687d72,2be5506352a5fab163fb4fa3805ee70e20685305,item,EXTRACTED_FROM
69112b2e-80b7-5438-ae0b-572d1ccd8e20,0c7887925eba0def8a28df9938587cb40d4331c9,item,EXTRACTED_FROM
6c69e470-bc2c-54af-9b83-917b10d8db3e,7977546d83b956d82bba2a4b450a7d763673478d,item,EXTRACTED_FROM
d724a603-6538-5642-b911-bfacb6e26aba,0360a05cde087d676cfd400d61840a974c3dd17f,item,EXTRACTED_FROM
e97fd422-befd-5b41-b690-0558b809f9b5,ed7de4d19db7bca7bd58807a648bda3eab559cb4,item,EXTRACTED_FROM
ab059c95-99b6-5ba3-bfd4-423a74c6e5da,24a644997eccca48e997c3db6251d29f2cd2f5d8,item,EXTRACTED_FROM
deaf6010-745f-506a-9d9b-5690e63e9e48,d4fa7a03d03a0eaa4c0408b58f569dac018b6f86,item,EXTRACTED_FROM
630959c4-deb5-5358-8042-4c1c9b61e616,81ee62fe0bc269b2db3460856363e492682e0a74,item,EXTRACTED_FROM
a6fff152-9d0e-5c88-b861-77d5d1eae27e,8e7b50ae70235ad2dd84090ac08f1730579df5ff,item,EXTRACTED_FROM
e523febe-7621-526c-bed4-55abef79d525,0bb98af44cfda2ac7a50c304d82af84233c6329f,item,EXTRACTED_FROM
66b0696e-4dd9-5a78-b92c-9454e0cdda5a,51bc23ed84b79bc7fe9f8aa296cdb27fcd66223a,item,EXTRACTED_FROM
efc1d829-0586-578c-8fd9-e3231e4a4e13,834c8f3f188c4ab3b5bbc7ec844eda7ba2931fa0,item,EXTRACTED_FROM
dd2b5f2a-ed11-5499-98f0-591e5b4e6e1c,657551154f80b22b71f9185c2a024221c3dd86d6,item,EXTRACTED_FROM
a68cb487-5917-52a1-b1b8-013ed0091b94,ec4db4cb947bf21d391a71e80bf47fff99e7e9fe,item,EXTRACTED_FROM
cb45c86c-2c93-5c40-8f69-3a843421e7f2,e7d0db33e14d5d01a0b66fe02124a704256391b9,item,EXTRACTED_FROM
62106871-9adb-549d-901e-5909935f12c1,c6256a62e90dc34e68512cea8788217fafbded18,item,EXTRACTED_FROM
7076b03e-8796-586c-b34c-da67c7523577,afa5b3f5595da8cc4ad990672503a8556a853f26,item,EXTRACTED_FROM
178f4e1e-66b3-5dd1-985d-e7f08e7e65b0,da4d139eac9bfb799e7abf68e0e237498eee6380,item,EXTRACTED_FROM
4e3da843-2c65-5ca8-ab74-c2468fab1950,b5c98870c6c10196c2ca314ca6f7d1e05020ae78,item,EXTRACTED_FROM
46b62808-bb24-53b5-9491-d9d03a12be7e,4ab0e7c4b166be0df0c1940683a2d3e48d75931e,item,EXTRACTED_FROM
1066fb17-e79a-5b79-a9f0-544a4333c76d,3c00364d6371077fc4217341e029cb0495782c50,item,EXTRACTED_FROM
0c9ab866-f868-5afc-a18b-444be3cf5c51,922a9f22bb6de2a72453ad5c1cfead062a3b10f2,item,EXTRACTED_FROM
37adcffb-fdfd-53eb-88b3-b179ad49c307,52a711ac17aee489da60fc4564acbf80a55988ad,item,EXTRACTED_FROM
c4467026-de63-5b06-ba7a-df8cf5ad2b8e,1bd522e28efa1ef4bf023d11b1bc6176a26add90,item,EXTRACTED_FROM
d312f9b9-6450-5241-8348-4d3681774b01,cab12072b334f85b05034a6b9a681ddf175b7a7a,item,EXTRACTED_FROM
eb97fdf7-0af8-5316-ac33-5c1d4baedf66,2fa1aa61023ab541e15df971e22ad954e967856d,item,EXTRACTED_FROM
d26bcf4a-66bb-55a7-b436-7c9b994b9eae,d5702dc661116757882089ea2065687d106d2fb3,item,EXTRACTED_FROM
8a7242c1-b9ac-57c3-aec4-b9ed42100bd3,73835ec48c874642d3f49e5d76c5e997a9ec9355,item,EXTRACTED_FROM
f09c36d6-fc10-5b86-b45d-f1bc16812d6e,daa367a5500ed60479d0c3f13c8765df980e1151,item,EXTRACTED_FROM
967ed336-112e-5186-8bad-9a90233cce0c,fa20bded2655fa2ff40f7f4e0d22f6582834b4ff,item,EXTRACTED_FROM
9eb94368-d8ac-5ab6-82e9-c58149758925,4fa2e6d392fadd3a045efbdfddc9c307a4912ccf,item,EXTRACTED_FROM
ead2ebe0-df67-57a0-8d5b-1eb9dda37240,c97d28220e2522a79df365bad653a7ba2afe677c,item,EXTRACTED_FROM
2e0e7e32-447e-51e1-9d5a-4db0246aa118,7a15b5609ee2277ac9cdef9383983f0780015aca,item,EXTRACTED_FROM
31daeccc-24cc-55a1-95c9-767f7515e96a,e2caad3fd12a793e12c5e41efd66a84d0f0730f3,item,EXTRACTED_FROM
b172c46f-c1bc-54df-9815-2117bebb8a54,0ad3ac4f846b8109a976eb96358513805e76f50f,item,EXTRACTED_FROM
b93c98e2-cc0f-5545-b524-2a643c8530f1,afd8251848eabedee10d0687168a28c8be7e2e6f,item,EXTRACTED_FROM
fe71bb0d-44db-53ea-9592-3716fd980acd,63cc85c8a7b282ea7ea460ce3224a15c521d7dc6,item,EXTRACTED_FROM
93bdf248-781d-59af-b469-4a210f5e92a7,b595ff80b09bef67c0786c542f57192495560bb3,item,EXTRACTED_FROM
72ab50cb-dc5a-5e27-83ce-2669be50c9fe,9fa8ac2539f5985688251a0ae9b82047aa969351,item,EXTRACTED_FROM
d9fe00db-43a8-5b7e-8970-2eef77b23f9b,1ede221f226f18830cbb5159b3015742af1abb64,item,EXTRACTED_FROM
33aef9ba-8a8b-5a28-acb1-15170f8f8112,fb0f06d6ce16f54f952790536ca000a906c5a071,item,EXTRACTED_FROM
1a915cab-d94c-58be-8ca8-28989f86d3b4,ecc6f99ac9bf7ba30e2ae0becfcd6130008f8b57,item,EXTRACTED_FROM
68e025d1-3c76-512b-b80e-6bce50cd205e,a1b9bad8060fdeb60381cadcd327bc2460ecd2f6,item,EXTRACTED_FROM
e69977c8-0a52-5e48-a318-7565978a301c,33b2c85428e0c837548f63c7f491435fe328a1bb,item,EXTRACTED_FROM
44505c41-216d-56f6-830b-4a561681d692,5f9b3996ea3be3a1718470fa996e94b42e8814ae,item,EXTRACTED_FROM
5af6ee00-3b0f-559d-8fde-4ed6422affeb,4df0140541e12aa47bd72174d34ee47515f7c635,item,EXTRACTED_FROM
8f62e816-77f1-527c-a7e5-dbdc8f17d251,ba2647c0c57e94c74e01994dfd5bdf6f3d58f308,item,EXTRACTED_FROM
e9f93aa2-b4f1-5446-ad3c-ed18ceeecb08,2c8d5b606ca8a8fec860fdb4b9863ea8e809dbf3,item,EXTRACTED_FROM
d9c05ffa-1afc-5824-837e-9c4521ede644,93d2c0d3f4b3a5b9a9c5c152da00a62ec2c639c1,item,EXTRACTED_FROM
5e5f467e-049d-5603-87b4-21635d2a2d9e,e5997b61c189ea4a38b911644973955f1507e47f,item,EXTRACTED_FROM
d0bb9de7-1156-54c5-bceb-1ba888a2d313,237e7bef3e9770b3e88efdfe49aa61e8bc8ba3a0,item,EXTRACTED_FROM
d9caea3f-fc13-571d-8a96-421b808e411d,51273789c33fb534005334009c68ebabcebe5e3c,item,EXTRACTED_FROM
23d4b1c1-5d34-5951-af6b-0d809c9c4e17,712d66a96ca27b1b3ecd98d550083cd3a608f0b3,item,EXTRACTED_FROM
22fcce38-a535-56e5-8cb3-6f89a197671a,bbcea9f1011105d3eb9ca9d3c1945167ab050cbe,item,EXTRACTED_FROM
79dd84c4-61d8-53aa-b87f-a1841c656d9b,007b22f65e16abff8dabef7cfc5fa6642264cd95,item,EXTRACTED_FROM
09ecacef-43ca-5bfe-a162-e73e4f281980,a42244f55a31b823554c48d4c56d24f6c6d761fe,item,EXTRACTED_FROM
caab2db4-2278-589d-9b49-130bd54a0d37,d789fac63209ec7dd1e0111f1bdd3f921c8d161c,item,EXTRACTED_FROM
46bb1f60-8d7a-5159-bdc0-1ce11c60f096,ea560fd7733685ad66efedb1cadc5befe1bd6017,item,EXTRACTED_FROM
f50d031c-20ca-5b84-a655-37f294dadb39,b71f2e49548fc36c48fd93a7ae32c840f8932b45,item,EXTRACTED_FROM
d1026f09-7069-50c5-8193-cc098bb5b194,01e4102b8b82d8cefa874a7d8c9ac7980848a658,item,EXTRACTED_FROM
12c1d37f-1206-5d1b-a1f3-4f5542f9761e,78941c2bb419149f01d33b62948a0473dde88d36,item,EXTRACTED_FROM
d49aeeb1-2e06-54b1-9d89-18cbdaec5eec,426899fd3a7de09fb4a0d95ab3178df2bbdce598,item,EXTRACTED_FROM
4a61e47f-dc50-54bc-8279-d6a14557bb3f,7d815ddf0944a73fd52abb32b3d304b41f8e06e0,item,EXTRACTED_FROM
6da7d68c-9a75-5824-a6ee-17800f87b404,c6138d72c9a636faf0964d272073ba496a048eab,item,EXTRACTED_FROM
30324e80-e5eb-509c-9c98-d4af2a08868f,4417ee9533bdec7eacd7854dc94dfa253570c863,item,EXTRACTED_FROM
679c5862-cf8e-595f-9c47-5772aec642a2,037b247d98ddc4cc0ba8b6a4cc811aeca0f1f772,item,EXTRACTED_FROM
8c96dfe2-e0fc-57d2-bb51-6b2ba7fa97da,8fc2942cc5907e0fcd1cece92dba87baffbc25f5,item,EXTRACTED_FROM
7f0da90c-0eba-5499-b6fd-40d827ea13ed,e326530fee9789436f26ec55eeb5472866abc3cd,item,EXTRACTED_FROM
80ff53ab-d4fa-56b2-a549-70b17efeb7fe,04e088db27284ff0d5b4104f524c02cc33857ffa,item,EXTRACTED_FROM
28574e79-e546-5e61-8537-74b66ccb868a,988a746aef4ef897ee6b36c65bcf8ed0145526d6,item,EXTRACTED_FROM
98b94a81-7751-5839-b144-085d2bd22cda,fd0f10ab060b529b96438d6b39367e8b450d95fe,item,EXTRACTED_FROM
7c321d7f-41e6-56e4-afcc-13e427abb200,b419e3e798f7ef5b1d4bfb2f561b2bfe115c2ee3,item,EXTRACTED_FROM
555d54c8-c8b2-5592-a732-98d98aff45fc,0d2cf1462009976db33870e7e49702fc0c25525f,item,EXTRACTED_FROM
042793ed-db22-53a1-b775-23faac7e014b,3c05eb212596f942f58186b25345321a2a23e616,item,EXTRACTED_FROM
9e6edc84-e446-5f87-bf19-7aeb5cd7fa5a,9eefe460781751b159d3c1410308433fd3d3403a,item,EXTRACTED_FROM
f44aca17-7da8-5b01-8285-ae71f323c8d1,ed5b80892c4f147536767da2c0b0a945338016f3,item,EXTRACTED_FROM
d3944ad6-c7c1-57ac-b472-8e2f092482b2,86986c6615b7a924891d01c31f5be184644274b2,item,EXTRACTED_FROM
e0d3ee4f-d5c1-5be4-88f5-eb86236615bb,b49e6ef0e50025c1553b93ce7e8bac6777739655,item,EXTRACTED_FROM
230d6699-c58c-511a-b3f9-8d3e4ff0ea91,57f1dac4c9c6411f7c4757e50f6488b770fc92b5,item,EXTRACTED_FROM
d1b04522-33a5-5762-a500-3670f43756d1,e423872952b8f3e9a3271f9d568cf52e9a4a61a2,item,EXTRACTED_FROM
f086f993-0391-533b-b31e-90afaf3bf7da,ecebf10e224c438544e4a0dcb9f0dd574c923f1d,item,EXTRACTED_FROM
56f24ee5-4bee-536a-b862-d088aa5881d3,66a4e731a961f4af2337f5721aaa2d79cdb8e13a,item,EXTRACTED_FROM
1231ec05-8383-56cf-824a-362c62a21e4e,a696764971dcc608eff93d39879f482ab9328ad5,item,EXTRACTED_FROM
75648bb8-4bd2-5e0d-8171-1c0f9470daa9,4bccc9c8ab9a7df511728be72c7806b415218f2c,item,EXTRACTED_FROM
2d124512-e887-58d3-8021-d4155a88bbf0,de8a0643196966e8145e08674c6e89ada6df617a,item,EXTRACTED_FROM
591ecd69-5166-5be0-a390-23556c6b4203,6d6f546b69c56126b35ab732b971002eab271527,item,EXTRACTED_FROM
370be183-e968-5bac-b2c6-1d703065c3d9,091046cd829b03bfbff9be39717c7e388a0e5e38,item,EXTRACTED_FROM
1815b840-844b-57eb-9181-c917319c54c7,706613f056536956d69ceebca53d3443a26c638b,item,EXTRACTED_FROM
800c1c46-578f-5f1d-9d7d-092bde0100be,9e7f275ee7da59928b1ab4771d7f1a6d23a81cf4,item,EXTRACTED_FROM
15e0e349-c30d-57a4-9ec4-2b10626c0391,6784a5037a11cad43bbf70382e3035e8e8393428,item,EXTRACTED_FROM
ecb1cac9-764a-5b4e-8174-54c2eac2a5a0,3a4b16ce72a9d2b945897057f592caa96c7679f3,item,EXTRACTED_FROM
65d70b41-b301-537b-b9b2-06b1c2d70c95,e0295b8cc524a314a9af9c941a35716ece517e94,item,EXTRACTED_FROM
c83b3744-f06c-5b6f-816a-ca7ad8b95683,4648a811c356d0f82b171c5692398949960c8fc8,item,EXTRACTED_FROM
cd183279-4841-58dd-b256-cef199e7d6c2,fd7d2fbf16a92199d0584b041175683b6bc660fa,item,EXTRACTED_FROM
e87cfc9d-625b-5a62-bcc1-bdeb8391f2e4,3897053d6d3bc221a530dca1af09faa4f0504796,item,EXTRACTED_FROM
1e647f83-3aca-5aee-99bc-518f30f8eda0,14dbe9ef3e9dc2984c61394bdb017f1c47ef5f8a,item,EXTRACTED_FROM
44d5e8e9-4784-5f2b-a4d1-3585de04b11e,06d458ad433e66ddeb5b02f791098c17468b7266,item,EXTRACTED_FROM
ecc0f105-24b3-597f-84ed-5cd2af0f1e24,fb5067ce05a559b0776db020919bbdc1e5839450,item,EXTRACTED_FROM
c0bfbcb2-669f-5403-9ed4-03d96f7b1039,805db6dbf70ccb759cd74dd0d3d39fed43c70b6a,item,EXTRACTED_FROM
c2fca8fe-bfb0-562f-85af-433f5672dc81,7ac72f8c85020f86c3121eceae3f559edcf86859,item,EXTRACTED_FROM
20dae11e-342f-5886-a99f-b6990e82e5d4,142e3ff82d183581e514dfe74964e137573d5022,item,EXTRACTED_FROM
b1389bc1-80c4-5174-866d-8ac1343baf11,b3c5fe2a1edfb4b0764f5df1c1c73fe84da02f3f,item,EXTRACTED_FROM
6b4107d1-5589-5f46-8db4-44b3f70215be,81c265bc73b5b705d41fe44895ef95bd617cfc3b,item,EXTRACTED_FROM
55263bd3-805f-5f12-b8ad-01a744f6a5c0,b2edc305954e590e19bc331cadeccd629f562e78,item,EXTRACTED_FROM
a7466ec5-1dc8-51e4-b24a-4f26cd57a793,d834057e1b7a30d80993a2f092a10a9cce8c4ded,item,EXTRACTED_FROM
d38d5286-07cb-5292-9894-e52c7d98e583,cc0b4cc37624b057763f72ca06fe4d3736444d57,item,EXTRACTED_FROM
18410dcd-621c-5194-8fb4-dc142999827a,7c1c7007bf69cf17f41000bc38360221e25253ed,item,EXTRACTED_FROM
660156e8-050c-576d-97e8-198b5b9f4cae,b4cff56b59ef1fcc527e587d3b75264358a2035a,item,EXTRACTED_FROM
832b16ba-b8e6-5f0b-b337-8de5ac5c87ac,f313b10a9afb448588352f910d638682a90bb0d2,item,EXTRACTED_FROM
149c717c-1398-5bf5-9f32-916738586ba3,51e04573fa73218964afd6065b0ab0871e5b2e30,item,EXTRACTED_FROM
56a5fd2d-651d-5eaa-b4c9-cae1dc956458,eb991d7bc467e64a509f383d10f0e2857c93dcc1,item,EXTRACTED_FROM
aff70c03-bcd1-56f5-8be7-f46e5eff7107,e24dbe316522a4542a332ddb5935f74af5d1d0a6,item,EXTRACTED_FROM
c1eb18ae-3cd5-50d8-9e28-4cd18b9bf7c1,7c66171aaf37754481ed3fa846a87fc457a67c9c,item,EXTRACTED_FROM
aaadbd32-beac-502e-99ce-4e7c873422ba,f0bf3bf2aaa4efed52753a3ea2ebf07c586677de,item,EXTRACTED_FROM
12a1f868-c751-53f9-8f67-27c44129d7cb,5f2e56c0523765c415b9220fc40bd4f46da74005,item,EXTRACTED_FROM
492d8896-fb2a-562f-afd8-43b0f6ab8aef,d8c8152161f110d2368c3c1ca210fc7febc804d4,item,EXTRACTED_FROM
ebc0e5fa-c983-5c71-a41c-a4e1305015a5,7c44b195822977b9239cb8d40e21dd4e8f4b017a,item,EXTRACTED_FROM
079101d1-ad12-5ff9-bfc4-3052253418a9,e402aea7432a13a0b3164229f4d8a3b382f4ab6f,item,EXTRACTED_FROM
7fa1a51a-d2f0-571d-b118-ab3bd984e525,c85ae17d0ad2063333b940339b375a7906915230,item,EXTRACTED_FROM
91557e7e-3b0c-5dc4-87bd-f9d1dc074742,557658ddfb476347d8fc06750190953b0c928a5a,item,EXTRACTED_FROM
6645f018-5b7b-58e4-8bab-91bb0dbfc1da,a2c5387e5d408f5fbe85c02522bac568ba205930,item,EXTRACTED_FROM
e0602323-f7b9-5b53-8308-28ad3b80f3f7,fb43c35c6c1611fd0481a2fd73d7ff1db7164f82,item,EXTRACTED_FROM
e031d787-7403-5493-8ffb-2b6e7926fd61,0e84814cb52eeb2fa1c34fa1c4352bd4ceb9ec63,item,EXTRACTED_FROM
d021240d-fe53-54ba-81ca-45598dc24109,73a08b183099445f55a2a03f62b13f0a6a55a17d,item,EXTRACTED_FROM
f3c1c9ea-06cf-5253-9b1d-9189e9a6e025,424c81f78b1ad62d3521a12396ce0932769a6838,item,EXTRACTED_FROM
30e7d05b-b365-5816-a9a8-9a206dfa7c0a,423027cf2801699d242f8a21815511035ec87dd2,item,EXTRACTED_FROM
db1430ed-ae89-5476-8c4d-698cd1f4047f,f7a8598a361319271d66952c9528a20f7a2f1662,item,EXTRACTED_FROM
49c61f8b-31e7-5503-a0d1-111c878ffaf0,5f7c14f684e9841824467e2c1f6f8ecb0e99b14e,item,EXTRACTED_FROM
432af9fb-d5d1-57d5-afdb-889e33b3ab82,9222ab7c42ec0b1fa3939a6e77c7ce050e9ef9ab,item,EXTRACTED_FROM
1cc68ff5-6543-54e5-92f1-9504acac2b39,324aaf832f0f999d69b05681d214c2b376775c16,item,EXTRACTED_FROM
d361822d-adbb-5232-84b9-8d2c593830ac,012ac1d4cc4a8bb880f6a9a01eb13c4ac3a29e97,item,EXTRACTED_FROM
42a2134e-2216-551f-9ddb-46d7e1bdc9c2,aa57a8509b5151f0f20efc36ce8292c9244a3234,item,EXTRACTED_FROM
7bd25754-b78d-5698-b6f5-08d9366a3d94,51ac530af59ca7506c56f26a26ac5bde2669b073,item,EXTRACTED_FROM
461f6b16-b105-5778-a61e-1fc3a2233bdf,1ed3dfdccba39da269f81804448ffb845c7865c9,item,EXTRACTED_FROM
ee931978-9167-5fe3-a90d-ad6c1591b7cb,f20d670c90320ff3861bbd4831a4b51b2c039c2a,item,EXTRACTED_FROM
da73022a-cfdb-5848-bb86-59a7fd8a5e16,69051c6494db04fff42599c0c96c478dd0644f44,item,EXTRACTED_FROM
1c820936-d365-5e19-8a97-6ee8245c6154,2dbc7aeed40693689fa49f437bfff406094dd0e5,item,EXTRACTED_FROM
c888d27a-c610-55bf-98a6-b497c246a635,dde6cb799a586e050255b05fbfea4b12637f4f46,item,EXTRACTED_FROM
c49f722d-f43b-5aaf-a191-85a86de447ed,7f079c2522d299380778b875d306890b81e6b6af,item,EXTRACTED_FROM
3bfa544b-187f-578c-b6f4-0923e59334f7,007b8cf47e1c91c240ddf8aa0741bb2524409178,item,EXTRACTED_FROM
62eea929-8333-5945-926d-9ba5a4c057e4,a9e4ab5e87ec0963c7af951faed6e99f4c65964b,item,EXTRACTED_FROM
cb711bc5-cdc5-588e-ada9-b62d6e4886bc,b7c2bd26ba6dee0758b1f4a4067296b96ac92661,item,EXTRACTED_FROM
21e4085d-5d0f-5905-b0ea-b89be74787b3,270ff7fabc09a74e86b9097a3177669d09ca2171,item,EXTRACTED_FROM
c81adc8b-d293-57f8-8473-58ea08eeb0e0,dbd72f522b4f4d489e49bd716541107ed713c43e,item,EXTRACTED_FROM
ffb17927-7da4-5bfc-b33d-6c3edcbfcfbd,a56ca09dc7e8d28049656f1e7c95e35e721f270f,item,EXTRACTED_FROM
af27d829-e80f-532d-bab5-d1e6195cc0e5,92a2331da433272692368048925073377467821e,item,EXTRACTED_FROM
9bc20b3d-cd77-5c09-8a42-2c2127edca1a,28db29a0f2e984057eda03275ac519105772675c,item,EXTRACTED_FROM
9b6968d6-cbcd-5de7-ba20-d85300005df2,a1aca66d8bef4d11fb2d47971475d6ca33a6acd0,item,EXTRACTED_FROM
14eeb379-451d-58db-a69d-ce0635334da9,1085c76b8c16952401dc085c99637071ec62acc9,item,EXTRACTED_FROM
e339ef43-ea5c-57b3-bf7f-1b60c308d449,e118ed59903f2e4b5929073002238585a0514e80,item,EXTRACTED_FROM
78aca09f-aa8a-59c0-b831-2e5dd6c012f9,d29716fc9a759e41e9a9a8317ca29aa21ec147eb,item,EXTRACTED_FROM
88068103-cb81-530d-b6f2-927e1f21c0c8,60f5d1098e20b3ea3f1015c7f29772669551a43a,item,EXTRACTED_FROM
7e6f1195-0e45-5698-825d-6e5540d65bd1,f196c949ca6c045587865a75810a2a2bdc9fb2cb,item,EXTRACTED_FROM
60449e5f-1816-52a0-b574-74e3ac6ff58e,483eeaab36e61e20040d2db79b9548562fc61694,item,EXTRACTED_FROM
14e48ccb-8220-5210-ace3-c46727e92fe2,d4510d9a31c80d4c55b85c9155b10b46a1ff1502,item,EXTRACTED_FROM
9da38aba-5567-51f3-b2bb-12fd98b1e3a1,5473f4d1a7202ad478de3d4370f9fc22e09c4b51,item,EXTRACTED_FROM
f6eb762e-d563-5f61-a635-e8e57ef621d3,5e55f4358812d2e196aa367f6ba2e7aadf9c1875,item,EXTRACTED_FROM
3d98d5bb-a184-5cf3-9d77-b29174beb984,193c4e3eb272483aa60dd5c4e213003d88c8fa39,item,EXTRACTED_FROM
fbcf20de-6fd3-5877-a6e4-22e9523f5127,15ea31e5e748c20df63fa804163d96b10cc50edc,item,EXTRACTED_FROM
a184945c-2308-52c8-afc6-60d677a80221,44a7f7ec97627e68441617c414289f1f91f95caf,item,EXTRACTED_FROM
2ab668e4-4e88-5950-a574-bca3663188de,daf3798aaa7b809da3ddb1e6a63bb908eea3281d,item,EXTRACTED_FROM
062b1afa-d42b-5ba3-88be-23ff8b7c8cb8,b4cc37be611e89a29bd14a629f75481c06b928cb,item,EXTRACTED_FROM
ee7c1956-600d-5328-9db8-ef433994cea3,7953019f05a2ced51834905f4c01b4490d5ea4ba,item,EXTRACTED_FROM
f6938ed7-4184-5c07-8ac4-3cf99ddbae0f,f7aab21bb462032bc9fb24ffd76c013c1bba6f86,item,EXTRACTED_FROM
cce21d05-1b08-5fea-b061-4c27974ee459,6e30e90dc87a35631b73c72925bbb9ab175d0a0e,item,EXTRACTED_FROM
8709bb66-1428-5db3-a925-267454bf5590,48ec1d0d11167397972a41ba97f5afa55160bdcb,item,EXTRACTED_FROM
b1106ee4-333c-5033-9636-96afbb5c8f72,2d7bc44d6f4bfed906594175d211237f54f04c33,item,EXTRACTED_FROM
3adf7dcc-976e-5971-81a1-5a8530cb9676,77677f33c7821dbea449bf9df5127ae83e0b7f51,item,EXTRACTED_FROM
6cc3ff53-834e-5af0-b531-91f671d9788c,db39998b1d2ab935cdccea7ceb5e7471e5478bc3,item,EXTRACTED_FROM
1e1720f3-4d70-594a-a714-e95773238ba9,133b34ab227fb9e6c0fc1d68612b2abdb041f54a,item,EXTRACTED_FROM
0ca1c74e-83f8-5151-8c18-7c4323a7b2db,5613916e22bc31979f32c31e1b335f7112b97966,item,EXTRACTED_FROM
99237be8-7772-54ce-b80a-31ffeca3039c,ee4c6f6baf339503410758bece4be5fbea889986,item,EXTRACTED_FROM
b3d93d20-b5ad-5712-88f2-abef94f089e6,0056c8779809df4d474f2cdcf213ff7b6a515dfe,item,EXTRACTED_FROM
6c96a169-3198-56a2-8b3b-468865f1485b,aa2c57172a80603346246134d412084edad88f16,item,EXTRACTED_FROM
ed5178b1-46da-5856-98cc-6fd3d722f3e1,cf8ca857d809e33f037256506d6a31b2827b5c79,item,EXTRACTED_FROM
c8e1deba-b126-57fb-bfde-40e8a0c7850e,a63f6ce422173210bd13a4ca5fa31dfbd1d586f6,item,EXTRACTED_FROM
7b8eb3f7-6f9f-5c78-a511-f0a9ed71dfcf,9b5ed41d99e7a66c41ee1b4246230ad737c5d5b4,item,EXTRACTED_FROM
433f085d-173c-59ee-8804-6f8584a35e3a,1c1d0e79ccee120624fe5e48fee46c33fc3c913a,item,EXTRACTED_FROM
2791df4b-cc62-5035-b3bf-9e0712d78375,3f23285a742925671b740669557e42c076cfeba9,item,EXTRACTED_FROM
18c95de9-a01a-58f9-9e6f-6d73ce208d1a,f79d0a4ecb21ec4c2fac2fe4201723e5e05b7a9f,item,EXTRACTED_FROM
d45726e6-2ac2-5e1f-9271-03a3a574a250,c72725c5e48031bbf7d1d83db1aad8f093c05d01,item,EXTRACTED_FROM
8d98dc1e-31d3-53aa-b883-b26621782de8,6e94427b228604714a1d00c6a9ffcf876db651d8,item,EXTRACTED_FROM
1f13226a-aab9-52e1-a55d-fe13376145df,42f7b7698a5827149a6a7cb10b05d0bd9ab1b889,item,EXTRACTED_FROM
ef6e3562-efdf-5ac1-a1b7-c4d560905442,aec68b5f9732aa0fee7fe746e9f1ffc55633d270,item,EXTRACTED_FROM
b0a9cf4b-9a3b-5cb1-a529-f2e1bfcda6b0,c4219edb642dcb02183264b43652303e2a3851b6,item,EXTRACTED_FROM
12787aba-45da-5de4-87c6-57b2d5cec85a,b1bf9629c7f29fe8b8e43c42123dc5a163b90a26,item,EXTRACTED_FROM
85ceca3c-a9b3-5b1a-b1c4-898d7dd3e4de,935137435e073f629ddb423f4083a56d827d1577,item,EXTRACTED_FROM
3f8b552d-78c6-5700-a190-aee1ef882e5a,e2438260dbd37bdceb3ea1abb133dd305bf7c0b0,item,EXTRACTED_FROM
19b9534b-bb63-5d3e-990f-1626cdfae0cc,25730d8ef5fe0f43fece9a7731e6460f4a4b238b,item,EXTRACTED_FROM
b5401831-0204-5ba7-8007-2bebe76333fb,42cda5d1fa87094135c0f044d8a18673fbb590d5,item,EXTRACTED_FROM
622b7307-447f-5fce-a475-f8955148503f,e83058d9cd94bd45646a8a3d1c45ae3cdf9fc1fc,item,EXTRACTED_FROM
617e06dd-23c2-5d22-8fba-0ba429273c9d,a937275d56fcff343b9527e50dd996508fa09528,item,EXTRACTED_FROM
e6c3e4b9-7c59-5b0a-a18e-f8a90a9c339b,70e73ec2e2742f5a67784442c2f15e4da3ee1581,item,EXTRACTED_FROM
e0d6e67d-6880-598e-9dba-37a32061d902,1cf5709afe0134f300552267067dd30bfe9e1126,item,EXTRACTED_FROM
150af11e-6b02-5ca5-aed6-dbc3c55ae705,8d6e38f33385504d95cc904cc6e94d0a41114900,item,EXTRACTED_FROM
7cdc2fdf-88a5-51be-bfa0-79ca737d2ea3,4b68c0df58f7f9e777371983d62330a73a15d1d0,item,EXTRACTED_FROM
e34cc156-b847-5248-971a-86db80c3bd0e,cda86557a5369af8c6d84def72a8eb103faa054a,item,EXTRACTED_FROM
9fca354d-e65c-5648-9b9f-c39814458595,2bb2dc24dae4ad143ec458d99a666e7a42061bce,item,EXTRACTED_FROM
e6ca24d6-b648-5ca0-9745-a16db3d59dcf,7097dc82d85471dd5a47f193d2abd7ac9919e44b,item,EXTRACTED_FROM
1fd0d436-fea0-580d-99d2-cc7842487e9c,559ffcf34a54781551214b5efa549cfda45a6825,item,EXTRACTED_FROM
448aab87-3dec-537c-9dd1-c7a56b6b5715,5dec6b3713ddf6b8e28c9273a7b5054064b27306,item,EXTRACTED_FROM
a36308e3-2717-5b48-8a57-a049a15063e4,cbe8f15fbb2655d26e5d2ecec4fd83b55308291f,item,EXTRACTED_FROM
2aa9c88c-3492-55b0-98f9-21ddcb9449ac,7ab7dff8f34786a7614ea2f4c185bec60df55f23,item,EXTRACTED_FROM
0d7c2b16-e17a-5b73-949f-11cc077da6cd,cab87baf44fbd67627b84885284a4ed50886efd4,item,EXTRACTED_FROM
39310b4f-44fe-5dc9-82a2-e83d1d3b749b,d385889e668cd4c4edeebdab64dc3af6516e4084,item,EXTRACTED_FROM
c48fe797-cdee-5e11-b758-e10fd5b9db97,e7af7489e2d76d16b8d45751cdbbed3e56ef2892,item,EXTRACTED_FROM
bf5d249d-b2c9-52ff-b6be-18b07fd04cf4,92b2b9d2efea4789e7b9ece13d3910d319972d72,item,EXTRACTED_FROM
2728c24c-1a61-5baf-a715-b266c97131fc,84cd5e35ea80e35226106cc8a51d85b597fa4912,item,EXTRACTED_FROM
b6f334f2-b2c2-57cf-ac7a-ec24632e0520,57b267d73ac038327da8322f87bfabb9fbd6bc79,item,EXTRACTED_FROM
29ea7cd8-54f3-5ca7-af57-3766825bab21,9d749a3c805c366a7da4f62c6a782a516bdcaf87,item,EXTRACTED_FROM
d704232c-9a0d-5050-80ee-a84151160770,1bc084ed8725ef544e767fabf6f8109891553e08,item,EXTRACTED_FROM
694ddae8-c3ed-578f-9605-21bb5b440486,140dd11d5a5424d41c896d9b0e1a07a3f5864564,item,EXTRACTED_FROM
2bdb7c2b-a77a-548a-9201-c2299b867159,bd1581d1b2ccd5eb6ace339e457d861a7d05686c,item,EXTRACTED_FROM
3a1aacc3-1240-54a2-86f8-8ea0f59d4052,cf37d28638f96548ccf15d41dabfe2af1fe77649,item,EXTRACTED_FROM
47908406-5c72-54df-98e8-3001a0abacba,881c660aa8dab382dd991f24001973c61c12d82d,item,EXTRACTED_FROM
1874667d-b5a4-5353-ad47-a8111e869bbe,7967f18c267427e5e5d62097ddfa874a43d34b51,item,EXTRACTED_FROM
e941b57e-4cb1-5ec9-b13e-6908863ee218,a1de64acd20df0672f836fa7e7319bdc17aecf05,item,EXTRACTED_FROM
0895e15b-656c-5b30-8b53-70ef978347c7,4de7f09d6865536b0de59584161dbb5dc3cb99ce,item,EXTRACTED_FROM
291188d6-49f2-559f-aac4-5f315b224842,90a7b9d0415634c47f46a8d61e1bf1fcff9c83d6,item,EXTRACTED_FROM
5116e6cb-19bb-51ce-83d2-79b28fc1f169,f29314fbd0ac48a2861992398be3ebb791aac2b7,item,EXTRACTED_FROM
b3ef7147-c0be-5ef2-8cd1-3ba680db2c8d,91bb49d529f0065b4dc0d5c0936d2f46661361b7,item,EXTRACTED_FROM
d896980a-30db-5d47-a8e2-47a87e9ecdf0,6b1ea39f98e2203f3b84357880b9311ee139d22e,item,EXTRACTED_FROM
9a0bb0f1-b7ea-5369-bacc-d8da88ff222a,4803bf5ca1c1434f9e834336b5f7c0709ae630fd,item,EXTRACTED_FROM
60f507c5-349a-566c-8fd5-b0724076e971,94b4e2c8bdeef6170439a403cadc4e57e6380ab7,item,EXTRACTED_FROM
30103736-3ce5-53d3-9ed1-1a466f4cf8b3,18c6dfc1542391c21baefc74c2cacb1c27112e31,item,EXTRACTED_FROM
a25cd9f2-f9cc-5647-b7b8-1338cfedacab,59c83cab1f0a399a05a2f57eb8935fbf51dc7157,item,EXTRACTED_FROM
c7fa4332-d8f9-5c7f-965f-0db965895463,c9772c28d03c378b846d14b1cfcfb762ddb11623,item,EXTRACTED_FROM
e23f28e3-111a-5a64-bbbc-fdb7a5e926db,66d68db68953eedc5ee81047a531cfcaf84419bd,item,EXTRACTED_FROM
b61aee4b-c813-5c41-a777-163f7cb1f600,4e8a0bf1c79e6592f4e2b1d39c79a4f2e2c1b6ea,item,EXTRACTED_FROM
ef659ba2-5b0c-5fd2-a875-df7905924437,df71aeed11d752ac9842f208b809fd5bf7cd9149,item,EXTRACTED_FROM
daea89a7-8cee-5ea0-b078-f69a3e5d2acd,baee84b82877215a2aac764cdda213a3315a9afc,item,EXTRACTED_FROM
70a2d8d4-1de9-5649-be22-4a9b72beac22,9af70995bf1266b8b3c629766d893a5d9b518ffe,item,EXTRACTED_FROM
8f2f6a7a-8c4f-500f-9edc-4e0372650373,bd3cc24a5ea5e81d22cbda9c317269761eb7aec0,item,EXTRACTED_FROM
25ca063c-7d1a-54ef-a663-7393ec7402fc,999f824060275da5c400f9b401dc8bf2eed8ac66,item,EXTRACTED_FROM
040e5a11-1cc9-5cde-8f02-4d8e732eb581,d3e41653374596d8a0addf6327eccde1f57e8bcc,item,EXTRACTED_FROM
46a11c02-f791-589c-94ff-73bec5c410c5,01b2995aafb4e59a86b66648240486ad5d770caa,item,EXTRACTED_FROM
7adf74a4-d9b1-55c1-98c0-f97d31a58ac8,a7e82b7d75738607c8cef2919812a3028aca5b8b,item,EXTRACTED_FROM
ea75e432-ed68-5e7d-a46e-5bbb8695e1d1,f8dffc4bacd6640418917775af8c9519708c8789,item,EXTRACTED_FROM
5e6e3b94-8c2f-5b22-ad61-b325b0926720,f83370851831e9a6efea23306f98dd5a65ab81dc,item,EXTRACTED_FROM
3d70cf5a-e161-57e4-8d39-19816d5d2fe1,6786c201ed1a3736a0e57b3bd2fa1102da196447,item,EXTRACTED_FROM
5e2c61c8-aa89-5bfe-af66-67d86515bd4d,9fec8737303e8f457223e7b0694ad819c76125bd,item,EXTRACTED_FROM
9e618ad0-e8ed-5e46-8567-1b307174f08c,9117674b5a345b99ad318d3b6739a5a2819f49aa,item,EXTRACTED_FROM
015a3f54-c451-5a94-ad1b-264df2fbb9a9,4526e56e8742cd0dea0d244470a55a0ef520151e,item,EXTRACTED_FROM
67696b01-d7da-5456-b42e-30757a1594e0,d9c87d9ae42850a66d0fbb57a9c70dc63eedff41,item,EXTRACTED_FROM
f7c3b6cf-533a-5c8b-9c0f-a6920b11672c,0aecd47d38ebbac53cd48a942fe4251b918deed7,item,EXTRACTED_FROM
948ebb6a-3ee5-52e8-b4c3-0b76a3f2fb03,31880d27b3a26aa30f5454cc0167bd45c578e249,item,EXTRACTED_FROM
704a7959-b167-52fa-a689-cf40b996a53a,7093e3449ed6233df4d0619e9cc24315947d06bd,item,EXTRACTED_FROM
41cf5f79-beee-51d4-9e43-72a0245d207e,985b70360f7b1097a92309e5abf1db50cc56b8b3,item,EXTRACTED_FROM
7c6d33eb-c0cd-52d5-ad18-2373d9c45d2d,22487bb183812ff13b5814f3e733c9a9474384d1,item,EXTRACTED_FROM
76b454fb-e5db-5ac6-a86b-7e21f8820840,b6dea2bc5305740aca167a4a117851a95355a856,item,EXTRACTED_FROM
3f2cf91f-603a-5502-a554-640354390fd6,009e8bd7e7159d8ca9acc530c157978814428660,item,EXTRACTED_FROM
587970c9-3838-50dd-84e4-30aaab282a94,d9215343bf596932c5f45975fabd23b2a933ac1e,item,EXTRACTED_FROM
5c9b6a73-d729-56cb-b900-5958e79d59cd,ed5df85f919147b8cb1a64ce434926355d8bc3d5,item,EXTRACTED_FROM
81cb59f5-422f-5bcb-8b40-bf95046ee53c,4cac028f8be09b46b6370d7d7f0f56a9f53f2b2b,item,EXTRACTED_FROM
5f605c60-02ae-5eef-b4ea-3ed5e3908598,b7d5f3b21c3190ea0e77658ac9deabfa7decaadf,item,EXTRACTED_FROM
e5143048-62cc-5457-884f-743a500dca3d,f9fb4348e8bfa2549f5522eab89c060a322a993a,item,EXTRACTED_FROM
c8164974-c2c3-5878-8737-733100ba0fd8,77a66a2d213303426d83f7e7690b1c86af0029cb,item,EXTRACTED_FROM
b8ba08f8-628b-5b81-b60d-21e0d62f1c5f,b569ee0fa3fdfed2da30a27e5d56846d36faeb04,item,EXTRACTED_FROM
717b4afe-3f71-508e-a294-d654e40ecc31,ea97e336a6516e03d0ff793d47e2aaa5881a67db,item,EXTRACTED_FROM
5340e7a7-7228-5b7f-b258-cb4d8fa57881,b77cca3e117406009d69394147e2cd03f13bd855,item,EXTRACTED_FROM
135cfc0f-48e7-57f1-b3bd-df0151f9e307,a9265ddb321c5c56914a386da678a8e38c77902d,item,EXTRACTED_FROM
b1bffbf7-dd96-57f4-a75e-4ae350b98c27,c27733302d2e00660ce6ac49c07796ab36f17f59,item,EXTRACTED_FROM
bb65ea55-bdd9-5c56-b867-7796d076812c,b8954544f465d8d266ad2c778414ee2c9bce5b67,item,EXTRACTED_FROM
e3d18a9b-a1e5-5d1c-bf8c-447abf02152b,90ae1f246c31ae72d939342f4dbaa6cefdc5ea70,item,EXTRACTED_FROM
cdfc3b6e-038f-517b-977e-e993ffe3cfb1,839fd68a21555f25e0fcdfb94f42204ecad98fc5,item,EXTRACTED_FROM
65c20168-ca93-5d23-88b9-8af58b45e997,00c298630875c653bf236cb9b4ee496f9f0d4d56,item,EXTRACTED_FROM
dd4571f4-9609-5e32-ade7-c3cca894cc61,f5468e61a8453e073d16c42655cd56ac73856196,item,EXTRACTED_FROM
607a0ded-a91d-513d-a557-8bd0d8d7ff6c,e812c434d1c5ed1992ff0f6f3b93927fc0873805,item,EXTRACTED_FROM
9a38b8cf-fda6-5d99-b0bb-460f0d0f4ef3,53e80d0054f15fc15f2a39b2860d0ed4004bcb97,item,EXTRACTED_FROM
72d666f9-637c-55dd-a917-1c2fe6627225,effd6ff789b07982ae670e6d84e2111f47a6dd60,item,EXTRACTED_FROM
fd2827be-e39c-5107-82a5-aa5a4571c07d,5aa4ecc53cfba4d94b40ec04cc81a5972a79c298,item,EXTRACTED_FROM
4cdc55b6-8d11-5f25-8411-0beec25c941f,690b7c9abac738e7c9193d6e0e56ad345a378d5f,item,EXTRACTED_FROM
34d4175a-abb5-5bc9-8fc7-432376d0f101,b30e2e72a531d526ddad234eabbf852eeb1667ae,item,EXTRACTED_FROM
fcfb778d-e6cf-555e-b902-73b19b916aaa,6b9b49ce45ab72ef42f88df31e9c4f03054f917c,item,EXTRACTED_FROM
7f15704c-19a9-5c24-98c6-61152d47b291,ca71d29ead1907e212f214024c3d52361ad574ed,item,EXTRACTED_FROM
b834e994-234a-59af-afd6-dc2ee7eee331,bbed175658010bc5b1f85c2f124558ded6fc032d,item,EXTRACTED_FROM
12695386-9125-5b37-828a-6f00384c4fe8,b9d93071e3e8e13c094f0fa30d4cd534bff84761,item,EXTRACTED_FROM
a05c2ea8-30f3-51e9-a7f9-33ebd121de91,c283aaa3dfe4c89b8ba32024c210774da53ee81b,item,EXTRACTED_FROM
30180465-0549-580b-ae45-39bad2bfb2cc,b58af58fde91768afc75e5ec1efa55ed7994fd42,item,EXTRACTED_FROM
fda75454-247c-5fb5-9bea-f5770a0e02c8,f273704d8eb926d9a909127c2011c1a3e46c4140,item,EXTRACTED_FROM
630e3ee7-3cc4-55a7-a09c-99d1653334f7,3e5935bd2f1e2d817708d13254912e63725453de,item,EXTRACTED_FROM
c946eeec-c59d-5c12-a8eb-e7568a753c38,3abcd0d289e5b36620f148c39fe5953408c78e49,item,EXTRACTED_FROM
70b1313c-07ea-52ee-b1d8-3f4c2fd034f6,94821bd019d712aa78835750bc4b579679ed14dd,item,EXTRACTED_FROM
89a12095-4fb7-54e5-8f55-c330e493d865,596961db09bb42132c3e63d7250b3c2e87827223,item,EXTRACTED_FROM
09bf03a8-a6ca-5196-87dc-80e8aa2b2f40,d94f7c4d6bd6c64133efe57c7d07f21ea74384da,item,EXTRACTED_FROM
7b25ea20-efb3-5a2f-8cc8-602874c50ceb,b6cf17c75ab244f8b2b436df93b10d0c7d580b7e,item,EXTRACTED_FROM
740eb8ea-bdfb-5352-9825-e3b26abf0041,5ec85c2ecafd86812c8ff18af3b2be1efe9ac347,item,EXTRACTED_FROM
311b3c2b-766f-51b1-bef5-2c3a1134a953,84ad64f9ed649f734c9f65d59435f0a6158f09b8,item,EXTRACTED_FROM
1a566154-2fa3-50f4-8ff7-525bf0f2093d,d47d5033d91a3514073f4b43e60036037bc8d017,item,EXTRACTED_FROM
09e95d70-4b12-55e0-a526-4aecec2c0d53,93aede006ae68cd95c216d7bebf296a7f698c37f,item,EXTRACTED_FROM
c8a901ea-2b31-5c85-9ab1-bbf7d085f902,2422a8078cb802c5fdd476d45db6951dc980ffc3,item,EXTRACTED_FROM
3200cf62-8d4c-571b-b409-57eab01e4705,7735c60877cb80bc3c789a51755a6b5d33b68d08,item,EXTRACTED_FROM
991465d2-0fca-5455-89bf-f96700fa864f,1e20f0b8e17b5d0106ebec68871fbce8420b5dc6,item,EXTRACTED_FROM
27826c89-00c6-5a4d-b67d-2aabcca8521c,43f83acec154cd52e178b3274d2df45225312db9,item,EXTRACTED_FROM
3b3640ce-bcab-59fb-86be-3c76c96970d5,d85a3c80c31eef6dadb7aa1fabf361d9eca16933,item,EXTRACTED_FROM
28e3254c-eddd-537f-8b67-eb4afe7c8c09,912cd7c52156ff6bd39223c4dbec463355f48a95,item,EXTRACTED_FROM
3359f2dd-a810-5a40-9fcb-8ddcaa7c5261,3d31324b9d0dce7a78e13c97b2b1bf4082569cf5,item,EXTRACTED_FROM
eaf82fc6-4e9c-573c-892f-8e2f835b64b1,d3feb9a71e2d451aac6c3af3b5a84432553bcf6f,item,EXTRACTED_FROM
c129697b-7d98-5fba-aa4e-86178c0797f1,e612473c0c448071093f82ca7c4417db4957c35b,item,EXTRACTED_FROM
148b977f-83ae-5b1a-8b4f-3cbe7f02094a,64542360e5349cce2e65f65f07f54076b97d437c,item,EXTRACTED_FROM
b60958d9-7546-54ec-8fed-fd57c2f62580,328fb6c31e7ac0dd18536d7c28e3f348f3042efc,item,EXTRACTED_FROM
9b8ea242-429a-5944-b381-0618c5aa9776,7c6c7e423d60d11fd06a60c3e3185c0324bf9daa,item,EXTRACTED_FROM
2a0acb9d-c6b4-5d7f-9762-fc89e7a0e7b7,a91f0c6271aae4821adac45444e4aa33b9ebc788,item,EXTRACTED_FROM
d50b6a2f-73a7-5c9b-bc83-5be1f6a4c3cb,eb38a27dc1985832bfc32dd403bfc70db9193d6c,item,EXTRACTED_FROM
cc70b167-19c9-56e6-a781-dc89db217616,dab16ca7d8c38b4f8fb2c89c340c1f7122aa8d65,item,EXTRACTED_FROM
81b8584c-98fd-5f3c-b52d-0a76fcaf49de,097e6d6dda29fdd9783977044507ae2332bd51f4,item,EXTRACTED_FROM
f7b6c60d-bea2-5af8-8506-300bb4dd1294,ba614de509f5e53e2e0fd15c5554cc0df47ad90e,item,EXTRACTED_FROM
cec2ef3e-ed7c-55fc-856c-a0214ae9bd73,d03301684ae4e311eb9e843a98d9d22f14154599,item,EXTRACTED_FROM
6425a51a-fd55-58bb-8f80-13f1a853cc4b,830cb0dc597dfd0e72fd0ec29fc9885e7f3d913c,item,EXTRACTED_FROM
d245455e-de89-522f-9e13-e883b2233447,a19431c12eb846473e2ab3f63134c0b59a259277,item,EXTRACTED_FROM
52eb1e5b-86b8-518f-99ce-4da88172c208,24a0537d107aa620f7457e68730094244d6606ee,item,EXTRACTED_FROM
4168a764-d4e3-5024-bcdb-a9de93e8d51a,c1f9f236b9c3c5e0696d1e5def3bbe599d2919ba,item,EXTRACTED_FROM
29d2e62c-2f54-5f94-bc4d-5d9d852a5eaf,50236347520df8f5edcb628ec3e52f8f0aab4643,item,EXTRACTED_FROM
da7453cd-ee6b-5fc9-bc9e-eb2c064cabcd,70ec6ad2aea66d0126413eeab0203994d7b8cc57,item,EXTRACTED_FROM
9481e436-110c-536d-8fa2-fa5f93cd9827,7d80671fbc0a627a393c366fa1406aa58499ad6b,item,EXTRACTED_FROM
ed0b96d3-2a93-5e5e-afcb-2256e0cf31d8,14817471500f9a11361655ba7723d5b66b2cb4fe,item,EXTRACTED_FROM
0c74dde5-07d7-5ead-a56a-5af63e9de152,ff46ffc4a79cafcdf60beeaf7104c0466a495b0f,item,EXTRACTED_FROM
2a21f2ac-2f94-55cc-aed5-5a18cc8a92ed,f1da88fa0ec7616a8d2c72c780ba20fe7273dc5a,item,EXTRACTED_FROM
ee73d4c4-ff53-59de-b3b2-7cf0e6aac78d,763157c780262959c8b21a2c26c8068b723f8a96,item,EXTRACTED_FROM
cb2b21a9-e19d-55ed-a346-967e5cf537bf,24e27fdd7be93b6794c8433c5532ff458fa02915,item,EXTRACTED_FROM
7177f7f8-096a-55ef-b6b0-db587ea9ab0a,9416bcfe221360f39b8197fdf1c916d66dbf0b30,item,EXTRACTED_FROM
4bdecc0a-394c-5ea3-8450-deed1ac088da,902e9fb1d7a20317b9fee13baf925b97a435b710,item,EXTRACTED_FROM
7a2c2beb-6bc9-55b6-ba07-31e0e0538cd2,a3c52d9f1ceb35e32910d532d9b5826c4dc59321,item,EXTRACTED_FROM
17333909-162d-58f2-a77d-e055abbca530,dc34a656860894da7e64677a6e0de168b7e224a2,item,EXTRACTED_FROM
c8b81b44-5515-5da4-a4a9-a31a72fe1fa4,69084b6c57a327dbd9ee82b605fdca8dfbe88c45,item,EXTRACTED_FROM
b83afa82-cac9-5508-a2df-dea8f221d80b,8d165b719d01e5780663a98b270194fb57fadbb8,item,EXTRACTED_FROM
122b20c1-a899-56b4-8e93-89bbaba61b55,39c870675d9fa41e3f441433bf3515342f66804e,item,EXTRACTED_FROM
c70a6fd9-8be3-5926-9a9e-1599622059f6,55e18f5bd099639b82de41ec01918b0fe5a23f4e,item,EXTRACTED_FROM
2b45d9b9-ffe5-55e3-8a6e-ede1669c5908,49349e834948820203d42287a0605b7f6d682ee6,item,EXTRACTED_FROM
a7595ab4-5166-5f1f-9b45-908b4bcc8a40,cab8dd8353405c88ec051eed5ba8e33dd521f477,item,EXTRACTED_FROM
f47522ef-3604-5258-9a0d-d620c310547d,4cb8a3d8a3f83fa43bc3cf5e1adeb7e4a9c10713,item,EXTRACTED_FROM
d3b030cf-5da6-5984-aa96-a000b4dffa8f,1eb194d04a5950f59b6693c51449f1c09481aa35,item,EXTRACTED_FROM
a0fb835a-23d9-5c1d-8d4b-5c0d6ff13c52,cf64c8e0ee702148a2842f1ddebd20aebddc22b9,item,EXTRACTED_FROM
5a8b62fb-e3fb-564a-ad41-744185435b31,e838bfe3d7bf5b1b7501e65c075b5f32f5f6e0c6,item,EXTRACTED_FROM
6f5ddbda-8fc5-5a20-adca-971ed0a8a377,948d8f733f0a4b1d55ae735613409b4a92d7c5da,item,EXTRACTED_FROM
367f692d-7b32-5f13-b73f-8e8c82ec4294,6175366b14e30e0226f669f8416d19c4b0499866,item,EXTRACTED_FROM
e70ef5ea-0c3f-542c-b189-1c402774d9f1,e62d4fcd33f01cf0b64fca9939ad3171efc7fa9d,item,EXTRACTED_FROM
ab984afa-42eb-57b9-93ce-a77b8804c8bf,f2b7ac5671f06db0e4779d8cb626ffabd187efe8,item,EXTRACTED_FROM
f4c3fdc7-a61f-5219-9d70-83372e2ced6b,a9badb89baa53a1da16d8ad5a8e9c8ef2891f890,item,EXTRACTED_FROM
5104d189-746c-51f7-9eb6-17b5fcc01842,620497ca2560b1728a3198965677a8ac91dc0f8d,item,EXTRACTED_FROM
9001230e-68da-53eb-a1b6-ac99ccdaaf77,71839f5650811b8931dc7020a9514da5b104bb34,item,EXTRACTED_FROM
5b05e732-47f2-527d-a1ef-cddfb63d21c4,beb65bec608d82efd71385d0ba9ded753f655a56,item,EXTRACTED_FROM
a0832bb4-692f-5048-87e0-1dd8189a34d3,3c33ab2b3a15b9cd38c47f48c46537ed1446f296,item,EXTRACTED_FROM
936006b3-5d47-5a69-8efb-93fda05f2fab,a7e20a95d26cd4cec87dcb5c7d4940745bd7d5b1,item,EXTRACTED_FROM
1ef9d173-76f0-5d1b-a03a-954cad6c6dd7,24c431803f991b9210b75bf358273c0408a9cb34,item,EXTRACTED_FROM
340b680d-ecf7-5392-9845-2912bf43597b,8b1ce3dd1369b93f648ab5a3aa2ed7a234ccc93d,item,EXTRACTED_FROM
8c1a8270-17a4-513d-a84f-b738203d5769,bd9409b2ea1016fa3a966972bfc3d18826fbb9d4,item,EXTRACTED_FROM
d8868471-d574-5735-adeb-1a5dcaafe430,b485f070944ce29a6a524cde7670c369f0365112,item,EXTRACTED_FROM
3a3c23e7-c7b9-503e-9542-5af3e876e130,f499a26dab4e8f3f20e60a308dc89b956d872b73,item,EXTRACTED_FROM
d5055ba7-ee5f-55c6-8011-87f82e0a91a8,4a2f9273125db8695f3f2855d5c487ddb030cc92,item,EXTRACTED_FROM
05c1a203-4a7a-5841-8533-e842c8575f64,43fbb889f1cff7439f84aea46e90b72b9e57a610,item,EXTRACTED_FROM
e11fea49-dbf2-5506-90d5-18c9d3df1f6d,2b97870ec660b9c1f2d863e59ad90013f052aa3a,item,EXTRACTED_FROM
1477ef5f-df46-5e2a-86af-9659d5e493cb,32fe3c4b35ef41fe0199496f746493660cf12f0b,item,EXTRACTED_FROM
cd5b9275-ab70-5359-88ae-1ae49594c967,964b3429748d4016e75ab2023bdc0c72e4afc897,item,EXTRACTED_FROM
b50557ba-3624-5bf5-a319-8d80a6ce0728,770ae81566854a178e07c8d7e7f360f5673678a1,item,EXTRACTED_FROM
825b8608-6d66-5599-a137-a071c8a6aca2,854da8beb4ed8db8aec07afe27d1685fd2ed13c1,item,EXTRACTED_FROM
a417dfce-98fd-5069-9c9c-50f199e9bc89,7e685eae1fa50513050ff321c371ab0fd5608264,item,EXTRACTED_FROM
47729bf6-d638-5454-8203-531473535138,18060dff401b6a61ea406c76150b0b4ca1ac610d,item,EXTRACTED_FROM
36ae89b6-9a8e-5b95-9b0f-4af52fce7e67,9ae17d7ce60d2931bf5175ff901048429cdeee83,item,EXTRACTED_FROM
23cee54d-d7fb-54f7-a482-d2a42d97477e,6da7ada55fdb798c84768202bb382a7876f22c56,item,EXTRACTED_FROM
2b3fa60e-f2fa-57da-9375-f3069db0208d,4cb47314df270ef511f4ecac80c2e6f91418a226,item,EXTRACTED_FROM
98d07491-322b-53c1-908b-6afd365961f4,4dc9ee334719e1176b1a50e820716b9a685d6e85,item,EXTRACTED_FROM
31142878-365e-5252-893c-82c78a7d7a05,f78390f4687bbd9cc0e8050e64da2b6f769a71bc,item,EXTRACTED_FROM
aacc8dc5-dd9d-571d-9aa9-c63739ee89a9,91a64d31177563b98a50188984bd41111e2d76ef,item,EXTRACTED_FROM
6cae3a3b-c8e5-536a-923f-bcdda89293a5,a772395b665bc732a63e6cb3c1701305fc2e6d06,item,EXTRACTED_FROM
279fd72c-042a-586e-baa6-54f094d29179,2322b2607287d22ff444ae1ed19cd6d611414553,item,EXTRACTED_FROM
919e1c14-b0c8-5d09-8285-eac5d2c71eea,e00376d4aef4ad3b2fbf68b3a428bacab15a8e8a,item,EXTRACTED_FROM
d02943b5-ea59-5104-8c89-539dc3c3b489,0f6680a9ba9f2aa6b8cc8a8c30e44eeb5b778104,item,EXTRACTED_FROM
e65d1eda-4bb2-58c2-96e0-1b7c7b7f2406,d4c0c7d80e67342856535923daac2de264adbea2,item,EXTRACTED_FROM
44fb9d63-15c7-50d9-984a-717b85842cad,1497c91e0d3a213f556a4009bef3284c7ec31234,item,EXTRACTED_FROM
01dad174-f143-50a2-80e4-45948e2c6d73,82ee3c16b92a5de811e84655bc9a50658d550df8,item,EXTRACTED_FROM
cce7b79e-bf44-5c9f-a8d6-9f72135448aa,283d54ae705943aa7a79f61b025fe656647f16b2,item,EXTRACTED_FROM
e4ba847d-436f-516e-9e00-7f7c347bfe96,a5a83f83d561d940b8ff413b0014eeff2720bdc0,item,EXTRACTED_FROM
4984f9a7-96b4-504e-a371-08dfa02df968,7ab9c4b7fa61080e0c4ec7e50077acf4a0c7a644,item,EXTRACTED_FROM
9b65897a-7bfc-5ca4-95eb-e84b6b71439c,5ef6ee3f53ca0a5e5dc50c47101a58fa4ed63c69,item,EXTRACTED_FROM
0780ea74-6712-52a8-8f68-16a06ec910ad,7818608e6ec21f548f30ad32711104138b782c08,item,EXTRACTED_FROM
d2096851-089f-53c2-affc-d28a88081fd6,7c73807cf3406706e03e2e67c3177144b38cc12d,item,EXTRACTED_FROM
e8260ae0-0294-542d-b666-bbfa9741e1b6,e918beaa71a579b48654d1f5b29b250302bd3416,item,EXTRACTED_FROM
63133405-45b2-5b44-ac63-75927df06dbe,0852415e08a7b488d869cc3466494b443d64dd26,item,EXTRACTED_FROM
7e711ac7-b6e2-5ae6-84ba-21b3cdd9ac81,bdefbefea94440ab231a5a3d61dfd28215ceb46c,item,EXTRACTED_FROM
c62ca96f-a09d-5248-8a88-eb5dff44ee18,e6cfe2a0a255c82bfdc44b1518dcb5455f851bd8,item,EXTRACTED_FROM
f67196d2-8dcb-5fb8-8b5e-5e6cbd853954,a9b3342b9728713ab75f3975c9d13e5d63c87546,item,EXTRACTED_FROM
320c68f3-21d7-5e03-bfee-8bff3b836364,82c7b167e81bd135e7b5d078347cf7ffe25ee3f5,item,EXTRACTED_FROM
623f20b5-ba28-5622-a9ad-ed97b7ad31b5,77cf26b5f0e12f1ad4b135375f56e9d54390a16d,item,EXTRACTED_FROM
998c34e4-848a-5d9d-9517-bbff79b0cf35,95a4604959641c964cf2ef052d128366d73d2a3c,item,EXTRACTED_FROM
840681ae-d851-5391-a22a-f6729f4ebff5,5943980a74b5d2e1d5bfec5e5451e2b2598fa59a,item,EXTRACTED_FROM
44c77598-9fc1-5696-96ba-e0701b8c168d,3881f11dba4aa55e1e3b3b8395adee79d0479f86,item,EXTRACTED_FROM
7c50901b-ca49-5b21-8414-ef864dcbc684,0f3e600dc605d7aaa483b6e9fd6ad397f03f7f35,item,EXTRACTED_FROM
f1d81502-ad16-5b31-bb6b-be699e5921be,39d43b2ff2d36736577fd3782c7c2781b767fd65,item,EXTRACTED_FROM
f59bc7e1-cedb-57fd-bb32-e325ab9a7dee,02eb8ddffdbc2e9735560454f0ed750074feb6cd,item,EXTRACTED_FROM
df20535b-2424-5908-96ea-2947687ac664,e4be553892754839b811fc0e006093efd8a15b54,item,EXTRACTED_FROM
e16c18b1-ae1e-5818-a1fa-265a2956da9d,6a42fe3b19ca8e5b1a8658b0a169ad2e98038d2f,item,EXTRACTED_FROM
2fb6c287-d26f-553f-9ec8-aa982b94eaa1,3f52d938aab44133d8a4dc3c3bdba605b7bf9942,item,EXTRACTED_FROM
8f19883d-2413-55d8-b1e6-13322cc9caf5,7a98614dbbd80d761e1cfd738b39ca92ff0c2ff7,item,EXTRACTED_FROM
f4121698-cb5a-58ee-aa88-f74d2f48acde,121dca50a024082aa676c3b4143f31d9b0cd67d6,item,EXTRACTED_FROM
8131d70d-d0dc-56b0-bd6f-5e5a87c670d4,45cfbdff5c95bef3fd9050f1d29437529ae800ec,item,EXTRACTED_FROM
ab290e24-ade5-55bb-8ee2-c270dc88a998,2ea027a360dd05d6e88a94c153593119624cf016,item,EXTRACTED_FROM
68521e8b-6745-5c52-bc87-5d60f074113e,1e2a5e6e6d8a9d609debb8375ec82a8480130ace,item,EXTRACTED_FROM
ce263b2b-a468-583c-97ba-c1c2703aa9ed,e88e6eb217f86f8afd6c8121329a1a7fcdf1680e,item,EXTRACTED_FROM
ce34c944-fe52-5afd-8521-c403125f73b9,5f142e2925aafdcd6aff0388f4926c03e02193d7,item,EXTRACTED_FROM
a6ecd115-d769-5596-ba51-c16a2fe943bb,0d63b1655d0ab2031de9f66c07950d10d3b35582,item,EXTRACTED_FROM
2dbec214-2c15-5a60-879d-130cf7a5bb51,1f0be8717ee6300b4905a3926a16b01252c74002,item,EXTRACTED_FROM
1d8890bd-d28c-5b09-8b51-adc4291f2a90,9bcb1d6395a4e1cf3e2ecfd9e0b06d3aa4c9e9de,item,EXTRACTED_FROM
7da69886-b99b-5929-b36f-1320a7292f99,3a351ae4d5b388f46edc3172e8e514472d1615c7,item,EXTRACTED_FROM
9506b447-d25f-57f7-a7d6-5713a932c1ab,cc63de49e644ecf610fe1ec338817a0cdf16685a,item,EXTRACTED_FROM
0c9d06c9-dce7-5dd8-aa42-a223ac3aa563,81f762591a7dffdd8b41702f86b4eeb4129d7668,item,EXTRACTED_FROM
da7c602e-f8f5-5e79-818e-736227dcd5d8,ea2210b823f04d63b487fb3fd3f932d0b984ca43,item,EXTRACTED_FROM
9f41ac46-af59-546d-95e5-f1a67f6f8dc9,b41715287ce2df3f9b2e90f07d13820052d2aa53,item,EXTRACTED_FROM
1f4db82f-eaed-58ab-8d05-a095c26f524a,3eb68036e31eda22dc2413ea80e0bffb08c33508,item,EXTRACTED_FROM
1e29ed48-d784-59b7-aa9d-2b5c0c40b70b,34b0dd544e3ea18e042833c192de59603b685471,item,EXTRACTED_FROM
c8e74454-7d85-564a-be37-b3afbafa7d94,770ff4b8f899bd211d3ba974a5f7d80f54fdca99,item,EXTRACTED_FROM
41d3f713-ab44-5dd0-b3cc-ebfb37783cae,f96a0a3a3ea37d1c1d77f890d43c20e276f58fbe,item,EXTRACTED_FROM
a0e61f1b-7ba8-5d43-aa96-6a722b0ade79,4ab7a8e84e8ce0ba54642046c4688925a6bf27ff,item,EXTRACTED_FROM
f3f7667a-b40c-50f3-87a6-68a56367e091,cf373b802523652812fe35fc8cb73767b8f7b273,item,EXTRACTED_FROM
f5802f82-5ff9-5456-9731-064b58d375c6,f7adb21b8046681774c74e6a298fd610e0ead7bc,item,EXTRACTED_FROM
162c5d7b-7209-5e02-9287-0a8f3796db06,8c6b279384664da6934e68399f359dc72919ae07,item,EXTRACTED_FROM
cced2fa7-3539-5162-bf6e-8fd153a9aa23,a41dc53ceb41b824b56e8f1433cc06e08cea2ef6,item,EXTRACTED_FROM
5b5edf4f-3eae-53e4-9f21-cfca5d75679e,0c44b10079c28ad0892d5b64fab72699e863c0ee,item,EXTRACTED_FROM
502a6d66-d3d1-5649-8667-214c69531250,e87d5c6a4c773fb9b77592256f3a85360e9c99a9,item,EXTRACTED_FROM
ece24f56-6d5c-545a-9696-d60159402f4f,f77aa48cf7fbd6aa7ef417d85bbac27b701171fe,item,EXTRACTED_FROM
cf2849b5-3234-57a6-9377-5bc13bafad76,1b90deb467c2a3566f9fd12237e347884cca34f5,item,EXTRACTED_FROM
81ad03e7-70ad-58c7-ad56-8515f8a7c03e,50c33d0897fca35bae0ef3a069597926ab7d9d06,item,EXTRACTED_FROM
8f5995e5-36ea-5c81-8a54-7fd3b459bd9d,866d5735057071d8e9ae7704585d619ceef13352,item,EXTRACTED_FROM
43f69635-8765-5a7e-9f69-fac1ec518974,de906755c2a46a1172e24f4ccac175503ede6cc4,item,EXTRACTED_FROM
fe6ce57b-3ef7-5563-acf7-51678a12b8a3,7eb5384935e591e1ed93273d522e0f2144ec1623,item,EXTRACTED_FROM
5fe2cef5-3dbd-5f1a-9d7a-415dad2b074b,1dfcea1a910181c196e3264586bb66fbcab57087,item,EXTRACTED_FROM
af187dab-7ea3-53bb-932b-f8993005a399,f4810d638e30aaab9d89a2949c52a4f1fc058a11,item,EXTRACTED_FROM
306edb8c-0b7a-59c2-8fe9-e97dfa07df8c,090595920c40d418b1eee3ce0f2d65dc993d36e9,item,EXTRACTED_FROM
37f2709c-b5b8-541a-9434-e3e9a14dbf3d,e8f9df546cf17a27c0f527a3b6170cc17372a7a4,item,EXTRACTED_FROM
1a7c71fd-23f0-5ab1-acf8-ab2bbf2d1836,baf508a9633bd3c53c5fbc3900dc747482d31072,item,EXTRACTED_FROM
e8bc0a5b-e493-5614-9eae-6ca14af63657,c797f58e3580e900cf64c1870635de34a7c019d2,item,EXTRACTED_FROM
53737243-3d35-5e16-8ec9-2e102d251651,8a74021fda8584e3e9e7c65d2415cfd5c24c5f80,item,EXTRACTED_FROM
f6963288-4ec0-54dc-8a4b-621cce51df5d,3f7a91ee1be05ebcfad421bf6909af7d2ccec852,item,EXTRACTED_FROM
ecfd0d2b-ea8a-5e0d-b84b-9256896d6fd8,af396bfa7bf45ed51bea84361ce43c74651fd05b,item,EXTRACTED_FROM
17cdf9ca-57d0-52fa-bf9c-1c5aa468ff1c,21068cf7e9fc648e1e6b5288cfdfbaa451425233,item,EXTRACTED_FROM
15664d0f-ecdb-5217-9415-304126a3846d,ce2f2c5a9784a1a7de6b323a6835d931579e772f,item,EXTRACTED_FROM
793dd240-d0ee-5eaf-83ba-da6a81fa15b7,83cb604138371e3a559511ad7bd01ea45789221e,item,EXTRACTED_FROM
7ff4f3aa-cc00-5445-8964-749bd67785ba,e4f54c9021a5fbb0e098ba948fb3da821ce30740,item,EXTRACTED_FROM
1f2d9771-ed84-50ab-bb11-fb29a6f1f32b,08e9ea8a2ebb0867bb050de55df9b64403e06499,item,EXTRACTED_FROM
40e54010-b349-5be0-838e-b08981361c71,e81872bba17b53fc4357137998f0d1e8626ea321,item,EXTRACTED_FROM
ad85d6ee-a4e9-5529-b0bc-f1dc6051713b,88c3e58fcd111ab91b03baf54ca4a3e81c893f68,item,EXTRACTED_FROM
b9b56ed2-039d-5688-a40d-bb61c9214e88,cd9c043fdcabb681fc0bef36e3f4af9d708180a0,item,EXTRACTED_FROM
e3fcea87-e5e2-52e4-8d52-dc8ccf0d7b92,8cca741b58228e936b7d0ad03613838111e1fdff,item,EXTRACTED_FROM
9ca54633-365d-52b9-b74b-ce9b0af35543,26b8bd7cac8a968d45f89e88296c62fc78b4dfbd,item,EXTRACTED_FROM
3b876c99-c6de-5752-a1bf-b46c61799ed0,6f170d3086295d239229853889947dad66ad20f5,item,EXTRACTED_FROM
caff1f3d-6118-59c4-bf8b-50edc1618464,3a5a3396d43e7beab55853e284237d6b0865a4c9,item,EXTRACTED_FROM
44232066-4565-55c8-a998-f1460a046fa0,c0f07c51185a4a79d9133a6d98981aa4ad43940f,item,EXTRACTED_FROM
43981a58-cd9e-5eb6-ab8a-95891c7576ae,18e3fa24490ca8a4d3fb63a2adacd7c4f8885528,item,EXTRACTED_FROM
8d75a398-7954-5b00-b929-3479a61da83d,dd9b634d0b00f0321e5898521e67fe7f3539cd41,item,EXTRACTED_FROM
1749c587-10ba-51f6-9a03-86349ea8413f,9bb09003c2dd42f0a613d72fba1e8b45bf99b528,item,EXTRACTED_FROM
56cc8453-81eb-5ca7-930c-5f38c62fbe15,eedaa323a2d92fc581e8aa34c3ff776fb3dd9e98,item,EXTRACTED_FROM
a45d01ff-e768-5993-b1c4-2ac2c3dabd3d,761739de327d879af0a9524118b5ca4ea0a140f9,item,EXTRACTED_FROM
619b9296-f024-5f0d-95d3-141f96cdc203,c56df247dc90c1564f3140d17fac9096a8563fe6,item,EXTRACTED_FROM
73b87e0b-f865-5677-a1f5-234fd7504239,0223ce9213fa81b417a202e16cc2c1f6d124f043,item,EXTRACTED_FROM
70b84552-bc58-57aa-bc57-8ee692c5984f,bb192f851637eee51e1f353b677f01fe592a0039,item,EXTRACTED_FROM
3dabf9dc-aac8-5612-8671-5c5f7410d6fd,5b96552674976ecd67c845e7f251cf9bc45f09b8,item,EXTRACTED_FROM
17e5ec73-f742-5faa-8849-10e0c1451b50,7b63780bd40a20e14a757175c1e49139184df31e,item,EXTRACTED_FROM
20c3225a-489f-5a43-922c-67407e5ea668,d267211dc9d898c9ed5864fe9301dd61a9407e70,item,EXTRACTED_FROM
71073147-1fe4-53c8-aa55-ca6b07af2ce3,2dc912b4c8bca6dc8c110258a09b2ea8c7af7b0d,item,EXTRACTED_FROM
d8368a2f-8f1d-538c-8b36-bc6b69b26ef6,24c84f7084365c0f7f74bee82fabcee3ea063355,item,EXTRACTED_FROM
35279a55-058c-5400-9067-40ea59a3105f,f13be414c810319752c1b01814c4779bf719e4c8,item,EXTRACTED_FROM
3dd0635a-3b08-5412-8179-61393f424032,654edfccf416cff39fd2f68671396b558ca6ed1c,item,EXTRACTED_FROM
e53cd37f-8175-5261-9076-1d846167c8ad,297cb7e7a652c8edde9fc193cc5f1d495f99e016,item,EXTRACTED_FROM
38ce02a1-37da-52f3-ad30-da89737fc76d,10e375a941fcfff02b1e08231106d3c48c92f43a,item,EXTRACTED_FROM
dce3d99b-5f69-5fa8-adea-640da9100add,5ad2754c3696d057ea65932258c0e9b470932f2a,item,EXTRACTED_FROM
103e575e-f742-5521-93cb-ec40267acaea,bd35eddc79fa76d115812bc94f4ebc38c727919a,item,EXTRACTED_FROM
ca04ec9f-5e28-5317-9bf4-3437e9cd5ece,dde2a0021290bbd5d23ab1b2efa1675b9f5f1f55,item,EXTRACTED_FROM
f1b8e73a-8bb9-5737-8cf0-d2a709bcbb70,d38b6fca672d9f2bcc27c1df4878813ef3ac5a5c,item,EXTRACTED_FROM
d6502007-b4b3-51f5-a68c-d33d198f8268,82e83e932186ff03ad9dbd9a6f9a66687518a1b4,item,EXTRACTED_FROM
e3f02df2-4e5a-5c10-9105-7f50038c0435,6f1a91e69d968346cf7f1f5e3a2b36226b7b009e,item,EXTRACTED_FROM
35ca339b-795a-5fd7-ad65-83a94f58023e,401347a794a3a54ad2f59160c1ca54c475ffbc5b,item,EXTRACTED_FROM
14a68db2-2449-56f1-ae3e-d97b2dff32e5,246895990263d9b77466b2d53d0d87ed1d1b5300,item,EXTRACTED_FROM
9af05d24-0de4-5b22-9881-f60338582cd8,578cd611b21c63e5b3790d67f68e1dea1145dc70,item,EXTRACTED_FROM
364c7559-5513-5195-9b8b-f9ec02bdbcf3,268cd501bb7708ba22b705b6306c0cae6c7a53b1,item,EXTRACTED_FROM
8bd0d988-54a0-5a21-b513-7a08b0793ad6,c046326d767ef2258384104cceacb8805d9feb22,item,EXTRACTED_FROM
40c57c01-d45b-5751-b2c0-45000f96fedd,ee4bd83826d1ec36c2bcb964563b600bc0fdc81f,item,EXTRACTED_FROM
2b7d3990-75b3-51dc-b0b9-79965c63c5f2,4f2535ecb068344c4adb287e942b694a1a3811f9,item,EXTRACTED_FROM
4cd4c41b-f3f3-5749-93df-baf6952c2c19,1799b696079e7deafb7efbf2ecc3431a04e68612,item,EXTRACTED_FROM
590c5964-504a-5aef-8a22-ef97cb342517,bf5feddd7be8d916a16643350ec3436a9e71e203,item,EXTRACTED_FROM
084cdc28-e23c-5ef5-b901-56643aacd7c9,99750be9b9a20238d258d936933fc0635c4c2af4,item,EXTRACTED_FROM
3ab1ad15-f838-5f18-8d91-4df29df0125c,c63dc1279e191a110d068ba3eb70ee6751ae8a87,item,EXTRACTED_FROM
1c63201a-331f-54fe-822b-98bd3b160d8a,572e940b1c97bc37e2a35b79070b380314a8c967,item,EXTRACTED_FROM
a8b9ad34-3c21-50d4-b07f-887eb30ccda0,beb7141d1660ae1e3872057b6016a85481281872,item,EXTRACTED_FROM
1a3bea74-d915-5a66-ad50-58596bed8999,3df86c5962ab451de7ea084a5da0e2e48d20dc43,item,EXTRACTED_FROM
62772081-f623-577c-bc06-d90504f1b23e,2abb95a2e4b493651e0a7183e9fe2463eac40eaf,item,EXTRACTED_FROM
c2b38229-3506-5f02-9f8e-cc086a42f8ab,68a9c86bff15b0313f0cd32433f9a1e69c55efd2,item,EXTRACTED_FROM
bc72629f-d008-5c1b-a38f-5e0b3a9dea87,54defb5e0783f2e46c4564b349b4cf802fbb3750,item,EXTRACTED_FROM
dd514a4e-4ebf-5351-a7e1-b30543610a5e,77b42a36db1d1f33951556f21a91eb5bfe4efa4d,item,EXTRACTED_FROM
c30f0d04-8644-5509-bb3d-80b4f7bcdb2b,f1eee391b04921b661684ce45edd3fff19d51707,item,EXTRACTED_FROM
3c58eec5-5eb2-5b62-bf45-0b92b938af19,6e056593153085588a036e4839afb842de018328,item,EXTRACTED_FROM
55bea3ac-ca29-5e9b-874d-8e22a682c932,8f96cd6ceba356f9c8a592da870521c53296744b,item,EXTRACTED_FROM
b8bdc706-103c-5fe4-8977-4b456de374d3,5d603634c9701b7a975339b75a92e8497d9bb22c,item,EXTRACTED_FROM
36d1e83e-4ee2-5ee8-82d5-673957cb2562,5361fcfa16aee8eb485c6321aeed5c7da687ce08,item,EXTRACTED_FROM
3463d99b-ad6f-51c9-ad7c-7d863903c1a3,2c68edf56cf65a1d30def3d24b00ad6eec5e5e26,item,EXTRACTED_FROM
f5c04be9-cb40-525b-8daa-48a5b424e5aa,7b466fcd4457bf9c40631f74828e1d6a53dc2862,item,EXTRACTED_FROM
8f78fe1b-6532-5c07-9f83-47d9f2998ee5,f0a68e7920542223ad33134ac5ba9a5c404031f6,item,EXTRACTED_FROM
cf0de0fb-2e8f-55ca-a42f-108391493394,091ce7819129a521106d826822d69d32c32b6a90,item,EXTRACTED_FROM
d6b9d057-5bd0-58c3-9ad1-097cc13eb8bd,9be6a068500a415367796f3e6ead211404b112e2,item,EXTRACTED_FROM
65ca1818-bada-5efa-8e94-c782143de383,a3826de3ba3d591a7c2411807a9b470ced4f30a8,item,EXTRACTED_FROM
8b760be8-5296-5ef8-9409-a2be00709814,5432e230c67e73ba8b10bb0a7ab3086268010065,item,EXTRACTED_FROM
1fcc9e4c-a424-509d-b009-b0f85f81eeaf,36fe9309db5d54fb1926aa2a424702d46c7739eb,item,EXTRACTED_FROM
0e52af0f-6d6b-5703-9c57-8c7f765ebce0,894b4580d2438a3a0339db953b094396c7f9693c,item,EXTRACTED_FROM
911aa0ca-3641-5353-a3b0-b3e64c0b619a,b640f5bfcfb7564e94b828328b93570f79f24a54,item,EXTRACTED_FROM
2dd92b28-fe15-5a44-8d63-8593107e0536,be7a713cf6ab3cc4886b86424c924e8ea313a0df,item,EXTRACTED_FROM
4672d87c-f655-5e25-98cf-8fd4d5e265b7,0b4826c702b3e40d8396db2f547d8b8f102011cf,item,EXTRACTED_FROM
992ad23e-296b-5c39-b161-b0880bb2b5f0,cda3a166a80c3bc29477b2bbb6ab3f910dd7d6c3,item,EXTRACTED_FROM
b221ee5a-e88d-5f45-a1d8-65b411817420,bd5635751eeebbb6d62755a3f31e1ae74a6cfe91,item,EXTRACTED_FROM
7e899ddf-3228-5ab3-828d-75f2c9abf536,61bf046c70b9c9df3ec0b660605c0f5c23075c8a,item,EXTRACTED_FROM
6bb1c8f8-ca6a-57e8-bd8a-1648c3b00123,136a1444d944f50dc334e2d58d0cd63d45c37a0d,item,EXTRACTED_FROM
5cfa8f9a-1907-58b8-9ced-6c35a8daeeb4,4829eee2a8dc92e608f0c92907d3cc604ca5299e,item,EXTRACTED_FROM
fa2dd01b-ee42-57d8-be0d-d6a868b24ec8,9f6f264602ce714a5eb1e6016a6f490d59eacc94,item,EXTRACTED_FROM
13712dd7-d99a-54cf-9e23-1343f99492a1,b00561da6843902f6b2ccb39cdd7213eea560f8e,item,EXTRACTED_FROM
6a369a3b-b38a-5198-91e6-43519a66f748,1aabaa1d9ce6e18b2c1675e8e41206714bdf8e55,item,EXTRACTED_FROM
b9d2f55a-4c14-53e1-b97b-403d1cb3f53a,ad36519e2f172422f93f6b0c7ba54db4f7e92f91,item,EXTRACTED_FROM
ef7ced9e-b03f-5455-ae94-d5c128937308,f565807d6f4c1923d2db47f10b59756928f67492,item,EXTRACTED_FROM
563e6157-6355-5bbe-9207-b4fb3b55232a,632f319a97a0006bda1f5f78ef1da1ec0933b888,item,EXTRACTED_FROM
44eb459f-8644-5eab-8d45-1fe0daf6088c,2e32dc6dce5721bd79b580203ea6cc84b4e1e077,item,EXTRACTED_FROM
dbb5732c-79e7-5f4e-8576-3350440cafd0,a4dd0d4ebc33fee9bc7a0dcde9a303359b12d5b6,item,EXTRACTED_FROM
6183a1f4-28b9-5d78-b3f5-b2a1fdb100ca,e585b8f3a52b330827cb3c84056a94c29b98a603,item,EXTRACTED_FROM
b6bfabf6-55f8-5fc1-a50e-94637b077301,4a93c2de2b239201f52a305e7e0d523f246f53e3,item,EXTRACTED_FROM
843c9df7-2874-51f1-939b-4060688b1a73,e8361d57aa2dd019e7f0f2716da700c64cb1f2e3,item,EXTRACTED_FROM
c2a94f8c-b493-5884-822f-db099dc5488f,a54f75015c721a38c9e547f629120b9b1fdae80d,item,EXTRACTED_FROM
44d84d95-501c-58a9-ae44-cefa448a6e3f,ffcf6b08d20731918594af0acfc78abbc75bbb54,item,EXTRACTED_FROM
d8aaf990-1c55-550d-8589-39cafb9c15c5,1aeda4302f864e2c5440ba2b00510034fba7e346,item,EXTRACTED_FROM
d6f12411-450c-5104-8253-899e1ad9a4a9,75c6614429703782c6526f4427d669f247434f0a,item,EXTRACTED_FROM
60dbbeea-4c1d-5189-8287-5aed4834ef77,9f405eaff17ee54c635002bd222737b586608468,item,EXTRACTED_FROM
bbab8220-cb0c-566c-b6fd-8005db6cad67,522cea23db4ad60e46f5ad22c4d4f170a970f219,item,EXTRACTED_FROM
e6d6844b-0b23-5930-9570-872c7a789b95,f6a8b5590d61d3cf9b80c7932cb830d93a34eabd,item,EXTRACTED_FROM
09d4c234-97cf-50b9-9db1-1f136d3082b1,1d68ea630d6051f141f17d4b9db408c6e64054d7,item,EXTRACTED_FROM
fb6029a9-af0a-513d-a159-5cfc29025c0c,19c478a6dec3312a65a1aebfc400096aea0d6e76,item,EXTRACTED_FROM
566977cb-cb77-544a-9ba5-b544d1602e69,f506468570639dfe6906f3126251d1dc5ad3e5b4,item,EXTRACTED_FROM
20bbd059-7255-5b1f-a04b-3cf40439afe6,c246b13514c7468e55bb5fdc49eb9865f7f1c14a,item,EXTRACTED_FROM
db98fffc-0035-533a-8a8c-6a6d7cbdaa91,ca0e053eef1b7b0673e451546edb32b1f42ff19b,item,EXTRACTED_FROM
ef31fac6-f0a8-591a-b971-cb1a7b346371,d715b865365c277c73d7b66bbd6aea66a49f3161,item,EXTRACTED_FROM
c509f233-1f64-550b-9ce5-f367944afca5,669008bd7c527fa0139bf3284965d28f889037e4,item,EXTRACTED_FROM
82c76378-e106-5bbe-ae33-f5e90e1b84f7,4bd922b5bbf6321656ba283f297c035a32861286,item,EXTRACTED_FROM
eb03f120-0791-5d24-957f-cdbe0b318287,cf4b447019a5323c32af720dd87ba3938bc7e822,item,EXTRACTED_FROM
27a7daf2-ac86-5d97-983e-75c226f73cfe,0cf6fbcf2abc20153b6295c2fe4cca7e59367062,item,EXTRACTED_FROM
be860db2-ca1c-57e3-885b-3996d1e50393,29a145fbf5027cc2cf1150b5424251dfbfbe52a4,item,EXTRACTED_FROM
3f482cab-bf5b-59ed-a96b-dde1e271d36b,661af857694f59378024abdbc4b635034fc07d57,item,EXTRACTED_FROM
9aa1ceb6-d82f-5b41-8c54-b1378f354637,82365f340f28c0384dd6b73bc354433cdd7433d1,item,EXTRACTED_FROM
991a60ea-6cec-5213-b0cc-feda6b805095,4ffaf01ae6229e09103fae639df1cda1a8ca9a69,item,EXTRACTED_FROM
c9461cf4-fd54-5039-9afa-8bce0b19a806,1a4571c7e8d40b099b5f85d23f515754a1e21255,item,EXTRACTED_FROM
70c89e16-666c-5e00-a5f4-ace6929cd5f5,5b1a8fc251fcf12d76cdaa3c7ccef88eed573a37,item,EXTRACTED_FROM
686ac1f7-b24c-5ebd-a245-e9b70267e2ea,1d1f444bb17efb74ee98dd3b5d390b7975fb97c6,item,EXTRACTED_FROM
83059dd0-dcaf-549f-b0b0-9f12c796f9c1,3ef1195c658d6579b7397be33dee4adf2a381832,item,EXTRACTED_FROM
6d875c40-2ded-5de1-83b2-4d21a051f9be,3a0e8a9dc523309a08c555ded49c3a5538d1eaa6,item,EXTRACTED_FROM
7d430dae-f299-5880-9542-a997cd2666f3,04d8fecb7f24ce20244bdb1044881e9456eecd3c,item,EXTRACTED_FROM
237060fb-ae5c-5866-a8a2-071f9b675da6,2e0ec3e3d05cbfe81300c410dbf721a84f6519cb,item,EXTRACTED_FROM
6c4a103c-dc41-538d-92ba-0b7eafdb7108,fbdacc759cdc2835f7b1fff7f1d3371460250742,item,EXTRACTED_FROM
71a5a601-f71f-5152-a932-9bca63f6bcf1,0476656e7ba6619eb06e3dd49ead2a6cf3ca826e,item,EXTRACTED_FROM
6e19dfda-eb52-54ad-857d-092f5b8fa45f,459ef9ee7f9cf4450d09d3c16e8667da094f9329,item,EXTRACTED_FROM
b72eba60-b6c4-52ef-beea-cacc6404d4ab,4635d8a0afee1297f2ceed70dc348c72d7b008f8,item,EXTRACTED_FROM
8dac74f9-1dc2-56a3-8638-7966b6014e79,b5c7b2f95cc372684eb06b6608b704a3c3d8a7bd,item,EXTRACTED_FROM
82088a22-cc6a-5bb3-a150-239cae45d348,f2dbfee85a8b4433f0e949e1a4ffe5e26b6dd82a,item,EXTRACTED_FROM
82d120ba-d374-5a7d-b5f6-1a78ba9f4b2e,14d13939efd11d46a63fdef041e5533713200e28,item,EXTRACTED_FROM
7fd5162f-bb8e-5ae5-b111-16822f902c3e,5864992782368282bdd3d0a617c9900dc4dcb3fb,item,EXTRACTED_FROM
54b9bc41-e2d7-58b5-aec4-b417a12fd0fc,3e47f8f18625cfc425fc3c90d928c3043ad832cf,item,EXTRACTED_FROM
5e1104b9-580e-5abb-9a92-42131bb510ad,02859228598d9e22d2d04ae36651769974e0be7d,item,EXTRACTED_FROM
6dd5c9a0-4508-54de-91dd-8450db223bd2,8a5babc5f940166657ef554007a04001328f0fb2,item,EXTRACTED_FROM
b085be3f-b5ba-5610-9552-3c56b2c9e53f,9f9b5b15e5f582bdbe76589c35273d16730912b7,item,EXTRACTED_FROM
1d4eb8f0-46c5-50db-b675-1a1ba662f716,653cf4a879dc39d838f2643b598dec127e61d2e7,item,EXTRACTED_FROM
2190c34f-1edc-5485-b06b-34cf701aecee,483284b4f058cdf04e47794960b9eb08643925ca,item,EXTRACTED_FROM
349fecb2-68a2-5bf8-8af3-7f5f58e27801,009cf5bd5d388a8e1561aab29a23fb92bc66f9c1,item,EXTRACTED_FROM
40bde7ba-e1ce-5e3d-811e-10442b727a66,62bba4441f582e723a1c9bbbfc952f39a0416789,item,EXTRACTED_FROM
91facfa1-5cb7-5450-8cea-03e40c03dec4,c2f9ba3c5b3bb0d9de2f96b3df3dfec832458792,item,EXTRACTED_FROM
e44d1de9-c2e0-59a5-9e52-4f99698dbc04,c05e1fd064ce00b20812d7ebef9675d61c79a6ad,item,EXTRACTED_FROM
bd170da6-82c6-5f19-9c25-7c4292930ace,7bb0dd870a54fef50c321097037f16df33787f97,item,EXTRACTED_FROM
f330d931-b4f2-544d-93aa-04451f30ff74,5c7e7a65f32f3d79d489035a924c76b890f69871,item,EXTRACTED_FROM
d9d80a5f-c80f-58ef-863d-4fd0a74864e7,186e1d2db3917fcc7e8d5419ca31dd282f72509a,item,EXTRACTED_FROM
a271a5d7-7e3d-56bf-8c7d-34825c841e07,887b5ba85a5a66a39df87531ebf2db9129ee14b6,item,EXTRACTED_FROM
398ccd5e-3568-5109-b224-99f770c545f1,771063637c684de793d6eece0f5cd6ba14b47c0e,item,EXTRACTED_FROM
e6c67dea-b19f-5ae1-8066-1bffd54a012b,f58524782af98b69880b1239f925e7118fc8ebe6,item,EXTRACTED_FROM
9d42dff4-2ca9-5361-ac94-1eb72779755f,00d095bd61d1fb5c71a38c5cc0739a2749456abf,item,EXTRACTED_FROM
ffb0b700-ec39-50b8-bc00-609b2dc610f8,932f09c14503b73228dd56df13135ae6c368d843,item,EXTRACTED_FROM
a0897551-8019-50f9-b6b6-1d6527805662,9601bce2b4ba23890161594a32f42932b9f2c337,item,EXTRACTED_FROM
ddafa0d7-2c4c-57c7-8b4e-598a663700ce,3e2f93918d9307bccd995bb3efc1f983e842f0b3,item,EXTRACTED_FROM
2409aa81-3fcd-54b6-8a92-b8c43127952d,7b063c96429e5b57431d28f3714743944342a620,item,EXTRACTED_FROM
600ba3da-0aa0-5948-b8c7-a8170db8bd78,3eff4aa3e23857244b8572ce4fa086fe21f901cb,item,EXTRACTED_FROM
788fa4bc-ccf9-5e46-843c-6ecc4a4d6f24,a709126efb3972be4e135e2668482f54a1f6808d,item,EXTRACTED_FROM
70ec09be-9b94-5910-bc98-d22ad5470c4f,63cc1465450f6ab86b3c37881d97020bf72d2ecb,item,EXTRACTED_FROM
505a063d-bbeb-5815-8d5a-0f16d077abb6,7aee0540d220d80693f7115340b47fa794454ba8,item,EXTRACTED_FROM
ea61e0c9-9381-51d0-b4fd-9494857d1af1,a78e0195854c4694d751270d9d6dc37e1ed69489,item,EXTRACTED_FROM
d2b881ac-b7a7-591c-ba9f-6a71acde7a09,d8a841c9c11f0f121eff128289f252298e17524a,item,EXTRACTED_FROM
7f6bf831-47d4-5114-8d01-f4ceeee3c9c5,375997d0d9f33019b539e76da6eec5eceaf7a712,item,EXTRACTED_FROM
53c92f0c-90dc-5033-a517-884e56778dff,c45a642aaef8abb12d5fa891d9734cfa0e7a4d93,item,EXTRACTED_FROM
ccaea909-fcbd-5cd7-ab17-96cd0ab44884,d975d3fedc82d7da584ee4289f523805bec5da30,item,EXTRACTED_FROM
7fd15303-c81f-55fb-bda7-528b9b15ed49,54e37aa05e38eb1f08d7ef08db277719ff7d168f,item,EXTRACTED_FROM
16ac0497-795c-5ea1-a8f0-fd6c966d5d76,cfd45da105b40271529c9af4cac437c5f12525be,item,EXTRACTED_FROM
de68667c-f9ad-512b-9ec1-9089ea183c10,b55ca8be11c4d4bfa89f96070ddec346c5105a1f,item,EXTRACTED_FROM
78181d67-df5a-52f0-ad67-af3ab65c1eb1,600d7d0fea50078de9f42928c15c373ae647e538,item,EXTRACTED_FROM
024a8b69-61d8-57d7-bae1-4e430474c4e1,50fa4bc4b9236c7540e52ec358d016ddb4a2a2f7,item,EXTRACTED_FROM
74ec9b4b-7a46-530f-9fd7-94bd3637159b,3aecbd8a229d6f8d68db56172bee9e3e4b3929c7,item,EXTRACTED_FROM
b833bf20-c7ed-5a3d-afbb-b3aca2022fcb,c5f59e7a1de57c65d7daf3d50c1e949a37464977,item,EXTRACTED_FROM
4007a419-3eb4-5b8a-b112-f0a0275ad082,55df6a61ecdf36e653efef32927d0cd580b7f359,item,EXTRACTED_FROM
8102eb18-d719-5c81-9495-9fce10a01e7d,4786390dc0036f18bb022666b81702f2c4823f99,item,EXTRACTED_FROM
d28b5586-6af5-50f6-b31c-6f8f02960d14,4dc388c5e96738de50e8308321a12094935ebb3d,item,EXTRACTED_FROM
d530c2a5-c630-508c-a7df-dbefd92b2deb,930605e1249606da78115d9de3c3604c4f74b9f3,item,EXTRACTED_FROM
b59edff6-c629-5b58-b505-fca208649665,9e644f29cb718434f89c298d6a423af16229156a,item,EXTRACTED_FROM
f5b88775-f2b6-5d68-8ff3-59c2cf48aeaa,07c1019acd243d18c82f34a2259290c1e3e2fada,item,EXTRACTED_FROM
7fcfb4b2-80e4-55be-952c-deac86391fb9,3a0de29323d8be0e818f381ed1427067f5c8a92f,item,EXTRACTED_FROM
f43d25e1-cb42-5e11-a027-48e42394fb30,4aeac0b6e04e83fac0f631114ca06b345e9fe1e3,item,EXTRACTED_FROM
3ad126a9-9741-5a7e-bfd1-e3f94260422e,cca0644bbf812aef473666ac93b9cf7447361e82,item,EXTRACTED_FROM
8bf84154-61cb-57de-96cc-50837f856999,d18c92e5bdc3a18efdc1dcf00af63349cb017d71,item,EXTRACTED_FROM
28b7461f-7ba3-5cba-872a-4e4ea1246864,2b773237047707cc2076ff8991541c79c6c07fe7,item,EXTRACTED_FROM
ce493b90-e11a-5cc0-bf2e-c4898673bd6b,13a77f1f6444600c590e8fc508ffcc3b16a2675d,item,EXTRACTED_FROM
c955090f-234b-59f6-8eb9-71c3387e31d7,b94e90d4554b8bd5206a3bd97183c535b84016e0,item,EXTRACTED_FROM
6dae193b-2323-58af-9f10-3853d2d4b228,423753a5c4356d692a3a67afd018a845cae05eed,item,EXTRACTED_FROM
5cbb14fb-9e5f-59d7-b577-2f0ef63bb40b,fa8137b708f726cb7152ae1081974b2b27d77ea4,item,EXTRACTED_FROM
06d7808c-ca13-57ab-b1e3-995ec726b51b,32227355290b810156794c0f96e1d95ec5219525,item,EXTRACTED_FROM
8ccf4b3a-b4ec-534c-b43f-7abc28c0fb29,5d3172d3a66b579fcb06389a9d0e89ed7cc94170,item,EXTRACTED_FROM
8cf74cb2-6de3-52c6-a7c1-76a6b42a33e4,23472022b5fe949359c32c2c2ec800687b2fd879,item,EXTRACTED_FROM
1011cdd8-487e-56d9-972b-dcc9d312afe1,c86e8f239430dd6f0a0e6afce8f5e1f97cceda5b,item,EXTRACTED_FROM
6002e239-0ccb-5ebd-b1b3-90dbfeb7920b,a4c031fc5d908ec835b046055cef2279744b6e42,item,EXTRACTED_FROM
134ecc7c-29ee-59c5-a636-410904068388,7f0f472b6de4a2afb7c95d7d42f26d38ff57a3e9,item,EXTRACTED_FROM
12ffd7cb-cea9-52be-aaa1-1c3d69a2c396,7b23d44a12a1dc3f8e2cdf4bc8668057328651d1,item,EXTRACTED_FROM
c529d795-7b96-52a4-9334-a5518f2a8014,7c533ce6a84cb3c7eab625f31500eec2ef117a8d,item,EXTRACTED_FROM
5de7af98-d0e5-5289-a972-f08c72bcd528,f0b1fc963bb16a96d05e7284c94d077deed4508e,item,EXTRACTED_FROM
93772e61-ee85-5ccf-a899-4b3bcad7f921,93c9fc462f83cad52fa7c142e8d7dd9730452ac9,item,EXTRACTED_FROM
90322307-5d11-5baf-8cac-16d8de33fa81,6c2dddd6b38b406d52098d82b70df43f4193d97e,item,EXTRACTED_FROM
30de811c-0ba8-5542-ad02-0e86e140fc6c,d98ac37634544bcec47c9836d4fabea9c40418c3,item,EXTRACTED_FROM
13217f29-55f6-5da1-9d0f-75086e572c90,ae8b4bb33449a93b8b922b7a65fe8b211793a0aa,item,EXTRACTED_FROM
ae298bec-8102-50c6-b57a-7bf215d3de26,6d9f50c2d276ef5e73b4c32151f8bca75ede2b48,item,EXTRACTED_FROM
edac6a8d-7465-51d1-abb0-a93667cf8f12,37ccfd3f87593edbb733b57f9b4a230ceef5dfa0,item,EXTRACTED_FROM
a495d696-5efa-5b30-b875-f8da3077d288,84033ca31f319d76cedf84c47794853ec10a366b,item,EXTRACTED_FROM
d139bb39-3170-514b-b09e-f268a3b1da61,70f87ec2a076e550e6a59f305490d9df72cbc97f,item,EXTRACTED_FROM
2aa29e12-a0d6-5eab-9987-5c42d6af5410,8a9aac1feca7e29217c879fe9a7bee257c268adc,item,EXTRACTED_FROM
c9341c92-3a13-5234-ab96-3d4e76eb6a46,ae05208c0e03bdc354d203f233bee0b19cd05f1b,item,EXTRACTED_FROM
0b67507d-2c8e-5e71-8b1b-93539112c934,9b21fcc615b599821b59031bbe98373203c47f2c,item,EXTRACTED_FROM
2ce1a5e9-e50a-5fbf-ae8d-da8cab26b7e7,c15139158512a39e700a5a7e06c0e02307d4161e,item,EXTRACTED_FROM
e9ed5804-4ec9-5ab2-a954-48e32607c58d,10fa1755a57f743a784571027a661b2440e130b7,item,EXTRACTED_FROM
8920a3df-c6f4-5b8a-91b0-ba310001c799,c80c9bda86c240c800f4056a628e1f587dadbc0e,item,EXTRACTED_FROM
c8461a9d-f3ce-549f-9a23-7f53913b86bc,67e3848f007b3299b3e61231fb9411d12f75dfae,item,EXTRACTED_FROM
69b78f5f-30b0-54d6-b121-1d8943335269,41aca19842ac532169d1c33addba7bcf020c48b3,item,EXTRACTED_FROM
c3611b22-af4a-5335-9256-dd09fcbe5525,cb8a576242261b47b4b18c82997e805cd8db9aa8,item,EXTRACTED_FROM
a3e3b725-a189-54d6-a85e-cb028c16963e,ea75808533ac335a19ab0e79848ad3ac63d9be67,item,EXTRACTED_FROM
a4a1d65c-a6b6-565a-a87b-7497fee44019,6aa0489bfc8c60a8479c827abdbf4485f52a56e4,item,EXTRACTED_FROM
09736c4c-f984-5e10-88ff-75261cbb1c4c,badbfb2df216aa362788925bccb237aabb89185f,item,EXTRACTED_FROM
87ebe27a-9050-5bd9-b172-4dc4504da7f1,17de1d70e24050ec0d51aa2f6855a11cb85bb808,item,EXTRACTED_FROM
a272c3f7-c028-5e38-9bc4-dff4389d507c,202276e0fbf615117b0927fc23442ea21efabee3,item,EXTRACTED_FROM
a72f59dd-717c-5000-989f-f765ce10ac75,e619c893f7503ff272a6414051982ef004c2185f,item,EXTRACTED_FROM
34a5283a-bf7b-5266-923b-52f8a0411f36,6524745ee030f2a6aba1d8563db5f6ee6bb5c71b,item,EXTRACTED_FROM
95328c8d-8679-53b4-a11e-cf0e3b79a6b8,5ec65e1d5b4863d1e96d236e585a416316881ba9,item,EXTRACTED_FROM
ccbc77c1-54ec-5346-8e3e-f082c8f7c6b1,64d8611701c7f3106e56887577b6329f989bb267,item,EXTRACTED_FROM
4ac719e1-89f9-5f54-b983-d064c08abbe3,3c5156abbfb682a18294e90ebfc099b46959e1ab,item,EXTRACTED_FROM
d57a9992-7d30-59e0-a004-c3df2016cf1b,4e39d9927017e14a96a4b3119b90f3d9e347fd31,item,EXTRACTED_FROM
dff27811-2a8e-5eb8-bb6a-dbb620d66cf8,eed845e78481b4ce81f094f482663eb64af27471,item,EXTRACTED_FROM
b07a6b4a-f15f-599d-bd1b-d75fb3d68730,008fa1fc3cf1765033b7bc0af6a8d5d56a9f22f3,item,EXTRACTED_FROM
9ab83806-e49c-5f2f-9cb1-9cd175fb6c83,0fa8e33514e0fa40a199afca5abe6333e98011cc,item,EXTRACTED_FROM
7f445e02-18b8-525e-99b2-056c639b658f,d5e53459ffb66631dfccc6548e37d3cc1d2fef33,item,EXTRACTED_FROM
5e750db3-7f5d-5ad9-a457-16a005e69097,dfbf66d7eb1e2383df2da4902782104e6cc8a2e4,item,EXTRACTED_FROM
082d530a-03e7-52c3-b861-dbd639375952,1308b12ab81399fd62c996ecc01415654de86122,item,EXTRACTED_FROM
baeff8ee-8df3-5e7a-97fa-11f432390279,8f5c545982960d74f21d3ea1fb89b20f8e986cd8,item,EXTRACTED_FROM
68e0a4a0-777e-5558-868f-fe81cc88aa27,c51102630dd0fd7f08480feec6eb8982f8ba725b,item,EXTRACTED_FROM
a4754adb-9c08-533a-ba98-c811b8d61bef,ff09b80a8cb8707c1556ce2bae9261cd2a6b4223,item,EXTRACTED_FROM
73118d2f-8c16-5560-b556-c7a84042a985,8bc11bdd068b43b3e9ecf5703d859371ee38d223,item,EXTRACTED_FROM
8de1b345-aab8-5da4-92cd-499dca127f93,32cdf9efa25eb4c50210b7b691a452f503d12e49,item,EXTRACTED_FROM
aeef637e-d20f-5991-838f-a2739d2ead86,b5b3ab857a7ac8c541b4736e12d766670987a0aa,item,EXTRACTED_FROM
13d1cacd-671d-5f9f-aefe-52108563c709,9fc316da4e589fb2da684688e1673562b22ca117,item,EXTRACTED_FROM
f40891d7-a143-5a16-a030-555227cebefc,4ba79c45316a191b61eaab19afdc259ff8cbc201,item,EXTRACTED_FROM
48897c68-a106-560d-b1e4-6727e46f0c0c,71c33fb743fb8c2c15404139c0cff3fd2560aa93,item,EXTRACTED_FROM
0278db93-b7ed-5ead-b912-60e59e84ac95,c3e62baf34197d4dfe0038ef2789f6c333be2a8a,item,EXTRACTED_FROM
a81a53bb-2c24-577a-9553-2316d9ced177,657600809b58cf64d0c966791d6b79b6fd889945,item,EXTRACTED_FROM
c9154606-6c51-5095-92eb-72800ef6adaa,f8f9f022f33c7d44aee2b957a2d55c10f2daa32e,item,EXTRACTED_FROM
51818baf-037d-517f-928f-c3af53952de3,f4242bd7653729da963f03e884ca62953744e8b2,item,EXTRACTED_FROM
4976f31c-addb-5c49-8ac9-6e6fafe2c904,ae4d0af05f54d271dfa155657fe5462d07e6d85f,item,EXTRACTED_FROM
94566aab-e85f-5460-8dae-c5a1ca66fca2,13144c25aa2ad8a54884d2debb4329222a613496,item,EXTRACTED_FROM
1662adfd-3f06-5728-8c23-42659ef51fb8,f9aecdd4a48847214b5bb41c5ba5edff9adb3440,item,EXTRACTED_FROM
18fb88c2-ff25-57ec-a4c3-84c85c4929f0,cc65451a2a491ab70e9587e8b5e475870e6e9264,item,EXTRACTED_FROM
a45da0df-dba8-596d-9726-f81718460914,07c3a716187c90478972ee5e3f99b8ef891fd022,item,EXTRACTED_FROM
f1ae97d1-8013-5a1b-b785-875d680a2e16,30721cd5ee42bf90cbadfa10c7817b49a155b1e9,item,EXTRACTED_FROM
2c207218-8315-54bd-a024-2a4f3e297833,085e625310bc36a68d95eb153d9e1af428657e59,item,EXTRACTED_FROM
8d4c994e-db0c-5fdb-a1cf-6735f6182d58,47c2b7d1667fa630ae9f9c85d1311274fe7bd620,item,EXTRACTED_FROM
ba41e95f-c389-5f42-8e8c-0f11059d5340,70a94292f51741733dcb7f7ae6ba77f934d2d68a,item,EXTRACTED_FROM
5d02b517-2ec2-5259-a3d0-a82eb62b4db6,ede8be3574b25d392dd6ca6cb39e9c9635b07be3,item,EXTRACTED_FROM
0921ee85-5364-58bb-856f-2dc35f93f3ac,98feb55acbbf5991f11826104a1ce2403721a851,item,EXTRACTED_FROM
57dc80c3-5347-5cdd-9c05-34cb21d7998c,14a6d5a69ad4ffa67f2e77a779309902ade5f2d1,item,EXTRACTED_FROM
4f76bfb2-df96-5fe6-aa9f-e785dc0c196e,0348ebe5f06edd17225d0dbd02525add75ad7386,item,EXTRACTED_FROM
4010de7d-ce44-5a4a-8adf-81df7c068611,db59eab99237228d554a6911f59bfa1b887ea303,item,EXTRACTED_FROM
844e58d1-561d-54e7-a597-b7975c3ca7df,885b9d51000705b445c5523c35be8218e4ba04ba,item,EXTRACTED_FROM
ea08d68b-d0cb-594f-b2f7-e89ffa7e84bb,a22e3ca6e79409d43c0f831475a7dfcaf6dfdb60,item,EXTRACTED_FROM
45c76e56-3960-58ea-bd1b-7cd817fbcd18,f17f343189cae5cb294722445b0365057edef6ff,item,EXTRACTED_FROM
13df7fa7-8d6d-569d-9009-ec3184d6a672,c8eb3a8d1dac64ad2c6e8e5b5aaf433e64f8431e,item,EXTRACTED_FROM
868cea10-f79b-5e7e-91eb-852de42f12d9,69c3f3127ac81bbd70ec14a01698677fe8568b13,item,EXTRACTED_FROM
66ed7c2a-d860-58c0-b829-2d958aba5244,022b163a730cdfb1d36210787391b3b677d66c5a,item,EXTRACTED_FROM
4003fe53-b381-557c-b6f7-9c1d891407c3,2c45d70d03d31d04616d38c3828c667da0745079,item,EXTRACTED_FROM
845f2ad7-70b6-5b5f-b340-de8f07b5c4fe,d604a46648d30bb747af61bbe35b1d141841d3ac,item,EXTRACTED_FROM
1f0a8561-8957-581f-871f-a59a487bab32,fea361ffdee83784ba020c1ecec716b02dfbf391,item,EXTRACTED_FROM
0d998941-1b17-5515-ba92-6a143b217e95,4416e61dc80a1fc6bbf8b0f4663b9ff89b9e918d,item,EXTRACTED_FROM
7c3d8ce8-4961-53f8-a336-9f27315f2460,08189101e9e3a5923f3b9e80210f19920003a1ce,item,EXTRACTED_FROM
808c9f8c-5823-513f-8617-44f025a5bed6,79288ce5b630d00caeab5d075cfe2e0a0ed13b65,item,EXTRACTED_FROM
95789d40-4b57-53c2-b798-9d06db1372e7,93a636f0a6c3391dad9ab3950f9f3159f4bf29b9,item,EXTRACTED_FROM
d4195a04-70c3-5618-b026-6317cc2026ba,46ac92e99f0b7a5f3eb3ae56cf229a4905fdd9e7,item,EXTRACTED_FROM
b4d531be-74de-5330-aca3-a31dd48faef7,81f55f056c3ee10da7695398c71eb832ccf2a3ec,item,EXTRACTED_FROM
b39e559e-2f1c-55d7-adc0-af791dfea061,77f39d84d91b7ad02bbf632c6206164607e98799,item,EXTRACTED_FROM
cb3d92b4-03a6-52d4-9556-d16d65a89117,46da7d26ba4b8d07992a3707a71254bd5eae4e57,item,EXTRACTED_FROM
a29883f0-c078-5b8f-b840-529c2829198e,284fb0a8e93d9f1eb8a8c15a5030ccb85b051f7e,item,EXTRACTED_FROM
a46fe354-05f4-5665-bbcb-acde722618a2,8af01ba69b40828b2a9624a296501f87d737762f,item,EXTRACTED_FROM
f4586da6-a005-5c84-b2ab-62db7cfb6aff,047729e8659951170ee5773ab1104d17ca1152ee,item,EXTRACTED_FROM
0e9e178d-f0ff-5530-9837-6ca162372d8e,620c1e42a8878dc9faae968fdd61d37bde643735,item,EXTRACTED_FROM
bb20781e-7c14-5ef1-a38f-1a421a17441d,c0bd08c816fe296c70c6ab9fb926ce022d1ffc2b,item,EXTRACTED_FROM
4a6a1ab1-3259-5691-a527-27b728e5a9c1,bfff38c62ec88a6ec06bffface72bac1d2026334,item,EXTRACTED_FROM
8484115f-37f4-5e11-9724-7d18cc1ae357,a353e5c80ab8147f8fc6f416a9806ee089b26692,item,EXTRACTED_FROM
28757c3d-8dc7-5478-a588-59f307799d8f,26cdb837866fbbebed1b6d488a1c22257a8cf96b,item,EXTRACTED_FROM
48e4e8ce-4091-5379-8394-6f304bcf41a6,7e46d7f16258f88dda227fb794ea67d6aef67cdd,item,EXTRACTED_FROM
c875ac04-5e52-51c1-bbad-e5430083975a,fba16524b1c975603c94e1b56f323a8b166cc621,item,EXTRACTED_FROM
e09318aa-a89b-5915-ad30-5ae91bbc6f24,7c6e4a7c223fb53b5bab531bf03eec7110ff1491,item,EXTRACTED_FROM
eca85589-e917-5da3-8028-4b14bdd1e4c3,48ae4a200430fdce0c46e6da12a28a973ef6c57c,item,EXTRACTED_FROM
a49b8e23-4829-58bb-ad0b-452501e867d2,08b68ea84cb092bf57cda90b3bc46a04b76617f7,item,EXTRACTED_FROM
c62b07a3-6752-5f11-aa0a-6ead82d569c4,f338ab14389d441879f27b7eb45394bb96ccc971,item,EXTRACTED_FROM
b1504e78-f2f5-5ebe-bf5e-ed8f9774a0fe,5e57cdaf2a68130cb4b9ffb2c5a7047f9342bbda,item,EXTRACTED_FROM
f7e548f5-d019-5969-b91c-828f2ae56d73,daecf83d65afc8ad67038d87f99114d85b913ce2,item,EXTRACTED_FROM
efb5478f-78f0-507c-835f-13c18c03617d,fd4fe4b7908f74d9374d26a20c88d232209570fd,item,EXTRACTED_FROM
2d299524-d61b-5f25-8be7-6cccd23b0204,567055ef76fc1fa2730352a3e345709ff1e2e1fb,item,EXTRACTED_FROM
13d9a758-f28b-51b0-ac28-abc49ff733c2,ef3cbd99a85eda94df302f5a79b648ad48a1f047,item,EXTRACTED_FROM
7ad4f27c-ff6d-519c-85e7-eac71f2a1679,587c6a8385f91c52e805334bbaa0d861ffa42ba0,item,EXTRACTED_FROM
75fa91cd-a8b5-58bd-8d18-cc863282aa54,b66d89221fc2ffb03bc132f9860e3cbcbe77e595,item,EXTRACTED_FROM
722b7277-f3cd-5f57-b7da-1e60d6e43a6d,2f965bfe15e226f7594abe125f026e5e327213be,item,EXTRACTED_FROM
46b4e7d8-548c-5a77-9d51-3c2fad0e3d69,f531c1f4101e47ac2b212252a5ec2c4280151e56,item,EXTRACTED_FROM
59b524ba-26b2-5307-a5e4-e72b5d1b6bfa,43cd4add1063e4ea416ed98f04c65abb887e5b89,item,EXTRACTED_FROM
6e80fa48-9a4c-5dd8-a1e5-f88b36d34c0f,f2dd19e314047d0e94e36376c856349efdac507a,item,EXTRACTED_FROM
b10bfd6a-9a2b-51c5-8f6a-8462acf59586,d70faf320a087a5bc8b9f57c31016a05338e90ad,item,EXTRACTED_FROM
77b05b6f-365f-5591-9151-b97434e335fc,cd2a8f45368e98f7979fc522c05b42d18c9f0256,item,EXTRACTED_FROM
9fe2088f-461a-5fcd-a6c6-4b508d3852e7,03aff0709d9a0a7cb0f9476d7b25066e2ff84a70,item,EXTRACTED_FROM
2669636b-60d3-5128-975b-a88402dabb47,3b52d00af042f190764057df920dc66c18a6d4f9,item,EXTRACTED_FROM
94bef86e-6577-5bae-b965-833990245f64,f61b31db44c2c0eb7ff6c5f866050acc7d5465e7,item,EXTRACTED_FROM
f46e6131-1b24-55d8-9f02-71fd3bf31fcf,8570b934eea4a951b428a4146019127a50e136ef,item,EXTRACTED_FROM
bcef3757-5cc6-5ff4-8861-72e2ec8f9157,1c318960bf0376b97efa8d31908b31b4633cba60,item,EXTRACTED_FROM
07bbeabb-0554-57f7-ac69-25f6c7c03253,95521712d664fc43d5731cb98f333224220d92ee,item,EXTRACTED_FROM
1b350e22-72cf-508f-be9c-853af27a9397,b48cdbc8ad02234d06af43a1d344b4f5b14c7c85,item,EXTRACTED_FROM
dd0069cc-9af6-52bc-a2a7-f0371a05a978,c36bf01eb7e4a3a051cb7d1afdd18012c84cf33d,item,EXTRACTED_FROM
f3c34e8d-4afc-540b-9ef0-9eecb3d46844,9438d75773967efdb965471eb05b14478b28deb7,item,EXTRACTED_FROM
7b172f0e-0ecf-52ea-8b71-fa6e54df7f41,5daea68fad1ed09de36ba4d76d05dcc8ba3cbfd8,item,EXTRACTED_FROM
da41ca46-c4f9-54aa-927f-21da5e682966,45f491303f9d61ad988fb120b58f42c1e4709fae,item,EXTRACTED_FROM
9c5834ff-17e6-5fba-b28d-802bf284d007,8fe58a10e43fa1fff3b8a64a1ef9aa12625b877d,item,EXTRACTED_FROM
a5f580d9-5be8-56ba-8ff0-76f4cf11c59d,e1c8ee097429bf00933fc1a920f7f88b2182f5d6,item,EXTRACTED_FROM
1cf61354-fbcc-56d5-a81a-d3433ab545ac,6805f3c05405795ea5a8455f7b7bdca5580f709e,item,EXTRACTED_FROM
fef59d7f-42a5-5aa2-b0a0-2f79f1aa4932,56a0a3f1e1e385e98b337a6c0c8782436c91a7db,item,EXTRACTED_FROM
8cea8bfd-bbc7-5fb3-ae63-697c702a72f6,024932a1e718f2dcdb36e8ead8987b78df1904dc,item,EXTRACTED_FROM
955ea238-390c-5cb2-b3c9-3a8716880084,929f3d1983baac44d481798695758a71d02df6c8,item,EXTRACTED_FROM
fe17076e-ac6e-5862-b0d1-8ff0c112f4c5,cd502bcb83dd37eed8d2e89c79c178c803946f98,item,EXTRACTED_FROM
5b11a7ca-1bcb-5426-b543-7e950611293e,dc93918c1fe3c38347b7f3dfd4cae6ed965922f3,item,EXTRACTED_FROM
d3d14da1-8e2f-5f4e-ae72-b5fb95b26235,9a12a3f4c7dba64fbfef0db26c6183bca5df0660,item,EXTRACTED_FROM
21efe371-79bf-5c65-a86c-60be8784b9d6,afd99153415b36ff91b0bc3161f553b32d088641,item,EXTRACTED_FROM
d7630e5d-f82d-571e-b4b1-1964bb1e8f85,199c6fc45ac5c3a274b44be27d126dc7af3b8915,item,EXTRACTED_FROM
314c4a05-d460-50c4-8c6e-13eb8e47ad07,43694b63b2145dc56dba644e92eb54319d0cc2af,item,EXTRACTED_FROM
9136d19c-10db-5fd2-8e49-428898094461,b0a7b9a696bf97b23267146d71765d352ee0586f,item,EXTRACTED_FROM
106a300e-ea4c-547d-9ae3-e5c5b852c3b4,e7e3529a89f8dd623761b960667b4655d68dcb3d,item,EXTRACTED_FROM
f147c7a8-6c3d-590e-8e09-bff776c891c4,33461394b2e0071b4fd48f6cf9a092c4c6f175ab,item,EXTRACTED_FROM
2a7439d0-55bc-576f-9b2b-7aed212e17d3,592d262665408cfb2d12d30c37ff8e48815aa9d7,item,EXTRACTED_FROM
218aadad-a114-57a8-a569-ee4156789885,8033cd28664ba20178b2cc4e28570231b5f965de,item,EXTRACTED_FROM
1d5f856b-b882-5b65-a04c-3d3cdef8218c,61a11c90b43783144a373a04d54c2e966c2593d4,item,EXTRACTED_FROM
80084d72-bc9a-5997-beee-b9775b7591f1,2db84d7aa2fbdc5c43ce703c7d7fc2db47e605c8,item,EXTRACTED_FROM
7d65ced2-baf6-5834-8378-2e8d23772e17,9accb0301136271da6168c3da0f6bcfb92495412,item,EXTRACTED_FROM
f234fd0e-d6b7-5de3-83d3-b88a132b4806,bc5bf1375abd2161525f662b7c19d99723c4109d,item,EXTRACTED_FROM
eabb9838-e412-5488-926e-d5ef5b1f5f47,9c20a4e7d10f8d1e769ef75f231169d9349420e3,item,EXTRACTED_FROM
0ebb64dc-3151-5009-94d8-a46a525f6561,3a731d0f29871ff08efc925c55d56f0b05c7ca3f,item,EXTRACTED_FROM
8ddd2625-6f0c-56f9-8335-28539ebe5826,514af74df90ab2dfaac95f01567dfe12049d3917,item,EXTRACTED_FROM
bde752fc-9279-5472-9ac1-861da14c0490,db07969978fc487206bbb5de66452b4953bb133d,item,EXTRACTED_FROM
eb6e1edb-276f-5ce6-8219-aa60fe50a550,ad5cfe5133a9dd3e478ffdc72962362ed9eaa63b,item,EXTRACTED_FROM
4c17d004-fc40-5243-af97-06b1bd3d5c3e,211700f59c1a299a1fa948182425d8363834c671,item,EXTRACTED_FROM
6480b922-b64e-5d8f-be58-5b0544727485,922e1ba076053048caf99b47bb57e8ce1ee548e9,item,EXTRACTED_FROM
2fa0a410-6429-5b95-b543-a7c601a4edaf,894889abaa02c59f71104a7cf8b342bf9255fecc,item,EXTRACTED_FROM
5439e817-5fad-57cf-bcb9-8d2214951eed,085dfef74b941ad763b3428a4ad22f7ef34a8b7d,item,EXTRACTED_FROM
cf136a32-f5ee-581e-aa8e-24f8fc64dd82,e3924e0035e5e56a9e9de40c86e34eab708b4fc3,item,EXTRACTED_FROM
3b416336-ea24-5182-bfc6-a3d0075c2204,986ba43de3854c3bc21c6bd563dd0cbb4f791b23,item,EXTRACTED_FROM
17980626-0baa-5d0e-8d21-b547fc254fe5,d445b51341d38ae1fa4d57579e728b30aae97e23,item,EXTRACTED_FROM
2826cbff-38f0-5107-8741-1503bb7f112f,c9e87672b9fbe809e0d89475c420280e5c0ee097,item,EXTRACTED_FROM
2c4c1661-5ceb-5574-b8ae-1647de41b706,62fb1332bd87e6d902b03602aa9d99ec8fbbe22d,item,EXTRACTED_FROM
4777924d-ef73-5197-913b-e9ac79020e7e,cbdfb17a480b0b11d6824679a5a5bd245efd6f58,item,EXTRACTED_FROM
737ef9bb-af71-5b5e-a8d4-1376848d3fa0,794163e1638015b6bbf83a57e6177308d0ec6524,item,EXTRACTED_FROM
d4da125e-810d-5cc9-abf4-820d9e148394,a6f149f0bff68f8a8602c0ab33aab1888c0b5d07,item,EXTRACTED_FROM
6e7060c0-ffe0-538d-983a-7c8d545448f2,079f8912158a30e33c3adc0ffd881050ed413c2f,item,EXTRACTED_FROM
3bef0441-33cc-5ac6-8e89-14e1c3992995,4cf621a2ad8842a4bfc115d6ebbf0095401ca664,item,EXTRACTED_FROM
a30d0dd7-14c9-50f7-b057-5777f29100c7,8a36c95a0e21b5656b432a987ccb7e45a432e0b1,item,EXTRACTED_FROM
15d0baea-d8d9-5e14-b19e-9a356698ce46,0657dd30cf13e4e804291339eecb7e0ddd8af73e,item,EXTRACTED_FROM
e505c614-45ef-5d14-91e5-373fc56115db,cd0c9d755389bea9bdc99545dae32e33bcd4ece6,item,EXTRACTED_FROM
a410b5d5-b69c-551a-8ebd-65a308f7133d,d6cb4ceccc2445d1aa649a98269030aa302ae7cf,item,EXTRACTED_FROM
2fd62fca-c9d1-55ef-b8df-f0ba48ed960e,d583cd1b83e020849447935cc593249a361d5cc5,item,EXTRACTED_FROM
e2d06bab-3f96-5c20-b05e-0344728b88d1,28dc758ff3bf6daf49617b6d31f65ab3c2db56e9,item,EXTRACTED_FROM
2f648dcb-d469-55f4-b061-4706eefe90a1,c0f7fa0720f1679c56ed2e9b661d7a09aca4ef13,item,EXTRACTED_FROM
82752780-d0eb-5708-addd-52767962d73a,67a352da948fdfb74d7d5f6b494664f081c62640,item,EXTRACTED_FROM
e2ab4c4b-2763-5d16-aa31-119134f3417a,e5697cc7b38b1bf1a5fbe0d9e97b8935bffa72bf,item,EXTRACTED_FROM
54d6bb89-dc06-5ef5-a70e-59434cf6688f,e777a78083bdffecd7f251ed3d3b6a5da177ad66,item,EXTRACTED_FROM
359496ac-8c4e-51e8-8a26-2f29a9955619,95f099c0891556acbaf27f8e414608552f1ebaac,item,EXTRACTED_FROM
2e880c30-6bd3-5b09-9303-de5d9c98518a,90306e2ab7092558e7cc6c052427be159d9170d2,item,EXTRACTED_FROM
578a574c-fa9f-59f4-9e0b-3fb41b8268ad,6e7159e592bd526a9c79c15b15c45bd1b0ab286c,item,EXTRACTED_FROM
7305d94d-7395-53e7-9cb0-f3436c5bff1e,66a3f5df99031e14c927cc866102af25761922f6,item,EXTRACTED_FROM
53779cbf-01f0-577d-bce5-47241170efcb,2815c6bc9f48ce49a700fd85e33c04cdc6b8021e,item,EXTRACTED_FROM
df0b03d1-8584-5a0c-aaf2-061bca1f52b0,ba4d374bb8ab12864b0eae16ec9b666ab68ebe09,item,EXTRACTED_FROM
f1fc9e91-229f-5cf4-9d99-ee0f2eb3e3c3,e715247c26b69aec16b3e9abafa8e8c73aab0208,item,EXTRACTED_FROM
8e4402f2-6e31-553f-94ab-4460a83da82d,51c4ec852649c024e129553df0c935debca9224d,item,EXTRACTED_FROM
098aa617-4ddc-5a84-b7d9-f63ba1dbe802,096262cb38eb86d17522e2ef9c78ff0a8b0bf744,item,EXTRACTED_FROM
b9a75fb9-257a-530d-9bf7-f216aa648844,dd1a580b79da119f82c32208b7cb14712e32a9d5,item,EXTRACTED_FROM
cab30045-11c5-5496-8526-42f7a7cc9341,5e0adebde49befe7cabace5d732b8d451b97c0ef,item,EXTRACTED_FROM
dda542f2-9ab9-55ef-b6bb-1bc60c34fc75,9ce584210addc98d89dbdf6f2445d445cabe162c,item,EXTRACTED_FROM
9c85301f-7fe5-5cfa-b1e6-0e94ec6de72a,45aed1ef000a0735e2face112951104264eba932,item,EXTRACTED_FROM
c20f52a7-053c-5388-8a04-c46fcc427a33,7088c6ff085fd5aba3cbbb6f7cc21f58f2b662e5,item,EXTRACTED_FROM
be7945ef-8c02-59e7-82d9-ac07e1a24eae,fc6632b4525d9c9f134f4a9c3aea8a47b759df8c,item,EXTRACTED_FROM
07a450db-ad40-5063-9ce8-f0708e432b77,c7e38410c0d0320b5a70a0531d4fb0ada04e785e,item,EXTRACTED_FROM
54a964d7-b58e-53b4-bf7f-a983391a6b9a,a5b4e819d7823c6fab0c20e15741b0803fd6cf76,item,EXTRACTED_FROM
f853c25d-53f3-5394-8e33-58cd0cece83d,1e06bbdee1fcc84baec324d6df0fae252a1dd397,item,EXTRACTED_FROM
0b44347c-7b78-503d-947c-7c08f34d768c,70985d6205540d945a94cf6b030df8f5fe84276e,item,EXTRACTED_FROM
fd93f367-3b09-57d6-b819-5ce9c09cfaf7,7b417cf80c0ba83f4609a08ae5dcff96b0e8b4cf,item,EXTRACTED_FROM
ebcb96c0-115b-5c5f-81ee-71cbefc18c64,6ee14995d39541cca49e95ff247adf2422ada671,item,EXTRACTED_FROM
8dc04835-6b6d-5c1b-bc11-7bf1c871b1bc,6a17160d15001990b0edd31b3b44833cca15874d,item,EXTRACTED_FROM
0287a657-84dd-5402-849e-a667b0378e5c,0ae400665dc71fd4671595f0623c25b952f22628,item,EXTRACTED_FROM
e1a128f6-f57e-532a-b7eb-0688d2e21d13,b1060879fe25fbd476f47ca8ffa13dd92f699385,item,EXTRACTED_FROM
794b0afa-90b2-5242-a22b-75d78237a58f,561d6f523e00c66d2f853b055ec4e73c34243fab,item,EXTRACTED_FROM
94e7b3b8-ac78-5f7a-9251-095df12e147e,e2666a32f1e550209bea531e730224a024baa8d0,item,EXTRACTED_FROM
78053f77-642b-5d7e-9fb2-2457b3a06925,f92512b1da8a9a03d381f65cfe725e264af1fe36,item,EXTRACTED_FROM
af1959a2-9bac-50cf-900a-1b9afa29e817,8b87978fba081c114605085142f2e813746d5c13,item,EXTRACTED_FROM
b2815b6d-25b6-5402-a534-040e6a787551,5c6422fd6e0a8e804f4383a8b987416e115fd0ee,item,EXTRACTED_FROM
28e31995-b360-533b-b02b-53bf02702899,011606c0b1077c21f6042c9a28d1bdc18a414c0a,item,EXTRACTED_FROM
a98c91b4-5f51-5cb9-9919-c2321a8798e2,4455ce489dd7bb481bd9d1c89acdaa086858264b,item,EXTRACTED_FROM
914d4309-4b4c-55cd-af10-baf933ad58d4,9e634770b9c017b3c435d5d2517c950bef9cb64f,item,EXTRACTED_FROM
66d2e65a-3779-5f22-8680-403765185cce,1d6e66a629c17b0487539da2bb41f1a2d23f859a,item,EXTRACTED_FROM
875d6c0a-cd1a-5d09-9673-80b6017ebd8f,00b6d7ed754fc7a3ede5f6dffe2bc117c22504c4,item,EXTRACTED_FROM
456716c3-4349-5cf6-882c-9246fc54a27e,110d26fcb301070c1bef7e573cd89917cecbacdc,item,EXTRACTED_FROM
c13d7aa0-97f1-5b04-b611-20e080b9b37b,547f4c12a5c8282cf9bbb74720e124ca88d67486,item,EXTRACTED_FROM
2e0deb89-99b6-5653-aa83-ecd5225ca7f2,8c4d499ed1db6ebcd6e03bef0d71fd1c7f85b1ce,item,EXTRACTED_FROM
603cf4db-56b4-57b3-910f-af075d2b56b7,d48bb6bdedf21ee8f617f22bf08fd4e5b780efaf,item,EXTRACTED_FROM
5bc9ad1f-e74c-5325-a496-5c6e2fd5fc77,4f74e06b762247fdace9be720de4bacd509e0c52,item,EXTRACTED_FROM
871d639f-fc3e-596c-8062-7af8bef6cada,15d738520a786a4eea5b1ab0b19d809754dc5003,item,EXTRACTED_FROM
aa210ab5-8536-5ea2-8d2d-50bb9c5a4e71,eb849e5d74ff1865793a2ca0ddd5be1498107cc7,item,EXTRACTED_FROM
0d076700-b1b9-5a58-b072-a571cbba7677,131d046b59162e4b4937aa9f30bd4bfcc3385f83,item,EXTRACTED_FROM
5bd7a5ef-09c9-596b-a02b-0bcd6dae1c94,4384ae75f466726e67c7133a39ad1c50eca6a152,item,EXTRACTED_FROM
1f890424-c6c8-5db8-bd4b-35a85751b40a,b309262ace5a0c1b29b502cde4ec5a4b8b984c6f,item,EXTRACTED_FROM
9f00b429-fc47-595f-9074-2e55fc074e32,45150aa3c77d8f895cb075d87dbfc97ba295fece,item,EXTRACTED_FROM
88d87e7d-7af4-506e-bd00-f59e2bb0907d,b21df74d3c7465dd880aae90290864bae9a0a4a9,item,EXTRACTED_FROM
4c3e33cf-a26c-5360-98e4-0a7253062333,73be012a113692b89f877792cb038574b3381884,item,EXTRACTED_FROM
cfb409b5-2567-5a92-8895-f5e216f6cbe8,500a4295d6337ce96ed1be1fe54e2b3f53310c11,item,EXTRACTED_FROM
7510609b-19a9-558f-8325-c50963a08e97,f300d5c4e4b38f7cab44aa9112af0b96e1a1e191,item,EXTRACTED_FROM
9032a58e-3d8b-509d-ad62-25b75eb5b52c,e6dc3968582536b0fa6284144db4c4f7c96a0311,item,EXTRACTED_FROM
83cac96c-22e7-5868-bb3e-1cab25fd946b,1a276b4e3f80744dfae7de255ecc1e1438cfe649,item,EXTRACTED_FROM
e5e2691a-8600-5e8d-b5fb-02c2d1c88442,edc45573f711804e8e08dfbc9798a41ff5d23d03,item,EXTRACTED_FROM
ebde1b1d-39f7-5fab-87bf-c0f2403252fa,b3b3f81b98106953478507744db057471144bdab,item,EXTRACTED_FROM
d8c87b24-6906-56fa-9435-298f06c301ce,6b569ee7e92f35492953beea7befedc2e58ea5f8,item,EXTRACTED_FROM
64ba4e7a-972c-59d8-bcc7-e8bbe78d0d0b,70e22908cc7f6dca98db3d6d15c83fe1d7c0dac1,item,EXTRACTED_FROM
58e468e9-59d7-51d1-8530-250b8ceae849,095002da53c11f5ce4f80fe617ae5a840246e7af,item,EXTRACTED_FROM
99ba7197-a591-5d21-a22a-ede024130e81,ca797832b3b398807c2326e1cb0e3e7d227de0da,item,EXTRACTED_FROM
c28ced63-70e0-5d99-9370-dde2226345e9,93cd8387bf1e50b7c940b0d4f9afda239893fe53,item,EXTRACTED_FROM
36650807-f05d-5dd6-a349-89b95131f14b,d94fb8c77f89c2b6e3c19711a0724b8d37acf2e1,item,EXTRACTED_FROM
7cfb7176-3582-5582-92b4-dd66b297bed8,b4eb798c322de1c583b16d96b0d1631bc928b0c0,item,EXTRACTED_FROM
87f58a3a-097f-5a00-a675-239bfdf99f94,8bf07dd225be659a4b163d9152c8b9ad53e495a9,item,EXTRACTED_FROM
0b22da81-5e89-5a3c-800f-f6fe9953308d,a2028f1bcdc5f4e503b60dcb1e34bdb139ea9266,item,EXTRACTED_FROM
06016362-829f-599c-9c6a-e150f637b386,0bd9f2ae39e6c8ed41c016670e620fc6d7874cd7,item,EXTRACTED_FROM
e7e27a0c-66e3-5b0e-bd37-e867073a1f57,89e5a89aea1c246c9140c57d3205a2f15b678cc6,item,EXTRACTED_FROM
3a186ee1-9049-589e-a51b-7366d364d14f,7eb097ab1cc49f0399a89b629c0a8b56bc2db1b6,item,EXTRACTED_FROM
6fe044d4-72ae-54e8-add4-893ec1d4b19c,5843cfa32554d341794dc61d40bdac9def7bda28,item,EXTRACTED_FROM
abdede12-6e87-5f47-a5d9-08eb8f2f076a,180c30ab5744a1dc68382005afa56e8b75b62238,item,EXTRACTED_FROM
58d2c26d-336f-5ac6-a5ff-46fd273f834e,483c58903bf8e8cebea06394d8e166307a67a676,item,EXTRACTED_FROM
4b2a2a5e-3f33-58d0-97b4-f7f3065f1d7e,551f9d4a719b5af2b22036f6540ea08799b1d2fe,item,EXTRACTED_FROM
f80d877a-82ad-584b-8575-e010695888c4,3af1270019b2c6c51e6f810ed8f5463acbe35e7f,item,EXTRACTED_FROM
094eb912-0a1b-521b-b745-469c680324ff,a4da96c9a814091ac3aa2771df3a52cd4c365673,item,EXTRACTED_FROM
2120b6fa-c0b0-5ecb-85d3-68cab2743d2f,8995170fcd51f790caba9dfc9b6cc7ec6280fca6,item,EXTRACTED_FROM
5d2e3d57-d182-5794-a3fa-64db4173ea91,5a8b1b41d049a16cd22c05b5a4e8fd3f7364cdd2,item,EXTRACTED_FROM
74452a7a-fdfb-5677-ba5a-9b744b871b03,56712ed008d7c8608f2dbdf67b3e34187d44d704,item,EXTRACTED_FROM
7c40a915-5452-52bd-bfe8-54df7013d708,a262d58f8fb381a4df214b4e55486b094905d1c2,item,EXTRACTED_FROM
bb156b00-57eb-5731-9b0c-2b2736b71444,256c5221c18e1c8b96f95efdeccb367672afffcd,item,EXTRACTED_FROM
202b974f-716c-5680-ac74-54fbcf442456,2f33b9590db37e621218d1ab70d00896d027aaad,item,EXTRACTED_FROM
228b990b-3284-5ef5-ac68-eec2653fc606,6df3a99dc987c0aaa30013913691acb82ca46cff,item,EXTRACTED_FROM
960bfa5a-6f7e-517c-93cc-5ce06b82d6a6,a43ebed717ba0edd46883e6c4e6581e02c637dc0,item,EXTRACTED_FROM
7dfdf2f3-a419-5afd-abf8-ee55b68722fa,967e67863e53f4848ba6630e2b1c8379903e5b60,item,EXTRACTED_FROM
c2ffa2b3-7e16-5fff-b180-9ddde514820c,8312e77973e69f99be09cab7b0ac18c15437f19b,item,EXTRACTED_FROM
3e4146be-add6-5b3b-93f7-43cc99c211a3,396859c1cdc47e212225f8989de176f8e7290678,item,EXTRACTED_FROM
a534e4af-2998-5347-a2bd-1dc19bb54961,83cd31c647b36b2edf0c7a181fce860eec3d1b31,item,EXTRACTED_FROM
38ad57ee-fd65-5c60-bf0d-47578d5cbb34,96ccf8a2ca235c11ac6420da595bf65bd4ea276a,item,EXTRACTED_FROM
76b6de20-ddba-5fc9-8cde-dad9308ac3fb,42a4819b7c9273520b51d12a96457fee7c1ee607,item,EXTRACTED_FROM
449f4bf3-b63a-521d-ad55-039a1fe5d8d7,ec50bf2ffe9663db5ccde569f47790145d2b7c9a,item,EXTRACTED_FROM
e3a4a312-c97d-5c12-a470-3416f90eb889,ebc9a839f25ce277ea8430824545cc3f227f3a55,item,EXTRACTED_FROM
1730ab79-39b8-5d9e-911f-47587e1d02a1,fa9b605ae7a3bf6d332496734c23252ea7d3292f,item,EXTRACTED_FROM
43575675-1e3f-5462-839e-91a84ebb1935,c28dc385d84bf50ceddaaf43eba7575df8aefe99,item,EXTRACTED_FROM
800dec0e-cb80-5517-abd6-aa07e9bd2dd3,24d470fa6f7347e5a22ef52d9772d656cd0ca7d3,item,EXTRACTED_FROM
cd57116f-de3b-588f-b556-a301e90b92be,e7b2621674163398f17cbfdb84dd3279e1f17cbe,item,EXTRACTED_FROM
60a7d5af-0391-5d3c-8e8b-1e4ee462337c,c827077d09c6aaa7ba8013315c3009c58b9a7831,item,EXTRACTED_FROM
47d888f8-bb22-5628-8851-1385ad805312,2c82b063e2b70ac8dfa05fdf5e5c43986309b120,item,EXTRACTED_FROM
cabd3e72-3be9-5b4e-a4ed-38bd1b436e6b,bce58951b9c46abfb57641e6eaca6274fa66c095,item,EXTRACTED_FROM
d3c33dd8-09d2-5e1e-810c-ea3da68d7645,1136a3bbf10ecd62a819591e9f28da841395fb4d,item,EXTRACTED_FROM
e0ea7016-5ad8-576b-b5f9-659a3a44f655,8aac56e9e3f7c5333015bf4f6fc2785ea8ebb109,item,EXTRACTED_FROM
7db5f171-1d07-56cb-95bf-373b0e6fb7c7,d661c417df060ce1c73157d9a89adf2e5016bc5d,item,EXTRACTED_FROM
18a1d700-dfe7-5f5c-9a3d-315a10887e62,d8c2a1444932218e6bb23010df286a9bfe91c30b,item,EXTRACTED_FROM
1e91f30f-3490-5679-b1a6-40bd00143f90,73a6c957a767c9aaddc617ee8993d31d20591ace,item,EXTRACTED_FROM
6724a89f-3b39-56a8-b4b4-1da4d571cf73,0d414ae5a3fb5be3db65bf384a0e21780b07ba8d,item,EXTRACTED_FROM
e616c66d-089b-56ee-af64-df24f4968609,0fa32eb7eb7f1363e7a3cb4164e9963f9aefac23,item,EXTRACTED_FROM
c71bafba-c305-56e5-a814-4bdf09284711,9a326f9d7e5ebce9ad113c7b0b5aae7ac13ed2af,item,EXTRACTED_FROM
1d6e0640-0616-5faa-9c8a-76d93e801177,f3d5219379fc220451aad19941cb7042a8d9b3ad,item,EXTRACTED_FROM
de3507a8-f158-5ce9-bfde-458e059db4ac,891ae51e790df1403192f6aa1936f3b03e4d8d0e,item,EXTRACTED_FROM
b8edd2ae-4a3d-590a-b464-da79a0672d86,fe0ebabdc8996d4fe3dd012ed3a7f3bb91557b6e,item,EXTRACTED_FROM
7240942b-5d63-5eaf-9167-0d38d227e538,8b005f4a135996a7c6a64b8c9546218b10153528,item,EXTRACTED_FROM
60dc382a-51e1-52b4-96f8-b8ba661a57f4,0b44716ebc5a7748046c9c5aa42dafe0a082d7a9,item,EXTRACTED_FROM
15d19268-08f1-55aa-8c32-b65bb94a6e27,560d547079befc8d434821b87a55e9e84f8b27d3,item,EXTRACTED_FROM
b6a2097b-930d-5922-b059-9f30c5dd5e5f,19d31e80b7d885892bfce68c3aabf4b163676469,item,EXTRACTED_FROM
7ba40ecd-8978-58ef-8ba4-72c72af0c263,f1de2350b3fe579dd37dd45aacc4bd225a0e7a17,item,EXTRACTED_FROM
ab471645-325f-58b8-a049-00d9bfb2161e,767b61bdb5bea00f03c76648393e88f611acdab9,item,EXTRACTED_FROM
6e4c1ac6-4c0a-5227-916f-1bc608e63db8,83fb47c0fe818ca689c1fcc743c861d801d8ad11,item,EXTRACTED_FROM
dae5f1cd-377e-5975-bba6-fe3bd0a31d08,e36d4f32f63eed5401b6f560f703400fbef151e9,item,EXTRACTED_FROM
95ace8b4-d6f8-554b-8650-7cc616be8dda,9b2baedc1291558deb1694a25158ae54ecf62760,item,EXTRACTED_FROM
0e92c294-d4cc-5fe9-bfa8-a07feaf0e5f7,8b99746aa516ec9cbdec01d54eb1a06850f1ca11,item,EXTRACTED_FROM
6669dd7d-affc-591c-8b3d-c462159a11e9,b6a8dca9fff38a0670721f3020fdc12a7a02cc08,item,EXTRACTED_FROM
2536e78c-02c8-5b39-aa6d-b8d8c0b8cb74,09f59f0f907dbc8385fea3cb118725e8e1ebc918,item,EXTRACTED_FROM
b8b41214-89ef-5e08-95c9-bcb43d09a800,6ad915093522abb9bf8a2d6ad1590446be59f191,item,EXTRACTED_FROM
521a814c-2de1-5a70-a2b5-54a4645f19ff,eb7ef1606dd284af170571ae19378d289f9e3e93,item,EXTRACTED_FROM
cd4c1504-ddd0-5379-9e59-33e43dc05d13,8b4e3d843c603f4ad88ea12bd60dc6e72dce3d2a,item,EXTRACTED_FROM
4f15dcc1-c344-5312-8e07-f00c40ba14e2,431a8c4e0a1bf5751f308d8bfbc012a6814cbca2,item,EXTRACTED_FROM
06979025-8cf2-58ce-a5ee-0384a4a77776,cf10a3350a42156909f833096ec40a083847f17a,item,EXTRACTED_FROM
d32d4d3f-0c36-5753-9a94-83b6627336bb,7e632fc04cc854d5d5de7e32c7e0e198efa25f35,item,EXTRACTED_FROM
8acca57d-dcc5-596d-b1e1-3f24543d3999,6ba527f667f336e8cc01f59cf82849a18be16179,item,EXTRACTED_FROM
0a134911-42a8-563f-a558-222629029277,77dc6153005e9e6ab347966f1ec3ca4b4d9e4e13,item,EXTRACTED_FROM
809520c7-a233-5a8b-9de5-9997cfeae4c2,53e091bf75522dc4f363aca2b6d9318827c8dcd4,item,EXTRACTED_FROM
51aa2e51-d913-5ada-a39c-d4c00efefcf9,be39ef6e2c8fa814666ffba23e97e4f2764e1909,item,EXTRACTED_FROM
bf824eeb-2c1e-544d-a939-65ae22935e99,68fab1a14d46f8b5ead92e10a3a9428574a7e7aa,item,EXTRACTED_FROM
c06b3f78-e4f8-5007-8ab9-7b5577fb8b40,d6cc85927960adfe06875db94a0cef58727ee286,item,EXTRACTED_FROM
77bb710e-2b71-5bf2-828a-6cef6676c13d,ce5452e9cf50b9b12993c7c845f194b2768911d7,item,EXTRACTED_FROM
654075ed-eb59-5ba6-b6e3-e0330576f92c,1cf2ee22db3c2bc2fe06b670ba27bc639a5ff29c,item,EXTRACTED_FROM
ec03af54-df08-54b9-8e8a-1f627ee35841,c252fcff3dd3f6442da651a4e5f5a79232040b2d,item,EXTRACTED_FROM
d93ad5df-c274-53c1-aac9-1969ad252006,ead79bf8699011746a72a75687292351ceb17cbf,item,EXTRACTED_FROM
4a34722e-a1fc-5bc6-8135-a923810939ab,e02ad3a8a89cefa4b5ad12cef490bffcfea9435f,item,EXTRACTED_FROM
d0dacf96-05d4-574c-8fc5-11ca07de5ee6,32198609643ecf7fab8eafd06abe3405b090f88f,item,EXTRACTED_FROM
d20c7500-e0af-5631-aa8d-304c99451844,e3170213ec54b4825ade9e8f2b4fc83f830daf73,item,EXTRACTED_FROM
93fb403a-3494-574b-b10e-11f2dd94ab84,a13329f0776dbdf27245dd6e072622836ff82d80,item,EXTRACTED_FROM
9874a7ef-bee1-5dc2-9ff1-def44d8b468e,d6b3f7417055739973b70bd5a3c91187fbf8d8ca,item,EXTRACTED_FROM
13d2711f-55f4-55bf-92d0-bbed4300f65a,2873ba110e0aad02e3b98b85d4c0f95e42268539,item,EXTRACTED_FROM
3e478d62-2bed-5e65-af98-81b1906ff325,38312da45cbbf5d6bf9891e51e538ba95e5a24e9,item,EXTRACTED_FROM
e9696262-2556-5961-897f-7b9ecb8cd08c,b40e63215b3e260fa1d61ce7081f28fb4c20b132,item,EXTRACTED_FROM
245c05a5-ab70-5e04-964a-d914f61c9993,754d054d1cc6f75bf486bad136c12efe225d97c7,item,EXTRACTED_FROM
2b2001c3-7aed-52c8-b375-87d12da381fa,1d4768a78dad45215955b4689f6f3f47a0a80af0,item,EXTRACTED_FROM
773f8611-4233-520a-8683-cd8891bcce6b,9823a6d8e7c5982a2b5c4800374683afe04daff6,item,EXTRACTED_FROM
e9d6eeb1-6d47-5718-8c92-b22137581bb0,15f959be67525e0b90200b8af287c85336329ee5,item,EXTRACTED_FROM
85be8050-9cd8-5d00-bd27-ec25ee1689d5,7150f66025d6e0339eb492f47ad8b12443bca33c,item,EXTRACTED_FROM
6ff41967-720c-5bdc-84ba-2b62529db274,2700acd9b479078f9280de5209dbb79678557b5d,item,EXTRACTED_FROM
2b9eb592-4467-5758-a24f-2806f46400f5,eb0fa1b3c175b44f518dc183dfb9fee038ae7354,item,EXTRACTED_FROM
55f91a80-74a0-5a4d-b39a-e3e32ad1abfe,07bce102ac8924bc743fff72fb8e0ded4bc13aca,item,EXTRACTED_FROM
426e5980-1a93-5069-b487-ef85a7628188,1507015cd90d84ec31d86fba1d3599ddf198abde,item,EXTRACTED_FROM
f98c9e6a-5953-527f-b248-b52e01da913b,4def535bc2e69952e7014ae6451a07af39d30f75,item,EXTRACTED_FROM
1e363720-445f-526a-9ee9-32cd398e5b8a,3a0c79dffca8a691fce05b3bfae66b0131b01eed,item,EXTRACTED_FROM
a2a65fa6-be4d-531f-84c9-63da22815243,cb5634b01115ded4d91fe13edc62e819ab3bcf81,item,EXTRACTED_FROM
5b05faf6-1f29-5325-a611-88f75b0c558c,012de8fe2672259a4cc82b50517c53648c37479b,item,EXTRACTED_FROM
92b5dd0a-2b01-5968-aaa5-1df1bf9f0f0f,3f4baa17cabd4f404efe3d63672e0c0f4d4f6835,item,EXTRACTED_FROM
cec98467-ba41-5f8f-b612-60a2d5be27a1,08359c52e52ae2cab54e2800c1acbd310d9697cf,item,EXTRACTED_FROM
401e1f66-d21d-581b-91f2-1ba47d066304,636337efd98d2ef2aba433c5030dda7e153f282b,item,EXTRACTED_FROM
98796921-98ff-5426-8061-afc86c30d690,9c8995aa87f393a8beca04f4911b0bbeddea679b,item,EXTRACTED_FROM
985fa4f5-5677-52fe-81e9-c159334ddfa8,d7befda95bc6b21e87dd3046ea6c6222a523d4ce,item,EXTRACTED_FROM
36209f25-75f7-5bf5-86be-5bfb09454d93,399910cd54e165969d563e5c604d5c827ef2479e,item,EXTRACTED_FROM
39402210-e5e6-5468-81dd-8928d42d2749,881cecedb61b3855cce24ed825f419e10b249331,item,EXTRACTED_FROM
b9d1c6bc-6bcd-5bdf-a0c4-fe2576bc8e7d,9da69ee9bc9385e9bd397285c4c9fc04dd85d0f2,item,EXTRACTED_FROM
d1a53492-b05c-579e-a8c0-2cdf774a38bd,e98468694def4b693fe3f88639882d630a7611a2,item,EXTRACTED_FROM
819f0d8f-885e-563f-bddc-da395e67cead,cb5dc6bddd269d8b94432625bbff09b567e617d1,item,EXTRACTED_FROM
8e939fcc-8d5d-5a96-85e0-72d2f22666ee,92a7d013950dcb5404809583088e137bed973e93,item,EXTRACTED_FROM
ca46cf93-a56e-54c9-a6d3-49f1cb0df05d,cfc9e5012ddac7a02154f7a012b2aff5b1993b1c,item,EXTRACTED_FROM
5f1aad81-d5ff-549b-a09f-74ab61803c93,ae453f642e7db2f7fe0518344a0755bb1e24d544,item,EXTRACTED_FROM
d5cb3349-9397-5ff6-88a0-b8de03ae9346,92c1329672efdad59c8bf1f1a3a4ac577344f064,item,EXTRACTED_FROM
2ad26f84-35ea-5179-aead-e2d727ec9116,4f8619459d97c70385e34541c3ab5de6e735532f,item,EXTRACTED_FROM
674267d3-3c5d-5137-8620-41eb188963a4,34b82571a9d4169c7a606f51bc4e3e1de2ba6f23,item,EXTRACTED_FROM
3a90bb4c-555b-5a94-99e4-092f9921668a,4a6edc8454ac13f5d63cfb980feb29db08ce47aa,item,EXTRACTED_FROM
c0983ec0-fb1d-567d-be13-3df8d3230f26,36b29b7fa2c98897f30af04fa439e976a73b91f2,item,EXTRACTED_FROM
5fef61a0-a2d4-5aab-bcb5-d4864c31100f,01603c46c4ee6a36765cd762266887f622246ca4,item,EXTRACTED_FROM
f750bf34-89de-5e0c-972a-661e293ba728,cdd8982103edd0e1444b59712238ac370cd3c334,item,EXTRACTED_FROM
42fad797-6740-5b07-8ba1-8639005c3899,c728ca9a3cdcd7f4ce76e68e1ac10f59139d4159,item,EXTRACTED_FROM
378b6177-47c6-580b-ac7f-4e81f4dc3b6d,9f44e2a5671a5119f7d08af59f734cabfda9c69a,item,EXTRACTED_FROM
51592fab-2356-5150-958f-2fc348e18bc7,e3bcbcf4066261a66b86ccb57120c258eccdb1df,item,EXTRACTED_FROM
d183a3e4-3542-525c-9b3b-1942ee370123,a377f91f5515cbbceff12c2e65aa1339cdfc6cf3,item,EXTRACTED_FROM
e104d525-d29e-5b27-8a8e-9fbbf5a25732,8157607b185094e06dfd622abeebf84ad3e210f1,item,EXTRACTED_FROM
bfd14cdf-004a-52a7-a547-fcc0d0f85d38,0c83654783eadd862ff67fcb7c23e5562abf653e,item,EXTRACTED_FROM
36109f2f-ca8a-5d4f-aa87-ec1d60f1bac8,814c27daeb010a2a352627c773c8a66f545a404f,item,EXTRACTED_FROM
54b08435-7eeb-592e-b386-210bea99d6b8,abd03d8aee76e87cad874e6f88f0f516a181c05d,item,EXTRACTED_FROM
d9fbba88-5c91-53a2-9b3f-a2f50428887e,83eb0fe1fca228459c8f7c292f22d9e37fdecd3a,item,EXTRACTED_FROM
646ebde9-031e-5a3e-bb7b-a3e6654335ef,d26fbde7b597149fceeb96505029ce8770d17dc3,item,EXTRACTED_FROM
9899d5c5-aaf8-541a-8ff2-261e4b0a56aa,274b9b66d1f0862d851edda92b0415608fb21dea,item,EXTRACTED_FROM
4580ad86-99ef-5754-af4b-f12436b7c0ff,600945c0c163dfb1ad56de9c9f969a8c1e7b863d,item,EXTRACTED_FROM
5ce64198-6d91-5b9f-933a-233463ee658c,37cb70b84297100170b8aac3dda2681a10d545a3,item,EXTRACTED_FROM
8802127e-4963-58d7-a739-8c2e3a0aa8bc,ed0e957af9e0c5cae9be655f993021d9a9518084,item,EXTRACTED_FROM
2528f3c4-49f6-513d-a8ad-97a82b7e9a7a,9f1e8e954d012127622f116ff832dff85ff4adb3,item,EXTRACTED_FROM
16ed88a9-d5a4-507c-9913-53120d6af852,61984a4458076c8eb54d1c70f0ecd85259d3c3a2,item,EXTRACTED_FROM
f847e590-f3f2-5506-9c90-ebbc14245cd6,f9a1ebe296826ca163bac6866296136f0f5bf49b,item,EXTRACTED_FROM
3c243a83-23ce-5c5e-86d9-778235cebad8,f9a96f87658a6b2f8a6e78674fc4a6243b9cc642,item,EXTRACTED_FROM
0b9ad245-fbf6-505e-9690-f30b015747bd,86be61e2158de23794f6f9b11ed92b027e340eb5,item,EXTRACTED_FROM
f955dca7-0124-5aaa-9ad5-5b73d24ad40e,c88d293c4bdaedc3928b8d78f0dafa3bb6023eb1,item,EXTRACTED_FROM
598c7d52-6e25-5cc6-8699-43398afb2819,12d7ad2f857c6567c9ab42d59ef77ba979389eb8,item,EXTRACTED_FROM
2715096a-3191-59a6-8287-6c86a4f11a2e,b060d80d96678d6ff16afb03a0c05124b4b66715,item,EXTRACTED_FROM
f2ed238e-8de5-5fc5-ac17-93a255f24cc2,8f4418005d4e7f175e70bc36f19df591cd8920b7,item,EXTRACTED_FROM
5a97b8b6-fd16-515d-9870-0f688122fa25,dfece8fd2c5bba0714717ca98d51c3311424e541,item,EXTRACTED_FROM
096f8e3a-1271-54c9-8efc-69f57c9d3dcd,81daa26bb43a964ddcece5541477af2fbfe3659f,item,EXTRACTED_FROM
6dab054f-1d30-5d7c-8043-af6d9e6e4df1,b06b2ace9b8ad0a99722c9c63504e363c1a85334,item,EXTRACTED_FROM
c589f2ed-2c89-514d-a330-ce2e3270f79e,af181ecbad0781789aec0573898ac97a1dad9875,item,EXTRACTED_FROM
47b20f38-009e-5636-aefd-885383186b39,32b177c7c1f086ff264ec3eb6f56913a699e1cd8,item,EXTRACTED_FROM
3e14ddbb-9eb9-5ac4-946c-28785dd5b75d,e00e1f817e4ec4a4aaa2775f4621a4f6b7a85244,item,EXTRACTED_FROM
e48cfbd8-2893-5c87-9228-7b847a2fa044,c466ee4f02f81737f6a58ef12541a773d167fdc1,item,EXTRACTED_FROM
935a16d5-441d-55b6-aa16-c830d4f8aea8,4019d8c2acd4a1bd1c1d768150a83c2e9c7587bf,item,EXTRACTED_FROM
e6536c52-59c6-53a9-aaf2-ab624cce5320,8e1c08325389cea0678121038ac3997acef31813,item,EXTRACTED_FROM
cb58faa9-deca-5109-bfad-d34b4d81b9c0,c7a3264760029c3470c5f33b78b09a37e437c992,item,EXTRACTED_FROM
dc17a011-522e-533b-a7e1-149f8e21b54c,9f22b96323de6c6846d5dd49dd972829347445f1,item,EXTRACTED_FROM
d6655f5d-793e-51c6-8ec1-e391d62f60d9,64c7c5f473ac596a26d7f3190399d2c3f62aac8f,item,EXTRACTED_FROM
f30be7c7-04d4-530c-9635-0c97b7412c4b,fa6d72146a54af9d83060817a29c9c93b622efd4,item,EXTRACTED_FROM
13c3220c-9d57-5f1c-aed2-5389f71d8924,4e55d797e454a6d64798cc00be7eba635337df2d,item,EXTRACTED_FROM
514a5b49-b382-577a-abd7-f223e18b8178,93aeda72ac814fff28d7b168561cb378efa45b52,item,EXTRACTED_FROM
3ec163b4-2971-59e7-9973-4ad8386a62d9,007da6f5e4adb074b7f3a66f63fd78dc295bad60,item,EXTRACTED_FROM
2033c832-42c0-5e70-88c1-be7968b243ca,83ad9cac0eb93e224fae3654c9089d1ab03d4798,item,EXTRACTED_FROM
26952b3a-3018-5bc2-9d8c-fba3b6ec8321,ff791121db4c528972dda5ba2cff189f37f710dd,item,EXTRACTED_FROM
15c29f6b-95fb-57f4-9891-c6697d1863ba,d94cc6d9e6894f1db2ef78ed7d08546562ee5dd6,item,EXTRACTED_FROM
e4093231-f71b-5c05-8991-0e964d7981b1,c8c0fbc79058ef5ab7839c5cd0a2b759f0498bb5,item,EXTRACTED_FROM
8bbeb6ad-eaa6-5efc-8739-f0f3e7014951,6f63b2a35d58012493554490f457196e37641317,item,EXTRACTED_FROM
3de88660-6877-537d-86a1-fac0453e4829,d06adb16ed560c4d84af4bd4d8cec17b5f9fa8f4,item,EXTRACTED_FROM
d156f20d-1c9f-5066-82a9-818e19733cd0,9adc625498ac3cce3beb0b275ecb266b462abbbc,item,EXTRACTED_FROM
ef1ce4e0-e103-5272-806c-32e27ae7d3de,6b593c38dfbe957b40377c5b0179723515ffc54e,item,EXTRACTED_FROM
8cd0a892-00fd-5fe4-8259-0bd7588ece47,a76260efe042fd4f7fa82a7a425800ba5aa904da,item,EXTRACTED_FROM
a9c8cae5-27d7-574a-bc12-a0c26ee6bcd2,24684fbc6993e355d787c46431503a9ca7497823,item,EXTRACTED_FROM
c5607cba-42e2-537a-a8e5-1043f82fd467,b7057cbeda221657697f48a3fe72b11677dcdc4b,item,EXTRACTED_FROM
443e86e3-4797-53dc-a117-86ed034aff0c,e89667dd8f60952ead22556df28f710dff4e20c6,item,EXTRACTED_FROM
1edc08dd-f5ca-557f-aa6c-1f2a0d7112a9,16077e926d870bdb8eb9808585360c45a3e619ff,item,EXTRACTED_FROM
223d7f9e-0777-5025-bf55-f60cf371409f,8de1ccfb0c63ddd91c2da6c187ed05b0820c4e94,item,EXTRACTED_FROM
d7382642-a425-5436-9452-fc1c0f7923ac,aa4cd95e1894869aff141e8a6ba46cee973b4ef4,item,EXTRACTED_FROM
2f8d1cb3-edb8-52e5-887e-b88986a3245d,01f6110198438820951e8ae0d0274866e94e7d58,item,EXTRACTED_FROM
b2aca737-03c6-5ba0-a1eb-c3933be8a0c4,f08cc88251369097f741953c192b16ac4b3af6f7,item,EXTRACTED_FROM
c114e953-9ffd-51ac-ba41-ec81b911c2eb,f93da53bb536367d012c8ec05d07b6d0fda3d880,item,EXTRACTED_FROM
0208b881-6e52-5e7a-b526-03a9539e5200,a4915096b9b2f0ae4ca91dfe4f22d498e0892ab3,item,EXTRACTED_FROM
4cae85c0-e256-571a-9e22-18d859a3a61a,4381450ed49c584f6643e4305428b9d09275cde7,item,EXTRACTED_FROM
31e3ce63-b753-5b8d-a5d9-64417c3eb2bd,51adaeaf2bd5f5dc4c27c1fd7f1f3ff9e036d9eb,item,EXTRACTED_FROM
ef6e6a72-bca7-5228-8148-f5db3cda7b51,01b84f8234a90d060562721ca6965ab73e4860a0,item,EXTRACTED_FROM
8c6a1801-87c4-5590-bd49-2da069c983e6,cdf7338bdb2cbed15bba5e979494bc690371203b,item,EXTRACTED_FROM
ee209d5e-2401-5f42-9f68-a5e50fba075d,8119ad8d70b9bb939ce677abc2c8af6bebb9c493,item,EXTRACTED_FROM
cf5419e0-b1af-5b67-98f2-dcb40d465207,896cb80c089f08efffd503b8b356ab8376472679,item,EXTRACTED_FROM
c06b3b12-e1fb-5bfc-9863-d6204f208fb6,105ba44eaeb815df348e183944f7b2f8339f24de,item,EXTRACTED_FROM
ded504bd-05dd-5905-9264-dd7ccabfa594,cc00f1bb93eccca8e8357fb114009ca9bb5b5e39,item,EXTRACTED_FROM
6230b89e-55a9-527c-a420-e5c9b306477f,d621f366d149e9de2b67b25c55ab6d91e45e4183,item,EXTRACTED_FROM
a96c46ca-c76f-57e9-9120-7aed9bc5f1e7,16fd7a3d7cda6837939bdb466c463d2813592f18,item,EXTRACTED_FROM
a30d74d2-9e0a-5bc3-9a8e-0a03985b5dd0,e6ecf1cae9680b3f90287145b13489222ed90240,item,EXTRACTED_FROM
11f14b69-3907-52e0-8cee-825a32f05374,8d4efcfcf789e003aa09991b26cf9237a715d44e,item,EXTRACTED_FROM
4b19f359-d8ee-55a1-b6c7-f4e6af8c3933,0c896bfb92d713380bbe44bfd133ef2eaa5d87b2,item,EXTRACTED_FROM
480a5af8-ae27-58e5-9cac-2e02dc09abc7,f8129ddd4481048eaa8d070f41cdc55c0d8c7c61,subitem,EXTRACTED_FROM
a7e49237-ce42-5c17-bc48-f4d7b9d93f53,f2f939a0ecebd89fe8b12bd9be7e5e9b8b38a436,subitem,EXTRACTED_FROM
2bff4b00-3091-54b3-87ed-6b3518b8833f,b251f9009168b13415289c2cd775eaa833ccf023,subitem,EXTRACTED_FROM
f05ebe4e-cdbb-5724-b823-4748d52fdaa5,3aae0910ba1619f4ae121e78dc04d748194e8997,subitem,EXTRACTED_FROM
a38006be-9a99-5578-9071-f7bd667eda24,55b1d0cfe9192961b173f9b63fc267ea7721de5d,subitem,EXTRACTED_FROM
6ab5a576-225d-5d62-9719-bfee822a767e,8aa32712b015526b84277aa694acba351825dad8,subitem,EXTRACTED_FROM
8eedaae0-547e-51ef-a013-f4c647f77a8e,ec263de9d67524ce02f47e2fee9d6465ee98178b,subitem,EXTRACTED_FROM
f6704981-b0ab-54b4-a150-a862d6704774,c687720e7ad7519b3e76fa405e270c3a0bbfe749,subitem,EXTRACTED_FROM
424d135f-e921-5ade-9913-baec25807bd3,566520b15a6874166f14d78ed857f48c51182660,subitem,EXTRACTED_FROM
92da7306-1996-5de6-89ec-30e63fb39d66,ff8efaf4e62c119a1b2d461f5e1a1be710ec7fb6,subitem,EXTRACTED_FROM
01be96e7-68f9-547b-b9b8-3a5bb53ef601,a676e15bf719532c088a124e68f66046a81d1616,subitem,EXTRACTED_FROM
18f75edc-aef6-5ba0-b473-7e43174d7cef,2cb1b07df5701c6077f69115579043fda76fd490,subitem,EXTRACTED_FROM
d851e1c9-8db4-5910-a2e9-d441fa036c04,a53d4e657a60b0161b2298a0d3f419a2c3f42dab,subitem,EXTRACTED_FROM
f9f51806-093c-5c20-99dd-051fce0ee771,7779049c361bc9ae58aced3f718bee99b18bf9b0,subitem,EXTRACTED_FROM
0296e0a8-5c29-5584-9f52-bb08c76e3dec,12b08cb01ee91774e48af66e07f6125ceec0037f,subitem,EXTRACTED_FROM
1f36fd67-fe9a-5270-98df-ec79c03e7068,246afb103d2722247ce1ce5d12b5318a5b78c79a,subitem,EXTRACTED_FROM
5b2f0805-277b-588d-a257-c7f194a91e0a,8dbfcaf1f4babe2c42ed448c6f0b23cf982494d5,subitem,EXTRACTED_FROM
43127c03-6d4b-57ba-b24e-a35a754c56f8,fc39274b67aa309db4624cf065253e0c22c85639,subitem,EXTRACTED_FROM
45da86c4-0176-51e2-aa91-543385188179,b228216a2c8646d365683854d4067c9c4276ff07,subitem,EXTRACTED_FROM
6f8fa628-0379-5857-b17b-c6e24a6cd5db,7cf8fb44f1e8c76a42a36b6572a5d6c4c6c4c68d,subitem,EXTRACTED_FROM
dca2ed4c-1c2c-5451-ab23-f8fcc895f8f5,b26b65537b3927318ead273169dc02167edc54f6,subitem,EXTRACTED_FROM
1aa253b8-10d0-5afb-ab57-395bfa2f484c,203b3a9157766536b84feda40dfffb3a3d8b9dac,subitem,EXTRACTED_FROM
4b93e57b-b9d4-542b-9beb-102dafc54747,9cc9c8c760892a57825bc3deb7da0151356aef17,subitem,EXTRACTED_FROM
51ddbe11-6c5f-5776-a44f-7a77f8269053,82353cd240a236b3545bade881b5e80875b30e00,subitem,EXTRACTED_FROM
c7d53226-f937-541f-991e-0adffaf90528,e1360708d8f56d905bb817680155f55ab9f6ee9b,subitem,EXTRACTED_FROM
d63c2b2e-f92c-574f-a539-aa36ead5d288,e12e12fd0414914895806d3162d55691230bb657,subitem,EXTRACTED_FROM
09b2a610-b797-5409-af39-e1eb1f819bd9,a2f840e184c72a11d1ef6f4db46908dc44a70041,subitem,EXTRACTED_FROM
a8790310-4455-5d0c-b57d-0849f0fe2e3d,540094f2e3e4f297d559db6c60c44821f0ad8b73,subitem,EXTRACTED_FROM
e536b719-8de6-5dad-b3a1-25aec7778d5d,9987b5d91cd1d4aad8882a2410c372e23bc3223b,subitem,EXTRACTED_FROM
0d53a623-55d6-510c-a843-7103ef12c068,2a87f255fdc24e9b89e1066fc8fa5894f96be99b,subitem,EXTRACTED_FROM
fc861062-b4f4-50c6-b898-17256eca1612,db32ef3ca4ec2b36ea51bfc35f9faa8a1629d669,subitem,EXTRACTED_FROM
f144e41e-2092-54af-b4f4-94caffdf7edd,3d9a13e89a8da137bd4a91e8fde78fb5d542a137,subitem,EXTRACTED_FROM
274c63c4-6d76-5a83-918e-4422a161812e,00eaba88005fcd5ffd64f8b2072f5a23af823d8e,subitem,EXTRACTED_FROM
24a39062-130d-57be-b5fc-9bfd28ae3ea0,36bf6541bb3de3871d9d76ee976faa792185ab55,subitem,EXTRACTED_FROM
073ab855-f680-5e5c-b78c-a7fbb3583f6e,cf764a05cfb0f451010086cb65ffd869980047f5,subitem,EXTRACTED_FROM
dbe82b03-3549-5802-aac6-67057bea5cea,c9782183fc74902f4cb75c578987aca5dc73df38,subitem,EXTRACTED_FROM
39b7d0e0-ab54-59f0-88ac-f8299643a63d,cb83e636cdb6fdae175065c2b62a2675fd76346e,subitem,EXTRACTED_FROM
1f7e91bb-db7b-5116-bba6-c374fd2c96ab,d5e942721beb46f195fcbd5f0aaee99b38592ef2,subitem,EXTRACTED_FROM
942dae38-39a8-59af-9451-652a13f2e6af,2931820ee947ad70926ee16a3950675bab513e0c,subitem,EXTRACTED_FROM
3e8cf8f9-7e99-5e15-9fe7-1b58b20380bd,7efc7491db876252e47a8c8c3fcfbe8cc006daa7,subitem,EXTRACTED_FROM
4eeaec30-83d4-5899-9c16-c3958e4950f4,dd61512fb7abd05c9c1f840d77e29d9eb7468042,subitem,EXTRACTED_FROM
e062f755-1c25-593d-aa31-8a5283de82ad,52a6a93d8d79c325cae03f32cbe85222cedb440a,subitem,EXTRACTED_FROM
f96654e5-bb0a-5d51-8a5e-cd4deafb70cc,7877d1770e866f28b0b18e70bdea94eadb4c61de,subitem,EXTRACTED_FROM
f63bca93-3b41-5dc7-9472-6304f15bc2f3,cc25fc18fb759fa66edf733f27998e0bd4a5efc9,subitem,EXTRACTED_FROM
5b990059-b981-51c3-a1b4-b97ba64c7eb7,d40ec751439c3b801c7f0e1adf11391769387425,subitem,EXTRACTED_FROM
75c98183-67ea-57ae-b26a-9b9d148e2adf,5c9d2a7deed0ffea72c68ec272734afd03bc05e5,subitem,EXTRACTED_FROM
65f0aed1-d3cb-54f8-a1c1-addfc514b327,c41d307182b1ec900457bb9f40de501142effa5c,subitem,EXTRACTED_FROM
19fe3ad7-f1be-5b17-bc31-4565434bde14,00bf550a064a9dceb2ec153f0b2ca8c57f237038,subitem,EXTRACTED_FROM
f7cb8a2a-3780-5249-a0f3-bfed6c9e9117,1905dfae4a6e779d60d2284dbc6e744964050d8e,subitem,EXTRACTED_FROM
54d01d75-a3f7-592f-add2-592ae0e4f9e5,bdafe108454dd3cf3a6118dbd31e8174429c8a2e,subitem,EXTRACTED_FROM
bacbb030-15f8-59b3-8bc2-fb19617a4024,dc5751b83e28d9d4213256d22fc900b9c8f33b41,subitem,EXTRACTED_FROM
214357eb-8510-553f-b0bd-679431d1587a,269415b95ec47dac0d1dbd004093f82c47019441,subitem,EXTRACTED_FROM
34864e59-9187-5aa5-9714-2f1aa1cf0926,d3739a78c6fc948f3514865879e68c015b7a338b,subitem,EXTRACTED_FROM
d2b170ee-a459-5852-b6a3-e1fa036e661f,e120ff59faee49c451db39e330e247765a5d4698,subitem,EXTRACTED_FROM
ab80ce90-30a5-50d6-92b5-4cdeef26e194,e69dbfb5f13b1bfa0aa697e684f2a2414ff612d0,subitem,EXTRACTED_FROM
33aab1fb-4c0c-5f24-b7e2-fedc002e9e6b,87ca7a31a03e0803cd7e528411c2fa385141ee8f,subitem,EXTRACTED_FROM
d174ba6f-f32d-59df-908f-915578f02bb0,0ff72917e298db7bfa88de6ad8b5535ac4be336f,subitem,EXTRACTED_FROM
9e74e20f-d975-53d4-aa42-2cd020e0279c,9acf5519879e6cbaa7e3443de8e632c88e57096e,subitem,EXTRACTED_FROM
8ecee2bf-af0d-5484-81bc-228fe2bc8672,1a0c9fc1cf37668c3093d3843d5c65f2892b2dc1,subitem,EXTRACTED_FROM
e54afbd5-7f75-5cd7-a323-bf43b9981e26,65b8ffe2765a7895561a208115ed88eb08e9e27e,subitem,EXTRACTED_FROM
7dd8371a-18fc-517f-8d2c-73f9d531f523,ba5bcbe442e8c8a3d8ffe5002fdef806be2faab6,subitem,EXTRACTED_FROM
5167713d-71f9-5275-959f-f829cb2c1999,9d10dfcf78403234143b9ec9be8bfde0e7568d77,subitem,EXTRACTED_FROM
2b14a9f8-5c72-5b48-a974-b87be475a66a,5889227db061e51cf5e97f5ddfc543d153a95335,subitem,EXTRACTED_FROM
289349b2-c473-5b37-ad46-0fdaae0b8f3e,1cac1f71c561f9837e4e455cd52f7e71a9aaaf01,subitem,EXTRACTED_FROM
462173a9-2da0-555d-b60b-ff1fc87807fe,74c07572ade709568a000e42ca9f14715fd9a4f4,subitem,EXTRACTED_FROM
cea04bf2-97ac-5c18-baff-e26165f93e73,150f71c7c32b0bcf20967c5753f91392fc66f74f,subitem,EXTRACTED_FROM
0c889ee7-9c59-571d-a822-307abacd5075,cd5f5fecb5d747ca80c65c146cbba9332041a491,subitem,EXTRACTED_FROM
fae3767c-855f-581c-b0d8-a132d4df7c39,7f73b0880c1ec872113dc644482dae36fde65a4a,subitem,EXTRACTED_FROM
3366d4a4-9377-5c54-a4d7-23d5696b1505,0c5dec2e69111499b2929c465e8336b544a17221,subitem,EXTRACTED_FROM
faac2bc7-7442-5c00-bba9-b1eab07ef43a,c8d9bb61db5041983f6c00196c4fa522f07b3411,subitem,EXTRACTED_FROM
21c67423-8782-5bb1-8765-8e53b1c3104d,ddd5a83f56376f8dd1d834cc5a355b3b1a575938,subitem,EXTRACTED_FROM
8ba311f5-1dcb-5ffe-86fc-213f564365ab,bf76b3f49fb2e8c76c8be511bd6ad5af4649a38e,subitem,EXTRACTED_FROM
6a8f87ec-7f2f-57a8-a958-a085d742062c,542dffd99e69266f46cf7a7aeb1804a7165b6263,subitem,EXTRACTED_FROM
68bc8ac0-9d31-59f6-97a3-1a96c62439e7,0574e5469572d4289842da25d91e9d08a20c1f1d,subitem,EXTRACTED_FROM
992aed76-5201-5aa5-88d6-f19b21393dce,05d2813323d28fc523df22f0d909c5bf98206bad,subitem,EXTRACTED_FROM
66fd5e9a-43be-587f-98ad-b8bde08814ca,1e19342211c7eae822eb1cac48788553be88391f,subitem,EXTRACTED_FROM
f52923d6-ed52-57d4-9051-b668c785cfbf,feeebc92ae591018e1d91d752caa263336e88753,subitem,EXTRACTED_FROM
7a833b7d-615d-5a88-beed-0942b2dfec65,bb9d5e3eeb2e996a6bbce63c685165ff30069d97,subitem,EXTRACTED_FROM
88918bac-722a-54bc-bac0-fe4879314dcd,18a1ee2a81a264974773d544c7b8ac1982d2d3ff,subitem,EXTRACTED_FROM
b8ce7a77-542a-5627-9a85-9e7394a79df3,220b6a1c10bffe8119540533415499cf56dc14be,subitem,EXTRACTED_FROM
5bd1a36b-0fd6-5d6b-b9e2-f468a96fd791,98ca16bad952587a8d7cbe1d0590884f1efa8514,subitem,EXTRACTED_FROM
54060044-41fd-5f18-b8d9-dbd3bdf0edd8,7819c3aa3d09c931926d0af0e568cc2395c859e1,subitem,EXTRACTED_FROM
4c7a6d59-06d3-580a-993b-241fe0651d2b,c561feeb7223c28f8a96244d20999faa7e52b256,subitem,EXTRACTED_FROM
02900475-fe8f-5b61-9a49-8df04db6f71d,b11a294bf7ac07713cd88362e56163102e6032f2,subitem,EXTRACTED_FROM
050c0e71-1902-5a04-9645-dcc57f44b849,9f958b4604862a7e14d74890370703b36403e0a3,subitem,EXTRACTED_FROM
65e1d9e1-07f8-5bca-a369-ad568a12c62c,d24be8a6b21a300eb369eaf366128d2fdb729c7a,subitem,EXTRACTED_FROM
ee96c88d-915a-5d61-a27b-6558a69d5444,800736042bfaccb250b43fa305600e8fc28df137,subitem,EXTRACTED_FROM
0cb14a30-5e7e-561b-b55b-dee2b0e9a1c1,97cd1d9ab2aa83fe18f162f5bfd8e937e18f7118,subitem,EXTRACTED_FROM
fc06ebad-8de4-5578-810b-2d5b46696820,21b8bd85780773409c31f76819b3e9eec6e96b58,subitem,EXTRACTED_FROM
d1e1d5cb-6d3d-59b0-a38c-cb580b13d1ba,0d87e06446933aa091126de1026a162597bef70b,subitem,EXTRACTED_FROM
bf612fe6-1316-5e8f-a2fc-dc9129e149ac,660f611180c6df067a45b03dabbef49358739218,subitem,EXTRACTED_FROM
0922d407-817a-5c15-9ca4-9e9e4de442cd,3c7c6b553ad2ec9e1a744db5440c80be1608c56d,subitem,EXTRACTED_FROM
22334cc7-e959-5feb-ba3a-d61262f8567f,f07ca8aec336e7fcbe21289769c82ec1d7599341,subitem,EXTRACTED_FROM
cb8e69dd-8f94-56be-9b5c-9aac295f0f10,d3a465bc9a721d8ca000c1297a6db8f748dc6ae6,subitem,EXTRACTED_FROM
65dd2c8e-a69f-519e-9d7d-4bb32dff8780,64d9e0b9665a9eaf16677cd86ce6352be88e7e4e,subitem,EXTRACTED_FROM
b4572c1c-ff43-5991-83f4-6387f7910ab9,a7bb0411dc00c75b387417f405b9488954887979,subitem,EXTRACTED_FROM
15422ca1-b9db-5b94-a573-e54788db3e1c,a2013c15dab1acda4020939be95de4ee5ccd12b2,subitem,EXTRACTED_FROM
8dda6ede-5665-58e6-ae36-39b9479c0d59,9da93481208315519fc83c19e6f62d90bc45ad81,subitem,EXTRACTED_FROM
64b81489-172b-54f6-9076-42f7a7a374d8,31cb9331f2ef54f81a762965db0d43ab30af37e2,subitem,EXTRACTED_FROM
0b1d0ec9-043f-5f33-ba6f-3be69f2ad6f6,d4a68ae690c608b542be6980fe93fd05d85eb648,subitem,EXTRACTED_FROM
b990ee02-e752-5a33-9963-b7151caa7d5c,ef33a82e51d47a73a61a06e43dcbd2479869f9a5,subitem,EXTRACTED_FROM
f4252949-22d0-5f42-8393-98b29a6d1e6b,086a920d0dba3922555859fa4f0a1583c77593a3,subitem,EXTRACTED_FROM
12f9d950-cf42-5ff9-89e3-37dd502b8c5a,6837daff81975ec753f2c75203c79a172f01885c,subitem,EXTRACTED_FROM
8490c745-a03b-51cd-af06-420cf84bb0ee,b0f02342dd32ff804041699b9d717b59754e5e19,subitem,EXTRACTED_FROM
de21582c-17d4-5596-b6a5-61eb382b9dc3,aaa1f245c184f07588c00e99bc5ae870a55793d7,subitem,EXTRACTED_FROM
cbccae23-784a-57d2-b291-d35ac7d2c08a,35f935343c40c3fff1999e9d64a7f0992361e512,subitem,EXTRACTED_FROM
b6dbc0d5-d606-5e2c-a3ed-112c2ecaf755,a8321587ebae06734ef13ec34c8bbf9d51b81731,subitem,EXTRACTED_FROM
2ffc23e4-1855-579b-878a-1bd394f86c7f,629bbf803e6fc9e3033f47ee4a5bf36c4dd7dae0,subitem,EXTRACTED_FROM
c37d48bc-d0a9-5f68-af9e-b9bfe8d1ff3d,caf16459303e56da8b853346418f2e3c7f944ab3,subitem,EXTRACTED_FROM
b604839b-6e95-5ee1-8caf-4d324aaf7699,50892fb24ee2d6c81bc6f2b1ae49e5eef05350be,subitem,EXTRACTED_FROM
a83c15d3-634f-5651-8dd4-af0f3d9f3348,9c51d730c1939610678f7f14b26db6cf17d777a9,subitem,EXTRACTED_FROM
2e3668f3-14f0-56cb-8228-7c48f0b55895,f5388f24c3657cd2fedbf86b7414cd074de2b5e8,subitem,EXTRACTED_FROM
d7582f9a-ffd5-5a3d-a5c3-457731d3749b,61ee6528fd4179736a974beabc245ede8b4c6af4,subitem,EXTRACTED_FROM
8b732711-9c8e-5491-bbe6-7957809cffc5,9bd04c0d3b6dbcf1af9c820e40e5ec0f3bf543ac,subitem,EXTRACTED_FROM
28c77602-1890-553d-a00b-1d308245d325,7b111a2558939182224e17774ad8a90ac00ef246,subitem,EXTRACTED_FROM
c749e16d-cc59-587b-93f8-01c6971ee132,7c6c23d1fadd9c7cafe5446a3332f7c6e5defec0,subitem,EXTRACTED_FROM
53996a05-3ba2-5b90-a583-d428b7cd3cf7,8b1b0aa625874f746de26fc63ba100fb59f793df,subitem,EXTRACTED_FROM
ef574c8b-8921-5b63-badd-983c3692e7c5,5b7e1b5bbb142e0ab964cc610ef78aabb6a283c1,subitem,EXTRACTED_FROM
63b52aae-87bf-5f9e-a1fe-f3486996e37b,7dc8ad3587418c8a2318c4732577c9699cf357ee,subitem,EXTRACTED_FROM
b852deb7-61e9-5a07-97d0-7c748d701423,c4ad94be82c65992624be5d0366fb652f50a249b,subitem,EXTRACTED_FROM
4e0f3158-ce71-578f-8f0e-b0e7c3314aca,3ecdf002bb7baef141ad3df128436eca485ff495,subitem,EXTRACTED_FROM
3e3319fa-a241-5601-9855-c155799b7026,c1ffdc99d2133f3d52c1ccdedc40e9fec6f23cbf,subitem,EXTRACTED_FROM
db69f7da-5b41-5b99-809d-ea468a919c6f,1a6600d74037ad34b822a0afef646edf8a103e33,subitem,EXTRACTED_FROM
0e29b49f-4d0b-5aae-a653-0134545e087d,04e1f178d4bf1b40581d0b4a38370e04aa138287,subitem,EXTRACTED_FROM
cb7e7eb2-6bc4-5552-a722-906b3ae1ea3d,6650d708b87b3c656991e9e9f3f57271c5bea0fd,subitem,EXTRACTED_FROM
164be9c4-2954-5515-9c63-154148fee5f9,3150258a73b7dce1d8719768d754e636d60bae11,subitem,EXTRACTED_FROM
7b2fd07f-6e0a-5d64-b023-2408342261fc,cc723185f5897fe7cffe9e286255451d0313f5f1,subitem,EXTRACTED_FROM
924c1aeb-3797-5905-a82b-22bd02eb5370,6bf483fe506f33824ab33ec2ccb1fac3637830ee,subitem,EXTRACTED_FROM
e2b9ddfa-c38f-5b72-8239-fc633e79efa8,5eaeace8c9a9dca6c178fad7ba3da27ba079be21,subitem,EXTRACTED_FROM
a2bd218b-f0b0-5eae-8501-72212779e8f1,d9a10df86f2693322df1916c0fec17440b73c892,subitem,EXTRACTED_FROM
d3649cad-cd79-5278-9ccc-c3781640a1ec,97c438a18e03e69319fbfefdbb90f4b65c468253,subitem,EXTRACTED_FROM
56aae263-d500-5b0a-b47d-f3b5b71d070c,021d8d4f4789199d11d608341f40beba45392348,subitem,EXTRACTED_FROM
35be7147-1eb2-5284-ae49-3f90215ce134,2f6b182de22a90c7fa8cccd42c6bcee1f86b0fff,subitem,EXTRACTED_FROM
56183c3d-2419-5b71-84f8-e6030fed2e3a,49eaac91a83a1f4960ddec4cf45bf120de96112d,subitem,EXTRACTED_FROM
3422ac99-c20d-54a4-9ea4-4dfea46e3d71,c21e9b931333e60391faa9572b60c25982ced034,subitem,EXTRACTED_FROM
eaf16d34-c15e-54ea-919c-ce875666ed0b,18ed1e384ff9d71d81a31e4c2593ad17cddfb79f,subitem,EXTRACTED_FROM
bb72549e-fa14-52f7-af8a-275598208522,35cceea0982b32a085bbff6f0f90f8f8bb29f2ff,subitem,EXTRACTED_FROM
64f4f4c0-ce75-5dd2-b57d-3753a43aa766,a4062d47088a40663e6c934a36eb352a9602e011,subitem,EXTRACTED_FROM
41bdcd06-6b95-5789-a9a0-0884949b3ddb,b3df5f96a83c76d7244192653356cded7790f340,subitem,EXTRACTED_FROM
0cbf2ede-d884-5884-88b3-5979a5e40fc9,757ca8705fa96ddcda5929ceaaf49e357aaefb0e,subitem,EXTRACTED_FROM
be2a11bf-ed18-54bf-ad54-d7d643ffbdce,ea06fc280fe93dd8a43429eacb47b7ae9d9777ab,subitem,EXTRACTED_FROM
f89635a1-7034-5f87-99c9-738625c794ca,51df282061ea81fda59216de7f351301a2631a48,subitem,EXTRACTED_FROM
ee19cfa5-0e84-59c0-97aa-aa26f19fac35,53988e2080d0c0c732408da30a0cac64c9a7da1b,subitem,EXTRACTED_FROM
d96c353f-37c4-5d05-932c-daafea2b7d50,886283baf032c9850dce74a34d77bf648aade983,subitem,EXTRACTED_FROM
546296df-77c3-5b66-8c87-4f8c197f4bef,6ec32899df114dfa94324e0531e8fa452ff19c71,subitem,EXTRACTED_FROM
1bf7659a-770f-5282-b04e-1e645d23df98,9ecfc19b440ba3e54740ca4d772466ca6f756adc,subitem,EXTRACTED_FROM
84eef952-ac16-5e10-b6d8-b3ab3cb5aa1c,fdb899888796ffa7cb3a000d60f5263c73f4eea7,subitem,EXTRACTED_FROM
fd4acc44-c4fe-5d9f-9b2c-117a315a6d0e,c38591a805b68bf4675a6cd921f84946a9ca07db,subitem,EXTRACTED_FROM
58eec12d-9f1b-5188-8fbe-437ba11f7a53,cd97885de96eb315f081510a64c16bec470d8bf3,subitem,EXTRACTED_FROM
e868a953-9fc1-5307-93ca-64318a815c1c,9801a2c644aa1ce99020559a2be98abd495c234c,subitem,EXTRACTED_FROM
1105601b-00df-5958-bfd6-1afb03f2c1a3,bc869120c78192d32007ad26c127df1acc47a774,subitem,EXTRACTED_FROM
d7bf5db6-a727-5540-b754-7d63b280db3c,b329374b3fb3024521ffe1e468b825decb96b054,subitem,EXTRACTED_FROM
cbc2e84d-b8ab-5922-90dc-cbb21d4eb0aa,9489c61a2b2c86f0bff3129e7eca86eb601f90a5,subitem,EXTRACTED_FROM
ea953755-70ec-5886-9821-a7fab862c2c5,7828ad63dd240c69e3c88f90a412799e5b4b0169,subitem,EXTRACTED_FROM
a66dae25-9e73-50d9-9177-eb20019ed05d,b944b434103aa5d19e52526862145502d97ad08d,subitem,EXTRACTED_FROM
f84ba1b3-2539-5504-9be7-f2dc5a29fc27,e534d2d3161fcec1632163ca17e9b7edcc2bb171,subitem,EXTRACTED_FROM
ccbf3dc4-eaf4-5326-a2e6-6d70cf687d4f,12b6f4c1c6ca99450ccd878dfeadffe1de235e7c,subitem,EXTRACTED_FROM
b183ac1e-8933-57af-9bee-60c50e32ae2e,162814b4d36016fec18965fbfd46e2f5b9b56e82,subitem,EXTRACTED_FROM
e05271a1-35bc-51dd-990d-1d1c665e6d8e,ef5ce3c3d7aa6af015f1a1e2562ff965854cc543,subitem,EXTRACTED_FROM
b57a86aa-7d12-5cca-a549-c83e0d2c5954,8250d1126bf3ec48e3f499fb0adfeefc403f771e,subitem,EXTRACTED_FROM
29cd37d7-beef-54a7-ab80-80d7dceeb3d7,19021932500a79d231d9660c12fc8a3bfcb29ced,subitem,EXTRACTED_FROM
4a04697a-9ca5-5134-91f7-ed39a9b0ed1b,58cd982a0abd99c9170d79e77ae08ec2e56aff32,subitem,EXTRACTED_FROM
8b213a6d-e04d-5aa8-a729-a08e6e4ba0c2,b14569e5c0f0ca5414838e6842517d8d31d23204,subitem,EXTRACTED_FROM
1766ba9b-8d64-5f37-a460-b90aeb88b9f8,d2eac3e4e4b143202c7a564acb2849fe2a98786e,subitem,EXTRACTED_FROM
26756a88-bd0c-5324-842e-f3be0bd3ac84,3f078260cf117770dfecd9052e72b527b004543f,subitem,EXTRACTED_FROM
1d1c77d6-e60f-55c1-9e24-85c38eb70082,cd1e1d907e918f706bda77877d69ad79da2e911f,subitem,EXTRACTED_FROM
e720f149-afda-5040-89d8-a7dcc6a9304d,84af424d99629ca702c87388be9ec34d563817bb,subitem,EXTRACTED_FROM
dfbc1012-2d50-5860-b93c-277629e159a3,0686ea50346e87a9f87a40edae3f899021ecbda2,subitem,EXTRACTED_FROM
4d604957-533c-5d14-b440-95ffff4f6a22,80eb4f0172e761129b0afd7fefbf89de06da26f2,subitem,EXTRACTED_FROM
25a0041b-7151-59c9-8fa5-a65649ca741d,f2c652dab7c7492cbaeb1c3097ad6db1bffe5438,subitem,EXTRACTED_FROM
1ef98263-d14f-58a4-a70f-57b678c53b1a,7f2beb2b8c2dfc7eb1b7a36895d86ac3359ba6e8,subitem,EXTRACTED_FROM
21bf4b10-808c-5dd8-9fd8-55eb4fd01264,2abe4b612449630a9e52efe6f183d95aabc6da9a,subitem,EXTRACTED_FROM
f3441147-4ab9-5edf-aac8-0d63cc908bbc,bec7f1ebffec13d14a5a61be141ac4b6beb8d3de,subitem,EXTRACTED_FROM
255ad029-0c26-5240-ae19-be5b6ba0c9e0,72c452bf86441dbc637847aa49f23258262d3b3c,subitem,EXTRACTED_FROM
21645dae-415f-5810-91aa-ac2d4d10361a,732d25dbac1fa03427b630afbd6791cf53f87824,subitem,EXTRACTED_FROM
1af60244-a19c-5247-821a-03a930b35d0e,b17e55ecb95b6b8cc4d6e5d5e56802b060c86cbe,subitem,EXTRACTED_FROM
a58ba530-47e0-5f25-bd9e-6297ad2c7ee7,762b62951068f29c52c9f7f77dee4831787bf21f,subitem,EXTRACTED_FROM
f8427eac-905b-55a6-b146-2b98ef1ad694,ebae56b3fa95d7909970cc4cf5f3685cdf7f07c4,subitem,EXTRACTED_FROM
b307ba3a-11f9-54db-b56c-fc2199e66f43,791142e4291a7da97166f67e51b0a755b9d38cb7,subitem,EXTRACTED_FROM
06de02f0-7a0a-536b-9e4f-ea1f3120ee95,57bb0cdb0fbb646316b2dd73e25acd65a12a9fbb,subitem,EXTRACTED_FROM
0320ec08-979d-564f-be4b-af96ab2ae52d,d25267fed888722dd9a2df75ab73450d7b6925e2,subitem,EXTRACTED_FROM
7ba267e2-896e-5aaf-a9a1-8b1c5996a248,773ca5201ec84474fea9ad9c3509f90c448b55df,subitem,EXTRACTED_FROM
3c0ff444-2cc2-5579-b693-1649140efa17,0e6ef8dc0b823e1d794db824ee4280c2483f1cab,subitem,EXTRACTED_FROM
5c8037e7-a7f4-5d9d-be6f-e7fed6e535a5,7d6a20a9145f42da2f96b5df32e58b39d9b8adf7,subitem,EXTRACTED_FROM
b2441c7d-8a02-588d-b0a5-b6493ed2301e,2d43e70b73f9aece5ca04e829f097ce2d7913891,subitem,EXTRACTED_FROM
9946141d-d76e-5bf8-94fd-94d916f07571,11c0620d5e1d1004a25ead49f1d90b227193fe92,subitem,EXTRACTED_FROM
3a15936a-0f7c-51bf-b5e8-c6718a8b09b9,52c38aa58ebe2f51eb5195ed9ce009e52029b2ba,subitem,EXTRACTED_FROM
57726c7c-013a-5492-a301-3df3da90e79c,cc91900252e50fcb8f4e545d03d21c9209cd04f1,subitem,EXTRACTED_FROM
b0f85150-591e-5893-bfd2-cffab5e91a48,25e2580ad213756a3109de4ec75a937f9fa9e9c4,subitem,EXTRACTED_FROM
8d3e08a9-3fe1-56f2-ae0a-d777413bef36,e9f82f4f101797f857a73020294be2ec6f489fa9,subitem,EXTRACTED_FROM
62f4c173-e956-5edb-8539-ca5641f39463,4907119dcda0185ef2ef5ac4d598185e797c35b8,subitem,EXTRACTED_FROM
b3b1e864-167c-590f-84d8-c8df540bfd9e,ef3aa72f32dba460772cdb4752ec7b79065309ff,subitem,EXTRACTED_FROM
7bb31350-8e4c-5d3d-a4c7-9a7ea5df2d32,3375e75c52263f72ba30096c846cda75a3319ba0,subitem,EXTRACTED_FROM
9fdaff2d-924d-5929-9c15-6243ff67a1d8,49a453186844d3b803e90c2c6db523916818f5f2,subitem,EXTRACTED_FROM
1988a7e1-2429-5861-ae47-37a1c06eda32,244d5136d63bfba9fff6d498102114601b875f1c,subitem,EXTRACTED_FROM
f40e3edf-2680-56be-8ea5-4ef171633caf,82c72fdc39f96aaa5f913a1352d40fd6810450e8,subitem,EXTRACTED_FROM
61856db8-0159-5c36-9a82-841be3700f47,d69a00df660650e5ee523c0e1e235a24523fee45,subitem,EXTRACTED_FROM
3b451ca8-685e-5577-b512-f88ef97f1450,6b0dda9bd49ebaf4f11a2838edac943fc1bee8a1,subitem,EXTRACTED_FROM
04ec30c9-652b-5a02-8c50-b4f588cba3b6,98f6e66a1e7944bb16f445414906f37f216b268f,subitem,EXTRACTED_FROM
389fd17f-8817-54db-b491-898e37c247af,d96bf0b17a4d41e8c61f0a5928a77381491f5fa6,subitem,EXTRACTED_FROM
775b2a0c-1d6a-5625-887f-767f4d566257,0ea858397546fa8273f9bf205baa521d1b7bff8f,subitem,EXTRACTED_FROM
06860e60-4e97-543d-803b-9ff3e60016de,9600c13727bcdc122c0190e1946aa5f9d52aed71,subitem,EXTRACTED_FROM
960912fb-6a35-5125-9645-f76686bd50b5,a50e67ba3b4ebced0b20c36013bd11b5850f9d9c,subitem,EXTRACTED_FROM
2ec65def-1de3-59b5-a59b-96099e696a67,72535b3dcd4dd986aa0ffa031ddb22fa0dbab9e2,subitem,EXTRACTED_FROM
aa3d8f0c-c5bf-526e-9c69-07c6e317b161,6f1ee9a6d66f293afda59e9636422fc501491ec0,subitem,EXTRACTED_FROM
678a099c-317b-55df-8b02-d712d1d44780,c510cdb7d830a82247dd879c7289e30227e01ea1,subitem,EXTRACTED_FROM
930b2d95-76df-5f19-96bb-029d052081c5,d963ab69ef43eae70c7ca72ded403b192ffc532b,subitem,EXTRACTED_FROM
f0a3d42d-7c03-517b-b3bb-aca156899b26,dc866cb611889fa17bdf2f81eedda76bc0260df9,subitem,EXTRACTED_FROM
f01a5f08-9e25-5069-8f0e-104dc72d3724,0a8d527a518e7a4856897d6af6495a025eba4f7c,subitem,EXTRACTED_FROM
7951cc7c-2e28-583a-874e-1fb8b575d209,df504bf28ee5632e882fc8545c6d888321838e3d,subitem,EXTRACTED_FROM
0962df38-1709-54c0-bce8-e02e57ceb936,a912ec86f183acecbeb7daee3855f7a97c1220c7,subitem,EXTRACTED_FROM
c3ff63d9-55d9-555b-82fa-6525f8cf8228,1e179fb27de1d27f02c3d8614910dddffef4444f,subitem,EXTRACTED_FROM
8369e1fe-c996-5fc1-ba58-33df536f1065,5582b36b0f19461fe7b6b453e8596b976ebf545d,subitem,EXTRACTED_FROM
8f486a29-5092-52e2-a942-02be03bd3af0,1977629638b953eee631344ac7233e97fd38a4af,subitem,EXTRACTED_FROM
0c7461a0-f20d-5aa4-ad32-cd0873302c8f,8a53f0214489d4202dd1ddb07121457b972b981d,subitem,EXTRACTED_FROM
65d78e08-2a2d-5355-bb28-6cd2e52337e0,9bec2bad2c19ec31c1f9baec8ec1fb0bc46d8229,subitem,EXTRACTED_FROM
293b39a5-0842-554d-8f63-5814ac00b549,3fa0fe50419862d31fe71e830405aec465857ec3,subitem,EXTRACTED_FROM
f915afd6-cadf-57c8-affe-49e5e7235a66,37f24423eca19dc24e98a60cf7ed71302f97ab06,subitem,EXTRACTED_FROM
d74bc1c5-6183-5d5d-896d-0ebf154071e5,5a1b6d19491631790a91ffd761ee5a4926a67141,subitem,EXTRACTED_FROM
033ec00a-dd09-50a8-8de6-0cfd33e536be,83276b6104c0a4e202e2eb331ff386f192d8f7aa,subitem,EXTRACTED_FROM
4d70a7e8-056c-573c-a972-1639edc831a9,ffa81ea8fbadd32ce0b38954f9f46f5fe4a20a95,subitem,EXTRACTED_FROM
9183cf33-6157-5b84-8b06-feb55edc68c9,10c66744f6251765917cddbb462906a1f26b5a02,subitem,EXTRACTED_FROM
4f51a3a2-e9c2-5dac-9e92-39a05383f422,cadd5166a2d24d32243c52e267e4c9ba4bb0439b,subitem,EXTRACTED_FROM
5492ce53-9bb0-55a2-a1dc-11aa55f14c89,175e6eb95fd62acca0a53593426dcfc02a7b1bfc,subitem,EXTRACTED_FROM
ca7bcbe6-fed5-5533-8177-1440b9518ad3,df139d84d261f0f8b7f5981c7b6fedf2faa4b041,subitem,EXTRACTED_FROM
b2e789d0-299a-54de-a35f-b896c8de14ca,3cfaa005790137ce4a76da2e2a12c5f8ec6103ce,subitem,EXTRACTED_FROM
13cf5cac-47ca-50b9-b08a-50cda1d40ab1,ac8ab5483f67e1bd4060dc09cb52d023904d5027,subitem,EXTRACTED_FROM
86afa2d6-2c3f-5466-8397-6be7571f8476,3684aa0e5c0a0092d92123c69173a505eaaa2029,subitem,EXTRACTED_FROM
c75160f0-6192-52b4-99cb-815a3542c6b4,6443849b2efa76b50445e975cf4b709723373766,subitem,EXTRACTED_FROM
7d199c67-993b-5767-a7de-bf8e549ed4de,eb20732ac84042423b16bf694a4bd5fa5061d0d0,subitem,EXTRACTED_FROM
31fc5818-47e7-55d0-88a4-0a644a93d64a,7b4d2e2e9f0008820bc698551c7780045b6b4a15,subitem,EXTRACTED_FROM
94dbd50b-2c92-5ff4-9d87-abeda150ac2a,c956df8e56f19bfb21ea7af6b82ab856f7f0ebe2,subitem,EXTRACTED_FROM
27e995cf-9de0-5e5d-9dc4-05b78a21c637,9a7940cf5b7b7812bcce0991f3f55b8721bd5c71,subitem,EXTRACTED_FROM
5ecac63e-7267-592a-9837-47493ecc5906,2eeb620992fde94f784e8ca704ed8cddb96bb62a,subitem,EXTRACTED_FROM
f3d4a03f-0c53-50a5-8131-51f15d48be4d,a8f7036149da547d3a085a930486f3d3797bdabc,subitem,EXTRACTED_FROM
a41b5d11-11c9-59a1-963b-4d91b97995c0,ebb411711a5f8ad235c92a498a1ff62bba5413c3,subitem,EXTRACTED_FROM
ed964950-6f17-52f1-ad71-492ddeb3bf3c,e1727a262928c9002d281ba7ec8277e2c8d1b3a2,subitem,EXTRACTED_FROM
3d97df65-1bde-55f8-828d-d80fd969baa7,ec8e86b0a409734c7e4f194adde05053aa860e4a,subitem,EXTRACTED_FROM
e17bac7c-424a-5f7f-8334-ff34b80dec62,00b14f4ca1b7eb6cea9376598f6e62f3edbff097,subitem,EXTRACTED_FROM
71e8fe71-1c3d-598b-9028-088515ec8256,60e9133f3255bc2c32731fb071669e6c46bc89d2,subitem,EXTRACTED_FROM
e3b1f3af-c60b-5754-bf9d-3650946d07d8,ae684fbeb3abf6e27b6299fe41951dad36a068d9,subitem,EXTRACTED_FROM
d9cf8ac0-30d1-5d82-bbe5-8056fca10a15,43b933685651f3eaaf71d16baa49a75f2295e65a,subitem,EXTRACTED_FROM
ce6aed93-ef6f-5cd6-9027-9d1a634c7d22,38511330597ef11a45dd8daebdcd54aefdb750d1,subitem,EXTRACTED_FROM
d447cb48-8b7e-503a-9023-8f4f1ab099b7,6ae4044a69e9a5d6562928e3d6a6c05b34e08935,subitem,EXTRACTED_FROM
3944d996-5792-567f-bd2a-51c038d8a363,eed47a113cc0ccc7087f1fe8cd3f0da6e1229ba2,subitem,EXTRACTED_FROM
b079d11f-a436-5fab-8cd9-691b922f39b3,acdebd789f74b5520476bc0132a16c5abdbb16cc,subitem,EXTRACTED_FROM
c651a416-e51c-5686-8789-8c9369c6b833,4e2e0350187e80b07a2f0540b510a11a8b75b3ea,subitem,EXTRACTED_FROM
ea7f2c4e-b757-5b7c-8fcc-57ae76a11992,e005e7fd6a06c68af00b20075a059ca452a50688,subitem,EXTRACTED_FROM
956782ba-4ce6-58fd-8304-03fad166955f,f070395229441c135ae9d8d98f731b38fdc82a74,subitem,EXTRACTED_FROM
140986d3-9285-5c3b-bbff-287c5f19c5e2,12c93bd82fe757f1604ee3cacca7e28fba741d2d,subitem,EXTRACTED_FROM
c32cbdff-3f37-550b-b1c5-7a9417396a16,166989d941f726c0f49c027079c1c2446fd01721,subitem,EXTRACTED_FROM
d4e2ee62-9d77-51b0-b4a6-01ed72a94b40,ed20964b8a86d2ba3284d1d7353314ff0bc88b0c,subitem,EXTRACTED_FROM
aad4df9e-3a3d-5b57-8fe3-d8c2c2d64ebd,cd15054b73c6505f3ed82146e5495eccb420c67e,subitem,EXTRACTED_FROM
f928bb57-fdf4-5d19-b09e-a869725956a8,5b023179ba14b51f585e922ec496b161100f7395,subitem,EXTRACTED_FROM
7466d533-7b77-5ade-92f2-7412aeede210,a53c080d5889da07dd9fc858f23d29c4b35abb20,subitem,EXTRACTED_FROM
0b65ac55-1d9e-54d0-af9f-d17d5045e66c,5cdd29828aff9ad883dc5bb4a150c9775b721627,subitem,EXTRACTED_FROM
e8f43eac-86bb-5fcf-998a-88b489320693,be1b7712c914f06c9d8e0b97d42f20e03aecf984,subitem,EXTRACTED_FROM
9a8aaadc-9e21-5b7d-97f0-4365cde9af2a,ffcd7a3f532b220a1b3a9d85c2cf3912c991ea47,subitem,EXTRACTED_FROM
23ef49a9-d80c-5108-9443-cb6ac1b0ec4a,21a30ebd2a65d2b3d73f831dd6b03bac03fde9ea,subitem,EXTRACTED_FROM
437d07de-5eb1-5897-a3c5-1249042906de,0597ccc3519e4834ed32795063d760785c35c5a4,subitem,EXTRACTED_FROM
de066887-4ff2-5aee-8d85-d9e2c66d010c,9265ef7a3435eaceba293d71a8afa9208c2bc6cd,subitem,EXTRACTED_FROM
4933a176-520a-53fc-b6e2-650b49e730c8,a75033d106fc64cd77fa17882f5208f1abc91f5b,subitem,EXTRACTED_FROM
f17f7758-819a-56f3-8b49-09e313a4f715,6c0553e797615bbe9e1204f154c0ed386632b27f,subitem,EXTRACTED_FROM
c9df8b05-557a-5242-bc19-f6d35931fea7,b71045973c346c1ab23283f811b97799976a681f,subitem,EXTRACTED_FROM
06c575ed-7f37-521c-9b9c-ebde9a3b694b,158d74a3d5a1f0a1055be023985e93e157c0174f,subitem,EXTRACTED_FROM
083d51c8-f749-5d66-b94d-15eec384736d,4df44a0ce055947b970267703b44e2d016f1a67a,subitem,EXTRACTED_FROM
8b3b47b3-55da-5db6-a77f-d1f03a278798,2008acda9743b846d1bd2b3ef5ac50c21b3f6a17,subitem,EXTRACTED_FROM
7b0a61b5-3c8d-548e-bc4d-049144692134,15d3fe43e984ae844308365c340588747712670e,subitem,EXTRACTED_FROM
45d7d0ff-a8f5-5dbc-8de7-fd06fe5bfbde,5258257b229d73a61920da1c0669e01b195ea2b8,subitem,EXTRACTED_FROM
df706b99-6b1b-57be-9b1a-5005961f4b27,71ca399965ad5a34753aba33c3c760323b4fe5f2,subitem,EXTRACTED_FROM
95fa9056-de58-58dd-9b6a-c1c6e0d71ff6,2b25a11fec4050593d417f9c0051d8cf558c92e3,subitem,EXTRACTED_FROM
0b075a99-7971-52c0-96d3-d3dae33e0349,d35091508e64a450447863d6beb5c3d0e21fe11e,subitem,EXTRACTED_FROM
fa6d5c90-781a-52dd-ac43-c06f759a8eb1,5cf45497fe6655ad3cbf585d9aa26a5ba866fd4c,subitem,EXTRACTED_FROM
6bc15185-a7f7-567c-86ed-6f85595ae927,3f861fbd97f3329ae8652eacd82a2c0ae5479ecd,subitem,EXTRACTED_FROM
2b2df8fa-5f8d-57f1-bd18-c5b8c208a85e,2fa6a59a351b4706b8e2a915c76f69a6f5f20839,subitem,EXTRACTED_FROM
e12ef0f4-01ca-5a33-8594-e3a80e8c5168,066d189842f23a80213df5f3975bf50587198b81,subitem,EXTRACTED_FROM
9f6198fa-2f81-5cdc-af2f-9fc45a27d322,4a662eaa973bb5cef306c95498e3fac4feb34b0f,subitem,EXTRACTED_FROM
b855fb1e-880f-51fe-a94b-3382cd54f17e,fe00137238cf241a1e5b25a4c7059bd3292c5700,subitem,EXTRACTED_FROM
dc75ae62-de0c-5e40-a44f-1d0f377ec9b3,29f0aa89251bb9c1561bbba27f0d22e243e42561,subitem,EXTRACTED_FROM
a1bd1077-eaf7-54a2-9e15-1b3fa1284202,9fdd9f58c14987e0e2379883c308d38a5061d2b0,subitem,EXTRACTED_FROM
20b340dd-4d6c-561b-b5d1-4cfc602b53d0,2ae1d7bc6148df9f893324553e39e5a55f65edf4,subitem,EXTRACTED_FROM
2335bac0-c167-58b1-bad8-87919fd31e41,50f389e6fb3147b24c317e3a5e75135d66f8141b,subitem,EXTRACTED_FROM
b21f2cc9-28b0-596b-818b-043537646a9b,9470f972047e27471201772c91ebcc329681e725,subitem,EXTRACTED_FROM
03a706da-2ca0-54d3-a2ac-c08dd2ebdc1d,248342d6fb36e9ca96b90a21b5a086a759608f4b,subitem,EXTRACTED_FROM
49580119-c641-589d-a72d-7496f4ba065e,3990f2f018c18e56086ad1bfe5bb97537a592fb6,subitem,EXTRACTED_FROM
aa9d2f67-0c22-5e9c-bf3a-670ab7f015d5,3a3223aa867c0eafd40ec3488fbed191ceb47c65,subitem,EXTRACTED_FROM
30e6644f-66b8-5498-ab96-586097101715,15be85a9b5c808a09b061c281751b125c017764e,subitem,EXTRACTED_FROM
380f6dfb-05b6-5b70-8f11-32d563bb6475,6fdbeea05513e30c4d1a78f10afdaddc8611c61a,subitem,EXTRACTED_FROM
cb73ef39-57a4-5638-b48d-09957d1083b3,e138a67f50eeeecd852e6c993fe6e173ba02eb3b,subitem,EXTRACTED_FROM
cd60d9ec-2669-53db-9592-5b93343e5b0c,b4532864f0555b4c121588b74b8ac4b1558125dc,subitem,EXTRACTED_FROM
c3cfe089-01d6-55ba-b3a7-9cbba6e83bc4,d50e0bce960047bdd58bb0cdc78edcbeb7b00afc,subitem,EXTRACTED_FROM
5f35b981-7d66-5607-a18b-1ff629e5fd8d,1e296b5281c15332a583a0a18c93f83601a50cbd,subitem,EXTRACTED_FROM
74485251-a2f5-5cd5-bfdc-24d9bfce1732,77961409dd1f0c16091b6ec2e9e5d87e6b6575eb,subitem,EXTRACTED_FROM
03f5944f-916e-5edd-ac6d-39aa2f8b4e75,5c71abefe35023d2314dcad70c5b4359929c7b18,subitem,EXTRACTED_FROM
30d96a37-0d17-5b71-b471-d9962a2000d7,0733342ff3847d5a941870afb919c9db5cc2ec34,subitem,EXTRACTED_FROM
fc28df07-933b-5318-b84f-c76c505359c8,fe992acba64c83dce180c8c29c0979b570a9e1ec,subitem,EXTRACTED_FROM
25ce6c96-65ef-5260-91f9-7903c9f5b407,ef856fe3fa4ec67a2e86fe1c838958ca2d7e030b,subitem,EXTRACTED_FROM
514a4454-30f4-51f3-8de4-b6385fdba843,ef3958cfe83bded9b26b30cf63bafd9b6630e42a,subitem,EXTRACTED_FROM
1acb5764-307c-56c7-a0b1-a9abaf6d0187,d26061b4881356ebdcf91fadeb097aaa38e95f8a,subitem,EXTRACTED_FROM
13b4b324-f85d-59e5-adab-ef87a37972b0,ade75afe4205ac42e32102950a23a628e113c90e,subitem,EXTRACTED_FROM
a284c712-3ccc-5056-806c-7f8607b8e027,8fcafba62ce37cce6e4457a560f8852edfb38e45,subitem,EXTRACTED_FROM
b86b572f-a867-5a53-a590-a06f69b29ccb,1aaffc1b770ac5ab57d27c248526fb3a96c8bff3,subitem,EXTRACTED_FROM
d488e88f-377e-56d2-9df1-22609b7321e6,14ec014f408df375c10829ee19dca829c98eb362,subitem,EXTRACTED_FROM
401c4e6f-ee7a-5e40-bfe8-e1b26f68fdb7,ab123911ae4ee684d7b446bdda85bb49bc2e31d2,subitem,EXTRACTED_FROM
cd081c0a-9851-5112-88f4-012bd93e2b27,1a8346b8291e0121369e1cf6aebc11ca4a53fec1,subitem,EXTRACTED_FROM
a4c3f3e0-29e5-5fdb-b3b8-97710d79d36e,6f90c95fa14832f1cb404081c1a3e3d85230699c,subitem,EXTRACTED_FROM
a5320780-e8c9-56ab-a2b0-287980bf654e,6b1703aca211ca81d7d69bbba40be9ede891d260,subitem,EXTRACTED_FROM
c76886e8-6893-5706-91ee-8d42bda94430,4af8e969d462b9aba113218efa0463e669ea8f6f,subitem,EXTRACTED_FROM
4560dbac-44c9-5222-9e43-c82dd62c969d,07fb10c806ada5809928b44c8c4305552dce841f,subitem,EXTRACTED_FROM
1e9d8100-f99b-52fd-bf24-c83ef276291f,8aab5549c10da23d79709583db98aaf77ebe135e,subitem,EXTRACTED_FROM
37421683-d616-5d32-ae24-ed0c708caae7,f96839a1ba984f1b8e369cac51baf3d59da09b6a,subitem,EXTRACTED_FROM
38c10622-0951-55b6-bd23-8e1efb055f49,3d2ca7a7a1c8af4afb5c3d95a4594e14c8f65905,subitem,EXTRACTED_FROM
cac3611c-9616-517f-8096-78fef44ab0c9,ac54b303d83be5d0b4880b03ed1a7f5074678059,subitem,EXTRACTED_FROM
eaa79916-d0d6-5852-83be-7020bf0a8f54,f950e7ed4f98edc84dfcd310a02fc1ba5f4c874d,subitem,EXTRACTED_FROM
f6d56bff-6d3b-59da-9457-afb70c2df8a5,32f893f39300fae027cb2ecca34286ed80a42d99,subitem,EXTRACTED_FROM
7c0dd139-c5b2-5296-9be2-0518f554b1a3,421dc6a5d83362275e60bba1241a9c521ca02425,subitem,EXTRACTED_FROM
2c26b86c-a691-51a5-884d-b5ce5a660968,56ea4608cc35d3cc360dc193477f7288b4af076a,subitem,EXTRACTED_FROM
8c08c8b4-2529-5ca4-a17d-8d36de3d710f,4dd7c19a3e56a1ee3832f3c561bc0e16af523825,subitem,EXTRACTED_FROM
489969fa-bceb-597c-8df6-8d4f5c2efadc,86625923c0ae9d3a1330803fb7b41d8a73526030,subitem,EXTRACTED_FROM
0261e165-1ffc-5519-b3f5-c0f216cdb76b,16d53fc35d017fe409476d7dfc45ed2cb67695a3,subitem,EXTRACTED_FROM
0e302a50-6724-5f3d-8c87-a2fe8b112bed,96dda9e394720e879e995a4e034b3160d08c9d6e,subitem,EXTRACTED_FROM
1bb82fdc-d5cb-5e24-828a-37eafdf1cf64,f8e2807d3275931427d4781b1935535fa4b71747,subitem,EXTRACTED_FROM
30e851b3-31fa-51d9-a896-2c12313d07d7,380fcc95cf73a95961b52f3c0f84d1b774b214be,subitem,EXTRACTED_FROM
8efaa916-0cb9-58df-b241-f6d666bd9307,c496b2869559e287d450d6d5878e8e7729e306ff,subitem,EXTRACTED_FROM
be15eedb-d120-577a-9df8-863c2a61dbbf,1b9c9e129b8452e6591589b5f50a6eb692bd3d55,subitem,EXTRACTED_FROM
0e51bdca-9509-5162-8054-f3595ed3669b,36041aea0468ed6b1b74a572fbd7914130b5c9ab,subitem,EXTRACTED_FROM
f4755ba9-1fea-5665-bd23-a4c5154f9108,194878c17fe12ea46136c014f6bf3c635ca2efed,subitem,EXTRACTED_FROM
4b86efa4-4936-581a-be4f-142050ba6605,f79a00b14f0c54a790f6314762afac58a33f3a74,subitem,EXTRACTED_FROM
d2b320a0-9fa6-52ab-bdf1-38449aa2e734,1b8f4f7e17915e3791a197bd4ca15a81038c22de,subitem,EXTRACTED_FROM
07b45ed6-afd1-52c6-bf91-31cc33591346,52c5711c4e4d2bed6fb6d9182e36ba8935364cb7,subitem,EXTRACTED_FROM
88b6bede-9447-5466-9a23-bf39d674d374,638c6eca4e1a4dcba09f3423af9e5379a2919503,subitem,EXTRACTED_FROM
9338b17a-ab73-55b3-9b60-b379c42b9448,ebf782ccd5bec5bc42264d52ad55b0f037c59398,subitem,EXTRACTED_FROM
cdbfaa8e-c48c-5812-8cd1-4c53b5683dd3,1cad9506e09c957b40d5c764816675c6ff1bc961,subitem,EXTRACTED_FROM
cb718a5e-14d6-52c4-b90e-acc1cdfea767,f1c731cfeb029759afca5c20ebb3685c85c87171,subitem,EXTRACTED_FROM
816c61ca-843f-5b28-808d-faa117e68381,6465712af071054fcd4806d3b571b103cbd553b6,subitem,EXTRACTED_FROM
e5158a2e-585c-50ab-9ac9-18daba6a97cf,cbf2bb213e515e53d5f60a656589ed46cc6ee484,subitem,EXTRACTED_FROM
0eb06f8f-39b4-59a3-ab68-eee68ee91371,5bedf8c594f0a6e449f96d0ec56b22801250543d,subitem,EXTRACTED_FROM
e3ce3e01-4068-55f3-8ddd-3ec7fd3799d0,64a194afc92a48871a70bf67c7025100142f0401,subitem,EXTRACTED_FROM
e1c3d903-f397-55b9-84b0-81cd242a6e3c,786a727b1d8412156b92f9c3ea5d890a256ed38e,subitem,EXTRACTED_FROM
904ab174-97f3-5d0a-b6c1-77173dc6aa1a,61b3e32be1093680c8ea91579f8924df4a4c04c8,subitem,EXTRACTED_FROM
047f0784-a533-5dbe-888a-22e094af5c83,5ddac2a5ced726082ba719c6d1a83d15c4fb6965,subitem,EXTRACTED_FROM
0c1b6cb7-b39f-5502-8b44-bdb02ca817a1,0f53f05e16e10e4343f4575e4c23b494f331f292,subitem,EXTRACTED_FROM
3fe2276c-1ba9-5c1e-8bc4-15235d484425,5e84874c3ba1f21b056ee505832c6e45c15d8992,subitem,EXTRACTED_FROM
143846b6-f04a-5600-b528-65faf6c8816b,037cad377811b0cd7d8832b83d1cb1cf43f8761c,subitem,EXTRACTED_FROM
ca952b03-ca0f-5808-a0d5-b67aec728eb9,c2b72de34089151ca00ba6c9f8f0ace0ae1115e5,subitem,EXTRACTED_FROM
765b158c-06df-5fb9-8a8d-59f67acb9cb5,197b8f981cc251fe550fe61980b9b9b549f3175a,subitem,EXTRACTED_FROM
369edccd-50dc-5ef8-a7a8-3787a18a8cfd,4ad3aad5fbfd5db3dd0d8db8d97072b34a30075d,subitem,EXTRACTED_FROM
f5f52ff0-4660-5738-a09f-395e12478a3b,3730a22fa696626fd04b65a9bbcbe2d0c2fab913,subitem,EXTRACTED_FROM
b65ee5a1-4360-58d9-9014-dfcefbd384f8,ef6eee6259a6aaa6bec1a0021827290011fa02f5,subitem,EXTRACTED_FROM
493204d5-e771-5153-88c4-f18d724d0ff7,ae15f9e65afbdda6521d9829d3c709cdd5d872e9,subitem,EXTRACTED_FROM
f37135bb-8537-53e1-a88f-7bd27cefd216,869e47eb74132e14956dd7249dc5b2bc647e8db4,subitem,EXTRACTED_FROM
43b85cc5-42c3-50d2-be60-e906bd4c2db0,1a76a8b48c5053c6830ac39845c35496a552c3d2,subitem,EXTRACTED_FROM
69aa885c-d053-5fa1-a52d-f797383d8734,0dd97bcdb89b7879e112f21efee12f99a791799f,subitem,EXTRACTED_FROM
2d810205-28b5-552e-aca8-70f95291a0cf,f9c5c8320d1f93faf22683f923cdc2feed929dba,subitem,EXTRACTED_FROM
430d3560-97de-5882-8d91-dbe7e63b9752,ff5f2087f7f8eb9c749087eca801322e481ac2d9,subitem,EXTRACTED_FROM
240e7ac4-1ba7-5864-8b79-7fce43edefdc,0e3acce3cfb09f251e95848c6364cc4e1abaaeac,subitem,EXTRACTED_FROM
02dcafa3-a9b4-5063-bf37-7f8406bb5e37,460c965ecbbbd487c7da0e88907e9a22bd0575ef,subitem,EXTRACTED_FROM
4b4d0184-620b-54b5-9f08-14ad511bdc11,a586f4ea1071689ee402f2dc898bf47a98c5d4ae,subitem,EXTRACTED_FROM
baa66f1a-6e5e-56d3-b99d-f7cb0a39347f,4917e80d960e3096a931439812bfe2923a73971c,subitem,EXTRACTED_FROM
4151b276-6a22-5bf0-8877-fcd832c73340,e236e9f12c9538219510377f394b2c184d8871ad,subitem,EXTRACTED_FROM
a7fa2fce-f4db-52bb-8bb9-c326c7fa5875,8b8d22d34df6749f4261e84269ef97c58108633b,subitem,EXTRACTED_FROM
7168c6b1-0646-5524-a97d-19bae0e8b07b,1ee7477f7fbfa6c0357534da0c94133b7d8b075d,subitem,EXTRACTED_FROM
cd59c98c-2443-57fa-a057-34c51804edee,cf190606e25194976231c786ee7f6c3b1247ecca,subitem,EXTRACTED_FROM
3875eed2-1fcc-5972-bfda-69c09c8765a5,19d69af8efdf2c8d2616506c99025b3a21c9df4a,subitem,EXTRACTED_FROM
109914a8-dd65-50f8-83ce-57c85c4e1da1,563531a1814d824df3af627fdf624c0734897584,subitem,EXTRACTED_FROM
0a2a02c9-a156-5002-889f-14b6b1ba12dc,fdd2771b0d4c336408eb10e2d9c0be6d9fcdcfcc,subitem,EXTRACTED_FROM
1f836ed2-be61-53a0-9e4d-b9850157e491,75ced5fd8ce6e2c1447888dd860f17923bf9e4d9,subitem,EXTRACTED_FROM
c660ea52-7785-54ce-87a3-6db9709c32fa,775af37d7f78ec4c22e80f46299cc037aa5f854a,subitem,EXTRACTED_FROM
9ac6d755-3c18-5047-ba79-316de054dca9,4523c527fe2f85bd67391afe6fc342f2a85e1e90,subitem,EXTRACTED_FROM
c1d98131-2b9f-5168-9aff-7128aff9ed7c,fd1f8ff32497fa0b5a2d4ab5b58224c42798fc81,subitem,EXTRACTED_FROM
78be7582-af38-5bec-9860-0a58aeb0558e,7711e2322554456542d195b0f9a5aa800802fb19,subitem,EXTRACTED_FROM
ccdba096-8674-5890-a45e-9c32da882b47,e2a61427e8fa407e1eab38ab4e5c0c5f3988bae2,subitem,EXTRACTED_FROM
599c75b6-b35e-5226-92b0-698eb5b78487,b11ce77ef46e684f89e9b4005746832284dffa87,subitem,EXTRACTED_FROM
ed5c7605-a9ad-5ce6-9cea-f63fd24a0a7e,1242ffcbf0a187c6ade53f0d80ff01d005122cc5,subitem,EXTRACTED_FROM
bdc69a6d-647d-50dc-96ba-345669bc6c14,8f93e921e25d1620f9501c6f34fc47cfea6522d3,subitem,EXTRACTED_FROM
8a5e90fb-a724-567c-bcab-8728244da43e,lrow_058146be064c,annex_logical_row,EXTRACTED_FROM
05fae5ea-5f0d-524b-91d7-ede9e3071b7a,lrow_8c2968d4a139,annex_logical_row,EXTRACTED_FROM
5fe212db-eeda-588e-936e-c6a49f5c28fb,lrow_b685f09df1e5,annex_logical_row,EXTRACTED_FROM
c4d52c75-fe74-50ca-9fc6-e5e1b1fb3604,lrow_9de975b40332,annex_logical_row,EXTRACTED_FROM
8b53f7e7-2e30-5868-b824-ff33cf032d44,lrow_4e3f05064524,annex_logical_row,EXTRACTED_FROM
770f9979-2e64-50ad-b51b-a96138b73074,lrow_8147a35b3ad5,annex_logical_row,EXTRACTED_FROM
803b0309-d0d1-5ab3-b277-98c4449274c3,lrow_0e70e3725cce,annex_logical_row,EXTRACTED_FROM
cc0ce081-c448-5155-b167-7ea42adbc7c1,lrow_80f95be676ec,annex_logical_row,EXTRACTED_FROM
5f61ecef-45fd-554f-acf6-135f1fdcbeeb,lrow_926d1a48000b,annex_logical_row,EXTRACTED_FROM
be9273e0-fbb3-57e3-a55a-3b865b9f25a3,lrow_0adf8c88a62b,annex_logical_row,EXTRACTED_FROM
90ed908a-7160-54fd-b45f-bb5c10cadcf7,lrow_9c1a6cbd2bb6,annex_logical_row,EXTRACTED_FROM
2cae0073-2421-5e3d-9b3f-baf6b66a544f,lrow_1db92e5b9d3a,annex_logical_row,EXTRACTED_FROM
c58b862d-d003-5faf-bb9f-a58cdebd9315,lrow_a35b705b225d,annex_logical_row,EXTRACTED_FROM
1a94b166-a7f6-5000-8144-7c348f952a36,lrow_3daeb0a5375d,annex_logical_row,EXTRACTED_FROM
3d23f4c9-7788-5b55-9542-0ef82eb1e099,lrow_3c330c146726,annex_logical_row,EXTRACTED_FROM
c0b0e953-d423-5b05-8555-c8dacaf503eb,lrow_4b1a1debc553,annex_logical_row,EXTRACTED_FROM
14823984-696c-505d-8729-8d1a75d0ec0e,lrow_1d385c879c30,annex_logical_row,EXTRACTED_FROM
758613d1-6c30-5d19-9ef0-9d0feeb7813a,lrow_122b90b047f2,annex_logical_row,EXTRACTED_FROM
2778f712-9884-52a2-bc5c-81e0eb312156,lrow_92b020d99ae3,annex_logical_row,EXTRACTED_FROM
50fd512f-27e1-57d7-850e-3019cc9136dd,lrow_69970482b61d,annex_logical_row,EXTRACTED_FROM
461231e4-4c0d-5d21-b181-bafa1eb1925c,lrow_dae6764bf3b6,annex_logical_row,EXTRACTED_FROM
c73c91a4-484f-5595-8bc1-769d7abc9c40,lrow_6a61290483e9,annex_logical_row,EXTRACTED_FROM
a0c495eb-2be4-5e9c-a29d-bd31e204ab30,lrow_83b1a21d7daf,annex_logical_row,EXTRACTED_FROM
887743de-3849-57fd-b8db-248c510c16bd,lrow_775c0956d03c,annex_logical_row,EXTRACTED_FROM
19efb6d5-a6fe-5a7e-9fbd-69edae545dea,lrow_7f61211c6aeb,annex_logical_row,EXTRACTED_FROM
3c2ce811-f54e-5598-b366-2fb5c60501c1,lrow_aff3b3ba5772,annex_logical_row,EXTRACTED_FROM
66e218a4-abff-5fd2-864a-6bac62356b00,lrow_ff013d3aaeef,annex_logical_row,EXTRACTED_FROM
e21cd71b-9927-508b-b6dc-d8fc179b393f,lrow_42646a08ec23,annex_logical_row,EXTRACTED_FROM
92251678-068f-5274-a7a9-78e7d6531976,lrow_e286a3b98d9d,annex_logical_row,EXTRACTED_FROM
48d1be6a-1c5c-5752-8c54-adc137ba8773,lrow_06209fd59600,annex_logical_row,EXTRACTED_FROM
2595a338-f749-5d60-9120-b509ee27f17f,lrow_bbaf4dcc24fb,annex_logical_row,EXTRACTED_FROM
a865bfc2-6719-59c6-88e8-59845c9aa60b,lrow_e45d00ad583b,annex_logical_row,EXTRACTED_FROM
a9bc6c86-0f37-55f6-8fd8-5bd0f5b3431f,lrow_0e74fc8fefa8,annex_logical_row,EXTRACTED_FROM
6385cb69-b11e-58bc-a78f-1f1054bddb52,lrow_e360cfb8020c,annex_logical_row,EXTRACTED_FROM
a5dfcfd0-88aa-55d4-8f67-0b980f431ba8,lrow_0a361dea746d,annex_logical_row,EXTRACTED_FROM
beec3526-4080-55b4-975d-4d10be7ca0d1,lrow_ae34933d154f,annex_logical_row,EXTRACTED_FROM
48c6cc89-040d-57c2-b39b-91d3286f80f1,lrow_d3e281c1a5cc,annex_logical_row,EXTRACTED_FROM
c4db020e-4062-56a7-8a2e-254a16eaa99d,lrow_75feb428df74,annex_logical_row,EXTRACTED_FROM
802b8e85-717f-51ec-804c-0a0eb1d18e68,lrow_ec608f397986,annex_logical_row,EXTRACTED_FROM
26edc6bc-b65b-51b7-8bcd-588ecf642ba9,lrow_07f9333c9e16,annex_logical_row,EXTRACTED_FROM
ef56c4e3-c945-55b8-96e6-2d5396d050c2,lrow_1615acb4909a,annex_logical_row,EXTRACTED_FROM
cfb56a62-29ea-513f-b81b-9ff6fb24bc00,lrow_5866b75a0681,annex_logical_row,EXTRACTED_FROM
b6a64774-d25a-5b2a-b48f-d72a8e1230a9,lrow_5faa658020a8,annex_logical_row,EXTRACTED_FROM
773b21ab-bbff-5d79-aeb0-2026b698f7c0,lrow_a2de8431edd4,annex_logical_row,EXTRACTED_FROM
ff8020d8-9c98-548c-8986-94c3cc128ea7,lrow_614aa28f7f83,annex_logical_row,EXTRACTED_FROM
88012641-9f92-537e-9307-ad4c6080bd21,lrow_53015dd74f41,annex_logical_row,EXTRACTED_FROM
3b9de3bf-6713-5e1b-8f33-38755b7b6ddd,lrow_4477934ddec7,annex_logical_row,EXTRACTED_FROM
0cd8d7e9-f592-5287-9944-1a0a58c4c418,lrow_8f3c67f177a0,annex_logical_row,EXTRACTED_FROM
1892f266-33be-5eef-9d3d-6e49db7e3320,lrow_7edd1b4921d2,annex_logical_row,EXTRACTED_FROM
9bd052ab-ec2d-5b67-a44e-fbb8b37db563,lrow_05c452284d44,annex_logical_row,EXTRACTED_FROM
d980938f-7ff3-57f7-9ac7-5536f41d920d,lrow_158956a1066f,annex_logical_row,EXTRACTED_FROM
64442d1a-ff90-5860-9878-ceb00b57a26f,lrow_68e0ec1ec245,annex_logical_row,EXTRACTED_FROM
0a46f5fe-a0fc-5ec3-bab7-b3765219de73,lrow_a99f1ec6c482,annex_logical_row,EXTRACTED_FROM
30aa7b1f-d385-5f79-bbd6-057b62ce9183,lrow_2dae45084bf4,annex_logical_row,EXTRACTED_FROM
1dbf303a-b2f6-5a0c-a71d-c79814389494,lrow_1a9743a8c9db,annex_logical_row,EXTRACTED_FROM
e4479630-2edd-520b-9526-621c43652fdb,lrow_b4bfb05f3659,annex_logical_row,EXTRACTED_FROM
20f086a9-3cf9-5a96-9963-72334d33f4fc,lrow_a493749259ac,annex_logical_row,EXTRACTED_FROM
fb96864e-9850-5b43-aa83-0d1a85f07d63,lrow_ddec41d51b88,annex_logical_row,EXTRACTED_FROM
0a677bc4-e6c4-5520-a689-269e5e5306aa,lrow_1f506a5d3d90,annex_logical_row,EXTRACTED_FROM
cae0f10c-6fac-55d6-af28-be8bd6712ce7,lrow_9839ef96e88b,annex_logical_row,EXTRACTED_FROM
31afc262-76c6-5ccf-a67d-cb2a952763a9,lrow_fc499b73d4c3,annex_logical_row,EXTRACTED_FROM
bcdd4ebf-d972-5a21-b1e0-99b580e6d0b7,lrow_8f31d5d6418f,annex_logical_row,EXTRACTED_FROM
1df5e288-4aa3-5483-9566-a896f0aa1f56,lrow_e2bc87fc71ff,annex_logical_row,EXTRACTED_FROM
94df7fdb-c759-5e27-8f5e-2c27d7132ab0,lrow_c01fa84c32a6,annex_logical_row,EXTRACTED_FROM
6788e753-373e-575f-ae07-ceae711002a8,lrow_7e8afe71a110,annex_logical_row,EXTRACTED_FROM
5bf857e2-693e-577e-8789-49100c95dc60,lrow_d2eba40eac45,annex_logical_row,EXTRACTED_FROM
22dc37e9-a7d1-54ee-ac41-92735c0b8398,lrow_321ae893f402,annex_logical_row,EXTRACTED_FROM
d32e9020-5fc6-5c90-94ef-9ad57d19aff8,lrow_2b8b18d943fd,annex_logical_row,EXTRACTED_FROM
6f6041a4-025c-533c-8727-00e8fe9d795c,lrow_fb46eb4e9d32,annex_logical_row,EXTRACTED_FROM
06b0af88-994d-5423-b5e8-c955ce26d764,lrow_2080d9c4eb3f,annex_logical_row,EXTRACTED_FROM
66666ccb-bce0-5b95-b08e-099e1ca5ac26,lrow_66776f574c34,annex_logical_row,EXTRACTED_FROM
f66c01e4-0ea9-50cb-b5e0-d6014088f192,lrow_1d10080f85b1,annex_logical_row,EXTRACTED_FROM
08257373-32c9-5a0f-bc64-300f3a425f95,lrow_e91b6f1c56fc,annex_logical_row,EXTRACTED_FROM
da25a60a-fbd2-5c26-a31e-d5cee598882c,lrow_b3d9dfc7c786,annex_logical_row,EXTRACTED_FROM
7953b976-a408-57b2-9101-270924e6087d,lrow_41f71ff5a573,annex_logical_row,EXTRACTED_FROM
171b3255-c4c8-5020-8017-3d1a815946d2,lrow_ea983c79276a,annex_logical_row,EXTRACTED_FROM
8eb803b2-97e0-532b-973f-a0a2a51c7544,lrow_4958fbfce8a9,annex_logical_row,EXTRACTED_FROM
a427374f-21ad-5fef-9e28-bc480339cec7,lrow_dbc6facdcef8,annex_logical_row,EXTRACTED_FROM
277f1314-2456-5d5f-a54f-184af7ccdb09,lrow_33487882d909,annex_logical_row,EXTRACTED_FROM
cc9f2149-7661-59a3-b1d9-a3e198048e52,lrow_f0291445a54d,annex_logical_row,EXTRACTED_FROM
3c7aead0-57e7-5092-b553-f4609c7a2d42,lrow_6f1961b4e437,annex_logical_row,EXTRACTED_FROM
f94f3ca5-c05d-5f1b-b1a8-3043cd72b61c,lrow_c9557dd55175,annex_logical_row,EXTRACTED_FROM
1c73d992-41f0-586f-b1d6-c5fba64f2ead,lrow_6c5049bc1c1e,annex_logical_row,EXTRACTED_FROM
721750bd-63ef-5219-b8cf-f4e535b510ca,lrow_84d9d896eb71,annex_logical_row,EXTRACTED_FROM
a5254732-b13f-52e8-910e-f7b6b468a8f3,lrow_cd0469f7c98d,annex_logical_row,EXTRACTED_FROM
b5e7427b-668f-52ff-b210-d329c1d3a03e,lrow_7348490e5bda,annex_logical_row,EXTRACTED_FROM
559e372e-8672-5764-93fa-eb35dd172411,lrow_7fff12f14320,annex_logical_row,EXTRACTED_FROM
860141ee-1db3-591a-8194-9f7717a5e784,lrow_502ac4223314,annex_logical_row,EXTRACTED_FROM
9883b462-136e-5102-ac2c-26a569aaf390,lrow_f7a9ff8207d6,annex_logical_row,EXTRACTED_FROM
4d82f4d0-a8c3-5dd2-a909-e95b24f743f2,lrow_399c48948023,annex_logical_row,EXTRACTED_FROM
847d5e2c-bf1a-59ed-8467-bbff71ae9de9,lrow_be4f3e06fdb3,annex_logical_row,EXTRACTED_FROM
936b33d1-36a1-5417-a14d-91d23a1217c7,lrow_17e6b5c3635c,annex_logical_row,EXTRACTED_FROM
27476875-635a-544b-960b-0c72b171210f,lrow_b097deb7c126,annex_logical_row,EXTRACTED_FROM
47d11ddb-d11a-58e4-9188-6aca03f8b539,lrow_ee04ba836550,annex_logical_row,EXTRACTED_FROM
13000415-3755-5032-9acd-013d13fbd997,lrow_5898485addea,annex_logical_row,EXTRACTED_FROM
9d5cb9da-87c5-5a19-905e-c4ad583de013,lrow_6232fd64b931,annex_logical_row,EXTRACTED_FROM
1bef3684-a774-59f7-bb5b-bc45c9058a6d,lrow_910e50abc5e4,annex_logical_row,EXTRACTED_FROM
9e3bcf23-7f9c-5674-85d5-d4631ae7b466,lrow_84f386c52127,annex_logical_row,EXTRACTED_FROM
09c38eff-8d74-5c6a-88c4-c2b42ed3778e,lrow_a79c2cee745e,annex_logical_row,EXTRACTED_FROM
6d00f289-6899-51da-b965-e747eb600b6a,lrow_4a7b2b9e3c9e,annex_logical_row,EXTRACTED_FROM
e5232eaa-8351-595b-b0c8-958c269d7008,lrow_290da0913457,annex_logical_row,EXTRACTED_FROM
9eb01489-292a-59d9-8f76-231f45c5336e,lrow_83c1de382885,annex_logical_row,EXTRACTED_FROM
bf55cb23-d5aa-5beb-b463-781a22efb46a,lrow_ceea6a2075a4,annex_logical_row,EXTRACTED_FROM
ee3beeb4-0dac-5e2f-8df6-7f4856cf5701,lrow_83c54105c49e,annex_logical_row,EXTRACTED_FROM
fe99a9d6-af97-53f4-a6bd-733ee5d9ed73,lrow_3ac93aba889f,annex_logical_row,EXTRACTED_FROM
358a1a3f-9249-52ec-bb9d-02e1388168c6,lrow_f9b32063a319,annex_logical_row,EXTRACTED_FROM
dfb42422-cc5e-528c-8c7a-504d096aacd9,lrow_87afab23439e,annex_logical_row,EXTRACTED_FROM
60b0abd2-f165-52db-877a-caf91430709e,lrow_78f72d6fcea8,annex_logical_row,EXTRACTED_FROM
e3fa8e49-544f-5f2a-9373-8d5ae30e2802,lrow_97737129e015,annex_logical_row,EXTRACTED_FROM
4f4ffad4-05f3-549f-9381-3e0d0c107e1a,lrow_540f04fb2383,annex_logical_row,EXTRACTED_FROM
b3176a71-b1af-5c14-9438-eaabca70db99,lrow_8fa6e878734a,annex_logical_row,EXTRACTED_FROM
145d77a3-e3d8-5514-9ef4-397e430c5370,lrow_36fcae61f939,annex_logical_row,EXTRACTED_FROM
ff8838d9-ef5d-5a1c-884f-d07206751f2f,lrow_c6cae0a8fe82,annex_logical_row,EXTRACTED_FROM
a7136c25-1b1f-5fa5-9eeb-4d1c2241a6f6,lrow_5043772b765c,annex_logical_row,EXTRACTED_FROM
b11a4f12-95d5-5160-bb21-87530ab3ffde,lrow_698b533d037a,annex_logical_row,EXTRACTED_FROM
dc11f13c-4b96-522a-81ef-b2703c8df832,lrow_7df55c158027,annex_logical_row,EXTRACTED_FROM
d8c88191-c735-5449-867a-45ee7aa5097a,lrow_7686710bd88a,annex_logical_row,EXTRACTED_FROM
e55f5b14-356a-5605-ba3f-dc4d305f0f2b,lrow_ff8719504107,annex_logical_row,EXTRACTED_FROM
77b9c403-f5dd-58c6-b6b0-66d8d529b0b2,lrow_f480fe5c46eb,annex_logical_row,EXTRACTED_FROM
63cb6361-8af4-5b08-969a-d7a0ad7a0475,lrow_5ede668db8a4,annex_logical_row,EXTRACTED_FROM
08a0b6e3-55db-56e3-aa48-3e3b0590f15e,lrow_eda3aaa497cf,annex_logical_row,EXTRACTED_FROM
63cab556-b032-5ef9-92ae-ca409e026dab,lrow_b843f3af4dc3,annex_logical_row,EXTRACTED_FROM
0b92ad94-88c6-5254-885d-55ec23be071d,lrow_d4cfeae34818,annex_logical_row,EXTRACTED_FROM
5f0f418d-363b-5777-a8bf-bb2499ac8ade,lrow_dcc11a97483b,annex_logical_row,EXTRACTED_FROM
04c78d9d-f780-5570-8b43-9818326caecb,lrow_b338a42c95d9,annex_logical_row,EXTRACTED_FROM
33f96b74-ae9c-5b19-8b80-761c5aebd981,lrow_a2eca5a4e60a,annex_logical_row,EXTRACTED_FROM
54d8794c-f610-5e3d-a0dd-b2be19df32c1,lrow_6e0c889d7730,annex_logical_row,EXTRACTED_FROM
e25b7bef-64aa-5d32-8722-dea3cb197041,lrow_2222e097af54,annex_logical_row,EXTRACTED_FROM
d7637e82-11d0-5f7c-a473-5275c050b859,lrow_6cfb35ba33ed,annex_logical_row,EXTRACTED_FROM
baad0ae9-5dda-55f6-874b-dc1783447da5,lrow_d518f9ef460b,annex_logical_row,EXTRACTED_FROM
ec5c02e8-36b3-5f85-be86-b76cd2799dd2,lrow_cd120bbb1819,annex_logical_row,EXTRACTED_FROM
6a0904dc-fdf9-5875-bfde-fdbe40640490,lrow_0c1ebd653ad3,annex_logical_row,EXTRACTED_FROM
f80f3f1e-e0f1-5b61-b602-dcd8ae4e8e46,lrow_cc3e91c423f2,annex_logical_row,EXTRACTED_FROM
63e5f34f-88dc-5d40-a0c5-dd9ae67b2520,lrow_84fbd9cabfc0,annex_logical_row,EXTRACTED_FROM
68009df0-c320-5c18-94fb-d8cad1c42b0f,lrow_2f896f58162b,annex_logical_row,EXTRACTED_FROM
bccb113a-4996-5981-a0d5-2db0cf4c0247,lrow_74749c5663c9,annex_logical_row,EXTRACTED_FROM
57ebb7f1-9243-55c0-a451-972133e34a99,lrow_c1100db9de8e,annex_logical_row,EXTRACTED_FROM
87ffb44d-47c6-598f-90ba-b5fd9e84fbc9,lrow_16ba81dbd5ac,annex_logical_row,EXTRACTED_FROM
a32b7e48-7a38-5bcc-9491-4534ca6f67ab,lrow_30ae6a42dae5,annex_logical_row,EXTRACTED_FROM
76d8d568-1ec2-5217-84d6-41f2492193d8,lrow_f616076f6d2c,annex_logical_row,EXTRACTED_FROM
b0a23efb-2bef-542b-a684-84873dcab8bc,lrow_495564e48b47,annex_logical_row,EXTRACTED_FROM
9b43402e-66ac-5515-bf6a-5f54cd8ba9b7,lrow_43a94e5509db,annex_logical_row,EXTRACTED_FROM
1e9a1c54-5df6-5747-bf5e-82aee69cfd0d,lrow_931024931419,annex_logical_row,EXTRACTED_FROM
84d10195-87ea-5cc1-be02-78884064331e,lrow_8b3542077182,annex_logical_row,EXTRACTED_FROM
4196b3be-30fe-5d37-8d8f-40ad6a78aaba,lrow_560cff4f1e09,annex_logical_row,EXTRACTED_FROM
628614f5-5c7e-591c-a6cb-6b6af7f0a33a,lrow_8d80e23c3eba,annex_logical_row,EXTRACTED_FROM
9bccdb93-6ae1-5a73-ae40-c0908b382fca,lrow_d8d5d62065d7,annex_logical_row,EXTRACTED_FROM
061d7803-2a8f-55a5-9c8e-86bc88ec90c6,lrow_c8fc6663390e,annex_logical_row,EXTRACTED_FROM
d7e1fab2-fea8-50d7-9e32-8b94ff004798,lrow_0be274867f4e,annex_logical_row,EXTRACTED_FROM
a92940f1-5f3a-5338-bce2-622b96a8c75f,lrow_505f59c9169a,annex_logical_row,EXTRACTED_FROM
99417873-eddc-57a3-aea1-14d944b7f77c,lrow_586b625e531b,annex_logical_row,EXTRACTED_FROM
e8fbd944-3635-5b4c-a223-c51ff9b6206c,lrow_5bd3b481190b,annex_logical_row,EXTRACTED_FROM
7791d4be-aa74-56d5-95ff-955191df1375,lrow_c0f6cb68ad58,annex_logical_row,EXTRACTED_FROM
eb0b02d7-55cf-52e9-8742-f702bd58bdae,lrow_27ba076141d7,annex_logical_row,EXTRACTED_FROM
b67f6537-72d1-5ac0-8348-e44ef76acb4a,lrow_9a5a45535d78,annex_logical_row,EXTRACTED_FROM
c3d8c150-a1c4-5456-964b-39dda3e5b5f1,lrow_8d051986b0d1,annex_logical_row,EXTRACTED_FROM
21c304c3-bbd7-506e-96fc-392e93a9f463,lrow_1e92aede3107,annex_logical_row,EXTRACTED_FROM
e88fc122-0795-568c-aa41-e1bb4c03828b,lrow_7c5e281a5ddd,annex_logical_row,EXTRACTED_FROM
c6456336-e523-5c17-a80c-e2b414cdebb2,lrow_786b33a2f88e,annex_logical_row,EXTRACTED_FROM
ac100d91-9bb2-54f6-b45a-b84f5694cb28,lrow_9a4eebc07752,annex_logical_row,EXTRACTED_FROM
f1db06bb-097c-5113-9e80-970cfaa278aa,lrow_16dc2c32d9e3,annex_logical_row,EXTRACTED_FROM
c0c85cd7-72ca-5a1b-a2e8-1745ad9b376d,lrow_1e80641dfe34,annex_logical_row,EXTRACTED_FROM
a439c855-c959-55f5-a2ea-35ad1f67e839,lrow_f6ca7c56a3d2,annex_logical_row,EXTRACTED_FROM
134c5574-db6c-559c-8000-a5c33b9e97df,lrow_2607a8d49515,annex_logical_row,EXTRACTED_FROM
095be373-1f15-57fa-b059-270981a2390f,lrow_e05484afa6b5,annex_logical_row,EXTRACTED_FROM
4a50a466-08ab-53d4-8e44-2531b46860e4,lrow_cf5c6430fcb1,annex_logical_row,EXTRACTED_FROM
1ce5cb49-22a4-501e-b564-574228d5bcd7,lrow_18c98e4e1b96,annex_logical_row,EXTRACTED_FROM
ae389e30-ac1d-5553-bcc1-9d470f45dfa6,lrow_961b4f10d783,annex_logical_row,EXTRACTED_FROM
b90900b3-15b0-52f4-a8e0-d6c93ac4d9cb,lrow_dbbfe2e3b6d8,annex_logical_row,EXTRACTED_FROM
84a4e340-79ab-53f6-b2c2-19bea9b15839,lrow_a16b73ccfb24,annex_logical_row,EXTRACTED_FROM
e4507c57-c5dc-5634-a994-0efcab720a7c,lrow_809040c1be77,annex_logical_row,EXTRACTED_FROM
295b1f0e-eddb-5c6e-b3c5-74baef6d8dcc,lrow_313f74d6175a,annex_logical_row,EXTRACTED_FROM
62969dd1-6d1d-5d75-9e83-78aa7231b4cc,lrow_88fc0a0fb63a,annex_logical_row,EXTRACTED_FROM
4b43e145-c366-549f-8159-c8faaad2e16e,lrow_417e2d4ddc93,annex_logical_row,EXTRACTED_FROM
a2474cc0-ace2-528b-8714-00596d136041,lrow_c716e645620c,annex_logical_row,EXTRACTED_FROM
22eeb550-6b2c-5d28-8a25-9251d6c5cf32,lrow_c231262f6a89,annex_logical_row,EXTRACTED_FROM
25eac564-3e7a-53d4-ae0b-e18d6b105711,lrow_defb69374ac9,annex_logical_row,EXTRACTED_FROM
423a3603-099d-5be5-8e42-ef339ef49441,lrow_b649c768ce58,annex_logical_row,EXTRACTED_FROM
7e9c77ee-a94f-5160-b8c0-121f880c939c,lrow_6099b314d6fd,annex_logical_row,EXTRACTED_FROM
cd145485-8dfc-574b-be4b-287454f5deee,lrow_6dc0991f2d90,annex_logical_row,EXTRACTED_FROM
1b7f5ed9-c467-5305-b9fd-6f1b63608946,lrow_ddac78687d84,annex_logical_row,EXTRACTED_FROM
88a11014-8660-551c-a643-0869d4f360b6,lrow_ea629640b5b0,annex_logical_row,EXTRACTED_FROM
b75113a1-b76e-5e9a-b3f3-a672e6095f22,lrow_0a1d42acb088,annex_logical_row,EXTRACTED_FROM
f390084c-f3fd-5f22-98f8-17b7f6620b43,lrow_cd31bef3e816,annex_logical_row,EXTRACTED_FROM
c72906e2-db20-52d3-b91c-ee7ff3878de8,lrow_290cb590cddf,annex_logical_row,EXTRACTED_FROM
fe513493-c949-5ad1-b3eb-0b669c88447f,lrow_0f55e485a2d8,annex_logical_row,EXTRACTED_FROM
59c5c4e4-5e0a-5d5b-b056-1a56cc7985f8,lrow_b638e7e5326c,annex_logical_row,EXTRACTED_FROM
bde6575f-dfcb-5972-a6dc-87ef7e4e09a8,lrow_1f27c6a31f69,annex_logical_row,EXTRACTED_FROM
4f089e55-6543-5336-9b01-abbb82efec31,lrow_1d9312354eb1,annex_logical_row,EXTRACTED_FROM
b0a92c2f-6573-5dc4-a020-1b1252ec8d56,lrow_9d8d6098c2da,annex_logical_row,EXTRACTED_FROM
f3b83dbf-e662-5403-83b9-1a7fb3ffe999,lrow_83bce0941627,annex_logical_row,EXTRACTED_FROM
8fd27eb8-3642-5960-ab73-8d34e49302a8,lrow_e2ceb1332767,annex_logical_row,EXTRACTED_FROM
07a4d273-a702-5c73-a528-9097cf84a732,lrow_807054ec68e2,annex_logical_row,EXTRACTED_FROM
0ed75da5-9802-5fd6-a347-318137fd2936,lrow_e010fbd66ad0,annex_logical_row,EXTRACTED_FROM
82381b77-cfb1-59eb-a203-786b1c4f0c39,lrow_2688eb2409ed,annex_logical_row,EXTRACTED_FROM
7b9e0e7a-aae1-5dc5-b4cb-b892b56dff75,lrow_2455b1b71a8e,annex_logical_row,EXTRACTED_FROM
d29dfbee-7077-585b-8127-692908ecb95f,lrow_9d3963d6e7d4,annex_logical_row,EXTRACTED_FROM
dbfaa3bb-8b1c-5845-aa28-fcfca2197c63,lrow_196ad76a79b0,annex_logical_row,EXTRACTED_FROM
5f64980a-9d61-54c4-b394-2d0167731cd7,lrow_9ad1bb0cfbf9,annex_logical_row,EXTRACTED_FROM
b1e7753b-7e31-531b-9f9d-8120b3f24224,lrow_95716ca307dd,annex_logical_row,EXTRACTED_FROM
586323c2-d599-5986-bbef-95bc364d2147,lrow_bf9e3b31d86e,annex_logical_row,EXTRACTED_FROM
37fb4645-e6f8-5a30-a7b5-3e0a1efc8c60,lrow_e4487cbdc74f,annex_logical_row,EXTRACTED_FROM
b091bc59-ffc9-5898-8ccd-d92bf9c61143,lrow_4d57d77aa002,annex_logical_row,EXTRACTED_FROM
d92b861a-f556-5379-a01c-4fe61179f053,lrow_d9841e59cb6b,annex_logical_row,EXTRACTED_FROM
bbaf84e4-8180-5e23-9b6a-79f07a269ec9,lrow_b91795af636f,annex_logical_row,EXTRACTED_FROM
579fda16-befc-5306-87b3-2aa3bad79a0e,lrow_ae0ee6095729,annex_logical_row,EXTRACTED_FROM
76fbde5f-763d-5a2c-b765-e1a960bc401a,lrow_0ffb0829c2d9,annex_logical_row,EXTRACTED_FROM
059c91d5-593b-5334-9dd6-37faf079f6f8,lrow_cfa10f50a865,annex_logical_row,EXTRACTED_FROM
e42ca4cc-37e4-5ea4-a5ae-f215738536c8,lrow_aed63f2f06b7,annex_logical_row,EXTRACTED_FROM
30fe2644-d0f3-5a98-bb66-c11ea3e2f681,lrow_412bc1e74ea8,annex_logical_row,EXTRACTED_FROM
f2a3d128-275f-541e-92a7-638998b3746a,lrow_a7d57088d718,annex_logical_row,EXTRACTED_FROM
366fba1e-721d-52e9-8d36-aedbb4f51790,lrow_8cf40be57e31,annex_logical_row,EXTRACTED_FROM
1e079484-e77b-5aa2-b406-9699015ea17a,lrow_a33a2282d98e,annex_logical_row,EXTRACTED_FROM
94780d94-1506-5679-92ad-4b72d0d5f63c,lrow_3b0313f209ff,annex_logical_row,EXTRACTED_FROM
1c617129-ecf7-5cbf-a0be-e486a63d5586,lrow_f45f0c4110df,annex_logical_row,EXTRACTED_FROM
bc7ef78d-f255-592c-b58b-e6d1e55c65d2,lrow_2c5f250ce396,annex_logical_row,EXTRACTED_FROM
4a7988e7-9ff2-5972-bc4e-6ae6ff5d4952,lrow_fa10b75af6b4,annex_logical_row,EXTRACTED_FROM
547227d0-479a-58c0-a2f5-c326610a2a82,lrow_bf199264d5d7,annex_logical_row,EXTRACTED_FROM
8eab265c-0052-5fff-9557-a453eba24de8,lrow_e4c600c16583,annex_logical_row,EXTRACTED_FROM
34a97d7c-440e-5c38-9fde-22e3545d25d3,lrow_89b3527462dd,annex_logical_row,EXTRACTED_FROM
769e5834-f64c-500a-b0fa-00bba1ad18eb,lrow_3d827e389632,annex_logical_row,EXTRACTED_FROM
6b43114c-996e-532e-9b89-b0afd19b09bf,lrow_5abbf446f6e7,annex_logical_row,EXTRACTED_FROM
f9bb3d42-7097-537c-acf9-43051697c9c7,lrow_5eb96e283ad2,annex_logical_row,EXTRACTED_FROM
aa1dc64d-9343-574a-aad6-2b553c1df65b,lrow_c3c8717faedc,annex_logical_row,EXTRACTED_FROM
475715bd-038f-57b1-a43b-42a9daa4daec,lrow_19fed8464552,annex_logical_row,EXTRACTED_FROM
2b45f0ba-9c6f-5dc7-a117-66bb887ce087,lrow_5cce31fa362a,annex_logical_row,EXTRACTED_FROM
2091d1d7-d7b8-5cef-809a-1b1c3425640c,lrow_586c83c7392a,annex_logical_row,EXTRACTED_FROM
176a8ce1-bf87-59a1-8aac-e51a0f4f71ce,lrow_1480ce5d3266,annex_logical_row,EXTRACTED_FROM
ca4203a0-197c-519d-8ea1-e0b3ab39ea3b,lrow_35ee48ca303b,annex_logical_row,EXTRACTED_FROM
c6f50337-dac2-536f-be7a-10fc8150a4e9,lrow_51aa859c18ad,annex_logical_row,EXTRACTED_FROM
22c1792f-4c83-513e-aaab-672d978d2022,lrow_cfd497beccdb,annex_logical_row,EXTRACTED_FROM
b4df5a5d-b211-5597-a83e-c8c9e15ace93,lrow_fc91745d5224,annex_logical_row,EXTRACTED_FROM
f8920a95-c6e3-5299-8865-aab9f8a6eca8,lrow_b186e2adff34,annex_logical_row,EXTRACTED_FROM
f43a67d3-6404-5ff7-8946-78c3d4fdf108,lrow_82cae287192d,annex_logical_row,EXTRACTED_FROM
c2b34ca1-c2d1-557f-8d3f-0068fa116b42,lrow_d37134c98959,annex_logical_row,EXTRACTED_FROM
2b505beb-e737-523a-9e30-988ebe1153ab,lrow_b7148cf235b5,annex_logical_row,EXTRACTED_FROM
ed56c834-71ba-52cc-8ef5-b09a97b89100,lrow_72dc4773b62e,annex_logical_row,EXTRACTED_FROM
ad360ec1-04b2-5613-b9e9-5e635ebe4bea,lrow_dfde1fa2b93e,annex_logical_row,EXTRACTED_FROM
82ef800b-ab24-574e-84a9-4c20c41d6785,lrow_0cd7885a3e70,annex_logical_row,EXTRACTED_FROM
fa6d8dec-85ff-544d-9e77-09a01d0761df,lrow_d15d54e3e814,annex_logical_row,EXTRACTED_FROM
03e4e22e-eb1b-5602-82de-e496b586b971,lrow_60676cd3bd47,annex_logical_row,EXTRACTED_FROM
9b9df5eb-b0d0-5ae0-9413-7ebbf05a702c,lrow_5a8d5ef8003a,annex_logical_row,EXTRACTED_FROM
a2d7c105-43f4-56de-a510-8d571e3122c5,lrow_e475cd4279f4,annex_logical_row,EXTRACTED_FROM
2ede85b3-bf33-53dc-acf1-7427a7715a91,lrow_ed4e60804954,annex_logical_row,EXTRACTED_FROM
abbf6daf-edbf-5a86-8745-a695de762f1c,lrow_2e8b68175b86,annex_logical_row,EXTRACTED_FROM
f841de9a-6f73-5f41-910e-c8c3f304aa98,lrow_8be8f8c7c443,annex_logical_row,EXTRACTED_FROM
4a7e548b-b2a2-5098-8e1b-1b12fabeea36,lrow_545ec4553889,annex_logical_row,EXTRACTED_FROM
a62eecbb-49b6-5674-85ed-7c1341199df8,lrow_1bb335817b0f,annex_logical_row,EXTRACTED_FROM
783c01be-d3e9-5bbb-a57d-87e6a89b2812,lrow_9f857cc99d07,annex_logical_row,EXTRACTED_FROM
e0059d80-fd41-518d-918a-874a2ded3af6,lrow_ab6f847c5e3d,annex_logical_row,EXTRACTED_FROM
164b4911-4ce1-59a5-8c5a-13d24dc92213,lrow_dfb5b794a037,annex_logical_row,EXTRACTED_FROM
a03d8d3e-1c59-5018-a102-513acea06437,lrow_7975b2b81946,annex_logical_row,EXTRACTED_FROM
27c4b09a-9c1e-5d86-a88c-4ad4f54fdf67,lrow_11117aaeb677,annex_logical_row,EXTRACTED_FROM
3eb61ddb-8c8d-55ef-b1eb-e19097758f24,lrow_45d5c01a6623,annex_logical_row,EXTRACTED_FROM
62b5492f-b5b6-5656-b04a-4e6f71549c86,lrow_65256c124b4c,annex_logical_row,EXTRACTED_FROM
3fb50330-bbaf-5f12-a71b-e0c818822777,lrow_3715bf027585,annex_logical_row,EXTRACTED_FROM
c48fb859-fbe1-5123-bea7-9c1b596a8913,lrow_439283cba0a6,annex_logical_row,EXTRACTED_FROM
fc62cafb-c442-5e40-a962-5871f56be1d9,lrow_a1334d95229e,annex_logical_row,EXTRACTED_FROM
579b0dd6-f4f1-5e9e-85c8-6331dd49e777,lrow_4aacc72bcc11,annex_logical_row,EXTRACTED_FROM
2c2a209c-6acd-57b5-8468-471914e8fb46,lrow_9d61fbe63698,annex_logical_row,EXTRACTED_FROM
20aba366-9bd2-57fd-b732-31dde1be98c2,lrow_180d62a20417,annex_logical_row,EXTRACTED_FROM
a10bd639-8922-54bf-8c73-8c0febfa27fb,lrow_dced73955fde,annex_logical_row,EXTRACTED_FROM
bee253ee-01a9-5226-b3e0-89b11c46913b,lrow_e97d10f6492b,annex_logical_row,EXTRACTED_FROM
46f83000-8a9e-58ee-854b-818b7906d166,lrow_a2ffbfe7bbc7,annex_logical_row,EXTRACTED_FROM
bb4364f0-e719-50ee-bf0e-83e74418aa94,lrow_cf1b742ced3c,annex_logical_row,EXTRACTED_FROM
37cb0d9a-d577-5a02-8005-da5839f6e1a4,lrow_8be327bf3bac,annex_logical_row,EXTRACTED_FROM
b1097ee8-caad-569e-b305-78e416364fc2,lrow_cb54d5fb6810,annex_logical_row,EXTRACTED_FROM
62ee316e-1d02-5094-aa04-f3e2c179feae,lrow_fc90b0306bb7,annex_logical_row,EXTRACTED_FROM
bb4a5bb4-71fc-5bb4-b7f8-6e2a6d59cf9a,lrow_830441b2e3cf,annex_logical_row,EXTRACTED_FROM
5a10d9db-250e-55f4-bcca-ad83caae4002,lrow_f03f296c6197,annex_logical_row,EXTRACTED_FROM
31142ce8-83ea-5c3a-b6a9-f74864554d45,lrow_66de40f096d9,annex_logical_row,EXTRACTED_FROM
88dc1b39-1b3f-555c-9af8-1ce95b892b34,lrow_460407a80c70,annex_logical_row,EXTRACTED_FROM
59bdc7d0-3a7f-5ed9-b1f9-958ad2173a25,lrow_2d29868b32bb,annex_logical_row,EXTRACTED_FROM
1f3c723d-a966-59cb-970f-17061816dd42,lrow_248693762983,annex_logical_row,EXTRACTED_FROM
0e29b16c-a6bb-5901-8796-0c2db0f3bb3f,lrow_ec51ec9a646c,annex_logical_row,EXTRACTED_FROM
a8a587d6-25d1-5087-9bd9-311a126810a5,lrow_9c4e3548198e,annex_logical_row,EXTRACTED_FROM
f338e0c9-d5a6-50a0-9c9a-26f91080fbdc,lrow_23cd3f084b5b,annex_logical_row,EXTRACTED_FROM
1b2e4fe8-ce3a-5823-afbe-36a509417202,lrow_b107cfc62918,annex_logical_row,EXTRACTED_FROM
ca6a07f2-f10c-5c0c-87d5-731b86a39063,lrow_5f68c1951dd3,annex_logical_row,EXTRACTED_FROM
57d66cbb-ac12-5a3e-8d2a-242d69032c2a,lrow_2c483b53f802,annex_logical_row,EXTRACTED_FROM
9faa82b6-940f-55ea-9e1d-f2b41d15e173,lrow_a72a20410a77,annex_logical_row,EXTRACTED_FROM
7847c88a-28cd-5ca4-ba27-e6b13413daaf,lrow_91c2320d0b06,annex_logical_row,EXTRACTED_FROM
441afa7f-1f3e-5d80-96be-4e9b9de6bee8,lrow_b35e1e0b5d54,annex_logical_row,EXTRACTED_FROM
8068bae2-c6f8-5af8-9e23-7f6001a400e3,lrow_c932304027e3,annex_logical_row,EXTRACTED_FROM
040c3409-67c6-59f8-a686-b37b6fedd40b,lrow_5c6faef117a1,annex_logical_row,EXTRACTED_FROM
b9eefa51-880b-5f05-9cb9-b166a1113289,lrow_3e2024f4501f,annex_logical_row,EXTRACTED_FROM
87e21c91-1a42-567d-97cf-bf41612ecc0f,lrow_b01d2ae7e209,annex_logical_row,EXTRACTED_FROM
344a6536-85d3-51df-8c25-d3b7029914b3,lrow_2c1a8125eff8,annex_logical_row,EXTRACTED_FROM
2acc74b5-b294-5f0a-9411-ef1c7993ad7e,lrow_6a65f22c6021,annex_logical_row,EXTRACTED_FROM
fe210ea1-98de-5b76-a9f1-0907f6830639,lrow_ee1fd896c506,annex_logical_row,EXTRACTED_FROM
71390e43-8089-52c7-aa9c-829032f2bdfc,lrow_d22360ad2ec8,annex_logical_row,EXTRACTED_FROM
c8f6ef6d-2143-5135-8cd3-0ed6c3fa9735,lrow_404068625251,annex_logical_row,EXTRACTED_FROM
07130d17-39e1-5b28-bc9f-80255b9caeff,lrow_ef16aeeaed24,annex_logical_row,EXTRACTED_FROM
ac3cd669-226f-51ff-b3d8-d18430538e7b,lrow_d0d01fa44df9,annex_logical_row,EXTRACTED_FROM
8dd5f8e9-3254-554f-bf3d-03e814cd6c3f,lrow_1d14827cfadf,annex_logical_row,EXTRACTED_FROM
c02f44f6-5299-5bd7-9159-d6a16cf34292,lrow_0a07d54dff8b,annex_logical_row,EXTRACTED_FROM
7fe56ef1-f52d-569b-ab96-4a333f2fa250,lrow_256baf4d25af,annex_logical_row,EXTRACTED_FROM
edb20dfc-518a-5860-8643-4b93cd751f9f,lrow_18f139e33c9e,annex_logical_row,EXTRACTED_FROM
b704a595-fc58-560d-974c-e82ca7b99741,lrow_41b3de3f30be,annex_logical_row,EXTRACTED_FROM
e1ac9643-2944-52dc-b283-b6058b45f9ce,lrow_5238ab8c1818,annex_logical_row,EXTRACTED_FROM
35fffbda-ca30-5bc0-901e-60276c1d16b4,lrow_721bae2a463b,annex_logical_row,EXTRACTED_FROM
1dafa602-1592-5ceb-bbb1-99e1fcfe456a,lrow_d76ff3f3e1f8,annex_logical_row,EXTRACTED_FROM
767c3641-c478-5ff0-b5cb-bd14642601cf,lrow_06642e5cddc6,annex_logical_row,EXTRACTED_FROM
329f30e3-c1f2-5fe6-afac-8dec4f2caaf6,lrow_f39aa7076f88,annex_logical_row,EXTRACTED_FROM
7e4a6238-de5f-5d47-a8b9-c36168888107,lrow_f5eabcc90729,annex_logical_row,EXTRACTED_FROM
a9f54f0c-4caf-51d3-b6ad-3de6692e9679,lrow_b3e4526954a4,annex_logical_row,EXTRACTED_FROM
4b8e6449-d815-5ad6-84cc-8b01aaafd970,lrow_069bc88b1277,annex_logical_row,EXTRACTED_FROM
4f80d952-7d2a-5d6c-b1f7-8ab0d6c254ae,lrow_384e12754e7b,annex_logical_row,EXTRACTED_FROM
2eb21f5e-b95c-51a7-94bd-74d43e16057d,lrow_84b51c00191b,annex_logical_row,EXTRACTED_FROM
ab3d186f-c1fd-5ed0-8c31-d46d2a755c98,lrow_250766aa96bb,annex_logical_row,EXTRACTED_FROM
e5df611f-0eb8-51cc-a612-da21c6bc0fe1,lrow_f70dd8a8b22e,annex_logical_row,EXTRACTED_FROM
2ee9ed21-a1cf-50f6-99e1-4e15ec5efffa,lrow_ac8ec39779de,annex_logical_row,EXTRACTED_FROM
45e0312b-e178-51cb-8070-14dca945cad6,lrow_86c3a653648a,annex_logical_row,EXTRACTED_FROM
2f9d716f-98b0-59f5-b465-98fb16f9e8b5,lrow_d7568da46da8,annex_logical_row,EXTRACTED_FROM
93ddc4f1-e524-5f3f-8358-ce667795edb7,lrow_64da072130d5,annex_logical_row,EXTRACTED_FROM
ebaa97bb-f376-52e5-9b2c-2f022744ec79,lrow_42d193ed4dbc,annex_logical_row,EXTRACTED_FROM
51fdd910-0544-533e-a803-b17d57b8ab8b,lrow_fa7df1b9ab57,annex_logical_row,EXTRACTED_FROM
e07bab57-278a-58df-b095-4b74c77eef74,lrow_8d74ed586e50,annex_logical_row,EXTRACTED_FROM
0c56165d-79d3-52ed-925a-7b16fee57444,lrow_09edbee11a2d,annex_logical_row,EXTRACTED_FROM
fdf5abe2-c9bd-577f-9a2e-793e5a36d29b,lrow_ba2da9da7834,annex_logical_row,EXTRACTED_FROM
21dd0be5-a5f2-5815-a871-1b122281fb6f,lrow_3a8f6aad2716,annex_logical_row,EXTRACTED_FROM
7208ce16-f270-555c-b1a0-176d0723c821,lrow_53b509438ef9,annex_logical_row,EXTRACTED_FROM
648eb27b-6b99-525a-b0f1-fced8a93b79b,lrow_c8edab0e5beb,annex_logical_row,EXTRACTED_FROM
533aaf26-f66e-55f4-ad03-72bc1d0dfea3,lrow_e191e5eef9fa,annex_logical_row,EXTRACTED_FROM
8f81e004-018c-5a4e-b731-42a5f7e8ee8c,lrow_6fac0764b52b,annex_logical_row,EXTRACTED_FROM
a6d48357-ff73-5ae7-82df-5fbac6e123b2,lrow_cbcb7e08dc0d,annex_logical_row,EXTRACTED_FROM
7ffd7357-103d-5316-8cde-ecc1451a59d6,lrow_5616ddf2be0a,annex_logical_row,EXTRACTED_FROM
625cda98-cf39-5f0b-b71b-17e0bf0b7f87,lrow_69c431a5de65,annex_logical_row,EXTRACTED_FROM
a33b8c8a-c790-5412-a2d2-b9fc2f96163e,lrow_3f2203499afb,annex_logical_row,EXTRACTED_FROM
7eaa2657-f633-57b3-966c-b4558b171de2,lrow_b4b1cee0b5fb,annex_logical_row,EXTRACTED_FROM
7cd015fc-b594-5c60-b3bc-7c02c7136a14,lrow_8d3b09671408,annex_logical_row,EXTRACTED_FROM
e32d2ba4-b409-5ac3-9858-86175b67b897,lrow_591fcfa418ff,annex_logical_row,EXTRACTED_FROM
55a1ac6b-16ee-5773-bc32-5a737270100c,lrow_3dde1d3d28ad,annex_logical_row,EXTRACTED_FROM
3ede5931-b64b-5fc2-bbc7-1eb1cc2d2762,lrow_0641fdaf1b3b,annex_logical_row,EXTRACTED_FROM
908296be-56c2-5929-8604-6efa323858b8,lrow_b1f5b48b833d,annex_logical_row,EXTRACTED_FROM
13fa838f-c921-55c1-b228-c965c25065e7,lrow_2a49c99b4813,annex_logical_row,EXTRACTED_FROM
ae6e7872-207c-503e-a3b7-21923b278322,lrow_836bb3e08b50,annex_logical_row,EXTRACTED_FROM
6c239570-313f-5113-a492-37edc7d2b0eb,lrow_30fe0ad2123c,annex_logical_row,EXTRACTED_FROM
dfdbd3dd-3ccd-51df-9d89-d38ae289189f,lrow_117c2ff754d2,annex_logical_row,EXTRACTED_FROM
71abf77e-f4a8-5f86-b5b8-a38c87ac97f5,lrow_7321a7cc07ab,annex_logical_row,EXTRACTED_FROM
ad45df62-5b1d-5645-9af6-09a2bb12a0c9,lrow_ce9ca5e5210c,annex_logical_row,EXTRACTED_FROM
7d1afef1-c65b-5ef4-9b27-ee9da6db2e39,lrow_3eb2ffb8da58,annex_logical_row,EXTRACTED_FROM
a7fe6f5c-98ea-58ae-a05b-35d2e82cfb86,lrow_0f1933bcd768,annex_logical_row,EXTRACTED_FROM
43187880-cbdf-5827-8623-0044e5f78555,lrow_a502a6e5c7b1,annex_logical_row,EXTRACTED_FROM
82a41136-9c15-53bd-8009-d6146377c645,lrow_819812d6c4ef,annex_logical_row,EXTRACTED_FROM
bf480bc8-9a79-507c-a680-3e2128e701fa,lrow_0c59bbf0b4ae,annex_logical_row,EXTRACTED_FROM
0149f75f-173f-59a0-a95a-c37dae403502,lrow_9be8ed406520,annex_logical_row,EXTRACTED_FROM
44adf71c-8183-5369-a8a7-c2bf125f6a50,lrow_7c14aa523608,annex_logical_row,EXTRACTED_FROM
dc2d612a-57ae-52b8-9f44-086dcd051c65,lrow_bef7ab42d72f,annex_logical_row,EXTRACTED_FROM
360c2fc2-3a74-5e33-9803-c4dcb485909d,lrow_95bb72f1e3c1,annex_logical_row,EXTRACTED_FROM
a0999507-4652-588d-a08e-d73820d002bf,lrow_801c6b85e54c,annex_logical_row,EXTRACTED_FROM
95623c00-58bc-560e-9c6c-ccdea5aa0d94,lrow_999602abbabd,annex_logical_row,EXTRACTED_FROM
e955d7a4-775e-5753-9c12-11058600fabf,lrow_502c810cfffc,annex_logical_row,EXTRACTED_FROM
37d599c4-f758-5974-b354-a27d17154dca,lrow_c7fd94bc9c20,annex_logical_row,EXTRACTED_FROM
c2b3b648-0748-50ec-b397-534b055457d1,lrow_8d1eacdb49c1,annex_logical_row,EXTRACTED_FROM
1c098028-04e4-5a75-a2f0-9b9035e51262,lrow_ebfe46b43427,annex_logical_row,EXTRACTED_FROM
b10e90c6-1d37-59ea-9cc3-d914f46bff7b,lrow_5f5f1b4736fe,annex_logical_row,EXTRACTED_FROM
1255ac03-5b0e-5ecb-8141-9e0e77763d49,lrow_4a222dfb1a13,annex_logical_row,EXTRACTED_FROM
2e38f576-40ce-5913-9034-65de3b914003,lrow_bf0dbf0d4c3a,annex_logical_row,EXTRACTED_FROM
2463e9b6-95b1-51d1-a503-fce03e9b2e59,lrow_f291860d8b37,annex_logical_row,EXTRACTED_FROM
e77b0050-09bb-583f-95e3-cbdd7472aa68,lrow_30defa140f4b,annex_logical_row,EXTRACTED_FROM
b3330695-5072-55fe-9015-c4546554fd48,lrow_b0b39611e7b6,annex_logical_row,EXTRACTED_FROM
5172bfb2-9eb3-5b0e-9a07-69045daa2d7d,lrow_0ac53b94d810,annex_logical_row,EXTRACTED_FROM
abf84c08-7eb6-5def-a8e6-47345b6a393b,lrow_801f9bda0bfa,annex_logical_row,EXTRACTED_FROM
51864bc9-aead-5d1e-8f21-7beae354d38d,lrow_d9326ddcc59c,annex_logical_row,EXTRACTED_FROM
71dd693b-027b-57f8-bec9-05ce86efff42,lrow_1e548e89e42b,annex_logical_row,EXTRACTED_FROM
3906cb9b-52a6-564c-b06d-17a7d23d0897,lrow_37b6aac0cce6,annex_logical_row,EXTRACTED_FROM
0756f418-0c61-510c-bfcb-c3a73f2c3cb0,lrow_f50fbc1df815,annex_logical_row,EXTRACTED_FROM
301fd1b5-f828-5b07-94ac-6598f7e71305,lrow_8840cb504475,annex_logical_row,EXTRACTED_FROM
5877126a-9af5-5104-bb73-81bdacd26910,lrow_2cfb47144e8b,annex_logical_row,EXTRACTED_FROM
b8a575b6-9276-51d6-b803-64169a4595f2,lrow_96d89c0e2dc6,annex_logical_row,EXTRACTED_FROM
3a28ded9-06d9-5000-814e-9c48efd5d7a2,lrow_366e9152fa54,annex_logical_row,EXTRACTED_FROM
396bafb4-e98b-5dd0-b29f-5d560f948b61,lrow_0c42d44b935e,annex_logical_row,EXTRACTED_FROM
d551f282-8bd1-506c-9915-f4b85107f320,lrow_9d27b5863157,annex_logical_row,EXTRACTED_FROM
07515cdc-c2e8-5e12-a596-8d5a0e34267a,lrow_aec9d377ac1d,annex_logical_row,EXTRACTED_FROM
c6f763d9-d65a-5b21-b1e1-9a96b7c5a89f,lrow_7aa6bb4f9bee,annex_logical_row,EXTRACTED_FROM
839ec154-256b-560c-985b-3b8279d6f8d0,lrow_5ea1eb75668a,annex_logical_row,EXTRACTED_FROM
714539c0-36b5-5615-a5e8-ca47525f40f3,lrow_c04c3b832a03,annex_logical_row,EXTRACTED_FROM
54e512a9-c33b-5142-8458-05284cddade8,lrow_9bd2cb319cd7,annex_logical_row,EXTRACTED_FROM
77c179ac-0f2b-51b7-8bf1-dedcf92d3282,lrow_e5df38394861,annex_logical_row,EXTRACTED_FROM
9774c4b0-407a-51d3-ae07-3e78813bc7f6,lrow_df3e00dd80b5,annex_logical_row,EXTRACTED_FROM
aa205b92-ca87-5d25-b538-618f8c5151f8,lrow_ee8dc0d4e607,annex_logical_row,EXTRACTED_FROM
2d95ff38-edb8-5c00-83c1-dd7b9d27fe67,lrow_d0d593918251,annex_logical_row,EXTRACTED_FROM
03fb3374-a9c9-5b00-bb23-194c6db92fb8,lrow_22fc5c12b0eb,annex_logical_row,EXTRACTED_FROM
07c4aca8-8687-5adc-ac64-38b9be2335b8,lrow_2a245d2e0d02,annex_logical_row,EXTRACTED_FROM
7580e755-301f-525d-b1e0-2cef0ace5505,lrow_b2144efc1650,annex_logical_row,EXTRACTED_FROM
8de2e759-8ca7-52a6-8f33-bfba29287889,lrow_0849f53a2324,annex_logical_row,EXTRACTED_FROM
d49f1380-db38-5fb9-87f4-c1ce974e3793,lrow_e846538efa47,annex_logical_row,EXTRACTED_FROM
71f41df3-e4bd-52bf-af4c-e6e789d68494,lrow_db11d7dccadf,annex_logical_row,EXTRACTED_FROM
cac86c14-f1ba-57d1-8052-f795d1453682,lrow_4832e1ef4117,annex_logical_row,EXTRACTED_FROM
0f1735eb-ff52-539d-9a0f-5fb284698c92,lrow_24de959e0b67,annex_logical_row,EXTRACTED_FROM
59e6188f-be64-5bdb-aab9-05dfe67158d1,lrow_01e977173f8c,annex_logical_row,EXTRACTED_FROM
7bcf4150-76e6-5af9-acf0-d8f1e3d8dea5,lrow_3b6ce678398b,annex_logical_row,EXTRACTED_FROM
86c5c8a9-bda4-5f7c-8180-0a8c41ad1072,lrow_bc8bb17cb13a,annex_logical_row,EXTRACTED_FROM
d22a75cd-1fcd-555a-b90a-e7e826a012de,lrow_8ccadd115c48,annex_logical_row,EXTRACTED_FROM
56f49b7c-e91c-50b5-824c-d2dd4486d3fd,lrow_00d7ecc8eec1,annex_logical_row,EXTRACTED_FROM
f7056ba6-60e0-5508-8c9e-76b3fb68f313,lrow_b9110f3753e7,annex_logical_row,EXTRACTED_FROM
3d92b7c6-af19-5b4b-aaea-f0f69dc18217,lrow_ac28ef3c93b7,annex_logical_row,EXTRACTED_FROM
32363eae-fc77-5ee2-a818-27656417ecdf,lrow_8719f9467eb3,annex_logical_row,EXTRACTED_FROM
e4f3fe9f-7517-59e4-96e2-4c4a21d05afa,lrow_23b67927a56d,annex_logical_row,EXTRACTED_FROM
920573ef-2bc4-5773-a122-b89b77d0d183,lrow_3a86926d1f09,annex_logical_row,EXTRACTED_FROM
c1c2692f-ae7f-5959-bf3b-debe221de812,lrow_c6ef902a07a2,annex_logical_row,EXTRACTED_FROM
fbb51980-61e8-580c-bb96-c38499b6c258,lrow_4c4b2c1e6c3e,annex_logical_row,EXTRACTED_FROM
4d3944b3-e2af-5d38-9161-5f53427d37b6,lrow_e458b71ba771,annex_logical_row,EXTRACTED_FROM
ec57c40f-4933-5727-baa5-aa145a05c1ff,lrow_780acaa03082,annex_logical_row,EXTRACTED_FROM
d1a25a8a-29a3-53e2-bd68-8815e9e21a34,lrow_5ec5d1fb9f79,annex_logical_row,EXTRACTED_FROM
47880565-8e6b-5a8a-8efc-24a3f13d5bb8,lrow_da4a60b672f5,annex_logical_row,EXTRACTED_FROM
6a805b19-9be5-5c18-ad69-8e8e4e91c8da,lrow_69bb31e595b5,annex_logical_row,EXTRACTED_FROM
6a559247-8d39-507e-838b-52f38d54629d,lrow_84b487a99b13,annex_logical_row,EXTRACTED_FROM
c88b8c91-626f-5e29-94cc-f0aaa3112de2,lrow_ad2edaa34d81,annex_logical_row,EXTRACTED_FROM
b2e7cb6d-86d7-5bca-b6f7-375269559fdc,lrow_3371c071696f,annex_logical_row,EXTRACTED_FROM
cae13367-07c9-5883-987f-f547690fcff5,lrow_6566edf80e16,annex_logical_row,EXTRACTED_FROM
a43d6859-b205-535f-bbce-b202c371ad7a,lrow_de7f4e8cfb21,annex_logical_row,EXTRACTED_FROM
b05942f3-d831-5430-a6b1-48c02740dae2,lrow_bdd07073674a,annex_logical_row,EXTRACTED_FROM
3fdc20c7-8427-54e5-8c1a-672c1363d6bd,lrow_c514dcd7c668,annex_logical_row,EXTRACTED_FROM
ab0c5d6b-7dba-5c4b-8387-4121f83f4428,lrow_54eafca84bc8,annex_logical_row,EXTRACTED_FROM
5fd427dd-3297-5e90-9e7a-132546ff4685,lrow_989bc920161d,annex_logical_row,EXTRACTED_FROM
0c702b07-ae11-53c6-8ebd-76613f5884be,lrow_8743793dc12b,annex_logical_row,EXTRACTED_FROM
fe5d22cb-c29f-5553-a32e-c767290d9cf1,lrow_e803b5e4ae55,annex_logical_row,EXTRACTED_FROM
3381d2b7-17ca-5448-82d5-35e4a699e9a6,lrow_f134b9778b47,annex_logical_row,EXTRACTED_FROM
766f494d-1a10-5ce7-b6a2-2545ed50fd0b,lrow_8f0fc8491fbd,annex_logical_row,EXTRACTED_FROM
1180b59c-4219-51f6-bb03-8fa8faba98e8,lrow_0a491f0b4222,annex_logical_row,EXTRACTED_FROM
13c282cb-cc97-51ee-aa8e-38a75ec24750,lrow_8fd68446e558,annex_logical_row,EXTRACTED_FROM
2caf979f-9d62-593d-a0bb-8dbb6e23b8dd,lrow_699623a269a3,annex_logical_row,EXTRACTED_FROM
a2ad9c5d-150d-5385-85f9-a2d914728ab2,lrow_8f75bf088aa5,annex_logical_row,EXTRACTED_FROM
456399c7-86f6-537a-ae29-693d43fb0174,lrow_dc72672e5928,annex_logical_row,EXTRACTED_FROM
ab9fbf77-47f5-5df3-95c1-5cf8849fab21,lrow_a851c0c65ec1,annex_logical_row,EXTRACTED_FROM
fcf3c644-c1cb-5c91-a33e-d40525209e3f,lrow_47bf17ab8ce7,annex_logical_row,EXTRACTED_FROM
bda64ed8-10a9-5d7c-a99f-24e3244545e9,lrow_49d661fd5948,annex_logical_row,EXTRACTED_FROM
7fd7d7cf-78d5-5d08-9b60-8805129f26a7,lrow_a01d5b8e2861,annex_logical_row,EXTRACTED_FROM
64f66a6c-5722-5b82-b905-dcaa55015359,lrow_d4fb9679a96e,annex_logical_row,EXTRACTED_FROM
cc6e62a2-e2c3-578f-ad95-6f47bf268325,lrow_1fa0b6c805c7,annex_logical_row,EXTRACTED_FROM
8993b314-cb4a-5981-8f2f-bd094d63e46d,lrow_5bf8dc871d9b,annex_logical_row,EXTRACTED_FROM
4f6207b7-16fb-5498-b3ee-ba44a1d020d8,lrow_d3ee25f567fd,annex_logical_row,EXTRACTED_FROM
b9c69cca-5fd0-5603-9610-7afeae052d84,lrow_2b12012b9fb1,annex_logical_row,EXTRACTED_FROM
d0fe571d-a02c-5d89-b7fa-78ed28181e20,lrow_7050d85ac09d,annex_logical_row,EXTRACTED_FROM
1eaff520-27c5-516f-b48b-0eff23ee476d,lrow_ef50484dfb33,annex_logical_row,EXTRACTED_FROM
bcffa206-fff9-55aa-9f08-f29b8823c7d7,lrow_84b06ca62e9d,annex_logical_row,EXTRACTED_FROM
f0709b6b-1dc3-5bc1-826a-2ece95303ee1,lrow_b5717aa2c59d,annex_logical_row,EXTRACTED_FROM
f61313b5-1af6-5347-8711-0cbbfc7f8de8,lrow_6d9acc2a2d3c,annex_logical_row,EXTRACTED_FROM
5d006e88-8342-5079-8a13-4e012d20a9d3,lrow_374be9448805,annex_logical_row,EXTRACTED_FROM
b0c2fbfb-a938-5076-9f6c-314ad1dd4871,lrow_4f9049bf6381,annex_logical_row,EXTRACTED_FROM
e55de07d-7bc8-5d38-88b2-d202ea260ba2,lrow_8e07b07b9e87,annex_logical_row,EXTRACTED_FROM
c482af0d-191c-5901-8de0-3dfd1e4f9dc3,lrow_7790d0a78859,annex_logical_row,EXTRACTED_FROM
9564fbde-4870-59b6-bd22-c78b5324d41b,lrow_1a30d2d5cc0b,annex_logical_row,EXTRACTED_FROM
b3488037-f802-5c28-a63f-c4ce1a727740,lrow_63821725b79d,annex_logical_row,EXTRACTED_FROM
547c0e2b-6bd3-5945-b7c0-fa799cf2afa5,lrow_08a66d7b0157,annex_logical_row,EXTRACTED_FROM
c89068da-741a-500f-94b6-13fe0f0b4151,lrow_4d95347883db,annex_logical_row,EXTRACTED_FROM
fa319ce7-9e49-5abf-87bf-a4784100c291,lrow_c3a5ba211bc8,annex_logical_row,EXTRACTED_FROM
540d751b-b639-5050-bda2-a4cb2e8f2f82,lrow_206ce07b9156,annex_logical_row,EXTRACTED_FROM
3fd9ac74-8e44-51a3-b359-2375004d74b2,lrow_472a053dae9d,annex_logical_row,EXTRACTED_FROM
8a29fc4e-d395-5c7b-a719-7006f8602fbc,lrow_4493d78a98d8,annex_logical_row,EXTRACTED_FROM
d2381c55-26cc-59b4-aca3-39e6c32b37a5,lrow_bc53331c52e2,annex_logical_row,EXTRACTED_FROM
6e065705-0092-52fc-9a87-93e283dac416,lrow_a4f1c72b8561,annex_logical_row,EXTRACTED_FROM
127b8325-5b1d-5606-9e49-4f17d0a5455c,lrow_ccf9d34b0954,annex_logical_row,EXTRACTED_FROM
655ec6a5-a03f-52b4-9c26-9371b8f60b1d,lrow_ecd20cd6da36,annex_logical_row,EXTRACTED_FROM
de0203e1-719a-546c-b21d-71262964be38,lrow_0b5c7ae08520,annex_logical_row,EXTRACTED_FROM
e195d35a-64b8-5e87-9d5c-c30c7ac06c86,lrow_491643d6f3ba,annex_logical_row,EXTRACTED_FROM
f833bd81-9547-5361-9d98-a3e83d1728e2,lrow_1350e998a553,annex_logical_row,EXTRACTED_FROM
c81f3e52-cdca-5d4a-a0ba-3631da9c67d0,lrow_a1dcca80e93c,annex_logical_row,EXTRACTED_FROM
affea7d6-5017-538a-9abf-40af274e86c6,lrow_2e447d4ca864,annex_logical_row,EXTRACTED_FROM
ec49f9d1-0ba3-56cb-81be-5f8d30751001,lrow_2f5db1f6f4f9,annex_logical_row,EXTRACTED_FROM
613fa2ec-9af2-56fe-8aaf-c705c15953fa,lrow_83a6b1050420,annex_logical_row,EXTRACTED_FROM
c5777808-65fd-5f1a-a3e0-3dfbc0f57767,lrow_9a43b74c316e,annex_logical_row,EXTRACTED_FROM
6c9f6278-8779-557f-b1a5-e2e06f6155ad,lrow_963372493126,annex_logical_row,EXTRACTED_FROM
bda39485-8f47-5815-b117-70e70ff6aa57,lrow_50580fc8859f,annex_logical_row,EXTRACTED_FROM
f9b7c595-a525-545d-878b-25ba2adc7ac2,lrow_5585839a383a,annex_logical_row,EXTRACTED_FROM
6bb4f1b3-9b67-5f6c-a1da-e9319f2ac1c1,lrow_b898252393ec,annex_logical_row,EXTRACTED_FROM
5464f574-8fb4-5702-8a84-760de4be2570,lrow_b6ecfaf07d8e,annex_logical_row,EXTRACTED_FROM
3f679473-5834-5619-ab7b-0b3c2d725c54,lrow_afa5d84ccecf,annex_logical_row,EXTRACTED_FROM
3fe5ba33-a429-596e-9dcb-dcc84dfdeb6d,lrow_fa870b19eab8,annex_logical_row,EXTRACTED_FROM
f6254ca7-cf18-5b22-88c2-79f3cc50f8c4,lrow_3fff6ddfeeaa,annex_logical_row,EXTRACTED_FROM
4b39599b-12b9-5935-ac1e-b02746821662,lrow_762aa093b9a7,annex_logical_row,EXTRACTED_FROM
373c8096-7171-5af1-ad13-19da8e93d32a,lrow_103f1986d779,annex_logical_row,EXTRACTED_FROM
69abf551-5783-5110-880f-df35667a16e5,lrow_3843df57746f,annex_logical_row,EXTRACTED_FROM
05902fc3-21fa-5262-846f-53e272939d6a,lrow_394e872d80d0,annex_logical_row,EXTRACTED_FROM
fe863240-4369-5f36-909a-ab4dfc1467c4,lrow_fbd9102eee88,annex_logical_row,EXTRACTED_FROM
614a2de8-f465-587c-ba89-efd98a0075cc,lrow_b21b5d1793c8,annex_logical_row,EXTRACTED_FROM
d88db30e-d064-5475-bce9-658b50baa491,lrow_046680fd2c72,annex_logical_row,EXTRACTED_FROM
5438ba23-1c77-57ba-9e2b-a73cdcd72b52,lrow_efe662b5ea5e,annex_logical_row,EXTRACTED_FROM
78e2f77e-04c7-548a-9495-1a893631718c,lrow_2281a1f0ea69,annex_logical_row,EXTRACTED_FROM
9044e72e-2e22-57eb-93df-30deeadaf44d,lrow_1da64b6d84d3,annex_logical_row,EXTRACTED_FROM
7aa6d9a1-1bcd-55dc-bcb4-3460cf2f2c85,lrow_5cdba4af8d7e,annex_logical_row,EXTRACTED_FROM
ceab52af-de64-55b4-9577-9a6979fd3ec5,lrow_321ba1144d26,annex_logical_row,EXTRACTED_FROM
30db87a2-fc21-5a50-8090-d86fbdfcd3e5,lrow_b99cb1eeb276,annex_logical_row,EXTRACTED_FROM
77f28e67-1df8-52ad-8ad8-28d2cc6abd2a,lrow_890a28b1754d,annex_logical_row,EXTRACTED_FROM
58b3ace1-0025-5c42-a68b-892baf8fa9cf,lrow_631573f369f2,annex_logical_row,EXTRACTED_FROM
78404a6c-c006-5578-a22e-f9696a48d714,lrow_8feb1ee427ac,annex_logical_row,EXTRACTED_FROM
b4c144cd-4878-50dd-a8f8-2a02e5e307d0,lrow_0f428d631a62,annex_logical_row,EXTRACTED_FROM
12930860-508d-5de7-a9bc-d0d139cdcc8f,lrow_2ae9c131b415,annex_logical_row,EXTRACTED_FROM
9b30cc95-e179-5807-8229-64bcae09ffaf,lrow_03cadedcb95c,annex_logical_row,EXTRACTED_FROM
4a0ef9ab-929f-57b9-abe7-73f63d3d84dd,lrow_637013430699,annex_logical_row,EXTRACTED_FROM
b7309ed8-900e-559f-8908-4c2a82a06262,lrow_c8f52775025d,annex_logical_row,EXTRACTED_FROM
772bb609-1e11-55a1-823d-0cbefc396630,lrow_0b89e95ce18c,annex_logical_row,EXTRACTED_FROM
9210d76d-895c-5af1-9b12-a4614b930f54,lrow_fdfad2f6987e,annex_logical_row,EXTRACTED_FROM
c4272b5c-aaf6-57e4-9c8e-4ad2268f0e4c,lrow_8819cf76fcc5,annex_logical_row,EXTRACTED_FROM
f5788367-b9d8-5b98-93d8-c49dcc89d11e,lrow_b75f657899c1,annex_logical_row,EXTRACTED_FROM
2e9bc2e0-4d6c-589c-8607-f7c59ffaa230,lrow_e1d1a3a8d06a,annex_logical_row,EXTRACTED_FROM
558d16d5-fb19-5129-9ae5-53eb5e84ce2c,lrow_de16c20bcfec,annex_logical_row,EXTRACTED_FROM
c36c34f6-b7f2-572f-b304-6019a05a389e,lrow_29dc37c4fbdf,annex_logical_row,EXTRACTED_FROM
23dbe2fe-aed6-5dba-b52a-a79408552b6c,lrow_c949db3dbb7a,annex_logical_row,EXTRACTED_FROM
098b8b8b-56b0-5cf5-ad01-485198895bc4,lrow_2b16081e4dcf,annex_logical_row,EXTRACTED_FROM
54d205f3-b8f9-5722-a849-4931e560ad6d,lrow_d1efa617e5ce,annex_logical_row,EXTRACTED_FROM
a997eb0f-e84e-569c-95ae-5d14a32cca49,lrow_8a685896accb,annex_logical_row,EXTRACTED_FROM
4ae0e086-b69a-5a14-a3a8-c206bec280e2,lrow_c8e5bd258a93,annex_logical_row,EXTRACTED_FROM
fa48e837-c3f7-5e86-a587-609d8e9840bc,lrow_987a1f86503d,annex_logical_row,EXTRACTED_FROM
30ac71e4-c94e-5d0f-99f2-12f1417be27f,lrow_9d8ce03c0c06,annex_logical_row,EXTRACTED_FROM
4ae0015f-57be-5b05-ac09-dbf970ede4a1,lrow_7727cbaa5555,annex_logical_row,EXTRACTED_FROM
49ce9b7f-85b2-51ec-8eed-0e90eaf99e5d,lrow_18231d7fdebe,annex_logical_row,EXTRACTED_FROM
77f81467-fe87-5eff-8a20-bc4c791b2b8a,lrow_9a49ece479cf,annex_logical_row,EXTRACTED_FROM
5a806d95-b22e-5e72-a3cd-96656bb739dd,lrow_089e4f252746,annex_logical_row,EXTRACTED_FROM
2f6f8151-3e23-5892-b96d-d42d834cca5a,lrow_afa3d58d909b,annex_logical_row,EXTRACTED_FROM
b425ed7d-f318-546d-a0ce-d37dc49d91be,lrow_3bd94b824748,annex_logical_row,EXTRACTED_FROM
05964958-acca-5b4c-a21d-e4d86b43c1f0,lrow_2c555322cf9a,annex_logical_row,EXTRACTED_FROM
746b5587-d9e1-5bcb-a9f8-7b0983f6e378,lrow_a29f0fb287cf,annex_logical_row,EXTRACTED_FROM
8192f65f-2179-564a-abf5-f6e331431279,lrow_e7618b7b66d1,annex_logical_row,EXTRACTED_FROM
5dda0838-88bc-5cf9-9a74-d11ce8c1da7b,lrow_d9f5aaed49ba,annex_logical_row,EXTRACTED_FROM
f349b8ef-2bbd-54cf-96b9-3e28b1789a7f,lrow_c757ba5dd44a,annex_logical_row,EXTRACTED_FROM
cbf91b15-c5d1-5bd8-b12d-adee273f5107,lrow_b3fa06ffdf78,annex_logical_row,EXTRACTED_FROM
287e7e07-93dd-5b1b-8da1-6aa1ae42bc63,lrow_d9a5408d8146,annex_logical_row,EXTRACTED_FROM
19cd0eb1-50a7-578c-bd8c-ecf9a000438d,lrow_677d0ec7baf6,annex_logical_row,EXTRACTED_FROM
6826c722-b5c4-5040-b7b1-a6d7616226ab,lrow_2dcff4cf8170,annex_logical_row,EXTRACTED_FROM
293bcf02-1ffb-567e-99e6-10a6fcb4db3f,lrow_15347cd141bf,annex_logical_row,EXTRACTED_FROM
a05d2581-9781-597a-a531-29c69a4029c0,lrow_a74e4184b4c9,annex_logical_row,EXTRACTED_FROM
277b734b-37cb-510b-876c-4b4be6f275a6,lrow_460fa71338e4,annex_logical_row,EXTRACTED_FROM
ae1acc19-5116-51da-a14e-3dc75b51e351,lrow_aa6aa77c9a7b,annex_logical_row,EXTRACTED_FROM
d77b1f57-e5d4-5002-8d76-1775d2321f77,lrow_5fb1b0a31da7,annex_logical_row,EXTRACTED_FROM
fc830a91-4767-59cc-abef-b9e5d2d8df3a,lrow_fcd2ddb8783e,annex_logical_row,EXTRACTED_FROM
41c891f4-4777-5e4d-bd7a-84348bc2ba9d,lrow_b993968a599f,annex_logical_row,EXTRACTED_FROM
5e035f92-6e09-50d8-80c8-53d8b9589aca,lrow_7decf2711fd5,annex_logical_row,EXTRACTED_FROM
f2d07d34-08a4-5817-98c6-319950fec0cc,lrow_eac227f0ad2f,annex_logical_row,EXTRACTED_FROM
6dd9932e-a428-5d4e-b7d2-925285c6310c,lrow_ca4736023b02,annex_logical_row,EXTRACTED_FROM
5c14de1f-7412-533d-a1b9-91652a59ea14,lrow_b25d3af2bf2b,annex_logical_row,EXTRACTED_FROM
c8a325f5-05a4-534d-84d6-125aea54baa9,lrow_deea27edc561,annex_logical_row,EXTRACTED_FROM
2663b150-3bf0-5645-8500-62332c02ce8d,lrow_fa8e08c2f96e,annex_logical_row,EXTRACTED_FROM
14e5f9b6-2a84-5946-8f45-d4b4e30073d6,lrow_4618bbc9bd46,annex_logical_row,EXTRACTED_FROM
1405d2d7-5cd5-5660-aacf-915dce7972ae,lrow_d02fd8be222d,annex_logical_row,EXTRACTED_FROM
e6a390cd-532c-56c9-bccf-c46575f4cc7d,lrow_eadf26121ecf,annex_logical_row,EXTRACTED_FROM
4028300e-590d-5afd-ad02-babe6279e505,lrow_832370f07249,annex_logical_row,EXTRACTED_FROM
753d7df9-e6c3-5cfb-bb1d-76a5b8959ffe,lrow_e290141e9e61,annex_logical_row,EXTRACTED_FROM
d21e6ade-a609-560c-8901-8a0e15a42241,lrow_af616701a642,annex_logical_row,EXTRACTED_FROM
433e3bf2-294c-568a-99d6-c39fc93543ec,lrow_8329f81a40df,annex_logical_row,EXTRACTED_FROM
a3ba1c0c-37f0-5a56-957c-cdc288ae0971,lrow_872d684963e9,annex_logical_row,EXTRACTED_FROM
6222f871-b435-5906-a037-3358f8a17ea3,lrow_29a219e389d3,annex_logical_row,EXTRACTED_FROM
876b51d6-a10a-5cd6-b62c-eecfe73f4c45,lrow_0927c6f82f94,annex_logical_row,EXTRACTED_FROM
6fb673a8-e9fc-5827-a681-7165f6e9410b,lrow_f067191d3921,annex_logical_row,EXTRACTED_FROM
53c66a49-ce5c-509f-b632-6871f4d1ad02,lrow_6fa8ba263ba5,annex_logical_row,EXTRACTED_FROM
97e3807a-4199-5e7d-8579-f14544eca3fc,lrow_1923ecc1c64d,annex_logical_row,EXTRACTED_FROM
d6be452e-1ab2-5631-8bf9-d4606453aa23,lrow_3cce0bf8bb77,annex_logical_row,EXTRACTED_FROM
afe55a5a-2270-592a-91f6-93d6da0963ec,lrow_55a0389f6b14,annex_logical_row,EXTRACTED_FROM
4c1fc586-7b42-5171-86d6-35d864737234,lrow_a960f0c65e43,annex_logical_row,EXTRACTED_FROM
597584f0-0660-531e-baa4-937aafb3ae94,lrow_d1058ffd619e,annex_logical_row,EXTRACTED_FROM
8e1786dc-7bb3-5b47-9340-61634f59ec33,lrow_7625ed1fbc1e,annex_logical_row,EXTRACTED_FROM
2a3b5058-a73f-580b-b2aa-951dc3fd34a4,lrow_ff5c717a9fc1,annex_logical_row,EXTRACTED_FROM
d51f0e83-f047-591c-8d4f-b6d52dd1c199,lrow_f3b18532005d,annex_logical_row,EXTRACTED_FROM
8695ae1c-a48b-5487-b728-842e34258677,lrow_d6354bb39ca7,annex_logical_row,EXTRACTED_FROM
1c5e8c7d-6309-5447-a971-410a49acdd84,lrow_db3be524140e,annex_logical_row,EXTRACTED_FROM
e5d83303-7d4a-5ea6-8f00-5fcaa697b123,lrow_8768abcd2def,annex_logical_row,EXTRACTED_FROM
15714713-78aa-57a1-83c3-8b87d3945e48,lrow_7ce287980d0b,annex_logical_row,EXTRACTED_FROM
219ab97d-a366-59e0-9cc6-92b5940d5def,lrow_c32f907780f7,annex_logical_row,EXTRACTED_FROM
51419027-3942-5647-b8ce-e02d79e2125d,lrow_cf49cbe3cf5f,annex_logical_row,EXTRACTED_FROM
c2477881-d2e4-5969-90aa-85a190b30057,lrow_7e15056c572d,annex_logical_row,EXTRACTED_FROM
c63e2a46-821c-57b4-a388-201024fd140a,lrow_7c0c2dbd9fb6,annex_logical_row,EXTRACTED_FROM
6e3ac2ad-0a65-5e19-91ae-96dbd868f3d8,lrow_3838dfb57294,annex_logical_row,EXTRACTED_FROM
c4459381-02bb-5c2d-888b-4b6bff8b9d3e,lrow_a07793c54b04,annex_logical_row,EXTRACTED_FROM
6eeb00bf-3223-5b89-b3a3-7c25bdfd1ec2,lrow_dd5f7de44a83,annex_logical_row,EXTRACTED_FROM
167637be-0357-55fb-b19e-f97e7fc10504,lrow_d26204869e45,annex_logical_row,EXTRACTED_FROM
abe957a8-2951-5a65-978e-4e93caf38eb3,lrow_f8b5a43920cc,annex_logical_row,EXTRACTED_FROM
35f4eabb-8727-5844-898c-ba83dcf1673f,lrow_a717f676148e,annex_logical_row,EXTRACTED_FROM
7d934cae-e1ba-5e63-94f3-d8334a68805c,lrow_98d357d91655,annex_logical_row,EXTRACTED_FROM
6ae70711-d45a-5800-b073-1df45c0f776f,lrow_6192b869f9eb,annex_logical_row,EXTRACTED_FROM
c80e778d-c740-54f1-93dc-8a0f831fe6a5,lrow_55e2712c737c,annex_logical_row,EXTRACTED_FROM
532233c3-b73a-5238-b602-90c06455c3e0,lrow_113226549b0d,annex_logical_row,EXTRACTED_FROM
683a3107-33c1-5fa3-8d03-7dc07a27a384,lrow_7bd5e41da1f3,annex_logical_row,EXTRACTED_FROM
d7de9244-9820-5310-8185-8ef57038f569,lrow_5c80284e97e5,annex_logical_row,EXTRACTED_FROM
4f9af799-52fc-5aa0-b954-4059480d59a9,lrow_9787d3abbbdc,annex_logical_row,EXTRACTED_FROM
36c7348e-2d05-570e-91bd-a0b5c5e62748,lrow_ca1991f1170f,annex_logical_row,EXTRACTED_FROM
cce3c244-d618-57f3-a85b-7a6689eddca8,lrow_356133dfcbae,annex_logical_row,EXTRACTED_FROM
eda82dcd-0427-5a0d-8949-7fd89c9eef0a,lrow_3fc5093d7e5b,annex_logical_row,EXTRACTED_FROM
d832041f-8f90-5e0e-92da-532982e5975e,lrow_04ddc4ddf1dc,annex_logical_row,EXTRACTED_FROM
b257b2df-ee67-50c1-a68b-d3219df55dbc,lrow_c58008e376a1,annex_logical_row,EXTRACTED_FROM
17ca7b0e-b3bf-56b0-853f-af87d6838f13,lrow_4cfca79e184d,annex_logical_row,EXTRACTED_FROM
f461a686-a070-5be4-8e5c-70b8689873f2,lrow_a1fca9d259e2,annex_logical_row,EXTRACTED_FROM
ba479939-54c6-5557-8209-65adad22cf7f,lrow_f6493879d0f6,annex_logical_row,EXTRACTED_FROM
d9173a12-4f26-5a18-bf13-402fcb8b9aa5,lrow_8ad4310642b0,annex_logical_row,EXTRACTED_FROM
04881a38-14f4-53a1-80dd-1d5a6823602f,lrow_c507ba634486,annex_logical_row,EXTRACTED_FROM
bdc4c614-d4f5-5305-aa13-cf41b928ac60,lrow_5524c52f50fb,annex_logical_row,EXTRACTED_FROM
975d61eb-41ff-518a-bca9-fccff0ec2644,lrow_baaf356ea685,annex_logical_row,EXTRACTED_FROM
feb8a88d-7a51-5c3a-a61e-109ecbbe2583,lrow_e4037b851617,annex_logical_row,EXTRACTED_FROM
d5568adb-5d37-5b46-8559-6dbc28fb3da3,lrow_38212f8aecbd,annex_logical_row,EXTRACTED_FROM
deda371f-a533-5f4a-a54f-d8fade837982,lrow_b5cf5383beb2,annex_logical_row,EXTRACTED_FROM
5d52c3ef-b5db-52e3-a5d3-1dd8ae909a1c,lrow_40adf9321073,annex_logical_row,EXTRACTED_FROM
da467b5d-d9bc-582c-8348-0de379d18d73,lrow_d1c539325e92,annex_logical_row,EXTRACTED_FROM
c0c822b2-c09d-5a08-a695-a99ee5ff10e8,lrow_943b480b39bf,annex_logical_row,EXTRACTED_FROM
51f2e9ad-b81f-5547-baa9-364112a3829a,lrow_700c4183b421,annex_logical_row,EXTRACTED_FROM
672df7e2-1db0-5589-a3ae-e0661fdf6638,lrow_cb20fb3d3973,annex_logical_row,EXTRACTED_FROM
b39c2ade-e199-5c77-b59a-5896360a7b61,lrow_f91fc60f8fb2,annex_logical_row,EXTRACTED_FROM
f7dfe18e-5284-5a7f-a1ec-f28513318bbb,lrow_80b110fac82d,annex_logical_row,EXTRACTED_FROM
3c863dbc-5ccb-5e9b-933e-6a6ad44939ae,lrow_ec1f32732ca8,annex_logical_row,EXTRACTED_FROM
4ac08f01-15f6-5ea7-ac04-ba2286d92e28,lrow_835275a80d27,annex_logical_row,EXTRACTED_FROM
bfe65e0e-ef58-556a-a381-1296ecb1293e,lrow_b9731dbfb27f,annex_logical_row,EXTRACTED_FROM
95c9a919-ab05-5a9f-be5c-a785d4138666,lrow_fba4be659522,annex_logical_row,EXTRACTED_FROM
a9f96ca4-96cc-5f5a-9be4-e53e5ac9bf18,lrow_e027399352e4,annex_logical_row,EXTRACTED_FROM
631c603d-3f8f-5d49-b23d-bccf28f0b74a,lrow_fb1d22be0f4b,annex_logical_row,EXTRACTED_FROM
1636b8d2-4871-5d57-8383-bf9cb07c34d5,lrow_ccab95b29d34,annex_logical_row,EXTRACTED_FROM
72906cd7-8432-5658-a0aa-dcdb9b71267b,lrow_57be2ff64371,annex_logical_row,EXTRACTED_FROM
6ac29fd9-0f08-50ee-a3fc-afa4c6a4a5d3,lrow_3e6b582257a6,annex_logical_row,EXTRACTED_FROM
389a53f3-820b-5433-b1b9-f8dd5430f5fb,lrow_e6193244ee38,annex_logical_row,EXTRACTED_FROM
94d72bf9-b826-5abc-abac-0e55690baec0,lrow_9850f0d19dec,annex_logical_row,EXTRACTED_FROM
750da61b-8ae2-5273-bb43-c13cda1e37f6,lrow_d4ae2b396064,annex_logical_row,EXTRACTED_FROM
bdfa6300-9077-5b7b-b03f-a9af5fa38fd4,lrow_8e199d1ac2b4,annex_logical_row,EXTRACTED_FROM
8db1d5e2-1c17-5f15-b5c6-f85967d7370f,lrow_2fe070e1bbf8,annex_logical_row,EXTRACTED_FROM
5f542ccb-d115-50fc-ba0b-cfeab36a24b2,lrow_136060a8252d,annex_logical_row,EXTRACTED_FROM
4a0b976f-429b-5c4b-86b2-d2e8b122beeb,lrow_8991c7683903,annex_logical_row,EXTRACTED_FROM
71a08617-21cc-5788-b1ba-432468f9158b,lrow_ed2268beadef,annex_logical_row,EXTRACTED_FROM
c8a2cfa2-d387-5754-937d-86f77130c44f,lrow_8f26bb85a6af,annex_logical_row,EXTRACTED_FROM
842b0916-7e1c-5df8-b314-4cac033d9fad,lrow_5b719fb5bf2a,annex_logical_row,EXTRACTED_FROM
7475c713-660c-5e24-a538-f59b8c9aaa89,lrow_d364ea900362,annex_logical_row,EXTRACTED_FROM
b1db0c2e-8f81-546f-8995-b8f8e87f6fa6,lrow_300b8350e034,annex_logical_row,EXTRACTED_FROM
bf97a6f7-b464-5004-ada4-07f3552e3bf8,lrow_04683b0094d2,annex_logical_row,EXTRACTED_FROM
70e2b5f3-0e58-5bf7-8029-df19f81e0054,lrow_63db19007c99,annex_logical_row,EXTRACTED_FROM
3866d4b9-4aff-5c4f-8a66-2559d1a4f11f,lrow_21dc891795bc,annex_logical_row,EXTRACTED_FROM
2dee6726-fed2-5dab-abf9-eb3666f570e0,lrow_54dd9c98fc96,annex_logical_row,EXTRACTED_FROM
f404ef07-fd90-5c52-b8d1-073a9cdf0e18,lrow_8783e2b1237a,annex_logical_row,EXTRACTED_FROM
ebd6bc87-e56f-5592-95e3-a994054fe430,lrow_8a999835448f,annex_logical_row,EXTRACTED_FROM
d7431f45-894b-5221-a442-77b8b5d657f6,lrow_88dcf1d15c98,annex_logical_row,EXTRACTED_FROM
7cc4f06e-ebc1-500c-b4d0-3acd921d9b63,lrow_7bdc9639e247,annex_logical_row,EXTRACTED_FROM
0a9f0cc7-89cf-50cb-88fa-1075aecb87a5,lrow_776a227e6378,annex_logical_row,EXTRACTED_FROM
9b9e5b71-3353-588c-9fe4-6ecabd5287a2,lrow_f27e5248b8bf,annex_logical_row,EXTRACTED_FROM
324ae4d1-4115-5d28-966b-da9177dbb67e,lrow_e50613de04c0,annex_logical_row,EXTRACTED_FROM
758a5771-886a-5803-9937-1103c6e995a6,lrow_7fc4a9848828,annex_logical_row,EXTRACTED_FROM
d0b353cb-62bc-5c51-8f0e-60bb9423dfd1,lrow_76c86ce8dfb9,annex_logical_row,EXTRACTED_FROM
da7ccccd-f550-5825-a381-7465088f0a88,lrow_2dde7acbbd56,annex_logical_row,EXTRACTED_FROM
6df363dc-bcca-5388-a488-2e16db22c427,lrow_06946397ac17,annex_logical_row,EXTRACTED_FROM
122dad70-6725-5a54-b170-342a9a43a4f4,lrow_8bc96709ccec,annex_logical_row,EXTRACTED_FROM
52e4d319-97b3-55e2-9777-c757f1f3c5e4,lrow_b4aabfd961b7,annex_logical_row,EXTRACTED_FROM
80046ff9-8ee3-56a5-b94b-28cb1669ac31,lrow_0597e0cb3af6,annex_logical_row,EXTRACTED_FROM
be2d3d4e-f55f-5dfd-8a0e-b7a23ed72e60,lrow_262960828275,annex_logical_row,EXTRACTED_FROM
f6c923b0-15bb-5c07-81e4-e938b0af91e6,lrow_1cb6bb4bbae7,annex_logical_row,EXTRACTED_FROM
a3e63ce4-d36a-5179-a67e-19441aeba4af,lrow_8ea3ce371e6c,annex_logical_row,EXTRACTED_FROM
d358fcc5-b156-5e9a-86a7-203942cf391f,lrow_1f03ce8931c4,annex_logical_row,EXTRACTED_FROM
d326dc79-9037-587c-a729-a95822e23747,lrow_31c52fb0f831,annex_logical_row,EXTRACTED_FROM
757faaa4-e92e-50ae-babb-5a1324b0df7a,lrow_9508443cfba3,annex_logical_row,EXTRACTED_FROM
5f636668-043e-593e-91b2-69cedae69672,lrow_25e9e0a50804,annex_logical_row,EXTRACTED_FROM
8379c7c7-4a1f-58b2-a110-105c2e6fc127,lrow_7bea0f353cb4,annex_logical_row,EXTRACTED_FROM
d5c41b79-41b4-502f-a41d-3447cd1a054a,lrow_a3a67b7ea4a4,annex_logical_row,EXTRACTED_FROM
334b0976-b6d2-5d05-bc36-44a002aeddde,lrow_8513344cac0b,annex_logical_row,EXTRACTED_FROM
5f365baf-2335-5d39-885a-50b962bdbb84,lrow_85f8cef63df6,annex_logical_row,EXTRACTED_FROM
be187ce1-8323-543d-97e7-14483bc2a62e,lrow_114416e19210,annex_logical_row,EXTRACTED_FROM
e4f01108-a083-535b-95b1-47c86185e926,lrow_5819f0a4a9e8,annex_logical_row,EXTRACTED_FROM
eaa1de30-3e6e-5e01-9904-f9082a6e9027,lrow_773596c6bc79,annex_logical_row,EXTRACTED_FROM
4f6b41cc-7e9c-5847-8444-bdddd1c40c3f,lrow_b31854c0138d,annex_logical_row,EXTRACTED_FROM
6e099b8a-3cd4-5c07-877f-4a83c6d48408,lrow_5475c3a76e39,annex_logical_row,EXTRACTED_FROM
5be4a090-059c-5d80-8722-97540495254d,lrow_5a3fe2898f1b,annex_logical_row,EXTRACTED_FROM
683c8dcd-cf0a-5812-98dc-1ea2b3979e82,lrow_c65ce148ed0f,annex_logical_row,EXTRACTED_FROM
65b46cfe-76c2-5dba-af6a-55707b8fbb96,lrow_b4f2815b0590,annex_logical_row,EXTRACTED_FROM
fb173a07-ac7b-5121-8d07-f2cda6e17f73,lrow_cd3affe114d1,annex_logical_row,EXTRACTED_FROM
b6f17089-4847-505c-97d6-711db48034cc,lrow_19340f229134,annex_logical_row,EXTRACTED_FROM
8705f2e8-2ec2-5cad-8910-e7fb8bc9949d,lrow_562d59b35a17,annex_logical_row,EXTRACTED_FROM
20044baf-796c-5dd2-8a07-0f4f9a4fb4c1,lrow_5a85356b96fc,annex_logical_row,EXTRACTED_FROM
d75b648f-9a84-519d-9b74-955dfa3a24ee,lrow_a365c548c77c,annex_logical_row,EXTRACTED_FROM
75373ab0-431c-5fce-9613-dabbbe808318,lrow_b2a93deb2b3a,annex_logical_row,EXTRACTED_FROM
b9c249df-26c6-5a84-963c-fa02dadcdb79,lrow_8420a4b980c8,annex_logical_row,EXTRACTED_FROM
842313d0-0024-5c12-8215-a7e76dd2354a,lrow_4bd1e4192899,annex_logical_row,EXTRACTED_FROM
0b4c6261-587d-5741-8c11-f9b9b31b2e70,lrow_5c60b45e7f49,annex_logical_row,EXTRACTED_FROM
8736b4b8-fecc-54cb-a3e4-3ad30b7c6e5c,lrow_f33cf4319e90,annex_logical_row,EXTRACTED_FROM
1b548348-f6bb-531c-8509-f31e084dbbd3,lrow_e9d4a05a4d60,annex_logical_row,EXTRACTED_FROM
4fcd9bde-8402-5933-b28a-f6e147b7070a,lrow_7a95249a0516,annex_logical_row,EXTRACTED_FROM
69877f32-d0a6-5665-8de1-27b956ddac86,lrow_afe8daedc5f8,annex_logical_row,EXTRACTED_FROM
19d877b2-8f18-5b55-b059-d990703f2a45,lrow_cdef451651a3,annex_logical_row,EXTRACTED_FROM
1da37875-594c-51c2-821d-d7b76423fd42,lrow_7d6cb9927b58,annex_logical_row,EXTRACTED_FROM
96efe650-6867-54bd-bb27-1d831edfa7e8,lrow_46fe67656a55,annex_logical_row,EXTRACTED_FROM
a20c6026-ff3e-548d-bdbe-07e22d2a40dc,lrow_5a13b34db6c7,annex_logical_row,EXTRACTED_FROM
dc477792-8f65-551f-aa70-ae24cda876bd,lrow_408743c5458a,annex_logical_row,EXTRACTED_FROM
257a7865-1297-50a1-a9fa-882d678b3bdb,lrow_f4e4f005d345,annex_logical_row,EXTRACTED_FROM
140c4bf7-0a00-5a65-aaa4-404534b599c0,lrow_7a6e4cb8aa6e,annex_logical_row,EXTRACTED_FROM
847c0fb6-c7ae-5f1d-aa09-34d9b880af2a,lrow_101ecdde5807,annex_logical_row,EXTRACTED_FROM
be0ed0ff-0829-5a3c-9cd7-c5d22b5d38f8,lrow_f51065156a26,annex_logical_row,EXTRACTED_FROM
87a6c1f1-b27b-5ef0-8285-ff851b77d3f7,lrow_13b6b160799c,annex_logical_row,EXTRACTED_FROM
3ce02737-15bc-5cc3-8bba-f212a2e5ce6f,lrow_757fb4fcb461,annex_logical_row,EXTRACTED_FROM
6e9c4665-1fa9-57a5-b199-9cc88f601fb9,lrow_96df221dd79f,annex_logical_row,EXTRACTED_FROM
a6d83eb0-4d26-5db6-b951-82a721ae42bf,lrow_4767984df14e,annex_logical_row,EXTRACTED_FROM
b540333c-19b6-59c2-ab73-ef42a411f385,lrow_fd39181becf6,annex_logical_row,EXTRACTED_FROM
37917a78-f35c-560c-b818-75703e4aac43,lrow_d5ec1343eef0,annex_logical_row,EXTRACTED_FROM
4f409284-5b30-5801-bbf9-527aa7b8f4d6,lrow_aa29091e9a8b,annex_logical_row,EXTRACTED_FROM
9606961e-d960-5d43-92b9-2b8c14246e21,lrow_bb33dca290c7,annex_logical_row,EXTRACTED_FROM
623ce482-8894-5518-a60f-37e09738ecef,lrow_25f91e8ba733,annex_logical_row,EXTRACTED_FROM
3fae27cb-74eb-5010-b33f-82f29ea5979c,lrow_6d4f981a3a97,annex_logical_row,EXTRACTED_FROM
9a935223-ff7f-56be-9fe0-f7ca7545d304,lrow_ec033c39e9ef,annex_logical_row,EXTRACTED_FROM
f8542134-71cc-5996-aa0b-9045a34e2024,lrow_2991db7c6db2,annex_logical_row,EXTRACTED_FROM
b704c7f0-20a9-5b84-99c5-e334546a2912,lrow_c11d7f4dcc9f,annex_logical_row,EXTRACTED_FROM
fc956a6d-7eaa-51f4-9f67-d89b8cba91ef,lrow_9b9d817c050a,annex_logical_row,EXTRACTED_FROM
cbe42e69-7f6d-5240-b600-b66e0a8516ac,lrow_c9a3d7603243,annex_logical_row,EXTRACTED_FROM
fda7248e-65c2-5238-b2be-5e0cf2365331,lrow_2ad2b9f0affc,annex_logical_row,EXTRACTED_FROM
34d9a922-11fe-53db-a4e8-480157a4a372,lrow_0415c23cc17d,annex_logical_row,EXTRACTED_FROM
2afff871-774b-5373-800f-08f32dbcaaf1,lrow_aa8b83e8d0d4,annex_logical_row,EXTRACTED_FROM
37b52d91-1b21-595f-b4b0-2322014f3812,lrow_c373ffd111ca,annex_logical_row,EXTRACTED_FROM
76c53a7b-a226-59e9-8760-21df307ed1aa,lrow_7461994f0866,annex_logical_row,EXTRACTED_FROM
b83687a0-3fac-56cf-b4fb-3bb74cc6de0a,lrow_6374bcb9ae3b,annex_logical_row,EXTRACTED_FROM
ad67eba1-067d-5791-86cc-735a38fd39b2,lrow_8206b9804b06,annex_logical_row,EXTRACTED_FROM
e9f0fadf-7a9f-55a1-9a2d-9a0e4dfeef7e,lrow_1493fcea4646,annex_logical_row,EXTRACTED_FROM
505171c6-bacb-5692-977d-c74969cb19d7,lrow_1b299da392de,annex_logical_row,EXTRACTED_FROM
66240eb2-6624-58c0-8175-456d14eb1539,lrow_ff9bacfd16b8,annex_logical_row,EXTRACTED_FROM
61a497a9-c1d9-5fc2-b133-8084b4b6a9e1,lrow_64f7cd88b8d1,annex_logical_row,EXTRACTED_FROM
4f2baa9d-34bc-5295-bd8a-08b69fa7430e,lrow_43b622b85528,annex_logical_row,EXTRACTED_FROM
3297f7ea-8135-5a61-ae76-609cafc7a465,lrow_e29d53e18dbd,annex_logical_row,EXTRACTED_FROM
8a34b193-4c54-5ff2-b0ac-944f4895ccf8,lrow_42a281e37ffb,annex_logical_row,EXTRACTED_FROM
72b71c4c-0da7-5d5f-88ad-c99da25ff092,lrow_ebe69fd972f9,annex_logical_row,EXTRACTED_FROM
6fa756b9-3812-57af-a053-f1a0595f300b,lrow_49c90c11917c,annex_logical_row,EXTRACTED_FROM
7ee727d1-9f7d-5d7e-94ac-4fc8cd4d836f,lrow_909fe6526ce8,annex_logical_row,EXTRACTED_FROM
3839b0fd-12c3-5e9e-a475-4a97e1ac642e,lrow_889b5180a68a,annex_logical_row,EXTRACTED_FROM
bb468320-f70e-5890-96e9-15c437562903,lrow_4d4f4443b872,annex_logical_row,EXTRACTED_FROM
6716393c-ab16-5a17-a8dd-4cf9dfb879d5,lrow_138669df21b8,annex_logical_row,EXTRACTED_FROM
6f8fb566-bfb1-5e58-a839-740f83a46d34,lrow_2ebdc4fe2d5f,annex_logical_row,EXTRACTED_FROM
380475bb-fa59-5f97-ad30-65a109c34b8a,lrow_7bcc9378456d,annex_logical_row,EXTRACTED_FROM
f25b5fec-911f-5f21-a70e-b36e685a5fb5,lrow_f04cf360e468,annex_logical_row,EXTRACTED_FROM
41adb4eb-f1f3-547e-8d87-960109b73b8a,lrow_d3e3e201cf32,annex_logical_row,EXTRACTED_FROM
7a4ade82-3b29-5477-865d-cecbc0d4be7b,lrow_4bf8dc38c9ac,annex_logical_row,EXTRACTED_FROM
86e4b01e-a572-5ea9-8a4a-0897ff2c4713,lrow_f503d3eeb2c7,annex_logical_row,EXTRACTED_FROM
97d82d12-aea6-5fa3-a3e8-a4b71f6c4b74,lrow_b6a4b43e4ce4,annex_logical_row,EXTRACTED_FROM
3399bb70-c22b-5eb3-9937-9dc7d732e946,lrow_d719a4c0c899,annex_logical_row,EXTRACTED_FROM
1bf5be37-7ce8-54d3-add0-2883fc3ee238,lrow_923c99677841,annex_logical_row,EXTRACTED_FROM
c020cf29-ac3d-57ea-9d2a-44a2cb804a48,lrow_2fae53121d1b,annex_logical_row,EXTRACTED_FROM
5dbc02a6-5fb7-5fad-bb3d-aab9e2f6c3ad,lrow_82ba58555a8b,annex_logical_row,EXTRACTED_FROM
cdb2d756-f74f-56d5-8f29-c775289eeafc,lrow_39da19fda4c4,annex_logical_row,EXTRACTED_FROM
82487e53-52f9-5268-8090-e126e92c5e13,lrow_574920088d2f,annex_logical_row,EXTRACTED_FROM
9dcdc78c-f7ad-522b-bc7a-6b35c3c8dfce,lrow_ffbccbf79b2b,annex_logical_row,EXTRACTED_FROM
f01ac624-8d7b-5b1e-8690-5a6c527dfb51,lrow_1933eb4da65e,annex_logical_row,EXTRACTED_FROM
2bcc54bc-31ac-53de-87d1-4b3ba340ac0d,lrow_5d7f71c507cc,annex_logical_row,EXTRACTED_FROM
49cebe6c-ee71-5760-b470-0451a5945180,lrow_f299e36b384e,annex_logical_row,EXTRACTED_FROM
68634927-e816-5e7d-af14-4593d93fa1b5,lrow_bbdae577716d,annex_logical_row,EXTRACTED_FROM
e4736705-e5e3-5dc4-bdea-0747b486b6ae,lrow_692fd9ab8feb,annex_logical_row,EXTRACTED_FROM
aaa37164-024f-593e-a70b-ed4e9e04fcc2,lrow_526fdb4ba79e,annex_logical_row,EXTRACTED_FROM
8db65f6e-cba3-5efd-b5f7-3424ebcf3914,lrow_6b99c7a9b29f,annex_logical_row,EXTRACTED_FROM
d4aa9dc8-cf2a-57d4-8ecd-ee07b6f94be8,lrow_b78212fe6e39,annex_logical_row,EXTRACTED_FROM
a895de5f-19da-5f98-8f15-5df9b02080a8,lrow_db08e696e11e,annex_logical_row,EXTRACTED_FROM
b766eaa8-133d-557c-8a22-8504cf48dd7b,lrow_2c29ee454e06,annex_logical_row,EXTRACTED_FROM
d32354ab-0c0c-5cbe-a8dc-48a5b0f3d917,lrow_f4e32d8b8f2e,annex_logical_row,EXTRACTED_FROM
214c2aa0-4188-5f73-af54-8f37c29bf449,lrow_2853258f2543,annex_logical_row,EXTRACTED_FROM
c2f24c5b-267b-5874-bd66-f5351aa77dd5,lrow_7e694a8b4801,annex_logical_row,EXTRACTED_FROM
5dd2729e-2b8a-5cb7-8ac0-03763ae08157,lrow_dd24ebae9c3c,annex_logical_row,EXTRACTED_FROM
98285074-7e52-57e1-ac36-b7d2dec2bf0e,lrow_f20f2f9b6bff,annex_logical_row,EXTRACTED_FROM
a00b9631-93a9-555a-ae4e-1122bc1ef345,lrow_d94b63374c44,annex_logical_row,EXTRACTED_FROM
bffdbb4e-5e91-5439-bd7a-87ecfb7c2f4f,lrow_96955173cbd3,annex_logical_row,EXTRACTED_FROM
9c372be8-e5ee-5cd9-9e19-24e2b422282d,lrow_235e8eea3425,annex_logical_row,EXTRACTED_FROM
2b9e3028-9e2f-5eda-a423-a7a792e1d844,lrow_aa3b43c3f78e,annex_logical_row,EXTRACTED_FROM
4709dc0e-9a56-5481-ab95-20c5f12dabb9,lrow_e9e88ecfe60d,annex_logical_row,EXTRACTED_FROM
2176d7c9-c880-5cbf-9ec2-7a45605abb8b,lrow_fbb33f30be9a,annex_logical_row,EXTRACTED_FROM
84b50fa1-dd0e-58ce-b37f-4cb92b93f59c,lrow_eef2d8ddb919,annex_logical_row,EXTRACTED_FROM
bfdf5787-9881-51a8-8efe-e19d33527f1e,lrow_f8f7cace8d23,annex_logical_row,EXTRACTED_FROM
bda74761-6abc-51f5-8d85-7f313176e250,lrow_2091e730c63b,annex_logical_row,EXTRACTED_FROM
895b16ba-cf0e-5925-afdd-4f0b83b22e7b,lrow_f9c1beaf02b0,annex_logical_row,EXTRACTED_FROM
e3a4098e-908c-5110-9de5-f6c96673de1c,lrow_8a5aa2d8f77b,annex_logical_row,EXTRACTED_FROM
bcad3d30-416e-5086-a013-b8380b6153fc,lrow_3573005b2b00,annex_logical_row,EXTRACTED_FROM
7dae9905-9494-5390-be2c-ca8b09bf6347,lrow_a3f80fd0e7ca,annex_logical_row,EXTRACTED_FROM
cb8c47f2-e7d2-5dc0-99a7-76a12ea1639e,lrow_9dc327b8f7e8,annex_logical_row,EXTRACTED_FROM
520bba23-79fa-5c58-8d8c-1aa17db01965,lrow_88bc6c240a11,annex_logical_row,EXTRACTED_FROM
08335843-9e0d-51d4-8f3f-c9091195867c,lrow_960547698634,annex_logical_row,EXTRACTED_FROM
7d7fe8a6-b70a-5724-88d9-4526c27b2a6c,lrow_92024be4db3a,annex_logical_row,EXTRACTED_FROM
c6e9fdbf-d3b5-5baf-a66a-be91cabc301b,lrow_9965f583fe97,annex_logical_row,EXTRACTED_FROM
271a5728-e10a-53b9-98c8-c99c03ac1c21,lrow_aa9ba4674220,annex_logical_row,EXTRACTED_FROM
e0330e96-2ee7-5128-9c78-9672e84744bd,lrow_d1ab9c841e72,annex_logical_row,EXTRACTED_FROM
428bf48b-cc94-578a-8275-146c6f0cf1a1,lrow_762d9e37361a,annex_logical_row,EXTRACTED_FROM
cd724688-1299-5caf-ad89-c11461674259,lrow_bd0779271eeb,annex_logical_row,EXTRACTED_FROM
719898bf-a711-5215-bf34-e0bd3c0dab83,lrow_93dae0c26432,annex_logical_row,EXTRACTED_FROM
db00ae01-3713-5d9d-8c25-1ea16acc8fc3,lrow_5c520ba2f575,annex_logical_row,EXTRACTED_FROM
f10e1727-c22f-551f-9724-ad44d0224343,lrow_00efd0053034,annex_logical_row,EXTRACTED_FROM
e10b5260-61c7-592a-8f6d-ade5a33b7d9f,lrow_5bbe0dd788a0,annex_logical_row,EXTRACTED_FROM
88bb8ec7-9a54-5e4b-bc6b-70ed153e8d5a,lrow_7486cda0bef4,annex_logical_row,EXTRACTED_FROM
598a934c-0cdc-5dd2-98d4-76e018cfea44,lrow_adb66d9eccad,annex_logical_row,EXTRACTED_FROM
341752e2-c186-5f8e-8f3d-1f9f59456bf8,lrow_3c33aa6e1104,annex_logical_row,EXTRACTED_FROM
6828dd20-84c8-5ea6-9320-59a6d46dbb3e,lrow_d5fc41d11c15,annex_logical_row,EXTRACTED_FROM
e8240930-2126-5555-85f8-47ae24e4c2bb,lrow_241966f8ce4e,annex_logical_row,EXTRACTED_FROM
68437644-8c9b-580a-834e-0582c4e7634d,lrow_be11eacfb213,annex_logical_row,EXTRACTED_FROM
0eb2dd20-223e-5d05-96e0-dec604c2b565,lrow_98ba81c993b9,annex_logical_row,EXTRACTED_FROM
24c6ba25-7532-508e-9ba4-74cfc8814fba,lrow_c154928ec973,annex_logical_row,EXTRACTED_FROM
b54815b6-1c7e-5d7e-9798-be8e4e3fd03c,lrow_f83d98daaed2,annex_logical_row,EXTRACTED_FROM
c3cf95cf-4698-5f84-ab17-d6901559a3d9,lrow_1a3e2feb8606,annex_logical_row,EXTRACTED_FROM
5f79320c-0ad9-580d-b0cc-12cb8a1f9feb,lrow_08cacbf98925,annex_logical_row,EXTRACTED_FROM
1bfe313f-c284-5c16-a0d3-4f6c67f0e546,lrow_901cd195190d,annex_logical_row,EXTRACTED_FROM
a78cae11-fa43-5dbc-a87c-d7c45dd9b315,lrow_8c1c4b9a8da3,annex_logical_row,EXTRACTED_FROM
62f0fc9d-e811-567d-8552-ad54d0001cb3,lrow_e5c2a90c9352,annex_logical_row,EXTRACTED_FROM
8ae4f074-729c-5f3f-9c47-940cd3fc259c,lrow_c4010087f876,annex_logical_row,EXTRACTED_FROM
807573a9-7aff-5688-bde6-5a10c445b7e2,lrow_708fab868136,annex_logical_row,EXTRACTED_FROM
4c1f341e-0790-55d0-9229-9822fc3e951f,lrow_12595a4357dc,annex_logical_row,EXTRACTED_FROM
80717e5b-bdd6-5d94-a4fb-14f7e942ab0c,lrow_22239b2cafbf,annex_logical_row,EXTRACTED_FROM
90356940-3fa4-59e0-9675-0ff7f395f88d,lrow_56874b9e1acd,annex_logical_row,EXTRACTED_FROM
7355bead-38bd-5971-a741-67bb12a96174,lrow_95f7dce23a05,annex_logical_row,EXTRACTED_FROM
4693cc3a-3017-5d24-9a30-d70276268f60,lrow_8fdd70371d22,annex_logical_row,EXTRACTED_FROM
6691f16a-855f-544c-a91f-2a093a22423c,lrow_1c3416e6fd24,annex_logical_row,EXTRACTED_FROM
02138c75-af86-5050-ad32-d79449a1ea97,lrow_ec026e5a5d0d,annex_logical_row,EXTRACTED_FROM
fae74554-13e5-5bef-9f15-dfa5808ee887,lrow_0688a785e349,annex_logical_row,EXTRACTED_FROM
4e27d09e-ab01-5838-b7a0-db731f7a00f0,lrow_9caee00a20a8,annex_logical_row,EXTRACTED_FROM
033c7546-b87f-5cf8-8471-5a617141ed3d,lrow_fdee3561c5e4,annex_logical_row,EXTRACTED_FROM
cee057c2-bffa-5c2e-8e45-7910e0e87adc,lrow_cf753917f852,annex_logical_row,EXTRACTED_FROM
3d621564-faa6-59a1-9fc4-dca3e17412e9,lrow_c99ace8f939f,annex_logical_row,EXTRACTED_FROM
6a010791-a3fb-57a2-ad82-8fffb00ea5cb,lrow_e70598d520f9,annex_logical_row,EXTRACTED_FROM
f278528f-acdc-5759-891e-f953884e30ed,lrow_110118a593e5,annex_logical_row,EXTRACTED_FROM
7547dcd7-5f73-5c9d-9105-32a59cd7c0c3,lrow_d0956aec10bb,annex_logical_row,EXTRACTED_FROM
c2c10350-23d4-5fd6-a88c-4dd74f944b69,lrow_be0adcfe7fee,annex_logical_row,EXTRACTED_FROM
322b41ed-0280-558a-adc3-ebb1dd3f2f05,lrow_540fbef36500,annex_logical_row,EXTRACTED_FROM
4eacda61-feac-5492-af80-71a1c131545d,lrow_835a3654ffcd,annex_logical_row,EXTRACTED_FROM
97563a82-aa31-51c3-a446-cbf653ef05c6,lrow_f2be9673c639,annex_logical_row,EXTRACTED_FROM
c4ca9453-cc1b-5c5c-ad99-713c6d80dce9,lrow_4aeb98f18c1c,annex_logical_row,EXTRACTED_FROM
60a52073-2a70-5241-8c7d-c46760bb1e74,lrow_f69b637af9fd,annex_logical_row,EXTRACTED_FROM
648668b4-b10e-5175-b642-2cb7cc052662,lrow_50dcb946c105,annex_logical_row,EXTRACTED_FROM
5f077959-ac8b-5f2c-ba8b-a92165d54143,lrow_c93843107aae,annex_logical_row,EXTRACTED_FROM
21f6cb5b-9401-5202-b92d-1a8e791018e3,lrow_fad35e427690,annex_logical_row,EXTRACTED_FROM
7f79b7f7-9a96-57cf-8f4e-478766f26cd4,lrow_8fa0e8b219fa,annex_logical_row,EXTRACTED_FROM
68f55ecc-4037-5309-a581-46bc91af9658,lrow_2dc35fcd37ac,annex_logical_row,EXTRACTED_FROM
f13b43fe-83eb-586f-8a60-29f1a296a553,lrow_35364c381908,annex_logical_row,EXTRACTED_FROM
4b8779d0-b419-577f-8f40-99e65d4465de,lrow_502bea985556,annex_logical_row,EXTRACTED_FROM
eb2a5426-b8d3-5726-a9c2-23f840f6b99a,lrow_078defa9e8f1,annex_logical_row,EXTRACTED_FROM
b82cc3e2-abd4-595c-9667-36a94bf85180,lrow_c074cbb49e70,annex_logical_row,EXTRACTED_FROM
a9d99871-80ed-5c1d-a03d-3f0b2d5b7b81,lrow_9a160fa4d66f,annex_logical_row,EXTRACTED_FROM
835e2bf3-f5f3-5f64-a849-7388440f7700,lrow_8083a1840386,annex_logical_row,EXTRACTED_FROM
d6dc1b27-6316-51a2-be76-a757683eb439,lrow_c630298e91dd,annex_logical_row,EXTRACTED_FROM
d7298538-7cbe-5e31-834b-075976f84792,lrow_433940f1d1a7,annex_logical_row,EXTRACTED_FROM
5a1fee86-4704-5c52-90dc-0bf712a04a69,lrow_4a12ce73adce,annex_logical_row,EXTRACTED_FROM
67757d91-bdb8-5550-8fc3-d8a5daf1ac83,lrow_5ecb098bead8,annex_logical_row,EXTRACTED_FROM
1b503c64-79ac-50fa-a15d-302796857cb2,lrow_71d838168a87,annex_logical_row,EXTRACTED_FROM
6114d11b-9b3e-57bb-acfc-20dc97f75e13,lrow_a49cdee1eca9,annex_logical_row,EXTRACTED_FROM
4957bc2c-c734-5309-9e22-188a94925411,lrow_28c537870e4f,annex_logical_row,EXTRACTED_FROM
7ad4f08e-58fa-5f87-9763-aac2ec8c3420,lrow_4b692a2f5ac9,annex_logical_row,EXTRACTED_FROM
4344c979-267e-59d1-a170-62ce57dc7540,lrow_679f59dfa94e,annex_logical_row,EXTRACTED_FROM
543644eb-6c8e-582a-b11d-42f3e0ca2ae6,lrow_4a2dd1e10eb7,annex_logical_row,EXTRACTED_FROM
106b5388-56d7-5867-976c-0bb488cbf227,lrow_83d58bee975e,annex_logical_row,EXTRACTED_FROM
e44968a7-ef1c-527d-982d-ae2d77792ba0,lrow_33207ac717e6,annex_logical_row,EXTRACTED_FROM
59c7b1da-9290-5152-9a5c-bb2f88e64d73,lrow_4127b40f472c,annex_logical_row,EXTRACTED_FROM
b4b19634-9ffd-5b0a-b95a-2aa01d26ce3a,lrow_4299987e530f,annex_logical_row,EXTRACTED_FROM
1a9d95ae-4201-5a28-9bd9-bad0711bff22,lrow_e23b17f044c8,annex_logical_row,EXTRACTED_FROM
a92b6630-a42e-5509-83ff-fe8ba99d6472,lrow_2867fa0a81ee,annex_logical_row,EXTRACTED_FROM
2f8ad3ff-beb3-527d-9674-70398a0db1fe,lrow_de46d2baafe6,annex_logical_row,EXTRACTED_FROM
ec1edf48-cb1f-5965-a4a3-2043eec6344b,lrow_1c06eb766698,annex_logical_row,EXTRACTED_FROM
66412809-7970-5459-bb30-6aa30498d449,lrow_a2e9accc9a16,annex_logical_row,EXTRACTED_FROM
98586fdf-3cf3-5278-b29e-528527b6090d,lrow_895856b1200b,annex_logical_row,EXTRACTED_FROM
cbd7b518-359e-58b2-9e71-5be5747ca225,lrow_b7f78fca8a5c,annex_logical_row,EXTRACTED_FROM
d6e32d8d-13b5-50c8-86d6-6227e3b8078c,lrow_ee3ee71fff12,annex_logical_row,EXTRACTED_FROM
bf9c1ee4-17cc-5b3c-bd5a-24849d405121,lrow_109cd20e41fe,annex_logical_row,EXTRACTED_FROM
df068609-7b1a-5f47-a8e7-60c7038d8dc1,lrow_3c209c31feed,annex_logical_row,EXTRACTED_FROM
abafa24e-4eb9-54a2-9c63-a7d2d0bbc8ad,lrow_72b805a45e45,annex_logical_row,EXTRACTED_FROM
765eb201-93a9-5c9d-89c3-ac3f92c79361,lrow_4cd221c238cb,annex_logical_row,EXTRACTED_FROM
34997ec6-907f-5760-86d2-e37473c97f91,lrow_9d7dcdb7bcd9,annex_logical_row,EXTRACTED_FROM
7ba0d746-74e5-523d-8c05-8b6d45f58577,lrow_f11dfa8ecdd5,annex_logical_row,EXTRACTED_FROM
4c7f7ccc-c649-585e-a2e8-d4f6b5e740b7,lrow_811e61b0c230,annex_logical_row,EXTRACTED_FROM
e4816042-930a-5532-a0c2-db49d45de0ea,lrow_c7e7b800b2b9,annex_logical_row,EXTRACTED_FROM
6cbb24ff-44b1-5828-8496-5b0a738909c3,lrow_2fa106d8d9e8,annex_logical_row,EXTRACTED_FROM
b69b92fe-0381-57ff-9c4b-2209769b256c,lrow_505a65a62ae7,annex_logical_row,EXTRACTED_FROM
3ec81703-2cf3-5600-84e5-b9af93707add,lrow_75334f026355,annex_logical_row,EXTRACTED_FROM
ae543d77-24c4-5545-83db-a2a176dc8811,lrow_f19846f9e647,annex_logical_row,EXTRACTED_FROM
9ed54f0a-718e-5222-b600-aa01a411b9a0,lrow_5bc5985f1819,annex_logical_row,EXTRACTED_FROM
75572fb9-9eba-5433-9ed4-91f07fe993a0,lrow_27c5fdfaa5f2,annex_logical_row,EXTRACTED_FROM
bce47667-505a-5a1c-ab27-6f3f27620be6,lrow_eb33a7d33daf,annex_logical_row,EXTRACTED_FROM
35611799-4c0a-577f-bdf9-9570134ddf78,lrow_5583b5e56c96,annex_logical_row,EXTRACTED_FROM
61b7efcb-6947-5dd3-a37b-9c88153f1e08,lrow_edca8faf90f8,annex_logical_row,EXTRACTED_FROM
da2d1e91-a535-5ef3-b2f7-23f2bdba9cc5,lrow_96021209e74d,annex_logical_row,EXTRACTED_FROM
00ad5367-ecb4-59fa-ab95-f66178e1df84,lrow_ee879fb43da7,annex_logical_row,EXTRACTED_FROM
9eebf328-c5a3-587e-a1ca-83fd5f6314e4,lrow_ad020789419c,annex_logical_row,EXTRACTED_FROM
fb3021eb-2b4c-5d2b-864f-34aff5f25595,lrow_a40aff672cdf,annex_logical_row,EXTRACTED_FROM
b51bc34d-1a10-517f-a1b4-cebcee3fb045,lrow_f2bc15dd6396,annex_logical_row,EXTRACTED_FROM
0e6e37e2-17c3-5bda-80aa-8cd403ac38d7,lrow_1efb8b984ad9,annex_logical_row,EXTRACTED_FROM
693f7590-3257-561d-8307-32bda8bedcf5,lrow_9587519c1e17,annex_logical_row,EXTRACTED_FROM
872a6ad1-1f0f-5925-b41e-27fb78841a75,lrow_0cec78770397,annex_logical_row,EXTRACTED_FROM
71989bbf-bf4a-54fc-a97c-983ef60f7948,lrow_ceec69cf0a42,annex_logical_row,EXTRACTED_FROM
edf2de7e-eb31-5d12-941a-99d36093eccd,lrow_d1f1c51b6559,annex_logical_row,EXTRACTED_FROM
24c86e71-545a-51da-adaa-79a427acd362,lrow_f7146b3cc347,annex_logical_row,EXTRACTED_FROM
b78445e0-a55a-51f2-892b-24f5b8e8a373,lrow_b3a2eb788ae4,annex_logical_row,EXTRACTED_FROM
45ef0ed5-52f7-52d4-9d85-c988fa1b83f8,lrow_320bf8fff204,annex_logical_row,EXTRACTED_FROM
6e364da2-d40b-5e8f-88c8-d2d1ea4da92b,lrow_2558aa3782ac,annex_logical_row,EXTRACTED_FROM
c6f02588-85e8-5e61-a00f-008ef5b4affb,lrow_aea3568e5645,annex_logical_row,EXTRACTED_FROM
77e6d98e-1aac-5d9b-ab5f-dcdbefd29b29,lrow_15f0064dea07,annex_logical_row,EXTRACTED_FROM
f9122c3c-382a-542c-b2cd-79e2d8780cc5,lrow_51efd211ba63,annex_logical_row,EXTRACTED_FROM
7d32178e-eabe-5120-a8a2-82e21cd1acc1,lrow_c3795780cc59,annex_logical_row,EXTRACTED_FROM
372997e7-bcbb-5422-9a53-e47be4a0b71d,lrow_bd74b60aac33,annex_logical_row,EXTRACTED_FROM
f887f269-7e53-5848-82a2-695ff690a24f,lrow_77c8d6d54617,annex_logical_row,EXTRACTED_FROM
3fe88b3a-9548-54ff-b787-74d2a13a4afc,lrow_5118dab2c6e2,annex_logical_row,EXTRACTED_FROM
ae301955-6c8d-5282-b3ac-e0de1534dc6e,lrow_a0514f4a21a0,annex_logical_row,EXTRACTED_FROM
6f758725-a614-5351-bcdd-65a82a11ac9b,lrow_576d22c6d06a,annex_logical_row,EXTRACTED_FROM
27e9b991-4012-5e10-8b6c-4628ea917888,lrow_caafbc422599,annex_logical_row,EXTRACTED_FROM
caf11519-2d75-5fec-9890-f71342fa8014,lrow_ae55d2b83971,annex_logical_row,EXTRACTED_FROM
08f1a883-f27a-57ed-97bc-cdc5a3b96e6b,lrow_ac3d26d0b5aa,annex_logical_row,EXTRACTED_FROM
a090e882-cb9f-5ed0-972b-a3076556a17e,lrow_dd52f971332e,annex_logical_row,EXTRACTED_FROM
384f2ce0-d3ec-5f9b-889a-c22b390f5977,lrow_486941636bb6,annex_logical_row,EXTRACTED_FROM
2c993074-9f11-5fec-834f-4a3d98657644,lrow_1699eccdf547,annex_logical_row,EXTRACTED_FROM
5c0b144f-2545-58cd-80e8-557b3b967d4b,lrow_60b99bd6eb6e,annex_logical_row,EXTRACTED_FROM
e3cd607a-771e-5179-b554-498d5e3d5339,lrow_795c9ea1b772,annex_logical_row,EXTRACTED_FROM
56b78d09-6a40-53a9-9043-4abce04b7463,lrow_7f81a0b4f324,annex_logical_row,EXTRACTED_FROM
ee52ae21-dfc1-5ebf-9daa-dca782198524,lrow_45e97b19dbf1,annex_logical_row,EXTRACTED_FROM
754a7ed2-5114-596e-b59f-7442acaefced,lrow_12ca8928079d,annex_logical_row,EXTRACTED_FROM
a7be0b8e-e434-59df-9ac8-fb1538b3daed,lrow_ce34c586a9a5,annex_logical_row,EXTRACTED_FROM
00a31aef-72cb-5d09-ab30-0bb4e46391dc,lrow_49ca525103f0,annex_logical_row,EXTRACTED_FROM
6d64b174-4d57-5fd6-9d35-6f35cd3d5952,lrow_d0a98f2e4747,annex_logical_row,EXTRACTED_FROM
3d1d2003-ab30-5c6a-8686-c589c0c23a26,lrow_75cc137969b7,annex_logical_row,EXTRACTED_FROM
2fed1698-a389-5321-ac79-083729c3810d,lrow_6f43e9b1f44b,annex_logical_row,EXTRACTED_FROM
4046c351-fd66-507e-8cd8-b1147d655f06,lrow_6993142cefee,annex_logical_row,EXTRACTED_FROM
eb1720ca-4880-545a-a378-96f2c6120898,lrow_616ae30f31c7,annex_logical_row,EXTRACTED_FROM
25e864c8-b987-5b43-9ab3-6ccf0195a099,lrow_0959a76d3414,annex_logical_row,EXTRACTED_FROM
61822a1b-d0e8-5d6d-93d8-94ea38d6c6dc,lrow_95bb5f2aea22,annex_logical_row,EXTRACTED_FROM
4807cbea-e888-5dd2-bfc7-d5b123a70759,lrow_48538962644a,annex_logical_row,EXTRACTED_FROM
4291984a-8c95-566c-8b14-b346f94902f2,lrow_2f76faeda8e7,annex_logical_row,EXTRACTED_FROM
14c12346-bf8e-5162-8360-c2522c091762,lrow_37c7b444804d,annex_logical_row,EXTRACTED_FROM
1c9c7832-7139-5b9a-af21-234ca4304f5b,lrow_eec94105b8f8,annex_logical_row,EXTRACTED_FROM
a7815c0b-2546-58ae-86e2-e2f53ba96ff2,lrow_fea5132f00f0,annex_logical_row,EXTRACTED_FROM
3daf6643-0722-5254-b49b-5958f7cba46f,lrow_275090d6d61d,annex_logical_row,EXTRACTED_FROM
0ab57e01-3370-5cc4-b400-d0133e846674,lrow_2e53a49509dc,annex_logical_row,EXTRACTED_FROM
ffb9d6d8-9dbb-5b93-92b5-ccdf1582e6b1,lrow_80ff567c5c99,annex_logical_row,EXTRACTED_FROM
998c6607-335b-5bd5-b56c-c742ef4445b0,lrow_b5b5f5689366,annex_logical_row,EXTRACTED_FROM
119a5aeb-fe1f-5ad3-a0e5-d54d8b305bc2,lrow_e72dd7b37132,annex_logical_row,EXTRACTED_FROM
ef942d70-cf94-5fbf-8a6f-501696c902b2,lrow_c3a844ab3e4c,annex_logical_row,EXTRACTED_FROM
9f073abe-0955-5e52-b113-62faadd210ff,lrow_c61416ce190c,annex_logical_row,EXTRACTED_FROM
09e47b6b-f65a-5b49-8b24-6ac04aa24c49,lrow_f7a6a80d16c2,annex_logical_row,EXTRACTED_FROM
c45182c0-a3d2-56c1-8534-9230ebd3197c,lrow_225d165cc0dd,annex_logical_row,EXTRACTED_FROM
3c23f292-802c-50cf-b351-16caebe9078e,lrow_1dc31193cd5b,annex_logical_row,EXTRACTED_FROM
c40f5960-eba6-5fb8-8ab6-97ab22279ccf,lrow_81d4c3b03f59,annex_logical_row,EXTRACTED_FROM
862d7e03-6a62-5e41-bc60-687d325367b2,lrow_edf522e66550,annex_logical_row,EXTRACTED_FROM
287a2ea9-5ead-54ea-af60-90a78050b112,lrow_078cc04b0da4,annex_logical_row,EXTRACTED_FROM
090c9d22-a1c4-51ad-955e-8c6489cceee7,lrow_0d709fe93f6f,annex_logical_row,EXTRACTED_FROM
1e78f674-5071-5ee3-b40d-d9348929686a,lrow_ca06eca31604,annex_logical_row,EXTRACTED_FROM
1ae2e507-64bc-5d74-8672-e43206e41cfa,lrow_7dd1032c992e,annex_logical_row,EXTRACTED_FROM
42586110-5136-517f-ad7b-daac0a5f7b6b,lrow_ee7ce64ec1ce,annex_logical_row,EXTRACTED_FROM
7138202b-8e09-50f6-bf70-9991c7dbbc73,lrow_d61e1c5aa2de,annex_logical_row,EXTRACTED_FROM
ce987c81-477d-558f-bd04-c1cc492a23cc,lrow_efc135b356c8,annex_logical_row,EXTRACTED_FROM
50166881-eb29-5dd7-bd63-7344cbbbe07c,lrow_5155a7488aaa,annex_logical_row,EXTRACTED_FROM
aa65a8a2-fe52-5f36-bcd2-d583e6160441,lrow_4112de5a7b7d,annex_logical_row,EXTRACTED_FROM
9575bdb8-cefc-559e-bd76-704284c26b16,lrow_d51ee24c329e,annex_logical_row,EXTRACTED_FROM
0fd7efee-9843-5c81-b7f8-fac1ea5afefb,lrow_2de8e2eca593,annex_logical_row,EXTRACTED_FROM
6e7ea387-2ae2-5b74-8009-9844e7c2934a,lrow_39e2523c5c06,annex_logical_row,EXTRACTED_FROM
b109abf6-a099-583b-8460-215701924a19,lrow_c91d3ffc9a79,annex_logical_row,EXTRACTED_FROM
f6505069-cbf7-5022-bec3-54095fc5cbef,lrow_5562fbc57d61,annex_logical_row,EXTRACTED_FROM
f3fa398a-f256-52a5-b9ef-e39a44918338,lrow_2ce0302a25f5,annex_logical_row,EXTRACTED_FROM
f7a8452e-a0ad-53a8-a2be-4ea517b98b1b,lrow_7f68129137a9,annex_logical_row,EXTRACTED_FROM
6c8de6ce-7e53-523b-a9bb-4c1c08cfda15,lrow_1f21ea4dc6e3,annex_logical_row,EXTRACTED_FROM
4f9db483-759a-568d-bec0-572b2ab1da92,lrow_8c815e0e355a,annex_logical_row,EXTRACTED_FROM
867e879d-723f-5d49-b84f-1332cd637ffe,lrow_ec631d4a439e,annex_logical_row,EXTRACTED_FROM
a798956c-4c5b-5707-b2ea-43f042993d39,lrow_2a8dff265f45,annex_logical_row,EXTRACTED_FROM
8b9a4db3-b5ee-5cea-893f-dcaed0ab2616,lrow_b5213749960b,annex_logical_row,EXTRACTED_FROM
8fe5d6dc-4980-501a-b3a6-498544bc3382,lrow_4d38ec044f31,annex_logical_row,EXTRACTED_FROM
2a76369e-5d7a-525f-9e7a-bc6ed72f0655,lrow_3951d33df38c,annex_logical_row,EXTRACTED_FROM
8113117a-e119-5f7d-8400-1fe6628cbfc8,lrow_cf62639417f4,annex_logical_row,EXTRACTED_FROM
bec2257f-08c4-5a9f-8a19-96fe1f259bf1,lrow_e667cc4be224,annex_logical_row,EXTRACTED_FROM
413dd7d5-ad19-5598-a079-ef708f3e1601,lrow_a1bd264fa4fc,annex_logical_row,EXTRACTED_FROM
735f27d8-10e8-544d-b51b-f4bd0ec279e3,lrow_a7cda1891f1c,annex_logical_row,EXTRACTED_FROM
7283e01f-c730-5659-87f7-302d24e7defc,lrow_e0924da15aa3,annex_logical_row,EXTRACTED_FROM
9df4e0ab-ddc2-5fdc-8b62-d9e25b2dafa1,lrow_55cdfee0c25a,annex_logical_row,EXTRACTED_FROM
6f093915-21b0-5f9b-892c-d32528244018,lrow_684dd493bb02,annex_logical_row,EXTRACTED_FROM
ad92454e-8391-58d0-baf3-11808bd217c1,lrow_d7b8759ae51d,annex_logical_row,EXTRACTED_FROM
f3a91b52-b868-5f42-ac7f-61f804a28a78,lrow_69468984cc14,annex_logical_row,EXTRACTED_FROM
dbc6c3b5-af86-5014-9e2b-1b96b9f5f93a,lrow_d7d38558481e,annex_logical_row,EXTRACTED_FROM
38c1c6b3-0ab9-5c1e-aa5b-8e24655e8230,lrow_949e76c6913d,annex_logical_row,EXTRACTED_FROM
9f1153a3-b903-5814-92f2-bbc8ad59faef,lrow_acb50bb24ac3,annex_logical_row,EXTRACTED_FROM
4e65a6f7-1f23-5bce-95e4-40501cefa340,lrow_fcb24ed0ab4c,annex_logical_row,EXTRACTED_FROM
07d2f21c-a6df-5fe1-a2dc-702cf22f6da0,lrow_b940789c0f1d,annex_logical_row,EXTRACTED_FROM
a5df3ba9-3fdf-58b3-a22d-7fd66b588a58,lrow_5d85a363b5f2,annex_logical_row,EXTRACTED_FROM
81465ca0-25c3-5762-aac6-cb60f582ed0b,lrow_0e2d05fe7cbb,annex_logical_row,EXTRACTED_FROM
a2e8bc85-1836-541b-837a-89e1d9685f0d,lrow_86b6c6c477c8,annex_logical_row,EXTRACTED_FROM
fdba0afe-c4f2-5a4c-9369-3cb571e49e2b,lrow_abf8f03880b1,annex_logical_row,EXTRACTED_FROM
ba80d433-35ac-5c57-9888-456301731f11,lrow_077f97088194,annex_logical_row,EXTRACTED_FROM
2d1e54a5-016e-5032-943c-46177b171f36,lrow_fa9c948c916f,annex_logical_row,EXTRACTED_FROM
89d9b023-c6b5-5f14-b136-b87d6b5e38ba,lrow_0c60c162ee79,annex_logical_row,EXTRACTED_FROM
93c931dc-732a-589a-ba1d-21d47a7df65b,lrow_889801112e6e,annex_logical_row,EXTRACTED_FROM
1c088293-2603-5c27-8e64-067dc2e4a293,lrow_8bc0b3072015,annex_logical_row,EXTRACTED_FROM
219349b6-491f-5cc6-9b7d-7f19473a31e6,lrow_f597c98cd660,annex_logical_row,EXTRACTED_FROM
d6f5ef24-5c23-5e20-9ff1-d34d83439b20,lrow_d52c66a586db,annex_logical_row,EXTRACTED_FROM
6effb220-a066-5bc9-8eda-10c0e53db324,lrow_8a1d950e1738,annex_logical_row,EXTRACTED_FROM
5053c279-b2fc-5c11-a89a-0e5284f41dbc,lrow_b12f68b09258,annex_logical_row,EXTRACTED_FROM
e135fcb0-9045-5ef3-9f79-a0a9b5bba41b,lrow_e4eb19b89453,annex_logical_row,EXTRACTED_FROM
e9c3cc21-e1dc-5cc1-aa4d-a4a086962917,lrow_9e83ce5e15d8,annex_logical_row,EXTRACTED_FROM
bf202e64-17b1-5701-869e-b768266dcffc,lrow_c42e0f2d72b0,annex_logical_row,EXTRACTED_FROM
33021061-9749-5401-8b4f-3e55aa13780d,lrow_a91f1eed2ae1,annex_logical_row,EXTRACTED_FROM
0cf87631-5c4c-51b0-af06-56f581c7561e,lrow_777a6b2f785b,annex_logical_row,EXTRACTED_FROM
aab1137f-88af-5de8-ac99-8beb5cbdf775,lrow_35cc87a4ec98,annex_logical_row,EXTRACTED_FROM
20b54e58-580b-58b9-9641-51467ef64898,lrow_14d494764f78,annex_logical_row,EXTRACTED_FROM
68c32fc7-8885-5b8c-8d32-0460ad69e2a2,lrow_271809469b79,annex_logical_row,EXTRACTED_FROM
34e04d4f-8174-5a42-9465-0a53a61165f5,lrow_c4fa04103993,annex_logical_row,EXTRACTED_FROM
8c36a402-d83b-56c5-9652-0617b84b5395,lrow_b490a1ca040b,annex_logical_row,EXTRACTED_FROM
8b65f039-49d1-58c2-add7-5b6b78ec83d3,lrow_91d29b8d7b55,annex_logical_row,EXTRACTED_FROM
1fa5c5c3-8b2a-55d1-ae98-a95989a6fc74,lrow_5e85485f1def,annex_logical_row,EXTRACTED_FROM
ea764e6e-0aac-51ba-8c13-08f026dd40d3,lrow_e36e7b62fbfb,annex_logical_row,EXTRACTED_FROM
757cf241-ba58-500c-8302-0f21b2b311af,lrow_c974a8f2265f,annex_logical_row,EXTRACTED_FROM
28b96596-139f-5872-a2cd-6ad458e482ab,lrow_f9fe538424a0,annex_logical_row,EXTRACTED_FROM
864ace26-2044-5f72-b6d8-4d7b7a13eea2,lrow_0a6af7a85e90,annex_logical_row,EXTRACTED_FROM
7c65a09b-077f-5397-a7a5-5a27a9ee6980,lrow_bbedd25382bf,annex_logical_row,EXTRACTED_FROM
53d2d4a2-d493-50c6-a372-138f5c0b916e,lrow_a701af0bd8eb,annex_logical_row,EXTRACTED_FROM
7aefab06-724c-58aa-81e3-999d27e89d35,lrow_be153094e4c6,annex_logical_row,EXTRACTED_FROM
eef9aa3d-5517-5ff9-8909-fad7f754c1f1,lrow_963b9e884878,annex_logical_row,EXTRACTED_FROM
a585b47e-d61c-50e8-bb6e-fd8f847d390f,lrow_df3dc81453c4,annex_logical_row,EXTRACTED_FROM
b8c20c50-f077-5435-a982-bae2be6e15b1,lrow_094f83df21d5,annex_logical_row,EXTRACTED_FROM
67bac49d-7510-53cb-856b-2b5b44ab9af8,lrow_a43c7065b260,annex_logical_row,EXTRACTED_FROM
3476ce68-3364-5fd0-853f-4cb21c2d0af9,lrow_7500887e53c1,annex_logical_row,EXTRACTED_FROM
88d636cf-6855-5375-b4ff-25634abbf2ae,lrow_a11a4757c8fb,annex_logical_row,EXTRACTED_FROM
7d3a4021-7913-5829-af74-a7912e878652,lrow_2ce3e7f34215,annex_logical_row,EXTRACTED_FROM
699e37fc-322d-5c84-9975-6633396b9bfc,lrow_f821fc243a51,annex_logical_row,EXTRACTED_FROM
b65d2ac7-15d9-53aa-82b6-55d2969f6927,lrow_e876b070c2d4,annex_logical_row,EXTRACTED_FROM
813d86e1-ec1f-51a2-8f73-62a938d4014d,lrow_0747aabccbfa,annex_logical_row,EXTRACTED_FROM
35f56044-5617-5cea-b8a2-b8b7cf1ba7f2,lrow_104f63d3198e,annex_logical_row,EXTRACTED_FROM
5af340f4-f714-5831-9238-1fce763c51e4,lrow_3653cceb506f,annex_logical_row,EXTRACTED_FROM
bb808642-2b49-57c8-84cf-38794bb27297,lrow_a39e0fdd7da6,annex_logical_row,EXTRACTED_FROM
02fde073-8eb4-5b5d-aef0-4daf9c9c2573,lrow_b126b788779d,annex_logical_row,EXTRACTED_FROM
8edec093-1e4b-5c4d-becc-40a1103f69cd,lrow_0911a4417e21,annex_logical_row,EXTRACTED_FROM
a9fdea45-27b7-54c8-807a-7c47f05817c2,lrow_10ea9eb50a79,annex_logical_row,EXTRACTED_FROM
1e34cbc1-1305-5f0e-859c-a3eb3b0f3360,lrow_0399130d70ae,annex_logical_row,EXTRACTED_FROM
da292618-6998-5f0a-924d-991287872867,lrow_ece9c2c4a6b3,annex_logical_row,EXTRACTED_FROM
2cf7ed16-a9b9-5628-91f7-da63df35b098,lrow_33f2c9626ba9,annex_logical_row,EXTRACTED_FROM
608e8b21-3b5e-5844-a9ba-3c2c69fa6d09,lrow_c14b174cd780,annex_logical_row,EXTRACTED_FROM
3fdb4f65-106c-5936-babf-458896a7f97c,lrow_b14c73ca9a56,annex_logical_row,EXTRACTED_FROM
6adc4594-604f-5956-8531-744ad9c0c468,lrow_8d4f011d4f37,annex_logical_row,EXTRACTED_FROM
ef693eca-4766-5505-b472-d481cfce3b86,lrow_01ecf71cc56b,annex_logical_row,EXTRACTED_FROM
d086e5ff-ef95-53c9-a152-7759128a4e8b,lrow_ec59d257655c,annex_logical_row,EXTRACTED_FROM
47c61a32-952b-5293-8c24-1f6ec17f18c8,lrow_6323abea4322,annex_logical_row,EXTRACTED_FROM
ee79bd15-b7f1-53c5-97db-43ca9e8352e1,lrow_8b6b03f56496,annex_logical_row,EXTRACTED_FROM
dfa5b221-3f3d-5cb8-bc41-99af37322c8e,lrow_75477a65c2ab,annex_logical_row,EXTRACTED_FROM
07be1665-bb3f-506e-9159-8cb90409f720,lrow_5395f1a5bd7f,annex_logical_row,EXTRACTED_FROM
5d4ae852-8db5-5ec6-8162-88fbcc63f076,lrow_9e7fa24092c2,annex_logical_row,EXTRACTED_FROM
7c41e01e-b783-5312-813c-f96f3f1fd9c8,lrow_78996ff11a7a,annex_logical_row,EXTRACTED_FROM
8d7320f6-08da-516b-8a21-7c64b544e5ed,lrow_63f0c6b221c5,annex_logical_row,EXTRACTED_FROM
e800e0cf-71dc-5f51-bc2d-54a7d5e6753e,lrow_6e97a18a241c,annex_logical_row,EXTRACTED_FROM
8531f104-3714-5b1a-8ff3-57caf70b0e01,lrow_f1ab898a9772,annex_logical_row,EXTRACTED_FROM
ff1d6513-ab5d-5e35-bf43-171bbb65f1f7,lrow_526244992f93,annex_logical_row,EXTRACTED_FROM
3391a895-f911-59a4-b2e1-269da107f964,lrow_2b152a9a4c40,annex_logical_row,EXTRACTED_FROM
3badf728-e58b-5cd7-b10f-0c8a041fb7f8,lrow_f8946aac7f0d,annex_logical_row,EXTRACTED_FROM
5a6f41e0-f449-5a45-a270-d66be3909811,lrow_36b377856961,annex_logical_row,EXTRACTED_FROM
301404cf-8edd-587d-9524-213d0f41da2e,lrow_451722e94a26,annex_logical_row,EXTRACTED_FROM
b9f2182e-f7a5-5702-87e4-58980e4863bd,lrow_cecf46afe36b,annex_logical_row,EXTRACTED_FROM
60087eb7-cc2c-5a66-b556-b81ad51e4f33,lrow_7fa6678ad13b,annex_logical_row,EXTRACTED_FROM
6247e5ed-de3b-56f5-895c-51d00b5937ed,lrow_eaabb83f2266,annex_logical_row,EXTRACTED_FROM
0bdb1ebe-f2ff-5a13-990c-c5aa74bdda53,lrow_1c196777bc8b,annex_logical_row,EXTRACTED_FROM
e96380ae-9999-5ca7-9b5d-24803132b48b,lrow_b4ac7a5af45c,annex_logical_row,EXTRACTED_FROM
b2079c9c-20ab-56f1-8540-c51b04602d02,lrow_921a517178dc,annex_logical_row,EXTRACTED_FROM
6c03d2f7-6c7b-5019-a150-cba39c9311d9,lrow_1a74d070c5c1,annex_logical_row,EXTRACTED_FROM
5a163fba-b51c-5f93-abf4-7890bbc2344f,lrow_4a8d15c937e5,annex_logical_row,EXTRACTED_FROM
9816cfe6-f0c4-511b-a8ba-02cfa23b44ad,lrow_d7155347e58f,annex_logical_row,EXTRACTED_FROM
9b1cac8a-3b8d-5b28-a3f0-e419ce9fad25,lrow_c7ad591d18b8,annex_logical_row,EXTRACTED_FROM
dd89e2bc-c718-52d0-bf20-db67dcfd945e,lrow_bf1c4386df4f,annex_logical_row,EXTRACTED_FROM
ef595d44-93f7-5639-b9aa-cf9224194600,lrow_37c57c759e27,annex_logical_row,EXTRACTED_FROM
84665552-d7ba-5e36-b29a-9edd834f0394,lrow_0d6b60fefdc1,annex_logical_row,EXTRACTED_FROM
a83ea48e-927c-5507-815b-8a97ae2f1653,lrow_834f1151d714,annex_logical_row,EXTRACTED_FROM
5bc3a739-8fbf-50c8-bb46-6f50005a4ced,lrow_732c6d396f76,annex_logical_row,EXTRACTED_FROM
0b22294e-8715-5961-8042-1599dd341019,lrow_225d0f4f3d31,annex_logical_row,EXTRACTED_FROM
ac695aa0-c9c3-5317-8a9f-2d2bc164035d,lrow_de9f415e853c,annex_logical_row,EXTRACTED_FROM
3fca3d94-f4d5-5f8d-9b20-805621a40c2a,lrow_adc078499767,annex_logical_row,EXTRACTED_FROM
f7a714bb-c2dc-5027-a60e-f00a591eca02,lrow_3f177f76232f,annex_logical_row,EXTRACTED_FROM
85d6ac15-323e-5f92-adcb-f694cdc386de,lrow_33b051cc8b1c,annex_logical_row,EXTRACTED_FROM
4b23e358-b17e-566c-a542-c5bf093a2b93,lrow_0df4bc91ed3f,annex_logical_row,EXTRACTED_FROM
225f28df-60fe-538d-8f7f-8fb72f63e3d1,lrow_8e9db48c91c7,annex_logical_row,EXTRACTED_FROM
0b69e023-8296-5b63-ac05-4953fbb089ac,lrow_0199bfad764a,annex_logical_row,EXTRACTED_FROM
bc54212d-e5eb-52a7-a8e1-5b6f15aceed2,lrow_bff983f09d79,annex_logical_row,EXTRACTED_FROM
33c71efa-b159-52aa-8f1c-7164766c36f1,lrow_fc53ff338584,annex_logical_row,EXTRACTED_FROM
d475c645-03d4-5d74-8264-a3d6862e3935,lrow_464fa5d8e102,annex_logical_row,EXTRACTED_FROM
17538710-664b-5cf6-8a81-008d9693c3b3,lrow_1b8c4ba617d6,annex_logical_row,EXTRACTED_FROM
63eed5c5-6903-53a0-b214-15fe233b9971,lrow_e2e81f9c2b63,annex_logical_row,EXTRACTED_FROM
76c21c20-7612-59c3-8c0b-74abe9fcdf55,lrow_a14848aa0e0a,annex_logical_row,EXTRACTED_FROM
97c13b1e-9057-5d1f-af92-0cd09cd9019f,lrow_39ec86e81564,annex_logical_row,EXTRACTED_FROM
0e147668-d834-5273-a27b-add3af725855,lrow_021f0f6a5388,annex_logical_row,EXTRACTED_FROM
b665a2e7-3db2-521d-b612-694c3740621e,lrow_06b09ce794b8,annex_logical_row,EXTRACTED_FROM
f35bef8e-cbe1-5fe3-b1eb-1f9aa7353042,lrow_3052a5a6bf02,annex_logical_row,EXTRACTED_FROM
378deebc-c2a0-5d13-86e0-52c73c3c4cbf,lrow_b15a9f672312,annex_logical_row,EXTRACTED_FROM
0163ebdd-4c18-51be-83d1-947e3cce9a58,lrow_bcc968d3bcf0,annex_logical_row,EXTRACTED_FROM
8d361ce7-d7dc-5b75-9ae4-8201880aace4,lrow_36ef3b33fb29,annex_logical_row,EXTRACTED_FROM
bb88b5e2-3e42-5b33-9ba0-c3903a69ef0f,lrow_a340ccca2ce2,annex_logical_row,EXTRACTED_FROM
aaa4d5ac-2e33-5352-8fb8-b2c52ea2ed01,lrow_2e8edf994738,annex_logical_row,EXTRACTED_FROM
69cdea3c-83bd-5ca0-90d4-f843a95e62b0,lrow_ccc0e79bd801,annex_logical_row,EXTRACTED_FROM
ea2566b1-0191-5caa-8679-a140159b93cf,lrow_784a3dd08714,annex_logical_row,EXTRACTED_FROM
71380c6e-f9d4-55b5-9f5b-0e82e8173317,lrow_96e3a2277819,annex_logical_row,EXTRACTED_FROM
a0b80628-500a-5fd5-83a9-3512eef1c333,lrow_5b509726742f,annex_logical_row,EXTRACTED_FROM
402d163b-388a-5f03-b498-a815f65529f5,lrow_7219a54f3e87,annex_logical_row,EXTRACTED_FROM
bfa4ca8a-3ed6-5b66-bafe-d4912c7f6f6a,lrow_62a3e757c510,annex_logical_row,EXTRACTED_FROM
c5b1fddd-182d-567f-9b3a-68c635c62c07,lrow_245d02223935,annex_logical_row,EXTRACTED_FROM
7e4bd4b4-3b90-5f8c-a8d5-4d03d573bdf8,lrow_7d7fd8e4423f,annex_logical_row,EXTRACTED_FROM
fdc6c30c-713b-5f5c-bb23-17ce897f79f3,lrow_db32d388fff9,annex_logical_row,EXTRACTED_FROM
26e2b28e-0ec7-5c38-8d92-57831fb6682f,lrow_48bf2200289c,annex_logical_row,EXTRACTED_FROM
8497cefb-c737-500a-b421-0159cbc35c89,lrow_d3feeba7aff5,annex_logical_row,EXTRACTED_FROM
20cb8a5d-6e9b-514c-9929-fc35ffa9aa38,lrow_b2ed5c0adfd7,annex_logical_row,EXTRACTED_FROM
ff820a0c-d482-5dfb-8507-8ae3f6922d6d,lrow_1cf5178830b3,annex_logical_row,EXTRACTED_FROM
8cc23f81-4ed3-5417-a148-1c85768a51ac,lrow_f5a53f172ed2,annex_logical_row,EXTRACTED_FROM
6c1c32db-75de-5d6e-86f7-bc1cee9829ea,lrow_ccb612c9c808,annex_logical_row,EXTRACTED_FROM
5619e279-8971-5595-a2ad-1482da41b90f,lrow_5d62d2d3e2d9,annex_logical_row,EXTRACTED_FROM
dc9b9ceb-c0c6-5eb9-a596-ff4c29d1a78e,lrow_be1dbd41e505,annex_logical_row,EXTRACTED_FROM
cc22c6d9-92f4-5615-b6f5-3614fe8c62aa,lrow_4df16b74530d,annex_logical_row,EXTRACTED_FROM
e53ad164-7e38-56b4-b655-9966af30797b,lrow_4f6992492b72,annex_logical_row,EXTRACTED_FROM
c1747b82-10cc-53d9-8f9d-23daa8a7a4a1,lrow_f50a7a694449,annex_logical_row,EXTRACTED_FROM
66db21aa-02a5-58eb-8d75-4ebae2f4f71f,lrow_4bcd94bde6dc,annex_logical_row,EXTRACTED_FROM
bbee6ecc-1cb5-5158-acd0-78178ffa2488,lrow_b9af1bca25b5,annex_logical_row,EXTRACTED_FROM
163207e6-2111-5148-8861-3ae9d37c6230,lrow_ca90e792f55a,annex_logical_row,EXTRACTED_FROM
05ecbfc3-58b6-5ce4-8d80-19e2a7ede419,lrow_c8e74d7daf53,annex_logical_row,EXTRACTED_FROM
c8c56184-fca1-5dc6-87f7-3b30239011da,lrow_b20739460d43,annex_logical_row,EXTRACTED_FROM
b071e2d1-0423-528d-adb8-e2857a32408a,lrow_6b580471cad2,annex_logical_row,EXTRACTED_FROM
84df07ea-c26a-5d46-a7e9-8416399fba15,lrow_54a3e2151c68,annex_logical_row,EXTRACTED_FROM
9547fc41-d136-546d-bf2c-ebee2396e5e7,lrow_020510eeedac,annex_logical_row,EXTRACTED_FROM
c8b46b68-504b-538e-aaab-6c302842eb25,lrow_fbc48cf10e5a,annex_logical_row,EXTRACTED_FROM
e59a36bb-1854-588e-b866-130fb2d332b1,lrow_3d3f7548df1d,annex_logical_row,EXTRACTED_FROM
6f09dc40-4b2d-59ca-891d-fe3fd10030b1,lrow_527d61450735,annex_logical_row,EXTRACTED_FROM
8f07dd48-7efa-5133-8815-4ace79851abe,lrow_71cd2034356c,annex_logical_row,EXTRACTED_FROM
ca64b91f-66ae-542f-80cf-acd867183bcf,lrow_ab23b60c5050,annex_logical_row,EXTRACTED_FROM
d9752959-949b-5525-b605-cc270da470b3,lrow_87e85d32ee2b,annex_logical_row,EXTRACTED_FROM
0e6971da-b6cb-5c3f-98ac-8841df6c6f45,lrow_e87f9fca7632,annex_logical_row,EXTRACTED_FROM
d35926aa-6510-5c7b-b703-2ccd2d67e641,lrow_4fa09edd1009,annex_logical_row,EXTRACTED_FROM
a36f6f48-f490-5cfc-a9ec-35ad2114c535,lrow_de7f6ac65d9b,annex_logical_row,EXTRACTED_FROM
a38a48db-bf24-5eb1-a625-8a0bb4831fb0,lrow_33937feb3b58,annex_logical_row,EXTRACTED_FROM
7bd40591-0c23-5e84-8df0-aa26dbca30b0,lrow_5dad8551c6dc,annex_logical_row,EXTRACTED_FROM
686ff709-a6e4-5e82-8e17-44ae9bc91db9,lrow_40d37d2b1180,annex_logical_row,EXTRACTED_FROM
773df813-50c8-5cbb-9c93-abdb92eb0f69,lrow_8277a7a4b283,annex_logical_row,EXTRACTED_FROM
744af0b2-6510-5c04-a595-dc81ef91079c,lrow_519d90ebfcda,annex_logical_row,EXTRACTED_FROM
8fd238e3-a7bd-5506-87d7-520f5614a90f,lrow_467619d9810d,annex_logical_row,EXTRACTED_FROM
5017c0f7-d892-5094-986f-0077205cf5ed,lrow_06fce403f4e4,annex_logical_row,EXTRACTED_FROM
d1d5acc5-33aa-51e0-a9ff-0db8b4ecb05d,lrow_9480d7fb9b2e,annex_logical_row,EXTRACTED_FROM
c1eee266-1d36-5ff2-b8ef-b0d0c20760e6,lrow_36895e953b7b,annex_logical_row,EXTRACTED_FROM
78cc3887-e301-5cba-8c0f-4c493374a6fc,lrow_bd8f2f70670b,annex_logical_row,EXTRACTED_FROM
55311756-fedf-50b9-9e50-991fd3c88573,lrow_cf902a995b53,annex_logical_row,EXTRACTED_FROM
30312d94-2413-5dfd-966b-e0f39faa758c,lrow_ca67fdc5afe5,annex_logical_row,EXTRACTED_FROM
505f9f46-260a-5063-ae2f-b94fc669a6b8,lrow_732d1c3b34db,annex_logical_row,EXTRACTED_FROM
00f8e5a0-7d74-5825-869d-de646369b46a,lrow_860214873f08,annex_logical_row,EXTRACTED_FROM
e4030b68-0092-5b4b-a019-097d86f883bc,lrow_afc8aa0ddd19,annex_logical_row,EXTRACTED_FROM
60740ec2-fb86-593e-9260-11f4347c8a63,lrow_267225e9b0a3,annex_logical_row,EXTRACTED_FROM
112dae8b-b941-59ef-9d85-a2d766b14f32,lrow_88986ac1f893,annex_logical_row,EXTRACTED_FROM
93bb8dbb-d20a-5b78-99fb-e45ea78b748f,lrow_86caec7bd43c,annex_logical_row,EXTRACTED_FROM
5e8cabb2-e065-50b0-8310-18d1805257f1,lrow_cc9c9a37f39f,annex_logical_row,EXTRACTED_FROM
1b3360c4-1f28-53f5-b5b3-62dbeb1beb5b,lrow_3a7a382efee6,annex_logical_row,EXTRACTED_FROM
85802d0d-d6c6-58ef-a18b-4768c770c3f0,lrow_1c118728bd45,annex_logical_row,EXTRACTED_FROM
0047e8f5-ab7e-5c27-b709-3d35f9aa713e,lrow_cd7f37c9ac97,annex_logical_row,EXTRACTED_FROM
d1565776-fc26-5f8d-974a-415b653b945f,lrow_a8ee423977c3,annex_logical_row,EXTRACTED_FROM
af24cb74-b2cd-5a42-9ca5-900d2e783c51,lrow_97553614e130,annex_logical_row,EXTRACTED_FROM
c9463f4f-548b-5524-8066-e97ef3a29edc,lrow_d20ac6b64074,annex_logical_row,EXTRACTED_FROM
a32fec71-9f51-5076-9dd6-f47d01489789,lrow_545b308c9965,annex_logical_row,EXTRACTED_FROM
525f93e1-5b4a-5979-a468-bc24917fb5a4,lrow_d919fbc27e2c,annex_logical_row,EXTRACTED_FROM
9ba17751-c2de-516e-9a84-639443e90d43,lrow_5c9ab203a7bd,annex_logical_row,EXTRACTED_FROM
ddbcba2b-ee06-55a3-9f69-8f3588bdfa24,lrow_e924cfe878d0,annex_logical_row,EXTRACTED_FROM
b2899426-d548-5c90-b1d1-cc6b94f7ee0f,lrow_175d484006f7,annex_logical_row,EXTRACTED_FROM
21337832-007b-5079-8da0-a4efa52e3e44,lrow_7a5ec1ecca5f,annex_logical_row,EXTRACTED_FROM
e324a526-bbd9-5a4f-a233-d06af5e86ca7,lrow_be66f86e6b2e,annex_logical_row,EXTRACTED_FROM
a6f61af0-30e6-54b1-a92c-ea8a0c48c9f8,lrow_f020162b050b,annex_logical_row,EXTRACTED_FROM
fc36172d-a48f-56c1-88e1-a1a9fb7d1cb7,lrow_e6f35715d83e,annex_logical_row,EXTRACTED_FROM
ecf5a7b6-3996-5685-9b57-ba9217e55149,lrow_f3ba88513a92,annex_logical_row,EXTRACTED_FROM
3b630b5c-3e7d-5d57-9380-94f3638d756d,lrow_9d82fadc0ae9,annex_logical_row,EXTRACTED_FROM
3e75aee4-9304-5bbe-88e6-db54c09611f1,lrow_150b708d483a,annex_logical_row,EXTRACTED_FROM
531088fd-5077-5b6c-90ee-754125e1493b,lrow_7675b44aff8a,annex_logical_row,EXTRACTED_FROM
00625db6-48af-54cf-82f8-c9752ac005ae,lrow_962f78d4f178,annex_logical_row,EXTRACTED_FROM
67ec4b77-9495-5666-8610-5e0ffd73a22f,lrow_a52e175601aa,annex_logical_row,EXTRACTED_FROM
6dc7cf29-02a5-5c14-89b7-2b16ec111b34,lrow_7d2700801881,annex_logical_row,EXTRACTED_FROM
03a14279-55e5-5287-9477-5859b07fbca5,lrow_5b78bb658835,annex_logical_row,EXTRACTED_FROM
29461a1a-4fb0-53b7-a990-4f8d7b367a2f,lrow_c6d31e18067c,annex_logical_row,EXTRACTED_FROM
9fd1f4fd-a29b-5c7d-b8be-f2165c336fee,lrow_e0b380feb357,annex_logical_row,EXTRACTED_FROM
f31c3e69-cbbc-52a2-8458-e451ce7a9fbc,lrow_13fa176c1784,annex_logical_row,EXTRACTED_FROM
ff237e81-5218-547f-a7d5-5e5a76422816,lrow_ac8d107c05d2,annex_logical_row,EXTRACTED_FROM
7df2711d-f928-570d-8886-241f0c256aea,lrow_43a99ffaa30f,annex_logical_row,EXTRACTED_FROM
1ec53010-eb42-5368-afe0-1e26e10c6a12,lrow_31af92c4d967,annex_logical_row,EXTRACTED_FROM
4d759204-403d-5b3e-9322-0ce7ae28bd2f,lrow_49f389410657,annex_logical_row,EXTRACTED_FROM
b500103d-ad6a-556b-8a12-a3d6e002cc2a,lrow_1fa54f25551a,annex_logical_row,EXTRACTED_FROM
c50b8b87-b279-596f-9214-4864e39ea14d,lrow_c46de2c67077,annex_logical_row,EXTRACTED_FROM
51f50642-6854-53d0-861d-c49de5e87e3e,lrow_1f49e2d62854,annex_logical_row,EXTRACTED_FROM
eae91cf1-fe9c-52ab-a936-2447770751db,lrow_2485abae3c4a,annex_logical_row,EXTRACTED_FROM
dcb669f6-5004-59be-a75b-f6bc9d6726a4,lrow_16a51afe86af,annex_logical_row,EXTRACTED_FROM
e8d99420-3d7d-592b-ae37-5e801291b850,lrow_3f8e4b0ccd7b,annex_logical_row,EXTRACTED_FROM
802cb146-c934-5ae0-b4fe-2b9dcaac56a1,lrow_6f3dbfb97776,annex_logical_row,EXTRACTED_FROM
9ef176d8-7cb8-5223-b53c-1395807be34e,lrow_7df95fc50fbd,annex_logical_row,EXTRACTED_FROM
7d20846f-378b-5807-a508-505cdef70041,lrow_f98b217c687e,annex_logical_row,EXTRACTED_FROM
9ce04955-5ee7-56a7-9eeb-f95bcff837dd,lrow_d1cc7631d5f1,annex_logical_row,EXTRACTED_FROM
32c6ecda-582c-5806-8015-f7083f698457,lrow_fb30a3899b3e,annex_logical_row,EXTRACTED_FROM
c171d7f1-98b8-5c2c-a3f5-8e99c412855d,lrow_005c866d5584,annex_logical_row,EXTRACTED_FROM
b61b6fe7-4b11-5c09-ad0b-97a330e3eae2,lrow_57ec1c6128fb,annex_logical_row,EXTRACTED_FROM
68f03fb2-d339-5073-b7bf-215f8b0cb3ad,lrow_d521b2573b5c,annex_logical_row,EXTRACTED_FROM
f9010548-8faa-5be0-b9c7-4ade0013f848,lrow_ff61b576adb9,annex_logical_row,EXTRACTED_FROM
4e005fb9-8dbe-56c0-8ffc-62fef16887eb,lrow_97b2306fc079,annex_logical_row,EXTRACTED_FROM
e74dcf54-9017-5586-a6d8-d796c3ce15b9,lrow_fdc9b5474536,annex_logical_row,EXTRACTED_FROM
cd8f938c-0e07-543b-ba1d-0faeb7058d3d,lrow_98ff8eba9bad,annex_logical_row,EXTRACTED_FROM
ef97acd7-9612-5cf1-a730-ce719ad73364,lrow_4d31ad694f83,annex_logical_row,EXTRACTED_FROM
bec69747-80e8-59d6-b165-bb11a3fef32d,lrow_2b370c4626d3,annex_logical_row,EXTRACTED_FROM
6a9f0696-228c-5698-937a-81b510b4622f,lrow_65fc836cabf8,annex_logical_row,EXTRACTED_FROM
11c8923a-6b97-5e24-9141-b2e0e7ab2b14,lrow_2362f14ca926,annex_logical_row,EXTRACTED_FROM
4c658e45-b64c-5bb4-bd2c-ec6a2a7fa87b,lrow_ef51c20f24d0,annex_logical_row,EXTRACTED_FROM
5d554de7-04e3-515d-aeaf-93b59710792f,lrow_a91a88a183d9,annex_logical_row,EXTRACTED_FROM
52589823-6b2f-51a6-9cf9-9edd5bf59d09,lrow_2cf4c54bb109,annex_logical_row,EXTRACTED_FROM
ec0800c7-42ba-5e84-bd24-d24443b5414d,lrow_c41039d954cc,annex_logical_row,EXTRACTED_FROM
175b052b-a74f-5c51-b21b-5bbf49880562,lrow_9577780d2c36,annex_logical_row,EXTRACTED_FROM
93a1e397-2b76-555d-8c5f-6a8b4ece7d64,lrow_a403500a199f,annex_logical_row,EXTRACTED_FROM
b44a05e5-b62e-5250-8e34-f44adefdb5aa,lrow_37674049a85f,annex_logical_row,EXTRACTED_FROM
1baf64d5-3aa8-5ae9-b887-18042dd070a8,lrow_f1dc16b2d8c7,annex_logical_row,EXTRACTED_FROM
4cf76e48-3f63-53fb-9908-b27d0ad3aede,lrow_786e5b70d792,annex_logical_row,EXTRACTED_FROM
03e4b94c-9ac7-5cd4-a76f-57262078ec11,lrow_a39f0b82fbea,annex_logical_row,EXTRACTED_FROM
70d29e0f-cc3f-5e0b-8d16-34b77c4cf7d7,lrow_a71a7dfc6b86,annex_logical_row,EXTRACTED_FROM
30e166a0-0db8-5923-8fa9-1b599b58763a,lrow_766820eea8a9,annex_logical_row,EXTRACTED_FROM
5c8db530-4ed4-52f3-b966-fbece5558b70,lrow_c9aa63d906d5,annex_logical_row,EXTRACTED_FROM
ecf6cbd9-251e-5266-972d-ffe28bd29eb0,lrow_96c73c93ab62,annex_logical_row,EXTRACTED_FROM
69ece902-fe76-5ee1-b9d0-2d58b0e80c63,lrow_c6e4049ebf9c,annex_logical_row,EXTRACTED_FROM
8a107668-521d-5953-914a-035be7ec05ea,lrow_24f057f06b57,annex_logical_row,EXTRACTED_FROM
0e1bb16d-3f49-5a73-8356-a3c1e64a7b59,lrow_49f3421549c2,annex_logical_row,EXTRACTED_FROM
98e5d91f-696c-5e6c-9fed-2d99a60ed678,lrow_dd9c06fed6c0,annex_logical_row,EXTRACTED_FROM
44424b60-cf2e-518b-9146-b1602dc00170,lrow_2e19696c1788,annex_logical_row,EXTRACTED_FROM
d95a6a11-1d15-5e58-ac85-2d8b92917ee6,lrow_4e6778aa921b,annex_logical_row,EXTRACTED_FROM
e0dd0db6-2e9c-519d-a21d-9a3a4648584a,lrow_ef12c9234afb,annex_logical_row,EXTRACTED_FROM
c327ee87-c7c2-5a83-9ce9-414cd699bba9,lrow_55326e848571,annex_logical_row,EXTRACTED_FROM
e850330a-cfa1-5076-8126-108add0a1773,lrow_58b8f2e2a445,annex_logical_row,EXTRACTED_FROM
18952f40-15ef-551b-b438-a7f49d6fd89a,lrow_c46f98414764,annex_logical_row,EXTRACTED_FROM
a0e59ec2-bd2b-5bae-a45c-8b5acb62c6df,lrow_41b75d09dccb,annex_logical_row,EXTRACTED_FROM
e8bfb637-dbe9-5766-aedc-d0369bb047b7,lrow_2e207e270440,annex_logical_row,EXTRACTED_FROM
c819054c-5d65-57ab-8096-a0e7ff7f2467,lrow_3e37e7129ea7,annex_logical_row,EXTRACTED_FROM
6cb419ce-df60-5afb-ae89-28a400cf4977,lrow_8beb3ff7839f,annex_logical_row,EXTRACTED_FROM
1156e581-c1f1-57bc-a5db-a3e992d95ca7,lrow_79b2ded78a99,annex_logical_row,EXTRACTED_FROM
b0d72904-4aa1-5edc-b0fe-2dca21516549,lrow_cea853e26ac4,annex_logical_row,EXTRACTED_FROM
0fcf859c-9f27-525d-a032-44672fda14be,lrow_2bd81cebf2c0,annex_logical_row,EXTRACTED_FROM
d1b9a6c6-531e-529c-a9f9-a827460cb122,lrow_8bdf4877a134,annex_logical_row,EXTRACTED_FROM
539668c0-68ad-5fb5-adf8-2025ef567f52,lrow_f7b9e3f6e0ca,annex_logical_row,EXTRACTED_FROM
d459abea-9c0a-543e-bfe8-ba5efcb6dd6d,lrow_ffab72558b55,annex_logical_row,EXTRACTED_FROM
c904f7bb-14f0-56b2-85e9-3c4a601e4e4b,lrow_592cfc607ce6,annex_logical_row,EXTRACTED_FROM
976f9b63-e412-54f8-ace3-08913c66a481,lrow_0e2b8e1b4695,annex_logical_row,EXTRACTED_FROM
5cc2d997-1f72-58b4-a791-6430d2a46c23,lrow_c8ca367e81a8,annex_logical_row,EXTRACTED_FROM
c676568e-3343-5d92-a19b-97da73999a9a,lrow_d8e5cf5ec4d1,annex_logical_row,EXTRACTED_FROM
cd3c61ab-7a33-5d24-9a10-e023371d9497,lrow_4e520b9c2669,annex_logical_row,EXTRACTED_FROM
27284fdf-b02d-5966-849b-702d8bc107ab,lrow_119672c77fcc,annex_logical_row,EXTRACTED_FROM
470883c2-8611-5935-b8e1-9e48e0f79128,lrow_eec0bb02f73c,annex_logical_row,EXTRACTED_FROM
134c18af-5f55-5fea-bf56-d949eed8aacf,lrow_d94cf6f2a63e,annex_logical_row,EXTRACTED_FROM
8d66a794-4244-5e2e-aa48-770ce564dad6,lrow_91373d1a8b5c,annex_logical_row,EXTRACTED_FROM
50228e1f-9771-5ce1-90cd-1e596222aee3,lrow_82a554aa3337,annex_logical_row,EXTRACTED_FROM
e05c0977-92e2-55a8-88b6-11012d8941b2,lrow_18a5bc6dcf77,annex_logical_row,EXTRACTED_FROM
535d5374-0b45-503f-b219-b027b68e41d8,lrow_a3dd4e7402b9,annex_logical_row,EXTRACTED_FROM
253e1774-082b-5e59-b10a-50523675878b,lrow_f0024f165afa,annex_logical_row,EXTRACTED_FROM
a55986c7-162d-5309-a4c1-a40ac36a23d9,lrow_ae7bb11f4d64,annex_logical_row,EXTRACTED_FROM
ae51008e-ec08-50b6-b36b-c23a9635cfcc,lrow_c4807a751ece,annex_logical_row,EXTRACTED_FROM
7bf95fb4-2d1e-5ac6-ba2c-6dbfdcabce4a,lrow_91591b03d8b4,annex_logical_row,EXTRACTED_FROM
d05dbe90-b9d2-5bcb-ad5c-4c55808c39f6,lrow_48ada1f1f5f8,annex_logical_row,EXTRACTED_FROM
a27fc0e0-959e-5b5d-a71d-9a42f63d5327,lrow_294fd4891b6d,annex_logical_row,EXTRACTED_FROM
ad86ae2c-cc96-5af4-8004-ee58f30cf659,lrow_2b03ce9b93f4,annex_logical_row,EXTRACTED_FROM
dc905c85-3548-5297-af86-3a632ed3bb71,lrow_01f035f8691a,annex_logical_row,EXTRACTED_FROM
ee2ad209-204a-5e8b-97c9-fa5bd37376fd,lrow_5d0afd309145,annex_logical_row,EXTRACTED_FROM
9b77cdf2-a864-59bd-bf47-69e5eabed107,lrow_0ea3e6078977,annex_logical_row,EXTRACTED_FROM
b9bb70a4-03f8-5096-a111-b893e92615f2,lrow_0038d445ff46,annex_logical_row,EXTRACTED_FROM
0303e73b-6626-57c2-ab59-c134247c3455,lrow_f16aa819177b,annex_logical_row,EXTRACTED_FROM
a5f57764-f2f6-5556-9622-43a2079a3986,lrow_9d2d68b628ca,annex_logical_row,EXTRACTED_FROM
94b1c1c7-a4cf-5bad-94a4-1047b1a03c2d,lrow_88ace2d7d808,annex_logical_row,EXTRACTED_FROM
b2cfb0e2-8b93-523d-b9e6-84ecfffb5810,lrow_5fe85e46a729,annex_logical_row,EXTRACTED_FROM
33562c2a-86bb-5f83-842a-bddc67d703cd,lrow_5d4d2cdc4e55,annex_logical_row,EXTRACTED_FROM
5a814743-b870-530e-a361-a25d4135c5a5,lrow_73ee11281836,annex_logical_row,EXTRACTED_FROM
6a287415-2d78-5d5a-af2b-e62846f2e92c,lrow_0926c64d75a5,annex_logical_row,EXTRACTED_FROM
340bb122-b61e-5ce7-b55a-b10eca8267e0,lrow_4c2ca7dbbad3,annex_logical_row,EXTRACTED_FROM
1157adf8-152d-5b06-8fc1-a2b1bf1dab66,lrow_447978968c34,annex_logical_row,EXTRACTED_FROM
3a0751d1-e066-5188-987f-bfd721b80b2d,lrow_609b4b1c34c7,annex_logical_row,EXTRACTED_FROM
e313046b-360e-5049-9c49-689f5ce3eceb,lrow_83a7b6c46eb0,annex_logical_row,EXTRACTED_FROM
04130240-7a78-55b3-95bd-8a2d04cff8ef,lrow_0dc7aca103ee,annex_logical_row,EXTRACTED_FROM
50a64489-bc3c-5b31-a76d-c87ce6425a1c,lrow_d7e9fff05532,annex_logical_row,EXTRACTED_FROM
3643fd3a-4e11-5f3c-963e-2e631de80537,lrow_2152e83d98d6,annex_logical_row,EXTRACTED_FROM
fa6c813a-54b6-5b75-8eb5-89899031c5c4,lrow_78a9dbf22497,annex_logical_row,EXTRACTED_FROM
eb860127-2254-5ada-bcf0-10504f54bb6b,lrow_2e8a7971a889,annex_logical_row,EXTRACTED_FROM
7cbdb06c-cca7-5ed8-92e4-ad22d761a852,lrow_30f075b594ae,annex_logical_row,EXTRACTED_FROM
539f2dbb-dada-518f-a9d5-7607c8b90a26,lrow_0c84d4f80f82,annex_logical_row,EXTRACTED_FROM
8d57620b-e22e-5b43-8ad9-2a41c460d9e2,lrow_150702017b4d,annex_logical_row,EXTRACTED_FROM
e1ce236e-742a-5ade-9e86-a7a7ff583cfe,lrow_9d0b87496941,annex_logical_row,EXTRACTED_FROM
c22a2108-95df-521f-970b-502c714d7afc,lrow_d8e2cb279aa4,annex_logical_row,EXTRACTED_FROM
a2cd541a-80ab-5dbc-8081-f981ccc99b9c,lrow_2953d8ac0032,annex_logical_row,EXTRACTED_FROM
fc5981c8-618b-573f-ac9f-747b5fd40b97,lrow_ac49d2bd9f21,annex_logical_row,EXTRACTED_FROM
0b30218a-f96e-50ad-a8b9-131449550b53,lrow_22df3ece367a,annex_logical_row,EXTRACTED_FROM
647d83f9-6373-596d-9f98-c4310f25cb49,lrow_d9a8ee3e5f4f,annex_logical_row,EXTRACTED_FROM
fd75e34d-ca52-54c5-9223-5b71a92e82ea,lrow_fe3b7a3fe78e,annex_logical_row,EXTRACTED_FROM
003741bb-e036-5c80-9f01-7f7d2ff5e5f5,lrow_cd582623b0b5,annex_logical_row,EXTRACTED_FROM
89f4f6be-08f1-5c67-8d41-df8ae7f50bcf,lrow_5128a3204d3b,annex_logical_row,EXTRACTED_FROM
261df9bd-0f0a-561b-810e-702ddd68559c,lrow_efa7c6d3be27,annex_logical_row,EXTRACTED_FROM
24a465da-ada8-5730-94fe-f0000b3037dc,lrow_a87656efcd45,annex_logical_row,EXTRACTED_FROM
1c0c0bff-7398-53d5-8494-9afabf7e66d3,lrow_100ee14dfbeb,annex_logical_row,EXTRACTED_FROM
00224649-bef4-5175-89a5-f25a29a3fc74,lrow_6fe7e6110407,annex_logical_row,EXTRACTED_FROM
9f1c2f93-b5b2-54d9-8853-368c0650f8de,lrow_8f8ba28a34c5,annex_logical_row,EXTRACTED_FROM
2bda9243-c7f0-5f52-8a7c-eb257222e506,lrow_b34b3191d956,annex_logical_row,EXTRACTED_FROM
1fb78cec-86c5-5d80-9d8a-08e780ff54c9,lrow_b8f65c833f4f,annex_logical_row,EXTRACTED_FROM
a7ae03e8-a67f-583f-9419-3c63ba9e7bb3,lrow_b8dcb01f65d1,annex_logical_row,EXTRACTED_FROM
f42ffdd2-3e25-5e6e-b29c-5b9fe6bd7c34,lrow_fcb445fbdebb,annex_logical_row,EXTRACTED_FROM
97702ce9-c12b-5fb7-858a-fb9b9b6f6977,lrow_95beb40d1db0,annex_logical_row,EXTRACTED_FROM
b4a6e97c-526f-595f-bd63-728d94b4c094,lrow_635fb05d2746,annex_logical_row,EXTRACTED_FROM
583a60a6-1b37-5fa7-a50d-f9e445a59cbe,lrow_1ffc71a24b14,annex_logical_row,EXTRACTED_FROM
99b6d516-af6e-56a6-a7c1-0bae5b8ad6e0,lrow_f8c5613fc7e0,annex_logical_row,EXTRACTED_FROM
46197b17-0791-5851-86a6-2e37cebb3406,lrow_307b783be6ca,annex_logical_row,EXTRACTED_FROM
67180c72-577a-5a78-bc4b-5f272c874204,lrow_7096318a506e,annex_logical_row,EXTRACTED_FROM
2eeb0022-9878-5d1b-b823-a586402c5bdc,lrow_61ffe0b35805,annex_logical_row,EXTRACTED_FROM
783c78ab-7640-506f-88a4-4eda5033473b,lrow_71533734a4b2,annex_logical_row,EXTRACTED_FROM
60f73cfb-60cc-59f1-9cb6-5b6d7dee8174,lrow_85d6b6ca2cc5,annex_logical_row,EXTRACTED_FROM
bab1ea55-56bf-50db-83e9-1321456f3afe,lrow_81cce54b984a,annex_logical_row,EXTRACTED_FROM
5ece1645-806e-5820-a242-01cb400fafbe,lrow_2fea84aeeccc,annex_logical_row,EXTRACTED_FROM
225b0bbd-fc73-5421-93e0-5db3d21a2f08,lrow_56d9231f1258,annex_logical_row,EXTRACTED_FROM
0e25792e-2681-5677-9fc7-882e2448af24,lrow_04db0550711d,annex_logical_row,EXTRACTED_FROM
0b7f8aa1-9107-5559-9159-96a66eb57caa,lrow_488732ccc685,annex_logical_row,EXTRACTED_FROM
5b56a651-1826-5385-b9dc-d40bb7e0742b,lrow_db8914fc355e,annex_logical_row,EXTRACTED_FROM
3ecb07ea-2de0-5b4d-8c0a-ab14ec430344,lrow_6744cec6d4d3,annex_logical_row,EXTRACTED_FROM
87519c78-9089-50dc-8642-c9083b88fb7c,lrow_15dac638b392,annex_logical_row,EXTRACTED_FROM
c60a02dd-436d-527c-85c3-5a1e2d6a55df,lrow_4dba826b567a,annex_logical_row,EXTRACTED_FROM
bcbe75ec-fb27-557a-865c-b4e8ad269f24,lrow_0883bd7b8b1e,annex_logical_row,EXTRACTED_FROM
8dc03da9-9d2b-5b17-81b4-6a15c1f634b5,lrow_4c211cb8ecc2,annex_logical_row,EXTRACTED_FROM
f52326db-b574-58be-945b-e6086b28f444,lrow_3e0712874462,annex_logical_row,EXTRACTED_FROM
72a557b9-54b1-57f5-91da-5f865a1e5bd5,lrow_55cbdb1e7fe5,annex_logical_row,EXTRACTED_FROM
f023b0f5-9f53-5a03-9433-1d3a542c0083,lrow_cb92ebb70cd0,annex_logical_row,EXTRACTED_FROM
51d1286d-46d7-58ad-be63-d63c57bf890f,lrow_46fb0b09d5c8,annex_logical_row,EXTRACTED_FROM
fb3a111d-bb4a-5ec3-a678-7c542bf5d602,lrow_5704e731be8a,annex_logical_row,EXTRACTED_FROM
924e8fcc-d599-5896-80fe-a2cc0a58f39d,lrow_45281872d29f,annex_logical_row,EXTRACTED_FROM
1f9c83fb-9985-53e0-bab6-5aa4ab4de8cd,lrow_2a50862b89d7,annex_logical_row,EXTRACTED_FROM
302d9c19-b915-5cff-a2cd-a1cccc67eaa8,lrow_2dcb797857e8,annex_logical_row,EXTRACTED_FROM
3f2edcb4-0f12-5b96-95e6-cf6ac385edd1,lrow_48bcd4997230,annex_logical_row,EXTRACTED_FROM
bd8676ed-f7fc-5359-9384-a4e8efc1c200,lrow_c3a194d80985,annex_logical_row,EXTRACTED_FROM
ce84bb46-190a-5c20-bf8a-511b99015b1c,lrow_32caef50ae2b,annex_logical_row,EXTRACTED_FROM
14183799-2fe1-58e7-bb23-0ba3bbd9225f,lrow_568d5acff806,annex_logical_row,EXTRACTED_FROM
b806df4a-fd03-5587-aa08-dbe58d427d78,lrow_36a93bf54e1c,annex_logical_row,EXTRACTED_FROM
3ac6a614-ce31-5c78-9907-508e24a9d810,lrow_027445ddb75a,annex_logical_row,EXTRACTED_FROM
d2e68855-e1cc-5303-8156-66f32fed0e29,lrow_f01774107815,annex_logical_row,EXTRACTED_FROM
c794c34a-4fab-5ac4-8a7a-4113a6685628,lrow_3562a20b874d,annex_logical_row,EXTRACTED_FROM
8c4333a6-5cc5-5660-b978-6dc306f7ca9c,lrow_a4e764a22dba,annex_logical_row,EXTRACTED_FROM
1e9dd42b-9961-5e7d-bd83-2c95f7552915,lrow_c930c7165427,annex_logical_row,EXTRACTED_FROM
12bee546-762f-5aae-a614-0aabb4480046,lrow_810c3ddd9b8b,annex_logical_row,EXTRACTED_FROM
1de0e623-8e38-54ac-aa2c-5a9128ff72f6,lrow_708b942cb404,annex_logical_row,EXTRACTED_FROM
c81fb3ac-ea39-55d9-9c41-55323362a196,lrow_0d9fb3b43a28,annex_logical_row,EXTRACTED_FROM
d7821b0d-bf54-5eaf-9462-36fb89a894ac,lrow_437c0a61a39d,annex_logical_row,EXTRACTED_FROM
f5ff1995-a235-5a83-931f-1f53286da4d0,lrow_288aeb295991,annex_logical_row,EXTRACTED_FROM
a095c746-61c8-5187-9c4d-ebda1961c21f,lrow_17a592e7301a,annex_logical_row,EXTRACTED_FROM
0b45dbec-74c6-5264-a169-0bf01b90bd9f,lrow_863391e6e845,annex_logical_row,EXTRACTED_FROM
b268dfd0-53d2-553d-a61a-6532f3140add,lrow_21d55ae299a4,annex_logical_row,EXTRACTED_FROM
892b9fc3-dc7f-50b1-9c23-bbcb994cecfa,lrow_72fe98612c91,annex_logical_row,EXTRACTED_FROM
70ca0e91-689c-5993-9dd2-e58bb82d13c0,lrow_622e0d3d8776,annex_logical_row,EXTRACTED_FROM
1f385d9d-24ee-586d-8312-61f80ef978ff,lrow_e592ded40850,annex_logical_row,EXTRACTED_FROM
83cbf592-4368-54c0-af94-170c6c843406,lrow_a519ba99071d,annex_logical_row,EXTRACTED_FROM
7130b8af-3764-5ff0-bf9c-458b3498edee,lrow_29f018b04687,annex_logical_row,EXTRACTED_FROM
9157e96a-7528-5708-a75f-3689b660f6f9,lrow_d5600c6d3e9a,annex_logical_row,EXTRACTED_FROM
903459e7-75ce-5763-b666-2ccc1f8e6a5a,lrow_204968f7a004,annex_logical_row,EXTRACTED_FROM
535e0b0f-f0ea-5e2f-9dc0-9c526d62c121,lrow_83dc9bdc812c,annex_logical_row,EXTRACTED_FROM
e6fb42b7-be4a-5c80-8671-21a73b87e6f5,lrow_42f23f80f953,annex_logical_row,EXTRACTED_FROM
fe9edb43-b8db-5dca-8bfb-b47576bbc247,lrow_325d45b5e49b,annex_logical_row,EXTRACTED_FROM
fe5edd4f-36db-58fd-be7b-598cadf536b5,lrow_b1ee73ca87e1,annex_logical_row,EXTRACTED_FROM
d3bbf418-fa1a-5470-b41a-d75e05255edb,lrow_7369ac909da7,annex_logical_row,EXTRACTED_FROM
0d11164d-b640-5157-aef7-09733c308cf4,lrow_8b20bed2e0bc,annex_logical_row,EXTRACTED_FROM
bc0237b4-5af1-5bf7-a701-fb7883285452,lrow_6d5bfecdb170,annex_logical_row,EXTRACTED_FROM
14f8992f-9f8a-5a43-9381-27d03f404e3f,lrow_bdd935ea2df2,annex_logical_row,EXTRACTED_FROM
69c8f53e-5725-5d31-8947-c1f71fb3b0d5,lrow_df8b3c5b35f3,annex_logical_row,EXTRACTED_FROM
7443a90a-26d1-5be9-92ab-115221059785,lrow_994b252ef5c8,annex_logical_row,EXTRACTED_FROM
cbf276a5-2441-5f95-964f-dd960d1879dc,lrow_898dde328ae5,annex_logical_row,EXTRACTED_FROM
f18145ae-a7ec-563f-a4bb-def21407e433,lrow_4c9f33f4866e,annex_logical_row,EXTRACTED_FROM
fae3bd6d-4b2e-5e75-8f94-84fa8ee2de7e,lrow_0adbcf60b51f,annex_logical_row,EXTRACTED_FROM
03c6aed4-63d0-557d-aa9f-8e4fad978098,lrow_0fae2c93d270,annex_logical_row,EXTRACTED_FROM
9d6f3a8c-775a-5b96-b9e6-1cc3f988381e,lrow_aa511ac65297,annex_logical_row,EXTRACTED_FROM
85fab1ca-0ca0-5243-9db3-fffac3fd2f3e,lrow_63526cdedcc1,annex_logical_row,EXTRACTED_FROM
7864ad85-a59d-5a48-8ed9-717e13581ec6,lrow_3fb788743799,annex_logical_row,EXTRACTED_FROM
a363c4f7-4e09-54ad-92be-348ec8a6f98a,lrow_f02f29d57e67,annex_logical_row,EXTRACTED_FROM
5391e87e-fee3-5e6b-b3e8-7180f34e7125,lrow_70390d9b04e8,annex_logical_row,EXTRACTED_FROM
fe3fcfbb-4495-5a25-8f80-83383caf7684,lrow_628cfd51614f,annex_logical_row,EXTRACTED_FROM
b550db7f-7faf-50ac-907f-ee6363e5b044,lrow_d5c255287f79,annex_logical_row,EXTRACTED_FROM
8f28c572-39c9-52d9-927c-ceac9c67ad4f,lrow_b1d71293fe37,annex_logical_row,EXTRACTED_FROM
79a02aaf-65b7-5ef8-a108-e82399fd449e,lrow_c96aa755a9c4,annex_logical_row,EXTRACTED_FROM
6a6dd07b-4ac0-569f-8052-74bdcc36a7b8,lrow_caf46a1cb7c3,annex_logical_row,EXTRACTED_FROM
5d970881-ff91-5f1a-ba65-9795eef5bed2,lrow_f662653ced80,annex_logical_row,EXTRACTED_FROM
8ef0b2c8-da36-5860-b74e-6efccfd20e13,lrow_f7ddb0839e66,annex_logical_row,EXTRACTED_FROM
bee15349-b3a7-5681-ab73-76af39c83661,lrow_d6fb5fb9cb21,annex_logical_row,EXTRACTED_FROM
2e428173-96b1-5f21-8e32-d1536f027551,lrow_0645d78878de,annex_logical_row,EXTRACTED_FROM
971be67b-1808-5b14-886c-bfc769e9a4b5,lrow_7a4ccb6858ec,annex_logical_row,EXTRACTED_FROM
a2747c4f-df19-5f96-b066-4b9c26fb465d,lrow_71af64d9202f,annex_logical_row,EXTRACTED_FROM
0bb044c2-8837-5648-bdaa-e39addcc5545,lrow_698db9369175,annex_logical_row,EXTRACTED_FROM
fe4dcccc-3081-58fd-81da-7a5a368566d7,lrow_7c103a7cc269,annex_logical_row,EXTRACTED_FROM
ee75c37f-7990-525c-8b43-72b5f6eac343,lrow_8e6712612513,annex_logical_row,EXTRACTED_FROM
409af075-a77b-575b-99e0-d19cfa3785d6,lrow_d8a2cdf21763,annex_logical_row,EXTRACTED_FROM
230ed080-b2f8-54ec-b9b5-b4869d23c075,lrow_e7aadcbbccbc,annex_logical_row,EXTRACTED_FROM
b910b769-ea41-5f51-9250-8a11950c9f63,lrow_c125436a6f77,annex_logical_row,EXTRACTED_FROM
cb93167f-fea7-57bd-9851-af9cbe3bf96b,lrow_e4968d79fbe0,annex_logical_row,EXTRACTED_FROM
4527c41a-f315-54bf-8811-acf5d3a0181d,lrow_2319de09a4e5,annex_logical_row,EXTRACTED_FROM
a13540e8-90c8-5d85-9a55-9017cb36d0bd,lrow_0bf958f97090,annex_logical_row,EXTRACTED_FROM
9776549a-f7b8-51ae-afb5-bcf81abee3d4,lrow_d5d33dab55a1,annex_logical_row,EXTRACTED_FROM
1a6b035e-ffb7-58bd-a65a-cde5d06f0f60,lrow_38d860068fc0,annex_logical_row,EXTRACTED_FROM
69ba24a0-e0c1-5231-95b4-6b7aef44d96d,lrow_db71485c76ce,annex_logical_row,EXTRACTED_FROM
29f09fae-09a4-5d5b-b208-c1a0f2fd1af2,lrow_5929572923d6,annex_logical_row,EXTRACTED_FROM
5a1128ea-ff7d-5ee5-8847-b4625f59650c,lrow_530fa836fd5c,annex_logical_row,EXTRACTED_FROM
b5fc8ac2-d675-5b98-802b-c3f782bd05ac,lrow_00c51f4714c2,annex_logical_row,EXTRACTED_FROM
fdf0c808-5a55-53bc-9fe2-8a6e28899af5,lrow_30765a6ba948,annex_logical_row,EXTRACTED_FROM
69a4980c-17e5-553e-ab59-9f0589ca473b,lrow_b6fb7c45236a,annex_logical_row,EXTRACTED_FROM
87d8fa09-48d4-5955-9da2-4ef84da2b27b,lrow_9a95652799ac,annex_logical_row,EXTRACTED_FROM
017d0990-3f3b-531b-b772-807a5a1aafd4,lrow_a33feb0230c9,annex_logical_row,EXTRACTED_FROM
ccb63794-4660-5bbb-af00-4e919925d0d7,lrow_7343b337307b,annex_logical_row,EXTRACTED_FROM
b8e76c82-fc88-5b88-bdfe-a224f69f32c8,lrow_bcea162c1afe,annex_logical_row,EXTRACTED_FROM
21ecf58e-25a6-5e09-8a7e-2ba8e3441aa1,lrow_06eb501709b7,annex_logical_row,EXTRACTED_FROM
31961069-3a77-5555-a908-218bd52e0162,lrow_1d66ca22c4d5,annex_logical_row,EXTRACTED_FROM
687ad68b-617f-5f0f-835a-eb26a01a0dfa,lrow_16ebc77f9756,annex_logical_row,EXTRACTED_FROM
1ed12e21-f3d5-547c-9efc-a5cead2997f2,lrow_f104f03ad887,annex_logical_row,EXTRACTED_FROM
6f00926e-db30-50ba-832f-46ea0b344844,lrow_511ebb4d93b2,annex_logical_row,EXTRACTED_FROM
9dbec9aa-17e3-5fb6-913f-258aadab4dd6,lrow_33fa7b9af487,annex_logical_row,EXTRACTED_FROM
dc17c751-fe58-5746-bd90-1550a1278b88,lrow_920ebb6671a2,annex_logical_row,EXTRACTED_FROM
452f47f7-c7b3-5a6d-bff1-2ed90d159437,lrow_1b6aeddd1a0c,annex_logical_row,EXTRACTED_FROM
b37c9cc3-da7f-57c5-b521-fa9f6955f164,lrow_56666d00918c,annex_logical_row,EXTRACTED_FROM
3d8c39c1-82ed-5353-a574-aa1f1154b837,lrow_8b3ebc83cce2,annex_logical_row,EXTRACTED_FROM
2f84fa89-01a9-5830-992d-223ed338e23a,lrow_d14d2f960f19,annex_logical_row,EXTRACTED_FROM
fd282bb0-4a45-5d7b-a0b5-f0132267fcb1,lrow_f197048dd37a,annex_logical_row,EXTRACTED_FROM
41f4c4b3-6e9a-5857-8c8e-d21dd1cbef43,lrow_0065ff0bb48c,annex_logical_row,EXTRACTED_FROM
70652412-17b0-559b-b6da-17bf079cdb60,lrow_2617a3410265,annex_logical_row,EXTRACTED_FROM
1d7102cb-61be-501f-89fa-f309209657af,lrow_40480582ee85,annex_logical_row,EXTRACTED_FROM
437a28cc-b486-59d4-9b50-53b33c076f95,lrow_c6cd485c0853,annex_logical_row,EXTRACTED_FROM
e681f4a5-8074-58bb-b40d-04638346dc19,lrow_c2b5ef2a6710,annex_logical_row,EXTRACTED_FROM
8e69874f-be4e-5615-87c9-84dd3616481d,lrow_c02807363157,annex_logical_row,EXTRACTED_FROM
545ccccf-ee10-5655-9f18-982b0b34eb76,lrow_905c9a8ef5da,annex_logical_row,EXTRACTED_FROM
85918c01-7619-5db9-8477-6b9aafad0646,lrow_6261f2112f6e,annex_logical_row,EXTRACTED_FROM
ab3bec99-bbea-5475-a17d-be16143158b7,lrow_2bd58c4a748c,annex_logical_row,EXTRACTED_FROM
150553b9-d1aa-5b39-a14d-af525def53c1,lrow_e215ae72fada,annex_logical_row,EXTRACTED_FROM
09561573-1df3-5976-9e6b-3c9ae8bd1a76,lrow_2d29b1ec4700,annex_logical_row,EXTRACTED_FROM
7264a115-6707-59e7-becd-14db4ae51097,lrow_545e9472fc54,annex_logical_row,EXTRACTED_FROM
c3bfcf21-2b89-5fe5-911d-e09bf5ad5e99,lrow_61e29ee9aa93,annex_logical_row,EXTRACTED_FROM
7e30335c-776a-5c96-bcef-023f3a51b73d,lrow_49c8647f76d8,annex_logical_row,EXTRACTED_FROM
a5258eeb-041a-53c1-9e02-451cb14ef93f,lrow_fe4af0ec5ecb,annex_logical_row,EXTRACTED_FROM
a96d2955-cc25-5c8c-8fa3-526a5c609e2e,lrow_e6ea05444db9,annex_logical_row,EXTRACTED_FROM
bf2de21e-7c6a-5432-8696-ff0055f71ab3,lrow_99eca122c634,annex_logical_row,EXTRACTED_FROM
81620eda-6616-51ef-a387-8051fad06019,lrow_a99e001a9d42,annex_logical_row,EXTRACTED_FROM
1f113ed9-6e82-5f8f-a58d-6888528bca16,lrow_addf1807bfcc,annex_logical_row,EXTRACTED_FROM
cef5003d-b194-5d73-bd86-f76687238c3c,lrow_6d57971d9951,annex_logical_row,EXTRACTED_FROM
d7164208-0fd7-5352-a94b-6cb039f77afb,lrow_8150bf88dbd2,annex_logical_row,EXTRACTED_FROM
aed4ddf4-2915-589e-a8bb-7eedbba069a0,lrow_463b6507c7d1,annex_logical_row,EXTRACTED_FROM
ca7b9a9c-09eb-5a6d-8d48-f11f5d499278,lrow_c3e3973d47f2,annex_logical_row,EXTRACTED_FROM
07900799-d10b-55ee-a898-9740ea193a07,lrow_9d7202a935a7,annex_logical_row,EXTRACTED_FROM
ed675aba-ff0a-52eb-8b0d-f36ebd2da08e,lrow_464ea8e68bfd,annex_logical_row,EXTRACTED_FROM
46cd5fd0-4797-53ba-b584-c28d90030ae3,lrow_7e521ac0a2f6,annex_logical_row,EXTRACTED_FROM
6344f529-dd8a-5aee-80da-38ef383c3b10,lrow_27dd19ee061a,annex_logical_row,EXTRACTED_FROM
5b8474a9-644a-5ccc-baa3-2f89fe502148,lrow_bd12faffd493,annex_logical_row,EXTRACTED_FROM
c554a5c7-d47a-5581-bc73-4818d9955a5a,lrow_50d766217cbc,annex_logical_row,EXTRACTED_FROM
3865a444-3521-5d60-b0d5-3f62f964f267,lrow_6e8aff2d7c4e,annex_logical_row,EXTRACTED_FROM
27ad7cc0-2d27-502d-a9ac-2c575ef90d2a,lrow_5af3aa2d3aa0,annex_logical_row,EXTRACTED_FROM
dba24177-0a72-5c13-8a33-e316817133d5,lrow_95710755fcf1,annex_logical_row,EXTRACTED_FROM
891dc16f-145e-5174-84da-b86d6df1acf7,lrow_90b52edda1a3,annex_logical_row,EXTRACTED_FROM
c61e60c4-523e-598c-934e-d899ffba2d95,lrow_ade49fa2cd67,annex_logical_row,EXTRACTED_FROM
7a4b4f2e-2c7a-58f1-851d-2a328d9c8e8a,lrow_e38af94a3d12,annex_logical_row,EXTRACTED_FROM
e1786876-55d4-57d1-b427-aa7d31d8d0fe,lrow_2479f484bc70,annex_logical_row,EXTRACTED_FROM
d821d8cf-bf69-584b-a6b3-6f57a11942b0,lrow_9cd884474d84,annex_logical_row,EXTRACTED_FROM
be610862-ba9f-5f75-8df4-7e193fc98192,lrow_65d9228556b7,annex_logical_row,EXTRACTED_FROM
6c3692b0-3ba9-5a7f-a0c4-d2488d5daeae,lrow_5eedf41828c6,annex_logical_row,EXTRACTED_FROM
97699341-4401-595c-b9dd-376247e0523b,lrow_1b11146e96cf,annex_logical_row,EXTRACTED_FROM
a8814379-9448-5bed-b853-e0147bef5ca9,lrow_7d64e8194f09,annex_logical_row,EXTRACTED_FROM
dee54188-862b-53b3-a8e3-b0d1df9a04bb,lrow_c7713341e198,annex_logical_row,EXTRACTED_FROM
8124afe5-880a-5184-8570-388f8fa15b71,lrow_d809c2fcc3c6,annex_logical_row,EXTRACTED_FROM
c02ff535-71d0-5d28-a76c-5534e66705be,lrow_b3a1b5f3eb79,annex_logical_row,EXTRACTED_FROM
a3c9a32d-d2f3-5458-b74b-3a8332d40d3a,lrow_baa614cc7af4,annex_logical_row,EXTRACTED_FROM
3782823d-9bcb-575c-860c-ee13045d79fb,lrow_43a422c5381c,annex_logical_row,EXTRACTED_FROM
cd92e7e2-4a99-5f64-bed6-93774c190d60,lrow_ffeeec3b9dbd,annex_logical_row,EXTRACTED_FROM
1014c0d2-2af0-5197-90ec-4e52bcb82cad,lrow_09038acd9436,annex_logical_row,EXTRACTED_FROM
97a47e87-b649-59af-b24a-61cb14cca374,lrow_391f511c3202,annex_logical_row,EXTRACTED_FROM
3b41e69e-3b0a-52e8-bbf5-dd3f7ad59929,lrow_c86a44b242cc,annex_logical_row,EXTRACTED_FROM
e678223a-24d4-5ab4-9a9f-b0fa580d6549,lrow_db5609997d62,annex_logical_row,EXTRACTED_FROM
664dbdaf-aafc-5099-9e14-418792250409,lrow_ad16a5b03012,annex_logical_row,EXTRACTED_FROM
3bbee636-6bee-5a54-bd96-3e168d6222b1,lrow_30cfbd47d723,annex_logical_row,EXTRACTED_FROM
8c0886a7-d4c2-5cb4-b058-c251f03ab8f4,lrow_a81471a280bb,annex_logical_row,EXTRACTED_FROM
ecabf93d-2502-5ba2-ba28-7271c32e3c7d,lrow_b95bb3546315,annex_logical_row,EXTRACTED_FROM
b9154ef0-0f4c-54cc-b9b4-e9e0e99a6386,lrow_af6c91ba4e60,annex_logical_row,EXTRACTED_FROM
ecab83c8-e8d5-5836-91b2-4c8cf0b64764,lrow_d9b0b315e5e4,annex_logical_row,EXTRACTED_FROM
e1b5cb0c-4b9e-5c1b-9176-098a5506e3ad,lrow_5fbd2060d283,annex_logical_row,EXTRACTED_FROM
7ace92ef-cd96-5d4f-9e88-ff3ab8fe55c8,lrow_b96a6edb8c91,annex_logical_row,EXTRACTED_FROM
8a7ccdff-ae26-5c94-b1e4-390151c5f780,lrow_c737c0322f6b,annex_logical_row,EXTRACTED_FROM
5f79ccb6-1ec5-5648-bc00-f7764810bc22,lrow_3fdceec386b0,annex_logical_row,EXTRACTED_FROM
d4c9b142-cfb6-5505-ba4f-61f05705d4f8,lrow_489b34362eb3,annex_logical_row,EXTRACTED_FROM
510ea3bb-30b0-5d26-804a-e55bc7e5f435,lrow_4becd9f51761,annex_logical_row,EXTRACTED_FROM
23d33e35-305b-5b93-822d-6b15e9819c64,lrow_94444b718866,annex_logical_row,EXTRACTED_FROM
278c46dd-bcdd-584e-8753-ca0cd46e3ccd,lrow_35d440a19a18,annex_logical_row,EXTRACTED_FROM
d62d0e5a-fe01-5270-90a8-82f09c133da0,lrow_9fe126d4a543,annex_logical_row,EXTRACTED_FROM
4f25c84f-fac6-53dd-b436-7b46b1e84dce,lrow_ed4584f897b2,annex_logical_row,EXTRACTED_FROM
0e884bb6-643e-5ca1-ab6a-0fe5ae3d6299,lrow_abbd4fa95bda,annex_logical_row,EXTRACTED_FROM
40c5d5bb-45ea-5118-a9d6-7684a5927cd6,lrow_08bdd08c68e6,annex_logical_row,EXTRACTED_FROM
408dd061-84b1-52f7-89d0-43895284863c,lrow_a8c7d979840a,annex_logical_row,EXTRACTED_FROM
a1ed7186-40d5-5360-978b-454a7684907f,lrow_f83adb18d147,annex_logical_row,EXTRACTED_FROM
18a36cbd-33dd-565a-8117-1ff5f935dcf3,lrow_faaf88f824c1,annex_logical_row,EXTRACTED_FROM
e7f0f873-8ac5-546f-aa74-144eeb5b591c,lrow_18defea35373,annex_logical_row,EXTRACTED_FROM
b4a7d5e6-202c-5d3d-8be4-5364b4686475,lrow_bd4eea7d4f10,annex_logical_row,EXTRACTED_FROM
1cdf6b84-fe59-53a4-b6f8-7841fb1d7726,lrow_8ada0af71aa5,annex_logical_row,EXTRACTED_FROM
e6484137-3e8a-5fdf-80f1-31be116f26d1,lrow_5ab2b0b5f52b,annex_logical_row,EXTRACTED_FROM
de189ceb-430a-5ca7-aefb-4d8b32d08429,lrow_7552f2938aa5,annex_logical_row,EXTRACTED_FROM
4b0873e0-5328-5342-b311-a451a785a23f,lrow_b6b1de8b7e97,annex_logical_row,EXTRACTED_FROM
ef416779-2145-5247-9909-3780d5951b3d,lrow_eac3a93feadc,annex_logical_row,EXTRACTED_FROM
fbd9f18c-c0a2-5f6b-8d57-3f4e5db55953,lrow_0e45a6597dcc,annex_logical_row,EXTRACTED_FROM
8fd258fb-e49b-5ab6-b0ec-183c039e97b6,lrow_bc4d91c489ff,annex_logical_row,EXTRACTED_FROM
693bf210-82eb-5031-b05f-416c5c78fbef,lrow_7e21a08a5026,annex_logical_row,EXTRACTED_FROM
fc77031f-12fd-5c14-9fc4-353dbeb10f35,lrow_072ec4a2b643,annex_logical_row,EXTRACTED_FROM
fe2a0d21-de80-5fd2-ae4e-f41bb9e57e5e,lrow_f4a29f98996b,annex_logical_row,EXTRACTED_FROM
d205c0a4-4013-5939-8abf-07ed72b86d44,lrow_80dd55ca2d21,annex_logical_row,EXTRACTED_FROM
e076b1aa-2ca0-58b2-8e4f-d511e5ff32e3,lrow_5e2510fdfba3,annex_logical_row,EXTRACTED_FROM
c0e5e991-e27b-504d-b5ef-22693a245f0f,lrow_f72804d18df4,annex_logical_row,EXTRACTED_FROM
350ebdec-845b-5d3c-be29-4acef00e1b6e,lrow_858e79ed0336,annex_logical_row,EXTRACTED_FROM
bd4a9143-4835-5e10-b8e3-1a9e2c28dd91,lrow_5d5fc13141dd,annex_logical_row,EXTRACTED_FROM
8aa7ffc9-6326-5192-b08a-535090ee6445,lrow_a6e932754ba3,annex_logical_row,EXTRACTED_FROM
9cf83e50-f567-53f8-8b54-7e194c703397,lrow_3c760ab29187,annex_logical_row,EXTRACTED_FROM
13f444d3-295e-5c08-8bcb-abdeaaa66704,lrow_112169a84b59,annex_logical_row,EXTRACTED_FROM
e3cd567e-affe-5ccf-a028-39fcd7bdd0ce,lrow_2ad0f3b6c556,annex_logical_row,EXTRACTED_FROM
8ab58f15-e35e-51c4-839b-c22e325562a8,lrow_defb449ecd1f,annex_logical_row,EXTRACTED_FROM
557f4d13-463f-585d-b608-b337ac757b9b,lrow_7d0850704468,annex_logical_row,EXTRACTED_FROM
f614b1ff-1a1d-5426-85da-3b210294a190,lrow_204db2675a29,annex_logical_row,EXTRACTED_FROM
3a7f2629-68d0-5e38-b3b4-8ba8aef10ec7,lrow_d738eca624c1,annex_logical_row,EXTRACTED_FROM
6eade7c5-9e6d-53f4-bfa9-9d5f9175240b,lrow_84e17e0b520a,annex_logical_row,EXTRACTED_FROM
af096377-ebd9-5045-a59c-338370c2b6db,lrow_a30c7b9c5a24,annex_logical_row,EXTRACTED_FROM
32bc7d1d-c228-50dc-ad80-8f026c0f2ced,lrow_222471803ad7,annex_logical_row,EXTRACTED_FROM
d2fb9a0c-f792-55be-a1e1-3470bba9b22b,lrow_45724839a704,annex_logical_row,EXTRACTED_FROM
5a722669-4cee-5b49-9f76-78630a7cf74d,lrow_e0ac7654d747,annex_logical_row,EXTRACTED_FROM
84f3be49-28d9-5948-ad65-e86ae2fe4514,lrow_efadfaac936a,annex_logical_row,EXTRACTED_FROM
e456087f-3229-5a34-a56f-1026b138d96f,lrow_a64c9477416d,annex_logical_row,EXTRACTED_FROM
3b327a83-8333-5943-861e-6b68f5645de4,lrow_68b1de1b62b2,annex_logical_row,EXTRACTED_FROM
185adc86-6e14-5079-85a2-9f6d03a65df8,lrow_707f0d8917a8,annex_logical_row,EXTRACTED_FROM
43b1bfe3-1122-50cc-aa07-82bd58902a9b,lrow_9f63e0d81651,annex_logical_row,EXTRACTED_FROM
f5db6552-7be7-55ce-8fb4-b71fd3b3d032,lrow_205cd6fd023f,annex_logical_row,EXTRACTED_FROM
1663dfce-9f84-51e1-b123-019865b51ecc,lrow_ea42f6b4fe7c,annex_logical_row,EXTRACTED_FROM
6aecb8d1-e79f-5c6f-98a4-759d1ca4e17a,lrow_73a1946d2218,annex_logical_row,EXTRACTED_FROM
6202b76b-9ce4-522a-b4f4-9db8ea511529,lrow_87aee39ab6b8,annex_logical_row,EXTRACTED_FROM
feaa327f-a0cb-5248-b169-c20d9f2440d4,lrow_ba7c56824cf1,annex_logical_row,EXTRACTED_FROM
25472e5c-1772-5db3-9b9a-c35be7be83f4,lrow_b312349f4537,annex_logical_row,EXTRACTED_FROM
7be65251-1444-5a78-b99a-aaf031f6b88f,lrow_b96e781fcb0b,annex_logical_row,EXTRACTED_FROM
c7499819-fa86-554c-80e8-730d4ccf0f8b,lrow_79b4ae33ea54,annex_logical_row,EXTRACTED_FROM
338a2bef-12a1-5b25-9707-01f1185d6598,lrow_129f233ab7ff,annex_logical_row,EXTRACTED_FROM
63a98e7c-3543-5177-b08f-3b3d75c12982,lrow_590cd58842e0,annex_logical_row,EXTRACTED_FROM
cba1472f-2ba1-5df5-95ba-58368e05997a,lrow_31257c855cf5,annex_logical_row,EXTRACTED_FROM
9d438d11-f479-5700-9d89-a6e6011a3d17,lrow_2f5d77f073a2,annex_logical_row,EXTRACTED_FROM
62fd136a-59ba-594e-98a3-98d4e7ec2f07,lrow_da19d38ffaa2,annex_logical_row,EXTRACTED_FROM
3637512b-bcff-534e-9039-7543ddeb747f,lrow_a0488215d744,annex_logical_row,EXTRACTED_FROM
4da66ead-e826-5552-9e41-6553933e6745,lrow_c54d1ab85fd9,annex_logical_row,EXTRACTED_FROM
ae90539b-7034-58d4-a48d-ca72e0cd3eb9,lrow_183331bbb8bf,annex_logical_row,EXTRACTED_FROM
a39eec14-5dc3-5c33-a1a5-04a69d04359f,lrow_f9e213798553,annex_logical_row,EXTRACTED_FROM
63d8929a-51eb-50ee-86c7-cf3f43e88088,lrow_aed31d6e7e25,annex_logical_row,EXTRACTED_FROM
efcce888-efc2-5f63-b2cb-862762e80574,lrow_cd11b3e6d8cd,annex_logical_row,EXTRACTED_FROM
88f6ab82-3929-5983-b8c2-a9f3aaa88879,lrow_40b0abf560ec,annex_logical_row,EXTRACTED_FROM
f32defd4-eca6-5ca6-964d-85e96987fbd4,lrow_acec06d043c7,annex_logical_row,EXTRACTED_FROM
b2213c68-40c2-5b5c-b764-eb35e13482d7,lrow_bb64c8af1ced,annex_logical_row,EXTRACTED_FROM
35b12088-9326-59e4-a45a-a320088cf88c,lrow_bd354607d346,annex_logical_row,EXTRACTED_FROM
f35826aa-08ea-5f7a-a086-67fd72935657,lrow_0446be3c6d24,annex_logical_row,EXTRACTED_FROM
6cea16f0-3ff9-5151-94b6-cdac82669dfd,lrow_ddeb03e710f6,annex_logical_row,EXTRACTED_FROM
9015c1e1-b734-5c2b-a984-18b8144ccccb,lrow_05c5c07cc56a,annex_logical_row,EXTRACTED_FROM
e7d1f06f-84a5-5762-ba3f-ec81f1956d65,lrow_08ffbaf26e6a,annex_logical_row,EXTRACTED_FROM
d2a987d7-2b49-534e-8a75-b5a46b0ac369,lrow_4e703bb5b6ae,annex_logical_row,EXTRACTED_FROM
29d7a459-9685-53c9-a382-cdd0e88a8115,lrow_fd1359c038c1,annex_logical_row,EXTRACTED_FROM
a27b4f3c-da07-520d-9844-1a87a611f9a1,lrow_7a3715b94e84,annex_logical_row,EXTRACTED_FROM
f7b0f88f-b013-5662-9bc0-e8fd7595658b,lrow_040f0f004399,annex_logical_row,EXTRACTED_FROM
b4ef5c2d-61b6-5b63-b434-9d2b5215cf60,lrow_a234f3d614f8,annex_logical_row,EXTRACTED_FROM
8977121f-e86e-59a6-acf4-5d74214b4240,lrow_d655110317f8,annex_logical_row,EXTRACTED_FROM
f7f03c60-6276-5889-a582-2cedbf5a5443,lrow_58696e93deee,annex_logical_row,EXTRACTED_FROM
6173d8a5-f0a3-5f80-b6c2-b1902b50a967,lrow_167d0ae15a83,annex_logical_row,EXTRACTED_FROM
3463daa9-7480-5ffe-9c1d-3e0511438f4c,lrow_4c9090e89313,annex_logical_row,EXTRACTED_FROM
c1cc03cd-ac88-5c08-aa90-6ab6f1bb7056,lrow_30ce77507550,annex_logical_row,EXTRACTED_FROM
90d7f2d7-4d79-5a95-b53b-b69ae7c868bd,lrow_be14bb552b28,annex_logical_row,EXTRACTED_FROM
d8fc4f0e-c94c-5b9f-a400-01e95a4c43ce,lrow_bb662fe2f706,annex_logical_row,EXTRACTED_FROM
167ba516-34f7-5296-a903-e6c5e4d006e2,lrow_605c0b0c3105,annex_logical_row,EXTRACTED_FROM
bf947a06-20c9-58ca-bcb1-5d6e43e25330,lrow_5c659072deea,annex_logical_row,EXTRACTED_FROM
240ff938-ec4a-5098-8e61-3396a164d9a3,lrow_c6520933b73a,annex_logical_row,EXTRACTED_FROM
8b940395-7623-5205-ac9a-c283e7233de9,lrow_653540719e79,annex_logical_row,EXTRACTED_FROM
592bd002-6dc8-5075-aa93-bbb2d71469db,lrow_218ef9963520,annex_logical_row,EXTRACTED_FROM
273c054a-62d8-560a-a5f9-5c48d838fef8,lrow_b6ce373a34b1,annex_logical_row,EXTRACTED_FROM
f7804551-c5fd-5af1-a482-e22d227ef9e4,lrow_467192424931,annex_logical_row,EXTRACTED_FROM
25372e50-8efb-547d-9583-307b4c02780e,lrow_1b520e285eb1,annex_logical_row,EXTRACTED_FROM
6b9fe96b-22b6-53b5-a9c2-4c6bf491ed32,lrow_26283ce0fcfa,annex_logical_row,EXTRACTED_FROM
5c266511-d3fb-5124-b2c9-c36ed58e564b,lrow_489cdee36f33,annex_logical_row,EXTRACTED_FROM
918d2803-0a5c-57da-ba07-8ab2a68544a1,lrow_fbdd9190c855,annex_logical_row,EXTRACTED_FROM
98daf7c3-eb04-54ae-855b-fa68bb8aa1ae,lrow_1117644a5c58,annex_logical_row,EXTRACTED_FROM
a930e603-435c-5f71-9778-2adc3ebca648,lrow_56f0bdb03b0d,annex_logical_row,EXTRACTED_FROM
30dc64f8-fe21-5f6c-9c4f-0e775e46912c,lrow_4c6cf808987f,annex_logical_row,EXTRACTED_FROM
45c429b0-a8a9-5948-90cb-6d47218441d0,lrow_cab9ac35277e,annex_logical_row,EXTRACTED_FROM
d56387ac-59ec-5e68-bcc1-8af28f7cc7db,lrow_2edb9028444c,annex_logical_row,EXTRACTED_FROM
94bf9ad3-062d-5122-b0a0-4ac2683ea126,lrow_c52ea56278e7,annex_logical_row,EXTRACTED_FROM
18b8de42-78b4-5b66-9c86-21fd34fb5813,lrow_a6a1a8d7c4dd,annex_logical_row,EXTRACTED_FROM
be8e9db2-6116-5fc5-8b52-0bee8d1f349a,lrow_173557a1bbea,annex_logical_row,EXTRACTED_FROM
4809646d-f502-5cf4-bac9-4d9eea162d0f,lrow_0dd7d2528134,annex_logical_row,EXTRACTED_FROM
9d31f9f7-1942-593f-b395-0cb6a2d948a8,lrow_ee7dcebbe559,annex_logical_row,EXTRACTED_FROM
87cdecd7-f234-5a41-a39b-2bff2eff8489,lrow_b20048c4fda9,annex_logical_row,EXTRACTED_FROM
650e1106-ac2d-5ed0-b30d-ec4f2fd59ea9,lrow_42f26f435cac,annex_logical_row,EXTRACTED_FROM
c8925e6b-9c96-5864-9d2e-7c8b0044efcc,lrow_6767c8ff6bbf,annex_logical_row,EXTRACTED_FROM
8934237f-3c87-5b5b-9883-d09a907b1fea,lrow_056b9873c3c5,annex_logical_row,EXTRACTED_FROM
435e737a-75a6-5751-b3bb-3614ba8f9196,lrow_7f54c6354d66,annex_logical_row,EXTRACTED_FROM
5f7bd2d6-bfce-59f9-bf61-edd9905cb0ad,lrow_f47b408f6069,annex_logical_row,EXTRACTED_FROM
8d0dd7bd-6ada-5416-88e9-4f89fbf3340b,lrow_234fb1988c55,annex_logical_row,EXTRACTED_FROM
5417e970-2378-5cde-b371-96478718f3c3,lrow_a098b892f375,annex_logical_row,EXTRACTED_FROM
c673f254-ecf4-59b1-a567-d9e27c19590a,lrow_33d85769995f,annex_logical_row,EXTRACTED_FROM
f2c80ab6-7fb2-5aea-812d-8f1364f4c045,lrow_12475c2b3566,annex_logical_row,EXTRACTED_FROM
668d9366-0d69-52c5-a7cf-09cab8ebe3a1,lrow_46fe08c238f1,annex_logical_row,EXTRACTED_FROM
5370e49b-bda1-53ce-9313-6038c119bba1,lrow_da1ae73d67e9,annex_logical_row,EXTRACTED_FROM
c5625107-acc7-551f-af4d-dc8a2d72a13a,lrow_fe1561a3a413,annex_logical_row,EXTRACTED_FROM
d8c6f66c-ed4c-5ab0-9ac5-0591f07561a8,lrow_8a6d97be2471,annex_logical_row,EXTRACTED_FROM
784d0e69-d6e9-5162-a726-e2e97f7dd844,lrow_5e304595f4ed,annex_logical_row,EXTRACTED_FROM
8e236fbb-4167-521c-a4a7-5ba80f41af3a,lrow_ebf7d697b1ba,annex_logical_row,EXTRACTED_FROM
09aa032c-8218-5633-9b8f-77fd4fa08326,lrow_954ef0140477,annex_logical_row,EXTRACTED_FROM
bbf34cdf-3907-59cc-a37e-83c31ce5f4f3,lrow_de7c96ce4b57,annex_logical_row,EXTRACTED_FROM
94b6fab2-9495-57e1-8ecd-9f8bb44e743d,lrow_13cf4762b0d3,annex_logical_row,EXTRACTED_FROM
0193d5e5-7106-5e12-835e-b2c079ee78a1,lrow_ddd251e3873f,annex_logical_row,EXTRACTED_FROM
4aec4864-2786-5aec-aa24-59b03f745123,lrow_a8cff53b2e45,annex_logical_row,EXTRACTED_FROM
fc3978cb-9899-59cf-8aea-5600f46b7cd3,lrow_a589d22f8386,annex_logical_row,EXTRACTED_FROM
61404d16-e994-5bf0-acb9-d612d84fe0e6,lrow_87aab73169b4,annex_logical_row,EXTRACTED_FROM
e40914e2-b7db-5600-a64d-cf2162ce6086,lrow_b67b253b5649,annex_logical_row,EXTRACTED_FROM
2bb34e65-7caa-5a16-84f6-ce44931f17b0,lrow_5affe65f75a6,annex_logical_row,EXTRACTED_FROM
5674980d-1311-5466-826e-5f7351b007d2,lrow_33c2ffc265b7,annex_logical_row,EXTRACTED_FROM
249bc1d7-fb6d-5c2b-af23-bea38e233fb9,lrow_8aba7831f60b,annex_logical_row,EXTRACTED_FROM
814b762b-09a0-530f-99bb-b1aaaf7ce63c,lrow_f3fb872b731a,annex_logical_row,EXTRACTED_FROM
9968832a-00c3-5d43-80bd-0bc5291079e4,lrow_fa03b66a4f27,annex_logical_row,EXTRACTED_FROM
c1cbcd8e-c08c-5586-9e0e-b528c2d738d2,lrow_c829ef4554d8,annex_logical_row,EXTRACTED_FROM
0189a1f0-9fe8-5f97-b704-06e0ab0278ac,lrow_6adba0cad60a,annex_logical_row,EXTRACTED_FROM
25c44cc1-89de-5256-907d-994d3270c2c5,lrow_2b82633f1a50,annex_logical_row,EXTRACTED_FROM
aa6dc3ab-f271-58ec-a622-019057aa086f,lrow_2222c236f00d,annex_logical_row,EXTRACTED_FROM
24389747-e2ed-502b-961d-0b64a787018c,lrow_4e2e7cc689a4,annex_logical_row,EXTRACTED_FROM
b9513387-7e9e-54a6-ac55-ac7a0fe6dd1b,lrow_59c9a4c80d56,annex_logical_row,EXTRACTED_FROM
4ecfc72b-f505-5db5-9d6d-83cdd5337fa5,lrow_4e9fa144f091,annex_logical_row,EXTRACTED_FROM
e897ca9b-3ce6-5b44-8569-b051d3995bb4,lrow_b3bd2b40fc08,annex_logical_row,EXTRACTED_FROM
a44a9458-7ef3-5b6e-bed3-1073db9a0f70,lrow_e878fc9a1265,annex_logical_row,EXTRACTED_FROM
92f59891-7c9e-52e5-bbd3-744c134ffa18,lrow_23ab8bce0c2b,annex_logical_row,EXTRACTED_FROM
d02eb624-0e67-523f-9a42-fd97797c2aa1,lrow_7e3a5af8d518,annex_logical_row,EXTRACTED_FROM
55f6dbfd-eb2f-5945-bbcb-f88490138f0b,lrow_9224904e9ce0,annex_logical_row,EXTRACTED_FROM
194925a1-f7ad-5bc1-8368-be0dd562015e,lrow_31fa2af4f7b0,annex_logical_row,EXTRACTED_FROM
1cdf28bf-c19e-5f86-b5a6-c73601547da1,lrow_f548411602b3,annex_logical_row,EXTRACTED_FROM
433b9d65-2b15-5382-affd-4f0048fb7a7e,lrow_8c3b7c62ebb9,annex_logical_row,EXTRACTED_FROM
c7f9095f-23dc-52db-994f-d9c0dcbfbffa,lrow_88bd6c63e3ac,annex_logical_row,EXTRACTED_FROM
80096a1c-929f-5a11-b6fa-1288c0ecf089,lrow_7cda0707ea5f,annex_logical_row,EXTRACTED_FROM
736ddf6a-5ab7-5b35-a891-b4872dfe3ab1,lrow_ca674132891f,annex_logical_row,EXTRACTED_FROM
e0abfef2-07f5-5a87-ac3a-e5bb39f942f5,lrow_3a0f3e6a2164,annex_logical_row,EXTRACTED_FROM
d0396cde-8fc3-58e5-b74d-ba75fa1fd5d7,lrow_249f7d58cf19,annex_logical_row,EXTRACTED_FROM
3d40a86a-e108-5db0-913a-2fce07e8cf49,lrow_721a28ad7085,annex_logical_row,EXTRACTED_FROM
164a629c-f11d-5240-a1c4-f61ca9ac3bff,lrow_c97dc9788c83,annex_logical_row,EXTRACTED_FROM
e3fd0995-495f-5472-8bc8-7ac37517dbfd,lrow_08e157cd1cae,annex_logical_row,EXTRACTED_FROM
484fde52-d806-5952-8910-c220973c2446,lrow_9a64c1b90713,annex_logical_row,EXTRACTED_FROM
3e8a7cef-6f51-5bce-947d-50558417258c,lrow_f8ea7f383ca1,annex_logical_row,EXTRACTED_FROM
06fac912-00b5-5f1d-8a00-3d91295daff3,lrow_afe0a97800c3,annex_logical_row,EXTRACTED_FROM
66625ef4-912c-5b04-b6d6-279d07615969,lrow_6f781c1f4bde,annex_logical_row,EXTRACTED_FROM
6ee84e19-3a0e-5bb9-a705-3df8221eba45,lrow_9b589e9ca840,annex_logical_row,EXTRACTED_FROM
c4bef2ee-0fa2-55dd-a228-c4174d4ff8d1,lrow_9b7eb5b8ba62,annex_logical_row,EXTRACTED_FROM
cd3f3a51-1454-52a1-9b4d-597bf792d530,lrow_3b6601c88729,annex_logical_row,EXTRACTED_FROM
a7ab84d4-c2b2-5ca2-8390-68f4144226c1,lrow_112dcb1f1fe3,annex_logical_row,EXTRACTED_FROM
819323fb-79f9-5847-932d-452d7c6d5fc5,lrow_6f40a5bee019,annex_logical_row,EXTRACTED_FROM
b86e24b5-b658-5ff0-8237-3499487db2c0,lrow_49b2d4a85775,annex_logical_row,EXTRACTED_FROM
84ab1dd9-9ae6-5bd4-b1ae-4d56a9e47da7,lrow_9fd943fe5591,annex_logical_row,EXTRACTED_FROM
48e735ec-fa81-5151-9521-32ad2320ff5a,lrow_13ac1aae10d3,annex_logical_row,EXTRACTED_FROM
6b7d70e1-387a-51be-9b00-1629af86bc24,lrow_08bf1b4ac90e,annex_logical_row,EXTRACTED_FROM
278e1010-d70c-5b04-bf68-26fdf29a5857,lrow_4d96a3e1d047,annex_logical_row,EXTRACTED_FROM
dd18b81c-1f22-542e-9b91-e52e3d5ecc07,lrow_599e9af228ae,annex_logical_row,EXTRACTED_FROM
aa2f2a65-93e1-51b0-bcaa-0e99fb3ef350,lrow_0edcf16cc2ed,annex_logical_row,EXTRACTED_FROM
e2652ff0-65f0-5aab-bebb-20a36275fac4,lrow_e4845376cf3d,annex_logical_row,EXTRACTED_FROM
39aa54ef-64e0-5ce9-80c4-ce5dfc53b61e,lrow_bd34d5d81107,annex_logical_row,EXTRACTED_FROM
cba49fc5-0549-53f9-8536-8eb8381681cf,lrow_9d7dce313f65,annex_logical_row,EXTRACTED_FROM
bc5472d6-a945-592f-a67b-0f123fb74817,lrow_4f2e0f3ed336,annex_logical_row,EXTRACTED_FROM
d9b0a4c5-6157-5cab-baff-1341cf50f904,lrow_83671e731e49,annex_logical_row,EXTRACTED_FROM
710f156f-bb5d-5258-9d68-2a7598d75af7,lrow_ff2e04097955,annex_logical_row,EXTRACTED_FROM
1e836dbd-5e57-5a06-be86-0d53323317c0,lrow_246854a13f81,annex_logical_row,EXTRACTED_FROM
fd1348e2-2b31-5b06-9154-c873889dc8b6,lrow_b9ae91423b33,annex_logical_row,EXTRACTED_FROM
662b0a0c-1fd2-5538-9cbe-e14e13ec5526,lrow_5970e2aeb854,annex_logical_row,EXTRACTED_FROM
6a960084-5576-58f5-a4e6-45fb412fcd37,lrow_04591e26dc17,annex_logical_row,EXTRACTED_FROM
c0acf87b-ab5f-5058-8cbe-bad190eeb8ba,lrow_080c399f9731,annex_logical_row,EXTRACTED_FROM
c9bf6033-4fea-5081-a99e-2c230923b57b,lrow_75f55ff7b3c0,annex_logical_row,EXTRACTED_FROM
92bc6e61-8cc1-5415-9012-e2e81a394aae,lrow_69f3589c5884,annex_logical_row,EXTRACTED_FROM
c71f9a96-825c-59dc-a3e7-cc48cef7d907,lrow_99a05a14cdde,annex_logical_row,EXTRACTED_FROM
eca50d03-1b5e-5700-9550-1a6ce2dbf963,lrow_206d1cbe52be,annex_logical_row,EXTRACTED_FROM
25de5806-8dab-54ba-af1b-47d1951bfd20,lrow_bd92b73d5d5b,annex_logical_row,EXTRACTED_FROM
d06d6fe7-73ba-5658-98cf-b01a347ac2b6,lrow_c9d50206fad4,annex_logical_row,EXTRACTED_FROM
ca255b29-85c5-5f75-a9b7-1ee5d553fd08,lrow_d120b0544854,annex_logical_row,EXTRACTED_FROM
bc08adda-7ace-5ed2-a86c-35ead0c9a607,lrow_9bcb69817f56,annex_logical_row,EXTRACTED_FROM
63629836-3289-5bfd-87c0-b72fb2fa8eaa,lrow_1ebbd169ee41,annex_logical_row,EXTRACTED_FROM
0aed40d2-8b36-505b-a370-ecf344c59277,lrow_02f5fcade14c,annex_logical_row,EXTRACTED_FROM
40a144e0-0572-505d-a8b4-6829366506b3,lrow_f200080eb92f,annex_logical_row,EXTRACTED_FROM
8b9b8585-80cc-5b78-9f61-0ad3d3b8b00d,lrow_d5b8e615451b,annex_logical_row,EXTRACTED_FROM
2128df50-3d5f-5816-a440-6b4aa4529210,lrow_77ec95e27b12,annex_logical_row,EXTRACTED_FROM
1cd798cc-4210-58e8-895a-f51a4a0ed6da,lrow_e6f1342c1310,annex_logical_row,EXTRACTED_FROM
95d88ac1-07f8-5ff2-806d-f24d7875e388,lrow_d515aded2f2c,annex_logical_row,EXTRACTED_FROM
3052c547-244b-541c-9ae1-5973f89ba059,lrow_70bc1c08d2c3,annex_logical_row,EXTRACTED_FROM
7db80fd7-28ec-592b-890e-46780fd19843,lrow_da89d6e488c7,annex_logical_row,EXTRACTED_FROM
f80f9720-8a64-57b8-88e4-3941efb47931,lrow_b50e12d78157,annex_logical_row,EXTRACTED_FROM
0f3c6a17-cb35-53bf-af88-a400b4849f3e,lrow_7367148ea2fc,annex_logical_row,EXTRACTED_FROM
68697cb2-e5f3-58c6-8aa6-8f98200dc2bf,lrow_953b4f4942aa,annex_logical_row,EXTRACTED_FROM
53896b86-c598-581d-bb7d-ccd2127941cb,lrow_debd37ece043,annex_logical_row,EXTRACTED_FROM
49e2cafd-f0a9-5901-b574-e38e970f8c4a,lrow_9549ea79b9de,annex_logical_row,EXTRACTED_FROM
93946dfa-8073-5f3c-a919-43066e42e955,lrow_9823eea71073,annex_logical_row,EXTRACTED_FROM
1c80a01c-5416-5e87-af1e-7a8d265c253c,lrow_c0202ca15f73,annex_logical_row,EXTRACTED_FROM
a00a718d-4a3a-53dd-9562-1cf3bf6ab6be,lrow_b8b746707c80,annex_logical_row,EXTRACTED_FROM
f4f0495d-a1f0-51b7-bc58-c1bd0443142d,lrow_ef3929d58f3c,annex_logical_row,EXTRACTED_FROM
5075e93b-2e39-5c3e-9143-f67c287cb459,lrow_fa0ac2e90a2f,annex_logical_row,EXTRACTED_FROM
62801f04-2cae-575b-b1dc-28eea3f5c407,lrow_151fae0e6b14,annex_logical_row,EXTRACTED_FROM
0c46b847-5309-562d-84ec-9657c4a10668,lrow_58756ef7cb40,annex_logical_row,EXTRACTED_FROM
e7e9e329-ed8e-5fa2-b151-9b911e299e70,lrow_bae8de5f852d,annex_logical_row,EXTRACTED_FROM
6b3c4254-db45-5532-8a7a-b24ebcf1e967,lrow_06d20841bc4c,annex_logical_row,EXTRACTED_FROM
593f42b9-9ded-54b9-bc03-7d309446eeef,lrow_a742daac652d,annex_logical_row,EXTRACTED_FROM
59af219f-c49c-539a-80b3-636b337c59cd,lrow_4db6c6474b5d,annex_logical_row,EXTRACTED_FROM
bddb7d0d-b6eb-54d8-93e5-dabf54b882f6,lrow_1c7982e4f5a6,annex_logical_row,EXTRACTED_FROM
9ac59f34-593d-5ed8-82c7-7d2f08b8bfe1,lrow_6dcc7f518ae5,annex_logical_row,EXTRACTED_FROM
7d1d5808-d7b6-5a7e-8a06-b81fc033de3d,lrow_5171f095cd2d,annex_logical_row,EXTRACTED_FROM
9aba9eed-33fe-569e-a36b-90444cd9e7b4,lrow_d7ceb4a85b0b,annex_logical_row,EXTRACTED_FROM
6650744f-7be2-5cd6-a0cf-64073202bdfa,lrow_9ab5c5b679bd,annex_logical_row,EXTRACTED_FROM
e7ab9d11-9fda-5152-b7a4-67c3081d3774,lrow_a8716db55e2b,annex_logical_row,EXTRACTED_FROM
626eddf3-9ff1-5ace-9946-0550d1c2db39,lrow_1f5d635f0da6,annex_logical_row,EXTRACTED_FROM
377a701c-6f31-57c6-829e-87a3ac9828a4,lrow_7d963c32a7a3,annex_logical_row,EXTRACTED_FROM
cd9a2184-56ff-56ba-8a7a-f0f0398b9d1b,lrow_bc4fb7ace622,annex_logical_row,EXTRACTED_FROM
cc90d147-3982-563f-afd8-62c48c4e9b48,lrow_5132e662001f,annex_logical_row,EXTRACTED_FROM
0a61a108-1ff2-5ff8-b692-bf6c0effd26d,lrow_908e09fe9791,annex_logical_row,EXTRACTED_FROM
fac2f6d9-d103-5adf-8fec-f871722f07cf,lrow_59f93f4ba3ba,annex_logical_row,EXTRACTED_FROM
adc7e79e-09ca-5abd-bfd2-3284fe5d9f9c,lrow_0154a9764e51,annex_logical_row,EXTRACTED_FROM
05693732-c94d-5b37-adff-0b0876f5396a,lrow_bb0e99a42da4,annex_logical_row,EXTRACTED_FROM
04ca920c-56f9-5fe7-905f-dbd846f522cd,lrow_1e021e7a8ad2,annex_logical_row,EXTRACTED_FROM
e922d8ac-ac7f-5d17-8d61-89bdcf4b1e17,lrow_fa8c93ce68a8,annex_logical_row,EXTRACTED_FROM
a790deee-abeb-5483-8af0-f25b2443415a,lrow_19e7e6082844,annex_logical_row,EXTRACTED_FROM
040d11ed-b291-5bef-b781-e830c66ce7cd,lrow_1e637c40e5da,annex_logical_row,EXTRACTED_FROM
ae41fd2a-007e-5119-8087-3ceaf057ea16,lrow_fb7bb9613a9b,annex_logical_row,EXTRACTED_FROM
24e7bbc1-8202-5d58-9b4c-1669eff45519,lrow_56f3772d8ec5,annex_logical_row,EXTRACTED_FROM
b20340dd-9158-5aec-95fb-e96473e9d8ae,lrow_f66c1ae389d7,annex_logical_row,EXTRACTED_FROM
51a6de21-98ea-5b85-b4e3-6f361878b6b3,lrow_62212360b919,annex_logical_row,EXTRACTED_FROM
27cc4115-fa07-52e0-9f7a-76fd3c56a535,lrow_e538358f0061,annex_logical_row,EXTRACTED_FROM
858c0096-8ae8-5053-8a93-9ead4bd8081e,lrow_375ea9902028,annex_logical_row,EXTRACTED_FROM
8033cc76-9467-5558-838e-b730128fc9be,lrow_ce3f0a24eeae,annex_logical_row,EXTRACTED_FROM
0a48a3f4-4017-5cac-a583-c36eccbd127b,lrow_449d2640d8ce,annex_logical_row,EXTRACTED_FROM
1e01eb9b-835d-5475-b5cd-78ddbe0b4659,lrow_1a283908374f,annex_logical_row,EXTRACTED_FROM
4f1538d0-bace-59e9-8197-d3602b1488bd,lrow_80972e79a40e,annex_logical_row,EXTRACTED_FROM
19befe0b-70b4-5f76-a5c2-2c97d011abe1,lrow_ca0e4bf908cf,annex_logical_row,EXTRACTED_FROM
8f3917de-2b20-507b-a366-56f2bbab7f71,lrow_df14989aa455,annex_logical_row,EXTRACTED_FROM
67322dce-f31f-5c27-a172-92bd9ad511c2,lrow_530d0d868e4d,annex_logical_row,EXTRACTED_FROM
addca5ce-55b5-5c4e-b8c7-b65bd8f2b534,lrow_c10a852c4c98,annex_logical_row,EXTRACTED_FROM
63029c91-8a01-5032-b248-c398bde95a12,lrow_bf4835b4ec10,annex_logical_row,EXTRACTED_FROM
83410a67-615f-5ea3-9547-7d2a415a2fd7,lrow_f3a4af0383e5,annex_logical_row,EXTRACTED_FROM
a5b99235-b952-5e49-9378-af885a06914f,lrow_f090f73d9dc8,annex_logical_row,EXTRACTED_FROM
45a47093-95eb-5392-b9d0-6d5748c3b5e9,lrow_97786e0579ce,annex_logical_row,EXTRACTED_FROM
9025a826-d1ca-5c53-9846-aead067ff3e2,lrow_74c9d608be9f,annex_logical_row,EXTRACTED_FROM
26ee2e5f-bda2-5b8a-8cb1-c71ac0674f08,lrow_b6b9d5f80b3e,annex_logical_row,EXTRACTED_FROM
2b011184-4501-5051-9690-25524aecc7ba,lrow_db74d4cbe1b1,annex_logical_row,EXTRACTED_FROM
ce1cd761-fdfb-5f8e-b64f-e7dde72b11b8,lrow_c14e3331803f,annex_logical_row,EXTRACTED_FROM
9b1a5c41-c939-5e5b-897a-7b7759a8d9e8,lrow_cb55f8830cd1,annex_logical_row,EXTRACTED_FROM
5170958f-d5fc-559f-a1c2-47ac4bfb5e5a,lrow_3f4cd5dfd8a7,annex_logical_row,EXTRACTED_FROM
aeea45b4-8923-5738-a39c-ebd049eb4ff3,lrow_ea2fbef7f190,annex_logical_row,EXTRACTED_FROM
87b09e5f-37bc-554d-ba52-7c5ee7a2c092,lrow_7d27065738ca,annex_logical_row,EXTRACTED_FROM
55a4581d-2f7f-5860-ae8b-7e401aecbf26,lrow_c98c16d21252,annex_logical_row,EXTRACTED_FROM
53fefbc7-f529-57d1-9ae8-46f7b975245b,lrow_c75378f9cd7f,annex_logical_row,EXTRACTED_FROM
6751057c-8566-52aa-9480-017efdbf1d3b,lrow_54476e574ef0,annex_logical_row,EXTRACTED_FROM
9f904ea5-cfe2-52c7-a16a-c7943c5b9263,lrow_9b73e89101e4,annex_logical_row,EXTRACTED_FROM
e42af996-0878-5d20-8502-ea73f749b463,lrow_228bc84052f6,annex_logical_row,EXTRACTED_FROM
0cefda19-7389-5f5b-b836-89a10bee33bf,lrow_0d99753ac8e8,annex_logical_row,EXTRACTED_FROM
086fecb2-63c3-5d8b-a9a5-14b2dfbeef7b,lrow_6dc67d1e761e,annex_logical_row,EXTRACTED_FROM
fa984508-7107-5562-af20-b101520cc5f6,lrow_7d51494ba204,annex_logical_row,EXTRACTED_FROM
66ac62c8-ff97-5c09-885e-341010875db3,lrow_844671706aee,annex_logical_row,EXTRACTED_FROM
e2bf2f24-05ed-58d4-8c76-8040c6cd7ee9,lrow_0517b9b68d46,annex_logical_row,EXTRACTED_FROM
e9ce7289-4a33-5d03-b4f8-42e9e8774833,lrow_dd5f0b546525,annex_logical_row,EXTRACTED_FROM
b0d70beb-c435-58f7-9da5-9d3e60e22dc2,lrow_6560516af40b,annex_logical_row,EXTRACTED_FROM
b8632b1b-55fc-5025-a6b6-cee16962ca6c,lrow_ce58c58bf64c,annex_logical_row,EXTRACTED_FROM
8590c7ab-528b-5478-9be2-435ffb6e68c7,lrow_8c7a1a8ec92c,annex_logical_row,EXTRACTED_FROM
eccd9bab-6280-5a64-9efd-1e8e312ef4e7,lrow_bcac97364d0e,annex_logical_row,EXTRACTED_FROM
39df7b6f-96d9-50f7-ae79-a4f9e3fb8c94,lrow_350d074b81a4,annex_logical_row,EXTRACTED_FROM
87f08a2e-b5dd-50be-83f6-e1fb840192fa,lrow_d3da77afbda9,annex_logical_row,EXTRACTED_FROM
fe0f43bf-54f2-51ae-b689-c636fb2ac746,lrow_ed8d985de7d0,annex_logical_row,EXTRACTED_FROM
fdbde7a9-62ab-5684-b3bc-fb9da1289b46,lrow_010453adc82c,annex_logical_row,EXTRACTED_FROM
4decda60-6086-58b4-b843-bae1dbc8ccdc,lrow_e048fb91eb5f,annex_logical_row,EXTRACTED_FROM
d4306ce7-fd40-5154-b658-f50c13b7844d,lrow_00e5c5467b9c,annex_logical_row,EXTRACTED_FROM
44eff547-625d-5635-9256-2b7c08b2b2d1,lrow_155caf07a57e,annex_logical_row,EXTRACTED_FROM
9aa62e09-2b9a-5c55-9ba4-b933e88deda1,lrow_c1a08da79fec,annex_logical_row,EXTRACTED_FROM
952a17ce-3525-57ae-9f86-1edd3cd109cc,lrow_4da27ca1759c,annex_logical_row,EXTRACTED_FROM
003a56b8-e9d8-579e-a545-d9d261afd200,lrow_c98d8013b1ab,annex_logical_row,EXTRACTED_FROM
69cbbe25-f819-5009-8f14-d01d33ff4519,lrow_8cca7f034df5,annex_logical_row,EXTRACTED_FROM
921799c6-5051-587c-b524-dc13209ea907,lrow_8907673d67d1,annex_logical_row,EXTRACTED_FROM
64a2d04c-200c-5bf9-8d04-41890a47bc89,lrow_86c7999f5857,annex_logical_row,EXTRACTED_FROM
1dcf0c96-08e9-5ed7-bfd5-2edbae91ef01,lrow_93c8d9a4569e,annex_logical_row,EXTRACTED_FROM
51920a42-560e-5589-8bae-384c1fc7c547,lrow_fd84f335c9eb,annex_logical_row,EXTRACTED_FROM
4048210a-9b57-5e74-b9fc-3d6e5ca8c9a4,lrow_f7c9845f9247,annex_logical_row,EXTRACTED_FROM
30af0435-7e34-5b81-bd05-0c44defa0155,lrow_5eb4775b549c,annex_logical_row,EXTRACTED_FROM
49bfa248-721f-5089-acbe-e92ae6a57ef7,lrow_726fa8b4759a,annex_logical_row,EXTRACTED_FROM
a7673e09-3d09-53dc-bbb9-8842f2cb238a,lrow_e74f90818f11,annex_logical_row,EXTRACTED_FROM
d90c67ee-d620-51a7-bbac-2f7e23d92107,lrow_b47c4381aaff,annex_logical_row,EXTRACTED_FROM
db8fdc04-ac0d-52b8-a4da-3a60f867ccdd,lrow_f8d26ba862ba,annex_logical_row,EXTRACTED_FROM
e6510136-305b-52be-bafa-0aecb4ec3a82,lrow_0c6dda7a38c3,annex_logical_row,EXTRACTED_FROM
3b4f5e05-ed97-5ce0-8c22-79898d85839f,lrow_091e03a60d40,annex_logical_row,EXTRACTED_FROM
a78ffb70-6cce-5fe8-9c82-20a1da7fd752,lrow_24577e7c8680,annex_logical_row,EXTRACTED_FROM
551e7bfb-8f8e-5caa-bc9b-c68c76427b2a,lrow_158bd6454d12,annex_logical_row,EXTRACTED_FROM
b31aa578-52b9-58c5-a34d-3c5a78dc562c,lrow_a2d1d3ad732a,annex_logical_row,EXTRACTED_FROM
3e861fb6-08f9-5194-89f2-b38dc1921324,lrow_f9289f7ed5af,annex_logical_row,EXTRACTED_FROM
353f6ccc-1149-5ccd-9d32-9aad67750baa,lrow_efecda44dcaf,annex_logical_row,EXTRACTED_FROM
3e6a6da2-05d4-5218-9be0-a6ff30470b14,lrow_42fd539c3828,annex_logical_row,EXTRACTED_FROM
056155d3-1680-5d2e-8d66-87326ff70940,lrow_5e5773af900a,annex_logical_row,EXTRACTED_FROM
7e01d75f-af74-509a-8dbe-1b5d2dac2b26,lrow_6a826d661fa6,annex_logical_row,EXTRACTED_FROM
804b8b82-a13d-5e21-beed-68170ed4a28e,lrow_21f51d3998bb,annex_logical_row,EXTRACTED_FROM
b1915523-b913-56b7-b4d9-9188b40eb49a,lrow_95cbcb512a20,annex_logical_row,EXTRACTED_FROM
487a1e1f-a604-5d2a-904d-df444cd13811,lrow_1f21685959ed,annex_logical_row,EXTRACTED_FROM
37803d5d-bf18-561d-87f7-cd1f92c1008d,lrow_12f0d75d0caf,annex_logical_row,EXTRACTED_FROM
0e122635-96a4-5404-8aac-e58a9c1b84b7,lrow_2a16cadc1175,annex_logical_row,EXTRACTED_FROM
29ef5e76-481a-503d-b629-3a97373d3463,lrow_8221e39cc9de,annex_logical_row,EXTRACTED_FROM
4c34ca82-3362-5131-8895-df75a87ebc09,lrow_d15f27d79f06,annex_logical_row,EXTRACTED_FROM
c3e4d802-068a-5fc5-b3b8-a4273a0505d5,lrow_e8e111d54252,annex_logical_row,EXTRACTED_FROM
61e81fe3-d045-5523-9a35-b672f3a802d7,lrow_303436b43c0a,annex_logical_row,EXTRACTED_FROM
c76eccbb-7d5b-5d12-af01-7e96a67d285c,lrow_2c2b8a0231e9,annex_logical_row,EXTRACTED_FROM
a3d831a6-4edc-5516-af59-d2618cd3ecb9,lrow_e353415e43b2,annex_logical_row,EXTRACTED_FROM
eff388db-ae35-56c3-80e3-3a2ac37f87ef,lrow_bb2fb7d72f3d,annex_logical_row,EXTRACTED_FROM
0199975f-e98e-545e-9eb3-7406992ec8b6,lrow_8150bd6bd22b,annex_logical_row,EXTRACTED_FROM
a0040619-e85c-57c6-a836-4e15276a5f47,lrow_4a6222edd453,annex_logical_row,EXTRACTED_FROM
8988d98f-32d3-57ca-8cb4-37ed4a0575d7,lrow_49883f7f8ea7,annex_logical_row,EXTRACTED_FROM
3536bfd6-1d2c-590e-9bfb-f3a8425ce303,lrow_e4c6447d7e7b,annex_logical_row,EXTRACTED_FROM
84891644-ae5b-5a6e-9d3a-35ed7abcf8f9,lrow_c596f2d4e628,annex_logical_row,EXTRACTED_FROM
ffbfc1b8-ff54-540d-ab03-8bb9f4b07018,lrow_06326a8aaa3d,annex_logical_row,EXTRACTED_FROM
20f9338c-0e09-5495-8a26-82637cb832ec,lrow_2ea897958145,annex_logical_row,EXTRACTED_FROM
108ea300-f063-52fe-95f1-556bda313015,lrow_cd22f23ffebb,annex_logical_row,EXTRACTED_FROM
7c18e14f-8e9c-53ad-bae7-48c8f6216f12,lrow_8d594afa6e51,annex_logical_row,EXTRACTED_FROM
ffe01611-6aa1-55c3-abff-5be075cc787d,lrow_5b5168af09a7,annex_logical_row,EXTRACTED_FROM
915a5445-8040-55c7-bb19-e75c527d880a,lrow_d7de97ab9b08,annex_logical_row,EXTRACTED_FROM
d12eb54b-9de6-5d80-9657-4759f1bc6baf,lrow_2ea4dcf9f5fe,annex_logical_row,EXTRACTED_FROM
890b205f-91eb-5271-86b5-ea3bcf90200e,lrow_ccf1b9442d19,annex_logical_row,EXTRACTED_FROM
fcba5a2b-b324-531b-ab5a-a8979cafaa1a,lrow_50eff6105b0a,annex_logical_row,EXTRACTED_FROM
94adbbe7-8c91-5ae0-b961-8f1ae7e1495b,lrow_79d3fa0203e4,annex_logical_row,EXTRACTED_FROM
f7349a54-2dfc-5988-b8e8-d12bc975367a,lrow_4d0d1c91afa9,annex_logical_row,EXTRACTED_FROM
36679ef0-8ac6-5e34-99a2-aebbe34aab5a,lrow_4119a2772b3a,annex_logical_row,EXTRACTED_FROM
8a03e504-cfb6-589f-acf3-f0f01f6077b0,lrow_8112f4cff4e8,annex_logical_row,EXTRACTED_FROM
f6b41fd1-6f17-500e-9129-7819c417eb5f,lrow_1624fb49f62b,annex_logical_row,EXTRACTED_FROM
0c43acea-821c-5db8-8c90-20b8160f8f2b,lrow_0f68edbca6e0,annex_logical_row,EXTRACTED_FROM
04533c5e-5a53-5714-97e3-8a511454b3c1,lrow_89c8db2b3b95,annex_logical_row,EXTRACTED_FROM
c2611078-2743-584f-b5ca-0ba7bc47185b,lrow_1e75dba6106d,annex_logical_row,EXTRACTED_FROM
c1bdcdfb-62d3-5baa-afd7-6804e9c8383a,lrow_a8921a2d880f,annex_logical_row,EXTRACTED_FROM
4f26172b-578f-51f5-871d-5f3326fe2e36,lrow_6e2d9bff7944,annex_logical_row,EXTRACTED_FROM
27aca6c1-5873-5f3a-b835-b33fbb1f37bd,lrow_3bb0a4fb7da5,annex_logical_row,EXTRACTED_FROM
9cc26909-19df-5417-9b9f-116ee5f2cb5d,lrow_7041135a33d0,annex_logical_row,EXTRACTED_FROM
1efd3998-8bc7-5ab8-be17-9cd52531abb9,lrow_3be3d4710dc7,annex_logical_row,EXTRACTED_FROM
2ba0e2c1-1c26-5eb1-8c2d-19fb91c14164,lrow_e69288239947,annex_logical_row,EXTRACTED_FROM
de4722ef-0c8e-5c7c-b1a9-a19f859f44ca,lrow_dbf9a308dbd0,annex_logical_row,EXTRACTED_FROM
87c9f8b6-b0d3-59ac-a3ee-fe061c3c8b5c,lrow_a2a845c98e57,annex_logical_row,EXTRACTED_FROM
b35d3a47-3744-59d0-8dac-fe881008048c,lrow_9336855a014f,annex_logical_row,EXTRACTED_FROM
0e83640c-99b3-5895-b587-3486bab5c276,lrow_bd330ed4f6b0,annex_logical_row,EXTRACTED_FROM
60d45293-59f3-5edf-a9c7-549c7edde1d6,lrow_e0582b00269e,annex_logical_row,EXTRACTED_FROM
e231ed09-92f6-58a1-8ac7-7977f2cfc515,lrow_9bfe87107380,annex_logical_row,EXTRACTED_FROM
2343aafc-8c07-598c-9e61-70e4a3860c2a,lrow_afea04bb7ad5,annex_logical_row,EXTRACTED_FROM
d19e1127-ba45-5b23-8f2d-7fb7929c1dde,lrow_81f92644a4d9,annex_logical_row,EXTRACTED_FROM
77e4328d-20fb-5276-bb13-8168b4648f6f,lrow_07d50c5e731b,annex_logical_row,EXTRACTED_FROM
beea1089-aac8-5f6f-ad7d-d670f51c5944,lrow_ec557a34e047,annex_logical_row,EXTRACTED_FROM
87662022-81e5-5be4-a616-71ceb7d05b2d,lrow_fb919f7d4718,annex_logical_row,EXTRACTED_FROM
591788ab-c6e3-556f-8714-3f2065bebcc7,lrow_fe5f117b097f,annex_logical_row,EXTRACTED_FROM
a3c2e50e-7d0f-594b-8a07-e7941001cd2d,lrow_8f1df7371cef,annex_logical_row,EXTRACTED_FROM
3df1ab9b-fdea-53e1-88f3-c8015029a3bf,lrow_fe09b22a7b68,annex_logical_row,EXTRACTED_FROM
bc1090c4-f7d8-5c8d-b02b-7bbe6c0f9b31,lrow_5cb47763551a,annex_logical_row,EXTRACTED_FROM
8cd456af-f5f4-5a26-8079-e9deabf12dac,lrow_5bb8d1c110e9,annex_logical_row,EXTRACTED_FROM
2321f0aa-9677-5104-ad71-0234f7adba91,lrow_5ebc28c38d21,annex_logical_row,EXTRACTED_FROM
b64d1702-60d9-54a2-b335-7ac47ab66073,lrow_006ae32d1e05,annex_logical_row,EXTRACTED_FROM
37fddaf5-f41e-51d3-8521-80aec0918393,lrow_62ab0f9d6c59,annex_logical_row,EXTRACTED_FROM
aee08754-85b2-55fd-9138-19cd235e0a06,lrow_fcba17ff05c5,annex_logical_row,EXTRACTED_FROM
528223e9-2b4a-5055-9017-1abfd2591884,lrow_cd8c7da794e9,annex_logical_row,EXTRACTED_FROM
6f969b8b-87f6-5076-a831-8ac9d6e71c69,lrow_124629b757c9,annex_logical_row,EXTRACTED_FROM
e5a35858-c282-573f-9ccd-d165e9ba7b3d,lrow_8097a4cb30dd,annex_logical_row,EXTRACTED_FROM
4690b323-d000-5427-9f16-a6781aa3b431,lrow_a2ef0edd77dc,annex_logical_row,EXTRACTED_FROM
ea5d72e2-ddfa-5beb-ab12-a551a5af805f,lrow_0858eb6eee31,annex_logical_row,EXTRACTED_FROM
f19e198c-ecc4-5aa0-ad1a-2b2c192da747,lrow_636f4c91acb5,annex_logical_row,EXTRACTED_FROM
b348df2c-6988-57c2-aa04-b3ec7f1b215e,lrow_ad5c4a9c0fb1,annex_logical_row,EXTRACTED_FROM
27727488-10b4-5fa5-8428-6200c25aa406,lrow_d5096272f52b,annex_logical_row,EXTRACTED_FROM
06e643d0-1f14-5ce1-bbe8-addeecbcddbf,lrow_47b07202b114,annex_logical_row,EXTRACTED_FROM
fb6b356f-08a9-572d-8450-502b52d727d8,lrow_e6e08f690e8c,annex_logical_row,EXTRACTED_FROM
11102f4b-12d8-5318-b623-185a0f7a6e7e,lrow_1f0519e7e89c,annex_logical_row,EXTRACTED_FROM
7bff6b23-872c-5e4d-951b-5116319bd8bc,lrow_0f038f044cd8,annex_logical_row,EXTRACTED_FROM
fab09e1b-c257-5463-8104-11fb912c070d,lrow_cefc0b843123,annex_logical_row,EXTRACTED_FROM
ef097064-4538-5643-84f3-8e166ba70e19,lrow_3414ea3993c8,annex_logical_row,EXTRACTED_FROM
e18e25a3-a609-5409-b73f-9e9a27a88555,lrow_305a6f428328,annex_logical_row,EXTRACTED_FROM
9ee5f3c1-f634-5ad9-a394-c36cbf7d5d17,lrow_58d9fd89c407,annex_logical_row,EXTRACTED_FROM
7fe1c033-4fc6-563e-a714-d8537829364a,lrow_1d85d742ac4d,annex_logical_row,EXTRACTED_FROM
ff38b9bf-91f6-5948-aba1-c8a04df4889f,lrow_25803a2fbf26,annex_logical_row,EXTRACTED_FROM
0fe1ccd6-4a56-535a-8f99-0af1983fc09d,lrow_44738e478c4e,annex_logical_row,EXTRACTED_FROM
1d627a34-7120-5274-ba4f-01847bfc5c17,lrow_73176f36c0e0,annex_logical_row,EXTRACTED_FROM
06253952-53de-52db-b269-024fa8ca0d1f,lrow_02eb50d0df70,annex_logical_row,EXTRACTED_FROM
ee84e264-aa93-58f8-8807-45e7dbd7fb8d,lrow_75138e32e8ea,annex_logical_row,EXTRACTED_FROM
6931acc7-5824-53b2-95ca-78f9f774b672,lrow_908fa281d091,annex_logical_row,EXTRACTED_FROM
1de332f5-c8b8-5789-a0a6-b8d2d06d346d,lrow_64853332c898,annex_logical_row,EXTRACTED_FROM
7cb8fa11-e8d8-5836-8412-241ee5884039,lrow_b830bea2d9e7,annex_logical_row,EXTRACTED_FROM
5a751b7d-0cac-5563-bb89-3112ed5ad16d,lrow_c85616192803,annex_logical_row,EXTRACTED_FROM
898ff59c-5c43-50e2-8ec9-bec88b91d7ea,lrow_aa573a0f7f52,annex_logical_row,EXTRACTED_FROM
06e388a5-aa28-5189-86c7-093909c06dd7,lrow_e22c17b9695e,annex_logical_row,EXTRACTED_FROM
14d6b711-37be-5271-b52c-39d9b5388d53,lrow_97b2c2b9634b,annex_logical_row,EXTRACTED_FROM
2d0e88ff-0d8e-538e-8fea-76fec7a27805,lrow_3eb4bc6e3f1f,annex_logical_row,EXTRACTED_FROM
f331b5f6-a1a3-5c3d-8cbc-fbb1e9e512df,lrow_4424f9df1ab7,annex_logical_row,EXTRACTED_FROM
1a25978a-a368-5361-8cae-e06c3564b04b,lrow_190ac424e678,annex_logical_row,EXTRACTED_FROM
35065681-7801-5858-af3c-f47bf3b197d3,lrow_6780987b0846,annex_logical_row,EXTRACTED_FROM
4a799a13-4623-5204-a8ee-5b224b82adad,lrow_4d7c861cfb4d,annex_logical_row,EXTRACTED_FROM
fdc5bc3f-abbc-50ab-a060-175050ff110b,lrow_8e895c5495d0,annex_logical_row,EXTRACTED_FROM
e849f432-7309-5793-9f67-1065c656dfa3,lrow_01986774f8b3,annex_logical_row,EXTRACTED_FROM
f71dafdb-0bf5-5c97-b76b-9ed76b1cc7ea,lrow_ddf90bd69cc5,annex_logical_row,EXTRACTED_FROM
40b0efcd-9f17-5ed4-98db-a90fe161f4bc,lrow_276fe9a531b7,annex_logical_row,EXTRACTED_FROM
66c148c0-3345-5804-8a46-23a2fdac0b37,lrow_02b8fefef1f5,annex_logical_row,EXTRACTED_FROM
1fcab6e3-3217-5368-a04e-476758be13d8,lrow_2cab44d3648b,annex_logical_row,EXTRACTED_FROM
4d9dbbc7-d6c1-5826-a118-3f0f0623d001,lrow_41895abfb3ae,annex_logical_row,EXTRACTED_FROM
51a69a27-514b-5e34-ba54-4bbf32697c00,lrow_89216ef51d00,annex_logical_row,EXTRACTED_FROM
101f4427-2a3e-5fe7-a046-0430ab93cb13,lrow_140032c9b257,annex_logical_row,EXTRACTED_FROM
ef56581e-fa0d-514e-87d9-54e36cdf6139,lrow_337740af6a6a,annex_logical_row,EXTRACTED_FROM
f630e769-b3cf-593c-b374-9da8eaf00269,lrow_4570e88d6b1f,annex_logical_row,EXTRACTED_FROM
047d4539-4f30-50c4-aba9-973a90b71894,lrow_84933c20da81,annex_logical_row,EXTRACTED_FROM
3b3313c1-5cba-5428-ae93-031343008f8e,lrow_6eff27e3ecc3,annex_logical_row,EXTRACTED_FROM
87d1caa1-5e7f-5d35-be26-14dc51aa1075,lrow_9fcb96b4d4c5,annex_logical_row,EXTRACTED_FROM
7165f73b-9294-52fb-9085-6d552080c69c,lrow_a38a47c8d374,annex_logical_row,EXTRACTED_FROM
838da547-f06f-55d9-a94f-37b28fd29e8c,lrow_50d7c60a419e,annex_logical_row,EXTRACTED_FROM
e3a7a629-8c75-5ab5-8baf-842a9152ccf6,lrow_64422c7d88de,annex_logical_row,EXTRACTED_FROM
8e0f4968-b850-5c44-aac8-53f2215ab9d8,lrow_882d3c7dbe36,annex_logical_row,EXTRACTED_FROM
1b39e14b-c019-5874-b4bc-847a87e774d1,lrow_b39fdf189f45,annex_logical_row,EXTRACTED_FROM
b4a385a4-a5b1-5efa-991d-41a3a204c0f4,lrow_e57c84541e8a,annex_logical_row,EXTRACTED_FROM
3386d70b-1df6-5844-b017-646b02fc86d2,lrow_62d852a7adb8,annex_logical_row,EXTRACTED_FROM
a8a6209a-6061-5530-9b95-cd65b82ec147,lrow_64cc6ad15bb5,annex_logical_row,EXTRACTED_FROM
518b94bb-4609-547b-958b-731bef4d05ef,lrow_feb51c9597c5,annex_logical_row,EXTRACTED_FROM
a47b7411-3bfd-5b59-a2c1-fa6c7ef6e65a,lrow_d204e9195b3a,annex_logical_row,EXTRACTED_FROM
197cac8b-69e9-5abc-b691-8b7235786308,lrow_c80468d220c8,annex_logical_row,EXTRACTED_FROM
0eea54af-33e3-5196-987e-38104601e6e0,lrow_e8be13267c6e,annex_logical_row,EXTRACTED_FROM
71f786f2-61e2-51b2-a63e-bc6952e0a4ea,lrow_ced9ef914233,annex_logical_row,EXTRACTED_FROM
4fd3ef12-8e7b-5bed-870f-1046279fc089,lrow_2d7512161d4e,annex_logical_row,EXTRACTED_FROM
13ae90c3-67b9-5611-970f-660698f217c9,lrow_7c76b0cfb1b6,annex_logical_row,EXTRACTED_FROM
ecc14a47-6c00-5b2a-b697-c9c5482b5d76,lrow_5b143bcbc5b0,annex_logical_row,EXTRACTED_FROM
63124aba-e91f-5443-b3aa-456eb3b38ef1,lrow_c8d83807fdc1,annex_logical_row,EXTRACTED_FROM
9022bdcb-8190-50af-bb83-3baa0f739661,lrow_20b8ce56e740,annex_logical_row,EXTRACTED_FROM
aed45437-058c-549d-8494-a51e7a17fd93,lrow_deb9d05ac372,annex_logical_row,EXTRACTED_FROM
8af2a912-45fa-5f22-aa31-779ccb03d6a9,lrow_68b624173fb8,annex_logical_row,EXTRACTED_FROM
ebe53bea-7dde-5ed6-aa50-5bccafea66a3,lrow_e77e71922be7,annex_logical_row,EXTRACTED_FROM
e2ba6484-56fa-57c9-be63-08e5345b8be9,lrow_a691e673df06,annex_logical_row,EXTRACTED_FROM
e4cc7602-3ae9-5456-872b-887158f9d640,lrow_4ee9cdfe6442,annex_logical_row,EXTRACTED_FROM
ca72dbf3-c145-5097-8a02-3ae6b9ae03a6,lrow_c47a428793ef,annex_logical_row,EXTRACTED_FROM
15f9515c-3ee6-5065-9fc7-f3a833306f99,lrow_77f77a21714d,annex_logical_row,EXTRACTED_FROM
5c9785b1-697f-5f66-926e-ff87cb3b5875,lrow_af5900e48fb4,annex_logical_row,EXTRACTED_FROM
458501cf-7120-5a95-93d7-20a0bb156f1e,lrow_649c54bc1aea,annex_logical_row,EXTRACTED_FROM
d0f83036-b3af-51f8-8057-2cd6ec31e1fe,lrow_03fbb9851e9d,annex_logical_row,EXTRACTED_FROM
bb62c61a-8276-522f-8565-33957792b18a,lrow_bf470cd9bb92,annex_logical_row,EXTRACTED_FROM
af60adfb-4ca0-5c40-8bde-fb562fd76633,lrow_2d7557b51904,annex_logical_row,EXTRACTED_FROM
9aee5572-82fb-5271-ab8a-291e469ddcf0,lrow_9ba1f021c3f7,annex_logical_row,EXTRACTED_FROM
c002b38d-47f1-55a7-8ac1-6a06d9f497b1,lrow_f48785efa316,annex_logical_row,EXTRACTED_FROM
01abe510-fde2-5e33-bb57-493124f84731,lrow_fbec6f284aa9,annex_logical_row,EXTRACTED_FROM
cf605f42-4337-57b2-bff3-b00d94595ee1,lrow_03b3dbaff02c,annex_logical_row,EXTRACTED_FROM
a60bcfe9-8a02-57fa-bd1b-a01881bfd58f,lrow_3849b23f3d3c,annex_logical_row,EXTRACTED_FROM
a9bc238e-7c56-5364-b36c-7261c1796cff,lrow_7919a499dc42,annex_logical_row,EXTRACTED_FROM
a8fe43a1-5ec8-5bee-bf21-61a2242a303a,lrow_07625f2745ae,annex_logical_row,EXTRACTED_FROM
75c4a081-41cc-5911-b2a0-b5fa095dd79e,lrow_0e231bd00162,annex_logical_row,EXTRACTED_FROM
fdb24e89-cf7b-5605-bbc4-d9cf1a9e05e9,lrow_2ca1492d4d72,annex_logical_row,EXTRACTED_FROM
80c12e2d-fab8-5766-bc77-e13a8dcff776,lrow_a894df858d8e,annex_logical_row,EXTRACTED_FROM
9e4d07bd-3161-5bd2-8029-3ed5664dc0be,lrow_bbc79e526a2e,annex_logical_row,EXTRACTED_FROM
594d7c84-afe9-5ccb-a410-b746cd6a6b60,lrow_a5c58d69b225,annex_logical_row,EXTRACTED_FROM
69f7b600-24ee-527e-8671-8d5c603a8b5b,lrow_b90d0644b424,annex_logical_row,EXTRACTED_FROM
a11478a4-fda9-5279-ae30-dfee32eb3eb0,lrow_fed612105a32,annex_logical_row,EXTRACTED_FROM
533ec622-f38e-5242-9d22-e653ef4e1517,lrow_2c749268f40d,annex_logical_row,EXTRACTED_FROM
10138fe8-b6d3-5861-88d2-c6e8e67f25b0,lrow_23e618d65709,annex_logical_row,EXTRACTED_FROM
ac5bf21c-f5c2-53d5-b7bd-a6e605427790,lrow_b0331f4bc231,annex_logical_row,EXTRACTED_FROM
4f5f4d9d-7a44-5680-bea5-d881bc1c4fc7,lrow_94c7385f98c4,annex_logical_row,EXTRACTED_FROM
5bcd1566-8b15-5470-a762-f22e66e863a7,lrow_89d2cf770e77,annex_logical_row,EXTRACTED_FROM
b1a12d41-16ee-5926-95ad-6cd231c78f6b,lrow_c305b6f361b6,annex_logical_row,EXTRACTED_FROM
7782e18a-34b0-5c73-934b-76ad2e00a3f6,lrow_88e449b54e20,annex_logical_row,EXTRACTED_FROM
5bf28c2f-07e2-5efe-9853-e446c9200e4b,lrow_b11a0f1ecf41,annex_logical_row,EXTRACTED_FROM
cea65282-e5de-5ca5-b039-70cabfd54247,lrow_be5711156223,annex_logical_row,EXTRACTED_FROM
1b363b2b-8a3a-5d6e-a15f-faec61b12dd4,lrow_03ae2f852865,annex_logical_row,EXTRACTED_FROM
162645cc-5a13-5627-961d-fb89361a3f0c,lrow_fd746919f62e,annex_logical_row,EXTRACTED_FROM
2a9fbd9a-8de9-5906-8f2b-b80e998d960d,lrow_a28e589b24a7,annex_logical_row,EXTRACTED_FROM
0eb16913-9fd8-545c-be57-b1ecb1d91f80,lrow_414539215ed3,annex_logical_row,EXTRACTED_FROM
68220419-2de4-553b-8697-a4ff58d3843e,lrow_8ad00918d73c,annex_logical_row,EXTRACTED_FROM
d10d31a9-3e24-55e3-86ba-150f4fcf2ee9,lrow_b023b57d3387,annex_logical_row,EXTRACTED_FROM
1cfe5c72-6cff-52a9-998e-fc5b5b2ed0e1,lrow_a08bba37c0ad,annex_logical_row,EXTRACTED_FROM
5682f1ad-819b-553b-a300-f1c531e8a7c0,lrow_bd3de73009f5,annex_logical_row,EXTRACTED_FROM
bdba92b8-c7ba-53ca-9c18-c7c7339aec84,lrow_4efc4eb55d8e,annex_logical_row,EXTRACTED_FROM
1e395a3d-9738-5ad8-9102-2886a44bf1b3,lrow_e558ac0ba4b7,annex_logical_row,EXTRACTED_FROM
4a2b3f5f-06bc-55b6-bce0-332899d483bc,lrow_a21f709ed6f9,annex_logical_row,EXTRACTED_FROM
e834ca99-8f74-59b5-996c-1ae8cd561eda,lrow_a075711206b8,annex_logical_row,EXTRACTED_FROM
87798465-d0a3-5b67-bd57-30590c651207,lrow_720e406f7129,annex_logical_row,EXTRACTED_FROM
db61693e-8901-57a6-aca7-5f796029f1c6,lrow_723001a71afc,annex_logical_row,EXTRACTED_FROM
b23dbbed-9fe7-517a-9298-5c8a59046573,lrow_e6d158296c9a,annex_logical_row,EXTRACTED_FROM
381d6b82-b7f6-5138-be92-7068d01e5ce9,lrow_619f275678d4,annex_logical_row,EXTRACTED_FROM
952ab018-1b40-51d3-831d-13636e252242,lrow_6e536ed9c821,annex_logical_row,EXTRACTED_FROM
d8d306f8-c628-5e3d-a00e-436790ed26d6,lrow_6f73bde74537,annex_logical_row,EXTRACTED_FROM
34fc9201-e5a7-5a9f-8706-a310146717eb,lrow_5620b69e7a59,annex_logical_row,EXTRACTED_FROM
68906a66-bdb5-53a7-9b58-9cc04dcca8d9,lrow_ba30085cc550,annex_logical_row,EXTRACTED_FROM
52876570-126f-52a1-beda-09ce5b3b4ff2,lrow_d8063f3293fd,annex_logical_row,EXTRACTED_FROM
fc59f456-e558-5a22-9f8c-3100f321f801,lrow_ccd23374d434,annex_logical_row,EXTRACTED_FROM
8c03e31b-3e63-5d8c-bc18-5dc48311e662,lrow_8810ec0d858c,annex_logical_row,EXTRACTED_FROM
50db7131-947f-5761-ae46-c7962e3ca56f,lrow_40e8ba74c8b7,annex_logical_row,EXTRACTED_FROM
8078a597-6de0-53a6-a387-4e516420b376,lrow_05c0ac3c35e7,annex_logical_row,EXTRACTED_FROM
31f2bd7b-3790-51d7-8aa3-c139a1a4820e,lrow_f12316e1b769,annex_logical_row,EXTRACTED_FROM
640163cf-6c40-578c-bedd-47bf3c51d7df,lrow_e4bedb366142,annex_logical_row,EXTRACTED_FROM
bf5676b6-2330-58c0-8e3d-45e6ca7ae21e,lrow_ac1a46539a9f,annex_logical_row,EXTRACTED_FROM
e39b57af-28ff-5489-a8ea-34f5bf08cbd5,lrow_1534e76f1c66,annex_logical_row,EXTRACTED_FROM
fb16f040-5a62-5240-a786-153a20f98a88,lrow_b5b12f71636a,annex_logical_row,EXTRACTED_FROM
54656757-c09f-5b63-8890-46bb2402e7a9,lrow_05558382dba5,annex_logical_row,EXTRACTED_FROM
7659b6b7-567b-5214-b94f-3b593317f853,lrow_e72e60304ef3,annex_logical_row,EXTRACTED_FROM
d9b49124-b0ad-528e-97c6-dfc3732d6b63,lrow_e91d9bdd581b,annex_logical_row,EXTRACTED_FROM
2ee56158-9481-5acd-8839-2f291701202d,lrow_a623d908bcd1,annex_logical_row,EXTRACTED_FROM
d3ee9aee-3ce8-518c-a69a-6a9ef9dc7f4f,lrow_60e805f3a443,annex_logical_row,EXTRACTED_FROM
8735fe84-7e0a-56a8-8236-67100b810124,lrow_7f896a89c213,annex_logical_row,EXTRACTED_FROM
9233d591-5430-5b90-8b26-f6da15a679a0,lrow_aaaca092f299,annex_logical_row,EXTRACTED_FROM
e162ef11-ecd2-508e-be15-838d5ab0dd2f,lrow_89494f7f9b70,annex_logical_row,EXTRACTED_FROM
1d788e71-f7e9-54cc-bdf2-9cc97daff204,lrow_b738794db936,annex_logical_row,EXTRACTED_FROM
aefba5fe-8d5b-5444-b289-0da40b4999ca,lrow_115695b29f80,annex_logical_row,EXTRACTED_FROM
9678d7d1-5b53-5468-99a3-760e3b447531,lrow_b29e8084d9b0,annex_logical_row,EXTRACTED_FROM
7ccd1dd8-4f8d-5170-92da-9e6307de5900,lrow_c5fa9fdffd2b,annex_logical_row,EXTRACTED_FROM
1f6cd88b-f9c1-5353-84fa-8025ad57110f,lrow_cf4ae517f869,annex_logical_row,EXTRACTED_FROM
754ee245-92f5-5377-bd3a-ff696bf2ff3c,lrow_a4bef842e63e,annex_logical_row,EXTRACTED_FROM
0b1c8f2a-6183-5849-8217-da986c6df691,lrow_e608689036ff,annex_logical_row,EXTRACTED_FROM
4c42a810-630c-5ccf-b261-8524c5a95df9,lrow_769b9cbe83c7,annex_logical_row,EXTRACTED_FROM
f4cf198a-20c0-58f0-8bf3-00d72464f403,lrow_bf51a8ef92b4,annex_logical_row,EXTRACTED_FROM
bdd1c55b-ea96-5331-b910-e2bd74a594d9,lrow_9bd474f6bbfe,annex_logical_row,EXTRACTED_FROM
fe976e50-c010-56f5-bfaf-009ff1e8371e,lrow_ec0fff9aeec7,annex_logical_row,EXTRACTED_FROM
564f474f-0a75-5118-b694-e935bd5aec51,lrow_9131ac98bf6c,annex_logical_row,EXTRACTED_FROM
d25e60c4-5a45-5429-8fd2-fa275bcaae55,lrow_b6b92a652c78,annex_logical_row,EXTRACTED_FROM
ab8eab36-babb-56d3-93d4-abdd1a68b505,lrow_7edf49bbabe1,annex_logical_row,EXTRACTED_FROM
268ce081-92cd-5255-8895-efe709a0dd04,lrow_aeee4429b847,annex_logical_row,EXTRACTED_FROM
f3a1be7f-9674-5fa5-8c7a-48c67fa24dc7,lrow_7d8545ab0585,annex_logical_row,EXTRACTED_FROM
e0cc1664-6bfc-5d71-9793-5cde0dbbfc35,lrow_6f0b8e129b9d,annex_logical_row,EXTRACTED_FROM
1f64341d-c3dc-512e-80bb-cedb128fe002,lrow_dec51d2d7f49,annex_logical_row,EXTRACTED_FROM
0c01c59d-9530-5911-8d5c-d455b203abed,lrow_7e64be8a9502,annex_logical_row,EXTRACTED_FROM
c11fc0e9-df2c-521c-aff0-b190c42317bc,lrow_6b1eda269a44,annex_logical_row,EXTRACTED_FROM
05870786-620a-5875-9bce-08dcdf37a580,lrow_0ff9d3860dff,annex_logical_row,EXTRACTED_FROM
d7aa0168-20ce-5416-a648-0f5b47776607,lrow_0e95e9b90997,annex_logical_row,EXTRACTED_FROM
7801bb7f-92e6-5143-bd3b-5ce487583cb4,lrow_96afd2882813,annex_logical_row,EXTRACTED_FROM
9fd76836-fcf4-5e7e-82f3-609e93a2ea51,lrow_900c16d50197,annex_logical_row,EXTRACTED_FROM
818c6844-2443-5fd4-a215-6305c7ad2037,lrow_df874ac79d99,annex_logical_row,EXTRACTED_FROM
3efb74f3-9e12-5310-8f00-3a5accece94a,lrow_11ad0722b92e,annex_logical_row,EXTRACTED_FROM
93669cdd-efae-53eb-bea6-8c0519fb7c16,lrow_92c89f34af42,annex_logical_row,EXTRACTED_FROM
5a89e4f9-bac2-5b31-a6c7-3f52ce1b633e,lrow_5bc4e2be5eed,annex_logical_row,EXTRACTED_FROM
bec08c83-5b35-5dcd-a43c-180f02acb199,lrow_5b0cae971d62,annex_logical_row,EXTRACTED_FROM
f606d74a-a0cf-5925-8f49-d6eb130e681e,lrow_aa6f908d97e1,annex_logical_row,EXTRACTED_FROM
b33b8bb7-1411-5708-8977-4ae2105af254,lrow_19a84f065153,annex_logical_row,EXTRACTED_FROM
b47538a3-639a-535c-8886-e1e0523cf692,lrow_0589c9ff0a87,annex_logical_row,EXTRACTED_FROM
4d96e90f-af08-50f4-b516-fa02598ffeb2,lrow_53e792b2295d,annex_logical_row,EXTRACTED_FROM
5b27aba1-77a8-57cc-8294-6cb2182600dd,lrow_2f251fd29f37,annex_logical_row,EXTRACTED_FROM
6ed12123-1c59-591b-8dc6-2af198bca2ba,lrow_f69304c3ed42,annex_logical_row,EXTRACTED_FROM
c47ec9f0-3c2d-5e10-97d5-1d50934d2464,lrow_509a85633d9f,annex_logical_row,EXTRACTED_FROM
90eb4fec-3a68-573a-b566-dfb2630ececd,lrow_a41fc556dc50,annex_logical_row,EXTRACTED_FROM
17c8a217-25ec-5201-af29-80d9a247108e,lrow_f5ef51a4135e,annex_logical_row,EXTRACTED_FROM
0a0ba378-f9ad-5c92-9ca3-2d0f53c9280d,lrow_e60dcc55fb9b,annex_logical_row,EXTRACTED_FROM
930b9450-7ffd-5926-affa-95e67df09c25,lrow_b0c41d48e3f7,annex_logical_row,EXTRACTED_FROM
7054cb27-21da-5742-96e1-54b2cfdb5fa3,lrow_4e268a49a80d,annex_logical_row,EXTRACTED_FROM
5a8fa3c9-81b2-51c2-80a4-d2472cfee2ed,lrow_1beaaaf45844,annex_logical_row,EXTRACTED_FROM
c07a1a2d-f68c-5e6c-8b4b-b05ef6d99781,lrow_e96600edbe01,annex_logical_row,EXTRACTED_FROM
fb77f881-a241-568e-8add-0362b338282a,lrow_284a31b69c88,annex_logical_row,EXTRACTED_FROM
26331975-4e72-5eb8-bfff-58603e75190b,lrow_d1c479c338cb,annex_logical_row,EXTRACTED_FROM
21ca1eda-1fcb-58a1-9c45-4b66bdb19271,lrow_ab4c4dbe3023,annex_logical_row,EXTRACTED_FROM
91095b2f-341b-5ac8-a0ed-d2303a4329a3,lrow_c038e2d9f0f6,annex_logical_row,EXTRACTED_FROM
5f67e5b2-f423-54d5-b12d-c2622d533684,lrow_a0d09323b425,annex_logical_row,EXTRACTED_FROM
9ec48ecd-10e4-5cef-a9b4-826837fb2cc8,lrow_8217f7fdf597,annex_logical_row,EXTRACTED_FROM
d9192e57-b7a8-55f0-bc85-179966988a44,lrow_b72fd69698ec,annex_logical_row,EXTRACTED_FROM
ab579dcf-b399-516f-b800-4446e2f34dce,lrow_8a207ef0e7eb,annex_logical_row,EXTRACTED_FROM
275b3d76-045a-5114-b8b3-3be5d337d835,lrow_b1fcb49cdd12,annex_logical_row,EXTRACTED_FROM
3b815a72-e976-5e1d-b8d3-cf4e185ddfda,lrow_547babbfebb5,annex_logical_row,EXTRACTED_FROM
ec52094a-dfdb-5d77-bd7c-b96eeb3773fb,lrow_5147d28a81b5,annex_logical_row,EXTRACTED_FROM
fd75e26f-2bd6-55bc-bb7a-4e5cfc1ef3bd,lrow_bbc0b9bbbec2,annex_logical_row,EXTRACTED_FROM
78339778-b8e1-5f7e-b6e7-95102bb6ade6,lrow_9ad100c90c7b,annex_logical_row,EXTRACTED_FROM
27d9343e-fda3-5322-ac2e-96d477071bf0,lrow_7f4995582a99,annex_logical_row,EXTRACTED_FROM
4049a59c-caf3-547f-86f9-c5c8d919c755,lrow_7a2101a60613,annex_logical_row,EXTRACTED_FROM
c1062009-4a2e-5688-9c9b-59a26f9b4398,lrow_cc23208eee51,annex_logical_row,EXTRACTED_FROM
6517bbcf-f75c-5654-ab18-d517d1add005,lrow_62108d31818e,annex_logical_row,EXTRACTED_FROM
6c67ee71-b724-5724-a80a-06e3e649e6df,lrow_31a19f3cc4ea,annex_logical_row,EXTRACTED_FROM
6d8492bc-7d3b-5179-950d-41d045a52b2b,lrow_cc15e06f3f56,annex_logical_row,EXTRACTED_FROM
0af5bdd3-bfac-514f-9d5b-c52c514f72f3,lrow_2a4516f36fa9,annex_logical_row,EXTRACTED_FROM
b184d4ed-3f43-5de7-83a5-a7dc7b84aacd,lrow_79f3a9566f70,annex_logical_row,EXTRACTED_FROM
8ddc49bc-3e76-554f-8009-ac68467693a8,lrow_397a8b2741ab,annex_logical_row,EXTRACTED_FROM
2ec47c95-08ab-5f94-88d4-c0edfed26c88,lrow_a9272e45c07e,annex_logical_row,EXTRACTED_FROM
caae9216-0c6a-5caf-a1f6-d691055bee5d,lrow_031fd9f044f0,annex_logical_row,EXTRACTED_FROM
7d488eb8-b2c0-54a6-ad17-9d005a9f37ab,lrow_a4a919482754,annex_logical_row,EXTRACTED_FROM
d8a3bc62-524b-56c2-a86a-0137eeaee12d,lrow_5cfada8e85c2,annex_logical_row,EXTRACTED_FROM
759a3189-ebe3-54c8-852f-19bdbb252543,lrow_e09fdefa1441,annex_logical_row,EXTRACTED_FROM
2f43cf78-622c-59e9-a154-8c6792f143ae,lrow_778dd8387b3b,annex_logical_row,EXTRACTED_FROM
6f74f2fd-59a3-5886-9274-0736bdc4563c,lrow_c8230f235468,annex_logical_row,EXTRACTED_FROM
31453655-ae26-50ad-9d09-71af672e45da,lrow_83b713c4a7f9,annex_logical_row,EXTRACTED_FROM
6b00d0f2-adf9-5d81-8e87-423fdbe00e49,lrow_13927e989071,annex_logical_row,EXTRACTED_FROM
9adfc92f-ae23-5ccf-8f1e-78ae34b0e6ac,lrow_760a95aff897,annex_logical_row,EXTRACTED_FROM
724aeff3-e0fa-5f49-83fd-3be5c2ab0dd7,lrow_0d9235afa731,annex_logical_row,EXTRACTED_FROM
f3417a8c-8453-5953-964f-e45285fb1d66,lrow_eaf758f98895,annex_logical_row,EXTRACTED_FROM
d3be2700-58f8-5b7d-9ebb-5df380d85065,lrow_49e9980a762f,annex_logical_row,EXTRACTED_FROM
9de99bcb-6b5c-5172-8dae-2a6856c6da85,lrow_0f5cacececdf,annex_logical_row,EXTRACTED_FROM
f72f8f67-3d42-5286-aa8f-24f021928031,lrow_63230c5f449b,annex_logical_row,EXTRACTED_FROM
acca4282-4b4e-5ebc-93ad-1dc61b32ef69,lrow_664b827b29b2,annex_logical_row,EXTRACTED_FROM
d4d093d8-2c07-593d-8d46-125759c9a6cf,lrow_d2a58032ce58,annex_logical_row,EXTRACTED_FROM
08fa14e8-645f-5da1-bca4-e4fe3d3c73c2,lrow_74a7c869ee72,annex_logical_row,EXTRACTED_FROM
44912301-df45-52c6-973f-f535188d3d12,lrow_b8460d0a8354,annex_logical_row,EXTRACTED_FROM
4079a86b-73aa-5c42-bd66-6eb4a10185f3,lrow_8bd3a1a201bc,annex_logical_row,EXTRACTED_FROM
cb226542-6a29-530c-8e7a-3a09195888c4,lrow_e0e25be6ed39,annex_logical_row,EXTRACTED_FROM
25e05075-ec64-5357-81ed-ed044ce47848,lrow_f335b9a560f7,annex_logical_row,EXTRACTED_FROM
7876d56a-e9f2-5dc8-9ef6-10d6b2ac07b4,lrow_72061b3139e3,annex_logical_row,EXTRACTED_FROM
78a2f637-2d58-539d-84e1-9a26ae4c1800,lrow_61e3ea55076c,annex_logical_row,EXTRACTED_FROM
f1b6946e-9270-5d87-8aa9-06e88fa3215d,lrow_ac525b16a1b4,annex_logical_row,EXTRACTED_FROM
f44c6bfd-cf15-5ca3-b6cb-4de42a737a59,lrow_37eb2efe1046,annex_logical_row,EXTRACTED_FROM
e92cdf5f-9d96-5d8c-aaa0-7a31492a6c76,lrow_8a1b5e79d460,annex_logical_row,EXTRACTED_FROM
8f5f1fb1-1731-5d95-965f-9e1c1d56b921,lrow_9ea3b9b0a0ce,annex_logical_row,EXTRACTED_FROM
3365fc69-9887-55c0-ad10-44d33ba6d4e1,lrow_92e432ccfcc1,annex_logical_row,EXTRACTED_FROM
554b745d-75b5-5fc5-9b3e-d749b6babfe3,lrow_c162783c5876,annex_logical_row,EXTRACTED_FROM
66abb4ee-4d59-5962-a4c2-a83f61f35928,lrow_7fc37f5206da,annex_logical_row,EXTRACTED_FROM
d2b10ace-6c04-516f-9a5d-43da4134b257,lrow_0396d56c9fe0,annex_logical_row,EXTRACTED_FROM
662dd9e8-240c-5abd-ae90-0ba7b42d50e6,lrow_3ec77d345749,annex_logical_row,EXTRACTED_FROM
48546cfd-9380-590d-9788-8fb9728499d0,lrow_5de52687de6a,annex_logical_row,EXTRACTED_FROM
89df80fb-f538-5911-96cf-50b68a9401d9,lrow_5984542c10b5,annex_logical_row,EXTRACTED_FROM
89ea9475-523e-5d28-9fc5-7df5ba61cf12,lrow_11f578462cda,annex_logical_row,EXTRACTED_FROM
e594aaf9-4590-50f7-8d40-614b7f3f530a,lrow_714bb5e8e3d5,annex_logical_row,EXTRACTED_FROM
54ce2243-584c-512e-af84-81aef8f29ad2,lrow_a0bd6116e7da,annex_logical_row,EXTRACTED_FROM
5db76e68-b566-5a16-8a5c-d74e638d514c,lrow_4351280713f2,annex_logical_row,EXTRACTED_FROM
544b342b-d3c8-5ad2-828a-3e68199bf688,lrow_98807055d4d9,annex_logical_row,EXTRACTED_FROM
c399d2ba-ac7b-5a2f-b04c-015ca1f352cc,lrow_f9006776f7ee,annex_logical_row,EXTRACTED_FROM
b4a08afe-72cf-537c-838c-f90e30dd0801,lrow_d8200b457390,annex_logical_row,EXTRACTED_FROM
35a7c0a8-2cde-52df-b3ba-15495a4c46c2,lrow_1782ee304ba2,annex_logical_row,EXTRACTED_FROM
edb763b6-758b-5fb1-ab88-e522e55ba352,lrow_9554612835fd,annex_logical_row,EXTRACTED_FROM
f824fa5e-8708-5e64-8b62-157ff592fb8a,lrow_2691aba7eafc,annex_logical_row,EXTRACTED_FROM
c82c760a-1c7f-5279-8778-4a62ec3e3081,lrow_ff803aab9279,annex_logical_row,EXTRACTED_FROM
0aca844d-360d-5543-8722-df17c2f9d154,lrow_37d5ea900088,annex_logical_row,EXTRACTED_FROM
d2c476c1-e234-53bc-87ca-512cfc38d89b,lrow_f65eab2891ab,annex_logical_row,EXTRACTED_FROM
7a44cd4a-d0c9-5e6f-ba60-470eb5c2ee81,lrow_217d2d1635e4,annex_logical_row,EXTRACTED_FROM
a88582a5-8baa-5719-bbcb-527a6bdc27bc,lrow_e14dd16e8359,annex_logical_row,EXTRACTED_FROM
03e02051-bf2c-584d-b248-a4be2d9801be,lrow_47af0220850b,annex_logical_row,EXTRACTED_FROM
8e0713f5-42d3-5d23-b6b9-ed6839207600,lrow_0df56f0c2744,annex_logical_row,EXTRACTED_FROM
365fea17-6233-5a5a-bb95-b662b7e51e99,lrow_ea0f9ff8f99b,annex_logical_row,EXTRACTED_FROM
ce27f83c-8e31-5876-9dab-fa0f27f1a7c3,lrow_a6cbfa0be20e,annex_logical_row,EXTRACTED_FROM
ccc28de8-547c-52fa-8e14-1ef6983cde66,lrow_3f8a19e05baf,annex_logical_row,EXTRACTED_FROM
22243707-a0d1-55a2-bc83-05d3f7bee40d,lrow_21845880c25d,annex_logical_row,EXTRACTED_FROM
9793697a-2fce-5f54-99a7-0cb477d5fc38,lrow_1fe255f816b2,annex_logical_row,EXTRACTED_FROM
7440e510-8333-5107-971a-b4359dd5e9dd,lrow_2553839c44fc,annex_logical_row,EXTRACTED_FROM
51f87527-2f9e-50e7-9f7a-de20783ab56a,lrow_440b4dacf5d1,annex_logical_row,EXTRACTED_FROM
c8f954d5-bcf9-5b26-bfbf-7fe64d48016c,lrow_5f7eeec91090,annex_logical_row,EXTRACTED_FROM
2cae1bd1-b259-5873-843d-b5d37e670bdf,lrow_8c5971771409,annex_logical_row,EXTRACTED_FROM
1d22b515-2462-50c1-918b-7e1c314a3323,lrow_5ab3c31cbf75,annex_logical_row,EXTRACTED_FROM
0a6c4e0d-9e6c-5e9b-8ffc-80748c3f60dd,lrow_4716d9b9ee72,annex_logical_row,EXTRACTED_FROM
8f199012-e2a0-54f3-a5b8-943723c265d1,lrow_6d0cffa7291f,annex_logical_row,EXTRACTED_FROM
5b5661a7-522a-5891-8d14-a7e579a70665,lrow_74f97b4954f5,annex_logical_row,EXTRACTED_FROM
b6de02c4-8acd-505d-b56e-f67e2643c1fa,lrow_b71bc96d0584,annex_logical_row,EXTRACTED_FROM
13c946e9-4ff9-5b89-99c4-251ac745acf2,lrow_377d2624fb8a,annex_logical_row,EXTRACTED_FROM
207b447e-d273-5280-a332-f73068d33d34,lrow_927b84bcb45f,annex_logical_row,EXTRACTED_FROM
2d31d3f4-adac-52ea-b380-e08ad0b23f35,lrow_c072510abff7,annex_logical_row,EXTRACTED_FROM
6f009f58-5ac3-584f-b936-3b722fbb598e,lrow_d39e0a7ba296,annex_logical_row,EXTRACTED_FROM
88af4f17-8dad-5345-a741-7b16b1556e05,lrow_e08d7a9fa018,annex_logical_row,EXTRACTED_FROM
489d4f79-4b49-5fa7-9e8d-a44e53cedd8b,lrow_2a6fa1f51a40,annex_logical_row,EXTRACTED_FROM
21493491-794f-5c97-817f-d768c5e6d812,lrow_539d5dc83e36,annex_logical_row,EXTRACTED_FROM
c121a95a-f47c-5320-b773-e7889938116c,lrow_630634189957,annex_logical_row,EXTRACTED_FROM
4c64da7f-d5fc-57c3-94b3-64e989915d4e,lrow_7772d1bb4c86,annex_logical_row,EXTRACTED_FROM
d25666de-4f74-5b87-9ad9-8d281f6908fc,lrow_3275b5b5478b,annex_logical_row,EXTRACTED_FROM
15b9437e-ce43-5af2-8fe6-4af0e38d24b8,lrow_c19b754df695,annex_logical_row,EXTRACTED_FROM
22a1884e-17aa-5a18-ba81-d7d60085f6e9,lrow_d9aac9a6643e,annex_logical_row,EXTRACTED_FROM
7065fbfe-44f0-515d-b394-3c598744cf3f,lrow_6484895a5db4,annex_logical_row,EXTRACTED_FROM
95d40f7f-1987-5f22-9624-7b31af9c9c0a,lrow_9211b8daefd8,annex_logical_row,EXTRACTED_FROM
9eb53d2f-bd58-5d49-afaf-d5649651a542,lrow_cb027678ed55,annex_logical_row,EXTRACTED_FROM
65f05501-3a28-57ef-8b40-8586431fc2e9,lrow_29b7325b962f,annex_logical_row,EXTRACTED_FROM
3e6c9a50-7748-5a06-afbf-49608f28d5b4,lrow_cd748bbc6009,annex_logical_row,EXTRACTED_FROM
e87fb0a1-4888-5b0a-88ae-f9cadad9cfb6,lrow_e5838f0003f4,annex_logical_row,EXTRACTED_FROM
1ab73c9c-7706-5e7a-b91b-a9c7b7a37df7,lrow_063c04f6c855,annex_logical_row,EXTRACTED_FROM
1cc09a96-236a-5231-8792-46bc7cb53d99,lrow_19c5061c5f4a,annex_logical_row,EXTRACTED_FROM
48a719aa-d497-5a5b-bd4f-f327c1bdd8a0,lrow_35c58cb9356f,annex_logical_row,EXTRACTED_FROM
9c6445df-3ae1-56cd-b131-0ada1a746d56,lrow_68872ce8429b,annex_logical_row,EXTRACTED_FROM
d50fa515-adac-5ad0-b662-c64941c7d195,lrow_22683ec07e96,annex_logical_row,EXTRACTED_FROM
ebc5d64f-ba96-51c8-90cd-9a98de017b73,lrow_160a6ec55730,annex_logical_row,EXTRACTED_FROM
218ddbb4-e01f-527d-b054-c2182b23a8e8,lrow_2861aadd1abe,annex_logical_row,EXTRACTED_FROM
900dcddf-6421-5768-a7fb-5ff42b948b6e,lrow_9dc4471eb725,annex_logical_row,EXTRACTED_FROM
e39b7a24-203e-5ec2-84b2-5389ad1a674a,lrow_c6f1c651f216,annex_logical_row,EXTRACTED_FROM
1976d477-42ec-5708-98f4-f437c4973992,lrow_efd2fc63cf0a,annex_logical_row,EXTRACTED_FROM
5611690e-291e-5f75-9b7a-b8252712268d,lrow_95f8673cc0d4,annex_logical_row,EXTRACTED_FROM
3e60009b-dc29-54b5-983b-62b4fb268186,lrow_a44422de952e,annex_logical_row,EXTRACTED_FROM
f21607ec-934c-5731-bbd0-1057215c52eb,lrow_64d956ef4ecf,annex_logical_row,EXTRACTED_FROM
ad5609fa-6637-5645-b1f4-6cd3cd1879d7,lrow_806c35990279,annex_logical_row,EXTRACTED_FROM
aba09070-e7a9-5fd1-ad5c-70825f40718e,lrow_acc936f7322e,annex_logical_row,EXTRACTED_FROM
addeb128-096b-5486-94e9-283c5913b130,lrow_d17d61a272ed,annex_logical_row,EXTRACTED_FROM
d4ed2e09-33fe-50cc-b36e-c154c0464fb5,lrow_a2ec5c3f54f9,annex_logical_row,EXTRACTED_FROM
4fbb8598-7989-517a-be9a-3c9928d0ad42,lrow_16720832625c,annex_logical_row,EXTRACTED_FROM
338a2fce-b154-55e0-afe0-d65d773b0090,lrow_7a59596da99f,annex_logical_row,EXTRACTED_FROM
9f4c29a8-0cca-5ae1-86ed-5a38021964e8,lrow_6f7e78007486,annex_logical_row,EXTRACTED_FROM
a2252d71-6b89-5494-aba7-9f0e0a756300,lrow_3f7f41660f51,annex_logical_row,EXTRACTED_FROM
97f108c6-8c5c-5a74-841f-54952802f921,lrow_736bd49906da,annex_logical_row,EXTRACTED_FROM
f9428576-8b42-5184-bcbc-e303b575d882,lrow_bbddd4808431,annex_logical_row,EXTRACTED_FROM
054cc2ed-ec5d-52d9-b24b-0d6906e85356,lrow_cf77758b2a19,annex_logical_row,EXTRACTED_FROM
60a1ddd6-7d1f-52fa-8bfe-f065a351f8cc,lrow_b39ee8536970,annex_logical_row,EXTRACTED_FROM
5504f0f0-3cb5-5473-99bb-b040eb620ad6,lrow_26800bfb76a2,annex_logical_row,EXTRACTED_FROM
cbbfd150-e76b-5601-a8d1-2193c00351ca,lrow_54675f16c610,annex_logical_row,EXTRACTED_FROM
a22221a5-544d-5d60-9f7b-f4efec867a30,lrow_c6d02c94594d,annex_logical_row,EXTRACTED_FROM
84c75b7b-30b5-5d62-9f39-c1e62d88cdf4,lrow_3e173b6673b1,annex_logical_row,EXTRACTED_FROM
84db8c72-db0f-50cd-ad34-883e790c3bf5,lrow_35f876b413dd,annex_logical_row,EXTRACTED_FROM
f26c2753-e0a1-58a6-8265-09a3096a8e05,lrow_a4d912ff94c0,annex_logical_row,EXTRACTED_FROM
3390a31f-235b-5cf5-93cc-60b9ca416e90,lrow_5acc2ca11440,annex_logical_row,EXTRACTED_FROM
e569682c-ef2b-5489-b796-9cbcaf126cef,lrow_458eecbfe56a,annex_logical_row,EXTRACTED_FROM
4e1a2427-06f3-55de-8862-0eacffcf0593,lrow_78da2c864989,annex_logical_row,EXTRACTED_FROM
083ad3f0-d936-5301-b113-ce87a0407fd4,lrow_a7e4b7361de7,annex_logical_row,EXTRACTED_FROM
5902e497-e916-5c44-92c1-5484d7dd351c,lrow_b22e00c0b625,annex_logical_row,EXTRACTED_FROM
41ad4527-9b9b-5fb9-a71d-16aadd2d6781,lrow_61fd94b75b6e,annex_logical_row,EXTRACTED_FROM
f8134bfa-b627-52b1-8286-9385eb30f287,lrow_1f20cab454ba,annex_logical_row,EXTRACTED_FROM
6905a6f2-649c-5126-882a-7eac5126616c,lrow_c7089787f680,annex_logical_row,EXTRACTED_FROM
b00bba87-755f-54fb-ba25-b6af2a750764,lrow_00fd3b76de55,annex_logical_row,EXTRACTED_FROM
6fae6012-381b-587f-b973-26d2cbcf5d76,lrow_04a3ce75eef0,annex_logical_row,EXTRACTED_FROM
cd93de9b-c14b-5293-9ed6-d03c5dab7f41,lrow_e67e4ab8259d,annex_logical_row,EXTRACTED_FROM
0ad13681-e198-5ece-ace4-da25940fb7e9,lrow_35169b05f772,annex_logical_row,EXTRACTED_FROM
be49c279-2b4c-5e9d-9a0c-d6b15fd88fb5,lrow_f3f8a273d2ec,annex_logical_row,EXTRACTED_FROM
15f92a9b-37fd-5fef-81a7-3c73c7aa46fd,lrow_0d0ce4680920,annex_logical_row,EXTRACTED_FROM
4fce212c-4a02-5ab3-b951-bd5c638fae11,lrow_f22e14fb8e75,annex_logical_row,EXTRACTED_FROM
e17c5a10-4540-5733-9df0-900c9a773012,lrow_5641421e814c,annex_logical_row,EXTRACTED_FROM
8fe6a8f8-89ad-5f83-ace5-076b547adfbd,lrow_de2fdef778b0,annex_logical_row,EXTRACTED_FROM
1b61f6f5-d962-5b8a-b919-8d35c8e73cf7,lrow_d09c98c9dc17,annex_logical_row,EXTRACTED_FROM
2da16eb2-162b-5c5a-85ce-f419f4c64c67,lrow_c0c94d9b1701,annex_logical_row,EXTRACTED_FROM
96e2131c-27c6-5fd2-95bd-77e36ffac43b,lrow_d83a35fbd06d,annex_logical_row,EXTRACTED_FROM
69bb717f-2b2d-5cd9-9343-5e2047b28822,lrow_1bc35d2d9239,annex_logical_row,EXTRACTED_FROM
7014cf74-f8f0-5325-9455-c8f848d1b95f,lrow_c2d5e957aa22,annex_logical_row,EXTRACTED_FROM
b2d8b52f-b7ed-55fb-8dcc-f99ba5016f1f,lrow_f5ae7e857314,annex_logical_row,EXTRACTED_FROM
05eb64c4-f70b-55e2-88e2-6ec3efd4bcfc,lrow_b63c3bb84aac,annex_logical_row,EXTRACTED_FROM
45d6b99a-e3b6-5132-ba9e-e8d91c4427c8,lrow_231def64bf5a,annex_logical_row,EXTRACTED_FROM
ae9317b6-97cf-5a8f-ad66-7e4059e253c2,lrow_12c7d0602e35,annex_logical_row,EXTRACTED_FROM
e1350380-3af1-5c1c-aac0-79fc11990cbf,lrow_3eb71c51a55b,annex_logical_row,EXTRACTED_FROM
3398fc29-32a0-5ba6-a1c6-1495c6dd0d9e,lrow_9f4319d3a146,annex_logical_row,EXTRACTED_FROM
a39c4b37-2016-5d1f-8f33-3fdd6732b16c,lrow_441ef57398bf,annex_logical_row,EXTRACTED_FROM
1827d464-bbfa-5011-afe1-49da8d0dccb3,lrow_74155a690c8b,annex_logical_row,EXTRACTED_FROM
8e026247-df1c-5a16-b5bb-e438d5c24f55,lrow_b0c4e1a2d484,annex_logical_row,EXTRACTED_FROM
190254ea-3f67-5c81-8ac8-e2048bff59b6,lrow_5499a7544b41,annex_logical_row,EXTRACTED_FROM
a09f898f-bac0-55ba-bdb9-2bc19e1c0f11,lrow_2a86ecbb767e,annex_logical_row,EXTRACTED_FROM
8506fe6c-3c52-5da5-af0c-1d73b3fbc3bb,lrow_c1143d36c64c,annex_logical_row,EXTRACTED_FROM
2ed2238c-2528-56ad-b227-7317e16996c7,lrow_244052fdc676,annex_logical_row,EXTRACTED_FROM
a7844ed7-f034-5a33-bfa9-b59f2787c2b2,lrow_d521e04fb303,annex_logical_row,EXTRACTED_FROM
f86292eb-cf0c-51f9-9f94-c4faa640bd86,lrow_3d1158e28232,annex_logical_row,EXTRACTED_FROM
5ad56df8-8cbc-5392-9ad8-496d61b92d24,lrow_835ff3a0a054,annex_logical_row,EXTRACTED_FROM
90da559c-e0d1-5892-87c1-22cbd735070d,lrow_8b038321638d,annex_logical_row,EXTRACTED_FROM
e4f66aba-a760-588b-a14e-9aadc9b389db,lrow_90190d582090,annex_logical_row,EXTRACTED_FROM
8643733c-f98c-5712-a252-872dccbf549f,lrow_3109160e7162,annex_logical_row,EXTRACTED_FROM
28ce0899-517b-5aa9-9314-82b0d04d3a93,lrow_c3cd9ca52e63,annex_logical_row,EXTRACTED_FROM
70e8aa00-0c63-50de-ac93-8673f9d5ed81,lrow_d26d56dbf81c,annex_logical_row,EXTRACTED_FROM
e154d1ab-4b1b-5713-9ab0-26ddd2856063,lrow_ee3c9259b9f7,annex_logical_row,EXTRACTED_FROM
3f28b1c1-896a-577e-abd3-c1e406f579b6,lrow_12d00d6a6a19,annex_logical_row,EXTRACTED_FROM
67ee1296-782f-5bab-825b-0420befc0bc5,lrow_5fe3d9b5199e,annex_logical_row,EXTRACTED_FROM
61c12028-247c-5b26-92af-306efde9c7aa,lrow_df630005cd0b,annex_logical_row,EXTRACTED_FROM
de74663b-6620-52cf-9099-78bcd6a9eedf,lrow_9bd25a3925a4,annex_logical_row,EXTRACTED_FROM
8367a912-fd2e-56e7-9f93-0cac2d5816e4,lrow_06a34a8ae32e,annex_logical_row,EXTRACTED_FROM
37f777de-7765-5de8-9c1a-d4a5a8c73e7b,lrow_4a05a02d24ac,annex_logical_row,EXTRACTED_FROM
b9306d6a-0b97-5c0a-8b62-9a10aecda742,lrow_1a5d6a1b1691,annex_logical_row,EXTRACTED_FROM
10b5be90-a436-54d3-a764-09f95c24a3d9,lrow_04a342a8506d,annex_logical_row,EXTRACTED_FROM
6475be5a-5e1e-576c-b42a-40a27779cbe7,lrow_86590df67d1b,annex_logical_row,EXTRACTED_FROM
e6c783ed-e803-5f69-9105-f63a9d294373,lrow_5750204b5f7d,annex_logical_row,EXTRACTED_FROM
fe043565-e16a-5ccd-bc35-2ef376c7314d,lrow_193dea4f2778,annex_logical_row,EXTRACTED_FROM
8437a761-83ac-55c2-b66f-f8ac61f9a9bf,lrow_e16cc13731cf,annex_logical_row,EXTRACTED_FROM
70d07986-9238-5901-b585-76e623db6e34,lrow_40994efd3136,annex_logical_row,EXTRACTED_FROM
6e4dd4d0-6af0-5d56-8794-01860687d423,lrow_de0fb5eb156d,annex_logical_row,EXTRACTED_FROM
7f4be8ac-8868-5d3c-af53-1f2a59834c4e,lrow_a7973408b26a,annex_logical_row,EXTRACTED_FROM
4d233ef0-856c-5501-93f3-422310d7a2bd,lrow_f6ab9630f139,annex_logical_row,EXTRACTED_FROM
2d548120-1feb-5ea5-9ee0-2f74086ce6a7,lrow_0782832b0af6,annex_logical_row,EXTRACTED_FROM
ab2dfcc7-232f-578d-a95d-13ef2bca402c,lrow_7f7d3b5275c4,annex_logical_row,EXTRACTED_FROM
fe842bd9-6be3-534d-899d-ea6997b79dcb,lrow_f4aaf98f68a8,annex_logical_row,EXTRACTED_FROM
7341d56e-35a6-553d-819e-a314af15ab37,lrow_afa56103b367,annex_logical_row,EXTRACTED_FROM
b0bcfca3-fafc-5d7c-9a11-a7776bd395d0,lrow_28487b4428c2,annex_logical_row,EXTRACTED_FROM
cae1b276-cf7a-56c4-b9e2-dccd612b00de,lrow_f51c9c92166b,annex_logical_row,EXTRACTED_FROM
c82db9d2-ff46-5c12-8914-363ae692aea3,lrow_97e191cee2ec,annex_logical_row,EXTRACTED_FROM
86819f4b-a966-5bb1-a302-a2013fa4a6fe,lrow_7bdf34e40716,annex_logical_row,EXTRACTED_FROM
b2cbcd9f-e349-54ba-8a45-64d1e33d532f,lrow_b99670e857da,annex_logical_row,EXTRACTED_FROM
88180ffd-306b-5c98-8ddf-0584612135e2,lrow_c7dab4e89051,annex_logical_row,EXTRACTED_FROM
fbe7f93f-16b5-58a9-8fcc-de26231f1732,lrow_09a23352b61c,annex_logical_row,EXTRACTED_FROM
13bc090b-d1b0-5e71-b7d6-d0f1e7c29dfc,lrow_3b19cb7323b5,annex_logical_row,EXTRACTED_FROM
f27012cb-5f01-53b8-b5f7-21dcded6d6f0,lrow_6c65124adbcc,annex_logical_row,EXTRACTED_FROM
8823c377-f769-503f-a865-c4cb1874ca09,lrow_cc7dc8bcb15a,annex_logical_row,EXTRACTED_FROM
377e26d4-de52-54d1-a546-f0af34a509aa,lrow_12ca45e2fb74,annex_logical_row,EXTRACTED_FROM
333439b0-c089-5957-85ed-e71ea96d1de8,lrow_37946c226be2,annex_logical_row,EXTRACTED_FROM
7e86a98f-1980-52b9-9dab-a39d2d28048a,lrow_07792e5be992,annex_logical_row,EXTRACTED_FROM
79829589-851b-53b1-bd71-dd6217813c82,lrow_1c05f127801f,annex_logical_row,EXTRACTED_FROM
62aad4ab-846d-57ed-b62c-700dbc1b3278,lrow_a2fb149a86aa,annex_logical_row,EXTRACTED_FROM
df7579f7-3548-5b07-868b-2cda2c61099e,lrow_8190ac1f636d,annex_logical_row,EXTRACTED_FROM
81051fd6-95a3-5238-affb-0a109f9e37c2,lrow_80a0479ad79a,annex_logical_row,EXTRACTED_FROM
0a75e0ad-d1a9-56c7-a38f-eaa067707095,lrow_96b90cd41be9,annex_logical_row,EXTRACTED_FROM
a3b4474d-f99c-5ab2-b613-f456f360cb13,lrow_bf8ea61a3f59,annex_logical_row,EXTRACTED_FROM
2ff07544-6d9b-5158-9cb5-6cca2d943440,lrow_d66e04cb1114,annex_logical_row,EXTRACTED_FROM
7590d965-659c-5dd7-a335-ffb3be842694,lrow_46267ce08d09,annex_logical_row,EXTRACTED_FROM
178613a6-29b4-52c9-be8f-c409661a2bc5,lrow_9ea6c320866d,annex_logical_row,EXTRACTED_FROM
1c3b63c0-7e10-5612-8811-0d597d4899d8,lrow_c743f2f0e9aa,annex_logical_row,EXTRACTED_FROM
4b978d3a-ff06-5375-99c2-d79d23b602f0,lrow_35785f470f7e,annex_logical_row,EXTRACTED_FROM
fb96540c-f162-5cbf-b211-84ea3579bd8a,lrow_dd1586103e52,annex_logical_row,EXTRACTED_FROM
0e6d2ffa-a214-531b-ac45-7cd2d88ed3a5,lrow_ebf26cc2e443,annex_logical_row,EXTRACTED_FROM
b01b50be-64d9-557d-bccf-2494400b19fe,lrow_d33d6304a8cc,annex_logical_row,EXTRACTED_FROM
178ad6b7-33b1-51f9-b41d-aadc20deb6ae,lrow_0523c0415129,annex_logical_row,EXTRACTED_FROM
fe52318d-6933-599f-afed-578b83c1d53a,lrow_f108b501da38,annex_logical_row,EXTRACTED_FROM
a4d8848a-4c3c-594d-89cf-ef273291f03b,lrow_4ea1121d61f6,annex_logical_row,EXTRACTED_FROM
f28439a7-644d-5670-8c27-f92e214bab0c,lrow_33067ee29f28,annex_logical_row,EXTRACTED_FROM
57e0f62b-04c9-59cf-a4eb-080330ffaa0e,lrow_623898742789,annex_logical_row,EXTRACTED_FROM
284c7b51-c8a1-528b-8261-47a1e16fe8de,lrow_f54b46c85177,annex_logical_row,EXTRACTED_FROM
e0a34f50-e261-5a80-ac3a-dad88a3d2341,lrow_6a3fad1749e0,annex_logical_row,EXTRACTED_FROM
b5f7258c-f8b1-59ed-9e18-8b2a1e6b2276,lrow_02ab9ca304f1,annex_logical_row,EXTRACTED_FROM
1ad9e2bd-29a4-5a7e-aa00-3bbffa752e3d,lrow_9aa3afe65232,annex_logical_row,EXTRACTED_FROM
b4fff95e-89f8-52bd-8c58-1818fc053d97,lrow_fd2692c2b495,annex_logical_row,EXTRACTED_FROM
f517b88b-7d32-5faa-acd1-d3f4f5b2a6a4,lrow_4c6b8c766af4,annex_logical_row,EXTRACTED_FROM
6f4d9859-eb83-56c2-a40c-967be49afcc0,lrow_cb9cb96e5cb1,annex_logical_row,EXTRACTED_FROM
5d5d68e4-bb28-5afc-be9e-135c9dfbd50f,lrow_e6b954f9eab2,annex_logical_row,EXTRACTED_FROM
5e4e0667-5863-5f16-8d43-ff7d58747c4b,lrow_57113a9764de,annex_logical_row,EXTRACTED_FROM
60a0b334-eff0-5d8e-b8fc-73be1bf1e1be,lrow_f611b712b5c8,annex_logical_row,EXTRACTED_FROM
5643ba6a-ac2b-5722-a8a8-b2c4eb2a2725,lrow_4d878a69db63,annex_logical_row,EXTRACTED_FROM
734361c5-60a6-5df3-af34-f3abba7ebc61,lrow_f1976c4d267d,annex_logical_row,EXTRACTED_FROM
d463ed7d-3cc4-525c-ae46-1be980e8f77f,lrow_b4b4c04b5b0e,annex_logical_row,EXTRACTED_FROM
ecf09933-42a4-59e7-a40b-7953cb1553db,lrow_a1e8addea92c,annex_logical_row,EXTRACTED_FROM
32ba11a8-dd20-5250-81fe-4d7ee58bea4a,lrow_3cc1ab36772c,annex_logical_row,EXTRACTED_FROM
e87b1958-0c8f-5317-929d-17848a01db9a,lrow_44117d69d370,annex_logical_row,EXTRACTED_FROM
bfaf9216-d42c-5c74-bb3f-82563e5e7279,lrow_5eeb790bf3ae,annex_logical_row,EXTRACTED_FROM
1dcead05-0bc5-5a79-88bd-5eb6375dca74,lrow_276115c1f467,annex_logical_row,EXTRACTED_FROM
d9772e44-776e-5f99-8161-febfb0898860,lrow_89816d73f358,annex_logical_row,EXTRACTED_FROM
c2079aeb-8805-5d4d-ae2d-92959001d263,lrow_125bdc3bf44e,annex_logical_row,EXTRACTED_FROM
852ee86f-7d96-5fd5-ad6c-2661e7614f43,lrow_14939ed91539,annex_logical_row,EXTRACTED_FROM
e3cdc77f-c46b-5bed-af7f-fab395ef6794,lrow_0f0afa373f20,annex_logical_row,EXTRACTED_FROM
3f0f9605-8d94-5c68-8e33-51cb9219c316,lrow_f8b8619b966c,annex_logical_row,EXTRACTED_FROM
d8ef7660-afaa-5f3a-9a78-4fbcabf0300c,lrow_9c47fa7e1b45,annex_logical_row,EXTRACTED_FROM
182b7025-ac70-5a28-804a-49414350dbbd,lrow_784501009e98,annex_logical_row,EXTRACTED_FROM
a563142f-754d-5527-b17e-2706ff2369eb,lrow_163c330b3004,annex_logical_row,EXTRACTED_FROM
56b575c4-2624-5012-a9df-e4ea7c634791,lrow_95d600566032,annex_logical_row,EXTRACTED_FROM
049fe1a4-cac4-5f99-b429-e2d790edfdd1,lrow_9780bc73d1bc,annex_logical_row,EXTRACTED_FROM
4b9b2b12-5ebf-5867-94de-557b7e33d957,lrow_3917cd16f557,annex_logical_row,EXTRACTED_FROM
55f290aa-de6c-52ac-8ea1-40191e8fad34,lrow_1d579370277a,annex_logical_row,EXTRACTED_FROM
a180b8b4-8b04-526e-b496-c5a775dc987d,lrow_76db04e7330e,annex_logical_row,EXTRACTED_FROM
ca1ad075-9564-5e44-9a6d-980879e3aba1,lrow_f1a46105319b,annex_logical_row,EXTRACTED_FROM
c98687fe-8391-5c41-a56b-ab521488174a,lrow_cc949ab54c40,annex_logical_row,EXTRACTED_FROM
dc6e0634-d108-51e0-a8ee-6d4fc4a020d4,lrow_31a009c2785b,annex_logical_row,EXTRACTED_FROM
d53aa150-dbc1-5513-8fbf-9afbeae59f63,lrow_a28da65a48dc,annex_logical_row,EXTRACTED_FROM
171e2c1f-f6cf-5091-89d9-cc87dd7371aa,lrow_b97763359f13,annex_logical_row,EXTRACTED_FROM
20434480-ded6-5f18-afce-40ee888dda23,lrow_4dc45773f0ad,annex_logical_row,EXTRACTED_FROM
ed999ea7-32ba-542b-8bf6-bdbd6636d6af,lrow_99303b48bf38,annex_logical_row,EXTRACTED_FROM
b672c5d4-8679-5024-88f4-327dd55e5186,lrow_b0d94a55ea1b,annex_logical_row,EXTRACTED_FROM
89bbf53f-c479-51ec-8335-459044f3b785,lrow_6b2833a00876,annex_logical_row,EXTRACTED_FROM
e6e8367d-8c33-5fc8-9de6-a4199c60dd3e,lrow_5ca4cc83138d,annex_logical_row,EXTRACTED_FROM
08fd4b48-f1d1-5378-b53b-9946a9199f97,lrow_a43db0beb097,annex_logical_row,EXTRACTED_FROM
b3391222-5316-5a9e-85c9-2de0e7cf26ce,lrow_aa56baa101c8,annex_logical_row,EXTRACTED_FROM
64f50be1-dba6-521e-8d82-58dc84e7a126,lrow_2e90f8cef745,annex_logical_row,EXTRACTED_FROM
6b6dca00-6d32-5e2f-afa8-82c35c4a5ce1,lrow_50796f7dc892,annex_logical_row,EXTRACTED_FROM
9e7b5b8b-f4ad-551c-894c-bef535605b3d,lrow_bccdda63df1b,annex_logical_row,EXTRACTED_FROM
44e89814-727e-5506-a45f-c744b0eb9c12,lrow_60c6a42e2102,annex_logical_row,EXTRACTED_FROM
da948b1b-46d1-5796-974d-4cec6336da2c,lrow_e6735adf5360,annex_logical_row,EXTRACTED_FROM
6c396947-cf65-5d34-91b3-4bc4f157527d,lrow_730760220a48,annex_logical_row,EXTRACTED_FROM
11907073-c9f4-598f-8d60-ba6310fd2a35,lrow_1e21d677c66b,annex_logical_row,EXTRACTED_FROM
101b0f2f-8a44-5ef5-af92-e82bf601a11c,lrow_faee538b3d9d,annex_logical_row,EXTRACTED_FROM
bc7d2ae0-fc71-571d-b8fa-bd0fef8cf544,lrow_18104192622a,annex_logical_row,EXTRACTED_FROM
9235f6e7-7c48-58b2-ac66-a72d44a58573,lrow_688fbd58fde7,annex_logical_row,EXTRACTED_FROM
8b91fcfd-f08e-562c-a2eb-3612c6a487b3,lrow_985f0ef6d169,annex_logical_row,EXTRACTED_FROM
97341477-f88c-5e8e-b96e-d9c2637e0491,lrow_a5616017b566,annex_logical_row,EXTRACTED_FROM
b3b4b8c1-3de0-5812-8e4c-d213cf9f6eed,lrow_5bbae2d6e4c7,annex_logical_row,EXTRACTED_FROM
f102478c-b08e-5735-97ab-5cf0c8409b6b,lrow_ac630b64e81a,annex_logical_row,EXTRACTED_FROM
059256fa-5952-50f9-b964-8f3b9a1282f6,lrow_e30c80d8fec1,annex_logical_row,EXTRACTED_FROM
1aef5c99-ec13-5b70-9649-aa4e26d5e339,lrow_1b8b0d374905,annex_logical_row,EXTRACTED_FROM
857eb30e-05fd-5ac4-be2f-d9ece980e1f7,lrow_3be735f8826c,annex_logical_row,EXTRACTED_FROM
d27053d2-5f14-56c2-8242-c9ba4a74ee53,lrow_1a5b549899a9,annex_logical_row,EXTRACTED_FROM
96b00330-ba06-5507-91c2-4f352b1b213c,lrow_45f8c477d56c,annex_logical_row,EXTRACTED_FROM
64b62be0-6ad1-52f8-a25e-b737470dcae5,lrow_73754eb67d50,annex_logical_row,EXTRACTED_FROM
d01a0da9-b14d-5f15-b2d6-723ea21379e6,lrow_31c00cea93f3,annex_logical_row,EXTRACTED_FROM
f8339776-3e35-58aa-af10-2b2e52640e98,lrow_3e6fe3ab6ac1,annex_logical_row,EXTRACTED_FROM
4741b900-b755-5035-9f98-525eac747d2c,lrow_ad81b71af8b9,annex_logical_row,EXTRACTED_FROM
6a26baa4-e0f1-5e87-a1ca-24f6196ab56a,lrow_9ed96c14108b,annex_logical_row,EXTRACTED_FROM
96fff6db-c4fb-51cd-92cf-920834e57319,lrow_53f92751f805,annex_logical_row,EXTRACTED_FROM
f475de9b-5e0d-5e28-9b12-1630da1ef1ea,lrow_3afd9390cc92,annex_logical_row,EXTRACTED_FROM
ebfc32f3-770e-5b53-896f-acad4bfb20f4,lrow_25fb7d3f26c6,annex_logical_row,EXTRACTED_FROM
c5115eac-1624-59b6-a6df-b0f7d4e6b3ef,lrow_38d45af60b89,annex_logical_row,EXTRACTED_FROM
c4671c7c-7dec-56e9-abc9-c11799371d31,lrow_5c4cdaa1b19f,annex_logical_row,EXTRACTED_FROM
25e2dcd5-312e-5195-a5c0-59d07142e98f,lrow_1231d88cc9e1,annex_logical_row,EXTRACTED_FROM
859539b0-3976-54b7-ae91-b0d801a3971f,lrow_1b50208e19aa,annex_logical_row,EXTRACTED_FROM
26dee9e5-3169-5a2f-88b8-2d5fcd1907d2,lrow_8c475ed2252c,annex_logical_row,EXTRACTED_FROM
740a857f-dd21-5e7d-9c12-be66b52fd614,lrow_60460c9e4e34,annex_logical_row,EXTRACTED_FROM
937057ad-98ea-5fc9-a996-6b7c9d2e9b5b,lrow_003cae2f75c9,annex_logical_row,EXTRACTED_FROM
38292354-7803-5718-b308-dd5bb38c84f3,lrow_533fbe7792d2,annex_logical_row,EXTRACTED_FROM
98853112-332e-514d-b6bb-ee2a48d12e35,lrow_338431a1fc82,annex_logical_row,EXTRACTED_FROM
12244fa7-ed5f-5b0d-b608-b7e72136aacf,lrow_c83b31bec731,annex_logical_row,EXTRACTED_FROM
ad56fae2-5055-5086-8fe3-89baa1ec15e4,lrow_878250be8391,annex_logical_row,EXTRACTED_FROM
b73edfa9-90bd-5faf-9571-2523e0ea85f4,lrow_c8dba08a3104,annex_logical_row,EXTRACTED_FROM
e55e192b-2868-5aee-adfe-cc235670ee9d,lrow_a84c3c9eaddb,annex_logical_row,EXTRACTED_FROM
25c9847c-c91e-5f7e-a0ff-c74b8c1478c1,lrow_b61751d78a96,annex_logical_row,EXTRACTED_FROM
98aa82d3-adae-571b-a4fa-c9c97b0e946e,lrow_d21190f006b4,annex_logical_row,EXTRACTED_FROM
2c545e43-d6b6-53e3-aae6-b4a8f5411953,lrow_45cd23ae406d,annex_logical_row,EXTRACTED_FROM
eb655e7e-304a-5e3f-9a48-d9bab3983ab9,lrow_fe59cb04fd04,annex_logical_row,EXTRACTED_FROM
88748bdb-1ad0-50bf-8a07-0290827b25af,lrow_11ddbc3f80ec,annex_logical_row,EXTRACTED_FROM
b5a48572-859f-5c9a-ac33-ad344ff1d4cf,lrow_2db645bfa6ba,annex_logical_row,EXTRACTED_FROM
e9297587-a08e-5a5b-be9c-89dc87c71862,lrow_be21d879ad04,annex_logical_row,EXTRACTED_FROM
a219f9fe-c8a7-5c0d-a934-d9804a5a4018,lrow_63b5206552e9,annex_logical_row,EXTRACTED_FROM
a1093005-d4e0-5de7-833a-0b2d29765fe5,lrow_4e98e7930b96,annex_logical_row,EXTRACTED_FROM
cf7d5090-5e93-554c-9967-6174797f40cd,lrow_1fed46b3a8f0,annex_logical_row,EXTRACTED_FROM
55ce426c-0f74-510b-ae9c-1d63668e5143,lrow_875ad34d325a,annex_logical_row,EXTRACTED_FROM
77984a26-edb2-5e17-9e08-225590782f42,lrow_a13c8cabdac9,annex_logical_row,EXTRACTED_FROM
afeb9bfa-4d98-58d6-b2ea-ef872a1a5b71,lrow_beb77ec3f949,annex_logical_row,EXTRACTED_FROM
81bdd8e5-07d2-5ebd-a3f0-366220cdb88e,lrow_c613553fb3f3,annex_logical_row,EXTRACTED_FROM
e29eafe2-c42e-5e31-b574-b1863620cbcc,lrow_4d8efb7a10ee,annex_logical_row,EXTRACTED_FROM
04267fc5-871e-5859-b1b0-70107d1c680e,lrow_a234cc2bfcf1,annex_logical_row,EXTRACTED_FROM
026ee808-3d1f-50d5-90f1-92182f48c14d,lrow_00d8a32fa07e,annex_logical_row,EXTRACTED_FROM
4dc98ff2-63b3-50e2-8f82-2e2131da79ec,lrow_d8aba33b90cf,annex_logical_row,EXTRACTED_FROM
83f78dea-a177-5c2e-864d-bae342628d20,lrow_77b7bd86becb,annex_logical_row,EXTRACTED_FROM
df3e0f40-5901-558d-9ffb-78a8afa7dd02,lrow_998cdec52278,annex_logical_row,EXTRACTED_FROM
17bfe906-ee85-5a59-80ee-88d4863f9da2,lrow_1655da60d1f8,annex_logical_row,EXTRACTED_FROM
59baa871-8a78-5252-bca9-ea35dbc8dfd9,lrow_7afb8103737f,annex_logical_row,EXTRACTED_FROM
30481892-8490-568c-ba97-fee6af3f5f12,lrow_8c14ab058cfc,annex_logical_row,EXTRACTED_FROM
057a309c-fad5-5713-bc9a-b6e9b5fceafc,lrow_f47ad72cc3e4,annex_logical_row,EXTRACTED_FROM
ffa7d579-da59-5025-98e3-ab83f88ded93,lrow_96bf2df3c426,annex_logical_row,EXTRACTED_FROM
d038ed3e-1136-5a9a-b37a-56e8ae052370,lrow_a97ec64064fe,annex_logical_row,EXTRACTED_FROM
dba06cfe-135c-5240-8732-4661323d38a3,lrow_b8f4ecab4bfb,annex_logical_row,EXTRACTED_FROM
6946f7f9-f540-5f81-a7b4-e594d2994e23,lrow_2fe2000b465a,annex_logical_row,EXTRACTED_FROM
e172586a-8e1c-5144-9490-53c482df5930,lrow_30967cd21f86,annex_logical_row,EXTRACTED_FROM
620afc96-b81c-5605-9b14-23c94875656f,lrow_907a5f3c4608,annex_logical_row,EXTRACTED_FROM
72c642b1-b247-502e-8001-519c894d9bb0,lrow_551f1926ec13,annex_logical_row,EXTRACTED_FROM
10f2ae40-e093-5906-b8fe-e8ebb87d9a6c,lrow_20a47f14e106,annex_logical_row,EXTRACTED_FROM
b1c8b7c2-35bf-58b4-9e73-c13240c0df37,lcell_2375dc3ee75d,annex_logical_cell,EXTRACTED_FROM
ab1b2a83-12d8-556b-9dc2-cf4dbfabed6e,lcell_6475b42ab67a,annex_logical_cell,EXTRACTED_FROM
2e81524d-1d49-5b27-8efc-f5cea7b06330,lcell_7d09e0e81506,annex_logical_cell,EXTRACTED_FROM
893ecb86-8fa4-5cbb-a63b-528011357dec,lcell_abb5644df019,annex_logical_cell,EXTRACTED_FROM
76d38715-16c4-5a07-9b18-4a2fb551c1ec,lcell_2636b41af893,annex_logical_cell,EXTRACTED_FROM
c9da827f-e30c-5576-8092-1ff9bf0c3d7b,lcell_7dbb3310049a,annex_logical_cell,EXTRACTED_FROM
7cbcfc43-33f7-5c85-8e68-64dc3df7b2fd,lcell_3f4852a4d239,annex_logical_cell,EXTRACTED_FROM
b07c8098-eae4-5c2f-a214-aba70bbf4f3b,lcell_c1eeb9206977,annex_logical_cell,EXTRACTED_FROM
19417946-3603-57f4-9950-90e2285ebe4e,lcell_145a91e5684b,annex_logical_cell,EXTRACTED_FROM
c38e6508-0010-5fb0-8639-08b76964c1c6,lcell_8fe1f51e3c71,annex_logical_cell,EXTRACTED_FROM
2a067aaa-8aea-5d3d-b803-09b6494fae6c,lcell_7f7da7089e29,annex_logical_cell,EXTRACTED_FROM
535d5f6a-d67c-5021-ab6a-7201dd8487f3,lcell_70fc995974a9,annex_logical_cell,EXTRACTED_FROM
96cd7b5c-744b-58b7-bd5d-feb1ae44d4c9,lcell_ada4c339c410,annex_logical_cell,EXTRACTED_FROM
79300907-ef73-511c-b812-ea1f1d086a6f,lcell_4b281ccad853,annex_logical_cell,EXTRACTED_FROM
de4f78f9-76c3-5672-b4b8-b7610486e2a0,lcell_6a5c7c8df4a8,annex_logical_cell,EXTRACTED_FROM
e4a6001c-aff8-56cb-9676-1ff64fd7947b,lcell_70d8355ab668,annex_logical_cell,EXTRACTED_FROM
4c6d4484-e495-5f9e-bbee-753b29c89b6f,lcell_72d2f0c31bc2,annex_logical_cell,EXTRACTED_FROM
7fdbdea6-855a-574e-965e-30313f310520,lcell_bd8f202027e6,annex_logical_cell,EXTRACTED_FROM
d9824d05-626a-5349-9223-83741e6b9ef3,lcell_78d99a7f542a,annex_logical_cell,EXTRACTED_FROM
1bd6921d-bbf8-5c80-9e7a-8fe611b0c48c,lcell_127686ac154b,annex_logical_cell,EXTRACTED_FROM
26a14087-946c-57ec-a333-1de7d45c354f,lcell_0a325043c16f,annex_logical_cell,EXTRACTED_FROM
6fc9b88c-d2e2-5e3c-890a-fb9bf7d386d3,lcell_2fb4e771e084,annex_logical_cell,EXTRACTED_FROM
e6de9617-16c6-5df1-a4af-688fc2f4aa50,lcell_6173b8e9df70,annex_logical_cell,EXTRACTED_FROM
917188c9-fc61-5291-ab1d-b14fdd78aed0,lcell_4944352bb2a7,annex_logical_cell,EXTRACTED_FROM
27690a9e-4ed9-5789-8342-736568768330,lcell_96443dbafea5,annex_logical_cell,EXTRACTED_FROM
4575d027-acc8-5477-8c71-151531d06b72,lcell_c938a8f3142f,annex_logical_cell,EXTRACTED_FROM
61f3e139-e8aa-55c8-9408-f1d2b7f56c3f,lcell_7bf96fb0dd08,annex_logical_cell,EXTRACTED_FROM
32e2ae76-f824-5bd7-9c3c-e27956d4a406,lcell_6ca0144a965f,annex_logical_cell,EXTRACTED_FROM
8de26b77-bff1-56f2-9dda-c6f7c0c5340e,lcell_ef2fd84b7030,annex_logical_cell,EXTRACTED_FROM
df2cca44-b6aa-5237-82b8-89979566f77e,lcell_3b6a61e8603a,annex_logical_cell,EXTRACTED_FROM
20f56ce2-364b-5497-a106-b5cd8176bb99,lcell_f933704cbc5b,annex_logical_cell,EXTRACTED_FROM
8e0e529e-8a71-5e0f-8d81-62eb90eab5ab,lcell_7454084716ef,annex_logical_cell,EXTRACTED_FROM
500b69af-e504-5d00-9234-227f6c468909,lcell_57fbe3a321ba,annex_logical_cell,EXTRACTED_FROM
fc752740-4be6-5122-aaf3-e7c47b543e1b,lcell_d0005c2e9fba,annex_logical_cell,EXTRACTED_FROM
44673148-e154-5ac2-b497-50118afb6109,lcell_810ccfd9f9cc,annex_logical_cell,EXTRACTED_FROM
3ebf3991-9e79-5d0f-9e53-06bf70ddce1e,lcell_95c1ab770585,annex_logical_cell,EXTRACTED_FROM
deeea01e-e189-56f9-8ab3-82d493adae4e,lcell_49fabb3eb7d9,annex_logical_cell,EXTRACTED_FROM
bb2a1d4d-676f-564c-8129-b66291cb6231,lcell_7035143d3473,annex_logical_cell,EXTRACTED_FROM
3b07f9d9-0775-5dd3-a2a5-ae668a82cdd5,lcell_8794d9d19389,annex_logical_cell,EXTRACTED_FROM
354bb434-cc58-54c9-a552-93edcee36304,lcell_69a70ebd4ef3,annex_logical_cell,EXTRACTED_FROM
090e69a4-ff29-5e03-9242-191316701147,lcell_e379be57ef51,annex_logical_cell,EXTRACTED_FROM
10493bfc-bc91-5066-a1a0-b2b4cae2b506,lcell_4fbce4ecfaf7,annex_logical_cell,EXTRACTED_FROM
58ec96ad-45b7-5601-b73e-4f0c80d70212,lcell_f421a7f90b28,annex_logical_cell,EXTRACTED_FROM
1c4042fd-fc35-5478-8b4b-00d9780a993a,lcell_cacf38c606c5,annex_logical_cell,EXTRACTED_FROM
4c0e418b-ba52-5943-ac80-29278e9ba94a,lcell_996c25626100,annex_logical_cell,EXTRACTED_FROM
19008bfb-bf1e-589b-8a8e-e3c29e6161cc,lcell_ad4ae2563401,annex_logical_cell,EXTRACTED_FROM
509d84ec-659c-5b08-b32a-90bb021a1225,lcell_691e1b3be988,annex_logical_cell,EXTRACTED_FROM
fb953fd9-504c-53f0-a301-fc516a1571eb,lcell_7d64ddb73d41,annex_logical_cell,EXTRACTED_FROM
b151e092-d956-58ab-9c27-c94f651f263d,lcell_2d96a75c1e9b,annex_logical_cell,EXTRACTED_FROM
47abc8aa-c356-5eb8-9c77-e3097eba8456,lcell_904ec6ddafc7,annex_logical_cell,EXTRACTED_FROM
4d138721-0d71-567f-af04-fa0cab3c522f,lcell_78b5194b8d27,annex_logical_cell,EXTRACTED_FROM
5b277163-71cf-5605-8b53-b956e7915f44,lcell_f6a0591e74e0,annex_logical_cell,EXTRACTED_FROM
78a28f13-c557-51c5-9a53-c7a944495d30,lcell_a082c608c64a,annex_logical_cell,EXTRACTED_FROM
462abc2d-f7a6-58df-8de7-4aad1d0a9e72,lcell_c209509ba6a3,annex_logical_cell,EXTRACTED_FROM
b26f0b34-3f53-5662-b8e5-a8a96ddcdb7a,lcell_6dffea5fa2dd,annex_logical_cell,EXTRACTED_FROM
3e530dd1-8741-5f4d-9767-24d517e14d96,lcell_172da41c9656,annex_logical_cell,EXTRACTED_FROM
9fd4e811-3929-5a67-835c-87923c8c68be,lcell_f9af719830a4,annex_logical_cell,EXTRACTED_FROM
e23ac31a-a458-5a4e-b686-8620e821cf56,lcell_23ef43cae248,annex_logical_cell,EXTRACTED_FROM
e7e79ec0-0e19-59f2-bbe7-dd0c218c4736,lcell_cd20fd3260fc,annex_logical_cell,EXTRACTED_FROM
a18aa2a4-fd1a-5c9b-bf33-bd4a581fae4f,lcell_3201cbdb358d,annex_logical_cell,EXTRACTED_FROM
500e1db0-0476-5835-9cb7-39d148b7f300,lcell_d40f367168a0,annex_logical_cell,EXTRACTED_FROM
3f08f551-d1e3-55c1-81eb-9dbbd03fa7eb,lcell_587a07adf4b6,annex_logical_cell,EXTRACTED_FROM
f501cd7d-c452-580f-b953-0868ac331731,lcell_7587ee85fd38,annex_logical_cell,EXTRACTED_FROM
994c7ee3-9db7-5ec3-ba7d-b143c86fd526,lcell_59eb54565f39,annex_logical_cell,EXTRACTED_FROM
5572d79d-026a-54bf-8a23-1301f28dbded,lcell_2eb045ca5caf,annex_logical_cell,EXTRACTED_FROM
58450f63-6fb1-5a11-af7c-2ef024f713a0,lcell_0553c0d36307,annex_logical_cell,EXTRACTED_FROM
7e980e79-15b4-57e3-ad13-2bf3137e18fc,lcell_4adbce94c102,annex_logical_cell,EXTRACTED_FROM
b809324e-5048-5d37-bb62-2607002ca397,lcell_b95cda8f84b6,annex_logical_cell,EXTRACTED_FROM
e322cfb0-f1e2-5c5d-a51a-16ab1a88d44a,lcell_4df4b5d459fb,annex_logical_cell,EXTRACTED_FROM
7b4bbff3-25cc-5b26-819a-4059c0cd1a74,lcell_d91d09bb3741,annex_logical_cell,EXTRACTED_FROM
e0e9df1d-0895-5c62-9d66-64a2b153bb35,lcell_eca9a2969a6e,annex_logical_cell,EXTRACTED_FROM
598cb836-6baf-5263-880c-5463f5922e28,lcell_4acb77644c90,annex_logical_cell,EXTRACTED_FROM
7bf0fccd-3124-5b7f-86b5-f923561abf75,lcell_6a921379dc9c,annex_logical_cell,EXTRACTED_FROM
ca06e10d-e523-56ce-8ec2-733e18a14e0d,lcell_42f857aabf7a,annex_logical_cell,EXTRACTED_FROM
ba56a883-e598-56c0-be26-c1f83786921b,lcell_bdd5e71f2d5f,annex_logical_cell,EXTRACTED_FROM
2dd9f840-2abd-5000-93ae-eb1b0f33c90f,lcell_df0e8ba9c09b,annex_logical_cell,EXTRACTED_FROM
e4371d4a-f73a-5367-8266-6f103b603cee,lcell_73039f309c8f,annex_logical_cell,EXTRACTED_FROM
79a2d561-0f20-5b7e-8009-d9f49834a9c4,lcell_10b13f2aad76,annex_logical_cell,EXTRACTED_FROM
31d556cf-22e2-5b33-8c12-e5d348e485fc,lcell_432b81781f6d,annex_logical_cell,EXTRACTED_FROM
08b2cf94-847f-53d0-a339-686ce65e39e3,lcell_8d958f60aac3,annex_logical_cell,EXTRACTED_FROM
ed02c8c3-6f1a-5d63-a2f3-f1a10f4acc73,lcell_8222520e9258,annex_logical_cell,EXTRACTED_FROM
dca065c8-8713-515c-a476-b644d3bc9a46,lcell_4e1e46304805,annex_logical_cell,EXTRACTED_FROM
41dfe892-e1d4-53f1-9941-0dc22ee7e7b5,lcell_52447dd7802d,annex_logical_cell,EXTRACTED_FROM
1a695740-93a8-5113-9720-8a5120aa41be,lcell_0770f06106f5,annex_logical_cell,EXTRACTED_FROM
37df18b9-ee0c-56b3-9e81-9da46b608ffe,lcell_868abb07e098,annex_logical_cell,EXTRACTED_FROM
75ae0dc8-276b-568e-b6c6-89e647909836,lcell_6b94fa94ea08,annex_logical_cell,EXTRACTED_FROM
acf9b9fa-2b67-5d8b-b977-cd60ed5e21c8,lcell_929638422dbb,annex_logical_cell,EXTRACTED_FROM
d0cec6a8-d379-59ab-a566-0e97a94b6f7d,lcell_acb0a7c60cd3,annex_logical_cell,EXTRACTED_FROM
1d914e6f-5535-530d-ac33-4e62d08dacbe,lcell_9a24dbb20431,annex_logical_cell,EXTRACTED_FROM
59294753-c04b-533f-bb2e-b1244cc4885c,lcell_984f82a32e64,annex_logical_cell,EXTRACTED_FROM
5719e9af-0be1-5463-a40a-1b3c239ce8f7,lcell_a01e3cd45460,annex_logical_cell,EXTRACTED_FROM
9daa5d57-622e-5c3c-bbe7-5fcb4274800a,lcell_a3067da208dc,annex_logical_cell,EXTRACTED_FROM
b05e6bbc-5cf3-5974-8b95-036b6ad93d35,lcell_bab4d634be7e,annex_logical_cell,EXTRACTED_FROM
ac2d9fe5-4cf7-5ca1-8a56-317a3608ebd7,lcell_cddff9aa0070,annex_logical_cell,EXTRACTED_FROM
975d62dc-cc14-5d70-9a95-619b10af1b96,lcell_c1d5010d65ec,annex_logical_cell,EXTRACTED_FROM
a988414b-29a0-551d-81e9-3d2d44d7493f,lcell_79829bf04272,annex_logical_cell,EXTRACTED_FROM
6a026e70-92db-52b6-8f32-a39a1674bc0d,lcell_5a0ed0c9f79f,annex_logical_cell,EXTRACTED_FROM
68f2083d-0526-5b1f-a897-0c3628ce8f8d,lcell_e4fe46617957,annex_logical_cell,EXTRACTED_FROM
394d355d-7499-5eb6-b7d9-faf6e95757f0,lcell_5f6fe43f9190,annex_logical_cell,EXTRACTED_FROM
e927ec6b-e1a5-5bc8-b4a7-372e9752c11e,lcell_2642999392ad,annex_logical_cell,EXTRACTED_FROM
08d3bc31-f727-5c91-86e0-6572429341e1,lcell_13abd063c821,annex_logical_cell,EXTRACTED_FROM
e7bc0d54-573f-5cc8-b50b-7a369342811c,lcell_758026ba4f2e,annex_logical_cell,EXTRACTED_FROM
2f888260-bee4-5eb9-8826-416eb346bdc4,lcell_16775286fcd2,annex_logical_cell,EXTRACTED_FROM
d232f610-179b-5aed-9feb-1e136a555915,lcell_1c29cc4c6ccb,annex_logical_cell,EXTRACTED_FROM
35b3d30a-f8d0-5da6-8a0e-e78ee77948b9,lcell_6b941bbeefb6,annex_logical_cell,EXTRACTED_FROM
3760e708-69e0-55b1-812f-1b3484076ba9,lcell_94e1e41c06db,annex_logical_cell,EXTRACTED_FROM
46ed1800-cd88-5d43-9dc2-7f39426badd4,lcell_5fcab3ae1e62,annex_logical_cell,EXTRACTED_FROM
6c50f927-08d6-553f-a646-1f7857d263e6,lcell_66aa4294997a,annex_logical_cell,EXTRACTED_FROM
9b736d8a-a941-5855-8bcd-2af5dab0195b,lcell_292361768822,annex_logical_cell,EXTRACTED_FROM
5fd03817-ee5f-5756-9c6c-a8aded1f81ff,lcell_c6c3cb0b6a74,annex_logical_cell,EXTRACTED_FROM
aa8d8c9d-83f2-5d65-8b60-a2e237904c15,lcell_e5d50a5ddfb0,annex_logical_cell,EXTRACTED_FROM
b65f58cb-61e2-5ff9-aec6-c42916c26519,lcell_6a3c83fa380a,annex_logical_cell,EXTRACTED_FROM
dfdccc44-9d3c-511b-af03-92bd10fee0ea,lcell_2fa119e249f6,annex_logical_cell,EXTRACTED_FROM
ab938bfd-df20-55c7-af82-7279f1595371,lcell_5c9f64738c4f,annex_logical_cell,EXTRACTED_FROM
8718dd83-e5ea-53d3-a63d-e61531153d93,lcell_49e192b2d283,annex_logical_cell,EXTRACTED_FROM
a217a9b9-e649-592d-a99e-9c5fd9b440e4,lcell_d229837bc90e,annex_logical_cell,EXTRACTED_FROM
dc65f111-75cf-5bef-bef0-fcc2516f5288,lcell_9b438391710f,annex_logical_cell,EXTRACTED_FROM
95a9d186-fed1-5604-82b2-14064ea64cff,lcell_126568e2feba,annex_logical_cell,EXTRACTED_FROM
383d168c-42f6-5ce1-b8ce-e148114fb77d,lcell_91125b6efe80,annex_logical_cell,EXTRACTED_FROM
11414881-71e9-5311-8e5c-21f67eedc53f,lcell_4d87f9fd680c,annex_logical_cell,EXTRACTED_FROM
582b8034-7234-563e-a54b-7cdc0d2fa7b6,lcell_b57b426af214,annex_logical_cell,EXTRACTED_FROM
1bdfab8b-4c7b-5d4f-bf8d-bc3c7bec2118,lcell_81015ccae9e8,annex_logical_cell,EXTRACTED_FROM
b078ca51-50f2-58ef-a097-b09b9734c9db,lcell_b8ed158f1425,annex_logical_cell,EXTRACTED_FROM
06304371-59eb-5f14-b24b-ad91cf86a28f,lcell_6024cf1ab589,annex_logical_cell,EXTRACTED_FROM
b26513fa-0737-5770-a754-71e7928edfce,lcell_da42c945c84b,annex_logical_cell,EXTRACTED_FROM
3579bbf7-af9b-5427-aeab-b4e493c888fa,lcell_ecd21023cf76,annex_logical_cell,EXTRACTED_FROM
23dbe113-3049-52f7-9ba0-1c48a46a2d9e,lcell_ccc03f2b5073,annex_logical_cell,EXTRACTED_FROM
8151b19d-9083-5587-ba95-391a1160715e,lcell_82fb22eed3ce,annex_logical_cell,EXTRACTED_FROM
06180f5e-9fae-5adf-bcd1-ecfb1d00a514,lcell_4122ed87dca7,annex_logical_cell,EXTRACTED_FROM
de0231a1-e3d3-522a-aa08-755338507719,lcell_0dbfbba4c3ce,annex_logical_cell,EXTRACTED_FROM
a18da33d-7eb2-507d-a9f4-e2955c3eaba8,lcell_924fe976ac58,annex_logical_cell,EXTRACTED_FROM
0ed005e2-2024-5135-a377-500db4b59530,lcell_e9b1e23d90ba,annex_logical_cell,EXTRACTED_FROM
172621d5-f641-5b96-9287-c8155cdc095c,lcell_8cdefb0b9bc9,annex_logical_cell,EXTRACTED_FROM
51b3a82b-d093-5517-87a9-b85311aeb2b8,lcell_a25511fd38fa,annex_logical_cell,EXTRACTED_FROM
089854ae-000d-5d94-af7a-99709e0b6386,lcell_3bbfa3c2a894,annex_logical_cell,EXTRACTED_FROM
3b9e55b9-fa34-57d8-a61e-a637d600c261,lcell_32d6719b2028,annex_logical_cell,EXTRACTED_FROM
47e0edea-d12a-56a0-82c6-5ca3eca7d618,lcell_1b1eb5341c57,annex_logical_cell,EXTRACTED_FROM
241a52a0-3e97-5117-9d5c-f7b8882f46b5,lcell_4987bd589153,annex_logical_cell,EXTRACTED_FROM
2283f364-6b52-52c8-b52f-8567a7f2116c,lcell_190f407604d4,annex_logical_cell,EXTRACTED_FROM
4440c21c-f719-5d4e-a850-84b44360d0f5,lcell_350d3f887b13,annex_logical_cell,EXTRACTED_FROM
8fad9792-1998-5a4e-8519-0e3f63bf4324,lcell_200563345786,annex_logical_cell,EXTRACTED_FROM
bc0c287b-6009-52cf-866c-31b89da01c38,lcell_d58c5e00d15b,annex_logical_cell,EXTRACTED_FROM
6cfd196c-d11d-58f6-acd5-573af5d97bde,lcell_af91922b3aa6,annex_logical_cell,EXTRACTED_FROM
f486cdfb-0e9a-58da-aeec-763f1f782fb1,lcell_73a9cfc784a5,annex_logical_cell,EXTRACTED_FROM
373da8ae-a39c-537b-b765-e8f8a9d1bbc2,lcell_69c4701a0ea5,annex_logical_cell,EXTRACTED_FROM
9d123680-50d7-5274-9277-73b5394709e7,lcell_1983e254e238,annex_logical_cell,EXTRACTED_FROM
d0f3d1c6-311f-5943-aab6-c86dcf5fef96,lcell_9f2bc380b35a,annex_logical_cell,EXTRACTED_FROM
977225f0-965f-57f6-9b0b-8e13e59909b7,lcell_8caa38d1e381,annex_logical_cell,EXTRACTED_FROM
2b6279fc-fa5f-5e76-a4a1-1455d3f4b760,lcell_378886532db0,annex_logical_cell,EXTRACTED_FROM
6d7e7e33-2f6c-527e-a835-272d2dbdbfef,lcell_c101fbf8010a,annex_logical_cell,EXTRACTED_FROM
aca18219-068e-586c-841e-cf345bebb61e,lcell_eb3efbd6a33d,annex_logical_cell,EXTRACTED_FROM
a40b8fc4-ad01-50ac-9a36-ea88c44cfbba,lcell_8d41c5112a6d,annex_logical_cell,EXTRACTED_FROM
08bce606-bb3d-5a6c-af7c-0b5469090dfc,lcell_f4201b08aca5,annex_logical_cell,EXTRACTED_FROM
cad9dc37-b733-5d98-9d92-5122e00a00fe,lcell_8b0f611f0289,annex_logical_cell,EXTRACTED_FROM
fd4515b3-afcc-5e1c-ace8-aa818c043697,lcell_37177e5bf6e3,annex_logical_cell,EXTRACTED_FROM
de5bafcf-9414-5832-9155-88ba2db99d6c,lcell_ca03af72835a,annex_logical_cell,EXTRACTED_FROM
6b66922e-fcfe-5031-b095-46696ec4a8b5,lcell_da3445c5b4b5,annex_logical_cell,EXTRACTED_FROM
8b2cea7a-8ec9-5469-9766-6f06e48154a0,lcell_b61f4a2b505f,annex_logical_cell,EXTRACTED_FROM
43db046d-41e3-51e6-8b0a-08fd71705553,lcell_671f51c404fb,annex_logical_cell,EXTRACTED_FROM
6c54471e-9aea-5864-9bfa-b00c43819428,lcell_842ec9a58732,annex_logical_cell,EXTRACTED_FROM
e430d094-125b-5514-9f12-2858e2389773,lcell_acd6b99ebeea,annex_logical_cell,EXTRACTED_FROM
3258f3ca-bce5-5baf-9c4c-f76fc3a21caf,lcell_52eb850c5515,annex_logical_cell,EXTRACTED_FROM
714a3565-ce26-53fe-b266-cf362a8f6ee5,lcell_0e4da5085439,annex_logical_cell,EXTRACTED_FROM
042c5be4-577b-58f9-8225-358f65f98344,lcell_1a0015ad9e83,annex_logical_cell,EXTRACTED_FROM
b52d7c9d-a842-5f1f-a917-9556caa3faea,lcell_dee46c7835a3,annex_logical_cell,EXTRACTED_FROM
5715f0aa-6465-5adb-bad0-bce5117db662,lcell_0a1f26fe165e,annex_logical_cell,EXTRACTED_FROM
f60bd525-487d-5b6c-8c18-ffee3a599aec,lcell_cf1520477dc6,annex_logical_cell,EXTRACTED_FROM
6a1bf6c7-9b30-53df-84be-bfd7f0b9c36f,lcell_dc347a50a980,annex_logical_cell,EXTRACTED_FROM
af072da4-17cc-52c8-a6db-bec8d94d5e8e,lcell_36b578622670,annex_logical_cell,EXTRACTED_FROM
c9b6b0e8-d254-54c3-96c1-8f2606522876,lcell_339a4eebb98e,annex_logical_cell,EXTRACTED_FROM
a4d99784-0dda-5c8e-ba4d-8db8f2598c43,lcell_506d50c99b12,annex_logical_cell,EXTRACTED_FROM
88ba5f0e-bd09-5c71-aae7-7c09c8250016,lcell_3fff35a4ca71,annex_logical_cell,EXTRACTED_FROM
0c4b840e-e0e1-5677-988c-3cbacc286d2d,lcell_7d440c2b38e1,annex_logical_cell,EXTRACTED_FROM
a4c27352-d3c4-5373-9dec-1f0a41cabcad,lcell_67f0d0ca933e,annex_logical_cell,EXTRACTED_FROM
561450b2-04ab-5794-8586-d47343f7825c,lcell_1bbd54700d84,annex_logical_cell,EXTRACTED_FROM
9c325d8c-8584-5836-ab39-ecd8787e6b1f,lcell_162dcd5ccd89,annex_logical_cell,EXTRACTED_FROM
556fa5cc-826f-5493-9003-058b2186a50f,lcell_d9d22c2c0cc3,annex_logical_cell,EXTRACTED_FROM
3e9769ab-47c7-516b-b80d-d15ed84e793f,lcell_229e51cb5409,annex_logical_cell,EXTRACTED_FROM
a797081f-f0d0-5192-8654-e163e6d201e3,lcell_b12e8eee4cc1,annex_logical_cell,EXTRACTED_FROM
ec8ba5c4-b24e-58e9-b68e-124400b0be88,lcell_a6ae6aa73dfa,annex_logical_cell,EXTRACTED_FROM
39bb1426-83e6-5a8d-a4e4-ee1c19995412,lcell_42cd6572e2e1,annex_logical_cell,EXTRACTED_FROM
bb330d1c-2511-5ccc-bbbb-ba8769cd93f8,lcell_fe06d59231b8,annex_logical_cell,EXTRACTED_FROM
34fcfad7-f75f-554b-9d93-c15e815aff4b,lcell_bccb448589b5,annex_logical_cell,EXTRACTED_FROM
59a705ec-ccaf-54ae-847b-fce266ff26b3,lcell_cd893333c5da,annex_logical_cell,EXTRACTED_FROM
ff4186f0-ed1b-5555-99f5-8e8d2ef1739f,lcell_2c0c0d64f722,annex_logical_cell,EXTRACTED_FROM
30784e8c-aeed-592f-b84c-b2ba78234cab,lcell_3432e4e8b406,annex_logical_cell,EXTRACTED_FROM
5b554eee-e2e3-5b59-a238-dfd4ad76e8d1,lcell_a53cf64f423c,annex_logical_cell,EXTRACTED_FROM
bebea5b0-c5c5-50b1-821b-6490b28c8966,lcell_af280df69a49,annex_logical_cell,EXTRACTED_FROM
a725ad7c-3d31-5196-bf5f-9b7506045a0a,lcell_31c41c1e87c1,annex_logical_cell,EXTRACTED_FROM
ea4a9158-ab2f-5a61-b697-40d65b335a40,lcell_730bd3ab750c,annex_logical_cell,EXTRACTED_FROM
c0e67019-0321-5c9d-86ca-f58227f8d129,lcell_4163a6ecc71b,annex_logical_cell,EXTRACTED_FROM
448e2363-26cf-5931-bfe5-a5cf5c92f9de,lcell_3f2139f3abff,annex_logical_cell,EXTRACTED_FROM
7febba76-2b10-57ea-ac2b-039a270a36a2,lcell_e75f1e018274,annex_logical_cell,EXTRACTED_FROM
081f7b5f-ff9b-5a97-a19e-54931452c35a,lcell_99aeb48c253c,annex_logical_cell,EXTRACTED_FROM
338f5657-7f4e-534e-97f6-4f68b705db38,lcell_423ebba58580,annex_logical_cell,EXTRACTED_FROM
5b8ef0bb-6713-5437-81d4-f4df4b5474ab,lcell_60540377fdea,annex_logical_cell,EXTRACTED_FROM
605b0c71-8413-59a2-8b51-bdb3b118fe41,lcell_7f8e79182f93,annex_logical_cell,EXTRACTED_FROM
a30bae39-3b0b-58a8-9fcf-a8b49bda38e4,lcell_f7041758f109,annex_logical_cell,EXTRACTED_FROM
1e085be0-b2a1-55f8-9e6f-353310f4f63e,lcell_687f75410eb5,annex_logical_cell,EXTRACTED_FROM
0573dd28-9c2b-5146-8fd8-6f448f67a19f,lcell_368a273a1447,annex_logical_cell,EXTRACTED_FROM
7db65d53-d148-57d9-8931-57471851b2c7,lcell_08edf95a6cf9,annex_logical_cell,EXTRACTED_FROM
c3026413-9606-56cf-b62b-ab4f9d8659ed,lcell_1cacf0921b64,annex_logical_cell,EXTRACTED_FROM
52a5a2a3-af44-54d9-b9eb-b17a7b15ea23,lcell_0ffa020c2f0b,annex_logical_cell,EXTRACTED_FROM
508d78a4-b2e3-5ebf-8810-e995323159e3,lcell_6a47857d28d1,annex_logical_cell,EXTRACTED_FROM
642c3bd0-54be-5cc0-8b02-debd1936d779,lcell_b28229b7b323,annex_logical_cell,EXTRACTED_FROM
22ea8b45-74ca-5651-ac5c-eb947340a05a,lcell_894c2944c7e2,annex_logical_cell,EXTRACTED_FROM
44122ef6-4939-5309-9185-35fb284ca550,lcell_1bad083cdce7,annex_logical_cell,EXTRACTED_FROM
a7baed04-ecd0-561b-8b7b-c06124e3e34d,lcell_7e471730467d,annex_logical_cell,EXTRACTED_FROM
77efea7e-189b-53c3-b2db-2d9fc5d0ee87,lcell_84ca783acc80,annex_logical_cell,EXTRACTED_FROM
b3ce3067-979d-5507-9280-dc590b08a849,lcell_20c5d2161134,annex_logical_cell,EXTRACTED_FROM
2c0be2ea-3da6-57d0-81cb-63f703069a18,lcell_4b1d9886bf6b,annex_logical_cell,EXTRACTED_FROM
3b2fba1f-efa9-5cde-9963-06105712947d,lcell_8cbcfd1854c8,annex_logical_cell,EXTRACTED_FROM
fa9f83dd-9dfd-5982-8c6a-41ed52172783,lcell_aabff7625a8d,annex_logical_cell,EXTRACTED_FROM
14ea5be3-9518-59ec-b7e6-bd1250e13f7b,lcell_d6c7b2a407ee,annex_logical_cell,EXTRACTED_FROM
a6dd534c-c52c-5068-9778-8173eadd84bb,lcell_8d1ed03af63d,annex_logical_cell,EXTRACTED_FROM
39b167e0-f523-5d13-88b0-1e658e6d4aa1,lcell_9792c61e9fc5,annex_logical_cell,EXTRACTED_FROM
bdec640e-a572-5381-a6f4-7c527559ed4c,lcell_57f2b14ea1f2,annex_logical_cell,EXTRACTED_FROM
b4ddefd6-cff4-5bc0-8920-c4e3524313a7,lcell_5862594ae9ea,annex_logical_cell,EXTRACTED_FROM
bbed55b2-4586-54f5-bc31-0d6db4bf94ba,lcell_f8e3cbe9045d,annex_logical_cell,EXTRACTED_FROM
455873ea-5c7b-5feb-8d38-577a78de65d5,lcell_d2abd4eedf35,annex_logical_cell,EXTRACTED_FROM
9ca28209-6384-5aa9-b66c-7ee8a542900e,lcell_1158754a4ebc,annex_logical_cell,EXTRACTED_FROM
b8def227-4206-5856-905e-425b7f41133c,lcell_a2d2b54aa797,annex_logical_cell,EXTRACTED_FROM
9b199950-778f-5676-8d52-9e7a1090bba8,lcell_7e76f324bc0b,annex_logical_cell,EXTRACTED_FROM
e443f7ca-e14a-5ff1-8b9d-bff48c85a6a7,lcell_be5e5fc093d5,annex_logical_cell,EXTRACTED_FROM
693d906b-5f0e-5a1c-973d-2aa50a9900b4,lcell_538ddff21b66,annex_logical_cell,EXTRACTED_FROM
805f78a0-f418-566d-aeca-bcb8f5153d60,lcell_6f99db59444a,annex_logical_cell,EXTRACTED_FROM
c9c1edfe-6e6b-57bf-9c3b-38cd5e4a2e2b,lcell_226ec1ffb000,annex_logical_cell,EXTRACTED_FROM
58ac442a-b647-568a-9ecb-5ba1b905d6d4,lcell_e8966c741e73,annex_logical_cell,EXTRACTED_FROM
5a0afdd5-cbb2-5aee-99e5-de9f6ab01524,lcell_d3c8c0537e7e,annex_logical_cell,EXTRACTED_FROM
33181f5d-0d2e-5199-84fb-5cfd93ac77f4,lcell_4ed0dbf53562,annex_logical_cell,EXTRACTED_FROM
b61a690f-eaa5-5d0e-a55f-f33872010b78,lcell_52a3bbeeaa43,annex_logical_cell,EXTRACTED_FROM
a17da412-2f73-5f67-925c-9807c343b671,lcell_7ded652867f3,annex_logical_cell,EXTRACTED_FROM
4941f7e5-7b23-52f6-9786-86b9d6f28425,lcell_c4bc6cd769de,annex_logical_cell,EXTRACTED_FROM
47236844-55fb-5a69-a97a-b1ac131c837b,lcell_20f1d4f669b7,annex_logical_cell,EXTRACTED_FROM
905086ba-e19c-5f67-bddc-c6ae376c839d,lcell_e0b2125ef9e3,annex_logical_cell,EXTRACTED_FROM
e6f472d2-7dfd-5a1e-bfa5-efb9e872a1cc,lcell_260f212fbe1a,annex_logical_cell,EXTRACTED_FROM
596d8731-abc2-5ba9-81c2-ecbb690dea1f,lcell_57f5c85f6ccc,annex_logical_cell,EXTRACTED_FROM
3076c4db-ce30-5042-97c2-125a4f95dd31,lcell_df964bdb050e,annex_logical_cell,EXTRACTED_FROM
0c005425-d9e8-583d-8412-65f81c88d173,lcell_c8897e2f2a58,annex_logical_cell,EXTRACTED_FROM
79946fc7-a009-5a4c-a8bc-57b71b94d69a,lcell_5be38fd786fb,annex_logical_cell,EXTRACTED_FROM
b3577e42-de86-53bd-a17b-985e8ddbe7c2,lcell_21ab3fa366d2,annex_logical_cell,EXTRACTED_FROM
b55696ad-3093-5f0d-a5a3-e038da79fb18,lcell_97050fb15f6c,annex_logical_cell,EXTRACTED_FROM
6ce5410e-16c3-5983-bb77-50eb29dd25df,lcell_3267e99967a7,annex_logical_cell,EXTRACTED_FROM
bb5f2985-85b4-5174-9c16-e60c05019f23,lcell_76739c76acf9,annex_logical_cell,EXTRACTED_FROM
60f6fdf6-d595-5cdd-918b-4d486ac026eb,lcell_42c4414a4321,annex_logical_cell,EXTRACTED_FROM
ed0d8598-a996-5375-b0ba-222fbddae10d,lcell_9130e2ecbe4a,annex_logical_cell,EXTRACTED_FROM
79ade546-cd31-5bc1-ac8a-b8f284a2be54,lcell_b90bce4d58e8,annex_logical_cell,EXTRACTED_FROM
1750cdd6-0cb9-52fb-859d-2d16f27866dc,lcell_2a26140b214d,annex_logical_cell,EXTRACTED_FROM
3cacb419-320e-5175-9ad0-1112259d8331,lcell_355c34b4c11f,annex_logical_cell,EXTRACTED_FROM
f1ef9dea-c98f-56f9-82cb-b31efb23b52b,lcell_883bcf03ab93,annex_logical_cell,EXTRACTED_FROM
7bdc2c9d-0f02-527e-86c8-e8ad27cea1f7,lcell_04371651bbbe,annex_logical_cell,EXTRACTED_FROM
31fec4fa-f518-50d5-a337-1b907ed2f723,lcell_2080e1a27be7,annex_logical_cell,EXTRACTED_FROM
6732bbca-93ea-5882-99b9-d44ca2239c19,lcell_817dc4f4f87d,annex_logical_cell,EXTRACTED_FROM
c5830030-7f37-5e36-97ae-b46a462699a7,lcell_2d215c7be23e,annex_logical_cell,EXTRACTED_FROM
965060bd-1fb5-5b87-b5a0-026c2965b77f,lcell_188966e5bd24,annex_logical_cell,EXTRACTED_FROM
7c3487c6-5e6f-5fd1-aa67-068592dcd7dc,lcell_a8b7331a1424,annex_logical_cell,EXTRACTED_FROM
bf831c68-a9ef-5718-af4c-8f71dc8da008,lcell_f9cceb834688,annex_logical_cell,EXTRACTED_FROM
5d54776e-224b-5bf2-a87f-f4c9b24a27ab,lcell_55db7ff819ae,annex_logical_cell,EXTRACTED_FROM
b29e46f7-36a8-52df-937a-1b79efcc9229,lcell_2b7aae898fe6,annex_logical_cell,EXTRACTED_FROM
9ece1410-fcf9-5e05-852e-4a79ccd547dc,lcell_e60e65a8d9f6,annex_logical_cell,EXTRACTED_FROM
0adc02e7-4c7b-5fb6-8a56-8bc688da3e48,lcell_7f25d8b84e9d,annex_logical_cell,EXTRACTED_FROM
2ec11968-3bc6-5d3c-8379-df2359ef68ce,lcell_91da85eb505c,annex_logical_cell,EXTRACTED_FROM
2cb50e48-d277-5122-8fb9-47dc671177ea,lcell_e3e7d389586c,annex_logical_cell,EXTRACTED_FROM
cb2ac460-30a8-5cb0-8114-1ccd3013a86c,lcell_ffecbc18ec0b,annex_logical_cell,EXTRACTED_FROM
973d9df2-b513-57a1-95d2-4665d491981f,lcell_68502a44d9b5,annex_logical_cell,EXTRACTED_FROM
4915b62f-9190-56d4-b0c8-4c88e3b53604,lcell_525c8bf9d78f,annex_logical_cell,EXTRACTED_FROM
09cd0fb2-411b-58d2-a778-4eb18d2efac8,lcell_706a22ed5aae,annex_logical_cell,EXTRACTED_FROM
ceeb15eb-b58e-54bd-84fa-a72e0785563b,lcell_0d3dc303ef30,annex_logical_cell,EXTRACTED_FROM
7572eba0-10d2-5949-8b7e-03be2a72810f,lcell_bb74e85f595a,annex_logical_cell,EXTRACTED_FROM
d91aa2d7-9fb2-58f4-9cb1-38e8e7bc2cca,lcell_045b64281532,annex_logical_cell,EXTRACTED_FROM
9b0cdb56-5123-5878-b55f-40a08d22924a,lcell_ced64346f417,annex_logical_cell,EXTRACTED_FROM
f5b61e94-d950-5fa3-b5ad-98af40fd224f,lcell_c1ae691ca803,annex_logical_cell,EXTRACTED_FROM
4a66b600-9b59-512b-b038-0222b7856ad9,lcell_529fe09f1ddb,annex_logical_cell,EXTRACTED_FROM
1b51cb74-a71f-5cf3-a092-4d926bac8c59,lcell_cf1ae0e01fc2,annex_logical_cell,EXTRACTED_FROM
567a9370-e95a-5df9-b785-61902a56cfd3,lcell_0b91858da761,annex_logical_cell,EXTRACTED_FROM
2baac655-f973-5c1d-b1dd-b0a2afbf8c14,lcell_456d9389a60b,annex_logical_cell,EXTRACTED_FROM
e456198e-293f-57b9-bfa5-c4a9f65c4f14,lcell_cd16cf3ff28f,annex_logical_cell,EXTRACTED_FROM
a1efe5d0-8a21-5b79-a994-2e045468d0da,lcell_9bd561622d9d,annex_logical_cell,EXTRACTED_FROM
6d39e567-3b69-54db-9d48-5fdd5f8fcbb5,lcell_893adcb4e377,annex_logical_cell,EXTRACTED_FROM
b9846fda-980b-5e10-92d5-f77d1dd5fae7,lcell_5f96824f21a2,annex_logical_cell,EXTRACTED_FROM
afd714ea-ac00-536d-9ede-9fba5b05d1eb,lcell_6ca498f463c2,annex_logical_cell,EXTRACTED_FROM
3c9dd5aa-e08b-5338-a298-5c9f235f5286,lcell_b2d6d597b58e,annex_logical_cell,EXTRACTED_FROM
922c0e5e-0536-5073-92e5-40fd75065d7b,lcell_d255dbc2f573,annex_logical_cell,EXTRACTED_FROM
6ded5e51-bbcd-5b52-bff6-e165db8f1141,lcell_643374ae226f,annex_logical_cell,EXTRACTED_FROM
2e69eddb-c897-5eff-833b-68af20c19d4b,lcell_9dc836f3cad3,annex_logical_cell,EXTRACTED_FROM
15975517-f42c-5a38-b270-eae39949361f,lcell_15cd119a3987,annex_logical_cell,EXTRACTED_FROM
6b4064bf-3776-5080-b845-707241fe51db,lcell_6fdc2ec9f9f5,annex_logical_cell,EXTRACTED_FROM
c6fc7c37-3f83-5f6e-8070-ac73168f7731,lcell_d02b1200276e,annex_logical_cell,EXTRACTED_FROM
ca921fc4-e968-56a9-9f4b-bb16778d5e2d,lcell_570b99974c1b,annex_logical_cell,EXTRACTED_FROM
49cb1a5b-12e8-5a5b-8d60-9384e96f96c6,lcell_7ed4f06578a5,annex_logical_cell,EXTRACTED_FROM
36075854-da1a-55d4-a59b-285d4724bc7b,lcell_8db04713c84f,annex_logical_cell,EXTRACTED_FROM
99492412-3f22-52fc-9bfc-6bd4fc7dd9e3,lcell_2586c5bf25c5,annex_logical_cell,EXTRACTED_FROM
b475f924-3bef-558c-b149-f04ce730348a,lcell_96a4622b1117,annex_logical_cell,EXTRACTED_FROM
bb5f3db2-93e2-52f9-8780-8daea8132346,lcell_e6d94df80b11,annex_logical_cell,EXTRACTED_FROM
c75ac54e-b66d-5ff2-89a4-0ba48e6526cd,lcell_aac65ee294d6,annex_logical_cell,EXTRACTED_FROM
604b587c-f23b-5d1b-ba43-b814ad91bfec,lcell_5f5177498dd3,annex_logical_cell,EXTRACTED_FROM
49600301-c463-5305-93c6-77370633eaf4,lcell_97740307531a,annex_logical_cell,EXTRACTED_FROM
5381bd2d-4435-50f8-b736-cbdbd8b344d5,lcell_9c59e53c0b58,annex_logical_cell,EXTRACTED_FROM
a02a2a77-6696-5b05-85a1-1d6f2376a13a,lcell_e146f95f8114,annex_logical_cell,EXTRACTED_FROM
d2024325-1ef8-517f-b905-59f869b7e10e,lcell_cf9b4f5fadcc,annex_logical_cell,EXTRACTED_FROM
b632effb-127b-50a7-b677-5d6640365ff0,lcell_c651a1e2298c,annex_logical_cell,EXTRACTED_FROM
96892207-e935-5579-8a6e-e260fe40ed18,lcell_0aac196410ce,annex_logical_cell,EXTRACTED_FROM
15561e44-f27e-54f4-b09a-9793f39493c3,lcell_77bde35be2d5,annex_logical_cell,EXTRACTED_FROM
9b6212bc-8213-5935-bda6-a1003b393a80,lcell_aa464c43d710,annex_logical_cell,EXTRACTED_FROM
d260db44-1254-5845-af8f-5536044e059f,lcell_2c6edd60a3bf,annex_logical_cell,EXTRACTED_FROM
45fd31be-478d-50e2-b589-98fbe7a8e406,lcell_ce46f5e3bd20,annex_logical_cell,EXTRACTED_FROM
e768deee-53a8-5a5c-9d00-d9ec5c4f42bf,lcell_d5c0b620dabb,annex_logical_cell,EXTRACTED_FROM
81f45445-e8e8-5a86-90e5-3dd603af26ff,lcell_9aac6ff03545,annex_logical_cell,EXTRACTED_FROM
1a0c4239-ef48-513a-9421-84ce51d1bc4b,lcell_27e465c83168,annex_logical_cell,EXTRACTED_FROM
c14314f2-6474-5bd8-8c21-e3fd95d8e012,lcell_9e32ec2b3be8,annex_logical_cell,EXTRACTED_FROM
e07c1283-87a4-52fc-82a5-396ec5df0ee9,lcell_74015190b418,annex_logical_cell,EXTRACTED_FROM
3fe13273-4db0-5af5-b499-7a18cb0084d1,lcell_53fc0466193b,annex_logical_cell,EXTRACTED_FROM
0f8b68a1-7da9-5f56-964e-fc1079feb0c2,lcell_b1cbecdbb676,annex_logical_cell,EXTRACTED_FROM
03e4f102-5ba9-59a6-b62e-9afe211e4f85,lcell_258412f46b03,annex_logical_cell,EXTRACTED_FROM
7b1c3672-36d0-59cc-a798-509fa9368cd1,lcell_c74c8ab94e9a,annex_logical_cell,EXTRACTED_FROM
fac2c285-e7f0-5ae6-83aa-e8c8f372673b,lcell_021c1c6fb07c,annex_logical_cell,EXTRACTED_FROM
2b6d7151-d644-514c-b29f-5eb29c66771e,lcell_56011298cbd9,annex_logical_cell,EXTRACTED_FROM
231668e2-3207-5dca-af50-7b236dd9c16f,lcell_c27d8d2dd59e,annex_logical_cell,EXTRACTED_FROM
3f2e2c03-9f50-5989-a563-4aae8ea871d5,lcell_3ee0b6854d71,annex_logical_cell,EXTRACTED_FROM
1bf0641f-d4f1-50e4-a50f-ed698857926b,lcell_c40b2dcab951,annex_logical_cell,EXTRACTED_FROM
2f4b7ec2-2e63-5473-9bfd-d8681a605848,lcell_57ad977cb6dd,annex_logical_cell,EXTRACTED_FROM
43af4e63-d6b9-5276-8ca7-ca6f3cdc1f5e,lcell_53b9666d0c4d,annex_logical_cell,EXTRACTED_FROM
f5da8668-d160-534f-bf97-96da0433e291,lcell_a6aada017390,annex_logical_cell,EXTRACTED_FROM
4e63a066-004e-5af6-ba9c-4e1a977e6c7a,lcell_57e1f00b7d81,annex_logical_cell,EXTRACTED_FROM
e7250e2b-ed66-50ae-a860-146e5f57299d,lcell_ff603ec8021c,annex_logical_cell,EXTRACTED_FROM
22234c18-db34-5970-a35a-09ca3fe3585f,lcell_aa2958d5875f,annex_logical_cell,EXTRACTED_FROM
81af3654-88eb-5659-8852-d76d3ae28d94,lcell_bfcd144f2d59,annex_logical_cell,EXTRACTED_FROM
9be63773-f52a-53c3-b4df-d7cc5a0ee204,lcell_927de0698f46,annex_logical_cell,EXTRACTED_FROM
1f2095b1-963f-5c93-9af3-1b385fcef9a4,lcell_b656bfdf3e45,annex_logical_cell,EXTRACTED_FROM
2932f62d-71fb-5912-8a41-db3683aafe74,lcell_c9b356ee54a4,annex_logical_cell,EXTRACTED_FROM
92c4024c-1294-580e-b6b9-804d6d71f10f,lcell_86a88eea0ac8,annex_logical_cell,EXTRACTED_FROM
3b373eb4-8ea1-56c6-93f5-96ac30d36399,lcell_ba13caa51d67,annex_logical_cell,EXTRACTED_FROM
8a34f8a2-6ecf-5db1-b85b-e5f61a5c2f37,lcell_23650ddcd5bf,annex_logical_cell,EXTRACTED_FROM
221bdde3-3b00-5a64-9075-c21499a87488,lcell_b62d4c444bc3,annex_logical_cell,EXTRACTED_FROM
1d9e7fd8-da06-54a1-adc4-7fe40209e638,lcell_658de4b2268b,annex_logical_cell,EXTRACTED_FROM
89e62311-a698-5963-bfb0-523746600e83,lcell_83d2798ff367,annex_logical_cell,EXTRACTED_FROM
2bc1c29c-f54f-5ba7-8391-4df21e4130ab,lcell_f5a1c775b114,annex_logical_cell,EXTRACTED_FROM
77c047dc-ea26-5c91-b434-68df8be77fea,lcell_cd77b7f42108,annex_logical_cell,EXTRACTED_FROM
ff0299da-3498-56b6-bb79-6e0c0e6256a3,lcell_ddb0b3018118,annex_logical_cell,EXTRACTED_FROM
ea823d5a-3cb0-55ba-95aa-7be342e5b822,lcell_fd1089069592,annex_logical_cell,EXTRACTED_FROM
a2c25977-d0fd-58db-bdff-93e187a51a56,lcell_c5ad6e6a24a5,annex_logical_cell,EXTRACTED_FROM
9c357457-0c68-5242-a41d-89fa047439e5,lcell_e13ce844d2f7,annex_logical_cell,EXTRACTED_FROM
f6f569e5-9974-59ef-a654-e56afc59970a,lcell_efc4a1c3d832,annex_logical_cell,EXTRACTED_FROM
a915d951-35ef-509e-a085-59f6a2398057,lcell_86dbe5d187da,annex_logical_cell,EXTRACTED_FROM
e16bd8cd-9351-579b-b811-26ca72980b20,lcell_b07907ddb45e,annex_logical_cell,EXTRACTED_FROM
d9a8b080-933f-5742-94ef-f06d62ace21d,lcell_a9e8965efb22,annex_logical_cell,EXTRACTED_FROM
f58b58c3-6cfa-514d-9870-97ef02a612bb,lcell_53db88905d49,annex_logical_cell,EXTRACTED_FROM
0744fcc8-603f-5afd-80b6-5113c3b72e64,lcell_a240aa53cd75,annex_logical_cell,EXTRACTED_FROM
8d6fd858-8cd6-5dc7-acc8-8362e81a5d86,lcell_24244fcaa328,annex_logical_cell,EXTRACTED_FROM
258a7e3d-4d4e-54ab-a23c-9e681a125fb5,lcell_3fe643eb0af3,annex_logical_cell,EXTRACTED_FROM
76c89a97-b42b-5bb7-a1be-dd772e0c424d,lcell_b0dba434d6d8,annex_logical_cell,EXTRACTED_FROM
ea9d737b-9ac9-5d88-97b6-5a96a45c2ede,lcell_3e11a8e29052,annex_logical_cell,EXTRACTED_FROM
f510f75d-d850-51b1-b684-299e4d087ddb,lcell_ccc036c35083,annex_logical_cell,EXTRACTED_FROM
30ed5a05-97ec-534c-8db6-ca8e045cf113,lcell_637d5f0073d9,annex_logical_cell,EXTRACTED_FROM
82c0366d-95d8-56d1-aac5-7d2fb31277d2,lcell_d9d9b66f2fa1,annex_logical_cell,EXTRACTED_FROM
52606fe6-fb30-5aaf-b698-0848e5a1fd92,lcell_cee096c386a1,annex_logical_cell,EXTRACTED_FROM
bd164941-bca8-585c-a8e0-c39303e64f18,lcell_c65383faab0c,annex_logical_cell,EXTRACTED_FROM
39f7d51e-1c4b-5a14-9a76-5e5e5c6fdab8,lcell_e485765d1000,annex_logical_cell,EXTRACTED_FROM
bf871a36-20ae-5bbb-9528-2449ba409879,lcell_96910a14daba,annex_logical_cell,EXTRACTED_FROM
5b29dcfe-3e4a-5eab-8521-b1815b1fd205,lcell_2caa07ffe053,annex_logical_cell,EXTRACTED_FROM
3b8024b0-1ac8-55da-b00a-e740c089ceda,lcell_764b8095a07a,annex_logical_cell,EXTRACTED_FROM
0600122f-3987-52eb-a0b8-0f3e4dbd581c,lcell_ea6e30c93046,annex_logical_cell,EXTRACTED_FROM
810d8680-5c86-5d20-872f-32bd9c1f6223,lcell_6ffbb57cc94e,annex_logical_cell,EXTRACTED_FROM
722a2c79-3e85-558f-b35f-61850c62a7ba,lcell_174031747938,annex_logical_cell,EXTRACTED_FROM
34c303ff-6971-5571-be7b-82c8ffc5cf7d,lcell_4e3add8fb2f2,annex_logical_cell,EXTRACTED_FROM
df07ab9f-adc2-59d3-98a0-fc4b4aa2f21d,lcell_bdd55fdab332,annex_logical_cell,EXTRACTED_FROM
cb476785-cd5c-544c-a72e-12847e50c584,lcell_f5d1605c0668,annex_logical_cell,EXTRACTED_FROM
e1af0530-e0d7-5dd2-8684-f89048ffba03,lcell_c46fa0f082f3,annex_logical_cell,EXTRACTED_FROM
bcef9997-571b-5ba7-a42c-925f642b2210,lcell_c8f374d57969,annex_logical_cell,EXTRACTED_FROM
5e5111eb-ffce-53df-af10-e885b419eea3,lcell_a554f10379c5,annex_logical_cell,EXTRACTED_FROM
241b0a8d-a1a7-5570-9716-1d31f8cc26a4,lcell_b9646e29be32,annex_logical_cell,EXTRACTED_FROM
fc3fae68-c8dd-531d-a30c-37d59dd5dcf5,lcell_804d2ae34758,annex_logical_cell,EXTRACTED_FROM
89fbeecb-e842-5aa5-80ea-72bfd87116b0,lcell_a685936f7b9f,annex_logical_cell,EXTRACTED_FROM
58bb1e44-510c-5f5a-b4c9-ed54c3d5bd5a,lcell_d22f235d9abc,annex_logical_cell,EXTRACTED_FROM
4ca17155-fe0d-58e6-b052-d3b23fc91674,lcell_35a3d2e28a34,annex_logical_cell,EXTRACTED_FROM
5e3d8bbb-cb94-5e1b-af59-a90d068fec87,lcell_ebc2151f4994,annex_logical_cell,EXTRACTED_FROM
448a4d78-25ee-59fb-9537-ac0a009efbb7,lcell_2ed68da56957,annex_logical_cell,EXTRACTED_FROM
5addef9a-5d33-50ec-ad0c-aa650a3b63be,lcell_c334c882a13a,annex_logical_cell,EXTRACTED_FROM
4f9a8d03-ce6b-5490-998c-0c92443fe0cc,lcell_d2387eda1cd3,annex_logical_cell,EXTRACTED_FROM
0cd2a9c5-1642-5869-bd9a-77a5a8cb5860,lcell_75d229250a18,annex_logical_cell,EXTRACTED_FROM
64c9f087-aa63-5aa8-a373-3b09ddb68fbf,lcell_45b125f8faae,annex_logical_cell,EXTRACTED_FROM
a485ab6c-b87c-5e5a-8193-097bd1a36e51,lcell_0b6d33009475,annex_logical_cell,EXTRACTED_FROM
3e1a76ab-7449-532d-9270-0ebc1b1b66f7,lcell_f2c7a7c73815,annex_logical_cell,EXTRACTED_FROM
122c497c-cde6-582c-9ea5-eb4e83d4f8f4,lcell_bf5ad8cc780b,annex_logical_cell,EXTRACTED_FROM
4fe0e5aa-98fe-513e-a152-421dc67a0f10,lcell_36743d2f20b9,annex_logical_cell,EXTRACTED_FROM
0f3f8d21-6742-543c-8a6e-de3f531cc180,lcell_81a11d9a5735,annex_logical_cell,EXTRACTED_FROM
c1eed9fd-4756-5887-b264-776eea0871f8,lcell_039a1b372982,annex_logical_cell,EXTRACTED_FROM
6a6c2bde-0653-5ee7-81be-ec2a90ed82ca,lcell_04f0ca481b5d,annex_logical_cell,EXTRACTED_FROM
a53c0418-394e-5020-bb48-ff94b0c33803,lcell_8af2ea0e1ea8,annex_logical_cell,EXTRACTED_FROM
94806e18-06b9-5950-9f34-3e13f2ffdf92,lcell_32e70d075f84,annex_logical_cell,EXTRACTED_FROM
7c413892-ebe9-5aa5-b4cd-942f1d81e9bd,lcell_3555d5f99fce,annex_logical_cell,EXTRACTED_FROM
97ac9b14-8855-5f53-81e4-9c20551709db,lcell_5c89fe0fa872,annex_logical_cell,EXTRACTED_FROM
e05a2660-0c15-509d-8eb0-f8053d873ee8,lcell_556422e38664,annex_logical_cell,EXTRACTED_FROM
7dd4d2c3-5b9e-551b-82a2-a002d231b382,lcell_ed5c71ffa6fa,annex_logical_cell,EXTRACTED_FROM
6478427f-a66c-5a7a-8712-0de784e5bf73,lcell_23242355c5f4,annex_logical_cell,EXTRACTED_FROM
505569fe-9d1a-54ca-aad4-be92530443f7,lcell_53945d6b1c8c,annex_logical_cell,EXTRACTED_FROM
217ed5ed-2a33-5030-9327-5f85e29d34f6,lcell_90a5d4dce6de,annex_logical_cell,EXTRACTED_FROM
343a6434-f514-5d45-8d64-ab9e287ed4ff,lcell_fbd0173f355d,annex_logical_cell,EXTRACTED_FROM
879ff533-538c-5055-9864-283320ac513a,lcell_b4ad9710d380,annex_logical_cell,EXTRACTED_FROM
01a7ae44-fe63-50db-ac37-e70504669e42,lcell_42d0e55b849b,annex_logical_cell,EXTRACTED_FROM
25329b72-6fe1-5e94-8935-fb07b7afb5f3,lcell_4fe759ab5fdb,annex_logical_cell,EXTRACTED_FROM
bb1571e7-b8ba-5321-b008-ed9dd1b7b347,lcell_bf008464dcb7,annex_logical_cell,EXTRACTED_FROM
c2147a20-b5e8-51b8-a3d5-10458d661329,lcell_67412934400d,annex_logical_cell,EXTRACTED_FROM
4a3bc028-6cc1-57e4-b9a8-801850fa63fb,lcell_fb4aaa85a36c,annex_logical_cell,EXTRACTED_FROM
c4c40c76-916b-58fd-b341-90e832278520,lcell_a517882329ad,annex_logical_cell,EXTRACTED_FROM
b692eab5-a601-5802-a501-0ecd3fb214b2,lcell_d1a5cf14793e,annex_logical_cell,EXTRACTED_FROM
dcd627ef-418a-5894-be16-8e083a0c247b,lcell_1a2bc8c4e39c,annex_logical_cell,EXTRACTED_FROM
f07906eb-729c-5858-bb43-2cd390852d9b,lcell_f491546e7d61,annex_logical_cell,EXTRACTED_FROM
3df1ed68-dc61-5ec2-90a5-b80358b8bcf7,lcell_11da1d48c90b,annex_logical_cell,EXTRACTED_FROM
20adcc4d-d14e-5a7c-8da8-5cc1b5ce4d9e,lcell_c629fad92803,annex_logical_cell,EXTRACTED_FROM
26507374-4d46-5c41-9777-1cd17cb1616c,lcell_6bb6c18e397f,annex_logical_cell,EXTRACTED_FROM
63e6ff19-fea1-5d3c-95b9-050511c2a02b,lcell_fa6ce503a0a5,annex_logical_cell,EXTRACTED_FROM
d373d4d1-71b5-5790-bc91-359670db910e,lcell_b6bde9867ca6,annex_logical_cell,EXTRACTED_FROM
18dd4cdf-9c00-51d1-a58a-be458d987544,lcell_fcbf7d807067,annex_logical_cell,EXTRACTED_FROM
3bc57167-6dac-52f8-a56f-219c2bbebaeb,lcell_a5e4ba1cb76f,annex_logical_cell,EXTRACTED_FROM
0c6ae187-fb21-5d25-9ac7-facfcec9b60b,lcell_53004bdbeae7,annex_logical_cell,EXTRACTED_FROM
69c5caf6-6ddf-5138-98de-b7461aaf3f97,lcell_f17b89e64b5e,annex_logical_cell,EXTRACTED_FROM
dc59041a-739e-5888-8cca-365fdbdd4514,lcell_e43a923403db,annex_logical_cell,EXTRACTED_FROM
78ed21b3-2c19-5c6d-956f-15253d1cebc7,lcell_1e71106fd4f8,annex_logical_cell,EXTRACTED_FROM
59970b2d-6544-59f7-bf2e-3f2703863247,lcell_104445004f94,annex_logical_cell,EXTRACTED_FROM
d18b081f-476b-5fc3-9561-fb7e09beac9c,lcell_9b9ab11e4da1,annex_logical_cell,EXTRACTED_FROM
e2604915-1c7f-536e-89cd-7a59f94d9789,lcell_e23c5749acc9,annex_logical_cell,EXTRACTED_FROM
0fb066f8-98b4-544e-964c-5bf842d13ee4,lcell_1801a6fea6da,annex_logical_cell,EXTRACTED_FROM
1bac6018-c936-5a70-bdcc-39f3f4ea90f0,lcell_be7d6872a41b,annex_logical_cell,EXTRACTED_FROM
ec31e9eb-d975-585c-b697-d16c36fc3773,lcell_a1c70561e9d0,annex_logical_cell,EXTRACTED_FROM
cb966d03-289c-57b1-9fa6-a6c7e273c0f0,lcell_234329d53d71,annex_logical_cell,EXTRACTED_FROM
b78b1c54-23f4-59b6-88ff-164ee8a8a3b8,lcell_2edd5245b32f,annex_logical_cell,EXTRACTED_FROM
1479dc6f-8531-5cf2-964d-b36adf73abc0,lcell_5dd11142bf71,annex_logical_cell,EXTRACTED_FROM
cd148f50-d57b-53cb-baa8-9fee63f64369,lcell_b460a8a771ed,annex_logical_cell,EXTRACTED_FROM
7093500a-d492-574f-ad82-cff74262c18e,lcell_4cdc30b6070b,annex_logical_cell,EXTRACTED_FROM
267c814d-71ed-594b-b1c7-f12767d1df33,lcell_b7291334e382,annex_logical_cell,EXTRACTED_FROM
6be2d84d-e8bb-5c52-8508-8cefc040e22e,lcell_29ba380ecce9,annex_logical_cell,EXTRACTED_FROM
3047e79c-a3e8-58d9-9149-78eb7246a851,lcell_bb0b171c6d55,annex_logical_cell,EXTRACTED_FROM
8ff67b8e-f732-503c-85e1-c8ec81f6a74e,lcell_6acfd70b2d60,annex_logical_cell,EXTRACTED_FROM
d0912ab4-68d9-5507-9464-620968511b36,lcell_85e9b86bf9a5,annex_logical_cell,EXTRACTED_FROM
2b8510ad-3f81-59bf-913a-cef1eb4aa746,lcell_922bc2aee15c,annex_logical_cell,EXTRACTED_FROM
2ba04465-c1c6-5730-ba83-b6e932a5d228,lcell_c6dc6b8ce629,annex_logical_cell,EXTRACTED_FROM
165e061c-f508-54ae-a022-020201ae37a7,lcell_5550913d0c8a,annex_logical_cell,EXTRACTED_FROM
098e4913-9a05-5e89-b6fa-056935858b50,lcell_811052e6bac4,annex_logical_cell,EXTRACTED_FROM
34f7847e-4ed9-534e-8ad4-2c8117e55bb6,lcell_0956102b92ad,annex_logical_cell,EXTRACTED_FROM
e07266b1-4341-5583-a963-b810d63e9ea3,lcell_45bd332e9654,annex_logical_cell,EXTRACTED_FROM
c5c7ae80-1d7d-5f46-8bdd-4b94ba2fd71b,lcell_412de07780cb,annex_logical_cell,EXTRACTED_FROM
00fd9325-4ce3-583a-a3bc-03e5062a19be,lcell_2d77f9390b92,annex_logical_cell,EXTRACTED_FROM
96e94c63-a0d1-5509-a470-428e3956e684,lcell_d864cb7f038b,annex_logical_cell,EXTRACTED_FROM
47192db2-1408-5898-8c66-a8bf1d319ceb,lcell_794b4825c75d,annex_logical_cell,EXTRACTED_FROM
569cd375-64a5-5c21-832e-4e52dffdfd02,lcell_5746d8331fcd,annex_logical_cell,EXTRACTED_FROM
30bab118-4111-55e8-9f58-f0b4408526e2,lcell_2b1bc8590fd2,annex_logical_cell,EXTRACTED_FROM
1b90766c-9fcd-5a75-b9a2-ede5e4420b34,lcell_b2c45ce5665a,annex_logical_cell,EXTRACTED_FROM
f3da6c87-ca61-550a-9918-5f17917dc920,lcell_ae6c13d2bb8f,annex_logical_cell,EXTRACTED_FROM
98d60c28-f887-5075-9687-1cc06a630cde,lcell_5459554ba58a,annex_logical_cell,EXTRACTED_FROM
b47f9718-2632-5476-88fc-f77f3657a723,lcell_1985b4ee67ad,annex_logical_cell,EXTRACTED_FROM
cd5a4837-0430-50d2-aeeb-508764288e3f,lcell_275d6a3ae492,annex_logical_cell,EXTRACTED_FROM
5e9b4fe5-a041-5128-90b1-3c53ad2cedc6,lcell_a7c6a2a1bc49,annex_logical_cell,EXTRACTED_FROM
b32793a0-1e81-5e15-9657-3e3b2540824d,lcell_ea676e86970a,annex_logical_cell,EXTRACTED_FROM
9682c305-e32c-503b-bcfc-578b2bcdcc09,lcell_d7b6997de0a3,annex_logical_cell,EXTRACTED_FROM
335a0e06-4cae-53f7-b595-b8c070560b78,lcell_f8e2e269bd5f,annex_logical_cell,EXTRACTED_FROM
a948f3e4-5b9b-5c79-941b-66edc800378b,lcell_52588dea943c,annex_logical_cell,EXTRACTED_FROM
43d58765-07e0-5dca-bc79-4fcdc80ed3c4,lcell_7106f0415e55,annex_logical_cell,EXTRACTED_FROM
564434a3-a82c-5561-9a8d-7361446ead9e,lcell_0656b9eecd0d,annex_logical_cell,EXTRACTED_FROM
a2f6010f-0ad8-5970-ab59-5937cc03ab15,lcell_5e9059c4cddc,annex_logical_cell,EXTRACTED_FROM
c0de2621-379b-5262-ae17-8d2793a2d804,lcell_08ee52ffa201,annex_logical_cell,EXTRACTED_FROM
618f4d9d-9b25-57fd-854a-8b0f94b3fb91,lcell_ea8efa72063f,annex_logical_cell,EXTRACTED_FROM
b0737a8d-4275-58bc-9361-1731d231eb0f,lcell_4b1af77685bd,annex_logical_cell,EXTRACTED_FROM
75e56e1f-7314-5c63-aa42-1f61ec76b7cf,lcell_0eeca56d62f6,annex_logical_cell,EXTRACTED_FROM
4994adc1-cba5-5901-a303-e7c19b22d041,lcell_86a64c8509ad,annex_logical_cell,EXTRACTED_FROM
d0c27844-62e7-5194-88b1-d27e75735e30,lcell_51696b1eba91,annex_logical_cell,EXTRACTED_FROM
a66f160f-5b33-5d8d-ae8f-870bff777872,lcell_d0e1f9db5366,annex_logical_cell,EXTRACTED_FROM
bad73af1-bdae-5a44-a78e-ed1e8156d5b6,lcell_e0f629fa81b4,annex_logical_cell,EXTRACTED_FROM
f435a783-8473-51f1-9447-5af604f3f0ef,lcell_59703316fad1,annex_logical_cell,EXTRACTED_FROM
d0e1e171-8c41-5062-847f-6475a7cfc877,lcell_ece6a82e2508,annex_logical_cell,EXTRACTED_FROM
2f3ca736-5f00-5048-8fcf-bb4c8ba2413e,lcell_45c5a36d5291,annex_logical_cell,EXTRACTED_FROM
ef219080-1374-5751-97fc-68ea5c3f5a91,lcell_a311338e6e59,annex_logical_cell,EXTRACTED_FROM
bb80f7d0-e750-5ae9-ae38-5e82cb586f11,lcell_c36e406b243d,annex_logical_cell,EXTRACTED_FROM
99e5f253-b0b1-58a7-8a9a-0a07b2699062,lcell_7f95f3d35131,annex_logical_cell,EXTRACTED_FROM
78f549aa-9e9c-5143-8273-2106a532b450,lcell_fb921ac759f5,annex_logical_cell,EXTRACTED_FROM
c6235548-78d4-512c-96c0-cbc2711b4f13,lcell_3a4a7b5152c2,annex_logical_cell,EXTRACTED_FROM
d57b3554-478f-5bb1-b318-d8eb95536828,lcell_a7a22f9bbbc3,annex_logical_cell,EXTRACTED_FROM
98964d49-18d1-51af-92c8-0484bf8a91ff,lcell_d9aa369b779a,annex_logical_cell,EXTRACTED_FROM
5bb59658-dfe0-53ac-9ac1-55d1a4e8c5a1,lcell_3fa3764c098a,annex_logical_cell,EXTRACTED_FROM
fb0b5636-23ac-5f2a-8182-c76a90b0d12f,lcell_ae3ca81fe689,annex_logical_cell,EXTRACTED_FROM
137f337c-ffe3-5dfc-b9ca-e80ce1583630,lcell_bc6c135c5092,annex_logical_cell,EXTRACTED_FROM
45c695c7-e85c-5eae-9771-6e4739dc7c86,lcell_5e3ff48596f9,annex_logical_cell,EXTRACTED_FROM
4a607c13-a0b9-5ba7-a6f7-2a35fe9092e0,lcell_a97d20de2240,annex_logical_cell,EXTRACTED_FROM
b9830d88-b7cd-58e5-8ccc-443287888d08,lcell_c240b21a186d,annex_logical_cell,EXTRACTED_FROM
f25fd522-dc8d-562f-828c-a3f849116965,lcell_316d6ec0f880,annex_logical_cell,EXTRACTED_FROM
9fd49947-0d90-5a72-b7a2-8053e0cf4641,lcell_71b0a9feb2f2,annex_logical_cell,EXTRACTED_FROM
f71d0ed0-6d16-542d-9f93-1c498d7face6,lcell_ae0c46159cb2,annex_logical_cell,EXTRACTED_FROM
96fc0022-7d9a-5a77-ad55-82779dd3ee0a,lcell_bf7eb193521c,annex_logical_cell,EXTRACTED_FROM
095eeb05-d251-5410-9f44-02a863b12396,lcell_20d01c07b617,annex_logical_cell,EXTRACTED_FROM
dcd6d88a-63b4-50ae-a7bf-d10de3faec0b,lcell_6538060e158d,annex_logical_cell,EXTRACTED_FROM
4d4d61f9-1613-5f5d-aa91-118415a80df3,lcell_ca2bd1b9bc11,annex_logical_cell,EXTRACTED_FROM
d98b936d-4b1f-54a1-b903-dd3ec846be8f,lcell_6528b9eb2e1e,annex_logical_cell,EXTRACTED_FROM
ae7a6cc0-978e-583c-ab19-b79b50fe7721,lcell_1535d8b86a09,annex_logical_cell,EXTRACTED_FROM
22bc3f72-b908-531c-9ce3-1ac16e96dd36,lcell_75c6952f88ce,annex_logical_cell,EXTRACTED_FROM
af966942-6458-5d4a-bba2-ba1106be4d70,lcell_91216824f24d,annex_logical_cell,EXTRACTED_FROM
71793122-30af-5df9-ad78-4b097016eba7,lcell_0990dc0eebc4,annex_logical_cell,EXTRACTED_FROM
90942e2c-d16e-50e2-9407-0d6582d994cf,lcell_bfa8be5f3535,annex_logical_cell,EXTRACTED_FROM
97569c77-2cf6-500c-b711-eb42b0aa36b9,lcell_423f90f354fa,annex_logical_cell,EXTRACTED_FROM
5af7c316-af32-57ab-8790-5ea30f08dbf0,lcell_d0bd66784793,annex_logical_cell,EXTRACTED_FROM
4fb575a5-2d15-58f8-8522-e31f7b641121,lcell_edc84e82b79f,annex_logical_cell,EXTRACTED_FROM
71eddee6-1cd2-5ccd-8a9c-927efd59f55f,lcell_e1a667625e6d,annex_logical_cell,EXTRACTED_FROM
d183b7b8-22cf-5c47-a136-76598045e2d5,lcell_d2e3b9583f0f,annex_logical_cell,EXTRACTED_FROM
66fcc7ac-6212-5cd5-964d-f93bd44fd8dc,lcell_43c79cf1ddee,annex_logical_cell,EXTRACTED_FROM
c06468e7-ed2a-5f5a-9a3f-d90359074c42,lcell_6c36e2e3203b,annex_logical_cell,EXTRACTED_FROM
41fdea85-492a-5674-8af3-9edf94858734,lcell_66503aea15c2,annex_logical_cell,EXTRACTED_FROM
f40ede5d-2e43-5995-96c9-6ce186a193f9,lcell_2df4c7cd8458,annex_logical_cell,EXTRACTED_FROM
6cc852fc-6a40-52ab-917a-dfbdf4d6638d,lcell_76532ca17337,annex_logical_cell,EXTRACTED_FROM
f346c600-3135-5603-9934-08f0c41e35e3,lcell_c1d052d1a57e,annex_logical_cell,EXTRACTED_FROM
cb47f4d4-fa2d-503b-9098-20b4967c5c5c,lcell_86072472ea8f,annex_logical_cell,EXTRACTED_FROM
9c8704d9-1000-56da-989a-2062323f873a,lcell_7c852e950395,annex_logical_cell,EXTRACTED_FROM
b93cd261-d3c0-5a40-a06f-776844fc281a,lcell_b6fc9a024fbc,annex_logical_cell,EXTRACTED_FROM
ba62c158-ac5b-500c-9e18-ee17512a39b9,lcell_a1f47eb37db5,annex_logical_cell,EXTRACTED_FROM
ce1e33a9-5a35-5cbf-8e2a-a01037174127,lcell_dcdfb21b5750,annex_logical_cell,EXTRACTED_FROM
daa8d743-b469-50fb-88a5-361462f7b3b7,lcell_ed93a0a02554,annex_logical_cell,EXTRACTED_FROM
bd8c73ce-6461-5fd6-965d-f4fbb0b353d2,lcell_2d327d26ee9d,annex_logical_cell,EXTRACTED_FROM
d93394b0-4ec8-5211-bfb4-1e3273322b44,lcell_fcadcacbe24f,annex_logical_cell,EXTRACTED_FROM
57335741-227b-556d-b8d7-be2f6f5e60b2,lcell_a5336cc0cfba,annex_logical_cell,EXTRACTED_FROM
3218a2e5-11dc-5146-8e92-a2e323161aa4,lcell_b5e078396f43,annex_logical_cell,EXTRACTED_FROM
7bccb8c2-d684-58f0-b659-d6fa85572a09,lcell_b27b27b410a6,annex_logical_cell,EXTRACTED_FROM
6b19a284-66ca-5bc8-8efe-059390e7392c,lcell_d39ae0b74284,annex_logical_cell,EXTRACTED_FROM
b189b546-9a9e-5acb-9fb6-84b36a85a0f9,lcell_d884e5d6a4a9,annex_logical_cell,EXTRACTED_FROM
52cbfa50-0361-560e-883e-8705d423a1d4,lcell_4ebb36c3cd60,annex_logical_cell,EXTRACTED_FROM
212211ca-32e5-58e7-b8dd-cd575c125f25,lcell_28320d804147,annex_logical_cell,EXTRACTED_FROM
7d53e1ef-428c-54f1-93e0-008e87e099d0,lcell_42fdb0239a2e,annex_logical_cell,EXTRACTED_FROM
425975fe-31f7-5bb3-aac0-a27319b5da1f,lcell_4109f6d867fe,annex_logical_cell,EXTRACTED_FROM
89ca695c-f15e-5c60-bc69-32f670c2e065,lcell_5f2e247337cc,annex_logical_cell,EXTRACTED_FROM
65ad6859-9b1d-5b75-b51c-8a0a2c616c16,lcell_4d34d7ceb4f3,annex_logical_cell,EXTRACTED_FROM
2ff963bb-6085-52ad-bba7-ddf6d6c687a8,lcell_f412b2f4228a,annex_logical_cell,EXTRACTED_FROM
b9271dae-3aa0-5fdb-a9f6-29c7352a202e,lcell_366a78a61023,annex_logical_cell,EXTRACTED_FROM
c522cd2f-e12f-578d-8406-aa7f39a1da26,lcell_5ecb66d717d0,annex_logical_cell,EXTRACTED_FROM
4b738b51-0bc4-5232-ad3b-d0eb7f66c0a1,lcell_aa6c6dff1a06,annex_logical_cell,EXTRACTED_FROM
216ebc5e-6e82-535f-864f-78e34fdf8661,lcell_b6a1093b2dfd,annex_logical_cell,EXTRACTED_FROM
811d94ad-5ff8-5c2c-87fb-ca3b35fa5c0c,lcell_56a9b9248f81,annex_logical_cell,EXTRACTED_FROM
0d59e8fb-829a-5eb9-9f38-9dea2287c5f7,lcell_5942b2b66f93,annex_logical_cell,EXTRACTED_FROM
dd09ad32-f547-5b14-9a35-535f8da9b4e0,lcell_c23daca484ef,annex_logical_cell,EXTRACTED_FROM
13fe4941-7c69-5706-8464-44b37fd0ca74,lcell_9ed88f40aed8,annex_logical_cell,EXTRACTED_FROM
51b823eb-7c0b-5bd9-9158-e727516a92c8,lcell_6b14bac3dca6,annex_logical_cell,EXTRACTED_FROM
ca64b374-923c-5983-94ba-117f859093f7,lcell_c3e37b9c0a01,annex_logical_cell,EXTRACTED_FROM
af17a7df-d5f7-5e07-b50a-3a3e77dab2e5,lcell_802412dcb65a,annex_logical_cell,EXTRACTED_FROM
969f6574-4c0b-5faa-a617-ea2b955a080f,lcell_e8e445485833,annex_logical_cell,EXTRACTED_FROM
c458de81-dd37-5ce7-b0e9-30f627ada2cf,lcell_863d05a17d41,annex_logical_cell,EXTRACTED_FROM
66eac00c-fb11-52d2-8d86-6497381927be,lcell_9fe7a1edf143,annex_logical_cell,EXTRACTED_FROM
78ad6dc7-09a8-55bb-9989-ba23258719a6,lcell_69d339624116,annex_logical_cell,EXTRACTED_FROM
bdf638aa-2cc0-5a84-bb9e-65a7d3e891c1,lcell_7aec80469114,annex_logical_cell,EXTRACTED_FROM
01d43bad-b9d0-5647-b4e6-5c1c9030b776,lcell_593517192f22,annex_logical_cell,EXTRACTED_FROM
6ab8916d-05e6-5263-a82d-bd727b316ff8,lcell_6d545355010b,annex_logical_cell,EXTRACTED_FROM
fd915a3e-b1a9-5dfb-9ca0-c3a6bdb4aeae,lcell_c26cac817a56,annex_logical_cell,EXTRACTED_FROM
2d495bb5-4cad-565f-b9d1-9b77772e6cb2,lcell_39a5a295682a,annex_logical_cell,EXTRACTED_FROM
b16fca4c-1b9c-5826-ae82-17877ca4c212,lcell_8760231be690,annex_logical_cell,EXTRACTED_FROM
f374941c-7ffd-55dc-bde0-5ea9518e5ca4,lcell_cf4c9a2f6adc,annex_logical_cell,EXTRACTED_FROM
aed31173-7fe4-564e-bf4a-680cff5c680c,lcell_0faac90b0688,annex_logical_cell,EXTRACTED_FROM
3f9f77c7-ac7c-59ea-9cf4-64100bbbb757,lcell_dfb265b00525,annex_logical_cell,EXTRACTED_FROM
794ed078-dee1-5553-bed1-2c92fd619114,lcell_bdb4b07e38c8,annex_logical_cell,EXTRACTED_FROM
edb6487b-06a5-5123-9a48-99ea5f99a626,lcell_0ce9f560c16b,annex_logical_cell,EXTRACTED_FROM
8fcf38d6-8ebe-5b9a-8edc-d91a6c5fbff9,lcell_3540e9c46194,annex_logical_cell,EXTRACTED_FROM
c6a849bf-83d5-5a08-b995-eaeb8e623c83,lcell_75263fab6cf9,annex_logical_cell,EXTRACTED_FROM
dce29d44-206a-52eb-b118-1de1c4c6d991,lcell_8500983ac684,annex_logical_cell,EXTRACTED_FROM
978e836d-7f32-5dd7-97cd-ad795d2dba86,lcell_66b51d6801ea,annex_logical_cell,EXTRACTED_FROM
2eaf5d36-a2ff-5781-9ccb-e8d16db5238e,lcell_865c43cc04e4,annex_logical_cell,EXTRACTED_FROM
7ffd10a7-8cb5-5c44-9529-c08f36dba86f,lcell_74c94c6e726c,annex_logical_cell,EXTRACTED_FROM
a2535828-301e-5a24-80c2-5e5e6095ac0d,lcell_683a05de4ec3,annex_logical_cell,EXTRACTED_FROM
9c6a4e66-4e16-53b5-b9dc-734d30c85fcd,lcell_71c328145210,annex_logical_cell,EXTRACTED_FROM
b013cd51-27d5-57ba-8879-e0248317e909,lcell_c28db3f437e3,annex_logical_cell,EXTRACTED_FROM
40b0fee1-17a4-57d9-b78d-9890ad1a393e,lcell_cad572df9d71,annex_logical_cell,EXTRACTED_FROM
589962a1-6ce2-5705-942b-0ad04caaf864,lcell_94f99476ed40,annex_logical_cell,EXTRACTED_FROM
2bed3b4d-0b55-5e30-8237-eb61d11caa23,lcell_5662ad304ca1,annex_logical_cell,EXTRACTED_FROM
c02bfe57-4372-5c83-8f43-6993f5fef89c,lcell_cc92c858db67,annex_logical_cell,EXTRACTED_FROM
166f9c66-7390-55cf-bc15-a2efec83d8a2,lcell_50f7aed7381d,annex_logical_cell,EXTRACTED_FROM
171818bd-c4ed-5094-ae9b-f13284cb5b0b,lcell_8ba3d8c4dd8b,annex_logical_cell,EXTRACTED_FROM
9c2e235e-2818-5c7b-ae98-f00a0c62303d,lcell_d3143fe613b1,annex_logical_cell,EXTRACTED_FROM
4f5882b3-e915-5b90-9d87-b801d46242ec,lcell_068b598c46a5,annex_logical_cell,EXTRACTED_FROM
4159bf8d-55bc-543c-87aa-ec90d0668a42,lcell_505827217300,annex_logical_cell,EXTRACTED_FROM
b259c7e9-9933-50bc-a6bc-b2e11b968703,lcell_84394c000ea7,annex_logical_cell,EXTRACTED_FROM
7fa6c30e-a48f-5b52-8a18-a54a09d88cbd,lcell_0fb22f5e8ed5,annex_logical_cell,EXTRACTED_FROM
1ad76e3a-c67d-59c4-811e-562b0a082a98,lcell_329794cd7344,annex_logical_cell,EXTRACTED_FROM
e030956d-0e91-5ec5-bfaf-e814523c5ec2,lcell_919a0fca8bc2,annex_logical_cell,EXTRACTED_FROM
5cdb1523-c20a-5440-a7ba-9135c25bb705,lcell_51289c6759b7,annex_logical_cell,EXTRACTED_FROM
bae7d5c4-5818-5136-a219-12248d8db3fa,lcell_52eb8999cb80,annex_logical_cell,EXTRACTED_FROM
4965192e-7c11-5e5b-8146-6381886af1f3,lcell_9cd1202ea229,annex_logical_cell,EXTRACTED_FROM
88488732-1b59-5cf1-a5f1-da546b4a86dc,lcell_1549252e0f7d,annex_logical_cell,EXTRACTED_FROM
33f1b36f-171c-5148-a547-8916d7691885,lcell_6cc538939756,annex_logical_cell,EXTRACTED_FROM
3fd7e0a0-9a1d-573e-bd24-dd55b939d80d,lcell_bc519d5e4f84,annex_logical_cell,EXTRACTED_FROM
bd0918e8-6037-53e8-91c2-3bc99e634d98,lcell_c5dcacb7f239,annex_logical_cell,EXTRACTED_FROM
9cdcd5fe-3bc8-5914-872b-3f578b2d4b3a,lcell_a89af76f0d76,annex_logical_cell,EXTRACTED_FROM
75758546-8ce7-50f0-a3bc-3b8a58121e65,lcell_ec18883b2cdc,annex_logical_cell,EXTRACTED_FROM
832a7fa1-4777-5894-ab44-b5579b9743ab,lcell_fff6a86c6477,annex_logical_cell,EXTRACTED_FROM
457ecb76-0a5f-588f-bf34-4f7a34f000d4,lcell_42ed5b5f1b1d,annex_logical_cell,EXTRACTED_FROM
4504f9e6-5f76-56c8-b6c0-59046957e49c,lcell_e0061a6b730f,annex_logical_cell,EXTRACTED_FROM
dbb3ed46-1797-58b8-a240-1f9d27549142,lcell_2b7f20c86ad0,annex_logical_cell,EXTRACTED_FROM
1b5465d6-f839-552b-8232-de0a27d06fe4,lcell_22de4cee85b0,annex_logical_cell,EXTRACTED_FROM
49685484-856a-5cf3-964c-8f83d24f3577,lcell_0b868812862d,annex_logical_cell,EXTRACTED_FROM
f29c1c59-1c31-55d6-9577-ecbb8dc00d7e,lcell_6bb58505d206,annex_logical_cell,EXTRACTED_FROM
37e5c906-87d9-59c7-b55e-73691e529f2b,lcell_8780d41e94a5,annex_logical_cell,EXTRACTED_FROM
a2ff5bc8-5142-5767-880a-2344094720c1,lcell_b5105700e9b1,annex_logical_cell,EXTRACTED_FROM
af1f08f8-e0bf-5e86-b336-b80c0bda30dc,lcell_0dadc8edd9f5,annex_logical_cell,EXTRACTED_FROM
8764c9b6-90e9-54ee-87d1-a5a3f5471127,lcell_3dedbdcbd3ba,annex_logical_cell,EXTRACTED_FROM
b15202c5-0754-5c4a-9ab9-eb30b668a7f7,lcell_8c82609c5522,annex_logical_cell,EXTRACTED_FROM
a869df3c-5c61-5938-b1c0-e9348f9237f6,lcell_759b3a49d8d5,annex_logical_cell,EXTRACTED_FROM
34d39a10-b81f-5bc4-90bc-a2e452c911bb,lcell_464b90baf610,annex_logical_cell,EXTRACTED_FROM
e8e729ac-7af7-5d4b-ba1e-c30589849007,lcell_6bffddda2beb,annex_logical_cell,EXTRACTED_FROM
dccb42a5-d611-5e36-b038-b8dc3ca41b92,lcell_45e0a03b5cae,annex_logical_cell,EXTRACTED_FROM
d5367a72-8d97-524d-bade-2e053f0933b9,lcell_da5b19308b9e,annex_logical_cell,EXTRACTED_FROM
6045613c-f7a2-58df-b0c6-fcb5065134e9,lcell_f41a9d4e3b22,annex_logical_cell,EXTRACTED_FROM
42de4902-e0bd-5b6e-8fdf-55278ad8cac7,lcell_5698716f6a33,annex_logical_cell,EXTRACTED_FROM
c4531dde-f318-57c3-b1d2-1315f2a7fba1,lcell_8ed17f03954a,annex_logical_cell,EXTRACTED_FROM
31f93b71-aa1e-5ed1-948f-14d00b480a95,lcell_7007c361e1e1,annex_logical_cell,EXTRACTED_FROM
3d6f4d7d-b040-5a5c-88fa-887edfa2d057,lcell_b7f2deb3ab17,annex_logical_cell,EXTRACTED_FROM
3a45a20b-190a-5b69-9d6d-dcc141ef5668,lcell_3dbc9e3b2a0c,annex_logical_cell,EXTRACTED_FROM
5ad38566-cb80-5396-9527-1cce863c83f9,lcell_1cb8986a80c7,annex_logical_cell,EXTRACTED_FROM
e4cf4a77-f04a-517e-b846-f3bfc878ecb4,lcell_d2eb6e55df8b,annex_logical_cell,EXTRACTED_FROM
238cb9f9-ff38-5d7a-8722-71462bbf7d3c,lcell_0a740329a69d,annex_logical_cell,EXTRACTED_FROM
dc8c801c-0793-56ac-9899-c8198eec9e66,lcell_a6d33c2d23e7,annex_logical_cell,EXTRACTED_FROM
33c4dd5e-2d1c-530e-b0fd-3dfba84e7ba4,lcell_3d4047afb63f,annex_logical_cell,EXTRACTED_FROM
faab1b18-ea21-53bb-8700-1349437a2469,lcell_824ce591c92c,annex_logical_cell,EXTRACTED_FROM
cb240cfc-72ff-53c2-83e1-edd9eaaa84a8,lcell_a7f8e41f8098,annex_logical_cell,EXTRACTED_FROM
daac3bf8-5644-50f6-a935-54e520aa9b6f,lcell_1e886a24f8e2,annex_logical_cell,EXTRACTED_FROM
b68a0b2f-82d1-507a-9284-c4972e574f0b,lcell_96e958d412bd,annex_logical_cell,EXTRACTED_FROM
5dc815b2-bb12-5efd-a37a-6c8d67e68311,lcell_1c2e3707a2db,annex_logical_cell,EXTRACTED_FROM
6c6a962f-0bc4-5a40-97af-c8d4687d10df,lcell_4110a8963421,annex_logical_cell,EXTRACTED_FROM
4e95eb4f-28cf-5914-82cd-3f45cd894742,lcell_56d2ee65c127,annex_logical_cell,EXTRACTED_FROM
a49c38a9-b108-5a87-bf56-f7ce5f764c8d,lcell_858b2a2c27ea,annex_logical_cell,EXTRACTED_FROM
13082b22-170a-53aa-a1f2-c0bb49cce856,lcell_5548a4acc691,annex_logical_cell,EXTRACTED_FROM
2c097b6b-353a-586d-96e3-560c5a2f80e1,lcell_32c51e5d0f85,annex_logical_cell,EXTRACTED_FROM
f285b52e-484d-5ade-ada1-53de9a966727,lcell_b85f387a3b35,annex_logical_cell,EXTRACTED_FROM
6323adb2-35c7-54be-b517-64b43073078c,lcell_300e5e5f3d53,annex_logical_cell,EXTRACTED_FROM
fc8d6550-c6f0-5fd1-aeab-b560491c0e06,lcell_c969e8e3805d,annex_logical_cell,EXTRACTED_FROM
13fa46fe-37eb-57d9-bead-a72aed5683ab,lcell_b0008e570f66,annex_logical_cell,EXTRACTED_FROM
6ba986ec-ec18-5882-94b5-1f80ed5f0ff4,lcell_e2c289a2c319,annex_logical_cell,EXTRACTED_FROM
0e9586a4-cc57-5abf-bda3-26d2c709622c,lcell_5c86c8687cda,annex_logical_cell,EXTRACTED_FROM
4602b907-6b61-5625-a85b-f2394fdc7e57,lcell_b6f438477411,annex_logical_cell,EXTRACTED_FROM
23075d70-428c-5404-9b13-371433941ad3,lcell_607d704d316e,annex_logical_cell,EXTRACTED_FROM
45ca4a4f-ae8c-5471-aa73-c8d94f549a9b,lcell_3fe3ba435c7f,annex_logical_cell,EXTRACTED_FROM
808917c1-7db1-5466-ade6-36a4015af70a,lcell_3b494ab1fb26,annex_logical_cell,EXTRACTED_FROM
dac5722d-2887-56f7-b40d-b867518de309,lcell_4710aaac81e6,annex_logical_cell,EXTRACTED_FROM
ef1584a6-1d2b-58b9-96f6-1c8804df9ad1,lcell_78365a990435,annex_logical_cell,EXTRACTED_FROM
8d3ccb62-4afe-500e-baee-f59b89b6a41d,lcell_a1beaf8356a7,annex_logical_cell,EXTRACTED_FROM
a8de22b7-8224-5f1c-9d17-9506418e0667,lcell_e8bf16cda89a,annex_logical_cell,EXTRACTED_FROM
a6626b8a-93ee-5520-b413-3a38365ba550,lcell_0e97b325c515,annex_logical_cell,EXTRACTED_FROM
50eef384-c70d-5a51-a825-522e06f43203,lcell_39d976220928,annex_logical_cell,EXTRACTED_FROM
d54c5334-f8ea-5ae8-9267-beec29c343f9,lcell_ce7ba91f1e6e,annex_logical_cell,EXTRACTED_FROM
8c1a2a28-a734-507e-a472-a565e6cc8495,lcell_4d1cc8ba75f9,annex_logical_cell,EXTRACTED_FROM
f28c046e-fb9e-57a9-83fa-d27914f2f25c,lcell_9d9a35073a42,annex_logical_cell,EXTRACTED_FROM
0aba8587-c0f9-5d98-a547-f8d6752beb10,lcell_c258be2c1263,annex_logical_cell,EXTRACTED_FROM
533fd1f1-bd54-5895-b0d1-262403ed63c5,lcell_194277fe8401,annex_logical_cell,EXTRACTED_FROM
c4608332-a25f-592e-9b46-d48194fe0e74,lcell_3ef54cf06a9e,annex_logical_cell,EXTRACTED_FROM
db423e68-a590-5972-8177-91a3e07f2efe,lcell_e14428edc56f,annex_logical_cell,EXTRACTED_FROM
60dcf782-e678-5076-8b6c-8fbb1e8bb5a6,lcell_09f17b296552,annex_logical_cell,EXTRACTED_FROM
d3d63317-7390-566f-84a9-bdf16eb1ca42,lcell_49c41adcbe3c,annex_logical_cell,EXTRACTED_FROM
7f925de7-537b-5115-80ae-5582f02c5351,lcell_2b4c17fd7a3c,annex_logical_cell,EXTRACTED_FROM
aba23958-dc4a-55a8-90ad-a47b13731bd9,lcell_3b65318161e0,annex_logical_cell,EXTRACTED_FROM
4a4d3707-4b07-5988-a356-de9caabd178a,lcell_ed2ffc36f558,annex_logical_cell,EXTRACTED_FROM
a4ade8d7-571b-5b3a-a074-c3fa5c6e086d,lcell_fb58c78ba919,annex_logical_cell,EXTRACTED_FROM
75d583f9-4478-5960-bd63-c8df2e4081cf,lcell_5420605e21ea,annex_logical_cell,EXTRACTED_FROM
4c3a6650-2dbd-5842-93a6-98f8054af7c3,lcell_e9bcd1ae604b,annex_logical_cell,EXTRACTED_FROM
113cc728-d3de-5177-8268-50f8ff0ff9f9,lcell_153460446325,annex_logical_cell,EXTRACTED_FROM
11ca6dd3-7509-5bb2-baab-22b8e580f9d0,lcell_1c38b560edda,annex_logical_cell,EXTRACTED_FROM
e7422fd6-f292-591c-801d-6273fe5817a1,lcell_745a18fef296,annex_logical_cell,EXTRACTED_FROM
990a6d14-609d-5ad6-a4b0-59feb96273c9,lcell_6e8c2f72a45b,annex_logical_cell,EXTRACTED_FROM
0aa19a05-2429-5508-9f9b-4d0a35fdeae4,lcell_27cefdcf1539,annex_logical_cell,EXTRACTED_FROM
cdd5f750-3a54-5bca-aa8f-8babfb6a511d,lcell_5cc0570b7e31,annex_logical_cell,EXTRACTED_FROM
2e5618c3-187b-5f2c-a5da-a99b0fbb0984,lcell_0f499ae25ee2,annex_logical_cell,EXTRACTED_FROM
c84d1950-f81c-541f-94be-8be268807834,lcell_6fb845f20416,annex_logical_cell,EXTRACTED_FROM
d93be899-1798-5f93-b5fb-13d538208b21,lcell_acecaa5f4614,annex_logical_cell,EXTRACTED_FROM
7bf3bbf3-d863-57e6-8c44-5898fadbfea2,lcell_3505d54ae633,annex_logical_cell,EXTRACTED_FROM
c9e67bdd-7360-5eec-99eb-6cab53444663,lcell_67b84fb18461,annex_logical_cell,EXTRACTED_FROM
2c7f66b7-d9a1-5361-8e4d-ad4daad1213d,lcell_3368affd3cd2,annex_logical_cell,EXTRACTED_FROM
33e2eaa2-cac2-5f49-a429-63c649147095,lcell_e03b91312e5d,annex_logical_cell,EXTRACTED_FROM
1aab0686-31ba-576b-a43d-9883b73bf58f,lcell_c458eae1bbb3,annex_logical_cell,EXTRACTED_FROM
58ea453a-b78f-534e-9abb-3be87cc3f19c,lcell_702b6f997a0d,annex_logical_cell,EXTRACTED_FROM
e2b169ce-2340-5d3d-af3d-25685936f752,lcell_469d827ff1b1,annex_logical_cell,EXTRACTED_FROM
efe63a25-2007-5030-9365-b9b78cb54f47,lcell_93c64ff30e44,annex_logical_cell,EXTRACTED_FROM
9575c9a2-222b-5134-8ba3-ab7eb6eeccae,lcell_2b26c30a002f,annex_logical_cell,EXTRACTED_FROM
028dc17a-3156-52f5-86d1-049d47d0c45d,lcell_833887926cee,annex_logical_cell,EXTRACTED_FROM
e8ba3518-9fe4-5638-a678-f15076b2439e,lcell_c02372435ce0,annex_logical_cell,EXTRACTED_FROM
6dc6fa28-2bf3-5b78-8391-9e774f63e5d3,lcell_9a51d1a160ce,annex_logical_cell,EXTRACTED_FROM
f17c4486-222b-5f70-9026-bccbfb0821f7,lcell_b5680b1d63c3,annex_logical_cell,EXTRACTED_FROM
34694bda-e195-5c10-b672-baa231394394,lcell_ae0f884c0d52,annex_logical_cell,EXTRACTED_FROM
ed08e92f-f6ab-57c8-8804-2a087e20df53,lcell_ec8ac8aed16e,annex_logical_cell,EXTRACTED_FROM
2fff8ae6-65a2-58ce-8804-5070a470b184,lcell_4d4d3695ade1,annex_logical_cell,EXTRACTED_FROM
0635d105-7cca-5259-82e0-a1c43d34ec26,lcell_259c4f336394,annex_logical_cell,EXTRACTED_FROM
edabe763-760b-5f59-96dd-6c6a7f4ebb9e,lcell_9ee2baf775e1,annex_logical_cell,EXTRACTED_FROM
c3058ac2-87f3-508f-97db-70248da75bd9,lcell_a2c083cf6a14,annex_logical_cell,EXTRACTED_FROM
9ed61ec3-aae5-5b09-a054-2bdbbaa07ddb,lcell_4cec54effe8c,annex_logical_cell,EXTRACTED_FROM
ee844177-d101-5a48-adf9-633f8ea109ce,lcell_b727853df174,annex_logical_cell,EXTRACTED_FROM
9d8f1aa6-04d5-5ad0-a941-3f45de76e701,lcell_d6a0a5f88fa4,annex_logical_cell,EXTRACTED_FROM
24bb2bb9-14e9-5c49-89b0-674a5c00af7e,lcell_e268f143b242,annex_logical_cell,EXTRACTED_FROM
4b22d241-3b2d-5799-a60b-1f92d929298d,lcell_1518122d2ce9,annex_logical_cell,EXTRACTED_FROM
1abe3bc6-f82e-5b4a-b1e2-1d9e80dc8750,lcell_967cd2f83b1f,annex_logical_cell,EXTRACTED_FROM
ae24c948-3e4f-53c6-a994-bc749222c967,lcell_ddf6aa407e56,annex_logical_cell,EXTRACTED_FROM
aa606000-3637-5a32-aa12-1a53d9c4b879,lcell_916d14183125,annex_logical_cell,EXTRACTED_FROM
c3ec0618-2874-5105-8c55-aa55e72b3ce3,lcell_4085a32a2d19,annex_logical_cell,EXTRACTED_FROM
f7b4aa72-924f-5183-864f-83ce3bf7d8e6,lcell_c4bb7b22f6fc,annex_logical_cell,EXTRACTED_FROM
9129000a-9672-5458-ad50-d8e6e55a223f,lcell_81288269d1c0,annex_logical_cell,EXTRACTED_FROM
bf634eaf-9918-5841-bbce-9e46a91ab052,lcell_66f80a0190b6,annex_logical_cell,EXTRACTED_FROM
5b498d92-daaa-59b9-93e2-9da5e7a0b1c1,lcell_8620ba1058dd,annex_logical_cell,EXTRACTED_FROM
d2849a3f-860c-53aa-a3c7-7f8402f9a568,lcell_e8061ec526de,annex_logical_cell,EXTRACTED_FROM
8545bc93-b4ca-5738-91d9-3ebebb355eef,lcell_72b416a764b8,annex_logical_cell,EXTRACTED_FROM
9eaa13db-31b9-5cc9-aa87-19f964b02be7,lcell_a979a4519eb1,annex_logical_cell,EXTRACTED_FROM
a5eb4940-482d-5291-b361-62e59f1145fd,lcell_6333ac3fc068,annex_logical_cell,EXTRACTED_FROM
358e92b1-c77a-5ab7-8614-ff1e035ce768,lcell_1d9106a4805a,annex_logical_cell,EXTRACTED_FROM
3d5075a5-4863-5eda-b30d-54e1ebeb7cb6,lcell_20514278c514,annex_logical_cell,EXTRACTED_FROM
198247df-c82f-5edc-9d22-88780b009516,lcell_6eec5c89a2af,annex_logical_cell,EXTRACTED_FROM
1fc3fdae-de6c-5a33-8ed2-b8140effac37,lcell_1d4026b8a90c,annex_logical_cell,EXTRACTED_FROM
8308a9ab-9d66-58ad-894d-deaa2889c90c,lcell_912b46de767e,annex_logical_cell,EXTRACTED_FROM
f827b629-09e5-54df-83be-2a1377c033bc,lcell_5cd1f56b9dd7,annex_logical_cell,EXTRACTED_FROM
b220bf5a-2c1f-5aab-b057-6fab0703aeb8,lcell_a4b32501722f,annex_logical_cell,EXTRACTED_FROM
d40f66f1-9516-5293-951e-8ebc66260f2e,lcell_7617a5803b1e,annex_logical_cell,EXTRACTED_FROM
0b425c7c-fca5-5ab3-b489-c4d5e6e0f65c,lcell_c8eb832f05f0,annex_logical_cell,EXTRACTED_FROM
1360e9ba-6fbe-548f-90df-3fbd80cae534,lcell_34a7a49b9be7,annex_logical_cell,EXTRACTED_FROM
41d31a88-0eaf-59e7-ba91-19036e2c6b33,lcell_81750e94270c,annex_logical_cell,EXTRACTED_FROM
42cae2a0-ca69-576d-aba6-5dbdaa1cd35a,lcell_7969055ad8fa,annex_logical_cell,EXTRACTED_FROM
26a1d39a-34ce-59b9-972f-76026d3311cb,lcell_77b5de142888,annex_logical_cell,EXTRACTED_FROM
a25d7e99-b361-53d6-a51a-a2b60113eb6b,lcell_3eb45f4d9904,annex_logical_cell,EXTRACTED_FROM
c9b6e7b8-115e-5b2b-9758-ab180b56ca2c,lcell_cdb99e83dba4,annex_logical_cell,EXTRACTED_FROM
2c11f112-b573-5129-a9df-2b72e7dfaefe,lcell_fd6e295bd153,annex_logical_cell,EXTRACTED_FROM
c791eda3-90ec-5438-a377-ce8048dcdcc3,lcell_158faf4cdad5,annex_logical_cell,EXTRACTED_FROM
0fcbe4f7-708e-55f1-a14d-ab26f9e19083,lcell_d55bfb4a78c3,annex_logical_cell,EXTRACTED_FROM
50326df7-b0f4-5f20-901c-4363e14128ab,lcell_639fe3f033cc,annex_logical_cell,EXTRACTED_FROM
4b659412-94d5-5865-bd36-b35afdbb261c,lcell_5627eb7b396a,annex_logical_cell,EXTRACTED_FROM
0ef54951-c164-5976-93d9-758f63b97c8a,lcell_0a31a3dd4cf5,annex_logical_cell,EXTRACTED_FROM
36f92a16-d8e6-5492-a056-ba7e07c58b5b,lcell_800da785ba64,annex_logical_cell,EXTRACTED_FROM
fcb728ce-beb3-57dc-9fa6-bdec1b731e09,lcell_26604ddda2a4,annex_logical_cell,EXTRACTED_FROM
b7ea3041-24a5-54a8-abee-fa89e5f458dd,lcell_5afe3cb68e14,annex_logical_cell,EXTRACTED_FROM
ad573103-750d-5ccd-9759-24a23c694683,lcell_84581c35ce80,annex_logical_cell,EXTRACTED_FROM
4f5c6e6c-2a21-53f8-8044-0fbf255eaa4c,lcell_7c4752a373ad,annex_logical_cell,EXTRACTED_FROM
80a910d4-594d-5405-afd6-79566dd14168,lcell_f660d490d70c,annex_logical_cell,EXTRACTED_FROM
b55ca5b9-2929-5b2e-97c2-834c9ac78a5f,lcell_e76d675962f1,annex_logical_cell,EXTRACTED_FROM
82a3c5b5-99dd-5c23-b7fc-0e230b451025,lcell_d8291424c450,annex_logical_cell,EXTRACTED_FROM
6b9e7c03-880a-5549-806c-ddab0a6e4cd5,lcell_d432fb0e8765,annex_logical_cell,EXTRACTED_FROM
13646584-b4f4-5fcd-a683-a6f2e285511d,lcell_e1f1ef2cbd19,annex_logical_cell,EXTRACTED_FROM
ded98f89-55e8-541d-b309-1079bb5bc91c,lcell_800c00c2feae,annex_logical_cell,EXTRACTED_FROM
cf36841d-f705-5c98-8351-40efbefdb16e,lcell_a9e106f509de,annex_logical_cell,EXTRACTED_FROM
fa8cff89-b08e-55a4-a337-3de238a9bce9,lcell_ff9cdbc6ec25,annex_logical_cell,EXTRACTED_FROM
b28e9009-7fc2-5338-8e23-69782a36ad03,lcell_1cc55ee2cc1b,annex_logical_cell,EXTRACTED_FROM
010bb290-eb5c-5a98-99f1-986416ea5e09,lcell_e8f66a9a7de8,annex_logical_cell,EXTRACTED_FROM
239e43ce-901f-5f9e-b166-b3ab69eb01cd,lcell_2c5e45cf3223,annex_logical_cell,EXTRACTED_FROM
cfa9d3c2-13af-590b-86c5-f2d0773d6a2e,lcell_0b7c173c20a5,annex_logical_cell,EXTRACTED_FROM
3decc2c3-38fa-50ba-8083-7f177a37f42b,lcell_517afc1b71fa,annex_logical_cell,EXTRACTED_FROM
0bb8f016-73aa-5258-bb01-6b8ea2217564,lcell_4c1cf91141cb,annex_logical_cell,EXTRACTED_FROM
1b53b9bf-949b-5362-9174-530acea2b180,lcell_f50c9c38d721,annex_logical_cell,EXTRACTED_FROM
75e1de22-778f-5e91-8372-9b9913ec3327,lcell_d6e4fb5ac0b2,annex_logical_cell,EXTRACTED_FROM
8c523451-e848-5a25-8be4-ca2ad69fa77c,lcell_e2f416eff51c,annex_logical_cell,EXTRACTED_FROM
e5c4848d-a086-54cf-af59-34ce658fbe89,lcell_281d0ef1a7b9,annex_logical_cell,EXTRACTED_FROM
a6298f67-b4a6-5af7-97d0-ec2fa4af80ec,lcell_212f0b60efb8,annex_logical_cell,EXTRACTED_FROM
648a6715-220e-55f7-a137-e7631d9a82dc,lcell_80e0a0ccdcb8,annex_logical_cell,EXTRACTED_FROM
08137315-6292-5cb7-be50-bb2d1eda2760,lcell_ae52b23a9dde,annex_logical_cell,EXTRACTED_FROM
31958021-94b0-58b2-9e60-595da050e3f1,lcell_7258f7319de0,annex_logical_cell,EXTRACTED_FROM
a9475e7c-36ab-5800-ae87-506d7162f9af,lcell_52e265424c7a,annex_logical_cell,EXTRACTED_FROM
6a9d72e4-687b-509b-b988-5328c9c96cd0,lcell_849722562f4e,annex_logical_cell,EXTRACTED_FROM
12aaf280-6f6f-5209-bf32-aa2868561f9f,lcell_cf6709e5133d,annex_logical_cell,EXTRACTED_FROM
10f1f9fe-face-535f-aa62-1dd944cd3cd0,lcell_e1c80cf21698,annex_logical_cell,EXTRACTED_FROM
509a0517-6b2b-5d3c-89ce-88cb2dabdf46,lcell_c2cf0c373dd3,annex_logical_cell,EXTRACTED_FROM
5e959e35-1b8a-56aa-8905-6148d2233b60,lcell_6ea965214f4d,annex_logical_cell,EXTRACTED_FROM
25abe35d-6e4c-54c4-8820-975de1dd3860,lcell_f32ad9eba197,annex_logical_cell,EXTRACTED_FROM
9ba36544-5610-5837-b2aa-cecda111b1f1,lcell_f991241e21b3,annex_logical_cell,EXTRACTED_FROM
4dc4f156-9b9e-5b5b-809f-dca32421c4cd,lcell_4eedd68498a1,annex_logical_cell,EXTRACTED_FROM
1d536ce8-3879-58a4-8548-85ce6d5fe8fe,lcell_367268d40725,annex_logical_cell,EXTRACTED_FROM
7133ca78-1c8b-5261-a2af-f2b80ef50862,lcell_fb8a9dbc2eab,annex_logical_cell,EXTRACTED_FROM
f0dbf3c9-15e3-50bf-922e-2ca6657fcd3d,lcell_4e5254bb8972,annex_logical_cell,EXTRACTED_FROM
5031ec29-7283-5f61-8c5a-5ab589c6b96b,lcell_ee10001cca95,annex_logical_cell,EXTRACTED_FROM
9a3f85b5-fa1b-59ed-9b12-adb15d83e975,lcell_1326e51cd2ec,annex_logical_cell,EXTRACTED_FROM
72a53b2c-6d86-5231-989e-5d7a17bfd78f,lcell_65e673155ce6,annex_logical_cell,EXTRACTED_FROM
a8fe70a6-c422-546f-8d76-dbdb869daabe,lcell_6c9473d6d4a9,annex_logical_cell,EXTRACTED_FROM
0a92e34a-d523-5dfe-b92c-751674c61682,lcell_428dc70a55aa,annex_logical_cell,EXTRACTED_FROM
18e858e4-af4c-598e-9d91-a5cd1df01e31,lcell_bbada087eec5,annex_logical_cell,EXTRACTED_FROM
4f2c6de9-ce94-59f9-9dcc-1e22f371a100,lcell_78bad89c0a34,annex_logical_cell,EXTRACTED_FROM
51cc4be0-a8dd-5227-a837-3ba3e862e657,lcell_851b7a8eb040,annex_logical_cell,EXTRACTED_FROM
8876aa10-c8a6-5dc4-aad0-9588a9386efd,lcell_f28396a018d6,annex_logical_cell,EXTRACTED_FROM
9300c368-c821-5ee7-bcaf-624ec8c11197,lcell_68ea598d155a,annex_logical_cell,EXTRACTED_FROM
b2ee813e-e3d0-5956-a3f5-9609abca2f60,lcell_da3bb3a50162,annex_logical_cell,EXTRACTED_FROM
65b473e4-5392-5f1c-bb80-4b6a4e8c3239,lcell_d2b8debc96a5,annex_logical_cell,EXTRACTED_FROM
2fc8956b-4dec-54b3-ab20-47f5db0a4e95,lcell_8d7af40ab908,annex_logical_cell,EXTRACTED_FROM
771bceba-91e9-5607-b29c-f8dc306fc039,lcell_1ff8a51a2383,annex_logical_cell,EXTRACTED_FROM
6b919c08-e360-57e9-a631-5153d12e1314,lcell_7a4e9a3ed0dc,annex_logical_cell,EXTRACTED_FROM
05945f26-b778-5c30-a04a-6706fec995da,lcell_c0dc5b603d86,annex_logical_cell,EXTRACTED_FROM
b2411cd2-1a6a-53a3-9ef1-687da1d331b7,lcell_cb127d146134,annex_logical_cell,EXTRACTED_FROM
b81a5dff-4b4c-5574-a6de-3423565f352d,lcell_e4c3dc086eef,annex_logical_cell,EXTRACTED_FROM
e284b862-b59f-5f52-84bc-8bb532a5790d,lcell_4f28e7921b50,annex_logical_cell,EXTRACTED_FROM
74346b54-d3af-51be-a2da-cd07ffad820f,lcell_4c3ecdbc36db,annex_logical_cell,EXTRACTED_FROM
81a1c377-8b93-5a1d-89ba-5e50cffb0871,lcell_29bdea8ed2b5,annex_logical_cell,EXTRACTED_FROM
eb091cc9-bb2e-5e3d-b520-388651737c95,lcell_6a334e99c964,annex_logical_cell,EXTRACTED_FROM
07382e01-0d28-5680-affe-a63e3a86af6b,lcell_6d2564b8409e,annex_logical_cell,EXTRACTED_FROM
9aea268e-856f-5c6c-9de6-705c97b1342c,lcell_3b1cb2095d45,annex_logical_cell,EXTRACTED_FROM
f1042290-89dd-5b57-bfac-9157252da6d8,lcell_ae330caac440,annex_logical_cell,EXTRACTED_FROM
2cec479e-b7f2-55e3-a117-722a2bfd4699,lcell_7db996edce0a,annex_logical_cell,EXTRACTED_FROM
28d26029-74a0-5ca0-82cf-4fe09937db72,lcell_808aa2a2a8d8,annex_logical_cell,EXTRACTED_FROM
e9362d4c-a117-5b00-b50d-a5812bc8398d,lcell_5da1a431406d,annex_logical_cell,EXTRACTED_FROM
135339aa-61e4-5ba5-bd6b-1117e6e7a9bd,lcell_586f510d1ebf,annex_logical_cell,EXTRACTED_FROM
0befa7b2-cc41-5520-a0be-2e036d76f619,lcell_c5ef0fc99d50,annex_logical_cell,EXTRACTED_FROM
d1d343ec-9b19-5c8e-b6e5-4662c44c0d9c,lcell_5962c83f63d2,annex_logical_cell,EXTRACTED_FROM
5ee43b10-5757-5734-827e-023474d07710,lcell_8deaf68c70f8,annex_logical_cell,EXTRACTED_FROM
6e552a75-03f0-5ff6-ba77-c9af5cca5346,lcell_15280ef6dbe1,annex_logical_cell,EXTRACTED_FROM
eb37cccd-9742-5204-9ebc-35fdb6610eb2,lcell_b6af3572981d,annex_logical_cell,EXTRACTED_FROM
515684fe-2ce0-530a-8cf8-d583480a026f,lcell_52d357b5e4d9,annex_logical_cell,EXTRACTED_FROM
01a788e1-fd3d-50c3-bb52-bc30cf50d645,lcell_0cf582b60a38,annex_logical_cell,EXTRACTED_FROM
51635cd6-edc6-582b-8ea0-5294430c1a66,lcell_6ec9c99ac2fb,annex_logical_cell,EXTRACTED_FROM
5fb813b0-6afa-5be4-9d31-3646b4abab55,lcell_70a6a80c8921,annex_logical_cell,EXTRACTED_FROM
bcaa8a6c-d4af-5da9-9b32-2ae73bc7ece2,lcell_ecb1fd7ae14e,annex_logical_cell,EXTRACTED_FROM
b512f799-6fc2-50a1-9ecb-3bd25d544204,lcell_0e2772081706,annex_logical_cell,EXTRACTED_FROM
e5db3595-4c1e-5168-b9a3-5d075da38cc1,lcell_edf3b95fd60f,annex_logical_cell,EXTRACTED_FROM
2403ea30-42e5-5c7f-92c3-2997e65e0f57,lcell_933de22638dc,annex_logical_cell,EXTRACTED_FROM
13cf5cad-88cd-5cdb-9bc5-48f11a1f0fe6,lcell_33e018ac1a2c,annex_logical_cell,EXTRACTED_FROM
40b7f18f-a81c-59e0-a428-d7c846a3017b,lcell_b8fb4192e96e,annex_logical_cell,EXTRACTED_FROM
21ddf3b1-3af1-5b63-9e8d-be25d5913e1d,lcell_01f9114067e8,annex_logical_cell,EXTRACTED_FROM
1b67f84a-9c48-57ac-9fd6-6c5176bd963f,lcell_9c7ec3a4e6fb,annex_logical_cell,EXTRACTED_FROM
6a55f775-97f1-5728-ba44-5b49c165c9ac,lcell_9ed23eed2d65,annex_logical_cell,EXTRACTED_FROM
19bbb4cf-d41b-541f-90e2-b638436b6b34,lcell_7efbb5693082,annex_logical_cell,EXTRACTED_FROM
4a2b1823-61ef-54be-b709-fc73e484a4bf,lcell_3edd8212bfbe,annex_logical_cell,EXTRACTED_FROM
cdf28523-eb58-5c4d-a5a0-0621bb63fc94,lcell_30e990551762,annex_logical_cell,EXTRACTED_FROM
5802b82a-85bd-5a8b-85b1-2a6a19d3aa14,lcell_695937718774,annex_logical_cell,EXTRACTED_FROM
dd140ee5-71f5-5d55-8540-ab2256f9835a,lcell_e82150dcb33b,annex_logical_cell,EXTRACTED_FROM
68939b06-6c19-58a3-900f-b0a00b3eeb79,lcell_c63170f6bd9a,annex_logical_cell,EXTRACTED_FROM
a8161074-0f91-5baa-964b-69bbde849ada,lcell_457452696543,annex_logical_cell,EXTRACTED_FROM
8866205b-f68a-5b1b-a869-d9594ed78a24,lcell_6347cb580fee,annex_logical_cell,EXTRACTED_FROM
558bc12d-6f07-51af-baa0-3ad24d31eb77,lcell_d4202223e741,annex_logical_cell,EXTRACTED_FROM
b93e56e9-0c2f-5394-9ae9-3660a42b7971,lcell_42a586fa6a20,annex_logical_cell,EXTRACTED_FROM
253deb26-7378-5170-b1aa-93c7dda316e5,lcell_bec030487983,annex_logical_cell,EXTRACTED_FROM
e683f2ed-8470-53f2-907d-6e671c55ed45,lcell_becdeaf8e3c5,annex_logical_cell,EXTRACTED_FROM
d0543dc5-4c63-5904-8174-ceeff590024c,lcell_ace37a750efd,annex_logical_cell,EXTRACTED_FROM
57548881-531f-5e01-a0ff-ca2b720deaa8,lcell_ee374fefe47a,annex_logical_cell,EXTRACTED_FROM
2ff6287f-c6c4-5015-806b-a9e12898e283,lcell_e83cd56f1bd6,annex_logical_cell,EXTRACTED_FROM
46fae025-68ff-54a4-9132-87dfe9ef39f7,lcell_3287053a4642,annex_logical_cell,EXTRACTED_FROM
fc6b5528-dc79-5218-af75-5cf90028ea29,lcell_acd2ea498b47,annex_logical_cell,EXTRACTED_FROM
27b55b37-83d0-529b-8635-ada95d8cae50,lcell_aa1c42d8c94c,annex_logical_cell,EXTRACTED_FROM
1a4344e9-4f88-50dc-8cae-ad7dae7a1e62,lcell_c8b5f611303d,annex_logical_cell,EXTRACTED_FROM
69f47d8f-aedd-5790-9145-935f2f58dc58,lcell_f8fab3af9d60,annex_logical_cell,EXTRACTED_FROM
032e3961-6242-54e9-88e4-f134181323a8,lcell_cbd928facf93,annex_logical_cell,EXTRACTED_FROM
1ddff324-adf8-5e86-bdb7-97873b815e9f,lcell_6a847f41030c,annex_logical_cell,EXTRACTED_FROM
311e3d77-3e6e-544e-af89-3c55e99c66ee,lcell_da15e3d0eaaa,annex_logical_cell,EXTRACTED_FROM
db144cc8-00cf-5dc4-a266-5b482c59012c,lcell_2a361e15cec7,annex_logical_cell,EXTRACTED_FROM
f8a4bbbb-42da-5b27-9409-cf211395a880,lcell_eca553c98733,annex_logical_cell,EXTRACTED_FROM
259bddcc-6478-56fd-a870-586f7d5bf64b,lcell_c6138e8d9e3a,annex_logical_cell,EXTRACTED_FROM
5dff26da-1c44-5b8c-b12d-798ca80d60b3,lcell_9e9a5d45875f,annex_logical_cell,EXTRACTED_FROM
ccf9f6a2-4d40-57a0-a033-1f32fd46c8c3,lcell_ea3597388b8f,annex_logical_cell,EXTRACTED_FROM
a2701f9a-ddb4-52de-9cef-4be8ed14947b,lcell_93917aafdc98,annex_logical_cell,EXTRACTED_FROM
78acbd7b-40a0-546b-a7ad-8f1866a40084,lcell_0f14705eaff8,annex_logical_cell,EXTRACTED_FROM
dbd33d59-7eb2-5b11-9350-0c2913c3410a,lcell_116ace26a3da,annex_logical_cell,EXTRACTED_FROM
475e6433-084d-5eb6-8c63-ce8c96db61c3,lcell_0405528c50da,annex_logical_cell,EXTRACTED_FROM
281c00f1-90ad-50f6-9d11-8fe58b7d6ac1,lcell_a59ccd6ce20c,annex_logical_cell,EXTRACTED_FROM
96caeb60-9aaf-5fdd-94cf-3d2616b6d3fa,lcell_e757b90e650f,annex_logical_cell,EXTRACTED_FROM
1ff1c8c9-ded2-5d71-babb-d2ca901d4059,lcell_9309ef4d2b87,annex_logical_cell,EXTRACTED_FROM
488e107d-c72d-5055-8228-08faf76a9d56,lcell_c29a67c8c721,annex_logical_cell,EXTRACTED_FROM
b2f3f5d2-85f2-5a98-b7b1-cc9fb4bfb31b,lcell_9674be312dbd,annex_logical_cell,EXTRACTED_FROM
c88921a0-d025-5cba-8d5e-3d177505564c,lcell_105bdee5bec1,annex_logical_cell,EXTRACTED_FROM
7e935340-f10f-5ec4-ba45-a2ed63e93a56,lcell_cacc59d854c4,annex_logical_cell,EXTRACTED_FROM
2412ef9d-8aa2-5093-a66d-dcf3f151108e,lcell_b1b30ae52d56,annex_logical_cell,EXTRACTED_FROM
cb005eee-8748-56d5-a7c7-9f2401d1861f,lcell_3be9dcab5a6e,annex_logical_cell,EXTRACTED_FROM
5e67c600-0c60-570a-8d9d-d604383bddea,lcell_38488273f4f8,annex_logical_cell,EXTRACTED_FROM
3e32d05c-eecd-5afd-8722-30d73d7140b2,lcell_6a2ed33f8418,annex_logical_cell,EXTRACTED_FROM
62427599-3223-5837-927e-c9692cc09827,lcell_68e283d53836,annex_logical_cell,EXTRACTED_FROM
0a66f512-a570-5356-8156-96acc2bf1b4f,lcell_dd974d041df9,annex_logical_cell,EXTRACTED_FROM
ba4b90b9-b298-5ab3-8d80-340d64c51f15,lcell_7395d0b95646,annex_logical_cell,EXTRACTED_FROM
537f37a1-6572-5f29-9bc3-b9af05f6cdd4,lcell_777a8bdbdbb4,annex_logical_cell,EXTRACTED_FROM
1d6cc90f-dc6d-582e-b3a6-3dc64bf54fbf,lcell_f6a366cb8bb1,annex_logical_cell,EXTRACTED_FROM
235b009d-0b29-56d9-a08a-1b38bebc51d5,lcell_406612068201,annex_logical_cell,EXTRACTED_FROM
2aaf1fd2-7eb4-5f8d-a2a1-40b301ee9760,lcell_d17ab6b5ac52,annex_logical_cell,EXTRACTED_FROM
e089a967-687e-53b9-a68f-d626da63f53e,lcell_e57754f76184,annex_logical_cell,EXTRACTED_FROM
91a75187-f29d-5b71-bb02-bab93260c4fb,lcell_3f9c8352deed,annex_logical_cell,EXTRACTED_FROM
a9df1c20-2d71-551e-8c62-9d8666f19003,lcell_67a900309e6f,annex_logical_cell,EXTRACTED_FROM
9a12e929-a612-53b3-941e-e78b97a54ef0,lcell_6851219ff922,annex_logical_cell,EXTRACTED_FROM
21e2c444-9512-5434-8071-2ee936483aeb,lcell_72d63ecdcab8,annex_logical_cell,EXTRACTED_FROM
ae051b05-ab8e-53c0-9dbb-2de9cf91f901,lcell_f4deb8340820,annex_logical_cell,EXTRACTED_FROM
aa7f52a1-eb41-5220-93c9-fa011ef8e552,lcell_7f1eff053895,annex_logical_cell,EXTRACTED_FROM
58046194-03d2-5780-afd7-e09c074f9d78,lcell_a4514b5b964d,annex_logical_cell,EXTRACTED_FROM
af72ef75-e138-58d0-aa93-f801dd86e220,lcell_279898235df3,annex_logical_cell,EXTRACTED_FROM
eec1a458-889f-51c6-a5a9-67680b4782d4,lcell_0cfa12a6cc5c,annex_logical_cell,EXTRACTED_FROM
dcc26533-4fb6-5e07-8998-793b26232fb9,lcell_cb875d6c1b73,annex_logical_cell,EXTRACTED_FROM
ab0fd1e8-6490-5bd2-a6f4-4a89fc426daf,lcell_34becc60de64,annex_logical_cell,EXTRACTED_FROM
8c47f2d1-ef61-5fb4-9efa-a521f459a729,lcell_1a28081e655f,annex_logical_cell,EXTRACTED_FROM
79d41894-a6e2-5748-b9e7-076497c4dca9,lcell_9a2ca48a3804,annex_logical_cell,EXTRACTED_FROM
eacfcec0-4447-52ab-ba70-47a6041ab059,lcell_2bfcf54616d5,annex_logical_cell,EXTRACTED_FROM
89dab6e8-922e-5e68-ad4f-86438ad7712d,lcell_11b5214fe4b1,annex_logical_cell,EXTRACTED_FROM
ccc5d381-025b-585d-8ac5-7c82f395bfa7,lcell_0892a0d81eb0,annex_logical_cell,EXTRACTED_FROM
3082c8f9-7e7b-5dd7-aed5-dd430114d64f,lcell_9f436ca714e7,annex_logical_cell,EXTRACTED_FROM
aeeb7f7b-c0cf-5f9e-b70c-243f8e8a5355,lcell_709bccfdc833,annex_logical_cell,EXTRACTED_FROM
a0f6d197-0885-550b-a1c1-65d577a80102,lcell_aa27d28757bd,annex_logical_cell,EXTRACTED_FROM
28820bd4-e493-54a8-88a0-2f82be41194e,lcell_d71573799267,annex_logical_cell,EXTRACTED_FROM
33b844a5-4ca9-5dd8-aeb7-f83d0ca6743a,lcell_6a1def484a6d,annex_logical_cell,EXTRACTED_FROM
ccac9b89-955c-5a11-9f49-a6368827458d,lcell_e87fc1daa367,annex_logical_cell,EXTRACTED_FROM
b703570d-ec48-595d-b93d-77b4b96d45d5,lcell_29cb0d3c471e,annex_logical_cell,EXTRACTED_FROM
e5ae6b6f-3e57-5de7-830e-5d62a3951087,lcell_8d166cecc3fe,annex_logical_cell,EXTRACTED_FROM
b87550ca-5401-5181-9d98-4d415636717b,lcell_03a7b9fad83e,annex_logical_cell,EXTRACTED_FROM
74c24b38-1bec-5bba-8376-1b3c640fe8b7,lcell_defad58d55c1,annex_logical_cell,EXTRACTED_FROM
6250bbba-59ea-50c8-b453-ac3b580921c9,lcell_add788c2966c,annex_logical_cell,EXTRACTED_FROM
2d563efc-256c-5c9c-9662-3ba47174d11e,lcell_796922f5b6c6,annex_logical_cell,EXTRACTED_FROM
62ad01c4-6c52-54da-bf2b-84b9a5d58972,lcell_d10470bad273,annex_logical_cell,EXTRACTED_FROM
2f8d14b8-dc0d-5c0d-bdd6-4907224db662,lcell_d45acd49932e,annex_logical_cell,EXTRACTED_FROM
6eea91b4-868e-54e5-a612-4ff35f2d954a,lcell_1e14a1ecf3bc,annex_logical_cell,EXTRACTED_FROM
ca1e9fd3-c143-576b-8dbe-de5bdb2f726e,lcell_ce9babc4fc18,annex_logical_cell,EXTRACTED_FROM
5ea9a1c3-9814-50f6-a65a-6ba44f91ade6,lcell_21e68a448d85,annex_logical_cell,EXTRACTED_FROM
fb708c70-a785-5703-9289-6916b52db163,lcell_b98bd80c3066,annex_logical_cell,EXTRACTED_FROM
4b4e0dc1-5524-5630-9a5c-5dc76077b357,lcell_a1fc7959c541,annex_logical_cell,EXTRACTED_FROM
29d36f51-6b20-53fe-b33b-17db98b71219,lcell_a33207584c1b,annex_logical_cell,EXTRACTED_FROM
c8a708ac-5973-522a-8042-2fcafee59f50,lcell_72522f332008,annex_logical_cell,EXTRACTED_FROM
41ac99ff-1965-5aa4-a0d1-019345d4cfb6,lcell_a52f1c35c00e,annex_logical_cell,EXTRACTED_FROM
d3c13c1f-a77a-5c31-81c5-495cad6c54bf,lcell_6caaecf5dbfd,annex_logical_cell,EXTRACTED_FROM
be388d85-bda4-50d9-9ca8-d9f15c6a341f,lcell_50638688452f,annex_logical_cell,EXTRACTED_FROM
f5f365bd-90be-5efc-8eb2-de16e8553594,lcell_a7604b772235,annex_logical_cell,EXTRACTED_FROM
e40a8b90-10ac-573a-9392-23555b867ee8,lcell_44469426468c,annex_logical_cell,EXTRACTED_FROM
89396ba5-6bf2-5a8c-a605-ed0e62deddbf,lcell_5806ba3d8725,annex_logical_cell,EXTRACTED_FROM
0202058d-f187-5c0d-9a15-cca6d9bcb759,lcell_9a7ec94be2d4,annex_logical_cell,EXTRACTED_FROM
a9e3ad2a-8864-52ae-b8e4-36c7f19efd76,lcell_dca68931ef64,annex_logical_cell,EXTRACTED_FROM
35bf403e-a0a3-5e37-8c4c-353fc507c362,lcell_825dac5ad3e0,annex_logical_cell,EXTRACTED_FROM
8f5cb4c2-205b-547c-9d03-2a56cdb64be7,lcell_a7b630e2f6cb,annex_logical_cell,EXTRACTED_FROM
d72672c3-2fb9-529b-967a-1bcf728407a4,lcell_69fd8230f2d8,annex_logical_cell,EXTRACTED_FROM
18fff832-18d1-595b-846f-5d678f624d11,lcell_1804079a4b73,annex_logical_cell,EXTRACTED_FROM
f6e0df33-c8a2-5da0-bd33-28990ca48794,lcell_ff0407851887,annex_logical_cell,EXTRACTED_FROM
f5b6c6a7-65da-5820-ae5d-432090d728ec,lcell_5eaf7ecb3848,annex_logical_cell,EXTRACTED_FROM
bcb3f9a4-ac4e-5fe8-a40b-8c21a44dc238,lcell_264431b254aa,annex_logical_cell,EXTRACTED_FROM
de7f278c-ec16-5ea8-b401-61c459e68905,lcell_1bc86c648a65,annex_logical_cell,EXTRACTED_FROM
db934d19-f264-5cf0-969c-05d0f40129c6,lcell_1e1e10ae77a1,annex_logical_cell,EXTRACTED_FROM
2ab2b597-d61b-5cd9-875d-d82c69e8ad04,lcell_4fd2fa8f33f8,annex_logical_cell,EXTRACTED_FROM
c95fdb71-7c30-5d24-b8d2-e34f5d53bfc7,lcell_f76c7b127e86,annex_logical_cell,EXTRACTED_FROM
9a7e16c0-c3c9-51c1-8fbe-6e8064b93e54,lcell_7fac5ec515e2,annex_logical_cell,EXTRACTED_FROM
3af3b52e-c5d0-57fc-a46a-ceabba7fc460,lcell_6c532a5f3385,annex_logical_cell,EXTRACTED_FROM
0fa61610-b04a-5bee-a617-819766e25e9a,lcell_0f713a9f59d2,annex_logical_cell,EXTRACTED_FROM
7fe8c314-4e58-5073-aec5-0894f83c5abc,lcell_0f864dbfac7a,annex_logical_cell,EXTRACTED_FROM
ff7f3295-cf3e-54b6-b1eb-becba31e9931,lcell_b2ee9c0641df,annex_logical_cell,EXTRACTED_FROM
4b1096cb-71af-5021-b25c-d20f1dc51499,lcell_6f9140023ae5,annex_logical_cell,EXTRACTED_FROM
f6d4b416-5aff-5649-8ffd-e05fe866b598,lcell_359a163a05d4,annex_logical_cell,EXTRACTED_FROM
18e6bd25-b4eb-5394-ac46-9683c646316e,lcell_c969ce4b0362,annex_logical_cell,EXTRACTED_FROM
39766a15-1a30-55d3-a751-00633b156b84,lcell_1415a40bed7d,annex_logical_cell,EXTRACTED_FROM
4b95c563-dce2-5d0e-8b91-12a9f358373c,lcell_1eea3102f138,annex_logical_cell,EXTRACTED_FROM
af0e7e3e-9e9a-5924-8155-d579364f038c,lcell_cd59a346068b,annex_logical_cell,EXTRACTED_FROM
f2191ed6-e907-5b83-88f1-182f46972935,lcell_819ee48bea7b,annex_logical_cell,EXTRACTED_FROM
6fe130e3-4388-5520-989e-b92573c57863,lcell_2341b8fbec4a,annex_logical_cell,EXTRACTED_FROM
54a45bb0-faf7-5c80-9d61-ff9eda98d065,lcell_2fb60499909d,annex_logical_cell,EXTRACTED_FROM
6d0310b4-62c8-5b85-a9db-5c83e3eb93c6,lcell_9c9d7995980a,annex_logical_cell,EXTRACTED_FROM
5bdc3f64-40c3-5a3b-b56f-107b7ab0d1ed,lcell_b4fc5a08defb,annex_logical_cell,EXTRACTED_FROM
a5d6d015-906e-56cc-8703-395a13ecc172,lcell_7c1dbc860814,annex_logical_cell,EXTRACTED_FROM
ebeb2ab0-8d95-52f0-9b0d-5c41144d4187,lcell_2b08a710e47c,annex_logical_cell,EXTRACTED_FROM
142992a2-2b74-55cd-88e4-31a951d5ab49,lcell_90e991cda376,annex_logical_cell,EXTRACTED_FROM
f3857a15-765b-5e02-a36d-7bb89377e594,lcell_1c0ef0c52993,annex_logical_cell,EXTRACTED_FROM
67c6d0a9-9f14-50ad-97b1-b09fc7940b90,lcell_a55a1ed05ea1,annex_logical_cell,EXTRACTED_FROM
822a96d5-4a1f-5e13-adcd-699d2add50fb,lcell_a09ce35a92b9,annex_logical_cell,EXTRACTED_FROM
f3470420-ac17-5658-a514-b1bb6f5540e7,lcell_89e87e4d4986,annex_logical_cell,EXTRACTED_FROM
5660a908-22b2-529a-85a5-cd0609dc5ee5,lcell_49737ba31d5f,annex_logical_cell,EXTRACTED_FROM
9821c40b-4c72-5c2d-8a10-8da9d6268146,lcell_e118b18f6c48,annex_logical_cell,EXTRACTED_FROM
5e79c41f-6298-5915-a558-edd17c5b88e9,lcell_ddbb468daedf,annex_logical_cell,EXTRACTED_FROM
45af861f-62a0-502f-b72f-64a1e63208a2,lcell_21b475adae6d,annex_logical_cell,EXTRACTED_FROM
d972035b-4cfc-58c9-ab72-b326f613bdf2,lcell_81a4d6fe3ddd,annex_logical_cell,EXTRACTED_FROM
996b1a08-e69d-5334-8e8c-6acc7773897c,lcell_b319d6ae6252,annex_logical_cell,EXTRACTED_FROM
0fad5377-8f5b-5e79-a725-a36a99ca3267,lcell_ddafb8168349,annex_logical_cell,EXTRACTED_FROM
91378d86-7a83-5460-b4d5-9008a3dc5433,lcell_2d34a87f44b6,annex_logical_cell,EXTRACTED_FROM
067a28d9-1e0b-5b43-a2ab-6fb0bdf6629a,lcell_4cf29ab46512,annex_logical_cell,EXTRACTED_FROM
79208a47-f9c3-508c-88f4-b5c26967d23c,lcell_ce40855275f9,annex_logical_cell,EXTRACTED_FROM
10627bf4-4b4e-5bc2-9ce9-d38259f723e5,lcell_0d8a108434ae,annex_logical_cell,EXTRACTED_FROM
8eec7f85-b5e5-59f5-9e74-1b0d11486029,lcell_64944e865c32,annex_logical_cell,EXTRACTED_FROM
c9ac56e7-4a4d-5cc4-a53e-21375a23be4a,lcell_709b0c32466b,annex_logical_cell,EXTRACTED_FROM
c913208a-53d6-5bca-9720-59d87c319e54,lcell_cc850c762c72,annex_logical_cell,EXTRACTED_FROM
9422da54-6d93-5366-aca8-398c71d4165e,lcell_ebcb1e2d50df,annex_logical_cell,EXTRACTED_FROM
ce00d266-82e3-5d6c-8563-b0c6b836084b,lcell_4e80f00bff3b,annex_logical_cell,EXTRACTED_FROM
13e3b682-ac88-5e83-9cfa-0acc1cb1a63c,lcell_81439d5aeb3f,annex_logical_cell,EXTRACTED_FROM
f1fb7ed4-75ac-5671-9675-260c8e7d30b0,lcell_302849dbe0db,annex_logical_cell,EXTRACTED_FROM
75364f2e-efaf-54c7-870f-485a6dcf6eba,lcell_76923ca938d8,annex_logical_cell,EXTRACTED_FROM
f0586d6d-8c05-597a-8619-f0eb940a2c89,lcell_d94103084242,annex_logical_cell,EXTRACTED_FROM
8fae42b8-fc9a-541c-b69d-481c19a110ed,lcell_e1ba9b82e38d,annex_logical_cell,EXTRACTED_FROM
f2d02d15-7274-5527-8652-173b4fa8cc04,lcell_c14d96bc0897,annex_logical_cell,EXTRACTED_FROM
62202290-d6e3-566c-ac3c-4df1e42ec0f2,lcell_ea0a7a67c0ca,annex_logical_cell,EXTRACTED_FROM
57346bb9-7bc9-56a0-8765-98cd7c27f939,lcell_5ce345407ab3,annex_logical_cell,EXTRACTED_FROM
31552df3-514f-50f1-9612-52c03ec64983,lcell_560ad660c24d,annex_logical_cell,EXTRACTED_FROM
3d082d9a-9c7a-5c87-a820-f40c02ec457a,lcell_1dd3560ad3db,annex_logical_cell,EXTRACTED_FROM
ade6c125-6a6f-505d-8002-0c8e9446c1fd,lcell_3742f0d13ad6,annex_logical_cell,EXTRACTED_FROM
d2613e46-0d0e-5ad5-960c-a0db7ac09868,lcell_7a4b6928a096,annex_logical_cell,EXTRACTED_FROM
9bb5d6fa-298f-5bcd-962a-65deab7dab4d,lcell_8a1cdb68b8ce,annex_logical_cell,EXTRACTED_FROM
a780ee46-8416-5058-8152-60db4048f31a,lcell_700725f4227e,annex_logical_cell,EXTRACTED_FROM
13d3b94b-5abd-5e42-870f-76318f2f5c19,lcell_e9c19f0d23fc,annex_logical_cell,EXTRACTED_FROM
acfbd85a-5776-5af3-84dd-d369b02ab953,lcell_44e110f26694,annex_logical_cell,EXTRACTED_FROM
186a0dc8-be5a-5e6b-be2c-94da65cb56ef,lcell_fbe1272c7e73,annex_logical_cell,EXTRACTED_FROM
fc28f0c7-460e-5608-9bbb-06e51ca5cfbd,lcell_26cc9225225a,annex_logical_cell,EXTRACTED_FROM
3cbbbb9f-f9e7-5b53-8802-28081ba45c66,lcell_6847ef900e6b,annex_logical_cell,EXTRACTED_FROM
8c2f976f-885c-5496-8199-1423825aa5cb,lcell_b6243048ac6c,annex_logical_cell,EXTRACTED_FROM
adae4041-24e1-526d-a401-53cbfe09015e,lcell_81f5da1a9514,annex_logical_cell,EXTRACTED_FROM
1be49872-e656-5587-b4a7-c037fb6672ed,lcell_aca9775e52c8,annex_logical_cell,EXTRACTED_FROM
b89d54b0-f237-5b63-aa58-14b8f37cbfe8,lcell_b831e2c30e97,annex_logical_cell,EXTRACTED_FROM
41a44dfd-ad17-5fa2-ae74-50172b566689,lcell_1fcaf066462a,annex_logical_cell,EXTRACTED_FROM
62c28371-ae1c-51f4-a700-61bbca8719ec,lcell_b5eb32a64214,annex_logical_cell,EXTRACTED_FROM
ceed1ab2-7659-5936-8712-09b9b3962dc8,lcell_8403f79af2af,annex_logical_cell,EXTRACTED_FROM
b3a71941-d633-5b2e-9219-61e6ad79607b,lcell_8eae010b18a0,annex_logical_cell,EXTRACTED_FROM
73ab1084-563e-5575-9a85-2b5180b8668b,lcell_cebc1a624ba4,annex_logical_cell,EXTRACTED_FROM
196435c7-73f3-5c01-aa76-9477a756bd2b,lcell_ab75cf657f4c,annex_logical_cell,EXTRACTED_FROM
fe172876-6d75-56e5-a278-b59ede904ddf,lcell_c562e3c60bc9,annex_logical_cell,EXTRACTED_FROM
63790131-c43d-5995-b17b-5ffa53db1d6a,lcell_77dcdb756bf3,annex_logical_cell,EXTRACTED_FROM
48e1254d-5d9e-5078-8139-e1104a78590c,lcell_450df8e3d367,annex_logical_cell,EXTRACTED_FROM
a78d9684-3776-584a-a78d-0d2a1159c86a,lcell_5251aa271142,annex_logical_cell,EXTRACTED_FROM
3353d34c-b5be-5feb-8e6f-d68a1c31bd2e,lcell_af76d0acc1f5,annex_logical_cell,EXTRACTED_FROM
baa37392-a49b-5887-b453-e134cf463b12,lcell_d05acc376c9e,annex_logical_cell,EXTRACTED_FROM
e685fa5e-4a50-5ee0-9453-016003eb0a6d,lcell_41276b9f1609,annex_logical_cell,EXTRACTED_FROM
a7b2d58a-49b4-5e8e-a2db-69d5d5c60612,lcell_27266c6ed5ca,annex_logical_cell,EXTRACTED_FROM
1c4a09ef-8784-5ac1-be9b-90833f28547e,lcell_e0af239d8c8a,annex_logical_cell,EXTRACTED_FROM
6ec64e3b-e4c6-57d2-94ec-3f50cd00c342,lcell_c7a79820ca8c,annex_logical_cell,EXTRACTED_FROM
fb7519d5-e942-5157-b858-bc148395784d,lcell_2ff600f828f3,annex_logical_cell,EXTRACTED_FROM
1222afec-17e9-58b1-bc5f-50fa173a4687,lcell_2a26266067d8,annex_logical_cell,EXTRACTED_FROM
d0842b80-500b-591b-9788-ba119c850924,lcell_89ca0fad1e47,annex_logical_cell,EXTRACTED_FROM
02fc6004-fe91-5d20-aa06-6c846486f479,lcell_26b92a18665b,annex_logical_cell,EXTRACTED_FROM
b7f15077-7981-53b2-89d8-53ed65b92292,lcell_63ebe43f110b,annex_logical_cell,EXTRACTED_FROM
b3481129-d25a-55c9-a964-7810b4ee55e2,lcell_100df0228ab0,annex_logical_cell,EXTRACTED_FROM
1fce940b-d1fe-5303-8c55-2106054db041,lcell_ffc41d043eda,annex_logical_cell,EXTRACTED_FROM
78f7034f-2d0e-5915-a258-771efc00232e,lcell_c264601f3d65,annex_logical_cell,EXTRACTED_FROM
dafd8e4b-4e3b-5841-a78e-21fd93a90b26,lcell_1000fb3333c6,annex_logical_cell,EXTRACTED_FROM
7a2cc150-703f-5eb0-bfc4-82ee191f8c03,lcell_61048c345da6,annex_logical_cell,EXTRACTED_FROM
351a4010-1cfa-57f9-8b0f-34c45cbd4840,lcell_aa1e0d824457,annex_logical_cell,EXTRACTED_FROM
a627347c-e1fe-5f8b-979e-ff923e0f99c3,lcell_616e285bb525,annex_logical_cell,EXTRACTED_FROM
0b573840-bd8b-5b53-9d20-f00e2f9a03aa,lcell_850fb51e6924,annex_logical_cell,EXTRACTED_FROM
b53c46f2-1211-5414-af3b-e34d6ae5b508,lcell_8f4264cb6dd4,annex_logical_cell,EXTRACTED_FROM
58b537e8-3f01-599b-92a8-dbb711d3d2ed,lcell_54d07ffb38fc,annex_logical_cell,EXTRACTED_FROM
4f3e0faf-2201-54e0-a6bc-04b28e0a4e53,lcell_44080915b796,annex_logical_cell,EXTRACTED_FROM
2d83a94d-e717-5c78-86a0-b3cfced4d21c,lcell_a97c2fc44358,annex_logical_cell,EXTRACTED_FROM
ba812093-33f8-5277-b119-233e814cca19,lcell_5af0ca7ea840,annex_logical_cell,EXTRACTED_FROM
af7064e4-4bcd-598c-9326-7ce7bb7ce7f6,lcell_f1b43b6f14f6,annex_logical_cell,EXTRACTED_FROM
1a4a3849-0328-513d-81f6-a0f045a95c36,lcell_b4a9112919a8,annex_logical_cell,EXTRACTED_FROM
95ce0879-0acc-5b8e-8e9e-0fc5f940b502,lcell_c93b3fa3d21d,annex_logical_cell,EXTRACTED_FROM
79108e11-161a-5e47-86aa-9c2ea742b7bd,lcell_e510f5979bab,annex_logical_cell,EXTRACTED_FROM
888e208d-56ce-517e-9aec-5377737a63f3,lcell_6d327da684be,annex_logical_cell,EXTRACTED_FROM
dac595f4-0a1a-540a-9e95-49351c831ca5,lcell_3916bd7c2e48,annex_logical_cell,EXTRACTED_FROM
64f9c646-dd65-5510-a3f5-bacdc769149a,lcell_670e83ac881c,annex_logical_cell,EXTRACTED_FROM
faa898e2-8e68-53eb-9bec-b9006421999a,lcell_1db69db6cfef,annex_logical_cell,EXTRACTED_FROM
4edd98a5-94bd-51b7-8571-3da04dc8524e,lcell_7459643d4135,annex_logical_cell,EXTRACTED_FROM
7db4b4e0-b4e0-5473-abe6-90f5e8fcbbc6,lcell_fc7f2e312567,annex_logical_cell,EXTRACTED_FROM
0a2edc96-3918-5f32-bd65-94572a26f751,lcell_eb02a83ce4f5,annex_logical_cell,EXTRACTED_FROM
d841e71f-d6da-5a07-a573-09e1b75dcd78,lcell_8e4bcec75535,annex_logical_cell,EXTRACTED_FROM
a60874f1-bf33-5071-9a51-238c4180c5b5,lcell_37ef9a92d630,annex_logical_cell,EXTRACTED_FROM
8d54456c-b8f1-5cc6-b4ed-dee0f3a7f049,lcell_14be24b1d4a6,annex_logical_cell,EXTRACTED_FROM
592b91c5-58da-5660-8b0b-89c090e8ee99,lcell_3075dba9d766,annex_logical_cell,EXTRACTED_FROM
729d8b08-45e9-5655-8576-ce3428e216c5,lcell_753c282ebc39,annex_logical_cell,EXTRACTED_FROM
754cb9f0-6dae-529e-a7cf-9d82bd61f44d,lcell_87c15a1b1a3a,annex_logical_cell,EXTRACTED_FROM
4493bb36-16a3-541c-928a-b4eaa5233a4d,lcell_3964e106620d,annex_logical_cell,EXTRACTED_FROM
47c3b7e4-c8da-5e8b-9c2e-a20b32077b3f,lcell_ad274cba3a7f,annex_logical_cell,EXTRACTED_FROM
d98ec12e-b05a-53d2-b845-70baf482789d,lcell_7aa2e4f02c0f,annex_logical_cell,EXTRACTED_FROM
618f74c8-d12a-5b69-80eb-3d72063170d3,lcell_38f709baebee,annex_logical_cell,EXTRACTED_FROM
8f8ccb5e-d864-59ce-a99d-b36e3a91996d,lcell_78fd2094fc9a,annex_logical_cell,EXTRACTED_FROM
21274623-f99d-5d52-936c-219c43974ab1,lcell_19beb6a063b5,annex_logical_cell,EXTRACTED_FROM
69a43a13-1df9-5b15-81a9-aac10825c276,lcell_795dbb420f09,annex_logical_cell,EXTRACTED_FROM
7d316f32-c306-5b11-b249-a0171264805e,lcell_907d93eacd72,annex_logical_cell,EXTRACTED_FROM
ee9ed887-7c35-5555-8e58-f247d9bf1842,lcell_f4bb815aca3a,annex_logical_cell,EXTRACTED_FROM
850aff09-27aa-5575-8eb2-adcf3397010c,lcell_7737c273bed1,annex_logical_cell,EXTRACTED_FROM
3486b4c6-debc-581b-a489-8fef39429070,lcell_68ca97d742a4,annex_logical_cell,EXTRACTED_FROM
4ac52124-9812-5f91-9ef3-856aacbecf4d,lcell_a4f6ffb3392a,annex_logical_cell,EXTRACTED_FROM
a6509893-bb65-5b9b-be57-49fac60a135a,lcell_7effbaccfdcf,annex_logical_cell,EXTRACTED_FROM
df46f325-8b7b-5584-a565-1a2a8ab5b42a,lcell_3132844b982f,annex_logical_cell,EXTRACTED_FROM
8a40490d-78b6-5a92-bf10-d5add263b51b,lcell_1c5f6528c163,annex_logical_cell,EXTRACTED_FROM
253d4cf7-71eb-575c-af8b-098c407f9402,lcell_8d74da81d890,annex_logical_cell,EXTRACTED_FROM
97e32658-6fa6-5896-a880-0c897178722b,lcell_0e0ab0cf0b49,annex_logical_cell,EXTRACTED_FROM
52de7a26-2e7d-58f2-8f7e-f881b7d0523c,lcell_7685be1b7d55,annex_logical_cell,EXTRACTED_FROM
cb00f296-5594-5784-8949-712fcf7c8878,lcell_35f615351ece,annex_logical_cell,EXTRACTED_FROM
f9bcd1ad-48f6-578a-8308-40ea7d0a578a,lcell_4495896a30c2,annex_logical_cell,EXTRACTED_FROM
05695992-6c34-522c-8d9d-8d2d627d98f0,lcell_a042b04ab422,annex_logical_cell,EXTRACTED_FROM
2e3e92f4-5080-51d5-92df-64f271da5acd,lcell_7f4ab9d6f1b9,annex_logical_cell,EXTRACTED_FROM
b9be9497-98f3-5558-9bdc-5642d3797c72,lcell_9d5fb00b2320,annex_logical_cell,EXTRACTED_FROM
1a4d13fc-fece-51cd-9278-e2f0eb1379b3,lcell_e942e2898f95,annex_logical_cell,EXTRACTED_FROM
7f2fe7f8-475b-5cc4-9bc4-6473d1b72a3f,lcell_674d85f29d72,annex_logical_cell,EXTRACTED_FROM
a6ca977c-8a35-512d-b330-46e343fd648b,lcell_0381ec057b57,annex_logical_cell,EXTRACTED_FROM
a42639d0-9e92-5886-9dff-76ffd70095c6,lcell_2e644033bc0c,annex_logical_cell,EXTRACTED_FROM
f62b5e61-51ca-5541-a547-31f26fa7d6c8,lcell_49d58f02eeed,annex_logical_cell,EXTRACTED_FROM
d4f6bf89-5c64-57fd-a0b7-2719694c7681,lcell_876ae410cf1a,annex_logical_cell,EXTRACTED_FROM
c87a2b2b-c56b-5a19-bf01-a039106a4c0d,lcell_969a97954090,annex_logical_cell,EXTRACTED_FROM
d49e976e-cd41-5102-a419-f13ebbf79d6a,lcell_acb7b629da42,annex_logical_cell,EXTRACTED_FROM
d87b7d8c-288b-556d-af9e-ab052231281f,lcell_3ac1374c7504,annex_logical_cell,EXTRACTED_FROM
27c7ce8d-f33d-5d2c-b085-c6fab271e5ac,lcell_38a2a6441e54,annex_logical_cell,EXTRACTED_FROM
0c5163d0-3ff0-5b97-b92e-06929bbc2f62,lcell_ef7e3caa91a4,annex_logical_cell,EXTRACTED_FROM
bad33a74-9557-5342-ae8e-3593fbd64c80,lcell_2ea541d1d11c,annex_logical_cell,EXTRACTED_FROM
b54c1dd2-1eb1-5a14-a229-eb04f77548c8,lcell_72db9624d914,annex_logical_cell,EXTRACTED_FROM
2b3f4f6b-ee50-5fc5-9153-d467caa54030,lcell_641529b55ac8,annex_logical_cell,EXTRACTED_FROM
ab616412-ba38-5937-b7c4-64c9228a0cfe,lcell_cd6235ece623,annex_logical_cell,EXTRACTED_FROM
da14ce6b-8d5d-56bc-858b-3b1c403f322b,lcell_803970305c43,annex_logical_cell,EXTRACTED_FROM
5c3c1cbe-8677-5f8e-bbe3-701518fa9e08,lcell_b16bf2c67f39,annex_logical_cell,EXTRACTED_FROM
24f7f8df-de96-597a-9d63-73eec2a2660d,lcell_c6d3efc36062,annex_logical_cell,EXTRACTED_FROM
10119539-d825-5dd8-8be6-91ac49c0bd60,lcell_bd620288ce20,annex_logical_cell,EXTRACTED_FROM
a594310c-3f04-5c53-ac25-f376223aa1a4,lcell_0985974f3278,annex_logical_cell,EXTRACTED_FROM
38facd83-7a75-5856-938a-f336566e6010,lcell_bd4258df762f,annex_logical_cell,EXTRACTED_FROM
d2736198-39b9-54b8-be56-05689cd8dddc,lcell_94194de75f43,annex_logical_cell,EXTRACTED_FROM
be26e6a7-41f2-509c-bd70-4b86a214acf0,lcell_25148911df3a,annex_logical_cell,EXTRACTED_FROM
cd5955f7-2e31-5b50-b42c-548c02eecbe8,lcell_d170aa2b3eea,annex_logical_cell,EXTRACTED_FROM
fc2bad38-cea2-592f-811d-e97121f62ac8,lcell_a4ecd77f0b0f,annex_logical_cell,EXTRACTED_FROM
639bf0fb-9ab4-59e7-8efd-7d7510532885,lcell_170cd1c46c15,annex_logical_cell,EXTRACTED_FROM
ee7aebee-ea7e-5435-922f-9fb320599ca5,lcell_461232ff9057,annex_logical_cell,EXTRACTED_FROM
8802db6d-8670-5254-bd3d-05518b228a90,lcell_26d51e53b003,annex_logical_cell,EXTRACTED_FROM
14f02f65-8df5-59a3-bae2-7aef407caa12,lcell_b67dfeb67e4c,annex_logical_cell,EXTRACTED_FROM
c3121984-78c3-59bf-b55d-5c0b0cc7a0e9,lcell_a0b9fafb3f9d,annex_logical_cell,EXTRACTED_FROM
ce352ade-33f2-5a61-b7fb-c950c5f2b890,lcell_47c87bed6c5a,annex_logical_cell,EXTRACTED_FROM
b8f5b1e7-f5f0-559c-b2fd-97c668d079a0,lcell_613478602fe5,annex_logical_cell,EXTRACTED_FROM
e9d5eb48-e890-5a21-8c49-4fc409745d4e,lcell_38162700d121,annex_logical_cell,EXTRACTED_FROM
0c085b54-ae9c-53dc-875d-4935b2e48f0b,lcell_eea32b54a7d4,annex_logical_cell,EXTRACTED_FROM
775a1935-d064-5e8c-aac6-01ee59ba8e7c,lcell_8d92fec4aa8c,annex_logical_cell,EXTRACTED_FROM
dc4e172b-d942-5fac-8346-1614b869eca3,lcell_9f423e5e2cdf,annex_logical_cell,EXTRACTED_FROM
0d6f668b-20f7-5a36-b5f1-b27adf06760b,lcell_1d3f54b29c07,annex_logical_cell,EXTRACTED_FROM
e8f0087a-9bb5-5d3e-adb2-d962c023362f,lcell_f79020c37039,annex_logical_cell,EXTRACTED_FROM
2f9e9f7b-bfba-5a58-9e2d-98d5b22311f3,lcell_48ea321c12c4,annex_logical_cell,EXTRACTED_FROM
662030c5-84c6-5372-87e7-76e00a6f6c2e,lcell_d56e6158eb8e,annex_logical_cell,EXTRACTED_FROM
1c21216b-612f-59c4-acae-84864860811e,lcell_ec5b2c124983,annex_logical_cell,EXTRACTED_FROM
d876df84-dbd4-53fc-b106-15f586c80d23,lcell_224e38e66878,annex_logical_cell,EXTRACTED_FROM
19070cff-f420-52c8-9328-76862d59bd18,lcell_48597a227f4e,annex_logical_cell,EXTRACTED_FROM
21fd6132-d7cd-549c-a32b-34edbe93f055,lcell_8db99c6c03f6,annex_logical_cell,EXTRACTED_FROM
2f6c2df6-638a-5417-ae72-fa621ef7face,lcell_28b546ad6f92,annex_logical_cell,EXTRACTED_FROM
36bda3f3-eb49-5a93-b675-3019ba76bf3f,lcell_9b87eb3e761a,annex_logical_cell,EXTRACTED_FROM
7fc3d1cc-0986-5933-a7ab-ab95a125ccfb,lcell_c0bd1e1e43aa,annex_logical_cell,EXTRACTED_FROM
eaa856b1-1df4-5972-83d9-7f6c8cd748af,lcell_bff65d4e2cfc,annex_logical_cell,EXTRACTED_FROM
771c10d4-0cc0-5f16-b39a-8e4e7cba2b62,lcell_500259f60b9e,annex_logical_cell,EXTRACTED_FROM
2f415da2-f396-5333-b790-095348008a4d,lcell_523383810a67,annex_logical_cell,EXTRACTED_FROM
3a34df74-64df-5771-8fce-fdff2d3863e4,lcell_3f973546a2e0,annex_logical_cell,EXTRACTED_FROM
329d6608-fbaa-5c4a-8980-e395fcc138ac,lcell_961b5afe51a3,annex_logical_cell,EXTRACTED_FROM
498d869c-76d1-5cc0-ac0d-66410155728a,lcell_ef59bb52cc8e,annex_logical_cell,EXTRACTED_FROM
79626d93-0e23-5fd0-abaa-48f0455ea0e8,lcell_ac96d6f3cfb4,annex_logical_cell,EXTRACTED_FROM
58ffcc5e-93cd-5116-b27c-99b913d96bd5,lcell_65c8897746c7,annex_logical_cell,EXTRACTED_FROM
e73aab7a-2788-57d0-ad68-905b83a20596,lcell_ccf1d7eb279e,annex_logical_cell,EXTRACTED_FROM
79d0102b-4711-530a-80c6-97d6606f582a,lcell_693574482c5b,annex_logical_cell,EXTRACTED_FROM
4909fc4f-d1b6-55b0-b7a4-106da73bc7a4,lcell_82f3b1d9349a,annex_logical_cell,EXTRACTED_FROM
2a2c4515-91ed-5d67-a280-b900e3d3fa7a,lcell_404f0f54aee1,annex_logical_cell,EXTRACTED_FROM
019a2c49-476d-5a40-a009-e6499d9e0d22,lcell_64ad67778f90,annex_logical_cell,EXTRACTED_FROM
84bc189b-9195-5462-a456-9c19748f066a,lcell_6182748f8582,annex_logical_cell,EXTRACTED_FROM
b4b36972-4b56-586e-b371-d4db46766319,lcell_235f6a132fe9,annex_logical_cell,EXTRACTED_FROM
782ee8cd-a4b9-5950-928a-73fd4cc373e5,lcell_47355e49a50b,annex_logical_cell,EXTRACTED_FROM
49082de2-f1a4-5ec0-8cfc-4277e4877b2b,lcell_092977ea51e5,annex_logical_cell,EXTRACTED_FROM
a251ce08-a18f-5ccf-ac24-ebfdd2618fcf,lcell_d9815f2a8709,annex_logical_cell,EXTRACTED_FROM
e67657e0-de85-5943-94af-fc628cbbea69,lcell_a0ddf11cde03,annex_logical_cell,EXTRACTED_FROM
737e2b22-2c0e-5a7d-9419-df90396df7f9,lcell_c8e0177d5487,annex_logical_cell,EXTRACTED_FROM
bce9562b-652a-54be-8cd6-be3aa03d1222,lcell_3be71508cac8,annex_logical_cell,EXTRACTED_FROM
b8dcd9e6-e321-5f87-aed4-efd709da8569,lcell_552380526b5f,annex_logical_cell,EXTRACTED_FROM
95ce86bf-4d7a-5484-8880-5b3a312ff350,lcell_60bc3ea2bb6a,annex_logical_cell,EXTRACTED_FROM
8bfa280f-a0e5-5b9d-a4f5-27a793fe2eae,lcell_360cb30da3aa,annex_logical_cell,EXTRACTED_FROM
f5eace6b-7526-56ec-acf4-cd581c65a925,lcell_cbea9864c9f8,annex_logical_cell,EXTRACTED_FROM
19bcfe70-346c-5155-b15c-9719ae4011ed,lcell_cf77640f29eb,annex_logical_cell,EXTRACTED_FROM
67f3bb1e-d6cc-5d27-84c4-e30c9fee8edf,lcell_6463cc3c9bf3,annex_logical_cell,EXTRACTED_FROM
ead34979-0086-55d3-9565-7575f34e0d3d,lcell_37508ddb294c,annex_logical_cell,EXTRACTED_FROM
dd8755db-23a4-58b6-af82-f95a4fd02f41,lcell_2be1946cf457,annex_logical_cell,EXTRACTED_FROM
9dd50cf8-75fb-5787-a996-3b29eaed4208,lcell_88c70fe8a866,annex_logical_cell,EXTRACTED_FROM
4dd8cbe2-1c63-56c6-b01f-07993aaf38d7,lcell_b022644fb983,annex_logical_cell,EXTRACTED_FROM
d7c770b8-a60b-54d4-b6d9-1a418d3e9bbb,lcell_901945491b47,annex_logical_cell,EXTRACTED_FROM
0a0c0993-6601-568b-873f-795a385db33b,lcell_de2c5c8acdaf,annex_logical_cell,EXTRACTED_FROM
2b82cf4b-e3c7-59d0-ab5c-910b8807e117,lcell_16517f494159,annex_logical_cell,EXTRACTED_FROM
6dbbf1e7-1396-5ab7-b441-1676be6bacec,lcell_40d4490f1fe8,annex_logical_cell,EXTRACTED_FROM
da1868b5-dd7a-5ef7-9c2b-94d19b83fc33,lcell_005eeb2713c4,annex_logical_cell,EXTRACTED_FROM
bd9f1613-12b3-50f6-9324-4009c10947df,lcell_6549e96aa1fb,annex_logical_cell,EXTRACTED_FROM
6adfd304-9414-5a76-8ba4-58a8192ff14f,lcell_8fa72f24cb2e,annex_logical_cell,EXTRACTED_FROM
e875bf84-348d-505e-8090-d3c6a4e02c7f,lcell_0666607e2437,annex_logical_cell,EXTRACTED_FROM
dfd46d15-929e-5524-b7f0-81fd6c91d12c,lcell_6dc22ac650a0,annex_logical_cell,EXTRACTED_FROM
66ba32de-c650-551a-a060-c5310a763664,lcell_cb11e69c4870,annex_logical_cell,EXTRACTED_FROM
87edbb5c-2436-582b-984d-e57ddbd08a06,lcell_99fdfffbe63d,annex_logical_cell,EXTRACTED_FROM
d9ece7b4-ef5b-5221-b1d6-195ffe416d95,lcell_f008fd3cd38a,annex_logical_cell,EXTRACTED_FROM
3c14752c-0983-5349-84b8-39c10c0d24dd,lcell_0d002bbcb06e,annex_logical_cell,EXTRACTED_FROM
2ecee512-4603-581c-858f-12b937666aa0,lcell_1a4fbfe75393,annex_logical_cell,EXTRACTED_FROM
fa7731da-5aa1-5035-95de-8109eba21c41,lcell_44d7a5bafcb1,annex_logical_cell,EXTRACTED_FROM
07869a8f-6139-5948-9e39-51203c93565c,lcell_cf8f21e80390,annex_logical_cell,EXTRACTED_FROM
026b298b-9803-5123-8f29-9bc5ea26829d,lcell_25b4710bb0c6,annex_logical_cell,EXTRACTED_FROM
85638787-9237-5534-9c2b-b968c9f0b959,lcell_6fb5e4e6abe9,annex_logical_cell,EXTRACTED_FROM
30afc78c-0fcb-57c0-8cf4-1e9b23ddef9d,lcell_3675ebef3572,annex_logical_cell,EXTRACTED_FROM
45ad52c2-a79a-5768-abf0-29204cf211d0,lcell_dd56737bd59f,annex_logical_cell,EXTRACTED_FROM
7972eb2a-939d-5266-b494-340fdc60bfbd,lcell_932b3392b7ef,annex_logical_cell,EXTRACTED_FROM
54a99a0f-32a9-53b0-a669-e8a64279c8bb,lcell_9dede1c3c891,annex_logical_cell,EXTRACTED_FROM
05ba02dc-226e-5826-9ee3-b9d4f40bbca9,lcell_bc22db4965b7,annex_logical_cell,EXTRACTED_FROM
274b5015-1840-572d-a2e9-24d9f65d88ce,lcell_173fe81c3f29,annex_logical_cell,EXTRACTED_FROM
257e45eb-2f70-5edc-8eb1-ffe69d886e26,lcell_1cc44b5b173b,annex_logical_cell,EXTRACTED_FROM
ac9c5b61-7763-566c-bed7-ab38df2304f3,lcell_99b126d0836f,annex_logical_cell,EXTRACTED_FROM
913ed37e-1ccb-595c-9b90-f8386dbaaf83,lcell_32ab25c9e9d9,annex_logical_cell,EXTRACTED_FROM
08a60d36-27a5-5913-a748-3dfbe6c61c9e,lcell_a49ed4ca1a07,annex_logical_cell,EXTRACTED_FROM
8b4c859b-0ac0-5724-b6ea-b95616d93da6,lcell_960e58823417,annex_logical_cell,EXTRACTED_FROM
e8b6ec35-bbf9-57ea-ab16-4055e118838f,lcell_939616514df6,annex_logical_cell,EXTRACTED_FROM
64b26ed6-a2ef-578d-b808-1b0008138698,lcell_a6c3a9047594,annex_logical_cell,EXTRACTED_FROM
f740e871-f7bc-5371-b438-df061860c575,lcell_d5d6dcea6cb9,annex_logical_cell,EXTRACTED_FROM
860371e1-7358-5fe5-a35b-a1e02d7f427a,lcell_36cf190fc4e9,annex_logical_cell,EXTRACTED_FROM
a9ad9917-d046-5abf-a47e-a094a4923fa7,lcell_5ca681785e81,annex_logical_cell,EXTRACTED_FROM
1afa1630-33ba-5e16-86bf-81648f092add,lcell_8f849eadd27f,annex_logical_cell,EXTRACTED_FROM
816ea965-023c-56f0-a3ea-5bc75842b68b,lcell_47c5a62d760a,annex_logical_cell,EXTRACTED_FROM
7dc1d354-5e17-5d17-bd45-2f537df983d8,lcell_92e0f74fb5f3,annex_logical_cell,EXTRACTED_FROM
d1a10d14-b55b-5342-ad84-711971d985a9,lcell_e24f6fde2e20,annex_logical_cell,EXTRACTED_FROM
4e494f65-2424-5975-84fb-a3589bbb2ae8,lcell_4cfab9631115,annex_logical_cell,EXTRACTED_FROM
28a33398-ffee-5626-ad12-3e4f6b31d196,lcell_9a8d09133e69,annex_logical_cell,EXTRACTED_FROM
43dcfbc4-b701-5ba4-ac99-b042e29800ba,lcell_06a7e759dc61,annex_logical_cell,EXTRACTED_FROM
56e07e88-872c-58f0-8367-8550386ab62e,lcell_d9b01afd0106,annex_logical_cell,EXTRACTED_FROM
1e9b1f26-f20b-5ca1-b2cf-1426ed018c22,lcell_cdbfd71afdb2,annex_logical_cell,EXTRACTED_FROM
039346a1-8d7b-5537-b834-c0adabbebd5d,lcell_8bd8ed47cf02,annex_logical_cell,EXTRACTED_FROM
9ed314ba-d411-5f17-9489-f69f9129dc3f,lcell_213dc354f98b,annex_logical_cell,EXTRACTED_FROM
f1deabd7-7966-5981-97e0-39826727152d,lcell_01b1edb81ac5,annex_logical_cell,EXTRACTED_FROM
feea7092-4e19-5b2d-b2ca-f5ef893245b6,lcell_73d60a5d605e,annex_logical_cell,EXTRACTED_FROM
046f1e69-d8f6-51ba-a0a2-c39b5572d635,lcell_9971b7002272,annex_logical_cell,EXTRACTED_FROM
6c2a2862-2dc8-5908-8671-d57b9b11c104,lcell_5503ae78e7d6,annex_logical_cell,EXTRACTED_FROM
43c7f784-8b0d-5506-b87d-0c4fb7ebc778,lcell_e183bd0bb97f,annex_logical_cell,EXTRACTED_FROM
f7b4e69e-1a65-5b47-9aa0-69298cde7d0e,lcell_9880c019c297,annex_logical_cell,EXTRACTED_FROM
c6fc362e-f776-5806-b29a-3a1ac33701b0,lcell_5e6f73fee7de,annex_logical_cell,EXTRACTED_FROM
99e25d51-0e85-5ce5-95dc-c9ef23292fc9,lcell_3535aa23cf73,annex_logical_cell,EXTRACTED_FROM
5a77737b-c6f4-590a-907e-f8c68aba1ffe,lcell_4d7aaf9a536d,annex_logical_cell,EXTRACTED_FROM
401cdb25-5ed7-5bfc-9bba-e5c62ec518c3,lcell_1e0e4fb51ef5,annex_logical_cell,EXTRACTED_FROM
ca595493-470a-50c5-8a4f-796f90f454f7,lcell_767e9249d914,annex_logical_cell,EXTRACTED_FROM
8f12c77a-2318-5cc2-bffc-1799a7d1efa9,lcell_1ce8b9dc8728,annex_logical_cell,EXTRACTED_FROM
0cc35a14-667c-5a93-9adc-a7671ac1e880,lcell_6006bd65f04f,annex_logical_cell,EXTRACTED_FROM
97478ed4-5783-5808-ad72-3a5a2a9c28a7,lcell_68e072845504,annex_logical_cell,EXTRACTED_FROM
c0c6ad96-3c8c-55da-86c0-c82f22c90f7b,lcell_1e5f9ecf4dc1,annex_logical_cell,EXTRACTED_FROM
24daef54-3912-5695-808a-403f35effbba,lcell_5737764c258b,annex_logical_cell,EXTRACTED_FROM
ea30e417-f6de-5676-bf12-7e8eedacdf4b,lcell_25f85f2fc30a,annex_logical_cell,EXTRACTED_FROM
cbda6dce-438b-56f0-b107-4d8a9eeb31c2,lcell_99f8050e00a5,annex_logical_cell,EXTRACTED_FROM
138d254f-868b-5ba5-8e17-8f0c45200395,lcell_1a6b20b76b6c,annex_logical_cell,EXTRACTED_FROM
0a48a17f-71e7-5cc4-a747-849592f4d2d5,lcell_e0293d6f3a18,annex_logical_cell,EXTRACTED_FROM
ba2f6d94-3db5-5872-9a11-0b0f717de6f9,lcell_e626b166a290,annex_logical_cell,EXTRACTED_FROM
9c141634-0b27-5339-8dd9-1720187809ee,lcell_2a919c3becaf,annex_logical_cell,EXTRACTED_FROM
c86acd71-fc2f-5f40-81d4-3dc50f475faa,lcell_eeac351f8664,annex_logical_cell,EXTRACTED_FROM
e74e5643-e9b5-5812-be35-cddac9eca92d,lcell_115fa8a3efb6,annex_logical_cell,EXTRACTED_FROM
f30a4932-26f1-560c-89ee-de3fdf1cecff,lcell_9405d552a2eb,annex_logical_cell,EXTRACTED_FROM
4589a278-5fde-575f-8c6d-42da3fbe4af0,lcell_9b2343f008d9,annex_logical_cell,EXTRACTED_FROM
4e0610c5-1fa4-534b-9fd5-53705350b517,lcell_75639967e764,annex_logical_cell,EXTRACTED_FROM
b4b97940-ae3e-5dfa-86c1-ceaf66abcb6e,lcell_51c23ab34932,annex_logical_cell,EXTRACTED_FROM
548bca96-c260-5d81-98ef-5a9259bb2a1c,lcell_3080a3d30d1a,annex_logical_cell,EXTRACTED_FROM
f4b8f389-0a51-5590-8020-daed1bd32f21,lcell_aa2660d97f1c,annex_logical_cell,EXTRACTED_FROM
e95b8562-3329-5a37-88d3-faf0fda0b2b1,lcell_2320588c96bb,annex_logical_cell,EXTRACTED_FROM
91cc72e1-7c48-5f7e-a954-6a0172370c1f,lcell_2a163f2f4685,annex_logical_cell,EXTRACTED_FROM
ac6df53f-685e-5945-8a29-c7736c83c583,lcell_b4e009de8e57,annex_logical_cell,EXTRACTED_FROM
075f587a-5909-57ab-adc6-2e3f878ceddd,lcell_5fab028f6d0a,annex_logical_cell,EXTRACTED_FROM
1b664c28-1842-58a2-9c81-edd7ff5122cc,lcell_03df559a8aa9,annex_logical_cell,EXTRACTED_FROM
46943a8c-e3c3-5870-b063-965b7bf7f433,lcell_f151f9900a7e,annex_logical_cell,EXTRACTED_FROM
cf4d1796-b6a7-5153-8f34-66dd45fbf625,lcell_55780709c972,annex_logical_cell,EXTRACTED_FROM
1e07779b-c926-57de-9e5f-3994802019ed,lcell_f69d6240d608,annex_logical_cell,EXTRACTED_FROM
a71e9140-16a2-5e3f-afb2-a9ea61b19b36,lcell_2a197c867cf5,annex_logical_cell,EXTRACTED_FROM
12e64737-1979-56d0-a313-71307ce0836c,lcell_c635a728e1af,annex_logical_cell,EXTRACTED_FROM
1b919b67-c80f-581a-8bcb-a43b905e3c66,lcell_a482dc5e8a5a,annex_logical_cell,EXTRACTED_FROM
9de8d997-7e03-54a3-a784-957e5bcc22fc,lcell_341f50a6016c,annex_logical_cell,EXTRACTED_FROM
66d6bb60-a849-54f1-82a5-1dd292657ab3,lcell_37b9e892128c,annex_logical_cell,EXTRACTED_FROM
2377e3c8-5dc5-5bad-bcd5-d0ada5f7ac09,lcell_10099837cfe9,annex_logical_cell,EXTRACTED_FROM
e38a091e-c1a6-594d-950a-61faca1d7bfb,lcell_90f4c6f63685,annex_logical_cell,EXTRACTED_FROM
58eebf1a-9ca7-5c21-bc33-a11fcf70ba05,lcell_51ac47506919,annex_logical_cell,EXTRACTED_FROM
14a976e9-1e50-56b0-b384-82eb0a71c037,lcell_a2cac0e39c5e,annex_logical_cell,EXTRACTED_FROM
4dffc0fd-6739-570f-87de-c732bce3023f,lcell_50182da2ce69,annex_logical_cell,EXTRACTED_FROM
dea69c6f-5657-548d-904e-121124fa275c,lcell_21fb7ccc977d,annex_logical_cell,EXTRACTED_FROM
ef3e6a22-5135-5bed-b003-5eb92b1eceea,lcell_037797e0eb04,annex_logical_cell,EXTRACTED_FROM
d30ab643-f7d7-5af8-a48b-24eeed32ff6e,lcell_28278b63352c,annex_logical_cell,EXTRACTED_FROM
b786cc05-b101-5481-814c-a431d512e755,lcell_7834d0cec966,annex_logical_cell,EXTRACTED_FROM
ecee781f-4ded-5641-899a-14832bf4f2c4,lcell_285fe8e8b0ce,annex_logical_cell,EXTRACTED_FROM
3ac06529-8e2d-58f4-b3ac-da191d975b97,lcell_0c76aaca5df6,annex_logical_cell,EXTRACTED_FROM
d92472a6-94f8-5c93-be9d-28f82c5052a7,lcell_cfb897826c37,annex_logical_cell,EXTRACTED_FROM
74d50d9f-4d9e-5213-80ba-b27fd7d8aef1,lcell_8adc54b37339,annex_logical_cell,EXTRACTED_FROM
9d6feceb-deef-5218-baa4-642d8c49e71f,lcell_4efb1d26bbeb,annex_logical_cell,EXTRACTED_FROM
0cde80bc-1f89-5f6e-b602-e325ab719e8a,lcell_0bec95d769b4,annex_logical_cell,EXTRACTED_FROM
77baa8cb-3bcc-58cd-9c87-d8a51c824724,lcell_2b6f07834cd0,annex_logical_cell,EXTRACTED_FROM
f16e1902-cc57-5b37-a5f0-be6e2fbcafa6,lcell_7d5e4e24597b,annex_logical_cell,EXTRACTED_FROM
c40f279a-ba75-5986-ad4d-df81bb912326,lcell_a07249133125,annex_logical_cell,EXTRACTED_FROM
4ceabfc2-b120-5bf5-90f1-a0cf71fffad9,lcell_6211959d7e78,annex_logical_cell,EXTRACTED_FROM
7de42671-8069-523c-bdfb-d3db5149c8ca,lcell_2d8d5328f4c4,annex_logical_cell,EXTRACTED_FROM
975a41be-a49f-53e0-ae78-ebe4a4c20682,lcell_22126ce5c2c2,annex_logical_cell,EXTRACTED_FROM
ec315638-c0a5-5bb9-9b26-808afcd93b26,lcell_50b0dedae441,annex_logical_cell,EXTRACTED_FROM
c16b360b-86ed-5e23-ae46-1d9aa03a9c30,lcell_78ceed0596d0,annex_logical_cell,EXTRACTED_FROM
29870593-1888-59ea-a515-949a7f8cd7a9,lcell_96f940ce40db,annex_logical_cell,EXTRACTED_FROM
b3fae174-83a0-51c8-9337-065cbcc2b0c8,lcell_ee3ec737bfde,annex_logical_cell,EXTRACTED_FROM
d621f222-5133-5485-9b0f-3df203104362,lcell_d3101cbd8225,annex_logical_cell,EXTRACTED_FROM
ac505cea-a06d-50ba-a5e0-c2108602c8f9,lcell_618f00aeb808,annex_logical_cell,EXTRACTED_FROM
e4fb7d80-19f5-537d-bf2e-d8123a850625,lcell_7bac6742e704,annex_logical_cell,EXTRACTED_FROM
9588e71c-fd09-5a37-b94a-179bd7031861,lcell_c6e06c03b0a3,annex_logical_cell,EXTRACTED_FROM
605d4351-904f-5411-954e-b5a6b25b1a69,lcell_ad312466395c,annex_logical_cell,EXTRACTED_FROM
64accc5b-0a31-5b0e-975a-e73483168994,lcell_833a859ed9be,annex_logical_cell,EXTRACTED_FROM
1aab0d33-b068-5528-82a6-07fdff7d9cf5,lcell_fac937867c47,annex_logical_cell,EXTRACTED_FROM
0a249e4f-c0bc-5b3e-8989-90077d6ffb1a,lcell_ea834dd39826,annex_logical_cell,EXTRACTED_FROM
affc7d02-3483-5a0e-a132-b19f5c055f43,lcell_86f00ce4c198,annex_logical_cell,EXTRACTED_FROM
474a2d4b-6811-5cd7-9c46-98633e8756cf,lcell_40968cd54d5d,annex_logical_cell,EXTRACTED_FROM
f6021090-784e-51bf-abd7-249e1aa1cada,lcell_4b22aff86b16,annex_logical_cell,EXTRACTED_FROM
bda37a85-c6e3-53ff-a08f-8495e9e84806,lcell_9f39eacc75eb,annex_logical_cell,EXTRACTED_FROM
cf4faf3b-0a54-5f6d-9766-efd87dd6a3be,lcell_abfa95ba7826,annex_logical_cell,EXTRACTED_FROM
2bbdbd13-f72d-53ce-a7c4-7cf2fc86641d,lcell_db822cd4f70c,annex_logical_cell,EXTRACTED_FROM
abacf83f-2251-5893-8c4e-189110a4a3fc,lcell_ee4c67e08a8e,annex_logical_cell,EXTRACTED_FROM
0b1b9fe6-db50-5e03-947e-24c76e515124,lcell_9d03c4d0b88c,annex_logical_cell,EXTRACTED_FROM
8cbc63bd-018e-5a28-9d37-441203a52206,lcell_c05d66e33900,annex_logical_cell,EXTRACTED_FROM
0c2a4533-33cd-5b5d-b022-5def3a295aeb,lcell_029dc15416e6,annex_logical_cell,EXTRACTED_FROM
e6c704d4-dab5-5346-8457-db276b3dc8d9,lcell_188e95929922,annex_logical_cell,EXTRACTED_FROM
c2a2ac3d-ecfa-5ac5-a4f2-14fcf3e28873,lcell_45ac51448a4a,annex_logical_cell,EXTRACTED_FROM
50321cf0-8723-5e8d-b129-e763a0922cac,lcell_78cc4d7de2b2,annex_logical_cell,EXTRACTED_FROM
b18608aa-c97d-5641-a0bb-d417423349cd,lcell_d5fbef897d8b,annex_logical_cell,EXTRACTED_FROM
1df009ec-6a56-5c6b-ac29-738779b6bf3b,lcell_bd18446343d5,annex_logical_cell,EXTRACTED_FROM
ab2dfad9-cb8a-5e07-827d-9ce08124ac87,lcell_6d5729a31357,annex_logical_cell,EXTRACTED_FROM
41711f12-397f-588c-a4d5-a848d3415050,lcell_7ce783076513,annex_logical_cell,EXTRACTED_FROM
925c84f4-56b4-578b-a310-4216b1f0f505,lcell_6de93fcbb442,annex_logical_cell,EXTRACTED_FROM
8896b33c-16cd-5727-99ef-2bfd4164bc25,lcell_051f0c6289da,annex_logical_cell,EXTRACTED_FROM
f82ef792-00f9-560c-85e7-2ae28775e25b,lcell_4ae1e0f2b191,annex_logical_cell,EXTRACTED_FROM
6d6f9f79-73ff-54cd-b6c5-7924fe551432,lcell_c2682b25b9c1,annex_logical_cell,EXTRACTED_FROM
7701f3fb-9522-5e08-b850-732054c15d5d,lcell_656950640c83,annex_logical_cell,EXTRACTED_FROM
f7ff26c1-7845-54d9-b463-fded7e765fd4,lcell_42b877df7698,annex_logical_cell,EXTRACTED_FROM
42060438-de5e-5595-a27a-0b2df88701e4,lcell_736659ad6c7a,annex_logical_cell,EXTRACTED_FROM
b71c3f2b-ad59-525d-8d46-8d5263475e89,lcell_d40a181bbe73,annex_logical_cell,EXTRACTED_FROM
205c4e64-b292-594f-bbf1-58dc180c38cc,lcell_6ca381434fd3,annex_logical_cell,EXTRACTED_FROM
a32e3b99-61dc-5c0a-8e9d-3da4a7200253,lcell_1654ba08855b,annex_logical_cell,EXTRACTED_FROM
9d4468af-1e18-5d15-a393-605605d7b9a7,lcell_e6453b62dcae,annex_logical_cell,EXTRACTED_FROM
cbcf9e6e-2929-5fdb-935d-492b085f8d4b,lcell_b58de07d1619,annex_logical_cell,EXTRACTED_FROM
10e0ea22-4fa2-5cc7-ad4e-1b5bde9edbd8,lcell_f8eaad2c0114,annex_logical_cell,EXTRACTED_FROM
fc4f74ad-1c63-5c2a-8a19-69b861c34cee,lcell_60d175a56eca,annex_logical_cell,EXTRACTED_FROM
c7f9275d-73d0-511d-9a59-2945758dcf22,lcell_e423eb0cebe8,annex_logical_cell,EXTRACTED_FROM
9cfd3567-32fa-53f0-9b52-acc8663bba85,lcell_7b60bd9c5401,annex_logical_cell,EXTRACTED_FROM
bc7930d7-392d-5b52-b7e5-1870b29adfa6,lcell_c600f8c7d184,annex_logical_cell,EXTRACTED_FROM
5b0ef260-797a-5401-bf09-33cfd19fa1e0,lcell_c2668b5ccf97,annex_logical_cell,EXTRACTED_FROM
74cfe137-b4e6-5d1b-8e85-b26ca7d2dc63,lcell_ddcb3f874748,annex_logical_cell,EXTRACTED_FROM
4d897707-b973-5d82-a763-2f70ed96d6d6,lcell_3376512d6714,annex_logical_cell,EXTRACTED_FROM
f69c6d6a-c01f-597f-a0bc-784be15efe85,lcell_6a2baf7ad994,annex_logical_cell,EXTRACTED_FROM
cbaa7809-e677-5899-8e4f-0e289425b219,lcell_358e6c6c0c51,annex_logical_cell,EXTRACTED_FROM
96500fc2-4204-56ac-9c2c-739c3a746825,lcell_626ed9d684d1,annex_logical_cell,EXTRACTED_FROM
eb78d153-d729-5a7d-a977-5e8120a57249,lcell_c18eb0eb2e27,annex_logical_cell,EXTRACTED_FROM
577d7345-8afd-5e59-903b-20823f888d37,lcell_c23d21282bd7,annex_logical_cell,EXTRACTED_FROM
936cd5c1-6d21-5110-9eb8-15a3b227d562,lcell_6913cf90db84,annex_logical_cell,EXTRACTED_FROM
c8fcc7c5-8cb8-5222-bb60-f144851b282d,lcell_8c2f4d55ead8,annex_logical_cell,EXTRACTED_FROM
94bebaa5-ec9a-5765-87e8-1ac890b5a9a2,lcell_06a6bc14ab55,annex_logical_cell,EXTRACTED_FROM
fd8ca1ef-eed3-5163-8513-ee304f0aa090,lcell_fd6655a00c0b,annex_logical_cell,EXTRACTED_FROM
0a0f63a9-8efa-5a7f-9d4b-a231893d66ba,lcell_932c548aa473,annex_logical_cell,EXTRACTED_FROM
b89f4e13-e585-5dd1-a141-19144469fabe,lcell_5a0a24132a63,annex_logical_cell,EXTRACTED_FROM
58ea4422-8218-5013-94dc-ca072b77aad5,lcell_daa3221d862d,annex_logical_cell,EXTRACTED_FROM
216fe1b7-f1eb-5b25-8385-23b50820ff71,lcell_4e5e4ddaec30,annex_logical_cell,EXTRACTED_FROM
ff563ba7-84af-5e95-9e73-20bdb7d9c679,lcell_f83ecdd8ed2c,annex_logical_cell,EXTRACTED_FROM
78e320ee-1a79-5302-afc9-05e9cd3bf733,lcell_f5600096d79a,annex_logical_cell,EXTRACTED_FROM
11a2dc64-d243-509e-9f01-91155e8a8155,lcell_4d89f8fb3be5,annex_logical_cell,EXTRACTED_FROM
0d8ac6c9-fee5-5849-83f0-b7d6cb9b15b0,lcell_38bf9694fcd2,annex_logical_cell,EXTRACTED_FROM
c97c07e1-a292-58f0-ad0c-a03da2579591,lcell_1d0b155dcbeb,annex_logical_cell,EXTRACTED_FROM
5e1f33cb-7d4e-59ae-8ca5-85e4cd03b51c,lcell_0ab3c5d52dda,annex_logical_cell,EXTRACTED_FROM
04bf1a06-a939-5f00-b828-b9134d00263a,lcell_433ac1e8d7c4,annex_logical_cell,EXTRACTED_FROM
5e5a11c4-630e-5557-961c-acae95ac7be8,lcell_98ab2c95fa94,annex_logical_cell,EXTRACTED_FROM
8961608c-2f28-5473-b509-22ff5bf95f9d,lcell_b4f930aef410,annex_logical_cell,EXTRACTED_FROM
f889b172-af1b-5e61-a6b6-4dbd96070881,lcell_9675867713be,annex_logical_cell,EXTRACTED_FROM
8bdb0ae3-68d3-596f-ab58-cc4a7540ca04,lcell_4eddffee95a9,annex_logical_cell,EXTRACTED_FROM
418167e6-3059-52db-bacb-1f28da81c000,lcell_895fbb9f0b33,annex_logical_cell,EXTRACTED_FROM
2de5323a-3753-599e-a007-3cd6e458fc4b,lcell_28b23b968a10,annex_logical_cell,EXTRACTED_FROM
fd4bd48f-d414-5f39-a073-5e2b87cf4777,lcell_eda0a27a42e0,annex_logical_cell,EXTRACTED_FROM
97bd65b6-e5ff-594a-bdff-b322830822b5,lcell_1e707a5e7880,annex_logical_cell,EXTRACTED_FROM
06f86d9e-aa82-5d95-a48d-de1b60aa93fa,lcell_2aa4484f28ef,annex_logical_cell,EXTRACTED_FROM
fdf7a92d-58ad-5e9f-9069-61811accfa01,lcell_9a66e407d65a,annex_logical_cell,EXTRACTED_FROM
19b18321-1074-5664-8d66-a5d63ba2c329,lcell_9c1eac73a7c5,annex_logical_cell,EXTRACTED_FROM
9822fef1-bce5-5b33-8870-5bac049a3471,lcell_a6da164c3078,annex_logical_cell,EXTRACTED_FROM
54a4328a-504c-5efe-bd23-167b159ed5e7,lcell_1ffcf40f3e88,annex_logical_cell,EXTRACTED_FROM
42d59cb9-1f7d-5844-a495-4a96384acb13,lcell_f00356b9a3e6,annex_logical_cell,EXTRACTED_FROM
5e561b59-53ab-5c8d-961b-f1cf1fed56e3,lcell_08b446ce80f8,annex_logical_cell,EXTRACTED_FROM
cc3b41bc-fe00-5315-b266-2c55c31a4857,lcell_b46279ddd9c2,annex_logical_cell,EXTRACTED_FROM
d0eab262-b848-57a8-b81d-1d09c510e75a,lcell_0a327639b335,annex_logical_cell,EXTRACTED_FROM
a5a46bf4-b905-508e-b57c-59935f111853,lcell_708d24988028,annex_logical_cell,EXTRACTED_FROM
558c7da7-4a5b-5d2d-8932-2a42131aaa4d,lcell_fce3d402239e,annex_logical_cell,EXTRACTED_FROM
93a94db4-01b3-596f-af49-31bb383aef27,lcell_5131a40a2446,annex_logical_cell,EXTRACTED_FROM
5c44150a-4ec7-5c2e-9f3f-405154aa4add,lcell_7541bdfefa91,annex_logical_cell,EXTRACTED_FROM
b01e3a51-4d9d-5a36-8837-913e7b2f327a,lcell_3dde66fe90e4,annex_logical_cell,EXTRACTED_FROM
6dfe8799-f574-5a1d-bf6d-b2e2abc94bc2,lcell_ea36e92409fb,annex_logical_cell,EXTRACTED_FROM
334582c5-d848-5cbf-992d-9e38263c6d46,lcell_aa57273fda3a,annex_logical_cell,EXTRACTED_FROM
cd76bda6-e93f-5465-be34-772920b71a99,lcell_3867302e8781,annex_logical_cell,EXTRACTED_FROM
fd93065d-6150-57a2-9984-0594a9c5b82e,lcell_021540063306,annex_logical_cell,EXTRACTED_FROM
f7d66f2e-8ddf-5197-93d6-960564b89d88,lcell_d46c96fe65a0,annex_logical_cell,EXTRACTED_FROM
e7013a03-de64-5fbe-bb9f-c7576572682c,lcell_6b4d66ce45cc,annex_logical_cell,EXTRACTED_FROM
c1cf6e0a-04ee-5bd4-88a2-2780cc81ec8c,lcell_b57c45e5cf67,annex_logical_cell,EXTRACTED_FROM
22c755a4-5ed0-58f7-8aca-8f9a49c45066,lcell_d4581c155556,annex_logical_cell,EXTRACTED_FROM
dafa1d0d-376f-5ea5-992d-e9c18979fdda,lcell_813dd6ea3859,annex_logical_cell,EXTRACTED_FROM
771a98c7-2644-54b1-9d7d-acae6ab35f68,lcell_b68ac3c53fd6,annex_logical_cell,EXTRACTED_FROM
6d4b4370-9da7-549a-a19c-80ba2e9b6bdd,lcell_8219142cea05,annex_logical_cell,EXTRACTED_FROM
3bb064d2-57a2-5917-86fe-a4996bf39b38,lcell_e30a37c679a4,annex_logical_cell,EXTRACTED_FROM
d79b6cad-87f8-5ee0-8e62-1d58b8a4ce51,lcell_73ad67ba27c9,annex_logical_cell,EXTRACTED_FROM
92979ec0-581f-587b-85ad-37d27c926410,lcell_21b2999bc093,annex_logical_cell,EXTRACTED_FROM
f6f49be1-2f74-5563-a236-86312c4b6fb5,lcell_246236681f2c,annex_logical_cell,EXTRACTED_FROM
9a7f9216-a5d5-5961-83cc-d7edaa187a6c,lcell_222fd2c8aae8,annex_logical_cell,EXTRACTED_FROM
9584472e-959e-53c6-bda2-e071d88e1004,lcell_c666017c9ac7,annex_logical_cell,EXTRACTED_FROM
deb9da75-0737-5e95-8c8c-04a98bcf38b8,lcell_98ba0be039a7,annex_logical_cell,EXTRACTED_FROM
9a798e38-8692-55f2-90f5-e8933e6a71b6,lcell_8310114e039c,annex_logical_cell,EXTRACTED_FROM
8db6afd5-5442-5528-8071-05aeb99f827c,lcell_b63208d26bd6,annex_logical_cell,EXTRACTED_FROM
bffe324b-cf78-5fa8-a90a-5b7270286fa3,lcell_fd102220c4c2,annex_logical_cell,EXTRACTED_FROM
7e6336a2-ddea-5648-98f4-3ee6d163db78,lcell_5a3e8a011fd4,annex_logical_cell,EXTRACTED_FROM
e716ddb6-604c-5bed-b22e-10d3035e8783,lcell_c1ac41a694c0,annex_logical_cell,EXTRACTED_FROM
39908754-56ec-5966-8384-3a465007d4ff,lcell_47fe31784395,annex_logical_cell,EXTRACTED_FROM
33ea2380-50ec-5036-946e-48c62c4f9b32,lcell_4b462228e06b,annex_logical_cell,EXTRACTED_FROM
5874a098-283b-530b-a334-1531a7d4cc79,lcell_6b37e9180800,annex_logical_cell,EXTRACTED_FROM
49abc4e8-2797-507c-aeb9-2d0fb458748c,lcell_778f75f72054,annex_logical_cell,EXTRACTED_FROM
4fb1b97c-4ffa-5569-8984-b1dbb6fe7a81,lcell_41a803814dc4,annex_logical_cell,EXTRACTED_FROM
6c899092-d6ca-57bd-8c6e-2fd2ffd278ce,lcell_8b604adc221b,annex_logical_cell,EXTRACTED_FROM
079bda9d-2573-583c-82c9-f379bbf35241,lcell_ceac806cb9b6,annex_logical_cell,EXTRACTED_FROM
1984b48d-3a90-5404-bf23-f36197cc8a9f,lcell_d267e5c14870,annex_logical_cell,EXTRACTED_FROM
264407b6-cf80-5d71-959d-775bc57230d7,lcell_6d91e7f67e43,annex_logical_cell,EXTRACTED_FROM
a9232d44-6064-5cc7-81a8-e6a96c067ebc,lcell_531f836dabad,annex_logical_cell,EXTRACTED_FROM
84d43dfe-6356-5172-8a4b-24b3d8152d2b,lcell_6ca73dd1335d,annex_logical_cell,EXTRACTED_FROM
b55c9e40-64b5-5e6c-8328-9f9e85d82504,lcell_93d8e8bd04e4,annex_logical_cell,EXTRACTED_FROM
886f3686-8a3b-54ab-bfcb-4f838a62c1dc,lcell_ab90e2ccf27f,annex_logical_cell,EXTRACTED_FROM
e4436779-f953-5aa2-be3f-517002466598,lcell_e508c247ef8c,annex_logical_cell,EXTRACTED_FROM
43431aea-2d80-522f-b371-49b572880da1,lcell_90860751c5e1,annex_logical_cell,EXTRACTED_FROM
393b4298-dc52-528a-a633-eaabf3553176,lcell_490010832dab,annex_logical_cell,EXTRACTED_FROM
ce142627-5736-51a9-afa7-915f6476b5e1,lcell_5265994bc294,annex_logical_cell,EXTRACTED_FROM
bdf4fe4f-74a0-541c-b90f-9b9658eca09b,lcell_f0ffb0091ff7,annex_logical_cell,EXTRACTED_FROM
220d84db-c651-51d2-82c9-81a7c985e69b,lcell_7c4b474cd26c,annex_logical_cell,EXTRACTED_FROM
63edb271-c5a5-5a51-8897-17eb2ae0819f,lcell_51ac40e42115,annex_logical_cell,EXTRACTED_FROM
0dc4158e-e137-5247-afa7-15ed1d248999,lcell_b501ae0f4d2f,annex_logical_cell,EXTRACTED_FROM
d15a1b32-f2d2-51bb-bd23-d1dc3fcabcb6,lcell_c0ac16780790,annex_logical_cell,EXTRACTED_FROM
08577630-8b52-588d-87ca-41e6e99d1b1f,lcell_45cdb0c7252e,annex_logical_cell,EXTRACTED_FROM
54ab11c4-c55a-588e-ad68-44cc09d5a0cc,lcell_24006eee7721,annex_logical_cell,EXTRACTED_FROM
9cdb6ec2-80af-5692-8c13-46c7f272178d,lcell_e3b7f4fbb66a,annex_logical_cell,EXTRACTED_FROM
342c3241-501a-58a0-a81f-90c62f62f96b,lcell_a420059767a5,annex_logical_cell,EXTRACTED_FROM
3181bea6-360f-55e6-8d05-aab3fb7405ac,lcell_c75c0e144279,annex_logical_cell,EXTRACTED_FROM
87f8c992-0d3b-5a08-8bd0-4eee5fec3c2c,lcell_bed22dc262cc,annex_logical_cell,EXTRACTED_FROM
c6bbdf24-4cca-5fa7-924f-20614f692568,lcell_d8a03cefda1b,annex_logical_cell,EXTRACTED_FROM
1737c60d-63ff-5d83-b11a-1cdf87c91534,lcell_985d1d7204d9,annex_logical_cell,EXTRACTED_FROM
14d7899b-0a59-5516-8a64-b6cbb39d8af5,lcell_4e1705da25a2,annex_logical_cell,EXTRACTED_FROM
e8ef4728-4a8c-5feb-ab60-d4e038cb8d29,lcell_7030329b24eb,annex_logical_cell,EXTRACTED_FROM
5a821701-be77-5111-8ebd-b4afb2b555b6,lcell_99364059bd33,annex_logical_cell,EXTRACTED_FROM
82a53806-338f-5096-b360-1b5202e39156,lcell_0290340aa819,annex_logical_cell,EXTRACTED_FROM
7f0cafc4-87d6-5610-ae2f-5c1c516bd42f,lcell_2c2d74a67d8e,annex_logical_cell,EXTRACTED_FROM
558f1e86-71af-5adb-9287-96e5bf9ab090,lcell_d5c93879b90e,annex_logical_cell,EXTRACTED_FROM
38f91b7b-0fe4-566f-9caa-290af4bfd447,lcell_e611785a8e5c,annex_logical_cell,EXTRACTED_FROM
a4704314-4032-519d-8a77-8ba703b01bd9,lcell_84ec8df95d7e,annex_logical_cell,EXTRACTED_FROM
9dc18b99-5e5a-5a1c-b46e-548125e4f676,lcell_6dc77db6e14a,annex_logical_cell,EXTRACTED_FROM
a0f5b5f0-7933-5de4-9fe6-499bcce2d1ac,lcell_90b5d4d8dcc5,annex_logical_cell,EXTRACTED_FROM
2ccf9cb7-b494-5bed-8e8f-dd5495a1343c,lcell_a7feafa3b138,annex_logical_cell,EXTRACTED_FROM
8ba7db03-9e6d-5e8c-9662-049de1e7c94b,lcell_13d5c3fa4629,annex_logical_cell,EXTRACTED_FROM
de1fe7ae-cb34-5100-8306-42f6d4cbd6c2,lcell_389129ffb5c4,annex_logical_cell,EXTRACTED_FROM
c2c8cc64-cbe4-5272-9498-ea33ed5aca66,lcell_976fa9b722b7,annex_logical_cell,EXTRACTED_FROM
7a067f02-8eab-5547-80f6-56755a28ee3d,lcell_5266cfb92b91,annex_logical_cell,EXTRACTED_FROM
eb1ca2c4-16f2-5bcc-aff1-45a77a8d9890,lcell_f0ecb8e6462d,annex_logical_cell,EXTRACTED_FROM
43ecac46-d886-5f73-9886-ab746fa108b1,lcell_bf5462012b33,annex_logical_cell,EXTRACTED_FROM
5c86477a-9ed1-5562-a4d3-4165d2eb05ef,lcell_09a064ebd5fb,annex_logical_cell,EXTRACTED_FROM
399318ff-fa10-5aae-bb53-4527a0666890,lcell_ab6e5cc4b30a,annex_logical_cell,EXTRACTED_FROM
66ba30d2-5e95-5f65-877e-71a51dc4b73d,lcell_662a0494d3f5,annex_logical_cell,EXTRACTED_FROM
ba6e2b46-ee7e-55e5-a4b2-0ef340f0c986,lcell_70d595b09f71,annex_logical_cell,EXTRACTED_FROM
8ca71132-a576-5286-bb74-7a9f7633c98a,lcell_f525350c1381,annex_logical_cell,EXTRACTED_FROM
09e7800a-a5fc-55dd-aa13-69f46a8e6f41,lcell_50331cde2a08,annex_logical_cell,EXTRACTED_FROM
39734059-5136-5aa6-8eb3-64adf6611dcc,lcell_e88da733a3bd,annex_logical_cell,EXTRACTED_FROM
363b55a3-cc14-5694-9861-0180701260fe,lcell_8ccf5f5dd1ce,annex_logical_cell,EXTRACTED_FROM
749de566-af0c-5584-acfa-054cfb59009c,lcell_e4b6f8b0d996,annex_logical_cell,EXTRACTED_FROM
0338fb2b-4c43-5fe4-a34c-0f88ad708ad4,lcell_508a04cc2167,annex_logical_cell,EXTRACTED_FROM
4be9b026-d768-5bdd-a803-eb8f514d2254,lcell_29788da6520e,annex_logical_cell,EXTRACTED_FROM
7b97247c-a5ac-5e0c-94dc-e0c68f907ad8,lcell_ab2dba4a67ae,annex_logical_cell,EXTRACTED_FROM
7d9457a3-22bc-5add-aca9-f323e8b194d0,lcell_babb61a45337,annex_logical_cell,EXTRACTED_FROM
e1d96c79-50ac-54c4-8c3f-9447d350ba34,lcell_1c7e1cf3cbd6,annex_logical_cell,EXTRACTED_FROM
0e0fe578-1fc2-53fd-af38-aec6ca233196,lcell_c6e6c2ba02f5,annex_logical_cell,EXTRACTED_FROM
1b04a601-ad50-5ba3-b79c-63e7f559daaf,lcell_fc660252ab92,annex_logical_cell,EXTRACTED_FROM
05c384b3-788a-5a26-b72a-c053051372e3,lcell_d8c2b43ef86f,annex_logical_cell,EXTRACTED_FROM
912525c6-4e2b-51bf-88c6-b338e08d556d,lcell_88c9c211144c,annex_logical_cell,EXTRACTED_FROM
ece2c78a-8450-5b00-b560-bf7faff1c6d5,lcell_005b6717738b,annex_logical_cell,EXTRACTED_FROM
a0fe32da-641b-5868-868c-5a9fb0d5ade7,lcell_eaafbe5fd6f9,annex_logical_cell,EXTRACTED_FROM
dd2ac0eb-845b-596f-ba2a-db714d205b70,lcell_ade9f1b13135,annex_logical_cell,EXTRACTED_FROM
33e3435b-a357-58bf-97dc-08d605da6179,lcell_b20b1639f2c7,annex_logical_cell,EXTRACTED_FROM
49f26763-e836-586b-b738-1c599d210ebb,lcell_29c1b3194421,annex_logical_cell,EXTRACTED_FROM
f66de4af-0e5e-5b02-b6c1-e5c7bee5a51f,lcell_6bd947189fb2,annex_logical_cell,EXTRACTED_FROM
f3389413-2d70-55a9-a862-358d351d739c,lcell_3cbc4af96f7a,annex_logical_cell,EXTRACTED_FROM
afa3caf0-f540-5862-bb70-2323d015fdbf,lcell_77e8d99349bd,annex_logical_cell,EXTRACTED_FROM
49e82052-36fb-503e-8f64-932c57e774cb,lcell_2940391f5e13,annex_logical_cell,EXTRACTED_FROM
e3d8533b-341b-58e0-9eaa-72678df39ca0,lcell_c2f14fc6066c,annex_logical_cell,EXTRACTED_FROM
d8b6cad3-1085-55e8-bb46-e370fc66f96f,lcell_dc6a6ba639ca,annex_logical_cell,EXTRACTED_FROM
9da060a9-45a0-5db4-8e19-f106edd2498d,lcell_bbeeb7ae9565,annex_logical_cell,EXTRACTED_FROM
db1bf70d-c7d2-5ff2-8a08-ce7bb5eedf4a,lcell_8b17af0daad7,annex_logical_cell,EXTRACTED_FROM
038dfa45-b7ef-5a87-97d9-785526695565,lcell_8c59779a0891,annex_logical_cell,EXTRACTED_FROM
93623fca-6fb4-5f8b-a14f-388d10d60840,lcell_02760ef4cbdd,annex_logical_cell,EXTRACTED_FROM
17fa1a2c-fcef-5cd4-b425-616a821cf9b7,lcell_17d87eab86b6,annex_logical_cell,EXTRACTED_FROM
588878c4-63da-58fb-a8e2-60fb85cd1f3f,lcell_acabc669f179,annex_logical_cell,EXTRACTED_FROM
e979e6d3-7535-5830-837a-046d186635a6,lcell_4e05a6f0ddd1,annex_logical_cell,EXTRACTED_FROM
2482147a-4fd0-5834-8496-5ac7fab1e538,lcell_6ca10f1881fc,annex_logical_cell,EXTRACTED_FROM
d14e1e8b-4fef-5d14-b072-2ed633b8053f,lcell_7fdc59f170fe,annex_logical_cell,EXTRACTED_FROM
88328f7a-a5f2-56eb-825f-f53b74da05cc,lcell_a5d8fe4eccbc,annex_logical_cell,EXTRACTED_FROM
88e69757-b253-524a-9e9e-2c6cce3e77ef,lcell_4a63694ac61a,annex_logical_cell,EXTRACTED_FROM
f4942ab1-7589-5eaa-8845-233c7925cf26,lcell_66bb63bcea81,annex_logical_cell,EXTRACTED_FROM
580bcbc5-f8ff-55c6-9b7f-5ba48bdf2ca7,lcell_d1943bc835a1,annex_logical_cell,EXTRACTED_FROM
e1abcc5e-7f31-5be5-a450-2b44c67dfe43,lcell_c98f197550db,annex_logical_cell,EXTRACTED_FROM
fca87b55-7496-5534-a1cc-162a9d7de26e,lcell_19b03a7bd2cc,annex_logical_cell,EXTRACTED_FROM
b2d652fa-4f85-5cb2-a489-2f6f1c734a33,lcell_60d579e350d2,annex_logical_cell,EXTRACTED_FROM
d9e42d27-da30-5a60-be50-6d4cae6940ca,lcell_f515114cc356,annex_logical_cell,EXTRACTED_FROM
c72077a7-d773-5ffa-a3ce-011b1e249d85,lcell_517f46078958,annex_logical_cell,EXTRACTED_FROM
bf963957-e7dc-5910-ac39-21ae74e45893,lcell_d381b4260700,annex_logical_cell,EXTRACTED_FROM
90224b5e-cc21-555e-ac07-e16ad83337ea,lcell_788c4ab80941,annex_logical_cell,EXTRACTED_FROM
a3ee999d-4e90-55c3-bd68-6cc2ad3596cd,lcell_220476ec8b2b,annex_logical_cell,EXTRACTED_FROM
a7fdb174-f787-57e0-97d9-eeb95a26e3e4,lcell_e267b386ea12,annex_logical_cell,EXTRACTED_FROM
40ed1f9f-1f18-50b0-8dca-9bc5bf7512bd,lcell_cc0a982ff13c,annex_logical_cell,EXTRACTED_FROM
67111955-b4a0-555d-9c24-81e1e768deb9,lcell_4f6b6a6c65f3,annex_logical_cell,EXTRACTED_FROM
d1dc1295-a767-58cf-a401-ca9e5de422ee,lcell_9512b518d7f0,annex_logical_cell,EXTRACTED_FROM
6d3185c9-1ddb-563f-b27b-59f95b4ec6a2,lcell_6212c9357055,annex_logical_cell,EXTRACTED_FROM
bd5e0a40-9b3a-5d09-bcf6-e8b145cad1a3,lcell_2fdf381f8838,annex_logical_cell,EXTRACTED_FROM
8b2a9ad7-edc1-5070-8e5a-ca8a16256ec5,lcell_0acf06a2016d,annex_logical_cell,EXTRACTED_FROM
c86bbb51-aa39-53e6-baeb-1206d4e6ab81,lcell_3bfafda06e7e,annex_logical_cell,EXTRACTED_FROM
fbc094f4-d998-5f4e-b7f7-a2e3d6162b6b,lcell_5ccb56501b2f,annex_logical_cell,EXTRACTED_FROM
66faf691-4f9c-5f64-a8c4-5b435016b769,lcell_a942de521540,annex_logical_cell,EXTRACTED_FROM
a4559d36-088b-523b-bf96-e5fb9fdbecf1,lcell_b62a47fffcac,annex_logical_cell,EXTRACTED_FROM
f8b42bc4-6b37-53b2-bd9b-40e9d14e1b04,lcell_017de2ffc438,annex_logical_cell,EXTRACTED_FROM
a3d3d703-db47-5c1e-a5ba-c91d00c30798,lcell_903d8b3aa191,annex_logical_cell,EXTRACTED_FROM
e69be624-0075-59f9-8166-01bf4e19b163,lcell_431e6aaa0468,annex_logical_cell,EXTRACTED_FROM
d43b3744-d1b9-5fd5-8659-a878bae115ff,lcell_4a0ad25980f5,annex_logical_cell,EXTRACTED_FROM
ad5c1be0-6f47-507a-9483-d76cea8ab435,lcell_1aa26c22fa21,annex_logical_cell,EXTRACTED_FROM
f540bed8-e3a7-564b-91fe-9c066d55c077,lcell_cba3f4f718ab,annex_logical_cell,EXTRACTED_FROM
7a12fe8b-2b9e-5d22-b20f-7b9daf1be87c,lcell_512fd6dbc9cf,annex_logical_cell,EXTRACTED_FROM
a08775a8-25a7-5b08-a7f3-a42e7c20817e,lcell_2bca76b728a9,annex_logical_cell,EXTRACTED_FROM
711a7835-dd8c-5fff-87fe-b51a768746a2,lcell_bc158d683476,annex_logical_cell,EXTRACTED_FROM
37896b35-0c1f-5597-90ac-8af6780cafa7,lcell_c3ec4efba535,annex_logical_cell,EXTRACTED_FROM
cc06b2ba-8b94-5689-82a5-d8155384ac32,lcell_ee8958c37ea9,annex_logical_cell,EXTRACTED_FROM
f7de3afc-9250-5c6d-82b2-2b200334e0ea,lcell_2d0ec78ac13b,annex_logical_cell,EXTRACTED_FROM
c4ba0aa2-e13a-5927-9e4a-da17f7cc2657,lcell_1959aeda9762,annex_logical_cell,EXTRACTED_FROM
180141e8-b252-5b0e-be00-857ff5edf35f,lcell_79fc09930228,annex_logical_cell,EXTRACTED_FROM
48c07a40-0d59-5d90-b0ae-89fcff3b91a3,lcell_e219bf75a84e,annex_logical_cell,EXTRACTED_FROM
821775ca-ad33-5ada-a58e-3a2262b3ec0c,lcell_3019e5ed9fa0,annex_logical_cell,EXTRACTED_FROM
1c475f30-eefc-5ab2-99f3-dd0da0cd84dc,lcell_e3480fdeba43,annex_logical_cell,EXTRACTED_FROM
547a1fab-cf3d-51f0-9090-c6cca0c95a06,lcell_15efdcf9e91e,annex_logical_cell,EXTRACTED_FROM
2f43a319-8afc-52dc-99fc-b06075348c4c,lcell_6df13bce42e9,annex_logical_cell,EXTRACTED_FROM
3d42db73-6711-5c3f-8a43-76aa992682ee,lcell_baca110b0359,annex_logical_cell,EXTRACTED_FROM
dc9cfc78-3884-54e5-ac5d-4fe53b6edd00,lcell_20d76ad4960c,annex_logical_cell,EXTRACTED_FROM
a6819a56-a6e4-5da0-8958-160f84131c61,lcell_3f2faf4cd345,annex_logical_cell,EXTRACTED_FROM
36cc9d93-08e2-587e-bc40-0fdd90c42a19,lcell_f93839a8040e,annex_logical_cell,EXTRACTED_FROM
c0256f13-9e2b-50c8-aef3-c2a8747a1e8b,lcell_8770847b2013,annex_logical_cell,EXTRACTED_FROM
e1943305-93d2-53a0-b162-6f91a6e87bcd,lcell_7fb61ec83cdc,annex_logical_cell,EXTRACTED_FROM
b20210e0-af89-5a14-a26a-23d13ab73fcd,lcell_502c610c7b28,annex_logical_cell,EXTRACTED_FROM
819d1fa3-f021-5fc6-87aa-8e5eaeeec380,lcell_4aeac5c710ee,annex_logical_cell,EXTRACTED_FROM
173a0fa9-f146-5e64-a163-a7f4c142e36a,lcell_64540aa5a41a,annex_logical_cell,EXTRACTED_FROM
ef026282-96be-5ce2-948c-c5dfb92c2da6,lcell_be3b39fda0b8,annex_logical_cell,EXTRACTED_FROM
3fb727ed-1bb5-5a04-adb7-5844a1815aa3,lcell_9e3744cbc94c,annex_logical_cell,EXTRACTED_FROM
a7bd4674-1ff2-53c2-9cd7-6e57bb07a475,lcell_44abc0f711cd,annex_logical_cell,EXTRACTED_FROM
8a6428f3-afac-53ad-9c71-5c35823d5512,lcell_c79ccb1c9c2e,annex_logical_cell,EXTRACTED_FROM
2c50e679-c417-53c8-bf69-05e22085a8e5,lcell_111e46e2dcd4,annex_logical_cell,EXTRACTED_FROM
c68dcf97-680a-5a9c-ab47-f649cbfd1e0f,lcell_e8deee746b2f,annex_logical_cell,EXTRACTED_FROM
f25d6781-aeed-5a83-a0a0-24cb49a0eb6b,lcell_4260e15b0be0,annex_logical_cell,EXTRACTED_FROM
2314243b-7783-50c6-9138-8e785bdc6ffb,lcell_773da9aaa4f5,annex_logical_cell,EXTRACTED_FROM
fc247164-0e3b-5bde-9d84-4f55bedaf193,lcell_f02f58ce405d,annex_logical_cell,EXTRACTED_FROM
07600619-0210-510d-960b-6d7bff6800aa,lcell_95b2d4caa12f,annex_logical_cell,EXTRACTED_FROM
9dc118f7-0df3-516c-a3ab-67b71581bf56,lcell_f955b4a2616d,annex_logical_cell,EXTRACTED_FROM
40081cf1-9e7a-5b0e-9e6f-a4ae9e451c6c,lcell_8d163629fd9b,annex_logical_cell,EXTRACTED_FROM
feb24be5-4659-5164-b3e9-31ed0723b68a,lcell_68dcfd4d79e1,annex_logical_cell,EXTRACTED_FROM
cff86317-5828-579e-9c08-43a82719c23e,lcell_ed8665a1dc61,annex_logical_cell,EXTRACTED_FROM
f858ccd4-5c16-54e8-bb6b-f32fd555a481,lcell_e6935d747c2e,annex_logical_cell,EXTRACTED_FROM
fdf9d804-00f3-506c-961b-270dccfa3219,lcell_c022857e10bc,annex_logical_cell,EXTRACTED_FROM
5a35692b-139f-510d-a2fc-1b7ef0299b6a,lcell_13ce316571b2,annex_logical_cell,EXTRACTED_FROM
98782bd1-9d80-5180-afdb-ed3aef7bad96,lcell_6230978751c1,annex_logical_cell,EXTRACTED_FROM
0dfad0d2-1566-5428-8c07-a04e0f0bc4bf,lcell_41ab76748e0a,annex_logical_cell,EXTRACTED_FROM
77751b78-2e97-575d-959c-53927400fcd0,lcell_64ca24e28b16,annex_logical_cell,EXTRACTED_FROM
19b07dd4-73be-555a-acdb-e1bf09b136c7,lcell_794b017fe7c4,annex_logical_cell,EXTRACTED_FROM
e28bdb6a-a903-5c41-bcf5-b927cada87ad,lcell_d737fdbffb05,annex_logical_cell,EXTRACTED_FROM
b93f24bc-73f1-5fa0-9437-c708f8cb4c9e,lcell_e92777a7228f,annex_logical_cell,EXTRACTED_FROM
79d49fab-fc65-5a59-9b90-23299e401326,lcell_885b5d2a2410,annex_logical_cell,EXTRACTED_FROM
058d0de8-1c4c-5d3e-9796-de78beb60b79,lcell_3bc00b0b77f4,annex_logical_cell,EXTRACTED_FROM
27f5ba57-0788-57b3-947b-38e4ebbd947a,lcell_53a0e03cce94,annex_logical_cell,EXTRACTED_FROM
b8176225-f388-52cb-974f-c23791b83a64,lcell_9960a858eee8,annex_logical_cell,EXTRACTED_FROM
208d15ed-a612-5439-903b-25638668011d,lcell_5b6602097cb7,annex_logical_cell,EXTRACTED_FROM
8c55f8b7-b884-59e9-88ca-ea861cf2d469,lcell_7a04eea8e5c2,annex_logical_cell,EXTRACTED_FROM
3a9360ba-b107-5653-a89d-942c4efc0590,lcell_2d01a65920b9,annex_logical_cell,EXTRACTED_FROM
a96160bd-48a8-598b-ba84-5926fd5b7f0a,lcell_80106196e06a,annex_logical_cell,EXTRACTED_FROM
6e3404e9-5c8d-56ea-b858-5fb16d2c8087,lcell_901d99115e8a,annex_logical_cell,EXTRACTED_FROM
8783cd68-a4ac-5d65-8a50-611a735f46f4,lcell_a55695f906fd,annex_logical_cell,EXTRACTED_FROM
0ce9f122-7143-5577-a468-0e7e03bb8b9d,lcell_47119471e4ca,annex_logical_cell,EXTRACTED_FROM
5a28c90b-db2b-5658-b016-5ed0807b2628,lcell_d0164ea3e26f,annex_logical_cell,EXTRACTED_FROM
43ab14dd-0248-5108-8b3b-ad662fdafd00,lcell_84cf99d91b06,annex_logical_cell,EXTRACTED_FROM
19cdbd78-2b25-5f90-ab3e-b01224533fd9,lcell_f28cf9f603e5,annex_logical_cell,EXTRACTED_FROM
148fff76-a473-50fb-a007-915cee19e683,lcell_60e4216d484f,annex_logical_cell,EXTRACTED_FROM
edb49bee-f13d-5549-bf33-05e3d2af499f,lcell_e523179e411f,annex_logical_cell,EXTRACTED_FROM
bf867622-d4d7-5b10-a862-4d4061686269,lcell_78e3d4cf3ba2,annex_logical_cell,EXTRACTED_FROM
47c92ae1-c2cd-55c8-977a-3e558814d8cc,lcell_356a45b5b831,annex_logical_cell,EXTRACTED_FROM
e1e184f5-097d-553a-a366-3701a957152e,lcell_0e353cc42843,annex_logical_cell,EXTRACTED_FROM
93191e75-5506-5caf-9b9b-9639e24498c3,lcell_a46461caabaf,annex_logical_cell,EXTRACTED_FROM
771cd5e0-0e5d-5380-80b8-2e6ffe1f5121,lcell_f9dde7546a4a,annex_logical_cell,EXTRACTED_FROM
9da7f70a-9fce-5b34-99c3-7f20b1e0ff3c,lcell_bc5ea42949c8,annex_logical_cell,EXTRACTED_FROM
c60916be-1748-5ff8-adff-5b586ff24b0b,lcell_0c36c125838a,annex_logical_cell,EXTRACTED_FROM
80cf2da8-b606-5d95-8fc2-827cd18a85d5,lcell_302c80fed063,annex_logical_cell,EXTRACTED_FROM
0e673c56-6743-5a6d-8593-6847c12d47a7,lcell_474c2bb8a2cb,annex_logical_cell,EXTRACTED_FROM
935a7025-834c-57ec-8abe-ff8e00e49853,lcell_c6097273a6db,annex_logical_cell,EXTRACTED_FROM
5d98d6f6-0eda-5752-9317-5bc6c01c2f01,lcell_f5be3424a20d,annex_logical_cell,EXTRACTED_FROM
d3b43f60-8d19-56e4-abe0-5ebe70950c15,lcell_45ab8d0d49c0,annex_logical_cell,EXTRACTED_FROM
66bd1f40-1e95-5641-99c3-f124f50daba1,lcell_8f63585c4f3a,annex_logical_cell,EXTRACTED_FROM
c2790e26-8dcd-59fa-847f-680294270b75,lcell_9f6a68806c50,annex_logical_cell,EXTRACTED_FROM
787186dd-866d-51c4-a00c-7ad77eb6cbfe,lcell_5d98647089e8,annex_logical_cell,EXTRACTED_FROM
4411b868-f23c-5402-b9a6-68ea24c2bf86,lcell_b34220ccad5f,annex_logical_cell,EXTRACTED_FROM
555bca05-e1d2-55aa-8b40-ce1fa08f602c,lcell_f44d900399ce,annex_logical_cell,EXTRACTED_FROM
6fa01c62-d8a1-5681-b632-f757838fa5c0,lcell_c65dac20af08,annex_logical_cell,EXTRACTED_FROM
dad8fc53-9fbb-5ba7-9589-792ee2495098,lcell_17ce265f21e5,annex_logical_cell,EXTRACTED_FROM
0ce011d6-684c-5a88-927d-4f6b5ad2972b,lcell_449bfa3cced2,annex_logical_cell,EXTRACTED_FROM
3833c1d1-714c-515a-be49-16e12e9ee0fe,lcell_75d509ccae1e,annex_logical_cell,EXTRACTED_FROM
47198370-2e1c-5a25-b4df-6e6f7301645f,lcell_3dd71e734d4e,annex_logical_cell,EXTRACTED_FROM
fbc9cd65-7f5c-516c-9810-7c7f6dabffc8,lcell_24724aa307b9,annex_logical_cell,EXTRACTED_FROM
1b9caf30-131b-51af-bfc6-165d629a9a8d,lcell_340d5006e853,annex_logical_cell,EXTRACTED_FROM
67d418fe-35a5-543f-bae4-271760a6fb21,lcell_54fe1a97511b,annex_logical_cell,EXTRACTED_FROM
b2ec183e-15ed-5800-a054-98439f9e4f20,lcell_fc0f53947208,annex_logical_cell,EXTRACTED_FROM
ad46b676-662c-5472-9e9f-8cf839717997,lcell_68ec93aa7183,annex_logical_cell,EXTRACTED_FROM
e383392b-3089-52b7-8155-b25d7423e268,lcell_11af22c915f0,annex_logical_cell,EXTRACTED_FROM
efaf437b-37ca-5064-8ecc-e843683d94da,lcell_6289cbac4025,annex_logical_cell,EXTRACTED_FROM
c4284a67-0766-567e-92fe-82e128504675,lcell_961fa612d09b,annex_logical_cell,EXTRACTED_FROM
86dfa0c5-fdfe-58d1-b774-1071dc5bfe08,lcell_c2b68c46337d,annex_logical_cell,EXTRACTED_FROM
8a7e6f17-f14d-5598-bc31-4ed58cd11ecf,lcell_75d69a2a3668,annex_logical_cell,EXTRACTED_FROM
f29bfd7a-dde9-5b1d-aec6-3f42d88323c9,lcell_41165c56e873,annex_logical_cell,EXTRACTED_FROM
6a5673ac-eb8d-52b7-8360-0cd98f9c622c,lcell_18bfb05393c7,annex_logical_cell,EXTRACTED_FROM
6d8a296a-dae8-5b1c-9426-8212e75bc906,lcell_4047e152c518,annex_logical_cell,EXTRACTED_FROM
e6d84951-7260-5cf9-a79a-6a38bf3c8813,lcell_10b7c36cbe47,annex_logical_cell,EXTRACTED_FROM
83a08bfe-8200-5f13-9613-b975e65c50ba,lcell_37cc3f5cd943,annex_logical_cell,EXTRACTED_FROM
d317b6b8-e4f2-5d67-97eb-247fe33483b7,lcell_a81294f1b254,annex_logical_cell,EXTRACTED_FROM
207a356f-b028-5a49-80fd-19b7282c35fa,lcell_9c557d4eda65,annex_logical_cell,EXTRACTED_FROM
f511d3ce-4d4e-5309-b3b2-c34486eb0bc0,lcell_8f790f6dc907,annex_logical_cell,EXTRACTED_FROM
f45e7cfe-d832-5b59-9a03-3644a7f4042d,lcell_07bb0735fca5,annex_logical_cell,EXTRACTED_FROM
26b300f2-da51-50ef-add0-2dcc95d3f9ad,lcell_74e004a49d7d,annex_logical_cell,EXTRACTED_FROM
34d2cd17-53ba-5064-add0-2bb6d0234e10,lcell_7618a946f1c2,annex_logical_cell,EXTRACTED_FROM
e6d904bf-f172-5e8b-ae51-88f6f1f6d498,lcell_9791f76c0221,annex_logical_cell,EXTRACTED_FROM
a961cedc-7dcc-5b5a-8c84-d7165aa162fb,lcell_bf14569636c5,annex_logical_cell,EXTRACTED_FROM
86af8b95-010a-50e8-aa7f-4e0ebf02693e,lcell_c3424b15b4ab,annex_logical_cell,EXTRACTED_FROM
c7186df0-0150-5186-83af-9920106322d7,lcell_05b6b1441ce3,annex_logical_cell,EXTRACTED_FROM
dc2e9c89-c03c-5286-80f6-c61c08e29fd2,lcell_6b8129d6c260,annex_logical_cell,EXTRACTED_FROM
7019ee28-990f-50fd-9d10-ef5e6cc9bc43,lcell_073c386dd5df,annex_logical_cell,EXTRACTED_FROM
d59b9283-92f5-5668-bf61-b071653cf234,lcell_98817164725e,annex_logical_cell,EXTRACTED_FROM
7dae6e7a-2835-56d8-8b7a-299a6d35a534,lcell_c82093fdfcaf,annex_logical_cell,EXTRACTED_FROM
f734b2c8-4d87-587d-82d5-aa1cd6d8c3b5,lcell_d490ca0d6b4c,annex_logical_cell,EXTRACTED_FROM
a230f573-6584-581b-9c23-228da8db29c8,lcell_d70e891e9da7,annex_logical_cell,EXTRACTED_FROM
05eeee0e-7bc8-59af-93d0-b1db272ffa3c,lcell_273b87af56c8,annex_logical_cell,EXTRACTED_FROM
3eb6eac1-e924-5da4-b730-295a345529c4,lcell_e7da581d8bf1,annex_logical_cell,EXTRACTED_FROM
f896b0fa-cb36-5af1-b1b9-464670f68e94,lcell_cebe8411768f,annex_logical_cell,EXTRACTED_FROM
b2bd998b-0347-568f-9cc8-33e4c26561d3,lcell_258367654372,annex_logical_cell,EXTRACTED_FROM
55c7c864-082b-5a95-a527-a1db3740932f,lcell_a1da8558fba0,annex_logical_cell,EXTRACTED_FROM
302f8023-edbe-516f-80c3-6f14659ebb81,lcell_db79e9f8abfc,annex_logical_cell,EXTRACTED_FROM
4969d038-443b-5fac-8a91-8cea60123c88,lcell_6e38d9c88ddf,annex_logical_cell,EXTRACTED_FROM
70f72150-67f0-5661-8ae4-fdeb09492f19,lcell_11c4a0db1b09,annex_logical_cell,EXTRACTED_FROM
75faa276-fa01-5ad9-a97e-fda969077e85,lcell_6ef01aa7a5cb,annex_logical_cell,EXTRACTED_FROM
a792e879-f4ae-58e2-b204-06dd85ee10cb,lcell_3ddb07862bdc,annex_logical_cell,EXTRACTED_FROM
282a9f20-6674-5a9c-9045-373bf10ef931,lcell_a849bafa470c,annex_logical_cell,EXTRACTED_FROM
bc47d82e-72d4-5935-8e9d-ea33b4719ade,lcell_eea3b5a5239d,annex_logical_cell,EXTRACTED_FROM
6c03c746-ad2f-5893-a8d7-8e9b0bafe569,lcell_bac50548ca7a,annex_logical_cell,EXTRACTED_FROM
2e4104f5-d32f-5890-a458-5773eba08c01,lcell_1d8cfeb639fd,annex_logical_cell,EXTRACTED_FROM
d4356b79-8e66-5126-ba1b-86bc76cb03c4,lcell_aedfe2cf81b4,annex_logical_cell,EXTRACTED_FROM
a0facf1f-02ef-5a16-86a3-f8b6e006f7ff,lcell_1e755cd65acb,annex_logical_cell,EXTRACTED_FROM
e7593356-ed74-5579-b564-049d55ac6f28,lcell_78d5f2bea857,annex_logical_cell,EXTRACTED_FROM
2da72662-f358-5c04-a134-b5f6db8237e0,lcell_271c4c5eb754,annex_logical_cell,EXTRACTED_FROM
dcd3916c-034b-5240-8b64-50e0ced251e8,lcell_ce39434eac16,annex_logical_cell,EXTRACTED_FROM
c9c6b8a5-9df9-5405-a217-3deec0b0c94c,lcell_026bd0440785,annex_logical_cell,EXTRACTED_FROM
6d5a9aca-0bd7-5468-b09e-fdea3a6ceba6,lcell_91a66c3f8ad8,annex_logical_cell,EXTRACTED_FROM
3d5a1c53-ae49-55ec-a31c-573320a083da,lcell_87fbb50096fe,annex_logical_cell,EXTRACTED_FROM
cba5e116-e482-54ba-a09d-731ec770be48,lcell_641ae08358b6,annex_logical_cell,EXTRACTED_FROM
5611b253-b71a-5c0b-a5fa-d985ffb68662,lcell_e1e3788d52b5,annex_logical_cell,EXTRACTED_FROM
ae252423-f4db-540a-80b4-92a72c032da2,lcell_face827a6a3c,annex_logical_cell,EXTRACTED_FROM
1e78cde9-78ce-56cc-912e-776ddfaf9fd7,lcell_81ea01d92c1b,annex_logical_cell,EXTRACTED_FROM
4b146491-8ada-51d0-94c6-f451849762d4,lcell_c95dc2897867,annex_logical_cell,EXTRACTED_FROM
d8ae050f-e1af-55c0-a948-24fbdf0d16f6,lcell_0892965c6062,annex_logical_cell,EXTRACTED_FROM
76578d0f-832d-5848-864a-20fbd0708803,lcell_eaf7278650b7,annex_logical_cell,EXTRACTED_FROM
793bf1af-8512-50b0-9657-a4e7be1804f5,lcell_e2d5b04ff380,annex_logical_cell,EXTRACTED_FROM
c1125e3d-5153-50e7-9e49-15f4f556c405,lcell_59209a813c85,annex_logical_cell,EXTRACTED_FROM
0f11d319-55d7-5b25-9dc0-d68b7167c2ad,lcell_f69c80d71db3,annex_logical_cell,EXTRACTED_FROM
a58d4392-2165-59a3-9e6e-2104e7c5e645,lcell_8c282cfe80db,annex_logical_cell,EXTRACTED_FROM
211cc52a-5d5b-51ce-8681-0a3de61c70e3,lcell_b5785c93c5ec,annex_logical_cell,EXTRACTED_FROM
424feae4-af3b-5b5c-95bb-71d303d1348e,lcell_0e8257d20ac5,annex_logical_cell,EXTRACTED_FROM
58447409-ce3d-5809-b6cc-cf209376bb1c,lcell_fb302f0406f6,annex_logical_cell,EXTRACTED_FROM
fb81443a-7bac-5bbd-8812-3158a975b9bc,lcell_d717ae25c256,annex_logical_cell,EXTRACTED_FROM
fbbc95f4-fc76-5f54-ac87-02dad824c7d8,lcell_260ebeac6941,annex_logical_cell,EXTRACTED_FROM
9f8245fb-f739-5db0-bcde-be9604c9e70a,lcell_d11ce7ad8abd,annex_logical_cell,EXTRACTED_FROM
5da48a70-12b5-5ed3-a420-b4f1ba5acc7f,lcell_364d8d5197d8,annex_logical_cell,EXTRACTED_FROM
4d74b95a-b6c2-5053-8e04-9a2c7c9a07d5,lcell_70d2bbc4befd,annex_logical_cell,EXTRACTED_FROM
a96335e9-1add-5c51-9add-f08e763c3863,lcell_185fa9545dda,annex_logical_cell,EXTRACTED_FROM
d1ff0b31-2e89-553c-9204-a1d3e4477d12,lcell_ce7e7130248d,annex_logical_cell,EXTRACTED_FROM
375b8a30-55c4-5569-a7e3-a05f9ea7c39b,lcell_4623d49283f7,annex_logical_cell,EXTRACTED_FROM
4c4c51ca-6f3a-5242-b55c-e9de140068b1,lcell_3c15bb6d6f99,annex_logical_cell,EXTRACTED_FROM
8be6fcec-4bfe-5ef2-8daf-6143afd70cae,lcell_ca554478b78f,annex_logical_cell,EXTRACTED_FROM
ef9a34fb-9806-55de-b043-362ddb6c2c7e,lcell_de1d4dd5110d,annex_logical_cell,EXTRACTED_FROM
9ee72961-c4ed-566e-b72c-2d26a9ab3676,lcell_6c120ee7c59a,annex_logical_cell,EXTRACTED_FROM
fb76856d-c4cb-5ef1-94e5-41c8d02440b3,lcell_4b1ebc82c5d0,annex_logical_cell,EXTRACTED_FROM
964afbd2-eb09-514f-a952-213daef3b51f,lcell_1f77e192e7cd,annex_logical_cell,EXTRACTED_FROM
10717946-9586-57dc-9238-f672d892c2bc,lcell_4bdf17cf06b1,annex_logical_cell,EXTRACTED_FROM
a280338f-fe86-58ef-8eda-1d6cb7867baa,lcell_3b1b922be0b8,annex_logical_cell,EXTRACTED_FROM
236145e8-ce09-599d-b4ad-fdec2f929cdd,lcell_f7622bc96c76,annex_logical_cell,EXTRACTED_FROM
1a263e87-95bb-5bc0-a7d8-7402efffd237,lcell_90be125c73cf,annex_logical_cell,EXTRACTED_FROM
4b10b5e2-490b-53ff-aaa9-b631d50d124c,lcell_4e9a463fcbe9,annex_logical_cell,EXTRACTED_FROM
8c122681-b51a-5993-82b9-23a884ee15b9,lcell_88845358bfd0,annex_logical_cell,EXTRACTED_FROM
71e4edd0-3ae2-5ee7-8f7f-c2e3078735ed,lcell_8b3c459c5b63,annex_logical_cell,EXTRACTED_FROM
63c03c70-a1b5-5b53-8818-fb0250398a87,lcell_5def9c7dc240,annex_logical_cell,EXTRACTED_FROM
54030299-669b-5fc2-b326-6f9188bd8742,lcell_bf4f1f791ae8,annex_logical_cell,EXTRACTED_FROM
ab4a94ad-0f36-5f58-88d9-185d8669ac96,lcell_07acb098abc9,annex_logical_cell,EXTRACTED_FROM
0aae43f5-e1f5-55af-b969-7b684179cb3a,lcell_6d59d542d7db,annex_logical_cell,EXTRACTED_FROM
2ddd2e5c-69d4-58f4-989e-2a281a4290c3,lcell_d6389b20a2e0,annex_logical_cell,EXTRACTED_FROM
3f4fdf5f-74c1-5a29-8df0-f5d096cb284b,lcell_541c723019e0,annex_logical_cell,EXTRACTED_FROM
4398c61d-6b48-5990-801e-b49a61279112,lcell_94c640bfe121,annex_logical_cell,EXTRACTED_FROM
0853af0e-e041-500c-ab9c-546a8b96fcb9,lcell_85e970443153,annex_logical_cell,EXTRACTED_FROM
b813f54c-69ba-579e-849e-ee10918cc0ab,lcell_2974e3968949,annex_logical_cell,EXTRACTED_FROM
a39d90a5-10af-5d54-a8fc-e8015cb4f867,lcell_32afcbdf3aa3,annex_logical_cell,EXTRACTED_FROM
224d1579-f5bf-5aae-94db-5c13bddca61c,lcell_68200f5acb3d,annex_logical_cell,EXTRACTED_FROM
eeb5df4b-b9d4-537c-b0f4-c36830c364d6,lcell_38d663b546d3,annex_logical_cell,EXTRACTED_FROM
62ca7942-1a25-5a58-8a83-ce1958c2cbc8,lcell_b06cca1f2cea,annex_logical_cell,EXTRACTED_FROM
6e5b44d9-8315-5725-a3ef-3f2ec37c2836,lcell_5c3954252fb7,annex_logical_cell,EXTRACTED_FROM
04c8c1e1-9915-5022-a117-4db520ccc3fd,lcell_5bb68868e7e0,annex_logical_cell,EXTRACTED_FROM
7b5be873-f66d-5fd1-a534-bad756e92105,lcell_a637161bc36b,annex_logical_cell,EXTRACTED_FROM
01d87b02-431a-5f24-a799-749f7ac49a5f,lcell_466cc028a70c,annex_logical_cell,EXTRACTED_FROM
cb24d258-fe29-5092-b100-0fd8d66a376f,lcell_f31e3ff27e42,annex_logical_cell,EXTRACTED_FROM
2e028963-4f59-5d4a-bccb-3b8432683ed7,lcell_343dc697e417,annex_logical_cell,EXTRACTED_FROM
d060bd61-49dc-5322-a22b-0bee664c6182,lcell_03e8083750bc,annex_logical_cell,EXTRACTED_FROM
1e27d1d5-23c0-599d-bafd-9c7a3333b073,lcell_bd418792ca1a,annex_logical_cell,EXTRACTED_FROM
f3d9c2cd-278d-564a-a05c-8ee479e3ec7f,lcell_7b10dac6aaee,annex_logical_cell,EXTRACTED_FROM
9c2d4763-6f88-5988-856f-d79742132116,lcell_34f2c8b8e5d0,annex_logical_cell,EXTRACTED_FROM
460404d4-47d6-5b4b-a01a-7a3a50166192,lcell_ae63792e8556,annex_logical_cell,EXTRACTED_FROM
f9905b35-40d2-5d47-8194-0981b14098b8,lcell_bf4346198c18,annex_logical_cell,EXTRACTED_FROM
1a71defd-d919-5542-8c77-cf6a18edf70a,lcell_ce06ccfffd57,annex_logical_cell,EXTRACTED_FROM
f9c24322-36d1-5194-a8be-a38a1c78b7ca,lcell_243e8932c70e,annex_logical_cell,EXTRACTED_FROM
83886b8d-c390-5c84-ad1f-7b2898e48d5f,lcell_9473cbd36655,annex_logical_cell,EXTRACTED_FROM
308cef68-c982-5491-8e38-401dc6f86ee4,lcell_249d321df560,annex_logical_cell,EXTRACTED_FROM
c20ec2ea-d203-5b28-b379-6568f15d535e,lcell_b268829bf0d1,annex_logical_cell,EXTRACTED_FROM
b24a6d1e-3357-59cc-90ec-fec2fb49e227,lcell_563229cd86d9,annex_logical_cell,EXTRACTED_FROM
2c83e397-f74d-5ce9-aca3-991e1f9a989f,lcell_3d0e5c5b8d5e,annex_logical_cell,EXTRACTED_FROM
2224a3d6-b900-516c-94cd-c875f214bd38,lcell_bba00e845241,annex_logical_cell,EXTRACTED_FROM
d22d1aaf-ab94-5ffb-8001-dcfe327bdb5c,lcell_8ca3d184d35b,annex_logical_cell,EXTRACTED_FROM
47427a4d-fc08-5af6-9532-8a6b602b510c,lcell_62f4b8641cfb,annex_logical_cell,EXTRACTED_FROM
0bce8b33-17b7-5bd2-95ae-d7d2b082409b,lcell_4a978c778dbf,annex_logical_cell,EXTRACTED_FROM
7c385b19-cbd0-50d2-8594-65abd9b596ff,lcell_185352cd8d9b,annex_logical_cell,EXTRACTED_FROM
06554e23-2906-5734-96d6-fdae526a978b,lcell_a94f2a5cde7e,annex_logical_cell,EXTRACTED_FROM
c1c706c7-0765-503b-8bc9-6d8d559c6702,lcell_7c8c3c44dc2e,annex_logical_cell,EXTRACTED_FROM
38f8bbc3-3946-5e9d-9611-79537dabd183,lcell_b81ca59410c7,annex_logical_cell,EXTRACTED_FROM
2954367b-9209-55b2-855f-71daa3dc2356,lcell_a24d3770e19b,annex_logical_cell,EXTRACTED_FROM
7c418e36-cc6b-5a79-a279-a10745e9dbd7,lcell_9af5a99ce50f,annex_logical_cell,EXTRACTED_FROM
6ccec529-6890-55d1-b4c0-982bf1b0860f,lcell_1eb02f1440bb,annex_logical_cell,EXTRACTED_FROM
ebcf8811-73be-52ac-88e2-54b1df3760ed,lcell_a8f3bb130f56,annex_logical_cell,EXTRACTED_FROM
18216dec-dc6f-5101-963c-992b80d40700,lcell_5df8edaced78,annex_logical_cell,EXTRACTED_FROM
d6e8ace1-4e5b-53d2-9eff-38653655c220,lcell_482ec7261067,annex_logical_cell,EXTRACTED_FROM
ffed9e0a-18b9-5c77-beb4-bb4c2a73514a,lcell_95f485f8ec3a,annex_logical_cell,EXTRACTED_FROM
5a85a043-778f-596a-86bb-9300a086ce93,lcell_f4db3a5d3dee,annex_logical_cell,EXTRACTED_FROM
6ec9f675-1f4d-586d-a36a-eb20e8f14435,lcell_df0665606047,annex_logical_cell,EXTRACTED_FROM
c0b24431-3001-57bd-954b-7b0cedd929d8,lcell_87dcc5b7f97c,annex_logical_cell,EXTRACTED_FROM
da235155-2b9c-5e6d-804d-ba1ddf7bf56e,lcell_0af093722e68,annex_logical_cell,EXTRACTED_FROM
9d56b5dd-e64b-589a-9646-d066e458cd39,lcell_8a894f03e66e,annex_logical_cell,EXTRACTED_FROM
ec8d4292-a06d-5553-8b9f-c47f1e95c88b,lcell_ba1520405f73,annex_logical_cell,EXTRACTED_FROM
0bce6e0a-1a5d-5ebd-b13a-6817e08cd46c,lcell_6a90f09da74d,annex_logical_cell,EXTRACTED_FROM
af824ccd-a169-55e7-868e-44814f18110e,lcell_1cb4786a4dd0,annex_logical_cell,EXTRACTED_FROM
36075e52-978c-5b08-bdb1-581a5306f943,lcell_17f95c0ab46f,annex_logical_cell,EXTRACTED_FROM
0a04be56-353e-5fae-8987-88802665620f,lcell_551911c204f6,annex_logical_cell,EXTRACTED_FROM
8d058696-fb9b-52f0-9262-55f28cc2fe29,lcell_6476211f8805,annex_logical_cell,EXTRACTED_FROM
94429770-5bb6-5b28-92eb-7ee8fbe6e975,lcell_6e9b0c2266fd,annex_logical_cell,EXTRACTED_FROM
8c12f54d-524c-5223-8d98-f5f3773d2d80,lcell_f8b9827200b1,annex_logical_cell,EXTRACTED_FROM
69af3fac-27b7-53cd-bcf1-42536ccfa3af,lcell_d346e2ed40ff,annex_logical_cell,EXTRACTED_FROM
bf56a199-59b5-502a-80a3-8dd2c0e2f8f5,lcell_537c997187cc,annex_logical_cell,EXTRACTED_FROM
b3824fda-4e72-5ed6-a3e3-6be781abed57,lcell_00374df2aee7,annex_logical_cell,EXTRACTED_FROM
5a7c970c-2f81-5607-9605-25673dc3b335,lcell_1c1989e61262,annex_logical_cell,EXTRACTED_FROM
ae03ffa2-481f-5bf9-8930-c77199c9a1ab,lcell_5f2bf42fe363,annex_logical_cell,EXTRACTED_FROM
78920dfa-3a32-593c-ac6e-ef9da188b9a9,lcell_1024794f1418,annex_logical_cell,EXTRACTED_FROM
8f528e65-a08f-5fae-a7c1-853d89685689,lcell_27942b6b3d06,annex_logical_cell,EXTRACTED_FROM
90c2e309-9883-5004-8e9f-a5d8dc7240ec,lcell_4ce0c62a3659,annex_logical_cell,EXTRACTED_FROM
4fc8db5e-407c-5558-bd5a-f03ea3438443,lcell_b328c4cf718f,annex_logical_cell,EXTRACTED_FROM
7c6f495d-5127-53cf-b8b3-e480af2888b5,lcell_1bcf4bc5d34a,annex_logical_cell,EXTRACTED_FROM
fcb079c6-b9a0-5601-909b-126c73e0af3a,lcell_7b31e115cae2,annex_logical_cell,EXTRACTED_FROM
1f14e9af-02e3-5db5-96d3-dc60ebbf1cdc,lcell_b1c34a0c8c3b,annex_logical_cell,EXTRACTED_FROM
4e8c45c3-2f1a-522a-8e37-16685eadae96,lcell_9a85d2a3d727,annex_logical_cell,EXTRACTED_FROM
ed0942b4-5216-53ef-841b-3a8e3a38a5fb,lcell_001260e2ed90,annex_logical_cell,EXTRACTED_FROM
a4b9f30c-347d-5284-b15d-f98b227d7c85,lcell_cfbd3afb92c7,annex_logical_cell,EXTRACTED_FROM
2199c4fb-5cef-56b8-95a1-558f08295d98,lcell_420957004ec6,annex_logical_cell,EXTRACTED_FROM
b9c688f0-0a2c-53f0-b6ab-cb67b53e5a0c,lcell_2dcda3b0718c,annex_logical_cell,EXTRACTED_FROM
5d6bb9f5-4627-5d1b-8573-19ee76a2ceec,lcell_f91de6466b68,annex_logical_cell,EXTRACTED_FROM
29de941f-64a6-529d-ba22-33921d251c33,lcell_6920fcd052bb,annex_logical_cell,EXTRACTED_FROM
3f585403-6209-5eb2-bc9e-db8a17b052fb,lcell_a7d1a3a3c21f,annex_logical_cell,EXTRACTED_FROM
4ca9a602-c5e1-5d95-b1e5-ffc1c91451b7,lcell_b5b084e498c0,annex_logical_cell,EXTRACTED_FROM
b70b5925-27f2-556f-b162-e537a31151a5,lcell_23aba87a5ef1,annex_logical_cell,EXTRACTED_FROM
a6386da9-dc62-5cb1-bfa9-7cc055fafd02,lcell_c300a55404e6,annex_logical_cell,EXTRACTED_FROM
b8e15a40-4030-5468-a3f5-1e94edb67eba,lcell_85c287058106,annex_logical_cell,EXTRACTED_FROM
563f1072-a443-517d-8612-bc2b9ffb119a,lcell_dc7d63ab31c5,annex_logical_cell,EXTRACTED_FROM
25283db1-2e3d-5e91-a9ae-66674e1f0299,lcell_98d31d83b06a,annex_logical_cell,EXTRACTED_FROM
59148adc-978f-5bb4-9a0a-c3001683a19c,lcell_c849186e8da5,annex_logical_cell,EXTRACTED_FROM
4039f3f5-8086-5b58-a317-b0e77738e0cb,lcell_0492df81ba71,annex_logical_cell,EXTRACTED_FROM
1a2da747-7095-5051-8cac-71e358b5dcfc,lcell_83749775cfd1,annex_logical_cell,EXTRACTED_FROM
3e897167-cb66-580a-9e44-8b9ccbc0dfb5,lcell_feb1ead72e12,annex_logical_cell,EXTRACTED_FROM
d024f4e5-763e-59b5-8602-2975f122edc3,lcell_718643ec2866,annex_logical_cell,EXTRACTED_FROM
1ec0b34b-4a7b-5887-8cfa-894a28e4a5ee,lcell_db84db877ede,annex_logical_cell,EXTRACTED_FROM
9d6dea7a-b2c3-5966-b400-399b6c56ed05,lcell_956d82f5d609,annex_logical_cell,EXTRACTED_FROM
5f6fef06-eefa-5165-959c-87e211f6322f,lcell_2b601e341beb,annex_logical_cell,EXTRACTED_FROM
8504eb29-b44e-5916-bf17-3068e389ffe7,lcell_01b604117031,annex_logical_cell,EXTRACTED_FROM
1a0073ca-31e6-5887-802a-8c500c784449,lcell_5cd1a38eb47d,annex_logical_cell,EXTRACTED_FROM
d5df0c9e-1270-571d-9282-4ca38bd96f35,lcell_bf10c6d313a6,annex_logical_cell,EXTRACTED_FROM
03806427-fb5a-5dc6-91c3-707f806d9170,lcell_b99137482eff,annex_logical_cell,EXTRACTED_FROM
bb0871ed-f4d4-5a15-931f-dc4bb199b63b,lcell_ca40a95e9be0,annex_logical_cell,EXTRACTED_FROM
10a6d08a-ee76-5768-a46b-a992a60ef1c7,lcell_a528450e0fe9,annex_logical_cell,EXTRACTED_FROM
798f73ee-8a20-50f1-961a-922e92ad9c6d,lcell_d77ecff9e4dd,annex_logical_cell,EXTRACTED_FROM
3a566bc0-8067-5665-87f1-7aa3f7b4fdd6,lcell_fd7d6fabd0a0,annex_logical_cell,EXTRACTED_FROM
8f3561c6-3432-5481-bbfd-aaa91a1acac3,lcell_20f668287ba5,annex_logical_cell,EXTRACTED_FROM
5002067e-2121-52ee-9f08-7559538f5143,lcell_f87ed2957bc1,annex_logical_cell,EXTRACTED_FROM
261e8b1f-7379-539a-b723-1adb0016ae4c,lcell_e9286bdcb217,annex_logical_cell,EXTRACTED_FROM
1601dfd2-6d60-53f3-9bf5-5df1972a235d,lcell_0ee5ab167b48,annex_logical_cell,EXTRACTED_FROM
b8299658-dd1a-584d-9bce-f9a37554d6da,lcell_23cca559a4fb,annex_logical_cell,EXTRACTED_FROM
c46c18e0-a206-5725-9aa4-668880d800ca,lcell_8025bb892eb1,annex_logical_cell,EXTRACTED_FROM
801b7b8e-a4ee-59d7-ad95-7211b6e61e92,lcell_a1236210237d,annex_logical_cell,EXTRACTED_FROM
0f24ef47-f403-511e-9287-79c6fda29de9,lcell_7707020885ec,annex_logical_cell,EXTRACTED_FROM
520fd84e-8cab-52aa-ae26-8344c0b74a8c,lcell_8a33dc759ce1,annex_logical_cell,EXTRACTED_FROM
9c755b94-1c1b-55b2-bb45-f3c296fd33b2,lcell_0bbcc01d9f66,annex_logical_cell,EXTRACTED_FROM
ba139f2e-cdd2-5750-842e-829d8a1ca1f8,lcell_e3f544720cf1,annex_logical_cell,EXTRACTED_FROM
4e35a0d7-413f-5601-a43d-eadca041736c,lcell_2fb82bd126eb,annex_logical_cell,EXTRACTED_FROM
8f91dee8-0a42-5085-963c-ece42f939791,lcell_7eeaf4642105,annex_logical_cell,EXTRACTED_FROM
f37010c3-1108-5c06-95a0-a47135e1f2a0,lcell_210050032147,annex_logical_cell,EXTRACTED_FROM
f2145399-9e3e-519f-96b7-0a4224fdeff1,lcell_ee2b550ee60e,annex_logical_cell,EXTRACTED_FROM
8557161f-fc68-5195-816a-cb056067a49c,lcell_648c624bff12,annex_logical_cell,EXTRACTED_FROM
3a8ea4b7-146e-5e29-ae25-c0fc01ca5e99,lcell_a4c2db51c52a,annex_logical_cell,EXTRACTED_FROM
527c5074-a14c-55d6-a4b8-340d5371a848,lcell_340caaf83e94,annex_logical_cell,EXTRACTED_FROM
a0b0ffb6-410c-569b-80fc-10f885ec0b0b,lcell_012b2cad50fd,annex_logical_cell,EXTRACTED_FROM
d0b77865-815f-5336-be74-c8c969d7318a,lcell_626abbde3f1a,annex_logical_cell,EXTRACTED_FROM
b7cfd1ff-d85b-5521-a6af-e970969df6c7,lcell_4a11fdb5b5c4,annex_logical_cell,EXTRACTED_FROM
b59d5855-2295-5d35-aef8-20d929d39957,lcell_61edc450517c,annex_logical_cell,EXTRACTED_FROM
20213eb0-7466-59f6-a304-939b23f13eba,lcell_4ecc6f777cb9,annex_logical_cell,EXTRACTED_FROM
868f449e-9f29-574e-ad67-26bf1c3b223b,lcell_4aa43a41326e,annex_logical_cell,EXTRACTED_FROM
f093caaa-dbb8-5084-896b-3ad7c9cd5f6e,lcell_85b47e7e0b9a,annex_logical_cell,EXTRACTED_FROM
de42c5e0-0411-5265-8560-606264feac58,lcell_f835486d5306,annex_logical_cell,EXTRACTED_FROM
ab6b6a48-a421-592e-9367-e07e428ae53f,lcell_e62b9f88532c,annex_logical_cell,EXTRACTED_FROM
9051b3d7-ab7e-5135-b004-a1058450de23,lcell_4e3a7182ff83,annex_logical_cell,EXTRACTED_FROM
0519224d-0c21-50d0-9e83-559e248ddb88,lcell_7676356a463e,annex_logical_cell,EXTRACTED_FROM
b21dd33d-8db0-5c0e-bf6a-f30e18de7ee5,lcell_afaed1515216,annex_logical_cell,EXTRACTED_FROM
da97a055-7b3c-54db-8d9c-750aead06df6,lcell_a0ff619f2194,annex_logical_cell,EXTRACTED_FROM
fb14483d-fe59-58e4-96f4-63066801dcde,lcell_3677280bf537,annex_logical_cell,EXTRACTED_FROM
e2dcffae-4a6b-5782-8bea-d1fbe16f0d4c,lcell_a6f65ae4e24b,annex_logical_cell,EXTRACTED_FROM
5d3af87f-adc8-58b5-a759-ace539a3c446,lcell_a20a276fca57,annex_logical_cell,EXTRACTED_FROM
f7ccbca8-7c51-5999-a2b0-0616f95c2bba,lcell_f8a10d795a6c,annex_logical_cell,EXTRACTED_FROM
db62fff1-39c1-55c0-a6f4-2fabdf37b679,lcell_555278c5561f,annex_logical_cell,EXTRACTED_FROM
d0b7edff-16e0-562c-b7d1-0749b690062c,lcell_43598a5f1716,annex_logical_cell,EXTRACTED_FROM
fc7631fc-b532-5efa-a881-bfaa80e9c402,lcell_e250a43f7bcc,annex_logical_cell,EXTRACTED_FROM
3e8178ee-f239-561d-9d6e-7779c53ca9b1,lcell_22eebc11767b,annex_logical_cell,EXTRACTED_FROM
69836157-cb18-54c1-a63e-346549f99aef,lcell_98ab13280efe,annex_logical_cell,EXTRACTED_FROM
0fc33300-26fb-525f-a22f-09a33c927a37,lcell_a855be4574d9,annex_logical_cell,EXTRACTED_FROM
2a03c3b9-7e3d-5dd4-879d-2e14fa0a57cc,lcell_efb498fe7cca,annex_logical_cell,EXTRACTED_FROM
175ac26c-fa87-5e48-8cd6-e74f888029a8,lcell_8a740d5ce843,annex_logical_cell,EXTRACTED_FROM
46db88a2-b270-5d6a-9de8-539bbd2a851f,lcell_1941245444f1,annex_logical_cell,EXTRACTED_FROM
0955f343-8477-59d8-a274-e01beb16c4dd,lcell_5c411d46a916,annex_logical_cell,EXTRACTED_FROM
41d630cd-ccc9-5d30-9985-c437f8fc80af,lcell_0253a9c1ccdd,annex_logical_cell,EXTRACTED_FROM
fd07ef3a-b5b2-54fe-a8ae-5f03af7af066,lcell_1cc0c8f49c8e,annex_logical_cell,EXTRACTED_FROM
9d8e1d7b-1271-5eaf-a27f-b8e533e3bb8e,lcell_e4bc30dfb834,annex_logical_cell,EXTRACTED_FROM
8ca3ad79-c187-5bb5-b4d2-befeef4d91a0,lcell_e3c859b47f6b,annex_logical_cell,EXTRACTED_FROM
bcae4089-f792-5dbe-b06c-67ec133205bf,lcell_1309ad87d2a1,annex_logical_cell,EXTRACTED_FROM
427495b1-b8b6-58f3-af1e-6bd3ad3136b2,lcell_5c13a6e5f4bd,annex_logical_cell,EXTRACTED_FROM
a11dc3a0-493d-56e4-ba67-feefbc277025,lcell_35744327a83f,annex_logical_cell,EXTRACTED_FROM
0e686ee7-189c-5cdb-bd50-0c2825c20cf9,lcell_59d882d86437,annex_logical_cell,EXTRACTED_FROM
9bc82123-4402-561f-a96f-43ca30cc909c,lcell_048fe303a9ab,annex_logical_cell,EXTRACTED_FROM
4d760942-6f55-59ab-84eb-3f69e0c41517,lcell_c6b3698ae415,annex_logical_cell,EXTRACTED_FROM
0d1ed23a-43b5-5e9e-b124-b49cd279e1e2,lcell_7b5b793d41b5,annex_logical_cell,EXTRACTED_FROM
12e2bcfd-8228-5541-9410-0c7ba7f1b1e2,lcell_ee77657bb6ad,annex_logical_cell,EXTRACTED_FROM
6f401307-21e0-56a1-8bb2-5deda37b6c6b,lcell_87bb4aae5659,annex_logical_cell,EXTRACTED_FROM
58664bd3-c876-5351-987c-b932af674849,lcell_7068586949b3,annex_logical_cell,EXTRACTED_FROM
4dc19755-b98f-5202-92c6-4339c3c37bcb,lcell_14bcab0c978b,annex_logical_cell,EXTRACTED_FROM
4c96ce2d-9e9d-5ced-ac62-dba65e66b425,lcell_1e348bd1073b,annex_logical_cell,EXTRACTED_FROM
2cdd7e40-b3f9-5582-bb37-7475e944321d,lcell_ffb7d8c56c10,annex_logical_cell,EXTRACTED_FROM
0f850d91-33a4-540c-9ba2-0bebc8cac33b,lcell_70401e085ae5,annex_logical_cell,EXTRACTED_FROM
157e0d3a-56ad-559e-a941-230546c8ebb0,lcell_d88bc4125270,annex_logical_cell,EXTRACTED_FROM
fad70c89-e51c-5fe0-8a16-f9813af66e16,lcell_a5659f9c0d73,annex_logical_cell,EXTRACTED_FROM
33481e6f-ca02-5ab0-9b25-ea2baaa521d6,lcell_71092438b90c,annex_logical_cell,EXTRACTED_FROM
49901b78-b97e-5018-89c2-ef5accf10eb1,lcell_7dae8e31a2e4,annex_logical_cell,EXTRACTED_FROM
d2bc2cdf-cad2-50c2-8a6f-74515eb75b95,lcell_998c63f51c96,annex_logical_cell,EXTRACTED_FROM
41486fc3-e6ba-5cd2-ad1f-b88905032323,lcell_ad04227746b6,annex_logical_cell,EXTRACTED_FROM
8708b303-1277-52bc-9d70-b3c8496ea87f,lcell_00f7e97b4f0a,annex_logical_cell,EXTRACTED_FROM
64a3b7be-74c0-5efe-8acc-ff78315ec2f3,lcell_13fe87ce119b,annex_logical_cell,EXTRACTED_FROM
389f48eb-a88b-5d2c-ad34-ce62938df7e8,lcell_5f46aedcc339,annex_logical_cell,EXTRACTED_FROM
de1fd30d-72ce-5461-abcc-3658ecdb14dc,lcell_b1b4b71c0d8e,annex_logical_cell,EXTRACTED_FROM
dcb66851-1000-59b7-af50-67ea7081551d,lcell_5ea627f08bc3,annex_logical_cell,EXTRACTED_FROM
1182b5ac-a5cf-5f5d-82c6-376dd8ad18a8,lcell_e7d3066d3cec,annex_logical_cell,EXTRACTED_FROM
38899b27-7478-5f4a-9a7b-ba8331927145,lcell_283991a68c50,annex_logical_cell,EXTRACTED_FROM
ebb53f97-5937-5c1e-9ce8-1027c27cbde3,lcell_cefe584d7a46,annex_logical_cell,EXTRACTED_FROM
a8949840-b7b1-5bf1-9b0e-591a10fc42ff,lcell_42d40b29ec99,annex_logical_cell,EXTRACTED_FROM
4d1de5e4-32ff-5e56-bf49-c4a0c7dfde37,lcell_925a571450c0,annex_logical_cell,EXTRACTED_FROM
8cc0bf2f-d9fd-5f2c-98a0-4a59e370c6c6,lcell_8f71360d5a3a,annex_logical_cell,EXTRACTED_FROM
78d07a11-f648-59ea-a3ac-b4a886005903,lcell_8f56aff64f7a,annex_logical_cell,EXTRACTED_FROM
db12d3cf-9960-53aa-830a-b92439ffa918,lcell_fd8c52e9948c,annex_logical_cell,EXTRACTED_FROM
27b13c8c-633a-5d6c-b209-5e192171fda2,lcell_9aab56da99ff,annex_logical_cell,EXTRACTED_FROM
85100f64-8a18-531b-9345-00a3f735c9bf,lcell_101306096dd7,annex_logical_cell,EXTRACTED_FROM
af88e88c-1f79-5de5-83c0-b69955d5df3a,lcell_daf1a729d2db,annex_logical_cell,EXTRACTED_FROM
a96c6fae-6088-5945-aa77-94bea6bebbda,lcell_2e2e100b46a4,annex_logical_cell,EXTRACTED_FROM
6bbb6efe-a009-527f-bf78-33222603603d,lcell_bc9a59a7baf2,annex_logical_cell,EXTRACTED_FROM
2035281f-b0d3-5d62-a88c-02075d677a4b,lcell_ef47480e00ad,annex_logical_cell,EXTRACTED_FROM
44d5bf1b-75fa-56d8-a9af-49558897eed8,lcell_e066f981e5d2,annex_logical_cell,EXTRACTED_FROM
f24a3ab0-107b-583e-abca-0d583d5777c6,lcell_1a1768a9cb75,annex_logical_cell,EXTRACTED_FROM
9404ee66-c4d9-59d1-89bb-d4a223a7f6a1,lcell_1d2b8a0ee7bd,annex_logical_cell,EXTRACTED_FROM
53826995-9223-5d15-9132-dfc54f6deb09,lcell_63b47654b9a3,annex_logical_cell,EXTRACTED_FROM
67b27d9c-14e5-58cd-84df-ba66f02ff755,lcell_c5d24e2b564c,annex_logical_cell,EXTRACTED_FROM
48fbf6be-8e83-5693-8dc6-e218ab30a255,lcell_ca171fd25347,annex_logical_cell,EXTRACTED_FROM
6f8817dc-0bb7-5c4d-97a1-db0b07cffe89,lcell_166a0239fc59,annex_logical_cell,EXTRACTED_FROM
aaae6cea-8583-579a-b186-53eaaf1270f1,lcell_8413ddbfbab0,annex_logical_cell,EXTRACTED_FROM
15066dd9-50d9-51ce-b1d4-4c87960d2136,lcell_481ac49f65e0,annex_logical_cell,EXTRACTED_FROM
91502762-c6b3-5381-9b73-d9a54b6ddda4,lcell_9092ff9d0568,annex_logical_cell,EXTRACTED_FROM
d577bc77-d72d-5882-a2a5-c3225f887842,lcell_5a993ca64bfe,annex_logical_cell,EXTRACTED_FROM
3b3b5b47-53b0-5a88-a548-2d58cff8bd5a,lcell_2fb6ebd22017,annex_logical_cell,EXTRACTED_FROM
d73552f6-41ae-5c21-bfef-f369a2f5a59c,lcell_40221efa95be,annex_logical_cell,EXTRACTED_FROM
a1e32e7d-28bb-5816-98e2-2efe28e10684,lcell_f9b945f38b52,annex_logical_cell,EXTRACTED_FROM
522a1300-cd8c-56f1-aba9-9df7fe93f211,lcell_22512fe99bff,annex_logical_cell,EXTRACTED_FROM
90720abc-ad16-5c8d-bf7c-a101fcc7f0c8,lcell_cddb446f5130,annex_logical_cell,EXTRACTED_FROM
f405cf0f-0198-556a-ae5a-d13d50577992,lcell_01c8c45722fa,annex_logical_cell,EXTRACTED_FROM
003cff24-6f49-5669-8fc8-b1557edce74a,lcell_e7426640f822,annex_logical_cell,EXTRACTED_FROM
73c690a9-dc11-51cd-bd6e-aabb9f4e9e15,lcell_028b9d4da899,annex_logical_cell,EXTRACTED_FROM
afba9f8b-5b4f-5c20-ab01-f39116aeef0c,lcell_0d103fba5e59,annex_logical_cell,EXTRACTED_FROM
cb8f0efc-f6d2-5d5f-a5df-d052d9e46f44,lcell_243f86e28b8b,annex_logical_cell,EXTRACTED_FROM
5115ada2-1f6a-5902-8936-48f50bfc8b69,lcell_7be7f39ca568,annex_logical_cell,EXTRACTED_FROM
19b2a934-eb76-56eb-88de-8041c9039af7,lcell_d07264943f31,annex_logical_cell,EXTRACTED_FROM
3a744b7f-ff8c-5f39-a641-4004e089816a,lcell_58bdcc57cf5d,annex_logical_cell,EXTRACTED_FROM
88a98fe0-6f67-5ac0-a7fc-51329fee3cc9,lcell_b898b620611a,annex_logical_cell,EXTRACTED_FROM
8a0350cc-30e3-5789-b3d3-5a3bf01c4c58,lcell_cfd46b564303,annex_logical_cell,EXTRACTED_FROM
4983b5f6-3bcf-5371-98cc-2ae64047bf11,lcell_5271299e29b7,annex_logical_cell,EXTRACTED_FROM
02fa8449-6e8e-52de-a6d0-9e50ffc5b92e,lcell_ad0432864849,annex_logical_cell,EXTRACTED_FROM
4a432d56-6b8f-50ed-bf34-273669f5b138,lcell_26f993769e8a,annex_logical_cell,EXTRACTED_FROM
c46b0ed0-b8c8-5dc7-9c13-58af9e3f9495,lcell_280b8ad9a608,annex_logical_cell,EXTRACTED_FROM
610d6722-5ea3-567e-83cc-5710c4e133a5,lcell_cb5268a7c945,annex_logical_cell,EXTRACTED_FROM
04f801fa-de93-5c05-b318-ce6560aa9830,lcell_446424b1a946,annex_logical_cell,EXTRACTED_FROM
444b48f5-1cd8-5f07-976c-db013bb03d8c,lcell_d92a81b6c639,annex_logical_cell,EXTRACTED_FROM
0a109aee-3980-59ac-b5e2-39a08b3e61ae,lcell_4b43657c3482,annex_logical_cell,EXTRACTED_FROM
8bff4b76-b649-51da-a166-14923b03d8aa,note_df1fa48116bc,annex_note,EXTRACTED_FROM
05bd5e2c-6dcb-56a4-ac54-78c24a942c21,note_e40b650a22d7,annex_note,EXTRACTED_FROM
bc401471-49d8-5909-8c2f-dfe1553e67dc,note_8d858144e455,annex_note,EXTRACTED_FROM
57a99d0a-a6a4-569d-919a-2f2e8d26f328,note_5fcf52a82d46,annex_note,EXTRACTED_FROM
b144fa1e-2763-5380-8463-62d0b35786a1,note_e9f2f3ad292e,annex_note,EXTRACTED_FROM
ef5eae32-0879-5572-8a00-fe907890665c,note_b192c8ee6d70,annex_note,EXTRACTED_FROM
a8cc579d-4a33-54a5-932e-5f6316a6b1dc,note_3e6b03e5bd7d,annex_note,EXTRACTED_FROM
36c916d8-5a16-56a0-abda-8f07fcace62c,note_3ede30247337,annex_note,EXTRACTED_FROM
52eb9a32-5681-5242-8414-7324450add81,note_ea6f37aca88c,annex_note,EXTRACTED_FROM
3cb35eb0-f876-5835-b338-d76de1da2237,note_2719d5bc9b6f,annex_note,EXTRACTED_FROM
8dc15e0b-938c-59ab-a981-1f3ef533a647,note_ccdeacd6103f,annex_note,EXTRACTED_FROM
80ca5b74-af42-5c59-a6cc-89538cbfe7e6,note_ebaf297df022,annex_note,EXTRACTED_FROM
8fcbf278-5a2a-582e-bd30-7eb50c960673,note_8e8706147494,annex_note,EXTRACTED_FROM
368c3a35-ddc4-52c7-8ec7-d68b4fba813f,note_cc8ad876eb26,annex_note,EXTRACTED_FROM
be09de54-f6b8-5507-bfc1-e01ff85cef49,note_cae2fc11d8ed,annex_note,EXTRACTED_FROM
bef85255-570a-5268-82f4-0f4caaf3dfde,note_3b881c10dbe8,annex_note,EXTRACTED_FROM
33167ef6-5e13-5208-ba01-a415daeced81,note_b1219031fee9,annex_note,EXTRACTED_FROM
df8288d3-61a7-5364-81be-ffe7a712ee53,note_693da2d12c65,annex_note,EXTRACTED_FROM
257be0a5-e70b-50a9-89e8-c9df6e20d517,note_7a5fa57bada0,annex_note,EXTRACTED_FROM
e97a1d86-e882-5268-8271-a1fe97e130bc,note_84c9995553c0,annex_note,EXTRACTED_FROM
c10c720c-2641-5dcf-b84d-df1909f9bab1,note_99f410e62711,annex_note,EXTRACTED_FROM
519c1338-e244-5ce8-b375-51a349566cfb,note_310157c0c044,annex_note,EXTRACTED_FROM
b0de9d7d-5c79-553e-a190-669708436eb0,note_2450efbcfa4d,annex_note,EXTRACTED_FROM
86720eb2-e0a5-5f98-b8e0-34b421bf2ca8,note_85a236844425,annex_note,EXTRACTED_FROM
509507e6-a2d1-585e-86d1-237ad7eb70c7,note_b8ef1155a801,annex_note,EXTRACTED_FROM
bd6600b8-1504-53b9-9953-1b78e99eb32f,note_df9742b890e2,annex_note,EXTRACTED_FROM
0da76f49-f7fc-5d84-a3ab-d7a0b56f5d46,note_5f669e6d853b,annex_note,EXTRACTED_FROM
443ae3ba-a469-5a12-a4d0-65805d2653de,note_ded80751c3cf,annex_note,EXTRACTED_FROM
68967f19-4e14-56ad-b959-6317f21e01b9,note_f3893eadf971,annex_note,EXTRACTED_FROM
b7d9709f-f1db-5e7c-9c97-824403876246,note_b3357d03c74b,annex_note,EXTRACTED_FROM
72867308-dffd-5d08-8bda-f86513a7fd5e,note_a185920e96c7,annex_note,EXTRACTED_FROM
d96536d7-ae09-5cb3-a96a-e09861ae10ee,note_3797beca8cf7,annex_note,EXTRACTED_FROM
cdf8409a-b80f-517c-900c-6cfbae9a17cf,note_5017a9c8ae6e,annex_note,EXTRACTED_FROM
120d8e81-0ea4-58de-93ab-cf132f84de89,note_67bf5cc358b8,annex_note,EXTRACTED_FROM
a3d675de-d7e4-5a43-a2a3-baed28291353,note_06f397006296,annex_note,EXTRACTED_FROM
f5448fd9-dbf1-5871-82ff-220fbc47dbca,note_8c60ec2fd222,annex_note,EXTRACTED_FROM
46bf53ab-d1fe-5e5a-9205-388792341dad,note_97a0b6bccbe5,annex_note,EXTRACTED_FROM
4e67a87d-e531-5ae8-9504-d0a4f9d0ae53,note_652a213b9f17,annex_note,EXTRACTED_FROM
ce52e541-a4ce-5ec3-afb8-a5fab80d1f97,note_571c96d5533f,annex_note,EXTRACTED_FROM
9a68fedf-b0cb-56e8-8a1d-555fbd0fd94e,note_e3343ad1ebf7,annex_note,EXTRACTED_FROM
27864c73-70bf-5f29-ab59-468c84388a60,note_d6a44ace00d1,annex_note,EXTRACTED_FROM
b76dcce7-435a-5fac-87d8-a81762c6e22e,note_a8440c2698c7,annex_note,EXTRACTED_FROM
94f12fe6-8a68-5236-bd01-526aa32ebc5f,note_44b0eff90ecf,annex_note,EXTRACTED_FROM
5e6be4bf-8b63-53d1-9f1a-bc87b59a8481,note_ab8586c19eda,annex_note,EXTRACTED_FROM
fc8c1709-5b7a-5e28-b34b-bc4c61975892,note_8185ccbe8e38,annex_note,EXTRACTED_FROM
11153acf-eafc-5fe3-ae78-8fc63ac322ee,note_fe679ae16bd6,annex_note,EXTRACTED_FROM
1db86755-8943-56ad-860e-7a3e99a4317a,note_9b2fe9375673,annex_note,EXTRACTED_FROM
ecc41f11-763d-5d31-9cc3-7d29bab474da,note_1596825acb4e,annex_note,EXTRACTED_FROM
6bacd97b-4248-5963-aad9-86b8cbbc6ed6,note_f8c45e75f00c,annex_note,EXTRACTED_FROM
7d3cf765-10ed-5868-b732-361e3be96946,note_4ccbf40830b2,annex_note,EXTRACTED_FROM
2e4d3e82-b487-538b-8378-d5757c9da548,note_39cb0563b736,annex_note,EXTRACTED_FROM
294a3666-24bd-5457-b83d-db1bb2d4428c,note_e68891082625,annex_note,EXTRACTED_FROM
593d0166-2cc3-5e0c-95c6-595a12a7ab96,note_706f731e0701,annex_note,EXTRACTED_FROM
1c198793-20d5-5435-bfba-76ff38e9acd3,note_ebbd6405f15a,annex_note,EXTRACTED_FROM
9f2d5c79-49eb-53a1-8f15-44aa66658ff7,note_fd968fea9088,annex_note,EXTRACTED_FROM
d5a62159-5583-5215-b00b-9110cc3ebbe4,note_9b2fa7bc2ac8,annex_note,EXTRACTED_FROM
0a592826-bdcb-5c1b-a594-3d597161db3c,note_c3b75a1ce8a5,annex_note,EXTRACTED_FROM
66ef868e-efd9-5584-9936-e9ee6722de5a,note_5dda594b6273,annex_note,EXTRACTED_FROM
1f01c8b7-dbba-5025-9a5b-e64e63ad39b6,note_9d629e1da3a7,annex_note,EXTRACTED_FROM
a40b0310-9222-59b4-a82d-80d63748442b,note_fe1044561d16,annex_note,EXTRACTED_FROM
6eb07dcc-91e4-52ef-95a6-986e8fe52c26,note_80296f11c6f5,annex_note,EXTRACTED_FROM
d02087b1-696f-5886-9610-72b94a0c93fd,note_e5bae0fc0298,annex_note,EXTRACTED_FROM
2327d2d4-84c4-5886-8e9a-17dabf901faf,note_b76fd6a88a95,annex_note,EXTRACTED_FROM
b95d3f03-c193-5405-9c51-5c5b52851e07,note_3e21f3b698c5,annex_note,EXTRACTED_FROM
4df471b2-f07e-5cb8-bfcf-de3db2c0a55e,note_c78c1c1c4367,annex_note,EXTRACTED_FROM
bb79cc55-be5d-5677-9466-d54db97b704b,note_68ef1da7de87,annex_note,EXTRACTED_FROM
2ecfa2a2-57b8-556f-acc6-e633d1468460,note_5b964a927f38,annex_note,EXTRACTED_FROM
80dab66b-fa24-5b8e-95a7-eda819e244f2,note_6ac467e8625a,annex_note,EXTRACTED_FROM
2798bf98-4914-50ca-86d3-ee5d311dc135,note_caa7f4e96560,annex_note,EXTRACTED_FROM
18964069-8689-5d17-96cc-f430b511a489,note_a82527dfcfc3,annex_note,EXTRACTED_FROM
a8395c30-3742-55f2-8a73-de240017d755,note_0b00bdc4a210,annex_note,EXTRACTED_FROM
0f076e4c-605f-52ab-b20f-2b8c07915259,note_501ad81b104c,annex_note,EXTRACTED_FROM
ac291ed2-1ffd-54e3-828c-63718fb0983f,note_d263d0a01846,annex_note,EXTRACTED_FROM
6798c086-77a9-5c38-bb0b-282cb1a95fea,note_3440093ecfb3,annex_note,EXTRACTED_FROM
26670ff1-bfe5-5a01-b9f3-01efd5e63889,note_dada4af5e36f,annex_note,EXTRACTED_FROM
670992aa-c8e2-5904-bf4c-2af7ee4ad6b0,note_6e52e6114148,annex_note,EXTRACTED_FROM
11cc3d90-47b6-560d-bc9e-89d516710600,note_3b12cafe874f,annex_note,EXTRACTED_FROM
b143961f-8153-5839-b2ff-eaf85e4bf5af,note_ff8fa5affcc1,annex_note,EXTRACTED_FROM
76757cdb-836d-5f1c-8cee-8f55ce3ba2f7,note_34c0e46f3018,annex_note,EXTRACTED_FROM
ee3eb732-0c67-5339-9879-caa92ca42044,note_92008279d354,annex_note,EXTRACTED_FROM
cef5d88e-7330-5c0f-8166-884d12e3eeca,note_14e2d651a46c,annex_note,EXTRACTED_FROM
288a5935-4553-565c-8bf6-d4bad2f504de,note_a17712a66c6d,annex_note,EXTRACTED_FROM
7f672ddf-3c24-54f4-94c8-f3e67afbeb5a,note_1ba00e023c0d,annex_note,EXTRACTED_FROM
fa2812c6-9e80-57b0-aadc-a72528e940d9,note_43c9655852ed,annex_note,EXTRACTED_FROM
1676f607-669b-5dbc-b682-1cd09707cddc,note_773668d32c8a,annex_note,EXTRACTED_FROM
6a6d0742-53d2-5932-8940-39ca00e3a67f,note_0ebb0a97a838,annex_note,EXTRACTED_FROM
6ca5165e-49d2-5a82-82b8-0adc95aa2bfe,note_610e66bfcddc,annex_note,EXTRACTED_FROM
8d870056-0c1d-5069-b23e-3510e34ce1a6,note_2b7e04e8b5fc,annex_note,EXTRACTED_FROM
da1c61dc-0057-50b9-869f-87a16ac20afb,note_fee1ff9d7eed,annex_note,EXTRACTED_FROM
aa353657-0dae-5248-986f-6443e8a8a819,note_8576ab0043a3,annex_note,EXTRACTED_FROM
755c5a9b-f4ba-57ec-9677-afe3bb32c82b,note_cda01a353094,annex_note,EXTRACTED_FROM
e836532d-2d0c-5e1d-ac30-d4035bcfa02e,note_bc1fa0212900,annex_note,EXTRACTED_FROM
302f3c9a-cf93-5756-8208-8ab25537b98b,note_1cc19b3e3bde,annex_note,EXTRACTED_FROM
d5481d84-66d4-58cf-b382-a58aca2b05e9,note_00383e4227ac,annex_note,EXTRACTED_FROM
06a06167-806e-5ffb-be37-e3426223c0bd,note_28e9cf7e5e23,annex_note,EXTRACTED_FROM
680a0ee3-0462-5459-bc5a-f22e3546baa5,note_e9d1068aaee0,annex_note,EXTRACTED_FROM
cf569a7b-bdee-5881-a0b2-187cb9348913,note_fe06fe6f64f1,annex_note,EXTRACTED_FROM
c2ceeb57-19a0-58f0-98c7-5deb1722af22,note_88d4b8452689,annex_note,EXTRACTED_FROM
