from_rule_id,to_threshold_id,rel,threshold_role
1c5f7285-cd24-58a7-8fb4-b3a84d978109,f27fd8ea-423a-588e-952f-5b2c76e3cd61,HAS_THRESHOLD,REQUIREMENT
8c5f578f-0916-5962-894d-ff04d61d9941,9bd329f6-18ee-5629-8cc4-017cef39993f,HAS_THRESHOLD,PENALTY_TRIGGER
8c5f578f-0916-5962-894d-ff04d61d9941,b68b2b0f-cd9d-5bb7-8a08-25aa13d461d2,HAS_THRESHOLD,PENALTY_TRIGGER
f36a8b61-731a-503f-bca7-21e0c26f660a,40ee3496-6d29-5f06-8a07-f72a98044495,HAS_THRESHOLD,PENALTY_TRIGGER
f36a8b61-731a-503f-bca7-21e0c26f660a,1876d14b-0f2b-5a06-9034-e74d96155b74,HAS_THRESHOLD,PENALTY_TRIGGER
6cc18938-b0a5-5e5b-b3dd-800c8d814c05,0400add5-1181-595a-9a67-ae058aeec854,HAS_THRESHOLD,PENALTY_TRIGGER
01cbfcc5-7cf6-57ca-aeca-5fedf9d6f127,416c7add-e86a-5099-bf99-d21a2c5da473,HAS_THRESHOLD,PENALTY_TRIGGER
01cbfcc5-7cf6-57ca-aeca-5fedf9d6f127,40184ff1-1990-548b-9555-8df4f995a933,HAS_THRESHOLD,PENALTY_TRIGGER
3034bfc7-855d-523b-a2d2-06d0e20b6725,408e3a40-6e64-5f38-b1e5-fe7c2515bcf7,HAS_THRESHOLD,PENALTY_TRIGGER
3034bfc7-855d-523b-a2d2-06d0e20b6725,0c3716bd-2805-54c3-b187-0acd1feca9b6,HAS_THRESHOLD,PENALTY_TRIGGER
1037ce91-5823-5f8e-9725-a62ecef0d7da,a49cd3da-169e-5edc-a3ee-bc1b46cf130a,HAS_THRESHOLD,APPLICABILITY
15a88460-2259-5970-96c4-aaab77063bd5,b7fb71cc-e1d1-5a6b-aad5-993a6eb367da,HAS_THRESHOLD,REQUIREMENT
08ca1885-181f-5f9e-afda-4c856ba06ab8,6a4abfa0-226c-5a79-ba0a-fc99608feb72,HAS_THRESHOLD,APPLICABILITY
08ca1885-181f-5f9e-afda-4c856ba06ab8,b60068dc-5e21-510d-9e63-31f132c632a1,HAS_THRESHOLD,APPLICABILITY
f04086b6-ad87-56d1-8333-ffc5a6e41bf7,9202fdf2-3b25-5559-b25a-dfc8a3e7052a,HAS_THRESHOLD,APPLICABILITY
f04086b6-ad87-56d1-8333-ffc5a6e41bf7,e8620d50-0001-5fe8-a0a5-9af915d13534,HAS_THRESHOLD,APPLICABILITY
3016b869-8902-5f70-a0c7-990b5f31a8cf,26dd557d-6ae2-5cef-8963-be9a7cd90afa,HAS_THRESHOLD,REQUIREMENT
42bf34c7-614b-5694-a30f-8857bc82e7e0,b884bbcf-68a0-50c3-be5b-564d521917ed,HAS_THRESHOLD,APPLICABILITY
3813adcc-000e-5a7e-8ee5-21ea6df4a57b,409a5c46-914e-5e74-b898-ca9e4caa8782,HAS_THRESHOLD,APPLICABILITY
a46c4811-0020-5eda-bbda-be481d476cb8,e421f25b-cd08-5b29-ac34-49454b5d78d1,HAS_THRESHOLD,APPLICABILITY
a560bf65-75eb-5da1-9eee-82f8fe98b5f7,c05eaddc-8559-5ccd-ab33-30d07f243845,HAS_THRESHOLD,APPLICABILITY
810ef8e4-7bd5-5337-b69e-d3f4b2e08b07,8075ea52-de9a-5610-a21b-4464306b773c,HAS_THRESHOLD,REQUIREMENT
f7fa5fcb-c078-572e-8125-bc064cbd4e38,be046078-edb5-5d9d-9371-bfecbacb7f63,HAS_THRESHOLD,APPLICABILITY
23a21d27-2fa6-5015-8c47-53009fb3cdd8,317503b0-6c19-5eb2-9f25-cbbe4bd51c69,HAS_THRESHOLD,APPLICABILITY
db2694c7-5883-5caa-828a-1c9c0db63e9e,aacf5eed-7847-5838-a958-75d747c36f5a,HAS_THRESHOLD,APPLICABILITY
db2694c7-5883-5caa-828a-1c9c0db63e9e,66c94332-cee3-5c27-9283-8275cb3c334b,HAS_THRESHOLD,APPLICABILITY
ec951967-a6b2-53ec-9297-2676e86d2c53,14f9ba01-2d51-5533-9307-935bfd1d970a,HAS_THRESHOLD,APPLICABILITY
84c135ea-b3b8-58d3-8b14-3c899ea50e38,9f1af017-dcbf-5a4f-b010-98bac28dda69,HAS_THRESHOLD,APPLICABILITY
84c135ea-b3b8-58d3-8b14-3c899ea50e38,863baaae-8a84-511d-9312-77849973ce52,HAS_THRESHOLD,APPLICABILITY
d7b0376e-ad55-5122-bccd-767e97e9e920,a1be35b0-93c2-5735-8a75-1c02010dd2fc,HAS_THRESHOLD,APPLICABILITY
dbdbdd77-0f09-50cd-be41-8dfeb4e6b91b,1fdb6c6c-4669-5221-aaa4-c7ba35c679b2,HAS_THRESHOLD,APPLICABILITY
47aca098-7893-5fdc-8439-70fbc60e797d,c05af9b9-73b7-59c5-affd-61d1b15bbd36,HAS_THRESHOLD,APPLICABILITY
4a569c10-3943-54c0-8564-e6011d9d32c6,a350492a-f218-54fc-b127-d9b5545f738d,HAS_THRESHOLD,APPLICABILITY
9590aea0-073e-5e14-b04e-d7ba4fcb1318,38ada239-570f-5575-adda-3c0c40de6fd6,HAS_THRESHOLD,APPLICABILITY
895124ee-8ae1-5416-a92c-c876685d13b0,3f9a7ca2-e333-5ff7-91a9-c4df3cf80081,HAS_THRESHOLD,APPLICABILITY
a0b94e0b-6407-54b0-b60b-a3d9f9dd81b0,7d645347-ea06-521e-958a-e8bd7b536580,HAS_THRESHOLD,APPLICABILITY
98e265d7-a497-51e3-9e77-cb2c1c1df333,4f795a38-6c6f-5e4f-aa7e-4e4ef34d4f98,HAS_THRESHOLD,APPLICABILITY
98e265d7-a497-51e3-9e77-cb2c1c1df333,c7483ffb-1ef6-5fb3-bebd-9ca6e0b997fa,HAS_THRESHOLD,APPLICABILITY
84636f57-9cb8-50a7-a74c-68c87f6b236e,b4d418b2-135d-50ea-8aa5-40eb6f8bbcfe,HAS_THRESHOLD,REQUIREMENT
84636f57-9cb8-50a7-a74c-68c87f6b236e,51754890-a183-5da1-8486-0839f8f7c953,HAS_THRESHOLD,REQUIREMENT
63498338-8860-5f55-9fcf-5007ad9563ca,21ba585b-429a-51ec-abb2-fd09d165535d,HAS_THRESHOLD,APPLICABILITY
a170a959-8abf-501e-a61d-955816457e23,487bf621-c249-5828-9df4-a94bb0e1fc2f,HAS_THRESHOLD,APPLICABILITY
a170a959-8abf-501e-a61d-955816457e23,a33aec97-622a-5687-8c61-14d0a87489e5,HAS_THRESHOLD,APPLICABILITY
985186a0-1b98-5f34-89f3-2a66b60614fc,a3bf2ec4-6247-5c57-8a94-1508777f2d86,HAS_THRESHOLD,APPLICABILITY
15c2f61e-f00c-5354-bdc5-b3252dfc6ec8,eb345184-d5af-55c9-9972-fe95b32ebb8f,HAS_THRESHOLD,APPLICABILITY
3a8ff015-fc26-5122-b2b4-027aec0cba5e,c04f66c6-8d87-5151-a7e6-342d7b3b76c5,HAS_THRESHOLD,APPLICABILITY
3a8ff015-fc26-5122-b2b4-027aec0cba5e,6a28fdd7-9e00-5bad-b653-0290eaeea023,HAS_THRESHOLD,APPLICABILITY
39a084e4-e221-5721-b787-71e904cf2b87,8ad38e11-8139-5dc9-9ca1-bd86b772addf,HAS_THRESHOLD,APPLICABILITY
78499fb3-114e-54ae-9bd4-82ae9c2be864,9cced290-8342-539e-9691-d991a083d49f,HAS_THRESHOLD,APPLICABILITY
dc40e714-23bc-5019-87c6-65f19c0b59a0,e0d16a7e-f65c-5b00-91cc-74a597acf1b5,HAS_THRESHOLD,APPLICABILITY
de092972-346b-5e53-b6bb-0935b056c796,d7ca2aa1-f467-5c8f-9a5b-682c617b7f34,HAS_THRESHOLD,APPLICABILITY
7d03b55b-3084-5442-a15b-f69f792d6651,97fe6b8d-929f-5a65-aa89-6d8cb5bb5a68,HAS_THRESHOLD,APPLICABILITY
7eadcb17-255b-5536-9af4-baf8326ad890,a186c609-f8c9-561a-984a-fd39f53a89aa,HAS_THRESHOLD,APPLICABILITY
b94aa241-8b92-5473-b8cd-906d9bad803e,8764e24d-29fa-5447-b4f5-9205a6515794,HAS_THRESHOLD,APPLICABILITY
2fe986ef-0c6e-5fc3-afc9-84ebde66336f,f78e57bd-9183-5c47-a50d-59d89fb39c20,HAS_THRESHOLD,APPLICABILITY
5755a9e3-9b67-5438-9e8e-b6da815deba9,dbca5dfd-c652-52b2-9f6a-43a55a978051,HAS_THRESHOLD,APPLICABILITY
599f5ed2-3926-5054-adfd-19ff63ffd0a8,da0505f8-07f5-529b-a94d-3ebfe9c480f6,HAS_THRESHOLD,APPLICABILITY
71a7db49-e60b-59c7-b310-4ac79e26c5f0,d367fbae-3e89-5afb-b386-895e54065a8e,HAS_THRESHOLD,APPLICABILITY
12287119-a694-5dc5-b15f-b404501026ca,4b752f7b-2d9b-5145-95fe-55074e3fb83c,HAS_THRESHOLD,APPLICABILITY
6efe8e93-992d-593f-bf03-62f801c349b5,5b70444d-dbd9-569c-9188-869d9ff7ee87,HAS_THRESHOLD,APPLICABILITY
a5adb9ac-09c3-5406-8a20-57eab08f3e0b,ad4e7897-b692-589c-bc8e-d0b8a0089d65,HAS_THRESHOLD,PENALTY_TRIGGER
cfd8ad4d-e8a5-5a50-982d-f5d68fd7beee,64b1ab61-68dd-5736-9f88-03748ecaef59,HAS_THRESHOLD,APPLICABILITY
cfd8ad4d-e8a5-5a50-982d-f5d68fd7beee,7dc5a9c8-bddc-5aa5-98f0-945eba985aae,HAS_THRESHOLD,APPLICABILITY
b9238d91-e168-5ef9-9d87-1e771402568a,a2894e8d-5e4b-5ed2-b7b5-a6d14982b6c6,HAS_THRESHOLD,APPLICABILITY
b9238d91-e168-5ef9-9d87-1e771402568a,b49e6c58-9943-5667-925c-69a8ddb335ea,HAS_THRESHOLD,APPLICABILITY
6ffd577f-29ad-5ecc-adce-155e994f01c1,13db2e14-2789-55ef-8468-055cc29b20d3,HAS_THRESHOLD,APPLICABILITY
30e5ab09-16ea-5b03-9f29-99b4ea0427d1,e74af8d1-156e-587f-820e-e40d0cfbf2e0,HAS_THRESHOLD,APPLICABILITY
719cc1ab-bb6a-510f-b720-d0bff00816fe,8f057072-99ad-53d8-8a6d-3d51db85ac77,HAS_THRESHOLD,APPLICABILITY
1f33c709-aa59-5aed-952b-93f2655ac45d,5ca1ce49-539a-5fd5-a35d-ed976dc02c40,HAS_THRESHOLD,APPLICABILITY
422d64ef-d4a9-5bd8-8779-1bddcd607cca,bd614cbb-6b3d-5d34-8c7a-85d15ba11160,HAS_THRESHOLD,APPLICABILITY
66883ce6-be15-5493-99d2-333003ce1ba3,a46125d9-4ac8-572c-98ad-7f2e642a69d0,HAS_THRESHOLD,APPLICABILITY
83e39104-02d5-541a-b3df-279299c90360,ca1fcafc-ac71-53cc-9d5c-0aa356072548,HAS_THRESHOLD,APPLICABILITY
afb89b04-ad23-527f-92f2-22649a2c9681,c84593fe-1709-59a7-8a0d-2d262f944334,HAS_THRESHOLD,APPLICABILITY
7a87b143-f3e5-509c-b91b-af1f18e70430,e2168129-9bdc-5bb5-a2a3-ece2331a6606,HAS_THRESHOLD,APPLICABILITY
6d537fc8-c2ff-5cf3-aa29-eb1b505b0ff6,a62718bf-cc34-50e7-9810-6d8383267701,HAS_THRESHOLD,APPLICABILITY
298b1147-6fdd-51f6-bab3-b04526d21379,d9279c43-707e-5d4d-934d-2ed86b24f53d,HAS_THRESHOLD,APPLICABILITY
3f1d822d-176f-546e-b3ed-a9c149e60e41,9a4198b8-2675-53b2-96d5-b9b84ec2baa0,HAS_THRESHOLD,APPLICABILITY
8960912f-d340-51e4-8947-e9ab8e82ea70,93c2c3d2-b01e-5514-bc34-6adfe4da55df,HAS_THRESHOLD,APPLICABILITY
75cea136-b02b-564a-ac48-1a3236ee5f73,76ddb26f-de0d-566d-bab3-f972c13d9864,HAS_THRESHOLD,APPLICABILITY
96a642ab-e8c0-5166-ad7d-659b31e56d0f,042cebea-ca9e-5f4c-ba1b-2af620c6bf11,HAS_THRESHOLD,APPLICABILITY
79f19ef6-505f-5830-9335-0e101533d7ef,b56b10ad-965d-5d98-bd68-b8a2f9e0afaa,HAS_THRESHOLD,APPLICABILITY
eb4cfbfc-008a-5316-af14-9127afa88414,156789a3-38f4-52d4-8381-8a150d55131d,HAS_THRESHOLD,APPLICABILITY
97aa2e2c-83f9-5876-90d7-647da61c0aca,58349ba8-0571-56c4-a46e-d6664dddbd7c,HAS_THRESHOLD,REQUIREMENT
5a549975-3a2f-59aa-a695-b073cd409732,bf85a807-7237-5cb8-9f4b-50d12dc08bcc,HAS_THRESHOLD,REQUIREMENT
e2bb8286-7db5-59b3-93f6-b8b5c3c6876a,cddb3af9-b32f-5818-8f4d-9e65bbe60862,HAS_THRESHOLD,APPLICABILITY
cdbeef30-0d7b-5842-8086-999f6b9cb40b,c2d89bcb-ef7a-5075-916d-4e6978e3422d,HAS_THRESHOLD,APPLICABILITY
ebb63ad8-c0eb-587b-81e6-75c74384d082,1179bde9-8d36-5ee9-882b-1baed6ef9b02,HAS_THRESHOLD,APPLICABILITY
4b58b522-98dc-57ef-ac14-b121e84ed6b2,2196ab67-7222-5a66-80cf-1cba4366a7c4,HAS_THRESHOLD,APPLICABILITY
c3a14af6-5015-5641-a1d7-d0b5de59d405,feaca83e-da5c-5ede-9321-33fc5aa4411a,HAS_THRESHOLD,APPLICABILITY
0e46c2b5-388b-5c06-b548-625c9e6f1a1c,6f4e0acd-8bc4-55d4-9d24-63ae3394c658,HAS_THRESHOLD,APPLICABILITY
49a5697e-3539-5b6d-997c-1c149a95808a,002b35c0-2cba-5880-af82-6cecd5aa0737,HAS_THRESHOLD,APPLICABILITY
27ff9026-1f34-5388-b677-70005dbdf589,cbf2a80c-205e-5a44-9a0a-4e0c2765dc09,HAS_THRESHOLD,APPLICABILITY
31c857b8-45bd-5fa9-8a72-e02bd2ffbe0e,aa5a73f1-a2c4-504a-a509-5dd6cdf8f453,HAS_THRESHOLD,APPLICABILITY
f21cae16-aa4f-580b-a54d-c9b702f6ec57,7a03dc6d-d838-5a3c-a20e-262314d3f701,HAS_THRESHOLD,APPLICABILITY
f21cae16-aa4f-580b-a54d-c9b702f6ec57,f8cce55c-b069-5c89-984b-613ad2592ae8,HAS_THRESHOLD,APPLICABILITY
f21cae16-aa4f-580b-a54d-c9b702f6ec57,68c6f9d4-bdbe-509d-b231-91d0c3b3c651,HAS_THRESHOLD,APPLICABILITY
6d3b4c9a-74f9-51da-82ad-f2bead90890f,f4f2eb33-7168-5899-af08-f2426cf62006,HAS_THRESHOLD,APPLICABILITY
6d3b4c9a-74f9-51da-82ad-f2bead90890f,77cb54b3-ccc9-5f94-81ca-fa7ab7d63375,HAS_THRESHOLD,APPLICABILITY
fc3de849-e9c3-5685-847c-83ea02ebb050,252b5f3d-7962-58b3-97d7-d6244d067655,HAS_THRESHOLD,APPLICABILITY
bc571e3b-e2e6-5f99-a662-906835de458c,34c2279a-ce90-527a-b4e5-f2c33967371e,HAS_THRESHOLD,APPLICABILITY
bc571e3b-e2e6-5f99-a662-906835de458c,e0cc511d-cf48-51b4-9915-9765d636f942,HAS_THRESHOLD,APPLICABILITY
0928a0bd-6dff-5543-b3d7-0bbee68a152b,5dda19b8-ac1c-5912-a0ef-72784f4d79fd,HAS_THRESHOLD,APPLICABILITY
dd0836bd-0cc6-5bef-80a8-bad3e2c030e7,df344611-9c4b-5863-b6bd-8c71bb2ec3a1,HAS_THRESHOLD,APPLICABILITY
f20880ba-878b-5922-87c0-400d4f13fd4f,a46595d3-1a2f-594d-9e0a-aa16882cd14e,HAS_THRESHOLD,APPLICABILITY
bc5427d3-c6d7-5779-9560-e1db4a3ae53f,4d650f10-8634-5006-a822-5553aa30ee26,HAS_THRESHOLD,APPLICABILITY
eb0d7653-5914-5ada-95d7-2413f52d800b,28f52c24-97af-5f15-9fee-577ad32439b1,HAS_THRESHOLD,APPLICABILITY
eb0d7653-5914-5ada-95d7-2413f52d800b,8f691b49-3674-5cf2-85ba-f2e4a895d77d,HAS_THRESHOLD,APPLICABILITY
da3945f8-ac0c-5107-ba53-61e6d55d9120,98e8433b-163a-54eb-95fb-95fd22c389e6,HAS_THRESHOLD,APPLICABILITY
da3945f8-ac0c-5107-ba53-61e6d55d9120,d18467fe-76b8-5e83-b948-e531bda75d38,HAS_THRESHOLD,APPLICABILITY
a37a53b2-59dc-565d-afd8-1a68c6d0531f,59342e0c-b673-50c9-b78a-b8543ae31040,HAS_THRESHOLD,APPLICABILITY
2723fade-9da7-5022-a140-ec7af56933f2,8150d5a4-2833-5826-86b6-94d2a9eaab31,HAS_THRESHOLD,APPLICABILITY
87a327c3-28c5-56bf-8528-b4c700541534,50ddeba3-9aeb-5a8b-b4ae-91a45ef9f873,HAS_THRESHOLD,APPLICABILITY
0c18caca-bc9a-5d21-a704-968cbf062231,789f3b06-057b-5469-b390-1a15a26b4488,HAS_THRESHOLD,APPLICABILITY
a86a75c0-34ec-5327-a439-5a48644b53c4,96f5183b-4234-534b-bbb6-5332deb85f02,HAS_THRESHOLD,APPLICABILITY
9de28783-eeda-5ae7-982d-f11d41606a87,df441d33-2cb1-5795-9265-b75f7a4e9901,HAS_THRESHOLD,APPLICABILITY
d8b883d5-f9e2-5ab7-accb-b8bcf4cb4078,207a616c-78fc-5169-8460-9eb88595969b,HAS_THRESHOLD,APPLICABILITY
e464a2f7-05d7-52ba-8d49-ef8f6a241d3f,16a1c993-81a6-56df-bdbe-019af60b8d57,HAS_THRESHOLD,APPLICABILITY
4a162e62-bc26-51f4-bd75-3646ec0d5f0a,7a912209-8ab3-5f74-93a3-df09b56d0542,HAS_THRESHOLD,REQUIREMENT
02f27231-6fd7-5753-bc1a-796f979e8cea,5164dee9-d122-501e-875f-ef72c7600736,HAS_THRESHOLD,PENALTY_TRIGGER
0a65d7a9-6f62-5844-b95f-aa7a3d814628,ac153e1f-5baa-5190-9dd1-40b47e561d75,HAS_THRESHOLD,APPLICABILITY
b1e2b185-be30-5192-b3c1-9b4bcec99e10,7227a31d-2a62-5284-918d-672eb7037153,HAS_THRESHOLD,APPLICABILITY
ee96847f-b681-5d79-96d0-7b599717f15c,ee07e936-9462-509e-8a76-a9acf5e90c5a,HAS_THRESHOLD,PENALTY_TRIGGER
258c2042-3b2d-562f-ab39-8c50a09b19b5,5ddaf47c-12a1-5417-a1c1-2d957cbb999a,HAS_THRESHOLD,REQUIREMENT
f0f6a307-7db4-5f14-a9dc-f91d8c9a280e,8ceadf14-73ae-583e-a242-65a1abde9a2c,HAS_THRESHOLD,PENALTY_TRIGGER
f0f6a307-7db4-5f14-a9dc-f91d8c9a280e,ec7d62ac-08a4-5dbd-9be3-5c4a8c400679,HAS_THRESHOLD,PENALTY_TRIGGER
ce90239e-d4e3-5b2d-a6e5-7d9486473270,011ab7af-0ff6-5167-b2eb-5c27ba66c48e,HAS_THRESHOLD,PENALTY_TRIGGER
c94f7f8c-204e-5de7-937a-ba2ddd84cd7d,ebf7d247-4192-51de-9549-4d01b114bebf,HAS_THRESHOLD,PENALTY_TRIGGER
c0151def-9bf2-57fa-bd67-8fbbc17153c4,a9cc8090-f00a-59aa-9712-f8548c7d16a3,HAS_THRESHOLD,PENALTY_TRIGGER
ece6913e-942d-57ec-bc8f-795a7afd3cb8,da3c8e60-6b3d-5f86-b494-1eac28211be2,HAS_THRESHOLD,PENALTY_TRIGGER
190526c9-5588-5fa9-9d3b-4ee0be5e01e5,360ac929-db98-5dd5-b2ac-1cf81e442b4f,HAS_THRESHOLD,PENALTY_TRIGGER
ad0f9c08-317a-5ea7-91d1-a0c47be93d2c,898494a8-3d1b-50d1-878f-45257bfbc4a0,HAS_THRESHOLD,PENALTY_TRIGGER
65b9ca51-a8a5-5c80-96ae-6393c6f9bdb2,87c8419a-6287-519a-ae4d-54aa0a8ac8e1,HAS_THRESHOLD,APPLICABILITY
65b9ca51-a8a5-5c80-96ae-6393c6f9bdb2,13bd364a-a868-5533-9c4e-065c0e6094e0,HAS_THRESHOLD,APPLICABILITY
f2a05a79-1169-5234-a6a3-ee7e79db6db3,163779ad-c436-5952-aa26-396e0697d553,HAS_THRESHOLD,REQUIREMENT
d8e0f24c-75b3-5a8d-8e41-2bfe90f736c4,e625f764-dacd-5bc5-9025-6d15f9b99a54,HAS_THRESHOLD,APPLICABILITY
99d91e15-9c31-57a3-9d96-477fdd88ee01,5004e631-5f3c-5f69-9199-9fbb9a39d1b3,HAS_THRESHOLD,APPLICABILITY
99d91e15-9c31-57a3-9d96-477fdd88ee01,4a89ca8b-44de-5cf6-bd05-a02a74a4a7c8,HAS_THRESHOLD,APPLICABILITY
19508146-9d69-5af6-8932-33c8df5019b8,5be23a1b-33bf-5cb9-a13e-a2742a263b9e,HAS_THRESHOLD,APPLICABILITY
19508146-9d69-5af6-8932-33c8df5019b8,0c83299a-44f4-53f3-aa82-4ab0d3b4dbed,HAS_THRESHOLD,APPLICABILITY
b4d96450-b316-5ba9-9a0a-bbe121561324,c41908ff-0919-5877-b0ad-8c4de1085254,HAS_THRESHOLD,APPLICABILITY
b4d96450-b316-5ba9-9a0a-bbe121561324,e3d5a30e-b4ad-58f5-bedc-fbceeab16fbb,HAS_THRESHOLD,APPLICABILITY
b4d96450-b316-5ba9-9a0a-bbe121561324,ce0418c6-3fc4-571a-af4e-95ce5b0ae6d6,HAS_THRESHOLD,APPLICABILITY
b4d96450-b316-5ba9-9a0a-bbe121561324,cc81159e-cf74-5fe5-9fb5-470412de605f,HAS_THRESHOLD,APPLICABILITY
be052681-e555-5676-b60f-b745ee0eae1f,40492a4f-82b9-56e8-9359-89d4794595f7,HAS_THRESHOLD,REQUIREMENT
59622758-b4d6-5275-a689-3e395abda502,0bd95d3c-c8c4-5179-bbd6-4307008d9f9a,HAS_THRESHOLD,APPLICABILITY
b81a874f-d87e-5f49-89f8-65d4e9f77512,33fe001e-35f6-5afc-bfe4-c267515332e5,HAS_THRESHOLD,APPLICABILITY
453adcd9-4ab2-5b27-b2d2-48828101181e,166ee54b-36e5-5f2b-bb27-6c5d8792f0ab,HAS_THRESHOLD,APPLICABILITY
453adcd9-4ab2-5b27-b2d2-48828101181e,8cb79003-472f-5f10-8451-1cff654717ec,HAS_THRESHOLD,APPLICABILITY
453adcd9-4ab2-5b27-b2d2-48828101181e,1d7c4d73-d6e5-572e-ba7f-e1a7eba6c92d,HAS_THRESHOLD,APPLICABILITY
f97255d8-778d-543d-8e14-97bdc8b37050,fa01ebc3-2cd4-5ec8-8610-a7c3766a16c6,HAS_THRESHOLD,APPLICABILITY
73bf0054-872a-5f5a-8526-3e4f42283494,25606bf0-ccf1-5e91-b1d4-0263b332c078,HAS_THRESHOLD,APPLICABILITY
a162f938-08d3-5b27-96ee-c5ff47b3424a,f12d3c45-36a5-5ecc-992d-db79a8ca4e1f,HAS_THRESHOLD,APPLICABILITY
e87b9323-c01b-5a06-8ee5-9680a25bf6e3,9e1cf500-da60-5a17-aaf4-de52d5dbf0bb,HAS_THRESHOLD,APPLICABILITY
3080174b-8c5e-561b-a2ab-5643dd4b72e1,845d60a5-095e-5c3f-83c3-926b58bab471,HAS_THRESHOLD,REQUIREMENT
9e195588-e722-516c-bf66-78e254b10b86,7319cae3-3947-5693-a343-9b2a5353542a,HAS_THRESHOLD,APPLICABILITY
4a6071b3-8ded-5ce6-b9cb-0fec90127cdb,ad10a7b8-55a4-5d79-a8c7-7e0c55139855,HAS_THRESHOLD,APPLICABILITY
cc2a5ecf-401f-55ab-aa9d-a7350bdf2062,845e9fa1-3d7a-5a08-8445-8f18451d3fce,HAS_THRESHOLD,APPLICABILITY
75896e9f-24ff-53d9-8bde-699069a89724,8dd41fd5-23ae-507b-92aa-df0614bebd89,HAS_THRESHOLD,APPLICABILITY
5aba074e-2401-5de4-a2b3-5b1dcd5d3837,a031f0ef-c420-585c-8742-d43b92315a71,HAS_THRESHOLD,PENALTY_TRIGGER
4014334a-280b-5de9-8305-68a700ca4158,94c9e03f-f3c7-5cee-8a91-2f670f448b4c,HAS_THRESHOLD,PENALTY_TRIGGER
ea8c5333-56fa-50b4-9ad1-41e1c5c03059,b70cc83c-c3ea-5fd8-891c-fc208a5df682,HAS_THRESHOLD,APPLICABILITY
e2d16351-fade-56ea-8fb5-b66078ad1a44,89ca1034-c557-5a93-b8fa-a8383a98766a,HAS_THRESHOLD,APPLICABILITY
24293447-95a2-582d-9928-7b9f0e9c0b5a,f35e6f13-2af8-57d8-8872-808b86636d42,HAS_THRESHOLD,APPLICABILITY
78c7f34c-ca59-5fd9-88de-f067b84d43f0,98ecba62-1749-533d-afc1-08fcf41fce6f,HAS_THRESHOLD,APPLICABILITY
a978e11c-8598-5002-bbac-4285f51e17f6,b6de95d7-b3f9-52bf-a0cc-188320254535,HAS_THRESHOLD,APPLICABILITY
c9a2a5eb-f263-5055-80a2-6d42eb0c7cd6,2bd3207e-18bc-573e-9d66-ae4c8236bf69,HAS_THRESHOLD,APPLICABILITY
d93ece43-a3e1-5a42-aef8-4cf9cda2f8ca,8f170329-f232-5ab0-a109-88881926a62f,HAS_THRESHOLD,APPLICABILITY
a257ff52-aab6-5927-9f2b-13ec5e84404a,e006c704-29a0-5bc1-91af-02dedfc3ecdc,HAS_THRESHOLD,REQUIREMENT
f75382ce-2309-5903-8e57-7209a798983f,17594b2a-6ff0-5f43-9506-b38e679195be,HAS_THRESHOLD,APPLICABILITY
67c5cf66-172f-54f2-abe3-8e1698e7af7a,115c7559-4535-530f-bd28-8ddf8a0d6147,HAS_THRESHOLD,APPLICABILITY
8bc18023-3841-55d9-9541-ac964ddd7c27,66a73ce5-091c-5b0a-89bf-3ba4c336511b,HAS_THRESHOLD,APPLICABILITY
c1db4653-def4-5f55-81d3-d4cd58dea9c8,6bca7a91-ebc7-5bd3-8201-3378e842b07f,HAS_THRESHOLD,APPLICABILITY
4ea2a1c8-bae1-59bc-b063-4ebd229aef2b,97288416-7754-5c90-ab07-69e16055afaf,HAS_THRESHOLD,APPLICABILITY
583c8805-3f26-57f0-8285-016a5d5628f5,54dc5f64-de4a-5439-be6c-48fa78e3cf6d,HAS_THRESHOLD,APPLICABILITY
02e1fe8d-0294-5718-aa5f-d23632168793,16179998-2543-5212-9e1d-fd8ebf7c1281,HAS_THRESHOLD,APPLICABILITY
87cc9708-aa0b-5d11-b114-13e6f14e400d,ed25bb77-a690-51e7-b17f-f3487d59ce89,HAS_THRESHOLD,APPLICABILITY
5816e440-6c0d-5493-9be1-912d17f89413,e885abc5-12c0-5a78-9a37-32a249c14ef7,HAS_THRESHOLD,APPLICABILITY
145a5693-a297-52c2-baa3-457d50167538,bb17d48f-0cb0-5f1e-a455-212ace558b20,HAS_THRESHOLD,APPLICABILITY
145a5693-a297-52c2-baa3-457d50167538,dfa77d86-afb5-518a-ae93-c65ea866514b,HAS_THRESHOLD,APPLICABILITY
14b71721-1a66-56d4-9758-60452ba2de8c,fbcf498e-711c-544f-b301-1a13e8075db0,HAS_THRESHOLD,APPLICABILITY
a6bfce29-9447-5b84-bd96-343917adfc15,c207756d-dfa6-58bb-ba64-d661f321c21e,HAS_THRESHOLD,REQUIREMENT
a570cd04-d669-5038-a97e-09d7cf127308,e2e9f2d9-bf04-5af3-88b7-f05e0623d8cb,HAS_THRESHOLD,REQUIREMENT
a570cd04-d669-5038-a97e-09d7cf127308,63229c9a-4779-540f-82df-bf885b3dad6d,HAS_THRESHOLD,REQUIREMENT
2886f33f-33af-5692-8ec6-039230fef03c,5b1bd8e4-db90-5c17-9229-b5701a170986,HAS_THRESHOLD,PENALTY_TRIGGER
204ab3c7-3577-5cae-9b51-593967dc99f9,8c0974c5-897e-55a1-89a2-bf3df1d870ec,HAS_THRESHOLD,PENALTY_TRIGGER
b8ea79cf-6afd-5b57-b467-71ee404a9c05,e4c16e96-5346-5f23-9518-7a76b3c0a9b4,HAS_THRESHOLD,PENALTY_TRIGGER
df4bd865-3ca2-5989-a7bc-f7214b362c92,4694e2c6-b467-57c3-8d08-1b2396a63561,HAS_THRESHOLD,PENALTY_TRIGGER
e8a54e61-3b60-5671-9c39-2ad79ae175ff,faab8c5a-ef3d-5d74-a27f-5befa7183037,HAS_THRESHOLD,APPLICABILITY
4e81375a-5f35-58d9-9bf2-2101cdaaa93b,78eebe9b-10c1-5d83-bc1b-e19d9196ab9d,HAS_THRESHOLD,APPLICABILITY
4e81375a-5f35-58d9-9bf2-2101cdaaa93b,b9849c9a-7b62-568a-9f2a-3f6bb21d0656,HAS_THRESHOLD,APPLICABILITY
b53d6aab-e038-5c39-aa4c-a34d1af3da2a,a04a1cd2-0abf-52e7-aa66-fce65886843b,HAS_THRESHOLD,APPLICABILITY
ccfbed80-1455-5866-9bb5-cc75fc0cf699,53a3f698-4fe8-5ab9-af75-86542810330a,HAS_THRESHOLD,APPLICABILITY
2d2c4a56-92ac-5ae1-a70c-6e0b11b82ecd,af41d120-329d-54e0-a2f9-d2cc0815694e,HAS_THRESHOLD,APPLICABILITY
1751c2b5-b8b8-5dc6-895e-8a047eea8da2,af332398-cb62-5dd1-b0ce-e3369c41d68e,HAS_THRESHOLD,APPLICABILITY
1751c2b5-b8b8-5dc6-895e-8a047eea8da2,7bba9e37-4245-58a5-b1af-e7e5a92c53f4,HAS_THRESHOLD,APPLICABILITY
a4aa2672-22e5-5a7e-9d2f-9c9e2d350eb8,02bbe1fb-74a5-52a5-91d8-c816051c22b3,HAS_THRESHOLD,APPLICABILITY
a58e7337-2512-5f5d-86ad-fdd03f62d772,f5e804af-bedb-5be3-8a9b-b8013973fb86,HAS_THRESHOLD,APPLICABILITY
54bdee56-cbb0-5ccb-8ac9-9e61ccfc9b60,242b9719-392a-5f5b-9284-4f396c4f6f58,HAS_THRESHOLD,APPLICABILITY
0c27a220-c26e-540e-9113-4155f4946174,5e822739-0c24-5577-94b2-012f88fa4218,HAS_THRESHOLD,APPLICABILITY
09d3362f-4eff-5918-b5b5-8561a1e2e1df,6a8b1cac-ceee-5d47-96c4-41e7d008f5a3,HAS_THRESHOLD,APPLICABILITY
11a0e09a-d813-5190-992d-42048160257a,9f883df0-8395-5218-96aa-17c03e916d59,HAS_THRESHOLD,APPLICABILITY
e384e931-13fd-5336-b045-6d04cd0b62b0,9aa4d733-a2f2-5499-9b4a-b98d3c3cf2ea,HAS_THRESHOLD,APPLICABILITY
c7182bac-0053-50b4-9987-8d999d8b88c4,596de611-645c-56bb-8340-7249417b5090,HAS_THRESHOLD,APPLICABILITY
ac20c57b-2da2-541a-bfa7-2e87c64549f6,d4f29572-7dbb-5c5a-b720-6ea9cd040014,HAS_THRESHOLD,APPLICABILITY
d0d6070e-0166-5d2b-994f-c4cb3011ded4,97ff94e7-0fcb-5b5b-a4c7-504836a95caf,HAS_THRESHOLD,REQUIREMENT
d0d6070e-0166-5d2b-994f-c4cb3011ded4,a6807933-c0fe-50bd-8448-b1d4700c255a,HAS_THRESHOLD,REQUIREMENT
6131d177-00a2-5267-89a2-a78ae1e5babb,39a7de04-f9bb-59ae-a9a4-fdd0abc5e873,HAS_THRESHOLD,REQUIREMENT
6131d177-00a2-5267-89a2-a78ae1e5babb,cda9eab9-7e3d-5656-8d39-e99956d4a44b,HAS_THRESHOLD,REQUIREMENT
dc409e28-4488-54c5-9f48-9eb8059ce4eb,cd21734f-aa7b-51fb-93bb-1e6bfe61e907,HAS_THRESHOLD,REQUIREMENT
dc409e28-4488-54c5-9f48-9eb8059ce4eb,2cfd32a5-bced-5a11-b1dc-26f99ec38024,HAS_THRESHOLD,REQUIREMENT
74a47fbd-c0ab-5845-b703-9a9d4d9eacd4,695f0515-c68f-5fe9-91aa-e9bea7564a79,HAS_THRESHOLD,REQUIREMENT
74a47fbd-c0ab-5845-b703-9a9d4d9eacd4,4823b5f5-f3ed-5829-9b92-bc70174a3d4a,HAS_THRESHOLD,REQUIREMENT
5c38d48b-93cb-555a-8dc4-68b4816fde17,f6784259-4b65-5fab-a9bb-54345bbc185d,HAS_THRESHOLD,APPLICABILITY
861211c7-5cd5-573c-a86d-d0f4c7e19a49,b813908d-35a8-5802-85f2-845bcc2cb1c3,HAS_THRESHOLD,APPLICABILITY
7eca8f19-80fc-5ea2-b4f1-d73f4ffa7e3d,b50cef41-07c8-55bf-be1a-f446f00c2e65,HAS_THRESHOLD,APPLICABILITY
d282dd60-d89a-5f9e-ac65-d6bf0c04fa5f,4e1ce99c-3343-550c-97be-ac2bea73ea7c,HAS_THRESHOLD,APPLICABILITY
a72c0fdc-5cad-53a3-b765-ab6704507e1f,debf2f63-5735-586e-be18-ca94cf5ff34f,HAS_THRESHOLD,REQUIREMENT
45702a27-4f06-58e2-98b1-c7d805c796ca,e4c8863a-6907-531d-9692-b1845c67244f,HAS_THRESHOLD,APPLICABILITY
e41769ae-34e0-5f04-a863-f9b9f16fe3a3,a4338998-5b4a-57ac-999f-fff60ff63df2,HAS_THRESHOLD,APPLICABILITY
0123fa56-49b3-5d20-bdb2-657b3f775ea9,3e9db28e-1cdc-517e-bd32-66d4d7821ad7,HAS_THRESHOLD,APPLICABILITY
0fd2302e-d003-5101-90e7-069541d8b5c5,26b71aaf-1cfb-5dac-b1a2-67c297f308f2,HAS_THRESHOLD,APPLICABILITY
a57133cc-5a33-554f-8ac3-a7f75b564779,87cd3345-9657-5df7-9b6e-a08db8d441bb,HAS_THRESHOLD,APPLICABILITY
1df497ec-782e-5ea5-a96a-3517c0b6c69d,4a6aea6b-a62c-5ea6-bfb7-f84d7c546cab,HAS_THRESHOLD,APPLICABILITY
e1df8575-1d32-5408-a875-e4fd0d7c7209,a908f61e-2731-594e-9a35-2753cdf0b992,HAS_THRESHOLD,APPLICABILITY
6c5e0d0e-aac3-5f3f-8bbb-34f2fee77a27,fb2859f7-3c00-5be6-b53b-c1f75d81cc07,HAS_THRESHOLD,APPLICABILITY
29b3843b-9746-5cc7-b8b1-d50245d2a71d,317da27b-5f81-51ba-94db-d98a6be04f82,HAS_THRESHOLD,APPLICABILITY
e50f5e48-10a2-5796-9069-f5efdc4cc197,bd93e3c2-8c9b-5023-8fd5-ef77b30098f8,HAS_THRESHOLD,APPLICABILITY
c952c2cb-d21f-59fb-8e61-2e7c9cd80e54,d4b1e56e-587d-5d06-a222-c765f50583da,HAS_THRESHOLD,APPLICABILITY
c43d5195-2b04-5031-9850-5c836cf26ab5,3023b08e-07b0-578a-b270-1da4c3c42150,HAS_THRESHOLD,APPLICABILITY
d8036dde-fe3e-5cc2-aba9-057541ac6998,0e1ad1bf-d6a1-5a89-8d30-de24d55ce618,HAS_THRESHOLD,APPLICABILITY
7ef83715-0cd6-5724-855d-e91e27d00b06,c7082d54-2035-584e-b784-6d90ecad270a,HAS_THRESHOLD,APPLICABILITY
92a292e0-e0de-55f5-9758-001b02b35634,a42a0e3e-43b5-5544-a545-fb8c8ac002ff,HAS_THRESHOLD,APPLICABILITY
e54e59d6-06b7-5723-9b27-35a629eadd93,c79c05e1-3817-5304-b335-7055e5a87064,HAS_THRESHOLD,APPLICABILITY
558a42a2-a8e0-5c9b-9973-674d6b248070,1c9132dd-713e-564f-8d4d-5acab26f3785,HAS_THRESHOLD,APPLICABILITY
52e44542-9a3c-5a63-adb2-a0eabe9eec0a,c93554db-03d7-5788-89d5-b51b2b1fe17d,HAS_THRESHOLD,APPLICABILITY
06bdab6d-acf5-5b5a-a4e2-d28c7c82c965,57cd40de-fcd1-594f-b340-f1cd7f420030,HAS_THRESHOLD,APPLICABILITY
826838e8-4d00-5282-859e-cc24551ca7c1,5e05e64e-8147-58eb-b2af-f0ecf63ef0ea,HAS_THRESHOLD,APPLICABILITY
53d6a043-bbab-593c-b798-26a002c3f119,e77ebc9b-31aa-5ff4-8fa9-3ccf030cba52,HAS_THRESHOLD,APPLICABILITY
5acccbff-58b4-54d3-91b0-983a81baea5c,19ef6f1d-ccec-50a4-9108-68c381ecf18a,HAS_THRESHOLD,APPLICABILITY
807e6d19-1607-5858-a761-1425d2bc34f6,9b4bbdc4-2903-54d3-9843-ab3f46d99919,HAS_THRESHOLD,APPLICABILITY
8990ad54-5c20-5ea9-8159-8aa1a304d91b,39ddab95-4996-5c15-9c7e-8d8d025f43f6,HAS_THRESHOLD,APPLICABILITY
577abf30-cdcc-5c11-98c0-326df357bc94,15ab076a-0177-5aef-9107-fa385aef0734,HAS_THRESHOLD,APPLICABILITY
6bc80035-d792-5b7b-bf3a-ece2bb651fab,cf3dd663-e495-577c-94c2-32f36f77f999,HAS_THRESHOLD,APPLICABILITY
f17716d1-a78f-5527-8cff-f2a1466e0278,b3209785-3474-5e41-8ca7-f1f4b502998a,HAS_THRESHOLD,APPLICABILITY
679fc739-cd6f-5e9e-9dda-295f3d4e3f29,3fa7d957-0b6f-5e47-b3c5-1f5ec93bfdac,HAS_THRESHOLD,APPLICABILITY
ba0aeb28-95e9-55c8-9d0d-cddebf1eabea,c341bd55-e203-5117-80fa-1e1448693c27,HAS_THRESHOLD,APPLICABILITY
9d922484-b6fd-518a-84d4-2314877fa5a7,d7457a2b-4ffb-5f85-b452-644c6a7b23b8,HAS_THRESHOLD,APPLICABILITY
32d4b344-eab9-5f4c-aaeb-97cec7ebd637,5c957e58-e7fe-5e06-940d-7c8b928c26c7,HAS_THRESHOLD,APPLICABILITY
32d4b344-eab9-5f4c-aaeb-97cec7ebd637,4823d67c-8b39-58f8-be7b-79a4194ebc89,HAS_THRESHOLD,APPLICABILITY
078e45f0-e709-526c-8ef5-96c0742fd900,2d94884b-fcfc-52e8-8a6e-6054a834beb9,HAS_THRESHOLD,APPLICABILITY
078e45f0-e709-526c-8ef5-96c0742fd900,f3a206a5-8e7a-530d-824c-24475eae6e69,HAS_THRESHOLD,APPLICABILITY
c3944656-4be1-53ec-814f-64ddb95f173c,eca6129a-1085-5ef4-8f88-833635eaebb1,HAS_THRESHOLD,APPLICABILITY
a1d8b2fa-a4a2-5824-8094-ac598ff0b3a1,8181dfac-bf79-5cb9-a8a0-a1c208ad07de,HAS_THRESHOLD,APPLICABILITY
f71bbcb0-8acf-5eba-8891-f04fd9ed8fd5,3ca60b05-64dd-5a40-a1e0-6fa7227e5d6f,HAS_THRESHOLD,APPLICABILITY
9fbc5152-84db-51ab-a5b9-6f46d9e2c9a1,d86944e1-dcf2-554c-bbe5-ead6bc117ef8,HAS_THRESHOLD,APPLICABILITY
0aea3f82-cfe1-5904-ae9a-92d54c46ca55,3f7e8fa5-8b75-5d02-8379-71414565c83e,HAS_THRESHOLD,APPLICABILITY
b0f17ffa-0e5c-5d6e-9f91-b1381b357712,a25bfb92-036f-5a38-a687-6415489b761a,HAS_THRESHOLD,APPLICABILITY
1d848513-f26d-57b5-910d-9c1a76d4b9f8,0b6d3620-f8d1-5b25-a6c7-7d6e84107c37,HAS_THRESHOLD,APPLICABILITY
c8f9d1ef-199d-5111-8cc8-9dce38e1afb4,5ab4349a-b394-5e0e-afb2-01b7914a60fa,HAS_THRESHOLD,APPLICABILITY
7c574fc9-49d7-5417-b916-275bcbccfa1c,5a63ad2f-92e1-5f2b-940d-b876c40d12f8,HAS_THRESHOLD,APPLICABILITY
34935f45-b9d9-5e2d-8b5d-39f17085bb08,bf421935-6f52-5bcb-9f27-9b2625876733,HAS_THRESHOLD,APPLICABILITY
d5fa42b2-5a4e-56b6-a23c-ad1251922d99,0bf41304-789d-5ed6-853d-404df765bb0e,HAS_THRESHOLD,APPLICABILITY
71db4ba7-2627-58eb-ad09-01acfa58a164,10269324-eddf-5279-801f-c0da5596b394,HAS_THRESHOLD,APPLICABILITY
7051875f-f202-5e36-8366-f8183b5eb01e,63fe19cc-c9ea-5a04-9525-04af56fa6796,HAS_THRESHOLD,APPLICABILITY
809cb5c7-dc3f-5d5f-a617-2bd5b1d9da5f,f12a1064-cc33-51c7-95f1-6957c1226220,HAS_THRESHOLD,REQUIREMENT
51ea3af6-e68a-5cf4-b7eb-d4204460b492,86d84aa5-c497-5a94-9698-9d694daacc7c,HAS_THRESHOLD,REQUIREMENT
c1e5938e-4ced-528a-9bbe-1e8040448af7,4ab212aa-88a2-5aae-a5ad-24f713f8f1aa,HAS_THRESHOLD,REQUIREMENT
de0143a1-95be-57b1-a8d5-a3f5630506ca,3379fa44-32f2-5f40-a097-4c556edd8a91,HAS_THRESHOLD,PENALTY_TRIGGER
4de9daa2-5667-557a-80dd-d6e0f47220d5,68496603-cc13-5994-a143-8f86aa969af1,HAS_THRESHOLD,PENALTY_TRIGGER
f447de02-9ffd-5bed-a2b0-e273ebd87983,087137ca-c846-5fa3-a778-8edf646c93ee,HAS_THRESHOLD,PENALTY_TRIGGER
e8eb64d7-413b-5949-9aa7-1033751f2063,c0465de5-0979-5aaf-b283-7e63a2d8c1c1,HAS_THRESHOLD,PENALTY_TRIGGER
a8d38ddc-0115-5f1f-b39f-f30a73633f74,71accd28-30bc-52b4-9f4d-e2cf9b936d7d,HAS_THRESHOLD,PENALTY_TRIGGER
9f688378-7660-5b0a-afaf-3d9dba5e4ab6,8f827d92-871a-5116-9dd6-f041ed5c4326,HAS_THRESHOLD,PENALTY_TRIGGER
4945e6f8-dc26-5869-b63f-4a8ecb0cc1d0,057b9d44-5232-51aa-8597-6d76dee75b96,HAS_THRESHOLD,PENALTY_TRIGGER
2b034bbd-7d64-5ebf-ac17-d4409f09c994,c283b113-0b19-54b5-b1c4-a8f56cfde318,HAS_THRESHOLD,PENALTY_TRIGGER
70ac566d-8ce5-59af-b291-51b407679f30,b1fbcca8-41ff-54a8-9420-b2f552f204e4,HAS_THRESHOLD,PENALTY_TRIGGER
76e6359e-7c55-543b-af46-b6a93d8346b1,4dcb19dc-ecb9-530a-ac47-6200ee3eb0bf,HAS_THRESHOLD,PENALTY_TRIGGER
0ee0df4e-58ef-545b-afdb-27b172200b9c,88d1ab6a-d695-5b90-9407-95c6a22aadc5,HAS_THRESHOLD,PENALTY_TRIGGER
114ff7e3-492c-519a-9ba6-46b8ddffbb2e,f02237fc-8a24-570d-b063-56211ef8ba8a,HAS_THRESHOLD,PENALTY_TRIGGER
f60e63ed-7496-52ce-ada2-1001cc606446,a211e65b-1d34-513a-8f8f-a21e16eb26b4,HAS_THRESHOLD,PENALTY_TRIGGER
9a04486f-d810-59e8-adb0-46a24ebd194b,022a4494-94bc-57dd-8319-e5bae8083e60,HAS_THRESHOLD,PENALTY_TRIGGER
df4275a0-add8-5b15-afe5-f4ba40fe8181,a4ece6b6-b168-5f0d-9897-84c46dfb0186,HAS_THRESHOLD,PENALTY_TRIGGER
ed81a70a-449f-552d-8b5d-30d84a336419,1ab42d2d-8b76-53d6-9904-2bfe649b13ea,HAS_THRESHOLD,PENALTY_TRIGGER
2d6be401-6d11-5ade-84a5-df76d89db06d,00517892-5ee9-5a38-99be-474ee19da8bd,HAS_THRESHOLD,PENALTY_TRIGGER
b6b2b3e8-5b8e-5d49-8f84-fe36ae84f7dc,d0f4ca2c-1dd7-553d-bbe8-87247670a911,HAS_THRESHOLD,PENALTY_TRIGGER
ab0309fb-900a-5b43-98f2-eb459e07dd21,64d4cd5a-d535-53c5-be4a-57d3fa13e586,HAS_THRESHOLD,PENALTY_TRIGGER
efe73af8-68c3-5189-96a3-8e09179d45e0,ea9a56a0-be68-52d0-aed9-326f54ad6e73,HAS_THRESHOLD,PENALTY_TRIGGER
45d182bc-a329-5596-ae0f-c702f0b60220,830e8f2b-c250-51f0-a138-9fd552ea5268,HAS_THRESHOLD,PENALTY_TRIGGER
948b7be5-6bd7-5e12-a5ed-fb0b3dbaf204,c48a024d-552e-5c75-82f1-18968deee441,HAS_THRESHOLD,PENALTY_TRIGGER
ba4db822-70d4-51d8-97a7-ce8e62be160c,5f380793-3b6e-5805-98d1-2edb4a074bea,HAS_THRESHOLD,PENALTY_TRIGGER
3a24cc65-8ead-57f9-8296-3d71d851cc41,f913c94b-b332-5514-9ec5-a246a305f044,HAS_THRESHOLD,PENALTY_TRIGGER
ec093d5e-ca5e-5eb8-b87a-ae7f3c1425f2,5ffae029-13c5-5896-b146-647957e93cc9,HAS_THRESHOLD,PENALTY_TRIGGER
f457a001-9324-5a01-999d-79ebe3b46e37,b429f88f-9392-549a-94e6-323e38460a51,HAS_THRESHOLD,PENALTY_TRIGGER
11743401-7d60-56bd-ad02-7821e2f8bb81,9c96a4eb-c3ac-5ae1-882e-876953afae82,HAS_THRESHOLD,PENALTY_TRIGGER
fee88215-6413-5254-82bc-9c906064a17b,5c3a7c65-957e-5e84-8048-19d54ac9bf47,HAS_THRESHOLD,PENALTY_TRIGGER
068e67b0-55a9-5715-b669-233c9b9c1f11,39b8ec97-d5c4-5afe-92a9-80efbea4b855,HAS_THRESHOLD,PENALTY_TRIGGER
d4be2375-3884-5e5c-81fe-6e698a01ed1f,8a0afdff-4583-53ab-9cc8-a9111b0dd683,HAS_THRESHOLD,PENALTY_TRIGGER
ed1aaa64-355b-5a4c-bdc4-77ea849dfeb3,8334728d-a4de-5d07-ad65-5c5ba9366de6,HAS_THRESHOLD,PENALTY_TRIGGER
1f1fff13-327a-5618-817b-ebf3068db60c,32cce97c-a438-59a3-9e1b-9f8b8a9cf817,HAS_THRESHOLD,PENALTY_TRIGGER
eb7013d3-8cd3-54ae-a993-fedf816e69e9,aef88319-7def-5faf-b2ec-d978f0ad1e83,HAS_THRESHOLD,PENALTY_TRIGGER
703e5b98-1727-5d36-82de-feb3255d5fef,208682f5-686a-5ff0-bff2-20376c6bfb87,HAS_THRESHOLD,PENALTY_TRIGGER
564c9c0b-dbbe-5be8-8197-22aa3480b31f,6960fb24-5467-5139-8a70-71e005379fff,HAS_THRESHOLD,PENALTY_TRIGGER
3ee240f8-13e0-5b65-84cb-74f7cec0fc8a,f6538804-f2ec-528a-9bf0-687752c2971e,HAS_THRESHOLD,PENALTY_TRIGGER
f8aa813b-5b85-5c83-a7df-d520f0761149,7050cf68-48b7-513c-b5bb-c67bd5b45aa2,HAS_THRESHOLD,PENALTY_TRIGGER
c331212e-a638-569f-8b4f-ff483835ffaf,a7fc18b1-1c1d-5718-bd87-58798df91989,HAS_THRESHOLD,PENALTY_TRIGGER
0c1a69a0-76a4-516d-a630-9019b3ce51f8,7ee54c88-e343-5d37-9678-0bfd8b43cb84,HAS_THRESHOLD,PENALTY_TRIGGER
74908272-aa8a-54f0-99d4-27692192dd8f,f30dc2a6-5e16-53f6-a0c1-62b80c4c22b4,HAS_THRESHOLD,PENALTY_TRIGGER
7bec866c-0d2c-5355-859d-9411241efc8f,2fb6fe00-1721-5f1c-a82d-b8c00eb2045f,HAS_THRESHOLD,REQUIREMENT
273855ad-f5c7-5e27-8623-ebeee7a1da78,c37d99ca-706f-5b6a-a0b7-dc9f044378a8,HAS_THRESHOLD,REQUIREMENT
77130120-9e66-5690-bc7b-b0abce763cd5,d7f5de71-9932-55c4-8e99-30dae0ed7f67,HAS_THRESHOLD,APPLICABILITY
77130120-9e66-5690-bc7b-b0abce763cd5,e532f240-3fcf-5c27-b206-6ba6df86f993,HAS_THRESHOLD,APPLICABILITY
1c80d949-5567-5301-96e1-27c903555b96,d840faea-363a-5dac-9a76-3977d935e03c,HAS_THRESHOLD,REQUIREMENT
1c80d949-5567-5301-96e1-27c903555b96,2df3ab1e-c499-5e5b-8135-25b549f86f0b,HAS_THRESHOLD,REQUIREMENT
9d8aff75-a4eb-559d-aa2f-5c4480cc836e,f3400633-94ea-5696-be43-d15fdb5870e8,HAS_THRESHOLD,APPLICABILITY
9d8aff75-a4eb-559d-aa2f-5c4480cc836e,60d2c979-ca38-5631-9fdd-47919c9da477,HAS_THRESHOLD,APPLICABILITY
9d8aff75-a4eb-559d-aa2f-5c4480cc836e,a3175efe-ac5e-5172-b073-db533fbc3ebf,HAS_THRESHOLD,APPLICABILITY
9d8aff75-a4eb-559d-aa2f-5c4480cc836e,d55fd616-e3c3-56f6-b77c-092c1034487a,HAS_THRESHOLD,APPLICABILITY
76082fdb-6fb5-51aa-ae26-07766b8b339c,8a537a91-9f0c-5b2d-82cc-67b0ca888c3f,HAS_THRESHOLD,REQUIREMENT
e34bd01c-2000-5d66-bee7-4191b8a5dc4c,8a69f3d3-2598-5091-b89a-b9cc1a282340,HAS_THRESHOLD,REQUIREMENT
955877ed-584f-569d-9635-b9c124a2cd8b,71a7b766-2f25-5f49-a22b-cd9e14e36a74,HAS_THRESHOLD,REQUIREMENT
955877ed-584f-569d-9635-b9c124a2cd8b,d052070c-4e13-5dbe-9faa-b514c828ddb7,HAS_THRESHOLD,REQUIREMENT
955877ed-584f-569d-9635-b9c124a2cd8b,330fdfb5-954b-5919-8dd2-c67f24999b32,HAS_THRESHOLD,REQUIREMENT
ceff3b1a-d2d2-545f-b143-70e052582ab6,86676205-03d7-5b90-8efe-5dc79ce758c2,HAS_THRESHOLD,APPLICABILITY
ceff3b1a-d2d2-545f-b143-70e052582ab6,0bd50765-8faf-573d-9042-d9cfd5a35a6b,HAS_THRESHOLD,APPLICABILITY
ceff3b1a-d2d2-545f-b143-70e052582ab6,eda429f6-672e-5df7-a5f7-98eea4978836,HAS_THRESHOLD,APPLICABILITY
ffe8eb03-37b9-5971-8620-0c4734b88d07,5f98e2ce-0182-5502-a71b-2a4a75d7f302,HAS_THRESHOLD,APPLICABILITY
ffe8eb03-37b9-5971-8620-0c4734b88d07,41819f47-3a75-5fca-919f-2daa6564c47d,HAS_THRESHOLD,APPLICABILITY
ffe8eb03-37b9-5971-8620-0c4734b88d07,02de5c82-f5b9-5f55-b75b-692767392d63,HAS_THRESHOLD,APPLICABILITY
74bd4c63-09db-5ea1-bbf5-45977b7a2a2d,29adce89-6520-5df1-971e-0d4115c22b6b,HAS_THRESHOLD,APPLICABILITY
74bd4c63-09db-5ea1-bbf5-45977b7a2a2d,697e7e1a-c3fc-5099-a43b-ab5f230f039d,HAS_THRESHOLD,APPLICABILITY
74bd4c63-09db-5ea1-bbf5-45977b7a2a2d,bac38a41-3d73-5740-9213-cc18c0d1cc27,HAS_THRESHOLD,APPLICABILITY
74f114d2-a4cc-569f-96a5-c0b8c4b35296,e73fc34f-0fae-5938-af2c-cbdd4a6501a1,HAS_THRESHOLD,APPLICABILITY
74f114d2-a4cc-569f-96a5-c0b8c4b35296,7483211c-49b0-5126-852a-e60a190b31b1,HAS_THRESHOLD,APPLICABILITY
74f114d2-a4cc-569f-96a5-c0b8c4b35296,2168e667-04e5-5720-aa43-57a2932254fa,HAS_THRESHOLD,APPLICABILITY
5d4d824c-ae93-57bd-9d68-475e44bc8ba0,aef11f41-eba2-5d2c-84a5-de5e4e9bb669,HAS_THRESHOLD,APPLICABILITY
5d4d824c-ae93-57bd-9d68-475e44bc8ba0,a54de40a-4250-5a7c-828b-8ddbe135ea4e,HAS_THRESHOLD,APPLICABILITY
d5fa50dd-769e-5ae8-b670-14445394f37b,88e2a730-ee2b-5a69-b173-51665c90adb2,HAS_THRESHOLD,APPLICABILITY
9589b372-42d3-5f0c-b3f4-01d492649718,a11ccfd8-5832-5690-ac58-f323f316c397,HAS_THRESHOLD,APPLICABILITY
b0535a2e-9c8d-57f2-814f-c3974c9b3f75,11954d7e-c96e-5769-9f8b-ea22a3c808e2,HAS_THRESHOLD,APPLICABILITY
8db3aa8f-a836-5a4f-bc1b-0c1c2ccfd3e5,5447b303-352a-5547-a04e-2f19d1ca33f6,HAS_THRESHOLD,APPLICABILITY
feed283c-01ac-5e70-b645-7a4e2391d71a,5b7a05cc-35ce-5277-8746-c4da8c7c9608,HAS_THRESHOLD,APPLICABILITY
1cb62891-b28e-50f9-b913-66f37305df04,a5891677-7335-591f-8a9f-43b7d63e5570,HAS_THRESHOLD,REQUIREMENT
0806d41e-54d9-5367-aa2f-27bf92d455d0,f0fd9068-ba73-530c-9706-f5a75b4d7952,HAS_THRESHOLD,REQUIREMENT
3e5a76e4-b083-5812-bd96-02acd3312fcf,eccddfb1-129d-5b29-8b08-c873a7d65a25,HAS_THRESHOLD,REQUIREMENT
49df386a-6d15-5d58-8442-125c931d1b75,1997040a-347b-530b-b02e-dd68063199c3,HAS_THRESHOLD,APPLICABILITY
f87ea5d5-220f-5eb6-8deb-48563023f177,f8ebb87a-fe3b-5322-b83d-9a3103356800,HAS_THRESHOLD,APPLICABILITY
f87ea5d5-220f-5eb6-8deb-48563023f177,d4fa2a4c-4293-51d8-af58-c96a10f3ba80,HAS_THRESHOLD,APPLICABILITY
f87ea5d5-220f-5eb6-8deb-48563023f177,4380d583-f62f-5cc7-9cc7-d9ee3a8508ca,HAS_THRESHOLD,APPLICABILITY
f87ea5d5-220f-5eb6-8deb-48563023f177,0bd79c77-1b3b-5762-9903-829803998a09,HAS_THRESHOLD,APPLICABILITY
995d0ae0-ee5f-5322-b292-df2bb11ed2bc,29a85511-c97c-5a2a-977c-148ff63ac338,HAS_THRESHOLD,APPLICABILITY
1a2f0f20-c0d5-58f9-8ae0-8329809db425,d21412bb-deac-50bf-a32f-2bff47dfe7cd,HAS_THRESHOLD,PENALTY_TRIGGER
50ba1d2d-a4bf-5cbd-845d-8a3894de6da2,c141edd2-1d1d-521c-95b3-3bb13b24ad6a,HAS_THRESHOLD,APPLICABILITY
c4467026-de63-5b06-ba7a-df8cf5ad2b8e,51603444-2793-5f8b-a676-35eb162c1f57,HAS_THRESHOLD,APPLICABILITY
d1b04522-33a5-5762-a500-3670f43756d1,1e94ce4d-47a8-57bb-a944-a69837f48d48,HAS_THRESHOLD,APPLICABILITY
62eea929-8333-5945-926d-9ba5a4c057e4,a8c62299-4efc-5e6b-a85e-7a8a592d74de,HAS_THRESHOLD,APPLICABILITY
fd2827be-e39c-5107-82a5-aa5a4571c07d,031270d8-cb4f-5b3a-a0c0-fdb19b144f2b,HAS_THRESHOLD,APPLICABILITY
17cdf9ca-57d0-52fa-bf9c-1c5aa468ff1c,45547915-2478-5509-bf06-4f88f82cfeb9,HAS_THRESHOLD,APPLICABILITY
15664d0f-ecdb-5217-9415-304126a3846d,01d8fdd2-261f-57b6-b5d6-833726557410,HAS_THRESHOLD,APPLICABILITY
793dd240-d0ee-5eaf-83ba-da6a81fa15b7,90109437-0e6e-5e62-a25a-51894e45abb3,HAS_THRESHOLD,APPLICABILITY
e3fcea87-e5e2-52e4-8d52-dc8ccf0d7b92,79035ce0-47c3-5915-8fc9-06a2ef16df3b,HAS_THRESHOLD,APPLICABILITY
13df7fa7-8d6d-569d-9009-ec3184d6a672,6045ba75-c3eb-5215-90ac-ed114dc8f08d,HAS_THRESHOLD,APPLICABILITY
13df7fa7-8d6d-569d-9009-ec3184d6a672,5cb7b842-844c-5ebf-b19f-defe627f4f7a,HAS_THRESHOLD,APPLICABILITY
868cea10-f79b-5e7e-91eb-852de42f12d9,262c17e0-17ed-534c-8469-fb4e0faf421e,HAS_THRESHOLD,APPLICABILITY
54d6bb89-dc06-5ef5-a70e-59434cf6688f,d2126029-9af0-5da7-b895-5d320386b260,HAS_THRESHOLD,REQUIREMENT
2528f3c4-49f6-513d-a8ad-97a82b7e9a7a,0c38bfb0-ea9a-550d-ade6-867570b4a001,HAS_THRESHOLD,APPLICABILITY
16ed88a9-d5a4-507c-9913-53120d6af852,04c09df3-bd8d-524d-b005-30d324764bf0,HAS_THRESHOLD,APPLICABILITY
f847e590-f3f2-5506-9c90-ebbc14245cd6,942013b5-b28e-5528-8162-fe4be4f93a6d,HAS_THRESHOLD,APPLICABILITY
3c243a83-23ce-5c5e-86d9-778235cebad8,9b4fa462-064c-59c8-8a39-d503c42b73a2,HAS_THRESHOLD,APPLICABILITY
3c243a83-23ce-5c5e-86d9-778235cebad8,86fb5ce0-e792-557b-95ed-1ce8953eb5b3,HAS_THRESHOLD,APPLICABILITY
0b9ad245-fbf6-505e-9690-f30b015747bd,321a66eb-470c-5021-a26f-3fc32fc5dadc,HAS_THRESHOLD,APPLICABILITY
0b9ad245-fbf6-505e-9690-f30b015747bd,90a5e5b6-892e-598e-907f-2a6f2e36bf14,HAS_THRESHOLD,APPLICABILITY
f955dca7-0124-5aaa-9ad5-5b73d24ad40e,13957792-ec24-5a9d-8c6d-75fc9cf27206,HAS_THRESHOLD,APPLICABILITY
f955dca7-0124-5aaa-9ad5-5b73d24ad40e,d808a329-a54b-5701-a470-5b140ffe9673,HAS_THRESHOLD,APPLICABILITY
5a97b8b6-fd16-515d-9870-0f688122fa25,fd122f19-ef08-53be-82e0-cc7a14f3f8df,HAS_THRESHOLD,APPLICABILITY
5a97b8b6-fd16-515d-9870-0f688122fa25,c6b09651-eaf5-5307-893b-71ded8fdc163,HAS_THRESHOLD,APPLICABILITY
480a5af8-ae27-58e5-9cac-2e02dc09abc7,493e5d18-ec99-5392-ad80-89e9e83bcac7,HAS_THRESHOLD,APPLICABILITY
a7e49237-ce42-5c17-bc48-f4d7b9d93f53,8b746751-6abf-501d-960a-829e23f63b78,HAS_THRESHOLD,APPLICABILITY
a7e49237-ce42-5c17-bc48-f4d7b9d93f53,b39a6cf0-b4c8-58c4-ab49-ebb3541b52ab,HAS_THRESHOLD,APPLICABILITY
2bff4b00-3091-54b3-87ed-6b3518b8833f,ac9da884-e70f-5e68-989b-d403726703c2,HAS_THRESHOLD,APPLICABILITY
2bff4b00-3091-54b3-87ed-6b3518b8833f,24c0660c-23ce-5ec5-8294-c4db1e9f0ffd,HAS_THRESHOLD,APPLICABILITY
f05ebe4e-cdbb-5724-b823-4748d52fdaa5,96ff6238-4910-51ed-9b5a-1e6cb5a5ea17,HAS_THRESHOLD,APPLICABILITY
a38006be-9a99-5578-9071-f7bd667eda24,b6a9a9c0-613e-5fb0-9f19-7848d33a3c3f,HAS_THRESHOLD,APPLICABILITY
a38006be-9a99-5578-9071-f7bd667eda24,0debc08b-d493-5d80-b8a5-94d241a4b3d4,HAS_THRESHOLD,APPLICABILITY
6ab5a576-225d-5d62-9719-bfee822a767e,18fb10f5-f4a5-5e27-8428-53ab78d94a31,HAS_THRESHOLD,APPLICABILITY
6ab5a576-225d-5d62-9719-bfee822a767e,d6b2a85f-c28c-501f-98cd-d22ec091bc89,HAS_THRESHOLD,APPLICABILITY
0d53a623-55d6-510c-a843-7103ef12c068,1d23ef01-1fd7-5cfc-ac3a-3dd6835c5de8,HAS_THRESHOLD,APPLICABILITY
dbe82b03-3549-5802-aac6-67057bea5cea,597b6fb1-50ab-57d9-a1d1-67279d8f0c41,HAS_THRESHOLD,APPLICABILITY
f96654e5-bb0a-5d51-8a5e-cd4deafb70cc,2f35cbce-c284-5008-8310-b2753925a9c1,HAS_THRESHOLD,APPLICABILITY
f96654e5-bb0a-5d51-8a5e-cd4deafb70cc,08cebe17-dbd7-5871-9f27-82e687ebf9a6,HAS_THRESHOLD,APPLICABILITY
f63bca93-3b41-5dc7-9472-6304f15bc2f3,323056fe-f91a-5524-ad57-aad6d1f42510,HAS_THRESHOLD,APPLICABILITY
f63bca93-3b41-5dc7-9472-6304f15bc2f3,0ed7f75b-1b92-561c-80b5-7a50ecafd86f,HAS_THRESHOLD,APPLICABILITY
19fe3ad7-f1be-5b17-bc31-4565434bde14,ccd93ef4-e2cf-5b06-aa12-4192ad2ace04,HAS_THRESHOLD,APPLICABILITY
214357eb-8510-553f-b0bd-679431d1587a,de3f2cdf-7178-58f9-a262-9de4b63d30fc,HAS_THRESHOLD,APPLICABILITY
b8ce7a77-542a-5627-9a85-9e7394a79df3,132493ec-83f2-5b66-ba7e-dd0df9e025a0,HAS_THRESHOLD,APPLICABILITY
5bd1a36b-0fd6-5d6b-b9e2-f468a96fd791,83a0fb70-2e9e-5585-913f-ac2a25a2128a,HAS_THRESHOLD,APPLICABILITY
050c0e71-1902-5a04-9645-dcc57f44b849,b077aacb-ace5-5fd3-92a0-954510254f51,HAS_THRESHOLD,APPLICABILITY
26756a88-bd0c-5324-842e-f3be0bd3ac84,a40303ff-7592-5400-9cef-b334034bd55d,HAS_THRESHOLD,APPLICABILITY
26756a88-bd0c-5324-842e-f3be0bd3ac84,7cf6c97f-8c82-5a76-a091-989d6f9b8fc8,HAS_THRESHOLD,APPLICABILITY
26756a88-bd0c-5324-842e-f3be0bd3ac84,5762f154-aa33-50b1-8ae1-4d23e0409876,HAS_THRESHOLD,APPLICABILITY
26756a88-bd0c-5324-842e-f3be0bd3ac84,17af93fa-72a1-59ae-9c43-f5811f915551,HAS_THRESHOLD,APPLICABILITY
1d1c77d6-e60f-55c1-9e24-85c38eb70082,0ea8c566-2b9f-5f4b-b223-b396c7953304,HAS_THRESHOLD,APPLICABILITY
1d1c77d6-e60f-55c1-9e24-85c38eb70082,4ff1bb2d-877f-55d2-8273-958b06ffe4ce,HAS_THRESHOLD,APPLICABILITY
1d1c77d6-e60f-55c1-9e24-85c38eb70082,c8feb971-c7b4-5a68-966c-b8f09a2a4aa3,HAS_THRESHOLD,APPLICABILITY
1d1c77d6-e60f-55c1-9e24-85c38eb70082,671e171c-ccc3-535f-a85c-e1b04e86ad4a,HAS_THRESHOLD,APPLICABILITY
f8427eac-905b-55a6-b146-2b98ef1ad694,5fc6c733-84f7-54ea-ab51-f2a3255cbbb7,HAS_THRESHOLD,APPLICABILITY
f8427eac-905b-55a6-b146-2b98ef1ad694,c2e595c6-1d88-5688-bf4f-1621524f571d,HAS_THRESHOLD,APPLICABILITY
b307ba3a-11f9-54db-b56c-fc2199e66f43,57040fc1-7a48-5252-8f99-ae8867b1be93,HAS_THRESHOLD,APPLICABILITY
e8f43eac-86bb-5fcf-998a-88b489320693,e3ac78dd-0085-5a9c-bb01-eaff14395437,HAS_THRESHOLD,REQUIREMENT
f4755ba9-1fea-5665-bd23-a4c5154f9108,e05f292d-208f-5954-b575-54320b6d8eb5,HAS_THRESHOLD,APPLICABILITY
4b86efa4-4936-581a-be4f-142050ba6605,026c0040-c657-5a92-8a84-3ea3e4ad66ee,HAS_THRESHOLD,APPLICABILITY
d2b320a0-9fa6-52ab-bdf1-38449aa2e734,e65dcdb0-1410-5dc6-acc9-8afc93752d95,HAS_THRESHOLD,APPLICABILITY
07b45ed6-afd1-52c6-bf91-31cc33591346,1d6f5580-75d4-590e-a37a-e7de70ca0e80,HAS_THRESHOLD,APPLICABILITY
5fe212db-eeda-588e-936e-c6a49f5c28fb,85104239-bb34-5789-a0e0-a940ced9da68,HAS_THRESHOLD,REQUIREMENT
cc0ce081-c448-5155-b167-7ea42adbc7c1,42318093-92ac-51e3-9c5f-b27c637d7762,HAS_THRESHOLD,APPLICABILITY
50fd512f-27e1-57d7-850e-3019cc9136dd,6cc0a83c-757b-5552-a668-760df9042769,HAS_THRESHOLD,APPLICABILITY
50fd512f-27e1-57d7-850e-3019cc9136dd,05d3c542-506f-5fb1-a664-4bd7ac5dcc67,HAS_THRESHOLD,APPLICABILITY
19efb6d5-a6fe-5a7e-9fbd-69edae545dea,bad606cb-9caa-59aa-a9f5-7cc9c5051dae,HAS_THRESHOLD,REQUIREMENT
3c2ce811-f54e-5598-b366-2fb5c60501c1,80c2e53d-cc25-5963-858c-94a888ecca86,HAS_THRESHOLD,REQUIREMENT
66e218a4-abff-5fd2-864a-6bac62356b00,13aaea1e-b2bb-537a-a039-654d83095d90,HAS_THRESHOLD,APPLICABILITY
e21cd71b-9927-508b-b6dc-d8fc179b393f,c3319d14-d701-5177-8ee2-fca237976956,HAS_THRESHOLD,PENALTY_TRIGGER
48d1be6a-1c5c-5752-8c54-adc137ba8773,ec79e77c-d1a3-5b39-8875-e61f9065f685,HAS_THRESHOLD,APPLICABILITY
2595a338-f749-5d60-9120-b509ee27f17f,6383a3c8-de97-5153-a9f9-b4c34db0de20,HAS_THRESHOLD,APPLICABILITY
48c6cc89-040d-57c2-b39b-91d3286f80f1,c5ab7f2d-3b37-53c4-9ae7-267df60e14d8,HAS_THRESHOLD,APPLICABILITY
773b21ab-bbff-5d79-aeb0-2026b698f7c0,99a12725-1236-51e6-9a85-f26a5abe6586,HAS_THRESHOLD,REQUIREMENT
ff8020d8-9c98-548c-8986-94c3cc128ea7,3fb00529-20a7-52be-9b57-f7752242d4ba,HAS_THRESHOLD,APPLICABILITY
88012641-9f92-537e-9307-ad4c6080bd21,9761d243-7a51-5ff3-9374-3ab0491bc41f,HAS_THRESHOLD,APPLICABILITY
88012641-9f92-537e-9307-ad4c6080bd21,930f780f-71bb-50de-b738-9c98c7d05ea7,HAS_THRESHOLD,APPLICABILITY
0cd8d7e9-f592-5287-9944-1a0a58c4c418,4d2f8ced-a88b-593e-88ee-342c3be2b497,HAS_THRESHOLD,REQUIREMENT
1892f266-33be-5eef-9d3d-6e49db7e3320,1f57816f-b53a-55bc-8dd2-e9ac7a9ebfce,HAS_THRESHOLD,APPLICABILITY
9bd052ab-ec2d-5b67-a44e-fbb8b37db563,d25f0626-4a59-58ba-9b58-46058377adfc,HAS_THRESHOLD,APPLICABILITY
9bd052ab-ec2d-5b67-a44e-fbb8b37db563,d09a79e9-9a0a-5ed8-b503-67f73bae71cb,HAS_THRESHOLD,APPLICABILITY
cae0f10c-6fac-55d6-af28-be8bd6712ce7,483b71f4-86cd-5d99-a993-0b34ed02e6ca,HAS_THRESHOLD,REQUIREMENT
cae0f10c-6fac-55d6-af28-be8bd6712ce7,c8acd7b7-d62c-5934-923e-0c78a2493457,HAS_THRESHOLD,REQUIREMENT
1df5e288-4aa3-5483-9566-a896f0aa1f56,2caf63d6-545c-534f-8b61-e39a2c6f68cb,HAS_THRESHOLD,REQUIREMENT
94df7fdb-c759-5e27-8f5e-2c27d7132ab0,174bdc87-c63d-5eea-bc3a-29166401f418,HAS_THRESHOLD,APPLICABILITY
6788e753-373e-575f-ae07-ceae711002a8,54ebce6d-d9b4-5d3d-8760-3f4001006cd9,HAS_THRESHOLD,APPLICABILITY
6f6041a4-025c-533c-8727-00e8fe9d795c,bc19a28b-9b90-5e09-ac3a-f9b6bcdf9ae3,HAS_THRESHOLD,REQUIREMENT
06b0af88-994d-5423-b5e8-c955ce26d764,18ef75a6-dad0-5b77-9472-d1bed6bb0ce8,HAS_THRESHOLD,APPLICABILITY
66666ccb-bce0-5b95-b08e-099e1ca5ac26,f94dd8d6-f983-59d2-892b-96a87bbad9bb,HAS_THRESHOLD,REQUIREMENT
08257373-32c9-5a0f-bc64-300f3a425f95,0ddf2ff0-2824-5ec4-8fea-7e220744bb0c,HAS_THRESHOLD,APPLICABILITY
da25a60a-fbd2-5c26-a31e-d5cee598882c,a023df81-041d-55df-9946-540a1f8f629e,HAS_THRESHOLD,APPLICABILITY
860141ee-1db3-591a-8194-9f7717a5e784,8deaf897-ea28-5f67-a5ea-865529aa766c,HAS_THRESHOLD,APPLICABILITY
860141ee-1db3-591a-8194-9f7717a5e784,5d6371e4-5a9e-5f16-ae2f-2406e352e81d,HAS_THRESHOLD,APPLICABILITY
9883b462-136e-5102-ac2c-26a569aaf390,3bef3c50-c3a1-54ea-9bd1-0a8dea75fe58,HAS_THRESHOLD,APPLICABILITY
9883b462-136e-5102-ac2c-26a569aaf390,03c61a97-40cd-5f23-9805-e2c86aa6ab75,HAS_THRESHOLD,APPLICABILITY
4d82f4d0-a8c3-5dd2-a909-e95b24f743f2,3b085933-108e-50e6-855c-3f19742a7ab7,HAS_THRESHOLD,APPLICABILITY
4d82f4d0-a8c3-5dd2-a909-e95b24f743f2,6a229982-788f-5c33-aa05-2a49a28a2f20,HAS_THRESHOLD,APPLICABILITY
4d82f4d0-a8c3-5dd2-a909-e95b24f743f2,d97a802a-67c5-51c6-ab0d-88e6b778c99d,HAS_THRESHOLD,APPLICABILITY
936b33d1-36a1-5417-a14d-91d23a1217c7,ff8a2e1a-2410-5c33-892a-71da5f3f8987,HAS_THRESHOLD,APPLICABILITY
27476875-635a-544b-960b-0c72b171210f,55356a24-ce9d-5d6b-a364-ea4f428f6375,HAS_THRESHOLD,APPLICABILITY
09c38eff-8d74-5c6a-88c4-c2b42ed3778e,1bb1ddcb-8f81-5c42-8e5c-5cd6a3c474b1,HAS_THRESHOLD,APPLICABILITY
e5232eaa-8351-595b-b0c8-958c269d7008,20a8336e-9731-5e9e-81d2-e0dbd8b88533,HAS_THRESHOLD,APPLICABILITY
4f4ffad4-05f3-549f-9381-3e0d0c107e1a,cd968629-ee51-59ae-9271-f38bb3a19323,HAS_THRESHOLD,REQUIREMENT
08a0b6e3-55db-56e3-aa48-3e3b0590f15e,398a7f9e-9bb4-5c8b-a4c7-07c3f0ccf17d,HAS_THRESHOLD,REQUIREMENT
08a0b6e3-55db-56e3-aa48-3e3b0590f15e,22dfdb89-f2dc-5fb6-9833-e1ccc164ae36,HAS_THRESHOLD,REQUIREMENT
63cab556-b032-5ef9-92ae-ca409e026dab,d028857a-0dfd-5881-8606-37d021f315e5,HAS_THRESHOLD,APPLICABILITY
63cab556-b032-5ef9-92ae-ca409e026dab,3087a5e0-b553-5c2f-b16e-bd2d2e750723,HAS_THRESHOLD,APPLICABILITY
04c78d9d-f780-5570-8b43-9818326caecb,003a01cc-002f-5f38-8c65-47846ccd9f6d,HAS_THRESHOLD,REQUIREMENT
33f96b74-ae9c-5b19-8b80-761c5aebd981,5904c7b7-bfd7-556a-8f8f-4f8b787542b6,HAS_THRESHOLD,APPLICABILITY
33f96b74-ae9c-5b19-8b80-761c5aebd981,ce05f0b8-4cf3-51f1-8066-050a225a1a4e,HAS_THRESHOLD,APPLICABILITY
33f96b74-ae9c-5b19-8b80-761c5aebd981,a9131eaf-9ee0-58e2-888e-6c7be5b92466,HAS_THRESHOLD,APPLICABILITY
54d8794c-f610-5e3d-a0dd-b2be19df32c1,d1a383a8-b55f-5460-b5c3-55f5d47cd710,HAS_THRESHOLD,PENALTY_TRIGGER
ec5c02e8-36b3-5f85-be86-b76cd2799dd2,5baccd1b-4f8c-555a-9aef-46d7f2027bc0,HAS_THRESHOLD,PENALTY_TRIGGER
ec5c02e8-36b3-5f85-be86-b76cd2799dd2,4c5af167-278b-5e45-b240-23554addcedb,HAS_THRESHOLD,PENALTY_TRIGGER
628614f5-5c7e-591c-a6cb-6b6af7f0a33a,37d7348e-ccf7-537f-9b67-add4b69d1159,HAS_THRESHOLD,PENALTY_TRIGGER
cd145485-8dfc-574b-be4b-287454f5deee,0878081e-ae9e-521d-a510-ec4508dfe7f1,HAS_THRESHOLD,REQUIREMENT
b75113a1-b76e-5e9a-b3f3-a672e6095f22,ffc4a775-66e4-58ed-9d0e-8a4586b44257,HAS_THRESHOLD,REQUIREMENT
1e079484-e77b-5aa2-b406-9699015ea17a,7173f961-118a-5b9c-9e5e-8408d4b98961,HAS_THRESHOLD,APPLICABILITY
475715bd-038f-57b1-a43b-42a9daa4daec,5003e28b-dcd3-52b2-b291-f0add2b82165,HAS_THRESHOLD,PENALTY_TRIGGER
c2b34ca1-c2d1-557f-8d3f-0068fa116b42,a97131a6-e767-510a-be65-70154b5718d0,HAS_THRESHOLD,PENALTY_TRIGGER
c2b34ca1-c2d1-557f-8d3f-0068fa116b42,de3cf819-37bb-5e46-b52f-81892f1613b0,HAS_THRESHOLD,PENALTY_TRIGGER
03e4e22e-eb1b-5602-82de-e496b586b971,86535a3d-00cd-5b06-92fa-290863fee194,HAS_THRESHOLD,APPLICABILITY
03e4e22e-eb1b-5602-82de-e496b586b971,b7fc445d-46e5-5f45-b77b-b9c3e13e94d5,HAS_THRESHOLD,APPLICABILITY
2ede85b3-bf33-53dc-acf1-7427a7715a91,74f46184-56d3-5a0a-b4eb-2fb025bf6d1d,HAS_THRESHOLD,APPLICABILITY
abbf6daf-edbf-5a86-8745-a695de762f1c,c14bfd17-ae27-54d7-9cc2-b3f2847975d7,HAS_THRESHOLD,APPLICABILITY
164b4911-4ce1-59a5-8c5a-13d24dc92213,7818e542-1dcb-5cbb-a7d9-636ccc9e8b0b,HAS_THRESHOLD,REQUIREMENT
27c4b09a-9c1e-5d86-a88c-4ad4f54fdf67,82d0431d-8805-5e27-bc83-c3a096ca0cfe,HAS_THRESHOLD,APPLICABILITY
62b5492f-b5b6-5656-b04a-4e6f71549c86,a08b4410-27d6-5b9a-a7dc-3d29c0c48495,HAS_THRESHOLD,APPLICABILITY
3fb50330-bbaf-5f12-a71b-e0c818822777,8fbc6756-2ba9-5dc4-8c26-158eefc82f14,HAS_THRESHOLD,REQUIREMENT
3fb50330-bbaf-5f12-a71b-e0c818822777,bf48b6bd-ef7c-5ead-aef2-04e90a462f1e,HAS_THRESHOLD,REQUIREMENT
fc62cafb-c442-5e40-a962-5871f56be1d9,e5477cab-72a7-5a8d-a9f5-d934728f6d11,HAS_THRESHOLD,APPLICABILITY
579b0dd6-f4f1-5e9e-85c8-6331dd49e777,b279fa5d-02ca-53b7-a41e-c9d3a527ad99,HAS_THRESHOLD,APPLICABILITY
2c2a209c-6acd-57b5-8468-471914e8fb46,88c079b5-794d-57fb-bbb1-7f0d8f3a5156,HAS_THRESHOLD,APPLICABILITY
20aba366-9bd2-57fd-b732-31dde1be98c2,aab56823-744f-5d2e-a28d-7a420a62dd4e,HAS_THRESHOLD,APPLICABILITY
a10bd639-8922-54bf-8c73-8c0febfa27fb,6ad53f15-5c6a-57cd-8fdc-49f957e72488,HAS_THRESHOLD,APPLICABILITY
bee253ee-01a9-5226-b3e0-89b11c46913b,9b3a16bc-f560-58f5-9163-1694b2e3366c,HAS_THRESHOLD,APPLICABILITY
0e29b16c-a6bb-5901-8796-0c2db0f3bb3f,0fe6f538-45e7-5de6-a853-35f30641dbec,HAS_THRESHOLD,REQUIREMENT
f338e0c9-d5a6-50a0-9c9a-26f91080fbdc,4e1987fc-8587-5a15-b661-0760f2b4e3a0,HAS_THRESHOLD,APPLICABILITY
1b2e4fe8-ce3a-5823-afbe-36a509417202,64282d65-f2ab-5448-bfd3-2250fcada62a,HAS_THRESHOLD,APPLICABILITY
9faa82b6-940f-55ea-9e1d-f2b41d15e173,2fc5cc19-c915-5ab5-bfc0-c47b3f2998da,HAS_THRESHOLD,REQUIREMENT
7847c88a-28cd-5ca4-ba27-e6b13413daaf,c12f0806-3432-5b03-a384-33cf8f3a3acc,HAS_THRESHOLD,APPLICABILITY
441afa7f-1f3e-5d80-96be-4e9b9de6bee8,6454f1e8-144c-5475-ada5-52a3000ce5ec,HAS_THRESHOLD,APPLICABILITY
8068bae2-c6f8-5af8-9e23-7f6001a400e3,74ee941d-0f91-54d7-8aad-d05869d2e08c,HAS_THRESHOLD,APPLICABILITY
040c3409-67c6-59f8-a686-b37b6fedd40b,04e80455-a449-5ea4-a18a-36fcfbdb7997,HAS_THRESHOLD,APPLICABILITY
b9eefa51-880b-5f05-9cb9-b166a1113289,396f9b37-4675-5813-89a6-bdd083f5e10d,HAS_THRESHOLD,APPLICABILITY
87e21c91-1a42-567d-97cf-bf41612ecc0f,a4fed2c7-d3b9-5561-a3a6-319d2327de8f,HAS_THRESHOLD,REQUIREMENT
344a6536-85d3-51df-8c25-d3b7029914b3,9449f244-60ae-567d-9b10-670670d94ee4,HAS_THRESHOLD,REQUIREMENT
2acc74b5-b294-5f0a-9411-ef1c7993ad7e,e42b6a82-7705-5cc6-bf94-2068b931fa57,HAS_THRESHOLD,APPLICABILITY
07130d17-39e1-5b28-bc9f-80255b9caeff,fa60f435-ada0-5a14-97f7-389af3429855,HAS_THRESHOLD,PENALTY_TRIGGER
07130d17-39e1-5b28-bc9f-80255b9caeff,abf45020-0216-56fb-9047-d6fe1c553895,HAS_THRESHOLD,PENALTY_TRIGGER
b704a595-fc58-560d-974c-e82ca7b99741,b7c6000d-00c6-5075-9c8e-48a36ac6cfb3,HAS_THRESHOLD,APPLICABILITY
e1ac9643-2944-52dc-b283-b6058b45f9ce,4c1d25b0-82cf-5eca-9a15-d1d1ebe1ed4d,HAS_THRESHOLD,APPLICABILITY
35fffbda-ca30-5bc0-901e-60276c1d16b4,47a6da08-2f37-508a-b82a-e3bfaa1dc5a0,HAS_THRESHOLD,REQUIREMENT
1dafa602-1592-5ceb-bbb1-99e1fcfe456a,48bbf835-f306-510b-bcfc-d4fed80178e0,HAS_THRESHOLD,APPLICABILITY
7e4a6238-de5f-5d47-a8b9-c36168888107,4040ab61-3bd1-533c-bbd7-502c119c67ef,HAS_THRESHOLD,REQUIREMENT
a9f54f0c-4caf-51d3-b6ad-3de6692e9679,23dd09a1-5e72-5543-af18-68da11216c32,HAS_THRESHOLD,APPLICABILITY
2eb21f5e-b95c-51a7-94bd-74d43e16057d,7b3b32fd-f3a7-5764-9ee6-636c0b6f9e56,HAS_THRESHOLD,REQUIREMENT
ab3d186f-c1fd-5ed0-8c31-d46d2a755c98,08b72f42-a3ed-5bd0-8334-e896e43f95f0,HAS_THRESHOLD,APPLICABILITY
45e0312b-e178-51cb-8070-14dca945cad6,6cb38669-b688-5c8a-a15d-97aa558557ef,HAS_THRESHOLD,APPLICABILITY
45e0312b-e178-51cb-8070-14dca945cad6,8f21e1e8-1594-5edd-bd84-3c05e63290aa,HAS_THRESHOLD,APPLICABILITY
45e0312b-e178-51cb-8070-14dca945cad6,084fe165-d88a-5148-bfaf-857496709080,HAS_THRESHOLD,APPLICABILITY
51fdd910-0544-533e-a803-b17d57b8ab8b,b9dcf08f-15ae-5173-ae36-8395a82f939e,HAS_THRESHOLD,APPLICABILITY
51fdd910-0544-533e-a803-b17d57b8ab8b,87f0ba60-2b83-55c3-8532-aa155992b026,HAS_THRESHOLD,APPLICABILITY
e07bab57-278a-58df-b095-4b74c77eef74,dc12041e-fadb-5719-87cc-eec0496581b5,HAS_THRESHOLD,APPLICABILITY
625cda98-cf39-5f0b-b71b-17e0bf0b7f87,61780e2a-24c7-5166-889f-7ee4e5e598a9,HAS_THRESHOLD,APPLICABILITY
e32d2ba4-b409-5ac3-9858-86175b67b897,926ce37e-5e83-5a7f-8619-8bb30ca60f45,HAS_THRESHOLD,APPLICABILITY
ad45df62-5b1d-5645-9af6-09a2bb12a0c9,aa46cbbe-e56c-508c-a363-e43b6263f678,HAS_THRESHOLD,PENALTY_TRIGGER
bf480bc8-9a79-507c-a680-3e2128e701fa,3bd92410-d4af-57df-96fd-d853f0798ea6,HAS_THRESHOLD,PENALTY_TRIGGER
0149f75f-173f-59a0-a95a-c37dae403502,1f54e472-25f1-5f87-bb18-69cf9cc07e03,HAS_THRESHOLD,PENALTY_TRIGGER
dc2d612a-57ae-52b8-9f44-086dcd051c65,d46c2cde-642a-564f-bb37-6dcad2dd415e,HAS_THRESHOLD,PENALTY_TRIGGER
e955d7a4-775e-5753-9c12-11058600fabf,8a178739-1550-5477-afd0-37ac65317d93,HAS_THRESHOLD,PENALTY_TRIGGER
b10e90c6-1d37-59ea-9cc3-d914f46bff7b,db309dd5-a8ad-5a0f-825e-4aec1becc721,HAS_THRESHOLD,APPLICABILITY
1255ac03-5b0e-5ecb-8141-9e0e77763d49,d1bf010a-6cdd-5c85-8fc5-35cb2b0486c9,HAS_THRESHOLD,APPLICABILITY
2e38f576-40ce-5913-9034-65de3b914003,be0c2a24-6ec1-5b47-b312-71d4f0f92265,HAS_THRESHOLD,APPLICABILITY
e77b0050-09bb-583f-95e3-cbdd7472aa68,d2179e2e-c746-5946-9e0d-78e21c09afd3,HAS_THRESHOLD,APPLICABILITY
5172bfb2-9eb3-5b0e-9a07-69045daa2d7d,870bd4c9-cb0a-593d-9f56-af64700591a1,HAS_THRESHOLD,PENALTY_TRIGGER
0756f418-0c61-510c-bfcb-c3a73f2c3cb0,0470b4e1-1229-5737-babf-53a99ea241ff,HAS_THRESHOLD,APPLICABILITY
9774c4b0-407a-51d3-ae07-3e78813bc7f6,facf2572-36f9-541a-a8a6-1c3b8653b401,HAS_THRESHOLD,APPLICABILITY
9774c4b0-407a-51d3-ae07-3e78813bc7f6,630c4439-e454-5060-9af6-48302267fa4d,HAS_THRESHOLD,APPLICABILITY
9774c4b0-407a-51d3-ae07-3e78813bc7f6,7c426832-6c13-58c2-9207-017259475d9c,HAS_THRESHOLD,APPLICABILITY
7580e755-301f-525d-b1e0-2cef0ace5505,101c846f-f6b7-591a-9673-77d2450ac75d,HAS_THRESHOLD,APPLICABILITY
71f41df3-e4bd-52bf-af4c-e6e789d68494,73b70b37-4c3f-5e92-b743-af5ac5821096,HAS_THRESHOLD,APPLICABILITY
0f1735eb-ff52-539d-9a0f-5fb284698c92,c13ba0c4-6168-53a8-aabd-638e5e9090d2,HAS_THRESHOLD,APPLICABILITY
59e6188f-be64-5bdb-aab9-05dfe67158d1,311092c3-912f-581f-ba1d-3164df7dcf21,HAS_THRESHOLD,REQUIREMENT
59e6188f-be64-5bdb-aab9-05dfe67158d1,2e9e8160-ffbb-5d77-a422-549223cd48ff,HAS_THRESHOLD,REQUIREMENT
f7056ba6-60e0-5508-8c9e-76b3fb68f313,e0cf1b04-7d15-5908-b7b8-c695c79ed6c8,HAS_THRESHOLD,APPLICABILITY
e4f3fe9f-7517-59e4-96e2-4c4a21d05afa,4e099e7c-db38-57e9-916c-526395f47140,HAS_THRESHOLD,APPLICABILITY
fbb51980-61e8-580c-bb96-c38499b6c258,4448e962-f031-57f4-b6c0-f7193da496fa,HAS_THRESHOLD,APPLICABILITY
fbb51980-61e8-580c-bb96-c38499b6c258,59a5628a-6f7f-5fb7-9588-cbff43eb1327,HAS_THRESHOLD,APPLICABILITY
fbb51980-61e8-580c-bb96-c38499b6c258,b80358c3-b496-5178-a176-94d3557a2ff8,HAS_THRESHOLD,APPLICABILITY
4d3944b3-e2af-5d38-9161-5f53427d37b6,96b28898-1ca1-5dd2-9f1f-66e84862959b,HAS_THRESHOLD,REQUIREMENT
ec57c40f-4933-5727-baa5-aa145a05c1ff,75528fda-051f-5503-9ebf-8829c32b555c,HAS_THRESHOLD,REQUIREMENT
d1a25a8a-29a3-53e2-bd68-8815e9e21a34,94a862c0-533e-5794-84ee-db9166811396,HAS_THRESHOLD,APPLICABILITY
6a559247-8d39-507e-838b-52f38d54629d,9daa0d4e-29c0-5331-87a5-987ca159246f,HAS_THRESHOLD,APPLICABILITY
6a559247-8d39-507e-838b-52f38d54629d,f531f110-dc30-5bdb-8cdc-7a60f54f9e4b,HAS_THRESHOLD,APPLICABILITY
6a559247-8d39-507e-838b-52f38d54629d,0b5f9ee2-7fd1-5558-857d-cdb6b62ddcd1,HAS_THRESHOLD,APPLICABILITY
6a559247-8d39-507e-838b-52f38d54629d,0e363b0c-2cf6-54fc-8b54-6dd7438e097f,HAS_THRESHOLD,APPLICABILITY
6a559247-8d39-507e-838b-52f38d54629d,d9439831-da7b-5e78-b2cc-ed2e3e9c1377,HAS_THRESHOLD,APPLICABILITY
bcffa206-fff9-55aa-9f08-f29b8823c7d7,4d96cb5d-9388-50c4-8333-29d9b0e91501,HAS_THRESHOLD,APPLICABILITY
6e065705-0092-52fc-9a87-93e283dac416,7e7391a9-910b-54df-8e8d-0a06d47e4dd3,HAS_THRESHOLD,APPLICABILITY
127b8325-5b1d-5606-9e49-4f17d0a5455c,ceb8ae38-b351-56fb-88b2-5fce5038880d,HAS_THRESHOLD,APPLICABILITY
23dbe2fe-aed6-5dba-b52a-a79408552b6c,515323bc-98b5-5405-9d33-f3a0c5edc875,HAS_THRESHOLD,APPLICABILITY
05964958-acca-5b4c-a21d-e4d86b43c1f0,9fed099b-1e9d-56ca-a81a-4c52ca86e53e,HAS_THRESHOLD,REQUIREMENT
05964958-acca-5b4c-a21d-e4d86b43c1f0,09fa4e10-0311-5db2-8757-61016b830e34,HAS_THRESHOLD,REQUIREMENT
5d52c3ef-b5db-52e3-a5d3-1dd8ae909a1c,fa897194-8779-51fa-8ed5-da5751460a86,HAS_THRESHOLD,APPLICABILITY
da467b5d-d9bc-582c-8348-0de379d18d73,c419a13a-70f2-5f2f-b13a-98c3f3e194a5,HAS_THRESHOLD,APPLICABILITY
c0c822b2-c09d-5a08-a695-a99ee5ff10e8,b4c1a7db-640a-5c9c-aa5d-f5b6f15e0095,HAS_THRESHOLD,APPLICABILITY
51f2e9ad-b81f-5547-baa9-364112a3829a,4eb3fe38-ff87-52ee-967b-09c84deff20f,HAS_THRESHOLD,APPLICABILITY
4ac08f01-15f6-5ea7-ac04-ba2286d92e28,8afb4a97-8202-5938-bd0c-a3390ca52cd7,HAS_THRESHOLD,APPLICABILITY
bfe65e0e-ef58-556a-a381-1296ecb1293e,2d3546fa-7be3-550d-a691-d11e69084a52,HAS_THRESHOLD,APPLICABILITY
95c9a919-ab05-5a9f-be5c-a785d4138666,d226a356-04c9-55c5-8a47-10629975a14e,HAS_THRESHOLD,APPLICABILITY
a9f96ca4-96cc-5f5a-9be4-e53e5ac9bf18,4e7aabbb-ea40-5119-897d-fd2a52825834,HAS_THRESHOLD,APPLICABILITY
631c603d-3f8f-5d49-b23d-bccf28f0b74a,af527d04-8576-5a43-b269-2f045bdbb806,HAS_THRESHOLD,APPLICABILITY
6ac29fd9-0f08-50ee-a3fc-afa4c6a4a5d3,720774ad-74e2-5952-8792-b41d2c400190,HAS_THRESHOLD,APPLICABILITY
389a53f3-820b-5433-b1b9-f8dd5430f5fb,2877efa4-2f9f-5dc5-a0fb-eea422a3be74,HAS_THRESHOLD,APPLICABILITY
5f542ccb-d115-50fc-ba0b-cfeab36a24b2,16388786-fd84-5713-83b5-ef147e00a27d,HAS_THRESHOLD,APPLICABILITY
4a0b976f-429b-5c4b-86b2-d2e8b122beeb,37e19c6d-d41b-577f-9c5b-12d73615fbed,HAS_THRESHOLD,APPLICABILITY
71a08617-21cc-5788-b1ba-432468f9158b,223431b5-140e-57e4-bd95-9813dff3d162,HAS_THRESHOLD,APPLICABILITY
a3e63ce4-d36a-5179-a67e-19441aeba4af,36674cdf-4abe-5953-9c51-12ea8f252268,HAS_THRESHOLD,APPLICABILITY
d326dc79-9037-587c-a729-a95822e23747,abac43ac-b154-53d3-b946-07e6b7d4f5d4,HAS_THRESHOLD,APPLICABILITY
757faaa4-e92e-50ae-babb-5a1324b0df7a,a206bada-9547-5baa-bfea-e547be19a5e9,HAS_THRESHOLD,APPLICABILITY
5f636668-043e-593e-91b2-69cedae69672,46cad224-92f8-5b09-b320-9cb11c374395,HAS_THRESHOLD,APPLICABILITY
8379c7c7-4a1f-58b2-a110-105c2e6fc127,06f5f69d-f4b3-5c3c-8899-b83e2d0d828e,HAS_THRESHOLD,APPLICABILITY
d5c41b79-41b4-502f-a41d-3447cd1a054a,441b4d04-fd94-5858-b510-c46e67bd5986,HAS_THRESHOLD,APPLICABILITY
334b0976-b6d2-5d05-bc36-44a002aeddde,305f3f3e-8d19-50db-8176-7c562784d0c3,HAS_THRESHOLD,APPLICABILITY
5f365baf-2335-5d39-885a-50b962bdbb84,9e77167e-1e07-5225-a660-fef6a900c2cb,HAS_THRESHOLD,APPLICABILITY
be187ce1-8323-543d-97e7-14483bc2a62e,a680a206-8752-52e5-92c2-7b14cbc40f46,HAS_THRESHOLD,APPLICABILITY
e4f01108-a083-535b-95b1-47c86185e926,b629bec5-f6c2-578a-b95f-14a4bbe61533,HAS_THRESHOLD,APPLICABILITY
eaa1de30-3e6e-5e01-9904-f9082a6e9027,c281f78f-1c33-51a2-8066-8a3fb15e0278,HAS_THRESHOLD,APPLICABILITY
6e099b8a-3cd4-5c07-877f-4a83c6d48408,094c567c-8b36-588d-8d53-030bd8657c99,HAS_THRESHOLD,APPLICABILITY
5be4a090-059c-5d80-8722-97540495254d,f64dbbcb-2a9e-50b1-8e61-1af0116999cd,HAS_THRESHOLD,APPLICABILITY
683c8dcd-cf0a-5812-98dc-1ea2b3979e82,ba93215f-6cf4-59c7-8a45-3c9ac28ce235,HAS_THRESHOLD,APPLICABILITY
65b46cfe-76c2-5dba-af6a-55707b8fbb96,6b177ee9-8cc2-5b1e-a731-d887a909aef4,HAS_THRESHOLD,APPLICABILITY
fb173a07-ac7b-5121-8d07-f2cda6e17f73,52956995-4f0c-5a63-b8c2-85ecf0fe85af,HAS_THRESHOLD,APPLICABILITY
b6f17089-4847-505c-97d6-711db48034cc,ea0a0f1e-58d6-5ff8-a55b-7dbc8c042510,HAS_THRESHOLD,APPLICABILITY
8705f2e8-2ec2-5cad-8910-e7fb8bc9949d,4536cdfd-90d3-5cc3-b4b7-3471c8721e61,HAS_THRESHOLD,APPLICABILITY
20044baf-796c-5dd2-8a07-0f4f9a4fb4c1,fe528f11-8e4e-5578-b46a-d6aec84e4b30,HAS_THRESHOLD,REQUIREMENT
d75b648f-9a84-519d-9b74-955dfa3a24ee,3230f815-7589-50f7-9c84-f61ebe354bf0,HAS_THRESHOLD,REQUIREMENT
75373ab0-431c-5fce-9613-dabbbe808318,5678554f-b2db-51c8-9fdc-7b0b9e37b2b7,HAS_THRESHOLD,REQUIREMENT
b9c249df-26c6-5a84-963c-fa02dadcdb79,2d7bb489-f4d0-5e87-a969-5202e52ac95e,HAS_THRESHOLD,REQUIREMENT
b9c249df-26c6-5a84-963c-fa02dadcdb79,9d58332c-ce81-5f16-a2a1-a9deac52b844,HAS_THRESHOLD,REQUIREMENT
842313d0-0024-5c12-8215-a7e76dd2354a,920ffc1f-ae9f-57a5-b074-fa99bac8e2ca,HAS_THRESHOLD,REQUIREMENT
8736b4b8-fecc-54cb-a3e4-3ad30b7c6e5c,8b90cbd7-04cf-5c67-a972-1acbb27ae69a,HAS_THRESHOLD,APPLICABILITY
1b548348-f6bb-531c-8509-f31e084dbbd3,8606446f-ea93-5b48-86b5-24241d158418,HAS_THRESHOLD,APPLICABILITY
4fcd9bde-8402-5933-b28a-f6e147b7070a,261a651a-b637-5198-b5c6-97e9c31c7506,HAS_THRESHOLD,REQUIREMENT
69877f32-d0a6-5665-8de1-27b956ddac86,be2d5e1f-b6a4-51dd-8c7b-c552799427b3,HAS_THRESHOLD,APPLICABILITY
19d877b2-8f18-5b55-b059-d990703f2a45,297b0ed7-c163-5c44-a84d-b7ff2dfababa,HAS_THRESHOLD,APPLICABILITY
1da37875-594c-51c2-821d-d7b76423fd42,71781590-cb0a-5413-a474-93fc56865f1d,HAS_THRESHOLD,REQUIREMENT
96efe650-6867-54bd-bb27-1d831edfa7e8,770aaee1-8e15-545f-b85a-e42a80a00990,HAS_THRESHOLD,REQUIREMENT
a895de5f-19da-5f98-8f15-5df9b02080a8,f048434b-94f5-591e-b8be-a9ca4cadcedb,HAS_THRESHOLD,APPLICABILITY
2b9e3028-9e2f-5eda-a423-a7a792e1d844,07ed683b-dedd-5e29-939d-637b5dceb4f9,HAS_THRESHOLD,APPLICABILITY
2b9e3028-9e2f-5eda-a423-a7a792e1d844,e5489ad2-cecb-5ae8-b998-169b51f682bd,HAS_THRESHOLD,APPLICABILITY
cb8c47f2-e7d2-5dc0-99a7-76a12ea1639e,061f5fdd-b585-5070-9165-17e9b9feba43,HAS_THRESHOLD,APPLICABILITY
cb8c47f2-e7d2-5dc0-99a7-76a12ea1639e,bf295e4d-71a8-5dc9-9676-f178aebe3191,HAS_THRESHOLD,APPLICABILITY
68f55ecc-4037-5309-a581-46bc91af9658,27549ed9-e40d-5da7-bdad-7d063c8426a9,HAS_THRESHOLD,APPLICABILITY
4344c979-267e-59d1-a170-62ce57dc7540,dac824f3-5683-5af9-a586-7faad838da5d,HAS_THRESHOLD,REQUIREMENT
a92b6630-a42e-5509-83ff-fe8ba99d6472,cd75aea8-f50c-54b5-af38-6047cb6b684d,HAS_THRESHOLD,APPLICABILITY
66412809-7970-5459-bb30-6aa30498d449,9b790084-467d-5de1-b290-8fc55e952566,HAS_THRESHOLD,APPLICABILITY
da2d1e91-a535-5ef3-b2f7-23f2bdba9cc5,0ad4eac0-5e29-5bd8-8cbd-174da0dc8956,HAS_THRESHOLD,APPLICABILITY
da2d1e91-a535-5ef3-b2f7-23f2bdba9cc5,7e03ce40-40ea-513e-8553-062eccdfb3da,HAS_THRESHOLD,APPLICABILITY
00ad5367-ecb4-59fa-ab95-f66178e1df84,bcef1c6a-a860-5545-8b01-f384289d56c4,HAS_THRESHOLD,APPLICABILITY
00ad5367-ecb4-59fa-ab95-f66178e1df84,96745fc0-0e42-5e94-b2fa-146b7fa0d94e,HAS_THRESHOLD,APPLICABILITY
6f758725-a614-5351-bcdd-65a82a11ac9b,83d62767-ad2c-590a-b233-8e9c69757ec6,HAS_THRESHOLD,APPLICABILITY
6f758725-a614-5351-bcdd-65a82a11ac9b,4cd026b3-97e9-522e-b2d1-d01aa5d6c6d8,HAS_THRESHOLD,APPLICABILITY
27e9b991-4012-5e10-8b6c-4628ea917888,a8439582-5fc2-58da-83f3-32a9702809ac,HAS_THRESHOLD,APPLICABILITY
27e9b991-4012-5e10-8b6c-4628ea917888,cc1b00c9-f404-573b-8f4e-9eb12a85bc69,HAS_THRESHOLD,APPLICABILITY
ee52ae21-dfc1-5ebf-9daa-dca782198524,0a4de42e-7cc4-557f-a22f-be911d875e7f,HAS_THRESHOLD,APPLICABILITY
754a7ed2-5114-596e-b59f-7442acaefced,d66fd2cc-ee1f-5a59-b07d-096c2a505ee1,HAS_THRESHOLD,APPLICABILITY
754a7ed2-5114-596e-b59f-7442acaefced,614ffe1a-dd05-5675-9a49-bd606416c3b0,HAS_THRESHOLD,APPLICABILITY
a7be0b8e-e434-59df-9ac8-fb1538b3daed,52904c63-b035-5309-96e3-ff0331f04c0a,HAS_THRESHOLD,APPLICABILITY
a7be0b8e-e434-59df-9ac8-fb1538b3daed,b0080e7c-857b-50d3-b42e-4f8d5e7d4030,HAS_THRESHOLD,APPLICABILITY
00a31aef-72cb-5d09-ab30-0bb4e46391dc,6002ce2a-6ac1-5ca8-aac4-1f7b108004d7,HAS_THRESHOLD,APPLICABILITY
6d64b174-4d57-5fd6-9d35-6f35cd3d5952,9f23bb43-e026-54a1-9be9-b22516242904,HAS_THRESHOLD,APPLICABILITY
eb1720ca-4880-545a-a378-96f2c6120898,bf7311d3-7ffb-57ff-9eb9-6bc096fd8777,HAS_THRESHOLD,APPLICABILITY
4291984a-8c95-566c-8b14-b346f94902f2,9332820d-11ba-58bf-9782-cebc0cf6c304,HAS_THRESHOLD,APPLICABILITY
14c12346-bf8e-5162-8360-c2522c091762,f1ca4141-e3b6-59b8-81d2-6866b49a8881,HAS_THRESHOLD,APPLICABILITY
14c12346-bf8e-5162-8360-c2522c091762,788d30cf-db33-581c-b5c4-8a1b3a85fe3b,HAS_THRESHOLD,APPLICABILITY
1c9c7832-7139-5b9a-af21-234ca4304f5b,d823d223-4768-5ed8-a370-575895bdcd18,HAS_THRESHOLD,APPLICABILITY
c45182c0-a3d2-56c1-8534-9230ebd3197c,91420438-f992-5a3f-8217-e8a694fb6987,HAS_THRESHOLD,APPLICABILITY
090c9d22-a1c4-51ad-955e-8c6489cceee7,7bd32ec7-2f9f-5e12-a43d-e95c8b29a732,HAS_THRESHOLD,APPLICABILITY
1e78f674-5071-5ee3-b40d-d9348929686a,a8f09a5a-02d9-5e1e-9468-ccaf844f467c,HAS_THRESHOLD,APPLICABILITY
42586110-5136-517f-ad7b-daac0a5f7b6b,de160e6f-9b21-51d8-a187-a3f1444e7e61,HAS_THRESHOLD,APPLICABILITY
0fd7efee-9843-5c81-b7f8-fac1ea5afefb,5b214bb7-8277-5aa5-b151-10e0ee8cfa43,HAS_THRESHOLD,APPLICABILITY
6e7ea387-2ae2-5b74-8009-9844e7c2934a,c0692992-a303-5e6e-9593-330c3df220f4,HAS_THRESHOLD,APPLICABILITY
8113117a-e119-5f7d-8400-1fe6628cbfc8,4540e77e-f676-5074-a95b-2af77688338b,HAS_THRESHOLD,APPLICABILITY
735f27d8-10e8-544d-b51b-f4bd0ec279e3,8b9d9b33-42c0-5187-81b7-4395033a0f77,HAS_THRESHOLD,APPLICABILITY
ad92454e-8391-58d0-baf3-11808bd217c1,e9e8e807-bbb7-5e65-8059-e901a4910ef7,HAS_THRESHOLD,APPLICABILITY
ad92454e-8391-58d0-baf3-11808bd217c1,6c2e8c7e-39b2-5b36-9ae0-e4dc4a5a7090,HAS_THRESHOLD,APPLICABILITY
f3a91b52-b868-5f42-ac7f-61f804a28a78,16ce3370-0ec4-56db-bc5d-94fafc32c0a3,HAS_THRESHOLD,APPLICABILITY
81465ca0-25c3-5762-aac6-cb60f582ed0b,15b337eb-d4be-5b32-ba37-f43b55cc18b9,HAS_THRESHOLD,APPLICABILITY
fdba0afe-c4f2-5a4c-9369-3cb571e49e2b,b5059fae-bbf3-50b5-975c-465592226de3,HAS_THRESHOLD,APPLICABILITY
d6f5ef24-5c23-5e20-9ff1-d34d83439b20,9596e3d2-bf39-5274-bab7-ffabc97bd971,HAS_THRESHOLD,APPLICABILITY
e135fcb0-9045-5ef3-9f79-a0a9b5bba41b,aa9a62ec-23ff-57f7-9bd1-a040a0829316,HAS_THRESHOLD,APPLICABILITY
e9c3cc21-e1dc-5cc1-aa4d-a4a086962917,fb9070bd-a67a-5586-97ce-75b1229afdcb,HAS_THRESHOLD,APPLICABILITY
e9c3cc21-e1dc-5cc1-aa4d-a4a086962917,7b8670e2-f38c-568a-ac24-97d2a8677893,HAS_THRESHOLD,APPLICABILITY
bf202e64-17b1-5701-869e-b768266dcffc,493d7f23-dd17-5768-a1f5-48a892e951c7,HAS_THRESHOLD,APPLICABILITY
aab1137f-88af-5de8-ac99-8beb5cbdf775,b57769d5-f567-5d85-af69-92f18e8b0384,HAS_THRESHOLD,APPLICABILITY
68c32fc7-8885-5b8c-8d32-0460ad69e2a2,44c1c10b-2eb0-5d66-84b8-9fbd6e5730af,HAS_THRESHOLD,APPLICABILITY
34e04d4f-8174-5a42-9465-0a53a61165f5,23b251b7-eb84-51f3-9957-2bfd36aeca33,HAS_THRESHOLD,APPLICABILITY
8b65f039-49d1-58c2-add7-5b6b78ec83d3,2fc21f70-6532-55c0-9f7b-a04a390e8568,HAS_THRESHOLD,APPLICABILITY
ea764e6e-0aac-51ba-8c13-08f026dd40d3,340c6884-3f34-5eee-a4e0-5db853375792,HAS_THRESHOLD,APPLICABILITY
757cf241-ba58-500c-8302-0f21b2b311af,8d3ad7cb-ad31-5f18-8185-74f609bd4f7d,HAS_THRESHOLD,APPLICABILITY
eef9aa3d-5517-5ff9-8909-fad7f754c1f1,c51578a6-e2ef-5740-952b-a871c9591f5c,HAS_THRESHOLD,APPLICABILITY
a585b47e-d61c-50e8-bb6e-fd8f847d390f,eb26f902-cc94-5239-9a2e-e3490e0f97cb,HAS_THRESHOLD,APPLICABILITY
3476ce68-3364-5fd0-853f-4cb21c2d0af9,65116d28-c893-50a6-a6c2-301041160170,HAS_THRESHOLD,APPLICABILITY
88d636cf-6855-5375-b4ff-25634abbf2ae,48be23af-ee9f-585b-86cf-57207865a2c4,HAS_THRESHOLD,APPLICABILITY
35f56044-5617-5cea-b8a2-b8b7cf1ba7f2,176e8010-570b-56a6-be46-f4d1ff97a971,HAS_THRESHOLD,APPLICABILITY
1e34cbc1-1305-5f0e-859c-a3eb3b0f3360,c1d05c4d-31e1-5fae-9257-4ffcf08c18e8,HAS_THRESHOLD,APPLICABILITY
1e34cbc1-1305-5f0e-859c-a3eb3b0f3360,1b0cf6c0-e749-5bc2-a7a9-e7aee53ce4a4,HAS_THRESHOLD,APPLICABILITY
2cf7ed16-a9b9-5628-91f7-da63df35b098,ae617652-7bc7-5184-820b-46d7bbda74ab,HAS_THRESHOLD,REQUIREMENT
3fdb4f65-106c-5936-babf-458896a7f97c,4edbb731-3553-5e1c-ab2e-548f2fca4b92,HAS_THRESHOLD,REQUIREMENT
6adc4594-604f-5956-8531-744ad9c0c468,7e05681f-4551-58e0-8664-ad1b980a4313,HAS_THRESHOLD,REQUIREMENT
ef693eca-4766-5505-b472-d481cfce3b86,7f35ae01-de52-5696-828a-e53ac6ffef4d,HAS_THRESHOLD,REQUIREMENT
ef693eca-4766-5505-b472-d481cfce3b86,715490ee-113c-5d38-8bd0-7aff426dfc6f,HAS_THRESHOLD,REQUIREMENT
d086e5ff-ef95-53c9-a152-7759128a4e8b,a71fca56-7975-5ca2-9ce5-a504703336dc,HAS_THRESHOLD,REQUIREMENT
d086e5ff-ef95-53c9-a152-7759128a4e8b,63f2dfc6-d7f6-522b-8aeb-76383a859047,HAS_THRESHOLD,REQUIREMENT
47c61a32-952b-5293-8c24-1f6ec17f18c8,a09d26f6-d462-5d17-831f-94a1226c5040,HAS_THRESHOLD,REQUIREMENT
47c61a32-952b-5293-8c24-1f6ec17f18c8,3ab150bd-85aa-5ed4-964b-76fd5e82590c,HAS_THRESHOLD,REQUIREMENT
47c61a32-952b-5293-8c24-1f6ec17f18c8,474627bf-eaa2-5936-a0dd-c67cbc51150c,HAS_THRESHOLD,REQUIREMENT
47c61a32-952b-5293-8c24-1f6ec17f18c8,c96d8f80-9cba-5d00-8733-ec3f3dc8aff9,HAS_THRESHOLD,REQUIREMENT
07be1665-bb3f-506e-9159-8cb90409f720,6733ebe2-fba4-52ac-8e12-bec7f6aab9e5,HAS_THRESHOLD,APPLICABILITY
b665a2e7-3db2-521d-b612-694c3740621e,fda3e538-34fd-52ea-b4ed-e25b2deb27d5,HAS_THRESHOLD,APPLICABILITY
f35bef8e-cbe1-5fe3-b1eb-1f9aa7353042,e397ad1d-5cd2-534c-9e4a-a1b185caba7e,HAS_THRESHOLD,APPLICABILITY
378deebc-c2a0-5d13-86e0-52c73c3c4cbf,0669bf82-9864-5ac9-b490-68e514a1c659,HAS_THRESHOLD,APPLICABILITY
378deebc-c2a0-5d13-86e0-52c73c3c4cbf,e0e959bd-e842-59bd-b7b6-6686389b7c09,HAS_THRESHOLD,APPLICABILITY
26e2b28e-0ec7-5c38-8d92-57831fb6682f,956667a6-cc2e-50b2-9e06-9bec2607eba5,HAS_THRESHOLD,PENALTY_TRIGGER
8497cefb-c737-500a-b421-0159cbc35c89,f9ee5000-44f8-5c5c-aff3-7d5db0085df0,HAS_THRESHOLD,PENALTY_TRIGGER
20cb8a5d-6e9b-514c-9929-fc35ffa9aa38,7c5c84f7-25b9-5fb7-8111-e7b5b1cb1f58,HAS_THRESHOLD,PENALTY_TRIGGER
6c1c32db-75de-5d6e-86f7-bc1cee9829ea,ba7ebcad-1372-5cec-95b2-2f2d25aba813,HAS_THRESHOLD,APPLICABILITY
b071e2d1-0423-528d-adb8-e2857a32408a,ad71478e-b7a4-5129-9adf-66515bae9022,HAS_THRESHOLD,APPLICABILITY
af24cb74-b2cd-5a42-9ca5-900d2e783c51,979b5361-c2c1-5f81-b1f9-15fe8cc6c082,HAS_THRESHOLD,REQUIREMENT
af24cb74-b2cd-5a42-9ca5-900d2e783c51,a00cf91a-cd8f-5c78-a714-8e7c73dbd4d1,HAS_THRESHOLD,REQUIREMENT
9fd1f4fd-a29b-5c7d-b8be-f2165c336fee,90e74c09-9b41-5fdd-bf91-7838ea438f45,HAS_THRESHOLD,APPLICABILITY
9fd1f4fd-a29b-5c7d-b8be-f2165c336fee,3f27b4fa-b9f4-5c46-941e-a10aea47f29a,HAS_THRESHOLD,APPLICABILITY
a095c746-61c8-5187-9c4d-ebda1961c21f,cda15601-b4cc-579a-9765-c9f0cf138786,HAS_THRESHOLD,PENALTY_TRIGGER
a095c746-61c8-5187-9c4d-ebda1961c21f,302dcd27-a27d-5070-9413-4abdd24b418c,HAS_THRESHOLD,PENALTY_TRIGGER
892b9fc3-dc7f-50b1-9c23-bbcb994cecfa,e6d894d9-4f8d-5b09-b72f-9851110fd946,HAS_THRESHOLD,PENALTY_TRIGGER
3782823d-9bcb-575c-860c-ee13045d79fb,0edd6e08-94d5-5036-a380-fe17338bf214,HAS_THRESHOLD,PENALTY_TRIGGER
e678223a-24d4-5ab4-9a9f-b0fa580d6549,40e7ac0d-08d3-5f89-b142-33ac0723589d,HAS_THRESHOLD,PENALTY_TRIGGER
8977121f-e86e-59a6-acf4-5d74214b4240,3b2bae80-2f98-5f40-98c6-0565e9c1c59d,HAS_THRESHOLD,REQUIREMENT
9968832a-00c3-5d43-80bd-0bc5291079e4,dd9880a7-773f-5533-aabe-c8fc5eaa74c2,HAS_THRESHOLD,REQUIREMENT
4f1538d0-bace-59e9-8197-d3602b1488bd,0d602b5a-0587-5fc7-867e-e3a6c616fdd3,HAS_THRESHOLD,REQUIREMENT
b8632b1b-55fc-5025-a6b6-cee16962ca6c,7fafc592-6115-537c-9523-5a61f8a2b0fd,HAS_THRESHOLD,REQUIREMENT
1dcf0c96-08e9-5ed7-bfd5-2edbae91ef01,91c9498f-4c01-515b-9891-64d12f4a6b3e,HAS_THRESHOLD,REQUIREMENT
49bfa248-721f-5089-acbe-e92ae6a57ef7,86842066-11e9-5fa4-b399-afa2277e03a8,HAS_THRESHOLD,APPLICABILITY
a7673e09-3d09-53dc-bbb9-8842f2cb238a,a803de24-dbfd-557d-8a64-d4977cfacc68,HAS_THRESHOLD,APPLICABILITY
d90c67ee-d620-51a7-bbac-2f7e23d92107,62807684-71ce-5efc-ab58-7b97d9808e60,HAS_THRESHOLD,APPLICABILITY
db8fdc04-ac0d-52b8-a4da-3a60f867ccdd,5057a99b-5868-5b78-9621-3f21e46bcc14,HAS_THRESHOLD,APPLICABILITY
db8fdc04-ac0d-52b8-a4da-3a60f867ccdd,afc1c3aa-861f-5c2b-bdcd-bfef6f55e233,HAS_THRESHOLD,APPLICABILITY
a9bc238e-7c56-5364-b36c-7261c1796cff,805c7ef3-f896-5a0a-941d-62b264f49a24,HAS_THRESHOLD,APPLICABILITY
a8fe43a1-5ec8-5bee-bf21-61a2242a303a,2ce54790-d6c8-5d8e-8b22-aa853052072a,HAS_THRESHOLD,APPLICABILITY
a8fe43a1-5ec8-5bee-bf21-61a2242a303a,e8f3aaa0-32a1-52f7-9117-7df12df62b9f,HAS_THRESHOLD,APPLICABILITY
75c4a081-41cc-5911-b2a0-b5fa095dd79e,ecbe5b8b-c193-5690-8c32-3709ddfe0747,HAS_THRESHOLD,APPLICABILITY
2a9fbd9a-8de9-5906-8f2b-b80e998d960d,3dc9ca6c-fc81-5dd5-8445-78e53a928e07,HAS_THRESHOLD,APPLICABILITY
bdba92b8-c7ba-53ca-9c18-c7c7339aec84,7828e5c4-c9fd-51c0-b18a-16e7959e1971,HAS_THRESHOLD,APPLICABILITY
1e395a3d-9738-5ad8-9102-2886a44bf1b3,2fab5071-5cb6-5e3a-83f6-16d39e15543f,HAS_THRESHOLD,APPLICABILITY
4a2b3f5f-06bc-55b6-bce0-332899d483bc,77629105-fc35-57b5-aeb0-5a4959477d7f,HAS_THRESHOLD,APPLICABILITY
e834ca99-8f74-59b5-996c-1ae8cd561eda,9773ea37-1adc-573b-bd2f-9a1b40811369,HAS_THRESHOLD,APPLICABILITY
952ab018-1b40-51d3-831d-13636e252242,e4dafc70-7667-5c1b-92da-6519a930bda9,HAS_THRESHOLD,APPLICABILITY
952ab018-1b40-51d3-831d-13636e252242,7711f67f-c467-528e-b803-2e2a5839b92a,HAS_THRESHOLD,APPLICABILITY
d8d306f8-c628-5e3d-a00e-436790ed26d6,1ac054da-dce5-501f-bf43-1905ce581769,HAS_THRESHOLD,APPLICABILITY
d8d306f8-c628-5e3d-a00e-436790ed26d6,10295daf-e7ec-5dec-a512-6fec76bf14e1,HAS_THRESHOLD,APPLICABILITY
8078a597-6de0-53a6-a387-4e516420b376,312867f2-e2f1-5d89-a6e4-39bf8d1f386b,HAS_THRESHOLD,APPLICABILITY
8078a597-6de0-53a6-a387-4e516420b376,0bc406df-3a29-5817-b673-13b86021612a,HAS_THRESHOLD,APPLICABILITY
31f2bd7b-3790-51d7-8aa3-c139a1a4820e,d4eeabfb-cb64-566c-9406-0d4dd4614ce0,HAS_THRESHOLD,APPLICABILITY
31f2bd7b-3790-51d7-8aa3-c139a1a4820e,6b63a097-9c7f-5a53-9904-83107a9483cc,HAS_THRESHOLD,APPLICABILITY
d3ee9aee-3ce8-518c-a69a-6a9ef9dc7f4f,1c0ebb40-b38e-50a3-849a-2cdaaaefddf0,HAS_THRESHOLD,APPLICABILITY
8735fe84-7e0a-56a8-8236-67100b810124,9f11dc3d-0b3f-5bfd-906b-cae468686ab1,HAS_THRESHOLD,APPLICABILITY
8735fe84-7e0a-56a8-8236-67100b810124,84e98115-b44e-56d5-90bc-74c7ff1d7ae1,HAS_THRESHOLD,APPLICABILITY
9233d591-5430-5b90-8b26-f6da15a679a0,2d28285f-5cd6-520e-a32c-973e7df371e4,HAS_THRESHOLD,APPLICABILITY
9233d591-5430-5b90-8b26-f6da15a679a0,d2220277-f93b-5040-b4d7-244d60d0e41d,HAS_THRESHOLD,APPLICABILITY
0c01c59d-9530-5911-8d5c-d455b203abed,b84c302e-31e8-58b5-9232-32e4981aeb61,HAS_THRESHOLD,APPLICABILITY
818c6844-2443-5fd4-a215-6305c7ad2037,b13250c1-4f8a-59f7-abcc-8b69f9b6461d,HAS_THRESHOLD,REQUIREMENT
3efb74f3-9e12-5310-8f00-3a5accece94a,fdee611d-81c2-558d-8ac8-a346fcda18b3,HAS_THRESHOLD,APPLICABILITY
93669cdd-efae-53eb-bea6-8c0519fb7c16,5aa6788f-990d-5511-a02b-c27a76e82961,HAS_THRESHOLD,APPLICABILITY
93669cdd-efae-53eb-bea6-8c0519fb7c16,03a28f03-d5e8-53ee-917b-d26023064485,HAS_THRESHOLD,APPLICABILITY
b33b8bb7-1411-5708-8977-4ae2105af254,d441fda4-1d02-5d86-8ea2-796129fd0bd3,HAS_THRESHOLD,REQUIREMENT
b47538a3-639a-535c-8886-e1e0523cf692,7d67111c-be1b-5f97-b6de-803f7c62adf4,HAS_THRESHOLD,REQUIREMENT
4d96e90f-af08-50f4-b516-fa02598ffeb2,ebc1bae3-ed46-5f81-9275-83a510e8f00f,HAS_THRESHOLD,REQUIREMENT
5b27aba1-77a8-57cc-8294-6cb2182600dd,6c387c31-08b8-5dde-8d5f-e3a9078e8ed3,HAS_THRESHOLD,REQUIREMENT
6ed12123-1c59-591b-8dc6-2af198bca2ba,8f729e5f-513e-52e1-9606-e019f7dd4ee7,HAS_THRESHOLD,REQUIREMENT
c47ec9f0-3c2d-5e10-97d5-1d50934d2464,e7d8d085-32f9-5966-9b23-20f7a6e7cac5,HAS_THRESHOLD,REQUIREMENT
90eb4fec-3a68-573a-b566-dfb2630ececd,dece4781-018c-5bc3-94fc-388f1b6d93f4,HAS_THRESHOLD,APPLICABILITY
0a0ba378-f9ad-5c92-9ca3-2d0f53c9280d,2e31249b-2400-5359-a104-d1603c418a7b,HAS_THRESHOLD,APPLICABILITY
930b9450-7ffd-5926-affa-95e67df09c25,c3053056-3838-5e4c-9bd5-6b6ad491caa0,HAS_THRESHOLD,APPLICABILITY
5a8fa3c9-81b2-51c2-80a4-d2472cfee2ed,bf4753f5-48ca-58dc-a900-e62026ee6d2f,HAS_THRESHOLD,APPLICABILITY
21ca1eda-1fcb-58a1-9c45-4b66bdb19271,3feedb0b-01e4-5784-87c7-529cd3c87717,HAS_THRESHOLD,APPLICABILITY
ab579dcf-b399-516f-b800-4446e2f34dce,63e1dd34-c75a-5859-9abd-1cd9137fcafb,HAS_THRESHOLD,APPLICABILITY
6c67ee71-b724-5724-a80a-06e3e649e6df,749cb4bc-01ab-5389-b217-6fdc07ebde61,HAS_THRESHOLD,APPLICABILITY
6d8492bc-7d3b-5179-950d-41d045a52b2b,99e8fe89-db86-59ab-b032-c30ba0a82565,HAS_THRESHOLD,APPLICABILITY
b184d4ed-3f43-5de7-83a5-a7dc7b84aacd,6b640d0c-ab91-5b5f-80e2-3fa1aaf9f277,HAS_THRESHOLD,APPLICABILITY
8ddc49bc-3e76-554f-8009-ac68467693a8,787a62db-5be2-576c-90b0-6077b15a76de,HAS_THRESHOLD,APPLICABILITY
caae9216-0c6a-5caf-a1f6-d691055bee5d,16655cb6-362d-5cb6-807c-18732e933287,HAS_THRESHOLD,APPLICABILITY
7d488eb8-b2c0-54a6-ad17-9d005a9f37ab,eb46106d-e248-55ad-b44c-0e15b02f0390,HAS_THRESHOLD,APPLICABILITY
d8a3bc62-524b-56c2-a86a-0137eeaee12d,32016816-14c3-5f06-a8f1-8d5cf0d0dd2f,HAS_THRESHOLD,APPLICABILITY
759a3189-ebe3-54c8-852f-19bdbb252543,7796820e-53b7-5ca3-8ca9-62237be6f5f2,HAS_THRESHOLD,APPLICABILITY
2f43cf78-622c-59e9-a154-8c6792f143ae,a0e3fbd5-71d4-5b33-acbc-e280811a2aa5,HAS_THRESHOLD,APPLICABILITY
31453655-ae26-50ad-9d09-71af672e45da,da193483-a34e-515b-8f20-4d6f0696f6c4,HAS_THRESHOLD,APPLICABILITY
d3be2700-58f8-5b7d-9ebb-5df380d85065,95bb6f4c-c1ee-559e-956e-ee4b8d170a6a,HAS_THRESHOLD,APPLICABILITY
9de99bcb-6b5c-5172-8dae-2a6856c6da85,2e10b9fe-226d-5e06-ab86-1d90282ef2a4,HAS_THRESHOLD,APPLICABILITY
44912301-df45-52c6-973f-f535188d3d12,9b52eb0c-b0b7-55bf-be3b-434e7333fb3a,HAS_THRESHOLD,APPLICABILITY
f1b6946e-9270-5d87-8aa9-06e88fa3215d,77e54a62-20e4-56ed-8e45-c0578db75764,HAS_THRESHOLD,APPLICABILITY
5db76e68-b566-5a16-8a5c-d74e638d514c,eedfffd1-607e-5163-b6a6-f0d1833029bd,HAS_THRESHOLD,APPLICABILITY
544b342b-d3c8-5ad2-828a-3e68199bf688,a7e8ebb9-9883-5ce0-9a4b-240bcd6d2e8d,HAS_THRESHOLD,APPLICABILITY
f824fa5e-8708-5e64-8b62-157ff592fb8a,5c56d741-9904-58d1-9e69-a71d57d33c03,HAS_THRESHOLD,APPLICABILITY
7a44cd4a-d0c9-5e6f-ba60-470eb5c2ee81,ae04935a-a39f-570f-b656-4b3d246a2b58,HAS_THRESHOLD,REQUIREMENT
7a44cd4a-d0c9-5e6f-ba60-470eb5c2ee81,db7cdcfd-85e1-5b6d-8c73-e07c6cf83cf4,HAS_THRESHOLD,REQUIREMENT
7a44cd4a-d0c9-5e6f-ba60-470eb5c2ee81,fdd103fd-b025-59c2-b05f-a4030a5b7e2c,HAS_THRESHOLD,REQUIREMENT
7a44cd4a-d0c9-5e6f-ba60-470eb5c2ee81,f3b60374-6665-5e4b-b78f-db582dbf00df,HAS_THRESHOLD,REQUIREMENT
7a44cd4a-d0c9-5e6f-ba60-470eb5c2ee81,4432dea1-0cb7-5334-a430-14ad8e327998,HAS_THRESHOLD,REQUIREMENT
7a44cd4a-d0c9-5e6f-ba60-470eb5c2ee81,7ce3c979-ae58-5fd0-a0e6-86aac5a6fb0e,HAS_THRESHOLD,REQUIREMENT
7a44cd4a-d0c9-5e6f-ba60-470eb5c2ee81,80f6536a-3a95-5d8a-9247-56f5f2ec2875,HAS_THRESHOLD,REQUIREMENT
7a44cd4a-d0c9-5e6f-ba60-470eb5c2ee81,e64de245-9120-5bb3-8dfd-4959e3ea5db8,HAS_THRESHOLD,REQUIREMENT
ce27f83c-8e31-5876-9dab-fa0f27f1a7c3,f51bed4d-ba4f-540b-9fe0-7508b60343eb,HAS_THRESHOLD,APPLICABILITY
1d22b515-2462-50c1-918b-7e1c314a3323,07ec6437-b2d7-55ba-97a8-86496c08f3d0,HAS_THRESHOLD,REQUIREMENT
8f199012-e2a0-54f3-a5b8-943723c265d1,19ee8285-3914-5eaf-a57a-02e02e9a7221,HAS_THRESHOLD,APPLICABILITY
d25666de-4f74-5b87-9ad9-8d281f6908fc,46999356-3e7e-52cb-9a2b-6e37b675e2e1,HAS_THRESHOLD,APPLICABILITY
15b9437e-ce43-5af2-8fe6-4af0e38d24b8,150fdfa1-707f-5d2f-922d-fb2888f502ca,HAS_THRESHOLD,APPLICABILITY
d4ed2e09-33fe-50cc-b36e-c154c0464fb5,8d6688b2-b4f5-5608-b4de-586e3063a572,HAS_THRESHOLD,REQUIREMENT
60a1ddd6-7d1f-52fa-8bfe-f065a351f8cc,8c53f9c0-e77e-5399-b2d8-bdde48c88e25,HAS_THRESHOLD,PENALTY_TRIGGER
6fae6012-381b-587f-b973-26d2cbcf5d76,25fe9c27-6fcf-549c-a8d6-dd3043c7b9a1,HAS_THRESHOLD,REQUIREMENT
190254ea-3f67-5c81-8ac8-e2048bff59b6,96a38eb5-3678-5126-9f0e-a3701805872e,HAS_THRESHOLD,APPLICABILITY
37f777de-7765-5de8-9c1a-d4a5a8c73e7b,a4281657-5601-590f-a3f5-58528e2af129,HAS_THRESHOLD,REQUIREMENT
b9306d6a-0b97-5c0a-8b62-9a10aecda742,69df9b75-4262-56ac-942d-b5c882860044,HAS_THRESHOLD,REQUIREMENT
10b5be90-a436-54d3-a764-09f95c24a3d9,a81080b8-1902-5ecb-b256-1cd75278dc40,HAS_THRESHOLD,REQUIREMENT
6475be5a-5e1e-576c-b42a-40a27779cbe7,d18f52e5-b0f1-5535-b206-6f4600fc17a1,HAS_THRESHOLD,REQUIREMENT
6475be5a-5e1e-576c-b42a-40a27779cbe7,4cb47b84-f2d1-5f22-ad0c-875a63524949,HAS_THRESHOLD,REQUIREMENT
6475be5a-5e1e-576c-b42a-40a27779cbe7,7157ce47-7106-5119-b20b-34a95c203279,HAS_THRESHOLD,REQUIREMENT
6475be5a-5e1e-576c-b42a-40a27779cbe7,34a8e6f1-a948-5e08-83af-2e774ddee3dd,HAS_THRESHOLD,REQUIREMENT
4d233ef0-856c-5501-93f3-422310d7a2bd,71d716cc-21be-56d4-92d0-c122c9e0a8f3,HAS_THRESHOLD,REQUIREMENT
2d548120-1feb-5ea5-9ee0-2f74086ce6a7,2b859095-f4b1-586e-973d-9731012d3ead,HAS_THRESHOLD,REQUIREMENT
2d548120-1feb-5ea5-9ee0-2f74086ce6a7,0240c315-b6a2-5698-8dd2-4c29b4454ca5,HAS_THRESHOLD,REQUIREMENT
ab2dfcc7-232f-578d-a95d-13ef2bca402c,13d7c455-3eb7-5f06-93a4-2b3622c395c5,HAS_THRESHOLD,REQUIREMENT
ab2dfcc7-232f-578d-a95d-13ef2bca402c,4913ce37-8ce8-5324-b04c-b3abfd562ee3,HAS_THRESHOLD,REQUIREMENT
fe842bd9-6be3-534d-899d-ea6997b79dcb,4840ddd0-6481-5feb-8ad6-103d0195c69f,HAS_THRESHOLD,REQUIREMENT
fe842bd9-6be3-534d-899d-ea6997b79dcb,792ebea4-c206-54fb-b5a7-0f2eb64897bb,HAS_THRESHOLD,REQUIREMENT
7341d56e-35a6-553d-819e-a314af15ab37,3b4c6c7c-dc3a-572d-8158-c2ed1db0ed4f,HAS_THRESHOLD,REQUIREMENT
7341d56e-35a6-553d-819e-a314af15ab37,1dcb1e1a-5002-5b13-886c-11a82830afc4,HAS_THRESHOLD,REQUIREMENT
b0bcfca3-fafc-5d7c-9a11-a7776bd395d0,43033fe0-dfb4-58aa-9fcf-a14c9e5bc25d,HAS_THRESHOLD,REQUIREMENT
cae1b276-cf7a-56c4-b9e2-dccd612b00de,524226a3-9050-5d79-91cc-c7c5bfbada8b,HAS_THRESHOLD,APPLICABILITY
cae1b276-cf7a-56c4-b9e2-dccd612b00de,724a2297-f878-5fed-910d-f38d3bc94b23,HAS_THRESHOLD,APPLICABILITY
13bc090b-d1b0-5e71-b7d6-d0f1e7c29dfc,045214a7-a4d6-5a38-b9c1-63909f15c219,HAS_THRESHOLD,APPLICABILITY
f27012cb-5f01-53b8-b5f7-21dcded6d6f0,957708d1-f09d-5c52-8480-9bd30a787b56,HAS_THRESHOLD,APPLICABILITY
8823c377-f769-503f-a865-c4cb1874ca09,17230437-a7ea-5ac7-9de5-9bddc24f164a,HAS_THRESHOLD,APPLICABILITY
7590d965-659c-5dd7-a335-ffb3be842694,ad0829e4-cf1c-555e-96c2-b5d8ed842aea,HAS_THRESHOLD,APPLICABILITY
178613a6-29b4-52c9-be8f-c409661a2bc5,877cc042-6583-5e36-9a3c-96a3808715b6,HAS_THRESHOLD,APPLICABILITY
fe52318d-6933-599f-afed-578b83c1d53a,89c19690-5d46-524f-ab43-8b3fe30374ee,HAS_THRESHOLD,REQUIREMENT
a4d8848a-4c3c-594d-89cf-ef273291f03b,579f31f4-015c-5b48-95fd-8c6512f751e7,HAS_THRESHOLD,REQUIREMENT
57e0f62b-04c9-59cf-a4eb-080330ffaa0e,1d8b1e30-1c3e-5788-9e7d-5582b0510b44,HAS_THRESHOLD,APPLICABILITY
b5f7258c-f8b1-59ed-9e18-8b2a1e6b2276,92f0cad3-c798-562b-80ed-c5d4d6baea15,HAS_THRESHOLD,APPLICABILITY
b4fff95e-89f8-52bd-8c58-1818fc053d97,937d9ca7-3e9a-58a9-b7d3-911504760758,HAS_THRESHOLD,APPLICABILITY
b4fff95e-89f8-52bd-8c58-1818fc053d97,14145ce9-c04e-5494-a670-f5d7782293e5,HAS_THRESHOLD,APPLICABILITY
64b62be0-6ad1-52f8-a25e-b737470dcae5,d7c9ae02-2ba8-58db-b471-1cd777976478,HAS_THRESHOLD,APPLICABILITY
4741b900-b755-5035-9f98-525eac747d2c,aaf5ab99-01cd-5d79-aeda-86b0015a0e86,HAS_THRESHOLD,REQUIREMENT
6a26baa4-e0f1-5e87-a1ca-24f6196ab56a,8565fc5c-f0d5-5e4e-b0e8-50cbafbc68fc,HAS_THRESHOLD,APPLICABILITY
96fff6db-c4fb-51cd-92cf-920834e57319,904b8c61-f58d-5ef5-aa89-b6c74a886a39,HAS_THRESHOLD,APPLICABILITY
f475de9b-5e0d-5e28-9b12-1630da1ef1ea,49b904b1-73ed-5dee-954c-b25cf6d5ac7c,HAS_THRESHOLD,APPLICABILITY
ebfc32f3-770e-5b53-896f-acad4bfb20f4,40387953-8af4-514f-b44f-b4574b43b43f,HAS_THRESHOLD,APPLICABILITY
c5115eac-1624-59b6-a6df-b0f7d4e6b3ef,2873832d-6e1e-5551-8dd1-ce389e8ac6c0,HAS_THRESHOLD,APPLICABILITY
25e2dcd5-312e-5195-a5c0-59d07142e98f,21269c15-3319-5b11-a396-fe007c43382a,HAS_THRESHOLD,REQUIREMENT
937057ad-98ea-5fc9-a996-6b7c9d2e9b5b,e9794a35-a8ae-53ad-91a4-abc430af7a51,HAS_THRESHOLD,PENALTY_TRIGGER
98853112-332e-514d-b6bb-ee2a48d12e35,aa425312-033a-5ab8-aba8-6a6abac1e01a,HAS_THRESHOLD,PENALTY_TRIGGER
b73edfa9-90bd-5faf-9571-2523e0ea85f4,6be0e406-8733-5cb8-881c-3c61f24bbee1,HAS_THRESHOLD,REQUIREMENT
dba06cfe-135c-5240-8732-4661323d38a3,996778de-5f95-5f46-8db8-94bb35288927,HAS_THRESHOLD,APPLICABILITY
6946f7f9-f540-5f81-a7b4-e594d2994e23,37cd3fa9-b646-5001-8285-82cf692833a5,HAS_THRESHOLD,APPLICABILITY
e172586a-8e1c-5144-9490-53c482df5930,42cab966-616b-5e1c-833b-daf900951394,HAS_THRESHOLD,APPLICABILITY
e172586a-8e1c-5144-9490-53c482df5930,fd915483-450f-51cc-8ec8-78824f2de7ed,HAS_THRESHOLD,APPLICABILITY
10f2ae40-e093-5906-b8fe-e8ebb87d9a6c,7e32a9ac-ca55-5197-a969-03f640025de6,HAS_THRESHOLD,APPLICABILITY
10f2ae40-e093-5906-b8fe-e8ebb87d9a6c,33656543-a840-57ec-8634-d0529231ce28,HAS_THRESHOLD,APPLICABILITY
2e81524d-1d49-5b27-8efc-f5cea7b06330,71f163a1-c345-54d1-8246-da7f25087bf1,HAS_THRESHOLD,APPLICABILITY
893ecb86-8fa4-5cbb-a63b-528011357dec,611b2e22-03d1-5d6d-8c80-c83cff76c1d9,HAS_THRESHOLD,APPLICABILITY
7cbcfc43-33f7-5c85-8e68-64dc3df7b2fd,6e065c91-3b06-531c-9ebc-e642df6e7e88,HAS_THRESHOLD,APPLICABILITY
c38e6508-0010-5fb0-8639-08b76964c1c6,8de9aeff-1d37-555d-ac88-d11986e3d21d,HAS_THRESHOLD,APPLICABILITY
c38e6508-0010-5fb0-8639-08b76964c1c6,4a3866d4-24a8-5ab3-ba1d-f287367425be,HAS_THRESHOLD,APPLICABILITY
c38e6508-0010-5fb0-8639-08b76964c1c6,09350f7d-232b-5496-8767-1a21e4d61a6e,HAS_THRESHOLD,APPLICABILITY
535d5f6a-d67c-5021-ab6a-7201dd8487f3,c666cbfc-b52e-5999-a183-034ea7e357e1,HAS_THRESHOLD,REQUIREMENT
4c6d4484-e495-5f9e-bbee-753b29c89b6f,b94a5712-4776-558c-94fe-14a32f0c234a,HAS_THRESHOLD,APPLICABILITY
7fdbdea6-855a-574e-965e-30313f310520,b96ebbb9-974a-5e0f-a859-ce750480f173,HAS_THRESHOLD,APPLICABILITY
6fc9b88c-d2e2-5e3c-890a-fb9bf7d386d3,637b33b0-3be3-576d-9263-e7b4d2fb44ac,HAS_THRESHOLD,REQUIREMENT
27690a9e-4ed9-5789-8342-736568768330,ca0a3461-e517-504d-9b7a-26839fa52b83,HAS_THRESHOLD,APPLICABILITY
4575d027-acc8-5477-8c71-151531d06b72,eadbc018-4f74-58a8-bbc7-bce205447c17,HAS_THRESHOLD,APPLICABILITY
32e2ae76-f824-5bd7-9c3c-e27956d4a406,d77e1dfa-9a3f-5fe4-8875-3757316f34dc,HAS_THRESHOLD,APPLICABILITY
8de26b77-bff1-56f2-9dda-c6f7c0c5340e,cec2f58a-5605-5e0a-94ef-06943ff47add,HAS_THRESHOLD,APPLICABILITY
df2cca44-b6aa-5237-82b8-89979566f77e,057535db-1193-546e-8e8b-511a76a4ae18,HAS_THRESHOLD,REQUIREMENT
df2cca44-b6aa-5237-82b8-89979566f77e,2a79cee6-f35e-5522-a794-31d6eeae3f87,HAS_THRESHOLD,REQUIREMENT
20f56ce2-364b-5497-a106-b5cd8176bb99,b8b9294b-7426-5627-a10e-876071121f88,HAS_THRESHOLD,REQUIREMENT
20f56ce2-364b-5497-a106-b5cd8176bb99,a5d520e0-1674-509f-96fd-e4a280b26053,HAS_THRESHOLD,REQUIREMENT
bb2a1d4d-676f-564c-8129-b66291cb6231,7933f671-7508-574e-a12e-1bc5d20eccaf,HAS_THRESHOLD,APPLICABILITY
3b07f9d9-0775-5dd3-a2a5-ae668a82cdd5,5441a2bd-4a0e-5dfe-9f99-1d1e2c73d649,HAS_THRESHOLD,APPLICABILITY
10493bfc-bc91-5066-a1a0-b2b4cae2b506,79e831c3-7fde-5c78-91b9-c6f8c1a1fc4d,HAS_THRESHOLD,REQUIREMENT
4c0e418b-ba52-5943-ac80-29278e9ba94a,ad4211e6-b146-5149-8795-b104a2ead3be,HAS_THRESHOLD,APPLICABILITY
19008bfb-bf1e-589b-8a8e-e3c29e6161cc,b4148398-8084-5f9f-9e8e-eb67e40d151a,HAS_THRESHOLD,APPLICABILITY
4d138721-0d71-567f-af04-fa0cab3c522f,ac74134e-5f1f-567e-988e-5727c84e6d1e,HAS_THRESHOLD,APPLICABILITY
4d138721-0d71-567f-af04-fa0cab3c522f,48758ed5-f098-58d5-9fdb-7e6e2b973444,HAS_THRESHOLD,APPLICABILITY
4d138721-0d71-567f-af04-fa0cab3c522f,02222edb-7817-5c18-9360-9fc6e5efc0ea,HAS_THRESHOLD,APPLICABILITY
5b277163-71cf-5605-8b53-b956e7915f44,e2bc85c4-ffa2-57d4-b60a-df1c5047a808,HAS_THRESHOLD,APPLICABILITY
5b277163-71cf-5605-8b53-b956e7915f44,288bc30b-0718-55d1-ad02-56b6df62e7f1,HAS_THRESHOLD,APPLICABILITY
5b277163-71cf-5605-8b53-b956e7915f44,7a994939-586d-530c-ba79-d2ffa9107ba9,HAS_THRESHOLD,APPLICABILITY
78a28f13-c557-51c5-9a53-c7a944495d30,c48fff0c-d375-51b4-b2b8-b6944897f1d7,HAS_THRESHOLD,REQUIREMENT
462abc2d-f7a6-58df-8de7-4aad1d0a9e72,6b56857d-12bc-590c-ad1a-c3b8ac6d60fd,HAS_THRESHOLD,REQUIREMENT
b26f0b34-3f53-5662-b8e5-a8a96ddcdb7a,4cb0084d-e700-518c-ba18-bb970b752141,HAS_THRESHOLD,REQUIREMENT
9fd4e811-3929-5a67-835c-87923c8c68be,79b139b5-1874-54ac-81e2-72373393afec,HAS_THRESHOLD,APPLICABILITY
e23ac31a-a458-5a4e-b686-8620e821cf56,732f9d82-0e26-5f7e-b7c6-f01f319c99e2,HAS_THRESHOLD,APPLICABILITY
a18aa2a4-fd1a-5c9b-bf33-bd4a581fae4f,2e8f978f-d30d-5af4-a4e0-05590d9825fa,HAS_THRESHOLD,REQUIREMENT
a18aa2a4-fd1a-5c9b-bf33-bd4a581fae4f,a93df242-4e4a-5da1-a25e-21b0be8d89e9,HAS_THRESHOLD,REQUIREMENT
f501cd7d-c452-580f-b953-0868ac331731,efb3c262-d2ea-5f59-a6e1-68668e9049e7,HAS_THRESHOLD,REQUIREMENT
58450f63-6fb1-5a11-af7c-2ef024f713a0,653e0277-e350-5340-b39a-a2fd848b7b7b,HAS_THRESHOLD,REQUIREMENT
e322cfb0-f1e2-5c5d-a51a-16ab1a88d44a,db67ef51-90c4-522f-9b7c-7ef62a682832,HAS_THRESHOLD,REQUIREMENT
e0e9df1d-0895-5c62-9d66-64a2b153bb35,8bbc0596-f2f6-58b5-8524-2d977ec879c3,HAS_THRESHOLD,APPLICABILITY
e0e9df1d-0895-5c62-9d66-64a2b153bb35,8adaed63-7647-5978-a985-8c9763142f21,HAS_THRESHOLD,APPLICABILITY
e0e9df1d-0895-5c62-9d66-64a2b153bb35,e1a83265-b687-5153-b413-739f01480cbc,HAS_THRESHOLD,APPLICABILITY
e0e9df1d-0895-5c62-9d66-64a2b153bb35,3ac29981-f919-56e6-8e98-21d396e94cdc,HAS_THRESHOLD,APPLICABILITY
e0e9df1d-0895-5c62-9d66-64a2b153bb35,8f9defb4-f96b-5c6f-b96a-0b15cfdf707e,HAS_THRESHOLD,APPLICABILITY
e4371d4a-f73a-5367-8266-6f103b603cee,93582947-4ac3-576f-bad8-8aa09a6b6e9b,HAS_THRESHOLD,APPLICABILITY
1a695740-93a8-5113-9720-8a5120aa41be,547a490e-126e-541e-959d-80d368db5048,HAS_THRESHOLD,APPLICABILITY
37df18b9-ee0c-56b3-9e81-9da46b608ffe,d5762e4f-037c-5a8b-bf49-b87f00a8e754,HAS_THRESHOLD,APPLICABILITY
2f888260-bee4-5eb9-8826-416eb346bdc4,3a9daec7-1d81-5838-8193-c1aa42bf7d0f,HAS_THRESHOLD,APPLICABILITY
6c50f927-08d6-553f-a646-1f7857d263e6,79faf8bc-406a-5659-ac5c-441cd18af335,HAS_THRESHOLD,REQUIREMENT
6c50f927-08d6-553f-a646-1f7857d263e6,09ec9387-eeea-5545-a9e5-b264170e8c37,HAS_THRESHOLD,REQUIREMENT
a18da33d-7eb2-507d-a9f4-e2955c3eaba8,549039e9-6a06-5bc9-94df-89bf8777ede4,HAS_THRESHOLD,APPLICABILITY
0ed005e2-2024-5135-a377-500db4b59530,5b470816-07a8-5d5c-9e9b-c1be51ab09d9,HAS_THRESHOLD,APPLICABILITY
172621d5-f641-5b96-9287-c8155cdc095c,aad4686c-d1ee-5e57-a071-9e5e0071d952,HAS_THRESHOLD,APPLICABILITY
51b3a82b-d093-5517-87a9-b85311aeb2b8,947f9c4c-a182-55fb-ac95-4821511dcf87,HAS_THRESHOLD,APPLICABILITY
089854ae-000d-5d94-af7a-99709e0b6386,055ce5e3-e4e3-5f87-9b69-61a863486ef1,HAS_THRESHOLD,APPLICABILITY
977225f0-965f-57f6-9b0b-8e13e59909b7,4f64cb03-e3e6-53ec-926f-86ffa035b520,HAS_THRESHOLD,APPLICABILITY
2b6279fc-fa5f-5e76-a4a1-1455d3f4b760,e4e75dc7-efd7-5fd6-97dc-1e9830f44104,HAS_THRESHOLD,APPLICABILITY
6d7e7e33-2f6c-527e-a835-272d2dbdbfef,9fa4a83c-9d76-516b-801c-b491a053ceba,HAS_THRESHOLD,APPLICABILITY
aca18219-068e-586c-841e-cf345bebb61e,47addb6c-10a0-5d6d-b4c3-cd7d7b387d7d,HAS_THRESHOLD,APPLICABILITY
a40b8fc4-ad01-50ac-9a36-ea88c44cfbba,ef9ff044-3408-5d0e-a70b-7ab76759fad9,HAS_THRESHOLD,APPLICABILITY
08bce606-bb3d-5a6c-af7c-0b5469090dfc,9d254f85-9f3b-5b0e-8195-d72ae4dfc4fe,HAS_THRESHOLD,APPLICABILITY
43db046d-41e3-51e6-8b0a-08fd71705553,e4268ff7-438e-5e68-8215-a6d82fa56fe5,HAS_THRESHOLD,APPLICABILITY
6c54471e-9aea-5864-9bfa-b00c43819428,492b41ec-7c94-55fc-8fc1-63490ddf0d67,HAS_THRESHOLD,APPLICABILITY
e430d094-125b-5514-9f12-2858e2389773,b524c1fe-8cad-5759-87a9-a67bc98442ee,HAS_THRESHOLD,APPLICABILITY
3258f3ca-bce5-5baf-9c4c-f76fc3a21caf,fe50052f-113b-53f2-ba1f-f205cb8daccc,HAS_THRESHOLD,APPLICABILITY
b52d7c9d-a842-5f1f-a917-9556caa3faea,f21ea378-7c37-522b-9c21-fffb91a5c980,HAS_THRESHOLD,APPLICABILITY
5715f0aa-6465-5adb-bad0-bce5117db662,e96f7590-b5c7-5d13-a811-26998cd4a0d0,HAS_THRESHOLD,APPLICABILITY
88ba5f0e-bd09-5c71-aae7-7c09c8250016,33c57b96-294c-55a0-91d4-2bf104348527,HAS_THRESHOLD,APPLICABILITY
bb330d1c-2511-5ccc-bbbb-ba8769cd93f8,b1979af0-7ba1-5419-9d07-883694a8b027,HAS_THRESHOLD,APPLICABILITY
34fcfad7-f75f-554b-9d93-c15e815aff4b,e9f8dc93-d304-551d-9ac0-4d54eb383e49,HAS_THRESHOLD,APPLICABILITY
59a705ec-ccaf-54ae-847b-fce266ff26b3,df25e3b0-4867-5a15-a2b7-3fef6d720aaa,HAS_THRESHOLD,APPLICABILITY
ff4186f0-ed1b-5555-99f5-8e8d2ef1739f,fdc71f04-a05c-5de4-85be-ea6dc8b2099c,HAS_THRESHOLD,APPLICABILITY
30784e8c-aeed-592f-b84c-b2ba78234cab,b2ac3ef7-cb63-554d-b9a9-6e9d2cc45dd6,HAS_THRESHOLD,APPLICABILITY
5b554eee-e2e3-5b59-a238-dfd4ad76e8d1,966145d3-bcd9-5f32-89ef-4d295e3e50f4,HAS_THRESHOLD,APPLICABILITY
bebea5b0-c5c5-50b1-821b-6490b28c8966,35c576b0-6153-57f6-8807-1156a27320ec,HAS_THRESHOLD,APPLICABILITY
a725ad7c-3d31-5196-bf5f-9b7506045a0a,988117f9-d840-5563-8c5b-a7cbc98e88f8,HAS_THRESHOLD,APPLICABILITY
ea4a9158-ab2f-5a61-b697-40d65b335a40,03abff65-6549-531f-87d4-ff743aba4a61,HAS_THRESHOLD,APPLICABILITY
c0e67019-0321-5c9d-86ca-f58227f8d129,d92f9511-7cbe-5efe-ab2d-69a88c0e03a0,HAS_THRESHOLD,APPLICABILITY
448e2363-26cf-5931-bfe5-a5cf5c92f9de,7a77f88a-6840-5346-b19a-30f6bbfe3fb3,HAS_THRESHOLD,APPLICABILITY
7febba76-2b10-57ea-ac2b-039a270a36a2,2e35300d-dbf6-5de2-96ea-8938d1942038,HAS_THRESHOLD,APPLICABILITY
081f7b5f-ff9b-5a97-a19e-54931452c35a,4198f456-3bb6-58f7-a395-f6fbc929c6e8,HAS_THRESHOLD,APPLICABILITY
338f5657-7f4e-534e-97f6-4f68b705db38,8f86f8f7-7dbc-52a4-a053-101c4cee07f8,HAS_THRESHOLD,APPLICABILITY
5b8ef0bb-6713-5437-81d4-f4df4b5474ab,7b737f6c-123e-533f-b13e-0800c1d6235e,HAS_THRESHOLD,APPLICABILITY
605b0c71-8413-59a2-8b51-bdb3b118fe41,600f2eb8-a04a-5d84-9c56-4ea6544e3560,HAS_THRESHOLD,APPLICABILITY
a30bae39-3b0b-58a8-9fcf-a8b49bda38e4,a9161dee-e714-59c7-94c2-1b6b83573b02,HAS_THRESHOLD,APPLICABILITY
1e085be0-b2a1-55f8-9e6f-353310f4f63e,aebfbf50-731c-5e7b-aa4c-3f8ea959b811,HAS_THRESHOLD,APPLICABILITY
7db65d53-d148-57d9-8931-57471851b2c7,f3f78d11-3342-514c-a5a3-4fee2271a8e8,HAS_THRESHOLD,REQUIREMENT
52a5a2a3-af44-54d9-b9eb-b17a7b15ea23,84f9ce8a-5a01-5514-93ed-cc327afcbd13,HAS_THRESHOLD,REQUIREMENT
52a5a2a3-af44-54d9-b9eb-b17a7b15ea23,f301fa03-0cac-590b-8e19-82123d1ef8a2,HAS_THRESHOLD,REQUIREMENT
508d78a4-b2e3-5ebf-8810-e995323159e3,b25c5b0d-115e-533b-9978-e54e170181ae,HAS_THRESHOLD,REQUIREMENT
22ea8b45-74ca-5651-ac5c-eb947340a05a,a5598e65-cb91-53e2-8660-27f99dce9324,HAS_THRESHOLD,REQUIREMENT
44122ef6-4939-5309-9185-35fb284ca550,bd9b350f-2bd8-5641-92d3-2a6bc2982e43,HAS_THRESHOLD,APPLICABILITY
a7baed04-ecd0-561b-8b7b-c06124e3e34d,1a75e48c-4dbf-5cc4-94ac-5c1a739ce16d,HAS_THRESHOLD,APPLICABILITY
77efea7e-189b-53c3-b2db-2d9fc5d0ee87,4b7fab79-d150-54e4-b706-a69ca7a6187d,HAS_THRESHOLD,APPLICABILITY
b3ce3067-979d-5507-9280-dc590b08a849,a42d9569-6f52-551f-92fb-d1a4f49a794e,HAS_THRESHOLD,REQUIREMENT
2c0be2ea-3da6-57d0-81cb-63f703069a18,6d34c706-d2a1-5e06-b612-aec8ab24974a,HAS_THRESHOLD,APPLICABILITY
3b2fba1f-efa9-5cde-9963-06105712947d,79be0793-d529-5f01-b406-784703a94375,HAS_THRESHOLD,APPLICABILITY
fa9f83dd-9dfd-5982-8c6a-41ed52172783,df15763b-cd8b-523a-8359-41350de762ec,HAS_THRESHOLD,APPLICABILITY
14ea5be3-9518-59ec-b7e6-bd1250e13f7b,d912289d-0c0e-5cd5-81c1-6c7562242c5a,HAS_THRESHOLD,REQUIREMENT
a6dd534c-c52c-5068-9778-8173eadd84bb,762e95ab-526e-5d97-88e3-3e7aacefae78,HAS_THRESHOLD,REQUIREMENT
258a7e3d-4d4e-54ab-a23c-9e681a125fb5,ac5fe89e-251c-5154-9317-347392b35e6a,HAS_THRESHOLD,APPLICABILITY
df07ab9f-adc2-59d3-98a0-fc4b4aa2f21d,c64f68be-95a9-5a9c-b8bb-5de8732f46bd,HAS_THRESHOLD,APPLICABILITY
df07ab9f-adc2-59d3-98a0-fc4b4aa2f21d,342a0ee8-43b0-5244-beb9-d2e91a361088,HAS_THRESHOLD,APPLICABILITY
0cd2a9c5-1642-5869-bd9a-77a5a8cb5860,ef03dca6-313a-5765-a20b-a9ec0c5df11d,HAS_THRESHOLD,APPLICABILITY
0cd2a9c5-1642-5869-bd9a-77a5a8cb5860,563068b8-ae70-5322-8fd7-e9ddbdca9313,HAS_THRESHOLD,APPLICABILITY
6a6c2bde-0653-5ee7-81be-ec2a90ed82ca,91bbd127-1c23-501e-ad8a-23e6b571346d,HAS_THRESHOLD,APPLICABILITY
01a7ae44-fe63-50db-ac37-e70504669e42,dac98ba8-ebb7-52ff-aa65-4bd653cd0de5,HAS_THRESHOLD,REQUIREMENT
25329b72-6fe1-5e94-8935-fb07b7afb5f3,58c93781-3921-57ff-8fec-1f8b95e7d9a6,HAS_THRESHOLD,REQUIREMENT
4a3bc028-6cc1-57e4-b9a8-801850fa63fb,0a7bdcb5-033b-58e2-94ea-05e183715b4d,HAS_THRESHOLD,APPLICABILITY
c4c40c76-916b-58fd-b341-90e832278520,78278568-7c4c-5071-9a19-48a5334bb7e2,HAS_THRESHOLD,APPLICABILITY
f07906eb-729c-5858-bb43-2cd390852d9b,14ab8c11-bc62-52d3-ad58-d07916dde02c,HAS_THRESHOLD,APPLICABILITY
f07906eb-729c-5858-bb43-2cd390852d9b,012a48e2-1922-517f-b012-36ed4f137e22,HAS_THRESHOLD,APPLICABILITY
3df1ed68-dc61-5ec2-90a5-b80358b8bcf7,420126e5-12c4-52f1-b3a6-fac746520a40,HAS_THRESHOLD,APPLICABILITY
3df1ed68-dc61-5ec2-90a5-b80358b8bcf7,e92b13a4-1a83-5904-8a56-61009f563bff,HAS_THRESHOLD,APPLICABILITY
20adcc4d-d14e-5a7c-8da8-5cc1b5ce4d9e,69da9ded-3be5-595e-9781-b74c5bf9f036,HAS_THRESHOLD,APPLICABILITY
20adcc4d-d14e-5a7c-8da8-5cc1b5ce4d9e,4848ed87-94b0-5549-b130-7dce77ee7989,HAS_THRESHOLD,APPLICABILITY
26507374-4d46-5c41-9777-1cd17cb1616c,4b0eb299-b128-50c2-91f0-dc72e26deabf,HAS_THRESHOLD,APPLICABILITY
26507374-4d46-5c41-9777-1cd17cb1616c,5927ef42-4837-53a0-a57c-cc2a5e84c1f8,HAS_THRESHOLD,APPLICABILITY
6be2d84d-e8bb-5c52-8508-8cefc040e22e,a692fb0a-b451-5887-9a23-4486876a5240,HAS_THRESHOLD,APPLICABILITY
6be2d84d-e8bb-5c52-8508-8cefc040e22e,21166c39-058b-5946-bd4c-1d3a60efc43c,HAS_THRESHOLD,APPLICABILITY
3047e79c-a3e8-58d9-9149-78eb7246a851,d89d9763-674b-5554-8631-38346e069849,HAS_THRESHOLD,APPLICABILITY
3047e79c-a3e8-58d9-9149-78eb7246a851,761de707-bec8-5ee4-ac97-f58443a5370e,HAS_THRESHOLD,APPLICABILITY
8ff67b8e-f732-503c-85e1-c8ec81f6a74e,8ded7ae0-5c51-563f-a349-8d65ec1e829f,HAS_THRESHOLD,APPLICABILITY
8ff67b8e-f732-503c-85e1-c8ec81f6a74e,2f33c42b-5210-5231-9b7b-1c854dab190a,HAS_THRESHOLD,APPLICABILITY
d0912ab4-68d9-5507-9464-620968511b36,59ecd0c6-0ad0-5aa5-a0df-b53e5e44c2f5,HAS_THRESHOLD,APPLICABILITY
d0912ab4-68d9-5507-9464-620968511b36,2b5ac2e3-9416-5f44-b461-235062e5e625,HAS_THRESHOLD,APPLICABILITY
96e94c63-a0d1-5509-a470-428e3956e684,ba622349-01d0-5875-9700-1833e80d4432,HAS_THRESHOLD,APPLICABILITY
47192db2-1408-5898-8c66-a8bf1d319ceb,296cf22a-a619-56fe-bee6-d578ca3b52ec,HAS_THRESHOLD,APPLICABILITY
569cd375-64a5-5c21-832e-4e52dffdfd02,456ee03e-ac20-5a20-9c97-28be3b00d2c9,HAS_THRESHOLD,APPLICABILITY
569cd375-64a5-5c21-832e-4e52dffdfd02,a4f4b0f6-410b-53b8-8669-899d50da03e6,HAS_THRESHOLD,APPLICABILITY
30bab118-4111-55e8-9f58-f0b4408526e2,663df1e1-7572-5630-a243-1c722599e17a,HAS_THRESHOLD,APPLICABILITY
30bab118-4111-55e8-9f58-f0b4408526e2,75a73d0f-35b3-537d-9103-21125405ea84,HAS_THRESHOLD,APPLICABILITY
1b90766c-9fcd-5a75-b9a2-ede5e4420b34,a76fe9c4-a57e-5880-90ef-8e19853d55e4,HAS_THRESHOLD,APPLICABILITY
1b90766c-9fcd-5a75-b9a2-ede5e4420b34,3ddaada7-6c99-5f7a-acba-af6a1fb29131,HAS_THRESHOLD,APPLICABILITY
f3da6c87-ca61-550a-9918-5f17917dc920,76555605-f2ec-5604-bca6-a02d3c4896c7,HAS_THRESHOLD,APPLICABILITY
f3da6c87-ca61-550a-9918-5f17917dc920,fce6101d-39f2-5002-b172-6264e4da6e2c,HAS_THRESHOLD,APPLICABILITY
98d60c28-f887-5075-9687-1cc06a630cde,fe542493-5ff5-58c9-be9b-2857a5d36d0d,HAS_THRESHOLD,APPLICABILITY
b47f9718-2632-5476-88fc-f77f3657a723,69a803e2-2dc0-5d0f-bdeb-bb8ded3623bf,HAS_THRESHOLD,APPLICABILITY
cd5a4837-0430-50d2-aeeb-508764288e3f,f3477823-f540-5bd8-ad09-43ebf149c1fa,HAS_THRESHOLD,APPLICABILITY
5e9b4fe5-a041-5128-90b1-3c53ad2cedc6,e071dcfa-65b3-5fc6-a830-0847b582cdd5,HAS_THRESHOLD,APPLICABILITY
b32793a0-1e81-5e15-9657-3e3b2540824d,4d72077e-3d4b-5dcb-9353-bad02baed4c0,HAS_THRESHOLD,APPLICABILITY
9682c305-e32c-503b-bcfc-578b2bcdcc09,2c8f5f67-141b-5f6f-96c4-47687da360bb,HAS_THRESHOLD,APPLICABILITY
c0de2621-379b-5262-ae17-8d2793a2d804,1fe4f002-a3f3-51c4-ad74-140636143715,HAS_THRESHOLD,APPLICABILITY
d0c27844-62e7-5194-88b1-d27e75735e30,b35f00e7-0d13-5bcf-a6b6-a475e7a536f9,HAS_THRESHOLD,APPLICABILITY
a66f160f-5b33-5d8d-ae8f-870bff777872,5bb13a87-8107-545c-af68-aa6dc1be6055,HAS_THRESHOLD,APPLICABILITY
bad73af1-bdae-5a44-a78e-ed1e8156d5b6,a07d1cf7-0eb4-5cbb-bf91-68349c89ca8b,HAS_THRESHOLD,APPLICABILITY
f435a783-8473-51f1-9447-5af604f3f0ef,676054cc-925e-5da9-9a87-ac875998e8bf,HAS_THRESHOLD,APPLICABILITY
f435a783-8473-51f1-9447-5af604f3f0ef,4381bfbf-1148-52f2-a34b-9dc29ff580a1,HAS_THRESHOLD,APPLICABILITY
d0e1e171-8c41-5062-847f-6475a7cfc877,98a00b47-ede0-59b2-99c5-b435cf459c3f,HAS_THRESHOLD,APPLICABILITY
d0e1e171-8c41-5062-847f-6475a7cfc877,5723c34b-221f-5229-8569-9ea15602694b,HAS_THRESHOLD,APPLICABILITY
2f3ca736-5f00-5048-8fcf-bb4c8ba2413e,235ce8f5-3cbc-588a-9d87-3c63bb4ca362,HAS_THRESHOLD,APPLICABILITY
2f3ca736-5f00-5048-8fcf-bb4c8ba2413e,1dca9deb-b77b-58b1-9331-529a2b7c7f5d,HAS_THRESHOLD,APPLICABILITY
ef219080-1374-5751-97fc-68ea5c3f5a91,a4e90c61-d7e2-5c81-abad-04b78bd3b2f2,HAS_THRESHOLD,APPLICABILITY
bb80f7d0-e750-5ae9-ae38-5e82cb586f11,6d67f093-ada9-5339-bd29-512768024338,HAS_THRESHOLD,APPLICABILITY
095eeb05-d251-5410-9f44-02a863b12396,031c60b4-c498-5604-9306-73f11a9dd1c6,HAS_THRESHOLD,APPLICABILITY
dcd6d88a-63b4-50ae-a7bf-d10de3faec0b,c6e82aaa-0172-518d-9680-114a3ddd4d81,HAS_THRESHOLD,APPLICABILITY
71793122-30af-5df9-ad78-4b097016eba7,ba69d096-c460-5b75-9b19-21e7455dc49e,HAS_THRESHOLD,APPLICABILITY
90942e2c-d16e-50e2-9407-0d6582d994cf,ad34db92-3010-5709-934d-d1855f807a3f,HAS_THRESHOLD,APPLICABILITY
97569c77-2cf6-500c-b711-eb42b0aa36b9,babbf5a3-b64b-56f0-b211-d8f81967c7d8,HAS_THRESHOLD,APPLICABILITY
5af7c316-af32-57ab-8790-5ea30f08dbf0,b69484af-c406-588c-8f7a-044a76a63d23,HAS_THRESHOLD,APPLICABILITY
4fb575a5-2d15-58f8-8522-e31f7b641121,28f267de-759e-5988-872b-9bb4a3bfeb47,HAS_THRESHOLD,APPLICABILITY
71eddee6-1cd2-5ccd-8a9c-927efd59f55f,77521af4-8ab6-558d-b0c8-548dc1058816,HAS_THRESHOLD,APPLICABILITY
66fcc7ac-6212-5cd5-964d-f93bd44fd8dc,04e70de6-9279-5a9e-aa77-6b125cb792fc,HAS_THRESHOLD,APPLICABILITY
ce1e33a9-5a35-5cbf-8e2a-a01037174127,48470bf0-426a-535c-b265-69d7a4cd8a46,HAS_THRESHOLD,APPLICABILITY
daa8d743-b469-50fb-88a5-361462f7b3b7,cb5e78ee-beb4-5555-8614-4e10f60392fd,HAS_THRESHOLD,APPLICABILITY
bd8c73ce-6461-5fd6-965d-f4fbb0b353d2,c71c32cc-31ca-5e81-bbfb-ca9e3db3425f,HAS_THRESHOLD,APPLICABILITY
d93394b0-4ec8-5211-bfb4-1e3273322b44,8f034231-a84f-51af-866e-375109fb0843,HAS_THRESHOLD,APPLICABILITY
57335741-227b-556d-b8d7-be2f6f5e60b2,82d3ae24-a346-5979-a525-de03661b0e11,HAS_THRESHOLD,APPLICABILITY
3218a2e5-11dc-5146-8e92-a2e323161aa4,8362f41f-5bde-5b7f-8ac9-6c29fc6ddea0,HAS_THRESHOLD,APPLICABILITY
c522cd2f-e12f-578d-8406-aa7f39a1da26,3cd0b533-cc43-5bad-999e-cc61588230fb,HAS_THRESHOLD,APPLICABILITY
4b738b51-0bc4-5232-ad3b-d0eb7f66c0a1,14665143-2c12-58df-97c4-2b6b2c8660f0,HAS_THRESHOLD,APPLICABILITY
216ebc5e-6e82-535f-864f-78e34fdf8661,6729fcf3-d58c-564e-a105-8a6ca47460fc,HAS_THRESHOLD,APPLICABILITY
13fe4941-7c69-5706-8464-44b37fd0ca74,cca0b773-5bac-5a33-ac5f-dac3f99424b1,HAS_THRESHOLD,APPLICABILITY
13fe4941-7c69-5706-8464-44b37fd0ca74,28c185d0-637d-56ce-bd04-24c7b3e129ae,HAS_THRESHOLD,APPLICABILITY
51b823eb-7c0b-5bd9-9158-e727516a92c8,0a1cba77-cfac-5c9d-9c20-b5ab4ea3ed54,HAS_THRESHOLD,APPLICABILITY
ca64b374-923c-5983-94ba-117f859093f7,883775dc-5f38-5ba3-a9a3-57bee75d5416,HAS_THRESHOLD,APPLICABILITY
78ad6dc7-09a8-55bb-9989-ba23258719a6,0116f80a-e925-5495-aae2-08935db29c53,HAS_THRESHOLD,APPLICABILITY
bdf638aa-2cc0-5a84-bb9e-65a7d3e891c1,fee63199-e4c0-519d-b67f-0dc5e727d109,HAS_THRESHOLD,APPLICABILITY
6ab8916d-05e6-5263-a82d-bd727b316ff8,88a015d0-e3f6-5fcc-931c-205e557e4a20,HAS_THRESHOLD,APPLICABILITY
fd915a3e-b1a9-5dfb-9ca0-c3a6bdb4aeae,25f25331-0025-5eeb-8cec-c464d10f75b5,HAS_THRESHOLD,APPLICABILITY
8fcf38d6-8ebe-5b9a-8edc-d91a6c5fbff9,12caff37-9fa1-5167-b4a1-8d47f278b8cb,HAS_THRESHOLD,APPLICABILITY
c6a849bf-83d5-5a08-b995-eaeb8e623c83,8f80f46d-1652-5233-913c-c9443c9e413e,HAS_THRESHOLD,APPLICABILITY
9c6a4e66-4e16-53b5-b9dc-734d30c85fcd,260ea05c-c712-577e-bfed-d134aadd2d55,HAS_THRESHOLD,APPLICABILITY
b013cd51-27d5-57ba-8879-e0248317e909,4e2f154e-50ab-5120-a3e5-1a5c15962ff3,HAS_THRESHOLD,APPLICABILITY
b013cd51-27d5-57ba-8879-e0248317e909,b2094dec-ef84-542f-9516-7e253c41e414,HAS_THRESHOLD,APPLICABILITY
40b0fee1-17a4-57d9-b78d-9890ad1a393e,fb7e0857-ea05-5cd6-98f4-70553b88d0b9,HAS_THRESHOLD,APPLICABILITY
40b0fee1-17a4-57d9-b78d-9890ad1a393e,0ce5ffe1-b85d-5b4a-9e27-4d26cf96855d,HAS_THRESHOLD,APPLICABILITY
589962a1-6ce2-5705-942b-0ad04caaf864,0d4bc7cc-3ac0-544f-bd1a-65f16dfb1757,HAS_THRESHOLD,APPLICABILITY
2bed3b4d-0b55-5e30-8237-eb61d11caa23,03df68e4-ff2e-534e-938b-65901a9ef196,HAS_THRESHOLD,APPLICABILITY
171818bd-c4ed-5094-ae9b-f13284cb5b0b,ab4cb7cc-1fd6-5c3d-bc95-4f975644252d,HAS_THRESHOLD,APPLICABILITY
9c2e235e-2818-5c7b-ae98-f00a0c62303d,cf855541-f8a9-570e-9c17-fadae5ffdfb0,HAS_THRESHOLD,APPLICABILITY
4f5882b3-e915-5b90-9d87-b801d46242ec,40cdd820-fa06-5593-a855-7404d8eada56,HAS_THRESHOLD,APPLICABILITY
4159bf8d-55bc-543c-87aa-ec90d0668a42,78c159f8-31f2-58ec-9cf7-245007ca4398,HAS_THRESHOLD,APPLICABILITY
b259c7e9-9933-50bc-a6bc-b2e11b968703,1b334358-6b4e-5983-8440-ba10cd4d7710,HAS_THRESHOLD,APPLICABILITY
1ad76e3a-c67d-59c4-811e-562b0a082a98,17db5a0e-6899-565d-9615-8342e8b5e411,HAS_THRESHOLD,APPLICABILITY
e030956d-0e91-5ec5-bfaf-e814523c5ec2,eef67bfe-b396-56e0-a949-4e9e1ad4469c,HAS_THRESHOLD,APPLICABILITY
5cdb1523-c20a-5440-a7ba-9135c25bb705,a442aa10-f048-576c-b032-c59bd2f8f60a,HAS_THRESHOLD,APPLICABILITY
bae7d5c4-5818-5136-a219-12248d8db3fa,d1af1b27-3bae-58d5-bf0b-055d61fc7945,HAS_THRESHOLD,APPLICABILITY
3fd7e0a0-9a1d-573e-bd24-dd55b939d80d,5a10bde3-1af4-59d7-9386-0b7a20d9e997,HAS_THRESHOLD,APPLICABILITY
bd0918e8-6037-53e8-91c2-3bc99e634d98,2184b76a-7496-587d-bab2-acf8e0f00ef9,HAS_THRESHOLD,APPLICABILITY
9cdcd5fe-3bc8-5914-872b-3f578b2d4b3a,5285e8bb-04f8-55f4-9a64-3bae2c08832e,HAS_THRESHOLD,APPLICABILITY
75758546-8ce7-50f0-a3bc-3b8a58121e65,fd69de36-c44c-50a2-b9a3-12c6e8883527,HAS_THRESHOLD,APPLICABILITY
457ecb76-0a5f-588f-bf34-4f7a34f000d4,7c716e44-b57e-5bde-893b-2d3b5968ea2d,HAS_THRESHOLD,APPLICABILITY
4504f9e6-5f76-56c8-b6c0-59046957e49c,86a680da-f760-5495-bb81-cdc88f318417,HAS_THRESHOLD,APPLICABILITY
dbb3ed46-1797-58b8-a240-1f9d27549142,f160c34a-f11e-53aa-8709-41b518a0d602,HAS_THRESHOLD,APPLICABILITY
f29c1c59-1c31-55d6-9577-ecbb8dc00d7e,3986bf9a-1662-54ef-a25d-1deba87623ed,HAS_THRESHOLD,APPLICABILITY
37e5c906-87d9-59c7-b55e-73691e529f2b,964ce015-959b-5381-a151-e4f662630c5c,HAS_THRESHOLD,APPLICABILITY
dccb42a5-d611-5e36-b038-b8dc3ca41b92,defd2ae7-ef6d-50d2-ba8d-6aa0a216a7bd,HAS_THRESHOLD,APPLICABILITY
dccb42a5-d611-5e36-b038-b8dc3ca41b92,09dc7264-6cf2-57bb-94c8-4d3f99267b83,HAS_THRESHOLD,APPLICABILITY
d5367a72-8d97-524d-bade-2e053f0933b9,f3d08c8f-6338-5bac-9d85-99eab0a7f6dd,HAS_THRESHOLD,APPLICABILITY
d5367a72-8d97-524d-bade-2e053f0933b9,a73b5321-89c8-5c3c-a398-d44ec58285f2,HAS_THRESHOLD,APPLICABILITY
6045613c-f7a2-58df-b0c6-fcb5065134e9,401a61c9-860a-55d4-9fa1-6e69e77d5566,HAS_THRESHOLD,APPLICABILITY
6045613c-f7a2-58df-b0c6-fcb5065134e9,a0580be8-e98b-57e5-b5bc-a23c38dee7b5,HAS_THRESHOLD,APPLICABILITY
42de4902-e0bd-5b6e-8fdf-55278ad8cac7,ca009808-dafc-5622-8818-8a5be4dc086f,HAS_THRESHOLD,APPLICABILITY
3a45a20b-190a-5b69-9d6d-dcc141ef5668,bf703dda-cffc-5476-811f-9880348ecc5e,HAS_THRESHOLD,REQUIREMENT
5ad38566-cb80-5396-9527-1cce863c83f9,f5e40807-1355-5002-8f94-e7e9abc08f05,HAS_THRESHOLD,REQUIREMENT
e4cf4a77-f04a-517e-b846-f3bfc878ecb4,9fb5f775-8c87-5778-b442-0c2471cfa187,HAS_THRESHOLD,REQUIREMENT
e4cf4a77-f04a-517e-b846-f3bfc878ecb4,ff8058a8-5f8c-5d5d-a27f-eae03859b0b8,HAS_THRESHOLD,REQUIREMENT
e4cf4a77-f04a-517e-b846-f3bfc878ecb4,a6356740-f0e1-5188-bc64-e390be3bfcbe,HAS_THRESHOLD,REQUIREMENT
e4cf4a77-f04a-517e-b846-f3bfc878ecb4,f6a859e6-1f9f-5f1a-9eb0-50ba2b3cf915,HAS_THRESHOLD,REQUIREMENT
33c4dd5e-2d1c-530e-b0fd-3dfba84e7ba4,979816c6-6f76-5b0e-bb44-56c205a4a495,HAS_THRESHOLD,APPLICABILITY
2c097b6b-353a-586d-96e3-560c5a2f80e1,b7fb1e62-410d-5603-b42e-46d1f9e3eef6,HAS_THRESHOLD,REQUIREMENT
f285b52e-484d-5ade-ada1-53de9a966727,d7f370db-8083-5760-aa48-d85ee995a8cb,HAS_THRESHOLD,REQUIREMENT
6323adb2-35c7-54be-b517-64b43073078c,8b2aa6b3-1f1b-52af-9ec5-a3104abd1536,HAS_THRESHOLD,REQUIREMENT
4602b907-6b61-5625-a85b-f2394fdc7e57,5002ca50-52cb-53e6-a67e-1d08221661a7,HAS_THRESHOLD,APPLICABILITY
808917c1-7db1-5466-ade6-36a4015af70a,0bdf68e7-f903-5804-a7ef-c36dd9349673,HAS_THRESHOLD,APPLICABILITY
dac5722d-2887-56f7-b40d-b867518de309,a428fb65-617f-58d7-90cf-acdbbe714754,HAS_THRESHOLD,APPLICABILITY
ef1584a6-1d2b-58b9-96f6-1c8804df9ad1,1aad5e4f-cba7-5432-b2fe-9bfbfd4cc3d8,HAS_THRESHOLD,APPLICABILITY
8d3ccb62-4afe-500e-baee-f59b89b6a41d,cf1877a3-5e19-59c3-a891-d7e5a7f0e7df,HAS_THRESHOLD,APPLICABILITY
8d3ccb62-4afe-500e-baee-f59b89b6a41d,f6e89c25-e651-5a8d-acee-e29d1b72aef5,HAS_THRESHOLD,APPLICABILITY
d3d63317-7390-566f-84a9-bdf16eb1ca42,a8c8ef9e-5fa4-583c-a7c3-b58ada232ff7,HAS_THRESHOLD,PENALTY_TRIGGER
7f925de7-537b-5115-80ae-5582f02c5351,b53d458f-365b-5dc1-a17c-fcbb6f354905,HAS_THRESHOLD,PENALTY_TRIGGER
aba23958-dc4a-55a8-90ad-a47b13731bd9,00481902-47e3-5ebf-9fee-c10666c0cfa3,HAS_THRESHOLD,PENALTY_TRIGGER
4a4d3707-4b07-5988-a356-de9caabd178a,54c2a844-35f1-5ca7-bb0a-b7e07b07a2e8,HAS_THRESHOLD,PENALTY_TRIGGER
a4ade8d7-571b-5b3a-a074-c3fa5c6e086d,a9519723-9744-505e-acc1-73fcc31d1f97,HAS_THRESHOLD,PENALTY_TRIGGER
75d583f9-4478-5960-bd63-c8df2e4081cf,3df8b95b-0f92-5b69-a419-5c8e070b2e23,HAS_THRESHOLD,PENALTY_TRIGGER
4c3a6650-2dbd-5842-93a6-98f8054af7c3,451d6e3b-6cf1-5ad6-8a6c-c5aebdf1e2e8,HAS_THRESHOLD,APPLICABILITY
c9b6e7b8-115e-5b2b-9758-ab180b56ca2c,3b24c820-768d-5166-a1c7-d39800d9ab62,HAS_THRESHOLD,APPLICABILITY
25abe35d-6e4c-54c4-8820-975de1dd3860,00882ad4-afe1-5d53-bda7-2a7b000fdd4e,HAS_THRESHOLD,REQUIREMENT
25abe35d-6e4c-54c4-8820-975de1dd3860,2de68de2-4ce6-5698-a6b3-142eb06c5107,HAS_THRESHOLD,REQUIREMENT
74346b54-d3af-51be-a2da-cd07ffad820f,712b31e0-3b2d-5185-9868-172c6961a815,HAS_THRESHOLD,APPLICABILITY
74346b54-d3af-51be-a2da-cd07ffad820f,ff1ae325-1ee4-553e-b4c9-c7a467ae92ea,HAS_THRESHOLD,APPLICABILITY
eb091cc9-bb2e-5e3d-b520-388651737c95,41350e8e-36f5-56bd-89b4-de7b9452a62d,HAS_THRESHOLD,APPLICABILITY
39766a15-1a30-55d3-a751-00633b156b84,933f15e0-6725-5a4a-a03d-2d1802f34309,HAS_THRESHOLD,PENALTY_TRIGGER
8a40490d-78b6-5a92-bf10-d5add263b51b,29bd256e-24ed-5f62-bdbb-de7300bd3a51,HAS_THRESHOLD,PENALTY_TRIGGER
52de7a26-2e7d-58f2-8f7e-f881b7d0523c,e8c37511-1742-590e-8123-13b2f2d60c9f,HAS_THRESHOLD,PENALTY_TRIGGER
99e25d51-0e85-5ce5-95dc-c9ef23292fc9,d5da4584-c369-54c7-9d06-f0e7b68ae41a,HAS_THRESHOLD,REQUIREMENT
5a77737b-c6f4-590a-907e-f8c68aba1ffe,d80c1005-cd79-59be-93b1-8d41a788682b,HAS_THRESHOLD,REQUIREMENT
b71c3f2b-ad59-525d-8d46-8d5263475e89,5828558d-0918-54a5-b82a-0fe0f8681f0b,HAS_THRESHOLD,REQUIREMENT
216fe1b7-f1eb-5b25-8385-23b50820ff71,b7580359-91a4-5e1d-874e-72afbb47e9bd,HAS_THRESHOLD,REQUIREMENT
ff563ba7-84af-5e95-9e73-20bdb7d9c679,e785e0e1-f446-5743-8424-e36ddabc864f,HAS_THRESHOLD,REQUIREMENT
5e561b59-53ab-5c8d-961b-f1cf1fed56e3,b03077d0-6743-5db1-ac11-1f5db24ef938,HAS_THRESHOLD,APPLICABILITY
a5a46bf4-b905-508e-b57c-59935f111853,20fdc7b8-4552-53b7-b641-dada9cd7e447,HAS_THRESHOLD,APPLICABILITY
558c7da7-4a5b-5d2d-8932-2a42131aaa4d,3a6634fa-8322-5cda-b701-39e87e1738aa,HAS_THRESHOLD,APPLICABILITY
93a94db4-01b3-596f-af49-31bb383aef27,e89d2d18-732e-507b-9d0c-48b26934e21d,HAS_THRESHOLD,APPLICABILITY
5c44150a-4ec7-5c2e-9f3f-405154aa4add,715a17e2-2c9b-5eb6-8250-759a6282d9cb,HAS_THRESHOLD,APPLICABILITY
b01e3a51-4d9d-5a36-8837-913e7b2f327a,bd44e465-5f5c-5061-8a86-ab1181ae6946,HAS_THRESHOLD,APPLICABILITY
b01e3a51-4d9d-5a36-8837-913e7b2f327a,fa12fc66-35bd-5f05-8fe5-f35695fe9839,HAS_THRESHOLD,APPLICABILITY
a4704314-4032-519d-8a77-8ba703b01bd9,07931a5c-237f-56dc-a8eb-826dfb0208f1,HAS_THRESHOLD,APPLICABILITY
9dc18b99-5e5a-5a1c-b46e-548125e4f676,71525ff1-c23c-518a-a383-22c932d0e8be,HAS_THRESHOLD,APPLICABILITY
399318ff-fa10-5aae-bb53-4527a0666890,9930fec8-339a-521c-b41c-8fa8c9fbe7de,HAS_THRESHOLD,APPLICABILITY
66ba30d2-5e95-5f65-877e-71a51dc4b73d,95650ca2-79f4-554a-b805-5f71186f7321,HAS_THRESHOLD,APPLICABILITY
ba6e2b46-ee7e-55e5-a4b2-0ef340f0c986,006362b5-f838-573a-835c-8deda6656616,HAS_THRESHOLD,APPLICABILITY
8ca71132-a576-5286-bb74-7a9f7633c98a,f9770806-b45b-56ba-be04-c274d6cd1129,HAS_THRESHOLD,APPLICABILITY
7b97247c-a5ac-5e0c-94dc-e0c68f907ad8,c928dea5-fab0-552f-a658-11facc585fdd,HAS_THRESHOLD,APPLICABILITY
7b97247c-a5ac-5e0c-94dc-e0c68f907ad8,e0cb71aa-e381-560f-b851-4d81cc87a183,HAS_THRESHOLD,APPLICABILITY
7d9457a3-22bc-5add-aca9-f323e8b194d0,99ea523a-4209-52d5-b481-f9c162bbeea8,HAS_THRESHOLD,APPLICABILITY
7d9457a3-22bc-5add-aca9-f323e8b194d0,733a856b-459a-5c0f-a205-6ace8d531056,HAS_THRESHOLD,APPLICABILITY
e1d96c79-50ac-54c4-8c3f-9447d350ba34,5127d315-da95-568c-9c89-9266363f5b4b,HAS_THRESHOLD,APPLICABILITY
e1d96c79-50ac-54c4-8c3f-9447d350ba34,adf478b5-e730-53aa-8639-f4b4ae0986f8,HAS_THRESHOLD,APPLICABILITY
0e0fe578-1fc2-53fd-af38-aec6ca233196,92c30182-a6a5-5edf-a047-32ce1fb7dfa0,HAS_THRESHOLD,APPLICABILITY
0e0fe578-1fc2-53fd-af38-aec6ca233196,86cbd5f7-1163-5614-996a-dc3a6defde75,HAS_THRESHOLD,APPLICABILITY
33e3435b-a357-58bf-97dc-08d605da6179,fe9b5518-aaf4-53f5-830b-bcab51b2ec71,HAS_THRESHOLD,APPLICABILITY
33e3435b-a357-58bf-97dc-08d605da6179,1d33f0c3-532b-501e-aa4d-076d96f7f211,HAS_THRESHOLD,APPLICABILITY
49f26763-e836-586b-b738-1c599d210ebb,65d7ea19-bacf-5045-bbdb-5bbbe8ccc004,HAS_THRESHOLD,APPLICABILITY
49f26763-e836-586b-b738-1c599d210ebb,8109d2f6-d088-5ea2-be12-444183744136,HAS_THRESHOLD,APPLICABILITY
f66de4af-0e5e-5b02-b6c1-e5c7bee5a51f,2f3759db-cb14-5bbf-b90a-cf855f71b094,HAS_THRESHOLD,APPLICABILITY
f66de4af-0e5e-5b02-b6c1-e5c7bee5a51f,c76861f0-4156-5653-8181-26bd217045ee,HAS_THRESHOLD,APPLICABILITY
f3389413-2d70-55a9-a862-358d351d739c,24198411-fa63-57e7-89b2-58f60e1ab22d,HAS_THRESHOLD,APPLICABILITY
f3389413-2d70-55a9-a862-358d351d739c,4d2a7161-ecee-574e-a084-04e781ecd3ec,HAS_THRESHOLD,APPLICABILITY
17fa1a2c-fcef-5cd4-b425-616a821cf9b7,d012bca4-829d-5889-9a5a-69ac1990fe25,HAS_THRESHOLD,APPLICABILITY
588878c4-63da-58fb-a8e2-60fb85cd1f3f,48908d4d-5b9f-5250-889c-904f44cef719,HAS_THRESHOLD,APPLICABILITY
e979e6d3-7535-5830-837a-046d186635a6,bfe73c78-b863-5e89-87ce-23c5de45a5f8,HAS_THRESHOLD,APPLICABILITY
e979e6d3-7535-5830-837a-046d186635a6,323439e6-b95f-5e16-a147-7e245d4976b5,HAS_THRESHOLD,APPLICABILITY
2482147a-4fd0-5834-8496-5ac7fab1e538,61029e8b-abc1-531f-a9cd-b0161eed9000,HAS_THRESHOLD,APPLICABILITY
2482147a-4fd0-5834-8496-5ac7fab1e538,90d4c7fe-f68a-5c5c-9618-00ce43268d30,HAS_THRESHOLD,APPLICABILITY
d14e1e8b-4fef-5d14-b072-2ed633b8053f,076b44a2-e0d0-592b-94f4-c2ce8f94d12c,HAS_THRESHOLD,APPLICABILITY
d14e1e8b-4fef-5d14-b072-2ed633b8053f,2a92172f-f5a9-53f6-ac2c-fbe70106c305,HAS_THRESHOLD,APPLICABILITY
88328f7a-a5f2-56eb-825f-f53b74da05cc,b73388ef-3b1f-52b2-b4bd-350c1e57f8ba,HAS_THRESHOLD,APPLICABILITY
88328f7a-a5f2-56eb-825f-f53b74da05cc,742fc7b4-43ef-5ad0-ac5d-4c3dd71d6d75,HAS_THRESHOLD,APPLICABILITY
bd5e0a40-9b3a-5d09-bcf6-e8b145cad1a3,7a71f22a-e358-554e-a6ef-32b84f47dbc1,HAS_THRESHOLD,APPLICABILITY
66faf691-4f9c-5f64-a8c4-5b435016b769,d9dc8faf-0b27-5ee5-96d6-930ecdff12eb,HAS_THRESHOLD,REQUIREMENT
a4559d36-088b-523b-bf96-e5fb9fdbecf1,461738c3-c156-584c-9c7a-f1b95b2d3614,HAS_THRESHOLD,APPLICABILITY
f8b42bc4-6b37-53b2-bd9b-40e9d14e1b04,c88e914e-ec58-5753-a712-6a6f7c398ff2,HAS_THRESHOLD,APPLICABILITY
a3d3d703-db47-5c1e-a5ba-c91d00c30798,bfcffe2c-797b-5505-96bd-493f33d17fcd,HAS_THRESHOLD,APPLICABILITY
e69be624-0075-59f9-8166-01bf4e19b163,2e24dfbb-df5d-5445-bbc5-cff1f3165600,HAS_THRESHOLD,APPLICABILITY
e69be624-0075-59f9-8166-01bf4e19b163,62aaecd1-226d-5822-b163-daae2c07f20a,HAS_THRESHOLD,APPLICABILITY
d43b3744-d1b9-5fd5-8659-a878bae115ff,24ef1f01-0599-59b2-b250-722da4d61bc6,HAS_THRESHOLD,APPLICABILITY
d43b3744-d1b9-5fd5-8659-a878bae115ff,603c99b7-d945-5d17-8b9e-8e2bff966483,HAS_THRESHOLD,APPLICABILITY
ad5c1be0-6f47-507a-9483-d76cea8ab435,764089ce-b02e-5711-8096-a20dd4a67050,HAS_THRESHOLD,APPLICABILITY
f540bed8-e3a7-564b-91fe-9c066d55c077,15f7859b-b2e3-5577-b37d-7b397bb9a915,HAS_THRESHOLD,REQUIREMENT
7a12fe8b-2b9e-5d22-b20f-7b9daf1be87c,a71ced72-eac9-5338-a91a-ad6f5c347008,HAS_THRESHOLD,APPLICABILITY
a08775a8-25a7-5b08-a7f3-a42e7c20817e,068c2b5e-987c-587a-9162-0e025c06006e,HAS_THRESHOLD,REQUIREMENT
711a7835-dd8c-5fff-87fe-b51a768746a2,f6f22506-713e-558f-98f9-9125348e2e69,HAS_THRESHOLD,REQUIREMENT
37896b35-0c1f-5597-90ac-8af6780cafa7,fbc1a4d5-92db-5979-bef4-29d778cbced7,HAS_THRESHOLD,APPLICABILITY
cc06b2ba-8b94-5689-82a5-d8155384ac32,eff9d306-f7e2-5f56-aa1b-37fc24ba60e0,HAS_THRESHOLD,REQUIREMENT
f7de3afc-9250-5c6d-82b2-2b200334e0ea,5de9619e-ee3b-50d0-9ca9-1a6673ed2ec3,HAS_THRESHOLD,APPLICABILITY
c4ba0aa2-e13a-5927-9e4a-da17f7cc2657,87523848-ad3b-5efc-a7b5-a1eea69cdb23,HAS_THRESHOLD,REQUIREMENT
180141e8-b252-5b0e-be00-857ff5edf35f,08fd16d7-fd4d-558a-a068-f446856fdb03,HAS_THRESHOLD,APPLICABILITY
48c07a40-0d59-5d90-b0ae-89fcff3b91a3,fe6f242f-d3db-5886-9eae-1f7cc2ec5797,HAS_THRESHOLD,REQUIREMENT
821775ca-ad33-5ada-a58e-3a2262b3ec0c,638ef036-e399-5527-ad60-c134ba4fcfeb,HAS_THRESHOLD,REQUIREMENT
1c475f30-eefc-5ab2-99f3-dd0da0cd84dc,9614c048-73dc-5953-9905-b981fcc3a100,HAS_THRESHOLD,REQUIREMENT
547a1fab-cf3d-51f0-9090-c6cca0c95a06,b403a4a5-02f8-56a3-be08-571b2f8861e4,HAS_THRESHOLD,APPLICABILITY
2f43a319-8afc-52dc-99fc-b06075348c4c,d4b52377-a843-5779-b0c1-aaf3baaa5de8,HAS_THRESHOLD,REQUIREMENT
3d42db73-6711-5c3f-8a43-76aa992682ee,29d92464-58f2-5bd9-980b-dfbdc1225626,HAS_THRESHOLD,APPLICABILITY
dc9cfc78-3884-54e5-ac5d-4fe53b6edd00,27e55ac4-e10f-50f8-9e95-57e795584be9,HAS_THRESHOLD,APPLICABILITY
a6819a56-a6e4-5da0-8958-160f84131c61,144dc443-c1a9-5c5f-ab1e-0068408c65b3,HAS_THRESHOLD,APPLICABILITY
b20210e0-af89-5a14-a26a-23d13ab73fcd,a5eed187-23cb-56e2-bd0b-db4dfc159f96,HAS_THRESHOLD,APPLICABILITY
819d1fa3-f021-5fc6-87aa-8e5eaeeec380,b0621a46-7bce-5c1d-93f3-1882ffd6ed47,HAS_THRESHOLD,APPLICABILITY
173a0fa9-f146-5e64-a163-a7f4c142e36a,6f83311a-38ce-59aa-8f33-bdd5b5a4e41b,HAS_THRESHOLD,APPLICABILITY
173a0fa9-f146-5e64-a163-a7f4c142e36a,98594496-6136-5b2e-8a05-30c6f298e9ef,HAS_THRESHOLD,APPLICABILITY
ef026282-96be-5ce2-948c-c5dfb92c2da6,decb2388-7060-5500-a89f-0f1c65f85874,HAS_THRESHOLD,APPLICABILITY
ef026282-96be-5ce2-948c-c5dfb92c2da6,4f1214d2-8804-573d-8aa5-63591f5e357d,HAS_THRESHOLD,APPLICABILITY
3fb727ed-1bb5-5a04-adb7-5844a1815aa3,764a3f73-18e2-5361-a28a-cf5db591b230,HAS_THRESHOLD,APPLICABILITY
a7bd4674-1ff2-53c2-9cd7-6e57bb07a475,c743b591-4f87-532c-a780-e4038f7be03a,HAS_THRESHOLD,APPLICABILITY
2c50e679-c417-53c8-bf69-05e22085a8e5,868ca9c3-f2b1-5e13-9e23-ce79178ea9d4,HAS_THRESHOLD,APPLICABILITY
c68dcf97-680a-5a9c-ab47-f649cbfd1e0f,a05abdc0-83cc-5dcb-b371-723ebcae125b,HAS_THRESHOLD,APPLICABILITY
f25d6781-aeed-5a83-a0a0-24cb49a0eb6b,96bd5e9e-1155-530c-acfb-285c0b6ff7db,HAS_THRESHOLD,APPLICABILITY
2314243b-7783-50c6-9138-8e785bdc6ffb,75599635-3cda-5c0e-8566-7ba76da008ba,HAS_THRESHOLD,APPLICABILITY
fc247164-0e3b-5bde-9d84-4f55bedaf193,e453e5ff-042f-51f7-a7ce-4e764edf6dce,HAS_THRESHOLD,APPLICABILITY
cff86317-5828-579e-9c08-43a82719c23e,7252df35-59e9-5c6c-9e7c-8e4a08b3948d,HAS_THRESHOLD,APPLICABILITY
f858ccd4-5c16-54e8-bb6b-f32fd555a481,bb1161a7-c535-5c12-9108-a29b4cc45b8b,HAS_THRESHOLD,APPLICABILITY
fdf9d804-00f3-506c-961b-270dccfa3219,b14b7450-0206-5d3f-a87a-4e5d43b4b8b3,HAS_THRESHOLD,APPLICABILITY
5a35692b-139f-510d-a2fc-1b7ef0299b6a,10d9b9a3-2306-5ac1-a775-1e52eb0ac2f3,HAS_THRESHOLD,APPLICABILITY
e28bdb6a-a903-5c41-bcf5-b927cada87ad,209ae953-b7a9-5398-96f8-38546c4f046d,HAS_THRESHOLD,APPLICABILITY
6e3404e9-5c8d-56ea-b858-5fb16d2c8087,51fb0da4-0d3a-5e66-a942-7236464b092d,HAS_THRESHOLD,APPLICABILITY
8783cd68-a4ac-5d65-8a50-611a735f46f4,edf70652-054f-591f-94bf-0efa7d0325cb,HAS_THRESHOLD,APPLICABILITY
0ce9f122-7143-5577-a468-0e7e03bb8b9d,381c9e06-96d8-5470-b625-9c1856aa4bc8,HAS_THRESHOLD,APPLICABILITY
5a28c90b-db2b-5658-b016-5ed0807b2628,58cb830d-399b-54e6-a25f-3b32de7580de,HAS_THRESHOLD,APPLICABILITY
43ab14dd-0248-5108-8b3b-ad662fdafd00,25d5adf5-0d00-5e15-9c39-d2b700aa1254,HAS_THRESHOLD,APPLICABILITY
19cdbd78-2b25-5f90-ab3e-b01224533fd9,a9eec994-d44e-5c39-b644-6d8d0fa3fa88,HAS_THRESHOLD,APPLICABILITY
bf867622-d4d7-5b10-a862-4d4061686269,e9034001-627a-57d9-bd2e-840a7694b58f,HAS_THRESHOLD,APPLICABILITY
47c92ae1-c2cd-55c8-977a-3e558814d8cc,a89abfa4-81f8-57ca-8ead-d93b68c0d1a7,HAS_THRESHOLD,APPLICABILITY
e1e184f5-097d-553a-a366-3701a957152e,421b3de5-d9e9-50e9-8ecb-4d96e1873af7,HAS_THRESHOLD,APPLICABILITY
93191e75-5506-5caf-9b9b-9639e24498c3,5796ac09-b3a1-58c7-a3aa-3bc3da7b283f,HAS_THRESHOLD,APPLICABILITY
9da7f70a-9fce-5b34-99c3-7f20b1e0ff3c,26f6e2d4-d733-521c-87d9-ec1cdba3ecce,HAS_THRESHOLD,APPLICABILITY
c60916be-1748-5ff8-adff-5b586ff24b0b,1495d6ce-67a7-5d76-b54a-b918c79dc34b,HAS_THRESHOLD,APPLICABILITY
80cf2da8-b606-5d95-8fc2-827cd18a85d5,3fef14c1-7911-5b02-9d2b-1964c1ae8e31,HAS_THRESHOLD,APPLICABILITY
0e673c56-6743-5a6d-8593-6847c12d47a7,6d67c7b3-0a38-5c52-a366-1ced65b68e65,HAS_THRESHOLD,APPLICABILITY
935a7025-834c-57ec-8abe-ff8e00e49853,d215628a-7fa6-55e8-b69e-212a31e104ad,HAS_THRESHOLD,APPLICABILITY
5d98d6f6-0eda-5752-9317-5bc6c01c2f01,efd12277-962c-58c7-a195-325c1a704878,HAS_THRESHOLD,APPLICABILITY
d3b43f60-8d19-56e4-abe0-5ebe70950c15,4284ce31-5946-55bc-9f16-f5a8aeb4dd5e,HAS_THRESHOLD,APPLICABILITY
66bd1f40-1e95-5641-99c3-f124f50daba1,253a4ae8-6c45-57a0-a6af-86f4576d4250,HAS_THRESHOLD,APPLICABILITY
c2790e26-8dcd-59fa-847f-680294270b75,22d11f4c-152f-5f3a-9722-ca8ab83717c1,HAS_THRESHOLD,APPLICABILITY
787186dd-866d-51c4-a00c-7ad77eb6cbfe,2fbd66e2-80bc-54ac-ac13-35bd6c103a8f,HAS_THRESHOLD,APPLICABILITY
4411b868-f23c-5402-b9a6-68ea24c2bf86,fa7ca747-87c2-5b08-8d9c-933520775bf0,HAS_THRESHOLD,APPLICABILITY
fbc9cd65-7f5c-516c-9810-7c7f6dabffc8,bfb709ed-cd05-5a74-ae0e-6ebe724fc3f8,HAS_THRESHOLD,APPLICABILITY
1b9caf30-131b-51af-bfc6-165d629a9a8d,bdd04a25-5ce0-5191-9754-b89beeec7861,HAS_THRESHOLD,APPLICABILITY
67d418fe-35a5-543f-bae4-271760a6fb21,aef9215f-9972-5c45-8842-3c8aed4406ca,HAS_THRESHOLD,APPLICABILITY
c4284a67-0766-567e-92fe-82e128504675,c2b821e5-c54e-523d-a993-b68fe9a89cf1,HAS_THRESHOLD,APPLICABILITY
86dfa0c5-fdfe-58d1-b774-1071dc5bfe08,b74cd363-4b9f-58e3-9343-6b329e65a1ef,HAS_THRESHOLD,APPLICABILITY
207a356f-b028-5a49-80fd-19b7282c35fa,0f04bc18-e86d-55b0-8a11-551417dcf39f,HAS_THRESHOLD,APPLICABILITY
f511d3ce-4d4e-5309-b3b2-c34486eb0bc0,dc094375-996e-5578-9541-ce1fecd3b080,HAS_THRESHOLD,APPLICABILITY
f45e7cfe-d832-5b59-9a03-3644a7f4042d,7f26ae27-f38c-5014-965f-f830c6f0022c,HAS_THRESHOLD,APPLICABILITY
7019ee28-990f-50fd-9d10-ef5e6cc9bc43,5c6d442a-b722-5a71-b32b-62f7ac557470,HAS_THRESHOLD,APPLICABILITY
3eb6eac1-e924-5da4-b730-295a345529c4,2a263a67-e0a6-5cb4-9c0e-bb9a1973f7d7,HAS_THRESHOLD,APPLICABILITY
f896b0fa-cb36-5af1-b1b9-464670f68e94,365da6cf-5bf0-5d57-952d-1fc6a420e6d5,HAS_THRESHOLD,APPLICABILITY
b2bd998b-0347-568f-9cc8-33e4c26561d3,124b1001-7e5c-5446-a0af-c6ee2ce4da77,HAS_THRESHOLD,APPLICABILITY
70f72150-67f0-5661-8ae4-fdeb09492f19,d9766cd8-0645-51ac-be95-b4aef1861ede,HAS_THRESHOLD,REQUIREMENT
70f72150-67f0-5661-8ae4-fdeb09492f19,dc6189f1-775e-5593-96a1-b599f397f1f6,HAS_THRESHOLD,REQUIREMENT
70f72150-67f0-5661-8ae4-fdeb09492f19,e4102f34-60d6-52a9-acc2-b4daf5be9377,HAS_THRESHOLD,REQUIREMENT
70f72150-67f0-5661-8ae4-fdeb09492f19,0b40b971-cb40-5f4b-8bee-c272709e1863,HAS_THRESHOLD,REQUIREMENT
70f72150-67f0-5661-8ae4-fdeb09492f19,3c646ed0-b13e-5032-85f2-b826681b5efa,HAS_THRESHOLD,REQUIREMENT
70f72150-67f0-5661-8ae4-fdeb09492f19,7cd9567a-a89b-53e7-8462-05cabb50500c,HAS_THRESHOLD,REQUIREMENT
70f72150-67f0-5661-8ae4-fdeb09492f19,95ac7bc8-af59-58b6-a02b-7ceb31ac6211,HAS_THRESHOLD,REQUIREMENT
70f72150-67f0-5661-8ae4-fdeb09492f19,19d97aac-24e0-5362-848d-2b8c3a083830,HAS_THRESHOLD,REQUIREMENT
75faa276-fa01-5ad9-a97e-fda969077e85,f1a5ab29-1461-5957-9a6e-9348870016a4,HAS_THRESHOLD,REQUIREMENT
75faa276-fa01-5ad9-a97e-fda969077e85,2b2afb28-966e-59fb-bf83-e64d9a1aae92,HAS_THRESHOLD,REQUIREMENT
75faa276-fa01-5ad9-a97e-fda969077e85,dfb1c213-a5d7-5783-b710-986d2666a142,HAS_THRESHOLD,REQUIREMENT
75faa276-fa01-5ad9-a97e-fda969077e85,eb549465-c3e5-5f8a-a70e-da75b88908bb,HAS_THRESHOLD,REQUIREMENT
75faa276-fa01-5ad9-a97e-fda969077e85,6c4a95e3-ca13-5431-90b8-543aced60382,HAS_THRESHOLD,REQUIREMENT
75faa276-fa01-5ad9-a97e-fda969077e85,875f012e-4ba5-55d0-841a-e83a55eeb27f,HAS_THRESHOLD,REQUIREMENT
75faa276-fa01-5ad9-a97e-fda969077e85,3cc87a95-79be-5300-a877-85d0963a6468,HAS_THRESHOLD,REQUIREMENT
75faa276-fa01-5ad9-a97e-fda969077e85,12cc08a1-7823-5ea3-bc8d-a2e34ccb5e43,HAS_THRESHOLD,REQUIREMENT
d4356b79-8e66-5126-ba1b-86bc76cb03c4,41175a51-9de1-57ac-9f08-489ef37c02ae,HAS_THRESHOLD,APPLICABILITY
c9c6b8a5-9df9-5405-a217-3deec0b0c94c,dce6480e-c558-5ab9-a52b-73e77222127f,HAS_THRESHOLD,REQUIREMENT
6d5a9aca-0bd7-5468-b09e-fdea3a6ceba6,3615de85-e9d1-5fe2-bedc-966189c30dd7,HAS_THRESHOLD,APPLICABILITY
3d5a1c53-ae49-55ec-a31c-573320a083da,1dd332fe-57cd-5cca-ae54-14a7b786cf19,HAS_THRESHOLD,APPLICABILITY
d8ae050f-e1af-55c0-a948-24fbdf0d16f6,db25b436-f91f-5d17-9ac8-291762ef6e2d,HAS_THRESHOLD,APPLICABILITY
76578d0f-832d-5848-864a-20fbd0708803,189368e8-e1a6-5b4a-b689-6506a39956c5,HAS_THRESHOLD,APPLICABILITY
793bf1af-8512-50b0-9657-a4e7be1804f5,e44f7cc1-d359-5d92-b718-9645c35424e3,HAS_THRESHOLD,APPLICABILITY
c1125e3d-5153-50e7-9e49-15f4f556c405,4c8274a1-90f0-510c-bc80-9da6297ae064,HAS_THRESHOLD,APPLICABILITY
5da48a70-12b5-5ed3-a420-b4f1ba5acc7f,8894780c-41b5-5696-92ca-8645d7981ac4,HAS_THRESHOLD,APPLICABILITY
4d74b95a-b6c2-5053-8e04-9a2c7c9a07d5,a12e66fc-5ae6-5101-ac19-6f2d206b404e,HAS_THRESHOLD,APPLICABILITY
a96335e9-1add-5c51-9add-f08e763c3863,4206c3a6-62d2-5656-8499-08abe40f2521,HAS_THRESHOLD,APPLICABILITY
d1ff0b31-2e89-553c-9204-a1d3e4477d12,0654f0c9-ec0a-5a0e-9e1b-a370cb4c5dbf,HAS_THRESHOLD,APPLICABILITY
ef9a34fb-9806-55de-b043-362ddb6c2c7e,ac2164c5-598b-5442-91d5-4a25ba5bd933,HAS_THRESHOLD,REQUIREMENT
1a263e87-95bb-5bc0-a7d8-7402efffd237,9d931e26-e6b5-5627-a3b5-8b87d5e7931b,HAS_THRESHOLD,PENALTY_TRIGGER
4b10b5e2-490b-53ff-aaa9-b631d50d124c,d7fb740c-11ba-54fa-ade2-cca5163b7a1a,HAS_THRESHOLD,PENALTY_TRIGGER
8c122681-b51a-5993-82b9-23a884ee15b9,09bd07e1-0ada-565a-963c-790bbabe77b1,HAS_THRESHOLD,PENALTY_TRIGGER
3f4fdf5f-74c1-5a29-8df0-f5d096cb284b,30537d55-41bb-51d8-abd2-9c25b55c7efb,HAS_THRESHOLD,APPLICABILITY
d060bd61-49dc-5322-a22b-0bee664c6182,fa0d40f7-6c05-5aeb-aea7-32c88859ab25,HAS_THRESHOLD,REQUIREMENT
1e27d1d5-23c0-599d-bafd-9c7a3333b073,616cdcf1-7dc0-5a9f-b059-09f8182663ce,HAS_THRESHOLD,REQUIREMENT
f3d9c2cd-278d-564a-a05c-8ee479e3ec7f,21ad6955-ca86-53ea-8541-ad9f3678db3c,HAS_THRESHOLD,REQUIREMENT
9c2d4763-6f88-5988-856f-d79742132116,3966a5d8-98f9-5a79-87ff-f994f7139b53,HAS_THRESHOLD,REQUIREMENT
9c2d4763-6f88-5988-856f-d79742132116,8868374c-aaa6-5f77-b30c-a7c39c91d72c,HAS_THRESHOLD,REQUIREMENT
9c2d4763-6f88-5988-856f-d79742132116,d1cea7a1-271e-5924-8749-7431436d61e9,HAS_THRESHOLD,REQUIREMENT
9c2d4763-6f88-5988-856f-d79742132116,fe4b9060-0ed2-546c-8d4d-2c5b5e717571,HAS_THRESHOLD,REQUIREMENT
83886b8d-c390-5c84-ad1f-7b2898e48d5f,25a5b360-698d-5565-a83c-227aaba0c021,HAS_THRESHOLD,REQUIREMENT
308cef68-c982-5491-8e38-401dc6f86ee4,f48c1bef-eac3-562b-9a84-75f76e3deb26,HAS_THRESHOLD,REQUIREMENT
c20ec2ea-d203-5b28-b379-6568f15d535e,fa407fea-c22b-5d23-98ee-7157c17bbf77,HAS_THRESHOLD,REQUIREMENT
c20ec2ea-d203-5b28-b379-6568f15d535e,57faa39d-3370-5f8b-b262-39751cca7b26,HAS_THRESHOLD,REQUIREMENT
b24a6d1e-3357-59cc-90ec-fec2fb49e227,7a56b123-8b4c-536d-8f8c-e27a889873a3,HAS_THRESHOLD,REQUIREMENT
b24a6d1e-3357-59cc-90ec-fec2fb49e227,020c8b65-6f4f-542c-8947-79750cd46be7,HAS_THRESHOLD,REQUIREMENT
2c83e397-f74d-5ce9-aca3-991e1f9a989f,2350532e-66e0-51ff-a1ea-8494ac4978d4,HAS_THRESHOLD,REQUIREMENT
2c83e397-f74d-5ce9-aca3-991e1f9a989f,6f51a64c-1044-5d32-8956-70d14bab114a,HAS_THRESHOLD,REQUIREMENT
2224a3d6-b900-516c-94cd-c875f214bd38,d8098567-ae3c-5660-b12c-48728150b44e,HAS_THRESHOLD,REQUIREMENT
2224a3d6-b900-516c-94cd-c875f214bd38,1734e811-cc3b-585c-9638-0bc9550d5527,HAS_THRESHOLD,REQUIREMENT
d22d1aaf-ab94-5ffb-8001-dcfe327bdb5c,f11ca7c6-228d-5c5f-978d-d5f5e65cbe62,HAS_THRESHOLD,REQUIREMENT
d22d1aaf-ab94-5ffb-8001-dcfe327bdb5c,9af2bf2c-5a5e-5e57-bfd1-04524bf1a7f2,HAS_THRESHOLD,REQUIREMENT
47427a4d-fc08-5af6-9532-8a6b602b510c,0c5236b4-a03c-54d1-bd2d-731b579173c8,HAS_THRESHOLD,REQUIREMENT
47427a4d-fc08-5af6-9532-8a6b602b510c,a2f6e617-f182-5566-9877-4d9d944bc044,HAS_THRESHOLD,REQUIREMENT
0bce8b33-17b7-5bd2-95ae-d7d2b082409b,2f174859-8443-5eff-922f-619b7310df1e,HAS_THRESHOLD,REQUIREMENT
0bce8b33-17b7-5bd2-95ae-d7d2b082409b,277f9afa-9b79-51e4-b164-8ce27ec2a22a,HAS_THRESHOLD,REQUIREMENT
7c385b19-cbd0-50d2-8594-65abd9b596ff,83fccc52-459d-5a89-9c83-d789432a6bce,HAS_THRESHOLD,REQUIREMENT
7c385b19-cbd0-50d2-8594-65abd9b596ff,0292815a-ad38-5347-b1fa-275639335420,HAS_THRESHOLD,REQUIREMENT
06554e23-2906-5734-96d6-fdae526a978b,cfa35c9e-d669-571a-8f07-2a16bd81d41b,HAS_THRESHOLD,REQUIREMENT
c1c706c7-0765-503b-8bc9-6d8d559c6702,8de0a806-909a-56f7-a41d-6a1bd5bb2d4a,HAS_THRESHOLD,APPLICABILITY
c1c706c7-0765-503b-8bc9-6d8d559c6702,2a055ccb-6a5f-58d2-9d15-d4310fcf2309,HAS_THRESHOLD,APPLICABILITY
38f8bbc3-3946-5e9d-9611-79537dabd183,7fdd8f40-0d22-5492-934f-5261d381bf89,HAS_THRESHOLD,APPLICABILITY
38f8bbc3-3946-5e9d-9611-79537dabd183,c4bf3822-20f6-5eaa-b0de-9b4f36b27c5c,HAS_THRESHOLD,APPLICABILITY
c0b24431-3001-57bd-954b-7b0cedd929d8,bcc909c7-d722-527a-8c22-aec0bb80351c,HAS_THRESHOLD,APPLICABILITY
da235155-2b9c-5e6d-804d-ba1ddf7bf56e,bb681f5d-80a9-5646-a7da-e34c774fd40b,HAS_THRESHOLD,APPLICABILITY
9d56b5dd-e64b-589a-9646-d066e458cd39,0d40a9d2-360f-56fd-9972-f2ad828c6265,HAS_THRESHOLD,APPLICABILITY
ec8d4292-a06d-5553-8b9f-c47f1e95c88b,cf8abdce-e122-555a-ac4f-5d6ea9cfba3e,HAS_THRESHOLD,APPLICABILITY
0bce6e0a-1a5d-5ebd-b13a-6817e08cd46c,9738739e-9a9d-573b-9e7b-b14130849a40,HAS_THRESHOLD,APPLICABILITY
af824ccd-a169-55e7-868e-44814f18110e,978acbbc-6187-5ac1-b708-251c2f135225,HAS_THRESHOLD,APPLICABILITY
36075e52-978c-5b08-bdb1-581a5306f943,116f06e1-93b3-5a23-9acb-9f0595aaed21,HAS_THRESHOLD,APPLICABILITY
b3824fda-4e72-5ed6-a3e3-6be781abed57,ee6f1178-decb-5b29-8a67-636b2945d352,HAS_THRESHOLD,APPLICABILITY
5a7c970c-2f81-5607-9605-25673dc3b335,ed299930-a611-59e1-a48f-f42bac4eb42b,HAS_THRESHOLD,APPLICABILITY
ae03ffa2-481f-5bf9-8930-c77199c9a1ab,a6931525-5e3a-5428-9f33-8b67189783fe,HAS_THRESHOLD,APPLICABILITY
90c2e309-9883-5004-8e9f-a5d8dc7240ec,877952f5-f28c-5c79-8157-d4b41f29d503,HAS_THRESHOLD,REQUIREMENT
4fc8db5e-407c-5558-bd5a-f03ea3438443,af7d7cdd-8ff1-5ed5-836b-f7addb158694,HAS_THRESHOLD,REQUIREMENT
7c6f495d-5127-53cf-b8b3-e480af2888b5,60994a14-7cc3-52c9-af7b-d28db58d48c8,HAS_THRESHOLD,REQUIREMENT
1f14e9af-02e3-5db5-96d3-dc60ebbf1cdc,b66505f6-b912-5fc5-ac67-cb4785632ae7,HAS_THRESHOLD,APPLICABILITY
a4b9f30c-347d-5284-b15d-f98b227d7c85,f15f5c6d-e8e4-5942-b61c-33c441533efa,HAS_THRESHOLD,REQUIREMENT
a4b9f30c-347d-5284-b15d-f98b227d7c85,15c65716-5a42-5f50-897b-d62614fe3303,HAS_THRESHOLD,REQUIREMENT
b9c688f0-0a2c-53f0-b6ab-cb67b53e5a0c,9c404029-aa64-5892-a27f-3cb1968440a7,HAS_THRESHOLD,APPLICABILITY
5d6bb9f5-4627-5d1b-8573-19ee76a2ceec,7ad96912-b747-5e82-a5bd-dc163263e8de,HAS_THRESHOLD,APPLICABILITY
4ca9a602-c5e1-5d95-b1e5-ffc1c91451b7,3ff5099c-9c9f-5e06-9ffd-114994e6f1ef,HAS_THRESHOLD,APPLICABILITY
4ca9a602-c5e1-5d95-b1e5-ffc1c91451b7,d0740f67-547c-59b9-bc3b-3064c51bece2,HAS_THRESHOLD,APPLICABILITY
8708b303-1277-52bc-9d70-b3c8496ea87f,474b6f1e-bca6-55ea-b27d-f0a3cdbd0476,HAS_THRESHOLD,APPLICABILITY
de1fd30d-72ce-5461-abcc-3658ecdb14dc,b7dcd63d-0a45-567e-8e75-3775067e5095,HAS_THRESHOLD,REQUIREMENT
dcb66851-1000-59b7-af50-67ea7081551d,5905f119-75c5-5194-9142-631d072f00fd,HAS_THRESHOLD,APPLICABILITY
1182b5ac-a5cf-5f5d-82c6-376dd8ad18a8,243f5365-e734-5cb2-9203-c54bc99c8c1d,HAS_THRESHOLD,APPLICABILITY
38899b27-7478-5f4a-9a7b-ba8331927145,789a0d80-3b4d-5b46-b462-78301ec09abe,HAS_THRESHOLD,APPLICABILITY
ebb53f97-5937-5c1e-9ce8-1027c27cbde3,39db3d42-e847-59ec-9451-31f21f576393,HAS_THRESHOLD,APPLICABILITY
a8949840-b7b1-5bf1-9b0e-591a10fc42ff,e43f2b29-b1c4-5c97-a44a-67844e55d43a,HAS_THRESHOLD,APPLICABILITY
8cc0bf2f-d9fd-5f2c-98a0-4a59e370c6c6,0754a507-06ba-5dd5-8154-21e816275d14,HAS_THRESHOLD,REQUIREMENT
db12d3cf-9960-53aa-830a-b92439ffa918,c035b913-f232-58a7-96c1-9daf2da7a365,HAS_THRESHOLD,REQUIREMENT
af88e88c-1f79-5de5-83c0-b69955d5df3a,5c6b0fc2-e210-5ab2-9ca4-f0c7194dff46,HAS_THRESHOLD,REQUIREMENT
a96c6fae-6088-5945-aa77-94bea6bebbda,34726595-9029-5d74-8c51-b9339f58a621,HAS_THRESHOLD,PENALTY_TRIGGER
6bbb6efe-a009-527f-bf78-33222603603d,16a94a10-f20a-5f3f-8cba-d15d770fa3e5,HAS_THRESHOLD,PENALTY_TRIGGER
44d5bf1b-75fa-56d8-a9af-49558897eed8,6c1b33c2-4f94-5f93-a03c-19ab6807f27a,HAS_THRESHOLD,PENALTY_TRIGGER
53826995-9223-5d15-9132-dfc54f6deb09,435d8483-ab48-5c3c-a6e1-35aa691cae85,HAS_THRESHOLD,REQUIREMENT
67b27d9c-14e5-58cd-84df-ba66f02ff755,9349059f-b3fa-559e-8d75-8ce622602f1f,HAS_THRESHOLD,REQUIREMENT
5115ada2-1f6a-5902-8936-48f50bfc8b69,0907d1c2-5df7-5f60-a053-6bdc1dfa79b4,HAS_THRESHOLD,REQUIREMENT
3a744b7f-ff8c-5f39-a641-4004e089816a,f8dee84c-a8c2-5cef-9c19-94280c503033,HAS_THRESHOLD,APPLICABILITY
02fa8449-6e8e-52de-a6d0-9e50ffc5b92e,86cd80bf-672c-5f77-8b97-b30d1204cd01,HAS_THRESHOLD,REQUIREMENT
02fa8449-6e8e-52de-a6d0-9e50ffc5b92e,bab44ccd-3195-5595-b6e7-120d07bec2ab,HAS_THRESHOLD,REQUIREMENT
4a432d56-6b8f-50ed-bf34-273669f5b138,adbfb8fa-7abb-50e0-8855-d43e5eb260bc,HAS_THRESHOLD,APPLICABILITY
c46b0ed0-b8c8-5dc7-9c13-58af9e3f9495,d2136f8d-6a0e-5b45-a15c-72e00516be27,HAS_THRESHOLD,APPLICABILITY
610d6722-5ea3-567e-83cc-5710c4e133a5,c61de87b-4dd9-5bf2-a49f-b3524dfdb38c,HAS_THRESHOLD,APPLICABILITY
610d6722-5ea3-567e-83cc-5710c4e133a5,bac506b8-6b97-5b6b-a966-d58b2c15f15d,HAS_THRESHOLD,APPLICABILITY
0a109aee-3980-59ac-b5e2-39a08b3e61ae,8f1eefca-7bce-5cc8-b87b-e5df076724ae,HAS_THRESHOLD,APPLICABILITY
0a109aee-3980-59ac-b5e2-39a08b3e61ae,ab1b4547-72e5-5103-aa2e-7bf9a788afff,HAS_THRESHOLD,APPLICABILITY
ef5eae32-0879-5572-8a00-fe907890665c,67f5ea39-0d1f-5576-bca4-20b049c63ab3,HAS_THRESHOLD,APPLICABILITY
ef5eae32-0879-5572-8a00-fe907890665c,68102027-2377-5ed3-8f6a-be7c64213a97,HAS_THRESHOLD,APPLICABILITY
a8cc579d-4a33-54a5-932e-5f6316a6b1dc,bdd94d7e-4700-5864-8f88-8912402f1549,HAS_THRESHOLD,APPLICABILITY
a8cc579d-4a33-54a5-932e-5f6316a6b1dc,e4aa8c4e-91db-5810-8119-4282e5049a8b,HAS_THRESHOLD,APPLICABILITY
be09de54-f6b8-5507-bfc1-e01ff85cef49,d4518341-62a5-50ec-acd2-b2f0347b4e11,HAS_THRESHOLD,APPLICABILITY
33167ef6-5e13-5208-ba01-a415daeced81,d6f0972b-e5e1-567b-839a-e9c7f5f718a3,HAS_THRESHOLD,APPLICABILITY
72867308-dffd-5d08-8bda-f86513a7fd5e,f701a13f-7da8-502d-941c-e15a70fcbe0c,HAS_THRESHOLD,REQUIREMENT
d96536d7-ae09-5cb3-a96a-e09861ae10ee,7d425a69-a333-5214-91c4-3c7011af2dbb,HAS_THRESHOLD,REQUIREMENT
cdf8409a-b80f-517c-900c-6cfbae9a17cf,e2110e72-57bf-5671-841e-651bb621e1b5,HAS_THRESHOLD,APPLICABILITY
ce52e541-a4ce-5ec3-afb8-a5fab80d1f97,0f39a7f6-edd3-5398-a2b2-55fc07e806f3,HAS_THRESHOLD,APPLICABILITY
ce52e541-a4ce-5ec3-afb8-a5fab80d1f97,d90d9e2f-c50a-5069-a38d-a78f1309cdd2,HAS_THRESHOLD,APPLICABILITY
ce52e541-a4ce-5ec3-afb8-a5fab80d1f97,69009d97-e31f-5838-8eaa-e39f996e8574,HAS_THRESHOLD,APPLICABILITY
ce52e541-a4ce-5ec3-afb8-a5fab80d1f97,a0363c86-0613-56eb-a531-68f3c3bd71b0,HAS_THRESHOLD,APPLICABILITY
9a68fedf-b0cb-56e8-8a1d-555fbd0fd94e,22a352d0-128f-5fc1-b41d-959885d548f3,HAS_THRESHOLD,APPLICABILITY
ecc41f11-763d-5d31-9cc3-7d29bab474da,a0296177-aaae-5a56-af0c-b3b0b97f2a5c,HAS_THRESHOLD,APPLICABILITY
7d3cf765-10ed-5868-b732-361e3be96946,c22ab895-d28a-5522-b9f3-42d534d3bb65,HAS_THRESHOLD,APPLICABILITY
ac291ed2-1ffd-54e3-828c-63718fb0983f,97db63e2-886a-5098-b4ed-747ccb8b7f91,HAS_THRESHOLD,PENALTY_TRIGGER
ac291ed2-1ffd-54e3-828c-63718fb0983f,0da61c91-f143-59bd-a7ac-4a2595cf1a19,HAS_THRESHOLD,PENALTY_TRIGGER
76757cdb-836d-5f1c-8cee-8f55ce3ba2f7,95726f3f-02bf-5908-828a-e6cf2dd7fb81,HAS_THRESHOLD,APPLICABILITY
ee3eb732-0c67-5339-9879-caa92ca42044,557bd245-2e56-5d4d-a8da-36d44572d876,HAS_THRESHOLD,REQUIREMENT
ee3eb732-0c67-5339-9879-caa92ca42044,26946528-0017-54d8-90d8-dd24731b5bea,HAS_THRESHOLD,REQUIREMENT
ee3eb732-0c67-5339-9879-caa92ca42044,6bf975b2-9256-5601-9d90-c94e1b853f9e,HAS_THRESHOLD,REQUIREMENT
6a6d0742-53d2-5932-8940-39ca00e3a67f,3db9307b-4378-562d-8a84-d84da9f86771,HAS_THRESHOLD,APPLICABILITY
6ca5165e-49d2-5a82-82b8-0adc95aa2bfe,317c0cc2-4897-5b8f-b46f-b7f878b5d936,HAS_THRESHOLD,REQUIREMENT
aa353657-0dae-5248-986f-6443e8a8a819,f0e3e4d3-2235-5ab7-9036-2ce7bef3f7f5,HAS_THRESHOLD,REQUIREMENT
aa353657-0dae-5248-986f-6443e8a8a819,74b72fca-9a21-5af4-a7d4-c0ee0326c733,HAS_THRESHOLD,REQUIREMENT
aa353657-0dae-5248-986f-6443e8a8a819,24cc3aef-a454-5e04-ac14-fe057213257c,HAS_THRESHOLD,REQUIREMENT
aa353657-0dae-5248-986f-6443e8a8a819,7164c948-70ef-588c-af59-b7b0706969be,HAS_THRESHOLD,REQUIREMENT
aa353657-0dae-5248-986f-6443e8a8a819,08cc1232-c345-5236-999e-12a3cc86ac8b,HAS_THRESHOLD,REQUIREMENT
aa353657-0dae-5248-986f-6443e8a8a819,e00e9ec1-8238-5502-8b51-7438d2bf22a4,HAS_THRESHOLD,REQUIREMENT
cf569a7b-bdee-5881-a0b2-187cb9348913,59c49517-d3ac-52ba-b0ba-e7983a22d3d2,HAS_THRESHOLD,APPLICABILITY
2886f33f-33af-5692-8ec6-039230fef03c,1b5e3c36-76a3-5aba-ba8a-f2a05a578db0,HAS_THRESHOLD,PENALTY_TRIGGER
204ab3c7-3577-5cae-9b51-593967dc99f9,0b8cd90c-e9b2-5ee4-b95a-b6509a786b72,HAS_THRESHOLD,PENALTY_TRIGGER
b8ea79cf-6afd-5b57-b467-71ee404a9c05,e5b85c96-f06d-5498-be4c-99191e578224,HAS_THRESHOLD,PENALTY_TRIGGER
df4bd865-3ca2-5989-a7bc-f7214b362c92,65016dd6-c0d8-50a8-816a-798443b4a2c9,HAS_THRESHOLD,PENALTY_TRIGGER
a72c0fdc-5cad-53a3-b765-ab6704507e1f,78283b46-7265-58d9-9c45-c963dd470614,HAS_THRESHOLD,REQUIREMENT
f447de02-9ffd-5bed-a2b0-e273ebd87983,106bab84-714a-5f81-9251-ef123ab95076,HAS_THRESHOLD,PENALTY_TRIGGER
e8f43eac-86bb-5fcf-998a-88b489320693,264788db-11d7-5cea-ae09-6fa3f631f13a,HAS_THRESHOLD,REQUIREMENT
5fe212db-eeda-588e-936e-c6a49f5c28fb,74197423-1f41-51d2-891d-e978c877cff7,HAS_THRESHOLD,REQUIREMENT
e5232eaa-8351-595b-b0c8-958c269d7008,afdde873-bfed-5b77-a0f2-100d0ca15f4d,HAS_THRESHOLD,APPLICABILITY
33f96b74-ae9c-5b19-8b80-761c5aebd981,7f06f6b2-ace5-54d4-8ac3-97b1788ae901,HAS_THRESHOLD,APPLICABILITY
628614f5-5c7e-591c-a6cb-6b6af7f0a33a,eba01d40-9ed5-5d81-a3cf-64455b655e32,HAS_THRESHOLD,PENALTY_TRIGGER
0e29b16c-a6bb-5901-8796-0c2db0f3bb3f,3fbf75cb-e276-5e4c-9cff-6e96a6cc6efd,HAS_THRESHOLD,REQUIREMENT
9faa82b6-940f-55ea-9e1d-f2b41d15e173,c72e34a2-ae3c-58f6-94a0-b005bb6eeee3,HAS_THRESHOLD,REQUIREMENT
625cda98-cf39-5f0b-b71b-17e0bf0b7f87,931e73f0-6d63-515a-bc50-93c250cb2fbd,HAS_THRESHOLD,APPLICABILITY
e32d2ba4-b409-5ac3-9858-86175b67b897,cb68d1cb-ccf6-5ceb-ad36-26bfa47261fc,HAS_THRESHOLD,APPLICABILITY
8736b4b8-fecc-54cb-a3e4-3ad30b7c6e5c,c9f483ae-a759-55b6-a70b-08aaee9a0eb0,HAS_THRESHOLD,APPLICABILITY
1b548348-f6bb-531c-8509-f31e084dbbd3,2b781e74-caa3-5eed-9427-958ca236f050,HAS_THRESHOLD,APPLICABILITY
19d877b2-8f18-5b55-b059-d990703f2a45,43b0f691-7ab6-5110-acd4-31f5f22db4df,HAS_THRESHOLD,APPLICABILITY
1d22b515-2462-50c1-918b-7e1c314a3323,e9f157e6-e5a0-5382-9e46-6ded1794264f,HAS_THRESHOLD,REQUIREMENT
2e81524d-1d49-5b27-8efc-f5cea7b06330,ebef31f4-cd7c-5896-9a7a-a84b6bf8b028,HAS_THRESHOLD,APPLICABILITY
7cbcfc43-33f7-5c85-8e68-64dc3df7b2fd,08102b21-b867-518c-9c8c-8bae181dd1af,HAS_THRESHOLD,APPLICABILITY
c38e6508-0010-5fb0-8639-08b76964c1c6,3a0fe6f5-42d9-5f65-a61b-bb715d4d97db,HAS_THRESHOLD,APPLICABILITY
c38e6508-0010-5fb0-8639-08b76964c1c6,055b48eb-b581-50e4-ac93-54393b1ae1c7,HAS_THRESHOLD,APPLICABILITY
c38e6508-0010-5fb0-8639-08b76964c1c6,37615987-34f3-539f-b846-7bbc9463614e,HAS_THRESHOLD,APPLICABILITY
535d5f6a-d67c-5021-ab6a-7201dd8487f3,de28941d-5fe8-5bc5-aa00-b90d5f2d9e49,HAS_THRESHOLD,REQUIREMENT
4c6d4484-e495-5f9e-bbee-753b29c89b6f,c80fe8d4-6622-5c2a-8f7e-fee1dd0c75ec,HAS_THRESHOLD,APPLICABILITY
27690a9e-4ed9-5789-8342-736568768330,f0b9af57-492a-55c5-9892-187e92066a84,HAS_THRESHOLD,APPLICABILITY
32e2ae76-f824-5bd7-9c3c-e27956d4a406,84204ce2-9539-5375-b048-f52a0396ebfd,HAS_THRESHOLD,APPLICABILITY
df2cca44-b6aa-5237-82b8-89979566f77e,cb8ffca1-728b-5120-b771-3edae10a7340,HAS_THRESHOLD,REQUIREMENT
df2cca44-b6aa-5237-82b8-89979566f77e,22f37e8b-22c7-5743-9f87-ff603357ff97,HAS_THRESHOLD,REQUIREMENT
bb2a1d4d-676f-564c-8129-b66291cb6231,2580dfbd-0259-52b8-a9e9-8f096eee16e2,HAS_THRESHOLD,APPLICABILITY
4c0e418b-ba52-5943-ac80-29278e9ba94a,a534c1e3-ec12-570e-b4f9-1126be53f160,HAS_THRESHOLD,APPLICABILITY
4d138721-0d71-567f-af04-fa0cab3c522f,df17cc26-0a41-5da1-ac56-ef72d85db8b5,HAS_THRESHOLD,APPLICABILITY
4d138721-0d71-567f-af04-fa0cab3c522f,320289a2-5eb5-57bd-ba0d-b652e2a5b78a,HAS_THRESHOLD,APPLICABILITY
4d138721-0d71-567f-af04-fa0cab3c522f,adb1bfc4-fa45-5a8b-8474-c6b5e0d35f95,HAS_THRESHOLD,APPLICABILITY
78a28f13-c557-51c5-9a53-c7a944495d30,db5db9fc-3d6c-5df7-a3e3-e92686767ea7,HAS_THRESHOLD,REQUIREMENT
462abc2d-f7a6-58df-8de7-4aad1d0a9e72,9d928820-f07b-5da5-ac16-da5d857f424b,HAS_THRESHOLD,REQUIREMENT
9fd4e811-3929-5a67-835c-87923c8c68be,91ec4d5d-8ca1-5015-97ba-94c1200cff21,HAS_THRESHOLD,APPLICABILITY
a18aa2a4-fd1a-5c9b-bf33-bd4a581fae4f,f7cd1b61-aebd-568f-bae5-7fbffa8ec982,HAS_THRESHOLD,REQUIREMENT
a18aa2a4-fd1a-5c9b-bf33-bd4a581fae4f,c86f35a5-76c2-59f3-a4d6-4691198f3e8c,HAS_THRESHOLD,REQUIREMENT
f501cd7d-c452-580f-b953-0868ac331731,54fde63f-db76-5d78-ab15-dbfafb52d0fa,HAS_THRESHOLD,REQUIREMENT
58450f63-6fb1-5a11-af7c-2ef024f713a0,72577dae-3c63-5a9a-b123-8ec494313b7c,HAS_THRESHOLD,REQUIREMENT
e322cfb0-f1e2-5c5d-a51a-16ab1a88d44a,7010db44-221d-55c4-b439-c00da2bfc671,HAS_THRESHOLD,REQUIREMENT
e0e9df1d-0895-5c62-9d66-64a2b153bb35,cf24c245-b958-5234-8e9e-5d807e432976,HAS_THRESHOLD,APPLICABILITY
e0e9df1d-0895-5c62-9d66-64a2b153bb35,bb9e083c-fb08-5e98-b225-03d10ffb2b0a,HAS_THRESHOLD,APPLICABILITY
e0e9df1d-0895-5c62-9d66-64a2b153bb35,c5c9f468-256e-5beb-886b-65c8a0fcfb36,HAS_THRESHOLD,APPLICABILITY
e0e9df1d-0895-5c62-9d66-64a2b153bb35,919bf537-35fd-5846-a342-d7b771a6e6dc,HAS_THRESHOLD,APPLICABILITY
e0e9df1d-0895-5c62-9d66-64a2b153bb35,25c007da-318f-5480-a4ce-8ef7926f57e1,HAS_THRESHOLD,APPLICABILITY
e4371d4a-f73a-5367-8266-6f103b603cee,4a234c4d-ffa2-5805-96fa-e2d882dd3489,HAS_THRESHOLD,APPLICABILITY
1a695740-93a8-5113-9720-8a5120aa41be,cfd68884-fb38-50c5-a638-7263ad04c5f7,HAS_THRESHOLD,APPLICABILITY
37df18b9-ee0c-56b3-9e81-9da46b608ffe,50cbdc7d-8098-5562-a090-febb01dbfd31,HAS_THRESHOLD,APPLICABILITY
2f888260-bee4-5eb9-8826-416eb346bdc4,cfb32611-21af-567e-8ca0-313ab8e8845c,HAS_THRESHOLD,APPLICABILITY
6c50f927-08d6-553f-a646-1f7857d263e6,e2298411-9a23-5936-9a91-84df4408634e,HAS_THRESHOLD,REQUIREMENT
a18da33d-7eb2-507d-a9f4-e2955c3eaba8,3851bf73-e59e-50bc-a04a-447d78e9ba3c,HAS_THRESHOLD,APPLICABILITY
977225f0-965f-57f6-9b0b-8e13e59909b7,5a3ee606-d45b-5844-a87c-48a52e94ced1,HAS_THRESHOLD,APPLICABILITY
6d7e7e33-2f6c-527e-a835-272d2dbdbfef,a655a891-f189-5f50-bf05-f5388a24c8cb,HAS_THRESHOLD,APPLICABILITY
aca18219-068e-586c-841e-cf345bebb61e,08145fcc-70f1-5b31-8208-36ef072cc9c2,HAS_THRESHOLD,APPLICABILITY
08bce606-bb3d-5a6c-af7c-0b5469090dfc,5a59e4f3-f3a9-5f30-a557-a752ab475e1f,HAS_THRESHOLD,APPLICABILITY
6c54471e-9aea-5864-9bfa-b00c43819428,24c0e17f-e194-5d93-806b-f3199d625258,HAS_THRESHOLD,APPLICABILITY
e430d094-125b-5514-9f12-2858e2389773,510169ad-9169-56a7-9b9a-a1a137714732,HAS_THRESHOLD,APPLICABILITY
3258f3ca-bce5-5baf-9c4c-f76fc3a21caf,7332e2ee-6c5d-5b75-8aef-696640f199a2,HAS_THRESHOLD,APPLICABILITY
b52d7c9d-a842-5f1f-a917-9556caa3faea,4c08cdac-5e73-5e4d-a1cb-79a406e2c452,HAS_THRESHOLD,APPLICABILITY
5715f0aa-6465-5adb-bad0-bce5117db662,ef51d2f6-65c3-5435-a955-56498943dfd5,HAS_THRESHOLD,APPLICABILITY
88ba5f0e-bd09-5c71-aae7-7c09c8250016,dbcb65e4-5b4d-5ba6-b3e7-eab0412aac28,HAS_THRESHOLD,APPLICABILITY
bb330d1c-2511-5ccc-bbbb-ba8769cd93f8,5cd711f7-0390-5cc5-911f-ea16238daa44,HAS_THRESHOLD,APPLICABILITY
34fcfad7-f75f-554b-9d93-c15e815aff4b,60d0d9f9-29aa-5b0d-b7f6-c01b218aec60,HAS_THRESHOLD,APPLICABILITY
30784e8c-aeed-592f-b84c-b2ba78234cab,2a82591e-eccb-5511-9bba-87f33f4b0aa2,HAS_THRESHOLD,APPLICABILITY
5b554eee-e2e3-5b59-a238-dfd4ad76e8d1,82505da7-60ca-5530-8b23-1192eb10d8e6,HAS_THRESHOLD,APPLICABILITY
bebea5b0-c5c5-50b1-821b-6490b28c8966,31134dcb-416a-5ff0-8780-c35cd9bec65c,HAS_THRESHOLD,APPLICABILITY
a725ad7c-3d31-5196-bf5f-9b7506045a0a,d71cfc45-cc0b-563a-afd1-753f17a95088,HAS_THRESHOLD,APPLICABILITY
ea4a9158-ab2f-5a61-b697-40d65b335a40,97ff31e8-806c-5fdf-b6a4-3b27363e3068,HAS_THRESHOLD,APPLICABILITY
c0e67019-0321-5c9d-86ca-f58227f8d129,e59a448d-8d3b-5c10-ad8e-822f6bcdbf14,HAS_THRESHOLD,APPLICABILITY
448e2363-26cf-5931-bfe5-a5cf5c92f9de,a05d5fe8-0cc8-5cc7-8e58-6ba00043ccf1,HAS_THRESHOLD,APPLICABILITY
7febba76-2b10-57ea-ac2b-039a270a36a2,2eff0ebe-1f61-5d69-acfe-912015e9f931,HAS_THRESHOLD,APPLICABILITY
081f7b5f-ff9b-5a97-a19e-54931452c35a,614e1a47-35ab-59b7-99a0-e335eff89aa4,HAS_THRESHOLD,APPLICABILITY
338f5657-7f4e-534e-97f6-4f68b705db38,63eb965d-87c1-5520-9da4-93083eb4d93f,HAS_THRESHOLD,APPLICABILITY
5b8ef0bb-6713-5437-81d4-f4df4b5474ab,cbad69c6-ed0d-5aaa-9ee0-69624b68346c,HAS_THRESHOLD,APPLICABILITY
605b0c71-8413-59a2-8b51-bdb3b118fe41,cb598410-5802-5d4c-ab77-6736fee2bf40,HAS_THRESHOLD,APPLICABILITY
a30bae39-3b0b-58a8-9fcf-a8b49bda38e4,b7f6d3b0-6c97-57fb-acd4-17119fcec5c2,HAS_THRESHOLD,APPLICABILITY
1e085be0-b2a1-55f8-9e6f-353310f4f63e,7e16cfd3-e94c-531c-88c2-06930dd15d49,HAS_THRESHOLD,APPLICABILITY
7db65d53-d148-57d9-8931-57471851b2c7,966e5b68-ff9a-5c3a-b0d3-344fbf628a0a,HAS_THRESHOLD,REQUIREMENT
52a5a2a3-af44-54d9-b9eb-b17a7b15ea23,63ada0e4-7be3-516d-8ff7-fad8baebffe1,HAS_THRESHOLD,REQUIREMENT
508d78a4-b2e3-5ebf-8810-e995323159e3,c24d9ac4-fee8-5f1d-9a85-95bd05408de3,HAS_THRESHOLD,REQUIREMENT
22ea8b45-74ca-5651-ac5c-eb947340a05a,8d7bfba3-ad5a-591e-b914-ec30b715ed6e,HAS_THRESHOLD,REQUIREMENT
77efea7e-189b-53c3-b2db-2d9fc5d0ee87,b825392a-ab06-5b40-bae2-c94dcd483c58,HAS_THRESHOLD,APPLICABILITY
b3ce3067-979d-5507-9280-dc590b08a849,264d27f4-f26c-58f6-b1f1-bc86924cb3ab,HAS_THRESHOLD,REQUIREMENT
3b2fba1f-efa9-5cde-9963-06105712947d,e1377d63-b43a-583b-a024-7b15ecb43a54,HAS_THRESHOLD,APPLICABILITY
fa9f83dd-9dfd-5982-8c6a-41ed52172783,bab8bee7-b2fc-5143-bb28-df295522a059,HAS_THRESHOLD,APPLICABILITY
14ea5be3-9518-59ec-b7e6-bd1250e13f7b,fcd6315f-34db-53b4-a51f-238268353e02,HAS_THRESHOLD,REQUIREMENT
a6dd534c-c52c-5068-9778-8173eadd84bb,d984059c-bf8b-521d-bac7-bbc26be91206,HAS_THRESHOLD,REQUIREMENT
258a7e3d-4d4e-54ab-a23c-9e681a125fb5,47de6c90-40ef-5646-b508-45ace5ca5249,HAS_THRESHOLD,APPLICABILITY
df07ab9f-adc2-59d3-98a0-fc4b4aa2f21d,02d6924e-8904-530b-ab4d-3cdfa74c5251,HAS_THRESHOLD,APPLICABILITY
df07ab9f-adc2-59d3-98a0-fc4b4aa2f21d,cb259b3c-9b81-5789-bc4f-57011b31c2d0,HAS_THRESHOLD,APPLICABILITY
0cd2a9c5-1642-5869-bd9a-77a5a8cb5860,23aea74b-7150-50ee-b5e7-f2e64b0e57fa,HAS_THRESHOLD,APPLICABILITY
0cd2a9c5-1642-5869-bd9a-77a5a8cb5860,e670899e-6879-5e69-ac51-fc401a3c1a47,HAS_THRESHOLD,APPLICABILITY
6a6c2bde-0653-5ee7-81be-ec2a90ed82ca,4c45473d-85df-5ea2-a1db-7cc223062b2a,HAS_THRESHOLD,APPLICABILITY
01a7ae44-fe63-50db-ac37-e70504669e42,f325985a-ce5a-5380-97b3-af2aaa349941,HAS_THRESHOLD,REQUIREMENT
4a3bc028-6cc1-57e4-b9a8-801850fa63fb,825b3903-319c-52a9-99de-0827517a514b,HAS_THRESHOLD,APPLICABILITY
c4c40c76-916b-58fd-b341-90e832278520,fd70c992-1400-52f6-8c5e-b68be49ffa4b,HAS_THRESHOLD,APPLICABILITY
3df1ed68-dc61-5ec2-90a5-b80358b8bcf7,1cd85840-1366-5431-b9e5-1662732dbd9a,HAS_THRESHOLD,APPLICABILITY
3df1ed68-dc61-5ec2-90a5-b80358b8bcf7,85465bc5-e4b5-5a3a-8f61-d40266195cef,HAS_THRESHOLD,APPLICABILITY
26507374-4d46-5c41-9777-1cd17cb1616c,c164375e-8f69-511b-9307-6f1fa747a9b1,HAS_THRESHOLD,APPLICABILITY
26507374-4d46-5c41-9777-1cd17cb1616c,a1a303a2-fa6c-58fe-b903-a1a346003695,HAS_THRESHOLD,APPLICABILITY
3047e79c-a3e8-58d9-9149-78eb7246a851,ad6e9a5e-23b5-5cf8-a913-f623a7963b4c,HAS_THRESHOLD,APPLICABILITY
3047e79c-a3e8-58d9-9149-78eb7246a851,10b81013-fc62-5fb6-9d6a-bf4f021f1d7c,HAS_THRESHOLD,APPLICABILITY
d0912ab4-68d9-5507-9464-620968511b36,0604717d-be10-5489-a2bf-9a55aa799754,HAS_THRESHOLD,APPLICABILITY
d0912ab4-68d9-5507-9464-620968511b36,2ccad29c-7f9a-55ee-be2a-ed031243666e,HAS_THRESHOLD,APPLICABILITY
47192db2-1408-5898-8c66-a8bf1d319ceb,eeb4d028-8a1c-52e1-91d0-e6bd0c5adb4b,HAS_THRESHOLD,APPLICABILITY
30bab118-4111-55e8-9f58-f0b4408526e2,7c56cb72-8f02-5fee-af25-26d9cb9a2829,HAS_THRESHOLD,APPLICABILITY
30bab118-4111-55e8-9f58-f0b4408526e2,05eddf0e-d63a-536c-98c9-551facb90097,HAS_THRESHOLD,APPLICABILITY
f3da6c87-ca61-550a-9918-5f17917dc920,d389f984-d145-5027-b122-af870a7c33e1,HAS_THRESHOLD,APPLICABILITY
f3da6c87-ca61-550a-9918-5f17917dc920,3eb05676-708c-505f-9bc1-e5682d69953e,HAS_THRESHOLD,APPLICABILITY
cd5a4837-0430-50d2-aeeb-508764288e3f,6eae8131-870f-54bb-8365-2401cf21fb68,HAS_THRESHOLD,APPLICABILITY
9682c305-e32c-503b-bcfc-578b2bcdcc09,31c2e4e8-609e-5e0e-9b05-3010b8c0a3de,HAS_THRESHOLD,APPLICABILITY
c0de2621-379b-5262-ae17-8d2793a2d804,2aea8c15-ab35-57bf-8fda-bcf48438d16e,HAS_THRESHOLD,APPLICABILITY
bad73af1-bdae-5a44-a78e-ed1e8156d5b6,1fdd0391-e37a-53c3-867d-afe828b5abe7,HAS_THRESHOLD,APPLICABILITY
d0e1e171-8c41-5062-847f-6475a7cfc877,8a684c18-bff4-5654-b7dc-0bc384ba9977,HAS_THRESHOLD,APPLICABILITY
2f3ca736-5f00-5048-8fcf-bb4c8ba2413e,774eae07-c737-5f91-a4c1-6a05c9203bde,HAS_THRESHOLD,APPLICABILITY
bb80f7d0-e750-5ae9-ae38-5e82cb586f11,f92473ba-42c5-5c5b-b53f-9f60ffe4b2d1,HAS_THRESHOLD,APPLICABILITY
dcd6d88a-63b4-50ae-a7bf-d10de3faec0b,e030f98d-7117-52c4-8b2e-5e05aa216a4a,HAS_THRESHOLD,APPLICABILITY
97569c77-2cf6-500c-b711-eb42b0aa36b9,4da9f03a-4f60-547e-b162-244cd16c2df1,HAS_THRESHOLD,APPLICABILITY
71eddee6-1cd2-5ccd-8a9c-927efd59f55f,53680aa9-656b-51ad-a004-66e21fd8f5d8,HAS_THRESHOLD,APPLICABILITY
66fcc7ac-6212-5cd5-964d-f93bd44fd8dc,46fd18ef-0f6c-5595-acad-28689558d1e2,HAS_THRESHOLD,APPLICABILITY
bd8c73ce-6461-5fd6-965d-f4fbb0b353d2,dc80dc9a-aa79-5bd5-8a05-ab97341f8245,HAS_THRESHOLD,APPLICABILITY
3218a2e5-11dc-5146-8e92-a2e323161aa4,bc2d4775-bdfc-526e-bc61-387997a7d154,HAS_THRESHOLD,APPLICABILITY
216ebc5e-6e82-535f-864f-78e34fdf8661,ad01cb79-2a14-5a57-bfb7-f4ac276e4ddf,HAS_THRESHOLD,APPLICABILITY
13fe4941-7c69-5706-8464-44b37fd0ca74,ae3c726d-448d-57bf-a319-e3d6bdf06846,HAS_THRESHOLD,APPLICABILITY
13fe4941-7c69-5706-8464-44b37fd0ca74,c4245714-bf74-5ca3-9230-2208ce37cca0,HAS_THRESHOLD,APPLICABILITY
ca64b374-923c-5983-94ba-117f859093f7,9cda1865-1729-5d0a-b8ce-bf94dcef430b,HAS_THRESHOLD,APPLICABILITY
bdf638aa-2cc0-5a84-bb9e-65a7d3e891c1,575ba826-0371-551b-9005-a98ae87cdf9b,HAS_THRESHOLD,APPLICABILITY
fd915a3e-b1a9-5dfb-9ca0-c3a6bdb4aeae,a6ca3a75-ec75-5065-ba83-0b7b8451fa01,HAS_THRESHOLD,APPLICABILITY
c6a849bf-83d5-5a08-b995-eaeb8e623c83,86f99bd6-af89-557b-8772-82a3d4269e57,HAS_THRESHOLD,APPLICABILITY
9c6a4e66-4e16-53b5-b9dc-734d30c85fcd,f726719a-1f0e-52af-9815-b3d37ccd8b20,HAS_THRESHOLD,APPLICABILITY
b013cd51-27d5-57ba-8879-e0248317e909,ce19fabc-ce6b-5617-85c8-76b514dda864,HAS_THRESHOLD,APPLICABILITY
40b0fee1-17a4-57d9-b78d-9890ad1a393e,eb2f1c1e-db0e-59d8-93c8-769960009a71,HAS_THRESHOLD,APPLICABILITY
2bed3b4d-0b55-5e30-8237-eb61d11caa23,18fc5a02-0089-53f3-bc5d-3c608094ff78,HAS_THRESHOLD,APPLICABILITY
171818bd-c4ed-5094-ae9b-f13284cb5b0b,50fb802f-98f4-578d-8fee-060b164b75b0,HAS_THRESHOLD,APPLICABILITY
4f5882b3-e915-5b90-9d87-b801d46242ec,ff2aad5e-688b-5f03-ac16-0655ef5e12f5,HAS_THRESHOLD,APPLICABILITY
b259c7e9-9933-50bc-a6bc-b2e11b968703,42897785-c0e2-59d7-978d-12c10559ebcc,HAS_THRESHOLD,APPLICABILITY
1ad76e3a-c67d-59c4-811e-562b0a082a98,771f80f0-8ffe-5b86-9d4f-3615cafab59d,HAS_THRESHOLD,APPLICABILITY
e030956d-0e91-5ec5-bfaf-e814523c5ec2,dab4cf14-b6f2-5f6c-99c6-bc7e732a5bdb,HAS_THRESHOLD,APPLICABILITY
bae7d5c4-5818-5136-a219-12248d8db3fa,80ce8019-82d7-57d8-aa0e-5d8d90679730,HAS_THRESHOLD,APPLICABILITY
bd0918e8-6037-53e8-91c2-3bc99e634d98,14c364ec-d750-5bb7-8dbe-c9f72b099225,HAS_THRESHOLD,APPLICABILITY
75758546-8ce7-50f0-a3bc-3b8a58121e65,07f1db9a-0466-5e9a-8bb1-563ca8e73e82,HAS_THRESHOLD,APPLICABILITY
457ecb76-0a5f-588f-bf34-4f7a34f000d4,78f7eadc-1b17-59d3-af89-e7e34949cc2a,HAS_THRESHOLD,APPLICABILITY
dbb3ed46-1797-58b8-a240-1f9d27549142,b8b7a5d8-1f6a-57d9-bfec-86f9561ebc05,HAS_THRESHOLD,APPLICABILITY
37e5c906-87d9-59c7-b55e-73691e529f2b,5ee8bba1-d929-5554-a8a3-7d097f6d0777,HAS_THRESHOLD,APPLICABILITY
d5367a72-8d97-524d-bade-2e053f0933b9,7a38d3c6-4ee3-50d2-8a78-9c6ad5d8becf,HAS_THRESHOLD,APPLICABILITY
6045613c-f7a2-58df-b0c6-fcb5065134e9,5c3d0ec6-3cba-5ac2-aa43-e1106e5327a8,HAS_THRESHOLD,APPLICABILITY
42de4902-e0bd-5b6e-8fdf-55278ad8cac7,7f152cea-8f9a-5028-a596-3274b75bd15b,HAS_THRESHOLD,APPLICABILITY
3a45a20b-190a-5b69-9d6d-dcc141ef5668,6a700223-7ac3-571f-9e52-f58e987771b3,HAS_THRESHOLD,REQUIREMENT
5ad38566-cb80-5396-9527-1cce863c83f9,f3eed1f2-a133-5ebf-8b45-9b83f689ad5b,HAS_THRESHOLD,REQUIREMENT
e4cf4a77-f04a-517e-b846-f3bfc878ecb4,b465973c-a417-5860-b350-a7135e484eb4,HAS_THRESHOLD,REQUIREMENT
e4cf4a77-f04a-517e-b846-f3bfc878ecb4,a8fd3c80-5386-5f96-8803-d9f8627a80ee,HAS_THRESHOLD,REQUIREMENT
33c4dd5e-2d1c-530e-b0fd-3dfba84e7ba4,f3e9f6d5-0bf3-51f4-afe9-251729c8a561,HAS_THRESHOLD,APPLICABILITY
2c097b6b-353a-586d-96e3-560c5a2f80e1,5c52351d-e244-59ba-8212-54ee3cabf7b1,HAS_THRESHOLD,REQUIREMENT
4602b907-6b61-5625-a85b-f2394fdc7e57,b02434d2-c7a7-5504-bc50-506ad8b07f84,HAS_THRESHOLD,APPLICABILITY
808917c1-7db1-5466-ade6-36a4015af70a,508832ea-86ee-5ef4-9c1f-1769084c1660,HAS_THRESHOLD,APPLICABILITY
dac5722d-2887-56f7-b40d-b867518de309,28018e77-b2bc-5a71-b3a4-8a29bb951151,HAS_THRESHOLD,APPLICABILITY
ef1584a6-1d2b-58b9-96f6-1c8804df9ad1,90749ad2-20f1-5c73-a39a-e2ca4a15c34d,HAS_THRESHOLD,APPLICABILITY
8d3ccb62-4afe-500e-baee-f59b89b6a41d,bb2dbd06-7fa0-5cf2-9cd8-d9b6c90abe0d,HAS_THRESHOLD,APPLICABILITY
8d3ccb62-4afe-500e-baee-f59b89b6a41d,192ef603-ec0c-5b55-857d-3fd72b327fc9,HAS_THRESHOLD,APPLICABILITY
d3d63317-7390-566f-84a9-bdf16eb1ca42,f64c2e49-b6cf-543c-a5be-bfb059e18512,HAS_THRESHOLD,PENALTY_TRIGGER
aba23958-dc4a-55a8-90ad-a47b13731bd9,92ea7e77-0530-5ade-a772-c4491546d421,HAS_THRESHOLD,PENALTY_TRIGGER
a4ade8d7-571b-5b3a-a074-c3fa5c6e086d,19e2b4ce-b7da-5ca7-bd65-b41b9d9ae56c,HAS_THRESHOLD,PENALTY_TRIGGER
4c3a6650-2dbd-5842-93a6-98f8054af7c3,072bf95f-4d62-58f5-a7b2-05122baecb88,HAS_THRESHOLD,APPLICABILITY
c9b6e7b8-115e-5b2b-9758-ab180b56ca2c,e208c029-5b43-54d7-b4a0-60851317dca9,HAS_THRESHOLD,APPLICABILITY
25abe35d-6e4c-54c4-8820-975de1dd3860,83a619b4-b2e7-5171-bcd9-7b9b3bf99a0a,HAS_THRESHOLD,REQUIREMENT
25abe35d-6e4c-54c4-8820-975de1dd3860,7622b591-e8b9-5a68-af19-0da64596aff1,HAS_THRESHOLD,REQUIREMENT
74346b54-d3af-51be-a2da-cd07ffad820f,d6cc831d-9d4f-5144-ac09-9dd1db5d7b1b,HAS_THRESHOLD,APPLICABILITY
74346b54-d3af-51be-a2da-cd07ffad820f,ad3958c0-67d3-55ca-804f-3354ebe263bd,HAS_THRESHOLD,APPLICABILITY
8a40490d-78b6-5a92-bf10-d5add263b51b,e117868b-b817-580e-9930-6a6841ac5a06,HAS_THRESHOLD,PENALTY_TRIGGER
52de7a26-2e7d-58f2-8f7e-f881b7d0523c,4e5b96ce-0e82-5f2c-b6df-7814229db185,HAS_THRESHOLD,PENALTY_TRIGGER
99e25d51-0e85-5ce5-95dc-c9ef23292fc9,0fa724ef-97f0-57c1-9dc1-f0dd4ae96a7b,HAS_THRESHOLD,REQUIREMENT
b71c3f2b-ad59-525d-8d46-8d5263475e89,19d66850-3404-5ff4-8b39-0a8717462fcd,HAS_THRESHOLD,REQUIREMENT
216fe1b7-f1eb-5b25-8385-23b50820ff71,0d0ea4cd-b5ee-5735-b35b-a791a3fe849a,HAS_THRESHOLD,REQUIREMENT
5e561b59-53ab-5c8d-961b-f1cf1fed56e3,0bb48b58-3e91-5216-9179-d1219c409182,HAS_THRESHOLD,APPLICABILITY
a5a46bf4-b905-508e-b57c-59935f111853,8c357b68-68f6-5eb0-90b4-60bb876a7af2,HAS_THRESHOLD,APPLICABILITY
558c7da7-4a5b-5d2d-8932-2a42131aaa4d,f2f6587f-771d-5742-b4c4-9e411dd7c9d8,HAS_THRESHOLD,APPLICABILITY
93a94db4-01b3-596f-af49-31bb383aef27,ce5b0a01-ae1b-5fe5-9077-9e724acb24c5,HAS_THRESHOLD,APPLICABILITY
5c44150a-4ec7-5c2e-9f3f-405154aa4add,16b4c0c7-8714-5bda-a544-132ec102e3e9,HAS_THRESHOLD,APPLICABILITY
b01e3a51-4d9d-5a36-8837-913e7b2f327a,9b2a217d-3286-50a5-837c-1e3bea46a635,HAS_THRESHOLD,APPLICABILITY
b01e3a51-4d9d-5a36-8837-913e7b2f327a,19828375-b6d1-5bb9-851c-6543d0fc518c,HAS_THRESHOLD,APPLICABILITY
a4704314-4032-519d-8a77-8ba703b01bd9,78b12c60-08d2-59d9-b4b9-235adabeac3a,HAS_THRESHOLD,APPLICABILITY
9dc18b99-5e5a-5a1c-b46e-548125e4f676,7ab1925e-8e1c-5fb6-88db-716d504684c3,HAS_THRESHOLD,APPLICABILITY
399318ff-fa10-5aae-bb53-4527a0666890,05e0734f-f49e-5d23-b232-bd38e0b79719,HAS_THRESHOLD,APPLICABILITY
66ba30d2-5e95-5f65-877e-71a51dc4b73d,f5f182d4-d79b-5a15-b850-c9594ed1d187,HAS_THRESHOLD,APPLICABILITY
ba6e2b46-ee7e-55e5-a4b2-0ef340f0c986,2b6a1e94-88b6-551e-bc64-05e54354ba69,HAS_THRESHOLD,APPLICABILITY
8ca71132-a576-5286-bb74-7a9f7633c98a,11b372ff-57b0-59a9-bc5d-e96500ecb1ea,HAS_THRESHOLD,APPLICABILITY
7d9457a3-22bc-5add-aca9-f323e8b194d0,988e5ee0-a7f7-5c8a-8d4d-ce93f2a09766,HAS_THRESHOLD,APPLICABILITY
7d9457a3-22bc-5add-aca9-f323e8b194d0,d79d2e9f-c0af-5bfd-a880-7cfec2a6c92a,HAS_THRESHOLD,APPLICABILITY
0e0fe578-1fc2-53fd-af38-aec6ca233196,ccbdb5ee-5c39-5bca-bb65-a0edb00cbb3f,HAS_THRESHOLD,APPLICABILITY
0e0fe578-1fc2-53fd-af38-aec6ca233196,d45a9581-a6dd-5009-8e0d-6aac6e9f51e1,HAS_THRESHOLD,APPLICABILITY
49f26763-e836-586b-b738-1c599d210ebb,975717f4-9bd4-5651-bf80-e92168113a7b,HAS_THRESHOLD,APPLICABILITY
49f26763-e836-586b-b738-1c599d210ebb,fa2e893c-8951-5e3c-9c76-12afb419af17,HAS_THRESHOLD,APPLICABILITY
f3389413-2d70-55a9-a862-358d351d739c,cf644da1-1910-53b5-989e-e3a65c61e80e,HAS_THRESHOLD,APPLICABILITY
f3389413-2d70-55a9-a862-358d351d739c,619f87b9-036c-5a82-82ea-90cd4f4dc07b,HAS_THRESHOLD,APPLICABILITY
588878c4-63da-58fb-a8e2-60fb85cd1f3f,66252c8c-9d30-5065-8c11-9e661676ae5b,HAS_THRESHOLD,APPLICABILITY
e979e6d3-7535-5830-837a-046d186635a6,44180e26-5719-54b0-8ebc-9167d962684a,HAS_THRESHOLD,APPLICABILITY
2482147a-4fd0-5834-8496-5ac7fab1e538,5499483b-7086-5d24-9f1f-980ef4b9524f,HAS_THRESHOLD,APPLICABILITY
88328f7a-a5f2-56eb-825f-f53b74da05cc,c3c4362e-ab05-5e0b-a716-ec895244cf90,HAS_THRESHOLD,APPLICABILITY
88328f7a-a5f2-56eb-825f-f53b74da05cc,9a2af250-da45-59eb-8497-0990ef0e89ed,HAS_THRESHOLD,APPLICABILITY
bd5e0a40-9b3a-5d09-bcf6-e8b145cad1a3,75bee67d-eab0-5368-a752-ae78b77f6f62,HAS_THRESHOLD,APPLICABILITY
66faf691-4f9c-5f64-a8c4-5b435016b769,4a38445a-fa78-5c0b-9730-964d8b2605bd,HAS_THRESHOLD,REQUIREMENT
e69be624-0075-59f9-8166-01bf4e19b163,1fc67f0b-396f-5f36-ba3a-36947f53811a,HAS_THRESHOLD,APPLICABILITY
f540bed8-e3a7-564b-91fe-9c066d55c077,1dc3da3b-db6d-5273-ae90-a34a6d589f33,HAS_THRESHOLD,REQUIREMENT
a08775a8-25a7-5b08-a7f3-a42e7c20817e,b4aee82f-65da-54cc-80c1-f3994826e8c4,HAS_THRESHOLD,REQUIREMENT
711a7835-dd8c-5fff-87fe-b51a768746a2,41d1f389-5421-597a-849a-1e43b9c5c7b6,HAS_THRESHOLD,REQUIREMENT
cc06b2ba-8b94-5689-82a5-d8155384ac32,a1a4a988-a0e6-592d-a0ac-e57d00593cb6,HAS_THRESHOLD,REQUIREMENT
c4ba0aa2-e13a-5927-9e4a-da17f7cc2657,6701e0d9-1b56-55a6-8789-faa9eb9b0e6c,HAS_THRESHOLD,REQUIREMENT
48c07a40-0d59-5d90-b0ae-89fcff3b91a3,be7b63fe-2ebb-507f-8209-5e6c0a837ea0,HAS_THRESHOLD,REQUIREMENT
821775ca-ad33-5ada-a58e-3a2262b3ec0c,635412ca-e252-56bc-8557-ec8607f78370,HAS_THRESHOLD,REQUIREMENT
1c475f30-eefc-5ab2-99f3-dd0da0cd84dc,20b3f2b6-0ede-58b0-b08e-83d2cf3e4553,HAS_THRESHOLD,REQUIREMENT
2f43a319-8afc-52dc-99fc-b06075348c4c,f50880ba-dcb4-5312-aebe-fecb935796dc,HAS_THRESHOLD,REQUIREMENT
a6819a56-a6e4-5da0-8958-160f84131c61,bd715c38-a9f1-57ab-86c4-beadad96f2eb,HAS_THRESHOLD,APPLICABILITY
819d1fa3-f021-5fc6-87aa-8e5eaeeec380,6bcde490-4c26-5c85-8589-a7aa25f9bc44,HAS_THRESHOLD,APPLICABILITY
173a0fa9-f146-5e64-a163-a7f4c142e36a,3dac2c12-33c7-58ab-bb5e-2234bf8f2245,HAS_THRESHOLD,APPLICABILITY
ef026282-96be-5ce2-948c-c5dfb92c2da6,0144b4ca-9ba6-5e1e-9a52-e05c2922e64b,HAS_THRESHOLD,APPLICABILITY
a7bd4674-1ff2-53c2-9cd7-6e57bb07a475,2f5b3184-41cc-583b-9a62-03919742bc89,HAS_THRESHOLD,APPLICABILITY
f25d6781-aeed-5a83-a0a0-24cb49a0eb6b,bc889b67-ee27-5d56-b81e-480cc29fe662,HAS_THRESHOLD,APPLICABILITY
fc247164-0e3b-5bde-9d84-4f55bedaf193,23f452df-1faa-595f-92b1-a37ba5afed38,HAS_THRESHOLD,APPLICABILITY
fdf9d804-00f3-506c-961b-270dccfa3219,7dcb751c-6ea9-5e06-b8aa-a69e7197bc10,HAS_THRESHOLD,APPLICABILITY
5a35692b-139f-510d-a2fc-1b7ef0299b6a,7a0b6457-ab1e-50ab-888c-d2b9602464b7,HAS_THRESHOLD,APPLICABILITY
e28bdb6a-a903-5c41-bcf5-b927cada87ad,124b9188-2ba2-5c54-bb68-64a04ef2e8ef,HAS_THRESHOLD,APPLICABILITY
0ce9f122-7143-5577-a468-0e7e03bb8b9d,be128c1a-3499-5eb5-ba7c-3ade6875d101,HAS_THRESHOLD,APPLICABILITY
19cdbd78-2b25-5f90-ab3e-b01224533fd9,820b68b0-692d-5e3b-8bee-86f20da4ebaa,HAS_THRESHOLD,APPLICABILITY
47c92ae1-c2cd-55c8-977a-3e558814d8cc,0ec4a8dd-0921-5534-96fb-8eaa4642772e,HAS_THRESHOLD,APPLICABILITY
93191e75-5506-5caf-9b9b-9639e24498c3,f53b35fe-15b9-533e-b369-c8753b69d332,HAS_THRESHOLD,APPLICABILITY
c60916be-1748-5ff8-adff-5b586ff24b0b,886c5b17-cb0a-5a16-b2e5-6bcc92911215,HAS_THRESHOLD,APPLICABILITY
80cf2da8-b606-5d95-8fc2-827cd18a85d5,ff8ab4b2-7c99-50d2-8d01-db84d4fd3fdc,HAS_THRESHOLD,APPLICABILITY
0e673c56-6743-5a6d-8593-6847c12d47a7,2b4020e3-e540-564a-b8bd-35cf938d803a,HAS_THRESHOLD,APPLICABILITY
d3b43f60-8d19-56e4-abe0-5ebe70950c15,90361570-1b13-5f31-b20a-c1c527a1060c,HAS_THRESHOLD,APPLICABILITY
787186dd-866d-51c4-a00c-7ad77eb6cbfe,3aee115b-47b0-5782-938b-a7b488932bbb,HAS_THRESHOLD,APPLICABILITY
4411b868-f23c-5402-b9a6-68ea24c2bf86,d83ed890-63bd-58fe-8179-f664f9a6688a,HAS_THRESHOLD,APPLICABILITY
1b9caf30-131b-51af-bfc6-165d629a9a8d,9e554eae-c366-57b0-b298-fbea91fe6bb0,HAS_THRESHOLD,APPLICABILITY
67d418fe-35a5-543f-bae4-271760a6fb21,1cb1f7f6-58b7-523d-8c53-5adbd17f0b37,HAS_THRESHOLD,APPLICABILITY
86dfa0c5-fdfe-58d1-b774-1071dc5bfe08,cf6bcab6-3f2a-511d-b38a-d2b355c99742,HAS_THRESHOLD,APPLICABILITY
f45e7cfe-d832-5b59-9a03-3644a7f4042d,b00420ba-d8e1-5486-aca7-276c5cd434b7,HAS_THRESHOLD,APPLICABILITY
7019ee28-990f-50fd-9d10-ef5e6cc9bc43,873bbce6-decb-5b0c-9a38-c0ba1c83c2b1,HAS_THRESHOLD,APPLICABILITY
3eb6eac1-e924-5da4-b730-295a345529c4,da66b9a3-b9bd-59b9-8dd2-65034a610c56,HAS_THRESHOLD,APPLICABILITY
f896b0fa-cb36-5af1-b1b9-464670f68e94,ed481b62-a46d-547b-a237-f712ffe964e1,HAS_THRESHOLD,APPLICABILITY
b2bd998b-0347-568f-9cc8-33e4c26561d3,070b13d9-6628-5085-9e8b-b7ddf391c518,HAS_THRESHOLD,APPLICABILITY
70f72150-67f0-5661-8ae4-fdeb09492f19,ff23a40e-3e06-5c6b-9197-311d17d1da08,HAS_THRESHOLD,REQUIREMENT
70f72150-67f0-5661-8ae4-fdeb09492f19,6a146f10-f122-5959-b488-097d61a56486,HAS_THRESHOLD,REQUIREMENT
70f72150-67f0-5661-8ae4-fdeb09492f19,b52cae19-62a7-5a85-a3b8-d8c215975424,HAS_THRESHOLD,REQUIREMENT
70f72150-67f0-5661-8ae4-fdeb09492f19,1627415e-418c-5021-bc02-2838ec78fa86,HAS_THRESHOLD,REQUIREMENT
75faa276-fa01-5ad9-a97e-fda969077e85,b3ebbe48-249c-5f61-9479-dfbef531a9f2,HAS_THRESHOLD,REQUIREMENT
75faa276-fa01-5ad9-a97e-fda969077e85,abfb8f71-b2bb-521d-aa3f-41881cad4006,HAS_THRESHOLD,REQUIREMENT
75faa276-fa01-5ad9-a97e-fda969077e85,aa263e18-400c-5f60-bdfc-d3897fb1f16d,HAS_THRESHOLD,REQUIREMENT
75faa276-fa01-5ad9-a97e-fda969077e85,11a98282-af99-528b-a05b-29f2af5ad1f6,HAS_THRESHOLD,REQUIREMENT
d4356b79-8e66-5126-ba1b-86bc76cb03c4,33b2151b-ef5b-5199-b398-9707bbca696d,HAS_THRESHOLD,APPLICABILITY
c9c6b8a5-9df9-5405-a217-3deec0b0c94c,5be3aea2-efdb-5381-8886-39aa5f8ff752,HAS_THRESHOLD,REQUIREMENT
6d5a9aca-0bd7-5468-b09e-fdea3a6ceba6,bc2a55c3-8236-5cb2-8e3b-82dbf19feab3,HAS_THRESHOLD,APPLICABILITY
3d5a1c53-ae49-55ec-a31c-573320a083da,dc23a84b-b67a-53ee-a6b9-ec049fae1d6b,HAS_THRESHOLD,APPLICABILITY
76578d0f-832d-5848-864a-20fbd0708803,9764dd66-d1f8-59ca-bbcf-1d74953b8ec7,HAS_THRESHOLD,APPLICABILITY
c1125e3d-5153-50e7-9e49-15f4f556c405,51599c33-76c7-50e4-84d4-afb5cc1d0430,HAS_THRESHOLD,APPLICABILITY
4d74b95a-b6c2-5053-8e04-9a2c7c9a07d5,7afad300-c9a5-5340-a6a3-ff0cbcc2026b,HAS_THRESHOLD,APPLICABILITY
d1ff0b31-2e89-553c-9204-a1d3e4477d12,15fc7631-e341-5433-8f25-e928b9435562,HAS_THRESHOLD,APPLICABILITY
1a263e87-95bb-5bc0-a7d8-7402efffd237,1dd2ac18-3a3a-5489-9811-1f0710118f5b,HAS_THRESHOLD,PENALTY_TRIGGER
4b10b5e2-490b-53ff-aaa9-b631d50d124c,0fd64474-d9a5-51be-b772-d0d0897b03fa,HAS_THRESHOLD,PENALTY_TRIGGER
3f4fdf5f-74c1-5a29-8df0-f5d096cb284b,cbb878d6-0357-55d9-8be0-e5bb9d4d06b9,HAS_THRESHOLD,APPLICABILITY
9c2d4763-6f88-5988-856f-d79742132116,af36ac34-34b0-511b-9c53-0fbb119e560a,HAS_THRESHOLD,REQUIREMENT
9c2d4763-6f88-5988-856f-d79742132116,32a72a0c-d6b9-5e3e-9296-e700c9ffd23a,HAS_THRESHOLD,REQUIREMENT
da235155-2b9c-5e6d-804d-ba1ddf7bf56e,3e7a750b-14d1-56a4-83e4-c096bbc68361,HAS_THRESHOLD,APPLICABILITY
ec8d4292-a06d-5553-8b9f-c47f1e95c88b,ef46714b-9a1d-5e72-ac76-d7b12966d75d,HAS_THRESHOLD,APPLICABILITY
af824ccd-a169-55e7-868e-44814f18110e,484d6fac-0196-533d-8521-7c21b0a8550d,HAS_THRESHOLD,APPLICABILITY
b3824fda-4e72-5ed6-a3e3-6be781abed57,52fab4f7-f0cf-5ed0-bc75-7e4c91bcc87f,HAS_THRESHOLD,APPLICABILITY
ae03ffa2-481f-5bf9-8930-c77199c9a1ab,284a9b62-6223-53d4-a782-c3cfd8135fbb,HAS_THRESHOLD,APPLICABILITY
90c2e309-9883-5004-8e9f-a5d8dc7240ec,1cbdf78a-f2b5-5ba1-8588-6c57df7bbf39,HAS_THRESHOLD,REQUIREMENT
4fc8db5e-407c-5558-bd5a-f03ea3438443,749100db-7e0c-5ce7-a283-98c6fa64a2da,HAS_THRESHOLD,REQUIREMENT
7c6f495d-5127-53cf-b8b3-e480af2888b5,41b7c617-bfcb-5639-b521-0b0874f16eda,HAS_THRESHOLD,REQUIREMENT
1f14e9af-02e3-5db5-96d3-dc60ebbf1cdc,e85abf66-a5cd-5502-8f07-e2d5c5a31055,HAS_THRESHOLD,APPLICABILITY
a4b9f30c-347d-5284-b15d-f98b227d7c85,55c6de94-b86d-5656-b6eb-ca87f848786f,HAS_THRESHOLD,REQUIREMENT
b9c688f0-0a2c-53f0-b6ab-cb67b53e5a0c,8c17b1ec-e514-509d-b389-b14e4ba3a4a4,HAS_THRESHOLD,APPLICABILITY
4ca9a602-c5e1-5d95-b1e5-ffc1c91451b7,82acb5f1-3ec4-545e-aba8-ad4f12a21808,HAS_THRESHOLD,APPLICABILITY
8708b303-1277-52bc-9d70-b3c8496ea87f,70a48904-adeb-51b6-b3cc-ab98da020b99,HAS_THRESHOLD,APPLICABILITY
de1fd30d-72ce-5461-abcc-3658ecdb14dc,724eea88-23f4-57ce-98ad-47e78f895081,HAS_THRESHOLD,REQUIREMENT
dcb66851-1000-59b7-af50-67ea7081551d,8b414cbf-fa34-57c8-bcbc-4b85d7cf53bb,HAS_THRESHOLD,APPLICABILITY
1182b5ac-a5cf-5f5d-82c6-376dd8ad18a8,9071a9a6-80b4-5aa4-afd9-35089886ceed,HAS_THRESHOLD,APPLICABILITY
38899b27-7478-5f4a-9a7b-ba8331927145,e8089491-4720-5c99-b2d8-950bf6d80dd3,HAS_THRESHOLD,APPLICABILITY
ebb53f97-5937-5c1e-9ce8-1027c27cbde3,2286acdf-d61a-554a-abec-6c30b54daa9e,HAS_THRESHOLD,APPLICABILITY
a8949840-b7b1-5bf1-9b0e-591a10fc42ff,c3d4049a-75e9-537e-b783-bd2ab270f5fa,HAS_THRESHOLD,APPLICABILITY
8cc0bf2f-d9fd-5f2c-98a0-4a59e370c6c6,e8a71b90-99c7-5e4b-be60-264e5557c6dd,HAS_THRESHOLD,REQUIREMENT
a96c6fae-6088-5945-aa77-94bea6bebbda,9d3497f7-85d1-56bd-b43e-5b55e2860817,HAS_THRESHOLD,PENALTY_TRIGGER
44d5bf1b-75fa-56d8-a9af-49558897eed8,9116b100-9f9b-54c5-9204-908ac60124ca,HAS_THRESHOLD,PENALTY_TRIGGER
53826995-9223-5d15-9132-dfc54f6deb09,ee6f463d-cb5c-57f2-a4c6-6be9bc1b6238,HAS_THRESHOLD,REQUIREMENT
3a744b7f-ff8c-5f39-a641-4004e089816a,7f810a73-ab68-585c-9bb1-684518045cec,HAS_THRESHOLD,APPLICABILITY
4a432d56-6b8f-50ed-bf34-273669f5b138,c4ed9c8c-7a2d-5bb0-90bf-d20353d148d0,HAS_THRESHOLD,APPLICABILITY
c46b0ed0-b8c8-5dc7-9c13-58af9e3f9495,5fd46aba-1282-533d-91d5-e2531e0165d0,HAS_THRESHOLD,APPLICABILITY
610d6722-5ea3-567e-83cc-5710c4e133a5,c280e10b-d295-5dc2-9616-a66c600d8b0b,HAS_THRESHOLD,APPLICABILITY
610d6722-5ea3-567e-83cc-5710c4e133a5,eb030441-97f9-5637-aa14-1bb370b33e80,HAS_THRESHOLD,APPLICABILITY
0a109aee-3980-59ac-b5e2-39a08b3e61ae,a0c81143-415c-5f8f-8abb-ca8d6097cdac,HAS_THRESHOLD,APPLICABILITY
0a109aee-3980-59ac-b5e2-39a08b3e61ae,c804d6c0-85db-596a-901e-bd199de13e6c,HAS_THRESHOLD,APPLICABILITY
be09de54-f6b8-5507-bfc1-e01ff85cef49,09a618d7-64eb-5679-9048-74720fb56872,HAS_THRESHOLD,APPLICABILITY
ce52e541-a4ce-5ec3-afb8-a5fab80d1f97,84fcec87-840e-5e80-a6f6-47633cf0d968,HAS_THRESHOLD,APPLICABILITY
ce52e541-a4ce-5ec3-afb8-a5fab80d1f97,d9600a98-920a-5b7b-be2e-e752127a18ac,HAS_THRESHOLD,APPLICABILITY
ce52e541-a4ce-5ec3-afb8-a5fab80d1f97,88ade3c5-b7e2-5100-92c4-5d8524b5e253,HAS_THRESHOLD,APPLICABILITY
ce52e541-a4ce-5ec3-afb8-a5fab80d1f97,c5e3621c-1e8c-5245-9625-53766f961ff2,HAS_THRESHOLD,APPLICABILITY
9a68fedf-b0cb-56e8-8a1d-555fbd0fd94e,b2052f4d-dc06-5adb-a7a0-6d617759677e,HAS_THRESHOLD,APPLICABILITY
6ca5165e-49d2-5a82-82b8-0adc95aa2bfe,fc2d0bda-9273-50a1-8640-184495958420,HAS_THRESHOLD,REQUIREMENT
aa353657-0dae-5248-986f-6443e8a8a819,ef2a45e2-f00c-51c4-9acd-2678747199e6,HAS_THRESHOLD,REQUIREMENT
aa353657-0dae-5248-986f-6443e8a8a819,f6d77ea7-00cf-5ca3-96d0-c09fbe9eecb7,HAS_THRESHOLD,REQUIREMENT
aa353657-0dae-5248-986f-6443e8a8a819,414aa5df-62d3-5818-a04f-339eb1be6698,HAS_THRESHOLD,REQUIREMENT
aa353657-0dae-5248-986f-6443e8a8a819,7218c1df-e019-512b-b60f-02557e5e8313,HAS_THRESHOLD,REQUIREMENT
aa353657-0dae-5248-986f-6443e8a8a819,d0e4c76d-27e6-58cf-8b2c-26bb5b63ba3c,HAS_THRESHOLD,REQUIREMENT
aa353657-0dae-5248-986f-6443e8a8a819,946061f3-a036-5f65-b0a5-5a1fe73ff7bc,HAS_THRESHOLD,REQUIREMENT
6c89cf0e-a18f-5649-83eb-12448bd62fb0,c3328f2e-3d6e-5225-b797-4cd7f8dea26f,HAS_THRESHOLD,PRIMARY
fc931418-dc92-56b0-b33a-aca05152e0b4,ea5b1a30-0998-59cc-9d60-4f9a7f1df957,HAS_THRESHOLD,PRIMARY
5438a6a2-1fbe-5721-a82b-e21dfe7a6793,c27c6925-3852-5776-8a73-9358429f4b3e,HAS_THRESHOLD,PRIMARY
0f3f8c79-ff85-57e3-b63e-dd247372c04b,51d53aed-dab6-5447-861e-b390d319a998,HAS_THRESHOLD,PRIMARY
b06b31a6-f92d-5a9a-a345-56747fd3ad4c,430c7a6f-6fbc-5ad2-88f2-ea3342f08d9a,HAS_THRESHOLD,PRIMARY
1f8e7464-dd52-543d-8587-d1ce432da706,9fd5598b-ed50-5209-850e-dc10fb08f26e,HAS_THRESHOLD,PRIMARY
839f487d-52ce-57de-817c-cfda7511be69,3c7f74c1-ba8f-5811-ad0a-c892ecd98f81,HAS_THRESHOLD,PRIMARY
fdc107b0-7724-59a1-8f1f-a4849a6ce85c,0ae4bd77-948c-5227-ba9c-e964ca5e86f3,HAS_THRESHOLD,PRIMARY
c2b04970-491e-51ca-b7b5-95e3dfdfd608,285bef48-362d-517b-90d2-f6832f59ea20,HAS_THRESHOLD,PRIMARY
652fd042-4ba7-5141-86da-a339f9e1aa70,ed70b497-76fc-5f27-aff1-5a9dd11f3572,HAS_THRESHOLD,PRIMARY
7866038a-ac8e-58a0-a719-b12b4cd9d00e,f7947d66-f6e1-5671-8669-c389ab2ead0c,HAS_THRESHOLD,PRIMARY
fa3a8db4-054c-55aa-9f2f-062d4e1a6238,edd8f240-aab4-55f2-a6f7-b70446b79156,HAS_THRESHOLD,PRIMARY
318fcf63-78e4-5655-b8a8-5d8799ce4ab7,9d7859cf-7395-55cc-8008-fae2b6955691,HAS_THRESHOLD,PRIMARY
e7bd8d25-fc97-5b0d-b19b-f59d96b9aba4,c4e9e04c-13ff-5c32-b9d7-716e890d4c64,HAS_THRESHOLD,PRIMARY
4443c9c8-5621-5bd5-b72b-af0158aee012,738b27fd-6f67-560a-ba66-cad473cce3e4,HAS_THRESHOLD,PRIMARY
8740293a-86aa-52af-8d84-375ce7805a1d,9108488f-fdff-5b82-b361-1dbce74a8c50,HAS_THRESHOLD,PRIMARY
adc21c09-d4bc-5d7d-9353-57aadffcec5f,86b46872-b479-5a63-b4f8-5cfa559e992d,HAS_THRESHOLD,PRIMARY
e63bf379-3f72-5736-a6be-74263a8be8eb,7b89edd4-8921-59bb-8dfc-464fda30148b,HAS_THRESHOLD,PRIMARY
a9bf5301-3792-51da-bfa0-93dbfe1611b9,f9cdb3c2-e596-5406-83c7-8532d2dadc88,HAS_THRESHOLD,PRIMARY
526fab18-8433-5c68-823e-49bf4b8c458b,b2ba0522-5da8-5d5b-8aec-5c2483a6843a,HAS_THRESHOLD,PRIMARY
dedbedbf-4c26-553f-80bc-12bcd69f2cec,2a85dba9-8d41-57ec-afdf-c3c639fc6a10,HAS_THRESHOLD,PRIMARY
5652e5a2-0c16-5266-8da1-d2f18fcfe383,4f01e405-37e1-5c74-b4b6-275f3368d404,HAS_THRESHOLD,PRIMARY
cc47a37d-22f0-51b3-9926-7ebc58f86c60,c4e799a9-e435-5a10-9b62-6ffabfc7ebce,HAS_THRESHOLD,PRIMARY
bb318131-c418-5d13-a6eb-00590073d219,1e4309be-c3e5-56ff-9640-00233d2b712b,HAS_THRESHOLD,PRIMARY
dfbedb6d-94e3-5481-a424-7ae45e9eeb2a,0629b35e-4877-541c-ab1a-cf646779fbd5,HAS_THRESHOLD,PRIMARY
ca1fdcd4-36dc-51ab-b71a-3b8712b510f7,5173df65-1444-586a-8eff-e9b9ed4cc5d4,HAS_THRESHOLD,PRIMARY
6aea4378-d31d-58a0-b4ac-4936d2febf23,a85b3826-fe3c-5de5-9f02-718c80c4c285,HAS_THRESHOLD,PRIMARY
05952737-479e-579f-b2a2-7d63e7785dc5,7819adfe-083f-5632-89dd-f5d5143bb565,HAS_THRESHOLD,PRIMARY
16f62daf-0067-5d38-81ec-da4ed20f2ddb,995eccbc-03f6-5fbb-8c93-50f2080a9445,HAS_THRESHOLD,PRIMARY
aacfbd3c-a60e-5e14-94e3-351866794130,2176a64d-0824-531e-b424-f96407c044ff,HAS_THRESHOLD,PRIMARY
86fa8fbb-98c9-58f7-a83a-621e53c0e23f,f2473ee6-5790-566e-9e30-b64f004b9f58,HAS_THRESHOLD,PRIMARY
a0401bc5-9eb1-53c7-88a9-d557417768ea,018545fc-aac2-50f4-9141-86188bf14c5c,HAS_THRESHOLD,PRIMARY
60700cdd-c567-5ece-a2c7-4d26feb876c6,82512f4d-838e-5233-b24b-dc9cabf5ee73,HAS_THRESHOLD,PRIMARY
077ff852-48ae-511f-8d94-eb69433b28ef,3b572e42-d702-5b1c-9111-cf0ff907ed69,HAS_THRESHOLD,PRIMARY
27c9eeef-ca2b-533a-89ff-a5c08b701ca6,9f91167a-96fa-58a3-ae78-5633b4fd6361,HAS_THRESHOLD,PRIMARY
4c167763-4f94-5105-8cee-0cedf9d56f96,e9513c38-db19-5ca0-96af-3849c302aa0d,HAS_THRESHOLD,PRIMARY
19ed2ff0-1b49-57ba-9867-bd902b12acfa,bc0fa40d-0902-5a85-8f4c-4ac47c9d233c,HAS_THRESHOLD,PRIMARY
fcc84706-7607-5972-9aae-7926ef65b485,39168201-3120-57cb-bc48-1388f2d1d9c3,HAS_THRESHOLD,PRIMARY
88bb09fa-3047-5f7e-8046-58ed05d65f49,d13da6e6-fdca-51d1-bf18-494b3905524e,HAS_THRESHOLD,PRIMARY
9300c5ca-bb6d-5ce1-bf05-db163a62570d,b41954e6-4753-54e4-816f-18530499d9a0,HAS_THRESHOLD,PRIMARY
4d766c9f-43e4-5f74-8ccb-0f0808998375,dda6ad1a-98b2-50ba-bef9-45d23c0d262e,HAS_THRESHOLD,PRIMARY
66987841-1b10-52cb-b390-93083d1bfe7d,18afba60-0b6c-5138-beaa-106e87379f69,HAS_THRESHOLD,PRIMARY
fd102a3d-f3e8-5c9e-9e76-936f8937882c,1525a954-c4ab-57be-9047-51e062dc00fb,HAS_THRESHOLD,PRIMARY
e1cd7327-f6cb-58fd-a049-799e896c0b7a,23c38fde-b150-5278-a4d4-f76378f07e77,HAS_THRESHOLD,PRIMARY
bdacddd2-2f4e-5c3d-b954-5a9dc8c8c2d4,d6ed6966-2f74-54f6-b022-f2cca1a6888d,HAS_THRESHOLD,PRIMARY
5b0e22f4-7645-5add-b228-e74ea628e1e4,da84d1f7-191c-576f-b6c4-4429e21b18b6,HAS_THRESHOLD,PRIMARY
92e2eb42-866b-5571-bb51-a8a03f120beb,34be856e-c381-5112-9400-f2e5978c7a6f,HAS_THRESHOLD,PRIMARY
0815ab1c-6a13-5366-b940-f732f4f92381,05a68245-f0bf-55ef-933d-5571c6941008,HAS_THRESHOLD,PRIMARY
a280e9da-02eb-564e-a448-151fbebad9df,3a0c01bc-22d9-5392-b829-8c3cde252c72,HAS_THRESHOLD,PRIMARY
ad3c26f0-b94e-51d0-b69e-7da1225bec23,de12f448-da2b-5696-940c-90ec40166ef7,HAS_THRESHOLD,PRIMARY
58b79053-037a-507e-8f9a-b1a753a07797,4b42d229-783e-5ccf-bbd8-783a70c5a474,HAS_THRESHOLD,PRIMARY
17c2df12-704e-56b4-97bb-d31d931ade5b,16cd89d8-ce1f-5ad0-8a94-231e266dd926,HAS_THRESHOLD,PRIMARY
bb9092af-4472-500a-ad9b-5d9152e6b142,7c28573f-e643-540a-8782-a6c9dd53961f,HAS_THRESHOLD,PRIMARY
db5abfc8-3051-59a7-b329-5fd384b4651c,cb5db335-9fdc-5747-b339-2d8432a8e5b5,HAS_THRESHOLD,PRIMARY
75b87eab-2afa-5bf0-878c-ab56d0de6e17,36ab0b41-e482-5ba6-8820-33eb9b88cfb7,HAS_THRESHOLD,PRIMARY
b64f19c2-d350-58c2-a453-973a09621777,f6ad2c2a-d711-5411-82d7-aabb52b70cfc,HAS_THRESHOLD,PRIMARY
21579204-3076-5565-b4c0-6d10b44266b5,1c74d5aa-43c8-5696-ad12-923f7b30803a,HAS_THRESHOLD,PRIMARY
c118f39b-5b85-5c65-a0a3-a900c0b57d71,46d98ff6-7df9-5795-a5f4-252159cb1c92,HAS_THRESHOLD,PRIMARY
63f63838-68f6-592a-a609-b9ee3aa5eb74,f0db2b9e-ee2a-5ee8-987c-050875bf88c8,HAS_THRESHOLD,PRIMARY
850c3640-03d0-513b-aec2-9abe68cb6157,310038ce-41ea-59eb-a86d-af8f4fc53009,HAS_THRESHOLD,PRIMARY
394c5806-cdc8-5e1c-8034-c0847da6ba74,ba5fac89-6d2e-57ae-94ed-4a19e9a3a819,HAS_THRESHOLD,PRIMARY
83464079-167b-551c-825e-7134fe85a94c,98537f3d-6319-52a1-b5fc-68d5a9ec028a,HAS_THRESHOLD,PRIMARY
f5c2f5da-29ae-59e6-8dbc-4a03ba8ede71,c8759026-af1b-55f1-aade-0544f9507b2f,HAS_THRESHOLD,PRIMARY
cf785bad-05be-505a-9cb2-cdab8de378df,11a3033f-7318-59c3-a55a-45b7212574be,HAS_THRESHOLD,PRIMARY
f9e1538f-0628-5516-bfe8-d96d07a35027,d2522e3a-6e33-50ee-b4ce-03db19039013,HAS_THRESHOLD,PRIMARY
adf91218-21ee-5fc3-b780-ba086f76d1fd,08d3f423-ff4e-505b-8cde-9cf8270c6533,HAS_THRESHOLD,PRIMARY
77665d97-9e0b-5aa6-9831-ebce0354df6c,c1599db2-f80e-57f6-ad12-8c1e96e0b76f,HAS_THRESHOLD,PRIMARY
96b912bc-ded2-540b-8886-3d520d590a4e,9d9e06a3-1bb4-5359-a098-fd67743b147e,HAS_THRESHOLD,PRIMARY
99e929fe-4d52-5684-babf-949e0e86bc99,2d1ffbf9-5d36-546c-9873-e73e53006acc,HAS_THRESHOLD,PRIMARY
726ac3a1-eb18-5500-9dfa-f9b193dcea6f,69fce06f-9450-5919-be54-113b34e2fabe,HAS_THRESHOLD,PRIMARY
0848c8bf-530f-5886-91a3-a08d545f59a4,97b9b526-98ae-5bc4-8ab5-2ef336ac8267,HAS_THRESHOLD,PRIMARY
372dfda8-5d19-5837-b3c5-8657192a80cc,3985d517-288e-5928-adfa-820bdb8d8b6c,HAS_THRESHOLD,PRIMARY
ac34704c-1239-5336-8cde-9cf2ffff7fbc,50420b27-da64-5e32-998b-f647f42fb944,HAS_THRESHOLD,PRIMARY
dd394d6d-d803-5b37-89c0-8ece4185c926,5c3a5040-fe04-562c-a41a-879b10919b91,HAS_THRESHOLD,PRIMARY
9a234935-cb5b-5785-a50e-14716b646118,1215373d-2f2e-5ac7-904f-862e2342089a,HAS_THRESHOLD,PRIMARY
fef9443c-6721-503b-93b8-3e2356ea6d86,57924932-d59a-5c58-aec9-46afa948ecf5,HAS_THRESHOLD,PRIMARY
48664f5d-a01d-54a0-b528-c728bfbff76e,affe6b3e-98ed-54dc-8461-92f250fe0555,HAS_THRESHOLD,PRIMARY
0b5bebf0-99bb-5eaa-abee-dfd1a65b844a,f44b2562-e917-5d0c-9d59-5dae45a46598,HAS_THRESHOLD,PRIMARY
6456607a-ba05-5b5c-a3d7-2a7146bcde89,b0a7445c-3ddb-58a5-bbd4-2c36b4bb1ee0,HAS_THRESHOLD,PRIMARY
6d93c501-c4ad-5275-a4e6-53a7c918e169,4a1ec028-177e-55d5-99d4-7a8f8f19a08f,HAS_THRESHOLD,PRIMARY
38647eb7-7e2b-5f01-8b08-1f3acca4efaf,08a57a59-f91b-5c83-b4f5-11715c8e6fb8,HAS_THRESHOLD,PRIMARY
b34da256-4b7d-5e4b-9fb7-436b549bbfed,67d38e78-aaf5-5efb-bc6e-e28899790c87,HAS_THRESHOLD,PRIMARY
94cbd17b-f41b-530a-b05d-6ef4a3a5be15,30cb73e1-4adf-58cb-85ed-e4cf5ea5f647,HAS_THRESHOLD,PRIMARY
96a38fed-39c1-5878-969f-e5a4f635ea23,1b02ee57-c08f-597e-b303-2f7a74e4b155,HAS_THRESHOLD,PRIMARY
22c2c1f8-fc4e-5bb9-87b4-26cb94713c3c,6da34739-27c0-59f5-99c7-ab6e1deb07bb,HAS_THRESHOLD,PRIMARY
0a03840a-a321-50a4-b758-56dcd20717b0,0f99eec5-3205-57c8-8553-913111c5415b,HAS_THRESHOLD,PRIMARY
a26aef90-a867-5790-af23-47a3c56acaad,f662e8ba-0eab-59e1-8690-ef1b242e2774,HAS_THRESHOLD,PRIMARY
e02d5353-e364-5daf-b67e-315158cb14ad,1b4d8481-25df-52b7-80d3-9baa55413e1b,HAS_THRESHOLD,PRIMARY
b3ba5c09-fc45-5649-aed5-b538338a4202,d9e5a205-3401-53fa-bd1c-d18685d5978a,HAS_THRESHOLD,PRIMARY
667f3475-4c7e-5d55-911c-08ca680cb943,b71ec712-be31-5a46-8cdb-cad336a63ed6,HAS_THRESHOLD,PRIMARY
bbb7ed59-ee31-576d-b66e-e6c6f4c1d0b9,d6c2b84e-b634-5361-8b4f-4749b7c53ede,HAS_THRESHOLD,PRIMARY
81904f45-19e6-5f56-a97b-3a91d366929b,afa46c1c-d34e-56e5-9e44-003f2986d900,HAS_THRESHOLD,PRIMARY
a1976047-eb37-5d6a-86f7-1e255dcf5bb5,79377c80-d541-5e04-98c8-66516448b7ec,HAS_THRESHOLD,PRIMARY
67bb5d5b-714e-50a2-a27f-1d4e110322db,460072ef-af2c-50ce-869d-311376e05a49,HAS_THRESHOLD,PRIMARY
03cffe9f-5587-5673-9eb7-e52c24a46cee,f9afa58a-f7d3-512f-aabc-a4ad76a7225f,HAS_THRESHOLD,PRIMARY
d1b29150-efd5-538a-a99e-f80671d7dcbe,7effa014-3def-5641-ac9a-c6a768dcff8c,HAS_THRESHOLD,PRIMARY
ae43ea6f-211b-5b6f-bb7f-04f71907bc6e,617f8666-af12-59e8-b303-c1ba56134658,HAS_THRESHOLD,PRIMARY
04d6cc19-b766-50eb-b060-05a1c395bf81,1dbb1c94-c5d6-5897-b7aa-db7066faa347,HAS_THRESHOLD,PRIMARY
95fe1930-6dce-5018-835f-70ebe1ee8e3c,1fccb6a6-c68f-5768-a923-3fb1060467cb,HAS_THRESHOLD,PRIMARY
08d3f0ef-fd2a-506a-9078-3ec5d14740f7,f8fe9a3e-c667-5d5e-a152-234f5a471333,HAS_THRESHOLD,PRIMARY
1b23dafd-792f-53b2-b0f5-8076cb89369e,fa394011-c70a-531a-89fc-ad70490f469b,HAS_THRESHOLD,PRIMARY
5afb02bd-7a2d-5236-b2fa-8e339b283505,07df14b8-f853-5c19-86a5-01db73cb0a4d,HAS_THRESHOLD,PRIMARY
46aedf17-b9c1-5c00-bdba-264abf1547fe,0850ef66-66d3-5692-a25c-b3590091fe5f,HAS_THRESHOLD,PRIMARY
94c974e5-c160-539b-b33e-ac61902e8154,3cb32156-40c2-5484-b8d9-ad0c9080fa7c,HAS_THRESHOLD,PRIMARY
90f4d607-6655-531f-b17d-bc83102d07a4,9eb2f210-27bb-5001-9d56-aee6a3f68f12,HAS_THRESHOLD,PRIMARY
c4426555-97e1-5516-85ee-2fd349aaae9d,187eb784-d2ba-58dc-80ec-68558a82af76,HAS_THRESHOLD,PRIMARY
0bdfaa2c-6bf3-5dd0-803c-43d11e5045ac,64412ebd-2e81-59eb-91a8-14b74bbb18b1,HAS_THRESHOLD,PRIMARY
67548339-21df-50a8-a6b7-eca8f1b241c8,a5316b3d-2260-5783-85a4-544445674c5f,HAS_THRESHOLD,PRIMARY
d312f9b9-6450-5241-8348-4d3681774b01,2ac888be-e52c-53a5-908a-dae3a59788c1,HAS_THRESHOLD,PRIMARY
f09c36d6-fc10-5b86-b45d-f1bc16812d6e,4ae85d20-816a-513d-890d-ab8e2f0f11e9,HAS_THRESHOLD,PRIMARY
967ed336-112e-5186-8bad-9a90233cce0c,88d1fd67-2084-5a4c-be91-066325fb52d6,HAS_THRESHOLD,PRIMARY
9eb94368-d8ac-5ab6-82e9-c58149758925,f312eaef-fdc8-50cd-9efe-8447fb26e3c5,HAS_THRESHOLD,PRIMARY
ead2ebe0-df67-57a0-8d5b-1eb9dda37240,c5c0cc1e-f014-5d6d-8619-023c5e9526af,HAS_THRESHOLD,PRIMARY
31daeccc-24cc-55a1-95c9-767f7515e96a,2990ccf1-52ea-518b-8602-7ee366ae6ac7,HAS_THRESHOLD,PRIMARY
93bdf248-781d-59af-b469-4a210f5e92a7,eb03731b-40f0-5317-8ac0-a4e879cf9a20,HAS_THRESHOLD,PRIMARY
72ab50cb-dc5a-5e27-83ce-2669be50c9fe,2722218f-7197-5fb6-b3d1-12738d86809a,HAS_THRESHOLD,PRIMARY
e69977c8-0a52-5e48-a318-7565978a301c,06d9c285-649b-54d1-90da-098b27b4710f,HAS_THRESHOLD,PRIMARY
44505c41-216d-56f6-830b-4a561681d692,f5656640-4e2c-5242-a2ef-4067e5b94a29,HAS_THRESHOLD,PRIMARY
8f62e816-77f1-527c-a7e5-dbdc8f17d251,7b10c0c2-a170-5dd0-97b7-35a366dad26c,HAS_THRESHOLD,PRIMARY
d9caea3f-fc13-571d-8a96-421b808e411d,c03e1134-c75d-5113-86af-661848f56154,HAS_THRESHOLD,PRIMARY
23d4b1c1-5d34-5951-af6b-0d809c9c4e17,c3826d3c-626c-5df4-8d37-c86dbd9d5ea1,HAS_THRESHOLD,PRIMARY
09ecacef-43ca-5bfe-a162-e73e4f281980,066d4348-9081-531a-8963-6a89b97ffe90,HAS_THRESHOLD,PRIMARY
caab2db4-2278-589d-9b49-130bd54a0d37,c3a9aeb3-b90b-5503-bf1c-7d0c206151f5,HAS_THRESHOLD,PRIMARY
f50d031c-20ca-5b84-a655-37f294dadb39,5103a626-7d44-52f3-a08c-4492cd254a1f,HAS_THRESHOLD,PRIMARY
6da7d68c-9a75-5824-a6ee-17800f87b404,0b12ed0e-0e76-56ed-87df-0e949402d915,HAS_THRESHOLD,PRIMARY
80ff53ab-d4fa-56b2-a549-70b17efeb7fe,26a00023-bbdf-5f33-b149-e12762fbc35c,HAS_THRESHOLD,PRIMARY
28574e79-e546-5e61-8537-74b66ccb868a,e40e21bd-2116-5e90-acc6-5502484dca4e,HAS_THRESHOLD,PRIMARY
f44aca17-7da8-5b01-8285-ae71f323c8d1,624e2b1d-555f-59ad-90fb-c160b3dadb1c,HAS_THRESHOLD,PRIMARY
230d6699-c58c-511a-b3f9-8d3e4ff0ea91,98e559cd-bc66-5ff7-bf5e-f133ea6da711,HAS_THRESHOLD,PRIMARY
591ecd69-5166-5be0-a390-23556c6b4203,e7655d4f-2930-5631-b125-eb2a732ece23,HAS_THRESHOLD,PRIMARY
55263bd3-805f-5f12-b8ad-01a744f6a5c0,2a5f5519-3834-53be-9fa4-dcfed9c870bc,HAS_THRESHOLD,PRIMARY
149c717c-1398-5bf5-9f32-916738586ba3,4f026281-3f46-5921-93cf-8ed93ee9a4c8,HAS_THRESHOLD,PRIMARY
56a5fd2d-651d-5eaa-b4c9-cae1dc956458,94159660-f2f7-5ae3-99ae-87d7e134a242,HAS_THRESHOLD,PRIMARY
c1eb18ae-3cd5-50d8-9e28-4cd18b9bf7c1,04b1b61b-24ae-5fb5-84c4-39282f654998,HAS_THRESHOLD,PRIMARY
12a1f868-c751-53f9-8f67-27c44129d7cb,f456e3dd-9f8a-56ab-b447-ec9e8d6c7bd9,HAS_THRESHOLD,PRIMARY
079101d1-ad12-5ff9-bfc4-3052253418a9,d1f7ff5b-2bfc-5019-b1a6-5cad1ae83c1d,HAS_THRESHOLD,PRIMARY
7bd25754-b78d-5698-b6f5-08d9366a3d94,b8d742b9-b5ea-5b15-a8cd-2342e8e4140c,HAS_THRESHOLD,PRIMARY
c81adc8b-d293-57f8-8473-58ea08eeb0e0,0257192b-5625-5036-8f2b-6f4f44c01ee2,HAS_THRESHOLD,PRIMARY
af27d829-e80f-532d-bab5-d1e6195cc0e5,85384b67-5c68-5141-b38f-c00e46acbd00,HAS_THRESHOLD,PRIMARY
e339ef43-ea5c-57b3-bf7f-1b60c308d449,846da75f-178b-5a66-87d0-0058487c503e,HAS_THRESHOLD,PRIMARY
78aca09f-aa8a-59c0-b831-2e5dd6c012f9,540822ff-b731-51fc-84e0-ad766d271c6a,HAS_THRESHOLD,PRIMARY
88068103-cb81-530d-b6f2-927e1f21c0c8,5d8a7820-5af8-5d44-876e-cb30ec70791c,HAS_THRESHOLD,PRIMARY
9da38aba-5567-51f3-b2bb-12fd98b1e3a1,d2b73a5a-b3f2-5354-bacb-211eca1ea77a,HAS_THRESHOLD,PRIMARY
b1106ee4-333c-5033-9636-96afbb5c8f72,07de3faa-c484-5a07-a037-34be83cb6fe6,HAS_THRESHOLD,PRIMARY
3adf7dcc-976e-5971-81a1-5a8530cb9676,0f29a92c-12ab-509c-ba90-8e88c95c1aac,HAS_THRESHOLD,PRIMARY
6cc3ff53-834e-5af0-b531-91f671d9788c,d7059ba0-0095-506f-80f9-be7a4650cbe8,HAS_THRESHOLD,PRIMARY
1e1720f3-4d70-594a-a714-e95773238ba9,8de11f7d-03d4-573b-890e-9a903bdfc4c7,HAS_THRESHOLD,PRIMARY
99237be8-7772-54ce-b80a-31ffeca3039c,eebe0320-74f0-5a4a-b6a3-4b8eb8b431d3,HAS_THRESHOLD,PRIMARY
7b8eb3f7-6f9f-5c78-a511-f0a9ed71dfcf,3943d4cf-ec72-56e8-9765-c6fe980c2f03,HAS_THRESHOLD,PRIMARY
433f085d-173c-59ee-8804-6f8584a35e3a,9b573e3d-2c52-5564-ae56-ca3ca7881b3c,HAS_THRESHOLD,PRIMARY
