from_rule_id,to_list_item_id,rel,needs_review
,de7162cd-f4de-5568-bcc4-f644e628abf8,UNLINKED_LIST_ITEM,True
,6d14609c-c03f-5c46-9c25-8e1fdd54cb07,UNLINKED_LIST_ITEM,True
,d7781600-a2a2-57a5-a20d-e189408fab50,UNLINKED_LIST_ITEM,True
,710e6331-0ee0-5c80-8301-9b806a1798ea,UNLINKED_LIST_ITEM,True
,6ae3209b-2037-510b-8b98-d7171f2d030c,UNLINKED_LIST_ITEM,True
,93e07808-b54d-5441-ad17-46462b643214,UNLINKED_LIST_ITEM,True
,98fea4d6-7c9d-5e69-8505-155a0a084131,UNLINKED_LIST_ITEM,True
,e31e0a51-5942-5d95-a1a1-0906fb1d792a,UNLINKED_LIST_ITEM,True
,1a67c400-4b58-5d69-860e-edf3fd541c95,UNLINKED_LIST_ITEM,True
,1e56100e-1ba3-54e4-8b03-dc501774e82d,UNLINKED_LIST_ITEM,True
,e87b3f12-0edb-52d1-ac19-7d003436e62c,UNLINKED_LIST_ITEM,True
,b2af1cd0-7601-5123-9d4f-a9cecf2411cb,UNLINKED_LIST_ITEM,True
,b687923f-de3b-52cc-8147-aa09009fe518,UNLINKED_LIST_ITEM,True
,bc3ab577-3331-553d-a3f7-53e0d213c775,UNLINKED_LIST_ITEM,True
,39af8618-d22a-50f1-9ce8-094d4d8d62ef,UNLINKED_LIST_ITEM,True
,41beee4e-5cbf-502b-b75d-0eb2c1d8da2b,UNLINKED_LIST_ITEM,True
,29b78923-75ce-5512-ab3d-fd854d49700c,UNLINKED_LIST_ITEM,True
,700016ee-7945-5e6d-8460-d7eb62877761,UNLINKED_LIST_ITEM,True
,1a1a1eee-c136-54a1-bb8c-4e1cb73ac5dd,UNLINKED_LIST_ITEM,True
,16d97f56-a06c-5d25-9d6c-30e89d5ee874,UNLINKED_LIST_ITEM,True
,bada1578-d2e4-5818-8a63-ac527e8d4f33,UNLINKED_LIST_ITEM,True
,c652fc3a-b465-5fa1-929c-72a4864a5242,UNLINKED_LIST_ITEM,True
,9ffd6508-447d-5e9e-b5ac-c6ef3378e5a2,UNLINKED_LIST_ITEM,True
,266a78f0-b600-54fe-a330-ddb24ab69364,UNLINKED_LIST_ITEM,True
,e38960ab-4f7a-5163-bd91-ff728afbd285,UNLINKED_LIST_ITEM,True
,60c67b43-14e0-5770-9aeb-722e9b8e888a,UNLINKED_LIST_ITEM,True
,67a10dd8-e33b-57a4-926d-e71ab94c433e,UNLINKED_LIST_ITEM,True
,99873e4e-8b5d-5c90-a3b9-21d4308438d7,UNLINKED_LIST_ITEM,True
,04d86550-455c-58ca-8771-f2e972a001c3,UNLINKED_LIST_ITEM,True
,ea918c8d-d946-55d3-bede-35d9c030caa4,UNLINKED_LIST_ITEM,True
,6687d106-d5dc-51f1-b6ab-88dcdb53f9d2,UNLINKED_LIST_ITEM,True
,5d14b609-78e4-55b3-a29d-d795b9e6ae83,UNLINKED_LIST_ITEM,True
,8688fe07-4550-5936-8b3e-ab2810d09c2d,UNLINKED_LIST_ITEM,True
,97ffd3b3-7722-537a-8093-7073d457f7eb,UNLINKED_LIST_ITEM,True
,c6a923d7-c88a-52eb-8b64-c8e8e2e601a6,UNLINKED_LIST_ITEM,True
ce09af77-b6bf-5e22-9c15-a8baa4488de0,3458836d-4025-5001-9f6d-69784b00ec4a,HAS_LIST_ITEM,False
,4b9d33dd-24b3-55d6-8f1e-ea7e61dd93c4,UNLINKED_LIST_ITEM,True
,84af58df-8ab3-57f4-83e1-05ce08c5ecc3,UNLINKED_LIST_ITEM,True
,5c310392-833a-55e8-bbd7-cc7c2befc40b,UNLINKED_LIST_ITEM,True
,874dc5e6-0ae2-5bb3-8f23-554687281733,UNLINKED_LIST_ITEM,True
,f5fdbda7-097a-511b-aba3-9dbee43cbbac,UNLINKED_LIST_ITEM,True
,b4e656fc-040a-5de9-a6d9-f2354df5746e,UNLINKED_LIST_ITEM,True
,d46d18ea-6992-567c-b9a4-931cb85fa386,UNLINKED_LIST_ITEM,True
,31c86493-01bb-529e-a814-2f8ff484d38a,UNLINKED_LIST_ITEM,True
,51517948-4276-5111-8d50-c7ad6bb8177f,UNLINKED_LIST_ITEM,True
,0bb4e543-06f4-5209-b0fb-bbcc9d7ed133,UNLINKED_LIST_ITEM,True
,6bc0c336-e8ce-5559-a72b-061179199871,UNLINKED_LIST_ITEM,True
,dc092c27-1b07-5685-9238-4ab82afbfa05,UNLINKED_LIST_ITEM,True
,3006d595-053b-572c-acd7-2feba2fe2459,UNLINKED_LIST_ITEM,True
,7154bbf6-9367-5de1-902b-e20273e053fa,UNLINKED_LIST_ITEM,True
,b05c3f28-2b16-577b-93c6-418218b0a95d,UNLINKED_LIST_ITEM,True
,f7048514-e08f-5768-abbc-097fdbc4d7d5,UNLINKED_LIST_ITEM,True
,5b454972-65e6-5ec8-9439-768bf1c89767,UNLINKED_LIST_ITEM,True
,d01be963-e942-5d16-887b-9c9fe8e05eaf,UNLINKED_LIST_ITEM,True
,bba2451f-5fee-51c9-a2fa-b5793a9244d2,UNLINKED_LIST_ITEM,True
,99891de2-de25-5bab-bb57-5e955c93ccd2,UNLINKED_LIST_ITEM,True
,a723dd5f-68c0-5b9a-b3f0-3fb5db897f01,UNLINKED_LIST_ITEM,True
,cb866ae3-2838-5d40-816c-70fb44fb9682,UNLINKED_LIST_ITEM,True
,7a8936fe-12c3-555c-8b93-20cc0cc0b569,UNLINKED_LIST_ITEM,True
64d1eb3e-56b6-5e81-ad86-61cff18647ba,4a385c7b-649c-56a5-be53-ba456eea14dc,HAS_LIST_ITEM,False
64d1eb3e-56b6-5e81-ad86-61cff18647ba,ad4d496f-2ea7-5547-bbe1-5dc478b3f2bb,HAS_LIST_ITEM,False
64d1eb3e-56b6-5e81-ad86-61cff18647ba,611fff7f-e2aa-5459-91a3-7da89491d509,HAS_LIST_ITEM,False
64d1eb3e-56b6-5e81-ad86-61cff18647ba,e856c011-6d23-5c04-8dce-6200fed2e494,HAS_LIST_ITEM,False
64d1eb3e-56b6-5e81-ad86-61cff18647ba,167266f9-3c8c-50d9-9cde-66498e03c96f,HAS_LIST_ITEM,False
64d1eb3e-56b6-5e81-ad86-61cff18647ba,7136c82e-6887-5376-af45-8e2c1e3e5489,HAS_LIST_ITEM,False
64d1eb3e-56b6-5e81-ad86-61cff18647ba,651773f3-6de4-540d-9915-b5fffc187399,HAS_LIST_ITEM,False
64d1eb3e-56b6-5e81-ad86-61cff18647ba,0cd52a66-624c-5b7c-ab95-4328f5721fdd,HAS_LIST_ITEM,False
58a8354c-609a-50ea-8e34-3a1ff7f749fb,295abd54-c04b-5be5-844a-9c5cd013e98a,HAS_LIST_ITEM,False
,1d05c6d5-d9da-540c-8360-d44af00ce93a,UNLINKED_LIST_ITEM,True
,2c66ac01-0744-51c0-90e0-1656df15ac17,UNLINKED_LIST_ITEM,True
,90b74286-cd18-5345-ad1d-3203c871df7b,UNLINKED_LIST_ITEM,True
,2003a126-ce71-564b-ac18-90c0a65aa2a1,UNLINKED_LIST_ITEM,True
,e547057c-1448-50b1-a340-e6d1baeb0e26,UNLINKED_LIST_ITEM,True
,e947dba0-5aa9-533a-9abe-01a10659172f,UNLINKED_LIST_ITEM,True
,2df2377a-e05c-5bcd-9159-54960e70d872,UNLINKED_LIST_ITEM,True
,281cfefa-933d-52f6-b13a-c57836804485,UNLINKED_LIST_ITEM,True
,7ea60691-85ab-5108-8706-e74260558895,UNLINKED_LIST_ITEM,True
,62ce374c-b850-5636-b7ec-c6d3f4d47981,UNLINKED_LIST_ITEM,True
,997a280a-53a7-52e1-be9c-cedbbfd53526,UNLINKED_LIST_ITEM,True
,f9f33ec8-3fe6-5b9c-b634-9990fb8c3d3e,UNLINKED_LIST_ITEM,True
,522da263-9299-5664-a960-1a92b423d27b,UNLINKED_LIST_ITEM,True
,64af7ffb-c0ee-5119-b084-c0a9d1cf79a9,UNLINKED_LIST_ITEM,True
,7169d15c-87da-5eea-b1c4-2e4552f7b6c9,UNLINKED_LIST_ITEM,True
,c4279230-e553-5962-989f-2a17fe609707,UNLINKED_LIST_ITEM,True
,19da6544-e87b-52b8-9ee3-dc7334caf236,UNLINKED_LIST_ITEM,True
,27154948-303d-556d-bf74-be5038759763,UNLINKED_LIST_ITEM,True
,e78cb2c3-d750-5d92-bf3f-522a83ac5c96,UNLINKED_LIST_ITEM,True
,64ea3723-66ce-55ac-b863-605411d00e89,UNLINKED_LIST_ITEM,True
,31b79625-462e-5f1d-809f-a8ae3fa1a227,UNLINKED_LIST_ITEM,True
,bba2af55-764c-5749-a716-740085020374,UNLINKED_LIST_ITEM,True
,b54f3433-3df3-5406-8f64-3934174d7b7d,UNLINKED_LIST_ITEM,True
,0922a588-0b23-5462-9bb3-541f9207b63f,UNLINKED_LIST_ITEM,True
,dd28db59-aeb2-538e-8ac6-8879bb63e5f0,UNLINKED_LIST_ITEM,True
,2a470ebc-1345-57f0-8e5e-c5db00e9f233,UNLINKED_LIST_ITEM,True
,ab3f8385-67f5-5428-b501-59f1378b3ac4,UNLINKED_LIST_ITEM,True
,294082f2-8bef-517a-86ac-34430a2b23f8,UNLINKED_LIST_ITEM,True
,7e9644ac-8af8-5ef6-89bb-96b63d0e9d80,UNLINKED_LIST_ITEM,True
,a5cb840c-2045-54e0-97f3-d965650341d2,UNLINKED_LIST_ITEM,True
,dc22af70-111f-534e-8343-38ae347b1026,UNLINKED_LIST_ITEM,True
,8f3b83c7-87f5-5290-b8c4-6dd3815a2871,UNLINKED_LIST_ITEM,True
,39982ede-67fd-52b2-af41-573d77f8c347,UNLINKED_LIST_ITEM,True
,c5e1a0c3-7a24-58e5-8163-346230329cfc,UNLINKED_LIST_ITEM,True
,8f861538-0a99-5921-b988-313c6e014de0,UNLINKED_LIST_ITEM,True
,8ad0e628-eb1e-5133-ad4f-4b5a5d1cd550,UNLINKED_LIST_ITEM,True
,202400b6-a5c0-57e0-955f-91286506a995,UNLINKED_LIST_ITEM,True
,76255650-096f-5a45-9fe8-e1d5224a777f,UNLINKED_LIST_ITEM,True
,79cef047-1767-5894-b946-4fe64c3e7d21,UNLINKED_LIST_ITEM,True
,a60dbec8-bd5e-5614-b2d4-1ea2a3c33193,UNLINKED_LIST_ITEM,True
,bddc7af4-d7e0-5497-a029-5ac0ab88c9aa,UNLINKED_LIST_ITEM,True
,6afa60f8-e33c-54f2-8b6b-ed8a5eeb0621,UNLINKED_LIST_ITEM,True
,5d47ffaa-ff6b-5057-a426-7784fb9ba76b,UNLINKED_LIST_ITEM,True
,eef13760-5e98-5d32-aca2-178f25432a15,UNLINKED_LIST_ITEM,True
,9f1a9fe3-b761-55a3-9b91-40770834e045,UNLINKED_LIST_ITEM,True
,077c6f48-d536-55a6-8198-5a09aa72d236,UNLINKED_LIST_ITEM,True
,8dfce4df-5abc-5112-a2e5-ed4f5210d2fd,UNLINKED_LIST_ITEM,True
,f7c08cec-f1e1-5ae2-9fa4-7e72f6d2f7c2,UNLINKED_LIST_ITEM,True
,e9e9bbf7-26f5-5a11-a712-1900db3dbb84,UNLINKED_LIST_ITEM,True
,77a7a0e8-f306-5824-b0fe-d3ecf0aaf851,UNLINKED_LIST_ITEM,True
fe62b3da-f80d-53f5-9c04-2f68318f53c8,2ddf142c-1cbb-5633-a106-261bc4422380,HAS_LIST_ITEM,False
,a6cca521-e991-5d35-8c29-0e45ffe94b32,UNLINKED_LIST_ITEM,True
,30f407ed-0bfc-5ecd-928d-4590727ea1da,UNLINKED_LIST_ITEM,True
,5ffe982c-b42f-5ea2-be83-f7237921ca89,UNLINKED_LIST_ITEM,True
,c8324a65-e746-5be0-942a-558d17da14e6,UNLINKED_LIST_ITEM,True
,42f4eb0d-01e8-581f-ba69-89e1b0db5d51,UNLINKED_LIST_ITEM,True
,098a45e4-8701-566f-bdeb-e95e9f5df9e8,UNLINKED_LIST_ITEM,True
,eb45d922-1fd0-52d8-ba00-b040bdc2f1b5,UNLINKED_LIST_ITEM,True
,9b798caa-fb80-512a-a898-0156481cacbb,UNLINKED_LIST_ITEM,True
,32bb09c8-d8d6-5c78-8935-506db13fcef0,UNLINKED_LIST_ITEM,True
,bcdbc325-890a-5abd-89fe-993c8cde12f0,UNLINKED_LIST_ITEM,True
,dc5460d0-bf42-5b72-94ae-eedef4d603a7,UNLINKED_LIST_ITEM,True
,7393a357-a276-5ae5-bef9-9d9186e6744e,UNLINKED_LIST_ITEM,True
,20a30e7f-9902-542f-b28a-2aa661afe42d,UNLINKED_LIST_ITEM,True
,bfce9e04-8b67-5c80-b86d-a4524d806320,UNLINKED_LIST_ITEM,True
,3494f7e8-b4ad-5365-b48b-09c05efa9340,UNLINKED_LIST_ITEM,True
,d098ab9f-4bc3-5ccf-9cef-25f6c63a3766,UNLINKED_LIST_ITEM,True
,32c4a4fb-77a5-5166-9af1-018fa8fe1e7f,UNLINKED_LIST_ITEM,True
,0abfe77e-882a-5a38-bd86-ec5b158a346f,UNLINKED_LIST_ITEM,True
,a3b1dd80-57c9-5e14-937b-5d3f2c0026f1,UNLINKED_LIST_ITEM,True
,c009c830-0807-5369-b996-db19c8ec98bb,UNLINKED_LIST_ITEM,True
,d806e79f-ca19-5a39-a751-510954477aae,UNLINKED_LIST_ITEM,True
,cc900cfd-c4f2-5da3-a4b1-28812cbc6756,UNLINKED_LIST_ITEM,True
,abfed25a-b10f-546f-b0ff-8059e91a209d,UNLINKED_LIST_ITEM,True
,b4a8bfbb-0b2f-568c-a546-40ca204146c5,UNLINKED_LIST_ITEM,True
,16cd964c-83ba-5d8a-9a50-c94a593d15be,UNLINKED_LIST_ITEM,True
,0c1e15df-b4a1-5e40-8c49-55f8484e30bc,UNLINKED_LIST_ITEM,True
,dddbae58-b1d4-54f4-9015-50547093a5c7,UNLINKED_LIST_ITEM,True
,f374092e-d3c9-58de-8d72-92a27777303a,UNLINKED_LIST_ITEM,True
4fdfbdcd-fb2d-5451-b4f9-4ed0aff81626,823072a8-7a51-50b6-9134-f19813c5d356,HAS_LIST_ITEM,False
4fdfbdcd-fb2d-5451-b4f9-4ed0aff81626,a67c144e-b383-5d59-9214-21b8e574e01d,HAS_LIST_ITEM,False
4fdfbdcd-fb2d-5451-b4f9-4ed0aff81626,a1b0f361-7291-5dfc-a14b-c71dc3e23135,HAS_LIST_ITEM,False
9934b958-528c-5807-a528-2e12a0084765,090e2bee-d7d1-5161-9e22-e8e0fe38b46e,HAS_LIST_ITEM,False
9934b958-528c-5807-a528-2e12a0084765,8ea972bc-53e9-5082-abb2-530a26e2f87d,HAS_LIST_ITEM,False
,5e0aa66d-478e-5521-819e-c27717bbc56d,UNLINKED_LIST_ITEM,True
,0bacc724-63b2-5326-a146-f26a9b21fdd0,UNLINKED_LIST_ITEM,True
,842ca4fe-e0dd-5ea1-9d57-4f8b5de08531,UNLINKED_LIST_ITEM,True
,f3bf5508-dc89-54a3-b86a-5cfaa0632524,UNLINKED_LIST_ITEM,True
,97537f0f-572a-581c-9197-40658c3f523d,UNLINKED_LIST_ITEM,True
,a25481bd-f64a-5bed-a07a-a6f54afc1137,UNLINKED_LIST_ITEM,True
,5c874788-7127-548f-ad8d-a93e3533b9bd,UNLINKED_LIST_ITEM,True
,b1bf0c84-ece6-5c24-95b4-d99d4a87a788,UNLINKED_LIST_ITEM,True
,6b24e47f-799a-523f-99dd-61c5f742fec7,UNLINKED_LIST_ITEM,True
,5e6c7ebb-f2ff-5cef-9f4e-bddab3f9309d,UNLINKED_LIST_ITEM,True
,876d4179-c9b7-58a0-b4cb-fe1beaf3a70e,UNLINKED_LIST_ITEM,True
,db99e7f3-ce4b-5a55-b183-bdb2961950ec,UNLINKED_LIST_ITEM,True
,5ca120e4-922f-5152-8372-bf59fc78b159,UNLINKED_LIST_ITEM,True
,3ca07048-5533-5db3-971f-3bcbc454a822,UNLINKED_LIST_ITEM,True
,765d998c-a98f-5493-87f2-56f651f39a62,UNLINKED_LIST_ITEM,True
,01b2fa50-1840-5b67-ae6a-ec9ba87a658f,UNLINKED_LIST_ITEM,True
,f98e2d5d-2f7d-5e8e-aa87-5f7cae83f886,UNLINKED_LIST_ITEM,True
,e3fe69f9-8a1c-500f-8474-3fb9b3db5234,UNLINKED_LIST_ITEM,True
,e5c56baa-c2f0-541f-b64d-7c3e53b7dbd6,UNLINKED_LIST_ITEM,True
,2b09b7fe-e372-53f3-87e9-26d4053f0ee5,UNLINKED_LIST_ITEM,True
,82ba4722-f035-560f-b900-137274480be3,UNLINKED_LIST_ITEM,True
,6a4554b4-1ffb-5c43-9b06-7af486fec9c1,UNLINKED_LIST_ITEM,True
,d376d0ff-b91d-5277-b437-ef4677dc16eb,UNLINKED_LIST_ITEM,True
,60facde4-b1ca-5be4-9186-0ffa4a18f98c,UNLINKED_LIST_ITEM,True
,28b90a99-3d53-5acf-b34f-8840237b32fe,UNLINKED_LIST_ITEM,True
,7e9ae1cb-58f1-5ba3-8b54-96cce31b9bf9,UNLINKED_LIST_ITEM,True
cddb3a1d-b635-59c7-86d5-edb11b681cbd,04e4c64f-8937-5b59-b6cc-324b0a91d7b7,HAS_LIST_ITEM,False
,a933d4a4-ddd2-5442-a20c-06a891a54547,UNLINKED_LIST_ITEM,True
,3b9746d3-0499-5364-bc41-d77425279870,UNLINKED_LIST_ITEM,True
,2a12a9f4-0df1-5edd-8568-8b865a1e69ec,UNLINKED_LIST_ITEM,True
,560474ed-63c7-52be-8346-a4eb6241cd60,UNLINKED_LIST_ITEM,True
,361a2d99-3800-5ba7-a1c1-a307db5df969,UNLINKED_LIST_ITEM,True
,3f8c5e9d-6d91-5305-9999-162dc363bfb5,UNLINKED_LIST_ITEM,True
,c64e75a5-bb44-57b1-b8c0-5659770c349c,UNLINKED_LIST_ITEM,True
,a14ebe0f-7fcf-5d4b-a27c-4ba793ea4332,UNLINKED_LIST_ITEM,True
,4300b1ba-f39f-5777-8dfa-84e004cf4916,UNLINKED_LIST_ITEM,True
,925cc974-1cb6-559a-b135-37c47bfbd24a,UNLINKED_LIST_ITEM,True
,d016d201-269d-5eaf-9c3b-9b67c0cf3164,UNLINKED_LIST_ITEM,True
,f766df39-95e6-5e17-833f-92b4036b033c,UNLINKED_LIST_ITEM,True
,6f43639b-9d6c-5290-b4c9-b5cd10f25b5b,UNLINKED_LIST_ITEM,True
,6d06ca5b-6b5d-5449-83f2-e53c831d4be1,UNLINKED_LIST_ITEM,True
,f67546fe-07fa-5ccb-839a-b2dc87b2f8aa,UNLINKED_LIST_ITEM,True
,bf9b3654-81af-5a46-ba99-5d6c645d4ade,UNLINKED_LIST_ITEM,True
,37c1ce27-e122-59a0-b60c-60b2b01d24ef,UNLINKED_LIST_ITEM,True
,4cf79357-11a3-5604-bc6a-4467fe013a92,UNLINKED_LIST_ITEM,True
,6c2db8dd-b52b-5099-ab0c-8434b5fd0bae,UNLINKED_LIST_ITEM,True
,ebaacb20-0647-59c4-99ce-5c2302b534b5,UNLINKED_LIST_ITEM,True
,c43115d5-4457-5c73-a807-a7463300c064,UNLINKED_LIST_ITEM,True
,bf76aa42-fd34-5be6-a070-6d1794637f80,UNLINKED_LIST_ITEM,True
,5c41d38c-7b15-5dcd-bef9-c0335e4ea658,UNLINKED_LIST_ITEM,True
,29339e16-5cb6-5c73-b270-09aa7a76238e,UNLINKED_LIST_ITEM,True
,04ffe32a-e706-563b-91d7-485fed7c5a1f,UNLINKED_LIST_ITEM,True
,54eb7428-11c7-5bec-a5f9-293a0925bc16,UNLINKED_LIST_ITEM,True
,db5894dc-2728-5db1-b0b8-295c17cc314a,UNLINKED_LIST_ITEM,True
,35784428-6b17-5daf-ac78-2f9d3d5193ff,UNLINKED_LIST_ITEM,True
,8cd08f5f-0edc-50fd-b5c2-8d3da916eed6,UNLINKED_LIST_ITEM,True
,7fa9087c-24e7-533b-aa66-0c551ca28ec5,UNLINKED_LIST_ITEM,True
,984f50d5-4f1c-59f1-bfc8-9ccc7d8b0a10,UNLINKED_LIST_ITEM,True
,0c95cd73-c5ef-56bc-9a90-6851ac86ade8,UNLINKED_LIST_ITEM,True
,325cdf68-5a2e-5f22-9bba-84ac1b88638b,UNLINKED_LIST_ITEM,True
67487243-9581-541b-87db-b42ea38e66df,6c37727e-dacb-52fa-809b-e344364bf6b8,HAS_LIST_ITEM,False
,95eeb763-f83d-5260-be5e-e566f8629b89,UNLINKED_LIST_ITEM,True
,3bcdf0a6-1046-5692-9095-d9fa7eac7c3d,UNLINKED_LIST_ITEM,True
,6558adf8-8d05-5883-9eda-3fc9f1c1424b,UNLINKED_LIST_ITEM,True
,47689791-ed38-5844-8d1d-3200cf737ae0,UNLINKED_LIST_ITEM,True
,1eb407bd-f00b-5dbb-b1ae-21cfe25e20ff,UNLINKED_LIST_ITEM,True
,8325fd23-9fb0-5a34-b1d7-c0f0f0d35105,UNLINKED_LIST_ITEM,True
,1124c198-a248-5113-b637-0357e632760c,UNLINKED_LIST_ITEM,True
,4d9aea00-9b8e-51eb-a841-2ff109ec250f,UNLINKED_LIST_ITEM,True
,0b39cec8-73b4-5883-96a5-0117d8f7230a,UNLINKED_LIST_ITEM,True
,d2a36e57-4877-55b4-b9fb-eeeb84af1ed4,UNLINKED_LIST_ITEM,True
,de915d1e-f9db-5b9a-8249-e9c8b31d3f1b,UNLINKED_LIST_ITEM,True
,46898339-d54e-5974-8bae-4e79c459e181,UNLINKED_LIST_ITEM,True
,e15cd31d-3758-575e-aed3-0f221d167402,UNLINKED_LIST_ITEM,True
,40d2b350-5487-5e32-9893-3d29288206a2,UNLINKED_LIST_ITEM,True
,4d9bd8ce-3bfc-59b7-9588-50e025e45604,UNLINKED_LIST_ITEM,True
,ff269cf8-f16d-5eda-aead-1d6d4fc89be6,UNLINKED_LIST_ITEM,True
,bc17f933-2a22-5aac-945d-1c17793dc76f,UNLINKED_LIST_ITEM,True
,e89e2dc6-1fc8-5b23-a61c-e5c32505412a,UNLINKED_LIST_ITEM,True
,890395f6-47d4-50dd-8b18-b8e00d160106,UNLINKED_LIST_ITEM,True
,085d6f1b-f3c1-53f8-a789-a27c7ceba72a,UNLINKED_LIST_ITEM,True
,db356c30-3b17-50e0-bd4f-7211179cdd82,UNLINKED_LIST_ITEM,True
,6aa572a0-e169-5773-a66e-c55ecebaf405,UNLINKED_LIST_ITEM,True
,741f9baa-cd61-5853-8796-32fec827ea9c,UNLINKED_LIST_ITEM,True
,010dc254-a767-5ec0-b4b0-6300ac86af1a,UNLINKED_LIST_ITEM,True
,f735d74a-4385-5e2b-995a-b43311348963,UNLINKED_LIST_ITEM,True
,00e327c8-3d03-55a0-87a2-0cf36a620b4c,UNLINKED_LIST_ITEM,True
,c84205f1-bcc0-57d6-8f66-b8bd5009985b,UNLINKED_LIST_ITEM,True
,f118c452-db6d-5912-a777-6af979f33cbc,UNLINKED_LIST_ITEM,True
,92ce5993-cca2-5fb0-afbb-86b1ac152469,UNLINKED_LIST_ITEM,True
,90fbd9bb-2a9f-5dd1-885d-481995f63a92,UNLINKED_LIST_ITEM,True
,7215ce37-8691-5408-9c53-11ce1d56252b,UNLINKED_LIST_ITEM,True
,357aa83f-23f8-5687-969a-740d997b4532,UNLINKED_LIST_ITEM,True
,95561271-5a89-57fd-acc9-4bbef6d8ef1b,UNLINKED_LIST_ITEM,True
,9dc9aef8-314d-5811-ad31-e15e05790a80,UNLINKED_LIST_ITEM,True
,6cabb353-3576-5831-b4d6-c1e20d210d22,UNLINKED_LIST_ITEM,True
,d9aa48c7-7558-53d2-9151-cb4186fdb817,UNLINKED_LIST_ITEM,True
,7f66de58-541d-5a68-8efa-a8e293597c96,UNLINKED_LIST_ITEM,True
,ac9ff536-2090-5982-aea8-ea7dde04b2ad,UNLINKED_LIST_ITEM,True
,d90493a7-feb7-5acc-98be-f9f648bca1e1,UNLINKED_LIST_ITEM,True
,74ded8ae-d2dc-521b-8d75-128470c3a395,UNLINKED_LIST_ITEM,True
,70945363-cf16-5b7d-b326-c648c7b3af7e,UNLINKED_LIST_ITEM,True
,1c8fcc1d-5830-5f76-ac43-cdd9e51547e0,UNLINKED_LIST_ITEM,True
,f460fce1-7459-53ee-9f99-fa2b4ca0e9ea,UNLINKED_LIST_ITEM,True
,21ee5b80-8490-580c-94ad-14177cad1668,UNLINKED_LIST_ITEM,True
,42fe648e-9eae-5814-be6e-5f863627d1ea,UNLINKED_LIST_ITEM,True
,12f9c733-ba31-5ae6-b2fa-60e8379e5aa1,UNLINKED_LIST_ITEM,True
,39719004-b38a-5691-aae2-a2adbdeee0fb,UNLINKED_LIST_ITEM,True
,71e97418-b946-5da3-a32b-8123b36655c5,UNLINKED_LIST_ITEM,True
,da44d7df-39d3-5a3b-9e8a-3e3cd23867b4,UNLINKED_LIST_ITEM,True
,8c839986-c708-51f8-bae9-d493ddc13bac,UNLINKED_LIST_ITEM,True
,6321e921-9a85-51cb-9afd-a32a9574d4f0,UNLINKED_LIST_ITEM,True
,8ceccf81-304f-5b6c-b834-0a96a2495193,UNLINKED_LIST_ITEM,True
,b5795214-26b4-5def-b1c4-2bbc3252106d,UNLINKED_LIST_ITEM,True
,048aeea8-52ea-579e-8c4c-ae51628b2ba3,UNLINKED_LIST_ITEM,True
,b2cf3ee2-cf56-5413-9dc2-051800cedf76,UNLINKED_LIST_ITEM,True
,0ed4adb3-f93f-57d2-ac28-1b9b19f84acf,UNLINKED_LIST_ITEM,True
,6343a7b3-dd63-5150-99a3-1c0118cd89ad,UNLINKED_LIST_ITEM,True
,48f0e850-21cb-5448-9607-00ee3c36c9e7,UNLINKED_LIST_ITEM,True
,88047a4f-cf2d-585b-b653-1c21711f0fee,UNLINKED_LIST_ITEM,True
,79358f66-01a3-504c-924c-4696442970ec,UNLINKED_LIST_ITEM,True
,28f78e79-07aa-5fa4-86e1-248d419c6fc4,UNLINKED_LIST_ITEM,True
,da2f8524-4404-5030-b407-b2882ec33054,UNLINKED_LIST_ITEM,True
,12cd6713-fb63-528c-b679-b2084d35243f,UNLINKED_LIST_ITEM,True
,f4907cdb-8930-50af-9d51-058407cd5df1,UNLINKED_LIST_ITEM,True
,03ae1253-67fc-5549-a8d3-2773e48df815,UNLINKED_LIST_ITEM,True
,53ba0532-3a90-5716-869f-c788285405ba,UNLINKED_LIST_ITEM,True
,e4bc32b2-2aa5-5c89-9bb8-f16f483394b4,UNLINKED_LIST_ITEM,True
,ecdbb9cb-b29b-5f5a-8b16-68b3b350c790,UNLINKED_LIST_ITEM,True
,ecc8fd56-4104-572d-a859-23546872bb2c,UNLINKED_LIST_ITEM,True
,b9d8b909-9fe9-5100-acf5-27b38cae1355,UNLINKED_LIST_ITEM,True
,7225825d-ac13-5bbb-8606-c45d08508c23,UNLINKED_LIST_ITEM,True
,353f048e-a145-5184-9da8-75e1d1526908,UNLINKED_LIST_ITEM,True
,3ff48a02-02ba-51f1-97ba-7d9eb3fe35b1,UNLINKED_LIST_ITEM,True
,1e630f5a-01de-5161-b1e7-2547444bf980,UNLINKED_LIST_ITEM,True
,ab115841-51ab-53c7-a095-53aae603f2e3,UNLINKED_LIST_ITEM,True
,aabc83e7-d74d-533b-9fb5-512ff3261387,UNLINKED_LIST_ITEM,True
,280bd29f-e285-5d43-ac6f-16b5349dd130,UNLINKED_LIST_ITEM,True
,c1eda696-fd35-58e4-8e65-fd550456d0b2,UNLINKED_LIST_ITEM,True
,d1fceaa4-0642-52d3-a2f7-b7ccaccfe405,UNLINKED_LIST_ITEM,True
,724657e3-159c-54a9-9a22-f40e28964b08,UNLINKED_LIST_ITEM,True
,6c7df15d-477b-5c16-92c1-c1e80636db0b,UNLINKED_LIST_ITEM,True
,a082ab53-ff2d-5ae8-a89c-b2bdb255df91,UNLINKED_LIST_ITEM,True
,94cd459f-107c-5d6f-ac49-9e3e36749f20,UNLINKED_LIST_ITEM,True
,c8c48e04-3d45-59a9-b531-4f0ec20fc821,UNLINKED_LIST_ITEM,True
,1b9ac143-e742-5936-a3ad-ef8a11f0e11c,UNLINKED_LIST_ITEM,True
,73040936-53b8-5273-a27a-705fab9a131e,UNLINKED_LIST_ITEM,True
,2bf67584-8362-54ed-ab99-590cb93f6e2f,UNLINKED_LIST_ITEM,True
,9559d594-33a1-5439-ab18-a49097014506,UNLINKED_LIST_ITEM,True
,cb5be146-5815-5078-981e-1937dc95f1c2,UNLINKED_LIST_ITEM,True
,d1b6fc19-a815-5bdb-87ac-abcea63e368c,UNLINKED_LIST_ITEM,True
,39810c03-bf89-548a-8e1e-4cc27eeba4b8,UNLINKED_LIST_ITEM,True
,4db0d617-6869-568e-b6fd-a40d8d87078a,UNLINKED_LIST_ITEM,True
,201192e6-fccf-5786-b88e-387344099890,UNLINKED_LIST_ITEM,True
,6ddd0948-feda-5c62-88c6-c1a100148095,UNLINKED_LIST_ITEM,True
,7fada9dd-eeb5-5f08-b721-80a22faa1119,UNLINKED_LIST_ITEM,True
,ec461a39-019b-5d43-9606-82cae4a656b6,UNLINKED_LIST_ITEM,True
,7fe1f3a4-8741-583e-9619-d2faabad711a,UNLINKED_LIST_ITEM,True
,21aee276-fa40-5df4-9082-0aa250087e27,UNLINKED_LIST_ITEM,True
,bb0a3591-17c1-519d-89ae-72af41ad2cba,UNLINKED_LIST_ITEM,True
,f4986032-72a6-55c4-bedd-3e5fafab0d17,UNLINKED_LIST_ITEM,True
,35b842cc-488a-5092-b309-77e864560ba6,UNLINKED_LIST_ITEM,True
,372022a0-38f6-57d4-a261-58e4271c835d,UNLINKED_LIST_ITEM,True
,88e7cd2c-21cb-5ff6-accb-367a3cbe93fb,UNLINKED_LIST_ITEM,True
,f9b72e68-7bfa-5274-9a0c-b22eb0535011,UNLINKED_LIST_ITEM,True
,5d41e5ad-8513-5883-9590-0d5df5162071,UNLINKED_LIST_ITEM,True
,81620a58-a871-5d48-89ab-a919f29d07f3,UNLINKED_LIST_ITEM,True
,61d464bb-ef41-5e7e-a4f1-e108268c93e3,UNLINKED_LIST_ITEM,True
,6655c21b-9f18-5b22-9107-ba9507fb90ce,UNLINKED_LIST_ITEM,True
,2ec1b3c0-4e3e-5ea2-9b15-fc6117e734ba,UNLINKED_LIST_ITEM,True
,d2a15d11-d37a-5011-9a92-7a95068974ab,UNLINKED_LIST_ITEM,True
,77f362e7-ad3c-5e78-8a35-ef549d4f4ce0,UNLINKED_LIST_ITEM,True
,9838cb1c-873b-57db-8622-a357ffa2bd73,UNLINKED_LIST_ITEM,True
,3e2d6509-8b7d-5bfb-9c17-fdd67bf2e1e4,UNLINKED_LIST_ITEM,True
,3583a9fb-e2a7-5107-8317-8ca1959ff600,UNLINKED_LIST_ITEM,True
,40ddb7b1-9cbf-5d42-8440-463016d6c14d,UNLINKED_LIST_ITEM,True
,96b3e4cd-ea58-504b-b0b8-630d02ac1e85,UNLINKED_LIST_ITEM,True
,3612228b-c2af-5c2e-9e3a-0d63656aeec6,UNLINKED_LIST_ITEM,True
,29b1951f-7490-5d1b-9ceb-220f16149854,UNLINKED_LIST_ITEM,True
,b46eb58c-9b98-5619-9d34-e307e9edec62,UNLINKED_LIST_ITEM,True
,a91300a4-f906-5e0a-8821-4d094a57482c,UNLINKED_LIST_ITEM,True
,8b317b99-6cec-57b9-bdf1-3cb1f270da94,UNLINKED_LIST_ITEM,True
,1bd67ece-52ae-59f3-bd94-cb39c955f2ad,UNLINKED_LIST_ITEM,True
,4fad7796-8285-5495-9812-ffaf413f50e4,UNLINKED_LIST_ITEM,True
,059c2383-6870-5067-9e82-9fc7a27313a6,UNLINKED_LIST_ITEM,True
,c1369b47-c957-59b0-9a85-0871400e0435,UNLINKED_LIST_ITEM,True
,0aa3490a-2ea1-5ba2-93eb-6620fd079972,UNLINKED_LIST_ITEM,True
,e43ffbf8-34cf-52f4-8ccd-b7bc1cba5481,UNLINKED_LIST_ITEM,True
,2fa880f1-2c57-559e-a48d-a0afcaabb837,UNLINKED_LIST_ITEM,True
,ea61de2b-8e5c-5362-b806-3222a62ee6e6,UNLINKED_LIST_ITEM,True
,ee662394-6d8b-5868-8d48-6cd331f47ae8,UNLINKED_LIST_ITEM,True
,3cc47713-fb4c-5032-94e1-027a9063de63,UNLINKED_LIST_ITEM,True
,3f5789f7-24fa-5cff-b19c-e017c5ef3c32,UNLINKED_LIST_ITEM,True
,e5b78df7-ab05-5b13-a9ce-ea4e8ac5cadb,UNLINKED_LIST_ITEM,True
,e7f0e00e-658e-5a04-ba0d-cd122d6f43cc,UNLINKED_LIST_ITEM,True
,545f372b-4a34-5f8c-aa5b-0314d854e7be,UNLINKED_LIST_ITEM,True
,a5a15c33-71df-5303-987f-5bd55cd2ec05,UNLINKED_LIST_ITEM,True
,2fafda0b-b22a-5357-8160-506e13dca920,UNLINKED_LIST_ITEM,True
,8abd2a46-4cb1-53bd-877b-ac8681af3288,UNLINKED_LIST_ITEM,True
,781f8da2-d558-53d9-b03c-f2e87ec27c6c,UNLINKED_LIST_ITEM,True
,907b4c00-3fd6-5442-be18-093a0cb2e31e,UNLINKED_LIST_ITEM,True
,93605151-8001-5473-bb9e-3d5d7e39618d,UNLINKED_LIST_ITEM,True
,136caa3c-392c-5aec-ac23-31bfdbdcbb3a,UNLINKED_LIST_ITEM,True
,3dc17e95-caa6-591a-a1b7-b1210184a086,UNLINKED_LIST_ITEM,True
,ccef7385-781c-580e-8af8-9239c3fd2e39,UNLINKED_LIST_ITEM,True
,53d40ce0-9e7b-5387-bb57-791353a316ce,UNLINKED_LIST_ITEM,True
,2e469535-7c03-586e-bcdf-d609e0affa15,UNLINKED_LIST_ITEM,True
,78c16853-15eb-57d0-b0f5-25d7ee9b5481,UNLINKED_LIST_ITEM,True
,a95bc7d0-8038-5daf-845b-6589addd9221,UNLINKED_LIST_ITEM,True
,a4dd0175-250e-54e8-88f4-fad72bed8357,UNLINKED_LIST_ITEM,True
,7d85d158-b118-5dac-b4c9-b26752ede4a4,UNLINKED_LIST_ITEM,True
,cc154234-8bd3-5389-a4a8-fc5f34f76e5f,UNLINKED_LIST_ITEM,True
,0e51849e-8192-56ce-8fa8-1af2ac54d6cd,UNLINKED_LIST_ITEM,True
,d7d5bbcc-e539-5f41-beb3-fc77d25a03dc,UNLINKED_LIST_ITEM,True
,5e556911-bd52-58b1-af7e-7b2ea74083bb,UNLINKED_LIST_ITEM,True
,260cac38-f5cc-5230-9565-07f940bfcea0,UNLINKED_LIST_ITEM,True
,630ed9eb-4378-5dcd-8fc3-0cb38259e5ec,UNLINKED_LIST_ITEM,True
,fc224606-72c7-5c49-b1dd-1d8298a128b5,UNLINKED_LIST_ITEM,True
,ee6f8935-fbd1-58b4-a280-7417a5325291,UNLINKED_LIST_ITEM,True
,c78a2e9d-386d-59dc-a7ca-6ca560e6b1b7,UNLINKED_LIST_ITEM,True
,d5933f66-7350-5f71-ab2a-7fc5549778cd,UNLINKED_LIST_ITEM,True
,9d86fbae-dc88-5a33-8a6a-341479c97939,UNLINKED_LIST_ITEM,True
,61348a68-8db6-5f6b-846f-9428d87bb9cf,UNLINKED_LIST_ITEM,True
,2adbbed5-0f87-544d-b56d-bf15475c6d46,UNLINKED_LIST_ITEM,True
,b6d0b838-65fe-53cc-962f-cc0917304bb7,UNLINKED_LIST_ITEM,True
,6ad3729b-3648-5fae-886c-2759f2f1eb7d,UNLINKED_LIST_ITEM,True
,e05ea6b7-2a12-5414-a5a2-a0e938a0032a,UNLINKED_LIST_ITEM,True
,0e8ef31b-4b38-589d-abe8-acd8a7b88ea2,UNLINKED_LIST_ITEM,True
,458655a3-a4d5-58bd-96c0-5759f17e3fb4,UNLINKED_LIST_ITEM,True
,0b338e94-854d-5dfc-9e00-f0c846f424bb,UNLINKED_LIST_ITEM,True
,2bc3b93a-6151-53d4-9db3-d75fa425ee52,UNLINKED_LIST_ITEM,True
,4323a89e-2d9c-5b6d-a678-44a9b45be037,UNLINKED_LIST_ITEM,True
,c2e527bf-2e84-5767-bbcf-3305a0883cfd,UNLINKED_LIST_ITEM,True
,74ac653d-b435-5df2-aadc-965ddc3491d2,UNLINKED_LIST_ITEM,True
,51491240-e7dc-5251-a8b8-ac43033397c4,UNLINKED_LIST_ITEM,True
,6bb2444e-0ce7-5a06-9421-49c169d27de7,UNLINKED_LIST_ITEM,True
,4efe74ae-3676-5c8f-87ae-9484f6b26e96,UNLINKED_LIST_ITEM,True
,45bba958-6383-532c-8c13-e23752eb3c32,UNLINKED_LIST_ITEM,True
,78389049-5692-562d-8096-4e346ba4d287,UNLINKED_LIST_ITEM,True
,ecfda1fc-213c-59ed-9d59-80332429945a,UNLINKED_LIST_ITEM,True
,8a38c8cf-c791-56ca-89e1-2f82b3b73fbc,UNLINKED_LIST_ITEM,True
,78c54a2e-eb1b-51ae-87ab-94acbd6b2a5c,UNLINKED_LIST_ITEM,True
,747343fa-1907-5cfe-be76-26f66912f124,UNLINKED_LIST_ITEM,True
,06021ef1-a334-5cf7-b4ce-b7554b4fc2f6,UNLINKED_LIST_ITEM,True
,536f9be8-dd7c-574b-9639-3ee7891afd74,UNLINKED_LIST_ITEM,True
,4856fad4-3487-55fc-b67b-935d8d2f698a,UNLINKED_LIST_ITEM,True
,06352e04-d1aa-5d97-80c2-7e36f0721ba6,UNLINKED_LIST_ITEM,True
,45078feb-6767-5e1b-bb92-e5dc4ec10113,UNLINKED_LIST_ITEM,True
,89e76077-17ca-58d6-85db-284aa566115c,UNLINKED_LIST_ITEM,True
,f8634238-1b39-5af3-b538-93bda025e6e8,UNLINKED_LIST_ITEM,True
,4d72d17a-551b-5b50-84cb-f98dbd6b04ed,UNLINKED_LIST_ITEM,True
,58312716-9114-5256-a990-d64b3f5e7c3e,UNLINKED_LIST_ITEM,True
,63b1a4fe-7e63-5ff2-9317-b91117f3ff7a,UNLINKED_LIST_ITEM,True
,a322bddd-b387-5299-aabc-2f3dd9c19895,UNLINKED_LIST_ITEM,True
,3e5de3dd-616f-5bed-82c6-80a2bc3ddccf,UNLINKED_LIST_ITEM,True
,2c879ea2-f580-5ce9-9ac7-c86427bd89c3,UNLINKED_LIST_ITEM,True
,dee34a71-e280-5487-a6c3-66fdf259e573,UNLINKED_LIST_ITEM,True
,ce713ace-cae0-5ba1-834e-76df0b6c56f8,UNLINKED_LIST_ITEM,True
,00f2600c-e34a-515d-9df1-b550a864728c,UNLINKED_LIST_ITEM,True
,2847f323-2246-53fb-a806-658dc9841f0a,UNLINKED_LIST_ITEM,True
,75610464-3fe5-57a8-ad3d-0da84c2789b5,UNLINKED_LIST_ITEM,True
,aa55e4a1-1612-5818-b982-5ef60252d746,UNLINKED_LIST_ITEM,True
,db6218cc-818b-5276-9a7f-7d898969a250,UNLINKED_LIST_ITEM,True
,32213602-60bd-568a-a026-14021688eb6c,UNLINKED_LIST_ITEM,True
,800ae14e-82c7-58af-810d-dceef37fe254,UNLINKED_LIST_ITEM,True
,3faf4910-5d91-5115-9d96-f7eb83d203ba,UNLINKED_LIST_ITEM,True
,a68cb7d5-6e31-5926-b22b-51c6afda67a5,UNLINKED_LIST_ITEM,True
,0814f402-30ef-52b1-916e-2a5d319879d5,UNLINKED_LIST_ITEM,True
,829a08d7-2c0b-5b73-b3f1-87d9d761f413,UNLINKED_LIST_ITEM,True
,1c7a817a-5a31-57b4-a681-dcf20a8fc84c,UNLINKED_LIST_ITEM,True
,8e27bb70-8b24-5b8b-941e-fa5510b0235c,UNLINKED_LIST_ITEM,True
,0ecdd4ec-5093-5126-84f2-5aeca1d22f60,UNLINKED_LIST_ITEM,True
,fa900ae5-371d-578d-8638-a461f4282af0,UNLINKED_LIST_ITEM,True
,e4783bc7-9edf-566e-802c-3523c7b9f262,UNLINKED_LIST_ITEM,True
,d2b94d57-3d76-5d6b-b8ee-3bd1f4bb570b,UNLINKED_LIST_ITEM,True
,54d0f75e-1106-52d3-9174-f9ce7948abcc,UNLINKED_LIST_ITEM,True
,c5bf1434-54a5-5cff-9aa7-e190a4081c8b,UNLINKED_LIST_ITEM,True
,1d34786d-9029-5688-a064-ce5c9185821f,UNLINKED_LIST_ITEM,True
,4ff65671-26a2-5c48-b3e0-005bf4666083,UNLINKED_LIST_ITEM,True
,5cc97690-80f0-5c32-ab96-c9ce3cde2d27,UNLINKED_LIST_ITEM,True
,708d76b5-7cfe-5fa3-8cf9-f4e9d9c91f5a,UNLINKED_LIST_ITEM,True
,fc64112b-ab75-5ee8-ae58-74d95b28e934,UNLINKED_LIST_ITEM,True
,d3716bfd-4950-5005-bc6f-38f987963937,UNLINKED_LIST_ITEM,True
,bfaf7428-7048-50eb-8336-bdf4efaa00b8,UNLINKED_LIST_ITEM,True
,04f51ac1-61b5-571e-a606-96a059238de5,UNLINKED_LIST_ITEM,True
,25c519df-78b5-5043-a293-666ecf63c538,UNLINKED_LIST_ITEM,True
,97b671ae-17d1-58b9-88a4-cd2a686c5eb6,UNLINKED_LIST_ITEM,True
,c6ed23b0-5e8b-5bfb-a472-3bd1b27f0e5f,UNLINKED_LIST_ITEM,True
,0754fa88-2052-556d-9f72-69365850d1aa,UNLINKED_LIST_ITEM,True
,f8431398-2b4d-5057-a7a8-d645c0223cf0,UNLINKED_LIST_ITEM,True
,60988161-425d-583e-a4eb-1923fbf91440,UNLINKED_LIST_ITEM,True
,024d9a60-e87d-5eb5-b29a-162fa1b1b985,UNLINKED_LIST_ITEM,True
,ce33340b-db0f-5b2d-a59f-a70b84564373,UNLINKED_LIST_ITEM,True
,2ff0fb51-3229-5297-bf60-ef70b9a0f528,UNLINKED_LIST_ITEM,True
,eb5b8d3d-54a3-5e53-b9b5-d0a482e29231,UNLINKED_LIST_ITEM,True
,53933d82-c2c8-5d62-a24f-9284557a0bdc,UNLINKED_LIST_ITEM,True
,f668e4af-e760-58e4-9447-194260120239,UNLINKED_LIST_ITEM,True
,b1536f55-eca5-5441-8425-4f52bf640271,UNLINKED_LIST_ITEM,True
,2f83eaac-8e9c-54af-bb90-e82aeb067e2d,UNLINKED_LIST_ITEM,True
,ddcf45b1-ce34-547e-a69c-0db7c46a7135,UNLINKED_LIST_ITEM,True
,f79fcac5-6237-5c1a-bdba-114031cbec35,UNLINKED_LIST_ITEM,True
,88f01603-e7df-599d-ad4f-e265352c6614,UNLINKED_LIST_ITEM,True
,d0980a60-c3c4-57a5-85c9-ea334a2265ff,UNLINKED_LIST_ITEM,True
,a9801d10-e0c4-5660-bdf4-ed7233192a4a,UNLINKED_LIST_ITEM,True
,cb93a904-9021-50c3-85bb-c8d4406fff48,UNLINKED_LIST_ITEM,True
,81170bf8-e326-5c08-a219-50d17ca70119,UNLINKED_LIST_ITEM,True
,f5495f44-97f8-5bab-9e1b-b6d68e1b2b2c,UNLINKED_LIST_ITEM,True
,6c0c062a-f42f-5f65-814a-c2e73a0ad42c,UNLINKED_LIST_ITEM,True
,0d02f8fa-bfcc-549f-b2c6-cfae6a753c1d,UNLINKED_LIST_ITEM,True
,63f31778-395a-53db-bca9-eaa520cae9ad,UNLINKED_LIST_ITEM,True
,1ff83de3-b69d-5032-9fbc-42b1f2bfad40,UNLINKED_LIST_ITEM,True
,77330208-bcd4-551f-9a5a-69cbca667aee,UNLINKED_LIST_ITEM,True
,c4fd4119-881b-5a7e-a599-e26b9d14ca2f,UNLINKED_LIST_ITEM,True
,a548544f-263a-5c09-adf3-6012ecf0237a,UNLINKED_LIST_ITEM,True
,f57e1cdb-af23-5e71-ad06-a2eef43bb50e,UNLINKED_LIST_ITEM,True
,16c0a80f-6436-504d-b86d-856a4d39e901,UNLINKED_LIST_ITEM,True
,4aa5cbcf-6ad1-5cca-847a-83ee098cc055,UNLINKED_LIST_ITEM,True
,26e7bfc6-76c0-5ba8-ae57-828bdda4ea2b,UNLINKED_LIST_ITEM,True
,6f5ab7b9-444c-51bc-b091-c7e1fa39dc72,UNLINKED_LIST_ITEM,True
,8a4da07a-4917-5727-8cf6-a0102085f89f,UNLINKED_LIST_ITEM,True
,343314a3-1e91-5305-b5db-68ef6122be74,UNLINKED_LIST_ITEM,True
,3d9c31f5-6f47-567c-a2bc-c9be44bd0bd5,UNLINKED_LIST_ITEM,True
,4bbb2571-560e-5592-a41d-c6521b62dad0,UNLINKED_LIST_ITEM,True
,369b47bc-7909-5447-9679-e73b0eeb80ff,UNLINKED_LIST_ITEM,True
,8198c60d-6b16-5a98-a46a-ce64ba2fe1bc,UNLINKED_LIST_ITEM,True
,9649879d-2ce3-50a5-982b-01fe7ff34fb7,UNLINKED_LIST_ITEM,True
,a8eede4c-97d3-5d19-8f2d-14db230e8632,UNLINKED_LIST_ITEM,True
,3ec4f9d8-57ea-5735-927d-a354240e353e,UNLINKED_LIST_ITEM,True
,200ae88d-6cdf-5e60-b411-4fd21f137790,UNLINKED_LIST_ITEM,True
,946787cd-22c2-5074-9773-6303710a3eb8,UNLINKED_LIST_ITEM,True
,8be422e3-01eb-5473-a91d-0f88ab2a8274,UNLINKED_LIST_ITEM,True
,36e05e2d-ad74-5deb-84a8-854909c96d28,UNLINKED_LIST_ITEM,True
,a0195095-4332-5127-b80c-83aa4d653253,UNLINKED_LIST_ITEM,True
,0841b597-a535-5f3e-8537-798f113c009c,UNLINKED_LIST_ITEM,True
,4ad025b1-261f-50c5-a5a6-91af4afb371a,UNLINKED_LIST_ITEM,True
,134e680b-ca68-52bd-9745-889e59e2dac4,UNLINKED_LIST_ITEM,True
,80e09042-adbb-5a98-8a7d-c5338d154184,UNLINKED_LIST_ITEM,True
,7e18930e-3d0b-5dda-9edc-f0a08106bc77,UNLINKED_LIST_ITEM,True
,148f28fd-0877-5915-b7db-f8dee585de1e,UNLINKED_LIST_ITEM,True
,cd47e8d6-c385-5183-b182-b3ece634589e,UNLINKED_LIST_ITEM,True
,0026b1bd-f507-59df-a1d7-33724f96f9a8,UNLINKED_LIST_ITEM,True
,118f9a87-2108-57fc-8e86-354bc45fc74d,UNLINKED_LIST_ITEM,True
,4b255fc8-65c1-522d-9dd3-cc076d1c4128,UNLINKED_LIST_ITEM,True
,e1e55fc6-9646-54d2-a4dc-0c69c190c1a1,UNLINKED_LIST_ITEM,True
,b4d9e17e-6a54-552d-ab57-63e4cec32a68,UNLINKED_LIST_ITEM,True
,c0fc973f-c783-5ef6-b618-50a6bec16b71,UNLINKED_LIST_ITEM,True
,efec31fb-027f-5f44-a1ab-13f93480f929,UNLINKED_LIST_ITEM,True
,d2d4647f-5ad2-59af-86bf-452b2e82c3de,UNLINKED_LIST_ITEM,True
,1678eef2-6d7e-54c9-b211-028638225726,UNLINKED_LIST_ITEM,True
,e46990fd-4462-5573-8e10-27023eeed525,UNLINKED_LIST_ITEM,True
,081fed78-1893-5331-b7b0-f2d336d9f6bc,UNLINKED_LIST_ITEM,True
,0ec3a15c-d866-51c7-bd81-a37565926866,UNLINKED_LIST_ITEM,True
,a22394f6-4051-5270-b2fc-5c8e1b88b2a9,UNLINKED_LIST_ITEM,True
,2db48932-7df4-5482-9e0c-25fe137dc6f2,UNLINKED_LIST_ITEM,True
,b1403f2f-64ec-5c6a-a338-205f9bcec3d7,UNLINKED_LIST_ITEM,True
,3ff5ebb6-6950-5820-aafa-9d947b580ce0,UNLINKED_LIST_ITEM,True
,44d6737f-0aab-5fd5-9493-8b6e2aae3fb9,UNLINKED_LIST_ITEM,True
,4a7ea640-3acc-5c54-823a-e6482eec0864,UNLINKED_LIST_ITEM,True
,835b0184-e9bc-54da-b940-7bfc17e1ecce,UNLINKED_LIST_ITEM,True
,bffab8fb-8b59-5f5c-b73d-29355f2f1235,UNLINKED_LIST_ITEM,True
,dea2c23f-a031-5a39-bf1f-9dae76a2de43,UNLINKED_LIST_ITEM,True
,d963b383-99f8-5f64-b4c6-9820d74da68b,UNLINKED_LIST_ITEM,True
,b8c3adea-5779-5948-bb91-954f42602405,UNLINKED_LIST_ITEM,True
,45839804-b7b9-5cdf-b6c6-fa290baca6d4,UNLINKED_LIST_ITEM,True
,97f33952-7801-5b38-b26d-2361a7b5a915,UNLINKED_LIST_ITEM,True
,790b752e-92a4-537b-ab3d-0187ac0cf3b7,UNLINKED_LIST_ITEM,True
,7b0767bc-87b7-5263-b9b4-e15b9cd80936,UNLINKED_LIST_ITEM,True
,51b1eef4-25e0-5bb2-be3d-47b0dd7d91de,UNLINKED_LIST_ITEM,True
,5cc2a9d5-f7a3-5d5a-8089-ee46bb503ffd,UNLINKED_LIST_ITEM,True
,1d13d06e-9e79-5d4b-a44c-c07356e6354e,UNLINKED_LIST_ITEM,True
,b92dd126-59d3-5d9d-9087-d5b4c82e54e7,UNLINKED_LIST_ITEM,True
,21f3ba44-0f77-58db-a9fd-70e64f8686e2,UNLINKED_LIST_ITEM,True
,f5b7fb8d-ae46-5df2-a106-9278523f64f9,UNLINKED_LIST_ITEM,True
,5bf98a6c-971f-5ef3-821a-148d462c00d4,UNLINKED_LIST_ITEM,True
,0f3f8dcb-7380-5ea5-89bc-411c37ec0a07,UNLINKED_LIST_ITEM,True
,52d3afa2-559b-5907-bb55-fb0c73098932,UNLINKED_LIST_ITEM,True
,df8f3a72-789d-514f-8729-5e724d1ab64e,UNLINKED_LIST_ITEM,True
,c4e0644e-1bb7-5030-b0b6-85eb63c72d5f,UNLINKED_LIST_ITEM,True
,e8643b79-873d-5d0a-aa81-dbee74bda7c2,UNLINKED_LIST_ITEM,True
,9a8a70f5-e380-5c20-8ba2-6d609fc32eca,UNLINKED_LIST_ITEM,True
,935c2d42-b7a1-5695-98ad-4b19485aad3b,UNLINKED_LIST_ITEM,True
,403260d3-9ee4-556a-a58b-600ccf98d502,UNLINKED_LIST_ITEM,True
,3406aede-ee30-5f81-a469-0e7a056f11a3,UNLINKED_LIST_ITEM,True
,0938b85c-98c1-542b-8256-052026960229,UNLINKED_LIST_ITEM,True
,3c290e25-09d0-5350-8e34-9d386fad8a3e,UNLINKED_LIST_ITEM,True
,5d62f3e6-da8b-55fe-b249-2a2956a4b2b3,UNLINKED_LIST_ITEM,True
,d20e3a14-d1aa-542c-b477-1ea0d5ad1b31,UNLINKED_LIST_ITEM,True
466e411b-8d35-52c1-8e26-2fed19b3717b,699e1b1b-8dd3-548b-96f5-6a03c15f233d,HAS_LIST_ITEM,False
466e411b-8d35-52c1-8e26-2fed19b3717b,8aba5b67-504c-5d26-a7f1-4b942483cc42,HAS_LIST_ITEM,False
,212f4d3c-674a-520f-b9e5-a4f2d5f591fd,UNLINKED_LIST_ITEM,True
,c5175dd0-bef8-52f1-880c-ad02bf6d2c69,UNLINKED_LIST_ITEM,True
,715132fc-604b-59b4-84f8-cf18ee001d50,UNLINKED_LIST_ITEM,True
,9ecc2270-eff6-52c1-bf71-7a1573149541,UNLINKED_LIST_ITEM,True
,c09e1436-fb52-51e9-ab6e-e6890a062439,UNLINKED_LIST_ITEM,True
0c9ab866-f868-5afc-a18b-444be3cf5c51,65d0ed30-d73a-535b-b11d-7cf27f455872,HAS_LIST_ITEM,False
,33c89b07-90cb-5acd-b466-35c5059a811b,UNLINKED_LIST_ITEM,True
,25bb25e7-c56e-503f-949d-56cb8b6a65ec,UNLINKED_LIST_ITEM,True
,6108a42b-ecb0-5fdd-9960-fd4d4eed2a39,UNLINKED_LIST_ITEM,True
56cc8453-81eb-5ca7-930c-5f38c62fbe15,65134ab5-21f0-5540-b274-249980b80073,HAS_LIST_ITEM,False
56cc8453-81eb-5ca7-930c-5f38c62fbe15,e49fe0f1-ee95-5f68-9014-c46e0f725223,HAS_LIST_ITEM,False
56cc8453-81eb-5ca7-930c-5f38c62fbe15,a81d0cf6-a5e8-5f5a-9e72-4f1d161a1070,HAS_LIST_ITEM,False
,e9052a1b-887f-54e5-a3da-05769e004855,UNLINKED_LIST_ITEM,True
,344dd102-0c07-5ef7-aab6-39cf5893391e,UNLINKED_LIST_ITEM,True
,aafcfc44-6580-535b-a103-7ce0b934e4dc,UNLINKED_LIST_ITEM,True
,41b2c66e-20a1-5351-bdb1-ab508e2f9738,UNLINKED_LIST_ITEM,True
80084d72-bc9a-5997-beee-b9775b7591f1,029dca14-e499-5de3-ae35-866a322cec22,HAS_LIST_ITEM,False
dda542f2-9ab9-55ef-b6bb-1bc60c34fc75,22a12b1c-7ba2-5066-add1-9d3899f4d2be,HAS_LIST_ITEM,False
dda542f2-9ab9-55ef-b6bb-1bc60c34fc75,e2924741-abfb-5640-8c8d-5b7eb3e4590d,HAS_LIST_ITEM,False
dda542f2-9ab9-55ef-b6bb-1bc60c34fc75,07041c3b-13db-5b8d-8cf4-7d7799fa7317,HAS_LIST_ITEM,False
dda542f2-9ab9-55ef-b6bb-1bc60c34fc75,fa0cb7af-79f3-5ae2-ad57-72ead8ccf64d,HAS_LIST_ITEM,False
,5b8a6006-85a9-509a-8883-f1f30b9aaef5,UNLINKED_LIST_ITEM,True
,1b0d9a11-eb1b-5e11-9b3a-79a63075747f,UNLINKED_LIST_ITEM,True
,9c15c6c3-faa8-5bf3-bb62-94174da539f6,UNLINKED_LIST_ITEM,True
,a65fc98e-25b6-580a-8859-fa5b9da6916e,UNLINKED_LIST_ITEM,True
,4b3541d6-6912-53ec-ace3-e81cd8287359,UNLINKED_LIST_ITEM,True
,8e6460f5-eef1-5993-9679-376773189583,UNLINKED_LIST_ITEM,True
,1a4afeec-b0d5-5319-ace9-b98d128dd37f,UNLINKED_LIST_ITEM,True
,3a3c3153-1d2b-51ca-af5b-2cbb00b3f481,UNLINKED_LIST_ITEM,True
,43b84595-105d-56e9-b96d-d65f036b8e08,UNLINKED_LIST_ITEM,True
,9d4a5bc2-4a4f-5391-9b48-db9345fe632d,UNLINKED_LIST_ITEM,True
,0b9a49e9-2df1-543a-a3e5-01e455569927,UNLINKED_LIST_ITEM,True
,08a939df-63ad-58f5-b700-b97c262d2d36,UNLINKED_LIST_ITEM,True
,3b6b76d9-1ec6-526b-a701-2de79771d8fd,UNLINKED_LIST_ITEM,True
,51492d3f-76a3-5f2a-b7ee-24cd452447ca,UNLINKED_LIST_ITEM,True
,5a4a996f-6a5c-5761-bd2c-1368ec6c5e39,UNLINKED_LIST_ITEM,True
,89c961e3-88f3-5603-984a-51a7b9f24026,UNLINKED_LIST_ITEM,True
,1a1833e7-f086-5f65-bab7-912eb69a9e4d,UNLINKED_LIST_ITEM,True
,89bedda9-a522-5b52-b0b1-e293083cce38,UNLINKED_LIST_ITEM,True
,ec43ae87-49ed-561c-a440-a52c5dc35076,UNLINKED_LIST_ITEM,True
,0ce45ff0-2cb0-51e1-a8ad-988d0799afb6,UNLINKED_LIST_ITEM,True
,3afc4551-4133-5404-bd8f-851986fa9a34,UNLINKED_LIST_ITEM,True
,44e5e5fa-ef06-5b53-af2e-e5b7cc5bea43,UNLINKED_LIST_ITEM,True
,6e5d2958-a32d-54b1-97ce-3aff55a45618,UNLINKED_LIST_ITEM,True
,6fb26cfd-6719-5130-9f8f-71aa5356d55d,UNLINKED_LIST_ITEM,True
,50ca1186-01f9-54f5-a7eb-d99709677666,UNLINKED_LIST_ITEM,True
,2ffb037a-360c-5356-951c-7aa035b3c087,UNLINKED_LIST_ITEM,True
,12e0069c-105d-540b-b4a8-841d74de6ad7,UNLINKED_LIST_ITEM,True
,07d68d93-3c2c-50d7-afb9-472dc7e05358,UNLINKED_LIST_ITEM,True
,60557d2c-ea77-55e5-912f-6d425f7ba5d9,UNLINKED_LIST_ITEM,True
,3a67f057-7cba-51d8-b888-10d6de1f31f6,UNLINKED_LIST_ITEM,True
,fe5108f8-1642-5a5b-a31e-7818a4bf0f86,UNLINKED_LIST_ITEM,True
,b437c032-9e87-547d-8320-910e49929239,UNLINKED_LIST_ITEM,True
,d0791826-b0ee-53bc-98bd-efc569aae0ae,UNLINKED_LIST_ITEM,True
,2fead7c9-bbe1-5e60-80c2-0f50de0eaec5,UNLINKED_LIST_ITEM,True
,1b07356b-f700-52af-ab93-679b6fc4b8ae,UNLINKED_LIST_ITEM,True
,07131803-4798-5e01-a7bc-aa458273a9df,UNLINKED_LIST_ITEM,True
,707f5dc9-799c-52e8-9b1f-d5268429ea38,UNLINKED_LIST_ITEM,True
,c36bb25c-b725-5160-bd41-029146da2bdd,UNLINKED_LIST_ITEM,True
,2b184835-9e9f-5f5b-ab11-b952b18563b4,UNLINKED_LIST_ITEM,True
,89bdb39b-6507-50da-b65e-f64e90ab7a8c,UNLINKED_LIST_ITEM,True
,7de1b6ac-e17b-5753-8864-a474b827454f,UNLINKED_LIST_ITEM,True
,e970f905-7251-5cfb-b2f6-7c2da3e06c37,UNLINKED_LIST_ITEM,True
,9997c19f-77dc-5747-8c2c-210b1bdb239a,UNLINKED_LIST_ITEM,True
,90661d67-50c5-50d2-99be-0c3801ecda4f,UNLINKED_LIST_ITEM,True
,96e71430-a9bf-54d9-9dad-454daa4202f3,UNLINKED_LIST_ITEM,True
,c89a71d8-4359-5991-be2c-2fbdc7b64c94,UNLINKED_LIST_ITEM,True
,c84efb52-e1c0-5b67-8e46-34f367f97967,UNLINKED_LIST_ITEM,True
,e72f66f0-8eff-5bf7-abde-8f8f98aafbf5,UNLINKED_LIST_ITEM,True
,a852b646-6416-51a7-8150-f650ff1a316a,UNLINKED_LIST_ITEM,True
,40dac3ea-bb5f-5cfc-8304-45fe72319609,UNLINKED_LIST_ITEM,True
,bc31405b-7857-5db3-bf44-cb55761c8554,UNLINKED_LIST_ITEM,True
,da3d24c8-0f2d-5c76-8364-46001e32e2a3,UNLINKED_LIST_ITEM,True
,3d52a7a9-3e4f-5f21-8fe9-9a2d2323f842,UNLINKED_LIST_ITEM,True
,7f03b3cc-45dc-58c8-95b8-77f0cb9278dc,UNLINKED_LIST_ITEM,True
,912c5a0e-2802-5f95-a968-9a9ae3cee859,UNLINKED_LIST_ITEM,True
,07fa6868-a968-5d66-9077-59186d6e9604,UNLINKED_LIST_ITEM,True
,35dd90bd-4a1d-58f5-a208-3bcb3798eba7,UNLINKED_LIST_ITEM,True
,26c1433d-8608-5b59-8503-d66d734cc8f1,UNLINKED_LIST_ITEM,True
,d524aa6d-fcf8-5da3-ae93-b554ddf3e956,UNLINKED_LIST_ITEM,True
,22209116-486d-5fb3-88e5-5e8c7e83f931,UNLINKED_LIST_ITEM,True
,00d97bbd-80cd-5c40-b88b-8cc4dcdf5c08,UNLINKED_LIST_ITEM,True
,98653888-b253-53eb-87dc-c7d024d35507,UNLINKED_LIST_ITEM,True
,752f5c17-d256-5fa9-9aae-937c0e34a7ac,UNLINKED_LIST_ITEM,True
,c370cbf1-ed35-59e5-af16-fe0163f8a7d2,UNLINKED_LIST_ITEM,True
,3e5e294e-7d85-5251-9e64-9d402940e8fd,UNLINKED_LIST_ITEM,True
,e6a64895-a49c-5c20-8837-ba3936a4f88b,UNLINKED_LIST_ITEM,True
,637d1d54-81f0-5c41-913c-292953be9717,UNLINKED_LIST_ITEM,True
,7aca984f-28db-5ed7-a189-41af825913a7,UNLINKED_LIST_ITEM,True
,f75455e3-7f29-5ef7-a7aa-221449f62c8c,UNLINKED_LIST_ITEM,True
,d94b15ef-6967-57f9-8a60-d46da4ef0d2a,UNLINKED_LIST_ITEM,True
,1bada55d-045f-5314-b3ae-ed8851ed20db,UNLINKED_LIST_ITEM,True
,9083ae2f-5dce-586e-bbe2-684d7515ccd6,UNLINKED_LIST_ITEM,True
,cd33eb0d-1135-53c7-95ac-d038f9cbe14a,UNLINKED_LIST_ITEM,True
,fc683b00-5486-5129-b6b9-6587c26c4e78,UNLINKED_LIST_ITEM,True
,223f844e-28af-5b30-9ddd-2a5a93ad5d20,UNLINKED_LIST_ITEM,True
,609acf1d-c73b-5b8a-8c08-f44f2c72619f,UNLINKED_LIST_ITEM,True
,6f9601d4-87e7-5e42-adee-f980bd96d7c1,UNLINKED_LIST_ITEM,True
,03df798d-52f0-52f9-a780-0ff65ad56582,UNLINKED_LIST_ITEM,True
,61c4f189-051c-58ed-bc5d-cc1389e7593f,UNLINKED_LIST_ITEM,True
,078d2758-a62a-5c5e-b2d9-59f181ef6781,UNLINKED_LIST_ITEM,True
,c8c99928-6f03-580b-b023-06e0d19951e6,UNLINKED_LIST_ITEM,True
,80222d29-163b-539a-b669-f8e3d85e1ea4,UNLINKED_LIST_ITEM,True
,4f9149d7-0b5c-5bac-a17a-77c43d30633f,UNLINKED_LIST_ITEM,True
,02d3cb7f-3887-5399-960d-23d5e77f6c7f,UNLINKED_LIST_ITEM,True
,42f8efb2-9ede-5248-8948-42baf03fdfd3,UNLINKED_LIST_ITEM,True
,e4390cb2-fe9f-5946-b7b1-9d6ba5fa4eb5,UNLINKED_LIST_ITEM,True
,9f956f3f-4fa2-5e05-8e0e-0b636c315a41,UNLINKED_LIST_ITEM,True
,c35fb740-9546-58f1-a825-6a0044e5f0ce,UNLINKED_LIST_ITEM,True
,518dc746-0ff5-58e1-8e69-8719fe11dff8,UNLINKED_LIST_ITEM,True
,75c60ffa-b8ea-5552-8a02-c361667ae5a9,UNLINKED_LIST_ITEM,True
,65164eb8-5696-5616-8f06-bb6c9264b54f,UNLINKED_LIST_ITEM,True
,191a579e-c00e-57f8-90ac-680746f9965b,UNLINKED_LIST_ITEM,True
,c2c8e394-3685-52f0-b33b-665c4c9d40df,UNLINKED_LIST_ITEM,True
,22493c8d-a51c-599d-b44c-b6500bc70e05,UNLINKED_LIST_ITEM,True
,4013b78e-6132-5f05-ad0d-855f167d2563,UNLINKED_LIST_ITEM,True
,d3918bd1-e24a-516c-b815-bde03f684fd4,UNLINKED_LIST_ITEM,True
,4214431f-ca7b-52fb-aafb-fbfa51791567,UNLINKED_LIST_ITEM,True
,147cafcb-18ce-5104-8101-0001b6d53e68,UNLINKED_LIST_ITEM,True
,ec505637-fb93-5120-9c27-9dd90d30d57c,UNLINKED_LIST_ITEM,True
,941b99e5-26f1-555b-8939-ec9f24aa0c30,UNLINKED_LIST_ITEM,True
,620508fc-dd45-561f-9e8c-52efbef1b4ae,UNLINKED_LIST_ITEM,True
,600c76b2-3bf1-505b-a8f0-a63764550e09,UNLINKED_LIST_ITEM,True
,20d5fea4-5b93-5c04-8b45-8c8c42310704,UNLINKED_LIST_ITEM,True
,c77192dd-adcd-5e9e-a282-2eef78cebe76,UNLINKED_LIST_ITEM,True
,9e5b5c19-e48c-556b-aae8-6cea7094031a,UNLINKED_LIST_ITEM,True
,bf4c7531-dba2-5125-86d0-8fd0c85b7511,UNLINKED_LIST_ITEM,True
,4eb4e6bc-d19c-55e2-b452-1d28e296724d,UNLINKED_LIST_ITEM,True
,91d4e7b4-e540-5914-86d0-94d336089146,UNLINKED_LIST_ITEM,True
,3affb153-960f-5a2b-be4b-a381e6833e76,UNLINKED_LIST_ITEM,True
,ff9f7317-49a8-5f6e-8c1e-eddfc265a9d3,UNLINKED_LIST_ITEM,True
,3c338423-f4e3-55bb-a0e0-22a791e6a416,UNLINKED_LIST_ITEM,True
,95f71cd8-ead6-568e-a291-25052833bcc2,UNLINKED_LIST_ITEM,True
,5eb11e3f-e09b-56e8-a03d-fce7217cd4ba,UNLINKED_LIST_ITEM,True
,81d00fb7-6e65-5833-8e1c-fad998a759cd,UNLINKED_LIST_ITEM,True
,1a42e11f-7a18-5af9-981b-b50195a5cc3f,UNLINKED_LIST_ITEM,True
,deda8e97-e15f-57a6-bb2f-03c8dbbb96a4,UNLINKED_LIST_ITEM,True
,c4675747-339d-54b3-ad10-a9163fe05db5,UNLINKED_LIST_ITEM,True
,5fe0b199-e707-5aa5-bab3-7067fa0dea14,UNLINKED_LIST_ITEM,True
,69a46230-a92c-572e-aa45-8cb7eaad4db4,UNLINKED_LIST_ITEM,True
,4dd64c18-a378-52e8-9f3d-d9bc66bf22d6,UNLINKED_LIST_ITEM,True
,aa4b38bd-56eb-5217-b6b4-ef8d701e1305,UNLINKED_LIST_ITEM,True
,bb3d3ee4-0e92-592c-8494-d6a648e08e68,UNLINKED_LIST_ITEM,True
,d9038fa7-ca1c-5c57-b012-f09671c77a44,UNLINKED_LIST_ITEM,True
,2979ac3c-1488-5732-9d8f-61a91ea42a06,UNLINKED_LIST_ITEM,True
,1e578823-7290-5bb8-9ac2-15564028a7fa,UNLINKED_LIST_ITEM,True
,1c482c1c-2b54-50cb-9227-d03ca0dfba5c,UNLINKED_LIST_ITEM,True
,b61d89b7-b8e2-50ff-939c-8a70cfd838c3,UNLINKED_LIST_ITEM,True
,de4c5f2b-ce9f-53b0-9791-83cf36de936c,UNLINKED_LIST_ITEM,True
,358f1732-de9e-50a2-89e3-6d354458d0f2,UNLINKED_LIST_ITEM,True
,3b8e4633-c7e8-51bb-93a4-ab5230c915f3,UNLINKED_LIST_ITEM,True
,9acf7540-fd0f-5068-8c0f-bef3ef1f6ab6,UNLINKED_LIST_ITEM,True
,65a8584a-64d8-5ad4-a741-c844a21deebe,UNLINKED_LIST_ITEM,True
,f7d7cdc3-7084-58cb-8da1-9cf1745ab131,UNLINKED_LIST_ITEM,True
,ae365439-d73f-5061-ab5d-f7f59a9aecc3,UNLINKED_LIST_ITEM,True
,cd74df7e-68a1-5f55-85b8-134f19cd5e94,UNLINKED_LIST_ITEM,True
,442a20a8-bbc9-5d90-b8f3-e1a8769e005f,UNLINKED_LIST_ITEM,True
,a38746ff-4b74-5fee-8978-91fd25db64aa,UNLINKED_LIST_ITEM,True
,543c5547-253a-563a-9a5d-135b4a557f8d,UNLINKED_LIST_ITEM,True
,b727108b-14f6-5e63-a536-c48566d29420,UNLINKED_LIST_ITEM,True
,de8ca3e9-03b2-5eea-88bf-fa9cb03356f2,UNLINKED_LIST_ITEM,True
,5b7c83af-7ac6-5981-9389-279005cc045f,UNLINKED_LIST_ITEM,True
,df5c88cd-edb9-507d-bbaa-4aba90df3b6b,UNLINKED_LIST_ITEM,True
,acd3114b-0148-57fd-a5cf-91258405bff7,UNLINKED_LIST_ITEM,True
,bff7a4bc-e904-5def-a290-93ebf99a0ad4,UNLINKED_LIST_ITEM,True
,200b4934-c929-5539-b264-68faa418c09e,UNLINKED_LIST_ITEM,True
,74984f57-08b2-5649-be1c-0919be5bc198,UNLINKED_LIST_ITEM,True
,b8c66d94-5eb2-5535-81d1-7c98a82f4a2e,UNLINKED_LIST_ITEM,True
,6ed308d8-8d0e-5469-ae01-3e153c510843,UNLINKED_LIST_ITEM,True
,f1339ebb-9bef-58eb-8c26-e316114c62c7,UNLINKED_LIST_ITEM,True
,c7ec2144-0be0-5d0f-846a-3b5a27c4045b,UNLINKED_LIST_ITEM,True
,74c668c5-9cad-51bf-9da0-2eba2a36c8e5,UNLINKED_LIST_ITEM,True
,c5f84532-eccb-5231-9004-ce6d9303b451,UNLINKED_LIST_ITEM,True
,73bc891b-41e6-58bf-8a2f-5736b6a59af1,UNLINKED_LIST_ITEM,True
,668cc63d-909d-51a8-9338-4de192d6d697,UNLINKED_LIST_ITEM,True
,0efc86a3-1b6d-5822-888c-92b31fbf84ea,UNLINKED_LIST_ITEM,True
,5f4c2649-aea5-57c4-a667-e373f1078d33,UNLINKED_LIST_ITEM,True
,8da12dd0-805d-5c01-88de-52f4bb60a9de,UNLINKED_LIST_ITEM,True
,22dd8aff-54b6-52b9-a020-ab2b66f5e866,UNLINKED_LIST_ITEM,True
,2b8ba5f8-5774-559e-b666-bbaaa8920065,UNLINKED_LIST_ITEM,True
,cfbe2ed0-0929-52e7-9591-87d21efb5a45,UNLINKED_LIST_ITEM,True
,81320aef-d51f-5588-9dcd-e60b0e07242c,UNLINKED_LIST_ITEM,True
,22d3ed2e-9048-54e6-a72b-f2c06847bb32,UNLINKED_LIST_ITEM,True
,aa58af64-9513-5c06-8d62-e1cf3817df15,UNLINKED_LIST_ITEM,True
,4c06ee65-dbe0-5024-9d63-a23ff3017d79,UNLINKED_LIST_ITEM,True
,dcfd2ba3-74ed-51b7-85ee-288d0fc61a52,UNLINKED_LIST_ITEM,True
,de7a0fc1-5c66-52fa-81df-b95677b9c27b,UNLINKED_LIST_ITEM,True
,2a584220-a691-5538-babd-fc0af7830d23,UNLINKED_LIST_ITEM,True
,46174704-ceb1-5cd4-bf0e-d5676c114e91,UNLINKED_LIST_ITEM,True
,0fecb0db-fecd-58eb-984e-ad172f16b30d,UNLINKED_LIST_ITEM,True
,352b7adc-7f4e-5a10-9524-60f5e5650c58,UNLINKED_LIST_ITEM,True
,90601c82-e284-528b-b704-b8bcfdec32f2,UNLINKED_LIST_ITEM,True
,0136e8a4-009f-517f-9238-663887d9cdba,UNLINKED_LIST_ITEM,True
,08f75956-e4c3-50a5-9d3e-40d09efb6d7d,UNLINKED_LIST_ITEM,True
,68f68a9f-0402-5686-88cf-1325a29c15d3,UNLINKED_LIST_ITEM,True
,ce25d506-6bf7-54b6-85c7-fff84cd6ef30,UNLINKED_LIST_ITEM,True
,d2ecf923-f070-551b-87be-008916b32283,UNLINKED_LIST_ITEM,True
,23a8b4a6-a29c-5cdb-8c8e-89242c7cd91e,UNLINKED_LIST_ITEM,True
,cfb93d44-54e8-597a-b5e4-b64cac1c7e7f,UNLINKED_LIST_ITEM,True
,8e06d6eb-5378-5b65-af6b-f66f2c9e9726,UNLINKED_LIST_ITEM,True
,6de7662f-67dd-59ef-ab82-bf720ed3d0b8,UNLINKED_LIST_ITEM,True
,19dcad4e-a04c-517a-a22a-a8aace6d3e1e,UNLINKED_LIST_ITEM,True
,80442370-751f-565b-a9a9-9cbf5a26dbdb,UNLINKED_LIST_ITEM,True
,98d7e00e-a5c3-561b-ab8d-15d36eb881b0,UNLINKED_LIST_ITEM,True
,9a6b10d6-1abd-5293-b656-1ecd6e265e82,UNLINKED_LIST_ITEM,True
,8a2920e7-3be6-5255-becb-b23e37d334fd,UNLINKED_LIST_ITEM,True
,34120847-d11f-538f-bb07-9904ddac92fd,UNLINKED_LIST_ITEM,True
,f71b1403-f401-5c81-9327-7f39bea149b8,UNLINKED_LIST_ITEM,True
,bbf20912-11a1-52ca-bea0-d0a0edbd1764,UNLINKED_LIST_ITEM,True
,0643dc8e-caa1-5024-97fa-ae589bf87e4b,UNLINKED_LIST_ITEM,True
,e2c20d54-3cd3-56b4-9aca-d0a7e395a607,UNLINKED_LIST_ITEM,True
,68385d1d-c94d-53f2-98a9-c13c8ee33d5c,UNLINKED_LIST_ITEM,True
,a0e5c691-ca51-5063-a55a-a571a23b5a75,UNLINKED_LIST_ITEM,True
,76082552-8e2a-5db8-9906-1b95f23bcab2,UNLINKED_LIST_ITEM,True
,0855f276-6070-5fd0-8356-09d79c67e4e2,UNLINKED_LIST_ITEM,True
,cdc265b3-57e2-50db-8167-c23bc764aca5,UNLINKED_LIST_ITEM,True
,35ca63aa-fe2b-5018-8d18-a008f1f0f01b,UNLINKED_LIST_ITEM,True
,e393fb46-571e-5cd9-81a3-3c8f12d7b5f2,UNLINKED_LIST_ITEM,True
,09e6dbfc-d013-5c80-a7fb-66e3778711ea,UNLINKED_LIST_ITEM,True
,e61913fd-a957-591c-b97b-4ec1e2ace4bd,UNLINKED_LIST_ITEM,True
,d21005c7-2ec7-5a6f-9275-035ae3fa826b,UNLINKED_LIST_ITEM,True
,ae6dd74e-3e1e-53ff-827f-ddd058372a6a,UNLINKED_LIST_ITEM,True
,a65c5264-5de6-5aaf-bf63-54a8be6d82ec,UNLINKED_LIST_ITEM,True
,67047e31-fd5c-561c-982d-7d0ee2b45645,UNLINKED_LIST_ITEM,True
,d820c31d-29e7-5ff2-b618-095af1f37559,UNLINKED_LIST_ITEM,True
,9bf68e87-c0bd-5fa0-bf27-f8d352eb7d2f,UNLINKED_LIST_ITEM,True
,55adf29e-6eac-53e5-87eb-0469492d93a9,UNLINKED_LIST_ITEM,True
,78f7059b-b80b-5733-82ff-873360338a5d,UNLINKED_LIST_ITEM,True
,ab2fd289-9ac0-5969-b25c-ee96c6a828f9,UNLINKED_LIST_ITEM,True
,1ac7a1ea-9b93-5c68-bce7-8a7ae4bed502,UNLINKED_LIST_ITEM,True
,b9e0cb37-5afa-5fde-b579-1284d8e40871,UNLINKED_LIST_ITEM,True
,2aedaaae-20b0-5bd3-8da7-417ff5fbbfc0,UNLINKED_LIST_ITEM,True
,50f697f7-ec54-5a25-bc44-3ee797c2667f,UNLINKED_LIST_ITEM,True
,da1595ad-5ad2-5eb1-8625-7ccf827364a0,UNLINKED_LIST_ITEM,True
,868858ac-08af-5600-bae7-5d5760a36b7f,UNLINKED_LIST_ITEM,True
,f112cce0-ed73-577e-8d66-20111030fd49,UNLINKED_LIST_ITEM,True
,9cf38433-4208-5e1b-a198-5895b13d06c2,UNLINKED_LIST_ITEM,True
,63477f39-35dd-5fc7-a278-b7a4cff5db3e,UNLINKED_LIST_ITEM,True
,24b613ec-5b02-5055-859a-606c4833d373,UNLINKED_LIST_ITEM,True
,d25e57d6-882a-5d7f-bf9a-2f2db3809309,UNLINKED_LIST_ITEM,True
,733cae0f-b304-519e-8e0f-d0a2016e48c4,UNLINKED_LIST_ITEM,True
,9e10e641-b02e-5280-aae3-f4be67d1c9ef,UNLINKED_LIST_ITEM,True
,1a6ab050-cc7e-55af-9dbb-cd4434b58fdc,UNLINKED_LIST_ITEM,True
,0b74a2e1-0a41-53fa-bccd-5ad02db42b60,UNLINKED_LIST_ITEM,True
,02bd9d92-d65f-504c-86c5-90dd9353eecc,UNLINKED_LIST_ITEM,True
,8a2bdde8-55d7-5057-b581-49d56a3ab141,UNLINKED_LIST_ITEM,True
,a91a1bbd-2cf8-5c8f-8681-42bb4e918d1c,UNLINKED_LIST_ITEM,True
,e78d71a2-6436-58ce-b9e9-5e384cbf99e5,UNLINKED_LIST_ITEM,True
,cb2f6eb6-82f1-526b-b0bf-65a600473b61,UNLINKED_LIST_ITEM,True
,95b16fdb-b6c2-5af6-85bd-900570a02637,UNLINKED_LIST_ITEM,True
,8471e45f-d837-5160-8c3b-adf89d9b7271,UNLINKED_LIST_ITEM,True
,9abf8c6a-dd87-59b4-9e4f-b3be465a9735,UNLINKED_LIST_ITEM,True
,2b07039d-0b12-52fb-972b-3568705769c9,UNLINKED_LIST_ITEM,True
,c73f7f1b-af31-5b52-8b68-d5c850c6919e,UNLINKED_LIST_ITEM,True
,2ac2cfeb-6f7c-5a66-9d0b-7fdd4a65e244,UNLINKED_LIST_ITEM,True
,0976f3f2-866d-55e2-873b-ead9b2caa22f,UNLINKED_LIST_ITEM,True
,85b5b301-3e08-5c8a-b6e3-7894cdb727bb,UNLINKED_LIST_ITEM,True
,487229d1-4efb-577a-8cc3-0b848494a6d3,UNLINKED_LIST_ITEM,True
,8c8fa9e6-b5cf-5706-a136-5b2bc5ef3cb8,UNLINKED_LIST_ITEM,True
,c8dec525-8921-59cf-a441-ba8118468e41,UNLINKED_LIST_ITEM,True
,db042e30-fdd6-5508-b4de-01bd3da9d805,UNLINKED_LIST_ITEM,True
,1131e3ba-1a58-5986-8fb6-929a91863ce4,UNLINKED_LIST_ITEM,True
,cc6e0d59-8307-5521-adf0-0a6ef0cae737,UNLINKED_LIST_ITEM,True
,f6f56b9d-20ff-56a3-bbed-ae95c0ec6d66,UNLINKED_LIST_ITEM,True
,f96a07e3-0b8d-54ab-ad7f-4aba41ec319b,UNLINKED_LIST_ITEM,True
,87d75087-b349-5363-947d-d7920c98783c,UNLINKED_LIST_ITEM,True
,898f9778-86ce-52d6-9b94-ea80bf240a7c,UNLINKED_LIST_ITEM,True
,cd637c53-f19d-5d50-a12a-383897c53c62,UNLINKED_LIST_ITEM,True
,ccf33a96-ca30-5939-89b3-9658c162f3ae,UNLINKED_LIST_ITEM,True
,1e393ff0-ef9e-575b-9f1b-1c63bf98e518,UNLINKED_LIST_ITEM,True
,b754dfd6-f16d-5204-abae-8a7ab5ceafe3,UNLINKED_LIST_ITEM,True
,616cbb63-c7e8-57e8-9cef-fe1cdb981ecc,UNLINKED_LIST_ITEM,True
,40496d4f-2536-5567-b8dc-48c0ed4dd51b,UNLINKED_LIST_ITEM,True
,e0af4a1f-f218-5e76-86f1-0a5f95a48976,UNLINKED_LIST_ITEM,True
,54adadd6-701f-5133-85a3-24a736ca8efa,UNLINKED_LIST_ITEM,True
,a97d0649-0754-540b-92a8-dbcc6328d89d,UNLINKED_LIST_ITEM,True
,d4bf086d-a51c-542f-9786-6e75c47f34eb,UNLINKED_LIST_ITEM,True
,2696bcdd-e833-59a0-aa2a-a42baaec5f47,UNLINKED_LIST_ITEM,True
,d0292bbd-e970-5ca5-975e-2f14c2633a99,UNLINKED_LIST_ITEM,True
,be3291ad-cf06-5ca2-ba6b-5cc7e7f71e83,UNLINKED_LIST_ITEM,True
,664d284a-6a5e-5724-ad72-b27f94600452,UNLINKED_LIST_ITEM,True
,4a4260c1-19fa-5f09-8293-8e3ebacdbd9c,UNLINKED_LIST_ITEM,True
,8723e1b3-75f6-529d-95a0-fed9daed164c,UNLINKED_LIST_ITEM,True
,d92c298a-e3cb-5b2d-b47f-37857deb8ff0,UNLINKED_LIST_ITEM,True
,28e71afd-0fad-5c86-b1ac-ad6b80cb21fb,UNLINKED_LIST_ITEM,True
,d4813af9-7c2f-565e-8838-449cb029c79f,UNLINKED_LIST_ITEM,True
,40353634-d0e9-51da-9bba-8597458ed2ff,UNLINKED_LIST_ITEM,True
,ca5a35a1-65b4-5b09-9c82-6c199f093921,UNLINKED_LIST_ITEM,True
,446d32a6-2788-5bb6-85ee-e241297d3fd6,UNLINKED_LIST_ITEM,True
,2a570679-235a-5574-9ae8-767af0681225,UNLINKED_LIST_ITEM,True
,99f23e6f-3875-5451-9829-f74d6427fd7a,UNLINKED_LIST_ITEM,True
,687cb2d6-500f-57fe-a2db-2e1a7a7e81e4,UNLINKED_LIST_ITEM,True
,9469d130-dd32-5034-abf5-36422645700f,UNLINKED_LIST_ITEM,True
,9fd900ba-9f64-5999-a26c-efc3e87f00ad,UNLINKED_LIST_ITEM,True
,2915e547-9997-5f98-92de-12aa8bc81aad,UNLINKED_LIST_ITEM,True
,39126680-43cd-5398-85da-f90ed9bff35e,UNLINKED_LIST_ITEM,True
,3e5eb0c1-b0b2-51ea-ae21-bf239aaea46b,UNLINKED_LIST_ITEM,True
,42e28803-a0c2-55ff-91dd-4f658d5a471a,UNLINKED_LIST_ITEM,True
,497fa272-e3c2-521e-ab6f-39f21f07a97c,UNLINKED_LIST_ITEM,True
,0cd0ec26-58c6-5eca-bb8f-9f0f39d527f4,UNLINKED_LIST_ITEM,True
,4bb10d6e-1963-53af-a1b3-b1a38dcbd495,UNLINKED_LIST_ITEM,True
,281ec714-3e7d-59c4-825e-08a1ab075802,UNLINKED_LIST_ITEM,True
,df8f7919-5af2-5bf6-9468-f4d0f20aa214,UNLINKED_LIST_ITEM,True
,698fb9ac-c35c-5454-828c-858d53574252,UNLINKED_LIST_ITEM,True
,758c9728-18a9-52db-a87f-c127b34bfec4,UNLINKED_LIST_ITEM,True
,d2e4d1fb-25a4-5bda-a9bb-8145fe810220,UNLINKED_LIST_ITEM,True
,356d7b93-6d44-56b8-8b19-0b032f55fbdc,UNLINKED_LIST_ITEM,True
,59b6d5c6-e937-5da9-87cb-a30232b70aea,UNLINKED_LIST_ITEM,True
,6ba2e3f8-9d02-52f7-9e45-9ba4eaa25edf,UNLINKED_LIST_ITEM,True
,2dedb1d7-caa3-5b68-b8f2-81420ba4b78d,UNLINKED_LIST_ITEM,True
,042f3297-900e-594f-9919-1245521412d6,UNLINKED_LIST_ITEM,True
,2a46eb7f-dac3-5350-b9b3-287bcd3859b8,UNLINKED_LIST_ITEM,True
,44f2036f-dd58-562e-b090-3ace429a194d,UNLINKED_LIST_ITEM,True
,8b1fdf95-87aa-568d-8af9-703eff538c66,UNLINKED_LIST_ITEM,True
,c3696eea-8ba9-5748-90e4-8bdde9fb157c,UNLINKED_LIST_ITEM,True
,27a52bf9-6205-5b1a-a8c3-1594e61bcc2e,UNLINKED_LIST_ITEM,True
,694b915b-a3da-5993-80a2-8f1ca6ac5041,UNLINKED_LIST_ITEM,True
,4af8d04e-e638-5b0f-80d4-edfc224a468d,UNLINKED_LIST_ITEM,True
,0efcd38c-d948-53c0-8fe4-9f21a0c8fb54,UNLINKED_LIST_ITEM,True
,2cd2ccbd-b431-5470-a067-537558ca72dc,UNLINKED_LIST_ITEM,True
,5b5472df-01f0-5eb1-af75-52c1afc28c17,UNLINKED_LIST_ITEM,True
,df85985f-7974-51e1-9b99-5cefc25141e2,UNLINKED_LIST_ITEM,True
,f02f4259-58e8-5745-9a1a-81c78464f35e,UNLINKED_LIST_ITEM,True
,2f2b3e40-ed76-53aa-8375-7a0a7d29e49f,UNLINKED_LIST_ITEM,True
,d4413205-ad53-5c0b-b347-d2ea136133a7,UNLINKED_LIST_ITEM,True
,0674db5e-df86-55c7-b8b7-057af62fe260,UNLINKED_LIST_ITEM,True
,809992cb-1a61-5906-870c-e58fc3fd5b13,UNLINKED_LIST_ITEM,True
,ba44b6f0-4e9c-54cf-9848-ea5bcf240408,UNLINKED_LIST_ITEM,True
,88608f30-203c-5ca4-9c61-ab491cf3f809,UNLINKED_LIST_ITEM,True
,49bf497c-fbcd-5a3f-9294-dd326ceb0cbc,UNLINKED_LIST_ITEM,True
,f59ec460-0a32-5d96-80cd-a9478b1e1756,UNLINKED_LIST_ITEM,True
,6048a9fd-294a-58ac-9e12-2c0107c858bf,UNLINKED_LIST_ITEM,True
,42621fb2-60b6-537f-bf6a-35c83a349a11,UNLINKED_LIST_ITEM,True
,f7460b1f-a957-5b41-8a52-f8855965b834,UNLINKED_LIST_ITEM,True
,e058e295-cbbb-5b83-928b-c7b75c4bfe5f,UNLINKED_LIST_ITEM,True
,bb57de95-07cb-5cd4-bf3e-fcae3d7f5729,UNLINKED_LIST_ITEM,True
,8812bd12-1ccc-5982-999f-f79e2580cb4e,UNLINKED_LIST_ITEM,True
,1b35d41f-dda8-5c30-b443-ba4cdc01bd3d,UNLINKED_LIST_ITEM,True
,c4ae2d4a-34d0-52fe-b421-ae32abaf5dbb,UNLINKED_LIST_ITEM,True
,699b6c35-8b40-523b-b960-a0d68b03806d,UNLINKED_LIST_ITEM,True
,6fd25714-a5a5-5b0d-9c3d-4e68de1ad8fb,UNLINKED_LIST_ITEM,True
,52c3e795-573b-57e3-ba27-f7cb2fcf2d97,UNLINKED_LIST_ITEM,True
,5bc7fc20-05f2-5fb5-afee-37d93a4104a1,UNLINKED_LIST_ITEM,True
,695ee4d9-eec5-50b5-8bd9-cccf0a043e22,UNLINKED_LIST_ITEM,True
,acf764e0-7e29-5097-a027-d8dc88bba176,UNLINKED_LIST_ITEM,True
,1d2d26d7-efd1-5380-98bd-7c39d722341b,UNLINKED_LIST_ITEM,True
,ee44a1ea-e942-5d26-84e3-d02ba4e69243,UNLINKED_LIST_ITEM,True
,25ba5d78-4ac7-5cd4-becb-c9c75e8571c6,UNLINKED_LIST_ITEM,True
,65cbae54-da04-54fe-a2f2-2ba7eb7944e2,UNLINKED_LIST_ITEM,True
,123506da-0f82-5991-95ea-862808d85305,UNLINKED_LIST_ITEM,True
,3c056195-40bb-57b1-b04e-66f73823e19a,UNLINKED_LIST_ITEM,True
,f135b4df-e64c-5554-a9c0-4426893c28b2,UNLINKED_LIST_ITEM,True
,71953890-f2c6-5c9f-88ba-8bfa030fe584,UNLINKED_LIST_ITEM,True
,8fbde852-6e92-5fe1-9ce0-3387dc612991,UNLINKED_LIST_ITEM,True
,b59c3dde-19e8-5977-955b-0a1f0c75268b,UNLINKED_LIST_ITEM,True
,6a10f405-4c8a-566a-a3c2-13eaec5d6e04,UNLINKED_LIST_ITEM,True
,405a5cbd-ce40-5529-9034-004d4cdaeeba,UNLINKED_LIST_ITEM,True
,04457702-2cd9-5fdc-b337-d1eba54f5245,UNLINKED_LIST_ITEM,True
,110b9c85-ae45-5295-84e1-d33b1898eb15,UNLINKED_LIST_ITEM,True
,cbb6b4c4-7a2b-5261-b277-23fe8929af8f,UNLINKED_LIST_ITEM,True
,ff7b894e-3a54-5362-a035-f6d02aed7a3b,UNLINKED_LIST_ITEM,True
,13a2eb2b-5d18-5603-8a27-499815be21b8,UNLINKED_LIST_ITEM,True
,39e7c9c1-3587-54d2-8e62-02cf10558fd9,UNLINKED_LIST_ITEM,True
,4a3b2660-a405-5e6d-a917-8cdd35013adf,UNLINKED_LIST_ITEM,True
,71c482b4-8c71-59a2-af0e-b1bafb69596b,UNLINKED_LIST_ITEM,True
,159c572b-1049-55ab-98e2-2157e0dd240d,UNLINKED_LIST_ITEM,True
,de343ca4-6bfe-5d87-8f60-58a2bc39d532,UNLINKED_LIST_ITEM,True
,81271ce2-70b3-5e75-a44f-5eeecf96535d,UNLINKED_LIST_ITEM,True
,74b4fe1b-ea8a-5707-8d69-d696064b4ed4,UNLINKED_LIST_ITEM,True
,f9970277-4bb4-5a3c-8769-16f1bf65558f,UNLINKED_LIST_ITEM,True
,ca9b662b-6e3b-56ec-87eb-f58eea6eb7dd,UNLINKED_LIST_ITEM,True
,d55e2914-d129-58bf-9091-e5bfdd24e4db,UNLINKED_LIST_ITEM,True
,c915c971-1272-51ef-94d3-41f3975d1339,UNLINKED_LIST_ITEM,True
,62db57e6-6caa-56ae-bb74-ca2f676b352e,UNLINKED_LIST_ITEM,True
,b66a8847-1fa0-5341-a7d5-1703b90e6a97,UNLINKED_LIST_ITEM,True
,6248dc40-81ca-5761-b7ee-b18487805139,UNLINKED_LIST_ITEM,True
,119a042e-1f8e-5960-91d5-b47389644fb6,UNLINKED_LIST_ITEM,True
,182f815d-4cf4-5231-ada5-f7a0a47f5e02,UNLINKED_LIST_ITEM,True
,f4e1881b-6d9f-51c9-81bf-c82e47c81648,UNLINKED_LIST_ITEM,True
,7aa0f178-5825-5d36-be53-87aaa15535ee,UNLINKED_LIST_ITEM,True
,d947e7d2-d383-5711-b415-ee4cfa6f4924,UNLINKED_LIST_ITEM,True
,44650252-6c5d-54f0-9631-86bdea62da42,UNLINKED_LIST_ITEM,True
,02fe1f1e-9560-5591-a698-2f8ea54e3c6c,UNLINKED_LIST_ITEM,True
,74820fb8-fc76-55d7-af6b-226fcf788b9c,UNLINKED_LIST_ITEM,True
,4488ebfc-4c79-5062-b4f2-c52169807437,UNLINKED_LIST_ITEM,True
,3efce941-e543-51bd-b188-7088cd41cb27,UNLINKED_LIST_ITEM,True
,bef462bc-3880-547d-906b-831dc705581b,UNLINKED_LIST_ITEM,True
,8d194edf-169a-51a0-aca5-8aa59cd6e6c9,UNLINKED_LIST_ITEM,True
,aea59c4e-0f0c-53ba-bddc-6ee19b595091,UNLINKED_LIST_ITEM,True
,742b9e78-bd97-5033-81a4-5d8034af2ff0,UNLINKED_LIST_ITEM,True
,f3fc7fbb-53db-5283-8201-814e750c2cf1,UNLINKED_LIST_ITEM,True
,60435acc-c539-537e-a688-45cf468dca08,UNLINKED_LIST_ITEM,True
,0ff3e1a3-fc47-5357-b358-5480b3491042,UNLINKED_LIST_ITEM,True
,78c4a71a-a5a6-5807-8a10-55becdb4728f,UNLINKED_LIST_ITEM,True
,892061f6-b62f-5e6a-b1e1-d0870a875269,UNLINKED_LIST_ITEM,True
,0b8bde80-168e-555f-9b21-4c1311737609,UNLINKED_LIST_ITEM,True
,54b074ad-a036-52b0-8a27-a385c1ed4998,UNLINKED_LIST_ITEM,True
,9547e89f-eafd-57b0-bad4-d9ea5d9a0b27,UNLINKED_LIST_ITEM,True
,2f4fa438-0be0-5879-b2fc-bb85cd2b2b49,UNLINKED_LIST_ITEM,True
,0f122140-691c-51e2-b312-e2a336d2d92c,UNLINKED_LIST_ITEM,True
,2c951bcd-cedc-52bc-9f0b-0e565fc3226a,UNLINKED_LIST_ITEM,True
,4c96b051-4edd-58f4-b22a-cf6cc2e0d58b,UNLINKED_LIST_ITEM,True
,85e8f515-966b-5079-80c9-eef486f9b35c,UNLINKED_LIST_ITEM,True
,07f3ef52-f3ec-5f8a-abb4-bcdb57ef7223,UNLINKED_LIST_ITEM,True
,f3f0cb3f-6623-5744-959b-2775fb062236,UNLINKED_LIST_ITEM,True
,2b1e40a6-9f4b-535d-898c-2668f939c437,UNLINKED_LIST_ITEM,True
,70356fd4-ea2a-5c96-ab1f-c1d5618252e3,UNLINKED_LIST_ITEM,True
,114531e5-1a23-5d38-ac44-f59fd7970b1c,UNLINKED_LIST_ITEM,True
,7a212ad8-3b27-57dd-83e8-24b949ea2188,UNLINKED_LIST_ITEM,True
,8fc702d8-ba6f-56e0-bb69-60930abd4a6e,UNLINKED_LIST_ITEM,True
,07d25f88-111b-59bf-a705-4e2a2c3ea159,UNLINKED_LIST_ITEM,True
,a98cf5dc-9999-5fbc-8dc4-5113d3b903d0,UNLINKED_LIST_ITEM,True
,753cb7b6-a9a4-59ef-9033-9e9e017ae6b3,UNLINKED_LIST_ITEM,True
,21c280e3-120d-52a4-aafa-d132cf292916,UNLINKED_LIST_ITEM,True
,54122eda-c329-525f-abfe-aca873a10bbd,UNLINKED_LIST_ITEM,True
,1d4d60e1-6028-514a-a625-13d3863bd8d8,UNLINKED_LIST_ITEM,True
,79d183aa-6d43-5925-9a2d-e544352b0760,UNLINKED_LIST_ITEM,True
,886a163f-37d5-5c88-ac5b-7dfb3be3da79,UNLINKED_LIST_ITEM,True
,8514bdcc-be5f-5092-b71f-a9c35c570456,UNLINKED_LIST_ITEM,True
,f58ad4ae-1644-563a-b490-61c51f601be6,UNLINKED_LIST_ITEM,True
,16ac477c-36bd-501c-8b57-c6ec2f8c5ce0,UNLINKED_LIST_ITEM,True
,5c1b3e1f-9535-517e-97a0-e74c587063de,UNLINKED_LIST_ITEM,True
,ae41869e-1588-5856-80d9-5a69342e7ed2,UNLINKED_LIST_ITEM,True
,1834dfe4-9ed6-5c5e-a6c9-615c0631c33e,UNLINKED_LIST_ITEM,True
,88783f99-381b-5b06-8747-3bd6467b32e6,UNLINKED_LIST_ITEM,True
,ecc5295b-e113-50be-8a8c-be22bfbda81c,UNLINKED_LIST_ITEM,True
,a6c9ea5b-bf0a-5334-b3a6-6a335ee2c070,UNLINKED_LIST_ITEM,True
,07d8e017-32ca-5bc4-819a-6207fd3a129b,UNLINKED_LIST_ITEM,True
,20a38a6c-8994-5d43-aa65-5a86a994866b,UNLINKED_LIST_ITEM,True
,ed5b9948-6fed-5792-bd37-6b1f4aca4cb2,UNLINKED_LIST_ITEM,True
,888fd459-0b90-57e5-b7e2-878a050e02ac,UNLINKED_LIST_ITEM,True
,f906e43d-2fcc-5d6c-aaed-606666637b7e,UNLINKED_LIST_ITEM,True
,8d15745a-6804-5aa6-bd1b-865a889b5025,UNLINKED_LIST_ITEM,True
,9e83261b-71de-5c2c-bacb-8be6f7b52427,UNLINKED_LIST_ITEM,True
,e1aed454-7250-5504-a2ab-07d3bf58ecf2,UNLINKED_LIST_ITEM,True
,c588d2df-5dd8-58f4-8e67-445e43292c30,UNLINKED_LIST_ITEM,True
,791f1ec0-bf01-5836-acea-541666ec3b84,UNLINKED_LIST_ITEM,True
,e38ca330-0003-51a6-a365-0eb90bdcf324,UNLINKED_LIST_ITEM,True
,8e68ab62-7198-5ddf-83af-23089edb6069,UNLINKED_LIST_ITEM,True
,a6ad3355-a849-540b-be1c-c8947724b300,UNLINKED_LIST_ITEM,True
,34240081-905c-534b-afc9-17dc6a5dec8f,UNLINKED_LIST_ITEM,True
,4f85157f-1972-5908-bea0-f139bcf8fd49,UNLINKED_LIST_ITEM,True
,57b936b8-c8a4-53a9-9f7d-8c488501c8ed,UNLINKED_LIST_ITEM,True
,9e64c5e9-c7a0-5578-b412-438d9a8d009b,UNLINKED_LIST_ITEM,True
,1698808a-7b8b-53c9-b338-ea8370ab367c,UNLINKED_LIST_ITEM,True
,8c4cccd1-f9ab-5e61-a8d6-d5b8f2d674af,UNLINKED_LIST_ITEM,True
,eb6ad10a-4eef-5410-aace-7608c8587560,UNLINKED_LIST_ITEM,True
,351a2a66-f3fd-5b33-916a-640abecd9a7d,UNLINKED_LIST_ITEM,True
,a9be517e-9e40-5a9f-a8fc-89dc8823df5a,UNLINKED_LIST_ITEM,True
,ab3822dc-45a7-564b-9d7f-46f4c3c65e3e,UNLINKED_LIST_ITEM,True
,1d5c12e4-4d9d-5bae-9604-3d547d63d03a,UNLINKED_LIST_ITEM,True
,f47ce245-e2f7-5033-a6a2-1dc571c11c78,UNLINKED_LIST_ITEM,True
,7848fb67-cc3b-5d45-a650-5f65d51f0f74,UNLINKED_LIST_ITEM,True
,bc5687d1-710b-5c64-8b37-5a80e96286fe,UNLINKED_LIST_ITEM,True
,a6d3f02c-43a1-5b66-83a5-774416179b5c,UNLINKED_LIST_ITEM,True
,f05e7c55-4b70-51f8-babb-79fd0f8407c4,UNLINKED_LIST_ITEM,True
,2ab2c082-1022-59bf-8f43-4befbb192fb8,UNLINKED_LIST_ITEM,True
,185f71e2-43ff-5fc1-9514-c902703acb4d,UNLINKED_LIST_ITEM,True
,9f0f4bc2-e73d-5ef4-b364-eef4331c6bd8,UNLINKED_LIST_ITEM,True
,ea86f2f6-afdc-5790-8b12-c27e59ac459f,UNLINKED_LIST_ITEM,True
,d3883056-65fb-5c30-85d1-2bcc50ceb425,UNLINKED_LIST_ITEM,True
,2579bff9-f47e-5538-9471-777a5623879b,UNLINKED_LIST_ITEM,True
,552d8d88-d4b2-5db0-a836-5bb3b2bd5600,UNLINKED_LIST_ITEM,True
,4d14831e-6c36-50f7-bf30-0e7da97992ec,UNLINKED_LIST_ITEM,True
,8b78c1e8-b3eb-50ab-a8ed-4b5c621be497,UNLINKED_LIST_ITEM,True
,38d0db29-8c5e-5bee-b212-e3da2ea34567,UNLINKED_LIST_ITEM,True
,c4a1bc57-de68-524b-b627-0b4e7226c61b,UNLINKED_LIST_ITEM,True
,3c1a58ce-ef30-52ba-9648-854db0e52d20,UNLINKED_LIST_ITEM,True
,ebdb7a0d-30a9-5464-a998-510bdec550eb,UNLINKED_LIST_ITEM,True
,d4ce8722-8cb9-52b0-8785-747893aaa36e,UNLINKED_LIST_ITEM,True
,e7ad1543-7069-504f-baa6-6c3e357f7102,UNLINKED_LIST_ITEM,True
,44035297-ee67-5d03-93a5-109723c39fef,UNLINKED_LIST_ITEM,True
,078c7ecd-6ffc-5402-bab0-be06beaa22ac,UNLINKED_LIST_ITEM,True
,83dbac16-19ac-5a45-90a7-3c108cd08d3e,UNLINKED_LIST_ITEM,True
,0e4c5077-5281-582b-bfc1-94e4e83c0c1f,UNLINKED_LIST_ITEM,True
,56c1f685-3eea-5384-8f74-f4ce121f05e1,UNLINKED_LIST_ITEM,True
,b199e2aa-199a-5685-950e-8cc7f8e25c6e,UNLINKED_LIST_ITEM,True
,6f30fda0-3770-5a17-95dd-82e75bfefbd5,UNLINKED_LIST_ITEM,True
,b7cbe251-20df-593e-af20-6d82c119a1f0,UNLINKED_LIST_ITEM,True
,2d1f4055-5e0c-5ff0-bc1e-b35f3aae6889,UNLINKED_LIST_ITEM,True
,3ce3579a-dd44-5933-a2c2-800739f28334,UNLINKED_LIST_ITEM,True
,b1067543-0b9a-5d2e-bead-81ce42e71e65,UNLINKED_LIST_ITEM,True
,e55b6d4c-a36b-5043-9556-ab9090888998,UNLINKED_LIST_ITEM,True
,3033053f-b283-52f8-9652-d1145cbf5394,UNLINKED_LIST_ITEM,True
,bc0add48-7026-5287-a792-ada8761c9609,UNLINKED_LIST_ITEM,True
,5713d8e7-8742-55c7-ae2f-117a18add4f0,UNLINKED_LIST_ITEM,True
,f1088a2b-8722-510a-9761-07d29ad171fd,UNLINKED_LIST_ITEM,True
,aff6b1c1-48db-5cf3-bb86-895205c9e414,UNLINKED_LIST_ITEM,True
,5b67420a-ba88-59e7-b833-3fc97cd9c71b,UNLINKED_LIST_ITEM,True
,2f6415c6-0a50-5a4c-bdad-1e85a3f7d5c8,UNLINKED_LIST_ITEM,True
,a1642208-5bad-54c4-91e4-b0f8301ca3e9,UNLINKED_LIST_ITEM,True
,75f3abaa-6e8d-563b-9474-b37afd6f1ef2,UNLINKED_LIST_ITEM,True
,4a5005f4-e6af-5abf-86f7-5453f7042786,UNLINKED_LIST_ITEM,True
,0d5f5713-f729-555a-a7fa-4ed8e9e6d8da,UNLINKED_LIST_ITEM,True
,f76b6bcc-a90f-5772-90f5-f22e1193ebc9,UNLINKED_LIST_ITEM,True
,5ace2703-7367-53cf-a43c-05efa8f5743e,UNLINKED_LIST_ITEM,True
,7e7eacf0-89d4-528d-9cbc-f8f1447523b8,UNLINKED_LIST_ITEM,True
,c36c12b7-39a6-5e01-8560-ce5af08191d6,UNLINKED_LIST_ITEM,True
,b2262116-83da-54d5-ad69-fd50dee1d1ba,UNLINKED_LIST_ITEM,True
,dc46e6a9-8c6e-5260-9a95-4e73df70cf70,UNLINKED_LIST_ITEM,True
,91c9a7c8-daec-5866-ab9b-d8dfe8db624c,UNLINKED_LIST_ITEM,True
,b0203807-cfbd-56e4-b6bd-4eb752f5abc9,UNLINKED_LIST_ITEM,True
,6b7226be-413f-5db1-a582-e82da5d641fc,UNLINKED_LIST_ITEM,True
,cc72b340-67a8-5d9a-870c-7228fadc426a,UNLINKED_LIST_ITEM,True
,e25b446f-bde3-506a-a356-d7b7e3709e1c,UNLINKED_LIST_ITEM,True
,91de9412-5699-593d-9321-b66bd752d9e7,UNLINKED_LIST_ITEM,True
,488dea2e-2ade-50c4-8709-cde3429a836e,UNLINKED_LIST_ITEM,True
,02b11a69-68b7-5b97-82f0-3bba5430bcd8,UNLINKED_LIST_ITEM,True
,f97d2a41-429d-5b11-aa72-bcdd8956155f,UNLINKED_LIST_ITEM,True
,c54717b5-5128-5ec0-93f6-5fd216e2f313,UNLINKED_LIST_ITEM,True
,602e6777-7de7-538b-a660-8b5bd1a8a311,UNLINKED_LIST_ITEM,True
,097aecc2-8adc-5940-9fc0-2541601b8cca,UNLINKED_LIST_ITEM,True
,7e2670d2-e57c-5373-94b4-63ad9ba9efca,UNLINKED_LIST_ITEM,True
,7f527659-cd04-505b-98b1-b56b779d44d0,UNLINKED_LIST_ITEM,True
,d5eacf57-ece8-5cea-95a7-0dca501790df,UNLINKED_LIST_ITEM,True
,7d7fe5a0-f871-5487-abc0-13ef0ec5b6f2,UNLINKED_LIST_ITEM,True
,73aa3f56-2dc1-5ca1-a4a0-cade8a60713e,UNLINKED_LIST_ITEM,True
,aa375b18-4f67-5775-8737-7b6441eda8ed,UNLINKED_LIST_ITEM,True
,b78fcd01-0f8d-55db-89ba-269c366bd91d,UNLINKED_LIST_ITEM,True
,8034314f-25c4-5a5d-9909-44d3a002689c,UNLINKED_LIST_ITEM,True
,0eea24ed-5797-5465-b0c6-9f5c8d6ecd02,UNLINKED_LIST_ITEM,True
,0eb5b022-47f3-5664-b0d7-bc9a17d93b23,UNLINKED_LIST_ITEM,True
,99f0e49f-aee7-5e42-89ab-e7b1a78b3cea,UNLINKED_LIST_ITEM,True
,664e2ed6-59c2-556c-92d1-0e138e36d8fd,UNLINKED_LIST_ITEM,True
,62913507-e1b4-5234-9511-c37ffbf3cfbf,UNLINKED_LIST_ITEM,True
,116f373d-dad4-5f2c-833a-acdc97af3435,UNLINKED_LIST_ITEM,True
,2314d998-52af-55d6-8c04-cc22e3dc27ce,UNLINKED_LIST_ITEM,True
,a927402c-b76e-5f53-bf75-5cfd74af3159,UNLINKED_LIST_ITEM,True
,326c7f53-3c7e-5a8d-9f8b-27b107b812f3,UNLINKED_LIST_ITEM,True
,857cd7e2-e1a4-5cec-96f6-8cfd47ee0c35,UNLINKED_LIST_ITEM,True
,3ae5fab0-3a62-5522-8786-c196416124e6,UNLINKED_LIST_ITEM,True
,f9065900-c722-5006-9de8-78020dc23fd9,UNLINKED_LIST_ITEM,True
,b266b2e4-ee4b-570c-a863-dd896af72895,UNLINKED_LIST_ITEM,True
,8c9fe537-0469-5cc7-93a2-caf2df8f937b,UNLINKED_LIST_ITEM,True
,34dff30c-1d9b-5683-82f6-663ff64777f6,UNLINKED_LIST_ITEM,True
,fbd76e62-68b2-5a44-bb6b-3e72c4619245,UNLINKED_LIST_ITEM,True
,17be0d9c-ad79-5444-b831-c2c6a56ff863,UNLINKED_LIST_ITEM,True
,0a250ba7-ec23-5d01-8264-8ede75673e85,UNLINKED_LIST_ITEM,True
,fb386bdb-464a-5470-9f16-b54fb54cdf22,UNLINKED_LIST_ITEM,True
,cf8556f4-d44b-5240-9fc4-88746a0b1291,UNLINKED_LIST_ITEM,True
,b48cf671-7866-51a4-a875-3728799ba0ca,UNLINKED_LIST_ITEM,True
,bed93616-040a-53c9-95cc-8a75395fc87f,UNLINKED_LIST_ITEM,True
,c5c05f5a-4198-59cf-b749-d915005d2521,UNLINKED_LIST_ITEM,True
,0cc6fc76-7826-5aa6-8233-7fbb5a0a838a,UNLINKED_LIST_ITEM,True
,5aadaa3c-7464-5b59-8c5e-6cad852b1f25,UNLINKED_LIST_ITEM,True
,ee87aa9c-2a62-5ecb-b4c3-0a8447e7c938,UNLINKED_LIST_ITEM,True
,cf5467c5-e403-563a-a68c-8fca720cfd92,UNLINKED_LIST_ITEM,True
,9ea051d1-1087-5b7e-8f95-746396d5969a,UNLINKED_LIST_ITEM,True
,13a6f415-7174-5a44-9b77-35b938fa6e4e,UNLINKED_LIST_ITEM,True
,ecf19248-15b1-5f14-bf6f-72c723f1cffd,UNLINKED_LIST_ITEM,True
,aa025e58-312a-5c73-b19b-2e35ac2e7fb7,UNLINKED_LIST_ITEM,True
,e3129a3b-c63f-5fdf-97cd-df2e2ba2daaf,UNLINKED_LIST_ITEM,True
,77f59b38-fd13-5804-83f4-872e1762a541,UNLINKED_LIST_ITEM,True
,758effd6-3f1f-5591-ac9f-99f600b9317f,UNLINKED_LIST_ITEM,True
,f5d42f31-8ccb-5df0-be02-08dbce3b4332,UNLINKED_LIST_ITEM,True
,681568e6-d300-51c7-90a9-feda28137813,UNLINKED_LIST_ITEM,True
,e2aac255-869a-53a8-8932-7083e07599c1,UNLINKED_LIST_ITEM,True
,49e7d2fe-b12d-5fed-8f44-e1036d522c65,UNLINKED_LIST_ITEM,True
,5f1919ae-9c52-50a7-9b5a-143108e87189,UNLINKED_LIST_ITEM,True
,26c8d433-0c90-547f-aba8-61a11e4c3761,UNLINKED_LIST_ITEM,True
,99ac9a46-42f9-5347-a85d-4eb5adf9cc20,UNLINKED_LIST_ITEM,True
,0483bec8-1e5f-5cee-b0d1-da579defb853,UNLINKED_LIST_ITEM,True
,a45873c7-6fdc-5317-b8e2-6985ebf40515,UNLINKED_LIST_ITEM,True
,5c1d8d87-632b-592e-8600-15d0e3bf5b79,UNLINKED_LIST_ITEM,True
,0c4b0349-5780-5be1-810b-56a762213c76,UNLINKED_LIST_ITEM,True
,b0faff44-42cf-5c71-bc9f-ebf71e4350a7,UNLINKED_LIST_ITEM,True
,4b1a7282-e7df-5ecf-b254-b9c3ccd21e94,UNLINKED_LIST_ITEM,True
,9aa70e07-8abd-53e7-ab3a-1a297bb4a608,UNLINKED_LIST_ITEM,True
,9f0b0695-418f-5877-920a-6186dc033126,UNLINKED_LIST_ITEM,True
,0d030c5d-d00a-5bb3-9b32-870460b558d6,UNLINKED_LIST_ITEM,True
,2f2ff3af-07a8-53dd-8118-bb597d15c43b,UNLINKED_LIST_ITEM,True
,fe767b56-af6d-512c-add9-75fbf09b8014,UNLINKED_LIST_ITEM,True
,9ab1c243-e4e2-5d77-8f93-b1a4493b463a,UNLINKED_LIST_ITEM,True
,590b906a-c119-5e07-86c7-54dc8f0fea5d,UNLINKED_LIST_ITEM,True
,d3b8d201-ca09-5c44-9599-ccf2351a0ea3,UNLINKED_LIST_ITEM,True
,fa7d1f05-1c54-560b-8c5c-00a935107efe,UNLINKED_LIST_ITEM,True
,cff2637b-8723-520c-8f39-646df2dff7c1,UNLINKED_LIST_ITEM,True
,854ab91d-7771-512b-93fa-6ce005cdad64,UNLINKED_LIST_ITEM,True
,c90d26fc-4835-5680-b7ef-c0f394380721,UNLINKED_LIST_ITEM,True
,2c43e694-8943-5ded-baab-9abf7aa9b4bd,UNLINKED_LIST_ITEM,True
,20dd533a-cc4f-571c-9abc-5134844af8ac,UNLINKED_LIST_ITEM,True
,d819188b-ed1a-57f3-b860-7f6c1600e0d1,UNLINKED_LIST_ITEM,True
,eae9673e-976e-5aed-a469-05555cfbd455,UNLINKED_LIST_ITEM,True
,aea59a95-ac24-529e-a76f-236343520f63,UNLINKED_LIST_ITEM,True
,6d714da7-d39d-5da2-b94a-f2c5a2970247,UNLINKED_LIST_ITEM,True
,3f1ddb9b-525a-5df3-b66c-24953745ae43,UNLINKED_LIST_ITEM,True
,9b1a3539-374d-588b-a21b-5331bf932814,UNLINKED_LIST_ITEM,True
,8d203816-cbe0-5d0a-8006-0a9f90d02d76,UNLINKED_LIST_ITEM,True
,3b5bd7b8-74e3-5411-ab26-5276e1712cda,UNLINKED_LIST_ITEM,True
,ad052bde-e7b6-56c4-becd-4018fd1f3d69,UNLINKED_LIST_ITEM,True
,deb23696-3bb6-5302-8af8-3f90b24db39e,UNLINKED_LIST_ITEM,True
,9bd9b604-ac3e-5594-83f5-1df98875cacd,UNLINKED_LIST_ITEM,True
,5c3a9249-6d40-5376-81d7-214a36c781b7,UNLINKED_LIST_ITEM,True
,b32e3758-a6c3-5559-8e34-76a5c14d8649,UNLINKED_LIST_ITEM,True
,9e9b3ea9-45b3-5eb4-8e8a-67a1c2d6e66e,UNLINKED_LIST_ITEM,True
,f188e7a7-3b77-5601-be3e-6814dd497beb,UNLINKED_LIST_ITEM,True
,2032f02a-d9c5-5ae7-9175-fe80036c5ba3,UNLINKED_LIST_ITEM,True
,92cc826c-a770-518e-a70d-9aa66aafda2c,UNLINKED_LIST_ITEM,True
,03c819ce-4a67-5f0a-947f-122215397ad6,UNLINKED_LIST_ITEM,True
,73e9e36d-bfdf-5083-9e14-2d0184d69365,UNLINKED_LIST_ITEM,True
,10176055-ff69-56f1-afa6-658db8ce8377,UNLINKED_LIST_ITEM,True
,677e74fd-0311-5e8c-afcf-a4638cd0ab19,UNLINKED_LIST_ITEM,True
,99744321-0bc1-5c39-96af-d838a5807543,UNLINKED_LIST_ITEM,True
,7d634348-a0fc-5ec3-bd91-4361f300d6bf,UNLINKED_LIST_ITEM,True
,064986fa-b0f7-52ee-a136-a4608049bdf6,UNLINKED_LIST_ITEM,True
,2c668398-db93-5fb3-8dbe-bf19ccc468cc,UNLINKED_LIST_ITEM,True
,9a6fae55-453f-50b5-bc42-39af0c67d264,UNLINKED_LIST_ITEM,True
,cd7babad-12ca-5c1a-84cc-26b8c128d5f7,UNLINKED_LIST_ITEM,True
,9fb4d6c3-8682-551a-b19f-1d38cbd7d802,UNLINKED_LIST_ITEM,True
,c36e995d-ae44-5050-a1e0-f194bea2e443,UNLINKED_LIST_ITEM,True
,6d3b71e0-1db6-5113-bbf6-e5b291c326c3,UNLINKED_LIST_ITEM,True
,6d98f144-6faa-5335-995e-f2d6cc949764,UNLINKED_LIST_ITEM,True
,e1de3619-a56f-5108-ab43-23ebf156e3d4,UNLINKED_LIST_ITEM,True
,462abc11-37fe-5644-92f7-bea9e7d34a1d,UNLINKED_LIST_ITEM,True
,676776ca-331d-5988-8bfe-c20e145d12b8,UNLINKED_LIST_ITEM,True
,d6523ca9-27c3-5ecc-ae75-2980632e95b9,UNLINKED_LIST_ITEM,True
,1031dd7a-5a5d-5151-ae47-9b02696c2605,UNLINKED_LIST_ITEM,True
,5cb0e406-e5ba-5a05-be16-f303517b4c0f,UNLINKED_LIST_ITEM,True
,2d0c8870-71ee-5520-a988-2c0ddafed610,UNLINKED_LIST_ITEM,True
,cbdf3c84-2088-5f36-a8d7-d444743f64e6,UNLINKED_LIST_ITEM,True
,a14382d2-6712-55b9-a79d-b6ed04a5ff1f,UNLINKED_LIST_ITEM,True
,371e093f-ef06-5962-bc4c-afa574c13a25,UNLINKED_LIST_ITEM,True
,1a11792a-7aa2-53ef-b4c8-dad280164831,UNLINKED_LIST_ITEM,True
,35b47e47-452b-5b1c-84ad-d529996a358d,UNLINKED_LIST_ITEM,True
,ecb76819-3b57-5f27-9a26-9373c071e256,UNLINKED_LIST_ITEM,True
,8779e86f-91cc-5c79-9310-125bfbc386bb,UNLINKED_LIST_ITEM,True
,5d436d0c-a072-5393-a375-1df2e003db39,UNLINKED_LIST_ITEM,True
,eb74f238-15af-57e9-b714-b28a66eb070f,UNLINKED_LIST_ITEM,True
,bce8f491-8263-5210-8416-873ac6541fca,UNLINKED_LIST_ITEM,True
,c23b457a-a8c3-5fef-8015-b0f1bbad2452,UNLINKED_LIST_ITEM,True
,be356a16-b07c-5e15-9646-59a86ca646c5,UNLINKED_LIST_ITEM,True
,57d1b2af-04a9-5d2b-96e4-67094624d284,UNLINKED_LIST_ITEM,True
,d10935cc-9ca9-55d3-99bb-348b9a8cc6b1,UNLINKED_LIST_ITEM,True
,93827b37-bf55-587e-8e50-ae023426152b,UNLINKED_LIST_ITEM,True
,645323f8-075e-58aa-962e-e4954c97a8d3,UNLINKED_LIST_ITEM,True
,d8791acc-5fcd-5c85-b511-c4e9a625e1bd,UNLINKED_LIST_ITEM,True
,32b44e35-c766-5ca2-b9af-35e771c6c513,UNLINKED_LIST_ITEM,True
,f4669fc5-aab0-5f54-8762-93cc342d6991,UNLINKED_LIST_ITEM,True
,314c0155-992d-5445-a163-94f18ee654d3,UNLINKED_LIST_ITEM,True
,50875b86-5e00-5473-8de2-25fe69231d6e,UNLINKED_LIST_ITEM,True
,131274e2-e4c7-57cf-9f96-19ff182fcaf1,UNLINKED_LIST_ITEM,True
,50096cd8-dcaf-57a0-893b-53e404e75883,UNLINKED_LIST_ITEM,True
,53f247e2-40fb-58ca-bc80-6d489f35a9f1,UNLINKED_LIST_ITEM,True
,627dd834-a677-5e15-964e-1774b8324132,UNLINKED_LIST_ITEM,True
,cac810f3-81a5-53f6-9774-1180d7fa8070,UNLINKED_LIST_ITEM,True
,69280d94-be77-545d-9562-6406dabd2a83,UNLINKED_LIST_ITEM,True
,e42a7d22-bc08-5ade-ae55-376e2140db93,UNLINKED_LIST_ITEM,True
,6e58c6e1-e039-555b-a569-556a659784e0,UNLINKED_LIST_ITEM,True
,e5c30dd8-8a97-5042-8263-770ed52724c6,UNLINKED_LIST_ITEM,True
,6725c190-2581-58a8-90c1-b664dd81b2e4,UNLINKED_LIST_ITEM,True
,011cc4b4-f425-51d7-84bb-0c822216033a,UNLINKED_LIST_ITEM,True
,0e2cb9b1-a7a1-5588-bb01-8cdb3bde7da9,UNLINKED_LIST_ITEM,True
,83a7e67d-b6e8-5324-9d66-8c14fd8d5a25,UNLINKED_LIST_ITEM,True
,54384a49-54d5-5cbe-b739-8271de0c37fb,UNLINKED_LIST_ITEM,True
,dff540a4-441f-5566-9e4a-1a10a34f12d9,UNLINKED_LIST_ITEM,True
,a482df3a-c3ac-51c6-b9da-14339a2c796e,UNLINKED_LIST_ITEM,True
,7b4045e6-f294-56e4-9998-df1bed4e6a7c,UNLINKED_LIST_ITEM,True
,097b5726-bbfa-5e6d-988a-e146ded95a9a,UNLINKED_LIST_ITEM,True
,40fd4fe9-4912-5182-8963-98bfe71083fb,UNLINKED_LIST_ITEM,True
,0e691b2e-eddb-5f39-8b46-04bedf1bfe1e,UNLINKED_LIST_ITEM,True
,1a5b8ffb-1134-5a6a-b226-69a8158153e5,UNLINKED_LIST_ITEM,True
,f5f3e851-9c8d-5e6f-a541-775d175c28c4,UNLINKED_LIST_ITEM,True
,8f523a9d-5003-52d4-9cef-8ddfcf48eb24,UNLINKED_LIST_ITEM,True
,f7a1cc1e-cb06-5d4d-b9e0-bdfbe7c4e717,UNLINKED_LIST_ITEM,True
,42e60d6f-8c17-58c3-a42a-ef25bf03073b,UNLINKED_LIST_ITEM,True
,5d758609-a377-514f-bdf8-02c90afe81bc,UNLINKED_LIST_ITEM,True
,80dccc48-4d64-52b9-a2ec-817d02b65adf,UNLINKED_LIST_ITEM,True
,591eff18-d71f-5141-b7d5-9a41577013de,UNLINKED_LIST_ITEM,True
,634499f2-c124-50d2-96c0-18346eb1dde8,UNLINKED_LIST_ITEM,True
,51b3939d-20c4-548b-91bb-2db44b597d20,UNLINKED_LIST_ITEM,True
,f73335d2-d0c7-5faf-bf4b-ca5a5b8874d3,UNLINKED_LIST_ITEM,True
,a8b9721f-d58a-5b61-9aaf-5e51bcf48f70,UNLINKED_LIST_ITEM,True
,a8166856-b56e-584c-a192-64ebaabc4d2a,UNLINKED_LIST_ITEM,True
,46722df7-b19e-5d7a-ad05-ec060712c5f6,UNLINKED_LIST_ITEM,True
,37eb2eff-580e-58b3-8538-315643188354,UNLINKED_LIST_ITEM,True
,af5caa1a-a60a-5acc-a191-90a72adc96ee,UNLINKED_LIST_ITEM,True
,7b16090d-c707-5d02-8005-7106e78ffab1,UNLINKED_LIST_ITEM,True
,38633501-e268-578f-9cf3-f4a0c18cd210,UNLINKED_LIST_ITEM,True
,313e0090-712f-53ba-8d33-b4e6d523a621,UNLINKED_LIST_ITEM,True
,1bfa1012-a3fa-5566-8c2c-99bd543e6d48,UNLINKED_LIST_ITEM,True
,af3495b1-5f57-5cea-9df3-a220dc79e5d6,UNLINKED_LIST_ITEM,True
,355dd1f8-c814-5218-8880-d68a4d22f82c,UNLINKED_LIST_ITEM,True
,2442d24b-a952-5919-a891-430575cf8bae,UNLINKED_LIST_ITEM,True
,ab411db9-2631-5d97-b029-c205739e9477,UNLINKED_LIST_ITEM,True
,bea36025-d39a-5bac-b10b-5bcac66f674e,UNLINKED_LIST_ITEM,True
,10422cd1-b139-5b0e-b4cb-f76b80d10447,UNLINKED_LIST_ITEM,True
,4e57bae3-cee5-598e-9a31-fb2708ef8288,UNLINKED_LIST_ITEM,True
,be60f1b3-5b6d-5d54-899b-f4a4a83e4f2e,UNLINKED_LIST_ITEM,True
,1466a0a9-baf5-5734-88c4-7c58eca68ece,UNLINKED_LIST_ITEM,True
,ea407a39-86ae-58d5-aa88-32634003eb82,UNLINKED_LIST_ITEM,True
,5f43a107-7acb-5038-b95d-ec6b3fd662b1,UNLINKED_LIST_ITEM,True
,15b20c72-8a2d-50f0-9012-41f88ad49a3b,UNLINKED_LIST_ITEM,True
,867fc228-c0ba-5a7e-a8b8-9315ad6b078f,UNLINKED_LIST_ITEM,True
,ee189265-acb5-5d09-aa36-c7e96e628d21,UNLINKED_LIST_ITEM,True
,e05a8d51-595a-5efe-8046-99666e0f9abe,UNLINKED_LIST_ITEM,True
,fdb58c76-7f9a-5c4a-954c-aab08ed922f6,UNLINKED_LIST_ITEM,True
,a79caf52-c13d-5659-a293-55fed071a618,UNLINKED_LIST_ITEM,True
,8cc22205-0215-50cd-9a87-fd410760a195,UNLINKED_LIST_ITEM,True
,ab87d010-e001-5edf-a4e2-79439d8ebfa9,UNLINKED_LIST_ITEM,True
,37d59ddf-318f-5e64-bdde-e47d840c347e,UNLINKED_LIST_ITEM,True
,0c556722-b6ec-5584-93d5-06ab1066e61b,UNLINKED_LIST_ITEM,True
,1e551e11-b14b-54e6-8e14-a52ffd1db093,UNLINKED_LIST_ITEM,True
,2847df83-8b3d-55b8-97f4-d7571b612bff,UNLINKED_LIST_ITEM,True
,c3db2c9a-e744-52bf-9239-270cef89f7d0,UNLINKED_LIST_ITEM,True
,c8975723-2a4d-5cd3-b333-8313ed3e476e,UNLINKED_LIST_ITEM,True
,eda996e8-b79c-53e2-a130-a47d10f9db92,UNLINKED_LIST_ITEM,True
,4d860802-5285-5f1e-890c-20d79502f48d,UNLINKED_LIST_ITEM,True
,a7da329f-393e-5e75-99f3-9afea0f01237,UNLINKED_LIST_ITEM,True
,ca2d77c9-5b50-5811-9118-e29406be1ab9,UNLINKED_LIST_ITEM,True
,86636d23-1816-5b24-ac40-944e8e1edb4e,UNLINKED_LIST_ITEM,True
,f7c29a4f-b969-5b5f-8770-aa1666b6daec,UNLINKED_LIST_ITEM,True
,f8468ff0-6b21-5854-a162-f4d2065b9a95,UNLINKED_LIST_ITEM,True
,a1125f5e-37c3-5403-8cc8-01378e331d03,UNLINKED_LIST_ITEM,True
,071cbcb1-8048-5077-ba63-4f87cea69feb,UNLINKED_LIST_ITEM,True
,76c64aa0-6e70-5acd-8f01-e95820df43bd,UNLINKED_LIST_ITEM,True
,e581aa59-9047-5448-b1c0-1a17560fcd74,UNLINKED_LIST_ITEM,True
,8116d26f-719e-5c60-9840-a8ebe2fe5b49,UNLINKED_LIST_ITEM,True
,1f846710-3c4a-57f7-b50a-ece3064544a3,UNLINKED_LIST_ITEM,True
,7a19fc20-195d-5193-93b4-5572e1acc948,UNLINKED_LIST_ITEM,True
,d0bc362a-f874-53cf-8021-541eb88b3797,UNLINKED_LIST_ITEM,True
,33737770-952d-5790-9108-9e7eabbcf57b,UNLINKED_LIST_ITEM,True
,812b98ce-c1f1-53c3-b5f3-f20bab737b65,UNLINKED_LIST_ITEM,True
,adcd1723-1590-556b-8df7-0633fbd3c494,UNLINKED_LIST_ITEM,True
,75db00b1-dd0d-5778-820c-9cbd56abc97b,UNLINKED_LIST_ITEM,True
,6148b1f1-e4ad-5f3d-b72a-f8bd8bfcaa10,UNLINKED_LIST_ITEM,True
,073f6e74-0551-5513-97a0-21e78f9ff7c8,UNLINKED_LIST_ITEM,True
,8f866093-d728-57b5-93bc-22cedf495e02,UNLINKED_LIST_ITEM,True
,30716115-9766-5a1b-90f4-92db8f07a3e5,UNLINKED_LIST_ITEM,True
,9d039910-9ab9-59eb-a9bb-8c221b22c8d0,UNLINKED_LIST_ITEM,True
,1ddb34bb-81d8-5e18-a95f-c5af829675ad,UNLINKED_LIST_ITEM,True
,5e12d0eb-3e1a-5917-acb3-811eee778c19,UNLINKED_LIST_ITEM,True
,98623391-1ee3-5bc0-ae17-8d05ebba8ec8,UNLINKED_LIST_ITEM,True
,6359a907-3bba-55e5-a217-7a9d1803dc07,UNLINKED_LIST_ITEM,True
,d3b93e26-1563-57a2-88a0-c6c3d06069a3,UNLINKED_LIST_ITEM,True
,3ccdf38c-ae49-577b-88a1-d40dd5a0b095,UNLINKED_LIST_ITEM,True
,96c325f4-3b9e-5850-8388-e4c82abe5b24,UNLINKED_LIST_ITEM,True
,37631db2-90df-52cd-858a-6045ce5b3522,UNLINKED_LIST_ITEM,True
,432d0241-1a0d-5b04-9228-292146caa078,UNLINKED_LIST_ITEM,True
,a869d364-a0d7-553a-ba06-be436a64a58d,UNLINKED_LIST_ITEM,True
,e817803c-6c91-57e3-9048-f738d5bb5b08,UNLINKED_LIST_ITEM,True
,f3b83c96-b7b0-59d9-8065-9aae87b48152,UNLINKED_LIST_ITEM,True
,393bdbbb-8ebe-5d7f-a479-b955eb0360bd,UNLINKED_LIST_ITEM,True
,2e6c2f59-858e-54d2-9ffa-3a8141b8082d,UNLINKED_LIST_ITEM,True
,389a6460-2560-586b-9b36-b9750816c922,UNLINKED_LIST_ITEM,True
,e428cd34-d0aa-5531-a695-15821587249f,UNLINKED_LIST_ITEM,True
,e4cc1551-304d-5bbd-8ddb-cdee9d052da7,UNLINKED_LIST_ITEM,True
,616d2fe6-4f97-574f-97c4-107649a504f6,UNLINKED_LIST_ITEM,True
,12b2ae8b-00a1-5d08-9a34-ba9c8d198061,UNLINKED_LIST_ITEM,True
,5f66e276-0b01-51c4-b345-d16ccf9126aa,UNLINKED_LIST_ITEM,True
,d2b0b062-0963-58d0-b2dd-787e1d1dafcf,UNLINKED_LIST_ITEM,True
,9288678d-c605-5772-952a-165e119d43e7,UNLINKED_LIST_ITEM,True
,563937bb-e498-5e08-9059-49d8d14d7892,UNLINKED_LIST_ITEM,True
,21be5c48-d96e-5486-b640-9a3f46948bb7,UNLINKED_LIST_ITEM,True
,24346b7a-9243-5013-b242-0d794a29836c,UNLINKED_LIST_ITEM,True
,29af04a4-cc1e-5502-8ba2-2a2a71386440,UNLINKED_LIST_ITEM,True
,4465b5c1-cb49-5b85-92c8-218e94ccd882,UNLINKED_LIST_ITEM,True
,cb95d01e-3260-5771-801a-89e67469404a,UNLINKED_LIST_ITEM,True
,c68e3a8e-365a-5a9b-bf6b-7966e92583bd,UNLINKED_LIST_ITEM,True
,1adfaf69-c083-574f-bd5b-f27886a94de1,UNLINKED_LIST_ITEM,True
,23eddea1-f559-5d19-8ef3-04a792b9524b,UNLINKED_LIST_ITEM,True
,3043ef5c-c2d2-5e55-aa27-a5147b8aa935,UNLINKED_LIST_ITEM,True
,e335ee76-3c23-59b1-b576-b76b190b5c71,UNLINKED_LIST_ITEM,True
,a2953c1e-e9be-5511-b54a-ec24ddc50847,UNLINKED_LIST_ITEM,True
,e90162b8-cd70-5409-8b8c-ce90f4012e78,UNLINKED_LIST_ITEM,True
,dd6dce28-0ef8-5caf-a043-4dea91c80594,UNLINKED_LIST_ITEM,True
,408b8769-785f-5577-a7fc-fbff45bc1154,UNLINKED_LIST_ITEM,True
,f3b3748e-9cf6-5066-b24b-f4c6f7f41e99,UNLINKED_LIST_ITEM,True
,a003856f-48e1-5756-b945-ec0b79c25280,UNLINKED_LIST_ITEM,True
,e4d0a5bb-1899-5bf8-a5f4-438a3a92582c,UNLINKED_LIST_ITEM,True
,b0de2b18-9ce4-5b2f-852f-245af4c679b8,UNLINKED_LIST_ITEM,True
,8ed7211b-c94a-5716-b53d-144393338ca7,UNLINKED_LIST_ITEM,True
,35cc1d6c-965e-597e-8d13-455b9efe2caf,UNLINKED_LIST_ITEM,True
,24e55caf-4083-5f6d-ab44-d2217796755a,UNLINKED_LIST_ITEM,True
,f225c96f-6410-526a-8058-39c95b349696,UNLINKED_LIST_ITEM,True
,4e9e02c4-eb50-5ed7-8980-380a405ded33,UNLINKED_LIST_ITEM,True
,6b9595fc-9070-53d7-9d01-1004c2a4c5e3,UNLINKED_LIST_ITEM,True
,558b7608-c12f-5260-b554-95ad7acab71c,UNLINKED_LIST_ITEM,True
,13b8c5a2-e747-57da-8fb0-c2c278be1967,UNLINKED_LIST_ITEM,True
,6acee83b-c779-5ac1-8e04-791edb088b43,UNLINKED_LIST_ITEM,True
,fa7a47b1-6f85-5ca7-b934-b8b779731d02,UNLINKED_LIST_ITEM,True
,07a028a5-0055-5641-bc17-a22b85124ed6,UNLINKED_LIST_ITEM,True
,fd6a3c0b-66f2-512b-9ae6-959ade882cd1,UNLINKED_LIST_ITEM,True
,c46dba7f-64e4-5b8e-a1e4-70105a8d5f2f,UNLINKED_LIST_ITEM,True
,c6ee9434-c75b-5913-8885-fd49232c0754,UNLINKED_LIST_ITEM,True
,962ba885-a2cc-57f1-a947-936804462175,UNLINKED_LIST_ITEM,True
,a2e2cf4e-f116-5acb-9b73-bbad663d1426,UNLINKED_LIST_ITEM,True
,fb8006c8-7259-5e82-a9da-244bd07e5652,UNLINKED_LIST_ITEM,True
,f7e314a9-8585-5799-b533-bc845452746b,UNLINKED_LIST_ITEM,True
,f5822677-c816-5c60-b647-959855225444,UNLINKED_LIST_ITEM,True
,17ac2c81-01c6-5b47-9808-bbf23303e863,UNLINKED_LIST_ITEM,True
,78dbb00f-82ba-5dd5-802c-0c43fcfd0b1a,UNLINKED_LIST_ITEM,True
,aca22e31-abe0-5a3a-b009-873117497133,UNLINKED_LIST_ITEM,True
,bf0ee87f-5faa-5909-9bde-71e9362e1de5,UNLINKED_LIST_ITEM,True
,8a4c812c-e9f0-5340-b640-91699377dbfb,UNLINKED_LIST_ITEM,True
,c5df80ca-6580-5d66-81f2-f97bedd804e6,UNLINKED_LIST_ITEM,True
,e43d9cf0-1cff-5da3-b453-32cda73104ab,UNLINKED_LIST_ITEM,True
,99b972ce-37c6-5142-ac5b-c09eb95d0e2b,UNLINKED_LIST_ITEM,True
,34fde2ce-3a7c-509a-a997-5a6f61bc0926,UNLINKED_LIST_ITEM,True
,9ccc5f8c-b718-56c3-81eb-c8ad45e2fb76,UNLINKED_LIST_ITEM,True
,1100b104-135b-5446-bbaa-50e305bdd031,UNLINKED_LIST_ITEM,True
,577d1325-9de2-54da-b838-4daa7165fde5,UNLINKED_LIST_ITEM,True
,26e7ab8a-35f0-5cf5-96c4-dd927ca4a2fb,UNLINKED_LIST_ITEM,True
,a7bf640c-d2c3-5d13-ba61-1c98b1d19612,UNLINKED_LIST_ITEM,True
,e58a04f0-92af-5238-8bac-ce03c6185061,UNLINKED_LIST_ITEM,True
,fa4a2dbe-5f2d-5cee-a3e5-11ff6b4020e9,UNLINKED_LIST_ITEM,True
,d276b4db-0996-5a23-a4b5-f88c819428a7,UNLINKED_LIST_ITEM,True
,0078270c-6434-5813-b9b5-2d639bb09917,UNLINKED_LIST_ITEM,True
,ea5ebddb-0985-5382-b1d0-26fd3268e1b0,UNLINKED_LIST_ITEM,True
,53413f35-778e-59b0-9bda-934574d4cde9,UNLINKED_LIST_ITEM,True
,641b677b-2475-5958-99e2-628de114c3f4,UNLINKED_LIST_ITEM,True
,93be3d4b-dda1-51d4-9643-94599d4499b5,UNLINKED_LIST_ITEM,True
,4c0b9497-b327-55d6-897c-52a85c7f0cc6,UNLINKED_LIST_ITEM,True
,317becad-ea97-5263-92da-45613bc63c6d,UNLINKED_LIST_ITEM,True
,c421d608-148e-5336-9f8e-12ae4812daa7,UNLINKED_LIST_ITEM,True
,e0867083-a6aa-562c-8241-351def5033f3,UNLINKED_LIST_ITEM,True
,deb839a7-6b34-5786-8c26-9bf305dbbeb2,UNLINKED_LIST_ITEM,True
,f953afaa-8d25-5962-a8f1-f24caf7554b8,UNLINKED_LIST_ITEM,True
,0c37675e-0850-5d46-8ad1-4b2ab65aa12e,UNLINKED_LIST_ITEM,True
,79be2ce7-5913-59bb-85f5-03302ab65a8f,UNLINKED_LIST_ITEM,True
,1d68a6a1-6065-513a-878a-5389f1df3ea5,UNLINKED_LIST_ITEM,True
,0be88ce4-3006-5472-a89e-8f4fc1146676,UNLINKED_LIST_ITEM,True
,c3ccdf54-4ae6-5778-91bc-dcd3c32ac12c,UNLINKED_LIST_ITEM,True
,7a2f42e1-8e02-5fbb-93df-02b7a0c73c7a,UNLINKED_LIST_ITEM,True
,c3347aba-95fd-5510-bebd-9d0db6726aaf,UNLINKED_LIST_ITEM,True
,b9e53494-40d2-5576-9e3c-2bb758a49bb6,UNLINKED_LIST_ITEM,True
,e3828e2e-6d79-5186-8401-18f1c34794ad,UNLINKED_LIST_ITEM,True
,bdc5144a-fdf1-59ab-b198-8892089be164,UNLINKED_LIST_ITEM,True
,a6fb5105-37b7-5097-b0b8-a8e15027fdb8,UNLINKED_LIST_ITEM,True
,92b455bd-44bf-536d-b6c0-3494fe45cfa2,UNLINKED_LIST_ITEM,True
,58a28ca5-20f1-5eb4-83c7-f207b912d954,UNLINKED_LIST_ITEM,True
,858a9d00-c212-5f6e-8a34-c0007f8ab4d9,UNLINKED_LIST_ITEM,True
,39974cbf-124d-5ecb-8831-6d5ed64009d6,UNLINKED_LIST_ITEM,True
,167259fc-5c1e-577a-8716-e8f5ad9ff059,UNLINKED_LIST_ITEM,True
,3f89aa85-e8df-5ccf-ab1e-107ab7246a6f,UNLINKED_LIST_ITEM,True
,5dc8e295-2dae-5091-8a47-3d52d5ee280b,UNLINKED_LIST_ITEM,True
,5b134571-a50b-5b85-91bd-4e65308d5c0f,UNLINKED_LIST_ITEM,True
,62d1601b-5391-5a49-b425-5e335454d957,UNLINKED_LIST_ITEM,True
,c37c7b9c-22f7-5100-946c-1721c2ff7e7c,UNLINKED_LIST_ITEM,True
,620914c1-0b21-58dd-9d0d-dbf571c32fbc,UNLINKED_LIST_ITEM,True
,d8c21edb-ff82-56b4-8cf7-9e5fe770fba7,UNLINKED_LIST_ITEM,True
,5ea808c0-d481-5f8a-9927-d49d04e2a878,UNLINKED_LIST_ITEM,True
,06a5986e-ca6b-56a1-b979-7a071478f10a,UNLINKED_LIST_ITEM,True
,a01c732d-8e0e-574a-96e9-f04284c38851,UNLINKED_LIST_ITEM,True
,58fc0bcd-7791-5f83-aaaf-a8421b2769dd,UNLINKED_LIST_ITEM,True
,69ccfc78-c498-5b50-b08b-5592aecba466,UNLINKED_LIST_ITEM,True
,4efba36f-afa4-5b34-8c4e-89e5de4297fc,UNLINKED_LIST_ITEM,True
,b87ece27-20a4-5e95-8bc5-fa7400c1cc20,UNLINKED_LIST_ITEM,True
,5ddcdf9e-09f6-5c56-86eb-a6dce1c6173c,UNLINKED_LIST_ITEM,True
,e0040511-9b30-55d5-8a24-5b9537c14ce4,UNLINKED_LIST_ITEM,True
,a2d7491f-28a0-5b79-bf2f-5c0a3b997f12,UNLINKED_LIST_ITEM,True
,7e9a2dab-d7da-5cad-9e6c-f79c7036cd64,UNLINKED_LIST_ITEM,True
,af09390a-4979-5a9b-b90b-f62d6bd6b26f,UNLINKED_LIST_ITEM,True
,6e03d450-8eed-577f-bf76-ff5d7271992e,UNLINKED_LIST_ITEM,True
,53b6e615-75d8-59fe-a61b-5c753f0a56f3,UNLINKED_LIST_ITEM,True
,d335f386-ff87-5b30-96ed-f86cb40cf8f3,UNLINKED_LIST_ITEM,True
,4861729c-7f19-5bb4-bdd8-6fed3e089b24,UNLINKED_LIST_ITEM,True
,dc1734f3-541b-50d5-b05d-ed70376c8b7a,UNLINKED_LIST_ITEM,True
,f079121a-f121-5853-bbb0-7ed8bc53fd35,UNLINKED_LIST_ITEM,True
,5c80d580-cad9-5493-bcf7-5f4fdcb5c854,UNLINKED_LIST_ITEM,True
,b3e78541-58ba-5514-8ace-40297e93bab8,UNLINKED_LIST_ITEM,True
,eb6aa0ec-4c73-5ca6-88fd-5926295f386a,UNLINKED_LIST_ITEM,True
,d8c96eb1-7048-53ad-a6b3-fddbe5b73fa1,UNLINKED_LIST_ITEM,True
,31520519-8ee5-53b5-ba10-e599fc64c7c0,UNLINKED_LIST_ITEM,True
,ef68f16e-fa93-53db-93f4-114983379dd6,UNLINKED_LIST_ITEM,True
,996606e0-1920-5567-8215-c8b562df58b8,UNLINKED_LIST_ITEM,True
,b541f8b3-4093-5e73-981a-c69268d7041a,UNLINKED_LIST_ITEM,True
,7c3dbd0c-9ff1-5622-98c1-de47e68c1cd1,UNLINKED_LIST_ITEM,True
,929c9c66-8d56-5675-be59-d95cf1729e06,UNLINKED_LIST_ITEM,True
,761a7762-1050-5c3c-8e81-d5f03f2b740e,UNLINKED_LIST_ITEM,True
,ed121ca7-5443-50a9-8d8a-4d28d04f2303,UNLINKED_LIST_ITEM,True
,52ad20c5-61cc-544f-9b7a-a08375af618e,UNLINKED_LIST_ITEM,True
,cd0e0f1d-63b2-5597-8900-cc5210f2e3bf,UNLINKED_LIST_ITEM,True
,508cdafc-4fc2-5fff-9bed-1ccc40579393,UNLINKED_LIST_ITEM,True
,72629233-424f-59d3-ba56-c875887f6d81,UNLINKED_LIST_ITEM,True
,a48553af-36ae-5b29-b748-4172d4f85a46,UNLINKED_LIST_ITEM,True
,f8c2eea8-f68d-5862-9cdd-f18ce2ea04a8,UNLINKED_LIST_ITEM,True
,cae1fb22-b595-5b89-9fc6-491b95ba3844,UNLINKED_LIST_ITEM,True
,7ecc498c-14b0-5fb7-b56a-78410f29c053,UNLINKED_LIST_ITEM,True
,e48b80f0-a1b4-5cd9-b228-a4c86d640f44,UNLINKED_LIST_ITEM,True
,c752e1ef-5dfd-57bd-822a-356ae9a4d539,UNLINKED_LIST_ITEM,True
,d5c695c1-034b-53db-8cd0-26e7f76bb2dc,UNLINKED_LIST_ITEM,True
,b0948dff-8a68-5485-a60e-70ee5e27b98e,UNLINKED_LIST_ITEM,True
,42a76477-1094-53c8-b214-1eb44dccb5b0,UNLINKED_LIST_ITEM,True
,16f800a7-0367-5b94-b637-fb4e67f8ea28,UNLINKED_LIST_ITEM,True
,8d1b0dae-d074-561a-8664-786ab5abad4d,UNLINKED_LIST_ITEM,True
,4dd16c1c-fa64-5c7e-8a58-9b4b7ce42ad9,UNLINKED_LIST_ITEM,True
,bd2d42d7-aa18-5a61-84b8-5edfa25c0801,UNLINKED_LIST_ITEM,True
,251ec1d5-5e1d-591e-b5ba-ce3f9c1c4d5b,UNLINKED_LIST_ITEM,True
,c2f1e6d2-ee19-51cf-8edd-ab87d94b607e,UNLINKED_LIST_ITEM,True
,86f0172f-c903-5e39-bfec-ebde21172675,UNLINKED_LIST_ITEM,True
,4c0e8aa3-3f28-51b2-81db-472f21f4f22c,UNLINKED_LIST_ITEM,True
,01c1ad08-7205-52c2-8034-2881c7a41a88,UNLINKED_LIST_ITEM,True
,eb726f1a-909a-5c10-9701-9b9b5585774b,UNLINKED_LIST_ITEM,True
,4278fa49-3ab6-5ed4-a1cc-177a1ef1c164,UNLINKED_LIST_ITEM,True
,144aa73d-df65-52a8-bb8f-edfd16d7f72a,UNLINKED_LIST_ITEM,True
,bf3ed683-dc3b-56e2-b7b6-d8b547a919fe,UNLINKED_LIST_ITEM,True
,bd7427e4-8f8a-5741-9798-a260328c925f,UNLINKED_LIST_ITEM,True
,866e7226-43fd-5e38-a38b-ba34bf73c8fc,UNLINKED_LIST_ITEM,True
,81e24ec4-151f-5e9d-8318-6945b6dd28fa,UNLINKED_LIST_ITEM,True
,629a7db2-4aa3-57e8-a606-4b5121209e12,UNLINKED_LIST_ITEM,True
,0bcfe671-728c-5e15-975b-9f6bf94aa481,UNLINKED_LIST_ITEM,True
,656afd8a-23d6-5da9-b54f-e43d86d0a217,UNLINKED_LIST_ITEM,True
,54d7bce5-cfc8-5ea4-a133-c131bcca3e3d,UNLINKED_LIST_ITEM,True
,f2bf19ca-e852-539c-9c8d-141363239e5b,UNLINKED_LIST_ITEM,True
,b99068f2-218a-5562-8b9a-600e84ee9b3f,UNLINKED_LIST_ITEM,True
,6fd092fc-59a9-5f8f-b41e-e4a047b8e824,UNLINKED_LIST_ITEM,True
,4a1976de-f0d6-5a4b-8522-5e930a08832f,UNLINKED_LIST_ITEM,True
,4e9c4236-4e57-5767-a62a-be95d892052b,UNLINKED_LIST_ITEM,True
,2b888ec4-9d44-578e-983c-a64dcfca67e5,UNLINKED_LIST_ITEM,True
,b897ec0a-05c5-52ff-b3db-7882f334f284,UNLINKED_LIST_ITEM,True
,c2c8648f-5a65-5462-9b9c-55cda7f1c6f2,UNLINKED_LIST_ITEM,True
,786331f0-40f9-5622-a770-86d952bb2bd0,UNLINKED_LIST_ITEM,True
,4815e5bf-0126-56d3-a8fb-ccba6be399d1,UNLINKED_LIST_ITEM,True
,baee235a-2c5f-502d-82f7-36e5f523118a,UNLINKED_LIST_ITEM,True
,a349e294-7184-501f-a79e-54e1a6eb84fe,UNLINKED_LIST_ITEM,True
,e1bbb2b2-5d78-5201-9307-557b956c7158,UNLINKED_LIST_ITEM,True
,5e46a371-3f89-5009-851a-5de16c381cfe,UNLINKED_LIST_ITEM,True
,0c7e70a4-9d8e-5236-a833-6478f054d80e,UNLINKED_LIST_ITEM,True
,961bf375-2de2-55b1-857a-d595d9db0508,UNLINKED_LIST_ITEM,True
,56a9decc-e86e-56f7-b106-7bc97f755b56,UNLINKED_LIST_ITEM,True
,3d7ed631-6f6c-5de1-814b-7cc2dcf93615,UNLINKED_LIST_ITEM,True
,9f8bc6c7-1e9e-5b9c-8e7d-d30f6855698d,UNLINKED_LIST_ITEM,True
,6c760b6f-6e0b-5f85-a2d6-7484ab64585e,UNLINKED_LIST_ITEM,True
,ec985f41-47f4-5fa2-ad57-55c7a0ef9fff,UNLINKED_LIST_ITEM,True
,5884b912-c2b6-5bbb-992e-af5e581af886,UNLINKED_LIST_ITEM,True
,eaf12748-f52e-5d15-ad43-c6d43b064894,UNLINKED_LIST_ITEM,True
,2df26d81-89b0-5937-a426-95f6dece29b6,UNLINKED_LIST_ITEM,True
,83f14de2-4b9f-5418-b302-edfbedbdcd6f,UNLINKED_LIST_ITEM,True
,4379501b-d638-5200-935a-65b2266e3f31,UNLINKED_LIST_ITEM,True
,99d1b021-b235-55b8-a311-6c102d43187b,UNLINKED_LIST_ITEM,True
,39e2e8d0-6f81-52e5-af85-7ff79a1af666,UNLINKED_LIST_ITEM,True
,b5c1ce5e-028f-5c77-9719-e6e67e9f448f,UNLINKED_LIST_ITEM,True
,b2614155-bb4a-5b76-9e64-616e4966658f,UNLINKED_LIST_ITEM,True
,cbce4129-3eea-5077-817a-645a11f34429,UNLINKED_LIST_ITEM,True
,75291d9d-5326-5c2d-ad5f-ff9a7349392d,UNLINKED_LIST_ITEM,True
,4e4beb8f-5687-5224-8429-7eadb46c584d,UNLINKED_LIST_ITEM,True
,fd5e9789-642d-5c6b-a2ac-4378aefd8523,UNLINKED_LIST_ITEM,True
,d55a717d-78cc-591c-ab8e-b523381c189e,UNLINKED_LIST_ITEM,True
,c4924724-f4f0-5aab-8b81-6fdc6852e465,UNLINKED_LIST_ITEM,True
,19f7b5c1-1baf-5dd0-a040-3409b31c3bb5,UNLINKED_LIST_ITEM,True
,dd7e3717-2ae6-582b-801d-c836d83367ba,UNLINKED_LIST_ITEM,True
,4197b594-dd18-552b-8358-58416e09d4b7,UNLINKED_LIST_ITEM,True
,94f0329a-2817-506c-ac9c-88af5b5c50a3,UNLINKED_LIST_ITEM,True
,2accfba0-111b-5c32-8cb4-141c14db60d5,UNLINKED_LIST_ITEM,True
,7c00ba98-3259-5748-9e1b-113fe63dca64,UNLINKED_LIST_ITEM,True
,27c5b163-dcd3-53ae-9eff-4203de030166,UNLINKED_LIST_ITEM,True
,3b70c720-12a6-5445-86c0-308bdef5a017,UNLINKED_LIST_ITEM,True
,bb3e68a4-c7fd-5c40-ab9f-40844d10d480,UNLINKED_LIST_ITEM,True
,a0d09c9c-425c-5f94-b430-f51478563dec,UNLINKED_LIST_ITEM,True
,7c9a536b-fd4d-5004-b16b-7d32a3d93e9b,UNLINKED_LIST_ITEM,True
,d6b787b7-245e-5750-886f-fbe8840cec3c,UNLINKED_LIST_ITEM,True
,1ac50fef-bf49-5148-b2c2-c2b869498fe0,UNLINKED_LIST_ITEM,True
,8414641c-012c-58d6-a022-cdfb899262d2,UNLINKED_LIST_ITEM,True
,6cc07b12-872d-5a88-b6ed-aa53571364d0,UNLINKED_LIST_ITEM,True
,e5ad121f-dd96-5539-a01a-cf0ce431b648,UNLINKED_LIST_ITEM,True
,53ceefee-46dd-550c-9dd8-65c8233fc95e,UNLINKED_LIST_ITEM,True
,bdd5e062-9d5c-506c-b03e-7bc22f5be84e,UNLINKED_LIST_ITEM,True
,8bf859f1-ebfe-54fb-8b3b-98cdf3528572,UNLINKED_LIST_ITEM,True
,184696cd-6b64-5a67-a247-d0246489ea51,UNLINKED_LIST_ITEM,True
,13b23868-9381-51c6-ac06-bed408b169c4,UNLINKED_LIST_ITEM,True
,37d0fe71-9b1b-5719-8fd8-b3021181b207,UNLINKED_LIST_ITEM,True
,88085b1c-42c7-524c-a080-f6b01dd9461d,UNLINKED_LIST_ITEM,True
,f72ad872-434b-59da-8c57-46e24230cec8,UNLINKED_LIST_ITEM,True
,64efcffa-9a2a-5273-9774-9b6ad7b561d0,UNLINKED_LIST_ITEM,True
,ff84c606-e81b-5332-b389-b7e68e902efd,UNLINKED_LIST_ITEM,True
,175caf5c-1625-52bb-9a5e-2555087cfed4,UNLINKED_LIST_ITEM,True
,8a27d258-2da7-5baa-a7b3-3b5bfdfc94f4,UNLINKED_LIST_ITEM,True
,0a0df9d1-0d81-5c89-ab73-2167c8e6b016,UNLINKED_LIST_ITEM,True
,f753f63f-0f80-5cdf-bf44-d42ea1371b76,UNLINKED_LIST_ITEM,True
,9d57679e-da2a-5ea2-b110-e0d54e37cfd1,UNLINKED_LIST_ITEM,True
,5faaaf07-7b23-55ed-8b87-684a8c9e8f8e,UNLINKED_LIST_ITEM,True
,5dfe910c-c5b0-5e59-bb6b-ce907ac799a9,UNLINKED_LIST_ITEM,True
,0be0861b-051c-5940-bb68-44c994d24a79,UNLINKED_LIST_ITEM,True
,d13912d8-4a53-54ce-9932-c36b3a2be66d,UNLINKED_LIST_ITEM,True
,2bfbc977-b268-5361-8c19-f185f87d2fcd,UNLINKED_LIST_ITEM,True
,b8b46a87-689e-5d80-8206-0658186bb2e4,UNLINKED_LIST_ITEM,True
,143a9bfd-9d19-5f59-bcb1-0ba0415b6864,UNLINKED_LIST_ITEM,True
,3c095d54-943d-5634-94d5-6c0d0599bdb1,UNLINKED_LIST_ITEM,True
,eb7b5cb9-2c15-50ff-87ff-792ec4c05d1e,UNLINKED_LIST_ITEM,True
,df443539-9440-5c84-9b2e-d704c665f14f,UNLINKED_LIST_ITEM,True
,1b76f01f-65b1-5d30-8a8f-b2c21919e34f,UNLINKED_LIST_ITEM,True
,f5bc0284-607a-5712-9f19-bfaef9806880,UNLINKED_LIST_ITEM,True
,1c30059e-3394-5008-aff5-5f6506368d97,UNLINKED_LIST_ITEM,True
,dbf15c81-0941-56ff-ae4e-66728932c286,UNLINKED_LIST_ITEM,True
,2efef3e7-1de8-5bf8-a0d5-09d76b79974e,UNLINKED_LIST_ITEM,True
,32335bec-c071-5e90-9fe6-44711d5554ed,UNLINKED_LIST_ITEM,True
,ca624bb8-3658-5d96-8b68-34b3dc308439,UNLINKED_LIST_ITEM,True
,f3bf3b0c-bf7c-5dd0-8c47-a6a7c58e5f7b,UNLINKED_LIST_ITEM,True
,9942fcd1-e3c7-5864-a3de-f6c9185db7b6,UNLINKED_LIST_ITEM,True
,2359c588-fa20-519b-8f0c-92f1e0f2eb35,UNLINKED_LIST_ITEM,True
,81506578-3e1b-59de-9237-244cea001fdb,UNLINKED_LIST_ITEM,True
,623ae03d-d146-55d7-b857-299211602202,UNLINKED_LIST_ITEM,True
,b0f5212d-c3c9-5401-92e5-ee27f8747e3e,UNLINKED_LIST_ITEM,True
,0d3daba3-57c0-562d-9cc1-3e600074a0d8,UNLINKED_LIST_ITEM,True
,8490375c-5e11-5a46-8adf-83904b374905,UNLINKED_LIST_ITEM,True
,61135a81-5374-50ab-bfe5-018150bd8a44,UNLINKED_LIST_ITEM,True
,73c1daad-63fa-5824-83ec-1ce74a8940fd,UNLINKED_LIST_ITEM,True
,40b0b941-9d23-52cf-86bc-2bc746b5ae5b,UNLINKED_LIST_ITEM,True
,b66f1af3-c7ab-5518-93dc-89b6f2133b20,UNLINKED_LIST_ITEM,True
,7ecdc33b-c827-5784-9b3a-9107dd939ac6,UNLINKED_LIST_ITEM,True
,36513d27-5a3b-50ad-8dbd-2a41459ce464,UNLINKED_LIST_ITEM,True
,253bc308-eaf6-5938-9870-ec6e1ea580aa,UNLINKED_LIST_ITEM,True
,87642916-bca7-51c5-a270-c2acb4f29de5,UNLINKED_LIST_ITEM,True
,4969a748-554f-51f1-a84a-ae0e24803f58,UNLINKED_LIST_ITEM,True
,16d30845-62e9-5726-98c7-8d1caef6ac05,UNLINKED_LIST_ITEM,True
,55721ea6-f787-5d3b-993c-83076f6ddf8a,UNLINKED_LIST_ITEM,True
,d4a38641-d86d-5648-be5a-160cee60f2f3,UNLINKED_LIST_ITEM,True
,24334cf6-51df-5da5-8f98-f6e4b4de734a,UNLINKED_LIST_ITEM,True
,a36b258b-1e0c-509f-91b5-935e7ccafde7,UNLINKED_LIST_ITEM,True
,943fcb17-2cab-5d79-9027-f16914bbcce6,UNLINKED_LIST_ITEM,True
,65df8b0d-66dd-564c-8cc2-8d7cbbb460d2,UNLINKED_LIST_ITEM,True
,7cd7a7c8-8387-5ff6-9728-4f7bf2c6af10,UNLINKED_LIST_ITEM,True
,b9acb594-eeb8-51c8-800d-a5fd0d018979,UNLINKED_LIST_ITEM,True
,e090221a-aec2-527f-9605-93b183da6bcf,UNLINKED_LIST_ITEM,True
,1394dea7-0d8f-5fe4-bbfa-6cc38299cbf0,UNLINKED_LIST_ITEM,True
,50402a80-aff5-5375-a904-44e9b3e0612c,UNLINKED_LIST_ITEM,True
,24294e9d-ad09-59c9-a9ca-9eaae5070849,UNLINKED_LIST_ITEM,True
,d6e171bc-0030-50a4-91f3-a559ef74431a,UNLINKED_LIST_ITEM,True
,31b56781-3d1e-5f85-b1d8-9e00e19dcc51,UNLINKED_LIST_ITEM,True
,bb4aeb7a-d559-5972-ba69-1c2b8134ca11,UNLINKED_LIST_ITEM,True
,d9eb5f37-8e1a-5648-ab38-2fe7837bb46d,UNLINKED_LIST_ITEM,True
,09f8d975-382d-5164-b4b9-8b01d6c647ca,UNLINKED_LIST_ITEM,True
,7eff99ba-694c-5187-8e2e-c0d5ceee9d1e,UNLINKED_LIST_ITEM,True
,dbadad66-c847-5209-b7ac-0a8fce04cbb7,UNLINKED_LIST_ITEM,True
,27e8106b-c65a-5940-bb32-c24be7acce5f,UNLINKED_LIST_ITEM,True
,064cd55f-845e-5fa5-a3f0-a74e73e026a8,UNLINKED_LIST_ITEM,True
,19fd2f76-0167-5289-909f-dd9e843b6f96,UNLINKED_LIST_ITEM,True
,f8333570-94c4-5e7c-9204-83869f43be80,UNLINKED_LIST_ITEM,True
,c191623f-62b6-53b3-8593-b20118dc93a9,UNLINKED_LIST_ITEM,True
,4080fb23-eac0-52f3-b104-d70b676254ad,UNLINKED_LIST_ITEM,True
,239522bd-63f9-592f-85a8-a4e5d8273191,UNLINKED_LIST_ITEM,True
,34c6a61d-010d-5a53-b1ea-a8f708984363,UNLINKED_LIST_ITEM,True
,b3bbdb2f-bb59-52ad-ab2d-2e77d281725c,UNLINKED_LIST_ITEM,True
,ddc71d2d-115a-551d-adeb-7e0bb94438b2,UNLINKED_LIST_ITEM,True
,8e7ca457-7697-5130-8c46-dc4deede524e,UNLINKED_LIST_ITEM,True
,596d26bb-1387-5d0f-a7f2-ee7103712c18,UNLINKED_LIST_ITEM,True
,09fbe4a4-fb57-51c4-9f4c-19fc01ccd4ed,UNLINKED_LIST_ITEM,True
,18a13eef-f801-5d67-8c42-36eb48ff585c,UNLINKED_LIST_ITEM,True
,067d7679-fd9f-5011-9416-5f1b3a27b0f4,UNLINKED_LIST_ITEM,True
,d691c2a3-12b0-5c25-b8da-eb74c9d09e74,UNLINKED_LIST_ITEM,True
,b7186afb-4c6c-5bfc-9c6f-7942b38dc1a7,UNLINKED_LIST_ITEM,True
,929cf5c8-840f-58c9-817f-a52ee5f8b791,UNLINKED_LIST_ITEM,True
,b513db16-f940-59a8-8532-e6337bfaf77e,UNLINKED_LIST_ITEM,True
,ee0f372c-e95e-58b7-964b-c93f4ed3732f,UNLINKED_LIST_ITEM,True
,f71dffb7-ce8d-5328-acb6-ad175ea0c174,UNLINKED_LIST_ITEM,True
,2582a34c-d3b8-5171-b0d0-fa7b3bda4791,UNLINKED_LIST_ITEM,True
,a55f5692-d24f-5203-82b9-cf062ea951c8,UNLINKED_LIST_ITEM,True
,ffa4f590-a7d0-59a2-894a-32126406f7c3,UNLINKED_LIST_ITEM,True
,29b867e1-5fa0-537e-af9c-cea0eef4682e,UNLINKED_LIST_ITEM,True
,774478b0-6d65-552d-92bb-d8c653f469c1,UNLINKED_LIST_ITEM,True
,61f2b3ed-ac5d-5107-8f08-1913778de09e,UNLINKED_LIST_ITEM,True
,8e2f52ec-33fb-5692-9687-032e1feb9a45,UNLINKED_LIST_ITEM,True
,ff1ff708-1585-5a19-9205-f2309c0bb4f7,UNLINKED_LIST_ITEM,True
,ecf0ca16-c4fa-5964-8028-aa92ef9df63f,UNLINKED_LIST_ITEM,True
,73f9ff5f-967a-5b1d-a3d6-f47e5db5d979,UNLINKED_LIST_ITEM,True
,a9bf49b1-2e22-5c8f-a9f1-286aae8e0676,UNLINKED_LIST_ITEM,True
,114d5314-793b-522c-a4e0-aa6f04199e45,UNLINKED_LIST_ITEM,True
,d622e243-7cfd-559c-b3a2-2af411a528d0,UNLINKED_LIST_ITEM,True
,92e02c3d-4fb5-5b8a-8bdc-5194763810da,UNLINKED_LIST_ITEM,True
,d2dbcfff-800a-5142-b31a-a8a905a40c74,UNLINKED_LIST_ITEM,True
,401b142e-7b4c-58e9-831f-42ee38abeeec,UNLINKED_LIST_ITEM,True
,b3f5db64-5d54-5d7f-a077-1f500dc59bde,UNLINKED_LIST_ITEM,True
,045c62ea-b91f-5984-bc32-7e031eecc9b5,UNLINKED_LIST_ITEM,True
,8c69665a-121c-56d7-90af-434e38e1af90,UNLINKED_LIST_ITEM,True
,7b7f71d3-35fa-5c6f-b7c1-cd9f6ad5c11f,UNLINKED_LIST_ITEM,True
,fe6839d1-50d9-537e-82f0-4be5e2473575,UNLINKED_LIST_ITEM,True
,5013fbbf-70e0-59e8-bc0b-9d1bdd3c93f2,UNLINKED_LIST_ITEM,True
,d1d98f6f-acc7-50b2-a722-4d1a126e98ca,UNLINKED_LIST_ITEM,True
,8563ea2c-b7c0-51d1-b260-0c06a437a6b9,UNLINKED_LIST_ITEM,True
,3a94f74f-6bf4-53b1-9284-47888f3511f5,UNLINKED_LIST_ITEM,True
,ec3ea13d-8be5-5c8c-9894-107c0e4fd9f6,UNLINKED_LIST_ITEM,True
,c2f6508d-1b46-52d3-9b1b-738b4d97a25b,UNLINKED_LIST_ITEM,True
,7230b246-73d4-5301-a4bf-0457cedad66f,UNLINKED_LIST_ITEM,True
,0c9f556f-0109-5b91-8e7e-09a4e3fc2324,UNLINKED_LIST_ITEM,True
,0e696a74-2cd3-5e0f-840a-0525506b04cd,UNLINKED_LIST_ITEM,True
,14f7e8fa-0943-5be9-bd75-89c849cde0d0,UNLINKED_LIST_ITEM,True
,5a76cfcc-3bcb-582a-92ec-090286e212d7,UNLINKED_LIST_ITEM,True
,ed3dbd76-d262-521c-bdbd-d4de230f7242,UNLINKED_LIST_ITEM,True
,f19b29d0-3bce-53f1-bb4b-d733b3e9d067,UNLINKED_LIST_ITEM,True
,ca8a0942-8fff-5c16-b170-f4e04e30bc98,UNLINKED_LIST_ITEM,True
,0fc5c74b-30e4-5e44-a0ef-101bdef6ee07,UNLINKED_LIST_ITEM,True
,4be41174-dcec-5290-8da3-4b768955fe38,UNLINKED_LIST_ITEM,True
,6588c486-2e18-59d3-9ce9-5a4f12555baa,UNLINKED_LIST_ITEM,True
,7491358d-906d-5014-991f-5c336ee4e5ec,UNLINKED_LIST_ITEM,True
,ff52f091-3fb9-55db-8740-c0d400c5fcbc,UNLINKED_LIST_ITEM,True
,b15a6e10-9edd-56b1-adbd-211817045340,UNLINKED_LIST_ITEM,True
,e4609154-4760-59ea-9467-12e91d72ed59,UNLINKED_LIST_ITEM,True
,11a6374d-40fa-5ebd-8911-7bb5fca85304,UNLINKED_LIST_ITEM,True
,508e1e84-e917-5237-997c-df9ff31fd2d9,UNLINKED_LIST_ITEM,True
,515fa532-56bf-5aeb-b7bc-83848d517080,UNLINKED_LIST_ITEM,True
,4a4512ea-e91a-5ee8-955a-9e2eacfa0c23,UNLINKED_LIST_ITEM,True
,07efc942-c77f-5b2a-9ecd-1f6332d5d9f4,UNLINKED_LIST_ITEM,True
,33433eac-8bf8-5aa9-9ad1-a2e6d7cc0294,UNLINKED_LIST_ITEM,True
,0d5774bb-2950-50eb-a343-868d44310cfb,UNLINKED_LIST_ITEM,True
,2b027a15-80a0-57fb-a11a-2a2d7b7dc4ce,UNLINKED_LIST_ITEM,True
,66e94dc6-745d-56dd-a973-557cbc76948f,UNLINKED_LIST_ITEM,True
,ad7ac126-f870-599b-860d-be36fdaa2a8f,UNLINKED_LIST_ITEM,True
,bcbd01a9-0cb1-5a28-b3a9-0872ab9da265,UNLINKED_LIST_ITEM,True
,b9d125b6-c3f9-5cb1-8513-85a77de4ae8b,UNLINKED_LIST_ITEM,True
,af1c096a-d5b5-5db5-adbf-8e3dc06dd3e2,UNLINKED_LIST_ITEM,True
,46c549ab-5275-57f7-afb9-0ebf11b66537,UNLINKED_LIST_ITEM,True
,3ee36d56-c347-52d3-b5b8-402d6c0d5b50,UNLINKED_LIST_ITEM,True
,666194bb-367f-51b0-a06b-64c447e3c9ec,UNLINKED_LIST_ITEM,True
,576e59cf-5c9d-5c4c-bb6c-65ac80ced417,UNLINKED_LIST_ITEM,True
,5dcbf5cc-4d6e-5618-ac20-895399a8084c,UNLINKED_LIST_ITEM,True
,642e550d-cd24-5378-b3ce-6e3540c9c89c,UNLINKED_LIST_ITEM,True
,6c19b00d-625e-54ab-ad25-49d2acc9ca8d,UNLINKED_LIST_ITEM,True
,1161a220-b5b0-5ae2-9720-d59dbda96877,UNLINKED_LIST_ITEM,True
,8714b437-473e-5441-9156-292d670bcad3,UNLINKED_LIST_ITEM,True
,c83f34f0-6a28-519a-99d2-decb612d7ec0,UNLINKED_LIST_ITEM,True
,4c4dcc73-c24f-5c3d-8580-09074fa7db08,UNLINKED_LIST_ITEM,True
,8206d055-b57f-5b15-8095-3b77a466ff63,UNLINKED_LIST_ITEM,True
,a4982682-b51e-52b2-a68f-9d0909fb9eee,UNLINKED_LIST_ITEM,True
,a847c6b0-3cc5-5201-bbe6-572da240aab0,UNLINKED_LIST_ITEM,True
,f97fc09b-9200-5bbd-b891-1d60e6d16855,UNLINKED_LIST_ITEM,True
,a8e4ca27-d7ad-573d-8d7a-36d57382fabd,UNLINKED_LIST_ITEM,True
,04eed9d4-658f-5419-89f9-fcec6e8f167b,UNLINKED_LIST_ITEM,True
,cb32550a-d4ed-5e57-9654-37af976a4364,UNLINKED_LIST_ITEM,True
,bbfbcfa9-4caa-563d-b122-e72d38823719,UNLINKED_LIST_ITEM,True
,9bbee86d-6be0-5d12-91f4-5eb500ee912c,UNLINKED_LIST_ITEM,True
,0b79b248-87b1-506e-bebe-5f18e25c36b0,UNLINKED_LIST_ITEM,True
,2df5b75a-7366-5233-94aa-f690efc51529,UNLINKED_LIST_ITEM,True
,bb8e1a44-9cc8-5897-9fff-d065b0092e5c,UNLINKED_LIST_ITEM,True
,a3d1a7e0-8c91-5779-85c6-123e8ee137df,UNLINKED_LIST_ITEM,True
,082aaa84-da6b-54c0-bd4f-7627e8778197,UNLINKED_LIST_ITEM,True
,6d49f05d-b321-5e43-a8ff-000c3c407133,UNLINKED_LIST_ITEM,True
,bd683c75-9d1d-5767-979c-06d25ce97d3b,UNLINKED_LIST_ITEM,True
,78846e93-d770-5f46-a5a6-6dba34ffd8c4,UNLINKED_LIST_ITEM,True
,e5ed9d07-831b-55c0-8621-44e99d9aabf9,UNLINKED_LIST_ITEM,True
,829e72f3-11b4-5e0b-ad95-fa205c9e96d4,UNLINKED_LIST_ITEM,True
,fdfa8bb8-a8ef-5fea-86e7-1d822f351ed0,UNLINKED_LIST_ITEM,True
,cbe3e3dd-1465-52d8-b700-57274e9f82e5,UNLINKED_LIST_ITEM,True
,7b5a4841-6998-519c-951a-8ffdc32f1c68,UNLINKED_LIST_ITEM,True
,4385746a-edec-5f36-aaa2-021d8d12a02c,UNLINKED_LIST_ITEM,True
,d821ca8b-c98a-5844-ac23-a736fc5fe21e,UNLINKED_LIST_ITEM,True
,93a3faae-4cb3-5669-9391-384902c11a78,UNLINKED_LIST_ITEM,True
,3ac52883-4283-5c84-8864-d99a0f58d56c,UNLINKED_LIST_ITEM,True
,a15a6ce5-8bf4-573f-aa6c-668e25679bee,UNLINKED_LIST_ITEM,True
,1f3cfc89-6490-582d-ad6b-525a42db7fae,UNLINKED_LIST_ITEM,True
,51f97c16-e35c-5323-991c-07d492ae50e5,UNLINKED_LIST_ITEM,True
,f28d3b03-e201-5eb4-9383-4e6562431dc4,UNLINKED_LIST_ITEM,True
,5d6c80dd-a95f-5740-b7e3-0b79138ddbbc,UNLINKED_LIST_ITEM,True
,8c421ea5-e6e3-52ae-a8e9-2a431b9803c2,UNLINKED_LIST_ITEM,True
,928ba772-5fda-53ea-b93d-c25eb1e4cdf2,UNLINKED_LIST_ITEM,True
,57011e69-ce01-5500-b5e8-0781c722b66b,UNLINKED_LIST_ITEM,True
,cb2b235f-b1ab-50a0-ba6e-a9ebee071af4,UNLINKED_LIST_ITEM,True
,1ed68758-d21f-57f6-b0bb-f2f11ebf0e61,UNLINKED_LIST_ITEM,True
,44865d94-a3ff-5506-a569-3019187a250f,UNLINKED_LIST_ITEM,True
,48fba501-3771-5ec0-b50d-fd700b665ef8,UNLINKED_LIST_ITEM,True
,9aa8d493-edab-5998-8353-33c7b8fed36e,UNLINKED_LIST_ITEM,True
,f961fa0d-0fb2-5eef-b0ea-f8fe897c5701,UNLINKED_LIST_ITEM,True
,e7bef823-a799-5a84-9bd8-e6ec9b2bd2ed,UNLINKED_LIST_ITEM,True
,4d964fb0-531c-5cf0-9d5d-87dd85c4fcd9,UNLINKED_LIST_ITEM,True
,3dacb89c-59ef-58ba-b9fb-4ec3713971d4,UNLINKED_LIST_ITEM,True
,ceeec34a-b698-5c2e-a32c-23fb57c0b5de,UNLINKED_LIST_ITEM,True
,cf0520ab-730c-5415-b91e-d58fe628c6e6,UNLINKED_LIST_ITEM,True
,359127a6-61dc-5e2a-a94b-8e10c5b29945,UNLINKED_LIST_ITEM,True
,8cf1c07b-1e2f-5456-a93c-0f164974ea70,UNLINKED_LIST_ITEM,True
,1aea230d-9f22-5695-aa7a-c727c2cd4602,UNLINKED_LIST_ITEM,True
,be5de3c7-a76a-5637-86eb-feedcae719e8,UNLINKED_LIST_ITEM,True
,3fb33f16-fe64-5cfa-9ae9-80b03f41a8d5,UNLINKED_LIST_ITEM,True
,322d57fb-bb20-5bd0-9aa0-3e7acd02c79b,UNLINKED_LIST_ITEM,True
,ce6ac22f-8ddc-5141-aaa2-ddeaade2d828,UNLINKED_LIST_ITEM,True
,dcd7f831-25e9-5e82-b2b5-37ce251b7ec9,UNLINKED_LIST_ITEM,True
,97489884-0c6e-5414-b3b1-747bf268cbfd,UNLINKED_LIST_ITEM,True
,0b95abfc-3300-5857-98dc-16a1f571b193,UNLINKED_LIST_ITEM,True
,d07e83fb-6677-5abd-b279-4c2dc63545ee,UNLINKED_LIST_ITEM,True
,1abc15fc-d2e0-514d-a90c-376f767e2b4d,UNLINKED_LIST_ITEM,True
,d7f6483b-340f-5990-8a73-d6a0ab0fcdc7,UNLINKED_LIST_ITEM,True
,77e6f6eb-ff93-5c15-a26f-8716dd4519c4,UNLINKED_LIST_ITEM,True
,999152cf-7feb-5a72-ae90-59efdc3dae21,UNLINKED_LIST_ITEM,True
,4af1f935-67a4-5795-83c2-8c980bf7dc86,UNLINKED_LIST_ITEM,True
,4f0e65df-a0ec-5353-90be-638e3d7d4858,UNLINKED_LIST_ITEM,True
,c6124530-69ef-5cc0-94a8-5f2a94457d81,UNLINKED_LIST_ITEM,True
,81fc0b00-536b-5c7c-add5-19a40de44214,UNLINKED_LIST_ITEM,True
,f95681bd-21e3-5812-aacb-d2d844e89b01,UNLINKED_LIST_ITEM,True
,13c08af1-a06c-5164-996b-5b63b20c247f,UNLINKED_LIST_ITEM,True
,8de775e5-1f89-5526-9946-721801b41d33,UNLINKED_LIST_ITEM,True
,89eb62c4-3927-52f0-9b94-c49c201f42c6,UNLINKED_LIST_ITEM,True
,62880491-5c89-56d8-914f-be46ef0430d2,UNLINKED_LIST_ITEM,True
,6529b8cc-fa2b-58bc-bc07-563b465a4bf3,UNLINKED_LIST_ITEM,True
,9006642d-3331-5909-be0f-40291a6a912b,UNLINKED_LIST_ITEM,True
,b8276f6d-7a1b-55de-b253-9075bf12eabf,UNLINKED_LIST_ITEM,True
,72e7b5fd-94be-50a0-8bec-49c01299b76d,UNLINKED_LIST_ITEM,True
,f5c22baa-7aa0-57b6-a323-1300a9262753,UNLINKED_LIST_ITEM,True
,d0c43ad6-7726-5eac-833e-653d69a17603,UNLINKED_LIST_ITEM,True
,d16d318c-fb44-598c-abb7-945311fd302b,UNLINKED_LIST_ITEM,True
,f2242864-cf89-5d54-8757-7f0bff8c7580,UNLINKED_LIST_ITEM,True
,abb7d444-6e45-5713-a1eb-c448f34bd5b1,UNLINKED_LIST_ITEM,True
,57e1ecaa-184c-5a19-a0fa-523f32c963fc,UNLINKED_LIST_ITEM,True
,30efe0db-f8ed-5086-bf0d-c60b5abdc61f,UNLINKED_LIST_ITEM,True
,3194f189-2600-5d91-b646-17e5ebd89798,UNLINKED_LIST_ITEM,True
,1a64d75a-8ca1-5982-a5c6-72369463dbd5,UNLINKED_LIST_ITEM,True
,768b0a80-9145-577a-b108-4b15fbbcd3aa,UNLINKED_LIST_ITEM,True
,0e9e8484-7cab-54de-a38f-56e6dce459ab,UNLINKED_LIST_ITEM,True
,cc68f381-1d0d-53f4-8278-cb39d31d5d5d,UNLINKED_LIST_ITEM,True
,b4df1e77-7f68-5955-950c-d9c1f9227a9e,UNLINKED_LIST_ITEM,True
,3d57375f-b785-56e0-933f-8009a67145e4,UNLINKED_LIST_ITEM,True
,c2c79edd-d17d-5413-9bb8-748109b5071e,UNLINKED_LIST_ITEM,True
,59077eec-c46a-58a5-be19-0c3a3414432b,UNLINKED_LIST_ITEM,True
,3fcf05de-c684-5e2d-8b84-8b8d17148d79,UNLINKED_LIST_ITEM,True
,4483c656-2eae-5502-a0ae-dcc85a493ad9,UNLINKED_LIST_ITEM,True
,d55e3dc8-17e6-5dc0-bb7a-42b531e84cfc,UNLINKED_LIST_ITEM,True
,43e5c7c3-71aa-5d65-adde-f0fcba756bfe,UNLINKED_LIST_ITEM,True
,1281b78c-c290-5ff0-bb4c-7ff85a7c6ca1,UNLINKED_LIST_ITEM,True
,791d0bcb-e328-50f8-81c4-b452b66b3055,UNLINKED_LIST_ITEM,True
,13c17a3a-3da6-5975-b5b1-09fc206f8714,UNLINKED_LIST_ITEM,True
,3b76b46d-8ec8-5080-bfed-4a06d6f4b86e,UNLINKED_LIST_ITEM,True
,3cf0316a-8d88-5fb5-95b1-61e8c1f1eb3b,UNLINKED_LIST_ITEM,True
,a871f860-4cbf-577b-83f6-7fa70e6b9d1c,UNLINKED_LIST_ITEM,True
,de05d312-6bf7-5ced-bbae-24beb5a1a38e,UNLINKED_LIST_ITEM,True
,3f5f0126-70f7-5ca8-944f-5bcf4df31cbe,UNLINKED_LIST_ITEM,True
,2a4fea5d-c037-5661-97bc-a4b5716f4702,UNLINKED_LIST_ITEM,True
,1a1e2c57-a481-54cd-84fa-b8f7076ac292,UNLINKED_LIST_ITEM,True
,2accaafb-227d-5130-b4f8-3653dbf73aac,UNLINKED_LIST_ITEM,True
,f8901b95-98b5-5c25-a7db-0ec1a4082baa,UNLINKED_LIST_ITEM,True
,1e5a04eb-8058-5eee-a561-7763a7f5b313,UNLINKED_LIST_ITEM,True
,391f5294-2f8d-50cc-8df0-a3737ee760f6,UNLINKED_LIST_ITEM,True
,1a2ee1ed-6274-57d2-b993-bc541cbf3fa5,UNLINKED_LIST_ITEM,True
,3554d4db-fd50-5a20-8087-ad665c777fe8,UNLINKED_LIST_ITEM,True
,f3c974bd-a5f3-5b82-a230-821a2b01a8c1,UNLINKED_LIST_ITEM,True
,679be447-2e83-5bf4-8c80-55f7f572747b,UNLINKED_LIST_ITEM,True
,1f17d182-9e45-5fa5-b00f-ca73d4894cf2,UNLINKED_LIST_ITEM,True
,1f5548ad-08c7-5357-87e6-0b91357710d8,UNLINKED_LIST_ITEM,True
,e1f88fd1-51e9-51c0-a694-e2efb973ead8,UNLINKED_LIST_ITEM,True
,de731804-7f4b-5385-aa1f-4ec687632461,UNLINKED_LIST_ITEM,True
,10731224-1803-521e-9efe-c3e584a65f2a,UNLINKED_LIST_ITEM,True
,b87f2f1b-9e36-537a-83d5-6124bcb51d91,UNLINKED_LIST_ITEM,True
,a5cb5c1e-a857-546c-8f91-4772eaf9892d,UNLINKED_LIST_ITEM,True
,76550eb2-bb7d-5301-8f29-c975c356a16a,UNLINKED_LIST_ITEM,True
,c7715b6d-7b52-5241-9b4e-925b60b86312,UNLINKED_LIST_ITEM,True
,506bc68a-97aa-5a63-8204-415504dfae12,UNLINKED_LIST_ITEM,True
,c8c35c95-3199-55dc-b82b-9ad7f491406a,UNLINKED_LIST_ITEM,True
,712a2043-acb1-599a-a6ec-b3ea8123d0ab,UNLINKED_LIST_ITEM,True
,e2624e04-85cc-573d-a2c6-e8ecdf09af20,UNLINKED_LIST_ITEM,True
,0e3b3e7d-51b7-5692-8658-7df294cc331b,UNLINKED_LIST_ITEM,True
,5c19b6de-4855-5465-aaf6-fe1b89745c23,UNLINKED_LIST_ITEM,True
,9dd0fd42-8e93-50a0-bf5d-8709c78c9ec3,UNLINKED_LIST_ITEM,True
,04f5f46e-0f76-5042-ac81-c76c4378e373,UNLINKED_LIST_ITEM,True
,d540b47d-0ee8-54de-8f14-63322ca2d232,UNLINKED_LIST_ITEM,True
,dac0dd22-992b-5424-81d9-cfffdd9bbf5e,UNLINKED_LIST_ITEM,True
,d6715404-38e5-5df7-b825-1d65f527c598,UNLINKED_LIST_ITEM,True
,552cdc20-8a5c-5b67-9147-060b6e487354,UNLINKED_LIST_ITEM,True
,f487774e-e866-5d6f-b9b6-acadcc3156e7,UNLINKED_LIST_ITEM,True
,cb8e0f1d-7be5-5899-855f-4608f8430aee,UNLINKED_LIST_ITEM,True
,5baf61a5-5939-517d-9ef6-d255db2bc24f,UNLINKED_LIST_ITEM,True
,61d46c18-ee98-5149-a11f-6c94b2102b9b,UNLINKED_LIST_ITEM,True
,323c952e-ba53-5f69-98c6-17e34b374282,UNLINKED_LIST_ITEM,True
,b47208bd-2806-56de-99e7-7ac7803dad6b,UNLINKED_LIST_ITEM,True
,53b04c8a-126a-5cd7-94b1-f379f3822f2a,UNLINKED_LIST_ITEM,True
,21351860-93d3-5441-b94f-ad8c29b53cfc,UNLINKED_LIST_ITEM,True
,94b46b42-e15b-5c67-8535-8673ada53c02,UNLINKED_LIST_ITEM,True
,068e0012-37e7-54ab-9be2-61f4383416bf,UNLINKED_LIST_ITEM,True
,20c6f0ab-9ccb-5fef-ab18-f8f256adff37,UNLINKED_LIST_ITEM,True
,2f0cbeab-a0c6-56a7-8a8f-3bc560998100,UNLINKED_LIST_ITEM,True
,0a1a3398-1f80-52bb-9bf9-e93778254703,UNLINKED_LIST_ITEM,True
,9b64f626-e229-5efd-bb2b-5374c659a767,UNLINKED_LIST_ITEM,True
,24eed8e6-87c1-511d-9e02-05e38980bab9,UNLINKED_LIST_ITEM,True
,2b22f5dd-9d96-51d3-abe0-f5125cf50f4f,UNLINKED_LIST_ITEM,True
,c8169c37-7a97-5c8c-8f77-0171633ea250,UNLINKED_LIST_ITEM,True
,5338624f-f03f-51f3-baf1-b926e1129c75,UNLINKED_LIST_ITEM,True
,3b73be48-36d9-5227-9839-ae86ce16c9a6,UNLINKED_LIST_ITEM,True
,86d42bbe-1464-5060-b075-fb3ce59ed859,UNLINKED_LIST_ITEM,True
,a101a3b2-f5b4-5766-905f-09270d971839,UNLINKED_LIST_ITEM,True
,e7391c3c-ada4-51bd-a424-cb3225fd6a85,UNLINKED_LIST_ITEM,True
,f7a136e8-99ab-5242-94dc-acffc715ca13,UNLINKED_LIST_ITEM,True
,57bdf1f1-4e4e-5772-821d-4cece2e87f05,UNLINKED_LIST_ITEM,True
,a8f2277b-a46c-500c-9aa2-9612bf1b6025,UNLINKED_LIST_ITEM,True
,5e7007d2-8818-58ae-969d-b1f29fef091a,UNLINKED_LIST_ITEM,True
,37ddbda7-4dd1-559a-b324-638e711d50f7,UNLINKED_LIST_ITEM,True
,03e01d63-378d-54bc-b5f5-ad201ba51047,UNLINKED_LIST_ITEM,True
,c615d167-b511-5717-9ab2-a9871b5784dc,UNLINKED_LIST_ITEM,True
,91e732f6-0271-592a-b3ff-e6e05bd605f0,UNLINKED_LIST_ITEM,True
,ad87899a-f33a-528c-9a13-4acaf8ec6edd,UNLINKED_LIST_ITEM,True
,2b650a6d-b2b1-5e95-8fff-3c829bff8858,UNLINKED_LIST_ITEM,True
,37d46d4a-fc8a-53b6-9d56-9fc7b0637595,UNLINKED_LIST_ITEM,True
,756e59c6-56e8-53e3-b850-27a59041f227,UNLINKED_LIST_ITEM,True
,a05c9ad7-6645-59c5-b084-f58977ff5c20,UNLINKED_LIST_ITEM,True
,b8e2e465-6680-5447-9dd4-3ac18d7f8116,UNLINKED_LIST_ITEM,True
,fded1c5d-a285-5386-a93e-49ac7713f5ec,UNLINKED_LIST_ITEM,True
,d9213fe1-8be0-5e75-802d-1d71b8ac17f5,UNLINKED_LIST_ITEM,True
,a97b0641-a0d2-574c-87d4-ec04ff427ae0,UNLINKED_LIST_ITEM,True
,ad4bc315-72e9-5dab-b3c3-e37d74d3588d,UNLINKED_LIST_ITEM,True
,81cd19a4-44d6-54c1-a797-899ab578cfb7,UNLINKED_LIST_ITEM,True
,54a20263-bf1d-5334-bd3f-6b33f19450bd,UNLINKED_LIST_ITEM,True
,43f5e3fb-3cdb-5caf-a24c-4898e4a8bd99,UNLINKED_LIST_ITEM,True
,cef14573-006a-57c0-a0ea-4501a31ab091,UNLINKED_LIST_ITEM,True
,b95040d0-1076-5dd6-a589-871fa47af1ce,UNLINKED_LIST_ITEM,True
,d15bda5b-0e0d-509c-b39d-59e6f9271360,UNLINKED_LIST_ITEM,True
,592b1344-78ac-517e-adcf-ce9d2cf891db,UNLINKED_LIST_ITEM,True
,61c156b8-7479-52dc-acea-27bdcdad9f80,UNLINKED_LIST_ITEM,True
,b9523914-bbcf-5d88-a500-e7a2fcd668f4,UNLINKED_LIST_ITEM,True
,b3cdf04e-3fb5-5ce8-9288-21609f831346,UNLINKED_LIST_ITEM,True
,ad2976dc-8e11-5c3c-a0b3-878ecbe7f846,UNLINKED_LIST_ITEM,True
,2fa98bb3-de2c-5d2f-8bf0-346f63bccf09,UNLINKED_LIST_ITEM,True
,9639d546-5399-5296-9b5b-a5f259f88be2,UNLINKED_LIST_ITEM,True
,f273009c-6281-56fe-8253-e6d2c29ae617,UNLINKED_LIST_ITEM,True
,ca6327c0-4233-5b3c-bdd8-4297099fad20,UNLINKED_LIST_ITEM,True
,00aaf2d5-28c6-5d85-92ce-47d64f61c635,UNLINKED_LIST_ITEM,True
,de1d7dfc-ac11-504c-9da5-d8c1f3c977db,UNLINKED_LIST_ITEM,True
,57e17f99-e3ad-5704-bdbc-04c06aea7983,UNLINKED_LIST_ITEM,True
,c3f0ae3b-4913-5a8d-a5c3-a4c9383d4568,UNLINKED_LIST_ITEM,True
,412b613c-7c36-5c84-bfdd-f5642c303084,UNLINKED_LIST_ITEM,True
,20eacfea-98f9-5fc1-ac34-b05c2eb8700c,UNLINKED_LIST_ITEM,True
,e470c120-fed0-5386-a951-57917caf4a79,UNLINKED_LIST_ITEM,True
,2aca681c-38c0-59f4-be93-95d6321c98d1,UNLINKED_LIST_ITEM,True
,a1aca2ee-5ceb-56c3-8e39-0f48ac5d4215,UNLINKED_LIST_ITEM,True
,bf29e656-7ec9-5358-a2ec-217b9d1a80ce,UNLINKED_LIST_ITEM,True
,883fa216-e3f9-56f9-8336-c5706adc43e4,UNLINKED_LIST_ITEM,True
,cdca7bfb-a9b3-5a08-9c6b-0b5306ee6600,UNLINKED_LIST_ITEM,True
,ab777eda-3c9e-55fb-ad47-9d8ae8f96fff,UNLINKED_LIST_ITEM,True
,2d852091-4d2a-5d91-8fc0-5569aee868cf,UNLINKED_LIST_ITEM,True
,dfa61c79-7c85-55cd-a57a-6534bccff9fe,UNLINKED_LIST_ITEM,True
,efefa300-30e9-522b-9b4a-1b30191597d2,UNLINKED_LIST_ITEM,True
,6c962dfe-15a3-5f65-90fc-08ea725f37e7,UNLINKED_LIST_ITEM,True
,b3b4304d-b206-5bf3-933d-0fec23d4e809,UNLINKED_LIST_ITEM,True
,ca549dc5-69e9-5e42-b771-142835846e2a,UNLINKED_LIST_ITEM,True
,2fb3a65f-432a-507b-9e1a-923003845bca,UNLINKED_LIST_ITEM,True
,680986f1-0953-56a3-b4ae-2864c89123cf,UNLINKED_LIST_ITEM,True
,92f8f9c3-fb78-5d75-942b-97dadf7bd321,UNLINKED_LIST_ITEM,True
,6482b381-d07c-5fff-a466-74fd61bb5d1d,UNLINKED_LIST_ITEM,True
,947106af-2f2e-592c-aab5-12893b7cc6c3,UNLINKED_LIST_ITEM,True
,2b18d9d3-6d84-56ef-b810-c4069f76867d,UNLINKED_LIST_ITEM,True
,0fc541d3-b08b-5602-9ac1-b0a3aa99d6fe,UNLINKED_LIST_ITEM,True
,8b3c2a10-fff7-5a03-b30d-2b0abf3a861c,UNLINKED_LIST_ITEM,True
,3b5acbd9-beba-5c12-9905-42e9180554ba,UNLINKED_LIST_ITEM,True
,c402be50-a1be-51d8-b325-a9cdfc59a9f0,UNLINKED_LIST_ITEM,True
,3fc7d210-6d1b-53ad-af70-0236fda75572,UNLINKED_LIST_ITEM,True
,0fd23e61-8df8-5ea2-b13b-de2ee2d5bec0,UNLINKED_LIST_ITEM,True
,20d4f002-8ddc-5d9f-ba19-2f1bcacd464f,UNLINKED_LIST_ITEM,True
,6ba5c884-4963-5964-86cf-da897aa93760,UNLINKED_LIST_ITEM,True
,06a2d270-5cef-5ce4-aee9-bc20116222e8,UNLINKED_LIST_ITEM,True
,73be6378-18bc-5207-bf58-479e200e64b5,UNLINKED_LIST_ITEM,True
,da163898-beec-5614-9443-895654e740ca,UNLINKED_LIST_ITEM,True
,a6a0c41d-9377-5d9d-8bef-139fc46e354b,UNLINKED_LIST_ITEM,True
,2d1f954e-eb95-5b81-a950-563e017531d3,UNLINKED_LIST_ITEM,True
,cb2e8491-b1a1-5965-808b-b1ee84b20544,UNLINKED_LIST_ITEM,True
,5ebf0f35-4265-5684-9361-0a042f5be12c,UNLINKED_LIST_ITEM,True
,c4b7a390-8aa4-5cbc-a835-58689e43c0d8,UNLINKED_LIST_ITEM,True
,62c21e76-b9af-5a47-a457-f21f4cb152a7,UNLINKED_LIST_ITEM,True
,1438fbe1-1187-5f54-8de6-c9702a52468c,UNLINKED_LIST_ITEM,True
,3faee506-3763-51ef-9a41-f99358891b0c,UNLINKED_LIST_ITEM,True
,96f74fb9-cf09-501a-8756-1d4059b151c5,UNLINKED_LIST_ITEM,True
,55ff9cad-3829-552b-adb9-b9093037995d,UNLINKED_LIST_ITEM,True
,f5f3c893-9ebe-52f8-b95c-d5ddee39b165,UNLINKED_LIST_ITEM,True
,ae98329c-a6d1-57e9-beb7-046821de5806,UNLINKED_LIST_ITEM,True
,7ac24249-a921-5685-a5e0-0a12ade83a8a,UNLINKED_LIST_ITEM,True
,5b93a4b8-5235-5a2d-bbcd-6fb1423a413c,UNLINKED_LIST_ITEM,True
,6a349977-6886-5a13-ba0a-afb359f81681,UNLINKED_LIST_ITEM,True
,69a0e2a3-3c20-5223-aa64-9a04409da6f2,UNLINKED_LIST_ITEM,True
,ba46e514-e27e-5fda-9cfd-30978eaf40e5,UNLINKED_LIST_ITEM,True
,d18181e8-b8ad-57d0-941c-6ce82af3e9cb,UNLINKED_LIST_ITEM,True
,d6d3f57d-30f0-51a6-90f0-aba303343e80,UNLINKED_LIST_ITEM,True
,d89907e6-8feb-5e8a-bdab-6261b0f8d867,UNLINKED_LIST_ITEM,True
,bba9c919-1382-5562-afcd-e66bbae3bbd2,UNLINKED_LIST_ITEM,True
,3be43d1b-d764-549c-87a5-d401a871074e,UNLINKED_LIST_ITEM,True
,38cc3430-60a0-5065-a6b8-5db16f2047c1,UNLINKED_LIST_ITEM,True
,56f855e2-15be-5db5-b533-b61fc273ec24,UNLINKED_LIST_ITEM,True
,65664c47-f389-5afa-ab1e-4ba7584455bf,UNLINKED_LIST_ITEM,True
,e5560c0f-2fff-5c3a-acd6-72938cd0cb1d,UNLINKED_LIST_ITEM,True
,de7454e5-4ec1-5cad-bec6-c878cbe6d361,UNLINKED_LIST_ITEM,True
,d2987f95-a383-538e-b479-638b5e36465d,UNLINKED_LIST_ITEM,True
,0a52d761-bf86-560e-8a0c-47188a041430,UNLINKED_LIST_ITEM,True
,423a1db3-7491-5fcd-8bd6-939874537bff,UNLINKED_LIST_ITEM,True
,3b76532e-1573-5757-aca9-4aa637a540bd,UNLINKED_LIST_ITEM,True
,4027a7b2-4eaa-56d7-a8db-6e419a4011e1,UNLINKED_LIST_ITEM,True
,08f6a641-155e-56d5-91e7-52e4d7d661e2,UNLINKED_LIST_ITEM,True
,1ecf4397-b0ae-59d9-a924-4f7eeb51f7b8,UNLINKED_LIST_ITEM,True
,e34116bb-a3da-5962-9ae2-7297ec78ae2f,UNLINKED_LIST_ITEM,True
,684e08e3-f521-59db-9a0b-bd023c29a4e5,UNLINKED_LIST_ITEM,True
,2095e375-c89d-5e24-ae80-c7b899598dd9,UNLINKED_LIST_ITEM,True
,1ef54219-03ab-55a8-a62a-a482ee3cdec9,UNLINKED_LIST_ITEM,True
,eacb7f17-e31e-53fc-bde3-8e1e15b1d279,UNLINKED_LIST_ITEM,True
,63ff1803-9dde-5fb9-976a-3b5e42a80049,UNLINKED_LIST_ITEM,True
,46181ce2-59f3-556b-9242-f943274fa478,UNLINKED_LIST_ITEM,True
,3bddc45d-7774-599b-a66e-d549dec0a52a,UNLINKED_LIST_ITEM,True
,4c6229fa-4f9e-5812-9ae4-1586e6c80349,UNLINKED_LIST_ITEM,True
,6f7ca97d-2a43-5145-b66b-9ef4cce9b532,UNLINKED_LIST_ITEM,True
,a7f034f9-6f00-5afe-93ba-e7802b4bb925,UNLINKED_LIST_ITEM,True
,6554d692-aef4-596e-9dcd-603d10c31716,UNLINKED_LIST_ITEM,True
,bf5cd8ec-372f-5362-a570-f87c77c7d72c,UNLINKED_LIST_ITEM,True
,02b7983e-76b4-5c39-a32f-880da96194f1,UNLINKED_LIST_ITEM,True
,a1480245-a551-5527-992e-ba6f5143d64b,UNLINKED_LIST_ITEM,True
,ea0615f7-bc0a-5e9d-8258-81bc8928b618,UNLINKED_LIST_ITEM,True
,7b94b899-a539-50ab-be11-2af4cdb2d662,UNLINKED_LIST_ITEM,True
,b7a2d724-0876-5360-9495-64264bd6d691,UNLINKED_LIST_ITEM,True
,8ccdabb3-33ee-5e65-a73a-7e54d1ecdfcb,UNLINKED_LIST_ITEM,True
,3aa4e530-5975-52f0-8111-dad0c36df42e,UNLINKED_LIST_ITEM,True
,d90aae6e-c237-570d-8e91-42522dfb26b1,UNLINKED_LIST_ITEM,True
,ae16c6e9-13e7-5a33-9ddd-e2947d125d6d,UNLINKED_LIST_ITEM,True
,e69a2aef-92b7-5a5c-884c-28ac4011a5c2,UNLINKED_LIST_ITEM,True
,e6413da6-9c8a-57a7-9d20-e5d61c73f95a,UNLINKED_LIST_ITEM,True
,7eba6a58-8311-57bf-8096-3bf0264398e4,UNLINKED_LIST_ITEM,True
,bc80a6fb-87cf-5b36-a0c4-1f4fe47d02d0,UNLINKED_LIST_ITEM,True
,0486b558-d38a-5916-a563-a84a2005827e,UNLINKED_LIST_ITEM,True
,6f32474f-b37a-5e7d-95be-70fc39534d56,UNLINKED_LIST_ITEM,True
,283f23a8-1801-5531-a939-a8fdbe4ee2b0,UNLINKED_LIST_ITEM,True
,41c93f3e-2189-569a-99bc-ad36a239ecf8,UNLINKED_LIST_ITEM,True
,3d2603b3-37bf-539e-a53b-2cf9310a543a,UNLINKED_LIST_ITEM,True
,a31b26d2-d9d6-533d-9d4a-6c95d1d36ebc,UNLINKED_LIST_ITEM,True
,5d74dd82-6bb0-5e50-a2b2-09622a30545b,UNLINKED_LIST_ITEM,True
,38dd1161-ac51-5d8a-9f65-3fd05c88862b,UNLINKED_LIST_ITEM,True
,b5972611-bf3b-530e-93a2-027cadd0bf48,UNLINKED_LIST_ITEM,True
,97ea63fa-68e8-5c62-bc11-ae22d8e55607,UNLINKED_LIST_ITEM,True
,24d58f27-c09c-5531-ba4a-978036f0fc27,UNLINKED_LIST_ITEM,True
,3ef38631-0b17-5f7b-98d3-eb168a5d70a0,UNLINKED_LIST_ITEM,True
,641c693e-48fa-504f-af0a-62a98edf9a66,UNLINKED_LIST_ITEM,True
,6dfb78a8-8793-5e77-b84d-33f2409de502,UNLINKED_LIST_ITEM,True
,01542403-5702-5b25-92fa-776be098b476,UNLINKED_LIST_ITEM,True
,5116a27e-ee9d-560f-8570-89165ea95c39,UNLINKED_LIST_ITEM,True
,f5aa42ff-ced1-5f8b-b61f-a6795650b748,UNLINKED_LIST_ITEM,True
,624dc747-7969-5fb0-b68a-eea7904c9308,UNLINKED_LIST_ITEM,True
,a4b98686-4fbb-527a-bb6f-e5c82b649347,UNLINKED_LIST_ITEM,True
,db98eeb0-2e87-56a9-9f4a-fc9f329b5fdb,UNLINKED_LIST_ITEM,True
,1e65087e-5bfb-5c65-95d7-ec7073a8b3aa,UNLINKED_LIST_ITEM,True
,f322aa7b-4e26-5822-8068-5f32713cd355,UNLINKED_LIST_ITEM,True
,2c3d7b4c-940d-5e43-b3ad-7c1e8e5654bf,UNLINKED_LIST_ITEM,True
,8d058904-92d6-50c6-8abf-fe27098f3b14,UNLINKED_LIST_ITEM,True
,ad5fda34-34cf-5c26-b4d1-a4371ccc5e4e,UNLINKED_LIST_ITEM,True
,a61facfb-816f-59c4-a01e-8ae40b705dd1,UNLINKED_LIST_ITEM,True
,ae5f869b-a430-5af7-bf15-860b3c268b3f,UNLINKED_LIST_ITEM,True
,906358e8-e394-59d9-9b04-3cb22f690b95,UNLINKED_LIST_ITEM,True
,291bacb8-1b13-5712-bee5-5c9677d34e77,UNLINKED_LIST_ITEM,True
,8cf07a87-2c6d-5076-8502-35b9fb927f44,UNLINKED_LIST_ITEM,True
,9147c9b2-8e24-585d-b169-8551187806b8,UNLINKED_LIST_ITEM,True
,aa7624c5-f836-5424-8ab9-5bcef693367c,UNLINKED_LIST_ITEM,True
,c241ab56-4063-5036-a02d-fd37dad0c3e4,UNLINKED_LIST_ITEM,True
,00d98e08-2988-5a3f-bcaf-840db985c842,UNLINKED_LIST_ITEM,True
,c8bc275b-8b88-5bb7-9dfc-fa4b098db08b,UNLINKED_LIST_ITEM,True
,0a24a953-4eee-5cd8-9f1b-5bcb1881c7ad,UNLINKED_LIST_ITEM,True
,f9e3dcc7-7744-5843-b3b2-b5f334a0d4bf,UNLINKED_LIST_ITEM,True
,9461c950-8b7b-5411-ad82-3a19ac741a6f,UNLINKED_LIST_ITEM,True
,b249364e-2d77-59d7-8859-d109f7c71b10,UNLINKED_LIST_ITEM,True
,5402078d-c4c0-52fe-a777-b4ddd6dc0da8,UNLINKED_LIST_ITEM,True
,cbc5926c-2b47-5a26-8fde-1dd28b78328a,UNLINKED_LIST_ITEM,True
,aad409db-56b9-545c-9445-090d87e09f58,UNLINKED_LIST_ITEM,True
,d1355558-3f4e-53b4-b2d7-cdd52db03d1d,UNLINKED_LIST_ITEM,True
,16892f16-2b27-5163-a405-b9c65eeb4fed,UNLINKED_LIST_ITEM,True
,b41b885c-81f3-50bd-9aeb-9b51543f2b43,UNLINKED_LIST_ITEM,True
,355ca82e-492e-597d-8d2e-6b7f5391f317,UNLINKED_LIST_ITEM,True
,455595c7-55d9-5efd-9b64-5920b59fd2e2,UNLINKED_LIST_ITEM,True
,dcb9f549-9a15-5919-88db-529cccb255cf,UNLINKED_LIST_ITEM,True
,ae1e4387-b948-5e9d-89ad-1ccbae60e0c6,UNLINKED_LIST_ITEM,True
,bb437316-88e1-5650-9231-1aa2a244cf1a,UNLINKED_LIST_ITEM,True
,de972d7c-c706-5aae-85dc-3ead9e3cbdc8,UNLINKED_LIST_ITEM,True
,247fcf5d-16ba-5556-9664-233ca0e3142f,UNLINKED_LIST_ITEM,True
,c0f2926c-36dc-57f2-89e5-9d6feb64b885,UNLINKED_LIST_ITEM,True
,744d88fa-b415-5216-a382-c3599a473d2b,UNLINKED_LIST_ITEM,True
,0d73f4d9-0c3d-5e8b-90d9-24dfcd3961d4,UNLINKED_LIST_ITEM,True
,81f9a4ea-9b0d-544d-b7d4-d7bffc870408,UNLINKED_LIST_ITEM,True
,8141cc73-47a3-58bb-9798-6be9c33a8a21,UNLINKED_LIST_ITEM,True
,2abc6bc8-1130-5107-b6c7-acfed4e6014b,UNLINKED_LIST_ITEM,True
,df646598-aca0-5b30-b8ab-5e39ab3e0c6a,UNLINKED_LIST_ITEM,True
,eb67a8f8-db65-5be5-bc35-be5b89135eeb,UNLINKED_LIST_ITEM,True
,23153fd4-6379-54fb-93c4-99a09da42c84,UNLINKED_LIST_ITEM,True
,4d8e5f7b-d881-52c7-aa07-1f52d44c9122,UNLINKED_LIST_ITEM,True
,3432559d-892f-562d-928a-7c54d03cb039,UNLINKED_LIST_ITEM,True
,d647320a-2dcd-5dbf-b19c-213926c45fed,UNLINKED_LIST_ITEM,True
,f55a07f8-f293-5510-9361-f5f8e415ee53,UNLINKED_LIST_ITEM,True
,21931841-8dbc-5ca4-bd3e-9c077d347be5,UNLINKED_LIST_ITEM,True
,815cda2f-6f10-51af-92fa-79c1de1cea74,UNLINKED_LIST_ITEM,True
,dca26749-b88a-560b-93dd-82871d7e9948,UNLINKED_LIST_ITEM,True
,2a4371b1-b2aa-5b6d-9568-531b8aa4ca6a,UNLINKED_LIST_ITEM,True
,f34b6135-dce5-553f-89a7-3bcc8b338915,UNLINKED_LIST_ITEM,True
,75d2ffa6-c287-55a8-8a83-66f80157de74,UNLINKED_LIST_ITEM,True
,11e68f8b-13ca-5229-831d-c8124ff9fd7a,UNLINKED_LIST_ITEM,True
,9ad308a9-171e-5e1c-974c-ca188fd2b9cd,UNLINKED_LIST_ITEM,True
,50c468eb-b378-5b4c-9f9f-603face01337,UNLINKED_LIST_ITEM,True
,5776effa-5c0d-5604-a4d1-d6812155b7eb,UNLINKED_LIST_ITEM,True
,71a89f56-645c-5be1-9a2d-d6f622a38505,UNLINKED_LIST_ITEM,True
,014a10e3-f7f2-5871-ba29-6dafda5283dc,UNLINKED_LIST_ITEM,True
,f37c55c3-7e6e-5b35-9a63-7e652993ead1,UNLINKED_LIST_ITEM,True
,c5658621-c832-5d5f-9278-41dda07bf5d5,UNLINKED_LIST_ITEM,True
,678f2810-c6b3-5241-8119-850484a88a69,UNLINKED_LIST_ITEM,True
,731a8a9a-da00-5b39-aaf4-1a758ef39d6d,UNLINKED_LIST_ITEM,True
,ff4ae1eb-773f-577c-bb68-ddc721a0adfe,UNLINKED_LIST_ITEM,True
,95e313f1-f357-5ab5-8716-6687f33a97c0,UNLINKED_LIST_ITEM,True
,d03624c3-4af9-5f1f-a4ba-df2c613dc103,UNLINKED_LIST_ITEM,True
,018c5b96-efc8-5f22-8ea7-52597f917f0f,UNLINKED_LIST_ITEM,True
,df74b602-a75b-5046-811d-e2ae05c5e793,UNLINKED_LIST_ITEM,True
,388764a1-2010-565d-8de2-a9ee69c88f7c,UNLINKED_LIST_ITEM,True
,2f43d7cb-4876-54fe-98ee-de87bf42dd34,UNLINKED_LIST_ITEM,True
,e91978f1-1482-56f3-a976-253afc33bafd,UNLINKED_LIST_ITEM,True
,d6f225e1-a28a-59b4-8594-e1da3bf939e8,UNLINKED_LIST_ITEM,True
,8ed24116-22ea-54e0-a7e0-aae2cf906bd8,UNLINKED_LIST_ITEM,True
,9725fd26-baf6-5f7a-9bdd-a9d60a22410d,UNLINKED_LIST_ITEM,True
,5b648154-462c-5f16-a48a-711a8974d00d,UNLINKED_LIST_ITEM,True
,02843026-7b77-5a66-8784-eaeb9533e862,UNLINKED_LIST_ITEM,True
,330bd127-1838-5da5-a407-f691a8208f94,UNLINKED_LIST_ITEM,True
,b3aa2341-70a8-5cb9-9fb0-2e80e5ea526c,UNLINKED_LIST_ITEM,True
,ecb385ea-ba6e-5283-991f-8a707b93194b,UNLINKED_LIST_ITEM,True
,71a6a970-d1e0-50b0-809c-95223b387e7b,UNLINKED_LIST_ITEM,True
,6b0b3a78-ef10-5204-b66c-6f8fa193a856,UNLINKED_LIST_ITEM,True
,b45e9111-cbd3-57cb-8924-164324bf98eb,UNLINKED_LIST_ITEM,True
,189e9ea8-33c5-51c9-bc5e-9d4feb0e40ac,UNLINKED_LIST_ITEM,True
,a1e422ee-98e3-583e-abb9-16a66198ba36,UNLINKED_LIST_ITEM,True
,e2de639f-48e1-5d3f-96e1-a64f4f0093b4,UNLINKED_LIST_ITEM,True
,684709cf-c87c-5202-a8ab-0adeaf162afd,UNLINKED_LIST_ITEM,True
,ba7657e7-92be-5f82-ad82-cbaa8c6efc94,UNLINKED_LIST_ITEM,True
,109ea7ab-2644-523e-ae99-247c3ed46267,UNLINKED_LIST_ITEM,True
,e650c3ea-7781-5efe-9ad7-da7973c33b26,UNLINKED_LIST_ITEM,True
,9143eaab-9174-5b55-83aa-234ac1bd05bf,UNLINKED_LIST_ITEM,True
,de3bdd1e-64a5-5d63-993b-ba67abd2719f,UNLINKED_LIST_ITEM,True
,7e9fdf0a-189f-57fd-b18f-660d597b76a9,UNLINKED_LIST_ITEM,True
,34486bbb-5544-50f8-9cf8-5bcede92470d,UNLINKED_LIST_ITEM,True
,bfdda211-45e7-5eac-8b8b-0ddb78313493,UNLINKED_LIST_ITEM,True
,cdf7878c-11cd-514d-b8dc-f96b93c08bad,UNLINKED_LIST_ITEM,True
,0312d3c9-483f-538b-8ceb-72ed3dd422c1,UNLINKED_LIST_ITEM,True
,95735f96-48bf-5810-bd01-91b9e63932a4,UNLINKED_LIST_ITEM,True
,247cc9e4-a52c-594f-8213-1b397f3d421c,UNLINKED_LIST_ITEM,True
,cd9fb41c-843c-5d73-ac96-fb0f56aaa4fb,UNLINKED_LIST_ITEM,True
,22261442-67f8-58f1-a501-52b94b3eecf8,UNLINKED_LIST_ITEM,True
,ea875570-7f4d-576c-aca6-3edc72318294,UNLINKED_LIST_ITEM,True
,43fca89e-8bbf-5b67-8eb3-3880bfcb3cd1,UNLINKED_LIST_ITEM,True
,a7adad94-7290-5ce4-9e97-f7ade49b74d8,UNLINKED_LIST_ITEM,True
,54314af8-63d3-5977-9cd4-106e7c2875e0,UNLINKED_LIST_ITEM,True
,ddd025c3-4ee3-5486-8c02-4370c102b6f5,UNLINKED_LIST_ITEM,True
,dcf046bf-4d3d-573f-a2a3-0a9f292104f0,UNLINKED_LIST_ITEM,True
,018eaee8-5999-54b0-83f8-98d7e6a25e4c,UNLINKED_LIST_ITEM,True
,be32ef86-c4d2-5fad-86fb-3aa4d2d17d51,UNLINKED_LIST_ITEM,True
,b0bd928a-1a72-5f46-b053-04f1f6f58afc,UNLINKED_LIST_ITEM,True
,d0344983-3274-5b40-9dc1-512ad7b017bd,UNLINKED_LIST_ITEM,True
,2f396e02-cf83-5582-a186-7da278b306f6,UNLINKED_LIST_ITEM,True
,bdc41723-6cef-551d-8d62-f504ac1258fb,UNLINKED_LIST_ITEM,True
,388b1aca-e686-58a1-9773-48461bad753a,UNLINKED_LIST_ITEM,True
,c92192b6-972e-55fd-b7c1-2035fc9f9be3,UNLINKED_LIST_ITEM,True
,5c1c2440-fb8c-593c-b4b2-6df41331c928,UNLINKED_LIST_ITEM,True
,0364af38-e207-5c0c-9c7f-5b6ea692c670,UNLINKED_LIST_ITEM,True
,d5a731d7-4faf-55e3-aa9b-cacfb8aa1e91,UNLINKED_LIST_ITEM,True
,581d6c74-de5b-578d-adb3-e08ef35d4273,UNLINKED_LIST_ITEM,True
,b4be742e-aa99-55f9-bd2a-2832172c7c6b,UNLINKED_LIST_ITEM,True
,533d53ae-cc06-55cf-9a37-dab06a267759,UNLINKED_LIST_ITEM,True
,ae68bd14-34a9-526d-9b3b-73501377d716,UNLINKED_LIST_ITEM,True
,46607db5-85c6-5396-8756-6bb7978f6436,UNLINKED_LIST_ITEM,True
,16e5722f-a8ae-5bc7-9c08-678301908b20,UNLINKED_LIST_ITEM,True
,32abc522-5444-5963-96fd-e644bc465299,UNLINKED_LIST_ITEM,True
,d06759b2-1721-5849-9ea7-0d3ca4bf3293,UNLINKED_LIST_ITEM,True
,9a2b1754-d3db-54ec-be68-4e02b9a8ed53,UNLINKED_LIST_ITEM,True
,5614b97a-6312-5851-a815-f284b1c89dc9,UNLINKED_LIST_ITEM,True
,e4649cc6-321f-554c-9816-545411a6bc7d,UNLINKED_LIST_ITEM,True
,af4a8a6a-d5da-5e52-ac31-5167c9cbaef5,UNLINKED_LIST_ITEM,True
,0cbb2f55-9c81-5cf6-8c3a-79d3e24aa700,UNLINKED_LIST_ITEM,True
,e5c59135-21f7-5fb8-8e46-12aedf7b397b,UNLINKED_LIST_ITEM,True
,6036dcb1-21be-5587-a74f-929cd906945d,UNLINKED_LIST_ITEM,True
,40a4c0d6-2849-5a5e-9c33-b00e1d270eb5,UNLINKED_LIST_ITEM,True
,4b3f3a1d-b77c-5aa0-b66f-ff0c6ad18e3a,UNLINKED_LIST_ITEM,True
,3172e8bb-3939-5c43-b53a-3d115671ed41,UNLINKED_LIST_ITEM,True
,fda0b36a-5cdb-5501-b64d-49807a9a484e,UNLINKED_LIST_ITEM,True
,c6fb0e22-5009-5941-8eb1-7ebcd4bd8e62,UNLINKED_LIST_ITEM,True
,67d6716a-ef7d-522d-90b4-fc58b5e803d6,UNLINKED_LIST_ITEM,True
,6455ea70-2992-5851-bd34-9898d32f23e5,UNLINKED_LIST_ITEM,True
,900c44b3-bcc6-5179-a124-33896ec27bbd,UNLINKED_LIST_ITEM,True
,018587f5-7826-5b61-b7e5-860728bd7205,UNLINKED_LIST_ITEM,True
,5abb119b-a226-5891-a55c-2f44c74c9153,UNLINKED_LIST_ITEM,True
,ad12da2b-7dfc-562a-bf25-558063cce72e,UNLINKED_LIST_ITEM,True
,8b89df68-2533-5b9c-8bbd-e390f9f02de3,UNLINKED_LIST_ITEM,True
,3bbba63f-aa6f-54c2-96dd-6d022326202a,UNLINKED_LIST_ITEM,True
,e4e441ab-45ed-524c-bbf9-2d3d0eb0d89b,UNLINKED_LIST_ITEM,True
,fb063f75-3054-5278-b61c-1680c461962b,UNLINKED_LIST_ITEM,True
,356b18f5-11b3-5cef-8dab-e319126ed1c0,UNLINKED_LIST_ITEM,True
,41cbb6b9-ded0-58e6-9def-e803d2ffa256,UNLINKED_LIST_ITEM,True
,42b5350d-d7d5-5a79-8fc9-80a017e1edcd,UNLINKED_LIST_ITEM,True
,f2d5ce00-56af-566a-9799-05e31ccda039,UNLINKED_LIST_ITEM,True
,a2795944-5f8a-542c-896c-e27e6214917b,UNLINKED_LIST_ITEM,True
,b8d2efc0-c315-57de-80d1-e9437d6fb7e1,UNLINKED_LIST_ITEM,True
,e0e4e3ba-e91a-5bab-bc42-c9721fdaeda5,UNLINKED_LIST_ITEM,True
,dba61903-e50f-5097-b8c6-0008b04dc84b,UNLINKED_LIST_ITEM,True
,29cf7705-0d6d-5a0e-b35c-d605574ea81c,UNLINKED_LIST_ITEM,True
,b3867329-41ad-578b-aba6-ac1f5a761d11,UNLINKED_LIST_ITEM,True
,1bfd58f4-e8e5-572f-b766-73ae631bfb7a,UNLINKED_LIST_ITEM,True
,a6d2474a-a30c-5265-bb44-bc58b9acc78c,UNLINKED_LIST_ITEM,True
,3d1604c7-6420-5e95-a225-fe4d2574b574,UNLINKED_LIST_ITEM,True
,33165663-e9db-5ca1-af58-76acbf177756,UNLINKED_LIST_ITEM,True
,fc8aa03f-c39b-55fd-9754-7691e3ff2647,UNLINKED_LIST_ITEM,True
,26faf9f8-3d66-5d2c-b0a2-34048b88002e,UNLINKED_LIST_ITEM,True
,3f2befad-62a4-5503-99cf-538f3af9f432,UNLINKED_LIST_ITEM,True
,bf154276-d116-5e0c-821a-c6e49c88c3f0,UNLINKED_LIST_ITEM,True
,618590f4-ef90-5882-8a0c-853e86f048e0,UNLINKED_LIST_ITEM,True
,a006671f-5a9a-50de-905c-57ecdca3af05,UNLINKED_LIST_ITEM,True
,1b2c562d-1532-5c08-bb97-d08ec8bcd426,UNLINKED_LIST_ITEM,True
,c49633ef-6466-54e1-817c-08dba8563860,UNLINKED_LIST_ITEM,True
,97e8891e-82f9-53ac-8790-01f1c3802a86,UNLINKED_LIST_ITEM,True
,e511cf53-c2db-55ac-b6cf-9ee20fc25015,UNLINKED_LIST_ITEM,True
,22e58dfb-8d06-51e9-9e5b-3e622b7d0ece,UNLINKED_LIST_ITEM,True
,2942eea1-cafe-53dd-9643-392783f0128f,UNLINKED_LIST_ITEM,True
,3709f6d0-a3bf-5fd2-ade4-32092f93b4df,UNLINKED_LIST_ITEM,True
,c64705c4-e45e-58d0-b1da-57afc3a730b8,UNLINKED_LIST_ITEM,True
,b7b63647-ea0e-51ee-8f7d-5bb3c73a88af,UNLINKED_LIST_ITEM,True
,eb53b3d6-c59f-5a25-9a2e-d271ef55c2d3,UNLINKED_LIST_ITEM,True
,7733e21e-99f4-5a46-aca8-ee3da2516b87,UNLINKED_LIST_ITEM,True
,8991f788-21bb-5eb5-87e2-e19fa06728f2,UNLINKED_LIST_ITEM,True
,4f3d162c-781c-50ef-98e1-d66a52208618,UNLINKED_LIST_ITEM,True
,f3af2876-2a83-5659-921d-1821bef58bc7,UNLINKED_LIST_ITEM,True
,01c4815a-aa30-5fbc-8110-3ece8bd2d121,UNLINKED_LIST_ITEM,True
,8a377af2-b7bc-5369-9189-a32a6e8c04da,UNLINKED_LIST_ITEM,True
,ff73c2de-9bdf-5ff8-9c1b-8cb76bca408a,UNLINKED_LIST_ITEM,True
,50843412-1986-51e5-b597-0b459fbdd1dd,UNLINKED_LIST_ITEM,True
,7b2f98d0-44f7-502c-8472-9392567d71c0,UNLINKED_LIST_ITEM,True
,19d32d48-e13b-58e7-b33c-bf743701b8d0,UNLINKED_LIST_ITEM,True
,ef202ff2-e6d1-5861-b9b0-d998734d10a4,UNLINKED_LIST_ITEM,True
,bf12e7ea-8f11-51ff-8d00-0e673abb0f19,UNLINKED_LIST_ITEM,True
,f1c6d90a-9fdd-5930-ba2d-c70677ed26be,UNLINKED_LIST_ITEM,True
,b5f19c98-af0b-59c7-8443-c5724070960d,UNLINKED_LIST_ITEM,True
,0cd7b554-ecba-549a-96ad-c204f8884d9b,UNLINKED_LIST_ITEM,True
,f22776e1-77f9-55fd-b4c5-f087a5aee884,UNLINKED_LIST_ITEM,True
,ae3974a9-87c5-5acb-87dd-58a4306ed351,UNLINKED_LIST_ITEM,True
,8ee89043-25e0-5951-b025-5df8767f4218,UNLINKED_LIST_ITEM,True
,7023e7b8-73e8-5304-8045-a4f9ec21bbb3,UNLINKED_LIST_ITEM,True
,dbfe4f8a-bb1c-5ef3-baca-7e6ebffe28c9,UNLINKED_LIST_ITEM,True
,aa50ab34-34f1-5980-805d-432edc7927db,UNLINKED_LIST_ITEM,True
,c678ce34-dbed-5ca1-84ca-e2759eeb2f09,UNLINKED_LIST_ITEM,True
,4959f0a7-5de0-5cba-bbe6-d6caa0e98580,UNLINKED_LIST_ITEM,True
,c15e1e40-5189-5037-829a-1a8821053724,UNLINKED_LIST_ITEM,True
,ffbf64a8-c63a-5993-bb1b-53b76f8ecbe3,UNLINKED_LIST_ITEM,True
,4899804c-c996-5f76-a1a7-21cc17ae40a4,UNLINKED_LIST_ITEM,True
,bed6b8e7-b7f8-53ec-bacd-70e7237a3cc0,UNLINKED_LIST_ITEM,True
,95889fd8-1cc7-50d9-a25f-600b607a55e7,UNLINKED_LIST_ITEM,True
,714214df-db62-56a9-a4f0-8d4f77efc34b,UNLINKED_LIST_ITEM,True
,8c88626a-235c-53ec-b1d3-f74ffed24488,UNLINKED_LIST_ITEM,True
,4b52ba5e-2418-5a39-89f4-1ea159670005,UNLINKED_LIST_ITEM,True
,241ef445-0c3c-5484-8dbc-f64ec3d9fbd3,UNLINKED_LIST_ITEM,True
,80684d32-edb7-5d0c-9458-681f36ebb3cf,UNLINKED_LIST_ITEM,True
,a288fa4d-d2e5-5069-ad30-e499e671cd51,UNLINKED_LIST_ITEM,True
,969194cf-06e7-51b3-b824-242bf4caa14d,UNLINKED_LIST_ITEM,True
,5a48af34-bdd0-595d-a770-2d225bd02800,UNLINKED_LIST_ITEM,True
,edd326e9-a667-5361-ace1-23bc276a78cf,UNLINKED_LIST_ITEM,True
,d37c98d0-e14b-577a-b596-dc73bb3833bc,UNLINKED_LIST_ITEM,True
,bcb31409-4596-5081-8549-e2d65bb4e6e4,UNLINKED_LIST_ITEM,True
,928a4b31-6023-5d93-9169-cc205032b6a8,UNLINKED_LIST_ITEM,True
,fc9ef71b-d723-5468-9b80-25a09887ebb7,UNLINKED_LIST_ITEM,True
,e93c7e78-b658-5840-83f5-d01a153d2201,UNLINKED_LIST_ITEM,True
,170b7b36-c104-504b-bfd1-62f00d8b1323,UNLINKED_LIST_ITEM,True
,92da6aa5-5098-5a6f-840b-7cf1a62478e0,UNLINKED_LIST_ITEM,True
,68b66b76-db45-580c-9dcb-d75cfd3c2451,UNLINKED_LIST_ITEM,True
,95ae692a-1e03-5955-a07e-3c5e20e36ef0,UNLINKED_LIST_ITEM,True
,bbc17cf1-a54b-5343-9694-eeb8ec89dc57,UNLINKED_LIST_ITEM,True
,2d03c744-e496-55c9-bd94-e8142881f603,UNLINKED_LIST_ITEM,True
,1bc059bd-b511-5c13-aeb6-216a6fdb18b1,UNLINKED_LIST_ITEM,True
,9e735f02-0944-5d4e-a8ea-a2cdd4e74631,UNLINKED_LIST_ITEM,True
,c86ce0eb-cb62-5904-bc7f-d689199f2c8e,UNLINKED_LIST_ITEM,True
,a5b5a0da-074f-5f43-9882-8890c0ff9588,UNLINKED_LIST_ITEM,True
,8be24423-2fcd-573f-8691-c79f3503d11a,UNLINKED_LIST_ITEM,True
,2ba22ba6-2f9b-5381-ab17-f1fbdf54fcfc,UNLINKED_LIST_ITEM,True
,9e25a8b1-7eb0-5e32-b3b5-fa7573be365b,UNLINKED_LIST_ITEM,True
,bbf68830-f864-5964-8954-c0f2aa67b5c7,UNLINKED_LIST_ITEM,True
,b69c05ea-ad2f-51aa-af94-5278fe864343,UNLINKED_LIST_ITEM,True
,cc1ee569-6f32-5b71-910c-1683bd22481a,UNLINKED_LIST_ITEM,True
,2c71a88e-e022-5b79-a860-1e62d0a07cf3,UNLINKED_LIST_ITEM,True
,3b52329b-f8d5-57a7-981b-adf0405560ee,UNLINKED_LIST_ITEM,True
,ff92e967-1311-5bbd-b43b-b448c2d4a231,UNLINKED_LIST_ITEM,True
,d5b4af4e-c94a-5887-9ac8-38ebb5c1061c,UNLINKED_LIST_ITEM,True
,18340e6a-4fe1-5981-8bf0-87a152d85dbe,UNLINKED_LIST_ITEM,True
,ffa04f45-fbf1-5676-b537-b700a6ac533d,UNLINKED_LIST_ITEM,True
,a6abd308-185e-58c9-9e2f-9344283ee09c,UNLINKED_LIST_ITEM,True
,f92494c8-04fc-5d3a-ab7a-0163ef3399aa,UNLINKED_LIST_ITEM,True
,d379c812-0735-5122-b847-60405b98a3b1,UNLINKED_LIST_ITEM,True
,c6f4029b-72b1-5e1f-915c-ba195f441bcf,UNLINKED_LIST_ITEM,True
,b677edff-2aa4-59f0-84f8-310a594f46bd,UNLINKED_LIST_ITEM,True
,59689934-2fe3-5104-a597-8261a282724f,UNLINKED_LIST_ITEM,True
,c2b1b1db-b554-56f7-9693-f523ac118a11,UNLINKED_LIST_ITEM,True
,85ff50d1-95f9-5edf-a34c-ed63dc5a8501,UNLINKED_LIST_ITEM,True
,0d3e8994-86ef-5252-91db-442e84f11852,UNLINKED_LIST_ITEM,True
,cf194936-5eeb-5a0e-99ad-94ad83af9e24,UNLINKED_LIST_ITEM,True
,8e95bc86-fe58-5ef7-8283-bc4082a0056e,UNLINKED_LIST_ITEM,True
,718ceff1-6208-5b4a-9e85-110e0c727200,UNLINKED_LIST_ITEM,True
,995597a9-9c46-5596-aa8c-b67492a49e2b,UNLINKED_LIST_ITEM,True
,bfb7f12e-71f7-5ca3-ac7e-e6f69f7fdfe4,UNLINKED_LIST_ITEM,True
,b211d901-d850-599a-af60-1d990abbc998,UNLINKED_LIST_ITEM,True
,f2138d75-e17d-5467-8e20-9d416c95bbd3,UNLINKED_LIST_ITEM,True
,80dfef1f-137c-5997-a1a8-b173dc915e94,UNLINKED_LIST_ITEM,True
,efdf9843-68c3-57b3-a42e-541f8f64195a,UNLINKED_LIST_ITEM,True
,c7717695-dc93-5751-900d-f6f38f1f8209,UNLINKED_LIST_ITEM,True
,3a6caa2a-c3dd-5f77-ab89-fb6939e37c41,UNLINKED_LIST_ITEM,True
,ac04d32b-8614-50cb-a022-aa0521259bd5,UNLINKED_LIST_ITEM,True
,fb7c5a8e-da02-5002-893e-20d1e0779082,UNLINKED_LIST_ITEM,True
,94bf5352-767d-5a6b-ad2c-070e3951a6c9,UNLINKED_LIST_ITEM,True
,be4b66e0-5e61-559c-bf8a-5c85ea280caa,UNLINKED_LIST_ITEM,True
,ba474323-d6e4-5539-90f4-591d6a22a562,UNLINKED_LIST_ITEM,True
,d6812e82-e58e-5865-a261-342c9db21973,UNLINKED_LIST_ITEM,True
,ddae25d7-ed14-515a-9407-cf3b6ef65b9c,UNLINKED_LIST_ITEM,True
,6201ccc2-7662-500c-a895-b24e3724c7ca,UNLINKED_LIST_ITEM,True
,c8800950-0ae4-5112-80b7-30d06b404fc3,UNLINKED_LIST_ITEM,True
,8b5de3ab-944f-50ff-88dc-d13987429dc4,UNLINKED_LIST_ITEM,True
,f98727fe-bb5f-51f3-97d8-3f8d6dda16aa,UNLINKED_LIST_ITEM,True
,6e6de680-4086-5050-8a8e-b1d03acb3d11,UNLINKED_LIST_ITEM,True
,7b93a435-79bf-595d-88ae-4dc62bb77bfc,UNLINKED_LIST_ITEM,True
,abcd2831-9836-5e93-8343-15ad2236c561,UNLINKED_LIST_ITEM,True
,8799f69f-c3c2-5a1c-9071-fbae158e5c02,UNLINKED_LIST_ITEM,True
,6bb9dc23-c28c-5d2f-bf74-8d3d3a9f16c8,UNLINKED_LIST_ITEM,True
,fd998206-eb4f-5df0-9e02-92fe20268b66,UNLINKED_LIST_ITEM,True
,750163e9-38d4-5044-acec-7b1bfb10ff83,UNLINKED_LIST_ITEM,True
,762a4224-e328-5aa3-8a20-b371f192e50d,UNLINKED_LIST_ITEM,True
,1d267dd3-0265-5a40-9705-36eebb84159b,UNLINKED_LIST_ITEM,True
,0787f5f2-daab-55f2-adb8-b95f8452c7ff,UNLINKED_LIST_ITEM,True
,faa2ffcc-1ca6-5ea3-bcf4-3f8df3b1e755,UNLINKED_LIST_ITEM,True
,63120a8b-3738-5226-882b-28bcf144e559,UNLINKED_LIST_ITEM,True
,b55fe371-b6d1-5cb0-9279-bd6dfff83e34,UNLINKED_LIST_ITEM,True
,734a4adb-4114-5c13-be47-f01e5121786b,UNLINKED_LIST_ITEM,True
,e5856473-14c4-5dd8-9bcf-cd16de6373ab,UNLINKED_LIST_ITEM,True
,fbb0e9e6-bc20-51c0-b936-d959382dd341,UNLINKED_LIST_ITEM,True
,0e09be19-f1ea-53f5-a6b6-c1dd1b65f38a,UNLINKED_LIST_ITEM,True
,fe1f215c-41c6-53a6-b70f-e8eb6fc5f9c5,UNLINKED_LIST_ITEM,True
,556e61fd-b6af-5bb3-a49d-24a0f509043f,UNLINKED_LIST_ITEM,True
,5869e2ba-563e-535b-b779-e623f6d0841f,UNLINKED_LIST_ITEM,True
,f3c4a1b0-7c52-5a3e-93e7-f1872934e3a4,UNLINKED_LIST_ITEM,True
,25482fef-5cf2-52b8-bc16-772bfba742f4,UNLINKED_LIST_ITEM,True
,df65bff8-0269-58ba-8aa8-ad837a5e8f32,UNLINKED_LIST_ITEM,True
,80b21e35-88dc-54d0-b13c-27d0c7026ce0,UNLINKED_LIST_ITEM,True
,30d1ade4-b604-5e71-9ac4-b97df5c92f21,UNLINKED_LIST_ITEM,True
,6501e0ba-d017-5927-b7cf-63f2ac44931d,UNLINKED_LIST_ITEM,True
,04624a6a-8671-5cf9-8826-d8becbbbd7e0,UNLINKED_LIST_ITEM,True
,97b67cb7-9d51-54b4-8147-1fd7d2b584d1,UNLINKED_LIST_ITEM,True
,9b12dccd-e25a-5dd1-bdbc-5e814d9acd03,UNLINKED_LIST_ITEM,True
,b444bace-d007-5bc4-b532-78957cd35af8,UNLINKED_LIST_ITEM,True
,96055a35-7fdd-560f-bb73-a874f05137ce,UNLINKED_LIST_ITEM,True
,1876bae1-f94b-5ca2-b5b7-cd724b66fa13,UNLINKED_LIST_ITEM,True
,e71c04e6-1f1b-5c9b-abd0-070e359b783a,UNLINKED_LIST_ITEM,True
,6e864521-b15f-5d8e-837f-58124c8784ef,UNLINKED_LIST_ITEM,True
,6ef1e640-9f40-50b8-a0da-67a144b641fc,UNLINKED_LIST_ITEM,True
,093bf81d-ecb1-5749-810c-99f7d626816b,UNLINKED_LIST_ITEM,True
,075374b0-5456-5bbe-96aa-16a9591b3eff,UNLINKED_LIST_ITEM,True
,a2b39a1e-b70c-55ad-8bf5-cf17c9e16dff,UNLINKED_LIST_ITEM,True
,4b1242f2-02bb-5f2f-a791-ef387338a05c,UNLINKED_LIST_ITEM,True
,98897285-6291-5e3a-b9c6-dfe0f90cb050,UNLINKED_LIST_ITEM,True
,5c00e3ce-11a9-5dfd-81f0-8618b894f4ad,UNLINKED_LIST_ITEM,True
,320676e9-201c-52ec-aa8c-1209b86d5bdf,UNLINKED_LIST_ITEM,True
,fac10257-b193-5b6e-9b2c-08ccb6c4bc4d,UNLINKED_LIST_ITEM,True
,8e02f18f-afea-5573-baac-2925ac7914ac,UNLINKED_LIST_ITEM,True
,c27d6866-feb6-5fef-b40f-e32c8fe53270,UNLINKED_LIST_ITEM,True
,3d8fdd6b-a4ea-587f-84dd-e51bfc9884ac,UNLINKED_LIST_ITEM,True
,8b08fa20-0077-5031-991c-ed2238a38ae2,UNLINKED_LIST_ITEM,True
,2ee60c14-e2f9-5b53-89c1-8601360f09ce,UNLINKED_LIST_ITEM,True
,2574f851-3560-5dd6-b897-48015f98a936,UNLINKED_LIST_ITEM,True
,cf27292f-f337-550e-9bd9-1457647c164b,UNLINKED_LIST_ITEM,True
,7fa75668-a2a1-52f6-824d-d9c55dbeedc0,UNLINKED_LIST_ITEM,True
,e06fdc39-3071-5624-9234-c0a2998eced2,UNLINKED_LIST_ITEM,True
,4aed6cf8-9d97-558c-b5a9-78e6cb7c9c4e,UNLINKED_LIST_ITEM,True
,817b9f83-52c4-5583-b444-4b3778705c3f,UNLINKED_LIST_ITEM,True
,7e3ec29b-e1ee-53a5-b456-b7e81e31e035,UNLINKED_LIST_ITEM,True
,4827bab5-a4bf-5dcd-8b73-32a2e355900f,UNLINKED_LIST_ITEM,True
,c3212f0f-c58b-50ce-a40e-b4e78a48acf1,UNLINKED_LIST_ITEM,True
,a71a1656-5136-5a08-9fb6-016ce3ced37d,UNLINKED_LIST_ITEM,True
,acc1df06-18de-58a5-8d19-583474bfee5a,UNLINKED_LIST_ITEM,True
,bbcb6a70-7a67-56fa-abf5-e135cd5bae10,UNLINKED_LIST_ITEM,True
,874dc127-a0ff-56ff-9940-79f943760e9c,UNLINKED_LIST_ITEM,True
,64a8d89f-e7fe-53c8-9ac4-b18bf94e86e1,UNLINKED_LIST_ITEM,True
,be3280ea-4d55-59bf-8d27-d5c14527b68d,UNLINKED_LIST_ITEM,True
,076de133-db71-5c23-a560-d4d7d63edc74,UNLINKED_LIST_ITEM,True
,8766eb46-a0bf-5280-994f-6951e85181e1,UNLINKED_LIST_ITEM,True
,0691a281-abd5-5bb7-b65b-f238aa6d038b,UNLINKED_LIST_ITEM,True
,96989d56-ef07-5f2d-a3ef-281e777f299a,UNLINKED_LIST_ITEM,True
,73cdc5b0-4c23-5ed7-a1cd-b8a8a1ae560a,UNLINKED_LIST_ITEM,True
,76207709-dc47-5856-8d8f-b0468b1c1736,UNLINKED_LIST_ITEM,True
,6e6e5281-d8b3-52c0-9bee-a2e72d2e0780,UNLINKED_LIST_ITEM,True
,effc0470-dda3-5d2b-8114-c761bf08ebf7,UNLINKED_LIST_ITEM,True
,b8ef5984-2cd9-5e90-b258-8e71cf357cdd,UNLINKED_LIST_ITEM,True
,05b534ab-3457-52db-a706-11abdf070251,UNLINKED_LIST_ITEM,True
,7925eca1-ddea-564d-883a-160135e07056,UNLINKED_LIST_ITEM,True
,afab1928-21b3-56ac-8018-40002758c1bb,UNLINKED_LIST_ITEM,True
,c7afa4fc-3969-52b5-a185-f559189491a3,UNLINKED_LIST_ITEM,True
,127ef2b6-0f48-50a2-908d-f19c51288372,UNLINKED_LIST_ITEM,True
,5e58767b-c084-57bc-bfcb-af0fb7feec46,UNLINKED_LIST_ITEM,True
,cf73d772-d69e-5c34-95ab-887d619d22bb,UNLINKED_LIST_ITEM,True
,e7d2d080-f2e0-58b5-8e74-f722b76a51a9,UNLINKED_LIST_ITEM,True
,f887207c-e617-5091-ae5d-6187ecfd6373,UNLINKED_LIST_ITEM,True
,d1d737d4-7702-5bb7-bffb-67f6553d5a00,UNLINKED_LIST_ITEM,True
,d85bf8e6-b2de-51bf-8aab-5c97b0ee65c9,UNLINKED_LIST_ITEM,True
,d5217bde-aa30-56aa-b9d7-63c76acd2ceb,UNLINKED_LIST_ITEM,True
,04d0cb54-6d82-5252-88e3-ff8b4f2c7ea9,UNLINKED_LIST_ITEM,True
,bc98de21-202d-5615-86a8-f8e3df65dd93,UNLINKED_LIST_ITEM,True
,8d07a147-c8c3-5d36-96f4-1d1d82f45145,UNLINKED_LIST_ITEM,True
,4ffcee7d-7df8-53a3-98a8-be86264e84b2,UNLINKED_LIST_ITEM,True
,90cd6c84-0195-5e01-a164-074a167d5f89,UNLINKED_LIST_ITEM,True
,73cb4e8c-1d0a-5aa3-a849-89f81a6f347f,UNLINKED_LIST_ITEM,True
,b10b091f-b990-50f2-af84-78b6f282d6ed,UNLINKED_LIST_ITEM,True
,bcde9bb9-a1e1-5bcf-8961-7230668283a0,UNLINKED_LIST_ITEM,True
,de5ea227-0e3e-55e9-88d0-d2f692bb946d,UNLINKED_LIST_ITEM,True
,ea49cb4c-0abe-5b9b-8a9a-d8abcfae4e0c,UNLINKED_LIST_ITEM,True
,aa8c61ad-ab11-5da4-8300-b08424c28267,UNLINKED_LIST_ITEM,True
,0a840c6b-28aa-5a9e-b472-bb9ae3b18b71,UNLINKED_LIST_ITEM,True
,5366d6b2-63e8-59fa-9a8c-dc3f4852b812,UNLINKED_LIST_ITEM,True
,04370396-1531-5ea3-89cf-efb508656cd0,UNLINKED_LIST_ITEM,True
,e501184e-a383-56bb-b8c4-61907c5f2f3e,UNLINKED_LIST_ITEM,True
,d7afa4e5-febe-5ac3-9a9d-4221c4a340a2,UNLINKED_LIST_ITEM,True
,75bea756-ef72-51f5-9ffe-d79c34f88581,UNLINKED_LIST_ITEM,True
,8e89d244-5d50-50f8-8ae2-6c17d7a37a85,UNLINKED_LIST_ITEM,True
,20c27c72-dc3b-5ed6-9460-c7b003d39139,UNLINKED_LIST_ITEM,True
,e1432fd8-6552-5228-8f4b-381735cd8c50,UNLINKED_LIST_ITEM,True
,43b7d1e5-ad48-5648-893b-0457752adb14,UNLINKED_LIST_ITEM,True
,59b97285-46ea-51a6-ae33-13854bf354fe,UNLINKED_LIST_ITEM,True
,329e7858-fdac-533d-ab0d-1e58348cc049,UNLINKED_LIST_ITEM,True
,2d2cc706-601a-5af8-b0ee-a5cda0ef70e7,UNLINKED_LIST_ITEM,True
,3bac7d78-2d99-5544-a890-228e0840ddb1,UNLINKED_LIST_ITEM,True
,3c69cb4e-c450-5a70-b03a-0a8b8ee17315,UNLINKED_LIST_ITEM,True
,b6be4a99-9be9-5848-9f4d-54daad187c49,UNLINKED_LIST_ITEM,True
,3d9c5261-b523-5888-a643-101934287aab,UNLINKED_LIST_ITEM,True
,d1af905d-2d90-514e-8f59-b8831c8ff437,UNLINKED_LIST_ITEM,True
,30d7d1ed-cf35-50c8-b3be-d607bf0721f9,UNLINKED_LIST_ITEM,True
,b1c71bbc-96dc-5aeb-bead-bd7d0ddb7157,UNLINKED_LIST_ITEM,True
,e62ad4e5-5707-5258-bc62-9b79c6c2fda5,UNLINKED_LIST_ITEM,True
,e0beb7f7-0df1-542b-83d7-a05f5f1f6d86,UNLINKED_LIST_ITEM,True
,22ed37ba-6038-573f-86e1-81e6505d0721,UNLINKED_LIST_ITEM,True
,00109f52-8730-56f3-9e95-c483a99c564e,UNLINKED_LIST_ITEM,True
,e5a53df0-25d7-500b-bc31-8e10e5bddd6b,UNLINKED_LIST_ITEM,True
,a4c507c0-b798-56f8-a8a5-4b11134305a9,UNLINKED_LIST_ITEM,True
,353a0937-bf8a-5bdc-ba3a-d2a5c04d3534,UNLINKED_LIST_ITEM,True
,f865add4-8c7c-51cc-9502-2d6812bd70fd,UNLINKED_LIST_ITEM,True
,9b19d031-b3e0-53dd-83ff-fd837e16e595,UNLINKED_LIST_ITEM,True
,4b696c81-d4aa-55a2-a4bc-e797829c0634,UNLINKED_LIST_ITEM,True
,f2bf3891-e467-576e-afa9-b37651f4b7ce,UNLINKED_LIST_ITEM,True
,00f0e20f-28b0-51a1-a31f-af599e74a2b0,UNLINKED_LIST_ITEM,True
,3c18a964-6a71-51cc-9c10-8cc4ab657c76,UNLINKED_LIST_ITEM,True
,4e5f1a0d-107e-576d-b246-68e3ca4a0dfd,UNLINKED_LIST_ITEM,True
,cd846a38-8281-5b78-8733-ed1dab657c28,UNLINKED_LIST_ITEM,True
,4c13b4c9-ad10-5868-b21b-0899a9eec95d,UNLINKED_LIST_ITEM,True
,b48cf382-4fdb-5a84-9a6c-c2a6aa27ab7a,UNLINKED_LIST_ITEM,True
,77cfa871-5f4e-56bf-8965-febfaa5a13c8,UNLINKED_LIST_ITEM,True
,341d8ec5-f38b-567e-9adf-0c5d6f907387,UNLINKED_LIST_ITEM,True
,8ffd91d1-b6bf-5e1d-930a-5db9003541e2,UNLINKED_LIST_ITEM,True
,f813122b-08ea-5b77-8c9a-a7a99b00a4af,UNLINKED_LIST_ITEM,True
,9a61dfb1-d20c-5ffb-b05a-bd89cd1d37c0,UNLINKED_LIST_ITEM,True
,3ba420d3-8f87-5f50-b999-45860e6d018c,UNLINKED_LIST_ITEM,True
,8ca8d312-b576-519d-b251-72dd5da50251,UNLINKED_LIST_ITEM,True
,db69c8c1-7107-52c1-9bcf-f5973c3ecd3d,UNLINKED_LIST_ITEM,True
,d19584f5-491c-5981-b1ad-8db76ed25675,UNLINKED_LIST_ITEM,True
,28bdfcc8-5288-525f-8088-922ad92be871,UNLINKED_LIST_ITEM,True
,49f5f86c-5247-5a54-8ccd-d6f250276466,UNLINKED_LIST_ITEM,True
,3a25a8f7-a62a-5265-ab39-6f64b679f1dc,UNLINKED_LIST_ITEM,True
,971e39e9-b9b6-5d9b-a2dc-f877f632b7cc,UNLINKED_LIST_ITEM,True
,244f878d-cf68-52b2-9c89-367f1827ad25,UNLINKED_LIST_ITEM,True
,bd625ef5-d7b6-55fc-b247-6ba7f2f58b49,UNLINKED_LIST_ITEM,True
,9188f228-68f3-5879-9627-238b640e53eb,UNLINKED_LIST_ITEM,True
,4a751873-a16d-5562-9f16-072a1ef4415e,UNLINKED_LIST_ITEM,True
,fd2d84cc-9467-5948-876e-43368c4077f4,UNLINKED_LIST_ITEM,True
,3d100198-433f-52b2-b3ea-b4fb7a4ff554,UNLINKED_LIST_ITEM,True
,a7f4ae1e-3a7a-53b8-a863-4267d236e5f2,UNLINKED_LIST_ITEM,True
,c3f1fac3-0a6f-539e-9d88-aa70d2ccd24e,UNLINKED_LIST_ITEM,True
,342d36f6-d330-58ef-ab2b-fc5fb7fc3385,UNLINKED_LIST_ITEM,True
,9cdfbcab-4e01-57ff-bbc8-67f6b885a36b,UNLINKED_LIST_ITEM,True
,779ed80c-d36c-5a3d-9095-6ecae7799198,UNLINKED_LIST_ITEM,True
,f4309abc-cb6e-56e3-8652-5d6e418602af,UNLINKED_LIST_ITEM,True
,7a6bcf33-e398-5e45-913d-d3c53b1504fd,UNLINKED_LIST_ITEM,True
,72846777-a9ee-5299-a0b1-2dd9820da5b0,UNLINKED_LIST_ITEM,True
,931e5af0-5785-5e3d-b3ea-d32888830740,UNLINKED_LIST_ITEM,True
,1f48fcd2-31c1-53f7-8320-3fd2364c1f0d,UNLINKED_LIST_ITEM,True
,191dc613-a4e9-52e4-84be-3bf85abdd941,UNLINKED_LIST_ITEM,True
,c7958b1a-0810-5179-b451-5622df9794d7,UNLINKED_LIST_ITEM,True
,6ca0fe5f-7697-5232-8cc9-423a4378e3fe,UNLINKED_LIST_ITEM,True
,6991afc8-b1bc-5c0e-bc74-26b3e1a54f8f,UNLINKED_LIST_ITEM,True
,d292ef45-8cc6-5f64-a849-7d5b1554935c,UNLINKED_LIST_ITEM,True
,03cde69e-93d4-5d72-a347-95c6fbf633bd,UNLINKED_LIST_ITEM,True
,596f4fb1-8824-557f-812e-e62eb72c97d4,UNLINKED_LIST_ITEM,True
,70183efc-bf03-55a9-95ed-90b97b4532f2,UNLINKED_LIST_ITEM,True
,c03fb909-a108-59b5-8f33-d220a0637975,UNLINKED_LIST_ITEM,True
,8b69c980-520e-5c3f-809e-321bc37ed0d4,UNLINKED_LIST_ITEM,True
,b54ba9ca-6103-5de6-8a1c-eea324b35f87,UNLINKED_LIST_ITEM,True
,e80c6c76-9753-5238-8f38-90dfd0005f1b,UNLINKED_LIST_ITEM,True
,163f9913-bad2-503a-9384-48be76cb5764,UNLINKED_LIST_ITEM,True
,98872ae6-5222-51db-83a0-bbbf0efc5a82,UNLINKED_LIST_ITEM,True
,bd2894af-9de7-59be-bff1-a8d521a6c9aa,UNLINKED_LIST_ITEM,True
,02dcb0f7-a892-5819-a99c-165131844a9d,UNLINKED_LIST_ITEM,True
,5d4fbecd-3c91-5b8b-811d-b8bb876b1559,UNLINKED_LIST_ITEM,True
,6a3a50c2-d3c6-58fd-8641-e6ec62828711,UNLINKED_LIST_ITEM,True
,6295ee49-14dc-5bc5-8b4a-a736693b70d9,UNLINKED_LIST_ITEM,True
,9c681e07-b06d-5919-858d-269d5718a5a1,UNLINKED_LIST_ITEM,True
,8a1cc386-b998-5276-8a7f-14bf0ac08c7e,UNLINKED_LIST_ITEM,True
,2fd4432b-f9b2-5943-a476-920d0d6e2589,UNLINKED_LIST_ITEM,True
,79b893ef-a35e-541b-8ad9-d2e7b40805ad,UNLINKED_LIST_ITEM,True
,6e2aef58-5647-5a2b-8f87-bd996d6c63f9,UNLINKED_LIST_ITEM,True
,6dc83b9f-b3b5-5c6e-ba69-5a4bebbc80ae,UNLINKED_LIST_ITEM,True
,7e7dba64-3470-5b2e-8d43-350e629800f4,UNLINKED_LIST_ITEM,True
,986ffe5d-0e86-57ae-896b-a8462abfb053,UNLINKED_LIST_ITEM,True
,3096c410-b835-544e-8fb9-cd4eb20bedaa,UNLINKED_LIST_ITEM,True
,670a989a-8e37-58c2-b4ae-713bb1872b88,UNLINKED_LIST_ITEM,True
,bc21bd04-4860-501d-bb68-8156cf151ef7,UNLINKED_LIST_ITEM,True
,d63ec6d7-3c71-5fdc-9657-016efd4b24ba,UNLINKED_LIST_ITEM,True
,83a3985d-dd3c-5b9e-b229-cfc2b689bdc0,UNLINKED_LIST_ITEM,True
,190352f9-fa2f-5469-b0fe-5968f8fc8ee0,UNLINKED_LIST_ITEM,True
,95cad818-0191-5db6-91c7-71ac69fb6103,UNLINKED_LIST_ITEM,True
,07a25353-2ecc-5a27-a622-91d0e4d8e294,UNLINKED_LIST_ITEM,True
,bb0a6b02-6dfd-5db4-b16b-1c2ecafcac8d,UNLINKED_LIST_ITEM,True
,d882768b-80ac-53c9-92e8-ea86aa18e900,UNLINKED_LIST_ITEM,True
,a85057e8-f66a-5cc0-8f4a-32880e338a0b,UNLINKED_LIST_ITEM,True
,9b65d9aa-8357-5af6-b8da-3a900e35e8b4,UNLINKED_LIST_ITEM,True
,2d06b871-37ec-5312-bf64-b0e29c430809,UNLINKED_LIST_ITEM,True
,719ae67d-9484-566b-bc3d-4ff49d630d8b,UNLINKED_LIST_ITEM,True
,62e6babe-7498-5228-a7e5-c707d912d3ce,UNLINKED_LIST_ITEM,True
,6d4d9e42-ee85-5b17-a94c-6c91b8d71e96,UNLINKED_LIST_ITEM,True
,ae37a57c-34a7-5e97-aab2-17e6c2d0faeb,UNLINKED_LIST_ITEM,True
,f459ff24-8eac-5d83-aefc-895d5cc26a04,UNLINKED_LIST_ITEM,True
,3939dd1e-b38e-56e6-8d9f-3a169cd2cadd,UNLINKED_LIST_ITEM,True
,901827b6-fa99-57c6-9b76-68943fd532e3,UNLINKED_LIST_ITEM,True
,3a1bb6c4-88a8-54cd-8b95-db3178794fd4,UNLINKED_LIST_ITEM,True
,64747855-d515-595e-9e37-eb8e1c988ae5,UNLINKED_LIST_ITEM,True
,19949b6f-388d-5842-8982-253aa142f975,UNLINKED_LIST_ITEM,True
,18122e78-8a9f-51ec-929d-6dd5185e0ccb,UNLINKED_LIST_ITEM,True
,58563c01-5d5e-51db-9a71-a3eff8faa952,UNLINKED_LIST_ITEM,True
,18643e38-3f0f-5c9f-b9a6-ab5454e3b772,UNLINKED_LIST_ITEM,True
,3d902c6c-a76a-59e3-b5f0-82f170caea8c,UNLINKED_LIST_ITEM,True
,61eb76fb-70ff-5e42-b6ad-0dca08aa839c,UNLINKED_LIST_ITEM,True
,e02fdbbc-f4a6-5e0f-b84c-18a814e32b92,UNLINKED_LIST_ITEM,True
,364ae2a1-10f1-5050-8855-44639ce84817,UNLINKED_LIST_ITEM,True
,d9ba57f9-c63a-5c47-a776-0124d05b8aab,UNLINKED_LIST_ITEM,True
,3352b39b-d170-5f13-b534-92858078b74b,UNLINKED_LIST_ITEM,True
,adb599dc-a45d-5e99-aeb9-381fb70364ad,UNLINKED_LIST_ITEM,True
,b6b882ba-be0f-5d8f-bbf3-5070de0ef729,UNLINKED_LIST_ITEM,True
,a20ae707-2052-5555-95fd-9277e5f0cbd2,UNLINKED_LIST_ITEM,True
,8dadd032-f7f6-523c-abf9-792996e9b45a,UNLINKED_LIST_ITEM,True
,136e7994-4587-575b-a949-583e4ecbe1f3,UNLINKED_LIST_ITEM,True
,95591b62-87ca-5c5a-94ac-b62fbef24e10,UNLINKED_LIST_ITEM,True
,d274966f-facc-5d5a-8643-198d007efa9e,UNLINKED_LIST_ITEM,True
,f22f56b9-3151-5f1d-b2f4-844865cde2d5,UNLINKED_LIST_ITEM,True
,2d23ce5c-7635-5a03-86d0-8599c5c19905,UNLINKED_LIST_ITEM,True
,234f42ab-8070-5355-add6-6d76f69b48ed,UNLINKED_LIST_ITEM,True
,c2c91a9b-9dc3-55a1-b9f6-d6550f07f0a7,UNLINKED_LIST_ITEM,True
,f0ffbcbe-69f9-5cfb-9f97-9cf3a3281b64,UNLINKED_LIST_ITEM,True
,fb644476-fb90-5446-a40e-94bc0b38faaf,UNLINKED_LIST_ITEM,True
,d3f04342-6351-51b5-80d7-f358e42f4c66,UNLINKED_LIST_ITEM,True
,4db25995-531c-58a3-95f8-abb43d19daa3,UNLINKED_LIST_ITEM,True
,6f9c0acb-b64d-50ab-bdb4-020a885c5362,UNLINKED_LIST_ITEM,True
,35671de4-b482-5c73-9742-59633f94790a,UNLINKED_LIST_ITEM,True
,449e7bfb-7544-5186-b04b-557ceafed7f4,UNLINKED_LIST_ITEM,True
,98241974-ea5b-59c5-bed8-c107d73513be,UNLINKED_LIST_ITEM,True
,41cc7255-c0f0-5ac3-ae9c-9c714df6e5a5,UNLINKED_LIST_ITEM,True
,81a8e3be-836b-5dfc-bafb-81467a33938d,UNLINKED_LIST_ITEM,True
,07db8e3b-f5be-569b-a29d-0af4d870f20c,UNLINKED_LIST_ITEM,True
,2d8f532e-02ec-52b4-8805-abd4ffab8ba9,UNLINKED_LIST_ITEM,True
,0c14543f-c42b-50c4-9dcf-f442cb0ec88c,UNLINKED_LIST_ITEM,True
,5ce3403d-ef3b-5a00-b396-2391d5864d87,UNLINKED_LIST_ITEM,True
,1b58c39c-c113-55d0-acdf-3db714d445e1,UNLINKED_LIST_ITEM,True
,51b37354-d30d-559e-b76c-13b8575be2f4,UNLINKED_LIST_ITEM,True
,09d3b7b8-e513-56d9-81f6-a72df9e5563f,UNLINKED_LIST_ITEM,True
,0ba71b25-f6d2-53c0-b78d-bf8142de80a2,UNLINKED_LIST_ITEM,True
,e9fca3ee-ad2c-5f5b-ba5a-f7593c6ff686,UNLINKED_LIST_ITEM,True
,63be85cd-8fe5-5bd0-997a-f44f3fe9dc87,UNLINKED_LIST_ITEM,True
,cfd2a93b-ce91-5fe1-bf6c-e4694a7b0de9,UNLINKED_LIST_ITEM,True
,3dcc7c39-5f7a-595e-a7a9-8de6cf20f17d,UNLINKED_LIST_ITEM,True
,118eacea-ad89-500f-b7e2-463d4ce82c74,UNLINKED_LIST_ITEM,True
,26ee0625-740d-5ea8-9351-0808f9ad351a,UNLINKED_LIST_ITEM,True
,9a73475f-2846-5cfd-9004-5a3a5d2ef3b1,UNLINKED_LIST_ITEM,True
,11bac1a1-c800-54cb-9bbe-14bd98c13b6e,UNLINKED_LIST_ITEM,True
,8ec651b1-6352-55ba-8d03-5694a6343ca9,UNLINKED_LIST_ITEM,True
,74f8f9a1-b7d9-562c-9cea-dbd40035a3b0,UNLINKED_LIST_ITEM,True
,b2aec17d-7ba7-528e-a2fd-b4ccfef7064f,UNLINKED_LIST_ITEM,True
,c85f2e3e-0070-50ff-ab5f-13fdfc88d970,UNLINKED_LIST_ITEM,True
,624b0748-d1ad-5ff3-bdcf-e35c73e7c6a8,UNLINKED_LIST_ITEM,True
,6fa9b868-d37e-542e-a910-b17b82443532,UNLINKED_LIST_ITEM,True
,66fe99fe-84c7-57be-a721-ca067bdab243,UNLINKED_LIST_ITEM,True
,c7df44d2-171e-593a-8bfb-6cfe38d7710f,UNLINKED_LIST_ITEM,True
,4c2f60cf-3217-58c0-b50f-492080a08a23,UNLINKED_LIST_ITEM,True
,0a7c5174-9a95-55f6-b2b4-5770f0b9cad2,UNLINKED_LIST_ITEM,True
,9b87adc3-e125-5bd4-a32a-b82fb3e75036,UNLINKED_LIST_ITEM,True
,f01d1e9e-12a1-5d8f-b043-03b5458653e0,UNLINKED_LIST_ITEM,True
,93ea5959-38cf-524c-a21c-cee82e38afa0,UNLINKED_LIST_ITEM,True
,758125dd-48fb-560f-8e4d-a8d00ea26888,UNLINKED_LIST_ITEM,True
,ce40af1f-fca7-5758-bfaf-8f162500ca27,UNLINKED_LIST_ITEM,True
,a8fb62c4-147b-5ffc-9c28-12c648979b4d,UNLINKED_LIST_ITEM,True
,7301d003-13cd-5584-bdc7-02c3a08ae705,UNLINKED_LIST_ITEM,True
,7c44bc21-c2ed-5820-b6f6-b00c02e4e1ed,UNLINKED_LIST_ITEM,True
,789c86c9-e174-5453-bd3d-cdae3d8af13a,UNLINKED_LIST_ITEM,True
,d72ee403-2f3e-5b9c-b84a-e3c2507b3a86,UNLINKED_LIST_ITEM,True
,16a5a3a4-5d3b-5cda-a732-d99a8c5bb9f8,UNLINKED_LIST_ITEM,True
,0e01f885-adf2-5195-9502-e87098923625,UNLINKED_LIST_ITEM,True
,eb240265-f25c-58cb-acf5-e847508b9303,UNLINKED_LIST_ITEM,True
,db4474c1-5562-5d67-a1e2-87df3b72be4a,UNLINKED_LIST_ITEM,True
,2d7ad54a-56d1-503f-8bfc-a6a3b100c193,UNLINKED_LIST_ITEM,True
,945466a7-dce9-55cf-918b-4f39d64fc9c8,UNLINKED_LIST_ITEM,True
,e480227d-cfa5-5eb7-8008-8472faef2f4a,UNLINKED_LIST_ITEM,True
,3b25a56a-b6df-524e-b72e-3282c200b8d7,UNLINKED_LIST_ITEM,True
,eb32b34c-2707-5a7d-a228-260c2d807861,UNLINKED_LIST_ITEM,True
,14e28ca8-fe6b-5f08-9b80-abaa134f239a,UNLINKED_LIST_ITEM,True
,dfe43596-4423-5cf4-8d18-551dd16b1043,UNLINKED_LIST_ITEM,True
,220d0a3d-8dc8-5852-9cef-50c715399a83,UNLINKED_LIST_ITEM,True
,414582b9-766a-57a9-965f-11b2a4def4c3,UNLINKED_LIST_ITEM,True
,28911387-248b-5db1-8f88-0a453410fcbf,UNLINKED_LIST_ITEM,True
,9c8e5ea8-cbcb-562b-9547-12bbfdaab752,UNLINKED_LIST_ITEM,True
,51457513-f8e1-59e5-97cb-7b592ea13a06,UNLINKED_LIST_ITEM,True
,418f1e13-e682-55e9-a813-0f751c65791e,UNLINKED_LIST_ITEM,True
,21ee364b-16db-5d84-85de-446fc911aed7,UNLINKED_LIST_ITEM,True
,eaa42bf3-8f45-5e5a-adbe-863c264a0375,UNLINKED_LIST_ITEM,True
,862afba5-e2fc-5672-b80d-87b3e5120227,UNLINKED_LIST_ITEM,True
,ed3f6c81-b19e-5587-8711-5ba6f4b938e4,UNLINKED_LIST_ITEM,True
,1526e11a-a76f-5e83-88f9-69d350716d16,UNLINKED_LIST_ITEM,True
,eb799560-b3b9-5217-a3ac-a6ccfd4a5129,UNLINKED_LIST_ITEM,True
,9eaeb6be-9df2-5ee1-b418-99561cd1c960,UNLINKED_LIST_ITEM,True
,534653de-44d3-5d41-b200-cf9306a317ee,UNLINKED_LIST_ITEM,True
,aa2b3f72-3876-5fb8-a61d-e9cfbcb953ce,UNLINKED_LIST_ITEM,True
,65ce569a-6e55-5ac4-9f76-b0f9cf7617f0,UNLINKED_LIST_ITEM,True
,4e704bc3-a6c9-5a53-a076-16a6a8203bd1,UNLINKED_LIST_ITEM,True
,e7bb96ee-7047-5789-b6fc-5824b41a53dd,UNLINKED_LIST_ITEM,True
,db79d771-c74a-50fb-a201-969c515ac81d,UNLINKED_LIST_ITEM,True
,bd0f4bbb-0fde-543d-a69e-06e70ae86b00,UNLINKED_LIST_ITEM,True
,c79a1ae1-7047-5607-a2a0-25dde5648678,UNLINKED_LIST_ITEM,True
,b2bf4996-7810-569f-9cc4-5ad09bc2b11b,UNLINKED_LIST_ITEM,True
,fe5fea19-eaeb-551e-807b-2813588a107a,UNLINKED_LIST_ITEM,True
,6f2ab793-06a2-56ca-975d-56938673b22b,UNLINKED_LIST_ITEM,True
,225cbca5-3379-5e71-9ec8-a275f3c840a4,UNLINKED_LIST_ITEM,True
,6ba03fa1-6217-50d6-b0b2-956a32f55cae,UNLINKED_LIST_ITEM,True
,b3c3582d-d731-5956-acb8-1e5e60f90a5e,UNLINKED_LIST_ITEM,True
,cbc4a63b-cb8d-56ff-a164-a2da191985d9,UNLINKED_LIST_ITEM,True
,d6e493ef-37c8-51a2-bd68-90de3c18d3f1,UNLINKED_LIST_ITEM,True
,bd69bf31-e753-5033-95b4-08fd4c6d508e,UNLINKED_LIST_ITEM,True
,5e7f00b7-d738-5494-9d72-3b2b80a028f4,UNLINKED_LIST_ITEM,True
,b59cf249-a786-519e-91c9-4d0067b3274c,UNLINKED_LIST_ITEM,True
,8fdb25c6-961c-56cc-ae3d-f4e991e69b8e,UNLINKED_LIST_ITEM,True
,ebf805d4-87c3-5771-a5ad-24ab98c7b4bf,UNLINKED_LIST_ITEM,True
,f4a50a17-0276-5d9c-a92e-da48024e7afc,UNLINKED_LIST_ITEM,True
,b5e0189d-534e-5503-a685-7ab1abc7befa,UNLINKED_LIST_ITEM,True
,c82ab335-5371-52d7-8167-74ef341ed3ae,UNLINKED_LIST_ITEM,True
,2783cc7a-31e6-5a40-9e54-4fe48787ea53,UNLINKED_LIST_ITEM,True
,1e93d3b1-4060-58ce-af59-2d42e362b920,UNLINKED_LIST_ITEM,True
,85415865-e530-5a9a-8140-17b90f074f41,UNLINKED_LIST_ITEM,True
,9639842e-3aac-58ff-9fef-89454201deb7,UNLINKED_LIST_ITEM,True
,9cb47ccb-8fbe-58ea-9708-8623deead0f9,UNLINKED_LIST_ITEM,True
,c0f70619-9265-5254-a9be-268881990e65,UNLINKED_LIST_ITEM,True
,e754e930-06cf-59aa-b39a-5ff76fdb64dc,UNLINKED_LIST_ITEM,True
,ac87d00c-5f02-5281-a28a-72e4114b56cc,UNLINKED_LIST_ITEM,True
,b9057b6f-daaa-5643-bb9b-5c61b0f4ee84,UNLINKED_LIST_ITEM,True
,8bf5b78b-61fe-5873-96cc-ea1e78f29204,UNLINKED_LIST_ITEM,True
,fab6b73d-0626-50a5-a6fb-de31eeff72e2,UNLINKED_LIST_ITEM,True
,ef325a56-dbe7-5547-85ae-9dd9cd9cd327,UNLINKED_LIST_ITEM,True
,c3d7fc6c-028d-57df-b799-dc447d2be669,UNLINKED_LIST_ITEM,True
,66fef7bf-76d3-5d47-b065-99b4ec28fed9,UNLINKED_LIST_ITEM,True
,34593acd-de7e-5a05-8d4c-8ac372825f1e,UNLINKED_LIST_ITEM,True
,22c381e7-87a6-537a-86cf-eba1a79e2cdf,UNLINKED_LIST_ITEM,True
,63b5b720-2407-58c8-87e1-0c54178b5002,UNLINKED_LIST_ITEM,True
,542f4f80-8966-57a5-89fd-94872f65f0ac,UNLINKED_LIST_ITEM,True
,6cdadbf1-05fe-56e5-835f-c99468215aeb,UNLINKED_LIST_ITEM,True
,c9ab4864-d221-5db7-8508-ba4124a0247b,UNLINKED_LIST_ITEM,True
,cc575d9c-7bd8-5cf5-9483-fef69459a068,UNLINKED_LIST_ITEM,True
,9e5a9204-9aeb-5b52-afc5-607d27cc7177,UNLINKED_LIST_ITEM,True
,26b35d75-820d-59ca-a9ad-3539489ca205,UNLINKED_LIST_ITEM,True
,e0ba592c-7d73-5297-9629-aaf8fc5b8189,UNLINKED_LIST_ITEM,True
,2ab52458-c37e-5214-a048-df04f3a8df22,UNLINKED_LIST_ITEM,True
,eefcb049-f248-5f5d-9f51-b40a013b5e96,UNLINKED_LIST_ITEM,True
,2020b3eb-94d0-5060-9647-3349f9e973bb,UNLINKED_LIST_ITEM,True
,48a5c06b-bdad-5f2b-a4bb-9884cb6100b0,UNLINKED_LIST_ITEM,True
,19ba3b31-cc2b-5464-8164-dc1f891db921,UNLINKED_LIST_ITEM,True
,a901fb75-b67c-5bb7-8d81-70e5b27e55a5,UNLINKED_LIST_ITEM,True
,b8e1d0d3-6acf-5546-b614-c093e63824d2,UNLINKED_LIST_ITEM,True
,c96f4593-ab59-5fb3-ae81-43f97d735eb7,UNLINKED_LIST_ITEM,True
,9e593c2e-ea58-59b6-9115-50626ec70410,UNLINKED_LIST_ITEM,True
,ceb89a8d-62c1-5781-8418-6b79cca81af6,UNLINKED_LIST_ITEM,True
,4578c3d7-64e7-5a7b-8717-31cd6540e18b,UNLINKED_LIST_ITEM,True
,f6875140-27b1-5823-849c-b73cee229eb6,UNLINKED_LIST_ITEM,True
,5c947a47-0021-5b1c-bf5c-ae131d4ca63a,UNLINKED_LIST_ITEM,True
,d0ae08b6-61ed-57b1-b16d-03cfee48478c,UNLINKED_LIST_ITEM,True
,2d606278-db98-5c54-be28-b0ac960e7c9d,UNLINKED_LIST_ITEM,True
,7832c30a-ab74-5fa4-84b4-82300f2f3e2a,UNLINKED_LIST_ITEM,True
,9979ed81-c9ce-591c-96f2-bc356f9d6f7a,UNLINKED_LIST_ITEM,True
,b19e417a-576d-5737-a650-b0c1efa152d1,UNLINKED_LIST_ITEM,True
,96c57879-e83d-5252-b4cf-f5bf04b53db2,UNLINKED_LIST_ITEM,True
,9409e61d-b304-57a8-b306-ecf1d5a72293,UNLINKED_LIST_ITEM,True
,e1b7a35c-3e25-5ba8-963a-c33c843749b1,UNLINKED_LIST_ITEM,True
,ff21bc3d-c84e-54cb-961a-44f51e00f418,UNLINKED_LIST_ITEM,True
,ea71b32e-c831-558e-a2f8-3dd4a02fc48c,UNLINKED_LIST_ITEM,True
,8e3867df-2401-5b4c-b9ab-57be2d1a6424,UNLINKED_LIST_ITEM,True
,ee11f16a-caad-5aa2-acd1-a5ac089ecad2,UNLINKED_LIST_ITEM,True
,110d83a7-bb84-5075-9464-18969fc96b23,UNLINKED_LIST_ITEM,True
,4617d997-0cda-5d16-82e2-87dc335eba64,UNLINKED_LIST_ITEM,True
,554c946d-fd89-503f-ba38-d86abd862eff,UNLINKED_LIST_ITEM,True
,5e239c7f-dba1-5eec-9a4d-b2ea68a94dbf,UNLINKED_LIST_ITEM,True
,3c7c4902-65d2-5d08-9654-742f81174e10,UNLINKED_LIST_ITEM,True
,2c6d3901-0bee-5978-9949-f777aff33b7d,UNLINKED_LIST_ITEM,True
,5dfb8331-5c83-53e0-a965-1c4a0ca7f7c0,UNLINKED_LIST_ITEM,True
,2e02dafc-7e9f-5a34-a92c-045d3c3be764,UNLINKED_LIST_ITEM,True
,a6338b83-21d2-542e-be72-72f269f51cfc,UNLINKED_LIST_ITEM,True
,3c994672-80e6-5d78-ace8-1a22c201f9d4,UNLINKED_LIST_ITEM,True
,561266c0-9d06-5f33-8a0d-66583b058ebb,UNLINKED_LIST_ITEM,True
,77676aa2-200d-5bd8-b546-9d6e3be80efb,UNLINKED_LIST_ITEM,True
,0c3f46ce-8e2a-53da-996e-b14da834b0a6,UNLINKED_LIST_ITEM,True
,fa8b8e4d-5e42-5a14-8876-25017953712b,UNLINKED_LIST_ITEM,True
,75fa145d-bf84-50ca-965f-e5dd724e7dea,UNLINKED_LIST_ITEM,True
,bfaa8954-b90c-59ca-a1a9-c8dc2628b137,UNLINKED_LIST_ITEM,True
,226f46c9-89e2-547a-ae04-5e077f6ef722,UNLINKED_LIST_ITEM,True
,bbbd8c9c-9607-515e-a051-6424eec60cd6,UNLINKED_LIST_ITEM,True
,fc036079-7e33-5898-9424-27cd79ac1bae,UNLINKED_LIST_ITEM,True
,ee8848e8-4e62-5bb4-a171-80f80c272815,UNLINKED_LIST_ITEM,True
,62c9a00d-cfd1-59f9-b80e-3c0cc453e7e5,UNLINKED_LIST_ITEM,True
,7c2039a7-35eb-5da0-a83e-e94afc3d3f15,UNLINKED_LIST_ITEM,True
,d243346a-ffa9-5c8c-9ec8-d738577b9e55,UNLINKED_LIST_ITEM,True
,39c06773-527e-55f2-9f45-c45f60d125a9,UNLINKED_LIST_ITEM,True
,01ec1547-90f9-544e-abfa-cb298ba384a5,UNLINKED_LIST_ITEM,True
,a551370d-5ba9-5b6e-ac8c-3ba4115e4793,UNLINKED_LIST_ITEM,True
,6f003c99-2234-5faf-b119-c94cacffe5de,UNLINKED_LIST_ITEM,True
,9816e5e8-92a3-50b0-8d30-def24f49a4fe,UNLINKED_LIST_ITEM,True
,fb16c575-b63e-52dc-9c00-7c737c5f54ca,UNLINKED_LIST_ITEM,True
,f8e48681-7925-57d7-bea3-3254c985bc57,UNLINKED_LIST_ITEM,True
,fef58514-e690-526f-8928-930545e1f404,UNLINKED_LIST_ITEM,True
,6171dbd9-04e2-5f97-8f90-0809721cf39f,UNLINKED_LIST_ITEM,True
,78fe2503-4aab-52d2-8cfa-7d6741face43,UNLINKED_LIST_ITEM,True
,ffc54bbe-ce2e-5b8d-9f90-e75da329fd81,UNLINKED_LIST_ITEM,True
,72df8e1d-9ba4-55f9-948f-6b2687fb6bfd,UNLINKED_LIST_ITEM,True
,c4c17f4a-033f-531b-a956-a286c9824d12,UNLINKED_LIST_ITEM,True
,0b0f476e-1c4e-5c2a-b395-e22ad3082a08,UNLINKED_LIST_ITEM,True
,0b904d7c-4195-56c5-8dc9-fcd1164fe0c9,UNLINKED_LIST_ITEM,True
,bd200658-9cca-5b92-b477-4d0da86b8830,UNLINKED_LIST_ITEM,True
,59ae8d5e-3766-59ad-ad18-2cf1bd31138b,UNLINKED_LIST_ITEM,True
,fa25506e-ef0e-5724-956a-b652a27ee1f9,UNLINKED_LIST_ITEM,True
,38940f21-bdf8-5e51-a6a0-51d92c6c4da9,UNLINKED_LIST_ITEM,True
,1c34eb91-a3c4-50f9-adbf-5294b34f534e,UNLINKED_LIST_ITEM,True
,9d7a5071-912f-599e-a005-f1945848abb5,UNLINKED_LIST_ITEM,True
,85f90fbf-eaf9-5089-81f6-9b58acd5bfd6,UNLINKED_LIST_ITEM,True
,f3cebe32-c006-555a-b77b-5b5e8b33b6c4,UNLINKED_LIST_ITEM,True
,cdf8b478-ba1f-5162-b4a5-ba9dfa22f974,UNLINKED_LIST_ITEM,True
,f4d86ee1-634f-540b-9a2a-42bbdc59be14,UNLINKED_LIST_ITEM,True
,591a2d80-c126-54d8-b782-901095cddfd5,UNLINKED_LIST_ITEM,True
,b224a7ae-012b-50c9-aaf6-44b4c2d482a1,UNLINKED_LIST_ITEM,True
,1be048ac-5a44-5174-b2b3-7728aec7c823,UNLINKED_LIST_ITEM,True
,8113aef0-9101-570b-a537-0667b5e3a4b5,UNLINKED_LIST_ITEM,True
,42b4af62-9311-5cd1-a0c0-a6e117260cc7,UNLINKED_LIST_ITEM,True
,12b42e82-cdaa-516a-9ce1-8e2adeb3df7f,UNLINKED_LIST_ITEM,True
,78f821c2-0ba5-51a1-975c-5b5dac0d2666,UNLINKED_LIST_ITEM,True
,f2948457-b8bf-5c82-b2ef-adb505493317,UNLINKED_LIST_ITEM,True
,40cd6382-855b-5a78-8c83-59590ae0804c,UNLINKED_LIST_ITEM,True
,61bf5bb8-3985-5027-bcb4-2593169db8c9,UNLINKED_LIST_ITEM,True
,deef555d-e0f2-559a-9066-2dbd3a8ec425,UNLINKED_LIST_ITEM,True
,269551db-4fbc-543c-af6f-ad1289a701d7,UNLINKED_LIST_ITEM,True
,4de3faf6-de92-5dbf-8178-edcb4d00d585,UNLINKED_LIST_ITEM,True
,6c068587-35b3-5581-a987-146aa12e0e2d,UNLINKED_LIST_ITEM,True
,7591919f-94b8-5390-9717-4dd0c166c4de,UNLINKED_LIST_ITEM,True
,1d06feb0-34ca-5071-9f27-846cde65e390,UNLINKED_LIST_ITEM,True
,e0d5aeae-ffd2-55ec-8191-5eeff01e5a89,UNLINKED_LIST_ITEM,True
,ef91c677-7b5c-525d-9a26-a791b0f7c0e6,UNLINKED_LIST_ITEM,True
,d7f2647c-97ca-5547-bd89-6c30bf521e4b,UNLINKED_LIST_ITEM,True
,4de0cec7-c7b8-5610-ba6d-d21e4bab942e,UNLINKED_LIST_ITEM,True
,6a087944-4319-5afd-9a1a-047902b6ef4a,UNLINKED_LIST_ITEM,True
,4cf725ab-366c-5e9e-9b09-da2ca353baa8,UNLINKED_LIST_ITEM,True
,a80b86e5-8db4-5a46-b783-15f4ed8a5516,UNLINKED_LIST_ITEM,True
,0752255f-5ae7-55c2-acef-95231e0d6cee,UNLINKED_LIST_ITEM,True
,a28ac34d-680b-5d69-a839-172bfb548e16,UNLINKED_LIST_ITEM,True
,8bac7da4-2e12-5421-bc17-86a1cdd10a5f,UNLINKED_LIST_ITEM,True
,edaf32f6-2cca-59d9-9d7a-584a578d7629,UNLINKED_LIST_ITEM,True
,83697ab9-71f7-5981-acfe-72ba2bfabb48,UNLINKED_LIST_ITEM,True
,fb5fb451-16b5-521a-9d31-ac6f6e77e493,UNLINKED_LIST_ITEM,True
,6f76ad7a-97c4-57d3-a271-b27ad4462af7,UNLINKED_LIST_ITEM,True
,324ebfff-bb4e-5010-9cc5-8ebc88e1d801,UNLINKED_LIST_ITEM,True
,d9dcc879-6afb-5dc8-a782-6ae7184c04d1,UNLINKED_LIST_ITEM,True
,ea08e456-b80c-5560-8d83-38dc8f3ab0fe,UNLINKED_LIST_ITEM,True
,690f5892-4086-553a-8101-76bf09250b2e,UNLINKED_LIST_ITEM,True
,6decca7e-7147-52b2-8106-2cf80d08cb4a,UNLINKED_LIST_ITEM,True
,765d3e98-d9be-5dd7-b7f6-d2448fde90a0,UNLINKED_LIST_ITEM,True
,08b7aa9f-e351-5acd-ab31-6d0deba41314,UNLINKED_LIST_ITEM,True
,2da4d133-dfc5-5db6-a51a-cf832f8293ad,UNLINKED_LIST_ITEM,True
,0296772c-9247-5b51-b876-9ac9750540ae,UNLINKED_LIST_ITEM,True
,65b1fc57-0136-5337-ab95-ec80cfcb822f,UNLINKED_LIST_ITEM,True
,8ced75a8-18a0-5be6-b0cc-c7fa8a094f16,UNLINKED_LIST_ITEM,True
,74995a43-4a12-5af3-b7ab-8c475f6f8499,UNLINKED_LIST_ITEM,True
,a8c83812-a619-538e-b608-c59179cb2f3f,UNLINKED_LIST_ITEM,True
,f6bcd109-bc8a-5995-86ed-df6293e17f35,UNLINKED_LIST_ITEM,True
,1cb3d0f4-5d26-5f44-bd13-aea9bb64bb72,UNLINKED_LIST_ITEM,True
,2a62fc28-0ae4-5336-8d25-7d3731c824d4,UNLINKED_LIST_ITEM,True
,0a18bfec-ac41-5380-8d1f-1dd09b12d13a,UNLINKED_LIST_ITEM,True
,cc0916b9-53f9-5123-a209-7ab226a5938a,UNLINKED_LIST_ITEM,True
,ef263aea-b2c3-5859-ab93-b92de212307d,UNLINKED_LIST_ITEM,True
,ce1205db-a988-5c6c-9c0e-93c7fe82d41d,UNLINKED_LIST_ITEM,True
,4919f31b-c1d8-5647-a805-7808abe7b372,UNLINKED_LIST_ITEM,True
,9edf0026-69f7-5ec9-aee5-bfac49976eca,UNLINKED_LIST_ITEM,True
,0881e93c-cb18-5757-b881-c60ad9077974,UNLINKED_LIST_ITEM,True
,c6eb6400-5f8b-57d2-9438-202efd0e3676,UNLINKED_LIST_ITEM,True
,5b8023de-1f8a-5d51-adf4-763d82b78545,UNLINKED_LIST_ITEM,True
,fadf1bf9-3484-5cba-bd01-dd8fa5fb6fcf,UNLINKED_LIST_ITEM,True
,79ef450b-d4c8-52b6-b953-03f3664cd3fa,UNLINKED_LIST_ITEM,True
,4c829e43-d95b-57ba-80c9-80358bfc0015,UNLINKED_LIST_ITEM,True
,003dc1d0-1cc0-524e-8c98-a95be6d87363,UNLINKED_LIST_ITEM,True
,9e1062a9-b7cd-5136-b0e9-b82925e94c44,UNLINKED_LIST_ITEM,True
,534377fc-8aa4-5d9f-9efd-3c65a4062014,UNLINKED_LIST_ITEM,True
,65ed1a2e-93d9-5207-8a2d-9211d0b54448,UNLINKED_LIST_ITEM,True
,c536f441-9d54-5426-b041-90adad527675,UNLINKED_LIST_ITEM,True
,e9c3b6d7-4c6a-56c6-b775-e69e959cf5ab,UNLINKED_LIST_ITEM,True
,645180ca-12a5-5f85-bace-17c40840f365,UNLINKED_LIST_ITEM,True
,1284f33b-86d6-5d9a-81de-b249b157d994,UNLINKED_LIST_ITEM,True
,ad954577-2693-5dfe-bbac-60b5b543087b,UNLINKED_LIST_ITEM,True
,4e34e7a2-a85b-53b7-a1ec-bae40b091229,UNLINKED_LIST_ITEM,True
,34266e55-ecbb-5b15-b53d-f7dc9aedc36c,UNLINKED_LIST_ITEM,True
,5b7592b0-3ee5-552f-979b-78f5bed8811b,UNLINKED_LIST_ITEM,True
,6d10988c-b5d5-5a54-bdfb-ac52d06c898e,UNLINKED_LIST_ITEM,True
,505de346-652a-56b8-b7e9-40e6e9c7c56e,UNLINKED_LIST_ITEM,True
,780e27dd-ef6c-5b45-9e3f-01ee18bb4d29,UNLINKED_LIST_ITEM,True
,6fc8a852-cf18-516b-9a2b-3d173b9aa6d2,UNLINKED_LIST_ITEM,True
,bd461f09-7d12-59e2-a738-a452d84fa50f,UNLINKED_LIST_ITEM,True
,4666b86a-82ce-5b14-8c36-e9de9ea8ad02,UNLINKED_LIST_ITEM,True
,ea672c89-f64d-5102-b516-2819423edf33,UNLINKED_LIST_ITEM,True
,5f4f56c0-3807-550e-a14f-b8b94f80fc3b,UNLINKED_LIST_ITEM,True
,d95f174e-47e4-58a5-bb1f-d90ecebb1f03,UNLINKED_LIST_ITEM,True
,b81b41e8-5043-552d-a1aa-bfd69f21c689,UNLINKED_LIST_ITEM,True
,597fac6e-eb1b-5013-a02a-a38da5cf5c29,UNLINKED_LIST_ITEM,True
,553514d9-7a3e-5c8b-a24f-c8460c65c2c9,UNLINKED_LIST_ITEM,True
,4145d2be-139e-5a12-aed2-dd3d199720a5,UNLINKED_LIST_ITEM,True
,48553032-7f16-5a2f-8416-5c2999ea24a1,UNLINKED_LIST_ITEM,True
,314fc0c9-8d89-5a70-9cb0-8c2f6a642b29,UNLINKED_LIST_ITEM,True
,c995a017-18e6-531e-b2e6-3b7de22d6678,UNLINKED_LIST_ITEM,True
,e604c545-e570-5d54-8ee9-2251b2c25548,UNLINKED_LIST_ITEM,True
,6d2bf78d-baa2-5d99-9a2e-f3385c97e879,UNLINKED_LIST_ITEM,True
,dd0075fa-6599-5085-b4b2-b268fb51599a,UNLINKED_LIST_ITEM,True
,a808e57b-8e2b-58b8-9d29-0b871bc8c593,UNLINKED_LIST_ITEM,True
,eb636a24-32ff-558b-a030-40729a0fede9,UNLINKED_LIST_ITEM,True
,b2fefa05-39e0-52cd-9688-791392dbfd75,UNLINKED_LIST_ITEM,True
,6d144e21-7f2b-5799-9de7-be106b531ce9,UNLINKED_LIST_ITEM,True
,7a5d5efa-86a5-5f77-b165-333f8e687d0f,UNLINKED_LIST_ITEM,True
,5fb40631-e9a3-5fb3-9a0d-022d228aff4d,UNLINKED_LIST_ITEM,True
,269ff65c-babc-5623-8b5b-9a6d528c6cea,UNLINKED_LIST_ITEM,True
,48930922-f706-574d-8619-edc0e5620769,UNLINKED_LIST_ITEM,True
,c8443a65-0d22-5619-a9bf-9dcfd0a05d1a,UNLINKED_LIST_ITEM,True
,81289916-daee-5f20-af00-0edd1abf8fc5,UNLINKED_LIST_ITEM,True
,73ffe71f-96ec-514a-97dc-8527bbaae3f7,UNLINKED_LIST_ITEM,True
,0ea7a328-5cfa-5499-8c48-0228182adbaa,UNLINKED_LIST_ITEM,True
,85b8dcdc-1af3-51ef-a93e-0189ebc233ae,UNLINKED_LIST_ITEM,True
,0d327edc-b9f3-5541-ae38-c534332bc853,UNLINKED_LIST_ITEM,True
,41cb2f45-13dc-5c3f-bf9b-8cd31fd8097e,UNLINKED_LIST_ITEM,True
,1dccaa02-81a9-53e4-800d-5512b91dc72a,UNLINKED_LIST_ITEM,True
,a14d70b7-e4ba-52bc-a293-488a527d5bbb,UNLINKED_LIST_ITEM,True
,4333e20a-1d90-5e51-9be0-75582981fa31,UNLINKED_LIST_ITEM,True
,705bc4ec-b6ee-54b5-aee2-3160052f598b,UNLINKED_LIST_ITEM,True
,4ee07f55-d515-5b9a-bc04-f8b2bac2962d,UNLINKED_LIST_ITEM,True
,d459bcdf-0fa5-582c-bc69-1b9222f3222b,UNLINKED_LIST_ITEM,True
,0ac38507-3852-5158-bba2-1b067ec1540b,UNLINKED_LIST_ITEM,True
,9eae2068-f79e-5bb2-909e-9ee9ccca4d42,UNLINKED_LIST_ITEM,True
,5de7b8c9-89df-5f87-b429-f9c73928c297,UNLINKED_LIST_ITEM,True
,4d008b78-68cf-5064-b02e-0e79d3b157d6,UNLINKED_LIST_ITEM,True
,a3ba8f9c-fe76-5e2b-81a2-63d07444bdd9,UNLINKED_LIST_ITEM,True
,2af74291-fc19-54ee-8c8e-4d70edc942a5,UNLINKED_LIST_ITEM,True
,42bcf44f-1511-58b0-8b49-3cc0efb0c65b,UNLINKED_LIST_ITEM,True
,2470cc33-8550-515f-b57e-f095d30c0a49,UNLINKED_LIST_ITEM,True
,6e1a906d-40e9-5153-aacc-ca97dd82657c,UNLINKED_LIST_ITEM,True
,7ea245fd-2b36-5f30-a643-6d88b7211c57,UNLINKED_LIST_ITEM,True
,5bf79df4-74d3-53af-91b8-f6105fb55339,UNLINKED_LIST_ITEM,True
,c18aa2a6-9da9-563c-9b01-fdc086a563e1,UNLINKED_LIST_ITEM,True
,ea1ac38e-64d6-5ce9-a75c-646e48097c40,UNLINKED_LIST_ITEM,True
,b6111d6f-613e-5180-a2fc-e0428edf9741,UNLINKED_LIST_ITEM,True
,2911abb4-7325-52ed-bc29-b88d1c60158c,UNLINKED_LIST_ITEM,True
,8d416e84-6fc0-517c-bbc0-1ba61ebb0173,UNLINKED_LIST_ITEM,True
,f4c633ce-55a8-5765-a1b5-fccd6cc6bdfa,UNLINKED_LIST_ITEM,True
,11a9b78d-9030-5244-b878-5d63d9d5bb2c,UNLINKED_LIST_ITEM,True
,c13afcb0-da3a-5224-b91e-184893d6ee72,UNLINKED_LIST_ITEM,True
,65cef8f9-05cf-5d67-a3f4-d43463008b02,UNLINKED_LIST_ITEM,True
,3ff85240-026c-534b-9141-7911f48e4599,UNLINKED_LIST_ITEM,True
,968284fe-3ffd-56fc-9f95-27f9f9f8b63d,UNLINKED_LIST_ITEM,True
,2df2d4fa-c100-5b1f-8f3f-965cf750e8a4,UNLINKED_LIST_ITEM,True
,c7ecb99b-e136-5b3b-97ee-e5d14e100bdd,UNLINKED_LIST_ITEM,True
,52bec03f-1cc1-5af4-91e8-6fb5b35bbc3d,UNLINKED_LIST_ITEM,True
,aa01c9b8-03d9-57a1-a901-38ade0375bab,UNLINKED_LIST_ITEM,True
,e309bbb9-3193-561c-b232-45aecaf70b4b,UNLINKED_LIST_ITEM,True
,f5137f20-41e8-5269-8cc9-2d895f65884b,UNLINKED_LIST_ITEM,True
,2ba4a8c1-c917-5927-b78f-4c17d859744e,UNLINKED_LIST_ITEM,True
,fca1704c-81d1-5f7c-8d55-d0fa5dc0e608,UNLINKED_LIST_ITEM,True
,9288eede-9192-5769-a2d2-79aa93d9137f,UNLINKED_LIST_ITEM,True
,bde0fe5e-42ef-5f94-8aa4-e2af7c130863,UNLINKED_LIST_ITEM,True
,209b45a4-0223-5f7c-8279-0898b6587977,UNLINKED_LIST_ITEM,True
,390cc017-b11d-50ef-9db9-b027143d98e3,UNLINKED_LIST_ITEM,True
,b9788748-22b3-525e-b74f-99a259a60337,UNLINKED_LIST_ITEM,True
,b65a375b-7ea4-5e91-8f53-85c1512681aa,UNLINKED_LIST_ITEM,True
,5121e2df-c37d-57c1-a501-61a8cd58bea0,UNLINKED_LIST_ITEM,True
,432a2514-45e5-5510-85b8-8a4726f6d24d,UNLINKED_LIST_ITEM,True
,b96d3040-1f45-56a0-9080-e59421df6625,UNLINKED_LIST_ITEM,True
,826335f0-5059-5ad8-81e9-3edeab9fe931,UNLINKED_LIST_ITEM,True
,48108d54-6d0a-5959-9380-c208982b7cd4,UNLINKED_LIST_ITEM,True
,bea4e64c-33cc-5110-b632-dd4c02f7f687,UNLINKED_LIST_ITEM,True
,532ea6fb-0d36-5573-9772-62109060964c,UNLINKED_LIST_ITEM,True
,57cbade6-b309-5d35-927c-1403feebdfed,UNLINKED_LIST_ITEM,True
,d1bddf1d-37e4-5722-9479-5bb189c084c0,UNLINKED_LIST_ITEM,True
,9991955a-513d-52dc-a62e-7d818c8bb88d,UNLINKED_LIST_ITEM,True
,ef9f4c0c-70c5-5d31-99c0-9b66bda032de,UNLINKED_LIST_ITEM,True
,e6e92e26-2443-57d3-aaed-5b0ef86047c1,UNLINKED_LIST_ITEM,True
,40a57ea1-eb50-5fb4-9f68-a1587245d9b7,UNLINKED_LIST_ITEM,True
,c93fcf55-6fca-51bb-a546-ad6a19c6b48b,UNLINKED_LIST_ITEM,True
,ede8b894-9679-5fca-82f1-5d93d75902bb,UNLINKED_LIST_ITEM,True
,7267281b-1992-5dd7-8c9e-134519bfc1b7,UNLINKED_LIST_ITEM,True
,7d964ecb-032a-5355-8301-a25fc1d194df,UNLINKED_LIST_ITEM,True
,37e891e2-f740-5436-b629-fd073195b93a,UNLINKED_LIST_ITEM,True
,0249231c-8309-5f47-8513-1865d723f99c,UNLINKED_LIST_ITEM,True
,727e9784-1de3-5128-a7ca-0f00e18232e5,UNLINKED_LIST_ITEM,True
,eec003c3-1c93-5f89-9d30-dde5669c2a8b,UNLINKED_LIST_ITEM,True
,adc4f764-2140-57a9-be70-b71ecedbddb0,UNLINKED_LIST_ITEM,True
,e7af24e6-84bd-5a7e-ac06-0cd270f6d6f6,UNLINKED_LIST_ITEM,True
,2d0d349a-effe-5185-90d2-f031197c3478,UNLINKED_LIST_ITEM,True
,a0f4c1a3-136b-5686-9f55-2d3cffc4890c,UNLINKED_LIST_ITEM,True
,54dfb683-6b60-508d-a69d-fb585f2cc8aa,UNLINKED_LIST_ITEM,True
,dcf93bc2-3b8e-5c09-9bdb-a73d6e9a7b2d,UNLINKED_LIST_ITEM,True
,ebfe4d85-58fa-5713-b9db-eaa9654ef723,UNLINKED_LIST_ITEM,True
,a0cff5bc-1d12-53f9-ba67-0f76a4286347,UNLINKED_LIST_ITEM,True
,5cc5ca30-239a-59bb-9a80-db06b95c5ec4,UNLINKED_LIST_ITEM,True
,da108fd2-5845-5493-952f-b464c82bc711,UNLINKED_LIST_ITEM,True
,0f2e36b1-af2d-5884-9d00-fb1f8d16e497,UNLINKED_LIST_ITEM,True
,92c20a2a-d8e5-5c0c-9a37-eb8530a61a49,UNLINKED_LIST_ITEM,True
,aa235374-3ded-5a9e-aeec-b645f0917830,UNLINKED_LIST_ITEM,True
,8fe88f0f-8cd5-54a0-a0f8-cc388fbbf04e,UNLINKED_LIST_ITEM,True
,0f3dee14-3eec-5af6-8010-fa4c0f374d84,UNLINKED_LIST_ITEM,True
,34399415-9d8e-5196-b8a2-74a5eb9776d4,UNLINKED_LIST_ITEM,True
,aca4bc98-89d1-5afb-bf44-fc60a31b19ba,UNLINKED_LIST_ITEM,True
,7588e8c2-4ef6-567a-aab8-8d4066e3401e,UNLINKED_LIST_ITEM,True
,9bd00acd-3add-54b1-9a00-5d060c9bd198,UNLINKED_LIST_ITEM,True
,6941f5d8-5e30-5d23-a593-9607f0e41ed9,UNLINKED_LIST_ITEM,True
,01944ed3-c048-5e60-8591-513455020b2a,UNLINKED_LIST_ITEM,True
,83aa3a11-8420-55e8-9c01-72f4a5941bb8,UNLINKED_LIST_ITEM,True
,bacad6bb-6485-5f64-8ab9-2cf1f21f768c,UNLINKED_LIST_ITEM,True
,afd3dac9-db91-5526-9793-dadacbd30f2c,UNLINKED_LIST_ITEM,True
,50dc47fd-f300-5201-aeb6-4d7310a5cdfe,UNLINKED_LIST_ITEM,True
,871ec931-81f5-5273-9221-5ce439078ecf,UNLINKED_LIST_ITEM,True
,55b61d04-9102-569e-ae34-c6e1fa62a028,UNLINKED_LIST_ITEM,True
,c608ee34-9ede-5606-9d21-cb71c1ce5eea,UNLINKED_LIST_ITEM,True
,e6aca4b7-8c78-5f5e-9a5a-c800064ef06c,UNLINKED_LIST_ITEM,True
,52d9151e-b658-58ed-bb84-98203b629174,UNLINKED_LIST_ITEM,True
,e0ca21d0-e44d-5bcb-bc55-ece9564ebd6d,UNLINKED_LIST_ITEM,True
,45a100cd-b2be-5504-9c9e-43a88219e39a,UNLINKED_LIST_ITEM,True
,6f58e040-7bf2-5574-9b77-098f3d6979a4,UNLINKED_LIST_ITEM,True
,b2439b1d-9f90-553a-a59c-15160b79c863,UNLINKED_LIST_ITEM,True
,c47fe8c4-9000-5a5c-969f-3c43260ebc18,UNLINKED_LIST_ITEM,True
,1fce82ad-3d0c-5d4a-855f-5a028a03950e,UNLINKED_LIST_ITEM,True
,13bccd86-8639-5852-8ef1-e4156faba370,UNLINKED_LIST_ITEM,True
,c59218a9-56fc-55e0-85e3-92430df43efe,UNLINKED_LIST_ITEM,True
,a13dd66f-0f83-5737-9593-d5e12b2450a5,UNLINKED_LIST_ITEM,True
,47f44b00-1051-5a00-9e2e-0dd2503618ca,UNLINKED_LIST_ITEM,True
,a3f98964-67c2-599a-a302-b0c92c19a94e,UNLINKED_LIST_ITEM,True
,79c1d2d8-2101-5513-94b8-d77e82f27dcf,UNLINKED_LIST_ITEM,True
,f3562207-bb30-58b6-901c-543bfdf2e802,UNLINKED_LIST_ITEM,True
,3348a5aa-2c6f-58ec-b188-a73a8be9a046,UNLINKED_LIST_ITEM,True
,33aeb997-9e39-5086-a020-038901965fb7,UNLINKED_LIST_ITEM,True
,30b7f52e-31f5-5666-bdbd-db2deea49103,UNLINKED_LIST_ITEM,True
,80b50a9a-fe1a-5e0f-9263-7e0f54d5cfcb,UNLINKED_LIST_ITEM,True
,b9533b64-f661-527c-aa09-b027af824a42,UNLINKED_LIST_ITEM,True
,f423141c-11eb-5b17-8f35-71f7e18b142b,UNLINKED_LIST_ITEM,True
,d04ffbd6-9d1a-5470-a9dd-02d1bec93ce5,UNLINKED_LIST_ITEM,True
,7d75e6d0-5d67-5cfc-8e61-ec5c06c8384c,UNLINKED_LIST_ITEM,True
,4e4d002d-7ebe-508d-8ff0-4d7892797a07,UNLINKED_LIST_ITEM,True
,105f178e-d756-5d40-89b7-e144d09eebc0,UNLINKED_LIST_ITEM,True
,2b0b152b-2f38-5b81-8ecf-9b4bf62d6bfd,UNLINKED_LIST_ITEM,True
,12f4855d-bd16-5122-b9d3-6ce490ab4375,UNLINKED_LIST_ITEM,True
,dfed0004-10c8-5596-adf5-3ceb3c9c9091,UNLINKED_LIST_ITEM,True
,657ab709-69cb-5e6b-ab15-16301ff6f72c,UNLINKED_LIST_ITEM,True
,aee80e80-775b-5493-aa54-f3f4e575894e,UNLINKED_LIST_ITEM,True
,35fe01b9-db81-5866-96da-3b9cf3a784f3,UNLINKED_LIST_ITEM,True
,28265e3f-bfc3-5839-9d2d-ff506d7cda55,UNLINKED_LIST_ITEM,True
,783870ee-d3bd-57b6-8910-32f834eb6274,UNLINKED_LIST_ITEM,True
,04e2276a-5c5a-531b-a67a-643c4ed25e1a,UNLINKED_LIST_ITEM,True
,e49dc5aa-f197-5031-88d7-1075ad9860e3,UNLINKED_LIST_ITEM,True
,d295a99d-1cfc-5d3b-be55-04dd923a16a6,UNLINKED_LIST_ITEM,True
,7048991b-cb09-58d0-a730-90cf91224791,UNLINKED_LIST_ITEM,True
,4322d9e7-4f53-51a8-9236-a2451bd07411,UNLINKED_LIST_ITEM,True
,fce58bb6-2a71-5bce-b9d6-e2043d6f57eb,UNLINKED_LIST_ITEM,True
,82937228-2ba6-5e62-b1b2-10a74ceb09a5,UNLINKED_LIST_ITEM,True
,ddc5703f-193b-5ced-93e6-8a243b5c80cc,UNLINKED_LIST_ITEM,True
,1e06503e-ebf8-5501-90ed-8b8c4b52d92f,UNLINKED_LIST_ITEM,True
,45319507-c093-5e85-b4c1-88a07ab821de,UNLINKED_LIST_ITEM,True
,1ca2dd08-ab0d-5a2d-b025-82ded1e4831d,UNLINKED_LIST_ITEM,True
,92fed82e-c8dc-5d65-9293-b06876bcc24d,UNLINKED_LIST_ITEM,True
,c69a22b9-a114-5ae3-8d08-49c712e5f714,UNLINKED_LIST_ITEM,True
,5d1daf3c-c5dc-57d4-9b60-6e9594b9c1c2,UNLINKED_LIST_ITEM,True
,ba8e9564-e125-5df7-99fa-6cbcabcf28bc,UNLINKED_LIST_ITEM,True
,fffe408c-643f-5ffe-80c9-fe8d368c96c5,UNLINKED_LIST_ITEM,True
,c3bb1278-6a35-5db3-94c2-f007ed0d374e,UNLINKED_LIST_ITEM,True
,1be85cc6-4758-5766-ae14-2163707acc44,UNLINKED_LIST_ITEM,True
,831cf869-e97c-5b42-862d-76bb7fe20077,UNLINKED_LIST_ITEM,True
,c0f7054f-a88a-52a2-9b7e-c509287ed2b9,UNLINKED_LIST_ITEM,True
,c8776b62-307c-586f-b02c-0c7672dd0661,UNLINKED_LIST_ITEM,True
,99cf2143-5c44-5841-9550-e8cee3d455f4,UNLINKED_LIST_ITEM,True
,8fa70f7d-b752-5c41-b695-95e417b98d52,UNLINKED_LIST_ITEM,True
,fc7d9c75-37f9-53d1-b673-48d443ff8591,UNLINKED_LIST_ITEM,True
,2d0d9846-70fb-5a0f-ac4c-6a9cae9d3f75,UNLINKED_LIST_ITEM,True
,a7d8fcc8-d372-580f-b83b-1e8e12b7d938,UNLINKED_LIST_ITEM,True
,93c56864-a354-5979-8746-0a2d2618b637,UNLINKED_LIST_ITEM,True
,838b0fd8-0be7-5882-a345-b14a496afdd3,UNLINKED_LIST_ITEM,True
,77f17815-3b7a-513e-abf9-665aabbc2b55,UNLINKED_LIST_ITEM,True
,f1edcdeb-9d0b-5b87-a58b-4f72756bf4e7,UNLINKED_LIST_ITEM,True
,3aacd093-6837-59bc-93e9-e50bf5077415,UNLINKED_LIST_ITEM,True
,a95fb5eb-4df2-5bf1-8662-5c3cbbe9f35f,UNLINKED_LIST_ITEM,True
,17918d98-41fe-51d2-b577-4b9ad344f8c8,UNLINKED_LIST_ITEM,True
,5ae1508a-d009-5acd-a665-e72d1436662c,UNLINKED_LIST_ITEM,True
,5863db32-2666-5a81-ad77-e3d1bccf3282,UNLINKED_LIST_ITEM,True
,57a2a844-9b66-5558-9ad7-1f228238c24c,UNLINKED_LIST_ITEM,True
,43b9842e-d5e8-5e04-a093-2f6b6fab84f4,UNLINKED_LIST_ITEM,True
,19e85ee9-5586-542d-8e18-eea6ad2e4946,UNLINKED_LIST_ITEM,True
,997f90ee-6eaa-5ef0-b556-46c75a330f9a,UNLINKED_LIST_ITEM,True
,722fd711-df04-5cfc-9910-d569cef73876,UNLINKED_LIST_ITEM,True
,83aef764-d362-588a-87db-74fe076b9c2b,UNLINKED_LIST_ITEM,True
,18ce2957-38a9-5b64-a6cf-6087f507c277,UNLINKED_LIST_ITEM,True
,2e7bfb4e-542f-5096-9cb6-bd0d36a65354,UNLINKED_LIST_ITEM,True
,54af86aa-54b3-5b4c-b483-1558206b64c3,UNLINKED_LIST_ITEM,True
,f2058a5a-3fbf-5d4b-8bbf-7d0a990e39a5,UNLINKED_LIST_ITEM,True
,4b6ceb19-c381-5158-abb9-8c58a48a6b93,UNLINKED_LIST_ITEM,True
,bcfd1046-13fd-5a36-9e08-ada8b7134f00,UNLINKED_LIST_ITEM,True
,2e07072e-7b94-5150-b308-5c80fd3c96b9,UNLINKED_LIST_ITEM,True
,2212962d-aa7c-53c1-8040-3e62f9c64499,UNLINKED_LIST_ITEM,True
,440ee902-085f-57a9-a051-31541b0505cb,UNLINKED_LIST_ITEM,True
,33fe2a78-0b4f-5c66-99b4-9990d9682345,UNLINKED_LIST_ITEM,True
,62885d8e-fdee-5f5f-9c1a-a9ce0b1352f2,UNLINKED_LIST_ITEM,True
,455a11de-a596-5636-8f3e-e1208efdd68e,UNLINKED_LIST_ITEM,True
,20f62ee6-27bd-5cde-922f-39274c98b25e,UNLINKED_LIST_ITEM,True
,4f47ac0f-47d2-5c48-bef2-4e56a99b1fd9,UNLINKED_LIST_ITEM,True
,a1b26969-7b3f-5917-99c9-e07b8f7e38b3,UNLINKED_LIST_ITEM,True
,6cddbcb8-4bb5-5d70-9a81-cc1803924da7,UNLINKED_LIST_ITEM,True
,95aede68-e49d-53c4-835c-c236158df189,UNLINKED_LIST_ITEM,True
,4cbab3d0-c6d7-5a24-b2cf-725d78799bca,UNLINKED_LIST_ITEM,True
,9b3bb1fe-4dd0-5ebc-a8b0-24c64c8d7a5c,UNLINKED_LIST_ITEM,True
,2b8784b1-298f-5b0f-a18c-0ea9cd0e30dc,UNLINKED_LIST_ITEM,True
,2d38f568-b7f7-5d98-8dd0-6786747555ed,UNLINKED_LIST_ITEM,True
,a49710be-7c25-5701-98cd-b4982cecadb0,UNLINKED_LIST_ITEM,True
,45240ab1-15b4-5387-a357-df57cb4e39c4,UNLINKED_LIST_ITEM,True
,c37130a0-3676-5aae-a807-ab4b507cb0d6,UNLINKED_LIST_ITEM,True
,55ba51cf-cbfa-528e-975b-66cd06ce39c3,UNLINKED_LIST_ITEM,True
,02022c2d-fa9a-5208-a857-3fb66f493531,UNLINKED_LIST_ITEM,True
,c5521a3e-7c3f-585f-90f7-b8324dcb9e5d,UNLINKED_LIST_ITEM,True
,90dc8d64-1401-5cdd-a94e-9ba61af4fd09,UNLINKED_LIST_ITEM,True
,a57aa25c-b27f-5bba-84f9-f84579be12cd,UNLINKED_LIST_ITEM,True
,a7e5cd71-0cc1-54f5-af8b-da88328cd933,UNLINKED_LIST_ITEM,True
,ac858c98-f677-5126-9ee3-aef54648251a,UNLINKED_LIST_ITEM,True
,fc7c406f-86de-5808-8140-afb622413f0c,UNLINKED_LIST_ITEM,True
,2dd2eaec-e208-562a-8e6c-9c2d3b4e33e3,UNLINKED_LIST_ITEM,True
,d994e6fc-3d9c-5765-9e0e-844c3d1e2f82,UNLINKED_LIST_ITEM,True
,0de937d5-33f8-545a-b5c1-4954403bca6a,UNLINKED_LIST_ITEM,True
,9b0cf10b-76e1-5708-a1fe-2ee8751e5fb0,UNLINKED_LIST_ITEM,True
,86a6873d-a0e1-5199-a200-7c4232d12046,UNLINKED_LIST_ITEM,True
,b239fdb7-c515-58c6-a02c-0512adb8bdbe,UNLINKED_LIST_ITEM,True
,0c6d3146-bbbf-54d6-96e6-0d43d37bdfee,UNLINKED_LIST_ITEM,True
,6187c01e-91a2-5ec4-9598-76bd600599bb,UNLINKED_LIST_ITEM,True
,a6fd00d4-a3bd-5e28-b2be-f8d1f5cbddb0,UNLINKED_LIST_ITEM,True
,13f214db-9067-5cbc-9d3f-2f7a062b8c4e,UNLINKED_LIST_ITEM,True
,f2d87309-2bd0-5eda-8a0f-fe6cdc5b9ff3,UNLINKED_LIST_ITEM,True
,92f9f32e-9030-5095-968d-8dfe58d0f36a,UNLINKED_LIST_ITEM,True
,15331cb5-2e51-5fd9-956d-e5c53d1876a0,UNLINKED_LIST_ITEM,True
,86fbe93f-d031-570c-84e2-e06e667673e0,UNLINKED_LIST_ITEM,True
,c71f5caa-b483-598c-9c78-9c7adcbeafc9,UNLINKED_LIST_ITEM,True
,fde3265d-ad46-53d4-9447-403dff8b7464,UNLINKED_LIST_ITEM,True
,c8dcc361-8fcf-5e5f-ae11-b83766607a1c,UNLINKED_LIST_ITEM,True
,682b6231-b8e0-52f3-b7e9-f0209745fde3,UNLINKED_LIST_ITEM,True
,f16894fe-7484-5b11-84b0-0f6d1f2d95c3,UNLINKED_LIST_ITEM,True
,3379adb6-f207-5229-a2ec-327dca2b79f1,UNLINKED_LIST_ITEM,True
,2ca190c5-340e-5878-b585-6979d4d32352,UNLINKED_LIST_ITEM,True
,be3c2980-d447-5460-972a-c0dccc793d55,UNLINKED_LIST_ITEM,True
,06a5853b-414f-5070-b3d7-a8f617a3fad1,UNLINKED_LIST_ITEM,True
,b651440d-e3f0-5e8e-a30d-c15214ad098d,UNLINKED_LIST_ITEM,True
,deed05fa-da10-52d0-9b56-518b11912517,UNLINKED_LIST_ITEM,True
,6f77084d-8d57-5a48-8028-37a7a65f0246,UNLINKED_LIST_ITEM,True
,e44fb186-fa80-58a5-887d-5ad75322ec3e,UNLINKED_LIST_ITEM,True
,fabfbf0f-42e3-505c-8a56-d7e3a5efb4a2,UNLINKED_LIST_ITEM,True
,334b81bd-64dc-5416-aa82-00916f5478e8,UNLINKED_LIST_ITEM,True
,ffb2aa43-c747-5771-a2b0-e3ebec2aac10,UNLINKED_LIST_ITEM,True
,02634370-3704-5276-855e-85380dacdb95,UNLINKED_LIST_ITEM,True
,80b259ce-cc2a-5285-9a51-c3593d32d11a,UNLINKED_LIST_ITEM,True
,1efaaabe-739f-5931-a524-ff8430ce9dec,UNLINKED_LIST_ITEM,True
,ef40a49c-4f3c-50d1-bada-1ad40c4b58e2,UNLINKED_LIST_ITEM,True
,a78201a7-c582-53ea-8fca-d699be9bfbe6,UNLINKED_LIST_ITEM,True
,08e4174d-a2bf-5a1f-94fd-976a77018fea,UNLINKED_LIST_ITEM,True
,520a0116-173a-5338-b4e5-73c6c13155c9,UNLINKED_LIST_ITEM,True
,db78208b-803d-5e41-947f-30c993ae32f7,UNLINKED_LIST_ITEM,True
,7cef34fd-8389-5714-a8a7-b5ca1b1d7031,UNLINKED_LIST_ITEM,True
,6619d385-7cf4-5e8d-8f66-c3e24db670b2,UNLINKED_LIST_ITEM,True
,896d46da-a18a-5e4d-b681-0b64d6eff4d1,UNLINKED_LIST_ITEM,True
,8237e5f9-b895-56a2-8c74-d118c38f999c,UNLINKED_LIST_ITEM,True
,92a064c0-0c3e-5958-8819-15bf77069ba7,UNLINKED_LIST_ITEM,True
,49e78e9a-70b8-55b7-a00f-6e48484b6b87,UNLINKED_LIST_ITEM,True
,4b00b489-580f-537d-ac3f-f6a4567d9792,UNLINKED_LIST_ITEM,True
,f28abf48-411e-51ad-90ab-8cc90e0c5e78,UNLINKED_LIST_ITEM,True
,1e0f4127-14b8-5314-a045-dc6e4f538350,UNLINKED_LIST_ITEM,True
,dd85f42c-a238-5f04-b244-1f15052fea9a,UNLINKED_LIST_ITEM,True
,f7544938-387f-5256-ac22-a0e53f29ee97,UNLINKED_LIST_ITEM,True
,4a0b28c3-7b91-5219-bed0-25c0ccf4d6c5,UNLINKED_LIST_ITEM,True
,618bc195-03ae-5451-882d-77561fc1edf1,UNLINKED_LIST_ITEM,True
,9a66150b-125e-5993-96f2-5f0b7db9eeb6,UNLINKED_LIST_ITEM,True
,656ad87c-608c-553f-944e-fc65173c88ae,UNLINKED_LIST_ITEM,True
,be2ed578-cbf5-51a1-a0fe-da94719c7590,UNLINKED_LIST_ITEM,True
,5b670203-2d9a-5c86-8f3f-ab35a1d2d566,UNLINKED_LIST_ITEM,True
,7f3c24db-9120-54a3-a73a-631f11e9a054,UNLINKED_LIST_ITEM,True
,790da99a-022b-53a2-9f20-b8d30fcc778f,UNLINKED_LIST_ITEM,True
,fb478c13-4290-5b37-8c7d-f5ed8e8a8c2a,UNLINKED_LIST_ITEM,True
,27c5c9bf-4ff8-55e1-a73e-4f298d2334c6,UNLINKED_LIST_ITEM,True
,528dbcc9-34cd-5f76-ae3e-9423b8cea27c,UNLINKED_LIST_ITEM,True
,054dc536-11ec-5168-b328-3ff4e7d2e1bf,UNLINKED_LIST_ITEM,True
,e774f7f5-3f70-5f8c-a22f-f3cedd665d9a,UNLINKED_LIST_ITEM,True
,d2709c34-3c3c-5e3b-8909-a8eea7fa04e7,UNLINKED_LIST_ITEM,True
,3ea96c62-8246-5413-83c4-36df6c8b484f,UNLINKED_LIST_ITEM,True
,5bd9ed95-5c84-5ac6-97b4-fc19ab3a807a,UNLINKED_LIST_ITEM,True
,190f0b8c-19c2-58da-9c4e-26eaaf374508,UNLINKED_LIST_ITEM,True
,49b2488b-3b9f-5d84-8a82-e6a4450e2ea3,UNLINKED_LIST_ITEM,True
,cbc71bee-12c8-5e06-a105-49a114843617,UNLINKED_LIST_ITEM,True
,9839444e-2862-5ca2-9acf-132511bea1e7,UNLINKED_LIST_ITEM,True
,fbd68dac-9f5f-5cc4-89f1-17f1f4a004b8,UNLINKED_LIST_ITEM,True
,983fe30c-c47a-5037-8e40-1d5b2bf58067,UNLINKED_LIST_ITEM,True
,2159c374-0390-5f2e-88f6-b070e0206c1e,UNLINKED_LIST_ITEM,True
,c8927dee-b34b-525b-b0d3-eddc98e0f7ae,UNLINKED_LIST_ITEM,True
,390a5574-1ca3-5ae1-9d88-6d1648f7da46,UNLINKED_LIST_ITEM,True
,45437c9d-6394-5140-ad81-76fbc33fb8e7,UNLINKED_LIST_ITEM,True
,87840b5b-813f-5817-82b7-41c832963701,UNLINKED_LIST_ITEM,True
,d1de1f27-3a63-5d95-bb2e-ed362ba6f86b,UNLINKED_LIST_ITEM,True
,a84813a5-b05f-5109-8074-dc073c49c6eb,UNLINKED_LIST_ITEM,True
,7fe9c529-9dad-529e-b8b8-8f3bb410f0fc,UNLINKED_LIST_ITEM,True
,37ecef43-3918-55c1-8565-2e30a4bbd29d,UNLINKED_LIST_ITEM,True
,c97e6223-c0d2-5130-9e0b-b3b0f5644a8d,UNLINKED_LIST_ITEM,True
,bc90a00a-1c13-50b9-a657-9d871e4c5a03,UNLINKED_LIST_ITEM,True
,173d53b0-eeff-5223-be6f-ab057760274b,UNLINKED_LIST_ITEM,True
,4b16cfd5-db89-549a-86d0-d2628a9e6ece,UNLINKED_LIST_ITEM,True
,d62a0288-8a99-53fd-979f-f149358ecba4,UNLINKED_LIST_ITEM,True
,be1d3fd0-cc6a-58f0-88dc-b08bd66945bd,UNLINKED_LIST_ITEM,True
,91112abf-282b-5868-b927-a11fafbb8324,UNLINKED_LIST_ITEM,True
,e8d54a35-c5a3-50fe-82c9-97966bdc270c,UNLINKED_LIST_ITEM,True
,0942d42d-2417-52aa-aee4-673bed9f322a,UNLINKED_LIST_ITEM,True
,f9168fe8-e27d-5e1e-9d4e-358db738e2cb,UNLINKED_LIST_ITEM,True
,3e4e5ae0-4d88-5a60-8f11-4e92178d2922,UNLINKED_LIST_ITEM,True
,cb20f46e-d90c-583b-ae65-1955a149b048,UNLINKED_LIST_ITEM,True
,b796fa99-fe6c-58d8-ad25-4aa698849a13,UNLINKED_LIST_ITEM,True
,c45a851c-9c41-5bc5-b2b6-a01c0b9a8f82,UNLINKED_LIST_ITEM,True
,dee9bebb-40df-51bf-ae81-1040495b2126,UNLINKED_LIST_ITEM,True
,4c5ba496-6231-55ed-89cb-1b3a52ab146c,UNLINKED_LIST_ITEM,True
,974750cb-e91d-5fe0-b16c-cf2ad29802f9,UNLINKED_LIST_ITEM,True
,a8a78596-71cb-5c0b-8b96-ea3e7fa783c6,UNLINKED_LIST_ITEM,True
,4521f3a5-386e-56ea-8f67-de87a109d50e,UNLINKED_LIST_ITEM,True
,ea4fb94c-4297-58c8-8ba7-1c4c5c4dd877,UNLINKED_LIST_ITEM,True
,862b034d-ebb8-5392-bbc0-757fd4fb035c,UNLINKED_LIST_ITEM,True
,8227a44d-de18-5a41-a623-f15f5464a656,UNLINKED_LIST_ITEM,True
,e794ba13-9e0f-5c0f-b34d-3cb83675ad47,UNLINKED_LIST_ITEM,True
,0f1bf3ad-0cd8-5ad1-bbc2-ce5d705cab1d,UNLINKED_LIST_ITEM,True
,bd7cfade-0206-5618-8867-cd93a0703b17,UNLINKED_LIST_ITEM,True
,1b7f5feb-3718-5f27-92b5-bf5c38712165,UNLINKED_LIST_ITEM,True
,b7a0f866-d036-5676-8512-06d2da14274e,UNLINKED_LIST_ITEM,True
,603ac8ff-9433-52bb-a425-da7b4fa495cb,UNLINKED_LIST_ITEM,True
,a12e0f9d-e1ed-51eb-b073-22ad8c2857e0,UNLINKED_LIST_ITEM,True
,673d9b6e-497a-52eb-917d-172718e26b55,UNLINKED_LIST_ITEM,True
,6b2eb61f-2785-5a78-9bc0-50a49426bfc6,UNLINKED_LIST_ITEM,True
,5a4bf143-5ebe-5124-90d0-723cbb4981bc,UNLINKED_LIST_ITEM,True
,3fd3b295-f4a9-58cc-b42d-4b127054b61a,UNLINKED_LIST_ITEM,True
,2281d232-891a-534c-ad57-8b4a58b026d4,UNLINKED_LIST_ITEM,True
,b3dc8bcd-bcd6-521d-9ca7-4927085061c4,UNLINKED_LIST_ITEM,True
,94044d6b-d52f-5e53-9ccd-0e26f5e0d9ce,UNLINKED_LIST_ITEM,True
,85004cd2-44b3-5a7d-a8e1-014613469019,UNLINKED_LIST_ITEM,True
,8ae90759-0ebe-5898-b20e-f3ed9ebb9fe1,UNLINKED_LIST_ITEM,True
,7ecb22b0-738d-5af0-9f5b-ff47039cdb60,UNLINKED_LIST_ITEM,True
,b17b9fd9-40a9-5442-b739-8ac20fadcce6,UNLINKED_LIST_ITEM,True
,7c9534f3-c251-57fd-ba74-574412bea15d,UNLINKED_LIST_ITEM,True
,ff1ab743-0e3d-55be-b093-7e2cc07489c7,UNLINKED_LIST_ITEM,True
,f4760565-ba87-53a2-8d85-39c10609362c,UNLINKED_LIST_ITEM,True
,cbfea819-2fc1-559f-a076-37ce9b8d793c,UNLINKED_LIST_ITEM,True
,05f9a1e7-86c5-508f-a5ca-b5a8ccda0bce,UNLINKED_LIST_ITEM,True
,7df59a22-ede9-5f11-b3a1-b41a2dbeb8f8,UNLINKED_LIST_ITEM,True
,a10455f9-cf2d-5ccc-b52a-76a8e3d2bd00,UNLINKED_LIST_ITEM,True
,eaad0098-ac6c-5042-8257-00aadf5975f3,UNLINKED_LIST_ITEM,True
,9357f08a-a806-5169-b55c-f639ce709585,UNLINKED_LIST_ITEM,True
,c9126d07-73b7-50dd-b8b2-fc846dde716d,UNLINKED_LIST_ITEM,True
,c013b000-1422-53f6-8081-25b59cb9069b,UNLINKED_LIST_ITEM,True
,14369fae-031d-5a18-9f62-1a3d0fdc0d42,UNLINKED_LIST_ITEM,True
,58dd44d1-d722-501c-87ad-adda88250c78,UNLINKED_LIST_ITEM,True
,44fb8697-ddf3-5200-bfa1-a370aa7334ab,UNLINKED_LIST_ITEM,True
,abf5bcea-4793-5c5a-aabc-5fb113a0bc70,UNLINKED_LIST_ITEM,True
,34873bc9-87d3-50fe-bb5f-d64be552f7fc,UNLINKED_LIST_ITEM,True
,e9997bb6-4193-5642-92b0-698c9c333f4c,UNLINKED_LIST_ITEM,True
,4e221127-319e-52ad-a96b-ebc40a7350f6,UNLINKED_LIST_ITEM,True
,f821ca86-07d7-5a49-a8df-a7808631cbfb,UNLINKED_LIST_ITEM,True
,4b070de0-4165-59de-bf89-e6496bc54555,UNLINKED_LIST_ITEM,True
,d784d13f-64fd-527c-b238-6a8ce664d953,UNLINKED_LIST_ITEM,True
,e570d90f-c5e7-576a-8b91-3a206afce285,UNLINKED_LIST_ITEM,True
,290a1c25-ca13-5f9b-b49e-ee2216a67352,UNLINKED_LIST_ITEM,True
,226932f3-31a6-5d70-98ae-79b37858cad5,UNLINKED_LIST_ITEM,True
,3fb259fe-bc64-50e9-bbc8-6b3f7330a8c6,UNLINKED_LIST_ITEM,True
,4e9fa0e1-edec-5ab2-b86d-b2e5951ada12,UNLINKED_LIST_ITEM,True
,27fcfbf1-4335-58d4-b054-3cfc76b0f843,UNLINKED_LIST_ITEM,True
,55cd41b1-4208-5f9d-930d-8328d3533150,UNLINKED_LIST_ITEM,True
,d96eff26-a9ea-5a51-8b24-3fb4d5ffa393,UNLINKED_LIST_ITEM,True
,15b87f44-ef3b-5d8f-9b2c-8c76d0c65f24,UNLINKED_LIST_ITEM,True
,5c566aca-0ea9-5616-9927-bf0ed4f6d2b9,UNLINKED_LIST_ITEM,True
,32b04547-5133-57cd-a696-051f2c206e1f,UNLINKED_LIST_ITEM,True
,d6f994c1-b739-5420-b77d-66e8418a6eef,UNLINKED_LIST_ITEM,True
,06d48734-f4e7-5275-b6eb-11cb62a60326,UNLINKED_LIST_ITEM,True
,a7eec95c-635e-5c93-adb3-9586be4897c5,UNLINKED_LIST_ITEM,True
,040cdf45-9cdf-5a26-8516-b09f9fbd7563,UNLINKED_LIST_ITEM,True
,e3cfb01a-5d54-5e0e-a7b7-c50e6abef44d,UNLINKED_LIST_ITEM,True
,5ae60769-56a3-5900-ac06-11cf36007c7b,UNLINKED_LIST_ITEM,True
,8df4f25f-99bb-51b5-bd4e-6d977a2a032c,UNLINKED_LIST_ITEM,True
,30386839-e86d-5e71-becf-0d3936aa1f07,UNLINKED_LIST_ITEM,True
,be8fdb68-4755-5bcc-a951-a842f2a964a0,UNLINKED_LIST_ITEM,True
,55d4d4ab-4015-59fb-abd6-6efaaa01f823,UNLINKED_LIST_ITEM,True
,29299381-f5bc-598d-a7d7-4c8933e49f35,UNLINKED_LIST_ITEM,True
,75116eab-0166-5de2-bfdb-77d05e58c318,UNLINKED_LIST_ITEM,True
,83265d10-c430-570b-bbca-e24f58a4503c,UNLINKED_LIST_ITEM,True
,e79b0308-4eeb-5622-9396-f42a41b966cb,UNLINKED_LIST_ITEM,True
,3a95b682-892b-5c1c-beeb-18611ea60fcd,UNLINKED_LIST_ITEM,True
,14001e5b-4d66-51b2-8857-d48f24ca9897,UNLINKED_LIST_ITEM,True
,069e7ad2-dcc1-58b6-bbc5-ccbdc9659911,UNLINKED_LIST_ITEM,True
,a8c0a617-60d1-5926-8625-92c6f67000b8,UNLINKED_LIST_ITEM,True
,53f2d765-73c9-52d2-bbf5-8771fb6a2752,UNLINKED_LIST_ITEM,True
,60344659-31bf-57bd-bff9-edd58bcf612f,UNLINKED_LIST_ITEM,True
,06733dfe-cabf-5fe1-8c79-0ee5d2336260,UNLINKED_LIST_ITEM,True
,7b7cc593-d544-5fb6-9e47-36de57c2a4e7,UNLINKED_LIST_ITEM,True
,4fb4e413-19de-544d-bf9f-178b15ae3c4a,UNLINKED_LIST_ITEM,True
,e42edc5a-5913-56a7-8f85-09cb8f46ee62,UNLINKED_LIST_ITEM,True
,fbe20356-cc56-5b57-9a9b-6948799bc396,UNLINKED_LIST_ITEM,True
,c506baa3-ad8a-5588-b81f-97c7b9b8fee0,UNLINKED_LIST_ITEM,True
,56a8d2d4-d2c1-521b-9bdd-0b659376aef6,UNLINKED_LIST_ITEM,True
,cadfbf2b-9856-50ee-9f52-0ca24aff15e2,UNLINKED_LIST_ITEM,True
,f2341609-0cac-5488-ad20-e789dd989323,UNLINKED_LIST_ITEM,True
,dcd2d239-a049-5306-8ca3-f88828165bb3,UNLINKED_LIST_ITEM,True
,2fae59d1-3cec-590e-b4ea-09f5ec81cfd3,UNLINKED_LIST_ITEM,True
,0c6f2b60-939a-54e4-bb03-3ec2be9159d6,UNLINKED_LIST_ITEM,True
,054bff3e-d874-5eb4-8099-33dd471f9b1f,UNLINKED_LIST_ITEM,True
,82db8e43-f0f3-5eb1-a206-15eb80f7bcc1,UNLINKED_LIST_ITEM,True
,d406da26-2b0a-5feb-b068-a596142d49dc,UNLINKED_LIST_ITEM,True
,e7a210ca-587e-5982-8985-3e893b4147ad,UNLINKED_LIST_ITEM,True
,7aeaa969-e113-5ca9-ad28-a855083dd5ad,UNLINKED_LIST_ITEM,True
,87b1cecd-8d14-54d8-8d6e-fa3548d3ac51,UNLINKED_LIST_ITEM,True
,c4405e91-7aad-54ce-bb55-e2fc5f8dd1e1,UNLINKED_LIST_ITEM,True
,c46868fc-1cc3-5e1d-b9aa-daf0991e5090,UNLINKED_LIST_ITEM,True
,7d4fd1e9-c45d-56b0-b31f-6bb08c45a589,UNLINKED_LIST_ITEM,True
,eba8d970-685e-5734-befb-78408da002a0,UNLINKED_LIST_ITEM,True
,e074ebe0-2414-54ce-a0e2-cf7cab34beab,UNLINKED_LIST_ITEM,True
,ae7f12c7-1c5c-53a8-8fef-3e0826fadd54,UNLINKED_LIST_ITEM,True
,03f1dbfa-1caf-5fec-abc5-3252cae106da,UNLINKED_LIST_ITEM,True
,68df5671-cbf5-57a4-8e28-21c544f4c994,UNLINKED_LIST_ITEM,True
,bae66378-cbde-5142-ac46-339a6fe5d448,UNLINKED_LIST_ITEM,True
,71692fa2-5833-5027-8f82-f6cb96e30ada,UNLINKED_LIST_ITEM,True
,5a179473-b013-5e4c-8abd-5e7476237141,UNLINKED_LIST_ITEM,True
,2183355d-a3f1-5b06-9fb3-5e9d58c3b9d8,UNLINKED_LIST_ITEM,True
,80a93b06-e0dd-5dcb-8bb3-814a4347b96a,UNLINKED_LIST_ITEM,True
,65540cdc-c95d-5d84-b896-b22e8db60817,UNLINKED_LIST_ITEM,True
,d94534f3-764d-5424-866d-3a49adc9a366,UNLINKED_LIST_ITEM,True
,e7bafb20-9cfa-5256-9357-eed80278d138,UNLINKED_LIST_ITEM,True
,266e459f-ef5f-56e1-96b2-253059db54f6,UNLINKED_LIST_ITEM,True
,abb0fd1a-27aa-54e8-a090-d6fd8a385c67,UNLINKED_LIST_ITEM,True
,61c9560f-0ad4-5c13-81e4-69dbd8e40381,UNLINKED_LIST_ITEM,True
,18aac1cc-5f07-51f8-97bb-9f3f3a048f69,UNLINKED_LIST_ITEM,True
,aff3e454-3528-579e-83ec-ec0599663fb0,UNLINKED_LIST_ITEM,True
,94b423d5-6434-5518-973e-1271aeb6a8d7,UNLINKED_LIST_ITEM,True
,586118c0-773e-5caf-bd2a-e1d2d8a369b8,UNLINKED_LIST_ITEM,True
,4d34911d-6f55-53c0-9b67-b82145ce6f46,UNLINKED_LIST_ITEM,True
,cfbf34b4-01bf-533e-a3a7-04ca2b5f76e6,UNLINKED_LIST_ITEM,True
,1162d09c-cee7-520b-87f2-1b658b9b6771,UNLINKED_LIST_ITEM,True
,ae8da4c0-fbdc-595d-a84c-82bf05d0c5f6,UNLINKED_LIST_ITEM,True
,59940336-3e04-5243-8d94-2841e3821ac6,UNLINKED_LIST_ITEM,True
,1d4bb761-527f-5bd1-8374-a966a80ce259,UNLINKED_LIST_ITEM,True
,6beab7a9-6b32-55d8-a9af-d99a35666ffc,UNLINKED_LIST_ITEM,True
,a95c0e89-a85f-58f8-845e-ce69caba1ede,UNLINKED_LIST_ITEM,True
,e0c10ec2-86c8-529e-9e1b-908b89c8b9a0,UNLINKED_LIST_ITEM,True
,a5b17879-54ac-5498-8b2b-27021f346a20,UNLINKED_LIST_ITEM,True
,2f10237a-ee28-5d52-871d-057f404715de,UNLINKED_LIST_ITEM,True
,5bdc38f0-bb4b-59c6-8c0b-f4699546dd6c,UNLINKED_LIST_ITEM,True
,74413abd-de02-55d8-8ffb-3694e04f1841,UNLINKED_LIST_ITEM,True
,23c0a808-0592-5d3c-aee9-b52798334ce0,UNLINKED_LIST_ITEM,True
,b50bfb19-53d0-54ce-a71c-3cc9d888c40a,UNLINKED_LIST_ITEM,True
,12da1b89-81b1-555d-b6e9-04c7ea00273c,UNLINKED_LIST_ITEM,True
,be181a22-aaef-5487-aa6f-4c0a2e9b3aa3,UNLINKED_LIST_ITEM,True
,99988ae6-28e1-5991-bac5-49c5846ed7e5,UNLINKED_LIST_ITEM,True
,0d57e5cd-4ed6-5295-a9d0-fdeb6ba5d5e3,UNLINKED_LIST_ITEM,True
,d4b9bc8c-fcc1-5102-8240-23596ec9a05a,UNLINKED_LIST_ITEM,True
,924869fa-11d2-52bc-8f05-a79359a6463d,UNLINKED_LIST_ITEM,True
,03df2795-30d7-5d2b-afaa-f294608711d5,UNLINKED_LIST_ITEM,True
,45b796c0-00c3-552e-ba66-ee2cecce0fb4,UNLINKED_LIST_ITEM,True
,10ec7f9b-de07-51fa-88b3-c643b5168161,UNLINKED_LIST_ITEM,True
,3746bdab-9d0a-53f6-80e5-52670f8d050c,UNLINKED_LIST_ITEM,True
,4e6ba391-5f00-5c0e-b8a1-08412a9bb91b,UNLINKED_LIST_ITEM,True
,485f97c5-036b-57e0-a320-58aaae8c596c,UNLINKED_LIST_ITEM,True
,cfcaba77-6611-5f1c-a84e-e01845980aea,UNLINKED_LIST_ITEM,True
,8f6361c8-4086-54f8-9ae1-7789beca7e92,UNLINKED_LIST_ITEM,True
,f65d4ae3-bc92-57fb-bfa4-c2ddf7c1ed17,UNLINKED_LIST_ITEM,True
,067d0d34-351f-5ed9-adb0-2688de382f8b,UNLINKED_LIST_ITEM,True
,01b1871f-90c2-56c5-9e10-d70cea76ae46,UNLINKED_LIST_ITEM,True
,dc150bcd-6202-54f1-b144-93e75116f1c5,UNLINKED_LIST_ITEM,True
,3b849667-bd9b-5eb4-9ec9-a89cf5d33fa1,UNLINKED_LIST_ITEM,True
,8098d784-cc85-51d7-9de7-3d53e061872f,UNLINKED_LIST_ITEM,True
,fa4cd160-ccee-5c64-b5ae-48d115a4de88,UNLINKED_LIST_ITEM,True
,daaaba50-5208-5bff-84df-d5f295a73651,UNLINKED_LIST_ITEM,True
,a63d7b15-ea76-5903-b8c5-036dc80bd248,UNLINKED_LIST_ITEM,True
,dbdab151-9a77-50c5-9763-28e770665a6b,UNLINKED_LIST_ITEM,True
,6e447c5e-9150-5e4d-aa61-8d980370f921,UNLINKED_LIST_ITEM,True
,c4d319e8-0d78-5576-841b-06ee160be209,UNLINKED_LIST_ITEM,True
,9862674e-5881-596e-8f74-100e098b3e29,UNLINKED_LIST_ITEM,True
,9b31608c-b349-581f-bf9d-6ce2eb3cb73d,UNLINKED_LIST_ITEM,True
,c68f3bd9-6c70-557b-8412-fec1a669d950,UNLINKED_LIST_ITEM,True
,1e46e710-ec86-5a3b-a1e1-17b0d78f76e5,UNLINKED_LIST_ITEM,True
,712ef9fb-8bb9-597c-9120-2f325e3fea21,UNLINKED_LIST_ITEM,True
,d0a6aa75-7dba-5381-b0c0-af4157e73e02,UNLINKED_LIST_ITEM,True
,eee7aadd-2141-5cab-8607-0add1519cda1,UNLINKED_LIST_ITEM,True
,d2085b10-b37f-513f-8396-2968b0b29b36,UNLINKED_LIST_ITEM,True
,10b26d22-593c-596f-9243-c20b89a46c6a,UNLINKED_LIST_ITEM,True
,16ddf509-9e89-5ac9-9dd2-a009d5905ee1,UNLINKED_LIST_ITEM,True
,8a487964-eeca-5cdf-af0b-42caf515ab94,UNLINKED_LIST_ITEM,True
,1237638c-e38f-5904-856a-9bd9a67b666e,UNLINKED_LIST_ITEM,True
,3037edce-30e2-5365-8ac5-ec57b4c16fa6,UNLINKED_LIST_ITEM,True
,3a39b52e-8c98-5c87-9bf7-5b03a34f2283,UNLINKED_LIST_ITEM,True
,3b074cca-9a94-5cb6-8ac0-bc2b431f4c1b,UNLINKED_LIST_ITEM,True
,99b547d9-7b63-5982-ad86-ed8daa6caa21,UNLINKED_LIST_ITEM,True
,1901af39-0387-5815-88c0-779e249371aa,UNLINKED_LIST_ITEM,True
,8fb49066-f5ad-597a-9aac-8da16f73176d,UNLINKED_LIST_ITEM,True
,7629fe4a-2d8d-57e5-b0cb-845a1436a717,UNLINKED_LIST_ITEM,True
,8d08daff-d353-5ba0-a493-bc3be34d6388,UNLINKED_LIST_ITEM,True
,79283fbf-feb5-5898-bcf4-286729f5d603,UNLINKED_LIST_ITEM,True
,abc4f126-f883-54b7-b631-097e34ea99ff,UNLINKED_LIST_ITEM,True
,78f7b2c4-d962-5d88-ad64-963d5ad53605,UNLINKED_LIST_ITEM,True
,3daf5508-1f7f-5d37-ad4d-4e4289b06be8,UNLINKED_LIST_ITEM,True
,03ce7593-9e58-5c8f-9c69-bf8904b5d817,UNLINKED_LIST_ITEM,True
,ed9d4532-41db-582e-93d7-192da65f866f,UNLINKED_LIST_ITEM,True
,b0ad5a13-7beb-59ff-900e-93b258054b9d,UNLINKED_LIST_ITEM,True
,856c254b-a15b-54ed-a0b6-ec3f78a49fe2,UNLINKED_LIST_ITEM,True
,0b9e5fa6-0b6c-5011-8955-7ce41f1de212,UNLINKED_LIST_ITEM,True
,6843b820-35ac-521f-8c22-2f5fa0e0e608,UNLINKED_LIST_ITEM,True
,c9b4688f-3eb3-5062-b89d-14a6a57b416d,UNLINKED_LIST_ITEM,True
,fa02468b-7669-5f10-a57f-98b2fc2fd28b,UNLINKED_LIST_ITEM,True
,8673fee3-af84-5aa5-ba2f-070846f24eef,UNLINKED_LIST_ITEM,True
,ac4a5095-1dab-59f2-99f3-29924e31e10d,UNLINKED_LIST_ITEM,True
,89e3ee98-d027-53f1-9344-f56412a776d6,UNLINKED_LIST_ITEM,True
,b8eae5ab-3e87-5f64-ad1b-b32ededf04e6,UNLINKED_LIST_ITEM,True
,83acec64-4a55-5eb1-aa7c-1cbbe5f10547,UNLINKED_LIST_ITEM,True
,cc24737f-30dd-5a75-afcb-9b0e48987d13,UNLINKED_LIST_ITEM,True
,7d1834d6-bf9f-5d47-87fc-a99ed9aa1b38,UNLINKED_LIST_ITEM,True
,3b0efcb3-a3d3-5c42-b5aa-cb943c7062ee,UNLINKED_LIST_ITEM,True
,7fff4bdd-ec6c-5dc4-bdba-951af4426bf3,UNLINKED_LIST_ITEM,True
,c9b6eef7-a6c1-56e2-881c-7833dbfb8a01,UNLINKED_LIST_ITEM,True
,f6c91153-8ac8-512e-9da6-57c4d6aeaa6d,UNLINKED_LIST_ITEM,True
,4ede5736-4e74-5f9e-a0a7-00120edafe48,UNLINKED_LIST_ITEM,True
,1f38a85d-05a9-56a8-a89d-269f1a5e5951,UNLINKED_LIST_ITEM,True
,c7a5b78e-f256-51fe-ba2b-974c94e6735b,UNLINKED_LIST_ITEM,True
,1e15e9a2-2357-5a2b-83dc-bb684c8b767e,UNLINKED_LIST_ITEM,True
,2c8e2d4c-22de-5d39-ad90-acd1352d3591,UNLINKED_LIST_ITEM,True
,75eb3120-bf94-5c54-bcbf-1f85c67e3963,UNLINKED_LIST_ITEM,True
,b5b421d3-7818-5168-bc9a-cb3816ed7ba3,UNLINKED_LIST_ITEM,True
,4079d47b-5159-5219-9be3-9ad9fa525ae0,UNLINKED_LIST_ITEM,True
,3e4453ca-ece0-5ea1-b6d7-af1733213dcf,UNLINKED_LIST_ITEM,True
,d09eb238-dbd7-5344-9019-c4b594d4e1ca,UNLINKED_LIST_ITEM,True
,14d415b5-33d8-59aa-ade3-7904d2daa484,UNLINKED_LIST_ITEM,True
,546c5dc0-3525-57bd-a284-b3b3402b7b13,UNLINKED_LIST_ITEM,True
,93746d0a-a25c-5237-9cf9-a9be08e4d6d0,UNLINKED_LIST_ITEM,True
,b1285c26-a2ea-51cd-9d9d-b8d91aa7e4cb,UNLINKED_LIST_ITEM,True
,53969bc7-8688-5e03-afb5-d768328d1196,UNLINKED_LIST_ITEM,True
,fa68b8f1-c6d2-5275-ba2d-8a4e4eaec30e,UNLINKED_LIST_ITEM,True
,c631a383-13c2-51bb-a815-3da9f3bfe9b4,UNLINKED_LIST_ITEM,True
,7cc46e67-ff0a-5d52-8a08-999070eaa0c8,UNLINKED_LIST_ITEM,True
,cd8b3e41-dcb8-58cf-bae8-76547275b3a5,UNLINKED_LIST_ITEM,True
,b1bb727a-82f2-541d-a130-abddd50c42f1,UNLINKED_LIST_ITEM,True
,8ab9743a-f1d8-5359-8a18-1d0e5b9dc791,UNLINKED_LIST_ITEM,True
,ad38b138-1770-5be7-b05c-1bb92c84d58c,UNLINKED_LIST_ITEM,True
,efa9b7d4-5394-5f73-8a64-04a262e2fd53,UNLINKED_LIST_ITEM,True
,a22b04b8-2067-5b5f-aafd-70afceb2fef0,UNLINKED_LIST_ITEM,True
,7ff71ff2-3b22-5214-8555-23b1d431e728,UNLINKED_LIST_ITEM,True
,4d1d296e-5897-583b-8c89-539fa472d8fb,UNLINKED_LIST_ITEM,True
,92242854-b0ad-506b-8073-10f56da5b238,UNLINKED_LIST_ITEM,True
,89741864-acbf-58cd-9544-e774251cead5,UNLINKED_LIST_ITEM,True
,d9eb19c1-781a-5351-bd1b-fe3d9586e291,UNLINKED_LIST_ITEM,True
,6763e3be-f41c-5fe0-a018-0291e34a557d,UNLINKED_LIST_ITEM,True
,6483776b-763d-5f58-b6a4-a9a7c096f5fa,UNLINKED_LIST_ITEM,True
,a7e2d25b-0d21-5d8e-8322-7224f25f72e7,UNLINKED_LIST_ITEM,True
,e7ed4da4-73f3-5dd2-b358-b93cfcbaab9b,UNLINKED_LIST_ITEM,True
,30f4ba47-a156-58e2-a80f-75a9a9c7f474,UNLINKED_LIST_ITEM,True
,70a29dbf-f6df-54cf-bcc6-fee3605ba9e1,UNLINKED_LIST_ITEM,True
,0411a9da-c4af-517a-9896-bc231f9de2ad,UNLINKED_LIST_ITEM,True
,47156a38-b160-5c72-a4f8-1a55c3fba692,UNLINKED_LIST_ITEM,True
,63f764e4-1b31-5f6f-bd74-dbb351dfe2cc,UNLINKED_LIST_ITEM,True
,81a3bbbc-8e33-596f-a74a-dbd525643b76,UNLINKED_LIST_ITEM,True
,8efeaec3-1b4e-544f-9776-28028bd1d331,UNLINKED_LIST_ITEM,True
,043467b5-11f6-53af-9b8d-81d64b0a291b,UNLINKED_LIST_ITEM,True
,4ca45f3f-9440-5182-a873-51cee8c9ea29,UNLINKED_LIST_ITEM,True
,af4f6555-6c5b-5582-a3e4-d73b5626d822,UNLINKED_LIST_ITEM,True
,30e23dfd-606c-5682-9759-131f5547bd4a,UNLINKED_LIST_ITEM,True
,417a9beb-3d56-56be-b2f6-5d439f8cf6aa,UNLINKED_LIST_ITEM,True
,1f27e3bd-60c9-5382-8004-28d2069d087b,UNLINKED_LIST_ITEM,True
,20fdd49b-c3a8-5d1f-b866-3a97ccefb639,UNLINKED_LIST_ITEM,True
,4a160cf8-61c8-5e37-a296-fd1050bd6401,UNLINKED_LIST_ITEM,True
,3b673b3b-f08c-5790-968c-80558daa6c0c,UNLINKED_LIST_ITEM,True
,d71f2549-6a3f-515b-8ff0-519dde94d12e,UNLINKED_LIST_ITEM,True
,65e8ce83-e31e-5d25-afc0-b39357245e71,UNLINKED_LIST_ITEM,True
,c9e699c3-b90c-54db-a30e-a392422ce2f5,UNLINKED_LIST_ITEM,True
,4d82dc36-d513-5f26-a08a-e41442fc8714,UNLINKED_LIST_ITEM,True
,6e5e3107-fa39-5001-a4e3-72f0da169181,UNLINKED_LIST_ITEM,True
,b7ee97d5-3219-5c60-9d6d-e922afd78642,UNLINKED_LIST_ITEM,True
,26260c7a-c833-5434-a47c-1eea4628d691,UNLINKED_LIST_ITEM,True
,3d2e1c8c-04f5-50f9-bc7c-7b28498e3c5d,UNLINKED_LIST_ITEM,True
,83e7c0b6-19a9-59ab-8e9c-ad18278ebe48,UNLINKED_LIST_ITEM,True
,3c9fffd1-aeb7-558c-86f5-faa0e501baee,UNLINKED_LIST_ITEM,True
,ee03fbb9-ca34-5589-997b-a8686d7862b2,UNLINKED_LIST_ITEM,True
,ae44e5ce-7383-5cc1-b0f4-3d554516953a,UNLINKED_LIST_ITEM,True
,c7ea4fcb-2e11-50c2-9227-e49af08aaca7,UNLINKED_LIST_ITEM,True
,bd3dd6d9-1b48-5a30-994f-0f3b5e4085cd,UNLINKED_LIST_ITEM,True
,12398885-7a72-5382-be0e-80b4a5fdf7fd,UNLINKED_LIST_ITEM,True
,7245aa3d-72a2-50af-95b2-322d687e1453,UNLINKED_LIST_ITEM,True
,c840188c-f89d-5b03-999d-0f493465814c,UNLINKED_LIST_ITEM,True
,dff5df8f-a0aa-544f-a48d-421c17f177ad,UNLINKED_LIST_ITEM,True
,81e5c387-1ba4-54e5-a832-3d617ffb69b0,UNLINKED_LIST_ITEM,True
,251f6e05-a2cf-58cb-ba55-101b24f392cc,UNLINKED_LIST_ITEM,True
,36b8d824-332b-594e-8c48-cb900ccd7b06,UNLINKED_LIST_ITEM,True
,ed02a577-5515-58cd-98ba-aeff662c4828,UNLINKED_LIST_ITEM,True
,19884c8d-0435-5eb4-97f0-19972f109e62,UNLINKED_LIST_ITEM,True
,0974c115-36a7-534d-9c52-cb519b34d09e,UNLINKED_LIST_ITEM,True
,155fd791-e9a2-5d65-92b0-44364a79a8f3,UNLINKED_LIST_ITEM,True
,b18d448f-4948-5d94-9148-18300605a261,UNLINKED_LIST_ITEM,True
,d4e7e80a-9b27-5209-9885-95244cee23e4,UNLINKED_LIST_ITEM,True
,e7d5b49d-77a0-5baf-837d-a8d12ff8b362,UNLINKED_LIST_ITEM,True
,9d1fc6a0-68cb-55db-b1fe-cba93f4ab948,UNLINKED_LIST_ITEM,True
,8889fd7f-d367-5868-9f35-09f34e0230ae,UNLINKED_LIST_ITEM,True
,c1875778-aac5-5081-96d1-36c039685bf6,UNLINKED_LIST_ITEM,True
,22c72088-9097-5e67-a870-ffa9dafe1159,UNLINKED_LIST_ITEM,True
,54596d16-580f-5f03-b24a-44c30dd71ab8,UNLINKED_LIST_ITEM,True
,9ec1f44e-fcc0-501e-a000-34b703764608,UNLINKED_LIST_ITEM,True
,b10c6241-afff-5a1d-8b29-97d534702f64,UNLINKED_LIST_ITEM,True
,d28ce070-e427-5ecf-98ed-3fe808b8e974,UNLINKED_LIST_ITEM,True
,f53ee02b-aeb6-5676-839e-ce5edc7cafc7,UNLINKED_LIST_ITEM,True
,94f3f69f-2316-5425-a18b-044c6df87729,UNLINKED_LIST_ITEM,True
,a6d1e3c6-f45f-5c9d-a97c-48f6b5830831,UNLINKED_LIST_ITEM,True
,69568393-a178-5b75-9e12-1fed3d3164ac,UNLINKED_LIST_ITEM,True
,ba199a8f-a1db-555d-8151-4c34fe49673a,UNLINKED_LIST_ITEM,True
,be009cee-a4ee-5118-a487-527ea814aba3,UNLINKED_LIST_ITEM,True
,663ce7de-f297-5e9e-be16-6ea5d01d925f,UNLINKED_LIST_ITEM,True
,415110cc-5ebc-5284-9be1-59f3b9c031af,UNLINKED_LIST_ITEM,True
,c811fb46-28d2-5988-bf47-dd7c1c62ad20,UNLINKED_LIST_ITEM,True
,8cc9da69-be91-563e-81e0-14dded443cfe,UNLINKED_LIST_ITEM,True
,af18e5f7-f404-5099-8d76-b79e0fd4129f,UNLINKED_LIST_ITEM,True
,a3a5bbf2-ff7b-5cc8-83b3-0461d8de988a,UNLINKED_LIST_ITEM,True
,655f0e89-a6de-50b0-9656-e77740840782,UNLINKED_LIST_ITEM,True
,9c3c1810-2536-55c6-af7e-e59403972577,UNLINKED_LIST_ITEM,True
,68109afe-6d63-59b1-874f-08e5b3383593,UNLINKED_LIST_ITEM,True
,63abd778-59d6-50c0-a225-d17c77bbcfb4,UNLINKED_LIST_ITEM,True
,5d7ce1a8-5716-55e7-974f-e34fe06a5604,UNLINKED_LIST_ITEM,True
,c3758591-1fb3-5c75-9de3-b8de43abf6a9,UNLINKED_LIST_ITEM,True
,f671009c-0d46-5dad-bb26-2484da83de26,UNLINKED_LIST_ITEM,True
,b6f31f09-dfa8-5d8b-ac1c-f9d1902cef56,UNLINKED_LIST_ITEM,True
,01e9c745-7d0b-5ec0-9a1d-04a6a45a2c60,UNLINKED_LIST_ITEM,True
,302d37b9-a45b-5a99-ba95-fe0402832d9d,UNLINKED_LIST_ITEM,True
,05505c3e-0677-59c5-b192-62d083b0e67e,UNLINKED_LIST_ITEM,True
,3c09e671-0b48-51cf-a2bc-38131e58a50e,UNLINKED_LIST_ITEM,True
,d682e841-5278-59bf-8651-fd867f063fe5,UNLINKED_LIST_ITEM,True
,e01bb39f-3135-5efb-b891-2be8767045ce,UNLINKED_LIST_ITEM,True
,6dfac44f-04ad-512a-8bd7-d77584bebc45,UNLINKED_LIST_ITEM,True
,09c4b4d4-c734-5bb8-a246-51f538fb97f6,UNLINKED_LIST_ITEM,True
,3e8224ed-59f2-5aec-9900-641ecbbdcecc,UNLINKED_LIST_ITEM,True
,cd971f6b-b839-55fd-a17d-b65e9d51f009,UNLINKED_LIST_ITEM,True
,50eb69d1-eae4-502b-9487-75e9a79418f8,UNLINKED_LIST_ITEM,True
,324f6e1b-d564-5a06-b83a-d794a1cb1558,UNLINKED_LIST_ITEM,True
,afc2764d-3ee9-516d-b336-205cc4bdf848,UNLINKED_LIST_ITEM,True
,1d46c726-2a04-59e2-9c73-db5b96efb66e,UNLINKED_LIST_ITEM,True
,178756e3-beef-5bf3-8989-21056ca81f45,UNLINKED_LIST_ITEM,True
,83faea3f-ed6c-5c3a-8207-50309705c3be,UNLINKED_LIST_ITEM,True
,49379607-a606-5690-b3da-389009032610,UNLINKED_LIST_ITEM,True
,5245bb87-1fa6-5d9c-9940-22d7803b3eeb,UNLINKED_LIST_ITEM,True
,e083a176-cce9-5e52-95c6-731d7f20c30f,UNLINKED_LIST_ITEM,True
,bfc0e0c1-86f8-5794-b97c-e7cfd09cefce,UNLINKED_LIST_ITEM,True
,0e321386-6d97-5f46-bd65-91b538a9ff64,UNLINKED_LIST_ITEM,True
,e6c1ef18-0bf8-5714-abac-68f887409941,UNLINKED_LIST_ITEM,True
,d80edc3e-eb1e-5a18-a535-9145d29f0a7f,UNLINKED_LIST_ITEM,True
,8e96806f-d6a7-56ca-a0f6-50389b5ba4eb,UNLINKED_LIST_ITEM,True
,304442cd-8029-5768-b0c7-c242f0a4e5d5,UNLINKED_LIST_ITEM,True
,7aec64ec-21f6-5b4f-8fcb-978fcc82f035,UNLINKED_LIST_ITEM,True
,69c2c011-7473-5432-a050-0163e9f6d5fb,UNLINKED_LIST_ITEM,True
,a45ac4f1-7bb5-59b2-94f4-449a1b33693f,UNLINKED_LIST_ITEM,True
,897a237f-5a7e-5710-a617-989e1b2acc73,UNLINKED_LIST_ITEM,True
,c7f41d67-a0dc-5cc0-b4fa-b49deecf5670,UNLINKED_LIST_ITEM,True
,ca9bb73f-5ca5-5543-98a6-6e44ae128085,UNLINKED_LIST_ITEM,True
,f913b967-b7c9-5f70-a94e-e3978327e53c,UNLINKED_LIST_ITEM,True
,9bf85050-2b93-5d31-8f16-b04c54febb65,UNLINKED_LIST_ITEM,True
,d3062894-f9d9-508c-8c1f-c3e48c4b144f,UNLINKED_LIST_ITEM,True
,5d9fb521-b2bb-566e-8ac2-bdb4f08454b5,UNLINKED_LIST_ITEM,True
,c7f8f29d-ccaf-586e-b7f1-45237debf0cb,UNLINKED_LIST_ITEM,True
,1b9d3497-abce-56e5-8c10-ca25f8193858,UNLINKED_LIST_ITEM,True
,a0d47727-4fb5-5448-9714-a1932f26b26f,UNLINKED_LIST_ITEM,True
,93c1e01c-6809-5d52-b788-f3ff149a9f4b,UNLINKED_LIST_ITEM,True
,c43ae1d8-7be4-508f-97bc-3b58f5c96da8,UNLINKED_LIST_ITEM,True
,419be04e-700e-5bd8-8b18-63b67c8e4756,UNLINKED_LIST_ITEM,True
,b9d441e6-7e37-5ac4-9bd0-0735035e6121,UNLINKED_LIST_ITEM,True
,9dbeb402-59f4-5125-a022-dfbdb3347bee,UNLINKED_LIST_ITEM,True
,efe88bce-4939-5679-bff1-274c3d2fc922,UNLINKED_LIST_ITEM,True
,f48d4d33-e78a-575c-8724-1b239083138f,UNLINKED_LIST_ITEM,True
,0c6ec0cc-7a07-5656-ab1a-31cd9839845d,UNLINKED_LIST_ITEM,True
,ec5fff94-d1c1-5a1d-872f-a1301b7542bf,UNLINKED_LIST_ITEM,True
,7c95b632-1193-58ce-b3e8-19c098ce5786,UNLINKED_LIST_ITEM,True
,9bbb0638-1e93-500a-a096-d38703949847,UNLINKED_LIST_ITEM,True
,fb0db042-7f3b-5cac-93c1-a1a9d46796ed,UNLINKED_LIST_ITEM,True
,a67cf104-db19-5729-a84e-0e020ad7745f,UNLINKED_LIST_ITEM,True
,c8caa7fb-a3df-5a24-b97f-e7645ce43d7b,UNLINKED_LIST_ITEM,True
,7e42f95d-4dcc-54f5-89a6-890beff356c6,UNLINKED_LIST_ITEM,True
,23829bff-be76-5262-ba8e-6dc2846dc5e4,UNLINKED_LIST_ITEM,True
,17d89db4-8e26-5f99-a734-03b81d417e11,UNLINKED_LIST_ITEM,True
,efbe0ace-a84e-52c2-86f2-22980ac5b179,UNLINKED_LIST_ITEM,True
,e0bfb458-21f5-58f4-b59a-9948ca56b42b,UNLINKED_LIST_ITEM,True
,e2e8fa84-fb59-5476-a784-8bc3383f8b7b,UNLINKED_LIST_ITEM,True
,9ab54a09-788d-5336-b0d2-a835e553ee0f,UNLINKED_LIST_ITEM,True
,992898d0-c38b-5ea7-a2bc-4706bd9a8eb2,UNLINKED_LIST_ITEM,True
,2e82e4d5-2c14-5802-882e-0c79bf45be72,UNLINKED_LIST_ITEM,True
,e71c4f90-bc6d-5fc9-896a-66e124cfe5d7,UNLINKED_LIST_ITEM,True
,bf9abeb6-4885-552c-8cba-977a0bb6ac24,UNLINKED_LIST_ITEM,True
,8c53fd8e-b679-5eae-b9e0-88d2ff979e9e,UNLINKED_LIST_ITEM,True
,a67b8908-c960-5674-b855-06874d97b3ee,UNLINKED_LIST_ITEM,True
,dfa6a907-bc19-5847-ad6e-b84c208b8d58,UNLINKED_LIST_ITEM,True
,7f97429d-e24e-5b95-8999-cc1c8ec918d3,UNLINKED_LIST_ITEM,True
,519d030f-c84a-5cbb-85d7-0b3b192385ea,UNLINKED_LIST_ITEM,True
,4cac933c-9a97-5753-9e7e-96b9c6a59ef9,UNLINKED_LIST_ITEM,True
,37b37454-1e86-5d17-b8a6-e3b1d6963327,UNLINKED_LIST_ITEM,True
,89b60194-b8b8-5bb0-85ea-55c4dea0e0e4,UNLINKED_LIST_ITEM,True
,3586e8f0-e2ad-5eb9-b4ed-49bc672e5cb5,UNLINKED_LIST_ITEM,True
,f7a40d37-cbb2-53a7-b78f-446de31c60b0,UNLINKED_LIST_ITEM,True
,d85b209d-3663-5d72-94cd-8afe21646f0b,UNLINKED_LIST_ITEM,True
,30ef51a6-fc5b-5c60-9113-72f1e54608ba,UNLINKED_LIST_ITEM,True
,d1f3ea77-9e4b-53f2-a052-a21ce0a6c24f,UNLINKED_LIST_ITEM,True
,5a5ca57d-64a6-56dc-a4d3-0342eca557d2,UNLINKED_LIST_ITEM,True
,bacc2243-dd64-552a-8414-4a2a6201b2fe,UNLINKED_LIST_ITEM,True
,225c6e6f-3dcc-5f92-aba7-e07c4d01e2d9,UNLINKED_LIST_ITEM,True
,c3ca13f4-48ca-5b2d-b698-a063d71a7139,UNLINKED_LIST_ITEM,True
,02cbe2ff-2a9d-504b-891d-fecdd7eef913,UNLINKED_LIST_ITEM,True
,838dba85-300a-5cb4-8c65-9f03f3a15e11,UNLINKED_LIST_ITEM,True
,46848423-462d-5c76-b80b-b02608b42e6b,UNLINKED_LIST_ITEM,True
,5d91a9fe-f5cf-565f-9b43-b7ae525c87e2,UNLINKED_LIST_ITEM,True
,134dd369-fe75-50ac-96b4-6ba98e21aeb5,UNLINKED_LIST_ITEM,True
,0f3e65e1-b1e7-59c4-8b5a-6ed5991d1ee2,UNLINKED_LIST_ITEM,True
,0d152afe-eefc-597d-9dd1-0e491dfae8fc,UNLINKED_LIST_ITEM,True
,bdd7ab10-46f0-5e87-b938-e46245aa1c2c,UNLINKED_LIST_ITEM,True
,ef0b8482-7810-5229-a1a9-c8256255efd0,UNLINKED_LIST_ITEM,True
,e8137605-4f77-5ac6-af32-507c7e6b0ac5,UNLINKED_LIST_ITEM,True
,24e4cda7-2496-5154-b184-eb2e5480c7ae,UNLINKED_LIST_ITEM,True
,0b5dfdda-18ff-5ad8-a974-2a2452c835d4,UNLINKED_LIST_ITEM,True
,2c51c755-7dd1-54ae-83a9-ee688f9a78e7,UNLINKED_LIST_ITEM,True
,bae499d7-07d8-556d-845d-2e88d599c60c,UNLINKED_LIST_ITEM,True
,fc02497a-c83e-52c9-b304-599a1a7a479f,UNLINKED_LIST_ITEM,True
,e761c9f5-3656-59da-9cb9-08ec1d1a8e7c,UNLINKED_LIST_ITEM,True
,917e48c2-7f03-537c-99c0-10a8c02ec1e5,UNLINKED_LIST_ITEM,True
,a555b3ba-9897-57ea-9013-ac950956a5ae,UNLINKED_LIST_ITEM,True
,73c32ff4-e2ed-550f-abf6-4cbe4fb92f31,UNLINKED_LIST_ITEM,True
,cc51869a-adb8-5fb5-9c4a-8bc0d25962f8,UNLINKED_LIST_ITEM,True
,aa701de5-7be3-5756-925d-75b33413030a,UNLINKED_LIST_ITEM,True
,3b7e3a45-1d42-52b9-9244-8a51adbb413c,UNLINKED_LIST_ITEM,True
,ef1fdb69-d8df-5015-bc4d-b04785ee08de,UNLINKED_LIST_ITEM,True
,37d35d45-dd66-59a0-bb17-abc843444fe8,UNLINKED_LIST_ITEM,True
,e11aaa2a-6338-5e33-a9df-5604565f7390,UNLINKED_LIST_ITEM,True
,6d77a442-59b3-5248-ad99-abe58a43d949,UNLINKED_LIST_ITEM,True
,77e4ea33-2763-50aa-b4b6-369ff5cbebbe,UNLINKED_LIST_ITEM,True
,c29cda56-d089-5c62-836d-552e4fa5fe26,UNLINKED_LIST_ITEM,True
,080df78a-065a-52b1-ac1d-98a9be4f230b,UNLINKED_LIST_ITEM,True
,143ad821-4be8-53ee-96f1-43cc8f5c4448,UNLINKED_LIST_ITEM,True
,b811c860-8ea5-5bdf-9f13-a7982d4af5fc,UNLINKED_LIST_ITEM,True
,fb352422-0828-57ea-839d-39e7657c6e7f,UNLINKED_LIST_ITEM,True
,d8463746-aae3-5106-b7b3-cdb56597715e,UNLINKED_LIST_ITEM,True
,5ea8bd8a-c7ea-5a9a-bd45-5112042f7b58,UNLINKED_LIST_ITEM,True
,df5c4c98-626f-5773-bd3f-db69ee94c429,UNLINKED_LIST_ITEM,True
,c60aac75-4ae9-5fe1-be17-635569320580,UNLINKED_LIST_ITEM,True
,a6189646-6eb2-5f1b-a594-112041f753eb,UNLINKED_LIST_ITEM,True
,9e16a764-a7dc-5f97-a32d-36cd5809bbed,UNLINKED_LIST_ITEM,True
,b2dd4186-c47e-5b45-8d9d-9b0250dc423d,UNLINKED_LIST_ITEM,True
,ee7fc6b3-dd1c-5c6f-9320-0bcdf72d612d,UNLINKED_LIST_ITEM,True
,317bc731-b5c0-57a3-8c75-c3659c38c90c,UNLINKED_LIST_ITEM,True
,f4b28075-2f0f-537d-84eb-203baab28186,UNLINKED_LIST_ITEM,True
,1587c2df-cfd0-5ac4-be58-1b4b7736daa1,UNLINKED_LIST_ITEM,True
,ce2c6bbb-a296-5c4f-aebc-8b35fa301a58,UNLINKED_LIST_ITEM,True
,b35ff0f9-128e-5ac7-8b6e-3ed2fca942f5,UNLINKED_LIST_ITEM,True
,f940cb0c-ea59-58a8-8f3a-f68ae3d695bb,UNLINKED_LIST_ITEM,True
,9669ada1-2fd8-5511-815b-93b388b87b9d,UNLINKED_LIST_ITEM,True
,1456e325-ac03-5f92-9b60-c1ca6edba544,UNLINKED_LIST_ITEM,True
,277a78d8-6d4d-549e-9d94-8ac12c342148,UNLINKED_LIST_ITEM,True
,81635904-323f-5bae-9c3e-b389b7d492cc,UNLINKED_LIST_ITEM,True
,c7fc7111-1380-50de-b086-bf21db3c92cb,UNLINKED_LIST_ITEM,True
,b534496a-3d22-591f-a3f4-b197b6aba9b0,UNLINKED_LIST_ITEM,True
,2e9b54f6-ad28-5ef6-a375-c40e798d3ce1,UNLINKED_LIST_ITEM,True
,0c867be3-781d-542e-9127-c83ce9ebb3ca,UNLINKED_LIST_ITEM,True
,b4f68c12-6f69-53cf-8343-88d3d003475f,UNLINKED_LIST_ITEM,True
,19818a29-b79e-512f-ade2-70590a5dd924,UNLINKED_LIST_ITEM,True
,bd1bedb2-550e-5fbd-8bb3-c39c3546bd3d,UNLINKED_LIST_ITEM,True
,7ee850aa-bf07-591c-8758-0aaf00d2eda5,UNLINKED_LIST_ITEM,True
,a489890a-742f-548a-922a-0fa7e140fc43,UNLINKED_LIST_ITEM,True
,eea51d40-6a27-5dac-8509-590bc062f9a0,UNLINKED_LIST_ITEM,True
,94f47307-1e3d-56d2-b0b4-1e5128a90b28,UNLINKED_LIST_ITEM,True
,262839f9-d5e5-5664-adc9-f46a52841e14,UNLINKED_LIST_ITEM,True
,ff6605ca-a110-583b-a705-ad527c7f4b25,UNLINKED_LIST_ITEM,True
,7b0ba0ed-c691-5f01-9a54-db534738783b,UNLINKED_LIST_ITEM,True
,03f1e064-a3bc-5dad-a77c-fa4c0b29ac30,UNLINKED_LIST_ITEM,True
,716e17cc-c7d7-5445-87e8-2ca146082998,UNLINKED_LIST_ITEM,True
,a8190b2c-0f60-526e-9223-75df3cc4fee4,UNLINKED_LIST_ITEM,True
,50d2c917-b1e2-5425-a8ad-72958287b150,UNLINKED_LIST_ITEM,True
,203ffbec-12a0-56c7-b711-1edaf8399481,UNLINKED_LIST_ITEM,True
,ae6da2b1-dc09-5568-ba0b-a8769b3a768e,UNLINKED_LIST_ITEM,True
,575c098e-0b01-5021-9d4b-69961910cac7,UNLINKED_LIST_ITEM,True
,717e3f39-8976-5091-b205-fc282d788791,UNLINKED_LIST_ITEM,True
,574eaf29-e0aa-5496-b494-d1352a895c09,UNLINKED_LIST_ITEM,True
,5e1fa3cf-4c5e-558b-946b-b4b62f376af1,UNLINKED_LIST_ITEM,True
,c30e108d-5d34-5433-b465-9ed88c7a0045,UNLINKED_LIST_ITEM,True
,2ef4c43d-0c5a-5312-9b59-315100c6685a,UNLINKED_LIST_ITEM,True
,0ba45bbd-06f1-51b0-9731-889405fe5d35,UNLINKED_LIST_ITEM,True
,b182baec-bdee-5825-81c1-6c2bf9feba49,UNLINKED_LIST_ITEM,True
,a9efe917-0f55-5e2e-bd67-b3308d074fa8,UNLINKED_LIST_ITEM,True
,7856f004-01a7-5f9d-abe2-c7572f063415,UNLINKED_LIST_ITEM,True
,22c6b7df-f45c-591a-abb8-ceebda669ede,UNLINKED_LIST_ITEM,True
,10c58784-fe66-5d96-893a-87aa517d8a5c,UNLINKED_LIST_ITEM,True
,e80780f3-d0d9-5f9b-8880-e9e99c0bae19,UNLINKED_LIST_ITEM,True
,e80e88c7-5266-5614-bdb3-a8f396c0376a,UNLINKED_LIST_ITEM,True
,5876f23e-45c4-5d88-a14c-bb6ee2e4b00e,UNLINKED_LIST_ITEM,True
,495db3d6-bd00-5fa1-bf95-5a6633a36fd6,UNLINKED_LIST_ITEM,True
,34a36f0a-58a0-5a6e-89d1-e1004e888c3c,UNLINKED_LIST_ITEM,True
,3aacda2b-a287-5859-8e8c-01e98fb2fb7e,UNLINKED_LIST_ITEM,True
,ddcf10a1-27ed-55c8-84de-67724d292f2b,UNLINKED_LIST_ITEM,True
,942867bb-04b6-5fd7-9c90-4d1a9d9e3a64,UNLINKED_LIST_ITEM,True
,041a2d2a-fc9e-5e7c-a77f-80584af3dd00,UNLINKED_LIST_ITEM,True
,3863d056-6b82-5bfc-b27e-120e8ad9ea8e,UNLINKED_LIST_ITEM,True
,f4b789e4-a846-51d8-a001-3073e0c69b1b,UNLINKED_LIST_ITEM,True
,9f2f83af-b8c7-516a-b7be-8cf1cb9a2383,UNLINKED_LIST_ITEM,True
,eb8296a6-20ce-5b1c-b2c2-bce7f54ef9f5,UNLINKED_LIST_ITEM,True
,c21226a5-2dc4-51e2-b152-ab2adbd26340,UNLINKED_LIST_ITEM,True
,fc5dd6c8-4e55-5844-8417-a61fe8b62488,UNLINKED_LIST_ITEM,True
,79038ebd-08e2-5df3-8e0a-724e5efeb4b6,UNLINKED_LIST_ITEM,True
,63dfbfcc-cca1-50ef-8f88-87e22a781e0e,UNLINKED_LIST_ITEM,True
,3e3b5fdd-9223-59bb-af2b-47b73397493d,UNLINKED_LIST_ITEM,True
,383fb59a-12ef-5a38-a268-51211fc36d05,UNLINKED_LIST_ITEM,True
,41f249f1-d22e-5492-bf75-d4f129bdd1f4,UNLINKED_LIST_ITEM,True
,4df0090a-08df-5e96-8462-e434c4be6d21,UNLINKED_LIST_ITEM,True
,fc202b4c-05e8-519b-a369-d655236341cb,UNLINKED_LIST_ITEM,True
,db227ba6-c4fc-54ca-99bb-c4a61c52d2d4,UNLINKED_LIST_ITEM,True
,7a175571-b4a4-544c-88fa-f306f3d4fd33,UNLINKED_LIST_ITEM,True
,92763d60-71c7-5125-a290-28404bcde898,UNLINKED_LIST_ITEM,True
,29714ef8-8bab-5d67-b034-36a99b2ee046,UNLINKED_LIST_ITEM,True
,895fb682-5eac-5045-8812-daf8f51c7940,UNLINKED_LIST_ITEM,True
,4ec57b5e-5558-521a-bb00-11c4ffa64ed2,UNLINKED_LIST_ITEM,True
,1127fc87-6a23-575e-8e7a-12698102518e,UNLINKED_LIST_ITEM,True
,50fcd53f-1cd5-591e-bee2-3bab4d334317,UNLINKED_LIST_ITEM,True
,3bec47ab-ecac-5b62-b69f-b62f52a0c4ea,UNLINKED_LIST_ITEM,True
,01fd0712-17ae-5c12-9f32-ad63a8f7d4ab,UNLINKED_LIST_ITEM,True
,a85e66d5-fc38-5c0c-9525-a57f1e43d5f8,UNLINKED_LIST_ITEM,True
,91567a7d-4a2d-52fc-bdd3-d042017e6488,UNLINKED_LIST_ITEM,True
,43307b32-ab01-5c05-8653-5484ea8f0f71,UNLINKED_LIST_ITEM,True
,107fe7e3-1c57-5187-b66b-599c8b8ec68b,UNLINKED_LIST_ITEM,True
,1870f53b-fe6c-5a77-b67b-362646959680,UNLINKED_LIST_ITEM,True
,4a7b30ca-2d1f-579d-9dea-82c2c8bd3660,UNLINKED_LIST_ITEM,True
,c7285f84-d14c-5ab0-bb04-6c7f7b21ad49,UNLINKED_LIST_ITEM,True
,214f3d4c-58ca-5cc2-af7b-e50dd421bc90,UNLINKED_LIST_ITEM,True
,58813901-dc02-5d44-9a74-112b36f6ae0b,UNLINKED_LIST_ITEM,True
,bcb2749e-1be8-5ae8-86fd-5bfcab443aac,UNLINKED_LIST_ITEM,True
,0ddc5a82-0e31-53d0-a1dd-e51a555bdaab,UNLINKED_LIST_ITEM,True
,c47cb02c-89de-58cb-9ca2-26b23fba3acf,UNLINKED_LIST_ITEM,True
,bbe88caa-a412-58fb-8596-dbaaa4b0572c,UNLINKED_LIST_ITEM,True
,40b65652-f633-529b-b1af-08ae899f3aa0,UNLINKED_LIST_ITEM,True
,e9ee69df-7f8c-5ebe-a8cd-b3834f6bb11b,UNLINKED_LIST_ITEM,True
,bb75d0ac-c58c-505e-bff5-0a6577938867,UNLINKED_LIST_ITEM,True
,5c8e831a-99d8-55d3-8e71-8b472b5d374e,UNLINKED_LIST_ITEM,True
,f7ce2b17-0cc9-54df-a42e-da5e87a45731,UNLINKED_LIST_ITEM,True
,5b34f7fb-a9bb-53c4-8385-14904286cb81,UNLINKED_LIST_ITEM,True
,38520bcf-421b-542d-a1fe-be54e9706e01,UNLINKED_LIST_ITEM,True
,e19200d2-724c-5c87-8556-0be773631840,UNLINKED_LIST_ITEM,True
,d1a18ee5-b742-578d-9bcf-a0b1a571a7b6,UNLINKED_LIST_ITEM,True
,ab2d4283-cf3a-545f-96d4-6b78a3aae20c,UNLINKED_LIST_ITEM,True
,d58122a2-39cc-56ac-9c0a-0dfff78a3c6c,UNLINKED_LIST_ITEM,True
,7b483364-6cfe-5735-aeb2-82f6bc0016ec,UNLINKED_LIST_ITEM,True
,d1577267-cc42-5fce-b5fc-a0064b7df128,UNLINKED_LIST_ITEM,True
,c44a3780-6dd4-564d-9f47-8cf9057885b1,UNLINKED_LIST_ITEM,True
,88370431-7bee-5c73-b480-e15560915575,UNLINKED_LIST_ITEM,True
,53803742-b54f-50db-b164-74fc4e9741b8,UNLINKED_LIST_ITEM,True
6e4dd4d0-6af0-5d56-8794-01860687d423,50c27e69-0d4b-593c-9a9f-3907ef86572a,HAS_LIST_ITEM,False
,d0453db5-1996-509d-8122-7912daf84ea9,UNLINKED_LIST_ITEM,True
7f4be8ac-8868-5d3c-af53-1f2a59834c4e,0ca684b6-a291-56e2-90f2-a53e4d80d593,HAS_LIST_ITEM,False
,ed7d536a-77ba-5d4f-bdee-37c1098b69bb,UNLINKED_LIST_ITEM,True
,a5800d2e-6a70-5fa4-8411-8bc41cfb14fc,UNLINKED_LIST_ITEM,True
,db6224e0-7317-515b-9357-537cdef87b5e,UNLINKED_LIST_ITEM,True
,61f7110d-4be7-5651-9260-95e9dd6be1e7,UNLINKED_LIST_ITEM,True
,b75b0ee7-7158-582c-a6cc-f7bcab11b0ed,UNLINKED_LIST_ITEM,True
,0f1ce5bb-66f4-5be2-a7d7-f4a86f377911,UNLINKED_LIST_ITEM,True
,72d510c8-44a0-51da-a5d2-d315c6ee702f,UNLINKED_LIST_ITEM,True
,6bc54692-6718-5c92-a12d-1987202e3341,UNLINKED_LIST_ITEM,True
,a25190a2-8a4c-5e2d-8f27-2a92548c03f0,UNLINKED_LIST_ITEM,True
,ef6c4ee8-e88c-5acc-9a68-72faa73c764a,UNLINKED_LIST_ITEM,True
,7bb4df85-7158-5042-bb4e-418fc682c9be,UNLINKED_LIST_ITEM,True
,230c4fa6-3c18-5e7e-8a97-7aadcd21c8c6,UNLINKED_LIST_ITEM,True
,7821b49c-d16d-5df3-988d-012c4f48cbb1,UNLINKED_LIST_ITEM,True
,d4ba12cf-24e3-543f-a84a-c0ae3ed9045b,UNLINKED_LIST_ITEM,True
,7cee0962-1363-56a4-bd36-acd06df67793,UNLINKED_LIST_ITEM,True
,1078b903-7e05-5813-b0d0-02a741774cfd,UNLINKED_LIST_ITEM,True
,091e9d2c-f356-52f9-96e2-3e583fe001ba,UNLINKED_LIST_ITEM,True
,cde4e00a-538a-51d3-ab8b-ca5110bce0ee,UNLINKED_LIST_ITEM,True
,8f20dc57-4551-5dbc-9190-2e49310353bd,UNLINKED_LIST_ITEM,True
,cc47338b-9357-5df4-89d9-6fadd150d171,UNLINKED_LIST_ITEM,True
,2508c977-fc57-58e2-adc1-941f40f208f1,UNLINKED_LIST_ITEM,True
,211723d9-fde8-530f-b301-1df6b727fc3f,UNLINKED_LIST_ITEM,True
,1b114868-c3fa-5608-9bb6-7aa38797b73d,UNLINKED_LIST_ITEM,True
,4ac7f342-885c-5444-aaa7-f447809b4b83,UNLINKED_LIST_ITEM,True
,f53a8385-926a-543d-aadf-7758de7db648,UNLINKED_LIST_ITEM,True
,9b241ecf-7e55-58f8-8d20-eba125eba33c,UNLINKED_LIST_ITEM,True
,c9f312b0-9e6c-50e7-8174-9abd3332dad0,UNLINKED_LIST_ITEM,True
,2b0435e0-c8ef-5729-b61e-5b9798dd4b61,UNLINKED_LIST_ITEM,True
