exception_id,rule_id,exception_type,condition_text,effect_text,scope,source_node_id,source_text
961d344e-06b0-545a-b970-03ed55a2ffe1,1c5f7285-cd24-58a7-8fb4-b3a84d978109,EXCLUSION,제3조(적용범위) 상시 근로자가 5명 미만인 사업 또는 사업장의 사업주(개인사업주에 한정한다. 이하 같다) 또는 경영책임자등에게는 이 장의 규정을 적용하지 아니한다.,앞 규칙의 적용을 배제하거나 완화,paragraph,baab7a4b60da504419b7b15026a20d9f435a86c6,제3조(적용범위) 상시 근로자가 5명 미만인 사업 또는 사업장의 사업주(개인사업주에 한정한다. 이하 같다) 또는 경영책임자등에게는 이 장의 규정을 적용하지 아니한다.
92e13487-793b-5163-8861-f42afd006328,014c4942-6b2c-5e27-a5c9-b3b1c0f78413,MODIFICATION,"사업주나 법인 또는 기관이 그 시설, 장비, 장소 등에 대하여 실질적으로 지배ㆍ운영ㆍ관리하는 책임이 있는 경우에 한정한다.",앞 규칙의 적용 범위 또는 내용을 수정,paragraph,6ce11d5cb4c07ada53b7939bac6d4989baf836cb,"제5조(도급, 용역, 위탁 등 관계에서의 안전 및 보건 확보의무) 사업주 또는 경영책임자등은 사업주나 법인 또는 기관이 제3자에게 도급, 용역, 위탁 등을 행한 경우에는 제3자의 종사자에게 중대산업재해가 발생하지 아니하도록 제4조의 조치를 하여야 한다. 다만, 사업주나 법인 또는 기관이 그 시설, 장비, 장소 등에 대하여 실질적으로 지배ㆍ운영ㆍ관리하는 책임이 있는 경우에 한정한다."
d5766eb7-947c-50bd-b11f-efc023142bd3,014c4942-6b2c-5e27-a5c9-b3b1c0f78413,MODIFICATION,"조의 조치를 하여야 한다. 다만, 사업주나 법인 또는 기관이 그 시설, 장비, 장소 등에 대하여 실질적으로 지배ㆍ운영ㆍ관리하는 책임이 있는 경우에 한정한다.",앞 규칙의 적용 범위 또는 내용을 수정,paragraph,6ce11d5cb4c07ada53b7939bac6d4989baf836cb,"제5조(도급, 용역, 위탁 등 관계에서의 안전 및 보건 확보의무) 사업주 또는 경영책임자등은 사업주나 법인 또는 기관이 제3자에게 도급, 용역, 위탁 등을 행한 경우에는 제3자의 종사자에게 중대산업재해가 발생하지 아니하도록 제4조의 조치를 하여야 한다. 다만, 사업주나 법인 또는 기관이 그 시설, 장비, 장소 등에 대하여 실질적으로 지배ㆍ운영ㆍ관리하는 책임이 있는 경우에 한정한다."
e2762580-3790-544b-a64e-edd8427fd20d,353cde78-8164-52da-a217-8d6de93a253f,MODIFICATION,"사업주나 법인 또는 기관이 그 시설, 장비, 장소 등에 대하여 실질적으로 지배ㆍ운영ㆍ관리하는 책임이 있는 경우에 한정한다.",앞 규칙의 적용 범위 또는 내용을 수정,paragraph,16405701ab74350e7e6457b73bc4a3d02fdaff5b,"③ 사업주 또는 경영책임자등은 사업주나 법인 또는 기관이 공중이용시설 또는 공중교통수단과 관련하여 제3자에게 도급, 용역, 위탁 등을 행한 경우에는 그 이용자 또는 그 밖의 사람의 생명, 신체의 안전을 위하여 제2항의 조치를 하여야 한다. 다만, 사업주나 법인 또는 기관이 그 시설, 장비, 장소 등에 대하여 실질적으로 지배ㆍ운영ㆍ관리하는 책임이 있는 경우에 한정한다."
6e9c7f88-780b-54b3-a5e5-d12d93a68361,353cde78-8164-52da-a217-8d6de93a253f,MODIFICATION,"항의 조치를 하여야 한다. 다만, 사업주나 법인 또는 기관이 그 시설, 장비, 장소 등에 대하여 실질적으로 지배ㆍ운영ㆍ관리하는 책임이 있는 경우에 한정한다.",앞 규칙의 적용 범위 또는 내용을 수정,paragraph,16405701ab74350e7e6457b73bc4a3d02fdaff5b,"③ 사업주 또는 경영책임자등은 사업주나 법인 또는 기관이 공중이용시설 또는 공중교통수단과 관련하여 제3자에게 도급, 용역, 위탁 등을 행한 경우에는 그 이용자 또는 그 밖의 사람의 생명, 신체의 안전을 위하여 제2항의 조치를 하여야 한다. 다만, 사업주나 법인 또는 기관이 그 시설, 장비, 장소 등에 대하여 실질적으로 지배ㆍ운영ㆍ관리하는 책임이 있는 경우에 한정한다."
fc612135-f4da-52a5-8a3f-989be3f3169f,cd3a786f-ee09-5cd4-bc98-f0498137e8f1,EXCLUSION,법인 또는 기관이 해당 업무에 관하여 상당한 주의와 감독을 게을리하지 아니한 경우,그러하지 아니하다.,paragraph,cc86bb7fd2bc06082c9af42492ef91464e846fd6,"① 사업주 또는 경영책임자등이 고의 또는 중대한 과실로 이 법에서 정한 의무를 위반하여 중대재해를 발생하게 한 경우 해당 사업주, 법인 또는 기관이 중대재해로 손해를 입은 사람에 대하여 그 손해액의 5배를 넘지 아니하는 범위에서 배상책임을 진다. 다만, 법인 또는 기관이 해당 업무에 관하여 상당한 주의와 감독을 게을리하지 아니한 경우에는 그러하지 아니하다."
378c65a4-977b-5154-b909-5ce51f75551b,74d7f17d-2b96-5eae-9919-ad5823146be1,MODIFICATION,제4호에 해당하는 경우로서 직업성 질병자 발생 당시 사업장에서 해당 화학적 인자(因子)를 사용하지 않은 경우,그렇지 않다. <개정 2021.11.19>,paragraph,54c52751bd93a60776a7340ea278700695d0c9ef,"① 지방고용노동관서의 장은 다음 각 호의 어느 하나에 해당하는 사유가 발생한 경우에는 법 제17조제4항ㆍ제18조제4항 또는 제19조제3항에 따라 사업주에게 안전관리자ㆍ보건관리자 또는 안전보건관리담당자(이하 이 조에서 ""관리자""라 한다)를 정수 이상으로 증원하게 하거나 교체하여 임명할 것을 명할 수 있다. 다만, 제4호에 해당하는 경우로서 직업성 질병자 발생 당시 사업장에서 해당 화학적 인자(因子)를 사용하지 않은 경우에는 그렇지 않다. <개정 2021.11.19>"
2bd8403d-24d3-53e4-88a0-32afbbf76aa7,fe1753c0-9e15-5414-b197-b4bfe856843a,MODIFICATION,정당한 사유 없이 의견진술 또는 소명자료의 제출을 게을리한 경우,그렇지 않다.,paragraph,1612ae6c438345fc4fb0a428f2fb25887c21cab9,"② 제1항에 따라 관리자를 정수 이상으로 증원하게 하거나 교체하여 임명할 것을 명하는 경우에는 미리 사업주 및 해당 관리자의 의견을 듣거나 소명자료를 제출받아야 한다. 다만, 정당한 사유 없이 의견진술 또는 소명자료의 제출을 게을리한 경우에는 그렇지 않다."
6ff30f18-e82d-50b0-9e12-2bec425b1771,86bc5908-f3f6-591a-914d-8b51326ff75a,MODIFICATION,문기관 지정신청서에 다음 각 호의 구분에 따른 각 목의 서류를 첨부하여 고용노동부장관(영 제23조제1항에 따른 업종별ㆍ유해인자별 보건관리전문기관에 한정한다) 또는 업무를 수행하려는 주된 사무소의 소재지를 관할하는 지방고용노동청장(안전관리전문기관 및 영 제23조제1항에 따른 지역별 보건관리전문기관에,앞 규칙의 적용 범위 또는 내용을 수정,paragraph,13a1b7ccee2fe379cddd4123169c88634b8c58f4,① 안전관리전문기관 또는 보건관리전문기관으로 지정받으려는 자는 별지 제6호서식 또는 별지 제6호의2서식의 안전관리ㆍ보건관리전문기관 지정신청서에 다음 각 호의 구분에 따른 각 목의 서류를 첨부하여 고용노동부장관(영 제23조제1항에 따른 업종별ㆍ유해인자별 보건관리전문기관에 한정한다) 또는 업무를 수행하려는 주된 사무소의 소재지를 관할하는 지방고용노동청장(안전관리전문기관 및 영 제23조제1항에 따른 지역별 보건관리전문기관에 한정한다)에게 제출(전자문서로 제출하는 것을 포함한다)해야 한다. <개정 2024.6.28>
912405fb-3518-5219-abbd-7f422f2de2a6,ecf9c354-b781-55c3-8c42-18f32cc6a6e1,MODIFICATION,신청인이 국가기술자격증의 확인에 동의하지 않는 경우,그 사본을 첨부하도록 해야 한다.,paragraph,ded7b53834bbb75162a5f20867c6aea8ed1524c2,"② 제1항에 따른 신청서를 제출받은 고용노동부장관 또는 지방고용노동청장은 「전자정부법」 제36조제1항에 따른 행정정보의 공동이용을 통하여 법인등기사항증명서 및 국가기술자격증을 확인해야 한다. 다만, 신청인이 국가기술자격증의 확인에 동의하지 않는 경우에는 그 사본을 첨부하도록 해야 한다."
15f993fd-3b7c-50a9-b679-80201f8bd387,773b237a-3e08-5f77-a1b6-9dc780f3438c,MODIFICATION,신청인이 제1호 및 제3호의 서류의 확인에 동의하지 않는 경우,해당 서류를 첨부하도록 해야 한다. <개정 2025.5.30>,paragraph,24223687e89d1eb8e701e8e498de3f48ce65bf92,"② 제1항에 따른 신청서를 제출받은 지방고용노동청장은 「전자정부법」 제36조제1항에 따른 행정정보의 공동이용을 통하여 다음 각 호의 서류를 확인해야 한다. 다만, 신청인이 제1호 및 제3호의 서류의 확인에 동의하지 않는 경우에는 해당 서류를 첨부하도록 해야 한다. <개정 2025.5.30>"
5ed31c76-3477-5da7-89de-4ac069aa9a0f,9facb67f-ac0c-5a1b-9377-033b632da40e,MODIFICATION,제1호 및 제3호의 서류의 경우 신청인이 그 확인에 동의하지 않으면 해당 서류를 첨부하도록 해야 한다. <개정 2025.5.30>,앞 규칙의 적용 범위 또는 내용을 수정,paragraph,e3ddc514b9edf2dafac7e978d1ae47cf5255ac1e,"② 제1항에 따른 등록신청서를 제출받은 공단은 「전자정부법」 제36조제1항에 따른 행정정보의 공동이용을 통하여 다음 각 호의 서류를 확인해야 한다. 다만, 제1호 및 제3호의 서류의 경우 신청인이 그 확인에 동의하지 않으면 해당 서류를 첨부하도록 해야 한다. <개정 2025.5.30>"
0f0ce006-6ee1-530c-ad08-3ea3a749fdb4,e546e3a4-bb3b-50c1-b1b4-cd4dc2c860ab,MODIFICATION,고용노동부장관이 정하는 경미한 사항의 경우 공단은 변경내용을 확인한 후 적합한 경우,"지체 없이 등록사항을 변경하고, 등록증을 변경하여 발급(등록증의 기재사항에 변경이 있는 경우만 해당한다)할 수 있다.",paragraph,271eb8be86558cc8f9e1be4b3dc6be9560eaebe6,"⑥ 제5항에 따른 등록 변경에 관하여는 제3항 및 제4항을 준용한다. 다만, 고용노동부장관이 정하는 경미한 사항의 경우 공단은 변경내용을 확인한 후 적합한 경우에는 지체 없이 등록사항을 변경하고, 등록증을 변경하여 발급(등록증의 기재사항에 변경이 있는 경우만 해당한다)할 수 있다."
c92e6c82-f655-59f9-9215-ee16a0ab310a,a560bf65-75eb-5da1-9eee-82f8fe98b5f7,MODIFICATION,제42조제6항에 따라 자체심사 및 확인업체가 유해위험방지계획서 자체심사서를 제출한 경우,심사를 하지 않을 수 있다.,paragraph,b2267a3a7bf6152b6468625445f8eff8d582ed9e,"① 공단은 제42조에 따른 유해위험방지계획서 및 그 첨부서류를 접수한 경우에는 접수일부터 15일 이내에 심사하여 사업주에게 그 결과를 알려야 한다. 다만, 제42조제6항에 따라 자체심사 및 확인업체가 유해위험방지계획서 자체심사서를 제출한 경우에는 심사를 하지 않을 수 있다."
4164672e-c7d9-5829-9ad7-7857e62ea6ba,c5d8f9d2-88dd-525f-a0d0-cadbe21c0006,MODIFICATION,소관 업무와 직접 관련되어 참여한 위원의 경우,그렇지 않다.,paragraph,3664c98ffb7d633a7aef995be01fee2408f0f921,"③ 공단은 유해위험방지계획서 심사에 참여한 위원에게 수당과 여비를 지급할 수 있다. 다만, 소관 업무와 직접 관련되어 참여한 위원의 경우에는 그렇지 않다."
bde16b06-2241-5540-b900-b83d7c8f321f,f7fa5fcb-c078-572e-8125-bc064cbd4e38,EXCLUSION,건설업의 경우 최근 2년간 사망재해(별표 1 제3호라목에 따른 재해는 제외한다)가 발생한 경우,그렇지 않다.,paragraph,cd7fc810d513115dcaf07ab64c1b77aac5b20552,"③ 제44조제4항에 따른 건설물ㆍ기계ㆍ기구 및 설비 또는 건설공사의 경우 사업주가 고용노동부장관이 정하는 요건을 갖춘 지도사에게 확인을 받고 별지 제22호서식에 따라 그 결과를 공단에 제출하면 공단은 제1항에 따른 확인에 필요한 현장방문을 지도사의 확인결과로 대체할 수 있다. 다만, 건설업의 경우 최근 2년간 사망재해(별표 1 제3호라목에 따른 재해는 제외한다)가 발생한 경우에는 그렇지 않다."
25ece420-06da-5b51-b740-3c56ef311ea3,23a21d27-2fa6-5015-8c47-53009fb3cdd8,EXCLUSION,그 공사 중 사망재해(별표 1 제3호라목에 따른 재해는 제외한다)가 발생한 경우,제46조제1항에 따른 공단의 확인을 받아야 한다.,paragraph,7575761144bd999a2252c4278bb5db7b6fa6e7d5,"① 자체심사 및 확인업체의 사업주는 별표 11에 따라 해당 공사 준공 시까지 6개월 이내마다 제46조제1항 각 호의 사항에 관하여 자체확인을 해야 하며, 공단은 필요한 경우 해당 자체확인에 관하여 지도ㆍ조언할 수 있다. 다만, 그 공사 중 사망재해(별표 1 제3호라목에 따른 재해는 제외한다)가 발생한 경우에는 제46조제1항에 따른 공단의 확인을 받아야 한다."
fd9dd335-eb69-5938-9bc3-ec0b91bab77a,909c11ab-1d98-5000-9c6c-a194f2a6265e,MODIFICATION,"화공안전 분야 산업안전지도사, 대학에서 조교수 이상으로 재직하고 있는 사람으로서 화공 관련 교과를 담당하고 있는 사람, 그 밖에 자격 및 관련 업무 경력 등을 고려하여 고용노동부장관이 정하여 고시하는 요건을 갖춘 사람에게 제50조제3호아목에 따른 자체감사를 하게 하고 그 결과를 공단에 제출한 경우",공단의 확인을 생략할 수 있다.,paragraph,fc02c8c826e4117740d3e444665dec076ac997ed,"① 공정안전보고서를 제출하여 심사를 받은 사업주는 법 제46조제2항에 따라 다음 각 호의 시기별로 공단의 확인을 받아야 한다. 다만, 화공안전 분야 산업안전지도사, 대학에서 조교수 이상으로 재직하고 있는 사람으로서 화공 관련 교과를 담당하고 있는 사람, 그 밖에 자격 및 관련 업무 경력 등을 고려하여 고용노동부장관이 정하여 고시하는 요건을 갖춘 사람에게 제50조제3호아목에 따른 자체감사를 하게 하고 그 결과를 공단에 제출한 경우에는 공단의 확인을 생략할 수 있다."
99c4d39a-de2d-59c8-91ea-b74542586b5f,1258ea0d-56d0-52eb-b450-4e2d233bef00,MODIFICATION,다음 각 호의 어느 하나에 해당하는 경우,1년 또는 2년마다 이행상태평가를 할 수 있다.,paragraph,b5cb5fedd04bd1b8d1381a23c816c7c84cefe20e,"② 고용노동부장관은 제1항에 따른 이행상태평가 후 4년마다 이행상태평가를 해야 한다. 다만, 다음 각 호의 어느 하나에 해당하는 경우에는 1년 또는 2년마다 이행상태평가를 할 수 있다."
0e2a7fc2-c7c3-5a6a-bf3c-8db1dfdc2e30,895124ee-8ae1-5416-a92c-c876685d13b0,EXCLUSION,라 작업중지명령 해제를 요청받은 경우,"근로감독관으로 하여금 안전ㆍ보건을 위하여 필요한 조치를 확인하도록 하고, 천재지변 등 불가피한 경우를 제외하고는 해제요청일 다음 날부터 4일 이내(토요일과 공휴일을 포함하되, 토요일과 공휴일이 연속하는 경우에는 3일까지만 포함한다)에 법 제55조제3항에",paragraph,a63f8b7f82f972c06b14efb9e9a30c11b4455dfa,"③ 지방고용노동관서의 장은 제1항에 따라 작업중지명령 해제를 요청받은 경우에는 근로감독관으로 하여금 안전ㆍ보건을 위하여 필요한 조치를 확인하도록 하고, 천재지변 등 불가피한 경우를 제외하고는 해제요청일 다음 날부터 4일 이내(토요일과 공휴일을 포함하되, 토요일과 공휴일이 연속하는 경우에는 3일까지만 포함한다)에 법 제55조제3항에 따른 작업중지해제 심의위원회(이하 ""심의위원회""라 한다)를 개최하여 심의한 후 해당조치가 완료되었다고 판단될 경우에는 즉시 작업중지명령을 해제해야 한다."
84867e76-5dab-51df-ab70-6825eaeca56d,c48b77fc-6729-52d5-bca2-818427506075,MODIFICATION,근로자대표가 없는 경우,재해자 본인의 확인을 받아 산업재해조사표를 제출할 수 있다.,paragraph,daea1ee40275d42c167593cd2ceb56a34b0682a6,"③ 사업주는 제1항에 따른 산업재해조사표에 근로자대표의 확인을 받아야 하며, 그 기재 내용에 대하여 근로자대표의 이견이 있는 경우에는 그 내용을 첨부해야 한다. 다만, 근로자대표가 없는 경우에는 재해자 본인의 확인을 받아 산업재해조사표를 제출할 수 있다."
ef899588-18f7-5c5a-9b1c-c0af30df2486,4b5c72a9-acdd-5b34-a061-747db59e5c1d,MODIFICATION,건설공사발주자가「건설기술 진흥법」 제39조제3항 및 제4항에 따라 설계용역에 대하여 건설엔지니어링사업자로 하여금 건설사업관리를 하게 하고 해당 설계용역에 대하여 같은 법 시행령 제59조제4항제8호에 따른 공사기간 및 공사비의 적정성 검토가 포함된 건설사업관리 결과보고서를 작성ㆍ제출받은 경우,"제1호를 포함하지 않을 수 있다. <개정 2021.1.19, 2024.6.28>",paragraph,11eb065da9c5a7ced226b209df105d364a6920a6,"② 법 제67조제1항제2호에 따른 설계안전보건대장에는 다음 각 호의 사항이 포함되어야 한다. 다만, 건설공사발주자가「건설기술 진흥법」 제39조제3항 및 제4항에 따라 설계용역에 대하여 건설엔지니어링사업자로 하여금 건설사업관리를 하게 하고 해당 설계용역에 대하여 같은 법 시행령 제59조제4항제8호에 따른 공사기간 및 공사비의 적정성 검토가 포함된 건설사업관리 결과보고서를 작성ㆍ제출받은 경우에는 제1호를 포함하지 않을 수 있다. <개정 2021.1.19, 2024.6.28>"
05fc21e5-f742-5943-bb42-aac5bb61f8b9,839f487d-52ce-57de-817c-cfda7511be69,MODIFICATION,해당 공사기간의 연장 사유가 그 건설공사의 계약기간 만료 후에도 지속될 것으로 예상되는 경우,"그 계약기간 만료 전에 건설공사발주자에게 공사기간 연장을 요청할 예정임을 통지하고, 그 사유가 종료된 날부터 10일이 되는 날까지 공사기간 연장을 요청할 수 있다. <개정 2021.1.19, 2022.8.18>",paragraph,e3bf818bd207e6a479abb19b57ba6d8235992858,"① 건설공사도급인은 법 제70조제1항에 따라 공사기간 연장을 요청하려면 같은 항 각 호의 사유가 종료된 날부터 10일이 되는 날까지 별지 제35호서식의 공사기간 연장 요청서에 다음 각 호의 서류를 첨부하여 건설공사발주자에게 제출해야 한다. 다만, 해당 공사기간의 연장 사유가 그 건설공사의 계약기간 만료 후에도 지속될 것으로 예상되는 경우에는 그 계약기간 만료 전에 건설공사발주자에게 공사기간 연장을 요청할 예정임을 통지하고, 그 사유가 종료된 날부터 10일이 되는 날까지 공사기간 연장을 요청할 수 있다. <개정 2021.1.19, 2022.8.18>"
346d5bb0-1498-53df-9cdc-36733b372550,fdc107b0-7724-59a1-8f1f-a4849a6ce85c,MODIFICATION,해당 공사기간 연장 사유가 그 건설공사의 계약기간 만료 후에도 지속될 것으로 예상되는 경우,"그 계약기간 만료 전에 건설공사도급인에게 공사기간 연장을 요청할 예정임을 통지하고, 그 사유가 종료된 날부터 10일이 되는 날까지 공사기간 연장을 요청할 수 있다.",paragraph,94439af0d147788143ffae41cd7ca497b5497420,"② 건설공사의 관계수급인은 법 제70조제2항에 따라 공사기간 연장을 요청하려면 같은 항의 사유가 종료된 날부터 10일이 되는 날까지 별지 제35호서식의 공사기간 연장 요청서에 제1항 각 호의 서류를 첨부하여 건설공사도급인에게 제출해야 한다. 다만, 해당 공사기간 연장 사유가 그 건설공사의 계약기간 만료 후에도 지속될 것으로 예상되는 경우에는 그 계약기간 만료 전에 건설공사도급인에게 공사기간 연장을 요청할 예정임을 통지하고, 그 사유가 종료된 날부터 10일이 되는 날까지 공사기간 연장을 요청할 수 있다."
8731eb14-f506-5baa-9c1f-9598a9b4e330,985186a0-1b98-5f34-89f3-2a66b60614fc,MODIFICATION,남은 공사기간 내에 공사를 마칠 수 있다고 인정되는 경우,그 사유와 그 사유를 증명하는 서류를 첨부하여 건설공사도급인에게 통보해야 한다.,paragraph,2a42c5e85976e4397668c88079994b873b20770e,"④ 건설공사발주자는 제1항 및 제3항에 따른 요청을 받은 날부터 30일 이내에 공사기간 연장 조치를 해야 한다. 다만, 남은 공사기간 내에 공사를 마칠 수 있다고 인정되는 경우에는 그 사유와 그 사유를 증명하는 서류를 첨부하여 건설공사도급인에게 통보해야 한다."
5943e221-245c-5e3e-9864-57dfea1d021c,39a084e4-e221-5721-b787-71e904cf2b87,MODIFICATION,설계변경 요청의 내용이 기술적으로 적용이 불가능함이 명백한 경우,별지 제38호서식의 건설공사 설계변경 불승인 통지서에 설계를 변경할 수 없는 사유를 증명하는 서류를 첨부하여 건설공사도급인에게 통보해야 한다.,paragraph,93f63f00b1cb12c50300e018a58b0f6c7e1672bc,"⑤ 제1항, 제2항 및 제4항에 따라 설계변경을 요청받은 건설공사발주자는 설계변경 요청서를 받은 날부터 30일 이내에 설계를 변경한 후 별지 제37호서식의 건설공사 설계변경 승인 통지서를 건설공사도급인에게 통보해야 한다. 다만, 설계변경 요청의 내용이 기술적으로 적용이 불가능함이 명백한 경우에는 별지 제38호서식의 건설공사 설계변경 불승인 통지서에 설계를 변경할 수 없는 사유를 증명하는 서류를 첨부하여 건설공사도급인에게 통보해야 한다."
652c3567-ee6d-58e8-b45b-dcbd661fd239,fd28ee2e-3c4e-5f79-9283-c51b1942189a,MODIFICATION,해당 기계등을 구입할 목적으로 기종(機種)의 선정 등을 위하여 일시적으로 대여받는 경우,그렇지 않다.,paragraph,1041bfcf562662c73aa389c8c5bbe07013fc2aed,"① 법 제81조에 따라 기계등을 대여받는 자는 그가 사용하는 근로자가 아닌 사람에게 해당 기계등을 조작하도록 하는 경우에는 다음 각 호의 조치를 해야 한다. 다만, 해당 기계등을 구입할 목적으로 기종(機種)의 선정 등을 위하여 일시적으로 대여받는 경우에는 그렇지 않다."
d3f087f2-05cf-55aa-85df-82a38051265f,1e71f40c-7836-5b5a-b35f-5f085288ae70,MODIFICATION,제2호의 서류의 경우 신청인이 그 확인에 동의하지 않으면 해당 서류를 첨부하도록 해야 한다. <신설 2025.5.30>,앞 규칙의 적용 범위 또는 내용을 수정,paragraph,7a45bbc00ab8fc65ffabb9ccc3caecd4d0bb67d1,"② 제1항에 따른 신청서를 제출받은 지방고용노동관서의 장은 「전자정부법」 제36조제1항에 따른 행정정보의 공동이용을 통하여 다음 각 호의 서류를 확인해야 한다. 다만, 제2호의 서류의 경우 신청인이 그 확인에 동의하지 않으면 해당 서류를 첨부하도록 해야 한다. <신설 2025.5.30>"
95f5b5ce-9567-5b7a-a9a9-a41b41d46eef,cdb87d54-246d-50f5-a5d9-d1abb27ca73a,MODIFICATION,신청인이 확인에 동의하지 않은 경우,해당 서류를 첨부하도록 해야 한다. <개정 2025.5.30>,paragraph,bd69a66c5d9580d18e556cf7858f59e70ed1b74a,"③ 제1항에 따른 안전인증 신청서를 제출받은 안전인증기관은 「전자정부법」 제36조제1항에 따른 행정정보의 공동이용을 통하여 사업자등록증명을 확인해야 한다. 다만, 신청인이 확인에 동의하지 않은 경우에는 해당 서류를 첨부하도록 해야 한다. <개정 2025.5.30>"
a6bf68b9-a289-5d95-b07d-9ed852b490c2,652fd042-4ba7-5141-86da-a339f9e1aa70,MODIFICATION,제품심사의 경우 처리기간 내에 심사를 끝낼 수 없는 부득이한 사유가 있을 때에는 15일의 범위에서 심사기간을 연장할 수 있다.,앞 규칙의 적용 범위 또는 내용을 수정,paragraph,ebd35993101be2c1c19294f210449567c2541e6f,"③ 안전인증기관은 제108조제1항에 따라 안전인증 신청서를 제출받으면 다음 각 호의 구분에 따른 심사 종류별 기간 내에 심사해야 한다. 다만, 제품심사의 경우 처리기간 내에 심사를 끝낼 수 없는 부득이한 사유가 있을 때에는 15일의 범위에서 심사기간을 연장할 수 있다."
01c00dbf-1d53-579e-88cf-4aafd284097f,da0f522e-46c5-5041-a425-5a2f31fcd22d,MODIFICATION,다음 각 호의 모두에 해당하는 경우,3년에 1회 이상 확인할 수 있다.,paragraph,a1cbb83e9aeee35640bbc0144c5288c4fce4184c,"② 법 제84조제4항에 따라 안전인증기관은 안전인증을 받은 자가 안전인증기준을 지키고 있는지를 2년에 1회 이상 확인해야 한다. 다만, 다음 각 호의 모두에 해당하는 경우에는 3년에 1회 이상 확인할 수 있다."
9e2d426a-f407-52f0-9d14-b6816aa84a9d,86482870-6972-5874-bcfe-ffc86153d84c,MODIFICATION,제2호의 서류에 대해서는 신청인이 확인에 동의하지 않는 경우,해당 서류를 첨부하도록 해야 한다. <개정 2025.5.30>,paragraph,beef7b7576c42db50c4019718069cf8ee9f53555,"② 공단은 제1항에 따른 신고서를 제출받은 경우 「전자정부법」 제36조제1항에 따른 행정정보의 공동이용을 통하여 다음 각 호의 어느 하나에 해당하는 서류를 확인해야 한다. 다만, 제2호의 서류에 대해서는 신청인이 확인에 동의하지 않는 경우에는 해당 서류를 첨부하도록 해야 한다. <개정 2025.5.30>"
c59f7de4-b04a-5a41-ad48-3bac832f15f3,e85a190a-722e-522b-a083-ab3f46957ff8,MODIFICATION,"법 제98조제4항에 따른 검사기관(이하 ""자율안전검사기관""이라 한다)에 위탁한 경우",제1호 및 제2호를 충족한 것으로 본다.,paragraph,1b4e969dd17b30ddbdfe84af98146df6b8e6cc29,"① 사업주가 법 제98조제1항에 따라 자율검사프로그램을 인정받기 위해서는 다음 각 호의 요건을 모두 충족해야 한다. 다만, 법 제98조제4항에 따른 검사기관(이하 ""자율안전검사기관""이라 한다)에 위탁한 경우에는 제1호 및 제2호를 충족한 것으로 본다."
2bdb5e5e-8ef7-5ddf-a562-dcbcbe605568,1e9fb65e-89fd-51d5-949b-4eacf4b080d1,MODIFICATION,제2호의 서류에 대해서는 신청인이 확인에 동의하지 않는 경우,해당 서류를 첨부하도록 해야 한다. <개정 2025.5.30>,paragraph,85a5f7e7b77a010528ea37e7405d99e961b37a2d,"④ 제3항에 따른 자율검사프로그램 인정신청서를 제출받은 공단은 「전자정부법」 제36조제1항에 따른 행정정보의 공동이용을 통하여 다음 각 호의 어느 하나에 해당하는 서류를 확인해야 한다. 다만, 제2호의 서류에 대해서는 신청인이 확인에 동의하지 않는 경우에는 해당 서류를 첨부하도록 해야 한다. <개정 2025.5.30>"
f65b7fe0-8ba2-5901-9f0f-8fae025664a6,8d8e1b4e-d9a8-5a3b-8c15-b8a437de7819,MODIFICATION,신청인이 국가기술자격증의 확인에 동의하지 않는 경우,그 사본을 첨부하도록 해야 한다.,paragraph,77c8a75da8d3b5f6a3189c5f333a7862b4f18a69,"② 제1항에 따른 신청서를 제출받은 지방고용노동청장은 「전자정부법」 제36조제1항에 따른 행정정보의 공동이용을 통하여 법인등기사항증명서 및 국가기술자격증을 확인해야 한다. 다만, 신청인이 국가기술자격증의 확인에 동의하지 않는 경우에는 그 사본을 첨부하도록 해야 한다."
f9cca8e3-4b20-5572-91a2-72dedb85ff87,160d7d00-f5ce-5b51-be27-8a8e7e9d6c21,MODIFICATION,제2호 및 제3호의 서류에 대해서는 신청인이 확인에 동의하지 않는 경우,해당 서류를 첨부하도록 해야 한다. <개정 2025.5.30>,paragraph,6875d927e8a1d697cec83a99282dd1c9ff9349a1,"② 제1항에 따른 등록신청서를 제출받은 공단은 「전자정부법」 제36조제1항에 따른 행정정보의 공동이용을 통하여 다음 각 호의 어느 하나에 해당하는 서류를 확인해야 한다. 다만, 제2호 및 제3호의 서류에 대해서는 신청인이 확인에 동의하지 않는 경우에는 해당 서류를 첨부하도록 해야 한다. <개정 2025.5.30>"
3431a7ba-65dd-54f2-a45d-d044413618ce,6efe8e93-992d-593f-bf03-62f801c349b5,MODIFICATION,제1항제2호에 따른 지원 신청의 경우 30일 이내에 관련 기술조사 등 심사ㆍ결정을 끝낼 수 없는 부득이한 사유가 있을 때에는 15일 범위에서 심사기간을 연장할 수 있다.,앞 규칙의 적용 범위 또는 내용을 수정,paragraph,e860cb63880bb65f6f6c8231507893008efbcdb9,"③ 공단은 제2항에 따른 지원신청서가 접수된 경우에는 30일 이내에 지원 여부, 지원 범위 및 지원 우선순위 등을 심사ㆍ결정하여 지원신청자에게 통보해야 한다. 다만, 제1항제2호에 따른 지원 신청의 경우 30일 이내에 관련 기술조사 등 심사ㆍ결정을 끝낼 수 없는 부득이한 사유가 있을 때에는 15일 범위에서 심사기간을 연장할 수 있다."
f57350ed-7a87-5636-a6ed-f0ca4924be2f,cfd8ad4d-e8a5-5a50-982d-f5d68fd7beee,MODIFICATION,그 신규화학물질을 「화학물질의 등록 및 평가 등에 관한 법률」 제10조에 따라 환경부장관에게 등록한 경우,고용노동부장관에게 유해성ㆍ위험성 조사보고서를 제출한 것으로 본다.,paragraph,98d6ae428f790e494b0fed5cd39c365bfb8162b5,"① 법 제108조제1항에 따라 신규화학물질을 제조하거나 수입하려는 자(이하 ""신규화학물질제조자등""이라 한다)는 제조하거나 수입하려는 날 30일(연간 제조하거나 수입하려는 양이 100킬로그램 이상 1톤 미만인 경우에는 14일) 전까지 별지 제57호서식의 신규화학물질 유해성ㆍ위험성 조사보고서(이하 ""유해성ㆍ위험성 조사보고서""라 한다)에 별표 20에 따른 서류를 첨부하여 고용노동부장관에게 제출해야 한다. 다만, 그 신규화학물질을 「화학물질의 등록 및 평가 등에 관한 법률」 제10조에 따라 환경부장관에게 등록한 경우에는 고용노동부장관에게 유해성ㆍ위험성 조사보고서를 제출한 것으로 본다."
9c228919-b288-5aa7-b17e-923cf6eafd07,b9238d91-e168-5ef9-9d87-1e771402568a,MODIFICATION,제3항에 따라 추가 검토에 필요한 자료제출을 요청한 경우,그 자료를 제출받은 날부터 30일(연간 제조하거나 수입하려는 양이 100킬로그램 이상 1톤 미만인 경우에는 14일) 이내에 별지 제59호서식에 따라 유해성ㆍ위험성 조치사항을 통지해야 한다.,paragraph,075cc0a6fddc057b9e6811fff1f83f1d9a1c49db,"④ 고용노동부장관은 유해성ㆍ위험성 조사보고서 또는 제2항에 따라 환경부장관으로부터 제공받은 신규화학물질 등록자료 및 유해성심사 결과를 검토한 결과 법 제108조제4항에 따라 필요한 조치를 명하려는 경우에는 제1항 본문에 따라 유해성ㆍ위험성 조사보고서를 제출받은 날 또는 제2항에 따라 환경부장관으로부터 신규화학물질 등록자료 및 유해성심사 결과를 제공받은 날부터 30일(연간 제조하거나 수입하려는 양이 100킬로그램 이상 1톤 미만인 경우에는 14일) 이내에 제1항 본문에 따라 유해성ㆍ위험성 조사보고서를 제출한 자 또는 제1항 단서에 따라 유해성ㆍ위험성 조사보고서를 제출한 것으로 보는 자에게 별지 제59호서식에 따라 신규화학물질의 유해성ㆍ위험성 조치사항을 통지해야 한다. 다만, 제3항에 따라 추가 검토에 필요한 자료제출을 요청한 경우에는 그 자료를 제출받은 날부터 30일(연간 제조하거나 수입하려는 양이 100킬로그램 이상 1톤 미만인 경우에는 14일) 이내에 별지 제59호서식에 따라 유해성ㆍ위험성 조치사항을 통지해야 한다."
118c7f60-a1f3-540b-972b-51cb4882026b,719cc1ab-bb6a-510f-b720-d0bff00816fe,MODIFICATION,신규화학물질의 연간 수입량이 100킬로그램 미만인 경우로서 제151조제2항에 따라 확인을 받은 것으로 보는 경우,그 확인은 계속 유효한 것으로 본다.,paragraph,22acb7d06c24fcdd495a9ffd86b18640b7af4763,"④ 제1항에 따른 확인의 유효기간은 1년으로 한다. 다만, 신규화학물질의 연간 수입량이 100킬로그램 미만인 경우로서 제151조제2항에 따라 확인을 받은 것으로 보는 경우에는 그 확인은 계속 유효한 것으로 본다."
80d1a48a-1135-5a67-8e2f-b84a16bab2f0,422d64ef-d4a9-5bd8-8779-1bddcd607cca,MODIFICATION,고용노동부장관은 독성시험 성적에 관한 서류의 경우 해당 화학물질의 시험에 상당한 시일이 걸리는 등 기한 내에 제출할 수 없는 부득이한 사유가 있을 때에는 30일의 범위에서 제출기한을 연장할 수 있다.,앞 규칙의 적용 범위 또는 내용을 수정,paragraph,21ef5460bc54e64311f91b52aa50895cd806989f,"① 법 제109조제1항에 따라 화학물질의 유해성ㆍ위험성 조사결과의 제출을 명령받은 자는 별지 제61호서식의 화학물질의 유해성ㆍ위험성 조사결과서에 다음 각 호의 서류 및 자료를 첨부하여 명령을 받은 날부터 45일 이내에 고용노동부장관에게 제출해야 한다. 다만, 고용노동부장관은 독성시험 성적에 관한 서류의 경우 해당 화학물질의 시험에 상당한 시일이 걸리는 등 기한 내에 제출할 수 없는 부득이한 사유가 있을 때에는 30일의 범위에서 제출기한을 연장할 수 있다."
4f480e86-c2e6-54a9-a1b6-40a4d20a6029,ad7433bf-d3f2-5849-bac0-f4b5446374d5,MODIFICATION,물질안전보건자료시스템이 정상적으로 운영되지 않거나 신청인이 물질안전보건자료시스템을 이용할 수 없는 등의 부득이한 사유가 있는 경우,전자적 기록매체에 수록하여 직접 또는 우편으로 제출(제161조 및 제163조에 따라 물질안전보건자료시스템을 통하여 신청 또는 자료를 제출하는 경우에도 같다)할 수 있다.,paragraph,b33eaea096158c1d8dda57eafaa1156207889e98,"② 제1항 및 제159조제2항에 따라 물질안전보건자료를 공단에 제출하는 경우에는 공단이 구축하여 운영하는 물질안전보건자료 제출, 비공개 정보 승인시스템(이하 ""물질안전보건자료시스템""이라 한다)을 통한 전자적 방법으로 제출해야 한다. 다만, 물질안전보건자료시스템이 정상적으로 운영되지 않거나 신청인이 물질안전보건자료시스템을 이용할 수 없는 등의 부득이한 사유가 있는 경우에는 전자적 기록매체에 수록하여 직접 또는 우편으로 제출(제161조 및 제163조에 따라 물질안전보건자료시스템을 통하여 신청 또는 자료를 제출하는 경우에도 같다)할 수 있다."
794f3bfb-af16-5e35-9803-e18590eb7c59,318fcf63-78e4-5655-b8a8-5d8799ce4ab7,MODIFICATION,상대방이 물질안전보건자료의 제공을 요청한 경우,그렇지 않다.,paragraph,0b6cdc7be35ca3996d0c415da2da53287798d31c,"② 동일한 상대방에게 같은 물질안전보건자료대상물질을 2회 이상 계속하여 양도하거나 제공하는 경우에는 해당 물질안전보건자료대상물질에 대한 물질안전보건자료의 변경이 없으면 추가로 물질안전보건자료를 제공하지 않을 수 있다. 다만, 상대방이 물질안전보건자료의 제공을 요청한 경우에는 그렇지 않다."
8ab89023-b3cf-57d0-af8d-2ac1f83568f7,d263d2e5-0cd7-5f89-a47c-b4b7036803e9,MODIFICATION,그 제조 과정에서 화학적 조성(組成)을 변경하는 등 새로운 화학물질을 제조하는 경우,그렇지 않다. <개정 2023.9.27>,paragraph,76b7277517d0b56bb51d4efae0af0ce8c349e853,"⑦ 제6항에 따라 승인 또는 연장승인된 물질안전보건자료대상물질(이하 이 항에서 ""비공개대상물질""이라 한다)을 법 제111조제1항에 따라 양도받거나 제공받아 이를 원료로 다른 물질안전보건자료대상물질(이하 이 항에서 ""다른대상물질""이라 한다)을 국내 또는 국외에서 제조하는 자 및 그 다른대상물질을 수입하려는 자는 원료가 되는 비공개대상물질의 물질안전보건자료에 기재된 대체자료(비공개 승인번호 및 유효기간이 포함돼야 한다)를 연계하여 사용할 수 있다. 다만, 그 제조 과정에서 화학적 조성(組成)을 변경하는 등 새로운 화학물질을 제조하는 경우에는 그렇지 않다. <개정 2023.9.27>"
c252f393-25db-58ef-9bdd-bffba9f5f575,c0cad6e1-6d98-5a2b-9a01-fb4029aa873d,MODIFICATION,신청인이 사업자등록증명의 확인에 동의하지 않는 경우,해당 서류를 첨부하게 해야 한다. <개정 2025.5.30>,paragraph,a004a8b393ccfff834df7908ce0524ff7bc882b1,"③ 제2항에 따라 신고를 받은 지방고용노동관서의 장은 「전자정부법」 제36조제1항에 따른 행정정보의 공동이용을 통하여 사업자등록증명을 확인해야 한다. 다만, 신청인이 사업자등록증명의 확인에 동의하지 않는 경우에는 해당 서류를 첨부하게 해야 한다. <개정 2025.5.30>"
c2a24dde-529b-5cba-a508-b129440e7f7e,8ddcf0e0-cb67-5bb3-8d98-4c0494842747,MODIFICATION,제3호에 따른 장비에 게시하거나 갖추어 두는 경우,고용노동부장관이 정하는 조치를 해야 한다.,paragraph,6a3a62985b5181c3240a36ee811bd7c884428381,"① 법 제114조제1항에 따라 물질안전보건자료대상물질을 취급하는 사업주는 다음 각 호의 어느 하나에 해당하는 장소 또는 전산장비에 항상 물질안전보건자료를 게시하거나 갖추어 두어야 한다. 다만, 제3호에 따른 장비에 게시하거나 갖추어 두는 경우에는 고용노동부장관이 정하는 조치를 해야 한다."
89d60d06-7923-5d93-b492-3507a9259de0,830a0384-bca8-5121-a0ab-14cdd3e9f38e,MODIFICATION,근로자가 물질안전보건자료의 게시를 요청하는 경우,제1항에 따라 게시해야 한다.,paragraph,528fbec2795cdc391eb0ab0a75d04ae9036d7268,"② 제1항에도 불구하고 건설공사, 안전보건규칙 제420조제8호에 따른 임시 작업 또는 같은 조 제9호에 따른 단시간 작업에 대해서는 법 제114조제2항에 따른 물질안전보건자료대상물질의 관리 요령으로 대신 게시하거나 갖추어 둘 수 있다. 다만, 근로자가 물질안전보건자료의 게시를 요청하는 경우에는 제1항에 따라 게시해야 한다."
4826aa11-e0bd-525e-948c-df114823263f,a80b3c90-ebfc-5902-8751-a775ca5f83f1,MODIFICATION,다음 각 호의 어느 하나에 해당하는 표시를 한 경우,경고표시를 한 것으로 본다.,paragraph,bab51b5f0cd1807a9ff4fd7a052a371d6af26b49,"① 물질안전보건자료대상물질을 양도하거나 제공하는 자 또는 이를 사업장에서 취급하는 사업주가 법 제115조제1항 및 제2항에 따른 경고표시를 하는 경우에는 물질안전보건자료대상물질 단위로 경고표지를 작성하여 물질안전보건자료대상물질을 담은 용기 및 포장에 붙이거나 인쇄하는 등 유해ㆍ위험정보가 명확히 나타나도록 해야 한다. 다만, 다음 각 호의 어느 하나에 해당하는 표시를 한 경우에는 경고표시를 한 것으로 본다."
e3a45109-d47f-5c9c-a61a-6aeea5830bd2,7a87b143-f3e5-509c-b91b-af1f18e70430,MODIFICATION,수입승인은 해당 물질에 대하여 사용승인을 했거나 사용승인을 하는 경우에만 할 수 있다.,앞 규칙의 적용 범위 또는 내용을 수정,paragraph,e9e40c3045b79bbf72957a23cdfd142010fa2949,"② 지방고용노동관서의 장은 제1항에 따라 제조ㆍ수입 또는 사용 승인신청서가 접수된 경우에는 다음 각 호의 사항을 심사하여 신청서가 접수된 날부터 20일 이내에 별지 제71호서식의 승인서를 신청인에게 발급하거나 불승인 사실을 알려야 한다. 다만, 수입승인은 해당 물질에 대하여 사용승인을 했거나 사용승인을 하는 경우에만 할 수 있다."
d08d64c9-19f5-50bb-904a-c26d34c46c61,2686fb1a-17b8-5c5b-a782-a34544d727d5,MODIFICATION,「석면안전관리법 시행규칙」 제26조에 따라 건축물석면조사 결과를 관계 행정기관의 장에게 제출한 경우,석면조사의 생략 등 확인신청서를 제출하지 않을 수 있다.,paragraph,152852f1ed0e37a9322d7328036495cebdb29ead,"② 법 제119조제3항에 따라 건축물ㆍ설비소유주등이 「석면안전관리법」에 따른 석면조사를 실시한 경우에는 별지 제74호서식의 석면조사의 생략 등 확인신청서에 「석면안전관리법」에 따른 석면조사를 하였음을 표시하고 그 석면조사 결과서를 첨부하여 관할 지방고용노동관서의 장에게 제출해야 한다. 다만, 「석면안전관리법 시행규칙」 제26조에 따라 건축물석면조사 결과를 관계 행정기관의 장에게 제출한 경우에는 석면조사의 생략 등 확인신청서를 제출하지 않을 수 있다."
19da8a67-ec0f-5772-bcac-df7fc2ac5b09,8b476357-5b3e-5061-b517-e16d9e7cbcff,MODIFICATION,신청인이 국가기술자격증의 확인에 동의하지 않는 경우,그 사본을 첨부하도록 해야 한다.,paragraph,c0f3448635ebd9bfaf2799d25ec590d00590e10d,"② 제1항에 따른 신청서를 제출받은 관할 지방고용노동청장은 「전자정부법」 제36조제1항에 따른 행정정보의 공동이용을 통하여 법인등기사항증명서(법인인 경우만 해당한다) 및 국가기술자격증을 확인해야 한다. 다만, 신청인이 국가기술자격증의 확인에 동의하지 않는 경우에는 그 사본을 첨부하도록 해야 한다."
2225ba73-a267-547c-b44e-15bea07ffd0b,744dfdbc-bbb7-5969-abc5-045b6881605a,MODIFICATION,제2호의 서류의 경우 신청인이 그 확인에 동의하지 않으면 해당 서류를 첨부하도록 해야 한다. <신설 2025.5.30>,앞 규칙의 적용 범위 또는 내용을 수정,paragraph,d98564cd3369b24a4d312c5a29714ccdcdbc77c4,"② 제1항에 따른 신청서를 제출받은 지방고용노동관서의 장은 「전자정부법」 제36조제1항에 따른 행정정보의 공동이용을 통하여 다음 각 호의 서류를 확인해야 한다. 다만, 제2호의 서류의 경우 신청인이 그 확인에 동의하지 않으면 해당 서류를 첨부하도록 해야 한다. <신설 2025.5.30>"
79f16b85-bb6c-5695-ab9a-10db1dc02c5f,75cea136-b02b-564a-ac48-1a3236ee5f73,MODIFICATION,현장책임자 또는 작업근로자의 변경에 관한 사항인 경우,지체 없이 그 적합 여부를 확인하여 변경증명서를 신청인에게 발급해야 한다.,paragraph,4e7e9ad9aea2174a1567bbad88870f99dd18ea8f,"③ 지방고용노동관서의 장은 제1항에 따른 석면해체ㆍ제거작업 신고서 또는 제2항에 따른 변경 신고서를 받았을 때에 그 신고서 및 첨부서류의 내용이 적합한 것으로 확인된 경우에는 그 신고서를 받은 날부터 7일 이내에 별지 제79호서식의 석면해체ㆍ제거작업 신고(변경) 증명서를 신청인에게 발급해야 한다. 다만, 현장책임자 또는 작업근로자의 변경에 관한 사항인 경우에는 지체 없이 그 적합 여부를 확인하여 변경증명서를 신청인에게 발급해야 한다."
de2317af-24e8-5d72-bd38-5b18d93b1278,8bf4a40a-f42c-5eaf-bc42-3b6383bc8f88,MODIFICATION,다음 각 호의 어느 하나에 해당하는 경우,작업환경측정을 하지 않을 수 있다.,paragraph,4be18d7d5e416be9e28acf219f7054732f36fe3c,"① 법 제125조제1항에서 ""고용노동부령으로 정하는 작업장""이란 별표 21의 작업환경측정 대상 유해인자에 노출되는 근로자가 있는 작업장을 말한다. 다만, 다음 각 호의 어느 하나에 해당하는 경우에는 작업환경측정을 하지 않을 수 있다."
de7aac81-bf63-56fa-ae99-61ca835aed10,96a642ab-e8c0-5166-ad7d-659b31e56d0f,MODIFICATION,시료분석 및 평가에 상당한 시간이 걸려 시료채취를 마친 날부터 30일 이내에 보고하는 것이 어려운 사업장의 사업주는 고용노동부장관이 정하여 고시하는 바에 따라 그 사실을 증명하여 관할 지방고용노동관서의 장에게 신고하면 30일의 범위에서 제출기간을 연장할 수 있다.,앞 규칙의 적용 범위 또는 내용을 수정,paragraph,c05ebf163be60bc4a6f11b27d4ae14c80e10c3a7,"① 사업주는 법 제125조제1항에 따라 작업환경측정을 한 경우에는 별지 제82호서식의 작업환경측정 결과보고서에 별지 제83호서식의 작업환경측정 결과표를 첨부하여 제189조제1항제3호에 따른 시료채취방법으로 시료채취(이하 이 조에서 ""시료채취""라 한다)를 마친 날부터 30일 이내에 관할 지방고용노동관서의 장에게 제출해야 한다. 다만, 시료분석 및 평가에 상당한 시간이 걸려 시료채취를 마친 날부터 30일 이내에 보고하는 것이 어려운 사업장의 사업주는 고용노동부장관이 정하여 고시하는 바에 따라 그 사실을 증명하여 관할 지방고용노동관서의 장에게 신고하면 30일의 범위에서 제출기간을 연장할 수 있다."
6062a9c8-41d9-5b45-97ad-2c0b66268288,79f19ef6-505f-5830-9335-0e101533d7ef,MODIFICATION,시료분석 및 평가에 상당한 시간이 걸려 시료채취를 마친 날부터 30일 이내에 보고하는 것이 어려운 작업환경측정기관은 고용노동부장관이 정하여 고시하는 바에 따라 그 사실을 증명하여 관할 지방고용노동관서의 장에게 신고하면 30일의 범위에서 제출기간을 연장할 수 있다.,앞 규칙의 적용 범위 또는 내용을 수정,paragraph,ae2df5db10ea452df156d850a4dc6c045be53017,"② 법 제125조제5항 단서에 따라 작업환경측정기관이 작업환경측정을 한 경우에는 시료채취를 마친 날부터 30일 이내에 작업환경측정 결과표를 전자적 방법으로 지방고용노동관서의 장에게 제출해야 한다. 다만, 시료분석 및 평가에 상당한 시간이 걸려 시료채취를 마친 날부터 30일 이내에 보고하는 것이 어려운 작업환경측정기관은 고용노동부장관이 정하여 고시하는 바에 따라 그 사실을 증명하여 관할 지방고용노동관서의 장에게 신고하면 30일의 범위에서 제출기간을 연장할 수 있다."
393c56f5-418e-5a97-ad30-91531f2fe4a3,97aa2e2c-83f9-5876-90d7-647da61c0aca,MODIFICATION,작업환경측정 결과가 다음 각 호의 어느 하나에 해당하는 작업장 또는 작업공정은 해당 유해인자에 대하여 그 측정일부터 3개월에 1회 이상 작업환경측정을 해야 한다.,앞 규칙의 적용 범위 또는 내용을 수정,paragraph,cd5d9252047b55bf90b21555b09ecdd616b80c66,"① 사업주는 작업장 또는 작업공정이 신규로 가동되거나 변경되는 등으로 제186조에 따른 작업환경측정 대상 작업장이 된 경우에는 그 날부터 30일 이내에 작업환경측정을 하고, 그 후 반기(半期)에 1회 이상 정기적으로 작업환경을 측정해야 한다. 다만, 작업환경측정 결과가 다음 각 호의 어느 하나에 해당하는 작업장 또는 작업공정은 해당 유해인자에 대하여 그 측정일부터 3개월에 1회 이상 작업환경측정을 해야 한다."
5991f5fa-19d5-5ab4-b7ed-9753f687f082,5a549975-3a2f-59aa-a695-b073cd409732,MODIFICATION,고용노동부장관이 정하여 고시하는 물질을 취급하는 작업공정은 그렇지 않다.,앞 규칙의 적용 범위 또는 내용을 수정,paragraph,440567f0e94b473c584860aba30550c07b2dd7c1,"② 제1항에도 불구하고 사업주는 최근 1년간 작업공정에서 공정 설비의 변경, 작업방법의 변경, 설비의 이전, 사용 화학물질의 변경 등으로 작업환경측정 결과에 영향을 주는 변화가 없는 경우로서 다음 각 호의 어느 하나에 해당하는 경우에는 해당 유해인자에 대한 작업환경측정을 연(年) 1회 이상 할 수 있다. 다만, 고용노동부장관이 정하여 고시하는 물질을 취급하는 작업공정은 그렇지 않다."
d9a4f598-a007-5641-b15c-00f29524b537,c1b92afe-abd8-59d6-b32c-00683919ea6c,MODIFICATION,사업장 부속기관의 경우,작업환경측정기관으로 지정받으려는 사업장의 소재지를 관할하는 지방고용노동관서의 장에게 제출해야 한다.,paragraph,982fc7e9cc075ff9356e4030e99d722c388895de,"① 법 제126조제1항에 따른 작업환경측정기관으로 지정받으려는 자는 같은 조 제2항에 따라 작업환경측정ㆍ분석 능력이 적합하다는 고용노동부장관의 확인을 받은 후 별지 제6호서식의 작업환경측정기관 지정신청서에 다음 각 호의 서류를 첨부하여 측정을 하려는 지역을 관할하는 지방고용노동관서의 장에게 제출해야 한다. 다만, 사업장 부속기관의 경우에는 작업환경측정기관으로 지정받으려는 사업장의 소재지를 관할하는 지방고용노동관서의 장에게 제출해야 한다."
0e5801c3-7f90-532f-b971-0edca6bef6ef,09a50acb-9335-5ad5-aff0-22cdd434c795,MODIFICATION,신청인이 국가기술자격증의 확인에 동의하지 않는 경우,그 사본을 첨부하도록 해야 한다.,paragraph,970fab654b65b968e79641ae22e56ce486b25491,"② 제1항에 따른 신청서를 제출받은 지방고용노동관서의 장은 「전자정부법」 제36조제1항에 따른 행정정보의 공동이용을 통하여 법인등기사항증명서(법인인 경우만 해당한다) 및 국가기술자격증을 확인해야 한다. 다만, 신청인이 국가기술자격증의 확인에 동의하지 않는 경우에는 그 사본을 첨부하도록 해야 한다."
7c8a2c81-c395-5c70-a60a-8b081bdee33c,bdafa978-dfce-5242-9a93-8b18d78afd69,EXCLUSION,사업주가 직전 특수건강진단을 실시한 특수건강진단기관의 의사로부터 수시건강진단이 필요하지 않다는 소견을 받은 경우,는 제외한다.,paragraph,b646b3a075b20c52ad033d334036361daf21e4b8,"① 법 제130조제3항에서 ""고용노동부령으로 정하는 근로자""란 특수건강진단대상업무로 인하여 해당 유해인자로 인한 것이라고 의심되는 직업성 천식, 직업성 피부염, 그 밖에 건강장해 증상을 보이거나 의학적 소견이 있는 근로자로서 다음 각 호의 어느 하나에 해당하는 근로자를 말한다. 다만, 사업주가 직전 특수건강진단을 실시한 특수건강진단기관의 의사로부터 수시건강진단이 필요하지 않다는 소견을 받은 경우는 제외한다."
6a62ba5e-7094-578e-b07c-b46850cf252a,7048e0fc-6e27-557a-9dfa-a9a58999d8d3,MODIFICATION,"건강진단 담당 의사가 해당 유해인자에 대한 근로자의 노출 정도, 병력 등을 고려하여 필요하다고 인정하면 제2차 검사항목의 일부 또는 전부에 대하여 제1차 검사항목을 검사할 때에 추가하여 실시할 수 있다.",앞 규칙의 적용 범위 또는 내용을 수정,paragraph,bd6df1435e877759268bcae512a40733b1017fd5,"③ 제1항에 따른 제2차 검사항목은 제1차 검사항목에 대한 검사 결과 건강수준의 평가가 곤란하거나 질병이 의심되는 사람에 대하여 고용노동부장관이 정하여 고시하는 바에 따라 실시해야 한다. 다만, 건강진단 담당 의사가 해당 유해인자에 대한 근로자의 노출 정도, 병력 등을 고려하여 필요하다고 인정하면 제2차 검사항목의 일부 또는 전부에 대하여 제1차 검사항목을 검사할 때에 추가하여 실시할 수 있다."
ef38043f-ce9d-56bc-ab90-4eef8eca3882,00bfc724-eb36-5f6c-a78e-891da455d4e9,MODIFICATION,"특수건강진단, 배치전건강진단, 수시건강진단, 임시건강진단의 비용은 「국민건강보험법」에서 정한 기준에 따른다.",앞 규칙의 적용 범위 또는 내용을 수정,paragraph,8efc754eeace140f6e3d15d56eee9ccd71097811,"제208조(건강진단비용) 일반건강진단, 특수건강진단, 배치전건강진단, 수시건강진단, 임시건강진단의 비용은 「국민건강보험법」에서 정한 기준에 따른다."
0bfdaebf-fd7b-56a8-8db8-786ead519804,cdbeef30-0d7b-5842-8086-999f6b9cb40b,MODIFICATION,해당 근로자가 소속한 사업장의 의사인 보건관리자에게 이를 설명한 경우,그렇지 않다.,paragraph,0c95bbda3013464bdb624bac1aa6ef5dafeed886,"② 건강진단기관은 건강진단을 실시한 결과 질병 유소견자가 발견된 경우에는 건강진단을 실시한 날부터 30일 이내에 해당 근로자에게 의학적 소견 및 사후관리에 필요한 사항과 업무수행의 적합성 여부(특수건강진단기관인 경우만 해당한다)를 설명해야 한다. 다만, 해당 근로자가 소속한 사업장의 의사인 보건관리자에게 이를 설명한 경우에는 그렇지 않다."
cec33d35-b5a9-5f14-a724-b4d7a50e9a31,4b58b522-98dc-57ef-ac14-b121e84ed6b2,MODIFICATION,건강진단개인표 전산입력자료를 고용노동부장관이 정하는 바에 따라 공단에 송부한 경우,그렇지 않다. <개정 2024.6.28>,paragraph,19af70b30202652a71a56981828b8fd9aa27346b,"④ 특수건강진단기관은 특수건강진단ㆍ배치전건강진단ㆍ수시건강진단 또는 임시건강진단을 실시한 경우에는 법 제134조제1항에 따라 건강진단을 실시한 날부터 30일 이내에 건강진단 결과표를 지방고용노동관서의 장에게 제출해야 한다. 다만, 건강진단개인표 전산입력자료를 고용노동부장관이 정하는 바에 따라 공단에 송부한 경우에는 그렇지 않다. <개정 2024.6.28>"
f8455b8d-294e-52c7-b42b-ea39cc050cd3,b626211d-ea25-5f0e-8455-72bc6c27c03c,MODIFICATION,"수시건강진단, 임시건강진단의 결과 특정 근로자에 대하여 근로 금지 및 제한, 작업전환, 근로시간 단축, 직업병 확진 의뢰 안내의 조치가 필요하다는 건강진단을 실시한 의사의 소견이 있는 건강진단 결과표를 송부받은 사업주를 말한다.",앞 규칙의 적용 범위 또는 내용을 수정,paragraph,fc37fd032870568a57b71ec501d531d29d113086,"③ 법 제132조제5항에서 ""고용노동부령으로 정하는 사업주""란 특수건강진단, 수시건강진단, 임시건강진단의 결과 특정 근로자에 대하여 근로 금지 및 제한, 작업전환, 근로시간 단축, 직업병 확진 의뢰 안내의 조치가 필요하다는 건강진단을 실시한 의사의 소견이 있는 건강진단 결과표를 송부받은 사업주를 말한다."
ee5a7f6b-bebc-515c-8fab-0dd6962d03a6,700cd540-0092-5ec3-8a0e-306180ee601a,MODIFICATION,신청인이 확인에 동의하지 않는 경우,해당 서류의 사본을 첨부하도록 해야 한다.,paragraph,d1431eb3e8b7f0a67b042b6ab1e03a68209220d6,"④ 제1항에 따라 특수건강진단기관 지정신청을 받은 지방고용노동관서의 장은 같은 항 제2호에 따른 지정신청의 경우 「전자정부법」 제36조제1항에 따라 행정정보의 공동이용을 통하여 국가기술자격증, 의료면허증 또는 전문의자격증을 확인해야 한다. 다만, 신청인이 확인에 동의하지 않는 경우에는 해당 서류의 사본을 첨부하도록 해야 한다."
93612bcd-97b6-5387-aa36-1e74b6f3d078,54c79bdb-54be-5bd6-afdd-eecbf5c7a301,MODIFICATION,"카드를 발급받은 근로자(이하 ""카드소지자""라 한다)가 카드의 발급 대상 업무와 같은 업무에 재취업하고 있는 기간 중에는 그렇지 않다.",앞 규칙의 적용 범위 또는 내용을 수정,paragraph,8e117063eb7826944cf029468f95342b5b1ef9f9,"① 법 제137조제1항에 따른 건강관리카드(이하 ""카드""라 한다)를 발급받은 근로자가 카드의 발급 대상 업무에 더 이상 종사하지 않는 경우에는 공단 또는 특수건강진단기관에서 실시하는 건강진단을 매년(카드 발급 대상 업무에서 종사하지 않게 된 첫 해는 제외한다) 1회 받을 수 있다. 다만, 카드를 발급받은 근로자(이하 ""카드소지자""라 한다)가 카드의 발급 대상 업무와 같은 업무에 재취업하고 있는 기간 중에는 그렇지 않다."
c91567bf-a827-592f-b42b-ed44eb595913,2250e5c5-24a7-5359-bfc4-5dd288ec7214,MODIFICATION,재직 중인 근로자가 사업주에게 의뢰하는 경우,사업주가 공단에 카드의 발급을 신청할 수 있다.,paragraph,6369d69a1d7b05e6723a7ae010a767ef3f7dc83c,"① 카드를 발급받으려는 사람은 공단에 발급신청을 해야 한다. 다만, 재직 중인 근로자가 사업주에게 의뢰하는 경우에는 사업주가 공단에 카드의 발급을 신청할 수 있다."
b4ab9801-eac1-5fd0-8631-6f35790684a7,d40283b1-ad93-5771-9170-196304dbbf9c,MODIFICATION,관할 지방고용노동관서의 장이 역학조사의 필요성을 인정하는 경우,그렇지 않다.,paragraph,3c0557a43fff276aa195934236c7f74c2abe6cb0,"② 제1항제1호에 따라 사업주 또는 근로자대표가 역학조사를 요청하는 경우에는 산업안전보건위원회의 의결을 거치거나 각각 상대방의 동의를 받아야 한다. 다만, 관할 지방고용노동관서의 장이 역학조사의 필요성을 인정하는 경우에는 그렇지 않다."
8bd9da90-9eec-5581-9440-69e28c0134cb,0fdec6ab-d47d-54b2-9e0a-64c3179663e3,MODIFICATION,산업재해보상보험법」 제36조제1항제1호 및 제5호에 따른 요양급여 및 유족급여를 신청한 자 또는 그 대리인(제222조제1항제2호에 따른 역학조사에 한한다)을 말한다.,앞 규칙의 적용 범위 또는 내용을 수정,paragraph,0bcec2bcce1dc88236071f6707a1ed203291e244,"① 법 제141조제1항 후단에서 ""고용노동부령으로 정하는 사람""이란 해당 질병에 대하여 「산업재해보상보험법」 제36조제1항제1호 및 제5호에 따른 요양급여 및 유족급여를 신청한 자 또는 그 대리인(제222조제1항제2호에 따른 역학조사에 한한다)을 말한다."
b8aca1a0-4925-5c27-bfac-90af502ba714,af4e11c6-bff6-5858-880f-0dc1fedcf1c4,MODIFICATION,기재사항이나 첨부서류 등이 미비된 경우,"그 보완을 명하고, 보완이 이루어지지 않는 경우에는 응시원서의 접수를 거부할 수 있다.",paragraph,1c83ad95ba2353e6848536d8f66366a8c2f94e32,"② 한국산업인력공단은 제1항에 따른 응시원서를 접수하면 별지 제90호서식의 자격시험 응시자 명부에 해당 사항을 적고 응시자에게 별지 제89호서식 하단의 응시표를 발급해야 한다. 다만, 기재사항이나 첨부서류 등이 미비된 경우에는 그 보완을 명하고, 보완이 이루어지지 않는 경우에는 응시원서의 접수를 거부할 수 있다."
67abeba3-bc94-5f86-8616-70c5f4072e33,b50d1588-66f8-5326-ab06-da6f530d0195,MODIFICATION,신청인이 확인에 동의하지 않는 경우,해당 서류를 제출하도록 해야 한다.,paragraph,332ee94f484f00b93b9c8923d8b902633b001ba2,"④ 한국산업인력공단은 제227조제2호에 따른 경력증명서를 제출받은 경우 「전자정부법」 제36조제1항에 따른 행정정보의 공동이용을 통하여 신청인의 국민연금가입자가입증명 또는 건강보험자격득실확인서를 확인해야 한다. 다만, 신청인이 확인에 동의하지 않는 경우에는 해당 서류를 제출하도록 해야 한다."
e8a0fb21-b75e-5acd-bc2f-59225de5a5c9,82f90d06-5eda-5f47-b691-c580b30c22b9,EXCLUSION,식의 등록증 발급대장에 각각 해당 사실을 기재해야 한다. 이 경우 등록부와 등록증 발급대장은 전자적 처리가 불가능한 특별한 사유가 있는 경우를 제외하고는 전자적 방법으로 관리해야 한다.,해당 범위를 앞 규칙 적용 대상에서 제외,paragraph,297bf14dbd9753762849af9d4bd7c2c2e8492c96,⑤ 지방고용노동관서의 장은 제2항부터 제4항까지의 규정에 따라 등록증을 발급하거나 재발급하는 경우에는 별지 제94호서식의 등록부와 별지 제95호서식의 등록증 발급대장에 각각 해당 사실을 기재해야 한다. 이 경우 등록부와 등록증 발급대장은 전자적 처리가 불가능한 특별한 사유가 있는 경우를 제외하고는 전자적 방법으로 관리해야 한다.
d717ab32-9268-5815-ae22-adda95f64845,f21cae16-aa4f-580b-a54d-c9b702f6ec57,MODIFICATION,법 제145조제4항에 따른 지도사 등록의 갱신기간 동안 제230조제1항에 따른 지도실적이 2년 이상인 지도사의 교육시간은 10시간 이상으로 한다.,앞 규칙의 적용 범위 또는 내용을 수정,paragraph,11b62e6cf9b654c1f15adaa5a821c973c3f28f7a,"② 제1항에 따른 보수교육의 시간은 업무교육 및 직업윤리교육의 교육시간을 합산하여 총 20시간 이상으로 한다. 다만, 법 제145조제4항에 따른 지도사 등록의 갱신기간 동안 제230조제1항에 따른 지도실적이 2년 이상인 지도사의 교육시간은 10시간 이상으로 한다."
37145b03-e3aa-519d-b861-1d5ee59de62e,f20880ba-878b-5922-87c0-400d4f13fd4f,MODIFICATION,긴급한 경우,그렇지 않다.,paragraph,8026243aa3ef5a85581c11b9d498f5556e3fd691,"① 지방고용노동관서의 장은 법 제155조제3항에 따라 보고 또는 출석의 명령을 하려는 경우에는 7일 이상의 기간을 주어야 한다. 다만, 긴급한 경우에는 그렇지 않다."
4e37bacc-0f7d-5253-a0ff-78025e5c0d4f,81a2f772-5616-51ea-8a21-0c39d42d0aa7,MODIFICATION,고용노동부장관이 정하여 고시하는 물질에 대한 기록이 포함된 서류는 그 보존기간을 30년으로 한다.,앞 규칙의 적용 범위 또는 내용을 수정,paragraph,15d021e53223eb5dceef7f0505e7832f470a7c09,"① 법 제164조제1항 단서에 따라 제188조에 따른 작업환경측정 결과를 기록한 서류는 보존(전자적 방법으로 하는 보존을 포함한다)기간을 5년으로 한다. 다만, 고용노동부장관이 정하여 고시하는 물질에 대한 기록이 포함된 서류는 그 보존기간을 30년으로 한다."
c567b5e8-69db-59a0-b0e6-4bb910f2cd4a,da3945f8-ac0c-5107-ba53-61e6d55d9120,MODIFICATION,고용노동부장관이 정하여 고시하는 물질을 취급하는 근로자에 대한 건강진단 결과의 서류 또는 전산입력 자료는 30년간 보존해야 한다.,앞 규칙의 적용 범위 또는 내용을 수정,paragraph,3d3b6b44335bde0608e7157caa5b3c14abc1b2f3,"② 법 제164조제1항 단서에 따라 사업주는 제209조제3항에 따라 송부 받은 건강진단 결과표 및 법 제133조 단서에 따라 근로자가 제출한 건강진단 결과를 증명하는 서류(이들 자료가 전산입력된 경우에는 그 전산입력된 자료를 말한다)를 5년간 보존해야 한다. 다만, 고용노동부장관이 정하여 고시하는 물질을 취급하는 근로자에 대한 건강진단 결과의 서류 또는 전산입력 자료는 30년간 보존해야 한다."
9c0cfafb-6c6b-5cbb-9be2-4fffee9b2b66,8d5eddb6-70fe-57c6-a731-31388f21c872,EXCLUSION,"유해ㆍ위험의 정도, 사업의 종류, 사업장의 상시근로자 수(건설공사의 경우",건설공사 금액을 말한다. 이하 같다) 등을 고려하여 대통령령으로 정하는 종류의 사업 또는 사업장에는 이 법의 전부 또는 일부를 적용하지 아니할 수 있다.,paragraph,dcd8d599864735766e0c1d10c70195f91ba39f93,"제3조(적용 범위) 이 법은 모든 사업에 적용한다. 다만, 유해ㆍ위험의 정도, 사업의 종류, 사업장의 상시근로자 수(건설공사의 경우에는 건설공사 금액을 말한다. 이하 같다) 등을 고려하여 대통령령으로 정하는 종류의 사업 또는 사업장에는 이 법의 전부 또는 일부를 적용하지 아니할 수 있다."
149893e3-636e-5938-8eb1-b420eb043f99,66eb0610-ea6e-523f-b3b1-bdaf8c97d889,EXCLUSION,안전관리자 또는 보건관리자가 있거나 이를 두어야 하는 경우,그러하지 아니하다.,paragraph,09f143c4f0ce1692714a73130c9d82f167f8e936,"① 사업주는 사업장에 안전 및 보건에 관하여 사업주를 보좌하고 관리감독자에게 지도ㆍ조언하는 업무를 수행하는 사람(이하 ""안전보건관리담당자""라 한다)을 두어야 한다. 다만, 안전관리자 또는 보건관리자가 있거나 이를 두어야 하는 경우에는 그러하지 아니하다."
9702b0f0-20e5-5e47-8f86-d3a9a6a71316,a37a53b2-59dc-565d-afd8-1a68c6d0531f,MODIFICATION,제1호 또는 제2호에 해당할 때에는 그 지정을 취소하여야 한다.,앞 규칙의 적용 범위 또는 내용을 수정,paragraph,f4bb26668ac7e7c61ed619fee58ce01f6e111197,"④ 고용노동부장관은 안전관리전문기관 또는 보건관리전문기관이 다음 각 호의 어느 하나에 해당할 때에는 그 지정을 취소하거나 6개월 이내의 기간을 정하여 그 업무의 정지를 명할 수 있다. 다만, 제1호 또는 제2호에 해당할 때에는 그 지정을 취소하여야 한다."
731142f7-ebe0-518c-873b-dc51550db818,e9906668-af31-52c2-9ca3-46edf4b3d294,EXCLUSION,「의료법」 제2조에 따른 의사를 보건관리자로 둔 경우,그러하지 아니하다.,paragraph,57719fa0fbf2e3c023c3e653dac5c8d6c84593c2,"① 사업주는 근로자의 건강관리나 그 밖에 보건관리자의 업무를 지도하기 위하여 사업장에 산업보건의를 두어야 한다. 다만, 「의료법」 제2조에 따른 의사를 보건관리자로 둔 경우에는 그러하지 아니하다."
be0a0f17-b2c9-5244-adca-575cdcb3a0e1,54515387-d3b3-5504-9433-afeb567b4d67,EXCLUSION,산업안전보건위원회가 설치되어 있지 아니한 사업장의 경우,근로자대표의 동의를 받아야 한다.,paragraph,1000e0d534c06e40183f788967605b5083d570a1,"제26조(안전보건관리규정의 작성ㆍ변경 절차) 사업주는 안전보건관리규정을 작성하거나 변경할 때에는 산업안전보건위원회의 심의ㆍ의결을 거쳐야 한다. 다만, 산업안전보건위원회가 설치되어 있지 아니한 사업장의 경우에는 근로자대표의 동의를 받아야 한다."
3b617d09-b2ab-55a0-acb1-ebbfdbdec8da,ffcfbe4d-3b4e-5a77-bd50-da20a9c5f519,EXCLUSION,제28조(다른 법률의 준용) 안전보건관리규정에 관하여 이 법에서 규정한 것을 제외하고는 그 성질에 반하지 아니하는 범위에서 「근로기준법」 중 취업규칙에 관한 규정을 준용한다.,해당 범위를 앞 규칙 적용 대상에서 제외,paragraph,0196ef1749a5b8cecdd77d302abb4855debf7843,제28조(다른 법률의 준용) 안전보건관리규정에 관하여 이 법에서 규정한 것을 제외하고는 그 성질에 반하지 아니하는 범위에서 「근로기준법」 중 취업규칙에 관한 규정을 준용한다.
3294ecfa-d78b-571d-abc2-2ad49d4e30c7,8e362759-f00d-5530-aeee-b9174ba9ef8e,EXCLUSION,제31조제1항에 따른 안전보건교육을 이수한 건설 일용근로자를 채용하는 경우,그러하지 아니하다. <개정 2020.6.9>,paragraph,6078af24ffb832b6cdd243958fed174fad438b54,"② 사업주는 근로자를 채용할 때와 작업내용을 변경할 때에는 그 근로자에게 고용노동부령으로 정하는 바에 따라 해당 작업에 필요한 안전보건교육을 하여야 한다. 다만, 제31조제1항에 따른 안전보건교육을 이수한 건설 일용근로자를 채용하는 경우에는 그러하지 아니하다. <개정 2020.6.9>"
8a14b98e-6d40-557d-bb4d-f92b42bca689,7638ddaf-5bda-5baa-8af1-0372c344dcf5,EXCLUSION,건설 일용근로자가 그 사업주에게 채용되기 전에 안전보건교육을 이수한 경우,그러하지 아니하다.,paragraph,602daa2daf1255addeb75fe4653ff8dd0ac2df4e,"① 건설업의 사업주는 건설 일용근로자를 채용할 때에는 그 근로자로 하여금 제33조에 따른 안전보건교육기관이 실시하는 안전보건교육을 이수하도록 하여야 한다. 다만, 건설 일용근로자가 그 사업주에게 채용되기 전에 안전보건교육을 이수한 경우에는 그러하지 아니하다."
77b694eb-c4d7-5c01-a66d-885218077fdd,3a19f7ce-8e56-52bc-a54c-1cf8608e8062,EXCLUSION,다음 각 호에 해당하는 사람이 다른 법령에 따라 안전 및 보건에 관한 교육을 받는 등 고용노동부령으로 정하는 경우,안전보건교육의 전부 또는 일부를 하지 아니할 수 있다.,paragraph,250f56da7867b535fdd1ab8c0c1f76fd4b18ff84,"① 사업주(제5호의 경우는 같은 호 각 목에 따른 기관의 장을 말한다)는 다음 각 호에 해당하는 사람에게 제33조에 따른 안전보건교육기관에서 직무와 관련한 안전보건교육을 이수하도록 하여야 한다. 다만, 다음 각 호에 해당하는 사람이 다른 법령에 따라 안전 및 보건에 관한 교육을 받는 등 고용노동부령으로 정하는 경우에는 안전보건교육의 전부 또는 일부를 하지 아니할 수 있다."
b0cf125f-f8ed-5c71-a9d5-de875910d5f5,0f7fa9a6-1d64-5f4c-8822-470e7a5a6b58,MODIFICATION,"제3호에 해당하는 사업주 중 산업재해발생률 등을 고려하여 고용노동부령으로 정하는 기준에 해당하는 사업주는 유해위험방지계획서를 스스로 심사하고, 그 심사결과서를 작성하여 고용노동부장관에게 제출하여야 한다. <개정 2020.5.26>",앞 규칙의 적용 범위 또는 내용을 수정,paragraph,34593d9e791754431be3949fb9a9c9807cbd4f50,"① 사업주는 다음 각 호의 어느 하나에 해당하는 경우에는 이 법 또는 이 법에 따른 명령에서 정하는 유해ㆍ위험 방지에 관한 사항을 적은 계획서(이하 ""유해위험방지계획서""라 한다)를 작성하여 고용노동부령으로 정하는 바에 따라 고용노동부장관에게 제출하고 심사를 받아야 한다. 다만, 제3호에 해당하는 사업주 중 산업재해발생률 등을 고려하여 고용노동부령으로 정하는 기준에 해당하는 사업주는 유해위험방지계획서를 스스로 심사하고, 그 심사결과서를 작성하여 고용노동부장관에게 제출하여야 한다. <개정 2020.5.26>"
9357b7ba-b9da-5a29-bbca-26a4ede62739,90a2f694-9b8a-575d-b22e-50590c24f112,EXCLUSION,해당 건설공사 중에 근로자가 사망(교통사고 등 고용노동부령으로 정하는 경우는 제외한다)한 경우,고용노동부령으로 정하는 바에 따라 유해위험방지계획서의 이행에 관하여 고용노동부장관의 확인을 받아야 한다.,paragraph,0d4ae765f2ff8814974672ebdda19b9d498cf83d,"② 제42조제1항 각 호 외의 부분 단서에 따른 사업주는 고용노동부령으로 정하는 바에 따라 유해위험방지계획서의 이행에 관하여 스스로 확인하여야 한다. 다만, 해당 건설공사 중에 근로자가 사망(교통사고 등 고용노동부령으로 정하는 경우는 제외한다)한 경우에는 고용노동부령으로 정하는 바에 따라 유해위험방지계획서의 이행에 관하여 고용노동부장관의 확인을 받아야 한다."
096475cf-99d5-5c6b-8d27-58c6fd0d3ad9,509576f6-f518-5f2a-bad2-b5b122fe8e11,EXCLUSION,산업안전보건위원회가 설치되어 있지 아니한 사업장의 경우,근로자대표의 의견을 들어야 한다.,paragraph,17eaf0df8ba1c4bc6e4139cada407456e840edca,"② 사업주는 제1항에 따라 공정안전보고서를 작성할 때 산업안전보건위원회의 심의를 거쳐야 한다. 다만, 산업안전보건위원회가 설치되어 있지 아니한 사업장의 경우에는 근로자대표의 의견을 들어야 한다."
8ae41f35-c5fa-5cb3-a7fc-931a537cfc37,cbbfa07d-5d99-5a67-9516-92be55805d12,EXCLUSION,산업안전보건위원회가 설치되어 있지 아니한 사업장의 경우,근로자대표의 의견을 들어야 한다.,paragraph,313b8c8aacbba0d38c4b74bcbf95ed71919e99d0,"② 사업주는 안전보건개선계획을 수립할 때에는 산업안전보건위원회의 심의를 거쳐야 한다. 다만, 산업안전보건위원회가 설치되어 있지 아니한 사업장의 경우에는 근로자대표의 의견을 들어야 한다."
917ad9ec-960e-5a1c-9839-05323181a5ae,91f89593-affc-592e-a201-85037763e596,MODIFICATION,천재지변 등 부득이한 사유가 발생한 경우,그 사유가 소멸되면 지체 없이 보고하여야 한다.,paragraph,4c80ecaeba6ab283631a762774af3a9ffd5250c3,"② 사업주는 중대재해가 발생한 사실을 알게 된 경우에는 고용노동부령으로 정하는 바에 따라 지체 없이 고용노동부장관에게 보고하여야 한다. 다만, 천재지변 등 부득이한 사유가 발생한 경우에는 그 사유가 소멸되면 지체 없이 보고하여야 한다."
1c4e2d83-06bc-5af8-b9d8-cba5411d9e9b,7b249b37-b4fe-5882-ac98-a6b4ebdffe08,EXCLUSION,보호구 착용의 지시 등 관계수급인 근로자의 작업행동에 관한 직접적인 조치는 제외한다.,해당 범위를 앞 규칙 적용 대상에서 제외,paragraph,38fc8c6ba3f1afd2cec12e903e6bf7d51b225be8,"제63조(도급인의 안전조치 및 보건조치) 도급인은 관계수급인 근로자가 도급인의 사업장에서 작업을 하는 경우에 자신의 근로자와 관계수급인 근로자의 산업재해를 예방하기 위하여 안전 및 보건 시설의 설치 등 필요한 안전조치 및 보건조치를 하여야 한다. 다만, 보호구 착용의 지시 등 관계수급인 근로자의 작업행동에 관한 직접적인 조치는 제외한다."
1319a131-3aa9-53de-9026-435b3b56e691,9526c23b-0f1d-5305-bb1d-324accca7b35,EXCLUSION,건설공사발주자가 설계를 포함하여 발주한 경우,는 그러하지 아니하다.,paragraph,725ccdcb9087e50bb2e435900e75772750c5209a,"① 건설공사도급인은 해당 건설공사 중에 대통령령으로 정하는 가설구조물의 붕괴 등으로 산업재해가 발생할 위험이 있다고 판단되면 건축ㆍ토목 분야의 전문가 등 대통령령으로 정하는 전문가의 의견을 들어 건설공사발주자에게 해당 건설공사의 설계변경을 요청할 수 있다. 다만, 건설공사발주자가 설계를 포함하여 발주한 경우는 그러하지 아니하다."
1d1b820e-0c7f-5d9d-bdb7-5f5381218c80,87a327c3-28c5-56bf-8528-b4c700541534,MODIFICATION,제2항에 따라 안전인증의 일부를 면제받은 경우,고용노동부령으로 정하는 바에 따라 확인의 전부 또는 일부를 생략할 수 있다.,paragraph,8b8dc35aca65137753025e56e6e74dddab2d2ff4,"④ 고용노동부장관은 제1항 및 제3항에 따른 안전인증(이하 ""안전인증""이라 한다)을 받은 자가 안전인증기준을 지키고 있는지를 3년 이하의 범위에서 고용노동부령으로 정하는 주기마다 확인하여야 한다. 다만, 제2항에 따라 안전인증의 일부를 면제받은 경우에는 고용노동부령으로 정하는 바에 따라 확인의 전부 또는 일부를 생략할 수 있다."
4caf1eef-7b04-5347-9f68-d4dd324a02b9,0c18caca-bc9a-5d21-a704-968cbf062231,MODIFICATION,제1호의 경우,안전인증을 취소하여야 한다.,paragraph,144626392a366a5ec0c3d761b932bb7b05d28288,"① 고용노동부장관은 안전인증을 받은 자가 다음 각 호의 어느 하나에 해당하면 안전인증을 취소하거나 6개월 이내의 기간을 정하여 안전인증표시의 사용을 금지하거나 안전인증기준에 맞게 시정하도록 명할 수 있다. 다만, 제1호의 경우에는 안전인증을 취소하여야 한다."
e5e3752e-f46c-57d4-924e-5986d56ffd41,8a0cf2fb-1517-54f1-9855-a1ced023a6b5,MODIFICATION,다음 각 호의 어느 하나에 해당하는 경우,신고를 면제할 수 있다.,paragraph,c6e372e2db6878caa924e4b42e37848b5ecc39b2,"① 안전인증대상기계등이 아닌 유해ㆍ위험기계등으로서 대통령령으로 정하는 것(이하 ""자율안전확인대상기계등""이라 한다)을 제조하거나 수입하는 자는 자율안전확인대상기계등의 안전에 관한 성능이 고용노동부장관이 정하여 고시하는 안전기준(이하 ""자율안전기준""이라 한다)에 맞는지 확인(이하 ""자율안전확인""이라 한다)하여 고용노동부장관에게 신고(신고한 사항을 변경하는 경우를 포함한다)하여야 한다. 다만, 다음 각 호의 어느 하나에 해당하는 경우에는 신고를 면제할 수 있다."
44ade113-1413-5ef6-a506-f0182c1d5ea5,e309afc3-278a-5dc0-915e-135296293aa5,MODIFICATION,제1호의 경우,인정을 취소하여야 한다.,paragraph,d75512e489546c162d5ab7b1df20118ed343d27e,"① 고용노동부장관은 자율검사프로그램의 인정을 받은 자가 다음 각 호의 어느 하나에 해당하는 경우에는 자율검사프로그램의 인정을 취소하거나 인정받은 자율검사프로그램의 내용에 따라 검사를 하도록 하는 등 시정을 명할 수 있다. 다만, 제1호의 경우에는 인정을 취소하여야 한다."
5caf990f-3628-5e09-8fa0-490ff4a3a5a6,526fab18-8433-5c68-823e-49bf4b8c458b,MODIFICATION,제1호의 경우,등록을 취소하여야 한다.,paragraph,01e876ef37707b548a74684fe033c95df7961ede,"③ 고용노동부장관은 제2항에 따라 등록한 자가 다음 각 호의 어느 하나에 해당하는 경우에는 그 등록을 취소하거나 1년의 범위에서 제1항에 따른 지원을 제한할 수 있다. 다만, 제1호의 경우에는 등록을 취소하여야 한다."
661953c1-3282-5562-aa57-b136fc8be8ef,8654ce77-5071-5486-9686-97099bd797e9,EXCLUSION,다음 각 호의 어느 하나에 해당하는 경우,그러하지 아니하다.,paragraph,32f39b7e7bf99358141c9d302350d8ad1e4254d3,"① 사업주는 발암성 물질 등 근로자에게 중대한 건강장해를 유발할 우려가 있는 유해인자로서 대통령령으로 정하는 유해인자는 작업장 내의 그 노출 농도를 고용노동부령으로 정하는 허용기준 이하로 유지하여야 한다. 다만, 다음 각 호의 어느 하나에 해당하는 경우에는 그러하지 아니하다."
a2f68d41-2e16-51cc-8d4f-17c47564a002,48c82986-8278-53ba-b217-3f53def49931,EXCLUSION,다음 각 호의 어느 하나에 해당하는 경우,그러하지 아니하다.,paragraph,a75195c430ed73bdae998b6e2f3071f90b1318c0,"① 대통령령으로 정하는 화학물질 외의 화학물질(이하 ""신규화학물질""이라 한다)을 제조하거나 수입하려는 자(이하 ""신규화학물질제조자등""이라 한다)는 신규화학물질에 의한 근로자의 건강장해를 예방하기 위하여 고용노동부령으로 정하는 바에 따라 그 신규화학물질의 유해성ㆍ위험성을 조사하고 그 조사보고서를 고용노동부장관에게 제출하여야 한다. 다만, 다음 각 호의 어느 하나에 해당하는 경우에는 그러하지 아니하다."
15816980-c6f7-5219-b027-a88741420d59,6f4f78a9-9acf-5888-80e5-78194b277dd5,EXCLUSION,다음 각 호의 어느 하나에 해당하는 경우,는 그러하지 아니하다.,paragraph,a2f2a607e085b6c7903ae30d3af103b93fd2cc05,"② 물질안전보건자료대상물질을 제조하거나 수입하려는 자는 물질안전보건자료대상물질을 구성하는 화학물질 중 제104조에 따른 분류기준에 해당하지 아니하는 화학물질의 명칭 및 함유량을 고용노동부장관에게 별도로 제출하여야 한다. 다만, 다음 각 호의 어느 하나에 해당하는 경우는 그러하지 아니하다."
0b04e18e-125c-5de3-a681-82a22369c67a,51008c6f-beda-5696-855e-9acd4c3074bc,EXCLUSION,근로자에게 중대한 건강장해를 초래할 우려가 있는 화학물질로서 「산업재해보상보험법」 제8조제1항에 따른 산업재해보상보험및예방심의위원회의 심의를 거쳐 고용노동부장관이 고시하는 것은 그러하지 아니하다.,앞 규칙의 적용을 배제하거나 완화,paragraph,9f81ee2491eeeb845ff1a63e51bf33083b9c7c26,"① 제110조제1항에도 불구하고 영업비밀과 관련되어 같은 항 제2호에 따른 화학물질의 명칭 및 함유량을 물질안전보건자료에 적지 아니하려는 자는 고용노동부령으로 정하는 바에 따라 고용노동부장관에게 신청하여 승인을 받아 해당 화학물질의 명칭 및 함유량을 대체할 수 있는 명칭 및 함유량(이하 ""대체자료""라 한다)으로 적을 수 있다. 다만, 근로자에게 중대한 건강장해를 초래할 우려가 있는 화학물질로서 「산업재해보상보험법」 제8조제1항에 따른 산업재해보상보험및예방심의위원회의 심의를 거쳐 고용노동부장관이 고시하는 것은 그러하지 아니하다."
dcf28165-d8d4-56b0-a751-1bb248d2aef0,301dc068-f0e5-5d70-9d9b-526996ecc919,MODIFICATION,제1호의 경우,그 승인 또는 연장승인을 취소하여야 한다. <개정 2023.8.8>,paragraph,86e85659f200cfa2f2d30243551b5d736b3bc267,"⑧ 고용노동부장관은 다음 각 호의 어느 하나에 해당하는 경우에는 제1항, 제5항 또는 제112조의2제2항에 따른 승인 또는 연장승인을 취소할 수 있다. 다만, 제1호의 경우에는 그 승인 또는 연장승인을 취소하여야 한다. <개정 2023.8.8>"
7f67b176-b6b0-549d-a317-239f35e6f0a3,51df9103-5f23-56d4-9ea5-150c5c29a451,MODIFICATION,용기 및 포장에 담는 방법 외의 방법으로 물질안전보건자료대상물질을 양도하거나 제공하는 경우,고용노동부장관이 정하여 고시한 바에 따라 경고표시 기재 항목을 적은 자료를 제공하여야 한다.,paragraph,2418b52a20686c2a62dffd136974ca92c671b9e3,"① 물질안전보건자료대상물질을 양도하거나 제공하는 자는 고용노동부령으로 정하는 방법에 따라 이를 담은 용기 및 포장에 경고표시를 하여야 한다. 다만, 용기 및 포장에 담는 방법 외의 방법으로 물질안전보건자료대상물질을 양도하거나 제공하는 경우에는 고용노동부장관이 정하여 고시한 바에 따라 경고표시 기재 항목을 적은 자료를 제공하여야 한다."
040bdbdb-8884-5937-afc4-340c3157a68b,9ada934e-1002-53da-b243-728f88130f87,EXCLUSION,용기에 이미 경고표시가 되어 있는 등 고용노동부령으로 정하는 경우,그러하지 아니하다.,paragraph,8985a748316cadbf5c98f6508c00dc27d95d86b4,"② 사업주는 사업장에서 사용하는 물질안전보건자료대상물질을 담은 용기에 고용노동부령으로 정하는 방법에 따라 경고표시를 하여야 한다. 다만, 용기에 이미 경고표시가 되어 있는 등 고용노동부령으로 정하는 경우에는 그러하지 아니하다."
7cf76c51-7557-5a22-a266-e3b5a6d2354d,4a162e62-bc26-51f4-bd75-3646ec0d5f0a,MODIFICATION,제1호에 해당할 때에는 그 허가를 취소하여야 한다.,앞 규칙의 적용 범위 또는 내용을 수정,paragraph,d7df1b2efbf9084f8709547cf87007f272668243,"⑤ 고용노동부장관은 허가대상물질제조ㆍ사용자가 다음 각 호의 어느 하나에 해당하면 그 허가를 취소하거나 6개월 이내의 기간을 정하여 영업을 정지하게 할 수 있다. 다만, 제1호에 해당할 때에는 그 허가를 취소하여야 한다."
d84a508f-9e53-5bb6-b1e8-64cceffb7989,e1b306da-8bd9-59a6-95bb-6da5ece028dd,MODIFICATION,석면함유 여부가 명백한 경우 등 대통령령으로 정하는 사유에 해당하여 고용노동부령으로 정하는 절차에 따라 확인을 받은 경우,기관석면조사를 생략할 수 있다. <개정 2020.5.26>,paragraph,f370c7cb1754e98e51c80b19dbcbeebbf992ffab,"② 제1항에 따른 건축물이나 설비 중 대통령령으로 정하는 규모 이상의 건축물ㆍ설비소유주등은 제120조에 따라 지정받은 기관(이하 ""석면조사기관""이라 한다)에 다음 각 호의 사항을 조사(이하 ""기관석면조사""라 한다)하도록 한 후 그 결과를 기록하여 보존하여야 한다. 다만, 석면함유 여부가 명백한 경우 등 대통령령으로 정하는 사유에 해당하여 고용노동부령으로 정하는 절차에 따라 확인을 받은 경우에는 기관석면조사를 생략할 수 있다. <개정 2020.5.26>"
6ac97c61-257b-5d07-95cd-3d4db9494134,d858ac4f-e45c-5c1b-b30e-c363750c82c1,MODIFICATION,건축물ㆍ설비소유주등이 인력ㆍ장비 등에서 석면해체ㆍ제거업자와 동등한 능력을 갖추고 있는 경우 등 대통령령으로 정하는 사유에 해당할 경우,스스로 석면을 해체ㆍ제거할 수 있다. <개정 2020.5.26>,paragraph,b7a5b7686be1fe1480d34278e32a4ff604986b17,"① 기관석면조사 대상인 건축물이나 설비에 대통령령으로 정하는 함유량과 면적 이상의 석면이 포함되어 있는 경우 해당 건축물ㆍ설비소유주등은 석면해체ㆍ제거업자로 하여금 그 석면을 해체ㆍ제거하도록 하여야 한다. 다만, 건축물ㆍ설비소유주등이 인력ㆍ장비 등에서 석면해체ㆍ제거업자와 동등한 능력을 갖추고 있는 경우 등 대통령령으로 정하는 사유에 해당할 경우에는 스스로 석면을 해체ㆍ제거할 수 있다. <개정 2020.5.26>"
91085834-2d70-51f3-a9ea-c5f7245ce9bd,a2f48485-37dd-5959-ad1b-01aeb608dcb8,MODIFICATION,제3항에 따라 사업주로부터 작업환경측정을 위탁받은 작업환경측정기관이 작업환경측정을 한 후 그 결과를 고용노동부령으로 정하는 바에 따라 고용노동부장관에게 제출한 경우,작업환경측정 결과를 보고한 것으로 본다.,paragraph,e5b80ab9b6df9aaaa0688f12376167462b47707b,"⑤ 사업주는 작업환경측정 결과를 기록하여 보존하고 고용노동부령으로 정하는 바에 따라 고용노동부장관에게 보고하여야 한다. 다만, 제3항에 따라 사업주로부터 작업환경측정을 위탁받은 작업환경측정기관이 작업환경측정을 한 후 그 결과를 고용노동부령으로 정하는 바에 따라 고용노동부장관에게 제출한 경우에는 작업환경측정 결과를 보고한 것으로 본다."
c012d7ba-fa74-5e2d-b04b-ea0a1e0f91cc,f75e5f59-95cc-51c6-9390-8a5c18b79bb0,MODIFICATION,사업주가 고용노동부령으로 정하는 건강진단을 실시한 경우,그 건강진단을 받은 근로자에 대하여 일반건강진단을 실시한 것으로 본다.,paragraph,c9d5fdf1152d9e2afaa811d17a86ff1376328229,"① 사업주는 상시 사용하는 근로자의 건강관리를 위하여 건강진단(이하 ""일반건강진단""이라 한다)을 실시하여야 한다. 다만, 사업주가 고용노동부령으로 정하는 건강진단을 실시한 경우에는 그 건강진단을 받은 근로자에 대하여 일반건강진단을 실시한 것으로 본다."
838f440d-c1e0-59d7-9305-7b9727c1ae9a,c8730dd2-d3eb-549b-be3f-d5f4ae328f69,MODIFICATION,사업주가 고용노동부령으로 정하는 건강진단을 실시한 경우,그 건강진단을 받은 근로자에 대하여 해당 유해인자에 대한 특수건강진단을 실시한 것으로 본다.,paragraph,afa6e9da99fc2da9c5dbeaae8ad48b0aed599894,"① 사업주는 다음 각 호의 어느 하나에 해당하는 근로자의 건강관리를 위하여 건강진단(이하 ""특수건강진단""이라 한다)을 실시하여야 한다. 다만, 사업주가 고용노동부령으로 정하는 건강진단을 실시한 경우에는 그 건강진단을 받은 근로자에 대하여 해당 유해인자에 대한 특수건강진단을 실시한 것으로 본다."
bdab1dc8-b18a-5cdf-8f1e-6cbdf2326a83,74dc9b6e-22c6-5cd6-a3d1-20cf9928d7eb,EXCLUSION,고용노동부령으로 정하는 근로자에 대해서는 배치전건강진단을 실시하지 아니할 수 있다.,앞 규칙의 적용 범위 또는 내용을 수정,paragraph,b757b2a38d6dff0c7701ccf1404af13ec6ce2794,"② 사업주는 특수건강진단대상업무에 종사할 근로자의 배치 예정 업무에 대한 적합성 평가를 위하여 건강진단(이하 ""배치전건강진단""이라 한다)을 실시하여야 한다. 다만, 고용노동부령으로 정하는 근로자에 대해서는 배치전건강진단을 실시하지 아니할 수 있다."
145752a7-117b-515c-b26f-eebbbbf03b4a,556b5f81-849d-5203-90ca-3fcf36eee43a,EXCLUSION,개별 근로자의 건강진단 결과는 본인의 동의 없이 공개해서는 아니 된다.,앞 규칙의 적용 범위 또는 내용을 수정,paragraph,1c0bdcbd36c0d5fcc2df44464329f0ddbd0735e5,"② 사업주는 산업안전보건위원회 또는 근로자대표가 요구할 때에는 직접 또는 제129조부터 제131조까지의 규정에 따른 건강진단을 한 건강진단기관에 건강진단 결과에 대하여 설명하도록 하여야 한다. 다만, 개별 근로자의 건강진단 결과는 본인의 동의 없이 공개해서는 아니 된다."
770ca510-92c2-5f8d-b106-99955373a6a5,11a2eb67-35db-5f3c-b49d-57bd9b086974,MODIFICATION,사업주가 지정한 건강진단기관이 아닌 건강진단기관으로부터 이에 상응하는 건강진단을 받아 그 결과를 증명하는 서류를 사업주에게 제출하는 경우,사업주가 실시하는 건강진단을 받은 것으로 본다.,paragraph,1ab03e5e67822d005227ffbd0d9376b4f11e4850,"제133조(건강진단에 관한 근로자의 의무) 근로자는 제129조부터 제131조까지의 규정에 따라 사업주가 실시하는 건강진단을 받아야 한다. 다만, 사업주가 지정한 건강진단기관이 아닌 건강진단기관으로부터 이에 상응하는 건강진단을 받아 그 결과를 증명하는 서류를 사업주에게 제출하는 경우에는 사업주가 실시하는 건강진단을 받은 것으로 본다."
7447556e-c036-50c6-b524-f03336694f64,718088b9-1357-5275-bc61-282e56e9678c,MODIFICATION,배치전건강진단 또는 수시건강진단을 수행하려는 경우,"고용노동부장관으로부터 건강진단을 할 수 있는 기관(이하 ""특수건강진단기관""이라 한다)으로 지정받아야 한다.",paragraph,6212353d551f3bd5743d7befcff21b755efc2b72,"① 「의료법」 제3조에 따른 의료기관이 특수건강진단, 배치전건강진단 또는 수시건강진단을 수행하려는 경우에는 고용노동부장관으로부터 건강진단을 할 수 있는 기관(이하 ""특수건강진단기관""이라 한다)으로 지정받아야 한다."
28aa9c0d-368a-5f29-9ee1-b67dc7271322,9d671155-e231-5f08-b4ed-4336b2d0c0fc,MODIFICATION,지도실적이 기준에 못 미치는 지도사는 고용노동부령으로 정하는 보수교육을 받은 경우 갱신등록을 할 수 있다.,앞 규칙의 적용 범위 또는 내용을 수정,paragraph,18899ea88086057559ae15118b416748e8713648,"⑤ 고용노동부령으로 정하는 지도실적이 있는 지도사만이 제4항에 따른 갱신등록을 할 수 있다. 다만, 지도실적이 기준에 못 미치는 지도사는 고용노동부령으로 정하는 보수교육을 받은 경우 갱신등록을 할 수 있다."
03a9af71-d77f-55e4-b6fc-df53b18db57a,b2ace6e4-6301-5db3-a926-90f7f2ab2c9d,MODIFICATION,제1호 및 제2호의 경우,보조ㆍ지원의 전부를 취소하여야 한다.,paragraph,4ea16f169979db93ca3536b404f8989643d020ed,"② 고용노동부장관은 보조ㆍ지원을 받은 자가 다음 각 호의 어느 하나에 해당하는 경우 보조ㆍ지원의 전부 또는 일부를 취소하여야 한다. 다만, 제1호 및 제2호의 경우에는 보조ㆍ지원의 전부를 취소하여야 한다."
2036c116-b571-5c5f-8c4e-10de4b16f349,76d277d0-5e9b-5c00-8bbd-5777d69a6688,MODIFICATION,"③ 고용노동부장관은 제2항에 따라 보조ㆍ지원의 전부 또는 일부를 취소한 경우, 같은 항 제1호 또는 제3호부터 제5호까지의 어느 하나 해당 금액 또는 지원에 상응하는 금액을 환수하되 대통령령으로 정하는 바에 따라 지급받은 금액의 5배 이하의 금액을 추가로 환수할 수 있고, 같은 항 제2호(파산한 경우",환수하지,paragraph,1e457bbcecda4f34b1b5638665832a58d01a6db8,"③ 고용노동부장관은 제2항에 따라 보조ㆍ지원의 전부 또는 일부를 취소한 경우, 같은 항 제1호 또는 제3호부터 제5호까지의 어느 하나에 해당하는 경우에는 해당 금액 또는 지원에 상응하는 금액을 환수하되 대통령령으로 정하는 바에 따라 지급받은 금액의 5배 이하의 금액을 추가로 환수할 수 있고, 같은 항 제2호(파산한 경우에는 환수하지 아니한다) 또는 제6호에 해당하는 경우에는 해당 금액 또는 지원에 상응하는 금액을 환수한다. <개정 2021.5.18>"
194b9532-8f30-5d35-b9aa-fd7457558c3a,d669b604-6786-5dbc-a16b-87749209fe15,MODIFICATION,고용노동부령으로 정하는 바에 따라 보존기간을 연장할 수 있다.,앞 규칙의 적용 범위 또는 내용을 수정,paragraph,f40533145b6820f62ca6cae26895d85372d0d77c,"① 사업주는 다음 각 호의 서류를 3년(제2호의 경우 2년을 말한다) 동안 보존하여야 한다. 다만, 고용노동부령으로 정하는 바에 따라 보존기간을 연장할 수 있다."
f2c1bb5e-7702-5d59-9f1b-de3dbed66d87,e4d51f35-6037-5d69-a4a5-f90e53bcf648,MODIFICATION,징역형 이상의 실형과 병과된 이수명령을 모두 이행하기 전에 석방 또는 가석방되거나 미결구금일수 산입 등의 사유로 형을 집행할 수 없게 된 경우,보호관찰소의 장이 남은 이수명령을 집행한다. <개정 2020.3.31>,paragraph,497babfd26667501c0a9e72e7fca75dd158fc8f7,"④ 제1항에 따른 수강명령 또는 이수명령이 벌금형 또는 형의 집행유예와 병과된 경우에는 보호관찰소의 장이 집행하고, 징역형 이상의 실형과 병과된 경우에는 교정시설의 장이 집행한다. 다만, 징역형 이상의 실형과 병과된 이수명령을 모두 이행하기 전에 석방 또는 가석방되거나 미결구금일수 산입 등의 사유로 형을 집행할 수 없게 된 경우에는 보호관찰소의 장이 남은 이수명령을 집행한다. <개정 2020.3.31>"
a99f4dab-1889-55ae-a4b0-015b209e0c62,2047e6e9-bc5a-54be-8da9-7a9ee0715219,MODIFICATION,별표 3의 기준에 해당하는 도급사업의 공사금액 또는 관계수급인의 상시근로자의 경우,그렇지 않다.,paragraph,dbeaca5c0f94de1284590100d93ae372ed68dee6,"③ 제1항 및 제2항을 적용할 경우 제52조에 따른 사업으로서 도급인의 사업장에서 이루어지는 도급사업의 공사금액 또는 관계수급인의 상시근로자는 각각 해당 사업의 공사금액 또는 상시근로자로 본다. 다만, 별표 3의 기준에 해당하는 도급사업의 공사금액 또는 관계수급인의 상시근로자의 경우에는 그렇지 않다."
3230d067-3b16-530a-8f89-a0e05d8db484,be052681-e555-5676-b60f-b745ee0eae1f,MODIFICATION,다음 각 호의 어느 하나에 해당하는 경우는 그렇지 않다. <개정 2021.11.19>,앞 규칙의 적용 범위 또는 내용을 수정,paragraph,5a01c38ee27d1e80a53bfe8edd7692262af4a577,"① 법 제22조제1항에 따라 산업보건의를 두어야 하는 사업의 종류와 사업장은 제20조 및 별표 5에 따라 보건관리자를 두어야 하는 사업으로서 상시근로자 수가 50명 이상인 사업장으로 한다. 다만, 다음 각 호의 어느 하나에 해당하는 경우는 그렇지 않다. <개정 2021.11.19>"
18f39bff-8409-5222-baad-bcc0219d0634,453adcd9-4ab2-5b27-b2d2-48828101181e,EXCLUSION,상시근로자 50명 이상 100명 미만을 사용하는 사업장에서는 제5호에 해당하는 사람을 제외하고 구성할 수 있다.,해당 범위를 앞 규칙 적용 대상에서 제외,paragraph,dcba0552879c844a71eb375265de5b3467d99ddb,"② 산업안전보건위원회의 사용자위원은 다음 각 호의 사람으로 구성한다. 다만, 상시근로자 50명 이상 100명 미만을 사용하는 사업장에서는 제5호에 해당하는 사람을 제외하고 구성할 수 있다."
adea21e8-ab19-5759-a839-ab24bcf12e06,3080174b-8c5e-561b-a2ab-5643dd4b72e1,EXCLUSION,다음 각 호의 어느 하나에 해당하는 공사는 제외한다. <개정 2022.8.16>,해당 범위를 앞 규칙 적용 대상에서 제외,paragraph,2521dcb01caf8da8a083a598abb55069b3cbe9a2,"① 법 제73조제1항에서 ""대통령령으로 정하는 건설공사""란 공사금액 1억원 이상 120억원(「건설산업기본법 시행령」 별표 1의 종합공사를 시공하는 업종의 건설업종란 제1호의 토목공사업에 속하는 공사는 150억원) 미만인 공사와 「건축법」 제11조에 따른 건축허가의 대상이 되는 공사를 말한다. 다만, 다음 각 호의 어느 하나에 해당하는 공사는 제외한다. <개정 2022.8.16>"
f6f61f87-7396-5dd1-9ef6-cf39740d0f80,394083a3-86cb-5ad3-8c49-4006e2016812,MODIFICATION,법인 또는 기관에 그 업무를 위탁한 경우,위탁기관의 명칭과 위탁업무 등에 관한 사항을 관보 또는 고용노동부 인터넷 홈페이지 등에 공고해야 한다.,paragraph,1bb830a49ee8b7d25e24a0e2247d39f97ce6ab20,"③ 고용노동부장관은 제2항에 따라 공단, 법인 또는 기관에 그 업무를 위탁한 경우에는 위탁기관의 명칭과 위탁업무 등에 관한 사항을 관보 또는 고용노동부 인터넷 홈페이지 등에 공고해야 한다."
93f5747e-0a33-5ae9-a518-b1a4a5d9d425,66c57cbb-345f-5c13-86c7-4c19ae885d1d,EXCLUSION,근로자가 접근하지 못하도록 조치한 경우,그러하지 아니하다.,paragraph,26689914ae9b740e0ca8a4e765268668e7233c1d,"② 사업주는 제품, 자재, 부재(部材) 등이 넘어지지 않도록 붙들어 지탱하게 하는 등 안전 조치를 하여야 한다. 다만, 근로자가 접근하지 못하도록 조치한 경우에는 그러하지 아니하다."
6cf4d380-5d7f-5776-aca5-34e2a15fa211,9300c5ca-bb6d-5ce1-bf05-db163a62570d,MODIFICATION,작업장 바닥면의 가로 및 세로가 각 3미터 미만인 경우,"그렇지 않다. <개정 2019.12.26, 2023.11.14>",paragraph,d7c10d79fa50279b45ce51a65aa46f8561a2450a,"① 사업주는 별표 1에 규정된 위험물질을 제조ㆍ취급하는 작업장(이하 이 항에서 ""작업장""이라 한다)과 그 작업장이 있는 건축물에 제11조에 따른 출입구 외에 안전한 장소로 대피할 수 있는 비상구 1개 이상을 다음 각 호의 기준을 모두 충족하는 구조로 설치해야 한다. 다만, 작업장 바닥면의 가로 및 세로가 각 3미터 미만인 경우에는 그렇지 않다. <개정 2019.12.26, 2023.11.14>"
97bcfbcc-bc0d-5f29-86b3-ca9be35d7241,33c111a1-b3ca-51ef-a252-dd913964899f,EXCLUSION,갱도 또는 상시 통행을 하지 아니하는 지하실 등을 통행하는 근로자에게 휴대용 조명기구를 사용하도록 한 경우,그러하지 아니하다.,paragraph,fa4ece9e4d6da6867424a4d4fec1ececfd10e9b1,"제21조(통로의 조명) 사업주는 근로자가 안전하게 통행할 수 있도록 통로에 75럭스 이상의 채광 또는 조명시설을 하여야 한다. 다만, 갱도 또는 상시 통행을 하지 아니하는 지하실 등을 통행하는 근로자에게 휴대용 조명기구를 사용하도록 한 경우에는 그러하지 아니하다."
b35614d9-ab19-553c-b88b-1ddb00fcdc34,4d766c9f-43e4-5f74-8ccb-0f0808998375,MODIFICATION,부득이하게 통로면으로부터 높이 2미터 이내에 장애물을 설치할 수밖에 없거나 통로면으로부터 높이 2미터 이내의 장애물을 제거하는 것이 곤란하다고 고용노동부장관이 인정하는 경우,근로자에게 발생할 수 있는 부상 등의 위험을 방지하기 위한 안전 조치를 하여야 한다. <개정 2016.7.11>,paragraph,1dc6a1bc329a271f40fe53deedd47d745ee5c36a,"③ 사업주는 통로면으로부터 높이 2미터 이내에는 장애물이 없도록 하여야 한다. 다만, 부득이하게 통로면으로부터 높이 2미터 이내에 장애물을 설치할 수밖에 없거나 통로면으로부터 높이 2미터 이내의 장애물을 제거하는 것이 곤란하다고 고용노동부장관이 인정하는 경우에는 근로자에게 발생할 수 있는 부상 등의 위험을 방지하기 위한 안전 조치를 하여야 한다. <개정 2016.7.11>"
298e6c43-ee0c-51d0-a30b-8418c1a5dee5,5e8ad57e-623b-5e4f-b43f-71b3d49c1f89,EXCLUSION,급유용ㆍ보수용ㆍ비상용 계단 및 나선형 계단이거나 높이 1미터 미만의 이동식 계단인 경우,그러하지 아니하다. <개정 2014.9.30>,paragraph,c56c6de1db92bfabda7bbf25ffdade7ba4044227,"① 사업주는 계단을 설치하는 경우 그 폭을 1미터 이상으로 하여야 한다. 다만, 급유용ㆍ보수용ㆍ비상용 계단 및 나선형 계단이거나 높이 1미터 미만의 이동식 계단인 경우에는 그러하지 아니하다. <개정 2014.9.30>"
fe7fc510-cddd-5a63-8f59-04b386ea1253,66987841-1b10-52cb-b390-93083d1bfe7d,EXCLUSION,급유용ㆍ보수용ㆍ비상용 계단 및 나선형 계단인 경우,그러하지 아니하다.,paragraph,d1372cc3f1c7826782fe452d62828e6cae929be5,"제29조(천장의 높이) 사업주는 계단을 설치하는 경우 바닥면으로부터 높이 2미터 이내의 공간에 장애물이 없도록 하여야 한다. 다만, 급유용ㆍ보수용ㆍ비상용 계단 및 나선형 계단인 경우에는 그러하지 아니하다."
5a171d67-a13d-560c-addf-ef67290d4177,1137031d-4450-55a8-9eeb-d9708e71d151,EXCLUSION,"근로자가 청결을 유지하는 안전화, 안전모, 보안경의 경우",그러하지 아니하다.,paragraph,ca7f60165a8ec29956e95e85ecb2182344c13a5b,"① 사업주는 이 규칙에 따라 보호구를 지급하는 경우 상시 점검하여 이상이 있는 것은 수리하거나 다른 것으로 교환해 주는 등 늘 사용할 수 있도록 관리하여야 하며, 청결을 유지하도록 하여야 한다. 다만, 근로자가 청결을 유지하는 안전화, 안전모, 보안경의 경우에는 그러하지 아니하다."
ce1fe264-b808-5646-a3dd-f174e83c13f8,6180be39-dd98-568c-aa8b-8df6633bab0d,EXCLUSION,태풍 등으로 위험이 예상되거나 발생되어 긴급 복구작업을 필요로 하는 경우,그러하지 아니하다.,paragraph,61407034185e6684c42ecb130291c6c7e81099ab,"① 사업주는 비ㆍ눈ㆍ바람 또는 그 밖의 기상상태의 불안정으로 인하여 근로자가 위험해질 우려가 있는 경우 작업을 중지하여야 한다. 다만, 태풍 등으로 위험이 예상되거나 발생되어 긴급 복구작업을 필요로 하는 경우에는 그러하지 아니하다."
ffc3f971-bdc5-53c1-8b00-854c2349ac5c,96aacdd9-43db-5155-a659-f52e5849f2bd,MODIFICATION,제38조제1항제2호의 작업에 대하여 작업장소에 다른 근로자가 접근할 수 없거나 한 대의 차량계 하역운반기계등을 운전하는 작업으로서 주위에 근로자가 없어 충돌 위험이 없는 경우,작업지휘자를 지정하지 않을 수 있다. <개정 2023.11.14>,paragraph,9b3b5fa94466ecee57c09e8a90e5d5ef5c903d0a,"① 사업주는 제38조제1항제2호ㆍ제6호ㆍ제8호ㆍ제10호 및 제11호의 작업계획서를 작성한 경우 작업지휘자를 지정하여 작업계획서에 따라 작업을 지휘하도록 해야 한다. 다만, 제38조제1항제2호의 작업에 대하여 작업장소에 다른 근로자가 접근할 수 없거나 한 대의 차량계 하역운반기계등을 운전하는 작업으로서 주위에 근로자가 없어 충돌 위험이 없는 경우에는 작업지휘자를 지정하지 않을 수 있다. <개정 2023.11.14>"
3e8bab77-550b-5414-a45c-aae60f19da9f,69e4a010-061f-5ad8-b8c4-47ee18cfeecc,MODIFICATION,추락방호망을 설치하기 곤란한 경우,"근로자에게 안전대를 착용하도록 하는 등 추락위험을 방지하기 위해 필요한 조치를 해야 한다. <개정 2017.12.28, 2021.5.28>",paragraph,6d06f716f0ead3e4c7d354aedfb4f4220990a151,"② 사업주는 제1항에 따른 작업발판을 설치하기 곤란한 경우 다음 각 호의 기준에 맞는 추락방호망을 설치해야 한다. 다만, 추락방호망을 설치하기 곤란한 경우에는 근로자에게 안전대를 착용하도록 하는 등 추락위험을 방지하기 위해 필요한 조치를 해야 한다. <개정 2017.12.28, 2021.5.28>"
5e5b5306-cc1d-509b-98aa-71db19704589,cbaa4447-430c-5ddc-bcb4-8609bb1183be,MODIFICATION,추락방호망을 설치하기 곤란한 경우,근로자에게 안전대를 착용하도록 하는 등 추락할 위험을 방지하기 위하여 필요한 조치를 하여야 한다. <개정 2017.12.28>,paragraph,d4ade4b888402cc1e618ff6c6b72089aba96fc69,"② 사업주는 난간등을 설치하는 것이 매우 곤란하거나 작업의 필요상 임시로 난간등을 해체하여야 하는 경우 제42조제2항 각 호의 기준에 맞는 추락방호망을 설치하여야 한다. 다만, 추락방호망을 설치하기 곤란한 경우에는 근로자에게 안전대를 착용하도록 하는 등 추락할 위험을 방지하기 위하여 필요한 조치를 하여야 한다. <개정 2017.12.28>"
0412f63f-fab9-5268-9459-5d71b43094fe,f97ea9d4-1352-5403-8f7c-2c01fa406926,MODIFICATION,사업주는 작업 환경 등을 고려할 때 추락방호망을 설치하기 곤란한 경우,근로자에게 안전대를 착용하도록 하는 등 추락 위험을 방지하기 위하여 필요한 조치를 해야 한다.,paragraph,bffd805eaaaa92cd73ed867ef18143405cb27a72,"② 사업주는 작업 환경 등을 고려할 때 제1항제1호에 따른 조치를 하기 곤란한 경우에는 제42조제2항 각 호의 기준을 갖춘 추락방호망을 설치해야 한다. 다만, 사업주는 작업 환경 등을 고려할 때 추락방호망을 설치하기 곤란한 경우에는 근로자에게 안전대를 착용하도록 하는 등 추락 위험을 방지하기 위하여 필요한 조치를 해야 한다."
be7a6263-05b9-50d3-b96d-d8ede521611e,bdacddd2-2f4e-5c3d-b954-5a9dc8c8c2d4,MODIFICATION,승강설비를 설치하는 것이 작업의 성질상 곤란한 경우,그렇지 않다. <개정 2022.10.18>,paragraph,4f82f41b97c78e1bc228aa5cd013bf02ae0f197f,"제46조(승강설비의 설치) 사업주는 높이 또는 깊이가 2미터를 초과하는 장소에서 작업하는 경우 해당 작업에 종사하는 근로자가 안전하게 승강하기 위한 건설용 리프트 등의 설비를 설치해야 한다. 다만, 승강설비를 설치하는 것이 작업의 성질상 곤란한 경우에는 그렇지 않다. <개정 2022.10.18>"
e62407ea-1172-587b-9343-e4e2f8cda424,45f64f43-2d7b-589d-bfaf-4a14f5b4b435,MODIFICATION,별도의 작업발판을 설치할 수 있는 시설을 갖춘 경우,외줄로 할 수 있다.,paragraph,93c4736b3a7f80307632544a5700064428895cc1,"② 사업주는 강관비계 또는 통나무비계를 조립하는 경우 쌍줄로 하여야 한다. 다만, 별도의 작업발판을 설치할 수 있는 시설을 갖춘 경우에는 외줄로 할 수 있다."
be82b2eb-6090-53d8-bfb9-914bc1dda945,0da66852-2e59-5061-9141-6b32f9f1ec02,MODIFICATION,빨아들여진 물질로 인하여 폭발할 우려가 없고 배풍기의 날개가 부식될 우려가 없는 경우,정화 전의 공기가 통하는 위치에 배풍기를 설치할 수 있다.,paragraph,8d6ab00ac8184bd0c619f567b3af216cdadc9d1f,"제74조(배풍기) 사업주는 국소배기장치에 공기정화장치를 설치하는 경우 정화 후의 공기가 통하는 위치에 배풍기(排風機)를 설치하여야 한다. 다만, 빨아들여진 물질로 인하여 폭발할 우려가 없고 배풍기의 날개가 부식될 우려가 없는 경우에는 정화 전의 공기가 통하는 위치에 배풍기를 설치할 수 있다."
78707ace-062a-5948-9f81-b8c60102372c,4c7b1b05-4f6f-511f-9e52-8a5e3ac7fb58,EXCLUSION,갱내 등 작업장소의 여건상 격리된 장소에 휴게시설을 갖출 수 없는 경우,그러하지 아니하다.,paragraph,0d4bef354c8fabf69676c539bd4b53239fad1873,"② 사업주는 제1항에 따른 휴게시설을 인체에 해로운 분진등을 발산하는 장소나 유해물질을 취급하는 장소와 격리된 곳에 설치하여야 한다. 다만, 갱내 등 작업장소의 여건상 격리된 장소에 휴게시설을 갖출 수 없는 경우에는 그러하지 아니하다."
7c849d82-6203-50bd-8a7f-c0ae02667c7d,d6250b31-3ba6-5e4b-8ef6-d2cd7026c579,EXCLUSION,크레인에 전용 탑승설비를 설치하고 추락 위험을 방지하기 위하여 다음 각 호의 조치를 한 경우,그러하지 아니하다.,paragraph,701a61a3d44c09b60bf823e212034e5e6c0fe378,"① 사업주는 크레인을 사용하여 근로자를 운반하거나 근로자를 달아 올린 상태에서 작업에 종사시켜서는 아니 된다. 다만, 크레인에 전용 탑승설비를 설치하고 추락 위험을 방지하기 위하여 다음 각 호의 조치를 한 경우에는 그러하지 아니하다."
7c7a4fb6-6247-5f82-a9df-a07501354fdb,37d1ae06-0c4d-5876-ad3f-4429396013ab,EXCLUSION,"작업 장소의 구조, 지형 등으로 고소작업대를 사용하기가 곤란하여 이동식 크레인 중 기중기를 한국산업표준에서 정하는 안전기준에 따라 사용하는 경우",는 제외한다. <개정 2022.10.18>,paragraph,ce009da0f127faed695ab852987294b006f80e4d,"② 사업주는 이동식 크레인을 사용하여 근로자를 운반하거나 근로자를 달아 올린 상태에서 작업에 종사시켜서는 안 된다. 다만, 작업 장소의 구조, 지형 등으로 고소작업대를 사용하기가 곤란하여 이동식 크레인 중 기중기를 한국산업표준에서 정하는 안전기준에 따라 사용하는 경우는 제외한다. <개정 2022.10.18>"
0d62ecd9-4a5e-5f4d-bec3-cb12dc5e18ef,77e7dcb9-0cdd-5d37-ae5f-9fef12ba36a7,EXCLUSION,리프트의 수리ㆍ조정 및 점검 등의 작업을 하는 경우로서 그 작업에 종사하는 근로자가 추락할 위험이 없도록 조치를 한 경우,그러하지 아니하다.,paragraph,d855d2009abb20272b085c3100a7a9f363b71963,"③ 사업주는 내부에 비상정지장치ㆍ조작스위치 등 탑승조작장치가 설치되어 있지 아니한 리프트의 운반구에 근로자를 탑승시켜서는 아니 된다. 다만, 리프트의 수리ㆍ조정 및 점검 등의 작업을 하는 경우로서 그 작업에 종사하는 근로자가 추락할 위험이 없도록 조치를 한 경우에는 그러하지 아니하다."
db025dde-1940-5965-a4b0-69b525cde431,ba7c94fa-d1bb-54d1-bed1-cbb5f580d7b4,EXCLUSION,자동차정비용 리프트의 수리ㆍ조정 및 점검 등의 작업을 할 때에 그 작업에 종사하는 근로자가 위험해질 우려가 없도록 조치한 경우,그러하지 아니하다. <개정 2019.4.19>,paragraph,24d59f6a964a8d3c209e7d32a037016b719d4e05,"④ 사업주는 자동차정비용 리프트에 근로자를 탑승시켜서는 아니 된다. 다만, 자동차정비용 리프트의 수리ㆍ조정 및 점검 등의 작업을 할 때에 그 작업에 종사하는 근로자가 위험해질 우려가 없도록 조치한 경우에는 그러하지 아니하다. <개정 2019.4.19>"
7852c926-13da-5f27-b451-4c9e646989d4,dba1ebd1-2c49-5901-9644-dc31fc0e5664,EXCLUSION,추락 위험을 방지하기 위하여 다음 각 호의 조치를 한 경우,그러하지 아니하다.,paragraph,d7be136749200225f1bbb2a6a4378670c6df0294,"⑤ 사업주는 곤돌라의 운반구에 근로자를 탑승시켜서는 아니 된다. 다만, 추락 위험을 방지하기 위하여 다음 각 호의 조치를 한 경우에는 그러하지 아니하다."
1e6ca562-2195-5151-bf9f-2e059de69c93,9fe4516b-9c5d-52a2-9311-054f0ca0300f,EXCLUSION,소형화물용 엘리베이터의 수리ㆍ조정 및 점검 등의 작업을 하는 경우,그러하지 아니하다. <개정 2019.4.19>,paragraph,2625bd4345bb48c25f0ae0f1e0f0b9223c60c6c4,"⑥ 사업주는 소형화물용 엘리베이터에 근로자를 탑승시켜서는 아니 된다. 다만, 소형화물용 엘리베이터의 수리ㆍ조정 및 점검 등의 작업을 하는 경우에는 그러하지 아니하다. <개정 2019.4.19>"
1e8fe8cd-8ed9-5f16-adf9-9bffe16a1e26,3058a2c3-d95a-5dc6-a0fd-7774477b4b94,EXCLUSION,추락 등의 위험을 방지하기 위한 조치를 한 경우,그러하지 아니하다.,paragraph,f637a7f326c677915c9debce8f1074576fcef8f7,"⑦ 사업주는 차량계 하역운반기계(화물자동차는 제외한다)를 사용하여 작업을 하는 경우 승차석이 아닌 위치에 근로자를 탑승시켜서는 아니 된다. 다만, 추락 등의 위험을 방지하기 위한 조치를 한 경우에는 그러하지 아니하다."
ed1c026e-07cf-5862-aae9-1f4938820dd1,21d74af1-9091-5009-8114-4af930ecb215,EXCLUSION,화물자동차에 울 등을 설치하여 추락을 방지하는 조치를 한 경우,그러하지 아니하다.,paragraph,51212f5e98e967fddcdc5fe2d90d73a28a306808,"⑧ 사업주는 화물자동차 적재함에 근로자를 탑승시켜서는 아니 된다. 다만, 화물자동차에 울 등을 설치하여 추락을 방지하는 조치를 한 경우에는 그러하지 아니하다."
3116795a-fa04-5ce2-a407-00c2e9b485af,e3839466-6bf3-58d7-a08c-eea68605d89a,EXCLUSION,근로자를 운반할 수 있는 구조를 갖춘 컨베이어 등으로서 추락ㆍ접촉 등에 의한 위험을 방지할 수 있는 조치를 한 경우,그러하지 아니하다.,paragraph,e2b572d5cb62f78027ddacba63865c6624a11319,"⑨ 사업주는 운전 중인 컨베이어 등에 근로자를 탑승시켜서는 아니 된다. 다만, 근로자를 운반할 수 있는 구조를 갖춘 컨베이어 등으로서 추락ㆍ접촉 등에 의한 위험을 방지할 수 있는 조치를 한 경우에는 그러하지 아니하다."
b3cf0a76-e908-5f2b-a150-dab96ac55d4c,d32124ff-c539-5fcb-90c1-fdb540b6ff8a,EXCLUSION,이삿짐운반용 리프트의 수리ㆍ조정 및 점검 등의 작업을 할 때에 그 작업에 종사하는 근로자가 추락할 위험이 없도록 조치한 경우,그러하지 아니하다.,paragraph,74b51fedc724269546ac92802953628e16e8b35b,"⑩ 사업주는 이삿짐운반용 리프트 운반구에 근로자를 탑승시켜서는 아니 된다. 다만, 이삿짐운반용 리프트의 수리ㆍ조정 및 점검 등의 작업을 할 때에 그 작업에 종사하는 근로자가 추락할 위험이 없도록 조치한 경우에는 그러하지 아니하다."
f7311a5e-b412-5c3d-9c56-21375238e0c9,8b3eeca6-fdb8-5c66-9d35-aec0613e71aa,EXCLUSION,연속하여 하나의 집단을 이루는 기계로서 공통의 동력차단장치가 있거나 공정 도중에 인력(人力)에 의한 원재료의 공급과 인출(引出) 등이 필요 없는 경우,그러하지 아니하다.,paragraph,b450e447a98e9b0981181cebbcb28e4790aebe66,"① 사업주는 동력으로 작동되는 기계에 스위치ㆍ클러치(clutch) 및 벨트이동장치 등 동력차단장치를 설치하여야 한다. 다만, 연속하여 하나의 집단을 이루는 기계로서 공통의 동력차단장치가 있거나 공정 도중에 인력(人力)에 의한 원재료의 공급과 인출(引出) 등이 필요 없는 경우에는 그러하지 아니하다."
dad4a3b8-c053-5579-b86f-afe696b80378,dcdc1dcc-cd93-5a33-a7e9-e8e1b2997cc6,EXCLUSION,해당 작업의 성질상 덮개 또는 울 등을 설치하기가 매우 곤란하여 근로자에게 보호구를 사용하도록 한 경우,그러하지 아니하다.,paragraph,87796461924d118b40cb5f5c19479e1a504813cf,"제90조(날아오는 가공물 등에 의한 위험의 방지) 사업주는 가공물 등이 절단되거나 절삭편(切削片)이 날아오는 등 근로자가 위험해질 우려가 있는 기계에 덮개 또는 울 등을 설치하여야 한다. 다만, 해당 작업의 성질상 덮개 또는 울 등을 설치하기가 매우 곤란하여 근로자에게 보호구를 사용하도록 한 경우에는 그러하지 아니하다."
f399fcd1-3207-50b3-b29f-bad6b94d5b80,d23cc6c0-fbf3-5338-a4d5-502167105381,MODIFICATION,덮개가 설치되어 있는 등 기계의 구조상 근로자가 위험해질 우려가 없는 경우,그렇지 않다. <개정 2024.6.28>,paragraph,03f287d28951ad4c63a3f9f96a2cdb57b7a67c8c,"① 사업주는 동력으로 작동되는 기계의 정비ㆍ청소ㆍ급유ㆍ검사ㆍ수리ㆍ교체 또는 조정 작업 또는 그 밖에 이와 유사한 작업을 할 때에 근로자가 위험해질 우려가 있으면 해당 기계의 운전을 정지하여야 한다. 다만, 덮개가 설치되어 있는 등 기계의 구조상 근로자가 위험해질 우려가 없는 경우에는 그렇지 않다. <개정 2024.6.28>"
72f165a4-4d6e-5a94-ad22-cfa0fcc55528,12d8ccac-2d25-5c29-85c7-cfa45f2981ed,EXCLUSION,방호장치의 수리ㆍ조정 및 교체 등의 작업을 하는 경우,그러하지 아니하다.,paragraph,f731d7c919adc4510ccb184993f146a65972794e,"① 사업주는 기계ㆍ기구 또는 설비에 설치한 방호장치를 해체하거나 사용을 정지해서는 아니 된다. 다만, 방호장치의 수리ㆍ조정 및 교체 등의 작업을 하는 경우에는 그러하지 아니하다."
00541abb-90a1-5a05-8251-2d8b273b7100,c5148872-f091-5990-959c-5cd0acd250d9,EXCLUSION,테이블에 탑승한 근로자 또는 배치된 근로자가 즉시 기계를 정지할 수 있도록 하는 등 우려되는 위험을 방지하기 위하여 필요한 조치를 한 경우,그러하지 아니하다.,paragraph,b86f6adebc099827194e7c2021dd686063853816,"제102조(탑승의 금지) 사업주는 운전 중인 평삭기의 테이블 또는 수직선반 등의 테이블에 근로자를 탑승시켜서는 아니 된다. 다만, 테이블에 탑승한 근로자 또는 배치된 근로자가 즉시 기계를 정지할 수 있도록 하는 등 우려되는 위험을 방지하기 위하여 필요한 조치를 한 경우에는 그러하지 아니하다."
8fb2d810-f4de-53ef-9e47-76d88e42a5be,1622ba35-e458-5f87-87de-61806f85b755,EXCLUSION,슬라이드 또는 칼날에 의한 위험을 방지하는 구조로 되어 있는 프레스등에 대해서는 그러하지 아니하다.,앞 규칙의 적용을 배제하거나 완화,paragraph,f4701769e9e3bf81c3df46f3d3c273c728cf7801,"① 사업주는 프레스 또는 전단기(剪斷機)(이하 ""프레스등""이라 한다)를 사용하여 작업하는 근로자의 신체 일부가 위험한계에 들어가지 않도록 해당 부위에 덮개를 설치하는 등 필요한 방호 조치를 하여야 한다. 다만, 슬라이드 또는 칼날에 의한 위험을 방지하는 구조로 되어 있는 프레스등에 대해서는 그러하지 아니하다."
86426992-eafa-5fa9-99bd-b2e1d8c67c8d,bc5ec93c-b66a-5ed4-82e6-15af6adfbcf8,EXCLUSION,제1항의 조치를 한 경우,발 스위치를 제거하지 아니할 수 있다.,paragraph,c3d0979a92352e1407ca413d815679a673d40106,"④ 사업주는 제2항의 조치를 한 경우 해당 방호장치의 성능을 유지하여야 하며, 발 스위치를 사용함으로써 방호장치를 사용하지 아니할 우려가 있는 경우에 발 스위치를 제거하는 등 필요한 조치를 하여야 한다. 다만, 제1항의 조치를 한 경우에는 발 스위치를 제거하지 아니할 수 있다."
3a292f20-e19a-53cc-b8f6-8744d2e97f9b,310c9dda-e8eb-5dbe-807c-eaba97796e1f,EXCLUSION,"둥근톱기계의 톱날접촉예방장치) 사업주는 목재가공용 둥근톱기계(휴대용 둥근톱을 포함하되, 원목제재용 둥근톱기계 및 자동이송장치를 부착한 둥근톱기계를 제외한다)에는 톱날접촉예방장치를 설치하여야 한다.",해당 범위를 앞 규칙 적용 대상에서 제외,paragraph,6b9f012cabf98142bc11bfdca2387d66c066224a,"제106조(둥근톱기계의 톱날접촉예방장치) 사업주는 목재가공용 둥근톱기계(휴대용 둥근톱을 포함하되, 원목제재용 둥근톱기계 및 자동이송장치를 부착한 둥근톱기계를 제외한다)에는 톱날접촉예방장치를 설치하여야 한다."
78803613-64a8-5bba-a9c6-0971b6b82e4f,6488fc87-88c1-5caa-9048-e64b9c084007,EXCLUSION,스파이크가 붙어 있는 이송롤러 또는 요철형 이송롤러에 급정지장치가 설치되어 있는 경우,그러하지 아니하다.,paragraph,54cdfa586c213714b73f3ba1513df596a00b6748,"제108조(띠톱기계의 날접촉예방장치 등) 사업주는 목재가공용 띠톱기계에서 스파이크가 붙어 있는 이송롤러 또는 요철형 이송롤러에 날접촉예방장치 또는 덮개를 설치하여야 한다. 다만, 스파이크가 붙어 있는 이송롤러 또는 요철형 이송롤러에 급정지장치가 설치되어 있는 경우에는 그러하지 아니하다."
bc2064db-02f4-59ea-8bf0-1429d785de22,4cf2a2cd-e0fb-5626-8a18-0b5946c6b583,EXCLUSION,작업의 성질상 날접촉예방장치를 설치하는 것이 곤란하여 해당 근로자에게 적절한 작업공구 등을 사용하도록 한 경우,그러하지 아니하다.,paragraph,67cd54a5b20645947830b4ff493d50e69126abbe,"제110조(모떼기기계의 날접촉예방장치) 사업주는 모떼기기계(자동이송장치를 부착한 것은 제외한다)에 날접촉예방장치를 설치하여야 한다. 다만, 작업의 성질상 날접촉예방장치를 설치하는 것이 곤란하여 해당 근로자에게 적절한 작업공구 등을 사용하도록 한 경우에는 그러하지 아니하다."
5c2bf1a6-20dc-5867-a4dc-48c13a25e4a2,9e31f970-da53-568d-b659-c8900fa9df94,EXCLUSION,내용물을 자동으로 꺼내는 구조이거나 그 기계의 운전 중에 정비ㆍ청소ㆍ검사ㆍ수리 또는 그 밖에 이와 유사한 작업을 하여야 하는 경우로서 안전한 보조기구를 사용하거나 위험한 부위에 필요한 방호 조치를 한 경우,그러하지 아니하다.,paragraph,b9aff7f372d80a4ac7fc24f12a7ca54f2275e8b4,"제111조(운전의 정지) 사업주는 원심기 또는 분쇄기등으로부터 내용물을 꺼내거나 원심기 또는 분쇄기등의 정비ㆍ청소ㆍ검사ㆍ수리 또는 그 밖에 이와 유사한 작업을 하는 경우에 그 기계의 운전을 정지하여야 한다. 다만, 내용물을 자동으로 꺼내는 구조이거나 그 기계의 운전 중에 정비ㆍ청소ㆍ검사ㆍ수리 또는 그 밖에 이와 유사한 작업을 하여야 하는 경우로서 안전한 보조기구를 사용하거나 위험한 부위에 필요한 방호 조치를 한 경우에는 그러하지 아니하다."
32d3c252-ce93-5311-9d98-ecb94d0a96a3,a280e9da-02eb-564e-a448-151fbebad9df,EXCLUSION,고속회전체(제115조에 따른 고속회전체는 제외한다)의 회전시험으로서 시험설비에 견고한 덮개를 설치하는 등 그 고속회전체의 파괴에 의한 위험을 방지하기 위하여 필요한 조치를 한 경우,그러하지 아니하다.,paragraph,cc549c03b290321555eac348b8646c26e7833690,"제114조(회전시험 중의 위험 방지) 사업주는 고속회전체[(터빈로터ㆍ원심분리기의 버킷 등의 회전체로서 원주속도(圓周速度)가 초당 25미터를 초과하는 것으로 한정한다. 이하 이 조에서 같다)]의 회전시험을 하는 경우 고속회전체의 파괴로 인한 위험을 방지하기 위하여 전용의 견고한 시설물의 내부 또는 견고한 장벽 등으로 격리된 장소에서 하여야 한다. 다만, 고속회전체(제115조에 따른 고속회전체는 제외한다)의 회전시험으로서 시험설비에 견고한 덮개를 설치하는 등 그 고속회전체의 파괴에 의한 위험을 방지하기 위하여 필요한 조치를 한 경우에는 그러하지 아니하다."
89355bdc-8b2d-523c-97f8-9fd0d8ed5d1f,22d8c3b8-0a41-5f1e-b59a-e506b09a267c,MODIFICATION,압력방출장치가 2개 이상 설치된 경우,"최고사용압력 이하에서 1개가 작동되고, 다른 압력방출장치는 최고사용압력 1.05배 이하에서 작동되도록 부착하여야 한다.",paragraph,66c13727934f8174044060b0f2750aa2fd0b3a48,"① 사업주는 보일러의 안전한 가동을 위하여 보일러 규격에 맞는 압력방출장치를 1개 또는 2개 이상 설치하고 최고사용압력(설계압력 또는 최고허용압력을 말한다. 이하 같다) 이하에서 작동되도록 하여야 한다. 다만, 압력방출장치가 2개 이상 설치된 경우에는 최고사용압력 이하에서 1개가 작동되고, 다른 압력방출장치는 최고사용압력 1.05배 이하에서 작동되도록 부착하여야 한다."
b6a7669f-8c6f-57e4-917a-9e73c3cd83cb,3ce55b00-b591-5242-bb43-dbab12d50f9c,MODIFICATION,"영 제43조에 따른 공정안전보고서 제출 대상으로서 고용노동부장관이 실시하는 공정안전보고서 이행상태 평가결과가 우수한 사업장은 압력방출장치에 대하여 4년마다 1회 이상 설정압력에서 압력방출장치가 적정하게 작동하는지를 검사할 수 있다. <개정 2013.3.23, 2019.12.26, 2025.10.1>",앞 규칙의 적용 범위 또는 내용을 수정,paragraph,fe1052e321fcbed14e3b28e80141d99a02cda96f,"② 제1항의 압력방출장치는 매년 1회 이상 「국가표준기본법」 제14조제3항에 따라 산업통상부장관의 지정을 받은 국가교정업무 전담기관(이하 ""국가교정기관""이라 한다)에서 교정을 받은 압력계를 이용하여 설정압력에서 압력방출장치가 적정하게 작동하는지를 검사한 후 납으로 봉인하여 사용하여야 한다. 다만, 영 제43조에 따른 공정안전보고서 제출 대상으로서 고용노동부장관이 실시하는 공정안전보고서 이행상태 평가결과가 우수한 사업장은 압력방출장치에 대하여 4년마다 1회 이상 설정압력에서 압력방출장치가 적정하게 작동하는지를 검사할 수 있다. <개정 2013.3.23, 2019.12.26, 2025.10.1>"
42581fc1-0ce6-5c91-b06a-e4fbb647896f,f2fad968-664b-56c4-8041-5ba44be0238c,EXCLUSION,제126조(버프연마기의 덮개) 사업주는 버프연마기(천 또는 코르크 등을 사용하는 버프연마기는 제외한다)의 연마에 필요한 부위를 제외하고는 덮개를 설치하여야 한다.,해당 범위를 앞 규칙 적용 대상에서 제외,paragraph,87e28e2d073ca9cf0565558c5ca9b19ec3c78f8e,제126조(버프연마기의 덮개) 사업주는 버프연마기(천 또는 코르크 등을 사용하는 버프연마기는 제외한다)의 연마에 필요한 부위를 제외하고는 덮개를 설치하여야 한다.
7b6ae55d-a6aa-5918-ab30-c81d9d0239f3,117f6f19-2b29-5975-a3e1-9d08b495378f,EXCLUSION,"을 손으로 직접 넣어 분쇄하는 기계의 작동 부분이 근로자를 위험하게 할 우려가 있는 경우 식품 등을 분쇄기에 넣거나 꺼내는 데에 필요한 부위를 제외하고는 덮개를 설치하고, 분쇄물투입용 보조기구를 사용하도록 하는 등 근로자의 손 등이 말려 들어가지 않도록 필요한 조치를 하여야 한다. <개정 202",해당 범위를 앞 규칙 적용 대상에서 제외,paragraph,171e7f3cc76f993a2ded6cc0015803c05a6dcea7,"① 사업주는 식품 등을 손으로 직접 넣어 분쇄하는 기계의 작동 부분이 근로자를 위험하게 할 우려가 있는 경우 식품 등을 분쇄기에 넣거나 꺼내는 데에 필요한 부위를 제외하고는 덮개를 설치하고, 분쇄물투입용 보조기구를 사용하도록 하는 등 근로자의 손 등이 말려 들어가지 않도록 필요한 조치를 하여야 한다. <개정 2024.6.28>"
627cf055-affa-57bc-ae5b-fbf6a9a76367,c6c7aa48-0386-5c31-82bf-963a80bf183d,MODIFICATION,달기구는 정격하중만 표시한다.,앞 규칙의 적용 범위 또는 내용을 수정,paragraph,10d2f42c7bb5ab33297f45309992f9929c76edb4,"제133조(정격하중 등의 표시) 사업주는 양중기(승강기는 제외한다) 및 달기구를 사용하여 작업하는 운전자 또는 작업자가 보기 쉬운 곳에 해당 기계의 정격하중, 운전속도, 경고표시 등을 부착하여야 한다. 다만, 달기구는 정격하중만 표시한다."
ed6ed2cb-28ef-5568-afae-e9a4f78492ee,94180cfd-f484-5d3a-92e4-f2d34c26b864,EXCLUSION,하중시험 또는 안전도시험을 하는 경우,그러하지 아니하다.,paragraph,4ad16a5272a40cdf30ac057d28dedce9bb697302,"제136조(안전밸브의 조정) 사업주는 유압을 동력으로 사용하는 크레인의 과도한 압력상승을 방지하기 위한 안전밸브에 대하여 정격하중(지브 크레인은 최대의 정격하중으로 한다)을 건 때의 압력 이하로 작동되도록 조정하여야 한다. 다만, 하중시험 또는 안전도시험을 하는 경우 그러하지 아니하다."
a83d6663-edc9-5cb3-9c62-e2c9258c75e2,aec63f49-175b-517e-9f3d-7b7eb6c2de2a,MODIFICATION,지지할 벽체가 없는 등 부득이한 경우,와이어로프에 의하여 지지할 수 있다. <개정 2013.3.21>,paragraph,db188d9c0766354205424ed14dae998888b348f9,"① 사업주는 타워크레인을 자립고(自立高) 이상의 높이로 설치하는 경우 건축물 등의 벽체에 지지하도록 하여야 한다. 다만, 지지할 벽체가 없는 등 부득이한 경우에는 와이어로프에 의하여 지지할 수 있다. <개정 2013.3.21>"
d26957c0-b0c8-58e1-a289-9045fa3ce7db,cae2ed7f-4012-5493-b978-287321329b58,MODIFICATION,그 통로 중 건설물의 기둥에 접촉하는 부분에 대해서는 0.4미터 이상으로 할 수 있다.,앞 규칙의 적용 범위 또는 내용을 수정,paragraph,d958234882b932e88319938b216e023d31710b17,"① 사업주는 주행 크레인 또는 선회 크레인과 건설물 또는 설비와의 사이에 통로를 설치하는 경우 그 폭을 0.6미터 이상으로 하여야 한다. 다만, 그 통로 중 건설물의 기둥에 접촉하는 부분에 대해서는 0.4미터 이상으로 할 수 있다."
f2024f56-b68a-593d-a81d-ed5e9e4d4cad,5007b79a-1a00-5ccf-b97b-3f0efc27b7f6,EXCLUSION,하중시험 또는 안전도시험을 실시할 때에 시험하중에 맞는 압력으로 작동될 수 있도록 조정한 경우,그러하지 아니하다.,paragraph,02fb42d0daa291fbd85ef9b401df629b29763d02,"제148조(안전밸브의 조정) 사업주는 유압을 동력으로 사용하는 이동식 크레인의 과도한 압력상승을 방지하기 위한 안전밸브에 대하여 최대의 정격하중을 건 때의 압력 이하로 작동되도록 조정하여야 한다. 다만, 하중시험 또는 안전도시험을 실시할 때에 시험하중에 맞는 압력으로 작동될 수 있도록 조정한 경우에는 그러하지 아니하다."
2843dfd3-7a36-5c3c-a8e0-41096b3fe3eb,127cb696-eda0-5ec5-a727-0e8d74a03757,EXCLUSION,제39조에 따른 작업지휘자 또는 유도자를 배치하고 그 차량계 하역운반기계등을 유도하는 경우,그러하지 아니하다.,paragraph,c62197b7a3e4d5dc702d55d146362491f83c7c2b,"① 사업주는 차량계 하역운반기계등을 사용하여 작업을 하는 경우에 하역 또는 운반 중인 화물이나 그 차량계 하역운반기계등에 접촉되어 근로자가 위험해질 우려가 있는 장소에는 근로자를 출입시켜서는 아니 된다. 다만, 제39조에 따른 작업지휘자 또는 유도자를 배치하고 그 차량계 하역운반기계등을 유도하는 경우에는 그러하지 아니하다."
c5003eb3-7d04-5506-a32f-a2a7130b84b9,c58d7d72-7d99-5e5b-a1a2-4786e966e2bc,EXCLUSION,근로자가 위험해질 우려가 없는 경우,그러하지 아니하다.,paragraph,34fa57f58a46d7d19961ca9cc133f07d5779dc50,"제175조(주용도 외의 사용 제한) 사업주는 차량계 하역운반기계등을 화물의 적재ㆍ하역 등 주된 용도에만 사용하여야 한다. 다만, 근로자가 위험해질 우려가 없는 경우에는 그러하지 아니하다."
33fe6048-cda7-5daa-922f-9a6400e0b6c9,fde695ba-c57c-53fc-9793-341f0aba8858,EXCLUSION,작업을 안전하게 수행하기 위하여 필요한 조명이 확보되어 있는 장소에서 사용하는 경우,"그러하지 아니하다. <개정 2019.1.31, 2019.12.26>",paragraph,109d958374bdda080d2517bb26b1dc5b2ebf3b19,"① 사업주는 전조등과 후미등을 갖추지 아니한 지게차를 사용해서는 아니 된다. 다만, 작업을 안전하게 수행하기 위하여 필요한 조명이 확보되어 있는 장소에서 사용하는 경우에는 그러하지 아니하다. <개정 2019.1.31, 2019.12.26>"
c6fb9a0d-0478-574d-bf62-e87d5c916ca3,fdadb5ce-7140-595f-8352-7e320b731ae1,EXCLUSION,마스트의 후방에서 화물이 낙하함으로써 근로자가 위험해질 우려가 없는 경우,그러하지 아니하다.,paragraph,7530f0e15bda5056d9cbf3cec5c7879bcea0952d,"제181조(백레스트) 사업주는 백레스트(backrest)를 갖추지 아니한 지게차를 사용해서는 아니 된다. 다만, 마스트의 후방에서 화물이 낙하함으로써 근로자가 위험해질 우려가 없는 경우에는 그러하지 아니하다."
ffb5efe1-7867-50c6-a95e-0d479af7118f,92017e2c-3e05-5993-a7bb-2696bc2993da,EXCLUSION,무동력상태 또는 수평상태로만 사용하여 근로자가 위험해질 우려가 없는 경우,그러하지 아니하다.,paragraph,4405370870853e28ecb74eff19a1f24b4bb870bf,"제191조(이탈 등의 방지) 사업주는 컨베이어, 이송용 롤러 등(이하 ""컨베이어등""이라 한다)을 사용하는 경우에는 정전ㆍ전압강하 등에 따른 화물 또는 운반구의 이탈 및 역주행을 방지하는 장치를 갖추어야 한다. 다만, 무동력상태 또는 수평상태로만 사용하여 근로자가 위험해질 우려가 없는 경우에는 그러하지 아니하다."
73fac4d8-830e-549f-9412-382edb8f59e2,f22cda67-1557-5191-9a9e-7529ab9f0e33,EXCLUSION,무동력상태로만 사용하여 근로자가 위험해질 우려가 없는 경우,그러하지 아니하다.,paragraph,839f8fcc6608f58ccdb037f78a3ff10fbf1ef80f,"제192조(비상정지장치) 사업주는 컨베이어등에 해당 근로자의 신체의 일부가 말려드는 등 근로자가 위험해질 우려가 있는 경우 및 비상시에는 즉시 컨베이어등의 운전을 정지시킬 수 있는 장치를 설치하여야 한다. 다만, 무동력상태로만 사용하여 근로자가 위험해질 우려가 없는 경우에는 그러하지 아니하다."
de6eb3d3-0675-5774-ab83-a80fe0277b7b,b532dbc3-51a1-55e0-99bf-0493f5ef93bc,EXCLUSION,작업을 안전하게 수행하기 위하여 필요한 조명이 있는 장소에서 사용하는 경우,그러하지 아니하다.,paragraph,c62ebc19d1fb241719d10d0989a8968963d13289,"제197조(전조등의 설치) 사업주는 차량계 건설기계에 전조등을 갖추어야 한다. 다만, 작업을 안전하게 수행하기 위하여 필요한 조명이 있는 장소에서 사용하는 경우에는 그러하지 아니하다."
181cfd58-a879-5a4c-935f-feadaa484bdc,1ae99be0-1a44-538c-bf13-a76b4a661f5f,EXCLUSION,유도자를 배치하고 해당 차량계 건설기계를 유도하는 경우,그러하지 아니하다.,paragraph,385cc3b10feb1f6f141a721848aa1d616093de6c,"① 사업주는 차량계 건설기계를 사용하여 작업을 하는 경우에는 운전 중인 해당 차량계 건설기계에 접촉되어 근로자가 부딪칠 위험이 있는 장소에 근로자를 출입시켜서는 아니 된다. 다만, 유도자를 배치하고 해당 차량계 건설기계를 유도하는 경우에는 그러하지 아니하다."
2de4448e-d746-55b4-9b70-c08686bff055,04586653-1909-5d3f-8bae-c3e7ed495d7b,EXCLUSION,근로자가 위험해질 우려가 없는 경우,그러하지 아니하다.,paragraph,d37dda22f773c4ca95f650d64fbe64e5ff512c48,"제204조(주용도 외의 사용 제한) 사업주는 차량계 건설기계를 그 기계의 주된 용도에만 사용하여야 한다. 다만, 근로자가 위험해질 우려가 없는 경우에는 그러하지 아니하다."
428dd26c-1f9a-52b3-8318-9aca5ed5daec,c118f39b-5b85-5c65-a0a3-a900c0b57d71,MODIFICATION,고용노동부장관이 해당 로봇의 안전기준이 한국산업표준에서 정하고 있는 안전기준 또는 국제적으로 통용되는 안전기준에 부합한다고 인정하는 경우,"본문에 따른 조치를 하지 않을 수 있다. <개정 2016.4.7, 2018.8.14, 2022.10.18, 2024.6.28>",paragraph,fd6e6837072f591bc899305a96a1d734b1590fe2,"제223조(운전 중 위험 방지) 사업주는 로봇의 운전(제222조에 따른 교시 등을 위한 로봇의 운전과 제224조 단서에 따른 로봇의 운전은 제외한다)으로 인하여 근로자에게 발생할 수 있는 부상 등의 위험을 방지하기 위하여 높이 1.8미터 이상의 울타리(로봇의 가동범위 등을 고려하여 높이로 인한 위험성이 없는 경우에는 높이를 그 이하로 조절할 수 있다)를 설치해야 하며, 컨베이어 시스템의 설치 등으로 울타리를 설치할 수 없는 일부 구간에 대해서는 안전매트 또는 광전자식 방호장치 등 감응형 방호장치를 설치해야 한다. 다만, 고용노동부장관이 해당 로봇의 안전기준이 한국산업표준에서 정하고 있는 안전기준 또는 국제적으로 통용되는 안전기준에 부합한다고 인정하는 경우에는 본문에 따른 조치를 하지 않을 수 있다. <개정 2016.4.7, 2018.8.14, 2022.10.18, 2024.6.28>"
aaf4b730-155d-512f-879b-cc2db892a6cb,094cf5ed-5f7f-5fc2-b6cd-82bea0291899,EXCLUSION,로봇의 운전 중에 작업을 하지 아니하면 안되는 경우로서 해당 로봇의 예기치 못한 작동 또는 오조작에 의한 위험을 방지하기 위하여 제222조 각 호의 조치를 한 경우,그러하지 아니하다.,paragraph,0eed40e5dd29f938286943cff7fb0c7f3b080d65,"제224조(수리 등 작업 시의 조치 등) 사업주는 로봇의 작동범위에서 해당 로봇의 수리ㆍ검사ㆍ조정(교시 등에 해당하는 것은 제외한다)ㆍ청소ㆍ급유 또는 결과에 대한 확인작업을 하는 경우에는 해당 로봇의 운전을 정지함과 동시에 그 작업을 하고 있는 동안 로봇의 기동스위치를 열쇠로 잠근 후 열쇠를 별도 관리하거나 해당 로봇의 기동스위치에 작업 중이란 내용의 표지판을 부착하는 등 해당 작업에 종사하고 있는 근로자가 아닌 사람이 해당 기동스위치를 조작할 수 없도록 필요한 조치를 하여야 한다. 다만, 로봇의 운전 중에 작업을 하지 아니하면 안되는 경우로서 해당 로봇의 예기치 못한 작동 또는 오조작에 의한 위험을 방지하기 위하여 제222조 각 호의 조치를 한 경우에는 그러하지 아니하다."
00653fad-a699-5546-b911-6f0cd22298a4,32421c5f-3e7f-513f-a17e-710e40c83112,MODIFICATION,한국산업표준에 따른 0종 또는 1종 폭발위험장소에 해당하는 경우로서 제311조에 따라 방폭구조 전기기계ㆍ기구를 설치한 경우,그렇지 않다. <개정 2022.10.18>,paragraph,5d9d43526af120e97f907c8e9679e077d9131205,"② 사업주는 제1항에 따른 증기나 가스에 의한 폭발이나 화재를 미리 감지하기 위하여 가스 검지 및 경보 성능을 갖춘 가스 검지 및 경보 장치를 설치해야 한다. 다만, 한국산업표준에 따른 0종 또는 1종 폭발위험장소에 해당하는 경우로서 제311조에 따라 방폭구조 전기기계ㆍ기구를 설치한 경우에는 그렇지 않다. <개정 2022.10.18>"
1310552d-e747-594c-a6e7-c4e48b572d2f,7ebd2f8a-2943-515f-a450-91fba89fe1c2,EXCLUSION,접촉방지를 위한 조치를 한 경우,그러하지 아니하다.,paragraph,56af3bcd1849898e7caaab90b6ae1a2a8f9e027d,"제235조(서로 다른 물질의 접촉에 의한 발화 등의 방지) 사업주는 서로 다른 물질끼리 접촉함으로 인하여 해당 물질이 발화하거나 폭발할 위험이 있는 경우에는 해당 물질을 가까이 저장하거나 동일한 운반기에 적재해서는 아니 된다. 다만, 접촉방지를 위한 조치를 한 경우에는 그러하지 아니하다."
18be4925-9874-5857-b88a-db8691305833,b0095eef-9b75-5d0e-b630-86f375592773,MODIFICATION,같은 장소에서 상시ㆍ반복적으로 화재위험작업을 하는 경우,생략할 수 있다. <신설 2019.12.26>,paragraph,14ccbf361c7cf11b09da8a9c12a1b0f66f45d47c,"④ 사업주는 화재위험작업이 시작되는 시점부터 종료 될 때까지 작업내용, 작업일시, 안전점검 및 조치에 관한 사항 등을 해당 작업장소에 서면으로 게시해야 한다. 다만, 같은 장소에서 상시ㆍ반복적으로 화재위험작업을 하는 경우에는 생략할 수 있다. <신설 2019.12.26>"
f45b8f3e-f820-51ef-9fff-f09e67056503,08828df1-dbb8-5e1d-a3f4-20ba2f122de2,MODIFICATION,"같은 장소에서 상시ㆍ반복적으로 용접ㆍ용단작업을 할 때 경보용 설비ㆍ기구, 소화설비 또는 소화기가 갖추어진 경우","화재감시자를 지정ㆍ배치하지 않을 수 있다. <개정 2019.12.26, 2021.5.28>",paragraph,0f20982dc6f1d495d8daea214108bd912e9db45e,"① 사업주는 근로자에게 다음 각 호의 어느 하나에 해당하는 장소에서 용접ㆍ용단 작업을 하도록 하는 경우에는 화재감시자를 지정하여 용접ㆍ용단 작업 장소에 배치해야 한다. 다만, 같은 장소에서 상시ㆍ반복적으로 용접ㆍ용단작업을 할 때 경보용 설비ㆍ기구, 소화설비 또는 소화기가 갖추어진 경우에는 화재감시자를 지정ㆍ배치하지 않을 수 있다. <개정 2019.12.26, 2021.5.28>"
bac2f0cb-8d7d-5f82-a63c-bc0553993a8b,dba47055-aa9b-526f-a544-744b718e49b5,EXCLUSION,수쇄(水碎)처리를 하는 경우,그러하지 아니하다.,paragraph,64ba6f7077a9cb7a0510c4ce837fdd36d813d2ef,"제251조(고열의 금속찌꺼기 물처리 등) 사업주는 고열의 금속찌꺼기를 물로 처리하거나 폐기하는 작업을 하는 경우에는 수증기 폭발을 방지하기 위하여 배수가 잘되는 장소에서 작업을 하여야 한다. 다만, 수쇄(水碎)처리를 하는 경우에는 그러하지 아니하다."
72a1347b-d8e0-5277-b8cd-7ba4ace3421c,4d433234-09d1-5455-b7fa-509a14cc123f,EXCLUSION,수쇄처리를 하는 경우,그러하지 아니하다.,paragraph,e4a1d8d0730dc4a165b23576e41794375261fa70,"제252조(고열 금속찌꺼기 처리작업) 사업주는 고열의 금속찌꺼기를 물로 처리하거나 폐기하는 작업을 하는 경우에는 수증기 폭발을 방지하기 위하여 제251조 본문의 장소에 물이 고이지 않음을 확인한 후에 작업을 하여야 한다. 다만, 수쇄처리를 하는 경우에는 그러하지 아니하다."
47f3cf63-a19a-5f5d-974c-35316c30db1b,2e3913e9-360b-557f-be99-34bec9f8d88a,EXCLUSION,안전밸브등에 상응하는 방호장치를 설치한 경우,그러하지 아니하다. <개정 2024.6.28>,paragraph,55f6e449c604f7480abc93c0abf4ececd34cb4e9,"① 사업주는 다음 각 호의 어느 하나에 해당하는 설비에 대해서는 과압에 따른 폭발을 방지하기 위하여 폭발 방지 성능과 규격을 갖춘 안전밸브 또는 파열판(이하 ""안전밸브등""이라 한다)을 설치하여야 한다. 다만, 안전밸브등에 상응하는 방호장치를 설치한 경우에는 그러하지 아니하다. <개정 2024.6.28>"
77a04a54-a642-5783-b073-48dcee25c751,c92ed607-2fdf-521d-a7af-c4a4b5af1509,EXCLUSION,공기나 질소취급용기 등에 설치된 안전밸브 중 안전밸브 자체에 부착된 레버 또는 고리를 통하여 수시로 안전밸브가 적정하게 작동하는지를 확인할 수 있는 경우,"검사하지 아니할 수 있고 납으로 봉인하지 아니할 수 있다. <개정 2019.12.26, 2024.6.28>",paragraph,9a3eb60837f511060b7be4a7d1e5c3099b9fc3ca,"③ 제1항에 따라 설치된 안전밸브에 대해서는 다음 각 호의 구분에 따른 검사주기마다 국가교정기관에서 교정을 받은 압력계를 이용하여 설정압력에서 안전밸브가 적정하게 작동하는지를 검사한 후 납으로 봉인하여 사용하여야 한다. 다만, 공기나 질소취급용기 등에 설치된 안전밸브 중 안전밸브 자체에 부착된 레버 또는 고리를 통하여 수시로 안전밸브가 적정하게 작동하는지를 확인할 수 있는 경우에는 검사하지 아니할 수 있고 납으로 봉인하지 아니할 수 있다. <개정 2019.12.26, 2024.6.28>"
d10fe73f-ce8f-59b7-be69-3798390ac732,dc1dec0f-9ad2-5e5e-81d8-1a094a75b267,MODIFICATION,안전밸브등이 2개 이상 설치된 경우에 1개는 최고사용압력의 1.05배(외부화재를 대비한 경우,1.1배) 이하에서 작동되도록 설치할 수 있다.,paragraph,f66c06123e0923a4ecded53a0d44cc41436f62e3,"제264조(안전밸브등의 작동요건) 사업주는 제261조제1항에 따라 설치한 안전밸브등이 안전밸브등을 통하여 보호하려는 설비의 최고사용압력 이하에서 작동되도록 하여야 한다. 다만, 안전밸브등이 2개 이상 설치된 경우에 1개는 최고사용압력의 1.05배(외부화재를 대비한 경우에는 1.1배) 이하에서 작동되도록 설치할 수 있다."
a2cede53-4c22-530d-8cef-39fca2a52cbd,b8ae5f54-19e9-56bc-ace7-0a098d1efdf1,MODIFICATION,"대기로 연결된 통기관에 화염방지 기능이 있는 통기밸브가 설치되어 있거나, 인화점이 섭씨 38도 이상 60도 이하인 인화성 액체를 저장ㆍ취급할 때에 화염방지 기능을 가지는 인화방지망을 설치한 경우",그렇지 않다. <개정 2022.10.18>,paragraph,a99cafefae22db539e0bc8d48d489fca561851ee,"① 사업주는 인화성 액체 및 인화성 가스를 저장ㆍ취급하는 화학설비에서 증기나 가스를 대기로 방출하는 경우에는 외부로부터의 화염을 방지하기 위하여 화염방지기를 그 설비 상단에 설치해야 한다. 다만, 대기로 연결된 통기관에 화염방지 기능이 있는 통기밸브가 설치되어 있거나, 인화점이 섭씨 38도 이상 60도 이하인 인화성 액체를 저장ㆍ취급할 때에 화염방지 기능을 가지는 인화방지망을 설치한 경우에는 그렇지 않다. <개정 2022.10.18>"
d50fd7e3-c7fb-5d5c-a27e-bf5de2e1d834,a257ff52-aab6-5927-9f2b-13ec5e84404a,EXCLUSION,건축물 등의 주변에 화재에 대비하여 물 분무시설 또는 폼 헤드(foam head)설비 등의 자동소화설비를 설치하여 건축물 등이 화재시에 2시간 이상 그 안전성을 유지할 수 있도록 한 경우,내화구조로 하지 아니할 수 있다.,paragraph,fb78c45782956c1c523a6fb720c9a4706d3ceb6a,"① 사업주는 제230조제1항에 따른 가스폭발 위험장소 또는 분진폭발 위험장소에 설치되는 건축물 등에 대해서는 다음 각 호에 해당하는 부분을 내화구조로 하여야 하며, 그 성능이 항상 유지될 수 있도록 점검ㆍ보수 등 적절한 조치를 하여야 한다. 다만, 건축물 등의 주변에 화재에 대비하여 물 분무시설 또는 폼 헤드(foam head)설비 등의 자동소화설비를 설치하여 건축물 등이 화재시에 2시간 이상 그 안전성을 유지할 수 있도록 한 경우에는 내화구조로 하지 아니할 수 있다."
615494db-5c63-5e58-954d-145a241a6d1b,ce4c74d7-0d6e-595b-a202-3fdf0f38b63e,EXCLUSION,"다른 법령에 따라 안전거리 또는 보유공지를 유지하거나, 법 제44조에 따른 공정안전보고서를 제출하여 피해최소화를 위한 위험성 평가를 통하여 그 안전성을 확인받은 경우",그러하지 아니하다. <개정 2019.12.26>,paragraph,8bd55aa477d7deacbb81c0c7a6727bafaf7a4d2c,"제271조(안전거리) 사업주는 별표 1 제1호부터 제5호까지의 위험물을 저장ㆍ취급하는 화학설비 및 그 부속설비를 설치하는 경우에는 폭발이나 화재에 따른 피해를 줄일 수 있도록 별표 8에 따라 설비 및 시설 간에 충분한 안전거리를 유지하여야 한다. 다만, 다른 법령에 따라 안전거리 또는 보유공지를 유지하거나, 법 제44조에 따른 공정안전보고서를 제출하여 피해최소화를 위한 위험성 평가를 통하여 그 안전성을 확인받은 경우에는 그러하지 아니하다. <개정 2019.12.26>"
8f339e69-9029-529c-b4e0-e081c23abde4,df7ef0d7-4209-53dd-883f-2675628b26da,MODIFICATION,자동경보장치를 설치하는 것이 곤란한 경우,감시인을 두고 그 특수화학설비의 운전 중 설비를 감시하도록 하는 등의 조치를 하여야 한다.,paragraph,357ae82d806ac1674ffff98959591cc59f648346,"제274조(자동경보장치의 설치 등) 사업주는 특수화학설비를 설치하는 경우에는 그 내부의 이상 상태를 조기에 파악하기 위하여 필요한 자동경보장치를 설치하여야 한다. 다만, 자동경보장치를 설치하는 것이 곤란한 경우에는 감시인을 두고 그 특수화학설비의 운전 중 설비를 감시하도록 하는 등의 조치를 하여야 한다."
2de309c7-a6dd-51db-b08d-e7c1d1413ecf,b67c4463-099f-5eb3-b222-73d49e2c176a,MODIFICATION,"제품 등의 방출, 불활성가스의 주입이나 냉각용수 등의 공급을 위하여 필요한 장치 등을 설치하여야 한다.",앞 규칙의 적용 범위 또는 내용을 수정,paragraph,78754b949053b5c05c8e92af7307a12fd1a4e728,"① 사업주는 특수화학설비를 설치하는 경우에는 이상 상태의 발생에 따른 폭발ㆍ화재 또는 위험물의 누출을 방지하기 위하여 원재료 공급의 긴급차단, 제품 등의 방출, 불활성가스의 주입이나 냉각용수 등의 공급을 위하여 필요한 장치 등을 설치하여야 한다."
f450c811-bf46-58e6-af48-9bb830c9bc8a,e8b673cd-d1f1-56c3-8407-1572501f392b,MODIFICATION,기종을 분리하고 발생기를 세척한 후 보관하는 경우,임의의 장소에 보관할 수 있다.,paragraph,b850c5a826e3830eedca0b33035e3ada4b3d9ba5,"제288조(격납실) 사업주는 사용하지 않고 있는 이동식 아세틸렌 용접장치를 보관하는 경우에는 전용의 격납실에 보관하여야 한다. 다만, 기종을 분리하고 발생기를 세척한 후 보관하는 경우에는 임의의 장소에 보관할 수 있다."
9a24780e-7d3c-533e-ac00-b5cd7e6661b0,24f5c821-efa9-59ac-a351-9a7d2d08ddb1,EXCLUSION,주관 및 취관에 가장 가까운 분기관(分岐管)마다 안전기를 부착한 경우,그러하지 아니하다.,paragraph,382ba1996f6310ee960784bd0b885c151e5b8b13,"① 사업주는 아세틸렌 용접장치의 취관마다 안전기를 설치하여야 한다. 다만, 주관 및 취관에 가장 가까운 분기관(分岐管)마다 안전기를 부착한 경우에는 그러하지 아니하다."
846390aa-67fc-5847-8ffe-f9dbfe5b32e2,f468a848-dac9-5e7e-91a2-e2d5f42ada81,EXCLUSION,이동하면서 사용하는 가스집합장치의 경우,그러하지 아니하다.,paragraph,2bebeb76d04592d8b45f314035d41e79909ab3a8,"② 사업주는 제1항의 가스집합장치를 설치하는 경우에는 전용의 방(이하 ""가스장치실""이라 한다)에 설치하여야 한다. 다만, 이동하면서 사용하는 가스집합장치의 경우에는 그러하지 아니하다."
1538fc63-5d7f-5a75-ba50-fcad2ae78ece,a5f8376d-9dc6-5b6c-85fe-cd76664f01bc,MODIFICATION,해당 작업을 마친 후 즉시 해당 가스를 배출한 경우 또는 해당 가스가 남아있음을 표시하는 등 근로자가 압송에 사용한 설비의 내부에 출입하여도 질식 위험이 발생할 우려가 없도록 조치한 경우,질소나 이산화탄소를 사용할 수 있다. <개정 2023.11.14>,paragraph,64a2e7f154b114d4ad4c04ae4dbc987e8a4becd2,"제298조(공기 외의 가스 사용 제한) 사업주는 압축한 가스의 압력을 사용하여 별표 1의 부식성 액체를 압송하는 작업을 하는 경우에는 공기가 아닌 가스를 해당 압축가스로 사용해서는 안 된다. 다만, 해당 작업을 마친 후 즉시 해당 가스를 배출한 경우 또는 해당 가스가 남아있음을 표시하는 등 근로자가 압송에 사용한 설비의 내부에 출입하여도 질식 위험이 발생할 우려가 없도록 조치한 경우에는 질소나 이산화탄소를 사용할 수 있다. <개정 2023.11.14>"
b9420725-a402-5ff8-9565-f7354e527f5c,f9b9e410-6a13-55f3-a4f1-3a99ed93aa9c,MODIFICATION,③ 다음 각 호의 어느 하나 제1항과 제2항을 적용하지,앞 규칙의 적용 범위 또는 내용을 수정,paragraph,8fc0f496064742decd0f0a34c3463563737d9ca5,"③ 다음 각 호의 어느 하나에 해당하는 경우에는 제1항과 제2항을 적용하지 않는다. <개정 2019.1.31, 2021.11.19>"
e1a50994-35c0-59ee-8391-c3b6834bfb34,3b0c0548-bfcf-5246-bfb3-bd4a53e92561,EXCLUSION,그 단로기등에 전로가 무부하로 되지 아니하면 개로ㆍ폐로할 수 없도록 하는 연동장치를 설치한 경우,그러하지 아니하다.,paragraph,d4d64a0818e2194a639c74b27a6e8c3319c96412,"제307조(단로기 등의 개폐) 사업주는 부하전류를 차단할 수 없는 고압 또는 특별고압의 단로기(斷路機) 또는 선로개폐기(이하 ""단로기등""이라 한다)를 개로(開路)ㆍ폐로(閉路)하는 경우에는 그 단로기등의 오조작을 방지하기 위하여 근로자에게 해당 전로가 무부하(無負荷)임을 확인한 후에 조작하도록 주의 표지판 등을 설치하여야 한다. 다만, 그 단로기등에 전로가 무부하로 되지 아니하면 개로ㆍ폐로할 수 없도록 하는 연동장치를 설치한 경우에는 그러하지 아니하다."
a8926511-2d91-5a18-ad2f-5c0f9dec4fa5,83464079-167b-551c-825e-7134fe85a94c,EXCLUSION,작업공간을 확보하는 것이 곤란하여 근로자에게 절연용 보호구를 착용하도록 한 경우,그러하지 아니하다.,paragraph,72c4a2b00236193c7a78408f44ee74296f6b7f08,"① 사업주는 전기기계ㆍ기구의 조작부분을 점검하거나 보수하는 경우에는 근로자가 안전하게 작업할 수 있도록 전기 기계ㆍ기구로부터 폭 70센티미터 이상의 작업공간을 확보하여야 한다. 다만, 작업공간을 확보하는 것이 곤란하여 근로자에게 절연용 보호구를 착용하도록 한 경우에는 그러하지 아니하다."
25853fdb-6a71-5ab8-a62a-d9c24193f319,d15e9b77-b761-59c4-9f97-a14ce29855e4,EXCLUSION,차량이나 그 밖의 물체의 통과 등으로 인하여 해당 전선의 절연피복이 손상될 우려가 없거나 손상되지 않도록 적절한 조치를 하여 사용하는 경우,그러하지 아니하다.,paragraph,300dadf4991a6cc06f21728bebe103423e8ba147,"제315조(통로바닥에서의 전선 등 사용 금지) 사업주는 통로바닥에 전선 또는 이동전선등을 설치하여 사용해서는 아니 된다. 다만, 차량이나 그 밖의 물체의 통과 등으로 인하여 해당 전선의 절연피복이 손상될 우려가 없거나 손상되지 않도록 적절한 조치를 하여 사용하는 경우에는 그러하지 아니하다."
27905631-ed6d-5d8f-b7f4-94715a56d6e3,1fa7694f-39ac-5db4-a41b-3beb8e6964c1,EXCLUSION,다음 각 호의 경우,그러하지 아니하다.,paragraph,06db00bba560196d2e2fd39fc50e5ea4440fffd3,"① 사업주는 근로자가 노출된 충전부 또는 그 부근에서 작업함으로써 감전될 우려가 있는 경우에는 작업에 들어가기 전에 해당 전로를 차단하여야 한다. 다만, 다음 각 호의 경우에는 그러하지 아니하다."
42a42e41-fba0-58d9-aaa5-b750c9133936,1f9d9d28-d8a4-5e11-a329-e93f06eaf363,EXCLUSION,전기와 접촉할 위험이 있는 경우,"도전성이 있는 금속제 울타리를 사용하거나, 제1항의 표에 정한 접근 한계거리 이내에 설치해서는 아니 된다. <개정 2019.10.15>",paragraph,1ec535b1c9e8fd1ed3893ac53fdbc768765af4da,"② 사업주는 절연이 되지 않은 충전부나 그 인근에 근로자가 접근하는 것을 막거나 제한할 필요가 있는 경우에는 울타리를 설치하고 근로자가 쉽게 알아볼 수 있도록 하여야 한다. 다만, 전기와 접촉할 위험이 있는 경우에는 도전성이 있는 금속제 울타리를 사용하거나, 제1항의 표에 정한 접근 한계거리 이내에 설치해서는 아니 된다. <개정 2019.10.15>"
841f1df8-12bf-5ab0-8c91-dae6d6466444,037c9859-39a8-543a-9174-3f514aae184d,MODIFICATION,차량등의 높이를 낮춘 상태에서 이동하는 경우,이격거리를 120센티미터 이상(대지전압이 50킬로볼트를 넘는 경우에는 10킬로볼트 증가할 때마다 이격거리를 10센티미터씩 증가)으로 할 수 있다.,paragraph,04aadc0fa35a888042c48d7285a76792f97bb808,"① 사업주는 충전전로 인근에서 차량, 기계장치 등(이하 이 조에서 ""차량등""이라 한다)의 작업이 있는 경우에는 차량등을 충전전로의 충전부로부터 300센티미터 이상 이격시켜 유지시키되, 대지전압이 50킬로볼트를 넘는 경우 이격시켜 유지하여야 하는 거리(이하 이 조에서 ""이격거리""라 한다)는 10킬로볼트 증가할 때마다 10센티미터씩 증가시켜야 한다. 다만, 차량등의 높이를 낮춘 상태에서 이동하는 경우에는 이격거리를 120센티미터 이상(대지전압이 50킬로볼트를 넘는 경우에는 10킬로볼트 증가할 때마다 이격거리를 10센티미터씩 증가)으로 할 수 있다."
903e2393-9de6-5d1f-9af4-efa47afee892,879d03e3-84ba-54ba-af7d-bc98bdb2589c,EXCLUSION,③ 사업주는 다음 각 호의 경우를 제외하고는 근로자가 차량등의 그 어느 부분과도 접촉하지 않도록 울타리를 설치하거나 감시인 배치 등의 조치를 하여야 한다. <개정 2019.10.15>,해당 범위를 앞 규칙 적용 대상에서 제외,paragraph,4d90c282db0dd426d4dde6e3fdc30a85ccffa62a,③ 사업주는 다음 각 호의 경우를 제외하고는 근로자가 차량등의 그 어느 부분과도 접촉하지 않도록 울타리를 설치하거나 감시인 배치 등의 조치를 하여야 한다. <개정 2019.10.15>
aa5a7c3f-7d20-50aa-bc61-a4e08d4e96c9,775de06f-5751-5b4f-acea-acea7f71d038,MODIFICATION,「건설기술 진흥법」 제44조제1항에 따른 건설기준에 맞게 작성한 설계도서상의 굴착면의 기울기를 준수하거나 흙막이 등 기울기면의 붕괴 방지를 위하여 적절한 조치를 한 경우,그렇지 않다.,paragraph,643b9cc79c12425857d823e6750859d7fecee086,"① 사업주는 지반 등을 굴착하는 경우 굴착면의 기울기를 별표 11의 기준에 맞도록 해야 한다. 다만, 「건설기술 진흥법」 제44조제1항에 따른 건설기준에 맞게 작성한 설계도서상의 굴착면의 기울기를 준수하거나 흙막이 등 기울기면의 붕괴 방지를 위하여 적절한 조치를 한 경우에는 그렇지 않다."
4cb8bf81-a2f6-5c47-9153-20ed847fc197,4b8d786d-6667-5085-979c-c0403fc8eae9,EXCLUSION,"제357조(점화물질 휴대 금지) 사업주는 작업의 성질상 부득이한 경우를 제외하고는 터널 내부에서 근로자가 화기, 성냥, 라이터, 그 밖에 발화위험이 있는 물건을 휴대하는 것을 금지하고, 그 내용을 터널의 출입구 부근의 보기",해당 범위를 앞 규칙 적용 대상에서 제외,paragraph,c2caf9ea9b5774b6da9abcbbd0f205851ab473c9,"제357조(점화물질 휴대 금지) 사업주는 작업의 성질상 부득이한 경우를 제외하고는 터널 내부에서 근로자가 화기, 성냥, 라이터, 그 밖에 발화위험이 있는 물건을 휴대하는 것을 금지하고, 그 내용을 터널의 출입구 부근의 보기 쉬운 장소에 게시하여야 한다."
9e22f6cf-6c6a-5981-99b4-3ac31233bf0d,e7ade2cc-d42f-5476-ae05-1bf5698ec279,EXCLUSION,제44조에 따른 안전대의 부착설비 등을 갖춘 경우,그러하지 아니하다.,paragraph,b39ffbd0cb4764a627668ed78b8a5507c5bbaa8b,"제382조(가설통로의 설치) 사업주는 철골작업을 하는 경우에 근로자의 주요 이동통로에 고정된 가설통로를 설치하여야 한다. 다만, 제44조에 따른 안전대의 부착설비 등을 갖춘 경우에는 그러하지 아니하다."
d8e91be7-aff5-5765-ade5-b9d3eca2ea82,964f152b-4329-5a56-919a-492510da709f,EXCLUSION,작업의 성질상 하역운반기계등을 사용하기 곤란한 경우,그러하지 아니하다.,paragraph,6172e0bdf882498a901767f270091c00d5ce524d,"제385조(중량물 취급) 사업주는 중량물을 운반하거나 취급하는 경우에 하역운반기계ㆍ운반용구(이하 ""하역운반기계등""이라 한다)를 사용하여야 한다. 다만, 작업의 성질상 하역운반기계등을 사용하기 곤란한 경우에는 그러하지 아니하다."
9932b987-d2a8-5301-8c75-6623d1de37cb,f9e1538f-0628-5516-bfe8-d96d07a35027,EXCLUSION,안전하게 통행할 수 있는 설비가 선박에 설치되어 있는 경우,그러하지 아니하다.,paragraph,7a34d4ceac304e6a740c33e2d6cc0a9d0728df30,"제394조(통행설비의 설치 등) 사업주는 갑판의 윗면에서 선창(船倉) 밑바닥까지의 깊이가 1.5미터를 초과하는 선창의 내부에서 화물취급작업을 하는 경우에 그 작업에 종사하는 근로자가 안전하게 통행할 수 있는 설비를 설치하여야 한다. 다만, 안전하게 통행할 수 있는 설비가 선박에 설치되어 있는 경우에는 그러하지 아니하다."
029ac210-ffc1-5e6c-a245-8ce9f337c156,43a30115-c3a3-56f8-8219-80842b6a16be,EXCLUSION,방망(防網) 및 방포(防布) 등 화물의 낙하를 방지하기 위한 설비를 설치한 경우,그러하지 아니하다.,paragraph,5f947772aa52f5081fb39463e18616eb90567b15,"제401조(동시 작업의 금지) 사업주는 같은 선창 내부의 다른 층에서 동시에 작업을 하도록 해서는 아니 된다. 다만, 방망(防網) 및 방포(防布) 등 화물의 낙하를 방지하기 위한 설비를 설치한 경우에는 그러하지 아니하다."
b9bb7e00-e4fe-5370-89a6-f144dc0ac777,349b722b-477a-5979-ad4c-2186c91145cc,EXCLUSION,작업의 성질상 보조슬링을 연결하여 사용하는 경우,화물에 직접 연결하는 훅은 그러하지 아니하다.,paragraph,a07b7336be9b27735e69e688f620315c87553972,"제403조(훅부착슬링의 사용) 사업주는 양화장치등을 사용하여 드럼통 등의 화물권상작업을 하는 경우에 그 화물이 벗어지거나 탈락하는 것을 방지하는 구조의 해지장치가 설치된 훅부착슬링을 사용하여야 한다. 다만, 작업의 성질상 보조슬링을 연결하여 사용하는 경우 화물에 직접 연결하는 훅은 그러하지 아니하다."
bc445322-16a9-5775-80da-1ad4a30251a8,e973994d-1047-5325-93f6-209e4e1da428,MODIFICATION,유압식 벌목기를 사용하는 경우,그렇지 않다. <개정 2021.11.19>,paragraph,3a71a49fcda69c11396462508fa9aabb7a51ccea,"① 사업주는 벌목작업 등을 하는 경우에 다음 각 호의 사항을 준수하도록 해야 한다. 다만, 유압식 벌목기를 사용하는 경우에는 그렇지 않다. <개정 2021.11.19>"
c56b796f-550b-5234-844e-1b8610f8d041,8bf8f41b-503d-5eff-a1a1-0505614cfdb0,EXCLUSION,선로순회 등 선로를 이동하면서 하는 단순점검의 경우,그러하지 아니하다.,paragraph,c0aa494016ad376caba79d8dd46a58c6a118452d,"① 사업주는 열차 운행에 의한 충돌사고가 발생할 우려가 있는 궤도를 보수ㆍ점검하는 경우에 열차운행감시인을 배치하여야 한다. 다만, 선로순회 등 선로를 이동하면서 하는 단순점검의 경우에는 그러하지 아니하다."
bd5f4543-fd3c-5685-b25c-732835880795,fe89a677-4add-566b-9035-017b55e7dacc,EXCLUSION,정확히 의사를 전달할 수 있는 무전기 등의 통신수단을 지급한 경우,연계 유도자를 따로 두지 아니할 수 있다. <개정 2019.10.15>,paragraph,550f52932cc2264b08bef3c3b4869f9d62353350,"① 입환기 운전자와 유도하는 사람 사이에는 서로 팔이나 기(旗) 또는 등(燈)에 의한 신호를 맨눈으로 확인하여 안전하게 작업하도록 하여야 하고, 맨눈으로 신호를 확인할 수 없는 곳에서의 입환작업은 연계(連繫) 유도자를 두어 작업하도록 하여야 한다. 다만, 정확히 의사를 전달할 수 있는 무전기 등의 통신수단을 지급한 경우에는 연계 유도자를 따로 두지 아니할 수 있다. <개정 2019.10.15>"
5f50d502-a1ef-5bfe-8fe2-0ac9d2d28482,4df3b435-1bb0-578f-8961-7909a1136c3b,EXCLUSION,유도하는 사람에 의하여 안전하게 작업을 하도록 하는 경우,그러하지 아니하다.,paragraph,316804aa5518085a968ad1372091d1470b18bcb9,"② 사업주는 입환기 운행선로로 다른 열차가 운행하는 것을 제한하여 운행열차와 근로자가 충돌할 위험을 방지하여야 한다. 다만, 유도하는 사람에 의하여 안전하게 작업을 하도록 하는 경우에는 그러하지 아니하다."
74b71618-c20a-5069-8d87-853bc2fa74c5,90ad1d02-eaaa-512c-90d3-1f4cca58622c,EXCLUSION,작업장소에 안전한 통로가 설치되어 열차와의 접촉위험이 없는 경우,그러하지 아니하다.,paragraph,386cd03b78c930df3068aa343cce16204f99e1e0,"④ 사업주는 입환작업 시 그 작업장소에 관계자가 아닌 사람이 출입하도록 해서는 아니 된다. 다만, 작업장소에 안전한 통로가 설치되어 열차와의 접촉위험이 없는 경우에는 그러하지 아니하다."
0567d95a-1407-5efc-95ca-c0ae1fea5fe7,d3b94434-038e-5d18-bef1-49b720aa3898,EXCLUSION,궤도 옆에 상당한 공간이 있거나 손쉽게 교량을 건널 수 있어 그 궤도를 운행하는 차량에 접촉할 위험이 없는 경우,그러하지 아니하다.,paragraph,2d29ecac16cbbd32887a517e45eb7007845e7ae6,"① 사업주는 궤도를 설치한 터널ㆍ지하구간 및 교량 등에서 근로자가 통행하거나 작업을 하는 경우에 적당한 간격마다 대피소를 설치하여야 한다. 다만, 궤도 옆에 상당한 공간이 있거나 손쉽게 교량을 건널 수 있어 그 궤도를 운행하는 차량에 접촉할 위험이 없는 경우에는 그러하지 아니하다."
9c8a037f-6a6f-5265-b039-f3764be4c67c,adf91218-21ee-5fc3-b780-ba086f76d1fd,EXCLUSION,"유기화합물 취급 특별장소, 특별관리물질 취급 장소, 지하실 내부, 그 밖에 환기가 불충분한 실내작업장인 경우",그러하지 아니하다. <개정 2012.3.5>,paragraph,47047e4f80045e4b9b76c303109a88a4112eed1a,"① 사업주가 관리대상 유해물질의 취급업무에 근로자를 종사하도록 하는 경우로서 작업시간 1시간당 소비하는 관리대상 유해물질의 양(그램)이 작업장 공기의 부피(세제곱미터)를 15로 나눈 양(이하 ""허용소비량""이라 한다) 이하인 경우에는 이 장의 규정을 적용하지 아니한다. 다만, 유기화합물 취급 특별장소, 특별관리물질 취급 장소, 지하실 내부, 그 밖에 환기가 불충분한 실내작업장인 경우에는 그러하지 아니하다. <개정 2012.3.5>"
7fda0de0-526b-5423-85b8-d184039338df,adf91218-21ee-5fc3-b780-ba086f76d1fd,MODIFICATION,"① 사업주가 관리대상 유해물질의 취급업무에 근로자를 종사하도록 하는 경우로서 작업시간 1시간당 소비하는 관리대상 유해물질의 양(그램)이 작업장 공기의 부피(세제곱미터)를 15로 나눈 양(이하 ""허용소비량""이라 한다) 이하 이 장의 규정을 적용하지",앞 규칙의 적용 범위 또는 내용을 수정,paragraph,47047e4f80045e4b9b76c303109a88a4112eed1a,"① 사업주가 관리대상 유해물질의 취급업무에 근로자를 종사하도록 하는 경우로서 작업시간 1시간당 소비하는 관리대상 유해물질의 양(그램)이 작업장 공기의 부피(세제곱미터)를 15로 나눈 양(이하 ""허용소비량""이라 한다) 이하인 경우에는 이 장의 규정을 적용하지 아니한다. 다만, 유기화합물 취급 특별장소, 특별관리물질 취급 장소, 지하실 내부, 그 밖에 환기가 불충분한 실내작업장인 경우에는 그러하지 아니하다. <개정 2012.3.5>"
c7727270-830c-569b-833c-f252f72bf196,77665d97-9e0b-5aa6-9831-ebce0354df6c,MODIFICATION,공기의 부피가 150세제곱미터를 초과하는 경우,150세제곱미터를 그 공기의 부피로 한다.,paragraph,608a36e97c83129e352faf845864f0f1eaec214d,"② 제1항 본문에 따른 작업장 공기의 부피는 바닥에서 4미터가 넘는 높이에 있는 공간을 제외한 세제곱미터를 단위로 하는 실내작업장의 공간부피를 말한다. 다만, 공기의 부피가 150세제곱미터를 초과하는 경우에는 150세제곱미터를 그 공기의 부피로 한다."
06802b3e-8fc7-5bea-8f6b-9cd222ae05d8,287ef7c7-3517-5fe3-979a-006df8c1a42f,EXCLUSION,분말상태의 관리대상 유해물질을 습기가 있는 상태에서 취급하는 경우,그러하지 아니하다.,paragraph,6cac28232af54149e02e288a4d320bdcccd6fad6,"제422조(관리대상 유해물질과 관계되는 설비) 사업주는 근로자가 실내작업장에서 관리대상 유해물질을 취급하는 업무에 종사하는 경우에 그 작업장에 관리대상 유해물질의 가스ㆍ증기 또는 분진의 발산원을 밀폐하는 설비 또는 국소배기장치를 설치하여야 한다. 다만, 분말상태의 관리대상 유해물질을 습기가 있는 상태에서 취급하는 경우에는 그러하지 아니하다."
158c6f31-49ad-5973-a6ab-c1947e1ac18c,6de5f784-cac6-5401-9014-af4e1f2055e2,MODIFICATION,상가작용(相加作用)이 없을 경우,필요환기량이 가장 큰 물질의 값을 적용한다.,paragraph,5cb401fb84201d6b037e4fd7863decc298ceccbb,"② 제1항에도 불구하고 유기화합물의 발생이 혼합물질인 경우에는 각각의 환기량을 모두 합한 값을 필요환기량으로 적용한다. 다만, 상가작용(相加作用)이 없을 경우에는 필요환기량이 가장 큰 물질의 값을 적용한다."
6daea231-f8b1-59e5-92e2-af8031678989,437ed63e-3c7d-572e-b186-b285bb88615f,EXCLUSION,안전한 방법에 따라 인명구조 또는 유해방지에 관한 작업을 하도록 하는 경우,그러하지 아니하다.,paragraph,feacd4da8e2570569630673344fb0b52f5fcf4b7,"② 사업주는 제1항 각 호에 따른 상황이 발생하여 작업을 중지한 경우에 관리대상 유해물질에 의하여 오염되거나 새어 나온 것이 제거될 때까지 관계자가 아닌 사람의 출입을 금지하고, 그 내용을 보기 쉬운 장소에 게시하여야 한다. 다만, 안전한 방법에 따라 인명구조 또는 유해방지에 관한 작업을 하도록 하는 경우에는 그러하지 아니하다."
d491c581-a0ad-5835-8520-d7195263d1df,f235aaa1-442b-5d92-9666-f618c4f840e3,EXCLUSION,법 제114조제2항에 따른 작업공정별 관리요령을 게시한 경우,"그러하지 아니하다. <개정 2012.3.5, 2019.12.26>",paragraph,8b863d9d0972881b01bea8b7aec39e002e12fa08,"①사업주는 관리대상 유해물질을 취급하는 작업장의 보기 쉬운 장소에 다음 각 호의 사항을 게시하여야 한다. 다만, 법 제114조제2항에 따른 작업공정별 관리요령을 게시한 경우에는 그러하지 아니하다. <개정 2012.3.5, 2019.12.26>"
7f919043-6cf4-5969-852b-a9c8685e11e7,726ac3a1-eb18-5500-9dfa-f9b193dcea6f,EXCLUSION,"관리대상 유해물질 중 금속류, 산ㆍ알칼리류, 가스상태 물질류를 1일 평균 합계 100리터(기체인 경우",그 기체의 부피 1세제곱미터를 2리터로 환산한다) 미만을 취급하는 작업장은 그러하지 아니하다.,paragraph,5f750b6de669e4d4bbda74db8841d51f1679aed9,"① 사업주는 관리대상 유해물질을 취급하는 실내작업장에 관계 근로자가 아닌 사람의 출입을 금지하고, 그 내용을 보기 쉬운 장소에 게시하여야 한다. 다만, 관리대상 유해물질 중 금속류, 산ㆍ알칼리류, 가스상태 물질류를 1일 평균 합계 100리터(기체인 경우에는 그 기체의 부피 1세제곱미터를 2리터로 환산한다) 미만을 취급하는 작업장은 그러하지 아니하다."
fdf462f7-882f-57e5-abce-d3b8802ede4c,c54a9792-5516-58bb-8155-71bec14720eb,EXCLUSION,작업의 성질상 밀폐설비나 포위식 후드 또는 부스식 후드를 설치하기 곤란한 경우,외부식 후드의 국소배기장치(상방 흡인형은 제외한다)를 설치할 수 있다.,paragraph,963977b286577ed495f6a7c6b6ff9daf6dc351e2,"② 사업주는 근로자가 허가대상 유해물질(베릴륨 및 석면은 제외한다)을 제조하거나 사용하는 경우에 허가대상 유해물질의 가스ㆍ증기 또는 분진의 발산원을 밀폐하는 설비나 포위식 후드 또는 부스식 후드의 국소배기장치를 설치하여야 한다. 다만, 작업의 성질상 밀폐설비나 포위식 후드 또는 부스식 후드를 설치하기 곤란한 경우에는 외부식 후드의 국소배기장치(상방 흡인형은 제외한다)를 설치할 수 있다."
2a104fb8-d609-5ab6-818c-7d67f497e9d6,969fd68d-a19d-5f62-8983-ea19d2b80691,MODIFICATION,"석면을 제조하거나 사용하는 작업장에는 「산업안전보건법 시행규칙」 별표 6 중 일람표 번호 502에 따른 표지를 붙여야 한다. <개정 2012.3.5, 2019.12.26>",앞 규칙의 적용 범위 또는 내용을 수정,paragraph,3a4feefadf0e7c7ba36f9ba666d46829b4ab75ec,"① 사업주는 허가대상 유해물질을 제조하거나 사용하는 작업장에 관계 근로자가 아닌 사람의 출입을 금지하고, 「산업안전보건법 시행규칙」 별표 6 중 일람표 번호 501에 따른 표지를 출입구에 붙여야 한다. 다만, 석면을 제조하거나 사용하는 작업장에는 「산업안전보건법 시행규칙」 별표 6 중 일람표 번호 502에 따른 표지를 붙여야 한다. <개정 2012.3.5, 2019.12.26>"
2be3b7b1-a03a-5e92-b9a2-9d02889ba93e,64156566-27ee-5817-8681-580f9b7e02f7,EXCLUSION,작업이 이루어지는 장소가 실외이거나 출입구가 설치되어 있지 아니한 경우,"근로자가 보기 쉬운 장소에 게시하여야 한다. <개정 2012.3.5, 2019.12.26>",paragraph,169a812f4f4d55017dafc56e6455f261552d5228,"제490조(경고표지의 설치) 사업주는 석면해체ㆍ제거작업을 하는 장소에 「산업안전보건법 시행규칙」 별표 6 중 일람표 번호 502에 따른 표지를 출입구에 게시하여야 한다. 다만, 작업이 이루어지는 장소가 실외이거나 출입구가 설치되어 있지 아니한 경우에는 근로자가 보기 쉬운 장소에 게시하여야 한다. <개정 2012.3.5, 2019.12.26>"
578328e6-ee1f-5911-8b1f-c60583fe6093,c6f9295b-3576-5f55-953c-9abff492ff0b,MODIFICATION,"제2호의 보호구는 근로자의 눈 부분이 노출될 경우에만 지급한다. <개정 2012.3.5, 2019.12.26>",앞 규칙의 적용 범위 또는 내용을 수정,paragraph,1bf49c21a85bdcb406e49d6c6677b9f2488e588f,"① 사업주는 석면해체ㆍ제거작업에 근로자를 종사하도록 하는 경우에 다음 각 호의 개인보호구를 지급하여 착용하도록 하여야 한다. 다만, 제2호의 보호구는 근로자의 눈 부분이 노출될 경우에만 지급한다. <개정 2012.3.5, 2019.12.26>"
958765ff-f692-5570-95ab-4571b9625b41,8904b3b6-878d-5bce-b772-9dbb2f484246,EXCLUSION,금지유해물질의 가스ㆍ증기 또는 분진이 새지 않는 방법으로 작업하는 경우,그러하지 아니하다.,paragraph,8d9083dff5b3efa5ddc9fb3a58e2d8a8f9c106ef,"② 사업주는 제1항제1호에 따라 설치한 밀폐식 구조라도 금지유해물질을 넣거나 꺼내는 작업 등을 하는 경우에 해당 작업장소에 국소배기장치를 설치하여야 한다. 다만, 금지유해물질의 가스ㆍ증기 또는 분진이 새지 않는 방법으로 작업하는 경우에는 그러하지 아니하다."
b7936fc4-4bfa-5fa9-be89-f9d51ce35465,fdb63bf6-bb55-5d11-956f-68766775ed96,EXCLUSION,작업의 성질상 기술적ㆍ경제적으로 소음 감소를 위한 조치가 현저히 곤란하다는 관계 전문가의 의견이 있는 경우,그러하지 아니하다.,paragraph,f2681ff0503fc9748178ac46d4baa17d22ace748,"제513조(소음 감소 조치) 사업주는 강렬한 소음작업이나 충격소음작업 장소에 대하여 기계ㆍ기구 등의 대체, 시설의 밀폐ㆍ흡음(吸音) 또는 격리 등 소음 감소를 위한 조치를 하여야 한다. 다만, 작업의 성질상 기술적ㆍ경제적으로 소음 감소를 위한 조치가 현저히 곤란하다는 관계 전문가의 의견이 있는 경우에는 그러하지 아니하다."
c4b85f66-8d99-5ad6-b2ad-ed1d439d5774,4ea2a1c8-bae1-59bc-b063-4ebd229aef2b,MODIFICATION,작업실 내의 압력이 제곱센티미터당 1킬로그램 미만인 장소에서는 용접등의 작업을 할 수 있다.,앞 규칙의 적용 범위 또는 내용을 수정,paragraph,db0fc96cf97624af475c8fde4d8d13b567605631,"② 사업주는 고압작업을 하는 경우에는 용접ㆍ용단 작업이나 화기 또는 아크를 사용하는 작업(이하 이 조에서 ""용접등의 작업""이라 한다)을 해서는 아니 된다. 다만, 작업실 내의 압력이 제곱센티미터당 1킬로그램 미만인 장소에서는 용접등의 작업을 할 수 있다."
ec72a568-dc79-5405-8252-2c89b686ad09,583c8805-3f26-57f0-8285-016a5d5628f5,EXCLUSION,작업의 성질상 부득이한 경우로서 작업실 내의 압력이 제곱센티미터당 1킬로그램 미만인 장소에서 용접등의 작업을 하는 경우,그러하지 아니하다.,paragraph,9399b08f1b5aa64e25d6d45d18cb29fbba78d36d,"③ 사업주는 고압작업을 하는 경우에 근로자가 화기 등 불이 날 우려가 있는 물건을 지니고 출입하는 것을 금지하고, 그 취지를 기압조절실 외부의 보기 쉬운 장소에 게시하여야 한다. 다만, 작업의 성질상 부득이한 경우로서 작업실 내의 압력이 제곱센티미터당 1킬로그램 미만인 장소에서 용접등의 작업을 하는 경우에는 그러하지 아니하다."
14cd48ec-1829-555a-ac66-523aadb0ede7,3e41dedd-4233-5a9e-8654-fe511547a152,MODIFICATION,해당 잠수작업의 특성상 휴대가 어려운 경우,위급상황 시 바로 사용할 수 있도록 잠수작업을 하는 곳 인근 장소에 두어야 한다.,paragraph,7320addf07f1cd42453fe6a816309e18248c1199,"⑤ 스쿠버 잠수작업을 하는 잠수작업자는 잠수작업을 하는 동안 비상기체통을 휴대하여야 한다. 다만, 해당 잠수작업의 특성상 휴대가 어려운 경우에는 위급상황 시 바로 사용할 수 있도록 잠수작업을 하는 곳 인근 장소에 두어야 한다."
b79a4a68-f6a9-5012-b136-cd044fd2a1e8,64bc5458-8a84-5926-b24c-f138c82876ce,MODIFICATION,급부상(急浮上) 등으로 중대한 신체상의 장해가 발생한 잠수작업자를 치유하거나 감압하기 위하여 다시 잠수하도록 하는 경우,"고농도의 산소만을 들이마시도록 할 수 있으며, 이 경우에는 고용노동부장관이 정하는 바에 따라야 한다. <개정 2017.12.28>",paragraph,0921279a6c92ba8a7f711e15c8b20e72bbea6bb3,"제546조(고농도 산소의 사용 제한) 사업주는 잠수작업자에게 고농도의 산소만을 들이마시도록 해서는 아니 된다. 다만, 급부상(急浮上) 등으로 중대한 신체상의 장해가 발생한 잠수작업자를 치유하거나 감압하기 위하여 다시 잠수하도록 하는 경우에는 고농도의 산소만을 들이마시도록 할 수 있으며, 이 경우에는 고용노동부장관이 정하는 바에 따라야 한다. <개정 2017.12.28>"
380baf76-127f-5815-9b12-c6c9084eff9e,2a4996c0-bd8f-57ab-a5f5-c59e9c8bdd04,EXCLUSION,통화장치에 따라 잠수작업자가 감시인과 통화할 수 있는 경우,"신호밧줄, 수중시계 및 수중압력계를 제공하지 아니할 수 있다. <개정 2024.6.28>",paragraph,e7bd8abe3b2dcda2d53e6b48639c106772071d55,"⑤ 사업주는 표면공급식 잠수작업을 하는 잠수작업자에게 신호밧줄, 수중시계, 수중압력계 및 예리한 칼 등을 제공하여 잠수작업자가 이를 지니도록 하여야 한다. 다만, 통화장치에 따라 잠수작업자가 감시인과 통화할 수 있는 경우에는 신호밧줄, 수중시계 및 수중압력계를 제공하지 아니할 수 있다. <개정 2024.6.28>"
76517c03-52f6-5be9-8c3f-a068fd2ceb1b,2b0bbb0a-d83a-5412-8a5b-2556c33a635c,MODIFICATION,해당 잠수작업의 특성상 휴대가 어려운 경우,위급상황 시 즉시 사용할 수 있도록 잠수작업을 하는 곳 인근 장소에 두어야 한다. <개정 2024.6.28>,paragraph,5d353aa42564f83d40cc50d4d2786033f2dbf6a2,"⑥ 제3항 각 호에 해당하는 곳에서 표면공급식 잠수작업을 하는 잠수작업자는 잠수작업을 하는 동안 비상기체통을 휴대하여야 한다. 다만, 해당 잠수작업의 특성상 휴대가 어려운 경우에는 위급상황 시 즉시 사용할 수 있도록 잠수작업을 하는 곳 인근 장소에 두어야 한다. <개정 2024.6.28>"
38131a29-549b-50d7-ad4d-c3813c2d725b,516e5fdb-94c0-51de-91ee-2e347cca9055,EXCLUSION,작업의 성질상 온도ㆍ습도 조절장치를 설치하는 것이 매우 곤란하여 별도의 건강장해 방지 조치를 한 경우,그러하지 아니하다.,paragraph,8db708cd2e814606bd167960265d24969f97a596,"① 사업주는 고열ㆍ한랭 또는 다습작업이 실내인 경우에 냉난방 또는 통풍 등을 위하여 적절한 온도ㆍ습도 조절장치를 설치하여야 한다. 다만, 작업의 성질상 온도ㆍ습도 조절장치를 설치하는 것이 매우 곤란하여 별도의 건강장해 방지 조치를 한 경우에는 그러하지 아니하다."
600564c5-1e4d-51a8-b983-3a0e8e30a14c,2d02677e-f589-5c10-909b-eda156985c73,MODIFICATION,사업주가 제1호 또는 제2호의 조치를 하였음에도 불구하고 해당 작업장소에서의 작업이 폭염작업에 해당하는 경우,제3호에 따른 조치를 해야 한다. <신설 2025.7.17>,paragraph,563e79cc39c3ac8c5cdf7f468d38432e6a50fcdb,"② 사업주는 근로자가 폭염작업을 하는 경우에는 다음 각 호의 어느 하나 이상에 해당하는 조치를 해야 한다. 다만, 사업주가 제1호 또는 제2호의 조치를 하였음에도 불구하고 해당 작업장소에서의 작업이 폭염작업에 해당하는 경우에는 제3호에 따른 조치를 해야 한다. <신설 2025.7.17>"
9f2a68da-21ba-5a2a-9bfe-93ed51b7670e,5816e440-6c0d-5493-9be1-912d17f89413,MODIFICATION,작업의 성질상 휴식을 부여하기 매우 곤란하여 개인용 냉방 또는 통풍장치를 지급ㆍ가동하거나 개인용 보냉장구를 지급ㆍ착용하게 하는 등으로 근로자의 체온 상승을 줄일 수 있는 조치를 한 경우,그렇지 않다. <신설 2025.7.17>,paragraph,c5617a449d3343bd8fe76a5a62fd34a511250bee,"③ 제2항에도 불구하고 사업주는 근로자가 「기상법」 제13조의2제1항에 따른 폭염특보의 기준이 되는 체감온도 33도 이상인 작업장소에서 폭염작업을 하는 경우에는 매 2시간 이내에 20분 이상의 휴식을 주어야 한다. 다만, 작업의 성질상 휴식을 부여하기 매우 곤란하여 개인용 냉방 또는 통풍장치를 지급ㆍ가동하거나 개인용 보냉장구를 지급ㆍ착용하게 하는 등으로 근로자의 체온 상승을 줄일 수 있는 조치를 한 경우에는 그렇지 않다. <신설 2025.7.17>"
d42709b8-d432-5cc9-b6b3-154f8f26dde9,583c0ff4-c9f9-52fd-ac65-e42ce9297875,EXCLUSION,작업의 성질상 냉방장치를 가동하여 일정한 온도를 유지하여야 하는 장소로서 근로자에게 보온을 위하여 필요한 조치를 하는 경우,그러하지 아니하다. <개정 2025.7.17>,paragraph,1cbf43a718083c956c28f77962a1ebaeb1944284,"④ 사업주는 제1항에 따른 냉방장치를 설치하는 경우에 외부의 대기온도보다 현저히 낮게 해서는 아니 된다. 다만, 작업의 성질상 냉방장치를 가동하여 일정한 온도를 유지하여야 하는 장소로서 근로자에게 보온을 위하여 필요한 조치를 하는 경우에는 그러하지 아니하다. <개정 2025.7.17>"
50a3da13-dade-5b5b-9f4a-ace870b28030,41825b91-2b9b-5f0f-8cc7-c9045a8ae58f,EXCLUSION,작업의 성질상 습기 제거가 어려운 경우,그러하지 아니하다.,paragraph,d09a8397053ac53e9c068ed91d0f765faff05556,"① 사업주는 근로자가 다습작업을 하는 경우에 습기 제거를 위하여 환기하는 등 적절한 조치를 하여야 한다. 다만, 작업의 성질상 습기 제거가 어려운 경우에는 그러하지 아니하다."
03c2cf11-3638-5e75-9db8-9730df9225d1,cfea1b01-69a9-5acd-8e2b-e574b9deae15,EXCLUSION,인명구조 작업이나 유해ㆍ위험 방지작업을 할 때 고열로 인한 근로자의 건강장해를 방지하기 위하여 필요한 조치를 한 경우,그러하지 아니하다.,paragraph,af4133d9103321e60a3b97a436ba49aad465c603,"제568조(갱내의 온도) 제559조제1항제11호에 따른 갱내의 기온은 섭씨 37도 이하로 유지하여야 한다. 다만, 인명구조 작업이나 유해ㆍ위험 방지작업을 할 때 고열로 인한 근로자의 건강장해를 방지하기 위하여 필요한 조치를 한 경우에는 그러하지 아니하다."
1ab37e23-614c-5e3a-8315-48365c8c35db,f9cd3acd-00ce-575b-b1b2-39bdb944bff6,EXCLUSION,작업의 성질상 방지설비의 설치가 곤란한 경우로서 적절한 보호조치를 한 경우,그러하지 아니하다.,paragraph,5c5831a92b5741edab8224d0af29f021b5c9aeec,"제582조(방지설비) 사업주는 근로자가 신체 또는 의복, 신발, 보호장구 등에 방사성물질이 부착될 우려가 있는 작업을 하는 경우에 판 또는 막 등의 방지설비를 설치하여야 한다. 다만, 작업의 성질상 방지설비의 설치가 곤란한 경우로서 적절한 보호조치를 한 경우에는 그러하지 아니하다."
1dca2dfe-e91f-5de3-ad8a-38ee1f321c38,145a5693-a297-52c2-baa3-457d50167538,EXCLUSION,월 10시간 이상 24시간 미만의 임시 분진작업을 매월 하는 경우,그러하지 아니하다.,paragraph,880248049f51306f1d1abedd41ce437b67d05a5c,"② 작업시간이 월 24시간 미만인 임시 분진작업에 대하여 사업주가 근로자에게 적절한 호흡용 보호구를 지급하여 착용하도록 하는 경우에는 이 장의 규정을 적용하지 아니한다. 다만, 월 10시간 이상 24시간 미만의 임시 분진작업을 매월 하는 경우에는 그러하지 아니하다."
92113851-7311-52f8-b1d7-0c2eaeb65032,4b3f0179-8901-5e9e-a945-10a1c36a320f,EXCLUSION,분진이 흩날리지 않는 방법으로 청소하는 것이 곤란한 경우로서 그 청소작업에 종사하는 근로자에게 적절한 호흡용 보호구를 지급하여 착용하도록 한 경우,그러하지 아니하다.,paragraph,26a862592b812359937ec6f72ce86f8dda7a8fcc,"② 분진작업을 하는 실내작업장의 바닥ㆍ벽 및 설비와 휴게시설이 설치되어 있는 장소의 마루 등(실내만 해당한다)에 대해서는 쌓인 분진을 제거하기 위하여 매월 1회 이상 정기적으로 진공청소기나 물을 이용하여 분진이 흩날리지 않는 방법으로 청소하여야 한다. 다만, 분진이 흩날리지 않는 방법으로 청소하는 것이 곤란한 경우로서 그 청소작업에 종사하는 근로자에게 적절한 호흡용 보호구를 지급하여 착용하도록 한 경우에는 그러하지 아니하다."
8b327359-2310-5281-b54f-4a9cb33c7e95,72418252-941e-54c8-99e2-b528e0811738,EXCLUSION,해당 작업장소에 분진 발생원을 밀폐하는 설비나 국소배기장치를 설치하거나 해당 분진작업장소를 습기가 있는 상태로 유지하기 위한 설비를 갖추어 가동하는 등 필요한 조치를 한 경우,그러하지 아니하다.,paragraph,eb7b918d4f939c447e69372f9e1b804e38c977ae,"① 사업주는 근로자가 분진작업을 하는 경우에 해당 작업에 종사하는 근로자에게 적절한 호흡용 보호구를 지급하여 착용하도록 하여야 한다. 다만, 해당 작업장소에 분진 발생원을 밀폐하는 설비나 국소배기장치를 설치하거나 해당 분진작업장소를 습기가 있는 상태로 유지하기 위한 설비를 갖추어 가동하는 등 필요한 조치를 한 경우에는 그러하지 아니하다."
02b13328-d816-538a-b4db-38e8c842fbc3,0dbe5fa4-d508-5159-bd25-bab7ba095183,EXCLUSION,폭발이나 산화 등의 위험으로 인하여 환기할 수 없거나 작업의 성질상 환기하기가 매우 곤란한 경우,근로자에게 공기호흡기 또는 송기마스크를 지급하여 착용하도록 하고 환기하지 아니할 수 있다. <개정 2017.3.3>,paragraph,42aa6fd9a028e09ed707f7e1ea36c5df5f4d97f7,"① 사업주는 근로자가 밀폐공간에서 작업을 하는 경우에 작업을 시작하기 전과 작업 중에 해당 작업장을 적정공기 상태가 유지되도록 환기하여야 한다. 다만, 폭발이나 산화 등의 위험으로 인하여 환기할 수 없거나 작업의 성질상 환기하기가 매우 곤란한 경우에는 근로자에게 공기호흡기 또는 송기마스크를 지급하여 착용하도록 하고 환기하지 아니할 수 있다. <개정 2017.3.3>"
e1a6603a-65d5-5aa0-8240-dd2021dee1d0,d90b9393-1665-5eeb-8010-f24231c6e7c1,EXCLUSION,해당 설비의 내부에 외부와 연결된 경보장치가 설치되어 있는 경우,그러하지 아니하다.,paragraph,d553f0f5dccade5091c791e507b5b084a96c5277,"① 사업주는 근로자가 냉장실ㆍ냉동실 등의 내부에서 작업을 하는 경우에 근로자가 작업하는 동안 해당 설비의 출입문이 임의로 잠기지 않도록 조치하여야 한다. 다만, 해당 설비의 내부에 외부와 연결된 경보장치가 설치되어 있는 경우에는 그러하지 아니하다."
c827cf0a-16f8-541e-9205-184cbcf27efc,a6bfce29-9447-5b84-bd96-343917adfc15,MODIFICATION,신설되는 사업장의 경우,신설일부터 1년 이내에 최초의 유해요인 조사를 하여야 한다.,paragraph,7c7caf8f47c99bdaeee0ac6da6311586556b5d37,"① 사업주는 근로자가 근골격계부담작업을 하는 경우에 3년마다 다음 각 호의 사항에 대한 유해요인조사를 하여야 한다. 다만, 신설되는 사업장의 경우에는 신설일부터 1년 이내에 최초의 유해요인 조사를 하여야 한다."
b3315f35-7444-59ce-aa81-b894bd894b5a,a570cd04-d669-5038-a97e-09d7cf127308,EXCLUSION,제1호에 해당하는 경우,"로서 해당 근골격계질환에 대하여 최근 1년 이내에 유해요인 조사를 하고 그 결과를 반영하여 제659조에 따른 작업환경 개선에 필요한 조치를 한 경우는 제외한다. <개정 2017.3.3, 2024.6.28>",paragraph,41966b99d47c9b7f3e7342280771209b927dc5bd,"② 사업주는 다음 각 호의 어느 하나에 해당하는 사유가 발생하였을 경우에 제1항에도 불구하고 1개월 이내에 조사대상 및 조사방법 등을 검토하여 유해요인 조사를 해야 한다. 다만, 제1호에 해당하는 경우로서 해당 근골격계질환에 대하여 최근 1년 이내에 유해요인 조사를 하고 그 결과를 반영하여 제659조에 따른 작업환경 개선에 필요한 조치를 한 경우는 제외한다. <개정 2017.3.3, 2024.6.28>"
95108c00-6ad1-5d5f-b61b-5639e35b48f4,d7c302cd-5916-5e38-b59b-f706d443fdc8,EXCLUSION,중대산업재해에 해당하는 재해는 제외한다.,해당 범위를 앞 규칙 적용 대상에서 제외,item,178908b73b4752ed872c7bcc15435c88328ee82b,"3. ""중대시민재해""란 특정 원료 또는 제조물, 공중이용시설 또는 공중교통수단의 설계, 제조, 설치, 관리상의 결함을 원인으로 하여 발생한 재해로서 다음 각 목의 어느 하나에 해당하는 결과를 야기한 재해를 말한다. 다만, 중대산업재해에 해당하는 재해는 제외한다."
f1523127-a501-5112-accc-431c832fda7b,9a53b150-e22c-55aa-9806-ca40547c6ba0,EXCLUSION,「소상공인 보호 및 지원에 관한 법률」 제2조에 따른 소상공인의 사업 또는 사업장 및 이에 준하는 비영리시설과 「교육시설 등의 안전 및 유지관리 등에 관한 법률」 제2조제1호에 따른 교육시설은 제외한다.,해당 범위를 앞 규칙 적용 대상에서 제외,item,5e9d473ca05caa1688cb97f549cd48ff4c70be83,"4. ""공중이용시설""이란 다음 각 목의 시설 중 시설의 규모나 면적 등을 고려하여 대통령령으로 정하는 시설을 말한다. 다만, 「소상공인 보호 및 지원에 관한 법률」 제2조에 따른 소상공인의 사업 또는 사업장 및 이에 준하는 비영리시설과 「교육시설 등의 안전 및 유지관리 등에 관한 법률」 제2조제1호에 따른 교육시설은 제외한다."
3ce75ebe-1e2e-5f68-b174-5079ce4f6809,c920a12a-4750-5a4d-a4b8-422138830b2d,EXCLUSION,해당 사업장의 전년도 사망만인율이 같은 업종의 평균 사망만인율 이하인 경우,는 제외한다.,item,951ebc0a3b477c373739ac4c71e44ea41c088e6e,"2. 중대재해가 연간 2건 이상 발생한 경우. 다만, 해당 사업장의 전년도 사망만인율이 같은 업종의 평균 사망만인율 이하인 경우는 제외한다."
cb0aaaf7-1f92-58ae-bfc8-27dc8cc0cc1c,c7182bac-0053-50b4-9987-8d999d8b88c4,MODIFICATION,법 제47조에 따른 안전보건진단을 받은 사업장 등 고용노동부장관이 정하여 고시하는 사업장의 경우,공단의 확인을 생략할 수 있다.,item,4c24e504f9465bef95b0341fbcb3f5440c51a46c,"4. 유해하거나 위험한 설비 또는 이와 관련된 공정에 중대한 사고 또는 결함이 발생한 경우에는 1개월 이내. 다만, 법 제47조에 따른 안전보건진단을 받은 사업장 등 고용노동부장관이 정하여 고시하는 사업장의 경우에는 공단의 확인을 생략할 수 있다."
9401c51a-5cda-5094-a347-a8a0368e4f0f,74b58b5d-3a43-5e1d-9fde-9bffabe272c0,MODIFICATION,다음 각 목의 어느 하나에 해당하는 경우,기술능력 및 생산체계 심사를 생략한다.,item,2829f2c20c6275f6dddcc872d56746d3184e3783,"3. 기술능력 및 생산체계 심사: 유해ㆍ위험기계등의 안전성능을 지속적으로 유지ㆍ보증하기 위하여 사업장에서 갖추어야 할 기술능력과 생산체계가 안전인증기준에 적합한지에 대한 심사. 다만, 다음 각 목의 어느 하나에 해당하는 경우에는 기술능력 및 생산체계 심사를 생략한다."
b24771fd-0370-5027-9014-2f4924bbd519,bbde8d02-fff3-5519-86f6-6d398d3850da,MODIFICATION,다음 각 목의 심사는 유해ㆍ위험기계등별로 고용노동부장관이 정하여 고시하는 기준에 따라 어느 하나만을 받는다.,앞 규칙의 적용 범위 또는 내용을 수정,item,66d43b49dd15e2c23c2ea225e9b4e326ad2d3c05,"4. 제품심사: 유해ㆍ위험기계등이 서면심사 내용과 일치하는지와 유해ㆍ위험기계등의 안전에 관한 성능이 안전인증기준에 적합한지에 대한 심사. 다만, 다음 각 목의 심사는 유해ㆍ위험기계등별로 고용노동부장관이 정하여 고시하는 기준에 따라 어느 하나만을 받는다."
2b3ddca9-913e-57c2-a6a2-e1671b1ec814,a51b433d-7c67-5491-aa7e-7200881d8a25,EXCLUSION,법 제110조제2항 각 호의 어느 하나에 해당하는 경우,는 제외한다.,item,ba9a05c794030dd386d8aa2454c58579926c46f2,"5. 법 제104조에 따른 분류기준에 해당하지 않는 화학물질의 명칭 및 함유량. 다만, 법 제110조제2항 각 호의 어느 하나에 해당하는 경우는 제외한다."
825654d5-2e5d-587c-9f44-48cd98d4527c,fce6f92e-7e97-5323-9e70-af0fe517517f,EXCLUSION,고용노동부장관이 정하는 바에 따라 특수건강진단ㆍ수시건강진단 또는 임시건강진단을 실시한 의사로부터 특수건강진단 주기를 단축하는 것이 필요하지 않다는 소견을 받은 경우,는 제외한다.,item,7905b913b3ce033b4d38ea08bf61e548b8a79496,"2. 특수건강진단, 법 제130조제3항에 따른 수시건강진단(이하 ""수시건강진단""이라 한다) 또는 법 제131조제1항에 따른 임시건강진단(이하 ""임시건강진단""이라 한다)을 실시한 결과 직업병 유소견자가 발견된 작업공정에서 해당 유해인자에 노출되는 모든 근로자. 다만, 고용노동부장관이 정하는 바에 따라 특수건강진단ㆍ수시건강진단 또는 임시건강진단을 실시한 의사로부터 특수건강진단 주기를 단축하는 것이 필요하지 않다는 소견을 받은 경우는 제외한다."
b554c286-7aa3-5820-8580-fc00d60ecc46,fce6f92e-7e97-5323-9e70-af0fe517517f,EXCLUSION,"법 제130조제3항에 따른 수시건강진단(이하 ""수시건강진단""이라 한다) 또는 법 제131조제1항에 따른 임시건강진단(이하 ""임시건강진단""이라 한다)을 실시한 결과 직업병 유소견자가 발견된 작업공정에서 해당 유해인자에 노출되는 모든 근로자. 다만, 고용노동부장관이 정하는 바에 따라 특수건강진단ㆍ수시건강진단 또는 임시건강진단을 실시한 의사로부터 특수건강진단 주기를 단축하는 것이 필요하지 않다는 소견을 받은 경우",는 제외한다.,item,7905b913b3ce033b4d38ea08bf61e548b8a79496,"2. 특수건강진단, 법 제130조제3항에 따른 수시건강진단(이하 ""수시건강진단""이라 한다) 또는 법 제131조제1항에 따른 임시건강진단(이하 ""임시건강진단""이라 한다)을 실시한 결과 직업병 유소견자가 발견된 작업공정에서 해당 유해인자에 노출되는 모든 근로자. 다만, 고용노동부장관이 정하는 바에 따라 특수건강진단ㆍ수시건강진단 또는 임시건강진단을 실시한 의사로부터 특수건강진단 주기를 단축하는 것이 필요하지 않다는 소견을 받은 경우는 제외한다."
1eb001df-0cf4-50f9-bc69-564e669cf334,46a5d891-ef87-5198-8465-5b8dfefad0a8,EXCLUSION,전염을 예방하기 위한 조치를 한 경우,는 제외한다.,item,0d4682d6761a782892d58085907595b1dd76abfc,"1. 전염될 우려가 있는 질병에 걸린 사람. 다만, 전염을 예방하기 위한 조치를 한 경우는 제외한다."
6df10481-f1ca-52ef-98a8-9e92210c5221,d3955441-1ccc-58f9-8e61-c1f83de6f3fe,EXCLUSION,건설공사발주자는 제외한다.,해당 범위를 앞 규칙 적용 대상에서 제외,item,4069523f168191043fb1bef6ea38547c7861e94b,"7. ""도급인""이란 물건의 제조ㆍ건설ㆍ수리 또는 서비스의 제공, 그 밖의 업무를 도급하는 사업주를 말한다. 다만, 건설공사발주자는 제외한다."
5549179d-d432-56fc-97d4-5dcf2e8acc6d,4d1b0be6-7358-5f3e-a6a8-a403d482c4cc,EXCLUSION,도급받은 건설공사를 다시 도급하는 자는 제외한다.,해당 범위를 앞 규칙 적용 대상에서 제외,item,63a9b718e05eb886e9a8ac362816bdbe6e17d769,"10. ""건설공사발주자""란 건설공사를 도급하는 자로서 건설공사의 시공을 주도하여 총괄ㆍ관리하지 아니하는 자를 말한다. 다만, 도급받은 건설공사를 다시 도급하는 자는 제외한다."
20dade7b-8d7e-5569-ba40-b0130c498378,3ae53433-5b24-58c0-a48a-b903235df0f2,MODIFICATION,"제45조제2항, 제46조제1항, 제67조제1항ㆍ제2항, 제70조제1항, 제70조제2항 후단, 제71조제3항 후단, 제71조제4항, 제72조제1항ㆍ제3항ㆍ제5항(건설공사도급인만 해당한다), 제77조제1항, 제78조, 제85조제1항, 제93조제1항 전단, 제95조, 제99조제2항 또는 제107조제1항 각 호 외의 부분 본문을 위반한 자",앞 규칙의 적용 범위 또는 내용을 수정,item,b260200d869fb5b407ca285ff95353c269e26697,"3. 제41조제2항(제166조의2에서 준용하는 경우를 포함한다), 제42조제1항ㆍ제5항ㆍ제6항, 제44조제1항 전단, 제45조제2항, 제46조제1항, 제67조제1항ㆍ제2항, 제70조제1항, 제70조제2항 후단, 제71조제3항 후단, 제71조제4항, 제72조제1항ㆍ제3항ㆍ제5항(건설공사도급인만 해당한다), 제77조제1항, 제78조, 제85조제1항, 제93조제1항 전단, 제95조, 제99조제2항 또는 제107조제1항 각 호 외의 부분 본문을 위반한 자"
7feb2440-0ea3-533b-8500-a264a6520e80,5afb02bd-7a2d-5236-b2fa-8e339b283505,EXCLUSION,3. 근로자대표가 지명하는 9명(근로자인 제2호의 위원이 있는 경우,9명에서 그 위원의 수를 제외한 수를 말한다) 이내의 해당 사업장의 근로자,item,1648519d9e01618284ac532cb44182e5d73305ab,3. 근로자대표가 지명하는 9명(근로자인 제2호의 위원이 있는 경우에는 9명에서 그 위원의 수를 제외한 수를 말한다) 이내의 해당 사업장의 근로자
41a7d29c-22e3-505d-8cb6-5d58a4c6e81e,60ff47e4-5a20-55e6-bdf0-43aad603119a,MODIFICATION,합성수지 및 기타 플라스틱물질 제조업은 별표 13 제1호 또는 제2호에 해당하는 경우로 한정한다.,앞 규칙의 적용 범위 또는 내용을 수정,item,5012b2e14fcfb4bd60a7ed08494b82e00482a238,"3. 석유화학계 기초화학물질 제조업 또는 합성수지 및 기타 플라스틱물질 제조업. 다만, 합성수지 및 기타 플라스틱물질 제조업은 별표 13 제1호 또는 제2호에 해당하는 경우로 한정한다."
6d1b5583-c326-5633-9271-4357b453949a,d97fe591-aa4c-5e8a-b908-75693e12e96d,EXCLUSION,도급인이 해당 화학물질을 모두 제거한 후 증명자료를 첨부하여 고용노동부장관에게 신고한 경우,는 제외한다.,item,a6d49117ed9da5d98e245a8556cd965a4182e21c,"1. 중량비율 1퍼센트 이상의 황산, 불화수소, 질산 또는 염화수소를 취급하는 설비를 개조ㆍ분해ㆍ해체ㆍ철거하는 작업 또는 해당 설비의 내부에서 이루어지는 작업. 다만, 도급인이 해당 화학물질을 모두 제거한 후 증명자료를 첨부하여 고용노동부장관에게 신고한 경우는 제외한다."
d8bc1bb6-e734-5421-88ef-99694cbef4dc,1066fb17-e79a-5b79-a9f0-544a4333c76d,EXCLUSION,다음 각 목의 건축물은 제외한다.,해당 범위를 앞 규칙 적용 대상에서 제외,item,3c00364d6371077fc4217341e029cb0495782c50,"2. 법 제2조제4호나목의 시설물 중 별표 3에서 정하는 시설물. 다만, 다음 각 목의 건축물은 제외한다."
e867bb37-7103-5b24-bf7b-0a65c79e5ac9,d312f9b9-6450-5241-8348-4d3681774b01,MODIFICATION,"「산업안전보건법」 제36조에 따른 위험성평가를 하는 절차를 마련하고, 그 절차에 따라 위험성 평가를 직접 실시하거나 실시하도록 하여 실시 결과를 보고받은 경우",해당 업무절차에 따라 유해ㆍ위험요인의 확인 및 개선에 대한 점검을 한 것으로 본다.,item,cab12072b334f85b05034a6b9a681ddf175b7a7a,"3. 사업 또는 사업장의 특성에 따른 유해ㆍ위험요인을 확인하여 개선하는 업무절차를 마련하고, 해당 업무절차에 따라 유해ㆍ위험요인의 확인 및 개선이 이루어지는지를 반기 1회 이상 점검한 후 필요한 조치를 할 것. 다만, 「산업안전보건법」 제36조에 따른 위험성평가를 하는 절차를 마련하고, 그 절차에 따라 위험성 평가를 직접 실시하거나 실시하도록 하여 실시 결과를 보고받은 경우에는 해당 업무절차에 따라 유해ㆍ위험요인의 확인 및 개선에 대한 점검을 한 것으로 본다."
6286e74a-11ef-5bc6-bd3d-ca35df881b3b,8a7242c1-b9ac-57c3-aec4-b9ed42100bd3,MODIFICATION,다른 법령에서 해당 인력의 배치에 대해 달리 정하고 있는 경우,"그에 따르고, 배치해야 할 인력이 다른 업무를 겸직하는 경우에는 고용노동부장관이 정하여 고시하는 기준에 따라 안전ㆍ보건에 관한 업무 수행시간을 보장해야 한다.",item,73835ec48c874642d3f49e5d76c5e997a9ec9355,"6. 「산업안전보건법」 제17조부터 제19조까지 및 제22조에 따라 정해진 수 이상의 안전관리자, 보건관리자, 안전보건관리담당자 및 산업보건의를 배치할 것. 다만, 다른 법령에서 해당 인력의 배치에 대해 달리 정하고 있는 경우에는 그에 따르고, 배치해야 할 인력이 다른 업무를 겸직하는 경우에는 고용노동부장관이 정하여 고시하는 기준에 따라 안전ㆍ보건에 관한 업무 수행시간을 보장해야 한다."
3fc354aa-1202-54e7-8dd8-313bf5eb44ac,f09c36d6-fc10-5b86-b45d-f1bc16812d6e,MODIFICATION,「산업안전보건법」 제24조에 따른 산업안전보건위원회 및 같은 법 제64조ㆍ제75조에 따른 안전 및 보건에 관한 협의체에서 사업 또는 사업장의 안전ㆍ보건에 관하여 논의하거나 심의ㆍ의결한 경우,해당 종사자의 의견을 들은 것으로 본다.,item,daa367a5500ed60479d0c3f13c8765df980e1151,"7. 사업 또는 사업장의 안전ㆍ보건에 관한 사항에 대해 종사자의 의견을 듣는 절차를 마련하고, 그 절차에 따라 의견을 들어 재해 예방에 필요하다고 인정하는 경우에는 그에 대한 개선방안을 마련하여 이행하는지를 반기 1회 이상 점검한 후 필요한 조치를 할 것. 다만, 「산업안전보건법」 제24조에 따른 산업안전보건위원회 및 같은 법 제64조ㆍ제75조에 따른 안전 및 보건에 관한 협의체에서 사업 또는 사업장의 안전ㆍ보건에 관하여 논의하거나 심의ㆍ의결한 경우에는 해당 종사자의 의견을 들은 것으로 본다."
c1d98784-ce6f-566b-bf8a-b0d3d50f3abe,68e025d1-3c76-512b-b80e-6bce50cd205e,EXCLUSION,「소상공인기본법」 제2조에 따른 소상공인의 경우,는 제외한다.,item,a1b9bad8060fdeb60381cadcd327bc2460ecd2f6,"4. 제3호 각 목의 조치를 포함한 업무처리절차의 마련. 다만, 「소상공인기본법」 제2조에 따른 소상공인의 경우는 제외한다."
97bae80b-d87a-548f-86ec-e43b43f2bb21,d9caea3f-fc13-571d-8a96-421b808e411d,MODIFICATION,공중이용시설에 대해 「시설물의 안전 및 유지관리에 관한 특별법」 제6조에 따라 시설물에 대한 안전 및 유지관리계획을 수립ㆍ시행하거나 공중이용시설 또는 공중교통수단에 대해 철도운영자가 「철도안전법」 제6조에 따라 연차별 시행계획을 수립ㆍ추진하는 경우로서 사업주 또는 경영책임자등이 그 수립 여부 및 내용을 직접 확인하거나 보고받은 경우,안전계획을 수립하여 이행한 것으로 본다.,item,51273789c33fb534005334009c68ebabcebe5e3c,"4. 공중이용시설 또는 공중교통수단에 대해 연 1회 이상 다음 각 목의 내용이 포함된 안전계획을 수립하게 하고, 충실히 이행하도록 할 것. 다만, 공중이용시설에 대해 「시설물의 안전 및 유지관리에 관한 특별법」 제6조에 따라 시설물에 대한 안전 및 유지관리계획을 수립ㆍ시행하거나 공중이용시설 또는 공중교통수단에 대해 철도운영자가 「철도안전법」 제6조에 따라 연차별 시행계획을 수립ㆍ추진하는 경우로서 사업주 또는 경영책임자등이 그 수립 여부 및 내용을 직접 확인하거나 보고받은 경우에는 안전계획을 수립하여 이행한 것으로 본다."
ea03b5f6-8b85-5cab-90fd-1f58f0a19345,79dd84c4-61d8-53aa-b87f-a1841c656d9b,MODIFICATION,철도운영자가 「철도안전법」 제7조에 따라 비상대응계획을 포함한 철도안전관리체계를 수립하여 시행하거나 항공운송사업자가 「항공안전법」 제58조제2항에 따라 위기대응계획을 포함한 항공안전관리시스템을 마련하여 운용한 경우로서 사업주 또는 경영책임자등이 그 수립 여부 및 내용을 직접 점검하거나 점검 결과를 보고받은 경우,업무처리절차를 마련하여 이행한 것으로 본다.,item,007b22f65e16abff8dabef7cfc5fa6642264cd95,"7. 중대시민재해 예방을 위해 다음 각 목의 사항이 포함된 업무처리절차를 마련하여 이행할 것. 다만, 철도운영자가 「철도안전법」 제7조에 따라 비상대응계획을 포함한 철도안전관리체계를 수립하여 시행하거나 항공운송사업자가 「항공안전법」 제58조제2항에 따라 위기대응계획을 포함한 항공안전관리시스템을 마련하여 운용한 경우로서 사업주 또는 경영책임자등이 그 수립 여부 및 내용을 직접 점검하거나 점검 결과를 보고받은 경우에는 업무처리절차를 마련하여 이행한 것으로 본다."
be9c9a12-ec6c-5f82-8508-504662ca7b19,80ff53ab-d4fa-56b2-a549-70b17efeb7fe,EXCLUSION,출입구에 문을 설치하지 아니한 경우,그러하지 아니하다.,item,04e088db27284ff0d5b4104f524c02cc33857ffa,"5. 계단이 출입구와 바로 연결된 경우에는 작업자의 안전한 통행을 위하여 그 사이에 1.2미터 이상 거리를 두거나 안내표지 또는 비상벨 등을 설치할 것. 다만, 출입구에 문을 설치하지 아니한 경우에는 그러하지 아니하다."
6487937d-b2d9-5d66-9730-1c77f412c3f1,28574e79-e546-5e61-8537-74b66ccb868a,EXCLUSION,위험구역에 사람이 없어야만 문이 작동되도록 안전장치가 설치되어 있거나 운전자가 특별히 지정되어 상시 조작하는 경우,그러하지 아니하다.,item,988a746aef4ef897ee6b36c65bcf8ed0145526d6,"1. 동력으로 작동되는 문에 근로자가 끼일 위험이 있는 2.5미터 높이까지는 위급하거나 위험한 사태가 발생한 경우에 문의 작동을 정지시킬 수 있도록 비상정지장치 설치 등 필요한 조치를 할 것. 다만, 위험구역에 사람이 없어야만 문이 작동되도록 안전장치가 설치되어 있거나 운전자가 특별히 지정되어 상시 조작하는 경우에는 그러하지 아니하다."
5ceafaac-ba6b-5e26-994f-80b60dea5e50,98b94a81-7751-5839-b144-085d2bd22cda,EXCLUSION,방화문의 경우,그러하지 아니하다.,item,fd0f10ab060b529b96438d6b39367e8b450d95fe,"3. 동력으로 작동되는 문의 동력이 끊어진 경우에는 즉시 정지되도록 할 것. 다만, 방화문의 경우에는 그러하지 아니하다."
f5454ee9-3fda-5a58-819c-0b399a552414,7c321d7f-41e6-56e4-afcc-13e427abb200,EXCLUSION,동력으로 작동되는 문에 수동으로 열고 닫을 수 있는 문을 별도로 설치하여 근로자가 통행할 수 있도록 한 경우,그러하지 아니하다.,item,b419e3e798f7ef5b1d4bfb2f561b2bfe115c2ee3,"4. 수동으로 열고 닫을 수 있도록 할 것. 다만, 동력으로 작동되는 문에 수동으로 열고 닫을 수 있는 문을 별도로 설치하여 근로자가 통행할 수 있도록 한 경우에는 그러하지 아니하다."
7d6e95a4-5683-5728-8fa2-fcaf430f0c36,042793ed-db22-53a1-b775-23faac7e014b,MODIFICATION,"중간 난간대, 발끝막이판 및 난간기둥은 이와 비슷한 구조와 성능을 가진 것으로 대체할 수 있다.",앞 규칙의 적용 범위 또는 내용을 수정,item,3c05eb212596f942f58186b25345321a2a23e616,"1. 상부 난간대, 중간 난간대, 발끝막이판 및 난간기둥으로 구성할 것. 다만, 중간 난간대, 발끝막이판 및 난간기둥은 이와 비슷한 구조와 성능을 가진 것으로 대체할 수 있다."
ce6abfa0-a9f8-5e13-9010-0291e9caba78,9e6edc84-e446-5f87-bf19-7aeb5cd7fa5a,MODIFICATION,난간기둥 간의 간격이 25센티미터 이하인 경우,중간 난간대를 설치하지 않을 수 있다.,item,9eefe460781751b159d3c1410308433fd3d3403a,"2. 상부 난간대는 바닥면ㆍ발판 또는 경사로의 표면(이하 ""바닥면등""이라 한다)으로부터 90센티미터 이상 지점에 설치하고, 상부 난간대를 120센티미터 이하에 설치하는 경우에는 중간 난간대는 상부 난간대와 바닥면등의 중간에 설치해야 하며, 120센티미터 이상 지점에 설치하는 경우에는 중간 난간대를 2단 이상으로 균등하게 설치하고 난간의 상하 간격은 60센티미터 이하가 되도록 할 것. 다만, 난간기둥 간의 간격이 25센티미터 이하인 경우에는 중간 난간대를 설치하지 않을 수 있다."
8e08b5fc-d7a1-5497-95d8-100d7fae8f01,f44aca17-7da8-5b01-8285-ae71f323c8d1,EXCLUSION,물체가 떨어지거나 날아올 위험이 없거나 그 위험을 방지할 수 있는 망을 설치하는 등 필요한 예방 조치를 한 장소는 제외한다.,해당 범위를 앞 규칙 적용 대상에서 제외,item,ed5b80892c4f147536767da2c0b0a945338016f3,"3. 발끝막이판은 바닥면등으로부터 10센티미터 이상의 높이를 유지할 것. 다만, 물체가 떨어지거나 날아올 위험이 없거나 그 위험을 방지할 수 있는 망을 설치하는 등 필요한 예방 조치를 한 장소는 제외한다."
1147a5e0-13d2-55e6-b2ea-b7ce454b4015,75648bb8-4bd2-5e0d-8171-1c0f9470daa9,MODIFICATION,작업장이 있는 층에 「건축법 시행령」 제34조제1항에 따라 피난층(직접 지상으로 통하는 출입구가 있는 층과 「건축법 시행령」 제34조제3항 및 제4항에 따른 피난안전구역을 말한다) 또는 지상으로 통하는 직통계단(경사로를 포함한다)을 설치한 경우,그 부분에 한정하여 본문에 따른 기준을 충족한 것으로 본다.,item,4bccc9c8ab9a7df511728be72c7806b415218f2c,"2. 작업장의 각 부분으로부터 하나의 비상구 또는 출입구까지의 수평거리가 50미터 이하가 되도록 할 것. 다만, 작업장이 있는 층에 「건축법 시행령」 제34조제1항에 따라 피난층(직접 지상으로 통하는 출입구가 있는 층과 「건축법 시행령」 제34조제3항 및 제4항에 따른 피난안전구역을 말한다) 또는 지상으로 통하는 직통계단(경사로를 포함한다)을 설치한 경우에는 그 부분에 한정하여 본문에 따른 기준을 충족한 것으로 본다."
990faef8-4b13-5bf8-9fb8-76356c45d300,c83b3744-f06c-5b6f-816a-ca7ad8b95683,EXCLUSION,구조상 갑작스러운 하강을 방지하는 장치가 있는 것은 제외한다.,해당 범위를 앞 규칙 적용 대상에서 제외,item,4648a811c356d0f82b171c5692398949960c8fc8,"7. 지게차ㆍ구내운반차(작업장 내 운반을 주목적으로 하는 차량으로 한정한다. 이하 같다)ㆍ화물자동차 등의 차량계 하역운반기계 및 고소(高所)작업대(이하 ""차량계 하역운반기계등""이라 한다)의 포크ㆍ버킷(bucket)ㆍ암 또는 이들에 의하여 지탱되어 있는 화물의 밑에 있는 장소. 다만, 구조상 갑작스러운 하강을 방지하는 장치가 있는 것은 제외한다."
3d5c9c75-d773-5b7a-8ca5-3f48a95e0a33,55263bd3-805f-5f12-b8ad-01a744f6a5c0,EXCLUSION,계단을 설치하거나 높이 2미터 미만의 가설통로로서 튼튼한 손잡이를 설치한 경우,그러하지 아니하다.,item,b2edc305954e590e19bc331cadeccd629f562e78,"2. 경사는 30도 이하로 할 것. 다만, 계단을 설치하거나 높이 2미터 미만의 가설통로로서 튼튼한 손잡이를 설치한 경우에는 그러하지 아니하다."
0b259514-3c38-5ba0-b5de-414df8c07670,d38d5286-07cb-5292-9894-e52c7d98e583,MODIFICATION,작업상 부득이한 경우,필요한 부분만 임시로 해체할 수 있다.,item,cc0b4cc37624b057763f72ca06fe4d3736444d57,"4. 추락할 위험이 있는 장소에는 안전난간을 설치할 것. 다만, 작업상 부득이한 경우에는 필요한 부분만 임시로 해체할 수 있다."
37bcb419-f9f0-56a7-9ad6-d231c11c7b63,12a1f868-c751-53f9-8f67-27c44129d7cb,MODIFICATION,"고정식 사다리식 통로의 기울기는 90도 이하로 하고, 그 높이가 7미터 이상인 경우",다음 각 목의 구분에 따른 조치를 할 것,item,5f2e56c0523765c415b9220fc40bd4f46da74005,"9. 사다리식 통로의 기울기는 75도 이하로 할 것. 다만, 고정식 사다리식 통로의 기울기는 90도 이하로 하고, 그 높이가 7미터 이상인 경우에는 다음 각 목의 구분에 따른 조치를 할 것"
fde9e85b-b4cb-5deb-875a-0f277bd7a1e6,af27d829-e80f-532d-bab5-d1e6195cc0e5,MODIFICATION,그물코가 20밀리미터 이하인 추락방호망을 사용한 경우,제14조제3항에 따른 낙하물 방지망을 설치한 것으로 본다.,item,92a2331da433272692368048925073377467821e,"3. 건축물 등의 바깥쪽으로 설치하는 경우 추락방호망의 내민 길이는 벽면으로부터 3미터 이상 되도록 할 것. 다만, 그물코가 20밀리미터 이하인 추락방호망을 사용한 경우에는 제14조제3항에 따른 낙하물 방지망을 설치한 것으로 본다."
ce49963c-9db1-5e67-81bb-e8eefd2686fb,78aca09f-aa8a-59c0-b831-2e5dd6c012f9,EXCLUSION,높이 1미터 이하의 사다리는 제외한다.,해당 범위를 앞 규칙 적용 대상에서 제외,item,d29716fc9a759e41e9a9a8317ca29aa21ec147eb,"5. 이동식 사다리의 최상부 발판 및 그 하단 디딤대에 올라서서 작업하지 않을 것. 다만, 높이 1미터 이하의 사다리는 제외한다."
b6751add-41c0-5425-b6d7-ad4b1cc611ee,062b1afa-d42b-5ba3-88be-23ff8b7c8cb8,MODIFICATION,외줄비계의 경우,고용노동부장관이 별도로 정하는 기준에 따른다.,item,b4cc37be611e89a29bd14a629f75481c06b928cb,"2. 작업발판의 폭은 40센티미터 이상으로 하고, 발판재료 간의 틈은 3센티미터 이하로 할 것. 다만, 외줄비계의 경우에는 고용노동부장관이 별도로 정하는 기준에 따른다."
44404810-1fe6-572c-b5af-e5389a2c0e34,f6938ed7-4184-5c07-8ac4-3cf99ddbae0f,EXCLUSION,"작업의 성질상 안전난간을 설치하는 것이 곤란한 경우, 작업의 필요상 임시로 안전난간을 해체할 때에 추락방호망을 설치하거나 근로자로 하여금 안전대를 사용하도록 하는 등 추락위험 방지 조치를 한 경우",그러하지 아니하다.,item,f7aab21bb462032bc9fb24ffd76c013c1bba6f86,"4. 추락의 위험이 있는 장소에는 안전난간을 설치할 것. 다만, 작업의 성질상 안전난간을 설치하는 것이 곤란한 경우, 작업의 필요상 임시로 안전난간을 해체할 때에 추락방호망을 설치하거나 근로자로 하여금 안전대를 사용하도록 하는 등 추락위험 방지 조치를 한 경우에는 그러하지 아니하다."
5024bdff-ed67-5448-bda5-dd485905288f,6c96a169-3198-56a2-8b3b-468865f1485b,EXCLUSION,"창틀의 부착 또는 벽면의 완성 등의 작업을 위하여 벽이음 또는 버팀을 제거하는 경우, 그 밖에 작업의 필요상 부득이한 경우로서 해당 벽이음 또는 버팀 대신 비계기둥 또는 띠장에 사재(斜材)를 설치하는 등 비계가 넘어지는 것을 방지하기 위한 조치를 한 경우",그러하지 아니하다.,item,aa2c57172a80603346246134d412084edad88f16,"4. 외줄비계ㆍ쌍줄비계 또는 돌출비계에 대해서는 다음 각 목에서 정하는 바에 따라 벽이음 및 버팀을 설치할 것. 다만, 창틀의 부착 또는 벽면의 완성 등의 작업을 위하여 벽이음 또는 버팀을 제거하는 경우, 그 밖에 작업의 필요상 부득이한 경우로서 해당 벽이음 또는 버팀 대신 비계기둥 또는 띠장에 사재(斜材)를 설치하는 등 비계가 넘어지는 것을 방지하기 위한 조치를 한 경우에는 그러하지 아니하다."
9cd36630-6c62-58d1-9a16-d7b53bbf84ee,c8e1deba-b126-57fb-bfde-40e8a0c7850e,MODIFICATION,다음 각 목의 어느 하나에 해당하는 작업의 경우,안전성에 대한 구조검토를 실시하고 조립도를 작성하면 띠장 방향 및 장선 방향으로 각각 2.7미터 이하로 할 수 있다.,item,a63f6ce422173210bd13a4ca5fa31dfbd1d586f6,"1. 비계기둥의 간격은 띠장 방향에서는 1.85미터 이하, 장선(長線) 방향에서는 1.5미터 이하로 할 것. 다만, 다음 각 목의 어느 하나에 해당하는 작업의 경우에는 안전성에 대한 구조검토를 실시하고 조립도를 작성하면 띠장 방향 및 장선 방향으로 각각 2.7미터 이하로 할 수 있다."
a70ab151-0002-5eff-bc76-d88f15d61b0a,7b8eb3f7-6f9f-5c78-a511-f0a9ed71dfcf,EXCLUSION,작업의 성질상 이를 준수하기가 곤란하여 쌍기둥틀 등에 의하여 해당 부분을 보강한 경우,그러하지 아니하다.,item,9b5ed41d99e7a66c41ee1b4246230ad737c5d5b4,"2. 띠장 간격은 2.0미터 이하로 할 것. 다만, 작업의 성질상 이를 준수하기가 곤란하여 쌍기둥틀 등에 의하여 해당 부분을 보강한 경우에는 그러하지 아니하다."
2cff65c5-dc62-50de-9a39-db1ecab786ee,433f085d-173c-59ee-8804-6f8584a35e3a,EXCLUSION,"브라켓(bracket, 까치발) 등으로 보강하여 2개의 강관으로 묶을 경우 이상의 강도가 유지되는 경우",그러하지 아니하다.,item,1c1d0e79ccee120624fe5e48fee46c33fc3c913a,"3. 비계기둥의 제일 윗부분으로부터 31미터되는 지점 밑부분의 비계기둥은 2개의 강관으로 묶어 세울 것. 다만, 브라켓(bracket, 까치발) 등으로 보강하여 2개의 강관으로 묶을 경우 이상의 강도가 유지되는 경우에는 그러하지 아니하다."
c97c691f-f0f9-5348-acf2-c2cf8d0e2b6e,39310b4f-44fe-5dc9-82a2-e83d1d3b749b,MODIFICATION,작업발판 밑 부분에 띠장 및 장선으로 사용되는 수평부재 간의 결속은 철선을 사용하지 않을 것,앞 규칙의 적용 범위 또는 내용을 수정,item,d385889e668cd4c4edeebdab64dc3af6516e4084,"2. 비계재료 간에는 서로 움직임, 뒤집힘 등이 없어야 하고, 재료가 분리되지 않도록 철물 또는 철선으로 충분히 결속할 것. 다만, 작업발판 밑 부분에 띠장 및 장선으로 사용되는 수평부재 간의 결속은 철선을 사용하지 않을 것"
6f74fded-4245-5f39-bd95-53c8f885675b,65c20168-ca93-5d23-88b9-8af58b45e997,EXCLUSION,운전석에 잠금장치를 하는 등 운전자가 아닌 사람이 운전하지 못하도록 조치한 경우,그러하지 아니하다.,item,00c298630875c653bf236cb9b4ee496f9f0d4d56,"3. 운전석을 이탈하는 경우에는 시동키를 운전대에서 분리시킬 것. 다만, 운전석에 잠금장치를 하는 등 운전자가 아닌 사람이 운전하지 못하도록 조치한 경우에는 그러하지 아니하다."
1e1d8f56-f223-5e87-8d80-2361c960eaf9,6f5ddbda-8fc5-5a20-adca-971ed0a8a377,EXCLUSION,작업을 안전하게 하기 위하여 필요한 조명이 있는 장소에서 사용하는 구내운반차에 대해서는 그러하지 아니하다.,앞 규칙의 적용을 배제하거나 완화,item,948d8f733f0a4b1d55ae735613409b4a92d7c5da,"4. 전조등과 후미등을 갖출 것. 다만, 작업을 안전하게 하기 위하여 필요한 조명이 있는 장소에서 사용하는 구내운반차에 대해서는 그러하지 아니하다."
28d47294-1b68-5450-8468-be91a3c6486a,340b680d-ecf7-5392-9845-2912bf43597b,MODIFICATION,이동 중 전도 등의 위험예방을 위하여 유도하는 사람을 배치하고 짧은 구간을 이동하는 경우,제1호에 따라 작업대를 가장 낮게 내린 상태에서 작업자를 태우고 이동할 수 있다.,item,8b1ce3dd1369b93f648ab5a3aa2ed7a234ccc93d,"2. 작업자를 태우고 이동하지 말 것. 다만, 이동 중 전도 등의 위험예방을 위하여 유도하는 사람을 배치하고 짧은 구간을 이동하는 경우에는 제1호에 따라 작업대를 가장 낮게 내린 상태에서 작업자를 태우고 이동할 수 있다."
e97cab8b-7147-5165-81a1-4e96e572355b,b50557ba-3624-5bf5-a319-8d80a6ce0728,EXCLUSION,작업대에 안전대 부착설비를 설치하고 안전대를 연결하였을 때에는 그러하지 아니하다.,앞 규칙의 적용을 배제하거나 완화,item,770ae81566854a178e07c8d7e7f360f5673678a1,"8. 작업대의 붐대를 상승시킨 상태에서 탑승자는 작업대를 벗어나지 말 것. 다만, 작업대에 안전대 부착설비를 설치하고 안전대를 연결하였을 때에는 그러하지 아니하다."
db958c0d-3ecd-59d5-b721-f7db47200761,8f5995e5-36ea-5c81-8a54-7fd3b459bd9d,EXCLUSION,내부에 고인 지하수를 배출할 수 있는 설비를 설치한 경우,그러하지 아니하다.,item,866d5735057071d8e9ae7704585d619ceef13352,"1. 지하수가 내부로 새어드는 것을 방지할 수 있는 구조로 할 것. 다만, 내부에 고인 지하수를 배출할 수 있는 설비를 설치한 경우에는 그러하지 아니하다."
ca3816f7-7ba8-5238-9231-8ac78ef8ec6c,bc72629f-d008-5c1b-a38f-5e0b3a9dea87,EXCLUSION,7. 가스집합장치의 설치장소에는 소화설비[「소방시설 설치 및 관리에 관한 법률 시행령」 별표 1에 따른 소화설비(간이소화용구를 제외한다)를 말한다] 중 어느 하나 이상을 갖출 것,해당 범위를 앞 규칙 적용 대상에서 제외,item,54defb5e0783f2e46c4564b349b4cf802fbb3750,7. 가스집합장치의 설치장소에는 소화설비[「소방시설 설치 및 관리에 관한 법률 시행령」 별표 1에 따른 소화설비(간이소화용구를 제외한다)를 말한다] 중 어느 하나 이상을 갖출 것
7f92143d-f62d-5189-bc50-1cf701efe8cf,bbab8220-cb0c-566c-b6fd-8005db6cad67,MODIFICATION,"정격전부하전류가 50암페어 이상인 전기기계ㆍ기구에 접속되는 누전차단기는 오작동을 방지하기 위하여 정격감도전류는 200밀리암페어 이하로, 작동시간은 0.1초 이내로 할 수 있다.",앞 규칙의 적용 범위 또는 내용을 수정,item,522cea23db4ad60e46f5ad22c4d4f170a970f219,"1. 전기기계ㆍ기구에 설치되어 있는 누전차단기는 정격감도전류가 30밀리암페어 이하이고 작동시간은 0.03초 이내일 것. 다만, 정격전부하전류가 50암페어 이상인 전기기계ㆍ기구에 접속되는 누전차단기는 오작동을 방지하기 위하여 정격감도전류는 200밀리암페어 이하로, 작동시간은 0.1초 이내로 할 수 있다."
7d5f154d-0f90-529c-a2f2-2622c1985072,e6d6844b-0b23-5930-9570-872c7a789b95,MODIFICATION,평상시 누설전류가 매우 적은 소용량부하의 전로에는 분기회로에 일괄하여 접속할 수 있다.,앞 규칙의 적용 범위 또는 내용을 수정,item,f6a8b5590d61d3cf9b80c7932cb830d93a34eabd,"2. 분기회로 또는 전기기계ㆍ기구마다 누전차단기를 접속할 것. 다만, 평상시 누설전류가 매우 적은 소용량부하의 전로에는 분기회로에 일괄하여 접속할 수 있다."
f574246e-f6e1-5947-b478-d2f49ca5758f,40bde7ba-e1ce-5e3d-811e-10442b727a66,EXCLUSION,저압인 경우,"해당 전기작업자가 절연용 보호구를 착용하되, 충전전로에 접촉할 우려가 없는 경우에는 절연용 방호구를 설치하지 아니할 수 있다.",item,62bba4441f582e723a1c9bbbfc952f39a0416789,"4. 충전전로에 근접한 장소에서 전기작업을 하는 경우에는 해당 전압에 적합한 절연용 방호구를 설치할 것. 다만, 저압인 경우에는 해당 전기작업자가 절연용 보호구를 착용하되, 충전전로에 접촉할 우려가 없는 경우에는 절연용 방호구를 설치하지 아니할 수 있다."
b82183aa-3809-5041-8f56-db256e91c2b2,f330d931-b4f2-544d-93aa-04451f30ff74,EXCLUSION,8. 유자격자가 충전전로 인근에서 작업하는 경우,다음 각 목의 경우를 제외하고는 노출 충전부에 다음 표에 제시된 접근한계거리 이내로 접근하거나 절연 손잡이가 없는 도전체에 접근할 수 없도록 할 것,item,5c7e7a65f32f3d79d489035a924c76b890f69871,8. 유자격자가 충전전로 인근에서 작업하는 경우에는 다음 각 목의 경우를 제외하고는 노출 충전부에 다음 표에 제시된 접근한계거리 이내로 접근하거나 절연 손잡이가 없는 도전체에 접근할 수 없도록 할 것
7425ef17-39a7-5220-bf24-acded8d6acd9,5cbb14fb-9e5f-59d7-b577-2f0ef63bb40b,EXCLUSION,8. 거푸집의 형상에 따른 부득이한 경우를 제외하고는 깔판이나 받침목은 2단 이상 끼우지 않도록 할 것,해당 범위를 앞 규칙 적용 대상에서 제외,item,fa8137b708f726cb7152ae1081974b2b27d77ea4,8. 거푸집의 형상에 따른 부득이한 경우를 제외하고는 깔판이나 받침목은 2단 이상 끼우지 않도록 할 것
7030826f-1649-5160-9556-9daa61b8abf9,aeef637e-d20f-5991-838f-a2739d2ead86,MODIFICATION,중량물을 보관하거나 작업 중인 장소가 경사면인 경우,경사면 아래로는 근로자의 출입을 제한해야 한다.,item,b5b3ab857a7ac8c541b4736e12d766670987a0aa,"2. 중량물이 구를 위험이 있는 방향 앞의 일정거리 이내로는 근로자의 출입을 제한할 것. 다만, 중량물을 보관하거나 작업 중인 장소가 경사면인 경우에는 경사면 아래로는 근로자의 출입을 제한해야 한다."
58dd1a15-2be3-54df-9879-c2a34afbbd39,5d02b517-2ec2-5259-a3d0-a82eb62b4db6,MODIFICATION,열차의 구조적인 문제로 안전난간을 설치할 수 없는 경우,발받침과 손잡이 등을 설치하여야 한다.,item,ede8be3574b25d392dd6ca6cb39e9c9635b07be3,"4. 근로자가 탑승하는 위치에는 안전난간을 설치할 것. 다만, 열차의 구조적인 문제로 안전난간을 설치할 수 없는 경우에는 발받침과 손잡이 등을 설치하여야 한다."
d56c4a2d-3ae2-5630-a8d1-43b103d634ce,13df7fa7-8d6d-569d-9009-ec3184d6a672,EXCLUSION,월 10시간 이상 24시간 미만인 작업이 매월 행하여지는 작업은 제외한다.,해당 범위를 앞 규칙 적용 대상에서 제외,item,c8eb3a8d1dac64ad2c6e8e5b5aaf433e64f8431e,"8. ""임시작업""이란 일시적으로 하는 작업 중 월 24시간 미만인 작업을 말한다. 다만, 월 10시간 이상 24시간 미만인 작업이 매월 행하여지는 작업은 제외한다."
f7a2672d-1f60-54ba-81bf-d42867668fde,868cea10-f79b-5e7e-91eb-852de42f12d9,EXCLUSION,1일 1시간 미만인 작업이 매일 수행되는 경우,는 제외한다.,item,69c3f3127ac81bbd70ec14a01698677fe8568b13,"9. ""단시간작업""이란 관리대상 유해물질을 취급하는 시간이 1일 1시간 미만인 작업을 말한다. 다만, 1일 1시간 미만인 작업이 매일 수행되는 경우는 제외한다."
5a05ee94-ddbe-559d-a096-7b0a4b3fdca3,f147c7a8-6c3d-590e-8e09-bff776c891c4,MODIFICATION,제495조제1호의 작업에 종사하는 경우,송기마스크 또는 전동식 호흡보호구를 지급하여 착용하도록 하여야 한다.,item,33461394b2e0071b4fd48f6cf9a092c4c6f175ab,"1. 방진마스크(특등급만 해당한다)나 송기마스크 또는 「산업안전보건법 시행령」 별표 28 제3호마목에 따른 전동식 호흡보호구. 다만, 제495조제1호의 작업에 종사하는 경우에는 송기마스크 또는 전동식 호흡보호구를 지급하여 착용하도록 하여야 한다."
6f907cd9-55e7-531a-b446-66ce84bf38f2,8ddd2625-6f0c-56f9-8335-28539ebe5826,EXCLUSION,밀폐식 구조로 하는 것이 작업의 성질상 현저히 곤란하여 부스식 후드의 내부에 그 설비를 설치한 경우,는 제외한다.,item,514af74df90ab2dfaac95f01567dfe12049d3917,"1. 제조ㆍ사용 설비는 밀폐식 구조로서 금지유해물질의 가스, 증기 또는 분진이 새지 않도록 할 것. 다만, 밀폐식 구조로 하는 것이 작업의 성질상 현저히 곤란하여 부스식 후드의 내부에 그 설비를 설치한 경우는 제외한다."
c184887f-d1a8-5714-83c0-b2685431c865,c20f52a7-053c-5388-8a04-c46fcc427a33,MODIFICATION,의사의 의학적 판단에 따라 제1호의 조치를 할 수 있다.,앞 규칙의 적용 범위 또는 내용을 수정,item,7088c6ff085fd5aba3cbbb6f7cc21f58f2b662e5,"2. 해당 잠수작업자가 의식이 없는 경우: 잠수작업자의 상태에 따라 적절한 응급처치(「응급의료에 관한 법률」 제2조제3호에 따른 응급처치를 말한다) 등을 받을 수 있도록 조치하여야 한다. 다만, 의사의 의학적 판단에 따라 제1호의 조치를 할 수 있다."
576f6ba6-29d6-507a-935f-146c164b14ba,ec03af54-df08-54b9-8e8a-1f627ee35841,MODIFICATION,기록ㆍ관리 사항 등이 포함된 호흡기질환 예방ㆍ관리를 위한 종합적인 계획을 말한다.,앞 규칙의 적용 범위 또는 내용을 수정,item,c252fcff3dd3f6442da651a4e5f5a79232040b2d,"3. ""호흡기보호 프로그램""이란 분진노출에 대한 평가, 분진노출기준 초과에 따른 공학적 대책, 호흡용 보호구의 지급 및 착용, 분진의 유해성과 예방에 관한 교육, 정기적 건강진단, 기록ㆍ관리 사항 등이 포함된 호흡기질환 예방ㆍ관리를 위한 종합적인 계획을 말한다."
703c9353-2af1-55d1-9c83-20aeb36194f6,985fa4f5-5677-52fe-81e9-c159334ddfa8,EXCLUSION,다음 각 목의 어느 하나에 해당하는 경우,는 제외한다.,item,d7befda95bc6b21e87dd3046ea6c6222a523d4ce,"2. 점검등을 수행하는 근로자를 사전에 지정하고, 출입일시, 점검기간 및 점검내용 등의 출입기록을 작성하여 관리하게 할 것. 다만, 다음 각 목의 어느 하나에 해당하는 경우는 제외한다."
f0bac7a3-b782-5111-a157-ea8361168560,66fd5e9a-43be-587f-98ad-b8bde08814ca,MODIFICATION,수시건강진단 또는 임시건강진단,앞 규칙의 적용 범위 또는 내용을 수정,subitem,1e19342211c7eae822eb1cac48788553be88391f,"나. 배치전건강진단의 제1차 검사항목을 포함하는 특수건강진단, 수시건강진단 또는 임시건강진단"
d8693ab3-1b6f-5d97-b48f-5c675a826156,ccdba096-8674-5890-a45e-9c32da882b47,MODIFICATION,육안 점검만을 위하여 짧은 시간 출입하는 경우,그렇지 않다.,subitem,e2a61427e8fa407e1eab38ab4e5c0c5f3988bae2,"나. 소화설비의 수동밸브나 콕을 잠그거나 차단판을 설치하고 기동장치에 안전핀을 꽂아야 하며, 이를 임의로 개방하거나 안전핀을 제거하는 것을 금지한다는 내용을 보기 쉬운 장소에 게시할 것. 다만, 육안 점검만을 위하여 짧은 시간 출입하는 경우에는 그렇지 않다."
64c8d321-b3a1-5d39-8eb9-aeb6e236ff70,599c75b6-b35e-5226-92b0-698eb5b78487,MODIFICATION,처음 출입하는 근로자에 대해서는 출입 전에 교육을 하여 그 내용을 주지시켜야 한다.,앞 규칙의 적용 범위 또는 내용을 수정,subitem,b11ce77ef46e684f89e9b4005746832284dffa87,"다. 방호구역등에 출입하는 근로자를 대상으로 이산화탄소의 위험성, 소화설비의 작동 시 확인방법, 대피방법, 대피로 등을 주지시키기 위해 반기 1회 이상 교육을 실시할 것. 다만, 처음 출입하는 근로자에 대해서는 출입 전에 교육을 하여 그 내용을 주지시켜야 한다."
5a6a1ff6-b2db-5e63-8291-49907faaab81,be9273e0-fbb3-57e3-a55a-3b865b9f25a3,EXCLUSION,아릴화합물 및 알킬화합물은 특별관리물질에서 제외한다),해당 범위를 앞 규칙 적용 대상에서 제외,annex_logical_row,lrow_0adf8c88a62b,"10) 수은[7439-97-6] 및 그 화합물(Mercury and its compounds)(특별관리물질. 다만, 아릴화합물 및 알킬화합물은 특별관리물질에서 제외한다)"
682fa6b7-8438-5072-b210-a2d402c63d55,90ed908a-7160-54fd-b45f-bb5c10cadcf7,EXCLUSION,"아릴화합물 및 알킬화합물은 특별관리물질에서 제외한다)은 0.3%, 그 밖의 특별관리물질 은 0.1%] 이상 함유한 혼합물",해당 범위를 앞 규칙 적용 대상에서 제외,annex_logical_row,lrow_9c1a6cbd2bb6,"26) 1)부터 25)까지의 물질을 중량비율 1%[납 및 그 무기화합물(특별관리물질), 산화붕소(특별관리물질), 수은 및 그 화합물(특별관리물질. 다만, 아릴화합물 및 알킬화합물은 특별관리물질에서 제외한다)은 0.3%, 그 밖의 특별관리물질 은 0.1%] 이상 함유한 혼합물"
38248a60-e115-5e1a-a11b-460696cf9d48,b6a64774-d25a-5b2a-b48f-d72a8e1230a9,MODIFICATION,영 제110조,앞 규칙의 적용 범위 또는 내용을 수정,annex_logical_row,lrow_5faa658020a8,"1. 자체심사 및 확인업체의 기준: 다음 각 목의 요건을 모두 충족할 것. 다만, 영 제110조"
5c93c489-bf7d-5233-b289-bbd470ee82c3,0a677bc4-e6c4-5520-a689-269e5e5306aa,MODIFICATION,사업장 부속의료기관으로서 특수건강 진단기관으로 지정을 받으려고 하거나 지정을 받은 경우,그 사업장의 유 해인자 유무에 따라 거목 또는 너목의 기기 모두를 갖추지 않을 수 있다.,annex_logical_row,lrow_1f506a5d3d90,"너. 가스크로마토그래프(기체 상태의 혼합물을 분리하여 분석하는 장치) 또는 그 이상의 성능을 가지는 기기. 다만, 사업장 부속의료기관으로서 특수건강 진단기관으로 지정을 받으려고 하거나 지정을 받은 경우에는 그 사업장의 유 해인자 유무에 따라 거목 또는 너목의 기기 모두를 갖추지 않을 수 있다."
2bf8fda1-9e11-5528-89a8-9aecb73b75d6,cae0f10c-6fac-55d6-af28-be8bd6712ce7,MODIFICATION,"다음의 기준에 따라 직 업환경의학과 전문의를 추가하되, 1) 또는 2)를 적용한 직업환경의학과 전문 의 추가 인원 수가 각각 같은 경우","해당 인원 수를 추가하고, 서로 다른 경우에는 더 큰 인원 수를 추가한다.",annex_logical_row,lrow_9839ef96e88b,"가. 「의료법」에 따른 직업환경의학과 전문의(2015년 12월 31일 당시 특수건 강진단기관에서 특수건강진단업무에 8년 이상 계속하여 종사하고 있는 의사 를 포함한다. 이하 이 목에서 같다) 1명 이상. 다만, 다음의 기준에 따라 직 업환경의학과 전문의를 추가하되, 1) 또는 2)를 적용한 직업환경의학과 전문 의 추가 인원 수가 각각 같은 경우에는 해당 인원 수를 추가하고, 서로 다른 경우에는 더 큰 인원 수를 추가한다."
a4c60932-9c05-53fd-bcff-bade66c45221,860141ee-1db3-591a-8194-9f7717a5e784,EXCLUSION,"관리 감독자로 종사한 사업과 같은 업종(한국표준산업분류에 따른 대분류를 기 준으로 한다)의 사업장이면서, 건설업의 경우를 제외하고는 상시근로자 300 명 미만인 사업장에서만 안전관리자가 될 수 있다.",해당 범위를 앞 규칙 적용 대상에서 제외,annex_logical_row,lrow_502ac4223314,"6. 「고등교육법」에 따른 이공계 전문대학 또는 이와 같은 수준 이상의 학 교에서 학위를 취득하고, 해당 사업의 관리감독자로서의 업무(건설업의 경 우는 시공실무경력)를 3년(4년제 이공계 대학 학위 취득자는 1년) 이상 담 당한 후 고용노동부장관이 지정하는 기관이 실시하는 교육(1998년 12월 31 일까지의 교육만 해당한다)을 받고 정해진 시험에 합격한 사람. 다만, 관리 감독자로 종사한 사업과 같은 업종(한국표준산업분류에 따른 대분류를 기 준으로 한다)의 사업장이면서, 건설업의 경우를 제외하고는 상시근로자 300 명 미만인 사업장에서만 안전관리자가 될 수 있다."
71c72c48-1ccf-5d3b-86fd-de1c831a677a,860141ee-1db3-591a-8194-9f7717a5e784,EXCLUSION,"합격한 사람. 다만, 관리 감독자로 종사한 사업과 같은 업종(한국표준산업분류에 따른 대분류를 기 준으로 한다)의 사업장이면서, 건설업의 경우를 제외하고는 상시근로자 300 명 미만인 사업장에서만 안전관리자가 될 수 있다.",해당 범위를 앞 규칙 적용 대상에서 제외,annex_logical_row,lrow_502ac4223314,"6. 「고등교육법」에 따른 이공계 전문대학 또는 이와 같은 수준 이상의 학 교에서 학위를 취득하고, 해당 사업의 관리감독자로서의 업무(건설업의 경 우는 시공실무경력)를 3년(4년제 이공계 대학 학위 취득자는 1년) 이상 담 당한 후 고용노동부장관이 지정하는 기관이 실시하는 교육(1998년 12월 31 일까지의 교육만 해당한다)을 받고 정해진 시험에 합격한 사람. 다만, 관리 감독자로 종사한 사업과 같은 업종(한국표준산업분류에 따른 대분류를 기 준으로 한다)의 사업장이면서, 건설업의 경우를 제외하고는 상시근로자 300 명 미만인 사업장에서만 안전관리자가 될 수 있다."
9769b00c-2c6f-5933-b0d8-66f81cdd2fa9,9883b462-136e-5102-ac2c-26a569aaf390,EXCLUSION,"관리감독자로 종사한 사업과 같은 종류인 업종(한국표준 산업분류에 따른 대분류를 기준으로 한다)의 사업장이면서, 건설업의 경우 를 제외하고는 별표 3 제27호 또는 제36호의 사업을 하는 사업장(상시근로 자 50명 이상 1천명 미만인 경우만 해당한다)에서만 안전관리자가 될 수 있 다. 7의2. 「초ㆍ중등교육법」에 따른 공업계 고등학교를 졸업하거나 「고등교육",해당 범위를 앞 규칙 적용 대상에서 제외,annex_logical_row,lrow_f7a9ff8207d6,"7. 「초ㆍ중등교육법」에 따른 공업계 고등학교 또는 이와 같은 수준 이상의 학교를 졸업하고, 해당 사업의 관리감독자로서의 업무(건설업의 경우는 시 공실무경력)를 5년 이상 담당한 후 고용노동부장관이 지정하는 기관이 실시 하는 교육(1998년 12월 31일까지의 교육만 해당한다)을 받고 정해진 시험에 합격한 사람. 다만, 관리감독자로 종사한 사업과 같은 종류인 업종(한국표준 산업분류에 따른 대분류를 기준으로 한다)의 사업장이면서, 건설업의 경우 를 제외하고는 별표 3 제27호 또는 제36호의 사업을 하는 사업장(상시근로 자 50명 이상 1천명 미만인 경우만 해당한다)에서만 안전관리자가 될 수 있 다. 7의2. 「초ㆍ중등교육법」에 따른 공업계 고등학교를 졸업하거나 「고등교육"
6f6eeef3-a358-5963-87d6-4d35d8e2fd77,9883b462-136e-5102-ac2c-26a569aaf390,EXCLUSION,"사람. 다만, 관리감독자로 종사한 사업과 같은 종류인 업종(한국표준 산업분류에 따른 대분류를 기준으로 한다)의 사업장이면서, 건설업의 경우 를 제외하고는 별표 3 제27호 또는 제36호의 사업을 하는 사업장(상시근로 자 50명 이상 1천명 미만인 경우만 해당한다)에서만 안전관리자가 될 수 있 다",해당 범위를 앞 규칙 적용 대상에서 제외,annex_logical_row,lrow_f7a9ff8207d6,"7. 「초ㆍ중등교육법」에 따른 공업계 고등학교 또는 이와 같은 수준 이상의 학교를 졸업하고, 해당 사업의 관리감독자로서의 업무(건설업의 경우는 시 공실무경력)를 5년 이상 담당한 후 고용노동부장관이 지정하는 기관이 실시 하는 교육(1998년 12월 31일까지의 교육만 해당한다)을 받고 정해진 시험에 합격한 사람. 다만, 관리감독자로 종사한 사업과 같은 종류인 업종(한국표준 산업분류에 따른 대분류를 기준으로 한다)의 사업장이면서, 건설업의 경우 를 제외하고는 별표 3 제27호 또는 제36호의 사업을 하는 사업장(상시근로 자 50명 이상 1천명 미만인 경우만 해당한다)에서만 안전관리자가 될 수 있 다. 7의2. 「초ㆍ중등교육법」에 따른 공업계 고등학교를 졸업하거나 「고등교육"
fc4c5f15-9453-5e81-9542-ca3319defbcc,4d82f4d0-a8c3-5dd2-a909-e95b24f743f2,EXCLUSION,건설업을 제외한 사업의 사업장이면 서 상시근로자 300명 미만인 사업장에서만 안전관리자가 될 수 있다.,해당 범위를 앞 규칙 적용 대상에서 제외,annex_logical_row,lrow_399c48948023,"법」에 따른 학교에서 공학 또는 자연과학 분야 학위를 취득하고, 건설업을 제외한 사업에서 실무경력이 5년 이상인 사람으로서 고용노동부장관이 지 정하는 기관이 실시하는 교육(2028년 12월 31일까지의 교육만 해당한다)을 받고 정해진 시험에 합격한 사람. 다만, 건설업을 제외한 사업의 사업장이면 서 상시근로자 300명 미만인 사업장에서만 안전관리자가 될 수 있다."
cbb8a2f0-40a1-595a-b73b-dfb8c3c68f83,a7136c25-1b1f-5fa5-9eeb-4d1c2241a6f6,EXCLUSION,다음 각 목의 어 느 하나에서 정하는 작업은 제외한다.,해당 범위를 앞 규칙 적용 대상에서 제외,annex_logical_row,lrow_5043772b765c,"다. 이하 이 표에서 같다)을 파내는 장소에서의 작업. 다만, 다음 각 목의 어 느 하나에서 정하는 작업은 제외한다."
4f11948b-e66d-5166-ba1a-3992727a7512,e55f5b14-356a-5605-ba3f-dc4d305f0f2b,EXCLUSION,다음 각 목의 어느 하나에 정하는 작업은 제외한다.,해당 범위를 앞 규칙 적용 대상에서 제외,annex_logical_row,lrow_ff8719504107,"12. 도자기, 내화물(耐火物), 형사토 제품 또는 연마재를 제조하는 공정에서 원 료를 혼합 또는 성형하거나, 원료 또는 반제품을 건조하거나, 반제품을 차에 싣거나 쌓은 장소에서의 작업이나 가마 내부에서의 작업. 다만, 다음 각 목의 어느 하나에 정하는 작업은 제외한다."
cf018303-273a-5536-8d99-883b170f0782,63cab556-b032-5ef9-92ae-ca409e026dab,MODIFICATION,복귀돌연변이에 관한 시험결과가 양성인 경우에 는 시험동물을 이용한 소핵 시험성적서를 제출해야 한다.,앞 규칙의 적용 범위 또는 내용을 수정,annex_logical_row,lrow_b843f3af4dc3,"나. 신규화학물질의 연간 제조ㆍ수입량이 1톤 이상 10톤 미만인 경우: 시험동물을 이용한 소핵 시험성적서. 다만, 복귀돌연변이에 관한 시험결과가 양성인 경우에 는 시험동물을 이용한 소핵 시험성적서를 제출해야 한다."
afce3a04-7b94-5797-a5b2-842c3f197522,33f96b74-ae9c-5b19-8b80-761c5aebd981,MODIFICATION,"연간 제조ㆍ수입량이 100톤 이상 1,000톤 미 만인 경우로서 복귀돌연변이에 관한 시험결과가 양성인 경우",시험동물을 이 용한 소핵 시험성적서를 제출해야 한다.,annex_logical_row,lrow_a2eca5a4e60a,"나. 고분자화합물의 연간 제조ㆍ수입량이 10톤 이상 1,000톤 미만인 경우: 시험동 물을 이용한 소핵 시험성적서. 다만, 연간 제조ㆍ수입량이 100톤 이상 1,000톤 미 만인 경우로서 복귀돌연변이에 관한 시험결과가 양성인 경우에는 시험동물을 이 용한 소핵 시험성적서를 제출해야 한다."
ef50b537-7d59-5463-99d3-78f55ec0aee8,d7637e82-11d0-5f7c-a473-5275c050b859,MODIFICATION,과태료를 체납하고 있는 위반행 위자에 대해서는 그렇지 않다.,앞 규칙의 적용 범위 또는 내용을 수정,annex_logical_row,lrow_6cfb35ba33ed,"다. 부과권자는 다음의 어느 하나에 해당하는 경우에는 제3호의 개별기준에 따 른 과태료(제2호에 따라 과태료 감경기준이 적용되는 사업 또는 사업장의 경 우에는 같은 호에 따른 감경기준에 따라 산출한 금액을 말한다)의 2분의 1 범 위에서 그 금액을 줄여 부과할 수 있다. 다만, 과태료를 체납하고 있는 위반행 위자에 대해서는 그렇지 않다."
c90c8046-f783-5ecc-8e6e-42f8d7ad8bd5,ac100d91-9bb2-54f6-b45a-b84f5694cb28,EXCLUSION,"약물, 감염, 후천성면역결핍증, 악성 종양 등 다른 원인으로 발생한 스티븐스존슨 증후군은 제외한다.",해당 범위를 앞 규칙 적용 대상에서 제외,annex_logical_row,lrow_9a4eebc07752,"15. 트리클로로에틸렌에 노출(해당 물질에 노출되는 업무에 종사하지 않게 된 후 3개월이 지난 경우는 제외한다)되어 발생한 스티븐스존슨 증후군 (stevens-johnson syndrome). 다만, 약물, 감염, 후천성면역결핍증, 악성 종양 등 다른 원인으로 발생한 스티븐스존슨 증후군은 제외한다."
f4b5f626-9ed0-5f67-beef-cb1bfb129b7d,f1db06bb-097c-5113-9e80-970cfaa278aa,EXCLUSION,"약물, 알코올, 과체중, 당뇨병 등 다른 원인으로 발생 하거나 다른 질병이 원인이 되어 발생한 간염은 제외한다.",해당 범위를 앞 규칙 적용 대상에서 제외,annex_logical_row,lrow_16dc2c32d9e3,"16. 트리클로로에틸렌 또는 디메틸포름아미드(dimethylformamide)에 노출(해당 물질에 노출되는 업무에 종사하지 않게 된 후 3개월이 지난 경우는 제외한다)되 어 발생한 독성 간염. 다만, 약물, 알코올, 과체중, 당뇨병 등 다른 원인으로 발생 하거나 다른 질병이 원인이 되어 발생한 간염은 제외한다."
cbc15d42-ec8d-59b0-a112-d4c99499430f,4b43e145-c366-549f-8159-c8faaad2e16e,MODIFICATION,별표 18 제2호마목에 따른 이상기온에 기인한 질병사망자는 포함한다.,앞 규칙의 적용 범위 또는 내용을 수정,annex_logical_row,lrow_417e2d4ddc93,"다만, 별표 18 제2호마목에 따른 이상기온에 기인한 질병사망자는 포함한다."
ac549a98-f527-527c-9949-f3aa1787f8e9,37fb4645-e6f8-5a30-a7b5-3e0a1efc8c60,EXCLUSION,「전통시장 및 상점가 육성을 위한 특별법」 제2조제1호의 전통시장은 제외한다.,해당 범위를 앞 규칙 적용 대상에서 제외,annex_logical_row,lrow_e4487cbdc74f,"13. 「유통산업발전법」 제2조제3호의 대규모점포. 다만, 「전통시장 및 상점가 육성을 위한 특별법」 제2조제1호의 전통시장은 제외한다."
80627060-c407-5484-9ab3-7fb12153ca83,579fda16-befc-5306-87b3-2aa3bad79a0e,EXCLUSION,「건축법 시행령」 별표 1 제14호나목2)의 오피스텔은 제외한다.,해당 범위를 앞 규칙 적용 대상에서 제외,annex_logical_row,lrow_ae0ee6095729,"다만, 「건축법 시행령」 별표 1 제14호나목2)의 오피스텔은 제외한다."
4d30e699-962b-5238-9f4a-026a7cd12b27,76fbde5f-763d-5a2c-b765-e1a960bc401a,EXCLUSION,「건축법 시행령」 별표 1 제2호 의 공동주택 또는 같은 표 제14호나목2)의 오피스텔이 포함된 경우,는 제외한다.,annex_logical_row,lrow_0ffb0829c2d9,"17. 「건축법」 제2조제2항에 따라 구분된 용도 중 둘 이상의 용도에 사용되는 건 축물로서 연면적 2천제곱미터 이상인 것. 다만, 「건축법 시행령」 별표 1 제2호 의 공동주택 또는 같은 표 제14호나목2)의 오피스텔이 포함된 경우는 제외한다."
70e74a6e-f676-552a-ba0c-c292102a62b0,2091d1d7-d7b8-5cef-809a-1b1c3425640c,MODIFICATION,둘 이상의 사업장의 근로자가 공동으로 같은 휴게시설(이하 이 표에서 “공동휴게시설”이라 한,앞 규칙의 적용 범위 또는 내용을 수정,annex_logical_row,lrow_586c83c7392a,"가. 휴게시설의 최소 바닥면적은 6제곱미터로 한다. 다만, 둘 이상의 사업장의 근로자가 공동으로 같은 휴게시설(이하 이 표에서 “공동휴게시설”이라 한"
c64a2c78-ffd8-5aba-988f-2f90ab53189e,ca4203a0-197c-519d-8ea1-e0b3ab39ea3b,EXCLUSION,일시적으로 대기 중 상대습도가 현저히 높 거나 낮아 적정한 습도를 유지하기 어렵다고 고용노동부장관이 인정하는 경우,는 제외한다)를 유지할 수 있는 습도 조절 기능이 갖춰져 있어야 한다.,annex_logical_row,lrow_35ee48ca303b,"4. 습도 적정한 습도(50% ∼ 55%. 다만, 일시적으로 대기 중 상대습도가 현저히 높 거나 낮아 적정한 습도를 유지하기 어렵다고 고용노동부장관이 인정하는 경우 는 제외한다)를 유지할 수 있는 습도 조절 기능이 갖춰져 있어야 한다."
b9ed272d-a7d1-58c4-8a01-a093ea171177,abbf6daf-edbf-5a86-8745-a695de762f1c,EXCLUSION,법 제145조제1항에 따라 등록한 산업보건지도사가 해당 자격을 보유하고 있 는 경우,는 제외한다.,annex_logical_row,lrow_2e8b68175b86,"2) 제2호가목1)가)에 해당하는 사람(위촉을 포함한다) 1명 이상. 다만, 법 제145조제1항에 따라 등록한 산업보건지도사가 해당 자격을 보유하고 있 는 경우는 제외한다."
194983f8-9681-5fb9-a7f3-915abd1a4e32,07130d17-39e1-5b28-bc9f-80255b9caeff,MODIFICATION,신규 개설 또는 휴업 등으로 전년도 1년 간의 총 매출금액을 산출할 수 없거나 1년간의 총 매출금액을 기준으로 하 는 것이 타당하지 않다고 인정되는 경우,"분기(90일을 말한다)별, 월별 또는 일별 매출금액을 해당 단위에 포함된 일수로 나누어 1일 평균매출금 액을 산정한다.",annex_logical_row,lrow_ef16aeeaed24,"다. 과징금 부과금액의 기초가 되는 1일 평균매출금액은 위반행위를 한 해당 지정기관에 대한 행정처분일이 속한 연도의 전년도 1년간의 총 매출금액을 365로 나눈 금액으로 한다. 다만, 신규 개설 또는 휴업 등으로 전년도 1년 간의 총 매출금액을 산출할 수 없거나 1년간의 총 매출금액을 기준으로 하 는 것이 타당하지 않다고 인정되는 경우에는 분기(90일을 말한다)별, 월별 또는 일별 매출금액을 해당 단위에 포함된 일수로 나누어 1일 평균매출금 액을 산정한다."
db0a122a-8045-5cb4-8359-091366c65a46,c02f44f6-5299-5bd7-9159-d6a16cf34292,MODIFICATION,늘리는 경우에도 과징금 부과금액의 총액은 10억원을 넘을 수 없다.,앞 규칙의 적용 범위 또는 내용을 수정,annex_logical_row,lrow_0a07d54dff8b,"다만, 늘리는 경우에도 과징금 부과금액의 총액은 10억원을 넘을 수 없다."
b312a762-a355-51d1-92b4-c448b1314e24,e07bab57-278a-58df-b095-4b74c77eef74,EXCLUSION,측정대상 사업장에서 실험실 분석이 필 요하지 않은 유해인자만 발생하는 경우,제외할 수 있다),annex_logical_row,lrow_8d74ed586e50,"2) 대학 또는 이와 같은 수준 이상의 학교에서 산업보건(위생)학ㆍ환경보건 (위생)학ㆍ환경공학ㆍ위생공학ㆍ약학ㆍ화학 또는 화학공학 관련 학위를 취득한 사람(법령에 따라 이와 같은 수준 이상의 학력이 있다고 인정되는 사람을 포함한다) 1명 이상(다만, 측정대상 사업장에서 실험실 분석이 필 요하지 않은 유해인자만 발생하는 경우에는 제외할 수 있다)"
d86e38c9-01ee-5624-97ff-f1acb9717e68,7d1afef1-c65b-5ef4-9b27-ee9da6db2e39,EXCLUSION,적발된 날 부터 소급하여 5년이 되는 날 전에 한 부과처분은 가중처분의 차수 산정 대 상에서 제외한다.,해당 범위를 앞 규칙 적용 대상에서 제외,annex_logical_row,lrow_3eb2ffb8da58,"나. 가목에 따라 가중된 부과처분을 하는 경우 가중처분의 적용 차수는 그 위반 행위 전 부과처분 차수(가목에 따른 기간 내에 과태료 부과처분이 둘 이상 있었던 경우에는 높은 차수를 말한다)의 다음 차수로 한다. 다만, 적발된 날 부터 소급하여 5년이 되는 날 전에 한 부과처분은 가중처분의 차수 산정 대 상에서 제외한다."
f7094480-cc5e-5d5c-a430-550b0e55c961,a7fe6f5c-98ea-58ae-a05b-35d2e82cfb86,MODIFICATION,과태료를 체납하고 있는 위반행위자의 경우,그 금액을 줄일 수 없다.,annex_logical_row,lrow_0f1933bcd768,"다. 부과권자는 다음의 어느 하나에 해당하는 경우에는 제4호의 개별기준에 따른 과태료 부과금액의 2분의 1 범위에서 그 금액을 줄일 수 있다. 다만, 과태료를 체납하고 있는 위반행위자의 경우에는 그 금액을 줄일 수 없다."
9765bd42-290c-5465-9fd7-72e6f3c73717,0149f75f-173f-59a0-a95a-c37dae403502,MODIFICATION,다목 또는 제3호에 따라 줄인 후 과태료 금액이 100만원 미만이 된 경우,100만원으로 부과한다.,annex_logical_row,lrow_9be8ed406520,"제3호에 따라 줄이지 않고 제4호에 따라 과태료를 부과한다. 다만, 다목 또는 제3호에 따라 줄인 후 과태료 금액이 100만원 미만이 된 경우에는 100만원으로 부과한다."
56ec5f3f-c6f2-5347-a413-7b643b499ade,1c098028-04e4-5a75-a2f0-9b9035e51262,EXCLUSION,다음 각 목의 어느 하나에 해당하는 업체는 제외한다.,해당 범위를 앞 규칙 적용 대상에서 제외,annex_logical_row,lrow_ebfe46b43427,"1. 법 제84조제1항에 따른 안전인증대상기계등의 제조업체 또는 법 제89조제1항에 따른 자율안전확인대상기계등의 제조업체 또는 산업재해가 많이 발생하는 기계ㆍ기구 및 설비의 제조업체로서 자체적으로 생산체계 및 품질관리시스템을 갖추고 이를 준수하 는 업체일 것. 다만, 다음 각 목의 어느 하나에 해당하는 업체는 제외한다."
dd20b54b-0eab-500b-975c-f83624308b2e,b3330695-5072-55fe-9015-c4546554fd48,EXCLUSION,적발된 날부터 소급하여 2년 이 되는 날 전에 한 행정처분은 가중처분의 차수 산정 대상에서 제외한다.,해당 범위를 앞 규칙 적용 대상에서 제외,annex_logical_row,lrow_b0b39611e7b6,"다. 나목에 따라 가중된 행정처분을 하는 경우 행정처분의 적용 차수는 그 위반행 위 전 부과처분 차수(나목에 따른 기간 내에 행정처분이 둘 이상 있었던 경우에 는 높은 차수를 말한다)의 다음 차수로 한다. 다만, 적발된 날부터 소급하여 2년 이 되는 날 전에 한 행정처분은 가중처분의 차수 산정 대상에서 제외한다."
09720c87-45c9-5ef8-8d2a-e0bca12a42c9,b257b2df-ee67-50c1-a68b-d3219df55dbc,MODIFICATION,해당 정 | 수수료 참조,앞 규칙의 적용 범위 또는 내용을 수정,annex_logical_row,lrow_c58008e376a1,"3. 대체자료로 적으려는 화학물질의 건강 및 환경에 대한 유해성, 물리적 위험성 정보. 다만, 해당 정 | 수수료 참조"
dd3eda69-2607-57fa-8f24-253d7d32b97b,d9173a12-4f26-5a18-bf13-402fcb8b9aa5,MODIFICATION,"해당 정보가 제2호의 제품의 물질안전보건자료에 적혀 있는 경우 제2호의 자료로 대신할 수 있으며, 별지 제62호서식의 화학물질 확인서류와 국외제조자로부터 확인받은 화",앞 규칙의 적용 범위 또는 내용을 수정,annex_logical_row,lrow_8ad4310642b0,"한 자료나 서류. 다만, 해당 정보가 제2호의 제품의 물질안전보건자료에 적혀 있는 경우 제2호의 자료로 대신할 수 있으며, 별지 제62호서식의 화학물질 확인서류와 국외제조자로부터 확인받은 화"
13def1c1-413a-5f89-b8f3-bf485d5e7c94,8736b4b8-fecc-54cb-a3e4-3ad30b7c6e5c,EXCLUSION,라. 특별교육 일 이하인 기간제근로자: 별표 5 제1호 라목(제39호는 제외한다)에 해당하는 작업에 종사하는 근로자에 한정한다. | 1) 일용근로자 및 근로계약기간이 1주 2시간 이상,해당 범위를 앞 규칙 적용 대상에서 제외,annex_logical_row,lrow_f33cf4319e90,라. 특별교육 일 이하인 기간제근로자: 별표 5 제1호 라목(제39호는 제외한다)에 해당하는 작업에 종사하는 근로자에 한정한다. | 1) 일용근로자 및 근로계약기간이 1주 2시간 이상
6d4fe67d-ca40-55e6-b44b-f6773e9649fd,1b548348-f6bb-531c-8509-f31e084dbbd3,MODIFICATION,2) 일용근로자 및 근로계약기간이 1주 일 이하인 기간제근로자: 별표 5 제1호 라목제39호에 해당하는 작업에 종사하 는 근로자에 한정한다. | 8시간 이상,앞 규칙의 적용 범위 또는 내용을 수정,annex_logical_row,lrow_e9d4a05a4d60,2) 일용근로자 및 근로계약기간이 1주 일 이하인 기간제근로자: 별표 5 제1호 라목제39호에 해당하는 작업에 종사하 는 근로자에 한정한다. | 8시간 이상
3c715064-e094-5800-8c73-48e2cee028fc,69877f32-d0a6-5665-8de1-27b956ddac86,EXCLUSION,일 이하인 기간제근로자를 제외한 근 | 종사하기 전 4시간 이상 실시,해당 범위를 앞 규칙 적용 대상에서 제외,annex_logical_row,lrow_afe8daedc5f8,일 이하인 기간제근로자를 제외한 근 | 종사하기 전 4시간 이상 실시
3ed1de05-af2d-5270-a4ed-bda88bb09705,1da37875-594c-51c2-821d-d7b76423fd42,MODIFICATION,업에 종사하는 근로자에 한정한다. 나) 단기간 작업 또는 간헐적 작업인 경우,2시간 이상 | 서 분할하여 실시 가능),annex_logical_row,lrow_7d6cb9927b58,업에 종사하는 근로자에 한정한다. 나) 단기간 작업 또는 간헐적 작업인 경우에는 2시간 이상 | 서 분할하여 실시 가능)
b9463e3c-4a69-5c57-8293-f28ad21187bf,119a5aeb-fe1f-5ad3-a0e5-d54d8b305bc2,MODIFICATION,별표 4,앞 규칙의 적용 범위 또는 내용을 수정,annex_logical_row,lrow_e72dd7b37132,"16. 기타 기계 및 장비 제조업 | 한다. 다만, 별표 4"
7be6a898-1694-58fe-a383-b83db007e296,1e78f674-5071-5ee3-b40d-d9348929686a,MODIFICATION,"제 | 1명 이상 | 호, 제3호(이 표 제2 8호, 제30호부터 제",앞 규칙의 적용 범위 또는 내용을 수정,annex_logical_row,lrow_ca06eca31604,"29. 제2호부터 제21호까지의 사업을 제외한 제조업 | 명 이상 1천명 미만. 다만, 제 | 1명 이상 | 호, 제3호(이 표 제2 8호, 제30호부터 제"
b3a1f383-cb8f-5c4a-b9c1-f2ac0e7c7f5d,bf202e64-17b1-5701-869e-b768266dcffc,MODIFICATION,| 별표 4 제1호부터,앞 규칙의 적용 범위 또는 내용을 수정,annex_logical_row,lrow_c42e0f2d72b0,"공사금액 3천 | 5명 이상. 다만, | 별표 4 제1호부터"
1a04e74b-1965-5f2b-a608-e933f6839640,68c32fc7-8885-5b8c-8d32-0460ad69e2a2,MODIFICATION,"| 있고, 산업안전지도",앞 규칙의 적용 범위 또는 내용을 수정,annex_logical_row,lrow_271809469b79,"공사금액 3,900 | 6명 이상. 다만, | 있고, 산업안전지도"
90ff3e0a-5e63-5995-894d-c587358cb968,757cf241-ba58-500c-8302-0f21b2b311af,MODIFICATION,| 별표 4 제1호부터 제,앞 규칙의 적용 범위 또는 내용을 수정,annex_logical_row,lrow_c974a8f2265f,"공사금액 4,900 | 7명 이상. 다만, | 별표 4 제1호부터 제"
3add4554-4746-5523-bbb9-f1c303a8620f,eef9aa3d-5517-5ff9-8909-fad7f754c1f1,MODIFICATION,"| 있고, 산업안전지도",앞 규칙의 적용 범위 또는 내용을 수정,annex_logical_row,lrow_963b9e884878,"공사금액 6천 | 8명 이상. 다만, | 있고, 산업안전지도"
5015c462-2d8b-5751-b00b-de04cff16577,88d636cf-6855-5375-b4ff-25634abbf2ae,MODIFICATION,| 별표 4 제1호부터,앞 규칙의 적용 범위 또는 내용을 수정,annex_logical_row,lrow_a11a4757c8fb,"공사금액 7,200 | 9명 이상. 다만, | 별표 4 제1호부터"
db635d0f-8d8f-5fa0-bccc-dd8dd15f1145,02fde073-8eb4-5b5d-aef0-4daf9c9c2573,MODIFICATION,전체 공사 | 이상 포함되어야 한,앞 규칙의 적용 범위 또는 내용을 수정,annex_logical_row,lrow_b126b788779d,"15에 해당하는 | 다. 다만, 전체 공사 | 이상 포함되어야 한"
bfbf1ed8-ba24-52dc-99e8-5b35f27f7d8f,da292618-6998-5f0a-924d-991287872867,MODIFICATION,전체 공사기간 중 전 ㆍ후 15에 해 당하는 기간은 선임 대상 안 | 되어야 한다.,앞 규칙의 적용 범위 또는 내용을 수정,annex_logical_row,lrow_ece9c2c4a6b3,"이상부터는 매 3천억원)마다 1명씩 추가한 다]. 다만, 전체 공사기간 중 전 ㆍ후 15에 해 당하는 기간은 선임 대상 안 | 되어야 한다."
529a019a-cbe9-53b2-94a8-8ae806c23594,8f3917de-2b20-507b-a366-56f2bbab7f71,MODIFICATION,특별정도관리의 경우 1회 부적합 판정 | 에서 적합,앞 규칙의 적용 범위 또는 내용을 수정,annex_logical_row,lrow_df14989aa455,"단, 특별정도관리의 경우 1회 부적합 판정 | 에서 적합"
e52f97e1-1244-510f-8afb-69ec24bd76c6,591788ab-c6e3-556f-8714-3f2065bebcc7,MODIFICATION,인화성,앞 규칙의 적용 범위 또는 내용을 수정,annex_logical_row,lrow_fe5f117b097f,"질 경고 | 산ㆍ알칼리 등을 첨가 | 질산 저장탱크 | 2 | 다만, 인화성"
afebedf0-2fa8-557e-b77f-bc479823cb01,e3a7a629-8c75-5ab5-8baf-842a9152ccf6,MODIFICATION,실외 또 | 바탕에 흑색,앞 규칙의 적용 범위 또는 내용을 수정,annex_logical_row,lrow_64422c7d88de,"금지 | 유해물질 | 조, 사용 작업장 | (단, 실외 또 | 바탕에 흑색"
e156a175-05d0-5216-b81a-9f82e260ad4b,5a89e4f9-bac2-5b31-a6c7-3f52ce1b633e,MODIFICATION,"안전진단(일반, 건설), 보건진단",앞 규칙의 적용 범위 또는 내용을 수정,annex_logical_row,lrow_5bc4e2be5eed,"진단 구분 | 종합진단, 안전진단(일반, 건설), 보건진단"
5c6c9fc7-ca42-5572-96f4-bc158cae622c,bec08c83-5b35-5dcd-a43c-180f02acb199,MODIFICATION,"안전진단(일반, 건설), 보건진단",앞 규칙의 적용 범위 또는 내용을 수정,annex_logical_row,lrow_5b0cae971d62,"(해당란에 표) | 종합진단, 안전진단(일반, 건설), 보건진단"
b32cbd3b-452f-5a7f-9b3d-739e65baff6a,90eb4fec-3a68-573a-b566-dfb2630ececd,EXCLUSION,자를 제외한 별표22의 모든 대상 유 해인자 | 제1호부터 제5호까지의 대상 유해인 | 6개월 이내 | 12개월,해당 범위를 앞 규칙 적용 대상에서 제외,annex_logical_row,lrow_a41fc556dc50,자를 제외한 별표22의 모든 대상 유 해인자 | 제1호부터 제5호까지의 대상 유해인 | 6개월 이내 | 12개월
f332b6b4-ee4d-5fd8-8c44-d3c1a0df99d1,6f74f2fd-59a3-5886-9274-0736bdc4563c,MODIFICATION,제35호의 경 | 하는 사람을 선임,앞 규칙의 적용 범위 또는 내용을 수정,annex_logical_row,lrow_c8230f235468,"절공급업 | 다만, 제35호의 경 | 하는 사람을 선임"
bdebf31f-3f35-52ff-a8f4-423a34a1c3b7,c399d2ba-ac7b-5a2f-b04c-015ca1f352cc,MODIFICATION,건강진단ㆍ분석능력 평가 결과 적합판정을 받은 건강진단기관과 생물학적 노출지,앞 규칙의 적용 범위 또는 내용을 수정,annex_logical_row,lrow_f9006776f7ee,"음을 증명하는 서류. 다만, 건강진단ㆍ분석능력 평가 결과 적합판정을 받은 건강진단기관과 생물학적 노출지"
baa5100a-feee-5a04-aa8c-09cc000c06cf,90da559c-e0d1-5892-87c1-22cbd735070d,MODIFICATION,단위공정시설 등이 불연재로 시공,앞 규칙의 적용 범위 또는 내용을 수정,annex_logical_row,lrow_8b038321638d,"및 설비, 위험물질 저장탱크 또는 위 다만, 단위공정시설 등이 불연재로 시공"
a72dea2f-0483-5438-97c6-dffb2138103c,f486cdfb-0e9a-58da-aeec-763f1f782fb1,MODIFICATION,"해당 정보가 제2호의 제품의 물질안전보건자료에 적혀 있는 경우 제2호의 자료로 대신할 수 있으며, 별지 제62호서식의 화학물질 확인서류와 국외제조자로부터 확인받은 화",앞 규칙의 적용 범위 또는 내용을 수정,annex_logical_cell,lcell_73a9cfc784a5,"제출 서류: 한 자료나 서류. 다만, 해당 정보가 제2호의 제품의 물질안전보건자료에 적혀 있는 경우 제2호의 자료로 대신할 수 있으며, 별지 제62호서식의 화학물질 확인서류와 국외제조자로부터 확인받은 화"
b98b9f7e-87ce-56e3-9607-384e719d557c,44122ef6-4939-5309-9185-35fb284ca550,EXCLUSION,교육과정: 라. 특별교육 일 이하인 기간제근로자: 별표 5 제1호 라목(제39호는 제외한다)에 해당하는 작업에 종사하는 근로자에 한정한다.,해당 범위를 앞 규칙 적용 대상에서 제외,annex_logical_cell,lcell_1bad083cdce7,교육과정: 라. 특별교육 일 이하인 기간제근로자: 별표 5 제1호 라목(제39호는 제외한다)에 해당하는 작업에 종사하는 근로자에 한정한다.
eb157cca-7060-5874-83e3-4c2d1c73ff2d,a7baed04-ecd0-561b-8b7b-c06124e3e34d,MODIFICATION,교육과정: 2) 일용근로자 및 근로계약기간이 1주 일 이하인 기간제근로자: 별표 5 제1호 라목제39호에 해당하는 작업에 종사하 는 근로자에 한정한다.,앞 규칙의 적용 범위 또는 내용을 수정,annex_logical_cell,lcell_7e471730467d,교육과정: 2) 일용근로자 및 근로계약기간이 1주 일 이하인 기간제근로자: 별표 5 제1호 라목제39호에 해당하는 작업에 종사하 는 근로자에 한정한다.
8d9460b7-d12a-5e8e-983f-ad51a3105e5a,2c0be2ea-3da6-57d0-81cb-63f703069a18,EXCLUSION,교육과정: 일 이하인 기간제근로자를 제외한 근,해당 범위를 앞 규칙 적용 대상에서 제외,annex_logical_cell,lcell_4b1d9886bf6b,교육과정: 일 이하인 기간제근로자를 제외한 근
042591cf-513e-5f85-9bdd-b3b286b76507,14ea5be3-9518-59ec-b7e6-bd1250e13f7b,MODIFICATION,교육과정: 업에 종사하는 근로자에 한정한다. 나) 단기간 작업 또는 간헐적 작업인 경우,2시간 이상,annex_logical_cell,lcell_d6c7b2a407ee,교육과정: 업에 종사하는 근로자에 한정한다. 나) 단기간 작업 또는 간헐적 작업인 경우에는 2시간 이상
114f8bfb-4abd-5d5a-99a6-8c7a597587cc,4fb575a5-2d15-58f8-8522-e31f7b641121,MODIFICATION,제,앞 규칙의 적용 범위 또는 내용을 수정,annex_logical_cell,lcell_edc84e82b79f,"사업장의: 명 이상 1천명 미만. 다만, 제"
00871c2a-5894-5f3d-a3e7-9f8debeaf78f,c4531dde-f318-57c3-b1d2-1315f2a7fba1,MODIFICATION,전체 공사기간 중 전 ㆍ후 15에 해 당하는 기간은 선임 대상 안,앞 규칙의 적용 범위 또는 내용을 수정,annex_logical_cell,lcell_8ed17f03954a,"사업의 종류: 이상부터는 매 3천억원)마다 1명씩 추가한 다]. 다만, 전체 공사기간 중 전 ㆍ후 15에 해 당하는 기간은 선임 대상 안"
c18a85db-874d-5f47-98f6-9f7b5bbfce86,3d42db73-6711-5c3f-8a43-76aa992682ee,EXCLUSION,구분: 자를 제외한 별표22의 모든 대상 유 해인자,해당 범위를 앞 규칙 적용 대상에서 제외,annex_logical_cell,lcell_baca110b0359,구분: 자를 제외한 별표22의 모든 대상 유 해인자
99fadb6c-f7c1-54c2-87e9-4dc727b603a9,8fcbf278-5a2a-582e-bd30-7eb50c960673,MODIFICATION,비고 다음 각 목 다음 각 목의 구분에 따라 제1호부터 제6호 까지의 규정에 따른 휴게시설 설치ㆍ관리기준의 일부를 적용하지,앞 규칙의 적용 범위 또는 내용을 수정,annex_note,note_8e8706147494,비고 다음 각 목에 해당하는 경우에는 다음 각 목의 구분에 따라 제1호부터 제6호 까지의 규정에 따른 휴게시설 설치ㆍ관리기준의 일부를 적용하지 않는다. 가. 사업장 전용면적의 총 합이 300제곱미터 미만인 경우: 제1호 및 제2호의 기준 나. 작업장소가 일정하지 않거나 전기가 공급되지 않는 등 작업특성상 실내에 휴게시설을 갖추기 곤란한 경우로서 그늘막 등 간이 휴게시설을 설치한 경 우: 제3호부터 제6호까지의 규정에 따른 기준 다. 건조 중인 선박 등에 휴게시설을 설치하는 경우: 제4호의 기준
a8f7d5a5-2e79-5759-aa9a-247c1c71dbaf,be09de54-f6b8-5507-bfc1-e01ff85cef49,MODIFICATION,한국표준산업 분류 세세분류 업종명을 알 수 없는 경우 근로복지공단 산재보험요율표 상의 소분류(5자리) 업종명을 적습니다. Ⅱ. 수급 사업장 정보 ⑦ 사업장명: 해당 연도에 도급인의 사업장과 같은 장소에서 작업한 모든 수급인(하수급인 포함)의 사업장명을 적습니다. ⑧ 사업장 관리번호(사업개시번호): 근로복지공단의 산업재해보상보험 가입 시 부여된 수급인 사업장 관리번호 (사업개시번호)를 적습니다. * 수급인 사업장에서 산재보험 가입을 하나로 한 경우,"그 사업장 관리번호를 적고, 해당 도급인 사업장별로 산재보험 가입한 경우이거나 사업개시신고를 한 경우에는 해당 도급인 사업장에 해당되는 사업장 관리번호(사업개시번호)를 적습니다. ⑨ 근로자 수* * 통합 산정 대상이 되는 수급인 근로자는 도급인의 근로자와 같은 장소에서 작업하는 수급인 근로자를 말합니다. ㅇ 해당 도급인 사업장과 연 단위로 1:1 계약한 경우: 해당연도(1~12월) 전 기간에 걸쳐 도급인의 사업장 내에서 작업하는 수급인 사업장은 12월말 기준으로 근로복지공단에 신고한 산재보험 근로자 수를 적습니다. ㅇ 하나의 수급인 사업장이 여러 개의 도급인 사업장과 계약한 경우: 해당 도급인 사업장에서 작업한 모든 수급인 사업장의 근로자 수를 아래의 산식에 따라 계산하여 적습니다. [산식] (근로자 수×근로일수) + (근로자 수×근로일수) + ㆍㆍㆍㆍㆍㆍㆍㆍㆍ+ (근로자 수×근로일수) / 365일 (작성 예) 10일은 10명, 20일은 20명, 5일은 30명이 작업을 한 경우 (10 × 10) + (20 × 20) + (5 × 30) = 650(일ㆍ명) / 365(일) = 2명(소수점 첫째자리에서 반올림) * 위의 근로일수는 작업시간과 상관없이 일(日) 기준으로 작성합니다. 즉, 10시간을 작업한 경우도 1일로 계산하고, 1시간을 작업한 경우도 1일로 계산합니다. ⑩ 재해현황 ㅇ 해당 연도에 해당 도급인 사업장에서 발생한 수급인 소속 근로자의 모든 산업재해*를 사고사망자 수, 질병사 망자 수, 사고재해자 수(사고사망자 수 포함), 질병재해자 수(질병사망자 수 포함)로 각각 구분하여 인원수를 적 습니다. * ‘재해현황’ 세부기준은 위의 도급인 사업장 ‘재해현황’ 참고 ⑪ 합계: 총 수급업체 수, 도급인 사업장 내에서 작업을 수행한 수급인 근로자 및 사망자ㆍ재해자 등의 합계를 각각 적습니다. Ⅲ. 도급인ㆍ수급인 통합 산업재해발생건수등의 정보 ⑫ 도급인ㆍ수급인 통합 근로자 수: ④(도급인 근로자 수)+⑪(수급인 근로자 수 합계) ⑬ 도급인ㆍ수급인 통합 사고사망자 수: ⑤(도급인 사고사망자 수)+⑪(수급인 사고사망자 수 합계) ⑭ 도급인ㆍ수급인 통합 재해자 수: ⑤(도급인 사고재해자 수+질병재해자 수)+⑪(수급인 사고재해자 수 합계+질병재해자 수 합계) ⑮ 도급인ㆍ수급인 통합 사고사망만인율(?): ⑬(도급인ㆍ수급인 통합 사고사망자 수)/⑫(도급인ㆍ수급인 통합 근로자 수) × 10,000 ? 도급인ㆍ수급인 통합 산업재해율(%): ⑭(도급인ㆍ수급인 통합 재해자 수)/⑫(도급인ㆍ수급인 통합 근로자 수) × 100",annex_note,note_cae2fc11d8ed,"작성방법 Ⅰ. 도급인 사업장 정보 ① 사업장명: 도급인 사업장명을 적습니다. ② 사업자 등록번호: 국세청에 등록된 도급인 사업장 사업자 등록번호를 적습니다. ③ 사업장 관리번호(사업개시번호): 근로복지공단의 산업재해보상보험 가입 시 부여된 도급인 사업장 관리번호 (사업개시번호)를 적습니다. ④ 근로자 수: 근로복지공단에 신고된 해당 연도의 도급인 사업장의 산재보험 근로자 수를 적습니다. ⑤ 재해현황: 해당 연도에 도급인 사업장에서 발생한 도급인 사업장 소속 근로자의 산업재해*를 사고사망자 수, 질병사망자 수, 사고재해자 수(사망포함), 질병재해자 수(사망포함)로 각각 구분하여 인원수를 적습니다. * ‘산업재해’란 「산업안전보건법」 제2조제1호의 ‘산업재해’ 중 사망재해와 3일 이상 휴업재해에 해당되는 재해를 말합 니다. ㅇ 사고사망자 수: 업무상 사고로 인해 발생한 사망자 수를 적습니다. * 사고사망자 수에는 사업장 밖의 교통사고(운수업, 음식숙박업의 교통사고 사망자는 포함)ㆍ체육행사ㆍ폭 력행위에 의한 사망, 통근 중 사망, 사고발생일로부터 1년을 경과하여 사망한 경우는 제외 ㅇ 질병사망자 수: 업무상 질병으로 인해 발생한 사망자 수를 적습니다. ㅇ 사고재해자 수(사망 포함): 업무상 사고로 인해 발생한 재해자 수(사고사망자 수 포함)를 적습니다. * 사고재해자 수(사망 포함)는 위 제외되는 사고사망자 수를 포함한 모든 사고사망자 수를 의미 ㅇ 질병재해자 수(사망 포함): 업무상 질병으로 인해 발생한 재해자 수(질병사망자 수 포함)를 적습니다. ⑥ 업종: 통계청(www.kostat.go.kr)의 한국표준산업분류표 상의 세세분류(5자리) 업종명을 적습니다. 다만, 한국표준산업 분류 세세분류 업종명을 알 수 없는 경우 근로복지공단 산재보험요율표 상의 소분류(5자리) 업종명을 적습니다. Ⅱ. 수급 사업장 정보 ⑦ 사업장명: 해당 연도에 도급인의 사업장과 같은 장소에서 작업한 모든 수급인(하수급인 포함)의 사업장명을 적습니다. ⑧ 사업장 관리번호(사업개시번호): 근로복지공단의 산업재해보상보험 가입 시 부여된 수급인 사업장 관리번호 (사업개시번호)를 적습니다. * 수급인 사업장에서 산재보험 가입을 하나로 한 경우에는 그 사업장 관리번호를 적고, 해당 도급인 사업장별로 산재보험 가입한 경우이거나 사업개시신고를 한 경우에는 해당 도급인 사업장에 해당되는 사업장 관리번호(사업개시번호)를 적습니다. ⑨ 근로자 수* * 통합 산정 대상이 되는 수급인 근로자는 도급인의 근로자와 같은 장소에서 작업하는 수급인 근로자를 말합니다. ㅇ 해당 도급인 사업장과 연 단위로 1:1 계약한 경우: 해당연도(1~12월) 전 기간에 걸쳐 도급인의 사업장 내에서 작업하는 수급인 사업장은 12월말 기준으로 근로복지공단에 신고한 산재보험 근로자 수를 적습니다. ㅇ 하나의 수급인 사업장이 여러 개의 도급인 사업장과 계약한 경우: 해당 도급인 사업장에서 작업한 모든 수급인 사업장의 근로자 수를 아래의 산식에 따라 계산하여 적습니다. [산식] (근로자 수×근로일수) + (근로자 수×근로일수) + ㆍㆍㆍㆍㆍㆍㆍㆍㆍ+ (근로자 수×근로일수) / 365일 (작성 예) 10일은 10명, 20일은 20명, 5일은 30명이 작업을 한 경우 (10 × 10) + (20 × 20) + (5 × 30) = 650(일ㆍ명) / 365(일) = 2명(소수점 첫째자리에서 반올림) * 위의 근로일수는 작업시간과 상관없이 일(日) 기준으로 작성합니다. 즉, 10시간을 작업한 경우도 1일로 계산하고, 1시간을 작업한 경우도 1일로 계산합니다. ⑩ 재해현황 ㅇ 해당 연도에 해당 도급인 사업장에서 발생한 수급인 소속 근로자의 모든 산업재해*를 사고사망자 수, 질병사 망자 수, 사고재해자 수(사고사망자 수 포함), 질병재해자 수(질병사망자 수 포함)로 각각 구분하여 인원수를 적 습니다. * ‘재해현황’ 세부기준은 위의 도급인 사업장 ‘재해현황’ 참고 ⑪ 합계: 총 수급업체 수, 도급인 사업장 내에서 작업을 수행한 수급인 근로자 및 사망자ㆍ재해자 등의 합계를 각각 적습니다. Ⅲ. 도급인ㆍ수급인 통합 산업재해발생건수등의 정보 ⑫ 도급인ㆍ수급인 통합 근로자 수: ④(도급인 근로자 수)+⑪(수급인 근로자 수 합계) ⑬ 도급인ㆍ수급인 통합 사고사망자 수: ⑤(도급인 사고사망자 수)+⑪(수급인 사고사망자 수 합계) ⑭ 도급인ㆍ수급인 통합 재해자 수: ⑤(도급인 사고재해자 수+질병재해자 수)+⑪(수급인 사고재해자 수 합계+질병재해자 수 합계) ⑮ 도급인ㆍ수급인 통합 사고사망만인율(?): ⑬(도급인ㆍ수급인 통합 사고사망자 수)/⑫(도급인ㆍ수급인 통합 근로자 수) × 10,000 ? 도급인ㆍ수급인 통합 산업재해율(%): ⑭(도급인ㆍ수급인 통합 재해자 수)/⑫(도급인ㆍ수급인 통합 근로자 수) × 100"
c295d1b5-0aa1-57f4-8030-51fbcda9c389,46bf53ab-d1fe-5e5a-9205-388792341dad,EXCLUSION,"한국표준산 업분류 세세분류를 알 수 없는 경우 아래와 같이 한국표준산업명과 주요 생산품을 추가로 적습니다. [예: 제철업, 시멘트제조업, 아파트건설업, 공작기계도매업, 일반화물자동차 운송업, 중식음식점업, 건축물 일반청소업 등 ] ⑤재해자가 사내 수급인 소속인 경우(건설업 제외): 원도급인 사업장명과 산재관리번호(사업개시번호)를 적습니다.",해당 범위를 앞 규칙 적용 대상에서 제외,annex_note,note_97a0b6bccbe5,"산재보험 일괄 적용 사업장은 산재관리번호와 사업개시번호를 모두 적습니다. ②사업장명 : 재해자가 사업주와 근로계약을 체결하여 실제로 급여를 받는 사업장명을 적습니다. 파견근로자가 재해를 입은 경우에는 실제적으로 지휘ㆍ명령을 받는 사용사업주의 사업장명을 적습니다. [예: 아파트를 건설하는 종합건설업의 하수급 사업장 소속 근로자 가 작업 중 재해를 입은 경우 재해자가 실제로 하수급 사업장의 사업주와 근로계약을 체결하였다면 하수급 사업장명을 적습니다.] ③근로자 수: 사업장의 최근 근로자 수를 적습니다(정규직, 일용직ㆍ임시직 근로자, 훈련생 등 포함). ④업종: 통계청(www.kostat.go.kr)의 통계분류 항목에서 한국표준산업분류를 참조하여 세세분류(5자리)를 적습니다. 다만, 한국표준산 업분류 세세분류를 알 수 없는 경우 아래와 같이 한국표준산업명과 주요 생산품을 추가로 적습니다. [예: 제철업, 시멘트제조업, 아파트건설업, 공작기계도매업, 일반화물자동차 운송업, 중식음식점업, 건축물 일반청소업 등 ] ⑤재해자가 사내 수급인 소속인 경우(건설업 제외): 원도급인 사업장명과 산재관리번호(사업개시번호)를 적습니다."
70e03f79-2dcb-554c-88d6-d20274b2d1c9,ce52e541-a4ce-5ec3-afb8-a5fab80d1f97,MODIFICATION,"한국표준직 업분류 세세분류를 알 수 없는 경우 알고 있는 직업명을 적고, 재해자가 평소 수행하는 주요 업무내용 및 직위를 추가로 적습니다. [예: 토목감리기술자, 전문간호사, 인사 및 노무사무원, 한식조리사, 철근공, 미장공, 프레스조작원, 선반기조작원, 시내버스 운전 원, 건물내부청소원 등] ⑫같은 종류 업무 근속기간: 과거 다른 회사의 경력부터 현직 경력(동일ㆍ유사 업무 근무경력)까지 합하여 적습니다.(질병의 경우 관련 작업근무기간) ⑬고용형태: 근로자가 사업장 또는 타인과 명시적 또는 내재적으로 체결한 고용계약 형태를 적습니다. 가. 상용: 고용계약기간을 정하지 않았거나 고용계약기간이 1년 이상인 사람 나. 임시: 고용계약기간을 정하여 고용된 사람으로서 고용계약기간이 1개월 이상 1년 미만인 사람 다. 일용: 고용계약기간이 1개월 미만인 사람 또는 매일 고용되어 근로의 대가로 일급 또는 일당제 급여를 받고 일하는 사람 라. 자영업자: 혼자 또는 그 동업자로서 근로자를 고용하지 않은 사람 마. 무급가족종사자: 사업주의 가족으로 임금을 받지 않는 사람 바. 그 밖의 사항: 교육ㆍ훈련생 등 ⑭근무형태 : 평소 근로자의 작업 수행시간 등 업무를 수행하는 형태를 적습니다. 가. 정상: 사업장의 정규 업무 개시시각과 종료시각(통상 오전 9시 전후에 출근하여 오후 6시 전후에 퇴근하는 것) 사이에 업무수행하 는 것을 말합니다. 나. 2교대, 3교대, 4교대: 격일제근무, 같은 작업에 2개조, 3개조, 4개조로 순환하면서 업무수행하는 것을 말합니다. 다. 시간제 : 가목의 ‘정상’ 근무형태에서 규정하고 있는 주당 근무시간보다 짧은 근로시간 동안 업무수행하는 것을 말합니다. 다. 그 밖의 사항: 고정적인 심야(야간)근무 등을 말합니다. ⑮상해종류(질병명): 재해로 발생된 신체적 특성 또는 상해 형태를 적습니다. [예: 골절, 절단, 타박상, 찰과상, 중독ㆍ질식, 화상, 감전, 뇌진탕, 고혈압, 뇌졸중, 피부염, 진폐, 수근관증후군 등] 상해부위(질병부위): 재해로 피해가 발생된 신체 부위를 적습니다. [예: 머리, 눈, 목, 어깨, 팔, 손, 손가락, 등, 척추, 몸통, 다리, 발, 발가락, 전신, 신체내부기관(소화ㆍ신경ㆍ순환ㆍ호흡배설) 등]",앞 규칙의 적용 범위 또는 내용을 수정,annex_note,note_571c96d5533f,"파견사업주의 사업장이 산재보험 일괄 적용 사업장인 경우에는 파견사업주의 사업장 산재관리번호와 사업개시번호를 모두 적습 니다. ⑦원수급 사업장명: 재해자가 소속되거나 관리되고 있는 사업장이 하수급 사업장인 경우에만 적습니다. ⑧원수급 사업장 산재관리번호(사업개시번호): 원수급 사업장이 산재보험 일괄 적용 사업장인 경우에는 원수급 사업장 산재관리번호와 사업개시번호를 모두 적습니다. ⑨공사 종류, 공정률, 공사금액 : 수급 받은 단위공사에 대한 현황이 아닌 원수급 사업장의 공사 현황을 적습니다. 가. 공사 종류: 재해 당시 진행 중인 공사 종류를 말합니다. [예: 아파트, 연립주택, 상가, 도로, 공장, 댐, 플랜트시설, 전기공사 등] 나. 공정률: 재해 당시 건설 현장의 공사 진척도로 전체 공정률을 적습니다.(단위공정률이 아님) Ⅱ. 재해자 정보 ⑩체류자격: 「출입국관리법 시행령」 별표 1에 따른 체류자격(기호)을 적습니다.(예: E-1, E-7, E-9 등) ⑪직업: 통계청(www.kostat.go.kr)의 통계분류 항목에서 한국표준직업분류를 참조하여 세세분류(5자리)를 적습니다. 다만, 한국표준직 업분류 세세분류를 알 수 없는 경우 알고 있는 직업명을 적고, 재해자가 평소 수행하는 주요 업무내용 및 직위를 추가로 적습니다. [예: 토목감리기술자, 전문간호사, 인사 및 노무사무원, 한식조리사, 철근공, 미장공, 프레스조작원, 선반기조작원, 시내버스 운전 원, 건물내부청소원 등] ⑫같은 종류 업무 근속기간: 과거 다른 회사의 경력부터 현직 경력(동일ㆍ유사 업무 근무경력)까지 합하여 적습니다.(질병의 경우 관련 작업근무기간) ⑬고용형태: 근로자가 사업장 또는 타인과 명시적 또는 내재적으로 체결한 고용계약 형태를 적습니다. 가. 상용: 고용계약기간을 정하지 않았거나 고용계약기간이 1년 이상인 사람 나. 임시: 고용계약기간을 정하여 고용된 사람으로서 고용계약기간이 1개월 이상 1년 미만인 사람 다. 일용: 고용계약기간이 1개월 미만인 사람 또는 매일 고용되어 근로의 대가로 일급 또는 일당제 급여를 받고 일하는 사람 라. 자영업자: 혼자 또는 그 동업자로서 근로자를 고용하지 않은 사람 마. 무급가족종사자: 사업주의 가족으로 임금을 받지 않는 사람 바. 그 밖의 사항: 교육ㆍ훈련생 등 ⑭근무형태 : 평소 근로자의 작업 수행시간 등 업무를 수행하는 형태를 적습니다. 가. 정상: 사업장의 정규 업무 개시시각과 종료시각(통상 오전 9시 전후에 출근하여 오후 6시 전후에 퇴근하는 것) 사이에 업무수행하 는 것을 말합니다. 나. 2교대, 3교대, 4교대: 격일제근무, 같은 작업에 2개조, 3개조, 4개조로 순환하면서 업무수행하는 것을 말합니다. 다. 시간제 : 가목의 ‘정상’ 근무형태에서 규정하고 있는 주당 근무시간보다 짧은 근로시간 동안 업무수행하는 것을 말합니다. 다. 그 밖의 사항: 고정적인 심야(야간)근무 등을 말합니다. ⑮상해종류(질병명): 재해로 발생된 신체적 특성 또는 상해 형태를 적습니다. [예: 골절, 절단, 타박상, 찰과상, 중독ㆍ질식, 화상, 감전, 뇌진탕, 고혈압, 뇌졸중, 피부염, 진폐, 수근관증후군 등] 상해부위(질병부위): 재해로 피해가 발생된 신체 부위를 적습니다. [예: 머리, 눈, 목, 어깨, 팔, 손, 손가락, 등, 척추, 몸통, 다리, 발, 발가락, 전신, 신체내부기관(소화ㆍ신경ㆍ순환ㆍ호흡배설) 등]"
437a3773-46e8-5a95-9b80-a73b22de2349,ce52e541-a4ce-5ec3-afb8-a5fab80d1f97,MODIFICATION,"타박상, 찰과상, 중독ㆍ질식, 화상, 감전, 뇌진탕, 고혈압, 뇌졸중, 피부염, 진폐, 수근관증후군 등] 상해부위(질병부위): 재해로 피해가 발생된 신체 부위를 적습니다. [예: 머리, 눈, 목, 어깨, 팔, 손, 손가락, 등, 척추, 몸통, 다리, 발, 발가락, 전신, 신체내부기관(소화ㆍ신경ㆍ순환ㆍ호흡배설) 등]",앞 규칙의 적용 범위 또는 내용을 수정,annex_note,note_571c96d5533f,"파견사업주의 사업장이 산재보험 일괄 적용 사업장인 경우에는 파견사업주의 사업장 산재관리번호와 사업개시번호를 모두 적습 니다. ⑦원수급 사업장명: 재해자가 소속되거나 관리되고 있는 사업장이 하수급 사업장인 경우에만 적습니다. ⑧원수급 사업장 산재관리번호(사업개시번호): 원수급 사업장이 산재보험 일괄 적용 사업장인 경우에는 원수급 사업장 산재관리번호와 사업개시번호를 모두 적습니다. ⑨공사 종류, 공정률, 공사금액 : 수급 받은 단위공사에 대한 현황이 아닌 원수급 사업장의 공사 현황을 적습니다. 가. 공사 종류: 재해 당시 진행 중인 공사 종류를 말합니다. [예: 아파트, 연립주택, 상가, 도로, 공장, 댐, 플랜트시설, 전기공사 등] 나. 공정률: 재해 당시 건설 현장의 공사 진척도로 전체 공정률을 적습니다.(단위공정률이 아님) Ⅱ. 재해자 정보 ⑩체류자격: 「출입국관리법 시행령」 별표 1에 따른 체류자격(기호)을 적습니다.(예: E-1, E-7, E-9 등) ⑪직업: 통계청(www.kostat.go.kr)의 통계분류 항목에서 한국표준직업분류를 참조하여 세세분류(5자리)를 적습니다. 다만, 한국표준직 업분류 세세분류를 알 수 없는 경우 알고 있는 직업명을 적고, 재해자가 평소 수행하는 주요 업무내용 및 직위를 추가로 적습니다. [예: 토목감리기술자, 전문간호사, 인사 및 노무사무원, 한식조리사, 철근공, 미장공, 프레스조작원, 선반기조작원, 시내버스 운전 원, 건물내부청소원 등] ⑫같은 종류 업무 근속기간: 과거 다른 회사의 경력부터 현직 경력(동일ㆍ유사 업무 근무경력)까지 합하여 적습니다.(질병의 경우 관련 작업근무기간) ⑬고용형태: 근로자가 사업장 또는 타인과 명시적 또는 내재적으로 체결한 고용계약 형태를 적습니다. 가. 상용: 고용계약기간을 정하지 않았거나 고용계약기간이 1년 이상인 사람 나. 임시: 고용계약기간을 정하여 고용된 사람으로서 고용계약기간이 1개월 이상 1년 미만인 사람 다. 일용: 고용계약기간이 1개월 미만인 사람 또는 매일 고용되어 근로의 대가로 일급 또는 일당제 급여를 받고 일하는 사람 라. 자영업자: 혼자 또는 그 동업자로서 근로자를 고용하지 않은 사람 마. 무급가족종사자: 사업주의 가족으로 임금을 받지 않는 사람 바. 그 밖의 사항: 교육ㆍ훈련생 등 ⑭근무형태 : 평소 근로자의 작업 수행시간 등 업무를 수행하는 형태를 적습니다. 가. 정상: 사업장의 정규 업무 개시시각과 종료시각(통상 오전 9시 전후에 출근하여 오후 6시 전후에 퇴근하는 것) 사이에 업무수행하 는 것을 말합니다. 나. 2교대, 3교대, 4교대: 격일제근무, 같은 작업에 2개조, 3개조, 4개조로 순환하면서 업무수행하는 것을 말합니다. 다. 시간제 : 가목의 ‘정상’ 근무형태에서 규정하고 있는 주당 근무시간보다 짧은 근로시간 동안 업무수행하는 것을 말합니다. 다. 그 밖의 사항: 고정적인 심야(야간)근무 등을 말합니다. ⑮상해종류(질병명): 재해로 발생된 신체적 특성 또는 상해 형태를 적습니다. [예: 골절, 절단, 타박상, 찰과상, 중독ㆍ질식, 화상, 감전, 뇌진탕, 고혈압, 뇌졸중, 피부염, 진폐, 수근관증후군 등] 상해부위(질병부위): 재해로 피해가 발생된 신체 부위를 적습니다. [예: 머리, 눈, 목, 어깨, 팔, 손, 손가락, 등, 척추, 몸통, 다리, 발, 발가락, 전신, 신체내부기관(소화ㆍ신경ㆍ순환ㆍ호흡배설) 등]"
f9743cbe-06dd-59e3-b6cc-b4fd8108b636,fc8c1709-5b7a-5e28-b34b-bc4c61975892,MODIFICATION,제조국과 수입국이 다른 경우,"제조국과 수입국을 구분하여 모두 적습니다. 10. ""⑩참고사항""란에는 해당 화학물질에 대한 외국의 규제 및 관리 상황 등을 적습니다.",annex_note,note_8185ccbe8e38,"작성방법 1. ""①업종""란에는 노동통계 작성 시의 한국표준산업분류에 따른 사업의 종류를 적습니다. 2. ""②주소""란에는 제조의 경우에는 제조시설의 소재지를, 수입의 경우에는 수입하여 사용되는 시설의 소재지를 적습니다. 3. ""③신규화학물질명칭""란에는 IUPAC(International Union of Pure and Applied Chemistry)명 또는 CA(Chemical Abstracts) 명을 적고 괄호 안에 CAS(Chemical Abstracts Service)번호 또는 RTECS(Registry of Toxic Effects of Chemical Substances)번호와 관용명 및 상품명 등을 적어 병기합니다. 4. ""④신규화학물질의 구조식 또는 시성식""란에는 분자 내 각 원자의 결합 상태를 원소기호와 결합기호로 도해적으로 표시합 니다. 5. ""⑤신규화학물질의 물리ㆍ화학적 성질과 상태""란 중 ""그 밖의 사항""란에는 신규화학물질의 인화점, 승화성, 조해성(고체가 공기 중의 수분을 흡수하여 녹는 성질), 휘발성 등 특징적인 성질과 상태가 있는 경우 그 내용을 적습니다. 6. ""⑥제조 또는 수입 예정일""란에는 제조 또는 수입 예정일을 적습니다. 7. ""⑦연간 제조 도는 수입 예정란""에는 제조 또는 수입 예정량을 킬로그램(㎏) 또는 톤(ton) 단위로 적습니다. 8. ""⑧신규화학물질의 용도""란에는 그 용도를 자세히 적고, 또한 신규화학물질이 제조 중간체로 있는 경우에는 그 내용과 최 종 제품의 명칭 및 용도를 적습니다. 9. ""⑨신규화학물질 제조 지역 주소(수입 시 수입국명)""란에는 해당 화학물질이 선적되는 나라명을 적습니다. 다만, 제조국과 수입국이 다른 경우에는 제조국과 수입국을 구분하여 모두 적습니다. 10. ""⑩참고사항""란에는 해당 화학물질에 대한 외국의 규제 및 관리 상황 등을 적습니다."
66b47839-3751-51fb-9c44-57a8a6e3cc03,ecc41f11-763d-5d31-9cc3-7d29bab474da,MODIFICATION,제조국과 수입국이 다 른 경우,제조국과 수입국을 구분하여 모두 적습니다. 210mm×297mm(일반용지 60g/㎡(재활용품)),annex_note,note_1596825acb4e,"작성방법 1. ""업종""란에는 노동통계 작성 시의 한국표준산업분류에 따른 사업의 종류를 적습니다. 2. ""주소""란에는 제조의 경우에는 제조시설의 소재지를 적고, 수입의 경우에는 수입되어 사용되는 시설의 소재지를 적습니다. 3. ""신규화학물질 명칭""란에는 IUPAC(International Union of Pure and Applied Chemistry)명 또는 CA(Chemical Abstracts)명을 적고, 괄호 안에 CAS(Chemical Abstracts Service)번호 또는 RTECS(Registry of Toxic Effects of Chemical Substances)번호와 관용명 또 는 상품명 등을 적어 병기합니다. 4. ""신규화학물질의 구조식 또는 시성식""란에는 분자 내 각 원자의 결합 상태를 원소기호와 결합기호로 도해적으로 표시합니다. 5. ""신규화학물질의 물리ㆍ화학적 성질 및 상태""란 중 ""그 밖의 사항""란에는 신규화학물질의 인화점ㆍ승화성ㆍ조해성ㆍ휘발성 등 특징 적인 성질 및 상태가 있는 경우 그 내용을 적습니다. 6. ""제외 확인을 받으려는 기간(「산업안전보건법 시행규칙」 제149조에 해당)""란에서 연간 수입량이 100킬로그램 미만인 경우에 대한 제외 확인을 받으려는 경우에는 그 확인 기간이 1년 단위로 유효하므로 신청기간을 1년으로 합니다. 7. ""신규화학물질의 용도""란에는 그 용도를 자세히 적고 또한 신규화학물질이 제조 중간체로 있는 경우에는 그 내용과 최종 제품의 명 칭 및 용도를 적습니다. 8. ""신규화학물질 제조지역 주소(수입 시 수입국명)""란에는 해당 화학물질이 선적되는 나라명을 적습니다. 다만, 제조국과 수입국이 다 른 경우에는 제조국과 수입국을 구분하여 모두 적습니다. 210mm×297mm(일반용지 60g/㎡(재활용품))"
b4a0f312-57ae-5b30-8c7d-8c3a324bea9f,7d3cf765-10ed-5868-b732-361e3be96946,MODIFICATION,제조국과 수출국이 다른 경우,"제조국과 수출국을 구분하여 모두 적습니다. 10. ""⑩참고사항""란에는 해당 화학물질에 대한 외국의 규제 및 관리 상황 등을 적습니다.",annex_note,note_4ccbf40830b2,"작성방법 1. ""①업종""란에는 노동통계 작성 시의 한국표준산업분류에 따른 사업의 종류를 적습니다. 2. ""②주소""란에는 제조의 경우에는 제조시설의 주소를, 수입 및 사용의 경우에는 수입하여 사용하는 시설의 주소를 적습니다. 3. ""③화학물질 명칭(상품명)""란에는 IUPAC(International Union of Pure and Applied Chemistry)명 또는 CA(Chemical Abstracts)명을 적고 괄호 안에 CAS(Chemical Abstracts Service)번호 또는 RTECS(Registry of Toxic Effects of Chemical Substances)번호와 관 용명 및 상품명 등을 병기합니다. 4. ""④화학물질의 구조식 또는 시성식""란에는 분자 내 각 원자의 결합 상태를 원소기호와 결합기호로 도해적으로 표시합니다. 5. ""⑤화학물질의 물리적ㆍ화학적 성질 및 상태""란 중 ""그 밖의 사항""란에는 화학물질의 인화점, 승화성ㆍ조해성ㆍ휘발성 등 특징적인 성질과 상태가 있는 경우 그 내용을 적습니다. 6. ""⑥최근 3년간 화학물질의 제조ㆍ수입 또는 사용량""란에서 제조ㆍ수입 또는 사용량의 단위는 ㎏ 또는 ton으로 적습니다. 7. ""⑦화학물질 취급 현황""란에는 화학물질을 사용하는 부서 또는 공정명을 적고, 또한 화학물질의 취급형태에 따라 제조ㆍ수입ㆍ사용 여부와 월 작업일수(일) 및 1일 작업시간(시간)을 기재하고, 월 취급량(사용량)의 단위는 kg 또는 ton으로 적습니다. 8. ""⑧화학물질의 용도""란에는 그 용도를 자세히 적고, 또한 화학물질이 제조 중간체로 있는 경우에는 그 내용과 최종 제품의 명칭 및 용도를 적습니다. 9. ""⑨화학물질 제조 지역 주소(수입 시 수출국명)""란에는 해당 화학물질을 제조하는 시설의 주소를, 수입의 경우에는 해당 화학물질이 선적되는 나라명을 적습니다. 다만, 제조국과 수출국이 다른 경우에는 제조국과 수출국을 구분하여 모두 적습니다. 10. ""⑩참고사항""란에는 해당 화학물질에 대한 외국의 규제 및 관리 상황 등을 적습니다."
e435c6e1-75b7-505c-b0f0-8b7ad882b6a5,2798bf98-4914-50ca-86d3-ee5d311dc135,MODIFICATION,석면함유자재(물질)의 종류가 감 소하거나 석면함유자재(물질)의 종류별 석면해체ㆍ제거작업 면적이 축소되는 경우,변경 신고서를 제출하지 않습니다.,annex_note,note_caa7f4e96560,"유의사항 1. 「유아교육법」 제2조제2호에 따른 유치원, 「초ㆍ중등교육법」 제2조에 따른 학교 또는 「고등교육법」 제2조에 따른 학교 건축물이나 설비에 대하여 해체ㆍ제거작업을 수행할 경우에는 유치원 또는 학교에 √ 표시를 합니다. 2. 「도시 및 주거환경정비법」 제2조에 따른 주택재개발사업, 주택재건축사업 등 정비사업으로 인해 건축물이나 설비에 대하여 해체ㆍ제거작업을 수행할 경우에는 정비사업에 √ 표시를 합니다. 3. 제1호 및 제2호에 해당하지 않는 건축물이나 설비에 대하여 해체ㆍ제거작업을 수행할 경우에는 기타 에 √ 표시를 합니다. 4. 현장책임자는 「산업안전보건법 시행규칙」 제186조에 따라 석면해체ㆍ제거업자가 등록한 인력 중 실 제로 석면해체ㆍ제거작업 현장을 총괄ㆍ관리하는 사람으로 적습니다. 5. 해체기간, 석면함유자재(물질)의 종류 및 면적, 현장책임자, 작업근로자가 변경된 경우에는 별지 78 호서식의 석면해체ㆍ제거작업 변경 신고서를 제출해야 합니다. 다만, 석면함유자재(물질)의 종류가 감 소하거나 석면함유자재(물질)의 종류별 석면해체ㆍ제거작업 면적이 축소되는 경우에는 변경 신고서를 제출하지 않습니다."
aed9829e-ddd3-5c37-b250-c197badc9126,7f672ddf-3c24-54f4-94c8-f3e67afbeb5a,MODIFICATION,소수점은 버린다. 기술지도 횟수(회) = 공사기간(일) 15일,앞 규칙의 적용 범위 또는 내용을 수정,annex_note,note_1ba00e023c0d,"단, 소수점은 버린다. 기술지도 횟수(회) = 공사기간(일) 15일"
aee92018-a5dd-5a66-8001-c89bc64af96b,e836532d-2d0c-5e1d-ac30-d4035bcfa02e,EXCLUSION,2동 이상의 건축물 이 하나의 구조로 연결된 경우와 둘 이상의 지하도상가가 연속되어 있는 경우,"연면적의 합계로 한다. 12. 건축물의 층수에는 필로티나 그 밖에 이와 비슷한 구조로 된 층을 포함한다. 13. “건축물”은 「건축법 시행령」 별표 1에서 정한 용도별 분류를 따른다. 14. “운수시설 중 여객용 시설”이란 「건축법 시행령」 별표 1 제8호의 운수시설 중 여객자동차터미널, 일반철도역사, 공항청사, 항만여객터미널을 말한다. 15. “철도 역 시설”이란 「철도의 건설 및 철도시설 유지관리에 관한 법률」 제2조 제6호가목의 역 시설(물류시설은 제외한다)을 말한다. 다만, 선하역사(시설이 선로 아래 설치되는 역사를 말한다)의 선로구간은 연속되는 교량시설물에 포함하고, 지 하역사의 선로구간은 연속되는 터널시설물에 포함한다. 16. 하천시설물이 행정구역 경계에 있는 경우 상위 행정구역에 위치한 것으로 한다. 17. “포용조수량”이란 최고 만조(滿潮) 시 간척지에 유입될 조수(潮水)의 양을 말한 다. 18. “방조제”란 「공유수면 관리 및 매립에 관한 법률」 제37조, 「농어촌정비법」 제2조제6호, 「방조제 관리법」 제2조제1호 및 「산업입지 및 개발에 관한 법률」 제20조제1항에 따라 설치한 방조제를 말한다. 19. 하천의 “통관”이란 제방을 관통하여 설치한 원형 단면의 문짝을 가진 구조물을 말한다. 20. 하천의 “다기능 보”란 용수 확보, 소수력 발전이나 도로(하천을 횡단하는 것으로 한정한다) 등 두 가지 이상의 기능을 갖는 보를 말한다. 21. 위 표 제7호의 상하수도의 광역상수도, 공업용수도 및 지방상수도에는 수원지시 설, 도수관로ㆍ송수관로(터널을 포함한다) 및 취수시설을 포함하고, 정수장, 취수 ㆍ가압펌프장, 배수지, 배수관로 및 급수시설은 제외한다.",annex_note,note_bc1fa0212900,"비고 1. “도로”란 「도로법」 제10조의 도로를 말한다. 2. 교량의 “최대 경간장”이란 한 경간(徑間)에서 상부구조의 교각과 교각의 중심선 간의 거리를 경간장으로 정의할 때, 교량의 경간장 중에서 최댓값을 말한다. 한 경 간 교량에 대해서는 교량 양측 교대의 흉벽 사이를 교량 중심선에 따라 측정한 거 리를 말한다. 3. 교량의 “연장”이란 교량 양측 교대의 흉벽 사이를 교량 중심선에 따라 측정한 거 리를 말한다. 4. 도로교량의 “복개구조물”이란 하천 등을 복개하여 도로의 용도로 사용하는 모든 구조물을 말한다. 5. 터널 및 지하차도의 “연장”이란 각 본체 구간과 하나의 구조로 연결된 구간을 포 함한 거리를 말한다. 6. “방파제, 파제제 및 호안”이란 「항만법」 제2조제5호가목2)의 외곽시설을 말한 다. 7. “계류시설”이란 「항만법」 제2조제5호가목4)의 계류시설을 말한다. 8. “댐”이란 「저수지ㆍ댐의 안전관리 및 재해예방에 관한 법률」 제2조제1호의 저 수지ㆍ댐을 말한다. 9. 위 표 제4호의 지방상수도전용댐과 용수전용댐이 위 표 제7호가목의 광역상수도 ㆍ공업용수도 또는 지방상수도의 수원지시설에 해당하는 경우에는 위 표 제7호의 상하수도시설로 본다. 10. 위 표의 건축물에는 그 부대시설인 옹벽과 절토사면을 포함하며, 건축설비, 소방 설비, 승강기설비 및 전기설비는 포함하지 않는다. 11. 건축물의 연면적은 지하층을 포함한 동별로 계산한다. 다만, 2동 이상의 건축물 이 하나의 구조로 연결된 경우와 둘 이상의 지하도상가가 연속되어 있는 경우에는 연면적의 합계로 한다. 12. 건축물의 층수에는 필로티나 그 밖에 이와 비슷한 구조로 된 층을 포함한다. 13. “건축물”은 「건축법 시행령」 별표 1에서 정한 용도별 분류를 따른다. 14. “운수시설 중 여객용 시설”이란 「건축법 시행령」 별표 1 제8호의 운수시설 중 여객자동차터미널, 일반철도역사, 공항청사, 항만여객터미널을 말한다. 15. “철도 역 시설”이란 「철도의 건설 및 철도시설 유지관리에 관한 법률」 제2조 제6호가목의 역 시설(물류시설은 제외한다)을 말한다. 다만, 선하역사(시설이 선로 아래 설치되는 역사를 말한다)의 선로구간은 연속되는 교량시설물에 포함하고, 지 하역사의 선로구간은 연속되는 터널시설물에 포함한다. 16. 하천시설물이 행정구역 경계에 있는 경우 상위 행정구역에 위치한 것으로 한다. 17. “포용조수량”이란 최고 만조(滿潮) 시 간척지에 유입될 조수(潮水)의 양을 말한 다. 18. “방조제”란 「공유수면 관리 및 매립에 관한 법률」 제37조, 「농어촌정비법」 제2조제6호, 「방조제 관리법」 제2조제1호 및 「산업입지 및 개발에 관한 법률」 제20조제1항에 따라 설치한 방조제를 말한다. 19. 하천의 “통관”이란 제방을 관통하여 설치한 원형 단면의 문짝을 가진 구조물을 말한다. 20. 하천의 “다기능 보”란 용수 확보, 소수력 발전이나 도로(하천을 횡단하는 것으로 한정한다) 등 두 가지 이상의 기능을 갖는 보를 말한다. 21. 위 표 제7호의 상하수도의 광역상수도, 공업용수도 및 지방상수도에는 수원지시 설, 도수관로ㆍ송수관로(터널을 포함한다) 및 취수시설을 포함하고, 정수장, 취수 ㆍ가압펌프장, 배수지, 배수관로 및 급수시설은 제외한다."
f7f35d7a-aeed-5cf0-9d9b-8ed325a59712,e836532d-2d0c-5e1d-ac30-d4035bcfa02e,MODIFICATION,"비고 1. “도로”란 「도로법」 제10조의 도로를 말한다. 2. 교량의 “최대 경간장”이란 한 경간(徑間)에서 상부구조의 교각과 교각의 중심선 간의 거리를 경간장으로 정의할 때, 교량의 경간장 중에서 최댓값을 말한다. 한 경 간 교량에 대해서는 교량 양측 교대의 흉벽 사이를 교량 중심선에 따라 측정한 거 리를 말한다. 3. 교량의 “연장”이란 교량 양측 교대의 흉벽 사이를 교량 중심선에 따라 측정한 거 리를 말한다. 4. 도로교량의 “복개구조물”이란 하천 등을 복개하여 도로의 용도로 사용하는 모든 구조물을 말한다. 5. 터널 및 지하차도의 “연장”이란 각 본체 구간과 하나의 구조로 연결된 구간을 포 함한 거리를 말한다. 6. “방파제, 파제제 및 호안”이란 「항만법」 제2조제5호가목2)의 외곽시설을 말한 다. 7. “계류시설”이란 「항만법」 제2조제5호가목4)의 계류시설을 말한다. 8. “댐”이란 「저수지ㆍ댐의 안전관리 및 재해예방에 관한 법률」 제2조제1호의 저 수지ㆍ댐을 말한다. 9. 위 표 제4호의 지방상수도전용댐과 용수전용댐이 위 표 제7호가목의 광역상수도 ㆍ공업용수도 또는 지방상수도의 수원지시설 위 표 제7호의 상하수도시설로 본다. 10. 위 표의 건축물에는 그 부대시설인 옹벽과 절토사면을 포함하며, 건축설비, 소방 설비, 승강기설비 및 전기설비는 포함하지",앞 규칙의 적용 범위 또는 내용을 수정,annex_note,note_bc1fa0212900,"비고 1. “도로”란 「도로법」 제10조의 도로를 말한다. 2. 교량의 “최대 경간장”이란 한 경간(徑間)에서 상부구조의 교각과 교각의 중심선 간의 거리를 경간장으로 정의할 때, 교량의 경간장 중에서 최댓값을 말한다. 한 경 간 교량에 대해서는 교량 양측 교대의 흉벽 사이를 교량 중심선에 따라 측정한 거 리를 말한다. 3. 교량의 “연장”이란 교량 양측 교대의 흉벽 사이를 교량 중심선에 따라 측정한 거 리를 말한다. 4. 도로교량의 “복개구조물”이란 하천 등을 복개하여 도로의 용도로 사용하는 모든 구조물을 말한다. 5. 터널 및 지하차도의 “연장”이란 각 본체 구간과 하나의 구조로 연결된 구간을 포 함한 거리를 말한다. 6. “방파제, 파제제 및 호안”이란 「항만법」 제2조제5호가목2)의 외곽시설을 말한 다. 7. “계류시설”이란 「항만법」 제2조제5호가목4)의 계류시설을 말한다. 8. “댐”이란 「저수지ㆍ댐의 안전관리 및 재해예방에 관한 법률」 제2조제1호의 저 수지ㆍ댐을 말한다. 9. 위 표 제4호의 지방상수도전용댐과 용수전용댐이 위 표 제7호가목의 광역상수도 ㆍ공업용수도 또는 지방상수도의 수원지시설에 해당하는 경우에는 위 표 제7호의 상하수도시설로 본다. 10. 위 표의 건축물에는 그 부대시설인 옹벽과 절토사면을 포함하며, 건축설비, 소방 설비, 승강기설비 및 전기설비는 포함하지 않는다. 11. 건축물의 연면적은 지하층을 포함한 동별로 계산한다. 다만, 2동 이상의 건축물 이 하나의 구조로 연결된 경우와 둘 이상의 지하도상가가 연속되어 있는 경우에는 연면적의 합계로 한다. 12. 건축물의 층수에는 필로티나 그 밖에 이와 비슷한 구조로 된 층을 포함한다. 13. “건축물”은 「건축법 시행령」 별표 1에서 정한 용도별 분류를 따른다. 14. “운수시설 중 여객용 시설”이란 「건축법 시행령」 별표 1 제8호의 운수시설 중 여객자동차터미널, 일반철도역사, 공항청사, 항만여객터미널을 말한다. 15. “철도 역 시설”이란 「철도의 건설 및 철도시설 유지관리에 관한 법률」 제2조 제6호가목의 역 시설(물류시설은 제외한다)을 말한다. 다만, 선하역사(시설이 선로 아래 설치되는 역사를 말한다)의 선로구간은 연속되는 교량시설물에 포함하고, 지 하역사의 선로구간은 연속되는 터널시설물에 포함한다. 16. 하천시설물이 행정구역 경계에 있는 경우 상위 행정구역에 위치한 것으로 한다. 17. “포용조수량”이란 최고 만조(滿潮) 시 간척지에 유입될 조수(潮水)의 양을 말한 다. 18. “방조제”란 「공유수면 관리 및 매립에 관한 법률」 제37조, 「농어촌정비법」 제2조제6호, 「방조제 관리법」 제2조제1호 및 「산업입지 및 개발에 관한 법률」 제20조제1항에 따라 설치한 방조제를 말한다. 19. 하천의 “통관”이란 제방을 관통하여 설치한 원형 단면의 문짝을 가진 구조물을 말한다. 20. 하천의 “다기능 보”란 용수 확보, 소수력 발전이나 도로(하천을 횡단하는 것으로 한정한다) 등 두 가지 이상의 기능을 갖는 보를 말한다. 21. 위 표 제7호의 상하수도의 광역상수도, 공업용수도 및 지방상수도에는 수원지시 설, 도수관로ㆍ송수관로(터널을 포함한다) 및 취수시설을 포함하고, 정수장, 취수 ㆍ가압펌프장, 배수지, 배수관로 및 급수시설은 제외한다."
c73680a7-6c56-5535-bee3-16fdd7571f6c,1c5f7285-cd24-58a7-8fb4-b3a84d978109,EXCLUSION,이하 같다) 또는 경영책임자등에게는 이 장의 규정을 적용하지 아니한다,앞 규칙의 적용을 배제하거나 완화,paragraph,baab7a4b60da504419b7b15026a20d9f435a86c6,제3조(적용범위) 상시 근로자가 5명 미만인 사업 또는 사업장의 사업주(개인사업주에 한정한다. 이하 같다) 또는 경영책임자등에게는 이 장의 규정을 적용하지 아니한다.
2469d5cf-6e70-5bba-9b8c-a34beb6b9fb9,86bc5908-f3f6-591a-914d-8b51326ff75a,MODIFICATION,① 안전관리전문기관 또는 보건관리전문기관으로 지정받으려는 자는 별지 제6호서식 또는 별지 제6호의2서식의 안전관리ㆍ보건관리전문기관 지정신청서에 다음 각 호의 구분에 따른 각 목의 서류를 첨부하여 고용노동부장관(영 제23조제1항에 따른 업종별ㆍ유해인자별 보건관리전문기관에 한정한다) 또는 업무를 수행하려는 주된 사무소의 소재지를 관할하는 지방고용노동청장(안전관리전문기관 및 영 제23조제1항에 따른 지역별 보건관리전문기관에 한정한다)에게 제출(전자문서로 제출하는 것을 포함한다)해야 한다,앞 규칙의 적용 범위 또는 내용을 수정,paragraph,13a1b7ccee2fe379cddd4123169c88634b8c58f4,① 안전관리전문기관 또는 보건관리전문기관으로 지정받으려는 자는 별지 제6호서식 또는 별지 제6호의2서식의 안전관리ㆍ보건관리전문기관 지정신청서에 다음 각 호의 구분에 따른 각 목의 서류를 첨부하여 고용노동부장관(영 제23조제1항에 따른 업종별ㆍ유해인자별 보건관리전문기관에 한정한다) 또는 업무를 수행하려는 주된 사무소의 소재지를 관할하는 지방고용노동청장(안전관리전문기관 및 영 제23조제1항에 따른 지역별 보건관리전문기관에 한정한다)에게 제출(전자문서로 제출하는 것을 포함한다)해야 한다. <개정 2024.6.28>
15735934-78f6-5bb7-a2ce-d67841ec06b9,f7fa5fcb-c078-572e-8125-bc064cbd4e38,SCOPE_EXCLUSION,별표 1 제3호라목에 따른 재해,해당 용어/대상 범위에서 제외,paragraph,cd7fc810d513115dcaf07ab64c1b77aac5b20552,"③ 제44조제4항에 따른 건설물ㆍ기계ㆍ기구 및 설비 또는 건설공사의 경우 사업주가 고용노동부장관이 정하는 요건을 갖춘 지도사에게 확인을 받고 별지 제22호서식에 따라 그 결과를 공단에 제출하면 공단은 제1항에 따른 확인에 필요한 현장방문을 지도사의 확인결과로 대체할 수 있다. 다만, 건설업의 경우 최근 2년간 사망재해(별표 1 제3호라목에 따른 재해는 제외한다)가 발생한 경우에는 그렇지 않다."
485710b7-039a-5da2-9378-68528845f20c,23a21d27-2fa6-5015-8c47-53009fb3cdd8,SCOPE_EXCLUSION,별표 1 제3호라목에 따른 재해,해당 용어/대상 범위에서 제외,paragraph,7575761144bd999a2252c4278bb5db7b6fa6e7d5,"① 자체심사 및 확인업체의 사업주는 별표 11에 따라 해당 공사 준공 시까지 6개월 이내마다 제46조제1항 각 호의 사항에 관하여 자체확인을 해야 하며, 공단은 필요한 경우 해당 자체확인에 관하여 지도ㆍ조언할 수 있다. 다만, 그 공사 중 사망재해(별표 1 제3호라목에 따른 재해는 제외한다)가 발생한 경우에는 제46조제1항에 따른 공단의 확인을 받아야 한다."
be09143b-a61c-558c-b4d4-1238d90e789a,895124ee-8ae1-5416-a92c-c876685d13b0,EXCLUSION,③ 지방고용노동관서의 장은 제1항에 따라 작업중지명령 해제를 요청받은 경우,"근로감독관으로 하여금 안전ㆍ보건을 위하여 필요한 조치를 확인하도록 하고, 천재지변 등 불가피한 경우를 제외하고는 해제요청일 다음 날부터 4일 이내(토요일과 공휴일을 포함하되, 토요일과 공휴일이 연속하는 경우에는 3일까지만 포함한다)에 법 제55조제3항에 따른 작업중지해제 심의위원회(이하 ""심의위원회""라 한다)를 개최하여 심의한 후 해당조치가 완료되었다고 판단될 경우에는 즉시 작업중지명령을 해제해야 한다",paragraph,a63f8b7f82f972c06b14efb9e9a30c11b4455dfa,"③ 지방고용노동관서의 장은 제1항에 따라 작업중지명령 해제를 요청받은 경우에는 근로감독관으로 하여금 안전ㆍ보건을 위하여 필요한 조치를 확인하도록 하고, 천재지변 등 불가피한 경우를 제외하고는 해제요청일 다음 날부터 4일 이내(토요일과 공휴일을 포함하되, 토요일과 공휴일이 연속하는 경우에는 3일까지만 포함한다)에 법 제55조제3항에 따른 작업중지해제 심의위원회(이하 ""심의위원회""라 한다)를 개최하여 심의한 후 해당조치가 완료되었다고 판단될 경우에는 즉시 작업중지명령을 해제해야 한다."
c76789f5-b525-574c-bf4d-67bb61c3e69a,920ac3a4-6e61-5cec-a78e-5e3c5bf86f53,EXCLUSION,② 석면해체ㆍ제거업자는 제1항에 따라 제출한 석면해체ㆍ제거작업 신고서의 내용이 변경된[신고한 석면함유자재(물질)의 종류가 감소하거나 석면함유자재(물질)의 종류별 석면해체ㆍ제거작업 면적이 축소된 경우는 제외한다] 경우,지체 없이 별지 제78호서식의 석면해체ㆍ제거작업 변경 신고서를 석면해체ㆍ제거작업 장소의 소재지를 관할하는 지방고용노동관서의 장에게 제출해야 한다,paragraph,d1f399f3acdef2b68ff18482f0af265d04adf43d,② 석면해체ㆍ제거업자는 제1항에 따라 제출한 석면해체ㆍ제거작업 신고서의 내용이 변경된[신고한 석면함유자재(물질)의 종류가 감소하거나 석면함유자재(물질)의 종류별 석면해체ㆍ제거작업 면적이 축소된 경우는 제외한다] 경우에는 지체 없이 별지 제78호서식의 석면해체ㆍ제거작업 변경 신고서를 석면해체ㆍ제거작업 장소의 소재지를 관할하는 지방고용노동관서의 장에게 제출해야 한다. <개정 2023.9.27>
fc1c340a-b512-514d-b616-9fa77051258e,bcadb973-5255-5153-988c-c5eb90f249fe,SCOPE_EXCLUSION,"공장 또는 공사현장과 같은 구역에 있지 않은 사무실에서 서무ㆍ인사ㆍ경리ㆍ판매ㆍ설계 등의 사무업무에 종사하는 근로자를 말하며, 판매업무 등에 직접 종사하는 근로자",해당 용어/대상 범위에서 제외,paragraph,3a62057126d8aface1bdefa761231838a63fc072,"① 사업주는 상시 사용하는 근로자 중 사무직에 종사하는 근로자(공장 또는 공사현장과 같은 구역에 있지 않은 사무실에서 서무ㆍ인사ㆍ경리ㆍ판매ㆍ설계 등의 사무업무에 종사하는 근로자를 말하며, 판매업무 등에 직접 종사하는 근로자는 제외한다)에 대해서는 2년에 1회 이상, 그 밖의 근로자에 대해서는 1년에 1회 이상 일반건강진단을 실시해야 한다."
e65bfcc4-f116-5df8-8055-bc73c2b2d6de,54c79bdb-54be-5bd6-afdd-eecbf5c7a301,SCOPE_EXCLUSION,카드 발급 대상 업무에서 종사하지 않게 된 첫 해,해당 용어/대상 범위에서 제외,paragraph,8e117063eb7826944cf029468f95342b5b1ef9f9,"① 법 제137조제1항에 따른 건강관리카드(이하 ""카드""라 한다)를 발급받은 근로자가 카드의 발급 대상 업무에 더 이상 종사하지 않는 경우에는 공단 또는 특수건강진단기관에서 실시하는 건강진단을 매년(카드 발급 대상 업무에서 종사하지 않게 된 첫 해는 제외한다) 1회 받을 수 있다. 다만, 카드를 발급받은 근로자(이하 ""카드소지자""라 한다)가 카드의 발급 대상 업무와 같은 업무에 재취업하고 있는 기간 중에는 그렇지 않다."
4bf76f5a-9e0e-52b1-9886-bb64c801a36c,0fdec6ab-d47d-54b2-9e0a-64c3179663e3,MODIFICATION,"① 법 제141조제1항 후단에서 ""고용노동부령으로 정하는 사람""이란 해당 질병에 대하여 「산업재해보상보험법」 제36조제1항제1호 및 제5호에 따른 요양급여 및 유족급여를 신청한 자 또는 그 대리인(제222조제1항제2호에 따른 역학조사에 한한다)을 말한다",앞 규칙의 적용 범위 또는 내용을 수정,paragraph,0bcec2bcce1dc88236071f6707a1ed203291e244,"① 법 제141조제1항 후단에서 ""고용노동부령으로 정하는 사람""이란 해당 질병에 대하여 「산업재해보상보험법」 제36조제1항제1호 및 제5호에 따른 요양급여 및 유족급여를 신청한 자 또는 그 대리인(제222조제1항제2호에 따른 역학조사에 한한다)을 말한다."
c6824241-8f6b-5daf-8764-fe630155912a,0f3d2a02-6eda-5910-bbfe-e51f2dec389a,SCOPE_EXCLUSION,등록증을 잃어버린 경우,해당 용어/대상 범위에서 제외,paragraph,1569ad042d6d0bcfa7bd3c4450e5cf5755a9e366,④ 지도사는 제2항에 따라 발급받은 등록증을 잃어버리거나 그 등록증이 훼손된 경우 또는 제3항에 따라 등록사항의 변경 신고를 한 경우에는 별지 제93호서식의 등록증 재발급신청서에 등록증(등록증을 잃어버린 경우는 제외한다)을 첨부하여 지방고용노동관서의 장에게 제출하고 등록증을 다시 발급받아야 한다.
f6866a62-3107-58d3-a837-2a060499c288,82f90d06-5eda-5f47-b691-c580b30c22b9,EXCLUSION,이 경우 등록부와 등록증 발급대장은 전자적 처리가 불가능한 특별한 사유가 있는 경우를 제외하고는 전자적 방법으로 관리해야 한다,해당 범위를 앞 규칙 적용 대상에서 제외,paragraph,297bf14dbd9753762849af9d4bd7c2c2e8492c96,⑤ 지방고용노동관서의 장은 제2항부터 제4항까지의 규정에 따라 등록증을 발급하거나 재발급하는 경우에는 별지 제94호서식의 등록부와 별지 제95호서식의 등록증 발급대장에 각각 해당 사실을 기재해야 한다. 이 경우 등록부와 등록증 발급대장은 전자적 처리가 불가능한 특별한 사유가 있는 경우를 제외하고는 전자적 방법으로 관리해야 한다.
9b58974b-3b96-5951-87d6-f9bb1b1933af,d4cf2202-35e5-58e8-871a-b1eab0f052eb,SCOPE_EXCLUSION,고용노동부,해당 용어/대상 범위에서 제외,paragraph,1f647bc2358ac80dbf43ee130f3e8163ab57ad94,② 행정기관(고용노동부는 제외한다. 이하 이 조에서 같다)의 장은 사업장의 안전 및 보건에 관하여 규제를 하려면 미리 고용노동부장관과 협의하여야 한다.
ce9e1c58-6759-5699-9aab-775ce22ce4e5,17f1c277-0473-5e54-a9aa-5251d29e258c,SCOPE_EXCLUSION,제1항 각 호 외의 부분 단서에 따른 사업주,해당 용어/대상 범위에서 제외,paragraph,b6b71c15541a93803fb4915a786829d59ba72859,② 제1항제3호에 따른 건설공사를 착공하려는 사업주(제1항 각 호 외의 부분 단서에 따른 사업주는 제외한다)는 유해위험방지계획서를 작성할 때 건설안전 분야의 자격 등 고용노동부령으로 정하는 자격을 갖춘 자의 의견을 들어야 한다.
6a597b23-d2fe-523f-a81a-6d50aafa988c,90a2f694-9b8a-575d-b22e-50590c24f112,SCOPE_EXCLUSION,교통사고 등 고용노동부령으로 정하는 경우,해당 용어/대상 범위에서 제외,paragraph,0d4ae765f2ff8814974672ebdda19b9d498cf83d,"② 제42조제1항 각 호 외의 부분 단서에 따른 사업주는 고용노동부령으로 정하는 바에 따라 유해위험방지계획서의 이행에 관하여 스스로 확인하여야 한다. 다만, 해당 건설공사 중에 근로자가 사망(교통사고 등 고용노동부령으로 정하는 경우는 제외한다)한 경우에는 고용노동부령으로 정하는 바에 따라 유해위험방지계획서의 이행에 관하여 고용노동부장관의 확인을 받아야 한다."
7ebcef5d-f5c6-5cac-9b50-d82994f3941e,01c50e2b-f96c-53c2-ad1e-a22872b4acd8,SCOPE_EXCLUSION,건설공사발주자로부터 건설공사를 최초로 도급받은 수급인,해당 용어/대상 범위에서 제외,paragraph,b2095b1cfa6de00f25ed7aca79cb63d213be3e75,"① 건설공사발주자가 도급계약을 체결하거나 건설공사의 시공을 주도하여 총괄ㆍ관리하는 자(건설공사발주자로부터 건설공사를 최초로 도급받은 수급인은 제외한다)가 건설공사 사업 계획을 수립할 때에는 고용노동부장관이 정하여 고시하는 바에 따라 산업재해 예방을 위하여 사용하는 비용(이하 ""산업안전보건관리비""라 한다)을 도급금액 또는 사업비에 계상(計上)하여야 한다. <개정 2020.6.9>"
e44abad2-70f8-54a0-b880-def7d5a7a768,983759f0-9c52-5453-898f-9024105aa5a8,SCOPE_EXCLUSION,건설공사발주자로부터 건설공사를 최초로 도급받은 수급인,해당 용어/대상 범위에서 제외,paragraph,713069253a3c3f468f08c33b99cedbdb4beeee3c,"① 대통령령으로 정하는 건설공사의 건설공사발주자 또는 건설공사도급인(건설공사발주자로부터 건설공사를 최초로 도급받은 수급인은 제외한다)은 해당 건설공사를 착공하려는 경우 제74조에 따라 지정받은 전문기관(이하 ""건설재해예방전문지도기관""이라 한다)과 건설 산업재해 예방을 위한 지도계약을 체결하여야 한다. <개정 2021.8.17>"
7c43b366-44e9-5739-8fda-b44af938f895,d19bc858-0ebe-5419-9c9f-207a177010a7,SCOPE_EXCLUSION,대통령령으로 정하는 것,해당 용어/대상 범위에서 제외,paragraph,f33adff0068dc77e4b185d49d05e7051227c2b76,"① 화학물질 또는 이를 포함한 혼합물로서 제104조에 따른 분류기준에 해당하는 것(대통령령으로 정하는 것은 제외한다. 이하 ""물질안전보건자료대상물질""이라 한다)을 제조하거나 수입하려는 자는 다음 각 호의 사항을 적은 자료(이하 ""물질안전보건자료""라 한다)를 고용노동부령으로 정하는 바에 따라 작성하여 고용노동부장관에게 제출하여야 한다. 이 경우 고용노동부장관은 고용노동부령으로 물질안전보건자료의 기재 사항이나 작성 방법을 정할 때 「화학물질관리법」 및 「화학물질의 등록 및 평가 등에 관한 법률」과 관련된 사항에 대해서는 기후에너지환경부장관과 협의하여야 한다. <개정 2020.5.26, 2025.10.1>"
5b71b0e8-6dfb-5b91-8b10-8e24dc57a575,15071c2c-ea38-5ef0-b3f0-8eb42287faca,SCOPE_EXCLUSION,물질안전보건자료대상물질을 제조하거나 수입한 자,해당 용어/대상 범위에서 제외,paragraph,0b92857dd5fea327e2c0549f4bda0e1449373718,③ 물질안전보건자료대상물질을 양도하거나 제공한 자(물질안전보건자료대상물질을 제조하거나 수입한 자는 제외한다)는 제110조제3항에 따른 물질안전보건자료를 제공받은 경우 이를 물질안전보건자료대상물질을 양도받거나 제공받은 자에게 제공하여야 한다.
9a0f8334-a89c-5d8f-96ae-a4266b53d1e5,bb318131-c418-5d13-a6eb-00590073d219,SCOPE_EXCLUSION,제143조제2항에 해당하는 사람 중 대통령령으로 정하는 실무경력이 있는 사람,해당 용어/대상 범위에서 제외,paragraph,f7b7c7d7871edf581633f7f9fa7e6e827eade081,제146조(지도사의 교육) 지도사 자격이 있는 사람(제143조제2항에 해당하는 사람 중 대통령령으로 정하는 실무경력이 있는 사람은 제외한다)이 직무를 수행하려면 제145조에 따른 등록을 하기 전 1년의 범위에서 고용노동부령으로 정하는 연수교육을 받아야 한다.
f3d5cd06-80b4-5f63-9c6a-cb043f4f6104,aacfbd3c-a60e-5e14-94e3-351866794130,SCOPE_EXCLUSION,선고유예,해당 용어/대상 범위에서 제외,paragraph,e76ae8311c546ec8e56223302fb8d518922b6f88,"① 법원은 제38조제1항부터 제3항까지(제166조의2에서 준용하는 경우를 포함한다), 제39조제1항(제166조의2에서 준용하는 경우를 포함한다) 또는 제63조(제166조의2에서 준용하는 경우를 포함한다)를 위반하여 근로자를 사망에 이르게 한 사람에게 유죄의 판결(선고유예는 제외한다)을 선고하거나 약식명령을 고지하는 경우에는 200시간의 범위에서 산업재해 예방에 필요한 수강명령 또는 산업안전보건프로그램의 이수명령(이하 ""이수명령""이라 한다)을 병과(倂科)할 수 있다. <개정 2020.3.31>"
65d047f0-0e13-5743-8b3e-590c1cbc0d9c,67487243-9581-541b-87db-b42ea38e66df,SCOPE_EXCLUSION,제8호,해당 용어/대상 범위에서 제외,paragraph,efcda9a27ebdd3e0f3443729eeea28864c4f4d4f,"② 명예산업안전감독관의 업무는 다음 각 호와 같다. 이 경우 제1항제1호에 따라 위촉된 명예산업안전감독관의 업무 범위는 해당 사업장에서의 업무(제8호는 제외한다)로 한정하며, 제1항제2호부터 제4호까지의 규정에 따라 위촉된 명예산업안전감독관의 업무 범위는 제8호부터 제10호까지의 규정에 따른 업무로 한정한다."
5463516d-ed70-56a0-b40f-c24b06f56136,2f45b3d7-e89f-5401-9e6a-0ce55c92a957,SCOPE_EXCLUSION,건설공사도급인은 건설공사발주자로부터 건설공사를 최초로 도급받은 수급인,해당 용어/대상 범위에서 제외,paragraph,af868d41a2d77f22b8a4c969e5c8901bbd28684f,"② 제1항에 따른 건설공사의 건설공사발주자 또는 건설공사도급인(건설공사도급인은 건설공사발주자로부터 건설공사를 최초로 도급받은 수급인은 제외한다)은 법 제73조제1항의 건설 산업재해 예방을 위한 지도계약(이하 ""기술지도계약""이라 한다)을 해당 건설공사 착공일의 전날까지 체결해야 한다. <신설 2022.8.16>"
011155bd-e477-5382-b83f-cf3973c8f95c,4a6071b3-8ded-5ce6-b9cb-0fec90127cdb,SCOPE_EXCLUSION,「수도권정비계획법」 제2조제1호에 따른 수도권에 속하는 시,해당 용어/대상 범위에서 제외,paragraph,01b3b1e2c414476342deff1b74bf9ae2f5ba5424,② 제1항에도 불구하고 고용노동부장관은 법 제135조제1항에 따른 특수건강진단기관이 없는 시ㆍ군(「수도권정비계획법」 제2조제1호에 따른 수도권에 속하는 시는 제외한다) 또는 「제주특별자치도 설치 및 국제자유도시 조성을 위한 특별법」 제10조에 따른 행정시의 경우에는 고용노동부령으로 정하는 유해인자에 대하여 「건강검진기본법」 제3조제2호에 따른 건강검진기관 중 고용노동부령으로 정하는 건강검진기관으로서 해당 기관에 「의료법」에 따른 의사(특수건강진단과 관련하여 고용노동부장관이 정하는 교육을 이수한 의사를 말한다) 및 「간호법」에 따른 간호사가 각각 1명 이상 있는 의료기관을 해당 지역의 특수건강진단기관으로 지정할 수 있다. <개정 2025.6.20>
2864329b-9d66-56a7-a7b7-744253132bee,24293447-95a2-582d-9928-7b9f0e9c0b5a,SCOPE_EXCLUSION,「소상공인기본법」 제2조에 따른 소상공인,해당 용어/대상 범위에서 제외,paragraph,4b1b11c1158266f2fc933490798e36655ce19d6b,"제13조(조치 등의 이행사항에 관한 서면의 보관) 사업주 또는 경영책임자등(「소상공인기본법」 제2조에 따른 소상공인은 제외한다)은 제4조, 제5조 및 제8조부터 제11조까지의 규정에 따른 조치 등의 이행에 관한 사항을 서면(「전자문서 및 전자거래 기본법」 제2조제1호에 따른 전자문서를 포함한다)으로 작성하여 그 조치 등을 이행한 날부터 5년간 보관해야 한다."
4e6f301f-9631-591e-b106-5fa998126a16,36e42459-9f8e-5fb3-8d94-a5e02dfe0ecc,SCOPE_EXCLUSION,건조ㆍ수리작업을 위하여 임시로 설치한 사다리식 통로,해당 용어/대상 범위에서 제외,paragraph,95316642437d8fd8dffbca8e3e26f20dc9ea7d95,② 잠함(潛函) 내 사다리식 통로와 건조ㆍ수리 중인 선박의 구명줄이 설치된 사다리식 통로(건조ㆍ수리작업을 위하여 임시로 설치한 사다리식 통로는 제외한다)에 대해서는 제1항제5호부터 제10호까지의 규정을 적용하지 아니한다.
62afb30a-55dd-5cd9-a60e-57632a670212,e27bf76c-52ae-5e95-8bff-e67a96963e12,EXCLUSION,① 사업주는 근로자가 추락하거나 넘어질 위험이 있는 장소[작업발판의 끝ㆍ개구부(開口部) 등을 제외한다]또는 기계ㆍ설비ㆍ선박블록 등에서 작업을 할 때에 근로자가 위험해질 우려가 있는 경우,비계(飛階)를 조립하는 등의 방법으로 작업발판을 설치하여야 한다,paragraph,c7e225e5d8f3e9714a1bf00a3b982d855057929b,① 사업주는 근로자가 추락하거나 넘어질 위험이 있는 장소[작업발판의 끝ㆍ개구부(開口部) 등을 제외한다]또는 기계ㆍ설비ㆍ선박블록 등에서 작업을 할 때에 근로자가 위험해질 우려가 있는 경우 비계(飛階)를 조립하는 등의 방법으로 작업발판을 설치하여야 한다.
7b2cc46a-33af-5d38-aa96-542a530a52f3,de50b5ac-b937-5cf2-be80-3edb87585499,SCOPE_EXCLUSION,공기정화장치가 설치된 이동식 국소배기장치,해당 용어/대상 범위에서 제외,paragraph,1063d49aad282a4603c5910d5a1d5ebb4fc518da,제75조(배기구) 사업주는 분진등을 배출하기 위하여 설치하는 국소배기장치(공기정화장치가 설치된 이동식 국소배기장치는 제외한다)의 배기구를 직접 외부로 향하도록 개방하여 실외에 설치하는 등 배출되는 분진등이 작업장으로 재유입되지 않는 구조로 하여야 한다.
ed528fb7-4ce8-5d9c-9346-3244d79ece6c,3058a2c3-d95a-5dc6-a0fd-7774477b4b94,SCOPE_EXCLUSION,화물자동차,해당 용어/대상 범위에서 제외,paragraph,f637a7f326c677915c9debce8f1074576fcef8f7,"⑦ 사업주는 차량계 하역운반기계(화물자동차는 제외한다)를 사용하여 작업을 하는 경우 승차석이 아닌 위치에 근로자를 탑승시켜서는 아니 된다. 다만, 추락 등의 위험을 방지하기 위한 조치를 한 경우에는 그러하지 아니하다."
b440c4a8-ac6a-57f8-b389-172ae5ef4f1b,5d6d5e19-ef18-5acc-a2f1-34cb47fe5278,SCOPE_EXCLUSION,최대제한속도가 시속 10킬로미터 이하인 것,해당 용어/대상 범위에서 제외,paragraph,914c186cc6ce4dbfe4abf02ab4a527744b4ef49c,"① 사업주는 차량계 하역운반기계, 차량계 건설기계(최대제한속도가 시속 10킬로미터 이하인 것은 제외한다)를 사용하여 작업을 하는 경우 미리 작업장소의 지형 및 지반 상태 등에 적합한 제한속도를 정하고, 운전자로 하여금 준수하도록 하여야 한다."
69f783a9-0e6b-5881-ab33-21f6ce8db669,9b5be9b0-b9ac-5efd-aa84-414f4c20844a,SCOPE_EXCLUSION,목재가공용 띠톱기계,해당 용어/대상 범위에서 제외,paragraph,cf1a53f792e10616b0529759de83663f59dfb97b,제100조(띠톱기계의 덮개 등) 사업주는 띠톱기계(목재가공용 띠톱기계는 제외한다)의 절단에 필요한 톱날 부위 외의 위험한 톱날 부위에 덮개 또는 울 등을 설치하여야 한다.
e30f1627-cc15-584b-b4f6-425503ea05b2,f64d637e-3898-55e0-b81b-132c61b0d74e,SCOPE_EXCLUSION,목재가공용 둥근톱기계,해당 용어/대상 범위에서 제외,paragraph,6c6da2b0a75b19ce8ccd3831bce12b13d4a6ede6,제101조(원형톱기계의 톱날접촉예방장치) 사업주는 원형톱기계(목재가공용 둥근톱기계는 제외한다)에는 톱날접촉예방장치를 설치하여야 한다.
17357f92-dd46-5359-9478-412db82191ed,e679337a-d7ed-5fa3-891a-673a1830818b,EXCLUSION,제105조(둥근톱기계의 반발예방장치) 사업주는 목재가공용 둥근톱기계[(가로 절단용 둥근톱기계 및 반발(反撥)에 의하여 근로자에게 위험을 미칠 우려가 없는 것은 제외한다)]에 분할날 등 반발예방장치를 설치하여야 한다,해당 범위를 앞 규칙 적용 대상에서 제외,paragraph,67c4eb15c1223ba0fc1f38c6cda2341d6e4b7213,제105조(둥근톱기계의 반발예방장치) 사업주는 목재가공용 둥근톱기계[(가로 절단용 둥근톱기계 및 반발(反撥)에 의하여 근로자에게 위험을 미칠 우려가 없는 것은 제외한다)]에 분할날 등 반발예방장치를 설치하여야 한다.
b0191394-0efe-5346-9687-48453e70aaa7,310c9dda-e8eb-5dbe-807c-eaba97796e1f,SCOPE_EXCLUSION,"휴대용 둥근톱을 포함하되, 원목제재용 둥근톱기계 및 자동이송장치를 부착한 둥근톱기계",해당 용어/대상 범위에서 제외,paragraph,6b9f012cabf98142bc11bfdca2387d66c066224a,"제106조(둥근톱기계의 톱날접촉예방장치) 사업주는 목재가공용 둥근톱기계(휴대용 둥근톱을 포함하되, 원목제재용 둥근톱기계 및 자동이송장치를 부착한 둥근톱기계를 제외한다)에는 톱날접촉예방장치를 설치하여야 한다."
0ee046d2-5d6b-53c0-8664-c5a0b2133304,4cf2a2cd-e0fb-5626-8a18-0b5946c6b583,SCOPE_EXCLUSION,자동이송장치를 부착한 것,해당 용어/대상 범위에서 제외,paragraph,67cd54a5b20645947830b4ff493d50e69126abbe,"제110조(모떼기기계의 날접촉예방장치) 사업주는 모떼기기계(자동이송장치를 부착한 것은 제외한다)에 날접촉예방장치를 설치하여야 한다. 다만, 작업의 성질상 날접촉예방장치를 설치하는 것이 곤란하여 해당 근로자에게 적절한 작업공구 등을 사용하도록 한 경우에는 그러하지 아니하다."
afd28035-e72d-5a53-8a89-804e4281c7ef,a280e9da-02eb-564e-a448-151fbebad9df,SCOPE_EXCLUSION,제115조에 따른 고속회전체,해당 용어/대상 범위에서 제외,paragraph,cc549c03b290321555eac348b8646c26e7833690,"제114조(회전시험 중의 위험 방지) 사업주는 고속회전체[(터빈로터ㆍ원심분리기의 버킷 등의 회전체로서 원주속도(圓周速度)가 초당 25미터를 초과하는 것으로 한정한다. 이하 이 조에서 같다)]의 회전시험을 하는 경우 고속회전체의 파괴로 인한 위험을 방지하기 위하여 전용의 견고한 시설물의 내부 또는 견고한 장벽 등으로 격리된 장소에서 하여야 한다. 다만, 고속회전체(제115조에 따른 고속회전체는 제외한다)의 회전시험으로서 시험설비에 견고한 덮개를 설치하는 등 그 고속회전체의 파괴에 의한 위험을 방지하기 위하여 필요한 조치를 한 경우에는 그러하지 아니하다."
90ab1e59-84af-54a0-bfbe-234da595ede0,fc67a171-b4c0-519d-a8b2-ee2b77a93cb2,SCOPE_EXCLUSION,프레스등,해당 용어/대상 범위에서 제외,paragraph,144b1cee6250863427c50f0a8381ab6bb4cc2053,"① 사업주는 사출성형기(射出成形機)ㆍ주형조형기(鑄型造形機) 및 형단조기(프레스등은 제외한다) 등에 근로자의 신체 일부가 말려들어갈 우려가 있는 경우 게이트가드(gate guard) 또는 양수조작식 등에 의한 방호장치, 그 밖에 필요한 방호 조치를 하여야 한다."
a0ea22af-5de2-54c6-b5df-fa748416bd48,f2fad968-664b-56c4-8041-5ba44be0238c,SCOPE_EXCLUSION,천 또는 코르크 등을 사용하는 버프연마기,해당 용어/대상 범위에서 제외,paragraph,87e28e2d073ca9cf0565558c5ca9b19ec3c78f8e,제126조(버프연마기의 덮개) 사업주는 버프연마기(천 또는 코르크 등을 사용하는 버프연마기는 제외한다)의 연마에 필요한 부위를 제외하고는 덮개를 설치하여야 한다.
76450e24-2c65-5674-b1af-cbabade92bb8,c6c7aa48-0386-5c31-82bf-963a80bf183d,SCOPE_EXCLUSION,승강기,해당 용어/대상 범위에서 제외,paragraph,10d2f42c7bb5ab33297f45309992f9929c76edb4,"제133조(정격하중 등의 표시) 사업주는 양중기(승강기는 제외한다) 및 달기구를 사용하여 작업하는 운전자 또는 작업자가 보기 쉬운 곳에 해당 기계의 정격하중, 운전속도, 경고표시 등을 부착하여야 한다. 다만, 달기구는 정격하중만 표시한다."
8838571b-2107-51a1-85c9-f2bca60566f8,9965839c-2dc1-57af-bfb8-424bfc685fcd,SCOPE_EXCLUSION,자동차정비용 리프트,해당 용어/대상 범위에서 제외,paragraph,8319f61b558ff6c8986f5a4f83bf265d571f9873,"제151조(권과 방지 등) 사업주는 리프트(자동차정비용 리프트는 제외한다. 이하 이 관에서 같다)의 운반구 이탈 등의 위험을 방지하기 위하여 권과방지장치, 과부하방지장치, 비상정지장치 등을 설치하는 등 필요한 조치를 하여야 한다. <개정 2019.4.19>"
51023456-723a-5851-bdef-4fb859711a67,75b87eab-2afa-5bf0-878c-ab56d0de6e17,SCOPE_EXCLUSION,지하에 설치되어 있는 것,해당 용어/대상 범위에서 제외,paragraph,01f4e946f8e81f0bed3b4436030283f6d2464ce0,② 사업주는 순간풍속이 초당 35미터를 초과하는 바람이 불어올 우려가 있는 경우 건설용 리프트(지하에 설치되어 있는 것은 제외한다)에 대하여 받침의 수를 증가시키는 등 그 붕괴 등을 방지하기 위한 조치를 하여야 한다. <개정 2022.10.18>
e9e2125e-1875-5d24-8c10-ee58794d0787,918e0d21-7ae5-5537-a1bd-5232d4f9b5fd,EXCLUSION,④ 항타기나 항발기의 구조상 권상용 와이어로프가 꼬일 우려가 없는 경우,제2항과 제3항을 적용하지 아니한다,paragraph,581bd1366b4e405b628832cce1da173057a9845a,④ 항타기나 항발기의 구조상 권상용 와이어로프가 꼬일 우려가 없는 경우에는 제2항과 제3항을 적용하지 아니한다.
409fe73f-7001-5fbe-886a-72265587740e,c118f39b-5b85-5c65-a0a3-a900c0b57d71,SCOPE_EXCLUSION,제222조에 따른 교시 등을 위한 로봇의 운전과 제224조 단서에 따른 로봇의 운전,해당 용어/대상 범위에서 제외,paragraph,fd6e6837072f591bc899305a96a1d734b1590fe2,"제223조(운전 중 위험 방지) 사업주는 로봇의 운전(제222조에 따른 교시 등을 위한 로봇의 운전과 제224조 단서에 따른 로봇의 운전은 제외한다)으로 인하여 근로자에게 발생할 수 있는 부상 등의 위험을 방지하기 위하여 높이 1.8미터 이상의 울타리(로봇의 가동범위 등을 고려하여 높이로 인한 위험성이 없는 경우에는 높이를 그 이하로 조절할 수 있다)를 설치해야 하며, 컨베이어 시스템의 설치 등으로 울타리를 설치할 수 없는 일부 구간에 대해서는 안전매트 또는 광전자식 방호장치 등 감응형 방호장치를 설치해야 한다. 다만, 고용노동부장관이 해당 로봇의 안전기준이 한국산업표준에서 정하고 있는 안전기준 또는 국제적으로 통용되는 안전기준에 부합한다고 인정하는 경우에는 본문에 따른 조치를 하지 않을 수 있다. <개정 2016.4.7, 2018.8.14, 2022.10.18, 2024.6.28>"
472df78f-128c-539a-8090-801c7ee50b0f,094cf5ed-5f7f-5fc2-b6cd-82bea0291899,SCOPE_EXCLUSION,교시 등에 해당하는 것,해당 용어/대상 범위에서 제외,paragraph,0eed40e5dd29f938286943cff7fb0c7f3b080d65,"제224조(수리 등 작업 시의 조치 등) 사업주는 로봇의 작동범위에서 해당 로봇의 수리ㆍ검사ㆍ조정(교시 등에 해당하는 것은 제외한다)ㆍ청소ㆍ급유 또는 결과에 대한 확인작업을 하는 경우에는 해당 로봇의 운전을 정지함과 동시에 그 작업을 하고 있는 동안 로봇의 기동스위치를 열쇠로 잠근 후 열쇠를 별도 관리하거나 해당 로봇의 기동스위치에 작업 중이란 내용의 표지판을 부착하는 등 해당 작업에 종사하고 있는 근로자가 아닌 사람이 해당 기동스위치를 조작할 수 없도록 필요한 조치를 하여야 한다. 다만, 로봇의 운전 중에 작업을 하지 아니하면 안되는 경우로서 해당 로봇의 예기치 못한 작동 또는 오조작에 의한 위험을 방지하기 위하여 제222조 각 호의 조치를 한 경우에는 그러하지 아니하다."
5fc1f4ea-9919-5452-ab8b-0c29b6ba8663,594ccf0e-81b3-5d82-b106-fa9b9f3e356c,SCOPE_EXCLUSION,고열의 금속찌꺼기를 물로 처리하는 작업과 폐기하는 작업,해당 용어/대상 범위에서 제외,paragraph,3082d6acc2970af9a5e936b9f70b623cbbdba80f,"제250조(용융고열물의 취급작업) 사업주는 용융고열물을 취급하는 작업(고열의 금속찌꺼기를 물로 처리하는 작업과 폐기하는 작업은 제외한다)을 하는 경우에는 수증기 폭발을 방지하기 위하여 제248조에 따른 피트, 제249조에 따른 건축물의 바닥, 그 밖에 해당 용융고열물을 취급하는 설비에 물이 고이거나 습윤 상태에 있지 않음을 확인한 후 작업하여야 한다."
bd514c81-a179-5e11-b919-56fc5c710ac0,9ce4b7e1-25af-53b1-b2ff-a49908336e85,SCOPE_EXCLUSION,화학설비 또는 그 배관의 밸브나 콕,해당 용어/대상 범위에서 제외,paragraph,3bc5bd957ae9b7eb71af72682e1f53cd4937fad6,"제256조(부식 방지) 사업주는 화학설비 또는 그 배관(화학설비 또는 그 배관의 밸브나 콕은 제외한다) 중 위험물 또는 인화점이 섭씨 60도 이상인 물질(이하 ""위험물질등""이라 한다)이 접촉하는 부분에 대해서는 위험물질등에 의하여 그 부분이 부식되어 폭발ㆍ화재 또는 누출되는 것을 방지하기 위하여 위험물질등의 종류ㆍ온도ㆍ농도 등에 따라 부식이 잘 되지 않는 재료를 사용하거나 도장(塗裝) 등의 조치를 하여야 한다."
303cd553-52b3-5dad-86fc-8c9292fc9870,8b3cf822-72f7-5699-8f07-a9925d436b74,SCOPE_EXCLUSION,"전열기의 발열체 부분, 저항접속기의 전극 부분 등 전기기계ㆍ기구의 사용 목적에 따라 노출이 불가피한 충전부분",해당 용어/대상 범위에서 제외,paragraph,d0bcad07cfd33918c84d4790caaeff784530d94e,"① 사업주는 근로자가 작업이나 통행 등으로 인하여 전기기계, 기구 [전동기ㆍ변압기ㆍ접속기ㆍ개폐기ㆍ분전반(分電盤)ㆍ배전반(配電盤) 등 전기를 통하는 기계ㆍ기구, 그 밖의 설비 중 배선 및 이동전선 외의 것을 말한다. 이하 같다)] 또는 전로 등의 충전부분(전열기의 발열체 부분, 저항접속기의 전극 부분 등 전기기계ㆍ기구의 사용 목적에 따라 노출이 불가피한 충전부분은 제외한다. 이하 같다)에 접촉(충전부분과 연결된 도전체와의 접촉을 포함한다. 이하 이 장에서 같다)하거나 접근함으로써 감전 위험이 있는 충전부분에 대하여 감전을 방지하기 위하여 다음 각 호의 방법 중 하나 이상의 방법으로 방호하여야 한다."
0211e0f6-37c9-5eea-ba59-68875ed06465,f9b9e410-6a13-55f3-a4f1-3a99ed93aa9c,MODIFICATION,③ 다음 각 호의 어느 하나에 해당하는 경우,제1항과 제2항을 적용하지 않는다,paragraph,8fc0f496064742decd0f0a34c3463563737d9ca5,"③ 다음 각 호의 어느 하나에 해당하는 경우에는 제1항과 제2항을 적용하지 않는다. <개정 2019.1.31, 2021.11.19>"
37562de6-b1af-56b7-9ac4-60f6aaf22c59,62da2fe6-1577-5a5b-87f1-12a48a67d52b,SCOPE_EXCLUSION,자동용접,해당 용어/대상 범위에서 제외,paragraph,ca02f6b526c8b299f4ded1f67c60f153ce95a5e6,"①사업주는 아크용접 등(자동용접은 제외한다)의 작업에 사용하는 용접봉의 홀더에 대하여 한국산업표준에 적합하거나 그 이상의 절연내력 및 내열성을 갖춘 것을 사용하여야 한다. <개정 2013.3.21, 2022.10.18>"
125101c5-3fb2-5531-ac50-38e936b5134f,a6ec6bb3-9be0-5fcc-8991-dc051b78ecba,SCOPE_EXCLUSION,자동으로 작동되는 것,해당 용어/대상 범위에서 제외,paragraph,dbd9918db0cda7bffd4d628ec2bdc41b8855a018,"② 사업주는 다음 각 호의 어느 하나에 해당하는 장소에서 교류아크용접기(자동으로 작동되는 것은 제외한다)를 사용하는 경우에는 교류아크용접기에 자동전격방지기를 설치하여야 한다. <신설 2013.3.21, 2019.10.15>"
586516ff-373d-55d7-85be-0d26d0ea5a2a,879d03e3-84ba-54ba-af7d-bc98bdb2589c,EXCLUSION,③ 사업주는 다음 각 호의 경우를 제외하고는 근로자가 차량등의 그 어느 부분과도 접촉하지 않도록 울타리를 설치하거나 감시인 배치 등의 조치를 하여야 한다,해당 범위를 앞 규칙 적용 대상에서 제외,paragraph,4d90c282db0dd426d4dde6e3fdc30a85ccffa62a,③ 사업주는 다음 각 호의 경우를 제외하고는 근로자가 차량등의 그 어느 부분과도 접촉하지 않도록 울타리를 설치하거나 감시인 배치 등의 조치를 하여야 한다. <개정 2019.10.15>
fbed83a0-85e6-5f0b-8229-cd6842778e7d,9249d651-c2fd-5236-bc28-1fd8c63c441b,EXCLUSION,"제324조(적용 제외) 제38조제1항제5호, 제301조부터 제310조까지 및 제313조부터 제323조까지의 규정은 대지전압이 30볼트 이하인 전기기계ㆍ기구ㆍ배선 또는 이동전선에 대해서는 적용하지 아니한다",해당 범위를 앞 규칙 적용 대상에서 제외,paragraph,512a739e1fe1e463f2d32b84f20bcd239e7472d1,"제324조(적용 제외) 제38조제1항제5호, 제301조부터 제310조까지 및 제313조부터 제323조까지의 규정은 대지전압이 30볼트 이하인 전기기계ㆍ기구ㆍ배선 또는 이동전선에 대해서는 적용하지 아니한다."
4f41e3dd-8430-5702-8848-be54b731570d,4b8d786d-6667-5085-979c-c0403fc8eae9,EXCLUSION,"제357조(점화물질 휴대 금지) 사업주는 작업의 성질상 부득이한 경우를 제외하고는 터널 내부에서 근로자가 화기, 성냥, 라이터, 그 밖에 발화위험이 있는 물건을 휴대하는 것을 금지하고, 그 내용을 터널의 출입구 부근의 보기 쉬운 장소에 게시하여야 한다",해당 범위를 앞 규칙 적용 대상에서 제외,paragraph,c2caf9ea9b5774b6da9abcbbd0f205851ab473c9,"제357조(점화물질 휴대 금지) 사업주는 작업의 성질상 부득이한 경우를 제외하고는 터널 내부에서 근로자가 화기, 성냥, 라이터, 그 밖에 발화위험이 있는 물건을 휴대하는 것을 금지하고, 그 내용을 터널의 출입구 부근의 보기 쉬운 장소에 게시하여야 한다."
01ea3afc-32f6-560d-8c6c-71c27e1437a6,a2520003-bfae-5baa-abfc-9537eeb16737,SCOPE_EXCLUSION,갱내에서의 작업,해당 용어/대상 범위에서 제외,paragraph,5d4e20ef83407478972fb0d59eb0f3d1b4537c3b,제372조(붕괴 등에 의한 위험 방지) 사업주는 채석작업(갱내에서의 작업은 제외한다)을 하는 경우에 붕괴 또는 낙하에 의하여 근로자를 위험하게 할 우려가 있는 토석ㆍ입목 등을 미리 제거하거나 방호망을 설치하는 등 위험을 방지하기 위하여 필요한 조치를 하여야 한다.
7e3e20e4-56b7-55a5-ac6e-915bdd30830f,5d1aa79e-e2c6-51f6-a186-17d185be1b9e,SCOPE_EXCLUSION,베릴륨 및 석면,해당 용어/대상 범위에서 제외,paragraph,7fad553c966303ec3ab6ff565498151c94ee539d,① 사업주는 허가대상 유해물질(베릴륨 및 석면은 제외한다)을 제조하거나 사용하는 경우에 다음 각 호의 사항을 준수하여야 한다.
77ba5fb7-7c76-57e9-b425-75af5f89f4de,c54a9792-5516-58bb-8155-71bec14720eb,SCOPE_EXCLUSION,베릴륨 및 석면,해당 용어/대상 범위에서 제외,paragraph,963977b286577ed495f6a7c6b6ff9daf6dc351e2,"② 사업주는 근로자가 허가대상 유해물질(베릴륨 및 석면은 제외한다)을 제조하거나 사용하는 경우에 허가대상 유해물질의 가스ㆍ증기 또는 분진의 발산원을 밀폐하는 설비나 포위식 후드 또는 부스식 후드의 국소배기장치를 설치하여야 한다. 다만, 작업의 성질상 밀폐설비나 포위식 후드 또는 부스식 후드를 설치하기 곤란한 경우에는 외부식 후드의 국소배기장치(상방 흡인형은 제외한다)를 설치할 수 있다."
b9f58651-4490-5320-a907-3da870ef362a,fa2a6c65-48a3-56e7-ad2e-f6ec2fec7cd0,EXCLUSION,제497조의2(석면해체ㆍ제거작업 기준의 적용 특례) 석면해체ㆍ제거작업 중 석면의 함유율이 1퍼센트 이하인 경우,의 작업에 관해서는 제489조부터 제497조까지의 규정에 따른 기준을 적용하지 아니한다,paragraph,b199c54aba38b47eedb14dfc4cbcb800497ee396,제497조의2(석면해체ㆍ제거작업 기준의 적용 특례) 석면해체ㆍ제거작업 중 석면의 함유율이 1퍼센트 이하인 경우의 작업에 관해서는 제489조부터 제497조까지의 규정에 따른 기준을 적용하지 아니한다.
508dcc08-c88a-5dd6-b923-c2d4f2e64e6d,a90a4d2a-3633-55e9-b3a0-ed4b949a6657,SCOPE_EXCLUSION,실내에서 잠수작업을 하는 경우,해당 용어/대상 범위에서 제외,paragraph,fdfd239a78ebe4bf669743731671041b2d480fd2,② 사업주는 스쿠버 잠수작업(실내에서 잠수작업을 하는 경우는 제외한다)을 하는 잠수작업자에게 비상기체통을 제공하여야 한다.
a893ab03-10a2-594d-9236-4f4571b1d4ba,fba2c763-71a6-53d4-bab7-f22789ead56a,SCOPE_EXCLUSION,실내에서 하는 경우,해당 용어/대상 범위에서 제외,paragraph,5fe37d2c561532be0c34861b66ee347529105c53,제548조(잠수신호기의 게양) 사업주는 잠수작업(실내에서 하는 경우는 제외한다)을 하는 장소에 「해사안전법」 제85조제5항제2호에 따른 표시를 하여야 한다.
611f8ad2-24d4-5aae-b1c8-910e2b92a17c,a0974644-47a2-5a52-91cf-da916c8b759f,EXCLUSION,① 다음 각 호의 어느 하나에 해당하는 작업으로서 살수(撒水)설비나 주유설비를 갖추고 물을 뿌리거나 주유를 하면서 분진이 흩날리지 않도록 작업하는 경우,이 장의 규정을 적용하지 아니한다,paragraph,c4cb051f2685d423cafafd92877840a8b876c050,① 다음 각 호의 어느 하나에 해당하는 작업으로서 살수(撒水)설비나 주유설비를 갖추고 물을 뿌리거나 주유를 하면서 분진이 흩날리지 않도록 작업하는 경우에는 이 장의 규정을 적용하지 아니한다.
321a3ad6-fe11-57db-ada0-b08aa1df2709,34bba181-d8c8-543b-b5ee-334e0dec21b9,EXCLUSION,③ 제11장의 규정에 따른 사무실에서 작업하는 경우,이 장의 규정을 적용하지 아니한다,paragraph,6cbf212b49cc2688b7d09079dd7e3becded549df,③ 제11장의 규정에 따른 사무실에서 작업하는 경우에는 이 장의 규정을 적용하지 아니한다.
425a0cb0-a462-5848-a06e-e3a55014ddea,97afd1d6-bddb-5eb6-961b-a0857ea06b2f,SCOPE_EXCLUSION,별표 16 제26호에 따른 분진작업,해당 용어/대상 범위에서 제외,paragraph,6819d5ad6e1841bf0db573c38abff77c24befcfe,제615조(세척시설 등) 사업주는 근로자가 분진작업(별표 16 제26호에 따른 분진작업은 제외한다)을 하는 경우에 목욕시설 등 필요한 세척시설을 설치하여야 한다. <개정 2017.12.28>
e14ec4b3-9106-50ad-a806-ef0af0aa39e5,9a234935-cb5b-5785-a50e-14716b646118,SCOPE_EXCLUSION,별표 18 제10호 및 제11호에 따른 밀폐공간,해당 용어/대상 범위에서 제외,paragraph,9fe1b02e610646d064a7c3dd0563c44f4e2e9c6e,"① 사업주가 밀폐공간에 상시 가동되는 급ㆍ배기 환기장치(이하 이 조에서 ""상시환기장치""라 한다)를 설치하고 이를 24시간 상시 작동하게 하여 질식ㆍ화재ㆍ폭발 등의 위험이 없도록 한 경우에는 해당 밀폐공간(별표 18 제10호 및 제11호에 따른 밀폐공간은 제외한다)에 대하여 제619조제2항 및 제3항, 제620조, 제621조, 제623조, 제624조 및 제640조를 적용하지 않는다."
6b2fb618-d12d-5e44-a0ba-3525776c2808,a8812b07-db52-5529-8543-c3430110c4a8,SCOPE_EXCLUSION,국가기술자격증,해당 용어/대상 범위에서 제외,item,8061e54f6a3b142969ec0ab308262f74eea7581f,"2. 영 별표 11에 따른 인력기준을 갖추었음을 증명할 수 있는 자격증(국가기술자격증은 제외한다), 졸업증명서, 경력증명서 및 재직증명서 등 서류"
f806013b-5a2a-5e0c-8077-3ce840042c30,6862649a-cb6e-546d-ab51-d7a71b50b7c8,SCOPE_EXCLUSION,국가기술자격증,해당 용어/대상 범위에서 제외,item,9f760027d6e838191d871cd8211f82327f0a33e3,"2. 영 별표 15, 별표 16 및 별표 17에 따른 인력기준에 해당하는 사람의 자격과 채용을 증명할 수 있는 자격증(국가기술자격증은 제외한다), 경력증명서 및 재직증명서 등의 서류"
c210550d-7fc1-5d30-b8ad-0d64cb38db2c,1fb42c50-fe48-52f8-891c-1146a49340b2,SCOPE_EXCLUSION,전문가가 공단인 경우,해당 용어/대상 범위에서 제외,item,ae18a088dde6a18688967fe37d2e25b673712637,3. 가설구조물의 구조계산서 등 당초 설계의 안전성에 관한 전문가의 검토 의견서 및 그 전문가(전문가가 공단인 경우는 제외한다)의 자격증 사본
b436d593-2e15-5b35-8ced-b65fd6c9c837,a9cc6c8c-8860-5ab8-a336-4571c6b8a495,SCOPE_EXCLUSION,국가기술자격증,해당 용어/대상 범위에서 제외,item,01404523603ff5002aa0e6dc06c419956007af9c,"2. 영 별표 19에 따른 인력기준에 해당하는 사람의 자격과 채용을 증명할 수 있는 자격증(국가기술자격증은 제외한다), 경력증명서 및 재직증명서 등의 서류"
87faa3f8-c6df-574d-b3fb-53a8c7e6c218,a37d0e81-ae79-5b2e-b3ac-164c7af49bbc,SCOPE_EXCLUSION,국가기술자격증,해당 용어/대상 범위에서 제외,item,a05991965edbc6f22d26e78de29d5978e3e7744c,"2. 영 별표 23에 따른 인력기준을 갖추었음을 증명할 수 있는 자격증(국가기술자격증은 제외한다), 졸업증명서, 경력증명서 및 재직증명서 등 서류"
30f1b3a8-4ad7-5485-ba81-cbeb4fa149e3,edb8cb45-764b-560c-841d-6fef08444d46,SCOPE_EXCLUSION,국가기술자격증,해당 용어/대상 범위에서 제외,item,a9d78392312cf69aa69e69e2bc2e66018df9f3be,"2. 영 별표 24에 따른 인력기준을 갖추었음을 증명할 수 있는 자격증(국가기술자격증은 제외한다), 졸업증명서, 경력증명서 및 재직증명서 등 서류"
7d285ff4-e76e-5bd3-8764-f47e8ad26d3a,1ab3460d-8b5e-5a77-93d5-83e5b860a4f7,SCOPE_EXCLUSION,국가기술자격증,해당 용어/대상 범위에서 제외,item,61cb42975c7a1e923f1424470d93c38c85ff9985,"2. 영 별표 25에 따른 인력기준에 해당하는 사람의 자격과 채용을 증명할 수 있는 자격증(국가기술자격증은 제외한다), 졸업증명서, 경력증명서 및 재직증명서 등의 서류"
fc85a9c0-66a2-5669-8abf-5aca2db6db9f,c2ac2b38-292d-5f4f-81b7-8c2df84717ad,SCOPE_EXCLUSION,국가기술자격증,해당 용어/대상 범위에서 제외,item,2463b38902221b268a14fa103014fe2baf1cb8e4,"1. 별표 17에 따른 인력기준에 해당하는 사람의 자격과 채용을 증명할 수 있는 자격증(국가기술자격증은 제외한다), 졸업증명서, 경력증명서 및 재직증명서 등의 서류"
5bafe063-134f-553a-bc51-e3cbf2dea11a,1d8a0da4-46cc-5312-ab3d-bd244a15bdef,SCOPE_EXCLUSION,"국소배기장치 및 전체환기장치 시설업체, 소음ㆍ진동 방지장치 시설업체의 경우",해당 용어/대상 범위에서 제외,item,c06bc03157f3b8d83a44fdfd489fd983dbb82493,"3. 제조 인력, 주요 부품 및 완제품 조립ㆍ생산용 생산시설 및 자체 품질관리시스템 운영에 관한 서류(국소배기장치 및 전체환기장치 시설업체, 소음ㆍ진동 방지장치 시설업체의 경우는 제외한다)"
29468a41-6672-5143-912c-01c7fc308381,26c3f418-0f95-5954-a901-982a7046d699,SCOPE_EXCLUSION,국가기술자격증,해당 용어/대상 범위에서 제외,item,90bf6683f181fcf8438e19a3cb29e2c36235b3c2,"4. 영 별표 27에 따른 인력기준에 해당하는 사람의 자격과 채용을 증명할 수 있는 자격증(국가기술자격증은 제외한다), 경력증명서 및 재직증명서 등의 서류"
da9e7992-3a89-5921-9a9d-82faab2479eb,fd90368b-0ae6-50a0-9117-7690bae2e53e,SCOPE_EXCLUSION,고용노동부장관이 정하여 고시하는 물질을 취급하는 작업을 하는 경우,해당 용어/대상 범위에서 제외,item,3c68e946a53ac49345edd7aafbf681c99b36f2d3,2. 안전보건규칙 제420조제8호에 따른 임시 작업 및 같은 조 제9호에 따른 단시간 작업을 하는 작업장(고용노동부장관이 정하여 고시하는 물질을 취급하는 작업을 하는 경우는 제외한다)
990f428c-0e0a-5d7b-9260-669182870361,5acccbff-58b4-54d3-91b0-983a81baea5c,SCOPE_EXCLUSION,고용노동부장관이 정하여 고시하는 물질,해당 용어/대상 범위에서 제외,item,5fd488431f25f5569746d153b8b088910e78664b,2. 별표 21 제1호에 해당하는 화학적 인자(고용노동부장관이 정하여 고시하는 물질은 제외한다)의 측정치가 노출기준을 2배 이상 초과하는 경우
691dfb60-8515-5c52-bd5b-b30b16cd8ff3,71a8d082-7f67-52d3-a476-27897ed91d45,SCOPE_EXCLUSION,국가기술자격증,해당 용어/대상 범위에서 제외,item,5d20e76ec40457987122134d446974b7d1a6f252,"4. 영 별표 29에 따른 인력기준에 해당하는 사람의 자격과 채용을 증명할 수 있는 자격증(국가기술자격증은 제외한다), 경력증명서 및 재직증명서 등의 서류"
f3045391-2f7e-5208-949a-58d63529df8f,1bec7bd9-ca58-53aa-a81d-767bab30847d,SCOPE_EXCLUSION,"재발급인 경우만 해당하며, 자격증을 잃어버린 경우",해당 용어/대상 범위에서 제외,item,7de0923efc1fd4a5fad3d367e11e869d60a21daf,"3. 이전에 발급 받은 지도사 자격증(재발급인 경우만 해당하며, 자격증을 잃어버린 경우는 제외한다)"
d7a9d859-1a13-5c84-99c6-abf25503bf4d,477f8285-0b57-523d-b95f-82e8cc0f471b,SCOPE_EXCLUSION,같은 조 제2항에 따라 안전인증이 전부 면제되는 경우,해당 용어/대상 범위에서 제외,item,e73dbaf800518e6f2184f72c3fc37f92787a9bfd,1. 제84조제1항에 따른 안전인증을 받지 아니한 경우(같은 조 제2항에 따라 안전인증이 전부 면제되는 경우는 제외한다)
87e0a55b-9dd0-5a72-b3bf-bd9f92ed6fc8,9f5dbb4e-9326-5981-b39e-8ac473ea0bde,SCOPE_EXCLUSION,제86조제1항에 따라 안전인증이 취소되거나 안전인증표시의 사용 금지 명령을 받은 경우,해당 용어/대상 범위에서 제외,item,8fb0313281bf3e5e431d20b9b875c63af6b3b1c5,2. 제84조제3항에 따른 안전인증을 받은 경우(제86조제1항에 따라 안전인증이 취소되거나 안전인증표시의 사용 금지 명령을 받은 경우는 제외한다)
f6218183-2215-5ee9-bf56-2bd186e0fbd2,1040df09-4b08-50a2-8b16-d5f18d87a2f9,SCOPE_EXCLUSION,같은 항 각 호 외의 부분 단서에 따라 신고가 면제되는 경우,해당 용어/대상 범위에서 제외,item,796bd93afa30bfcc72230d9d133d2b376665147f,1. 제89조제1항 각 호 외의 부분 본문에 따른 신고를 하지 아니한 경우(같은 항 각 호 외의 부분 단서에 따라 신고가 면제되는 경우는 제외한다)
d13630fd-0877-5302-b0ee-2a2cce995a7f,1b23dafd-792f-53b2-b0f5-8076cb89369e,SCOPE_EXCLUSION,이 항 제1호 또는 제2호에 해당하여 등록이 취소된 경우,해당 용어/대상 범위에서 제외,item,a70cebf85a0b6eb6a3d0f5c481cddb1720d3c853,6. 제154조에 따라 등록이 취소(이 항 제1호 또는 제2호에 해당하여 등록이 취소된 경우는 제외한다)된 후 2년이 지나지 아니한 사람
bcfd21c7-fc73-5954-a668-aaedbbeaba18,2b034bbd-7d64-5ebf-ac17-d4409f09c994,SCOPE_EXCLUSION,증명자료의 제출,해당 용어/대상 범위에서 제외,item,09071cc374ef72da4bd1e3cb8c320edd6dcd7dfb,"1. 제15조제1항, 제16조제1항, 제17조제1항ㆍ제3항, 제18조제1항ㆍ제3항, 제19조제1항 본문, 제22조제1항 본문, 제24조제1항ㆍ제4항, 제25조제1항, 제26조, 제29조제1항ㆍ제2항(제166조의2에서 준용하는 경우를 포함한다), 제31조제1항, 제32조제1항(제1호부터 제4호까지의 경우만 해당한다), 제37조제1항, 제44조제2항, 제49조제2항, 제50조제3항, 제62조제1항, 제66조, 제68조제1항, 제75조제6항, 제77조제2항, 제90조제1항, 제94조제2항, 제122조제2항, 제124조제1항(증명자료의 제출은 제외한다), 제125조제7항, 제132조제2항, 제137조제3항 또는 제145조제1항을 위반한 자"
8ca12ab6-0d5b-5f05-ad8a-b1be8e91fd51,efe73af8-68c3-5189-96a3-8e09179d45e0,SCOPE_EXCLUSION,같은 조 제3항에 따라 작업환경측정기관에 위탁한 경우,해당 용어/대상 범위에서 제외,item,e2362a2f36318314d812f547f1ae30779251527b,13. 제125조제1항 및 제2항에 따른 작업환경측정 시 고용노동부령으로 정하는 작업환경측정의 방법을 준수하지 아니한 사업주(같은 조 제3항에 따라 작업환경측정기관에 위탁한 경우는 제외한다)
61b8b819-7b80-534f-8d24-2bd904f6921b,c501ca34-8b31-5d87-b533-1987144b3d0e,SCOPE_EXCLUSION,같은 법 제52조제1항에 따른 자료보호기간 중에 있는 정보,해당 용어/대상 범위에서 제외,item,d430a0603513e6e7c3b5dc706aa61d93792b3775,2. 「화학물질관리법」 제9조제1항에 따른 화학물질확인 정보(같은 법 제52조제1항에 따른 자료보호기간 중에 있는 정보는 제외한다)
fa952b99-78db-5d04-9a8e-6760381f7ea2,33b6f6dc-aa61-528e-aa5c-7c165b8eb5b5,SCOPE_EXCLUSION,건설안전 분야의 산업안전지도사,해당 용어/대상 범위에서 제외,item,fce52b658d4bdd2bd4b739c44754ea246e6ec348,1. 법 제145조제1항에 따라 등록한 산업안전지도사(건설안전 분야의 산업안전지도사는 제외한다)
09d539a7-71f6-5b72-b6f4-35c8c3da1833,9afeb506-cffb-59c0-93a3-d3b026408c08,SCOPE_EXCLUSION,단순혼합 또는 배합에 의한 경우,해당 용어/대상 범위에서 제외,item,c9be81587f104e0f85c9f9d351dae42a88d06cda,5. 복합비료 및 기타 화학비료 제조업 중 복합비료 제조(단순혼합 또는 배합에 의한 경우는 제외한다)
512c5ec1-33a6-53df-abdc-8e02f7bcb5a1,99f434a3-0e6d-51c1-8e25-ef94730c9f82,SCOPE_EXCLUSION,제2항에 따른 설비,해당 용어/대상 범위에서 제외,item,ca6c64a1926f891c15903ab43bfb5caf39fc844c,1. 근로자가 사망하거나 부상을 입을 수 있는 제1항에 따른 설비(제2항에 따른 설비는 제외한다. 이하 제2호에서 같다)에서의 누출ㆍ화재ㆍ폭발 사고
d3dc5af7-fdee-5a63-bc15-81c57591718e,a4b04eb8-5e60-5e74-aa13-5d001d4fb366,SCOPE_EXCLUSION,토목공사 및 제1항제3호의 구조물의 경우,해당 용어/대상 범위에서 제외,item,3384984e4c1b16a8a47c92343164605664324204,1. 「국가기술자격법」에 따른 건축구조기술사(토목공사 및 제1항제3호의 구조물의 경우는 제외한다)
7d14b7e1-5118-5577-a2be-9205ab489655,1cb62891-b28e-50f9-b913-66f37305df04,SCOPE_EXCLUSION,제주특별자치도,해당 용어/대상 범위에서 제외,item,34d3efde320a14bf898826546be5e44f1f61d6cf,2. 육지와 연결되지 않은 섬 지역(제주특별자치도는 제외한다)에서 이루어지는 공사
5f533ec0-364f-5c03-b761-02336da19428,49df386a-6d15-5d58-8442-125c931d1b75,SCOPE_EXCLUSION,정격 하중이 2톤 미만인 것,해당 용어/대상 범위에서 제외,item,10a96d6eb26e908333625abc099aed9e2dd74b47,3. 크레인(정격 하중이 2톤 미만인 것은 제외한다)
b34f7e00-3b51-510e-9f93-16009a99b5ba,4feeed8c-d357-5067-8fd7-715753be5958,SCOPE_EXCLUSION,이동식,해당 용어/대상 범위에서 제외,item,e918afd1f2a22d64cecafd644df7edb760ef244c,7. 국소 배기장치(이동식은 제외한다)
6032f477-c764-5b6c-832c-ce25f95b9939,2152ce70-4199-50b1-b6d9-81794891c7b2,SCOPE_EXCLUSION,밀폐형 구조,해당 용어/대상 범위에서 제외,item,296f3ba646bb9cc9c8e500988c3cd123a87b6db7,9. 롤러기(밀폐형 구조는 제외한다)
b6336ef3-9453-5ef8-b5f9-43fe0c0cb083,25f9fbbc-c63f-53fc-895b-d72066624f38,EXCLUSION,사출성형기[형 체결력(型 締結力) 294킬로뉴턴(KN) 미만은 제외한다],해당 범위를 앞 규칙 적용 대상에서 제외,item,753b0c3c7f2327bffd152f6a732a38a280bb3b61,10. 사출성형기[형 체결력(型 締結力) 294킬로뉴턴(KN) 미만은 제외한다]
20ca208d-2c80-5b8f-861a-cc85975d6df7,b65a2430-d1b3-5367-a78f-2493ad972cf5,EXCLUSION,「군수품관리법」 제2조 및 「방위사업법」 제3조제2호에 따른 군수품[「군수품관리법」 제3조에 따른 통상품(痛常品)은 제외한다],해당 범위를 앞 규칙 적용 대상에서 제외,item,0eee26eeacddf7b1616f2b40b107f92470b8dcd6,4. 「군수품관리법」 제2조 및 「방위사업법」 제3조제2호에 따른 군수품[「군수품관리법」 제3조에 따른 통상품(痛常品)은 제외한다]
b1581962-d9ce-51bb-bcbb-cf683a28ecca,9a5de46b-8fc3-58ed-a07d-1d57205cdb5f,SCOPE_EXCLUSION,포함된 중량의 비율이 2퍼센트 이하인 것,해당 용어/대상 범위에서 제외,item,4ac254a78b8dfab4f28e7db89f53add4a6731263,3. 백연[1319-46-6]을 포함한 페인트(포함된 중량의 비율이 2퍼센트 이하인 것은 제외한다)
bb017818-eea6-5604-8616-ceea6ad3892f,2ea3e4bd-37dd-57ee-8f7b-2b929dd31119,SCOPE_EXCLUSION,포함된 중량의 비율이 5퍼센트 이하인 것,해당 용어/대상 범위에서 제외,item,bc82a5b3e7fe41799a59cba99701ab562f2b2143,4. 벤젠[71-43-2]을 포함하는 고무풀(포함된 중량의 비율이 5퍼센트 이하인 것은 제외한다)
f1e56919-396d-50bb-89bc-b870a12d9142,d33beb7b-3963-5ee1-87d5-e4e73fefb21f,SCOPE_EXCLUSION,포함된 중량의 비율이 1퍼센트 이하인 것,해당 용어/대상 범위에서 제외,item,64357a5039ebfa5ccc69f3ab9648644e1815ada1,"8. 제1호, 제2호, 제5호 또는 제6호에 해당하는 물질을 포함한 혼합물(포함된 중량의 비율이 1퍼센트 이하인 것은 제외한다)"
5ab484d8-acda-5078-91ab-b9fcea7ea7e0,e9870882-bc58-5bb1-a382-71689e049405,SCOPE_EXCLUSION,같은 법 제3조제1항제1호부터 제12호까지의 규정에 해당하는 화학물질,해당 용어/대상 범위에서 제외,item,dfe8026bcb2a0a74007bde5ffc3e271c1d449469,9. 「화학물질관리법」 제2조제5호에 따른 금지물질(같은 법 제3조제1항제1호부터 제12호까지의 규정에 해당하는 화학물질은 제외한다)
3595b186-ba9e-521c-a52a-9615f194042b,4e1e130d-f6be-5522-98b5-895610c66cbf,SCOPE_EXCLUSION,포함된 중량의 비율이 1퍼센트 이하인 것,해당 용어/대상 범위에서 제외,item,f25708aa475a708f5132f602351d5cca1b1ca8ba,13. 제1호부터 제4호까지 또는 제6호부터 제12호까지의 어느 하나에 해당하는 물질을 포함한 혼합물(포함된 중량의 비율이 1퍼센트 이하인 것은 제외한다)
9532893c-e550-5cde-8fc4-80eb1d704160,9056a49b-7976-5ea0-bdac-db62bb4fe95d,SCOPE_EXCLUSION,포함된 중량의 비율이 0.5퍼센트 이하인 것,해당 용어/대상 범위에서 제외,item,063157f213106fd59d582ba2addd95da9a3e40d3,14. 제5호의 물질을 포함한 혼합물(포함된 중량의 비율이 0.5퍼센트 이하인 것은 제외한다)
7a846c21-8e07-55ad-aace-7d86cc8f15d0,a75e0b13-13b1-59bc-9928-0739d42e6bb7,SCOPE_EXCLUSION,제2호에 따른 주택,해당 용어/대상 범위에서 제외,item,9691c73a700c84387ddf8ca434a9fc71b180e707,"1. 건축물(제2호에 따른 주택은 제외한다. 이하 이 호에서 같다)의 연면적 합계가 50제곱미터 이상이면서, 그 건축물의 철거ㆍ해체하려는 부분의 면적 합계가 50제곱미터 이상인 경우"
a2e4ece7-a44c-5d6b-baaf-f9f49446d050,cf6bf5c4-d948-5c5a-ac36-fe20995101ce,SCOPE_EXCLUSION,변경신고,해당 용어/대상 범위에서 제외,item,1aa2bf88aef8d282ab83fe286146364c29e62c31,2. 법 제122조제3항에 따른 신고(변경신고는 제외한다) 또는 서류 보존 의무를 이행하지 않은 경우
97e43cfe-b8ae-57f8-b226-da084a6971f4,38ad6aa5-17ae-52e8-a7cb-5a615cfe0ee1,SCOPE_EXCLUSION,다목 및 라목,해당 용어/대상 범위에서 제외,item,c087495df1907864844d2263694bc2e6d4fb1b1d,3. 석면이 중량비율 1퍼센트가 넘게 포함된 제89조제1항제3호 각 목의 어느 하나(다목 및 라목은 제외한다)에 해당하는 자재의 면적의 합이 15제곱미터 이상 또는 그 부피의 합이 1세제곱미터 이상인 경우
08fbd382-8564-5014-a68b-78f1f8bc31c6,f87ea5d5-220f-5eb6-8deb-48563023f177,SCOPE_EXCLUSION,건설업,해당 용어/대상 범위에서 제외,item,d6422a5281b71b930972e696aaa4dc95af39f08d,2. 다음 각 목의 어느 하나에 해당하는 직종(한국표준직업분류표에 따른다)의 상시근로자가 2명 이상인 사업장으로서 상시근로자 10명 이상 20명 미만을 사용하는 사업장(건설업은 제외한다)
e7cc8edb-3bc8-52d2-b7e3-457b6177adb7,770df2c1-288c-582b-9f86-8457fa932e9c,SCOPE_EXCLUSION,이 영 제23조제1항에 따른 업종별ㆍ유해인자별 보건관리전문기관,해당 용어/대상 범위에서 제외,item,d7d322c8dcc09f6d641dd17c0394c690dafcab45,"3. 법 제21조제1항 및 제4항에 따른 안전관리전문기관 또는 보건관리전문기관(이 영 제23조제1항에 따른 업종별ㆍ유해인자별 보건관리전문기관은 제외한다)의 지정, 지정 취소 및 업무정지 명령"
70ad5940-cdf7-572f-b1e1-ab8b8c06db22,0c9ab866-f868-5afc-a18b-444be3cf5c51,SCOPE_EXCLUSION,제2호의 시설물,해당 용어/대상 범위에서 제외,item,922a9f22bb6de2a72453ad5c1cfead062a3b10f2,4. 법 제2조제4호라목의 시설 중 다음 각 목의 시설(제2호의 시설물은 제외한다)
687523d3-4fd9-52af-9d40-7abc0ee1a3d9,432af9fb-d5d1-57d5-afdb-889e33b3ab82,SCOPE_EXCLUSION,화물자동차를 사용하는 도로상의 주행작업,해당 용어/대상 범위에서 제외,item,9222ab7c42ec0b1fa3939a6e77c7ce050e9ef9ab,2. 차량계 하역운반기계등을 사용하는 작업(화물자동차를 사용하는 도로상의 주행작업은 제외한다. 이하 같다)
1c6be948-a007-5cea-b38c-a55386ec45f8,015a3f54-c451-5a94-ad1b-264df2fbb9a9,SCOPE_EXCLUSION,근로자의 보건을 위하여 충분한 환기를 할 수 있는 설비를 설치한 경우,해당 용어/대상 범위에서 제외,item,4526e56e8742cd0dea0d244470a55a0ef520151e,2. 직접 외부를 향하여 개방할 수 있는 창을 설치하고 그 면적은 바닥면적의 20분의 1 이상으로 할 것(근로자의 보건을 위하여 충분한 환기를 할 수 있는 설비를 설치한 경우는 제외한다)
2cbb6d43-ee0c-56c4-b7d7-7fa84a7b5ede,28e3254c-eddd-537f-8b67-eb4afe7c8c09,SCOPE_EXCLUSION,신호하는 사람에 의하여 작업을 하는 경우,해당 용어/대상 범위에서 제외,item,912cd7c52156ff6bd39223c4dbec463355f48a95,5. 인양할 하물이 보이지 아니하는 경우에는 어떠한 동작도 하지 아니할 것(신호하는 사람에 의하여 작업을 하는 경우는 제외한다)
5c435994-66ae-5708-aecc-1af3e943860a,15664d0f-ecdb-5217-9415-304126a3846d,SCOPE_EXCLUSION,높이가 30센티미터 이하인 것,해당 용어/대상 범위에서 제외,item,ce2f2c5a9784a1a7de6b323a6835d931579e772f,2. 위험물 저장ㆍ취급용기의 지지대(높이가 30센티미터 이하인 것은 제외한다): 지상으로부터 지지대의 끝부분까지
95ab430b-8269-50e7-95ce-ab2be59ac711,a45d01ff-e768-5993-b1c4-2ac2c3dabd3d,SCOPE_EXCLUSION,유기과산화물을 가열 건조하는 것,해당 용어/대상 범위에서 제외,item,761739de327d879af0a9524118b5ca4ea0a140f9,2. 건조설비(유기과산화물을 가열 건조하는 것은 제외한다)의 내면과 내부의 선반이나 틀은 불연성 재료로 만들 것
ea1ba596-007a-5188-900b-80c2ab748f87,e3f02df2-4e5a-5c10-9105-7f50038c0435,SCOPE_EXCLUSION,이동식 아세틸렌 용접장치의 발생기,해당 용어/대상 범위에서 제외,item,6f1a91e69d968346cf7f1f5e3a2b36226b7b009e,"1. 발생기(이동식 아세틸렌 용접장치의 발생기는 제외한다)의 종류, 형식, 제작업체명, 매 시 평균 가스발생량 및 1회 카바이드 공급량을 발생기실 내의 보기 쉬운 장소에 게시할 것"
ddffc94b-91e1-5037-a15a-dcf91de2c51b,bc72629f-d008-5c1b-a38f-5e0b3a9dea87,SCOPE_EXCLUSION,간이소화용구,해당 용어/대상 범위에서 제외,item,54defb5e0783f2e46c4564b349b4cf802fbb3750,7. 가스집합장치의 설치장소에는 소화설비[「소방시설 설치 및 관리에 관한 법률 시행령」 별표 1에 따른 소화설비(간이소화용구를 제외한다)를 말한다] 중 어느 하나 이상을 갖출 것
d2529302-0e91-5a7b-8bb6-7d012dc305a3,f330d931-b4f2-544d-93aa-04451f30ff74,EXCLUSION,유자격자가 충전전로 인근에서 작업하는 경우,다음 각 목의 경우를 제외하고는 노출 충전부에 다음 표에 제시된 접근한계거리 이내로 접근하거나 절연 손잡이가 없는 도전체에 접근할 수 없도록 할 것,item,5c7e7a65f32f3d79d489035a924c76b890f69871,8. 유자격자가 충전전로 인근에서 작업하는 경우에는 다음 각 목의 경우를 제외하고는 노출 충전부에 다음 표에 제시된 접근한계거리 이내로 접근하거나 절연 손잡이가 없는 도전체에 접근할 수 없도록 할 것
05209acd-79ef-5a67-ab56-ef9087c7fc17,7f6bf831-47d4-5114-8d01-f4ceeee3c9c5,SCOPE_EXCLUSION,발파공을 막는 재료로 물을 사용하거나 갱도발파를 하는 경우,해당 용어/대상 범위에서 제외,item,375997d0d9f33019b539e76da6eec5eceaf7a712,10. 발파공에 장전된 화약류를 점화시키는 경우에 사용하는 발파기(발파공을 막는 재료로 물을 사용하거나 갱도발파를 하는 경우는 제외한다)
d39483dc-e281-5973-8c15-77abc598ba0b,5cbb14fb-9e5f-59d7-b577-2f0ef63bb40b,EXCLUSION,거푸집의 형상에 따른 부득이한 경우를 제외하고는 깔판이나 받침목은 2단 이상 끼우지 않도록 할 것,해당 범위를 앞 규칙 적용 대상에서 제외,item,fa8137b708f726cb7152ae1081974b2b27d77ea4,8. 거푸집의 형상에 따른 부득이한 경우를 제외하고는 깔판이나 받침목은 2단 이상 끼우지 않도록 할 것
3dd5012d-1475-53c3-87cb-bc4c722ac72c,48e4e8ce-4091-5379-8394-6f304bcf41a6,SCOPE_EXCLUSION,유기화합물의 증기가 발산할 우려가 없는 탱크,해당 용어/대상 범위에서 제외,item,7e46d7f16258f88dda227fb794ea67d6aef67cdd,1. 유기화합물을 넣었던 탱크(유기화합물의 증기가 발산할 우려가 없는 탱크는 제외한다) 내부에서의 세척 및 페인트칠 업무
5fa0d52f-08ec-565b-a914-7d67310137ee,a49b8e23-4829-58bb-ad0b-452501e867d2,SCOPE_EXCLUSION,청소 등으로 유기화합물이 제거된 설비,해당 용어/대상 범위에서 제외,item,08b68ea84cb092bf57cda90b3bc46a04b76617f7,3. 유기화합물 취급 장소에서 유기화합물의 증기 발산원을 밀폐하는 설비(청소 등으로 유기화합물이 제거된 설비는 제외한다)를 개방하는 업무
33755ee7-0deb-57e9-a0ac-5399a3c864cd,7b172f0e-0ecf-52ea-8b71-fa6e54df7f41,SCOPE_EXCLUSION,수산화베릴륨으로부터 고순도 산화베릴륨을 제조하는 설비,해당 용어/대상 범위에서 제외,item,5daea68fad1ed09de36ba4d76d05dcc8ba3cbfd8,1. 베릴륨을 가열응착하거나 가열탈착하는 설비(수산화베릴륨으로부터 고순도 산화베릴륨을 제조하는 설비는 제외한다)는 다른 작업장소와 격리된 실내에 설치하고 국소배기장치를 설치할 것
cd4133fd-03c9-585f-a538-60a0f2bdfc33,da41ca46-c4f9-54aa-927f-21da5e682966,EXCLUSION,"베릴륨 제조설비(베릴륨을 가열응착 또는 가열탈착하는 설비, 아크로(爐) 등에 의하여 녹은 베릴륨으로 베릴륨합금을 제조하는 설비 및 수산화베릴륨으로 고순도 산화베릴륨을 제조하는 설비는 제외한다)는 밀폐식 구조로 하거나 위쪽ㆍ아래쪽 및 옆쪽에 덮개 등을 설치할 것",해당 범위를 앞 규칙 적용 대상에서 제외,item,45f491303f9d61ad988fb120b58f42c1e4709fae,"2. 베릴륨 제조설비(베릴륨을 가열응착 또는 가열탈착하는 설비, 아크로(爐) 등에 의하여 녹은 베릴륨으로 베릴륨합금을 제조하는 설비 및 수산화베릴륨으로 고순도 산화베릴륨을 제조하는 설비는 제외한다)는 밀폐식 구조로 하거나 위쪽ㆍ아래쪽 및 옆쪽에 덮개 등을 설치할 것"
2f86e9ed-7c0f-566b-bfe6-489c9eb39a01,955ea238-390c-5cb2-b3c9-3a8716880084,SCOPE_EXCLUSION,공급ㆍ이송 또는 운반하는 경우,해당 용어/대상 범위에서 제외,item,929f3d1983baac44d481798695758a71d02df6c8,8. 분말 상태의 베릴륨을 사용(공급ㆍ이송 또는 운반하는 경우는 제외한다)하는 경우에는 격리실에서 원격조작방법으로 할 것
51cf44ce-2134-52f3-a275-0402befc09c8,8eedaae0-547e-51ef-a013-f4c647f77a8e,SCOPE_EXCLUSION,「다중이용업소의 안전관리에 관한 특별법」 제2조제1항제1호에 따른 영업장,해당 용어/대상 범위에서 제외,subitem,ec263de9d67524ce02f47e2fee9d6465ee98178b,가. 「실내공기질 관리법」 제3조제1항의 시설(「다중이용업소의 안전관리에 관한 특별법」 제2조제1항제1호에 따른 영업장은 제외한다)
ab0b96a2-dc8e-5126-9cea-d95d306cd7ff,f6704981-b0ab-54b4-a150-a862d6704774,SCOPE_EXCLUSION,공동주택,해당 용어/대상 범위에서 제외,subitem,c687720e7ad7519b3e76fa405e270c3a0bbfe749,나. 「시설물의 안전 및 유지관리에 관한 특별법」 제2조제1호의 시설물(공동주택은 제외한다)
b8acce78-b054-557b-bd64-5e92aa0c7f0f,18f75edc-aef6-5ba0-b473-7e43174d7cef,SCOPE_EXCLUSION,「철도사업법」 제2조제5호에 따른 전용철도에 사용되는 경우,해당 용어/대상 범위에서 제외,subitem,2cb1b07df5701c6077f69115579043fda76fd490,나. 「철도산업발전기본법」 제3조제4호에 따른 철도차량 중 동력차ㆍ객차(「철도사업법」 제2조제5호에 따른 전용철도에 사용되는 경우는 제외한다)
672648ca-bdba-595d-9671-fc06ad7905e6,a8790310-4455-5d0c-b57d-0849f0fe2e3d,EXCLUSION,"영 별표 7에 따른 인력기준에 해당하는 사람의 자격과 채용을 증명할 수 있는 자격증[「국가기술자격법」 제13조에 따른 국가기술자격증(이하 ""국가기술자격증""이라 한다)은 제외한다], 경력증명서 및 재직증명서 등의 서류",해당 범위를 앞 규칙 적용 대상에서 제외,subitem,540094f2e3e4f297d559db6c60c44821f0ad8b73,"나. 영 별표 7에 따른 인력기준에 해당하는 사람의 자격과 채용을 증명할 수 있는 자격증[「국가기술자격법」 제13조에 따른 국가기술자격증(이하 ""국가기술자격증""이라 한다)은 제외한다], 경력증명서 및 재직증명서 등의 서류"
244b8f36-4a1b-54d3-9cdc-3a083605f6fc,24a39062-130d-57be-b5fc-9bfd28ae3ea0,SCOPE_EXCLUSION,국가기술자격증,해당 용어/대상 범위에서 제외,subitem,36bf6541bb3de3871d9d76ee976faa792185ab55,"라. 영 별표 8에 따른 인력기준에 해당하는 사람의 자격과 채용을 증명할 수 있는 자격증(국가기술자격증은 제외한다), 경력증명서 및 재직증명서 등의 서류"
f16a9adb-4c1d-5d17-a232-13a536f310ca,75c98183-67ea-57ae-b26a-9b9d148e2adf,SCOPE_EXCLUSION,국가기술자격증,해당 용어/대상 범위에서 제외,subitem,5c9d2a7deed0ffea72c68ec272734afd03bc05e5,"나. 영 별표 10에 따른 인력기준을 갖추었음을 증명할 수 있는 자 격증(국가기술자격증은 제외한다), 졸업증명서, 경력증명서 또는 재직증명서 등 서류"
38bc2aad-6bc9-5ed5-95ff-10f1ec1e1bc7,54d01d75-a3f7-592f-add2-592ae0e4f9e5,SCOPE_EXCLUSION,국가기술자격증,해당 용어/대상 범위에서 제외,subitem,bdafe108454dd3cf3a6118dbd31e8174429c8a2e,"나. 영 별표 12에 따른 인력기준을 갖추었음을 증명할 수 있는 자격증(국가기술자격증은 제외한다), 졸업증명서, 경력증명서 또는 재직증명서 등 서류"
464a2053-898e-565b-a7cb-2b8a99751dba,7a833b7d-615d-5a88-beed-0942b2dfec65,SCOPE_EXCLUSION,"국가기술자격증, 의료면허증 또는 전문의자격증",해당 용어/대상 범위에서 제외,subitem,bb9d5e3eeb2e996a6bbce63c685165ff30069d97,"가. 영 별표 30에 따른 인력기준에 해당하는 사람의 자격과 채용을 증명할 수 있는 자격증(국가기술자격증, 의료면허증 또는 전문의자격증은 제외한다), 경력증명서 및 재직증명서 등의 서류"
e9bf0e8a-89f0-5b7c-ac26-087a1aab44a0,4c7a6d59-06d3-580a-993b-241fe0651d2b,SCOPE_EXCLUSION,의료면허증,해당 용어/대상 범위에서 제외,subitem,c561feeb7223c28f8a96244d20999faa7e52b256,나. 영 제97조제2항에 따른 인력기준에 해당하는 사람의 자격과 채용을 증명할 수 있는 자격증(의료면허증은 제외한다) 및 재직증명서 등의 서류
f9f9c189-5f55-592c-8574-a1f770d77df2,53996a05-3ba2-5b90-a583-d428b7cd3cf7,SCOPE_EXCLUSION,전시장 및 동물원ㆍ식물원,해당 용어/대상 범위에서 제외,subitem,8b1b0aa625874f746de26fc63ba100fb59f793df,"다. 연면적 5천제곱미터 이상인 시설로서 다음의 어느 하나에 해당하는 시설 1) 문화 및 집회시설(전시장 및 동물원ㆍ식물원은 제외한다) 2) 판매시설, 운수시설(고속철도의 역사 및 집배송시설은 제외한다) 3) 종교시설 4) 의료시설 중 종합병원 5) 숙박시설 중 관광숙박시설 6) 지하도상가 7) 냉동ㆍ냉장 창고시설"
eca4d899-d52c-5c25-8c6c-63da086941c7,1bf7659a-770f-5282-b04e-1e645d23df98,EXCLUSION,이 경우,휴대형은 제외한다,subitem,9ecfc19b440ba3e54740ca4d772466ca6f756adc,가. 연삭기(硏削機) 또는 연마기. 이 경우 휴대형은 제외한다.
7d6c6f70-dc21-56b2-92c9-6ba28cf80393,ea953755-70ec-5886-9821-a7fab862c2c5,SCOPE_EXCLUSION,제74조제1항제2호아목의 가설기자재,해당 용어/대상 범위에서 제외,subitem,7828ad63dd240c69e3c88f90a412799e5b4b0169,사. 추락ㆍ낙하 및 붕괴 등의 위험 방지 및 보호에 필요한 가설기자재(제74조제1항제2호아목의 가설기자재는 제외한다)로서 고용노동부장관이 정하여 고시하는 것
d2add011-7ff1-59f7-af61-8968c8ff24c5,a66dae25-9e73-50d9-9177-eb20019ed05d,SCOPE_EXCLUSION,제74조제1항제3호가목의 안전모,해당 용어/대상 범위에서 제외,subitem,b944b434103aa5d19e52526862145502d97ad08d,가. 안전모(제74조제1항제3호가목의 안전모는 제외한다)
557644e5-800c-547f-88e0-ee012618d091,f84ba1b3-2539-5504-9be7-f2dc5a29fc27,SCOPE_EXCLUSION,제74조제1항제3호차목의 보안경,해당 용어/대상 범위에서 제외,subitem,e534d2d3161fcec1632163ca17e9b7edcc2bb171,나. 보안경(제74조제1항제3호차목의 보안경은 제외한다)
f60d7690-2d44-5f6f-a142-013aed7844b4,ccbf3dc4-eaf4-5326-a2e6-6d70cf687d4f,SCOPE_EXCLUSION,제74조제1항제3호카목의 보안면,해당 용어/대상 범위에서 제외,subitem,12b6f4c1c6ca99450ccd878dfeadffe1de235e7c,다. 보안면(제74조제1항제3호카목의 보안면은 제외한다)
6ef100d5-f791-5bbd-a112-dcd53333b2ce,27e995cf-9de0-5e5d-9dc4-05b78a21c637,EXCLUSION,이하 같다)]에서 끊어진 소선(素線)[필러(pillar)선은 제외한다)]의 수가 10퍼센트 이상(비자전로프의 경우,끊어진 소선의 수가 와이어로프 호칭지름의 6배 길이 이내에서 4개 이상이거나 호칭지름 30배 길이 이내에서 8개 이상)인 것,subitem,9a7940cf5b7b7812bcce0991f3f55b8721bd5c71,나. 와이어로프의 한 꼬임[(스트랜드(strand)를 말한다. 이하 같다)]에서 끊어진 소선(素線)[필러(pillar)선은 제외한다)]의 수가 10퍼센트 이상(비자전로프의 경우에는 끊어진 소선의 수가 와이어로프 호칭지름의 6배 길이 이내에서 4개 이상이거나 호칭지름 30배 길이 이내에서 8개 이상)인 것
6c02473f-d13a-5224-8026-cd83972d86ac,e8f43eac-86bb-5fcf-998a-88b489320693,SCOPE_EXCLUSION,적재용량이 300킬로그램 미만인 것,해당 용어/대상 범위에서 제외,subitem,be1b7712c914f06c9d8e0b97d42f20e03aecf984,다. 화물용 엘리베이터: 화물 운반에 적합하게 제조ㆍ설치된 엘리베이터로서 조작자 또는 화물취급자 1명은 탑승할 수 있는 것(적재용량이 300킬로그램 미만인 것은 제외한다)
ebd2a9bc-57ec-5327-b38e-3d957a9e995d,0e302a50-6724-5f3d-8c87-a2fe8b112bed,SCOPE_EXCLUSION,습식작업 시 안전상 위험이 있는 경우,해당 용어/대상 범위에서 제외,subitem,96dda9e394720e879e995a4e034b3160d08c9d6e,나. 물이나 습윤제를 사용하여 습식으로 작업할 것(습식작업 시 안전상 위험이 있는 경우는 제외한다)
9a8c03d3-671f-5216-8da6-14754de8aacc,be9273e0-fbb3-57e3-a55a-3b865b9f25a3,SCOPE_EXCLUSION,"특별관리물질. 다만, 아릴화합물 및 알킬화합물은 특별관리물질에서",해당 용어/대상 범위에서 제외,annex_logical_row,lrow_0adf8c88a62b,"10) 수은[7439-97-6] 및 그 화합물(Mercury and its compounds)(특별관리물질. 다만, 아릴화합물 및 알킬화합물은 특별관리물질에서 제외한다)"
da18cfab-54ee-5174-a2bc-da1c71d2b5da,90ed908a-7160-54fd-b45f-bb5c10cadcf7,SCOPE_EXCLUSION,"특별관리물질. 다만, 아릴화합물 및 알킬화합물은 특별관리물질에서",해당 용어/대상 범위에서 제외,annex_logical_row,lrow_9c1a6cbd2bb6,"26) 1)부터 25)까지의 물질을 중량비율 1%[납 및 그 무기화합물(특별관리물질), 산화붕소(특별관리물질), 수은 및 그 화합물(특별관리물질. 다만, 아릴화합물 및 알킬화합물은 특별관리물질에서 제외한다)은 0.3%, 그 밖의 특별관리물질 은 0.1%] 이상 함유한 혼합물"
b2a848a0-b665-5f25-9232-f32f3d3346da,2778f712-9884-52a2-bc5c-81e0eb312156,SCOPE_EXCLUSION,"「전기공사업법」, 「정보통신공사업법」 및 「소방시설공사업 법」에 따른 전기공사, 정보통신공사 및 소방시설공사",해당 용어/대상 범위에서 제외,annex_logical_row,lrow_92b020d99ae3,"가. 건설공사(「전기공사업법」, 「정보통신공사업법」 및 「소방시설공사업 법」에 따른 전기공사, 정보통신공사 및 소방시설공사는 제외한다) 지도 분"
3f920422-71de-5708-b434-80bc4141c9e5,92251678-068f-5274-a7a9-78e7d6531976,SCOPE_EXCLUSION,건설공사도급인은 건설공사발주자로부터 건설공사를 최초로 도급받은 수급인,해당 용어/대상 범위에서 제외,annex_logical_row,lrow_e286a3b98d9d,4) 건설재해예방전문지도기관은 공사 종료 시 건설공사의 건설공사발주자 또는 건설공사도급인(건설공사도급인은 건설공사발주자로부터 건설공사를 최초로 도급받은 수급인은 제외한다)에게 고용노동부령으로 정하는 서식 에 따른 기술지도 완료증명서를 발급해 주어야 한다.
04dd89b8-f6c9-5f5f-9fd4-89b056df43f1,26edc6bc-b65b-51b7-8bcd-588ecf642ba9,EXCLUSION,"제607조 및 제617조제1항 단서에 따라 설치하는 국소배기장치(연삭기, 드럼 샌더(drum sander) 등의 회전체를 가지는 기계에 관련되어 분진작업을 하는 장소에 설치하는 것은 제외한다)의 제어풍속",해당 범위를 앞 규칙 적용 대상에서 제외,annex_logical_row,lrow_07f9333c9e16,"1. 제607조 및 제617조제1항 단서에 따라 설치하는 국소배기장치(연삭기, 드럼 샌더(drum sander) 등의 회전체를 가지는 기계에 관련되어 분진작업을 하는 장소에 설치하는 것은 제외한다)의 제어풍속"
846c272b-e1af-5640-98bf-e2cc3aaeb3af,773b21ab-bbff-5d79-aeb0-2026b698f7c0,SCOPE_EXCLUSION,별표 1 제3호라목의 재해,해당 용어/대상 범위에서 제외,annex_logical_row,lrow_a2de8431edd4,제1호 및 이 규칙 제238조제2항에 따른 동시에 2명 이상의 근로자가 사망한 재해 (별표 1 제3호라목의 재해는 제외한다. 이하 이 표에서 같다)가 발생하거나 그 밖에 부실한 안전관리 문제로 사회적 물의를 일으켜 더 이상 자체심사 및 확인업체로 둘 수 없다고 고용노동부장관이 인정하는 경우에는 즉시 자체심사 및 확인업체에서 제외된다.
afb5c276-aeaa-53c4-b877-d816f8d1bfd0,88012641-9f92-537e-9307-ad4c6080bd21,SCOPE_EXCLUSION,영 별표 4 제8호에 해당하는 사람,해당 용어/대상 범위에서 제외,annex_logical_row,lrow_53015dd74f41,다. 영 제17조에 따른 안전관리자의 자격을 갖춘 사람(영 별표 4 제8호에 해당하는 사람은 제외한다) 1명 이상을 포함하여 3명 이상의 안전전담직원으로 구성된 안전만을 전담하는 과 또는 팀 이상의 별도조직을 갖춘 건설업체
995ef72e-eb7a-5fc8-b4c6-5cd03f3c21a3,e4479630-2edd-520b-9526-621c43652fdb,SCOPE_EXCLUSION,자동혈구계수기로 계산이 가능한 경우,해당 용어/대상 범위에서 제외,annex_logical_row,lrow_b4bfb05f3659,라. 백혈구 백분율 계산기(자동혈구계수기로 계산이 가능한 경우는 제외한다)
76ddb8a3-44d6-53d0-a725-b91c223574f2,fb96864e-9850-5b43-aa83-0d1a85f07d63,SCOPE_EXCLUSION,같은 기기보다 성능이 우수한 기기 보유 시에,해당 용어/대상 범위에서 제외,annex_logical_row,lrow_ddec41d51b88,자. 자외선-가시광선 분광 광도계(같은 기기보다 성능이 우수한 기기 보유 시에는 제외한다)
46cc74ae-c230-5803-99c3-575d02002cba,cc9f2149-7661-59a3-b1d9-a3e198048e52,SCOPE_EXCLUSION,그 내벽이 스테인리스강으로 된 것 또는 그 내벽의 산화를 방 지하기 위하여 필요한 조치가 되어 있는 것,해당 용어/대상 범위에서 제외,annex_logical_row,lrow_f0291445a54d,6. 장기간 밀폐된 강재(鋼材)의 보일러·탱크·반응탑이나 그 밖에 그 내벽이 산화 하기 쉬운 시설(그 내벽이 스테인리스강으로 된 것 또는 그 내벽의 산화를 방 지하기 위하여 필요한 조치가 되어 있는 것은 제외한다)의 내부
9aee58a5-e5c9-5ebd-9b0f-232e39dc2d30,e5232eaa-8351-595b-b0c8-958c269d7008,SCOPE_EXCLUSION,건설안전 분야,해당 용어/대상 범위에서 제외,annex_logical_row,lrow_290da0913457,가. 인력기준: 법 제145조제1항에 따라 등록한 산업안전지도사(건설안전 분야 는 제외한다) 1명 이상
26008ace-3043-5cfc-9d75-a21f3914a8c1,b11a4f12-95d5-5160-bb21-87530ab3ffde,SCOPE_EXCLUSION,화염을 이용한 작업,해당 용어/대상 범위에서 제외,annex_logical_row,lrow_698b533d037a,5. 암석등을 재단·조각 또는 마무리하는 장소에서의 작업(화염을 이용한 작업 은 제외한다)
951dbc8a-d795-5c70-ab3e-99dece7f2a4d,dc11f13c-4b96-522a-81ef-b2703c8df832,SCOPE_EXCLUSION,화염을 이 용한 작업,해당 용어/대상 범위에서 제외,annex_logical_row,lrow_7df55c158027,6. 연마재의 분사에 의하여 연마하는 장소나 연마재 또는 동력을 사용하여 암 석·광물 또는 금속을 연마·주물 또는 재단하는 장소에서의 작업(화염을 이 용한 작업은 제외한다)
cada1cd5-2d52-56ff-a702-9964dff3119f,d8c88191-c735-5449-867a-45ee7aa5097a,SCOPE_EXCLUSION,수중에서 원료를 혼합하는 장소에서의 작업,해당 용어/대상 범위에서 제외,annex_logical_row,lrow_7686710bd88a,11. 유리 또는 법랑을 제조하는 공정에서 원료를 혼합하는 작업이나 원료 또는 혼합물을 용해로에 투입하는 작업(수중에서 원료를 혼합하는 장소에서의 작업 은 제외한다)
5fb2f070-3304-5099-8319-de0473da322e,77b9c403-f5dd-58c6-b6b0-66d8d529b0b2,SCOPE_EXCLUSION,전 기로에서 탕출하는 장소나 금형을 주입하는 장소에서의 작업,해당 용어/대상 범위에서 제외,annex_logical_row,lrow_f480fe5c46eb,16. 금속 또는 그 밖의 무기물을 제련하거나 녹이는 공정에서 토석 또는 광물을 개방로에 투입·소결(燒結)·탕출(湯出) 또는 주입하는 장소에서의 작업(전 기로에서 탕출하는 장소나 금형을 주입하는 장소에서의 작업은 제외한다)
dcb3f603-7eea-5c09-a67f-f7c7c3880edf,21c304c3-bbd7-506e-96fc-392e93a9f463,SCOPE_EXCLUSION,유기납,해당 용어/대상 범위에서 제외,annex_logical_row,lrow_1e92aede3107,"2. 납이나 그 화합물(유기납은 제외한다)에 노출되어 발생한 납 창백(蒼白), 복부 산통(産痛), 관절통 등의 급성중독"
c318737e-e856-53ff-a327-8f011c7e899d,ac100d91-9bb2-54f6-b45a-b84f5694cb28,SCOPE_EXCLUSION,해당 물질에 노출되는 업무에 종사하지 않게 된 후 3개월이 지난 경우,해당 용어/대상 범위에서 제외,annex_logical_row,lrow_9a4eebc07752,"15. 트리클로로에틸렌에 노출(해당 물질에 노출되는 업무에 종사하지 않게 된 후 3개월이 지난 경우는 제외한다)되어 발생한 스티븐스존슨 증후군 (stevens-johnson syndrome). 다만, 약물, 감염, 후천성면역결핍증, 악성 종양 등 다른 원인으로 발생한 스티븐스존슨 증후군은 제외한다."
e894edd7-2c9b-5c44-97a7-e955ceedd54b,f1db06bb-097c-5113-9e80-970cfaa278aa,SCOPE_EXCLUSION,해당 물질에 노출되는 업무에 종사하지 않게 된 후 3개월이 지난 경우,해당 용어/대상 범위에서 제외,annex_logical_row,lrow_16dc2c32d9e3,"16. 트리클로로에틸렌 또는 디메틸포름아미드(dimethylformamide)에 노출(해당 물질에 노출되는 업무에 종사하지 않게 된 후 3개월이 지난 경우는 제외한다)되 어 발생한 독성 간염. 다만, 약물, 알코올, 과체중, 당뇨병 등 다른 원인으로 발생 하거나 다른 질병이 원인이 되어 발생한 간염은 제외한다."
023ce9eb-acad-5e6f-9aa3-83083bac348d,a439c855-c959-55f5-a2ea-35ad1f67e839,SCOPE_EXCLUSION,"「전기공사업법」, 「정보통신공사업법」 및 「소방시설공사업법」 에 따른 전기공사, 정보통신공사 및 소방시설공사",해당 용어/대상 범위에서 제외,annex_logical_row,lrow_f6ca7c56a3d2,"1. 건설공사(「전기공사업법」, 「정보통신공사업법」 및 「소방시설공사업법」 에 따른 전기공사, 정보통신공사 및 소방시설공사는 제외한다) 지도 분야"
02f27ba4-e7ee-5702-b38c-fa80d318d800,25eac564-3e7a-53d4-ae0b-e18d6b105711,EXCLUSION,사고사망자 중 다음의 어느 하나에 해당하는 경우,로서 사업주의 법 위반으로 인한 것이 아니라고 인정되는 재해에 의한 사고사망자는 사고사망자 수 산정에 서 제외한다,annex_logical_row,lrow_defb69374ac9,라. 사고사망자 중 다음의 어느 하나에 해당하는 경우로서 사업주의 법 위반으로 인한 것이 아니라고 인정되는 재해에 의한 사고사망자는 사고사망자 수 산정에 서 제외한다.
6916137e-afe7-5e42-803a-f7bee4a8c136,423a3603-099d-5be5-8e42-ef339ef49441,SCOPE_EXCLUSION,해당 공사의 공사용 차량ㆍ장비에 의한 사고,해당 용어/대상 범위에서 제외,annex_logical_row,lrow_b649c768ce58,2) 「도로교통법」에 따라 도로에서 발생한 교통사고에 의한 경우(해당 공사의 공사용 차량ㆍ장비에 의한 사고는 제외한다)
fb196f6f-9b65-53c0-a396-ec1195130905,7e9c77ee-a94f-5160-b8c0-121f880c939c,SCOPE_EXCLUSION,해당 목적물 완성을 위한 작업 자간의 과실,해당 용어/대상 범위에서 제외,annex_logical_row,lrow_6099b314d6fd,4) 작업과 관련이 없는 제3자의 과실에 의한 경우(해당 목적물 완성을 위한 작업 자간의 과실은 제외한다)
517b3e9c-188a-56bd-a705-d334683f72b1,88a11014-8660-551c-a643-0869d4f360b6,SCOPE_EXCLUSION,하도급 노무비율,해당 용어/대상 범위에서 제외,annex_logical_row,lrow_ea629640b5b0,나. ‘노무비율’은 「고용보험 및 산업재해보상보험의 보험료징수 등에 관한 법률 시 행령」 제11조제1항에 따라 고용노동부장관이 고시하는 일반 건설공사의 노무비 율(하도급 노무비율은 제외한다)을 적용한다.
9e9821c2-74bb-5b75-b49f-a2662a67dd07,fe513493-c949-5ad1-b3eb-0b669c88447f,SCOPE_EXCLUSION,제73조제1항에 따른 보 고기한을 넘겨 보고의무를 위반한 경우,해당 용어/대상 범위에서 제외,annex_logical_row,lrow_0f55e485a2d8,가. 건설업체의 산업재해 발생 보고의무 위반건수는 국내의 건설현장에서 발생한 산업재해의 경우 법 제57조제3항에 따른 보고의무를 위반(제73조제1항에 따른 보 고기한을 넘겨 보고의무를 위반한 경우는 제외한다)하여 과태료 처분을 받은 경 우만 해당한다.
0936309a-4d8d-50d4-a0c1-1c63291193b3,94780d94-1506-5679-92ad-4b72d0d5f63c,SCOPE_EXCLUSION,마그네슘 분말,해당 용어/대상 범위에서 제외,annex_logical_row,lrow_3b0313f209ff,자. 금속 분말(마그네슘 분말은 제외한다)
0605008d-6b66-5885-ae79-1f87e983d5e8,1c617129-ecf7-5cbf-a0be-e486a63d5586,SCOPE_EXCLUSION,리튬·칼륨 및 나트륨,해당 용어/대상 범위에서 제외,annex_logical_row,lrow_f45f0c4110df,차. 알칼리금속(리튬·칼륨 및 나트륨은 제외한다)
cb751310-26e2-5f2d-a674-b6d5bd97d424,bc7ef78d-f255-592c-b58b-e6d1e55c65d2,SCOPE_EXCLUSION,알킬알루미늄 및 알킬리튬,해당 용어/대상 범위에서 제외,annex_logical_row,lrow_2c5f250ce396,카. 유기 금속화합물(알킬알루미늄 및 알킬리튬은 제외한다)
8ceb57bd-6a40-5ffc-94a4-d964e4c35f7c,ca4203a0-197c-519d-8ea1-e0b3ab39ea3b,SCOPE_EXCLUSION,"50% ∼ 55%. 다만, 일시적으로 대기 중 상대습도가 현저히 높 거나 낮아 적정한 습도를 유지하기 어렵다고 고용노동부장관이 인정하는 경우",해당 용어/대상 범위에서 제외,annex_logical_row,lrow_35ee48ca303b,"4. 습도 적정한 습도(50% ∼ 55%. 다만, 일시적으로 대기 중 상대습도가 현저히 높 거나 낮아 적정한 습도를 유지하기 어렵다고 고용노동부장관이 인정하는 경우 는 제외한다)를 유지할 수 있는 습도 조절 기능이 갖춰져 있어야 한다."
d986b0d2-86ad-5b86-971d-6494852212d4,329f30e3-c1f2-5fe6-afac-8dec4f2caaf6,SCOPE_EXCLUSION,화학과 및 화학공학과 학위,해당 용어/대상 범위에서 제외,annex_logical_row,lrow_f39aa7076f88,(2) 대학 또는 이와 같은 수준 이상의 학교에서 화학 관련 학위(화학과 및 화학공학과 학위는 제외한다)를 취득한 사람(법령에 따라 이와 같 은 수준 이상의 학력이 있다고 인정되는 사람을 포함한다) 중 분석 화학(실험)을 3학점 이상 이수한 사람
bb81762c-4a53-5ba2-8b34-7bd9aa81e9a0,4f80d952-7d2a-5d6c-b1f7-8ab0d6c254ae,SCOPE_EXCLUSION,화학과 및 화학공학과 학위,해당 용어/대상 범위에서 제외,annex_logical_row,lrow_384e12754e7b,(2) 대학 또는 이와 같은 수준 이상의 학교에서 화학 관련 학위(화학과 및 화학공학과 학위는 제외한다)를 취득한 사람(법령에 따라 이와 같 은 수준 이상의 학력이 있다고 인정되는 사람을 포함한다) 중 분석 화학(실험)을 3학점 이상 이수한 사람
659c6140-db47-51fc-92ba-6c28043bcb0f,2ee9ed21-a1cf-50f6-99e1-4e15ec5efffa,SCOPE_EXCLUSION,화학과 및 화학공학과 학위,해당 용어/대상 범위에서 제외,annex_logical_row,lrow_ac8ec39779de,(2) 대학 또는 이와 같은 수준 이상의 학교에서 화학 관련 학위(화학과 및 화학공학과 학위는 제외한다)를 취득한 사람(법령에 따라 이와 같 은 수준 이상의 학력이 있다고 인정되는 사람을 포함한다) 중 분석 화학(실험)을 3학점 이상 이수한 사람
6da3b097-b844-5feb-bdfd-b04742e05e68,a6d48357-ff73-5ae7-82df-5fbac6e123b2,SCOPE_EXCLUSION,자기발화성 물질,해당 용어/대상 범위에서 제외,annex_logical_row,lrow_cbcb7e08dc0d,14) 자기발열성 물질: 주위의 에너지 공급 없이 공기와 반응하여 스스로 발열하 는 물질(자기발화성 물질은 제외한다)
d1fbffe9-ac91-51ca-815f-b89b42defd06,2caf979f-9d62-593d-a0bb-8dbb6e23b8dd,EXCLUSION,"제외한다) 작업순서, 취급주의사항 및 방호거리 등에 관한 사항 그 밖에 안전·보건관리에 필요한 사항 | 화기·정전기·충격 및 자연발화 등의 위험방지에 관한 사항",해당 범위를 앞 규칙 적용 대상에서 제외,annex_logical_row,lrow_699623a269a3,"제외한다) 작업순서, 취급주의사항 및 방호거리 등에 관한 사항 그 밖에 안전·보건관리에 필요한 사항 | 화기·정전기·충격 및 자연발화 등의 위험방지에 관한 사항"
e8133de0-2060-58d2-8164-b3daa55805b9,540d751b-b639-5050-bda2-a4cb2e8f2f82,EXCLUSION,"해당하며, 휴대용은 제외한다] 를 5대 이상 보유한 사업장에 서 해당 기계로 하는 작업 | 그 밖에 안전·보건관리에 필요한 사항",해당 범위를 앞 규칙 적용 대상에서 제외,annex_logical_row,lrow_206ce07b9156,"해당하며, 휴대용은 제외한다] 를 5대 이상 보유한 사업장에 서 해당 기계로 하는 작업 | 그 밖에 안전·보건관리에 필요한 사항"
e6c268d8-e0b4-5861-9400-db7df14861dc,de0203e1-719a-546c-b21d-71262964be38,EXCLUSION,"작업은 제외한다) 사항 인양물이 적재될 지반의 조건, 인양하중, 풍압 등이 인양물과 타워크레인에 미치는 영향 그 밖에 안전·보건관리에 필요한 사항 | 인양 물건의 위험성 및 낙하·비래(飛來)·충돌재해 예방에 관한",해당 범위를 앞 규칙 적용 대상에서 제외,annex_logical_row,lrow_0b5c7ae08520,"작업은 제외한다) 사항 인양물이 적재될 지반의 조건, 인양하중, 풍압 등이 인양물과 타워크레인에 미치는 영향 그 밖에 안전·보건관리에 필요한 사항 | 인양 물건의 위험성 및 낙하·비래(飛來)·충돌재해 예방에 관한"
3dae8cc2-c104-55c7-913d-441663e47ef3,05902fc3-21fa-5262-846f-53e272939d6a,EXCLUSION,업은 제외한다) 또는 같은 작 | 소화설비의 설치장소 및 사용방법에 관한 사항,해당 범위를 앞 규칙 적용 대상에서 제외,annex_logical_row,lrow_394e872d80d0,업은 제외한다) 또는 같은 작 | 소화설비의 설치장소 및 사용방법에 관한 사항
f5a9e5af-738a-5ca6-bfc7-c6ad9bdf75af,5438ba23-1c77-57ba-9e2b-a73cdcd72b52,EXCLUSION,제외한다) 그 밖에 안전·보건관리에 필요한 사항 | 보호구 착용에 관한 사항,해당 범위를 앞 규칙 적용 대상에서 제외,annex_logical_row,lrow_efe662b5ea5e,제외한다) 그 밖에 안전·보건관리에 필요한 사항 | 보호구 착용에 관한 사항
a82b51d5-077b-54e5-83b1-4ca341ac5283,36c7348e-2d05-570e-91bd-a0b5c5e62748,SCOPE_EXCLUSION,높이가 5m 미만인 것,해당 용어/대상 범위에서 제외,annex_logical_row,lrow_ca1991f1170f,강관비계의 종류 조립간격(단위: m) 수직방향 수평방향 단관비계 5 5 틀비계(높이가 5m 미만인 것은 제외한다) 6 8
5315da01-467e-5140-93f1-029d4dcd23a0,631c603d-3f8f-5d49-b23d-bccf28f0b74a,SCOPE_EXCLUSION,석면방직제품,해당 용어/대상 범위에서 제외,annex_logical_row,lrow_fb1d22be0f4b,1) 석면함유제품(석면방직제품은 제외한다)을 제 조하는 업무 | 1년 이상 종사한 사람
b796f718-c290-5acc-88d4-54719a8deb53,c8a2cfa2-d387-5754-937d-86f77130c44f,EXCLUSION,또는 암석(습기가 있는 것은 제외한다,해당 범위를 앞 규칙 적용 대상에서 제외,annex_logical_row,lrow_8f26bb85a6af,"또는 암석(습기가 있는 것은 제외한다. 이하 "" | 로서 흉부방사선 사진 상"
c0530d6b-ad90-57cd-bf9c-aea40320b029,70e2b5f3-0e58-5bf7-8029-df19f81e0054,EXCLUSION,어는 제외한다)에 싣거나 내리는 장소에서의 작업 | 년 이상 종사한 사람 (「진폐의 예방과 진폐근,해당 범위를 앞 규칙 적용 대상에서 제외,annex_logical_row,lrow_63db19007c99,어는 제외한다)에 싣거나 내리는 장소에서의 작업 | 년 이상 종사한 사람 (「진폐의 예방과 진폐근
f4feae84-31c1-54f6-af08-6f6fda7e3701,f404ef07-fd90-5c52-b8d1-073a9cdf0e18,EXCLUSION,옥내에서 동력을 사용하여 암석ㆍ광물 또는 금속을 연마ㆍ주물 또는 추출하거나 금속을 재 단하는 장소에서의 작업 | 제외한다)으로 한다,해당 범위를 앞 규칙 적용 대상에서 제외,annex_logical_row,lrow_8783e2b1237a,사. 옥내에서 동력을 사용하여 암석ㆍ광물 또는 금속을 연마ㆍ주물 또는 추출하거나 금속을 재 단하는 장소에서의 작업 | 제외한다)으로 한다.
f79d7f51-0bc8-52b0-9533-b6949cfd338d,9b9e5b71-3353-588c-9fe4-6ecabd5287a2,SCOPE_EXCLUSION,수중에서 원료를 혼합하 는 작업,해당 용어/대상 범위에서 제외,annex_logical_row,lrow_f27e5248b8bf,1) 유리 또는 법랑을 제조하는 공정에서 원료를 혼합하는 작업이나 원료 또는 혼합물을 용해 로에 투입하는 작업(수중에서 원료를 혼합하 는 작업은 제외한다)
db7fd8f3-1be7-539a-8869-6132c3f89313,d0b353cb-62bc-5c51-8f0e-60bb9423dfd1,SCOPE_EXCLUSION,습기가 있는 것,해당 용어/대상 범위에서 제외,annex_logical_row,lrow_76c86ce8dfb9,타. 옥내에서 내화 벽돌 또는 타일을 제조하는 작 업 중 동력을 사용하여 원료(습기가 있는 것은 제외한다)를 성형하는 장소에서의 작업
79731acd-9beb-59ad-876f-01ea9c50f57a,8736b4b8-fecc-54cb-a3e4-3ad30b7c6e5c,SCOPE_EXCLUSION,제39호,해당 용어/대상 범위에서 제외,annex_logical_row,lrow_f33cf4319e90,라. 특별교육 일 이하인 기간제근로자: 별표 5 제1호 라목(제39호는 제외한다)에 해당하는 작업에 종사하는 근로자에 한정한다. | 1) 일용근로자 및 근로계약기간이 1주 2시간 이상
950e643b-adf2-5e57-9312-aa09556ea892,1b548348-f6bb-531c-8509-f31e084dbbd3,MODIFICATION,2) 일용근로자 및 근로계약기간이 1주 일 이하인 기간제근로자: 별표 5 제1호 라목제39호에 해당하는 작업에 종사하 는 근로자에 한정한다,앞 규칙의 적용 범위 또는 내용을 수정,annex_logical_row,lrow_e9d4a05a4d60,2) 일용근로자 및 근로계약기간이 1주 일 이하인 기간제근로자: 별표 5 제1호 라목제39호에 해당하는 작업에 종사하 는 근로자에 한정한다. | 8시간 이상
846887d5-55b5-5e60-9dda-52f9361361a1,1da37875-594c-51c2-821d-d7b76423fd42,MODIFICATION,업에 종사하는 근로자에 한정한다,앞 규칙의 적용 범위 또는 내용을 수정,annex_logical_row,lrow_7d6cb9927b58,업에 종사하는 근로자에 한정한다. 나) 단기간 작업 또는 간헐적 작업인 경우에는 2시간 이상 | 서 분할하여 실시 가능)
18178b3e-8dee-5171-bbab-672c64175fc8,f8542134-71cc-5996-aa0b-9045a34e2024,SCOPE_EXCLUSION,마그네슘 분말,해당 용어/대상 범위에서 제외,annex_logical_row,lrow_2991db7c6db2,"자. 금속 분말(마그네슘 분말은 제외한다) | 1,000킬로그램"
91dd44a2-0cd8-5e5b-8f95-109a807d4e79,b704c7f0-20a9-5b84-99c5-e334546a2912,SCOPE_EXCLUSION,리튬ㆍ칼륨 및 나트륨,해당 용어/대상 범위에서 제외,annex_logical_row,lrow_c11d7f4dcc9f,차. 알칼리금속(리튬ㆍ칼륨 및 나트륨은 제외한다) | 50킬로그램
b490e389-e36a-5858-a83e-21c1bbb93e56,fc956a6d-7eaa-51f4-9f67-d89b8cba91ef,SCOPE_EXCLUSION,알킬알루미늄 및 알킬리튬,해당 용어/대상 범위에서 제외,annex_logical_row,lrow_9b9d817c050a,카. 유기금속화합물(알킬알루미늄 및 알킬리튬은 제외한다) | 50킬로그램
af0c9fc3-f4b2-5cca-8fcc-f7ff5bd11c0e,68f55ecc-4037-5309-a581-46bc91af9658,SCOPE_EXCLUSION,"구조물에 지 지되는 경우만 해당하며, 정격하중 10톤 미만인 경우",해당 용어/대상 범위에서 제외,annex_logical_row,lrow_2dc35fcd37ac,"증명할 수 있는 서류(구조물에 지 지되는 경우만 해당하며, 정격하중 10톤 미만인 경우는 제외한다) | 4. 크레인 지지용 구조물의 안전성을"
ff14e8ea-9e32-519e-a94b-a5877a557a00,5c0b144f-2545-58cd-80e8-557b3b967d4b,SCOPE_EXCLUSION,연구개발업,해당 용어/대상 범위에서 제외,annex_logical_row,lrow_60b99bd6eb6e,"30. 전문, 과학 및 기술 서비스업(연구개발업은 제외한다)"
4229acf2-5117-55bf-b5b9-eb56309c97b4,8fd238e3-a7bd-5506-87d7-520f5614a90f,SCOPE_EXCLUSION,다른 규정에 따라 준용되는 경우,해당 용어/대상 범위에서 제외,annex_logical_row,lrow_467619d9810d,"가. 「광산안전법」 적용 사업(광업 중 광물의 채광·채굴·선광 또는 제련 | 21조(다른 규정에 따라 준용되는 경우는 제외한다), 제24조(다른 규정에 따라 준용"
135c721b-a603-5c03-9502-bdb959d6ce7f,5017c0f7-d892-5094-986f-0077205cf5ed,EXCLUSION,"등의 공정으로 한정하며, 제조공정 | 되는 경우","는 제외한다), 제2장제2절, 제29",annex_logical_row,lrow_06fce403f4e4,"등의 공정으로 한정하며, 제조공정 | 되는 경우는 제외한다), 제2장제2절, 제29"
96171bb8-d719-5ba7-b9d9-179e6550cf1a,d1d5acc5-33aa-51e0-a9ff-0db8b4ecb05d,SCOPE_EXCLUSION,보건에 관한 사항,해당 용어/대상 범위에서 제외,annex_logical_row,lrow_9480d7fb9b2e,"나. 「원자력안전법」 적용 사업(발전 | (보건에 관한 사항은 제외한다), 제31조,"
196d1039-e2c5-52ae-a9c1-b566a7d1b74c,505f9f46-260a-5063-ae2f-b94fc669a6b8,EXCLUSION,"업, 여행사 및 기타 여행보조 서비스업 중 항공 관련 사업은 각각 제외한다) | 조, 제63조, 제64조(제1항제6호는 제외한 다), 제65조, 제66조, 제72조, 제75조, 제88",해당 범위를 앞 규칙 적용 대상에서 제외,annex_logical_row,lrow_732d1c3b34db,"업, 여행사 및 기타 여행보조 서비스업 중 항공 관련 사업은 각각 제외한다) | 조, 제63조, 제64조(제1항제6호는 제외한 다), 제65조, 제66조, 제72조, 제75조, 제88"
da10bdb9-ff55-5434-997a-28820369ea25,00f8e5a0-7d74-5825-869d-de646369b46a,SCOPE_EXCLUSION,선박 및 보트 건조업,해당 용어/대상 범위에서 제외,annex_logical_row,lrow_860214873f08,"라. 「선박안전법」 적용 사업(선박 및 보트 건조업은 제외한다) | 조, 제103조부터 제107조까지 및 제160조 (제21조제4항 및 제88조제5항과 관련되는"
4b868baa-34fc-53d8-8403-de04bee661f1,85802d0d-d6c6-58ef-a18b-4768c770c3f0,SCOPE_EXCLUSION,사진 처리업,해당 용어/대상 범위에서 제외,annex_logical_row,lrow_1c118728bd45,"아. 기타 전문, 과학 및 기술 서비스업 (사진 처리업은 제외한다)"
06877253-50d3-5993-bf2f-32c17cf79546,21337832-007b-5079-8da0-a4efa52e3e44,SCOPE_EXCLUSION,병원,해당 용어/대상 범위에서 제외,annex_logical_row,lrow_7a5ec1ecca5f,카. 보건업(병원은 제외한다)
a4e496eb-3287-555c-838c-69fa9846ce09,fc36172d-a48f-56c1-88e1-a1a9fb7d1cb7,SCOPE_EXCLUSION,세탁업,해당 용어/대상 범위에서 제외,annex_logical_row,lrow_e6f35715d83e,하. 기타 개인 서비스업(세탁업은 제외한다)
30478fa4-2924-5682-bba2-a2fb404af800,3b630b5c-3e7d-5d57-9380-94f3638d756d,SCOPE_EXCLUSION,"청소, 시설관리, 조리 등 | 따라 준용되는 경우",해당 용어/대상 범위에서 제외,annex_logical_row,lrow_9d82fadc0ae9,"가. 공공행정(청소, 시설관리, 조리 등 | 따라 준용되는 경우는 제외한다)"
a82e1eae-887d-5e58-b871-c3f7312ebcb8,3e75aee4-9304-5bbe-88e6-db54c09611f1,EXCLUSION,"현업업무에 종사하는 사람으로서 고 용노동부장관이 정하여 고시하는 사 람은 제외한다), 국방 및 사회보장 행정 | 따라 준용되는 경우",는 제외한다),annex_logical_row,lrow_150b708d483a,"현업업무에 종사하는 사람으로서 고 용노동부장관이 정하여 고시하는 사 람은 제외한다), 국방 및 사회보장 행정 | 따라 준용되는 경우는 제외한다)"
6b81978b-057e-5e6b-bebc-e8395669962d,531088fd-5077-5b6c-90ee-754125e1493b,SCOPE_EXCLUSION,"청소, 시설관리, 조리 등 현업 업무에 종사하는 사람으로서 고용노 동부장관이 정하여 고시하는 사람",해당 용어/대상 범위에서 제외,annex_logical_row,lrow_7675b44aff8a,"나. 교육 서비스업 중 초등·중등·고등 교 육기관, 특수학교·외국인학교 및 대 안학교(청소, 시설관리, 조리 등 현업 업무에 종사하는 사람으로서 고용노 동부장관이 정하여 고시하는 사람은 제외한다)"
2863f863-3633-58cb-8b9d-22dbf01e4943,f31c3e69-cbbc-52a2-8458-e451ce7a9fbc,SCOPE_EXCLUSION,다른 규정에 따라 준용되는 경우,해당 용어/대상 범위에서 제외,annex_logical_row,lrow_13fa176c1784,"조, 제50조 및 제159조(다른 규정에 따라 준용되는 경우는 제외한다) | 따른 추가교육은 제외한다), 제47조, 제49"
de3a4a03-9027-5855-a85b-d0e8cda7d903,1baf64d5-3aa8-5ae9-b887-18042dd070a8,SCOPE_EXCLUSION,법 제75조에 | 구성한 경우,해당 용어/대상 범위에서 제외,annex_logical_row,lrow_f1dc16b2d8c7,않은 경우(법 제75조에 | 구성한 경우는 제외한다)
a157ecfd-ee0a-5135-8545-5d1921990de4,3ecb07ea-2de0-5b4d-8c0a-ab14ec430344,SCOPE_EXCLUSION,오목에 | 백한 경우,해당 용어/대상 범위에서 제외,annex_logical_row,lrow_6744cec6d4d3,로 보고한 경우(오목에 | 백한 경우는 제외한다)
db133996-7563-50b4-bb89-73942db444cd,1d7102cb-61be-501f-89fa-f309209657af,EXCLUSION,물질을 양도ㆍ제공하는 자가 물질안전보건자료 를 제공하지 않은 경우,[나)에 해당하는 경우는 제외한다] | 100 | 200 | 500,annex_logical_row,lrow_40480582ee85,물질을 양도ㆍ제공하는 자가 물질안전보건자료 를 제공하지 않은 경우 [나)에 해당하는 경우는 제외한다] | 100 | 200 | 500
85e6ae78-b07b-5260-a3cf-a0265ba89f68,97a47e87-b649-59af-b24a-61cb14cca374,SCOPE_EXCLUSION,"다중주택, 다가구주택, 공 관",해당 용어/대상 범위에서 제외,annex_logical_row,lrow_391f511c3202,"반하여 기관석면조사를 하지 않고 건축물 또는 설비를 철거하거나 해 | 항제1호 항제1호 | (다중주택, 다가구주택, 공 관은 제외한다) 관은 제외한다) | 또는 해체 공사 | 1,000 | 1,500"
f77174bc-9e27-5ee0-b4f1-1490af4b8fd1,40a144e0-0572-505d-a8b4-6829366506b3,EXCLUSION,"않거나, 그 기준에 적합하지 않은 작업방 법으로 허가대상물질을 제조ㆍ사용한 경 우(나)부터 라)까지의 규정에 해당하는 경우",는 제외한다) | 3개월 | 6개월,annex_logical_row,lrow_f200080eb92f,"않거나, 그 기준에 적합하지 않은 작업방 법으로 허가대상물질을 제조ㆍ사용한 경 우(나)부터 라)까지의 규정에 해당하는 경우는 제외한다) | 3개월 | 6개월"
5eb238b4-20aa-594e-955b-cc788451fe19,fac2f6d9-d103-5adf-8fec-f871722f07cf,EXCLUSION,제외한다) 또는 서류 보존 의무를 이행하 지 않은 경우,| 1개월 | 2개월 | 3개월,annex_logical_row,lrow_59f93f4ba3ba,제외한다) 또는 서류 보존 의무를 이행하 지 않은 경우 | 1개월 | 2개월 | 3개월
5340afe6-6df5-5942-b367-60e5ce92b28e,ffe01611-6aa1-55c3-abff-5be075cc787d,SCOPE_EXCLUSION,공통내용,해당 용어/대상 범위에서 제외,annex_logical_row,lrow_5b5168af09a7,<개별내용> | 제1호라목에 따른 교육내용(공통내용은 제외한다)과 같음
5a8ca0c8-8ddf-5090-8597-bb5348ef8541,50db7131-947f-5761-ae46-c7962e3ca56f,SCOPE_EXCLUSION,사무용 기계 및 장비 제 조업,해당 용어/대상 범위에서 제외,annex_logical_row,lrow_40e8ba74c8b7,8. 기타 기계 및 장비 제조업(사무용 기계 및 장비 제 조업은 제외한다)
2767ac95-a4e0-5dfb-adb6-cb0629305cc5,7659b6b7-567b-5214-b94f-3b593317f853,SCOPE_EXCLUSION,연구개발업,해당 용어/대상 범위에서 제외,annex_logical_row,lrow_e72e60304ef3,"17. 전문, 과학 및 기술 서비스업(연구개발업은 제외한다)"
5a4e2fe3-7725-59cf-b94f-c5d80c3e5d30,5b5661a7-522a-5891-8d14-a7e579a70665,SCOPE_EXCLUSION,국가기술자격증,해당 용어/대상 범위에서 제외,annex_logical_row,lrow_74f97b4954f5,"경우 증명서, 경력증명서 및 재직증명서 등 서류 3. 영 별표 11에 따른 시설ㆍ장비기준을 갖추었음을 증명할 수 있는 서류와 시설ㆍ장비 명세서 | 2. 영 별표 11에 따른 인력기준을 갖추었음을 증명할 수 있는 자격증(국가기술자격증은 제외한다), 졸업 없음"
b72ede58-d4e8-579f-bf8d-c4537f525ea3,21493491-794f-5c97-817f-d768c5e6d812,SCOPE_EXCLUSION,연구개발업,해당 용어/대상 범위에서 제외,annex_logical_row,lrow_539d5dc83e36,"8. 전문, 과학 및 기술 서비스업(연구개발업은 제외한다)"
acc207ce-fa3e-5b42-b8db-3841fa6405cb,ba56a883-e598-56c0-be26-c1f83786921b,EXCLUSION,"제외한다) 작업순서, 취급주의사항 및 방호거리 등에 관한 사항 그 밖에 안전·보건관리에 필요한 사항",해당 범위를 앞 규칙 적용 대상에서 제외,annex_logical_cell,lcell_bdd5e71f2d5f,"제외한다) 작업순서, 취급주의사항 및 방호거리 등에 관한 사항 그 밖에 안전·보건관리에 필요한 사항"
3159bad1-d98f-567d-abe0-104937a7be70,dca065c8-8713-515c-a476-b644d3bc9a46,EXCLUSION,"해당하며, 휴대용은 제외한다] 를 5대 이상 보유한 사업장에 서 해당 기계로 하는 작업",해당 범위를 앞 규칙 적용 대상에서 제외,annex_logical_cell,lcell_4e1e46304805,"해당하며, 휴대용은 제외한다] 를 5대 이상 보유한 사업장에 서 해당 기계로 하는 작업"
ccbbdafe-b042-5ce2-bc08-35831ecfed87,acf9b9fa-2b67-5d8b-b977-cd60ed5e21c8,EXCLUSION,"작업은 제외한다) 사항 인양물이 적재될 지반의 조건, 인양하중, 풍압 등이 인양물과 타워크레인에 미치는 영향 그 밖에 안전·보건관리에 필요한 사항",해당 범위를 앞 규칙 적용 대상에서 제외,annex_logical_cell,lcell_929638422dbb,"작업은 제외한다) 사항 인양물이 적재될 지반의 조건, 인양하중, 풍압 등이 인양물과 타워크레인에 미치는 영향 그 밖에 안전·보건관리에 필요한 사항"
6111be30-b289-5be6-a0a3-5908f2d84ab1,ec8ba5c4-b24e-58e9-b68e-124400b0be88,SCOPE_EXCLUSION,수중에서 원료를 혼합하 는 작업,해당 용어/대상 범위에서 제외,annex_logical_cell,lcell_a6ae6aa73dfa,1) 유리 또는 법랑을 제조하는 공정에서 원료를 혼합하는 작업이나 원료 또는 혼합물을 용해 로에 투입하는 작업(수중에서 원료를 혼합하 는 작업은 제외한다)
8bfe2c7a-57d2-5a7b-a08c-df63aa4b4fdf,39bb1426-83e6-5a8d-a4e4-ee1c19995412,SCOPE_EXCLUSION,습기가 있는 것,해당 용어/대상 범위에서 제외,annex_logical_cell,lcell_42cd6572e2e1,타. 옥내에서 내화 벽돌 또는 타일을 제조하는 작 업 중 동력을 사용하여 원료(습기가 있는 것은 제외한다)를 성형하는 장소에서의 작업
a4906b7f-0b2b-58ab-a152-6421becc891d,44122ef6-4939-5309-9185-35fb284ca550,SCOPE_EXCLUSION,제39호,해당 용어/대상 범위에서 제외,annex_logical_cell,lcell_1bad083cdce7,라. 특별교육 일 이하인 기간제근로자: 별표 5 제1호 라목(제39호는 제외한다)에 해당하는 작업에 종사하는 근로자에 한정한다.
4f36bd0d-eda4-55b1-b930-5fcb7641e1d6,a7baed04-ecd0-561b-8b7b-c06124e3e34d,MODIFICATION,2) 일용근로자 및 근로계약기간이 1주 일 이하인 기간제근로자: 별표 5 제1호 라목제39호에 해당하는 작업에 종사하 는 근로자에 한정한다,앞 규칙의 적용 범위 또는 내용을 수정,annex_logical_cell,lcell_7e471730467d,2) 일용근로자 및 근로계약기간이 1주 일 이하인 기간제근로자: 별표 5 제1호 라목제39호에 해당하는 작업에 종사하 는 근로자에 한정한다.
7fdbd5ed-0b97-5d9a-a399-9ddee46c10f7,14ea5be3-9518-59ec-b7e6-bd1250e13f7b,MODIFICATION,업에 종사하는 근로자에 한정한다,앞 규칙의 적용 범위 또는 내용을 수정,annex_logical_cell,lcell_d6c7b2a407ee,업에 종사하는 근로자에 한정한다. 나) 단기간 작업 또는 간헐적 작업인 경우에는 2시간 이상
21d4397a-3400-5e37-9e42-fe3ee17d9b27,7bdc2c9d-0f02-527e-86c8-e8ad27cea1f7,SCOPE_EXCLUSION,마그네슘 분말,해당 용어/대상 범위에서 제외,annex_logical_cell,lcell_04371651bbbe,자. 금속 분말(마그네슘 분말은 제외한다)
6fbe4713-a0e9-59b9-be10-e9cc27d15ccb,6732bbca-93ea-5882-99b9-d44ca2239c19,SCOPE_EXCLUSION,리튬ㆍ칼륨 및 나트륨,해당 용어/대상 범위에서 제외,annex_logical_cell,lcell_817dc4f4f87d,차. 알칼리금속(리튬ㆍ칼륨 및 나트륨은 제외한다)
d42b48f5-fbfd-5fca-b501-d22bf77835e3,965060bd-1fb5-5b87-b5a0-026c2965b77f,SCOPE_EXCLUSION,알킬알루미늄 및 알킬리튬,해당 용어/대상 범위에서 제외,annex_logical_cell,lcell_188966e5bd24,카. 유기금속화합물(알킬알루미늄 및 알킬리튬은 제외한다)
adbaae44-7936-5531-b08f-191d37711ecb,6a6c2bde-0653-5ee7-81be-ec2a90ed82ca,SCOPE_EXCLUSION,"구조물에 지 지되는 경우만 해당하며, 정격하중 10톤 미만인 경우",해당 용어/대상 범위에서 제외,annex_logical_cell,lcell_04f0ca481b5d,"증명할 수 있는 서류(구조물에 지 지되는 경우만 해당하며, 정격하중 10톤 미만인 경우는 제외한다)"
163940d8-cc78-5cb0-bf16-efee1eab4118,e07266b1-4341-5583-a963-b810d63e9ea3,SCOPE_EXCLUSION,연구개발업,해당 용어/대상 범위에서 제외,annex_logical_cell,lcell_45bd332e9654,"30. 전문, 과학 및 기술 서비스업(연구개발업은 제외한다)"
2ac72dfe-5e4a-50b5-9a46-443da7ef9600,ded98f89-55e8-541d-b309-1079bb5bc91c,SCOPE_EXCLUSION,다른 규정에 따라 준용되는 경우,해당 용어/대상 범위에서 제외,annex_logical_cell,lcell_800c00c2feae,"21조(다른 규정에 따라 준용되는 경우는 제외한다), 제24조(다른 규정에 따라 준용"
c60892fa-ee0f-5a4f-ab7b-552488ede266,fa8cff89-b08e-55a4-a337-3de238a9bce9,SCOPE_EXCLUSION,보건에 관한 사항,해당 용어/대상 범위에서 제외,annex_logical_cell,lcell_ff9cdbc6ec25,"조(보건에 관한 사항은 제외한다), 제30조"
f37027f7-4746-5850-98ad-2d529714ffbe,b28e9009-7fc2-5338-8e23-69782a36ad03,SCOPE_EXCLUSION,보건에 관한 사항,해당 용어/대상 범위에서 제외,annex_logical_cell,lcell_1cc55ee2cc1b,"(보건에 관한 사항은 제외한다), 제31조,"
49487daa-c57e-5b35-b3a6-a058b78c9820,0bb8f016-73aa-5258-bb01-6b8ea2217564,EXCLUSION,"업, 여행사 및 기타 여행보조 서비스업 중 항공 관련 사업은 각각 제외한다)",해당 범위를 앞 규칙 적용 대상에서 제외,annex_logical_cell,lcell_4c1cf91141cb,"업, 여행사 및 기타 여행보조 서비스업 중 항공 관련 사업은 각각 제외한다)"
e1d10375-90b1-5b51-aff4-2a554b84d6f3,75e1de22-778f-5e91-8372-9b9913ec3327,SCOPE_EXCLUSION,선박 및 보트 건조업,해당 용어/대상 범위에서 제외,annex_logical_cell,lcell_d6e4fb5ac0b2,라. 「선박안전법」 적용 사업(선박 및 보트 건조업은 제외한다)
db4e6363-8d9f-5fa4-9a9b-0d50714f6513,10f1f9fe-face-535f-aa62-1dd944cd3cd0,SCOPE_EXCLUSION,사진 처리업,해당 용어/대상 범위에서 제외,annex_logical_cell,lcell_e1c80cf21698,"아. 기타 전문, 과학 및 기술 서비스업 (사진 처리업은 제외한다)"
68327bee-f539-5f9b-bfea-10680ac2b7e6,72a53b2c-6d86-5231-989e-5d7a17bfd78f,SCOPE_EXCLUSION,병원,해당 용어/대상 범위에서 제외,annex_logical_cell,lcell_65e673155ce6,카. 보건업(병원은 제외한다)
703faf39-2de1-570f-b130-9061dad055f8,18e858e4-af4c-598e-9d91-a5cd1df01e31,SCOPE_EXCLUSION,세탁업,해당 용어/대상 범위에서 제외,annex_logical_cell,lcell_bbada087eec5,하. 기타 개인 서비스업(세탁업은 제외한다)
a4fb4a79-2cda-5f9e-971f-2ca84e7f45f2,51cc4be0-a8dd-5227-a837-3ba3e862e657,EXCLUSION,"현업업무에 종사하는 사람으로서 고 용노동부장관이 정하여 고시하는 사 람은 제외한다), 국방 및 사회보장 행정",해당 범위를 앞 규칙 적용 대상에서 제외,annex_logical_cell,lcell_851b7a8eb040,"현업업무에 종사하는 사람으로서 고 용노동부장관이 정하여 고시하는 사 람은 제외한다), 국방 및 사회보장 행정"
75f934db-2cec-5d1b-9858-08c9fe9630a2,8876aa10-c8a6-5dc4-aad0-9588a9386efd,SCOPE_EXCLUSION,"청소, 시설관리, 조리 등 현업 업무에 종사하는 사람으로서 고용노 동부장관이 정하여 고시하는 사람",해당 용어/대상 범위에서 제외,annex_logical_cell,lcell_f28396a018d6,"나. 교육 서비스업 중 초등·중등·고등 교 육기관, 특수학교·외국인학교 및 대 안학교(청소, 시설관리, 조리 등 현업 업무에 종사하는 사람으로서 고용노 동부장관이 정하여 고시하는 사람은 제외한다)"
48c95642-8a06-5fac-8516-282c92dddbd6,81a1c377-8b93-5a1d-89ba-5e50cffb0871,SCOPE_EXCLUSION,다른 규정에 따라 준용되는 경우,해당 용어/대상 범위에서 제외,annex_logical_cell,lcell_29bdea8ed2b5,"조, 제50조 및 제159조(다른 규정에 따라 준용되는 경우는 제외한다)"
abb415df-06ea-5700-8064-a767c86ac711,a7b2d58a-49b4-5e8e-a2db-69d5d5c60612,EXCLUSION,물질을 양도ㆍ제공하는 자가 물질안전보건자료 를 제공하지 않은 경우,[나)에 해당하는 경우는 제외한다],annex_logical_cell,lcell_27266c6ed5ca,물질을 양도ㆍ제공하는 자가 물질안전보건자료 를 제공하지 않은 경우 [나)에 해당하는 경우는 제외한다]
ccb69eb4-fd1c-52b6-b36b-be3af9803eca,c16b360b-86ed-5e23-ae46-1d9aa03a9c30,EXCLUSION,"않거나, 그 기준에 적합하지 않은 작업방 법으로 허가대상물질을 제조ㆍ사용한 경 우(나)부터 라)까지의 규정에 해당하는 경우",는 제외한다),annex_logical_cell,lcell_78ceed0596d0,"않거나, 그 기준에 적합하지 않은 작업방 법으로 허가대상물질을 제조ㆍ사용한 경 우(나)부터 라)까지의 규정에 해당하는 경우는 제외한다)"
d15d807e-b01d-5a87-bb94-54498397efd8,5874a098-283b-530b-a334-1531a7d4cc79,SCOPE_EXCLUSION,공통내용,해당 용어/대상 범위에서 제외,annex_logical_cell,lcell_6b37e9180800,제1호라목에 따른 교육내용(공통내용은 제외한다)과 같음
8d983869-fb65-525f-8c5c-8cf23a2b68a6,dd2ac0eb-845b-596f-ba2a-db714d205b70,SCOPE_EXCLUSION,사무용 기계 및 장비 제 조업,해당 용어/대상 범위에서 제외,annex_logical_cell,lcell_ade9f1b13135,8. 기타 기계 및 장비 제조업(사무용 기계 및 장비 제 조업은 제외한다)
bbe401fd-7678-57ff-8a39-5db00017a67c,db1bf70d-c7d2-5ff2-8a08-ce7bb5eedf4a,SCOPE_EXCLUSION,연구개발업,해당 용어/대상 범위에서 제외,annex_logical_cell,lcell_8b17af0daad7,"17. 전문, 과학 및 기술 서비스업(연구개발업은 제외한다)"
a7ea7100-b1d7-5163-af1a-fae6698eaa97,5611b253-b71a-5c0b-a5fa-d985ffb68662,SCOPE_EXCLUSION,국가기술자격증,해당 용어/대상 범위에서 제외,annex_logical_cell,lcell_e1e3788d52b5,"2. 영 별표 11에 따른 인력기준을 갖추었음을 증명할 수 있는 자격증(국가기술자격증은 제외한다), 졸업 없음"
5809d086-8b95-5ee2-a24b-603c63e2dcd9,fb81443a-7bac-5bbd-8812-3158a975b9bc,SCOPE_EXCLUSION,연구개발업,해당 용어/대상 범위에서 제외,annex_logical_cell,lcell_d717ae25c256,"8. 전문, 과학 및 기술 서비스업(연구개발업은 제외한다)"
d6f45d6e-54b7-5385-8d48-aef5a6700410,8fcbf278-5a2a-582e-bd30-7eb50c960673,MODIFICATION,비고 다음 각 목에 해당하는 경우,다음 각 목의 구분에 따라 제1호부터 제6호 까지의 규정에 따른 휴게시설 설치ㆍ관리기준의 일부를 적용하지 않는다,annex_note,note_8e8706147494,비고 다음 각 목에 해당하는 경우에는 다음 각 목의 구분에 따라 제1호부터 제6호 까지의 규정에 따른 휴게시설 설치ㆍ관리기준의 일부를 적용하지 않는다. 가. 사업장 전용면적의 총 합이 300제곱미터 미만인 경우: 제1호 및 제2호의 기준 나. 작업장소가 일정하지 않거나 전기가 공급되지 않는 등 작업특성상 실내에 휴게시설을 갖추기 곤란한 경우로서 그늘막 등 간이 휴게시설을 설치한 경 우: 제3호부터 제6호까지의 규정에 따른 기준 다. 건조 중인 선박 등에 휴게시설을 설치하는 경우: 제4호의 기준
039123ae-277f-5d07-b0c7-77d5015ae801,670992aa-c8e2-5904-bf4c-2af7ee4ad6b0,EXCLUSION,비고: 제1호부터 제6호까지의 규정에 따른 사업에 둘 이상 해당하는 사업의 경우,에는 각각의 호에 따라 적용이 제외되는 규정은 모두 적용하지 않는다,annex_note,note_6e52e6114148,비고: 제1호부터 제6호까지의 규정에 따른 사업에 둘 이상 해당하는 사업의 경우 에는 각각의 호에 따라 적용이 제외되는 규정은 모두 적용하지 않는다.
91d3bfc8-d3cc-51f5-9fdc-4ef8160044a4,e836532d-2d0c-5e1d-ac30-d4035bcfa02e,SCOPE_EXCLUSION,물류시설,해당 용어/대상 범위에서 제외,annex_note,note_bc1fa0212900,"비고 1. “도로”란 「도로법」 제10조의 도로를 말한다. 2. 교량의 “최대 경간장”이란 한 경간(徑間)에서 상부구조의 교각과 교각의 중심선 간의 거리를 경간장으로 정의할 때, 교량의 경간장 중에서 최댓값을 말한다. 한 경 간 교량에 대해서는 교량 양측 교대의 흉벽 사이를 교량 중심선에 따라 측정한 거 리를 말한다. 3. 교량의 “연장”이란 교량 양측 교대의 흉벽 사이를 교량 중심선에 따라 측정한 거 리를 말한다. 4. 도로교량의 “복개구조물”이란 하천 등을 복개하여 도로의 용도로 사용하는 모든 구조물을 말한다. 5. 터널 및 지하차도의 “연장”이란 각 본체 구간과 하나의 구조로 연결된 구간을 포 함한 거리를 말한다. 6. “방파제, 파제제 및 호안”이란 「항만법」 제2조제5호가목2)의 외곽시설을 말한 다. 7. “계류시설”이란 「항만법」 제2조제5호가목4)의 계류시설을 말한다. 8. “댐”이란 「저수지ㆍ댐의 안전관리 및 재해예방에 관한 법률」 제2조제1호의 저 수지ㆍ댐을 말한다. 9. 위 표 제4호의 지방상수도전용댐과 용수전용댐이 위 표 제7호가목의 광역상수도 ㆍ공업용수도 또는 지방상수도의 수원지시설에 해당하는 경우에는 위 표 제7호의 상하수도시설로 본다. 10. 위 표의 건축물에는 그 부대시설인 옹벽과 절토사면을 포함하며, 건축설비, 소방 설비, 승강기설비 및 전기설비는 포함하지 않는다. 11. 건축물의 연면적은 지하층을 포함한 동별로 계산한다. 다만, 2동 이상의 건축물 이 하나의 구조로 연결된 경우와 둘 이상의 지하도상가가 연속되어 있는 경우에는 연면적의 합계로 한다. 12. 건축물의 층수에는 필로티나 그 밖에 이와 비슷한 구조로 된 층을 포함한다. 13. “건축물”은 「건축법 시행령」 별표 1에서 정한 용도별 분류를 따른다. 14. “운수시설 중 여객용 시설”이란 「건축법 시행령」 별표 1 제8호의 운수시설 중 여객자동차터미널, 일반철도역사, 공항청사, 항만여객터미널을 말한다. 15. “철도 역 시설”이란 「철도의 건설 및 철도시설 유지관리에 관한 법률」 제2조 제6호가목의 역 시설(물류시설은 제외한다)을 말한다. 다만, 선하역사(시설이 선로 아래 설치되는 역사를 말한다)의 선로구간은 연속되는 교량시설물에 포함하고, 지 하역사의 선로구간은 연속되는 터널시설물에 포함한다. 16. 하천시설물이 행정구역 경계에 있는 경우 상위 행정구역에 위치한 것으로 한다. 17. “포용조수량”이란 최고 만조(滿潮) 시 간척지에 유입될 조수(潮水)의 양을 말한 다. 18. “방조제”란 「공유수면 관리 및 매립에 관한 법률」 제37조, 「농어촌정비법」 제2조제6호, 「방조제 관리법」 제2조제1호 및 「산업입지 및 개발에 관한 법률」 제20조제1항에 따라 설치한 방조제를 말한다. 19. 하천의 “통관”이란 제방을 관통하여 설치한 원형 단면의 문짝을 가진 구조물을 말한다. 20. 하천의 “다기능 보”란 용수 확보, 소수력 발전이나 도로(하천을 횡단하는 것으로 한정한다) 등 두 가지 이상의 기능을 갖는 보를 말한다. 21. 위 표 제7호의 상하수도의 광역상수도, 공업용수도 및 지방상수도에는 수원지시 설, 도수관로ㆍ송수관로(터널을 포함한다) 및 취수시설을 포함하고, 정수장, 취수 ㆍ가압펌프장, 배수지, 배수관로 및 급수시설은 제외한다."
