from_table_id,to_logical_row_id,rel,logical_row_index
tbl_00383e4227ac,lrow_608d4973cb7d,TABLE_CONTAINS_LOGICAL_ROW,2222
tbl_00383e4227ac,lrow_9d27b5863157,TABLE_CONTAINS_LOGICAL_ROW,2223
tbl_00383e4227ac,lrow_aec9d377ac1d,TABLE_CONTAINS_LOGICAL_ROW,2224
tbl_00383e4227ac,lrow_7aa6bb4f9bee,TABLE_CONTAINS_LOGICAL_ROW,2225
tbl_00383e4227ac,lrow_5ea1eb75668a,TABLE_CONTAINS_LOGICAL_ROW,2226
tbl_0049ba4552bc,lrow_c9913fe415c2,TABLE_CONTAINS_LOGICAL_ROW,2227
tbl_0049ba4552bc,lrow_fdb7ccabaf75,TABLE_CONTAINS_LOGICAL_ROW,2228
tbl_0049ba4552bc,lrow_fba5e47e55e0,TABLE_CONTAINS_LOGICAL_ROW,2229
tbl_0049ba4552bc,lrow_fbb481c94aa2,TABLE_CONTAINS_LOGICAL_ROW,2230
tbl_0049ba4552bc,lrow_31f02277f4e0,TABLE_CONTAINS_LOGICAL_ROW,2231
tbl_0049ba4552bc,lrow_888e6f58e8f8,TABLE_CONTAINS_LOGICAL_ROW,2232
tbl_0049ba4552bc,lrow_92678bb3c661,TABLE_CONTAINS_LOGICAL_ROW,2233
tbl_01fecb25555c,lrow_9debde309a34,TABLE_CONTAINS_LOGICAL_ROW,2234
tbl_01fecb25555c,lrow_c04c3b832a03,TABLE_CONTAINS_LOGICAL_ROW,2235
tbl_01fecb25555c,lrow_81346528a6dd,TABLE_CONTAINS_LOGICAL_ROW,2236
tbl_01fecb25555c,lrow_9bd2cb319cd7,TABLE_CONTAINS_LOGICAL_ROW,2237
tbl_01fecb25555c,lrow_5d8e5ac7cca3,TABLE_CONTAINS_LOGICAL_ROW,2238
tbl_01fecb25555c,lrow_a35c0a797c45,TABLE_CONTAINS_LOGICAL_ROW,2239
tbl_01fecb25555c,lrow_0fdbda8e0a16,TABLE_CONTAINS_LOGICAL_ROW,2240
tbl_01fecb25555c,lrow_e541068e448c,TABLE_CONTAINS_LOGICAL_ROW,2241
tbl_01fecb25555c,lrow_231c03f809db,TABLE_CONTAINS_LOGICAL_ROW,2242
tbl_01fecb25555c,lrow_10d4e88d04b6,TABLE_CONTAINS_LOGICAL_ROW,2243
tbl_01fecb25555c,lrow_4b6c3c2c7e1c,TABLE_CONTAINS_LOGICAL_ROW,2244
tbl_01fecb25555c,lrow_e5df38394861,TABLE_CONTAINS_LOGICAL_ROW,2245
tbl_01fecb25555c,lrow_61ad82d4c1b2,TABLE_CONTAINS_LOGICAL_ROW,2246
tbl_01fecb25555c,lrow_54b671251833,TABLE_CONTAINS_LOGICAL_ROW,2247
tbl_01fecb25555c,lrow_0b653c072e6c,TABLE_CONTAINS_LOGICAL_ROW,2248
tbl_01fecb25555c,lrow_df3e00dd80b5,TABLE_CONTAINS_LOGICAL_ROW,2249
tbl_01fecb25555c,lrow_38268f315387,TABLE_CONTAINS_LOGICAL_ROW,2250
tbl_01fecb25555c,lrow_345526c268f8,TABLE_CONTAINS_LOGICAL_ROW,2251
tbl_01fecb25555c,lrow_6f9eebbd00da,TABLE_CONTAINS_LOGICAL_ROW,2252
tbl_01fecb25555c,lrow_a600d56fa665,TABLE_CONTAINS_LOGICAL_ROW,2253
tbl_01fecb25555c,lrow_ee8dc0d4e607,TABLE_CONTAINS_LOGICAL_ROW,2254
tbl_01fecb25555c,lrow_d0d593918251,TABLE_CONTAINS_LOGICAL_ROW,2255
tbl_01fecb25555c,lrow_12994d52877f,TABLE_CONTAINS_LOGICAL_ROW,2256
tbl_01fecb25555c,lrow_22fc5c12b0eb,TABLE_CONTAINS_LOGICAL_ROW,2257
tbl_01fecb25555c,lrow_2a245d2e0d02,TABLE_CONTAINS_LOGICAL_ROW,2258
tbl_01fecb25555c,lrow_b2144efc1650,TABLE_CONTAINS_LOGICAL_ROW,2259
tbl_01fecb25555c,lrow_ed65b24070d4,TABLE_CONTAINS_LOGICAL_ROW,2260
tbl_01fecb25555c,lrow_0849f53a2324,TABLE_CONTAINS_LOGICAL_ROW,2261
tbl_01fecb25555c,lrow_2e6e1fbe0312,TABLE_CONTAINS_LOGICAL_ROW,2262
tbl_01fecb25555c,lrow_e846538efa47,TABLE_CONTAINS_LOGICAL_ROW,2263
tbl_01fecb25555c,lrow_db11d7dccadf,TABLE_CONTAINS_LOGICAL_ROW,2264
tbl_01fecb25555c,lrow_4832e1ef4117,TABLE_CONTAINS_LOGICAL_ROW,2265
tbl_01fecb25555c,lrow_24de959e0b67,TABLE_CONTAINS_LOGICAL_ROW,2266
tbl_01fecb25555c,lrow_01e977173f8c,TABLE_CONTAINS_LOGICAL_ROW,2267
tbl_01fecb25555c,lrow_3b6ce678398b,TABLE_CONTAINS_LOGICAL_ROW,2268
tbl_01fecb25555c,lrow_bc8bb17cb13a,TABLE_CONTAINS_LOGICAL_ROW,2269
tbl_01fecb25555c,lrow_8ccadd115c48,TABLE_CONTAINS_LOGICAL_ROW,2270
tbl_01fecb25555c,lrow_00d7ecc8eec1,TABLE_CONTAINS_LOGICAL_ROW,2271
tbl_01fecb25555c,lrow_02b2709a655a,TABLE_CONTAINS_LOGICAL_ROW,2272
tbl_01fecb25555c,lrow_b9110f3753e7,TABLE_CONTAINS_LOGICAL_ROW,2273
tbl_01fecb25555c,lrow_a78d597d0fdc,TABLE_CONTAINS_LOGICAL_ROW,2274
tbl_01fecb25555c,lrow_ac28ef3c93b7,TABLE_CONTAINS_LOGICAL_ROW,2275
tbl_01fecb25555c,lrow_bcc57a1ab992,TABLE_CONTAINS_LOGICAL_ROW,2276
tbl_01fecb25555c,lrow_15d3a1cfe79e,TABLE_CONTAINS_LOGICAL_ROW,2277
tbl_01fecb25555c,lrow_8719f9467eb3,TABLE_CONTAINS_LOGICAL_ROW,2278
tbl_01fecb25555c,lrow_23b67927a56d,TABLE_CONTAINS_LOGICAL_ROW,2279
tbl_01fecb25555c,lrow_3a86926d1f09,TABLE_CONTAINS_LOGICAL_ROW,2280
tbl_01fecb25555c,lrow_c6ef902a07a2,TABLE_CONTAINS_LOGICAL_ROW,2281
tbl_01fecb25555c,lrow_4c4b2c1e6c3e,TABLE_CONTAINS_LOGICAL_ROW,2282
tbl_01fecb25555c,lrow_0a39552b19e5,TABLE_CONTAINS_LOGICAL_ROW,2283
tbl_01fecb25555c,lrow_e458b71ba771,TABLE_CONTAINS_LOGICAL_ROW,2284
tbl_01fecb25555c,lrow_780acaa03082,TABLE_CONTAINS_LOGICAL_ROW,2285
tbl_01fecb25555c,lrow_103ed711b9d7,TABLE_CONTAINS_LOGICAL_ROW,2286
tbl_01fecb25555c,lrow_81d8bb22797a,TABLE_CONTAINS_LOGICAL_ROW,2287
tbl_01fecb25555c,lrow_5ec5d1fb9f79,TABLE_CONTAINS_LOGICAL_ROW,2288
tbl_01fecb25555c,lrow_d194af93e2e1,TABLE_CONTAINS_LOGICAL_ROW,2289
tbl_01fecb25555c,lrow_dfcca02aaa56,TABLE_CONTAINS_LOGICAL_ROW,2290
tbl_01fecb25555c,lrow_694c9fe227a3,TABLE_CONTAINS_LOGICAL_ROW,2291
tbl_01fecb25555c,lrow_02736cdb004f,TABLE_CONTAINS_LOGICAL_ROW,2292
tbl_01fecb25555c,lrow_d6f09ebad7a3,TABLE_CONTAINS_LOGICAL_ROW,2293
tbl_01fecb25555c,lrow_c934b9f40e78,TABLE_CONTAINS_LOGICAL_ROW,2294
tbl_01fecb25555c,lrow_30fa2eb3db1a,TABLE_CONTAINS_LOGICAL_ROW,2295
tbl_01fecb25555c,lrow_20c6656278b4,TABLE_CONTAINS_LOGICAL_ROW,2296
tbl_01fecb25555c,lrow_e0e324df2a68,TABLE_CONTAINS_LOGICAL_ROW,2297
tbl_01fecb25555c,lrow_7717fb470d90,TABLE_CONTAINS_LOGICAL_ROW,2298
tbl_01fecb25555c,lrow_da4a60b672f5,TABLE_CONTAINS_LOGICAL_ROW,2299
tbl_01fecb25555c,lrow_69bb31e595b5,TABLE_CONTAINS_LOGICAL_ROW,2300
tbl_01fecb25555c,lrow_aa8197923bc5,TABLE_CONTAINS_LOGICAL_ROW,2301
tbl_01fecb25555c,lrow_8c774600f275,TABLE_CONTAINS_LOGICAL_ROW,2302
tbl_01fecb25555c,lrow_49b363588271,TABLE_CONTAINS_LOGICAL_ROW,2303
tbl_01fecb25555c,lrow_49029d832076,TABLE_CONTAINS_LOGICAL_ROW,2304
tbl_01fecb25555c,lrow_3e10fd2ac044,TABLE_CONTAINS_LOGICAL_ROW,2305
tbl_01fecb25555c,lrow_d4970d3f7381,TABLE_CONTAINS_LOGICAL_ROW,2306
tbl_01fecb25555c,lrow_705627762f40,TABLE_CONTAINS_LOGICAL_ROW,2307
tbl_01fecb25555c,lrow_fedf314b069a,TABLE_CONTAINS_LOGICAL_ROW,2308
tbl_01fecb25555c,lrow_4a2ec4f09a98,TABLE_CONTAINS_LOGICAL_ROW,2309
tbl_01fecb25555c,lrow_9d61df554085,TABLE_CONTAINS_LOGICAL_ROW,2310
tbl_01fecb25555c,lrow_56e2371c2eec,TABLE_CONTAINS_LOGICAL_ROW,2311
tbl_01fecb25555c,lrow_84b487a99b13,TABLE_CONTAINS_LOGICAL_ROW,2312
tbl_0469f7fae96c,lrow_b9ab27545eb0,TABLE_CONTAINS_LOGICAL_ROW,2313
tbl_0469f7fae96c,lrow_ad2edaa34d81,TABLE_CONTAINS_LOGICAL_ROW,2314
tbl_0469f7fae96c,lrow_3371c071696f,TABLE_CONTAINS_LOGICAL_ROW,2315
tbl_0469f7fae96c,lrow_0c6c09f97811,TABLE_CONTAINS_LOGICAL_ROW,2316
tbl_04f9fd9a2b7f,lrow_fcc853ed3f98,TABLE_CONTAINS_LOGICAL_ROW,2317
tbl_04f9fd9a2b7f,lrow_6be23f114d47,TABLE_CONTAINS_LOGICAL_ROW,2318
tbl_059dfcbae9a8,lrow_502df7e964b6,TABLE_CONTAINS_LOGICAL_ROW,2319
tbl_05dbe70fcf71,lrow_b92f76c20b56,TABLE_CONTAINS_LOGICAL_ROW,2320
tbl_066786103d5f,lrow_8d94e4c619cc,TABLE_CONTAINS_LOGICAL_ROW,2321
tbl_066786103d5f,lrow_56cbc5ec19eb,TABLE_CONTAINS_LOGICAL_ROW,2322
tbl_066786103d5f,lrow_6566edf80e16,TABLE_CONTAINS_LOGICAL_ROW,2323
tbl_066786103d5f,lrow_de7f4e8cfb21,TABLE_CONTAINS_LOGICAL_ROW,2324
tbl_066786103d5f,lrow_31e2cbf25f9d,TABLE_CONTAINS_LOGICAL_ROW,2325
tbl_066786103d5f,lrow_2dddd7530d4f,TABLE_CONTAINS_LOGICAL_ROW,2326
tbl_066786103d5f,lrow_bdd07073674a,TABLE_CONTAINS_LOGICAL_ROW,2327
tbl_066786103d5f,lrow_48ca646dba0b,TABLE_CONTAINS_LOGICAL_ROW,2328
tbl_066786103d5f,lrow_c514dcd7c668,TABLE_CONTAINS_LOGICAL_ROW,2329
tbl_066786103d5f,lrow_3e587e1ba818,TABLE_CONTAINS_LOGICAL_ROW,2330
tbl_066786103d5f,lrow_54eafca84bc8,TABLE_CONTAINS_LOGICAL_ROW,2331
tbl_066786103d5f,lrow_a5977622af0d,TABLE_CONTAINS_LOGICAL_ROW,2332
tbl_066786103d5f,lrow_989bc920161d,TABLE_CONTAINS_LOGICAL_ROW,2333
tbl_066786103d5f,lrow_8743793dc12b,TABLE_CONTAINS_LOGICAL_ROW,2334
tbl_066786103d5f,lrow_0ce8e510de00,TABLE_CONTAINS_LOGICAL_ROW,2335
tbl_066786103d5f,lrow_e803b5e4ae55,TABLE_CONTAINS_LOGICAL_ROW,2336
tbl_066786103d5f,lrow_f134b9778b47,TABLE_CONTAINS_LOGICAL_ROW,2337
tbl_066786103d5f,lrow_089c397cfd3f,TABLE_CONTAINS_LOGICAL_ROW,2338
tbl_066786103d5f,lrow_8f0fc8491fbd,TABLE_CONTAINS_LOGICAL_ROW,2339
tbl_066786103d5f,lrow_0a491f0b4222,TABLE_CONTAINS_LOGICAL_ROW,2340
tbl_066786103d5f,lrow_1c86b3e20127,TABLE_CONTAINS_LOGICAL_ROW,2341
tbl_066786103d5f,lrow_8fd68446e558,TABLE_CONTAINS_LOGICAL_ROW,2342
tbl_066786103d5f,lrow_699623a269a3,TABLE_CONTAINS_LOGICAL_ROW,2343
tbl_066786103d5f,lrow_8f75bf088aa5,TABLE_CONTAINS_LOGICAL_ROW,2344
tbl_066786103d5f,lrow_dc72672e5928,TABLE_CONTAINS_LOGICAL_ROW,2345
tbl_066786103d5f,lrow_a851c0c65ec1,TABLE_CONTAINS_LOGICAL_ROW,2346
tbl_066786103d5f,lrow_47bf17ab8ce7,TABLE_CONTAINS_LOGICAL_ROW,2347
tbl_066786103d5f,lrow_49d661fd5948,TABLE_CONTAINS_LOGICAL_ROW,2348
tbl_066786103d5f,lrow_a01d5b8e2861,TABLE_CONTAINS_LOGICAL_ROW,2349
tbl_066786103d5f,lrow_d4fb9679a96e,TABLE_CONTAINS_LOGICAL_ROW,2350
tbl_066786103d5f,lrow_1fa0b6c805c7,TABLE_CONTAINS_LOGICAL_ROW,2351
tbl_066786103d5f,lrow_5bf8dc871d9b,TABLE_CONTAINS_LOGICAL_ROW,2352
tbl_066786103d5f,lrow_d3ee25f567fd,TABLE_CONTAINS_LOGICAL_ROW,2353
tbl_066786103d5f,lrow_2b12012b9fb1,TABLE_CONTAINS_LOGICAL_ROW,2354
tbl_066786103d5f,lrow_7050d85ac09d,TABLE_CONTAINS_LOGICAL_ROW,2355
tbl_066786103d5f,lrow_ef50484dfb33,TABLE_CONTAINS_LOGICAL_ROW,2356
tbl_066786103d5f,lrow_4429ca754ee4,TABLE_CONTAINS_LOGICAL_ROW,2357
tbl_066786103d5f,lrow_7f2cf952f046,TABLE_CONTAINS_LOGICAL_ROW,2358
tbl_066786103d5f,lrow_84b06ca62e9d,TABLE_CONTAINS_LOGICAL_ROW,2359
tbl_066786103d5f,lrow_b5717aa2c59d,TABLE_CONTAINS_LOGICAL_ROW,2360
tbl_066786103d5f,lrow_f61a5c3a979d,TABLE_CONTAINS_LOGICAL_ROW,2361
tbl_066786103d5f,lrow_6d9acc2a2d3c,TABLE_CONTAINS_LOGICAL_ROW,2362
tbl_066786103d5f,lrow_374be9448805,TABLE_CONTAINS_LOGICAL_ROW,2363
tbl_066786103d5f,lrow_4f9049bf6381,TABLE_CONTAINS_LOGICAL_ROW,2364
tbl_066786103d5f,lrow_c6b2dc8283fe,TABLE_CONTAINS_LOGICAL_ROW,2365
tbl_066786103d5f,lrow_8e07b07b9e87,TABLE_CONTAINS_LOGICAL_ROW,2366
tbl_066786103d5f,lrow_7790d0a78859,TABLE_CONTAINS_LOGICAL_ROW,2367
tbl_066786103d5f,lrow_1a30d2d5cc0b,TABLE_CONTAINS_LOGICAL_ROW,2368
tbl_066786103d5f,lrow_63821725b79d,TABLE_CONTAINS_LOGICAL_ROW,2369
tbl_066786103d5f,lrow_08a66d7b0157,TABLE_CONTAINS_LOGICAL_ROW,2370
tbl_066786103d5f,lrow_4d95347883db,TABLE_CONTAINS_LOGICAL_ROW,2371
tbl_066786103d5f,lrow_c3a5ba211bc8,TABLE_CONTAINS_LOGICAL_ROW,2372
tbl_066786103d5f,lrow_206ce07b9156,TABLE_CONTAINS_LOGICAL_ROW,2373
tbl_066786103d5f,lrow_472a053dae9d,TABLE_CONTAINS_LOGICAL_ROW,2374
tbl_066786103d5f,lrow_4493d78a98d8,TABLE_CONTAINS_LOGICAL_ROW,2375
tbl_066786103d5f,lrow_bc53331c52e2,TABLE_CONTAINS_LOGICAL_ROW,2376
tbl_066786103d5f,lrow_a4f1c72b8561,TABLE_CONTAINS_LOGICAL_ROW,2377
tbl_066786103d5f,lrow_ccf9d34b0954,TABLE_CONTAINS_LOGICAL_ROW,2378
tbl_066786103d5f,lrow_ecd20cd6da36,TABLE_CONTAINS_LOGICAL_ROW,2379
tbl_066786103d5f,lrow_61bc1ff727bf,TABLE_CONTAINS_LOGICAL_ROW,2380
tbl_066786103d5f,lrow_0b5c7ae08520,TABLE_CONTAINS_LOGICAL_ROW,2381
tbl_066786103d5f,lrow_491643d6f3ba,TABLE_CONTAINS_LOGICAL_ROW,2382
tbl_066786103d5f,lrow_1350e998a553,TABLE_CONTAINS_LOGICAL_ROW,2383
tbl_066786103d5f,lrow_a1dcca80e93c,TABLE_CONTAINS_LOGICAL_ROW,2384
tbl_066786103d5f,lrow_2e447d4ca864,TABLE_CONTAINS_LOGICAL_ROW,2385
tbl_066786103d5f,lrow_2f5db1f6f4f9,TABLE_CONTAINS_LOGICAL_ROW,2386
tbl_066786103d5f,lrow_83a6b1050420,TABLE_CONTAINS_LOGICAL_ROW,2387
tbl_066786103d5f,lrow_9a43b74c316e,TABLE_CONTAINS_LOGICAL_ROW,2388
tbl_066786103d5f,lrow_963372493126,TABLE_CONTAINS_LOGICAL_ROW,2389
tbl_066786103d5f,lrow_07a6547a865a,TABLE_CONTAINS_LOGICAL_ROW,2390
tbl_066786103d5f,lrow_50580fc8859f,TABLE_CONTAINS_LOGICAL_ROW,2391
tbl_066786103d5f,lrow_5585839a383a,TABLE_CONTAINS_LOGICAL_ROW,2392
tbl_066786103d5f,lrow_b898252393ec,TABLE_CONTAINS_LOGICAL_ROW,2393
tbl_066786103d5f,lrow_b6ecfaf07d8e,TABLE_CONTAINS_LOGICAL_ROW,2394
tbl_066786103d5f,lrow_afa5d84ccecf,TABLE_CONTAINS_LOGICAL_ROW,2395
tbl_066786103d5f,lrow_fa870b19eab8,TABLE_CONTAINS_LOGICAL_ROW,2396
tbl_066786103d5f,lrow_def70643871c,TABLE_CONTAINS_LOGICAL_ROW,2397
tbl_066786103d5f,lrow_3fff6ddfeeaa,TABLE_CONTAINS_LOGICAL_ROW,2398
tbl_066786103d5f,lrow_762aa093b9a7,TABLE_CONTAINS_LOGICAL_ROW,2399
tbl_066786103d5f,lrow_103f1986d779,TABLE_CONTAINS_LOGICAL_ROW,2400
tbl_066786103d5f,lrow_3843df57746f,TABLE_CONTAINS_LOGICAL_ROW,2401
tbl_066786103d5f,lrow_394e872d80d0,TABLE_CONTAINS_LOGICAL_ROW,2402
tbl_066786103d5f,lrow_843434a4157d,TABLE_CONTAINS_LOGICAL_ROW,2403
tbl_066786103d5f,lrow_fbd9102eee88,TABLE_CONTAINS_LOGICAL_ROW,2404
tbl_066786103d5f,lrow_b21b5d1793c8,TABLE_CONTAINS_LOGICAL_ROW,2405
tbl_066786103d5f,lrow_046680fd2c72,TABLE_CONTAINS_LOGICAL_ROW,2406
tbl_066786103d5f,lrow_a8a0bb599a70,TABLE_CONTAINS_LOGICAL_ROW,2407
tbl_066786103d5f,lrow_052743583c81,TABLE_CONTAINS_LOGICAL_ROW,2408
tbl_066786103d5f,lrow_efe662b5ea5e,TABLE_CONTAINS_LOGICAL_ROW,2409
tbl_066786103d5f,lrow_2281a1f0ea69,TABLE_CONTAINS_LOGICAL_ROW,2410
tbl_066786103d5f,lrow_1da64b6d84d3,TABLE_CONTAINS_LOGICAL_ROW,2411
tbl_066786103d5f,lrow_5cdba4af8d7e,TABLE_CONTAINS_LOGICAL_ROW,2412
tbl_066786103d5f,lrow_321ba1144d26,TABLE_CONTAINS_LOGICAL_ROW,2413
tbl_066786103d5f,lrow_b99cb1eeb276,TABLE_CONTAINS_LOGICAL_ROW,2414
tbl_066786103d5f,lrow_890a28b1754d,TABLE_CONTAINS_LOGICAL_ROW,2415
tbl_066786103d5f,lrow_631573f369f2,TABLE_CONTAINS_LOGICAL_ROW,2416
tbl_066786103d5f,lrow_8feb1ee427ac,TABLE_CONTAINS_LOGICAL_ROW,2417
tbl_066786103d5f,lrow_0f428d631a62,TABLE_CONTAINS_LOGICAL_ROW,2418
tbl_066786103d5f,lrow_9aa03b203754,TABLE_CONTAINS_LOGICAL_ROW,2419
tbl_066786103d5f,lrow_dbe0fbfac140,TABLE_CONTAINS_LOGICAL_ROW,2420
tbl_066786103d5f,lrow_2ae9c131b415,TABLE_CONTAINS_LOGICAL_ROW,2421
tbl_066786103d5f,lrow_03cadedcb95c,TABLE_CONTAINS_LOGICAL_ROW,2422
tbl_066786103d5f,lrow_637013430699,TABLE_CONTAINS_LOGICAL_ROW,2423
tbl_066786103d5f,lrow_c8f52775025d,TABLE_CONTAINS_LOGICAL_ROW,2424
tbl_066786103d5f,lrow_0b89e95ce18c,TABLE_CONTAINS_LOGICAL_ROW,2425
tbl_066786103d5f,lrow_fdfad2f6987e,TABLE_CONTAINS_LOGICAL_ROW,2426
tbl_066786103d5f,lrow_8819cf76fcc5,TABLE_CONTAINS_LOGICAL_ROW,2427
tbl_066786103d5f,lrow_61de5166dfdf,TABLE_CONTAINS_LOGICAL_ROW,2428
tbl_066786103d5f,lrow_b75f657899c1,TABLE_CONTAINS_LOGICAL_ROW,2429
tbl_066786103d5f,lrow_e1d1a3a8d06a,TABLE_CONTAINS_LOGICAL_ROW,2430
tbl_066786103d5f,lrow_b8005909ad80,TABLE_CONTAINS_LOGICAL_ROW,2431
tbl_066786103d5f,lrow_de16c20bcfec,TABLE_CONTAINS_LOGICAL_ROW,2432
tbl_066786103d5f,lrow_29dc37c4fbdf,TABLE_CONTAINS_LOGICAL_ROW,2433
tbl_066786103d5f,lrow_c949db3dbb7a,TABLE_CONTAINS_LOGICAL_ROW,2434
tbl_066786103d5f,lrow_2b16081e4dcf,TABLE_CONTAINS_LOGICAL_ROW,2435
tbl_066786103d5f,lrow_57276fc58d22,TABLE_CONTAINS_LOGICAL_ROW,2436
tbl_066786103d5f,lrow_d1efa617e5ce,TABLE_CONTAINS_LOGICAL_ROW,2437
tbl_066786103d5f,lrow_204b611d8251,TABLE_CONTAINS_LOGICAL_ROW,2438
tbl_066786103d5f,lrow_8a685896accb,TABLE_CONTAINS_LOGICAL_ROW,2439
tbl_066786103d5f,lrow_c8e5bd258a93,TABLE_CONTAINS_LOGICAL_ROW,2440
tbl_066786103d5f,lrow_987a1f86503d,TABLE_CONTAINS_LOGICAL_ROW,2441
tbl_066786103d5f,lrow_9d8ce03c0c06,TABLE_CONTAINS_LOGICAL_ROW,2442
tbl_066786103d5f,lrow_7727cbaa5555,TABLE_CONTAINS_LOGICAL_ROW,2443
tbl_066786103d5f,lrow_18231d7fdebe,TABLE_CONTAINS_LOGICAL_ROW,2444
tbl_066786103d5f,lrow_bffb43651109,TABLE_CONTAINS_LOGICAL_ROW,2445
tbl_066786103d5f,lrow_9a49ece479cf,TABLE_CONTAINS_LOGICAL_ROW,2446
tbl_066786103d5f,lrow_089e4f252746,TABLE_CONTAINS_LOGICAL_ROW,2447
tbl_06f397006296,lrow_ef2cb4f67db3,TABLE_CONTAINS_LOGICAL_ROW,2448
tbl_07566947958f,lrow_d532c1d179ad,TABLE_CONTAINS_LOGICAL_ROW,2449
tbl_07566947958f,lrow_4e2455c619c1,TABLE_CONTAINS_LOGICAL_ROW,2450
tbl_07b421ab09e0,lrow_49a1b6a8a5fc,TABLE_CONTAINS_LOGICAL_ROW,2451
tbl_07b421ab09e0,lrow_838d7fdc2ab2,TABLE_CONTAINS_LOGICAL_ROW,2452
tbl_07ba9c7736f0,lrow_379df968717b,TABLE_CONTAINS_LOGICAL_ROW,2453
tbl_07ba9c7736f0,lrow_afa3d58d909b,TABLE_CONTAINS_LOGICAL_ROW,2454
tbl_07c6ce186679,lrow_3dbbffb4476d,TABLE_CONTAINS_LOGICAL_ROW,2455
tbl_07c6ce186679,lrow_b8519f27d9dc,TABLE_CONTAINS_LOGICAL_ROW,2456
tbl_07de653981e9,lrow_229bf4489e0d,TABLE_CONTAINS_LOGICAL_ROW,2457
tbl_07de653981e9,lrow_9dc8357f0752,TABLE_CONTAINS_LOGICAL_ROW,2458
tbl_07de653981e9,lrow_2d7b91e99386,TABLE_CONTAINS_LOGICAL_ROW,2459
tbl_07de653981e9,lrow_b8e5ba6f63f2,TABLE_CONTAINS_LOGICAL_ROW,2460
tbl_07de653981e9,lrow_3bd94b824748,TABLE_CONTAINS_LOGICAL_ROW,2461
tbl_07de653981e9,lrow_c4c4457964f7,TABLE_CONTAINS_LOGICAL_ROW,2462
tbl_07de653981e9,lrow_21d8673c8c7b,TABLE_CONTAINS_LOGICAL_ROW,2463
tbl_07de653981e9,lrow_0250a0081ed4,TABLE_CONTAINS_LOGICAL_ROW,2464
tbl_07de653981e9,lrow_39c5a8f74a38,TABLE_CONTAINS_LOGICAL_ROW,2465
tbl_07de653981e9,lrow_9c930402c7bd,TABLE_CONTAINS_LOGICAL_ROW,2466
tbl_07de653981e9,lrow_61e09d1b3e10,TABLE_CONTAINS_LOGICAL_ROW,2467
tbl_07de653981e9,lrow_bfa5e0d9bc70,TABLE_CONTAINS_LOGICAL_ROW,2468
tbl_07de653981e9,lrow_da3d36a9f05b,TABLE_CONTAINS_LOGICAL_ROW,2469
tbl_07de653981e9,lrow_4bd8b09beb6a,TABLE_CONTAINS_LOGICAL_ROW,2470
tbl_07de677d9e8b,lrow_88fb651f232f,TABLE_CONTAINS_LOGICAL_ROW,2471
tbl_07de677d9e8b,lrow_2c555322cf9a,TABLE_CONTAINS_LOGICAL_ROW,2472
tbl_07de677d9e8b,lrow_ab9ca122bd0d,TABLE_CONTAINS_LOGICAL_ROW,2473
tbl_07de677d9e8b,lrow_be06a40f0309,TABLE_CONTAINS_LOGICAL_ROW,2474
tbl_07de677d9e8b,lrow_1a8a646f7706,TABLE_CONTAINS_LOGICAL_ROW,2475
tbl_07de677d9e8b,lrow_230810a5affa,TABLE_CONTAINS_LOGICAL_ROW,2476
tbl_07de677d9e8b,lrow_778b499582e7,TABLE_CONTAINS_LOGICAL_ROW,2477
tbl_07de677d9e8b,lrow_5795c9e931c9,TABLE_CONTAINS_LOGICAL_ROW,2478
tbl_07de677d9e8b,lrow_5795dbf0fb69,TABLE_CONTAINS_LOGICAL_ROW,2479
tbl_07de677d9e8b,lrow_c261ab626f67,TABLE_CONTAINS_LOGICAL_ROW,2480
tbl_07de677d9e8b,lrow_a0d44840d280,TABLE_CONTAINS_LOGICAL_ROW,2481
tbl_07de677d9e8b,lrow_0b17f2f05d4d,TABLE_CONTAINS_LOGICAL_ROW,2482
tbl_07de677d9e8b,lrow_4a27b545d4cb,TABLE_CONTAINS_LOGICAL_ROW,2483
tbl_07de677d9e8b,lrow_8a851100b8f3,TABLE_CONTAINS_LOGICAL_ROW,2484
tbl_07de677d9e8b,lrow_73e94b153982,TABLE_CONTAINS_LOGICAL_ROW,2485
tbl_07de677d9e8b,lrow_9e591ade8eff,TABLE_CONTAINS_LOGICAL_ROW,2486
tbl_07de677d9e8b,lrow_c6c36d707675,TABLE_CONTAINS_LOGICAL_ROW,2487
tbl_07de677d9e8b,lrow_189c5117f225,TABLE_CONTAINS_LOGICAL_ROW,2488
tbl_07de677d9e8b,lrow_99eaf8458c3f,TABLE_CONTAINS_LOGICAL_ROW,2489
tbl_07de677d9e8b,lrow_40dd2c83c3a2,TABLE_CONTAINS_LOGICAL_ROW,2490
tbl_07de677d9e8b,lrow_300bde385705,TABLE_CONTAINS_LOGICAL_ROW,2491
tbl_07de677d9e8b,lrow_26a0299eff2b,TABLE_CONTAINS_LOGICAL_ROW,2492
tbl_07de677d9e8b,lrow_061b6547567d,TABLE_CONTAINS_LOGICAL_ROW,2493
tbl_07de677d9e8b,lrow_73dc92611fb7,TABLE_CONTAINS_LOGICAL_ROW,2494
tbl_07de677d9e8b,lrow_db61a914c2a8,TABLE_CONTAINS_LOGICAL_ROW,2495
tbl_07de677d9e8b,lrow_42535f54b297,TABLE_CONTAINS_LOGICAL_ROW,2496
tbl_07de677d9e8b,lrow_6baa4aeb26f6,TABLE_CONTAINS_LOGICAL_ROW,2497
tbl_07de677d9e8b,lrow_3294c5bd7846,TABLE_CONTAINS_LOGICAL_ROW,2498
tbl_07de677d9e8b,lrow_f69f25047406,TABLE_CONTAINS_LOGICAL_ROW,2499
tbl_07de677d9e8b,lrow_7c39c9c0e7c1,TABLE_CONTAINS_LOGICAL_ROW,2500
tbl_07de677d9e8b,lrow_ea45a5754122,TABLE_CONTAINS_LOGICAL_ROW,2501
tbl_07de677d9e8b,lrow_c26a4fb694d7,TABLE_CONTAINS_LOGICAL_ROW,2502
tbl_07de677d9e8b,lrow_a0361ec4817d,TABLE_CONTAINS_LOGICAL_ROW,2503
tbl_07de677d9e8b,lrow_9bbb28562fa4,TABLE_CONTAINS_LOGICAL_ROW,2504
tbl_07de677d9e8b,lrow_a29f0fb287cf,TABLE_CONTAINS_LOGICAL_ROW,2505
tbl_07de677d9e8b,lrow_6dfef93d8b73,TABLE_CONTAINS_LOGICAL_ROW,2506
tbl_07de677d9e8b,lrow_f643c585d070,TABLE_CONTAINS_LOGICAL_ROW,2507
tbl_07de677d9e8b,lrow_ec46e897cb87,TABLE_CONTAINS_LOGICAL_ROW,2508
tbl_07de677d9e8b,lrow_0b56b2209233,TABLE_CONTAINS_LOGICAL_ROW,2509
tbl_07de677d9e8b,lrow_ac79087369c9,TABLE_CONTAINS_LOGICAL_ROW,2510
tbl_07de677d9e8b,lrow_ad88c530a303,TABLE_CONTAINS_LOGICAL_ROW,2511
tbl_07de677d9e8b,lrow_b0a909ba993c,TABLE_CONTAINS_LOGICAL_ROW,2512
tbl_07de677d9e8b,lrow_ff0d612f4818,TABLE_CONTAINS_LOGICAL_ROW,2513
tbl_07de677d9e8b,lrow_72735076736c,TABLE_CONTAINS_LOGICAL_ROW,2514
tbl_07de677d9e8b,lrow_9382514c9f69,TABLE_CONTAINS_LOGICAL_ROW,2515
tbl_07de677d9e8b,lrow_9660d0476efa,TABLE_CONTAINS_LOGICAL_ROW,2516
tbl_07de677d9e8b,lrow_079fb608c62d,TABLE_CONTAINS_LOGICAL_ROW,2517
tbl_07de677d9e8b,lrow_e7618b7b66d1,TABLE_CONTAINS_LOGICAL_ROW,2518
tbl_07de677d9e8b,lrow_d9f5aaed49ba,TABLE_CONTAINS_LOGICAL_ROW,2519
tbl_07de677d9e8b,lrow_692e5fa0f8eb,TABLE_CONTAINS_LOGICAL_ROW,2520
tbl_07de677d9e8b,lrow_4564e9efcc88,TABLE_CONTAINS_LOGICAL_ROW,2521
tbl_07de677d9e8b,lrow_580d82734a83,TABLE_CONTAINS_LOGICAL_ROW,2522
tbl_07de677d9e8b,lrow_ec199f7c2209,TABLE_CONTAINS_LOGICAL_ROW,2523
tbl_07de677d9e8b,lrow_f1e2ee42cd76,TABLE_CONTAINS_LOGICAL_ROW,2524
tbl_07de677d9e8b,lrow_d207ea5a506d,TABLE_CONTAINS_LOGICAL_ROW,2525
tbl_07de677d9e8b,lrow_a7897f7dbd76,TABLE_CONTAINS_LOGICAL_ROW,2526
tbl_07de677d9e8b,lrow_0934cb1741c5,TABLE_CONTAINS_LOGICAL_ROW,2527
tbl_07de677d9e8b,lrow_1c1d335ff704,TABLE_CONTAINS_LOGICAL_ROW,2528
tbl_07de677d9e8b,lrow_2de942e46eb6,TABLE_CONTAINS_LOGICAL_ROW,2529
tbl_07de677d9e8b,lrow_c757ba5dd44a,TABLE_CONTAINS_LOGICAL_ROW,2530
tbl_07de677d9e8b,lrow_062b0b2b9e3b,TABLE_CONTAINS_LOGICAL_ROW,2531
tbl_07de677d9e8b,lrow_9c486e418082,TABLE_CONTAINS_LOGICAL_ROW,2532
tbl_07de677d9e8b,lrow_79498f99b7f9,TABLE_CONTAINS_LOGICAL_ROW,2533
tbl_07de677d9e8b,lrow_2abf66656a97,TABLE_CONTAINS_LOGICAL_ROW,2534
tbl_07de677d9e8b,lrow_05146b691972,TABLE_CONTAINS_LOGICAL_ROW,2535
tbl_07de677d9e8b,lrow_b3fa06ffdf78,TABLE_CONTAINS_LOGICAL_ROW,2536
tbl_07de677d9e8b,lrow_4efe9930460b,TABLE_CONTAINS_LOGICAL_ROW,2537
tbl_07de677d9e8b,lrow_0288118c7472,TABLE_CONTAINS_LOGICAL_ROW,2538
tbl_07de677d9e8b,lrow_d9a5408d8146,TABLE_CONTAINS_LOGICAL_ROW,2539
tbl_07de677d9e8b,lrow_677d0ec7baf6,TABLE_CONTAINS_LOGICAL_ROW,2540
tbl_08731abc4bba,lrow_5d870535d27f,TABLE_CONTAINS_LOGICAL_ROW,2541
tbl_08731abc4bba,lrow_2a86741eeef9,TABLE_CONTAINS_LOGICAL_ROW,2542
tbl_08731abc4bba,lrow_7664276272e8,TABLE_CONTAINS_LOGICAL_ROW,2543
tbl_0900bc05438f,lrow_e464bfed76ab,TABLE_CONTAINS_LOGICAL_ROW,2544
tbl_0900bc05438f,lrow_52834a78570e,TABLE_CONTAINS_LOGICAL_ROW,2545
tbl_0913441dfed2,lrow_2dcff4cf8170,TABLE_CONTAINS_LOGICAL_ROW,2546
tbl_09a1a50db28c,lrow_9ebdf94db9d8,TABLE_CONTAINS_LOGICAL_ROW,2547
tbl_09a1a50db28c,lrow_9ff7d66ec54e,TABLE_CONTAINS_LOGICAL_ROW,2548
tbl_09a1a50db28c,lrow_15347cd141bf,TABLE_CONTAINS_LOGICAL_ROW,2549
tbl_09a1a50db28c,lrow_a74e4184b4c9,TABLE_CONTAINS_LOGICAL_ROW,2550
tbl_09a1a50db28c,lrow_460fa71338e4,TABLE_CONTAINS_LOGICAL_ROW,2551
tbl_09a1a50db28c,lrow_206545b4bdf9,TABLE_CONTAINS_LOGICAL_ROW,2552
tbl_09a1a50db28c,lrow_aa6aa77c9a7b,TABLE_CONTAINS_LOGICAL_ROW,2553
tbl_09a1a50db28c,lrow_5fb1b0a31da7,TABLE_CONTAINS_LOGICAL_ROW,2554
tbl_09a1a50db28c,lrow_bdd1af621d0c,TABLE_CONTAINS_LOGICAL_ROW,2555
tbl_09a1a50db28c,lrow_627b9aa99804,TABLE_CONTAINS_LOGICAL_ROW,2556
tbl_09a1a50db28c,lrow_fcd2ddb8783e,TABLE_CONTAINS_LOGICAL_ROW,2557
tbl_09a1a50db28c,lrow_39d0391485bf,TABLE_CONTAINS_LOGICAL_ROW,2558
tbl_09a1a50db28c,lrow_b993968a599f,TABLE_CONTAINS_LOGICAL_ROW,2559
tbl_09a1a50db28c,lrow_7decf2711fd5,TABLE_CONTAINS_LOGICAL_ROW,2560
tbl_09a1a50db28c,lrow_eac227f0ad2f,TABLE_CONTAINS_LOGICAL_ROW,2561
tbl_09a1a50db28c,lrow_6791296423dd,TABLE_CONTAINS_LOGICAL_ROW,2562
tbl_09a1a50db28c,lrow_3ddf227d4414,TABLE_CONTAINS_LOGICAL_ROW,2563
tbl_09a1a50db28c,lrow_2c76e48c2c42,TABLE_CONTAINS_LOGICAL_ROW,2564
tbl_09a1a50db28c,lrow_2dc8e341964a,TABLE_CONTAINS_LOGICAL_ROW,2565
tbl_09a1a50db28c,lrow_ca4736023b02,TABLE_CONTAINS_LOGICAL_ROW,2566
tbl_09a1a50db28c,lrow_b25d3af2bf2b,TABLE_CONTAINS_LOGICAL_ROW,2567
tbl_09a1a50db28c,lrow_deea27edc561,TABLE_CONTAINS_LOGICAL_ROW,2568
tbl_09a1a50db28c,lrow_5c9e5b12fbfb,TABLE_CONTAINS_LOGICAL_ROW,2569
tbl_09a1a50db28c,lrow_fa8e08c2f96e,TABLE_CONTAINS_LOGICAL_ROW,2570
tbl_09a1a50db28c,lrow_4618bbc9bd46,TABLE_CONTAINS_LOGICAL_ROW,2571
tbl_09a1a50db28c,lrow_72d542dbec06,TABLE_CONTAINS_LOGICAL_ROW,2572
tbl_09a1a50db28c,lrow_d02fd8be222d,TABLE_CONTAINS_LOGICAL_ROW,2573
tbl_09a1a50db28c,lrow_e3ed3311e38b,TABLE_CONTAINS_LOGICAL_ROW,2574
tbl_09a1a50db28c,lrow_293d5583d47a,TABLE_CONTAINS_LOGICAL_ROW,2575
tbl_09a1a50db28c,lrow_46e592fe633e,TABLE_CONTAINS_LOGICAL_ROW,2576
tbl_09a1a50db28c,lrow_3c609a0bbdc1,TABLE_CONTAINS_LOGICAL_ROW,2577
tbl_09a1a50db28c,lrow_ad182112d448,TABLE_CONTAINS_LOGICAL_ROW,2578
tbl_09a1a50db28c,lrow_eadf26121ecf,TABLE_CONTAINS_LOGICAL_ROW,2579
tbl_09a1a50db28c,lrow_8c922b65ec8e,TABLE_CONTAINS_LOGICAL_ROW,2580
tbl_09a1a50db28c,lrow_731da7032b6e,TABLE_CONTAINS_LOGICAL_ROW,2581
tbl_09a1a50db28c,lrow_832370f07249,TABLE_CONTAINS_LOGICAL_ROW,2582
tbl_09a1a50db28c,lrow_e290141e9e61,TABLE_CONTAINS_LOGICAL_ROW,2583
tbl_09a1a50db28c,lrow_af616701a642,TABLE_CONTAINS_LOGICAL_ROW,2584
tbl_09a1a50db28c,lrow_8329f81a40df,TABLE_CONTAINS_LOGICAL_ROW,2585
tbl_09a1a50db28c,lrow_1cdcd7454312,TABLE_CONTAINS_LOGICAL_ROW,2586
tbl_09a1a50db28c,lrow_7ad96e138554,TABLE_CONTAINS_LOGICAL_ROW,2587
tbl_09a1a50db28c,lrow_872d684963e9,TABLE_CONTAINS_LOGICAL_ROW,2588
tbl_09a1a50db28c,lrow_47d80371a6bd,TABLE_CONTAINS_LOGICAL_ROW,2589
tbl_09a1a50db28c,lrow_da37b0754d2b,TABLE_CONTAINS_LOGICAL_ROW,2590
tbl_09a1a50db28c,lrow_d7a2a58deb2e,TABLE_CONTAINS_LOGICAL_ROW,2591
tbl_09a1a50db28c,lrow_29a219e389d3,TABLE_CONTAINS_LOGICAL_ROW,2592
tbl_09a1a50db28c,lrow_0aac1759a40e,TABLE_CONTAINS_LOGICAL_ROW,2593
tbl_09a1a50db28c,lrow_d12a05dc4b23,TABLE_CONTAINS_LOGICAL_ROW,2594
tbl_09a1a50db28c,lrow_c1bef9021307,TABLE_CONTAINS_LOGICAL_ROW,2595
tbl_09a1a50db28c,lrow_8d01a7250185,TABLE_CONTAINS_LOGICAL_ROW,2596
tbl_09a1a50db28c,lrow_47f0583e06c2,TABLE_CONTAINS_LOGICAL_ROW,2597
tbl_09a1a50db28c,lrow_0927c6f82f94,TABLE_CONTAINS_LOGICAL_ROW,2598
tbl_09a1a50db28c,lrow_f067191d3921,TABLE_CONTAINS_LOGICAL_ROW,2599
tbl_09a1a50db28c,lrow_e6ae538a837c,TABLE_CONTAINS_LOGICAL_ROW,2600
tbl_09a1a50db28c,lrow_3b985169be80,TABLE_CONTAINS_LOGICAL_ROW,2601
tbl_09a1a50db28c,lrow_6fa8ba263ba5,TABLE_CONTAINS_LOGICAL_ROW,2602
tbl_09a1a50db28c,lrow_fd69b87a6a7e,TABLE_CONTAINS_LOGICAL_ROW,2603
tbl_09a1a50db28c,lrow_1923ecc1c64d,TABLE_CONTAINS_LOGICAL_ROW,2604
tbl_09a1a50db28c,lrow_3cce0bf8bb77,TABLE_CONTAINS_LOGICAL_ROW,2605
tbl_09a1a50db28c,lrow_1e67d3b0fdcf,TABLE_CONTAINS_LOGICAL_ROW,2606
tbl_09a1a50db28c,lrow_55a0389f6b14,TABLE_CONTAINS_LOGICAL_ROW,2607
tbl_09a1a50db28c,lrow_6d04efa3e721,TABLE_CONTAINS_LOGICAL_ROW,2608
tbl_09a1a50db28c,lrow_621258a8c22a,TABLE_CONTAINS_LOGICAL_ROW,2609
tbl_09a1a50db28c,lrow_457755f73e96,TABLE_CONTAINS_LOGICAL_ROW,2610
tbl_09a1a50db28c,lrow_5bcd091b242d,TABLE_CONTAINS_LOGICAL_ROW,2611
tbl_09a1a50db28c,lrow_a960f0c65e43,TABLE_CONTAINS_LOGICAL_ROW,2612
tbl_09a1a50db28c,lrow_1d740371e091,TABLE_CONTAINS_LOGICAL_ROW,2613
tbl_09a1a50db28c,lrow_cad8241ddcc7,TABLE_CONTAINS_LOGICAL_ROW,2614
tbl_09a1a50db28c,lrow_d1058ffd619e,TABLE_CONTAINS_LOGICAL_ROW,2615
tbl_09a1a50db28c,lrow_e0c0bb120aa2,TABLE_CONTAINS_LOGICAL_ROW,2616
tbl_09a1a50db28c,lrow_7625ed1fbc1e,TABLE_CONTAINS_LOGICAL_ROW,2617
tbl_0a5ef5d2eaed,lrow_6b8957c892b6,TABLE_CONTAINS_LOGICAL_ROW,2618
tbl_0a5ef5d2eaed,lrow_a34ea30dadc2,TABLE_CONTAINS_LOGICAL_ROW,2619
tbl_0a5ef5d2eaed,lrow_5ffca7eccf1d,TABLE_CONTAINS_LOGICAL_ROW,2620
tbl_0a6ecb8423f3,lrow_593e301ba6bf,TABLE_CONTAINS_LOGICAL_ROW,2621
tbl_0b00bdc4a210,lrow_46c124943937,TABLE_CONTAINS_LOGICAL_ROW,2622
tbl_0b80235d1a5a,lrow_2137c704d887,TABLE_CONTAINS_LOGICAL_ROW,2623
tbl_0c1ddeab4f23,lrow_33bf4f73345a,TABLE_CONTAINS_LOGICAL_ROW,2624
tbl_0c1ddeab4f23,lrow_a15511e817e8,TABLE_CONTAINS_LOGICAL_ROW,2625
tbl_0c1ddeab4f23,lrow_fac26e9d5a28,TABLE_CONTAINS_LOGICAL_ROW,2626
tbl_0c1ddeab4f23,lrow_13e1538bdea1,TABLE_CONTAINS_LOGICAL_ROW,2627
tbl_0c1ddeab4f23,lrow_68c1437f2a4b,TABLE_CONTAINS_LOGICAL_ROW,2628
tbl_0c1ddeab4f23,lrow_fae394639e53,TABLE_CONTAINS_LOGICAL_ROW,2629
tbl_0c1ddeab4f23,lrow_6986a567bdcb,TABLE_CONTAINS_LOGICAL_ROW,2630
tbl_0c1ddeab4f23,lrow_2ef086ff713c,TABLE_CONTAINS_LOGICAL_ROW,2631
tbl_0c37ae5048cc,lrow_e044036acddd,TABLE_CONTAINS_LOGICAL_ROW,2632
tbl_0c37ae5048cc,lrow_ff5c717a9fc1,TABLE_CONTAINS_LOGICAL_ROW,2633
tbl_0c37ae5048cc,lrow_f3b18532005d,TABLE_CONTAINS_LOGICAL_ROW,2634
tbl_0c37ae5048cc,lrow_d6354bb39ca7,TABLE_CONTAINS_LOGICAL_ROW,2635
tbl_0c37ae5048cc,lrow_db3be524140e,TABLE_CONTAINS_LOGICAL_ROW,2636
tbl_0c8c32891a41,lrow_398391a10af0,TABLE_CONTAINS_LOGICAL_ROW,2637
tbl_0e0c89e85913,lrow_18bdd903331b,TABLE_CONTAINS_LOGICAL_ROW,2638
tbl_0e0c89e85913,lrow_731bb5e842b5,TABLE_CONTAINS_LOGICAL_ROW,2639
tbl_0ec4b707f9d5,lrow_4a1ebb6bf916,TABLE_CONTAINS_LOGICAL_ROW,2640
tbl_0f1cce15d479,lrow_5cd6bdce61c9,TABLE_CONTAINS_LOGICAL_ROW,2641
tbl_0f66713e5ef6,lrow_ed74ba3a9fe1,TABLE_CONTAINS_LOGICAL_ROW,2642
tbl_0f66713e5ef6,lrow_8768abcd2def,TABLE_CONTAINS_LOGICAL_ROW,2643
tbl_0f66713e5ef6,lrow_ba9a81de1411,TABLE_CONTAINS_LOGICAL_ROW,2644
tbl_0f66713e5ef6,lrow_79a6ae3007e1,TABLE_CONTAINS_LOGICAL_ROW,2645
tbl_0f66713e5ef6,lrow_d96a8660fedf,TABLE_CONTAINS_LOGICAL_ROW,2646
tbl_0f66713e5ef6,lrow_4654dc8e24c5,TABLE_CONTAINS_LOGICAL_ROW,2647
tbl_0f66713e5ef6,lrow_2c103405f97e,TABLE_CONTAINS_LOGICAL_ROW,2648
tbl_0f66713e5ef6,lrow_7ce287980d0b,TABLE_CONTAINS_LOGICAL_ROW,2649
tbl_0f66713e5ef6,lrow_c32f907780f7,TABLE_CONTAINS_LOGICAL_ROW,2650
tbl_0f66713e5ef6,lrow_cf49cbe3cf5f,TABLE_CONTAINS_LOGICAL_ROW,2651
tbl_0f66713e5ef6,lrow_7e15056c572d,TABLE_CONTAINS_LOGICAL_ROW,2652
tbl_0f66713e5ef6,lrow_aa8e4661fc45,TABLE_CONTAINS_LOGICAL_ROW,2653
tbl_0f66713e5ef6,lrow_7064d6fefcfd,TABLE_CONTAINS_LOGICAL_ROW,2654
tbl_0f66713e5ef6,lrow_40e24607432b,TABLE_CONTAINS_LOGICAL_ROW,2655
tbl_0f66713e5ef6,lrow_f3e5f3950f7b,TABLE_CONTAINS_LOGICAL_ROW,2656
tbl_0f66713e5ef6,lrow_bb049b7cc75f,TABLE_CONTAINS_LOGICAL_ROW,2657
tbl_0f66713e5ef6,lrow_0f7e291ac26e,TABLE_CONTAINS_LOGICAL_ROW,2658
tbl_0f66713e5ef6,lrow_7c0c2dbd9fb6,TABLE_CONTAINS_LOGICAL_ROW,2659
tbl_0f66713e5ef6,lrow_c9242bdd1f90,TABLE_CONTAINS_LOGICAL_ROW,2660
tbl_0f66713e5ef6,lrow_c81bb7fa0c32,TABLE_CONTAINS_LOGICAL_ROW,2661
tbl_0f66713e5ef6,lrow_3838dfb57294,TABLE_CONTAINS_LOGICAL_ROW,2662
tbl_0f66713e5ef6,lrow_f609b02ff3d3,TABLE_CONTAINS_LOGICAL_ROW,2663
tbl_0f66713e5ef6,lrow_7f7350569f80,TABLE_CONTAINS_LOGICAL_ROW,2664
tbl_0f66713e5ef6,lrow_5c3e59a3670a,TABLE_CONTAINS_LOGICAL_ROW,2665
tbl_0f66713e5ef6,lrow_a07793c54b04,TABLE_CONTAINS_LOGICAL_ROW,2666
tbl_0f66713e5ef6,lrow_dd5f7de44a83,TABLE_CONTAINS_LOGICAL_ROW,2667
tbl_0f66713e5ef6,lrow_6095f86cebe2,TABLE_CONTAINS_LOGICAL_ROW,2668
tbl_0f66713e5ef6,lrow_d26204869e45,TABLE_CONTAINS_LOGICAL_ROW,2669
tbl_0f66713e5ef6,lrow_f8b5a43920cc,TABLE_CONTAINS_LOGICAL_ROW,2670
tbl_0f66713e5ef6,lrow_a717f676148e,TABLE_CONTAINS_LOGICAL_ROW,2671
tbl_0f66713e5ef6,lrow_98d357d91655,TABLE_CONTAINS_LOGICAL_ROW,2672
tbl_0f66713e5ef6,lrow_6192b869f9eb,TABLE_CONTAINS_LOGICAL_ROW,2673
tbl_0f66713e5ef6,lrow_bcc60069db92,TABLE_CONTAINS_LOGICAL_ROW,2674
tbl_0f66713e5ef6,lrow_f2c768a68975,TABLE_CONTAINS_LOGICAL_ROW,2675
tbl_0f66713e5ef6,lrow_bd1294770fac,TABLE_CONTAINS_LOGICAL_ROW,2676
tbl_0f66713e5ef6,lrow_3290741e6d34,TABLE_CONTAINS_LOGICAL_ROW,2677
tbl_0f66713e5ef6,lrow_b7f976377e65,TABLE_CONTAINS_LOGICAL_ROW,2678
tbl_0f66713e5ef6,lrow_002872fe211b,TABLE_CONTAINS_LOGICAL_ROW,2679
tbl_0f66713e5ef6,lrow_72040a2c4f7f,TABLE_CONTAINS_LOGICAL_ROW,2680
tbl_0f66713e5ef6,lrow_1cb957bae394,TABLE_CONTAINS_LOGICAL_ROW,2681
tbl_0f66713e5ef6,lrow_04c6eb8c8d48,TABLE_CONTAINS_LOGICAL_ROW,2682
tbl_0f66713e5ef6,lrow_13ca5e91cc55,TABLE_CONTAINS_LOGICAL_ROW,2683
tbl_0f66713e5ef6,lrow_f1bb47dc2f9c,TABLE_CONTAINS_LOGICAL_ROW,2684
tbl_0f66713e5ef6,lrow_8abebe918bcc,TABLE_CONTAINS_LOGICAL_ROW,2685
tbl_0f66713e5ef6,lrow_4bfdd65baa34,TABLE_CONTAINS_LOGICAL_ROW,2686
tbl_0f66713e5ef6,lrow_22d65dc03483,TABLE_CONTAINS_LOGICAL_ROW,2687
tbl_0f66713e5ef6,lrow_15a306db447d,TABLE_CONTAINS_LOGICAL_ROW,2688
tbl_0f66713e5ef6,lrow_55e2712c737c,TABLE_CONTAINS_LOGICAL_ROW,2689
tbl_0f66713e5ef6,lrow_113226549b0d,TABLE_CONTAINS_LOGICAL_ROW,2690
tbl_0f66713e5ef6,lrow_1c49980cab56,TABLE_CONTAINS_LOGICAL_ROW,2691
tbl_0f66713e5ef6,lrow_2594b1af89c4,TABLE_CONTAINS_LOGICAL_ROW,2692
tbl_0f66713e5ef6,lrow_7bd5e41da1f3,TABLE_CONTAINS_LOGICAL_ROW,2693
tbl_0f66713e5ef6,lrow_3742c9affd03,TABLE_CONTAINS_LOGICAL_ROW,2694
tbl_0f66713e5ef6,lrow_3e769453c8fa,TABLE_CONTAINS_LOGICAL_ROW,2695
tbl_0f66713e5ef6,lrow_b5f9385e07fb,TABLE_CONTAINS_LOGICAL_ROW,2696
tbl_0f66713e5ef6,lrow_03c1b14c15f7,TABLE_CONTAINS_LOGICAL_ROW,2697
tbl_0f66713e5ef6,lrow_73599b267adf,TABLE_CONTAINS_LOGICAL_ROW,2698
tbl_0f66713e5ef6,lrow_2539265e5633,TABLE_CONTAINS_LOGICAL_ROW,2699
tbl_0f66713e5ef6,lrow_4055acde3399,TABLE_CONTAINS_LOGICAL_ROW,2700
tbl_0f66713e5ef6,lrow_2b4b6210a122,TABLE_CONTAINS_LOGICAL_ROW,2701
tbl_0f66713e5ef6,lrow_66484c8d1152,TABLE_CONTAINS_LOGICAL_ROW,2702
tbl_0f66713e5ef6,lrow_1120456513f2,TABLE_CONTAINS_LOGICAL_ROW,2703
tbl_0f66713e5ef6,lrow_5c80284e97e5,TABLE_CONTAINS_LOGICAL_ROW,2704
tbl_0f66713e5ef6,lrow_e348a625bf30,TABLE_CONTAINS_LOGICAL_ROW,2705
tbl_0f66713e5ef6,lrow_031590ebd749,TABLE_CONTAINS_LOGICAL_ROW,2706
tbl_0f66713e5ef6,lrow_416d4345a75c,TABLE_CONTAINS_LOGICAL_ROW,2707
tbl_0f66713e5ef6,lrow_0bddd84dff4e,TABLE_CONTAINS_LOGICAL_ROW,2708
tbl_0f66713e5ef6,lrow_9efbaa843be5,TABLE_CONTAINS_LOGICAL_ROW,2709
tbl_0f66713e5ef6,lrow_102d492d6a4f,TABLE_CONTAINS_LOGICAL_ROW,2710
tbl_0f66713e5ef6,lrow_80c4dfec32fa,TABLE_CONTAINS_LOGICAL_ROW,2711
tbl_0f66713e5ef6,lrow_23f1f7fccab8,TABLE_CONTAINS_LOGICAL_ROW,2712
tbl_0f66713e5ef6,lrow_9b39244b56ea,TABLE_CONTAINS_LOGICAL_ROW,2713
tbl_0f66713e5ef6,lrow_2f0aadd3f693,TABLE_CONTAINS_LOGICAL_ROW,2714
tbl_0f66713e5ef6,lrow_0c499b906526,TABLE_CONTAINS_LOGICAL_ROW,2715
tbl_0f66713e5ef6,lrow_15080f20ed83,TABLE_CONTAINS_LOGICAL_ROW,2716
tbl_0f66713e5ef6,lrow_f0a54f76625a,TABLE_CONTAINS_LOGICAL_ROW,2717
tbl_0f66713e5ef6,lrow_c8f3b4d5fcc1,TABLE_CONTAINS_LOGICAL_ROW,2718
tbl_0f66713e5ef6,lrow_9a7f7ea7a9c8,TABLE_CONTAINS_LOGICAL_ROW,2719
tbl_0f66713e5ef6,lrow_1a53e54a8176,TABLE_CONTAINS_LOGICAL_ROW,2720
tbl_0f66713e5ef6,lrow_9787d3abbbdc,TABLE_CONTAINS_LOGICAL_ROW,2721
tbl_0f66713e5ef6,lrow_a5c6d18efe7b,TABLE_CONTAINS_LOGICAL_ROW,2722
tbl_0f66713e5ef6,lrow_944f084ba80b,TABLE_CONTAINS_LOGICAL_ROW,2723
tbl_0f66713e5ef6,lrow_8a964a34d035,TABLE_CONTAINS_LOGICAL_ROW,2724
tbl_0f85425cd043,lrow_4cd550f7e03e,TABLE_CONTAINS_LOGICAL_ROW,2725
tbl_0f8f18686388,lrow_a9d0a060f08f,TABLE_CONTAINS_LOGICAL_ROW,2726
tbl_0f8f18686388,lrow_597800ee8b9f,TABLE_CONTAINS_LOGICAL_ROW,2727
tbl_0f8f18686388,lrow_78af5bb5c6dd,TABLE_CONTAINS_LOGICAL_ROW,2728
tbl_0f8f18686388,lrow_527f7df4aa71,TABLE_CONTAINS_LOGICAL_ROW,2729
tbl_0f8f18686388,lrow_c5162e601000,TABLE_CONTAINS_LOGICAL_ROW,2730
tbl_0fbfd54f2a69,lrow_5785fc53c9a8,TABLE_CONTAINS_LOGICAL_ROW,2731
tbl_0fbfd54f2a69,lrow_a0f7f0facedf,TABLE_CONTAINS_LOGICAL_ROW,2732
tbl_0fd7828fcb8f,lrow_934c6cbaa220,TABLE_CONTAINS_LOGICAL_ROW,2733
tbl_103664c64bb1,lrow_ca1991f1170f,TABLE_CONTAINS_LOGICAL_ROW,2734
tbl_11894b3bdba5,lrow_290e61249811,TABLE_CONTAINS_LOGICAL_ROW,2735
tbl_11f9a687d9fd,lrow_2b08986bc2dd,TABLE_CONTAINS_LOGICAL_ROW,2736
tbl_11f9a687d9fd,lrow_8b04f76669e1,TABLE_CONTAINS_LOGICAL_ROW,2737
tbl_149abfa00ed8,lrow_65347d247763,TABLE_CONTAINS_LOGICAL_ROW,2738
tbl_149abfa00ed8,lrow_3ec1e65a00a1,TABLE_CONTAINS_LOGICAL_ROW,2739
tbl_149abfa00ed8,lrow_dfc31a7de604,TABLE_CONTAINS_LOGICAL_ROW,2740
tbl_14f663ba5ef5,lrow_7209eb391794,TABLE_CONTAINS_LOGICAL_ROW,2741
tbl_14f663ba5ef5,lrow_28c3e7f9576d,TABLE_CONTAINS_LOGICAL_ROW,2742
tbl_15142046cef4,lrow_903df9bc6af2,TABLE_CONTAINS_LOGICAL_ROW,2743
tbl_15142046cef4,lrow_356133dfcbae,TABLE_CONTAINS_LOGICAL_ROW,2744
tbl_1587d849a6fb,lrow_b179e042df28,TABLE_CONTAINS_LOGICAL_ROW,2745
tbl_1587d849a6fb,lrow_3fc5093d7e5b,TABLE_CONTAINS_LOGICAL_ROW,2746
tbl_1587d849a6fb,lrow_3895a4bb3974,TABLE_CONTAINS_LOGICAL_ROW,2747
tbl_1587d849a6fb,lrow_04ddc4ddf1dc,TABLE_CONTAINS_LOGICAL_ROW,2748
tbl_1587d849a6fb,lrow_c58008e376a1,TABLE_CONTAINS_LOGICAL_ROW,2749
tbl_1587d849a6fb,lrow_4cfca79e184d,TABLE_CONTAINS_LOGICAL_ROW,2750
tbl_1587d849a6fb,lrow_a1fca9d259e2,TABLE_CONTAINS_LOGICAL_ROW,2751
tbl_1587d849a6fb,lrow_f6493879d0f6,TABLE_CONTAINS_LOGICAL_ROW,2752
tbl_1587d849a6fb,lrow_8ad4310642b0,TABLE_CONTAINS_LOGICAL_ROW,2753
tbl_1587d849a6fb,lrow_c507ba634486,TABLE_CONTAINS_LOGICAL_ROW,2754
tbl_1587d849a6fb,lrow_5524c52f50fb,TABLE_CONTAINS_LOGICAL_ROW,2755
tbl_1587d849a6fb,lrow_baaf356ea685,TABLE_CONTAINS_LOGICAL_ROW,2756
tbl_1587d849a6fb,lrow_e4037b851617,TABLE_CONTAINS_LOGICAL_ROW,2757
tbl_1596825acb4e,lrow_7f9d0769e30d,TABLE_CONTAINS_LOGICAL_ROW,2758
tbl_1596825acb4e,lrow_38212f8aecbd,TABLE_CONTAINS_LOGICAL_ROW,2759
tbl_1672717dde3b,lrow_1d6f9f5f9a4e,TABLE_CONTAINS_LOGICAL_ROW,2760
tbl_1672717dde3b,lrow_b5cf5383beb2,TABLE_CONTAINS_LOGICAL_ROW,2761
tbl_1672717dde3b,lrow_2bb8f61eddc2,TABLE_CONTAINS_LOGICAL_ROW,2762
tbl_173e5c436357,lrow_2b23a2cd6121,TABLE_CONTAINS_LOGICAL_ROW,2763
tbl_17a2f79406ec,lrow_7650bb35d636,TABLE_CONTAINS_LOGICAL_ROW,2764
tbl_17a2f79406ec,lrow_40adf9321073,TABLE_CONTAINS_LOGICAL_ROW,2765
tbl_17a2f79406ec,lrow_d1c539325e92,TABLE_CONTAINS_LOGICAL_ROW,2766
tbl_17a2f79406ec,lrow_943b480b39bf,TABLE_CONTAINS_LOGICAL_ROW,2767
tbl_17a2f79406ec,lrow_700c4183b421,TABLE_CONTAINS_LOGICAL_ROW,2768
tbl_17a2f79406ec,lrow_601d422b032c,TABLE_CONTAINS_LOGICAL_ROW,2769
tbl_17a2f79406ec,lrow_cb20fb3d3973,TABLE_CONTAINS_LOGICAL_ROW,2770
tbl_17a2f79406ec,lrow_f91fc60f8fb2,TABLE_CONTAINS_LOGICAL_ROW,2771
tbl_17a2f79406ec,lrow_80b110fac82d,TABLE_CONTAINS_LOGICAL_ROW,2772
tbl_17a2f79406ec,lrow_ec1f32732ca8,TABLE_CONTAINS_LOGICAL_ROW,2773
tbl_17a2f79406ec,lrow_f1ecabaa7082,TABLE_CONTAINS_LOGICAL_ROW,2774
tbl_17a2f79406ec,lrow_835275a80d27,TABLE_CONTAINS_LOGICAL_ROW,2775
tbl_17a2f79406ec,lrow_b9731dbfb27f,TABLE_CONTAINS_LOGICAL_ROW,2776
tbl_17a2f79406ec,lrow_fba4be659522,TABLE_CONTAINS_LOGICAL_ROW,2777
tbl_17a2f79406ec,lrow_e027399352e4,TABLE_CONTAINS_LOGICAL_ROW,2778
tbl_17a2f79406ec,lrow_fb1d22be0f4b,TABLE_CONTAINS_LOGICAL_ROW,2779
tbl_17a2f79406ec,lrow_ccab95b29d34,TABLE_CONTAINS_LOGICAL_ROW,2780
tbl_17a2f79406ec,lrow_e442bec2a936,TABLE_CONTAINS_LOGICAL_ROW,2781
tbl_17a2f79406ec,lrow_57be2ff64371,TABLE_CONTAINS_LOGICAL_ROW,2782
tbl_17a2f79406ec,lrow_3e6b582257a6,TABLE_CONTAINS_LOGICAL_ROW,2783
tbl_17a2f79406ec,lrow_e6193244ee38,TABLE_CONTAINS_LOGICAL_ROW,2784
tbl_17a2f79406ec,lrow_9850f0d19dec,TABLE_CONTAINS_LOGICAL_ROW,2785
tbl_17a2f79406ec,lrow_d4ae2b396064,TABLE_CONTAINS_LOGICAL_ROW,2786
tbl_17a2f79406ec,lrow_8e199d1ac2b4,TABLE_CONTAINS_LOGICAL_ROW,2787
tbl_17a2f79406ec,lrow_2fe070e1bbf8,TABLE_CONTAINS_LOGICAL_ROW,2788
tbl_17a2f79406ec,lrow_d5f9b01edb49,TABLE_CONTAINS_LOGICAL_ROW,2789
tbl_17a2f79406ec,lrow_adc32b7ceff8,TABLE_CONTAINS_LOGICAL_ROW,2790
tbl_17a2f79406ec,lrow_136060a8252d,TABLE_CONTAINS_LOGICAL_ROW,2791
tbl_17a2f79406ec,lrow_8991c7683903,TABLE_CONTAINS_LOGICAL_ROW,2792
tbl_17a2f79406ec,lrow_ed2268beadef,TABLE_CONTAINS_LOGICAL_ROW,2793
tbl_17a2f79406ec,lrow_8f26bb85a6af,TABLE_CONTAINS_LOGICAL_ROW,2794
tbl_17a2f79406ec,lrow_e190b82f106f,TABLE_CONTAINS_LOGICAL_ROW,2795
tbl_17a2f79406ec,lrow_5b719fb5bf2a,TABLE_CONTAINS_LOGICAL_ROW,2796
tbl_17a2f79406ec,lrow_1c933edb36c2,TABLE_CONTAINS_LOGICAL_ROW,2797
tbl_17a2f79406ec,lrow_d364ea900362,TABLE_CONTAINS_LOGICAL_ROW,2798
tbl_17a2f79406ec,lrow_300b8350e034,TABLE_CONTAINS_LOGICAL_ROW,2799
tbl_17a2f79406ec,lrow_fbeb266d36f7,TABLE_CONTAINS_LOGICAL_ROW,2800
tbl_17a2f79406ec,lrow_04683b0094d2,TABLE_CONTAINS_LOGICAL_ROW,2801
tbl_17a2f79406ec,lrow_63db19007c99,TABLE_CONTAINS_LOGICAL_ROW,2802
tbl_17a2f79406ec,lrow_21dc891795bc,TABLE_CONTAINS_LOGICAL_ROW,2803
tbl_17a2f79406ec,lrow_54dd9c98fc96,TABLE_CONTAINS_LOGICAL_ROW,2804
tbl_17a2f79406ec,lrow_8a70d6ce122b,TABLE_CONTAINS_LOGICAL_ROW,2805
tbl_17a2f79406ec,lrow_8783e2b1237a,TABLE_CONTAINS_LOGICAL_ROW,2806
tbl_17a2f79406ec,lrow_8a999835448f,TABLE_CONTAINS_LOGICAL_ROW,2807
tbl_17a2f79406ec,lrow_88dcf1d15c98,TABLE_CONTAINS_LOGICAL_ROW,2808
tbl_17a2f79406ec,lrow_7bdc9639e247,TABLE_CONTAINS_LOGICAL_ROW,2809
tbl_17a2f79406ec,lrow_776a227e6378,TABLE_CONTAINS_LOGICAL_ROW,2810
tbl_17a2f79406ec,lrow_f27e5248b8bf,TABLE_CONTAINS_LOGICAL_ROW,2811
tbl_17a2f79406ec,lrow_e50613de04c0,TABLE_CONTAINS_LOGICAL_ROW,2812
tbl_17a2f79406ec,lrow_a665d6b6e35a,TABLE_CONTAINS_LOGICAL_ROW,2813
tbl_17a2f79406ec,lrow_7fc4a9848828,TABLE_CONTAINS_LOGICAL_ROW,2814
tbl_17a2f79406ec,lrow_76c86ce8dfb9,TABLE_CONTAINS_LOGICAL_ROW,2815
tbl_17a2f79406ec,lrow_2dde7acbbd56,TABLE_CONTAINS_LOGICAL_ROW,2816
tbl_17a2f79406ec,lrow_06946397ac17,TABLE_CONTAINS_LOGICAL_ROW,2817
tbl_17a2f79406ec,lrow_709aa2d9ff28,TABLE_CONTAINS_LOGICAL_ROW,2818
tbl_17a2f79406ec,lrow_8bc96709ccec,TABLE_CONTAINS_LOGICAL_ROW,2819
tbl_17a2f79406ec,lrow_b4aabfd961b7,TABLE_CONTAINS_LOGICAL_ROW,2820
tbl_17a2f79406ec,lrow_0597e0cb3af6,TABLE_CONTAINS_LOGICAL_ROW,2821
tbl_17a2f79406ec,lrow_262960828275,TABLE_CONTAINS_LOGICAL_ROW,2822
tbl_17a2f79406ec,lrow_1cb6bb4bbae7,TABLE_CONTAINS_LOGICAL_ROW,2823
tbl_17a2f79406ec,lrow_8ea3ce371e6c,TABLE_CONTAINS_LOGICAL_ROW,2824
tbl_17a2f79406ec,lrow_208b3b134c95,TABLE_CONTAINS_LOGICAL_ROW,2825
tbl_17a2f79406ec,lrow_1f03ce8931c4,TABLE_CONTAINS_LOGICAL_ROW,2826
tbl_17a2f79406ec,lrow_31c52fb0f831,TABLE_CONTAINS_LOGICAL_ROW,2827
tbl_17a2f79406ec,lrow_9508443cfba3,TABLE_CONTAINS_LOGICAL_ROW,2828
tbl_17a2f79406ec,lrow_25e9e0a50804,TABLE_CONTAINS_LOGICAL_ROW,2829
tbl_17a2f79406ec,lrow_7bea0f353cb4,TABLE_CONTAINS_LOGICAL_ROW,2830
tbl_17a2f79406ec,lrow_a3a67b7ea4a4,TABLE_CONTAINS_LOGICAL_ROW,2831
tbl_17a2f79406ec,lrow_8513344cac0b,TABLE_CONTAINS_LOGICAL_ROW,2832
tbl_17a2f79406ec,lrow_85f8cef63df6,TABLE_CONTAINS_LOGICAL_ROW,2833
tbl_17a2f79406ec,lrow_114416e19210,TABLE_CONTAINS_LOGICAL_ROW,2834
tbl_17a2f79406ec,lrow_5819f0a4a9e8,TABLE_CONTAINS_LOGICAL_ROW,2835
tbl_17a2f79406ec,lrow_773596c6bc79,TABLE_CONTAINS_LOGICAL_ROW,2836
tbl_17a2f79406ec,lrow_b31854c0138d,TABLE_CONTAINS_LOGICAL_ROW,2837
tbl_17a2f79406ec,lrow_5475c3a76e39,TABLE_CONTAINS_LOGICAL_ROW,2838
tbl_17a2f79406ec,lrow_fff6d8e20ee3,TABLE_CONTAINS_LOGICAL_ROW,2839
tbl_17a2f79406ec,lrow_feaf1b5457bd,TABLE_CONTAINS_LOGICAL_ROW,2840
tbl_17a2f79406ec,lrow_bc2ebde106df,TABLE_CONTAINS_LOGICAL_ROW,2841
tbl_17a2f79406ec,lrow_5a3fe2898f1b,TABLE_CONTAINS_LOGICAL_ROW,2842
tbl_17a2f79406ec,lrow_c65ce148ed0f,TABLE_CONTAINS_LOGICAL_ROW,2843
tbl_17a2f79406ec,lrow_b4f2815b0590,TABLE_CONTAINS_LOGICAL_ROW,2844
tbl_17a2f79406ec,lrow_cd3affe114d1,TABLE_CONTAINS_LOGICAL_ROW,2845
tbl_17a2f79406ec,lrow_19340f229134,TABLE_CONTAINS_LOGICAL_ROW,2846
tbl_17a2f79406ec,lrow_562d59b35a17,TABLE_CONTAINS_LOGICAL_ROW,2847
tbl_188ea6ba760b,lrow_02a284b2e828,TABLE_CONTAINS_LOGICAL_ROW,2848
tbl_188ea6ba760b,lrow_d33c7c006d6f,TABLE_CONTAINS_LOGICAL_ROW,2849
tbl_188ea6ba760b,lrow_e48493853a7d,TABLE_CONTAINS_LOGICAL_ROW,2850
tbl_198c99eba786,lrow_afd054923874,TABLE_CONTAINS_LOGICAL_ROW,2851
tbl_1ab6ab743bf6,lrow_a325ca9d4f53,TABLE_CONTAINS_LOGICAL_ROW,2852
tbl_1ab6ab743bf6,lrow_7baeafe4cff4,TABLE_CONTAINS_LOGICAL_ROW,2853
tbl_1ab6ab743bf6,lrow_5a85356b96fc,TABLE_CONTAINS_LOGICAL_ROW,2854
tbl_1ab6ab743bf6,lrow_a365c548c77c,TABLE_CONTAINS_LOGICAL_ROW,2855
tbl_1ab6ab743bf6,lrow_b2a93deb2b3a,TABLE_CONTAINS_LOGICAL_ROW,2856
tbl_1ab6ab743bf6,lrow_0089566c4912,TABLE_CONTAINS_LOGICAL_ROW,2857
tbl_1ab6ab743bf6,lrow_8420a4b980c8,TABLE_CONTAINS_LOGICAL_ROW,2858
tbl_1ab6ab743bf6,lrow_dc1974131795,TABLE_CONTAINS_LOGICAL_ROW,2859
tbl_1ab6ab743bf6,lrow_4bd1e4192899,TABLE_CONTAINS_LOGICAL_ROW,2860
tbl_1ab6ab743bf6,lrow_5c60b45e7f49,TABLE_CONTAINS_LOGICAL_ROW,2861
tbl_1ab6ab743bf6,lrow_b3d26aef2c72,TABLE_CONTAINS_LOGICAL_ROW,2862
tbl_1ab6ab743bf6,lrow_f33cf4319e90,TABLE_CONTAINS_LOGICAL_ROW,2863
tbl_1ab6ab743bf6,lrow_e9d4a05a4d60,TABLE_CONTAINS_LOGICAL_ROW,2864
tbl_1ab6ab743bf6,lrow_7a95249a0516,TABLE_CONTAINS_LOGICAL_ROW,2865
tbl_1ab6ab743bf6,lrow_afe8daedc5f8,TABLE_CONTAINS_LOGICAL_ROW,2866
tbl_1ab6ab743bf6,lrow_cdef451651a3,TABLE_CONTAINS_LOGICAL_ROW,2867
tbl_1ab6ab743bf6,lrow_7d6cb9927b58,TABLE_CONTAINS_LOGICAL_ROW,2868
tbl_1ab6ab743bf6,lrow_46fe67656a55,TABLE_CONTAINS_LOGICAL_ROW,2869
tbl_1ba12ae185ad,lrow_a7ee26f0b987,TABLE_CONTAINS_LOGICAL_ROW,2870
tbl_1ba12ae185ad,lrow_428d434fe049,TABLE_CONTAINS_LOGICAL_ROW,2871
tbl_1ba12ae185ad,lrow_004c79244a6e,TABLE_CONTAINS_LOGICAL_ROW,2872
tbl_1ba12ae185ad,lrow_0704f2211842,TABLE_CONTAINS_LOGICAL_ROW,2873
tbl_1cb5735dc8b3,lrow_264874fdb9e8,TABLE_CONTAINS_LOGICAL_ROW,2874
tbl_1cb5735dc8b3,lrow_cae5caddd200,TABLE_CONTAINS_LOGICAL_ROW,2875
tbl_1cb5735dc8b3,lrow_0da92a84f99f,TABLE_CONTAINS_LOGICAL_ROW,2876
tbl_1cc19b3e3bde,lrow_8b1d68d079c9,TABLE_CONTAINS_LOGICAL_ROW,2877
tbl_1cc19b3e3bde,lrow_5a13b34db6c7,TABLE_CONTAINS_LOGICAL_ROW,2878
tbl_1cc19b3e3bde,lrow_408743c5458a,TABLE_CONTAINS_LOGICAL_ROW,2879
tbl_1cc19b3e3bde,lrow_f4e4f005d345,TABLE_CONTAINS_LOGICAL_ROW,2880
tbl_1cc19b3e3bde,lrow_7a6e4cb8aa6e,TABLE_CONTAINS_LOGICAL_ROW,2881
tbl_1cc19b3e3bde,lrow_101ecdde5807,TABLE_CONTAINS_LOGICAL_ROW,2882
tbl_1cc19b3e3bde,lrow_f51065156a26,TABLE_CONTAINS_LOGICAL_ROW,2883
tbl_1cc19b3e3bde,lrow_13b6b160799c,TABLE_CONTAINS_LOGICAL_ROW,2884
tbl_1cc19b3e3bde,lrow_757fb4fcb461,TABLE_CONTAINS_LOGICAL_ROW,2885
tbl_1cc19b3e3bde,lrow_96df221dd79f,TABLE_CONTAINS_LOGICAL_ROW,2886
tbl_1cc19b3e3bde,lrow_4767984df14e,TABLE_CONTAINS_LOGICAL_ROW,2887
tbl_1cc19b3e3bde,lrow_fd39181becf6,TABLE_CONTAINS_LOGICAL_ROW,2888
tbl_1cc19b3e3bde,lrow_d5ec1343eef0,TABLE_CONTAINS_LOGICAL_ROW,2889
tbl_1cc19b3e3bde,lrow_fd38b8c7e281,TABLE_CONTAINS_LOGICAL_ROW,2890
tbl_1cc19b3e3bde,lrow_aa29091e9a8b,TABLE_CONTAINS_LOGICAL_ROW,2891
tbl_1cc19b3e3bde,lrow_3aea6f67c9b6,TABLE_CONTAINS_LOGICAL_ROW,2892
tbl_1cc19b3e3bde,lrow_290cebb148f6,TABLE_CONTAINS_LOGICAL_ROW,2893
tbl_1cc19b3e3bde,lrow_bb33dca290c7,TABLE_CONTAINS_LOGICAL_ROW,2894
tbl_1cc19b3e3bde,lrow_25f91e8ba733,TABLE_CONTAINS_LOGICAL_ROW,2895
tbl_1cc19b3e3bde,lrow_6d4f981a3a97,TABLE_CONTAINS_LOGICAL_ROW,2896
tbl_1cc19b3e3bde,lrow_ec033c39e9ef,TABLE_CONTAINS_LOGICAL_ROW,2897
tbl_1cc19b3e3bde,lrow_2991db7c6db2,TABLE_CONTAINS_LOGICAL_ROW,2898
tbl_1cc19b3e3bde,lrow_c11d7f4dcc9f,TABLE_CONTAINS_LOGICAL_ROW,2899
tbl_1cc19b3e3bde,lrow_9b9d817c050a,TABLE_CONTAINS_LOGICAL_ROW,2900
tbl_1cc19b3e3bde,lrow_c9a3d7603243,TABLE_CONTAINS_LOGICAL_ROW,2901
tbl_1cc19b3e3bde,lrow_2ad2b9f0affc,TABLE_CONTAINS_LOGICAL_ROW,2902
tbl_1cc19b3e3bde,lrow_0415c23cc17d,TABLE_CONTAINS_LOGICAL_ROW,2903
tbl_1cc19b3e3bde,lrow_aa8b83e8d0d4,TABLE_CONTAINS_LOGICAL_ROW,2904
tbl_1cc19b3e3bde,lrow_c373ffd111ca,TABLE_CONTAINS_LOGICAL_ROW,2905
tbl_1cc19b3e3bde,lrow_7461994f0866,TABLE_CONTAINS_LOGICAL_ROW,2906
tbl_1cc19b3e3bde,lrow_6374bcb9ae3b,TABLE_CONTAINS_LOGICAL_ROW,2907
tbl_1cc19b3e3bde,lrow_8206b9804b06,TABLE_CONTAINS_LOGICAL_ROW,2908
tbl_1cc19b3e3bde,lrow_9eec4cc21993,TABLE_CONTAINS_LOGICAL_ROW,2909
tbl_1cc19b3e3bde,lrow_1493fcea4646,TABLE_CONTAINS_LOGICAL_ROW,2910
tbl_1cc19b3e3bde,lrow_1b299da392de,TABLE_CONTAINS_LOGICAL_ROW,2911
tbl_1cc19b3e3bde,lrow_3413e315f52b,TABLE_CONTAINS_LOGICAL_ROW,2912
tbl_1cc19b3e3bde,lrow_ff9bacfd16b8,TABLE_CONTAINS_LOGICAL_ROW,2913
tbl_1cc19b3e3bde,lrow_9b393a63f8d4,TABLE_CONTAINS_LOGICAL_ROW,2914
tbl_1cc19b3e3bde,lrow_64f7cd88b8d1,TABLE_CONTAINS_LOGICAL_ROW,2915
tbl_1cc19b3e3bde,lrow_2f9d8825edd3,TABLE_CONTAINS_LOGICAL_ROW,2916
tbl_1cc19b3e3bde,lrow_43b622b85528,TABLE_CONTAINS_LOGICAL_ROW,2917
tbl_1cc19b3e3bde,lrow_e29d53e18dbd,TABLE_CONTAINS_LOGICAL_ROW,2918
tbl_1cc19b3e3bde,lrow_8e6524f59ac8,TABLE_CONTAINS_LOGICAL_ROW,2919
tbl_1cc19b3e3bde,lrow_42a281e37ffb,TABLE_CONTAINS_LOGICAL_ROW,2920
tbl_1cc19b3e3bde,lrow_8bc4ce2d6680,TABLE_CONTAINS_LOGICAL_ROW,2921
tbl_1cc19b3e3bde,lrow_ebe69fd972f9,TABLE_CONTAINS_LOGICAL_ROW,2922
tbl_1cc19b3e3bde,lrow_49c90c11917c,TABLE_CONTAINS_LOGICAL_ROW,2923
tbl_1cc19b3e3bde,lrow_909fe6526ce8,TABLE_CONTAINS_LOGICAL_ROW,2924
tbl_1cc19b3e3bde,lrow_889b5180a68a,TABLE_CONTAINS_LOGICAL_ROW,2925
tbl_1cc19b3e3bde,lrow_4d4f4443b872,TABLE_CONTAINS_LOGICAL_ROW,2926
tbl_1cc19b3e3bde,lrow_138669df21b8,TABLE_CONTAINS_LOGICAL_ROW,2927
tbl_1cc19b3e3bde,lrow_2ebdc4fe2d5f,TABLE_CONTAINS_LOGICAL_ROW,2928
tbl_1cc19b3e3bde,lrow_bfb1da24d976,TABLE_CONTAINS_LOGICAL_ROW,2929
tbl_1cc19b3e3bde,lrow_7bcc9378456d,TABLE_CONTAINS_LOGICAL_ROW,2930
tbl_1cc19b3e3bde,lrow_f03b5f460748,TABLE_CONTAINS_LOGICAL_ROW,2931
tbl_1cc19b3e3bde,lrow_f04cf360e468,TABLE_CONTAINS_LOGICAL_ROW,2932
tbl_1cc19b3e3bde,lrow_d3e3e201cf32,TABLE_CONTAINS_LOGICAL_ROW,2933
tbl_1cc19b3e3bde,lrow_4bf8dc38c9ac,TABLE_CONTAINS_LOGICAL_ROW,2934
tbl_1cc19b3e3bde,lrow_f503d3eeb2c7,TABLE_CONTAINS_LOGICAL_ROW,2935
tbl_1cc19b3e3bde,lrow_b6a4b43e4ce4,TABLE_CONTAINS_LOGICAL_ROW,2936
tbl_1cc19b3e3bde,lrow_d719a4c0c899,TABLE_CONTAINS_LOGICAL_ROW,2937
tbl_1cc19b3e3bde,lrow_a0ddab67f89f,TABLE_CONTAINS_LOGICAL_ROW,2938
tbl_1cc19b3e3bde,lrow_dbafa4a652d6,TABLE_CONTAINS_LOGICAL_ROW,2939
tbl_1cc19b3e3bde,lrow_ef68f2f88974,TABLE_CONTAINS_LOGICAL_ROW,2940
tbl_1cc19b3e3bde,lrow_340600796feb,TABLE_CONTAINS_LOGICAL_ROW,2941
tbl_1cc19b3e3bde,lrow_c0638be197a0,TABLE_CONTAINS_LOGICAL_ROW,2942
tbl_1cc19b3e3bde,lrow_d489c4f8d2d3,TABLE_CONTAINS_LOGICAL_ROW,2943
tbl_1cc19b3e3bde,lrow_5bf508021105,TABLE_CONTAINS_LOGICAL_ROW,2944
tbl_1cc19b3e3bde,lrow_0baae5fe8e6e,TABLE_CONTAINS_LOGICAL_ROW,2945
tbl_1cc19b3e3bde,lrow_923c99677841,TABLE_CONTAINS_LOGICAL_ROW,2946
tbl_1cc19b3e3bde,lrow_2fae53121d1b,TABLE_CONTAINS_LOGICAL_ROW,2947
tbl_1cc19b3e3bde,lrow_153a9ec83aac,TABLE_CONTAINS_LOGICAL_ROW,2948
tbl_1cc19b3e3bde,lrow_82ba58555a8b,TABLE_CONTAINS_LOGICAL_ROW,2949
tbl_1cc19b3e3bde,lrow_39da19fda4c4,TABLE_CONTAINS_LOGICAL_ROW,2950
tbl_1cc19b3e3bde,lrow_574920088d2f,TABLE_CONTAINS_LOGICAL_ROW,2951
tbl_1cc19b3e3bde,lrow_ffbccbf79b2b,TABLE_CONTAINS_LOGICAL_ROW,2952
tbl_1cc19b3e3bde,lrow_6b9ac5f8f599,TABLE_CONTAINS_LOGICAL_ROW,2953
tbl_1cc19b3e3bde,lrow_1933eb4da65e,TABLE_CONTAINS_LOGICAL_ROW,2954
tbl_1cc19b3e3bde,lrow_5d7f71c507cc,TABLE_CONTAINS_LOGICAL_ROW,2955
tbl_1cc19b3e3bde,lrow_f299e36b384e,TABLE_CONTAINS_LOGICAL_ROW,2956
tbl_1cc19b3e3bde,lrow_bbdae577716d,TABLE_CONTAINS_LOGICAL_ROW,2957
tbl_1cc19b3e3bde,lrow_f91c5d2c443a,TABLE_CONTAINS_LOGICAL_ROW,2958
tbl_1cc19b3e3bde,lrow_692fd9ab8feb,TABLE_CONTAINS_LOGICAL_ROW,2959
tbl_1cc19b3e3bde,lrow_526fdb4ba79e,TABLE_CONTAINS_LOGICAL_ROW,2960
tbl_1cc19b3e3bde,lrow_6b99c7a9b29f,TABLE_CONTAINS_LOGICAL_ROW,2961
tbl_1cc19b3e3bde,lrow_b78212fe6e39,TABLE_CONTAINS_LOGICAL_ROW,2962
tbl_1cc19b3e3bde,lrow_db08e696e11e,TABLE_CONTAINS_LOGICAL_ROW,2963
tbl_1cc19b3e3bde,lrow_2c29ee454e06,TABLE_CONTAINS_LOGICAL_ROW,2964
tbl_1cc19b3e3bde,lrow_f4e32d8b8f2e,TABLE_CONTAINS_LOGICAL_ROW,2965
tbl_1cc19b3e3bde,lrow_2853258f2543,TABLE_CONTAINS_LOGICAL_ROW,2966
tbl_1cc19b3e3bde,lrow_9e1cf904795e,TABLE_CONTAINS_LOGICAL_ROW,2967
tbl_1cc19b3e3bde,lrow_7e694a8b4801,TABLE_CONTAINS_LOGICAL_ROW,2968
tbl_1cc19b3e3bde,lrow_dd24ebae9c3c,TABLE_CONTAINS_LOGICAL_ROW,2969
tbl_1cc19b3e3bde,lrow_f20f2f9b6bff,TABLE_CONTAINS_LOGICAL_ROW,2970
tbl_1cc19b3e3bde,lrow_d94b63374c44,TABLE_CONTAINS_LOGICAL_ROW,2971
tbl_1cc19b3e3bde,lrow_96955173cbd3,TABLE_CONTAINS_LOGICAL_ROW,2972
tbl_1cc19b3e3bde,lrow_235e8eea3425,TABLE_CONTAINS_LOGICAL_ROW,2973
tbl_1cc19b3e3bde,lrow_aa3b43c3f78e,TABLE_CONTAINS_LOGICAL_ROW,2974
tbl_1cc19b3e3bde,lrow_e9e88ecfe60d,TABLE_CONTAINS_LOGICAL_ROW,2975
tbl_1cc19b3e3bde,lrow_fbb33f30be9a,TABLE_CONTAINS_LOGICAL_ROW,2976
tbl_1cc19b3e3bde,lrow_eef2d8ddb919,TABLE_CONTAINS_LOGICAL_ROW,2977
tbl_1cc19b3e3bde,lrow_f8f7cace8d23,TABLE_CONTAINS_LOGICAL_ROW,2978
tbl_1cc19b3e3bde,lrow_2091e730c63b,TABLE_CONTAINS_LOGICAL_ROW,2979
tbl_1cc19b3e3bde,lrow_fc20e37ac025,TABLE_CONTAINS_LOGICAL_ROW,2980
tbl_1cc19b3e3bde,lrow_f9c1beaf02b0,TABLE_CONTAINS_LOGICAL_ROW,2981
tbl_1cc19b3e3bde,lrow_8a5aa2d8f77b,TABLE_CONTAINS_LOGICAL_ROW,2982
tbl_1cc19b3e3bde,lrow_3573005b2b00,TABLE_CONTAINS_LOGICAL_ROW,2983
tbl_1cc19b3e3bde,lrow_a3f80fd0e7ca,TABLE_CONTAINS_LOGICAL_ROW,2984
tbl_1cc19b3e3bde,lrow_9dc327b8f7e8,TABLE_CONTAINS_LOGICAL_ROW,2985
tbl_1cc19b3e3bde,lrow_88bc6c240a11,TABLE_CONTAINS_LOGICAL_ROW,2986
tbl_1cc19b3e3bde,lrow_960547698634,TABLE_CONTAINS_LOGICAL_ROW,2987
tbl_1d6b26c65ea6,lrow_0096851f6d04,TABLE_CONTAINS_LOGICAL_ROW,2988
tbl_1e1eccae875f,lrow_20eef036d3ca,TABLE_CONTAINS_LOGICAL_ROW,2989
tbl_1e1eccae875f,lrow_031d2f4c994a,TABLE_CONTAINS_LOGICAL_ROW,2990
tbl_1e1eccae875f,lrow_90ea7b09d181,TABLE_CONTAINS_LOGICAL_ROW,2991
tbl_1e1eccae875f,lrow_05317cc914a8,TABLE_CONTAINS_LOGICAL_ROW,2992
tbl_1e1eccae875f,lrow_48a5b3d97841,TABLE_CONTAINS_LOGICAL_ROW,2993
tbl_1e1eccae875f,lrow_697289d93995,TABLE_CONTAINS_LOGICAL_ROW,2994
tbl_1e1eccae875f,lrow_e70aa0bacc7b,TABLE_CONTAINS_LOGICAL_ROW,2995
tbl_1f0412a42eb9,lrow_8ed743b87201,TABLE_CONTAINS_LOGICAL_ROW,2996
tbl_1f0412a42eb9,lrow_92024be4db3a,TABLE_CONTAINS_LOGICAL_ROW,2997
tbl_1f0412a42eb9,lrow_9965f583fe97,TABLE_CONTAINS_LOGICAL_ROW,2998
tbl_1f0412a42eb9,lrow_aa9ba4674220,TABLE_CONTAINS_LOGICAL_ROW,2999
tbl_1f0412a42eb9,lrow_d1ab9c841e72,TABLE_CONTAINS_LOGICAL_ROW,3000
tbl_1f0412a42eb9,lrow_762d9e37361a,TABLE_CONTAINS_LOGICAL_ROW,3001
tbl_1f0412a42eb9,lrow_bd0779271eeb,TABLE_CONTAINS_LOGICAL_ROW,3002
tbl_1f0412a42eb9,lrow_93dae0c26432,TABLE_CONTAINS_LOGICAL_ROW,3003
tbl_1f0412a42eb9,lrow_5c520ba2f575,TABLE_CONTAINS_LOGICAL_ROW,3004
tbl_1f0412a42eb9,lrow_00efd0053034,TABLE_CONTAINS_LOGICAL_ROW,3005
tbl_1f0412a42eb9,lrow_5bbe0dd788a0,TABLE_CONTAINS_LOGICAL_ROW,3006
tbl_1f0412a42eb9,lrow_7486cda0bef4,TABLE_CONTAINS_LOGICAL_ROW,3007
tbl_1f0412a42eb9,lrow_adb66d9eccad,TABLE_CONTAINS_LOGICAL_ROW,3008
tbl_1f0412a42eb9,lrow_3c33aa6e1104,TABLE_CONTAINS_LOGICAL_ROW,3009
tbl_1f0412a42eb9,lrow_d5fc41d11c15,TABLE_CONTAINS_LOGICAL_ROW,3010
tbl_1f0412a42eb9,lrow_241966f8ce4e,TABLE_CONTAINS_LOGICAL_ROW,3011
tbl_1f0412a42eb9,lrow_be11eacfb213,TABLE_CONTAINS_LOGICAL_ROW,3012
tbl_1f0412a42eb9,lrow_98ba81c993b9,TABLE_CONTAINS_LOGICAL_ROW,3013
tbl_1f0412a42eb9,lrow_c154928ec973,TABLE_CONTAINS_LOGICAL_ROW,3014
tbl_1f0412a42eb9,lrow_f83d98daaed2,TABLE_CONTAINS_LOGICAL_ROW,3015
tbl_1f0412a42eb9,lrow_1a3e2feb8606,TABLE_CONTAINS_LOGICAL_ROW,3016
tbl_1f0412a42eb9,lrow_08cacbf98925,TABLE_CONTAINS_LOGICAL_ROW,3017
tbl_1f2b75a38688,lrow_901cd195190d,TABLE_CONTAINS_LOGICAL_ROW,3018
tbl_1f965b5296a1,lrow_6945f7dd6142,TABLE_CONTAINS_LOGICAL_ROW,3019
tbl_1f965b5296a1,lrow_8c1c4b9a8da3,TABLE_CONTAINS_LOGICAL_ROW,3020
tbl_1f965b5296a1,lrow_e5c2a90c9352,TABLE_CONTAINS_LOGICAL_ROW,3021
tbl_1f965b5296a1,lrow_c4010087f876,TABLE_CONTAINS_LOGICAL_ROW,3022
tbl_1f965b5296a1,lrow_0657eb7a33e9,TABLE_CONTAINS_LOGICAL_ROW,3023
tbl_1f965b5296a1,lrow_708fab868136,TABLE_CONTAINS_LOGICAL_ROW,3024
tbl_1f965b5296a1,lrow_12595a4357dc,TABLE_CONTAINS_LOGICAL_ROW,3025
tbl_1f965b5296a1,lrow_22239b2cafbf,TABLE_CONTAINS_LOGICAL_ROW,3026
tbl_1f965b5296a1,lrow_56874b9e1acd,TABLE_CONTAINS_LOGICAL_ROW,3027
tbl_1f965b5296a1,lrow_60b476394a33,TABLE_CONTAINS_LOGICAL_ROW,3028
tbl_1f965b5296a1,lrow_95f7dce23a05,TABLE_CONTAINS_LOGICAL_ROW,3029
tbl_1f965b5296a1,lrow_8fdd70371d22,TABLE_CONTAINS_LOGICAL_ROW,3030
tbl_1f965b5296a1,lrow_1c3416e6fd24,TABLE_CONTAINS_LOGICAL_ROW,3031
tbl_1f965b5296a1,lrow_ec026e5a5d0d,TABLE_CONTAINS_LOGICAL_ROW,3032
tbl_1f965b5296a1,lrow_0688a785e349,TABLE_CONTAINS_LOGICAL_ROW,3033
tbl_1f965b5296a1,lrow_9caee00a20a8,TABLE_CONTAINS_LOGICAL_ROW,3034
tbl_1f965b5296a1,lrow_fdee3561c5e4,TABLE_CONTAINS_LOGICAL_ROW,3035
tbl_1f965b5296a1,lrow_cf753917f852,TABLE_CONTAINS_LOGICAL_ROW,3036
tbl_1f965b5296a1,lrow_c99ace8f939f,TABLE_CONTAINS_LOGICAL_ROW,3037
tbl_1f965b5296a1,lrow_e70598d520f9,TABLE_CONTAINS_LOGICAL_ROW,3038
tbl_1f965b5296a1,lrow_110118a593e5,TABLE_CONTAINS_LOGICAL_ROW,3039
tbl_1f965b5296a1,lrow_d0956aec10bb,TABLE_CONTAINS_LOGICAL_ROW,3040
tbl_1f965b5296a1,lrow_be0adcfe7fee,TABLE_CONTAINS_LOGICAL_ROW,3041
tbl_1f965b5296a1,lrow_540fbef36500,TABLE_CONTAINS_LOGICAL_ROW,3042
tbl_1f965b5296a1,lrow_835a3654ffcd,TABLE_CONTAINS_LOGICAL_ROW,3043
tbl_1f965b5296a1,lrow_f2be9673c639,TABLE_CONTAINS_LOGICAL_ROW,3044
tbl_1f965b5296a1,lrow_4aeb98f18c1c,TABLE_CONTAINS_LOGICAL_ROW,3045
tbl_1f965b5296a1,lrow_f69b637af9fd,TABLE_CONTAINS_LOGICAL_ROW,3046
tbl_1f965b5296a1,lrow_50dcb946c105,TABLE_CONTAINS_LOGICAL_ROW,3047
tbl_1f965b5296a1,lrow_c93843107aae,TABLE_CONTAINS_LOGICAL_ROW,3048
tbl_1f965b5296a1,lrow_fad35e427690,TABLE_CONTAINS_LOGICAL_ROW,3049
tbl_1f965b5296a1,lrow_8fa0e8b219fa,TABLE_CONTAINS_LOGICAL_ROW,3050
tbl_1f965b5296a1,lrow_0ad52c365fa8,TABLE_CONTAINS_LOGICAL_ROW,3051
tbl_1f965b5296a1,lrow_6eccc974ec19,TABLE_CONTAINS_LOGICAL_ROW,3052
tbl_1f965b5296a1,lrow_46503c49c98f,TABLE_CONTAINS_LOGICAL_ROW,3053
tbl_1f965b5296a1,lrow_08de1a0cdebe,TABLE_CONTAINS_LOGICAL_ROW,3054
tbl_1f965b5296a1,lrow_2dc35fcd37ac,TABLE_CONTAINS_LOGICAL_ROW,3055
tbl_1f965b5296a1,lrow_35364c381908,TABLE_CONTAINS_LOGICAL_ROW,3056
tbl_1f965b5296a1,lrow_502bea985556,TABLE_CONTAINS_LOGICAL_ROW,3057
tbl_1f965b5296a1,lrow_078defa9e8f1,TABLE_CONTAINS_LOGICAL_ROW,3058
tbl_1f965b5296a1,lrow_a0c1ddb5bd85,TABLE_CONTAINS_LOGICAL_ROW,3059
tbl_1f965b5296a1,lrow_ad51431d8cc4,TABLE_CONTAINS_LOGICAL_ROW,3060
tbl_1f965b5296a1,lrow_c074cbb49e70,TABLE_CONTAINS_LOGICAL_ROW,3061
tbl_1f965b5296a1,lrow_571e8786243b,TABLE_CONTAINS_LOGICAL_ROW,3062
tbl_2127a3d5fead,lrow_60986ea7e038,TABLE_CONTAINS_LOGICAL_ROW,3063
tbl_2127a3d5fead,lrow_5c5576549fd2,TABLE_CONTAINS_LOGICAL_ROW,3064
tbl_2127a3d5fead,lrow_fbccf2317cc7,TABLE_CONTAINS_LOGICAL_ROW,3065
tbl_2164c8aebf13,lrow_ed4829ef503f,TABLE_CONTAINS_LOGICAL_ROW,3066
tbl_225c06803d64,lrow_f69030e366a3,TABLE_CONTAINS_LOGICAL_ROW,3067
tbl_225c06803d64,lrow_9a160fa4d66f,TABLE_CONTAINS_LOGICAL_ROW,3068
tbl_225c06803d64,lrow_8083a1840386,TABLE_CONTAINS_LOGICAL_ROW,3069
tbl_225c06803d64,lrow_c630298e91dd,TABLE_CONTAINS_LOGICAL_ROW,3070
tbl_225c06803d64,lrow_433940f1d1a7,TABLE_CONTAINS_LOGICAL_ROW,3071
tbl_225c06803d64,lrow_4a12ce73adce,TABLE_CONTAINS_LOGICAL_ROW,3072
tbl_22756eb6b509,lrow_d69347603f21,TABLE_CONTAINS_LOGICAL_ROW,3073
tbl_22feb47dde53,lrow_714a079a4928,TABLE_CONTAINS_LOGICAL_ROW,3074
tbl_22feb47dde53,lrow_1881854b9c20,TABLE_CONTAINS_LOGICAL_ROW,3075
tbl_231c93f03f5b,lrow_e0578f43e710,TABLE_CONTAINS_LOGICAL_ROW,3076
tbl_231c93f03f5b,lrow_5ecb098bead8,TABLE_CONTAINS_LOGICAL_ROW,3077
tbl_231c93f03f5b,lrow_71d838168a87,TABLE_CONTAINS_LOGICAL_ROW,3078
tbl_231c93f03f5b,lrow_a49cdee1eca9,TABLE_CONTAINS_LOGICAL_ROW,3079
tbl_231c93f03f5b,lrow_28c537870e4f,TABLE_CONTAINS_LOGICAL_ROW,3080
tbl_2435f2c4b967,lrow_b4649931c1a1,TABLE_CONTAINS_LOGICAL_ROW,3081
tbl_2435f2c4b967,lrow_4b692a2f5ac9,TABLE_CONTAINS_LOGICAL_ROW,3082
tbl_2450efbcfa4d,lrow_9f475c8b5d0a,TABLE_CONTAINS_LOGICAL_ROW,3083
tbl_2450efbcfa4d,lrow_9f17b5bfd02c,TABLE_CONTAINS_LOGICAL_ROW,3084
tbl_2450efbcfa4d,lrow_6c1683cac38a,TABLE_CONTAINS_LOGICAL_ROW,3085
tbl_2450efbcfa4d,lrow_aacde25ab84f,TABLE_CONTAINS_LOGICAL_ROW,3086
tbl_2450efbcfa4d,lrow_b4b88650ea20,TABLE_CONTAINS_LOGICAL_ROW,3087
tbl_245aa28deba5,lrow_c84f9a7ffa74,TABLE_CONTAINS_LOGICAL_ROW,3088
tbl_245aa28deba5,lrow_679f59dfa94e,TABLE_CONTAINS_LOGICAL_ROW,3089
tbl_2508ee81f6ef,lrow_9aaab89e6d6f,TABLE_CONTAINS_LOGICAL_ROW,3090
tbl_2508ee81f6ef,lrow_c580a576def0,TABLE_CONTAINS_LOGICAL_ROW,3091
tbl_2508ee81f6ef,lrow_1066df20f4b8,TABLE_CONTAINS_LOGICAL_ROW,3092
tbl_258d24916870,lrow_41aa3817365a,TABLE_CONTAINS_LOGICAL_ROW,3093
tbl_2631b4eeb3f6,lrow_cc89b30a7012,TABLE_CONTAINS_LOGICAL_ROW,3094
tbl_2631b4eeb3f6,lrow_b7ef6b7d4ad9,TABLE_CONTAINS_LOGICAL_ROW,3095
tbl_2631b4eeb3f6,lrow_e8d95738d3a0,TABLE_CONTAINS_LOGICAL_ROW,3096
tbl_2631b4eeb3f6,lrow_309bbf65eec7,TABLE_CONTAINS_LOGICAL_ROW,3097
tbl_2631b4eeb3f6,lrow_9a567be61773,TABLE_CONTAINS_LOGICAL_ROW,3098
tbl_2631b4eeb3f6,lrow_e0bad0d74383,TABLE_CONTAINS_LOGICAL_ROW,3099
tbl_2631b4eeb3f6,lrow_a29b5fafe55f,TABLE_CONTAINS_LOGICAL_ROW,3100
tbl_2631b4eeb3f6,lrow_6caea3151460,TABLE_CONTAINS_LOGICAL_ROW,3101
tbl_2631b4eeb3f6,lrow_0f1e9f9906b6,TABLE_CONTAINS_LOGICAL_ROW,3102
tbl_2631b4eeb3f6,lrow_64b833385a30,TABLE_CONTAINS_LOGICAL_ROW,3103
tbl_2631b4eeb3f6,lrow_af882b7ccb84,TABLE_CONTAINS_LOGICAL_ROW,3104
tbl_2631b4eeb3f6,lrow_9cbf35c6f65a,TABLE_CONTAINS_LOGICAL_ROW,3105
tbl_2631b4eeb3f6,lrow_865e06f88ecb,TABLE_CONTAINS_LOGICAL_ROW,3106
tbl_2631b4eeb3f6,lrow_bdddd1e3855c,TABLE_CONTAINS_LOGICAL_ROW,3107
tbl_2631b4eeb3f6,lrow_0f583f5cda40,TABLE_CONTAINS_LOGICAL_ROW,3108
tbl_2631b4eeb3f6,lrow_029d47ae7e9b,TABLE_CONTAINS_LOGICAL_ROW,3109
tbl_2631b4eeb3f6,lrow_e2da3fff820e,TABLE_CONTAINS_LOGICAL_ROW,3110
tbl_2631b4eeb3f6,lrow_82631d1d193e,TABLE_CONTAINS_LOGICAL_ROW,3111
tbl_2631b4eeb3f6,lrow_32395b6b3b50,TABLE_CONTAINS_LOGICAL_ROW,3112
tbl_2631b4eeb3f6,lrow_99f885f431fb,TABLE_CONTAINS_LOGICAL_ROW,3113
tbl_2631b4eeb3f6,lrow_8e2c33cef36d,TABLE_CONTAINS_LOGICAL_ROW,3114
tbl_2631b4eeb3f6,lrow_b581307663ec,TABLE_CONTAINS_LOGICAL_ROW,3115
tbl_2631b4eeb3f6,lrow_af2dc7030a64,TABLE_CONTAINS_LOGICAL_ROW,3116
tbl_2631b4eeb3f6,lrow_5b1aebefd873,TABLE_CONTAINS_LOGICAL_ROW,3117
tbl_2631b4eeb3f6,lrow_49616da905c1,TABLE_CONTAINS_LOGICAL_ROW,3118
tbl_2631b4eeb3f6,lrow_b7565cd7ef52,TABLE_CONTAINS_LOGICAL_ROW,3119
tbl_2631b4eeb3f6,lrow_8f384f1c7ed4,TABLE_CONTAINS_LOGICAL_ROW,3120
tbl_2631b4eeb3f6,lrow_22d71939237c,TABLE_CONTAINS_LOGICAL_ROW,3121
tbl_2631b4eeb3f6,lrow_15f106bd9c7d,TABLE_CONTAINS_LOGICAL_ROW,3122
tbl_2631b4eeb3f6,lrow_f84f81c5fd66,TABLE_CONTAINS_LOGICAL_ROW,3123
tbl_2631b4eeb3f6,lrow_24b988416900,TABLE_CONTAINS_LOGICAL_ROW,3124
tbl_2631b4eeb3f6,lrow_8298a854e6be,TABLE_CONTAINS_LOGICAL_ROW,3125
tbl_2631b4eeb3f6,lrow_04e7962b1e24,TABLE_CONTAINS_LOGICAL_ROW,3126
tbl_2631b4eeb3f6,lrow_326c07f72c4f,TABLE_CONTAINS_LOGICAL_ROW,3127
tbl_2631b4eeb3f6,lrow_56da41941e2d,TABLE_CONTAINS_LOGICAL_ROW,3128
tbl_2631b4eeb3f6,lrow_f4d0838e39a7,TABLE_CONTAINS_LOGICAL_ROW,3129
tbl_2631b4eeb3f6,lrow_a1ab17c3a9cf,TABLE_CONTAINS_LOGICAL_ROW,3130
tbl_2631b4eeb3f6,lrow_7feded10797e,TABLE_CONTAINS_LOGICAL_ROW,3131
tbl_2631b4eeb3f6,lrow_28384c0ca494,TABLE_CONTAINS_LOGICAL_ROW,3132
tbl_2631b4eeb3f6,lrow_6864c790bdae,TABLE_CONTAINS_LOGICAL_ROW,3133
tbl_2631b4eeb3f6,lrow_48b988e61251,TABLE_CONTAINS_LOGICAL_ROW,3134
tbl_2631b4eeb3f6,lrow_62933215cf10,TABLE_CONTAINS_LOGICAL_ROW,3135
tbl_2631b4eeb3f6,lrow_e816fde3a38c,TABLE_CONTAINS_LOGICAL_ROW,3136
tbl_2631b4eeb3f6,lrow_211bd6a493be,TABLE_CONTAINS_LOGICAL_ROW,3137
tbl_2631b4eeb3f6,lrow_11dc8961f4d7,TABLE_CONTAINS_LOGICAL_ROW,3138
tbl_2631b4eeb3f6,lrow_29622c75ec56,TABLE_CONTAINS_LOGICAL_ROW,3139
tbl_2631b4eeb3f6,lrow_fd43b73e83dc,TABLE_CONTAINS_LOGICAL_ROW,3140
tbl_2631b4eeb3f6,lrow_1877230894d8,TABLE_CONTAINS_LOGICAL_ROW,3141
tbl_2631b4eeb3f6,lrow_9271a94ea142,TABLE_CONTAINS_LOGICAL_ROW,3142
tbl_2631b4eeb3f6,lrow_a14f16436c82,TABLE_CONTAINS_LOGICAL_ROW,3143
tbl_2631b4eeb3f6,lrow_372a1caeea0a,TABLE_CONTAINS_LOGICAL_ROW,3144
tbl_2631b4eeb3f6,lrow_cbc79934d313,TABLE_CONTAINS_LOGICAL_ROW,3145
tbl_2631b4eeb3f6,lrow_06e4c149dd09,TABLE_CONTAINS_LOGICAL_ROW,3146
tbl_2631b4eeb3f6,lrow_18e475e6f91d,TABLE_CONTAINS_LOGICAL_ROW,3147
tbl_2631b4eeb3f6,lrow_58b298e3f1b1,TABLE_CONTAINS_LOGICAL_ROW,3148
tbl_2631b4eeb3f6,lrow_3898a97d96c5,TABLE_CONTAINS_LOGICAL_ROW,3149
tbl_2631b4eeb3f6,lrow_b26096c79881,TABLE_CONTAINS_LOGICAL_ROW,3150
tbl_2631b4eeb3f6,lrow_3405f083998a,TABLE_CONTAINS_LOGICAL_ROW,3151
tbl_2631b4eeb3f6,lrow_02c41407b7ca,TABLE_CONTAINS_LOGICAL_ROW,3152
tbl_2631b4eeb3f6,lrow_9ab52434da84,TABLE_CONTAINS_LOGICAL_ROW,3153
tbl_2631b4eeb3f6,lrow_da681bd7a8ae,TABLE_CONTAINS_LOGICAL_ROW,3154
tbl_2631b4eeb3f6,lrow_f82e4ea468fb,TABLE_CONTAINS_LOGICAL_ROW,3155
tbl_2631b4eeb3f6,lrow_2fd4aa47e8f7,TABLE_CONTAINS_LOGICAL_ROW,3156
tbl_2631b4eeb3f6,lrow_90792dbb8af7,TABLE_CONTAINS_LOGICAL_ROW,3157
tbl_2631b4eeb3f6,lrow_5d29c9849e50,TABLE_CONTAINS_LOGICAL_ROW,3158
tbl_2631b4eeb3f6,lrow_27d2907b8c72,TABLE_CONTAINS_LOGICAL_ROW,3159
tbl_2631b4eeb3f6,lrow_6c6039d11e1c,TABLE_CONTAINS_LOGICAL_ROW,3160
tbl_2631b4eeb3f6,lrow_e4983c232856,TABLE_CONTAINS_LOGICAL_ROW,3161
tbl_2631b4eeb3f6,lrow_6d24da0ab95c,TABLE_CONTAINS_LOGICAL_ROW,3162
tbl_2631b4eeb3f6,lrow_da41f266c7be,TABLE_CONTAINS_LOGICAL_ROW,3163
tbl_2631b4eeb3f6,lrow_c946a659c371,TABLE_CONTAINS_LOGICAL_ROW,3164
tbl_2631b4eeb3f6,lrow_873e0d8f08b7,TABLE_CONTAINS_LOGICAL_ROW,3165
tbl_2631b4eeb3f6,lrow_7e8f9fc209aa,TABLE_CONTAINS_LOGICAL_ROW,3166
tbl_2631b4eeb3f6,lrow_ed10c1cec916,TABLE_CONTAINS_LOGICAL_ROW,3167
tbl_2631b4eeb3f6,lrow_bb92a776627a,TABLE_CONTAINS_LOGICAL_ROW,3168
tbl_2631b4eeb3f6,lrow_f89e1c8db709,TABLE_CONTAINS_LOGICAL_ROW,3169
tbl_2631b4eeb3f6,lrow_fbef619d69ee,TABLE_CONTAINS_LOGICAL_ROW,3170
tbl_2631b4eeb3f6,lrow_c914b4e9ab7a,TABLE_CONTAINS_LOGICAL_ROW,3171
tbl_2631b4eeb3f6,lrow_ee14d701fd93,TABLE_CONTAINS_LOGICAL_ROW,3172
tbl_2631b4eeb3f6,lrow_0f858fb98fc8,TABLE_CONTAINS_LOGICAL_ROW,3173
tbl_2631b4eeb3f6,lrow_a9d2f97ea85c,TABLE_CONTAINS_LOGICAL_ROW,3174
tbl_2631b4eeb3f6,lrow_9c2eddaf8e40,TABLE_CONTAINS_LOGICAL_ROW,3175
tbl_2631b4eeb3f6,lrow_17b48de10c95,TABLE_CONTAINS_LOGICAL_ROW,3176
tbl_2631b4eeb3f6,lrow_2a8b63a91443,TABLE_CONTAINS_LOGICAL_ROW,3177
tbl_2631b4eeb3f6,lrow_e543711bfe93,TABLE_CONTAINS_LOGICAL_ROW,3178
tbl_2631b4eeb3f6,lrow_4ab0d9ce63f3,TABLE_CONTAINS_LOGICAL_ROW,3179
tbl_2631b4eeb3f6,lrow_8d0da58091b3,TABLE_CONTAINS_LOGICAL_ROW,3180
tbl_2631b4eeb3f6,lrow_3fe684b115cc,TABLE_CONTAINS_LOGICAL_ROW,3181
tbl_2631b4eeb3f6,lrow_c7c7e0727950,TABLE_CONTAINS_LOGICAL_ROW,3182
tbl_2631b4eeb3f6,lrow_5a32f56d2b0c,TABLE_CONTAINS_LOGICAL_ROW,3183
tbl_2631b4eeb3f6,lrow_47da5bb3e7fd,TABLE_CONTAINS_LOGICAL_ROW,3184
tbl_2631b4eeb3f6,lrow_8d53f019d0e4,TABLE_CONTAINS_LOGICAL_ROW,3185
tbl_2631b4eeb3f6,lrow_65bf6e23019f,TABLE_CONTAINS_LOGICAL_ROW,3186
tbl_2631b4eeb3f6,lrow_3e04d698dc1e,TABLE_CONTAINS_LOGICAL_ROW,3187
tbl_2631b4eeb3f6,lrow_74d15d98703e,TABLE_CONTAINS_LOGICAL_ROW,3188
tbl_2631b4eeb3f6,lrow_d36284610945,TABLE_CONTAINS_LOGICAL_ROW,3189
tbl_2631b4eeb3f6,lrow_7119dbd3922f,TABLE_CONTAINS_LOGICAL_ROW,3190
tbl_2631b4eeb3f6,lrow_cdb9c74d5658,TABLE_CONTAINS_LOGICAL_ROW,3191
tbl_2631b4eeb3f6,lrow_05bd30df1015,TABLE_CONTAINS_LOGICAL_ROW,3192
tbl_2631b4eeb3f6,lrow_be715c2b9d3a,TABLE_CONTAINS_LOGICAL_ROW,3193
tbl_26530f3e2013,lrow_b218fcef4c5a,TABLE_CONTAINS_LOGICAL_ROW,3194
tbl_26530f3e2013,lrow_cfce5718bb44,TABLE_CONTAINS_LOGICAL_ROW,3195
tbl_26530f3e2013,lrow_618d54aeda81,TABLE_CONTAINS_LOGICAL_ROW,3196
tbl_26530f3e2013,lrow_2f8e4b888d9e,TABLE_CONTAINS_LOGICAL_ROW,3197
tbl_26530f3e2013,lrow_39aa5bbfe260,TABLE_CONTAINS_LOGICAL_ROW,3198
tbl_26530f3e2013,lrow_64cceb29b102,TABLE_CONTAINS_LOGICAL_ROW,3199
tbl_26530f3e2013,lrow_da01aa05c299,TABLE_CONTAINS_LOGICAL_ROW,3200
tbl_26530f3e2013,lrow_9b110fbfbb2b,TABLE_CONTAINS_LOGICAL_ROW,3201
tbl_26530f3e2013,lrow_738ab891dd9f,TABLE_CONTAINS_LOGICAL_ROW,3202
tbl_26530f3e2013,lrow_6dd1b7771f56,TABLE_CONTAINS_LOGICAL_ROW,3203
tbl_26530f3e2013,lrow_508db385400e,TABLE_CONTAINS_LOGICAL_ROW,3204
tbl_26530f3e2013,lrow_f5e4ed35986f,TABLE_CONTAINS_LOGICAL_ROW,3205
tbl_26530f3e2013,lrow_8754a279a672,TABLE_CONTAINS_LOGICAL_ROW,3206
tbl_26530f3e2013,lrow_1d8269392d04,TABLE_CONTAINS_LOGICAL_ROW,3207
tbl_26530f3e2013,lrow_7028dbe9883d,TABLE_CONTAINS_LOGICAL_ROW,3208
tbl_26530f3e2013,lrow_197eb98562fb,TABLE_CONTAINS_LOGICAL_ROW,3209
tbl_26530f3e2013,lrow_2f429fca6c3c,TABLE_CONTAINS_LOGICAL_ROW,3210
tbl_26530f3e2013,lrow_97920e25f4a0,TABLE_CONTAINS_LOGICAL_ROW,3211
tbl_26530f3e2013,lrow_a0fc9078ddca,TABLE_CONTAINS_LOGICAL_ROW,3212
tbl_26530f3e2013,lrow_dc66618e8831,TABLE_CONTAINS_LOGICAL_ROW,3213
tbl_26530f3e2013,lrow_06ffb7173362,TABLE_CONTAINS_LOGICAL_ROW,3214
tbl_26530f3e2013,lrow_cbba773a692a,TABLE_CONTAINS_LOGICAL_ROW,3215
tbl_26530f3e2013,lrow_0191d6e4e099,TABLE_CONTAINS_LOGICAL_ROW,3216
tbl_26530f3e2013,lrow_beb7d33c6b44,TABLE_CONTAINS_LOGICAL_ROW,3217
tbl_26530f3e2013,lrow_97d58da2e1f1,TABLE_CONTAINS_LOGICAL_ROW,3218
tbl_26530f3e2013,lrow_b843d3a25b25,TABLE_CONTAINS_LOGICAL_ROW,3219
tbl_26530f3e2013,lrow_1a5bd862da67,TABLE_CONTAINS_LOGICAL_ROW,3220
tbl_26530f3e2013,lrow_6a64d6d7f6b9,TABLE_CONTAINS_LOGICAL_ROW,3221
tbl_26530f3e2013,lrow_6506e335e619,TABLE_CONTAINS_LOGICAL_ROW,3222
tbl_26530f3e2013,lrow_2e7ed3380fad,TABLE_CONTAINS_LOGICAL_ROW,3223
tbl_26530f3e2013,lrow_fadf536e49f6,TABLE_CONTAINS_LOGICAL_ROW,3224
tbl_26530f3e2013,lrow_5d8cdc3ce308,TABLE_CONTAINS_LOGICAL_ROW,3225
tbl_26530f3e2013,lrow_55f36b42f9b4,TABLE_CONTAINS_LOGICAL_ROW,3226
tbl_26530f3e2013,lrow_02f433caad02,TABLE_CONTAINS_LOGICAL_ROW,3227
tbl_26530f3e2013,lrow_e50335edd5b7,TABLE_CONTAINS_LOGICAL_ROW,3228
tbl_26530f3e2013,lrow_ce9778f360af,TABLE_CONTAINS_LOGICAL_ROW,3229
tbl_26530f3e2013,lrow_4f822e411547,TABLE_CONTAINS_LOGICAL_ROW,3230
tbl_26530f3e2013,lrow_640677fa913c,TABLE_CONTAINS_LOGICAL_ROW,3231
tbl_26530f3e2013,lrow_78127633816a,TABLE_CONTAINS_LOGICAL_ROW,3232
tbl_26530f3e2013,lrow_b47b09fee28f,TABLE_CONTAINS_LOGICAL_ROW,3233
tbl_26530f3e2013,lrow_83f974b9bcce,TABLE_CONTAINS_LOGICAL_ROW,3234
tbl_26530f3e2013,lrow_e1e8f069d6f2,TABLE_CONTAINS_LOGICAL_ROW,3235
tbl_26530f3e2013,lrow_2aa07cdc36bd,TABLE_CONTAINS_LOGICAL_ROW,3236
tbl_26530f3e2013,lrow_ce4219e95199,TABLE_CONTAINS_LOGICAL_ROW,3237
tbl_26530f3e2013,lrow_b9884be3e8da,TABLE_CONTAINS_LOGICAL_ROW,3238
tbl_26530f3e2013,lrow_0c420f58b3eb,TABLE_CONTAINS_LOGICAL_ROW,3239
tbl_26530f3e2013,lrow_9701c729b058,TABLE_CONTAINS_LOGICAL_ROW,3240
tbl_26530f3e2013,lrow_7e82041b7e6c,TABLE_CONTAINS_LOGICAL_ROW,3241
tbl_26530f3e2013,lrow_429f65023cf8,TABLE_CONTAINS_LOGICAL_ROW,3242
tbl_26530f3e2013,lrow_560311d0d4ba,TABLE_CONTAINS_LOGICAL_ROW,3243
tbl_26530f3e2013,lrow_0e5def327246,TABLE_CONTAINS_LOGICAL_ROW,3244
tbl_26530f3e2013,lrow_58d0e15b1c60,TABLE_CONTAINS_LOGICAL_ROW,3245
tbl_26530f3e2013,lrow_7f2f1149a786,TABLE_CONTAINS_LOGICAL_ROW,3246
tbl_26530f3e2013,lrow_68ce4ecb6cae,TABLE_CONTAINS_LOGICAL_ROW,3247
tbl_26530f3e2013,lrow_d6cfb1dc4fd4,TABLE_CONTAINS_LOGICAL_ROW,3248
tbl_26530f3e2013,lrow_f293ac931b86,TABLE_CONTAINS_LOGICAL_ROW,3249
tbl_26530f3e2013,lrow_865e6e67e540,TABLE_CONTAINS_LOGICAL_ROW,3250
tbl_26530f3e2013,lrow_6593d9b4dd8f,TABLE_CONTAINS_LOGICAL_ROW,3251
tbl_26530f3e2013,lrow_20676a8af2f0,TABLE_CONTAINS_LOGICAL_ROW,3252
tbl_26530f3e2013,lrow_602060098fe9,TABLE_CONTAINS_LOGICAL_ROW,3253
tbl_26530f3e2013,lrow_f65083a04808,TABLE_CONTAINS_LOGICAL_ROW,3254
tbl_26530f3e2013,lrow_560dee4dccac,TABLE_CONTAINS_LOGICAL_ROW,3255
tbl_26530f3e2013,lrow_4a8c726ca950,TABLE_CONTAINS_LOGICAL_ROW,3256
tbl_26530f3e2013,lrow_164a1670f216,TABLE_CONTAINS_LOGICAL_ROW,3257
tbl_26530f3e2013,lrow_bfaca62acc5e,TABLE_CONTAINS_LOGICAL_ROW,3258
tbl_26530f3e2013,lrow_23d479536890,TABLE_CONTAINS_LOGICAL_ROW,3259
tbl_26530f3e2013,lrow_05b98f3b76c1,TABLE_CONTAINS_LOGICAL_ROW,3260
tbl_26530f3e2013,lrow_17e27d1fc840,TABLE_CONTAINS_LOGICAL_ROW,3261
tbl_26530f3e2013,lrow_fc7b73833700,TABLE_CONTAINS_LOGICAL_ROW,3262
tbl_26530f3e2013,lrow_098d8ddf7bea,TABLE_CONTAINS_LOGICAL_ROW,3263
tbl_26530f3e2013,lrow_41d3afbef42c,TABLE_CONTAINS_LOGICAL_ROW,3264
tbl_26530f3e2013,lrow_f2b9f183d501,TABLE_CONTAINS_LOGICAL_ROW,3265
tbl_26530f3e2013,lrow_09a9c0256a63,TABLE_CONTAINS_LOGICAL_ROW,3266
tbl_26530f3e2013,lrow_84b5ca59d51f,TABLE_CONTAINS_LOGICAL_ROW,3267
tbl_26530f3e2013,lrow_0e238c2bbb79,TABLE_CONTAINS_LOGICAL_ROW,3268
tbl_26530f3e2013,lrow_efa0b3976e5e,TABLE_CONTAINS_LOGICAL_ROW,3269
tbl_26530f3e2013,lrow_eca6bf99f29c,TABLE_CONTAINS_LOGICAL_ROW,3270
tbl_26530f3e2013,lrow_f1d5d9f274d0,TABLE_CONTAINS_LOGICAL_ROW,3271
tbl_26530f3e2013,lrow_f4f79f876113,TABLE_CONTAINS_LOGICAL_ROW,3272
tbl_26530f3e2013,lrow_697aaa216571,TABLE_CONTAINS_LOGICAL_ROW,3273
tbl_26530f3e2013,lrow_b474ef00b79e,TABLE_CONTAINS_LOGICAL_ROW,3274
tbl_26530f3e2013,lrow_4b80c4c9d7fe,TABLE_CONTAINS_LOGICAL_ROW,3275
tbl_26530f3e2013,lrow_c775e1b937cd,TABLE_CONTAINS_LOGICAL_ROW,3276
tbl_26530f3e2013,lrow_a67867a38865,TABLE_CONTAINS_LOGICAL_ROW,3277
tbl_26530f3e2013,lrow_2d709dc46e1c,TABLE_CONTAINS_LOGICAL_ROW,3278
tbl_26530f3e2013,lrow_bf8b694d8c0e,TABLE_CONTAINS_LOGICAL_ROW,3279
tbl_26530f3e2013,lrow_8c616118800e,TABLE_CONTAINS_LOGICAL_ROW,3280
tbl_26530f3e2013,lrow_8682636a75cf,TABLE_CONTAINS_LOGICAL_ROW,3281
tbl_26530f3e2013,lrow_1003c1d7b8cb,TABLE_CONTAINS_LOGICAL_ROW,3282
tbl_26530f3e2013,lrow_4ea88ecb52b3,TABLE_CONTAINS_LOGICAL_ROW,3283
tbl_26530f3e2013,lrow_ee06174e84ce,TABLE_CONTAINS_LOGICAL_ROW,3284
tbl_26530f3e2013,lrow_60435b3e7246,TABLE_CONTAINS_LOGICAL_ROW,3285
tbl_26530f3e2013,lrow_9961230815b6,TABLE_CONTAINS_LOGICAL_ROW,3286
tbl_26530f3e2013,lrow_5d0ae46ebedc,TABLE_CONTAINS_LOGICAL_ROW,3287
tbl_26530f3e2013,lrow_0ef83c413588,TABLE_CONTAINS_LOGICAL_ROW,3288
tbl_26530f3e2013,lrow_d0ffcd966c01,TABLE_CONTAINS_LOGICAL_ROW,3289
tbl_26530f3e2013,lrow_b17956ee0203,TABLE_CONTAINS_LOGICAL_ROW,3290
tbl_26530f3e2013,lrow_1991585c9329,TABLE_CONTAINS_LOGICAL_ROW,3291
tbl_26530f3e2013,lrow_34000aaebd5f,TABLE_CONTAINS_LOGICAL_ROW,3292
tbl_26530f3e2013,lrow_cafa8d712884,TABLE_CONTAINS_LOGICAL_ROW,3293
tbl_26530f3e2013,lrow_a1b8e6f3ce52,TABLE_CONTAINS_LOGICAL_ROW,3294
tbl_26530f3e2013,lrow_83e612c578bf,TABLE_CONTAINS_LOGICAL_ROW,3295
tbl_26530f3e2013,lrow_eaf50c547205,TABLE_CONTAINS_LOGICAL_ROW,3296
tbl_26530f3e2013,lrow_84822691d799,TABLE_CONTAINS_LOGICAL_ROW,3297
tbl_26530f3e2013,lrow_f94baa4d933b,TABLE_CONTAINS_LOGICAL_ROW,3298
tbl_26530f3e2013,lrow_bddd12fd7438,TABLE_CONTAINS_LOGICAL_ROW,3299
tbl_26530f3e2013,lrow_77deaf01d73f,TABLE_CONTAINS_LOGICAL_ROW,3300
tbl_26530f3e2013,lrow_a50ffff45cf5,TABLE_CONTAINS_LOGICAL_ROW,3301
tbl_26530f3e2013,lrow_f8994200a9d7,TABLE_CONTAINS_LOGICAL_ROW,3302
tbl_26530f3e2013,lrow_cb129d97c19c,TABLE_CONTAINS_LOGICAL_ROW,3303
tbl_26530f3e2013,lrow_3d57ef1d8c36,TABLE_CONTAINS_LOGICAL_ROW,3304
tbl_26530f3e2013,lrow_19620c9ba797,TABLE_CONTAINS_LOGICAL_ROW,3305
tbl_26530f3e2013,lrow_63d0545873e1,TABLE_CONTAINS_LOGICAL_ROW,3306
tbl_26530f3e2013,lrow_5e25e37befc0,TABLE_CONTAINS_LOGICAL_ROW,3307
tbl_26530f3e2013,lrow_4ebd9439ff16,TABLE_CONTAINS_LOGICAL_ROW,3308
tbl_26530f3e2013,lrow_39f4f848d242,TABLE_CONTAINS_LOGICAL_ROW,3309
tbl_26530f3e2013,lrow_0db52de5ab43,TABLE_CONTAINS_LOGICAL_ROW,3310
tbl_26530f3e2013,lrow_ae1bf5e836f7,TABLE_CONTAINS_LOGICAL_ROW,3311
tbl_26530f3e2013,lrow_48677104409a,TABLE_CONTAINS_LOGICAL_ROW,3312
tbl_26530f3e2013,lrow_88d51d7a697c,TABLE_CONTAINS_LOGICAL_ROW,3313
tbl_26530f3e2013,lrow_0c05addf8613,TABLE_CONTAINS_LOGICAL_ROW,3314
tbl_26530f3e2013,lrow_4b76974f8ffb,TABLE_CONTAINS_LOGICAL_ROW,3315
tbl_26530f3e2013,lrow_cb076fe87a94,TABLE_CONTAINS_LOGICAL_ROW,3316
tbl_26530f3e2013,lrow_069971497a00,TABLE_CONTAINS_LOGICAL_ROW,3317
tbl_26530f3e2013,lrow_c31454ca2bd8,TABLE_CONTAINS_LOGICAL_ROW,3318
tbl_26530f3e2013,lrow_44a29069ff84,TABLE_CONTAINS_LOGICAL_ROW,3319
tbl_26530f3e2013,lrow_bbd16f7651d3,TABLE_CONTAINS_LOGICAL_ROW,3320
tbl_26530f3e2013,lrow_0f02ebf10edc,TABLE_CONTAINS_LOGICAL_ROW,3321
tbl_26530f3e2013,lrow_fa960baec295,TABLE_CONTAINS_LOGICAL_ROW,3322
tbl_26530f3e2013,lrow_ee5154b5cf5f,TABLE_CONTAINS_LOGICAL_ROW,3323
tbl_26530f3e2013,lrow_837e806223bf,TABLE_CONTAINS_LOGICAL_ROW,3324
tbl_26530f3e2013,lrow_5f2686f71c3d,TABLE_CONTAINS_LOGICAL_ROW,3325
tbl_26530f3e2013,lrow_638f689af60e,TABLE_CONTAINS_LOGICAL_ROW,3326
tbl_26530f3e2013,lrow_69e3efac2d08,TABLE_CONTAINS_LOGICAL_ROW,3327
tbl_26530f3e2013,lrow_f918a60978f5,TABLE_CONTAINS_LOGICAL_ROW,3328
tbl_26530f3e2013,lrow_973fb5036dd1,TABLE_CONTAINS_LOGICAL_ROW,3329
tbl_26530f3e2013,lrow_260ff6b13e3a,TABLE_CONTAINS_LOGICAL_ROW,3330
tbl_26530f3e2013,lrow_ac05ff6c915d,TABLE_CONTAINS_LOGICAL_ROW,3331
tbl_26530f3e2013,lrow_f583bcd74c06,TABLE_CONTAINS_LOGICAL_ROW,3332
tbl_26530f3e2013,lrow_a97df569ff04,TABLE_CONTAINS_LOGICAL_ROW,3333
tbl_26530f3e2013,lrow_46bc6c3654f9,TABLE_CONTAINS_LOGICAL_ROW,3334
tbl_26530f3e2013,lrow_13d4e9c09fbd,TABLE_CONTAINS_LOGICAL_ROW,3335
tbl_26530f3e2013,lrow_1624dfc71d60,TABLE_CONTAINS_LOGICAL_ROW,3336
tbl_26530f3e2013,lrow_cf9599afe162,TABLE_CONTAINS_LOGICAL_ROW,3337
tbl_26530f3e2013,lrow_15c8c7ad7cd7,TABLE_CONTAINS_LOGICAL_ROW,3338
tbl_26530f3e2013,lrow_2252f566164c,TABLE_CONTAINS_LOGICAL_ROW,3339
tbl_26530f3e2013,lrow_2a7d78ceb1c0,TABLE_CONTAINS_LOGICAL_ROW,3340
tbl_26530f3e2013,lrow_39f45c25ae22,TABLE_CONTAINS_LOGICAL_ROW,3341
tbl_26530f3e2013,lrow_d2f1f8e336a9,TABLE_CONTAINS_LOGICAL_ROW,3342
tbl_26530f3e2013,lrow_1ed4130bbf17,TABLE_CONTAINS_LOGICAL_ROW,3343
tbl_26530f3e2013,lrow_0d307d7195ea,TABLE_CONTAINS_LOGICAL_ROW,3344
tbl_26530f3e2013,lrow_d85e526b6415,TABLE_CONTAINS_LOGICAL_ROW,3345
tbl_26530f3e2013,lrow_12234373028d,TABLE_CONTAINS_LOGICAL_ROW,3346
tbl_26530f3e2013,lrow_399df330f06b,TABLE_CONTAINS_LOGICAL_ROW,3347
tbl_26530f3e2013,lrow_2f9c6180d5fc,TABLE_CONTAINS_LOGICAL_ROW,3348
tbl_26530f3e2013,lrow_c447e26744d4,TABLE_CONTAINS_LOGICAL_ROW,3349
tbl_26530f3e2013,lrow_7d37003f5fb5,TABLE_CONTAINS_LOGICAL_ROW,3350
tbl_26530f3e2013,lrow_e97691ac3699,TABLE_CONTAINS_LOGICAL_ROW,3351
tbl_26530f3e2013,lrow_3f2b48b08417,TABLE_CONTAINS_LOGICAL_ROW,3352
tbl_26530f3e2013,lrow_4feeea743368,TABLE_CONTAINS_LOGICAL_ROW,3353
tbl_26530f3e2013,lrow_60ec6269ca0f,TABLE_CONTAINS_LOGICAL_ROW,3354
tbl_26530f3e2013,lrow_73a31cba2a26,TABLE_CONTAINS_LOGICAL_ROW,3355
tbl_26530f3e2013,lrow_41fc312673b8,TABLE_CONTAINS_LOGICAL_ROW,3356
tbl_26530f3e2013,lrow_3af1b36dd234,TABLE_CONTAINS_LOGICAL_ROW,3357
tbl_26530f3e2013,lrow_c2069fb3458e,TABLE_CONTAINS_LOGICAL_ROW,3358
tbl_26530f3e2013,lrow_038df83f67b0,TABLE_CONTAINS_LOGICAL_ROW,3359
tbl_26530f3e2013,lrow_7cd3cba73ccc,TABLE_CONTAINS_LOGICAL_ROW,3360
tbl_26530f3e2013,lrow_028fdbebd7b8,TABLE_CONTAINS_LOGICAL_ROW,3361
tbl_26530f3e2013,lrow_074dc6a8d6e6,TABLE_CONTAINS_LOGICAL_ROW,3362
tbl_26530f3e2013,lrow_e0d318f75d1b,TABLE_CONTAINS_LOGICAL_ROW,3363
tbl_26530f3e2013,lrow_8d24383650cc,TABLE_CONTAINS_LOGICAL_ROW,3364
tbl_26530f3e2013,lrow_1c19a1ae6c6e,TABLE_CONTAINS_LOGICAL_ROW,3365
tbl_26530f3e2013,lrow_6ec73972fb3b,TABLE_CONTAINS_LOGICAL_ROW,3366
tbl_26530f3e2013,lrow_1392ebe0f525,TABLE_CONTAINS_LOGICAL_ROW,3367
tbl_26530f3e2013,lrow_d00c5c1d6983,TABLE_CONTAINS_LOGICAL_ROW,3368
tbl_26530f3e2013,lrow_d98eaa9a8da0,TABLE_CONTAINS_LOGICAL_ROW,3369
tbl_26530f3e2013,lrow_1c879c50869d,TABLE_CONTAINS_LOGICAL_ROW,3370
tbl_26530f3e2013,lrow_ba8fd53e9625,TABLE_CONTAINS_LOGICAL_ROW,3371
tbl_26530f3e2013,lrow_9d2d0b657e6d,TABLE_CONTAINS_LOGICAL_ROW,3372
tbl_26530f3e2013,lrow_d851c83ded38,TABLE_CONTAINS_LOGICAL_ROW,3373
tbl_26530f3e2013,lrow_63fc115ca4da,TABLE_CONTAINS_LOGICAL_ROW,3374
tbl_26530f3e2013,lrow_111c9549c9c5,TABLE_CONTAINS_LOGICAL_ROW,3375
tbl_26530f3e2013,lrow_03d42cdda513,TABLE_CONTAINS_LOGICAL_ROW,3376
tbl_26530f3e2013,lrow_1e6bd24648d7,TABLE_CONTAINS_LOGICAL_ROW,3377
tbl_267aef89cf35,lrow_7cb937f11736,TABLE_CONTAINS_LOGICAL_ROW,3378
tbl_27b26bc4b8c2,lrow_e6ad8cbd67fd,TABLE_CONTAINS_LOGICAL_ROW,3379
tbl_27b26bc4b8c2,lrow_4bacc5634091,TABLE_CONTAINS_LOGICAL_ROW,3380
tbl_282383033236,lrow_21f031e83e4b,TABLE_CONTAINS_LOGICAL_ROW,3381
tbl_2877d4313a52,lrow_13c2d3ab10cb,TABLE_CONTAINS_LOGICAL_ROW,3382
tbl_2996b3eb8d24,lrow_700df3d02c23,TABLE_CONTAINS_LOGICAL_ROW,3383
tbl_2996b3eb8d24,lrow_4a2dd1e10eb7,TABLE_CONTAINS_LOGICAL_ROW,3384
tbl_2996b3eb8d24,lrow_83d58bee975e,TABLE_CONTAINS_LOGICAL_ROW,3385
tbl_2996b3eb8d24,lrow_33207ac717e6,TABLE_CONTAINS_LOGICAL_ROW,3386
tbl_29d87cccbd8b,lrow_b0ccccb8054a,TABLE_CONTAINS_LOGICAL_ROW,3387
tbl_2ba7608ab69e,lrow_b0b364c4aa1b,TABLE_CONTAINS_LOGICAL_ROW,3388
tbl_2c0dd0b24550,lrow_cacb32a19956,TABLE_CONTAINS_LOGICAL_ROW,3389
tbl_2c0dd0b24550,lrow_388c8d9a529e,TABLE_CONTAINS_LOGICAL_ROW,3390
tbl_2c0dd0b24550,lrow_bb99e764570d,TABLE_CONTAINS_LOGICAL_ROW,3391
tbl_2c0dd0b24550,lrow_9be858c13ef7,TABLE_CONTAINS_LOGICAL_ROW,3392
tbl_2c31fb2c8ee4,lrow_806071cd55fe,TABLE_CONTAINS_LOGICAL_ROW,3393
tbl_2c96750959a8,lrow_cb5ae6a95d3b,TABLE_CONTAINS_LOGICAL_ROW,3394
tbl_2c96750959a8,lrow_f0075d1ff3be,TABLE_CONTAINS_LOGICAL_ROW,3395
tbl_2c96750959a8,lrow_5a88cf0ec41f,TABLE_CONTAINS_LOGICAL_ROW,3396
tbl_2c96750959a8,lrow_d7d81e661f52,TABLE_CONTAINS_LOGICAL_ROW,3397
tbl_2c96750959a8,lrow_4127b40f472c,TABLE_CONTAINS_LOGICAL_ROW,3398
tbl_2c96750959a8,lrow_deb92b5fc054,TABLE_CONTAINS_LOGICAL_ROW,3399
tbl_2c96750959a8,lrow_77e67471fcb7,TABLE_CONTAINS_LOGICAL_ROW,3400
tbl_2c96750959a8,lrow_4299987e530f,TABLE_CONTAINS_LOGICAL_ROW,3401
tbl_2c96750959a8,lrow_6988feb9017d,TABLE_CONTAINS_LOGICAL_ROW,3402
tbl_2c96750959a8,lrow_ebb18aa60302,TABLE_CONTAINS_LOGICAL_ROW,3403
tbl_2cbbb04febaa,lrow_ccdb8bb84804,TABLE_CONTAINS_LOGICAL_ROW,3404
tbl_2cbbb04febaa,lrow_fdb39ca1c78c,TABLE_CONTAINS_LOGICAL_ROW,3405
tbl_300d8830bca8,lrow_5da80fa87b3c,TABLE_CONTAINS_LOGICAL_ROW,3406
tbl_300dc1faf053,lrow_053d85c97ad9,TABLE_CONTAINS_LOGICAL_ROW,3407
tbl_304457e610e5,lrow_6101fa3d61f1,TABLE_CONTAINS_LOGICAL_ROW,3408
tbl_30c3be060e08,lrow_a1be1359d436,TABLE_CONTAINS_LOGICAL_ROW,3409
tbl_30f18900a68c,lrow_55bce15646cd,TABLE_CONTAINS_LOGICAL_ROW,3410
tbl_30f18900a68c,lrow_7334995ac54f,TABLE_CONTAINS_LOGICAL_ROW,3411
tbl_310157c0c044,lrow_384af08871bb,TABLE_CONTAINS_LOGICAL_ROW,3412
tbl_310157c0c044,lrow_84ec23c93c1d,TABLE_CONTAINS_LOGICAL_ROW,3413
tbl_31c756567a8a,lrow_2a09e3b14c34,TABLE_CONTAINS_LOGICAL_ROW,3414
tbl_31c756567a8a,lrow_e23b17f044c8,TABLE_CONTAINS_LOGICAL_ROW,3415
tbl_31c756567a8a,lrow_2867fa0a81ee,TABLE_CONTAINS_LOGICAL_ROW,3416
tbl_31c756567a8a,lrow_de46d2baafe6,TABLE_CONTAINS_LOGICAL_ROW,3417
tbl_31c756567a8a,lrow_1c06eb766698,TABLE_CONTAINS_LOGICAL_ROW,3418
tbl_31c756567a8a,lrow_a2e9accc9a16,TABLE_CONTAINS_LOGICAL_ROW,3419
tbl_31c756567a8a,lrow_895856b1200b,TABLE_CONTAINS_LOGICAL_ROW,3420
tbl_322ead80aa08,lrow_91f637aa54eb,TABLE_CONTAINS_LOGICAL_ROW,3421
tbl_322ead80aa08,lrow_b7f78fca8a5c,TABLE_CONTAINS_LOGICAL_ROW,3422
tbl_322ead80aa08,lrow_452aed451f77,TABLE_CONTAINS_LOGICAL_ROW,3423
tbl_322ead80aa08,lrow_ee3ee71fff12,TABLE_CONTAINS_LOGICAL_ROW,3424
tbl_3440093ecfb3,lrow_75c9b9bd6487,TABLE_CONTAINS_LOGICAL_ROW,3425
tbl_3440093ecfb3,lrow_3c42baa2564d,TABLE_CONTAINS_LOGICAL_ROW,3426
tbl_3440093ecfb3,lrow_83cace9397e9,TABLE_CONTAINS_LOGICAL_ROW,3427
tbl_346a28150707,lrow_f345ebbd8c27,TABLE_CONTAINS_LOGICAL_ROW,3428
tbl_34c0e46f3018,lrow_4b88567590eb,TABLE_CONTAINS_LOGICAL_ROW,3429
tbl_34c0e46f3018,lrow_fa7d9db3f536,TABLE_CONTAINS_LOGICAL_ROW,3430
tbl_34c0e46f3018,lrow_244f6e717328,TABLE_CONTAINS_LOGICAL_ROW,3431
tbl_34c0e46f3018,lrow_0b93cd6768ae,TABLE_CONTAINS_LOGICAL_ROW,3432
tbl_34c0e46f3018,lrow_109cd20e41fe,TABLE_CONTAINS_LOGICAL_ROW,3433
tbl_34c0e46f3018,lrow_3c209c31feed,TABLE_CONTAINS_LOGICAL_ROW,3434
tbl_34c0e46f3018,lrow_72b805a45e45,TABLE_CONTAINS_LOGICAL_ROW,3435
tbl_34c0e46f3018,lrow_4cd221c238cb,TABLE_CONTAINS_LOGICAL_ROW,3436
tbl_34c0e46f3018,lrow_9d7dcdb7bcd9,TABLE_CONTAINS_LOGICAL_ROW,3437
tbl_34c0e46f3018,lrow_f11dfa8ecdd5,TABLE_CONTAINS_LOGICAL_ROW,3438
tbl_34c0e46f3018,lrow_811e61b0c230,TABLE_CONTAINS_LOGICAL_ROW,3439
tbl_34c0e46f3018,lrow_c7e7b800b2b9,TABLE_CONTAINS_LOGICAL_ROW,3440
tbl_34c0e46f3018,lrow_2fa106d8d9e8,TABLE_CONTAINS_LOGICAL_ROW,3441
tbl_34c0e46f3018,lrow_505a65a62ae7,TABLE_CONTAINS_LOGICAL_ROW,3442
tbl_34c0e46f3018,lrow_75334f026355,TABLE_CONTAINS_LOGICAL_ROW,3443
tbl_34c0e46f3018,lrow_f19846f9e647,TABLE_CONTAINS_LOGICAL_ROW,3444
tbl_34c0e46f3018,lrow_5bc5985f1819,TABLE_CONTAINS_LOGICAL_ROW,3445
tbl_34c0e46f3018,lrow_27c5fdfaa5f2,TABLE_CONTAINS_LOGICAL_ROW,3446
tbl_34dd561b28f8,lrow_1e3f7fe3aee8,TABLE_CONTAINS_LOGICAL_ROW,3447
tbl_34e559141c6d,lrow_82810bca1d2d,TABLE_CONTAINS_LOGICAL_ROW,3448
tbl_34e559141c6d,lrow_66d8e27c20c4,TABLE_CONTAINS_LOGICAL_ROW,3449
tbl_34e559141c6d,lrow_dc3ce3b739e6,TABLE_CONTAINS_LOGICAL_ROW,3450
tbl_34ecdd984b46,lrow_6b2fd40d0215,TABLE_CONTAINS_LOGICAL_ROW,3451
tbl_34ecdd984b46,lrow_d64172775bb3,TABLE_CONTAINS_LOGICAL_ROW,3452
tbl_350f810ca232,lrow_e0cad363b443,TABLE_CONTAINS_LOGICAL_ROW,3453
tbl_350f810ca232,lrow_8bddf5801d00,TABLE_CONTAINS_LOGICAL_ROW,3454
tbl_350f810ca232,lrow_1952116eb537,TABLE_CONTAINS_LOGICAL_ROW,3455
tbl_350f810ca232,lrow_def34e2f0b7a,TABLE_CONTAINS_LOGICAL_ROW,3456
tbl_350f810ca232,lrow_ac6e3edd0537,TABLE_CONTAINS_LOGICAL_ROW,3457
tbl_350f810ca232,lrow_001d8af98671,TABLE_CONTAINS_LOGICAL_ROW,3458
tbl_350f810ca232,lrow_6fa96a19a724,TABLE_CONTAINS_LOGICAL_ROW,3459
tbl_350f810ca232,lrow_9352b9dac579,TABLE_CONTAINS_LOGICAL_ROW,3460
tbl_350f810ca232,lrow_f5c1fdc54e32,TABLE_CONTAINS_LOGICAL_ROW,3461
tbl_3566f1745da6,lrow_893e02c076e4,TABLE_CONTAINS_LOGICAL_ROW,3462
tbl_36846bd06ccc,lrow_479197d26789,TABLE_CONTAINS_LOGICAL_ROW,3463
tbl_36846bd06ccc,lrow_eb33a7d33daf,TABLE_CONTAINS_LOGICAL_ROW,3464
tbl_36846bd06ccc,lrow_5583b5e56c96,TABLE_CONTAINS_LOGICAL_ROW,3465
tbl_36846bd06ccc,lrow_f64082aa85d4,TABLE_CONTAINS_LOGICAL_ROW,3466
tbl_36846bd06ccc,lrow_203402ca3cf0,TABLE_CONTAINS_LOGICAL_ROW,3467
tbl_3762b95e877b,lrow_c201e05b8a0d,TABLE_CONTAINS_LOGICAL_ROW,3468
tbl_3762b95e877b,lrow_fd248c173666,TABLE_CONTAINS_LOGICAL_ROW,3469
tbl_3762b95e877b,lrow_e1df89b13c05,TABLE_CONTAINS_LOGICAL_ROW,3470
tbl_3797beca8cf7,lrow_882d54eaa20e,TABLE_CONTAINS_LOGICAL_ROW,3471
tbl_3797beca8cf7,lrow_edca8faf90f8,TABLE_CONTAINS_LOGICAL_ROW,3472
tbl_3798abea97d2,lrow_6c5974e196eb,TABLE_CONTAINS_LOGICAL_ROW,3473
tbl_3798abea97d2,lrow_96d3e2218c2a,TABLE_CONTAINS_LOGICAL_ROW,3474
tbl_3798abea97d2,lrow_9193d8adf4bc,TABLE_CONTAINS_LOGICAL_ROW,3475
tbl_3915deab84c2,lrow_b575968242a2,TABLE_CONTAINS_LOGICAL_ROW,3476
tbl_39563cba95c1,lrow_73ea75c8ee15,TABLE_CONTAINS_LOGICAL_ROW,3477
tbl_39563cba95c1,lrow_96021209e74d,TABLE_CONTAINS_LOGICAL_ROW,3478
tbl_39563cba95c1,lrow_ee879fb43da7,TABLE_CONTAINS_LOGICAL_ROW,3479
tbl_39563cba95c1,lrow_ad020789419c,TABLE_CONTAINS_LOGICAL_ROW,3480
tbl_39563cba95c1,lrow_a40aff672cdf,TABLE_CONTAINS_LOGICAL_ROW,3481
tbl_39563cba95c1,lrow_f2bc15dd6396,TABLE_CONTAINS_LOGICAL_ROW,3482
tbl_39563cba95c1,lrow_1efb8b984ad9,TABLE_CONTAINS_LOGICAL_ROW,3483
tbl_39563cba95c1,lrow_9587519c1e17,TABLE_CONTAINS_LOGICAL_ROW,3484
tbl_39563cba95c1,lrow_0cec78770397,TABLE_CONTAINS_LOGICAL_ROW,3485
tbl_39563cba95c1,lrow_ceec69cf0a42,TABLE_CONTAINS_LOGICAL_ROW,3486
tbl_39563cba95c1,lrow_d1f1c51b6559,TABLE_CONTAINS_LOGICAL_ROW,3487
tbl_39563cba95c1,lrow_f7146b3cc347,TABLE_CONTAINS_LOGICAL_ROW,3488
tbl_39563cba95c1,lrow_b3a2eb788ae4,TABLE_CONTAINS_LOGICAL_ROW,3489
tbl_39563cba95c1,lrow_320bf8fff204,TABLE_CONTAINS_LOGICAL_ROW,3490
tbl_39563cba95c1,lrow_2558aa3782ac,TABLE_CONTAINS_LOGICAL_ROW,3491
tbl_39563cba95c1,lrow_aea3568e5645,TABLE_CONTAINS_LOGICAL_ROW,3492
tbl_39563cba95c1,lrow_15f0064dea07,TABLE_CONTAINS_LOGICAL_ROW,3493
tbl_39563cba95c1,lrow_51efd211ba63,TABLE_CONTAINS_LOGICAL_ROW,3494
tbl_39563cba95c1,lrow_c3795780cc59,TABLE_CONTAINS_LOGICAL_ROW,3495
tbl_39563cba95c1,lrow_bd74b60aac33,TABLE_CONTAINS_LOGICAL_ROW,3496
tbl_39563cba95c1,lrow_77c8d6d54617,TABLE_CONTAINS_LOGICAL_ROW,3497
tbl_39563cba95c1,lrow_5118dab2c6e2,TABLE_CONTAINS_LOGICAL_ROW,3498
tbl_39563cba95c1,lrow_a0514f4a21a0,TABLE_CONTAINS_LOGICAL_ROW,3499
tbl_39563cba95c1,lrow_576d22c6d06a,TABLE_CONTAINS_LOGICAL_ROW,3500
tbl_39563cba95c1,lrow_caafbc422599,TABLE_CONTAINS_LOGICAL_ROW,3501
tbl_39563cba95c1,lrow_ae55d2b83971,TABLE_CONTAINS_LOGICAL_ROW,3502
tbl_39563cba95c1,lrow_ac3d26d0b5aa,TABLE_CONTAINS_LOGICAL_ROW,3503
tbl_39563cba95c1,lrow_dd52f971332e,TABLE_CONTAINS_LOGICAL_ROW,3504
tbl_39563cba95c1,lrow_486941636bb6,TABLE_CONTAINS_LOGICAL_ROW,3505
tbl_39563cba95c1,lrow_1699eccdf547,TABLE_CONTAINS_LOGICAL_ROW,3506
tbl_39563cba95c1,lrow_60b99bd6eb6e,TABLE_CONTAINS_LOGICAL_ROW,3507
tbl_39563cba95c1,lrow_795c9ea1b772,TABLE_CONTAINS_LOGICAL_ROW,3508
tbl_39563cba95c1,lrow_7f81a0b4f324,TABLE_CONTAINS_LOGICAL_ROW,3509
tbl_39563cba95c1,lrow_45e97b19dbf1,TABLE_CONTAINS_LOGICAL_ROW,3510
tbl_39563cba95c1,lrow_12ca8928079d,TABLE_CONTAINS_LOGICAL_ROW,3511
tbl_39563cba95c1,lrow_ce34c586a9a5,TABLE_CONTAINS_LOGICAL_ROW,3512
tbl_39671e48f9f8,lrow_7f0a513229cf,TABLE_CONTAINS_LOGICAL_ROW,3513
tbl_39cb0563b736,lrow_8b217562618b,TABLE_CONTAINS_LOGICAL_ROW,3514
tbl_39cb0563b736,lrow_c757b31f68b0,TABLE_CONTAINS_LOGICAL_ROW,3515
tbl_39cb0563b736,lrow_fdb6d69d8843,TABLE_CONTAINS_LOGICAL_ROW,3516
tbl_39cb0563b736,lrow_3c2425035eb4,TABLE_CONTAINS_LOGICAL_ROW,3517
tbl_39e0fb32ba9c,lrow_cb3f5b46d13f,TABLE_CONTAINS_LOGICAL_ROW,3518
tbl_39e0fb32ba9c,lrow_6196136662f8,TABLE_CONTAINS_LOGICAL_ROW,3519
tbl_39e0fb32ba9c,lrow_36eeb5eee257,TABLE_CONTAINS_LOGICAL_ROW,3520
tbl_3a43a6d74419,lrow_daeabeb92cee,TABLE_CONTAINS_LOGICAL_ROW,3521
tbl_3a43a6d74419,lrow_3deebca55962,TABLE_CONTAINS_LOGICAL_ROW,3522
tbl_3a43a6d74419,lrow_072132a415bd,TABLE_CONTAINS_LOGICAL_ROW,3523
tbl_3a43a6d74419,lrow_3b8c89342edb,TABLE_CONTAINS_LOGICAL_ROW,3524
tbl_3a43a6d74419,lrow_69323dbe5bb4,TABLE_CONTAINS_LOGICAL_ROW,3525
tbl_3a43a6d74419,lrow_260315a21e8a,TABLE_CONTAINS_LOGICAL_ROW,3526
tbl_3a43a6d74419,lrow_02e4309c7a46,TABLE_CONTAINS_LOGICAL_ROW,3527
tbl_3a43a6d74419,lrow_e7beaad33612,TABLE_CONTAINS_LOGICAL_ROW,3528
tbl_3a43a6d74419,lrow_508564207ea1,TABLE_CONTAINS_LOGICAL_ROW,3529
tbl_3a43a6d74419,lrow_2498830dabe5,TABLE_CONTAINS_LOGICAL_ROW,3530
tbl_3a43a6d74419,lrow_2ec606285689,TABLE_CONTAINS_LOGICAL_ROW,3531
tbl_3a43a6d74419,lrow_23882ff29ef6,TABLE_CONTAINS_LOGICAL_ROW,3532
tbl_3a43a6d74419,lrow_fe0c784c3e91,TABLE_CONTAINS_LOGICAL_ROW,3533
tbl_3a43a6d74419,lrow_a1116797a6e7,TABLE_CONTAINS_LOGICAL_ROW,3534
tbl_3a43a6d74419,lrow_f36b58a2e866,TABLE_CONTAINS_LOGICAL_ROW,3535
tbl_3a43a6d74419,lrow_23c0a97a61b5,TABLE_CONTAINS_LOGICAL_ROW,3536
tbl_3a43a6d74419,lrow_6786e4597084,TABLE_CONTAINS_LOGICAL_ROW,3537
tbl_3a43a6d74419,lrow_c5270043f45a,TABLE_CONTAINS_LOGICAL_ROW,3538
tbl_3a43a6d74419,lrow_8ae42bde08cd,TABLE_CONTAINS_LOGICAL_ROW,3539
tbl_3a43a6d74419,lrow_e946aa984ec7,TABLE_CONTAINS_LOGICAL_ROW,3540
tbl_3a43a6d74419,lrow_37f21ee19853,TABLE_CONTAINS_LOGICAL_ROW,3541
tbl_3a43a6d74419,lrow_00b441693dbc,TABLE_CONTAINS_LOGICAL_ROW,3542
tbl_3a43a6d74419,lrow_b9143fdc2770,TABLE_CONTAINS_LOGICAL_ROW,3543
tbl_3a43a6d74419,lrow_3fe9c6f78d29,TABLE_CONTAINS_LOGICAL_ROW,3544
tbl_3a43a6d74419,lrow_24ad9b5e4c82,TABLE_CONTAINS_LOGICAL_ROW,3545
tbl_3a43a6d74419,lrow_083269364576,TABLE_CONTAINS_LOGICAL_ROW,3546
tbl_3a43a6d74419,lrow_d5967e4f207e,TABLE_CONTAINS_LOGICAL_ROW,3547
tbl_3a43a6d74419,lrow_7e66a8ea77e8,TABLE_CONTAINS_LOGICAL_ROW,3548
tbl_3a43a6d74419,lrow_2a3e34b8ab8f,TABLE_CONTAINS_LOGICAL_ROW,3549
tbl_3a43a6d74419,lrow_97276c08fef8,TABLE_CONTAINS_LOGICAL_ROW,3550
tbl_3a43a6d74419,lrow_37f4fa96313b,TABLE_CONTAINS_LOGICAL_ROW,3551
tbl_3a43a6d74419,lrow_66bb031c4392,TABLE_CONTAINS_LOGICAL_ROW,3552
tbl_3a43a6d74419,lrow_54eb49a121a0,TABLE_CONTAINS_LOGICAL_ROW,3553
tbl_3a43a6d74419,lrow_064f11fc200b,TABLE_CONTAINS_LOGICAL_ROW,3554
tbl_3a43a6d74419,lrow_05e1dfa6dc14,TABLE_CONTAINS_LOGICAL_ROW,3555
tbl_3a43a6d74419,lrow_c3c599ee89e4,TABLE_CONTAINS_LOGICAL_ROW,3556
tbl_3a43a6d74419,lrow_60468e505f79,TABLE_CONTAINS_LOGICAL_ROW,3557
tbl_3a43a6d74419,lrow_256bf71a2694,TABLE_CONTAINS_LOGICAL_ROW,3558
tbl_3a43a6d74419,lrow_556def11cf48,TABLE_CONTAINS_LOGICAL_ROW,3559
tbl_3a43a6d74419,lrow_8043d0a91577,TABLE_CONTAINS_LOGICAL_ROW,3560
tbl_3a43a6d74419,lrow_8c21c201b600,TABLE_CONTAINS_LOGICAL_ROW,3561
tbl_3a43a6d74419,lrow_9ffa75466d53,TABLE_CONTAINS_LOGICAL_ROW,3562
tbl_3a43a6d74419,lrow_cba36e372cb8,TABLE_CONTAINS_LOGICAL_ROW,3563
tbl_3a43a6d74419,lrow_e8a8d2224b6f,TABLE_CONTAINS_LOGICAL_ROW,3564
tbl_3a43a6d74419,lrow_3942f04b5764,TABLE_CONTAINS_LOGICAL_ROW,3565
tbl_3a43a6d74419,lrow_b69b33390a19,TABLE_CONTAINS_LOGICAL_ROW,3566
tbl_3a43a6d74419,lrow_dc085a6acc4e,TABLE_CONTAINS_LOGICAL_ROW,3567
tbl_3a43a6d74419,lrow_9562a01c168c,TABLE_CONTAINS_LOGICAL_ROW,3568
tbl_3a43a6d74419,lrow_d339c6efd368,TABLE_CONTAINS_LOGICAL_ROW,3569
tbl_3a43a6d74419,lrow_8bc06718604c,TABLE_CONTAINS_LOGICAL_ROW,3570
tbl_3a43a6d74419,lrow_d6a99ca36758,TABLE_CONTAINS_LOGICAL_ROW,3571
tbl_3a43a6d74419,lrow_53532c96ecc9,TABLE_CONTAINS_LOGICAL_ROW,3572
tbl_3a43a6d74419,lrow_5728735c2b62,TABLE_CONTAINS_LOGICAL_ROW,3573
tbl_3a43a6d74419,lrow_6a857d5ae3b5,TABLE_CONTAINS_LOGICAL_ROW,3574
tbl_3a43a6d74419,lrow_984d2c767c98,TABLE_CONTAINS_LOGICAL_ROW,3575
tbl_3a43a6d74419,lrow_1606cdbaba62,TABLE_CONTAINS_LOGICAL_ROW,3576
tbl_3a43a6d74419,lrow_be9a3564a2ca,TABLE_CONTAINS_LOGICAL_ROW,3577
tbl_3a43a6d74419,lrow_f707889844c1,TABLE_CONTAINS_LOGICAL_ROW,3578
tbl_3a43a6d74419,lrow_e0ef414fc5b9,TABLE_CONTAINS_LOGICAL_ROW,3579
tbl_3a43a6d74419,lrow_cc2a032795a7,TABLE_CONTAINS_LOGICAL_ROW,3580
tbl_3a43a6d74419,lrow_b332131e1c18,TABLE_CONTAINS_LOGICAL_ROW,3581
tbl_3a43a6d74419,lrow_593a0632d991,TABLE_CONTAINS_LOGICAL_ROW,3582
tbl_3a43a6d74419,lrow_5d53d05f7220,TABLE_CONTAINS_LOGICAL_ROW,3583
tbl_3a43a6d74419,lrow_bdccb4ff98c5,TABLE_CONTAINS_LOGICAL_ROW,3584
tbl_3a43a6d74419,lrow_93eca23b3cef,TABLE_CONTAINS_LOGICAL_ROW,3585
tbl_3a43a6d74419,lrow_a6885638d6cb,TABLE_CONTAINS_LOGICAL_ROW,3586
tbl_3a43a6d74419,lrow_b6bfa5ddbe45,TABLE_CONTAINS_LOGICAL_ROW,3587
tbl_3a43a6d74419,lrow_ecb1780d0e83,TABLE_CONTAINS_LOGICAL_ROW,3588
tbl_3a43a6d74419,lrow_db09898e6379,TABLE_CONTAINS_LOGICAL_ROW,3589
tbl_3a43a6d74419,lrow_7e41bba0fdd8,TABLE_CONTAINS_LOGICAL_ROW,3590
tbl_3a43a6d74419,lrow_9c177e9d7c9b,TABLE_CONTAINS_LOGICAL_ROW,3591
tbl_3a43a6d74419,lrow_70da0b5f1d5a,TABLE_CONTAINS_LOGICAL_ROW,3592
tbl_3a43a6d74419,lrow_1f20816f5851,TABLE_CONTAINS_LOGICAL_ROW,3593
tbl_3a43a6d74419,lrow_a38ed190ff32,TABLE_CONTAINS_LOGICAL_ROW,3594
tbl_3a43a6d74419,lrow_21aa36ae0c08,TABLE_CONTAINS_LOGICAL_ROW,3595
tbl_3a43a6d74419,lrow_ff06d1f930be,TABLE_CONTAINS_LOGICAL_ROW,3596
tbl_3a43a6d74419,lrow_21f2bbdfa4d3,TABLE_CONTAINS_LOGICAL_ROW,3597
tbl_3a43a6d74419,lrow_1e2383a6bd4f,TABLE_CONTAINS_LOGICAL_ROW,3598
tbl_3a43a6d74419,lrow_e1671ea524d6,TABLE_CONTAINS_LOGICAL_ROW,3599
tbl_3a43a6d74419,lrow_57a53c6aa5ff,TABLE_CONTAINS_LOGICAL_ROW,3600
tbl_3a43a6d74419,lrow_f424121c0e15,TABLE_CONTAINS_LOGICAL_ROW,3601
tbl_3a43a6d74419,lrow_7b5f667babc3,TABLE_CONTAINS_LOGICAL_ROW,3602
tbl_3a43a6d74419,lrow_e824b19663da,TABLE_CONTAINS_LOGICAL_ROW,3603
tbl_3a43a6d74419,lrow_01f5c9f5627a,TABLE_CONTAINS_LOGICAL_ROW,3604
tbl_3a43a6d74419,lrow_d11d999944a0,TABLE_CONTAINS_LOGICAL_ROW,3605
tbl_3a43a6d74419,lrow_e103fb6c48c2,TABLE_CONTAINS_LOGICAL_ROW,3606
tbl_3a43a6d74419,lrow_b0d0a6556af0,TABLE_CONTAINS_LOGICAL_ROW,3607
tbl_3a43a6d74419,lrow_cfbdcd4af788,TABLE_CONTAINS_LOGICAL_ROW,3608
tbl_3a43a6d74419,lrow_eb0e6b6b1fe6,TABLE_CONTAINS_LOGICAL_ROW,3609
tbl_3a43a6d74419,lrow_da7d947ef803,TABLE_CONTAINS_LOGICAL_ROW,3610
tbl_3a43a6d74419,lrow_210515b8c664,TABLE_CONTAINS_LOGICAL_ROW,3611
tbl_3a43a6d74419,lrow_6df664591073,TABLE_CONTAINS_LOGICAL_ROW,3612
tbl_3a43a6d74419,lrow_d5c2a5cf3df1,TABLE_CONTAINS_LOGICAL_ROW,3613
tbl_3a43a6d74419,lrow_e4ef239a3b34,TABLE_CONTAINS_LOGICAL_ROW,3614
tbl_3a43a6d74419,lrow_0b8e956ae164,TABLE_CONTAINS_LOGICAL_ROW,3615
tbl_3a43a6d74419,lrow_bc8a7d75339f,TABLE_CONTAINS_LOGICAL_ROW,3616
tbl_3a43a6d74419,lrow_0754c1823206,TABLE_CONTAINS_LOGICAL_ROW,3617
tbl_3a43a6d74419,lrow_388afbca1dbe,TABLE_CONTAINS_LOGICAL_ROW,3618
tbl_3a43a6d74419,lrow_ec08a548e782,TABLE_CONTAINS_LOGICAL_ROW,3619
tbl_3a43a6d74419,lrow_df8f9df0897f,TABLE_CONTAINS_LOGICAL_ROW,3620
tbl_3a43a6d74419,lrow_f88fda1a026f,TABLE_CONTAINS_LOGICAL_ROW,3621
tbl_3a43a6d74419,lrow_599ff27ae811,TABLE_CONTAINS_LOGICAL_ROW,3622
tbl_3a43a6d74419,lrow_b3fe963e2031,TABLE_CONTAINS_LOGICAL_ROW,3623
tbl_3afa49147334,lrow_eb21d81939a8,TABLE_CONTAINS_LOGICAL_ROW,3624
tbl_3b12cafe874f,lrow_932fcacce0b8,TABLE_CONTAINS_LOGICAL_ROW,3625
tbl_3b12cafe874f,lrow_30e09256cbd7,TABLE_CONTAINS_LOGICAL_ROW,3626
tbl_3b12cafe874f,lrow_49ca525103f0,TABLE_CONTAINS_LOGICAL_ROW,3627
tbl_3b12cafe874f,lrow_d0a98f2e4747,TABLE_CONTAINS_LOGICAL_ROW,3628
tbl_3b12cafe874f,lrow_d6385584527a,TABLE_CONTAINS_LOGICAL_ROW,3629
tbl_3b12cafe874f,lrow_75cc137969b7,TABLE_CONTAINS_LOGICAL_ROW,3630
tbl_3b12cafe874f,lrow_6f43e9b1f44b,TABLE_CONTAINS_LOGICAL_ROW,3631
tbl_3b12cafe874f,lrow_6993142cefee,TABLE_CONTAINS_LOGICAL_ROW,3632
tbl_3b12cafe874f,lrow_87b332462970,TABLE_CONTAINS_LOGICAL_ROW,3633
tbl_3b12cafe874f,lrow_616ae30f31c7,TABLE_CONTAINS_LOGICAL_ROW,3634
tbl_3b12cafe874f,lrow_81b8ebd4c08b,TABLE_CONTAINS_LOGICAL_ROW,3635
tbl_3b12cafe874f,lrow_0959a76d3414,TABLE_CONTAINS_LOGICAL_ROW,3636
tbl_3b12cafe874f,lrow_95bb5f2aea22,TABLE_CONTAINS_LOGICAL_ROW,3637
tbl_3b12cafe874f,lrow_8aef91d4f7fd,TABLE_CONTAINS_LOGICAL_ROW,3638
tbl_3b12cafe874f,lrow_48538962644a,TABLE_CONTAINS_LOGICAL_ROW,3639
tbl_3b12cafe874f,lrow_2f76faeda8e7,TABLE_CONTAINS_LOGICAL_ROW,3640
tbl_3b12cafe874f,lrow_37c7b444804d,TABLE_CONTAINS_LOGICAL_ROW,3641
tbl_3b12cafe874f,lrow_eec94105b8f8,TABLE_CONTAINS_LOGICAL_ROW,3642
tbl_3b12cafe874f,lrow_fea5132f00f0,TABLE_CONTAINS_LOGICAL_ROW,3643
tbl_3b12cafe874f,lrow_275090d6d61d,TABLE_CONTAINS_LOGICAL_ROW,3644
tbl_3b12cafe874f,lrow_2e53a49509dc,TABLE_CONTAINS_LOGICAL_ROW,3645
tbl_3b12cafe874f,lrow_028bab81d29f,TABLE_CONTAINS_LOGICAL_ROW,3646
tbl_3b12cafe874f,lrow_80ff567c5c99,TABLE_CONTAINS_LOGICAL_ROW,3647
tbl_3b12cafe874f,lrow_b5b5f5689366,TABLE_CONTAINS_LOGICAL_ROW,3648
tbl_3b12cafe874f,lrow_e72dd7b37132,TABLE_CONTAINS_LOGICAL_ROW,3649
tbl_3b12cafe874f,lrow_633103ceb237,TABLE_CONTAINS_LOGICAL_ROW,3650
tbl_3b12cafe874f,lrow_78a1557911f1,TABLE_CONTAINS_LOGICAL_ROW,3651
tbl_3b12cafe874f,lrow_c3a844ab3e4c,TABLE_CONTAINS_LOGICAL_ROW,3652
tbl_3b12cafe874f,lrow_c61416ce190c,TABLE_CONTAINS_LOGICAL_ROW,3653
tbl_3b12cafe874f,lrow_f7a6a80d16c2,TABLE_CONTAINS_LOGICAL_ROW,3654
tbl_3b12cafe874f,lrow_f7b8bc513e8e,TABLE_CONTAINS_LOGICAL_ROW,3655
tbl_3b12cafe874f,lrow_c58937ab23f7,TABLE_CONTAINS_LOGICAL_ROW,3656
tbl_3b12cafe874f,lrow_225d165cc0dd,TABLE_CONTAINS_LOGICAL_ROW,3657
tbl_3b12cafe874f,lrow_96ca6c89c742,TABLE_CONTAINS_LOGICAL_ROW,3658
tbl_3b12cafe874f,lrow_1dc31193cd5b,TABLE_CONTAINS_LOGICAL_ROW,3659
tbl_3b12cafe874f,lrow_81d4c3b03f59,TABLE_CONTAINS_LOGICAL_ROW,3660
tbl_3b12cafe874f,lrow_edf522e66550,TABLE_CONTAINS_LOGICAL_ROW,3661
tbl_3b12cafe874f,lrow_4eda12930e43,TABLE_CONTAINS_LOGICAL_ROW,3662
tbl_3b12cafe874f,lrow_078cc04b0da4,TABLE_CONTAINS_LOGICAL_ROW,3663
tbl_3b12cafe874f,lrow_0d709fe93f6f,TABLE_CONTAINS_LOGICAL_ROW,3664
tbl_3b12cafe874f,lrow_ca06eca31604,TABLE_CONTAINS_LOGICAL_ROW,3665
tbl_3b12cafe874f,lrow_7dd1032c992e,TABLE_CONTAINS_LOGICAL_ROW,3666
tbl_3b12cafe874f,lrow_547992736fe2,TABLE_CONTAINS_LOGICAL_ROW,3667
tbl_3b12cafe874f,lrow_58aecb1e4802,TABLE_CONTAINS_LOGICAL_ROW,3668
tbl_3b12cafe874f,lrow_ee7ce64ec1ce,TABLE_CONTAINS_LOGICAL_ROW,3669
tbl_3b12cafe874f,lrow_d61e1c5aa2de,TABLE_CONTAINS_LOGICAL_ROW,3670
tbl_3b12cafe874f,lrow_6a93bfaca797,TABLE_CONTAINS_LOGICAL_ROW,3671
tbl_3b12cafe874f,lrow_2cc4ee831a9c,TABLE_CONTAINS_LOGICAL_ROW,3672
tbl_3b12cafe874f,lrow_7329cb8071b9,TABLE_CONTAINS_LOGICAL_ROW,3673
tbl_3b12cafe874f,lrow_efc135b356c8,TABLE_CONTAINS_LOGICAL_ROW,3674
tbl_3b12cafe874f,lrow_ca5e44c9efa3,TABLE_CONTAINS_LOGICAL_ROW,3675
tbl_3b12cafe874f,lrow_5155a7488aaa,TABLE_CONTAINS_LOGICAL_ROW,3676
tbl_3b12cafe874f,lrow_4112de5a7b7d,TABLE_CONTAINS_LOGICAL_ROW,3677
tbl_3b12cafe874f,lrow_d51ee24c329e,TABLE_CONTAINS_LOGICAL_ROW,3678
tbl_3b12cafe874f,lrow_2de8e2eca593,TABLE_CONTAINS_LOGICAL_ROW,3679
tbl_3b12cafe874f,lrow_39e2523c5c06,TABLE_CONTAINS_LOGICAL_ROW,3680
tbl_3b12cafe874f,lrow_c91d3ffc9a79,TABLE_CONTAINS_LOGICAL_ROW,3681
tbl_3b12cafe874f,lrow_5562fbc57d61,TABLE_CONTAINS_LOGICAL_ROW,3682
tbl_3b12cafe874f,lrow_2ce0302a25f5,TABLE_CONTAINS_LOGICAL_ROW,3683
tbl_3b12cafe874f,lrow_7f68129137a9,TABLE_CONTAINS_LOGICAL_ROW,3684
tbl_3b12cafe874f,lrow_1f21ea4dc6e3,TABLE_CONTAINS_LOGICAL_ROW,3685
tbl_3b12cafe874f,lrow_8c815e0e355a,TABLE_CONTAINS_LOGICAL_ROW,3686
tbl_3b12cafe874f,lrow_ec631d4a439e,TABLE_CONTAINS_LOGICAL_ROW,3687
tbl_3b12cafe874f,lrow_2a8dff265f45,TABLE_CONTAINS_LOGICAL_ROW,3688
tbl_3b12cafe874f,lrow_7e09a022dd5d,TABLE_CONTAINS_LOGICAL_ROW,3689
tbl_3b12cafe874f,lrow_c1998b56b1bd,TABLE_CONTAINS_LOGICAL_ROW,3690
tbl_3b12cafe874f,lrow_b5213749960b,TABLE_CONTAINS_LOGICAL_ROW,3691
tbl_3b12cafe874f,lrow_4d38ec044f31,TABLE_CONTAINS_LOGICAL_ROW,3692
tbl_3b12cafe874f,lrow_3951d33df38c,TABLE_CONTAINS_LOGICAL_ROW,3693
tbl_3b12cafe874f,lrow_cf62639417f4,TABLE_CONTAINS_LOGICAL_ROW,3694
tbl_3b12cafe874f,lrow_e667cc4be224,TABLE_CONTAINS_LOGICAL_ROW,3695
tbl_3b12cafe874f,lrow_a1bd264fa4fc,TABLE_CONTAINS_LOGICAL_ROW,3696
tbl_3b12cafe874f,lrow_8c8d36ac8f08,TABLE_CONTAINS_LOGICAL_ROW,3697
tbl_3b12cafe874f,lrow_f85d084786a9,TABLE_CONTAINS_LOGICAL_ROW,3698
tbl_3b12cafe874f,lrow_7d3a9ba3f1ba,TABLE_CONTAINS_LOGICAL_ROW,3699
tbl_3b12cafe874f,lrow_a7cda1891f1c,TABLE_CONTAINS_LOGICAL_ROW,3700
tbl_3b12cafe874f,lrow_e0924da15aa3,TABLE_CONTAINS_LOGICAL_ROW,3701
tbl_3b12cafe874f,lrow_17b822608be3,TABLE_CONTAINS_LOGICAL_ROW,3702
tbl_3b12cafe874f,lrow_55cdfee0c25a,TABLE_CONTAINS_LOGICAL_ROW,3703
tbl_3b12cafe874f,lrow_684dd493bb02,TABLE_CONTAINS_LOGICAL_ROW,3704
tbl_3b12cafe874f,lrow_d7b8759ae51d,TABLE_CONTAINS_LOGICAL_ROW,3705
tbl_3b12cafe874f,lrow_69468984cc14,TABLE_CONTAINS_LOGICAL_ROW,3706
tbl_3b12cafe874f,lrow_d7d38558481e,TABLE_CONTAINS_LOGICAL_ROW,3707
tbl_3b12cafe874f,lrow_949e76c6913d,TABLE_CONTAINS_LOGICAL_ROW,3708
tbl_3b12cafe874f,lrow_acb50bb24ac3,TABLE_CONTAINS_LOGICAL_ROW,3709
tbl_3b12cafe874f,lrow_fcb24ed0ab4c,TABLE_CONTAINS_LOGICAL_ROW,3710
tbl_3b12cafe874f,lrow_b940789c0f1d,TABLE_CONTAINS_LOGICAL_ROW,3711
tbl_3b12cafe874f,lrow_5d85a363b5f2,TABLE_CONTAINS_LOGICAL_ROW,3712
tbl_3b12cafe874f,lrow_0e2d05fe7cbb,TABLE_CONTAINS_LOGICAL_ROW,3713
tbl_3b12cafe874f,lrow_c30f721ef9b9,TABLE_CONTAINS_LOGICAL_ROW,3714
tbl_3b12cafe874f,lrow_86b6c6c477c8,TABLE_CONTAINS_LOGICAL_ROW,3715
tbl_3b12cafe874f,lrow_abf8f03880b1,TABLE_CONTAINS_LOGICAL_ROW,3716
tbl_3b12cafe874f,lrow_077f97088194,TABLE_CONTAINS_LOGICAL_ROW,3717
tbl_3b12cafe874f,lrow_fa9c948c916f,TABLE_CONTAINS_LOGICAL_ROW,3718
tbl_3b12cafe874f,lrow_0c60c162ee79,TABLE_CONTAINS_LOGICAL_ROW,3719
tbl_3b12cafe874f,lrow_889801112e6e,TABLE_CONTAINS_LOGICAL_ROW,3720
tbl_3b12cafe874f,lrow_8bc0b3072015,TABLE_CONTAINS_LOGICAL_ROW,3721
tbl_3b12cafe874f,lrow_f597c98cd660,TABLE_CONTAINS_LOGICAL_ROW,3722
tbl_3b12cafe874f,lrow_d52c66a586db,TABLE_CONTAINS_LOGICAL_ROW,3723
tbl_3b12cafe874f,lrow_8a1d950e1738,TABLE_CONTAINS_LOGICAL_ROW,3724
tbl_3b12cafe874f,lrow_11f2b66d93e8,TABLE_CONTAINS_LOGICAL_ROW,3725
tbl_3b12cafe874f,lrow_4d6e201092e5,TABLE_CONTAINS_LOGICAL_ROW,3726
tbl_3b12cafe874f,lrow_b12f68b09258,TABLE_CONTAINS_LOGICAL_ROW,3727
tbl_3b12cafe874f,lrow_e4eb19b89453,TABLE_CONTAINS_LOGICAL_ROW,3728
tbl_3b12cafe874f,lrow_9e83ce5e15d8,TABLE_CONTAINS_LOGICAL_ROW,3729
tbl_3b12cafe874f,lrow_33020221d3ff,TABLE_CONTAINS_LOGICAL_ROW,3730
tbl_3b12cafe874f,lrow_c42e0f2d72b0,TABLE_CONTAINS_LOGICAL_ROW,3731
tbl_3b12cafe874f,lrow_a91f1eed2ae1,TABLE_CONTAINS_LOGICAL_ROW,3732
tbl_3b12cafe874f,lrow_777a6b2f785b,TABLE_CONTAINS_LOGICAL_ROW,3733
tbl_3b12cafe874f,lrow_f9b4def3adb0,TABLE_CONTAINS_LOGICAL_ROW,3734
tbl_3b12cafe874f,lrow_35cc87a4ec98,TABLE_CONTAINS_LOGICAL_ROW,3735
tbl_3b12cafe874f,lrow_14d494764f78,TABLE_CONTAINS_LOGICAL_ROW,3736
tbl_3b12cafe874f,lrow_c4310b65ce76,TABLE_CONTAINS_LOGICAL_ROW,3737
tbl_3b12cafe874f,lrow_271809469b79,TABLE_CONTAINS_LOGICAL_ROW,3738
tbl_3b12cafe874f,lrow_c4fa04103993,TABLE_CONTAINS_LOGICAL_ROW,3739
tbl_3b12cafe874f,lrow_b490a1ca040b,TABLE_CONTAINS_LOGICAL_ROW,3740
tbl_3b12cafe874f,lrow_ce9f27cd901e,TABLE_CONTAINS_LOGICAL_ROW,3741
tbl_3b12cafe874f,lrow_91d29b8d7b55,TABLE_CONTAINS_LOGICAL_ROW,3742
tbl_3b12cafe874f,lrow_5e85485f1def,TABLE_CONTAINS_LOGICAL_ROW,3743
tbl_3b12cafe874f,lrow_e36e7b62fbfb,TABLE_CONTAINS_LOGICAL_ROW,3744
tbl_3b12cafe874f,lrow_c974a8f2265f,TABLE_CONTAINS_LOGICAL_ROW,3745
tbl_3b12cafe874f,lrow_f9fe538424a0,TABLE_CONTAINS_LOGICAL_ROW,3746
tbl_3b12cafe874f,lrow_0a6af7a85e90,TABLE_CONTAINS_LOGICAL_ROW,3747
tbl_3b12cafe874f,lrow_bbedd25382bf,TABLE_CONTAINS_LOGICAL_ROW,3748
tbl_3b12cafe874f,lrow_e9ec7fc5ccca,TABLE_CONTAINS_LOGICAL_ROW,3749
tbl_3b12cafe874f,lrow_a701af0bd8eb,TABLE_CONTAINS_LOGICAL_ROW,3750
tbl_3b12cafe874f,lrow_be153094e4c6,TABLE_CONTAINS_LOGICAL_ROW,3751
tbl_3b12cafe874f,lrow_963b9e884878,TABLE_CONTAINS_LOGICAL_ROW,3752
tbl_3b12cafe874f,lrow_df3dc81453c4,TABLE_CONTAINS_LOGICAL_ROW,3753
tbl_3b12cafe874f,lrow_094f83df21d5,TABLE_CONTAINS_LOGICAL_ROW,3754
tbl_3b12cafe874f,lrow_168276b19208,TABLE_CONTAINS_LOGICAL_ROW,3755
tbl_3b12cafe874f,lrow_8dfc88f1bca2,TABLE_CONTAINS_LOGICAL_ROW,3756
tbl_3b12cafe874f,lrow_a43c7065b260,TABLE_CONTAINS_LOGICAL_ROW,3757
tbl_3b12cafe874f,lrow_7500887e53c1,TABLE_CONTAINS_LOGICAL_ROW,3758
tbl_3b12cafe874f,lrow_a11a4757c8fb,TABLE_CONTAINS_LOGICAL_ROW,3759
tbl_3b12cafe874f,lrow_2ce3e7f34215,TABLE_CONTAINS_LOGICAL_ROW,3760
tbl_3b12cafe874f,lrow_f821fc243a51,TABLE_CONTAINS_LOGICAL_ROW,3761
tbl_3b12cafe874f,lrow_e876b070c2d4,TABLE_CONTAINS_LOGICAL_ROW,3762
tbl_3b12cafe874f,lrow_44cfc560d0fb,TABLE_CONTAINS_LOGICAL_ROW,3763
tbl_3b12cafe874f,lrow_0747aabccbfa,TABLE_CONTAINS_LOGICAL_ROW,3764
tbl_3b12cafe874f,lrow_a341b013e802,TABLE_CONTAINS_LOGICAL_ROW,3765
tbl_3b12cafe874f,lrow_104f63d3198e,TABLE_CONTAINS_LOGICAL_ROW,3766
tbl_3b12cafe874f,lrow_3653cceb506f,TABLE_CONTAINS_LOGICAL_ROW,3767
tbl_3b12cafe874f,lrow_a39e0fdd7da6,TABLE_CONTAINS_LOGICAL_ROW,3768
tbl_3b12cafe874f,lrow_b126b788779d,TABLE_CONTAINS_LOGICAL_ROW,3769
tbl_3b12cafe874f,lrow_0911a4417e21,TABLE_CONTAINS_LOGICAL_ROW,3770
tbl_3b12cafe874f,lrow_10ea9eb50a79,TABLE_CONTAINS_LOGICAL_ROW,3771
tbl_3b12cafe874f,lrow_6522c3ab6a5d,TABLE_CONTAINS_LOGICAL_ROW,3772
tbl_3b12cafe874f,lrow_0399130d70ae,TABLE_CONTAINS_LOGICAL_ROW,3773
tbl_3b12cafe874f,lrow_d3d4c92e760d,TABLE_CONTAINS_LOGICAL_ROW,3774
tbl_3b12cafe874f,lrow_ece9c2c4a6b3,TABLE_CONTAINS_LOGICAL_ROW,3775
tbl_3b12cafe874f,lrow_225f73c36071,TABLE_CONTAINS_LOGICAL_ROW,3776
tbl_3b12cafe874f,lrow_ccde2cf49879,TABLE_CONTAINS_LOGICAL_ROW,3777
tbl_3b881c10dbe8,lrow_d979c1a183a8,TABLE_CONTAINS_LOGICAL_ROW,3778
tbl_3b881c10dbe8,lrow_e3e742c86e7b,TABLE_CONTAINS_LOGICAL_ROW,3779
tbl_3b881c10dbe8,lrow_55be6e7eabfe,TABLE_CONTAINS_LOGICAL_ROW,3780
tbl_3b938af86486,lrow_7f2604cdaae3,TABLE_CONTAINS_LOGICAL_ROW,3781
tbl_3b938af86486,lrow_b139e87292bf,TABLE_CONTAINS_LOGICAL_ROW,3782
tbl_3b99287d5df6,lrow_a404cbe2055b,TABLE_CONTAINS_LOGICAL_ROW,3783
tbl_3b99287d5df6,lrow_5722799a23cf,TABLE_CONTAINS_LOGICAL_ROW,3784
tbl_3bd5b029a243,lrow_c68c93294df0,TABLE_CONTAINS_LOGICAL_ROW,3785
tbl_3bd5b029a243,lrow_178357a9cb29,TABLE_CONTAINS_LOGICAL_ROW,3786
tbl_3d912720f044,lrow_dd9672a398f6,TABLE_CONTAINS_LOGICAL_ROW,3787
tbl_3d912720f044,lrow_c0de37ee4c5a,TABLE_CONTAINS_LOGICAL_ROW,3788
tbl_3e0d000cd665,lrow_f1837a9df6bf,TABLE_CONTAINS_LOGICAL_ROW,3789
tbl_3e0d000cd665,lrow_610346c5bf22,TABLE_CONTAINS_LOGICAL_ROW,3790
tbl_3e0d000cd665,lrow_3dbb5b983b27,TABLE_CONTAINS_LOGICAL_ROW,3791
tbl_3e0d000cd665,lrow_8993b83199eb,TABLE_CONTAINS_LOGICAL_ROW,3792
tbl_3e0d000cd665,lrow_6aa8d2782c53,TABLE_CONTAINS_LOGICAL_ROW,3793
tbl_3e21f3b698c5,lrow_169ac54d61fb,TABLE_CONTAINS_LOGICAL_ROW,3794
tbl_3e21f3b698c5,lrow_e90b9ad21600,TABLE_CONTAINS_LOGICAL_ROW,3795
tbl_3e21f3b698c5,lrow_6be1dd278300,TABLE_CONTAINS_LOGICAL_ROW,3796
tbl_3e21f3b698c5,lrow_dd1cdf56e187,TABLE_CONTAINS_LOGICAL_ROW,3797
tbl_3e6b03e5bd7d,lrow_131724520767,TABLE_CONTAINS_LOGICAL_ROW,3798
tbl_3e6b03e5bd7d,lrow_a2d33f6fb729,TABLE_CONTAINS_LOGICAL_ROW,3799
tbl_3e6b03e5bd7d,lrow_33f2c9626ba9,TABLE_CONTAINS_LOGICAL_ROW,3800
tbl_3e6b03e5bd7d,lrow_c14b174cd780,TABLE_CONTAINS_LOGICAL_ROW,3801
tbl_3e6b03e5bd7d,lrow_4edd4dc57ec3,TABLE_CONTAINS_LOGICAL_ROW,3802
tbl_3e6b03e5bd7d,lrow_b14c73ca9a56,TABLE_CONTAINS_LOGICAL_ROW,3803
tbl_3f0c2ba2c7e5,lrow_bc3d17968110,TABLE_CONTAINS_LOGICAL_ROW,3804
tbl_3f0c2ba2c7e5,lrow_88d2d287738d,TABLE_CONTAINS_LOGICAL_ROW,3805
tbl_3f0c2ba2c7e5,lrow_cd8e6de3193c,TABLE_CONTAINS_LOGICAL_ROW,3806
tbl_3f0c2ba2c7e5,lrow_f28016877c82,TABLE_CONTAINS_LOGICAL_ROW,3807
tbl_3f0c2ba2c7e5,lrow_9705dfec567b,TABLE_CONTAINS_LOGICAL_ROW,3808
tbl_3f0c2ba2c7e5,lrow_8bd467c868a9,TABLE_CONTAINS_LOGICAL_ROW,3809
tbl_3f0c2ba2c7e5,lrow_61580a40dc79,TABLE_CONTAINS_LOGICAL_ROW,3810
tbl_3f0c2ba2c7e5,lrow_308691192a35,TABLE_CONTAINS_LOGICAL_ROW,3811
tbl_3f0c2ba2c7e5,lrow_e16158ce79c9,TABLE_CONTAINS_LOGICAL_ROW,3812
tbl_3f0c2ba2c7e5,lrow_0b45a5ea036e,TABLE_CONTAINS_LOGICAL_ROW,3813
tbl_3f0c2ba2c7e5,lrow_a3490c2bf4fc,TABLE_CONTAINS_LOGICAL_ROW,3814
tbl_3f0c2ba2c7e5,lrow_a687669ede5e,TABLE_CONTAINS_LOGICAL_ROW,3815
tbl_3f6aab665c6d,lrow_57570bc62491,TABLE_CONTAINS_LOGICAL_ROW,3816
tbl_3f6aab665c6d,lrow_8d4f011d4f37,TABLE_CONTAINS_LOGICAL_ROW,3817
tbl_3f6aab665c6d,lrow_01ecf71cc56b,TABLE_CONTAINS_LOGICAL_ROW,3818
tbl_3f6aab665c6d,lrow_ec59d257655c,TABLE_CONTAINS_LOGICAL_ROW,3819
tbl_3f6aab665c6d,lrow_6323abea4322,TABLE_CONTAINS_LOGICAL_ROW,3820
tbl_3f8d9362f698,lrow_18b81253ab9a,TABLE_CONTAINS_LOGICAL_ROW,3821
tbl_3f8d9362f698,lrow_8b6b03f56496,TABLE_CONTAINS_LOGICAL_ROW,3822
tbl_3f8d9362f698,lrow_75477a65c2ab,TABLE_CONTAINS_LOGICAL_ROW,3823
tbl_3f8d9362f698,lrow_5395f1a5bd7f,TABLE_CONTAINS_LOGICAL_ROW,3824
tbl_3f8d9362f698,lrow_1fc028187da2,TABLE_CONTAINS_LOGICAL_ROW,3825
tbl_3f8d9362f698,lrow_9e7fa24092c2,TABLE_CONTAINS_LOGICAL_ROW,3826
tbl_3f8d9362f698,lrow_78996ff11a7a,TABLE_CONTAINS_LOGICAL_ROW,3827
tbl_40a2ba2f5991,lrow_5888ea3cb969,TABLE_CONTAINS_LOGICAL_ROW,3828
tbl_40a2ba2f5991,lrow_4c9f9fd050b8,TABLE_CONTAINS_LOGICAL_ROW,3829
tbl_40a2ba2f5991,lrow_f477454eb3fe,TABLE_CONTAINS_LOGICAL_ROW,3830
tbl_40a2ba2f5991,lrow_6e6697b1e941,TABLE_CONTAINS_LOGICAL_ROW,3831
tbl_40a2ba2f5991,lrow_a410ece61b90,TABLE_CONTAINS_LOGICAL_ROW,3832
tbl_40a2ba2f5991,lrow_b9d6c448c8a8,TABLE_CONTAINS_LOGICAL_ROW,3833
tbl_40a2ba2f5991,lrow_f11276fd29ee,TABLE_CONTAINS_LOGICAL_ROW,3834
tbl_40a2ba2f5991,lrow_173b9752820d,TABLE_CONTAINS_LOGICAL_ROW,3835
tbl_40a2ba2f5991,lrow_b5fb74d6e6b2,TABLE_CONTAINS_LOGICAL_ROW,3836
tbl_40a2ba2f5991,lrow_58e10fb97a43,TABLE_CONTAINS_LOGICAL_ROW,3837
tbl_40a2ba2f5991,lrow_2efea16efab9,TABLE_CONTAINS_LOGICAL_ROW,3838
tbl_40a2ba2f5991,lrow_c70397c21b82,TABLE_CONTAINS_LOGICAL_ROW,3839
tbl_40a2ba2f5991,lrow_fbd081bb432d,TABLE_CONTAINS_LOGICAL_ROW,3840
tbl_40a2ba2f5991,lrow_d3f4d5e4613d,TABLE_CONTAINS_LOGICAL_ROW,3841
tbl_40a2ba2f5991,lrow_12fe6534d6e5,TABLE_CONTAINS_LOGICAL_ROW,3842
tbl_40a2ba2f5991,lrow_938749841d75,TABLE_CONTAINS_LOGICAL_ROW,3843
tbl_40a2ba2f5991,lrow_d2f5c067816e,TABLE_CONTAINS_LOGICAL_ROW,3844
tbl_40a2ba2f5991,lrow_ebe429a400ab,TABLE_CONTAINS_LOGICAL_ROW,3845
tbl_40a2ba2f5991,lrow_f471524fde3c,TABLE_CONTAINS_LOGICAL_ROW,3846
tbl_40a2ba2f5991,lrow_c3929ebf6fd7,TABLE_CONTAINS_LOGICAL_ROW,3847
tbl_40a2ba2f5991,lrow_200df8e9a024,TABLE_CONTAINS_LOGICAL_ROW,3848
tbl_40a2ba2f5991,lrow_c3a9cb6f2e90,TABLE_CONTAINS_LOGICAL_ROW,3849
tbl_40a2ba2f5991,lrow_e513e6ca1911,TABLE_CONTAINS_LOGICAL_ROW,3850
tbl_40a2ba2f5991,lrow_10400fa02a73,TABLE_CONTAINS_LOGICAL_ROW,3851
tbl_40a2ba2f5991,lrow_8d7e8c0a5538,TABLE_CONTAINS_LOGICAL_ROW,3852
tbl_40a2ba2f5991,lrow_7c7cfdf90fb1,TABLE_CONTAINS_LOGICAL_ROW,3853
tbl_40a2ba2f5991,lrow_a7b5301f4195,TABLE_CONTAINS_LOGICAL_ROW,3854
tbl_40a2ba2f5991,lrow_803ae8fc6635,TABLE_CONTAINS_LOGICAL_ROW,3855
tbl_40a2ba2f5991,lrow_ce38b3e84749,TABLE_CONTAINS_LOGICAL_ROW,3856
tbl_40a2ba2f5991,lrow_6c28be10ac30,TABLE_CONTAINS_LOGICAL_ROW,3857
tbl_40a2ba2f5991,lrow_67aea5349c3a,TABLE_CONTAINS_LOGICAL_ROW,3858
tbl_40a2ba2f5991,lrow_ef5b081e52e9,TABLE_CONTAINS_LOGICAL_ROW,3859
tbl_40a2ba2f5991,lrow_fc386bd99051,TABLE_CONTAINS_LOGICAL_ROW,3860
tbl_40a2ba2f5991,lrow_092713d1943b,TABLE_CONTAINS_LOGICAL_ROW,3861
tbl_40a2ba2f5991,lrow_cc7f01e4989e,TABLE_CONTAINS_LOGICAL_ROW,3862
tbl_40a2ba2f5991,lrow_7ac661271b8b,TABLE_CONTAINS_LOGICAL_ROW,3863
tbl_40a2ba2f5991,lrow_d98d3db7985d,TABLE_CONTAINS_LOGICAL_ROW,3864
tbl_40a2ba2f5991,lrow_3670f4d30c4e,TABLE_CONTAINS_LOGICAL_ROW,3865
tbl_40a2ba2f5991,lrow_96f450c3a279,TABLE_CONTAINS_LOGICAL_ROW,3866
tbl_40a2ba2f5991,lrow_f9334dcb3417,TABLE_CONTAINS_LOGICAL_ROW,3867
tbl_40a2ba2f5991,lrow_a259e6fbc87f,TABLE_CONTAINS_LOGICAL_ROW,3868
tbl_40a2ba2f5991,lrow_2dd04126f83d,TABLE_CONTAINS_LOGICAL_ROW,3869
tbl_40a2ba2f5991,lrow_48115a36131d,TABLE_CONTAINS_LOGICAL_ROW,3870
tbl_40a2ba2f5991,lrow_4491fe890ea1,TABLE_CONTAINS_LOGICAL_ROW,3871
tbl_40a2ba2f5991,lrow_8454dd284e44,TABLE_CONTAINS_LOGICAL_ROW,3872
tbl_40a2ba2f5991,lrow_7b73f4d3fe3c,TABLE_CONTAINS_LOGICAL_ROW,3873
tbl_40a2ba2f5991,lrow_ea5a8de43eaf,TABLE_CONTAINS_LOGICAL_ROW,3874
tbl_40a2ba2f5991,lrow_6ccb744aa8c1,TABLE_CONTAINS_LOGICAL_ROW,3875
tbl_40a2ba2f5991,lrow_c2a69ad61fbf,TABLE_CONTAINS_LOGICAL_ROW,3876
tbl_40a2ba2f5991,lrow_b89cbfded58d,TABLE_CONTAINS_LOGICAL_ROW,3877
tbl_40a2ba2f5991,lrow_648d64f27f7c,TABLE_CONTAINS_LOGICAL_ROW,3878
tbl_40a2ba2f5991,lrow_88d1a9da2563,TABLE_CONTAINS_LOGICAL_ROW,3879
tbl_40a2ba2f5991,lrow_e19cd1e762ae,TABLE_CONTAINS_LOGICAL_ROW,3880
tbl_40a2ba2f5991,lrow_07f29a08100b,TABLE_CONTAINS_LOGICAL_ROW,3881
tbl_40a2ba2f5991,lrow_2040b6a2b1ba,TABLE_CONTAINS_LOGICAL_ROW,3882
tbl_40c6887f6a4f,lrow_73b96ee3d227,TABLE_CONTAINS_LOGICAL_ROW,3883
tbl_4169cb89f36e,lrow_4985b697d54d,TABLE_CONTAINS_LOGICAL_ROW,3884
tbl_4169cb89f36e,lrow_56d5dcfa8c1d,TABLE_CONTAINS_LOGICAL_ROW,3885
tbl_4169cb89f36e,lrow_2aca8cb7b245,TABLE_CONTAINS_LOGICAL_ROW,3886
tbl_4169cb89f36e,lrow_f9e647581a52,TABLE_CONTAINS_LOGICAL_ROW,3887
tbl_4169cb89f36e,lrow_a9aa4c04acf2,TABLE_CONTAINS_LOGICAL_ROW,3888
tbl_4169cb89f36e,lrow_ab260a7d8008,TABLE_CONTAINS_LOGICAL_ROW,3889
tbl_4169cb89f36e,lrow_852996c9552c,TABLE_CONTAINS_LOGICAL_ROW,3890
tbl_4169cb89f36e,lrow_9f8ae2618dd7,TABLE_CONTAINS_LOGICAL_ROW,3891
tbl_42d5d0dc6626,lrow_9069f3d77469,TABLE_CONTAINS_LOGICAL_ROW,3892
tbl_42d5d0dc6626,lrow_ee69909e7bde,TABLE_CONTAINS_LOGICAL_ROW,3893
tbl_42d5d0dc6626,lrow_63f0c6b221c5,TABLE_CONTAINS_LOGICAL_ROW,3894
tbl_42d5d0dc6626,lrow_6e97a18a241c,TABLE_CONTAINS_LOGICAL_ROW,3895
tbl_42d5d0dc6626,lrow_f1ab898a9772,TABLE_CONTAINS_LOGICAL_ROW,3896
tbl_42d5d0dc6626,lrow_6064ae7ab247,TABLE_CONTAINS_LOGICAL_ROW,3897
tbl_42d5d0dc6626,lrow_7a166849c9d2,TABLE_CONTAINS_LOGICAL_ROW,3898
tbl_42d5d0dc6626,lrow_c69e947ae670,TABLE_CONTAINS_LOGICAL_ROW,3899
tbl_42d5d0dc6626,lrow_526244992f93,TABLE_CONTAINS_LOGICAL_ROW,3900
tbl_42d5d0dc6626,lrow_2b152a9a4c40,TABLE_CONTAINS_LOGICAL_ROW,3901
tbl_42d5d0dc6626,lrow_f8946aac7f0d,TABLE_CONTAINS_LOGICAL_ROW,3902
tbl_42d5d0dc6626,lrow_36b377856961,TABLE_CONTAINS_LOGICAL_ROW,3903
tbl_42d5d0dc6626,lrow_451722e94a26,TABLE_CONTAINS_LOGICAL_ROW,3904
tbl_42d5d0dc6626,lrow_cecf46afe36b,TABLE_CONTAINS_LOGICAL_ROW,3905
tbl_42d5d0dc6626,lrow_7fa6678ad13b,TABLE_CONTAINS_LOGICAL_ROW,3906
tbl_42d5d0dc6626,lrow_eaabb83f2266,TABLE_CONTAINS_LOGICAL_ROW,3907
tbl_42d5d0dc6626,lrow_1c196777bc8b,TABLE_CONTAINS_LOGICAL_ROW,3908
tbl_42d5d0dc6626,lrow_101eac5bf176,TABLE_CONTAINS_LOGICAL_ROW,3909
tbl_42d5d0dc6626,lrow_b4ac7a5af45c,TABLE_CONTAINS_LOGICAL_ROW,3910
tbl_42d5d0dc6626,lrow_921a517178dc,TABLE_CONTAINS_LOGICAL_ROW,3911
tbl_42d5d0dc6626,lrow_a17281a8e260,TABLE_CONTAINS_LOGICAL_ROW,3912
tbl_42d5d0dc6626,lrow_1a74d070c5c1,TABLE_CONTAINS_LOGICAL_ROW,3913
tbl_42d5d0dc6626,lrow_4a8d15c937e5,TABLE_CONTAINS_LOGICAL_ROW,3914
tbl_42d5d0dc6626,lrow_d7155347e58f,TABLE_CONTAINS_LOGICAL_ROW,3915
tbl_42d5d0dc6626,lrow_c7ad591d18b8,TABLE_CONTAINS_LOGICAL_ROW,3916
tbl_42d5d0dc6626,lrow_bf1c4386df4f,TABLE_CONTAINS_LOGICAL_ROW,3917
tbl_42d5d0dc6626,lrow_37c57c759e27,TABLE_CONTAINS_LOGICAL_ROW,3918
tbl_42d5d0dc6626,lrow_0d6b60fefdc1,TABLE_CONTAINS_LOGICAL_ROW,3919
tbl_42d5d0dc6626,lrow_834f1151d714,TABLE_CONTAINS_LOGICAL_ROW,3920
tbl_42d5d0dc6626,lrow_732c6d396f76,TABLE_CONTAINS_LOGICAL_ROW,3921
tbl_42d5d0dc6626,lrow_225d0f4f3d31,TABLE_CONTAINS_LOGICAL_ROW,3922
tbl_42d5d0dc6626,lrow_50d2f7ef14ab,TABLE_CONTAINS_LOGICAL_ROW,3923
tbl_42d5d0dc6626,lrow_e0be9c9d14fc,TABLE_CONTAINS_LOGICAL_ROW,3924
tbl_42d5d0dc6626,lrow_de9f415e853c,TABLE_CONTAINS_LOGICAL_ROW,3925
tbl_42d5d0dc6626,lrow_6b44d352aed6,TABLE_CONTAINS_LOGICAL_ROW,3926
tbl_42d5d0dc6626,lrow_adc078499767,TABLE_CONTAINS_LOGICAL_ROW,3927
tbl_42d5d0dc6626,lrow_40ffacfde63b,TABLE_CONTAINS_LOGICAL_ROW,3928
tbl_42d5d0dc6626,lrow_3f177f76232f,TABLE_CONTAINS_LOGICAL_ROW,3929
tbl_42d5d0dc6626,lrow_33b051cc8b1c,TABLE_CONTAINS_LOGICAL_ROW,3930
tbl_42d5d0dc6626,lrow_0df4bc91ed3f,TABLE_CONTAINS_LOGICAL_ROW,3931
tbl_42d5d0dc6626,lrow_8e9db48c91c7,TABLE_CONTAINS_LOGICAL_ROW,3932
tbl_42d5d0dc6626,lrow_0199bfad764a,TABLE_CONTAINS_LOGICAL_ROW,3933
tbl_42d5d0dc6626,lrow_bff983f09d79,TABLE_CONTAINS_LOGICAL_ROW,3934
tbl_42d5d0dc6626,lrow_fc53ff338584,TABLE_CONTAINS_LOGICAL_ROW,3935
tbl_42df5db5ca9b,lrow_542c052537fd,TABLE_CONTAINS_LOGICAL_ROW,3936
tbl_42df5db5ca9b,lrow_464fa5d8e102,TABLE_CONTAINS_LOGICAL_ROW,3937
tbl_42df5db5ca9b,lrow_1b8c4ba617d6,TABLE_CONTAINS_LOGICAL_ROW,3938
tbl_42df5db5ca9b,lrow_e2e81f9c2b63,TABLE_CONTAINS_LOGICAL_ROW,3939
tbl_43c9655852ed,lrow_0ca2116e2e53,TABLE_CONTAINS_LOGICAL_ROW,3940
tbl_43c9655852ed,lrow_520c97c2fe79,TABLE_CONTAINS_LOGICAL_ROW,3941
tbl_43c9655852ed,lrow_a14848aa0e0a,TABLE_CONTAINS_LOGICAL_ROW,3942
tbl_43c9655852ed,lrow_a49ec8ea5c04,TABLE_CONTAINS_LOGICAL_ROW,3943
tbl_43c9655852ed,lrow_328462a3dd4a,TABLE_CONTAINS_LOGICAL_ROW,3944
tbl_43c9655852ed,lrow_6663abd440da,TABLE_CONTAINS_LOGICAL_ROW,3945
tbl_43c9655852ed,lrow_39ec86e81564,TABLE_CONTAINS_LOGICAL_ROW,3946
tbl_43c9655852ed,lrow_ee8dc2b9c189,TABLE_CONTAINS_LOGICAL_ROW,3947
tbl_43c9655852ed,lrow_18516b61c1fe,TABLE_CONTAINS_LOGICAL_ROW,3948
tbl_43c9655852ed,lrow_021f0f6a5388,TABLE_CONTAINS_LOGICAL_ROW,3949
tbl_43c9655852ed,lrow_b68eec32eda4,TABLE_CONTAINS_LOGICAL_ROW,3950
tbl_43c9655852ed,lrow_d90149677e40,TABLE_CONTAINS_LOGICAL_ROW,3951
tbl_43c9655852ed,lrow_d80a7498a331,TABLE_CONTAINS_LOGICAL_ROW,3952
tbl_43c9655852ed,lrow_a87cc4af844f,TABLE_CONTAINS_LOGICAL_ROW,3953
tbl_43c9655852ed,lrow_06b09ce794b8,TABLE_CONTAINS_LOGICAL_ROW,3954
tbl_43c9655852ed,lrow_3052a5a6bf02,TABLE_CONTAINS_LOGICAL_ROW,3955
tbl_43c9655852ed,lrow_b15a9f672312,TABLE_CONTAINS_LOGICAL_ROW,3956
tbl_44b0eff90ecf,lrow_fc11b9b6a968,TABLE_CONTAINS_LOGICAL_ROW,3957
tbl_44b0eff90ecf,lrow_495dc6a42d25,TABLE_CONTAINS_LOGICAL_ROW,3958
tbl_455d6535ff48,lrow_793cb3865fed,TABLE_CONTAINS_LOGICAL_ROW,3959
tbl_48ae8e47fcf9,lrow_5ee71abf47f8,TABLE_CONTAINS_LOGICAL_ROW,3960
tbl_48ae8e47fcf9,lrow_769516b78e89,TABLE_CONTAINS_LOGICAL_ROW,3961
tbl_48ae8e47fcf9,lrow_fd4b22b0b585,TABLE_CONTAINS_LOGICAL_ROW,3962
tbl_4ade2aeed079,lrow_32d7f88e6efe,TABLE_CONTAINS_LOGICAL_ROW,3963
tbl_4c185c5a1922,lrow_1f820e9295e2,TABLE_CONTAINS_LOGICAL_ROW,3964
tbl_4c322b4e82c7,lrow_18709df9bdd8,TABLE_CONTAINS_LOGICAL_ROW,3965
tbl_4cae838ca4d3,lrow_d0660c8fdb39,TABLE_CONTAINS_LOGICAL_ROW,3966
tbl_4ccbf40830b2,lrow_4c1aaf952ba0,TABLE_CONTAINS_LOGICAL_ROW,3967
tbl_4ccbf40830b2,lrow_83ffe44baef9,TABLE_CONTAINS_LOGICAL_ROW,3968
tbl_4ccbf40830b2,lrow_bcc968d3bcf0,TABLE_CONTAINS_LOGICAL_ROW,3969
tbl_4ccbf40830b2,lrow_29781326e186,TABLE_CONTAINS_LOGICAL_ROW,3970
tbl_4d038c9d1dcb,lrow_49b0cc3f6305,TABLE_CONTAINS_LOGICAL_ROW,3971
tbl_4d038c9d1dcb,lrow_620adaee9220,TABLE_CONTAINS_LOGICAL_ROW,3972
tbl_4e7e75fede91,lrow_db62991a1fbb,TABLE_CONTAINS_LOGICAL_ROW,3973
tbl_4e7e75fede91,lrow_523cf23b28f2,TABLE_CONTAINS_LOGICAL_ROW,3974
tbl_4ee98bf49c24,lrow_79a56a9f5824,TABLE_CONTAINS_LOGICAL_ROW,3975
tbl_4ee98bf49c24,lrow_36ef3b33fb29,TABLE_CONTAINS_LOGICAL_ROW,3976
tbl_4ee98bf49c24,lrow_a340ccca2ce2,TABLE_CONTAINS_LOGICAL_ROW,3977
tbl_4f2392e40b74,lrow_3f5b2aed2e51,TABLE_CONTAINS_LOGICAL_ROW,3978
tbl_4f2392e40b74,lrow_213979e4d82c,TABLE_CONTAINS_LOGICAL_ROW,3979
tbl_4f2392e40b74,lrow_4fc7fba0d626,TABLE_CONTAINS_LOGICAL_ROW,3980
tbl_4f2392e40b74,lrow_dd8bbcebe52e,TABLE_CONTAINS_LOGICAL_ROW,3981
tbl_4f2392e40b74,lrow_da064ff31e94,TABLE_CONTAINS_LOGICAL_ROW,3982
tbl_4f2392e40b74,lrow_f7289f30811b,TABLE_CONTAINS_LOGICAL_ROW,3983
tbl_4f2392e40b74,lrow_3270ceb92e96,TABLE_CONTAINS_LOGICAL_ROW,3984
tbl_4f2392e40b74,lrow_70c5941d5630,TABLE_CONTAINS_LOGICAL_ROW,3985
tbl_4f2392e40b74,lrow_d1117812130b,TABLE_CONTAINS_LOGICAL_ROW,3986
tbl_4f2392e40b74,lrow_29d71a5d831e,TABLE_CONTAINS_LOGICAL_ROW,3987
tbl_4f2392e40b74,lrow_9e88b0fe4d90,TABLE_CONTAINS_LOGICAL_ROW,3988
tbl_5017a9c8ae6e,lrow_2e8edf994738,TABLE_CONTAINS_LOGICAL_ROW,3989
tbl_501ad81b104c,lrow_85d55feea189,TABLE_CONTAINS_LOGICAL_ROW,3990
tbl_501ad81b104c,lrow_7b5f0c47b779,TABLE_CONTAINS_LOGICAL_ROW,3991
tbl_501ad81b104c,lrow_d6752cb5ea69,TABLE_CONTAINS_LOGICAL_ROW,3992
tbl_51001113a2ce,lrow_192a9687b4ab,TABLE_CONTAINS_LOGICAL_ROW,3993
tbl_51448565b0b2,lrow_c11a2c0bcccd,TABLE_CONTAINS_LOGICAL_ROW,3994
tbl_51909a97ad85,lrow_55c686f5460f,TABLE_CONTAINS_LOGICAL_ROW,3995
tbl_51909a97ad85,lrow_b806960a2fe3,TABLE_CONTAINS_LOGICAL_ROW,3996
tbl_51909a97ad85,lrow_8addf524b928,TABLE_CONTAINS_LOGICAL_ROW,3997
tbl_51909a97ad85,lrow_23025b96abf3,TABLE_CONTAINS_LOGICAL_ROW,3998
tbl_51909a97ad85,lrow_44d801431e64,TABLE_CONTAINS_LOGICAL_ROW,3999
tbl_51a3367367c0,lrow_30cfd8d1acae,TABLE_CONTAINS_LOGICAL_ROW,4000
tbl_51a3367367c0,lrow_68ba6c0fffb3,TABLE_CONTAINS_LOGICAL_ROW,4001
tbl_51a3367367c0,lrow_f3cf8c36a363,TABLE_CONTAINS_LOGICAL_ROW,4002
tbl_51a3367367c0,lrow_bb0174039517,TABLE_CONTAINS_LOGICAL_ROW,4003
tbl_51a3367367c0,lrow_4c1e9e63aa26,TABLE_CONTAINS_LOGICAL_ROW,4004
tbl_51a3367367c0,lrow_6c7e05700ff8,TABLE_CONTAINS_LOGICAL_ROW,4005
tbl_51a3367367c0,lrow_4dcf285998a8,TABLE_CONTAINS_LOGICAL_ROW,4006
tbl_51a3367367c0,lrow_93c43834ff05,TABLE_CONTAINS_LOGICAL_ROW,4007
tbl_51a3367367c0,lrow_8e55dd7bef38,TABLE_CONTAINS_LOGICAL_ROW,4008
tbl_51a3367367c0,lrow_ffc10f11c079,TABLE_CONTAINS_LOGICAL_ROW,4009
tbl_521d7f58b5ad,lrow_c98f4cf3db38,TABLE_CONTAINS_LOGICAL_ROW,4010
tbl_5359279b4ade,lrow_55a67abf7059,TABLE_CONTAINS_LOGICAL_ROW,4011
tbl_537648922b31,lrow_f2984ba59490,TABLE_CONTAINS_LOGICAL_ROW,4012
tbl_538bb1a9ab7b,lrow_b9fd378e3e5c,TABLE_CONTAINS_LOGICAL_ROW,4013
tbl_538bb1a9ab7b,lrow_554ead553df5,TABLE_CONTAINS_LOGICAL_ROW,4014
tbl_538bb1a9ab7b,lrow_ade61975db8e,TABLE_CONTAINS_LOGICAL_ROW,4015
tbl_538bb1a9ab7b,lrow_ccc0e79bd801,TABLE_CONTAINS_LOGICAL_ROW,4016
tbl_538bb1a9ab7b,lrow_784a3dd08714,TABLE_CONTAINS_LOGICAL_ROW,4017
tbl_5489d85088da,lrow_8e123fb1c370,TABLE_CONTAINS_LOGICAL_ROW,4018
tbl_5489d85088da,lrow_8ff14bf972a1,TABLE_CONTAINS_LOGICAL_ROW,4019
tbl_5489d85088da,lrow_eb051f92efc1,TABLE_CONTAINS_LOGICAL_ROW,4020
tbl_55d9b56abc7f,lrow_6284617e3c05,TABLE_CONTAINS_LOGICAL_ROW,4021
tbl_55d9b56abc7f,lrow_96e3a2277819,TABLE_CONTAINS_LOGICAL_ROW,4022
tbl_55d9b56abc7f,lrow_7f567a77e122,TABLE_CONTAINS_LOGICAL_ROW,4023
tbl_55d9b56abc7f,lrow_5b52bc3d77f1,TABLE_CONTAINS_LOGICAL_ROW,4024
tbl_55d9b56abc7f,lrow_d694e146ceae,TABLE_CONTAINS_LOGICAL_ROW,4025
tbl_55d9b56abc7f,lrow_7edde264ae83,TABLE_CONTAINS_LOGICAL_ROW,4026
tbl_55d9b56abc7f,lrow_7342e760bdb7,TABLE_CONTAINS_LOGICAL_ROW,4027
tbl_55d9b56abc7f,lrow_5b509726742f,TABLE_CONTAINS_LOGICAL_ROW,4028
tbl_55d9b56abc7f,lrow_7219a54f3e87,TABLE_CONTAINS_LOGICAL_ROW,4029
tbl_55d9b56abc7f,lrow_472c0024a377,TABLE_CONTAINS_LOGICAL_ROW,4030
tbl_55d9b56abc7f,lrow_f525b877daca,TABLE_CONTAINS_LOGICAL_ROW,4031
tbl_55de5161f67f,lrow_76c34906c60f,TABLE_CONTAINS_LOGICAL_ROW,4032
tbl_586b4d3ce0ab,lrow_e8ce16038fc7,TABLE_CONTAINS_LOGICAL_ROW,4033
tbl_58a1e2a01e3e,lrow_8c6a34333bc4,TABLE_CONTAINS_LOGICAL_ROW,4034
tbl_58a1e2a01e3e,lrow_dc6984363f2f,TABLE_CONTAINS_LOGICAL_ROW,4035
tbl_58a1e2a01e3e,lrow_8c8032cded5f,TABLE_CONTAINS_LOGICAL_ROW,4036
tbl_59580c2455a3,lrow_9e4440d9722f,TABLE_CONTAINS_LOGICAL_ROW,4037
tbl_59580c2455a3,lrow_62a3e757c510,TABLE_CONTAINS_LOGICAL_ROW,4038
tbl_59580c2455a3,lrow_245d02223935,TABLE_CONTAINS_LOGICAL_ROW,4039
tbl_59580c2455a3,lrow_7d7fd8e4423f,TABLE_CONTAINS_LOGICAL_ROW,4040
tbl_59580c2455a3,lrow_db32d388fff9,TABLE_CONTAINS_LOGICAL_ROW,4041
tbl_59580c2455a3,lrow_0af01aa14d06,TABLE_CONTAINS_LOGICAL_ROW,4042
tbl_59580c2455a3,lrow_f38bd038ebc1,TABLE_CONTAINS_LOGICAL_ROW,4043
tbl_5964b23f3a69,lrow_5a4e4a69b50d,TABLE_CONTAINS_LOGICAL_ROW,4044
tbl_5964b23f3a69,lrow_48bf2200289c,TABLE_CONTAINS_LOGICAL_ROW,4045
tbl_5964b23f3a69,lrow_d3feeba7aff5,TABLE_CONTAINS_LOGICAL_ROW,4046
tbl_5964b23f3a69,lrow_b2ed5c0adfd7,TABLE_CONTAINS_LOGICAL_ROW,4047
tbl_5a3317fba6e7,lrow_d9564b08e810,TABLE_CONTAINS_LOGICAL_ROW,4048
tbl_5a77711a8d38,lrow_97150b7628a2,TABLE_CONTAINS_LOGICAL_ROW,4049
tbl_5a77711a8d38,lrow_1cf5178830b3,TABLE_CONTAINS_LOGICAL_ROW,4050
tbl_5aaca6c8fb62,lrow_e013736a4c9b,TABLE_CONTAINS_LOGICAL_ROW,4051
tbl_5aaca6c8fb62,lrow_f5a53f172ed2,TABLE_CONTAINS_LOGICAL_ROW,4052
tbl_5aaca6c8fb62,lrow_ccb612c9c808,TABLE_CONTAINS_LOGICAL_ROW,4053
tbl_5afff257efe1,lrow_5333c0328a30,TABLE_CONTAINS_LOGICAL_ROW,4054
tbl_5b8baa50c772,lrow_91e04406f9a2,TABLE_CONTAINS_LOGICAL_ROW,4055
tbl_5b964a927f38,lrow_98c33c8a9205,TABLE_CONTAINS_LOGICAL_ROW,4056
tbl_5b964a927f38,lrow_7080b557defa,TABLE_CONTAINS_LOGICAL_ROW,4057
tbl_5b964a927f38,lrow_fd42b4d2becb,TABLE_CONTAINS_LOGICAL_ROW,4058
tbl_5b964a927f38,lrow_18f7916e78e2,TABLE_CONTAINS_LOGICAL_ROW,4059
tbl_5c4541e74aef,lrow_ce15885a3cb9,TABLE_CONTAINS_LOGICAL_ROW,4060
tbl_5c4541e74aef,lrow_8c0e453d089d,TABLE_CONTAINS_LOGICAL_ROW,4061
tbl_5c4541e74aef,lrow_9f5f79a197b0,TABLE_CONTAINS_LOGICAL_ROW,4062
tbl_5c4541e74aef,lrow_cc098980b2bc,TABLE_CONTAINS_LOGICAL_ROW,4063
tbl_5c4541e74aef,lrow_09949dde2b3e,TABLE_CONTAINS_LOGICAL_ROW,4064
tbl_5c4541e74aef,lrow_d859467dc7b6,TABLE_CONTAINS_LOGICAL_ROW,4065
tbl_5c4541e74aef,lrow_5d62d2d3e2d9,TABLE_CONTAINS_LOGICAL_ROW,4066
tbl_5cf6b16abcf3,lrow_fbd3b1722771,TABLE_CONTAINS_LOGICAL_ROW,4067
tbl_5cf6b16abcf3,lrow_73a4071ed81b,TABLE_CONTAINS_LOGICAL_ROW,4068
tbl_5cf6b16abcf3,lrow_65ce6607803e,TABLE_CONTAINS_LOGICAL_ROW,4069
tbl_5dda594b6273,lrow_4f192c0c3a79,TABLE_CONTAINS_LOGICAL_ROW,4070
tbl_5dda594b6273,lrow_a68789713ec2,TABLE_CONTAINS_LOGICAL_ROW,4071
tbl_5dda594b6273,lrow_8af1961312b5,TABLE_CONTAINS_LOGICAL_ROW,4072
tbl_5dda594b6273,lrow_cc2625af14f7,TABLE_CONTAINS_LOGICAL_ROW,4073
tbl_5dda594b6273,lrow_0de8e77d8094,TABLE_CONTAINS_LOGICAL_ROW,4074
tbl_5dda594b6273,lrow_c66044fe63ce,TABLE_CONTAINS_LOGICAL_ROW,4075
tbl_5dda594b6273,lrow_fcc7762946e3,TABLE_CONTAINS_LOGICAL_ROW,4076
tbl_5dda594b6273,lrow_6908a4b52dca,TABLE_CONTAINS_LOGICAL_ROW,4077
tbl_5dda594b6273,lrow_9b3855d6d633,TABLE_CONTAINS_LOGICAL_ROW,4078
tbl_5e05c56ef767,lrow_4e81c17be41e,TABLE_CONTAINS_LOGICAL_ROW,4079
tbl_5e9b21575af2,lrow_ed5711408f08,TABLE_CONTAINS_LOGICAL_ROW,4080
tbl_5e9b21575af2,lrow_418a56b3556a,TABLE_CONTAINS_LOGICAL_ROW,4081
tbl_5e9b21575af2,lrow_e0bc231a9431,TABLE_CONTAINS_LOGICAL_ROW,4082
tbl_5e9b21575af2,lrow_f9a2d44f9e39,TABLE_CONTAINS_LOGICAL_ROW,4083
tbl_5e9b21575af2,lrow_3621711206a6,TABLE_CONTAINS_LOGICAL_ROW,4084
tbl_5e9b21575af2,lrow_3bfc031abf26,TABLE_CONTAINS_LOGICAL_ROW,4085
tbl_5e9b21575af2,lrow_6cb23af60158,TABLE_CONTAINS_LOGICAL_ROW,4086
tbl_5e9b21575af2,lrow_e162380adcce,TABLE_CONTAINS_LOGICAL_ROW,4087
tbl_5e9b21575af2,lrow_502e3ff63260,TABLE_CONTAINS_LOGICAL_ROW,4088
tbl_5e9b21575af2,lrow_ad69f2b4a327,TABLE_CONTAINS_LOGICAL_ROW,4089
tbl_5e9b21575af2,lrow_9f4c2226dff7,TABLE_CONTAINS_LOGICAL_ROW,4090
tbl_5e9b21575af2,lrow_9845315f5d3b,TABLE_CONTAINS_LOGICAL_ROW,4091
tbl_5e9b21575af2,lrow_264bd521dd25,TABLE_CONTAINS_LOGICAL_ROW,4092
tbl_5e9b21575af2,lrow_8c21729aef20,TABLE_CONTAINS_LOGICAL_ROW,4093
tbl_5e9b21575af2,lrow_bf54e0a8f50f,TABLE_CONTAINS_LOGICAL_ROW,4094
tbl_5e9b21575af2,lrow_d090d165d5b9,TABLE_CONTAINS_LOGICAL_ROW,4095
tbl_5e9b21575af2,lrow_c960d88dc009,TABLE_CONTAINS_LOGICAL_ROW,4096
tbl_5e9b21575af2,lrow_8077aace3fa6,TABLE_CONTAINS_LOGICAL_ROW,4097
tbl_5e9b21575af2,lrow_ad17cfe1bc60,TABLE_CONTAINS_LOGICAL_ROW,4098
tbl_5e9b21575af2,lrow_323471ffb793,TABLE_CONTAINS_LOGICAL_ROW,4099
tbl_5e9b21575af2,lrow_78fbbd9dc428,TABLE_CONTAINS_LOGICAL_ROW,4100
tbl_5e9b21575af2,lrow_a271fb07319f,TABLE_CONTAINS_LOGICAL_ROW,4101
tbl_5e9b21575af2,lrow_3c0f6e5f5240,TABLE_CONTAINS_LOGICAL_ROW,4102
tbl_5e9b21575af2,lrow_4c1920e54c7e,TABLE_CONTAINS_LOGICAL_ROW,4103
tbl_5e9b21575af2,lrow_ee9bdf20dba7,TABLE_CONTAINS_LOGICAL_ROW,4104
tbl_5e9b21575af2,lrow_1e624c9311b8,TABLE_CONTAINS_LOGICAL_ROW,4105
tbl_5e9b21575af2,lrow_f8a4bb69dbfd,TABLE_CONTAINS_LOGICAL_ROW,4106
tbl_5e9b21575af2,lrow_15945a0d6777,TABLE_CONTAINS_LOGICAL_ROW,4107
tbl_5e9b21575af2,lrow_8fec26ba5049,TABLE_CONTAINS_LOGICAL_ROW,4108
tbl_5e9b21575af2,lrow_822f273e15a5,TABLE_CONTAINS_LOGICAL_ROW,4109
tbl_5e9b21575af2,lrow_8652bbe3b929,TABLE_CONTAINS_LOGICAL_ROW,4110
tbl_5e9b21575af2,lrow_45fea771a7e4,TABLE_CONTAINS_LOGICAL_ROW,4111
tbl_5e9b21575af2,lrow_f75ce8d0be47,TABLE_CONTAINS_LOGICAL_ROW,4112
tbl_5e9b21575af2,lrow_ec79b705633f,TABLE_CONTAINS_LOGICAL_ROW,4113
tbl_5e9b21575af2,lrow_2150cc14c792,TABLE_CONTAINS_LOGICAL_ROW,4114
tbl_5e9b21575af2,lrow_711d4202357b,TABLE_CONTAINS_LOGICAL_ROW,4115
tbl_5e9b21575af2,lrow_8c5567a3a1c5,TABLE_CONTAINS_LOGICAL_ROW,4116
tbl_5e9b21575af2,lrow_248e69ea888d,TABLE_CONTAINS_LOGICAL_ROW,4117
tbl_5e9b21575af2,lrow_ed7b126b353c,TABLE_CONTAINS_LOGICAL_ROW,4118
tbl_5e9b21575af2,lrow_e9ebf934ff95,TABLE_CONTAINS_LOGICAL_ROW,4119
tbl_5e9b21575af2,lrow_bcb7c3979e12,TABLE_CONTAINS_LOGICAL_ROW,4120
tbl_5e9b21575af2,lrow_3e4a9c7d0c0b,TABLE_CONTAINS_LOGICAL_ROW,4121
tbl_5e9b21575af2,lrow_e7e73c68287e,TABLE_CONTAINS_LOGICAL_ROW,4122
tbl_5e9b21575af2,lrow_072fa4cffcfe,TABLE_CONTAINS_LOGICAL_ROW,4123
tbl_5e9b21575af2,lrow_515b4e847615,TABLE_CONTAINS_LOGICAL_ROW,4124
tbl_5e9b21575af2,lrow_5c375d8e2dc9,TABLE_CONTAINS_LOGICAL_ROW,4125
tbl_5e9b21575af2,lrow_23bc3a0262a0,TABLE_CONTAINS_LOGICAL_ROW,4126
tbl_5e9b21575af2,lrow_42f5b218ef02,TABLE_CONTAINS_LOGICAL_ROW,4127
tbl_5e9b21575af2,lrow_9a9af6ba26e2,TABLE_CONTAINS_LOGICAL_ROW,4128
tbl_5e9b21575af2,lrow_df9351d04804,TABLE_CONTAINS_LOGICAL_ROW,4129
tbl_5e9b21575af2,lrow_26d96c06ab51,TABLE_CONTAINS_LOGICAL_ROW,4130
tbl_5e9b21575af2,lrow_18554f2625e7,TABLE_CONTAINS_LOGICAL_ROW,4131
tbl_5e9b21575af2,lrow_092dd5a2e501,TABLE_CONTAINS_LOGICAL_ROW,4132
tbl_5e9b21575af2,lrow_0eedf8fa35a7,TABLE_CONTAINS_LOGICAL_ROW,4133
tbl_5e9b21575af2,lrow_1356912039de,TABLE_CONTAINS_LOGICAL_ROW,4134
tbl_5e9b21575af2,lrow_2923423d947f,TABLE_CONTAINS_LOGICAL_ROW,4135
tbl_5e9b21575af2,lrow_b909f887f7e9,TABLE_CONTAINS_LOGICAL_ROW,4136
tbl_5e9b21575af2,lrow_302127bdfbad,TABLE_CONTAINS_LOGICAL_ROW,4137
tbl_5e9b21575af2,lrow_d2c435e6dda1,TABLE_CONTAINS_LOGICAL_ROW,4138
tbl_5e9b21575af2,lrow_b626ed7479ea,TABLE_CONTAINS_LOGICAL_ROW,4139
tbl_5e9b21575af2,lrow_2e718c8b361d,TABLE_CONTAINS_LOGICAL_ROW,4140
tbl_5e9b21575af2,lrow_1b67eac10adb,TABLE_CONTAINS_LOGICAL_ROW,4141
tbl_5e9b21575af2,lrow_5c72bbf4238b,TABLE_CONTAINS_LOGICAL_ROW,4142
tbl_5e9b21575af2,lrow_a28be4d8fec1,TABLE_CONTAINS_LOGICAL_ROW,4143
tbl_5e9b21575af2,lrow_b528206fc4fe,TABLE_CONTAINS_LOGICAL_ROW,4144
tbl_5e9b21575af2,lrow_4984b10f886f,TABLE_CONTAINS_LOGICAL_ROW,4145
tbl_5e9b21575af2,lrow_2375237de100,TABLE_CONTAINS_LOGICAL_ROW,4146
tbl_5e9b21575af2,lrow_2c417e572ca6,TABLE_CONTAINS_LOGICAL_ROW,4147
tbl_5f669e6d853b,lrow_e1ee24a11f7d,TABLE_CONTAINS_LOGICAL_ROW,4148
tbl_5f669e6d853b,lrow_4bad1b93681f,TABLE_CONTAINS_LOGICAL_ROW,4149
tbl_5f669e6d853b,lrow_abf61103398b,TABLE_CONTAINS_LOGICAL_ROW,4150
tbl_5f669e6d853b,lrow_f45c4f0096c3,TABLE_CONTAINS_LOGICAL_ROW,4151
tbl_5f669e6d853b,lrow_6f71c418fb84,TABLE_CONTAINS_LOGICAL_ROW,4152
tbl_5fcf52a82d46,lrow_9cd5309df302,TABLE_CONTAINS_LOGICAL_ROW,4153
tbl_5fcf52a82d46,lrow_8956b6dd7a4c,TABLE_CONTAINS_LOGICAL_ROW,4154
tbl_5fcf52a82d46,lrow_be1dbd41e505,TABLE_CONTAINS_LOGICAL_ROW,4155
tbl_5fcf52a82d46,lrow_86955746fe13,TABLE_CONTAINS_LOGICAL_ROW,4156
tbl_5fcf52a82d46,lrow_29677d9a5e5c,TABLE_CONTAINS_LOGICAL_ROW,4157
tbl_5fcf52a82d46,lrow_fabf09ff75c3,TABLE_CONTAINS_LOGICAL_ROW,4158
tbl_5fcf52a82d46,lrow_5e538158db51,TABLE_CONTAINS_LOGICAL_ROW,4159
tbl_5fcf52a82d46,lrow_ad90f9d3c9d6,TABLE_CONTAINS_LOGICAL_ROW,4160
tbl_5fcf52a82d46,lrow_b7772fe5b5cb,TABLE_CONTAINS_LOGICAL_ROW,4161
tbl_5fcf52a82d46,lrow_02164f19a821,TABLE_CONTAINS_LOGICAL_ROW,4162
tbl_5fcf52a82d46,lrow_4366f9ebf629,TABLE_CONTAINS_LOGICAL_ROW,4163
tbl_5fcf52a82d46,lrow_4ccda4def377,TABLE_CONTAINS_LOGICAL_ROW,4164
tbl_5fcf52a82d46,lrow_bc18a6e73a24,TABLE_CONTAINS_LOGICAL_ROW,4165
tbl_5fcf52a82d46,lrow_9d8c63fa69dd,TABLE_CONTAINS_LOGICAL_ROW,4166
tbl_5fcf52a82d46,lrow_1267ec1941fe,TABLE_CONTAINS_LOGICAL_ROW,4167
tbl_5fcf52a82d46,lrow_b7705219e06e,TABLE_CONTAINS_LOGICAL_ROW,4168
tbl_5fcf52a82d46,lrow_ddca8ffe25f4,TABLE_CONTAINS_LOGICAL_ROW,4169
tbl_5fcf52a82d46,lrow_f4aee2702768,TABLE_CONTAINS_LOGICAL_ROW,4170
tbl_5fcf52a82d46,lrow_d8571e980cf9,TABLE_CONTAINS_LOGICAL_ROW,4171
tbl_5fcf52a82d46,lrow_818478b100af,TABLE_CONTAINS_LOGICAL_ROW,4172
tbl_5fcf52a82d46,lrow_5c2918945e6d,TABLE_CONTAINS_LOGICAL_ROW,4173
tbl_5fcf52a82d46,lrow_2a0d802b9f1d,TABLE_CONTAINS_LOGICAL_ROW,4174
tbl_5fcf52a82d46,lrow_2aac2d817205,TABLE_CONTAINS_LOGICAL_ROW,4175
tbl_5fcf52a82d46,lrow_332009f4996c,TABLE_CONTAINS_LOGICAL_ROW,4176
tbl_5fcf52a82d46,lrow_e856e7d128ad,TABLE_CONTAINS_LOGICAL_ROW,4177
tbl_5fcf52a82d46,lrow_1ca9f281bd4c,TABLE_CONTAINS_LOGICAL_ROW,4178
tbl_5fcf52a82d46,lrow_4df16b74530d,TABLE_CONTAINS_LOGICAL_ROW,4179
tbl_5fcf52a82d46,lrow_d14b2776b71d,TABLE_CONTAINS_LOGICAL_ROW,4180
tbl_5fcf52a82d46,lrow_ef79f4b154b6,TABLE_CONTAINS_LOGICAL_ROW,4181
tbl_5fcf52a82d46,lrow_fb4c27298200,TABLE_CONTAINS_LOGICAL_ROW,4182
tbl_5fcf52a82d46,lrow_4f6992492b72,TABLE_CONTAINS_LOGICAL_ROW,4183
tbl_5fcf52a82d46,lrow_1422f77868e2,TABLE_CONTAINS_LOGICAL_ROW,4184
tbl_5fcf52a82d46,lrow_3fe0deb2a2b9,TABLE_CONTAINS_LOGICAL_ROW,4185
tbl_5fcf52a82d46,lrow_b6867933ab14,TABLE_CONTAINS_LOGICAL_ROW,4186
tbl_5fcf52a82d46,lrow_be8098ccef36,TABLE_CONTAINS_LOGICAL_ROW,4187
tbl_5fcf52a82d46,lrow_f50a7a694449,TABLE_CONTAINS_LOGICAL_ROW,4188
tbl_5fcf52a82d46,lrow_863a9b90a912,TABLE_CONTAINS_LOGICAL_ROW,4189
tbl_5fcf52a82d46,lrow_fdb11127648f,TABLE_CONTAINS_LOGICAL_ROW,4190
tbl_5fcf52a82d46,lrow_cb3c445e338a,TABLE_CONTAINS_LOGICAL_ROW,4191
tbl_5fcf52a82d46,lrow_c006ca232590,TABLE_CONTAINS_LOGICAL_ROW,4192
tbl_5fcf52a82d46,lrow_ec98635d9ac6,TABLE_CONTAINS_LOGICAL_ROW,4193
tbl_5fcf52a82d46,lrow_b804a06e8610,TABLE_CONTAINS_LOGICAL_ROW,4194
tbl_5fcf52a82d46,lrow_a5d2bcf00e2b,TABLE_CONTAINS_LOGICAL_ROW,4195
tbl_5fcf52a82d46,lrow_51f951c3a2b0,TABLE_CONTAINS_LOGICAL_ROW,4196
tbl_5fcf52a82d46,lrow_01f992b4ea1a,TABLE_CONTAINS_LOGICAL_ROW,4197
tbl_5fcf52a82d46,lrow_c278939988c8,TABLE_CONTAINS_LOGICAL_ROW,4198
tbl_5fcf52a82d46,lrow_b9ed60122ae4,TABLE_CONTAINS_LOGICAL_ROW,4199
tbl_5fcf52a82d46,lrow_4bcd94bde6dc,TABLE_CONTAINS_LOGICAL_ROW,4200
tbl_5fcf52a82d46,lrow_9d28033de3bc,TABLE_CONTAINS_LOGICAL_ROW,4201
tbl_5fcf52a82d46,lrow_6e5d6749c433,TABLE_CONTAINS_LOGICAL_ROW,4202
tbl_5fcf52a82d46,lrow_318e3c970cde,TABLE_CONTAINS_LOGICAL_ROW,4203
tbl_5fcf52a82d46,lrow_2d5ba2f24acb,TABLE_CONTAINS_LOGICAL_ROW,4204
tbl_5fcf52a82d46,lrow_e6b775d4ed09,TABLE_CONTAINS_LOGICAL_ROW,4205
tbl_5fcf52a82d46,lrow_261b0d72af20,TABLE_CONTAINS_LOGICAL_ROW,4206
tbl_5fcf52a82d46,lrow_ae6fea3e6d8f,TABLE_CONTAINS_LOGICAL_ROW,4207
tbl_5fcf52a82d46,lrow_20f060fcf752,TABLE_CONTAINS_LOGICAL_ROW,4208
tbl_5fcf52a82d46,lrow_b9af1bca25b5,TABLE_CONTAINS_LOGICAL_ROW,4209
tbl_5fcf52a82d46,lrow_4708c970a6b3,TABLE_CONTAINS_LOGICAL_ROW,4210
tbl_5fcf52a82d46,lrow_24a0f85e4f86,TABLE_CONTAINS_LOGICAL_ROW,4211
tbl_5fcf52a82d46,lrow_9d5308fa19c7,TABLE_CONTAINS_LOGICAL_ROW,4212
tbl_5fcf52a82d46,lrow_6d42a4efad46,TABLE_CONTAINS_LOGICAL_ROW,4213
tbl_5fcf52a82d46,lrow_59f6a1df4bcb,TABLE_CONTAINS_LOGICAL_ROW,4214
tbl_5fcf52a82d46,lrow_7917985b8256,TABLE_CONTAINS_LOGICAL_ROW,4215
tbl_5fcf52a82d46,lrow_12e81d6cd5a7,TABLE_CONTAINS_LOGICAL_ROW,4216
tbl_5fcf52a82d46,lrow_221a2f5719ff,TABLE_CONTAINS_LOGICAL_ROW,4217
tbl_5fcf52a82d46,lrow_c24211e9e913,TABLE_CONTAINS_LOGICAL_ROW,4218
tbl_5fcf52a82d46,lrow_2351c2f1d7a8,TABLE_CONTAINS_LOGICAL_ROW,4219
tbl_5fcf52a82d46,lrow_ca90e792f55a,TABLE_CONTAINS_LOGICAL_ROW,4220
tbl_5fcf52a82d46,lrow_735d2846c04d,TABLE_CONTAINS_LOGICAL_ROW,4221
tbl_5fcf52a82d46,lrow_245241b310e4,TABLE_CONTAINS_LOGICAL_ROW,4222
tbl_603041fac78f,lrow_c0baeef7fdcd,TABLE_CONTAINS_LOGICAL_ROW,4223
tbl_603041fac78f,lrow_439d2d2bedaa,TABLE_CONTAINS_LOGICAL_ROW,4224
tbl_603041fac78f,lrow_e1f36b7e25bd,TABLE_CONTAINS_LOGICAL_ROW,4225
tbl_603041fac78f,lrow_1e53f7c48d1c,TABLE_CONTAINS_LOGICAL_ROW,4226
tbl_603041fac78f,lrow_758d8566233b,TABLE_CONTAINS_LOGICAL_ROW,4227
tbl_603041fac78f,lrow_5c887fe3d2e6,TABLE_CONTAINS_LOGICAL_ROW,4228
tbl_6044bf0c960c,lrow_d7eb5d8b9c3f,TABLE_CONTAINS_LOGICAL_ROW,4229
tbl_6088e9728c8a,lrow_639ee9bb0327,TABLE_CONTAINS_LOGICAL_ROW,4230
tbl_6088e9728c8a,lrow_fa070acb85da,TABLE_CONTAINS_LOGICAL_ROW,4231
tbl_60a18fcc3f8e,lrow_82a22dc634eb,TABLE_CONTAINS_LOGICAL_ROW,4232
tbl_613a972160e8,lrow_56cf92ab188d,TABLE_CONTAINS_LOGICAL_ROW,4233
tbl_613a972160e8,lrow_9dcc67823ffb,TABLE_CONTAINS_LOGICAL_ROW,4234
tbl_613a972160e8,lrow_e0e717ea2d6d,TABLE_CONTAINS_LOGICAL_ROW,4235
tbl_613a972160e8,lrow_b8d962c88ab1,TABLE_CONTAINS_LOGICAL_ROW,4236
tbl_613a972160e8,lrow_e2f6c12b956f,TABLE_CONTAINS_LOGICAL_ROW,4237
tbl_6191c541a001,lrow_2a527d477459,TABLE_CONTAINS_LOGICAL_ROW,4238
tbl_62046c589782,lrow_0b464ad9bdc7,TABLE_CONTAINS_LOGICAL_ROW,4239
tbl_62046c589782,lrow_686d10d48d73,TABLE_CONTAINS_LOGICAL_ROW,4240
tbl_62046c589782,lrow_299256da03e6,TABLE_CONTAINS_LOGICAL_ROW,4241
tbl_62046c589782,lrow_beeeb9865b6a,TABLE_CONTAINS_LOGICAL_ROW,4242
tbl_62046c589782,lrow_94a3b2616cd6,TABLE_CONTAINS_LOGICAL_ROW,4243
tbl_62046c589782,lrow_8ef2de367e15,TABLE_CONTAINS_LOGICAL_ROW,4244
tbl_62046c589782,lrow_9b99a7bc8992,TABLE_CONTAINS_LOGICAL_ROW,4245
tbl_62741a090197,lrow_4be42d193458,TABLE_CONTAINS_LOGICAL_ROW,4246
tbl_63d2ca59f585,lrow_bab78f310aeb,TABLE_CONTAINS_LOGICAL_ROW,4247
tbl_644408bbcd92,lrow_c8bb44fd2207,TABLE_CONTAINS_LOGICAL_ROW,4248
tbl_65981a71d321,lrow_517d00e3a83e,TABLE_CONTAINS_LOGICAL_ROW,4249
tbl_65981a71d321,lrow_77633dc8442e,TABLE_CONTAINS_LOGICAL_ROW,4250
tbl_66e230de65f8,lrow_7d10f894824e,TABLE_CONTAINS_LOGICAL_ROW,4251
tbl_671a7ad9472f,lrow_92aad9ac3c32,TABLE_CONTAINS_LOGICAL_ROW,4252
tbl_671a7ad9472f,lrow_9a5b9836b9b1,TABLE_CONTAINS_LOGICAL_ROW,4253
tbl_671a7ad9472f,lrow_dde397dc8856,TABLE_CONTAINS_LOGICAL_ROW,4254
tbl_671a7ad9472f,lrow_68d71cb6c3db,TABLE_CONTAINS_LOGICAL_ROW,4255
tbl_671a7ad9472f,lrow_1036d3f835bf,TABLE_CONTAINS_LOGICAL_ROW,4256
tbl_671a7ad9472f,lrow_fbc9738c2e41,TABLE_CONTAINS_LOGICAL_ROW,4257
tbl_671a7ad9472f,lrow_12d8b5c3c47e,TABLE_CONTAINS_LOGICAL_ROW,4258
tbl_67bf5cc358b8,lrow_030c06c38ec1,TABLE_CONTAINS_LOGICAL_ROW,4259
tbl_68ef1da7de87,lrow_26f466fde133,TABLE_CONTAINS_LOGICAL_ROW,4260
tbl_68ef1da7de87,lrow_c8e74d7daf53,TABLE_CONTAINS_LOGICAL_ROW,4261
tbl_68ef1da7de87,lrow_b20739460d43,TABLE_CONTAINS_LOGICAL_ROW,4262
tbl_68ef1da7de87,lrow_6b580471cad2,TABLE_CONTAINS_LOGICAL_ROW,4263
tbl_68ef1da7de87,lrow_54a3e2151c68,TABLE_CONTAINS_LOGICAL_ROW,4264
tbl_68ef1da7de87,lrow_020510eeedac,TABLE_CONTAINS_LOGICAL_ROW,4265
tbl_693da2d12c65,lrow_536c65b0d89a,TABLE_CONTAINS_LOGICAL_ROW,4266
tbl_693da2d12c65,lrow_496f3e9d9223,TABLE_CONTAINS_LOGICAL_ROW,4267
tbl_693da2d12c65,lrow_1fbce1be17d3,TABLE_CONTAINS_LOGICAL_ROW,4268
tbl_693da2d12c65,lrow_fbc48cf10e5a,TABLE_CONTAINS_LOGICAL_ROW,4269
tbl_693da2d12c65,lrow_97e8f0c74e6c,TABLE_CONTAINS_LOGICAL_ROW,4270
tbl_693da2d12c65,lrow_7453a8b561a3,TABLE_CONTAINS_LOGICAL_ROW,4271
tbl_693da2d12c65,lrow_3d3f7548df1d,TABLE_CONTAINS_LOGICAL_ROW,4272
tbl_693da2d12c65,lrow_527d61450735,TABLE_CONTAINS_LOGICAL_ROW,4273
tbl_693da2d12c65,lrow_71cd2034356c,TABLE_CONTAINS_LOGICAL_ROW,4274
tbl_69884492dbb5,lrow_5058b5a2acdb,TABLE_CONTAINS_LOGICAL_ROW,4275
tbl_69884492dbb5,lrow_2e3935f1036f,TABLE_CONTAINS_LOGICAL_ROW,4276
tbl_69884492dbb5,lrow_f97af61a6ea0,TABLE_CONTAINS_LOGICAL_ROW,4277
tbl_69884492dbb5,lrow_ab23b60c5050,TABLE_CONTAINS_LOGICAL_ROW,4278
tbl_69d6605a2556,lrow_b13df7fe6449,TABLE_CONTAINS_LOGICAL_ROW,4279
tbl_69d6605a2556,lrow_87e85d32ee2b,TABLE_CONTAINS_LOGICAL_ROW,4280
tbl_69d6605a2556,lrow_e87f9fca7632,TABLE_CONTAINS_LOGICAL_ROW,4281
tbl_69d6605a2556,lrow_4fa09edd1009,TABLE_CONTAINS_LOGICAL_ROW,4282
tbl_69d6605a2556,lrow_de7f6ac65d9b,TABLE_CONTAINS_LOGICAL_ROW,4283
tbl_6a3e1b0c578c,lrow_8d24b89539fc,TABLE_CONTAINS_LOGICAL_ROW,4284
tbl_6a3e1b0c578c,lrow_7ef333a2ce6e,TABLE_CONTAINS_LOGICAL_ROW,4285
tbl_6a3e1b0c578c,lrow_8afc6fb79c0a,TABLE_CONTAINS_LOGICAL_ROW,4286
tbl_6a3e1b0c578c,lrow_33937feb3b58,TABLE_CONTAINS_LOGICAL_ROW,4287
tbl_6a3e1b0c578c,lrow_5dad8551c6dc,TABLE_CONTAINS_LOGICAL_ROW,4288
tbl_6a3e1b0c578c,lrow_40d37d2b1180,TABLE_CONTAINS_LOGICAL_ROW,4289
tbl_6a3e1b0c578c,lrow_daed5bd93612,TABLE_CONTAINS_LOGICAL_ROW,4290
tbl_6a3e1b0c578c,lrow_8277a7a4b283,TABLE_CONTAINS_LOGICAL_ROW,4291
tbl_6a3e1b0c578c,lrow_1405db3d5b4d,TABLE_CONTAINS_LOGICAL_ROW,4292
tbl_6a3e1b0c578c,lrow_8e765a516096,TABLE_CONTAINS_LOGICAL_ROW,4293
tbl_6a3e1b0c578c,lrow_f13b24f222d5,TABLE_CONTAINS_LOGICAL_ROW,4294
tbl_6a3e1b0c578c,lrow_1df8d1b533d4,TABLE_CONTAINS_LOGICAL_ROW,4295
tbl_6a3e1b0c578c,lrow_291af353c81e,TABLE_CONTAINS_LOGICAL_ROW,4296
tbl_6abbf436a70c,lrow_d1364021273d,TABLE_CONTAINS_LOGICAL_ROW,4297
tbl_6abbf436a70c,lrow_f9b104c8a33d,TABLE_CONTAINS_LOGICAL_ROW,4298
tbl_6abbf436a70c,lrow_271c005ca1cd,TABLE_CONTAINS_LOGICAL_ROW,4299
tbl_6ac467e8625a,lrow_dfdfb1fd1f89,TABLE_CONTAINS_LOGICAL_ROW,4300
tbl_6bc65d09e3db,lrow_b751295642ce,TABLE_CONTAINS_LOGICAL_ROW,4301
tbl_6bc65d09e3db,lrow_044c2afb2dcb,TABLE_CONTAINS_LOGICAL_ROW,4302
tbl_6dd74714f5d9,lrow_f8389581db74,TABLE_CONTAINS_LOGICAL_ROW,4303
tbl_6e52e6114148,lrow_249aa1e72c44,TABLE_CONTAINS_LOGICAL_ROW,4304
tbl_6e52e6114148,lrow_519d90ebfcda,TABLE_CONTAINS_LOGICAL_ROW,4305
tbl_6e52e6114148,lrow_467619d9810d,TABLE_CONTAINS_LOGICAL_ROW,4306
tbl_6e52e6114148,lrow_06fce403f4e4,TABLE_CONTAINS_LOGICAL_ROW,4307
tbl_6e52e6114148,lrow_5dd914adc72c,TABLE_CONTAINS_LOGICAL_ROW,4308
tbl_6e52e6114148,lrow_9480d7fb9b2e,TABLE_CONTAINS_LOGICAL_ROW,4309
tbl_6e52e6114148,lrow_36895e953b7b,TABLE_CONTAINS_LOGICAL_ROW,4310
tbl_6e52e6114148,lrow_bd8f2f70670b,TABLE_CONTAINS_LOGICAL_ROW,4311
tbl_6e52e6114148,lrow_22a73d236856,TABLE_CONTAINS_LOGICAL_ROW,4312
tbl_6e52e6114148,lrow_cf902a995b53,TABLE_CONTAINS_LOGICAL_ROW,4313
tbl_6e52e6114148,lrow_ca67fdc5afe5,TABLE_CONTAINS_LOGICAL_ROW,4314
tbl_6e52e6114148,lrow_732d1c3b34db,TABLE_CONTAINS_LOGICAL_ROW,4315
tbl_6e52e6114148,lrow_860214873f08,TABLE_CONTAINS_LOGICAL_ROW,4316
tbl_6e52e6114148,lrow_afc8aa0ddd19,TABLE_CONTAINS_LOGICAL_ROW,4317
tbl_6e52e6114148,lrow_267225e9b0a3,TABLE_CONTAINS_LOGICAL_ROW,4318
tbl_6e52e6114148,lrow_357a6e4636d5,TABLE_CONTAINS_LOGICAL_ROW,4319
tbl_6e52e6114148,lrow_12bd9fb2d1e9,TABLE_CONTAINS_LOGICAL_ROW,4320
tbl_6e52e6114148,lrow_88986ac1f893,TABLE_CONTAINS_LOGICAL_ROW,4321
tbl_6e52e6114148,lrow_029810a374bc,TABLE_CONTAINS_LOGICAL_ROW,4322
tbl_6e52e6114148,lrow_86caec7bd43c,TABLE_CONTAINS_LOGICAL_ROW,4323
tbl_6e52e6114148,lrow_cc9c9a37f39f,TABLE_CONTAINS_LOGICAL_ROW,4324
tbl_6e52e6114148,lrow_3a7a382efee6,TABLE_CONTAINS_LOGICAL_ROW,4325
tbl_6e52e6114148,lrow_1c118728bd45,TABLE_CONTAINS_LOGICAL_ROW,4326
tbl_6e52e6114148,lrow_cd7f37c9ac97,TABLE_CONTAINS_LOGICAL_ROW,4327
tbl_6e52e6114148,lrow_a8ee423977c3,TABLE_CONTAINS_LOGICAL_ROW,4328
tbl_6e52e6114148,lrow_97553614e130,TABLE_CONTAINS_LOGICAL_ROW,4329
tbl_6e52e6114148,lrow_041240f962d7,TABLE_CONTAINS_LOGICAL_ROW,4330
tbl_6e52e6114148,lrow_21dec0201b30,TABLE_CONTAINS_LOGICAL_ROW,4331
tbl_6e52e6114148,lrow_d20ac6b64074,TABLE_CONTAINS_LOGICAL_ROW,4332
tbl_6e52e6114148,lrow_545b308c9965,TABLE_CONTAINS_LOGICAL_ROW,4333
tbl_6e52e6114148,lrow_d919fbc27e2c,TABLE_CONTAINS_LOGICAL_ROW,4334
tbl_6e52e6114148,lrow_5c9ab203a7bd,TABLE_CONTAINS_LOGICAL_ROW,4335
tbl_6e52e6114148,lrow_e924cfe878d0,TABLE_CONTAINS_LOGICAL_ROW,4336
tbl_6e52e6114148,lrow_e9a169e81fd4,TABLE_CONTAINS_LOGICAL_ROW,4337
tbl_6e52e6114148,lrow_bd6b9a578a5a,TABLE_CONTAINS_LOGICAL_ROW,4338
tbl_6e52e6114148,lrow_175d484006f7,TABLE_CONTAINS_LOGICAL_ROW,4339
tbl_6e52e6114148,lrow_7657e985758c,TABLE_CONTAINS_LOGICAL_ROW,4340
tbl_6e52e6114148,lrow_7a5ec1ecca5f,TABLE_CONTAINS_LOGICAL_ROW,4341
tbl_6e52e6114148,lrow_be66f86e6b2e,TABLE_CONTAINS_LOGICAL_ROW,4342
tbl_6e52e6114148,lrow_f020162b050b,TABLE_CONTAINS_LOGICAL_ROW,4343
tbl_6e52e6114148,lrow_e6f35715d83e,TABLE_CONTAINS_LOGICAL_ROW,4344
tbl_6e52e6114148,lrow_f3ba88513a92,TABLE_CONTAINS_LOGICAL_ROW,4345
tbl_6e52e6114148,lrow_9d82fadc0ae9,TABLE_CONTAINS_LOGICAL_ROW,4346
tbl_6e52e6114148,lrow_150b708d483a,TABLE_CONTAINS_LOGICAL_ROW,4347
tbl_6e52e6114148,lrow_7675b44aff8a,TABLE_CONTAINS_LOGICAL_ROW,4348
tbl_6e52e6114148,lrow_962f78d4f178,TABLE_CONTAINS_LOGICAL_ROW,4349
tbl_6e52e6114148,lrow_a52e175601aa,TABLE_CONTAINS_LOGICAL_ROW,4350
tbl_6e52e6114148,lrow_7d2700801881,TABLE_CONTAINS_LOGICAL_ROW,4351
tbl_6e52e6114148,lrow_d2c5d804ce07,TABLE_CONTAINS_LOGICAL_ROW,4352
tbl_6e52e6114148,lrow_007f13bd3d2e,TABLE_CONTAINS_LOGICAL_ROW,4353
tbl_6e52e6114148,lrow_5b78bb658835,TABLE_CONTAINS_LOGICAL_ROW,4354
tbl_6e52e6114148,lrow_c6d31e18067c,TABLE_CONTAINS_LOGICAL_ROW,4355
tbl_6e52e6114148,lrow_e0b380feb357,TABLE_CONTAINS_LOGICAL_ROW,4356
tbl_6e52e6114148,lrow_562304cd854e,TABLE_CONTAINS_LOGICAL_ROW,4357
tbl_6e52e6114148,lrow_13fa176c1784,TABLE_CONTAINS_LOGICAL_ROW,4358
tbl_6ec9fd4b8858,lrow_087082955faa,TABLE_CONTAINS_LOGICAL_ROW,4359
tbl_6ec9fd4b8858,lrow_11a246e39d83,TABLE_CONTAINS_LOGICAL_ROW,4360
tbl_6ec9fd4b8858,lrow_3ab0b6f271ed,TABLE_CONTAINS_LOGICAL_ROW,4361
tbl_6f15171ddf69,lrow_6ecc2bbd50a8,TABLE_CONTAINS_LOGICAL_ROW,4362
tbl_6f15171ddf69,lrow_7f6808ee1a72,TABLE_CONTAINS_LOGICAL_ROW,4363
tbl_6f6f3b71d497,lrow_edbd29eefdc8,TABLE_CONTAINS_LOGICAL_ROW,4364
tbl_6f8fec4b73b6,lrow_7168cd121b8f,TABLE_CONTAINS_LOGICAL_ROW,4365
tbl_6f8fec4b73b6,lrow_ac8d107c05d2,TABLE_CONTAINS_LOGICAL_ROW,4366
tbl_6f8fec4b73b6,lrow_58e780804d34,TABLE_CONTAINS_LOGICAL_ROW,4367
tbl_6f8fec4b73b6,lrow_43a99ffaa30f,TABLE_CONTAINS_LOGICAL_ROW,4368
tbl_6f8fec4b73b6,lrow_5db816bc87bf,TABLE_CONTAINS_LOGICAL_ROW,4369
tbl_6f8fec4b73b6,lrow_31af92c4d967,TABLE_CONTAINS_LOGICAL_ROW,4370
tbl_6f8fec4b73b6,lrow_49f389410657,TABLE_CONTAINS_LOGICAL_ROW,4371
tbl_6f8fec4b73b6,lrow_1fa54f25551a,TABLE_CONTAINS_LOGICAL_ROW,4372
tbl_6f8fec4b73b6,lrow_c46de2c67077,TABLE_CONTAINS_LOGICAL_ROW,4373
tbl_6f8fec4b73b6,lrow_1f49e2d62854,TABLE_CONTAINS_LOGICAL_ROW,4374
tbl_6f8fec4b73b6,lrow_2485abae3c4a,TABLE_CONTAINS_LOGICAL_ROW,4375
tbl_6f8fec4b73b6,lrow_16a51afe86af,TABLE_CONTAINS_LOGICAL_ROW,4376
tbl_6f8fec4b73b6,lrow_3f8e4b0ccd7b,TABLE_CONTAINS_LOGICAL_ROW,4377
tbl_6f8fec4b73b6,lrow_6f3dbfb97776,TABLE_CONTAINS_LOGICAL_ROW,4378
tbl_6f8fec4b73b6,lrow_7df95fc50fbd,TABLE_CONTAINS_LOGICAL_ROW,4379
tbl_6f8fec4b73b6,lrow_f98b217c687e,TABLE_CONTAINS_LOGICAL_ROW,4380
tbl_6f8fec4b73b6,lrow_d1cc7631d5f1,TABLE_CONTAINS_LOGICAL_ROW,4381
tbl_6f8fec4b73b6,lrow_fb30a3899b3e,TABLE_CONTAINS_LOGICAL_ROW,4382
tbl_6f8fec4b73b6,lrow_005c866d5584,TABLE_CONTAINS_LOGICAL_ROW,4383
tbl_6f8fec4b73b6,lrow_57ec1c6128fb,TABLE_CONTAINS_LOGICAL_ROW,4384
tbl_6f8fec4b73b6,lrow_d521b2573b5c,TABLE_CONTAINS_LOGICAL_ROW,4385
tbl_6f8fec4b73b6,lrow_ff61b576adb9,TABLE_CONTAINS_LOGICAL_ROW,4386
tbl_6f8fec4b73b6,lrow_97b2306fc079,TABLE_CONTAINS_LOGICAL_ROW,4387
tbl_6f8fec4b73b6,lrow_9700e63908c1,TABLE_CONTAINS_LOGICAL_ROW,4388
tbl_6f8fec4b73b6,lrow_fdc9b5474536,TABLE_CONTAINS_LOGICAL_ROW,4389
tbl_6f8fec4b73b6,lrow_96f8b657e9f7,TABLE_CONTAINS_LOGICAL_ROW,4390
tbl_6f8fec4b73b6,lrow_98ff8eba9bad,TABLE_CONTAINS_LOGICAL_ROW,4391
tbl_6f8fec4b73b6,lrow_0317bcf5f03f,TABLE_CONTAINS_LOGICAL_ROW,4392
tbl_6f8fec4b73b6,lrow_4d31ad694f83,TABLE_CONTAINS_LOGICAL_ROW,4393
tbl_6f8fec4b73b6,lrow_fb0653689881,TABLE_CONTAINS_LOGICAL_ROW,4394
tbl_6f8fec4b73b6,lrow_2b370c4626d3,TABLE_CONTAINS_LOGICAL_ROW,4395
tbl_6f8fec4b73b6,lrow_65fc836cabf8,TABLE_CONTAINS_LOGICAL_ROW,4396
tbl_6f8fec4b73b6,lrow_2362f14ca926,TABLE_CONTAINS_LOGICAL_ROW,4397
tbl_6f8fec4b73b6,lrow_ef51c20f24d0,TABLE_CONTAINS_LOGICAL_ROW,4398
tbl_6f8fec4b73b6,lrow_a91a88a183d9,TABLE_CONTAINS_LOGICAL_ROW,4399
tbl_6f8fec4b73b6,lrow_2cf4c54bb109,TABLE_CONTAINS_LOGICAL_ROW,4400
tbl_6f8fec4b73b6,lrow_f83fd406b146,TABLE_CONTAINS_LOGICAL_ROW,4401
tbl_6f8fec4b73b6,lrow_c41039d954cc,TABLE_CONTAINS_LOGICAL_ROW,4402
tbl_6f8fec4b73b6,lrow_9577780d2c36,TABLE_CONTAINS_LOGICAL_ROW,4403
tbl_6f8fec4b73b6,lrow_a403500a199f,TABLE_CONTAINS_LOGICAL_ROW,4404
tbl_6f8fec4b73b6,lrow_37674049a85f,TABLE_CONTAINS_LOGICAL_ROW,4405
tbl_6f8fec4b73b6,lrow_f1dc16b2d8c7,TABLE_CONTAINS_LOGICAL_ROW,4406
tbl_6f8fec4b73b6,lrow_3de0a0412b51,TABLE_CONTAINS_LOGICAL_ROW,4407
tbl_6f8fec4b73b6,lrow_786e5b70d792,TABLE_CONTAINS_LOGICAL_ROW,4408
tbl_6f8fec4b73b6,lrow_a39f0b82fbea,TABLE_CONTAINS_LOGICAL_ROW,4409
tbl_6f8fec4b73b6,lrow_c14996f0e85e,TABLE_CONTAINS_LOGICAL_ROW,4410
tbl_6f8fec4b73b6,lrow_a71a7dfc6b86,TABLE_CONTAINS_LOGICAL_ROW,4411
tbl_6f8fec4b73b6,lrow_766820eea8a9,TABLE_CONTAINS_LOGICAL_ROW,4412
tbl_6f8fec4b73b6,lrow_c9aa63d906d5,TABLE_CONTAINS_LOGICAL_ROW,4413
tbl_6f8fec4b73b6,lrow_96c73c93ab62,TABLE_CONTAINS_LOGICAL_ROW,4414
tbl_6f8fec4b73b6,lrow_f03335872963,TABLE_CONTAINS_LOGICAL_ROW,4415
tbl_6f8fec4b73b6,lrow_c6e4049ebf9c,TABLE_CONTAINS_LOGICAL_ROW,4416
tbl_6f8fec4b73b6,lrow_24f057f06b57,TABLE_CONTAINS_LOGICAL_ROW,4417
tbl_6f8fec4b73b6,lrow_49f3421549c2,TABLE_CONTAINS_LOGICAL_ROW,4418
tbl_6f8fec4b73b6,lrow_dd9c06fed6c0,TABLE_CONTAINS_LOGICAL_ROW,4419
tbl_6f8fec4b73b6,lrow_2e19696c1788,TABLE_CONTAINS_LOGICAL_ROW,4420
tbl_6f8fec4b73b6,lrow_4e6778aa921b,TABLE_CONTAINS_LOGICAL_ROW,4421
tbl_6f8fec4b73b6,lrow_ef12c9234afb,TABLE_CONTAINS_LOGICAL_ROW,4422
tbl_6f8fec4b73b6,lrow_55326e848571,TABLE_CONTAINS_LOGICAL_ROW,4423
tbl_6f8fec4b73b6,lrow_58b8f2e2a445,TABLE_CONTAINS_LOGICAL_ROW,4424
tbl_6f8fec4b73b6,lrow_c46f98414764,TABLE_CONTAINS_LOGICAL_ROW,4425
tbl_6f8fec4b73b6,lrow_41b75d09dccb,TABLE_CONTAINS_LOGICAL_ROW,4426
tbl_6f8fec4b73b6,lrow_2e207e270440,TABLE_CONTAINS_LOGICAL_ROW,4427
tbl_6f8fec4b73b6,lrow_6cc5e9bde947,TABLE_CONTAINS_LOGICAL_ROW,4428
tbl_6f8fec4b73b6,lrow_3e37e7129ea7,TABLE_CONTAINS_LOGICAL_ROW,4429
tbl_6f8fec4b73b6,lrow_8beb3ff7839f,TABLE_CONTAINS_LOGICAL_ROW,4430
tbl_6f8fec4b73b6,lrow_79b2ded78a99,TABLE_CONTAINS_LOGICAL_ROW,4431
tbl_6f8fec4b73b6,lrow_cea853e26ac4,TABLE_CONTAINS_LOGICAL_ROW,4432
tbl_6f8fec4b73b6,lrow_2bd81cebf2c0,TABLE_CONTAINS_LOGICAL_ROW,4433
tbl_6f8fec4b73b6,lrow_8bdf4877a134,TABLE_CONTAINS_LOGICAL_ROW,4434
tbl_6f8fec4b73b6,lrow_f7b9e3f6e0ca,TABLE_CONTAINS_LOGICAL_ROW,4435
tbl_6f8fec4b73b6,lrow_ffab72558b55,TABLE_CONTAINS_LOGICAL_ROW,4436
tbl_6f8fec4b73b6,lrow_592cfc607ce6,TABLE_CONTAINS_LOGICAL_ROW,4437
tbl_6f8fec4b73b6,lrow_0a8d53acbd64,TABLE_CONTAINS_LOGICAL_ROW,4438
tbl_6f8fec4b73b6,lrow_2300b60aea7f,TABLE_CONTAINS_LOGICAL_ROW,4439
tbl_6f8fec4b73b6,lrow_0e2b8e1b4695,TABLE_CONTAINS_LOGICAL_ROW,4440
tbl_6f8fec4b73b6,lrow_c8ca367e81a8,TABLE_CONTAINS_LOGICAL_ROW,4441
tbl_6f8fec4b73b6,lrow_d8e5cf5ec4d1,TABLE_CONTAINS_LOGICAL_ROW,4442
tbl_6f8fec4b73b6,lrow_4e520b9c2669,TABLE_CONTAINS_LOGICAL_ROW,4443
tbl_6f8fec4b73b6,lrow_119672c77fcc,TABLE_CONTAINS_LOGICAL_ROW,4444
tbl_6f8fec4b73b6,lrow_eec0bb02f73c,TABLE_CONTAINS_LOGICAL_ROW,4445
tbl_6f8fec4b73b6,lrow_d94cf6f2a63e,TABLE_CONTAINS_LOGICAL_ROW,4446
tbl_6f8fec4b73b6,lrow_91373d1a8b5c,TABLE_CONTAINS_LOGICAL_ROW,4447
tbl_6f8fec4b73b6,lrow_82a554aa3337,TABLE_CONTAINS_LOGICAL_ROW,4448
tbl_6f8fec4b73b6,lrow_18a5bc6dcf77,TABLE_CONTAINS_LOGICAL_ROW,4449
tbl_6f8fec4b73b6,lrow_a3dd4e7402b9,TABLE_CONTAINS_LOGICAL_ROW,4450
tbl_6f8fec4b73b6,lrow_f0024f165afa,TABLE_CONTAINS_LOGICAL_ROW,4451
tbl_6f8fec4b73b6,lrow_ae7bb11f4d64,TABLE_CONTAINS_LOGICAL_ROW,4452
tbl_6f8fec4b73b6,lrow_2c7a670edc19,TABLE_CONTAINS_LOGICAL_ROW,4453
tbl_6f8fec4b73b6,lrow_c4807a751ece,TABLE_CONTAINS_LOGICAL_ROW,4454
tbl_6f8fec4b73b6,lrow_91591b03d8b4,TABLE_CONTAINS_LOGICAL_ROW,4455
tbl_6f8fec4b73b6,lrow_48ada1f1f5f8,TABLE_CONTAINS_LOGICAL_ROW,4456
tbl_6f8fec4b73b6,lrow_294fd4891b6d,TABLE_CONTAINS_LOGICAL_ROW,4457
tbl_6f8fec4b73b6,lrow_2b03ce9b93f4,TABLE_CONTAINS_LOGICAL_ROW,4458
tbl_6f8fec4b73b6,lrow_9869bb15e02f,TABLE_CONTAINS_LOGICAL_ROW,4459
tbl_6f8fec4b73b6,lrow_01f035f8691a,TABLE_CONTAINS_LOGICAL_ROW,4460
tbl_6f8fec4b73b6,lrow_5d0afd309145,TABLE_CONTAINS_LOGICAL_ROW,4461
tbl_6f8fec4b73b6,lrow_0ea3e6078977,TABLE_CONTAINS_LOGICAL_ROW,4462
tbl_6f8fec4b73b6,lrow_0038d445ff46,TABLE_CONTAINS_LOGICAL_ROW,4463
tbl_6f8fec4b73b6,lrow_d5d2adbc2ddb,TABLE_CONTAINS_LOGICAL_ROW,4464
tbl_6f8fec4b73b6,lrow_4760288fb256,TABLE_CONTAINS_LOGICAL_ROW,4465
tbl_6f8fec4b73b6,lrow_963d98875889,TABLE_CONTAINS_LOGICAL_ROW,4466
tbl_6f8fec4b73b6,lrow_f16aa819177b,TABLE_CONTAINS_LOGICAL_ROW,4467
tbl_6f8fec4b73b6,lrow_9d2d68b628ca,TABLE_CONTAINS_LOGICAL_ROW,4468
tbl_6f8fec4b73b6,lrow_88ace2d7d808,TABLE_CONTAINS_LOGICAL_ROW,4469
tbl_6f8fec4b73b6,lrow_5fe85e46a729,TABLE_CONTAINS_LOGICAL_ROW,4470
tbl_6f8fec4b73b6,lrow_5d4d2cdc4e55,TABLE_CONTAINS_LOGICAL_ROW,4471
tbl_6f8fec4b73b6,lrow_73ee11281836,TABLE_CONTAINS_LOGICAL_ROW,4472
tbl_6f8fec4b73b6,lrow_0926c64d75a5,TABLE_CONTAINS_LOGICAL_ROW,4473
tbl_6f8fec4b73b6,lrow_4c2ca7dbbad3,TABLE_CONTAINS_LOGICAL_ROW,4474
tbl_6f8fec4b73b6,lrow_447978968c34,TABLE_CONTAINS_LOGICAL_ROW,4475
tbl_6f8fec4b73b6,lrow_609b4b1c34c7,TABLE_CONTAINS_LOGICAL_ROW,4476
tbl_6f8fec4b73b6,lrow_83a7b6c46eb0,TABLE_CONTAINS_LOGICAL_ROW,4477
tbl_6f8fec4b73b6,lrow_8c9a33c406b5,TABLE_CONTAINS_LOGICAL_ROW,4478
tbl_6f8fec4b73b6,lrow_0dc7aca103ee,TABLE_CONTAINS_LOGICAL_ROW,4479
tbl_6f8fec4b73b6,lrow_d7e9fff05532,TABLE_CONTAINS_LOGICAL_ROW,4480
tbl_6f8fec4b73b6,lrow_2152e83d98d6,TABLE_CONTAINS_LOGICAL_ROW,4481
tbl_6f8fec4b73b6,lrow_78a9dbf22497,TABLE_CONTAINS_LOGICAL_ROW,4482
tbl_6f8fec4b73b6,lrow_2e8a7971a889,TABLE_CONTAINS_LOGICAL_ROW,4483
tbl_6f8fec4b73b6,lrow_30f075b594ae,TABLE_CONTAINS_LOGICAL_ROW,4484
tbl_6f8fec4b73b6,lrow_38996da1b7c9,TABLE_CONTAINS_LOGICAL_ROW,4485
tbl_6f8fec4b73b6,lrow_0c84d4f80f82,TABLE_CONTAINS_LOGICAL_ROW,4486
tbl_6f8fec4b73b6,lrow_150702017b4d,TABLE_CONTAINS_LOGICAL_ROW,4487
tbl_6f8fec4b73b6,lrow_9d0b87496941,TABLE_CONTAINS_LOGICAL_ROW,4488
tbl_6f8fec4b73b6,lrow_0bd2aed8455e,TABLE_CONTAINS_LOGICAL_ROW,4489
tbl_6f8fec4b73b6,lrow_d8e2cb279aa4,TABLE_CONTAINS_LOGICAL_ROW,4490
tbl_6f8fec4b73b6,lrow_2953d8ac0032,TABLE_CONTAINS_LOGICAL_ROW,4491
tbl_6f8fec4b73b6,lrow_ac49d2bd9f21,TABLE_CONTAINS_LOGICAL_ROW,4492
tbl_6f8fec4b73b6,lrow_22df3ece367a,TABLE_CONTAINS_LOGICAL_ROW,4493
tbl_6f8fec4b73b6,lrow_d9a8ee3e5f4f,TABLE_CONTAINS_LOGICAL_ROW,4494
tbl_6f8fec4b73b6,lrow_fe3b7a3fe78e,TABLE_CONTAINS_LOGICAL_ROW,4495
tbl_6f8fec4b73b6,lrow_cd582623b0b5,TABLE_CONTAINS_LOGICAL_ROW,4496
tbl_6f8fec4b73b6,lrow_5128a3204d3b,TABLE_CONTAINS_LOGICAL_ROW,4497
tbl_6f8fec4b73b6,lrow_e5b87348e3d3,TABLE_CONTAINS_LOGICAL_ROW,4498
tbl_6f8fec4b73b6,lrow_efa7c6d3be27,TABLE_CONTAINS_LOGICAL_ROW,4499
tbl_6f8fec4b73b6,lrow_f518d507ce8c,TABLE_CONTAINS_LOGICAL_ROW,4500
tbl_6f8fec4b73b6,lrow_a87656efcd45,TABLE_CONTAINS_LOGICAL_ROW,4501
tbl_6f8fec4b73b6,lrow_db6f24d30d5d,TABLE_CONTAINS_LOGICAL_ROW,4502
tbl_6f8fec4b73b6,lrow_100ee14dfbeb,TABLE_CONTAINS_LOGICAL_ROW,4503
tbl_6f8fec4b73b6,lrow_6fe7e6110407,TABLE_CONTAINS_LOGICAL_ROW,4504
tbl_6f8fec4b73b6,lrow_8f8ba28a34c5,TABLE_CONTAINS_LOGICAL_ROW,4505
tbl_6f8fec4b73b6,lrow_b34b3191d956,TABLE_CONTAINS_LOGICAL_ROW,4506
tbl_6f8fec4b73b6,lrow_b8f65c833f4f,TABLE_CONTAINS_LOGICAL_ROW,4507
tbl_6f8fec4b73b6,lrow_b8dcb01f65d1,TABLE_CONTAINS_LOGICAL_ROW,4508
tbl_6f8fec4b73b6,lrow_fcb445fbdebb,TABLE_CONTAINS_LOGICAL_ROW,4509
tbl_6f8fec4b73b6,lrow_95beb40d1db0,TABLE_CONTAINS_LOGICAL_ROW,4510
tbl_6f8fec4b73b6,lrow_635fb05d2746,TABLE_CONTAINS_LOGICAL_ROW,4511
tbl_6f8fec4b73b6,lrow_1ffc71a24b14,TABLE_CONTAINS_LOGICAL_ROW,4512
tbl_6f8fec4b73b6,lrow_f8c5613fc7e0,TABLE_CONTAINS_LOGICAL_ROW,4513
tbl_6f8fec4b73b6,lrow_307b783be6ca,TABLE_CONTAINS_LOGICAL_ROW,4514
tbl_6f8fec4b73b6,lrow_c197b8d29b07,TABLE_CONTAINS_LOGICAL_ROW,4515
tbl_6f8fec4b73b6,lrow_7096318a506e,TABLE_CONTAINS_LOGICAL_ROW,4516
tbl_6f8fec4b73b6,lrow_61ffe0b35805,TABLE_CONTAINS_LOGICAL_ROW,4517
tbl_6f8fec4b73b6,lrow_71533734a4b2,TABLE_CONTAINS_LOGICAL_ROW,4518
tbl_6f8fec4b73b6,lrow_85d6b6ca2cc5,TABLE_CONTAINS_LOGICAL_ROW,4519
tbl_6f8fec4b73b6,lrow_81cce54b984a,TABLE_CONTAINS_LOGICAL_ROW,4520
tbl_6f8fec4b73b6,lrow_2fea84aeeccc,TABLE_CONTAINS_LOGICAL_ROW,4521
tbl_6f8fec4b73b6,lrow_56d9231f1258,TABLE_CONTAINS_LOGICAL_ROW,4522
tbl_6f8fec4b73b6,lrow_890f65a8af47,TABLE_CONTAINS_LOGICAL_ROW,4523
tbl_6f8fec4b73b6,lrow_04db0550711d,TABLE_CONTAINS_LOGICAL_ROW,4524
tbl_6f8fec4b73b6,lrow_6d10007311ce,TABLE_CONTAINS_LOGICAL_ROW,4525
tbl_6f8fec4b73b6,lrow_488732ccc685,TABLE_CONTAINS_LOGICAL_ROW,4526
tbl_6f8fec4b73b6,lrow_db8914fc355e,TABLE_CONTAINS_LOGICAL_ROW,4527
tbl_6f8fec4b73b6,lrow_6744cec6d4d3,TABLE_CONTAINS_LOGICAL_ROW,4528
tbl_6f8fec4b73b6,lrow_aa1f9a768d79,TABLE_CONTAINS_LOGICAL_ROW,4529
tbl_6f8fec4b73b6,lrow_15dac638b392,TABLE_CONTAINS_LOGICAL_ROW,4530
tbl_6f8fec4b73b6,lrow_4dba826b567a,TABLE_CONTAINS_LOGICAL_ROW,4531
tbl_6f8fec4b73b6,lrow_0883bd7b8b1e,TABLE_CONTAINS_LOGICAL_ROW,4532
tbl_6f8fec4b73b6,lrow_4c211cb8ecc2,TABLE_CONTAINS_LOGICAL_ROW,4533
tbl_6f8fec4b73b6,lrow_3e0712874462,TABLE_CONTAINS_LOGICAL_ROW,4534
tbl_6f8fec4b73b6,lrow_55cbdb1e7fe5,TABLE_CONTAINS_LOGICAL_ROW,4535
tbl_6f8fec4b73b6,lrow_f658e45e9d3f,TABLE_CONTAINS_LOGICAL_ROW,4536
tbl_6f8fec4b73b6,lrow_cb92ebb70cd0,TABLE_CONTAINS_LOGICAL_ROW,4537
tbl_6f8fec4b73b6,lrow_46fb0b09d5c8,TABLE_CONTAINS_LOGICAL_ROW,4538
tbl_6f8fec4b73b6,lrow_4273f5c76063,TABLE_CONTAINS_LOGICAL_ROW,4539
tbl_6f8fec4b73b6,lrow_5704e731be8a,TABLE_CONTAINS_LOGICAL_ROW,4540
tbl_6f8fec4b73b6,lrow_259887f20b43,TABLE_CONTAINS_LOGICAL_ROW,4541
tbl_6f8fec4b73b6,lrow_45281872d29f,TABLE_CONTAINS_LOGICAL_ROW,4542
tbl_6f8fec4b73b6,lrow_2a50862b89d7,TABLE_CONTAINS_LOGICAL_ROW,4543
tbl_6f8fec4b73b6,lrow_2dcb797857e8,TABLE_CONTAINS_LOGICAL_ROW,4544
tbl_6f8fec4b73b6,lrow_48bcd4997230,TABLE_CONTAINS_LOGICAL_ROW,4545
tbl_6f8fec4b73b6,lrow_c3a194d80985,TABLE_CONTAINS_LOGICAL_ROW,4546
tbl_6f8fec4b73b6,lrow_32caef50ae2b,TABLE_CONTAINS_LOGICAL_ROW,4547
tbl_6f8fec4b73b6,lrow_568d5acff806,TABLE_CONTAINS_LOGICAL_ROW,4548
tbl_6f8fec4b73b6,lrow_36a93bf54e1c,TABLE_CONTAINS_LOGICAL_ROW,4549
tbl_6f8fec4b73b6,lrow_a800ca7105e2,TABLE_CONTAINS_LOGICAL_ROW,4550
tbl_6f8fec4b73b6,lrow_027445ddb75a,TABLE_CONTAINS_LOGICAL_ROW,4551
tbl_6f8fec4b73b6,lrow_f01774107815,TABLE_CONTAINS_LOGICAL_ROW,4552
tbl_6f8fec4b73b6,lrow_7ec9f0e46151,TABLE_CONTAINS_LOGICAL_ROW,4553
tbl_6f8fec4b73b6,lrow_3562a20b874d,TABLE_CONTAINS_LOGICAL_ROW,4554
tbl_6f8fec4b73b6,lrow_6d69b333d539,TABLE_CONTAINS_LOGICAL_ROW,4555
tbl_6f8fec4b73b6,lrow_b56f77947b05,TABLE_CONTAINS_LOGICAL_ROW,4556
tbl_6f8fec4b73b6,lrow_a4e764a22dba,TABLE_CONTAINS_LOGICAL_ROW,4557
tbl_6f8fec4b73b6,lrow_ecdd6a39e083,TABLE_CONTAINS_LOGICAL_ROW,4558
tbl_6f8fec4b73b6,lrow_c930c7165427,TABLE_CONTAINS_LOGICAL_ROW,4559
tbl_6f8fec4b73b6,lrow_810c3ddd9b8b,TABLE_CONTAINS_LOGICAL_ROW,4560
tbl_6f8fec4b73b6,lrow_708b942cb404,TABLE_CONTAINS_LOGICAL_ROW,4561
tbl_6f8fec4b73b6,lrow_e2a1f2b2f0d3,TABLE_CONTAINS_LOGICAL_ROW,4562
tbl_6f8fec4b73b6,lrow_0d9fb3b43a28,TABLE_CONTAINS_LOGICAL_ROW,4563
tbl_6f8fec4b73b6,lrow_437c0a61a39d,TABLE_CONTAINS_LOGICAL_ROW,4564
tbl_6f8fec4b73b6,lrow_288aeb295991,TABLE_CONTAINS_LOGICAL_ROW,4565
tbl_6f8fec4b73b6,lrow_3d3b33b55f67,TABLE_CONTAINS_LOGICAL_ROW,4566
tbl_6f8fec4b73b6,lrow_b0de9b721fca,TABLE_CONTAINS_LOGICAL_ROW,4567
tbl_6f8fec4b73b6,lrow_0c9547c829b2,TABLE_CONTAINS_LOGICAL_ROW,4568
tbl_6f8fec4b73b6,lrow_dd56d527c0a1,TABLE_CONTAINS_LOGICAL_ROW,4569
tbl_6f8fec4b73b6,lrow_c6aeac8f6a47,TABLE_CONTAINS_LOGICAL_ROW,4570
tbl_6f8fec4b73b6,lrow_b328bb63952a,TABLE_CONTAINS_LOGICAL_ROW,4571
tbl_6f8fec4b73b6,lrow_e511dbbc7737,TABLE_CONTAINS_LOGICAL_ROW,4572
tbl_6f8fec4b73b6,lrow_141956d00af7,TABLE_CONTAINS_LOGICAL_ROW,4573
tbl_6f8fec4b73b6,lrow_17a592e7301a,TABLE_CONTAINS_LOGICAL_ROW,4574
tbl_6f8fec4b73b6,lrow_a43008a91e22,TABLE_CONTAINS_LOGICAL_ROW,4575
tbl_6f8fec4b73b6,lrow_61072a619971,TABLE_CONTAINS_LOGICAL_ROW,4576
tbl_6f8fec4b73b6,lrow_f5639b26be2f,TABLE_CONTAINS_LOGICAL_ROW,4577
tbl_6f8fec4b73b6,lrow_74a9c729ddc5,TABLE_CONTAINS_LOGICAL_ROW,4578
tbl_6f8fec4b73b6,lrow_30418ab3ae64,TABLE_CONTAINS_LOGICAL_ROW,4579
tbl_6f8fec4b73b6,lrow_15617ef2a1c6,TABLE_CONTAINS_LOGICAL_ROW,4580
tbl_6f8fec4b73b6,lrow_f89bc04c44d0,TABLE_CONTAINS_LOGICAL_ROW,4581
tbl_6f8fec4b73b6,lrow_79ba7249435d,TABLE_CONTAINS_LOGICAL_ROW,4582
tbl_6f8fec4b73b6,lrow_fcadb572c8a2,TABLE_CONTAINS_LOGICAL_ROW,4583
tbl_6f8fec4b73b6,lrow_2d1cf1dfda0d,TABLE_CONTAINS_LOGICAL_ROW,4584
tbl_6f8fec4b73b6,lrow_8ca742ff1974,TABLE_CONTAINS_LOGICAL_ROW,4585
tbl_6f8fec4b73b6,lrow_435808a6ecd1,TABLE_CONTAINS_LOGICAL_ROW,4586
tbl_6f8fec4b73b6,lrow_432cd9662945,TABLE_CONTAINS_LOGICAL_ROW,4587
tbl_6f8fec4b73b6,lrow_576a18f3b854,TABLE_CONTAINS_LOGICAL_ROW,4588
tbl_6f8fec4b73b6,lrow_fb0eadafeb0a,TABLE_CONTAINS_LOGICAL_ROW,4589
tbl_6f8fec4b73b6,lrow_58f579d26ac1,TABLE_CONTAINS_LOGICAL_ROW,4590
tbl_6f8fec4b73b6,lrow_a799aa170bfb,TABLE_CONTAINS_LOGICAL_ROW,4591
tbl_6f8fec4b73b6,lrow_5982c9286914,TABLE_CONTAINS_LOGICAL_ROW,4592
tbl_6f8fec4b73b6,lrow_e68417ee2031,TABLE_CONTAINS_LOGICAL_ROW,4593
tbl_6f8fec4b73b6,lrow_3489bc08d601,TABLE_CONTAINS_LOGICAL_ROW,4594
tbl_6f8fec4b73b6,lrow_863391e6e845,TABLE_CONTAINS_LOGICAL_ROW,4595
tbl_6f8fec4b73b6,lrow_21d55ae299a4,TABLE_CONTAINS_LOGICAL_ROW,4596
tbl_6f8fec4b73b6,lrow_72fe98612c91,TABLE_CONTAINS_LOGICAL_ROW,4597
tbl_6f8fec4b73b6,lrow_622e0d3d8776,TABLE_CONTAINS_LOGICAL_ROW,4598
tbl_6f8fec4b73b6,lrow_e592ded40850,TABLE_CONTAINS_LOGICAL_ROW,4599
tbl_6f8fec4b73b6,lrow_a519ba99071d,TABLE_CONTAINS_LOGICAL_ROW,4600
tbl_6f8fec4b73b6,lrow_29f018b04687,TABLE_CONTAINS_LOGICAL_ROW,4601
tbl_6f8fec4b73b6,lrow_dec018f446ce,TABLE_CONTAINS_LOGICAL_ROW,4602
tbl_6f8fec4b73b6,lrow_d5600c6d3e9a,TABLE_CONTAINS_LOGICAL_ROW,4603
tbl_6f8fec4b73b6,lrow_f5ff7c4598c3,TABLE_CONTAINS_LOGICAL_ROW,4604
tbl_6f8fec4b73b6,lrow_130fe4da1c96,TABLE_CONTAINS_LOGICAL_ROW,4605
tbl_6f8fec4b73b6,lrow_3ffd33ba8322,TABLE_CONTAINS_LOGICAL_ROW,4606
tbl_6f8fec4b73b6,lrow_204968f7a004,TABLE_CONTAINS_LOGICAL_ROW,4607
tbl_6f8fec4b73b6,lrow_83dc9bdc812c,TABLE_CONTAINS_LOGICAL_ROW,4608
tbl_6f8fec4b73b6,lrow_42f23f80f953,TABLE_CONTAINS_LOGICAL_ROW,4609
tbl_6f8fec4b73b6,lrow_325d45b5e49b,TABLE_CONTAINS_LOGICAL_ROW,4610
tbl_6f8fec4b73b6,lrow_b1ee73ca87e1,TABLE_CONTAINS_LOGICAL_ROW,4611
tbl_6f8fec4b73b6,lrow_7369ac909da7,TABLE_CONTAINS_LOGICAL_ROW,4612
tbl_6f8fec4b73b6,lrow_8b20bed2e0bc,TABLE_CONTAINS_LOGICAL_ROW,4613
tbl_6f8fec4b73b6,lrow_6d5bfecdb170,TABLE_CONTAINS_LOGICAL_ROW,4614
tbl_6f8fec4b73b6,lrow_bdd935ea2df2,TABLE_CONTAINS_LOGICAL_ROW,4615
tbl_6f8fec4b73b6,lrow_caf8cd83de61,TABLE_CONTAINS_LOGICAL_ROW,4616
tbl_6f8fec4b73b6,lrow_df8b3c5b35f3,TABLE_CONTAINS_LOGICAL_ROW,4617
tbl_6f8fec4b73b6,lrow_994b252ef5c8,TABLE_CONTAINS_LOGICAL_ROW,4618
tbl_6f8fec4b73b6,lrow_898dde328ae5,TABLE_CONTAINS_LOGICAL_ROW,4619
tbl_6f8fec4b73b6,lrow_4c9f33f4866e,TABLE_CONTAINS_LOGICAL_ROW,4620
tbl_6f8fec4b73b6,lrow_0adbcf60b51f,TABLE_CONTAINS_LOGICAL_ROW,4621
tbl_6f8fec4b73b6,lrow_0fae2c93d270,TABLE_CONTAINS_LOGICAL_ROW,4622
tbl_6f8fec4b73b6,lrow_aa511ac65297,TABLE_CONTAINS_LOGICAL_ROW,4623
tbl_6f8fec4b73b6,lrow_99bb011f03e5,TABLE_CONTAINS_LOGICAL_ROW,4624
tbl_6f8fec4b73b6,lrow_044f93130ba6,TABLE_CONTAINS_LOGICAL_ROW,4625
tbl_6f8fec4b73b6,lrow_63526cdedcc1,TABLE_CONTAINS_LOGICAL_ROW,4626
tbl_6f8fec4b73b6,lrow_3fb788743799,TABLE_CONTAINS_LOGICAL_ROW,4627
tbl_6f8fec4b73b6,lrow_f02f29d57e67,TABLE_CONTAINS_LOGICAL_ROW,4628
tbl_6f8fec4b73b6,lrow_b800998cb371,TABLE_CONTAINS_LOGICAL_ROW,4629
tbl_6f8fec4b73b6,lrow_70390d9b04e8,TABLE_CONTAINS_LOGICAL_ROW,4630
tbl_6f8fec4b73b6,lrow_628cfd51614f,TABLE_CONTAINS_LOGICAL_ROW,4631
tbl_6f8fec4b73b6,lrow_d5c255287f79,TABLE_CONTAINS_LOGICAL_ROW,4632
tbl_6f8fec4b73b6,lrow_b1d71293fe37,TABLE_CONTAINS_LOGICAL_ROW,4633
tbl_6f8fec4b73b6,lrow_ff1de0592971,TABLE_CONTAINS_LOGICAL_ROW,4634
tbl_6f8fec4b73b6,lrow_c96aa755a9c4,TABLE_CONTAINS_LOGICAL_ROW,4635
tbl_6f8fec4b73b6,lrow_caf46a1cb7c3,TABLE_CONTAINS_LOGICAL_ROW,4636
tbl_6f8fec4b73b6,lrow_f662653ced80,TABLE_CONTAINS_LOGICAL_ROW,4637
tbl_6f8fec4b73b6,lrow_f7ddb0839e66,TABLE_CONTAINS_LOGICAL_ROW,4638
tbl_6f8fec4b73b6,lrow_d6fb5fb9cb21,TABLE_CONTAINS_LOGICAL_ROW,4639
tbl_6f8fec4b73b6,lrow_0645d78878de,TABLE_CONTAINS_LOGICAL_ROW,4640
tbl_6f8fec4b73b6,lrow_7a4ccb6858ec,TABLE_CONTAINS_LOGICAL_ROW,4641
tbl_6f8fec4b73b6,lrow_71af64d9202f,TABLE_CONTAINS_LOGICAL_ROW,4642
tbl_6f8fec4b73b6,lrow_698db9369175,TABLE_CONTAINS_LOGICAL_ROW,4643
tbl_6f8fec4b73b6,lrow_7c103a7cc269,TABLE_CONTAINS_LOGICAL_ROW,4644
tbl_6f8fec4b73b6,lrow_38fdbca55ed6,TABLE_CONTAINS_LOGICAL_ROW,4645
tbl_6f8fec4b73b6,lrow_9c6845a7af60,TABLE_CONTAINS_LOGICAL_ROW,4646
tbl_6f8fec4b73b6,lrow_8e6712612513,TABLE_CONTAINS_LOGICAL_ROW,4647
tbl_6f8fec4b73b6,lrow_d8a2cdf21763,TABLE_CONTAINS_LOGICAL_ROW,4648
tbl_6f8fec4b73b6,lrow_e7aadcbbccbc,TABLE_CONTAINS_LOGICAL_ROW,4649
tbl_6f8fec4b73b6,lrow_c125436a6f77,TABLE_CONTAINS_LOGICAL_ROW,4650
tbl_6f8fec4b73b6,lrow_e4968d79fbe0,TABLE_CONTAINS_LOGICAL_ROW,4651
tbl_6f8fec4b73b6,lrow_5773f78085a8,TABLE_CONTAINS_LOGICAL_ROW,4652
tbl_6f8fec4b73b6,lrow_2319de09a4e5,TABLE_CONTAINS_LOGICAL_ROW,4653
tbl_6f8fec4b73b6,lrow_0bf958f97090,TABLE_CONTAINS_LOGICAL_ROW,4654
tbl_6f8fec4b73b6,lrow_d5d33dab55a1,TABLE_CONTAINS_LOGICAL_ROW,4655
tbl_6f8fec4b73b6,lrow_38d860068fc0,TABLE_CONTAINS_LOGICAL_ROW,4656
tbl_6f8fec4b73b6,lrow_db71485c76ce,TABLE_CONTAINS_LOGICAL_ROW,4657
tbl_6f8fec4b73b6,lrow_5929572923d6,TABLE_CONTAINS_LOGICAL_ROW,4658
tbl_6f8fec4b73b6,lrow_530fa836fd5c,TABLE_CONTAINS_LOGICAL_ROW,4659
tbl_6f8fec4b73b6,lrow_00c51f4714c2,TABLE_CONTAINS_LOGICAL_ROW,4660
tbl_6f8fec4b73b6,lrow_30765a6ba948,TABLE_CONTAINS_LOGICAL_ROW,4661
tbl_6f8fec4b73b6,lrow_b6fb7c45236a,TABLE_CONTAINS_LOGICAL_ROW,4662
tbl_6f8fec4b73b6,lrow_9a95652799ac,TABLE_CONTAINS_LOGICAL_ROW,4663
tbl_6f8fec4b73b6,lrow_a33feb0230c9,TABLE_CONTAINS_LOGICAL_ROW,4664
tbl_6f8fec4b73b6,lrow_7343b337307b,TABLE_CONTAINS_LOGICAL_ROW,4665
tbl_6f8fec4b73b6,lrow_bcea162c1afe,TABLE_CONTAINS_LOGICAL_ROW,4666
tbl_6f8fec4b73b6,lrow_06eb501709b7,TABLE_CONTAINS_LOGICAL_ROW,4667
tbl_6f8fec4b73b6,lrow_1d66ca22c4d5,TABLE_CONTAINS_LOGICAL_ROW,4668
tbl_6f8fec4b73b6,lrow_16ebc77f9756,TABLE_CONTAINS_LOGICAL_ROW,4669
tbl_6f8fec4b73b6,lrow_f104f03ad887,TABLE_CONTAINS_LOGICAL_ROW,4670
tbl_6f8fec4b73b6,lrow_511ebb4d93b2,TABLE_CONTAINS_LOGICAL_ROW,4671
tbl_6f8fec4b73b6,lrow_33fa7b9af487,TABLE_CONTAINS_LOGICAL_ROW,4672
tbl_6f8fec4b73b6,lrow_920ebb6671a2,TABLE_CONTAINS_LOGICAL_ROW,4673
tbl_6f8fec4b73b6,lrow_20a952c182ec,TABLE_CONTAINS_LOGICAL_ROW,4674
tbl_6f8fec4b73b6,lrow_1b6aeddd1a0c,TABLE_CONTAINS_LOGICAL_ROW,4675
tbl_6f8fec4b73b6,lrow_3d965dee887c,TABLE_CONTAINS_LOGICAL_ROW,4676
tbl_6f8fec4b73b6,lrow_56666d00918c,TABLE_CONTAINS_LOGICAL_ROW,4677
tbl_6f8fec4b73b6,lrow_8b3ebc83cce2,TABLE_CONTAINS_LOGICAL_ROW,4678
tbl_6f8fec4b73b6,lrow_e05d6f6d084b,TABLE_CONTAINS_LOGICAL_ROW,4679
tbl_6f8fec4b73b6,lrow_d14d2f960f19,TABLE_CONTAINS_LOGICAL_ROW,4680
tbl_6f8fec4b73b6,lrow_5050f9de044c,TABLE_CONTAINS_LOGICAL_ROW,4681
tbl_6f8fec4b73b6,lrow_f197048dd37a,TABLE_CONTAINS_LOGICAL_ROW,4682
tbl_6f8fec4b73b6,lrow_0065ff0bb48c,TABLE_CONTAINS_LOGICAL_ROW,4683
tbl_6f8fec4b73b6,lrow_2617a3410265,TABLE_CONTAINS_LOGICAL_ROW,4684
tbl_6f8fec4b73b6,lrow_aa7cd48c4a71,TABLE_CONTAINS_LOGICAL_ROW,4685
tbl_6f8fec4b73b6,lrow_008197a79dee,TABLE_CONTAINS_LOGICAL_ROW,4686
tbl_6f8fec4b73b6,lrow_0e98e1f7a650,TABLE_CONTAINS_LOGICAL_ROW,4687
tbl_6f8fec4b73b6,lrow_40480582ee85,TABLE_CONTAINS_LOGICAL_ROW,4688
tbl_6f8fec4b73b6,lrow_ca34495fe0d3,TABLE_CONTAINS_LOGICAL_ROW,4689
tbl_6f8fec4b73b6,lrow_c6cd485c0853,TABLE_CONTAINS_LOGICAL_ROW,4690
tbl_6f8fec4b73b6,lrow_c2b5ef2a6710,TABLE_CONTAINS_LOGICAL_ROW,4691
tbl_6f8fec4b73b6,lrow_943a8da49a19,TABLE_CONTAINS_LOGICAL_ROW,4692
tbl_6f8fec4b73b6,lrow_c02807363157,TABLE_CONTAINS_LOGICAL_ROW,4693
tbl_6f8fec4b73b6,lrow_572ddbfe4fea,TABLE_CONTAINS_LOGICAL_ROW,4694
tbl_6f8fec4b73b6,lrow_905c9a8ef5da,TABLE_CONTAINS_LOGICAL_ROW,4695
tbl_6f8fec4b73b6,lrow_6261f2112f6e,TABLE_CONTAINS_LOGICAL_ROW,4696
tbl_6f8fec4b73b6,lrow_2bd58c4a748c,TABLE_CONTAINS_LOGICAL_ROW,4697
tbl_6f8fec4b73b6,lrow_e215ae72fada,TABLE_CONTAINS_LOGICAL_ROW,4698
tbl_6f8fec4b73b6,lrow_0dcfa789be48,TABLE_CONTAINS_LOGICAL_ROW,4699
tbl_6f8fec4b73b6,lrow_4ee9793ce946,TABLE_CONTAINS_LOGICAL_ROW,4700
tbl_6f8fec4b73b6,lrow_de2562c52c22,TABLE_CONTAINS_LOGICAL_ROW,4701
tbl_6f8fec4b73b6,lrow_3a68de43e863,TABLE_CONTAINS_LOGICAL_ROW,4702
tbl_6f8fec4b73b6,lrow_2d29b1ec4700,TABLE_CONTAINS_LOGICAL_ROW,4703
tbl_6f8fec4b73b6,lrow_545e9472fc54,TABLE_CONTAINS_LOGICAL_ROW,4704
tbl_6f8fec4b73b6,lrow_fc8645d1d587,TABLE_CONTAINS_LOGICAL_ROW,4705
tbl_6f8fec4b73b6,lrow_61e29ee9aa93,TABLE_CONTAINS_LOGICAL_ROW,4706
tbl_6f8fec4b73b6,lrow_49c8647f76d8,TABLE_CONTAINS_LOGICAL_ROW,4707
tbl_6f8fec4b73b6,lrow_392fb4338e58,TABLE_CONTAINS_LOGICAL_ROW,4708
tbl_6f8fec4b73b6,lrow_fe4af0ec5ecb,TABLE_CONTAINS_LOGICAL_ROW,4709
tbl_6f8fec4b73b6,lrow_9543fad24d29,TABLE_CONTAINS_LOGICAL_ROW,4710
tbl_6f8fec4b73b6,lrow_e6ea05444db9,TABLE_CONTAINS_LOGICAL_ROW,4711
tbl_6f8fec4b73b6,lrow_cf9fc984ce3e,TABLE_CONTAINS_LOGICAL_ROW,4712
tbl_6f8fec4b73b6,lrow_99eca122c634,TABLE_CONTAINS_LOGICAL_ROW,4713
tbl_6f8fec4b73b6,lrow_a99e001a9d42,TABLE_CONTAINS_LOGICAL_ROW,4714
tbl_6f8fec4b73b6,lrow_addf1807bfcc,TABLE_CONTAINS_LOGICAL_ROW,4715
tbl_6f8fec4b73b6,lrow_6d57971d9951,TABLE_CONTAINS_LOGICAL_ROW,4716
tbl_6f8fec4b73b6,lrow_8150bf88dbd2,TABLE_CONTAINS_LOGICAL_ROW,4717
tbl_6f8fec4b73b6,lrow_463b6507c7d1,TABLE_CONTAINS_LOGICAL_ROW,4718
tbl_6f8fec4b73b6,lrow_c3e3973d47f2,TABLE_CONTAINS_LOGICAL_ROW,4719
tbl_6f8fec4b73b6,lrow_9d7202a935a7,TABLE_CONTAINS_LOGICAL_ROW,4720
tbl_6f8fec4b73b6,lrow_464ea8e68bfd,TABLE_CONTAINS_LOGICAL_ROW,4721
tbl_6f8fec4b73b6,lrow_7e521ac0a2f6,TABLE_CONTAINS_LOGICAL_ROW,4722
tbl_6f8fec4b73b6,lrow_27dd19ee061a,TABLE_CONTAINS_LOGICAL_ROW,4723
tbl_6f8fec4b73b6,lrow_bd12faffd493,TABLE_CONTAINS_LOGICAL_ROW,4724
tbl_6f8fec4b73b6,lrow_50d766217cbc,TABLE_CONTAINS_LOGICAL_ROW,4725
tbl_6f8fec4b73b6,lrow_2462cf6f90d0,TABLE_CONTAINS_LOGICAL_ROW,4726
tbl_6f8fec4b73b6,lrow_a8764d6c379d,TABLE_CONTAINS_LOGICAL_ROW,4727
tbl_6f8fec4b73b6,lrow_6e8aff2d7c4e,TABLE_CONTAINS_LOGICAL_ROW,4728
tbl_6f8fec4b73b6,lrow_5af3aa2d3aa0,TABLE_CONTAINS_LOGICAL_ROW,4729
tbl_6f8fec4b73b6,lrow_95710755fcf1,TABLE_CONTAINS_LOGICAL_ROW,4730
tbl_6f8fec4b73b6,lrow_8f2485ddb445,TABLE_CONTAINS_LOGICAL_ROW,4731
tbl_6f8fec4b73b6,lrow_2c95cb5e7144,TABLE_CONTAINS_LOGICAL_ROW,4732
tbl_6f8fec4b73b6,lrow_90b52edda1a3,TABLE_CONTAINS_LOGICAL_ROW,4733
tbl_6f8fec4b73b6,lrow_ade49fa2cd67,TABLE_CONTAINS_LOGICAL_ROW,4734
tbl_6f8fec4b73b6,lrow_376412644a3c,TABLE_CONTAINS_LOGICAL_ROW,4735
tbl_6f8fec4b73b6,lrow_e38af94a3d12,TABLE_CONTAINS_LOGICAL_ROW,4736
tbl_6f8fec4b73b6,lrow_2479f484bc70,TABLE_CONTAINS_LOGICAL_ROW,4737
tbl_6f8fec4b73b6,lrow_7b983dd91b99,TABLE_CONTAINS_LOGICAL_ROW,4738
tbl_6f8fec4b73b6,lrow_9cd884474d84,TABLE_CONTAINS_LOGICAL_ROW,4739
tbl_6f8fec4b73b6,lrow_26e5a25a7c79,TABLE_CONTAINS_LOGICAL_ROW,4740
tbl_6f8fec4b73b6,lrow_65d9228556b7,TABLE_CONTAINS_LOGICAL_ROW,4741
tbl_6f8fec4b73b6,lrow_40f4803aa53e,TABLE_CONTAINS_LOGICAL_ROW,4742
tbl_6f8fec4b73b6,lrow_5eedf41828c6,TABLE_CONTAINS_LOGICAL_ROW,4743
tbl_6f8fec4b73b6,lrow_1b11146e96cf,TABLE_CONTAINS_LOGICAL_ROW,4744
tbl_6f8fec4b73b6,lrow_3245bc72898f,TABLE_CONTAINS_LOGICAL_ROW,4745
tbl_6f8fec4b73b6,lrow_7d64e8194f09,TABLE_CONTAINS_LOGICAL_ROW,4746
tbl_6f8fec4b73b6,lrow_e04a9fe7fd11,TABLE_CONTAINS_LOGICAL_ROW,4747
tbl_6f8fec4b73b6,lrow_a48adfec2f44,TABLE_CONTAINS_LOGICAL_ROW,4748
tbl_6f8fec4b73b6,lrow_c7713341e198,TABLE_CONTAINS_LOGICAL_ROW,4749
tbl_6f8fec4b73b6,lrow_d809c2fcc3c6,TABLE_CONTAINS_LOGICAL_ROW,4750
tbl_6f8fec4b73b6,lrow_b3a1b5f3eb79,TABLE_CONTAINS_LOGICAL_ROW,4751
tbl_6f8fec4b73b6,lrow_5ccc55d55093,TABLE_CONTAINS_LOGICAL_ROW,4752
tbl_6f8fec4b73b6,lrow_baa614cc7af4,TABLE_CONTAINS_LOGICAL_ROW,4753
tbl_6f8fec4b73b6,lrow_43a422c5381c,TABLE_CONTAINS_LOGICAL_ROW,4754
tbl_6f8fec4b73b6,lrow_ffeeec3b9dbd,TABLE_CONTAINS_LOGICAL_ROW,4755
tbl_6f8fec4b73b6,lrow_09038acd9436,TABLE_CONTAINS_LOGICAL_ROW,4756
tbl_6f8fec4b73b6,lrow_391f511c3202,TABLE_CONTAINS_LOGICAL_ROW,4757
tbl_6f8fec4b73b6,lrow_68f2383f78e9,TABLE_CONTAINS_LOGICAL_ROW,4758
tbl_6f8fec4b73b6,lrow_c86a44b242cc,TABLE_CONTAINS_LOGICAL_ROW,4759
tbl_6f8fec4b73b6,lrow_db5609997d62,TABLE_CONTAINS_LOGICAL_ROW,4760
tbl_6f8fec4b73b6,lrow_ad16a5b03012,TABLE_CONTAINS_LOGICAL_ROW,4761
tbl_6f8fec4b73b6,lrow_753b8916f59a,TABLE_CONTAINS_LOGICAL_ROW,4762
tbl_6f8fec4b73b6,lrow_30cfbd47d723,TABLE_CONTAINS_LOGICAL_ROW,4763
tbl_6f8fec4b73b6,lrow_a81471a280bb,TABLE_CONTAINS_LOGICAL_ROW,4764
tbl_6f8fec4b73b6,lrow_b95bb3546315,TABLE_CONTAINS_LOGICAL_ROW,4765
tbl_6f8fec4b73b6,lrow_af6c91ba4e60,TABLE_CONTAINS_LOGICAL_ROW,4766
tbl_6f8fec4b73b6,lrow_d9b0b315e5e4,TABLE_CONTAINS_LOGICAL_ROW,4767
tbl_6f8fec4b73b6,lrow_5fbd2060d283,TABLE_CONTAINS_LOGICAL_ROW,4768
tbl_6f8fec4b73b6,lrow_b96a6edb8c91,TABLE_CONTAINS_LOGICAL_ROW,4769
tbl_6f8fec4b73b6,lrow_c737c0322f6b,TABLE_CONTAINS_LOGICAL_ROW,4770
tbl_6f8fec4b73b6,lrow_3fdceec386b0,TABLE_CONTAINS_LOGICAL_ROW,4771
tbl_6f8fec4b73b6,lrow_489b34362eb3,TABLE_CONTAINS_LOGICAL_ROW,4772
tbl_6f8fec4b73b6,lrow_4becd9f51761,TABLE_CONTAINS_LOGICAL_ROW,4773
tbl_6f8fec4b73b6,lrow_94444b718866,TABLE_CONTAINS_LOGICAL_ROW,4774
tbl_6f8fec4b73b6,lrow_35d440a19a18,TABLE_CONTAINS_LOGICAL_ROW,4775
tbl_6f8fec4b73b6,lrow_9fe126d4a543,TABLE_CONTAINS_LOGICAL_ROW,4776
tbl_6f8fec4b73b6,lrow_ed4584f897b2,TABLE_CONTAINS_LOGICAL_ROW,4777
tbl_6f8fec4b73b6,lrow_abbd4fa95bda,TABLE_CONTAINS_LOGICAL_ROW,4778
tbl_6f8fec4b73b6,lrow_08bdd08c68e6,TABLE_CONTAINS_LOGICAL_ROW,4779
tbl_6f8fec4b73b6,lrow_a8c7d979840a,TABLE_CONTAINS_LOGICAL_ROW,4780
tbl_6f8fec4b73b6,lrow_f83adb18d147,TABLE_CONTAINS_LOGICAL_ROW,4781
tbl_6f8fec4b73b6,lrow_faaf88f824c1,TABLE_CONTAINS_LOGICAL_ROW,4782
tbl_6f8fec4b73b6,lrow_18defea35373,TABLE_CONTAINS_LOGICAL_ROW,4783
tbl_6f8fec4b73b6,lrow_bd4eea7d4f10,TABLE_CONTAINS_LOGICAL_ROW,4784
tbl_6f8fec4b73b6,lrow_8ada0af71aa5,TABLE_CONTAINS_LOGICAL_ROW,4785
tbl_6f8fec4b73b6,lrow_5ab2b0b5f52b,TABLE_CONTAINS_LOGICAL_ROW,4786
tbl_6f8fec4b73b6,lrow_7552f2938aa5,TABLE_CONTAINS_LOGICAL_ROW,4787
tbl_6f8fec4b73b6,lrow_b6b1de8b7e97,TABLE_CONTAINS_LOGICAL_ROW,4788
tbl_6f8fec4b73b6,lrow_eac3a93feadc,TABLE_CONTAINS_LOGICAL_ROW,4789
tbl_6f8fec4b73b6,lrow_0e45a6597dcc,TABLE_CONTAINS_LOGICAL_ROW,4790
tbl_6f8fec4b73b6,lrow_bc4d91c489ff,TABLE_CONTAINS_LOGICAL_ROW,4791
tbl_6f8fec4b73b6,lrow_7e21a08a5026,TABLE_CONTAINS_LOGICAL_ROW,4792
tbl_6f8fec4b73b6,lrow_072ec4a2b643,TABLE_CONTAINS_LOGICAL_ROW,4793
tbl_6f8fec4b73b6,lrow_f4a29f98996b,TABLE_CONTAINS_LOGICAL_ROW,4794
tbl_6f8fec4b73b6,lrow_80dd55ca2d21,TABLE_CONTAINS_LOGICAL_ROW,4795
tbl_6f8fec4b73b6,lrow_5e2510fdfba3,TABLE_CONTAINS_LOGICAL_ROW,4796
tbl_6f8fec4b73b6,lrow_f72804d18df4,TABLE_CONTAINS_LOGICAL_ROW,4797
tbl_6f8fec4b73b6,lrow_858e79ed0336,TABLE_CONTAINS_LOGICAL_ROW,4798
tbl_6f8fec4b73b6,lrow_5d5fc13141dd,TABLE_CONTAINS_LOGICAL_ROW,4799
tbl_6f8fec4b73b6,lrow_a6e932754ba3,TABLE_CONTAINS_LOGICAL_ROW,4800
tbl_6f8fec4b73b6,lrow_3c760ab29187,TABLE_CONTAINS_LOGICAL_ROW,4801
tbl_6f8fec4b73b6,lrow_d918f63b470d,TABLE_CONTAINS_LOGICAL_ROW,4802
tbl_6f8fec4b73b6,lrow_112169a84b59,TABLE_CONTAINS_LOGICAL_ROW,4803
tbl_6f8fec4b73b6,lrow_2ad0f3b6c556,TABLE_CONTAINS_LOGICAL_ROW,4804
tbl_6f8fec4b73b6,lrow_defb449ecd1f,TABLE_CONTAINS_LOGICAL_ROW,4805
tbl_6f8fec4b73b6,lrow_7d0850704468,TABLE_CONTAINS_LOGICAL_ROW,4806
tbl_6f8fec4b73b6,lrow_204db2675a29,TABLE_CONTAINS_LOGICAL_ROW,4807
tbl_6f8fec4b73b6,lrow_d738eca624c1,TABLE_CONTAINS_LOGICAL_ROW,4808
tbl_6f8fec4b73b6,lrow_9a2aab066b38,TABLE_CONTAINS_LOGICAL_ROW,4809
tbl_6f8fec4b73b6,lrow_84e17e0b520a,TABLE_CONTAINS_LOGICAL_ROW,4810
tbl_6f8fec4b73b6,lrow_a30c7b9c5a24,TABLE_CONTAINS_LOGICAL_ROW,4811
tbl_6f8fec4b73b6,lrow_222471803ad7,TABLE_CONTAINS_LOGICAL_ROW,4812
tbl_6f8fec4b73b6,lrow_45724839a704,TABLE_CONTAINS_LOGICAL_ROW,4813
tbl_6f8fec4b73b6,lrow_e0ac7654d747,TABLE_CONTAINS_LOGICAL_ROW,4814
tbl_6f8fec4b73b6,lrow_efadfaac936a,TABLE_CONTAINS_LOGICAL_ROW,4815
tbl_6f8fec4b73b6,lrow_a64c9477416d,TABLE_CONTAINS_LOGICAL_ROW,4816
tbl_6f8fec4b73b6,lrow_68b1de1b62b2,TABLE_CONTAINS_LOGICAL_ROW,4817
tbl_6f8fec4b73b6,lrow_97df51a5a578,TABLE_CONTAINS_LOGICAL_ROW,4818
tbl_6f8fec4b73b6,lrow_707f0d8917a8,TABLE_CONTAINS_LOGICAL_ROW,4819
tbl_6f8fec4b73b6,lrow_9f63e0d81651,TABLE_CONTAINS_LOGICAL_ROW,4820
tbl_6f8fec4b73b6,lrow_205cd6fd023f,TABLE_CONTAINS_LOGICAL_ROW,4821
tbl_6f8fec4b73b6,lrow_ea42f6b4fe7c,TABLE_CONTAINS_LOGICAL_ROW,4822
tbl_6f8fec4b73b6,lrow_73a1946d2218,TABLE_CONTAINS_LOGICAL_ROW,4823
tbl_6f8fec4b73b6,lrow_87aee39ab6b8,TABLE_CONTAINS_LOGICAL_ROW,4824
tbl_6f8fec4b73b6,lrow_ba7c56824cf1,TABLE_CONTAINS_LOGICAL_ROW,4825
tbl_6f8fec4b73b6,lrow_b312349f4537,TABLE_CONTAINS_LOGICAL_ROW,4826
tbl_6f8fec4b73b6,lrow_679504c835fe,TABLE_CONTAINS_LOGICAL_ROW,4827
tbl_6f8fec4b73b6,lrow_3c78feb3a0d4,TABLE_CONTAINS_LOGICAL_ROW,4828
tbl_6f8fec4b73b6,lrow_b96e781fcb0b,TABLE_CONTAINS_LOGICAL_ROW,4829
tbl_6f8fec4b73b6,lrow_79b4ae33ea54,TABLE_CONTAINS_LOGICAL_ROW,4830
tbl_6f8fec4b73b6,lrow_ebbaf4f172da,TABLE_CONTAINS_LOGICAL_ROW,4831
tbl_6f8fec4b73b6,lrow_129f233ab7ff,TABLE_CONTAINS_LOGICAL_ROW,4832
tbl_6f8fec4b73b6,lrow_590cd58842e0,TABLE_CONTAINS_LOGICAL_ROW,4833
tbl_6f8fec4b73b6,lrow_31257c855cf5,TABLE_CONTAINS_LOGICAL_ROW,4834
tbl_6f8fec4b73b6,lrow_2f5d77f073a2,TABLE_CONTAINS_LOGICAL_ROW,4835
tbl_6f8fec4b73b6,lrow_da19d38ffaa2,TABLE_CONTAINS_LOGICAL_ROW,4836
tbl_6f8fec4b73b6,lrow_4f87c5ca037c,TABLE_CONTAINS_LOGICAL_ROW,4837
tbl_6f8fec4b73b6,lrow_a0488215d744,TABLE_CONTAINS_LOGICAL_ROW,4838
tbl_6f8fec4b73b6,lrow_c54d1ab85fd9,TABLE_CONTAINS_LOGICAL_ROW,4839
tbl_6f8fec4b73b6,lrow_183331bbb8bf,TABLE_CONTAINS_LOGICAL_ROW,4840
tbl_6f8fec4b73b6,lrow_909851dbe174,TABLE_CONTAINS_LOGICAL_ROW,4841
tbl_6f8fec4b73b6,lrow_f9e213798553,TABLE_CONTAINS_LOGICAL_ROW,4842
tbl_6f8fec4b73b6,lrow_aed31d6e7e25,TABLE_CONTAINS_LOGICAL_ROW,4843
tbl_6f8fec4b73b6,lrow_a0cad0cc9179,TABLE_CONTAINS_LOGICAL_ROW,4844
tbl_6f8fec4b73b6,lrow_cd11b3e6d8cd,TABLE_CONTAINS_LOGICAL_ROW,4845
tbl_6f8fec4b73b6,lrow_40b0abf560ec,TABLE_CONTAINS_LOGICAL_ROW,4846
tbl_6f8fec4b73b6,lrow_19fd47826d26,TABLE_CONTAINS_LOGICAL_ROW,4847
tbl_6f8fec4b73b6,lrow_acec06d043c7,TABLE_CONTAINS_LOGICAL_ROW,4848
tbl_6f8fec4b73b6,lrow_bb64c8af1ced,TABLE_CONTAINS_LOGICAL_ROW,4849
tbl_6f8fec4b73b6,lrow_bd354607d346,TABLE_CONTAINS_LOGICAL_ROW,4850
tbl_6f8fec4b73b6,lrow_0446be3c6d24,TABLE_CONTAINS_LOGICAL_ROW,4851
tbl_6f8fec4b73b6,lrow_1aa6a3b04e1b,TABLE_CONTAINS_LOGICAL_ROW,4852
tbl_6f8fec4b73b6,lrow_ddeb03e710f6,TABLE_CONTAINS_LOGICAL_ROW,4853
tbl_6f8fec4b73b6,lrow_05c5c07cc56a,TABLE_CONTAINS_LOGICAL_ROW,4854
tbl_706f731e0701,lrow_198ddc1c4e31,TABLE_CONTAINS_LOGICAL_ROW,4855
tbl_706f731e0701,lrow_15d3c5d0442a,TABLE_CONTAINS_LOGICAL_ROW,4856
tbl_706f731e0701,lrow_fa277d461624,TABLE_CONTAINS_LOGICAL_ROW,4857
tbl_706f731e0701,lrow_8d27222c41fc,TABLE_CONTAINS_LOGICAL_ROW,4858
tbl_70fd5701dd2e,lrow_bfa6e7b95486,TABLE_CONTAINS_LOGICAL_ROW,4859
tbl_70fd5701dd2e,lrow_17970c792db8,TABLE_CONTAINS_LOGICAL_ROW,4860
tbl_70fd5701dd2e,lrow_7f4125005f1a,TABLE_CONTAINS_LOGICAL_ROW,4861
tbl_70fd5701dd2e,lrow_ee25fc37a803,TABLE_CONTAINS_LOGICAL_ROW,4862
tbl_70fd5701dd2e,lrow_a0cdf0c705eb,TABLE_CONTAINS_LOGICAL_ROW,4863
tbl_727b37ec7648,lrow_443dfc054486,TABLE_CONTAINS_LOGICAL_ROW,4864
tbl_727b37ec7648,lrow_50f60c1b07c7,TABLE_CONTAINS_LOGICAL_ROW,4865
tbl_727b37ec7648,lrow_08ffbaf26e6a,TABLE_CONTAINS_LOGICAL_ROW,4866
tbl_727b37ec7648,lrow_4d487e547082,TABLE_CONTAINS_LOGICAL_ROW,4867
tbl_727b37ec7648,lrow_c5bc8be539c9,TABLE_CONTAINS_LOGICAL_ROW,4868
tbl_727b37ec7648,lrow_832ad27c0538,TABLE_CONTAINS_LOGICAL_ROW,4869
tbl_727b37ec7648,lrow_4e703bb5b6ae,TABLE_CONTAINS_LOGICAL_ROW,4870
tbl_727b37ec7648,lrow_695bc4460c56,TABLE_CONTAINS_LOGICAL_ROW,4871
tbl_727b37ec7648,lrow_fd1359c038c1,TABLE_CONTAINS_LOGICAL_ROW,4872
tbl_727b37ec7648,lrow_30a52437e601,TABLE_CONTAINS_LOGICAL_ROW,4873
tbl_727b37ec7648,lrow_7a3715b94e84,TABLE_CONTAINS_LOGICAL_ROW,4874
tbl_727b37ec7648,lrow_040f0f004399,TABLE_CONTAINS_LOGICAL_ROW,4875
tbl_727b37ec7648,lrow_a234f3d614f8,TABLE_CONTAINS_LOGICAL_ROW,4876
tbl_727b37ec7648,lrow_d655110317f8,TABLE_CONTAINS_LOGICAL_ROW,4877
tbl_727b37ec7648,lrow_58696e93deee,TABLE_CONTAINS_LOGICAL_ROW,4878
tbl_727b37ec7648,lrow_167d0ae15a83,TABLE_CONTAINS_LOGICAL_ROW,4879
tbl_727b37ec7648,lrow_4c9090e89313,TABLE_CONTAINS_LOGICAL_ROW,4880
tbl_727b37ec7648,lrow_b8f6b2123588,TABLE_CONTAINS_LOGICAL_ROW,4881
tbl_727b37ec7648,lrow_30ce77507550,TABLE_CONTAINS_LOGICAL_ROW,4882
tbl_727b37ec7648,lrow_85fe51b00117,TABLE_CONTAINS_LOGICAL_ROW,4883
tbl_727b37ec7648,lrow_be14bb552b28,TABLE_CONTAINS_LOGICAL_ROW,4884
tbl_727b37ec7648,lrow_902c536ba751,TABLE_CONTAINS_LOGICAL_ROW,4885
tbl_727b37ec7648,lrow_bb662fe2f706,TABLE_CONTAINS_LOGICAL_ROW,4886
tbl_727b37ec7648,lrow_83ecf6777309,TABLE_CONTAINS_LOGICAL_ROW,4887
tbl_727b37ec7648,lrow_72bafe87c239,TABLE_CONTAINS_LOGICAL_ROW,4888
tbl_727b37ec7648,lrow_605c0b0c3105,TABLE_CONTAINS_LOGICAL_ROW,4889
tbl_727b37ec7648,lrow_5c659072deea,TABLE_CONTAINS_LOGICAL_ROW,4890
tbl_727b37ec7648,lrow_147aa915b16c,TABLE_CONTAINS_LOGICAL_ROW,4891
tbl_727b37ec7648,lrow_c6520933b73a,TABLE_CONTAINS_LOGICAL_ROW,4892
tbl_727b37ec7648,lrow_653540719e79,TABLE_CONTAINS_LOGICAL_ROW,4893
tbl_727b37ec7648,lrow_218ef9963520,TABLE_CONTAINS_LOGICAL_ROW,4894
tbl_727b37ec7648,lrow_b6ce373a34b1,TABLE_CONTAINS_LOGICAL_ROW,4895
tbl_727b37ec7648,lrow_467192424931,TABLE_CONTAINS_LOGICAL_ROW,4896
tbl_727b37ec7648,lrow_1b520e285eb1,TABLE_CONTAINS_LOGICAL_ROW,4897
tbl_727b37ec7648,lrow_26283ce0fcfa,TABLE_CONTAINS_LOGICAL_ROW,4898
tbl_727b37ec7648,lrow_489cdee36f33,TABLE_CONTAINS_LOGICAL_ROW,4899
tbl_727b37ec7648,lrow_85005f2e0bf3,TABLE_CONTAINS_LOGICAL_ROW,4900
tbl_727b37ec7648,lrow_e000e1bcddee,TABLE_CONTAINS_LOGICAL_ROW,4901
tbl_727b37ec7648,lrow_fbdd9190c855,TABLE_CONTAINS_LOGICAL_ROW,4902
tbl_727b37ec7648,lrow_1ab2b01eb2e6,TABLE_CONTAINS_LOGICAL_ROW,4903
tbl_727b37ec7648,lrow_1117644a5c58,TABLE_CONTAINS_LOGICAL_ROW,4904
tbl_727b37ec7648,lrow_3eb7d03e44a5,TABLE_CONTAINS_LOGICAL_ROW,4905
tbl_727b37ec7648,lrow_da1dc2d1294d,TABLE_CONTAINS_LOGICAL_ROW,4906
tbl_727b37ec7648,lrow_84ca656000d8,TABLE_CONTAINS_LOGICAL_ROW,4907
tbl_727b37ec7648,lrow_56f0bdb03b0d,TABLE_CONTAINS_LOGICAL_ROW,4908
tbl_727b37ec7648,lrow_312025005665,TABLE_CONTAINS_LOGICAL_ROW,4909
tbl_727b37ec7648,lrow_4c6cf808987f,TABLE_CONTAINS_LOGICAL_ROW,4910
tbl_727b37ec7648,lrow_a45bb96e8f74,TABLE_CONTAINS_LOGICAL_ROW,4911
tbl_727b37ec7648,lrow_cab9ac35277e,TABLE_CONTAINS_LOGICAL_ROW,4912
tbl_727b37ec7648,lrow_2edb9028444c,TABLE_CONTAINS_LOGICAL_ROW,4913
tbl_727b37ec7648,lrow_c52ea56278e7,TABLE_CONTAINS_LOGICAL_ROW,4914
tbl_727b37ec7648,lrow_e0cf1849c975,TABLE_CONTAINS_LOGICAL_ROW,4915
tbl_727b37ec7648,lrow_a6a1a8d7c4dd,TABLE_CONTAINS_LOGICAL_ROW,4916
tbl_727b37ec7648,lrow_cfb44d8868c1,TABLE_CONTAINS_LOGICAL_ROW,4917
tbl_727b37ec7648,lrow_173557a1bbea,TABLE_CONTAINS_LOGICAL_ROW,4918
tbl_727b37ec7648,lrow_9b1619b17e2a,TABLE_CONTAINS_LOGICAL_ROW,4919
tbl_727b37ec7648,lrow_db781fe4fcc0,TABLE_CONTAINS_LOGICAL_ROW,4920
tbl_727b37ec7648,lrow_025a265e5cd8,TABLE_CONTAINS_LOGICAL_ROW,4921
tbl_727b37ec7648,lrow_0dd7d2528134,TABLE_CONTAINS_LOGICAL_ROW,4922
tbl_727b37ec7648,lrow_f1a7887bb398,TABLE_CONTAINS_LOGICAL_ROW,4923
tbl_727b37ec7648,lrow_ee7dcebbe559,TABLE_CONTAINS_LOGICAL_ROW,4924
tbl_727b37ec7648,lrow_1cb2e99bd0e5,TABLE_CONTAINS_LOGICAL_ROW,4925
tbl_727b37ec7648,lrow_b20048c4fda9,TABLE_CONTAINS_LOGICAL_ROW,4926
tbl_727b37ec7648,lrow_42f26f435cac,TABLE_CONTAINS_LOGICAL_ROW,4927
tbl_727b37ec7648,lrow_6767c8ff6bbf,TABLE_CONTAINS_LOGICAL_ROW,4928
tbl_727b37ec7648,lrow_58935964e192,TABLE_CONTAINS_LOGICAL_ROW,4929
tbl_727b37ec7648,lrow_056b9873c3c5,TABLE_CONTAINS_LOGICAL_ROW,4930
tbl_727b37ec7648,lrow_2c2647ac2113,TABLE_CONTAINS_LOGICAL_ROW,4931
tbl_727b37ec7648,lrow_7f54c6354d66,TABLE_CONTAINS_LOGICAL_ROW,4932
tbl_727b37ec7648,lrow_c69614bdeb9d,TABLE_CONTAINS_LOGICAL_ROW,4933
tbl_727b37ec7648,lrow_6ad27e0056eb,TABLE_CONTAINS_LOGICAL_ROW,4934
tbl_727b37ec7648,lrow_9f3490b06186,TABLE_CONTAINS_LOGICAL_ROW,4935
tbl_727b37ec7648,lrow_f47b408f6069,TABLE_CONTAINS_LOGICAL_ROW,4936
tbl_727b37ec7648,lrow_6c7946fa6ccb,TABLE_CONTAINS_LOGICAL_ROW,4937
tbl_727b37ec7648,lrow_234fb1988c55,TABLE_CONTAINS_LOGICAL_ROW,4938
tbl_727b37ec7648,lrow_b2145c9acc26,TABLE_CONTAINS_LOGICAL_ROW,4939
tbl_727b37ec7648,lrow_a098b892f375,TABLE_CONTAINS_LOGICAL_ROW,4940
tbl_727b37ec7648,lrow_33d85769995f,TABLE_CONTAINS_LOGICAL_ROW,4941
tbl_727b37ec7648,lrow_409d2da75506,TABLE_CONTAINS_LOGICAL_ROW,4942
tbl_727b37ec7648,lrow_b6b32ae3db01,TABLE_CONTAINS_LOGICAL_ROW,4943
tbl_727b37ec7648,lrow_12475c2b3566,TABLE_CONTAINS_LOGICAL_ROW,4944
tbl_727b37ec7648,lrow_1b0202a16ffa,TABLE_CONTAINS_LOGICAL_ROW,4945
tbl_727b37ec7648,lrow_46fe08c238f1,TABLE_CONTAINS_LOGICAL_ROW,4946
tbl_727b37ec7648,lrow_da1ae73d67e9,TABLE_CONTAINS_LOGICAL_ROW,4947
tbl_727b37ec7648,lrow_fe1561a3a413,TABLE_CONTAINS_LOGICAL_ROW,4948
tbl_727b37ec7648,lrow_8a6d97be2471,TABLE_CONTAINS_LOGICAL_ROW,4949
tbl_727b37ec7648,lrow_5e304595f4ed,TABLE_CONTAINS_LOGICAL_ROW,4950
tbl_727b37ec7648,lrow_00d7c12e59c5,TABLE_CONTAINS_LOGICAL_ROW,4951
tbl_727b37ec7648,lrow_e4894612a96f,TABLE_CONTAINS_LOGICAL_ROW,4952
tbl_727b37ec7648,lrow_ebf7d697b1ba,TABLE_CONTAINS_LOGICAL_ROW,4953
tbl_727b37ec7648,lrow_954ef0140477,TABLE_CONTAINS_LOGICAL_ROW,4954
tbl_727b37ec7648,lrow_de7c96ce4b57,TABLE_CONTAINS_LOGICAL_ROW,4955
tbl_727b37ec7648,lrow_13cf4762b0d3,TABLE_CONTAINS_LOGICAL_ROW,4956
tbl_727b37ec7648,lrow_ddd251e3873f,TABLE_CONTAINS_LOGICAL_ROW,4957
tbl_727b37ec7648,lrow_a8cff53b2e45,TABLE_CONTAINS_LOGICAL_ROW,4958
tbl_727b37ec7648,lrow_a589d22f8386,TABLE_CONTAINS_LOGICAL_ROW,4959
tbl_727b37ec7648,lrow_cd1a4c0b0216,TABLE_CONTAINS_LOGICAL_ROW,4960
tbl_727b37ec7648,lrow_b01f731eb463,TABLE_CONTAINS_LOGICAL_ROW,4961
tbl_727b37ec7648,lrow_25aa50b7e2f8,TABLE_CONTAINS_LOGICAL_ROW,4962
tbl_727b37ec7648,lrow_87aab73169b4,TABLE_CONTAINS_LOGICAL_ROW,4963
tbl_727b37ec7648,lrow_f6e08a720ed5,TABLE_CONTAINS_LOGICAL_ROW,4964
tbl_727b37ec7648,lrow_b67b253b5649,TABLE_CONTAINS_LOGICAL_ROW,4965
tbl_727b37ec7648,lrow_748015331475,TABLE_CONTAINS_LOGICAL_ROW,4966
tbl_727b37ec7648,lrow_5affe65f75a6,TABLE_CONTAINS_LOGICAL_ROW,4967
tbl_727b37ec7648,lrow_33c2ffc265b7,TABLE_CONTAINS_LOGICAL_ROW,4968
tbl_727b37ec7648,lrow_2bafba139f1b,TABLE_CONTAINS_LOGICAL_ROW,4969
tbl_727b37ec7648,lrow_8aba7831f60b,TABLE_CONTAINS_LOGICAL_ROW,4970
tbl_727b37ec7648,lrow_f3fb872b731a,TABLE_CONTAINS_LOGICAL_ROW,4971
tbl_727b37ec7648,lrow_fa03b66a4f27,TABLE_CONTAINS_LOGICAL_ROW,4972
tbl_727b37ec7648,lrow_c829ef4554d8,TABLE_CONTAINS_LOGICAL_ROW,4973
tbl_727b37ec7648,lrow_6adba0cad60a,TABLE_CONTAINS_LOGICAL_ROW,4974
tbl_727b37ec7648,lrow_a700761be1b5,TABLE_CONTAINS_LOGICAL_ROW,4975
tbl_727b37ec7648,lrow_2b82633f1a50,TABLE_CONTAINS_LOGICAL_ROW,4976
tbl_727b37ec7648,lrow_2222c236f00d,TABLE_CONTAINS_LOGICAL_ROW,4977
tbl_727b37ec7648,lrow_4e2e7cc689a4,TABLE_CONTAINS_LOGICAL_ROW,4978
tbl_727b37ec7648,lrow_59c9a4c80d56,TABLE_CONTAINS_LOGICAL_ROW,4979
tbl_727b37ec7648,lrow_4e9fa144f091,TABLE_CONTAINS_LOGICAL_ROW,4980
tbl_727b37ec7648,lrow_b3bd2b40fc08,TABLE_CONTAINS_LOGICAL_ROW,4981
tbl_727b37ec7648,lrow_e878fc9a1265,TABLE_CONTAINS_LOGICAL_ROW,4982
tbl_727b37ec7648,lrow_23ab8bce0c2b,TABLE_CONTAINS_LOGICAL_ROW,4983
tbl_727b37ec7648,lrow_3c98d2f067ad,TABLE_CONTAINS_LOGICAL_ROW,4984
tbl_727b37ec7648,lrow_7e3a5af8d518,TABLE_CONTAINS_LOGICAL_ROW,4985
tbl_727b37ec7648,lrow_9224904e9ce0,TABLE_CONTAINS_LOGICAL_ROW,4986
tbl_727b37ec7648,lrow_8d80ccd8bb31,TABLE_CONTAINS_LOGICAL_ROW,4987
tbl_727b37ec7648,lrow_c3b901a31604,TABLE_CONTAINS_LOGICAL_ROW,4988
tbl_727b37ec7648,lrow_56fb39e3542d,TABLE_CONTAINS_LOGICAL_ROW,4989
tbl_727b37ec7648,lrow_31fa2af4f7b0,TABLE_CONTAINS_LOGICAL_ROW,4990
tbl_727b37ec7648,lrow_af2f3f06b225,TABLE_CONTAINS_LOGICAL_ROW,4991
tbl_727b37ec7648,lrow_f548411602b3,TABLE_CONTAINS_LOGICAL_ROW,4992
tbl_727b37ec7648,lrow_b677c8e852f3,TABLE_CONTAINS_LOGICAL_ROW,4993
tbl_727b37ec7648,lrow_8c3b7c62ebb9,TABLE_CONTAINS_LOGICAL_ROW,4994
tbl_727b37ec7648,lrow_88bd6c63e3ac,TABLE_CONTAINS_LOGICAL_ROW,4995
tbl_727b37ec7648,lrow_3a7037768fdb,TABLE_CONTAINS_LOGICAL_ROW,4996
tbl_727b37ec7648,lrow_7cda0707ea5f,TABLE_CONTAINS_LOGICAL_ROW,4997
tbl_727b37ec7648,lrow_ca674132891f,TABLE_CONTAINS_LOGICAL_ROW,4998
tbl_727b37ec7648,lrow_3a0f3e6a2164,TABLE_CONTAINS_LOGICAL_ROW,4999
tbl_727b37ec7648,lrow_5421a07d845d,TABLE_CONTAINS_LOGICAL_ROW,5000
tbl_727b37ec7648,lrow_249f7d58cf19,TABLE_CONTAINS_LOGICAL_ROW,5001
tbl_727b37ec7648,lrow_721a28ad7085,TABLE_CONTAINS_LOGICAL_ROW,5002
tbl_727b37ec7648,lrow_bef7e2f3fdae,TABLE_CONTAINS_LOGICAL_ROW,5003
tbl_727b37ec7648,lrow_c97dc9788c83,TABLE_CONTAINS_LOGICAL_ROW,5004
tbl_727b37ec7648,lrow_9dbdbc493a6f,TABLE_CONTAINS_LOGICAL_ROW,5005
tbl_727b37ec7648,lrow_08e157cd1cae,TABLE_CONTAINS_LOGICAL_ROW,5006
tbl_727b37ec7648,lrow_9a64c1b90713,TABLE_CONTAINS_LOGICAL_ROW,5007
tbl_727b37ec7648,lrow_f8ea7f383ca1,TABLE_CONTAINS_LOGICAL_ROW,5008
tbl_727b37ec7648,lrow_afe0a97800c3,TABLE_CONTAINS_LOGICAL_ROW,5009
tbl_727b37ec7648,lrow_fe50a046ddfb,TABLE_CONTAINS_LOGICAL_ROW,5010
tbl_727b37ec7648,lrow_502b59907b91,TABLE_CONTAINS_LOGICAL_ROW,5011
tbl_727b37ec7648,lrow_6f781c1f4bde,TABLE_CONTAINS_LOGICAL_ROW,5012
tbl_727b37ec7648,lrow_2f6be3ec3a7e,TABLE_CONTAINS_LOGICAL_ROW,5013
tbl_727b37ec7648,lrow_b2dd48ff5186,TABLE_CONTAINS_LOGICAL_ROW,5014
tbl_727b37ec7648,lrow_acea28899ae3,TABLE_CONTAINS_LOGICAL_ROW,5015
tbl_727b37ec7648,lrow_9b589e9ca840,TABLE_CONTAINS_LOGICAL_ROW,5016
tbl_727b37ec7648,lrow_d1a6b8f7aea5,TABLE_CONTAINS_LOGICAL_ROW,5017
tbl_727b37ec7648,lrow_9b7eb5b8ba62,TABLE_CONTAINS_LOGICAL_ROW,5018
tbl_727b37ec7648,lrow_bdc743ec9b15,TABLE_CONTAINS_LOGICAL_ROW,5019
tbl_727b37ec7648,lrow_3b6601c88729,TABLE_CONTAINS_LOGICAL_ROW,5020
tbl_727b37ec7648,lrow_112dcb1f1fe3,TABLE_CONTAINS_LOGICAL_ROW,5021
tbl_727b37ec7648,lrow_6f40a5bee019,TABLE_CONTAINS_LOGICAL_ROW,5022
tbl_727b37ec7648,lrow_49b2d4a85775,TABLE_CONTAINS_LOGICAL_ROW,5023
tbl_727b37ec7648,lrow_9fd943fe5591,TABLE_CONTAINS_LOGICAL_ROW,5024
tbl_727b37ec7648,lrow_13ac1aae10d3,TABLE_CONTAINS_LOGICAL_ROW,5025
tbl_727b37ec7648,lrow_08bf1b4ac90e,TABLE_CONTAINS_LOGICAL_ROW,5026
tbl_727b37ec7648,lrow_9809cd4e79f1,TABLE_CONTAINS_LOGICAL_ROW,5027
tbl_727b37ec7648,lrow_4d96a3e1d047,TABLE_CONTAINS_LOGICAL_ROW,5028
tbl_727b37ec7648,lrow_599e9af228ae,TABLE_CONTAINS_LOGICAL_ROW,5029
tbl_727b37ec7648,lrow_b94e25abbb83,TABLE_CONTAINS_LOGICAL_ROW,5030
tbl_727b37ec7648,lrow_0edcf16cc2ed,TABLE_CONTAINS_LOGICAL_ROW,5031
tbl_727b37ec7648,lrow_e4845376cf3d,TABLE_CONTAINS_LOGICAL_ROW,5032
tbl_727b37ec7648,lrow_bd34d5d81107,TABLE_CONTAINS_LOGICAL_ROW,5033
tbl_727b37ec7648,lrow_ba1f2d6c863a,TABLE_CONTAINS_LOGICAL_ROW,5034
tbl_727b37ec7648,lrow_1744529bbd29,TABLE_CONTAINS_LOGICAL_ROW,5035
tbl_727b37ec7648,lrow_9d7dce313f65,TABLE_CONTAINS_LOGICAL_ROW,5036
tbl_727b37ec7648,lrow_6a7077f71daa,TABLE_CONTAINS_LOGICAL_ROW,5037
tbl_727b37ec7648,lrow_75193806795b,TABLE_CONTAINS_LOGICAL_ROW,5038
tbl_727b37ec7648,lrow_c6bfded4dd40,TABLE_CONTAINS_LOGICAL_ROW,5039
tbl_727b37ec7648,lrow_5d53fe09fad4,TABLE_CONTAINS_LOGICAL_ROW,5040
tbl_727b37ec7648,lrow_4f2e0f3ed336,TABLE_CONTAINS_LOGICAL_ROW,5041
tbl_727b37ec7648,lrow_edc02213ac80,TABLE_CONTAINS_LOGICAL_ROW,5042
tbl_727b37ec7648,lrow_83671e731e49,TABLE_CONTAINS_LOGICAL_ROW,5043
tbl_727b37ec7648,lrow_222288739db6,TABLE_CONTAINS_LOGICAL_ROW,5044
tbl_727b37ec7648,lrow_ff2e04097955,TABLE_CONTAINS_LOGICAL_ROW,5045
tbl_727b37ec7648,lrow_607c9d0b8c8f,TABLE_CONTAINS_LOGICAL_ROW,5046
tbl_727b37ec7648,lrow_77ff00f340c1,TABLE_CONTAINS_LOGICAL_ROW,5047
tbl_727b37ec7648,lrow_246854a13f81,TABLE_CONTAINS_LOGICAL_ROW,5048
tbl_727b37ec7648,lrow_e74954ee32bb,TABLE_CONTAINS_LOGICAL_ROW,5049
tbl_727b37ec7648,lrow_56189cf3b28f,TABLE_CONTAINS_LOGICAL_ROW,5050
tbl_727b37ec7648,lrow_b9ae91423b33,TABLE_CONTAINS_LOGICAL_ROW,5051
tbl_727b37ec7648,lrow_da98acfffc6e,TABLE_CONTAINS_LOGICAL_ROW,5052
tbl_727b37ec7648,lrow_f0a00779bcf3,TABLE_CONTAINS_LOGICAL_ROW,5053
tbl_727b37ec7648,lrow_5970e2aeb854,TABLE_CONTAINS_LOGICAL_ROW,5054
tbl_727b37ec7648,lrow_c27d7fab0d7b,TABLE_CONTAINS_LOGICAL_ROW,5055
tbl_727b37ec7648,lrow_45c76a86f204,TABLE_CONTAINS_LOGICAL_ROW,5056
tbl_727b37ec7648,lrow_04591e26dc17,TABLE_CONTAINS_LOGICAL_ROW,5057
tbl_727b37ec7648,lrow_126f0661c310,TABLE_CONTAINS_LOGICAL_ROW,5058
tbl_727b37ec7648,lrow_b28a5d280250,TABLE_CONTAINS_LOGICAL_ROW,5059
tbl_727b37ec7648,lrow_080c399f9731,TABLE_CONTAINS_LOGICAL_ROW,5060
tbl_727b37ec7648,lrow_feda722c0222,TABLE_CONTAINS_LOGICAL_ROW,5061
tbl_727b37ec7648,lrow_5879ba4ff6cb,TABLE_CONTAINS_LOGICAL_ROW,5062
tbl_727b37ec7648,lrow_54c7c5fe10eb,TABLE_CONTAINS_LOGICAL_ROW,5063
tbl_727b37ec7648,lrow_39892c9b8667,TABLE_CONTAINS_LOGICAL_ROW,5064
tbl_727b37ec7648,lrow_15b13a86a715,TABLE_CONTAINS_LOGICAL_ROW,5065
tbl_727b37ec7648,lrow_f0f1010dbe6e,TABLE_CONTAINS_LOGICAL_ROW,5066
tbl_727b37ec7648,lrow_924ebb4e7577,TABLE_CONTAINS_LOGICAL_ROW,5067
tbl_727b37ec7648,lrow_75f55ff7b3c0,TABLE_CONTAINS_LOGICAL_ROW,5068
tbl_727b37ec7648,lrow_69f3589c5884,TABLE_CONTAINS_LOGICAL_ROW,5069
tbl_727b37ec7648,lrow_0832ed73d055,TABLE_CONTAINS_LOGICAL_ROW,5070
tbl_727b37ec7648,lrow_ac9a0c8d3be7,TABLE_CONTAINS_LOGICAL_ROW,5071
tbl_727b37ec7648,lrow_99a05a14cdde,TABLE_CONTAINS_LOGICAL_ROW,5072
tbl_727b37ec7648,lrow_01e98101840d,TABLE_CONTAINS_LOGICAL_ROW,5073
tbl_727b37ec7648,lrow_abd33cfd32fd,TABLE_CONTAINS_LOGICAL_ROW,5074
tbl_727b37ec7648,lrow_a32ec9594ff9,TABLE_CONTAINS_LOGICAL_ROW,5075
tbl_727b37ec7648,lrow_db5cddfc7858,TABLE_CONTAINS_LOGICAL_ROW,5076
tbl_727b37ec7648,lrow_bd2a50d35a5a,TABLE_CONTAINS_LOGICAL_ROW,5077
tbl_727b37ec7648,lrow_c3dbd0a98b29,TABLE_CONTAINS_LOGICAL_ROW,5078
tbl_727b37ec7648,lrow_db9bc03063d1,TABLE_CONTAINS_LOGICAL_ROW,5079
tbl_727b37ec7648,lrow_3a55db80ee32,TABLE_CONTAINS_LOGICAL_ROW,5080
tbl_727b37ec7648,lrow_206d1cbe52be,TABLE_CONTAINS_LOGICAL_ROW,5081
tbl_727b37ec7648,lrow_16642a862d87,TABLE_CONTAINS_LOGICAL_ROW,5082
tbl_727b37ec7648,lrow_bd92b73d5d5b,TABLE_CONTAINS_LOGICAL_ROW,5083
tbl_727b37ec7648,lrow_c9d50206fad4,TABLE_CONTAINS_LOGICAL_ROW,5084
tbl_727b37ec7648,lrow_c5855dae2327,TABLE_CONTAINS_LOGICAL_ROW,5085
tbl_727b37ec7648,lrow_9d26b7206515,TABLE_CONTAINS_LOGICAL_ROW,5086
tbl_727b37ec7648,lrow_d120b0544854,TABLE_CONTAINS_LOGICAL_ROW,5087
tbl_727b37ec7648,lrow_f7d7abf65dca,TABLE_CONTAINS_LOGICAL_ROW,5088
tbl_727b37ec7648,lrow_ad017f615720,TABLE_CONTAINS_LOGICAL_ROW,5089
tbl_727b37ec7648,lrow_9bcb69817f56,TABLE_CONTAINS_LOGICAL_ROW,5090
tbl_727b37ec7648,lrow_7a02aa086572,TABLE_CONTAINS_LOGICAL_ROW,5091
tbl_727b37ec7648,lrow_b2f9f8a25971,TABLE_CONTAINS_LOGICAL_ROW,5092
tbl_727b37ec7648,lrow_1ebbd169ee41,TABLE_CONTAINS_LOGICAL_ROW,5093
tbl_727b37ec7648,lrow_02f5fcade14c,TABLE_CONTAINS_LOGICAL_ROW,5094
tbl_727b37ec7648,lrow_f200080eb92f,TABLE_CONTAINS_LOGICAL_ROW,5095
tbl_727b37ec7648,lrow_d5b8e615451b,TABLE_CONTAINS_LOGICAL_ROW,5096
tbl_727b37ec7648,lrow_77ec95e27b12,TABLE_CONTAINS_LOGICAL_ROW,5097
tbl_727b37ec7648,lrow_805e9b24707b,TABLE_CONTAINS_LOGICAL_ROW,5098
tbl_727b37ec7648,lrow_e6f1342c1310,TABLE_CONTAINS_LOGICAL_ROW,5099
tbl_727b37ec7648,lrow_d515aded2f2c,TABLE_CONTAINS_LOGICAL_ROW,5100
tbl_727b37ec7648,lrow_eff30aba561e,TABLE_CONTAINS_LOGICAL_ROW,5101
tbl_727b37ec7648,lrow_70bc1c08d2c3,TABLE_CONTAINS_LOGICAL_ROW,5102
tbl_727b37ec7648,lrow_5a98dcb111b3,TABLE_CONTAINS_LOGICAL_ROW,5103
tbl_727b37ec7648,lrow_da89d6e488c7,TABLE_CONTAINS_LOGICAL_ROW,5104
tbl_727b37ec7648,lrow_b50e12d78157,TABLE_CONTAINS_LOGICAL_ROW,5105
tbl_727b37ec7648,lrow_3dfd4a6d0194,TABLE_CONTAINS_LOGICAL_ROW,5106
tbl_727b37ec7648,lrow_ef4133e85200,TABLE_CONTAINS_LOGICAL_ROW,5107
tbl_727b37ec7648,lrow_665033cabf40,TABLE_CONTAINS_LOGICAL_ROW,5108
tbl_727b37ec7648,lrow_7367148ea2fc,TABLE_CONTAINS_LOGICAL_ROW,5109
tbl_727b37ec7648,lrow_953b4f4942aa,TABLE_CONTAINS_LOGICAL_ROW,5110
tbl_727b37ec7648,lrow_99c1adff2a50,TABLE_CONTAINS_LOGICAL_ROW,5111
tbl_727b37ec7648,lrow_c30ae9d8a33e,TABLE_CONTAINS_LOGICAL_ROW,5112
tbl_727b37ec7648,lrow_debd37ece043,TABLE_CONTAINS_LOGICAL_ROW,5113
tbl_727b37ec7648,lrow_9549ea79b9de,TABLE_CONTAINS_LOGICAL_ROW,5114
tbl_727b37ec7648,lrow_9823eea71073,TABLE_CONTAINS_LOGICAL_ROW,5115
tbl_727b37ec7648,lrow_a38779a5c77d,TABLE_CONTAINS_LOGICAL_ROW,5116
tbl_727b37ec7648,lrow_c0202ca15f73,TABLE_CONTAINS_LOGICAL_ROW,5117
tbl_727b37ec7648,lrow_b8b746707c80,TABLE_CONTAINS_LOGICAL_ROW,5118
tbl_727b37ec7648,lrow_47724d6f58d7,TABLE_CONTAINS_LOGICAL_ROW,5119
tbl_727b37ec7648,lrow_ef3929d58f3c,TABLE_CONTAINS_LOGICAL_ROW,5120
tbl_727b37ec7648,lrow_fa0ac2e90a2f,TABLE_CONTAINS_LOGICAL_ROW,5121
tbl_727b37ec7648,lrow_fb32e62c800d,TABLE_CONTAINS_LOGICAL_ROW,5122
tbl_727b37ec7648,lrow_151fae0e6b14,TABLE_CONTAINS_LOGICAL_ROW,5123
tbl_727b37ec7648,lrow_58756ef7cb40,TABLE_CONTAINS_LOGICAL_ROW,5124
tbl_727b37ec7648,lrow_bae8de5f852d,TABLE_CONTAINS_LOGICAL_ROW,5125
tbl_727b37ec7648,lrow_d23708d2a7b6,TABLE_CONTAINS_LOGICAL_ROW,5126
tbl_727b37ec7648,lrow_84db99fba93c,TABLE_CONTAINS_LOGICAL_ROW,5127
tbl_727b37ec7648,lrow_06d20841bc4c,TABLE_CONTAINS_LOGICAL_ROW,5128
tbl_727b37ec7648,lrow_347035293651,TABLE_CONTAINS_LOGICAL_ROW,5129
tbl_727b37ec7648,lrow_a742daac652d,TABLE_CONTAINS_LOGICAL_ROW,5130
tbl_727b37ec7648,lrow_4db6c6474b5d,TABLE_CONTAINS_LOGICAL_ROW,5131
tbl_727b37ec7648,lrow_1c7982e4f5a6,TABLE_CONTAINS_LOGICAL_ROW,5132
tbl_727b37ec7648,lrow_6dcc7f518ae5,TABLE_CONTAINS_LOGICAL_ROW,5133
tbl_727b37ec7648,lrow_5171f095cd2d,TABLE_CONTAINS_LOGICAL_ROW,5134
tbl_727b37ec7648,lrow_d7ceb4a85b0b,TABLE_CONTAINS_LOGICAL_ROW,5135
tbl_727b37ec7648,lrow_9ab5c5b679bd,TABLE_CONTAINS_LOGICAL_ROW,5136
tbl_727b37ec7648,lrow_0385e48a90c0,TABLE_CONTAINS_LOGICAL_ROW,5137
tbl_727b37ec7648,lrow_d57673e56c0d,TABLE_CONTAINS_LOGICAL_ROW,5138
tbl_727b37ec7648,lrow_cb636039aa29,TABLE_CONTAINS_LOGICAL_ROW,5139
tbl_727b37ec7648,lrow_a8716db55e2b,TABLE_CONTAINS_LOGICAL_ROW,5140
tbl_727b37ec7648,lrow_1f5d635f0da6,TABLE_CONTAINS_LOGICAL_ROW,5141
tbl_727b37ec7648,lrow_7d963c32a7a3,TABLE_CONTAINS_LOGICAL_ROW,5142
tbl_727b37ec7648,lrow_64b128bbe5b9,TABLE_CONTAINS_LOGICAL_ROW,5143
tbl_727b37ec7648,lrow_bc4fb7ace622,TABLE_CONTAINS_LOGICAL_ROW,5144
tbl_727b37ec7648,lrow_5132e662001f,TABLE_CONTAINS_LOGICAL_ROW,5145
tbl_727b37ec7648,lrow_908e09fe9791,TABLE_CONTAINS_LOGICAL_ROW,5146
tbl_727b37ec7648,lrow_59f93f4ba3ba,TABLE_CONTAINS_LOGICAL_ROW,5147
tbl_727b37ec7648,lrow_0154a9764e51,TABLE_CONTAINS_LOGICAL_ROW,5148
tbl_727b37ec7648,lrow_bb0e99a42da4,TABLE_CONTAINS_LOGICAL_ROW,5149
tbl_727b37ec7648,lrow_1e021e7a8ad2,TABLE_CONTAINS_LOGICAL_ROW,5150
tbl_727b37ec7648,lrow_fa8c93ce68a8,TABLE_CONTAINS_LOGICAL_ROW,5151
tbl_727b37ec7648,lrow_19e7e6082844,TABLE_CONTAINS_LOGICAL_ROW,5152
tbl_727b37ec7648,lrow_f002506289a3,TABLE_CONTAINS_LOGICAL_ROW,5153
tbl_727b37ec7648,lrow_3b9fcf16d520,TABLE_CONTAINS_LOGICAL_ROW,5154
tbl_727b37ec7648,lrow_337ef6fe5abc,TABLE_CONTAINS_LOGICAL_ROW,5155
tbl_727b37ec7648,lrow_1e637c40e5da,TABLE_CONTAINS_LOGICAL_ROW,5156
tbl_727b37ec7648,lrow_fb7bb9613a9b,TABLE_CONTAINS_LOGICAL_ROW,5157
tbl_727b37ec7648,lrow_56f3772d8ec5,TABLE_CONTAINS_LOGICAL_ROW,5158
tbl_727b37ec7648,lrow_f66c1ae389d7,TABLE_CONTAINS_LOGICAL_ROW,5159
tbl_727b37ec7648,lrow_62212360b919,TABLE_CONTAINS_LOGICAL_ROW,5160
tbl_727b37ec7648,lrow_01c0d65b5232,TABLE_CONTAINS_LOGICAL_ROW,5161
tbl_727b37ec7648,lrow_e538358f0061,TABLE_CONTAINS_LOGICAL_ROW,5162
tbl_727b37ec7648,lrow_375ea9902028,TABLE_CONTAINS_LOGICAL_ROW,5163
tbl_727b37ec7648,lrow_e582ae131d88,TABLE_CONTAINS_LOGICAL_ROW,5164
tbl_727b37ec7648,lrow_ce3f0a24eeae,TABLE_CONTAINS_LOGICAL_ROW,5165
tbl_727b37ec7648,lrow_449d2640d8ce,TABLE_CONTAINS_LOGICAL_ROW,5166
tbl_727b37ec7648,lrow_1a283908374f,TABLE_CONTAINS_LOGICAL_ROW,5167
tbl_727b37ec7648,lrow_1c58b16c380e,TABLE_CONTAINS_LOGICAL_ROW,5168
tbl_727b37ec7648,lrow_80972e79a40e,TABLE_CONTAINS_LOGICAL_ROW,5169
tbl_727b37ec7648,lrow_ca0e4bf908cf,TABLE_CONTAINS_LOGICAL_ROW,5170
tbl_727b37ec7648,lrow_0326d537a612,TABLE_CONTAINS_LOGICAL_ROW,5171
tbl_727b37ec7648,lrow_df14989aa455,TABLE_CONTAINS_LOGICAL_ROW,5172
tbl_727b37ec7648,lrow_2123dbfe89a9,TABLE_CONTAINS_LOGICAL_ROW,5173
tbl_727b37ec7648,lrow_35cadb9347cb,TABLE_CONTAINS_LOGICAL_ROW,5174
tbl_727b37ec7648,lrow_530d0d868e4d,TABLE_CONTAINS_LOGICAL_ROW,5175
tbl_727b37ec7648,lrow_c10a852c4c98,TABLE_CONTAINS_LOGICAL_ROW,5176
tbl_727b37ec7648,lrow_bf4835b4ec10,TABLE_CONTAINS_LOGICAL_ROW,5177
tbl_727b37ec7648,lrow_8fb27ac7e785,TABLE_CONTAINS_LOGICAL_ROW,5178
tbl_727b37ec7648,lrow_c0ccb931dfa9,TABLE_CONTAINS_LOGICAL_ROW,5179
tbl_727b37ec7648,lrow_9c301a0b6c96,TABLE_CONTAINS_LOGICAL_ROW,5180
tbl_727b37ec7648,lrow_f3a4af0383e5,TABLE_CONTAINS_LOGICAL_ROW,5181
tbl_727b37ec7648,lrow_f090f73d9dc8,TABLE_CONTAINS_LOGICAL_ROW,5182
tbl_727b37ec7648,lrow_97786e0579ce,TABLE_CONTAINS_LOGICAL_ROW,5183
tbl_727b37ec7648,lrow_1854ec4ff648,TABLE_CONTAINS_LOGICAL_ROW,5184
tbl_727b37ec7648,lrow_d68c8d1211c3,TABLE_CONTAINS_LOGICAL_ROW,5185
tbl_727b37ec7648,lrow_63ffa900d660,TABLE_CONTAINS_LOGICAL_ROW,5186
tbl_727b37ec7648,lrow_659f2972fd3b,TABLE_CONTAINS_LOGICAL_ROW,5187
tbl_727b37ec7648,lrow_c35039619c56,TABLE_CONTAINS_LOGICAL_ROW,5188
tbl_727b37ec7648,lrow_20657cbf1761,TABLE_CONTAINS_LOGICAL_ROW,5189
tbl_727b37ec7648,lrow_881cacd8758d,TABLE_CONTAINS_LOGICAL_ROW,5190
tbl_727b37ec7648,lrow_74c9d608be9f,TABLE_CONTAINS_LOGICAL_ROW,5191
tbl_727b37ec7648,lrow_b6b9d5f80b3e,TABLE_CONTAINS_LOGICAL_ROW,5192
tbl_727b37ec7648,lrow_db74d4cbe1b1,TABLE_CONTAINS_LOGICAL_ROW,5193
tbl_727b37ec7648,lrow_9947df4b43ea,TABLE_CONTAINS_LOGICAL_ROW,5194
tbl_727b37ec7648,lrow_8eaab9bda310,TABLE_CONTAINS_LOGICAL_ROW,5195
tbl_727b37ec7648,lrow_c14e3331803f,TABLE_CONTAINS_LOGICAL_ROW,5196
tbl_727b37ec7648,lrow_268b910fc253,TABLE_CONTAINS_LOGICAL_ROW,5197
tbl_727b37ec7648,lrow_7ba02638ed02,TABLE_CONTAINS_LOGICAL_ROW,5198
tbl_727b37ec7648,lrow_4acc5a954943,TABLE_CONTAINS_LOGICAL_ROW,5199
tbl_727b37ec7648,lrow_cb55f8830cd1,TABLE_CONTAINS_LOGICAL_ROW,5200
tbl_727b37ec7648,lrow_3f4cd5dfd8a7,TABLE_CONTAINS_LOGICAL_ROW,5201
tbl_727b37ec7648,lrow_2ffd38ee4deb,TABLE_CONTAINS_LOGICAL_ROW,5202
tbl_727b37ec7648,lrow_ea2fbef7f190,TABLE_CONTAINS_LOGICAL_ROW,5203
tbl_727b37ec7648,lrow_7d27065738ca,TABLE_CONTAINS_LOGICAL_ROW,5204
tbl_727b37ec7648,lrow_c98c16d21252,TABLE_CONTAINS_LOGICAL_ROW,5205
tbl_727b37ec7648,lrow_0f4ba965fd51,TABLE_CONTAINS_LOGICAL_ROW,5206
tbl_727b37ec7648,lrow_c75378f9cd7f,TABLE_CONTAINS_LOGICAL_ROW,5207
tbl_727b37ec7648,lrow_1e658d3cc778,TABLE_CONTAINS_LOGICAL_ROW,5208
tbl_727b37ec7648,lrow_5e37bf86c07b,TABLE_CONTAINS_LOGICAL_ROW,5209
tbl_727b37ec7648,lrow_1cba6123b099,TABLE_CONTAINS_LOGICAL_ROW,5210
tbl_727b37ec7648,lrow_dc1e932a6080,TABLE_CONTAINS_LOGICAL_ROW,5211
tbl_727b37ec7648,lrow_54476e574ef0,TABLE_CONTAINS_LOGICAL_ROW,5212
tbl_727b37ec7648,lrow_9b73e89101e4,TABLE_CONTAINS_LOGICAL_ROW,5213
tbl_727b37ec7648,lrow_228bc84052f6,TABLE_CONTAINS_LOGICAL_ROW,5214
tbl_727b37ec7648,lrow_0d99753ac8e8,TABLE_CONTAINS_LOGICAL_ROW,5215
tbl_727b37ec7648,lrow_6dc67d1e761e,TABLE_CONTAINS_LOGICAL_ROW,5216
tbl_727b37ec7648,lrow_26b499c4088f,TABLE_CONTAINS_LOGICAL_ROW,5217
tbl_727b37ec7648,lrow_f967b94f0aa8,TABLE_CONTAINS_LOGICAL_ROW,5218
tbl_727b37ec7648,lrow_db4c0e207c4d,TABLE_CONTAINS_LOGICAL_ROW,5219
tbl_727b37ec7648,lrow_7d51494ba204,TABLE_CONTAINS_LOGICAL_ROW,5220
tbl_727b37ec7648,lrow_844671706aee,TABLE_CONTAINS_LOGICAL_ROW,5221
tbl_727b37ec7648,lrow_3b6d41d66a18,TABLE_CONTAINS_LOGICAL_ROW,5222
tbl_727b37ec7648,lrow_0517b9b68d46,TABLE_CONTAINS_LOGICAL_ROW,5223
tbl_727b37ec7648,lrow_e2d9c1caf967,TABLE_CONTAINS_LOGICAL_ROW,5224
tbl_727b37ec7648,lrow_dd5f0b546525,TABLE_CONTAINS_LOGICAL_ROW,5225
tbl_727b37ec7648,lrow_91cbf6ad0863,TABLE_CONTAINS_LOGICAL_ROW,5226
tbl_727b37ec7648,lrow_6560516af40b,TABLE_CONTAINS_LOGICAL_ROW,5227
tbl_727b37ec7648,lrow_ce58c58bf64c,TABLE_CONTAINS_LOGICAL_ROW,5228
tbl_727b37ec7648,lrow_8c7a1a8ec92c,TABLE_CONTAINS_LOGICAL_ROW,5229
tbl_727b37ec7648,lrow_6ebba89766eb,TABLE_CONTAINS_LOGICAL_ROW,5230
tbl_727b37ec7648,lrow_bcac97364d0e,TABLE_CONTAINS_LOGICAL_ROW,5231
tbl_727b37ec7648,lrow_d0dcc98d1cee,TABLE_CONTAINS_LOGICAL_ROW,5232
tbl_727b37ec7648,lrow_350d074b81a4,TABLE_CONTAINS_LOGICAL_ROW,5233
tbl_727b37ec7648,lrow_d3da77afbda9,TABLE_CONTAINS_LOGICAL_ROW,5234
tbl_727b37ec7648,lrow_4c13d235650f,TABLE_CONTAINS_LOGICAL_ROW,5235
tbl_727b37ec7648,lrow_ed8d985de7d0,TABLE_CONTAINS_LOGICAL_ROW,5236
tbl_727b37ec7648,lrow_5cd94316a146,TABLE_CONTAINS_LOGICAL_ROW,5237
tbl_727b37ec7648,lrow_7c002ab3ce91,TABLE_CONTAINS_LOGICAL_ROW,5238
tbl_727b37ec7648,lrow_010453adc82c,TABLE_CONTAINS_LOGICAL_ROW,5239
tbl_727b37ec7648,lrow_e048fb91eb5f,TABLE_CONTAINS_LOGICAL_ROW,5240
tbl_727b37ec7648,lrow_00e5c5467b9c,TABLE_CONTAINS_LOGICAL_ROW,5241
tbl_727b37ec7648,lrow_155caf07a57e,TABLE_CONTAINS_LOGICAL_ROW,5242
tbl_727b37ec7648,lrow_c1a08da79fec,TABLE_CONTAINS_LOGICAL_ROW,5243
tbl_727b37ec7648,lrow_4da27ca1759c,TABLE_CONTAINS_LOGICAL_ROW,5244
tbl_727b37ec7648,lrow_c98d8013b1ab,TABLE_CONTAINS_LOGICAL_ROW,5245
tbl_727b37ec7648,lrow_8cca7f034df5,TABLE_CONTAINS_LOGICAL_ROW,5246
tbl_727b37ec7648,lrow_8907673d67d1,TABLE_CONTAINS_LOGICAL_ROW,5247
tbl_727b37ec7648,lrow_ff918f2732c4,TABLE_CONTAINS_LOGICAL_ROW,5248
tbl_7290d29bf1cb,lrow_7b8cb6d06b08,TABLE_CONTAINS_LOGICAL_ROW,5249
tbl_7290d29bf1cb,lrow_6af8b0bad33d,TABLE_CONTAINS_LOGICAL_ROW,5250
tbl_74e93bffc2b7,lrow_caab9e045052,TABLE_CONTAINS_LOGICAL_ROW,5251
tbl_757785d27286,lrow_f10f2fb9ad90,TABLE_CONTAINS_LOGICAL_ROW,5252
tbl_757785d27286,lrow_765332d4020f,TABLE_CONTAINS_LOGICAL_ROW,5253
tbl_75bf5aba1dd2,lrow_eac00dd3d291,TABLE_CONTAINS_LOGICAL_ROW,5254
tbl_75bf5aba1dd2,lrow_4abd69ab57db,TABLE_CONTAINS_LOGICAL_ROW,5255
tbl_75bf5aba1dd2,lrow_86c7999f5857,TABLE_CONTAINS_LOGICAL_ROW,5256
tbl_76b8ec3aff3f,lrow_2122fecd1e1a,TABLE_CONTAINS_LOGICAL_ROW,5257
tbl_76b8ec3aff3f,lrow_6f3a8a6e4899,TABLE_CONTAINS_LOGICAL_ROW,5258
tbl_76b8ec3aff3f,lrow_e1e67c797914,TABLE_CONTAINS_LOGICAL_ROW,5259
tbl_76b8ec3aff3f,lrow_5c784a059c4e,TABLE_CONTAINS_LOGICAL_ROW,5260
tbl_76b8ec3aff3f,lrow_96448c40cf2e,TABLE_CONTAINS_LOGICAL_ROW,5261
tbl_76b8ec3aff3f,lrow_8908f451e164,TABLE_CONTAINS_LOGICAL_ROW,5262
tbl_76b8ec3aff3f,lrow_165146a9e1a9,TABLE_CONTAINS_LOGICAL_ROW,5263
tbl_76e2487fa18c,lrow_6502a5a06838,TABLE_CONTAINS_LOGICAL_ROW,5264
tbl_773668d32c8a,lrow_6601ae82af89,TABLE_CONTAINS_LOGICAL_ROW,5265
tbl_773668d32c8a,lrow_58527d6ae81b,TABLE_CONTAINS_LOGICAL_ROW,5266
tbl_773668d32c8a,lrow_93c8d9a4569e,TABLE_CONTAINS_LOGICAL_ROW,5267
tbl_773668d32c8a,lrow_fd84f335c9eb,TABLE_CONTAINS_LOGICAL_ROW,5268
tbl_773668d32c8a,lrow_870f7ad3bc21,TABLE_CONTAINS_LOGICAL_ROW,5269
tbl_773668d32c8a,lrow_f7c9845f9247,TABLE_CONTAINS_LOGICAL_ROW,5270
tbl_773668d32c8a,lrow_973a98fa6748,TABLE_CONTAINS_LOGICAL_ROW,5271
tbl_773668d32c8a,lrow_596a7260c022,TABLE_CONTAINS_LOGICAL_ROW,5272
tbl_773668d32c8a,lrow_32e16c4e5db3,TABLE_CONTAINS_LOGICAL_ROW,5273
tbl_773668d32c8a,lrow_96a68980cc5b,TABLE_CONTAINS_LOGICAL_ROW,5274
tbl_773668d32c8a,lrow_5eb4775b549c,TABLE_CONTAINS_LOGICAL_ROW,5275
tbl_773668d32c8a,lrow_d15664c187fb,TABLE_CONTAINS_LOGICAL_ROW,5276
tbl_773668d32c8a,lrow_311a1ee1950e,TABLE_CONTAINS_LOGICAL_ROW,5277
tbl_773668d32c8a,lrow_0e90fb78ecd4,TABLE_CONTAINS_LOGICAL_ROW,5278
tbl_773668d32c8a,lrow_726fa8b4759a,TABLE_CONTAINS_LOGICAL_ROW,5279
tbl_773668d32c8a,lrow_99d782451fa0,TABLE_CONTAINS_LOGICAL_ROW,5280
tbl_773668d32c8a,lrow_e74f90818f11,TABLE_CONTAINS_LOGICAL_ROW,5281
tbl_773668d32c8a,lrow_b47c4381aaff,TABLE_CONTAINS_LOGICAL_ROW,5282
tbl_773668d32c8a,lrow_f8d26ba862ba,TABLE_CONTAINS_LOGICAL_ROW,5283
tbl_779c8d2e10af,lrow_41a7c3261e78,TABLE_CONTAINS_LOGICAL_ROW,5284
tbl_779c8d2e10af,lrow_f220802446d8,TABLE_CONTAINS_LOGICAL_ROW,5285
tbl_779c8d2e10af,lrow_52e802f3385c,TABLE_CONTAINS_LOGICAL_ROW,5286
tbl_779c8d2e10af,lrow_05408f27305c,TABLE_CONTAINS_LOGICAL_ROW,5287
tbl_779c8d2e10af,lrow_6a34c02609d4,TABLE_CONTAINS_LOGICAL_ROW,5288
tbl_779c8d2e10af,lrow_ca1441d085e5,TABLE_CONTAINS_LOGICAL_ROW,5289
tbl_779c8d2e10af,lrow_87e68365532b,TABLE_CONTAINS_LOGICAL_ROW,5290
tbl_779c8d2e10af,lrow_3b33904f9ece,TABLE_CONTAINS_LOGICAL_ROW,5291
tbl_779c8d2e10af,lrow_93fce61ed51e,TABLE_CONTAINS_LOGICAL_ROW,5292
tbl_779c8d2e10af,lrow_9bef3bb1874b,TABLE_CONTAINS_LOGICAL_ROW,5293
tbl_779c8d2e10af,lrow_51392e30a4f5,TABLE_CONTAINS_LOGICAL_ROW,5294
tbl_779c8d2e10af,lrow_1460d4c105bc,TABLE_CONTAINS_LOGICAL_ROW,5295
tbl_779c8d2e10af,lrow_71cd80fd3b1a,TABLE_CONTAINS_LOGICAL_ROW,5296
tbl_779c8d2e10af,lrow_3ab37c002971,TABLE_CONTAINS_LOGICAL_ROW,5297
tbl_779c8d2e10af,lrow_af2bafc75665,TABLE_CONTAINS_LOGICAL_ROW,5298
tbl_779c8d2e10af,lrow_20174a8f4e06,TABLE_CONTAINS_LOGICAL_ROW,5299
tbl_77a5e74a3c72,lrow_75efb0b37f21,TABLE_CONTAINS_LOGICAL_ROW,5300
tbl_77a5e74a3c72,lrow_12a6d723dd16,TABLE_CONTAINS_LOGICAL_ROW,5301
tbl_77a5e74a3c72,lrow_dce6a07d3d7d,TABLE_CONTAINS_LOGICAL_ROW,5302
tbl_77a5e74a3c72,lrow_060418d6c08a,TABLE_CONTAINS_LOGICAL_ROW,5303
tbl_77a5e74a3c72,lrow_0c23c1a4e70b,TABLE_CONTAINS_LOGICAL_ROW,5304
tbl_77a5e74a3c72,lrow_0e0dabc3a8e5,TABLE_CONTAINS_LOGICAL_ROW,5305
tbl_7816a21f3316,lrow_5dcb87dca7e8,TABLE_CONTAINS_LOGICAL_ROW,5306
tbl_7816a21f3316,lrow_9fd283b13fa0,TABLE_CONTAINS_LOGICAL_ROW,5307
tbl_7816a21f3316,lrow_74c8859dc22a,TABLE_CONTAINS_LOGICAL_ROW,5308
tbl_7816a21f3316,lrow_c49f11d4cd2f,TABLE_CONTAINS_LOGICAL_ROW,5309
tbl_7816a21f3316,lrow_b11721d9eab9,TABLE_CONTAINS_LOGICAL_ROW,5310
tbl_7816a21f3316,lrow_208fd536d70d,TABLE_CONTAINS_LOGICAL_ROW,5311
tbl_7816a21f3316,lrow_b494f7de0756,TABLE_CONTAINS_LOGICAL_ROW,5312
tbl_78e29dc0f1f6,lrow_757ee6612522,TABLE_CONTAINS_LOGICAL_ROW,5313
tbl_78e29dc0f1f6,lrow_0c6dda7a38c3,TABLE_CONTAINS_LOGICAL_ROW,5314
tbl_78e29dc0f1f6,lrow_86a84814966a,TABLE_CONTAINS_LOGICAL_ROW,5315
tbl_78e29dc0f1f6,lrow_091e03a60d40,TABLE_CONTAINS_LOGICAL_ROW,5316
tbl_78e29dc0f1f6,lrow_459c06b1194f,TABLE_CONTAINS_LOGICAL_ROW,5317
tbl_78e29dc0f1f6,lrow_3afc04b41a0d,TABLE_CONTAINS_LOGICAL_ROW,5318
tbl_78e29dc0f1f6,lrow_24577e7c8680,TABLE_CONTAINS_LOGICAL_ROW,5319
tbl_78e29dc0f1f6,lrow_a46842d7e0ed,TABLE_CONTAINS_LOGICAL_ROW,5320
tbl_78e29dc0f1f6,lrow_10ab6ad37991,TABLE_CONTAINS_LOGICAL_ROW,5321
tbl_78e29dc0f1f6,lrow_158bd6454d12,TABLE_CONTAINS_LOGICAL_ROW,5322
tbl_78e29dc0f1f6,lrow_02979e88c3c9,TABLE_CONTAINS_LOGICAL_ROW,5323
tbl_78e29dc0f1f6,lrow_7a0b9b869c3f,TABLE_CONTAINS_LOGICAL_ROW,5324
tbl_78e29dc0f1f6,lrow_a2d1d3ad732a,TABLE_CONTAINS_LOGICAL_ROW,5325
tbl_78e29dc0f1f6,lrow_f9289f7ed5af,TABLE_CONTAINS_LOGICAL_ROW,5326
tbl_78e29dc0f1f6,lrow_8e2fa5ab2317,TABLE_CONTAINS_LOGICAL_ROW,5327
tbl_78e29dc0f1f6,lrow_efecda44dcaf,TABLE_CONTAINS_LOGICAL_ROW,5328
tbl_78e29dc0f1f6,lrow_334b4ba49c76,TABLE_CONTAINS_LOGICAL_ROW,5329
tbl_78e29dc0f1f6,lrow_c131bc34c358,TABLE_CONTAINS_LOGICAL_ROW,5330
tbl_78e29dc0f1f6,lrow_42fd539c3828,TABLE_CONTAINS_LOGICAL_ROW,5331
tbl_78e29dc0f1f6,lrow_e7dc759e242c,TABLE_CONTAINS_LOGICAL_ROW,5332
tbl_78e29dc0f1f6,lrow_85547e645e5e,TABLE_CONTAINS_LOGICAL_ROW,5333
tbl_78e29dc0f1f6,lrow_5e5773af900a,TABLE_CONTAINS_LOGICAL_ROW,5334
tbl_78e29dc0f1f6,lrow_d9f36f624738,TABLE_CONTAINS_LOGICAL_ROW,5335
tbl_78e29dc0f1f6,lrow_eefd7434ce16,TABLE_CONTAINS_LOGICAL_ROW,5336
tbl_78e29dc0f1f6,lrow_6a826d661fa6,TABLE_CONTAINS_LOGICAL_ROW,5337
tbl_78e29dc0f1f6,lrow_a1ed7695cc9e,TABLE_CONTAINS_LOGICAL_ROW,5338
tbl_78e29dc0f1f6,lrow_0a6349ddff07,TABLE_CONTAINS_LOGICAL_ROW,5339
tbl_78e29dc0f1f6,lrow_21f51d3998bb,TABLE_CONTAINS_LOGICAL_ROW,5340
tbl_78e29dc0f1f6,lrow_195de967ed30,TABLE_CONTAINS_LOGICAL_ROW,5341
tbl_78e29dc0f1f6,lrow_cd1fcbe1a1d9,TABLE_CONTAINS_LOGICAL_ROW,5342
tbl_78e29dc0f1f6,lrow_95cbcb512a20,TABLE_CONTAINS_LOGICAL_ROW,5343
tbl_78e29dc0f1f6,lrow_1f21685959ed,TABLE_CONTAINS_LOGICAL_ROW,5344
tbl_78e29dc0f1f6,lrow_82ca848b2072,TABLE_CONTAINS_LOGICAL_ROW,5345
tbl_78e29dc0f1f6,lrow_12f0d75d0caf,TABLE_CONTAINS_LOGICAL_ROW,5346
tbl_78e29dc0f1f6,lrow_e7d7f0720480,TABLE_CONTAINS_LOGICAL_ROW,5347
tbl_78e29dc0f1f6,lrow_d0ea1d7bfbc8,TABLE_CONTAINS_LOGICAL_ROW,5348
tbl_78e29dc0f1f6,lrow_2a16cadc1175,TABLE_CONTAINS_LOGICAL_ROW,5349
tbl_78e29dc0f1f6,lrow_ffd2e4b49410,TABLE_CONTAINS_LOGICAL_ROW,5350
tbl_78e29dc0f1f6,lrow_7f7e2d347633,TABLE_CONTAINS_LOGICAL_ROW,5351
tbl_78e29dc0f1f6,lrow_8221e39cc9de,TABLE_CONTAINS_LOGICAL_ROW,5352
tbl_78e29dc0f1f6,lrow_d15f27d79f06,TABLE_CONTAINS_LOGICAL_ROW,5353
tbl_78e29dc0f1f6,lrow_e8e111d54252,TABLE_CONTAINS_LOGICAL_ROW,5354
tbl_79b6dd8c6603,lrow_9c1e36def4e7,TABLE_CONTAINS_LOGICAL_ROW,5355
tbl_79b6dd8c6603,lrow_3b13c98b09a2,TABLE_CONTAINS_LOGICAL_ROW,5356
tbl_79f75125bcc5,lrow_ca312475d318,TABLE_CONTAINS_LOGICAL_ROW,5357
tbl_7a5fa57bada0,lrow_c37ff5ef54b7,TABLE_CONTAINS_LOGICAL_ROW,5358
tbl_7a5fa57bada0,lrow_972229519de9,TABLE_CONTAINS_LOGICAL_ROW,5359
tbl_7a5fa57bada0,lrow_1cddc62fa612,TABLE_CONTAINS_LOGICAL_ROW,5360
tbl_7a5fa57bada0,lrow_d0dc2ed4523c,TABLE_CONTAINS_LOGICAL_ROW,5361
tbl_7a5fa57bada0,lrow_5e36548e26cd,TABLE_CONTAINS_LOGICAL_ROW,5362
tbl_7a5fa57bada0,lrow_5bdeb4c6093b,TABLE_CONTAINS_LOGICAL_ROW,5363
tbl_7ae2aabeecac,lrow_20ea8234d58f,TABLE_CONTAINS_LOGICAL_ROW,5364
tbl_7ae2aabeecac,lrow_606737406c87,TABLE_CONTAINS_LOGICAL_ROW,5365
tbl_7c2a5eaa6a95,lrow_358c57ebb63d,TABLE_CONTAINS_LOGICAL_ROW,5366
tbl_7cc3b712408e,lrow_024021c29b1e,TABLE_CONTAINS_LOGICAL_ROW,5367
tbl_7cc3b712408e,lrow_e45d4f2d6488,TABLE_CONTAINS_LOGICAL_ROW,5368
tbl_7cc3b712408e,lrow_a7c0923f08c1,TABLE_CONTAINS_LOGICAL_ROW,5369
tbl_7cc3b712408e,lrow_f8464b504d49,TABLE_CONTAINS_LOGICAL_ROW,5370
tbl_7cc3b712408e,lrow_4542fe3b87f2,TABLE_CONTAINS_LOGICAL_ROW,5371
tbl_7d345789c5f7,lrow_9769ef5addc9,TABLE_CONTAINS_LOGICAL_ROW,5372
tbl_7d345789c5f7,lrow_4a06207aa594,TABLE_CONTAINS_LOGICAL_ROW,5373
tbl_7d345789c5f7,lrow_558568ca3eee,TABLE_CONTAINS_LOGICAL_ROW,5374
tbl_7d345789c5f7,lrow_f036e18ad5e0,TABLE_CONTAINS_LOGICAL_ROW,5375
tbl_7d345789c5f7,lrow_88baa692146f,TABLE_CONTAINS_LOGICAL_ROW,5376
tbl_7d8b4405a96d,lrow_8451a9d3aa56,TABLE_CONTAINS_LOGICAL_ROW,5377
tbl_7da13ed89014,lrow_c94965dc51b9,TABLE_CONTAINS_LOGICAL_ROW,5378
tbl_7dffe82918dd,lrow_303436b43c0a,TABLE_CONTAINS_LOGICAL_ROW,5379
tbl_7dffe82918dd,lrow_2c2b8a0231e9,TABLE_CONTAINS_LOGICAL_ROW,5380
tbl_7e9412bc55c4,lrow_2350226d9fd9,TABLE_CONTAINS_LOGICAL_ROW,5381
tbl_7e9412bc55c4,lrow_5197b7764474,TABLE_CONTAINS_LOGICAL_ROW,5382
tbl_7e9412bc55c4,lrow_264755718770,TABLE_CONTAINS_LOGICAL_ROW,5383
tbl_7e9412bc55c4,lrow_a777080b24b2,TABLE_CONTAINS_LOGICAL_ROW,5384
tbl_7e9412bc55c4,lrow_e353415e43b2,TABLE_CONTAINS_LOGICAL_ROW,5385
tbl_7e9412bc55c4,lrow_bb2fb7d72f3d,TABLE_CONTAINS_LOGICAL_ROW,5386
tbl_7ec051170d57,lrow_25b43f5ca926,TABLE_CONTAINS_LOGICAL_ROW,5387
tbl_80034b21fb9a,lrow_167fd2756d23,TABLE_CONTAINS_LOGICAL_ROW,5388
tbl_80034b21fb9a,lrow_8150bd6bd22b,TABLE_CONTAINS_LOGICAL_ROW,5389
tbl_80296f11c6f5,lrow_5464aa105e63,TABLE_CONTAINS_LOGICAL_ROW,5390
tbl_80296f11c6f5,lrow_4a6222edd453,TABLE_CONTAINS_LOGICAL_ROW,5391
tbl_80296f11c6f5,lrow_48a07581a089,TABLE_CONTAINS_LOGICAL_ROW,5392
tbl_80296f11c6f5,lrow_49883f7f8ea7,TABLE_CONTAINS_LOGICAL_ROW,5393
tbl_80296f11c6f5,lrow_e4c6447d7e7b,TABLE_CONTAINS_LOGICAL_ROW,5394
tbl_817966449bff,lrow_0daf4227b361,TABLE_CONTAINS_LOGICAL_ROW,5395
tbl_817966449bff,lrow_c596f2d4e628,TABLE_CONTAINS_LOGICAL_ROW,5396
tbl_817966449bff,lrow_dab510a07624,TABLE_CONTAINS_LOGICAL_ROW,5397
tbl_817966449bff,lrow_06326a8aaa3d,TABLE_CONTAINS_LOGICAL_ROW,5398
tbl_817966449bff,lrow_2ea897958145,TABLE_CONTAINS_LOGICAL_ROW,5399
tbl_8185ccbe8e38,lrow_27b7c1d7b6c7,TABLE_CONTAINS_LOGICAL_ROW,5400
tbl_8185ccbe8e38,lrow_cd22f23ffebb,TABLE_CONTAINS_LOGICAL_ROW,5401
tbl_8185ccbe8e38,lrow_8d594afa6e51,TABLE_CONTAINS_LOGICAL_ROW,5402
tbl_8185ccbe8e38,lrow_f710b9d9c19c,TABLE_CONTAINS_LOGICAL_ROW,5403
tbl_8185ccbe8e38,lrow_5047aec3bbf2,TABLE_CONTAINS_LOGICAL_ROW,5404
tbl_819654db40ed,lrow_08a88a0b2004,TABLE_CONTAINS_LOGICAL_ROW,5405
tbl_819654db40ed,lrow_d33c2f52d907,TABLE_CONTAINS_LOGICAL_ROW,5406
tbl_819654db40ed,lrow_cbdf1ffdc9ec,TABLE_CONTAINS_LOGICAL_ROW,5407
tbl_822c1ff7d86e,lrow_d724945639ee,TABLE_CONTAINS_LOGICAL_ROW,5408
tbl_822c1ff7d86e,lrow_4a5dc3d4dc08,TABLE_CONTAINS_LOGICAL_ROW,5409
tbl_822c1ff7d86e,lrow_5b5168af09a7,TABLE_CONTAINS_LOGICAL_ROW,5410
tbl_83c33db30c51,lrow_ad06f3f85d18,TABLE_CONTAINS_LOGICAL_ROW,5411
tbl_83c33db30c51,lrow_ba79c926fc8b,TABLE_CONTAINS_LOGICAL_ROW,5412
tbl_83c33db30c51,lrow_a8ec35e320c9,TABLE_CONTAINS_LOGICAL_ROW,5413
tbl_83c33db30c51,lrow_22c10d4dd09b,TABLE_CONTAINS_LOGICAL_ROW,5414
tbl_83c33db30c51,lrow_af27e22d4cb9,TABLE_CONTAINS_LOGICAL_ROW,5415
tbl_83c33db30c51,lrow_376c3af4b66b,TABLE_CONTAINS_LOGICAL_ROW,5416
tbl_83c33db30c51,lrow_3bfc6bdf4972,TABLE_CONTAINS_LOGICAL_ROW,5417
tbl_83c33db30c51,lrow_037953f94ed5,TABLE_CONTAINS_LOGICAL_ROW,5418
tbl_83c33db30c51,lrow_b0f6c598a9d3,TABLE_CONTAINS_LOGICAL_ROW,5419
tbl_83c33db30c51,lrow_fb4b2576178d,TABLE_CONTAINS_LOGICAL_ROW,5420
tbl_83c33db30c51,lrow_bb29ec8876e2,TABLE_CONTAINS_LOGICAL_ROW,5421
tbl_83c33db30c51,lrow_8ab563434c12,TABLE_CONTAINS_LOGICAL_ROW,5422
tbl_83c33db30c51,lrow_78837f362103,TABLE_CONTAINS_LOGICAL_ROW,5423
tbl_83c33db30c51,lrow_02b04f09466f,TABLE_CONTAINS_LOGICAL_ROW,5424
tbl_83c33db30c51,lrow_7b086e8198d4,TABLE_CONTAINS_LOGICAL_ROW,5425
tbl_83c33db30c51,lrow_a2e99cfb8d20,TABLE_CONTAINS_LOGICAL_ROW,5426
tbl_83c33db30c51,lrow_e06760f32539,TABLE_CONTAINS_LOGICAL_ROW,5427
tbl_83c33db30c51,lrow_d8acb720d5eb,TABLE_CONTAINS_LOGICAL_ROW,5428
tbl_83c33db30c51,lrow_e3d4d07cc216,TABLE_CONTAINS_LOGICAL_ROW,5429
tbl_83c33db30c51,lrow_5f84bec1846d,TABLE_CONTAINS_LOGICAL_ROW,5430
tbl_83c33db30c51,lrow_d77ef65691f6,TABLE_CONTAINS_LOGICAL_ROW,5431
tbl_83c33db30c51,lrow_2bb4067c565b,TABLE_CONTAINS_LOGICAL_ROW,5432
tbl_83c33db30c51,lrow_f582c00de4bd,TABLE_CONTAINS_LOGICAL_ROW,5433
tbl_83c33db30c51,lrow_1a0a080eab07,TABLE_CONTAINS_LOGICAL_ROW,5434
tbl_83c33db30c51,lrow_075bcf04c54a,TABLE_CONTAINS_LOGICAL_ROW,5435
tbl_83c33db30c51,lrow_988f06d95864,TABLE_CONTAINS_LOGICAL_ROW,5436
tbl_83c33db30c51,lrow_a338bb934f4e,TABLE_CONTAINS_LOGICAL_ROW,5437
tbl_83c33db30c51,lrow_f2fd760149dd,TABLE_CONTAINS_LOGICAL_ROW,5438
tbl_83c33db30c51,lrow_7a821e1b934c,TABLE_CONTAINS_LOGICAL_ROW,5439
tbl_83c33db30c51,lrow_882201480ae8,TABLE_CONTAINS_LOGICAL_ROW,5440
tbl_83c33db30c51,lrow_f00fe3faff50,TABLE_CONTAINS_LOGICAL_ROW,5441
tbl_83c33db30c51,lrow_add7d13867ed,TABLE_CONTAINS_LOGICAL_ROW,5442
tbl_83c33db30c51,lrow_5bca0fff0bff,TABLE_CONTAINS_LOGICAL_ROW,5443
tbl_83c33db30c51,lrow_734b186d9afd,TABLE_CONTAINS_LOGICAL_ROW,5444
tbl_83c33db30c51,lrow_3793615c7adb,TABLE_CONTAINS_LOGICAL_ROW,5445
tbl_83c33db30c51,lrow_a42ff6ea1b7a,TABLE_CONTAINS_LOGICAL_ROW,5446
tbl_83c33db30c51,lrow_ddc5d4741b59,TABLE_CONTAINS_LOGICAL_ROW,5447
tbl_83c33db30c51,lrow_a0a417acccde,TABLE_CONTAINS_LOGICAL_ROW,5448
tbl_83c33db30c51,lrow_d3f1c42e51d7,TABLE_CONTAINS_LOGICAL_ROW,5449
tbl_83c33db30c51,lrow_4666c8534f48,TABLE_CONTAINS_LOGICAL_ROW,5450
tbl_83c33db30c51,lrow_4a1f4682e21e,TABLE_CONTAINS_LOGICAL_ROW,5451
tbl_83c33db30c51,lrow_999bc2e39d88,TABLE_CONTAINS_LOGICAL_ROW,5452
tbl_83c33db30c51,lrow_7ab0cab0c253,TABLE_CONTAINS_LOGICAL_ROW,5453
tbl_83c33db30c51,lrow_3aed3a9aa214,TABLE_CONTAINS_LOGICAL_ROW,5454
tbl_83c33db30c51,lrow_738791df0174,TABLE_CONTAINS_LOGICAL_ROW,5455
tbl_83c33db30c51,lrow_bf00f4750735,TABLE_CONTAINS_LOGICAL_ROW,5456
tbl_83c33db30c51,lrow_16f6e37ec847,TABLE_CONTAINS_LOGICAL_ROW,5457
tbl_83c33db30c51,lrow_b4de53823f17,TABLE_CONTAINS_LOGICAL_ROW,5458
tbl_83c33db30c51,lrow_0df298c79d9b,TABLE_CONTAINS_LOGICAL_ROW,5459
tbl_83c33db30c51,lrow_c920187fe73c,TABLE_CONTAINS_LOGICAL_ROW,5460
tbl_83c33db30c51,lrow_2472bb09bc56,TABLE_CONTAINS_LOGICAL_ROW,5461
tbl_83c33db30c51,lrow_c85522a956e5,TABLE_CONTAINS_LOGICAL_ROW,5462
tbl_83c33db30c51,lrow_fce91ffe3492,TABLE_CONTAINS_LOGICAL_ROW,5463
tbl_83c33db30c51,lrow_b8be6f44c6cd,TABLE_CONTAINS_LOGICAL_ROW,5464
tbl_83c33db30c51,lrow_7a36dd2b3eb9,TABLE_CONTAINS_LOGICAL_ROW,5465
tbl_83c33db30c51,lrow_e3287de27c07,TABLE_CONTAINS_LOGICAL_ROW,5466
tbl_83c33db30c51,lrow_feb3b00b06d5,TABLE_CONTAINS_LOGICAL_ROW,5467
tbl_83c33db30c51,lrow_c2028349fb2f,TABLE_CONTAINS_LOGICAL_ROW,5468
tbl_83c33db30c51,lrow_3f139ac693fe,TABLE_CONTAINS_LOGICAL_ROW,5469
tbl_83c33db30c51,lrow_a9b5ee391c6a,TABLE_CONTAINS_LOGICAL_ROW,5470
tbl_83c33db30c51,lrow_4efb409137b8,TABLE_CONTAINS_LOGICAL_ROW,5471
tbl_83c33db30c51,lrow_49d6cdb70655,TABLE_CONTAINS_LOGICAL_ROW,5472
tbl_83c33db30c51,lrow_8698197f4ece,TABLE_CONTAINS_LOGICAL_ROW,5473
tbl_83c33db30c51,lrow_9a23603e2e08,TABLE_CONTAINS_LOGICAL_ROW,5474
tbl_83c33db30c51,lrow_855e1adc023e,TABLE_CONTAINS_LOGICAL_ROW,5475
tbl_83c33db30c51,lrow_b6790703d1fe,TABLE_CONTAINS_LOGICAL_ROW,5476
tbl_83c33db30c51,lrow_0d5d288c5df4,TABLE_CONTAINS_LOGICAL_ROW,5477
tbl_83c33db30c51,lrow_78300386dcfb,TABLE_CONTAINS_LOGICAL_ROW,5478
tbl_83c33db30c51,lrow_7e283f563a40,TABLE_CONTAINS_LOGICAL_ROW,5479
tbl_83c33db30c51,lrow_8e3b73ef115d,TABLE_CONTAINS_LOGICAL_ROW,5480
tbl_83c33db30c51,lrow_55fea0bc4319,TABLE_CONTAINS_LOGICAL_ROW,5481
tbl_83c33db30c51,lrow_48cbefeec25b,TABLE_CONTAINS_LOGICAL_ROW,5482
tbl_83c33db30c51,lrow_d206eb59e703,TABLE_CONTAINS_LOGICAL_ROW,5483
tbl_83c33db30c51,lrow_c6fb24e4952c,TABLE_CONTAINS_LOGICAL_ROW,5484
tbl_83c33db30c51,lrow_a725ac3dfcaa,TABLE_CONTAINS_LOGICAL_ROW,5485
tbl_83c33db30c51,lrow_6018b2985503,TABLE_CONTAINS_LOGICAL_ROW,5486
tbl_83c33db30c51,lrow_e93951748514,TABLE_CONTAINS_LOGICAL_ROW,5487
tbl_83c33db30c51,lrow_6715bd47b4c6,TABLE_CONTAINS_LOGICAL_ROW,5488
tbl_83c33db30c51,lrow_2dcbfdf859c9,TABLE_CONTAINS_LOGICAL_ROW,5489
tbl_83c33db30c51,lrow_5140c265e8cf,TABLE_CONTAINS_LOGICAL_ROW,5490
tbl_83c33db30c51,lrow_cb5b939df187,TABLE_CONTAINS_LOGICAL_ROW,5491
tbl_83c33db30c51,lrow_84704da29bad,TABLE_CONTAINS_LOGICAL_ROW,5492
tbl_83c33db30c51,lrow_885d91e4739e,TABLE_CONTAINS_LOGICAL_ROW,5493
tbl_83c33db30c51,lrow_79e249aa0d4a,TABLE_CONTAINS_LOGICAL_ROW,5494
tbl_83c33db30c51,lrow_ddf80de4c896,TABLE_CONTAINS_LOGICAL_ROW,5495
tbl_83c33db30c51,lrow_440586fa224f,TABLE_CONTAINS_LOGICAL_ROW,5496
tbl_83c33db30c51,lrow_ce826f2c9716,TABLE_CONTAINS_LOGICAL_ROW,5497
tbl_83c33db30c51,lrow_9bfb31e4ac90,TABLE_CONTAINS_LOGICAL_ROW,5498
tbl_83c33db30c51,lrow_9de76a2a7f41,TABLE_CONTAINS_LOGICAL_ROW,5499
tbl_83c33db30c51,lrow_efe1cb35363e,TABLE_CONTAINS_LOGICAL_ROW,5500
tbl_83c33db30c51,lrow_50f4e6b8fadc,TABLE_CONTAINS_LOGICAL_ROW,5501
tbl_83c33db30c51,lrow_ad82451aabe5,TABLE_CONTAINS_LOGICAL_ROW,5502
tbl_83c33db30c51,lrow_8b39a0605d80,TABLE_CONTAINS_LOGICAL_ROW,5503
tbl_83c33db30c51,lrow_c19b2de428f9,TABLE_CONTAINS_LOGICAL_ROW,5504
tbl_83c33db30c51,lrow_3c0295ea7e48,TABLE_CONTAINS_LOGICAL_ROW,5505
tbl_83c33db30c51,lrow_e3dd2d16f89a,TABLE_CONTAINS_LOGICAL_ROW,5506
tbl_83c33db30c51,lrow_c3dc8c4308be,TABLE_CONTAINS_LOGICAL_ROW,5507
tbl_83c33db30c51,lrow_24b649fff34c,TABLE_CONTAINS_LOGICAL_ROW,5508
tbl_83c33db30c51,lrow_62c4e0c5847c,TABLE_CONTAINS_LOGICAL_ROW,5509
tbl_83c33db30c51,lrow_7b4ecc77267c,TABLE_CONTAINS_LOGICAL_ROW,5510
tbl_83c33db30c51,lrow_eddf53fd971e,TABLE_CONTAINS_LOGICAL_ROW,5511
tbl_83c33db30c51,lrow_2430214556d2,TABLE_CONTAINS_LOGICAL_ROW,5512
tbl_83c33db30c51,lrow_cdbd06cde171,TABLE_CONTAINS_LOGICAL_ROW,5513
tbl_83c33db30c51,lrow_38d80afc41eb,TABLE_CONTAINS_LOGICAL_ROW,5514
tbl_83c33db30c51,lrow_482b82450657,TABLE_CONTAINS_LOGICAL_ROW,5515
tbl_83c33db30c51,lrow_eaf7c4b6660c,TABLE_CONTAINS_LOGICAL_ROW,5516
tbl_83c33db30c51,lrow_6d519d9bf70c,TABLE_CONTAINS_LOGICAL_ROW,5517
tbl_83c33db30c51,lrow_87ee56762c9c,TABLE_CONTAINS_LOGICAL_ROW,5518
tbl_83c33db30c51,lrow_a6a031cc5e41,TABLE_CONTAINS_LOGICAL_ROW,5519
tbl_83c33db30c51,lrow_61d3737a7855,TABLE_CONTAINS_LOGICAL_ROW,5520
tbl_83c33db30c51,lrow_ef257fd201cc,TABLE_CONTAINS_LOGICAL_ROW,5521
tbl_83c33db30c51,lrow_57b0a57b8684,TABLE_CONTAINS_LOGICAL_ROW,5522
tbl_83c33db30c51,lrow_0bc93ca09de3,TABLE_CONTAINS_LOGICAL_ROW,5523
tbl_83c33db30c51,lrow_6c9496e928cb,TABLE_CONTAINS_LOGICAL_ROW,5524
tbl_83c33db30c51,lrow_4a7cb31eea28,TABLE_CONTAINS_LOGICAL_ROW,5525
tbl_83c33db30c51,lrow_623bce184487,TABLE_CONTAINS_LOGICAL_ROW,5526
tbl_83c33db30c51,lrow_d83c01ed0891,TABLE_CONTAINS_LOGICAL_ROW,5527
tbl_83c33db30c51,lrow_018eba583e26,TABLE_CONTAINS_LOGICAL_ROW,5528
tbl_83c33db30c51,lrow_62411e376bff,TABLE_CONTAINS_LOGICAL_ROW,5529
tbl_83c33db30c51,lrow_069b612749e9,TABLE_CONTAINS_LOGICAL_ROW,5530
tbl_83c33db30c51,lrow_f06b3c5828f6,TABLE_CONTAINS_LOGICAL_ROW,5531
tbl_83c33db30c51,lrow_1cc050553582,TABLE_CONTAINS_LOGICAL_ROW,5532
tbl_83c33db30c51,lrow_f41041bacd20,TABLE_CONTAINS_LOGICAL_ROW,5533
tbl_83c33db30c51,lrow_c8bd8a35f3fa,TABLE_CONTAINS_LOGICAL_ROW,5534
tbl_83c33db30c51,lrow_b1386a167556,TABLE_CONTAINS_LOGICAL_ROW,5535
tbl_83c33db30c51,lrow_40af7e3baf57,TABLE_CONTAINS_LOGICAL_ROW,5536
tbl_83c33db30c51,lrow_d1eadbcf4e2a,TABLE_CONTAINS_LOGICAL_ROW,5537
tbl_83c33db30c51,lrow_a0e87ca41ad7,TABLE_CONTAINS_LOGICAL_ROW,5538
tbl_83c33db30c51,lrow_b7de7f516985,TABLE_CONTAINS_LOGICAL_ROW,5539
tbl_83c33db30c51,lrow_64ad15e1f55e,TABLE_CONTAINS_LOGICAL_ROW,5540
tbl_83c33db30c51,lrow_8891d05fcd46,TABLE_CONTAINS_LOGICAL_ROW,5541
tbl_83c33db30c51,lrow_256ad33de1aa,TABLE_CONTAINS_LOGICAL_ROW,5542
tbl_83c33db30c51,lrow_5e33c0f76979,TABLE_CONTAINS_LOGICAL_ROW,5543
tbl_83c33db30c51,lrow_e3019ff66699,TABLE_CONTAINS_LOGICAL_ROW,5544
tbl_83c33db30c51,lrow_6e4465bf94dd,TABLE_CONTAINS_LOGICAL_ROW,5545
tbl_83c33db30c51,lrow_c48e2db135cf,TABLE_CONTAINS_LOGICAL_ROW,5546
tbl_83c33db30c51,lrow_41f2014230db,TABLE_CONTAINS_LOGICAL_ROW,5547
tbl_83c33db30c51,lrow_5e5e903707a0,TABLE_CONTAINS_LOGICAL_ROW,5548
tbl_83c33db30c51,lrow_8635880cfde6,TABLE_CONTAINS_LOGICAL_ROW,5549
tbl_83c33db30c51,lrow_117418f72906,TABLE_CONTAINS_LOGICAL_ROW,5550
tbl_83c33db30c51,lrow_3d048a724e13,TABLE_CONTAINS_LOGICAL_ROW,5551
tbl_83c33db30c51,lrow_216a53da9acc,TABLE_CONTAINS_LOGICAL_ROW,5552
tbl_83c33db30c51,lrow_a89b25cec084,TABLE_CONTAINS_LOGICAL_ROW,5553
tbl_83c33db30c51,lrow_c20a581480a1,TABLE_CONTAINS_LOGICAL_ROW,5554
tbl_83c33db30c51,lrow_c17870272b1a,TABLE_CONTAINS_LOGICAL_ROW,5555
tbl_83c33db30c51,lrow_94a7a8161c78,TABLE_CONTAINS_LOGICAL_ROW,5556
tbl_83c33db30c51,lrow_8c68547a3c2d,TABLE_CONTAINS_LOGICAL_ROW,5557
tbl_83c33db30c51,lrow_e3ea9fc7aa1a,TABLE_CONTAINS_LOGICAL_ROW,5558
tbl_83c33db30c51,lrow_10ce91782adf,TABLE_CONTAINS_LOGICAL_ROW,5559
tbl_83c33db30c51,lrow_b0a0f8d9a6e2,TABLE_CONTAINS_LOGICAL_ROW,5560
tbl_83c33db30c51,lrow_52fe9a1aee8d,TABLE_CONTAINS_LOGICAL_ROW,5561
tbl_83c33db30c51,lrow_bd4b18f95409,TABLE_CONTAINS_LOGICAL_ROW,5562
tbl_83c33db30c51,lrow_b98cb36344ba,TABLE_CONTAINS_LOGICAL_ROW,5563
tbl_83c33db30c51,lrow_509a857bd226,TABLE_CONTAINS_LOGICAL_ROW,5564
tbl_83c33db30c51,lrow_f7c12d0e08b0,TABLE_CONTAINS_LOGICAL_ROW,5565
tbl_83c33db30c51,lrow_7eddbaa963a9,TABLE_CONTAINS_LOGICAL_ROW,5566
tbl_83c33db30c51,lrow_039cf8ceffb6,TABLE_CONTAINS_LOGICAL_ROW,5567
tbl_83c33db30c51,lrow_9cd4e87d16c0,TABLE_CONTAINS_LOGICAL_ROW,5568
tbl_83c33db30c51,lrow_4dfaa3375862,TABLE_CONTAINS_LOGICAL_ROW,5569
tbl_83c33db30c51,lrow_a54d9d951f3d,TABLE_CONTAINS_LOGICAL_ROW,5570
tbl_83c33db30c51,lrow_5198ae07fc3b,TABLE_CONTAINS_LOGICAL_ROW,5571
tbl_83c33db30c51,lrow_20dd97c9b13e,TABLE_CONTAINS_LOGICAL_ROW,5572
tbl_83c33db30c51,lrow_19bf0daeea77,TABLE_CONTAINS_LOGICAL_ROW,5573
tbl_83c33db30c51,lrow_dff4fe288a49,TABLE_CONTAINS_LOGICAL_ROW,5574
tbl_83c33db30c51,lrow_aac816192da5,TABLE_CONTAINS_LOGICAL_ROW,5575
tbl_83c33db30c51,lrow_7a376f91f87f,TABLE_CONTAINS_LOGICAL_ROW,5576
tbl_83c33db30c51,lrow_1a31fa1a45ff,TABLE_CONTAINS_LOGICAL_ROW,5577
tbl_83c33db30c51,lrow_4729e2884548,TABLE_CONTAINS_LOGICAL_ROW,5578
tbl_83c33db30c51,lrow_ad3f0279d7bc,TABLE_CONTAINS_LOGICAL_ROW,5579
tbl_83c33db30c51,lrow_3a146eecadc5,TABLE_CONTAINS_LOGICAL_ROW,5580
tbl_83c33db30c51,lrow_74f138dc78e2,TABLE_CONTAINS_LOGICAL_ROW,5581
tbl_83c33db30c51,lrow_d4e2a0e69d67,TABLE_CONTAINS_LOGICAL_ROW,5582
tbl_83c33db30c51,lrow_c0abf030453d,TABLE_CONTAINS_LOGICAL_ROW,5583
tbl_83c33db30c51,lrow_9903d19bbcc5,TABLE_CONTAINS_LOGICAL_ROW,5584
tbl_83c33db30c51,lrow_b53bbda691e7,TABLE_CONTAINS_LOGICAL_ROW,5585
tbl_83c33db30c51,lrow_e1ac8b64d7fa,TABLE_CONTAINS_LOGICAL_ROW,5586
tbl_83c33db30c51,lrow_9877fcf0ea7c,TABLE_CONTAINS_LOGICAL_ROW,5587
tbl_83c33db30c51,lrow_4a7208ceff05,TABLE_CONTAINS_LOGICAL_ROW,5588
tbl_83c33db30c51,lrow_f9847bda731d,TABLE_CONTAINS_LOGICAL_ROW,5589
tbl_83c33db30c51,lrow_43b35a39b484,TABLE_CONTAINS_LOGICAL_ROW,5590
tbl_83c33db30c51,lrow_d9bda004bbe8,TABLE_CONTAINS_LOGICAL_ROW,5591
tbl_83c33db30c51,lrow_21d5b60aa2ef,TABLE_CONTAINS_LOGICAL_ROW,5592
tbl_83c33db30c51,lrow_1a50368c9d6d,TABLE_CONTAINS_LOGICAL_ROW,5593
tbl_83c33db30c51,lrow_4e8ac2b1ad8e,TABLE_CONTAINS_LOGICAL_ROW,5594
tbl_83c33db30c51,lrow_9e033e2c3e15,TABLE_CONTAINS_LOGICAL_ROW,5595
tbl_83c33db30c51,lrow_8128ab682170,TABLE_CONTAINS_LOGICAL_ROW,5596
tbl_83c33db30c51,lrow_3517ade696bb,TABLE_CONTAINS_LOGICAL_ROW,5597
tbl_83c33db30c51,lrow_126932e66dcd,TABLE_CONTAINS_LOGICAL_ROW,5598
tbl_83c33db30c51,lrow_f3f702cd0b96,TABLE_CONTAINS_LOGICAL_ROW,5599
tbl_83c33db30c51,lrow_197317b32da0,TABLE_CONTAINS_LOGICAL_ROW,5600
tbl_83c33db30c51,lrow_0a3064647c99,TABLE_CONTAINS_LOGICAL_ROW,5601
tbl_83c33db30c51,lrow_6afce0f892b5,TABLE_CONTAINS_LOGICAL_ROW,5602
tbl_83c33db30c51,lrow_38d36bc912d2,TABLE_CONTAINS_LOGICAL_ROW,5603
tbl_83c33db30c51,lrow_a6faad8af73c,TABLE_CONTAINS_LOGICAL_ROW,5604
tbl_83c33db30c51,lrow_467d247133d5,TABLE_CONTAINS_LOGICAL_ROW,5605
tbl_83c33db30c51,lrow_3a725b0de857,TABLE_CONTAINS_LOGICAL_ROW,5606
tbl_83c33db30c51,lrow_3a9e33d91b99,TABLE_CONTAINS_LOGICAL_ROW,5607
tbl_83c33db30c51,lrow_a181e793955b,TABLE_CONTAINS_LOGICAL_ROW,5608
tbl_83c33db30c51,lrow_8c70c4610e95,TABLE_CONTAINS_LOGICAL_ROW,5609
tbl_83c33db30c51,lrow_35d0fdb37a84,TABLE_CONTAINS_LOGICAL_ROW,5610
tbl_83c33db30c51,lrow_f3d1b857bdfa,TABLE_CONTAINS_LOGICAL_ROW,5611
tbl_83c33db30c51,lrow_ebb9c3a3415c,TABLE_CONTAINS_LOGICAL_ROW,5612
tbl_83c33db30c51,lrow_8ef30444cdb3,TABLE_CONTAINS_LOGICAL_ROW,5613
tbl_83c33db30c51,lrow_9c5b53268e4c,TABLE_CONTAINS_LOGICAL_ROW,5614
tbl_83c33db30c51,lrow_490935a4d3b5,TABLE_CONTAINS_LOGICAL_ROW,5615
tbl_83c33db30c51,lrow_495cb0050eab,TABLE_CONTAINS_LOGICAL_ROW,5616
tbl_83c33db30c51,lrow_26ee5b0a6c96,TABLE_CONTAINS_LOGICAL_ROW,5617
tbl_83c33db30c51,lrow_06f5387de842,TABLE_CONTAINS_LOGICAL_ROW,5618
tbl_83c33db30c51,lrow_4913e08a2eaa,TABLE_CONTAINS_LOGICAL_ROW,5619
tbl_83c33db30c51,lrow_f052ab0648fd,TABLE_CONTAINS_LOGICAL_ROW,5620
tbl_83c33db30c51,lrow_853defbf1f7d,TABLE_CONTAINS_LOGICAL_ROW,5621
tbl_83c33db30c51,lrow_aee3b299ca9d,TABLE_CONTAINS_LOGICAL_ROW,5622
tbl_83c33db30c51,lrow_fd3d2858ce49,TABLE_CONTAINS_LOGICAL_ROW,5623
tbl_83c33db30c51,lrow_b57f31ea82b8,TABLE_CONTAINS_LOGICAL_ROW,5624
tbl_83c33db30c51,lrow_4223bed29566,TABLE_CONTAINS_LOGICAL_ROW,5625
tbl_83c33db30c51,lrow_f37eb2969103,TABLE_CONTAINS_LOGICAL_ROW,5626
tbl_83c33db30c51,lrow_f23e5d87eab9,TABLE_CONTAINS_LOGICAL_ROW,5627
tbl_83c33db30c51,lrow_5101074504a1,TABLE_CONTAINS_LOGICAL_ROW,5628
tbl_83c33db30c51,lrow_ac9663dafd8d,TABLE_CONTAINS_LOGICAL_ROW,5629
tbl_83c33db30c51,lrow_88d421538df6,TABLE_CONTAINS_LOGICAL_ROW,5630
tbl_83c33db30c51,lrow_4260f339d937,TABLE_CONTAINS_LOGICAL_ROW,5631
tbl_83c33db30c51,lrow_0307a59f0efb,TABLE_CONTAINS_LOGICAL_ROW,5632
tbl_83c33db30c51,lrow_a9ccce60fe91,TABLE_CONTAINS_LOGICAL_ROW,5633
tbl_83c33db30c51,lrow_dad08dcf1d31,TABLE_CONTAINS_LOGICAL_ROW,5634
tbl_83c33db30c51,lrow_c871e3dc1247,TABLE_CONTAINS_LOGICAL_ROW,5635
tbl_83c33db30c51,lrow_a2280f5d72b7,TABLE_CONTAINS_LOGICAL_ROW,5636
tbl_83c33db30c51,lrow_e952a8125f06,TABLE_CONTAINS_LOGICAL_ROW,5637
tbl_83c33db30c51,lrow_9763b999be0e,TABLE_CONTAINS_LOGICAL_ROW,5638
tbl_83c33db30c51,lrow_3d102cb98d1d,TABLE_CONTAINS_LOGICAL_ROW,5639
tbl_83c33db30c51,lrow_d8e8412710d3,TABLE_CONTAINS_LOGICAL_ROW,5640
tbl_83c33db30c51,lrow_7ca4ed6a7324,TABLE_CONTAINS_LOGICAL_ROW,5641
tbl_83c33db30c51,lrow_45fee9f8ef36,TABLE_CONTAINS_LOGICAL_ROW,5642
tbl_83c33db30c51,lrow_74f485b46e7c,TABLE_CONTAINS_LOGICAL_ROW,5643
tbl_83c33db30c51,lrow_a2569262b4fd,TABLE_CONTAINS_LOGICAL_ROW,5644
tbl_83c33db30c51,lrow_8aeefe37761c,TABLE_CONTAINS_LOGICAL_ROW,5645
tbl_83c33db30c51,lrow_379224da449a,TABLE_CONTAINS_LOGICAL_ROW,5646
tbl_83c33db30c51,lrow_bff897ec6a02,TABLE_CONTAINS_LOGICAL_ROW,5647
tbl_83c33db30c51,lrow_932f5553e3b3,TABLE_CONTAINS_LOGICAL_ROW,5648
tbl_83c33db30c51,lrow_70869bc1c9ca,TABLE_CONTAINS_LOGICAL_ROW,5649
tbl_83c33db30c51,lrow_70d0a0e6838a,TABLE_CONTAINS_LOGICAL_ROW,5650
tbl_83c33db30c51,lrow_d64fa25c778d,TABLE_CONTAINS_LOGICAL_ROW,5651
tbl_83c33db30c51,lrow_82b593cc91fe,TABLE_CONTAINS_LOGICAL_ROW,5652
tbl_83c33db30c51,lrow_d830511a456a,TABLE_CONTAINS_LOGICAL_ROW,5653
tbl_83c33db30c51,lrow_a9da0c2ab9c5,TABLE_CONTAINS_LOGICAL_ROW,5654
tbl_83c33db30c51,lrow_ae546682a1b4,TABLE_CONTAINS_LOGICAL_ROW,5655
tbl_83c33db30c51,lrow_d8950c5c9a99,TABLE_CONTAINS_LOGICAL_ROW,5656
tbl_83c33db30c51,lrow_f054f18f4daa,TABLE_CONTAINS_LOGICAL_ROW,5657
tbl_83c33db30c51,lrow_cb0133dec1d4,TABLE_CONTAINS_LOGICAL_ROW,5658
tbl_83c33db30c51,lrow_d7cffc0e0ac6,TABLE_CONTAINS_LOGICAL_ROW,5659
tbl_83c33db30c51,lrow_5ea7e3f42c16,TABLE_CONTAINS_LOGICAL_ROW,5660
tbl_83c33db30c51,lrow_4bd017b1d17f,TABLE_CONTAINS_LOGICAL_ROW,5661
tbl_83c33db30c51,lrow_7bbcd458f3fe,TABLE_CONTAINS_LOGICAL_ROW,5662
tbl_83c33db30c51,lrow_78296a9405b3,TABLE_CONTAINS_LOGICAL_ROW,5663
tbl_83c33db30c51,lrow_efaab7b128a4,TABLE_CONTAINS_LOGICAL_ROW,5664
tbl_83c33db30c51,lrow_b4cc95b296a0,TABLE_CONTAINS_LOGICAL_ROW,5665
tbl_83c33db30c51,lrow_c4b18f7eb0d7,TABLE_CONTAINS_LOGICAL_ROW,5666
tbl_83c33db30c51,lrow_3eceea104704,TABLE_CONTAINS_LOGICAL_ROW,5667
tbl_83c33db30c51,lrow_11dbae531015,TABLE_CONTAINS_LOGICAL_ROW,5668
tbl_83c33db30c51,lrow_a301903ae708,TABLE_CONTAINS_LOGICAL_ROW,5669
tbl_83c33db30c51,lrow_13f1d4f54751,TABLE_CONTAINS_LOGICAL_ROW,5670
tbl_83c33db30c51,lrow_c9ca02a2c342,TABLE_CONTAINS_LOGICAL_ROW,5671
tbl_83c33db30c51,lrow_65b62dd3c07b,TABLE_CONTAINS_LOGICAL_ROW,5672
tbl_83c33db30c51,lrow_e5d6744c56d1,TABLE_CONTAINS_LOGICAL_ROW,5673
tbl_83c33db30c51,lrow_65f52380ffcc,TABLE_CONTAINS_LOGICAL_ROW,5674
tbl_83c33db30c51,lrow_cecf406a3c8b,TABLE_CONTAINS_LOGICAL_ROW,5675
tbl_83c33db30c51,lrow_be80fcb3579e,TABLE_CONTAINS_LOGICAL_ROW,5676
tbl_83c33db30c51,lrow_22b5df9e91cc,TABLE_CONTAINS_LOGICAL_ROW,5677
tbl_83c33db30c51,lrow_9576e44ab7a0,TABLE_CONTAINS_LOGICAL_ROW,5678
tbl_83c33db30c51,lrow_140cd7584875,TABLE_CONTAINS_LOGICAL_ROW,5679
tbl_83c33db30c51,lrow_5a10bbc7b75f,TABLE_CONTAINS_LOGICAL_ROW,5680
tbl_83c33db30c51,lrow_e92ea5c5f6b2,TABLE_CONTAINS_LOGICAL_ROW,5681
tbl_83c33db30c51,lrow_3210b5d3eec9,TABLE_CONTAINS_LOGICAL_ROW,5682
tbl_83c33db30c51,lrow_bf2c2b0a8c09,TABLE_CONTAINS_LOGICAL_ROW,5683
tbl_83c33db30c51,lrow_625cbc368d78,TABLE_CONTAINS_LOGICAL_ROW,5684
tbl_83c33db30c51,lrow_84e07a978e12,TABLE_CONTAINS_LOGICAL_ROW,5685
tbl_83c33db30c51,lrow_98dc4d9f5a29,TABLE_CONTAINS_LOGICAL_ROW,5686
tbl_83c33db30c51,lrow_77473caebbf4,TABLE_CONTAINS_LOGICAL_ROW,5687
tbl_83c33db30c51,lrow_b31dd65e250e,TABLE_CONTAINS_LOGICAL_ROW,5688
tbl_83c33db30c51,lrow_ea7a31434a30,TABLE_CONTAINS_LOGICAL_ROW,5689
tbl_83c33db30c51,lrow_f823e4035df3,TABLE_CONTAINS_LOGICAL_ROW,5690
tbl_83c33db30c51,lrow_6ca7eda42405,TABLE_CONTAINS_LOGICAL_ROW,5691
tbl_83c33db30c51,lrow_d163dd854964,TABLE_CONTAINS_LOGICAL_ROW,5692
tbl_83c33db30c51,lrow_404841004951,TABLE_CONTAINS_LOGICAL_ROW,5693
tbl_83c33db30c51,lrow_f4402ce76590,TABLE_CONTAINS_LOGICAL_ROW,5694
tbl_83c33db30c51,lrow_03539a871716,TABLE_CONTAINS_LOGICAL_ROW,5695
tbl_83c33db30c51,lrow_732ecf0bfc02,TABLE_CONTAINS_LOGICAL_ROW,5696
tbl_83c33db30c51,lrow_4a74650d03cc,TABLE_CONTAINS_LOGICAL_ROW,5697
tbl_83c33db30c51,lrow_64af41ba226f,TABLE_CONTAINS_LOGICAL_ROW,5698
tbl_83c33db30c51,lrow_ae5931c5300c,TABLE_CONTAINS_LOGICAL_ROW,5699
tbl_83c33db30c51,lrow_814a7696ff36,TABLE_CONTAINS_LOGICAL_ROW,5700
tbl_83c33db30c51,lrow_3eb92fd84439,TABLE_CONTAINS_LOGICAL_ROW,5701
tbl_83c33db30c51,lrow_91e3e4ab6cee,TABLE_CONTAINS_LOGICAL_ROW,5702
tbl_83c33db30c51,lrow_ca79e856ac0a,TABLE_CONTAINS_LOGICAL_ROW,5703
tbl_83c33db30c51,lrow_6b8f83957f14,TABLE_CONTAINS_LOGICAL_ROW,5704
tbl_83c33db30c51,lrow_f8f83d6ea950,TABLE_CONTAINS_LOGICAL_ROW,5705
tbl_83c33db30c51,lrow_622ab62f9faa,TABLE_CONTAINS_LOGICAL_ROW,5706
tbl_83c33db30c51,lrow_6061bc459712,TABLE_CONTAINS_LOGICAL_ROW,5707
tbl_83c33db30c51,lrow_c9d39bea3c41,TABLE_CONTAINS_LOGICAL_ROW,5708
tbl_83c33db30c51,lrow_83c506bf8327,TABLE_CONTAINS_LOGICAL_ROW,5709
tbl_83c33db30c51,lrow_4c651fee8f58,TABLE_CONTAINS_LOGICAL_ROW,5710
tbl_83c33db30c51,lrow_723143bdf63a,TABLE_CONTAINS_LOGICAL_ROW,5711
tbl_83c33db30c51,lrow_6f5774f95d44,TABLE_CONTAINS_LOGICAL_ROW,5712
tbl_83c33db30c51,lrow_c811dfef0f3c,TABLE_CONTAINS_LOGICAL_ROW,5713
tbl_83c33db30c51,lrow_c92d4f47f666,TABLE_CONTAINS_LOGICAL_ROW,5714
tbl_83c33db30c51,lrow_7b5626d36a5e,TABLE_CONTAINS_LOGICAL_ROW,5715
tbl_83c33db30c51,lrow_5fa6db8a50f1,TABLE_CONTAINS_LOGICAL_ROW,5716
tbl_83c33db30c51,lrow_3fa6d7cf10ee,TABLE_CONTAINS_LOGICAL_ROW,5717
tbl_83c33db30c51,lrow_b5f63a804a58,TABLE_CONTAINS_LOGICAL_ROW,5718
tbl_83c33db30c51,lrow_4e89e7cba9af,TABLE_CONTAINS_LOGICAL_ROW,5719
tbl_83c33db30c51,lrow_0cabcaab3314,TABLE_CONTAINS_LOGICAL_ROW,5720
tbl_83c33db30c51,lrow_4c50bbf07e5b,TABLE_CONTAINS_LOGICAL_ROW,5721
tbl_83c33db30c51,lrow_14e1cde62939,TABLE_CONTAINS_LOGICAL_ROW,5722
tbl_83c33db30c51,lrow_5789486916cd,TABLE_CONTAINS_LOGICAL_ROW,5723
tbl_83c33db30c51,lrow_d4d182af54a2,TABLE_CONTAINS_LOGICAL_ROW,5724
tbl_83c33db30c51,lrow_5bfc0e837e24,TABLE_CONTAINS_LOGICAL_ROW,5725
tbl_83c33db30c51,lrow_32a2a2045712,TABLE_CONTAINS_LOGICAL_ROW,5726
tbl_83c33db30c51,lrow_fc191ff401bb,TABLE_CONTAINS_LOGICAL_ROW,5727
tbl_83c33db30c51,lrow_195abb53b50a,TABLE_CONTAINS_LOGICAL_ROW,5728
tbl_83c33db30c51,lrow_3be71c7dd4f3,TABLE_CONTAINS_LOGICAL_ROW,5729
tbl_83c33db30c51,lrow_0d30dbe5e81b,TABLE_CONTAINS_LOGICAL_ROW,5730
tbl_83c33db30c51,lrow_9418d4cbc6a6,TABLE_CONTAINS_LOGICAL_ROW,5731
tbl_83c33db30c51,lrow_aad9c838e1ed,TABLE_CONTAINS_LOGICAL_ROW,5732
tbl_83c33db30c51,lrow_7bfc12818da1,TABLE_CONTAINS_LOGICAL_ROW,5733
tbl_83c33db30c51,lrow_3cbe53008a29,TABLE_CONTAINS_LOGICAL_ROW,5734
tbl_83c33db30c51,lrow_46136e84324f,TABLE_CONTAINS_LOGICAL_ROW,5735
tbl_83c33db30c51,lrow_21d7c481c182,TABLE_CONTAINS_LOGICAL_ROW,5736
tbl_83c33db30c51,lrow_00fa26215113,TABLE_CONTAINS_LOGICAL_ROW,5737
tbl_83c33db30c51,lrow_162bd812bb01,TABLE_CONTAINS_LOGICAL_ROW,5738
tbl_83c33db30c51,lrow_3558f25c5ce2,TABLE_CONTAINS_LOGICAL_ROW,5739
tbl_83c33db30c51,lrow_43e6b495ee15,TABLE_CONTAINS_LOGICAL_ROW,5740
tbl_83c33db30c51,lrow_8c291448fbc5,TABLE_CONTAINS_LOGICAL_ROW,5741
tbl_83c33db30c51,lrow_fce18e6d9c3e,TABLE_CONTAINS_LOGICAL_ROW,5742
tbl_83c33db30c51,lrow_24841c14ed3f,TABLE_CONTAINS_LOGICAL_ROW,5743
tbl_83c33db30c51,lrow_ab052b8a22ec,TABLE_CONTAINS_LOGICAL_ROW,5744
tbl_83c33db30c51,lrow_9bb83025b208,TABLE_CONTAINS_LOGICAL_ROW,5745
tbl_83c33db30c51,lrow_32524f57b64a,TABLE_CONTAINS_LOGICAL_ROW,5746
tbl_83c33db30c51,lrow_12cc62f08455,TABLE_CONTAINS_LOGICAL_ROW,5747
tbl_83c33db30c51,lrow_f4aeeb35f14a,TABLE_CONTAINS_LOGICAL_ROW,5748
tbl_83c33db30c51,lrow_8939e88d69f0,TABLE_CONTAINS_LOGICAL_ROW,5749
tbl_83c33db30c51,lrow_124426b6060a,TABLE_CONTAINS_LOGICAL_ROW,5750
tbl_83c33db30c51,lrow_0cd2a54cc8ad,TABLE_CONTAINS_LOGICAL_ROW,5751
tbl_83c33db30c51,lrow_76815dd2c6e5,TABLE_CONTAINS_LOGICAL_ROW,5752
tbl_83c33db30c51,lrow_4289c3a91490,TABLE_CONTAINS_LOGICAL_ROW,5753
tbl_83c33db30c51,lrow_d64bf7056eee,TABLE_CONTAINS_LOGICAL_ROW,5754
tbl_83c33db30c51,lrow_49d99df0962c,TABLE_CONTAINS_LOGICAL_ROW,5755
tbl_83c33db30c51,lrow_240b0242b2af,TABLE_CONTAINS_LOGICAL_ROW,5756
tbl_83c33db30c51,lrow_099731a52d75,TABLE_CONTAINS_LOGICAL_ROW,5757
tbl_83c33db30c51,lrow_0b8acabeb69c,TABLE_CONTAINS_LOGICAL_ROW,5758
tbl_83c33db30c51,lrow_77fb1fd7fc52,TABLE_CONTAINS_LOGICAL_ROW,5759
tbl_83c33db30c51,lrow_85dcd43ce1d6,TABLE_CONTAINS_LOGICAL_ROW,5760
tbl_83c33db30c51,lrow_96295d5fc2a1,TABLE_CONTAINS_LOGICAL_ROW,5761
tbl_83c33db30c51,lrow_72df1a509b57,TABLE_CONTAINS_LOGICAL_ROW,5762
tbl_83c33db30c51,lrow_49c7c783a764,TABLE_CONTAINS_LOGICAL_ROW,5763
tbl_83c33db30c51,lrow_b4975a15ac58,TABLE_CONTAINS_LOGICAL_ROW,5764
tbl_83c33db30c51,lrow_98d06c3dc0ae,TABLE_CONTAINS_LOGICAL_ROW,5765
tbl_83c33db30c51,lrow_72af01655f37,TABLE_CONTAINS_LOGICAL_ROW,5766
tbl_83c33db30c51,lrow_b5db9d38cef5,TABLE_CONTAINS_LOGICAL_ROW,5767
tbl_83c33db30c51,lrow_3ca8f4a2ca90,TABLE_CONTAINS_LOGICAL_ROW,5768
tbl_83c33db30c51,lrow_49f2a36cb52e,TABLE_CONTAINS_LOGICAL_ROW,5769
tbl_83c33db30c51,lrow_447f81f70dd9,TABLE_CONTAINS_LOGICAL_ROW,5770
tbl_83c33db30c51,lrow_7d09b2547b31,TABLE_CONTAINS_LOGICAL_ROW,5771
tbl_83c33db30c51,lrow_27866509518f,TABLE_CONTAINS_LOGICAL_ROW,5772
tbl_83c33db30c51,lrow_3549e4d9395c,TABLE_CONTAINS_LOGICAL_ROW,5773
tbl_83c33db30c51,lrow_f08cecf4f8b6,TABLE_CONTAINS_LOGICAL_ROW,5774
tbl_83c33db30c51,lrow_07c184801963,TABLE_CONTAINS_LOGICAL_ROW,5775
tbl_83c33db30c51,lrow_b10d024f2fae,TABLE_CONTAINS_LOGICAL_ROW,5776
tbl_83c33db30c51,lrow_108a95187773,TABLE_CONTAINS_LOGICAL_ROW,5777
tbl_83c33db30c51,lrow_1e3bf287fd4e,TABLE_CONTAINS_LOGICAL_ROW,5778
tbl_83c33db30c51,lrow_a6f4a8acce97,TABLE_CONTAINS_LOGICAL_ROW,5779
tbl_83c33db30c51,lrow_2a6b38eeb6a7,TABLE_CONTAINS_LOGICAL_ROW,5780
tbl_83c33db30c51,lrow_bce9f95a8cc0,TABLE_CONTAINS_LOGICAL_ROW,5781
tbl_83c33db30c51,lrow_b54785c24e0b,TABLE_CONTAINS_LOGICAL_ROW,5782
tbl_83c33db30c51,lrow_c8f63f61489b,TABLE_CONTAINS_LOGICAL_ROW,5783
tbl_83c33db30c51,lrow_6bf9c6f35246,TABLE_CONTAINS_LOGICAL_ROW,5784
tbl_83c33db30c51,lrow_40942587a7df,TABLE_CONTAINS_LOGICAL_ROW,5785
tbl_83c33db30c51,lrow_38d8111f2c04,TABLE_CONTAINS_LOGICAL_ROW,5786
tbl_83c33db30c51,lrow_4548491db700,TABLE_CONTAINS_LOGICAL_ROW,5787
tbl_83c33db30c51,lrow_11e0cad1bf49,TABLE_CONTAINS_LOGICAL_ROW,5788
tbl_83c33db30c51,lrow_b211beca1816,TABLE_CONTAINS_LOGICAL_ROW,5789
tbl_83c33db30c51,lrow_ff5040b46304,TABLE_CONTAINS_LOGICAL_ROW,5790
tbl_83c33db30c51,lrow_fd25b864ccee,TABLE_CONTAINS_LOGICAL_ROW,5791
tbl_83c33db30c51,lrow_2bf713f03279,TABLE_CONTAINS_LOGICAL_ROW,5792
tbl_83c33db30c51,lrow_0048ef060adc,TABLE_CONTAINS_LOGICAL_ROW,5793
tbl_83c33db30c51,lrow_7d9130708e70,TABLE_CONTAINS_LOGICAL_ROW,5794
tbl_83c33db30c51,lrow_b8ca2c174a64,TABLE_CONTAINS_LOGICAL_ROW,5795
tbl_83c33db30c51,lrow_f95feeb34596,TABLE_CONTAINS_LOGICAL_ROW,5796
tbl_83c33db30c51,lrow_c6dd97c20b00,TABLE_CONTAINS_LOGICAL_ROW,5797
tbl_83c33db30c51,lrow_bd7c773a0c2f,TABLE_CONTAINS_LOGICAL_ROW,5798
tbl_83c33db30c51,lrow_19492230789d,TABLE_CONTAINS_LOGICAL_ROW,5799
tbl_83c33db30c51,lrow_2cfea49dbf0e,TABLE_CONTAINS_LOGICAL_ROW,5800
tbl_83c33db30c51,lrow_6b70469729ec,TABLE_CONTAINS_LOGICAL_ROW,5801
tbl_83c33db30c51,lrow_95131e83b419,TABLE_CONTAINS_LOGICAL_ROW,5802
tbl_83c33db30c51,lrow_21a1038c86e3,TABLE_CONTAINS_LOGICAL_ROW,5803
tbl_83c33db30c51,lrow_69e4f45f8b5d,TABLE_CONTAINS_LOGICAL_ROW,5804
tbl_83c33db30c51,lrow_cbf2ba3932d0,TABLE_CONTAINS_LOGICAL_ROW,5805
tbl_83c33db30c51,lrow_cc20f81108a7,TABLE_CONTAINS_LOGICAL_ROW,5806
tbl_83c33db30c51,lrow_3f8cd6977fff,TABLE_CONTAINS_LOGICAL_ROW,5807
tbl_83c33db30c51,lrow_c740b19ae77b,TABLE_CONTAINS_LOGICAL_ROW,5808
tbl_83c33db30c51,lrow_1874505267fd,TABLE_CONTAINS_LOGICAL_ROW,5809
tbl_83c33db30c51,lrow_fdc8eef81cb5,TABLE_CONTAINS_LOGICAL_ROW,5810
tbl_83c33db30c51,lrow_55e5b7483189,TABLE_CONTAINS_LOGICAL_ROW,5811
tbl_83c33db30c51,lrow_9e7e298a1bef,TABLE_CONTAINS_LOGICAL_ROW,5812
tbl_83c33db30c51,lrow_421e9a22c50f,TABLE_CONTAINS_LOGICAL_ROW,5813
tbl_83c33db30c51,lrow_eadc4776c509,TABLE_CONTAINS_LOGICAL_ROW,5814
tbl_83c33db30c51,lrow_6edfec1e4787,TABLE_CONTAINS_LOGICAL_ROW,5815
tbl_83c33db30c51,lrow_c758b185094d,TABLE_CONTAINS_LOGICAL_ROW,5816
tbl_83c33db30c51,lrow_65ba52a0f7f1,TABLE_CONTAINS_LOGICAL_ROW,5817
tbl_83c33db30c51,lrow_53ff9f6b9fcd,TABLE_CONTAINS_LOGICAL_ROW,5818
tbl_83c33db30c51,lrow_daf6e6653466,TABLE_CONTAINS_LOGICAL_ROW,5819
tbl_83c33db30c51,lrow_d0a2b16e6fa7,TABLE_CONTAINS_LOGICAL_ROW,5820
tbl_83c33db30c51,lrow_4fd58fa7934a,TABLE_CONTAINS_LOGICAL_ROW,5821
tbl_83c33db30c51,lrow_7cae494c1af9,TABLE_CONTAINS_LOGICAL_ROW,5822
tbl_83c33db30c51,lrow_872791e1b6c2,TABLE_CONTAINS_LOGICAL_ROW,5823
tbl_83c33db30c51,lrow_141672ac2f17,TABLE_CONTAINS_LOGICAL_ROW,5824
tbl_83c33db30c51,lrow_5bf97ae24827,TABLE_CONTAINS_LOGICAL_ROW,5825
tbl_83c33db30c51,lrow_f17fd0c75890,TABLE_CONTAINS_LOGICAL_ROW,5826
tbl_83c33db30c51,lrow_30290a2ec415,TABLE_CONTAINS_LOGICAL_ROW,5827
tbl_83c33db30c51,lrow_9500bb9135a1,TABLE_CONTAINS_LOGICAL_ROW,5828
tbl_83c33db30c51,lrow_550d79f2ffb8,TABLE_CONTAINS_LOGICAL_ROW,5829
tbl_83c33db30c51,lrow_cca38d2a4cf4,TABLE_CONTAINS_LOGICAL_ROW,5830
tbl_83c33db30c51,lrow_07e45ac993a5,TABLE_CONTAINS_LOGICAL_ROW,5831
tbl_83c33db30c51,lrow_926d8eaee587,TABLE_CONTAINS_LOGICAL_ROW,5832
tbl_83c33db30c51,lrow_b5587b1afbec,TABLE_CONTAINS_LOGICAL_ROW,5833
tbl_83c33db30c51,lrow_57bb74edb7fe,TABLE_CONTAINS_LOGICAL_ROW,5834
tbl_83c33db30c51,lrow_f4220e43681f,TABLE_CONTAINS_LOGICAL_ROW,5835
tbl_83c33db30c51,lrow_4fd1f76099e3,TABLE_CONTAINS_LOGICAL_ROW,5836
tbl_83c33db30c51,lrow_4e80e081cee8,TABLE_CONTAINS_LOGICAL_ROW,5837
tbl_83c33db30c51,lrow_e6991fa306e3,TABLE_CONTAINS_LOGICAL_ROW,5838
tbl_83c33db30c51,lrow_08040c78cd2c,TABLE_CONTAINS_LOGICAL_ROW,5839
tbl_83c33db30c51,lrow_e3b6f9c4ab3e,TABLE_CONTAINS_LOGICAL_ROW,5840
tbl_83c33db30c51,lrow_c05224eef690,TABLE_CONTAINS_LOGICAL_ROW,5841
tbl_83c33db30c51,lrow_ead8b0a913b0,TABLE_CONTAINS_LOGICAL_ROW,5842
tbl_83c33db30c51,lrow_b58fd5e512ba,TABLE_CONTAINS_LOGICAL_ROW,5843
tbl_83c33db30c51,lrow_57aab368bc49,TABLE_CONTAINS_LOGICAL_ROW,5844
tbl_83c33db30c51,lrow_8c2bd56daf47,TABLE_CONTAINS_LOGICAL_ROW,5845
tbl_83c33db30c51,lrow_44e951138aaa,TABLE_CONTAINS_LOGICAL_ROW,5846
tbl_83c33db30c51,lrow_5c6fd725ffff,TABLE_CONTAINS_LOGICAL_ROW,5847
tbl_83c33db30c51,lrow_14862be93127,TABLE_CONTAINS_LOGICAL_ROW,5848
tbl_83c33db30c51,lrow_f763445b0d68,TABLE_CONTAINS_LOGICAL_ROW,5849
tbl_83c33db30c51,lrow_511da558bbdc,TABLE_CONTAINS_LOGICAL_ROW,5850
tbl_83c33db30c51,lrow_5c750d8f27ea,TABLE_CONTAINS_LOGICAL_ROW,5851
tbl_83c33db30c51,lrow_30007bce060d,TABLE_CONTAINS_LOGICAL_ROW,5852
tbl_83c33db30c51,lrow_f037ccebcfe3,TABLE_CONTAINS_LOGICAL_ROW,5853
tbl_83c33db30c51,lrow_0d07217f9811,TABLE_CONTAINS_LOGICAL_ROW,5854
tbl_83c33db30c51,lrow_ba336d71a255,TABLE_CONTAINS_LOGICAL_ROW,5855
tbl_83c33db30c51,lrow_0cf01f388616,TABLE_CONTAINS_LOGICAL_ROW,5856
tbl_83c33db30c51,lrow_565ca612e384,TABLE_CONTAINS_LOGICAL_ROW,5857
tbl_83c33db30c51,lrow_2a278233dc75,TABLE_CONTAINS_LOGICAL_ROW,5858
tbl_83c33db30c51,lrow_8ab0d47cf173,TABLE_CONTAINS_LOGICAL_ROW,5859
tbl_83c33db30c51,lrow_ddac4427f6cb,TABLE_CONTAINS_LOGICAL_ROW,5860
tbl_83c33db30c51,lrow_6a27c542db66,TABLE_CONTAINS_LOGICAL_ROW,5861
tbl_83c33db30c51,lrow_2b8ab4b8881b,TABLE_CONTAINS_LOGICAL_ROW,5862
tbl_83c33db30c51,lrow_f9454f8e6beb,TABLE_CONTAINS_LOGICAL_ROW,5863
tbl_83c33db30c51,lrow_3633ec21ec52,TABLE_CONTAINS_LOGICAL_ROW,5864
tbl_83c33db30c51,lrow_2eb5795cf126,TABLE_CONTAINS_LOGICAL_ROW,5865
tbl_83c33db30c51,lrow_e124dd2b9879,TABLE_CONTAINS_LOGICAL_ROW,5866
tbl_83c33db30c51,lrow_bab8671f8336,TABLE_CONTAINS_LOGICAL_ROW,5867
tbl_83c33db30c51,lrow_1c4ed440b636,TABLE_CONTAINS_LOGICAL_ROW,5868
tbl_83c33db30c51,lrow_35d8b426b779,TABLE_CONTAINS_LOGICAL_ROW,5869
tbl_83c33db30c51,lrow_586d0ace6474,TABLE_CONTAINS_LOGICAL_ROW,5870
tbl_83c33db30c51,lrow_709eca915f44,TABLE_CONTAINS_LOGICAL_ROW,5871
tbl_83c33db30c51,lrow_7ada9a4dbb39,TABLE_CONTAINS_LOGICAL_ROW,5872
tbl_83c33db30c51,lrow_07f284ed238c,TABLE_CONTAINS_LOGICAL_ROW,5873
tbl_83c33db30c51,lrow_e5b577c3a7c5,TABLE_CONTAINS_LOGICAL_ROW,5874
tbl_83c33db30c51,lrow_cd9c291ffb72,TABLE_CONTAINS_LOGICAL_ROW,5875
tbl_83c33db30c51,lrow_b5b66a22eb8c,TABLE_CONTAINS_LOGICAL_ROW,5876
tbl_83c33db30c51,lrow_815626b0af7d,TABLE_CONTAINS_LOGICAL_ROW,5877
tbl_83c33db30c51,lrow_194e685f4984,TABLE_CONTAINS_LOGICAL_ROW,5878
tbl_83c33db30c51,lrow_3f34cb8159b8,TABLE_CONTAINS_LOGICAL_ROW,5879
tbl_83c33db30c51,lrow_7c27960f2b7f,TABLE_CONTAINS_LOGICAL_ROW,5880
tbl_83c33db30c51,lrow_6443d881540c,TABLE_CONTAINS_LOGICAL_ROW,5881
tbl_83c33db30c51,lrow_9132f73e6f7f,TABLE_CONTAINS_LOGICAL_ROW,5882
tbl_83c33db30c51,lrow_310be2c805fd,TABLE_CONTAINS_LOGICAL_ROW,5883
tbl_83c33db30c51,lrow_025139e40741,TABLE_CONTAINS_LOGICAL_ROW,5884
tbl_83c33db30c51,lrow_b79ea73d006c,TABLE_CONTAINS_LOGICAL_ROW,5885
tbl_83c33db30c51,lrow_e45ac8bb25de,TABLE_CONTAINS_LOGICAL_ROW,5886
tbl_83c33db30c51,lrow_08ba95835044,TABLE_CONTAINS_LOGICAL_ROW,5887
tbl_83c33db30c51,lrow_4edadf587253,TABLE_CONTAINS_LOGICAL_ROW,5888
tbl_83c33db30c51,lrow_c181650a256f,TABLE_CONTAINS_LOGICAL_ROW,5889
tbl_83c33db30c51,lrow_4d4302a053bd,TABLE_CONTAINS_LOGICAL_ROW,5890
tbl_83c33db30c51,lrow_f76e7476cba3,TABLE_CONTAINS_LOGICAL_ROW,5891
tbl_83c33db30c51,lrow_4d8d2c795a96,TABLE_CONTAINS_LOGICAL_ROW,5892
tbl_83c33db30c51,lrow_e66ebf9b659a,TABLE_CONTAINS_LOGICAL_ROW,5893
tbl_83c33db30c51,lrow_faac95ca80bf,TABLE_CONTAINS_LOGICAL_ROW,5894
tbl_83c33db30c51,lrow_4027232e856f,TABLE_CONTAINS_LOGICAL_ROW,5895
tbl_83c33db30c51,lrow_da5a5050f08e,TABLE_CONTAINS_LOGICAL_ROW,5896
tbl_83c33db30c51,lrow_48d1d34e861f,TABLE_CONTAINS_LOGICAL_ROW,5897
tbl_83c33db30c51,lrow_63922546e9c8,TABLE_CONTAINS_LOGICAL_ROW,5898
tbl_83c33db30c51,lrow_17d4a22eadbd,TABLE_CONTAINS_LOGICAL_ROW,5899
tbl_83c33db30c51,lrow_218b4feeece1,TABLE_CONTAINS_LOGICAL_ROW,5900
tbl_83c33db30c51,lrow_318822931667,TABLE_CONTAINS_LOGICAL_ROW,5901
tbl_83c33db30c51,lrow_fa61ccf21d36,TABLE_CONTAINS_LOGICAL_ROW,5902
tbl_83c33db30c51,lrow_6453ff5e7e49,TABLE_CONTAINS_LOGICAL_ROW,5903
tbl_83c33db30c51,lrow_fbe203584481,TABLE_CONTAINS_LOGICAL_ROW,5904
tbl_83c33db30c51,lrow_f5c6a1623d76,TABLE_CONTAINS_LOGICAL_ROW,5905
tbl_83c33db30c51,lrow_5783d5fcca06,TABLE_CONTAINS_LOGICAL_ROW,5906
tbl_83c33db30c51,lrow_595071dba410,TABLE_CONTAINS_LOGICAL_ROW,5907
tbl_83c33db30c51,lrow_4173f8760328,TABLE_CONTAINS_LOGICAL_ROW,5908
tbl_83c33db30c51,lrow_74e42fe35992,TABLE_CONTAINS_LOGICAL_ROW,5909
tbl_83c33db30c51,lrow_ecf260133c70,TABLE_CONTAINS_LOGICAL_ROW,5910
tbl_83c33db30c51,lrow_7340cc6f450b,TABLE_CONTAINS_LOGICAL_ROW,5911
tbl_83c33db30c51,lrow_00977f06f7e8,TABLE_CONTAINS_LOGICAL_ROW,5912
tbl_83c33db30c51,lrow_2716f7aa94c3,TABLE_CONTAINS_LOGICAL_ROW,5913
tbl_83c33db30c51,lrow_da20283d6b4f,TABLE_CONTAINS_LOGICAL_ROW,5914
tbl_83c33db30c51,lrow_69dff45d2103,TABLE_CONTAINS_LOGICAL_ROW,5915
tbl_83c33db30c51,lrow_94b7701201fa,TABLE_CONTAINS_LOGICAL_ROW,5916
tbl_83c33db30c51,lrow_f41a9d082190,TABLE_CONTAINS_LOGICAL_ROW,5917
tbl_83c33db30c51,lrow_00a1291432a8,TABLE_CONTAINS_LOGICAL_ROW,5918
tbl_83c33db30c51,lrow_2b8388e98919,TABLE_CONTAINS_LOGICAL_ROW,5919
tbl_83c33db30c51,lrow_efbb664b065d,TABLE_CONTAINS_LOGICAL_ROW,5920
tbl_83c33db30c51,lrow_1db45a0c70ae,TABLE_CONTAINS_LOGICAL_ROW,5921
tbl_83c33db30c51,lrow_5aea2e5deb44,TABLE_CONTAINS_LOGICAL_ROW,5922
tbl_83c33db30c51,lrow_ce4a38d8aff8,TABLE_CONTAINS_LOGICAL_ROW,5923
tbl_83c33db30c51,lrow_b80f392ad2aa,TABLE_CONTAINS_LOGICAL_ROW,5924
tbl_83c33db30c51,lrow_063548ebb894,TABLE_CONTAINS_LOGICAL_ROW,5925
tbl_83c33db30c51,lrow_8b7ef34be259,TABLE_CONTAINS_LOGICAL_ROW,5926
tbl_83c33db30c51,lrow_5621ddc98377,TABLE_CONTAINS_LOGICAL_ROW,5927
tbl_83c33db30c51,lrow_e5584974c30b,TABLE_CONTAINS_LOGICAL_ROW,5928
tbl_83c33db30c51,lrow_830a70f6a75d,TABLE_CONTAINS_LOGICAL_ROW,5929
tbl_83c33db30c51,lrow_dde27781acc9,TABLE_CONTAINS_LOGICAL_ROW,5930
tbl_83c33db30c51,lrow_5e66ba1b88a2,TABLE_CONTAINS_LOGICAL_ROW,5931
tbl_83c33db30c51,lrow_959f591fd53a,TABLE_CONTAINS_LOGICAL_ROW,5932
tbl_83c33db30c51,lrow_e68b7c6db9d9,TABLE_CONTAINS_LOGICAL_ROW,5933
tbl_83c33db30c51,lrow_f58b3c1f0527,TABLE_CONTAINS_LOGICAL_ROW,5934
tbl_83c33db30c51,lrow_a67a560bb3e7,TABLE_CONTAINS_LOGICAL_ROW,5935
tbl_83c33db30c51,lrow_75470e1db71b,TABLE_CONTAINS_LOGICAL_ROW,5936
tbl_83c33db30c51,lrow_eed7e24b15d3,TABLE_CONTAINS_LOGICAL_ROW,5937
tbl_83c33db30c51,lrow_e51ac002a816,TABLE_CONTAINS_LOGICAL_ROW,5938
tbl_83c33db30c51,lrow_57dd40451695,TABLE_CONTAINS_LOGICAL_ROW,5939
tbl_83c33db30c51,lrow_4d924de5386b,TABLE_CONTAINS_LOGICAL_ROW,5940
tbl_83c33db30c51,lrow_625716e0332c,TABLE_CONTAINS_LOGICAL_ROW,5941
tbl_83c33db30c51,lrow_cce431bac48c,TABLE_CONTAINS_LOGICAL_ROW,5942
tbl_83c33db30c51,lrow_c8a5f686f38c,TABLE_CONTAINS_LOGICAL_ROW,5943
tbl_83c33db30c51,lrow_10f946182366,TABLE_CONTAINS_LOGICAL_ROW,5944
tbl_83c33db30c51,lrow_09b11798fbed,TABLE_CONTAINS_LOGICAL_ROW,5945
tbl_83c33db30c51,lrow_f5a27e2f17f6,TABLE_CONTAINS_LOGICAL_ROW,5946
tbl_83c33db30c51,lrow_e79428a8e8f2,TABLE_CONTAINS_LOGICAL_ROW,5947
tbl_83c33db30c51,lrow_4161588b2aef,TABLE_CONTAINS_LOGICAL_ROW,5948
tbl_83c33db30c51,lrow_5aff00f3fa99,TABLE_CONTAINS_LOGICAL_ROW,5949
tbl_83c33db30c51,lrow_2301f7d060d2,TABLE_CONTAINS_LOGICAL_ROW,5950
tbl_83c33db30c51,lrow_f076a2eacaa1,TABLE_CONTAINS_LOGICAL_ROW,5951
tbl_83c33db30c51,lrow_63310548aa89,TABLE_CONTAINS_LOGICAL_ROW,5952
tbl_83c33db30c51,lrow_7e59e193e712,TABLE_CONTAINS_LOGICAL_ROW,5953
tbl_83c33db30c51,lrow_cb9bf41219e1,TABLE_CONTAINS_LOGICAL_ROW,5954
tbl_83c33db30c51,lrow_30027c7dc619,TABLE_CONTAINS_LOGICAL_ROW,5955
tbl_83c33db30c51,lrow_51e27847e3fc,TABLE_CONTAINS_LOGICAL_ROW,5956
tbl_83c33db30c51,lrow_ea593ba9a0f1,TABLE_CONTAINS_LOGICAL_ROW,5957
tbl_83c33db30c51,lrow_32b03d0bae0a,TABLE_CONTAINS_LOGICAL_ROW,5958
tbl_83c33db30c51,lrow_35f49e9687a7,TABLE_CONTAINS_LOGICAL_ROW,5959
tbl_83c33db30c51,lrow_90135974e808,TABLE_CONTAINS_LOGICAL_ROW,5960
tbl_83c33db30c51,lrow_05f9bc4a872b,TABLE_CONTAINS_LOGICAL_ROW,5961
tbl_83c33db30c51,lrow_dc9ea6bb8eef,TABLE_CONTAINS_LOGICAL_ROW,5962
tbl_83c33db30c51,lrow_694b0dfdd578,TABLE_CONTAINS_LOGICAL_ROW,5963
tbl_83c33db30c51,lrow_daa2d0372053,TABLE_CONTAINS_LOGICAL_ROW,5964
tbl_83c33db30c51,lrow_d6f3cab901be,TABLE_CONTAINS_LOGICAL_ROW,5965
tbl_83c33db30c51,lrow_63f7b599895b,TABLE_CONTAINS_LOGICAL_ROW,5966
tbl_83c33db30c51,lrow_8baa1c7cc138,TABLE_CONTAINS_LOGICAL_ROW,5967
tbl_83c33db30c51,lrow_984f654006b0,TABLE_CONTAINS_LOGICAL_ROW,5968
tbl_83c33db30c51,lrow_372beed9c86f,TABLE_CONTAINS_LOGICAL_ROW,5969
tbl_83c33db30c51,lrow_200b250e3f9b,TABLE_CONTAINS_LOGICAL_ROW,5970
tbl_83c33db30c51,lrow_b72feb857813,TABLE_CONTAINS_LOGICAL_ROW,5971
tbl_83c33db30c51,lrow_d9e9b6ebab8e,TABLE_CONTAINS_LOGICAL_ROW,5972
tbl_83c33db30c51,lrow_9fe06a387037,TABLE_CONTAINS_LOGICAL_ROW,5973
tbl_83c33db30c51,lrow_3dc3e7582117,TABLE_CONTAINS_LOGICAL_ROW,5974
tbl_83c33db30c51,lrow_fc1f173e080c,TABLE_CONTAINS_LOGICAL_ROW,5975
tbl_83c33db30c51,lrow_a77f7d3c707b,TABLE_CONTAINS_LOGICAL_ROW,5976
tbl_83c33db30c51,lrow_e08feabf042f,TABLE_CONTAINS_LOGICAL_ROW,5977
tbl_83c33db30c51,lrow_85729ee15dec,TABLE_CONTAINS_LOGICAL_ROW,5978
tbl_83c33db30c51,lrow_ff4abfeee5c8,TABLE_CONTAINS_LOGICAL_ROW,5979
tbl_83c33db30c51,lrow_2994c8f68bec,TABLE_CONTAINS_LOGICAL_ROW,5980
tbl_83c33db30c51,lrow_2f5c3b4d6e4f,TABLE_CONTAINS_LOGICAL_ROW,5981
tbl_83c33db30c51,lrow_bc9b57aa4322,TABLE_CONTAINS_LOGICAL_ROW,5982
tbl_83c33db30c51,lrow_b004740acb0a,TABLE_CONTAINS_LOGICAL_ROW,5983
tbl_83c33db30c51,lrow_78b5d8fca8e6,TABLE_CONTAINS_LOGICAL_ROW,5984
tbl_83c33db30c51,lrow_a50df156e23e,TABLE_CONTAINS_LOGICAL_ROW,5985
tbl_83c33db30c51,lrow_3d46b928cf1e,TABLE_CONTAINS_LOGICAL_ROW,5986
tbl_83c33db30c51,lrow_8648bce9e53a,TABLE_CONTAINS_LOGICAL_ROW,5987
tbl_83c33db30c51,lrow_ec03dbbb3120,TABLE_CONTAINS_LOGICAL_ROW,5988
tbl_83c33db30c51,lrow_53672a084450,TABLE_CONTAINS_LOGICAL_ROW,5989
tbl_83c33db30c51,lrow_7c8a0f501d6a,TABLE_CONTAINS_LOGICAL_ROW,5990
tbl_83c33db30c51,lrow_a13204cbaa74,TABLE_CONTAINS_LOGICAL_ROW,5991
tbl_83c33db30c51,lrow_0511e4461b89,TABLE_CONTAINS_LOGICAL_ROW,5992
tbl_83c33db30c51,lrow_5001f179add5,TABLE_CONTAINS_LOGICAL_ROW,5993
tbl_83c33db30c51,lrow_29f6b41c5102,TABLE_CONTAINS_LOGICAL_ROW,5994
tbl_83c33db30c51,lrow_679bd3d324e9,TABLE_CONTAINS_LOGICAL_ROW,5995
tbl_83c33db30c51,lrow_73e8337d31a3,TABLE_CONTAINS_LOGICAL_ROW,5996
tbl_83c33db30c51,lrow_f236a62b093f,TABLE_CONTAINS_LOGICAL_ROW,5997
tbl_83c33db30c51,lrow_51dabe62c84b,TABLE_CONTAINS_LOGICAL_ROW,5998
tbl_83c33db30c51,lrow_5cce2527a58a,TABLE_CONTAINS_LOGICAL_ROW,5999
tbl_83c33db30c51,lrow_8d91b321a82f,TABLE_CONTAINS_LOGICAL_ROW,6000
tbl_83c33db30c51,lrow_8320900afb8a,TABLE_CONTAINS_LOGICAL_ROW,6001
tbl_83c33db30c51,lrow_b8026681f655,TABLE_CONTAINS_LOGICAL_ROW,6002
tbl_83c33db30c51,lrow_94ff3ecc522f,TABLE_CONTAINS_LOGICAL_ROW,6003
tbl_83c33db30c51,lrow_a9ff37081a61,TABLE_CONTAINS_LOGICAL_ROW,6004
tbl_83c33db30c51,lrow_1b8218cb6b5b,TABLE_CONTAINS_LOGICAL_ROW,6005
tbl_83c33db30c51,lrow_4a5355763dc5,TABLE_CONTAINS_LOGICAL_ROW,6006
tbl_83c33db30c51,lrow_f814844397f9,TABLE_CONTAINS_LOGICAL_ROW,6007
tbl_83c33db30c51,lrow_3948b0ce081e,TABLE_CONTAINS_LOGICAL_ROW,6008
tbl_83c33db30c51,lrow_d86b42eab13d,TABLE_CONTAINS_LOGICAL_ROW,6009
tbl_83c33db30c51,lrow_269caf83f84b,TABLE_CONTAINS_LOGICAL_ROW,6010
tbl_83c33db30c51,lrow_ccfb85725a30,TABLE_CONTAINS_LOGICAL_ROW,6011
tbl_83c33db30c51,lrow_2bb5fe55b9c4,TABLE_CONTAINS_LOGICAL_ROW,6012
tbl_83c33db30c51,lrow_0b5743e07ecc,TABLE_CONTAINS_LOGICAL_ROW,6013
tbl_83c33db30c51,lrow_3a63b443fb49,TABLE_CONTAINS_LOGICAL_ROW,6014
tbl_83c33db30c51,lrow_1845a2543501,TABLE_CONTAINS_LOGICAL_ROW,6015
tbl_83c33db30c51,lrow_2e86cc4a9a8e,TABLE_CONTAINS_LOGICAL_ROW,6016
tbl_83c33db30c51,lrow_d122dc1c287e,TABLE_CONTAINS_LOGICAL_ROW,6017
tbl_83c33db30c51,lrow_378146fc49d6,TABLE_CONTAINS_LOGICAL_ROW,6018
tbl_83c33db30c51,lrow_91c5aa0162bc,TABLE_CONTAINS_LOGICAL_ROW,6019
tbl_83c33db30c51,lrow_269ec1ea23ed,TABLE_CONTAINS_LOGICAL_ROW,6020
tbl_83c33db30c51,lrow_98a49fb4bdc6,TABLE_CONTAINS_LOGICAL_ROW,6021
tbl_83c33db30c51,lrow_44ba43af8cf1,TABLE_CONTAINS_LOGICAL_ROW,6022
tbl_83c33db30c51,lrow_a10417a98247,TABLE_CONTAINS_LOGICAL_ROW,6023
tbl_83c33db30c51,lrow_49a90b1b045d,TABLE_CONTAINS_LOGICAL_ROW,6024
tbl_83c33db30c51,lrow_7dfddea1311b,TABLE_CONTAINS_LOGICAL_ROW,6025
tbl_83c33db30c51,lrow_9a64d11d5453,TABLE_CONTAINS_LOGICAL_ROW,6026
tbl_83c33db30c51,lrow_b4805e57db98,TABLE_CONTAINS_LOGICAL_ROW,6027
tbl_83c33db30c51,lrow_dd3338462da1,TABLE_CONTAINS_LOGICAL_ROW,6028
tbl_83c33db30c51,lrow_b3ec4f593fda,TABLE_CONTAINS_LOGICAL_ROW,6029
tbl_83c33db30c51,lrow_f18b98ebd432,TABLE_CONTAINS_LOGICAL_ROW,6030
tbl_83c33db30c51,lrow_dac1ca03cbfc,TABLE_CONTAINS_LOGICAL_ROW,6031
tbl_83c33db30c51,lrow_30a8a32d6761,TABLE_CONTAINS_LOGICAL_ROW,6032
tbl_83c33db30c51,lrow_ff757404cfdb,TABLE_CONTAINS_LOGICAL_ROW,6033
tbl_83c33db30c51,lrow_88b60a19b434,TABLE_CONTAINS_LOGICAL_ROW,6034
tbl_83c33db30c51,lrow_ccc1a60f74ba,TABLE_CONTAINS_LOGICAL_ROW,6035
tbl_83c33db30c51,lrow_1ce4168e0462,TABLE_CONTAINS_LOGICAL_ROW,6036
tbl_83c33db30c51,lrow_073f8b80651f,TABLE_CONTAINS_LOGICAL_ROW,6037
tbl_83c33db30c51,lrow_763621f3e69d,TABLE_CONTAINS_LOGICAL_ROW,6038
tbl_83c33db30c51,lrow_03fbae20aa55,TABLE_CONTAINS_LOGICAL_ROW,6039
tbl_83c33db30c51,lrow_1e31fde5c7b2,TABLE_CONTAINS_LOGICAL_ROW,6040
tbl_83c33db30c51,lrow_f105e7e53bb4,TABLE_CONTAINS_LOGICAL_ROW,6041
tbl_83c33db30c51,lrow_f281d21f4625,TABLE_CONTAINS_LOGICAL_ROW,6042
tbl_83c33db30c51,lrow_8e49128cf927,TABLE_CONTAINS_LOGICAL_ROW,6043
tbl_83c33db30c51,lrow_e8160e0ae19c,TABLE_CONTAINS_LOGICAL_ROW,6044
tbl_83c33db30c51,lrow_4d98ed018a18,TABLE_CONTAINS_LOGICAL_ROW,6045
tbl_83c33db30c51,lrow_a59897a39b7b,TABLE_CONTAINS_LOGICAL_ROW,6046
tbl_83c33db30c51,lrow_1bd46a89effc,TABLE_CONTAINS_LOGICAL_ROW,6047
tbl_83c33db30c51,lrow_cc9c503bd95c,TABLE_CONTAINS_LOGICAL_ROW,6048
tbl_83c33db30c51,lrow_8b1fd14b936c,TABLE_CONTAINS_LOGICAL_ROW,6049
tbl_83c33db30c51,lrow_cc641edbd1cd,TABLE_CONTAINS_LOGICAL_ROW,6050
tbl_83c33db30c51,lrow_062fdb2c1e42,TABLE_CONTAINS_LOGICAL_ROW,6051
tbl_83c33db30c51,lrow_7f5f61b7ba2b,TABLE_CONTAINS_LOGICAL_ROW,6052
tbl_83c33db30c51,lrow_497eefcf2f49,TABLE_CONTAINS_LOGICAL_ROW,6053
tbl_83c33db30c51,lrow_37a938b7bd73,TABLE_CONTAINS_LOGICAL_ROW,6054
tbl_83c33db30c51,lrow_c88a7d5e721b,TABLE_CONTAINS_LOGICAL_ROW,6055
tbl_83c33db30c51,lrow_3df6557bd101,TABLE_CONTAINS_LOGICAL_ROW,6056
tbl_83c33db30c51,lrow_25dd94e4a67e,TABLE_CONTAINS_LOGICAL_ROW,6057
tbl_83c33db30c51,lrow_e67545f850d8,TABLE_CONTAINS_LOGICAL_ROW,6058
tbl_83c33db30c51,lrow_615699bd0c22,TABLE_CONTAINS_LOGICAL_ROW,6059
tbl_83c33db30c51,lrow_17a262c0d372,TABLE_CONTAINS_LOGICAL_ROW,6060
tbl_83c33db30c51,lrow_921cbfe170d3,TABLE_CONTAINS_LOGICAL_ROW,6061
tbl_83c33db30c51,lrow_ea310e4802c4,TABLE_CONTAINS_LOGICAL_ROW,6062
tbl_83c33db30c51,lrow_333d82bc63e0,TABLE_CONTAINS_LOGICAL_ROW,6063
tbl_83c33db30c51,lrow_ad45375a83fb,TABLE_CONTAINS_LOGICAL_ROW,6064
tbl_83c33db30c51,lrow_dfa7cbe60c06,TABLE_CONTAINS_LOGICAL_ROW,6065
tbl_83c33db30c51,lrow_f4c4721e2d75,TABLE_CONTAINS_LOGICAL_ROW,6066
tbl_83c33db30c51,lrow_81854a0fd422,TABLE_CONTAINS_LOGICAL_ROW,6067
tbl_83c33db30c51,lrow_6dbe40325a4a,TABLE_CONTAINS_LOGICAL_ROW,6068
tbl_83c33db30c51,lrow_c2d5e3bfc09f,TABLE_CONTAINS_LOGICAL_ROW,6069
tbl_83c33db30c51,lrow_88a1f83bf8d9,TABLE_CONTAINS_LOGICAL_ROW,6070
tbl_83c33db30c51,lrow_8b5bb3f6bc22,TABLE_CONTAINS_LOGICAL_ROW,6071
tbl_83c33db30c51,lrow_f51ac25b2bfc,TABLE_CONTAINS_LOGICAL_ROW,6072
tbl_83c33db30c51,lrow_e0381897c856,TABLE_CONTAINS_LOGICAL_ROW,6073
tbl_83c33db30c51,lrow_d3cdb279c5c2,TABLE_CONTAINS_LOGICAL_ROW,6074
tbl_83c33db30c51,lrow_612d925fefa6,TABLE_CONTAINS_LOGICAL_ROW,6075
tbl_83c33db30c51,lrow_bd45fbe50197,TABLE_CONTAINS_LOGICAL_ROW,6076
tbl_83c33db30c51,lrow_b308bfdace27,TABLE_CONTAINS_LOGICAL_ROW,6077
tbl_83c33db30c51,lrow_f3f389ff6346,TABLE_CONTAINS_LOGICAL_ROW,6078
tbl_83c33db30c51,lrow_e006ac17a739,TABLE_CONTAINS_LOGICAL_ROW,6079
tbl_83c33db30c51,lrow_1a3243c43cb3,TABLE_CONTAINS_LOGICAL_ROW,6080
tbl_83c33db30c51,lrow_3339a2090c6b,TABLE_CONTAINS_LOGICAL_ROW,6081
tbl_83c33db30c51,lrow_4b10aaf0a79e,TABLE_CONTAINS_LOGICAL_ROW,6082
tbl_83c33db30c51,lrow_474f75abcb2e,TABLE_CONTAINS_LOGICAL_ROW,6083
tbl_83c33db30c51,lrow_a65673327892,TABLE_CONTAINS_LOGICAL_ROW,6084
tbl_83c33db30c51,lrow_abb26694a52b,TABLE_CONTAINS_LOGICAL_ROW,6085
tbl_83c33db30c51,lrow_8692a74fea43,TABLE_CONTAINS_LOGICAL_ROW,6086
tbl_83c33db30c51,lrow_1e498954c1a2,TABLE_CONTAINS_LOGICAL_ROW,6087
tbl_83c33db30c51,lrow_d3f624450105,TABLE_CONTAINS_LOGICAL_ROW,6088
tbl_83c33db30c51,lrow_3187e825c730,TABLE_CONTAINS_LOGICAL_ROW,6089
tbl_83c33db30c51,lrow_089eb5cad604,TABLE_CONTAINS_LOGICAL_ROW,6090
tbl_83c33db30c51,lrow_2ceacd84b686,TABLE_CONTAINS_LOGICAL_ROW,6091
tbl_83c33db30c51,lrow_2e9b8a185658,TABLE_CONTAINS_LOGICAL_ROW,6092
tbl_83c33db30c51,lrow_36bcce58a4d9,TABLE_CONTAINS_LOGICAL_ROW,6093
tbl_83c33db30c51,lrow_a0f931edcd8f,TABLE_CONTAINS_LOGICAL_ROW,6094
tbl_83c33db30c51,lrow_fc7a907b1738,TABLE_CONTAINS_LOGICAL_ROW,6095
tbl_83c33db30c51,lrow_e8a54d4ece57,TABLE_CONTAINS_LOGICAL_ROW,6096
tbl_83c33db30c51,lrow_b89444799d80,TABLE_CONTAINS_LOGICAL_ROW,6097
tbl_83c33db30c51,lrow_875512137194,TABLE_CONTAINS_LOGICAL_ROW,6098
tbl_83c33db30c51,lrow_858a0ff71beb,TABLE_CONTAINS_LOGICAL_ROW,6099
tbl_83c33db30c51,lrow_85821d188657,TABLE_CONTAINS_LOGICAL_ROW,6100
tbl_83c33db30c51,lrow_a18b23366216,TABLE_CONTAINS_LOGICAL_ROW,6101
tbl_83c33db30c51,lrow_2e2a3444bb97,TABLE_CONTAINS_LOGICAL_ROW,6102
tbl_83c33db30c51,lrow_d691c2990c72,TABLE_CONTAINS_LOGICAL_ROW,6103
tbl_83c33db30c51,lrow_66e91edef0e9,TABLE_CONTAINS_LOGICAL_ROW,6104
tbl_83c33db30c51,lrow_10f2eedae73f,TABLE_CONTAINS_LOGICAL_ROW,6105
tbl_83c33db30c51,lrow_8045cea39ef6,TABLE_CONTAINS_LOGICAL_ROW,6106
tbl_83c33db30c51,lrow_8873f1a205d4,TABLE_CONTAINS_LOGICAL_ROW,6107
tbl_83c33db30c51,lrow_8779e3317680,TABLE_CONTAINS_LOGICAL_ROW,6108
tbl_83c33db30c51,lrow_5d3ee7256416,TABLE_CONTAINS_LOGICAL_ROW,6109
tbl_83c33db30c51,lrow_275807f08c3b,TABLE_CONTAINS_LOGICAL_ROW,6110
tbl_83c33db30c51,lrow_e977dcb76e09,TABLE_CONTAINS_LOGICAL_ROW,6111
tbl_83c33db30c51,lrow_1b33ba68480f,TABLE_CONTAINS_LOGICAL_ROW,6112
tbl_83c33db30c51,lrow_f90165642ad9,TABLE_CONTAINS_LOGICAL_ROW,6113
tbl_83c33db30c51,lrow_d38aaec221eb,TABLE_CONTAINS_LOGICAL_ROW,6114
tbl_83c33db30c51,lrow_a5b86549c753,TABLE_CONTAINS_LOGICAL_ROW,6115
tbl_83c33db30c51,lrow_205d8b2192e8,TABLE_CONTAINS_LOGICAL_ROW,6116
tbl_83c33db30c51,lrow_b1a62f3a0ed4,TABLE_CONTAINS_LOGICAL_ROW,6117
tbl_83c33db30c51,lrow_0bb2bbe1c63d,TABLE_CONTAINS_LOGICAL_ROW,6118
tbl_83c33db30c51,lrow_6de76be9122f,TABLE_CONTAINS_LOGICAL_ROW,6119
tbl_83c33db30c51,lrow_ebf95a868a2a,TABLE_CONTAINS_LOGICAL_ROW,6120
tbl_83c33db30c51,lrow_89e6028285e9,TABLE_CONTAINS_LOGICAL_ROW,6121
tbl_83c33db30c51,lrow_4f8c275450ac,TABLE_CONTAINS_LOGICAL_ROW,6122
tbl_83c33db30c51,lrow_bd95fb1131e7,TABLE_CONTAINS_LOGICAL_ROW,6123
tbl_83c33db30c51,lrow_9bde5a23d572,TABLE_CONTAINS_LOGICAL_ROW,6124
tbl_83c33db30c51,lrow_c310581c3b05,TABLE_CONTAINS_LOGICAL_ROW,6125
tbl_83c33db30c51,lrow_135fbde89ae3,TABLE_CONTAINS_LOGICAL_ROW,6126
tbl_83c33db30c51,lrow_2a3138d6afac,TABLE_CONTAINS_LOGICAL_ROW,6127
tbl_83c33db30c51,lrow_c48137556dc7,TABLE_CONTAINS_LOGICAL_ROW,6128
tbl_83c33db30c51,lrow_8744f23d84b0,TABLE_CONTAINS_LOGICAL_ROW,6129
tbl_83c33db30c51,lrow_cd2e130f11a8,TABLE_CONTAINS_LOGICAL_ROW,6130
tbl_83c33db30c51,lrow_3a51b97963c6,TABLE_CONTAINS_LOGICAL_ROW,6131
tbl_83c33db30c51,lrow_d56f883c0522,TABLE_CONTAINS_LOGICAL_ROW,6132
tbl_83c33db30c51,lrow_7a92be825bab,TABLE_CONTAINS_LOGICAL_ROW,6133
tbl_83c33db30c51,lrow_31091975f73e,TABLE_CONTAINS_LOGICAL_ROW,6134
tbl_83c33db30c51,lrow_7994b48cadb2,TABLE_CONTAINS_LOGICAL_ROW,6135
tbl_83c33db30c51,lrow_dbedb80646b8,TABLE_CONTAINS_LOGICAL_ROW,6136
tbl_83c33db30c51,lrow_2c4b2c6119b5,TABLE_CONTAINS_LOGICAL_ROW,6137
tbl_83c33db30c51,lrow_722ee7e6e870,TABLE_CONTAINS_LOGICAL_ROW,6138
tbl_83c33db30c51,lrow_5bfbac408947,TABLE_CONTAINS_LOGICAL_ROW,6139
tbl_83c33db30c51,lrow_8cd640c2f140,TABLE_CONTAINS_LOGICAL_ROW,6140
tbl_83c33db30c51,lrow_d62ee72bf4df,TABLE_CONTAINS_LOGICAL_ROW,6141
tbl_83c33db30c51,lrow_a14e301d02dc,TABLE_CONTAINS_LOGICAL_ROW,6142
tbl_83c33db30c51,lrow_ebfc78bd147c,TABLE_CONTAINS_LOGICAL_ROW,6143
tbl_83c33db30c51,lrow_233d559d1c12,TABLE_CONTAINS_LOGICAL_ROW,6144
tbl_83c33db30c51,lrow_fe4a2e9d95c7,TABLE_CONTAINS_LOGICAL_ROW,6145
tbl_83c33db30c51,lrow_bcfc4dcf48df,TABLE_CONTAINS_LOGICAL_ROW,6146
tbl_83c33db30c51,lrow_f13f652adf66,TABLE_CONTAINS_LOGICAL_ROW,6147
tbl_83c33db30c51,lrow_4859c23d69e7,TABLE_CONTAINS_LOGICAL_ROW,6148
tbl_83c33db30c51,lrow_96939ac6dabb,TABLE_CONTAINS_LOGICAL_ROW,6149
tbl_83c33db30c51,lrow_9615222009ac,TABLE_CONTAINS_LOGICAL_ROW,6150
tbl_83c33db30c51,lrow_6419bdc9379b,TABLE_CONTAINS_LOGICAL_ROW,6151
tbl_83c33db30c51,lrow_9290ce58d86a,TABLE_CONTAINS_LOGICAL_ROW,6152
tbl_83c33db30c51,lrow_de031323d6cc,TABLE_CONTAINS_LOGICAL_ROW,6153
tbl_83c33db30c51,lrow_1e0589d5cd81,TABLE_CONTAINS_LOGICAL_ROW,6154
tbl_83c33db30c51,lrow_68062ea66a80,TABLE_CONTAINS_LOGICAL_ROW,6155
tbl_83c33db30c51,lrow_b1ec0c05472f,TABLE_CONTAINS_LOGICAL_ROW,6156
tbl_83c33db30c51,lrow_77a8813086cc,TABLE_CONTAINS_LOGICAL_ROW,6157
tbl_83c33db30c51,lrow_693e9618525c,TABLE_CONTAINS_LOGICAL_ROW,6158
tbl_83c33db30c51,lrow_5ff9f558a434,TABLE_CONTAINS_LOGICAL_ROW,6159
tbl_83c33db30c51,lrow_21767dc7d6a1,TABLE_CONTAINS_LOGICAL_ROW,6160
tbl_83c33db30c51,lrow_0e6b005e7508,TABLE_CONTAINS_LOGICAL_ROW,6161
tbl_83c33db30c51,lrow_98c68439f220,TABLE_CONTAINS_LOGICAL_ROW,6162
tbl_83c33db30c51,lrow_bcaf79243597,TABLE_CONTAINS_LOGICAL_ROW,6163
tbl_83c33db30c51,lrow_d608d6f506aa,TABLE_CONTAINS_LOGICAL_ROW,6164
tbl_83c33db30c51,lrow_c3d823f07302,TABLE_CONTAINS_LOGICAL_ROW,6165
tbl_83c33db30c51,lrow_55e93da437d5,TABLE_CONTAINS_LOGICAL_ROW,6166
tbl_83c33db30c51,lrow_bfa8d5e89f0a,TABLE_CONTAINS_LOGICAL_ROW,6167
tbl_83c33db30c51,lrow_bc530dc1993b,TABLE_CONTAINS_LOGICAL_ROW,6168
tbl_83c33db30c51,lrow_b83b58552c8a,TABLE_CONTAINS_LOGICAL_ROW,6169
tbl_83c33db30c51,lrow_9abf723e2e5b,TABLE_CONTAINS_LOGICAL_ROW,6170
tbl_83c33db30c51,lrow_1ae0e74f83c5,TABLE_CONTAINS_LOGICAL_ROW,6171
tbl_83c33db30c51,lrow_6a2e44ece2ff,TABLE_CONTAINS_LOGICAL_ROW,6172
tbl_83c33db30c51,lrow_ec9f667b4f9c,TABLE_CONTAINS_LOGICAL_ROW,6173
tbl_83c33db30c51,lrow_ff774ac1dfe3,TABLE_CONTAINS_LOGICAL_ROW,6174
tbl_83c33db30c51,lrow_0c65c75021bf,TABLE_CONTAINS_LOGICAL_ROW,6175
tbl_83c33db30c51,lrow_5ad6c06a7170,TABLE_CONTAINS_LOGICAL_ROW,6176
tbl_83c33db30c51,lrow_9b613efcf77d,TABLE_CONTAINS_LOGICAL_ROW,6177
tbl_83c33db30c51,lrow_66b7cd3c4b6c,TABLE_CONTAINS_LOGICAL_ROW,6178
tbl_83c33db30c51,lrow_d75c29a45bee,TABLE_CONTAINS_LOGICAL_ROW,6179
tbl_83c33db30c51,lrow_a72e01cfdc5e,TABLE_CONTAINS_LOGICAL_ROW,6180
tbl_83c33db30c51,lrow_3cc8b32ed63c,TABLE_CONTAINS_LOGICAL_ROW,6181
tbl_83c33db30c51,lrow_22884c30a405,TABLE_CONTAINS_LOGICAL_ROW,6182
tbl_83c33db30c51,lrow_4b918b35967f,TABLE_CONTAINS_LOGICAL_ROW,6183
tbl_83c33db30c51,lrow_6e2883159c92,TABLE_CONTAINS_LOGICAL_ROW,6184
tbl_83c33db30c51,lrow_00b71951b4d5,TABLE_CONTAINS_LOGICAL_ROW,6185
tbl_83c33db30c51,lrow_eeff4d72be62,TABLE_CONTAINS_LOGICAL_ROW,6186
tbl_83c33db30c51,lrow_2893d8a34269,TABLE_CONTAINS_LOGICAL_ROW,6187
tbl_83c33db30c51,lrow_7eeabd1f2d43,TABLE_CONTAINS_LOGICAL_ROW,6188
tbl_83c33db30c51,lrow_1b526fe9e792,TABLE_CONTAINS_LOGICAL_ROW,6189
tbl_83c33db30c51,lrow_2b5a02a60142,TABLE_CONTAINS_LOGICAL_ROW,6190
tbl_83c33db30c51,lrow_d989dbe1f442,TABLE_CONTAINS_LOGICAL_ROW,6191
tbl_83c33db30c51,lrow_92421b552dc4,TABLE_CONTAINS_LOGICAL_ROW,6192
tbl_83c33db30c51,lrow_991fc0c79518,TABLE_CONTAINS_LOGICAL_ROW,6193
tbl_83c33db30c51,lrow_21852f3ebe83,TABLE_CONTAINS_LOGICAL_ROW,6194
tbl_83c33db30c51,lrow_63264113b8be,TABLE_CONTAINS_LOGICAL_ROW,6195
tbl_83c33db30c51,lrow_67683de61c6e,TABLE_CONTAINS_LOGICAL_ROW,6196
tbl_83c33db30c51,lrow_1d2446b85d0c,TABLE_CONTAINS_LOGICAL_ROW,6197
tbl_83c33db30c51,lrow_9441e2298191,TABLE_CONTAINS_LOGICAL_ROW,6198
tbl_83c33db30c51,lrow_d504a1bea635,TABLE_CONTAINS_LOGICAL_ROW,6199
tbl_83c33db30c51,lrow_d2b76e7a526d,TABLE_CONTAINS_LOGICAL_ROW,6200
tbl_83c33db30c51,lrow_338bc5ffe1a7,TABLE_CONTAINS_LOGICAL_ROW,6201
tbl_83c33db30c51,lrow_da68a91a3641,TABLE_CONTAINS_LOGICAL_ROW,6202
tbl_83c33db30c51,lrow_5b5ea62ca946,TABLE_CONTAINS_LOGICAL_ROW,6203
tbl_83c33db30c51,lrow_a193b77ec2a4,TABLE_CONTAINS_LOGICAL_ROW,6204
tbl_83c33db30c51,lrow_f0261e3fed2b,TABLE_CONTAINS_LOGICAL_ROW,6205
tbl_83c33db30c51,lrow_89e542d94806,TABLE_CONTAINS_LOGICAL_ROW,6206
tbl_83c33db30c51,lrow_6229f9d48233,TABLE_CONTAINS_LOGICAL_ROW,6207
tbl_83c33db30c51,lrow_7d6cffec4f97,TABLE_CONTAINS_LOGICAL_ROW,6208
tbl_83c33db30c51,lrow_f64d3e3954e3,TABLE_CONTAINS_LOGICAL_ROW,6209
tbl_83c33db30c51,lrow_5a7a215734e3,TABLE_CONTAINS_LOGICAL_ROW,6210
tbl_83c33db30c51,lrow_43895c420ac5,TABLE_CONTAINS_LOGICAL_ROW,6211
tbl_83c33db30c51,lrow_162a83f4e723,TABLE_CONTAINS_LOGICAL_ROW,6212
tbl_83c33db30c51,lrow_a91eb0e8532c,TABLE_CONTAINS_LOGICAL_ROW,6213
tbl_83c33db30c51,lrow_43fd6a8de6ec,TABLE_CONTAINS_LOGICAL_ROW,6214
tbl_83c33db30c51,lrow_c9275c924ec5,TABLE_CONTAINS_LOGICAL_ROW,6215
tbl_83c33db30c51,lrow_df02288c8b21,TABLE_CONTAINS_LOGICAL_ROW,6216
tbl_83c33db30c51,lrow_375119a4e3ec,TABLE_CONTAINS_LOGICAL_ROW,6217
tbl_83c33db30c51,lrow_dfdf8c12e2a9,TABLE_CONTAINS_LOGICAL_ROW,6218
tbl_83c33db30c51,lrow_6aec2832c334,TABLE_CONTAINS_LOGICAL_ROW,6219
tbl_83c33db30c51,lrow_281d35b6ea58,TABLE_CONTAINS_LOGICAL_ROW,6220
tbl_83c33db30c51,lrow_33cb83ecf7b6,TABLE_CONTAINS_LOGICAL_ROW,6221
tbl_83c33db30c51,lrow_2e8a6774748c,TABLE_CONTAINS_LOGICAL_ROW,6222
tbl_83c33db30c51,lrow_8a5a2c701ccc,TABLE_CONTAINS_LOGICAL_ROW,6223
tbl_83c33db30c51,lrow_350ff8d1fe92,TABLE_CONTAINS_LOGICAL_ROW,6224
tbl_83c33db30c51,lrow_f0dbfa341b4a,TABLE_CONTAINS_LOGICAL_ROW,6225
tbl_83c33db30c51,lrow_ece6cf0c3b5d,TABLE_CONTAINS_LOGICAL_ROW,6226
tbl_83c33db30c51,lrow_2b4cab07ad42,TABLE_CONTAINS_LOGICAL_ROW,6227
tbl_83c33db30c51,lrow_21b9b8a4d683,TABLE_CONTAINS_LOGICAL_ROW,6228
tbl_83c33db30c51,lrow_6ec567553902,TABLE_CONTAINS_LOGICAL_ROW,6229
tbl_83c33db30c51,lrow_42f748a55520,TABLE_CONTAINS_LOGICAL_ROW,6230
tbl_83c33db30c51,lrow_50369044eb8b,TABLE_CONTAINS_LOGICAL_ROW,6231
tbl_83c33db30c51,lrow_cb8b695150c0,TABLE_CONTAINS_LOGICAL_ROW,6232
tbl_83c33db30c51,lrow_57df5cec3644,TABLE_CONTAINS_LOGICAL_ROW,6233
tbl_83c33db30c51,lrow_0d46efef0830,TABLE_CONTAINS_LOGICAL_ROW,6234
tbl_83c33db30c51,lrow_0ff684a88cbd,TABLE_CONTAINS_LOGICAL_ROW,6235
tbl_83c33db30c51,lrow_200446ddd4de,TABLE_CONTAINS_LOGICAL_ROW,6236
tbl_83c33db30c51,lrow_5ce8e72a354c,TABLE_CONTAINS_LOGICAL_ROW,6237
tbl_83c33db30c51,lrow_61e62fd7a85c,TABLE_CONTAINS_LOGICAL_ROW,6238
tbl_83c33db30c51,lrow_443c88fb0fb5,TABLE_CONTAINS_LOGICAL_ROW,6239
tbl_83c33db30c51,lrow_96c14d9c2758,TABLE_CONTAINS_LOGICAL_ROW,6240
tbl_83c33db30c51,lrow_5359b6e8fa3b,TABLE_CONTAINS_LOGICAL_ROW,6241
tbl_83c33db30c51,lrow_125053bc160a,TABLE_CONTAINS_LOGICAL_ROW,6242
tbl_83c33db30c51,lrow_64495d4d2de6,TABLE_CONTAINS_LOGICAL_ROW,6243
tbl_83c33db30c51,lrow_9d4737d8c88f,TABLE_CONTAINS_LOGICAL_ROW,6244
tbl_83c33db30c51,lrow_92fffe75a290,TABLE_CONTAINS_LOGICAL_ROW,6245
tbl_83c33db30c51,lrow_512ef9254840,TABLE_CONTAINS_LOGICAL_ROW,6246
tbl_83c33db30c51,lrow_29f88a19a5ae,TABLE_CONTAINS_LOGICAL_ROW,6247
tbl_83c33db30c51,lrow_aa4e2059e392,TABLE_CONTAINS_LOGICAL_ROW,6248
tbl_83c33db30c51,lrow_f377224957d5,TABLE_CONTAINS_LOGICAL_ROW,6249
tbl_83c33db30c51,lrow_2377279287cc,TABLE_CONTAINS_LOGICAL_ROW,6250
tbl_83c33db30c51,lrow_9206b190eb7f,TABLE_CONTAINS_LOGICAL_ROW,6251
tbl_83c33db30c51,lrow_132950ea2a4b,TABLE_CONTAINS_LOGICAL_ROW,6252
tbl_83c33db30c51,lrow_c0cd4e8b7f36,TABLE_CONTAINS_LOGICAL_ROW,6253
tbl_83c33db30c51,lrow_0971b648e20f,TABLE_CONTAINS_LOGICAL_ROW,6254
tbl_83c33db30c51,lrow_a9c2902ed23a,TABLE_CONTAINS_LOGICAL_ROW,6255
tbl_83c33db30c51,lrow_e6abb7615991,TABLE_CONTAINS_LOGICAL_ROW,6256
tbl_83c33db30c51,lrow_359157442dee,TABLE_CONTAINS_LOGICAL_ROW,6257
tbl_83c33db30c51,lrow_f8023b755642,TABLE_CONTAINS_LOGICAL_ROW,6258
tbl_83c33db30c51,lrow_cc5163a331be,TABLE_CONTAINS_LOGICAL_ROW,6259
tbl_83c33db30c51,lrow_824cd8db0838,TABLE_CONTAINS_LOGICAL_ROW,6260
tbl_83c33db30c51,lrow_2f21c197c96e,TABLE_CONTAINS_LOGICAL_ROW,6261
tbl_83c33db30c51,lrow_1c1726c67f1e,TABLE_CONTAINS_LOGICAL_ROW,6262
tbl_83c33db30c51,lrow_719824f993a1,TABLE_CONTAINS_LOGICAL_ROW,6263
tbl_83c33db30c51,lrow_3a6291213777,TABLE_CONTAINS_LOGICAL_ROW,6264
tbl_83c33db30c51,lrow_ce090b43a3a8,TABLE_CONTAINS_LOGICAL_ROW,6265
tbl_83c33db30c51,lrow_6556335b4bd7,TABLE_CONTAINS_LOGICAL_ROW,6266
tbl_83c33db30c51,lrow_b89e30f6ea95,TABLE_CONTAINS_LOGICAL_ROW,6267
tbl_83c33db30c51,lrow_d8eea1aace26,TABLE_CONTAINS_LOGICAL_ROW,6268
tbl_83c33db30c51,lrow_88c5630d675c,TABLE_CONTAINS_LOGICAL_ROW,6269
tbl_83c33db30c51,lrow_1d53e63e7c5e,TABLE_CONTAINS_LOGICAL_ROW,6270
tbl_83c33db30c51,lrow_d8fb254e1d60,TABLE_CONTAINS_LOGICAL_ROW,6271
tbl_83c33db30c51,lrow_ac8d2943f7a9,TABLE_CONTAINS_LOGICAL_ROW,6272
tbl_83c33db30c51,lrow_ab503b44b486,TABLE_CONTAINS_LOGICAL_ROW,6273
tbl_83c33db30c51,lrow_835d65673d49,TABLE_CONTAINS_LOGICAL_ROW,6274
tbl_83c33db30c51,lrow_cf4954d65ef1,TABLE_CONTAINS_LOGICAL_ROW,6275
tbl_83c33db30c51,lrow_6dba274370db,TABLE_CONTAINS_LOGICAL_ROW,6276
tbl_83c33db30c51,lrow_365b48e27b9f,TABLE_CONTAINS_LOGICAL_ROW,6277
tbl_83c33db30c51,lrow_5c96b92deee8,TABLE_CONTAINS_LOGICAL_ROW,6278
tbl_83c33db30c51,lrow_dcf329c921b9,TABLE_CONTAINS_LOGICAL_ROW,6279
tbl_83c33db30c51,lrow_03d6b07efefd,TABLE_CONTAINS_LOGICAL_ROW,6280
tbl_83c33db30c51,lrow_4ad6ca93dcc9,TABLE_CONTAINS_LOGICAL_ROW,6281
tbl_83c33db30c51,lrow_93aef39aa2b0,TABLE_CONTAINS_LOGICAL_ROW,6282
tbl_83c33db30c51,lrow_901aca56b28c,TABLE_CONTAINS_LOGICAL_ROW,6283
tbl_83c33db30c51,lrow_06ce08673391,TABLE_CONTAINS_LOGICAL_ROW,6284
tbl_83c33db30c51,lrow_f1dff3728909,TABLE_CONTAINS_LOGICAL_ROW,6285
tbl_83c33db30c51,lrow_ce5f0aede1cb,TABLE_CONTAINS_LOGICAL_ROW,6286
tbl_83c33db30c51,lrow_e54e9528ad47,TABLE_CONTAINS_LOGICAL_ROW,6287
tbl_83c33db30c51,lrow_42486d4fa4b4,TABLE_CONTAINS_LOGICAL_ROW,6288
tbl_83c33db30c51,lrow_db781d07b715,TABLE_CONTAINS_LOGICAL_ROW,6289
tbl_83c33db30c51,lrow_59eb9d4bda96,TABLE_CONTAINS_LOGICAL_ROW,6290
tbl_83c33db30c51,lrow_ad832f195d3d,TABLE_CONTAINS_LOGICAL_ROW,6291
tbl_83c33db30c51,lrow_fd0459a77d8b,TABLE_CONTAINS_LOGICAL_ROW,6292
tbl_83c33db30c51,lrow_3989cf456258,TABLE_CONTAINS_LOGICAL_ROW,6293
tbl_83dd856c2889,lrow_0f9943fdc54d,TABLE_CONTAINS_LOGICAL_ROW,6294
tbl_83dd856c2889,lrow_ad5ea1df7413,TABLE_CONTAINS_LOGICAL_ROW,6295
tbl_83dd856c2889,lrow_48c6aba8350a,TABLE_CONTAINS_LOGICAL_ROW,6296
tbl_83dd856c2889,lrow_d877312bac2b,TABLE_CONTAINS_LOGICAL_ROW,6297
tbl_84146dc9eaa6,lrow_542bb809b2b6,TABLE_CONTAINS_LOGICAL_ROW,6298
tbl_84146dc9eaa6,lrow_a57ddbd93d07,TABLE_CONTAINS_LOGICAL_ROW,6299
tbl_84c9995553c0,lrow_eb4313326bf1,TABLE_CONTAINS_LOGICAL_ROW,6300
tbl_84c9995553c0,lrow_fd46b787e5a7,TABLE_CONTAINS_LOGICAL_ROW,6301
tbl_84c9995553c0,lrow_0de06c289775,TABLE_CONTAINS_LOGICAL_ROW,6302
tbl_8576ab0043a3,lrow_05d2f53fbae2,TABLE_CONTAINS_LOGICAL_ROW,6303
tbl_8576ab0043a3,lrow_d7de97ab9b08,TABLE_CONTAINS_LOGICAL_ROW,6304
tbl_8576ab0043a3,lrow_f1a64163682e,TABLE_CONTAINS_LOGICAL_ROW,6305
tbl_8576ab0043a3,lrow_2ea4dcf9f5fe,TABLE_CONTAINS_LOGICAL_ROW,6306
tbl_8576ab0043a3,lrow_ccf1b9442d19,TABLE_CONTAINS_LOGICAL_ROW,6307
tbl_8576ab0043a3,lrow_50eff6105b0a,TABLE_CONTAINS_LOGICAL_ROW,6308
tbl_8576ab0043a3,lrow_79d3fa0203e4,TABLE_CONTAINS_LOGICAL_ROW,6309
tbl_8576ab0043a3,lrow_4d0d1c91afa9,TABLE_CONTAINS_LOGICAL_ROW,6310
tbl_8597137cc659,lrow_18078716e5fa,TABLE_CONTAINS_LOGICAL_ROW,6311
tbl_8597137cc659,lrow_4119a2772b3a,TABLE_CONTAINS_LOGICAL_ROW,6312
tbl_8597137cc659,lrow_e3e7c4296453,TABLE_CONTAINS_LOGICAL_ROW,6313
tbl_8597137cc659,lrow_579f2f9739b0,TABLE_CONTAINS_LOGICAL_ROW,6314
tbl_8597137cc659,lrow_4b8ffd608c7e,TABLE_CONTAINS_LOGICAL_ROW,6315
tbl_85a236844425,lrow_523f791ffa28,TABLE_CONTAINS_LOGICAL_ROW,6316
tbl_85a236844425,lrow_19c59b10264c,TABLE_CONTAINS_LOGICAL_ROW,6317
tbl_877eede765b8,lrow_f30c0243c1b7,TABLE_CONTAINS_LOGICAL_ROW,6318
tbl_877eede765b8,lrow_8112f4cff4e8,TABLE_CONTAINS_LOGICAL_ROW,6319
tbl_877eede765b8,lrow_1624fb49f62b,TABLE_CONTAINS_LOGICAL_ROW,6320
tbl_88dd5902f034,lrow_fa022c63ef81,TABLE_CONTAINS_LOGICAL_ROW,6321
tbl_88f493447973,lrow_91cf19d00c5d,TABLE_CONTAINS_LOGICAL_ROW,6322
tbl_88f493447973,lrow_2dd6865106ed,TABLE_CONTAINS_LOGICAL_ROW,6323
tbl_88f493447973,lrow_b55f49ad3d31,TABLE_CONTAINS_LOGICAL_ROW,6324
tbl_88f493447973,lrow_ae23a9d45a87,TABLE_CONTAINS_LOGICAL_ROW,6325
tbl_88f493447973,lrow_c0b52ef04a79,TABLE_CONTAINS_LOGICAL_ROW,6326
tbl_8938a044f557,lrow_4460bd20c260,TABLE_CONTAINS_LOGICAL_ROW,6327
tbl_8938a044f557,lrow_0f68edbca6e0,TABLE_CONTAINS_LOGICAL_ROW,6328
tbl_8938a044f557,lrow_29a0530837c1,TABLE_CONTAINS_LOGICAL_ROW,6329
tbl_8938a044f557,lrow_16776cc5ad80,TABLE_CONTAINS_LOGICAL_ROW,6330
tbl_8938a044f557,lrow_a157edc6ec05,TABLE_CONTAINS_LOGICAL_ROW,6331
tbl_8938a044f557,lrow_89c8db2b3b95,TABLE_CONTAINS_LOGICAL_ROW,6332
tbl_8938a044f557,lrow_9a390d023409,TABLE_CONTAINS_LOGICAL_ROW,6333
tbl_8938a044f557,lrow_1e75dba6106d,TABLE_CONTAINS_LOGICAL_ROW,6334
tbl_8938a044f557,lrow_635b9406e6a9,TABLE_CONTAINS_LOGICAL_ROW,6335
tbl_8938a044f557,lrow_a8921a2d880f,TABLE_CONTAINS_LOGICAL_ROW,6336
tbl_8938a044f557,lrow_6e2d9bff7944,TABLE_CONTAINS_LOGICAL_ROW,6337
tbl_8938a044f557,lrow_3bb0a4fb7da5,TABLE_CONTAINS_LOGICAL_ROW,6338
tbl_8938a044f557,lrow_7041135a33d0,TABLE_CONTAINS_LOGICAL_ROW,6339
tbl_8938a044f557,lrow_3be3d4710dc7,TABLE_CONTAINS_LOGICAL_ROW,6340
tbl_8938a044f557,lrow_e69288239947,TABLE_CONTAINS_LOGICAL_ROW,6341
tbl_8938a044f557,lrow_dbf9a308dbd0,TABLE_CONTAINS_LOGICAL_ROW,6342
tbl_8938a044f557,lrow_a2a845c98e57,TABLE_CONTAINS_LOGICAL_ROW,6343
tbl_8938a044f557,lrow_9336855a014f,TABLE_CONTAINS_LOGICAL_ROW,6344
tbl_8938a044f557,lrow_bd330ed4f6b0,TABLE_CONTAINS_LOGICAL_ROW,6345
tbl_8938a044f557,lrow_e0582b00269e,TABLE_CONTAINS_LOGICAL_ROW,6346
tbl_8938a044f557,lrow_9bfe87107380,TABLE_CONTAINS_LOGICAL_ROW,6347
tbl_8938a044f557,lrow_afea04bb7ad5,TABLE_CONTAINS_LOGICAL_ROW,6348
tbl_8938a044f557,lrow_81f92644a4d9,TABLE_CONTAINS_LOGICAL_ROW,6349
tbl_8938a044f557,lrow_07d50c5e731b,TABLE_CONTAINS_LOGICAL_ROW,6350
tbl_8938a044f557,lrow_ec557a34e047,TABLE_CONTAINS_LOGICAL_ROW,6351
tbl_8938a044f557,lrow_44647baa3217,TABLE_CONTAINS_LOGICAL_ROW,6352
tbl_8938a044f557,lrow_fb919f7d4718,TABLE_CONTAINS_LOGICAL_ROW,6353
tbl_8938a044f557,lrow_fe5f117b097f,TABLE_CONTAINS_LOGICAL_ROW,6354
tbl_8938a044f557,lrow_8f1df7371cef,TABLE_CONTAINS_LOGICAL_ROW,6355
tbl_8938a044f557,lrow_fe09b22a7b68,TABLE_CONTAINS_LOGICAL_ROW,6356
tbl_8938a044f557,lrow_5cb47763551a,TABLE_CONTAINS_LOGICAL_ROW,6357
tbl_8938a044f557,lrow_2c990018cfd2,TABLE_CONTAINS_LOGICAL_ROW,6358
tbl_8938a044f557,lrow_5bb8d1c110e9,TABLE_CONTAINS_LOGICAL_ROW,6359
tbl_8938a044f557,lrow_555fba828bf3,TABLE_CONTAINS_LOGICAL_ROW,6360
tbl_8938a044f557,lrow_5ebc28c38d21,TABLE_CONTAINS_LOGICAL_ROW,6361
tbl_8938a044f557,lrow_006ae32d1e05,TABLE_CONTAINS_LOGICAL_ROW,6362
tbl_8938a044f557,lrow_62ab0f9d6c59,TABLE_CONTAINS_LOGICAL_ROW,6363
tbl_8938a044f557,lrow_fcba17ff05c5,TABLE_CONTAINS_LOGICAL_ROW,6364
tbl_8938a044f557,lrow_2fe6c4061106,TABLE_CONTAINS_LOGICAL_ROW,6365
tbl_8938a044f557,lrow_cd8c7da794e9,TABLE_CONTAINS_LOGICAL_ROW,6366
tbl_8938a044f557,lrow_6537f0e0f22f,TABLE_CONTAINS_LOGICAL_ROW,6367
tbl_8938a044f557,lrow_124629b757c9,TABLE_CONTAINS_LOGICAL_ROW,6368
tbl_8938a044f557,lrow_8097a4cb30dd,TABLE_CONTAINS_LOGICAL_ROW,6369
tbl_8938a044f557,lrow_d3490887c959,TABLE_CONTAINS_LOGICAL_ROW,6370
tbl_8938a044f557,lrow_a2ef0edd77dc,TABLE_CONTAINS_LOGICAL_ROW,6371
tbl_8938a044f557,lrow_6df6204fa54e,TABLE_CONTAINS_LOGICAL_ROW,6372
tbl_8938a044f557,lrow_0858eb6eee31,TABLE_CONTAINS_LOGICAL_ROW,6373
tbl_8938a044f557,lrow_636f4c91acb5,TABLE_CONTAINS_LOGICAL_ROW,6374
tbl_8938a044f557,lrow_ad5c4a9c0fb1,TABLE_CONTAINS_LOGICAL_ROW,6375
tbl_8938a044f557,lrow_d5096272f52b,TABLE_CONTAINS_LOGICAL_ROW,6376
tbl_8938a044f557,lrow_47b07202b114,TABLE_CONTAINS_LOGICAL_ROW,6377
tbl_8938a044f557,lrow_e6e08f690e8c,TABLE_CONTAINS_LOGICAL_ROW,6378
tbl_8938a044f557,lrow_1f0519e7e89c,TABLE_CONTAINS_LOGICAL_ROW,6379
tbl_8938a044f557,lrow_0f038f044cd8,TABLE_CONTAINS_LOGICAL_ROW,6380
tbl_8938a044f557,lrow_cefc0b843123,TABLE_CONTAINS_LOGICAL_ROW,6381
tbl_8938a044f557,lrow_3414ea3993c8,TABLE_CONTAINS_LOGICAL_ROW,6382
tbl_8938a044f557,lrow_305a6f428328,TABLE_CONTAINS_LOGICAL_ROW,6383
tbl_8938a044f557,lrow_58d9fd89c407,TABLE_CONTAINS_LOGICAL_ROW,6384
tbl_8938a044f557,lrow_1d85d742ac4d,TABLE_CONTAINS_LOGICAL_ROW,6385
tbl_8938a044f557,lrow_368f4d340c0d,TABLE_CONTAINS_LOGICAL_ROW,6386
tbl_8938a044f557,lrow_25803a2fbf26,TABLE_CONTAINS_LOGICAL_ROW,6387
tbl_8938a044f557,lrow_44738e478c4e,TABLE_CONTAINS_LOGICAL_ROW,6388
tbl_8938a044f557,lrow_73176f36c0e0,TABLE_CONTAINS_LOGICAL_ROW,6389
tbl_8938a044f557,lrow_02eb50d0df70,TABLE_CONTAINS_LOGICAL_ROW,6390
tbl_8938a044f557,lrow_75138e32e8ea,TABLE_CONTAINS_LOGICAL_ROW,6391
tbl_8938a044f557,lrow_552cf7aa8c78,TABLE_CONTAINS_LOGICAL_ROW,6392
tbl_8938a044f557,lrow_908fa281d091,TABLE_CONTAINS_LOGICAL_ROW,6393
tbl_8938a044f557,lrow_64853332c898,TABLE_CONTAINS_LOGICAL_ROW,6394
tbl_8938a044f557,lrow_c8b5fc420491,TABLE_CONTAINS_LOGICAL_ROW,6395
tbl_8938a044f557,lrow_b830bea2d9e7,TABLE_CONTAINS_LOGICAL_ROW,6396
tbl_8938a044f557,lrow_c85616192803,TABLE_CONTAINS_LOGICAL_ROW,6397
tbl_8938a044f557,lrow_aa573a0f7f52,TABLE_CONTAINS_LOGICAL_ROW,6398
tbl_8938a044f557,lrow_e22c17b9695e,TABLE_CONTAINS_LOGICAL_ROW,6399
tbl_8938a044f557,lrow_97b2c2b9634b,TABLE_CONTAINS_LOGICAL_ROW,6400
tbl_8938a044f557,lrow_3eb4bc6e3f1f,TABLE_CONTAINS_LOGICAL_ROW,6401
tbl_8938a044f557,lrow_5a8c808ddf9d,TABLE_CONTAINS_LOGICAL_ROW,6402
tbl_8938a044f557,lrow_4424f9df1ab7,TABLE_CONTAINS_LOGICAL_ROW,6403
tbl_8938a044f557,lrow_0e7fab694880,TABLE_CONTAINS_LOGICAL_ROW,6404
tbl_8938a044f557,lrow_190ac424e678,TABLE_CONTAINS_LOGICAL_ROW,6405
tbl_8938a044f557,lrow_6780987b0846,TABLE_CONTAINS_LOGICAL_ROW,6406
tbl_8938a044f557,lrow_4d7c861cfb4d,TABLE_CONTAINS_LOGICAL_ROW,6407
tbl_8938a044f557,lrow_8e895c5495d0,TABLE_CONTAINS_LOGICAL_ROW,6408
tbl_8938a044f557,lrow_a49cfd6fb8ca,TABLE_CONTAINS_LOGICAL_ROW,6409
tbl_8938a044f557,lrow_01986774f8b3,TABLE_CONTAINS_LOGICAL_ROW,6410
tbl_8938a044f557,lrow_ddf90bd69cc5,TABLE_CONTAINS_LOGICAL_ROW,6411
tbl_8938a044f557,lrow_276fe9a531b7,TABLE_CONTAINS_LOGICAL_ROW,6412
tbl_8938a044f557,lrow_02b8fefef1f5,TABLE_CONTAINS_LOGICAL_ROW,6413
tbl_8938a044f557,lrow_2cab44d3648b,TABLE_CONTAINS_LOGICAL_ROW,6414
tbl_8938a044f557,lrow_41895abfb3ae,TABLE_CONTAINS_LOGICAL_ROW,6415
tbl_8938a044f557,lrow_89216ef51d00,TABLE_CONTAINS_LOGICAL_ROW,6416
tbl_8938a044f557,lrow_4b16f0250acb,TABLE_CONTAINS_LOGICAL_ROW,6417
tbl_8938a044f557,lrow_140032c9b257,TABLE_CONTAINS_LOGICAL_ROW,6418
tbl_8938a044f557,lrow_0a702fdc0a66,TABLE_CONTAINS_LOGICAL_ROW,6419
tbl_8938a044f557,lrow_337740af6a6a,TABLE_CONTAINS_LOGICAL_ROW,6420
tbl_8938a044f557,lrow_4570e88d6b1f,TABLE_CONTAINS_LOGICAL_ROW,6421
tbl_8938a044f557,lrow_cef86317b9ab,TABLE_CONTAINS_LOGICAL_ROW,6422
tbl_8938a044f557,lrow_84933c20da81,TABLE_CONTAINS_LOGICAL_ROW,6423
tbl_8938a044f557,lrow_6eff27e3ecc3,TABLE_CONTAINS_LOGICAL_ROW,6424
tbl_8938a044f557,lrow_d4a39ece38c7,TABLE_CONTAINS_LOGICAL_ROW,6425
tbl_8938a044f557,lrow_9fcb96b4d4c5,TABLE_CONTAINS_LOGICAL_ROW,6426
tbl_8938a044f557,lrow_d53ff423fca6,TABLE_CONTAINS_LOGICAL_ROW,6427
tbl_8938a044f557,lrow_a38a47c8d374,TABLE_CONTAINS_LOGICAL_ROW,6428
tbl_8938a044f557,lrow_50d7c60a419e,TABLE_CONTAINS_LOGICAL_ROW,6429
tbl_8938a044f557,lrow_64422c7d88de,TABLE_CONTAINS_LOGICAL_ROW,6430
tbl_8938a044f557,lrow_882d3c7dbe36,TABLE_CONTAINS_LOGICAL_ROW,6431
tbl_8938a044f557,lrow_9c5b436d2e74,TABLE_CONTAINS_LOGICAL_ROW,6432
tbl_8938a044f557,lrow_b39fdf189f45,TABLE_CONTAINS_LOGICAL_ROW,6433
tbl_8938a044f557,lrow_e57c84541e8a,TABLE_CONTAINS_LOGICAL_ROW,6434
tbl_8938a044f557,lrow_62d852a7adb8,TABLE_CONTAINS_LOGICAL_ROW,6435
tbl_8938a044f557,lrow_64cc6ad15bb5,TABLE_CONTAINS_LOGICAL_ROW,6436
tbl_8938a044f557,lrow_b0214db6f553,TABLE_CONTAINS_LOGICAL_ROW,6437
tbl_8a07cfd79534,lrow_63498b951a73,TABLE_CONTAINS_LOGICAL_ROW,6438
tbl_8a07cfd79534,lrow_ee1105656997,TABLE_CONTAINS_LOGICAL_ROW,6439
tbl_8a07cfd79534,lrow_f7bf9075cdcd,TABLE_CONTAINS_LOGICAL_ROW,6440
tbl_8a07cfd79534,lrow_feb51c9597c5,TABLE_CONTAINS_LOGICAL_ROW,6441
tbl_8b830c26929e,lrow_00db0708c736,TABLE_CONTAINS_LOGICAL_ROW,6442
tbl_8b830c26929e,lrow_1889a254827d,TABLE_CONTAINS_LOGICAL_ROW,6443
tbl_8b830c26929e,lrow_9937d1508225,TABLE_CONTAINS_LOGICAL_ROW,6444
tbl_8b830c26929e,lrow_1fd1b835d1f6,TABLE_CONTAINS_LOGICAL_ROW,6445
tbl_8cde276b1eae,lrow_77c3eecbfeb0,TABLE_CONTAINS_LOGICAL_ROW,6446
tbl_8cde276b1eae,lrow_71613f46e919,TABLE_CONTAINS_LOGICAL_ROW,6447
tbl_8cde276b1eae,lrow_02c8fdaf8572,TABLE_CONTAINS_LOGICAL_ROW,6448
tbl_8d858144e455,lrow_8c0d1483fb17,TABLE_CONTAINS_LOGICAL_ROW,6449
tbl_8d858144e455,lrow_d204e9195b3a,TABLE_CONTAINS_LOGICAL_ROW,6450
tbl_8d858144e455,lrow_c80468d220c8,TABLE_CONTAINS_LOGICAL_ROW,6451
tbl_8d858144e455,lrow_e8be13267c6e,TABLE_CONTAINS_LOGICAL_ROW,6452
tbl_8d858144e455,lrow_dc2189a47f91,TABLE_CONTAINS_LOGICAL_ROW,6453
tbl_8d858144e455,lrow_ced9ef914233,TABLE_CONTAINS_LOGICAL_ROW,6454
tbl_8d858144e455,lrow_2d7512161d4e,TABLE_CONTAINS_LOGICAL_ROW,6455
tbl_8d858144e455,lrow_7c76b0cfb1b6,TABLE_CONTAINS_LOGICAL_ROW,6456
tbl_8d858144e455,lrow_5b143bcbc5b0,TABLE_CONTAINS_LOGICAL_ROW,6457
tbl_8eba401cd748,lrow_30e53f963f53,TABLE_CONTAINS_LOGICAL_ROW,6458
tbl_8ff15bcdbe46,lrow_3f3b54fb5007,TABLE_CONTAINS_LOGICAL_ROW,6459
tbl_8ff15bcdbe46,lrow_ec86c8c9e611,TABLE_CONTAINS_LOGICAL_ROW,6460
tbl_8ff15bcdbe46,lrow_aebde2aaa527,TABLE_CONTAINS_LOGICAL_ROW,6461
tbl_8ff15bcdbe46,lrow_6e4027f1179c,TABLE_CONTAINS_LOGICAL_ROW,6462
tbl_8ff15bcdbe46,lrow_87bad4acd005,TABLE_CONTAINS_LOGICAL_ROW,6463
tbl_9080725145fc,lrow_76c60ea3714f,TABLE_CONTAINS_LOGICAL_ROW,6464
tbl_910eb65b7b5d,lrow_67e39b06848b,TABLE_CONTAINS_LOGICAL_ROW,6465
tbl_910eb65b7b5d,lrow_5f4815bc34f4,TABLE_CONTAINS_LOGICAL_ROW,6466
tbl_910eb65b7b5d,lrow_fbd72a328241,TABLE_CONTAINS_LOGICAL_ROW,6467
tbl_912b9090ed74,lrow_4b0d59621d85,TABLE_CONTAINS_LOGICAL_ROW,6468
tbl_91ce430fbb82,lrow_0fdb3ba2a678,TABLE_CONTAINS_LOGICAL_ROW,6469
tbl_92008279d354,lrow_bd2209aa3163,TABLE_CONTAINS_LOGICAL_ROW,6470
tbl_92008279d354,lrow_8e077a473648,TABLE_CONTAINS_LOGICAL_ROW,6471
tbl_92008279d354,lrow_901237b65bfd,TABLE_CONTAINS_LOGICAL_ROW,6472
tbl_92008279d354,lrow_c8d83807fdc1,TABLE_CONTAINS_LOGICAL_ROW,6473
tbl_92008279d354,lrow_20b8ce56e740,TABLE_CONTAINS_LOGICAL_ROW,6474
tbl_92008279d354,lrow_deb9d05ac372,TABLE_CONTAINS_LOGICAL_ROW,6475
tbl_92008279d354,lrow_68b624173fb8,TABLE_CONTAINS_LOGICAL_ROW,6476
tbl_92008279d354,lrow_e77e71922be7,TABLE_CONTAINS_LOGICAL_ROW,6477
tbl_92008279d354,lrow_a691e673df06,TABLE_CONTAINS_LOGICAL_ROW,6478
tbl_92008279d354,lrow_4ee9cdfe6442,TABLE_CONTAINS_LOGICAL_ROW,6479
tbl_92008279d354,lrow_c47a428793ef,TABLE_CONTAINS_LOGICAL_ROW,6480
tbl_92008279d354,lrow_77f77a21714d,TABLE_CONTAINS_LOGICAL_ROW,6481
tbl_92008279d354,lrow_af5900e48fb4,TABLE_CONTAINS_LOGICAL_ROW,6482
tbl_92008279d354,lrow_649c54bc1aea,TABLE_CONTAINS_LOGICAL_ROW,6483
tbl_92008279d354,lrow_03fbb9851e9d,TABLE_CONTAINS_LOGICAL_ROW,6484
tbl_92008279d354,lrow_bf470cd9bb92,TABLE_CONTAINS_LOGICAL_ROW,6485
tbl_92008279d354,lrow_2d7557b51904,TABLE_CONTAINS_LOGICAL_ROW,6486
tbl_92008279d354,lrow_9ba1f021c3f7,TABLE_CONTAINS_LOGICAL_ROW,6487
tbl_92008279d354,lrow_f48785efa316,TABLE_CONTAINS_LOGICAL_ROW,6488
tbl_92008279d354,lrow_fbec6f284aa9,TABLE_CONTAINS_LOGICAL_ROW,6489
tbl_92008279d354,lrow_03b3dbaff02c,TABLE_CONTAINS_LOGICAL_ROW,6490
tbl_92008279d354,lrow_3849b23f3d3c,TABLE_CONTAINS_LOGICAL_ROW,6491
tbl_92008279d354,lrow_7919a499dc42,TABLE_CONTAINS_LOGICAL_ROW,6492
tbl_92008279d354,lrow_07625f2745ae,TABLE_CONTAINS_LOGICAL_ROW,6493
tbl_92008279d354,lrow_0e231bd00162,TABLE_CONTAINS_LOGICAL_ROW,6494
tbl_92008279d354,lrow_2ca1492d4d72,TABLE_CONTAINS_LOGICAL_ROW,6495
tbl_92008279d354,lrow_a894df858d8e,TABLE_CONTAINS_LOGICAL_ROW,6496
tbl_92008279d354,lrow_bbc79e526a2e,TABLE_CONTAINS_LOGICAL_ROW,6497
tbl_92008279d354,lrow_a5c58d69b225,TABLE_CONTAINS_LOGICAL_ROW,6498
tbl_92008279d354,lrow_b90d0644b424,TABLE_CONTAINS_LOGICAL_ROW,6499
tbl_92008279d354,lrow_fed612105a32,TABLE_CONTAINS_LOGICAL_ROW,6500
tbl_92008279d354,lrow_2c749268f40d,TABLE_CONTAINS_LOGICAL_ROW,6501
tbl_92008279d354,lrow_23e618d65709,TABLE_CONTAINS_LOGICAL_ROW,6502
tbl_92008279d354,lrow_b0331f4bc231,TABLE_CONTAINS_LOGICAL_ROW,6503
tbl_92008279d354,lrow_94c7385f98c4,TABLE_CONTAINS_LOGICAL_ROW,6504
tbl_92008279d354,lrow_89d2cf770e77,TABLE_CONTAINS_LOGICAL_ROW,6505
tbl_92008279d354,lrow_c305b6f361b6,TABLE_CONTAINS_LOGICAL_ROW,6506
tbl_92008279d354,lrow_88e449b54e20,TABLE_CONTAINS_LOGICAL_ROW,6507
tbl_92008279d354,lrow_b11a0f1ecf41,TABLE_CONTAINS_LOGICAL_ROW,6508
tbl_92008279d354,lrow_be5711156223,TABLE_CONTAINS_LOGICAL_ROW,6509
tbl_92008279d354,lrow_03ae2f852865,TABLE_CONTAINS_LOGICAL_ROW,6510
tbl_92008279d354,lrow_fd746919f62e,TABLE_CONTAINS_LOGICAL_ROW,6511
tbl_92008279d354,lrow_a28e589b24a7,TABLE_CONTAINS_LOGICAL_ROW,6512
tbl_92008279d354,lrow_414539215ed3,TABLE_CONTAINS_LOGICAL_ROW,6513
tbl_92008279d354,lrow_8ad00918d73c,TABLE_CONTAINS_LOGICAL_ROW,6514
tbl_92008279d354,lrow_b023b57d3387,TABLE_CONTAINS_LOGICAL_ROW,6515
tbl_92008279d354,lrow_a08bba37c0ad,TABLE_CONTAINS_LOGICAL_ROW,6516
tbl_92008279d354,lrow_bd3de73009f5,TABLE_CONTAINS_LOGICAL_ROW,6517
tbl_92008279d354,lrow_4efc4eb55d8e,TABLE_CONTAINS_LOGICAL_ROW,6518
tbl_92008279d354,lrow_e558ac0ba4b7,TABLE_CONTAINS_LOGICAL_ROW,6519
tbl_92008279d354,lrow_a21f709ed6f9,TABLE_CONTAINS_LOGICAL_ROW,6520
tbl_92008279d354,lrow_a075711206b8,TABLE_CONTAINS_LOGICAL_ROW,6521
tbl_920d87053096,lrow_8db5ff6f4902,TABLE_CONTAINS_LOGICAL_ROW,6522
tbl_920d87053096,lrow_0e0eebcde3aa,TABLE_CONTAINS_LOGICAL_ROW,6523
tbl_920d87053096,lrow_9c6595574e33,TABLE_CONTAINS_LOGICAL_ROW,6524
tbl_920d87053096,lrow_9c01a5c4612f,TABLE_CONTAINS_LOGICAL_ROW,6525
tbl_920d87053096,lrow_3c9ee527b788,TABLE_CONTAINS_LOGICAL_ROW,6526
tbl_92469668a659,lrow_8504541776e3,TABLE_CONTAINS_LOGICAL_ROW,6527
tbl_92469668a659,lrow_720e406f7129,TABLE_CONTAINS_LOGICAL_ROW,6528
tbl_92469668a659,lrow_0f90cc9a99aa,TABLE_CONTAINS_LOGICAL_ROW,6529
tbl_927b82205c19,lrow_c1c8cb2ad1d7,TABLE_CONTAINS_LOGICAL_ROW,6530
tbl_927b82205c19,lrow_d9d4c2ae0f4d,TABLE_CONTAINS_LOGICAL_ROW,6531
tbl_927b82205c19,lrow_7f83f7682481,TABLE_CONTAINS_LOGICAL_ROW,6532
tbl_935f487eea39,lrow_7afacadafb29,TABLE_CONTAINS_LOGICAL_ROW,6533
tbl_935f487eea39,lrow_6817cca33051,TABLE_CONTAINS_LOGICAL_ROW,6534
tbl_93638b1b8b33,lrow_a003624823f6,TABLE_CONTAINS_LOGICAL_ROW,6535
tbl_93638b1b8b33,lrow_723001a71afc,TABLE_CONTAINS_LOGICAL_ROW,6536
tbl_93638b1b8b33,lrow_e6d158296c9a,TABLE_CONTAINS_LOGICAL_ROW,6537
tbl_93638b1b8b33,lrow_619f275678d4,TABLE_CONTAINS_LOGICAL_ROW,6538
tbl_9493fff5949a,lrow_68994b57d534,TABLE_CONTAINS_LOGICAL_ROW,6539
tbl_9493fff5949a,lrow_97d3766e49b7,TABLE_CONTAINS_LOGICAL_ROW,6540
tbl_9493fff5949a,lrow_6e536ed9c821,TABLE_CONTAINS_LOGICAL_ROW,6541
tbl_9493fff5949a,lrow_6f73bde74537,TABLE_CONTAINS_LOGICAL_ROW,6542
tbl_9493fff5949a,lrow_5620b69e7a59,TABLE_CONTAINS_LOGICAL_ROW,6543
tbl_9493fff5949a,lrow_f08cbdb5675f,TABLE_CONTAINS_LOGICAL_ROW,6544
tbl_9493fff5949a,lrow_ba30085cc550,TABLE_CONTAINS_LOGICAL_ROW,6545
tbl_9493fff5949a,lrow_d8063f3293fd,TABLE_CONTAINS_LOGICAL_ROW,6546
tbl_9493fff5949a,lrow_ccd23374d434,TABLE_CONTAINS_LOGICAL_ROW,6547
tbl_9493fff5949a,lrow_8810ec0d858c,TABLE_CONTAINS_LOGICAL_ROW,6548
tbl_9493fff5949a,lrow_40e8ba74c8b7,TABLE_CONTAINS_LOGICAL_ROW,6549
tbl_9493fff5949a,lrow_273007c7d22d,TABLE_CONTAINS_LOGICAL_ROW,6550
tbl_9493fff5949a,lrow_b659fa25dcc9,TABLE_CONTAINS_LOGICAL_ROW,6551
tbl_9493fff5949a,lrow_05c0ac3c35e7,TABLE_CONTAINS_LOGICAL_ROW,6552
tbl_9493fff5949a,lrow_f12316e1b769,TABLE_CONTAINS_LOGICAL_ROW,6553
tbl_9493fff5949a,lrow_e4bedb366142,TABLE_CONTAINS_LOGICAL_ROW,6554
tbl_9493fff5949a,lrow_ac1a46539a9f,TABLE_CONTAINS_LOGICAL_ROW,6555
tbl_9493fff5949a,lrow_1534e76f1c66,TABLE_CONTAINS_LOGICAL_ROW,6556
tbl_9493fff5949a,lrow_b5b12f71636a,TABLE_CONTAINS_LOGICAL_ROW,6557
tbl_9493fff5949a,lrow_05558382dba5,TABLE_CONTAINS_LOGICAL_ROW,6558
tbl_9493fff5949a,lrow_e72e60304ef3,TABLE_CONTAINS_LOGICAL_ROW,6559
tbl_9493fff5949a,lrow_e91d9bdd581b,TABLE_CONTAINS_LOGICAL_ROW,6560
tbl_9493fff5949a,lrow_a623d908bcd1,TABLE_CONTAINS_LOGICAL_ROW,6561
tbl_9493fff5949a,lrow_60e805f3a443,TABLE_CONTAINS_LOGICAL_ROW,6562
tbl_9493fff5949a,lrow_7f896a89c213,TABLE_CONTAINS_LOGICAL_ROW,6563
tbl_9493fff5949a,lrow_aaaca092f299,TABLE_CONTAINS_LOGICAL_ROW,6564
tbl_95b10fb38fa9,lrow_35f49375b448,TABLE_CONTAINS_LOGICAL_ROW,6565
tbl_9673a6187c2d,lrow_a2cc46ba3bbd,TABLE_CONTAINS_LOGICAL_ROW,6566
tbl_9673a6187c2d,lrow_89494f7f9b70,TABLE_CONTAINS_LOGICAL_ROW,6567
tbl_9673a6187c2d,lrow_86dfb926ae1b,TABLE_CONTAINS_LOGICAL_ROW,6568
tbl_9673a6187c2d,lrow_b738794db936,TABLE_CONTAINS_LOGICAL_ROW,6569
tbl_9673a6187c2d,lrow_115695b29f80,TABLE_CONTAINS_LOGICAL_ROW,6570
tbl_9673a6187c2d,lrow_b29e8084d9b0,TABLE_CONTAINS_LOGICAL_ROW,6571
tbl_96dae67a53c5,lrow_65e590f90966,TABLE_CONTAINS_LOGICAL_ROW,6572
tbl_96dae67a53c5,lrow_61145390597e,TABLE_CONTAINS_LOGICAL_ROW,6573
tbl_96dae67a53c5,lrow_4603ae9abb12,TABLE_CONTAINS_LOGICAL_ROW,6574
tbl_96dae67a53c5,lrow_e3eab1b01a6a,TABLE_CONTAINS_LOGICAL_ROW,6575
tbl_96dae67a53c5,lrow_98729febd111,TABLE_CONTAINS_LOGICAL_ROW,6576
tbl_96dae67a53c5,lrow_8e7d514e4c9f,TABLE_CONTAINS_LOGICAL_ROW,6577
tbl_96dae67a53c5,lrow_03e928df37a7,TABLE_CONTAINS_LOGICAL_ROW,6578
tbl_96dae67a53c5,lrow_70a46ce080c3,TABLE_CONTAINS_LOGICAL_ROW,6579
tbl_96dae67a53c5,lrow_abf08b77073b,TABLE_CONTAINS_LOGICAL_ROW,6580
tbl_96dae67a53c5,lrow_e3d57abdd182,TABLE_CONTAINS_LOGICAL_ROW,6581
tbl_96dae67a53c5,lrow_0572dbc6d21f,TABLE_CONTAINS_LOGICAL_ROW,6582
tbl_96dae67a53c5,lrow_910b6da9f9b5,TABLE_CONTAINS_LOGICAL_ROW,6583
tbl_96dae67a53c5,lrow_235d412fdac0,TABLE_CONTAINS_LOGICAL_ROW,6584
tbl_96dae67a53c5,lrow_c5fa9fdffd2b,TABLE_CONTAINS_LOGICAL_ROW,6585
tbl_96dae67a53c5,lrow_5d2a96606fc0,TABLE_CONTAINS_LOGICAL_ROW,6586
tbl_96dae67a53c5,lrow_74f976179ba5,TABLE_CONTAINS_LOGICAL_ROW,6587
tbl_96dae67a53c5,lrow_cf4ae517f869,TABLE_CONTAINS_LOGICAL_ROW,6588
tbl_96dae67a53c5,lrow_a4bef842e63e,TABLE_CONTAINS_LOGICAL_ROW,6589
tbl_96dae67a53c5,lrow_e608689036ff,TABLE_CONTAINS_LOGICAL_ROW,6590
tbl_96dae67a53c5,lrow_822063087298,TABLE_CONTAINS_LOGICAL_ROW,6591
tbl_96dae67a53c5,lrow_459b3943a93c,TABLE_CONTAINS_LOGICAL_ROW,6592
tbl_96dae67a53c5,lrow_9b4b5b201180,TABLE_CONTAINS_LOGICAL_ROW,6593
tbl_96dae67a53c5,lrow_9b5cd7397d89,TABLE_CONTAINS_LOGICAL_ROW,6594
tbl_96dae67a53c5,lrow_769b9cbe83c7,TABLE_CONTAINS_LOGICAL_ROW,6595
tbl_96dae67a53c5,lrow_8e9cc132b5ec,TABLE_CONTAINS_LOGICAL_ROW,6596
tbl_96dae67a53c5,lrow_bf51a8ef92b4,TABLE_CONTAINS_LOGICAL_ROW,6597
tbl_970ed4b39514,lrow_116d07100f92,TABLE_CONTAINS_LOGICAL_ROW,6598
tbl_970ed4b39514,lrow_5fd7ccb4e0bc,TABLE_CONTAINS_LOGICAL_ROW,6599
tbl_970ed4b39514,lrow_1b0d28cac7cd,TABLE_CONTAINS_LOGICAL_ROW,6600
tbl_970ed4b39514,lrow_61a4d3f6f4d1,TABLE_CONTAINS_LOGICAL_ROW,6601
tbl_970ed4b39514,lrow_5002f0258706,TABLE_CONTAINS_LOGICAL_ROW,6602
tbl_970ed4b39514,lrow_5618850213e9,TABLE_CONTAINS_LOGICAL_ROW,6603
tbl_970ed4b39514,lrow_3b7e9eaf2f3b,TABLE_CONTAINS_LOGICAL_ROW,6604
tbl_970ed4b39514,lrow_f53dc90a90cf,TABLE_CONTAINS_LOGICAL_ROW,6605
tbl_970ed4b39514,lrow_7640717b54e4,TABLE_CONTAINS_LOGICAL_ROW,6606
tbl_970ed4b39514,lrow_7c994d77baa3,TABLE_CONTAINS_LOGICAL_ROW,6607
tbl_970ed4b39514,lrow_0122c6064aa5,TABLE_CONTAINS_LOGICAL_ROW,6608
tbl_970ed4b39514,lrow_f997bd32ac64,TABLE_CONTAINS_LOGICAL_ROW,6609
tbl_970ed4b39514,lrow_7c668a0f4349,TABLE_CONTAINS_LOGICAL_ROW,6610
tbl_970ed4b39514,lrow_d749136b6b2f,TABLE_CONTAINS_LOGICAL_ROW,6611
tbl_970ed4b39514,lrow_9bd474f6bbfe,TABLE_CONTAINS_LOGICAL_ROW,6612
tbl_970ed4b39514,lrow_4053a19524c6,TABLE_CONTAINS_LOGICAL_ROW,6613
tbl_970ed4b39514,lrow_b60b1a3984eb,TABLE_CONTAINS_LOGICAL_ROW,6614
tbl_970ed4b39514,lrow_da6b8e048e30,TABLE_CONTAINS_LOGICAL_ROW,6615
tbl_970ed4b39514,lrow_26fc67d343a9,TABLE_CONTAINS_LOGICAL_ROW,6616
tbl_970ed4b39514,lrow_ec0fff9aeec7,TABLE_CONTAINS_LOGICAL_ROW,6617
tbl_970ed4b39514,lrow_16a466655825,TABLE_CONTAINS_LOGICAL_ROW,6618
tbl_970ed4b39514,lrow_adfa9353db70,TABLE_CONTAINS_LOGICAL_ROW,6619
tbl_970ed4b39514,lrow_a1aa89170461,TABLE_CONTAINS_LOGICAL_ROW,6620
tbl_970ed4b39514,lrow_647e86104581,TABLE_CONTAINS_LOGICAL_ROW,6621
tbl_970ed4b39514,lrow_a103bd7568e5,TABLE_CONTAINS_LOGICAL_ROW,6622
tbl_970ed4b39514,lrow_6ada796d5798,TABLE_CONTAINS_LOGICAL_ROW,6623
tbl_970ed4b39514,lrow_8638796b01a5,TABLE_CONTAINS_LOGICAL_ROW,6624
tbl_970ed4b39514,lrow_38fabaa2b493,TABLE_CONTAINS_LOGICAL_ROW,6625
tbl_970ed4b39514,lrow_93a5cb5dca9d,TABLE_CONTAINS_LOGICAL_ROW,6626
tbl_970ed4b39514,lrow_4888b4c6912f,TABLE_CONTAINS_LOGICAL_ROW,6627
tbl_970ed4b39514,lrow_fa3993acce4b,TABLE_CONTAINS_LOGICAL_ROW,6628
tbl_970ed4b39514,lrow_511a7afb0ad3,TABLE_CONTAINS_LOGICAL_ROW,6629
tbl_970ed4b39514,lrow_9119fc33106c,TABLE_CONTAINS_LOGICAL_ROW,6630
tbl_970ed4b39514,lrow_9131ac98bf6c,TABLE_CONTAINS_LOGICAL_ROW,6631
tbl_970ed4b39514,lrow_cca4ebf5d20c,TABLE_CONTAINS_LOGICAL_ROW,6632
tbl_970ed4b39514,lrow_2fd8464ae33a,TABLE_CONTAINS_LOGICAL_ROW,6633
tbl_970ed4b39514,lrow_4a9b8f0a1b20,TABLE_CONTAINS_LOGICAL_ROW,6634
tbl_970ed4b39514,lrow_32faba13f8c9,TABLE_CONTAINS_LOGICAL_ROW,6635
tbl_970ed4b39514,lrow_688f5a3ae221,TABLE_CONTAINS_LOGICAL_ROW,6636
tbl_970ed4b39514,lrow_0ef22a0bf7df,TABLE_CONTAINS_LOGICAL_ROW,6637
tbl_970ed4b39514,lrow_3bd9459fc1bf,TABLE_CONTAINS_LOGICAL_ROW,6638
tbl_970ed4b39514,lrow_be344cf54bfc,TABLE_CONTAINS_LOGICAL_ROW,6639
tbl_970ed4b39514,lrow_29d90d1ad2ab,TABLE_CONTAINS_LOGICAL_ROW,6640
tbl_970ed4b39514,lrow_453c6007d797,TABLE_CONTAINS_LOGICAL_ROW,6641
tbl_970ed4b39514,lrow_1bbc07004ca8,TABLE_CONTAINS_LOGICAL_ROW,6642
tbl_970ed4b39514,lrow_a200190c50f3,TABLE_CONTAINS_LOGICAL_ROW,6643
tbl_970ed4b39514,lrow_04c6e17f6714,TABLE_CONTAINS_LOGICAL_ROW,6644
tbl_970ed4b39514,lrow_11ba297f054d,TABLE_CONTAINS_LOGICAL_ROW,6645
tbl_970ed4b39514,lrow_c5414029fdd4,TABLE_CONTAINS_LOGICAL_ROW,6646
tbl_970ed4b39514,lrow_b3041a03e547,TABLE_CONTAINS_LOGICAL_ROW,6647
tbl_970ed4b39514,lrow_12f580068288,TABLE_CONTAINS_LOGICAL_ROW,6648
tbl_970ed4b39514,lrow_bf0fa70f7e5a,TABLE_CONTAINS_LOGICAL_ROW,6649
tbl_970ed4b39514,lrow_a246dea744fe,TABLE_CONTAINS_LOGICAL_ROW,6650
tbl_970ed4b39514,lrow_e044563fca15,TABLE_CONTAINS_LOGICAL_ROW,6651
tbl_97344293a9ad,lrow_9fd148e798b2,TABLE_CONTAINS_LOGICAL_ROW,6652
tbl_97bbd9e1f908,lrow_14957cb25e29,TABLE_CONTAINS_LOGICAL_ROW,6653
tbl_981a8b08817b,lrow_d5c14f6ec136,TABLE_CONTAINS_LOGICAL_ROW,6654
tbl_99535eb93732,lrow_f2dd6c0352e2,TABLE_CONTAINS_LOGICAL_ROW,6655
tbl_999f819a08e3,lrow_dff46d7a7c73,TABLE_CONTAINS_LOGICAL_ROW,6656
tbl_99f410e62711,lrow_b14a612c653b,TABLE_CONTAINS_LOGICAL_ROW,6657
tbl_99f410e62711,lrow_b6b92a652c78,TABLE_CONTAINS_LOGICAL_ROW,6658
tbl_99f410e62711,lrow_4ac61dcc2afb,TABLE_CONTAINS_LOGICAL_ROW,6659
tbl_99f410e62711,lrow_a555a5185d7f,TABLE_CONTAINS_LOGICAL_ROW,6660
tbl_9aac9f1074e1,lrow_9b19cfb64ab2,TABLE_CONTAINS_LOGICAL_ROW,6661
tbl_9aac9f1074e1,lrow_8ca627769d8a,TABLE_CONTAINS_LOGICAL_ROW,6662
tbl_9aac9f1074e1,lrow_8d74211a20be,TABLE_CONTAINS_LOGICAL_ROW,6663
tbl_9aac9f1074e1,lrow_e90527be732a,TABLE_CONTAINS_LOGICAL_ROW,6664
tbl_9aac9f1074e1,lrow_8676b5883481,TABLE_CONTAINS_LOGICAL_ROW,6665
tbl_9aac9f1074e1,lrow_0ae6ca3f8f38,TABLE_CONTAINS_LOGICAL_ROW,6666
tbl_9aac9f1074e1,lrow_0f7f5d91e00e,TABLE_CONTAINS_LOGICAL_ROW,6667
tbl_9abf79c41e72,lrow_42e5d08e5591,TABLE_CONTAINS_LOGICAL_ROW,6668
tbl_9abf79c41e72,lrow_3e6ab112fa89,TABLE_CONTAINS_LOGICAL_ROW,6669
tbl_9b2fa7bc2ac8,lrow_f467739a6294,TABLE_CONTAINS_LOGICAL_ROW,6670
tbl_9b2fa7bc2ac8,lrow_cf3921b639e7,TABLE_CONTAINS_LOGICAL_ROW,6671
tbl_9b2fa7bc2ac8,lrow_36f79ba7fb50,TABLE_CONTAINS_LOGICAL_ROW,6672
tbl_9b2fa7bc2ac8,lrow_bfd411fb64c4,TABLE_CONTAINS_LOGICAL_ROW,6673
tbl_9b2fa7bc2ac8,lrow_d60c8bef5485,TABLE_CONTAINS_LOGICAL_ROW,6674
tbl_9b2fa7bc2ac8,lrow_c2a46a765561,TABLE_CONTAINS_LOGICAL_ROW,6675
tbl_9b2fa7bc2ac8,lrow_865e3a9fff2a,TABLE_CONTAINS_LOGICAL_ROW,6676
tbl_9b2fa7bc2ac8,lrow_11c2cfeca9d2,TABLE_CONTAINS_LOGICAL_ROW,6677
tbl_9b2fa7bc2ac8,lrow_7edf49bbabe1,TABLE_CONTAINS_LOGICAL_ROW,6678
tbl_9b2fa7bc2ac8,lrow_aeee4429b847,TABLE_CONTAINS_LOGICAL_ROW,6679
tbl_9b2fa7bc2ac8,lrow_7d8545ab0585,TABLE_CONTAINS_LOGICAL_ROW,6680
tbl_9b2fe9375673,lrow_c910fcb72de6,TABLE_CONTAINS_LOGICAL_ROW,6681
tbl_9b2fe9375673,lrow_393eed545469,TABLE_CONTAINS_LOGICAL_ROW,6682
tbl_9b2fe9375673,lrow_6f0b8e129b9d,TABLE_CONTAINS_LOGICAL_ROW,6683
tbl_9b2fe9375673,lrow_4b4ab8f9507b,TABLE_CONTAINS_LOGICAL_ROW,6684
tbl_9b65bbe46d15,lrow_994d3b0a4123,TABLE_CONTAINS_LOGICAL_ROW,6685
tbl_9b65bbe46d15,lrow_dec51d2d7f49,TABLE_CONTAINS_LOGICAL_ROW,6686
tbl_9b65bbe46d15,lrow_015b6455973f,TABLE_CONTAINS_LOGICAL_ROW,6687
tbl_9b65bbe46d15,lrow_7e64be8a9502,TABLE_CONTAINS_LOGICAL_ROW,6688
tbl_9b65bbe46d15,lrow_6b1eda269a44,TABLE_CONTAINS_LOGICAL_ROW,6689
tbl_9b65bbe46d15,lrow_0ff9d3860dff,TABLE_CONTAINS_LOGICAL_ROW,6690
tbl_9c5a7d0b0f28,lrow_6a09d8d7599c,TABLE_CONTAINS_LOGICAL_ROW,6691
tbl_9c5a7d0b0f28,lrow_3929456e78b4,TABLE_CONTAINS_LOGICAL_ROW,6692
tbl_9c5a7d0b0f28,lrow_0e95e9b90997,TABLE_CONTAINS_LOGICAL_ROW,6693
tbl_9c5a7d0b0f28,lrow_96afd2882813,TABLE_CONTAINS_LOGICAL_ROW,6694
tbl_9c71d59a204e,lrow_6da64f17d990,TABLE_CONTAINS_LOGICAL_ROW,6695
tbl_9d4a6c110d37,lrow_3524f8d03232,TABLE_CONTAINS_LOGICAL_ROW,6696
tbl_9d4a6c110d37,lrow_38ab3f938524,TABLE_CONTAINS_LOGICAL_ROW,6697
tbl_9d4a6c110d37,lrow_ace00c6d96d1,TABLE_CONTAINS_LOGICAL_ROW,6698
tbl_9d4a6c110d37,lrow_900c16d50197,TABLE_CONTAINS_LOGICAL_ROW,6699
tbl_9d629e1da3a7,lrow_9594edfff2e7,TABLE_CONTAINS_LOGICAL_ROW,6700
tbl_9d79572b1e72,lrow_007c64eaf8b9,TABLE_CONTAINS_LOGICAL_ROW,6701
tbl_9d7fe7c9ac60,lrow_b52d94c4cd89,TABLE_CONTAINS_LOGICAL_ROW,6702
tbl_9fca1c69e50c,lrow_57a62aa633d1,TABLE_CONTAINS_LOGICAL_ROW,6703
tbl_9ff5b50c39ee,lrow_4cd5fbc98935,TABLE_CONTAINS_LOGICAL_ROW,6704
tbl_a03fe17208ff,lrow_0943e86b4372,TABLE_CONTAINS_LOGICAL_ROW,6705
tbl_a03fe17208ff,lrow_99fb67d25337,TABLE_CONTAINS_LOGICAL_ROW,6706
tbl_a03fe17208ff,lrow_88044e3d8a5c,TABLE_CONTAINS_LOGICAL_ROW,6707
tbl_a08c9fbad9c9,lrow_23b1bb042e84,TABLE_CONTAINS_LOGICAL_ROW,6708
tbl_a17712a66c6d,lrow_b44aae071b82,TABLE_CONTAINS_LOGICAL_ROW,6709
tbl_a17712a66c6d,lrow_df874ac79d99,TABLE_CONTAINS_LOGICAL_ROW,6710
tbl_a17712a66c6d,lrow_11ad0722b92e,TABLE_CONTAINS_LOGICAL_ROW,6711
tbl_a17712a66c6d,lrow_92c89f34af42,TABLE_CONTAINS_LOGICAL_ROW,6712
tbl_a182837d9c34,lrow_84e5cc881686,TABLE_CONTAINS_LOGICAL_ROW,6713
tbl_a185920e96c7,lrow_d8b32d313e59,TABLE_CONTAINS_LOGICAL_ROW,6714
tbl_a185920e96c7,lrow_5bc4e2be5eed,TABLE_CONTAINS_LOGICAL_ROW,6715
tbl_a185920e96c7,lrow_5b0cae971d62,TABLE_CONTAINS_LOGICAL_ROW,6716
tbl_a1cf5e522571,lrow_68a8577fd8ea,TABLE_CONTAINS_LOGICAL_ROW,6717
tbl_a1cf5e522571,lrow_816247ea3262,TABLE_CONTAINS_LOGICAL_ROW,6718
tbl_a1cf5e522571,lrow_41c924d3ff48,TABLE_CONTAINS_LOGICAL_ROW,6719
tbl_a1cf5e522571,lrow_ff7bbe13fca7,TABLE_CONTAINS_LOGICAL_ROW,6720
tbl_a1cf5e522571,lrow_62436ff1f0c2,TABLE_CONTAINS_LOGICAL_ROW,6721
tbl_a1ee7bfaa330,lrow_0463d01bcdcc,TABLE_CONTAINS_LOGICAL_ROW,6722
tbl_a1ee7bfaa330,lrow_aa6f908d97e1,TABLE_CONTAINS_LOGICAL_ROW,6723
tbl_a1ee7bfaa330,lrow_19a84f065153,TABLE_CONTAINS_LOGICAL_ROW,6724
tbl_a1ee7bfaa330,lrow_0589c9ff0a87,TABLE_CONTAINS_LOGICAL_ROW,6725
tbl_a1ee7bfaa330,lrow_981f9ca4a6a7,TABLE_CONTAINS_LOGICAL_ROW,6726
tbl_a1ee7bfaa330,lrow_53e792b2295d,TABLE_CONTAINS_LOGICAL_ROW,6727
tbl_a1ee7bfaa330,lrow_2f251fd29f37,TABLE_CONTAINS_LOGICAL_ROW,6728
tbl_a1ee7bfaa330,lrow_ca33ea643089,TABLE_CONTAINS_LOGICAL_ROW,6729
tbl_a1ee7bfaa330,lrow_b7a45fb1abaa,TABLE_CONTAINS_LOGICAL_ROW,6730
tbl_a1ee7bfaa330,lrow_f69304c3ed42,TABLE_CONTAINS_LOGICAL_ROW,6731
tbl_a1ee7bfaa330,lrow_509a85633d9f,TABLE_CONTAINS_LOGICAL_ROW,6732
tbl_a1ee7bfaa330,lrow_a41fc556dc50,TABLE_CONTAINS_LOGICAL_ROW,6733
tbl_a2c338b82134,lrow_c8281bc76abd,TABLE_CONTAINS_LOGICAL_ROW,6734
tbl_a2c338b82134,lrow_69aa28ad5c5c,TABLE_CONTAINS_LOGICAL_ROW,6735
tbl_a2c338b82134,lrow_3e3d433d59b5,TABLE_CONTAINS_LOGICAL_ROW,6736
tbl_a36d6b2751d2,lrow_a9b84d1d8269,TABLE_CONTAINS_LOGICAL_ROW,6737
tbl_a36d6b2751d2,lrow_f5ef51a4135e,TABLE_CONTAINS_LOGICAL_ROW,6738
tbl_a4367bd76e83,lrow_1ea0f22d8eb9,TABLE_CONTAINS_LOGICAL_ROW,6739
tbl_a437b2349eb3,lrow_f7c3d88b61e0,TABLE_CONTAINS_LOGICAL_ROW,6740
tbl_a437b2349eb3,lrow_4af77eb5cd5a,TABLE_CONTAINS_LOGICAL_ROW,6741
tbl_a437b2349eb3,lrow_e60dcc55fb9b,TABLE_CONTAINS_LOGICAL_ROW,6742
tbl_a437b2349eb3,lrow_6324d9d051f6,TABLE_CONTAINS_LOGICAL_ROW,6743
tbl_a437b2349eb3,lrow_b0c41d48e3f7,TABLE_CONTAINS_LOGICAL_ROW,6744
tbl_a437b2349eb3,lrow_4ec600443e40,TABLE_CONTAINS_LOGICAL_ROW,6745
tbl_a437b2349eb3,lrow_4e268a49a80d,TABLE_CONTAINS_LOGICAL_ROW,6746
tbl_a437b2349eb3,lrow_310a4350c89d,TABLE_CONTAINS_LOGICAL_ROW,6747
tbl_a437b2349eb3,lrow_8588810d8205,TABLE_CONTAINS_LOGICAL_ROW,6748
tbl_a437b2349eb3,lrow_1beaaaf45844,TABLE_CONTAINS_LOGICAL_ROW,6749
tbl_a437b2349eb3,lrow_2dc354cd6d85,TABLE_CONTAINS_LOGICAL_ROW,6750
tbl_a437b2349eb3,lrow_e96600edbe01,TABLE_CONTAINS_LOGICAL_ROW,6751
tbl_a437b2349eb3,lrow_284a31b69c88,TABLE_CONTAINS_LOGICAL_ROW,6752
tbl_a437b2349eb3,lrow_d1c479c338cb,TABLE_CONTAINS_LOGICAL_ROW,6753
tbl_a437b2349eb3,lrow_ab4c4dbe3023,TABLE_CONTAINS_LOGICAL_ROW,6754
tbl_a437b2349eb3,lrow_20c2466309b0,TABLE_CONTAINS_LOGICAL_ROW,6755
tbl_a437b2349eb3,lrow_c038e2d9f0f6,TABLE_CONTAINS_LOGICAL_ROW,6756
tbl_a437b2349eb3,lrow_a0d09323b425,TABLE_CONTAINS_LOGICAL_ROW,6757
tbl_a437b2349eb3,lrow_8217f7fdf597,TABLE_CONTAINS_LOGICAL_ROW,6758
tbl_a437b2349eb3,lrow_b72fd69698ec,TABLE_CONTAINS_LOGICAL_ROW,6759
tbl_a437b2349eb3,lrow_8a207ef0e7eb,TABLE_CONTAINS_LOGICAL_ROW,6760
tbl_a437b2349eb3,lrow_b1fcb49cdd12,TABLE_CONTAINS_LOGICAL_ROW,6761
tbl_a437b2349eb3,lrow_547babbfebb5,TABLE_CONTAINS_LOGICAL_ROW,6762
tbl_a437b2349eb3,lrow_5147d28a81b5,TABLE_CONTAINS_LOGICAL_ROW,6763
tbl_a437b2349eb3,lrow_bbc0b9bbbec2,TABLE_CONTAINS_LOGICAL_ROW,6764
tbl_a437b2349eb3,lrow_9ad100c90c7b,TABLE_CONTAINS_LOGICAL_ROW,6765
tbl_a437b2349eb3,lrow_7f4995582a99,TABLE_CONTAINS_LOGICAL_ROW,6766
tbl_a437b2349eb3,lrow_7a2101a60613,TABLE_CONTAINS_LOGICAL_ROW,6767
tbl_a437b2349eb3,lrow_cc23208eee51,TABLE_CONTAINS_LOGICAL_ROW,6768
tbl_a437b2349eb3,lrow_62108d31818e,TABLE_CONTAINS_LOGICAL_ROW,6769
tbl_a437b2349eb3,lrow_31a19f3cc4ea,TABLE_CONTAINS_LOGICAL_ROW,6770
tbl_a437b2349eb3,lrow_cc15e06f3f56,TABLE_CONTAINS_LOGICAL_ROW,6771
tbl_a437b2349eb3,lrow_2a4516f36fa9,TABLE_CONTAINS_LOGICAL_ROW,6772
tbl_a437b2349eb3,lrow_79f3a9566f70,TABLE_CONTAINS_LOGICAL_ROW,6773
tbl_a437b2349eb3,lrow_397a8b2741ab,TABLE_CONTAINS_LOGICAL_ROW,6774
tbl_a437b2349eb3,lrow_a9272e45c07e,TABLE_CONTAINS_LOGICAL_ROW,6775
tbl_a437b2349eb3,lrow_031fd9f044f0,TABLE_CONTAINS_LOGICAL_ROW,6776
tbl_a437b2349eb3,lrow_a4a919482754,TABLE_CONTAINS_LOGICAL_ROW,6777
tbl_a437b2349eb3,lrow_5cfada8e85c2,TABLE_CONTAINS_LOGICAL_ROW,6778
tbl_a437b2349eb3,lrow_e09fdefa1441,TABLE_CONTAINS_LOGICAL_ROW,6779
tbl_a437b2349eb3,lrow_778dd8387b3b,TABLE_CONTAINS_LOGICAL_ROW,6780
tbl_a437b2349eb3,lrow_c8230f235468,TABLE_CONTAINS_LOGICAL_ROW,6781
tbl_a437b2349eb3,lrow_83b713c4a7f9,TABLE_CONTAINS_LOGICAL_ROW,6782
tbl_a437b2349eb3,lrow_62494de26d80,TABLE_CONTAINS_LOGICAL_ROW,6783
tbl_a437b2349eb3,lrow_13927e989071,TABLE_CONTAINS_LOGICAL_ROW,6784
tbl_a437b2349eb3,lrow_760a95aff897,TABLE_CONTAINS_LOGICAL_ROW,6785
tbl_a437b2349eb3,lrow_0d9235afa731,TABLE_CONTAINS_LOGICAL_ROW,6786
tbl_a437b2349eb3,lrow_eaf758f98895,TABLE_CONTAINS_LOGICAL_ROW,6787
tbl_a437b2349eb3,lrow_49e9980a762f,TABLE_CONTAINS_LOGICAL_ROW,6788
tbl_a437b2349eb3,lrow_0f5cacececdf,TABLE_CONTAINS_LOGICAL_ROW,6789
tbl_a437b2349eb3,lrow_63230c5f449b,TABLE_CONTAINS_LOGICAL_ROW,6790
tbl_a437b2349eb3,lrow_664b827b29b2,TABLE_CONTAINS_LOGICAL_ROW,6791
tbl_a437b2349eb3,lrow_d2a58032ce58,TABLE_CONTAINS_LOGICAL_ROW,6792
tbl_a437b2349eb3,lrow_74a7c869ee72,TABLE_CONTAINS_LOGICAL_ROW,6793
tbl_a437b2349eb3,lrow_b8460d0a8354,TABLE_CONTAINS_LOGICAL_ROW,6794
tbl_a437b2349eb3,lrow_e8c4c2b8dc1d,TABLE_CONTAINS_LOGICAL_ROW,6795
tbl_a437b2349eb3,lrow_8bd3a1a201bc,TABLE_CONTAINS_LOGICAL_ROW,6796
tbl_a437b2349eb3,lrow_e0e25be6ed39,TABLE_CONTAINS_LOGICAL_ROW,6797
tbl_a437b2349eb3,lrow_f335b9a560f7,TABLE_CONTAINS_LOGICAL_ROW,6798
tbl_a437b2349eb3,lrow_c4aaed7f0f01,TABLE_CONTAINS_LOGICAL_ROW,6799
tbl_a437b2349eb3,lrow_72061b3139e3,TABLE_CONTAINS_LOGICAL_ROW,6800
tbl_a437b2349eb3,lrow_61e3ea55076c,TABLE_CONTAINS_LOGICAL_ROW,6801
tbl_a437b2349eb3,lrow_b07c7f475ef0,TABLE_CONTAINS_LOGICAL_ROW,6802
tbl_a437b2349eb3,lrow_ac525b16a1b4,TABLE_CONTAINS_LOGICAL_ROW,6803
tbl_a437b2349eb3,lrow_d67c926c8a12,TABLE_CONTAINS_LOGICAL_ROW,6804
tbl_a437b2349eb3,lrow_37eb2efe1046,TABLE_CONTAINS_LOGICAL_ROW,6805
tbl_a437b2349eb3,lrow_694e913f5daa,TABLE_CONTAINS_LOGICAL_ROW,6806
tbl_a437b2349eb3,lrow_8a1b5e79d460,TABLE_CONTAINS_LOGICAL_ROW,6807
tbl_a437b2349eb3,lrow_cd286e3157aa,TABLE_CONTAINS_LOGICAL_ROW,6808
tbl_a437b2349eb3,lrow_9ea3b9b0a0ce,TABLE_CONTAINS_LOGICAL_ROW,6809
tbl_a437b2349eb3,lrow_6bc1f318c9ed,TABLE_CONTAINS_LOGICAL_ROW,6810
tbl_a437b2349eb3,lrow_0846dd66eb38,TABLE_CONTAINS_LOGICAL_ROW,6811
tbl_a437b2349eb3,lrow_1254fb841827,TABLE_CONTAINS_LOGICAL_ROW,6812
tbl_a437b2349eb3,lrow_92e432ccfcc1,TABLE_CONTAINS_LOGICAL_ROW,6813
tbl_a437b2349eb3,lrow_6c2959e8e216,TABLE_CONTAINS_LOGICAL_ROW,6814
tbl_a437b2349eb3,lrow_017bdded6592,TABLE_CONTAINS_LOGICAL_ROW,6815
tbl_a437b2349eb3,lrow_c162783c5876,TABLE_CONTAINS_LOGICAL_ROW,6816
tbl_a437b2349eb3,lrow_7fc37f5206da,TABLE_CONTAINS_LOGICAL_ROW,6817
tbl_a437b2349eb3,lrow_0396d56c9fe0,TABLE_CONTAINS_LOGICAL_ROW,6818
tbl_a55d985a21e5,lrow_1594fe552139,TABLE_CONTAINS_LOGICAL_ROW,6819
tbl_a55d985a21e5,lrow_3ec77d345749,TABLE_CONTAINS_LOGICAL_ROW,6820
tbl_a55d985a21e5,lrow_6e9153b5c4f9,TABLE_CONTAINS_LOGICAL_ROW,6821
tbl_a55d985a21e5,lrow_a6425af6e7e1,TABLE_CONTAINS_LOGICAL_ROW,6822
tbl_a6b2e70fc617,lrow_4f76066011e0,TABLE_CONTAINS_LOGICAL_ROW,6823
tbl_a6b2e70fc617,lrow_5de52687de6a,TABLE_CONTAINS_LOGICAL_ROW,6824
tbl_a6b2e70fc617,lrow_5984542c10b5,TABLE_CONTAINS_LOGICAL_ROW,6825
tbl_a6b2e70fc617,lrow_11f578462cda,TABLE_CONTAINS_LOGICAL_ROW,6826
tbl_a6b2e70fc617,lrow_714bb5e8e3d5,TABLE_CONTAINS_LOGICAL_ROW,6827
tbl_a6b2e70fc617,lrow_a0bd6116e7da,TABLE_CONTAINS_LOGICAL_ROW,6828
tbl_a6b2e70fc617,lrow_4351280713f2,TABLE_CONTAINS_LOGICAL_ROW,6829
tbl_a6b2e70fc617,lrow_98807055d4d9,TABLE_CONTAINS_LOGICAL_ROW,6830
tbl_a6b2e70fc617,lrow_f9006776f7ee,TABLE_CONTAINS_LOGICAL_ROW,6831
tbl_a6b2e70fc617,lrow_d8200b457390,TABLE_CONTAINS_LOGICAL_ROW,6832
tbl_a6b2e70fc617,lrow_1782ee304ba2,TABLE_CONTAINS_LOGICAL_ROW,6833
tbl_a6b2e70fc617,lrow_9554612835fd,TABLE_CONTAINS_LOGICAL_ROW,6834
tbl_a6b2e70fc617,lrow_2691aba7eafc,TABLE_CONTAINS_LOGICAL_ROW,6835
tbl_a6b2e70fc617,lrow_ff803aab9279,TABLE_CONTAINS_LOGICAL_ROW,6836
tbl_a6b2e70fc617,lrow_37d5ea900088,TABLE_CONTAINS_LOGICAL_ROW,6837
tbl_a70a1d811983,lrow_c5fbacba8d03,TABLE_CONTAINS_LOGICAL_ROW,6838
tbl_a7a1c04d75ee,lrow_7511c95339a3,TABLE_CONTAINS_LOGICAL_ROW,6839
tbl_a815ffb8410d,lrow_cc96a2167395,TABLE_CONTAINS_LOGICAL_ROW,6840
tbl_a815ffb8410d,lrow_985fe4f9a578,TABLE_CONTAINS_LOGICAL_ROW,6841
tbl_a815ffb8410d,lrow_eca6804c1bad,TABLE_CONTAINS_LOGICAL_ROW,6842
tbl_a82527dfcfc3,lrow_332aa39c2cef,TABLE_CONTAINS_LOGICAL_ROW,6843
tbl_a832a88f346a,lrow_f11ef89c085a,TABLE_CONTAINS_LOGICAL_ROW,6844
tbl_a8440c2698c7,lrow_67e2ec966e6f,TABLE_CONTAINS_LOGICAL_ROW,6845
tbl_a8440c2698c7,lrow_1359e09ef871,TABLE_CONTAINS_LOGICAL_ROW,6846
tbl_a8440c2698c7,lrow_94d8f1a680b8,TABLE_CONTAINS_LOGICAL_ROW,6847
tbl_a8440c2698c7,lrow_65a43bc1952d,TABLE_CONTAINS_LOGICAL_ROW,6848
tbl_a8440c2698c7,lrow_dbea43687b1e,TABLE_CONTAINS_LOGICAL_ROW,6849
tbl_a87233a7d54b,lrow_fbc95bb29403,TABLE_CONTAINS_LOGICAL_ROW,6850
tbl_ab2b4c98fbf8,lrow_f52c6c48eec2,TABLE_CONTAINS_LOGICAL_ROW,6851
tbl_ab2b4c98fbf8,lrow_f65eab2891ab,TABLE_CONTAINS_LOGICAL_ROW,6852
tbl_ab2b4c98fbf8,lrow_1c4ead408698,TABLE_CONTAINS_LOGICAL_ROW,6853
tbl_ab2b4c98fbf8,lrow_786c4f5accd7,TABLE_CONTAINS_LOGICAL_ROW,6854
tbl_ab6114e2b40a,lrow_0bf5546a429d,TABLE_CONTAINS_LOGICAL_ROW,6855
tbl_ab6114e2b40a,lrow_900238f22c25,TABLE_CONTAINS_LOGICAL_ROW,6856
tbl_ab8586c19eda,lrow_76f06f82f621,TABLE_CONTAINS_LOGICAL_ROW,6857
tbl_ab8586c19eda,lrow_f6dddef6e0af,TABLE_CONTAINS_LOGICAL_ROW,6858
tbl_ab8586c19eda,lrow_217d2d1635e4,TABLE_CONTAINS_LOGICAL_ROW,6859
tbl_ab8586c19eda,lrow_5e1a237fbbda,TABLE_CONTAINS_LOGICAL_ROW,6860
tbl_ab8dfb2ed65a,lrow_df3bfb18dc27,TABLE_CONTAINS_LOGICAL_ROW,6861
tbl_abb35f3e76d9,lrow_7430be5a2ec8,TABLE_CONTAINS_LOGICAL_ROW,6862
tbl_abb35f3e76d9,lrow_6d5b3bc67c18,TABLE_CONTAINS_LOGICAL_ROW,6863
tbl_ad2e5b92c5ec,lrow_9ac8411eb942,TABLE_CONTAINS_LOGICAL_ROW,6864
tbl_ad715f4b0ee3,lrow_3ff5cc08a65b,TABLE_CONTAINS_LOGICAL_ROW,6865
tbl_adcdd2632237,lrow_afe618b542b1,TABLE_CONTAINS_LOGICAL_ROW,6866
tbl_adcdd2632237,lrow_ad5fa3c87083,TABLE_CONTAINS_LOGICAL_ROW,6867
tbl_adff20c9d42c,lrow_782175ce0ec2,TABLE_CONTAINS_LOGICAL_ROW,6868
tbl_ae378036ae0d,lrow_0c07fef04460,TABLE_CONTAINS_LOGICAL_ROW,6869
tbl_ae378036ae0d,lrow_98b1208c6741,TABLE_CONTAINS_LOGICAL_ROW,6870
tbl_b00ac7e766cb,lrow_5412877d4d45,TABLE_CONTAINS_LOGICAL_ROW,6871
tbl_b00ac7e766cb,lrow_e14dd16e8359,TABLE_CONTAINS_LOGICAL_ROW,6872
tbl_b00ac7e766cb,lrow_47af0220850b,TABLE_CONTAINS_LOGICAL_ROW,6873
tbl_b00ac7e766cb,lrow_0df56f0c2744,TABLE_CONTAINS_LOGICAL_ROW,6874
tbl_b00ac7e766cb,lrow_ea0f9ff8f99b,TABLE_CONTAINS_LOGICAL_ROW,6875
tbl_b00ac7e766cb,lrow_8e535c476be8,TABLE_CONTAINS_LOGICAL_ROW,6876
tbl_b00ac7e766cb,lrow_a6cbfa0be20e,TABLE_CONTAINS_LOGICAL_ROW,6877
tbl_b00ac7e766cb,lrow_3f8a19e05baf,TABLE_CONTAINS_LOGICAL_ROW,6878
tbl_b00ac7e766cb,lrow_c5ee229f3038,TABLE_CONTAINS_LOGICAL_ROW,6879
tbl_b00ac7e766cb,lrow_2e56ca699736,TABLE_CONTAINS_LOGICAL_ROW,6880
tbl_b00ac7e766cb,lrow_21845880c25d,TABLE_CONTAINS_LOGICAL_ROW,6881
tbl_b00ac7e766cb,lrow_1fe255f816b2,TABLE_CONTAINS_LOGICAL_ROW,6882
tbl_b00ac7e766cb,lrow_2553839c44fc,TABLE_CONTAINS_LOGICAL_ROW,6883
tbl_b039f3f6d22d,lrow_278b598b880e,TABLE_CONTAINS_LOGICAL_ROW,6884
tbl_b039f3f6d22d,lrow_440b4dacf5d1,TABLE_CONTAINS_LOGICAL_ROW,6885
tbl_b114ea8ee263,lrow_0d8dbfe7a640,TABLE_CONTAINS_LOGICAL_ROW,6886
tbl_b114ea8ee263,lrow_b7d8b509d7d0,TABLE_CONTAINS_LOGICAL_ROW,6887
tbl_b114ea8ee263,lrow_92f104e04e4c,TABLE_CONTAINS_LOGICAL_ROW,6888
tbl_b114ea8ee263,lrow_d76a1e5537e8,TABLE_CONTAINS_LOGICAL_ROW,6889
tbl_b114ea8ee263,lrow_054654ac59fd,TABLE_CONTAINS_LOGICAL_ROW,6890
tbl_b114ea8ee263,lrow_0e76ed8d7d92,TABLE_CONTAINS_LOGICAL_ROW,6891
tbl_b114ea8ee263,lrow_7af7bb5e5cc9,TABLE_CONTAINS_LOGICAL_ROW,6892
tbl_b114ea8ee263,lrow_5f7eeec91090,TABLE_CONTAINS_LOGICAL_ROW,6893
tbl_b114ea8ee263,lrow_8c5971771409,TABLE_CONTAINS_LOGICAL_ROW,6894
tbl_b114ea8ee263,lrow_036b82270749,TABLE_CONTAINS_LOGICAL_ROW,6895
tbl_b114ea8ee263,lrow_b7b9fc11bfc4,TABLE_CONTAINS_LOGICAL_ROW,6896
tbl_b114ea8ee263,lrow_2f7e7e31c0c5,TABLE_CONTAINS_LOGICAL_ROW,6897
tbl_b114ea8ee263,lrow_5ab3c31cbf75,TABLE_CONTAINS_LOGICAL_ROW,6898
tbl_b1219031fee9,lrow_d6c99dd5a1ec,TABLE_CONTAINS_LOGICAL_ROW,6899
tbl_b1219031fee9,lrow_fb77f11673a0,TABLE_CONTAINS_LOGICAL_ROW,6900
tbl_b1219031fee9,lrow_406dbf3c9042,TABLE_CONTAINS_LOGICAL_ROW,6901
tbl_b192c8ee6d70,lrow_31830a166092,TABLE_CONTAINS_LOGICAL_ROW,6902
tbl_b192c8ee6d70,lrow_50f12591d9c9,TABLE_CONTAINS_LOGICAL_ROW,6903
tbl_b192c8ee6d70,lrow_bcb711ace74d,TABLE_CONTAINS_LOGICAL_ROW,6904
tbl_b192c8ee6d70,lrow_68173fdddf49,TABLE_CONTAINS_LOGICAL_ROW,6905
tbl_b192c8ee6d70,lrow_c5a65e226183,TABLE_CONTAINS_LOGICAL_ROW,6906
tbl_b192c8ee6d70,lrow_4716d9b9ee72,TABLE_CONTAINS_LOGICAL_ROW,6907
tbl_b192c8ee6d70,lrow_6a338aacb41b,TABLE_CONTAINS_LOGICAL_ROW,6908
tbl_b192c8ee6d70,lrow_cc5c7d321f60,TABLE_CONTAINS_LOGICAL_ROW,6909
tbl_b192c8ee6d70,lrow_6d0cffa7291f,TABLE_CONTAINS_LOGICAL_ROW,6910
tbl_b1b6258df0ce,lrow_095f4d74cce7,TABLE_CONTAINS_LOGICAL_ROW,6911
tbl_b1b6258df0ce,lrow_2e760c353cd9,TABLE_CONTAINS_LOGICAL_ROW,6912
tbl_b1b6258df0ce,lrow_d7c367f3e698,TABLE_CONTAINS_LOGICAL_ROW,6913
tbl_b1b6258df0ce,lrow_99700442eb4b,TABLE_CONTAINS_LOGICAL_ROW,6914
tbl_b1b6258df0ce,lrow_8db2a43591bf,TABLE_CONTAINS_LOGICAL_ROW,6915
tbl_b1b6258df0ce,lrow_4306cd32413c,TABLE_CONTAINS_LOGICAL_ROW,6916
tbl_b1b6258df0ce,lrow_918c8723a59c,TABLE_CONTAINS_LOGICAL_ROW,6917
tbl_b2369d1e5372,lrow_c37f7cbfaeb7,TABLE_CONTAINS_LOGICAL_ROW,6918
tbl_b2369d1e5372,lrow_74f97b4954f5,TABLE_CONTAINS_LOGICAL_ROW,6919
tbl_b2369d1e5372,lrow_b71bc96d0584,TABLE_CONTAINS_LOGICAL_ROW,6920
tbl_b2369d1e5372,lrow_9f5e90782310,TABLE_CONTAINS_LOGICAL_ROW,6921
tbl_b2369d1e5372,lrow_377d2624fb8a,TABLE_CONTAINS_LOGICAL_ROW,6922
tbl_b2369d1e5372,lrow_927b84bcb45f,TABLE_CONTAINS_LOGICAL_ROW,6923
tbl_b24f59904a2d,lrow_0e7f91ff333a,TABLE_CONTAINS_LOGICAL_ROW,6924
tbl_b24f59904a2d,lrow_25122f8ab5ea,TABLE_CONTAINS_LOGICAL_ROW,6925
tbl_b24f59904a2d,lrow_fc89554f5e2e,TABLE_CONTAINS_LOGICAL_ROW,6926
tbl_b24f59904a2d,lrow_d501d126dee4,TABLE_CONTAINS_LOGICAL_ROW,6927
tbl_b24f59904a2d,lrow_1b094a846fb0,TABLE_CONTAINS_LOGICAL_ROW,6928
tbl_b24f59904a2d,lrow_f5acc4fd5af1,TABLE_CONTAINS_LOGICAL_ROW,6929
tbl_b24f59904a2d,lrow_343b0ec8cc40,TABLE_CONTAINS_LOGICAL_ROW,6930
tbl_b24f59904a2d,lrow_f1df8b5e39ea,TABLE_CONTAINS_LOGICAL_ROW,6931
tbl_b24f59904a2d,lrow_32c4356539b4,TABLE_CONTAINS_LOGICAL_ROW,6932
tbl_b24f59904a2d,lrow_92fa7f98df8d,TABLE_CONTAINS_LOGICAL_ROW,6933
tbl_b24f59904a2d,lrow_c950d9ae215f,TABLE_CONTAINS_LOGICAL_ROW,6934
tbl_b24f59904a2d,lrow_e9a8fa2b7156,TABLE_CONTAINS_LOGICAL_ROW,6935
tbl_b24f59904a2d,lrow_41983cfdf2db,TABLE_CONTAINS_LOGICAL_ROW,6936
tbl_b24f59904a2d,lrow_cf27ecea4d35,TABLE_CONTAINS_LOGICAL_ROW,6937
tbl_b24f59904a2d,lrow_f51bff6ab39e,TABLE_CONTAINS_LOGICAL_ROW,6938
tbl_b24f59904a2d,lrow_4601dd85e166,TABLE_CONTAINS_LOGICAL_ROW,6939
tbl_b24f59904a2d,lrow_e45c55ab2698,TABLE_CONTAINS_LOGICAL_ROW,6940
tbl_b24f59904a2d,lrow_68db520e3987,TABLE_CONTAINS_LOGICAL_ROW,6941
tbl_b24f59904a2d,lrow_96ff74109ad3,TABLE_CONTAINS_LOGICAL_ROW,6942
tbl_b24f59904a2d,lrow_2bd268646961,TABLE_CONTAINS_LOGICAL_ROW,6943
tbl_b24f59904a2d,lrow_9d2d601d0801,TABLE_CONTAINS_LOGICAL_ROW,6944
tbl_b24f59904a2d,lrow_eb959a01037f,TABLE_CONTAINS_LOGICAL_ROW,6945
tbl_b24f59904a2d,lrow_3032e183841d,TABLE_CONTAINS_LOGICAL_ROW,6946
tbl_b24f59904a2d,lrow_9471b7f8860f,TABLE_CONTAINS_LOGICAL_ROW,6947
tbl_b24f59904a2d,lrow_667e07e0b760,TABLE_CONTAINS_LOGICAL_ROW,6948
tbl_b24f59904a2d,lrow_c138f16d37f0,TABLE_CONTAINS_LOGICAL_ROW,6949
tbl_b24f59904a2d,lrow_b89fe4c80d3e,TABLE_CONTAINS_LOGICAL_ROW,6950
tbl_b24f59904a2d,lrow_36a826af0f8f,TABLE_CONTAINS_LOGICAL_ROW,6951
tbl_b24f59904a2d,lrow_45168ae20a93,TABLE_CONTAINS_LOGICAL_ROW,6952
tbl_b24f59904a2d,lrow_2e107e5a96a3,TABLE_CONTAINS_LOGICAL_ROW,6953
tbl_b24f59904a2d,lrow_73d1e5da1f23,TABLE_CONTAINS_LOGICAL_ROW,6954
tbl_b24f59904a2d,lrow_a94b2a79fbc2,TABLE_CONTAINS_LOGICAL_ROW,6955
tbl_b24f59904a2d,lrow_023d27af7adf,TABLE_CONTAINS_LOGICAL_ROW,6956
tbl_b24f59904a2d,lrow_97609c71dbb7,TABLE_CONTAINS_LOGICAL_ROW,6957
tbl_b24f59904a2d,lrow_f909a7e21c15,TABLE_CONTAINS_LOGICAL_ROW,6958
tbl_b24f59904a2d,lrow_e8ae4353afe1,TABLE_CONTAINS_LOGICAL_ROW,6959
tbl_b24f59904a2d,lrow_6669bf546685,TABLE_CONTAINS_LOGICAL_ROW,6960
tbl_b24f59904a2d,lrow_ecb215594cbd,TABLE_CONTAINS_LOGICAL_ROW,6961
tbl_b24f59904a2d,lrow_a6ccf8a3edba,TABLE_CONTAINS_LOGICAL_ROW,6962
tbl_b24f59904a2d,lrow_ef3ad0b9c06a,TABLE_CONTAINS_LOGICAL_ROW,6963
tbl_b24f59904a2d,lrow_707569c268ab,TABLE_CONTAINS_LOGICAL_ROW,6964
tbl_b24f59904a2d,lrow_3c2171999608,TABLE_CONTAINS_LOGICAL_ROW,6965
tbl_b24f59904a2d,lrow_3af33a6fca07,TABLE_CONTAINS_LOGICAL_ROW,6966
tbl_b24f59904a2d,lrow_fbad0e699a52,TABLE_CONTAINS_LOGICAL_ROW,6967
tbl_b24f59904a2d,lrow_745aa6bfa8d9,TABLE_CONTAINS_LOGICAL_ROW,6968
tbl_b24f59904a2d,lrow_3d22ec7b2504,TABLE_CONTAINS_LOGICAL_ROW,6969
tbl_b24f59904a2d,lrow_cec1063140ad,TABLE_CONTAINS_LOGICAL_ROW,6970
tbl_b24f59904a2d,lrow_7ccbcae08661,TABLE_CONTAINS_LOGICAL_ROW,6971
tbl_b24f59904a2d,lrow_933e089cc48a,TABLE_CONTAINS_LOGICAL_ROW,6972
tbl_b24f59904a2d,lrow_51b9ea08badb,TABLE_CONTAINS_LOGICAL_ROW,6973
tbl_b24f59904a2d,lrow_609afd4461b1,TABLE_CONTAINS_LOGICAL_ROW,6974
tbl_b24f59904a2d,lrow_5f774ed8ea63,TABLE_CONTAINS_LOGICAL_ROW,6975
tbl_b24f59904a2d,lrow_f1391d33ae22,TABLE_CONTAINS_LOGICAL_ROW,6976
tbl_b3357d03c74b,lrow_2a984edec77e,TABLE_CONTAINS_LOGICAL_ROW,6977
tbl_b3357d03c74b,lrow_1809a6c15cd9,TABLE_CONTAINS_LOGICAL_ROW,6978
tbl_b3357d03c74b,lrow_7cd6dd773406,TABLE_CONTAINS_LOGICAL_ROW,6979
tbl_b4206e4166b9,lrow_f5feaf37397d,TABLE_CONTAINS_LOGICAL_ROW,6980
tbl_b4206e4166b9,lrow_9aca78305028,TABLE_CONTAINS_LOGICAL_ROW,6981
tbl_b4206e4166b9,lrow_edd9c5f37d26,TABLE_CONTAINS_LOGICAL_ROW,6982
tbl_b4206e4166b9,lrow_c072510abff7,TABLE_CONTAINS_LOGICAL_ROW,6983
tbl_b4206e4166b9,lrow_d39e0a7ba296,TABLE_CONTAINS_LOGICAL_ROW,6984
tbl_b4206e4166b9,lrow_7c65a5a463da,TABLE_CONTAINS_LOGICAL_ROW,6985
tbl_b4206e4166b9,lrow_e08d7a9fa018,TABLE_CONTAINS_LOGICAL_ROW,6986
tbl_b4206e4166b9,lrow_2a6fa1f51a40,TABLE_CONTAINS_LOGICAL_ROW,6987
tbl_b4206e4166b9,lrow_539d5dc83e36,TABLE_CONTAINS_LOGICAL_ROW,6988
tbl_b4206e4166b9,lrow_630634189957,TABLE_CONTAINS_LOGICAL_ROW,6989
tbl_b4206e4166b9,lrow_7772d1bb4c86,TABLE_CONTAINS_LOGICAL_ROW,6990
tbl_b4206e4166b9,lrow_3275b5b5478b,TABLE_CONTAINS_LOGICAL_ROW,6991
tbl_b4206e4166b9,lrow_c19b754df695,TABLE_CONTAINS_LOGICAL_ROW,6992
tbl_b53a3b9eec63,lrow_b710edaa4395,TABLE_CONTAINS_LOGICAL_ROW,6993
tbl_b53a3b9eec63,lrow_cb152764b450,TABLE_CONTAINS_LOGICAL_ROW,6994
tbl_b53a3b9eec63,lrow_d0c674f934e7,TABLE_CONTAINS_LOGICAL_ROW,6995
tbl_b5751e2859f9,lrow_60710b37b88e,TABLE_CONTAINS_LOGICAL_ROW,6996
tbl_b73644d95597,lrow_d6bbd69a4784,TABLE_CONTAINS_LOGICAL_ROW,6997
tbl_b73644d95597,lrow_7eaf1c70532e,TABLE_CONTAINS_LOGICAL_ROW,6998
tbl_b73644d95597,lrow_661d0c3382dc,TABLE_CONTAINS_LOGICAL_ROW,6999
tbl_b73644d95597,lrow_d9aac9a6643e,TABLE_CONTAINS_LOGICAL_ROW,7000
tbl_b73644d95597,lrow_6484895a5db4,TABLE_CONTAINS_LOGICAL_ROW,7001
tbl_b73644d95597,lrow_9211b8daefd8,TABLE_CONTAINS_LOGICAL_ROW,7002
tbl_b73644d95597,lrow_cb027678ed55,TABLE_CONTAINS_LOGICAL_ROW,7003
tbl_b73644d95597,lrow_29b7325b962f,TABLE_CONTAINS_LOGICAL_ROW,7004
tbl_b73644d95597,lrow_cd748bbc6009,TABLE_CONTAINS_LOGICAL_ROW,7005
tbl_b73644d95597,lrow_e5838f0003f4,TABLE_CONTAINS_LOGICAL_ROW,7006
tbl_b73644d95597,lrow_063c04f6c855,TABLE_CONTAINS_LOGICAL_ROW,7007
tbl_b73644d95597,lrow_19c5061c5f4a,TABLE_CONTAINS_LOGICAL_ROW,7008
tbl_b73644d95597,lrow_35c58cb9356f,TABLE_CONTAINS_LOGICAL_ROW,7009
tbl_b73644d95597,lrow_68872ce8429b,TABLE_CONTAINS_LOGICAL_ROW,7010
tbl_b73644d95597,lrow_22683ec07e96,TABLE_CONTAINS_LOGICAL_ROW,7011
tbl_b73644d95597,lrow_160a6ec55730,TABLE_CONTAINS_LOGICAL_ROW,7012
tbl_b73644d95597,lrow_2861aadd1abe,TABLE_CONTAINS_LOGICAL_ROW,7013
tbl_b73644d95597,lrow_9dc4471eb725,TABLE_CONTAINS_LOGICAL_ROW,7014
tbl_b76fd6a88a95,lrow_e7fea8d9c50e,TABLE_CONTAINS_LOGICAL_ROW,7015
tbl_b80a126d8aca,lrow_ac490c736e43,TABLE_CONTAINS_LOGICAL_ROW,7016
tbl_b80a126d8aca,lrow_c6f1c651f216,TABLE_CONTAINS_LOGICAL_ROW,7017
tbl_b80a382105b6,lrow_5e8f74fbd29e,TABLE_CONTAINS_LOGICAL_ROW,7018
tbl_b80a382105b6,lrow_4bfe1e213979,TABLE_CONTAINS_LOGICAL_ROW,7019
tbl_b80a382105b6,lrow_2298f00aa465,TABLE_CONTAINS_LOGICAL_ROW,7020
tbl_b8ef1155a801,lrow_d8176935ec9a,TABLE_CONTAINS_LOGICAL_ROW,7021
tbl_b8ef1155a801,lrow_a955d07e8796,TABLE_CONTAINS_LOGICAL_ROW,7022
tbl_b8ef1155a801,lrow_4a207709ef11,TABLE_CONTAINS_LOGICAL_ROW,7023
tbl_ba389c70e672,lrow_8e6e4285da47,TABLE_CONTAINS_LOGICAL_ROW,7024
tbl_ba389c70e672,lrow_efd2fc63cf0a,TABLE_CONTAINS_LOGICAL_ROW,7025
tbl_ba389c70e672,lrow_c1ad94a32765,TABLE_CONTAINS_LOGICAL_ROW,7026
tbl_ba389c70e672,lrow_232ef4f0d131,TABLE_CONTAINS_LOGICAL_ROW,7027
tbl_ba389c70e672,lrow_0b46a0bb9c3a,TABLE_CONTAINS_LOGICAL_ROW,7028
tbl_ba389c70e672,lrow_408689f6273d,TABLE_CONTAINS_LOGICAL_ROW,7029
tbl_ba389c70e672,lrow_263f2b754a43,TABLE_CONTAINS_LOGICAL_ROW,7030
tbl_ba389c70e672,lrow_c9d08e9b9e05,TABLE_CONTAINS_LOGICAL_ROW,7031
tbl_ba389c70e672,lrow_28a9583aa5ab,TABLE_CONTAINS_LOGICAL_ROW,7032
tbl_ba389c70e672,lrow_a4d6bd6b268f,TABLE_CONTAINS_LOGICAL_ROW,7033
tbl_ba80330f12ce,lrow_15bf82e62781,TABLE_CONTAINS_LOGICAL_ROW,7034
tbl_ba80330f12ce,lrow_a8d78b8b3f3b,TABLE_CONTAINS_LOGICAL_ROW,7035
tbl_ba80330f12ce,lrow_6c959a2dd6d4,TABLE_CONTAINS_LOGICAL_ROW,7036
tbl_bab76d357b83,lrow_58e1afbde9e6,TABLE_CONTAINS_LOGICAL_ROW,7037
tbl_bae31e6b3eae,lrow_4f281ec40442,TABLE_CONTAINS_LOGICAL_ROW,7038
tbl_bae31e6b3eae,lrow_55f8afe65a19,TABLE_CONTAINS_LOGICAL_ROW,7039
tbl_bae31e6b3eae,lrow_bd3305cdc9aa,TABLE_CONTAINS_LOGICAL_ROW,7040
tbl_bb65771e06a1,lrow_206d9664b92a,TABLE_CONTAINS_LOGICAL_ROW,7041
tbl_bb65771e06a1,lrow_95f8673cc0d4,TABLE_CONTAINS_LOGICAL_ROW,7042
tbl_bba7ad790682,lrow_cc53ede800d7,TABLE_CONTAINS_LOGICAL_ROW,7043
tbl_bba7ad790682,lrow_039af2c92f9f,TABLE_CONTAINS_LOGICAL_ROW,7044
tbl_bbe90a813499,lrow_0325e1f42448,TABLE_CONTAINS_LOGICAL_ROW,7045
tbl_bc1fa0212900,lrow_882a71da1d12,TABLE_CONTAINS_LOGICAL_ROW,7046
tbl_bc1fa0212900,lrow_bb0b03656a8b,TABLE_CONTAINS_LOGICAL_ROW,7047
tbl_bc1fa0212900,lrow_4a8e4912327e,TABLE_CONTAINS_LOGICAL_ROW,7048
tbl_bc1fa0212900,lrow_323706f83bc4,TABLE_CONTAINS_LOGICAL_ROW,7049
tbl_bc1fa0212900,lrow_14340c24a7b3,TABLE_CONTAINS_LOGICAL_ROW,7050
tbl_bc1fa0212900,lrow_9daacb64212d,TABLE_CONTAINS_LOGICAL_ROW,7051
tbl_bc1fa0212900,lrow_5bfa32f8ad78,TABLE_CONTAINS_LOGICAL_ROW,7052
tbl_bc1fa0212900,lrow_88a9622d9f00,TABLE_CONTAINS_LOGICAL_ROW,7053
tbl_bc1fa0212900,lrow_1eda63fccc15,TABLE_CONTAINS_LOGICAL_ROW,7054
tbl_bc1fa0212900,lrow_be3dc03e779a,TABLE_CONTAINS_LOGICAL_ROW,7055
tbl_bc1fa0212900,lrow_5dfd5620f6c6,TABLE_CONTAINS_LOGICAL_ROW,7056
tbl_bc1fa0212900,lrow_01c9d00068d1,TABLE_CONTAINS_LOGICAL_ROW,7057
tbl_bc1fa0212900,lrow_f99c5e52cea2,TABLE_CONTAINS_LOGICAL_ROW,7058
tbl_bc1fa0212900,lrow_543ccfe9aa12,TABLE_CONTAINS_LOGICAL_ROW,7059
tbl_bc1fa0212900,lrow_efeeab30c6ee,TABLE_CONTAINS_LOGICAL_ROW,7060
tbl_bc1fa0212900,lrow_57ed2bf144aa,TABLE_CONTAINS_LOGICAL_ROW,7061
tbl_bc1fa0212900,lrow_c0dcc3729ee4,TABLE_CONTAINS_LOGICAL_ROW,7062
tbl_bc1fa0212900,lrow_890cf6bd8006,TABLE_CONTAINS_LOGICAL_ROW,7063
tbl_bc1fa0212900,lrow_fab5d98a8af3,TABLE_CONTAINS_LOGICAL_ROW,7064
tbl_bc1fa0212900,lrow_d4444b4579ac,TABLE_CONTAINS_LOGICAL_ROW,7065
tbl_bc1fa0212900,lrow_df82667808e8,TABLE_CONTAINS_LOGICAL_ROW,7066
tbl_bc1fa0212900,lrow_a44422de952e,TABLE_CONTAINS_LOGICAL_ROW,7067
tbl_bc1fa0212900,lrow_cf516af13ef7,TABLE_CONTAINS_LOGICAL_ROW,7068
tbl_bc1fa0212900,lrow_64d956ef4ecf,TABLE_CONTAINS_LOGICAL_ROW,7069
tbl_bc1fa0212900,lrow_806c35990279,TABLE_CONTAINS_LOGICAL_ROW,7070
tbl_bc1fa0212900,lrow_1aa5a0f3b6fd,TABLE_CONTAINS_LOGICAL_ROW,7071
tbl_bc1fa0212900,lrow_0a9c2f901f89,TABLE_CONTAINS_LOGICAL_ROW,7072
tbl_bc1fa0212900,lrow_715ca1ec2c5e,TABLE_CONTAINS_LOGICAL_ROW,7073
tbl_bc1fa0212900,lrow_a10f65d485da,TABLE_CONTAINS_LOGICAL_ROW,7074
tbl_bc1fa0212900,lrow_3af20fb28b38,TABLE_CONTAINS_LOGICAL_ROW,7075
tbl_bc1fa0212900,lrow_e0acb608bdfe,TABLE_CONTAINS_LOGICAL_ROW,7076
tbl_bc1fa0212900,lrow_acc936f7322e,TABLE_CONTAINS_LOGICAL_ROW,7077
tbl_bc1fa0212900,lrow_d17d61a272ed,TABLE_CONTAINS_LOGICAL_ROW,7078
tbl_bc1fa0212900,lrow_ad81c28ba759,TABLE_CONTAINS_LOGICAL_ROW,7079
tbl_bc1fa0212900,lrow_939977b7689f,TABLE_CONTAINS_LOGICAL_ROW,7080
tbl_bc1fa0212900,lrow_a3d570efea53,TABLE_CONTAINS_LOGICAL_ROW,7081
tbl_bc1fa0212900,lrow_18fa2a120064,TABLE_CONTAINS_LOGICAL_ROW,7082
tbl_bc1fa0212900,lrow_36c2700c9cc6,TABLE_CONTAINS_LOGICAL_ROW,7083
tbl_bc1fa0212900,lrow_d013a1c609b7,TABLE_CONTAINS_LOGICAL_ROW,7084
tbl_bc1fa0212900,lrow_34207d03ab84,TABLE_CONTAINS_LOGICAL_ROW,7085
tbl_bc1fa0212900,lrow_9511cd9a3409,TABLE_CONTAINS_LOGICAL_ROW,7086
tbl_bc1fa0212900,lrow_7a697f85432c,TABLE_CONTAINS_LOGICAL_ROW,7087
tbl_bc1fa0212900,lrow_ecc027308363,TABLE_CONTAINS_LOGICAL_ROW,7088
tbl_bc1fa0212900,lrow_967043c9938c,TABLE_CONTAINS_LOGICAL_ROW,7089
tbl_bc1fa0212900,lrow_a2ec5c3f54f9,TABLE_CONTAINS_LOGICAL_ROW,7090
tbl_bc1fa0212900,lrow_16720832625c,TABLE_CONTAINS_LOGICAL_ROW,7091
tbl_bc1fa0212900,lrow_7a59596da99f,TABLE_CONTAINS_LOGICAL_ROW,7092
tbl_bc1fa0212900,lrow_6f7e78007486,TABLE_CONTAINS_LOGICAL_ROW,7093
tbl_bc1fa0212900,lrow_3f7f41660f51,TABLE_CONTAINS_LOGICAL_ROW,7094
tbl_bdb2587833b6,lrow_5754b3d93876,TABLE_CONTAINS_LOGICAL_ROW,7095
tbl_bdd1626282dd,lrow_6577b29320e2,TABLE_CONTAINS_LOGICAL_ROW,7096
tbl_bdd1626282dd,lrow_71f98a37ab2d,TABLE_CONTAINS_LOGICAL_ROW,7097
tbl_bdd1626282dd,lrow_c8a237d0d5ee,TABLE_CONTAINS_LOGICAL_ROW,7098
tbl_bea5b940bc19,lrow_828c97151d29,TABLE_CONTAINS_LOGICAL_ROW,7099
tbl_bea5b940bc19,lrow_736bd49906da,TABLE_CONTAINS_LOGICAL_ROW,7100
tbl_bea5b940bc19,lrow_bbddd4808431,TABLE_CONTAINS_LOGICAL_ROW,7101
tbl_c0216a8e4e03,lrow_02de5dac3c61,TABLE_CONTAINS_LOGICAL_ROW,7102
tbl_c0216a8e4e03,lrow_939ed2d414ae,TABLE_CONTAINS_LOGICAL_ROW,7103
tbl_c02a806a8769,lrow_e1423556cdc2,TABLE_CONTAINS_LOGICAL_ROW,7104
tbl_c02a806a8769,lrow_f8ea0060f04c,TABLE_CONTAINS_LOGICAL_ROW,7105
tbl_c02a806a8769,lrow_b62bf53627f5,TABLE_CONTAINS_LOGICAL_ROW,7106
tbl_c02a806a8769,lrow_4bd65f2eb940,TABLE_CONTAINS_LOGICAL_ROW,7107
tbl_c02a806a8769,lrow_4deafffcb3d4,TABLE_CONTAINS_LOGICAL_ROW,7108
tbl_c02a806a8769,lrow_dbeddd92cb31,TABLE_CONTAINS_LOGICAL_ROW,7109
tbl_c02a806a8769,lrow_36ce066cdf8c,TABLE_CONTAINS_LOGICAL_ROW,7110
tbl_c02a806a8769,lrow_072e61a953dd,TABLE_CONTAINS_LOGICAL_ROW,7111
tbl_c02a806a8769,lrow_5a5b6f13bb08,TABLE_CONTAINS_LOGICAL_ROW,7112
tbl_c02a806a8769,lrow_2b8d8eec6963,TABLE_CONTAINS_LOGICAL_ROW,7113
tbl_c02a806a8769,lrow_4acf4dff81ae,TABLE_CONTAINS_LOGICAL_ROW,7114
tbl_c02a806a8769,lrow_eb117652c540,TABLE_CONTAINS_LOGICAL_ROW,7115
tbl_c02a806a8769,lrow_19b0edabf4ef,TABLE_CONTAINS_LOGICAL_ROW,7116
tbl_c02a806a8769,lrow_228a9e079390,TABLE_CONTAINS_LOGICAL_ROW,7117
tbl_c02a806a8769,lrow_7241a92ccd57,TABLE_CONTAINS_LOGICAL_ROW,7118
tbl_c02a806a8769,lrow_83f2cee3a590,TABLE_CONTAINS_LOGICAL_ROW,7119
tbl_c02a806a8769,lrow_a8b0206099c0,TABLE_CONTAINS_LOGICAL_ROW,7120
tbl_c02a806a8769,lrow_89bcfa73b4f0,TABLE_CONTAINS_LOGICAL_ROW,7121
tbl_c02a806a8769,lrow_3948aa528566,TABLE_CONTAINS_LOGICAL_ROW,7122
tbl_c02a806a8769,lrow_bf15cae7f16c,TABLE_CONTAINS_LOGICAL_ROW,7123
tbl_c02a806a8769,lrow_e182c6bdb27e,TABLE_CONTAINS_LOGICAL_ROW,7124
tbl_c02a806a8769,lrow_030495aed86a,TABLE_CONTAINS_LOGICAL_ROW,7125
tbl_c02a806a8769,lrow_4a7a9af66f1a,TABLE_CONTAINS_LOGICAL_ROW,7126
tbl_c02a806a8769,lrow_5e8ebd34c204,TABLE_CONTAINS_LOGICAL_ROW,7127
tbl_c02a806a8769,lrow_ce34ef041bf3,TABLE_CONTAINS_LOGICAL_ROW,7128
tbl_c02a806a8769,lrow_4b8b494a8dac,TABLE_CONTAINS_LOGICAL_ROW,7129
tbl_c02a806a8769,lrow_1f00750edd23,TABLE_CONTAINS_LOGICAL_ROW,7130
tbl_c02a806a8769,lrow_388339654d4a,TABLE_CONTAINS_LOGICAL_ROW,7131
tbl_c02a806a8769,lrow_b4ce2c7dc383,TABLE_CONTAINS_LOGICAL_ROW,7132
tbl_c02a806a8769,lrow_a61128f551a1,TABLE_CONTAINS_LOGICAL_ROW,7133
tbl_c02a806a8769,lrow_6ed779673a97,TABLE_CONTAINS_LOGICAL_ROW,7134
tbl_c02a806a8769,lrow_addcf49e92e6,TABLE_CONTAINS_LOGICAL_ROW,7135
tbl_c02a806a8769,lrow_0fd8f0dfa411,TABLE_CONTAINS_LOGICAL_ROW,7136
tbl_c02a806a8769,lrow_d54ac4e879d9,TABLE_CONTAINS_LOGICAL_ROW,7137
tbl_c02a806a8769,lrow_05dcfd5fdb94,TABLE_CONTAINS_LOGICAL_ROW,7138
tbl_c02a806a8769,lrow_9a58c24762d1,TABLE_CONTAINS_LOGICAL_ROW,7139
tbl_c02a806a8769,lrow_2441af10fa53,TABLE_CONTAINS_LOGICAL_ROW,7140
tbl_c02a806a8769,lrow_9a0797cbc4b0,TABLE_CONTAINS_LOGICAL_ROW,7141
tbl_c02a806a8769,lrow_1ce9f29fbc7f,TABLE_CONTAINS_LOGICAL_ROW,7142
tbl_c02a806a8769,lrow_c11404e6821a,TABLE_CONTAINS_LOGICAL_ROW,7143
tbl_c02a806a8769,lrow_fd4d2ec5c730,TABLE_CONTAINS_LOGICAL_ROW,7144
tbl_c02a806a8769,lrow_591ed36f51b2,TABLE_CONTAINS_LOGICAL_ROW,7145
tbl_c02a806a8769,lrow_ea27ea8a4e84,TABLE_CONTAINS_LOGICAL_ROW,7146
tbl_c02a806a8769,lrow_1e6b9e2230d4,TABLE_CONTAINS_LOGICAL_ROW,7147
tbl_c02a806a8769,lrow_1cfe1e1223b6,TABLE_CONTAINS_LOGICAL_ROW,7148
tbl_c02a806a8769,lrow_225834f0ad13,TABLE_CONTAINS_LOGICAL_ROW,7149
tbl_c02a806a8769,lrow_edace4ed7438,TABLE_CONTAINS_LOGICAL_ROW,7150
tbl_c02a806a8769,lrow_c68da5f599a3,TABLE_CONTAINS_LOGICAL_ROW,7151
tbl_c02a806a8769,lrow_ec9491b02e6f,TABLE_CONTAINS_LOGICAL_ROW,7152
tbl_c02a806a8769,lrow_3571e6fe055a,TABLE_CONTAINS_LOGICAL_ROW,7153
tbl_c02a806a8769,lrow_070fceb65a72,TABLE_CONTAINS_LOGICAL_ROW,7154
tbl_c02a806a8769,lrow_eaa2b5a5c681,TABLE_CONTAINS_LOGICAL_ROW,7155
tbl_c02a806a8769,lrow_df3b0205bc27,TABLE_CONTAINS_LOGICAL_ROW,7156
tbl_c02a806a8769,lrow_85c6c78f725b,TABLE_CONTAINS_LOGICAL_ROW,7157
tbl_c02a806a8769,lrow_ef78a37ef015,TABLE_CONTAINS_LOGICAL_ROW,7158
tbl_c02a806a8769,lrow_23a2aa0bf863,TABLE_CONTAINS_LOGICAL_ROW,7159
tbl_c02a806a8769,lrow_9c62f8fa9bdc,TABLE_CONTAINS_LOGICAL_ROW,7160
tbl_c02a806a8769,lrow_ce0cf57a0fad,TABLE_CONTAINS_LOGICAL_ROW,7161
tbl_c02a806a8769,lrow_55f1f9bedb30,TABLE_CONTAINS_LOGICAL_ROW,7162
tbl_c02a806a8769,lrow_ad45b1d344ed,TABLE_CONTAINS_LOGICAL_ROW,7163
tbl_c02a806a8769,lrow_606bc760e041,TABLE_CONTAINS_LOGICAL_ROW,7164
tbl_c02a806a8769,lrow_8074a693c55c,TABLE_CONTAINS_LOGICAL_ROW,7165
tbl_c02a806a8769,lrow_8367c9cabd44,TABLE_CONTAINS_LOGICAL_ROW,7166
tbl_c02a806a8769,lrow_109175b81098,TABLE_CONTAINS_LOGICAL_ROW,7167
tbl_c02a806a8769,lrow_bf9c342d38d0,TABLE_CONTAINS_LOGICAL_ROW,7168
tbl_c02a806a8769,lrow_f62dc3b956b2,TABLE_CONTAINS_LOGICAL_ROW,7169
tbl_c02a806a8769,lrow_86f3dd3aa049,TABLE_CONTAINS_LOGICAL_ROW,7170
tbl_c02a806a8769,lrow_4f3c37437da3,TABLE_CONTAINS_LOGICAL_ROW,7171
tbl_c02a806a8769,lrow_257368af7086,TABLE_CONTAINS_LOGICAL_ROW,7172
tbl_c02a806a8769,lrow_a39ff50cad49,TABLE_CONTAINS_LOGICAL_ROW,7173
tbl_c02a806a8769,lrow_5f3278d28881,TABLE_CONTAINS_LOGICAL_ROW,7174
tbl_c02a806a8769,lrow_677825709951,TABLE_CONTAINS_LOGICAL_ROW,7175
tbl_c02a806a8769,lrow_60168c9f5968,TABLE_CONTAINS_LOGICAL_ROW,7176
tbl_c02a806a8769,lrow_b092fea31368,TABLE_CONTAINS_LOGICAL_ROW,7177
tbl_c02a806a8769,lrow_33b1f138df3e,TABLE_CONTAINS_LOGICAL_ROW,7178
tbl_c02a806a8769,lrow_99a77f1a7835,TABLE_CONTAINS_LOGICAL_ROW,7179
tbl_c02a806a8769,lrow_160ffe377a4a,TABLE_CONTAINS_LOGICAL_ROW,7180
tbl_c02a806a8769,lrow_0224560cbace,TABLE_CONTAINS_LOGICAL_ROW,7181
tbl_c02a806a8769,lrow_04cec6385209,TABLE_CONTAINS_LOGICAL_ROW,7182
tbl_c02a806a8769,lrow_8eb1ba8e5607,TABLE_CONTAINS_LOGICAL_ROW,7183
tbl_c02a806a8769,lrow_033c00bdf3ac,TABLE_CONTAINS_LOGICAL_ROW,7184
tbl_c02a806a8769,lrow_b5e87ecb8c0b,TABLE_CONTAINS_LOGICAL_ROW,7185
tbl_c02a806a8769,lrow_90ad2eaab5d0,TABLE_CONTAINS_LOGICAL_ROW,7186
tbl_c02a806a8769,lrow_28a5cce94832,TABLE_CONTAINS_LOGICAL_ROW,7187
tbl_c02a806a8769,lrow_6d452bb7034c,TABLE_CONTAINS_LOGICAL_ROW,7188
tbl_c02a806a8769,lrow_4fdbdb26a17c,TABLE_CONTAINS_LOGICAL_ROW,7189
tbl_c02a806a8769,lrow_e5859f5461fe,TABLE_CONTAINS_LOGICAL_ROW,7190
tbl_c02a806a8769,lrow_9496214fe004,TABLE_CONTAINS_LOGICAL_ROW,7191
tbl_c02a806a8769,lrow_63423a301795,TABLE_CONTAINS_LOGICAL_ROW,7192
tbl_c02a806a8769,lrow_9ac5e59b2796,TABLE_CONTAINS_LOGICAL_ROW,7193
tbl_c02a806a8769,lrow_8b8fd7843e5e,TABLE_CONTAINS_LOGICAL_ROW,7194
tbl_c02a806a8769,lrow_bf266d6a0b24,TABLE_CONTAINS_LOGICAL_ROW,7195
tbl_c02a806a8769,lrow_9fb9361b3f44,TABLE_CONTAINS_LOGICAL_ROW,7196
tbl_c02a806a8769,lrow_733aa4fcf658,TABLE_CONTAINS_LOGICAL_ROW,7197
tbl_c02a806a8769,lrow_ee1f86522eab,TABLE_CONTAINS_LOGICAL_ROW,7198
tbl_c02a806a8769,lrow_481592893989,TABLE_CONTAINS_LOGICAL_ROW,7199
tbl_c02a806a8769,lrow_414a43a3b181,TABLE_CONTAINS_LOGICAL_ROW,7200
tbl_c02a806a8769,lrow_9628687077f6,TABLE_CONTAINS_LOGICAL_ROW,7201
tbl_c02a806a8769,lrow_88b941b3bc15,TABLE_CONTAINS_LOGICAL_ROW,7202
tbl_c02a806a8769,lrow_de48a4f29b51,TABLE_CONTAINS_LOGICAL_ROW,7203
tbl_c02a806a8769,lrow_bf22420c9bb3,TABLE_CONTAINS_LOGICAL_ROW,7204
tbl_c02a806a8769,lrow_4e8c2fabbef0,TABLE_CONTAINS_LOGICAL_ROW,7205
tbl_c02a806a8769,lrow_6b661ebaf0de,TABLE_CONTAINS_LOGICAL_ROW,7206
tbl_c02a806a8769,lrow_c0a4acfdd9c7,TABLE_CONTAINS_LOGICAL_ROW,7207
tbl_c02a806a8769,lrow_d111cd58a225,TABLE_CONTAINS_LOGICAL_ROW,7208
tbl_c02a806a8769,lrow_3521e23d310c,TABLE_CONTAINS_LOGICAL_ROW,7209
tbl_c02a806a8769,lrow_22c6df9f6b13,TABLE_CONTAINS_LOGICAL_ROW,7210
tbl_c02a806a8769,lrow_3018e745d739,TABLE_CONTAINS_LOGICAL_ROW,7211
tbl_c02a806a8769,lrow_086218d89c04,TABLE_CONTAINS_LOGICAL_ROW,7212
tbl_c02a806a8769,lrow_2d5759e48044,TABLE_CONTAINS_LOGICAL_ROW,7213
tbl_c02a806a8769,lrow_af0f36f4e20f,TABLE_CONTAINS_LOGICAL_ROW,7214
tbl_c02a806a8769,lrow_7ba4e9cb48e4,TABLE_CONTAINS_LOGICAL_ROW,7215
tbl_c02a806a8769,lrow_2ff3a02c7869,TABLE_CONTAINS_LOGICAL_ROW,7216
tbl_c02a806a8769,lrow_191167634b9f,TABLE_CONTAINS_LOGICAL_ROW,7217
tbl_c02a806a8769,lrow_ba24d767860b,TABLE_CONTAINS_LOGICAL_ROW,7218
tbl_c02a806a8769,lrow_8f6fac57f95e,TABLE_CONTAINS_LOGICAL_ROW,7219
tbl_c02a806a8769,lrow_a8583a30a1e0,TABLE_CONTAINS_LOGICAL_ROW,7220
tbl_c02a806a8769,lrow_6bf285279073,TABLE_CONTAINS_LOGICAL_ROW,7221
tbl_c02a806a8769,lrow_fafe2e024907,TABLE_CONTAINS_LOGICAL_ROW,7222
tbl_c02a806a8769,lrow_ea09a6d56bcf,TABLE_CONTAINS_LOGICAL_ROW,7223
tbl_c02a806a8769,lrow_a1382cd4186b,TABLE_CONTAINS_LOGICAL_ROW,7224
tbl_c07bc916f8df,lrow_fe28e7b7693d,TABLE_CONTAINS_LOGICAL_ROW,7225
tbl_c1187347521e,lrow_222cb636008a,TABLE_CONTAINS_LOGICAL_ROW,7226
tbl_c1187347521e,lrow_6ace5310f96f,TABLE_CONTAINS_LOGICAL_ROW,7227
tbl_c12520e8d532,lrow_9370bd88aba3,TABLE_CONTAINS_LOGICAL_ROW,7228
tbl_c1a74fa1a5e9,lrow_03df843a35eb,TABLE_CONTAINS_LOGICAL_ROW,7229
tbl_c1a74fa1a5e9,lrow_9b56b4cf6a50,TABLE_CONTAINS_LOGICAL_ROW,7230
tbl_c1a8f9cbd4e4,lrow_560caa120a4a,TABLE_CONTAINS_LOGICAL_ROW,7231
tbl_c1a8f9cbd4e4,lrow_cf77758b2a19,TABLE_CONTAINS_LOGICAL_ROW,7232
tbl_c1a8f9cbd4e4,lrow_8b4eee707dac,TABLE_CONTAINS_LOGICAL_ROW,7233
tbl_c1ff0132ea72,lrow_0799f778a3f4,TABLE_CONTAINS_LOGICAL_ROW,7234
tbl_c24b2077a82f,lrow_739096ac9c46,TABLE_CONTAINS_LOGICAL_ROW,7235
tbl_c24b2077a82f,lrow_c1ac380e8915,TABLE_CONTAINS_LOGICAL_ROW,7236
tbl_c24b2077a82f,lrow_908093307273,TABLE_CONTAINS_LOGICAL_ROW,7237
tbl_c339adc4e9f0,lrow_f4c2ff8a4cde,TABLE_CONTAINS_LOGICAL_ROW,7238
tbl_c339adc4e9f0,lrow_49812ca8cb8a,TABLE_CONTAINS_LOGICAL_ROW,7239
tbl_c339adc4e9f0,lrow_b39ee8536970,TABLE_CONTAINS_LOGICAL_ROW,7240
tbl_c38d09e7ebe8,lrow_4f418ad4b66e,TABLE_CONTAINS_LOGICAL_ROW,7241
tbl_c38d09e7ebe8,lrow_1118d51dcfb1,TABLE_CONTAINS_LOGICAL_ROW,7242
tbl_c3b75a1ce8a5,lrow_2fe1435cf422,TABLE_CONTAINS_LOGICAL_ROW,7243
tbl_c44e32068e30,lrow_26800bfb76a2,TABLE_CONTAINS_LOGICAL_ROW,7244
tbl_c44e32068e30,lrow_8aa49a3fed4c,TABLE_CONTAINS_LOGICAL_ROW,7245
tbl_c44e32068e30,lrow_54675f16c610,TABLE_CONTAINS_LOGICAL_ROW,7246
tbl_c44e32068e30,lrow_0c41de7bb3c4,TABLE_CONTAINS_LOGICAL_ROW,7247
tbl_c44e32068e30,lrow_d2b1c003b848,TABLE_CONTAINS_LOGICAL_ROW,7248
tbl_c44e32068e30,lrow_23ea0236cf33,TABLE_CONTAINS_LOGICAL_ROW,7249
tbl_c44e32068e30,lrow_09fa2dea21a2,TABLE_CONTAINS_LOGICAL_ROW,7250
tbl_c44e32068e30,lrow_c6d02c94594d,TABLE_CONTAINS_LOGICAL_ROW,7251
tbl_c44e32068e30,lrow_c6cb467e1988,TABLE_CONTAINS_LOGICAL_ROW,7252
tbl_c44e32068e30,lrow_50725e688b38,TABLE_CONTAINS_LOGICAL_ROW,7253
tbl_c44e32068e30,lrow_ee3529a14466,TABLE_CONTAINS_LOGICAL_ROW,7254
tbl_c44e32068e30,lrow_9b9acea49da6,TABLE_CONTAINS_LOGICAL_ROW,7255
tbl_c44e32068e30,lrow_4ddc1ac64214,TABLE_CONTAINS_LOGICAL_ROW,7256
tbl_c44e32068e30,lrow_80d8b87137d6,TABLE_CONTAINS_LOGICAL_ROW,7257
tbl_c44e32068e30,lrow_3e173b6673b1,TABLE_CONTAINS_LOGICAL_ROW,7258
tbl_c44e32068e30,lrow_f4a841383720,TABLE_CONTAINS_LOGICAL_ROW,7259
tbl_c44e32068e30,lrow_91e02c2da463,TABLE_CONTAINS_LOGICAL_ROW,7260
tbl_c44e32068e30,lrow_0a2b4dfbbc41,TABLE_CONTAINS_LOGICAL_ROW,7261
tbl_c44e32068e30,lrow_af85ebebf82d,TABLE_CONTAINS_LOGICAL_ROW,7262
tbl_c44e32068e30,lrow_6140047062e0,TABLE_CONTAINS_LOGICAL_ROW,7263
tbl_c44e32068e30,lrow_6fb8810b48ee,TABLE_CONTAINS_LOGICAL_ROW,7264
tbl_c44e32068e30,lrow_431cb0e6747e,TABLE_CONTAINS_LOGICAL_ROW,7265
tbl_c44e32068e30,lrow_4bb47c6a09fb,TABLE_CONTAINS_LOGICAL_ROW,7266
tbl_c44e32068e30,lrow_e9dbce381348,TABLE_CONTAINS_LOGICAL_ROW,7267
tbl_c44e32068e30,lrow_0be67fecbe46,TABLE_CONTAINS_LOGICAL_ROW,7268
tbl_c44e32068e30,lrow_215f88591d25,TABLE_CONTAINS_LOGICAL_ROW,7269
tbl_c44e32068e30,lrow_f5925441ca10,TABLE_CONTAINS_LOGICAL_ROW,7270
tbl_c44e32068e30,lrow_25c984197d1a,TABLE_CONTAINS_LOGICAL_ROW,7271
tbl_c44e32068e30,lrow_a8f3c19f72b7,TABLE_CONTAINS_LOGICAL_ROW,7272
tbl_c44e32068e30,lrow_35f876b413dd,TABLE_CONTAINS_LOGICAL_ROW,7273
tbl_c44e32068e30,lrow_6dbe285902bb,TABLE_CONTAINS_LOGICAL_ROW,7274
tbl_c44e32068e30,lrow_874bd706db75,TABLE_CONTAINS_LOGICAL_ROW,7275
tbl_c44e32068e30,lrow_de1c035db3e0,TABLE_CONTAINS_LOGICAL_ROW,7276
tbl_c44e32068e30,lrow_d942229ead86,TABLE_CONTAINS_LOGICAL_ROW,7277
tbl_c44e32068e30,lrow_563a3cde12dc,TABLE_CONTAINS_LOGICAL_ROW,7278
tbl_c44e32068e30,lrow_14659e8223cf,TABLE_CONTAINS_LOGICAL_ROW,7279
tbl_c44e32068e30,lrow_296ecd5de0bd,TABLE_CONTAINS_LOGICAL_ROW,7280
tbl_c44e32068e30,lrow_068343ca1579,TABLE_CONTAINS_LOGICAL_ROW,7281
tbl_c44e32068e30,lrow_e476d7b81405,TABLE_CONTAINS_LOGICAL_ROW,7282
tbl_c44e32068e30,lrow_9cfda4f3e493,TABLE_CONTAINS_LOGICAL_ROW,7283
tbl_c44e32068e30,lrow_095e0e3d1124,TABLE_CONTAINS_LOGICAL_ROW,7284
tbl_c44e32068e30,lrow_b654e226568e,TABLE_CONTAINS_LOGICAL_ROW,7285
tbl_c44e32068e30,lrow_a4d912ff94c0,TABLE_CONTAINS_LOGICAL_ROW,7286
tbl_c44e32068e30,lrow_ed92ff1ea0dc,TABLE_CONTAINS_LOGICAL_ROW,7287
tbl_c44e32068e30,lrow_d5075fac3980,TABLE_CONTAINS_LOGICAL_ROW,7288
tbl_c44e32068e30,lrow_d19a0d8a64e3,TABLE_CONTAINS_LOGICAL_ROW,7289
tbl_c44e32068e30,lrow_c109a2cfc323,TABLE_CONTAINS_LOGICAL_ROW,7290
tbl_c44e32068e30,lrow_5acc2ca11440,TABLE_CONTAINS_LOGICAL_ROW,7291
tbl_c44e32068e30,lrow_458eecbfe56a,TABLE_CONTAINS_LOGICAL_ROW,7292
tbl_c44e32068e30,lrow_38a8a9658b98,TABLE_CONTAINS_LOGICAL_ROW,7293
tbl_c44e32068e30,lrow_3889217e2f4f,TABLE_CONTAINS_LOGICAL_ROW,7294
tbl_c44e32068e30,lrow_13a36d27f4a8,TABLE_CONTAINS_LOGICAL_ROW,7295
tbl_c44e32068e30,lrow_66c2987ae1fc,TABLE_CONTAINS_LOGICAL_ROW,7296
tbl_c44e32068e30,lrow_892d1063bd73,TABLE_CONTAINS_LOGICAL_ROW,7297
tbl_c44e32068e30,lrow_3f9f9eed5d70,TABLE_CONTAINS_LOGICAL_ROW,7298
tbl_c44e32068e30,lrow_ea133d2f80af,TABLE_CONTAINS_LOGICAL_ROW,7299
tbl_c44e32068e30,lrow_1d598a082c0a,TABLE_CONTAINS_LOGICAL_ROW,7300
tbl_c44e32068e30,lrow_03e5e49d14dc,TABLE_CONTAINS_LOGICAL_ROW,7301
tbl_c44e32068e30,lrow_a373fa73ade9,TABLE_CONTAINS_LOGICAL_ROW,7302
tbl_c44e32068e30,lrow_df9a27ec18e7,TABLE_CONTAINS_LOGICAL_ROW,7303
tbl_c44e32068e30,lrow_826a126900e2,TABLE_CONTAINS_LOGICAL_ROW,7304
tbl_c44e32068e30,lrow_a31f68634ed9,TABLE_CONTAINS_LOGICAL_ROW,7305
tbl_c44e32068e30,lrow_efe5f7467225,TABLE_CONTAINS_LOGICAL_ROW,7306
tbl_c44e32068e30,lrow_ee11f2d510ce,TABLE_CONTAINS_LOGICAL_ROW,7307
tbl_c44e32068e30,lrow_91687e8899ad,TABLE_CONTAINS_LOGICAL_ROW,7308
tbl_c44e32068e30,lrow_6246e0e429a4,TABLE_CONTAINS_LOGICAL_ROW,7309
tbl_c44e32068e30,lrow_f64eaf0b39ac,TABLE_CONTAINS_LOGICAL_ROW,7310
tbl_c44e32068e30,lrow_224f34a3c4cf,TABLE_CONTAINS_LOGICAL_ROW,7311
tbl_c44e32068e30,lrow_b890275a03f5,TABLE_CONTAINS_LOGICAL_ROW,7312
tbl_c44e32068e30,lrow_412d6031ceb8,TABLE_CONTAINS_LOGICAL_ROW,7313
tbl_c44e32068e30,lrow_0b6d7d1aa471,TABLE_CONTAINS_LOGICAL_ROW,7314
tbl_c44e32068e30,lrow_78da2c864989,TABLE_CONTAINS_LOGICAL_ROW,7315
tbl_c44e32068e30,lrow_303466caba49,TABLE_CONTAINS_LOGICAL_ROW,7316
tbl_c44e32068e30,lrow_f2626afbe6e9,TABLE_CONTAINS_LOGICAL_ROW,7317
tbl_c44e32068e30,lrow_8eda252376d0,TABLE_CONTAINS_LOGICAL_ROW,7318
tbl_c44e32068e30,lrow_6efbaafad01f,TABLE_CONTAINS_LOGICAL_ROW,7319
tbl_c44e32068e30,lrow_53c506552abe,TABLE_CONTAINS_LOGICAL_ROW,7320
tbl_c44e32068e30,lrow_037172124141,TABLE_CONTAINS_LOGICAL_ROW,7321
tbl_c44e32068e30,lrow_1c2dc1da3dd3,TABLE_CONTAINS_LOGICAL_ROW,7322
tbl_c44e32068e30,lrow_c7ed43b9ad09,TABLE_CONTAINS_LOGICAL_ROW,7323
tbl_c44e32068e30,lrow_a7e4b7361de7,TABLE_CONTAINS_LOGICAL_ROW,7324
tbl_c44e32068e30,lrow_7944cf573fd3,TABLE_CONTAINS_LOGICAL_ROW,7325
tbl_c44e32068e30,lrow_53d89e6d1c04,TABLE_CONTAINS_LOGICAL_ROW,7326
tbl_c44e32068e30,lrow_e1cd1a39c6e9,TABLE_CONTAINS_LOGICAL_ROW,7327
tbl_c44e32068e30,lrow_ff0a7ba2a5d8,TABLE_CONTAINS_LOGICAL_ROW,7328
tbl_c44e32068e30,lrow_b22e00c0b625,TABLE_CONTAINS_LOGICAL_ROW,7329
tbl_c44e32068e30,lrow_aaa9e7646a73,TABLE_CONTAINS_LOGICAL_ROW,7330
tbl_c44e32068e30,lrow_ad753a494555,TABLE_CONTAINS_LOGICAL_ROW,7331
tbl_c44e32068e30,lrow_1e7ece33e932,TABLE_CONTAINS_LOGICAL_ROW,7332
tbl_c44e32068e30,lrow_551272efc207,TABLE_CONTAINS_LOGICAL_ROW,7333
tbl_c44e32068e30,lrow_0ae6a87de7e9,TABLE_CONTAINS_LOGICAL_ROW,7334
tbl_c44e32068e30,lrow_a4dfd6667c49,TABLE_CONTAINS_LOGICAL_ROW,7335
tbl_c44e32068e30,lrow_627a9381d1b7,TABLE_CONTAINS_LOGICAL_ROW,7336
tbl_c44e32068e30,lrow_24a359e4cf1d,TABLE_CONTAINS_LOGICAL_ROW,7337
tbl_c44e32068e30,lrow_ae3c5c2598d1,TABLE_CONTAINS_LOGICAL_ROW,7338
tbl_c44e32068e30,lrow_9cbbb04a55eb,TABLE_CONTAINS_LOGICAL_ROW,7339
tbl_c44e32068e30,lrow_2dba35425dca,TABLE_CONTAINS_LOGICAL_ROW,7340
tbl_c44e32068e30,lrow_10b42d9a1a7c,TABLE_CONTAINS_LOGICAL_ROW,7341
tbl_c44e32068e30,lrow_6e4d53479b57,TABLE_CONTAINS_LOGICAL_ROW,7342
tbl_c44e32068e30,lrow_4bc62e625564,TABLE_CONTAINS_LOGICAL_ROW,7343
tbl_c44e32068e30,lrow_cfc55dfdcb88,TABLE_CONTAINS_LOGICAL_ROW,7344
tbl_c44e32068e30,lrow_641c266f38f9,TABLE_CONTAINS_LOGICAL_ROW,7345
tbl_c44e32068e30,lrow_8f22da780449,TABLE_CONTAINS_LOGICAL_ROW,7346
tbl_c44e32068e30,lrow_372e0abe5d20,TABLE_CONTAINS_LOGICAL_ROW,7347
tbl_c44e32068e30,lrow_6c2c114d32ad,TABLE_CONTAINS_LOGICAL_ROW,7348
tbl_c44e32068e30,lrow_c8f2d666add1,TABLE_CONTAINS_LOGICAL_ROW,7349
tbl_c44e32068e30,lrow_61fd94b75b6e,TABLE_CONTAINS_LOGICAL_ROW,7350
tbl_c44e32068e30,lrow_134b06f16037,TABLE_CONTAINS_LOGICAL_ROW,7351
tbl_c44e32068e30,lrow_1f20cab454ba,TABLE_CONTAINS_LOGICAL_ROW,7352
tbl_c44e32068e30,lrow_0e265555e3f1,TABLE_CONTAINS_LOGICAL_ROW,7353
tbl_c44e32068e30,lrow_4d52924f7bd3,TABLE_CONTAINS_LOGICAL_ROW,7354
tbl_c44e32068e30,lrow_c7089787f680,TABLE_CONTAINS_LOGICAL_ROW,7355
tbl_c44e32068e30,lrow_9098da08ccec,TABLE_CONTAINS_LOGICAL_ROW,7356
tbl_c44e32068e30,lrow_ba7cca4c839c,TABLE_CONTAINS_LOGICAL_ROW,7357
tbl_c44e32068e30,lrow_00fd3b76de55,TABLE_CONTAINS_LOGICAL_ROW,7358
tbl_c44e32068e30,lrow_a021845be25b,TABLE_CONTAINS_LOGICAL_ROW,7359
tbl_c44e32068e30,lrow_7445a832a27d,TABLE_CONTAINS_LOGICAL_ROW,7360
tbl_c44e32068e30,lrow_9551573f3144,TABLE_CONTAINS_LOGICAL_ROW,7361
tbl_c44e32068e30,lrow_e0baacdb357d,TABLE_CONTAINS_LOGICAL_ROW,7362
tbl_c44e32068e30,lrow_c2bda94c031c,TABLE_CONTAINS_LOGICAL_ROW,7363
tbl_c44e32068e30,lrow_b435a7b7c388,TABLE_CONTAINS_LOGICAL_ROW,7364
tbl_c44e32068e30,lrow_30527b5c667b,TABLE_CONTAINS_LOGICAL_ROW,7365
tbl_c44e32068e30,lrow_04a3ce75eef0,TABLE_CONTAINS_LOGICAL_ROW,7366
tbl_c44e32068e30,lrow_e67e4ab8259d,TABLE_CONTAINS_LOGICAL_ROW,7367
tbl_c44e32068e30,lrow_35169b05f772,TABLE_CONTAINS_LOGICAL_ROW,7368
tbl_c44e32068e30,lrow_343421776f82,TABLE_CONTAINS_LOGICAL_ROW,7369
tbl_c44e32068e30,lrow_dbb090ed6228,TABLE_CONTAINS_LOGICAL_ROW,7370
tbl_c44e32068e30,lrow_92077c934c02,TABLE_CONTAINS_LOGICAL_ROW,7371
tbl_c44e32068e30,lrow_56e041e3d8c2,TABLE_CONTAINS_LOGICAL_ROW,7372
tbl_c470c5ebee6a,lrow_9e670b3171d8,TABLE_CONTAINS_LOGICAL_ROW,7373
tbl_c470c5ebee6a,lrow_4e851faf2af7,TABLE_CONTAINS_LOGICAL_ROW,7374
tbl_c470c5ebee6a,lrow_139295808601,TABLE_CONTAINS_LOGICAL_ROW,7375
tbl_c470c5ebee6a,lrow_82402b66e662,TABLE_CONTAINS_LOGICAL_ROW,7376
tbl_c4f1cdee0af7,lrow_87b59b8cc635,TABLE_CONTAINS_LOGICAL_ROW,7377
tbl_c5cc6eff59a0,lrow_6be3641d6dc2,TABLE_CONTAINS_LOGICAL_ROW,7378
tbl_c5cc6eff59a0,lrow_f3f8a273d2ec,TABLE_CONTAINS_LOGICAL_ROW,7379
tbl_c5cc6eff59a0,lrow_0bbc8404ad10,TABLE_CONTAINS_LOGICAL_ROW,7380
tbl_c707bba60cef,lrow_95bf88025864,TABLE_CONTAINS_LOGICAL_ROW,7381
tbl_c72c1e4c4ddc,lrow_1b978990b504,TABLE_CONTAINS_LOGICAL_ROW,7382
tbl_c72c1e4c4ddc,lrow_a325936f7ede,TABLE_CONTAINS_LOGICAL_ROW,7383
tbl_c78c1c1c4367,lrow_8b8f2f763006,TABLE_CONTAINS_LOGICAL_ROW,7384
tbl_c78c1c1c4367,lrow_0d0ce4680920,TABLE_CONTAINS_LOGICAL_ROW,7385
tbl_c78c1c1c4367,lrow_1033ff3926c6,TABLE_CONTAINS_LOGICAL_ROW,7386
tbl_c78c1c1c4367,lrow_a7fcf500fb31,TABLE_CONTAINS_LOGICAL_ROW,7387
tbl_c78c1c1c4367,lrow_f22e14fb8e75,TABLE_CONTAINS_LOGICAL_ROW,7388
tbl_c7a026cccc47,lrow_e6a3ae9d54b3,TABLE_CONTAINS_LOGICAL_ROW,7389
tbl_ca26c87d2dd4,lrow_0abe02cc4df7,TABLE_CONTAINS_LOGICAL_ROW,7390
tbl_ca26c87d2dd4,lrow_5641421e814c,TABLE_CONTAINS_LOGICAL_ROW,7391
tbl_ca26c87d2dd4,lrow_de2fdef778b0,TABLE_CONTAINS_LOGICAL_ROW,7392
tbl_ca26c87d2dd4,lrow_d09c98c9dc17,TABLE_CONTAINS_LOGICAL_ROW,7393
tbl_ca26c87d2dd4,lrow_d539e509d2fd,TABLE_CONTAINS_LOGICAL_ROW,7394
tbl_ca26c87d2dd4,lrow_5a07bdedd129,TABLE_CONTAINS_LOGICAL_ROW,7395
tbl_ca26c87d2dd4,lrow_e8eaca4c7a75,TABLE_CONTAINS_LOGICAL_ROW,7396
tbl_ca26c87d2dd4,lrow_50c8e2a2d28e,TABLE_CONTAINS_LOGICAL_ROW,7397
tbl_ca26c87d2dd4,lrow_31e84ddff2fa,TABLE_CONTAINS_LOGICAL_ROW,7398
tbl_ca26c87d2dd4,lrow_e9df687a7c87,TABLE_CONTAINS_LOGICAL_ROW,7399
tbl_ca26c87d2dd4,lrow_8a4e04e3d0e3,TABLE_CONTAINS_LOGICAL_ROW,7400
tbl_ca26c87d2dd4,lrow_a8af146fce08,TABLE_CONTAINS_LOGICAL_ROW,7401
tbl_ca26c87d2dd4,lrow_0f5ab4c746e8,TABLE_CONTAINS_LOGICAL_ROW,7402
tbl_ca26c87d2dd4,lrow_c0c94d9b1701,TABLE_CONTAINS_LOGICAL_ROW,7403
tbl_ca26c87d2dd4,lrow_b7486cd2e2d5,TABLE_CONTAINS_LOGICAL_ROW,7404
tbl_ca26c87d2dd4,lrow_659879d24b81,TABLE_CONTAINS_LOGICAL_ROW,7405
tbl_ca26c87d2dd4,lrow_42c89809df1f,TABLE_CONTAINS_LOGICAL_ROW,7406
tbl_ca26c87d2dd4,lrow_500bfde9a9c0,TABLE_CONTAINS_LOGICAL_ROW,7407
tbl_ca26c87d2dd4,lrow_68dfdb29f4aa,TABLE_CONTAINS_LOGICAL_ROW,7408
tbl_ca26c87d2dd4,lrow_24b85626752f,TABLE_CONTAINS_LOGICAL_ROW,7409
tbl_ca26c87d2dd4,lrow_088e9c61a5ef,TABLE_CONTAINS_LOGICAL_ROW,7410
tbl_ca26c87d2dd4,lrow_d83a35fbd06d,TABLE_CONTAINS_LOGICAL_ROW,7411
tbl_ca26c87d2dd4,lrow_1e4d27a44550,TABLE_CONTAINS_LOGICAL_ROW,7412
tbl_ca26c87d2dd4,lrow_e5d72b4c6237,TABLE_CONTAINS_LOGICAL_ROW,7413
tbl_ca26c87d2dd4,lrow_ae6c9404713d,TABLE_CONTAINS_LOGICAL_ROW,7414
tbl_ca26c87d2dd4,lrow_3150de5a5825,TABLE_CONTAINS_LOGICAL_ROW,7415
tbl_ca26c87d2dd4,lrow_9f569969efa2,TABLE_CONTAINS_LOGICAL_ROW,7416
tbl_ca26c87d2dd4,lrow_1bc35d2d9239,TABLE_CONTAINS_LOGICAL_ROW,7417
tbl_ca26c87d2dd4,lrow_552c916aa77b,TABLE_CONTAINS_LOGICAL_ROW,7418
tbl_ca26c87d2dd4,lrow_3543e26e1b3f,TABLE_CONTAINS_LOGICAL_ROW,7419
tbl_ca26c87d2dd4,lrow_c2d5e957aa22,TABLE_CONTAINS_LOGICAL_ROW,7420
tbl_ca26c87d2dd4,lrow_f5ae7e857314,TABLE_CONTAINS_LOGICAL_ROW,7421
tbl_ca26c87d2dd4,lrow_b0dc983211e1,TABLE_CONTAINS_LOGICAL_ROW,7422
tbl_ca26c87d2dd4,lrow_b63c3bb84aac,TABLE_CONTAINS_LOGICAL_ROW,7423
tbl_ca26c87d2dd4,lrow_33a35050dd95,TABLE_CONTAINS_LOGICAL_ROW,7424
tbl_ca26c87d2dd4,lrow_231def64bf5a,TABLE_CONTAINS_LOGICAL_ROW,7425
tbl_ca26c87d2dd4,lrow_273a5642c110,TABLE_CONTAINS_LOGICAL_ROW,7426
tbl_ca26c87d2dd4,lrow_12c7d0602e35,TABLE_CONTAINS_LOGICAL_ROW,7427
tbl_ca4c093c0af1,lrow_2b5d410ab672,TABLE_CONTAINS_LOGICAL_ROW,7428
tbl_caa7f4e96560,lrow_872679c2c151,TABLE_CONTAINS_LOGICAL_ROW,7429
tbl_caa7f4e96560,lrow_3eb71c51a55b,TABLE_CONTAINS_LOGICAL_ROW,7430
tbl_caa7f4e96560,lrow_be50be09000e,TABLE_CONTAINS_LOGICAL_ROW,7431
tbl_caad5cc83dc8,lrow_7d8fca8faa94,TABLE_CONTAINS_LOGICAL_ROW,7432
tbl_caad5cc83dc8,lrow_07849b926609,TABLE_CONTAINS_LOGICAL_ROW,7433
tbl_caad5cc83dc8,lrow_eade4e3716b3,TABLE_CONTAINS_LOGICAL_ROW,7434
tbl_caade87eb1ed,lrow_a21466c186a2,TABLE_CONTAINS_LOGICAL_ROW,7435
tbl_caade87eb1ed,lrow_198947a0ca74,TABLE_CONTAINS_LOGICAL_ROW,7436
tbl_caade87eb1ed,lrow_f70d0172b75a,TABLE_CONTAINS_LOGICAL_ROW,7437
tbl_caade87eb1ed,lrow_b07174af43d4,TABLE_CONTAINS_LOGICAL_ROW,7438
tbl_caade87eb1ed,lrow_92c5d3a42939,TABLE_CONTAINS_LOGICAL_ROW,7439
tbl_caade87eb1ed,lrow_d0c2edfa62d7,TABLE_CONTAINS_LOGICAL_ROW,7440
tbl_caade87eb1ed,lrow_c9c758a8a550,TABLE_CONTAINS_LOGICAL_ROW,7441
tbl_caade87eb1ed,lrow_f400d32f98f2,TABLE_CONTAINS_LOGICAL_ROW,7442
tbl_caade87eb1ed,lrow_6c4403f82093,TABLE_CONTAINS_LOGICAL_ROW,7443
tbl_caade87eb1ed,lrow_0f59484f58c7,TABLE_CONTAINS_LOGICAL_ROW,7444
tbl_caade87eb1ed,lrow_dd1251685b6b,TABLE_CONTAINS_LOGICAL_ROW,7445
tbl_caade87eb1ed,lrow_21b1086e01dc,TABLE_CONTAINS_LOGICAL_ROW,7446
tbl_caade87eb1ed,lrow_57fbf06dc45b,TABLE_CONTAINS_LOGICAL_ROW,7447
tbl_caade87eb1ed,lrow_8929eceb4eb6,TABLE_CONTAINS_LOGICAL_ROW,7448
tbl_caade87eb1ed,lrow_87b89cbcbd11,TABLE_CONTAINS_LOGICAL_ROW,7449
tbl_caade87eb1ed,lrow_720034bab220,TABLE_CONTAINS_LOGICAL_ROW,7450
tbl_caade87eb1ed,lrow_a11752470efb,TABLE_CONTAINS_LOGICAL_ROW,7451
tbl_caade87eb1ed,lrow_9966d5be8001,TABLE_CONTAINS_LOGICAL_ROW,7452
tbl_caade87eb1ed,lrow_06438a0395f1,TABLE_CONTAINS_LOGICAL_ROW,7453
tbl_caade87eb1ed,lrow_6f90c876fffd,TABLE_CONTAINS_LOGICAL_ROW,7454
tbl_caade87eb1ed,lrow_2ad5bec9b64c,TABLE_CONTAINS_LOGICAL_ROW,7455
tbl_caade87eb1ed,lrow_45185e04b912,TABLE_CONTAINS_LOGICAL_ROW,7456
tbl_caade87eb1ed,lrow_3cf7c443787f,TABLE_CONTAINS_LOGICAL_ROW,7457
tbl_caade87eb1ed,lrow_a6256ed3871a,TABLE_CONTAINS_LOGICAL_ROW,7458
tbl_caade87eb1ed,lrow_2bba548dc138,TABLE_CONTAINS_LOGICAL_ROW,7459
tbl_caade87eb1ed,lrow_5933b5487de9,TABLE_CONTAINS_LOGICAL_ROW,7460
tbl_caade87eb1ed,lrow_8ffbbfb01567,TABLE_CONTAINS_LOGICAL_ROW,7461
tbl_caade87eb1ed,lrow_6bf34ec640c1,TABLE_CONTAINS_LOGICAL_ROW,7462
tbl_caade87eb1ed,lrow_8a6c6d71243f,TABLE_CONTAINS_LOGICAL_ROW,7463
tbl_caade87eb1ed,lrow_eaa4b9cb8b34,TABLE_CONTAINS_LOGICAL_ROW,7464
tbl_caade87eb1ed,lrow_10434f16d121,TABLE_CONTAINS_LOGICAL_ROW,7465
tbl_caade87eb1ed,lrow_d54a326442de,TABLE_CONTAINS_LOGICAL_ROW,7466
tbl_caade87eb1ed,lrow_1ee394530844,TABLE_CONTAINS_LOGICAL_ROW,7467
tbl_caade87eb1ed,lrow_4ee4d768df27,TABLE_CONTAINS_LOGICAL_ROW,7468
tbl_caade87eb1ed,lrow_ffe8f840bb00,TABLE_CONTAINS_LOGICAL_ROW,7469
tbl_caade87eb1ed,lrow_6d3cdbf15714,TABLE_CONTAINS_LOGICAL_ROW,7470
tbl_caade87eb1ed,lrow_dc85b6eecb4f,TABLE_CONTAINS_LOGICAL_ROW,7471
tbl_caade87eb1ed,lrow_01acb9a53e84,TABLE_CONTAINS_LOGICAL_ROW,7472
tbl_caade87eb1ed,lrow_00eaf97c5504,TABLE_CONTAINS_LOGICAL_ROW,7473
tbl_caade87eb1ed,lrow_879a41a51084,TABLE_CONTAINS_LOGICAL_ROW,7474
tbl_caade87eb1ed,lrow_73e2ed676107,TABLE_CONTAINS_LOGICAL_ROW,7475
tbl_caade87eb1ed,lrow_2ea11bc26d6b,TABLE_CONTAINS_LOGICAL_ROW,7476
tbl_caade87eb1ed,lrow_d9cfc95e2ce3,TABLE_CONTAINS_LOGICAL_ROW,7477
tbl_caade87eb1ed,lrow_c9a7dc4b6a7e,TABLE_CONTAINS_LOGICAL_ROW,7478
tbl_caade87eb1ed,lrow_e0ccda8f2bdc,TABLE_CONTAINS_LOGICAL_ROW,7479
tbl_cae2fc11d8ed,lrow_b04af7af3a36,TABLE_CONTAINS_LOGICAL_ROW,7480
tbl_cb3662018a12,lrow_1a919710fb17,TABLE_CONTAINS_LOGICAL_ROW,7481
tbl_cb3662018a12,lrow_9f4319d3a146,TABLE_CONTAINS_LOGICAL_ROW,7482
tbl_cb3662018a12,lrow_441ef57398bf,TABLE_CONTAINS_LOGICAL_ROW,7483
tbl_cb3662018a12,lrow_bfdea9fa754d,TABLE_CONTAINS_LOGICAL_ROW,7484
tbl_cb3662018a12,lrow_74155a690c8b,TABLE_CONTAINS_LOGICAL_ROW,7485
tbl_cb3662018a12,lrow_b0c4e1a2d484,TABLE_CONTAINS_LOGICAL_ROW,7486
tbl_cb3662018a12,lrow_5499a7544b41,TABLE_CONTAINS_LOGICAL_ROW,7487
tbl_cb3662018a12,lrow_2a86ecbb767e,TABLE_CONTAINS_LOGICAL_ROW,7488
tbl_cb3662018a12,lrow_bdabb5709bde,TABLE_CONTAINS_LOGICAL_ROW,7489
tbl_cb3662018a12,lrow_bbb9b01186c2,TABLE_CONTAINS_LOGICAL_ROW,7490
tbl_cb3662018a12,lrow_c1143d36c64c,TABLE_CONTAINS_LOGICAL_ROW,7491
tbl_cb3662018a12,lrow_244052fdc676,TABLE_CONTAINS_LOGICAL_ROW,7492
tbl_cb3662018a12,lrow_d521e04fb303,TABLE_CONTAINS_LOGICAL_ROW,7493
tbl_cd27c36ed7a8,lrow_02428e0b0e05,TABLE_CONTAINS_LOGICAL_ROW,7494
tbl_cd27c36ed7a8,lrow_3d1158e28232,TABLE_CONTAINS_LOGICAL_ROW,7495
tbl_cd27c36ed7a8,lrow_835ff3a0a054,TABLE_CONTAINS_LOGICAL_ROW,7496
tbl_cd27c36ed7a8,lrow_8b038321638d,TABLE_CONTAINS_LOGICAL_ROW,7497
tbl_cd27c36ed7a8,lrow_f5fe68177991,TABLE_CONTAINS_LOGICAL_ROW,7498
tbl_cd27c36ed7a8,lrow_90190d582090,TABLE_CONTAINS_LOGICAL_ROW,7499
tbl_cd27c36ed7a8,lrow_529d5f0b3d87,TABLE_CONTAINS_LOGICAL_ROW,7500
tbl_cd27c36ed7a8,lrow_329f1b05a49d,TABLE_CONTAINS_LOGICAL_ROW,7501
tbl_cd27c36ed7a8,lrow_b71d51e6fb88,TABLE_CONTAINS_LOGICAL_ROW,7502
tbl_cd27c36ed7a8,lrow_3109160e7162,TABLE_CONTAINS_LOGICAL_ROW,7503
tbl_cd27c36ed7a8,lrow_dea3152c7e20,TABLE_CONTAINS_LOGICAL_ROW,7504
tbl_cdffe05b8a97,lrow_6b08240aea59,TABLE_CONTAINS_LOGICAL_ROW,7505
tbl_cdffe05b8a97,lrow_005cd21ce4e5,TABLE_CONTAINS_LOGICAL_ROW,7506
tbl_cdffe05b8a97,lrow_4dec27c33e6f,TABLE_CONTAINS_LOGICAL_ROW,7507
tbl_cea04bc9189c,lrow_d8b198a4d402,TABLE_CONTAINS_LOGICAL_ROW,7508
tbl_cea04bc9189c,lrow_b85b7413ac82,TABLE_CONTAINS_LOGICAL_ROW,7509
tbl_cf53b487ad29,lrow_58a27dc30d89,TABLE_CONTAINS_LOGICAL_ROW,7510
tbl_cf53b487ad29,lrow_c3cd9ca52e63,TABLE_CONTAINS_LOGICAL_ROW,7511
tbl_cf53b487ad29,lrow_a7dc2384e26a,TABLE_CONTAINS_LOGICAL_ROW,7512
tbl_cf53b487ad29,lrow_d26d56dbf81c,TABLE_CONTAINS_LOGICAL_ROW,7513
tbl_cf53b487ad29,lrow_ee3c9259b9f7,TABLE_CONTAINS_LOGICAL_ROW,7514
tbl_cf8271a00550,lrow_578d7522c634,TABLE_CONTAINS_LOGICAL_ROW,7515
tbl_cf8271a00550,lrow_12d00d6a6a19,TABLE_CONTAINS_LOGICAL_ROW,7516
tbl_cf8271a00550,lrow_757168a72982,TABLE_CONTAINS_LOGICAL_ROW,7517
tbl_cfa5add36352,lrow_867611b7a524,TABLE_CONTAINS_LOGICAL_ROW,7518
tbl_d1461859084a,lrow_5f3841da7b4e,TABLE_CONTAINS_LOGICAL_ROW,7519
tbl_d263d0a01846,lrow_63ed62a003b3,TABLE_CONTAINS_LOGICAL_ROW,7520
tbl_d263d0a01846,lrow_ee6c15fa01bf,TABLE_CONTAINS_LOGICAL_ROW,7521
tbl_d263d0a01846,lrow_6a9b4c38b1fb,TABLE_CONTAINS_LOGICAL_ROW,7522
tbl_d2949ad528be,lrow_63724387789d,TABLE_CONTAINS_LOGICAL_ROW,7523
tbl_d2949ad528be,lrow_4dfce21f78ef,TABLE_CONTAINS_LOGICAL_ROW,7524
tbl_d2949ad528be,lrow_9d9096d397a7,TABLE_CONTAINS_LOGICAL_ROW,7525
tbl_d2949ad528be,lrow_26ead9b908d8,TABLE_CONTAINS_LOGICAL_ROW,7526
tbl_d2c813687a45,lrow_a92be9c69c66,TABLE_CONTAINS_LOGICAL_ROW,7527
tbl_d4b1fa5f91b0,lrow_2b8077e72052,TABLE_CONTAINS_LOGICAL_ROW,7528
tbl_d4b1fa5f91b0,lrow_f94d1fafab6d,TABLE_CONTAINS_LOGICAL_ROW,7529
tbl_d58d47af47d2,lrow_04dbecd25ed6,TABLE_CONTAINS_LOGICAL_ROW,7530
tbl_d6a44ace00d1,lrow_a6f86efabb9e,TABLE_CONTAINS_LOGICAL_ROW,7531
tbl_d6a44ace00d1,lrow_dab51842e843,TABLE_CONTAINS_LOGICAL_ROW,7532
tbl_d6e095e688db,lrow_037eb6bd000d,TABLE_CONTAINS_LOGICAL_ROW,7533
tbl_d753c947f8b7,lrow_381f7058d97d,TABLE_CONTAINS_LOGICAL_ROW,7534
tbl_d7b905e5058e,lrow_0e8eee495aec,TABLE_CONTAINS_LOGICAL_ROW,7535
tbl_d8ad5c0676b6,lrow_811c2b2a78f8,TABLE_CONTAINS_LOGICAL_ROW,7536
tbl_d8ad5c0676b6,lrow_8de19c774150,TABLE_CONTAINS_LOGICAL_ROW,7537
tbl_d8ad5c0676b6,lrow_b2a457123c2a,TABLE_CONTAINS_LOGICAL_ROW,7538
tbl_d8ad5c0676b6,lrow_5eb7124b55b5,TABLE_CONTAINS_LOGICAL_ROW,7539
tbl_d8ad5c0676b6,lrow_3217a7f00297,TABLE_CONTAINS_LOGICAL_ROW,7540
tbl_d93d55c5613a,lrow_ea02333ea774,TABLE_CONTAINS_LOGICAL_ROW,7541
tbl_d93d55c5613a,lrow_3879b2ef3e49,TABLE_CONTAINS_LOGICAL_ROW,7542
tbl_d93d55c5613a,lrow_551bfe56fd61,TABLE_CONTAINS_LOGICAL_ROW,7543
tbl_d93d55c5613a,lrow_b89ce8355439,TABLE_CONTAINS_LOGICAL_ROW,7544
tbl_d93d55c5613a,lrow_a37e4f1ce726,TABLE_CONTAINS_LOGICAL_ROW,7545
tbl_d9adaf862d9e,lrow_51d91eb77e1a,TABLE_CONTAINS_LOGICAL_ROW,7546
tbl_da0bf9fda0ae,lrow_b86f5697b6f0,TABLE_CONTAINS_LOGICAL_ROW,7547
tbl_dada4af5e36f,lrow_6bed4d1887e9,TABLE_CONTAINS_LOGICAL_ROW,7548
tbl_dada4af5e36f,lrow_0aab1f7ee40f,TABLE_CONTAINS_LOGICAL_ROW,7549
tbl_db47926d8071,lrow_fad0bd36dab3,TABLE_CONTAINS_LOGICAL_ROW,7550
tbl_db47926d8071,lrow_b99ca954ab8e,TABLE_CONTAINS_LOGICAL_ROW,7551
tbl_db47926d8071,lrow_1fecc361efe8,TABLE_CONTAINS_LOGICAL_ROW,7552
tbl_db47926d8071,lrow_5fe3d9b5199e,TABLE_CONTAINS_LOGICAL_ROW,7553
tbl_dc26c9389a84,lrow_66ca1fd32a52,TABLE_CONTAINS_LOGICAL_ROW,7554
tbl_dc26c9389a84,lrow_df630005cd0b,TABLE_CONTAINS_LOGICAL_ROW,7555
tbl_dc26c9389a84,lrow_9bd25a3925a4,TABLE_CONTAINS_LOGICAL_ROW,7556
tbl_dc26c9389a84,lrow_06a34a8ae32e,TABLE_CONTAINS_LOGICAL_ROW,7557
tbl_ddf73e26aa23,lrow_15cad8e2613f,TABLE_CONTAINS_LOGICAL_ROW,7558
tbl_ddf73e26aa23,lrow_9edefffb6132,TABLE_CONTAINS_LOGICAL_ROW,7559
tbl_ddf73e26aa23,lrow_c8d03ada0019,TABLE_CONTAINS_LOGICAL_ROW,7560
tbl_ddf73e26aa23,lrow_90442745ef5d,TABLE_CONTAINS_LOGICAL_ROW,7561
tbl_ddf73e26aa23,lrow_05f7f790a6ab,TABLE_CONTAINS_LOGICAL_ROW,7562
tbl_ddf73e26aa23,lrow_6f7afd860f29,TABLE_CONTAINS_LOGICAL_ROW,7563
tbl_ddf73e26aa23,lrow_a03e0b940c71,TABLE_CONTAINS_LOGICAL_ROW,7564
tbl_ddf73e26aa23,lrow_265772d93cc6,TABLE_CONTAINS_LOGICAL_ROW,7565
tbl_ddf73e26aa23,lrow_fb1349ad5d99,TABLE_CONTAINS_LOGICAL_ROW,7566
tbl_ddf73e26aa23,lrow_119a06fadee9,TABLE_CONTAINS_LOGICAL_ROW,7567
tbl_ddf73e26aa23,lrow_112798a4c17b,TABLE_CONTAINS_LOGICAL_ROW,7568
tbl_ddf73e26aa23,lrow_1329bf60a54c,TABLE_CONTAINS_LOGICAL_ROW,7569
tbl_ddf73e26aa23,lrow_abb86104fae2,TABLE_CONTAINS_LOGICAL_ROW,7570
tbl_ddf73e26aa23,lrow_b210edff745f,TABLE_CONTAINS_LOGICAL_ROW,7571
tbl_ddf73e26aa23,lrow_12a8d1c951f2,TABLE_CONTAINS_LOGICAL_ROW,7572
tbl_ddf73e26aa23,lrow_65577354670e,TABLE_CONTAINS_LOGICAL_ROW,7573
tbl_ded80751c3cf,lrow_9a4abf358646,TABLE_CONTAINS_LOGICAL_ROW,7574
tbl_ded80751c3cf,lrow_84daeeaab18d,TABLE_CONTAINS_LOGICAL_ROW,7575
tbl_ded80751c3cf,lrow_ff63122d9117,TABLE_CONTAINS_LOGICAL_ROW,7576
tbl_df1fa48116bc,lrow_94cf7f275623,TABLE_CONTAINS_LOGICAL_ROW,7577
tbl_df1fa48116bc,lrow_4a05a02d24ac,TABLE_CONTAINS_LOGICAL_ROW,7578
tbl_df1fa48116bc,lrow_1a5d6a1b1691,TABLE_CONTAINS_LOGICAL_ROW,7579
tbl_df1fa48116bc,lrow_04a342a8506d,TABLE_CONTAINS_LOGICAL_ROW,7580
tbl_df1fa48116bc,lrow_86590df67d1b,TABLE_CONTAINS_LOGICAL_ROW,7581
tbl_df9742b890e2,lrow_8174356328e0,TABLE_CONTAINS_LOGICAL_ROW,7582
tbl_df9742b890e2,lrow_98af3b597159,TABLE_CONTAINS_LOGICAL_ROW,7583
tbl_e00bd6bd2763,lrow_1da206ce1545,TABLE_CONTAINS_LOGICAL_ROW,7584
tbl_e00bd6bd2763,lrow_5750204b5f7d,TABLE_CONTAINS_LOGICAL_ROW,7585
tbl_e062ff7a305d,lrow_3cf73c10b85f,TABLE_CONTAINS_LOGICAL_ROW,7586
tbl_e1184e2df6b1,lrow_9f254dc06b85,TABLE_CONTAINS_LOGICAL_ROW,7587
tbl_e1ef5fe6a6a9,lrow_03f68657b531,TABLE_CONTAINS_LOGICAL_ROW,7588
tbl_e1ef5fe6a6a9,lrow_2f8874735ece,TABLE_CONTAINS_LOGICAL_ROW,7589
tbl_e1ef5fe6a6a9,lrow_943f1698d974,TABLE_CONTAINS_LOGICAL_ROW,7590
tbl_e1ef5fe6a6a9,lrow_1b4027bb3163,TABLE_CONTAINS_LOGICAL_ROW,7591
tbl_e229b18a9671,lrow_2c9f9b823725,TABLE_CONTAINS_LOGICAL_ROW,7592
tbl_e229b18a9671,lrow_f186af1848de,TABLE_CONTAINS_LOGICAL_ROW,7593
tbl_e229b18a9671,lrow_fd87ece05bb3,TABLE_CONTAINS_LOGICAL_ROW,7594
tbl_e229b18a9671,lrow_c868d5892001,TABLE_CONTAINS_LOGICAL_ROW,7595
tbl_e229b18a9671,lrow_56f428b55865,TABLE_CONTAINS_LOGICAL_ROW,7596
tbl_e229b18a9671,lrow_193dea4f2778,TABLE_CONTAINS_LOGICAL_ROW,7597
tbl_e229b18a9671,lrow_da907eeb43e0,TABLE_CONTAINS_LOGICAL_ROW,7598
tbl_e229b18a9671,lrow_e16cc13731cf,TABLE_CONTAINS_LOGICAL_ROW,7599
tbl_e2937f190006,lrow_5ac77693d21b,TABLE_CONTAINS_LOGICAL_ROW,7600
tbl_e2937f190006,lrow_40994efd3136,TABLE_CONTAINS_LOGICAL_ROW,7601
tbl_e2b55edf762b,lrow_ac96898c8f02,TABLE_CONTAINS_LOGICAL_ROW,7602
tbl_e3fe136f1b5c,lrow_060bf330302e,TABLE_CONTAINS_LOGICAL_ROW,7603
tbl_e3fe136f1b5c,lrow_a6c54288754f,TABLE_CONTAINS_LOGICAL_ROW,7604
tbl_e3fe136f1b5c,lrow_de0fb5eb156d,TABLE_CONTAINS_LOGICAL_ROW,7605
tbl_e3fe136f1b5c,lrow_71aa6cdcd9e0,TABLE_CONTAINS_LOGICAL_ROW,7606
tbl_e3fe136f1b5c,lrow_a7973408b26a,TABLE_CONTAINS_LOGICAL_ROW,7607
tbl_e3fe136f1b5c,lrow_1d601085bb1d,TABLE_CONTAINS_LOGICAL_ROW,7608
tbl_e3fe136f1b5c,lrow_78a1cdf0d3c5,TABLE_CONTAINS_LOGICAL_ROW,7609
tbl_e3fe136f1b5c,lrow_fd63549a80b7,TABLE_CONTAINS_LOGICAL_ROW,7610
tbl_e3fe136f1b5c,lrow_f2ff457a8c5f,TABLE_CONTAINS_LOGICAL_ROW,7611
tbl_e3fe136f1b5c,lrow_520a2fb4b172,TABLE_CONTAINS_LOGICAL_ROW,7612
tbl_e3fe136f1b5c,lrow_0be4111cfcd4,TABLE_CONTAINS_LOGICAL_ROW,7613
tbl_e3fe136f1b5c,lrow_f47e3a5c7b40,TABLE_CONTAINS_LOGICAL_ROW,7614
tbl_e3fe136f1b5c,lrow_e307c0d926c6,TABLE_CONTAINS_LOGICAL_ROW,7615
tbl_e3fe136f1b5c,lrow_9f0e3df73501,TABLE_CONTAINS_LOGICAL_ROW,7616
tbl_e40b650a22d7,lrow_fe6bfff7f0c5,TABLE_CONTAINS_LOGICAL_ROW,7617
tbl_e40b650a22d7,lrow_17ddb19b1795,TABLE_CONTAINS_LOGICAL_ROW,7618
tbl_e40b650a22d7,lrow_f6ab9630f139,TABLE_CONTAINS_LOGICAL_ROW,7619
tbl_e40b650a22d7,lrow_0782832b0af6,TABLE_CONTAINS_LOGICAL_ROW,7620
tbl_e40b650a22d7,lrow_7f7d3b5275c4,TABLE_CONTAINS_LOGICAL_ROW,7621
tbl_e40b650a22d7,lrow_f4aaf98f68a8,TABLE_CONTAINS_LOGICAL_ROW,7622
tbl_e40b650a22d7,lrow_afa56103b367,TABLE_CONTAINS_LOGICAL_ROW,7623
tbl_e40b650a22d7,lrow_28487b4428c2,TABLE_CONTAINS_LOGICAL_ROW,7624
tbl_e40b650a22d7,lrow_f51c9c92166b,TABLE_CONTAINS_LOGICAL_ROW,7625
tbl_e52cda39aeb5,lrow_d4dd6d5740f0,TABLE_CONTAINS_LOGICAL_ROW,7626
tbl_e52cda39aeb5,lrow_97e191cee2ec,TABLE_CONTAINS_LOGICAL_ROW,7627
tbl_e52cda39aeb5,lrow_7bdf34e40716,TABLE_CONTAINS_LOGICAL_ROW,7628
tbl_e52cda39aeb5,lrow_b99670e857da,TABLE_CONTAINS_LOGICAL_ROW,7629
tbl_e52cda39aeb5,lrow_1c40e9ae5d0c,TABLE_CONTAINS_LOGICAL_ROW,7630
tbl_e52cda39aeb5,lrow_35bc33fd6eb6,TABLE_CONTAINS_LOGICAL_ROW,7631
tbl_e52cda39aeb5,lrow_c7dab4e89051,TABLE_CONTAINS_LOGICAL_ROW,7632
tbl_e52cda39aeb5,lrow_cb67f977d0e4,TABLE_CONTAINS_LOGICAL_ROW,7633
tbl_e52cda39aeb5,lrow_22fa0f8039ee,TABLE_CONTAINS_LOGICAL_ROW,7634
tbl_e52cda39aeb5,lrow_09a23352b61c,TABLE_CONTAINS_LOGICAL_ROW,7635
tbl_e52cda39aeb5,lrow_3081c6cc3879,TABLE_CONTAINS_LOGICAL_ROW,7636
tbl_e52cda39aeb5,lrow_3b19cb7323b5,TABLE_CONTAINS_LOGICAL_ROW,7637
tbl_e52cda39aeb5,lrow_6c65124adbcc,TABLE_CONTAINS_LOGICAL_ROW,7638
tbl_e52cda39aeb5,lrow_cc7dc8bcb15a,TABLE_CONTAINS_LOGICAL_ROW,7639
tbl_e52cda39aeb5,lrow_12ca45e2fb74,TABLE_CONTAINS_LOGICAL_ROW,7640
tbl_e52cda39aeb5,lrow_89fa5e740066,TABLE_CONTAINS_LOGICAL_ROW,7641
tbl_e52cda39aeb5,lrow_37946c226be2,TABLE_CONTAINS_LOGICAL_ROW,7642
tbl_e52cda39aeb5,lrow_07792e5be992,TABLE_CONTAINS_LOGICAL_ROW,7643
tbl_e52cda39aeb5,lrow_1c05f127801f,TABLE_CONTAINS_LOGICAL_ROW,7644
tbl_e52cda39aeb5,lrow_a2fb149a86aa,TABLE_CONTAINS_LOGICAL_ROW,7645
tbl_e52cda39aeb5,lrow_d830395d0fae,TABLE_CONTAINS_LOGICAL_ROW,7646
tbl_e52cda39aeb5,lrow_8190ac1f636d,TABLE_CONTAINS_LOGICAL_ROW,7647
tbl_e52cda39aeb5,lrow_80a0479ad79a,TABLE_CONTAINS_LOGICAL_ROW,7648
tbl_e52cda39aeb5,lrow_96b90cd41be9,TABLE_CONTAINS_LOGICAL_ROW,7649
tbl_e52cda39aeb5,lrow_bf8ea61a3f59,TABLE_CONTAINS_LOGICAL_ROW,7650
tbl_e52cda39aeb5,lrow_d66e04cb1114,TABLE_CONTAINS_LOGICAL_ROW,7651
tbl_e52cda39aeb5,lrow_46267ce08d09,TABLE_CONTAINS_LOGICAL_ROW,7652
tbl_e52cda39aeb5,lrow_9ea6c320866d,TABLE_CONTAINS_LOGICAL_ROW,7653
tbl_e5bae0fc0298,lrow_030e86021dc2,TABLE_CONTAINS_LOGICAL_ROW,7654
tbl_e5bae0fc0298,lrow_d6f3e3db01fe,TABLE_CONTAINS_LOGICAL_ROW,7655
tbl_e67f22d66748,lrow_f1d96c860d1e,TABLE_CONTAINS_LOGICAL_ROW,7656
tbl_e67f22d66748,lrow_e321304a5f3c,TABLE_CONTAINS_LOGICAL_ROW,7657
tbl_e68891082625,lrow_326458d910b9,TABLE_CONTAINS_LOGICAL_ROW,7658
tbl_e68891082625,lrow_2e3a11336a48,TABLE_CONTAINS_LOGICAL_ROW,7659
tbl_e68891082625,lrow_c743f2f0e9aa,TABLE_CONTAINS_LOGICAL_ROW,7660
tbl_e68891082625,lrow_bd6152bc76a2,TABLE_CONTAINS_LOGICAL_ROW,7661
tbl_e68891082625,lrow_d09dfff8bb95,TABLE_CONTAINS_LOGICAL_ROW,7662
tbl_e68891082625,lrow_8edf633957ba,TABLE_CONTAINS_LOGICAL_ROW,7663
tbl_e68891082625,lrow_35785f470f7e,TABLE_CONTAINS_LOGICAL_ROW,7664
tbl_e68891082625,lrow_dd1586103e52,TABLE_CONTAINS_LOGICAL_ROW,7665
tbl_e7be620bfc4e,lrow_6a421650fcb0,TABLE_CONTAINS_LOGICAL_ROW,7666
tbl_e7be620bfc4e,lrow_ef9c6bf3a11a,TABLE_CONTAINS_LOGICAL_ROW,7667
tbl_e882b0178a7e,lrow_ff210bfb260d,TABLE_CONTAINS_LOGICAL_ROW,7668
tbl_e9469667c4f7,lrow_a5b39b662363,TABLE_CONTAINS_LOGICAL_ROW,7669
tbl_e9469667c4f7,lrow_ebf26cc2e443,TABLE_CONTAINS_LOGICAL_ROW,7670
tbl_e9469667c4f7,lrow_d33d6304a8cc,TABLE_CONTAINS_LOGICAL_ROW,7671
tbl_e9469667c4f7,lrow_0523c0415129,TABLE_CONTAINS_LOGICAL_ROW,7672
tbl_e9469667c4f7,lrow_f108b501da38,TABLE_CONTAINS_LOGICAL_ROW,7673
tbl_e9469667c4f7,lrow_4ea1121d61f6,TABLE_CONTAINS_LOGICAL_ROW,7674
tbl_e9469667c4f7,lrow_642c2289b8c3,TABLE_CONTAINS_LOGICAL_ROW,7675
tbl_e9469667c4f7,lrow_33067ee29f28,TABLE_CONTAINS_LOGICAL_ROW,7676
tbl_e9469667c4f7,lrow_623898742789,TABLE_CONTAINS_LOGICAL_ROW,7677
tbl_e9469667c4f7,lrow_f54b46c85177,TABLE_CONTAINS_LOGICAL_ROW,7678
tbl_e9469667c4f7,lrow_f546afc8d73a,TABLE_CONTAINS_LOGICAL_ROW,7679
tbl_e9469667c4f7,lrow_6a3fad1749e0,TABLE_CONTAINS_LOGICAL_ROW,7680
tbl_e9469667c4f7,lrow_02ab9ca304f1,TABLE_CONTAINS_LOGICAL_ROW,7681
tbl_e9469667c4f7,lrow_9aa3afe65232,TABLE_CONTAINS_LOGICAL_ROW,7682
tbl_e9469667c4f7,lrow_fd2692c2b495,TABLE_CONTAINS_LOGICAL_ROW,7683
tbl_e94c77065a33,lrow_f348386718f0,TABLE_CONTAINS_LOGICAL_ROW,7684
tbl_e94c77065a33,lrow_da0589f31977,TABLE_CONTAINS_LOGICAL_ROW,7685
tbl_e94c77065a33,lrow_dbdc8b27522c,TABLE_CONTAINS_LOGICAL_ROW,7686
tbl_e94c77065a33,lrow_f434e543f8f9,TABLE_CONTAINS_LOGICAL_ROW,7687
tbl_e9d1068aaee0,lrow_5cc2e790d663,TABLE_CONTAINS_LOGICAL_ROW,7688
tbl_e9d1068aaee0,lrow_fbb382e91bf7,TABLE_CONTAINS_LOGICAL_ROW,7689
tbl_e9f2f3ad292e,lrow_4df438a52981,TABLE_CONTAINS_LOGICAL_ROW,7690
tbl_e9f2f3ad292e,lrow_4c6b8c766af4,TABLE_CONTAINS_LOGICAL_ROW,7691
tbl_e9f2f3ad292e,lrow_cb9cb96e5cb1,TABLE_CONTAINS_LOGICAL_ROW,7692
tbl_e9f2f3ad292e,lrow_6f56889f9487,TABLE_CONTAINS_LOGICAL_ROW,7693
tbl_e9f2f3ad292e,lrow_35f441965467,TABLE_CONTAINS_LOGICAL_ROW,7694
tbl_e9f2f3ad292e,lrow_5bd1ce57223e,TABLE_CONTAINS_LOGICAL_ROW,7695
tbl_e9f2f3ad292e,lrow_868dec17ab88,TABLE_CONTAINS_LOGICAL_ROW,7696
tbl_e9f2f3ad292e,lrow_838525f0ee10,TABLE_CONTAINS_LOGICAL_ROW,7697
tbl_e9f2f3ad292e,lrow_e6b954f9eab2,TABLE_CONTAINS_LOGICAL_ROW,7698
tbl_e9f2f3ad292e,lrow_61b4de1b0c05,TABLE_CONTAINS_LOGICAL_ROW,7699
tbl_e9f2f3ad292e,lrow_41cf4230bd81,TABLE_CONTAINS_LOGICAL_ROW,7700
tbl_e9f2f3ad292e,lrow_79df31ffd545,TABLE_CONTAINS_LOGICAL_ROW,7701
tbl_e9f2f3ad292e,lrow_57113a9764de,TABLE_CONTAINS_LOGICAL_ROW,7702
tbl_e9f2f3ad292e,lrow_f611b712b5c8,TABLE_CONTAINS_LOGICAL_ROW,7703
tbl_e9f2f3ad292e,lrow_8e5310ca5e9f,TABLE_CONTAINS_LOGICAL_ROW,7704
tbl_e9f2f3ad292e,lrow_59771d9a07db,TABLE_CONTAINS_LOGICAL_ROW,7705
tbl_e9f2f3ad292e,lrow_2fc716ffaf8b,TABLE_CONTAINS_LOGICAL_ROW,7706
tbl_e9f2f3ad292e,lrow_b57522790d6e,TABLE_CONTAINS_LOGICAL_ROW,7707
tbl_e9f2f3ad292e,lrow_b1014e24b607,TABLE_CONTAINS_LOGICAL_ROW,7708
tbl_e9f2f3ad292e,lrow_b0045e53b3c7,TABLE_CONTAINS_LOGICAL_ROW,7709
tbl_e9f2f3ad292e,lrow_f7b9b693f850,TABLE_CONTAINS_LOGICAL_ROW,7710
tbl_e9f2f3ad292e,lrow_cb100e0ab19b,TABLE_CONTAINS_LOGICAL_ROW,7711
tbl_e9f2f3ad292e,lrow_48e8d33a3f3a,TABLE_CONTAINS_LOGICAL_ROW,7712
tbl_ea6f37aca88c,lrow_8fe21b237012,TABLE_CONTAINS_LOGICAL_ROW,7713
tbl_ea6f37aca88c,lrow_4d878a69db63,TABLE_CONTAINS_LOGICAL_ROW,7714
tbl_ea6f37aca88c,lrow_f1976c4d267d,TABLE_CONTAINS_LOGICAL_ROW,7715
tbl_ea6f37aca88c,lrow_b4b4c04b5b0e,TABLE_CONTAINS_LOGICAL_ROW,7716
tbl_ea6f37aca88c,lrow_bc386c9bc390,TABLE_CONTAINS_LOGICAL_ROW,7717
tbl_ea6f37aca88c,lrow_1d4ef571378b,TABLE_CONTAINS_LOGICAL_ROW,7718
tbl_ea6f37aca88c,lrow_a1e8addea92c,TABLE_CONTAINS_LOGICAL_ROW,7719
tbl_ea6f37aca88c,lrow_3cc1ab36772c,TABLE_CONTAINS_LOGICAL_ROW,7720
tbl_ea6f37aca88c,lrow_5a5d48ed94fb,TABLE_CONTAINS_LOGICAL_ROW,7721
tbl_ea6f37aca88c,lrow_44117d69d370,TABLE_CONTAINS_LOGICAL_ROW,7722
tbl_ea6f37aca88c,lrow_5ccd8cffb93b,TABLE_CONTAINS_LOGICAL_ROW,7723
tbl_ea6f37aca88c,lrow_cb2dea469eb9,TABLE_CONTAINS_LOGICAL_ROW,7724
tbl_ea6f37aca88c,lrow_5eeb790bf3ae,TABLE_CONTAINS_LOGICAL_ROW,7725
tbl_ea6f37aca88c,lrow_276115c1f467,TABLE_CONTAINS_LOGICAL_ROW,7726
tbl_ea6f37aca88c,lrow_93f4c2b0458f,TABLE_CONTAINS_LOGICAL_ROW,7727
tbl_ea6f37aca88c,lrow_6240987df0f1,TABLE_CONTAINS_LOGICAL_ROW,7728
tbl_ea6f37aca88c,lrow_89816d73f358,TABLE_CONTAINS_LOGICAL_ROW,7729
tbl_ea6f37aca88c,lrow_125bdc3bf44e,TABLE_CONTAINS_LOGICAL_ROW,7730
tbl_ea6f37aca88c,lrow_14939ed91539,TABLE_CONTAINS_LOGICAL_ROW,7731
tbl_ea6f37aca88c,lrow_0f0afa373f20,TABLE_CONTAINS_LOGICAL_ROW,7732
tbl_ea6f37aca88c,lrow_f8b8619b966c,TABLE_CONTAINS_LOGICAL_ROW,7733
tbl_ea6f37aca88c,lrow_a8ac80fe6db8,TABLE_CONTAINS_LOGICAL_ROW,7734
tbl_ea6f37aca88c,lrow_9c47fa7e1b45,TABLE_CONTAINS_LOGICAL_ROW,7735
tbl_ea6f37aca88c,lrow_784501009e98,TABLE_CONTAINS_LOGICAL_ROW,7736
tbl_ea6f37aca88c,lrow_163c330b3004,TABLE_CONTAINS_LOGICAL_ROW,7737
tbl_ea6f37aca88c,lrow_95d600566032,TABLE_CONTAINS_LOGICAL_ROW,7738
tbl_ea6f37aca88c,lrow_8e7ac737d4e8,TABLE_CONTAINS_LOGICAL_ROW,7739
tbl_ea6f37aca88c,lrow_01a7ddc678e9,TABLE_CONTAINS_LOGICAL_ROW,7740
tbl_ea6f37aca88c,lrow_9780bc73d1bc,TABLE_CONTAINS_LOGICAL_ROW,7741
tbl_ea6f37aca88c,lrow_3917cd16f557,TABLE_CONTAINS_LOGICAL_ROW,7742
tbl_ea6f37aca88c,lrow_fe32e03a7096,TABLE_CONTAINS_LOGICAL_ROW,7743
tbl_ea6f37aca88c,lrow_16a9ed1be37b,TABLE_CONTAINS_LOGICAL_ROW,7744
tbl_ea6f37aca88c,lrow_dc0b67709d82,TABLE_CONTAINS_LOGICAL_ROW,7745
tbl_ea6f37aca88c,lrow_e2358e413637,TABLE_CONTAINS_LOGICAL_ROW,7746
tbl_ea6f37aca88c,lrow_a0b5c02d9129,TABLE_CONTAINS_LOGICAL_ROW,7747
tbl_ea6f37aca88c,lrow_55c1f203a98f,TABLE_CONTAINS_LOGICAL_ROW,7748
tbl_ea6f37aca88c,lrow_1d579370277a,TABLE_CONTAINS_LOGICAL_ROW,7749
tbl_ea6f37aca88c,lrow_76db04e7330e,TABLE_CONTAINS_LOGICAL_ROW,7750
tbl_ea6f37aca88c,lrow_f1a46105319b,TABLE_CONTAINS_LOGICAL_ROW,7751
tbl_ea6f37aca88c,lrow_3ef84403bde5,TABLE_CONTAINS_LOGICAL_ROW,7752
tbl_ea6f37aca88c,lrow_d1a18f11c52a,TABLE_CONTAINS_LOGICAL_ROW,7753
tbl_ea6f37aca88c,lrow_cc949ab54c40,TABLE_CONTAINS_LOGICAL_ROW,7754
tbl_ea6f37aca88c,lrow_f01d1453e508,TABLE_CONTAINS_LOGICAL_ROW,7755
tbl_ea6f37aca88c,lrow_d029029d2ed8,TABLE_CONTAINS_LOGICAL_ROW,7756
tbl_ea6f37aca88c,lrow_98122122d9b4,TABLE_CONTAINS_LOGICAL_ROW,7757
tbl_ea6f37aca88c,lrow_6d8cd3da9f1a,TABLE_CONTAINS_LOGICAL_ROW,7758
tbl_ea6f37aca88c,lrow_31a009c2785b,TABLE_CONTAINS_LOGICAL_ROW,7759
tbl_ea6f37aca88c,lrow_efdbe4f64bcb,TABLE_CONTAINS_LOGICAL_ROW,7760
tbl_ea6f37aca88c,lrow_ccdf71d21574,TABLE_CONTAINS_LOGICAL_ROW,7761
tbl_ea6f37aca88c,lrow_4ca14a656980,TABLE_CONTAINS_LOGICAL_ROW,7762
tbl_ea6f37aca88c,lrow_8ca729184a8c,TABLE_CONTAINS_LOGICAL_ROW,7763
tbl_ea6f37aca88c,lrow_0b07158feceb,TABLE_CONTAINS_LOGICAL_ROW,7764
tbl_ea6f37aca88c,lrow_eacc47f7cbf7,TABLE_CONTAINS_LOGICAL_ROW,7765
tbl_ea6f37aca88c,lrow_a28da65a48dc,TABLE_CONTAINS_LOGICAL_ROW,7766
tbl_ea6f37aca88c,lrow_2c6027f032c5,TABLE_CONTAINS_LOGICAL_ROW,7767
tbl_ea6f37aca88c,lrow_2d945fb37f98,TABLE_CONTAINS_LOGICAL_ROW,7768
tbl_ea6f37aca88c,lrow_cc44016c862c,TABLE_CONTAINS_LOGICAL_ROW,7769
tbl_ea6f37aca88c,lrow_b97763359f13,TABLE_CONTAINS_LOGICAL_ROW,7770
tbl_ea6f37aca88c,lrow_4dc45773f0ad,TABLE_CONTAINS_LOGICAL_ROW,7771
tbl_ea6f37aca88c,lrow_99303b48bf38,TABLE_CONTAINS_LOGICAL_ROW,7772
tbl_ea6f37aca88c,lrow_b0d94a55ea1b,TABLE_CONTAINS_LOGICAL_ROW,7773
tbl_ea6f37aca88c,lrow_6b2833a00876,TABLE_CONTAINS_LOGICAL_ROW,7774
tbl_ea6f37aca88c,lrow_5ca4cc83138d,TABLE_CONTAINS_LOGICAL_ROW,7775
tbl_ea6f37aca88c,lrow_a43db0beb097,TABLE_CONTAINS_LOGICAL_ROW,7776
tbl_ea6f37aca88c,lrow_aa56baa101c8,TABLE_CONTAINS_LOGICAL_ROW,7777
tbl_ea6f37aca88c,lrow_2e90f8cef745,TABLE_CONTAINS_LOGICAL_ROW,7778
tbl_ea6f37aca88c,lrow_50796f7dc892,TABLE_CONTAINS_LOGICAL_ROW,7779
tbl_ea6f37aca88c,lrow_bccdda63df1b,TABLE_CONTAINS_LOGICAL_ROW,7780
tbl_ea6f37aca88c,lrow_60c6a42e2102,TABLE_CONTAINS_LOGICAL_ROW,7781
tbl_ea6f37aca88c,lrow_e6735adf5360,TABLE_CONTAINS_LOGICAL_ROW,7782
tbl_ea6f37aca88c,lrow_b6d7da0e5e4c,TABLE_CONTAINS_LOGICAL_ROW,7783
tbl_ea6f37aca88c,lrow_0888ed3e984d,TABLE_CONTAINS_LOGICAL_ROW,7784
tbl_ea6f37aca88c,lrow_730760220a48,TABLE_CONTAINS_LOGICAL_ROW,7785
tbl_ea6f37aca88c,lrow_1e21d677c66b,TABLE_CONTAINS_LOGICAL_ROW,7786
tbl_eab295a2c625,lrow_a57635cbae01,TABLE_CONTAINS_LOGICAL_ROW,7787
tbl_eab295a2c625,lrow_faee538b3d9d,TABLE_CONTAINS_LOGICAL_ROW,7788
tbl_ebbd6405f15a,lrow_aa7932cfa1e7,TABLE_CONTAINS_LOGICAL_ROW,7789
tbl_ebbd6405f15a,lrow_7638f2d29ce3,TABLE_CONTAINS_LOGICAL_ROW,7790
tbl_ebbd6405f15a,lrow_18104192622a,TABLE_CONTAINS_LOGICAL_ROW,7791
tbl_ebbd6405f15a,lrow_688fbd58fde7,TABLE_CONTAINS_LOGICAL_ROW,7792
tbl_ebbd6405f15a,lrow_735f93aec545,TABLE_CONTAINS_LOGICAL_ROW,7793
tbl_ebbd6405f15a,lrow_fe4e9fbdfcbe,TABLE_CONTAINS_LOGICAL_ROW,7794
tbl_ebbd6405f15a,lrow_8a4205cdac29,TABLE_CONTAINS_LOGICAL_ROW,7795
tbl_ebbd6405f15a,lrow_1469dc4cfc8e,TABLE_CONTAINS_LOGICAL_ROW,7796
tbl_ebbd6405f15a,lrow_06395ccc2cc5,TABLE_CONTAINS_LOGICAL_ROW,7797
tbl_ebbd6405f15a,lrow_ca2bc35b0d2f,TABLE_CONTAINS_LOGICAL_ROW,7798
tbl_ebbd6405f15a,lrow_1ca8323350cf,TABLE_CONTAINS_LOGICAL_ROW,7799
tbl_ebbd6405f15a,lrow_e42d5a77e757,TABLE_CONTAINS_LOGICAL_ROW,7800
tbl_ebbd6405f15a,lrow_985f0ef6d169,TABLE_CONTAINS_LOGICAL_ROW,7801
tbl_ebbd6405f15a,lrow_22484e5b73d3,TABLE_CONTAINS_LOGICAL_ROW,7802
tbl_ebbd6405f15a,lrow_ebb51f675036,TABLE_CONTAINS_LOGICAL_ROW,7803
tbl_ebbd6405f15a,lrow_b0e4b85f14e6,TABLE_CONTAINS_LOGICAL_ROW,7804
tbl_ebbd6405f15a,lrow_a5616017b566,TABLE_CONTAINS_LOGICAL_ROW,7805
tbl_ebbd6405f15a,lrow_5bbae2d6e4c7,TABLE_CONTAINS_LOGICAL_ROW,7806
tbl_ebbd6405f15a,lrow_ac630b64e81a,TABLE_CONTAINS_LOGICAL_ROW,7807
tbl_ed0b0e2653fb,lrow_b6d37bc93327,TABLE_CONTAINS_LOGICAL_ROW,7808
tbl_ed0b0e2653fb,lrow_1013e8a47a89,TABLE_CONTAINS_LOGICAL_ROW,7809
tbl_ed0b0e2653fb,lrow_fc04c86f95d8,TABLE_CONTAINS_LOGICAL_ROW,7810
tbl_ed0b0e2653fb,lrow_ef776f2283a5,TABLE_CONTAINS_LOGICAL_ROW,7811
tbl_ed0b0e2653fb,lrow_25e65980a61a,TABLE_CONTAINS_LOGICAL_ROW,7812
tbl_ed3ed6510f65,lrow_11fc1200928a,TABLE_CONTAINS_LOGICAL_ROW,7813
tbl_ed3ed6510f65,lrow_e30c80d8fec1,TABLE_CONTAINS_LOGICAL_ROW,7814
tbl_ed3ed6510f65,lrow_f31b2064c7c6,TABLE_CONTAINS_LOGICAL_ROW,7815
tbl_ed3ed6510f65,lrow_1b8b0d374905,TABLE_CONTAINS_LOGICAL_ROW,7816
tbl_ed3ed6510f65,lrow_3be735f8826c,TABLE_CONTAINS_LOGICAL_ROW,7817
tbl_ed4d9b798968,lrow_c1e3c56edd89,TABLE_CONTAINS_LOGICAL_ROW,7818
tbl_ed4d9b798968,lrow_5191a451e81f,TABLE_CONTAINS_LOGICAL_ROW,7819
tbl_ed4d9b798968,lrow_e076f88e70ab,TABLE_CONTAINS_LOGICAL_ROW,7820
tbl_ee2071cf647a,lrow_257b5d5475fd,TABLE_CONTAINS_LOGICAL_ROW,7821
tbl_ee2071cf647a,lrow_a64af2ef9895,TABLE_CONTAINS_LOGICAL_ROW,7822
tbl_ee6a449dc356,lrow_fb637ca93d44,TABLE_CONTAINS_LOGICAL_ROW,7823
tbl_ee90bde0e0ee,lrow_9caacac91f50,TABLE_CONTAINS_LOGICAL_ROW,7824
tbl_eecb17e7904b,lrow_76e08cd5be04,TABLE_CONTAINS_LOGICAL_ROW,7825
tbl_ef040583dd8e,lrow_a5e31ead5e67,TABLE_CONTAINS_LOGICAL_ROW,7826
tbl_ef4d0fb4d0c7,lrow_6da71ffa49a7,TABLE_CONTAINS_LOGICAL_ROW,7827
tbl_efa69f00ee30,lrow_b3d9aa30235d,TABLE_CONTAINS_LOGICAL_ROW,7828
tbl_efa69f00ee30,lrow_1a5b549899a9,TABLE_CONTAINS_LOGICAL_ROW,7829
tbl_efa69f00ee30,lrow_3ab6d9f3e16c,TABLE_CONTAINS_LOGICAL_ROW,7830
tbl_efa69f00ee30,lrow_45f8c477d56c,TABLE_CONTAINS_LOGICAL_ROW,7831
tbl_efa69f00ee30,lrow_73754eb67d50,TABLE_CONTAINS_LOGICAL_ROW,7832
tbl_efa69f00ee30,lrow_105fd8ee0fa2,TABLE_CONTAINS_LOGICAL_ROW,7833
tbl_efa69f00ee30,lrow_31c00cea93f3,TABLE_CONTAINS_LOGICAL_ROW,7834
tbl_efa69f00ee30,lrow_3e6fe3ab6ac1,TABLE_CONTAINS_LOGICAL_ROW,7835
tbl_efa69f00ee30,lrow_ad81b71af8b9,TABLE_CONTAINS_LOGICAL_ROW,7836
tbl_efa69f00ee30,lrow_9ed96c14108b,TABLE_CONTAINS_LOGICAL_ROW,7837
tbl_efa69f00ee30,lrow_12552922cca6,TABLE_CONTAINS_LOGICAL_ROW,7838
tbl_efa69f00ee30,lrow_53f92751f805,TABLE_CONTAINS_LOGICAL_ROW,7839
tbl_efa69f00ee30,lrow_3afd9390cc92,TABLE_CONTAINS_LOGICAL_ROW,7840
tbl_efa69f00ee30,lrow_25fb7d3f26c6,TABLE_CONTAINS_LOGICAL_ROW,7841
tbl_efa69f00ee30,lrow_38d45af60b89,TABLE_CONTAINS_LOGICAL_ROW,7842
tbl_efa69f00ee30,lrow_5c4cdaa1b19f,TABLE_CONTAINS_LOGICAL_ROW,7843
tbl_efa69f00ee30,lrow_1231d88cc9e1,TABLE_CONTAINS_LOGICAL_ROW,7844
tbl_f12cb68598db,lrow_bb5ebc696353,TABLE_CONTAINS_LOGICAL_ROW,7845
tbl_f12cb68598db,lrow_ff384a3a8639,TABLE_CONTAINS_LOGICAL_ROW,7846
tbl_f12cb68598db,lrow_4091349d8d77,TABLE_CONTAINS_LOGICAL_ROW,7847
tbl_f12cb68598db,lrow_0f9d5d0a96bb,TABLE_CONTAINS_LOGICAL_ROW,7848
tbl_f12cb68598db,lrow_c4a55f101d2a,TABLE_CONTAINS_LOGICAL_ROW,7849
tbl_f12cb68598db,lrow_87385ef57f79,TABLE_CONTAINS_LOGICAL_ROW,7850
tbl_f15fa14ae4d6,lrow_07d806c4dc77,TABLE_CONTAINS_LOGICAL_ROW,7851
tbl_f1b475868fae,lrow_8f0b1aea5104,TABLE_CONTAINS_LOGICAL_ROW,7852
tbl_f2b3d4bc8d89,lrow_bab70238254a,TABLE_CONTAINS_LOGICAL_ROW,7853
tbl_f2b3d4bc8d89,lrow_693a9657681a,TABLE_CONTAINS_LOGICAL_ROW,7854
tbl_f30b5f809d79,lrow_ebc95ca01f2d,TABLE_CONTAINS_LOGICAL_ROW,7855
tbl_f30b5f809d79,lrow_1b50208e19aa,TABLE_CONTAINS_LOGICAL_ROW,7856
tbl_f30b5f809d79,lrow_8c475ed2252c,TABLE_CONTAINS_LOGICAL_ROW,7857
tbl_f30b5f809d79,lrow_60460c9e4e34,TABLE_CONTAINS_LOGICAL_ROW,7858
tbl_f30b5f809d79,lrow_81692d5a9f8d,TABLE_CONTAINS_LOGICAL_ROW,7859
tbl_f30b5f809d79,lrow_7ffb788d9d7a,TABLE_CONTAINS_LOGICAL_ROW,7860
tbl_f3893eadf971,lrow_427ad0d3138b,TABLE_CONTAINS_LOGICAL_ROW,7861
tbl_f3893eadf971,lrow_09f22c138eb0,TABLE_CONTAINS_LOGICAL_ROW,7862
tbl_f3893eadf971,lrow_68a324f64a38,TABLE_CONTAINS_LOGICAL_ROW,7863
tbl_f3b39ca7f369,lrow_6132b72fbeed,TABLE_CONTAINS_LOGICAL_ROW,7864
tbl_f3e6bb89a878,lrow_7a2511236342,TABLE_CONTAINS_LOGICAL_ROW,7865
tbl_f42a323de5c6,lrow_d3a2fb9b22d3,TABLE_CONTAINS_LOGICAL_ROW,7866
tbl_f42a323de5c6,lrow_48e8de9a0721,TABLE_CONTAINS_LOGICAL_ROW,7867
tbl_f42a323de5c6,lrow_823ff291d48e,TABLE_CONTAINS_LOGICAL_ROW,7868
tbl_f42a323de5c6,lrow_28dba2cf907e,TABLE_CONTAINS_LOGICAL_ROW,7869
tbl_f495d2e9c3b1,lrow_0c447eabb90f,TABLE_CONTAINS_LOGICAL_ROW,7870
tbl_f495d2e9c3b1,lrow_003cae2f75c9,TABLE_CONTAINS_LOGICAL_ROW,7871
tbl_f495d2e9c3b1,lrow_533fbe7792d2,TABLE_CONTAINS_LOGICAL_ROW,7872
tbl_f495d2e9c3b1,lrow_338431a1fc82,TABLE_CONTAINS_LOGICAL_ROW,7873
tbl_f4d3b2423e15,lrow_e62cebd2ab43,TABLE_CONTAINS_LOGICAL_ROW,7874
tbl_f4d3b2423e15,lrow_56431293e168,TABLE_CONTAINS_LOGICAL_ROW,7875
tbl_f4d3b2423e15,lrow_0d62cd21264f,TABLE_CONTAINS_LOGICAL_ROW,7876
tbl_f4d3b2423e15,lrow_9bfd1b06f344,TABLE_CONTAINS_LOGICAL_ROW,7877
tbl_f4d3b2423e15,lrow_797c26e0c85a,TABLE_CONTAINS_LOGICAL_ROW,7878
tbl_f4d3b2423e15,lrow_965095fddb2e,TABLE_CONTAINS_LOGICAL_ROW,7879
tbl_f4d3b2423e15,lrow_ca0690c98212,TABLE_CONTAINS_LOGICAL_ROW,7880
tbl_f4d3b2423e15,lrow_8fc0129adc13,TABLE_CONTAINS_LOGICAL_ROW,7881
tbl_f4d3b2423e15,lrow_e33182313cd6,TABLE_CONTAINS_LOGICAL_ROW,7882
tbl_f5112dcdcf9b,lrow_861903c026cd,TABLE_CONTAINS_LOGICAL_ROW,7883
tbl_f5112dcdcf9b,lrow_78d6fa9b370a,TABLE_CONTAINS_LOGICAL_ROW,7884
tbl_f5112dcdcf9b,lrow_0512b93eda45,TABLE_CONTAINS_LOGICAL_ROW,7885
tbl_f5112dcdcf9b,lrow_c83b31bec731,TABLE_CONTAINS_LOGICAL_ROW,7886
tbl_f5112dcdcf9b,lrow_30c0b5887d94,TABLE_CONTAINS_LOGICAL_ROW,7887
tbl_f5112dcdcf9b,lrow_681f288c15f6,TABLE_CONTAINS_LOGICAL_ROW,7888
tbl_f5112dcdcf9b,lrow_f22b4224fcce,TABLE_CONTAINS_LOGICAL_ROW,7889
tbl_f5112dcdcf9b,lrow_12b167490044,TABLE_CONTAINS_LOGICAL_ROW,7890
tbl_f565e2696ce7,lrow_3396c86b2e34,TABLE_CONTAINS_LOGICAL_ROW,7891
tbl_f565e2696ce7,lrow_48a56035ffb3,TABLE_CONTAINS_LOGICAL_ROW,7892
tbl_f565e2696ce7,lrow_9c95477d5eec,TABLE_CONTAINS_LOGICAL_ROW,7893
tbl_f59f53d732b1,lrow_a83b92e3cc28,TABLE_CONTAINS_LOGICAL_ROW,7894
tbl_f59f53d732b1,lrow_6b952146429a,TABLE_CONTAINS_LOGICAL_ROW,7895
tbl_f59f53d732b1,lrow_5e280f9847d9,TABLE_CONTAINS_LOGICAL_ROW,7896
tbl_f59f53d732b1,lrow_c17ba5866353,TABLE_CONTAINS_LOGICAL_ROW,7897
tbl_f5b7bbeb71d9,lrow_0e1cfa612229,TABLE_CONTAINS_LOGICAL_ROW,7898
tbl_f5c9afedc551,lrow_736ff4839466,TABLE_CONTAINS_LOGICAL_ROW,7899
tbl_f5c9afedc551,lrow_878250be8391,TABLE_CONTAINS_LOGICAL_ROW,7900
tbl_f5f7a75a2283,lrow_ce0ba17bda9a,TABLE_CONTAINS_LOGICAL_ROW,7901
tbl_f5f7a75a2283,lrow_493186a3244b,TABLE_CONTAINS_LOGICAL_ROW,7902
tbl_f612b302735a,lrow_7324c886f9f4,TABLE_CONTAINS_LOGICAL_ROW,7903
tbl_f612b302735a,lrow_a614c9fe243a,TABLE_CONTAINS_LOGICAL_ROW,7904
tbl_f627d5285492,lrow_8697d21fdc9d,TABLE_CONTAINS_LOGICAL_ROW,7905
tbl_f627d5285492,lrow_33ecf261b35b,TABLE_CONTAINS_LOGICAL_ROW,7906
tbl_f690ac7554ef,lrow_83772868af4e,TABLE_CONTAINS_LOGICAL_ROW,7907
tbl_f8c45e75f00c,lrow_6d70da748c5d,TABLE_CONTAINS_LOGICAL_ROW,7908
tbl_f8c45e75f00c,lrow_c8dba08a3104,TABLE_CONTAINS_LOGICAL_ROW,7909
tbl_f8c45e75f00c,lrow_0fe2b9703135,TABLE_CONTAINS_LOGICAL_ROW,7910
tbl_f950f687f443,lrow_523d842d2ee2,TABLE_CONTAINS_LOGICAL_ROW,7911
tbl_f950f687f443,lrow_a84c3c9eaddb,TABLE_CONTAINS_LOGICAL_ROW,7912
tbl_f950f687f443,lrow_b61751d78a96,TABLE_CONTAINS_LOGICAL_ROW,7913
tbl_f950f687f443,lrow_d21190f006b4,TABLE_CONTAINS_LOGICAL_ROW,7914
tbl_f950f687f443,lrow_45cd23ae406d,TABLE_CONTAINS_LOGICAL_ROW,7915
tbl_f950f687f443,lrow_03b5cd8bb3af,TABLE_CONTAINS_LOGICAL_ROW,7916
tbl_f954d5f08d72,lrow_278722727cff,TABLE_CONTAINS_LOGICAL_ROW,7917
tbl_f954d5f08d72,lrow_fe59cb04fd04,TABLE_CONTAINS_LOGICAL_ROW,7918
tbl_fa51fe565b10,lrow_4fc239667620,TABLE_CONTAINS_LOGICAL_ROW,7919
tbl_fa51fe565b10,lrow_11ddbc3f80ec,TABLE_CONTAINS_LOGICAL_ROW,7920
tbl_fa51fe565b10,lrow_41618a23523a,TABLE_CONTAINS_LOGICAL_ROW,7921
tbl_fa51fe565b10,lrow_7ddd544247a3,TABLE_CONTAINS_LOGICAL_ROW,7922
tbl_fa51fe565b10,lrow_bff41dcf8089,TABLE_CONTAINS_LOGICAL_ROW,7923
tbl_fa51fe565b10,lrow_13b2c15b218f,TABLE_CONTAINS_LOGICAL_ROW,7924
tbl_fa51fe565b10,lrow_f296fa917f38,TABLE_CONTAINS_LOGICAL_ROW,7925
tbl_fa51fe565b10,lrow_2db645bfa6ba,TABLE_CONTAINS_LOGICAL_ROW,7926
tbl_fb7080e32775,lrow_ab33c94e0395,TABLE_CONTAINS_LOGICAL_ROW,7927
tbl_fb82920abe61,lrow_e65c69175049,TABLE_CONTAINS_LOGICAL_ROW,7928
tbl_fb82920abe61,lrow_e36212310b19,TABLE_CONTAINS_LOGICAL_ROW,7929
tbl_fb82920abe61,lrow_05c28dfff6d4,TABLE_CONTAINS_LOGICAL_ROW,7930
tbl_fb82920abe61,lrow_f6748b93ce3e,TABLE_CONTAINS_LOGICAL_ROW,7931
tbl_fbe88e5df390,lrow_132a38a5de98,TABLE_CONTAINS_LOGICAL_ROW,7932
tbl_fbe88e5df390,lrow_be21d879ad04,TABLE_CONTAINS_LOGICAL_ROW,7933
tbl_fbe88e5df390,lrow_63b5206552e9,TABLE_CONTAINS_LOGICAL_ROW,7934
tbl_fbe88e5df390,lrow_4e98e7930b96,TABLE_CONTAINS_LOGICAL_ROW,7935
tbl_fbe88e5df390,lrow_1fed46b3a8f0,TABLE_CONTAINS_LOGICAL_ROW,7936
tbl_fbe88e5df390,lrow_875ad34d325a,TABLE_CONTAINS_LOGICAL_ROW,7937
tbl_fbe88e5df390,lrow_a13c8cabdac9,TABLE_CONTAINS_LOGICAL_ROW,7938
tbl_fbe88e5df390,lrow_beb77ec3f949,TABLE_CONTAINS_LOGICAL_ROW,7939
tbl_fbe88e5df390,lrow_c613553fb3f3,TABLE_CONTAINS_LOGICAL_ROW,7940
tbl_fbe88e5df390,lrow_e215a0884415,TABLE_CONTAINS_LOGICAL_ROW,7941
tbl_fbe88e5df390,lrow_4d8efb7a10ee,TABLE_CONTAINS_LOGICAL_ROW,7942
tbl_fbe88e5df390,lrow_a234cc2bfcf1,TABLE_CONTAINS_LOGICAL_ROW,7943
tbl_fbe88e5df390,lrow_00d8a32fa07e,TABLE_CONTAINS_LOGICAL_ROW,7944
tbl_fbe88e5df390,lrow_d8aba33b90cf,TABLE_CONTAINS_LOGICAL_ROW,7945
tbl_fc68bf27f73f,lrow_64cb887791ec,TABLE_CONTAINS_LOGICAL_ROW,7946
tbl_fc68bf27f73f,lrow_dd749539e874,TABLE_CONTAINS_LOGICAL_ROW,7947
tbl_fc68bf27f73f,lrow_389b3183420e,TABLE_CONTAINS_LOGICAL_ROW,7948
tbl_fc68bf27f73f,lrow_844b403e227d,TABLE_CONTAINS_LOGICAL_ROW,7949
tbl_fc68bf27f73f,lrow_f954b4b3f5fe,TABLE_CONTAINS_LOGICAL_ROW,7950
tbl_fc68bf27f73f,lrow_560a89c88230,TABLE_CONTAINS_LOGICAL_ROW,7951
tbl_fd968fea9088,lrow_0336eee2b217,TABLE_CONTAINS_LOGICAL_ROW,7952
tbl_fd968fea9088,lrow_f7136c83d1bf,TABLE_CONTAINS_LOGICAL_ROW,7953
tbl_fe06fe6f64f1,lrow_2b106ceae0ad,TABLE_CONTAINS_LOGICAL_ROW,7954
tbl_fe06fe6f64f1,lrow_5a87fbe7ff2f,TABLE_CONTAINS_LOGICAL_ROW,7955
tbl_fe06fe6f64f1,lrow_939562ced713,TABLE_CONTAINS_LOGICAL_ROW,7956
tbl_fe06fe6f64f1,lrow_f75de83cd597,TABLE_CONTAINS_LOGICAL_ROW,7957
tbl_fe06fe6f64f1,lrow_d98ffd1561a3,TABLE_CONTAINS_LOGICAL_ROW,7958
tbl_fe06fe6f64f1,lrow_5d1fab6343b0,TABLE_CONTAINS_LOGICAL_ROW,7959
tbl_fe06fe6f64f1,lrow_14cffd04c9ae,TABLE_CONTAINS_LOGICAL_ROW,7960
tbl_fe06fe6f64f1,lrow_63521d8e53a1,TABLE_CONTAINS_LOGICAL_ROW,7961
tbl_fe1044561d16,lrow_34ad76257a3b,TABLE_CONTAINS_LOGICAL_ROW,7962
tbl_fe241cbdea07,lrow_da91c850d551,TABLE_CONTAINS_LOGICAL_ROW,7963
tbl_fe241cbdea07,lrow_6c9c42d63fdd,TABLE_CONTAINS_LOGICAL_ROW,7964
tbl_fe241cbdea07,lrow_10d957f2e2cd,TABLE_CONTAINS_LOGICAL_ROW,7965
tbl_fe241cbdea07,lrow_e876e0c891ce,TABLE_CONTAINS_LOGICAL_ROW,7966
tbl_fe241cbdea07,lrow_989ffe6d87fa,TABLE_CONTAINS_LOGICAL_ROW,7967
tbl_fe241cbdea07,lrow_3f4f8df943dc,TABLE_CONTAINS_LOGICAL_ROW,7968
tbl_fe679ae16bd6,lrow_4e03eaf4ef2c,TABLE_CONTAINS_LOGICAL_ROW,7969
tbl_fe88d7d2f8fe,lrow_ffd290154d65,TABLE_CONTAINS_LOGICAL_ROW,7970
tbl_fe88d7d2f8fe,lrow_3db9db84a699,TABLE_CONTAINS_LOGICAL_ROW,7971
tbl_fe88d7d2f8fe,lrow_0ab044d405a3,TABLE_CONTAINS_LOGICAL_ROW,7972
tbl_fe88d7d2f8fe,lrow_77b7bd86becb,TABLE_CONTAINS_LOGICAL_ROW,7973
tbl_fef594f32de2,lrow_ec11ad26df8a,TABLE_CONTAINS_LOGICAL_ROW,7974
tbl_fef594f32de2,lrow_8c3db80383d1,TABLE_CONTAINS_LOGICAL_ROW,7975
tbl_ff65f4b97267,lrow_55dc0dd97247,TABLE_CONTAINS_LOGICAL_ROW,7976
tbl_ff65f4b97267,lrow_ffc42370f4a2,TABLE_CONTAINS_LOGICAL_ROW,7977
tbl_ff65f4b97267,lrow_fb0688cbeb67,TABLE_CONTAINS_LOGICAL_ROW,7978
tbl_ff65f4b97267,lrow_67992026675c,TABLE_CONTAINS_LOGICAL_ROW,7979
tbl_ff65f4b97267,lrow_998cdec52278,TABLE_CONTAINS_LOGICAL_ROW,7980
tbl_ff8fa5affcc1,lrow_9a0f80040ff0,TABLE_CONTAINS_LOGICAL_ROW,7981
tbl_ff8fa5affcc1,lrow_1655da60d1f8,TABLE_CONTAINS_LOGICAL_ROW,7982
tbl_ff8fa5affcc1,lrow_e108baa77402,TABLE_CONTAINS_LOGICAL_ROW,7983
tbl_ff8fa5affcc1,lrow_7afb8103737f,TABLE_CONTAINS_LOGICAL_ROW,7984
tbl_ff8fa5affcc1,lrow_4e6a367725b9,TABLE_CONTAINS_LOGICAL_ROW,7985
tbl_ff8fa5affcc1,lrow_8c14ab058cfc,TABLE_CONTAINS_LOGICAL_ROW,7986
tbl_ff8fa5affcc1,lrow_f47ad72cc3e4,TABLE_CONTAINS_LOGICAL_ROW,7987
tbl_ff8fa5affcc1,lrow_2faa23b0fac3,TABLE_CONTAINS_LOGICAL_ROW,7988
tbl_ff8fa5affcc1,lrow_80db17428a26,TABLE_CONTAINS_LOGICAL_ROW,7989
tbl_ff8fa5affcc1,lrow_0dfe05ff2e7f,TABLE_CONTAINS_LOGICAL_ROW,7990
tbl_ff8fa5affcc1,lrow_893b04b42db6,TABLE_CONTAINS_LOGICAL_ROW,7991
tbl_ff8fa5affcc1,lrow_12a80d90bb91,TABLE_CONTAINS_LOGICAL_ROW,7992
tbl_ff8fa5affcc1,lrow_96bf2df3c426,TABLE_CONTAINS_LOGICAL_ROW,7993
tbl_ff8fa5affcc1,lrow_190bc31ce34f,TABLE_CONTAINS_LOGICAL_ROW,7994
tbl_ff8fa5affcc1,lrow_a97ec64064fe,TABLE_CONTAINS_LOGICAL_ROW,7995
tbl_ff8fa5affcc1,lrow_62527473d4bc,TABLE_CONTAINS_LOGICAL_ROW,7996
tbl_ff8fa5affcc1,lrow_65ef4266ccf4,TABLE_CONTAINS_LOGICAL_ROW,7997
tbl_ff8fa5affcc1,lrow_82f2d71f18d2,TABLE_CONTAINS_LOGICAL_ROW,7998
tbl_ff8fa5affcc1,lrow_b8f4ecab4bfb,TABLE_CONTAINS_LOGICAL_ROW,7999
tbl_ff8fa5affcc1,lrow_2fe2000b465a,TABLE_CONTAINS_LOGICAL_ROW,8000
tbl_ff8fa5affcc1,lrow_30967cd21f86,TABLE_CONTAINS_LOGICAL_ROW,8001
tbl_ff8fa5affcc1,lrow_907a5f3c4608,TABLE_CONTAINS_LOGICAL_ROW,8002
tbl_ff8fa5affcc1,lrow_f6ec422c8310,TABLE_CONTAINS_LOGICAL_ROW,8003
tbl_ff8fa5affcc1,lrow_551f1926ec13,TABLE_CONTAINS_LOGICAL_ROW,8004
tbl_ff8fa5affcc1,lrow_517176fbda4d,TABLE_CONTAINS_LOGICAL_ROW,8005
tbl_ff8fa5affcc1,lrow_b1de461c0286,TABLE_CONTAINS_LOGICAL_ROW,8006
tbl_ff8fa5affcc1,lrow_20a47f14e106,TABLE_CONTAINS_LOGICAL_ROW,8007
tbl_fff91cfda83b,lrow_c8ec61dad5e2,TABLE_CONTAINS_LOGICAL_ROW,8008
tbl_fff91cfda83b,lrow_862811c752f7,TABLE_CONTAINS_LOGICAL_ROW,8009
tbl_fff91cfda83b,lrow_6e32433c24fe,TABLE_CONTAINS_LOGICAL_ROW,8010
tbl_fff91cfda83b,lrow_d42a677e40c1,TABLE_CONTAINS_LOGICAL_ROW,8011
tbl_fff91cfda83b,lrow_d05534a1dbb1,TABLE_CONTAINS_LOGICAL_ROW,8012
